TIME_UNITS h
DATA_UNITS m
!h  x   y   z
0.0000E+00	0.0000E+00	0.0000E+00	1.7283E+00
1.0000E+00	0.0000E+00	0.0000E+00	1.7283E+00
2.0000E+00	0.0000E+00	0.0000E+00	1.7424E+00
3.0000E+00	0.0000E+00	0.0000E+00	1.7523E+00
4.0000E+00	0.0000E+00	0.0000E+00	1.7663E+00
5.0000E+00	0.0000E+00	0.0000E+00	1.7760E+00
6.0000E+00	0.0000E+00	0.0000E+00	1.7864E+00
7.0000E+00	0.0000E+00	0.0000E+00	1.7959E+00
8.0000E+00	0.0000E+00	0.0000E+00	1.8019E+00
9.0000E+00	0.0000E+00	0.0000E+00	1.7699E+00
1.0000E+01	0.0000E+00	0.0000E+00	1.7419E+00
1.1000E+01	0.0000E+00	0.0000E+00	1.6884E+00
1.2000E+01	0.0000E+00	0.0000E+00	1.7118E+00
1.3000E+01	0.0000E+00	0.0000E+00	1.7169E+00
1.4000E+01	0.0000E+00	0.0000E+00	1.7180E+00
1.5000E+01	0.0000E+00	0.0000E+00	1.7271E+00
1.6000E+01	0.0000E+00	0.0000E+00	1.7639E+00
1.7000E+01	0.0000E+00	0.0000E+00	1.7460E+00
1.8000E+01	0.0000E+00	0.0000E+00	1.7695E+00
1.9000E+01	0.0000E+00	0.0000E+00	1.7712E+00
2.0000E+01	0.0000E+00	0.0000E+00	1.7683E+00
2.1000E+01	0.0000E+00	0.0000E+00	1.7633E+00
2.2000E+01	0.0000E+00	0.0000E+00	1.7599E+00
2.3000E+01	0.0000E+00	0.0000E+00	1.7585E+00
2.4000E+01	0.0000E+00	0.0000E+00	1.7639E+00
2.5000E+01	0.0000E+00	0.0000E+00	1.7716E+00
2.6000E+01	0.0000E+00	0.0000E+00	1.7793E+00
2.7000E+01	0.0000E+00	0.0000E+00	1.7888E+00
2.8000E+01	0.0000E+00	0.0000E+00	1.8044E+00
2.9000E+01	0.0000E+00	0.0000E+00	1.8154E+00
3.0000E+01	0.0000E+00	0.0000E+00	1.8275E+00
3.1000E+01	0.0000E+00	0.0000E+00	1.8362E+00
3.2000E+01	0.0000E+00	0.0000E+00	1.8351E+00
3.3000E+01	0.0000E+00	0.0000E+00	1.8041E+00
3.4000E+01	0.0000E+00	0.0000E+00	1.7733E+00
3.5000E+01	0.0000E+00	0.0000E+00	1.7337E+00
3.6000E+01	0.0000E+00	0.0000E+00	1.7456E+00
3.7000E+01	0.0000E+00	0.0000E+00	1.7494E+00
3.8000E+01	0.0000E+00	0.0000E+00	1.7440E+00
3.9000E+01	0.0000E+00	0.0000E+00	1.7553E+00
4.0000E+01	0.0000E+00	0.0000E+00	1.7750E+00
4.1000E+01	0.0000E+00	0.0000E+00	1.7894E+00
4.2000E+01	0.0000E+00	0.0000E+00	1.7873E+00
4.3000E+01	0.0000E+00	0.0000E+00	1.7867E+00
4.4000E+01	0.0000E+00	0.0000E+00	1.7811E+00
4.5000E+01	0.0000E+00	0.0000E+00	1.7749E+00
4.6000E+01	0.0000E+00	0.0000E+00	1.7669E+00
4.7000E+01	0.0000E+00	0.0000E+00	1.7641E+00
4.8000E+01	0.0000E+00	0.0000E+00	1.7609E+00
4.9000E+01	0.0000E+00	0.0000E+00	1.7628E+00
5.0000E+01	0.0000E+00	0.0000E+00	1.7748E+00
5.1000E+01	0.0000E+00	0.0000E+00	1.7872E+00
5.2000E+01	0.0000E+00	0.0000E+00	1.7939E+00
5.3000E+01	0.0000E+00	0.0000E+00	1.8000E+00
5.4000E+01	0.0000E+00	0.0000E+00	1.8108E+00
5.5000E+01	0.0000E+00	0.0000E+00	1.8087E+00
5.6000E+01	0.0000E+00	0.0000E+00	1.7995E+00
5.7000E+01	0.0000E+00	0.0000E+00	1.7878E+00
5.8000E+01	0.0000E+00	0.0000E+00	1.7473E+00
5.9000E+01	0.0000E+00	0.0000E+00	1.7374E+00
6.0000E+01	0.0000E+00	0.0000E+00	1.7349E+00
6.1000E+01	0.0000E+00	0.0000E+00	1.7428E+00
6.2000E+01	0.0000E+00	0.0000E+00	1.7501E+00
6.3000E+01	0.0000E+00	0.0000E+00	1.7671E+00
6.4000E+01	0.0000E+00	0.0000E+00	1.7751E+00
6.5000E+01	0.0000E+00	0.0000E+00	1.7738E+00
6.6000E+01	0.0000E+00	0.0000E+00	1.7731E+00
6.7000E+01	0.0000E+00	0.0000E+00	1.7710E+00
6.8000E+01	0.0000E+00	0.0000E+00	1.7649E+00
6.9000E+01	0.0000E+00	0.0000E+00	1.7588E+00
7.0000E+01	0.0000E+00	0.0000E+00	1.7538E+00
7.1000E+01	0.0000E+00	0.0000E+00	1.7487E+00
7.2000E+01	0.0000E+00	0.0000E+00	1.7520E+00
7.3000E+01	0.0000E+00	0.0000E+00	1.7676E+00
7.4000E+01	0.0000E+00	0.0000E+00	1.7760E+00
7.5000E+01	0.0000E+00	0.0000E+00	1.7816E+00
7.6000E+01	0.0000E+00	0.0000E+00	1.7925E+00
7.7000E+01	0.0000E+00	0.0000E+00	1.8005E+00
7.8000E+01	0.0000E+00	0.0000E+00	1.8091E+00
7.9000E+01	0.0000E+00	0.0000E+00	1.8161E+00
8.0000E+01	0.0000E+00	0.0000E+00	1.8168E+00
8.1000E+01	0.0000E+00	0.0000E+00	1.7807E+00
8.2000E+01	0.0000E+00	0.0000E+00	1.7532E+00
8.3000E+01	0.0000E+00	0.0000E+00	1.7463E+00
8.4000E+01	0.0000E+00	0.0000E+00	1.7550E+00
8.5000E+01	0.0000E+00	0.0000E+00	1.7535E+00
8.6000E+01	0.0000E+00	0.0000E+00	1.7759E+00
8.7000E+01	0.0000E+00	0.0000E+00	1.8096E+00
8.8000E+01	0.0000E+00	0.0000E+00	1.8163E+00
8.9000E+01	0.0000E+00	0.0000E+00	1.8226E+00
9.0000E+01	0.0000E+00	0.0000E+00	1.8174E+00
9.1000E+01	0.0000E+00	0.0000E+00	1.8138E+00
9.2000E+01	0.0000E+00	0.0000E+00	1.8075E+00
9.3000E+01	0.0000E+00	0.0000E+00	1.8043E+00
9.4000E+01	0.0000E+00	0.0000E+00	1.7983E+00
9.5000E+01	0.0000E+00	0.0000E+00	1.7982E+00
9.6000E+01	0.0000E+00	0.0000E+00	1.7953E+00
9.7000E+01	0.0000E+00	0.0000E+00	1.7902E+00
9.8000E+01	0.0000E+00	0.0000E+00	1.7905E+00
9.9000E+01	0.0000E+00	0.0000E+00	1.7872E+00
1.0000E+02	0.0000E+00	0.0000E+00	1.7851E+00
1.0100E+02	0.0000E+00	0.0000E+00	1.7863E+00
1.0200E+02	0.0000E+00	0.0000E+00	1.7969E+00
1.0300E+02	0.0000E+00	0.0000E+00	1.8082E+00
1.0400E+02	0.0000E+00	0.0000E+00	1.8064E+00
1.0500E+02	0.0000E+00	0.0000E+00	1.7853E+00
1.0600E+02	0.0000E+00	0.0000E+00	1.7876E+00
1.0700E+02	0.0000E+00	0.0000E+00	1.7851E+00
1.0800E+02	0.0000E+00	0.0000E+00	1.7938E+00
1.0900E+02	0.0000E+00	0.0000E+00	1.8031E+00
1.1000E+02	0.0000E+00	0.0000E+00	1.8230E+00
1.1100E+02	0.0000E+00	0.0000E+00	1.8297E+00
1.1200E+02	0.0000E+00	0.0000E+00	1.8407E+00
1.1300E+02	0.0000E+00	0.0000E+00	1.8378E+00
1.1400E+02	0.0000E+00	0.0000E+00	1.8512E+00
1.1500E+02	0.0000E+00	0.0000E+00	1.8505E+00
1.1600E+02	0.0000E+00	0.0000E+00	1.8458E+00
1.1700E+02	0.0000E+00	0.0000E+00	1.8407E+00
1.1800E+02	0.0000E+00	0.0000E+00	1.8364E+00
1.1900E+02	0.0000E+00	0.0000E+00	1.8323E+00
1.2000E+02	0.0000E+00	0.0000E+00	1.8351E+00
1.2100E+02	0.0000E+00	0.0000E+00	1.8422E+00
1.2200E+02	0.0000E+00	0.0000E+00	1.8511E+00
1.2300E+02	0.0000E+00	0.0000E+00	1.8558E+00
1.2400E+02	0.0000E+00	0.0000E+00	1.8663E+00
1.2500E+02	0.0000E+00	0.0000E+00	1.8727E+00
1.2600E+02	0.0000E+00	0.0000E+00	1.8812E+00
1.2700E+02	0.0000E+00	0.0000E+00	1.8901E+00
1.2800E+02	0.0000E+00	0.0000E+00	1.8867E+00
1.2900E+02	0.0000E+00	0.0000E+00	1.8718E+00
1.3000E+02	0.0000E+00	0.0000E+00	1.8356E+00
1.3100E+02	0.0000E+00	0.0000E+00	1.8422E+00
1.3200E+02	0.0000E+00	0.0000E+00	1.8522E+00
1.3300E+02	0.0000E+00	0.0000E+00	1.8691E+00
1.3400E+02	0.0000E+00	0.0000E+00	1.8642E+00
1.3500E+02	0.0000E+00	0.0000E+00	1.8509E+00
1.3600E+02	0.0000E+00	0.0000E+00	1.8580E+00
1.3700E+02	0.0000E+00	0.0000E+00	1.8565E+00
1.3800E+02	0.0000E+00	0.0000E+00	1.8737E+00
1.3900E+02	0.0000E+00	0.0000E+00	1.8793E+00
1.4000E+02	0.0000E+00	0.0000E+00	1.8655E+00
1.4100E+02	0.0000E+00	0.0000E+00	1.8733E+00
1.4200E+02	0.0000E+00	0.0000E+00	1.8730E+00
1.4300E+02	0.0000E+00	0.0000E+00	1.8646E+00
1.4400E+02	0.0000E+00	0.0000E+00	1.8583E+00
1.4500E+02	0.0000E+00	0.0000E+00	1.8582E+00
1.4600E+02	0.0000E+00	0.0000E+00	1.8505E+00
1.4700E+02	0.0000E+00	0.0000E+00	1.8489E+00
1.4800E+02	0.0000E+00	0.0000E+00	1.8494E+00
1.4900E+02	0.0000E+00	0.0000E+00	1.8521E+00
1.5000E+02	0.0000E+00	0.0000E+00	1.8428E+00
1.5100E+02	0.0000E+00	0.0000E+00	1.8431E+00
1.5200E+02	0.0000E+00	0.0000E+00	1.8394E+00
1.5300E+02	0.0000E+00	0.0000E+00	1.8387E+00
1.5400E+02	0.0000E+00	0.0000E+00	1.8527E+00
1.5500E+02	0.0000E+00	0.0000E+00	1.8591E+00
1.5600E+02	0.0000E+00	0.0000E+00	1.8606E+00
1.5700E+02	0.0000E+00	0.0000E+00	1.8621E+00
1.5800E+02	0.0000E+00	0.0000E+00	1.8692E+00
1.5900E+02	0.0000E+00	0.0000E+00	1.8928E+00
1.6000E+02	0.0000E+00	0.0000E+00	1.9001E+00
1.6100E+02	0.0000E+00	0.0000E+00	1.9242E+00
1.6200E+02	0.0000E+00	0.0000E+00	1.9513E+00
1.6300E+02	0.0000E+00	0.0000E+00	1.9337E+00
1.6400E+02	0.0000E+00	0.0000E+00	1.9268E+00
1.6500E+02	0.0000E+00	0.0000E+00	1.9349E+00
1.6600E+02	0.0000E+00	0.0000E+00	1.9234E+00
1.6700E+02	0.0000E+00	0.0000E+00	1.9201E+00
1.6800E+02	0.0000E+00	0.0000E+00	1.9162E+00
1.6900E+02	0.0000E+00	0.0000E+00	1.9100E+00
1.7000E+02	0.0000E+00	0.0000E+00	1.9043E+00
1.7100E+02	0.0000E+00	0.0000E+00	1.9109E+00
1.7200E+02	0.0000E+00	0.0000E+00	1.9197E+00
1.7300E+02	0.0000E+00	0.0000E+00	1.9280E+00
1.7400E+02	0.0000E+00	0.0000E+00	1.9381E+00
1.7500E+02	0.0000E+00	0.0000E+00	1.9467E+00
1.7600E+02	0.0000E+00	0.0000E+00	1.9386E+00
1.7700E+02	0.0000E+00	0.0000E+00	1.9027E+00
1.7800E+02	0.0000E+00	0.0000E+00	1.9197E+00
1.7900E+02	0.0000E+00	0.0000E+00	1.9274E+00
1.8000E+02	0.0000E+00	0.0000E+00	1.8982E+00
1.8100E+02	0.0000E+00	0.0000E+00	1.8971E+00
1.8200E+02	0.0000E+00	0.0000E+00	1.8966E+00
1.8300E+02	0.0000E+00	0.0000E+00	1.9054E+00
1.8400E+02	0.0000E+00	0.0000E+00	1.9126E+00
1.8500E+02	0.0000E+00	0.0000E+00	1.9185E+00
1.8600E+02	0.0000E+00	0.0000E+00	1.9257E+00
1.8700E+02	0.0000E+00	0.0000E+00	1.9397E+00
1.8800E+02	0.0000E+00	0.0000E+00	1.9509E+00
1.8900E+02	0.0000E+00	0.0000E+00	1.9545E+00
1.9000E+02	0.0000E+00	0.0000E+00	1.9514E+00
1.9100E+02	0.0000E+00	0.0000E+00	1.9522E+00
1.9200E+02	0.0000E+00	0.0000E+00	1.9558E+00
1.9300E+02	0.0000E+00	0.0000E+00	1.9597E+00
1.9400E+02	0.0000E+00	0.0000E+00	1.9692E+00
1.9500E+02	0.0000E+00	0.0000E+00	1.9716E+00
1.9600E+02	0.0000E+00	0.0000E+00	1.9715E+00
1.9700E+02	0.0000E+00	0.0000E+00	1.9753E+00
1.9800E+02	0.0000E+00	0.0000E+00	1.9768E+00
1.9900E+02	0.0000E+00	0.0000E+00	1.9692E+00
2.0000E+02	0.0000E+00	0.0000E+00	1.9693E+00
2.0100E+02	0.0000E+00	0.0000E+00	1.9656E+00
2.0200E+02	0.0000E+00	0.0000E+00	1.9601E+00
2.0300E+02	0.0000E+00	0.0000E+00	1.9708E+00
2.0400E+02	0.0000E+00	0.0000E+00	1.9719E+00
2.0500E+02	0.0000E+00	0.0000E+00	1.9961E+00
2.0600E+02	0.0000E+00	0.0000E+00	2.0009E+00
2.0700E+02	0.0000E+00	0.0000E+00	2.0026E+00
2.0800E+02	0.0000E+00	0.0000E+00	2.0148E+00
2.0900E+02	0.0000E+00	0.0000E+00	2.0289E+00
2.1000E+02	0.0000E+00	0.0000E+00	2.0411E+00
2.1100E+02	0.0000E+00	0.0000E+00	2.0475E+00
2.1200E+02	0.0000E+00	0.0000E+00	2.0522E+00
2.1300E+02	0.0000E+00	0.0000E+00	2.0560E+00
2.1400E+02	0.0000E+00	0.0000E+00	2.0539E+00
2.1500E+02	0.0000E+00	0.0000E+00	2.0412E+00
2.1600E+02	0.0000E+00	0.0000E+00	2.0335E+00
2.1700E+02	0.0000E+00	0.0000E+00	2.0257E+00
2.1800E+02	0.0000E+00	0.0000E+00	2.0118E+00
2.1900E+02	0.0000E+00	0.0000E+00	2.0046E+00
2.2000E+02	0.0000E+00	0.0000E+00	1.9992E+00
2.2100E+02	0.0000E+00	0.0000E+00	1.9899E+00
2.2200E+02	0.0000E+00	0.0000E+00	1.9845E+00
2.2300E+02	0.0000E+00	0.0000E+00	1.9776E+00
2.2400E+02	0.0000E+00	0.0000E+00	1.9719E+00
2.2500E+02	0.0000E+00	0.0000E+00	1.9693E+00
2.2600E+02	0.0000E+00	0.0000E+00	1.9662E+00
2.2700E+02	0.0000E+00	0.0000E+00	1.9660E+00
2.2800E+02	0.0000E+00	0.0000E+00	1.9700E+00
2.2900E+02	0.0000E+00	0.0000E+00	1.9689E+00
2.3000E+02	0.0000E+00	0.0000E+00	1.9766E+00
2.3100E+02	0.0000E+00	0.0000E+00	1.9897E+00
2.3200E+02	0.0000E+00	0.0000E+00	1.9940E+00
2.3300E+02	0.0000E+00	0.0000E+00	2.0097E+00
2.3400E+02	0.0000E+00	0.0000E+00	2.0119E+00
2.3500E+02	0.0000E+00	0.0000E+00	2.0178E+00
2.3600E+02	0.0000E+00	0.0000E+00	2.0146E+00
2.3700E+02	0.0000E+00	0.0000E+00	2.0285E+00
2.3800E+02	0.0000E+00	0.0000E+00	2.0273E+00
2.3900E+02	0.0000E+00	0.0000E+00	2.0283E+00
2.4000E+02	0.0000E+00	0.0000E+00	2.0299E+00
2.4100E+02	0.0000E+00	0.0000E+00	2.0234E+00
2.4200E+02	0.0000E+00	0.0000E+00	2.0179E+00
2.4300E+02	0.0000E+00	0.0000E+00	2.0143E+00
2.4400E+02	0.0000E+00	0.0000E+00	2.0046E+00
2.4500E+02	0.0000E+00	0.0000E+00	1.9934E+00
2.4600E+02	0.0000E+00	0.0000E+00	1.9898E+00
2.4700E+02	0.0000E+00	0.0000E+00	1.9855E+00
2.4800E+02	0.0000E+00	0.0000E+00	1.9758E+00
2.4900E+02	0.0000E+00	0.0000E+00	1.9785E+00
2.5000E+02	0.0000E+00	0.0000E+00	1.9710E+00
2.5100E+02	0.0000E+00	0.0000E+00	1.9661E+00
2.5200E+02	0.0000E+00	0.0000E+00	1.9643E+00
2.5300E+02	0.0000E+00	0.0000E+00	1.9684E+00
2.5400E+02	0.0000E+00	0.0000E+00	1.9669E+00
2.5500E+02	0.0000E+00	0.0000E+00	1.9686E+00
2.5600E+02	0.0000E+00	0.0000E+00	1.9750E+00
2.5700E+02	0.0000E+00	0.0000E+00	1.9753E+00
2.5800E+02	0.0000E+00	0.0000E+00	1.9721E+00
2.5900E+02	0.0000E+00	0.0000E+00	1.9739E+00
2.6000E+02	0.0000E+00	0.0000E+00	1.9783E+00
2.6100E+02	0.0000E+00	0.0000E+00	1.9813E+00
2.6200E+02	0.0000E+00	0.0000E+00	1.9776E+00
2.6300E+02	0.0000E+00	0.0000E+00	1.9801E+00
2.6400E+02	0.0000E+00	0.0000E+00	1.9790E+00
2.6500E+02	0.0000E+00	0.0000E+00	1.9801E+00
2.6600E+02	0.0000E+00	0.0000E+00	1.9684E+00
2.6700E+02	0.0000E+00	0.0000E+00	1.9594E+00
2.6800E+02	0.0000E+00	0.0000E+00	1.9570E+00
2.6900E+02	0.0000E+00	0.0000E+00	1.9499E+00
2.7000E+02	0.0000E+00	0.0000E+00	1.9450E+00
2.7100E+02	0.0000E+00	0.0000E+00	1.9457E+00
2.7200E+02	0.0000E+00	0.0000E+00	1.9445E+00
2.7300E+02	0.0000E+00	0.0000E+00	1.9382E+00
2.7400E+02	0.0000E+00	0.0000E+00	1.9364E+00
2.7500E+02	0.0000E+00	0.0000E+00	1.9291E+00
2.7600E+02	0.0000E+00	0.0000E+00	1.9359E+00
2.7700E+02	0.0000E+00	0.0000E+00	1.9376E+00
2.7800E+02	0.0000E+00	0.0000E+00	1.9366E+00
2.7900E+02	0.0000E+00	0.0000E+00	1.9360E+00
2.8000E+02	0.0000E+00	0.0000E+00	1.9351E+00
2.8100E+02	0.0000E+00	0.0000E+00	1.9307E+00
2.8200E+02	0.0000E+00	0.0000E+00	1.9276E+00
2.8300E+02	0.0000E+00	0.0000E+00	1.9209E+00
2.8400E+02	0.0000E+00	0.0000E+00	1.9185E+00
2.8500E+02	0.0000E+00	0.0000E+00	1.9131E+00
2.8600E+02	0.0000E+00	0.0000E+00	1.9121E+00
2.8700E+02	0.0000E+00	0.0000E+00	1.9038E+00
2.8800E+02	0.0000E+00	0.0000E+00	1.9046E+00
2.8900E+02	0.0000E+00	0.0000E+00	1.8999E+00
2.9000E+02	0.0000E+00	0.0000E+00	1.9012E+00
2.9100E+02	0.0000E+00	0.0000E+00	1.8954E+00
2.9200E+02	0.0000E+00	0.0000E+00	1.8910E+00
2.9300E+02	0.0000E+00	0.0000E+00	1.8812E+00
2.9400E+02	0.0000E+00	0.0000E+00	1.8766E+00
2.9500E+02	0.0000E+00	0.0000E+00	1.8728E+00
2.9600E+02	0.0000E+00	0.0000E+00	1.8697E+00
2.9700E+02	0.0000E+00	0.0000E+00	1.8737E+00
2.9800E+02	0.0000E+00	0.0000E+00	1.8842E+00
2.9900E+02	0.0000E+00	0.0000E+00	1.8814E+00
3.0000E+02	0.0000E+00	0.0000E+00	1.8882E+00
3.0100E+02	0.0000E+00	0.0000E+00	1.8918E+00
3.0200E+02	0.0000E+00	0.0000E+00	1.8848E+00
3.0300E+02	0.0000E+00	0.0000E+00	1.8778E+00
3.0400E+02	0.0000E+00	0.0000E+00	1.8748E+00
3.0500E+02	0.0000E+00	0.0000E+00	1.8694E+00
3.0600E+02	0.0000E+00	0.0000E+00	1.8604E+00
3.0700E+02	0.0000E+00	0.0000E+00	1.8570E+00
3.0800E+02	0.0000E+00	0.0000E+00	1.8492E+00
3.0900E+02	0.0000E+00	0.0000E+00	1.8467E+00
3.1000E+02	0.0000E+00	0.0000E+00	1.8400E+00
3.1100E+02	0.0000E+00	0.0000E+00	1.8379E+00
3.1200E+02	0.0000E+00	0.0000E+00	1.8281E+00
3.1300E+02	0.0000E+00	0.0000E+00	1.8252E+00
3.1400E+02	0.0000E+00	0.0000E+00	1.8156E+00
3.1500E+02	0.0000E+00	0.0000E+00	1.8186E+00
3.1600E+02	0.0000E+00	0.0000E+00	1.8088E+00
3.1700E+02	0.0000E+00	0.0000E+00	1.8109E+00
3.1800E+02	0.0000E+00	0.0000E+00	1.8088E+00
3.1900E+02	0.0000E+00	0.0000E+00	1.8071E+00
3.2000E+02	0.0000E+00	0.0000E+00	1.7966E+00
3.2100E+02	0.0000E+00	0.0000E+00	1.8120E+00
3.2200E+02	0.0000E+00	0.0000E+00	1.8334E+00
3.2300E+02	0.0000E+00	0.0000E+00	1.8415E+00
3.2400E+02	0.0000E+00	0.0000E+00	1.8374E+00
3.2500E+02	0.0000E+00	0.0000E+00	1.8266E+00
3.2600E+02	0.0000E+00	0.0000E+00	1.8261E+00
3.2700E+02	0.0000E+00	0.0000E+00	1.8362E+00
3.2800E+02	0.0000E+00	0.0000E+00	1.8245E+00
3.2900E+02	0.0000E+00	0.0000E+00	1.8203E+00
3.3000E+02	0.0000E+00	0.0000E+00	1.8244E+00
3.3100E+02	0.0000E+00	0.0000E+00	1.8263E+00
3.3200E+02	0.0000E+00	0.0000E+00	1.8226E+00
3.3300E+02	0.0000E+00	0.0000E+00	1.8177E+00
3.3400E+02	0.0000E+00	0.0000E+00	1.8193E+00
3.3500E+02	0.0000E+00	0.0000E+00	1.8173E+00
3.3600E+02	0.0000E+00	0.0000E+00	1.8098E+00
3.3700E+02	0.0000E+00	0.0000E+00	1.8090E+00
3.3800E+02	0.0000E+00	0.0000E+00	1.8022E+00
3.3900E+02	0.0000E+00	0.0000E+00	1.8044E+00
3.4000E+02	0.0000E+00	0.0000E+00	1.7981E+00
3.4100E+02	0.0000E+00	0.0000E+00	1.7962E+00
3.4200E+02	0.0000E+00	0.0000E+00	1.7933E+00
3.4300E+02	0.0000E+00	0.0000E+00	1.7799E+00
3.4400E+02	0.0000E+00	0.0000E+00	1.7809E+00
3.4500E+02	0.0000E+00	0.0000E+00	1.7834E+00
3.4600E+02	0.0000E+00	0.0000E+00	1.7929E+00
3.4700E+02	0.0000E+00	0.0000E+00	1.8008E+00
3.4800E+02	0.0000E+00	0.0000E+00	1.8088E+00
3.4900E+02	0.0000E+00	0.0000E+00	1.7992E+00
3.5000E+02	0.0000E+00	0.0000E+00	1.8042E+00
3.5100E+02	0.0000E+00	0.0000E+00	1.8084E+00
3.5200E+02	0.0000E+00	0.0000E+00	1.8021E+00
3.5300E+02	0.0000E+00	0.0000E+00	1.8091E+00
3.5400E+02	0.0000E+00	0.0000E+00	1.8152E+00
3.5500E+02	0.0000E+00	0.0000E+00	1.8264E+00
3.5600E+02	0.0000E+00	0.0000E+00	1.8310E+00
3.5700E+02	0.0000E+00	0.0000E+00	1.8270E+00
3.5800E+02	0.0000E+00	0.0000E+00	1.8279E+00
3.5900E+02	0.0000E+00	0.0000E+00	1.8263E+00
3.6000E+02	0.0000E+00	0.0000E+00	1.8196E+00
3.6100E+02	0.0000E+00	0.0000E+00	1.8214E+00
3.6200E+02	0.0000E+00	0.0000E+00	1.8186E+00
3.6300E+02	0.0000E+00	0.0000E+00	1.8149E+00
3.6400E+02	0.0000E+00	0.0000E+00	1.8138E+00
3.6500E+02	0.0000E+00	0.0000E+00	1.8152E+00
3.6600E+02	0.0000E+00	0.0000E+00	1.8096E+00
3.6700E+02	0.0000E+00	0.0000E+00	1.8076E+00
3.6800E+02	0.0000E+00	0.0000E+00	1.8077E+00
3.6900E+02	0.0000E+00	0.0000E+00	1.8035E+00
3.7000E+02	0.0000E+00	0.0000E+00	1.8070E+00
3.7100E+02	0.0000E+00	0.0000E+00	1.8105E+00
3.7200E+02	0.0000E+00	0.0000E+00	1.8048E+00
3.7300E+02	0.0000E+00	0.0000E+00	1.8077E+00
3.7400E+02	0.0000E+00	0.0000E+00	1.8127E+00
3.7500E+02	0.0000E+00	0.0000E+00	1.8083E+00
3.7600E+02	0.0000E+00	0.0000E+00	1.8129E+00
3.7700E+02	0.0000E+00	0.0000E+00	1.8228E+00
3.7800E+02	0.0000E+00	0.0000E+00	1.8290E+00
3.7900E+02	0.0000E+00	0.0000E+00	1.8330E+00
3.8000E+02	0.0000E+00	0.0000E+00	1.8369E+00
3.8100E+02	0.0000E+00	0.0000E+00	1.8400E+00
3.8200E+02	0.0000E+00	0.0000E+00	1.8351E+00
3.8300E+02	0.0000E+00	0.0000E+00	1.8355E+00
3.8400E+02	0.0000E+00	0.0000E+00	1.8308E+00
3.8500E+02	0.0000E+00	0.0000E+00	1.8278E+00
3.8600E+02	0.0000E+00	0.0000E+00	1.8247E+00
3.8700E+02	0.0000E+00	0.0000E+00	1.8196E+00
3.8800E+02	0.0000E+00	0.0000E+00	1.8173E+00
3.8900E+02	0.0000E+00	0.0000E+00	1.8203E+00
3.9000E+02	0.0000E+00	0.0000E+00	1.8139E+00
3.9100E+02	0.0000E+00	0.0000E+00	1.8124E+00
3.9200E+02	0.0000E+00	0.0000E+00	1.8108E+00
3.9300E+02	0.0000E+00	0.0000E+00	1.8126E+00
3.9400E+02	0.0000E+00	0.0000E+00	1.8109E+00
3.9500E+02	0.0000E+00	0.0000E+00	1.8103E+00
3.9600E+02	0.0000E+00	0.0000E+00	1.8139E+00
3.9700E+02	0.0000E+00	0.0000E+00	1.8158E+00
3.9800E+02	0.0000E+00	0.0000E+00	1.8188E+00
3.9900E+02	0.0000E+00	0.0000E+00	1.8371E+00
4.0000E+02	0.0000E+00	0.0000E+00	1.8533E+00
4.0100E+02	0.0000E+00	0.0000E+00	1.8773E+00
4.0200E+02	0.0000E+00	0.0000E+00	1.8987E+00
4.0300E+02	0.0000E+00	0.0000E+00	1.9079E+00
4.0400E+02	0.0000E+00	0.0000E+00	1.9102E+00
4.0500E+02	0.0000E+00	0.0000E+00	1.9019E+00
4.0600E+02	0.0000E+00	0.0000E+00	1.9016E+00
4.0700E+02	0.0000E+00	0.0000E+00	1.8955E+00
4.0800E+02	0.0000E+00	0.0000E+00	1.8972E+00
4.0900E+02	0.0000E+00	0.0000E+00	1.8962E+00
4.1000E+02	0.0000E+00	0.0000E+00	1.8868E+00
4.1100E+02	0.0000E+00	0.0000E+00	1.8828E+00
4.1200E+02	0.0000E+00	0.0000E+00	1.8742E+00
4.1300E+02	0.0000E+00	0.0000E+00	1.8732E+00
4.1400E+02	0.0000E+00	0.0000E+00	1.8693E+00
4.1500E+02	0.0000E+00	0.0000E+00	1.8669E+00
4.1600E+02	0.0000E+00	0.0000E+00	1.8643E+00
4.1700E+02	0.0000E+00	0.0000E+00	1.8631E+00
4.1800E+02	0.0000E+00	0.0000E+00	1.8614E+00
4.1900E+02	0.0000E+00	0.0000E+00	1.8630E+00
4.2000E+02	0.0000E+00	0.0000E+00	1.8664E+00
4.2100E+02	0.0000E+00	0.0000E+00	1.8702E+00
4.2200E+02	0.0000E+00	0.0000E+00	1.8825E+00
4.2300E+02	0.0000E+00	0.0000E+00	1.8947E+00
4.2400E+02	0.0000E+00	0.0000E+00	1.9117E+00
4.2500E+02	0.0000E+00	0.0000E+00	1.9207E+00
4.2600E+02	0.0000E+00	0.0000E+00	1.9273E+00
4.2700E+02	0.0000E+00	0.0000E+00	1.9378E+00
4.2800E+02	0.0000E+00	0.0000E+00	1.9460E+00
4.2900E+02	0.0000E+00	0.0000E+00	1.9446E+00
4.3000E+02	0.0000E+00	0.0000E+00	1.9462E+00
4.3100E+02	0.0000E+00	0.0000E+00	1.9397E+00
4.3200E+02	0.0000E+00	0.0000E+00	1.9357E+00
4.3300E+02	0.0000E+00	0.0000E+00	1.9325E+00
4.3400E+02	0.0000E+00	0.0000E+00	1.9265E+00
4.3500E+02	0.0000E+00	0.0000E+00	1.9236E+00
4.3600E+02	0.0000E+00	0.0000E+00	1.9211E+00
4.3700E+02	0.0000E+00	0.0000E+00	1.9197E+00
4.3800E+02	0.0000E+00	0.0000E+00	1.9131E+00
4.3900E+02	0.0000E+00	0.0000E+00	1.9133E+00
4.4000E+02	0.0000E+00	0.0000E+00	1.9053E+00
4.4100E+02	0.0000E+00	0.0000E+00	1.9024E+00
4.4200E+02	0.0000E+00	0.0000E+00	1.9012E+00
4.4300E+02	0.0000E+00	0.0000E+00	1.9027E+00
4.4400E+02	0.0000E+00	0.0000E+00	1.9073E+00
4.4500E+02	0.0000E+00	0.0000E+00	1.9128E+00
4.4600E+02	0.0000E+00	0.0000E+00	1.9237E+00
4.4700E+02	0.0000E+00	0.0000E+00	1.9313E+00
4.4800E+02	0.0000E+00	0.0000E+00	1.9352E+00
4.4900E+02	0.0000E+00	0.0000E+00	1.9534E+00
4.5000E+02	0.0000E+00	0.0000E+00	1.9582E+00
4.5100E+02	0.0000E+00	0.0000E+00	1.9678E+00
4.5200E+02	0.0000E+00	0.0000E+00	1.9649E+00
4.5300E+02	0.0000E+00	0.0000E+00	1.9709E+00
4.5400E+02	0.0000E+00	0.0000E+00	1.9637E+00
4.5500E+02	0.0000E+00	0.0000E+00	1.9560E+00
4.5600E+02	0.0000E+00	0.0000E+00	1.9527E+00
4.5700E+02	0.0000E+00	0.0000E+00	1.9501E+00
4.5800E+02	0.0000E+00	0.0000E+00	1.9411E+00
4.5900E+02	0.0000E+00	0.0000E+00	1.9336E+00
4.6000E+02	0.0000E+00	0.0000E+00	1.9335E+00
4.6100E+02	0.0000E+00	0.0000E+00	1.9273E+00
4.6200E+02	0.0000E+00	0.0000E+00	1.9227E+00
4.6300E+02	0.0000E+00	0.0000E+00	1.9157E+00
4.6400E+02	0.0000E+00	0.0000E+00	1.9138E+00
4.6500E+02	0.0000E+00	0.0000E+00	1.9155E+00
4.6600E+02	0.0000E+00	0.0000E+00	1.9135E+00
4.6700E+02	0.0000E+00	0.0000E+00	1.9152E+00
4.6800E+02	0.0000E+00	0.0000E+00	1.9173E+00
4.6900E+02	0.0000E+00	0.0000E+00	1.9214E+00
4.7000E+02	0.0000E+00	0.0000E+00	1.9247E+00
4.7100E+02	0.0000E+00	0.0000E+00	1.9248E+00
4.7200E+02	0.0000E+00	0.0000E+00	1.9301E+00
4.7300E+02	0.0000E+00	0.0000E+00	1.9332E+00
4.7400E+02	0.0000E+00	0.0000E+00	1.9353E+00
4.7500E+02	0.0000E+00	0.0000E+00	1.9332E+00
4.7600E+02	0.0000E+00	0.0000E+00	1.9331E+00
4.7700E+02	0.0000E+00	0.0000E+00	1.9288E+00
4.7800E+02	0.0000E+00	0.0000E+00	1.9233E+00
4.7900E+02	0.0000E+00	0.0000E+00	1.9302E+00
4.8000E+02	0.0000E+00	0.0000E+00	1.9178E+00
4.8100E+02	0.0000E+00	0.0000E+00	1.9126E+00
4.8200E+02	0.0000E+00	0.0000E+00	1.9052E+00
4.8300E+02	0.0000E+00	0.0000E+00	1.9068E+00
4.8400E+02	0.0000E+00	0.0000E+00	1.8997E+00
4.8500E+02	0.0000E+00	0.0000E+00	1.8943E+00
4.8600E+02	0.0000E+00	0.0000E+00	1.8945E+00
4.8700E+02	0.0000E+00	0.0000E+00	1.8946E+00
4.8800E+02	0.0000E+00	0.0000E+00	1.8867E+00
4.8900E+02	0.0000E+00	0.0000E+00	1.8873E+00
4.9000E+02	0.0000E+00	0.0000E+00	1.8871E+00
4.9100E+02	0.0000E+00	0.0000E+00	1.8869E+00
4.9200E+02	0.0000E+00	0.0000E+00	1.8850E+00
4.9300E+02	0.0000E+00	0.0000E+00	1.8876E+00
4.9400E+02	0.0000E+00	0.0000E+00	1.8872E+00
4.9500E+02	0.0000E+00	0.0000E+00	1.8891E+00
4.9600E+02	0.0000E+00	0.0000E+00	1.8934E+00
4.9700E+02	0.0000E+00	0.0000E+00	1.8858E+00
4.9800E+02	0.0000E+00	0.0000E+00	1.8902E+00
4.9900E+02	0.0000E+00	0.0000E+00	1.8864E+00
5.0000E+02	0.0000E+00	0.0000E+00	1.8797E+00
5.0100E+02	0.0000E+00	0.0000E+00	1.8735E+00
5.0200E+02	0.0000E+00	0.0000E+00	1.8713E+00
5.0300E+02	0.0000E+00	0.0000E+00	1.8683E+00
5.0400E+02	0.0000E+00	0.0000E+00	1.8633E+00
5.0500E+02	0.0000E+00	0.0000E+00	1.8606E+00
5.0600E+02	0.0000E+00	0.0000E+00	1.8582E+00
5.0700E+02	0.0000E+00	0.0000E+00	1.8590E+00
5.0800E+02	0.0000E+00	0.0000E+00	1.8538E+00
5.0900E+02	0.0000E+00	0.0000E+00	1.8533E+00
5.1000E+02	0.0000E+00	0.0000E+00	1.8507E+00
5.1100E+02	0.0000E+00	0.0000E+00	1.8518E+00
5.1200E+02	0.0000E+00	0.0000E+00	1.8475E+00
5.1300E+02	0.0000E+00	0.0000E+00	1.8487E+00
5.1400E+02	0.0000E+00	0.0000E+00	1.8488E+00
5.1500E+02	0.0000E+00	0.0000E+00	1.8458E+00
5.1600E+02	0.0000E+00	0.0000E+00	1.8503E+00
5.1700E+02	0.0000E+00	0.0000E+00	1.8502E+00
5.1800E+02	0.0000E+00	0.0000E+00	1.8534E+00
5.1900E+02	0.0000E+00	0.0000E+00	1.8639E+00
5.2000E+02	0.0000E+00	0.0000E+00	1.8722E+00
5.2100E+02	0.0000E+00	0.0000E+00	1.8781E+00
5.2200E+02	0.0000E+00	0.0000E+00	1.8857E+00
5.2300E+02	0.0000E+00	0.0000E+00	1.8922E+00
5.2400E+02	0.0000E+00	0.0000E+00	1.9002E+00
5.2500E+02	0.0000E+00	0.0000E+00	1.9012E+00
5.2600E+02	0.0000E+00	0.0000E+00	1.8949E+00
5.2700E+02	0.0000E+00	0.0000E+00	1.8943E+00
5.2800E+02	0.0000E+00	0.0000E+00	1.8799E+00
5.2900E+02	0.0000E+00	0.0000E+00	1.8785E+00
5.3000E+02	0.0000E+00	0.0000E+00	1.8733E+00
5.3100E+02	0.0000E+00	0.0000E+00	1.8658E+00
5.3200E+02	0.0000E+00	0.0000E+00	1.8614E+00
5.3300E+02	0.0000E+00	0.0000E+00	1.8586E+00
5.3400E+02	0.0000E+00	0.0000E+00	1.8551E+00
5.3500E+02	0.0000E+00	0.0000E+00	1.8482E+00
5.3600E+02	0.0000E+00	0.0000E+00	1.8488E+00
5.3700E+02	0.0000E+00	0.0000E+00	1.8456E+00
5.3800E+02	0.0000E+00	0.0000E+00	1.8503E+00
5.3900E+02	0.0000E+00	0.0000E+00	1.8489E+00
5.4000E+02	0.0000E+00	0.0000E+00	1.8469E+00
5.4100E+02	0.0000E+00	0.0000E+00	1.8538E+00
5.4200E+02	0.0000E+00	0.0000E+00	1.8703E+00
5.4300E+02	0.0000E+00	0.0000E+00	1.8753E+00
5.4400E+02	0.0000E+00	0.0000E+00	1.8956E+00
5.4500E+02	0.0000E+00	0.0000E+00	1.9184E+00
5.4600E+02	0.0000E+00	0.0000E+00	1.9335E+00
5.4700E+02	0.0000E+00	0.0000E+00	1.9442E+00
5.4800E+02	0.0000E+00	0.0000E+00	1.9485E+00
5.4900E+02	0.0000E+00	0.0000E+00	1.9502E+00
5.5000E+02	0.0000E+00	0.0000E+00	1.9452E+00
5.5100E+02	0.0000E+00	0.0000E+00	1.9383E+00
5.5200E+02	0.0000E+00	0.0000E+00	1.9273E+00
5.5300E+02	0.0000E+00	0.0000E+00	1.9205E+00
5.5400E+02	0.0000E+00	0.0000E+00	1.9130E+00
5.5500E+02	0.0000E+00	0.0000E+00	1.9091E+00
5.5600E+02	0.0000E+00	0.0000E+00	1.9046E+00
5.5700E+02	0.0000E+00	0.0000E+00	1.9033E+00
5.5800E+02	0.0000E+00	0.0000E+00	1.8951E+00
5.5900E+02	0.0000E+00	0.0000E+00	1.8867E+00
5.6000E+02	0.0000E+00	0.0000E+00	1.8889E+00
5.6100E+02	0.0000E+00	0.0000E+00	1.8883E+00
5.6200E+02	0.0000E+00	0.0000E+00	1.8875E+00
5.6300E+02	0.0000E+00	0.0000E+00	1.8867E+00
5.6400E+02	0.0000E+00	0.0000E+00	1.8894E+00
5.6500E+02	0.0000E+00	0.0000E+00	1.8977E+00
5.6600E+02	0.0000E+00	0.0000E+00	1.9105E+00
5.6700E+02	0.0000E+00	0.0000E+00	1.9327E+00
5.6800E+02	0.0000E+00	0.0000E+00	1.9563E+00
5.6900E+02	0.0000E+00	0.0000E+00	1.9843E+00
5.7000E+02	0.0000E+00	0.0000E+00	2.0132E+00
5.7100E+02	0.0000E+00	0.0000E+00	2.0247E+00
5.7200E+02	0.0000E+00	0.0000E+00	2.0298E+00
5.7300E+02	0.0000E+00	0.0000E+00	2.0274E+00
5.7400E+02	0.0000E+00	0.0000E+00	2.0191E+00
5.7500E+02	0.0000E+00	0.0000E+00	2.0194E+00
5.7600E+02	0.0000E+00	0.0000E+00	2.0065E+00
5.7700E+02	0.0000E+00	0.0000E+00	1.9942E+00
5.7800E+02	0.0000E+00	0.0000E+00	1.9944E+00
5.7900E+02	0.0000E+00	0.0000E+00	1.9865E+00
5.8000E+02	0.0000E+00	0.0000E+00	1.9761E+00
5.8100E+02	0.0000E+00	0.0000E+00	1.9708E+00
5.8200E+02	0.0000E+00	0.0000E+00	1.9657E+00
5.8300E+02	0.0000E+00	0.0000E+00	1.9563E+00
5.8400E+02	0.0000E+00	0.0000E+00	1.9506E+00
5.8500E+02	0.0000E+00	0.0000E+00	1.9519E+00
5.8600E+02	0.0000E+00	0.0000E+00	1.9491E+00
5.8700E+02	0.0000E+00	0.0000E+00	1.9519E+00
5.8800E+02	0.0000E+00	0.0000E+00	1.9537E+00
5.8900E+02	0.0000E+00	0.0000E+00	1.9669E+00
5.9000E+02	0.0000E+00	0.0000E+00	1.9808E+00
5.9100E+02	0.0000E+00	0.0000E+00	2.0075E+00
5.9200E+02	0.0000E+00	0.0000E+00	2.0406E+00
5.9300E+02	0.0000E+00	0.0000E+00	2.0613E+00
5.9400E+02	0.0000E+00	0.0000E+00	2.0838E+00
5.9500E+02	0.0000E+00	0.0000E+00	2.0962E+00
5.9600E+02	0.0000E+00	0.0000E+00	2.1000E+00
5.9700E+02	0.0000E+00	0.0000E+00	2.1015E+00
5.9800E+02	0.0000E+00	0.0000E+00	2.0853E+00
5.9900E+02	0.0000E+00	0.0000E+00	2.0821E+00
6.0000E+02	0.0000E+00	0.0000E+00	2.0685E+00
6.0100E+02	0.0000E+00	0.0000E+00	2.0646E+00
6.0200E+02	0.0000E+00	0.0000E+00	2.0486E+00
6.0300E+02	0.0000E+00	0.0000E+00	2.0431E+00
6.0400E+02	0.0000E+00	0.0000E+00	2.0290E+00
6.0500E+02	0.0000E+00	0.0000E+00	2.0256E+00
6.0600E+02	0.0000E+00	0.0000E+00	2.0258E+00
6.0700E+02	0.0000E+00	0.0000E+00	2.0145E+00
6.0800E+02	0.0000E+00	0.0000E+00	2.0178E+00
6.0900E+02	0.0000E+00	0.0000E+00	2.0104E+00
6.1000E+02	0.0000E+00	0.0000E+00	2.0121E+00
6.1100E+02	0.0000E+00	0.0000E+00	2.0079E+00
6.1200E+02	0.0000E+00	0.0000E+00	2.0126E+00
6.1300E+02	0.0000E+00	0.0000E+00	2.0214E+00
6.1400E+02	0.0000E+00	0.0000E+00	2.0304E+00
6.1500E+02	0.0000E+00	0.0000E+00	2.0528E+00
6.1600E+02	0.0000E+00	0.0000E+00	2.0715E+00
6.1700E+02	0.0000E+00	0.0000E+00	2.0862E+00
6.1800E+02	0.0000E+00	0.0000E+00	2.0995E+00
6.1900E+02	0.0000E+00	0.0000E+00	2.1182E+00
6.2000E+02	0.0000E+00	0.0000E+00	2.1263E+00
6.2100E+02	0.0000E+00	0.0000E+00	2.1284E+00
6.2200E+02	0.0000E+00	0.0000E+00	2.1291E+00
6.2300E+02	0.0000E+00	0.0000E+00	2.1229E+00
6.2400E+02	0.0000E+00	0.0000E+00	2.1210E+00
6.2500E+02	0.0000E+00	0.0000E+00	2.1191E+00
6.2600E+02	0.0000E+00	0.0000E+00	2.1208E+00
6.2700E+02	0.0000E+00	0.0000E+00	2.1159E+00
6.2800E+02	0.0000E+00	0.0000E+00	2.1056E+00
6.2900E+02	0.0000E+00	0.0000E+00	2.1004E+00
6.3000E+02	0.0000E+00	0.0000E+00	2.0921E+00
6.3100E+02	0.0000E+00	0.0000E+00	2.0934E+00
6.3200E+02	0.0000E+00	0.0000E+00	2.0976E+00
6.3300E+02	0.0000E+00	0.0000E+00	2.0839E+00
6.3400E+02	0.0000E+00	0.0000E+00	2.0876E+00
6.3500E+02	0.0000E+00	0.0000E+00	2.0873E+00
6.3600E+02	0.0000E+00	0.0000E+00	2.0901E+00
6.3700E+02	0.0000E+00	0.0000E+00	2.0856E+00
6.3800E+02	0.0000E+00	0.0000E+00	2.0903E+00
6.3900E+02	0.0000E+00	0.0000E+00	2.0989E+00
6.4000E+02	0.0000E+00	0.0000E+00	2.1004E+00
6.4100E+02	0.0000E+00	0.0000E+00	2.1056E+00
6.4200E+02	0.0000E+00	0.0000E+00	2.1305E+00
6.4300E+02	0.0000E+00	0.0000E+00	2.1461E+00
6.4400E+02	0.0000E+00	0.0000E+00	2.1756E+00
6.4500E+02	0.0000E+00	0.0000E+00	2.1809E+00
6.4600E+02	0.0000E+00	0.0000E+00	2.1883E+00
6.4700E+02	0.0000E+00	0.0000E+00	2.1766E+00
6.4800E+02	0.0000E+00	0.0000E+00	2.1755E+00
6.4900E+02	0.0000E+00	0.0000E+00	2.1779E+00
6.5000E+02	0.0000E+00	0.0000E+00	2.1709E+00
6.5100E+02	0.0000E+00	0.0000E+00	2.1550E+00
6.5200E+02	0.0000E+00	0.0000E+00	2.1531E+00
6.5300E+02	0.0000E+00	0.0000E+00	2.1726E+00
6.5400E+02	0.0000E+00	0.0000E+00	2.1446E+00
6.5500E+02	0.0000E+00	0.0000E+00	2.1444E+00
6.5600E+02	0.0000E+00	0.0000E+00	2.1396E+00
6.5700E+02	0.0000E+00	0.0000E+00	2.1306E+00
6.5800E+02	0.0000E+00	0.0000E+00	2.1451E+00
6.5900E+02	0.0000E+00	0.0000E+00	2.1319E+00
6.6000E+02	0.0000E+00	0.0000E+00	2.1252E+00
6.6100E+02	0.0000E+00	0.0000E+00	2.1307E+00
6.6200E+02	0.0000E+00	0.0000E+00	2.1242E+00
6.6300E+02	0.0000E+00	0.0000E+00	2.1350E+00
6.6400E+02	0.0000E+00	0.0000E+00	2.1468E+00
6.6500E+02	0.0000E+00	0.0000E+00	2.1545E+00
6.6600E+02	0.0000E+00	0.0000E+00	2.1828E+00
6.6700E+02	0.0000E+00	0.0000E+00	2.1924E+00
6.6800E+02	0.0000E+00	0.0000E+00	2.2037E+00
6.6900E+02	0.0000E+00	0.0000E+00	2.2205E+00
6.7000E+02	0.0000E+00	0.0000E+00	2.2282E+00
6.7100E+02	0.0000E+00	0.0000E+00	2.2314E+00
6.7200E+02	0.0000E+00	0.0000E+00	2.2303E+00
6.7300E+02	0.0000E+00	0.0000E+00	2.2286E+00
6.7400E+02	0.0000E+00	0.0000E+00	2.2273E+00
6.7500E+02	0.0000E+00	0.0000E+00	2.2350E+00
6.7600E+02	0.0000E+00	0.0000E+00	2.2180E+00
6.7700E+02	0.0000E+00	0.0000E+00	2.2116E+00
6.7800E+02	0.0000E+00	0.0000E+00	2.2136E+00
6.7900E+02	0.0000E+00	0.0000E+00	2.1995E+00
6.8000E+02	0.0000E+00	0.0000E+00	2.2034E+00
6.8100E+02	0.0000E+00	0.0000E+00	2.2049E+00
6.8200E+02	0.0000E+00	0.0000E+00	2.1941E+00
6.8300E+02	0.0000E+00	0.0000E+00	2.1952E+00
6.8400E+02	0.0000E+00	0.0000E+00	2.1947E+00
6.8500E+02	0.0000E+00	0.0000E+00	2.1902E+00
6.8600E+02	0.0000E+00	0.0000E+00	2.1818E+00
6.8700E+02	0.0000E+00	0.0000E+00	2.1719E+00
6.8800E+02	0.0000E+00	0.0000E+00	2.1784E+00
6.8900E+02	0.0000E+00	0.0000E+00	2.1697E+00
6.9000E+02	0.0000E+00	0.0000E+00	2.1506E+00
6.9100E+02	0.0000E+00	0.0000E+00	2.1575E+00
6.9200E+02	0.0000E+00	0.0000E+00	2.1435E+00
6.9300E+02	0.0000E+00	0.0000E+00	2.1495E+00
6.9400E+02	0.0000E+00	0.0000E+00	2.1325E+00
6.9500E+02	0.0000E+00	0.0000E+00	2.1321E+00
6.9600E+02	0.0000E+00	0.0000E+00	2.1242E+00
6.9700E+02	0.0000E+00	0.0000E+00	2.1265E+00
6.9800E+02	0.0000E+00	0.0000E+00	2.1210E+00
6.9900E+02	0.0000E+00	0.0000E+00	2.1096E+00
7.0000E+02	0.0000E+00	0.0000E+00	2.1003E+00
7.0100E+02	0.0000E+00	0.0000E+00	2.1012E+00
7.0200E+02	0.0000E+00	0.0000E+00	2.1062E+00
7.0300E+02	0.0000E+00	0.0000E+00	2.0925E+00
7.0400E+02	0.0000E+00	0.0000E+00	2.0903E+00
7.0500E+02	0.0000E+00	0.0000E+00	2.0851E+00
7.0600E+02	0.0000E+00	0.0000E+00	2.0817E+00
7.0700E+02	0.0000E+00	0.0000E+00	2.0839E+00
7.0800E+02	0.0000E+00	0.0000E+00	2.0768E+00
7.0900E+02	0.0000E+00	0.0000E+00	2.0763E+00
7.1000E+02	0.0000E+00	0.0000E+00	2.0704E+00
7.1100E+02	0.0000E+00	0.0000E+00	2.0666E+00
7.1200E+02	0.0000E+00	0.0000E+00	2.0634E+00
7.1300E+02	0.0000E+00	0.0000E+00	2.0631E+00
7.1400E+02	0.0000E+00	0.0000E+00	2.0573E+00
7.1500E+02	0.0000E+00	0.0000E+00	2.0720E+00
7.1600E+02	0.0000E+00	0.0000E+00	2.0644E+00
7.1700E+02	0.0000E+00	0.0000E+00	2.0539E+00
7.1800E+02	0.0000E+00	0.0000E+00	2.0555E+00
7.1900E+02	0.0000E+00	0.0000E+00	2.0389E+00
7.2000E+02	0.0000E+00	0.0000E+00	2.0298E+00
7.2100E+02	0.0000E+00	0.0000E+00	2.0243E+00
7.2200E+02	0.0000E+00	0.0000E+00	2.0193E+00
7.2300E+02	0.0000E+00	0.0000E+00	2.0158E+00
7.2400E+02	0.0000E+00	0.0000E+00	2.0205E+00
7.2500E+02	0.0000E+00	0.0000E+00	2.0144E+00
7.2600E+02	0.0000E+00	0.0000E+00	2.0056E+00
7.2700E+02	0.0000E+00	0.0000E+00	1.9987E+00
7.2800E+02	0.0000E+00	0.0000E+00	1.9986E+00
7.2900E+02	0.0000E+00	0.0000E+00	2.0042E+00
7.3000E+02	0.0000E+00	0.0000E+00	2.0047E+00
7.3100E+02	0.0000E+00	0.0000E+00	1.9985E+00
7.3200E+02	0.0000E+00	0.0000E+00	1.9978E+00
7.3300E+02	0.0000E+00	0.0000E+00	2.0014E+00
7.3400E+02	0.0000E+00	0.0000E+00	1.9947E+00
7.3500E+02	0.0000E+00	0.0000E+00	1.9952E+00
7.3600E+02	0.0000E+00	0.0000E+00	1.9869E+00
7.3700E+02	0.0000E+00	0.0000E+00	1.9865E+00
7.3800E+02	0.0000E+00	0.0000E+00	1.9828E+00
7.3900E+02	0.0000E+00	0.0000E+00	1.9835E+00
7.4000E+02	0.0000E+00	0.0000E+00	1.9807E+00
7.4100E+02	0.0000E+00	0.0000E+00	1.9771E+00
7.4200E+02	0.0000E+00	0.0000E+00	1.9753E+00
7.4300E+02	0.0000E+00	0.0000E+00	1.9675E+00
7.4400E+02	0.0000E+00	0.0000E+00	1.9651E+00
7.4500E+02	0.0000E+00	0.0000E+00	1.9651E+00
7.4600E+02	0.0000E+00	0.0000E+00	1.9645E+00
7.4700E+02	0.0000E+00	0.0000E+00	1.9530E+00
7.4800E+02	0.0000E+00	0.0000E+00	1.9548E+00
7.4900E+02	0.0000E+00	0.0000E+00	1.9572E+00
7.5000E+02	0.0000E+00	0.0000E+00	1.9545E+00
7.5100E+02	0.0000E+00	0.0000E+00	1.9645E+00
7.5200E+02	0.0000E+00	0.0000E+00	1.9606E+00
7.5300E+02	0.0000E+00	0.0000E+00	1.9605E+00
7.5400E+02	0.0000E+00	0.0000E+00	1.9598E+00
7.5500E+02	0.0000E+00	0.0000E+00	1.9606E+00
7.5600E+02	0.0000E+00	0.0000E+00	1.9602E+00
7.5700E+02	0.0000E+00	0.0000E+00	1.9625E+00
7.5800E+02	0.0000E+00	0.0000E+00	1.9636E+00
7.5900E+02	0.0000E+00	0.0000E+00	1.9714E+00
7.6000E+02	0.0000E+00	0.0000E+00	1.9698E+00
7.6100E+02	0.0000E+00	0.0000E+00	1.9721E+00
7.6200E+02	0.0000E+00	0.0000E+00	1.9716E+00
7.6300E+02	0.0000E+00	0.0000E+00	1.9673E+00
7.6400E+02	0.0000E+00	0.0000E+00	1.9642E+00
7.6500E+02	0.0000E+00	0.0000E+00	1.9577E+00
7.6600E+02	0.0000E+00	0.0000E+00	1.9478E+00
7.6700E+02	0.0000E+00	0.0000E+00	1.9410E+00
7.6800E+02	0.0000E+00	0.0000E+00	1.9418E+00
7.6900E+02	0.0000E+00	0.0000E+00	1.9306E+00
7.7000E+02	0.0000E+00	0.0000E+00	1.9287E+00
7.7100E+02	0.0000E+00	0.0000E+00	1.9239E+00
7.7200E+02	0.0000E+00	0.0000E+00	1.9189E+00
7.7300E+02	0.0000E+00	0.0000E+00	1.9193E+00
7.7400E+02	0.0000E+00	0.0000E+00	1.9176E+00
7.7500E+02	0.0000E+00	0.0000E+00	1.9162E+00
7.7600E+02	0.0000E+00	0.0000E+00	1.9144E+00
7.7700E+02	0.0000E+00	0.0000E+00	1.9112E+00
7.7800E+02	0.0000E+00	0.0000E+00	1.9140E+00
7.7900E+02	0.0000E+00	0.0000E+00	1.9155E+00
7.8000E+02	0.0000E+00	0.0000E+00	1.9189E+00
7.8100E+02	0.0000E+00	0.0000E+00	1.9185E+00
7.8200E+02	0.0000E+00	0.0000E+00	1.9187E+00
7.8300E+02	0.0000E+00	0.0000E+00	1.9167E+00
7.8400E+02	0.0000E+00	0.0000E+00	1.9177E+00
7.8500E+02	0.0000E+00	0.0000E+00	1.9078E+00
7.8600E+02	0.0000E+00	0.0000E+00	1.9089E+00
7.8700E+02	0.0000E+00	0.0000E+00	1.9090E+00
7.8800E+02	0.0000E+00	0.0000E+00	1.9029E+00
7.8900E+02	0.0000E+00	0.0000E+00	1.9008E+00
7.9000E+02	0.0000E+00	0.0000E+00	1.8963E+00
7.9100E+02	0.0000E+00	0.0000E+00	1.9009E+00
7.9200E+02	0.0000E+00	0.0000E+00	1.9037E+00
7.9300E+02	0.0000E+00	0.0000E+00	1.8932E+00
7.9400E+02	0.0000E+00	0.0000E+00	1.8877E+00
7.9500E+02	0.0000E+00	0.0000E+00	1.8883E+00
7.9600E+02	0.0000E+00	0.0000E+00	1.8832E+00
7.9700E+02	0.0000E+00	0.0000E+00	1.8801E+00
7.9800E+02	0.0000E+00	0.0000E+00	1.8852E+00
7.9900E+02	0.0000E+00	0.0000E+00	1.8834E+00
8.0000E+02	0.0000E+00	0.0000E+00	1.8803E+00
8.0100E+02	0.0000E+00	0.0000E+00	1.8773E+00
8.0200E+02	0.0000E+00	0.0000E+00	1.8774E+00
8.0300E+02	0.0000E+00	0.0000E+00	1.8780E+00
8.0400E+02	0.0000E+00	0.0000E+00	1.8762E+00
8.0500E+02	0.0000E+00	0.0000E+00	1.8736E+00
8.0600E+02	0.0000E+00	0.0000E+00	1.8725E+00
8.0700E+02	0.0000E+00	0.0000E+00	1.8673E+00
8.0800E+02	0.0000E+00	0.0000E+00	1.8684E+00
8.0900E+02	0.0000E+00	0.0000E+00	1.8716E+00
8.1000E+02	0.0000E+00	0.0000E+00	1.8698E+00
8.1100E+02	0.0000E+00	0.0000E+00	1.8708E+00
8.1200E+02	0.0000E+00	0.0000E+00	1.8726E+00
8.1300E+02	0.0000E+00	0.0000E+00	1.8661E+00
8.1400E+02	0.0000E+00	0.0000E+00	1.8656E+00
8.1500E+02	0.0000E+00	0.0000E+00	1.8674E+00
8.1600E+02	0.0000E+00	0.0000E+00	1.8650E+00
8.1700E+02	0.0000E+00	0.0000E+00	1.8693E+00
8.1800E+02	0.0000E+00	0.0000E+00	1.8675E+00
8.1900E+02	0.0000E+00	0.0000E+00	1.8662E+00
8.2000E+02	0.0000E+00	0.0000E+00	1.8637E+00
8.2100E+02	0.0000E+00	0.0000E+00	1.8557E+00
8.2200E+02	0.0000E+00	0.0000E+00	1.8558E+00
8.2300E+02	0.0000E+00	0.0000E+00	1.8567E+00
8.2400E+02	0.0000E+00	0.0000E+00	1.8558E+00
8.2500E+02	0.0000E+00	0.0000E+00	1.8553E+00
8.2600E+02	0.0000E+00	0.0000E+00	1.8566E+00
8.2700E+02	0.0000E+00	0.0000E+00	1.8541E+00
8.2800E+02	0.0000E+00	0.0000E+00	1.8499E+00
8.2900E+02	0.0000E+00	0.0000E+00	1.8526E+00
8.3000E+02	0.0000E+00	0.0000E+00	1.8460E+00
8.3100E+02	0.0000E+00	0.0000E+00	1.8467E+00
8.3200E+02	0.0000E+00	0.0000E+00	1.8529E+00
8.3300E+02	0.0000E+00	0.0000E+00	1.8572E+00
8.3400E+02	0.0000E+00	0.0000E+00	1.8630E+00
8.3500E+02	0.0000E+00	0.0000E+00	1.8652E+00
8.3600E+02	0.0000E+00	0.0000E+00	1.8741E+00
8.3700E+02	0.0000E+00	0.0000E+00	1.8680E+00
8.3800E+02	0.0000E+00	0.0000E+00	1.8646E+00
8.3900E+02	0.0000E+00	0.0000E+00	1.8602E+00
8.4000E+02	0.0000E+00	0.0000E+00	1.8573E+00
8.4100E+02	0.0000E+00	0.0000E+00	1.8516E+00
8.4200E+02	0.0000E+00	0.0000E+00	1.8489E+00
8.4300E+02	0.0000E+00	0.0000E+00	1.8457E+00
8.4400E+02	0.0000E+00	0.0000E+00	1.8440E+00
8.4500E+02	0.0000E+00	0.0000E+00	1.8389E+00
8.4600E+02	0.0000E+00	0.0000E+00	1.8348E+00
8.4700E+02	0.0000E+00	0.0000E+00	1.8342E+00
8.4800E+02	0.0000E+00	0.0000E+00	1.8343E+00
8.4900E+02	0.0000E+00	0.0000E+00	1.8367E+00
8.5000E+02	0.0000E+00	0.0000E+00	1.8397E+00
8.5100E+02	0.0000E+00	0.0000E+00	1.8376E+00
8.5200E+02	0.0000E+00	0.0000E+00	1.8374E+00
8.5300E+02	0.0000E+00	0.0000E+00	1.8397E+00
8.5400E+02	0.0000E+00	0.0000E+00	1.8377E+00
8.5500E+02	0.0000E+00	0.0000E+00	1.8341E+00
8.5600E+02	0.0000E+00	0.0000E+00	1.8357E+00
8.5700E+02	0.0000E+00	0.0000E+00	1.8404E+00
8.5800E+02	0.0000E+00	0.0000E+00	1.8413E+00
8.5900E+02	0.0000E+00	0.0000E+00	1.8459E+00
8.6000E+02	0.0000E+00	0.0000E+00	1.8551E+00
8.6100E+02	0.0000E+00	0.0000E+00	1.8569E+00
8.6200E+02	0.0000E+00	0.0000E+00	1.8622E+00
8.6300E+02	0.0000E+00	0.0000E+00	1.8585E+00
8.6400E+02	0.0000E+00	0.0000E+00	1.8644E+00
8.6500E+02	0.0000E+00	0.0000E+00	1.8620E+00
8.6600E+02	0.0000E+00	0.0000E+00	1.8589E+00
8.6700E+02	0.0000E+00	0.0000E+00	1.8540E+00
8.6800E+02	0.0000E+00	0.0000E+00	1.8550E+00
8.6900E+02	0.0000E+00	0.0000E+00	1.8544E+00
8.7000E+02	0.0000E+00	0.0000E+00	1.8481E+00
8.7100E+02	0.0000E+00	0.0000E+00	1.8439E+00
8.7200E+02	0.0000E+00	0.0000E+00	1.8480E+00
8.7300E+02	0.0000E+00	0.0000E+00	1.8434E+00
8.7400E+02	0.0000E+00	0.0000E+00	1.8466E+00
8.7500E+02	0.0000E+00	0.0000E+00	1.8477E+00
8.7600E+02	0.0000E+00	0.0000E+00	1.8459E+00
8.7700E+02	0.0000E+00	0.0000E+00	1.8442E+00
8.7800E+02	0.0000E+00	0.0000E+00	1.8395E+00
8.7900E+02	0.0000E+00	0.0000E+00	1.8426E+00
8.8000E+02	0.0000E+00	0.0000E+00	1.8456E+00
8.8100E+02	0.0000E+00	0.0000E+00	1.8507E+00
8.8200E+02	0.0000E+00	0.0000E+00	1.8599E+00
8.8300E+02	0.0000E+00	0.0000E+00	1.8676E+00
8.8400E+02	0.0000E+00	0.0000E+00	1.8767E+00
8.8500E+02	0.0000E+00	0.0000E+00	1.8829E+00
8.8600E+02	0.0000E+00	0.0000E+00	1.8885E+00
8.8700E+02	0.0000E+00	0.0000E+00	1.8983E+00
8.8800E+02	0.0000E+00	0.0000E+00	1.8940E+00
8.8900E+02	0.0000E+00	0.0000E+00	1.9049E+00
8.9000E+02	0.0000E+00	0.0000E+00	1.9013E+00
8.9100E+02	0.0000E+00	0.0000E+00	1.8939E+00
8.9200E+02	0.0000E+00	0.0000E+00	1.8890E+00
8.9300E+02	0.0000E+00	0.0000E+00	1.8917E+00
8.9400E+02	0.0000E+00	0.0000E+00	1.8846E+00
8.9500E+02	0.0000E+00	0.0000E+00	1.8774E+00
8.9600E+02	0.0000E+00	0.0000E+00	1.8831E+00
8.9700E+02	0.0000E+00	0.0000E+00	1.8788E+00
8.9800E+02	0.0000E+00	0.0000E+00	1.8810E+00
8.9900E+02	0.0000E+00	0.0000E+00	1.8828E+00
9.0000E+02	0.0000E+00	0.0000E+00	1.8144E+00
9.0100E+02	0.0000E+00	0.0000E+00	1.8148E+00
9.0200E+02	0.0000E+00	0.0000E+00	1.8147E+00
9.0300E+02	0.0000E+00	0.0000E+00	1.8161E+00
9.0400E+02	0.0000E+00	0.0000E+00	1.8197E+00
9.0500E+02	0.0000E+00	0.0000E+00	1.8288E+00
9.0600E+02	0.0000E+00	0.0000E+00	1.8327E+00
9.0700E+02	0.0000E+00	0.0000E+00	1.8327E+00
9.0800E+02	0.0000E+00	0.0000E+00	1.8432E+00
9.0900E+02	0.0000E+00	0.0000E+00	1.8466E+00
9.1000E+02	0.0000E+00	0.0000E+00	1.8474E+00
9.1100E+02	0.0000E+00	0.0000E+00	1.8483E+00
9.1200E+02	0.0000E+00	0.0000E+00	1.8477E+00
9.1300E+02	0.0000E+00	0.0000E+00	1.8466E+00
9.1400E+02	0.0000E+00	0.0000E+00	1.8473E+00
9.1500E+02	0.0000E+00	0.0000E+00	1.8450E+00
9.1600E+02	0.0000E+00	0.0000E+00	1.8458E+00
9.1700E+02	0.0000E+00	0.0000E+00	1.8404E+00
9.1800E+02	0.0000E+00	0.0000E+00	1.8376E+00
9.1900E+02	0.0000E+00	0.0000E+00	1.8347E+00
9.2000E+02	0.0000E+00	0.0000E+00	1.8347E+00
9.2100E+02	0.0000E+00	0.0000E+00	1.8392E+00
9.2200E+02	0.0000E+00	0.0000E+00	1.8367E+00
9.2300E+02	0.0000E+00	0.0000E+00	1.8330E+00
9.2400E+02	0.0000E+00	0.0000E+00	1.8300E+00
9.2500E+02	0.0000E+00	0.0000E+00	1.8276E+00
9.2600E+02	0.0000E+00	0.0000E+00	1.8283E+00
9.2700E+02	0.0000E+00	0.0000E+00	1.8274E+00
9.2800E+02	0.0000E+00	0.0000E+00	1.8217E+00
9.2900E+02	0.0000E+00	0.0000E+00	1.8254E+00
9.3000E+02	0.0000E+00	0.0000E+00	1.8263E+00
9.3100E+02	0.0000E+00	0.0000E+00	1.8313E+00
9.3200E+02	0.0000E+00	0.0000E+00	1.8319E+00
9.3300E+02	0.0000E+00	0.0000E+00	1.8340E+00
9.3400E+02	0.0000E+00	0.0000E+00	1.8334E+00
9.3500E+02	0.0000E+00	0.0000E+00	1.8353E+00
9.3600E+02	0.0000E+00	0.0000E+00	1.8344E+00
9.3700E+02	0.0000E+00	0.0000E+00	1.8370E+00
9.3800E+02	0.0000E+00	0.0000E+00	1.8403E+00
9.3900E+02	0.0000E+00	0.0000E+00	1.8366E+00
9.4000E+02	0.0000E+00	0.0000E+00	1.8355E+00
9.4100E+02	0.0000E+00	0.0000E+00	1.8345E+00
9.4200E+02	0.0000E+00	0.0000E+00	1.8233E+00
9.4300E+02	0.0000E+00	0.0000E+00	1.8224E+00
9.4400E+02	0.0000E+00	0.0000E+00	1.8214E+00
9.4500E+02	0.0000E+00	0.0000E+00	1.8221E+00
9.4600E+02	0.0000E+00	0.0000E+00	1.8222E+00
9.4700E+02	0.0000E+00	0.0000E+00	1.8227E+00
9.4800E+02	0.0000E+00	0.0000E+00	1.8204E+00
9.4900E+02	0.0000E+00	0.0000E+00	1.8221E+00
9.5000E+02	0.0000E+00	0.0000E+00	1.8218E+00
9.5100E+02	0.0000E+00	0.0000E+00	1.8218E+00
9.5200E+02	0.0000E+00	0.0000E+00	1.8169E+00
9.5300E+02	0.0000E+00	0.0000E+00	1.8151E+00
9.5400E+02	0.0000E+00	0.0000E+00	1.8155E+00
9.5500E+02	0.0000E+00	0.0000E+00	1.8175E+00
9.5600E+02	0.0000E+00	0.0000E+00	1.8183E+00
9.5700E+02	0.0000E+00	0.0000E+00	1.8212E+00
9.5800E+02	0.0000E+00	0.0000E+00	1.8177E+00
9.5900E+02	0.0000E+00	0.0000E+00	1.8218E+00
9.6000E+02	0.0000E+00	0.0000E+00	1.8201E+00
9.6100E+02	0.0000E+00	0.0000E+00	1.8247E+00
9.6200E+02	0.0000E+00	0.0000E+00	1.8250E+00
9.6300E+02	0.0000E+00	0.0000E+00	1.8235E+00
9.6400E+02	0.0000E+00	0.0000E+00	1.8209E+00
9.6500E+02	0.0000E+00	0.0000E+00	1.8218E+00
9.6600E+02	0.0000E+00	0.0000E+00	1.8173E+00
9.6700E+02	0.0000E+00	0.0000E+00	1.8200E+00
9.6800E+02	0.0000E+00	0.0000E+00	1.8177E+00
9.6900E+02	0.0000E+00	0.0000E+00	1.8180E+00
9.7000E+02	0.0000E+00	0.0000E+00	1.8156E+00
9.7100E+02	0.0000E+00	0.0000E+00	1.8196E+00
9.7200E+02	0.0000E+00	0.0000E+00	1.8180E+00
9.7300E+02	0.0000E+00	0.0000E+00	1.8178E+00
9.7400E+02	0.0000E+00	0.0000E+00	1.8169E+00
9.7500E+02	0.0000E+00	0.0000E+00	1.8166E+00
9.7600E+02	0.0000E+00	0.0000E+00	1.8140E+00
9.7700E+02	0.0000E+00	0.0000E+00	1.8156E+00
9.7800E+02	0.0000E+00	0.0000E+00	1.8177E+00
9.7900E+02	0.0000E+00	0.0000E+00	1.8244E+00
9.8000E+02	0.0000E+00	0.0000E+00	1.8283E+00
9.8100E+02	0.0000E+00	0.0000E+00	1.8338E+00
9.8200E+02	0.0000E+00	0.0000E+00	1.8401E+00
9.8300E+02	0.0000E+00	0.0000E+00	1.8389E+00
9.8400E+02	0.0000E+00	0.0000E+00	1.8392E+00
9.8500E+02	0.0000E+00	0.0000E+00	1.8302E+00
9.8600E+02	0.0000E+00	0.0000E+00	1.8271E+00
9.8700E+02	0.0000E+00	0.0000E+00	1.8287E+00
9.8800E+02	0.0000E+00	0.0000E+00	1.8243E+00
9.8900E+02	0.0000E+00	0.0000E+00	1.8279E+00
9.9000E+02	0.0000E+00	0.0000E+00	1.8206E+00
9.9100E+02	0.0000E+00	0.0000E+00	1.8160E+00
9.9200E+02	0.0000E+00	0.0000E+00	1.8147E+00
9.9300E+02	0.0000E+00	0.0000E+00	1.8161E+00
9.9400E+02	0.0000E+00	0.0000E+00	1.8152E+00
9.9500E+02	0.0000E+00	0.0000E+00	1.8161E+00
9.9600E+02	0.0000E+00	0.0000E+00	1.8132E+00
9.9700E+02	0.0000E+00	0.0000E+00	1.8113E+00
9.9800E+02	0.0000E+00	0.0000E+00	1.8089E+00
9.9900E+02	0.0000E+00	0.0000E+00	1.8147E+00
1.0000E+03	0.0000E+00	0.0000E+00	1.8143E+00
1.0010E+03	0.0000E+00	0.0000E+00	1.8225E+00
1.0020E+03	0.0000E+00	0.0000E+00	1.8308E+00
1.0030E+03	0.0000E+00	0.0000E+00	1.8446E+00
1.0040E+03	0.0000E+00	0.0000E+00	1.8611E+00
1.0050E+03	0.0000E+00	0.0000E+00	1.8730E+00
1.0060E+03	0.0000E+00	0.0000E+00	1.8793E+00
1.0070E+03	0.0000E+00	0.0000E+00	1.8844E+00
1.0080E+03	0.0000E+00	0.0000E+00	1.8877E+00
1.0090E+03	0.0000E+00	0.0000E+00	1.8862E+00
1.0100E+03	0.0000E+00	0.0000E+00	1.8849E+00
1.0110E+03	0.0000E+00	0.0000E+00	1.8802E+00
1.0120E+03	0.0000E+00	0.0000E+00	1.8758E+00
1.0130E+03	0.0000E+00	0.0000E+00	1.8748E+00
1.0140E+03	0.0000E+00	0.0000E+00	1.8713E+00
1.0150E+03	0.0000E+00	0.0000E+00	1.8726E+00
1.0160E+03	0.0000E+00	0.0000E+00	1.8682E+00
1.0170E+03	0.0000E+00	0.0000E+00	1.8639E+00
1.0180E+03	0.0000E+00	0.0000E+00	1.8668E+00
1.0190E+03	0.0000E+00	0.0000E+00	1.8665E+00
1.0200E+03	0.0000E+00	0.0000E+00	1.8663E+00
1.0210E+03	0.0000E+00	0.0000E+00	1.8658E+00
1.0220E+03	0.0000E+00	0.0000E+00	1.8672E+00
1.0230E+03	0.0000E+00	0.0000E+00	1.8645E+00
1.0240E+03	0.0000E+00	0.0000E+00	1.8682E+00
1.0250E+03	0.0000E+00	0.0000E+00	1.8787E+00
1.0260E+03	0.0000E+00	0.0000E+00	1.8852E+00
1.0270E+03	0.0000E+00	0.0000E+00	1.8929E+00
1.0280E+03	0.0000E+00	0.0000E+00	1.9063E+00
1.0290E+03	0.0000E+00	0.0000E+00	1.9160E+00
1.0300E+03	0.0000E+00	0.0000E+00	1.9171E+00
1.0310E+03	0.0000E+00	0.0000E+00	1.9243E+00
1.0320E+03	0.0000E+00	0.0000E+00	1.9277E+00
1.0330E+03	0.0000E+00	0.0000E+00	1.9224E+00
1.0340E+03	0.0000E+00	0.0000E+00	1.9226E+00
1.0350E+03	0.0000E+00	0.0000E+00	1.9179E+00
1.0360E+03	0.0000E+00	0.0000E+00	1.9150E+00
1.0370E+03	0.0000E+00	0.0000E+00	1.9098E+00
1.0380E+03	0.0000E+00	0.0000E+00	1.9128E+00
1.0390E+03	0.0000E+00	0.0000E+00	1.9063E+00
1.0400E+03	0.0000E+00	0.0000E+00	1.9115E+00
1.0410E+03	0.0000E+00	0.0000E+00	1.9063E+00
1.0420E+03	0.0000E+00	0.0000E+00	1.9042E+00
1.0430E+03	0.0000E+00	0.0000E+00	1.9023E+00
1.0440E+03	0.0000E+00	0.0000E+00	1.8989E+00
1.0450E+03	0.0000E+00	0.0000E+00	1.8945E+00
1.0460E+03	0.0000E+00	0.0000E+00	1.9028E+00
1.0470E+03	0.0000E+00	0.0000E+00	1.9058E+00
1.0480E+03	0.0000E+00	0.0000E+00	1.9120E+00
1.0490E+03	0.0000E+00	0.0000E+00	1.9203E+00
1.0500E+03	0.0000E+00	0.0000E+00	1.9352E+00
1.0510E+03	0.0000E+00	0.0000E+00	1.9582E+00
1.0520E+03	0.0000E+00	0.0000E+00	1.9873E+00
1.0530E+03	0.0000E+00	0.0000E+00	2.0120E+00
1.0540E+03	0.0000E+00	0.0000E+00	2.0233E+00
1.0550E+03	0.0000E+00	0.0000E+00	2.0284E+00
1.0560E+03	0.0000E+00	0.0000E+00	2.0348E+00
1.0570E+03	0.0000E+00	0.0000E+00	2.0289E+00
1.0580E+03	0.0000E+00	0.0000E+00	2.0312E+00
1.0590E+03	0.0000E+00	0.0000E+00	2.0296E+00
1.0600E+03	0.0000E+00	0.0000E+00	2.0246E+00
1.0610E+03	0.0000E+00	0.0000E+00	2.0245E+00
1.0620E+03	0.0000E+00	0.0000E+00	2.0242E+00
1.0630E+03	0.0000E+00	0.0000E+00	2.0151E+00
1.0640E+03	0.0000E+00	0.0000E+00	2.0104E+00
1.0650E+03	0.0000E+00	0.0000E+00	2.0097E+00
1.0660E+03	0.0000E+00	0.0000E+00	2.0080E+00
1.0670E+03	0.0000E+00	0.0000E+00	2.0032E+00
1.0680E+03	0.0000E+00	0.0000E+00	2.0010E+00
1.0690E+03	0.0000E+00	0.0000E+00	2.0051E+00
1.0700E+03	0.0000E+00	0.0000E+00	2.0013E+00
1.0710E+03	0.0000E+00	0.0000E+00	2.0067E+00
1.0720E+03	0.0000E+00	0.0000E+00	2.0069E+00
1.0730E+03	0.0000E+00	0.0000E+00	2.0245E+00
1.0740E+03	0.0000E+00	0.0000E+00	2.0300E+00
1.0750E+03	0.0000E+00	0.0000E+00	2.0406E+00
1.0760E+03	0.0000E+00	0.0000E+00	2.0554E+00
1.0770E+03	0.0000E+00	0.0000E+00	2.0657E+00
1.0780E+03	0.0000E+00	0.0000E+00	2.0736E+00
1.0790E+03	0.0000E+00	0.0000E+00	2.0781E+00
1.0800E+03	0.0000E+00	0.0000E+00	2.0816E+00
1.0810E+03	0.0000E+00	0.0000E+00	2.0787E+00
1.0820E+03	0.0000E+00	0.0000E+00	2.0768E+00
1.0830E+03	0.0000E+00	0.0000E+00	2.0701E+00
1.0840E+03	0.0000E+00	0.0000E+00	2.0764E+00
1.0850E+03	0.0000E+00	0.0000E+00	2.0672E+00
1.0860E+03	0.0000E+00	0.0000E+00	2.0712E+00
1.0870E+03	0.0000E+00	0.0000E+00	2.0662E+00
1.0880E+03	0.0000E+00	0.0000E+00	2.0646E+00
1.0890E+03	0.0000E+00	0.0000E+00	2.0581E+00
1.0900E+03	0.0000E+00	0.0000E+00	2.0505E+00
1.0910E+03	0.0000E+00	0.0000E+00	2.0496E+00
1.0920E+03	0.0000E+00	0.0000E+00	2.0490E+00
1.0930E+03	0.0000E+00	0.0000E+00	2.0479E+00
1.0940E+03	0.0000E+00	0.0000E+00	2.0445E+00
1.0950E+03	0.0000E+00	0.0000E+00	2.0517E+00
1.0960E+03	0.0000E+00	0.0000E+00	2.0512E+00
1.0970E+03	0.0000E+00	0.0000E+00	2.0545E+00
1.0980E+03	0.0000E+00	0.0000E+00	2.0656E+00
1.0990E+03	0.0000E+00	0.0000E+00	2.0747E+00
1.1000E+03	0.0000E+00	0.0000E+00	2.0816E+00
1.1010E+03	0.0000E+00	0.0000E+00	2.0962E+00
1.1020E+03	0.0000E+00	0.0000E+00	2.0955E+00
1.1030E+03	0.0000E+00	0.0000E+00	2.0986E+00
1.1040E+03	0.0000E+00	0.0000E+00	2.1113E+00
1.1050E+03	0.0000E+00	0.0000E+00	2.1088E+00
1.1060E+03	0.0000E+00	0.0000E+00	2.1039E+00
1.1070E+03	0.0000E+00	0.0000E+00	2.0921E+00
1.1080E+03	0.0000E+00	0.0000E+00	2.0942E+00
1.1090E+03	0.0000E+00	0.0000E+00	2.0923E+00
1.1100E+03	0.0000E+00	0.0000E+00	2.0818E+00
1.1110E+03	0.0000E+00	0.0000E+00	2.0802E+00
1.1120E+03	0.0000E+00	0.0000E+00	2.0813E+00
1.1130E+03	0.0000E+00	0.0000E+00	2.0785E+00
1.1140E+03	0.0000E+00	0.0000E+00	2.0768E+00
1.1150E+03	0.0000E+00	0.0000E+00	2.0729E+00
1.1160E+03	0.0000E+00	0.0000E+00	2.0703E+00
1.1170E+03	0.0000E+00	0.0000E+00	2.0677E+00
1.1180E+03	0.0000E+00	0.0000E+00	2.0717E+00
1.1190E+03	0.0000E+00	0.0000E+00	2.0652E+00
1.1200E+03	0.0000E+00	0.0000E+00	2.0737E+00
1.1210E+03	0.0000E+00	0.0000E+00	2.0721E+00
1.1220E+03	0.0000E+00	0.0000E+00	2.0763E+00
1.1230E+03	0.0000E+00	0.0000E+00	2.0938E+00
1.1240E+03	0.0000E+00	0.0000E+00	2.1163E+00
1.1250E+03	0.0000E+00	0.0000E+00	2.1284E+00
1.1260E+03	0.0000E+00	0.0000E+00	2.1469E+00
1.1270E+03	0.0000E+00	0.0000E+00	2.1346E+00
1.1280E+03	0.0000E+00	0.0000E+00	2.1448E+00
1.1290E+03	0.0000E+00	0.0000E+00	2.1374E+00
1.1300E+03	0.0000E+00	0.0000E+00	2.1450E+00
1.1310E+03	0.0000E+00	0.0000E+00	2.1370E+00
1.1320E+03	0.0000E+00	0.0000E+00	2.1332E+00
1.1330E+03	0.0000E+00	0.0000E+00	2.1390E+00
1.1340E+03	0.0000E+00	0.0000E+00	2.1300E+00
1.1350E+03	0.0000E+00	0.0000E+00	2.1343E+00
1.1360E+03	0.0000E+00	0.0000E+00	2.1269E+00
1.1370E+03	0.0000E+00	0.0000E+00	2.1124E+00
1.1380E+03	0.0000E+00	0.0000E+00	2.1169E+00
1.1390E+03	0.0000E+00	0.0000E+00	2.1098E+00
1.1400E+03	0.0000E+00	0.0000E+00	2.1085E+00
1.1410E+03	0.0000E+00	0.0000E+00	2.1045E+00
1.1420E+03	0.0000E+00	0.0000E+00	2.0998E+00
1.1430E+03	0.0000E+00	0.0000E+00	2.1011E+00
1.1440E+03	0.0000E+00	0.0000E+00	2.1027E+00
1.1450E+03	0.0000E+00	0.0000E+00	2.1144E+00
1.1460E+03	0.0000E+00	0.0000E+00	2.1298E+00
1.1470E+03	0.0000E+00	0.0000E+00	2.1803E+00
1.1480E+03	0.0000E+00	0.0000E+00	2.1841E+00
1.1490E+03	0.0000E+00	0.0000E+00	2.2132E+00
1.1500E+03	0.0000E+00	0.0000E+00	2.2136E+00
1.1510E+03	0.0000E+00	0.0000E+00	2.2350E+00
1.1520E+03	0.0000E+00	0.0000E+00	2.2375E+00
1.1530E+03	0.0000E+00	0.0000E+00	2.2562E+00
1.1540E+03	0.0000E+00	0.0000E+00	2.2446E+00
1.1550E+03	0.0000E+00	0.0000E+00	2.2521E+00
1.1560E+03	0.0000E+00	0.0000E+00	2.2576E+00
1.1570E+03	0.0000E+00	0.0000E+00	2.2677E+00
1.1580E+03	0.0000E+00	0.0000E+00	2.2587E+00
1.1590E+03	0.0000E+00	0.0000E+00	2.2467E+00
1.1600E+03	0.0000E+00	0.0000E+00	2.2586E+00
1.1610E+03	0.0000E+00	0.0000E+00	2.2395E+00
1.1620E+03	0.0000E+00	0.0000E+00	2.2429E+00
1.1630E+03	0.0000E+00	0.0000E+00	2.2281E+00
1.1640E+03	0.0000E+00	0.0000E+00	2.2170E+00
1.1650E+03	0.0000E+00	0.0000E+00	2.2252E+00
1.1660E+03	0.0000E+00	0.0000E+00	2.2048E+00
1.1670E+03	0.0000E+00	0.0000E+00	2.2087E+00
1.1680E+03	0.0000E+00	0.0000E+00	2.2225E+00
1.1690E+03	0.0000E+00	0.0000E+00	2.2135E+00
1.1700E+03	0.0000E+00	0.0000E+00	2.2325E+00
1.1710E+03	0.0000E+00	0.0000E+00	2.2321E+00
1.1720E+03	0.0000E+00	0.0000E+00	2.2541E+00
1.1730E+03	0.0000E+00	0.0000E+00	2.2759E+00
1.1740E+03	0.0000E+00	0.0000E+00	2.2882E+00
1.1750E+03	0.0000E+00	0.0000E+00	2.2952E+00
1.1760E+03	0.0000E+00	0.0000E+00	2.3134E+00
1.1770E+03	0.0000E+00	0.0000E+00	2.3141E+00
1.1780E+03	0.0000E+00	0.0000E+00	2.3282E+00
1.1790E+03	0.0000E+00	0.0000E+00	2.3341E+00
1.1800E+03	0.0000E+00	0.0000E+00	2.3381E+00
1.1810E+03	0.0000E+00	0.0000E+00	2.3222E+00
1.1820E+03	0.0000E+00	0.0000E+00	2.3130E+00
1.1830E+03	0.0000E+00	0.0000E+00	2.3227E+00
1.1840E+03	0.0000E+00	0.0000E+00	2.3205E+00
1.1850E+03	0.0000E+00	0.0000E+00	2.3160E+00
1.1860E+03	0.0000E+00	0.0000E+00	2.3041E+00
1.1870E+03	0.0000E+00	0.0000E+00	2.3128E+00
1.1880E+03	0.0000E+00	0.0000E+00	2.2959E+00
1.1890E+03	0.0000E+00	0.0000E+00	2.2930E+00
1.1900E+03	0.0000E+00	0.0000E+00	2.2888E+00
1.1910E+03	0.0000E+00	0.0000E+00	2.2804E+00
1.1920E+03	0.0000E+00	0.0000E+00	2.2709E+00
1.1930E+03	0.0000E+00	0.0000E+00	2.2822E+00
1.1940E+03	0.0000E+00	0.0000E+00	2.2763E+00
1.1950E+03	0.0000E+00	0.0000E+00	2.2809E+00
1.1960E+03	0.0000E+00	0.0000E+00	2.2914E+00
1.1970E+03	0.0000E+00	0.0000E+00	2.3056E+00
1.1980E+03	0.0000E+00	0.0000E+00	2.2981E+00
1.1990E+03	0.0000E+00	0.0000E+00	2.3180E+00
1.2000E+03	0.0000E+00	0.0000E+00	2.3220E+00
1.2010E+03	0.0000E+00	0.0000E+00	2.3116E+00
1.2020E+03	0.0000E+00	0.0000E+00	2.3170E+00
1.2030E+03	0.0000E+00	0.0000E+00	2.3292E+00
1.2040E+03	0.0000E+00	0.0000E+00	2.3392E+00
1.2050E+03	0.0000E+00	0.0000E+00	2.3245E+00
1.2060E+03	0.0000E+00	0.0000E+00	2.3385E+00
1.2070E+03	0.0000E+00	0.0000E+00	2.3175E+00
1.2080E+03	0.0000E+00	0.0000E+00	2.3300E+00
1.2090E+03	0.0000E+00	0.0000E+00	2.3280E+00
1.2100E+03	0.0000E+00	0.0000E+00	2.3007E+00
1.2110E+03	0.0000E+00	0.0000E+00	2.3068E+00
1.2120E+03	0.0000E+00	0.0000E+00	2.3063E+00
1.2130E+03	0.0000E+00	0.0000E+00	2.2877E+00
1.2140E+03	0.0000E+00	0.0000E+00	2.2892E+00
1.2150E+03	0.0000E+00	0.0000E+00	2.2763E+00
1.2160E+03	0.0000E+00	0.0000E+00	2.2855E+00
1.2170E+03	0.0000E+00	0.0000E+00	2.2872E+00
1.2180E+03	0.0000E+00	0.0000E+00	2.2847E+00
1.2190E+03	0.0000E+00	0.0000E+00	2.3067E+00
1.2200E+03	0.0000E+00	0.0000E+00	2.3075E+00
1.2210E+03	0.0000E+00	0.0000E+00	2.3247E+00
1.2220E+03	0.0000E+00	0.0000E+00	2.3395E+00
1.2230E+03	0.0000E+00	0.0000E+00	2.3506E+00
1.2240E+03	0.0000E+00	0.0000E+00	2.3650E+00
1.2250E+03	0.0000E+00	0.0000E+00	2.3589E+00
1.2260E+03	0.0000E+00	0.0000E+00	2.3823E+00
1.2270E+03	0.0000E+00	0.0000E+00	2.3844E+00
1.2280E+03	0.0000E+00	0.0000E+00	2.3828E+00
1.2290E+03	0.0000E+00	0.0000E+00	2.3862E+00
1.2300E+03	0.0000E+00	0.0000E+00	2.3764E+00
1.2310E+03	0.0000E+00	0.0000E+00	2.3741E+00
1.2320E+03	0.0000E+00	0.0000E+00	2.3692E+00
1.2330E+03	0.0000E+00	0.0000E+00	2.3637E+00
1.2340E+03	0.0000E+00	0.0000E+00	2.3522E+00
1.2350E+03	0.0000E+00	0.0000E+00	2.3540E+00
1.2360E+03	0.0000E+00	0.0000E+00	2.3246E+00
1.2370E+03	0.0000E+00	0.0000E+00	2.3450E+00
1.2380E+03	0.0000E+00	0.0000E+00	2.3302E+00
1.2390E+03	0.0000E+00	0.0000E+00	2.3098E+00
1.2400E+03	0.0000E+00	0.0000E+00	2.3213E+00
1.2410E+03	0.0000E+00	0.0000E+00	2.3112E+00
1.2420E+03	0.0000E+00	0.0000E+00	2.3020E+00
1.2430E+03	0.0000E+00	0.0000E+00	2.3262E+00
1.2440E+03	0.0000E+00	0.0000E+00	2.3067E+00
1.2450E+03	0.0000E+00	0.0000E+00	2.3202E+00
1.2460E+03	0.0000E+00	0.0000E+00	2.3193E+00
1.2470E+03	0.0000E+00	0.0000E+00	2.3332E+00
1.2480E+03	0.0000E+00	0.0000E+00	2.3401E+00
1.2490E+03	0.0000E+00	0.0000E+00	2.3347E+00
1.2500E+03	0.0000E+00	0.0000E+00	2.3372E+00
1.2510E+03	0.0000E+00	0.0000E+00	2.3240E+00
1.2520E+03	0.0000E+00	0.0000E+00	2.3358E+00
1.2530E+03	0.0000E+00	0.0000E+00	2.3310E+00
1.2540E+03	0.0000E+00	0.0000E+00	2.3377E+00
1.2550E+03	0.0000E+00	0.0000E+00	2.3284E+00
1.2560E+03	0.0000E+00	0.0000E+00	2.3269E+00
1.2570E+03	0.0000E+00	0.0000E+00	2.3067E+00
1.2580E+03	0.0000E+00	0.0000E+00	2.3229E+00
1.2590E+03	0.0000E+00	0.0000E+00	2.3036E+00
1.2600E+03	0.0000E+00	0.0000E+00	2.2996E+00
1.2610E+03	0.0000E+00	0.0000E+00	2.2968E+00
1.2620E+03	0.0000E+00	0.0000E+00	2.2924E+00
1.2630E+03	0.0000E+00	0.0000E+00	2.2694E+00
1.2640E+03	0.0000E+00	0.0000E+00	2.2670E+00
1.2650E+03	0.0000E+00	0.0000E+00	2.2771E+00
1.2660E+03	0.0000E+00	0.0000E+00	2.2729E+00
1.2670E+03	0.0000E+00	0.0000E+00	2.2769E+00
1.2680E+03	0.0000E+00	0.0000E+00	2.2793E+00
1.2690E+03	0.0000E+00	0.0000E+00	2.2918E+00
1.2700E+03	0.0000E+00	0.0000E+00	2.3003E+00
1.2710E+03	0.0000E+00	0.0000E+00	2.2920E+00
1.2720E+03	0.0000E+00	0.0000E+00	2.3160E+00
1.2730E+03	0.0000E+00	0.0000E+00	2.3223E+00
1.2740E+03	0.0000E+00	0.0000E+00	2.3093E+00
1.2750E+03	0.0000E+00	0.0000E+00	2.3217E+00
1.2760E+03	0.0000E+00	0.0000E+00	2.3151E+00
1.2770E+03	0.0000E+00	0.0000E+00	2.3222E+00
1.2780E+03	0.0000E+00	0.0000E+00	2.3157E+00
1.2790E+03	0.0000E+00	0.0000E+00	2.3139E+00
1.2800E+03	0.0000E+00	0.0000E+00	2.3032E+00
1.2810E+03	0.0000E+00	0.0000E+00	2.2990E+00
1.2820E+03	0.0000E+00	0.0000E+00	2.2994E+00
1.2830E+03	0.0000E+00	0.0000E+00	2.2683E+00
1.2840E+03	0.0000E+00	0.0000E+00	2.2824E+00
1.2850E+03	0.0000E+00	0.0000E+00	2.2813E+00
1.2860E+03	0.0000E+00	0.0000E+00	2.2692E+00
1.2870E+03	0.0000E+00	0.0000E+00	2.2556E+00
1.2880E+03	0.0000E+00	0.0000E+00	2.2535E+00
1.2890E+03	0.0000E+00	0.0000E+00	2.2377E+00
1.2900E+03	0.0000E+00	0.0000E+00	2.2450E+00
1.2910E+03	0.0000E+00	0.0000E+00	2.2512E+00
1.2920E+03	0.0000E+00	0.0000E+00	2.2635E+00
1.2930E+03	0.0000E+00	0.0000E+00	2.2731E+00
1.2940E+03	0.0000E+00	0.0000E+00	2.2726E+00
1.2950E+03	0.0000E+00	0.0000E+00	2.2796E+00
1.2960E+03	0.0000E+00	0.0000E+00	2.2894E+00
1.2970E+03	0.0000E+00	0.0000E+00	2.2852E+00
1.2980E+03	0.0000E+00	0.0000E+00	2.3077E+00
1.2990E+03	0.0000E+00	0.0000E+00	2.3006E+00
1.3000E+03	0.0000E+00	0.0000E+00	2.3077E+00
1.3010E+03	0.0000E+00	0.0000E+00	2.3067E+00
1.3020E+03	0.0000E+00	0.0000E+00	2.3053E+00
1.3030E+03	0.0000E+00	0.0000E+00	2.2929E+00
1.3040E+03	0.0000E+00	0.0000E+00	2.2899E+00
1.3050E+03	0.0000E+00	0.0000E+00	2.2755E+00
1.3060E+03	0.0000E+00	0.0000E+00	2.2737E+00
1.3070E+03	0.0000E+00	0.0000E+00	2.2813E+00
1.3080E+03	0.0000E+00	0.0000E+00	2.2629E+00
1.3090E+03	0.0000E+00	0.0000E+00	2.2665E+00
1.3100E+03	0.0000E+00	0.0000E+00	2.2554E+00
1.3110E+03	0.0000E+00	0.0000E+00	2.2587E+00
1.3120E+03	0.0000E+00	0.0000E+00	2.2387E+00
1.3130E+03	0.0000E+00	0.0000E+00	2.2368E+00
1.3140E+03	0.0000E+00	0.0000E+00	2.2402E+00
1.3150E+03	0.0000E+00	0.0000E+00	2.2483E+00
1.3160E+03	0.0000E+00	0.0000E+00	2.2633E+00
1.3170E+03	0.0000E+00	0.0000E+00	2.2775E+00
1.3180E+03	0.0000E+00	0.0000E+00	2.2986E+00
1.3190E+03	0.0000E+00	0.0000E+00	2.3046E+00
1.3200E+03	0.0000E+00	0.0000E+00	2.3091E+00
1.3210E+03	0.0000E+00	0.0000E+00	2.3215E+00
1.3220E+03	0.0000E+00	0.0000E+00	2.3437E+00
1.3230E+03	0.0000E+00	0.0000E+00	2.3398E+00
1.3240E+03	0.0000E+00	0.0000E+00	2.3514E+00
1.3250E+03	0.0000E+00	0.0000E+00	2.3581E+00
1.3260E+03	0.0000E+00	0.0000E+00	2.3397E+00
1.3270E+03	0.0000E+00	0.0000E+00	2.3481E+00
1.3280E+03	0.0000E+00	0.0000E+00	2.3574E+00
1.3290E+03	0.0000E+00	0.0000E+00	2.3455E+00
1.3300E+03	0.0000E+00	0.0000E+00	2.3452E+00
1.3310E+03	0.0000E+00	0.0000E+00	2.3358E+00
1.3320E+03	0.0000E+00	0.0000E+00	2.3346E+00
1.3330E+03	0.0000E+00	0.0000E+00	2.3135E+00
1.3340E+03	0.0000E+00	0.0000E+00	2.3102E+00
1.3350E+03	0.0000E+00	0.0000E+00	2.3106E+00
1.3360E+03	0.0000E+00	0.0000E+00	2.2942E+00
1.3370E+03	0.0000E+00	0.0000E+00	2.2978E+00
1.3380E+03	0.0000E+00	0.0000E+00	2.2863E+00
1.3390E+03	0.0000E+00	0.0000E+00	2.3073E+00
1.3400E+03	0.0000E+00	0.0000E+00	2.3120E+00
1.3410E+03	0.0000E+00	0.0000E+00	2.3099E+00
1.3420E+03	0.0000E+00	0.0000E+00	2.3321E+00
1.3430E+03	0.0000E+00	0.0000E+00	2.3398E+00
1.3440E+03	0.0000E+00	0.0000E+00	2.3519E+00
1.3450E+03	0.0000E+00	0.0000E+00	2.3763E+00
1.3460E+03	0.0000E+00	0.0000E+00	2.3827E+00
1.3470E+03	0.0000E+00	0.0000E+00	2.3884E+00
1.3480E+03	0.0000E+00	0.0000E+00	2.3891E+00
1.3490E+03	0.0000E+00	0.0000E+00	2.4009E+00
1.3500E+03	0.0000E+00	0.0000E+00	2.4112E+00
1.3510E+03	0.0000E+00	0.0000E+00	2.4109E+00
1.3520E+03	0.0000E+00	0.0000E+00	2.3986E+00
1.3530E+03	0.0000E+00	0.0000E+00	2.3905E+00
1.3540E+03	0.0000E+00	0.0000E+00	2.3995E+00
1.3550E+03	0.0000E+00	0.0000E+00	2.3985E+00
1.3560E+03	0.0000E+00	0.0000E+00	2.3918E+00
1.3570E+03	0.0000E+00	0.0000E+00	2.3966E+00
1.3580E+03	0.0000E+00	0.0000E+00	2.3803E+00
1.3590E+03	0.0000E+00	0.0000E+00	2.3727E+00
1.3600E+03	0.0000E+00	0.0000E+00	2.3743E+00
1.3610E+03	0.0000E+00	0.0000E+00	2.3607E+00
1.3620E+03	0.0000E+00	0.0000E+00	2.3524E+00
1.3630E+03	0.0000E+00	0.0000E+00	2.3503E+00
1.3640E+03	0.0000E+00	0.0000E+00	2.3570E+00
1.3650E+03	0.0000E+00	0.0000E+00	2.3571E+00
1.3660E+03	0.0000E+00	0.0000E+00	2.3707E+00
1.3670E+03	0.0000E+00	0.0000E+00	2.3900E+00
1.3680E+03	0.0000E+00	0.0000E+00	2.3971E+00
1.3690E+03	0.0000E+00	0.0000E+00	2.4151E+00
1.3700E+03	0.0000E+00	0.0000E+00	2.4166E+00
1.3710E+03	0.0000E+00	0.0000E+00	2.4157E+00
1.3720E+03	0.0000E+00	0.0000E+00	2.4019E+00
1.3730E+03	0.0000E+00	0.0000E+00	2.4184E+00
1.3740E+03	0.0000E+00	0.0000E+00	2.4083E+00
1.3750E+03	0.0000E+00	0.0000E+00	2.4108E+00
1.3760E+03	0.0000E+00	0.0000E+00	2.4111E+00
1.3770E+03	0.0000E+00	0.0000E+00	2.3920E+00
1.3780E+03	0.0000E+00	0.0000E+00	2.3836E+00
1.3790E+03	0.0000E+00	0.0000E+00	2.3856E+00
1.3800E+03	0.0000E+00	0.0000E+00	2.3780E+00
1.3810E+03	0.0000E+00	0.0000E+00	2.3775E+00
1.3820E+03	0.0000E+00	0.0000E+00	2.3757E+00
1.3830E+03	0.0000E+00	0.0000E+00	2.3566E+00
1.3840E+03	0.0000E+00	0.0000E+00	2.3619E+00
1.3850E+03	0.0000E+00	0.0000E+00	2.3514E+00
1.3860E+03	0.0000E+00	0.0000E+00	2.3383E+00
1.3870E+03	0.0000E+00	0.0000E+00	2.3423E+00
1.3880E+03	0.0000E+00	0.0000E+00	2.3300E+00
1.3890E+03	0.0000E+00	0.0000E+00	2.3307E+00
1.3900E+03	0.0000E+00	0.0000E+00	2.3456E+00
1.3910E+03	0.0000E+00	0.0000E+00	2.3620E+00
1.3920E+03	0.0000E+00	0.0000E+00	2.3546E+00
1.3930E+03	0.0000E+00	0.0000E+00	2.3621E+00
1.3940E+03	0.0000E+00	0.0000E+00	2.3730E+00
1.3950E+03	0.0000E+00	0.0000E+00	2.3748E+00
1.3960E+03	0.0000E+00	0.0000E+00	2.3782E+00
1.3970E+03	0.0000E+00	0.0000E+00	2.3737E+00
1.3980E+03	0.0000E+00	0.0000E+00	2.3700E+00
1.3990E+03	0.0000E+00	0.0000E+00	2.3665E+00
1.4000E+03	0.0000E+00	0.0000E+00	2.3632E+00
1.4010E+03	0.0000E+00	0.0000E+00	2.3553E+00
1.4020E+03	0.0000E+00	0.0000E+00	2.3497E+00
1.4030E+03	0.0000E+00	0.0000E+00	2.3435E+00
1.4040E+03	0.0000E+00	0.0000E+00	2.3450E+00
1.4050E+03	0.0000E+00	0.0000E+00	2.3331E+00
1.4060E+03	0.0000E+00	0.0000E+00	2.3285E+00
1.4070E+03	0.0000E+00	0.0000E+00	2.3182E+00
1.4080E+03	0.0000E+00	0.0000E+00	2.3168E+00
1.4090E+03	0.0000E+00	0.0000E+00	2.2975E+00
1.4100E+03	0.0000E+00	0.0000E+00	2.2987E+00
1.4110E+03	0.0000E+00	0.0000E+00	2.2879E+00
1.4120E+03	0.0000E+00	0.0000E+00	2.3145E+00
1.4130E+03	0.0000E+00	0.0000E+00	2.3118E+00
1.4140E+03	0.0000E+00	0.0000E+00	2.3044E+00
1.4150E+03	0.0000E+00	0.0000E+00	2.3258E+00
1.4160E+03	0.0000E+00	0.0000E+00	2.3367E+00
1.4170E+03	0.0000E+00	0.0000E+00	2.3463E+00
1.4180E+03	0.0000E+00	0.0000E+00	2.3669E+00
1.4190E+03	0.0000E+00	0.0000E+00	2.3473E+00
1.4200E+03	0.0000E+00	0.0000E+00	2.3550E+00
1.4210E+03	0.0000E+00	0.0000E+00	2.3597E+00
1.4220E+03	0.0000E+00	0.0000E+00	2.3571E+00
1.4230E+03	0.0000E+00	0.0000E+00	2.3539E+00
1.4240E+03	0.0000E+00	0.0000E+00	2.3460E+00
1.4250E+03	0.0000E+00	0.0000E+00	2.3631E+00
1.4260E+03	0.0000E+00	0.0000E+00	2.3601E+00
1.4270E+03	0.0000E+00	0.0000E+00	2.3443E+00
1.4280E+03	0.0000E+00	0.0000E+00	2.3379E+00
1.4290E+03	0.0000E+00	0.0000E+00	2.3268E+00
1.4300E+03	0.0000E+00	0.0000E+00	2.3135E+00
1.4310E+03	0.0000E+00	0.0000E+00	2.3143E+00
1.4320E+03	0.0000E+00	0.0000E+00	2.3040E+00
1.4330E+03	0.0000E+00	0.0000E+00	2.3009E+00
1.4340E+03	0.0000E+00	0.0000E+00	2.2883E+00
1.4350E+03	0.0000E+00	0.0000E+00	2.2908E+00
1.4360E+03	0.0000E+00	0.0000E+00	2.3047E+00
1.4370E+03	0.0000E+00	0.0000E+00	2.3090E+00
1.4380E+03	0.0000E+00	0.0000E+00	2.2960E+00
1.4390E+03	0.0000E+00	0.0000E+00	2.3148E+00
1.4400E+03	0.0000E+00	0.0000E+00	2.3125E+00
1.4410E+03	0.0000E+00	0.0000E+00	2.3199E+00
1.4420E+03	0.0000E+00	0.0000E+00	2.3183E+00
1.4430E+03	0.0000E+00	0.0000E+00	2.3126E+00
1.4440E+03	0.0000E+00	0.0000E+00	2.3166E+00
1.4450E+03	0.0000E+00	0.0000E+00	2.3125E+00
1.4460E+03	0.0000E+00	0.0000E+00	2.3036E+00
1.4470E+03	0.0000E+00	0.0000E+00	2.3116E+00
1.4480E+03	0.0000E+00	0.0000E+00	2.2987E+00
1.4490E+03	0.0000E+00	0.0000E+00	2.3032E+00
1.4500E+03	0.0000E+00	0.0000E+00	2.3046E+00
1.4510E+03	0.0000E+00	0.0000E+00	2.2934E+00
1.4520E+03	0.0000E+00	0.0000E+00	2.2920E+00
1.4530E+03	0.0000E+00	0.0000E+00	2.2817E+00
1.4540E+03	0.0000E+00	0.0000E+00	2.2719E+00
1.4550E+03	0.0000E+00	0.0000E+00	2.2579E+00
1.4560E+03	0.0000E+00	0.0000E+00	2.2624E+00
1.4570E+03	0.0000E+00	0.0000E+00	2.2594E+00
1.4580E+03	0.0000E+00	0.0000E+00	2.2571E+00
1.4590E+03	0.0000E+00	0.0000E+00	2.2680E+00
1.4600E+03	0.0000E+00	0.0000E+00	2.2716E+00
1.4610E+03	0.0000E+00	0.0000E+00	2.2829E+00
1.4620E+03	0.0000E+00	0.0000E+00	2.2799E+00
1.4630E+03	0.0000E+00	0.0000E+00	2.2729E+00
1.4640E+03	0.0000E+00	0.0000E+00	2.2787E+00
1.4650E+03	0.0000E+00	0.0000E+00	2.2873E+00
1.4660E+03	0.0000E+00	0.0000E+00	2.2685E+00
1.4670E+03	0.0000E+00	0.0000E+00	2.2902E+00
1.4680E+03	0.0000E+00	0.0000E+00	2.2828E+00
1.4690E+03	0.0000E+00	0.0000E+00	2.2796E+00
1.4700E+03	0.0000E+00	0.0000E+00	2.2835E+00
1.4710E+03	0.0000E+00	0.0000E+00	2.2823E+00
1.4720E+03	0.0000E+00	0.0000E+00	2.2775E+00
1.4730E+03	0.0000E+00	0.0000E+00	2.2727E+00
1.4740E+03	0.0000E+00	0.0000E+00	2.2609E+00
1.4750E+03	0.0000E+00	0.0000E+00	2.2596E+00
1.4760E+03	0.0000E+00	0.0000E+00	2.2536E+00
1.4770E+03	0.0000E+00	0.0000E+00	2.2394E+00
1.4780E+03	0.0000E+00	0.0000E+00	2.2385E+00
1.4790E+03	0.0000E+00	0.0000E+00	2.2434E+00
1.4800E+03	0.0000E+00	0.0000E+00	2.2435E+00
1.4810E+03	0.0000E+00	0.0000E+00	2.2394E+00
1.4820E+03	0.0000E+00	0.0000E+00	2.2372E+00
1.4830E+03	0.0000E+00	0.0000E+00	2.2377E+00
1.4840E+03	0.0000E+00	0.0000E+00	2.2389E+00
1.4850E+03	0.0000E+00	0.0000E+00	2.2637E+00
1.4860E+03	0.0000E+00	0.0000E+00	2.2617E+00
1.4870E+03	0.0000E+00	0.0000E+00	2.2815E+00
1.4880E+03	0.0000E+00	0.0000E+00	2.2875E+00
1.4890E+03	0.0000E+00	0.0000E+00	2.2955E+00
1.4900E+03	0.0000E+00	0.0000E+00	2.2982E+00
1.4910E+03	0.0000E+00	0.0000E+00	2.3224E+00
1.4920E+03	0.0000E+00	0.0000E+00	2.3247E+00
1.4930E+03	0.0000E+00	0.0000E+00	2.3232E+00
1.4940E+03	0.0000E+00	0.0000E+00	2.3211E+00
1.4950E+03	0.0000E+00	0.0000E+00	2.3069E+00
1.4960E+03	0.0000E+00	0.0000E+00	2.3061E+00
1.4970E+03	0.0000E+00	0.0000E+00	2.2997E+00
1.4980E+03	0.0000E+00	0.0000E+00	2.2862E+00
1.4990E+03	0.0000E+00	0.0000E+00	2.2974E+00
1.5000E+03	0.0000E+00	0.0000E+00	2.2765E+00
1.5010E+03	0.0000E+00	0.0000E+00	2.2812E+00
1.5020E+03	0.0000E+00	0.0000E+00	2.2698E+00
1.5030E+03	0.0000E+00	0.0000E+00	2.2639E+00
1.5040E+03	0.0000E+00	0.0000E+00	2.2693E+00
1.5050E+03	0.0000E+00	0.0000E+00	2.2558E+00
1.5060E+03	0.0000E+00	0.0000E+00	2.2512E+00
1.5070E+03	0.0000E+00	0.0000E+00	2.2528E+00
1.5080E+03	0.0000E+00	0.0000E+00	2.2605E+00
1.5090E+03	0.0000E+00	0.0000E+00	2.2711E+00
1.5100E+03	0.0000E+00	0.0000E+00	2.2831E+00
1.5110E+03	0.0000E+00	0.0000E+00	2.3008E+00
1.5120E+03	0.0000E+00	0.0000E+00	2.3115E+00
1.5130E+03	0.0000E+00	0.0000E+00	2.3221E+00
1.5140E+03	0.0000E+00	0.0000E+00	2.3138E+00
1.5150E+03	0.0000E+00	0.0000E+00	2.3337E+00
1.5160E+03	0.0000E+00	0.0000E+00	2.3372E+00
1.5170E+03	0.0000E+00	0.0000E+00	2.3225E+00
1.5180E+03	0.0000E+00	0.0000E+00	2.3406E+00
1.5190E+03	0.0000E+00	0.0000E+00	2.3182E+00
1.5200E+03	0.0000E+00	0.0000E+00	2.3193E+00
1.5210E+03	0.0000E+00	0.0000E+00	2.3168E+00
1.5220E+03	0.0000E+00	0.0000E+00	2.3009E+00
1.5230E+03	0.0000E+00	0.0000E+00	2.3000E+00
1.5240E+03	0.0000E+00	0.0000E+00	2.2903E+00
1.5250E+03	0.0000E+00	0.0000E+00	2.2888E+00
1.5260E+03	0.0000E+00	0.0000E+00	2.2871E+00
1.5270E+03	0.0000E+00	0.0000E+00	2.2651E+00
1.5280E+03	0.0000E+00	0.0000E+00	2.2567E+00
1.5290E+03	0.0000E+00	0.0000E+00	2.2504E+00
1.5300E+03	0.0000E+00	0.0000E+00	2.2532E+00
1.5310E+03	0.0000E+00	0.0000E+00	2.2524E+00
1.5320E+03	0.0000E+00	0.0000E+00	2.2476E+00
1.5330E+03	0.0000E+00	0.0000E+00	2.2508E+00
1.5340E+03	0.0000E+00	0.0000E+00	2.2612E+00
1.5350E+03	0.0000E+00	0.0000E+00	2.2734E+00
1.5360E+03	0.0000E+00	0.0000E+00	2.2697E+00
1.5370E+03	0.0000E+00	0.0000E+00	2.2859E+00
1.5380E+03	0.0000E+00	0.0000E+00	2.2997E+00
1.5390E+03	0.0000E+00	0.0000E+00	2.2950E+00
1.5400E+03	0.0000E+00	0.0000E+00	2.2936E+00
1.5410E+03	0.0000E+00	0.0000E+00	2.3016E+00
1.5420E+03	0.0000E+00	0.0000E+00	2.2899E+00
1.5430E+03	0.0000E+00	0.0000E+00	2.2937E+00
1.5440E+03	0.0000E+00	0.0000E+00	2.2826E+00
1.5450E+03	0.0000E+00	0.0000E+00	2.2909E+00
1.5460E+03	0.0000E+00	0.0000E+00	2.2820E+00
1.5470E+03	0.0000E+00	0.0000E+00	2.2834E+00
1.5480E+03	0.0000E+00	0.0000E+00	2.2713E+00
1.5490E+03	0.0000E+00	0.0000E+00	2.2629E+00
1.5500E+03	0.0000E+00	0.0000E+00	2.2613E+00
1.5510E+03	0.0000E+00	0.0000E+00	2.2602E+00
1.5520E+03	0.0000E+00	0.0000E+00	2.2498E+00
1.5530E+03	0.0000E+00	0.0000E+00	2.2371E+00
1.5540E+03	0.0000E+00	0.0000E+00	2.2355E+00
1.5550E+03	0.0000E+00	0.0000E+00	2.2459E+00
1.5560E+03	0.0000E+00	0.0000E+00	2.2411E+00
1.5570E+03	0.0000E+00	0.0000E+00	2.2572E+00
1.5580E+03	0.0000E+00	0.0000E+00	2.2429E+00
1.5590E+03	0.0000E+00	0.0000E+00	2.2440E+00
1.5600E+03	0.0000E+00	0.0000E+00	2.2296E+00
1.5610E+03	0.0000E+00	0.0000E+00	2.2109E+00
1.5620E+03	0.0000E+00	0.0000E+00	2.2047E+00
1.5630E+03	0.0000E+00	0.0000E+00	2.1971E+00
1.5640E+03	0.0000E+00	0.0000E+00	2.1934E+00
1.5650E+03	0.0000E+00	0.0000E+00	2.1871E+00
1.5660E+03	0.0000E+00	0.0000E+00	2.1730E+00
1.5670E+03	0.0000E+00	0.0000E+00	2.1620E+00
1.5680E+03	0.0000E+00	0.0000E+00	2.1660E+00
1.5690E+03	0.0000E+00	0.0000E+00	2.1629E+00
1.5700E+03	0.0000E+00	0.0000E+00	2.1512E+00
1.5710E+03	0.0000E+00	0.0000E+00	2.1522E+00
1.5720E+03	0.0000E+00	0.0000E+00	2.1347E+00
1.5730E+03	0.0000E+00	0.0000E+00	2.1430E+00
1.5740E+03	0.0000E+00	0.0000E+00	2.1298E+00
1.5750E+03	0.0000E+00	0.0000E+00	2.1315E+00
1.5760E+03	0.0000E+00	0.0000E+00	2.1257E+00
1.5770E+03	0.0000E+00	0.0000E+00	2.1186E+00
1.5780E+03	0.0000E+00	0.0000E+00	2.1138E+00
1.5790E+03	0.0000E+00	0.0000E+00	2.1124E+00
1.5800E+03	0.0000E+00	0.0000E+00	2.1046E+00
1.5810E+03	0.0000E+00	0.0000E+00	2.1075E+00
1.5820E+03	0.0000E+00	0.0000E+00	2.0933E+00
1.5830E+03	0.0000E+00	0.0000E+00	2.0894E+00
1.5840E+03	0.0000E+00	0.0000E+00	2.0905E+00
1.5850E+03	0.0000E+00	0.0000E+00	2.0860E+00
1.5860E+03	0.0000E+00	0.0000E+00	2.0895E+00
1.5870E+03	0.0000E+00	0.0000E+00	2.0751E+00
1.5880E+03	0.0000E+00	0.0000E+00	2.0732E+00
1.5890E+03	0.0000E+00	0.0000E+00	2.0680E+00
1.5900E+03	0.0000E+00	0.0000E+00	2.0575E+00
1.5910E+03	0.0000E+00	0.0000E+00	2.0574E+00
1.5920E+03	0.0000E+00	0.0000E+00	2.0599E+00
1.5930E+03	0.0000E+00	0.0000E+00	2.0563E+00
1.5940E+03	0.0000E+00	0.0000E+00	2.0538E+00
1.5950E+03	0.0000E+00	0.0000E+00	2.0535E+00
1.5960E+03	0.0000E+00	0.0000E+00	2.0488E+00
1.5970E+03	0.0000E+00	0.0000E+00	2.0497E+00
1.5980E+03	0.0000E+00	0.0000E+00	2.0449E+00
1.5990E+03	0.0000E+00	0.0000E+00	2.0412E+00
1.6000E+03	0.0000E+00	0.0000E+00	2.0336E+00
1.6010E+03	0.0000E+00	0.0000E+00	2.0253E+00
1.6020E+03	0.0000E+00	0.0000E+00	2.0292E+00
1.6030E+03	0.0000E+00	0.0000E+00	2.0285E+00
1.6040E+03	0.0000E+00	0.0000E+00	2.0338E+00
1.6050E+03	0.0000E+00	0.0000E+00	2.0339E+00
1.6060E+03	0.0000E+00	0.0000E+00	2.0441E+00
1.6070E+03	0.0000E+00	0.0000E+00	2.0515E+00
1.6080E+03	0.0000E+00	0.0000E+00	2.0553E+00
1.6090E+03	0.0000E+00	0.0000E+00	2.0603E+00
1.6100E+03	0.0000E+00	0.0000E+00	2.0582E+00
1.6110E+03	0.0000E+00	0.0000E+00	2.0627E+00
1.6120E+03	0.0000E+00	0.0000E+00	2.0622E+00
1.6130E+03	0.0000E+00	0.0000E+00	2.0511E+00
1.6140E+03	0.0000E+00	0.0000E+00	2.0464E+00
1.6150E+03	0.0000E+00	0.0000E+00	2.0441E+00
1.6160E+03	0.0000E+00	0.0000E+00	2.0420E+00
1.6170E+03	0.0000E+00	0.0000E+00	2.0395E+00
1.6180E+03	0.0000E+00	0.0000E+00	2.0431E+00
1.6190E+03	0.0000E+00	0.0000E+00	2.0397E+00
1.6200E+03	0.0000E+00	0.0000E+00	2.0392E+00
1.6210E+03	0.0000E+00	0.0000E+00	2.0326E+00
1.6220E+03	0.0000E+00	0.0000E+00	2.0343E+00
1.6230E+03	0.0000E+00	0.0000E+00	2.0245E+00
1.6240E+03	0.0000E+00	0.0000E+00	2.0242E+00
1.6250E+03	0.0000E+00	0.0000E+00	2.0272E+00
1.6260E+03	0.0000E+00	0.0000E+00	2.0217E+00
1.6270E+03	0.0000E+00	0.0000E+00	2.0244E+00
1.6280E+03	0.0000E+00	0.0000E+00	2.0313E+00
1.6290E+03	0.0000E+00	0.0000E+00	2.0369E+00
1.6300E+03	0.0000E+00	0.0000E+00	2.0525E+00
1.6310E+03	0.0000E+00	0.0000E+00	2.0618E+00
1.6320E+03	0.0000E+00	0.0000E+00	2.0844E+00
1.6330E+03	0.0000E+00	0.0000E+00	2.0951E+00
1.6340E+03	0.0000E+00	0.0000E+00	2.0922E+00
1.6350E+03	0.0000E+00	0.0000E+00	2.1015E+00
1.6360E+03	0.0000E+00	0.0000E+00	2.0952E+00
1.6370E+03	0.0000E+00	0.0000E+00	2.0996E+00
1.6380E+03	0.0000E+00	0.0000E+00	2.0912E+00
1.6390E+03	0.0000E+00	0.0000E+00	2.0923E+00
1.6400E+03	0.0000E+00	0.0000E+00	2.0878E+00
1.6410E+03	0.0000E+00	0.0000E+00	2.0806E+00
1.6420E+03	0.0000E+00	0.0000E+00	2.0810E+00
1.6430E+03	0.0000E+00	0.0000E+00	2.0738E+00
1.6440E+03	0.0000E+00	0.0000E+00	2.0705E+00
1.6450E+03	0.0000E+00	0.0000E+00	2.0681E+00
1.6460E+03	0.0000E+00	0.0000E+00	2.0662E+00
1.6470E+03	0.0000E+00	0.0000E+00	2.0590E+00
1.6480E+03	0.0000E+00	0.0000E+00	2.0504E+00
1.6490E+03	0.0000E+00	0.0000E+00	2.0567E+00
1.6500E+03	0.0000E+00	0.0000E+00	2.0581E+00
1.6510E+03	0.0000E+00	0.0000E+00	2.0604E+00
1.6520E+03	0.0000E+00	0.0000E+00	2.0795E+00
1.6530E+03	0.0000E+00	0.0000E+00	2.1020E+00
1.6540E+03	0.0000E+00	0.0000E+00	2.1276E+00
1.6550E+03	0.0000E+00	0.0000E+00	2.1433E+00
1.6560E+03	0.0000E+00	0.0000E+00	2.1661E+00
1.6570E+03	0.0000E+00	0.0000E+00	2.1716E+00
1.6580E+03	0.0000E+00	0.0000E+00	2.1718E+00
1.6590E+03	0.0000E+00	0.0000E+00	2.1809E+00
1.6600E+03	0.0000E+00	0.0000E+00	2.1810E+00
1.6610E+03	0.0000E+00	0.0000E+00	2.1716E+00
1.6620E+03	0.0000E+00	0.0000E+00	2.1692E+00
1.6630E+03	0.0000E+00	0.0000E+00	2.1754E+00
1.6640E+03	0.0000E+00	0.0000E+00	2.1635E+00
1.6650E+03	0.0000E+00	0.0000E+00	2.1648E+00
1.6660E+03	0.0000E+00	0.0000E+00	2.1549E+00
1.6670E+03	0.0000E+00	0.0000E+00	2.1547E+00
1.6680E+03	0.0000E+00	0.0000E+00	2.1486E+00
1.6690E+03	0.0000E+00	0.0000E+00	2.1358E+00
1.6700E+03	0.0000E+00	0.0000E+00	2.1315E+00
1.6710E+03	0.0000E+00	0.0000E+00	2.1219E+00
1.6720E+03	0.0000E+00	0.0000E+00	2.1182E+00
1.6730E+03	0.0000E+00	0.0000E+00	2.1197E+00
1.6740E+03	0.0000E+00	0.0000E+00	2.1130E+00
1.6750E+03	0.0000E+00	0.0000E+00	2.1302E+00
1.6760E+03	0.0000E+00	0.0000E+00	2.1427E+00
1.6770E+03	0.0000E+00	0.0000E+00	2.1719E+00
1.6780E+03	0.0000E+00	0.0000E+00	2.1992E+00
1.6790E+03	0.0000E+00	0.0000E+00	2.2141E+00
1.6800E+03	0.0000E+00	0.0000E+00	2.2234E+00
1.6810E+03	0.0000E+00	0.0000E+00	2.2382E+00
1.6820E+03	0.0000E+00	0.0000E+00	2.2427E+00
1.6830E+03	0.0000E+00	0.0000E+00	2.2482E+00
1.6840E+03	0.0000E+00	0.0000E+00	2.2507E+00
1.6850E+03	0.0000E+00	0.0000E+00	2.2490E+00
1.6860E+03	0.0000E+00	0.0000E+00	2.2365E+00
1.6870E+03	0.0000E+00	0.0000E+00	2.2420E+00
1.6880E+03	0.0000E+00	0.0000E+00	2.2439E+00
1.6890E+03	0.0000E+00	0.0000E+00	2.2286E+00
1.6900E+03	0.0000E+00	0.0000E+00	2.2209E+00
1.6910E+03	0.0000E+00	0.0000E+00	2.2166E+00
1.6920E+03	0.0000E+00	0.0000E+00	2.2089E+00
1.6930E+03	0.0000E+00	0.0000E+00	2.2018E+00
1.6940E+03	0.0000E+00	0.0000E+00	2.1943E+00
1.6950E+03	0.0000E+00	0.0000E+00	2.1774E+00
1.6960E+03	0.0000E+00	0.0000E+00	2.1680E+00
1.6970E+03	0.0000E+00	0.0000E+00	2.1740E+00
1.6980E+03	0.0000E+00	0.0000E+00	2.1748E+00
1.6990E+03	0.0000E+00	0.0000E+00	2.1876E+00
1.7000E+03	0.0000E+00	0.0000E+00	2.2116E+00
1.7010E+03	0.0000E+00	0.0000E+00	2.2289E+00
1.7020E+03	0.0000E+00	0.0000E+00	2.2396E+00
1.7030E+03	0.0000E+00	0.0000E+00	2.2495E+00
1.7040E+03	0.0000E+00	0.0000E+00	2.2680E+00
1.7050E+03	0.0000E+00	0.0000E+00	2.2951E+00
1.7060E+03	0.0000E+00	0.0000E+00	2.2996E+00
1.7070E+03	0.0000E+00	0.0000E+00	2.3125E+00
1.7080E+03	0.0000E+00	0.0000E+00	2.3162E+00
1.7090E+03	0.0000E+00	0.0000E+00	2.3134E+00
1.7100E+03	0.0000E+00	0.0000E+00	2.3241E+00
1.7110E+03	0.0000E+00	0.0000E+00	2.3138E+00
1.7120E+03	0.0000E+00	0.0000E+00	2.2976E+00
1.7130E+03	0.0000E+00	0.0000E+00	2.3061E+00
1.7140E+03	0.0000E+00	0.0000E+00	2.2850E+00
1.7150E+03	0.0000E+00	0.0000E+00	2.2826E+00
1.7160E+03	0.0000E+00	0.0000E+00	2.2614E+00
1.7170E+03	0.0000E+00	0.0000E+00	2.2570E+00
1.7180E+03	0.0000E+00	0.0000E+00	2.2521E+00
1.7190E+03	0.0000E+00	0.0000E+00	2.2430E+00
1.7200E+03	0.0000E+00	0.0000E+00	2.2438E+00
1.7210E+03	0.0000E+00	0.0000E+00	2.2163E+00
1.7220E+03	0.0000E+00	0.0000E+00	2.2131E+00
1.7230E+03	0.0000E+00	0.0000E+00	2.2172E+00
1.7240E+03	0.0000E+00	0.0000E+00	2.2411E+00
1.7250E+03	0.0000E+00	0.0000E+00	2.2674E+00
1.7260E+03	0.0000E+00	0.0000E+00	2.2772E+00
1.7270E+03	0.0000E+00	0.0000E+00	2.2854E+00
1.7280E+03	0.0000E+00	0.0000E+00	2.3024E+00
1.7290E+03	0.0000E+00	0.0000E+00	2.3018E+00
1.7300E+03	0.0000E+00	0.0000E+00	2.3095E+00
1.7310E+03	0.0000E+00	0.0000E+00	2.3160E+00
1.7320E+03	0.0000E+00	0.0000E+00	2.3271E+00
1.7330E+03	0.0000E+00	0.0000E+00	2.3186E+00
1.7340E+03	0.0000E+00	0.0000E+00	2.3081E+00
1.7350E+03	0.0000E+00	0.0000E+00	2.2925E+00
1.7360E+03	0.0000E+00	0.0000E+00	2.3046E+00
1.7370E+03	0.0000E+00	0.0000E+00	2.2905E+00
1.7380E+03	0.0000E+00	0.0000E+00	2.2682E+00
1.7390E+03	0.0000E+00	0.0000E+00	2.2703E+00
1.7400E+03	0.0000E+00	0.0000E+00	2.2682E+00
1.7410E+03	0.0000E+00	0.0000E+00	2.2658E+00
1.7420E+03	0.0000E+00	0.0000E+00	2.2406E+00
1.7430E+03	0.0000E+00	0.0000E+00	2.2377E+00
1.7440E+03	0.0000E+00	0.0000E+00	2.2234E+00
1.7450E+03	0.0000E+00	0.0000E+00	2.2191E+00
1.7460E+03	0.0000E+00	0.0000E+00	2.2272E+00
1.7470E+03	0.0000E+00	0.0000E+00	2.2469E+00
1.7480E+03	0.0000E+00	0.0000E+00	2.2413E+00
1.7490E+03	0.0000E+00	0.0000E+00	2.2690E+00
1.7500E+03	0.0000E+00	0.0000E+00	2.2907E+00
1.7510E+03	0.0000E+00	0.0000E+00	2.3034E+00
1.7520E+03	0.0000E+00	0.0000E+00	2.3159E+00
1.7530E+03	0.0000E+00	0.0000E+00	2.3178E+00
1.7540E+03	0.0000E+00	0.0000E+00	2.3301E+00
1.7550E+03	0.0000E+00	0.0000E+00	2.3569E+00
1.7560E+03	0.0000E+00	0.0000E+00	2.3424E+00
1.7570E+03	0.0000E+00	0.0000E+00	2.3506E+00
1.7580E+03	0.0000E+00	0.0000E+00	2.3546E+00
1.7590E+03	0.0000E+00	0.0000E+00	2.3439E+00
1.7600E+03	0.0000E+00	0.0000E+00	2.3519E+00
1.7610E+03	0.0000E+00	0.0000E+00	2.3487E+00
1.7620E+03	0.0000E+00	0.0000E+00	2.3348E+00
1.7630E+03	0.0000E+00	0.0000E+00	2.3366E+00
1.7640E+03	0.0000E+00	0.0000E+00	2.3162E+00
1.7650E+03	0.0000E+00	0.0000E+00	2.3199E+00
1.7660E+03	0.0000E+00	0.0000E+00	2.2873E+00
1.7670E+03	0.0000E+00	0.0000E+00	2.2871E+00
1.7680E+03	0.0000E+00	0.0000E+00	2.2743E+00
1.7690E+03	0.0000E+00	0.0000E+00	2.2789E+00
1.7700E+03	0.0000E+00	0.0000E+00	2.2681E+00
1.7710E+03	0.0000E+00	0.0000E+00	2.2628E+00
1.7720E+03	0.0000E+00	0.0000E+00	2.2742E+00
1.7730E+03	0.0000E+00	0.0000E+00	2.2948E+00
1.7740E+03	0.0000E+00	0.0000E+00	2.2967E+00
1.7750E+03	0.0000E+00	0.0000E+00	2.3215E+00
1.7760E+03	0.0000E+00	0.0000E+00	2.3326E+00
1.7770E+03	0.0000E+00	0.0000E+00	2.3469E+00
1.7780E+03	0.0000E+00	0.0000E+00	2.3427E+00
1.7790E+03	0.0000E+00	0.0000E+00	2.3373E+00
1.7800E+03	0.0000E+00	0.0000E+00	2.3436E+00
1.7810E+03	0.0000E+00	0.0000E+00	2.3430E+00
1.7820E+03	0.0000E+00	0.0000E+00	2.3420E+00
1.7830E+03	0.0000E+00	0.0000E+00	2.3405E+00
1.7840E+03	0.0000E+00	0.0000E+00	2.3304E+00
1.7850E+03	0.0000E+00	0.0000E+00	2.3234E+00
1.7860E+03	0.0000E+00	0.0000E+00	2.3128E+00
1.7870E+03	0.0000E+00	0.0000E+00	2.3021E+00
1.7880E+03	0.0000E+00	0.0000E+00	2.2752E+00
1.7890E+03	0.0000E+00	0.0000E+00	2.2777E+00
1.7900E+03	0.0000E+00	0.0000E+00	2.2612E+00
1.7910E+03	0.0000E+00	0.0000E+00	2.2517E+00
1.7920E+03	0.0000E+00	0.0000E+00	2.2514E+00
1.7930E+03	0.0000E+00	0.0000E+00	2.2405E+00
1.7940E+03	0.0000E+00	0.0000E+00	2.2346E+00
1.7950E+03	0.0000E+00	0.0000E+00	2.2350E+00
1.7960E+03	0.0000E+00	0.0000E+00	2.2495E+00
1.7970E+03	0.0000E+00	0.0000E+00	2.2484E+00
1.7980E+03	0.0000E+00	0.0000E+00	2.2614E+00
1.7990E+03	0.0000E+00	0.0000E+00	2.2725E+00
1.8000E+03	0.0000E+00	0.0000E+00	2.2953E+00
1.8010E+03	0.0000E+00	0.0000E+00	2.2953E+00
1.8020E+03	0.0000E+00	0.0000E+00	2.3104E+00
1.8030E+03	0.0000E+00	0.0000E+00	2.3022E+00
1.8040E+03	0.0000E+00	0.0000E+00	2.3059E+00
1.8050E+03	0.0000E+00	0.0000E+00	2.2857E+00
1.8060E+03	0.0000E+00	0.0000E+00	2.2846E+00
1.8070E+03	0.0000E+00	0.0000E+00	2.2873E+00
1.8080E+03	0.0000E+00	0.0000E+00	2.2783E+00
1.8090E+03	0.0000E+00	0.0000E+00	2.2561E+00
1.8100E+03	0.0000E+00	0.0000E+00	2.2670E+00
1.8110E+03	0.0000E+00	0.0000E+00	2.2637E+00
1.8120E+03	0.0000E+00	0.0000E+00	2.2423E+00
1.8130E+03	0.0000E+00	0.0000E+00	2.2340E+00
1.8140E+03	0.0000E+00	0.0000E+00	2.2208E+00
1.8150E+03	0.0000E+00	0.0000E+00	2.2165E+00
1.8160E+03	0.0000E+00	0.0000E+00	2.2033E+00
1.8170E+03	0.0000E+00	0.0000E+00	2.2060E+00
1.8180E+03	0.0000E+00	0.0000E+00	2.2174E+00
1.8190E+03	0.0000E+00	0.0000E+00	2.2165E+00
1.8200E+03	0.0000E+00	0.0000E+00	2.2354E+00
1.8210E+03	0.0000E+00	0.0000E+00	2.2437E+00
1.8220E+03	0.0000E+00	0.0000E+00	2.2673E+00
1.8230E+03	0.0000E+00	0.0000E+00	2.2972E+00
1.8240E+03	0.0000E+00	0.0000E+00	2.3089E+00
1.8250E+03	0.0000E+00	0.0000E+00	2.3103E+00
1.8260E+03	0.0000E+00	0.0000E+00	2.3114E+00
1.8270E+03	0.0000E+00	0.0000E+00	2.3118E+00
1.8280E+03	0.0000E+00	0.0000E+00	2.3256E+00
1.8290E+03	0.0000E+00	0.0000E+00	2.3166E+00
1.8300E+03	0.0000E+00	0.0000E+00	2.2948E+00
1.8310E+03	0.0000E+00	0.0000E+00	2.2818E+00
1.8320E+03	0.0000E+00	0.0000E+00	2.2867E+00
1.8330E+03	0.0000E+00	0.0000E+00	2.2871E+00
1.8340E+03	0.0000E+00	0.0000E+00	2.2720E+00
1.8350E+03	0.0000E+00	0.0000E+00	2.2580E+00
1.8360E+03	0.0000E+00	0.0000E+00	2.2419E+00
1.8370E+03	0.0000E+00	0.0000E+00	2.2276E+00
1.8380E+03	0.0000E+00	0.0000E+00	2.2237E+00
1.8390E+03	0.0000E+00	0.0000E+00	2.2158E+00
1.8400E+03	0.0000E+00	0.0000E+00	2.2051E+00
1.8410E+03	0.0000E+00	0.0000E+00	2.1972E+00
1.8420E+03	0.0000E+00	0.0000E+00	2.2107E+00
1.8430E+03	0.0000E+00	0.0000E+00	2.2120E+00
1.8440E+03	0.0000E+00	0.0000E+00	2.2159E+00
1.8450E+03	0.0000E+00	0.0000E+00	2.2396E+00
1.8460E+03	0.0000E+00	0.0000E+00	2.2453E+00
1.8470E+03	0.0000E+00	0.0000E+00	2.2644E+00
1.8480E+03	0.0000E+00	0.0000E+00	2.2792E+00
1.8490E+03	0.0000E+00	0.0000E+00	2.2784E+00
1.8500E+03	0.0000E+00	0.0000E+00	2.2830E+00
1.8510E+03	0.0000E+00	0.0000E+00	2.2715E+00
1.8520E+03	0.0000E+00	0.0000E+00	2.2679E+00
1.8530E+03	0.0000E+00	0.0000E+00	2.2550E+00
1.8540E+03	0.0000E+00	0.0000E+00	2.2449E+00
1.8550E+03	0.0000E+00	0.0000E+00	2.2433E+00
1.8560E+03	0.0000E+00	0.0000E+00	2.2305E+00
1.8570E+03	0.0000E+00	0.0000E+00	2.2304E+00
1.8580E+03	0.0000E+00	0.0000E+00	2.2278E+00
1.8590E+03	0.0000E+00	0.0000E+00	2.2071E+00
1.8600E+03	0.0000E+00	0.0000E+00	2.2045E+00
1.8610E+03	0.0000E+00	0.0000E+00	2.1893E+00
1.8620E+03	0.0000E+00	0.0000E+00	2.1905E+00
1.8630E+03	0.0000E+00	0.0000E+00	2.1704E+00
1.8640E+03	0.0000E+00	0.0000E+00	2.1727E+00
1.8650E+03	0.0000E+00	0.0000E+00	2.1688E+00
1.8660E+03	0.0000E+00	0.0000E+00	2.1741E+00
1.8670E+03	0.0000E+00	0.0000E+00	2.1956E+00
1.8680E+03	0.0000E+00	0.0000E+00	2.2135E+00
1.8690E+03	0.0000E+00	0.0000E+00	2.2168E+00
1.8700E+03	0.0000E+00	0.0000E+00	2.2303E+00
1.8710E+03	0.0000E+00	0.0000E+00	2.2518E+00
1.8720E+03	0.0000E+00	0.0000E+00	2.2516E+00
1.8730E+03	0.0000E+00	0.0000E+00	2.2451E+00
1.8740E+03	0.0000E+00	0.0000E+00	2.2611E+00
1.8750E+03	0.0000E+00	0.0000E+00	2.2605E+00
1.8760E+03	0.0000E+00	0.0000E+00	2.2465E+00
1.8770E+03	0.0000E+00	0.0000E+00	2.2368E+00
1.8780E+03	0.0000E+00	0.0000E+00	2.2288E+00
1.8790E+03	0.0000E+00	0.0000E+00	2.2181E+00
1.8800E+03	0.0000E+00	0.0000E+00	2.2072E+00
1.8810E+03	0.0000E+00	0.0000E+00	2.2138E+00
1.8820E+03	0.0000E+00	0.0000E+00	2.2046E+00
1.8830E+03	0.0000E+00	0.0000E+00	2.1946E+00
1.8840E+03	0.0000E+00	0.0000E+00	2.1801E+00
1.8850E+03	0.0000E+00	0.0000E+00	2.1665E+00
1.8860E+03	0.0000E+00	0.0000E+00	2.1628E+00
1.8870E+03	0.0000E+00	0.0000E+00	2.1531E+00
1.8880E+03	0.0000E+00	0.0000E+00	2.1418E+00
1.8890E+03	0.0000E+00	0.0000E+00	2.1410E+00
1.8900E+03	0.0000E+00	0.0000E+00	2.1457E+00
1.8910E+03	0.0000E+00	0.0000E+00	2.1512E+00
1.8920E+03	0.0000E+00	0.0000E+00	2.1647E+00
1.8930E+03	0.0000E+00	0.0000E+00	2.1864E+00
1.8940E+03	0.0000E+00	0.0000E+00	2.1988E+00
1.8950E+03	0.0000E+00	0.0000E+00	2.1983E+00
1.8960E+03	0.0000E+00	0.0000E+00	2.2044E+00
1.8970E+03	0.0000E+00	0.0000E+00	2.2125E+00
1.8980E+03	0.0000E+00	0.0000E+00	2.2018E+00
1.8990E+03	0.0000E+00	0.0000E+00	2.2008E+00
1.9000E+03	0.0000E+00	0.0000E+00	2.2029E+00
1.9010E+03	0.0000E+00	0.0000E+00	2.1862E+00
1.9020E+03	0.0000E+00	0.0000E+00	2.1859E+00
1.9030E+03	0.0000E+00	0.0000E+00	2.1811E+00
1.9040E+03	0.0000E+00	0.0000E+00	2.1683E+00
1.9050E+03	0.0000E+00	0.0000E+00	2.1686E+00
1.9060E+03	0.0000E+00	0.0000E+00	2.1687E+00
1.9070E+03	0.0000E+00	0.0000E+00	2.1522E+00
1.9080E+03	0.0000E+00	0.0000E+00	2.1560E+00
1.9090E+03	0.0000E+00	0.0000E+00	2.1418E+00
1.9100E+03	0.0000E+00	0.0000E+00	2.1347E+00
1.9110E+03	0.0000E+00	0.0000E+00	2.1255E+00
1.9120E+03	0.0000E+00	0.0000E+00	2.1238E+00
1.9130E+03	0.0000E+00	0.0000E+00	2.1211E+00
1.9140E+03	0.0000E+00	0.0000E+00	2.1213E+00
1.9150E+03	0.0000E+00	0.0000E+00	2.1295E+00
1.9160E+03	0.0000E+00	0.0000E+00	2.1429E+00
1.9170E+03	0.0000E+00	0.0000E+00	2.1358E+00
1.9180E+03	0.0000E+00	0.0000E+00	2.1474E+00
1.9190E+03	0.0000E+00	0.0000E+00	2.1519E+00
1.9200E+03	0.0000E+00	0.0000E+00	2.1542E+00
1.9210E+03	0.0000E+00	0.0000E+00	2.1538E+00
1.9220E+03	0.0000E+00	0.0000E+00	2.1547E+00
1.9230E+03	0.0000E+00	0.0000E+00	2.1546E+00
1.9240E+03	0.0000E+00	0.0000E+00	2.1388E+00
1.9250E+03	0.0000E+00	0.0000E+00	2.1417E+00
1.9260E+03	0.0000E+00	0.0000E+00	2.1406E+00
1.9270E+03	0.0000E+00	0.0000E+00	2.1296E+00
1.9280E+03	0.0000E+00	0.0000E+00	2.1298E+00
1.9290E+03	0.0000E+00	0.0000E+00	2.1308E+00
1.9300E+03	0.0000E+00	0.0000E+00	2.1268E+00
1.9310E+03	0.0000E+00	0.0000E+00	2.1300E+00
1.9320E+03	0.0000E+00	0.0000E+00	2.1315E+00
1.9330E+03	0.0000E+00	0.0000E+00	2.1262E+00
1.9340E+03	0.0000E+00	0.0000E+00	2.1172E+00
1.9350E+03	0.0000E+00	0.0000E+00	2.1131E+00
1.9360E+03	0.0000E+00	0.0000E+00	2.1033E+00
1.9370E+03	0.0000E+00	0.0000E+00	2.1078E+00
1.9380E+03	0.0000E+00	0.0000E+00	2.1069E+00
1.9390E+03	0.0000E+00	0.0000E+00	2.1159E+00
1.9400E+03	0.0000E+00	0.0000E+00	2.1395E+00
1.9410E+03	0.0000E+00	0.0000E+00	2.1531E+00
1.9420E+03	0.0000E+00	0.0000E+00	2.1686E+00
1.9430E+03	0.0000E+00	0.0000E+00	2.1742E+00
1.9440E+03	0.0000E+00	0.0000E+00	2.1731E+00
1.9450E+03	0.0000E+00	0.0000E+00	2.1830E+00
1.9460E+03	0.0000E+00	0.0000E+00	2.1821E+00
1.9470E+03	0.0000E+00	0.0000E+00	2.1655E+00
1.9480E+03	0.0000E+00	0.0000E+00	2.1726E+00
1.9490E+03	0.0000E+00	0.0000E+00	2.1620E+00
1.9500E+03	0.0000E+00	0.0000E+00	2.1508E+00
1.9510E+03	0.0000E+00	0.0000E+00	2.1477E+00
1.9520E+03	0.0000E+00	0.0000E+00	2.1420E+00
1.9530E+03	0.0000E+00	0.0000E+00	2.1322E+00
1.9540E+03	0.0000E+00	0.0000E+00	2.1323E+00
1.9550E+03	0.0000E+00	0.0000E+00	2.1248E+00
1.9560E+03	0.0000E+00	0.0000E+00	2.1167E+00
1.9570E+03	0.0000E+00	0.0000E+00	2.1063E+00
1.9580E+03	0.0000E+00	0.0000E+00	2.0942E+00
1.9590E+03	0.0000E+00	0.0000E+00	2.0822E+00
1.9600E+03	0.0000E+00	0.0000E+00	2.0820E+00
1.9610E+03	0.0000E+00	0.0000E+00	2.0809E+00
1.9620E+03	0.0000E+00	0.0000E+00	2.0866E+00
1.9630E+03	0.0000E+00	0.0000E+00	2.0885E+00
1.9640E+03	0.0000E+00	0.0000E+00	2.1038E+00
1.9650E+03	0.0000E+00	0.0000E+00	2.1193E+00
1.9660E+03	0.0000E+00	0.0000E+00	2.1239E+00
1.9670E+03	0.0000E+00	0.0000E+00	2.1445E+00
1.9680E+03	0.0000E+00	0.0000E+00	2.1478E+00
1.9690E+03	0.0000E+00	0.0000E+00	2.1360E+00
1.9700E+03	0.0000E+00	0.0000E+00	2.1386E+00
1.9710E+03	0.0000E+00	0.0000E+00	2.1259E+00
1.9720E+03	0.0000E+00	0.0000E+00	2.1257E+00
1.9730E+03	0.0000E+00	0.0000E+00	2.1140E+00
1.9740E+03	0.0000E+00	0.0000E+00	2.1133E+00
1.9750E+03	0.0000E+00	0.0000E+00	2.1065E+00
1.9760E+03	0.0000E+00	0.0000E+00	2.1024E+00
1.9770E+03	0.0000E+00	0.0000E+00	2.0922E+00
1.9780E+03	0.0000E+00	0.0000E+00	2.0966E+00
1.9790E+03	0.0000E+00	0.0000E+00	2.0864E+00
1.9800E+03	0.0000E+00	0.0000E+00	2.0757E+00
1.9810E+03	0.0000E+00	0.0000E+00	2.0694E+00
1.9820E+03	0.0000E+00	0.0000E+00	2.0621E+00
1.9830E+03	0.0000E+00	0.0000E+00	2.0583E+00
1.9840E+03	0.0000E+00	0.0000E+00	2.0519E+00
1.9850E+03	0.0000E+00	0.0000E+00	2.0497E+00
1.9860E+03	0.0000E+00	0.0000E+00	2.0570E+00
1.9870E+03	0.0000E+00	0.0000E+00	2.0630E+00
1.9880E+03	0.0000E+00	0.0000E+00	2.0752E+00
1.9890E+03	0.0000E+00	0.0000E+00	2.1028E+00
1.9900E+03	0.0000E+00	0.0000E+00	2.1137E+00
1.9910E+03	0.0000E+00	0.0000E+00	2.1286E+00
1.9920E+03	0.0000E+00	0.0000E+00	2.1324E+00
1.9930E+03	0.0000E+00	0.0000E+00	2.1335E+00
1.9940E+03	0.0000E+00	0.0000E+00	2.1328E+00
1.9950E+03	0.0000E+00	0.0000E+00	2.1347E+00
1.9960E+03	0.0000E+00	0.0000E+00	2.1198E+00
1.9970E+03	0.0000E+00	0.0000E+00	2.1222E+00
1.9980E+03	0.0000E+00	0.0000E+00	2.1127E+00
1.9990E+03	0.0000E+00	0.0000E+00	2.1002E+00
2.0000E+03	0.0000E+00	0.0000E+00	2.1072E+00
2.0010E+03	0.0000E+00	0.0000E+00	2.1007E+00
2.0020E+03	0.0000E+00	0.0000E+00	2.0840E+00
2.0030E+03	0.0000E+00	0.0000E+00	2.0814E+00
2.0040E+03	0.0000E+00	0.0000E+00	2.0716E+00
2.0050E+03	0.0000E+00	0.0000E+00	2.0641E+00
2.0060E+03	0.0000E+00	0.0000E+00	2.0580E+00
2.0070E+03	0.0000E+00	0.0000E+00	2.0471E+00
2.0080E+03	0.0000E+00	0.0000E+00	2.0458E+00
2.0090E+03	0.0000E+00	0.0000E+00	2.0481E+00
2.0100E+03	0.0000E+00	0.0000E+00	2.0546E+00
2.0110E+03	0.0000E+00	0.0000E+00	2.0715E+00
2.0120E+03	0.0000E+00	0.0000E+00	2.0892E+00
2.0130E+03	0.0000E+00	0.0000E+00	2.1082E+00
2.0140E+03	0.0000E+00	0.0000E+00	2.1142E+00
2.0150E+03	0.0000E+00	0.0000E+00	2.1263E+00
2.0160E+03	0.0000E+00	0.0000E+00	2.1278E+00
2.0170E+03	0.0000E+00	0.0000E+00	2.1260E+00
2.0180E+03	0.0000E+00	0.0000E+00	2.1276E+00
2.0190E+03	0.0000E+00	0.0000E+00	2.1285E+00
2.0200E+03	0.0000E+00	0.0000E+00	2.1182E+00
2.0210E+03	0.0000E+00	0.0000E+00	2.1089E+00
2.0220E+03	0.0000E+00	0.0000E+00	2.1074E+00
2.0230E+03	0.0000E+00	0.0000E+00	2.0985E+00
2.0240E+03	0.0000E+00	0.0000E+00	2.0875E+00
2.0250E+03	0.0000E+00	0.0000E+00	2.0853E+00
2.0260E+03	0.0000E+00	0.0000E+00	2.0773E+00
2.0270E+03	0.0000E+00	0.0000E+00	2.0762E+00
2.0280E+03	0.0000E+00	0.0000E+00	2.0584E+00
2.0290E+03	0.0000E+00	0.0000E+00	2.0582E+00
2.0300E+03	0.0000E+00	0.0000E+00	2.0486E+00
2.0310E+03	0.0000E+00	0.0000E+00	2.0462E+00
2.0320E+03	0.0000E+00	0.0000E+00	2.0389E+00
2.0330E+03	0.0000E+00	0.0000E+00	2.0477E+00
2.0340E+03	0.0000E+00	0.0000E+00	2.0461E+00
2.0350E+03	0.0000E+00	0.0000E+00	2.0545E+00
2.0360E+03	0.0000E+00	0.0000E+00	2.0718E+00
2.0370E+03	0.0000E+00	0.0000E+00	2.0797E+00
2.0380E+03	0.0000E+00	0.0000E+00	2.1025E+00
2.0390E+03	0.0000E+00	0.0000E+00	2.1027E+00
2.0400E+03	0.0000E+00	0.0000E+00	2.1135E+00
2.0410E+03	0.0000E+00	0.0000E+00	2.1160E+00
2.0420E+03	0.0000E+00	0.0000E+00	2.1270E+00
2.0430E+03	0.0000E+00	0.0000E+00	2.1092E+00
2.0440E+03	0.0000E+00	0.0000E+00	2.1067E+00
2.0450E+03	0.0000E+00	0.0000E+00	2.1106E+00
2.0460E+03	0.0000E+00	0.0000E+00	2.0985E+00
2.0470E+03	0.0000E+00	0.0000E+00	2.0877E+00
2.0480E+03	0.0000E+00	0.0000E+00	2.0789E+00
2.0490E+03	0.0000E+00	0.0000E+00	2.0780E+00
2.0500E+03	0.0000E+00	0.0000E+00	2.0657E+00
2.0510E+03	0.0000E+00	0.0000E+00	2.0649E+00
2.0520E+03	0.0000E+00	0.0000E+00	2.0559E+00
2.0530E+03	0.0000E+00	0.0000E+00	2.0469E+00
2.0540E+03	0.0000E+00	0.0000E+00	2.0388E+00
2.0550E+03	0.0000E+00	0.0000E+00	2.0307E+00
2.0560E+03	0.0000E+00	0.0000E+00	2.0337E+00
2.0570E+03	0.0000E+00	0.0000E+00	2.0329E+00
2.0580E+03	0.0000E+00	0.0000E+00	2.0427E+00
2.0590E+03	0.0000E+00	0.0000E+00	2.0549E+00
2.0600E+03	0.0000E+00	0.0000E+00	2.0725E+00
2.0610E+03	0.0000E+00	0.0000E+00	2.0890E+00
2.0620E+03	0.0000E+00	0.0000E+00	2.0981E+00
2.0630E+03	0.0000E+00	0.0000E+00	2.1021E+00
2.0640E+03	0.0000E+00	0.0000E+00	2.1055E+00
2.0650E+03	0.0000E+00	0.0000E+00	2.1040E+00
2.0660E+03	0.0000E+00	0.0000E+00	2.0992E+00
2.0670E+03	0.0000E+00	0.0000E+00	2.0969E+00
2.0680E+03	0.0000E+00	0.0000E+00	2.0969E+00
2.0690E+03	0.0000E+00	0.0000E+00	2.0831E+00
2.0700E+03	0.0000E+00	0.0000E+00	2.0827E+00
2.0710E+03	0.0000E+00	0.0000E+00	2.0762E+00
2.0720E+03	0.0000E+00	0.0000E+00	2.0712E+00
2.0730E+03	0.0000E+00	0.0000E+00	2.0657E+00
2.0740E+03	0.0000E+00	0.0000E+00	2.0598E+00
2.0750E+03	0.0000E+00	0.0000E+00	2.0555E+00
2.0760E+03	0.0000E+00	0.0000E+00	2.0467E+00
2.0770E+03	0.0000E+00	0.0000E+00	2.0414E+00
2.0780E+03	0.0000E+00	0.0000E+00	2.0321E+00
2.0790E+03	0.0000E+00	0.0000E+00	2.0280E+00
2.0800E+03	0.0000E+00	0.0000E+00	2.0243E+00
2.0810E+03	0.0000E+00	0.0000E+00	2.0205E+00
2.0820E+03	0.0000E+00	0.0000E+00	2.0258E+00
2.0830E+03	0.0000E+00	0.0000E+00	2.0388E+00
2.0840E+03	0.0000E+00	0.0000E+00	2.0579E+00
2.0850E+03	0.0000E+00	0.0000E+00	2.0760E+00
2.0860E+03	0.0000E+00	0.0000E+00	2.0936E+00
2.0870E+03	0.0000E+00	0.0000E+00	2.1142E+00
2.0880E+03	0.0000E+00	0.0000E+00	2.1163E+00
2.0890E+03	0.0000E+00	0.0000E+00	2.1138E+00
2.0900E+03	0.0000E+00	0.0000E+00	2.1155E+00
2.0910E+03	0.0000E+00	0.0000E+00	2.1274E+00
2.0920E+03	0.0000E+00	0.0000E+00	2.1041E+00
2.0930E+03	0.0000E+00	0.0000E+00	2.0946E+00
2.0940E+03	0.0000E+00	0.0000E+00	2.0988E+00
2.0950E+03	0.0000E+00	0.0000E+00	2.0919E+00
2.0960E+03	0.0000E+00	0.0000E+00	2.0840E+00
2.0970E+03	0.0000E+00	0.0000E+00	2.0781E+00
2.0980E+03	0.0000E+00	0.0000E+00	2.0657E+00
2.0990E+03	0.0000E+00	0.0000E+00	2.0589E+00
2.1000E+03	0.0000E+00	0.0000E+00	2.0480E+00
2.1010E+03	0.0000E+00	0.0000E+00	2.0360E+00
2.1020E+03	0.0000E+00	0.0000E+00	2.0354E+00
2.1030E+03	0.0000E+00	0.0000E+00	2.0262E+00
2.1040E+03	0.0000E+00	0.0000E+00	2.0162E+00
2.1050E+03	0.0000E+00	0.0000E+00	2.0196E+00
2.1060E+03	0.0000E+00	0.0000E+00	2.0345E+00
2.1070E+03	0.0000E+00	0.0000E+00	2.0460E+00
2.1080E+03	0.0000E+00	0.0000E+00	2.0608E+00
2.1090E+03	0.0000E+00	0.0000E+00	2.0792E+00
2.1100E+03	0.0000E+00	0.0000E+00	2.0961E+00
2.1110E+03	0.0000E+00	0.0000E+00	2.1049E+00
2.1120E+03	0.0000E+00	0.0000E+00	2.1211E+00
2.1130E+03	0.0000E+00	0.0000E+00	2.1237E+00
2.1140E+03	0.0000E+00	0.0000E+00	2.1223E+00
2.1150E+03	0.0000E+00	0.0000E+00	2.1207E+00
2.1160E+03	0.0000E+00	0.0000E+00	2.1120E+00
2.1170E+03	0.0000E+00	0.0000E+00	2.1004E+00
2.1180E+03	0.0000E+00	0.0000E+00	2.0905E+00
2.1190E+03	0.0000E+00	0.0000E+00	2.0862E+00
2.1200E+03	0.0000E+00	0.0000E+00	2.0780E+00
2.1210E+03	0.0000E+00	0.0000E+00	2.0682E+00
2.1220E+03	0.0000E+00	0.0000E+00	2.0614E+00
2.1230E+03	0.0000E+00	0.0000E+00	2.0523E+00
2.1240E+03	0.0000E+00	0.0000E+00	2.0418E+00
2.1250E+03	0.0000E+00	0.0000E+00	2.0327E+00
2.1260E+03	0.0000E+00	0.0000E+00	2.0263E+00
2.1270E+03	0.0000E+00	0.0000E+00	2.0125E+00
2.1280E+03	0.0000E+00	0.0000E+00	2.0148E+00
2.1290E+03	0.0000E+00	0.0000E+00	2.0176E+00
2.1300E+03	0.0000E+00	0.0000E+00	2.0242E+00
2.1310E+03	0.0000E+00	0.0000E+00	2.0431E+00
2.1320E+03	0.0000E+00	0.0000E+00	2.0573E+00
2.1330E+03	0.0000E+00	0.0000E+00	2.0771E+00
2.1340E+03	0.0000E+00	0.0000E+00	2.0998E+00
2.1350E+03	0.0000E+00	0.0000E+00	2.1124E+00
2.1360E+03	0.0000E+00	0.0000E+00	2.1185E+00
2.1370E+03	0.0000E+00	0.0000E+00	2.1264E+00
2.1380E+03	0.0000E+00	0.0000E+00	2.1175E+00
2.1390E+03	0.0000E+00	0.0000E+00	2.1162E+00
2.1400E+03	0.0000E+00	0.0000E+00	2.1141E+00
2.1410E+03	0.0000E+00	0.0000E+00	2.0991E+00
2.1420E+03	0.0000E+00	0.0000E+00	2.0861E+00
2.1430E+03	0.0000E+00	0.0000E+00	2.0741E+00
2.1440E+03	0.0000E+00	0.0000E+00	2.0765E+00
2.1450E+03	0.0000E+00	0.0000E+00	2.0611E+00
2.1460E+03	0.0000E+00	0.0000E+00	2.0579E+00
2.1470E+03	0.0000E+00	0.0000E+00	2.0538E+00
2.1480E+03	0.0000E+00	0.0000E+00	2.0410E+00
2.1490E+03	0.0000E+00	0.0000E+00	2.0374E+00
2.1500E+03	0.0000E+00	0.0000E+00	2.0282E+00
2.1510E+03	0.0000E+00	0.0000E+00	2.0217E+00
2.1520E+03	0.0000E+00	0.0000E+00	2.0112E+00
2.1530E+03	0.0000E+00	0.0000E+00	2.0212E+00
2.1540E+03	0.0000E+00	0.0000E+00	2.0321E+00
2.1550E+03	0.0000E+00	0.0000E+00	2.0559E+00
2.1560E+03	0.0000E+00	0.0000E+00	2.0730E+00
2.1570E+03	0.0000E+00	0.0000E+00	2.0850E+00
2.1580E+03	0.0000E+00	0.0000E+00	2.0991E+00
2.1590E+03	0.0000E+00	0.0000E+00	2.1118E+00
2.1600E+03	0.0000E+00	0.0000E+00	2.1115E+00
2.1610E+03	0.0000E+00	0.0000E+00	2.1041E+00
2.1620E+03	0.0000E+00	0.0000E+00	2.1057E+00
2.1630E+03	0.0000E+00	0.0000E+00	2.0923E+00
2.1640E+03	0.0000E+00	0.0000E+00	2.0939E+00
2.1650E+03	0.0000E+00	0.0000E+00	2.0771E+00
2.1660E+03	0.0000E+00	0.0000E+00	2.0625E+00
2.1670E+03	0.0000E+00	0.0000E+00	2.0538E+00
2.1680E+03	0.0000E+00	0.0000E+00	2.0535E+00
2.1690E+03	0.0000E+00	0.0000E+00	2.0441E+00
2.1700E+03	0.0000E+00	0.0000E+00	2.0314E+00
2.1710E+03	0.0000E+00	0.0000E+00	2.0198E+00
2.1720E+03	0.0000E+00	0.0000E+00	2.0124E+00
2.1730E+03	0.0000E+00	0.0000E+00	1.9987E+00
2.1740E+03	0.0000E+00	0.0000E+00	1.9921E+00
2.1750E+03	0.0000E+00	0.0000E+00	1.9888E+00
2.1760E+03	0.0000E+00	0.0000E+00	1.9707E+00
2.1770E+03	0.0000E+00	0.0000E+00	1.9667E+00
2.1780E+03	0.0000E+00	0.0000E+00	1.9707E+00
2.1790E+03	0.0000E+00	0.0000E+00	1.9812E+00
2.1800E+03	0.0000E+00	0.0000E+00	1.9864E+00
2.1810E+03	0.0000E+00	0.0000E+00	1.9988E+00
2.1820E+03	0.0000E+00	0.0000E+00	2.0082E+00
2.1830E+03	0.0000E+00	0.0000E+00	2.0173E+00
2.1840E+03	0.0000E+00	0.0000E+00	2.0205E+00
2.1850E+03	0.0000E+00	0.0000E+00	2.0241E+00
2.1860E+03	0.0000E+00	0.0000E+00	2.0195E+00
2.1870E+03	0.0000E+00	0.0000E+00	2.0180E+00
2.1880E+03	0.0000E+00	0.0000E+00	2.0031E+00
2.1890E+03	0.0000E+00	0.0000E+00	2.0073E+00
2.1900E+03	0.0000E+00	0.0000E+00	1.9934E+00
2.1910E+03	0.0000E+00	0.0000E+00	1.9882E+00
2.1920E+03	0.0000E+00	0.0000E+00	1.9844E+00
2.1930E+03	0.0000E+00	0.0000E+00	1.9810E+00
2.1940E+03	0.0000E+00	0.0000E+00	1.9727E+00
2.1950E+03	0.0000E+00	0.0000E+00	1.9668E+00
2.1960E+03	0.0000E+00	0.0000E+00	1.9612E+00
2.1970E+03	0.0000E+00	0.0000E+00	1.9545E+00
2.1980E+03	0.0000E+00	0.0000E+00	1.9445E+00
2.1990E+03	0.0000E+00	0.0000E+00	1.9400E+00
2.2000E+03	0.0000E+00	0.0000E+00	1.9352E+00
2.2010E+03	0.0000E+00	0.0000E+00	1.9283E+00
2.2020E+03	0.0000E+00	0.0000E+00	1.9329E+00
2.2030E+03	0.0000E+00	0.0000E+00	1.9410E+00
2.2040E+03	0.0000E+00	0.0000E+00	1.9509E+00
2.2050E+03	0.0000E+00	0.0000E+00	1.9668E+00
2.2060E+03	0.0000E+00	0.0000E+00	1.9785E+00
2.2070E+03	0.0000E+00	0.0000E+00	1.9854E+00
2.2080E+03	0.0000E+00	0.0000E+00	1.9938E+00
2.2090E+03	0.0000E+00	0.0000E+00	2.0038E+00
2.2100E+03	0.0000E+00	0.0000E+00	2.0055E+00
2.2110E+03	0.0000E+00	0.0000E+00	1.9947E+00
2.2120E+03	0.0000E+00	0.0000E+00	1.9948E+00
2.2130E+03	0.0000E+00	0.0000E+00	1.9876E+00
2.2140E+03	0.0000E+00	0.0000E+00	1.9782E+00
2.2150E+03	0.0000E+00	0.0000E+00	1.9706E+00
2.2160E+03	0.0000E+00	0.0000E+00	1.9689E+00
2.2170E+03	0.0000E+00	0.0000E+00	1.9648E+00
2.2180E+03	0.0000E+00	0.0000E+00	1.9563E+00
2.2190E+03	0.0000E+00	0.0000E+00	1.9475E+00
2.2200E+03	0.0000E+00	0.0000E+00	1.9402E+00
2.2210E+03	0.0000E+00	0.0000E+00	1.9353E+00
2.2220E+03	0.0000E+00	0.0000E+00	1.9314E+00
2.2230E+03	0.0000E+00	0.0000E+00	1.9321E+00
2.2240E+03	0.0000E+00	0.0000E+00	1.9301E+00
2.2250E+03	0.0000E+00	0.0000E+00	1.9280E+00
2.2260E+03	0.0000E+00	0.0000E+00	1.9269E+00
2.2270E+03	0.0000E+00	0.0000E+00	1.9355E+00
2.2280E+03	0.0000E+00	0.0000E+00	1.9393E+00
2.2290E+03	0.0000E+00	0.0000E+00	1.9505E+00
2.2300E+03	0.0000E+00	0.0000E+00	1.9633E+00
2.2310E+03	0.0000E+00	0.0000E+00	1.9678E+00
2.2320E+03	0.0000E+00	0.0000E+00	1.9713E+00
2.2330E+03	0.0000E+00	0.0000E+00	1.9726E+00
2.2340E+03	0.0000E+00	0.0000E+00	1.9756E+00
2.2350E+03	0.0000E+00	0.0000E+00	1.9700E+00
2.2360E+03	0.0000E+00	0.0000E+00	1.9709E+00
2.2370E+03	0.0000E+00	0.0000E+00	1.9612E+00
2.2380E+03	0.0000E+00	0.0000E+00	1.9534E+00
2.2390E+03	0.0000E+00	0.0000E+00	1.9480E+00
2.2400E+03	0.0000E+00	0.0000E+00	1.9439E+00
2.2410E+03	0.0000E+00	0.0000E+00	1.9384E+00
2.2420E+03	0.0000E+00	0.0000E+00	1.9345E+00
2.2430E+03	0.0000E+00	0.0000E+00	1.9303E+00
2.2440E+03	0.0000E+00	0.0000E+00	1.9261E+00
2.2450E+03	0.0000E+00	0.0000E+00	1.9183E+00
2.2460E+03	0.0000E+00	0.0000E+00	1.9132E+00
2.2470E+03	0.0000E+00	0.0000E+00	1.9035E+00
2.2480E+03	0.0000E+00	0.0000E+00	1.8949E+00
2.2490E+03	0.0000E+00	0.0000E+00	1.8860E+00
2.2500E+03	0.0000E+00	0.0000E+00	1.8879E+00
2.2510E+03	0.0000E+00	0.0000E+00	1.8922E+00
2.2520E+03	0.0000E+00	0.0000E+00	1.9041E+00
2.2530E+03	0.0000E+00	0.0000E+00	1.9196E+00
2.2540E+03	0.0000E+00	0.0000E+00	1.9292E+00
2.2550E+03	0.0000E+00	0.0000E+00	1.9419E+00
2.2560E+03	0.0000E+00	0.0000E+00	1.9540E+00
2.2570E+03	0.0000E+00	0.0000E+00	1.9546E+00
2.2580E+03	0.0000E+00	0.0000E+00	1.9574E+00
2.2590E+03	0.0000E+00	0.0000E+00	1.9505E+00
2.2600E+03	0.0000E+00	0.0000E+00	1.9455E+00
2.2610E+03	0.0000E+00	0.0000E+00	1.9423E+00
2.2620E+03	0.0000E+00	0.0000E+00	1.9364E+00
2.2630E+03	0.0000E+00	0.0000E+00	1.9320E+00
2.2640E+03	0.0000E+00	0.0000E+00	1.9210E+00
2.2650E+03	0.0000E+00	0.0000E+00	1.9214E+00
2.2660E+03	0.0000E+00	0.0000E+00	1.9136E+00
2.2670E+03	0.0000E+00	0.0000E+00	1.9102E+00
2.2680E+03	0.0000E+00	0.0000E+00	1.9009E+00
2.2690E+03	0.0000E+00	0.0000E+00	1.8984E+00
2.2700E+03	0.0000E+00	0.0000E+00	1.8894E+00
2.2710E+03	0.0000E+00	0.0000E+00	1.8889E+00
2.2720E+03	0.0000E+00	0.0000E+00	1.8786E+00
2.2730E+03	0.0000E+00	0.0000E+00	1.8824E+00
2.2740E+03	0.0000E+00	0.0000E+00	1.8898E+00
2.2750E+03	0.0000E+00	0.0000E+00	1.8984E+00
2.2760E+03	0.0000E+00	0.0000E+00	1.9118E+00
2.2770E+03	0.0000E+00	0.0000E+00	1.9185E+00
2.2780E+03	0.0000E+00	0.0000E+00	1.9246E+00
2.2790E+03	0.0000E+00	0.0000E+00	1.9337E+00
2.2800E+03	0.0000E+00	0.0000E+00	1.9346E+00
2.2810E+03	0.0000E+00	0.0000E+00	1.9323E+00
2.2820E+03	0.0000E+00	0.0000E+00	1.9303E+00
2.2830E+03	0.0000E+00	0.0000E+00	1.9304E+00
2.2840E+03	0.0000E+00	0.0000E+00	1.9262E+00
2.2850E+03	0.0000E+00	0.0000E+00	1.9252E+00
2.2860E+03	0.0000E+00	0.0000E+00	1.9171E+00
2.2870E+03	0.0000E+00	0.0000E+00	1.9120E+00
2.2880E+03	0.0000E+00	0.0000E+00	1.9112E+00
2.2890E+03	0.0000E+00	0.0000E+00	1.9007E+00
2.2900E+03	0.0000E+00	0.0000E+00	1.8964E+00
2.2910E+03	0.0000E+00	0.0000E+00	1.8927E+00
2.2920E+03	0.0000E+00	0.0000E+00	1.8840E+00
2.2930E+03	0.0000E+00	0.0000E+00	1.8774E+00
2.2940E+03	0.0000E+00	0.0000E+00	1.8703E+00
2.2950E+03	0.0000E+00	0.0000E+00	1.8667E+00
2.2960E+03	0.0000E+00	0.0000E+00	1.8629E+00
2.2970E+03	0.0000E+00	0.0000E+00	1.8647E+00
2.2980E+03	0.0000E+00	0.0000E+00	1.8565E+00
2.2990E+03	0.0000E+00	0.0000E+00	1.8596E+00
2.3000E+03	0.0000E+00	0.0000E+00	1.8674E+00
2.3010E+03	0.0000E+00	0.0000E+00	1.8798E+00
2.3020E+03	0.0000E+00	0.0000E+00	1.8970E+00
2.3030E+03	0.0000E+00	0.0000E+00	1.9092E+00
2.3040E+03	0.0000E+00	0.0000E+00	1.9224E+00
2.3050E+03	0.0000E+00	0.0000E+00	1.9229E+00
2.3060E+03	0.0000E+00	0.0000E+00	1.9259E+00
2.3070E+03	0.0000E+00	0.0000E+00	1.9266E+00
2.3080E+03	0.0000E+00	0.0000E+00	1.9199E+00
2.3090E+03	0.0000E+00	0.0000E+00	1.9119E+00
2.3100E+03	0.0000E+00	0.0000E+00	1.9083E+00
2.3110E+03	0.0000E+00	0.0000E+00	1.9013E+00
2.3120E+03	0.0000E+00	0.0000E+00	1.9026E+00
2.3130E+03	0.0000E+00	0.0000E+00	1.8979E+00
2.3140E+03	0.0000E+00	0.0000E+00	1.8936E+00
2.3150E+03	0.0000E+00	0.0000E+00	1.8891E+00
2.3160E+03	0.0000E+00	0.0000E+00	1.8779E+00
2.3170E+03	0.0000E+00	0.0000E+00	1.8738E+00
2.3180E+03	0.0000E+00	0.0000E+00	1.8703E+00
2.3190E+03	0.0000E+00	0.0000E+00	1.8627E+00
2.3200E+03	0.0000E+00	0.0000E+00	1.8592E+00
2.3210E+03	0.0000E+00	0.0000E+00	1.8537E+00
2.3220E+03	0.0000E+00	0.0000E+00	1.8626E+00
2.3230E+03	0.0000E+00	0.0000E+00	1.8616E+00
2.3240E+03	0.0000E+00	0.0000E+00	1.8710E+00
2.3250E+03	0.0000E+00	0.0000E+00	1.8842E+00
2.3260E+03	0.0000E+00	0.0000E+00	1.8960E+00
2.3270E+03	0.0000E+00	0.0000E+00	1.9098E+00
2.3280E+03	0.0000E+00	0.0000E+00	1.9319E+00
2.3290E+03	0.0000E+00	0.0000E+00	1.9546E+00
2.3300E+03	0.0000E+00	0.0000E+00	1.9693E+00
2.3310E+03	0.0000E+00	0.0000E+00	1.9740E+00
2.3320E+03	0.0000E+00	0.0000E+00	1.9647E+00
2.3330E+03	0.0000E+00	0.0000E+00	1.9528E+00
2.3340E+03	0.0000E+00	0.0000E+00	1.9410E+00
2.3350E+03	0.0000E+00	0.0000E+00	1.9341E+00
2.3360E+03	0.0000E+00	0.0000E+00	1.9247E+00
2.3370E+03	0.0000E+00	0.0000E+00	1.9143E+00
2.3380E+03	0.0000E+00	0.0000E+00	1.9009E+00
2.3390E+03	0.0000E+00	0.0000E+00	1.8936E+00
2.3400E+03	0.0000E+00	0.0000E+00	1.8922E+00
2.3410E+03	0.0000E+00	0.0000E+00	1.8820E+00
2.3420E+03	0.0000E+00	0.0000E+00	1.8734E+00
2.3430E+03	0.0000E+00	0.0000E+00	1.8650E+00
2.3440E+03	0.0000E+00	0.0000E+00	1.8575E+00
2.3450E+03	0.0000E+00	0.0000E+00	1.8535E+00
2.3460E+03	0.0000E+00	0.0000E+00	1.8751E+00
2.3470E+03	0.0000E+00	0.0000E+00	1.8844E+00
2.3480E+03	0.0000E+00	0.0000E+00	1.8931E+00
2.3490E+03	0.0000E+00	0.0000E+00	1.8903E+00
2.3500E+03	0.0000E+00	0.0000E+00	1.8998E+00
2.3510E+03	0.0000E+00	0.0000E+00	1.9074E+00
2.3520E+03	0.0000E+00	0.0000E+00	1.9134E+00
2.3530E+03	0.0000E+00	0.0000E+00	1.9145E+00
2.3540E+03	0.0000E+00	0.0000E+00	1.9180E+00
2.3550E+03	0.0000E+00	0.0000E+00	1.9209E+00
2.3560E+03	0.0000E+00	0.0000E+00	1.9179E+00
2.3570E+03	0.0000E+00	0.0000E+00	1.9140E+00
2.3580E+03	0.0000E+00	0.0000E+00	1.9075E+00
2.3590E+03	0.0000E+00	0.0000E+00	1.9125E+00
2.3600E+03	0.0000E+00	0.0000E+00	1.9060E+00
2.3610E+03	0.0000E+00	0.0000E+00	1.8974E+00
2.3620E+03	0.0000E+00	0.0000E+00	1.8942E+00
2.3630E+03	0.0000E+00	0.0000E+00	1.8870E+00
2.3640E+03	0.0000E+00	0.0000E+00	1.8916E+00
2.3650E+03	0.0000E+00	0.0000E+00	1.8848E+00
2.3660E+03	0.0000E+00	0.0000E+00	1.8838E+00
2.3670E+03	0.0000E+00	0.0000E+00	1.8749E+00
2.3680E+03	0.0000E+00	0.0000E+00	1.8796E+00
2.3690E+03	0.0000E+00	0.0000E+00	1.8885E+00
2.3700E+03	0.0000E+00	0.0000E+00	1.8887E+00
2.3710E+03	0.0000E+00	0.0000E+00	1.8885E+00
2.3720E+03	0.0000E+00	0.0000E+00	1.8951E+00
2.3730E+03	0.0000E+00	0.0000E+00	1.9065E+00
2.3740E+03	0.0000E+00	0.0000E+00	1.9197E+00
2.3750E+03	0.0000E+00	0.0000E+00	1.9287E+00
2.3760E+03	0.0000E+00	0.0000E+00	1.9323E+00
2.3770E+03	0.0000E+00	0.0000E+00	1.9322E+00
2.3780E+03	0.0000E+00	0.0000E+00	1.9330E+00
2.3790E+03	0.0000E+00	0.0000E+00	1.9317E+00
2.3800E+03	0.0000E+00	0.0000E+00	1.9228E+00
2.3810E+03	0.0000E+00	0.0000E+00	1.9251E+00
2.3820E+03	0.0000E+00	0.0000E+00	1.9162E+00
2.3830E+03	0.0000E+00	0.0000E+00	1.9082E+00
2.3840E+03	0.0000E+00	0.0000E+00	1.9094E+00
2.3850E+03	0.0000E+00	0.0000E+00	1.9074E+00
2.3860E+03	0.0000E+00	0.0000E+00	1.8974E+00
2.3870E+03	0.0000E+00	0.0000E+00	1.8976E+00
2.3880E+03	0.0000E+00	0.0000E+00	1.8952E+00
2.3890E+03	0.0000E+00	0.0000E+00	1.8861E+00
2.3900E+03	0.0000E+00	0.0000E+00	1.8839E+00
2.3910E+03	0.0000E+00	0.0000E+00	1.8789E+00
2.3920E+03	0.0000E+00	0.0000E+00	1.8767E+00
2.3930E+03	0.0000E+00	0.0000E+00	1.8751E+00
2.3940E+03	0.0000E+00	0.0000E+00	1.8816E+00
2.3950E+03	0.0000E+00	0.0000E+00	1.8841E+00
2.3960E+03	0.0000E+00	0.0000E+00	1.8904E+00
2.3970E+03	0.0000E+00	0.0000E+00	1.8965E+00
2.3980E+03	0.0000E+00	0.0000E+00	1.9068E+00
2.3990E+03	0.0000E+00	0.0000E+00	1.9133E+00
2.4000E+03	0.0000E+00	0.0000E+00	1.9186E+00
2.4010E+03	0.0000E+00	0.0000E+00	1.9229E+00
2.4020E+03	0.0000E+00	0.0000E+00	1.9234E+00
2.4030E+03	0.0000E+00	0.0000E+00	1.9246E+00
2.4040E+03	0.0000E+00	0.0000E+00	1.9202E+00
2.4050E+03	0.0000E+00	0.0000E+00	1.9201E+00
2.4060E+03	0.0000E+00	0.0000E+00	1.9141E+00
2.4070E+03	0.0000E+00	0.0000E+00	1.9096E+00
2.4080E+03	0.0000E+00	0.0000E+00	1.9140E+00
2.4090E+03	0.0000E+00	0.0000E+00	1.9047E+00
2.4100E+03	0.0000E+00	0.0000E+00	1.9036E+00
2.4110E+03	0.0000E+00	0.0000E+00	1.9006E+00
2.4120E+03	0.0000E+00	0.0000E+00	1.8963E+00
2.4130E+03	0.0000E+00	0.0000E+00	1.8877E+00
2.4140E+03	0.0000E+00	0.0000E+00	1.8803E+00
2.4150E+03	0.0000E+00	0.0000E+00	1.8722E+00
2.4160E+03	0.0000E+00	0.0000E+00	1.8653E+00
2.4170E+03	0.0000E+00	0.0000E+00	1.8577E+00
2.4180E+03	0.0000E+00	0.0000E+00	1.8677E+00
2.4190E+03	0.0000E+00	0.0000E+00	1.8621E+00
2.4200E+03	0.0000E+00	0.0000E+00	1.8686E+00
2.4210E+03	0.0000E+00	0.0000E+00	1.8787E+00
2.4220E+03	0.0000E+00	0.0000E+00	1.8911E+00
2.4230E+03	0.0000E+00	0.0000E+00	1.9041E+00
2.4240E+03	0.0000E+00	0.0000E+00	1.9169E+00
2.4250E+03	0.0000E+00	0.0000E+00	1.9192E+00
2.4260E+03	0.0000E+00	0.0000E+00	1.9198E+00
2.4270E+03	0.0000E+00	0.0000E+00	1.9198E+00
2.4280E+03	0.0000E+00	0.0000E+00	1.9102E+00
2.4290E+03	0.0000E+00	0.0000E+00	1.9055E+00
2.4300E+03	0.0000E+00	0.0000E+00	1.8997E+00
2.4310E+03	0.0000E+00	0.0000E+00	1.8948E+00
2.4320E+03	0.0000E+00	0.0000E+00	1.8887E+00
2.4330E+03	0.0000E+00	0.0000E+00	1.8865E+00
2.4340E+03	0.0000E+00	0.0000E+00	1.8795E+00
2.4350E+03	0.0000E+00	0.0000E+00	1.8724E+00
2.4360E+03	0.0000E+00	0.0000E+00	1.8651E+00
2.4370E+03	0.0000E+00	0.0000E+00	1.8647E+00
2.4380E+03	0.0000E+00	0.0000E+00	1.8559E+00
2.4390E+03	0.0000E+00	0.0000E+00	1.8538E+00
2.4400E+03	0.0000E+00	0.0000E+00	1.8444E+00
2.4410E+03	0.0000E+00	0.0000E+00	1.8377E+00
2.4420E+03	0.0000E+00	0.0000E+00	1.8376E+00
2.4430E+03	0.0000E+00	0.0000E+00	1.8459E+00
2.4440E+03	0.0000E+00	0.0000E+00	1.8460E+00
2.4450E+03	0.0000E+00	0.0000E+00	1.8579E+00
2.4460E+03	0.0000E+00	0.0000E+00	1.8707E+00
2.4470E+03	0.0000E+00	0.0000E+00	1.8849E+00
2.4480E+03	0.0000E+00	0.0000E+00	1.8953E+00
2.4490E+03	0.0000E+00	0.0000E+00	1.9058E+00
2.4500E+03	0.0000E+00	0.0000E+00	1.9049E+00
2.4510E+03	0.0000E+00	0.0000E+00	1.8998E+00
2.4520E+03	0.0000E+00	0.0000E+00	1.8911E+00
2.4530E+03	0.0000E+00	0.0000E+00	1.8882E+00
2.4540E+03	0.0000E+00	0.0000E+00	1.8846E+00
2.4550E+03	0.0000E+00	0.0000E+00	1.8811E+00
2.4560E+03	0.0000E+00	0.0000E+00	1.8720E+00
2.4570E+03	0.0000E+00	0.0000E+00	1.8659E+00
2.4580E+03	0.0000E+00	0.0000E+00	1.8664E+00
2.4590E+03	0.0000E+00	0.0000E+00	1.8608E+00
2.4600E+03	0.0000E+00	0.0000E+00	1.8541E+00
2.4610E+03	0.0000E+00	0.0000E+00	1.8477E+00
2.4620E+03	0.0000E+00	0.0000E+00	1.8416E+00
2.4630E+03	0.0000E+00	0.0000E+00	1.8355E+00
2.4640E+03	0.0000E+00	0.0000E+00	1.8267E+00
2.4650E+03	0.0000E+00	0.0000E+00	1.8300E+00
2.4660E+03	0.0000E+00	0.0000E+00	1.8305E+00
2.4670E+03	0.0000E+00	0.0000E+00	1.8392E+00
2.4680E+03	0.0000E+00	0.0000E+00	1.8548E+00
2.4690E+03	0.0000E+00	0.0000E+00	1.8749E+00
2.4700E+03	0.0000E+00	0.0000E+00	1.9069E+00
2.4710E+03	0.0000E+00	0.0000E+00	1.9396E+00
2.4720E+03	0.0000E+00	0.0000E+00	1.9596E+00
2.4730E+03	0.0000E+00	0.0000E+00	1.9781E+00
2.4740E+03	0.0000E+00	0.0000E+00	1.9749E+00
2.4750E+03	0.0000E+00	0.0000E+00	1.9629E+00
2.4760E+03	0.0000E+00	0.0000E+00	1.9561E+00
2.4770E+03	0.0000E+00	0.0000E+00	1.9453E+00
2.4780E+03	0.0000E+00	0.0000E+00	1.9348E+00
2.4790E+03	0.0000E+00	0.0000E+00	1.9254E+00
2.4800E+03	0.0000E+00	0.0000E+00	1.9162E+00
2.4810E+03	0.0000E+00	0.0000E+00	1.9048E+00
2.4820E+03	0.0000E+00	0.0000E+00	1.9001E+00
2.4830E+03	0.0000E+00	0.0000E+00	1.8894E+00
2.4840E+03	0.0000E+00	0.0000E+00	1.8805E+00
2.4850E+03	0.0000E+00	0.0000E+00	1.8739E+00
2.4860E+03	0.0000E+00	0.0000E+00	1.8655E+00
2.4870E+03	0.0000E+00	0.0000E+00	1.8651E+00
2.4880E+03	0.0000E+00	0.0000E+00	1.8546E+00
2.4890E+03	0.0000E+00	0.0000E+00	1.8507E+00
2.4900E+03	0.0000E+00	0.0000E+00	1.8461E+00
2.4910E+03	0.0000E+00	0.0000E+00	1.8469E+00
2.4920E+03	0.0000E+00	0.0000E+00	1.8487E+00
2.4930E+03	0.0000E+00	0.0000E+00	1.8587E+00
2.4940E+03	0.0000E+00	0.0000E+00	1.8690E+00
2.4950E+03	0.0000E+00	0.0000E+00	1.8703E+00
2.4960E+03	0.0000E+00	0.0000E+00	1.8739E+00
2.4970E+03	0.0000E+00	0.0000E+00	1.8748E+00
2.4980E+03	0.0000E+00	0.0000E+00	1.8799E+00
2.4990E+03	0.0000E+00	0.0000E+00	1.8724E+00
2.5000E+03	0.0000E+00	0.0000E+00	1.8684E+00
2.5010E+03	0.0000E+00	0.0000E+00	1.8620E+00
2.5020E+03	0.0000E+00	0.0000E+00	1.8615E+00
2.5030E+03	0.0000E+00	0.0000E+00	1.8562E+00
2.5040E+03	0.0000E+00	0.0000E+00	1.8489E+00
2.5050E+03	0.0000E+00	0.0000E+00	1.8475E+00
2.5060E+03	0.0000E+00	0.0000E+00	1.8450E+00
2.5070E+03	0.0000E+00	0.0000E+00	1.8428E+00
2.5080E+03	0.0000E+00	0.0000E+00	1.8409E+00
2.5090E+03	0.0000E+00	0.0000E+00	1.8401E+00
2.5100E+03	0.0000E+00	0.0000E+00	1.8369E+00
2.5110E+03	0.0000E+00	0.0000E+00	1.8332E+00
2.5120E+03	0.0000E+00	0.0000E+00	1.8296E+00
2.5130E+03	0.0000E+00	0.0000E+00	1.8311E+00
2.5140E+03	0.0000E+00	0.0000E+00	1.8419E+00
2.5150E+03	0.0000E+00	0.0000E+00	1.8614E+00
2.5160E+03	0.0000E+00	0.0000E+00	1.8622E+00
2.5170E+03	0.0000E+00	0.0000E+00	1.8535E+00
2.5180E+03	0.0000E+00	0.0000E+00	1.8564E+00
2.5190E+03	0.0000E+00	0.0000E+00	1.8603E+00
2.5200E+03	0.0000E+00	0.0000E+00	1.8693E+00
2.5210E+03	0.0000E+00	0.0000E+00	1.8715E+00
2.5220E+03	0.0000E+00	0.0000E+00	1.8703E+00
2.5230E+03	0.0000E+00	0.0000E+00	1.8718E+00
2.5240E+03	0.0000E+00	0.0000E+00	1.8643E+00
2.5250E+03	0.0000E+00	0.0000E+00	1.8600E+00
2.5260E+03	0.0000E+00	0.0000E+00	1.8578E+00
2.5270E+03	0.0000E+00	0.0000E+00	1.8543E+00
2.5280E+03	0.0000E+00	0.0000E+00	1.8489E+00
2.5290E+03	0.0000E+00	0.0000E+00	1.8459E+00
2.5300E+03	0.0000E+00	0.0000E+00	1.8431E+00
2.5310E+03	0.0000E+00	0.0000E+00	1.8407E+00
2.5320E+03	0.0000E+00	0.0000E+00	1.8365E+00
2.5330E+03	0.0000E+00	0.0000E+00	1.8318E+00
2.5340E+03	0.0000E+00	0.0000E+00	1.8262E+00
2.5350E+03	0.0000E+00	0.0000E+00	1.8218E+00
2.5360E+03	0.0000E+00	0.0000E+00	1.8170E+00
2.5370E+03	0.0000E+00	0.0000E+00	1.8128E+00
2.5380E+03	0.0000E+00	0.0000E+00	1.8092E+00
2.5390E+03	0.0000E+00	0.0000E+00	1.8071E+00
2.5400E+03	0.0000E+00	0.0000E+00	1.8054E+00
2.5410E+03	0.0000E+00	0.0000E+00	1.8131E+00
2.5420E+03	0.0000E+00	0.0000E+00	1.8219E+00
2.5430E+03	0.0000E+00	0.0000E+00	1.8332E+00
2.5440E+03	0.0000E+00	0.0000E+00	1.8459E+00
2.5450E+03	0.0000E+00	0.0000E+00	1.8496E+00
2.5460E+03	0.0000E+00	0.0000E+00	1.8580E+00
2.5470E+03	0.0000E+00	0.0000E+00	1.8530E+00
2.5480E+03	0.0000E+00	0.0000E+00	1.8525E+00
2.5490E+03	0.0000E+00	0.0000E+00	1.8478E+00
2.5500E+03	0.0000E+00	0.0000E+00	1.8449E+00
2.5510E+03	0.0000E+00	0.0000E+00	1.8428E+00
2.5520E+03	0.0000E+00	0.0000E+00	1.8421E+00
2.5530E+03	0.0000E+00	0.0000E+00	1.8324E+00
2.5540E+03	0.0000E+00	0.0000E+00	1.8302E+00
2.5550E+03	0.0000E+00	0.0000E+00	1.8246E+00
2.5560E+03	0.0000E+00	0.0000E+00	1.8199E+00
2.5570E+03	0.0000E+00	0.0000E+00	1.8167E+00
2.5580E+03	0.0000E+00	0.0000E+00	1.8110E+00
2.5590E+03	0.0000E+00	0.0000E+00	1.8058E+00
2.5600E+03	0.0000E+00	0.0000E+00	1.8041E+00
2.5610E+03	0.0000E+00	0.0000E+00	1.7972E+00
2.5620E+03	0.0000E+00	0.0000E+00	1.7961E+00
2.5630E+03	0.0000E+00	0.0000E+00	1.7952E+00
2.5640E+03	0.0000E+00	0.0000E+00	1.8017E+00
2.5650E+03	0.0000E+00	0.0000E+00	1.8040E+00
2.5660E+03	0.0000E+00	0.0000E+00	1.8109E+00
2.5670E+03	0.0000E+00	0.0000E+00	1.8218E+00
2.5680E+03	0.0000E+00	0.0000E+00	1.8248E+00
2.5690E+03	0.0000E+00	0.0000E+00	1.8273E+00
2.5700E+03	0.0000E+00	0.0000E+00	1.8282E+00
2.5710E+03	0.0000E+00	0.0000E+00	1.8244E+00
2.5720E+03	0.0000E+00	0.0000E+00	1.8239E+00
2.5730E+03	0.0000E+00	0.0000E+00	1.8224E+00
2.5740E+03	0.0000E+00	0.0000E+00	1.8177E+00
2.5750E+03	0.0000E+00	0.0000E+00	1.8105E+00
2.5760E+03	0.0000E+00	0.0000E+00	1.8115E+00
2.5770E+03	0.0000E+00	0.0000E+00	1.8098E+00
2.5780E+03	0.0000E+00	0.0000E+00	1.8050E+00
2.5790E+03	0.0000E+00	0.0000E+00	1.8033E+00
2.5800E+03	0.0000E+00	0.0000E+00	1.8015E+00
2.5810E+03	0.0000E+00	0.0000E+00	1.7980E+00
2.5820E+03	0.0000E+00	0.0000E+00	1.7918E+00
2.5830E+03	0.0000E+00	0.0000E+00	1.7894E+00
2.5840E+03	0.0000E+00	0.0000E+00	1.7907E+00
2.5850E+03	0.0000E+00	0.0000E+00	1.7938E+00
2.5860E+03	0.0000E+00	0.0000E+00	1.8124E+00
2.5870E+03	0.0000E+00	0.0000E+00	1.8288E+00
2.5880E+03	0.0000E+00	0.0000E+00	1.8354E+00
2.5890E+03	0.0000E+00	0.0000E+00	1.8455E+00
2.5900E+03	0.0000E+00	0.0000E+00	1.8716E+00
2.5910E+03	0.0000E+00	0.0000E+00	1.8983E+00
2.5920E+03	0.0000E+00	0.0000E+00	1.9084E+00
2.5930E+03	0.0000E+00	0.0000E+00	1.9091E+00
2.5940E+03	0.0000E+00	0.0000E+00	1.9125E+00
2.5950E+03	0.0000E+00	0.0000E+00	1.9059E+00
2.5960E+03	0.0000E+00	0.0000E+00	1.9004E+00
2.5970E+03	0.0000E+00	0.0000E+00	1.8914E+00
2.5980E+03	0.0000E+00	0.0000E+00	1.8816E+00
2.5990E+03	0.0000E+00	0.0000E+00	1.8749E+00
2.6000E+03	0.0000E+00	0.0000E+00	1.8702E+00
2.6010E+03	0.0000E+00	0.0000E+00	1.8599E+00
2.6020E+03	0.0000E+00	0.0000E+00	1.8557E+00
2.6030E+03	0.0000E+00	0.0000E+00	1.8487E+00
2.6040E+03	0.0000E+00	0.0000E+00	1.8414E+00
2.6050E+03	0.0000E+00	0.0000E+00	1.8344E+00
2.6060E+03	0.0000E+00	0.0000E+00	1.8321E+00
2.6070E+03	0.0000E+00	0.0000E+00	1.8205E+00
2.6080E+03	0.0000E+00	0.0000E+00	1.8119E+00
2.6090E+03	0.0000E+00	0.0000E+00	1.8111E+00
2.6100E+03	0.0000E+00	0.0000E+00	1.8043E+00
2.6110E+03	0.0000E+00	0.0000E+00	1.8047E+00
2.6120E+03	0.0000E+00	0.0000E+00	1.8085E+00
2.6130E+03	0.0000E+00	0.0000E+00	1.8173E+00
2.6140E+03	0.0000E+00	0.0000E+00	1.8287E+00
2.6150E+03	0.0000E+00	0.0000E+00	1.8406E+00
2.6160E+03	0.0000E+00	0.0000E+00	1.8470E+00
2.6170E+03	0.0000E+00	0.0000E+00	1.8474E+00
2.6180E+03	0.0000E+00	0.0000E+00	1.8479E+00
2.6190E+03	0.0000E+00	0.0000E+00	1.8494E+00
2.6200E+03	0.0000E+00	0.0000E+00	1.8361E+00
2.6210E+03	0.0000E+00	0.0000E+00	1.8394E+00
2.6220E+03	0.0000E+00	0.0000E+00	1.8288E+00
2.6230E+03	0.0000E+00	0.0000E+00	1.8251E+00
2.6240E+03	0.0000E+00	0.0000E+00	1.8227E+00
2.6250E+03	0.0000E+00	0.0000E+00	1.8212E+00
2.6260E+03	0.0000E+00	0.0000E+00	1.8139E+00
2.6270E+03	0.0000E+00	0.0000E+00	1.8079E+00
2.6280E+03	0.0000E+00	0.0000E+00	1.8033E+00
2.6290E+03	0.0000E+00	0.0000E+00	1.7934E+00
2.6300E+03	0.0000E+00	0.0000E+00	1.7903E+00
2.6310E+03	0.0000E+00	0.0000E+00	1.7843E+00
2.6320E+03	0.0000E+00	0.0000E+00	1.7804E+00
2.6330E+03	0.0000E+00	0.0000E+00	1.7753E+00
2.6340E+03	0.0000E+00	0.0000E+00	1.7716E+00
2.6350E+03	0.0000E+00	0.0000E+00	1.7708E+00
2.6360E+03	0.0000E+00	0.0000E+00	1.7738E+00
2.6370E+03	0.0000E+00	0.0000E+00	1.7744E+00
2.6380E+03	0.0000E+00	0.0000E+00	1.7789E+00
2.6390E+03	0.0000E+00	0.0000E+00	1.7858E+00
2.6400E+03	0.0000E+00	0.0000E+00	1.7925E+00
2.6410E+03	0.0000E+00	0.0000E+00	1.8021E+00
2.6420E+03	0.0000E+00	0.0000E+00	1.8025E+00
2.6430E+03	0.0000E+00	0.0000E+00	1.8009E+00
2.6440E+03	0.0000E+00	0.0000E+00	1.7994E+00
2.6450E+03	0.0000E+00	0.0000E+00	1.7970E+00
2.6460E+03	0.0000E+00	0.0000E+00	1.7954E+00
2.6470E+03	0.0000E+00	0.0000E+00	1.7885E+00
2.6480E+03	0.0000E+00	0.0000E+00	1.7922E+00
2.6490E+03	0.0000E+00	0.0000E+00	1.7863E+00
2.6500E+03	0.0000E+00	0.0000E+00	1.7838E+00
2.6510E+03	0.0000E+00	0.0000E+00	1.7815E+00
2.6520E+03	0.0000E+00	0.0000E+00	1.7762E+00
2.6530E+03	0.0000E+00	0.0000E+00	1.7745E+00
2.6540E+03	0.0000E+00	0.0000E+00	1.7678E+00
2.6550E+03	0.0000E+00	0.0000E+00	1.7666E+00
2.6560E+03	0.0000E+00	0.0000E+00	1.7605E+00
2.6570E+03	0.0000E+00	0.0000E+00	1.7595E+00
2.6580E+03	0.0000E+00	0.0000E+00	1.7564E+00
2.6590E+03	0.0000E+00	0.0000E+00	1.7544E+00
2.6600E+03	0.0000E+00	0.0000E+00	1.7544E+00
2.6610E+03	0.0000E+00	0.0000E+00	1.7606E+00
2.6620E+03	0.0000E+00	0.0000E+00	1.7657E+00
2.6630E+03	0.0000E+00	0.0000E+00	1.7728E+00
2.6640E+03	0.0000E+00	0.0000E+00	1.7840E+00
2.6650E+03	0.0000E+00	0.0000E+00	1.7909E+00
2.6660E+03	0.0000E+00	0.0000E+00	1.7914E+00
2.6670E+03	0.0000E+00	0.0000E+00	1.7967E+00
2.6680E+03	0.0000E+00	0.0000E+00	1.7960E+00
2.6690E+03	0.0000E+00	0.0000E+00	1.7901E+00
2.6700E+03	0.0000E+00	0.0000E+00	1.7868E+00
2.6710E+03	0.0000E+00	0.0000E+00	1.7860E+00
2.6720E+03	0.0000E+00	0.0000E+00	1.7837E+00
2.6730E+03	0.0000E+00	0.0000E+00	1.7829E+00
2.6740E+03	0.0000E+00	0.0000E+00	1.7688E+00
2.6750E+03	0.0000E+00	0.0000E+00	1.7646E+00
2.6760E+03	0.0000E+00	0.0000E+00	1.7657E+00
2.6770E+03	0.0000E+00	0.0000E+00	1.7569E+00
2.6780E+03	0.0000E+00	0.0000E+00	1.7603E+00
2.6790E+03	0.0000E+00	0.0000E+00	1.7540E+00
2.6800E+03	0.0000E+00	0.0000E+00	1.7512E+00
2.6810E+03	0.0000E+00	0.0000E+00	1.7461E+00
2.6820E+03	0.0000E+00	0.0000E+00	1.7459E+00
2.6830E+03	0.0000E+00	0.0000E+00	1.7459E+00
2.6840E+03	0.0000E+00	0.0000E+00	1.7432E+00
2.6850E+03	0.0000E+00	0.0000E+00	1.7403E+00
2.6860E+03	0.0000E+00	0.0000E+00	1.7475E+00
2.6870E+03	0.0000E+00	0.0000E+00	1.7585E+00
2.6880E+03	0.0000E+00	0.0000E+00	1.7640E+00
2.6890E+03	0.0000E+00	0.0000E+00	1.7702E+00
2.6900E+03	0.0000E+00	0.0000E+00	1.7829E+00
2.6910E+03	0.0000E+00	0.0000E+00	1.7873E+00
2.6920E+03	0.0000E+00	0.0000E+00	1.7851E+00
2.6930E+03	0.0000E+00	0.0000E+00	1.7822E+00
2.6940E+03	0.0000E+00	0.0000E+00	1.7813E+00
2.6950E+03	0.0000E+00	0.0000E+00	1.7808E+00
2.6960E+03	0.0000E+00	0.0000E+00	1.7763E+00
2.6970E+03	0.0000E+00	0.0000E+00	1.7762E+00
2.6980E+03	0.0000E+00	0.0000E+00	1.7792E+00
2.6990E+03	0.0000E+00	0.0000E+00	1.7799E+00
2.7000E+03	0.0000E+00	0.0000E+00	1.7792E+00
2.7010E+03	0.0000E+00	0.0000E+00	1.7733E+00
2.7020E+03	0.0000E+00	0.0000E+00	1.7697E+00
2.7030E+03	0.0000E+00	0.0000E+00	1.7701E+00
2.7040E+03	0.0000E+00	0.0000E+00	1.7614E+00
2.7050E+03	0.0000E+00	0.0000E+00	1.7623E+00
2.7060E+03	0.0000E+00	0.0000E+00	1.7558E+00
2.7070E+03	0.0000E+00	0.0000E+00	1.7552E+00
2.7080E+03	0.0000E+00	0.0000E+00	1.7536E+00
2.7090E+03	0.0000E+00	0.0000E+00	1.7595E+00
2.7100E+03	0.0000E+00	0.0000E+00	1.7657E+00
2.7110E+03	0.0000E+00	0.0000E+00	1.7775E+00
2.7120E+03	0.0000E+00	0.0000E+00	1.7864E+00
2.7130E+03	0.0000E+00	0.0000E+00	1.7909E+00
2.7140E+03	0.0000E+00	0.0000E+00	1.7902E+00
2.7150E+03	0.0000E+00	0.0000E+00	1.7919E+00
2.7160E+03	0.0000E+00	0.0000E+00	1.7938E+00
2.7170E+03	0.0000E+00	0.0000E+00	1.7973E+00
2.7180E+03	0.0000E+00	0.0000E+00	1.7886E+00
2.7190E+03	0.0000E+00	0.0000E+00	1.7898E+00
2.7200E+03	0.0000E+00	0.0000E+00	1.7862E+00
2.7210E+03	0.0000E+00	0.0000E+00	1.7839E+00
2.7220E+03	0.0000E+00	0.0000E+00	1.7796E+00
2.7230E+03	0.0000E+00	0.0000E+00	1.7771E+00
2.7240E+03	0.0000E+00	0.0000E+00	1.7770E+00
2.7250E+03	0.0000E+00	0.0000E+00	1.7738E+00
2.7260E+03	0.0000E+00	0.0000E+00	1.7655E+00
2.7270E+03	0.0000E+00	0.0000E+00	1.7623E+00
2.7280E+03	0.0000E+00	0.0000E+00	1.7612E+00
2.7290E+03	0.0000E+00	0.0000E+00	1.7580E+00
2.7300E+03	0.0000E+00	0.0000E+00	1.7567E+00
2.7310E+03	0.0000E+00	0.0000E+00	1.7527E+00
2.7320E+03	0.0000E+00	0.0000E+00	1.7521E+00
2.7330E+03	0.0000E+00	0.0000E+00	1.7527E+00
2.7340E+03	0.0000E+00	0.0000E+00	1.7570E+00
2.7350E+03	0.0000E+00	0.0000E+00	1.7612E+00
2.7360E+03	0.0000E+00	0.0000E+00	1.7692E+00
2.7370E+03	0.0000E+00	0.0000E+00	1.7746E+00
2.7380E+03	0.0000E+00	0.0000E+00	1.7829E+00
2.7390E+03	0.0000E+00	0.0000E+00	1.7846E+00
2.7400E+03	0.0000E+00	0.0000E+00	1.7835E+00
2.7410E+03	0.0000E+00	0.0000E+00	1.7868E+00
2.7420E+03	0.0000E+00	0.0000E+00	1.7883E+00
2.7430E+03	0.0000E+00	0.0000E+00	1.7856E+00
2.7440E+03	0.0000E+00	0.0000E+00	1.7812E+00
2.7450E+03	0.0000E+00	0.0000E+00	1.7786E+00
2.7460E+03	0.0000E+00	0.0000E+00	1.7762E+00
2.7470E+03	0.0000E+00	0.0000E+00	1.7756E+00
2.7480E+03	0.0000E+00	0.0000E+00	1.7778E+00
2.7490E+03	0.0000E+00	0.0000E+00	1.7830E+00
2.7500E+03	0.0000E+00	0.0000E+00	1.7814E+00
2.7510E+03	0.0000E+00	0.0000E+00	1.7818E+00
2.7520E+03	0.0000E+00	0.0000E+00	1.7804E+00
2.7530E+03	0.0000E+00	0.0000E+00	1.7839E+00
2.7540E+03	0.0000E+00	0.0000E+00	1.7947E+00
2.7550E+03	0.0000E+00	0.0000E+00	1.7976E+00
2.7560E+03	0.0000E+00	0.0000E+00	1.7955E+00
2.7570E+03	0.0000E+00	0.0000E+00	1.7933E+00
2.7580E+03	0.0000E+00	0.0000E+00	1.7917E+00
2.7590E+03	0.0000E+00	0.0000E+00	1.7911E+00
2.7600E+03	0.0000E+00	0.0000E+00	1.7962E+00
2.7610E+03	0.0000E+00	0.0000E+00	1.7962E+00
2.7620E+03	0.0000E+00	0.0000E+00	1.7953E+00
2.7630E+03	0.0000E+00	0.0000E+00	1.7925E+00
2.7640E+03	0.0000E+00	0.0000E+00	1.7878E+00
2.7650E+03	0.0000E+00	0.0000E+00	1.7922E+00
2.7660E+03	0.0000E+00	0.0000E+00	1.7910E+00
2.7670E+03	0.0000E+00	0.0000E+00	1.7917E+00
2.7680E+03	0.0000E+00	0.0000E+00	1.7832E+00
2.7690E+03	0.0000E+00	0.0000E+00	1.7806E+00
2.7700E+03	0.0000E+00	0.0000E+00	1.7771E+00
2.7710E+03	0.0000E+00	0.0000E+00	1.7760E+00
2.7720E+03	0.0000E+00	0.0000E+00	1.7713E+00
2.7730E+03	0.0000E+00	0.0000E+00	1.7680E+00
2.7740E+03	0.0000E+00	0.0000E+00	1.7634E+00
2.7750E+03	0.0000E+00	0.0000E+00	1.7588E+00
2.7760E+03	0.0000E+00	0.0000E+00	1.7534E+00
2.7770E+03	0.0000E+00	0.0000E+00	1.7484E+00
2.7780E+03	0.0000E+00	0.0000E+00	1.7469E+00
2.7790E+03	0.0000E+00	0.0000E+00	1.7409E+00
2.7800E+03	0.0000E+00	0.0000E+00	1.7397E+00
2.7810E+03	0.0000E+00	0.0000E+00	1.7389E+00
2.7820E+03	0.0000E+00	0.0000E+00	1.7408E+00
2.7830E+03	0.0000E+00	0.0000E+00	1.7488E+00
2.7840E+03	0.0000E+00	0.0000E+00	1.7515E+00
2.7850E+03	0.0000E+00	0.0000E+00	1.7581E+00
2.7860E+03	0.0000E+00	0.0000E+00	1.7617E+00
2.7870E+03	0.0000E+00	0.0000E+00	1.7640E+00
2.7880E+03	0.0000E+00	0.0000E+00	1.7616E+00
2.7890E+03	0.0000E+00	0.0000E+00	1.7601E+00
2.7900E+03	0.0000E+00	0.0000E+00	1.7593E+00
2.7910E+03	0.0000E+00	0.0000E+00	1.7536E+00
2.7920E+03	0.0000E+00	0.0000E+00	1.7564E+00
2.7930E+03	0.0000E+00	0.0000E+00	1.7532E+00
2.7940E+03	0.0000E+00	0.0000E+00	1.7514E+00
2.7950E+03	0.0000E+00	0.0000E+00	1.7485E+00
2.7960E+03	0.0000E+00	0.0000E+00	1.7492E+00
2.7970E+03	0.0000E+00	0.0000E+00	1.7431E+00
2.7980E+03	0.0000E+00	0.0000E+00	1.7425E+00
2.7990E+03	0.0000E+00	0.0000E+00	1.7387E+00
2.8000E+03	0.0000E+00	0.0000E+00	1.7375E+00
2.8010E+03	0.0000E+00	0.0000E+00	1.7300E+00
2.8020E+03	0.0000E+00	0.0000E+00	1.7248E+00
2.8030E+03	0.0000E+00	0.0000E+00	1.7237E+00
2.8040E+03	0.0000E+00	0.0000E+00	1.7164E+00
2.8050E+03	0.0000E+00	0.0000E+00	1.7153E+00
2.8060E+03	0.0000E+00	0.0000E+00	1.7173E+00
2.8070E+03	0.0000E+00	0.0000E+00	1.7227E+00
2.8080E+03	0.0000E+00	0.0000E+00	1.7265E+00
2.8090E+03	0.0000E+00	0.0000E+00	1.7318E+00
2.8100E+03	0.0000E+00	0.0000E+00	1.7353E+00
2.8110E+03	0.0000E+00	0.0000E+00	1.7357E+00
2.8120E+03	0.0000E+00	0.0000E+00	1.7356E+00
2.8130E+03	0.0000E+00	0.0000E+00	1.7349E+00
2.8140E+03	0.0000E+00	0.0000E+00	1.7364E+00
2.8150E+03	0.0000E+00	0.0000E+00	1.7337E+00
2.8160E+03	0.0000E+00	0.0000E+00	1.7356E+00
2.8170E+03	0.0000E+00	0.0000E+00	1.7349E+00
2.8180E+03	0.0000E+00	0.0000E+00	1.7326E+00
2.8190E+03	0.0000E+00	0.0000E+00	1.7304E+00
2.8200E+03	0.0000E+00	0.0000E+00	1.7299E+00
2.8210E+03	0.0000E+00	0.0000E+00	1.7284E+00
2.8220E+03	0.0000E+00	0.0000E+00	1.7244E+00
2.8230E+03	0.0000E+00	0.0000E+00	1.7199E+00
2.8240E+03	0.0000E+00	0.0000E+00	1.7166E+00
2.8250E+03	0.0000E+00	0.0000E+00	1.7135E+00
2.8260E+03	0.0000E+00	0.0000E+00	1.7107E+00
2.8270E+03	0.0000E+00	0.0000E+00	1.7075E+00
2.8280E+03	0.0000E+00	0.0000E+00	1.7035E+00
2.8290E+03	0.0000E+00	0.0000E+00	1.7043E+00
2.8300E+03	0.0000E+00	0.0000E+00	1.7039E+00
2.8310E+03	0.0000E+00	0.0000E+00	1.7064E+00
2.8320E+03	0.0000E+00	0.0000E+00	1.7079E+00
2.8330E+03	0.0000E+00	0.0000E+00	1.7083E+00
2.8340E+03	0.0000E+00	0.0000E+00	1.7105E+00
2.8350E+03	0.0000E+00	0.0000E+00	1.7180E+00
2.8360E+03	0.0000E+00	0.0000E+00	1.7212E+00
2.8370E+03	0.0000E+00	0.0000E+00	1.7186E+00
2.8380E+03	0.0000E+00	0.0000E+00	1.7174E+00
2.8390E+03	0.0000E+00	0.0000E+00	1.7178E+00
2.8400E+03	0.0000E+00	0.0000E+00	1.7164E+00
2.8410E+03	0.0000E+00	0.0000E+00	1.7186E+00
2.8420E+03	0.0000E+00	0.0000E+00	1.7201E+00
2.8430E+03	0.0000E+00	0.0000E+00	1.7183E+00
2.8440E+03	0.0000E+00	0.0000E+00	1.7167E+00
2.8450E+03	0.0000E+00	0.0000E+00	1.7141E+00
2.8460E+03	0.0000E+00	0.0000E+00	1.7095E+00
2.8470E+03	0.0000E+00	0.0000E+00	1.7062E+00
2.8480E+03	0.0000E+00	0.0000E+00	1.7032E+00
2.8490E+03	0.0000E+00	0.0000E+00	1.6998E+00
2.8500E+03	0.0000E+00	0.0000E+00	1.6987E+00
2.8510E+03	0.0000E+00	0.0000E+00	1.6972E+00
2.8520E+03	0.0000E+00	0.0000E+00	1.6919E+00
2.8530E+03	0.0000E+00	0.0000E+00	1.6918E+00
2.8540E+03	0.0000E+00	0.0000E+00	1.6931E+00
2.8550E+03	0.0000E+00	0.0000E+00	1.6964E+00
2.8560E+03	0.0000E+00	0.0000E+00	1.7001E+00
2.8570E+03	0.0000E+00	0.0000E+00	1.7056E+00
2.8580E+03	0.0000E+00	0.0000E+00	1.7096E+00
2.8590E+03	0.0000E+00	0.0000E+00	1.7148E+00
2.8600E+03	0.0000E+00	0.0000E+00	1.7173E+00
2.8610E+03	0.0000E+00	0.0000E+00	1.7183E+00
2.8620E+03	0.0000E+00	0.0000E+00	1.7141E+00
2.8630E+03	0.0000E+00	0.0000E+00	1.7131E+00
2.8640E+03	0.0000E+00	0.0000E+00	1.7117E+00
2.8650E+03	0.0000E+00	0.0000E+00	1.7116E+00
2.8660E+03	0.0000E+00	0.0000E+00	1.7096E+00
2.8670E+03	0.0000E+00	0.0000E+00	1.7119E+00
2.8680E+03	0.0000E+00	0.0000E+00	1.7061E+00
2.8690E+03	0.0000E+00	0.0000E+00	1.7038E+00
2.8700E+03	0.0000E+00	0.0000E+00	1.7025E+00
2.8710E+03	0.0000E+00	0.0000E+00	1.7012E+00
2.8720E+03	0.0000E+00	0.0000E+00	1.6960E+00
2.8730E+03	0.0000E+00	0.0000E+00	1.6923E+00
2.8740E+03	0.0000E+00	0.0000E+00	1.6902E+00
2.8750E+03	0.0000E+00	0.0000E+00	1.6873E+00
2.8760E+03	0.0000E+00	0.0000E+00	1.6878E+00
2.8770E+03	0.0000E+00	0.0000E+00	1.6883E+00
2.8780E+03	0.0000E+00	0.0000E+00	1.6870E+00
2.8790E+03	0.0000E+00	0.0000E+00	1.6896E+00
2.8800E+03	0.0000E+00	0.0000E+00	1.6931E+00
2.8810E+03	0.0000E+00	0.0000E+00	1.6984E+00
2.8820E+03	0.0000E+00	0.0000E+00	1.7049E+00
2.8830E+03	0.0000E+00	0.0000E+00	1.7062E+00
2.8840E+03	0.0000E+00	0.0000E+00	1.7064E+00
2.8850E+03	0.0000E+00	0.0000E+00	1.7061E+00
2.8860E+03	0.0000E+00	0.0000E+00	1.7060E+00
2.8870E+03	0.0000E+00	0.0000E+00	1.7034E+00
2.8880E+03	0.0000E+00	0.0000E+00	1.7046E+00
2.8890E+03	0.0000E+00	0.0000E+00	1.7028E+00
2.8900E+03	0.0000E+00	0.0000E+00	1.7026E+00
2.8910E+03	0.0000E+00	0.0000E+00	1.7033E+00
2.8920E+03	0.0000E+00	0.0000E+00	1.7001E+00
2.8930E+03	0.0000E+00	0.0000E+00	1.7005E+00
2.8940E+03	0.0000E+00	0.0000E+00	1.6970E+00
2.8950E+03	0.0000E+00	0.0000E+00	1.6917E+00
2.8960E+03	0.0000E+00	0.0000E+00	1.6895E+00
2.8970E+03	0.0000E+00	0.0000E+00	1.6835E+00
2.8980E+03	0.0000E+00	0.0000E+00	1.6826E+00
2.8990E+03	0.0000E+00	0.0000E+00	1.6818E+00
2.9000E+03	0.0000E+00	0.0000E+00	1.6797E+00
2.9010E+03	0.0000E+00	0.0000E+00	1.6777E+00
2.9020E+03	0.0000E+00	0.0000E+00	1.6779E+00
2.9030E+03	0.0000E+00	0.0000E+00	1.6781E+00
2.9040E+03	0.0000E+00	0.0000E+00	1.6793E+00
2.9050E+03	0.0000E+00	0.0000E+00	1.6841E+00
2.9060E+03	0.0000E+00	0.0000E+00	1.6834E+00
2.9070E+03	0.0000E+00	0.0000E+00	1.6900E+00
2.9080E+03	0.0000E+00	0.0000E+00	1.6954E+00
2.9090E+03	0.0000E+00	0.0000E+00	1.6946E+00
2.9100E+03	0.0000E+00	0.0000E+00	1.6941E+00
2.9110E+03	0.0000E+00	0.0000E+00	1.6947E+00
2.9120E+03	0.0000E+00	0.0000E+00	1.6963E+00
2.9130E+03	0.0000E+00	0.0000E+00	1.6938E+00
2.9140E+03	0.0000E+00	0.0000E+00	1.6916E+00
2.9150E+03	0.0000E+00	0.0000E+00	1.6899E+00
2.9160E+03	0.0000E+00	0.0000E+00	1.6897E+00
2.9170E+03	0.0000E+00	0.0000E+00	1.6894E+00
2.9180E+03	0.0000E+00	0.0000E+00	1.6861E+00
2.9190E+03	0.0000E+00	0.0000E+00	1.6851E+00
2.9200E+03	0.0000E+00	0.0000E+00	1.6800E+00
2.9210E+03	0.0000E+00	0.0000E+00	1.6472E+00
2.9220E+03	0.0000E+00	0.0000E+00	1.6393E+00
2.9230E+03	0.0000E+00	0.0000E+00	1.6346E+00
2.9240E+03	0.0000E+00	0.0000E+00	1.6311E+00
2.9250E+03	0.0000E+00	0.0000E+00	1.6300E+00
2.9260E+03	0.0000E+00	0.0000E+00	1.6284E+00
2.9270E+03	0.0000E+00	0.0000E+00	1.6298E+00
2.9280E+03	0.0000E+00	0.0000E+00	1.6332E+00
2.9290E+03	0.0000E+00	0.0000E+00	1.6377E+00
2.9300E+03	0.0000E+00	0.0000E+00	1.6428E+00
2.9310E+03	0.0000E+00	0.0000E+00	1.6483E+00
2.9320E+03	0.0000E+00	0.0000E+00	1.6509E+00
2.9330E+03	0.0000E+00	0.0000E+00	1.6531E+00
2.9340E+03	0.0000E+00	0.0000E+00	1.6493E+00
2.9350E+03	0.0000E+00	0.0000E+00	1.6505E+00
2.9360E+03	0.0000E+00	0.0000E+00	1.6504E+00
2.9370E+03	0.0000E+00	0.0000E+00	1.6496E+00
2.9380E+03	0.0000E+00	0.0000E+00	1.6469E+00
2.9390E+03	0.0000E+00	0.0000E+00	1.6471E+00
2.9400E+03	0.0000E+00	0.0000E+00	1.6478E+00
2.9410E+03	0.0000E+00	0.0000E+00	1.6424E+00
2.9420E+03	0.0000E+00	0.0000E+00	1.6361E+00
2.9430E+03	0.0000E+00	0.0000E+00	1.6356E+00
2.9440E+03	0.0000E+00	0.0000E+00	1.6331E+00
2.9450E+03	0.0000E+00	0.0000E+00	1.6307E+00
2.9460E+03	0.0000E+00	0.0000E+00	1.6281E+00
2.9470E+03	0.0000E+00	0.0000E+00	1.6278E+00
2.9480E+03	0.0000E+00	0.0000E+00	1.6234E+00
2.9490E+03	0.0000E+00	0.0000E+00	1.6230E+00
2.9500E+03	0.0000E+00	0.0000E+00	1.6234E+00
2.9510E+03	0.0000E+00	0.0000E+00	1.6250E+00
2.9520E+03	0.0000E+00	0.0000E+00	1.6263E+00
2.9530E+03	0.0000E+00	0.0000E+00	1.6329E+00
2.9540E+03	0.0000E+00	0.0000E+00	1.6365E+00
2.9550E+03	0.0000E+00	0.0000E+00	1.6392E+00
2.9560E+03	0.0000E+00	0.0000E+00	1.6390E+00
2.9570E+03	0.0000E+00	0.0000E+00	1.6411E+00
2.9580E+03	0.0000E+00	0.0000E+00	1.6412E+00
2.9590E+03	0.0000E+00	0.0000E+00	1.6427E+00
2.9600E+03	0.0000E+00	0.0000E+00	1.6425E+00
2.9610E+03	0.0000E+00	0.0000E+00	1.6412E+00
2.9620E+03	0.0000E+00	0.0000E+00	1.6409E+00
2.9630E+03	0.0000E+00	0.0000E+00	1.6417E+00
2.9640E+03	0.0000E+00	0.0000E+00	1.6376E+00
2.9650E+03	0.0000E+00	0.0000E+00	1.6363E+00
2.9660E+03	0.0000E+00	0.0000E+00	1.6316E+00
2.9670E+03	0.0000E+00	0.0000E+00	1.6279E+00
2.9680E+03	0.0000E+00	0.0000E+00	1.6268E+00
2.9690E+03	0.0000E+00	0.0000E+00	1.6251E+00
2.9700E+03	0.0000E+00	0.0000E+00	1.6255E+00
2.9710E+03	0.0000E+00	0.0000E+00	1.6224E+00
2.9720E+03	0.0000E+00	0.0000E+00	1.6195E+00
2.9730E+03	0.0000E+00	0.0000E+00	1.6166E+00
2.9740E+03	0.0000E+00	0.0000E+00	1.6127E+00
2.9750E+03	0.0000E+00	0.0000E+00	1.6154E+00
2.9760E+03	0.0000E+00	0.0000E+00	1.6154E+00
2.9770E+03	0.0000E+00	0.0000E+00	1.6199E+00
2.9780E+03	0.0000E+00	0.0000E+00	1.6273E+00
2.9790E+03	0.0000E+00	0.0000E+00	1.6332E+00
2.9800E+03	0.0000E+00	0.0000E+00	1.6367E+00
2.9810E+03	0.0000E+00	0.0000E+00	1.6372E+00
2.9820E+03	0.0000E+00	0.0000E+00	1.6365E+00
2.9830E+03	0.0000E+00	0.0000E+00	1.6376E+00
2.9840E+03	0.0000E+00	0.0000E+00	1.6381E+00
2.9850E+03	0.0000E+00	0.0000E+00	1.6392E+00
2.9860E+03	0.0000E+00	0.0000E+00	1.6363E+00
2.9870E+03	0.0000E+00	0.0000E+00	1.6326E+00
2.9880E+03	0.0000E+00	0.0000E+00	1.6308E+00
2.9890E+03	0.0000E+00	0.0000E+00	1.6296E+00
2.9900E+03	0.0000E+00	0.0000E+00	1.6294E+00
2.9910E+03	0.0000E+00	0.0000E+00	1.6279E+00
2.9920E+03	0.0000E+00	0.0000E+00	1.6262E+00
2.9930E+03	0.0000E+00	0.0000E+00	1.6256E+00
2.9940E+03	0.0000E+00	0.0000E+00	1.6227E+00
2.9950E+03	0.0000E+00	0.0000E+00	1.6219E+00
2.9960E+03	0.0000E+00	0.0000E+00	1.6192E+00
2.9970E+03	0.0000E+00	0.0000E+00	1.6187E+00
2.9980E+03	0.0000E+00	0.0000E+00	1.6158E+00
2.9990E+03	0.0000E+00	0.0000E+00	1.6154E+00
3.0000E+03	0.0000E+00	0.0000E+00	1.6143E+00
3.0010E+03	0.0000E+00	0.0000E+00	1.6157E+00
3.0020E+03	0.0000E+00	0.0000E+00	1.6184E+00
3.0030E+03	0.0000E+00	0.0000E+00	1.6200E+00
3.0040E+03	0.0000E+00	0.0000E+00	1.6218E+00
3.0050E+03	0.0000E+00	0.0000E+00	1.6244E+00
3.0060E+03	0.0000E+00	0.0000E+00	1.6276E+00
3.0070E+03	0.0000E+00	0.0000E+00	1.6274E+00
3.0080E+03	0.0000E+00	0.0000E+00	1.6285E+00
3.0090E+03	0.0000E+00	0.0000E+00	1.6275E+00
3.0100E+03	0.0000E+00	0.0000E+00	1.6281E+00
3.0110E+03	0.0000E+00	0.0000E+00	1.6281E+00
3.0120E+03	0.0000E+00	0.0000E+00	1.6267E+00
3.0130E+03	0.0000E+00	0.0000E+00	1.6262E+00
3.0140E+03	0.0000E+00	0.0000E+00	1.6214E+00
3.0150E+03	0.0000E+00	0.0000E+00	1.6175E+00
3.0160E+03	0.0000E+00	0.0000E+00	1.6153E+00
3.0170E+03	0.0000E+00	0.0000E+00	1.6169E+00
3.0180E+03	0.0000E+00	0.0000E+00	1.6155E+00
3.0190E+03	0.0000E+00	0.0000E+00	1.6147E+00
3.0200E+03	0.0000E+00	0.0000E+00	1.6102E+00
3.0210E+03	0.0000E+00	0.0000E+00	1.6099E+00
3.0220E+03	0.0000E+00	0.0000E+00	1.6073E+00
3.0230E+03	0.0000E+00	0.0000E+00	1.6093E+00
3.0240E+03	0.0000E+00	0.0000E+00	1.6106E+00
3.0250E+03	0.0000E+00	0.0000E+00	1.6143E+00
3.0260E+03	0.0000E+00	0.0000E+00	1.6181E+00
3.0270E+03	0.0000E+00	0.0000E+00	1.6211E+00
3.0280E+03	0.0000E+00	0.0000E+00	1.6239E+00
3.0290E+03	0.0000E+00	0.0000E+00	1.6263E+00
3.0300E+03	0.0000E+00	0.0000E+00	1.6244E+00
3.0310E+03	0.0000E+00	0.0000E+00	1.6237E+00
3.0320E+03	0.0000E+00	0.0000E+00	1.6228E+00
3.0330E+03	0.0000E+00	0.0000E+00	1.6220E+00
3.0340E+03	0.0000E+00	0.0000E+00	1.6214E+00
3.0350E+03	0.0000E+00	0.0000E+00	1.6210E+00
3.0360E+03	0.0000E+00	0.0000E+00	1.6235E+00
3.0370E+03	0.0000E+00	0.0000E+00	1.6210E+00
3.0380E+03	0.0000E+00	0.0000E+00	1.6192E+00
3.0390E+03	0.0000E+00	0.0000E+00	1.6187E+00
3.0400E+03	0.0000E+00	0.0000E+00	1.6111E+00
3.0410E+03	0.0000E+00	0.0000E+00	1.6104E+00
3.0420E+03	0.0000E+00	0.0000E+00	1.6095E+00
3.0430E+03	0.0000E+00	0.0000E+00	1.6087E+00
3.0440E+03	0.0000E+00	0.0000E+00	1.6054E+00
3.0450E+03	0.0000E+00	0.0000E+00	1.6027E+00
3.0460E+03	0.0000E+00	0.0000E+00	1.6012E+00
3.0470E+03	0.0000E+00	0.0000E+00	1.6004E+00
3.0480E+03	0.0000E+00	0.0000E+00	1.5993E+00
3.0490E+03	0.0000E+00	0.0000E+00	1.6012E+00
3.0500E+03	0.0000E+00	0.0000E+00	1.6023E+00
3.0510E+03	0.0000E+00	0.0000E+00	1.5995E+00
3.0520E+03	0.0000E+00	0.0000E+00	1.6032E+00
3.0530E+03	0.0000E+00	0.0000E+00	1.6064E+00
3.0540E+03	0.0000E+00	0.0000E+00	1.6091E+00
3.0550E+03	0.0000E+00	0.0000E+00	1.6102E+00
3.0560E+03	0.0000E+00	0.0000E+00	1.6119E+00
3.0570E+03	0.0000E+00	0.0000E+00	1.6115E+00
3.0580E+03	0.0000E+00	0.0000E+00	1.6115E+00
3.0590E+03	0.0000E+00	0.0000E+00	1.6143E+00
3.0600E+03	0.0000E+00	0.0000E+00	1.6091E+00
3.0610E+03	0.0000E+00	0.0000E+00	1.6116E+00
3.0620E+03	0.0000E+00	0.0000E+00	1.6103E+00
3.0630E+03	0.0000E+00	0.0000E+00	1.6084E+00
3.0640E+03	0.0000E+00	0.0000E+00	1.6084E+00
3.0650E+03	0.0000E+00	0.0000E+00	1.6063E+00
3.0660E+03	0.0000E+00	0.0000E+00	1.6005E+00
3.0670E+03	0.0000E+00	0.0000E+00	1.5969E+00
3.0680E+03	0.0000E+00	0.0000E+00	1.5933E+00
3.0690E+03	0.0000E+00	0.0000E+00	1.5936E+00
3.0700E+03	0.0000E+00	0.0000E+00	1.5922E+00
3.0710E+03	0.0000E+00	0.0000E+00	1.5944E+00
3.0720E+03	0.0000E+00	0.0000E+00	1.5953E+00
3.0730E+03	0.0000E+00	0.0000E+00	1.5965E+00
3.0740E+03	0.0000E+00	0.0000E+00	1.6003E+00
3.0750E+03	0.0000E+00	0.0000E+00	1.6076E+00
3.0760E+03	0.0000E+00	0.0000E+00	1.6115E+00
3.0770E+03	0.0000E+00	0.0000E+00	1.6131E+00
3.0780E+03	0.0000E+00	0.0000E+00	1.6149E+00
3.0790E+03	0.0000E+00	0.0000E+00	1.6114E+00
3.0800E+03	0.0000E+00	0.0000E+00	1.6134E+00
3.0810E+03	0.0000E+00	0.0000E+00	1.6137E+00
3.0820E+03	0.0000E+00	0.0000E+00	1.6141E+00
3.0830E+03	0.0000E+00	0.0000E+00	1.6122E+00
3.0840E+03	0.0000E+00	0.0000E+00	1.6091E+00
3.0850E+03	0.0000E+00	0.0000E+00	1.6089E+00
3.0860E+03	0.0000E+00	0.0000E+00	1.6048E+00
3.0870E+03	0.0000E+00	0.0000E+00	1.6027E+00
3.0880E+03	0.0000E+00	0.0000E+00	1.6025E+00
3.0890E+03	0.0000E+00	0.0000E+00	1.6002E+00
3.0900E+03	0.0000E+00	0.0000E+00	1.5977E+00
3.0910E+03	0.0000E+00	0.0000E+00	1.5959E+00
3.0920E+03	0.0000E+00	0.0000E+00	1.5934E+00
3.0930E+03	0.0000E+00	0.0000E+00	1.5912E+00
3.0940E+03	0.0000E+00	0.0000E+00	1.5912E+00
3.0950E+03	0.0000E+00	0.0000E+00	1.5926E+00
3.0960E+03	0.0000E+00	0.0000E+00	1.5959E+00
3.0970E+03	0.0000E+00	0.0000E+00	1.5978E+00
3.0980E+03	0.0000E+00	0.0000E+00	1.6002E+00
3.0990E+03	0.0000E+00	0.0000E+00	1.6037E+00
3.1000E+03	0.0000E+00	0.0000E+00	1.6060E+00
3.1010E+03	0.0000E+00	0.0000E+00	1.6101E+00
3.1020E+03	0.0000E+00	0.0000E+00	1.6099E+00
3.1030E+03	0.0000E+00	0.0000E+00	1.6102E+00
3.1040E+03	0.0000E+00	0.0000E+00	1.6123E+00
3.1050E+03	0.0000E+00	0.0000E+00	1.6130E+00
3.1060E+03	0.0000E+00	0.0000E+00	1.6131E+00
3.1070E+03	0.0000E+00	0.0000E+00	1.6111E+00
3.1080E+03	0.0000E+00	0.0000E+00	1.6108E+00
3.1090E+03	0.0000E+00	0.0000E+00	1.6065E+00
3.1100E+03	0.0000E+00	0.0000E+00	1.6026E+00
3.1110E+03	0.0000E+00	0.0000E+00	1.5997E+00
3.1120E+03	0.0000E+00	0.0000E+00	1.5979E+00
3.1130E+03	0.0000E+00	0.0000E+00	1.5891E+00
3.1140E+03	0.0000E+00	0.0000E+00	1.5880E+00
3.1150E+03	0.0000E+00	0.0000E+00	1.5834E+00
3.1160E+03	0.0000E+00	0.0000E+00	1.5826E+00
3.1170E+03	0.0000E+00	0.0000E+00	1.5800E+00
3.1180E+03	0.0000E+00	0.0000E+00	1.5802E+00
3.1190E+03	0.0000E+00	0.0000E+00	1.5776E+00
3.1200E+03	0.0000E+00	0.0000E+00	1.5781E+00
3.1210E+03	0.0000E+00	0.0000E+00	1.5800E+00
3.1220E+03	0.0000E+00	0.0000E+00	1.5852E+00
3.1230E+03	0.0000E+00	0.0000E+00	1.5895E+00
3.1240E+03	0.0000E+00	0.0000E+00	1.5928E+00
3.1250E+03	0.0000E+00	0.0000E+00	1.5964E+00
3.1260E+03	0.0000E+00	0.0000E+00	1.5972E+00
3.1270E+03	0.0000E+00	0.0000E+00	1.5955E+00
3.1280E+03	0.0000E+00	0.0000E+00	1.5986E+00
3.1290E+03	0.0000E+00	0.0000E+00	1.6004E+00
3.1300E+03	0.0000E+00	0.0000E+00	1.5986E+00
3.1310E+03	0.0000E+00	0.0000E+00	1.5982E+00
3.1320E+03	0.0000E+00	0.0000E+00	1.5963E+00
3.1330E+03	0.0000E+00	0.0000E+00	1.5951E+00
3.1340E+03	0.0000E+00	0.0000E+00	1.5924E+00
3.1350E+03	0.0000E+00	0.0000E+00	1.5887E+00
3.1360E+03	0.0000E+00	0.0000E+00	1.5874E+00
3.1370E+03	0.0000E+00	0.0000E+00	1.5869E+00
3.1380E+03	0.0000E+00	0.0000E+00	1.5847E+00
3.1390E+03	0.0000E+00	0.0000E+00	1.5825E+00
3.1400E+03	0.0000E+00	0.0000E+00	1.5794E+00
3.1410E+03	0.0000E+00	0.0000E+00	1.5759E+00
3.1420E+03	0.0000E+00	0.0000E+00	1.5752E+00
3.1430E+03	0.0000E+00	0.0000E+00	1.5750E+00
3.1440E+03	0.0000E+00	0.0000E+00	1.5786E+00
3.1450E+03	0.0000E+00	0.0000E+00	1.5807E+00
3.1460E+03	0.0000E+00	0.0000E+00	1.5851E+00
3.1470E+03	0.0000E+00	0.0000E+00	1.5860E+00
3.1480E+03	0.0000E+00	0.0000E+00	1.5913E+00
3.1490E+03	0.0000E+00	0.0000E+00	1.5932E+00
3.1500E+03	0.0000E+00	0.0000E+00	1.5956E+00
3.1510E+03	0.0000E+00	0.0000E+00	1.5974E+00
3.1520E+03	0.0000E+00	0.0000E+00	1.6001E+00
3.1530E+03	0.0000E+00	0.0000E+00	1.5997E+00
3.1540E+03	0.0000E+00	0.0000E+00	1.6030E+00
3.1550E+03	0.0000E+00	0.0000E+00	1.6031E+00
3.1560E+03	0.0000E+00	0.0000E+00	1.5989E+00
3.1570E+03	0.0000E+00	0.0000E+00	1.5996E+00
3.1580E+03	0.0000E+00	0.0000E+00	1.5987E+00
3.1590E+03	0.0000E+00	0.0000E+00	1.5980E+00
3.1600E+03	0.0000E+00	0.0000E+00	1.5917E+00
3.1610E+03	0.0000E+00	0.0000E+00	1.5915E+00
3.1620E+03	0.0000E+00	0.0000E+00	1.5894E+00
3.1630E+03	0.0000E+00	0.0000E+00	1.5873E+00
3.1640E+03	0.0000E+00	0.0000E+00	1.5838E+00
3.1650E+03	0.0000E+00	0.0000E+00	1.5823E+00
3.1660E+03	0.0000E+00	0.0000E+00	1.5798E+00
3.1670E+03	0.0000E+00	0.0000E+00	1.5815E+00
3.1680E+03	0.0000E+00	0.0000E+00	1.5818E+00
3.1690E+03	0.0000E+00	0.0000E+00	1.5812E+00
3.1700E+03	0.0000E+00	0.0000E+00	1.5817E+00
3.1710E+03	0.0000E+00	0.0000E+00	1.5839E+00
3.1720E+03	0.0000E+00	0.0000E+00	1.5886E+00
3.1730E+03	0.0000E+00	0.0000E+00	1.5885E+00
3.1740E+03	0.0000E+00	0.0000E+00	1.5932E+00
3.1750E+03	0.0000E+00	0.0000E+00	1.5942E+00
3.1760E+03	0.0000E+00	0.0000E+00	1.5957E+00
3.1770E+03	0.0000E+00	0.0000E+00	1.5964E+00
3.1780E+03	0.0000E+00	0.0000E+00	1.5990E+00
3.1790E+03	0.0000E+00	0.0000E+00	1.5963E+00
3.1800E+03	0.0000E+00	0.0000E+00	1.5976E+00
3.1810E+03	0.0000E+00	0.0000E+00	1.5971E+00
3.1820E+03	0.0000E+00	0.0000E+00	1.5979E+00
3.1830E+03	0.0000E+00	0.0000E+00	1.5969E+00
3.1840E+03	0.0000E+00	0.0000E+00	1.5916E+00
3.1850E+03	0.0000E+00	0.0000E+00	1.5878E+00
3.1860E+03	0.0000E+00	0.0000E+00	1.5878E+00
3.1870E+03	0.0000E+00	0.0000E+00	1.5860E+00
3.1880E+03	0.0000E+00	0.0000E+00	1.5846E+00
3.1890E+03	0.0000E+00	0.0000E+00	1.5832E+00
3.1900E+03	0.0000E+00	0.0000E+00	1.5832E+00
3.1910E+03	0.0000E+00	0.0000E+00	1.5818E+00
3.1920E+03	0.0000E+00	0.0000E+00	1.5821E+00
3.1930E+03	0.0000E+00	0.0000E+00	1.5810E+00
3.1940E+03	0.0000E+00	0.0000E+00	1.5821E+00
3.1950E+03	0.0000E+00	0.0000E+00	1.5813E+00
3.1960E+03	0.0000E+00	0.0000E+00	1.5820E+00
3.1970E+03	0.0000E+00	0.0000E+00	1.5829E+00
3.1980E+03	0.0000E+00	0.0000E+00	1.5831E+00
3.1990E+03	0.0000E+00	0.0000E+00	1.5828E+00
3.2000E+03	0.0000E+00	0.0000E+00	1.5852E+00
3.2010E+03	0.0000E+00	0.0000E+00	1.5881E+00
3.2020E+03	0.0000E+00	0.0000E+00	1.5901E+00
3.2030E+03	0.0000E+00	0.0000E+00	1.5904E+00
3.2040E+03	0.0000E+00	0.0000E+00	1.5919E+00
3.2050E+03	0.0000E+00	0.0000E+00	1.5883E+00
3.2060E+03	0.0000E+00	0.0000E+00	1.5886E+00
3.2070E+03	0.0000E+00	0.0000E+00	1.5880E+00
3.2080E+03	0.0000E+00	0.0000E+00	1.5891E+00
3.2090E+03	0.0000E+00	0.0000E+00	1.5879E+00
3.2100E+03	0.0000E+00	0.0000E+00	1.5851E+00
3.2110E+03	0.0000E+00	0.0000E+00	1.5806E+00
3.2120E+03	0.0000E+00	0.0000E+00	1.5775E+00
3.2130E+03	0.0000E+00	0.0000E+00	1.5730E+00
3.2140E+03	0.0000E+00	0.0000E+00	1.5728E+00
3.2150E+03	0.0000E+00	0.0000E+00	1.5719E+00
3.2160E+03	0.0000E+00	0.0000E+00	1.5720E+00
3.2170E+03	0.0000E+00	0.0000E+00	1.5740E+00
3.2180E+03	0.0000E+00	0.0000E+00	1.5745E+00
3.2190E+03	0.0000E+00	0.0000E+00	1.5773E+00
3.2200E+03	0.0000E+00	0.0000E+00	1.5798E+00
3.2210E+03	0.0000E+00	0.0000E+00	1.5774E+00
3.2220E+03	0.0000E+00	0.0000E+00	1.5795E+00
3.2230E+03	0.0000E+00	0.0000E+00	1.5841E+00
3.2240E+03	0.0000E+00	0.0000E+00	1.5871E+00
3.2250E+03	0.0000E+00	0.0000E+00	1.5887E+00
3.2260E+03	0.0000E+00	0.0000E+00	1.5900E+00
3.2270E+03	0.0000E+00	0.0000E+00	1.5907E+00
3.2280E+03	0.0000E+00	0.0000E+00	1.5903E+00
3.2290E+03	0.0000E+00	0.0000E+00	1.5896E+00
3.2300E+03	0.0000E+00	0.0000E+00	1.5881E+00
3.2310E+03	0.0000E+00	0.0000E+00	1.5877E+00
3.2320E+03	0.0000E+00	0.0000E+00	1.5870E+00
3.2330E+03	0.0000E+00	0.0000E+00	1.5846E+00
3.2340E+03	0.0000E+00	0.0000E+00	1.5810E+00
3.2350E+03	0.0000E+00	0.0000E+00	1.5801E+00
3.2360E+03	0.0000E+00	0.0000E+00	1.5753E+00
3.2370E+03	0.0000E+00	0.0000E+00	1.5718E+00
3.2380E+03	0.0000E+00	0.0000E+00	1.5708E+00
3.2390E+03	0.0000E+00	0.0000E+00	1.5706E+00
3.2400E+03	0.0000E+00	0.0000E+00	1.5700E+00
3.2410E+03	0.0000E+00	0.0000E+00	1.5695E+00
3.2420E+03	0.0000E+00	0.0000E+00	1.5672E+00
3.2430E+03	0.0000E+00	0.0000E+00	1.5727E+00
3.2440E+03	0.0000E+00	0.0000E+00	1.5715E+00
3.2450E+03	0.0000E+00	0.0000E+00	1.5738E+00
3.2460E+03	0.0000E+00	0.0000E+00	1.5759E+00
3.2470E+03	0.0000E+00	0.0000E+00	1.5823E+00
3.2480E+03	0.0000E+00	0.0000E+00	1.5820E+00
3.2490E+03	0.0000E+00	0.0000E+00	1.5852E+00
3.2500E+03	0.0000E+00	0.0000E+00	1.5870E+00
3.2510E+03	0.0000E+00	0.0000E+00	1.5862E+00
3.2520E+03	0.0000E+00	0.0000E+00	1.5878E+00
3.2530E+03	0.0000E+00	0.0000E+00	1.5884E+00
3.2540E+03	0.0000E+00	0.0000E+00	1.5883E+00
3.2550E+03	0.0000E+00	0.0000E+00	1.5845E+00
3.2560E+03	0.0000E+00	0.0000E+00	1.5831E+00
3.2570E+03	0.0000E+00	0.0000E+00	1.5806E+00
3.2580E+03	0.0000E+00	0.0000E+00	1.5791E+00
3.2590E+03	0.0000E+00	0.0000E+00	1.5755E+00
3.2600E+03	0.0000E+00	0.0000E+00	1.5706E+00
3.2610E+03	0.0000E+00	0.0000E+00	1.5709E+00
3.2620E+03	0.0000E+00	0.0000E+00	1.5696E+00
3.2630E+03	0.0000E+00	0.0000E+00	1.5687E+00
3.2640E+03	0.0000E+00	0.0000E+00	1.5678E+00
3.2650E+03	0.0000E+00	0.0000E+00	1.5688E+00
3.2660E+03	0.0000E+00	0.0000E+00	1.5685E+00
3.2670E+03	0.0000E+00	0.0000E+00	1.5707E+00
3.2680E+03	0.0000E+00	0.0000E+00	1.5744E+00
3.2690E+03	0.0000E+00	0.0000E+00	1.5781E+00
3.2700E+03	0.0000E+00	0.0000E+00	1.5792E+00
3.2710E+03	0.0000E+00	0.0000E+00	1.5821E+00
3.2720E+03	0.0000E+00	0.0000E+00	1.5828E+00
3.2730E+03	0.0000E+00	0.0000E+00	1.5863E+00
3.2740E+03	0.0000E+00	0.0000E+00	1.5865E+00
3.2750E+03	0.0000E+00	0.0000E+00	1.5853E+00
3.2760E+03	0.0000E+00	0.0000E+00	1.5856E+00
3.2770E+03	0.0000E+00	0.0000E+00	1.5855E+00
3.2780E+03	0.0000E+00	0.0000E+00	1.5840E+00
3.2790E+03	0.0000E+00	0.0000E+00	1.5814E+00
3.2800E+03	0.0000E+00	0.0000E+00	1.5778E+00
3.2810E+03	0.0000E+00	0.0000E+00	1.5771E+00
3.2820E+03	0.0000E+00	0.0000E+00	1.5748E+00
3.2830E+03	0.0000E+00	0.0000E+00	1.5731E+00
3.2840E+03	0.0000E+00	0.0000E+00	1.5695E+00
3.2850E+03	0.0000E+00	0.0000E+00	1.5651E+00
3.2860E+03	0.0000E+00	0.0000E+00	1.5626E+00
3.2870E+03	0.0000E+00	0.0000E+00	1.5604E+00
3.2880E+03	0.0000E+00	0.0000E+00	1.5617E+00
3.2890E+03	0.0000E+00	0.0000E+00	1.5598E+00
3.2900E+03	0.0000E+00	0.0000E+00	1.5612E+00
3.2910E+03	0.0000E+00	0.0000E+00	1.5621E+00
3.2920E+03	0.0000E+00	0.0000E+00	1.5651E+00
3.2930E+03	0.0000E+00	0.0000E+00	1.5700E+00
3.2940E+03	0.0000E+00	0.0000E+00	1.5735E+00
3.2950E+03	0.0000E+00	0.0000E+00	1.5735E+00
3.2960E+03	0.0000E+00	0.0000E+00	1.5784E+00
3.2970E+03	0.0000E+00	0.0000E+00	1.5799E+00
3.2980E+03	0.0000E+00	0.0000E+00	1.5804E+00
3.2990E+03	0.0000E+00	0.0000E+00	1.5819E+00
3.3000E+03	0.0000E+00	0.0000E+00	1.5812E+00
3.3010E+03	0.0000E+00	0.0000E+00	1.5806E+00
3.3020E+03	0.0000E+00	0.0000E+00	1.5772E+00
3.3030E+03	0.0000E+00	0.0000E+00	1.5769E+00
3.3040E+03	0.0000E+00	0.0000E+00	1.5789E+00
3.3050E+03	0.0000E+00	0.0000E+00	1.5762E+00
3.3060E+03	0.0000E+00	0.0000E+00	1.5716E+00
3.3070E+03	0.0000E+00	0.0000E+00	1.5692E+00
3.3080E+03	0.0000E+00	0.0000E+00	1.5672E+00
3.3090E+03	0.0000E+00	0.0000E+00	1.5666E+00
3.3100E+03	0.0000E+00	0.0000E+00	1.5643E+00
3.3110E+03	0.0000E+00	0.0000E+00	1.5642E+00
3.3120E+03	0.0000E+00	0.0000E+00	1.5670E+00
3.3130E+03	0.0000E+00	0.0000E+00	1.5657E+00
3.3140E+03	0.0000E+00	0.0000E+00	1.5670E+00
3.3150E+03	0.0000E+00	0.0000E+00	1.5661E+00
3.3160E+03	0.0000E+00	0.0000E+00	1.5687E+00
3.3170E+03	0.0000E+00	0.0000E+00	1.5712E+00
3.3180E+03	0.0000E+00	0.0000E+00	1.5758E+00
3.3190E+03	0.0000E+00	0.0000E+00	1.5758E+00
3.3200E+03	0.0000E+00	0.0000E+00	1.5749E+00
3.3210E+03	0.0000E+00	0.0000E+00	1.5748E+00
3.3220E+03	0.0000E+00	0.0000E+00	1.5751E+00
3.3230E+03	0.0000E+00	0.0000E+00	1.5757E+00
3.3240E+03	0.0000E+00	0.0000E+00	1.5771E+00
3.3250E+03	0.0000E+00	0.0000E+00	1.5770E+00
3.3260E+03	0.0000E+00	0.0000E+00	1.5752E+00
3.3270E+03	0.0000E+00	0.0000E+00	1.5766E+00
3.3280E+03	0.0000E+00	0.0000E+00	1.5739E+00
3.3290E+03	0.0000E+00	0.0000E+00	1.5716E+00
3.3300E+03	0.0000E+00	0.0000E+00	1.5704E+00
3.3310E+03	0.0000E+00	0.0000E+00	1.5674E+00
3.3320E+03	0.0000E+00	0.0000E+00	1.5656E+00
3.3330E+03	0.0000E+00	0.0000E+00	1.5630E+00
3.3340E+03	0.0000E+00	0.0000E+00	1.5604E+00
3.3350E+03	0.0000E+00	0.0000E+00	1.5611E+00
3.3360E+03	0.0000E+00	0.0000E+00	1.5633E+00
3.3370E+03	0.0000E+00	0.0000E+00	1.5652E+00
3.3380E+03	0.0000E+00	0.0000E+00	1.5659E+00
3.3390E+03	0.0000E+00	0.0000E+00	1.5669E+00
3.3400E+03	0.0000E+00	0.0000E+00	1.5680E+00
3.3410E+03	0.0000E+00	0.0000E+00	1.5726E+00
3.3420E+03	0.0000E+00	0.0000E+00	1.5743E+00
3.3430E+03	0.0000E+00	0.0000E+00	1.5734E+00
3.3440E+03	0.0000E+00	0.0000E+00	1.5762E+00
3.3450E+03	0.0000E+00	0.0000E+00	1.5768E+00
3.3460E+03	0.0000E+00	0.0000E+00	1.5788E+00
3.3470E+03	0.0000E+00	0.0000E+00	1.5764E+00
3.3480E+03	0.0000E+00	0.0000E+00	1.5764E+00
3.3490E+03	0.0000E+00	0.0000E+00	1.5792E+00
3.3500E+03	0.0000E+00	0.0000E+00	1.5786E+00
3.3510E+03	0.0000E+00	0.0000E+00	1.5776E+00
3.3520E+03	0.0000E+00	0.0000E+00	1.5743E+00
3.3530E+03	0.0000E+00	0.0000E+00	1.5738E+00
3.3540E+03	0.0000E+00	0.0000E+00	1.5717E+00
3.3550E+03	0.0000E+00	0.0000E+00	1.5741E+00
3.3560E+03	0.0000E+00	0.0000E+00	1.5730E+00
3.3570E+03	0.0000E+00	0.0000E+00	1.5725E+00
3.3580E+03	0.0000E+00	0.0000E+00	1.5699E+00
3.3590E+03	0.0000E+00	0.0000E+00	1.5738E+00
3.3600E+03	0.0000E+00	0.0000E+00	1.5723E+00
3.3610E+03	0.0000E+00	0.0000E+00	1.5737E+00
3.3620E+03	0.0000E+00	0.0000E+00	1.5754E+00
3.3630E+03	0.0000E+00	0.0000E+00	1.5759E+00
3.3640E+03	0.0000E+00	0.0000E+00	1.5758E+00
3.3650E+03	0.0000E+00	0.0000E+00	1.5739E+00
3.3660E+03	0.0000E+00	0.0000E+00	1.5744E+00
3.3670E+03	0.0000E+00	0.0000E+00	1.5732E+00
3.3680E+03	0.0000E+00	0.0000E+00	1.5756E+00
3.3690E+03	0.0000E+00	0.0000E+00	1.5771E+00
3.3700E+03	0.0000E+00	0.0000E+00	1.5773E+00
3.3710E+03	0.0000E+00	0.0000E+00	1.5782E+00
3.3720E+03	0.0000E+00	0.0000E+00	1.5767E+00
3.3730E+03	0.0000E+00	0.0000E+00	1.5788E+00
3.3740E+03	0.0000E+00	0.0000E+00	1.5777E+00
3.3750E+03	0.0000E+00	0.0000E+00	1.5802E+00
3.3760E+03	0.0000E+00	0.0000E+00	1.5788E+00
3.3770E+03	0.0000E+00	0.0000E+00	1.5767E+00
3.3780E+03	0.0000E+00	0.0000E+00	1.5725E+00
3.3790E+03	0.0000E+00	0.0000E+00	1.5741E+00
3.3800E+03	0.0000E+00	0.0000E+00	1.5705E+00
3.3810E+03	0.0000E+00	0.0000E+00	1.5648E+00
3.3820E+03	0.0000E+00	0.0000E+00	1.5644E+00
3.3830E+03	0.0000E+00	0.0000E+00	1.5648E+00
3.3840E+03	0.0000E+00	0.0000E+00	1.5663E+00
3.3850E+03	0.0000E+00	0.0000E+00	1.5675E+00
3.3860E+03	0.0000E+00	0.0000E+00	1.5674E+00
3.3870E+03	0.0000E+00	0.0000E+00	1.5686E+00
3.3880E+03	0.0000E+00	0.0000E+00	1.5730E+00
3.3890E+03	0.0000E+00	0.0000E+00	1.5761E+00
3.3900E+03	0.0000E+00	0.0000E+00	1.5755E+00
3.3910E+03	0.0000E+00	0.0000E+00	1.5759E+00
3.3920E+03	0.0000E+00	0.0000E+00	1.5770E+00
3.3930E+03	0.0000E+00	0.0000E+00	1.5783E+00
3.3940E+03	0.0000E+00	0.0000E+00	1.5789E+00
3.3950E+03	0.0000E+00	0.0000E+00	1.5798E+00
3.3960E+03	0.0000E+00	0.0000E+00	1.5803E+00
3.3970E+03	0.0000E+00	0.0000E+00	1.5806E+00
3.3980E+03	0.0000E+00	0.0000E+00	1.5780E+00
3.3990E+03	0.0000E+00	0.0000E+00	1.5773E+00
3.4000E+03	0.0000E+00	0.0000E+00	1.5757E+00
3.4010E+03	0.0000E+00	0.0000E+00	1.5722E+00
3.4020E+03	0.0000E+00	0.0000E+00	1.5683E+00
3.4030E+03	0.0000E+00	0.0000E+00	1.5646E+00
3.4040E+03	0.0000E+00	0.0000E+00	1.5645E+00
3.4050E+03	0.0000E+00	0.0000E+00	1.5621E+00
3.4060E+03	0.0000E+00	0.0000E+00	1.5585E+00
3.4070E+03	0.0000E+00	0.0000E+00	1.5610E+00
3.4080E+03	0.0000E+00	0.0000E+00	1.5612E+00
3.4090E+03	0.0000E+00	0.0000E+00	1.5587E+00
3.4100E+03	0.0000E+00	0.0000E+00	1.5614E+00
3.4110E+03	0.0000E+00	0.0000E+00	1.5605E+00
3.4120E+03	0.0000E+00	0.0000E+00	1.5620E+00
3.4130E+03	0.0000E+00	0.0000E+00	1.5641E+00
3.4140E+03	0.0000E+00	0.0000E+00	1.5658E+00
3.4150E+03	0.0000E+00	0.0000E+00	1.5649E+00
3.4160E+03	0.0000E+00	0.0000E+00	1.5689E+00
3.4170E+03	0.0000E+00	0.0000E+00	1.5711E+00
3.4180E+03	0.0000E+00	0.0000E+00	1.5725E+00
3.4190E+03	0.0000E+00	0.0000E+00	1.5725E+00
3.4200E+03	0.0000E+00	0.0000E+00	1.5718E+00
3.4210E+03	0.0000E+00	0.0000E+00	1.5717E+00
3.4220E+03	0.0000E+00	0.0000E+00	1.5724E+00
3.4230E+03	0.0000E+00	0.0000E+00	1.5781E+00
3.4240E+03	0.0000E+00	0.0000E+00	1.5803E+00
3.4250E+03	0.0000E+00	0.0000E+00	1.5774E+00
3.4260E+03	0.0000E+00	0.0000E+00	1.5742E+00
3.4270E+03	0.0000E+00	0.0000E+00	1.5701E+00
3.4280E+03	0.0000E+00	0.0000E+00	1.5681E+00
3.4290E+03	0.0000E+00	0.0000E+00	1.5658E+00
3.4300E+03	0.0000E+00	0.0000E+00	1.5652E+00
3.4310E+03	0.0000E+00	0.0000E+00	1.5669E+00
3.4320E+03	0.0000E+00	0.0000E+00	1.5663E+00
3.4330E+03	0.0000E+00	0.0000E+00	1.5676E+00
3.4340E+03	0.0000E+00	0.0000E+00	1.5673E+00
3.4350E+03	0.0000E+00	0.0000E+00	1.5678E+00
3.4360E+03	0.0000E+00	0.0000E+00	1.5683E+00
3.4370E+03	0.0000E+00	0.0000E+00	1.5663E+00
3.4380E+03	0.0000E+00	0.0000E+00	1.5673E+00
3.4390E+03	0.0000E+00	0.0000E+00	1.5691E+00
3.4400E+03	0.0000E+00	0.0000E+00	1.5712E+00
3.4410E+03	0.0000E+00	0.0000E+00	1.5721E+00
3.4420E+03	0.0000E+00	0.0000E+00	1.5726E+00
3.4430E+03	0.0000E+00	0.0000E+00	1.5722E+00
3.4440E+03	0.0000E+00	0.0000E+00	1.5733E+00
3.4450E+03	0.0000E+00	0.0000E+00	1.5724E+00
3.4460E+03	0.0000E+00	0.0000E+00	1.5723E+00
3.4470E+03	0.0000E+00	0.0000E+00	1.5720E+00
3.4480E+03	0.0000E+00	0.0000E+00	1.5687E+00
3.4490E+03	0.0000E+00	0.0000E+00	1.5684E+00
3.4500E+03	0.0000E+00	0.0000E+00	1.5633E+00
3.4510E+03	0.0000E+00	0.0000E+00	1.5604E+00
3.4520E+03	0.0000E+00	0.0000E+00	1.5578E+00
3.4530E+03	0.0000E+00	0.0000E+00	1.5549E+00
3.4540E+03	0.0000E+00	0.0000E+00	1.5531E+00
3.4550E+03	0.0000E+00	0.0000E+00	1.5518E+00
3.4560E+03	0.0000E+00	0.0000E+00	1.5517E+00
3.4570E+03	0.0000E+00	0.0000E+00	1.5535E+00
3.4580E+03	0.0000E+00	0.0000E+00	1.5528E+00
3.4590E+03	0.0000E+00	0.0000E+00	1.5536E+00
3.4600E+03	0.0000E+00	0.0000E+00	1.5547E+00
3.4610E+03	0.0000E+00	0.0000E+00	1.5556E+00
3.4620E+03	0.0000E+00	0.0000E+00	1.5565E+00
3.4630E+03	0.0000E+00	0.0000E+00	1.5542E+00
3.4640E+03	0.0000E+00	0.0000E+00	1.5581E+00
3.4650E+03	0.0000E+00	0.0000E+00	1.5613E+00
3.4660E+03	0.0000E+00	0.0000E+00	1.5625E+00
3.4670E+03	0.0000E+00	0.0000E+00	1.5629E+00
3.4680E+03	0.0000E+00	0.0000E+00	1.5634E+00
3.4690E+03	0.0000E+00	0.0000E+00	1.5619E+00
3.4700E+03	0.0000E+00	0.0000E+00	1.5616E+00
3.4710E+03	0.0000E+00	0.0000E+00	1.5616E+00
3.4720E+03	0.0000E+00	0.0000E+00	1.5629E+00
3.4730E+03	0.0000E+00	0.0000E+00	1.5615E+00
3.4740E+03	0.0000E+00	0.0000E+00	1.5607E+00
3.4750E+03	0.0000E+00	0.0000E+00	1.5573E+00
3.4760E+03	0.0000E+00	0.0000E+00	1.5563E+00
3.4770E+03	0.0000E+00	0.0000E+00	1.5565E+00
3.4780E+03	0.0000E+00	0.0000E+00	1.5512E+00
3.4790E+03	0.0000E+00	0.0000E+00	1.5522E+00
3.4800E+03	0.0000E+00	0.0000E+00	1.5501E+00
3.4810E+03	0.0000E+00	0.0000E+00	1.5495E+00
3.4820E+03	0.0000E+00	0.0000E+00	1.5504E+00
3.4830E+03	0.0000E+00	0.0000E+00	1.5536E+00
3.4840E+03	0.0000E+00	0.0000E+00	1.5525E+00
3.4850E+03	0.0000E+00	0.0000E+00	1.5549E+00
3.4860E+03	0.0000E+00	0.0000E+00	1.5525E+00
3.4870E+03	0.0000E+00	0.0000E+00	1.5542E+00
3.4880E+03	0.0000E+00	0.0000E+00	1.5551E+00
3.4890E+03	0.0000E+00	0.0000E+00	1.5592E+00
3.4900E+03	0.0000E+00	0.0000E+00	1.5616E+00
3.4910E+03	0.0000E+00	0.0000E+00	1.5620E+00
3.4920E+03	0.0000E+00	0.0000E+00	1.5607E+00
3.4930E+03	0.0000E+00	0.0000E+00	1.5611E+00
3.4940E+03	0.0000E+00	0.0000E+00	1.5614E+00
3.4950E+03	0.0000E+00	0.0000E+00	1.5595E+00
3.4960E+03	0.0000E+00	0.0000E+00	1.5600E+00
3.4970E+03	0.0000E+00	0.0000E+00	1.5581E+00
3.4980E+03	0.0000E+00	0.0000E+00	1.5576E+00
3.4990E+03	0.0000E+00	0.0000E+00	1.5524E+00
3.5000E+03	0.0000E+00	0.0000E+00	1.5494E+00
3.5010E+03	0.0000E+00	0.0000E+00	1.5509E+00
3.5020E+03	0.0000E+00	0.0000E+00	1.5493E+00
3.5030E+03	0.0000E+00	0.0000E+00	1.5503E+00
3.5040E+03	0.0000E+00	0.0000E+00	1.5502E+00
3.5050E+03	0.0000E+00	0.0000E+00	1.5497E+00
3.5060E+03	0.0000E+00	0.0000E+00	1.5472E+00
3.5070E+03	0.0000E+00	0.0000E+00	1.5468E+00
3.5080E+03	0.0000E+00	0.0000E+00	1.5476E+00
3.5090E+03	0.0000E+00	0.0000E+00	1.5454E+00
3.5100E+03	0.0000E+00	0.0000E+00	1.5474E+00
3.5110E+03	0.0000E+00	0.0000E+00	1.5469E+00
3.5120E+03	0.0000E+00	0.0000E+00	1.5497E+00
3.5130E+03	0.0000E+00	0.0000E+00	1.5512E+00
3.5140E+03	0.0000E+00	0.0000E+00	1.5549E+00
3.5150E+03	0.0000E+00	0.0000E+00	1.5573E+00
3.5160E+03	0.0000E+00	0.0000E+00	1.5575E+00
3.5170E+03	0.0000E+00	0.0000E+00	1.5554E+00
3.5180E+03	0.0000E+00	0.0000E+00	1.5564E+00
3.5190E+03	0.0000E+00	0.0000E+00	1.5574E+00
3.5200E+03	0.0000E+00	0.0000E+00	1.5558E+00
3.5210E+03	0.0000E+00	0.0000E+00	1.5547E+00
3.5220E+03	0.0000E+00	0.0000E+00	1.5547E+00
3.5230E+03	0.0000E+00	0.0000E+00	1.5515E+00
3.5240E+03	0.0000E+00	0.0000E+00	1.5461E+00
3.5250E+03	0.0000E+00	0.0000E+00	1.5437E+00
3.5260E+03	0.0000E+00	0.0000E+00	1.5423E+00
3.5270E+03	0.0000E+00	0.0000E+00	1.5433E+00
3.5280E+03	0.0000E+00	0.0000E+00	1.5413E+00
3.5290E+03	0.0000E+00	0.0000E+00	1.5418E+00
3.5300E+03	0.0000E+00	0.0000E+00	1.5386E+00
3.5310E+03	0.0000E+00	0.0000E+00	1.5385E+00
3.5320E+03	0.0000E+00	0.0000E+00	1.5389E+00
3.5330E+03	0.0000E+00	0.0000E+00	1.5393E+00
3.5340E+03	0.0000E+00	0.0000E+00	1.5373E+00
3.5350E+03	0.0000E+00	0.0000E+00	1.5370E+00
3.5360E+03	0.0000E+00	0.0000E+00	1.5410E+00
3.5370E+03	0.0000E+00	0.0000E+00	1.5459E+00
3.5380E+03	0.0000E+00	0.0000E+00	1.5480E+00
3.5390E+03	0.0000E+00	0.0000E+00	1.5490E+00
3.5400E+03	0.0000E+00	0.0000E+00	1.5499E+00
3.5410E+03	0.0000E+00	0.0000E+00	1.5496E+00
3.5420E+03	0.0000E+00	0.0000E+00	1.5492E+00
3.5430E+03	0.0000E+00	0.0000E+00	1.5491E+00
3.5440E+03	0.0000E+00	0.0000E+00	1.5516E+00
3.5450E+03	0.0000E+00	0.0000E+00	1.5508E+00
3.5460E+03	0.0000E+00	0.0000E+00	1.5453E+00
3.5470E+03	0.0000E+00	0.0000E+00	1.5414E+00
3.5480E+03	0.0000E+00	0.0000E+00	1.5366E+00
3.5490E+03	0.0000E+00	0.0000E+00	1.5364E+00
3.5500E+03	0.0000E+00	0.0000E+00	1.5344E+00
3.5510E+03	0.0000E+00	0.0000E+00	1.5332E+00
3.5520E+03	0.0000E+00	0.0000E+00	1.5318E+00
3.5530E+03	0.0000E+00	0.0000E+00	1.5322E+00
3.5540E+03	0.0000E+00	0.0000E+00	1.5326E+00
3.5550E+03	0.0000E+00	0.0000E+00	1.5295E+00
3.5560E+03	0.0000E+00	0.0000E+00	1.5289E+00
3.5570E+03	0.0000E+00	0.0000E+00	1.5315E+00
3.5580E+03	0.0000E+00	0.0000E+00	1.5324E+00
3.5590E+03	0.0000E+00	0.0000E+00	1.5320E+00
3.5600E+03	0.0000E+00	0.0000E+00	1.5343E+00
3.5610E+03	0.0000E+00	0.0000E+00	1.5398E+00
3.5620E+03	0.0000E+00	0.0000E+00	1.5424E+00
3.5630E+03	0.0000E+00	0.0000E+00	1.5420E+00
3.5640E+03	0.0000E+00	0.0000E+00	1.5429E+00
3.5650E+03	0.0000E+00	0.0000E+00	1.5426E+00
3.5660E+03	0.0000E+00	0.0000E+00	1.5429E+00
3.5670E+03	0.0000E+00	0.0000E+00	1.5436E+00
3.5680E+03	0.0000E+00	0.0000E+00	1.5428E+00
3.5690E+03	0.0000E+00	0.0000E+00	1.5437E+00
3.5700E+03	0.0000E+00	0.0000E+00	1.5450E+00
3.5710E+03	0.0000E+00	0.0000E+00	1.5411E+00
3.5720E+03	0.0000E+00	0.0000E+00	1.5385E+00
3.5730E+03	0.0000E+00	0.0000E+00	1.5344E+00
3.5740E+03	0.0000E+00	0.0000E+00	1.5319E+00
3.5750E+03	0.0000E+00	0.0000E+00	1.5304E+00
3.5760E+03	0.0000E+00	0.0000E+00	1.5303E+00
3.5770E+03	0.0000E+00	0.0000E+00	1.5325E+00
3.5780E+03	0.0000E+00	0.0000E+00	1.5310E+00
3.5790E+03	0.0000E+00	0.0000E+00	1.5305E+00
3.5800E+03	0.0000E+00	0.0000E+00	1.5319E+00
3.5810E+03	0.0000E+00	0.0000E+00	1.5317E+00
3.5820E+03	0.0000E+00	0.0000E+00	1.5318E+00
3.5830E+03	0.0000E+00	0.0000E+00	1.5333E+00
3.5840E+03	0.0000E+00	0.0000E+00	1.5347E+00
3.5850E+03	0.0000E+00	0.0000E+00	1.5385E+00
3.5860E+03	0.0000E+00	0.0000E+00	1.5386E+00
3.5870E+03	0.0000E+00	0.0000E+00	1.5398E+00
3.5880E+03	0.0000E+00	0.0000E+00	1.5405E+00
3.5890E+03	0.0000E+00	0.0000E+00	1.5415E+00
3.5900E+03	0.0000E+00	0.0000E+00	1.5415E+00
3.5910E+03	0.0000E+00	0.0000E+00	1.5424E+00
3.5920E+03	0.0000E+00	0.0000E+00	1.5415E+00
3.5930E+03	0.0000E+00	0.0000E+00	1.5424E+00
3.5940E+03	0.0000E+00	0.0000E+00	1.5385E+00
3.5950E+03	0.0000E+00	0.0000E+00	1.5350E+00
3.5960E+03	0.0000E+00	0.0000E+00	1.5320E+00
3.5970E+03	0.0000E+00	0.0000E+00	1.5310E+00
3.5980E+03	0.0000E+00	0.0000E+00	1.5296E+00
3.5990E+03	0.0000E+00	0.0000E+00	1.5306E+00
3.6000E+03	0.0000E+00	0.0000E+00	1.5319E+00
3.6010E+03	0.0000E+00	0.0000E+00	1.5337E+00
3.6020E+03	0.0000E+00	0.0000E+00	1.5310E+00
3.6030E+03	0.0000E+00	0.0000E+00	1.5340E+00
3.6040E+03	0.0000E+00	0.0000E+00	1.5321E+00
3.6050E+03	0.0000E+00	0.0000E+00	1.5334E+00
3.6060E+03	0.0000E+00	0.0000E+00	1.5334E+00
3.6070E+03	0.0000E+00	0.0000E+00	1.5354E+00
3.6080E+03	0.0000E+00	0.0000E+00	1.5353E+00
3.6090E+03	0.0000E+00	0.0000E+00	1.5363E+00
3.6100E+03	0.0000E+00	0.0000E+00	1.5362E+00
3.6110E+03	0.0000E+00	0.0000E+00	1.5372E+00
3.6120E+03	0.0000E+00	0.0000E+00	1.5380E+00
3.6130E+03	0.0000E+00	0.0000E+00	1.5390E+00
3.6140E+03	0.0000E+00	0.0000E+00	1.5384E+00
3.6150E+03	0.0000E+00	0.0000E+00	1.5373E+00
3.6160E+03	0.0000E+00	0.0000E+00	1.5389E+00
3.6170E+03	0.0000E+00	0.0000E+00	1.5411E+00
3.6180E+03	0.0000E+00	0.0000E+00	1.5406E+00
3.6190E+03	0.0000E+00	0.0000E+00	1.5387E+00
3.6200E+03	0.0000E+00	0.0000E+00	1.5351E+00
3.6210E+03	0.0000E+00	0.0000E+00	1.5318E+00
3.6220E+03	0.0000E+00	0.0000E+00	1.5299E+00
3.6230E+03	0.0000E+00	0.0000E+00	1.5284E+00
3.6240E+03	0.0000E+00	0.0000E+00	1.5283E+00
3.6250E+03	0.0000E+00	0.0000E+00	1.5281E+00
3.6260E+03	0.0000E+00	0.0000E+00	1.5282E+00
3.6270E+03	0.0000E+00	0.0000E+00	1.5278E+00
3.6280E+03	0.0000E+00	0.0000E+00	1.5285E+00
3.6290E+03	0.0000E+00	0.0000E+00	1.5273E+00
3.6300E+03	0.0000E+00	0.0000E+00	1.5286E+00
3.6310E+03	0.0000E+00	0.0000E+00	1.5309E+00
3.6320E+03	0.0000E+00	0.0000E+00	1.5322E+00
3.6330E+03	0.0000E+00	0.0000E+00	1.5318E+00
3.6340E+03	0.0000E+00	0.0000E+00	1.5349E+00
3.6350E+03	0.0000E+00	0.0000E+00	1.5406E+00
3.6360E+03	0.0000E+00	0.0000E+00	1.5429E+00
3.6370E+03	0.0000E+00	0.0000E+00	1.5435E+00
3.6380E+03	0.0000E+00	0.0000E+00	1.5444E+00
3.6390E+03	0.0000E+00	0.0000E+00	1.5463E+00
3.6400E+03	0.0000E+00	0.0000E+00	1.5477E+00
3.6410E+03	0.0000E+00	0.0000E+00	1.5485E+00
3.6420E+03	0.0000E+00	0.0000E+00	1.5461E+00
3.6430E+03	0.0000E+00	0.0000E+00	1.5451E+00
3.6440E+03	0.0000E+00	0.0000E+00	1.5456E+00
3.6450E+03	0.0000E+00	0.0000E+00	1.5506E+00
3.6460E+03	0.0000E+00	0.0000E+00	1.5519E+00
3.6470E+03	0.0000E+00	0.0000E+00	1.5525E+00
3.6480E+03	0.0000E+00	0.0000E+00	1.5498E+00
3.6490E+03	0.0000E+00	0.0000E+00	1.5480E+00
3.6500E+03	0.0000E+00	0.0000E+00	1.5480E+00
3.6510E+03	0.0000E+00	0.0000E+00	1.5487E+00
3.6520E+03	0.0000E+00	0.0000E+00	1.5471E+00
3.6530E+03	0.0000E+00	0.0000E+00	1.5451E+00
3.6540E+03	0.0000E+00	0.0000E+00	1.5459E+00
3.6550E+03	0.0000E+00	0.0000E+00	1.5452E+00
3.6560E+03	0.0000E+00	0.0000E+00	1.5451E+00
3.6570E+03	0.0000E+00	0.0000E+00	1.5461E+00
3.6580E+03	0.0000E+00	0.0000E+00	1.5465E+00
3.6590E+03	0.0000E+00	0.0000E+00	1.5459E+00
3.6600E+03	0.0000E+00	0.0000E+00	1.5454E+00
3.6610E+03	0.0000E+00	0.0000E+00	1.5436E+00
3.6620E+03	0.0000E+00	0.0000E+00	1.5437E+00
3.6630E+03	0.0000E+00	0.0000E+00	1.5443E+00
3.6640E+03	0.0000E+00	0.0000E+00	1.5430E+00
3.6650E+03	0.0000E+00	0.0000E+00	1.5420E+00
3.6660E+03	0.0000E+00	0.0000E+00	1.5386E+00
3.6670E+03	0.0000E+00	0.0000E+00	1.5348E+00
3.6680E+03	0.0000E+00	0.0000E+00	1.5307E+00
3.6690E+03	0.0000E+00	0.0000E+00	1.5277E+00
3.6700E+03	0.0000E+00	0.0000E+00	1.5297E+00
3.6710E+03	0.0000E+00	0.0000E+00	1.5314E+00
3.6720E+03	0.0000E+00	0.0000E+00	1.5311E+00
3.6730E+03	0.0000E+00	0.0000E+00	1.5307E+00
3.6740E+03	0.0000E+00	0.0000E+00	1.5283E+00
3.6750E+03	0.0000E+00	0.0000E+00	1.5275E+00
3.6760E+03	0.0000E+00	0.0000E+00	1.5292E+00
3.6770E+03	0.0000E+00	0.0000E+00	1.5274E+00
3.6780E+03	0.0000E+00	0.0000E+00	1.5297E+00
3.6790E+03	0.0000E+00	0.0000E+00	1.5281E+00
3.6800E+03	0.0000E+00	0.0000E+00	1.5303E+00
3.6810E+03	0.0000E+00	0.0000E+00	1.5327E+00
3.6820E+03	0.0000E+00	0.0000E+00	1.5338E+00
3.6830E+03	0.0000E+00	0.0000E+00	1.5370E+00
3.6840E+03	0.0000E+00	0.0000E+00	1.5379E+00
3.6850E+03	0.0000E+00	0.0000E+00	1.5377E+00
3.6860E+03	0.0000E+00	0.0000E+00	1.5379E+00
3.6870E+03	0.0000E+00	0.0000E+00	1.5363E+00
3.6880E+03	0.0000E+00	0.0000E+00	1.5369E+00
3.6890E+03	0.0000E+00	0.0000E+00	1.5357E+00
3.6900E+03	0.0000E+00	0.0000E+00	1.5368E+00
3.6910E+03	0.0000E+00	0.0000E+00	1.5326E+00
3.6920E+03	0.0000E+00	0.0000E+00	1.5295E+00
3.6930E+03	0.0000E+00	0.0000E+00	1.5283E+00
3.6940E+03	0.0000E+00	0.0000E+00	1.5279E+00
3.6950E+03	0.0000E+00	0.0000E+00	1.5308E+00
3.6960E+03	0.0000E+00	0.0000E+00	1.5284E+00
3.6970E+03	0.0000E+00	0.0000E+00	1.5275E+00
3.6980E+03	0.0000E+00	0.0000E+00	1.5275E+00
3.6990E+03	0.0000E+00	0.0000E+00	1.5269E+00
3.7000E+03	0.0000E+00	0.0000E+00	1.5262E+00
3.7010E+03	0.0000E+00	0.0000E+00	1.5262E+00
3.7020E+03	0.0000E+00	0.0000E+00	1.5248E+00
3.7030E+03	0.0000E+00	0.0000E+00	1.5240E+00
3.7040E+03	0.0000E+00	0.0000E+00	1.5276E+00
3.7050E+03	0.0000E+00	0.0000E+00	1.5300E+00
3.7060E+03	0.0000E+00	0.0000E+00	1.5324E+00
3.7070E+03	0.0000E+00	0.0000E+00	1.5331E+00
3.7080E+03	0.0000E+00	0.0000E+00	1.5334E+00
3.7090E+03	0.0000E+00	0.0000E+00	1.5348E+00
3.7100E+03	0.0000E+00	0.0000E+00	1.5329E+00
3.7110E+03	0.0000E+00	0.0000E+00	1.5333E+00
3.7120E+03	0.0000E+00	0.0000E+00	1.5318E+00
3.7130E+03	0.0000E+00	0.0000E+00	1.5323E+00
3.7140E+03	0.0000E+00	0.0000E+00	1.5316E+00
3.7150E+03	0.0000E+00	0.0000E+00	1.5294E+00
3.7160E+03	0.0000E+00	0.0000E+00	1.5255E+00
3.7170E+03	0.0000E+00	0.0000E+00	1.5207E+00
3.7180E+03	0.0000E+00	0.0000E+00	1.5203E+00
3.7190E+03	0.0000E+00	0.0000E+00	1.5170E+00
3.7200E+03	0.0000E+00	0.0000E+00	1.5174E+00
3.7210E+03	0.0000E+00	0.0000E+00	1.5201E+00
3.7220E+03	0.0000E+00	0.0000E+00	1.5205E+00
3.7230E+03	0.0000E+00	0.0000E+00	1.5189E+00
3.7240E+03	0.0000E+00	0.0000E+00	1.5182E+00
3.7250E+03	0.0000E+00	0.0000E+00	1.5178E+00
3.7260E+03	0.0000E+00	0.0000E+00	1.5161E+00
3.7270E+03	0.0000E+00	0.0000E+00	1.5148E+00
3.7280E+03	0.0000E+00	0.0000E+00	1.5199E+00
3.7290E+03	0.0000E+00	0.0000E+00	1.5212E+00
3.7300E+03	0.0000E+00	0.0000E+00	1.5237E+00
3.7310E+03	0.0000E+00	0.0000E+00	1.5250E+00
3.7320E+03	0.0000E+00	0.0000E+00	1.5256E+00
3.7330E+03	0.0000E+00	0.0000E+00	1.5268E+00
3.7340E+03	0.0000E+00	0.0000E+00	1.5271E+00
3.7350E+03	0.0000E+00	0.0000E+00	1.5264E+00
3.7360E+03	0.0000E+00	0.0000E+00	1.5270E+00
3.7370E+03	0.0000E+00	0.0000E+00	1.5271E+00
3.7380E+03	0.0000E+00	0.0000E+00	1.5253E+00
3.7390E+03	0.0000E+00	0.0000E+00	1.5236E+00
3.7400E+03	0.0000E+00	0.0000E+00	1.5221E+00
3.7410E+03	0.0000E+00	0.0000E+00	1.5171E+00
3.7420E+03	0.0000E+00	0.0000E+00	1.5144E+00
3.7430E+03	0.0000E+00	0.0000E+00	1.5128E+00
3.7440E+03	0.0000E+00	0.0000E+00	1.5108E+00
3.7450E+03	0.0000E+00	0.0000E+00	1.5122E+00
3.7460E+03	0.0000E+00	0.0000E+00	1.5126E+00
3.7470E+03	0.0000E+00	0.0000E+00	1.5104E+00
3.7480E+03	0.0000E+00	0.0000E+00	1.5097E+00
3.7490E+03	0.0000E+00	0.0000E+00	1.5104E+00
3.7500E+03	0.0000E+00	0.0000E+00	1.5078E+00
3.7510E+03	0.0000E+00	0.0000E+00	1.5102E+00
3.7520E+03	0.0000E+00	0.0000E+00	1.5146E+00
3.7530E+03	0.0000E+00	0.0000E+00	1.5168E+00
3.7540E+03	0.0000E+00	0.0000E+00	1.5212E+00
3.7550E+03	0.0000E+00	0.0000E+00	1.5206E+00
3.7560E+03	0.0000E+00	0.0000E+00	1.5220E+00
3.7570E+03	0.0000E+00	0.0000E+00	1.5206E+00
3.7580E+03	0.0000E+00	0.0000E+00	1.5203E+00
3.7590E+03	0.0000E+00	0.0000E+00	1.5210E+00
3.7600E+03	0.0000E+00	0.0000E+00	1.5206E+00
3.7610E+03	0.0000E+00	0.0000E+00	1.5225E+00
3.7620E+03	0.0000E+00	0.0000E+00	1.5192E+00
3.7630E+03	0.0000E+00	0.0000E+00	1.5176E+00
3.7640E+03	0.0000E+00	0.0000E+00	1.5133E+00
3.7650E+03	0.0000E+00	0.0000E+00	1.5098E+00
3.7660E+03	0.0000E+00	0.0000E+00	1.5092E+00
3.7670E+03	0.0000E+00	0.0000E+00	1.5132E+00
3.7680E+03	0.0000E+00	0.0000E+00	1.5141E+00
3.7690E+03	0.0000E+00	0.0000E+00	1.5124E+00
3.7700E+03	0.0000E+00	0.0000E+00	1.5122E+00
3.7710E+03	0.0000E+00	0.0000E+00	1.5114E+00
3.7720E+03	0.0000E+00	0.0000E+00	1.5098E+00
3.7730E+03	0.0000E+00	0.0000E+00	1.5104E+00
3.7740E+03	0.0000E+00	0.0000E+00	1.5093E+00
3.7750E+03	0.0000E+00	0.0000E+00	1.5103E+00
3.7760E+03	0.0000E+00	0.0000E+00	1.5117E+00
3.7770E+03	0.0000E+00	0.0000E+00	1.5148E+00
3.7780E+03	0.0000E+00	0.0000E+00	1.5184E+00
3.7790E+03	0.0000E+00	0.0000E+00	1.5199E+00
3.7800E+03	0.0000E+00	0.0000E+00	1.5220E+00
3.7810E+03	0.0000E+00	0.0000E+00	1.5211E+00
3.7820E+03	0.0000E+00	0.0000E+00	1.5228E+00
3.7830E+03	0.0000E+00	0.0000E+00	1.5227E+00
3.7840E+03	0.0000E+00	0.0000E+00	1.5228E+00
3.7850E+03	0.0000E+00	0.0000E+00	1.5219E+00
3.7860E+03	0.0000E+00	0.0000E+00	1.5185E+00
3.7870E+03	0.0000E+00	0.0000E+00	1.5150E+00
3.7880E+03	0.0000E+00	0.0000E+00	1.5120E+00
3.7890E+03	0.0000E+00	0.0000E+00	1.5114E+00
3.7900E+03	0.0000E+00	0.0000E+00	1.5128E+00
3.7910E+03	0.0000E+00	0.0000E+00	1.5151E+00
3.7920E+03	0.0000E+00	0.0000E+00	1.5122E+00
3.7930E+03	0.0000E+00	0.0000E+00	1.5102E+00
3.7940E+03	0.0000E+00	0.0000E+00	1.5102E+00
3.7950E+03	0.0000E+00	0.0000E+00	1.5105E+00
3.7960E+03	0.0000E+00	0.0000E+00	1.5081E+00
3.7970E+03	0.0000E+00	0.0000E+00	1.5089E+00
3.7980E+03	0.0000E+00	0.0000E+00	1.5094E+00
3.7990E+03	0.0000E+00	0.0000E+00	1.5080E+00
3.8000E+03	0.0000E+00	0.0000E+00	1.5104E+00
3.8010E+03	0.0000E+00	0.0000E+00	1.5133E+00
3.8020E+03	0.0000E+00	0.0000E+00	1.5167E+00
3.8030E+03	0.0000E+00	0.0000E+00	1.5162E+00
3.8040E+03	0.0000E+00	0.0000E+00	1.5180E+00
3.8050E+03	0.0000E+00	0.0000E+00	1.5181E+00
3.8060E+03	0.0000E+00	0.0000E+00	1.5183E+00
3.8070E+03	0.0000E+00	0.0000E+00	1.5217E+00
3.8080E+03	0.0000E+00	0.0000E+00	1.5212E+00
3.8090E+03	0.0000E+00	0.0000E+00	1.5174E+00
3.8100E+03	0.0000E+00	0.0000E+00	1.5175E+00
3.8110E+03	0.0000E+00	0.0000E+00	1.5136E+00
3.8120E+03	0.0000E+00	0.0000E+00	1.5077E+00
3.8130E+03	0.0000E+00	0.0000E+00	1.5049E+00
3.8140E+03	0.0000E+00	0.0000E+00	1.5080E+00
3.8150E+03	0.0000E+00	0.0000E+00	1.5029E+00
3.8160E+03	0.0000E+00	0.0000E+00	1.5066E+00
3.8170E+03	0.0000E+00	0.0000E+00	1.5066E+00
3.8180E+03	0.0000E+00	0.0000E+00	1.5059E+00
3.8190E+03	0.0000E+00	0.0000E+00	1.5047E+00
3.8200E+03	0.0000E+00	0.0000E+00	1.5034E+00
3.8210E+03	0.0000E+00	0.0000E+00	1.5029E+00
3.8220E+03	0.0000E+00	0.0000E+00	1.5037E+00
3.8230E+03	0.0000E+00	0.0000E+00	1.5023E+00
3.8240E+03	0.0000E+00	0.0000E+00	1.5068E+00
3.8250E+03	0.0000E+00	0.0000E+00	1.5111E+00
3.8260E+03	0.0000E+00	0.0000E+00	1.5117E+00
3.8270E+03	0.0000E+00	0.0000E+00	1.5137E+00
3.8280E+03	0.0000E+00	0.0000E+00	1.5154E+00
3.8290E+03	0.0000E+00	0.0000E+00	1.5151E+00
3.8300E+03	0.0000E+00	0.0000E+00	1.5159E+00
3.8310E+03	0.0000E+00	0.0000E+00	1.5168E+00
3.8320E+03	0.0000E+00	0.0000E+00	1.5181E+00
3.8330E+03	0.0000E+00	0.0000E+00	1.5159E+00
3.8340E+03	0.0000E+00	0.0000E+00	1.5141E+00
3.8350E+03	0.0000E+00	0.0000E+00	1.5115E+00
3.8360E+03	0.0000E+00	0.0000E+00	1.5090E+00
3.8370E+03	0.0000E+00	0.0000E+00	1.5065E+00
3.8380E+03	0.0000E+00	0.0000E+00	1.5111E+00
3.8390E+03	0.0000E+00	0.0000E+00	1.5100E+00
3.8400E+03	0.0000E+00	0.0000E+00	1.5090E+00
3.8410E+03	0.0000E+00	0.0000E+00	1.5073E+00
3.8420E+03	0.0000E+00	0.0000E+00	1.5067E+00
3.8430E+03	0.0000E+00	0.0000E+00	1.5048E+00
3.8440E+03	0.0000E+00	0.0000E+00	1.5045E+00
3.8450E+03	0.0000E+00	0.0000E+00	1.5040E+00
3.8460E+03	0.0000E+00	0.0000E+00	1.5048E+00
3.8470E+03	0.0000E+00	0.0000E+00	1.5043E+00
3.8480E+03	0.0000E+00	0.0000E+00	1.5065E+00
3.8490E+03	0.0000E+00	0.0000E+00	1.5103E+00
3.8500E+03	0.0000E+00	0.0000E+00	1.5104E+00
3.8510E+03	0.0000E+00	0.0000E+00	1.5126E+00
3.8520E+03	0.0000E+00	0.0000E+00	1.5150E+00
3.8530E+03	0.0000E+00	0.0000E+00	1.5137E+00
3.8540E+03	0.0000E+00	0.0000E+00	1.5141E+00
3.8550E+03	0.0000E+00	0.0000E+00	1.5140E+00
3.8560E+03	0.0000E+00	0.0000E+00	1.5141E+00
3.8570E+03	0.0000E+00	0.0000E+00	1.5145E+00
3.8580E+03	0.0000E+00	0.0000E+00	1.5130E+00
3.8590E+03	0.0000E+00	0.0000E+00	1.5116E+00
3.8600E+03	0.0000E+00	0.0000E+00	1.5075E+00
3.8610E+03	0.0000E+00	0.0000E+00	1.5026E+00
3.8620E+03	0.0000E+00	0.0000E+00	1.5041E+00
3.8630E+03	0.0000E+00	0.0000E+00	1.5075E+00
3.8640E+03	0.0000E+00	0.0000E+00	1.5081E+00
3.8650E+03	0.0000E+00	0.0000E+00	1.5060E+00
3.8660E+03	0.0000E+00	0.0000E+00	1.5064E+00
3.8670E+03	0.0000E+00	0.0000E+00	1.5056E+00
3.8680E+03	0.0000E+00	0.0000E+00	1.5053E+00
3.8690E+03	0.0000E+00	0.0000E+00	1.5042E+00
3.8700E+03	0.0000E+00	0.0000E+00	1.5048E+00
3.8710E+03	0.0000E+00	0.0000E+00	1.5033E+00
3.8720E+03	0.0000E+00	0.0000E+00	1.5061E+00
3.8730E+03	0.0000E+00	0.0000E+00	1.5069E+00
3.8740E+03	0.0000E+00	0.0000E+00	1.5091E+00
3.8750E+03	0.0000E+00	0.0000E+00	1.5134E+00
3.8760E+03	0.0000E+00	0.0000E+00	1.5146E+00
3.8770E+03	0.0000E+00	0.0000E+00	1.5142E+00
3.8780E+03	0.0000E+00	0.0000E+00	1.5150E+00
3.8790E+03	0.0000E+00	0.0000E+00	1.5144E+00
3.8800E+03	0.0000E+00	0.0000E+00	1.5165E+00
3.8810E+03	0.0000E+00	0.0000E+00	1.5148E+00
3.8820E+03	0.0000E+00	0.0000E+00	1.5139E+00
3.8830E+03	0.0000E+00	0.0000E+00	1.5103E+00
3.8840E+03	0.0000E+00	0.0000E+00	1.5069E+00
3.8850E+03	0.0000E+00	0.0000E+00	1.5061E+00
3.8860E+03	0.0000E+00	0.0000E+00	1.5079E+00
3.8870E+03	0.0000E+00	0.0000E+00	1.5094E+00
3.8880E+03	0.0000E+00	0.0000E+00	1.5115E+00
3.8890E+03	0.0000E+00	0.0000E+00	1.5100E+00
3.8900E+03	0.0000E+00	0.0000E+00	1.5087E+00
3.8910E+03	0.0000E+00	0.0000E+00	1.5068E+00
3.8920E+03	0.0000E+00	0.0000E+00	1.5075E+00
3.8930E+03	0.0000E+00	0.0000E+00	1.5066E+00
3.8940E+03	0.0000E+00	0.0000E+00	1.5057E+00
3.8950E+03	0.0000E+00	0.0000E+00	1.5069E+00
3.8960E+03	0.0000E+00	0.0000E+00	1.5099E+00
3.8970E+03	0.0000E+00	0.0000E+00	1.5108E+00
3.8980E+03	0.0000E+00	0.0000E+00	1.5130E+00
3.8990E+03	0.0000E+00	0.0000E+00	1.5143E+00
3.9000E+03	0.0000E+00	0.0000E+00	1.5162E+00
3.9010E+03	0.0000E+00	0.0000E+00	1.5162E+00
3.9020E+03	0.0000E+00	0.0000E+00	1.5151E+00
3.9030E+03	0.0000E+00	0.0000E+00	1.5137E+00
3.9040E+03	0.0000E+00	0.0000E+00	1.5144E+00
3.9050E+03	0.0000E+00	0.0000E+00	1.5133E+00
3.9060E+03	0.0000E+00	0.0000E+00	1.5133E+00
3.9070E+03	0.0000E+00	0.0000E+00	1.5126E+00
3.9080E+03	0.0000E+00	0.0000E+00	1.5130E+00
3.9090E+03	0.0000E+00	0.0000E+00	1.5060E+00
3.9100E+03	0.0000E+00	0.0000E+00	1.5057E+00
3.9110E+03	0.0000E+00	0.0000E+00	1.5065E+00
3.9120E+03	0.0000E+00	0.0000E+00	1.5085E+00
3.9130E+03	0.0000E+00	0.0000E+00	1.5071E+00
3.9140E+03	0.0000E+00	0.0000E+00	1.5054E+00
3.9150E+03	0.0000E+00	0.0000E+00	1.5023E+00
3.9160E+03	0.0000E+00	0.0000E+00	1.5051E+00
3.9170E+03	0.0000E+00	0.0000E+00	1.5042E+00
3.9180E+03	0.0000E+00	0.0000E+00	1.5042E+00
3.9190E+03	0.0000E+00	0.0000E+00	1.5029E+00
3.9200E+03	0.0000E+00	0.0000E+00	1.5057E+00
3.9210E+03	0.0000E+00	0.0000E+00	1.5069E+00
3.9220E+03	0.0000E+00	0.0000E+00	1.5080E+00
3.9230E+03	0.0000E+00	0.0000E+00	1.5078E+00
3.9240E+03	0.0000E+00	0.0000E+00	1.5124E+00
3.9250E+03	0.0000E+00	0.0000E+00	1.5106E+00
3.9260E+03	0.0000E+00	0.0000E+00	1.5114E+00
3.9270E+03	0.0000E+00	0.0000E+00	1.5092E+00
3.9280E+03	0.0000E+00	0.0000E+00	1.5124E+00
3.9290E+03	0.0000E+00	0.0000E+00	1.5101E+00
3.9300E+03	0.0000E+00	0.0000E+00	1.5087E+00
3.9310E+03	0.0000E+00	0.0000E+00	1.5098E+00
3.9320E+03	0.0000E+00	0.0000E+00	1.5066E+00
3.9330E+03	0.0000E+00	0.0000E+00	1.5018E+00
3.9340E+03	0.0000E+00	0.0000E+00	1.5036E+00
3.9350E+03	0.0000E+00	0.0000E+00	1.5021E+00
3.9360E+03	0.0000E+00	0.0000E+00	1.5025E+00
3.9370E+03	0.0000E+00	0.0000E+00	1.4995E+00
3.9380E+03	0.0000E+00	0.0000E+00	1.5009E+00
3.9390E+03	0.0000E+00	0.0000E+00	1.4996E+00
3.9400E+03	0.0000E+00	0.0000E+00	1.5014E+00
3.9410E+03	0.0000E+00	0.0000E+00	1.4989E+00
3.9420E+03	0.0000E+00	0.0000E+00	1.4977E+00
3.9430E+03	0.0000E+00	0.0000E+00	1.4966E+00
3.9440E+03	0.0000E+00	0.0000E+00	1.5009E+00
3.9450E+03	0.0000E+00	0.0000E+00	1.5038E+00
3.9460E+03	0.0000E+00	0.0000E+00	1.5036E+00
3.9470E+03	0.0000E+00	0.0000E+00	1.5054E+00
3.9480E+03	0.0000E+00	0.0000E+00	1.5060E+00
3.9490E+03	0.0000E+00	0.0000E+00	1.5056E+00
3.9500E+03	0.0000E+00	0.0000E+00	1.5065E+00
3.9510E+03	0.0000E+00	0.0000E+00	1.5077E+00
3.9520E+03	0.0000E+00	0.0000E+00	1.5078E+00
3.9530E+03	0.0000E+00	0.0000E+00	1.5058E+00
3.9540E+03	0.0000E+00	0.0000E+00	1.5045E+00
3.9550E+03	0.0000E+00	0.0000E+00	1.5028E+00
3.9560E+03	0.0000E+00	0.0000E+00	1.4990E+00
3.9570E+03	0.0000E+00	0.0000E+00	1.4999E+00
3.9580E+03	0.0000E+00	0.0000E+00	1.4988E+00
3.9590E+03	0.0000E+00	0.0000E+00	1.4989E+00
3.9600E+03	0.0000E+00	0.0000E+00	1.4982E+00
3.9610E+03	0.0000E+00	0.0000E+00	1.4983E+00
3.9620E+03	0.0000E+00	0.0000E+00	1.4985E+00
3.9630E+03	0.0000E+00	0.0000E+00	1.4967E+00
3.9640E+03	0.0000E+00	0.0000E+00	1.4953E+00
3.9650E+03	0.0000E+00	0.0000E+00	1.4948E+00
3.9660E+03	0.0000E+00	0.0000E+00	1.4947E+00
3.9670E+03	0.0000E+00	0.0000E+00	1.4942E+00
3.9680E+03	0.0000E+00	0.0000E+00	1.4987E+00
3.9690E+03	0.0000E+00	0.0000E+00	1.5017E+00
3.9700E+03	0.0000E+00	0.0000E+00	1.5017E+00
3.9710E+03	0.0000E+00	0.0000E+00	1.5038E+00
3.9720E+03	0.0000E+00	0.0000E+00	1.5060E+00
3.9730E+03	0.0000E+00	0.0000E+00	1.5060E+00
3.9740E+03	0.0000E+00	0.0000E+00	1.5042E+00
3.9750E+03	0.0000E+00	0.0000E+00	1.5063E+00
3.9760E+03	0.0000E+00	0.0000E+00	1.5067E+00
3.9770E+03	0.0000E+00	0.0000E+00	1.5059E+00
3.9780E+03	0.0000E+00	0.0000E+00	1.5038E+00
3.9790E+03	0.0000E+00	0.0000E+00	1.5012E+00
3.9800E+03	0.0000E+00	0.0000E+00	1.4986E+00
3.9810E+03	0.0000E+00	0.0000E+00	1.4978E+00
3.9820E+03	0.0000E+00	0.0000E+00	1.4967E+00
3.9830E+03	0.0000E+00	0.0000E+00	1.4955E+00
3.9840E+03	0.0000E+00	0.0000E+00	1.4944E+00
3.9850E+03	0.0000E+00	0.0000E+00	1.4931E+00
3.9860E+03	0.0000E+00	0.0000E+00	1.4943E+00
3.9870E+03	0.0000E+00	0.0000E+00	1.4941E+00
3.9880E+03	0.0000E+00	0.0000E+00	1.4950E+00
3.9890E+03	0.0000E+00	0.0000E+00	1.4969E+00
3.9900E+03	0.0000E+00	0.0000E+00	1.4963E+00
3.9910E+03	0.0000E+00	0.0000E+00	1.4947E+00
3.9920E+03	0.0000E+00	0.0000E+00	1.4968E+00
3.9930E+03	0.0000E+00	0.0000E+00	1.4961E+00
3.9940E+03	0.0000E+00	0.0000E+00	1.4956E+00
