TIME_UNITS h
DATA_UNITS m
!h  x   y   z
0.0000E+00	0.0000E+00	0.0000E+00	1.0336E+00
1.0000E+00	0.0000E+00	0.0000E+00	1.0336E+00
2.0000E+00	0.0000E+00	0.0000E+00	1.0593E+00
3.0000E+00	0.0000E+00	0.0000E+00	1.0828E+00
4.0000E+00	0.0000E+00	0.0000E+00	1.1065E+00
5.0000E+00	0.0000E+00	0.0000E+00	1.1301E+00
6.0000E+00	0.0000E+00	0.0000E+00	1.1537E+00
7.0000E+00	0.0000E+00	0.0000E+00	1.1730E+00
8.0000E+00	0.0000E+00	0.0000E+00	1.1646E+00
9.0000E+00	0.0000E+00	0.0000E+00	9.9116E-01
1.0000E+01	0.0000E+00	0.0000E+00	1.0088E+00
1.1000E+01	0.0000E+00	0.0000E+00	9.8083E-01
1.2000E+01	0.0000E+00	0.0000E+00	9.8774E-01
1.3000E+01	0.0000E+00	0.0000E+00	9.9539E-01
1.4000E+01	0.0000E+00	0.0000E+00	9.9487E-01
1.5000E+01	0.0000E+00	0.0000E+00	1.0010E+00
1.6000E+01	0.0000E+00	0.0000E+00	1.0168E+00
1.7000E+01	0.0000E+00	0.0000E+00	1.0171E+00
1.8000E+01	0.0000E+00	0.0000E+00	1.0252E+00
1.9000E+01	0.0000E+00	0.0000E+00	1.0335E+00
2.0000E+01	0.0000E+00	0.0000E+00	1.0322E+00
2.1000E+01	0.0000E+00	0.0000E+00	1.0316E+00
2.2000E+01	0.0000E+00	0.0000E+00	1.0303E+00
2.3000E+01	0.0000E+00	0.0000E+00	1.0351E+00
2.4000E+01	0.0000E+00	0.0000E+00	1.0450E+00
2.5000E+01	0.0000E+00	0.0000E+00	1.0590E+00
2.6000E+01	0.0000E+00	0.0000E+00	1.0768E+00
2.7000E+01	0.0000E+00	0.0000E+00	1.0958E+00
2.8000E+01	0.0000E+00	0.0000E+00	1.1197E+00
2.9000E+01	0.0000E+00	0.0000E+00	1.1413E+00
3.0000E+01	0.0000E+00	0.0000E+00	1.1660E+00
3.1000E+01	0.0000E+00	0.0000E+00	1.1859E+00
3.2000E+01	0.0000E+00	0.0000E+00	1.1739E+00
3.3000E+01	0.0000E+00	0.0000E+00	1.0217E+00
3.4000E+01	0.0000E+00	0.0000E+00	1.0366E+00
3.5000E+01	0.0000E+00	0.0000E+00	1.0125E+00
3.6000E+01	0.0000E+00	0.0000E+00	1.0167E+00
3.7000E+01	0.0000E+00	0.0000E+00	1.0185E+00
3.8000E+01	0.0000E+00	0.0000E+00	1.0172E+00
3.9000E+01	0.0000E+00	0.0000E+00	1.0219E+00
4.0000E+01	0.0000E+00	0.0000E+00	1.0344E+00
4.1000E+01	0.0000E+00	0.0000E+00	1.0462E+00
4.2000E+01	0.0000E+00	0.0000E+00	1.0443E+00
4.3000E+01	0.0000E+00	0.0000E+00	1.0515E+00
4.4000E+01	0.0000E+00	0.0000E+00	1.0446E+00
4.5000E+01	0.0000E+00	0.0000E+00	1.0418E+00
4.6000E+01	0.0000E+00	0.0000E+00	1.0312E+00
4.7000E+01	0.0000E+00	0.0000E+00	1.0302E+00
4.8000E+01	0.0000E+00	0.0000E+00	1.0289E+00
4.9000E+01	0.0000E+00	0.0000E+00	1.0350E+00
5.0000E+01	0.0000E+00	0.0000E+00	1.0569E+00
5.1000E+01	0.0000E+00	0.0000E+00	1.0757E+00
5.2000E+01	0.0000E+00	0.0000E+00	1.0900E+00
5.3000E+01	0.0000E+00	0.0000E+00	1.1106E+00
5.4000E+01	0.0000E+00	0.0000E+00	1.1229E+00
5.5000E+01	0.0000E+00	0.0000E+00	1.1136E+00
5.6000E+01	0.0000E+00	0.0000E+00	1.0569E+00
5.7000E+01	0.0000E+00	0.0000E+00	1.0208E+00
5.8000E+01	0.0000E+00	0.0000E+00	1.0199E+00
5.9000E+01	0.0000E+00	0.0000E+00	1.0133E+00
6.0000E+01	0.0000E+00	0.0000E+00	1.0119E+00
6.1000E+01	0.0000E+00	0.0000E+00	1.0176E+00
6.2000E+01	0.0000E+00	0.0000E+00	1.0244E+00
6.3000E+01	0.0000E+00	0.0000E+00	1.0367E+00
6.4000E+01	0.0000E+00	0.0000E+00	1.0365E+00
6.5000E+01	0.0000E+00	0.0000E+00	1.0393E+00
6.6000E+01	0.0000E+00	0.0000E+00	1.0410E+00
6.7000E+01	0.0000E+00	0.0000E+00	1.0325E+00
6.8000E+01	0.0000E+00	0.0000E+00	1.0327E+00
6.9000E+01	0.0000E+00	0.0000E+00	1.0299E+00
7.0000E+01	0.0000E+00	0.0000E+00	1.0270E+00
7.1000E+01	0.0000E+00	0.0000E+00	1.0198E+00
7.2000E+01	0.0000E+00	0.0000E+00	1.0391E+00
7.3000E+01	0.0000E+00	0.0000E+00	1.0572E+00
7.4000E+01	0.0000E+00	0.0000E+00	1.0730E+00
7.5000E+01	0.0000E+00	0.0000E+00	1.0898E+00
7.6000E+01	0.0000E+00	0.0000E+00	1.1051E+00
7.7000E+01	0.0000E+00	0.0000E+00	1.1114E+00
7.8000E+01	0.0000E+00	0.0000E+00	1.1268E+00
7.9000E+01	0.0000E+00	0.0000E+00	1.1440E+00
8.0000E+01	0.0000E+00	0.0000E+00	1.1280E+00
8.1000E+01	0.0000E+00	0.0000E+00	1.0210E+00
8.2000E+01	0.0000E+00	0.0000E+00	1.0227E+00
8.3000E+01	0.0000E+00	0.0000E+00	1.0169E+00
8.4000E+01	0.0000E+00	0.0000E+00	1.0272E+00
8.5000E+01	0.0000E+00	0.0000E+00	1.0243E+00
8.6000E+01	0.0000E+00	0.0000E+00	1.0382E+00
8.7000E+01	0.0000E+00	0.0000E+00	1.0633E+00
8.8000E+01	0.0000E+00	0.0000E+00	1.0673E+00
8.9000E+01	0.0000E+00	0.0000E+00	1.0723E+00
9.0000E+01	0.0000E+00	0.0000E+00	1.0741E+00
9.1000E+01	0.0000E+00	0.0000E+00	1.0743E+00
9.2000E+01	0.0000E+00	0.0000E+00	1.0688E+00
9.3000E+01	0.0000E+00	0.0000E+00	1.0676E+00
9.4000E+01	0.0000E+00	0.0000E+00	1.0622E+00
9.5000E+01	0.0000E+00	0.0000E+00	1.0630E+00
9.6000E+01	0.0000E+00	0.0000E+00	1.0614E+00
9.7000E+01	0.0000E+00	0.0000E+00	1.0580E+00
9.8000E+01	0.0000E+00	0.0000E+00	1.0572E+00
9.9000E+01	0.0000E+00	0.0000E+00	1.0580E+00
1.0000E+02	0.0000E+00	0.0000E+00	1.0509E+00
1.0100E+02	0.0000E+00	0.0000E+00	1.0590E+00
1.0200E+02	0.0000E+00	0.0000E+00	1.0714E+00
1.0300E+02	0.0000E+00	0.0000E+00	1.0860E+00
1.0400E+02	0.0000E+00	0.0000E+00	1.0607E+00
1.0500E+02	0.0000E+00	0.0000E+00	1.0552E+00
1.0600E+02	0.0000E+00	0.0000E+00	1.0540E+00
1.0700E+02	0.0000E+00	0.0000E+00	1.0533E+00
1.0800E+02	0.0000E+00	0.0000E+00	1.0599E+00
1.0900E+02	0.0000E+00	0.0000E+00	1.0699E+00
1.1000E+02	0.0000E+00	0.0000E+00	1.0838E+00
1.1100E+02	0.0000E+00	0.0000E+00	1.0859E+00
1.1200E+02	0.0000E+00	0.0000E+00	1.0871E+00
1.1300E+02	0.0000E+00	0.0000E+00	1.0925E+00
1.1400E+02	0.0000E+00	0.0000E+00	1.1021E+00
1.1500E+02	0.0000E+00	0.0000E+00	1.1059E+00
1.1600E+02	0.0000E+00	0.0000E+00	1.1032E+00
1.1700E+02	0.0000E+00	0.0000E+00	1.0955E+00
1.1800E+02	0.0000E+00	0.0000E+00	1.0944E+00
1.1900E+02	0.0000E+00	0.0000E+00	1.0886E+00
1.2000E+02	0.0000E+00	0.0000E+00	1.0928E+00
1.2100E+02	0.0000E+00	0.0000E+00	1.0985E+00
1.2200E+02	0.0000E+00	0.0000E+00	1.1065E+00
1.2300E+02	0.0000E+00	0.0000E+00	1.1171E+00
1.2400E+02	0.0000E+00	0.0000E+00	1.1324E+00
1.2500E+02	0.0000E+00	0.0000E+00	1.1409E+00
1.2600E+02	0.0000E+00	0.0000E+00	1.1540E+00
1.2700E+02	0.0000E+00	0.0000E+00	1.1647E+00
1.2800E+02	0.0000E+00	0.0000E+00	1.1498E+00
1.2900E+02	0.0000E+00	0.0000E+00	1.0848E+00
1.3000E+02	0.0000E+00	0.0000E+00	1.0911E+00
1.3100E+02	0.0000E+00	0.0000E+00	1.0973E+00
1.3200E+02	0.0000E+00	0.0000E+00	1.1012E+00
1.3300E+02	0.0000E+00	0.0000E+00	1.1140E+00
1.3400E+02	0.0000E+00	0.0000E+00	1.1140E+00
1.3500E+02	0.0000E+00	0.0000E+00	1.1041E+00
1.3600E+02	0.0000E+00	0.0000E+00	1.1110E+00
1.3700E+02	0.0000E+00	0.0000E+00	1.1143E+00
1.3800E+02	0.0000E+00	0.0000E+00	1.1211E+00
1.3900E+02	0.0000E+00	0.0000E+00	1.1255E+00
1.4000E+02	0.0000E+00	0.0000E+00	1.1171E+00
1.4100E+02	0.0000E+00	0.0000E+00	1.1234E+00
1.4200E+02	0.0000E+00	0.0000E+00	1.1222E+00
1.4300E+02	0.0000E+00	0.0000E+00	1.1181E+00
1.4400E+02	0.0000E+00	0.0000E+00	1.1168E+00
1.4500E+02	0.0000E+00	0.0000E+00	1.1117E+00
1.4600E+02	0.0000E+00	0.0000E+00	1.1089E+00
1.4700E+02	0.0000E+00	0.0000E+00	1.1040E+00
1.4800E+02	0.0000E+00	0.0000E+00	1.1079E+00
1.4900E+02	0.0000E+00	0.0000E+00	1.1111E+00
1.5000E+02	0.0000E+00	0.0000E+00	1.1028E+00
1.5100E+02	0.0000E+00	0.0000E+00	1.1039E+00
1.5200E+02	0.0000E+00	0.0000E+00	1.0995E+00
1.5300E+02	0.0000E+00	0.0000E+00	1.0986E+00
1.5400E+02	0.0000E+00	0.0000E+00	1.1094E+00
1.5500E+02	0.0000E+00	0.0000E+00	1.1149E+00
1.5600E+02	0.0000E+00	0.0000E+00	1.1170E+00
1.5700E+02	0.0000E+00	0.0000E+00	1.1190E+00
1.5800E+02	0.0000E+00	0.0000E+00	1.1234E+00
1.5900E+02	0.0000E+00	0.0000E+00	1.1398E+00
1.6000E+02	0.0000E+00	0.0000E+00	1.1485E+00
1.6100E+02	0.0000E+00	0.0000E+00	1.1632E+00
1.6200E+02	0.0000E+00	0.0000E+00	1.1852E+00
1.6300E+02	0.0000E+00	0.0000E+00	1.1748E+00
1.6400E+02	0.0000E+00	0.0000E+00	1.1754E+00
1.6500E+02	0.0000E+00	0.0000E+00	1.1843E+00
1.6600E+02	0.0000E+00	0.0000E+00	1.1749E+00
1.6700E+02	0.0000E+00	0.0000E+00	1.1676E+00
1.6800E+02	0.0000E+00	0.0000E+00	1.1687E+00
1.6900E+02	0.0000E+00	0.0000E+00	1.1669E+00
1.7000E+02	0.0000E+00	0.0000E+00	1.1593E+00
1.7100E+02	0.0000E+00	0.0000E+00	1.1738E+00
1.7200E+02	0.0000E+00	0.0000E+00	1.1887E+00
1.7300E+02	0.0000E+00	0.0000E+00	1.2002E+00
1.7400E+02	0.0000E+00	0.0000E+00	1.2135E+00
1.7500E+02	0.0000E+00	0.0000E+00	1.2242E+00
1.7600E+02	0.0000E+00	0.0000E+00	1.1967E+00
1.7700E+02	0.0000E+00	0.0000E+00	1.1641E+00
1.7800E+02	0.0000E+00	0.0000E+00	1.1760E+00
1.7900E+02	0.0000E+00	0.0000E+00	1.1975E+00
1.8000E+02	0.0000E+00	0.0000E+00	1.1769E+00
1.8100E+02	0.0000E+00	0.0000E+00	1.1709E+00
1.8200E+02	0.0000E+00	0.0000E+00	1.1674E+00
1.8300E+02	0.0000E+00	0.0000E+00	1.1755E+00
1.8400E+02	0.0000E+00	0.0000E+00	1.1868E+00
1.8500E+02	0.0000E+00	0.0000E+00	1.1961E+00
1.8600E+02	0.0000E+00	0.0000E+00	1.1930E+00
1.8700E+02	0.0000E+00	0.0000E+00	1.2053E+00
1.8800E+02	0.0000E+00	0.0000E+00	1.2172E+00
1.8900E+02	0.0000E+00	0.0000E+00	1.2262E+00
1.9000E+02	0.0000E+00	0.0000E+00	1.2207E+00
1.9100E+02	0.0000E+00	0.0000E+00	1.2208E+00
1.9200E+02	0.0000E+00	0.0000E+00	1.2256E+00
1.9300E+02	0.0000E+00	0.0000E+00	1.2245E+00
1.9400E+02	0.0000E+00	0.0000E+00	1.2344E+00
1.9500E+02	0.0000E+00	0.0000E+00	1.2398E+00
1.9600E+02	0.0000E+00	0.0000E+00	1.2348E+00
1.9700E+02	0.0000E+00	0.0000E+00	1.2430E+00
1.9800E+02	0.0000E+00	0.0000E+00	1.2415E+00
1.9900E+02	0.0000E+00	0.0000E+00	1.2403E+00
2.0000E+02	0.0000E+00	0.0000E+00	1.2420E+00
2.0100E+02	0.0000E+00	0.0000E+00	1.2296E+00
2.0200E+02	0.0000E+00	0.0000E+00	1.2279E+00
2.0300E+02	0.0000E+00	0.0000E+00	1.2372E+00
2.0400E+02	0.0000E+00	0.0000E+00	1.2306E+00
2.0500E+02	0.0000E+00	0.0000E+00	1.2538E+00
2.0600E+02	0.0000E+00	0.0000E+00	1.2638E+00
2.0700E+02	0.0000E+00	0.0000E+00	1.2565E+00
2.0800E+02	0.0000E+00	0.0000E+00	1.2711E+00
2.0900E+02	0.0000E+00	0.0000E+00	1.2817E+00
2.1000E+02	0.0000E+00	0.0000E+00	1.2937E+00
2.1100E+02	0.0000E+00	0.0000E+00	1.3082E+00
2.1200E+02	0.0000E+00	0.0000E+00	1.3081E+00
2.1300E+02	0.0000E+00	0.0000E+00	1.3104E+00
2.1400E+02	0.0000E+00	0.0000E+00	1.3126E+00
2.1500E+02	0.0000E+00	0.0000E+00	1.3115E+00
2.1600E+02	0.0000E+00	0.0000E+00	1.3035E+00
2.1700E+02	0.0000E+00	0.0000E+00	1.2905E+00
2.1800E+02	0.0000E+00	0.0000E+00	1.2841E+00
2.1900E+02	0.0000E+00	0.0000E+00	1.2822E+00
2.2000E+02	0.0000E+00	0.0000E+00	1.2703E+00
2.2100E+02	0.0000E+00	0.0000E+00	1.2613E+00
2.2200E+02	0.0000E+00	0.0000E+00	1.2554E+00
2.2300E+02	0.0000E+00	0.0000E+00	1.2552E+00
2.2400E+02	0.0000E+00	0.0000E+00	1.2458E+00
2.2500E+02	0.0000E+00	0.0000E+00	1.2480E+00
2.2600E+02	0.0000E+00	0.0000E+00	1.2399E+00
2.2700E+02	0.0000E+00	0.0000E+00	1.2432E+00
2.2800E+02	0.0000E+00	0.0000E+00	1.2379E+00
2.2900E+02	0.0000E+00	0.0000E+00	1.2437E+00
2.3000E+02	0.0000E+00	0.0000E+00	1.2508E+00
2.3100E+02	0.0000E+00	0.0000E+00	1.2604E+00
2.3200E+02	0.0000E+00	0.0000E+00	1.2670E+00
2.3300E+02	0.0000E+00	0.0000E+00	1.2770E+00
2.3400E+02	0.0000E+00	0.0000E+00	1.2799E+00
2.3500E+02	0.0000E+00	0.0000E+00	1.2884E+00
2.3600E+02	0.0000E+00	0.0000E+00	1.2837E+00
2.3700E+02	0.0000E+00	0.0000E+00	1.2926E+00
2.3800E+02	0.0000E+00	0.0000E+00	1.2933E+00
2.3900E+02	0.0000E+00	0.0000E+00	1.2968E+00
2.4000E+02	0.0000E+00	0.0000E+00	1.2979E+00
2.4100E+02	0.0000E+00	0.0000E+00	1.2893E+00
2.4200E+02	0.0000E+00	0.0000E+00	1.2825E+00
2.4300E+02	0.0000E+00	0.0000E+00	1.2811E+00
2.4400E+02	0.0000E+00	0.0000E+00	1.2771E+00
2.4500E+02	0.0000E+00	0.0000E+00	1.2669E+00
2.4600E+02	0.0000E+00	0.0000E+00	1.2663E+00
2.4700E+02	0.0000E+00	0.0000E+00	1.2572E+00
2.4800E+02	0.0000E+00	0.0000E+00	1.2481E+00
2.4900E+02	0.0000E+00	0.0000E+00	1.2578E+00
2.5000E+02	0.0000E+00	0.0000E+00	1.2516E+00
2.5100E+02	0.0000E+00	0.0000E+00	1.2407E+00
2.5200E+02	0.0000E+00	0.0000E+00	1.2421E+00
2.5300E+02	0.0000E+00	0.0000E+00	1.2436E+00
2.5400E+02	0.0000E+00	0.0000E+00	1.2417E+00
2.5500E+02	0.0000E+00	0.0000E+00	1.2402E+00
2.5600E+02	0.0000E+00	0.0000E+00	1.2514E+00
2.5700E+02	0.0000E+00	0.0000E+00	1.2379E+00
2.5800E+02	0.0000E+00	0.0000E+00	1.2484E+00
2.5900E+02	0.0000E+00	0.0000E+00	1.2512E+00
2.6000E+02	0.0000E+00	0.0000E+00	1.2468E+00
2.6100E+02	0.0000E+00	0.0000E+00	1.2515E+00
2.6200E+02	0.0000E+00	0.0000E+00	1.2551E+00
2.6300E+02	0.0000E+00	0.0000E+00	1.2623E+00
2.6400E+02	0.0000E+00	0.0000E+00	1.2503E+00
2.6500E+02	0.0000E+00	0.0000E+00	1.2505E+00
2.6600E+02	0.0000E+00	0.0000E+00	1.2436E+00
2.6700E+02	0.0000E+00	0.0000E+00	1.2329E+00
2.6800E+02	0.0000E+00	0.0000E+00	1.2308E+00
2.6900E+02	0.0000E+00	0.0000E+00	1.2323E+00
2.7000E+02	0.0000E+00	0.0000E+00	1.2222E+00
2.7100E+02	0.0000E+00	0.0000E+00	1.2249E+00
2.7200E+02	0.0000E+00	0.0000E+00	1.2272E+00
2.7300E+02	0.0000E+00	0.0000E+00	1.2127E+00
2.7400E+02	0.0000E+00	0.0000E+00	1.2175E+00
2.7500E+02	0.0000E+00	0.0000E+00	1.2062E+00
2.7600E+02	0.0000E+00	0.0000E+00	1.2140E+00
2.7700E+02	0.0000E+00	0.0000E+00	1.2202E+00
2.7800E+02	0.0000E+00	0.0000E+00	1.2175E+00
2.7900E+02	0.0000E+00	0.0000E+00	1.2158E+00
2.8000E+02	0.0000E+00	0.0000E+00	1.2190E+00
2.8100E+02	0.0000E+00	0.0000E+00	1.2090E+00
2.8200E+02	0.0000E+00	0.0000E+00	1.2060E+00
2.8300E+02	0.0000E+00	0.0000E+00	1.2058E+00
2.8400E+02	0.0000E+00	0.0000E+00	1.1970E+00
2.8500E+02	0.0000E+00	0.0000E+00	1.1978E+00
2.8600E+02	0.0000E+00	0.0000E+00	1.1901E+00
2.8700E+02	0.0000E+00	0.0000E+00	1.1922E+00
2.8800E+02	0.0000E+00	0.0000E+00	1.1923E+00
2.8900E+02	0.0000E+00	0.0000E+00	1.1840E+00
2.9000E+02	0.0000E+00	0.0000E+00	1.1850E+00
2.9100E+02	0.0000E+00	0.0000E+00	1.1799E+00
2.9200E+02	0.0000E+00	0.0000E+00	1.1733E+00
2.9300E+02	0.0000E+00	0.0000E+00	1.1701E+00
2.9400E+02	0.0000E+00	0.0000E+00	1.1567E+00
2.9500E+02	0.0000E+00	0.0000E+00	1.1637E+00
2.9600E+02	0.0000E+00	0.0000E+00	1.1548E+00
2.9700E+02	0.0000E+00	0.0000E+00	1.1554E+00
2.9800E+02	0.0000E+00	0.0000E+00	1.1680E+00
2.9900E+02	0.0000E+00	0.0000E+00	1.1667E+00
3.0000E+02	0.0000E+00	0.0000E+00	1.1720E+00
3.0100E+02	0.0000E+00	0.0000E+00	1.1726E+00
3.0200E+02	0.0000E+00	0.0000E+00	1.1656E+00
3.0300E+02	0.0000E+00	0.0000E+00	1.1628E+00
3.0400E+02	0.0000E+00	0.0000E+00	1.1615E+00
3.0500E+02	0.0000E+00	0.0000E+00	1.1530E+00
3.0600E+02	0.0000E+00	0.0000E+00	1.1508E+00
3.0700E+02	0.0000E+00	0.0000E+00	1.1444E+00
3.0800E+02	0.0000E+00	0.0000E+00	1.1423E+00
3.0900E+02	0.0000E+00	0.0000E+00	1.1326E+00
3.1000E+02	0.0000E+00	0.0000E+00	1.1277E+00
3.1100E+02	0.0000E+00	0.0000E+00	1.1285E+00
3.1200E+02	0.0000E+00	0.0000E+00	1.1179E+00
3.1300E+02	0.0000E+00	0.0000E+00	1.1141E+00
3.1400E+02	0.0000E+00	0.0000E+00	1.1047E+00
3.1500E+02	0.0000E+00	0.0000E+00	1.1093E+00
3.1600E+02	0.0000E+00	0.0000E+00	1.1010E+00
3.1700E+02	0.0000E+00	0.0000E+00	1.1098E+00
3.1800E+02	0.0000E+00	0.0000E+00	1.1127E+00
3.1900E+02	0.0000E+00	0.0000E+00	1.1150E+00
3.2000E+02	0.0000E+00	0.0000E+00	1.0925E+00
3.2100E+02	0.0000E+00	0.0000E+00	1.1090E+00
3.2200E+02	0.0000E+00	0.0000E+00	1.1251E+00
3.2300E+02	0.0000E+00	0.0000E+00	1.1262E+00
3.2400E+02	0.0000E+00	0.0000E+00	1.1303E+00
3.2500E+02	0.0000E+00	0.0000E+00	1.1208E+00
3.2600E+02	0.0000E+00	0.0000E+00	1.1174E+00
3.2700E+02	0.0000E+00	0.0000E+00	1.1203E+00
3.2800E+02	0.0000E+00	0.0000E+00	1.1122E+00
3.2900E+02	0.0000E+00	0.0000E+00	1.1158E+00
3.3000E+02	0.0000E+00	0.0000E+00	1.1136E+00
3.3100E+02	0.0000E+00	0.0000E+00	1.1197E+00
3.3200E+02	0.0000E+00	0.0000E+00	1.1133E+00
3.3300E+02	0.0000E+00	0.0000E+00	1.1129E+00
3.3400E+02	0.0000E+00	0.0000E+00	1.1090E+00
3.3500E+02	0.0000E+00	0.0000E+00	1.1130E+00
3.3600E+02	0.0000E+00	0.0000E+00	1.1032E+00
3.3700E+02	0.0000E+00	0.0000E+00	1.0992E+00
3.3800E+02	0.0000E+00	0.0000E+00	1.0992E+00
3.3900E+02	0.0000E+00	0.0000E+00	1.0955E+00
3.4000E+02	0.0000E+00	0.0000E+00	1.0931E+00
3.4100E+02	0.0000E+00	0.0000E+00	1.0948E+00
3.4200E+02	0.0000E+00	0.0000E+00	1.0868E+00
3.4300E+02	0.0000E+00	0.0000E+00	1.0842E+00
3.4400E+02	0.0000E+00	0.0000E+00	1.0825E+00
3.4500E+02	0.0000E+00	0.0000E+00	1.0814E+00
3.4600E+02	0.0000E+00	0.0000E+00	1.0919E+00
3.4700E+02	0.0000E+00	0.0000E+00	1.0959E+00
3.4800E+02	0.0000E+00	0.0000E+00	1.1041E+00
3.4900E+02	0.0000E+00	0.0000E+00	1.0965E+00
3.5000E+02	0.0000E+00	0.0000E+00	1.1028E+00
3.5100E+02	0.0000E+00	0.0000E+00	1.1023E+00
3.5200E+02	0.0000E+00	0.0000E+00	1.0944E+00
3.5300E+02	0.0000E+00	0.0000E+00	1.1025E+00
3.5400E+02	0.0000E+00	0.0000E+00	1.1038E+00
3.5500E+02	0.0000E+00	0.0000E+00	1.1129E+00
3.5600E+02	0.0000E+00	0.0000E+00	1.1169E+00
3.5700E+02	0.0000E+00	0.0000E+00	1.1125E+00
3.5800E+02	0.0000E+00	0.0000E+00	1.1182E+00
3.5900E+02	0.0000E+00	0.0000E+00	1.1146E+00
3.6000E+02	0.0000E+00	0.0000E+00	1.1091E+00
3.6100E+02	0.0000E+00	0.0000E+00	1.1132E+00
3.6200E+02	0.0000E+00	0.0000E+00	1.1093E+00
3.6300E+02	0.0000E+00	0.0000E+00	1.1077E+00
3.6400E+02	0.0000E+00	0.0000E+00	1.1045E+00
3.6500E+02	0.0000E+00	0.0000E+00	1.1087E+00
3.6600E+02	0.0000E+00	0.0000E+00	1.0954E+00
3.6700E+02	0.0000E+00	0.0000E+00	1.0987E+00
3.6800E+02	0.0000E+00	0.0000E+00	1.0951E+00
3.6900E+02	0.0000E+00	0.0000E+00	1.0932E+00
3.7000E+02	0.0000E+00	0.0000E+00	1.1016E+00
3.7100E+02	0.0000E+00	0.0000E+00	1.1028E+00
3.7200E+02	0.0000E+00	0.0000E+00	1.1004E+00
3.7300E+02	0.0000E+00	0.0000E+00	1.0992E+00
3.7400E+02	0.0000E+00	0.0000E+00	1.1016E+00
3.7500E+02	0.0000E+00	0.0000E+00	1.1029E+00
3.7600E+02	0.0000E+00	0.0000E+00	1.1050E+00
3.7700E+02	0.0000E+00	0.0000E+00	1.1108E+00
3.7800E+02	0.0000E+00	0.0000E+00	1.1170E+00
3.7900E+02	0.0000E+00	0.0000E+00	1.1207E+00
3.8000E+02	0.0000E+00	0.0000E+00	1.1234E+00
3.8100E+02	0.0000E+00	0.0000E+00	1.1258E+00
3.8200E+02	0.0000E+00	0.0000E+00	1.1210E+00
3.8300E+02	0.0000E+00	0.0000E+00	1.1234E+00
3.8400E+02	0.0000E+00	0.0000E+00	1.1194E+00
3.8500E+02	0.0000E+00	0.0000E+00	1.1148E+00
3.8600E+02	0.0000E+00	0.0000E+00	1.1125E+00
3.8700E+02	0.0000E+00	0.0000E+00	1.1122E+00
3.8800E+02	0.0000E+00	0.0000E+00	1.1068E+00
3.8900E+02	0.0000E+00	0.0000E+00	1.1079E+00
3.9000E+02	0.0000E+00	0.0000E+00	1.1061E+00
3.9100E+02	0.0000E+00	0.0000E+00	1.1028E+00
3.9200E+02	0.0000E+00	0.0000E+00	1.0995E+00
3.9300E+02	0.0000E+00	0.0000E+00	1.1077E+00
3.9400E+02	0.0000E+00	0.0000E+00	1.1034E+00
3.9500E+02	0.0000E+00	0.0000E+00	1.0985E+00
3.9600E+02	0.0000E+00	0.0000E+00	1.1077E+00
3.9700E+02	0.0000E+00	0.0000E+00	1.1058E+00
3.9800E+02	0.0000E+00	0.0000E+00	1.1095E+00
3.9900E+02	0.0000E+00	0.0000E+00	1.1219E+00
4.0000E+02	0.0000E+00	0.0000E+00	1.1353E+00
4.0100E+02	0.0000E+00	0.0000E+00	1.1636E+00
4.0200E+02	0.0000E+00	0.0000E+00	1.1770E+00
4.0300E+02	0.0000E+00	0.0000E+00	1.1877E+00
4.0400E+02	0.0000E+00	0.0000E+00	1.1889E+00
4.0500E+02	0.0000E+00	0.0000E+00	1.1860E+00
4.0600E+02	0.0000E+00	0.0000E+00	1.1834E+00
4.0700E+02	0.0000E+00	0.0000E+00	1.1740E+00
4.0800E+02	0.0000E+00	0.0000E+00	1.1734E+00
4.0900E+02	0.0000E+00	0.0000E+00	1.1766E+00
4.1000E+02	0.0000E+00	0.0000E+00	1.1735E+00
4.1100E+02	0.0000E+00	0.0000E+00	1.1661E+00
4.1200E+02	0.0000E+00	0.0000E+00	1.1622E+00
4.1300E+02	0.0000E+00	0.0000E+00	1.1486E+00
4.1400E+02	0.0000E+00	0.0000E+00	1.1573E+00
4.1500E+02	0.0000E+00	0.0000E+00	1.1467E+00
4.1600E+02	0.0000E+00	0.0000E+00	1.1497E+00
4.1700E+02	0.0000E+00	0.0000E+00	1.1495E+00
4.1800E+02	0.0000E+00	0.0000E+00	1.1484E+00
4.1900E+02	0.0000E+00	0.0000E+00	1.1521E+00
4.2000E+02	0.0000E+00	0.0000E+00	1.1560E+00
4.2100E+02	0.0000E+00	0.0000E+00	1.1582E+00
4.2200E+02	0.0000E+00	0.0000E+00	1.1694E+00
4.2300E+02	0.0000E+00	0.0000E+00	1.1806E+00
4.2400E+02	0.0000E+00	0.0000E+00	1.1925E+00
4.2500E+02	0.0000E+00	0.0000E+00	1.1999E+00
4.2600E+02	0.0000E+00	0.0000E+00	1.2034E+00
4.2700E+02	0.0000E+00	0.0000E+00	1.2169E+00
4.2800E+02	0.0000E+00	0.0000E+00	1.2258E+00
4.2900E+02	0.0000E+00	0.0000E+00	1.2230E+00
4.3000E+02	0.0000E+00	0.0000E+00	1.2182E+00
4.3100E+02	0.0000E+00	0.0000E+00	1.2189E+00
4.3200E+02	0.0000E+00	0.0000E+00	1.2140E+00
4.3300E+02	0.0000E+00	0.0000E+00	1.2068E+00
4.3400E+02	0.0000E+00	0.0000E+00	1.2050E+00
4.3500E+02	0.0000E+00	0.0000E+00	1.2020E+00
4.3600E+02	0.0000E+00	0.0000E+00	1.1991E+00
4.3700E+02	0.0000E+00	0.0000E+00	1.1997E+00
4.3800E+02	0.0000E+00	0.0000E+00	1.1928E+00
4.3900E+02	0.0000E+00	0.0000E+00	1.1869E+00
4.4000E+02	0.0000E+00	0.0000E+00	1.1839E+00
4.4100E+02	0.0000E+00	0.0000E+00	1.1869E+00
4.4200E+02	0.0000E+00	0.0000E+00	1.1816E+00
4.4300E+02	0.0000E+00	0.0000E+00	1.1810E+00
4.4400E+02	0.0000E+00	0.0000E+00	1.1910E+00
4.4500E+02	0.0000E+00	0.0000E+00	1.1936E+00
4.4600E+02	0.0000E+00	0.0000E+00	1.2062E+00
4.4700E+02	0.0000E+00	0.0000E+00	1.2116E+00
4.4800E+02	0.0000E+00	0.0000E+00	1.2046E+00
4.4900E+02	0.0000E+00	0.0000E+00	1.2252E+00
4.5000E+02	0.0000E+00	0.0000E+00	1.2319E+00
4.5100E+02	0.0000E+00	0.0000E+00	1.2418E+00
4.5200E+02	0.0000E+00	0.0000E+00	1.2397E+00
4.5300E+02	0.0000E+00	0.0000E+00	1.2507E+00
4.5400E+02	0.0000E+00	0.0000E+00	1.2403E+00
4.5500E+02	0.0000E+00	0.0000E+00	1.2332E+00
4.5600E+02	0.0000E+00	0.0000E+00	1.2217E+00
4.5700E+02	0.0000E+00	0.0000E+00	1.2281E+00
4.5800E+02	0.0000E+00	0.0000E+00	1.2233E+00
4.5900E+02	0.0000E+00	0.0000E+00	1.2128E+00
4.6000E+02	0.0000E+00	0.0000E+00	1.2052E+00
4.6100E+02	0.0000E+00	0.0000E+00	1.2060E+00
4.6200E+02	0.0000E+00	0.0000E+00	1.2052E+00
4.6300E+02	0.0000E+00	0.0000E+00	1.2008E+00
4.6400E+02	0.0000E+00	0.0000E+00	1.1946E+00
4.6500E+02	0.0000E+00	0.0000E+00	1.2008E+00
4.6600E+02	0.0000E+00	0.0000E+00	1.1954E+00
4.6700E+02	0.0000E+00	0.0000E+00	1.2032E+00
4.6800E+02	0.0000E+00	0.0000E+00	1.1909E+00
4.6900E+02	0.0000E+00	0.0000E+00	1.1983E+00
4.7000E+02	0.0000E+00	0.0000E+00	1.2047E+00
4.7100E+02	0.0000E+00	0.0000E+00	1.2039E+00
4.7200E+02	0.0000E+00	0.0000E+00	1.2115E+00
4.7300E+02	0.0000E+00	0.0000E+00	1.2145E+00
4.7400E+02	0.0000E+00	0.0000E+00	1.2131E+00
4.7500E+02	0.0000E+00	0.0000E+00	1.2179E+00
4.7600E+02	0.0000E+00	0.0000E+00	1.2136E+00
4.7700E+02	0.0000E+00	0.0000E+00	1.2113E+00
4.7800E+02	0.0000E+00	0.0000E+00	1.2104E+00
4.7900E+02	0.0000E+00	0.0000E+00	1.2106E+00
4.8000E+02	0.0000E+00	0.0000E+00	1.1952E+00
4.8100E+02	0.0000E+00	0.0000E+00	1.1876E+00
4.8200E+02	0.0000E+00	0.0000E+00	1.1915E+00
4.8300E+02	0.0000E+00	0.0000E+00	1.1876E+00
4.8400E+02	0.0000E+00	0.0000E+00	1.1848E+00
4.8500E+02	0.0000E+00	0.0000E+00	1.1797E+00
4.8600E+02	0.0000E+00	0.0000E+00	1.1814E+00
4.8700E+02	0.0000E+00	0.0000E+00	1.1806E+00
4.8800E+02	0.0000E+00	0.0000E+00	1.1709E+00
4.8900E+02	0.0000E+00	0.0000E+00	1.1693E+00
4.9000E+02	0.0000E+00	0.0000E+00	1.1761E+00
4.9100E+02	0.0000E+00	0.0000E+00	1.1701E+00
4.9200E+02	0.0000E+00	0.0000E+00	1.1673E+00
4.9300E+02	0.0000E+00	0.0000E+00	1.1694E+00
4.9400E+02	0.0000E+00	0.0000E+00	1.1710E+00
4.9500E+02	0.0000E+00	0.0000E+00	1.1688E+00
4.9600E+02	0.0000E+00	0.0000E+00	1.1745E+00
4.9700E+02	0.0000E+00	0.0000E+00	1.1725E+00
4.9800E+02	0.0000E+00	0.0000E+00	1.1749E+00
4.9900E+02	0.0000E+00	0.0000E+00	1.1717E+00
5.0000E+02	0.0000E+00	0.0000E+00	1.1631E+00
5.0100E+02	0.0000E+00	0.0000E+00	1.1596E+00
5.0200E+02	0.0000E+00	0.0000E+00	1.1601E+00
5.0300E+02	0.0000E+00	0.0000E+00	1.1520E+00
5.0400E+02	0.0000E+00	0.0000E+00	1.1521E+00
5.0500E+02	0.0000E+00	0.0000E+00	1.1517E+00
5.0600E+02	0.0000E+00	0.0000E+00	1.1462E+00
5.0700E+02	0.0000E+00	0.0000E+00	1.1464E+00
5.0800E+02	0.0000E+00	0.0000E+00	1.1396E+00
5.0900E+02	0.0000E+00	0.0000E+00	1.1421E+00
5.1000E+02	0.0000E+00	0.0000E+00	1.1366E+00
5.1100E+02	0.0000E+00	0.0000E+00	1.1359E+00
5.1200E+02	0.0000E+00	0.0000E+00	1.1353E+00
5.1300E+02	0.0000E+00	0.0000E+00	1.1405E+00
5.1400E+02	0.0000E+00	0.0000E+00	1.1372E+00
5.1500E+02	0.0000E+00	0.0000E+00	1.1376E+00
5.1600E+02	0.0000E+00	0.0000E+00	1.1357E+00
5.1700E+02	0.0000E+00	0.0000E+00	1.1399E+00
5.1800E+02	0.0000E+00	0.0000E+00	1.1447E+00
5.1900E+02	0.0000E+00	0.0000E+00	1.1522E+00
5.2000E+02	0.0000E+00	0.0000E+00	1.1543E+00
5.2100E+02	0.0000E+00	0.0000E+00	1.1645E+00
5.2200E+02	0.0000E+00	0.0000E+00	1.1699E+00
5.2300E+02	0.0000E+00	0.0000E+00	1.1794E+00
5.2400E+02	0.0000E+00	0.0000E+00	1.1832E+00
5.2500E+02	0.0000E+00	0.0000E+00	1.1782E+00
5.2600E+02	0.0000E+00	0.0000E+00	1.1773E+00
5.2700E+02	0.0000E+00	0.0000E+00	1.1763E+00
5.2800E+02	0.0000E+00	0.0000E+00	1.1623E+00
5.2900E+02	0.0000E+00	0.0000E+00	1.1621E+00
5.3000E+02	0.0000E+00	0.0000E+00	1.1621E+00
5.3100E+02	0.0000E+00	0.0000E+00	1.1516E+00
5.3200E+02	0.0000E+00	0.0000E+00	1.1510E+00
5.3300E+02	0.0000E+00	0.0000E+00	1.1463E+00
5.3400E+02	0.0000E+00	0.0000E+00	1.1432E+00
5.3500E+02	0.0000E+00	0.0000E+00	1.1362E+00
5.3600E+02	0.0000E+00	0.0000E+00	1.1389E+00
5.3700E+02	0.0000E+00	0.0000E+00	1.1341E+00
5.3800E+02	0.0000E+00	0.0000E+00	1.1425E+00
5.3900E+02	0.0000E+00	0.0000E+00	1.1397E+00
5.4000E+02	0.0000E+00	0.0000E+00	1.1352E+00
5.4100E+02	0.0000E+00	0.0000E+00	1.1405E+00
5.4200E+02	0.0000E+00	0.0000E+00	1.1566E+00
5.4300E+02	0.0000E+00	0.0000E+00	1.1633E+00
5.4400E+02	0.0000E+00	0.0000E+00	1.1816E+00
5.4500E+02	0.0000E+00	0.0000E+00	1.1936E+00
5.4600E+02	0.0000E+00	0.0000E+00	1.2120E+00
5.4700E+02	0.0000E+00	0.0000E+00	1.2212E+00
5.4800E+02	0.0000E+00	0.0000E+00	1.2270E+00
5.4900E+02	0.0000E+00	0.0000E+00	1.2289E+00
5.5000E+02	0.0000E+00	0.0000E+00	1.2231E+00
5.5100E+02	0.0000E+00	0.0000E+00	1.2136E+00
5.5200E+02	0.0000E+00	0.0000E+00	1.2068E+00
5.5300E+02	0.0000E+00	0.0000E+00	1.1998E+00
5.5400E+02	0.0000E+00	0.0000E+00	1.1928E+00
5.5500E+02	0.0000E+00	0.0000E+00	1.1905E+00
5.5600E+02	0.0000E+00	0.0000E+00	1.1889E+00
5.5700E+02	0.0000E+00	0.0000E+00	1.1853E+00
5.5800E+02	0.0000E+00	0.0000E+00	1.1798E+00
5.5900E+02	0.0000E+00	0.0000E+00	1.1692E+00
5.6000E+02	0.0000E+00	0.0000E+00	1.1763E+00
5.6100E+02	0.0000E+00	0.0000E+00	1.1754E+00
5.6200E+02	0.0000E+00	0.0000E+00	1.1719E+00
5.6300E+02	0.0000E+00	0.0000E+00	1.1735E+00
5.6400E+02	0.0000E+00	0.0000E+00	1.1781E+00
5.6500E+02	0.0000E+00	0.0000E+00	1.1819E+00
5.6600E+02	0.0000E+00	0.0000E+00	1.1898E+00
5.6700E+02	0.0000E+00	0.0000E+00	1.2169E+00
5.6800E+02	0.0000E+00	0.0000E+00	1.2333E+00
5.6900E+02	0.0000E+00	0.0000E+00	1.2587E+00
5.7000E+02	0.0000E+00	0.0000E+00	1.2835E+00
5.7100E+02	0.0000E+00	0.0000E+00	1.2971E+00
5.7200E+02	0.0000E+00	0.0000E+00	1.2920E+00
5.7300E+02	0.0000E+00	0.0000E+00	1.2916E+00
5.7400E+02	0.0000E+00	0.0000E+00	1.2810E+00
5.7500E+02	0.0000E+00	0.0000E+00	1.2802E+00
5.7600E+02	0.0000E+00	0.0000E+00	1.2715E+00
5.7700E+02	0.0000E+00	0.0000E+00	1.2569E+00
5.7800E+02	0.0000E+00	0.0000E+00	1.2628E+00
5.7900E+02	0.0000E+00	0.0000E+00	1.2557E+00
5.8000E+02	0.0000E+00	0.0000E+00	1.2389E+00
5.8100E+02	0.0000E+00	0.0000E+00	1.2440E+00
5.8200E+02	0.0000E+00	0.0000E+00	1.2415E+00
5.8300E+02	0.0000E+00	0.0000E+00	1.2273E+00
5.8400E+02	0.0000E+00	0.0000E+00	1.2282E+00
5.8500E+02	0.0000E+00	0.0000E+00	1.2258E+00
5.8600E+02	0.0000E+00	0.0000E+00	1.2254E+00
5.8700E+02	0.0000E+00	0.0000E+00	1.2241E+00
5.8800E+02	0.0000E+00	0.0000E+00	1.2312E+00
5.8900E+02	0.0000E+00	0.0000E+00	1.2442E+00
5.9000E+02	0.0000E+00	0.0000E+00	1.2565E+00
5.9100E+02	0.0000E+00	0.0000E+00	1.2682E+00
5.9200E+02	0.0000E+00	0.0000E+00	1.3012E+00
5.9300E+02	0.0000E+00	0.0000E+00	1.3231E+00
5.9400E+02	0.0000E+00	0.0000E+00	1.3434E+00
5.9500E+02	0.0000E+00	0.0000E+00	1.3563E+00
5.9600E+02	0.0000E+00	0.0000E+00	1.3518E+00
5.9700E+02	0.0000E+00	0.0000E+00	1.3589E+00
5.9800E+02	0.0000E+00	0.0000E+00	1.3487E+00
5.9900E+02	0.0000E+00	0.0000E+00	1.3288E+00
6.0000E+02	0.0000E+00	0.0000E+00	1.3335E+00
6.0100E+02	0.0000E+00	0.0000E+00	1.3286E+00
6.0200E+02	0.0000E+00	0.0000E+00	1.3152E+00
6.0300E+02	0.0000E+00	0.0000E+00	1.3092E+00
6.0400E+02	0.0000E+00	0.0000E+00	1.2910E+00
6.0500E+02	0.0000E+00	0.0000E+00	1.2939E+00
6.0600E+02	0.0000E+00	0.0000E+00	1.2964E+00
6.0700E+02	0.0000E+00	0.0000E+00	1.2778E+00
6.0800E+02	0.0000E+00	0.0000E+00	1.2901E+00
6.0900E+02	0.0000E+00	0.0000E+00	1.2814E+00
6.1000E+02	0.0000E+00	0.0000E+00	1.2858E+00
6.1100E+02	0.0000E+00	0.0000E+00	1.2844E+00
6.1200E+02	0.0000E+00	0.0000E+00	1.2935E+00
6.1300E+02	0.0000E+00	0.0000E+00	1.2941E+00
6.1400E+02	0.0000E+00	0.0000E+00	1.2954E+00
6.1500E+02	0.0000E+00	0.0000E+00	1.3268E+00
6.1600E+02	0.0000E+00	0.0000E+00	1.3305E+00
6.1700E+02	0.0000E+00	0.0000E+00	1.3447E+00
6.1800E+02	0.0000E+00	0.0000E+00	1.3501E+00
6.1900E+02	0.0000E+00	0.0000E+00	1.3817E+00
6.2000E+02	0.0000E+00	0.0000E+00	1.3855E+00
6.2100E+02	0.0000E+00	0.0000E+00	1.3842E+00
6.2200E+02	0.0000E+00	0.0000E+00	1.3927E+00
6.2300E+02	0.0000E+00	0.0000E+00	1.3672E+00
6.2400E+02	0.0000E+00	0.0000E+00	1.3661E+00
6.2500E+02	0.0000E+00	0.0000E+00	1.3810E+00
6.2600E+02	0.0000E+00	0.0000E+00	1.3796E+00
6.2700E+02	0.0000E+00	0.0000E+00	1.3755E+00
6.2800E+02	0.0000E+00	0.0000E+00	1.3637E+00
6.2900E+02	0.0000E+00	0.0000E+00	1.3638E+00
6.3000E+02	0.0000E+00	0.0000E+00	1.3515E+00
6.3100E+02	0.0000E+00	0.0000E+00	1.3466E+00
6.3200E+02	0.0000E+00	0.0000E+00	1.3616E+00
6.3300E+02	0.0000E+00	0.0000E+00	1.3418E+00
6.3400E+02	0.0000E+00	0.0000E+00	1.3457E+00
6.3500E+02	0.0000E+00	0.0000E+00	1.3507E+00
6.3600E+02	0.0000E+00	0.0000E+00	1.3579E+00
6.3700E+02	0.0000E+00	0.0000E+00	1.3522E+00
6.3800E+02	0.0000E+00	0.0000E+00	1.3520E+00
6.3900E+02	0.0000E+00	0.0000E+00	1.3559E+00
6.4000E+02	0.0000E+00	0.0000E+00	1.3502E+00
6.4100E+02	0.0000E+00	0.0000E+00	1.3544E+00
6.4200E+02	0.0000E+00	0.0000E+00	1.3777E+00
6.4300E+02	0.0000E+00	0.0000E+00	1.3936E+00
6.4400E+02	0.0000E+00	0.0000E+00	1.4117E+00
6.4500E+02	0.0000E+00	0.0000E+00	1.4151E+00
6.4600E+02	0.0000E+00	0.0000E+00	1.4390E+00
6.4700E+02	0.0000E+00	0.0000E+00	1.4178E+00
6.4800E+02	0.0000E+00	0.0000E+00	1.4016E+00
6.4900E+02	0.0000E+00	0.0000E+00	1.4019E+00
6.5000E+02	0.0000E+00	0.0000E+00	1.4093E+00
6.5100E+02	0.0000E+00	0.0000E+00	1.4018E+00
6.5200E+02	0.0000E+00	0.0000E+00	1.3998E+00
6.5300E+02	0.0000E+00	0.0000E+00	1.3910E+00
6.5400E+02	0.0000E+00	0.0000E+00	1.3748E+00
6.5500E+02	0.0000E+00	0.0000E+00	1.3900E+00
6.5600E+02	0.0000E+00	0.0000E+00	1.3816E+00
6.5700E+02	0.0000E+00	0.0000E+00	1.3574E+00
6.5800E+02	0.0000E+00	0.0000E+00	1.3791E+00
6.5900E+02	0.0000E+00	0.0000E+00	1.3864E+00
6.6000E+02	0.0000E+00	0.0000E+00	1.3744E+00
6.6100E+02	0.0000E+00	0.0000E+00	1.3947E+00
6.6200E+02	0.0000E+00	0.0000E+00	1.3708E+00
6.6300E+02	0.0000E+00	0.0000E+00	1.3809E+00
6.6400E+02	0.0000E+00	0.0000E+00	1.3904E+00
6.6500E+02	0.0000E+00	0.0000E+00	1.3941E+00
6.6600E+02	0.0000E+00	0.0000E+00	1.4145E+00
6.6700E+02	0.0000E+00	0.0000E+00	1.4388E+00
6.6800E+02	0.0000E+00	0.0000E+00	1.4643E+00
6.6900E+02	0.0000E+00	0.0000E+00	1.4770E+00
6.7000E+02	0.0000E+00	0.0000E+00	1.4934E+00
6.7100E+02	0.0000E+00	0.0000E+00	1.4939E+00
6.7200E+02	0.0000E+00	0.0000E+00	1.4895E+00
6.7300E+02	0.0000E+00	0.0000E+00	1.4909E+00
6.7400E+02	0.0000E+00	0.0000E+00	1.4899E+00
6.7500E+02	0.0000E+00	0.0000E+00	1.4970E+00
6.7600E+02	0.0000E+00	0.0000E+00	1.4808E+00
6.7700E+02	0.0000E+00	0.0000E+00	1.4613E+00
6.7800E+02	0.0000E+00	0.0000E+00	1.4717E+00
6.7900E+02	0.0000E+00	0.0000E+00	1.4442E+00
6.8000E+02	0.0000E+00	0.0000E+00	1.4608E+00
6.8100E+02	0.0000E+00	0.0000E+00	1.4509E+00
6.8200E+02	0.0000E+00	0.0000E+00	1.4400E+00
6.8300E+02	0.0000E+00	0.0000E+00	1.4469E+00
6.8400E+02	0.0000E+00	0.0000E+00	1.4536E+00
6.8500E+02	0.0000E+00	0.0000E+00	1.4436E+00
6.8600E+02	0.0000E+00	0.0000E+00	1.4330E+00
6.8700E+02	0.0000E+00	0.0000E+00	1.4323E+00
6.8800E+02	0.0000E+00	0.0000E+00	1.4232E+00
6.8900E+02	0.0000E+00	0.0000E+00	1.4244E+00
6.9000E+02	0.0000E+00	0.0000E+00	1.4079E+00
6.9100E+02	0.0000E+00	0.0000E+00	1.4106E+00
6.9200E+02	0.0000E+00	0.0000E+00	1.4085E+00
6.9300E+02	0.0000E+00	0.0000E+00	1.4085E+00
6.9400E+02	0.0000E+00	0.0000E+00	1.4068E+00
6.9500E+02	0.0000E+00	0.0000E+00	1.3932E+00
6.9600E+02	0.0000E+00	0.0000E+00	1.3835E+00
6.9700E+02	0.0000E+00	0.0000E+00	1.3847E+00
6.9800E+02	0.0000E+00	0.0000E+00	1.3813E+00
6.9900E+02	0.0000E+00	0.0000E+00	1.3694E+00
7.0000E+02	0.0000E+00	0.0000E+00	1.3730E+00
7.0100E+02	0.0000E+00	0.0000E+00	1.3673E+00
7.0200E+02	0.0000E+00	0.0000E+00	1.3689E+00
7.0300E+02	0.0000E+00	0.0000E+00	1.3642E+00
7.0400E+02	0.0000E+00	0.0000E+00	1.3588E+00
7.0500E+02	0.0000E+00	0.0000E+00	1.3504E+00
7.0600E+02	0.0000E+00	0.0000E+00	1.3448E+00
7.0700E+02	0.0000E+00	0.0000E+00	1.3451E+00
7.0800E+02	0.0000E+00	0.0000E+00	1.3500E+00
7.0900E+02	0.0000E+00	0.0000E+00	1.3490E+00
7.1000E+02	0.0000E+00	0.0000E+00	1.3346E+00
7.1100E+02	0.0000E+00	0.0000E+00	1.3442E+00
7.1200E+02	0.0000E+00	0.0000E+00	1.3377E+00
7.1300E+02	0.0000E+00	0.0000E+00	1.3335E+00
7.1400E+02	0.0000E+00	0.0000E+00	1.3402E+00
7.1500E+02	0.0000E+00	0.0000E+00	1.3416E+00
7.1600E+02	0.0000E+00	0.0000E+00	1.3337E+00
7.1700E+02	0.0000E+00	0.0000E+00	1.3304E+00
7.1800E+02	0.0000E+00	0.0000E+00	1.3230E+00
7.1900E+02	0.0000E+00	0.0000E+00	1.3162E+00
7.2000E+02	0.0000E+00	0.0000E+00	1.3106E+00
7.2100E+02	0.0000E+00	0.0000E+00	1.3072E+00
7.2200E+02	0.0000E+00	0.0000E+00	1.2980E+00
7.2300E+02	0.0000E+00	0.0000E+00	1.2983E+00
7.2400E+02	0.0000E+00	0.0000E+00	1.2939E+00
7.2500E+02	0.0000E+00	0.0000E+00	1.2896E+00
7.2600E+02	0.0000E+00	0.0000E+00	1.2916E+00
7.2700E+02	0.0000E+00	0.0000E+00	1.2796E+00
7.2800E+02	0.0000E+00	0.0000E+00	1.2795E+00
7.2900E+02	0.0000E+00	0.0000E+00	1.2804E+00
7.3000E+02	0.0000E+00	0.0000E+00	1.2822E+00
7.3100E+02	0.0000E+00	0.0000E+00	1.2838E+00
7.3200E+02	0.0000E+00	0.0000E+00	1.2819E+00
7.3300E+02	0.0000E+00	0.0000E+00	1.2791E+00
7.3400E+02	0.0000E+00	0.0000E+00	1.2747E+00
7.3500E+02	0.0000E+00	0.0000E+00	1.2790E+00
7.3600E+02	0.0000E+00	0.0000E+00	1.2752E+00
7.3700E+02	0.0000E+00	0.0000E+00	1.2709E+00
7.3800E+02	0.0000E+00	0.0000E+00	1.2627E+00
7.3900E+02	0.0000E+00	0.0000E+00	1.2704E+00
7.4000E+02	0.0000E+00	0.0000E+00	1.2666E+00
7.4100E+02	0.0000E+00	0.0000E+00	1.2585E+00
7.4200E+02	0.0000E+00	0.0000E+00	1.2633E+00
7.4300E+02	0.0000E+00	0.0000E+00	1.2587E+00
7.4400E+02	0.0000E+00	0.0000E+00	1.2524E+00
7.4500E+02	0.0000E+00	0.0000E+00	1.2532E+00
7.4600E+02	0.0000E+00	0.0000E+00	1.2514E+00
7.4700E+02	0.0000E+00	0.0000E+00	1.2480E+00
7.4800E+02	0.0000E+00	0.0000E+00	1.2457E+00
7.4900E+02	0.0000E+00	0.0000E+00	1.2461E+00
7.5000E+02	0.0000E+00	0.0000E+00	1.2414E+00
7.5100E+02	0.0000E+00	0.0000E+00	1.2464E+00
7.5200E+02	0.0000E+00	0.0000E+00	1.2483E+00
7.5300E+02	0.0000E+00	0.0000E+00	1.2474E+00
7.5400E+02	0.0000E+00	0.0000E+00	1.2473E+00
7.5500E+02	0.0000E+00	0.0000E+00	1.2491E+00
7.5600E+02	0.0000E+00	0.0000E+00	1.2457E+00
7.5700E+02	0.0000E+00	0.0000E+00	1.2478E+00
7.5800E+02	0.0000E+00	0.0000E+00	1.2420E+00
7.5900E+02	0.0000E+00	0.0000E+00	1.2542E+00
7.6000E+02	0.0000E+00	0.0000E+00	1.2573E+00
7.6100E+02	0.0000E+00	0.0000E+00	1.2577E+00
7.6200E+02	0.0000E+00	0.0000E+00	1.2576E+00
7.6300E+02	0.0000E+00	0.0000E+00	1.2502E+00
7.6400E+02	0.0000E+00	0.0000E+00	1.2497E+00
7.6500E+02	0.0000E+00	0.0000E+00	1.2436E+00
7.6600E+02	0.0000E+00	0.0000E+00	1.2387E+00
7.6700E+02	0.0000E+00	0.0000E+00	1.2300E+00
7.6800E+02	0.0000E+00	0.0000E+00	1.2209E+00
7.6900E+02	0.0000E+00	0.0000E+00	1.2183E+00
7.7000E+02	0.0000E+00	0.0000E+00	1.2138E+00
7.7100E+02	0.0000E+00	0.0000E+00	1.2113E+00
7.7200E+02	0.0000E+00	0.0000E+00	1.2047E+00
7.7300E+02	0.0000E+00	0.0000E+00	1.2056E+00
7.7400E+02	0.0000E+00	0.0000E+00	1.2045E+00
7.7500E+02	0.0000E+00	0.0000E+00	1.2034E+00
7.7600E+02	0.0000E+00	0.0000E+00	1.1980E+00
7.7700E+02	0.0000E+00	0.0000E+00	1.2009E+00
7.7800E+02	0.0000E+00	0.0000E+00	1.1997E+00
7.7900E+02	0.0000E+00	0.0000E+00	1.2058E+00
7.8000E+02	0.0000E+00	0.0000E+00	1.2080E+00
7.8100E+02	0.0000E+00	0.0000E+00	1.2046E+00
7.8200E+02	0.0000E+00	0.0000E+00	1.2029E+00
7.8300E+02	0.0000E+00	0.0000E+00	1.2035E+00
7.8400E+02	0.0000E+00	0.0000E+00	1.2062E+00
7.8500E+02	0.0000E+00	0.0000E+00	1.1996E+00
7.8600E+02	0.0000E+00	0.0000E+00	1.2006E+00
7.8700E+02	0.0000E+00	0.0000E+00	1.2023E+00
7.8800E+02	0.0000E+00	0.0000E+00	1.1954E+00
7.8900E+02	0.0000E+00	0.0000E+00	1.1917E+00
7.9000E+02	0.0000E+00	0.0000E+00	1.1927E+00
7.9100E+02	0.0000E+00	0.0000E+00	1.1909E+00
7.9200E+02	0.0000E+00	0.0000E+00	1.1922E+00
7.9300E+02	0.0000E+00	0.0000E+00	1.1855E+00
7.9400E+02	0.0000E+00	0.0000E+00	1.1804E+00
7.9500E+02	0.0000E+00	0.0000E+00	1.1830E+00
7.9600E+02	0.0000E+00	0.0000E+00	1.1738E+00
7.9700E+02	0.0000E+00	0.0000E+00	1.1699E+00
7.9800E+02	0.0000E+00	0.0000E+00	1.1749E+00
7.9900E+02	0.0000E+00	0.0000E+00	1.1738E+00
8.0000E+02	0.0000E+00	0.0000E+00	1.1725E+00
8.0100E+02	0.0000E+00	0.0000E+00	1.1712E+00
8.0200E+02	0.0000E+00	0.0000E+00	1.1686E+00
8.0300E+02	0.0000E+00	0.0000E+00	1.1671E+00
8.0400E+02	0.0000E+00	0.0000E+00	1.1702E+00
8.0500E+02	0.0000E+00	0.0000E+00	1.1655E+00
8.0600E+02	0.0000E+00	0.0000E+00	1.1628E+00
8.0700E+02	0.0000E+00	0.0000E+00	1.1629E+00
8.0800E+02	0.0000E+00	0.0000E+00	1.1622E+00
8.0900E+02	0.0000E+00	0.0000E+00	1.1627E+00
8.1000E+02	0.0000E+00	0.0000E+00	1.1632E+00
8.1100E+02	0.0000E+00	0.0000E+00	1.1634E+00
8.1200E+02	0.0000E+00	0.0000E+00	1.1662E+00
8.1300E+02	0.0000E+00	0.0000E+00	1.1584E+00
8.1400E+02	0.0000E+00	0.0000E+00	1.1609E+00
8.1500E+02	0.0000E+00	0.0000E+00	1.1595E+00
8.1600E+02	0.0000E+00	0.0000E+00	1.1600E+00
8.1700E+02	0.0000E+00	0.0000E+00	1.1556E+00
8.1800E+02	0.0000E+00	0.0000E+00	1.1570E+00
8.1900E+02	0.0000E+00	0.0000E+00	1.1551E+00
8.2000E+02	0.0000E+00	0.0000E+00	1.1538E+00
8.2100E+02	0.0000E+00	0.0000E+00	1.1492E+00
8.2200E+02	0.0000E+00	0.0000E+00	1.1467E+00
8.2300E+02	0.0000E+00	0.0000E+00	1.1502E+00
8.2400E+02	0.0000E+00	0.0000E+00	1.1501E+00
8.2500E+02	0.0000E+00	0.0000E+00	1.1525E+00
8.2600E+02	0.0000E+00	0.0000E+00	1.1452E+00
8.2700E+02	0.0000E+00	0.0000E+00	1.1498E+00
8.2800E+02	0.0000E+00	0.0000E+00	1.1483E+00
8.2900E+02	0.0000E+00	0.0000E+00	1.1420E+00
8.3000E+02	0.0000E+00	0.0000E+00	1.1460E+00
8.3100E+02	0.0000E+00	0.0000E+00	1.1411E+00
8.3200E+02	0.0000E+00	0.0000E+00	1.1446E+00
8.3300E+02	0.0000E+00	0.0000E+00	1.1520E+00
8.3400E+02	0.0000E+00	0.0000E+00	1.1537E+00
8.3500E+02	0.0000E+00	0.0000E+00	1.1617E+00
8.3600E+02	0.0000E+00	0.0000E+00	1.1698E+00
8.3700E+02	0.0000E+00	0.0000E+00	1.1621E+00
8.3800E+02	0.0000E+00	0.0000E+00	1.1565E+00
8.3900E+02	0.0000E+00	0.0000E+00	1.1575E+00
8.4000E+02	0.0000E+00	0.0000E+00	1.1520E+00
8.4100E+02	0.0000E+00	0.0000E+00	1.1486E+00
8.4200E+02	0.0000E+00	0.0000E+00	1.1423E+00
8.4300E+02	0.0000E+00	0.0000E+00	1.1435E+00
8.4400E+02	0.0000E+00	0.0000E+00	1.1424E+00
8.4500E+02	0.0000E+00	0.0000E+00	1.1357E+00
8.4600E+02	0.0000E+00	0.0000E+00	1.1308E+00
8.4700E+02	0.0000E+00	0.0000E+00	1.1332E+00
8.4800E+02	0.0000E+00	0.0000E+00	1.1349E+00
8.4900E+02	0.0000E+00	0.0000E+00	1.1302E+00
8.5000E+02	0.0000E+00	0.0000E+00	1.1307E+00
8.5100E+02	0.0000E+00	0.0000E+00	1.1321E+00
8.5200E+02	0.0000E+00	0.0000E+00	1.1329E+00
8.5300E+02	0.0000E+00	0.0000E+00	1.1324E+00
8.5400E+02	0.0000E+00	0.0000E+00	1.1338E+00
8.5500E+02	0.0000E+00	0.0000E+00	1.1286E+00
8.5600E+02	0.0000E+00	0.0000E+00	1.1309E+00
8.5700E+02	0.0000E+00	0.0000E+00	1.1342E+00
8.5800E+02	0.0000E+00	0.0000E+00	1.1352E+00
8.5900E+02	0.0000E+00	0.0000E+00	1.1460E+00
8.6000E+02	0.0000E+00	0.0000E+00	1.1466E+00
8.6100E+02	0.0000E+00	0.0000E+00	1.1477E+00
8.6200E+02	0.0000E+00	0.0000E+00	1.1502E+00
8.6300E+02	0.0000E+00	0.0000E+00	1.1539E+00
8.6400E+02	0.0000E+00	0.0000E+00	1.1557E+00
8.6500E+02	0.0000E+00	0.0000E+00	1.1536E+00
8.6600E+02	0.0000E+00	0.0000E+00	1.1539E+00
8.6700E+02	0.0000E+00	0.0000E+00	1.1464E+00
8.6800E+02	0.0000E+00	0.0000E+00	1.1517E+00
8.6900E+02	0.0000E+00	0.0000E+00	1.1465E+00
8.7000E+02	0.0000E+00	0.0000E+00	1.1413E+00
8.7100E+02	0.0000E+00	0.0000E+00	1.1373E+00
8.7200E+02	0.0000E+00	0.0000E+00	1.1371E+00
8.7300E+02	0.0000E+00	0.0000E+00	1.1355E+00
8.7400E+02	0.0000E+00	0.0000E+00	1.1402E+00
8.7500E+02	0.0000E+00	0.0000E+00	1.1404E+00
8.7600E+02	0.0000E+00	0.0000E+00	1.1384E+00
8.7700E+02	0.0000E+00	0.0000E+00	1.1407E+00
8.7800E+02	0.0000E+00	0.0000E+00	1.1349E+00
8.7900E+02	0.0000E+00	0.0000E+00	1.1371E+00
8.8000E+02	0.0000E+00	0.0000E+00	1.1375E+00
8.8100E+02	0.0000E+00	0.0000E+00	1.1434E+00
8.8200E+02	0.0000E+00	0.0000E+00	1.1507E+00
8.8300E+02	0.0000E+00	0.0000E+00	1.1604E+00
8.8400E+02	0.0000E+00	0.0000E+00	1.1652E+00
8.8500E+02	0.0000E+00	0.0000E+00	1.1712E+00
8.8600E+02	0.0000E+00	0.0000E+00	1.1780E+00
8.8700E+02	0.0000E+00	0.0000E+00	1.1829E+00
8.8800E+02	0.0000E+00	0.0000E+00	1.1873E+00
8.8900E+02	0.0000E+00	0.0000E+00	1.1864E+00
8.9000E+02	0.0000E+00	0.0000E+00	1.1876E+00
8.9100E+02	0.0000E+00	0.0000E+00	1.1813E+00
8.9200E+02	0.0000E+00	0.0000E+00	1.1814E+00
8.9300E+02	0.0000E+00	0.0000E+00	1.1844E+00
8.9400E+02	0.0000E+00	0.0000E+00	1.1791E+00
8.9500E+02	0.0000E+00	0.0000E+00	1.1779E+00
8.9600E+02	0.0000E+00	0.0000E+00	1.1721E+00
8.9700E+02	0.0000E+00	0.0000E+00	1.1714E+00
8.9800E+02	0.0000E+00	0.0000E+00	1.1726E+00
8.9900E+02	0.0000E+00	0.0000E+00	1.1771E+00
9.0000E+02	0.0000E+00	0.0000E+00	1.1120E+00
9.0100E+02	0.0000E+00	0.0000E+00	1.1146E+00
9.0200E+02	0.0000E+00	0.0000E+00	1.1157E+00
9.0300E+02	0.0000E+00	0.0000E+00	1.1143E+00
9.0400E+02	0.0000E+00	0.0000E+00	1.1177E+00
9.0500E+02	0.0000E+00	0.0000E+00	1.1235E+00
9.0600E+02	0.0000E+00	0.0000E+00	1.1285E+00
9.0700E+02	0.0000E+00	0.0000E+00	1.1288E+00
9.0800E+02	0.0000E+00	0.0000E+00	1.1346E+00
9.0900E+02	0.0000E+00	0.0000E+00	1.1360E+00
9.1000E+02	0.0000E+00	0.0000E+00	1.1454E+00
9.1100E+02	0.0000E+00	0.0000E+00	1.1439E+00
9.1200E+02	0.0000E+00	0.0000E+00	1.1387E+00
9.1300E+02	0.0000E+00	0.0000E+00	1.1436E+00
9.1400E+02	0.0000E+00	0.0000E+00	1.1386E+00
9.1500E+02	0.0000E+00	0.0000E+00	1.1374E+00
9.1600E+02	0.0000E+00	0.0000E+00	1.1359E+00
9.1700E+02	0.0000E+00	0.0000E+00	1.1316E+00
9.1800E+02	0.0000E+00	0.0000E+00	1.1312E+00
9.1900E+02	0.0000E+00	0.0000E+00	1.1316E+00
9.2000E+02	0.0000E+00	0.0000E+00	1.1333E+00
9.2100E+02	0.0000E+00	0.0000E+00	1.1332E+00
9.2200E+02	0.0000E+00	0.0000E+00	1.1311E+00
9.2300E+02	0.0000E+00	0.0000E+00	1.1305E+00
9.2400E+02	0.0000E+00	0.0000E+00	1.1251E+00
9.2500E+02	0.0000E+00	0.0000E+00	1.1232E+00
9.2600E+02	0.0000E+00	0.0000E+00	1.1242E+00
9.2700E+02	0.0000E+00	0.0000E+00	1.1239E+00
9.2800E+02	0.0000E+00	0.0000E+00	1.1199E+00
9.2900E+02	0.0000E+00	0.0000E+00	1.1200E+00
9.3000E+02	0.0000E+00	0.0000E+00	1.1248E+00
9.3100E+02	0.0000E+00	0.0000E+00	1.1259E+00
9.3200E+02	0.0000E+00	0.0000E+00	1.1282E+00
9.3300E+02	0.0000E+00	0.0000E+00	1.1315E+00
9.3400E+02	0.0000E+00	0.0000E+00	1.1306E+00
9.3500E+02	0.0000E+00	0.0000E+00	1.1292E+00
9.3600E+02	0.0000E+00	0.0000E+00	1.1316E+00
9.3700E+02	0.0000E+00	0.0000E+00	1.1311E+00
9.3800E+02	0.0000E+00	0.0000E+00	1.1316E+00
9.3900E+02	0.0000E+00	0.0000E+00	1.1285E+00
9.4000E+02	0.0000E+00	0.0000E+00	1.1301E+00
9.4100E+02	0.0000E+00	0.0000E+00	1.1255E+00
9.4200E+02	0.0000E+00	0.0000E+00	1.1257E+00
9.4300E+02	0.0000E+00	0.0000E+00	1.1196E+00
9.4400E+02	0.0000E+00	0.0000E+00	1.1152E+00
9.4500E+02	0.0000E+00	0.0000E+00	1.1220E+00
9.4600E+02	0.0000E+00	0.0000E+00	1.1220E+00
9.4700E+02	0.0000E+00	0.0000E+00	1.1235E+00
9.4800E+02	0.0000E+00	0.0000E+00	1.1206E+00
9.4900E+02	0.0000E+00	0.0000E+00	1.1192E+00
9.5000E+02	0.0000E+00	0.0000E+00	1.1160E+00
9.5100E+02	0.0000E+00	0.0000E+00	1.1207E+00
9.5200E+02	0.0000E+00	0.0000E+00	1.1141E+00
9.5300E+02	0.0000E+00	0.0000E+00	1.1120E+00
9.5400E+02	0.0000E+00	0.0000E+00	1.1171E+00
9.5500E+02	0.0000E+00	0.0000E+00	1.1174E+00
9.5600E+02	0.0000E+00	0.0000E+00	1.1163E+00
9.5700E+02	0.0000E+00	0.0000E+00	1.1184E+00
9.5800E+02	0.0000E+00	0.0000E+00	1.1177E+00
9.5900E+02	0.0000E+00	0.0000E+00	1.1205E+00
9.6000E+02	0.0000E+00	0.0000E+00	1.1196E+00
9.6100E+02	0.0000E+00	0.0000E+00	1.1199E+00
9.6200E+02	0.0000E+00	0.0000E+00	1.1229E+00
9.6300E+02	0.0000E+00	0.0000E+00	1.1240E+00
9.6400E+02	0.0000E+00	0.0000E+00	1.1208E+00
9.6500E+02	0.0000E+00	0.0000E+00	1.1187E+00
9.6600E+02	0.0000E+00	0.0000E+00	1.1174E+00
9.6700E+02	0.0000E+00	0.0000E+00	1.1194E+00
9.6800E+02	0.0000E+00	0.0000E+00	1.1193E+00
9.6900E+02	0.0000E+00	0.0000E+00	1.1139E+00
9.7000E+02	0.0000E+00	0.0000E+00	1.1149E+00
9.7100E+02	0.0000E+00	0.0000E+00	1.1176E+00
9.7200E+02	0.0000E+00	0.0000E+00	1.1170E+00
9.7300E+02	0.0000E+00	0.0000E+00	1.1186E+00
9.7400E+02	0.0000E+00	0.0000E+00	1.1169E+00
9.7500E+02	0.0000E+00	0.0000E+00	1.1182E+00
9.7600E+02	0.0000E+00	0.0000E+00	1.1137E+00
9.7700E+02	0.0000E+00	0.0000E+00	1.1141E+00
9.7800E+02	0.0000E+00	0.0000E+00	1.1162E+00
9.7900E+02	0.0000E+00	0.0000E+00	1.1251E+00
9.8000E+02	0.0000E+00	0.0000E+00	1.1275E+00
9.8100E+02	0.0000E+00	0.0000E+00	1.1306E+00
9.8200E+02	0.0000E+00	0.0000E+00	1.1367E+00
9.8300E+02	0.0000E+00	0.0000E+00	1.1365E+00
9.8400E+02	0.0000E+00	0.0000E+00	1.1332E+00
9.8500E+02	0.0000E+00	0.0000E+00	1.1301E+00
9.8600E+02	0.0000E+00	0.0000E+00	1.1254E+00
9.8700E+02	0.0000E+00	0.0000E+00	1.1243E+00
9.8800E+02	0.0000E+00	0.0000E+00	1.1195E+00
9.8900E+02	0.0000E+00	0.0000E+00	1.1215E+00
9.9000E+02	0.0000E+00	0.0000E+00	1.1140E+00
9.9100E+02	0.0000E+00	0.0000E+00	1.1132E+00
9.9200E+02	0.0000E+00	0.0000E+00	1.1099E+00
9.9300E+02	0.0000E+00	0.0000E+00	1.1143E+00
9.9400E+02	0.0000E+00	0.0000E+00	1.1154E+00
9.9500E+02	0.0000E+00	0.0000E+00	1.1196E+00
9.9600E+02	0.0000E+00	0.0000E+00	1.1103E+00
9.9700E+02	0.0000E+00	0.0000E+00	1.1085E+00
9.9800E+02	0.0000E+00	0.0000E+00	1.1073E+00
9.9900E+02	0.0000E+00	0.0000E+00	1.1110E+00
1.0000E+03	0.0000E+00	0.0000E+00	1.1091E+00
1.0010E+03	0.0000E+00	0.0000E+00	1.1243E+00
1.0020E+03	0.0000E+00	0.0000E+00	1.1293E+00
1.0030E+03	0.0000E+00	0.0000E+00	1.1424E+00
1.0040E+03	0.0000E+00	0.0000E+00	1.1526E+00
1.0050E+03	0.0000E+00	0.0000E+00	1.1604E+00
1.0060E+03	0.0000E+00	0.0000E+00	1.1723E+00
1.0070E+03	0.0000E+00	0.0000E+00	1.1757E+00
1.0080E+03	0.0000E+00	0.0000E+00	1.1762E+00
1.0090E+03	0.0000E+00	0.0000E+00	1.1802E+00
1.0100E+03	0.0000E+00	0.0000E+00	1.1783E+00
1.0110E+03	0.0000E+00	0.0000E+00	1.1750E+00
1.0120E+03	0.0000E+00	0.0000E+00	1.1709E+00
1.0130E+03	0.0000E+00	0.0000E+00	1.1649E+00
1.0140E+03	0.0000E+00	0.0000E+00	1.1652E+00
1.0150E+03	0.0000E+00	0.0000E+00	1.1611E+00
1.0160E+03	0.0000E+00	0.0000E+00	1.1622E+00
1.0170E+03	0.0000E+00	0.0000E+00	1.1632E+00
1.0180E+03	0.0000E+00	0.0000E+00	1.1603E+00
1.0190E+03	0.0000E+00	0.0000E+00	1.1593E+00
1.0200E+03	0.0000E+00	0.0000E+00	1.1551E+00
1.0210E+03	0.0000E+00	0.0000E+00	1.1576E+00
1.0220E+03	0.0000E+00	0.0000E+00	1.1569E+00
1.0230E+03	0.0000E+00	0.0000E+00	1.1565E+00
1.0240E+03	0.0000E+00	0.0000E+00	1.1571E+00
1.0250E+03	0.0000E+00	0.0000E+00	1.1739E+00
1.0260E+03	0.0000E+00	0.0000E+00	1.1775E+00
1.0270E+03	0.0000E+00	0.0000E+00	1.1829E+00
1.0280E+03	0.0000E+00	0.0000E+00	1.1917E+00
1.0290E+03	0.0000E+00	0.0000E+00	1.1991E+00
1.0300E+03	0.0000E+00	0.0000E+00	1.2094E+00
1.0310E+03	0.0000E+00	0.0000E+00	1.2106E+00
1.0320E+03	0.0000E+00	0.0000E+00	1.2119E+00
1.0330E+03	0.0000E+00	0.0000E+00	1.2128E+00
1.0340E+03	0.0000E+00	0.0000E+00	1.2086E+00
1.0350E+03	0.0000E+00	0.0000E+00	1.2045E+00
1.0360E+03	0.0000E+00	0.0000E+00	1.2040E+00
1.0370E+03	0.0000E+00	0.0000E+00	1.1982E+00
1.0380E+03	0.0000E+00	0.0000E+00	1.1995E+00
1.0390E+03	0.0000E+00	0.0000E+00	1.1959E+00
1.0400E+03	0.0000E+00	0.0000E+00	1.1967E+00
1.0410E+03	0.0000E+00	0.0000E+00	1.1960E+00
1.0420E+03	0.0000E+00	0.0000E+00	1.1939E+00
1.0430E+03	0.0000E+00	0.0000E+00	1.1902E+00
1.0440E+03	0.0000E+00	0.0000E+00	1.1948E+00
1.0450E+03	0.0000E+00	0.0000E+00	1.1865E+00
1.0460E+03	0.0000E+00	0.0000E+00	1.1946E+00
1.0470E+03	0.0000E+00	0.0000E+00	1.2018E+00
1.0480E+03	0.0000E+00	0.0000E+00	1.2027E+00
1.0490E+03	0.0000E+00	0.0000E+00	1.2083E+00
1.0500E+03	0.0000E+00	0.0000E+00	1.2207E+00
1.0510E+03	0.0000E+00	0.0000E+00	1.2429E+00
1.0520E+03	0.0000E+00	0.0000E+00	1.2702E+00
1.0530E+03	0.0000E+00	0.0000E+00	1.2917E+00
1.0540E+03	0.0000E+00	0.0000E+00	1.3028E+00
1.0550E+03	0.0000E+00	0.0000E+00	1.3103E+00
1.0560E+03	0.0000E+00	0.0000E+00	1.3097E+00
1.0570E+03	0.0000E+00	0.0000E+00	1.3096E+00
1.0580E+03	0.0000E+00	0.0000E+00	1.3083E+00
1.0590E+03	0.0000E+00	0.0000E+00	1.3038E+00
1.0600E+03	0.0000E+00	0.0000E+00	1.3064E+00
1.0610E+03	0.0000E+00	0.0000E+00	1.2971E+00
1.0620E+03	0.0000E+00	0.0000E+00	1.3038E+00
1.0630E+03	0.0000E+00	0.0000E+00	1.2939E+00
1.0640E+03	0.0000E+00	0.0000E+00	1.2915E+00
1.0650E+03	0.0000E+00	0.0000E+00	1.2880E+00
1.0660E+03	0.0000E+00	0.0000E+00	1.2954E+00
1.0670E+03	0.0000E+00	0.0000E+00	1.2887E+00
1.0680E+03	0.0000E+00	0.0000E+00	1.2850E+00
1.0690E+03	0.0000E+00	0.0000E+00	1.2848E+00
1.0700E+03	0.0000E+00	0.0000E+00	1.2893E+00
1.0710E+03	0.0000E+00	0.0000E+00	1.2901E+00
1.0720E+03	0.0000E+00	0.0000E+00	1.2876E+00
1.0730E+03	0.0000E+00	0.0000E+00	1.3064E+00
1.0740E+03	0.0000E+00	0.0000E+00	1.3038E+00
1.0750E+03	0.0000E+00	0.0000E+00	1.3114E+00
1.0760E+03	0.0000E+00	0.0000E+00	1.3289E+00
1.0770E+03	0.0000E+00	0.0000E+00	1.3305E+00
1.0780E+03	0.0000E+00	0.0000E+00	1.3385E+00
1.0790E+03	0.0000E+00	0.0000E+00	1.3426E+00
1.0800E+03	0.0000E+00	0.0000E+00	1.3507E+00
1.0810E+03	0.0000E+00	0.0000E+00	1.3494E+00
1.0820E+03	0.0000E+00	0.0000E+00	1.3491E+00
1.0830E+03	0.0000E+00	0.0000E+00	1.3464E+00
1.0840E+03	0.0000E+00	0.0000E+00	1.3465E+00
1.0850E+03	0.0000E+00	0.0000E+00	1.3443E+00
1.0860E+03	0.0000E+00	0.0000E+00	1.3406E+00
1.0870E+03	0.0000E+00	0.0000E+00	1.3390E+00
1.0880E+03	0.0000E+00	0.0000E+00	1.3320E+00
1.0890E+03	0.0000E+00	0.0000E+00	1.3259E+00
1.0900E+03	0.0000E+00	0.0000E+00	1.3307E+00
1.0910E+03	0.0000E+00	0.0000E+00	1.3255E+00
1.0920E+03	0.0000E+00	0.0000E+00	1.3296E+00
1.0930E+03	0.0000E+00	0.0000E+00	1.3227E+00
1.0940E+03	0.0000E+00	0.0000E+00	1.3230E+00
1.0950E+03	0.0000E+00	0.0000E+00	1.3241E+00
1.0960E+03	0.0000E+00	0.0000E+00	1.3266E+00
1.0970E+03	0.0000E+00	0.0000E+00	1.3262E+00
1.0980E+03	0.0000E+00	0.0000E+00	1.3313E+00
1.0990E+03	0.0000E+00	0.0000E+00	1.3462E+00
1.1000E+03	0.0000E+00	0.0000E+00	1.3549E+00
1.1010E+03	0.0000E+00	0.0000E+00	1.3614E+00
1.1020E+03	0.0000E+00	0.0000E+00	1.3715E+00
1.1030E+03	0.0000E+00	0.0000E+00	1.3711E+00
1.1040E+03	0.0000E+00	0.0000E+00	1.3773E+00
1.1050E+03	0.0000E+00	0.0000E+00	1.3684E+00
1.1060E+03	0.0000E+00	0.0000E+00	1.3770E+00
1.1070E+03	0.0000E+00	0.0000E+00	1.3642E+00
1.1080E+03	0.0000E+00	0.0000E+00	1.3670E+00
1.1090E+03	0.0000E+00	0.0000E+00	1.3684E+00
1.1100E+03	0.0000E+00	0.0000E+00	1.3617E+00
1.1110E+03	0.0000E+00	0.0000E+00	1.3530E+00
1.1120E+03	0.0000E+00	0.0000E+00	1.3549E+00
1.1130E+03	0.0000E+00	0.0000E+00	1.3545E+00
1.1140E+03	0.0000E+00	0.0000E+00	1.3474E+00
1.1150E+03	0.0000E+00	0.0000E+00	1.3502E+00
1.1160E+03	0.0000E+00	0.0000E+00	1.3439E+00
1.1170E+03	0.0000E+00	0.0000E+00	1.3477E+00
1.1180E+03	0.0000E+00	0.0000E+00	1.3441E+00
1.1190E+03	0.0000E+00	0.0000E+00	1.3397E+00
1.1200E+03	0.0000E+00	0.0000E+00	1.3469E+00
1.1210E+03	0.0000E+00	0.0000E+00	1.3492E+00
1.1220E+03	0.0000E+00	0.0000E+00	1.3541E+00
1.1230E+03	0.0000E+00	0.0000E+00	1.3661E+00
1.1240E+03	0.0000E+00	0.0000E+00	1.3865E+00
1.1250E+03	0.0000E+00	0.0000E+00	1.3934E+00
1.1260E+03	0.0000E+00	0.0000E+00	1.4048E+00
1.1270E+03	0.0000E+00	0.0000E+00	1.4130E+00
1.1280E+03	0.0000E+00	0.0000E+00	1.4129E+00
1.1290E+03	0.0000E+00	0.0000E+00	1.4126E+00
1.1300E+03	0.0000E+00	0.0000E+00	1.4155E+00
1.1310E+03	0.0000E+00	0.0000E+00	1.4058E+00
1.1320E+03	0.0000E+00	0.0000E+00	1.4069E+00
1.1330E+03	0.0000E+00	0.0000E+00	1.4027E+00
1.1340E+03	0.0000E+00	0.0000E+00	1.4030E+00
1.1350E+03	0.0000E+00	0.0000E+00	1.4003E+00
1.1360E+03	0.0000E+00	0.0000E+00	1.3924E+00
1.1370E+03	0.0000E+00	0.0000E+00	1.3927E+00
1.1380E+03	0.0000E+00	0.0000E+00	1.3891E+00
1.1390E+03	0.0000E+00	0.0000E+00	1.3872E+00
1.1400E+03	0.0000E+00	0.0000E+00	1.3819E+00
1.1410E+03	0.0000E+00	0.0000E+00	1.3771E+00
1.1420E+03	0.0000E+00	0.0000E+00	1.3721E+00
1.1430E+03	0.0000E+00	0.0000E+00	1.3740E+00
1.1440E+03	0.0000E+00	0.0000E+00	1.3785E+00
1.1450E+03	0.0000E+00	0.0000E+00	1.3862E+00
1.1460E+03	0.0000E+00	0.0000E+00	1.4021E+00
1.1470E+03	0.0000E+00	0.0000E+00	1.4327E+00
1.1480E+03	0.0000E+00	0.0000E+00	1.4562E+00
1.1490E+03	0.0000E+00	0.0000E+00	1.4818E+00
1.1500E+03	0.0000E+00	0.0000E+00	1.4937E+00
1.1510E+03	0.0000E+00	0.0000E+00	1.5063E+00
1.1520E+03	0.0000E+00	0.0000E+00	1.5160E+00
1.1530E+03	0.0000E+00	0.0000E+00	1.5146E+00
1.1540E+03	0.0000E+00	0.0000E+00	1.5264E+00
1.1550E+03	0.0000E+00	0.0000E+00	1.5368E+00
1.1560E+03	0.0000E+00	0.0000E+00	1.5352E+00
1.1570E+03	0.0000E+00	0.0000E+00	1.5342E+00
1.1580E+03	0.0000E+00	0.0000E+00	1.5379E+00
1.1590E+03	0.0000E+00	0.0000E+00	1.5292E+00
1.1600E+03	0.0000E+00	0.0000E+00	1.5294E+00
1.1610E+03	0.0000E+00	0.0000E+00	1.5222E+00
1.1620E+03	0.0000E+00	0.0000E+00	1.5202E+00
1.1630E+03	0.0000E+00	0.0000E+00	1.5095E+00
1.1640E+03	0.0000E+00	0.0000E+00	1.5060E+00
1.1650E+03	0.0000E+00	0.0000E+00	1.5048E+00
1.1660E+03	0.0000E+00	0.0000E+00	1.4983E+00
1.1670E+03	0.0000E+00	0.0000E+00	1.4929E+00
1.1680E+03	0.0000E+00	0.0000E+00	1.4925E+00
1.1690E+03	0.0000E+00	0.0000E+00	1.4970E+00
1.1700E+03	0.0000E+00	0.0000E+00	1.5093E+00
1.1710E+03	0.0000E+00	0.0000E+00	1.5253E+00
1.1720E+03	0.0000E+00	0.0000E+00	1.5414E+00
1.1730E+03	0.0000E+00	0.0000E+00	1.5566E+00
1.1740E+03	0.0000E+00	0.0000E+00	1.5779E+00
1.1750E+03	0.0000E+00	0.0000E+00	1.5925E+00
1.1760E+03	0.0000E+00	0.0000E+00	1.6013E+00
1.1770E+03	0.0000E+00	0.0000E+00	1.6090E+00
1.1780E+03	0.0000E+00	0.0000E+00	1.6162E+00
1.1790E+03	0.0000E+00	0.0000E+00	1.6222E+00
1.1800E+03	0.0000E+00	0.0000E+00	1.6262E+00
1.1810E+03	0.0000E+00	0.0000E+00	1.6204E+00
1.1820E+03	0.0000E+00	0.0000E+00	1.6164E+00
1.1830E+03	0.0000E+00	0.0000E+00	1.6145E+00
1.1840E+03	0.0000E+00	0.0000E+00	1.6125E+00
1.1850E+03	0.0000E+00	0.0000E+00	1.6042E+00
1.1860E+03	0.0000E+00	0.0000E+00	1.5965E+00
1.1870E+03	0.0000E+00	0.0000E+00	1.5868E+00
1.1880E+03	0.0000E+00	0.0000E+00	1.5825E+00
1.1890E+03	0.0000E+00	0.0000E+00	1.5694E+00
1.1900E+03	0.0000E+00	0.0000E+00	1.5628E+00
1.1910E+03	0.0000E+00	0.0000E+00	1.5556E+00
1.1920E+03	0.0000E+00	0.0000E+00	1.5533E+00
1.1930E+03	0.0000E+00	0.0000E+00	1.5516E+00
1.1940E+03	0.0000E+00	0.0000E+00	1.5575E+00
1.1950E+03	0.0000E+00	0.0000E+00	1.5641E+00
1.1960E+03	0.0000E+00	0.0000E+00	1.5750E+00
1.1970E+03	0.0000E+00	0.0000E+00	1.5840E+00
1.1980E+03	0.0000E+00	0.0000E+00	1.5905E+00
1.1990E+03	0.0000E+00	0.0000E+00	1.5994E+00
1.2000E+03	0.0000E+00	0.0000E+00	1.6068E+00
1.2010E+03	0.0000E+00	0.0000E+00	1.6145E+00
1.2020E+03	0.0000E+00	0.0000E+00	1.6230E+00
1.2030E+03	0.0000E+00	0.0000E+00	1.6248E+00
1.2040E+03	0.0000E+00	0.0000E+00	1.6289E+00
1.2050E+03	0.0000E+00	0.0000E+00	1.6300E+00
1.2060E+03	0.0000E+00	0.0000E+00	1.6280E+00
1.2070E+03	0.0000E+00	0.0000E+00	1.6180E+00
1.2080E+03	0.0000E+00	0.0000E+00	1.6148E+00
1.2090E+03	0.0000E+00	0.0000E+00	1.6094E+00
1.2100E+03	0.0000E+00	0.0000E+00	1.6061E+00
1.2110E+03	0.0000E+00	0.0000E+00	1.5910E+00
1.2120E+03	0.0000E+00	0.0000E+00	1.5892E+00
1.2130E+03	0.0000E+00	0.0000E+00	1.5779E+00
1.2140E+03	0.0000E+00	0.0000E+00	1.5696E+00
1.2150E+03	0.0000E+00	0.0000E+00	1.5600E+00
1.2160E+03	0.0000E+00	0.0000E+00	1.5614E+00
1.2170E+03	0.0000E+00	0.0000E+00	1.5634E+00
1.2180E+03	0.0000E+00	0.0000E+00	1.5664E+00
1.2190E+03	0.0000E+00	0.0000E+00	1.5766E+00
1.2200E+03	0.0000E+00	0.0000E+00	1.5953E+00
1.2210E+03	0.0000E+00	0.0000E+00	1.6123E+00
1.2220E+03	0.0000E+00	0.0000E+00	1.6256E+00
1.2230E+03	0.0000E+00	0.0000E+00	1.6383E+00
1.2240E+03	0.0000E+00	0.0000E+00	1.6591E+00
1.2250E+03	0.0000E+00	0.0000E+00	1.6742E+00
1.2260E+03	0.0000E+00	0.0000E+00	1.6787E+00
1.2270E+03	0.0000E+00	0.0000E+00	1.6909E+00
1.2280E+03	0.0000E+00	0.0000E+00	1.6932E+00
1.2290E+03	0.0000E+00	0.0000E+00	1.6928E+00
1.2300E+03	0.0000E+00	0.0000E+00	1.6854E+00
1.2310E+03	0.0000E+00	0.0000E+00	1.6783E+00
1.2320E+03	0.0000E+00	0.0000E+00	1.6691E+00
1.2330E+03	0.0000E+00	0.0000E+00	1.6623E+00
1.2340E+03	0.0000E+00	0.0000E+00	1.6504E+00
1.2350E+03	0.0000E+00	0.0000E+00	1.6439E+00
1.2360E+03	0.0000E+00	0.0000E+00	1.6317E+00
1.2370E+03	0.0000E+00	0.0000E+00	1.6222E+00
1.2380E+03	0.0000E+00	0.0000E+00	1.6132E+00
1.2390E+03	0.0000E+00	0.0000E+00	1.6007E+00
1.2400E+03	0.0000E+00	0.0000E+00	1.5932E+00
1.2410E+03	0.0000E+00	0.0000E+00	1.5874E+00
1.2420E+03	0.0000E+00	0.0000E+00	1.5868E+00
1.2430E+03	0.0000E+00	0.0000E+00	1.5863E+00
1.2440E+03	0.0000E+00	0.0000E+00	1.5892E+00
1.2450E+03	0.0000E+00	0.0000E+00	1.5947E+00
1.2460E+03	0.0000E+00	0.0000E+00	1.6073E+00
1.2470E+03	0.0000E+00	0.0000E+00	1.6136E+00
1.2480E+03	0.0000E+00	0.0000E+00	1.6181E+00
1.2490E+03	0.0000E+00	0.0000E+00	1.6248E+00
1.2500E+03	0.0000E+00	0.0000E+00	1.6244E+00
1.2510E+03	0.0000E+00	0.0000E+00	1.6274E+00
1.2520E+03	0.0000E+00	0.0000E+00	1.6259E+00
1.2530E+03	0.0000E+00	0.0000E+00	1.6192E+00
1.2540E+03	0.0000E+00	0.0000E+00	1.6160E+00
1.2550E+03	0.0000E+00	0.0000E+00	1.6095E+00
1.2560E+03	0.0000E+00	0.0000E+00	1.6051E+00
1.2570E+03	0.0000E+00	0.0000E+00	1.5985E+00
1.2580E+03	0.0000E+00	0.0000E+00	1.5917E+00
1.2590E+03	0.0000E+00	0.0000E+00	1.5778E+00
1.2600E+03	0.0000E+00	0.0000E+00	1.5738E+00
1.2610E+03	0.0000E+00	0.0000E+00	1.5691E+00
1.2620E+03	0.0000E+00	0.0000E+00	1.5557E+00
1.2630E+03	0.0000E+00	0.0000E+00	1.5497E+00
1.2640E+03	0.0000E+00	0.0000E+00	1.5442E+00
1.2650E+03	0.0000E+00	0.0000E+00	1.5373E+00
1.2660E+03	0.0000E+00	0.0000E+00	1.5434E+00
1.2670E+03	0.0000E+00	0.0000E+00	1.5466E+00
1.2680E+03	0.0000E+00	0.0000E+00	1.5529E+00
1.2690E+03	0.0000E+00	0.0000E+00	1.5633E+00
1.2700E+03	0.0000E+00	0.0000E+00	1.5713E+00
1.2710E+03	0.0000E+00	0.0000E+00	1.5785E+00
1.2720E+03	0.0000E+00	0.0000E+00	1.5848E+00
1.2730E+03	0.0000E+00	0.0000E+00	1.5950E+00
1.2740E+03	0.0000E+00	0.0000E+00	1.5956E+00
1.2750E+03	0.0000E+00	0.0000E+00	1.6009E+00
1.2760E+03	0.0000E+00	0.0000E+00	1.6024E+00
1.2770E+03	0.0000E+00	0.0000E+00	1.6001E+00
1.2780E+03	0.0000E+00	0.0000E+00	1.5932E+00
1.2790E+03	0.0000E+00	0.0000E+00	1.5870E+00
1.2800E+03	0.0000E+00	0.0000E+00	1.5836E+00
1.2810E+03	0.0000E+00	0.0000E+00	1.5762E+00
1.2820E+03	0.0000E+00	0.0000E+00	1.5720E+00
1.2830E+03	0.0000E+00	0.0000E+00	1.5656E+00
1.2840E+03	0.0000E+00	0.0000E+00	1.5584E+00
1.2850E+03	0.0000E+00	0.0000E+00	1.5414E+00
1.2860E+03	0.0000E+00	0.0000E+00	1.5378E+00
1.2870E+03	0.0000E+00	0.0000E+00	1.5255E+00
1.2880E+03	0.0000E+00	0.0000E+00	1.5201E+00
1.2890E+03	0.0000E+00	0.0000E+00	1.5109E+00
1.2900E+03	0.0000E+00	0.0000E+00	1.5146E+00
1.2910E+03	0.0000E+00	0.0000E+00	1.5223E+00
1.2920E+03	0.0000E+00	0.0000E+00	1.5268E+00
1.2930E+03	0.0000E+00	0.0000E+00	1.5367E+00
1.2940E+03	0.0000E+00	0.0000E+00	1.5468E+00
1.2950E+03	0.0000E+00	0.0000E+00	1.5571E+00
1.2960E+03	0.0000E+00	0.0000E+00	1.5646E+00
1.2970E+03	0.0000E+00	0.0000E+00	1.5673E+00
1.2980E+03	0.0000E+00	0.0000E+00	1.5700E+00
1.2990E+03	0.0000E+00	0.0000E+00	1.5765E+00
1.3000E+03	0.0000E+00	0.0000E+00	1.5767E+00
1.3010E+03	0.0000E+00	0.0000E+00	1.5698E+00
1.3020E+03	0.0000E+00	0.0000E+00	1.5721E+00
1.3030E+03	0.0000E+00	0.0000E+00	1.5643E+00
1.3040E+03	0.0000E+00	0.0000E+00	1.5638E+00
1.3050E+03	0.0000E+00	0.0000E+00	1.5574E+00
1.3060E+03	0.0000E+00	0.0000E+00	1.5503E+00
1.3070E+03	0.0000E+00	0.0000E+00	1.5447E+00
1.3080E+03	0.0000E+00	0.0000E+00	1.5368E+00
1.3090E+03	0.0000E+00	0.0000E+00	1.5264E+00
1.3100E+03	0.0000E+00	0.0000E+00	1.5188E+00
1.3110E+03	0.0000E+00	0.0000E+00	1.5117E+00
1.3120E+03	0.0000E+00	0.0000E+00	1.5060E+00
1.3130E+03	0.0000E+00	0.0000E+00	1.5040E+00
1.3140E+03	0.0000E+00	0.0000E+00	1.5096E+00
1.3150E+03	0.0000E+00	0.0000E+00	1.5177E+00
1.3160E+03	0.0000E+00	0.0000E+00	1.5343E+00
1.3170E+03	0.0000E+00	0.0000E+00	1.5467E+00
1.3180E+03	0.0000E+00	0.0000E+00	1.5601E+00
1.3190E+03	0.0000E+00	0.0000E+00	1.5771E+00
1.3200E+03	0.0000E+00	0.0000E+00	1.5879E+00
1.3210E+03	0.0000E+00	0.0000E+00	1.6000E+00
1.3220E+03	0.0000E+00	0.0000E+00	1.6127E+00
1.3230E+03	0.0000E+00	0.0000E+00	1.6231E+00
1.3240E+03	0.0000E+00	0.0000E+00	1.6308E+00
1.3250E+03	0.0000E+00	0.0000E+00	1.6335E+00
1.3260E+03	0.0000E+00	0.0000E+00	1.6383E+00
1.3270E+03	0.0000E+00	0.0000E+00	1.6328E+00
1.3280E+03	0.0000E+00	0.0000E+00	1.6326E+00
1.3290E+03	0.0000E+00	0.0000E+00	1.6308E+00
1.3300E+03	0.0000E+00	0.0000E+00	1.6189E+00
1.3310E+03	0.0000E+00	0.0000E+00	1.6132E+00
1.3320E+03	0.0000E+00	0.0000E+00	1.6046E+00
1.3330E+03	0.0000E+00	0.0000E+00	1.5979E+00
1.3340E+03	0.0000E+00	0.0000E+00	1.5839E+00
1.3350E+03	0.0000E+00	0.0000E+00	1.5780E+00
1.3360E+03	0.0000E+00	0.0000E+00	1.5721E+00
1.3370E+03	0.0000E+00	0.0000E+00	1.5684E+00
1.3380E+03	0.0000E+00	0.0000E+00	1.5658E+00
1.3390E+03	0.0000E+00	0.0000E+00	1.5707E+00
1.3400E+03	0.0000E+00	0.0000E+00	1.5774E+00
1.3410E+03	0.0000E+00	0.0000E+00	1.5889E+00
1.3420E+03	0.0000E+00	0.0000E+00	1.6025E+00
1.3430E+03	0.0000E+00	0.0000E+00	1.6231E+00
1.3440E+03	0.0000E+00	0.0000E+00	1.6402E+00
1.3450E+03	0.0000E+00	0.0000E+00	1.6533E+00
1.3460E+03	0.0000E+00	0.0000E+00	1.6737E+00
1.3470E+03	0.0000E+00	0.0000E+00	1.6839E+00
1.3480E+03	0.0000E+00	0.0000E+00	1.6992E+00
1.3490E+03	0.0000E+00	0.0000E+00	1.7053E+00
1.3500E+03	0.0000E+00	0.0000E+00	1.7085E+00
1.3510E+03	0.0000E+00	0.0000E+00	1.7093E+00
1.3520E+03	0.0000E+00	0.0000E+00	1.7100E+00
1.3530E+03	0.0000E+00	0.0000E+00	1.7113E+00
1.3540E+03	0.0000E+00	0.0000E+00	1.7008E+00
1.3550E+03	0.0000E+00	0.0000E+00	1.6964E+00
1.3560E+03	0.0000E+00	0.0000E+00	1.6895E+00
1.3570E+03	0.0000E+00	0.0000E+00	1.6767E+00
1.3580E+03	0.0000E+00	0.0000E+00	1.6683E+00
1.3590E+03	0.0000E+00	0.0000E+00	1.6603E+00
1.3600E+03	0.0000E+00	0.0000E+00	1.6445E+00
1.3610E+03	0.0000E+00	0.0000E+00	1.6373E+00
1.3620E+03	0.0000E+00	0.0000E+00	1.6352E+00
1.3630E+03	0.0000E+00	0.0000E+00	1.6289E+00
1.3640E+03	0.0000E+00	0.0000E+00	1.6317E+00
1.3650E+03	0.0000E+00	0.0000E+00	1.6418E+00
1.3660E+03	0.0000E+00	0.0000E+00	1.6516E+00
1.3670E+03	0.0000E+00	0.0000E+00	1.6731E+00
1.3680E+03	0.0000E+00	0.0000E+00	1.6878E+00
1.3690E+03	0.0000E+00	0.0000E+00	1.7058E+00
1.3700E+03	0.0000E+00	0.0000E+00	1.7195E+00
1.3710E+03	0.0000E+00	0.0000E+00	1.7287E+00
1.3720E+03	0.0000E+00	0.0000E+00	1.7291E+00
1.3730E+03	0.0000E+00	0.0000E+00	1.7299E+00
1.3740E+03	0.0000E+00	0.0000E+00	1.7233E+00
1.3750E+03	0.0000E+00	0.0000E+00	1.7152E+00
1.3760E+03	0.0000E+00	0.0000E+00	1.7068E+00
1.3770E+03	0.0000E+00	0.0000E+00	1.6980E+00
1.3780E+03	0.0000E+00	0.0000E+00	1.6857E+00
1.3790E+03	0.0000E+00	0.0000E+00	1.6834E+00
1.3800E+03	0.0000E+00	0.0000E+00	1.6713E+00
1.3810E+03	0.0000E+00	0.0000E+00	1.6577E+00
1.3820E+03	0.0000E+00	0.0000E+00	1.6506E+00
1.3830E+03	0.0000E+00	0.0000E+00	1.6375E+00
1.3840E+03	0.0000E+00	0.0000E+00	1.6265E+00
1.3850E+03	0.0000E+00	0.0000E+00	1.6173E+00
1.3860E+03	0.0000E+00	0.0000E+00	1.6094E+00
1.3870E+03	0.0000E+00	0.0000E+00	1.6041E+00
1.3880E+03	0.0000E+00	0.0000E+00	1.6038E+00
1.3890E+03	0.0000E+00	0.0000E+00	1.6023E+00
1.3900E+03	0.0000E+00	0.0000E+00	1.6139E+00
1.3910E+03	0.0000E+00	0.0000E+00	1.6240E+00
1.3920E+03	0.0000E+00	0.0000E+00	1.6305E+00
1.3930E+03	0.0000E+00	0.0000E+00	1.6443E+00
1.3940E+03	0.0000E+00	0.0000E+00	1.6502E+00
1.3950E+03	0.0000E+00	0.0000E+00	1.6530E+00
1.3960E+03	0.0000E+00	0.0000E+00	1.6595E+00
1.3970E+03	0.0000E+00	0.0000E+00	1.6512E+00
1.3980E+03	0.0000E+00	0.0000E+00	1.6489E+00
1.3990E+03	0.0000E+00	0.0000E+00	1.6458E+00
1.4000E+03	0.0000E+00	0.0000E+00	1.6394E+00
1.4010E+03	0.0000E+00	0.0000E+00	1.6340E+00
1.4020E+03	0.0000E+00	0.0000E+00	1.6263E+00
1.4030E+03	0.0000E+00	0.0000E+00	1.6211E+00
1.4040E+03	0.0000E+00	0.0000E+00	1.6129E+00
1.4050E+03	0.0000E+00	0.0000E+00	1.6060E+00
1.4060E+03	0.0000E+00	0.0000E+00	1.5926E+00
1.4070E+03	0.0000E+00	0.0000E+00	1.5800E+00
1.4080E+03	0.0000E+00	0.0000E+00	1.5739E+00
1.4090E+03	0.0000E+00	0.0000E+00	1.5658E+00
1.4100E+03	0.0000E+00	0.0000E+00	1.5652E+00
1.4110E+03	0.0000E+00	0.0000E+00	1.5618E+00
1.4120E+03	0.0000E+00	0.0000E+00	1.5693E+00
1.4130E+03	0.0000E+00	0.0000E+00	1.5748E+00
1.4140E+03	0.0000E+00	0.0000E+00	1.5830E+00
1.4150E+03	0.0000E+00	0.0000E+00	1.5981E+00
1.4160E+03	0.0000E+00	0.0000E+00	1.6049E+00
1.4170E+03	0.0000E+00	0.0000E+00	1.6182E+00
1.4180E+03	0.0000E+00	0.0000E+00	1.6264E+00
1.4190E+03	0.0000E+00	0.0000E+00	1.6352E+00
1.4200E+03	0.0000E+00	0.0000E+00	1.6390E+00
1.4210E+03	0.0000E+00	0.0000E+00	1.6397E+00
1.4220E+03	0.0000E+00	0.0000E+00	1.6368E+00
1.4230E+03	0.0000E+00	0.0000E+00	1.6337E+00
1.4240E+03	0.0000E+00	0.0000E+00	1.6300E+00
1.4250E+03	0.0000E+00	0.0000E+00	1.6275E+00
1.4260E+03	0.0000E+00	0.0000E+00	1.6212E+00
1.4270E+03	0.0000E+00	0.0000E+00	1.6103E+00
1.4280E+03	0.0000E+00	0.0000E+00	1.6025E+00
1.4290E+03	0.0000E+00	0.0000E+00	1.5957E+00
1.4300E+03	0.0000E+00	0.0000E+00	1.5852E+00
1.4310E+03	0.0000E+00	0.0000E+00	1.5811E+00
1.4320E+03	0.0000E+00	0.0000E+00	1.5736E+00
1.4330E+03	0.0000E+00	0.0000E+00	1.5655E+00
1.4340E+03	0.0000E+00	0.0000E+00	1.5627E+00
1.4350E+03	0.0000E+00	0.0000E+00	1.5580E+00
1.4360E+03	0.0000E+00	0.0000E+00	1.5610E+00
1.4370E+03	0.0000E+00	0.0000E+00	1.5651E+00
1.4380E+03	0.0000E+00	0.0000E+00	1.5732E+00
1.4390E+03	0.0000E+00	0.0000E+00	1.5812E+00
1.4400E+03	0.0000E+00	0.0000E+00	1.5927E+00
1.4410E+03	0.0000E+00	0.0000E+00	1.5879E+00
1.4420E+03	0.0000E+00	0.0000E+00	1.5910E+00
1.4430E+03	0.0000E+00	0.0000E+00	1.5893E+00
1.4440E+03	0.0000E+00	0.0000E+00	1.5874E+00
1.4450E+03	0.0000E+00	0.0000E+00	1.5893E+00
1.4460E+03	0.0000E+00	0.0000E+00	1.5803E+00
1.4470E+03	0.0000E+00	0.0000E+00	1.5782E+00
1.4480E+03	0.0000E+00	0.0000E+00	1.5694E+00
1.4490E+03	0.0000E+00	0.0000E+00	1.5659E+00
1.4500E+03	0.0000E+00	0.0000E+00	1.5619E+00
1.4510E+03	0.0000E+00	0.0000E+00	1.5567E+00
1.4520E+03	0.0000E+00	0.0000E+00	1.5472E+00
1.4530E+03	0.0000E+00	0.0000E+00	1.5406E+00
1.4540E+03	0.0000E+00	0.0000E+00	1.5391E+00
1.4550E+03	0.0000E+00	0.0000E+00	1.5310E+00
1.4560E+03	0.0000E+00	0.0000E+00	1.5317E+00
1.4570E+03	0.0000E+00	0.0000E+00	1.5261E+00
1.4580E+03	0.0000E+00	0.0000E+00	1.5258E+00
1.4590E+03	0.0000E+00	0.0000E+00	1.5258E+00
1.4600E+03	0.0000E+00	0.0000E+00	1.5348E+00
1.4610E+03	0.0000E+00	0.0000E+00	1.5348E+00
1.4620E+03	0.0000E+00	0.0000E+00	1.5369E+00
1.4630E+03	0.0000E+00	0.0000E+00	1.5409E+00
1.4640E+03	0.0000E+00	0.0000E+00	1.5435E+00
1.4650E+03	0.0000E+00	0.0000E+00	1.5465E+00
1.4660E+03	0.0000E+00	0.0000E+00	1.5453E+00
1.4670E+03	0.0000E+00	0.0000E+00	1.5486E+00
1.4680E+03	0.0000E+00	0.0000E+00	1.5500E+00
1.4690E+03	0.0000E+00	0.0000E+00	1.5563E+00
1.4700E+03	0.0000E+00	0.0000E+00	1.5502E+00
1.4710E+03	0.0000E+00	0.0000E+00	1.5474E+00
1.4720E+03	0.0000E+00	0.0000E+00	1.5442E+00
1.4730E+03	0.0000E+00	0.0000E+00	1.5417E+00
1.4740E+03	0.0000E+00	0.0000E+00	1.5373E+00
1.4750E+03	0.0000E+00	0.0000E+00	1.5279E+00
1.4760E+03	0.0000E+00	0.0000E+00	1.5219E+00
1.4770E+03	0.0000E+00	0.0000E+00	1.5154E+00
1.4780E+03	0.0000E+00	0.0000E+00	1.5009E+00
1.4790E+03	0.0000E+00	0.0000E+00	1.4975E+00
1.4800E+03	0.0000E+00	0.0000E+00	1.4992E+00
1.4810E+03	0.0000E+00	0.0000E+00	1.4926E+00
1.4820E+03	0.0000E+00	0.0000E+00	1.4864E+00
1.4830E+03	0.0000E+00	0.0000E+00	1.4932E+00
1.4840E+03	0.0000E+00	0.0000E+00	1.5086E+00
1.4850E+03	0.0000E+00	0.0000E+00	1.5158E+00
1.4860E+03	0.0000E+00	0.0000E+00	1.5316E+00
1.4870E+03	0.0000E+00	0.0000E+00	1.5389E+00
1.4880E+03	0.0000E+00	0.0000E+00	1.5575E+00
1.4890E+03	0.0000E+00	0.0000E+00	1.5664E+00
1.4900E+03	0.0000E+00	0.0000E+00	1.5735E+00
1.4910E+03	0.0000E+00	0.0000E+00	1.5807E+00
1.4920E+03	0.0000E+00	0.0000E+00	1.5887E+00
1.4930E+03	0.0000E+00	0.0000E+00	1.5842E+00
1.4940E+03	0.0000E+00	0.0000E+00	1.5864E+00
1.4950E+03	0.0000E+00	0.0000E+00	1.5851E+00
1.4960E+03	0.0000E+00	0.0000E+00	1.5756E+00
1.4970E+03	0.0000E+00	0.0000E+00	1.5729E+00
1.4980E+03	0.0000E+00	0.0000E+00	1.5692E+00
1.4990E+03	0.0000E+00	0.0000E+00	1.5582E+00
1.5000E+03	0.0000E+00	0.0000E+00	1.5533E+00
1.5010E+03	0.0000E+00	0.0000E+00	1.5380E+00
1.5020E+03	0.0000E+00	0.0000E+00	1.5320E+00
1.5030E+03	0.0000E+00	0.0000E+00	1.5226E+00
1.5040E+03	0.0000E+00	0.0000E+00	1.5218E+00
1.5050E+03	0.0000E+00	0.0000E+00	1.5146E+00
1.5060E+03	0.0000E+00	0.0000E+00	1.5130E+00
1.5070E+03	0.0000E+00	0.0000E+00	1.5217E+00
1.5080E+03	0.0000E+00	0.0000E+00	1.5280E+00
1.5090E+03	0.0000E+00	0.0000E+00	1.5389E+00
1.5100E+03	0.0000E+00	0.0000E+00	1.5501E+00
1.5110E+03	0.0000E+00	0.0000E+00	1.5596E+00
1.5120E+03	0.0000E+00	0.0000E+00	1.5756E+00
1.5130E+03	0.0000E+00	0.0000E+00	1.5865E+00
1.5140E+03	0.0000E+00	0.0000E+00	1.5963E+00
1.5150E+03	0.0000E+00	0.0000E+00	1.5985E+00
1.5160E+03	0.0000E+00	0.0000E+00	1.6083E+00
1.5170E+03	0.0000E+00	0.0000E+00	1.6027E+00
1.5180E+03	0.0000E+00	0.0000E+00	1.5953E+00
1.5190E+03	0.0000E+00	0.0000E+00	1.5978E+00
1.5200E+03	0.0000E+00	0.0000E+00	1.5946E+00
1.5210E+03	0.0000E+00	0.0000E+00	1.5823E+00
1.5220E+03	0.0000E+00	0.0000E+00	1.5740E+00
1.5230E+03	0.0000E+00	0.0000E+00	1.5696E+00
1.5240E+03	0.0000E+00	0.0000E+00	1.5571E+00
1.5250E+03	0.0000E+00	0.0000E+00	1.5450E+00
1.5260E+03	0.0000E+00	0.0000E+00	1.5397E+00
1.5270E+03	0.0000E+00	0.0000E+00	1.5304E+00
1.5280E+03	0.0000E+00	0.0000E+00	1.5206E+00
1.5290E+03	0.0000E+00	0.0000E+00	1.5146E+00
1.5300E+03	0.0000E+00	0.0000E+00	1.5049E+00
1.5310E+03	0.0000E+00	0.0000E+00	1.5081E+00
1.5320E+03	0.0000E+00	0.0000E+00	1.5049E+00
1.5330E+03	0.0000E+00	0.0000E+00	1.5121E+00
1.5340E+03	0.0000E+00	0.0000E+00	1.5222E+00
1.5350E+03	0.0000E+00	0.0000E+00	1.5283E+00
1.5360E+03	0.0000E+00	0.0000E+00	1.5396E+00
1.5370E+03	0.0000E+00	0.0000E+00	1.5488E+00
1.5380E+03	0.0000E+00	0.0000E+00	1.5552E+00
1.5390E+03	0.0000E+00	0.0000E+00	1.5578E+00
1.5400E+03	0.0000E+00	0.0000E+00	1.5644E+00
1.5410E+03	0.0000E+00	0.0000E+00	1.5673E+00
1.5420E+03	0.0000E+00	0.0000E+00	1.5630E+00
1.5430E+03	0.0000E+00	0.0000E+00	1.5593E+00
1.5440E+03	0.0000E+00	0.0000E+00	1.5509E+00
1.5450E+03	0.0000E+00	0.0000E+00	1.5521E+00
1.5460E+03	0.0000E+00	0.0000E+00	1.5474E+00
1.5470E+03	0.0000E+00	0.0000E+00	1.5408E+00
1.5480E+03	0.0000E+00	0.0000E+00	1.5297E+00
1.5490E+03	0.0000E+00	0.0000E+00	1.5216E+00
1.5500E+03	0.0000E+00	0.0000E+00	1.5137E+00
1.5510E+03	0.0000E+00	0.0000E+00	1.5085E+00
1.5520E+03	0.0000E+00	0.0000E+00	1.5086E+00
1.5530E+03	0.0000E+00	0.0000E+00	1.5058E+00
1.5540E+03	0.0000E+00	0.0000E+00	1.4962E+00
1.5550E+03	0.0000E+00	0.0000E+00	1.5029E+00
1.5560E+03	0.0000E+00	0.0000E+00	1.5039E+00
1.5570E+03	0.0000E+00	0.0000E+00	1.5038E+00
1.5580E+03	0.0000E+00	0.0000E+00	1.5024E+00
1.5590E+03	0.0000E+00	0.0000E+00	1.4950E+00
1.5600E+03	0.0000E+00	0.0000E+00	1.4852E+00
1.5610E+03	0.0000E+00	0.0000E+00	1.4755E+00
1.5620E+03	0.0000E+00	0.0000E+00	1.4678E+00
1.5630E+03	0.0000E+00	0.0000E+00	1.4548E+00
1.5640E+03	0.0000E+00	0.0000E+00	1.4475E+00
1.5650E+03	0.0000E+00	0.0000E+00	1.4338E+00
1.5660E+03	0.0000E+00	0.0000E+00	1.4282E+00
1.5670E+03	0.0000E+00	0.0000E+00	1.4232E+00
1.5680E+03	0.0000E+00	0.0000E+00	1.4111E+00
1.5690E+03	0.0000E+00	0.0000E+00	1.4089E+00
1.5700E+03	0.0000E+00	0.0000E+00	1.4037E+00
1.5710E+03	0.0000E+00	0.0000E+00	1.4030E+00
1.5720E+03	0.0000E+00	0.0000E+00	1.3969E+00
1.5730E+03	0.0000E+00	0.0000E+00	1.3856E+00
1.5740E+03	0.0000E+00	0.0000E+00	1.3844E+00
1.5750E+03	0.0000E+00	0.0000E+00	1.3779E+00
1.5760E+03	0.0000E+00	0.0000E+00	1.3829E+00
1.5770E+03	0.0000E+00	0.0000E+00	1.3725E+00
1.5780E+03	0.0000E+00	0.0000E+00	1.3701E+00
1.5790E+03	0.0000E+00	0.0000E+00	1.3622E+00
1.5800E+03	0.0000E+00	0.0000E+00	1.3568E+00
1.5810E+03	0.0000E+00	0.0000E+00	1.3572E+00
1.5820E+03	0.0000E+00	0.0000E+00	1.3483E+00
1.5830E+03	0.0000E+00	0.0000E+00	1.3460E+00
1.5840E+03	0.0000E+00	0.0000E+00	1.3419E+00
1.5850E+03	0.0000E+00	0.0000E+00	1.3421E+00
1.5860E+03	0.0000E+00	0.0000E+00	1.3401E+00
1.5870E+03	0.0000E+00	0.0000E+00	1.3336E+00
1.5880E+03	0.0000E+00	0.0000E+00	1.3325E+00
1.5890E+03	0.0000E+00	0.0000E+00	1.3232E+00
1.5900E+03	0.0000E+00	0.0000E+00	1.3225E+00
1.5910E+03	0.0000E+00	0.0000E+00	1.3123E+00
1.5920E+03	0.0000E+00	0.0000E+00	1.3152E+00
1.5930E+03	0.0000E+00	0.0000E+00	1.3104E+00
1.5940E+03	0.0000E+00	0.0000E+00	1.3084E+00
1.5950E+03	0.0000E+00	0.0000E+00	1.3066E+00
1.5960E+03	0.0000E+00	0.0000E+00	1.3076E+00
1.5970E+03	0.0000E+00	0.0000E+00	1.3018E+00
1.5980E+03	0.0000E+00	0.0000E+00	1.2985E+00
1.5990E+03	0.0000E+00	0.0000E+00	1.2912E+00
1.6000E+03	0.0000E+00	0.0000E+00	1.2909E+00
1.6010E+03	0.0000E+00	0.0000E+00	1.2803E+00
1.6020E+03	0.0000E+00	0.0000E+00	1.2826E+00
1.6030E+03	0.0000E+00	0.0000E+00	1.2858E+00
1.6040E+03	0.0000E+00	0.0000E+00	1.2909E+00
1.6050E+03	0.0000E+00	0.0000E+00	1.2892E+00
1.6060E+03	0.0000E+00	0.0000E+00	1.3018E+00
1.6070E+03	0.0000E+00	0.0000E+00	1.3088E+00
1.6080E+03	0.0000E+00	0.0000E+00	1.3120E+00
1.6090E+03	0.0000E+00	0.0000E+00	1.3110E+00
1.6100E+03	0.0000E+00	0.0000E+00	1.3116E+00
1.6110E+03	0.0000E+00	0.0000E+00	1.3114E+00
1.6120E+03	0.0000E+00	0.0000E+00	1.3097E+00
1.6130E+03	0.0000E+00	0.0000E+00	1.3122E+00
1.6140E+03	0.0000E+00	0.0000E+00	1.3047E+00
1.6150E+03	0.0000E+00	0.0000E+00	1.3018E+00
1.6160E+03	0.0000E+00	0.0000E+00	1.3006E+00
1.6170E+03	0.0000E+00	0.0000E+00	1.3002E+00
1.6180E+03	0.0000E+00	0.0000E+00	1.2983E+00
1.6190E+03	0.0000E+00	0.0000E+00	1.2952E+00
1.6200E+03	0.0000E+00	0.0000E+00	1.2934E+00
1.6210E+03	0.0000E+00	0.0000E+00	1.2916E+00
1.6220E+03	0.0000E+00	0.0000E+00	1.2868E+00
1.6230E+03	0.0000E+00	0.0000E+00	1.2819E+00
1.6240E+03	0.0000E+00	0.0000E+00	1.2827E+00
1.6250E+03	0.0000E+00	0.0000E+00	1.2789E+00
1.6260E+03	0.0000E+00	0.0000E+00	1.2806E+00
1.6270E+03	0.0000E+00	0.0000E+00	1.2818E+00
1.6280E+03	0.0000E+00	0.0000E+00	1.2837E+00
1.6290E+03	0.0000E+00	0.0000E+00	1.2922E+00
1.6300E+03	0.0000E+00	0.0000E+00	1.3082E+00
1.6310E+03	0.0000E+00	0.0000E+00	1.3206E+00
1.6320E+03	0.0000E+00	0.0000E+00	1.3359E+00
1.6330E+03	0.0000E+00	0.0000E+00	1.3427E+00
1.6340E+03	0.0000E+00	0.0000E+00	1.3473E+00
1.6350E+03	0.0000E+00	0.0000E+00	1.3504E+00
1.6360E+03	0.0000E+00	0.0000E+00	1.3494E+00
1.6370E+03	0.0000E+00	0.0000E+00	1.3493E+00
1.6380E+03	0.0000E+00	0.0000E+00	1.3437E+00
1.6390E+03	0.0000E+00	0.0000E+00	1.3447E+00
1.6400E+03	0.0000E+00	0.0000E+00	1.3398E+00
1.6410E+03	0.0000E+00	0.0000E+00	1.3353E+00
1.6420E+03	0.0000E+00	0.0000E+00	1.3312E+00
1.6430E+03	0.0000E+00	0.0000E+00	1.3301E+00
1.6440E+03	0.0000E+00	0.0000E+00	1.3279E+00
1.6450E+03	0.0000E+00	0.0000E+00	1.3165E+00
1.6460E+03	0.0000E+00	0.0000E+00	1.3187E+00
1.6470E+03	0.0000E+00	0.0000E+00	1.3142E+00
1.6480E+03	0.0000E+00	0.0000E+00	1.3095E+00
1.6490E+03	0.0000E+00	0.0000E+00	1.3063E+00
1.6500E+03	0.0000E+00	0.0000E+00	1.3090E+00
1.6510E+03	0.0000E+00	0.0000E+00	1.3187E+00
1.6520E+03	0.0000E+00	0.0000E+00	1.3326E+00
1.6530E+03	0.0000E+00	0.0000E+00	1.3564E+00
1.6540E+03	0.0000E+00	0.0000E+00	1.3790E+00
1.6550E+03	0.0000E+00	0.0000E+00	1.3966E+00
1.6560E+03	0.0000E+00	0.0000E+00	1.4136E+00
1.6570E+03	0.0000E+00	0.0000E+00	1.4272E+00
1.6580E+03	0.0000E+00	0.0000E+00	1.4340E+00
1.6590E+03	0.0000E+00	0.0000E+00	1.4337E+00
1.6600E+03	0.0000E+00	0.0000E+00	1.4303E+00
1.6610E+03	0.0000E+00	0.0000E+00	1.4280E+00
1.6620E+03	0.0000E+00	0.0000E+00	1.4200E+00
1.6630E+03	0.0000E+00	0.0000E+00	1.4176E+00
1.6640E+03	0.0000E+00	0.0000E+00	1.4158E+00
1.6650E+03	0.0000E+00	0.0000E+00	1.4101E+00
1.6660E+03	0.0000E+00	0.0000E+00	1.3984E+00
1.6670E+03	0.0000E+00	0.0000E+00	1.3967E+00
1.6680E+03	0.0000E+00	0.0000E+00	1.3906E+00
1.6690E+03	0.0000E+00	0.0000E+00	1.3836E+00
1.6700E+03	0.0000E+00	0.0000E+00	1.3829E+00
1.6710E+03	0.0000E+00	0.0000E+00	1.3721E+00
1.6720E+03	0.0000E+00	0.0000E+00	1.3707E+00
1.6730E+03	0.0000E+00	0.0000E+00	1.3617E+00
1.6740E+03	0.0000E+00	0.0000E+00	1.3649E+00
1.6750E+03	0.0000E+00	0.0000E+00	1.3819E+00
1.6760E+03	0.0000E+00	0.0000E+00	1.3948E+00
1.6770E+03	0.0000E+00	0.0000E+00	1.4205E+00
1.6780E+03	0.0000E+00	0.0000E+00	1.4433E+00
1.6790E+03	0.0000E+00	0.0000E+00	1.4659E+00
1.6800E+03	0.0000E+00	0.0000E+00	1.4783E+00
1.6810E+03	0.0000E+00	0.0000E+00	1.4890E+00
1.6820E+03	0.0000E+00	0.0000E+00	1.5050E+00
1.6830E+03	0.0000E+00	0.0000E+00	1.5083E+00
1.6840E+03	0.0000E+00	0.0000E+00	1.5113E+00
1.6850E+03	0.0000E+00	0.0000E+00	1.5127E+00
1.6860E+03	0.0000E+00	0.0000E+00	1.5065E+00
1.6870E+03	0.0000E+00	0.0000E+00	1.4972E+00
1.6880E+03	0.0000E+00	0.0000E+00	1.4891E+00
1.6890E+03	0.0000E+00	0.0000E+00	1.4833E+00
1.6900E+03	0.0000E+00	0.0000E+00	1.4745E+00
1.6910E+03	0.0000E+00	0.0000E+00	1.4696E+00
1.6920E+03	0.0000E+00	0.0000E+00	1.4600E+00
1.6930E+03	0.0000E+00	0.0000E+00	1.4555E+00
1.6940E+03	0.0000E+00	0.0000E+00	1.4417E+00
1.6950E+03	0.0000E+00	0.0000E+00	1.4340E+00
1.6960E+03	0.0000E+00	0.0000E+00	1.4258E+00
1.6970E+03	0.0000E+00	0.0000E+00	1.4225E+00
1.6980E+03	0.0000E+00	0.0000E+00	1.4234E+00
1.6990E+03	0.0000E+00	0.0000E+00	1.4356E+00
1.7000E+03	0.0000E+00	0.0000E+00	1.4545E+00
1.7010E+03	0.0000E+00	0.0000E+00	1.4766E+00
1.7020E+03	0.0000E+00	0.0000E+00	1.4994E+00
1.7030E+03	0.0000E+00	0.0000E+00	1.5178E+00
1.7040E+03	0.0000E+00	0.0000E+00	1.5342E+00
1.7050E+03	0.0000E+00	0.0000E+00	1.5503E+00
1.7060E+03	0.0000E+00	0.0000E+00	1.5611E+00
1.7070E+03	0.0000E+00	0.0000E+00	1.5707E+00
1.7080E+03	0.0000E+00	0.0000E+00	1.5763E+00
1.7090E+03	0.0000E+00	0.0000E+00	1.5784E+00
1.7100E+03	0.0000E+00	0.0000E+00	1.5767E+00
1.7110E+03	0.0000E+00	0.0000E+00	1.5751E+00
1.7120E+03	0.0000E+00	0.0000E+00	1.5667E+00
1.7130E+03	0.0000E+00	0.0000E+00	1.5621E+00
1.7140E+03	0.0000E+00	0.0000E+00	1.5495E+00
1.7150E+03	0.0000E+00	0.0000E+00	1.5407E+00
1.7160E+03	0.0000E+00	0.0000E+00	1.5315E+00
1.7170E+03	0.0000E+00	0.0000E+00	1.5165E+00
1.7180E+03	0.0000E+00	0.0000E+00	1.5064E+00
1.7190E+03	0.0000E+00	0.0000E+00	1.4966E+00
1.7200E+03	0.0000E+00	0.0000E+00	1.4916E+00
1.7210E+03	0.0000E+00	0.0000E+00	1.4797E+00
1.7220E+03	0.0000E+00	0.0000E+00	1.4691E+00
1.7230E+03	0.0000E+00	0.0000E+00	1.4816E+00
1.7240E+03	0.0000E+00	0.0000E+00	1.5022E+00
1.7250E+03	0.0000E+00	0.0000E+00	1.5206E+00
1.7260E+03	0.0000E+00	0.0000E+00	1.5416E+00
1.7270E+03	0.0000E+00	0.0000E+00	1.5581E+00
1.7280E+03	0.0000E+00	0.0000E+00	1.5708E+00
1.7290E+03	0.0000E+00	0.0000E+00	1.5800E+00
1.7300E+03	0.0000E+00	0.0000E+00	1.5914E+00
1.7310E+03	0.0000E+00	0.0000E+00	1.5974E+00
1.7320E+03	0.0000E+00	0.0000E+00	1.5941E+00
1.7330E+03	0.0000E+00	0.0000E+00	1.5936E+00
1.7340E+03	0.0000E+00	0.0000E+00	1.5878E+00
1.7350E+03	0.0000E+00	0.0000E+00	1.5786E+00
1.7360E+03	0.0000E+00	0.0000E+00	1.5703E+00
1.7370E+03	0.0000E+00	0.0000E+00	1.5580E+00
1.7380E+03	0.0000E+00	0.0000E+00	1.5486E+00
1.7390E+03	0.0000E+00	0.0000E+00	1.5388E+00
1.7400E+03	0.0000E+00	0.0000E+00	1.5275E+00
1.7410E+03	0.0000E+00	0.0000E+00	1.5195E+00
1.7420E+03	0.0000E+00	0.0000E+00	1.5097E+00
1.7430E+03	0.0000E+00	0.0000E+00	1.4974E+00
1.7440E+03	0.0000E+00	0.0000E+00	1.4901E+00
1.7450E+03	0.0000E+00	0.0000E+00	1.4869E+00
1.7460E+03	0.0000E+00	0.0000E+00	1.4907E+00
1.7470E+03	0.0000E+00	0.0000E+00	1.4972E+00
1.7480E+03	0.0000E+00	0.0000E+00	1.5140E+00
1.7490E+03	0.0000E+00	0.0000E+00	1.5310E+00
1.7500E+03	0.0000E+00	0.0000E+00	1.5487E+00
1.7510E+03	0.0000E+00	0.0000E+00	1.5668E+00
1.7520E+03	0.0000E+00	0.0000E+00	1.5814E+00
1.7530E+03	0.0000E+00	0.0000E+00	1.6003E+00
1.7540E+03	0.0000E+00	0.0000E+00	1.6191E+00
1.7550E+03	0.0000E+00	0.0000E+00	1.6308E+00
1.7560E+03	0.0000E+00	0.0000E+00	1.6337E+00
1.7570E+03	0.0000E+00	0.0000E+00	1.6366E+00
1.7580E+03	0.0000E+00	0.0000E+00	1.6372E+00
1.7590E+03	0.0000E+00	0.0000E+00	1.6313E+00
1.7600E+03	0.0000E+00	0.0000E+00	1.6292E+00
1.7610E+03	0.0000E+00	0.0000E+00	1.6186E+00
1.7620E+03	0.0000E+00	0.0000E+00	1.6130E+00
1.7630E+03	0.0000E+00	0.0000E+00	1.5998E+00
1.7640E+03	0.0000E+00	0.0000E+00	1.5916E+00
1.7650E+03	0.0000E+00	0.0000E+00	1.5811E+00
1.7660E+03	0.0000E+00	0.0000E+00	1.5668E+00
1.7670E+03	0.0000E+00	0.0000E+00	1.5549E+00
1.7680E+03	0.0000E+00	0.0000E+00	1.5420E+00
1.7690E+03	0.0000E+00	0.0000E+00	1.5300E+00
1.7700E+03	0.0000E+00	0.0000E+00	1.5258E+00
1.7710E+03	0.0000E+00	0.0000E+00	1.5300E+00
1.7720E+03	0.0000E+00	0.0000E+00	1.5419E+00
1.7730E+03	0.0000E+00	0.0000E+00	1.5527E+00
1.7740E+03	0.0000E+00	0.0000E+00	1.5691E+00
1.7750E+03	0.0000E+00	0.0000E+00	1.5831E+00
1.7760E+03	0.0000E+00	0.0000E+00	1.5966E+00
1.7770E+03	0.0000E+00	0.0000E+00	1.6124E+00
1.7780E+03	0.0000E+00	0.0000E+00	1.6312E+00
1.7790E+03	0.0000E+00	0.0000E+00	1.6362E+00
1.7800E+03	0.0000E+00	0.0000E+00	1.6414E+00
1.7810E+03	0.0000E+00	0.0000E+00	1.6388E+00
1.7820E+03	0.0000E+00	0.0000E+00	1.6277E+00
1.7830E+03	0.0000E+00	0.0000E+00	1.6173E+00
1.7840E+03	0.0000E+00	0.0000E+00	1.6081E+00
1.7850E+03	0.0000E+00	0.0000E+00	1.5952E+00
1.7860E+03	0.0000E+00	0.0000E+00	1.5860E+00
1.7870E+03	0.0000E+00	0.0000E+00	1.5750E+00
1.7880E+03	0.0000E+00	0.0000E+00	1.5615E+00
1.7890E+03	0.0000E+00	0.0000E+00	1.5467E+00
1.7900E+03	0.0000E+00	0.0000E+00	1.5289E+00
1.7910E+03	0.0000E+00	0.0000E+00	1.5216E+00
1.7920E+03	0.0000E+00	0.0000E+00	1.5097E+00
1.7930E+03	0.0000E+00	0.0000E+00	1.4970E+00
1.7940E+03	0.0000E+00	0.0000E+00	1.4944E+00
1.7950E+03	0.0000E+00	0.0000E+00	1.4970E+00
1.7960E+03	0.0000E+00	0.0000E+00	1.5009E+00
1.7970E+03	0.0000E+00	0.0000E+00	1.5168E+00
1.7980E+03	0.0000E+00	0.0000E+00	1.5307E+00
1.7990E+03	0.0000E+00	0.0000E+00	1.5459E+00
1.8000E+03	0.0000E+00	0.0000E+00	1.5613E+00
1.8010E+03	0.0000E+00	0.0000E+00	1.5740E+00
1.8020E+03	0.0000E+00	0.0000E+00	1.5763E+00
1.8030E+03	0.0000E+00	0.0000E+00	1.5809E+00
1.8040E+03	0.0000E+00	0.0000E+00	1.5773E+00
1.8050E+03	0.0000E+00	0.0000E+00	1.5767E+00
1.8060E+03	0.0000E+00	0.0000E+00	1.5706E+00
1.8070E+03	0.0000E+00	0.0000E+00	1.5617E+00
1.8080E+03	0.0000E+00	0.0000E+00	1.5536E+00
1.8090E+03	0.0000E+00	0.0000E+00	1.5400E+00
1.8100E+03	0.0000E+00	0.0000E+00	1.5349E+00
1.8110E+03	0.0000E+00	0.0000E+00	1.5226E+00
1.8120E+03	0.0000E+00	0.0000E+00	1.5133E+00
1.8130E+03	0.0000E+00	0.0000E+00	1.5002E+00
1.8140E+03	0.0000E+00	0.0000E+00	1.4923E+00
1.8150E+03	0.0000E+00	0.0000E+00	1.4798E+00
1.8160E+03	0.0000E+00	0.0000E+00	1.4718E+00
1.8170E+03	0.0000E+00	0.0000E+00	1.4638E+00
1.8180E+03	0.0000E+00	0.0000E+00	1.4630E+00
1.8190E+03	0.0000E+00	0.0000E+00	1.4696E+00
1.8200E+03	0.0000E+00	0.0000E+00	1.4844E+00
1.8210E+03	0.0000E+00	0.0000E+00	1.4975E+00
1.8220E+03	0.0000E+00	0.0000E+00	1.5105E+00
1.8230E+03	0.0000E+00	0.0000E+00	1.5286E+00
1.8240E+03	0.0000E+00	0.0000E+00	1.5439E+00
1.8250E+03	0.0000E+00	0.0000E+00	1.5534E+00
1.8260E+03	0.0000E+00	0.0000E+00	1.5595E+00
1.8270E+03	0.0000E+00	0.0000E+00	1.5588E+00
1.8280E+03	0.0000E+00	0.0000E+00	1.5592E+00
1.8290E+03	0.0000E+00	0.0000E+00	1.5519E+00
1.8300E+03	0.0000E+00	0.0000E+00	1.5443E+00
1.8310E+03	0.0000E+00	0.0000E+00	1.5338E+00
1.8320E+03	0.0000E+00	0.0000E+00	1.5261E+00
1.8330E+03	0.0000E+00	0.0000E+00	1.5169E+00
1.8340E+03	0.0000E+00	0.0000E+00	1.5053E+00
1.8350E+03	0.0000E+00	0.0000E+00	1.4929E+00
1.8360E+03	0.0000E+00	0.0000E+00	1.4854E+00
1.8370E+03	0.0000E+00	0.0000E+00	1.4747E+00
1.8380E+03	0.0000E+00	0.0000E+00	1.4648E+00
1.8390E+03	0.0000E+00	0.0000E+00	1.4518E+00
1.8400E+03	0.0000E+00	0.0000E+00	1.4467E+00
1.8410E+03	0.0000E+00	0.0000E+00	1.4370E+00
1.8420E+03	0.0000E+00	0.0000E+00	1.4332E+00
1.8430E+03	0.0000E+00	0.0000E+00	1.4368E+00
1.8440E+03	0.0000E+00	0.0000E+00	1.4475E+00
1.8450E+03	0.0000E+00	0.0000E+00	1.4614E+00
1.8460E+03	0.0000E+00	0.0000E+00	1.4766E+00
1.8470E+03	0.0000E+00	0.0000E+00	1.4855E+00
1.8480E+03	0.0000E+00	0.0000E+00	1.4996E+00
1.8490E+03	0.0000E+00	0.0000E+00	1.5096E+00
1.8500E+03	0.0000E+00	0.0000E+00	1.5103E+00
1.8510E+03	0.0000E+00	0.0000E+00	1.5128E+00
1.8520E+03	0.0000E+00	0.0000E+00	1.5097E+00
1.8530E+03	0.0000E+00	0.0000E+00	1.5018E+00
1.8540E+03	0.0000E+00	0.0000E+00	1.4960E+00
1.8550E+03	0.0000E+00	0.0000E+00	1.4848E+00
1.8560E+03	0.0000E+00	0.0000E+00	1.4819E+00
1.8570E+03	0.0000E+00	0.0000E+00	1.4735E+00
1.8580E+03	0.0000E+00	0.0000E+00	1.4629E+00
1.8590E+03	0.0000E+00	0.0000E+00	1.4538E+00
1.8600E+03	0.0000E+00	0.0000E+00	1.4483E+00
1.8610E+03	0.0000E+00	0.0000E+00	1.4375E+00
1.8620E+03	0.0000E+00	0.0000E+00	1.4276E+00
1.8630E+03	0.0000E+00	0.0000E+00	1.4177E+00
1.8640E+03	0.0000E+00	0.0000E+00	1.4121E+00
1.8650E+03	0.0000E+00	0.0000E+00	1.4048E+00
1.8660E+03	0.0000E+00	0.0000E+00	1.4073E+00
1.8670E+03	0.0000E+00	0.0000E+00	1.4114E+00
1.8680E+03	0.0000E+00	0.0000E+00	1.4252E+00
1.8690E+03	0.0000E+00	0.0000E+00	1.4392E+00
1.8700E+03	0.0000E+00	0.0000E+00	1.4532E+00
1.8710E+03	0.0000E+00	0.0000E+00	1.4700E+00
1.8720E+03	0.0000E+00	0.0000E+00	1.4835E+00
1.8730E+03	0.0000E+00	0.0000E+00	1.4893E+00
1.8740E+03	0.0000E+00	0.0000E+00	1.4892E+00
1.8750E+03	0.0000E+00	0.0000E+00	1.4874E+00
1.8760E+03	0.0000E+00	0.0000E+00	1.4810E+00
1.8770E+03	0.0000E+00	0.0000E+00	1.4778E+00
1.8780E+03	0.0000E+00	0.0000E+00	1.4673E+00
1.8790E+03	0.0000E+00	0.0000E+00	1.4547E+00
1.8800E+03	0.0000E+00	0.0000E+00	1.4521E+00
1.8810E+03	0.0000E+00	0.0000E+00	1.4438E+00
1.8820E+03	0.0000E+00	0.0000E+00	1.4348E+00
1.8830E+03	0.0000E+00	0.0000E+00	1.4282E+00
1.8840E+03	0.0000E+00	0.0000E+00	1.4217E+00
1.8850E+03	0.0000E+00	0.0000E+00	1.4129E+00
1.8860E+03	0.0000E+00	0.0000E+00	1.4081E+00
1.8870E+03	0.0000E+00	0.0000E+00	1.3964E+00
1.8880E+03	0.0000E+00	0.0000E+00	1.3879E+00
1.8890E+03	0.0000E+00	0.0000E+00	1.3793E+00
1.8900E+03	0.0000E+00	0.0000E+00	1.3775E+00
1.8910E+03	0.0000E+00	0.0000E+00	1.3792E+00
1.8920E+03	0.0000E+00	0.0000E+00	1.3898E+00
1.8930E+03	0.0000E+00	0.0000E+00	1.3982E+00
1.8940E+03	0.0000E+00	0.0000E+00	1.4102E+00
1.8950E+03	0.0000E+00	0.0000E+00	1.4237E+00
1.8960E+03	0.0000E+00	0.0000E+00	1.4390E+00
1.8970E+03	0.0000E+00	0.0000E+00	1.4420E+00
1.8980E+03	0.0000E+00	0.0000E+00	1.4420E+00
1.8990E+03	0.0000E+00	0.0000E+00	1.4393E+00
1.9000E+03	0.0000E+00	0.0000E+00	1.4354E+00
1.9010E+03	0.0000E+00	0.0000E+00	1.4294E+00
1.9020E+03	0.0000E+00	0.0000E+00	1.4201E+00
1.9030E+03	0.0000E+00	0.0000E+00	1.4160E+00
1.9040E+03	0.0000E+00	0.0000E+00	1.4114E+00
1.9050E+03	0.0000E+00	0.0000E+00	1.4090E+00
1.9060E+03	0.0000E+00	0.0000E+00	1.3971E+00
1.9070E+03	0.0000E+00	0.0000E+00	1.3954E+00
1.9080E+03	0.0000E+00	0.0000E+00	1.3884E+00
1.9090E+03	0.0000E+00	0.0000E+00	1.3862E+00
1.9100E+03	0.0000E+00	0.0000E+00	1.3792E+00
1.9110E+03	0.0000E+00	0.0000E+00	1.3676E+00
1.9120E+03	0.0000E+00	0.0000E+00	1.3606E+00
1.9130E+03	0.0000E+00	0.0000E+00	1.3543E+00
1.9140E+03	0.0000E+00	0.0000E+00	1.3568E+00
1.9150E+03	0.0000E+00	0.0000E+00	1.3623E+00
1.9160E+03	0.0000E+00	0.0000E+00	1.3695E+00
1.9170E+03	0.0000E+00	0.0000E+00	1.3726E+00
1.9180E+03	0.0000E+00	0.0000E+00	1.3829E+00
1.9190E+03	0.0000E+00	0.0000E+00	1.3886E+00
1.9200E+03	0.0000E+00	0.0000E+00	1.3881E+00
1.9210E+03	0.0000E+00	0.0000E+00	1.3932E+00
1.9220E+03	0.0000E+00	0.0000E+00	1.3924E+00
1.9230E+03	0.0000E+00	0.0000E+00	1.3916E+00
1.9240E+03	0.0000E+00	0.0000E+00	1.3849E+00
1.9250E+03	0.0000E+00	0.0000E+00	1.3828E+00
1.9260E+03	0.0000E+00	0.0000E+00	1.3810E+00
1.9270E+03	0.0000E+00	0.0000E+00	1.3733E+00
1.9280E+03	0.0000E+00	0.0000E+00	1.3683E+00
1.9290E+03	0.0000E+00	0.0000E+00	1.3676E+00
1.9300E+03	0.0000E+00	0.0000E+00	1.3628E+00
1.9310E+03	0.0000E+00	0.0000E+00	1.3582E+00
1.9320E+03	0.0000E+00	0.0000E+00	1.3593E+00
1.9330E+03	0.0000E+00	0.0000E+00	1.3618E+00
1.9340E+03	0.0000E+00	0.0000E+00	1.3587E+00
1.9350E+03	0.0000E+00	0.0000E+00	1.3513E+00
1.9360E+03	0.0000E+00	0.0000E+00	1.3507E+00
1.9370E+03	0.0000E+00	0.0000E+00	1.3438E+00
1.9380E+03	0.0000E+00	0.0000E+00	1.3428E+00
1.9390E+03	0.0000E+00	0.0000E+00	1.3476E+00
1.9400E+03	0.0000E+00	0.0000E+00	1.3588E+00
1.9410E+03	0.0000E+00	0.0000E+00	1.3744E+00
1.9420E+03	0.0000E+00	0.0000E+00	1.3870E+00
1.9430E+03	0.0000E+00	0.0000E+00	1.4031E+00
1.9440E+03	0.0000E+00	0.0000E+00	1.4105E+00
1.9450E+03	0.0000E+00	0.0000E+00	1.4137E+00
1.9460E+03	0.0000E+00	0.0000E+00	1.4102E+00
1.9470E+03	0.0000E+00	0.0000E+00	1.4093E+00
1.9480E+03	0.0000E+00	0.0000E+00	1.4070E+00
1.9490E+03	0.0000E+00	0.0000E+00	1.4029E+00
1.9500E+03	0.0000E+00	0.0000E+00	1.3927E+00
1.9510E+03	0.0000E+00	0.0000E+00	1.3838E+00
1.9520E+03	0.0000E+00	0.0000E+00	1.3778E+00
1.9530E+03	0.0000E+00	0.0000E+00	1.3737E+00
1.9540E+03	0.0000E+00	0.0000E+00	1.3653E+00
1.9550E+03	0.0000E+00	0.0000E+00	1.3616E+00
1.9560E+03	0.0000E+00	0.0000E+00	1.3519E+00
1.9570E+03	0.0000E+00	0.0000E+00	1.3444E+00
1.9580E+03	0.0000E+00	0.0000E+00	1.3383E+00
1.9590E+03	0.0000E+00	0.0000E+00	1.3288E+00
1.9600E+03	0.0000E+00	0.0000E+00	1.3212E+00
1.9610E+03	0.0000E+00	0.0000E+00	1.3168E+00
1.9620E+03	0.0000E+00	0.0000E+00	1.3143E+00
1.9630E+03	0.0000E+00	0.0000E+00	1.3188E+00
1.9640E+03	0.0000E+00	0.0000E+00	1.3271E+00
1.9650E+03	0.0000E+00	0.0000E+00	1.3396E+00
1.9660E+03	0.0000E+00	0.0000E+00	1.3513E+00
1.9670E+03	0.0000E+00	0.0000E+00	1.3655E+00
1.9680E+03	0.0000E+00	0.0000E+00	1.3685E+00
1.9690E+03	0.0000E+00	0.0000E+00	1.3709E+00
1.9700E+03	0.0000E+00	0.0000E+00	1.3756E+00
1.9710E+03	0.0000E+00	0.0000E+00	1.3694E+00
1.9720E+03	0.0000E+00	0.0000E+00	1.3651E+00
1.9730E+03	0.0000E+00	0.0000E+00	1.3540E+00
1.9740E+03	0.0000E+00	0.0000E+00	1.3497E+00
1.9750E+03	0.0000E+00	0.0000E+00	1.3452E+00
1.9760E+03	0.0000E+00	0.0000E+00	1.3404E+00
1.9770E+03	0.0000E+00	0.0000E+00	1.3329E+00
1.9780E+03	0.0000E+00	0.0000E+00	1.3302E+00
1.9790E+03	0.0000E+00	0.0000E+00	1.3261E+00
1.9800E+03	0.0000E+00	0.0000E+00	1.3194E+00
1.9810E+03	0.0000E+00	0.0000E+00	1.3116E+00
1.9820E+03	0.0000E+00	0.0000E+00	1.3105E+00
1.9830E+03	0.0000E+00	0.0000E+00	1.2972E+00
1.9840E+03	0.0000E+00	0.0000E+00	1.2937E+00
1.9850E+03	0.0000E+00	0.0000E+00	1.2891E+00
1.9860E+03	0.0000E+00	0.0000E+00	1.2903E+00
1.9870E+03	0.0000E+00	0.0000E+00	1.2963E+00
1.9880E+03	0.0000E+00	0.0000E+00	1.3049E+00
1.9890E+03	0.0000E+00	0.0000E+00	1.3244E+00
1.9900E+03	0.0000E+00	0.0000E+00	1.3413E+00
1.9910E+03	0.0000E+00	0.0000E+00	1.3605E+00
1.9920E+03	0.0000E+00	0.0000E+00	1.3628E+00
1.9930E+03	0.0000E+00	0.0000E+00	1.3714E+00
1.9940E+03	0.0000E+00	0.0000E+00	1.3696E+00
1.9950E+03	0.0000E+00	0.0000E+00	1.3699E+00
1.9960E+03	0.0000E+00	0.0000E+00	1.3634E+00
1.9970E+03	0.0000E+00	0.0000E+00	1.3604E+00
1.9980E+03	0.0000E+00	0.0000E+00	1.3538E+00
1.9990E+03	0.0000E+00	0.0000E+00	1.3468E+00
2.0000E+03	0.0000E+00	0.0000E+00	1.3420E+00
2.0010E+03	0.0000E+00	0.0000E+00	1.3376E+00
2.0020E+03	0.0000E+00	0.0000E+00	1.3282E+00
2.0030E+03	0.0000E+00	0.0000E+00	1.3228E+00
2.0040E+03	0.0000E+00	0.0000E+00	1.3153E+00
2.0050E+03	0.0000E+00	0.0000E+00	1.3083E+00
2.0060E+03	0.0000E+00	0.0000E+00	1.2972E+00
2.0070E+03	0.0000E+00	0.0000E+00	1.2938E+00
2.0080E+03	0.0000E+00	0.0000E+00	1.2860E+00
2.0090E+03	0.0000E+00	0.0000E+00	1.2872E+00
2.0100E+03	0.0000E+00	0.0000E+00	1.2857E+00
2.0110E+03	0.0000E+00	0.0000E+00	1.2959E+00
2.0120E+03	0.0000E+00	0.0000E+00	1.3096E+00
2.0130E+03	0.0000E+00	0.0000E+00	1.3269E+00
2.0140E+03	0.0000E+00	0.0000E+00	1.3431E+00
2.0150E+03	0.0000E+00	0.0000E+00	1.3559E+00
2.0160E+03	0.0000E+00	0.0000E+00	1.3638E+00
2.0170E+03	0.0000E+00	0.0000E+00	1.3660E+00
2.0180E+03	0.0000E+00	0.0000E+00	1.3671E+00
2.0190E+03	0.0000E+00	0.0000E+00	1.3664E+00
2.0200E+03	0.0000E+00	0.0000E+00	1.3581E+00
2.0210E+03	0.0000E+00	0.0000E+00	1.3482E+00
2.0220E+03	0.0000E+00	0.0000E+00	1.3462E+00
2.0230E+03	0.0000E+00	0.0000E+00	1.3381E+00
2.0240E+03	0.0000E+00	0.0000E+00	1.3330E+00
2.0250E+03	0.0000E+00	0.0000E+00	1.3268E+00
2.0260E+03	0.0000E+00	0.0000E+00	1.3230E+00
2.0270E+03	0.0000E+00	0.0000E+00	1.3161E+00
2.0280E+03	0.0000E+00	0.0000E+00	1.3074E+00
2.0290E+03	0.0000E+00	0.0000E+00	1.3014E+00
2.0300E+03	0.0000E+00	0.0000E+00	1.2907E+00
2.0310E+03	0.0000E+00	0.0000E+00	1.2928E+00
2.0320E+03	0.0000E+00	0.0000E+00	1.2866E+00
2.0330E+03	0.0000E+00	0.0000E+00	1.2846E+00
2.0340E+03	0.0000E+00	0.0000E+00	1.2835E+00
2.0350E+03	0.0000E+00	0.0000E+00	1.2865E+00
2.0360E+03	0.0000E+00	0.0000E+00	1.2968E+00
2.0370E+03	0.0000E+00	0.0000E+00	1.3098E+00
2.0380E+03	0.0000E+00	0.0000E+00	1.3235E+00
2.0390E+03	0.0000E+00	0.0000E+00	1.3320E+00
2.0400E+03	0.0000E+00	0.0000E+00	1.3421E+00
2.0410E+03	0.0000E+00	0.0000E+00	1.3501E+00
2.0420E+03	0.0000E+00	0.0000E+00	1.3526E+00
2.0430E+03	0.0000E+00	0.0000E+00	1.3541E+00
2.0440E+03	0.0000E+00	0.0000E+00	1.3495E+00
2.0450E+03	0.0000E+00	0.0000E+00	1.3408E+00
2.0460E+03	0.0000E+00	0.0000E+00	1.3373E+00
2.0470E+03	0.0000E+00	0.0000E+00	1.3280E+00
2.0480E+03	0.0000E+00	0.0000E+00	1.3232E+00
2.0490E+03	0.0000E+00	0.0000E+00	1.3172E+00
2.0500E+03	0.0000E+00	0.0000E+00	1.3127E+00
2.0510E+03	0.0000E+00	0.0000E+00	1.3092E+00
2.0520E+03	0.0000E+00	0.0000E+00	1.3002E+00
2.0530E+03	0.0000E+00	0.0000E+00	1.2963E+00
2.0540E+03	0.0000E+00	0.0000E+00	1.2883E+00
2.0550E+03	0.0000E+00	0.0000E+00	1.2803E+00
2.0560E+03	0.0000E+00	0.0000E+00	1.2748E+00
2.0570E+03	0.0000E+00	0.0000E+00	1.2738E+00
2.0580E+03	0.0000E+00	0.0000E+00	1.2745E+00
2.0590E+03	0.0000E+00	0.0000E+00	1.2849E+00
2.0600E+03	0.0000E+00	0.0000E+00	1.2977E+00
2.0610E+03	0.0000E+00	0.0000E+00	1.3146E+00
2.0620E+03	0.0000E+00	0.0000E+00	1.3262E+00
2.0630E+03	0.0000E+00	0.0000E+00	1.3395E+00
2.0640E+03	0.0000E+00	0.0000E+00	1.3459E+00
2.0650E+03	0.0000E+00	0.0000E+00	1.3432E+00
2.0660E+03	0.0000E+00	0.0000E+00	1.3416E+00
2.0670E+03	0.0000E+00	0.0000E+00	1.3370E+00
2.0680E+03	0.0000E+00	0.0000E+00	1.3353E+00
2.0690E+03	0.0000E+00	0.0000E+00	1.3306E+00
2.0700E+03	0.0000E+00	0.0000E+00	1.3264E+00
2.0710E+03	0.0000E+00	0.0000E+00	1.3169E+00
2.0720E+03	0.0000E+00	0.0000E+00	1.3136E+00
2.0730E+03	0.0000E+00	0.0000E+00	1.3077E+00
2.0740E+03	0.0000E+00	0.0000E+00	1.3042E+00
2.0750E+03	0.0000E+00	0.0000E+00	1.2985E+00
2.0760E+03	0.0000E+00	0.0000E+00	1.2954E+00
2.0770E+03	0.0000E+00	0.0000E+00	1.2862E+00
2.0780E+03	0.0000E+00	0.0000E+00	1.2830E+00
2.0790E+03	0.0000E+00	0.0000E+00	1.2773E+00
2.0800E+03	0.0000E+00	0.0000E+00	1.2734E+00
2.0810E+03	0.0000E+00	0.0000E+00	1.2660E+00
2.0820E+03	0.0000E+00	0.0000E+00	1.2685E+00
2.0830E+03	0.0000E+00	0.0000E+00	1.2722E+00
2.0840E+03	0.0000E+00	0.0000E+00	1.2845E+00
2.0850E+03	0.0000E+00	0.0000E+00	1.3000E+00
2.0860E+03	0.0000E+00	0.0000E+00	1.3196E+00
2.0870E+03	0.0000E+00	0.0000E+00	1.3388E+00
2.0880E+03	0.0000E+00	0.0000E+00	1.3527E+00
2.0890E+03	0.0000E+00	0.0000E+00	1.3574E+00
2.0900E+03	0.0000E+00	0.0000E+00	1.3576E+00
2.0910E+03	0.0000E+00	0.0000E+00	1.3544E+00
2.0920E+03	0.0000E+00	0.0000E+00	1.3525E+00
2.0930E+03	0.0000E+00	0.0000E+00	1.3417E+00
2.0940E+03	0.0000E+00	0.0000E+00	1.3365E+00
2.0950E+03	0.0000E+00	0.0000E+00	1.3303E+00
2.0960E+03	0.0000E+00	0.0000E+00	1.3240E+00
2.0970E+03	0.0000E+00	0.0000E+00	1.3180E+00
2.0980E+03	0.0000E+00	0.0000E+00	1.3127E+00
2.0990E+03	0.0000E+00	0.0000E+00	1.3024E+00
2.1000E+03	0.0000E+00	0.0000E+00	1.2956E+00
2.1010E+03	0.0000E+00	0.0000E+00	1.2912E+00
2.1020E+03	0.0000E+00	0.0000E+00	1.2827E+00
2.1030E+03	0.0000E+00	0.0000E+00	1.2754E+00
2.1040E+03	0.0000E+00	0.0000E+00	1.2696E+00
2.1050E+03	0.0000E+00	0.0000E+00	1.2667E+00
2.1060E+03	0.0000E+00	0.0000E+00	1.2699E+00
2.1070E+03	0.0000E+00	0.0000E+00	1.2767E+00
2.1080E+03	0.0000E+00	0.0000E+00	1.2875E+00
2.1090E+03	0.0000E+00	0.0000E+00	1.3030E+00
2.1100E+03	0.0000E+00	0.0000E+00	1.3217E+00
2.1110E+03	0.0000E+00	0.0000E+00	1.3382E+00
2.1120E+03	0.0000E+00	0.0000E+00	1.3517E+00
2.1130E+03	0.0000E+00	0.0000E+00	1.3597E+00
2.1140E+03	0.0000E+00	0.0000E+00	1.3612E+00
2.1150E+03	0.0000E+00	0.0000E+00	1.3584E+00
2.1160E+03	0.0000E+00	0.0000E+00	1.3503E+00
2.1170E+03	0.0000E+00	0.0000E+00	1.3469E+00
2.1180E+03	0.0000E+00	0.0000E+00	1.3402E+00
2.1190E+03	0.0000E+00	0.0000E+00	1.3269E+00
2.1200E+03	0.0000E+00	0.0000E+00	1.3206E+00
2.1210E+03	0.0000E+00	0.0000E+00	1.3148E+00
2.1220E+03	0.0000E+00	0.0000E+00	1.3028E+00
2.1230E+03	0.0000E+00	0.0000E+00	1.2988E+00
2.1240E+03	0.0000E+00	0.0000E+00	1.2938E+00
2.1250E+03	0.0000E+00	0.0000E+00	1.2856E+00
2.1260E+03	0.0000E+00	0.0000E+00	1.2787E+00
2.1270E+03	0.0000E+00	0.0000E+00	1.2648E+00
2.1280E+03	0.0000E+00	0.0000E+00	1.2601E+00
2.1290E+03	0.0000E+00	0.0000E+00	1.2571E+00
2.1300E+03	0.0000E+00	0.0000E+00	1.2590E+00
2.1310E+03	0.0000E+00	0.0000E+00	1.2687E+00
2.1320E+03	0.0000E+00	0.0000E+00	1.2912E+00
2.1330E+03	0.0000E+00	0.0000E+00	1.3001E+00
2.1340E+03	0.0000E+00	0.0000E+00	1.3163E+00
2.1350E+03	0.0000E+00	0.0000E+00	1.3369E+00
2.1360E+03	0.0000E+00	0.0000E+00	1.3581E+00
2.1370E+03	0.0000E+00	0.0000E+00	1.3568E+00
2.1380E+03	0.0000E+00	0.0000E+00	1.3622E+00
2.1390E+03	0.0000E+00	0.0000E+00	1.3510E+00
2.1400E+03	0.0000E+00	0.0000E+00	1.3498E+00
2.1410E+03	0.0000E+00	0.0000E+00	1.3416E+00
2.1420E+03	0.0000E+00	0.0000E+00	1.3362E+00
2.1430E+03	0.0000E+00	0.0000E+00	1.3233E+00
2.1440E+03	0.0000E+00	0.0000E+00	1.3178E+00
2.1450E+03	0.0000E+00	0.0000E+00	1.3120E+00
2.1460E+03	0.0000E+00	0.0000E+00	1.3073E+00
2.1470E+03	0.0000E+00	0.0000E+00	1.2957E+00
2.1480E+03	0.0000E+00	0.0000E+00	1.2920E+00
2.1490E+03	0.0000E+00	0.0000E+00	1.2855E+00
2.1500E+03	0.0000E+00	0.0000E+00	1.2765E+00
2.1510E+03	0.0000E+00	0.0000E+00	1.2679E+00
2.1520E+03	0.0000E+00	0.0000E+00	1.2620E+00
2.1530E+03	0.0000E+00	0.0000E+00	1.2611E+00
2.1540E+03	0.0000E+00	0.0000E+00	1.2627E+00
2.1550E+03	0.0000E+00	0.0000E+00	1.2749E+00
2.1560E+03	0.0000E+00	0.0000E+00	1.2944E+00
2.1570E+03	0.0000E+00	0.0000E+00	1.3140E+00
2.1580E+03	0.0000E+00	0.0000E+00	1.3280E+00
2.1590E+03	0.0000E+00	0.0000E+00	1.3427E+00
2.1600E+03	0.0000E+00	0.0000E+00	1.3520E+00
2.1610E+03	0.0000E+00	0.0000E+00	1.3516E+00
2.1620E+03	0.0000E+00	0.0000E+00	1.3485E+00
2.1630E+03	0.0000E+00	0.0000E+00	1.3414E+00
2.1640E+03	0.0000E+00	0.0000E+00	1.3374E+00
2.1650E+03	0.0000E+00	0.0000E+00	1.3246E+00
2.1660E+03	0.0000E+00	0.0000E+00	1.3173E+00
2.1670E+03	0.0000E+00	0.0000E+00	1.3041E+00
2.1680E+03	0.0000E+00	0.0000E+00	1.2973E+00
2.1690E+03	0.0000E+00	0.0000E+00	1.2908E+00
2.1700E+03	0.0000E+00	0.0000E+00	1.2795E+00
2.1710E+03	0.0000E+00	0.0000E+00	1.2727E+00
2.1720E+03	0.0000E+00	0.0000E+00	1.2631E+00
2.1730E+03	0.0000E+00	0.0000E+00	1.2542E+00
2.1740E+03	0.0000E+00	0.0000E+00	1.2447E+00
2.1750E+03	0.0000E+00	0.0000E+00	1.2358E+00
2.1760E+03	0.0000E+00	0.0000E+00	1.2270E+00
2.1770E+03	0.0000E+00	0.0000E+00	1.2180E+00
2.1780E+03	0.0000E+00	0.0000E+00	1.2160E+00
2.1790E+03	0.0000E+00	0.0000E+00	1.2194E+00
2.1800E+03	0.0000E+00	0.0000E+00	1.2252E+00
2.1810E+03	0.0000E+00	0.0000E+00	1.2348E+00
2.1820E+03	0.0000E+00	0.0000E+00	1.2430E+00
2.1830E+03	0.0000E+00	0.0000E+00	1.2554E+00
2.1840E+03	0.0000E+00	0.0000E+00	1.2618E+00
2.1850E+03	0.0000E+00	0.0000E+00	1.2649E+00
2.1860E+03	0.0000E+00	0.0000E+00	1.2667E+00
2.1870E+03	0.0000E+00	0.0000E+00	1.2631E+00
2.1880E+03	0.0000E+00	0.0000E+00	1.2608E+00
2.1890E+03	0.0000E+00	0.0000E+00	1.2538E+00
2.1900E+03	0.0000E+00	0.0000E+00	1.2475E+00
2.1910E+03	0.0000E+00	0.0000E+00	1.2399E+00
2.1920E+03	0.0000E+00	0.0000E+00	1.2368E+00
2.1930E+03	0.0000E+00	0.0000E+00	1.2286E+00
2.1940E+03	0.0000E+00	0.0000E+00	1.2214E+00
2.1950E+03	0.0000E+00	0.0000E+00	1.2188E+00
2.1960E+03	0.0000E+00	0.0000E+00	1.2146E+00
2.1970E+03	0.0000E+00	0.0000E+00	1.2076E+00
2.1980E+03	0.0000E+00	0.0000E+00	1.2002E+00
2.1990E+03	0.0000E+00	0.0000E+00	1.1952E+00
2.2000E+03	0.0000E+00	0.0000E+00	1.1877E+00
2.2010E+03	0.0000E+00	0.0000E+00	1.1816E+00
2.2020E+03	0.0000E+00	0.0000E+00	1.1806E+00
2.2030E+03	0.0000E+00	0.0000E+00	1.1836E+00
2.2040E+03	0.0000E+00	0.0000E+00	1.1893E+00
2.2050E+03	0.0000E+00	0.0000E+00	1.2019E+00
2.2060E+03	0.0000E+00	0.0000E+00	1.2147E+00
2.2070E+03	0.0000E+00	0.0000E+00	1.2310E+00
2.2080E+03	0.0000E+00	0.0000E+00	1.2408E+00
2.2090E+03	0.0000E+00	0.0000E+00	1.2465E+00
2.2100E+03	0.0000E+00	0.0000E+00	1.2519E+00
2.2110E+03	0.0000E+00	0.0000E+00	1.2510E+00
2.2120E+03	0.0000E+00	0.0000E+00	1.2434E+00
2.2130E+03	0.0000E+00	0.0000E+00	1.2373E+00
2.2140E+03	0.0000E+00	0.0000E+00	1.2324E+00
2.2150E+03	0.0000E+00	0.0000E+00	1.2245E+00
2.2160E+03	0.0000E+00	0.0000E+00	1.2200E+00
2.2170E+03	0.0000E+00	0.0000E+00	1.2151E+00
2.2180E+03	0.0000E+00	0.0000E+00	1.2096E+00
2.2190E+03	0.0000E+00	0.0000E+00	1.2015E+00
2.2200E+03	0.0000E+00	0.0000E+00	1.1978E+00
2.2210E+03	0.0000E+00	0.0000E+00	1.1894E+00
2.2220E+03	0.0000E+00	0.0000E+00	1.1846E+00
2.2230E+03	0.0000E+00	0.0000E+00	1.1805E+00
2.2240E+03	0.0000E+00	0.0000E+00	1.1827E+00
2.2250E+03	0.0000E+00	0.0000E+00	1.1773E+00
2.2260E+03	0.0000E+00	0.0000E+00	1.1721E+00
2.2270E+03	0.0000E+00	0.0000E+00	1.1802E+00
2.2280E+03	0.0000E+00	0.0000E+00	1.1841E+00
2.2290E+03	0.0000E+00	0.0000E+00	1.1935E+00
2.2300E+03	0.0000E+00	0.0000E+00	1.2039E+00
2.2310E+03	0.0000E+00	0.0000E+00	1.2131E+00
2.2320E+03	0.0000E+00	0.0000E+00	1.2229E+00
2.2330E+03	0.0000E+00	0.0000E+00	1.2231E+00
2.2340E+03	0.0000E+00	0.0000E+00	1.2244E+00
2.2350E+03	0.0000E+00	0.0000E+00	1.2193E+00
2.2360E+03	0.0000E+00	0.0000E+00	1.2203E+00
2.2370E+03	0.0000E+00	0.0000E+00	1.2137E+00
2.2380E+03	0.0000E+00	0.0000E+00	1.2100E+00
2.2390E+03	0.0000E+00	0.0000E+00	1.2015E+00
2.2400E+03	0.0000E+00	0.0000E+00	1.1984E+00
2.2410E+03	0.0000E+00	0.0000E+00	1.1908E+00
2.2420E+03	0.0000E+00	0.0000E+00	1.1859E+00
2.2430E+03	0.0000E+00	0.0000E+00	1.1819E+00
2.2440E+03	0.0000E+00	0.0000E+00	1.1787E+00
2.2450E+03	0.0000E+00	0.0000E+00	1.1716E+00
2.2460E+03	0.0000E+00	0.0000E+00	1.1657E+00
2.2470E+03	0.0000E+00	0.0000E+00	1.1609E+00
2.2480E+03	0.0000E+00	0.0000E+00	1.1511E+00
2.2490E+03	0.0000E+00	0.0000E+00	1.1471E+00
2.2500E+03	0.0000E+00	0.0000E+00	1.1424E+00
2.2510E+03	0.0000E+00	0.0000E+00	1.1439E+00
2.2520E+03	0.0000E+00	0.0000E+00	1.1508E+00
2.2530E+03	0.0000E+00	0.0000E+00	1.1583E+00
2.2540E+03	0.0000E+00	0.0000E+00	1.1707E+00
2.2550E+03	0.0000E+00	0.0000E+00	1.1837E+00
2.2560E+03	0.0000E+00	0.0000E+00	1.1966E+00
2.2570E+03	0.0000E+00	0.0000E+00	1.2017E+00
2.2580E+03	0.0000E+00	0.0000E+00	1.2064E+00
2.2590E+03	0.0000E+00	0.0000E+00	1.2036E+00
2.2600E+03	0.0000E+00	0.0000E+00	1.1986E+00
2.2610E+03	0.0000E+00	0.0000E+00	1.1930E+00
2.2620E+03	0.0000E+00	0.0000E+00	1.1896E+00
2.2630E+03	0.0000E+00	0.0000E+00	1.1822E+00
2.2640E+03	0.0000E+00	0.0000E+00	1.1796E+00
2.2650E+03	0.0000E+00	0.0000E+00	1.1746E+00
2.2660E+03	0.0000E+00	0.0000E+00	1.1692E+00
2.2670E+03	0.0000E+00	0.0000E+00	1.1636E+00
2.2680E+03	0.0000E+00	0.0000E+00	1.1579E+00
2.2690E+03	0.0000E+00	0.0000E+00	1.1550E+00
2.2700E+03	0.0000E+00	0.0000E+00	1.1485E+00
2.2710E+03	0.0000E+00	0.0000E+00	1.1425E+00
2.2720E+03	0.0000E+00	0.0000E+00	1.1401E+00
2.2730E+03	0.0000E+00	0.0000E+00	1.1322E+00
2.2740E+03	0.0000E+00	0.0000E+00	1.1384E+00
2.2750E+03	0.0000E+00	0.0000E+00	1.1465E+00
2.2760E+03	0.0000E+00	0.0000E+00	1.1562E+00
2.2770E+03	0.0000E+00	0.0000E+00	1.1615E+00
2.2780E+03	0.0000E+00	0.0000E+00	1.1709E+00
2.2790E+03	0.0000E+00	0.0000E+00	1.1765E+00
2.2800E+03	0.0000E+00	0.0000E+00	1.1834E+00
2.2810E+03	0.0000E+00	0.0000E+00	1.1848E+00
2.2820E+03	0.0000E+00	0.0000E+00	1.1844E+00
2.2830E+03	0.0000E+00	0.0000E+00	1.1853E+00
2.2840E+03	0.0000E+00	0.0000E+00	1.1830E+00
2.2850E+03	0.0000E+00	0.0000E+00	1.1760E+00
2.2860E+03	0.0000E+00	0.0000E+00	1.1722E+00
2.2870E+03	0.0000E+00	0.0000E+00	1.1655E+00
2.2880E+03	0.0000E+00	0.0000E+00	1.1612E+00
2.2890E+03	0.0000E+00	0.0000E+00	1.1596E+00
2.2900E+03	0.0000E+00	0.0000E+00	1.1555E+00
2.2910E+03	0.0000E+00	0.0000E+00	1.1507E+00
2.2920E+03	0.0000E+00	0.0000E+00	1.1443E+00
2.2930E+03	0.0000E+00	0.0000E+00	1.1365E+00
2.2940E+03	0.0000E+00	0.0000E+00	1.1315E+00
2.2950E+03	0.0000E+00	0.0000E+00	1.1294E+00
2.2960E+03	0.0000E+00	0.0000E+00	1.1226E+00
2.2970E+03	0.0000E+00	0.0000E+00	1.1183E+00
2.2980E+03	0.0000E+00	0.0000E+00	1.1183E+00
2.2990E+03	0.0000E+00	0.0000E+00	1.1166E+00
2.3000E+03	0.0000E+00	0.0000E+00	1.1226E+00
2.3010E+03	0.0000E+00	0.0000E+00	1.1300E+00
2.3020E+03	0.0000E+00	0.0000E+00	1.1404E+00
2.3030E+03	0.0000E+00	0.0000E+00	1.1558E+00
2.3040E+03	0.0000E+00	0.0000E+00	1.1655E+00
2.3050E+03	0.0000E+00	0.0000E+00	1.1732E+00
2.3060E+03	0.0000E+00	0.0000E+00	1.1753E+00
2.3070E+03	0.0000E+00	0.0000E+00	1.1780E+00
2.3080E+03	0.0000E+00	0.0000E+00	1.1752E+00
2.3090E+03	0.0000E+00	0.0000E+00	1.1706E+00
2.3100E+03	0.0000E+00	0.0000E+00	1.1667E+00
2.3110E+03	0.0000E+00	0.0000E+00	1.1597E+00
2.3120E+03	0.0000E+00	0.0000E+00	1.1573E+00
2.3130E+03	0.0000E+00	0.0000E+00	1.1524E+00
2.3140E+03	0.0000E+00	0.0000E+00	1.1483E+00
2.3150E+03	0.0000E+00	0.0000E+00	1.1434E+00
2.3160E+03	0.0000E+00	0.0000E+00	1.1383E+00
2.3170E+03	0.0000E+00	0.0000E+00	1.1332E+00
2.3180E+03	0.0000E+00	0.0000E+00	1.1282E+00
2.3190E+03	0.0000E+00	0.0000E+00	1.1231E+00
2.3200E+03	0.0000E+00	0.0000E+00	1.1181E+00
2.3210E+03	0.0000E+00	0.0000E+00	1.1138E+00
2.3220E+03	0.0000E+00	0.0000E+00	1.1120E+00
2.3230E+03	0.0000E+00	0.0000E+00	1.1158E+00
2.3240E+03	0.0000E+00	0.0000E+00	1.1193E+00
2.3250E+03	0.0000E+00	0.0000E+00	1.1300E+00
2.3260E+03	0.0000E+00	0.0000E+00	1.1378E+00
2.3270E+03	0.0000E+00	0.0000E+00	1.1483E+00
2.3280E+03	0.0000E+00	0.0000E+00	1.1678E+00
2.3290E+03	0.0000E+00	0.0000E+00	1.1806E+00
2.3300E+03	0.0000E+00	0.0000E+00	1.2082E+00
2.3310E+03	0.0000E+00	0.0000E+00	1.2208E+00
2.3320E+03	0.0000E+00	0.0000E+00	1.2227E+00
2.3330E+03	0.0000E+00	0.0000E+00	1.2116E+00
2.3340E+03	0.0000E+00	0.0000E+00	1.1996E+00
2.3350E+03	0.0000E+00	0.0000E+00	1.1901E+00
2.3360E+03	0.0000E+00	0.0000E+00	1.1794E+00
2.3370E+03	0.0000E+00	0.0000E+00	1.1710E+00
2.3380E+03	0.0000E+00	0.0000E+00	1.1630E+00
2.3390E+03	0.0000E+00	0.0000E+00	1.1534E+00
2.3400E+03	0.0000E+00	0.0000E+00	1.1473E+00
2.3410E+03	0.0000E+00	0.0000E+00	1.1440E+00
2.3420E+03	0.0000E+00	0.0000E+00	1.1351E+00
2.3430E+03	0.0000E+00	0.0000E+00	1.1293E+00
2.3440E+03	0.0000E+00	0.0000E+00	1.1210E+00
2.3450E+03	0.0000E+00	0.0000E+00	1.1152E+00
2.3460E+03	0.0000E+00	0.0000E+00	1.1095E+00
2.3470E+03	0.0000E+00	0.0000E+00	1.1376E+00
2.3480E+03	0.0000E+00	0.0000E+00	1.1406E+00
2.3490E+03	0.0000E+00	0.0000E+00	1.1428E+00
2.3500E+03	0.0000E+00	0.0000E+00	1.1484E+00
2.3510E+03	0.0000E+00	0.0000E+00	1.1530E+00
2.3520E+03	0.0000E+00	0.0000E+00	1.1590E+00
2.3530E+03	0.0000E+00	0.0000E+00	1.1651E+00
2.3540E+03	0.0000E+00	0.0000E+00	1.1699E+00
2.3550E+03	0.0000E+00	0.0000E+00	1.1720E+00
2.3560E+03	0.0000E+00	0.0000E+00	1.1698E+00
2.3570E+03	0.0000E+00	0.0000E+00	1.1684E+00
2.3580E+03	0.0000E+00	0.0000E+00	1.1640E+00
2.3590E+03	0.0000E+00	0.0000E+00	1.1605E+00
2.3600E+03	0.0000E+00	0.0000E+00	1.1579E+00
2.3610E+03	0.0000E+00	0.0000E+00	1.1515E+00
2.3620E+03	0.0000E+00	0.0000E+00	1.1501E+00
2.3630E+03	0.0000E+00	0.0000E+00	1.1397E+00
2.3640E+03	0.0000E+00	0.0000E+00	1.1396E+00
2.3650E+03	0.0000E+00	0.0000E+00	1.1427E+00
2.3660E+03	0.0000E+00	0.0000E+00	1.1384E+00
2.3670E+03	0.0000E+00	0.0000E+00	1.1361E+00
2.3680E+03	0.0000E+00	0.0000E+00	1.1259E+00
2.3690E+03	0.0000E+00	0.0000E+00	1.1328E+00
2.3700E+03	0.0000E+00	0.0000E+00	1.1400E+00
2.3710E+03	0.0000E+00	0.0000E+00	1.1408E+00
2.3720E+03	0.0000E+00	0.0000E+00	1.1410E+00
2.3730E+03	0.0000E+00	0.0000E+00	1.1512E+00
2.3740E+03	0.0000E+00	0.0000E+00	1.1591E+00
2.3750E+03	0.0000E+00	0.0000E+00	1.1698E+00
2.3760E+03	0.0000E+00	0.0000E+00	1.1780E+00
2.3770E+03	0.0000E+00	0.0000E+00	1.1814E+00
2.3780E+03	0.0000E+00	0.0000E+00	1.1823E+00
2.3790E+03	0.0000E+00	0.0000E+00	1.1830E+00
2.3800E+03	0.0000E+00	0.0000E+00	1.1791E+00
2.3810E+03	0.0000E+00	0.0000E+00	1.1769E+00
2.3820E+03	0.0000E+00	0.0000E+00	1.1713E+00
2.3830E+03	0.0000E+00	0.0000E+00	1.1633E+00
2.3840E+03	0.0000E+00	0.0000E+00	1.1618E+00
2.3850E+03	0.0000E+00	0.0000E+00	1.1598E+00
2.3860E+03	0.0000E+00	0.0000E+00	1.1548E+00
2.3870E+03	0.0000E+00	0.0000E+00	1.1481E+00
2.3880E+03	0.0000E+00	0.0000E+00	1.1511E+00
2.3890E+03	0.0000E+00	0.0000E+00	1.1455E+00
2.3900E+03	0.0000E+00	0.0000E+00	1.1443E+00
2.3910E+03	0.0000E+00	0.0000E+00	1.1401E+00
2.3920E+03	0.0000E+00	0.0000E+00	1.1364E+00
2.3930E+03	0.0000E+00	0.0000E+00	1.1305E+00
2.3940E+03	0.0000E+00	0.0000E+00	1.1286E+00
2.3950E+03	0.0000E+00	0.0000E+00	1.1376E+00
2.3960E+03	0.0000E+00	0.0000E+00	1.1376E+00
2.3970E+03	0.0000E+00	0.0000E+00	1.1437E+00
2.3980E+03	0.0000E+00	0.0000E+00	1.1512E+00
2.3990E+03	0.0000E+00	0.0000E+00	1.1590E+00
2.4000E+03	0.0000E+00	0.0000E+00	1.1666E+00
2.4010E+03	0.0000E+00	0.0000E+00	1.1732E+00
2.4020E+03	0.0000E+00	0.0000E+00	1.1775E+00
2.4030E+03	0.0000E+00	0.0000E+00	1.1768E+00
2.4040E+03	0.0000E+00	0.0000E+00	1.1753E+00
2.4050E+03	0.0000E+00	0.0000E+00	1.1719E+00
2.4060E+03	0.0000E+00	0.0000E+00	1.1667E+00
2.4070E+03	0.0000E+00	0.0000E+00	1.1643E+00
2.4080E+03	0.0000E+00	0.0000E+00	1.1608E+00
2.4090E+03	0.0000E+00	0.0000E+00	1.1568E+00
2.4100E+03	0.0000E+00	0.0000E+00	1.1541E+00
2.4110E+03	0.0000E+00	0.0000E+00	1.1528E+00
2.4120E+03	0.0000E+00	0.0000E+00	1.1488E+00
2.4130E+03	0.0000E+00	0.0000E+00	1.1432E+00
2.4140E+03	0.0000E+00	0.0000E+00	1.1387E+00
2.4150E+03	0.0000E+00	0.0000E+00	1.1357E+00
2.4160E+03	0.0000E+00	0.0000E+00	1.1296E+00
2.4170E+03	0.0000E+00	0.0000E+00	1.1243E+00
2.4180E+03	0.0000E+00	0.0000E+00	1.1227E+00
2.4190E+03	0.0000E+00	0.0000E+00	1.1221E+00
2.4200E+03	0.0000E+00	0.0000E+00	1.1247E+00
2.4210E+03	0.0000E+00	0.0000E+00	1.1323E+00
2.4220E+03	0.0000E+00	0.0000E+00	1.1375E+00
2.4230E+03	0.0000E+00	0.0000E+00	1.1508E+00
2.4240E+03	0.0000E+00	0.0000E+00	1.1604E+00
2.4250E+03	0.0000E+00	0.0000E+00	1.1692E+00
2.4260E+03	0.0000E+00	0.0000E+00	1.1727E+00
2.4270E+03	0.0000E+00	0.0000E+00	1.1710E+00
2.4280E+03	0.0000E+00	0.0000E+00	1.1678E+00
2.4290E+03	0.0000E+00	0.0000E+00	1.1628E+00
2.4300E+03	0.0000E+00	0.0000E+00	1.1586E+00
2.4310E+03	0.0000E+00	0.0000E+00	1.1544E+00
2.4320E+03	0.0000E+00	0.0000E+00	1.1484E+00
2.4330E+03	0.0000E+00	0.0000E+00	1.1439E+00
2.4340E+03	0.0000E+00	0.0000E+00	1.1360E+00
2.4350E+03	0.0000E+00	0.0000E+00	1.1348E+00
2.4360E+03	0.0000E+00	0.0000E+00	1.1281E+00
2.4370E+03	0.0000E+00	0.0000E+00	1.1246E+00
2.4380E+03	0.0000E+00	0.0000E+00	1.1155E+00
2.4390E+03	0.0000E+00	0.0000E+00	1.1121E+00
2.4400E+03	0.0000E+00	0.0000E+00	1.1045E+00
2.4410E+03	0.0000E+00	0.0000E+00	1.1006E+00
2.4420E+03	0.0000E+00	0.0000E+00	1.0972E+00
2.4430E+03	0.0000E+00	0.0000E+00	1.0983E+00
2.4440E+03	0.0000E+00	0.0000E+00	1.0999E+00
2.4450E+03	0.0000E+00	0.0000E+00	1.1042E+00
2.4460E+03	0.0000E+00	0.0000E+00	1.1175E+00
2.4470E+03	0.0000E+00	0.0000E+00	1.1307E+00
2.4480E+03	0.0000E+00	0.0000E+00	1.1444E+00
2.4490E+03	0.0000E+00	0.0000E+00	1.1511E+00
2.4500E+03	0.0000E+00	0.0000E+00	1.1543E+00
2.4510E+03	0.0000E+00	0.0000E+00	1.1577E+00
2.4520E+03	0.0000E+00	0.0000E+00	1.1539E+00
2.4530E+03	0.0000E+00	0.0000E+00	1.1492E+00
2.4540E+03	0.0000E+00	0.0000E+00	1.1436E+00
2.4550E+03	0.0000E+00	0.0000E+00	1.1379E+00
2.4560E+03	0.0000E+00	0.0000E+00	1.1335E+00
2.4570E+03	0.0000E+00	0.0000E+00	1.1280E+00
2.4580E+03	0.0000E+00	0.0000E+00	1.1233E+00
2.4590E+03	0.0000E+00	0.0000E+00	1.1172E+00
2.4600E+03	0.0000E+00	0.0000E+00	1.1133E+00
2.4610E+03	0.0000E+00	0.0000E+00	1.1117E+00
2.4620E+03	0.0000E+00	0.0000E+00	1.1061E+00
2.4630E+03	0.0000E+00	0.0000E+00	1.0982E+00
2.4640E+03	0.0000E+00	0.0000E+00	1.0939E+00
2.4650E+03	0.0000E+00	0.0000E+00	1.0884E+00
2.4660E+03	0.0000E+00	0.0000E+00	1.0862E+00
2.4670E+03	0.0000E+00	0.0000E+00	1.0890E+00
2.4680E+03	0.0000E+00	0.0000E+00	1.0997E+00
2.4690E+03	0.0000E+00	0.0000E+00	1.1154E+00
2.4700E+03	0.0000E+00	0.0000E+00	1.1299E+00
2.4710E+03	0.0000E+00	0.0000E+00	1.1597E+00
2.4720E+03	0.0000E+00	0.0000E+00	1.1915E+00
2.4730E+03	0.0000E+00	0.0000E+00	1.2155E+00
2.4740E+03	0.0000E+00	0.0000E+00	1.2209E+00
2.4750E+03	0.0000E+00	0.0000E+00	1.2191E+00
2.4760E+03	0.0000E+00	0.0000E+00	1.2146E+00
2.4770E+03	0.0000E+00	0.0000E+00	1.2045E+00
2.4780E+03	0.0000E+00	0.0000E+00	1.1902E+00
2.4790E+03	0.0000E+00	0.0000E+00	1.1820E+00
2.4800E+03	0.0000E+00	0.0000E+00	1.1738E+00
2.4810E+03	0.0000E+00	0.0000E+00	1.1644E+00
2.4820E+03	0.0000E+00	0.0000E+00	1.1569E+00
2.4830E+03	0.0000E+00	0.0000E+00	1.1494E+00
2.4840E+03	0.0000E+00	0.0000E+00	1.1370E+00
2.4850E+03	0.0000E+00	0.0000E+00	1.1351E+00
2.4860E+03	0.0000E+00	0.0000E+00	1.1284E+00
2.4870E+03	0.0000E+00	0.0000E+00	1.1213E+00
2.4880E+03	0.0000E+00	0.0000E+00	1.1197E+00
2.4890E+03	0.0000E+00	0.0000E+00	1.1127E+00
2.4900E+03	0.0000E+00	0.0000E+00	1.1062E+00
2.4910E+03	0.0000E+00	0.0000E+00	1.1066E+00
2.4920E+03	0.0000E+00	0.0000E+00	1.1088E+00
2.4930E+03	0.0000E+00	0.0000E+00	1.1093E+00
2.4940E+03	0.0000E+00	0.0000E+00	1.1189E+00
2.4950E+03	0.0000E+00	0.0000E+00	1.1236E+00
2.4960E+03	0.0000E+00	0.0000E+00	1.1291E+00
2.4970E+03	0.0000E+00	0.0000E+00	1.1330E+00
2.4980E+03	0.0000E+00	0.0000E+00	1.1331E+00
2.4990E+03	0.0000E+00	0.0000E+00	1.1335E+00
2.5000E+03	0.0000E+00	0.0000E+00	1.1280E+00
2.5010E+03	0.0000E+00	0.0000E+00	1.1236E+00
2.5020E+03	0.0000E+00	0.0000E+00	1.1188E+00
2.5030E+03	0.0000E+00	0.0000E+00	1.1157E+00
2.5040E+03	0.0000E+00	0.0000E+00	1.1164E+00
2.5050E+03	0.0000E+00	0.0000E+00	1.1088E+00
2.5060E+03	0.0000E+00	0.0000E+00	1.1075E+00
2.5070E+03	0.0000E+00	0.0000E+00	1.1062E+00
2.5080E+03	0.0000E+00	0.0000E+00	1.1040E+00
2.5090E+03	0.0000E+00	0.0000E+00	1.0995E+00
2.5100E+03	0.0000E+00	0.0000E+00	1.0970E+00
2.5110E+03	0.0000E+00	0.0000E+00	1.0964E+00
2.5120E+03	0.0000E+00	0.0000E+00	1.0917E+00
2.5130E+03	0.0000E+00	0.0000E+00	1.0925E+00
2.5140E+03	0.0000E+00	0.0000E+00	1.0885E+00
2.5150E+03	0.0000E+00	0.0000E+00	1.1007E+00
2.5160E+03	0.0000E+00	0.0000E+00	1.1212E+00
2.5170E+03	0.0000E+00	0.0000E+00	1.1167E+00
2.5180E+03	0.0000E+00	0.0000E+00	1.1132E+00
2.5190E+03	0.0000E+00	0.0000E+00	1.1131E+00
2.5200E+03	0.0000E+00	0.0000E+00	1.1206E+00
2.5210E+03	0.0000E+00	0.0000E+00	1.1287E+00
2.5220E+03	0.0000E+00	0.0000E+00	1.1285E+00
2.5230E+03	0.0000E+00	0.0000E+00	1.1278E+00
2.5240E+03	0.0000E+00	0.0000E+00	1.1265E+00
2.5250E+03	0.0000E+00	0.0000E+00	1.1208E+00
2.5260E+03	0.0000E+00	0.0000E+00	1.1174E+00
2.5270E+03	0.0000E+00	0.0000E+00	1.1146E+00
2.5280E+03	0.0000E+00	0.0000E+00	1.1139E+00
2.5290E+03	0.0000E+00	0.0000E+00	1.1117E+00
2.5300E+03	0.0000E+00	0.0000E+00	1.1039E+00
2.5310E+03	0.0000E+00	0.0000E+00	1.1034E+00
2.5320E+03	0.0000E+00	0.0000E+00	1.1019E+00
2.5330E+03	0.0000E+00	0.0000E+00	1.0966E+00
2.5340E+03	0.0000E+00	0.0000E+00	1.0894E+00
2.5350E+03	0.0000E+00	0.0000E+00	1.0879E+00
2.5360E+03	0.0000E+00	0.0000E+00	1.0813E+00
2.5370E+03	0.0000E+00	0.0000E+00	1.0787E+00
2.5380E+03	0.0000E+00	0.0000E+00	1.0753E+00
2.5390E+03	0.0000E+00	0.0000E+00	1.0691E+00
2.5400E+03	0.0000E+00	0.0000E+00	1.0685E+00
2.5410E+03	0.0000E+00	0.0000E+00	1.0720E+00
2.5420E+03	0.0000E+00	0.0000E+00	1.0784E+00
2.5430E+03	0.0000E+00	0.0000E+00	1.0834E+00
2.5440E+03	0.0000E+00	0.0000E+00	1.0944E+00
2.5450E+03	0.0000E+00	0.0000E+00	1.1078E+00
2.5460E+03	0.0000E+00	0.0000E+00	1.1103E+00
2.5470E+03	0.0000E+00	0.0000E+00	1.1153E+00
2.5480E+03	0.0000E+00	0.0000E+00	1.1126E+00
2.5490E+03	0.0000E+00	0.0000E+00	1.1107E+00
2.5500E+03	0.0000E+00	0.0000E+00	1.1075E+00
2.5510E+03	0.0000E+00	0.0000E+00	1.1021E+00
2.5520E+03	0.0000E+00	0.0000E+00	1.0971E+00
2.5530E+03	0.0000E+00	0.0000E+00	1.0964E+00
2.5540E+03	0.0000E+00	0.0000E+00	1.0921E+00
2.5550E+03	0.0000E+00	0.0000E+00	1.0914E+00
2.5560E+03	0.0000E+00	0.0000E+00	1.0853E+00
2.5570E+03	0.0000E+00	0.0000E+00	1.0819E+00
2.5580E+03	0.0000E+00	0.0000E+00	1.0778E+00
2.5590E+03	0.0000E+00	0.0000E+00	1.0702E+00
2.5600E+03	0.0000E+00	0.0000E+00	1.0682E+00
2.5610E+03	0.0000E+00	0.0000E+00	1.0645E+00
2.5620E+03	0.0000E+00	0.0000E+00	1.0611E+00
2.5630E+03	0.0000E+00	0.0000E+00	1.0574E+00
2.5640E+03	0.0000E+00	0.0000E+00	1.0607E+00
2.5650E+03	0.0000E+00	0.0000E+00	1.0607E+00
2.5660E+03	0.0000E+00	0.0000E+00	1.0699E+00
2.5670E+03	0.0000E+00	0.0000E+00	1.0776E+00
2.5680E+03	0.0000E+00	0.0000E+00	1.0812E+00
2.5690E+03	0.0000E+00	0.0000E+00	1.0844E+00
2.5700E+03	0.0000E+00	0.0000E+00	1.0853E+00
2.5710E+03	0.0000E+00	0.0000E+00	1.0886E+00
2.5720E+03	0.0000E+00	0.0000E+00	1.0867E+00
2.5730E+03	0.0000E+00	0.0000E+00	1.0832E+00
2.5740E+03	0.0000E+00	0.0000E+00	1.0833E+00
2.5750E+03	0.0000E+00	0.0000E+00	1.0766E+00
2.5760E+03	0.0000E+00	0.0000E+00	1.0724E+00
2.5770E+03	0.0000E+00	0.0000E+00	1.0732E+00
2.5780E+03	0.0000E+00	0.0000E+00	1.0699E+00
2.5790E+03	0.0000E+00	0.0000E+00	1.0667E+00
2.5800E+03	0.0000E+00	0.0000E+00	1.0661E+00
2.5810E+03	0.0000E+00	0.0000E+00	1.0635E+00
2.5820E+03	0.0000E+00	0.0000E+00	1.0595E+00
2.5830E+03	0.0000E+00	0.0000E+00	1.0586E+00
2.5840E+03	0.0000E+00	0.0000E+00	1.0530E+00
2.5850E+03	0.0000E+00	0.0000E+00	1.0507E+00
2.5860E+03	0.0000E+00	0.0000E+00	1.0556E+00
2.5870E+03	0.0000E+00	0.0000E+00	1.0764E+00
2.5880E+03	0.0000E+00	0.0000E+00	1.0893E+00
2.5890E+03	0.0000E+00	0.0000E+00	1.0974E+00
2.5900E+03	0.0000E+00	0.0000E+00	1.1063E+00
2.5910E+03	0.0000E+00	0.0000E+00	1.1353E+00
2.5920E+03	0.0000E+00	0.0000E+00	1.1548E+00
2.5930E+03	0.0000E+00	0.0000E+00	1.1609E+00
2.5940E+03	0.0000E+00	0.0000E+00	1.1639E+00
2.5950E+03	0.0000E+00	0.0000E+00	1.1638E+00
2.5960E+03	0.0000E+00	0.0000E+00	1.1536E+00
2.5970E+03	0.0000E+00	0.0000E+00	1.1522E+00
2.5980E+03	0.0000E+00	0.0000E+00	1.1397E+00
2.5990E+03	0.0000E+00	0.0000E+00	1.1339E+00
2.6000E+03	0.0000E+00	0.0000E+00	1.1288E+00
2.6010E+03	0.0000E+00	0.0000E+00	1.1228E+00
2.6020E+03	0.0000E+00	0.0000E+00	1.1207E+00
2.6030E+03	0.0000E+00	0.0000E+00	1.1111E+00
2.6040E+03	0.0000E+00	0.0000E+00	1.1074E+00
2.6050E+03	0.0000E+00	0.0000E+00	1.1014E+00
2.6060E+03	0.0000E+00	0.0000E+00	1.0921E+00
2.6070E+03	0.0000E+00	0.0000E+00	1.0857E+00
2.6080E+03	0.0000E+00	0.0000E+00	1.0819E+00
2.6090E+03	0.0000E+00	0.0000E+00	1.0761E+00
2.6100E+03	0.0000E+00	0.0000E+00	1.0718E+00
2.6110E+03	0.0000E+00	0.0000E+00	1.0681E+00
2.6120E+03	0.0000E+00	0.0000E+00	1.0682E+00
2.6130E+03	0.0000E+00	0.0000E+00	1.0739E+00
2.6140E+03	0.0000E+00	0.0000E+00	1.0777E+00
2.6150E+03	0.0000E+00	0.0000E+00	1.0933E+00
2.6160E+03	0.0000E+00	0.0000E+00	1.1034E+00
2.6170E+03	0.0000E+00	0.0000E+00	1.1042E+00
2.6180E+03	0.0000E+00	0.0000E+00	1.1093E+00
2.6190E+03	0.0000E+00	0.0000E+00	1.1048E+00
2.6200E+03	0.0000E+00	0.0000E+00	1.1039E+00
2.6210E+03	0.0000E+00	0.0000E+00	1.1031E+00
2.6220E+03	0.0000E+00	0.0000E+00	1.0983E+00
2.6230E+03	0.0000E+00	0.0000E+00	1.0917E+00
2.6240E+03	0.0000E+00	0.0000E+00	1.0863E+00
2.6250E+03	0.0000E+00	0.0000E+00	1.0814E+00
2.6260E+03	0.0000E+00	0.0000E+00	1.0805E+00
2.6270E+03	0.0000E+00	0.0000E+00	1.0721E+00
2.6280E+03	0.0000E+00	0.0000E+00	1.0709E+00
2.6290E+03	0.0000E+00	0.0000E+00	1.0634E+00
2.6300E+03	0.0000E+00	0.0000E+00	1.0622E+00
2.6310E+03	0.0000E+00	0.0000E+00	1.0540E+00
2.6320E+03	0.0000E+00	0.0000E+00	1.0510E+00
2.6330E+03	0.0000E+00	0.0000E+00	1.0463E+00
2.6340E+03	0.0000E+00	0.0000E+00	1.0406E+00
2.6350E+03	0.0000E+00	0.0000E+00	1.0419E+00
2.6360E+03	0.0000E+00	0.0000E+00	1.0372E+00
2.6370E+03	0.0000E+00	0.0000E+00	1.0406E+00
2.6380E+03	0.0000E+00	0.0000E+00	1.0417E+00
2.6390E+03	0.0000E+00	0.0000E+00	1.0459E+00
2.6400E+03	0.0000E+00	0.0000E+00	1.0514E+00
2.6410E+03	0.0000E+00	0.0000E+00	1.0590E+00
2.6420E+03	0.0000E+00	0.0000E+00	1.0622E+00
2.6430E+03	0.0000E+00	0.0000E+00	1.0662E+00
2.6440E+03	0.0000E+00	0.0000E+00	1.0682E+00
2.6450E+03	0.0000E+00	0.0000E+00	1.0653E+00
2.6460E+03	0.0000E+00	0.0000E+00	1.0616E+00
2.6470E+03	0.0000E+00	0.0000E+00	1.0590E+00
2.6480E+03	0.0000E+00	0.0000E+00	1.0552E+00
2.6490E+03	0.0000E+00	0.0000E+00	1.0514E+00
2.6500E+03	0.0000E+00	0.0000E+00	1.0538E+00
2.6510E+03	0.0000E+00	0.0000E+00	1.0505E+00
2.6520E+03	0.0000E+00	0.0000E+00	1.0482E+00
2.6530E+03	0.0000E+00	0.0000E+00	1.0416E+00
2.6540E+03	0.0000E+00	0.0000E+00	1.0383E+00
2.6550E+03	0.0000E+00	0.0000E+00	1.0352E+00
2.6560E+03	0.0000E+00	0.0000E+00	1.0381E+00
2.6570E+03	0.0000E+00	0.0000E+00	1.0316E+00
2.6580E+03	0.0000E+00	0.0000E+00	1.0311E+00
2.6590E+03	0.0000E+00	0.0000E+00	1.0283E+00
2.6600E+03	0.0000E+00	0.0000E+00	1.0278E+00
2.6610E+03	0.0000E+00	0.0000E+00	1.0272E+00
2.6620E+03	0.0000E+00	0.0000E+00	1.0334E+00
2.6630E+03	0.0000E+00	0.0000E+00	1.0373E+00
2.6640E+03	0.0000E+00	0.0000E+00	1.0431E+00
2.6650E+03	0.0000E+00	0.0000E+00	1.0502E+00
2.6660E+03	0.0000E+00	0.0000E+00	1.0553E+00
2.6670E+03	0.0000E+00	0.0000E+00	1.0580E+00
2.6680E+03	0.0000E+00	0.0000E+00	1.0597E+00
2.6690E+03	0.0000E+00	0.0000E+00	1.0559E+00
2.6700E+03	0.0000E+00	0.0000E+00	1.0541E+00
2.6710E+03	0.0000E+00	0.0000E+00	1.0530E+00
2.6720E+03	0.0000E+00	0.0000E+00	1.0522E+00
2.6730E+03	0.0000E+00	0.0000E+00	1.0479E+00
2.6740E+03	0.0000E+00	0.0000E+00	1.0471E+00
2.6750E+03	0.0000E+00	0.0000E+00	1.0354E+00
2.6760E+03	0.0000E+00	0.0000E+00	1.0360E+00
2.6770E+03	0.0000E+00	0.0000E+00	1.0317E+00
2.6780E+03	0.0000E+00	0.0000E+00	1.0276E+00
2.6790E+03	0.0000E+00	0.0000E+00	1.0282E+00
2.6800E+03	0.0000E+00	0.0000E+00	1.0225E+00
2.6810E+03	0.0000E+00	0.0000E+00	1.0235E+00
2.6820E+03	0.0000E+00	0.0000E+00	1.0202E+00
2.6830E+03	0.0000E+00	0.0000E+00	1.0196E+00
2.6840E+03	0.0000E+00	0.0000E+00	1.0224E+00
2.6850E+03	0.0000E+00	0.0000E+00	1.0193E+00
2.6860E+03	0.0000E+00	0.0000E+00	1.0184E+00
2.6870E+03	0.0000E+00	0.0000E+00	1.0217E+00
2.6880E+03	0.0000E+00	0.0000E+00	1.0269E+00
2.6890E+03	0.0000E+00	0.0000E+00	1.0349E+00
2.6900E+03	0.0000E+00	0.0000E+00	1.0397E+00
2.6910E+03	0.0000E+00	0.0000E+00	1.0526E+00
2.6920E+03	0.0000E+00	0.0000E+00	1.0558E+00
2.6930E+03	0.0000E+00	0.0000E+00	1.0523E+00
2.6940E+03	0.0000E+00	0.0000E+00	1.0510E+00
2.6950E+03	0.0000E+00	0.0000E+00	1.0485E+00
2.6960E+03	0.0000E+00	0.0000E+00	1.0436E+00
2.6970E+03	0.0000E+00	0.0000E+00	1.0423E+00
2.6980E+03	0.0000E+00	0.0000E+00	1.0407E+00
2.6990E+03	0.0000E+00	0.0000E+00	1.0456E+00
2.7000E+03	0.0000E+00	0.0000E+00	1.0455E+00
2.7010E+03	0.0000E+00	0.0000E+00	1.0432E+00
2.7020E+03	0.0000E+00	0.0000E+00	1.0397E+00
2.7030E+03	0.0000E+00	0.0000E+00	1.0366E+00
2.7040E+03	0.0000E+00	0.0000E+00	1.0354E+00
2.7050E+03	0.0000E+00	0.0000E+00	1.0360E+00
2.7060E+03	0.0000E+00	0.0000E+00	1.0330E+00
2.7070E+03	0.0000E+00	0.0000E+00	1.0308E+00
2.7080E+03	0.0000E+00	0.0000E+00	1.0280E+00
2.7090E+03	0.0000E+00	0.0000E+00	1.0255E+00
2.7100E+03	0.0000E+00	0.0000E+00	1.0307E+00
2.7110E+03	0.0000E+00	0.0000E+00	1.0374E+00
2.7120E+03	0.0000E+00	0.0000E+00	1.0478E+00
2.7130E+03	0.0000E+00	0.0000E+00	1.0566E+00
2.7140E+03	0.0000E+00	0.0000E+00	1.0596E+00
2.7150E+03	0.0000E+00	0.0000E+00	1.0594E+00
2.7160E+03	0.0000E+00	0.0000E+00	1.0618E+00
2.7170E+03	0.0000E+00	0.0000E+00	1.0627E+00
2.7180E+03	0.0000E+00	0.0000E+00	1.0619E+00
2.7190E+03	0.0000E+00	0.0000E+00	1.0606E+00
2.7200E+03	0.0000E+00	0.0000E+00	1.0586E+00
2.7210E+03	0.0000E+00	0.0000E+00	1.0569E+00
2.7220E+03	0.0000E+00	0.0000E+00	1.0550E+00
2.7230E+03	0.0000E+00	0.0000E+00	1.0487E+00
2.7240E+03	0.0000E+00	0.0000E+00	1.0497E+00
2.7250E+03	0.0000E+00	0.0000E+00	1.0506E+00
2.7260E+03	0.0000E+00	0.0000E+00	1.0428E+00
2.7270E+03	0.0000E+00	0.0000E+00	1.0393E+00
2.7280E+03	0.0000E+00	0.0000E+00	1.0336E+00
2.7290E+03	0.0000E+00	0.0000E+00	1.0332E+00
2.7300E+03	0.0000E+00	0.0000E+00	1.0321E+00
2.7310E+03	0.0000E+00	0.0000E+00	1.0278E+00
2.7320E+03	0.0000E+00	0.0000E+00	1.0302E+00
2.7330E+03	0.0000E+00	0.0000E+00	1.0296E+00
2.7340E+03	0.0000E+00	0.0000E+00	1.0309E+00
2.7350E+03	0.0000E+00	0.0000E+00	1.0344E+00
2.7360E+03	0.0000E+00	0.0000E+00	1.0364E+00
2.7370E+03	0.0000E+00	0.0000E+00	1.0413E+00
2.7380E+03	0.0000E+00	0.0000E+00	1.0470E+00
2.7390E+03	0.0000E+00	0.0000E+00	1.0511E+00
2.7400E+03	0.0000E+00	0.0000E+00	1.0536E+00
2.7410E+03	0.0000E+00	0.0000E+00	1.0566E+00
2.7420E+03	0.0000E+00	0.0000E+00	1.0547E+00
2.7430E+03	0.0000E+00	0.0000E+00	1.0540E+00
2.7440E+03	0.0000E+00	0.0000E+00	1.0531E+00
2.7450E+03	0.0000E+00	0.0000E+00	1.0521E+00
2.7460E+03	0.0000E+00	0.0000E+00	1.0483E+00
2.7470E+03	0.0000E+00	0.0000E+00	1.0481E+00
2.7480E+03	0.0000E+00	0.0000E+00	1.0461E+00
2.7490E+03	0.0000E+00	0.0000E+00	1.0502E+00
2.7500E+03	0.0000E+00	0.0000E+00	1.0492E+00
2.7510E+03	0.0000E+00	0.0000E+00	1.0517E+00
2.7520E+03	0.0000E+00	0.0000E+00	1.0502E+00
2.7530E+03	0.0000E+00	0.0000E+00	1.0522E+00
2.7540E+03	0.0000E+00	0.0000E+00	1.0562E+00
2.7550E+03	0.0000E+00	0.0000E+00	1.0615E+00
2.7560E+03	0.0000E+00	0.0000E+00	1.0646E+00
2.7570E+03	0.0000E+00	0.0000E+00	1.0647E+00
2.7580E+03	0.0000E+00	0.0000E+00	1.0607E+00
2.7590E+03	0.0000E+00	0.0000E+00	1.0604E+00
2.7600E+03	0.0000E+00	0.0000E+00	1.0632E+00
2.7610E+03	0.0000E+00	0.0000E+00	1.0614E+00
2.7620E+03	0.0000E+00	0.0000E+00	1.0632E+00
2.7630E+03	0.0000E+00	0.0000E+00	1.0618E+00
2.7640E+03	0.0000E+00	0.0000E+00	1.0603E+00
2.7650E+03	0.0000E+00	0.0000E+00	1.0577E+00
2.7660E+03	0.0000E+00	0.0000E+00	1.0620E+00
2.7670E+03	0.0000E+00	0.0000E+00	1.0614E+00
2.7680E+03	0.0000E+00	0.0000E+00	1.0562E+00
2.7690E+03	0.0000E+00	0.0000E+00	1.0530E+00
2.7700E+03	0.0000E+00	0.0000E+00	1.0489E+00
2.7710E+03	0.0000E+00	0.0000E+00	1.0462E+00
2.7720E+03	0.0000E+00	0.0000E+00	1.0439E+00
2.7730E+03	0.0000E+00	0.0000E+00	1.0422E+00
2.7740E+03	0.0000E+00	0.0000E+00	1.0391E+00
2.7750E+03	0.0000E+00	0.0000E+00	1.0358E+00
2.7760E+03	0.0000E+00	0.0000E+00	1.0330E+00
2.7770E+03	0.0000E+00	0.0000E+00	1.0306E+00
2.7780E+03	0.0000E+00	0.0000E+00	1.0245E+00
2.7790E+03	0.0000E+00	0.0000E+00	1.0248E+00
2.7800E+03	0.0000E+00	0.0000E+00	1.0184E+00
2.7810E+03	0.0000E+00	0.0000E+00	1.0184E+00
2.7820E+03	0.0000E+00	0.0000E+00	1.0168E+00
2.7830E+03	0.0000E+00	0.0000E+00	1.0192E+00
2.7840E+03	0.0000E+00	0.0000E+00	1.0242E+00
2.7850E+03	0.0000E+00	0.0000E+00	1.0302E+00
2.7860E+03	0.0000E+00	0.0000E+00	1.0317E+00
2.7870E+03	0.0000E+00	0.0000E+00	1.0351E+00
2.7880E+03	0.0000E+00	0.0000E+00	1.0355E+00
2.7890E+03	0.0000E+00	0.0000E+00	1.0378E+00
2.7900E+03	0.0000E+00	0.0000E+00	1.0331E+00
2.7910E+03	0.0000E+00	0.0000E+00	1.0308E+00
2.7920E+03	0.0000E+00	0.0000E+00	1.0274E+00
2.7930E+03	0.0000E+00	0.0000E+00	1.0297E+00
2.7940E+03	0.0000E+00	0.0000E+00	1.0274E+00
2.7950E+03	0.0000E+00	0.0000E+00	1.0231E+00
2.7960E+03	0.0000E+00	0.0000E+00	1.0229E+00
2.7970E+03	0.0000E+00	0.0000E+00	1.0218E+00
2.7980E+03	0.0000E+00	0.0000E+00	1.0207E+00
2.7990E+03	0.0000E+00	0.0000E+00	1.0178E+00
2.8000E+03	0.0000E+00	0.0000E+00	1.0164E+00
2.8010E+03	0.0000E+00	0.0000E+00	1.0130E+00
2.8020E+03	0.0000E+00	0.0000E+00	1.0077E+00
2.8030E+03	0.0000E+00	0.0000E+00	1.0062E+00
2.8040E+03	0.0000E+00	0.0000E+00	1.0066E+00
2.8050E+03	0.0000E+00	0.0000E+00	9.9970E-01
2.8060E+03	0.0000E+00	0.0000E+00	9.9908E-01
2.8070E+03	0.0000E+00	0.0000E+00	1.0023E+00
2.8080E+03	0.0000E+00	0.0000E+00	1.0065E+00
2.8090E+03	0.0000E+00	0.0000E+00	1.0067E+00
2.8100E+03	0.0000E+00	0.0000E+00	1.0131E+00
2.8110E+03	0.0000E+00	0.0000E+00	1.0133E+00
2.8120E+03	0.0000E+00	0.0000E+00	1.0147E+00
2.8130E+03	0.0000E+00	0.0000E+00	1.0153E+00
2.8140E+03	0.0000E+00	0.0000E+00	1.0153E+00
2.8150E+03	0.0000E+00	0.0000E+00	1.0122E+00
2.8160E+03	0.0000E+00	0.0000E+00	1.0129E+00
2.8170E+03	0.0000E+00	0.0000E+00	1.0130E+00
2.8180E+03	0.0000E+00	0.0000E+00	1.0148E+00
2.8190E+03	0.0000E+00	0.0000E+00	1.0109E+00
2.8200E+03	0.0000E+00	0.0000E+00	1.0085E+00
2.8210E+03	0.0000E+00	0.0000E+00	1.0103E+00
2.8220E+03	0.0000E+00	0.0000E+00	1.0055E+00
2.8230E+03	0.0000E+00	0.0000E+00	1.0022E+00
2.8240E+03	0.0000E+00	0.0000E+00	1.0027E+00
2.8250E+03	0.0000E+00	0.0000E+00	1.0023E+00
2.8260E+03	0.0000E+00	0.0000E+00	9.9773E-01
2.8270E+03	0.0000E+00	0.0000E+00	9.9951E-01
2.8280E+03	0.0000E+00	0.0000E+00	9.9712E-01
2.8290E+03	0.0000E+00	0.0000E+00	9.9209E-01
2.8300E+03	0.0000E+00	0.0000E+00	9.9126E-01
2.8310E+03	0.0000E+00	0.0000E+00	9.9021E-01
2.8320E+03	0.0000E+00	0.0000E+00	9.9272E-01
2.8330E+03	0.0000E+00	0.0000E+00	9.9338E-01
2.8340E+03	0.0000E+00	0.0000E+00	9.9355E-01
2.8350E+03	0.0000E+00	0.0000E+00	9.9758E-01
2.8360E+03	0.0000E+00	0.0000E+00	1.0027E+00
2.8370E+03	0.0000E+00	0.0000E+00	1.0026E+00
2.8380E+03	0.0000E+00	0.0000E+00	1.0010E+00
2.8390E+03	0.0000E+00	0.0000E+00	9.9992E-01
2.8400E+03	0.0000E+00	0.0000E+00	1.0003E+00
2.8410E+03	0.0000E+00	0.0000E+00	9.9902E-01
2.8420E+03	0.0000E+00	0.0000E+00	9.9944E-01
2.8430E+03	0.0000E+00	0.0000E+00	1.0013E+00
2.8440E+03	0.0000E+00	0.0000E+00	9.9814E-01
2.8450E+03	0.0000E+00	0.0000E+00	9.9824E-01
2.8460E+03	0.0000E+00	0.0000E+00	9.9737E-01
2.8470E+03	0.0000E+00	0.0000E+00	9.9475E-01
2.8480E+03	0.0000E+00	0.0000E+00	9.9334E-01
2.8490E+03	0.0000E+00	0.0000E+00	9.9164E-01
2.8500E+03	0.0000E+00	0.0000E+00	9.8868E-01
2.8510E+03	0.0000E+00	0.0000E+00	9.9014E-01
2.8520E+03	0.0000E+00	0.0000E+00	9.8636E-01
2.8530E+03	0.0000E+00	0.0000E+00	9.8313E-01
2.8540E+03	0.0000E+00	0.0000E+00	9.8182E-01
2.8550E+03	0.0000E+00	0.0000E+00	9.8030E-01
2.8560E+03	0.0000E+00	0.0000E+00	9.8002E-01
2.8570E+03	0.0000E+00	0.0000E+00	9.8636E-01
2.8580E+03	0.0000E+00	0.0000E+00	9.9113E-01
2.8590E+03	0.0000E+00	0.0000E+00	9.9380E-01
2.8600E+03	0.0000E+00	0.0000E+00	9.9739E-01
2.8610E+03	0.0000E+00	0.0000E+00	9.9713E-01
2.8620E+03	0.0000E+00	0.0000E+00	9.9833E-01
2.8630E+03	0.0000E+00	0.0000E+00	9.9387E-01
2.8640E+03	0.0000E+00	0.0000E+00	9.9433E-01
2.8650E+03	0.0000E+00	0.0000E+00	9.9456E-01
2.8660E+03	0.0000E+00	0.0000E+00	9.9366E-01
2.8670E+03	0.0000E+00	0.0000E+00	9.9317E-01
2.8680E+03	0.0000E+00	0.0000E+00	9.9076E-01
2.8690E+03	0.0000E+00	0.0000E+00	9.9006E-01
2.8700E+03	0.0000E+00	0.0000E+00	9.8808E-01
2.8710E+03	0.0000E+00	0.0000E+00	9.8813E-01
2.8720E+03	0.0000E+00	0.0000E+00	9.8658E-01
2.8730E+03	0.0000E+00	0.0000E+00	9.8321E-01
2.8740E+03	0.0000E+00	0.0000E+00	9.8220E-01
2.8750E+03	0.0000E+00	0.0000E+00	9.8321E-01
2.8760E+03	0.0000E+00	0.0000E+00	9.8066E-01
2.8770E+03	0.0000E+00	0.0000E+00	9.8090E-01
2.8780E+03	0.0000E+00	0.0000E+00	9.7943E-01
2.8790E+03	0.0000E+00	0.0000E+00	9.7679E-01
2.8800E+03	0.0000E+00	0.0000E+00	9.8139E-01
2.8810E+03	0.0000E+00	0.0000E+00	9.8026E-01
2.8820E+03	0.0000E+00	0.0000E+00	9.8516E-01
2.8830E+03	0.0000E+00	0.0000E+00	9.8942E-01
2.8840E+03	0.0000E+00	0.0000E+00	9.9021E-01
2.8850E+03	0.0000E+00	0.0000E+00	9.8906E-01
2.8860E+03	0.0000E+00	0.0000E+00	9.9074E-01
2.8870E+03	0.0000E+00	0.0000E+00	9.8594E-01
2.8880E+03	0.0000E+00	0.0000E+00	9.8866E-01
2.8890E+03	0.0000E+00	0.0000E+00	9.8973E-01
2.8900E+03	0.0000E+00	0.0000E+00	9.8980E-01
2.8910E+03	0.0000E+00	0.0000E+00	9.8762E-01
2.8920E+03	0.0000E+00	0.0000E+00	9.8982E-01
2.8930E+03	0.0000E+00	0.0000E+00	9.8329E-01
2.8940E+03	0.0000E+00	0.0000E+00	9.8808E-01
2.8950E+03	0.0000E+00	0.0000E+00	9.8362E-01
2.8960E+03	0.0000E+00	0.0000E+00	9.7897E-01
2.8970E+03	0.0000E+00	0.0000E+00	9.8092E-01
2.8980E+03	0.0000E+00	0.0000E+00	9.7680E-01
2.8990E+03	0.0000E+00	0.0000E+00	9.7804E-01
2.9000E+03	0.0000E+00	0.0000E+00	9.7576E-01
2.9010E+03	0.0000E+00	0.0000E+00	9.7326E-01
2.9020E+03	0.0000E+00	0.0000E+00	9.7093E-01
2.9030E+03	0.0000E+00	0.0000E+00	9.7392E-01
2.9040E+03	0.0000E+00	0.0000E+00	9.7140E-01
2.9050E+03	0.0000E+00	0.0000E+00	9.7307E-01
2.9060E+03	0.0000E+00	0.0000E+00	9.7659E-01
2.9070E+03	0.0000E+00	0.0000E+00	9.7331E-01
2.9080E+03	0.0000E+00	0.0000E+00	9.8149E-01
2.9090E+03	0.0000E+00	0.0000E+00	9.8263E-01
2.9100E+03	0.0000E+00	0.0000E+00	9.8348E-01
2.9110E+03	0.0000E+00	0.0000E+00	9.8232E-01
2.9120E+03	0.0000E+00	0.0000E+00	9.8358E-01
2.9130E+03	0.0000E+00	0.0000E+00	9.8286E-01
2.9140E+03	0.0000E+00	0.0000E+00	9.8293E-01
2.9150E+03	0.0000E+00	0.0000E+00	9.7997E-01
2.9160E+03	0.0000E+00	0.0000E+00	9.7910E-01
2.9170E+03	0.0000E+00	0.0000E+00	9.7675E-01
2.9180E+03	0.0000E+00	0.0000E+00	9.8040E-01
2.9190E+03	0.0000E+00	0.0000E+00	9.7804E-01
2.9200E+03	0.0000E+00	0.0000E+00	9.7565E-01
2.9210E+03	0.0000E+00	0.0000E+00	9.7531E-01
2.9220E+03	0.0000E+00	0.0000E+00	9.4568E-01
2.9230E+03	0.0000E+00	0.0000E+00	9.4334E-01
2.9240E+03	0.0000E+00	0.0000E+00	9.3935E-01
2.9250E+03	0.0000E+00	0.0000E+00	9.3697E-01
2.9260E+03	0.0000E+00	0.0000E+00	9.3521E-01
2.9270E+03	0.0000E+00	0.0000E+00	9.3263E-01
2.9280E+03	0.0000E+00	0.0000E+00	9.3553E-01
2.9290E+03	0.0000E+00	0.0000E+00	9.3580E-01
2.9300E+03	0.0000E+00	0.0000E+00	9.3853E-01
2.9310E+03	0.0000E+00	0.0000E+00	9.4370E-01
2.9320E+03	0.0000E+00	0.0000E+00	9.4857E-01
2.9330E+03	0.0000E+00	0.0000E+00	9.5238E-01
2.9340E+03	0.0000E+00	0.0000E+00	9.5052E-01
2.9350E+03	0.0000E+00	0.0000E+00	9.4952E-01
2.9360E+03	0.0000E+00	0.0000E+00	9.5053E-01
2.9370E+03	0.0000E+00	0.0000E+00	9.5311E-01
2.9380E+03	0.0000E+00	0.0000E+00	9.4846E-01
2.9390E+03	0.0000E+00	0.0000E+00	9.4833E-01
2.9400E+03	0.0000E+00	0.0000E+00	9.4733E-01
2.9410E+03	0.0000E+00	0.0000E+00	9.4794E-01
2.9420E+03	0.0000E+00	0.0000E+00	9.4299E-01
2.9430E+03	0.0000E+00	0.0000E+00	9.4105E-01
2.9440E+03	0.0000E+00	0.0000E+00	9.3890E-01
2.9450E+03	0.0000E+00	0.0000E+00	9.3784E-01
2.9460E+03	0.0000E+00	0.0000E+00	9.3760E-01
2.9470E+03	0.0000E+00	0.0000E+00	9.3663E-01
2.9480E+03	0.0000E+00	0.0000E+00	9.3646E-01
2.9490E+03	0.0000E+00	0.0000E+00	9.3242E-01
2.9500E+03	0.0000E+00	0.0000E+00	9.3155E-01
2.9510E+03	0.0000E+00	0.0000E+00	9.3079E-01
2.9520E+03	0.0000E+00	0.0000E+00	9.3065E-01
2.9530E+03	0.0000E+00	0.0000E+00	9.3437E-01
2.9540E+03	0.0000E+00	0.0000E+00	9.3688E-01
2.9550E+03	0.0000E+00	0.0000E+00	9.4126E-01
2.9560E+03	0.0000E+00	0.0000E+00	9.4056E-01
2.9570E+03	0.0000E+00	0.0000E+00	9.4224E-01
2.9580E+03	0.0000E+00	0.0000E+00	9.4378E-01
2.9590E+03	0.0000E+00	0.0000E+00	9.4401E-01
2.9600E+03	0.0000E+00	0.0000E+00	9.4406E-01
2.9610E+03	0.0000E+00	0.0000E+00	9.4446E-01
2.9620E+03	0.0000E+00	0.0000E+00	9.4297E-01
2.9630E+03	0.0000E+00	0.0000E+00	9.4352E-01
2.9640E+03	0.0000E+00	0.0000E+00	9.4153E-01
2.9650E+03	0.0000E+00	0.0000E+00	9.3939E-01
2.9660E+03	0.0000E+00	0.0000E+00	9.3908E-01
2.9670E+03	0.0000E+00	0.0000E+00	9.3648E-01
2.9680E+03	0.0000E+00	0.0000E+00	9.3090E-01
2.9690E+03	0.0000E+00	0.0000E+00	9.3334E-01
2.9700E+03	0.0000E+00	0.0000E+00	9.3172E-01
2.9710E+03	0.0000E+00	0.0000E+00	9.3334E-01
2.9720E+03	0.0000E+00	0.0000E+00	9.3189E-01
2.9730E+03	0.0000E+00	0.0000E+00	9.2763E-01
2.9740E+03	0.0000E+00	0.0000E+00	9.2450E-01
2.9750E+03	0.0000E+00	0.0000E+00	9.2474E-01
2.9760E+03	0.0000E+00	0.0000E+00	9.2500E-01
2.9770E+03	0.0000E+00	0.0000E+00	9.2619E-01
2.9780E+03	0.0000E+00	0.0000E+00	9.2734E-01
2.9790E+03	0.0000E+00	0.0000E+00	9.3383E-01
2.9800E+03	0.0000E+00	0.0000E+00	9.3801E-01
2.9810E+03	0.0000E+00	0.0000E+00	9.4045E-01
2.9820E+03	0.0000E+00	0.0000E+00	9.4119E-01
2.9830E+03	0.0000E+00	0.0000E+00	9.4044E-01
2.9840E+03	0.0000E+00	0.0000E+00	9.4304E-01
2.9850E+03	0.0000E+00	0.0000E+00	9.4068E-01
2.9860E+03	0.0000E+00	0.0000E+00	9.4192E-01
2.9870E+03	0.0000E+00	0.0000E+00	9.3797E-01
2.9880E+03	0.0000E+00	0.0000E+00	9.3406E-01
2.9890E+03	0.0000E+00	0.0000E+00	9.3395E-01
2.9900E+03	0.0000E+00	0.0000E+00	9.3477E-01
2.9910E+03	0.0000E+00	0.0000E+00	9.3445E-01
2.9920E+03	0.0000E+00	0.0000E+00	9.3140E-01
2.9930E+03	0.0000E+00	0.0000E+00	9.3324E-01
2.9940E+03	0.0000E+00	0.0000E+00	9.3162E-01
2.9950E+03	0.0000E+00	0.0000E+00	9.3090E-01
2.9960E+03	0.0000E+00	0.0000E+00	9.3252E-01
2.9970E+03	0.0000E+00	0.0000E+00	9.2669E-01
2.9980E+03	0.0000E+00	0.0000E+00	9.2895E-01
2.9990E+03	0.0000E+00	0.0000E+00	9.2381E-01
3.0000E+03	0.0000E+00	0.0000E+00	9.2669E-01
3.0010E+03	0.0000E+00	0.0000E+00	9.2521E-01
3.0020E+03	0.0000E+00	0.0000E+00	9.2614E-01
3.0030E+03	0.0000E+00	0.0000E+00	9.2638E-01
3.0040E+03	0.0000E+00	0.0000E+00	9.2767E-01
3.0050E+03	0.0000E+00	0.0000E+00	9.3138E-01
3.0060E+03	0.0000E+00	0.0000E+00	9.3272E-01
3.0070E+03	0.0000E+00	0.0000E+00	9.3412E-01
3.0080E+03	0.0000E+00	0.0000E+00	9.3227E-01
3.0090E+03	0.0000E+00	0.0000E+00	9.3431E-01
3.0100E+03	0.0000E+00	0.0000E+00	9.3304E-01
3.0110E+03	0.0000E+00	0.0000E+00	9.3381E-01
3.0120E+03	0.0000E+00	0.0000E+00	9.3291E-01
3.0130E+03	0.0000E+00	0.0000E+00	9.3276E-01
3.0140E+03	0.0000E+00	0.0000E+00	9.3150E-01
3.0150E+03	0.0000E+00	0.0000E+00	9.2718E-01
3.0160E+03	0.0000E+00	0.0000E+00	9.2583E-01
3.0170E+03	0.0000E+00	0.0000E+00	9.2658E-01
3.0180E+03	0.0000E+00	0.0000E+00	9.2729E-01
3.0190E+03	0.0000E+00	0.0000E+00	9.2658E-01
3.0200E+03	0.0000E+00	0.0000E+00	9.2689E-01
3.0210E+03	0.0000E+00	0.0000E+00	9.2381E-01
3.0220E+03	0.0000E+00	0.0000E+00	9.2289E-01
3.0230E+03	0.0000E+00	0.0000E+00	9.1991E-01
3.0240E+03	0.0000E+00	0.0000E+00	9.2028E-01
3.0250E+03	0.0000E+00	0.0000E+00	9.2465E-01
3.0260E+03	0.0000E+00	0.0000E+00	9.2322E-01
3.0270E+03	0.0000E+00	0.0000E+00	9.2723E-01
3.0280E+03	0.0000E+00	0.0000E+00	9.2893E-01
3.0290E+03	0.0000E+00	0.0000E+00	9.3149E-01
3.0300E+03	0.0000E+00	0.0000E+00	9.3146E-01
3.0310E+03	0.0000E+00	0.0000E+00	9.3059E-01
3.0320E+03	0.0000E+00	0.0000E+00	9.2960E-01
3.0330E+03	0.0000E+00	0.0000E+00	9.2821E-01
3.0340E+03	0.0000E+00	0.0000E+00	9.2999E-01
3.0350E+03	0.0000E+00	0.0000E+00	9.2916E-01
3.0360E+03	0.0000E+00	0.0000E+00	9.2752E-01
3.0370E+03	0.0000E+00	0.0000E+00	9.3195E-01
3.0380E+03	0.0000E+00	0.0000E+00	9.2837E-01
3.0390E+03	0.0000E+00	0.0000E+00	9.2652E-01
3.0400E+03	0.0000E+00	0.0000E+00	9.2610E-01
3.0410E+03	0.0000E+00	0.0000E+00	9.2304E-01
3.0420E+03	0.0000E+00	0.0000E+00	9.2323E-01
3.0430E+03	0.0000E+00	0.0000E+00	9.2177E-01
3.0440E+03	0.0000E+00	0.0000E+00	9.2108E-01
3.0450E+03	0.0000E+00	0.0000E+00	9.1847E-01
3.0460E+03	0.0000E+00	0.0000E+00	9.1586E-01
3.0470E+03	0.0000E+00	0.0000E+00	9.1684E-01
3.0480E+03	0.0000E+00	0.0000E+00	9.1413E-01
3.0490E+03	0.0000E+00	0.0000E+00	9.1739E-01
3.0500E+03	0.0000E+00	0.0000E+00	9.1383E-01
3.0510E+03	0.0000E+00	0.0000E+00	9.1603E-01
3.0520E+03	0.0000E+00	0.0000E+00	9.1465E-01
3.0530E+03	0.0000E+00	0.0000E+00	9.1768E-01
3.0540E+03	0.0000E+00	0.0000E+00	9.1870E-01
3.0550E+03	0.0000E+00	0.0000E+00	9.2081E-01
3.0560E+03	0.0000E+00	0.0000E+00	9.2108E-01
3.0570E+03	0.0000E+00	0.0000E+00	9.1966E-01
3.0580E+03	0.0000E+00	0.0000E+00	9.2109E-01
3.0590E+03	0.0000E+00	0.0000E+00	9.2093E-01
3.0600E+03	0.0000E+00	0.0000E+00	9.2183E-01
3.0610E+03	0.0000E+00	0.0000E+00	9.1882E-01
3.0620E+03	0.0000E+00	0.0000E+00	9.2259E-01
3.0630E+03	0.0000E+00	0.0000E+00	9.2239E-01
3.0640E+03	0.0000E+00	0.0000E+00	9.2104E-01
3.0650E+03	0.0000E+00	0.0000E+00	9.1945E-01
3.0660E+03	0.0000E+00	0.0000E+00	9.1915E-01
3.0670E+03	0.0000E+00	0.0000E+00	9.1908E-01
3.0680E+03	0.0000E+00	0.0000E+00	9.1532E-01
3.0690E+03	0.0000E+00	0.0000E+00	9.1393E-01
3.0700E+03	0.0000E+00	0.0000E+00	9.1194E-01
3.0710E+03	0.0000E+00	0.0000E+00	9.1262E-01
3.0720E+03	0.0000E+00	0.0000E+00	9.1402E-01
3.0730E+03	0.0000E+00	0.0000E+00	9.1294E-01
3.0740E+03	0.0000E+00	0.0000E+00	9.1336E-01
3.0750E+03	0.0000E+00	0.0000E+00	9.1381E-01
3.0760E+03	0.0000E+00	0.0000E+00	9.1940E-01
3.0770E+03	0.0000E+00	0.0000E+00	9.2177E-01
3.0780E+03	0.0000E+00	0.0000E+00	9.2509E-01
3.0790E+03	0.0000E+00	0.0000E+00	9.2234E-01
3.0800E+03	0.0000E+00	0.0000E+00	9.2291E-01
3.0810E+03	0.0000E+00	0.0000E+00	9.2363E-01
3.0820E+03	0.0000E+00	0.0000E+00	9.2480E-01
3.0830E+03	0.0000E+00	0.0000E+00	9.2467E-01
3.0840E+03	0.0000E+00	0.0000E+00	9.2385E-01
3.0850E+03	0.0000E+00	0.0000E+00	9.2086E-01
3.0860E+03	0.0000E+00	0.0000E+00	9.1946E-01
3.0870E+03	0.0000E+00	0.0000E+00	9.1940E-01
3.0880E+03	0.0000E+00	0.0000E+00	9.1801E-01
3.0890E+03	0.0000E+00	0.0000E+00	9.1748E-01
3.0900E+03	0.0000E+00	0.0000E+00	9.1744E-01
3.0910E+03	0.0000E+00	0.0000E+00	9.1614E-01
3.0920E+03	0.0000E+00	0.0000E+00	9.1525E-01
3.0930E+03	0.0000E+00	0.0000E+00	9.1195E-01
3.0940E+03	0.0000E+00	0.0000E+00	9.1026E-01
3.0950E+03	0.0000E+00	0.0000E+00	9.1056E-01
3.0960E+03	0.0000E+00	0.0000E+00	9.1183E-01
3.0970E+03	0.0000E+00	0.0000E+00	9.1356E-01
3.0980E+03	0.0000E+00	0.0000E+00	9.1420E-01
3.0990E+03	0.0000E+00	0.0000E+00	9.1668E-01
3.1000E+03	0.0000E+00	0.0000E+00	9.1838E-01
3.1010E+03	0.0000E+00	0.0000E+00	9.1970E-01
3.1020E+03	0.0000E+00	0.0000E+00	9.2194E-01
3.1030E+03	0.0000E+00	0.0000E+00	9.2208E-01
3.1040E+03	0.0000E+00	0.0000E+00	9.2180E-01
3.1050E+03	0.0000E+00	0.0000E+00	9.2370E-01
3.1060E+03	0.0000E+00	0.0000E+00	9.2353E-01
3.1070E+03	0.0000E+00	0.0000E+00	9.2466E-01
3.1080E+03	0.0000E+00	0.0000E+00	9.2234E-01
3.1090E+03	0.0000E+00	0.0000E+00	9.2116E-01
3.1100E+03	0.0000E+00	0.0000E+00	9.1896E-01
3.1110E+03	0.0000E+00	0.0000E+00	9.1589E-01
3.1120E+03	0.0000E+00	0.0000E+00	9.1781E-01
3.1130E+03	0.0000E+00	0.0000E+00	9.1586E-01
3.1140E+03	0.0000E+00	0.0000E+00	9.1120E-01
3.1150E+03	0.0000E+00	0.0000E+00	9.0847E-01
3.1160E+03	0.0000E+00	0.0000E+00	9.0742E-01
3.1170E+03	0.0000E+00	0.0000E+00	9.0668E-01
3.1180E+03	0.0000E+00	0.0000E+00	9.0382E-01
3.1190E+03	0.0000E+00	0.0000E+00	9.0613E-01
3.1200E+03	0.0000E+00	0.0000E+00	9.0485E-01
3.1210E+03	0.0000E+00	0.0000E+00	9.0371E-01
3.1220E+03	0.0000E+00	0.0000E+00	9.0520E-01
3.1230E+03	0.0000E+00	0.0000E+00	9.0662E-01
3.1240E+03	0.0000E+00	0.0000E+00	9.0831E-01
3.1250E+03	0.0000E+00	0.0000E+00	9.1233E-01
3.1260E+03	0.0000E+00	0.0000E+00	9.1272E-01
3.1270E+03	0.0000E+00	0.0000E+00	9.1287E-01
3.1280E+03	0.0000E+00	0.0000E+00	9.1301E-01
3.1290E+03	0.0000E+00	0.0000E+00	9.1608E-01
3.1300E+03	0.0000E+00	0.0000E+00	9.1614E-01
3.1310E+03	0.0000E+00	0.0000E+00	9.1532E-01
3.1320E+03	0.0000E+00	0.0000E+00	9.1223E-01
3.1330E+03	0.0000E+00	0.0000E+00	9.1416E-01
3.1340E+03	0.0000E+00	0.0000E+00	9.1400E-01
3.1350E+03	0.0000E+00	0.0000E+00	9.1165E-01
3.1360E+03	0.0000E+00	0.0000E+00	9.0942E-01
3.1370E+03	0.0000E+00	0.0000E+00	9.0757E-01
3.1380E+03	0.0000E+00	0.0000E+00	9.1170E-01
3.1390E+03	0.0000E+00	0.0000E+00	9.0985E-01
3.1400E+03	0.0000E+00	0.0000E+00	9.0649E-01
3.1410E+03	0.0000E+00	0.0000E+00	9.0579E-01
3.1420E+03	0.0000E+00	0.0000E+00	9.0306E-01
3.1430E+03	0.0000E+00	0.0000E+00	9.0243E-01
3.1440E+03	0.0000E+00	0.0000E+00	9.0036E-01
3.1450E+03	0.0000E+00	0.0000E+00	9.0432E-01
3.1460E+03	0.0000E+00	0.0000E+00	9.0475E-01
3.1470E+03	0.0000E+00	0.0000E+00	9.0734E-01
3.1480E+03	0.0000E+00	0.0000E+00	9.0842E-01
3.1490E+03	0.0000E+00	0.0000E+00	9.1099E-01
3.1500E+03	0.0000E+00	0.0000E+00	9.1154E-01
3.1510E+03	0.0000E+00	0.0000E+00	9.1232E-01
3.1520E+03	0.0000E+00	0.0000E+00	9.1688E-01
3.1530E+03	0.0000E+00	0.0000E+00	9.1708E-01
3.1540E+03	0.0000E+00	0.0000E+00	9.1801E-01
3.1550E+03	0.0000E+00	0.0000E+00	9.1920E-01
3.1560E+03	0.0000E+00	0.0000E+00	9.1915E-01
3.1570E+03	0.0000E+00	0.0000E+00	9.1367E-01
3.1580E+03	0.0000E+00	0.0000E+00	9.1734E-01
3.1590E+03	0.0000E+00	0.0000E+00	9.1639E-01
3.1600E+03	0.0000E+00	0.0000E+00	9.1693E-01
3.1610E+03	0.0000E+00	0.0000E+00	9.1158E-01
3.1620E+03	0.0000E+00	0.0000E+00	9.1311E-01
3.1630E+03	0.0000E+00	0.0000E+00	9.1144E-01
3.1640E+03	0.0000E+00	0.0000E+00	9.1081E-01
3.1650E+03	0.0000E+00	0.0000E+00	9.0787E-01
3.1660E+03	0.0000E+00	0.0000E+00	9.0630E-01
3.1670E+03	0.0000E+00	0.0000E+00	9.0539E-01
3.1680E+03	0.0000E+00	0.0000E+00	9.0603E-01
3.1690E+03	0.0000E+00	0.0000E+00	9.0509E-01
3.1700E+03	0.0000E+00	0.0000E+00	9.0491E-01
3.1710E+03	0.0000E+00	0.0000E+00	9.0474E-01
3.1720E+03	0.0000E+00	0.0000E+00	9.0657E-01
3.1730E+03	0.0000E+00	0.0000E+00	9.1095E-01
3.1740E+03	0.0000E+00	0.0000E+00	9.0821E-01
3.1750E+03	0.0000E+00	0.0000E+00	9.1208E-01
3.1760E+03	0.0000E+00	0.0000E+00	9.1239E-01
3.1770E+03	0.0000E+00	0.0000E+00	9.1225E-01
3.1780E+03	0.0000E+00	0.0000E+00	9.1375E-01
3.1790E+03	0.0000E+00	0.0000E+00	9.1552E-01
3.1800E+03	0.0000E+00	0.0000E+00	9.1438E-01
3.1810E+03	0.0000E+00	0.0000E+00	9.1524E-01
3.1820E+03	0.0000E+00	0.0000E+00	9.1595E-01
3.1830E+03	0.0000E+00	0.0000E+00	9.1816E-01
3.1840E+03	0.0000E+00	0.0000E+00	9.1666E-01
3.1850E+03	0.0000E+00	0.0000E+00	9.1328E-01
3.1860E+03	0.0000E+00	0.0000E+00	9.1084E-01
3.1870E+03	0.0000E+00	0.0000E+00	9.1183E-01
3.1880E+03	0.0000E+00	0.0000E+00	9.1034E-01
3.1890E+03	0.0000E+00	0.0000E+00	9.0936E-01
3.1900E+03	0.0000E+00	0.0000E+00	9.1064E-01
3.1910E+03	0.0000E+00	0.0000E+00	9.1126E-01
3.1920E+03	0.0000E+00	0.0000E+00	9.0859E-01
3.1930E+03	0.0000E+00	0.0000E+00	9.0920E-01
3.1940E+03	0.0000E+00	0.0000E+00	9.0792E-01
3.1950E+03	0.0000E+00	0.0000E+00	9.0611E-01
3.1960E+03	0.0000E+00	0.0000E+00	9.0521E-01
3.1970E+03	0.0000E+00	0.0000E+00	9.0619E-01
3.1980E+03	0.0000E+00	0.0000E+00	9.0740E-01
3.1990E+03	0.0000E+00	0.0000E+00	9.0651E-01
3.2000E+03	0.0000E+00	0.0000E+00	9.0621E-01
3.2010E+03	0.0000E+00	0.0000E+00	9.0886E-01
3.2020E+03	0.0000E+00	0.0000E+00	9.0866E-01
3.2030E+03	0.0000E+00	0.0000E+00	9.1302E-01
3.2040E+03	0.0000E+00	0.0000E+00	9.1239E-01
3.2050E+03	0.0000E+00	0.0000E+00	9.1210E-01
3.2060E+03	0.0000E+00	0.0000E+00	9.0936E-01
3.2070E+03	0.0000E+00	0.0000E+00	9.1129E-01
3.2080E+03	0.0000E+00	0.0000E+00	9.1120E-01
3.2090E+03	0.0000E+00	0.0000E+00	9.1272E-01
3.2100E+03	0.0000E+00	0.0000E+00	9.0982E-01
3.2110E+03	0.0000E+00	0.0000E+00	9.0921E-01
3.2120E+03	0.0000E+00	0.0000E+00	9.0713E-01
3.2130E+03	0.0000E+00	0.0000E+00	9.0466E-01
3.2140E+03	0.0000E+00	0.0000E+00	9.0369E-01
3.2150E+03	0.0000E+00	0.0000E+00	9.0186E-01
3.2160E+03	0.0000E+00	0.0000E+00	9.0095E-01
3.2170E+03	0.0000E+00	0.0000E+00	9.0118E-01
3.2180E+03	0.0000E+00	0.0000E+00	9.0143E-01
3.2190E+03	0.0000E+00	0.0000E+00	9.0313E-01
3.2200E+03	0.0000E+00	0.0000E+00	9.0477E-01
3.2210E+03	0.0000E+00	0.0000E+00	9.0323E-01
3.2220E+03	0.0000E+00	0.0000E+00	9.0288E-01
3.2230E+03	0.0000E+00	0.0000E+00	9.0451E-01
3.2240E+03	0.0000E+00	0.0000E+00	9.0887E-01
3.2250E+03	0.0000E+00	0.0000E+00	9.0979E-01
3.2260E+03	0.0000E+00	0.0000E+00	9.1210E-01
3.2270E+03	0.0000E+00	0.0000E+00	9.1373E-01
3.2280E+03	0.0000E+00	0.0000E+00	9.1114E-01
3.2290E+03	0.0000E+00	0.0000E+00	9.1145E-01
3.2300E+03	0.0000E+00	0.0000E+00	9.1080E-01
3.2310E+03	0.0000E+00	0.0000E+00	9.1141E-01
3.2320E+03	0.0000E+00	0.0000E+00	9.1080E-01
3.2330E+03	0.0000E+00	0.0000E+00	9.1169E-01
3.2340E+03	0.0000E+00	0.0000E+00	9.1114E-01
3.2350E+03	0.0000E+00	0.0000E+00	9.0744E-01
3.2360E+03	0.0000E+00	0.0000E+00	9.0805E-01
3.2370E+03	0.0000E+00	0.0000E+00	9.0346E-01
3.2380E+03	0.0000E+00	0.0000E+00	9.0297E-01
3.2390E+03	0.0000E+00	0.0000E+00	9.0285E-01
3.2400E+03	0.0000E+00	0.0000E+00	9.0165E-01
3.2410E+03	0.0000E+00	0.0000E+00	9.0310E-01
3.2420E+03	0.0000E+00	0.0000E+00	8.9971E-01
3.2430E+03	0.0000E+00	0.0000E+00	8.9912E-01
3.2440E+03	0.0000E+00	0.0000E+00	9.0333E-01
3.2450E+03	0.0000E+00	0.0000E+00	8.9903E-01
3.2460E+03	0.0000E+00	0.0000E+00	9.0240E-01
3.2470E+03	0.0000E+00	0.0000E+00	9.0474E-01
3.2480E+03	0.0000E+00	0.0000E+00	9.0682E-01
3.2490E+03	0.0000E+00	0.0000E+00	9.0755E-01
3.2500E+03	0.0000E+00	0.0000E+00	9.0986E-01
3.2510E+03	0.0000E+00	0.0000E+00	9.1059E-01
3.2520E+03	0.0000E+00	0.0000E+00	9.0754E-01
3.2530E+03	0.0000E+00	0.0000E+00	9.1085E-01
3.2540E+03	0.0000E+00	0.0000E+00	9.1202E-01
3.2550E+03	0.0000E+00	0.0000E+00	9.1084E-01
3.2560E+03	0.0000E+00	0.0000E+00	9.0757E-01
3.2570E+03	0.0000E+00	0.0000E+00	9.0846E-01
3.2580E+03	0.0000E+00	0.0000E+00	9.0991E-01
3.2590E+03	0.0000E+00	0.0000E+00	9.0825E-01
3.2600E+03	0.0000E+00	0.0000E+00	9.0284E-01
3.2610E+03	0.0000E+00	0.0000E+00	9.0248E-01
3.2620E+03	0.0000E+00	0.0000E+00	9.0050E-01
3.2630E+03	0.0000E+00	0.0000E+00	9.0171E-01
3.2640E+03	0.0000E+00	0.0000E+00	9.0005E-01
3.2650E+03	0.0000E+00	0.0000E+00	9.0020E-01
3.2660E+03	0.0000E+00	0.0000E+00	8.9965E-01
3.2670E+03	0.0000E+00	0.0000E+00	8.9957E-01
3.2680E+03	0.0000E+00	0.0000E+00	9.0250E-01
3.2690E+03	0.0000E+00	0.0000E+00	9.0410E-01
3.2700E+03	0.0000E+00	0.0000E+00	9.0554E-01
3.2710E+03	0.0000E+00	0.0000E+00	9.0674E-01
3.2720E+03	0.0000E+00	0.0000E+00	9.0643E-01
3.2730E+03	0.0000E+00	0.0000E+00	9.0984E-01
3.2740E+03	0.0000E+00	0.0000E+00	9.0970E-01
3.2750E+03	0.0000E+00	0.0000E+00	9.0732E-01
3.2760E+03	0.0000E+00	0.0000E+00	9.0779E-01
3.2770E+03	0.0000E+00	0.0000E+00	9.0946E-01
3.2780E+03	0.0000E+00	0.0000E+00	9.0856E-01
3.2790E+03	0.0000E+00	0.0000E+00	9.1044E-01
3.2800E+03	0.0000E+00	0.0000E+00	9.0734E-01
3.2810E+03	0.0000E+00	0.0000E+00	9.0445E-01
3.2820E+03	0.0000E+00	0.0000E+00	9.0679E-01
3.2830E+03	0.0000E+00	0.0000E+00	9.0324E-01
3.2840E+03	0.0000E+00	0.0000E+00	9.0590E-01
3.2850E+03	0.0000E+00	0.0000E+00	9.0090E-01
3.2860E+03	0.0000E+00	0.0000E+00	8.9942E-01
3.2870E+03	0.0000E+00	0.0000E+00	8.9654E-01
3.2880E+03	0.0000E+00	0.0000E+00	8.9564E-01
3.2890E+03	0.0000E+00	0.0000E+00	8.9636E-01
3.2900E+03	0.0000E+00	0.0000E+00	8.9556E-01
3.2910E+03	0.0000E+00	0.0000E+00	8.9612E-01
3.2920E+03	0.0000E+00	0.0000E+00	8.9693E-01
3.2930E+03	0.0000E+00	0.0000E+00	8.9700E-01
3.2940E+03	0.0000E+00	0.0000E+00	9.0051E-01
3.2950E+03	0.0000E+00	0.0000E+00	9.0110E-01
3.2960E+03	0.0000E+00	0.0000E+00	9.0135E-01
3.2970E+03	0.0000E+00	0.0000E+00	9.0692E-01
3.2980E+03	0.0000E+00	0.0000E+00	9.0571E-01
3.2990E+03	0.0000E+00	0.0000E+00	9.0613E-01
3.3000E+03	0.0000E+00	0.0000E+00	9.0779E-01
3.3010E+03	0.0000E+00	0.0000E+00	9.0591E-01
3.3020E+03	0.0000E+00	0.0000E+00	9.0674E-01
3.3030E+03	0.0000E+00	0.0000E+00	9.0458E-01
3.3040E+03	0.0000E+00	0.0000E+00	9.0599E-01
3.3050E+03	0.0000E+00	0.0000E+00	9.0777E-01
3.3060E+03	0.0000E+00	0.0000E+00	9.0520E-01
3.3070E+03	0.0000E+00	0.0000E+00	9.0238E-01
3.3080E+03	0.0000E+00	0.0000E+00	9.0106E-01
3.3090E+03	0.0000E+00	0.0000E+00	9.0114E-01
3.3100E+03	0.0000E+00	0.0000E+00	9.0137E-01
3.3110E+03	0.0000E+00	0.0000E+00	8.9925E-01
3.3120E+03	0.0000E+00	0.0000E+00	9.0094E-01
3.3130E+03	0.0000E+00	0.0000E+00	9.0218E-01
3.3140E+03	0.0000E+00	0.0000E+00	8.9908E-01
3.3150E+03	0.0000E+00	0.0000E+00	9.0267E-01
3.3160E+03	0.0000E+00	0.0000E+00	9.0011E-01
3.3170E+03	0.0000E+00	0.0000E+00	9.0337E-01
3.3180E+03	0.0000E+00	0.0000E+00	9.0273E-01
3.3190E+03	0.0000E+00	0.0000E+00	9.0686E-01
3.3200E+03	0.0000E+00	0.0000E+00	9.0504E-01
3.3210E+03	0.0000E+00	0.0000E+00	9.0333E-01
3.3220E+03	0.0000E+00	0.0000E+00	9.0296E-01
3.3230E+03	0.0000E+00	0.0000E+00	9.0329E-01
3.3240E+03	0.0000E+00	0.0000E+00	9.0487E-01
3.3250E+03	0.0000E+00	0.0000E+00	9.0722E-01
3.3260E+03	0.0000E+00	0.0000E+00	9.0542E-01
3.3270E+03	0.0000E+00	0.0000E+00	9.0555E-01
3.3280E+03	0.0000E+00	0.0000E+00	9.0599E-01
3.3290E+03	0.0000E+00	0.0000E+00	9.0639E-01
3.3300E+03	0.0000E+00	0.0000E+00	9.0307E-01
3.3310E+03	0.0000E+00	0.0000E+00	9.0228E-01
3.3320E+03	0.0000E+00	0.0000E+00	9.0039E-01
3.3330E+03	0.0000E+00	0.0000E+00	9.0117E-01
3.3340E+03	0.0000E+00	0.0000E+00	8.9950E-01
3.3350E+03	0.0000E+00	0.0000E+00	8.9715E-01
3.3360E+03	0.0000E+00	0.0000E+00	8.9868E-01
3.3370E+03	0.0000E+00	0.0000E+00	8.9881E-01
3.3380E+03	0.0000E+00	0.0000E+00	9.0289E-01
3.3390E+03	0.0000E+00	0.0000E+00	9.0211E-01
3.3400E+03	0.0000E+00	0.0000E+00	9.0178E-01
3.3410E+03	0.0000E+00	0.0000E+00	9.0054E-01
3.3420E+03	0.0000E+00	0.0000E+00	9.0468E-01
3.3430E+03	0.0000E+00	0.0000E+00	9.0650E-01
3.3440E+03	0.0000E+00	0.0000E+00	9.0413E-01
3.3450E+03	0.0000E+00	0.0000E+00	9.0601E-01
3.3460E+03	0.0000E+00	0.0000E+00	9.0767E-01
3.3470E+03	0.0000E+00	0.0000E+00	9.0629E-01
3.3480E+03	0.0000E+00	0.0000E+00	9.0383E-01
3.3490E+03	0.0000E+00	0.0000E+00	9.0418E-01
3.3500E+03	0.0000E+00	0.0000E+00	9.0916E-01
3.3510E+03	0.0000E+00	0.0000E+00	9.0808E-01
3.3520E+03	0.0000E+00	0.0000E+00	9.0664E-01
3.3530E+03	0.0000E+00	0.0000E+00	9.0876E-01
3.3540E+03	0.0000E+00	0.0000E+00	9.0455E-01
3.3550E+03	0.0000E+00	0.0000E+00	9.0728E-01
3.3560E+03	0.0000E+00	0.0000E+00	9.0644E-01
3.3570E+03	0.0000E+00	0.0000E+00	9.0594E-01
3.3580E+03	0.0000E+00	0.0000E+00	9.0418E-01
3.3590E+03	0.0000E+00	0.0000E+00	9.0242E-01
3.3600E+03	0.0000E+00	0.0000E+00	9.0480E-01
3.3610E+03	0.0000E+00	0.0000E+00	9.0367E-01
3.3620E+03	0.0000E+00	0.0000E+00	9.0477E-01
3.3630E+03	0.0000E+00	0.0000E+00	9.0493E-01
3.3640E+03	0.0000E+00	0.0000E+00	9.0661E-01
3.3650E+03	0.0000E+00	0.0000E+00	9.0396E-01
3.3660E+03	0.0000E+00	0.0000E+00	9.0175E-01
3.3670E+03	0.0000E+00	0.0000E+00	9.0292E-01
3.3680E+03	0.0000E+00	0.0000E+00	9.0210E-01
3.3690E+03	0.0000E+00	0.0000E+00	9.0427E-01
3.3700E+03	0.0000E+00	0.0000E+00	9.0532E-01
3.3710E+03	0.0000E+00	0.0000E+00	9.0496E-01
3.3720E+03	0.0000E+00	0.0000E+00	9.0413E-01
3.3730E+03	0.0000E+00	0.0000E+00	9.0589E-01
3.3740E+03	0.0000E+00	0.0000E+00	9.0717E-01
3.3750E+03	0.0000E+00	0.0000E+00	9.0670E-01
3.3760E+03	0.0000E+00	0.0000E+00	9.0927E-01
3.3770E+03	0.0000E+00	0.0000E+00	9.0853E-01
3.3780E+03	0.0000E+00	0.0000E+00	9.0703E-01
3.3790E+03	0.0000E+00	0.0000E+00	9.0491E-01
3.3800E+03	0.0000E+00	0.0000E+00	9.0596E-01
3.3810E+03	0.0000E+00	0.0000E+00	9.0382E-01
3.3820E+03	0.0000E+00	0.0000E+00	8.9918E-01
3.3830E+03	0.0000E+00	0.0000E+00	8.9924E-01
3.3840E+03	0.0000E+00	0.0000E+00	8.9770E-01
3.3850E+03	0.0000E+00	0.0000E+00	9.0101E-01
3.3860E+03	0.0000E+00	0.0000E+00	9.0100E-01
3.3870E+03	0.0000E+00	0.0000E+00	8.9966E-01
3.3880E+03	0.0000E+00	0.0000E+00	9.0111E-01
3.3890E+03	0.0000E+00	0.0000E+00	9.0514E-01
3.3900E+03	0.0000E+00	0.0000E+00	9.0615E-01
3.3910E+03	0.0000E+00	0.0000E+00	9.0611E-01
3.3920E+03	0.0000E+00	0.0000E+00	9.0451E-01
3.3930E+03	0.0000E+00	0.0000E+00	9.0581E-01
3.3940E+03	0.0000E+00	0.0000E+00	9.0666E-01
3.3950E+03	0.0000E+00	0.0000E+00	9.0815E-01
3.3960E+03	0.0000E+00	0.0000E+00	9.0866E-01
3.3970E+03	0.0000E+00	0.0000E+00	9.0846E-01
3.3980E+03	0.0000E+00	0.0000E+00	9.1016E-01
3.3990E+03	0.0000E+00	0.0000E+00	9.0787E-01
3.4000E+03	0.0000E+00	0.0000E+00	9.0879E-01
3.4010E+03	0.0000E+00	0.0000E+00	9.0487E-01
3.4020E+03	0.0000E+00	0.0000E+00	9.0528E-01
3.4030E+03	0.0000E+00	0.0000E+00	9.0362E-01
3.4040E+03	0.0000E+00	0.0000E+00	9.0097E-01
3.4050E+03	0.0000E+00	0.0000E+00	9.0111E-01
3.4060E+03	0.0000E+00	0.0000E+00	8.9794E-01
3.4070E+03	0.0000E+00	0.0000E+00	8.9629E-01
3.4080E+03	0.0000E+00	0.0000E+00	8.9987E-01
3.4090E+03	0.0000E+00	0.0000E+00	8.9695E-01
3.4100E+03	0.0000E+00	0.0000E+00	8.9788E-01
3.4110E+03	0.0000E+00	0.0000E+00	8.9842E-01
3.4120E+03	0.0000E+00	0.0000E+00	8.9848E-01
3.4130E+03	0.0000E+00	0.0000E+00	8.9940E-01
3.4140E+03	0.0000E+00	0.0000E+00	9.0009E-01
3.4150E+03	0.0000E+00	0.0000E+00	8.9867E-01
3.4160E+03	0.0000E+00	0.0000E+00	8.9896E-01
3.4170E+03	0.0000E+00	0.0000E+00	9.0158E-01
3.4180E+03	0.0000E+00	0.0000E+00	9.0264E-01
3.4190E+03	0.0000E+00	0.0000E+00	9.0458E-01
3.4200E+03	0.0000E+00	0.0000E+00	9.0497E-01
3.4210E+03	0.0000E+00	0.0000E+00	9.0225E-01
3.4220E+03	0.0000E+00	0.0000E+00	9.0498E-01
3.4230E+03	0.0000E+00	0.0000E+00	9.0257E-01
3.4240E+03	0.0000E+00	0.0000E+00	9.0985E-01
3.4250E+03	0.0000E+00	0.0000E+00	9.0745E-01
3.4260E+03	0.0000E+00	0.0000E+00	9.0797E-01
3.4270E+03	0.0000E+00	0.0000E+00	9.0624E-01
3.4280E+03	0.0000E+00	0.0000E+00	9.0391E-01
3.4290E+03	0.0000E+00	0.0000E+00	9.0176E-01
3.4300E+03	0.0000E+00	0.0000E+00	9.0100E-01
3.4310E+03	0.0000E+00	0.0000E+00	8.9923E-01
3.4320E+03	0.0000E+00	0.0000E+00	9.0075E-01
3.4330E+03	0.0000E+00	0.0000E+00	9.0095E-01
3.4340E+03	0.0000E+00	0.0000E+00	9.0090E-01
3.4350E+03	0.0000E+00	0.0000E+00	9.0047E-01
3.4360E+03	0.0000E+00	0.0000E+00	9.0181E-01
3.4370E+03	0.0000E+00	0.0000E+00	9.0117E-01
3.4380E+03	0.0000E+00	0.0000E+00	8.9947E-01
3.4390E+03	0.0000E+00	0.0000E+00	9.0144E-01
3.4400E+03	0.0000E+00	0.0000E+00	9.0075E-01
3.4410E+03	0.0000E+00	0.0000E+00	9.0290E-01
3.4420E+03	0.0000E+00	0.0000E+00	9.0493E-01
3.4430E+03	0.0000E+00	0.0000E+00	9.0437E-01
3.4440E+03	0.0000E+00	0.0000E+00	9.0428E-01
3.4450E+03	0.0000E+00	0.0000E+00	9.0659E-01
3.4460E+03	0.0000E+00	0.0000E+00	9.0405E-01
3.4470E+03	0.0000E+00	0.0000E+00	9.0416E-01
3.4480E+03	0.0000E+00	0.0000E+00	9.0391E-01
3.4490E+03	0.0000E+00	0.0000E+00	9.0319E-01
3.4500E+03	0.0000E+00	0.0000E+00	9.0434E-01
3.4510E+03	0.0000E+00	0.0000E+00	8.9958E-01
3.4520E+03	0.0000E+00	0.0000E+00	8.9918E-01
3.4530E+03	0.0000E+00	0.0000E+00	8.9763E-01
3.4540E+03	0.0000E+00	0.0000E+00	8.9559E-01
3.4550E+03	0.0000E+00	0.0000E+00	8.9259E-01
3.4560E+03	0.0000E+00	0.0000E+00	8.9189E-01
3.4570E+03	0.0000E+00	0.0000E+00	8.9387E-01
3.4580E+03	0.0000E+00	0.0000E+00	8.9358E-01
3.4590E+03	0.0000E+00	0.0000E+00	8.9278E-01
3.4600E+03	0.0000E+00	0.0000E+00	8.9210E-01
3.4610E+03	0.0000E+00	0.0000E+00	8.9436E-01
3.4620E+03	0.0000E+00	0.0000E+00	8.9264E-01
3.4630E+03	0.0000E+00	0.0000E+00	8.9329E-01
3.4640E+03	0.0000E+00	0.0000E+00	8.9220E-01
3.4650E+03	0.0000E+00	0.0000E+00	8.9626E-01
3.4660E+03	0.0000E+00	0.0000E+00	8.9897E-01
3.4670E+03	0.0000E+00	0.0000E+00	8.9752E-01
3.4680E+03	0.0000E+00	0.0000E+00	9.0013E-01
3.4690E+03	0.0000E+00	0.0000E+00	8.9821E-01
3.4700E+03	0.0000E+00	0.0000E+00	8.9707E-01
3.4710E+03	0.0000E+00	0.0000E+00	8.9817E-01
3.4720E+03	0.0000E+00	0.0000E+00	9.0072E-01
3.4730E+03	0.0000E+00	0.0000E+00	9.0010E-01
3.4740E+03	0.0000E+00	0.0000E+00	9.0182E-01
3.4750E+03	0.0000E+00	0.0000E+00	8.9927E-01
3.4760E+03	0.0000E+00	0.0000E+00	8.9650E-01
3.4770E+03	0.0000E+00	0.0000E+00	8.9703E-01
3.4780E+03	0.0000E+00	0.0000E+00	8.9612E-01
3.4790E+03	0.0000E+00	0.0000E+00	8.9173E-01
3.4800E+03	0.0000E+00	0.0000E+00	8.9241E-01
3.4810E+03	0.0000E+00	0.0000E+00	8.9121E-01
3.4820E+03	0.0000E+00	0.0000E+00	8.9076E-01
3.4830E+03	0.0000E+00	0.0000E+00	8.9235E-01
3.4840E+03	0.0000E+00	0.0000E+00	8.9337E-01
3.4850E+03	0.0000E+00	0.0000E+00	8.9392E-01
3.4860E+03	0.0000E+00	0.0000E+00	8.9438E-01
3.4870E+03	0.0000E+00	0.0000E+00	8.9076E-01
3.4880E+03	0.0000E+00	0.0000E+00	8.9572E-01
3.4890E+03	0.0000E+00	0.0000E+00	8.9373E-01
3.4900E+03	0.0000E+00	0.0000E+00	8.9664E-01
3.4910E+03	0.0000E+00	0.0000E+00	8.9544E-01
3.4920E+03	0.0000E+00	0.0000E+00	8.9768E-01
3.4930E+03	0.0000E+00	0.0000E+00	8.9496E-01
3.4940E+03	0.0000E+00	0.0000E+00	8.9813E-01
3.4950E+03	0.0000E+00	0.0000E+00	8.9783E-01
3.4960E+03	0.0000E+00	0.0000E+00	8.9580E-01
3.4970E+03	0.0000E+00	0.0000E+00	8.9601E-01
3.4980E+03	0.0000E+00	0.0000E+00	8.9645E-01
3.4990E+03	0.0000E+00	0.0000E+00	8.9877E-01
3.5000E+03	0.0000E+00	0.0000E+00	8.9112E-01
3.5010E+03	0.0000E+00	0.0000E+00	8.9236E-01
3.5020E+03	0.0000E+00	0.0000E+00	8.9313E-01
3.5030E+03	0.0000E+00	0.0000E+00	8.9066E-01
3.5040E+03	0.0000E+00	0.0000E+00	8.9277E-01
3.5050E+03	0.0000E+00	0.0000E+00	8.9125E-01
3.5060E+03	0.0000E+00	0.0000E+00	8.9129E-01
3.5070E+03	0.0000E+00	0.0000E+00	8.8953E-01
3.5080E+03	0.0000E+00	0.0000E+00	8.9007E-01
3.5090E+03	0.0000E+00	0.0000E+00	8.8804E-01
3.5100E+03	0.0000E+00	0.0000E+00	8.8759E-01
3.5110E+03	0.0000E+00	0.0000E+00	8.8946E-01
3.5120E+03	0.0000E+00	0.0000E+00	8.8872E-01
3.5130E+03	0.0000E+00	0.0000E+00	8.9064E-01
3.5140E+03	0.0000E+00	0.0000E+00	8.8951E-01
3.5150E+03	0.0000E+00	0.0000E+00	8.9309E-01
3.5160E+03	0.0000E+00	0.0000E+00	8.9254E-01
3.5170E+03	0.0000E+00	0.0000E+00	8.9332E-01
3.5180E+03	0.0000E+00	0.0000E+00	8.9119E-01
3.5190E+03	0.0000E+00	0.0000E+00	8.9371E-01
3.5200E+03	0.0000E+00	0.0000E+00	8.9185E-01
3.5210E+03	0.0000E+00	0.0000E+00	8.9668E-01
3.5220E+03	0.0000E+00	0.0000E+00	8.9397E-01
3.5230E+03	0.0000E+00	0.0000E+00	8.9575E-01
3.5240E+03	0.0000E+00	0.0000E+00	8.9289E-01
3.5250E+03	0.0000E+00	0.0000E+00	8.8694E-01
3.5260E+03	0.0000E+00	0.0000E+00	8.8790E-01
3.5270E+03	0.0000E+00	0.0000E+00	8.8536E-01
3.5280E+03	0.0000E+00	0.0000E+00	8.8522E-01
3.5290E+03	0.0000E+00	0.0000E+00	8.8420E-01
3.5300E+03	0.0000E+00	0.0000E+00	8.8564E-01
3.5310E+03	0.0000E+00	0.0000E+00	8.8225E-01
3.5320E+03	0.0000E+00	0.0000E+00	8.8367E-01
3.5330E+03	0.0000E+00	0.0000E+00	8.8313E-01
3.5340E+03	0.0000E+00	0.0000E+00	8.8443E-01
3.5350E+03	0.0000E+00	0.0000E+00	8.8278E-01
3.5360E+03	0.0000E+00	0.0000E+00	8.8027E-01
3.5370E+03	0.0000E+00	0.0000E+00	8.8584E-01
3.5380E+03	0.0000E+00	0.0000E+00	8.8938E-01
3.5390E+03	0.0000E+00	0.0000E+00	8.8987E-01
3.5400E+03	0.0000E+00	0.0000E+00	8.9027E-01
3.5410E+03	0.0000E+00	0.0000E+00	8.9106E-01
3.5420E+03	0.0000E+00	0.0000E+00	8.9007E-01
3.5430E+03	0.0000E+00	0.0000E+00	8.8905E-01
3.5440E+03	0.0000E+00	0.0000E+00	8.9307E-01
3.5450E+03	0.0000E+00	0.0000E+00	8.9540E-01
3.5460E+03	0.0000E+00	0.0000E+00	8.9327E-01
3.5470E+03	0.0000E+00	0.0000E+00	8.9199E-01
3.5480E+03	0.0000E+00	0.0000E+00	8.8694E-01
3.5490E+03	0.0000E+00	0.0000E+00	8.8674E-01
3.5500E+03	0.0000E+00	0.0000E+00	8.8482E-01
3.5510E+03	0.0000E+00	0.0000E+00	8.8262E-01
3.5520E+03	0.0000E+00	0.0000E+00	8.8171E-01
3.5530E+03	0.0000E+00	0.0000E+00	8.8203E-01
3.5540E+03	0.0000E+00	0.0000E+00	8.8006E-01
3.5550E+03	0.0000E+00	0.0000E+00	8.7983E-01
3.5560E+03	0.0000E+00	0.0000E+00	8.7780E-01
3.5570E+03	0.0000E+00	0.0000E+00	8.7872E-01
3.5580E+03	0.0000E+00	0.0000E+00	8.8080E-01
3.5590E+03	0.0000E+00	0.0000E+00	8.7887E-01
3.5600E+03	0.0000E+00	0.0000E+00	8.8016E-01
3.5610E+03	0.0000E+00	0.0000E+00	8.8211E-01
3.5620E+03	0.0000E+00	0.0000E+00	8.8716E-01
3.5630E+03	0.0000E+00	0.0000E+00	8.8676E-01
3.5640E+03	0.0000E+00	0.0000E+00	8.8470E-01
3.5650E+03	0.0000E+00	0.0000E+00	8.8407E-01
3.5660E+03	0.0000E+00	0.0000E+00	8.8606E-01
3.5670E+03	0.0000E+00	0.0000E+00	8.8701E-01
3.5680E+03	0.0000E+00	0.0000E+00	8.8748E-01
3.5690E+03	0.0000E+00	0.0000E+00	8.8888E-01
3.5700E+03	0.0000E+00	0.0000E+00	8.9027E-01
3.5710E+03	0.0000E+00	0.0000E+00	8.8899E-01
3.5720E+03	0.0000E+00	0.0000E+00	8.8926E-01
3.5730E+03	0.0000E+00	0.0000E+00	8.8592E-01
3.5740E+03	0.0000E+00	0.0000E+00	8.8368E-01
3.5750E+03	0.0000E+00	0.0000E+00	8.8015E-01
3.5760E+03	0.0000E+00	0.0000E+00	8.7980E-01
3.5770E+03	0.0000E+00	0.0000E+00	8.7937E-01
3.5780E+03	0.0000E+00	0.0000E+00	8.8260E-01
3.5790E+03	0.0000E+00	0.0000E+00	8.8169E-01
3.5800E+03	0.0000E+00	0.0000E+00	8.8122E-01
3.5810E+03	0.0000E+00	0.0000E+00	8.8035E-01
3.5820E+03	0.0000E+00	0.0000E+00	8.8062E-01
3.5830E+03	0.0000E+00	0.0000E+00	8.8330E-01
3.5840E+03	0.0000E+00	0.0000E+00	8.7971E-01
3.5850E+03	0.0000E+00	0.0000E+00	8.8156E-01
3.5860E+03	0.0000E+00	0.0000E+00	8.8590E-01
3.5870E+03	0.0000E+00	0.0000E+00	8.8320E-01
3.5880E+03	0.0000E+00	0.0000E+00	8.8542E-01
3.5890E+03	0.0000E+00	0.0000E+00	8.8475E-01
3.5900E+03	0.0000E+00	0.0000E+00	8.8676E-01
3.5910E+03	0.0000E+00	0.0000E+00	8.8953E-01
3.5920E+03	0.0000E+00	0.0000E+00	8.8913E-01
3.5930E+03	0.0000E+00	0.0000E+00	8.9021E-01
3.5940E+03	0.0000E+00	0.0000E+00	8.8934E-01
3.5950E+03	0.0000E+00	0.0000E+00	8.8738E-01
3.5960E+03	0.0000E+00	0.0000E+00	8.8480E-01
3.5970E+03	0.0000E+00	0.0000E+00	8.8244E-01
3.5980E+03	0.0000E+00	0.0000E+00	8.8164E-01
3.5990E+03	0.0000E+00	0.0000E+00	8.8355E-01
3.6000E+03	0.0000E+00	0.0000E+00	8.8224E-01
3.6010E+03	0.0000E+00	0.0000E+00	8.8378E-01
3.6020E+03	0.0000E+00	0.0000E+00	8.8464E-01
3.6030E+03	0.0000E+00	0.0000E+00	8.8239E-01
3.6040E+03	0.0000E+00	0.0000E+00	8.8362E-01
3.6050E+03	0.0000E+00	0.0000E+00	8.8264E-01
3.6060E+03	0.0000E+00	0.0000E+00	8.8155E-01
3.6070E+03	0.0000E+00	0.0000E+00	8.8244E-01
3.6080E+03	0.0000E+00	0.0000E+00	8.8556E-01
3.6090E+03	0.0000E+00	0.0000E+00	8.8352E-01
3.6100E+03	0.0000E+00	0.0000E+00	8.8239E-01
3.6110E+03	0.0000E+00	0.0000E+00	8.8399E-01
3.6120E+03	0.0000E+00	0.0000E+00	8.8369E-01
3.6130E+03	0.0000E+00	0.0000E+00	8.8570E-01
3.6140E+03	0.0000E+00	0.0000E+00	8.8570E-01
3.6150E+03	0.0000E+00	0.0000E+00	8.8358E-01
3.6160E+03	0.0000E+00	0.0000E+00	8.8257E-01
3.6170E+03	0.0000E+00	0.0000E+00	8.8586E-01
3.6180E+03	0.0000E+00	0.0000E+00	8.8764E-01
3.6190E+03	0.0000E+00	0.0000E+00	8.8667E-01
3.6200E+03	0.0000E+00	0.0000E+00	8.8468E-01
3.6210E+03	0.0000E+00	0.0000E+00	8.8367E-01
3.6220E+03	0.0000E+00	0.0000E+00	8.8429E-01
3.6230E+03	0.0000E+00	0.0000E+00	8.8051E-01
3.6240E+03	0.0000E+00	0.0000E+00	8.7914E-01
3.6250E+03	0.0000E+00	0.0000E+00	8.7785E-01
3.6260E+03	0.0000E+00	0.0000E+00	8.7719E-01
3.6270E+03	0.0000E+00	0.0000E+00	8.7797E-01
3.6280E+03	0.0000E+00	0.0000E+00	8.7825E-01
3.6290E+03	0.0000E+00	0.0000E+00	8.7789E-01
3.6300E+03	0.0000E+00	0.0000E+00	8.7665E-01
3.6310E+03	0.0000E+00	0.0000E+00	8.7913E-01
3.6320E+03	0.0000E+00	0.0000E+00	8.7983E-01
3.6330E+03	0.0000E+00	0.0000E+00	8.7909E-01
3.6340E+03	0.0000E+00	0.0000E+00	8.8101E-01
3.6350E+03	0.0000E+00	0.0000E+00	8.8215E-01
3.6360E+03	0.0000E+00	0.0000E+00	8.8724E-01
3.6370E+03	0.0000E+00	0.0000E+00	8.8615E-01
3.6380E+03	0.0000E+00	0.0000E+00	8.8815E-01
3.6390E+03	0.0000E+00	0.0000E+00	8.8861E-01
3.6400E+03	0.0000E+00	0.0000E+00	8.8688E-01
3.6410E+03	0.0000E+00	0.0000E+00	8.8988E-01
3.6420E+03	0.0000E+00	0.0000E+00	8.9052E-01
3.6430E+03	0.0000E+00	0.0000E+00	8.9121E-01
3.6440E+03	0.0000E+00	0.0000E+00	8.8986E-01
3.6450E+03	0.0000E+00	0.0000E+00	8.9012E-01
3.6460E+03	0.0000E+00	0.0000E+00	8.9438E-01
3.6470E+03	0.0000E+00	0.0000E+00	8.9346E-01
3.6480E+03	0.0000E+00	0.0000E+00	8.9363E-01
3.6490E+03	0.0000E+00	0.0000E+00	8.9175E-01
3.6500E+03	0.0000E+00	0.0000E+00	8.9277E-01
3.6510E+03	0.0000E+00	0.0000E+00	8.9160E-01
3.6520E+03	0.0000E+00	0.0000E+00	8.9135E-01
3.6530E+03	0.0000E+00	0.0000E+00	8.8842E-01
3.6540E+03	0.0000E+00	0.0000E+00	8.9116E-01
3.6550E+03	0.0000E+00	0.0000E+00	8.9064E-01
3.6560E+03	0.0000E+00	0.0000E+00	8.9046E-01
3.6570E+03	0.0000E+00	0.0000E+00	8.8673E-01
3.6580E+03	0.0000E+00	0.0000E+00	8.8957E-01
3.6590E+03	0.0000E+00	0.0000E+00	8.9117E-01
3.6600E+03	0.0000E+00	0.0000E+00	8.8720E-01
3.6610E+03	0.0000E+00	0.0000E+00	8.8862E-01
3.6620E+03	0.0000E+00	0.0000E+00	8.8719E-01
3.6630E+03	0.0000E+00	0.0000E+00	8.8881E-01
3.6640E+03	0.0000E+00	0.0000E+00	8.8742E-01
3.6650E+03	0.0000E+00	0.0000E+00	8.8871E-01
3.6660E+03	0.0000E+00	0.0000E+00	8.8793E-01
3.6670E+03	0.0000E+00	0.0000E+00	8.8616E-01
3.6680E+03	0.0000E+00	0.0000E+00	8.8493E-01
3.6690E+03	0.0000E+00	0.0000E+00	8.8082E-01
3.6700E+03	0.0000E+00	0.0000E+00	8.7836E-01
3.6710E+03	0.0000E+00	0.0000E+00	8.7912E-01
3.6720E+03	0.0000E+00	0.0000E+00	8.8203E-01
3.6730E+03	0.0000E+00	0.0000E+00	8.8273E-01
3.6740E+03	0.0000E+00	0.0000E+00	8.8007E-01
3.6750E+03	0.0000E+00	0.0000E+00	8.8012E-01
3.6760E+03	0.0000E+00	0.0000E+00	8.7802E-01
3.6770E+03	0.0000E+00	0.0000E+00	8.7926E-01
3.6780E+03	0.0000E+00	0.0000E+00	8.7767E-01
3.6790E+03	0.0000E+00	0.0000E+00	8.7886E-01
3.6800E+03	0.0000E+00	0.0000E+00	8.7725E-01
3.6810E+03	0.0000E+00	0.0000E+00	8.8008E-01
3.6820E+03	0.0000E+00	0.0000E+00	8.8084E-01
3.6830E+03	0.0000E+00	0.0000E+00	8.8371E-01
3.6840E+03	0.0000E+00	0.0000E+00	8.8334E-01
3.6850E+03	0.0000E+00	0.0000E+00	8.8483E-01
3.6860E+03	0.0000E+00	0.0000E+00	8.8477E-01
3.6870E+03	0.0000E+00	0.0000E+00	8.8647E-01
3.6880E+03	0.0000E+00	0.0000E+00	8.8344E-01
3.6890E+03	0.0000E+00	0.0000E+00	8.8368E-01
3.6900E+03	0.0000E+00	0.0000E+00	8.8461E-01
3.6910E+03	0.0000E+00	0.0000E+00	8.8556E-01
3.6920E+03	0.0000E+00	0.0000E+00	8.8289E-01
3.6930E+03	0.0000E+00	0.0000E+00	8.8110E-01
3.6940E+03	0.0000E+00	0.0000E+00	8.7833E-01
3.6950E+03	0.0000E+00	0.0000E+00	8.8140E-01
3.6960E+03	0.0000E+00	0.0000E+00	8.8120E-01
3.6970E+03	0.0000E+00	0.0000E+00	8.7962E-01
3.6980E+03	0.0000E+00	0.0000E+00	8.7852E-01
3.6990E+03	0.0000E+00	0.0000E+00	8.7800E-01
3.7000E+03	0.0000E+00	0.0000E+00	8.7857E-01
3.7010E+03	0.0000E+00	0.0000E+00	8.7891E-01
3.7020E+03	0.0000E+00	0.0000E+00	8.7716E-01
3.7030E+03	0.0000E+00	0.0000E+00	8.7570E-01
3.7040E+03	0.0000E+00	0.0000E+00	8.7498E-01
3.7050E+03	0.0000E+00	0.0000E+00	8.7695E-01
3.7060E+03	0.0000E+00	0.0000E+00	8.8105E-01
3.7070E+03	0.0000E+00	0.0000E+00	8.8184E-01
3.7080E+03	0.0000E+00	0.0000E+00	8.8120E-01
3.7090E+03	0.0000E+00	0.0000E+00	8.8378E-01
3.7100E+03	0.0000E+00	0.0000E+00	8.8315E-01
3.7110E+03	0.0000E+00	0.0000E+00	8.8169E-01
3.7120E+03	0.0000E+00	0.0000E+00	8.8358E-01
3.7130E+03	0.0000E+00	0.0000E+00	8.8196E-01
3.7140E+03	0.0000E+00	0.0000E+00	8.8557E-01
3.7150E+03	0.0000E+00	0.0000E+00	8.8245E-01
3.7160E+03	0.0000E+00	0.0000E+00	8.8201E-01
3.7170E+03	0.0000E+00	0.0000E+00	8.8001E-01
3.7180E+03	0.0000E+00	0.0000E+00	8.7597E-01
3.7190E+03	0.0000E+00	0.0000E+00	8.7740E-01
3.7200E+03	0.0000E+00	0.0000E+00	8.7307E-01
3.7210E+03	0.0000E+00	0.0000E+00	8.7264E-01
3.7220E+03	0.0000E+00	0.0000E+00	8.7541E-01
3.7230E+03	0.0000E+00	0.0000E+00	8.7466E-01
3.7240E+03	0.0000E+00	0.0000E+00	8.7337E-01
3.7250E+03	0.0000E+00	0.0000E+00	8.7254E-01
3.7260E+03	0.0000E+00	0.0000E+00	8.7304E-01
3.7270E+03	0.0000E+00	0.0000E+00	8.7114E-01
3.7280E+03	0.0000E+00	0.0000E+00	8.6897E-01
3.7290E+03	0.0000E+00	0.0000E+00	8.7535E-01
3.7300E+03	0.0000E+00	0.0000E+00	8.7412E-01
3.7310E+03	0.0000E+00	0.0000E+00	8.7669E-01
3.7320E+03	0.0000E+00	0.0000E+00	8.7771E-01
3.7330E+03	0.0000E+00	0.0000E+00	8.8001E-01
3.7340E+03	0.0000E+00	0.0000E+00	8.7803E-01
3.7350E+03	0.0000E+00	0.0000E+00	8.7969E-01
3.7360E+03	0.0000E+00	0.0000E+00	8.7878E-01
3.7370E+03	0.0000E+00	0.0000E+00	8.8150E-01
3.7380E+03	0.0000E+00	0.0000E+00	8.8037E-01
3.7390E+03	0.0000E+00	0.0000E+00	8.7918E-01
3.7400E+03	0.0000E+00	0.0000E+00	8.7794E-01
3.7410E+03	0.0000E+00	0.0000E+00	8.7572E-01
3.7420E+03	0.0000E+00	0.0000E+00	8.7175E-01
3.7430E+03	0.0000E+00	0.0000E+00	8.7295E-01
3.7440E+03	0.0000E+00	0.0000E+00	8.6815E-01
3.7450E+03	0.0000E+00	0.0000E+00	8.6972E-01
3.7460E+03	0.0000E+00	0.0000E+00	8.7072E-01
3.7470E+03	0.0000E+00	0.0000E+00	8.6869E-01
3.7480E+03	0.0000E+00	0.0000E+00	8.6968E-01
3.7490E+03	0.0000E+00	0.0000E+00	8.6480E-01
3.7500E+03	0.0000E+00	0.0000E+00	8.6625E-01
3.7510E+03	0.0000E+00	0.0000E+00	8.6308E-01
3.7520E+03	0.0000E+00	0.0000E+00	8.6629E-01
3.7530E+03	0.0000E+00	0.0000E+00	8.6960E-01
3.7540E+03	0.0000E+00	0.0000E+00	8.7348E-01
3.7550E+03	0.0000E+00	0.0000E+00	8.7635E-01
3.7560E+03	0.0000E+00	0.0000E+00	8.7437E-01
3.7570E+03	0.0000E+00	0.0000E+00	8.7610E-01
3.7580E+03	0.0000E+00	0.0000E+00	8.7411E-01
3.7590E+03	0.0000E+00	0.0000E+00	8.7329E-01
3.7600E+03	0.0000E+00	0.0000E+00	8.7770E-01
3.7610E+03	0.0000E+00	0.0000E+00	8.7597E-01
3.7620E+03	0.0000E+00	0.0000E+00	8.7808E-01
3.7630E+03	0.0000E+00	0.0000E+00	8.7453E-01
3.7640E+03	0.0000E+00	0.0000E+00	8.7429E-01
3.7650E+03	0.0000E+00	0.0000E+00	8.7105E-01
3.7660E+03	0.0000E+00	0.0000E+00	8.6909E-01
3.7670E+03	0.0000E+00	0.0000E+00	8.6802E-01
3.7680E+03	0.0000E+00	0.0000E+00	8.6985E-01
3.7690E+03	0.0000E+00	0.0000E+00	8.6958E-01
3.7700E+03	0.0000E+00	0.0000E+00	8.6998E-01
3.7710E+03	0.0000E+00	0.0000E+00	8.6952E-01
3.7720E+03	0.0000E+00	0.0000E+00	8.6683E-01
3.7730E+03	0.0000E+00	0.0000E+00	8.6818E-01
3.7740E+03	0.0000E+00	0.0000E+00	8.6708E-01
3.7750E+03	0.0000E+00	0.0000E+00	8.6689E-01
3.7760E+03	0.0000E+00	0.0000E+00	8.6736E-01
3.7770E+03	0.0000E+00	0.0000E+00	8.6978E-01
3.7780E+03	0.0000E+00	0.0000E+00	8.7279E-01
3.7790E+03	0.0000E+00	0.0000E+00	8.7185E-01
3.7800E+03	0.0000E+00	0.0000E+00	8.7480E-01
3.7810E+03	0.0000E+00	0.0000E+00	8.7642E-01
3.7820E+03	0.0000E+00	0.0000E+00	8.7585E-01
3.7830E+03	0.0000E+00	0.0000E+00	8.7845E-01
3.7840E+03	0.0000E+00	0.0000E+00	8.7517E-01
3.7850E+03	0.0000E+00	0.0000E+00	8.7612E-01
3.7860E+03	0.0000E+00	0.0000E+00	8.7713E-01
3.7870E+03	0.0000E+00	0.0000E+00	8.7498E-01
3.7880E+03	0.0000E+00	0.0000E+00	8.7384E-01
3.7890E+03	0.0000E+00	0.0000E+00	8.7112E-01
3.7900E+03	0.0000E+00	0.0000E+00	8.6973E-01
3.7910E+03	0.0000E+00	0.0000E+00	8.7077E-01
3.7920E+03	0.0000E+00	0.0000E+00	8.7116E-01
3.7930E+03	0.0000E+00	0.0000E+00	8.6958E-01
3.7940E+03	0.0000E+00	0.0000E+00	8.6756E-01
3.7950E+03	0.0000E+00	0.0000E+00	8.7013E-01
3.7960E+03	0.0000E+00	0.0000E+00	8.6952E-01
3.7970E+03	0.0000E+00	0.0000E+00	8.6694E-01
3.7980E+03	0.0000E+00	0.0000E+00	8.6760E-01
3.7990E+03	0.0000E+00	0.0000E+00	8.6780E-01
3.8000E+03	0.0000E+00	0.0000E+00	8.6540E-01
3.8010E+03	0.0000E+00	0.0000E+00	8.6913E-01
3.8020E+03	0.0000E+00	0.0000E+00	8.7194E-01
3.8030E+03	0.0000E+00	0.0000E+00	8.7355E-01
3.8040E+03	0.0000E+00	0.0000E+00	8.7214E-01
3.8050E+03	0.0000E+00	0.0000E+00	8.7233E-01
3.8060E+03	0.0000E+00	0.0000E+00	8.7465E-01
3.8070E+03	0.0000E+00	0.0000E+00	8.7559E-01
3.8080E+03	0.0000E+00	0.0000E+00	8.7720E-01
3.8090E+03	0.0000E+00	0.0000E+00	8.7729E-01
3.8100E+03	0.0000E+00	0.0000E+00	8.7401E-01
3.8110E+03	0.0000E+00	0.0000E+00	8.7595E-01
3.8120E+03	0.0000E+00	0.0000E+00	8.7334E-01
3.8130E+03	0.0000E+00	0.0000E+00	8.6825E-01
3.8140E+03	0.0000E+00	0.0000E+00	8.6807E-01
3.8150E+03	0.0000E+00	0.0000E+00	8.6795E-01
3.8160E+03	0.0000E+00	0.0000E+00	8.6590E-01
3.8170E+03	0.0000E+00	0.0000E+00	8.6718E-01
3.8180E+03	0.0000E+00	0.0000E+00	8.6689E-01
3.8190E+03	0.0000E+00	0.0000E+00	8.6485E-01
3.8200E+03	0.0000E+00	0.0000E+00	8.6465E-01
3.8210E+03	0.0000E+00	0.0000E+00	8.6338E-01
3.8220E+03	0.0000E+00	0.0000E+00	8.6461E-01
3.8230E+03	0.0000E+00	0.0000E+00	8.6600E-01
3.8240E+03	0.0000E+00	0.0000E+00	8.6052E-01
3.8250E+03	0.0000E+00	0.0000E+00	8.6888E-01
3.8260E+03	0.0000E+00	0.0000E+00	8.6973E-01
3.8270E+03	0.0000E+00	0.0000E+00	8.6802E-01
3.8280E+03	0.0000E+00	0.0000E+00	8.7318E-01
3.8290E+03	0.0000E+00	0.0000E+00	8.7178E-01
3.8300E+03	0.0000E+00	0.0000E+00	8.7368E-01
3.8310E+03	0.0000E+00	0.0000E+00	8.7170E-01
3.8320E+03	0.0000E+00	0.0000E+00	8.7664E-01
3.8330E+03	0.0000E+00	0.0000E+00	8.7537E-01
3.8340E+03	0.0000E+00	0.0000E+00	8.7551E-01
3.8350E+03	0.0000E+00	0.0000E+00	8.7528E-01
3.8360E+03	0.0000E+00	0.0000E+00	8.7472E-01
3.8370E+03	0.0000E+00	0.0000E+00	8.7078E-01
3.8380E+03	0.0000E+00	0.0000E+00	8.6845E-01
3.8390E+03	0.0000E+00	0.0000E+00	8.7057E-01
3.8400E+03	0.0000E+00	0.0000E+00	8.7135E-01
3.8410E+03	0.0000E+00	0.0000E+00	8.6872E-01
3.8420E+03	0.0000E+00	0.0000E+00	8.6786E-01
3.8430E+03	0.0000E+00	0.0000E+00	8.6639E-01
3.8440E+03	0.0000E+00	0.0000E+00	8.6701E-01
3.8450E+03	0.0000E+00	0.0000E+00	8.6516E-01
3.8460E+03	0.0000E+00	0.0000E+00	8.6647E-01
3.8470E+03	0.0000E+00	0.0000E+00	8.6563E-01
3.8480E+03	0.0000E+00	0.0000E+00	8.6352E-01
3.8490E+03	0.0000E+00	0.0000E+00	8.6850E-01
3.8500E+03	0.0000E+00	0.0000E+00	8.6809E-01
3.8510E+03	0.0000E+00	0.0000E+00	8.7064E-01
3.8520E+03	0.0000E+00	0.0000E+00	8.7083E-01
3.8530E+03	0.0000E+00	0.0000E+00	8.7300E-01
3.8540E+03	0.0000E+00	0.0000E+00	8.7357E-01
3.8550E+03	0.0000E+00	0.0000E+00	8.7339E-01
3.8560E+03	0.0000E+00	0.0000E+00	8.7383E-01
3.8570E+03	0.0000E+00	0.0000E+00	8.7372E-01
3.8580E+03	0.0000E+00	0.0000E+00	8.7568E-01
3.8590E+03	0.0000E+00	0.0000E+00	8.7428E-01
3.8600E+03	0.0000E+00	0.0000E+00	8.7086E-01
3.8610E+03	0.0000E+00	0.0000E+00	8.6993E-01
3.8620E+03	0.0000E+00	0.0000E+00	8.6594E-01
3.8630E+03	0.0000E+00	0.0000E+00	8.6764E-01
3.8640E+03	0.0000E+00	0.0000E+00	8.6959E-01
3.8650E+03	0.0000E+00	0.0000E+00	8.7012E-01
3.8660E+03	0.0000E+00	0.0000E+00	8.6840E-01
3.8670E+03	0.0000E+00	0.0000E+00	8.6609E-01
3.8680E+03	0.0000E+00	0.0000E+00	8.6528E-01
3.8690E+03	0.0000E+00	0.0000E+00	8.6756E-01
3.8700E+03	0.0000E+00	0.0000E+00	8.6553E-01
3.8710E+03	0.0000E+00	0.0000E+00	8.6640E-01
3.8720E+03	0.0000E+00	0.0000E+00	8.6397E-01
3.8730E+03	0.0000E+00	0.0000E+00	8.6687E-01
3.8740E+03	0.0000E+00	0.0000E+00	8.6942E-01
3.8750E+03	0.0000E+00	0.0000E+00	8.6982E-01
3.8760E+03	0.0000E+00	0.0000E+00	8.7018E-01
3.8770E+03	0.0000E+00	0.0000E+00	8.7587E-01
3.8780E+03	0.0000E+00	0.0000E+00	8.7338E-01
3.8790E+03	0.0000E+00	0.0000E+00	8.7479E-01
3.8800E+03	0.0000E+00	0.0000E+00	8.7327E-01
3.8810E+03	0.0000E+00	0.0000E+00	8.7587E-01
3.8820E+03	0.0000E+00	0.0000E+00	8.7362E-01
3.8830E+03	0.0000E+00	0.0000E+00	8.7365E-01
3.8840E+03	0.0000E+00	0.0000E+00	8.7254E-01
3.8850E+03	0.0000E+00	0.0000E+00	8.7175E-01
3.8860E+03	0.0000E+00	0.0000E+00	8.6847E-01
3.8870E+03	0.0000E+00	0.0000E+00	8.7191E-01
3.8880E+03	0.0000E+00	0.0000E+00	8.7071E-01
3.8890E+03	0.0000E+00	0.0000E+00	8.7200E-01
3.8900E+03	0.0000E+00	0.0000E+00	8.6961E-01
3.8910E+03	0.0000E+00	0.0000E+00	8.6964E-01
3.8920E+03	0.0000E+00	0.0000E+00	8.6799E-01
3.8930E+03	0.0000E+00	0.0000E+00	8.6682E-01
3.8940E+03	0.0000E+00	0.0000E+00	8.6695E-01
3.8950E+03	0.0000E+00	0.0000E+00	8.6637E-01
3.8960E+03	0.0000E+00	0.0000E+00	8.6624E-01
3.8970E+03	0.0000E+00	0.0000E+00	8.6977E-01
3.8980E+03	0.0000E+00	0.0000E+00	8.7146E-01
3.8990E+03	0.0000E+00	0.0000E+00	8.7182E-01
3.9000E+03	0.0000E+00	0.0000E+00	8.7246E-01
3.9010E+03	0.0000E+00	0.0000E+00	8.7457E-01
3.9020E+03	0.0000E+00	0.0000E+00	8.7398E-01
3.9030E+03	0.0000E+00	0.0000E+00	8.7342E-01
3.9040E+03	0.0000E+00	0.0000E+00	8.7353E-01
3.9050E+03	0.0000E+00	0.0000E+00	8.7226E-01
3.9060E+03	0.0000E+00	0.0000E+00	8.7497E-01
3.9070E+03	0.0000E+00	0.0000E+00	8.7368E-01
3.9080E+03	0.0000E+00	0.0000E+00	8.7357E-01
3.9090E+03	0.0000E+00	0.0000E+00	8.7418E-01
3.9100E+03	0.0000E+00	0.0000E+00	8.6973E-01
3.9110E+03	0.0000E+00	0.0000E+00	8.6809E-01
3.9120E+03	0.0000E+00	0.0000E+00	8.6916E-01
3.9130E+03	0.0000E+00	0.0000E+00	8.7165E-01
3.9140E+03	0.0000E+00	0.0000E+00	8.7053E-01
3.9150E+03	0.0000E+00	0.0000E+00	8.6557E-01
3.9160E+03	0.0000E+00	0.0000E+00	8.6703E-01
3.9170E+03	0.0000E+00	0.0000E+00	8.6849E-01
3.9180E+03	0.0000E+00	0.0000E+00	8.6680E-01
3.9190E+03	0.0000E+00	0.0000E+00	8.6634E-01
3.9200E+03	0.0000E+00	0.0000E+00	8.6508E-01
3.9210E+03	0.0000E+00	0.0000E+00	8.6857E-01
3.9220E+03	0.0000E+00	0.0000E+00	8.6807E-01
3.9230E+03	0.0000E+00	0.0000E+00	8.7100E-01
3.9240E+03	0.0000E+00	0.0000E+00	8.6730E-01
3.9250E+03	0.0000E+00	0.0000E+00	8.7066E-01
3.9260E+03	0.0000E+00	0.0000E+00	8.7087E-01
3.9270E+03	0.0000E+00	0.0000E+00	8.7112E-01
3.9280E+03	0.0000E+00	0.0000E+00	8.7161E-01
3.9290E+03	0.0000E+00	0.0000E+00	8.7177E-01
3.9300E+03	0.0000E+00	0.0000E+00	8.7080E-01
3.9310E+03	0.0000E+00	0.0000E+00	8.7249E-01
3.9320E+03	0.0000E+00	0.0000E+00	8.7384E-01
3.9330E+03	0.0000E+00	0.0000E+00	8.7006E-01
3.9340E+03	0.0000E+00	0.0000E+00	8.6780E-01
3.9350E+03	0.0000E+00	0.0000E+00	8.6639E-01
3.9360E+03	0.0000E+00	0.0000E+00	8.6721E-01
3.9370E+03	0.0000E+00	0.0000E+00	8.6565E-01
3.9380E+03	0.0000E+00	0.0000E+00	8.6139E-01
3.9390E+03	0.0000E+00	0.0000E+00	8.6516E-01
3.9400E+03	0.0000E+00	0.0000E+00	8.6695E-01
3.9410E+03	0.0000E+00	0.0000E+00	8.6344E-01
3.9420E+03	0.0000E+00	0.0000E+00	8.6291E-01
3.9430E+03	0.0000E+00	0.0000E+00	8.6325E-01
3.9440E+03	0.0000E+00	0.0000E+00	8.6003E-01
3.9450E+03	0.0000E+00	0.0000E+00	8.6622E-01
3.9460E+03	0.0000E+00	0.0000E+00	8.6485E-01
3.9470E+03	0.0000E+00	0.0000E+00	8.6672E-01
3.9480E+03	0.0000E+00	0.0000E+00	8.7021E-01
3.9490E+03	0.0000E+00	0.0000E+00	8.6726E-01
3.9500E+03	0.0000E+00	0.0000E+00	8.6792E-01
3.9510E+03	0.0000E+00	0.0000E+00	8.6953E-01
3.9520E+03	0.0000E+00	0.0000E+00	8.6828E-01
3.9530E+03	0.0000E+00	0.0000E+00	8.7043E-01
3.9540E+03	0.0000E+00	0.0000E+00	8.7040E-01
3.9550E+03	0.0000E+00	0.0000E+00	8.6895E-01
3.9560E+03	0.0000E+00	0.0000E+00	8.6751E-01
3.9570E+03	0.0000E+00	0.0000E+00	8.6528E-01
3.9580E+03	0.0000E+00	0.0000E+00	8.6436E-01
3.9590E+03	0.0000E+00	0.0000E+00	8.6454E-01
3.9600E+03	0.0000E+00	0.0000E+00	8.6181E-01
3.9610E+03	0.0000E+00	0.0000E+00	8.6284E-01
3.9620E+03	0.0000E+00	0.0000E+00	8.6330E-01
3.9630E+03	0.0000E+00	0.0000E+00	8.6362E-01
3.9640E+03	0.0000E+00	0.0000E+00	8.6154E-01
3.9650E+03	0.0000E+00	0.0000E+00	8.6180E-01
3.9660E+03	0.0000E+00	0.0000E+00	8.6017E-01
3.9670E+03	0.0000E+00	0.0000E+00	8.6111E-01
3.9680E+03	0.0000E+00	0.0000E+00	8.5936E-01
3.9690E+03	0.0000E+00	0.0000E+00	8.6447E-01
3.9700E+03	0.0000E+00	0.0000E+00	8.6582E-01
3.9710E+03	0.0000E+00	0.0000E+00	8.6589E-01
3.9720E+03	0.0000E+00	0.0000E+00	8.6885E-01
3.9730E+03	0.0000E+00	0.0000E+00	8.6893E-01
3.9740E+03	0.0000E+00	0.0000E+00	8.6933E-01
3.9750E+03	0.0000E+00	0.0000E+00	8.6771E-01
3.9760E+03	0.0000E+00	0.0000E+00	8.7040E-01
3.9770E+03	0.0000E+00	0.0000E+00	8.7221E-01
3.9780E+03	0.0000E+00	0.0000E+00	8.6918E-01
3.9790E+03	0.0000E+00	0.0000E+00	8.6988E-01
3.9800E+03	0.0000E+00	0.0000E+00	8.6636E-01
3.9810E+03	0.0000E+00	0.0000E+00	8.6259E-01
3.9820E+03	0.0000E+00	0.0000E+00	8.6335E-01
3.9830E+03	0.0000E+00	0.0000E+00	8.6181E-01
3.9840E+03	0.0000E+00	0.0000E+00	8.6021E-01
3.9850E+03	0.0000E+00	0.0000E+00	8.5858E-01
3.9860E+03	0.0000E+00	0.0000E+00	8.5994E-01
3.9870E+03	0.0000E+00	0.0000E+00	8.5882E-01
3.9880E+03	0.0000E+00	0.0000E+00	8.6031E-01
3.9890E+03	0.0000E+00	0.0000E+00	8.6288E-01
3.9900E+03	0.0000E+00	0.0000E+00	8.6288E-01
3.9910E+03	0.0000E+00	0.0000E+00	8.6313E-01
3.9920E+03	0.0000E+00	0.0000E+00	8.5957E-01
3.9930E+03	0.0000E+00	0.0000E+00	8.6301E-01
3.9940E+03	0.0000E+00	0.0000E+00	8.6091E-01
