TIME_UNITS h
DATA_UNITS m
!h  x   y   z
0.0000E+00	0.0000E+00	0.0000E+00	1.4402E+00
1.0000E+00	0.0000E+00	0.0000E+00	1.4402E+00
2.0000E+00	0.0000E+00	0.0000E+00	1.4591E+00
3.0000E+00	0.0000E+00	0.0000E+00	1.4747E+00
4.0000E+00	0.0000E+00	0.0000E+00	1.4927E+00
5.0000E+00	0.0000E+00	0.0000E+00	1.5082E+00
6.0000E+00	0.0000E+00	0.0000E+00	1.5240E+00
7.0000E+00	0.0000E+00	0.0000E+00	1.5376E+00
8.0000E+00	0.0000E+00	0.0000E+00	1.5376E+00
9.0000E+00	0.0000E+00	0.0000E+00	1.4470E+00
1.0000E+01	0.0000E+00	0.0000E+00	1.4380E+00
1.1000E+01	0.0000E+00	0.0000E+00	1.3950E+00
1.2000E+01	0.0000E+00	0.0000E+00	1.4116E+00
1.3000E+01	0.0000E+00	0.0000E+00	1.4177E+00
1.4000E+01	0.0000E+00	0.0000E+00	1.4182E+00
1.5000E+01	0.0000E+00	0.0000E+00	1.4260E+00
1.6000E+01	0.0000E+00	0.0000E+00	1.4541E+00
1.7000E+01	0.0000E+00	0.0000E+00	1.4438E+00
1.8000E+01	0.0000E+00	0.0000E+00	1.4609E+00
1.9000E+01	0.0000E+00	0.0000E+00	1.4653E+00
2.0000E+01	0.0000E+00	0.0000E+00	1.4631E+00
2.1000E+01	0.0000E+00	0.0000E+00	1.4599E+00
2.2000E+01	0.0000E+00	0.0000E+00	1.4574E+00
2.3000E+01	0.0000E+00	0.0000E+00	1.4586E+00
2.4000E+01	0.0000E+00	0.0000E+00	1.4658E+00
2.5000E+01	0.0000E+00	0.0000E+00	1.4761E+00
2.6000E+01	0.0000E+00	0.0000E+00	1.4880E+00
2.7000E+01	0.0000E+00	0.0000E+00	1.5014E+00
2.8000E+01	0.0000E+00	0.0000E+00	1.5205E+00
2.9000E+01	0.0000E+00	0.0000E+00	1.5359E+00
3.0000E+01	0.0000E+00	0.0000E+00	1.5532E+00
3.1000E+01	0.0000E+00	0.0000E+00	1.5666E+00
3.2000E+01	0.0000E+00	0.0000E+00	1.5610E+00
3.3000E+01	0.0000E+00	0.0000E+00	1.4797E+00
3.4000E+01	0.0000E+00	0.0000E+00	1.4678E+00
3.5000E+01	0.0000E+00	0.0000E+00	1.4346E+00
3.6000E+01	0.0000E+00	0.0000E+00	1.4434E+00
3.7000E+01	0.0000E+00	0.0000E+00	1.4464E+00
3.8000E+01	0.0000E+00	0.0000E+00	1.4427E+00
3.9000E+01	0.0000E+00	0.0000E+00	1.4512E+00
4.0000E+01	0.0000E+00	0.0000E+00	1.4679E+00
4.1000E+01	0.0000E+00	0.0000E+00	1.4812E+00
4.2000E+01	0.0000E+00	0.0000E+00	1.4792E+00
4.3000E+01	0.0000E+00	0.0000E+00	1.4819E+00
4.4000E+01	0.0000E+00	0.0000E+00	1.4757E+00
4.5000E+01	0.0000E+00	0.0000E+00	1.4709E+00
4.6000E+01	0.0000E+00	0.0000E+00	1.4618E+00
4.7000E+01	0.0000E+00	0.0000E+00	1.4598E+00
4.8000E+01	0.0000E+00	0.0000E+00	1.4574E+00
4.9000E+01	0.0000E+00	0.0000E+00	1.4611E+00
5.0000E+01	0.0000E+00	0.0000E+00	1.4771E+00
5.1000E+01	0.0000E+00	0.0000E+00	1.4922E+00
5.2000E+01	0.0000E+00	0.0000E+00	1.5020E+00
5.3000E+01	0.0000E+00	0.0000E+00	1.5141E+00
5.4000E+01	0.0000E+00	0.0000E+00	1.5256E+00
5.5000E+01	0.0000E+00	0.0000E+00	1.5205E+00
5.6000E+01	0.0000E+00	0.0000E+00	1.4916E+00
5.7000E+01	0.0000E+00	0.0000E+00	1.4698E+00
5.8000E+01	0.0000E+00	0.0000E+00	1.4457E+00
5.9000E+01	0.0000E+00	0.0000E+00	1.4372E+00
6.0000E+01	0.0000E+00	0.0000E+00	1.4351E+00
6.1000E+01	0.0000E+00	0.0000E+00	1.4421E+00
6.2000E+01	0.0000E+00	0.0000E+00	1.4492E+00
6.3000E+01	0.0000E+00	0.0000E+00	1.4642E+00
6.4000E+01	0.0000E+00	0.0000E+00	1.4688E+00
6.5000E+01	0.0000E+00	0.0000E+00	1.4692E+00
6.6000E+01	0.0000E+00	0.0000E+00	1.4695E+00
6.7000E+01	0.0000E+00	0.0000E+00	1.4648E+00
6.8000E+01	0.0000E+00	0.0000E+00	1.4613E+00
6.9000E+01	0.0000E+00	0.0000E+00	1.4566E+00
7.0000E+01	0.0000E+00	0.0000E+00	1.4525E+00
7.1000E+01	0.0000E+00	0.0000E+00	1.4465E+00
7.2000E+01	0.0000E+00	0.0000E+00	1.4564E+00
7.3000E+01	0.0000E+00	0.0000E+00	1.4731E+00
7.4000E+01	0.0000E+00	0.0000E+00	1.4845E+00
7.5000E+01	0.0000E+00	0.0000E+00	1.4947E+00
7.6000E+01	0.0000E+00	0.0000E+00	1.5075E+00
7.7000E+01	0.0000E+00	0.0000E+00	1.5148E+00
7.8000E+01	0.0000E+00	0.0000E+00	1.5262E+00
7.9000E+01	0.0000E+00	0.0000E+00	1.5374E+00
8.0000E+01	0.0000E+00	0.0000E+00	1.5312E+00
8.1000E+01	0.0000E+00	0.0000E+00	1.4657E+00
8.2000E+01	0.0000E+00	0.0000E+00	1.4503E+00
8.3000E+01	0.0000E+00	0.0000E+00	1.4439E+00
8.4000E+01	0.0000E+00	0.0000E+00	1.4532E+00
8.5000E+01	0.0000E+00	0.0000E+00	1.4511E+00
8.6000E+01	0.0000E+00	0.0000E+00	1.4700E+00
8.7000E+01	0.0000E+00	0.0000E+00	1.5002E+00
8.8000E+01	0.0000E+00	0.0000E+00	1.5058E+00
8.9000E+01	0.0000E+00	0.0000E+00	1.5115E+00
9.0000E+01	0.0000E+00	0.0000E+00	1.5092E+00
9.1000E+01	0.0000E+00	0.0000E+00	1.5072E+00
9.2000E+01	0.0000E+00	0.0000E+00	1.5012E+00
9.3000E+01	0.0000E+00	0.0000E+00	1.4988E+00
9.4000E+01	0.0000E+00	0.0000E+00	1.4931E+00
9.5000E+01	0.0000E+00	0.0000E+00	1.4934E+00
9.6000E+01	0.0000E+00	0.0000E+00	1.4910E+00
9.7000E+01	0.0000E+00	0.0000E+00	1.4866E+00
9.8000E+01	0.0000E+00	0.0000E+00	1.4864E+00
9.9000E+01	0.0000E+00	0.0000E+00	1.4848E+00
1.0000E+02	0.0000E+00	0.0000E+00	1.4807E+00
1.0100E+02	0.0000E+00	0.0000E+00	1.4847E+00
1.0200E+02	0.0000E+00	0.0000E+00	1.4961E+00
1.0300E+02	0.0000E+00	0.0000E+00	1.5088E+00
1.0400E+02	0.0000E+00	0.0000E+00	1.4972E+00
1.0500E+02	0.0000E+00	0.0000E+00	1.4826E+00
1.0600E+02	0.0000E+00	0.0000E+00	1.4834E+00
1.0700E+02	0.0000E+00	0.0000E+00	1.4816E+00
1.0800E+02	0.0000E+00	0.0000E+00	1.4895E+00
1.0900E+02	0.0000E+00	0.0000E+00	1.4991E+00
1.1000E+02	0.0000E+00	0.0000E+00	1.5165E+00
1.1100E+02	0.0000E+00	0.0000E+00	1.5213E+00
1.1200E+02	0.0000E+00	0.0000E+00	1.5282E+00
1.1300E+02	0.0000E+00	0.0000E+00	1.5288E+00
1.1400E+02	0.0000E+00	0.0000E+00	1.5406E+00
1.1500E+02	0.0000E+00	0.0000E+00	1.5418E+00
1.1600E+02	0.0000E+00	0.0000E+00	1.5379E+00
1.1700E+02	0.0000E+00	0.0000E+00	1.5317E+00
1.1800E+02	0.0000E+00	0.0000E+00	1.5288E+00
1.1900E+02	0.0000E+00	0.0000E+00	1.5239E+00
1.2000E+02	0.0000E+00	0.0000E+00	1.5273E+00
1.2100E+02	0.0000E+00	0.0000E+00	1.5339E+00
1.2200E+02	0.0000E+00	0.0000E+00	1.5424E+00
1.2300E+02	0.0000E+00	0.0000E+00	1.5495E+00
1.2400E+02	0.0000E+00	0.0000E+00	1.5620E+00
1.2500E+02	0.0000E+00	0.0000E+00	1.5692E+00
1.2600E+02	0.0000E+00	0.0000E+00	1.5797E+00
1.2700E+02	0.0000E+00	0.0000E+00	1.5893E+00
1.2800E+02	0.0000E+00	0.0000E+00	1.5812E+00
1.2900E+02	0.0000E+00	0.0000E+00	1.5455E+00
1.3000E+02	0.0000E+00	0.0000E+00	1.5269E+00
1.3100E+02	0.0000E+00	0.0000E+00	1.5333E+00
1.3200E+02	0.0000E+00	0.0000E+00	1.5408E+00
1.3300E+02	0.0000E+00	0.0000E+00	1.5560E+00
1.3400E+02	0.0000E+00	0.0000E+00	1.5532E+00
1.3500E+02	0.0000E+00	0.0000E+00	1.5412E+00
1.3600E+02	0.0000E+00	0.0000E+00	1.5483E+00
1.3700E+02	0.0000E+00	0.0000E+00	1.5488E+00
1.3800E+02	0.0000E+00	0.0000E+00	1.5616E+00
1.3900E+02	0.0000E+00	0.0000E+00	1.5668E+00
1.4000E+02	0.0000E+00	0.0000E+00	1.5552E+00
1.4100E+02	0.0000E+00	0.0000E+00	1.5624E+00
1.4200E+02	0.0000E+00	0.0000E+00	1.5617E+00
1.4300E+02	0.0000E+00	0.0000E+00	1.5551E+00
1.4400E+02	0.0000E+00	0.0000E+00	1.5509E+00
1.4500E+02	0.0000E+00	0.0000E+00	1.5487E+00
1.4600E+02	0.0000E+00	0.0000E+00	1.5430E+00
1.4700E+02	0.0000E+00	0.0000E+00	1.5400E+00
1.4800E+02	0.0000E+00	0.0000E+00	1.5420E+00
1.4900E+02	0.0000E+00	0.0000E+00	1.5449E+00
1.5000E+02	0.0000E+00	0.0000E+00	1.5359E+00
1.5100E+02	0.0000E+00	0.0000E+00	1.5366E+00
1.5200E+02	0.0000E+00	0.0000E+00	1.5326E+00
1.5300E+02	0.0000E+00	0.0000E+00	1.5318E+00
1.5400E+02	0.0000E+00	0.0000E+00	1.5445E+00
1.5500E+02	0.0000E+00	0.0000E+00	1.5506E+00
1.5600E+02	0.0000E+00	0.0000E+00	1.5523E+00
1.5700E+02	0.0000E+00	0.0000E+00	1.5540E+00
1.5800E+02	0.0000E+00	0.0000E+00	1.5600E+00
1.5900E+02	0.0000E+00	0.0000E+00	1.5806E+00
1.6000E+02	0.0000E+00	0.0000E+00	1.5885E+00
1.6100E+02	0.0000E+00	0.0000E+00	1.6087E+00
1.6200E+02	0.0000E+00	0.0000E+00	1.6337E+00
1.6300E+02	0.0000E+00	0.0000E+00	1.6190E+00
1.6400E+02	0.0000E+00	0.0000E+00	1.6153E+00
1.6500E+02	0.0000E+00	0.0000E+00	1.6237E+00
1.6600E+02	0.0000E+00	0.0000E+00	1.6131E+00
1.6700E+02	0.0000E+00	0.0000E+00	1.6081E+00
1.6800E+02	0.0000E+00	0.0000E+00	1.6063E+00
1.6900E+02	0.0000E+00	0.0000E+00	1.6019E+00
1.7000E+02	0.0000E+00	0.0000E+00	1.5954E+00
1.7100E+02	0.0000E+00	0.0000E+00	1.6053E+00
1.7200E+02	0.0000E+00	0.0000E+00	1.6166E+00
1.7300E+02	0.0000E+00	0.0000E+00	1.6262E+00
1.7400E+02	0.0000E+00	0.0000E+00	1.6377E+00
1.7500E+02	0.0000E+00	0.0000E+00	1.6471E+00
1.7600E+02	0.0000E+00	0.0000E+00	1.6310E+00
1.7700E+02	0.0000E+00	0.0000E+00	1.5964E+00
1.7800E+02	0.0000E+00	0.0000E+00	1.6113E+00
1.7900E+02	0.0000E+00	0.0000E+00	1.6248E+00
1.8000E+02	0.0000E+00	0.0000E+00	1.5992E+00
1.8100E+02	0.0000E+00	0.0000E+00	1.5960E+00
1.8200E+02	0.0000E+00	0.0000E+00	1.5943E+00
1.8300E+02	0.0000E+00	0.0000E+00	1.6028E+00
1.8400E+02	0.0000E+00	0.0000E+00	1.6117E+00
1.8500E+02	0.0000E+00	0.0000E+00	1.6190E+00
1.8600E+02	0.0000E+00	0.0000E+00	1.6219E+00
1.8700E+02	0.0000E+00	0.0000E+00	1.6352E+00
1.8800E+02	0.0000E+00	0.0000E+00	1.6467E+00
1.8900E+02	0.0000E+00	0.0000E+00	1.6526E+00
1.9000E+02	0.0000E+00	0.0000E+00	1.6484E+00
1.9100E+02	0.0000E+00	0.0000E+00	1.6489E+00
1.9200E+02	0.0000E+00	0.0000E+00	1.6530E+00
1.9300E+02	0.0000E+00	0.0000E+00	1.6548E+00
1.9400E+02	0.0000E+00	0.0000E+00	1.6645E+00
1.9500E+02	0.0000E+00	0.0000E+00	1.6682E+00
1.9600E+02	0.0000E+00	0.0000E+00	1.6660E+00
1.9700E+02	0.0000E+00	0.0000E+00	1.6717E+00
1.9800E+02	0.0000E+00	0.0000E+00	1.6719E+00
1.9900E+02	0.0000E+00	0.0000E+00	1.6670E+00
2.0000E+02	0.0000E+00	0.0000E+00	1.6678E+00
2.0100E+02	0.0000E+00	0.0000E+00	1.6605E+00
2.0200E+02	0.0000E+00	0.0000E+00	1.6565E+00
2.0300E+02	0.0000E+00	0.0000E+00	1.6666E+00
2.0400E+02	0.0000E+00	0.0000E+00	1.6645E+00
2.0500E+02	0.0000E+00	0.0000E+00	1.6883E+00
2.0600E+02	0.0000E+00	0.0000E+00	1.6953E+00
2.0700E+02	0.0000E+00	0.0000E+00	1.6932E+00
2.0800E+02	0.0000E+00	0.0000E+00	1.7064E+00
2.0900E+02	0.0000E+00	0.0000E+00	1.7190E+00
2.1000E+02	0.0000E+00	0.0000E+00	1.7312E+00
2.1100E+02	0.0000E+00	0.0000E+00	1.7410E+00
2.1200E+02	0.0000E+00	0.0000E+00	1.7437E+00
2.1300E+02	0.0000E+00	0.0000E+00	1.7468E+00
2.1400E+02	0.0000E+00	0.0000E+00	1.7465E+00
2.1500E+02	0.0000E+00	0.0000E+00	1.7386E+00
2.1600E+02	0.0000E+00	0.0000E+00	1.7308E+00
2.1700E+02	0.0000E+00	0.0000E+00	1.7208E+00
2.1800E+02	0.0000E+00	0.0000E+00	1.7101E+00
2.1900E+02	0.0000E+00	0.0000E+00	1.7050E+00
2.2000E+02	0.0000E+00	0.0000E+00	1.6970E+00
2.2100E+02	0.0000E+00	0.0000E+00	1.6878E+00
2.2200E+02	0.0000E+00	0.0000E+00	1.6822E+00
2.2300E+02	0.0000E+00	0.0000E+00	1.6781E+00
2.2400E+02	0.0000E+00	0.0000E+00	1.6709E+00
2.2500E+02	0.0000E+00	0.0000E+00	1.6702E+00
2.2600E+02	0.0000E+00	0.0000E+00	1.6650E+00
2.2700E+02	0.0000E+00	0.0000E+00	1.6663E+00
2.2800E+02	0.0000E+00	0.0000E+00	1.6665E+00
2.2900E+02	0.0000E+00	0.0000E+00	1.6682E+00
2.3000E+02	0.0000E+00	0.0000E+00	1.6757E+00
2.3100E+02	0.0000E+00	0.0000E+00	1.6873E+00
2.3200E+02	0.0000E+00	0.0000E+00	1.6926E+00
2.3300E+02	0.0000E+00	0.0000E+00	1.7059E+00
2.3400E+02	0.0000E+00	0.0000E+00	1.7084E+00
2.3500E+02	0.0000E+00	0.0000E+00	1.7153E+00
2.3600E+02	0.0000E+00	0.0000E+00	1.7116E+00
2.3700E+02	0.0000E+00	0.0000E+00	1.7234E+00
2.3800E+02	0.0000E+00	0.0000E+00	1.7230E+00
2.3900E+02	0.0000E+00	0.0000E+00	1.7250E+00
2.4000E+02	0.0000E+00	0.0000E+00	1.7264E+00
2.4100E+02	0.0000E+00	0.0000E+00	1.7190E+00
2.4200E+02	0.0000E+00	0.0000E+00	1.7130E+00
2.4300E+02	0.0000E+00	0.0000E+00	1.7103E+00
2.4400E+02	0.0000E+00	0.0000E+00	1.7030E+00
2.4500E+02	0.0000E+00	0.0000E+00	1.6922E+00
2.4600E+02	0.0000E+00	0.0000E+00	1.6898E+00
2.4700E+02	0.0000E+00	0.0000E+00	1.6835E+00
2.4800E+02	0.0000E+00	0.0000E+00	1.6741E+00
2.4900E+02	0.0000E+00	0.0000E+00	1.6797E+00
2.5000E+02	0.0000E+00	0.0000E+00	1.6727E+00
2.5100E+02	0.0000E+00	0.0000E+00	1.6653E+00
2.5200E+02	0.0000E+00	0.0000E+00	1.6649E+00
2.5300E+02	0.0000E+00	0.0000E+00	1.6679E+00
2.5400E+02	0.0000E+00	0.0000E+00	1.6662E+00
2.5500E+02	0.0000E+00	0.0000E+00	1.6666E+00
2.5600E+02	0.0000E+00	0.0000E+00	1.6750E+00
2.5700E+02	0.0000E+00	0.0000E+00	1.6696E+00
2.5800E+02	0.0000E+00	0.0000E+00	1.6721E+00
2.5900E+02	0.0000E+00	0.0000E+00	1.6742E+00
2.6000E+02	0.0000E+00	0.0000E+00	1.6750E+00
2.6100E+02	0.0000E+00	0.0000E+00	1.6787E+00
2.6200E+02	0.0000E+00	0.0000E+00	1.6780E+00
2.6300E+02	0.0000E+00	0.0000E+00	1.6825E+00
2.6400E+02	0.0000E+00	0.0000E+00	1.6769E+00
2.6500E+02	0.0000E+00	0.0000E+00	1.6775E+00
2.6600E+02	0.0000E+00	0.0000E+00	1.6679E+00
2.6700E+02	0.0000E+00	0.0000E+00	1.6582E+00
2.6800E+02	0.0000E+00	0.0000E+00	1.6559E+00
2.6900E+02	0.0000E+00	0.0000E+00	1.6524E+00
2.7000E+02	0.0000E+00	0.0000E+00	1.6453E+00
2.7100E+02	0.0000E+00	0.0000E+00	1.6468E+00
2.7200E+02	0.0000E+00	0.0000E+00	1.6471E+00
2.7300E+02	0.0000E+00	0.0000E+00	1.6374E+00
2.7400E+02	0.0000E+00	0.0000E+00	1.6383E+00
2.7500E+02	0.0000E+00	0.0000E+00	1.6294E+00
2.7600E+02	0.0000E+00	0.0000E+00	1.6366E+00
2.7700E+02	0.0000E+00	0.0000E+00	1.6401E+00
2.7800E+02	0.0000E+00	0.0000E+00	1.6385E+00
2.7900E+02	0.0000E+00	0.0000E+00	1.6374E+00
2.8000E+02	0.0000E+00	0.0000E+00	1.6382E+00
2.8100E+02	0.0000E+00	0.0000E+00	1.6314E+00
2.8200E+02	0.0000E+00	0.0000E+00	1.6284E+00
2.8300E+02	0.0000E+00	0.0000E+00	1.6244E+00
2.8400E+02	0.0000E+00	0.0000E+00	1.6193E+00
2.8500E+02	0.0000E+00	0.0000E+00	1.6165E+00
2.8600E+02	0.0000E+00	0.0000E+00	1.6127E+00
2.8700E+02	0.0000E+00	0.0000E+00	1.6088E+00
2.8800E+02	0.0000E+00	0.0000E+00	1.6092E+00
2.8900E+02	0.0000E+00	0.0000E+00	1.6030E+00
2.9000E+02	0.0000E+00	0.0000E+00	1.6043E+00
2.9100E+02	0.0000E+00	0.0000E+00	1.5987E+00
2.9200E+02	0.0000E+00	0.0000E+00	1.5934E+00
2.9300E+02	0.0000E+00	0.0000E+00	1.5864E+00
2.9400E+02	0.0000E+00	0.0000E+00	1.5781E+00
2.9500E+02	0.0000E+00	0.0000E+00	1.5788E+00
2.9600E+02	0.0000E+00	0.0000E+00	1.5733E+00
2.9700E+02	0.0000E+00	0.0000E+00	1.5759E+00
2.9800E+02	0.0000E+00	0.0000E+00	1.5872E+00
2.9900E+02	0.0000E+00	0.0000E+00	1.5851E+00
3.0000E+02	0.0000E+00	0.0000E+00	1.5913E+00
3.0100E+02	0.0000E+00	0.0000E+00	1.5936E+00
3.0200E+02	0.0000E+00	0.0000E+00	1.5866E+00
3.0300E+02	0.0000E+00	0.0000E+00	1.5813E+00
3.0400E+02	0.0000E+00	0.0000E+00	1.5790E+00
3.0500E+02	0.0000E+00	0.0000E+00	1.5723E+00
3.0600E+02	0.0000E+00	0.0000E+00	1.5662E+00
3.0700E+02	0.0000E+00	0.0000E+00	1.5615E+00
3.0800E+02	0.0000E+00	0.0000E+00	1.5561E+00
3.0900E+02	0.0000E+00	0.0000E+00	1.5506E+00
3.1000E+02	0.0000E+00	0.0000E+00	1.5446E+00
3.1100E+02	0.0000E+00	0.0000E+00	1.5437E+00
3.1200E+02	0.0000E+00	0.0000E+00	1.5336E+00
3.1300E+02	0.0000E+00	0.0000E+00	1.5304E+00
3.1400E+02	0.0000E+00	0.0000E+00	1.5208E+00
3.1500E+02	0.0000E+00	0.0000E+00	1.5245E+00
3.1600E+02	0.0000E+00	0.0000E+00	1.5153E+00
3.1700E+02	0.0000E+00	0.0000E+00	1.5202E+00
3.1800E+02	0.0000E+00	0.0000E+00	1.5202E+00
3.1900E+02	0.0000E+00	0.0000E+00	1.5201E+00
3.2000E+02	0.0000E+00	0.0000E+00	1.5046E+00
3.2100E+02	0.0000E+00	0.0000E+00	1.5205E+00
3.2200E+02	0.0000E+00	0.0000E+00	1.5397E+00
3.2300E+02	0.0000E+00	0.0000E+00	1.5449E+00
3.2400E+02	0.0000E+00	0.0000E+00	1.5442E+00
3.2500E+02	0.0000E+00	0.0000E+00	1.5339E+00
3.2600E+02	0.0000E+00	0.0000E+00	1.5323E+00
3.2700E+02	0.0000E+00	0.0000E+00	1.5394E+00
3.2800E+02	0.0000E+00	0.0000E+00	1.5291E+00
3.2900E+02	0.0000E+00	0.0000E+00	1.5282E+00
3.3000E+02	0.0000E+00	0.0000E+00	1.5297E+00
3.3100E+02	0.0000E+00	0.0000E+00	1.5333E+00
3.3200E+02	0.0000E+00	0.0000E+00	1.5285E+00
3.3300E+02	0.0000E+00	0.0000E+00	1.5255E+00
3.3400E+02	0.0000E+00	0.0000E+00	1.5248E+00
3.3500E+02	0.0000E+00	0.0000E+00	1.5253E+00
3.3600E+02	0.0000E+00	0.0000E+00	1.5168E+00
3.3700E+02	0.0000E+00	0.0000E+00	1.5147E+00
3.3800E+02	0.0000E+00	0.0000E+00	1.5107E+00
3.3900E+02	0.0000E+00	0.0000E+00	1.5105E+00
3.4000E+02	0.0000E+00	0.0000E+00	1.5058E+00
3.4100E+02	0.0000E+00	0.0000E+00	1.5054E+00
3.4200E+02	0.0000E+00	0.0000E+00	1.5004E+00
3.4300E+02	0.0000E+00	0.0000E+00	1.4914E+00
3.4400E+02	0.0000E+00	0.0000E+00	1.4913E+00
3.4500E+02	0.0000E+00	0.0000E+00	1.4924E+00
3.4600E+02	0.0000E+00	0.0000E+00	1.5022E+00
3.4700E+02	0.0000E+00	0.0000E+00	1.5085E+00
3.4800E+02	0.0000E+00	0.0000E+00	1.5166E+00
3.4900E+02	0.0000E+00	0.0000E+00	1.5078E+00
3.5000E+02	0.0000E+00	0.0000E+00	1.5133E+00
3.5100E+02	0.0000E+00	0.0000E+00	1.5156E+00
3.5200E+02	0.0000E+00	0.0000E+00	1.5087E+00
3.5300E+02	0.0000E+00	0.0000E+00	1.5161E+00
3.5400E+02	0.0000E+00	0.0000E+00	1.5202E+00
3.5500E+02	0.0000E+00	0.0000E+00	1.5305E+00
3.5600E+02	0.0000E+00	0.0000E+00	1.5349E+00
3.5700E+02	0.0000E+00	0.0000E+00	1.5307E+00
3.5800E+02	0.0000E+00	0.0000E+00	1.5337E+00
3.5900E+02	0.0000E+00	0.0000E+00	1.5312E+00
3.6000E+02	0.0000E+00	0.0000E+00	1.5250E+00
3.6100E+02	0.0000E+00	0.0000E+00	1.5278E+00
3.6200E+02	0.0000E+00	0.0000E+00	1.5245E+00
3.6300E+02	0.0000E+00	0.0000E+00	1.5217E+00
3.6400E+02	0.0000E+00	0.0000E+00	1.5197E+00
3.6500E+02	0.0000E+00	0.0000E+00	1.5223E+00
3.6600E+02	0.0000E+00	0.0000E+00	1.5135E+00
3.6700E+02	0.0000E+00	0.0000E+00	1.5136E+00
3.6800E+02	0.0000E+00	0.0000E+00	1.5122E+00
3.6900E+02	0.0000E+00	0.0000E+00	1.5090E+00
3.7000E+02	0.0000E+00	0.0000E+00	1.5145E+00
3.7100E+02	0.0000E+00	0.0000E+00	1.5170E+00
3.7200E+02	0.0000E+00	0.0000E+00	1.5127E+00
3.7300E+02	0.0000E+00	0.0000E+00	1.5139E+00
3.7400E+02	0.0000E+00	0.0000E+00	1.5178E+00
3.7500E+02	0.0000E+00	0.0000E+00	1.5158E+00
3.7600E+02	0.0000E+00	0.0000E+00	1.5194E+00
3.7700E+02	0.0000E+00	0.0000E+00	1.5276E+00
3.7800E+02	0.0000E+00	0.0000E+00	1.5338E+00
3.7900E+02	0.0000E+00	0.0000E+00	1.5377E+00
3.8000E+02	0.0000E+00	0.0000E+00	1.5410E+00
3.8100E+02	0.0000E+00	0.0000E+00	1.5439E+00
3.8200E+02	0.0000E+00	0.0000E+00	1.5390E+00
3.8300E+02	0.0000E+00	0.0000E+00	1.5402E+00
3.8400E+02	0.0000E+00	0.0000E+00	1.5358E+00
3.8500E+02	0.0000E+00	0.0000E+00	1.5322E+00
3.8600E+02	0.0000E+00	0.0000E+00	1.5294E+00
3.8700E+02	0.0000E+00	0.0000E+00	1.5263E+00
3.8800E+02	0.0000E+00	0.0000E+00	1.5227E+00
3.8900E+02	0.0000E+00	0.0000E+00	1.5249E+00
3.9000E+02	0.0000E+00	0.0000E+00	1.5204E+00
3.9100E+02	0.0000E+00	0.0000E+00	1.5182E+00
3.9200E+02	0.0000E+00	0.0000E+00	1.5159E+00
3.9300E+02	0.0000E+00	0.0000E+00	1.5203E+00
3.9400E+02	0.0000E+00	0.0000E+00	1.5176E+00
3.9500E+02	0.0000E+00	0.0000E+00	1.5151E+00
3.9600E+02	0.0000E+00	0.0000E+00	1.5211E+00
3.9700E+02	0.0000E+00	0.0000E+00	1.5214E+00
3.9800E+02	0.0000E+00	0.0000E+00	1.5247E+00
3.9900E+02	0.0000E+00	0.0000E+00	1.5405E+00
4.0000E+02	0.0000E+00	0.0000E+00	1.5556E+00
4.0100E+02	0.0000E+00	0.0000E+00	1.5813E+00
4.0200E+02	0.0000E+00	0.0000E+00	1.5995E+00
4.0300E+02	0.0000E+00	0.0000E+00	1.6093E+00
4.0400E+02	0.0000E+00	0.0000E+00	1.6111E+00
4.0500E+02	0.0000E+00	0.0000E+00	1.6051E+00
4.0600E+02	0.0000E+00	0.0000E+00	1.6038E+00
4.0700E+02	0.0000E+00	0.0000E+00	1.5963E+00
4.0800E+02	0.0000E+00	0.0000E+00	1.5971E+00
4.0900E+02	0.0000E+00	0.0000E+00	1.5978E+00
4.1000E+02	0.0000E+00	0.0000E+00	1.5910E+00
4.1100E+02	0.0000E+00	0.0000E+00	1.5856E+00
4.1200E+02	0.0000E+00	0.0000E+00	1.5790E+00
4.1300E+02	0.0000E+00	0.0000E+00	1.5728E+00
4.1400E+02	0.0000E+00	0.0000E+00	1.5741E+00
4.1500E+02	0.0000E+00	0.0000E+00	1.5683E+00
4.1600E+02	0.0000E+00	0.0000E+00	1.5680E+00
4.1700E+02	0.0000E+00	0.0000E+00	1.5673E+00
4.1800E+02	0.0000E+00	0.0000E+00	1.5658E+00
4.1900E+02	0.0000E+00	0.0000E+00	1.5682E+00
4.2000E+02	0.0000E+00	0.0000E+00	1.5718E+00
4.2100E+02	0.0000E+00	0.0000E+00	1.5750E+00
4.2200E+02	0.0000E+00	0.0000E+00	1.5868E+00
4.2300E+02	0.0000E+00	0.0000E+00	1.5986E+00
4.2400E+02	0.0000E+00	0.0000E+00	1.6135E+00
4.2500E+02	0.0000E+00	0.0000E+00	1.6218E+00
4.2600E+02	0.0000E+00	0.0000E+00	1.6272E+00
4.2700E+02	0.0000E+00	0.0000E+00	1.6389E+00
4.2800E+02	0.0000E+00	0.0000E+00	1.6474E+00
4.2900E+02	0.0000E+00	0.0000E+00	1.6454E+00
4.3000E+02	0.0000E+00	0.0000E+00	1.6444E+00
4.3100E+02	0.0000E+00	0.0000E+00	1.6408E+00
4.3200E+02	0.0000E+00	0.0000E+00	1.6365E+00
4.3300E+02	0.0000E+00	0.0000E+00	1.6316E+00
4.3400E+02	0.0000E+00	0.0000E+00	1.6273E+00
4.3500E+02	0.0000E+00	0.0000E+00	1.6244E+00
4.3600E+02	0.0000E+00	0.0000E+00	1.6218E+00
4.3700E+02	0.0000E+00	0.0000E+00	1.6212E+00
4.3800E+02	0.0000E+00	0.0000E+00	1.6144E+00
4.3900E+02	0.0000E+00	0.0000E+00	1.6121E+00
4.4000E+02	0.0000E+00	0.0000E+00	1.6062E+00
4.4100E+02	0.0000E+00	0.0000E+00	1.6057E+00
4.4200E+02	0.0000E+00	0.0000E+00	1.6028E+00
4.4300E+02	0.0000E+00	0.0000E+00	1.6035E+00
4.4400E+02	0.0000E+00	0.0000E+00	1.6103E+00
4.4500E+02	0.0000E+00	0.0000E+00	1.6146E+00
4.4600E+02	0.0000E+00	0.0000E+00	1.6262E+00
4.4700E+02	0.0000E+00	0.0000E+00	1.6329E+00
4.4800E+02	0.0000E+00	0.0000E+00	1.6323E+00
4.4900E+02	0.0000E+00	0.0000E+00	1.6514E+00
4.5000E+02	0.0000E+00	0.0000E+00	1.6570E+00
4.5100E+02	0.0000E+00	0.0000E+00	1.6668E+00
4.5200E+02	0.0000E+00	0.0000E+00	1.6642E+00
4.5300E+02	0.0000E+00	0.0000E+00	1.6723E+00
4.5400E+02	0.0000E+00	0.0000E+00	1.6638E+00
4.5500E+02	0.0000E+00	0.0000E+00	1.6563E+00
4.5600E+02	0.0000E+00	0.0000E+00	1.6496E+00
4.5700E+02	0.0000E+00	0.0000E+00	1.6507E+00
4.5800E+02	0.0000E+00	0.0000E+00	1.6435E+00
4.5900E+02	0.0000E+00	0.0000E+00	1.6347E+00
4.6000E+02	0.0000E+00	0.0000E+00	1.6315E+00
4.6100E+02	0.0000E+00	0.0000E+00	1.6282E+00
4.6200E+02	0.0000E+00	0.0000E+00	1.6252E+00
4.6300E+02	0.0000E+00	0.0000E+00	1.6193E+00
4.6400E+02	0.0000E+00	0.0000E+00	1.6156E+00
4.6500E+02	0.0000E+00	0.0000E+00	1.6192E+00
4.6600E+02	0.0000E+00	0.0000E+00	1.6157E+00
4.6700E+02	0.0000E+00	0.0000E+00	1.6200E+00
4.6800E+02	0.0000E+00	0.0000E+00	1.6161E+00
4.6900E+02	0.0000E+00	0.0000E+00	1.6216E+00
4.7000E+02	0.0000E+00	0.0000E+00	1.6261E+00
4.7100E+02	0.0000E+00	0.0000E+00	1.6259E+00
4.7200E+02	0.0000E+00	0.0000E+00	1.6322E+00
4.7300E+02	0.0000E+00	0.0000E+00	1.6352E+00
4.7400E+02	0.0000E+00	0.0000E+00	1.6358E+00
4.7500E+02	0.0000E+00	0.0000E+00	1.6366E+00
4.7600E+02	0.0000E+00	0.0000E+00	1.6348E+00
4.7700E+02	0.0000E+00	0.0000E+00	1.6313E+00
4.7800E+02	0.0000E+00	0.0000E+00	1.6277E+00
4.7900E+02	0.0000E+00	0.0000E+00	1.6318E+00
4.8000E+02	0.0000E+00	0.0000E+00	1.6182E+00
4.8100E+02	0.0000E+00	0.0000E+00	1.6120E+00
4.8200E+02	0.0000E+00	0.0000E+00	1.6093E+00
4.8300E+02	0.0000E+00	0.0000E+00	1.6086E+00
4.8400E+02	0.0000E+00	0.0000E+00	1.6033E+00
4.8500E+02	0.0000E+00	0.0000E+00	1.5980E+00
4.8600E+02	0.0000E+00	0.0000E+00	1.5989E+00
4.8700E+02	0.0000E+00	0.0000E+00	1.5986E+00
4.8800E+02	0.0000E+00	0.0000E+00	1.5899E+00
4.8900E+02	0.0000E+00	0.0000E+00	1.5896E+00
4.9000E+02	0.0000E+00	0.0000E+00	1.5923E+00
4.9100E+02	0.0000E+00	0.0000E+00	1.5897E+00
4.9200E+02	0.0000E+00	0.0000E+00	1.5874E+00
4.9300E+02	0.0000E+00	0.0000E+00	1.5898E+00
4.9400E+02	0.0000E+00	0.0000E+00	1.5902E+00
4.9500E+02	0.0000E+00	0.0000E+00	1.5904E+00
4.9600E+02	0.0000E+00	0.0000E+00	1.5953E+00
4.9700E+02	0.0000E+00	0.0000E+00	1.5900E+00
4.9800E+02	0.0000E+00	0.0000E+00	1.5936E+00
4.9900E+02	0.0000E+00	0.0000E+00	1.5901E+00
5.0000E+02	0.0000E+00	0.0000E+00	1.5826E+00
5.0100E+02	0.0000E+00	0.0000E+00	1.5775E+00
5.0200E+02	0.0000E+00	0.0000E+00	1.5764E+00
5.0300E+02	0.0000E+00	0.0000E+00	1.5713E+00
5.0400E+02	0.0000E+00	0.0000E+00	1.5684E+00
5.0500E+02	0.0000E+00	0.0000E+00	1.5667E+00
5.0600E+02	0.0000E+00	0.0000E+00	1.5630E+00
5.0700E+02	0.0000E+00	0.0000E+00	1.5635E+00
5.0800E+02	0.0000E+00	0.0000E+00	1.5577E+00
5.0900E+02	0.0000E+00	0.0000E+00	1.5584E+00
5.1000E+02	0.0000E+00	0.0000E+00	1.5546E+00
5.1100E+02	0.0000E+00	0.0000E+00	1.5550E+00
5.1200E+02	0.0000E+00	0.0000E+00	1.5522E+00
5.1300E+02	0.0000E+00	0.0000E+00	1.5551E+00
5.1400E+02	0.0000E+00	0.0000E+00	1.5537E+00
5.1500E+02	0.0000E+00	0.0000E+00	1.5521E+00
5.1600E+02	0.0000E+00	0.0000E+00	1.5540E+00
5.1700E+02	0.0000E+00	0.0000E+00	1.5557E+00
5.1800E+02	0.0000E+00	0.0000E+00	1.5595E+00
5.1900E+02	0.0000E+00	0.0000E+00	1.5688E+00
5.2000E+02	0.0000E+00	0.0000E+00	1.5745E+00
5.2100E+02	0.0000E+00	0.0000E+00	1.5823E+00
5.2200E+02	0.0000E+00	0.0000E+00	1.5889E+00
5.2300E+02	0.0000E+00	0.0000E+00	1.5967E+00
5.2400E+02	0.0000E+00	0.0000E+00	1.6029E+00
5.2500E+02	0.0000E+00	0.0000E+00	1.6014E+00
5.2600E+02	0.0000E+00	0.0000E+00	1.5974E+00
5.2700E+02	0.0000E+00	0.0000E+00	1.5966E+00
5.2800E+02	0.0000E+00	0.0000E+00	1.5823E+00
5.2900E+02	0.0000E+00	0.0000E+00	1.5814E+00
5.3000E+02	0.0000E+00	0.0000E+00	1.5784E+00
5.3100E+02	0.0000E+00	0.0000E+00	1.5697E+00
5.3200E+02	0.0000E+00	0.0000E+00	1.5668E+00
5.3300E+02	0.0000E+00	0.0000E+00	1.5632E+00
5.3400E+02	0.0000E+00	0.0000E+00	1.5599E+00
5.3500E+02	0.0000E+00	0.0000E+00	1.5530E+00
5.3600E+02	0.0000E+00	0.0000E+00	1.5544E+00
5.3700E+02	0.0000E+00	0.0000E+00	1.5506E+00
5.3800E+02	0.0000E+00	0.0000E+00	1.5568E+00
5.3900E+02	0.0000E+00	0.0000E+00	1.5548E+00
5.4000E+02	0.0000E+00	0.0000E+00	1.5518E+00
5.4100E+02	0.0000E+00	0.0000E+00	1.5581E+00
5.4200E+02	0.0000E+00	0.0000E+00	1.5743E+00
5.4300E+02	0.0000E+00	0.0000E+00	1.5801E+00
5.4400E+02	0.0000E+00	0.0000E+00	1.5995E+00
5.4500E+02	0.0000E+00	0.0000E+00	1.6179E+00
5.4600E+02	0.0000E+00	0.0000E+00	1.6344E+00
5.4700E+02	0.0000E+00	0.0000E+00	1.6444E+00
5.4800E+02	0.0000E+00	0.0000E+00	1.6494E+00
5.4900E+02	0.0000E+00	0.0000E+00	1.6511E+00
5.5000E+02	0.0000E+00	0.0000E+00	1.6458E+00
5.5100E+02	0.0000E+00	0.0000E+00	1.6378E+00
5.5200E+02	0.0000E+00	0.0000E+00	1.6286E+00
5.5300E+02	0.0000E+00	0.0000E+00	1.6217E+00
5.5400E+02	0.0000E+00	0.0000E+00	1.6144E+00
5.5500E+02	0.0000E+00	0.0000E+00	1.6111E+00
5.5600E+02	0.0000E+00	0.0000E+00	1.6079E+00
5.5700E+02	0.0000E+00	0.0000E+00	1.6056E+00
5.5800E+02	0.0000E+00	0.0000E+00	1.5985E+00
5.5900E+02	0.0000E+00	0.0000E+00	1.5892E+00
5.6000E+02	0.0000E+00	0.0000E+00	1.5934E+00
5.6100E+02	0.0000E+00	0.0000E+00	1.5927E+00
5.6200E+02	0.0000E+00	0.0000E+00	1.5908E+00
5.6300E+02	0.0000E+00	0.0000E+00	1.5910E+00
5.6400E+02	0.0000E+00	0.0000E+00	1.5945E+00
5.6500E+02	0.0000E+00	0.0000E+00	1.6009E+00
5.6600E+02	0.0000E+00	0.0000E+00	1.6117E+00
5.6700E+02	0.0000E+00	0.0000E+00	1.6359E+00
5.6800E+02	0.0000E+00	0.0000E+00	1.6565E+00
5.6900E+02	0.0000E+00	0.0000E+00	1.6835E+00
5.7000E+02	0.0000E+00	0.0000E+00	1.7106E+00
5.7100E+02	0.0000E+00	0.0000E+00	1.7230E+00
5.7200E+02	0.0000E+00	0.0000E+00	1.7239E+00
5.7300E+02	0.0000E+00	0.0000E+00	1.7223E+00
5.7400E+02	0.0000E+00	0.0000E+00	1.7131E+00
5.7500E+02	0.0000E+00	0.0000E+00	1.7129E+00
5.7600E+02	0.0000E+00	0.0000E+00	1.7017E+00
5.7700E+02	0.0000E+00	0.0000E+00	1.6885E+00
5.7800E+02	0.0000E+00	0.0000E+00	1.6910E+00
5.7900E+02	0.0000E+00	0.0000E+00	1.6835E+00
5.8000E+02	0.0000E+00	0.0000E+00	1.6704E+00
5.8100E+02	0.0000E+00	0.0000E+00	1.6694E+00
5.8200E+02	0.0000E+00	0.0000E+00	1.6654E+00
5.8300E+02	0.0000E+00	0.0000E+00	1.6540E+00
5.8400E+02	0.0000E+00	0.0000E+00	1.6511E+00
5.8500E+02	0.0000E+00	0.0000E+00	1.6508E+00
5.8600E+02	0.0000E+00	0.0000E+00	1.6490E+00
5.8700E+02	0.0000E+00	0.0000E+00	1.6501E+00
5.8800E+02	0.0000E+00	0.0000E+00	1.6541E+00
5.8900E+02	0.0000E+00	0.0000E+00	1.6672E+00
5.9000E+02	0.0000E+00	0.0000E+00	1.6805E+00
5.9100E+02	0.0000E+00	0.0000E+00	1.7010E+00
5.9200E+02	0.0000E+00	0.0000E+00	1.7340E+00
5.9300E+02	0.0000E+00	0.0000E+00	1.7552E+00
5.9400E+02	0.0000E+00	0.0000E+00	1.7768E+00
5.9500E+02	0.0000E+00	0.0000E+00	1.7894E+00
5.9600E+02	0.0000E+00	0.0000E+00	1.7898E+00
5.9700E+02	0.0000E+00	0.0000E+00	1.7936E+00
5.9800E+02	0.0000E+00	0.0000E+00	1.7799E+00
5.9900E+02	0.0000E+00	0.0000E+00	1.7698E+00
6.0000E+02	0.0000E+00	0.0000E+00	1.7637E+00
6.0100E+02	0.0000E+00	0.0000E+00	1.7594E+00
6.0200E+02	0.0000E+00	0.0000E+00	1.7445E+00
6.0300E+02	0.0000E+00	0.0000E+00	1.7388E+00
6.0400E+02	0.0000E+00	0.0000E+00	1.7230E+00
6.0500E+02	0.0000E+00	0.0000E+00	1.7222E+00
6.0600E+02	0.0000E+00	0.0000E+00	1.7234E+00
6.0700E+02	0.0000E+00	0.0000E+00	1.7090E+00
6.0800E+02	0.0000E+00	0.0000E+00	1.7161E+00
6.0900E+02	0.0000E+00	0.0000E+00	1.7081E+00
6.1000E+02	0.0000E+00	0.0000E+00	1.7110E+00
6.1100E+02	0.0000E+00	0.0000E+00	1.7079E+00
6.1200E+02	0.0000E+00	0.0000E+00	1.7145E+00
6.1300E+02	0.0000E+00	0.0000E+00	1.7198E+00
6.1400E+02	0.0000E+00	0.0000E+00	1.7257E+00
6.1500E+02	0.0000E+00	0.0000E+00	1.7518E+00
6.1600E+02	0.0000E+00	0.0000E+00	1.7643E+00
6.1700E+02	0.0000E+00	0.0000E+00	1.7788E+00
6.1800E+02	0.0000E+00	0.0000E+00	1.7888E+00
6.1900E+02	0.0000E+00	0.0000E+00	1.8128E+00
6.2000E+02	0.0000E+00	0.0000E+00	1.8191E+00
6.2100E+02	0.0000E+00	0.0000E+00	1.8198E+00
6.2200E+02	0.0000E+00	0.0000E+00	1.8238E+00
6.2300E+02	0.0000E+00	0.0000E+00	1.8096E+00
6.2400E+02	0.0000E+00	0.0000E+00	1.8080E+00
6.2500E+02	0.0000E+00	0.0000E+00	1.8131E+00
6.2600E+02	0.0000E+00	0.0000E+00	1.8135E+00
6.2700E+02	0.0000E+00	0.0000E+00	1.8089E+00
6.2800E+02	0.0000E+00	0.0000E+00	1.7980E+00
6.2900E+02	0.0000E+00	0.0000E+00	1.7950E+00
6.3000E+02	0.0000E+00	0.0000E+00	1.7850E+00
6.3100E+02	0.0000E+00	0.0000E+00	1.7838E+00
6.3200E+02	0.0000E+00	0.0000E+00	1.7925E+00
6.3300E+02	0.0000E+00	0.0000E+00	1.7762E+00
6.3400E+02	0.0000E+00	0.0000E+00	1.7800E+00
6.3500E+02	0.0000E+00	0.0000E+00	1.7819E+00
6.3600E+02	0.0000E+00	0.0000E+00	1.7865E+00
6.3700E+02	0.0000E+00	0.0000E+00	1.7815E+00
6.3800E+02	0.0000E+00	0.0000E+00	1.7842E+00
6.3900E+02	0.0000E+00	0.0000E+00	1.7908E+00
6.4000E+02	0.0000E+00	0.0000E+00	1.7893E+00
6.4100E+02	0.0000E+00	0.0000E+00	1.7942E+00
6.4200E+02	0.0000E+00	0.0000E+00	1.8183E+00
6.4300E+02	0.0000E+00	0.0000E+00	1.8341E+00
6.4400E+02	0.0000E+00	0.0000E+00	1.8589E+00
6.4500E+02	0.0000E+00	0.0000E+00	1.8634E+00
6.4600E+02	0.0000E+00	0.0000E+00	1.8776E+00
6.4700E+02	0.0000E+00	0.0000E+00	1.8620E+00
6.4800E+02	0.0000E+00	0.0000E+00	1.8546E+00
6.4900E+02	0.0000E+00	0.0000E+00	1.8561E+00
6.5000E+02	0.0000E+00	0.0000E+00	1.8551E+00
6.5100E+02	0.0000E+00	0.0000E+00	1.8427E+00
6.5200E+02	0.0000E+00	0.0000E+00	1.8408E+00
6.5300E+02	0.0000E+00	0.0000E+00	1.8485E+00
6.5400E+02	0.0000E+00	0.0000E+00	1.8254E+00
6.5500E+02	0.0000E+00	0.0000E+00	1.8316E+00
6.5600E+02	0.0000E+00	0.0000E+00	1.8253E+00
6.5700E+02	0.0000E+00	0.0000E+00	1.8100E+00
6.5800E+02	0.0000E+00	0.0000E+00	1.8275E+00
6.5900E+02	0.0000E+00	0.0000E+00	1.8228E+00
6.6000E+02	0.0000E+00	0.0000E+00	1.8139E+00
6.6100E+02	0.0000E+00	0.0000E+00	1.8255E+00
6.6200E+02	0.0000E+00	0.0000E+00	1.8119E+00
6.6300E+02	0.0000E+00	0.0000E+00	1.8223E+00
6.6400E+02	0.0000E+00	0.0000E+00	1.8331E+00
6.6500E+02	0.0000E+00	0.0000E+00	1.8392E+00
6.6600E+02	0.0000E+00	0.0000E+00	1.8642E+00
6.6700E+02	0.0000E+00	0.0000E+00	1.8799E+00
6.6800E+02	0.0000E+00	0.0000E+00	1.8971E+00
6.6900E+02	0.0000E+00	0.0000E+00	1.9122E+00
6.7000E+02	0.0000E+00	0.0000E+00	1.9236E+00
6.7100E+02	0.0000E+00	0.0000E+00	1.9256E+00
6.7200E+02	0.0000E+00	0.0000E+00	1.9231E+00
6.7300E+02	0.0000E+00	0.0000E+00	1.9227E+00
6.7400E+02	0.0000E+00	0.0000E+00	1.9216E+00
6.7500E+02	0.0000E+00	0.0000E+00	1.9290E+00
6.7600E+02	0.0000E+00	0.0000E+00	1.9124E+00
6.7700E+02	0.0000E+00	0.0000E+00	1.9005E+00
6.7800E+02	0.0000E+00	0.0000E+00	1.9060E+00
6.7900E+02	0.0000E+00	0.0000E+00	1.8863E+00
6.8000E+02	0.0000E+00	0.0000E+00	1.8955E+00
6.8100E+02	0.0000E+00	0.0000E+00	1.8922E+00
6.8200E+02	0.0000E+00	0.0000E+00	1.8814E+00
6.8300E+02	0.0000E+00	0.0000E+00	1.8850E+00
6.8400E+02	0.0000E+00	0.0000E+00	1.8874E+00
6.8500E+02	0.0000E+00	0.0000E+00	1.8806E+00
6.8600E+02	0.0000E+00	0.0000E+00	1.8713E+00
6.8700E+02	0.0000E+00	0.0000E+00	1.8652E+00
6.8800E+02	0.0000E+00	0.0000E+00	1.8653E+00
6.8900E+02	0.0000E+00	0.0000E+00	1.8607E+00
6.9000E+02	0.0000E+00	0.0000E+00	1.8427E+00
6.9100E+02	0.0000E+00	0.0000E+00	1.8478E+00
6.9200E+02	0.0000E+00	0.0000E+00	1.8387E+00
6.9300E+02	0.0000E+00	0.0000E+00	1.8423E+00
6.9400E+02	0.0000E+00	0.0000E+00	1.8316E+00
6.9500E+02	0.0000E+00	0.0000E+00	1.8257E+00
6.9600E+02	0.0000E+00	0.0000E+00	1.8171E+00
6.9700E+02	0.0000E+00	0.0000E+00	1.8189E+00
6.9800E+02	0.0000E+00	0.0000E+00	1.8143E+00
6.9900E+02	0.0000E+00	0.0000E+00	1.8027E+00
7.0000E+02	0.0000E+00	0.0000E+00	1.7987E+00
7.0100E+02	0.0000E+00	0.0000E+00	1.7969E+00
7.0200E+02	0.0000E+00	0.0000E+00	1.8005E+00
7.0300E+02	0.0000E+00	0.0000E+00	1.7906E+00
7.0400E+02	0.0000E+00	0.0000E+00	1.7870E+00
7.0500E+02	0.0000E+00	0.0000E+00	1.7805E+00
7.0600E+02	0.0000E+00	0.0000E+00	1.7762E+00
7.0700E+02	0.0000E+00	0.0000E+00	1.7776E+00
7.0800E+02	0.0000E+00	0.0000E+00	1.7754E+00
7.0900E+02	0.0000E+00	0.0000E+00	1.7748E+00
7.1000E+02	0.0000E+00	0.0000E+00	1.7653E+00
7.1100E+02	0.0000E+00	0.0000E+00	1.7670E+00
7.1200E+02	0.0000E+00	0.0000E+00	1.7625E+00
7.1300E+02	0.0000E+00	0.0000E+00	1.7606E+00
7.1400E+02	0.0000E+00	0.0000E+00	1.7600E+00
7.1500E+02	0.0000E+00	0.0000E+00	1.7692E+00
7.1600E+02	0.0000E+00	0.0000E+00	1.7614E+00
7.1700E+02	0.0000E+00	0.0000E+00	1.7539E+00
7.1800E+02	0.0000E+00	0.0000E+00	1.7518E+00
7.1900E+02	0.0000E+00	0.0000E+00	1.7392E+00
7.2000E+02	0.0000E+00	0.0000E+00	1.7316E+00
7.2100E+02	0.0000E+00	0.0000E+00	1.7270E+00
7.2200E+02	0.0000E+00	0.0000E+00	1.7202E+00
7.2300E+02	0.0000E+00	0.0000E+00	1.7183E+00
7.2400E+02	0.0000E+00	0.0000E+00	1.7192E+00
7.2500E+02	0.0000E+00	0.0000E+00	1.7138E+00
7.2600E+02	0.0000E+00	0.0000E+00	1.7096E+00
7.2700E+02	0.0000E+00	0.0000E+00	1.7005E+00
7.2800E+02	0.0000E+00	0.0000E+00	1.7004E+00
7.2900E+02	0.0000E+00	0.0000E+00	1.7041E+00
7.3000E+02	0.0000E+00	0.0000E+00	1.7051E+00
7.3100E+02	0.0000E+00	0.0000E+00	1.7022E+00
7.3200E+02	0.0000E+00	0.0000E+00	1.7010E+00
7.3300E+02	0.0000E+00	0.0000E+00	1.7019E+00
7.3400E+02	0.0000E+00	0.0000E+00	1.6962E+00
7.3500E+02	0.0000E+00	0.0000E+00	1.6983E+00
7.3600E+02	0.0000E+00	0.0000E+00	1.6918E+00
7.3700E+02	0.0000E+00	0.0000E+00	1.6898E+00
7.3800E+02	0.0000E+00	0.0000E+00	1.6842E+00
7.3900E+02	0.0000E+00	0.0000E+00	1.6878E+00
7.4000E+02	0.0000E+00	0.0000E+00	1.6846E+00
7.4100E+02	0.0000E+00	0.0000E+00	1.6791E+00
7.4200E+02	0.0000E+00	0.0000E+00	1.6801E+00
7.4300E+02	0.0000E+00	0.0000E+00	1.6736E+00
7.4400E+02	0.0000E+00	0.0000E+00	1.6696E+00
7.4500E+02	0.0000E+00	0.0000E+00	1.6699E+00
7.4600E+02	0.0000E+00	0.0000E+00	1.6688E+00
7.4700E+02	0.0000E+00	0.0000E+00	1.6607E+00
7.4800E+02	0.0000E+00	0.0000E+00	1.6608E+00
7.4900E+02	0.0000E+00	0.0000E+00	1.6624E+00
7.5000E+02	0.0000E+00	0.0000E+00	1.6588E+00
7.5100E+02	0.0000E+00	0.0000E+00	1.6667E+00
7.5200E+02	0.0000E+00	0.0000E+00	1.6653E+00
7.5300E+02	0.0000E+00	0.0000E+00	1.6648E+00
7.5400E+02	0.0000E+00	0.0000E+00	1.6644E+00
7.5500E+02	0.0000E+00	0.0000E+00	1.6656E+00
7.5600E+02	0.0000E+00	0.0000E+00	1.6639E+00
7.5700E+02	0.0000E+00	0.0000E+00	1.6662E+00
7.5800E+02	0.0000E+00	0.0000E+00	1.6644E+00
7.5900E+02	0.0000E+00	0.0000E+00	1.6740E+00
7.6000E+02	0.0000E+00	0.0000E+00	1.6744E+00
7.6100E+02	0.0000E+00	0.0000E+00	1.6759E+00
7.6200E+02	0.0000E+00	0.0000E+00	1.6756E+00
7.6300E+02	0.0000E+00	0.0000E+00	1.6700E+00
7.6400E+02	0.0000E+00	0.0000E+00	1.6680E+00
7.6500E+02	0.0000E+00	0.0000E+00	1.6616E+00
7.6600E+02	0.0000E+00	0.0000E+00	1.6538E+00
7.6700E+02	0.0000E+00	0.0000E+00	1.6462E+00
7.6800E+02	0.0000E+00	0.0000E+00	1.6429E+00
7.6900E+02	0.0000E+00	0.0000E+00	1.6352E+00
7.7000E+02	0.0000E+00	0.0000E+00	1.6323E+00
7.7100E+02	0.0000E+00	0.0000E+00	1.6284E+00
7.7200E+02	0.0000E+00	0.0000E+00	1.6228E+00
7.7300E+02	0.0000E+00	0.0000E+00	1.6234E+00
7.7400E+02	0.0000E+00	0.0000E+00	1.6219E+00
7.7500E+02	0.0000E+00	0.0000E+00	1.6207E+00
7.7600E+02	0.0000E+00	0.0000E+00	1.6174E+00
7.7700E+02	0.0000E+00	0.0000E+00	1.6167E+00
7.7800E+02	0.0000E+00	0.0000E+00	1.6178E+00
7.7900E+02	0.0000E+00	0.0000E+00	1.6213E+00
7.8000E+02	0.0000E+00	0.0000E+00	1.6242E+00
7.8100E+02	0.0000E+00	0.0000E+00	1.6225E+00
7.8200E+02	0.0000E+00	0.0000E+00	1.6219E+00
7.8300E+02	0.0000E+00	0.0000E+00	1.6210E+00
7.8400E+02	0.0000E+00	0.0000E+00	1.6227E+00
7.8500E+02	0.0000E+00	0.0000E+00	1.6141E+00
7.8600E+02	0.0000E+00	0.0000E+00	1.6152E+00
7.8700E+02	0.0000E+00	0.0000E+00	1.6160E+00
7.8800E+02	0.0000E+00	0.0000E+00	1.6095E+00
7.8900E+02	0.0000E+00	0.0000E+00	1.6068E+00
7.9000E+02	0.0000E+00	0.0000E+00	1.6046E+00
7.9100E+02	0.0000E+00	0.0000E+00	1.6065E+00
7.9200E+02	0.0000E+00	0.0000E+00	1.6086E+00
7.9300E+02	0.0000E+00	0.0000E+00	1.5997E+00
7.9400E+02	0.0000E+00	0.0000E+00	1.5944E+00
7.9500E+02	0.0000E+00	0.0000E+00	1.5959E+00
7.9600E+02	0.0000E+00	0.0000E+00	1.5890E+00
7.9700E+02	0.0000E+00	0.0000E+00	1.5856E+00
7.9800E+02	0.0000E+00	0.0000E+00	1.5907E+00
7.9900E+02	0.0000E+00	0.0000E+00	1.5892E+00
8.0000E+02	0.0000E+00	0.0000E+00	1.5868E+00
8.0100E+02	0.0000E+00	0.0000E+00	1.5845E+00
8.0200E+02	0.0000E+00	0.0000E+00	1.5835E+00
8.0300E+02	0.0000E+00	0.0000E+00	1.5832E+00
8.0400E+02	0.0000E+00	0.0000E+00	1.5835E+00
8.0500E+02	0.0000E+00	0.0000E+00	1.5800E+00
8.0600E+02	0.0000E+00	0.0000E+00	1.5782E+00
8.0700E+02	0.0000E+00	0.0000E+00	1.5752E+00
8.0800E+02	0.0000E+00	0.0000E+00	1.5756E+00
8.0900E+02	0.0000E+00	0.0000E+00	1.5777E+00
8.1000E+02	0.0000E+00	0.0000E+00	1.5768E+00
8.1100E+02	0.0000E+00	0.0000E+00	1.5775E+00
8.1200E+02	0.0000E+00	0.0000E+00	1.5797E+00
8.1300E+02	0.0000E+00	0.0000E+00	1.5727E+00
8.1400E+02	0.0000E+00	0.0000E+00	1.5734E+00
8.1500E+02	0.0000E+00	0.0000E+00	1.5739E+00
8.1600E+02	0.0000E+00	0.0000E+00	1.5727E+00
8.1700E+02	0.0000E+00	0.0000E+00	1.5734E+00
8.1800E+02	0.0000E+00	0.0000E+00	1.5729E+00
8.1900E+02	0.0000E+00	0.0000E+00	1.5713E+00
8.2000E+02	0.0000E+00	0.0000E+00	1.5694E+00
8.2100E+02	0.0000E+00	0.0000E+00	1.5628E+00
8.2200E+02	0.0000E+00	0.0000E+00	1.5618E+00
8.2300E+02	0.0000E+00	0.0000E+00	1.5638E+00
8.2400E+02	0.0000E+00	0.0000E+00	1.5632E+00
8.2500E+02	0.0000E+00	0.0000E+00	1.5639E+00
8.2600E+02	0.0000E+00	0.0000E+00	1.5616E+00
8.2700E+02	0.0000E+00	0.0000E+00	1.5621E+00
8.2800E+02	0.0000E+00	0.0000E+00	1.5590E+00
8.2900E+02	0.0000E+00	0.0000E+00	1.5580E+00
8.3000E+02	0.0000E+00	0.0000E+00	1.5558E+00
8.3100E+02	0.0000E+00	0.0000E+00	1.5541E+00
8.3200E+02	0.0000E+00	0.0000E+00	1.5592E+00
8.3300E+02	0.0000E+00	0.0000E+00	1.5648E+00
8.3400E+02	0.0000E+00	0.0000E+00	1.5689E+00
8.3500E+02	0.0000E+00	0.0000E+00	1.5735E+00
8.3600E+02	0.0000E+00	0.0000E+00	1.5821E+00
8.3700E+02	0.0000E+00	0.0000E+00	1.5753E+00
8.3800E+02	0.0000E+00	0.0000E+00	1.5710E+00
8.3900E+02	0.0000E+00	0.0000E+00	1.5688E+00
8.4000E+02	0.0000E+00	0.0000E+00	1.5649E+00
8.4100E+02	0.0000E+00	0.0000E+00	1.5601E+00
8.4200E+02	0.0000E+00	0.0000E+00	1.5559E+00
8.4300E+02	0.0000E+00	0.0000E+00	1.5545E+00
8.4400E+02	0.0000E+00	0.0000E+00	1.5531E+00
8.4500E+02	0.0000E+00	0.0000E+00	1.5473E+00
8.4600E+02	0.0000E+00	0.0000E+00	1.5429E+00
8.4700E+02	0.0000E+00	0.0000E+00	1.5436E+00
8.4800E+02	0.0000E+00	0.0000E+00	1.5443E+00
8.4900E+02	0.0000E+00	0.0000E+00	1.5438E+00
8.5000E+02	0.0000E+00	0.0000E+00	1.5457E+00
8.5100E+02	0.0000E+00	0.0000E+00	1.5451E+00
8.5200E+02	0.0000E+00	0.0000E+00	1.5453E+00
8.5300E+02	0.0000E+00	0.0000E+00	1.5464E+00
8.5400E+02	0.0000E+00	0.0000E+00	1.5458E+00
8.5500E+02	0.0000E+00	0.0000E+00	1.5416E+00
8.5600E+02	0.0000E+00	0.0000E+00	1.5434E+00
8.5700E+02	0.0000E+00	0.0000E+00	1.5476E+00
8.5800E+02	0.0000E+00	0.0000E+00	1.5485E+00
8.5900E+02	0.0000E+00	0.0000E+00	1.5557E+00
8.6000E+02	0.0000E+00	0.0000E+00	1.5613E+00
8.6100E+02	0.0000E+00	0.0000E+00	1.5629E+00
8.6200E+02	0.0000E+00	0.0000E+00	1.5670E+00
8.6300E+02	0.0000E+00	0.0000E+00	1.5663E+00
8.6400E+02	0.0000E+00	0.0000E+00	1.5705E+00
8.6500E+02	0.0000E+00	0.0000E+00	1.5683E+00
8.6600E+02	0.0000E+00	0.0000E+00	1.5666E+00
8.6700E+02	0.0000E+00	0.0000E+00	1.5606E+00
8.6800E+02	0.0000E+00	0.0000E+00	1.5633E+00
8.6900E+02	0.0000E+00	0.0000E+00	1.5609E+00
8.7000E+02	0.0000E+00	0.0000E+00	1.5550E+00
8.7100E+02	0.0000E+00	0.0000E+00	1.5509E+00
8.7200E+02	0.0000E+00	0.0000E+00	1.5532E+00
8.7300E+02	0.0000E+00	0.0000E+00	1.5499E+00
8.7400E+02	0.0000E+00	0.0000E+00	1.5537E+00
8.7500E+02	0.0000E+00	0.0000E+00	1.5544E+00
8.7600E+02	0.0000E+00	0.0000E+00	1.5526E+00
8.7700E+02	0.0000E+00	0.0000E+00	1.5525E+00
8.7800E+02	0.0000E+00	0.0000E+00	1.5473E+00
8.7900E+02	0.0000E+00	0.0000E+00	1.5500E+00
8.8000E+02	0.0000E+00	0.0000E+00	1.5520E+00
8.8100E+02	0.0000E+00	0.0000E+00	1.5574E+00
8.8200E+02	0.0000E+00	0.0000E+00	1.5659E+00
8.8300E+02	0.0000E+00	0.0000E+00	1.5743E+00
8.8400E+02	0.0000E+00	0.0000E+00	1.5817E+00
8.8500E+02	0.0000E+00	0.0000E+00	1.5878E+00
8.8600E+02	0.0000E+00	0.0000E+00	1.5939E+00
8.8700E+02	0.0000E+00	0.0000E+00	1.6017E+00
8.8800E+02	0.0000E+00	0.0000E+00	1.6010E+00
8.8900E+02	0.0000E+00	0.0000E+00	1.6070E+00
8.9000E+02	0.0000E+00	0.0000E+00	1.6053E+00
8.9100E+02	0.0000E+00	0.0000E+00	1.5984E+00
8.9200E+02	0.0000E+00	0.0000E+00	1.5956E+00
8.9300E+02	0.0000E+00	0.0000E+00	1.5984E+00
8.9400E+02	0.0000E+00	0.0000E+00	1.5920E+00
8.9500E+02	0.0000E+00	0.0000E+00	1.5874E+00
8.9600E+02	0.0000E+00	0.0000E+00	1.5883E+00
8.9700E+02	0.0000E+00	0.0000E+00	1.5855E+00
8.9800E+02	0.0000E+00	0.0000E+00	1.5872E+00
8.9900E+02	0.0000E+00	0.0000E+00	1.5902E+00
9.0000E+02	0.0000E+00	0.0000E+00	1.5231E+00
9.0100E+02	0.0000E+00	0.0000E+00	1.5245E+00
9.0200E+02	0.0000E+00	0.0000E+00	1.5248E+00
9.0300E+02	0.0000E+00	0.0000E+00	1.5251E+00
9.0400E+02	0.0000E+00	0.0000E+00	1.5286E+00
9.0500E+02	0.0000E+00	0.0000E+00	1.5363E+00
9.0600E+02	0.0000E+00	0.0000E+00	1.5407E+00
9.0700E+02	0.0000E+00	0.0000E+00	1.5408E+00
9.0800E+02	0.0000E+00	0.0000E+00	1.5494E+00
9.0900E+02	0.0000E+00	0.0000E+00	1.5520E+00
9.1000E+02	0.0000E+00	0.0000E+00	1.5563E+00
9.1100E+02	0.0000E+00	0.0000E+00	1.5562E+00
9.1200E+02	0.0000E+00	0.0000E+00	1.5537E+00
9.1300E+02	0.0000E+00	0.0000E+00	1.5551E+00
9.1400E+02	0.0000E+00	0.0000E+00	1.5535E+00
9.1500E+02	0.0000E+00	0.0000E+00	1.5516E+00
9.1600E+02	0.0000E+00	0.0000E+00	1.5514E+00
9.1700E+02	0.0000E+00	0.0000E+00	1.5465E+00
9.1800E+02	0.0000E+00	0.0000E+00	1.5447E+00
9.1900E+02	0.0000E+00	0.0000E+00	1.5432E+00
9.2000E+02	0.0000E+00	0.0000E+00	1.5438E+00
9.2100E+02	0.0000E+00	0.0000E+00	1.5465E+00
9.2200E+02	0.0000E+00	0.0000E+00	1.5441E+00
9.2300E+02	0.0000E+00	0.0000E+00	1.5417E+00
9.2400E+02	0.0000E+00	0.0000E+00	1.5377E+00
9.2500E+02	0.0000E+00	0.0000E+00	1.5356E+00
9.2600E+02	0.0000E+00	0.0000E+00	1.5364E+00
9.2700E+02	0.0000E+00	0.0000E+00	1.5357E+00
9.2800E+02	0.0000E+00	0.0000E+00	1.5307E+00
9.2900E+02	0.0000E+00	0.0000E+00	1.5329E+00
9.3000E+02	0.0000E+00	0.0000E+00	1.5354E+00
9.3100E+02	0.0000E+00	0.0000E+00	1.5388E+00
9.3200E+02	0.0000E+00	0.0000E+00	1.5401E+00
9.3300E+02	0.0000E+00	0.0000E+00	1.5427E+00
9.3400E+02	0.0000E+00	0.0000E+00	1.5420E+00
9.3500E+02	0.0000E+00	0.0000E+00	1.5425E+00
9.3600E+02	0.0000E+00	0.0000E+00	1.5430E+00
9.3700E+02	0.0000E+00	0.0000E+00	1.5443E+00
9.3800E+02	0.0000E+00	0.0000E+00	1.5464E+00
9.3900E+02	0.0000E+00	0.0000E+00	1.5430E+00
9.4000E+02	0.0000E+00	0.0000E+00	1.5430E+00
9.4100E+02	0.0000E+00	0.0000E+00	1.5406E+00
9.4200E+02	0.0000E+00	0.0000E+00	1.5340E+00
9.4300E+02	0.0000E+00	0.0000E+00	1.5310E+00
9.4400E+02	0.0000E+00	0.0000E+00	1.5286E+00
9.4500E+02	0.0000E+00	0.0000E+00	1.5318E+00
9.4600E+02	0.0000E+00	0.0000E+00	1.5318E+00
9.4700E+02	0.0000E+00	0.0000E+00	1.5328E+00
9.4800E+02	0.0000E+00	0.0000E+00	1.5303E+00
9.4900E+02	0.0000E+00	0.0000E+00	1.5307E+00
9.5000E+02	0.0000E+00	0.0000E+00	1.5291E+00
9.5100E+02	0.0000E+00	0.0000E+00	1.5311E+00
9.5200E+02	0.0000E+00	0.0000E+00	1.5255E+00
9.5300E+02	0.0000E+00	0.0000E+00	1.5236E+00
9.5400E+02	0.0000E+00	0.0000E+00	1.5259E+00
9.5500E+02	0.0000E+00	0.0000E+00	1.5272E+00
9.5600E+02	0.0000E+00	0.0000E+00	1.5272E+00
9.5700E+02	0.0000E+00	0.0000E+00	1.5298E+00
9.5800E+02	0.0000E+00	0.0000E+00	1.5274E+00
9.5900E+02	0.0000E+00	0.0000E+00	1.5310E+00
9.6000E+02	0.0000E+00	0.0000E+00	1.5296E+00
9.6100E+02	0.0000E+00	0.0000E+00	1.5325E+00
9.6200E+02	0.0000E+00	0.0000E+00	1.5339E+00
9.6300E+02	0.0000E+00	0.0000E+00	1.5335E+00
9.6400E+02	0.0000E+00	0.0000E+00	1.5306E+00
9.6500E+02	0.0000E+00	0.0000E+00	1.5303E+00
9.6600E+02	0.0000E+00	0.0000E+00	1.5271E+00
9.6700E+02	0.0000E+00	0.0000E+00	1.5295E+00
9.6800E+02	0.0000E+00	0.0000E+00	1.5281E+00
9.6900E+02	0.0000E+00	0.0000E+00	1.5261E+00
9.7000E+02	0.0000E+00	0.0000E+00	1.5250E+00
9.7100E+02	0.0000E+00	0.0000E+00	1.5285E+00
9.7200E+02	0.0000E+00	0.0000E+00	1.5273E+00
9.7300E+02	0.0000E+00	0.0000E+00	1.5279E+00
9.7400E+02	0.0000E+00	0.0000E+00	1.5266E+00
9.7500E+02	0.0000E+00	0.0000E+00	1.5270E+00
9.7600E+02	0.0000E+00	0.0000E+00	1.5236E+00
9.7700E+02	0.0000E+00	0.0000E+00	1.5247E+00
9.7800E+02	0.0000E+00	0.0000E+00	1.5268E+00
9.7900E+02	0.0000E+00	0.0000E+00	1.5344E+00
9.8000E+02	0.0000E+00	0.0000E+00	1.5377E+00
9.8100E+02	0.0000E+00	0.0000E+00	1.5422E+00
9.8200E+02	0.0000E+00	0.0000E+00	1.5484E+00
9.8300E+02	0.0000E+00	0.0000E+00	1.5477E+00
9.8400E+02	0.0000E+00	0.0000E+00	1.5465E+00
9.8500E+02	0.0000E+00	0.0000E+00	1.5399E+00
9.8600E+02	0.0000E+00	0.0000E+00	1.5361E+00
9.8700E+02	0.0000E+00	0.0000E+00	1.5366E+00
9.8800E+02	0.0000E+00	0.0000E+00	1.5321E+00
9.8900E+02	0.0000E+00	0.0000E+00	1.5350E+00
9.9000E+02	0.0000E+00	0.0000E+00	1.5276E+00
9.9100E+02	0.0000E+00	0.0000E+00	1.5246E+00
9.9200E+02	0.0000E+00	0.0000E+00	1.5224E+00
9.9300E+02	0.0000E+00	0.0000E+00	1.5251E+00
9.9400E+02	0.0000E+00	0.0000E+00	1.5250E+00
9.9500E+02	0.0000E+00	0.0000E+00	1.5273E+00
9.9600E+02	0.0000E+00	0.0000E+00	1.5217E+00
9.9700E+02	0.0000E+00	0.0000E+00	1.5199E+00
9.9800E+02	0.0000E+00	0.0000E+00	1.5180E+00
9.9900E+02	0.0000E+00	0.0000E+00	1.5229E+00
1.0000E+03	0.0000E+00	0.0000E+00	1.5219E+00
1.0010E+03	0.0000E+00	0.0000E+00	1.5330E+00
1.0020E+03	0.0000E+00	0.0000E+00	1.5400E+00
1.0030E+03	0.0000E+00	0.0000E+00	1.5535E+00
1.0040E+03	0.0000E+00	0.0000E+00	1.5674E+00
1.0050E+03	0.0000E+00	0.0000E+00	1.5775E+00
1.0060E+03	0.0000E+00	0.0000E+00	1.5862E+00
1.0070E+03	0.0000E+00	0.0000E+00	1.5905E+00
1.0080E+03	0.0000E+00	0.0000E+00	1.5926E+00
1.0090E+03	0.0000E+00	0.0000E+00	1.5935E+00
1.0100E+03	0.0000E+00	0.0000E+00	1.5919E+00
1.0110E+03	0.0000E+00	0.0000E+00	1.5878E+00
1.0120E+03	0.0000E+00	0.0000E+00	1.5835E+00
1.0130E+03	0.0000E+00	0.0000E+00	1.5804E+00
1.0140E+03	0.0000E+00	0.0000E+00	1.5785E+00
1.0150E+03	0.0000E+00	0.0000E+00	1.5776E+00
1.0160E+03	0.0000E+00	0.0000E+00	1.5755E+00
1.0170E+03	0.0000E+00	0.0000E+00	1.5734E+00
1.0180E+03	0.0000E+00	0.0000E+00	1.5739E+00
1.0190E+03	0.0000E+00	0.0000E+00	1.5733E+00
1.0200E+03	0.0000E+00	0.0000E+00	1.5714E+00
1.0210E+03	0.0000E+00	0.0000E+00	1.5721E+00
1.0220E+03	0.0000E+00	0.0000E+00	1.5727E+00
1.0230E+03	0.0000E+00	0.0000E+00	1.5709E+00
1.0240E+03	0.0000E+00	0.0000E+00	1.5733E+00
1.0250E+03	0.0000E+00	0.0000E+00	1.5865E+00
1.0260E+03	0.0000E+00	0.0000E+00	1.5918E+00
1.0270E+03	0.0000E+00	0.0000E+00	1.5985E+00
1.0280E+03	0.0000E+00	0.0000E+00	1.6100E+00
1.0290E+03	0.0000E+00	0.0000E+00	1.6188E+00
1.0300E+03	0.0000E+00	0.0000E+00	1.6237E+00
1.0310E+03	0.0000E+00	0.0000E+00	1.6284E+00
1.0320E+03	0.0000E+00	0.0000E+00	1.6309E+00
1.0330E+03	0.0000E+00	0.0000E+00	1.6282E+00
1.0340E+03	0.0000E+00	0.0000E+00	1.6265E+00
1.0350E+03	0.0000E+00	0.0000E+00	1.6221E+00
1.0360E+03	0.0000E+00	0.0000E+00	1.6202E+00
1.0370E+03	0.0000E+00	0.0000E+00	1.6147E+00
1.0380E+03	0.0000E+00	0.0000E+00	1.6170E+00
1.0390E+03	0.0000E+00	0.0000E+00	1.6117E+00
1.0400E+03	0.0000E+00	0.0000E+00	1.6151E+00
1.0410E+03	0.0000E+00	0.0000E+00	1.6118E+00
1.0420E+03	0.0000E+00	0.0000E+00	1.6097E+00
1.0430E+03	0.0000E+00	0.0000E+00	1.6070E+00
1.0440E+03	0.0000E+00	0.0000E+00	1.6069E+00
1.0450E+03	0.0000E+00	0.0000E+00	1.6010E+00
1.0460E+03	0.0000E+00	0.0000E+00	1.6091E+00
1.0470E+03	0.0000E+00	0.0000E+00	1.6139E+00
1.0480E+03	0.0000E+00	0.0000E+00	1.6179E+00
1.0490E+03	0.0000E+00	0.0000E+00	1.6251E+00
1.0500E+03	0.0000E+00	0.0000E+00	1.6389E+00
1.0510E+03	0.0000E+00	0.0000E+00	1.6616E+00
1.0520E+03	0.0000E+00	0.0000E+00	1.6900E+00
1.0530E+03	0.0000E+00	0.0000E+00	1.7133E+00
1.0540E+03	0.0000E+00	0.0000E+00	1.7246E+00
1.0550E+03	0.0000E+00	0.0000E+00	1.7306E+00
1.0560E+03	0.0000E+00	0.0000E+00	1.7342E+00
1.0570E+03	0.0000E+00	0.0000E+00	1.7306E+00
1.0580E+03	0.0000E+00	0.0000E+00	1.7315E+00
1.0590E+03	0.0000E+00	0.0000E+00	1.7286E+00
1.0600E+03	0.0000E+00	0.0000E+00	1.7268E+00
1.0610E+03	0.0000E+00	0.0000E+00	1.7229E+00
1.0620E+03	0.0000E+00	0.0000E+00	1.7255E+00
1.0630E+03	0.0000E+00	0.0000E+00	1.7160E+00
1.0640E+03	0.0000E+00	0.0000E+00	1.7123E+00
1.0650E+03	0.0000E+00	0.0000E+00	1.7105E+00
1.0660E+03	0.0000E+00	0.0000E+00	1.7125E+00
1.0670E+03	0.0000E+00	0.0000E+00	1.7070E+00
1.0680E+03	0.0000E+00	0.0000E+00	1.7041E+00
1.0690E+03	0.0000E+00	0.0000E+00	1.7064E+00
1.0700E+03	0.0000E+00	0.0000E+00	1.7061E+00
1.0710E+03	0.0000E+00	0.0000E+00	1.7096E+00
1.0720E+03	0.0000E+00	0.0000E+00	1.7087E+00
1.0730E+03	0.0000E+00	0.0000E+00	1.7267E+00
1.0740E+03	0.0000E+00	0.0000E+00	1.7289E+00
1.0750E+03	0.0000E+00	0.0000E+00	1.7382E+00
1.0760E+03	0.0000E+00	0.0000E+00	1.7542E+00
1.0770E+03	0.0000E+00	0.0000E+00	1.7608E+00
1.0780E+03	0.0000E+00	0.0000E+00	1.7688E+00
1.0790E+03	0.0000E+00	0.0000E+00	1.7731E+00
1.0800E+03	0.0000E+00	0.0000E+00	1.7786E+00
1.0810E+03	0.0000E+00	0.0000E+00	1.7763E+00
1.0820E+03	0.0000E+00	0.0000E+00	1.7751E+00
1.0830E+03	0.0000E+00	0.0000E+00	1.7700E+00
1.0840E+03	0.0000E+00	0.0000E+00	1.7738E+00
1.0850E+03	0.0000E+00	0.0000E+00	1.7675E+00
1.0860E+03	0.0000E+00	0.0000E+00	1.7683E+00
1.0870E+03	0.0000E+00	0.0000E+00	1.7647E+00
1.0880E+03	0.0000E+00	0.0000E+00	1.7608E+00
1.0890E+03	0.0000E+00	0.0000E+00	1.7545E+00
1.0900E+03	0.0000E+00	0.0000E+00	1.7521E+00
1.0910E+03	0.0000E+00	0.0000E+00	1.7494E+00
1.0920E+03	0.0000E+00	0.0000E+00	1.7507E+00
1.0930E+03	0.0000E+00	0.0000E+00	1.7472E+00
1.0940E+03	0.0000E+00	0.0000E+00	1.7453E+00
1.0950E+03	0.0000E+00	0.0000E+00	1.7500E+00
1.0960E+03	0.0000E+00	0.0000E+00	1.7507E+00
1.0970E+03	0.0000E+00	0.0000E+00	1.7525E+00
1.0980E+03	0.0000E+00	0.0000E+00	1.7612E+00
1.0990E+03	0.0000E+00	0.0000E+00	1.7726E+00
1.1000E+03	0.0000E+00	0.0000E+00	1.7803E+00
1.1010E+03	0.0000E+00	0.0000E+00	1.7915E+00
1.1020E+03	0.0000E+00	0.0000E+00	1.7953E+00
1.1030E+03	0.0000E+00	0.0000E+00	1.7969E+00
1.1040E+03	0.0000E+00	0.0000E+00	1.8069E+00
1.1050E+03	0.0000E+00	0.0000E+00	1.8018E+00
1.1060E+03	0.0000E+00	0.0000E+00	1.8025E+00
1.1070E+03	0.0000E+00	0.0000E+00	1.7903E+00
1.1080E+03	0.0000E+00	0.0000E+00	1.7927E+00
1.1090E+03	0.0000E+00	0.0000E+00	1.7921E+00
1.1100E+03	0.0000E+00	0.0000E+00	1.7832E+00
1.1110E+03	0.0000E+00	0.0000E+00	1.7787E+00
1.1120E+03	0.0000E+00	0.0000E+00	1.7801E+00
1.1130E+03	0.0000E+00	0.0000E+00	1.7783E+00
1.1140E+03	0.0000E+00	0.0000E+00	1.7744E+00
1.1150E+03	0.0000E+00	0.0000E+00	1.7733E+00
1.1160E+03	0.0000E+00	0.0000E+00	1.7691E+00
1.1170E+03	0.0000E+00	0.0000E+00	1.7692E+00
1.1180E+03	0.0000E+00	0.0000E+00	1.7700E+00
1.1190E+03	0.0000E+00	0.0000E+00	1.7644E+00
1.1200E+03	0.0000E+00	0.0000E+00	1.7724E+00
1.1210E+03	0.0000E+00	0.0000E+00	1.7724E+00
1.1220E+03	0.0000E+00	0.0000E+00	1.7769E+00
1.1230E+03	0.0000E+00	0.0000E+00	1.7921E+00
1.1240E+03	0.0000E+00	0.0000E+00	1.8137E+00
1.1250E+03	0.0000E+00	0.0000E+00	1.8236E+00
1.1260E+03	0.0000E+00	0.0000E+00	1.8392E+00
1.1270E+03	0.0000E+00	0.0000E+00	1.8354E+00
1.1280E+03	0.0000E+00	0.0000E+00	1.8413E+00
1.1290E+03	0.0000E+00	0.0000E+00	1.8368E+00
1.1300E+03	0.0000E+00	0.0000E+00	1.8425E+00
1.1310E+03	0.0000E+00	0.0000E+00	1.8338E+00
1.1320E+03	0.0000E+00	0.0000E+00	1.8320E+00
1.1330E+03	0.0000E+00	0.0000E+00	1.8337E+00
1.1340E+03	0.0000E+00	0.0000E+00	1.8285E+00
1.1350E+03	0.0000E+00	0.0000E+00	1.8299E+00
1.1360E+03	0.0000E+00	0.0000E+00	1.8224E+00
1.1370E+03	0.0000E+00	0.0000E+00	1.8140E+00
1.1380E+03	0.0000E+00	0.0000E+00	1.8151E+00
1.1390E+03	0.0000E+00	0.0000E+00	1.8102E+00
1.1400E+03	0.0000E+00	0.0000E+00	1.8072E+00
1.1410E+03	0.0000E+00	0.0000E+00	1.8029E+00
1.1420E+03	0.0000E+00	0.0000E+00	1.7981E+00
1.1430E+03	0.0000E+00	0.0000E+00	1.7996E+00
1.1440E+03	0.0000E+00	0.0000E+00	1.8024E+00
1.1450E+03	0.0000E+00	0.0000E+00	1.8125E+00
1.1460E+03	0.0000E+00	0.0000E+00	1.8281E+00
1.1470E+03	0.0000E+00	0.0000E+00	1.8703E+00
1.1480E+03	0.0000E+00	0.0000E+00	1.8823E+00
1.1490E+03	0.0000E+00	0.0000E+00	1.9099E+00
1.1500E+03	0.0000E+00	0.0000E+00	1.9151E+00
1.1510E+03	0.0000E+00	0.0000E+00	1.9329E+00
1.1520E+03	0.0000E+00	0.0000E+00	1.9383E+00
1.1530E+03	0.0000E+00	0.0000E+00	1.9487E+00
1.1540E+03	0.0000E+00	0.0000E+00	1.9468E+00
1.1550E+03	0.0000E+00	0.0000E+00	1.9555E+00
1.1560E+03	0.0000E+00	0.0000E+00	1.9581E+00
1.1570E+03	0.0000E+00	0.0000E+00	1.9636E+00
1.1580E+03	0.0000E+00	0.0000E+00	1.9598E+00
1.1590E+03	0.0000E+00	0.0000E+00	1.9492E+00
1.1600E+03	0.0000E+00	0.0000E+00	1.9563E+00
1.1610E+03	0.0000E+00	0.0000E+00	1.9421E+00
1.1620E+03	0.0000E+00	0.0000E+00	1.9433E+00
1.1630E+03	0.0000E+00	0.0000E+00	1.9301E+00
1.1640E+03	0.0000E+00	0.0000E+00	1.9222E+00
1.1650E+03	0.0000E+00	0.0000E+00	1.9265E+00
1.1660E+03	0.0000E+00	0.0000E+00	1.9119E+00
1.1670E+03	0.0000E+00	0.0000E+00	1.9119E+00
1.1680E+03	0.0000E+00	0.0000E+00	1.9198E+00
1.1690E+03	0.0000E+00	0.0000E+00	1.9164E+00
1.1700E+03	0.0000E+00	0.0000E+00	1.9326E+00
1.1710E+03	0.0000E+00	0.0000E+00	1.9390E+00
1.1720E+03	0.0000E+00	0.0000E+00	1.9586E+00
1.1730E+03	0.0000E+00	0.0000E+00	1.9776E+00
1.1740E+03	0.0000E+00	0.0000E+00	1.9937E+00
1.1750E+03	0.0000E+00	0.0000E+00	2.0038E+00
1.1760E+03	0.0000E+00	0.0000E+00	2.0181E+00
1.1770E+03	0.0000E+00	0.0000E+00	2.0217E+00
1.1780E+03	0.0000E+00	0.0000E+00	2.0330E+00
1.1790E+03	0.0000E+00	0.0000E+00	2.0389E+00
1.1800E+03	0.0000E+00	0.0000E+00	2.0430E+00
1.1810E+03	0.0000E+00	0.0000E+00	2.0312E+00
1.1820E+03	0.0000E+00	0.0000E+00	2.0242E+00
1.1830E+03	0.0000E+00	0.0000E+00	2.0290E+00
1.1840E+03	0.0000E+00	0.0000E+00	2.0270E+00
1.1850E+03	0.0000E+00	0.0000E+00	2.0209E+00
1.1860E+03	0.0000E+00	0.0000E+00	2.0107E+00
1.1870E+03	0.0000E+00	0.0000E+00	2.0118E+00
1.1880E+03	0.0000E+00	0.0000E+00	2.0001E+00
1.1890E+03	0.0000E+00	0.0000E+00	1.9930E+00
1.1900E+03	0.0000E+00	0.0000E+00	1.9878E+00
1.1910E+03	0.0000E+00	0.0000E+00	1.9798E+00
1.1920E+03	0.0000E+00	0.0000E+00	1.9734E+00
1.1930E+03	0.0000E+00	0.0000E+00	1.9793E+00
1.1940E+03	0.0000E+00	0.0000E+00	1.9782E+00
1.1950E+03	0.0000E+00	0.0000E+00	1.9837E+00
1.1960E+03	0.0000E+00	0.0000E+00	1.9944E+00
1.1970E+03	0.0000E+00	0.0000E+00	2.0064E+00
1.1980E+03	0.0000E+00	0.0000E+00	2.0047E+00
1.1990E+03	0.0000E+00	0.0000E+00	2.0200E+00
1.2000E+03	0.0000E+00	0.0000E+00	2.0254E+00
1.2010E+03	0.0000E+00	0.0000E+00	2.0225E+00
1.2020E+03	0.0000E+00	0.0000E+00	2.0293E+00
1.2030E+03	0.0000E+00	0.0000E+00	2.0372E+00
1.2040E+03	0.0000E+00	0.0000E+00	2.0447E+00
1.2050E+03	0.0000E+00	0.0000E+00	2.0365E+00
1.2060E+03	0.0000E+00	0.0000E+00	2.0439E+00
1.2070E+03	0.0000E+00	0.0000E+00	2.0275E+00
1.2080E+03	0.0000E+00	0.0000E+00	2.0335E+00
1.2090E+03	0.0000E+00	0.0000E+00	2.0301E+00
1.2100E+03	0.0000E+00	0.0000E+00	2.0127E+00
1.2110E+03	0.0000E+00	0.0000E+00	2.0100E+00
1.2120E+03	0.0000E+00	0.0000E+00	2.0090E+00
1.2130E+03	0.0000E+00	0.0000E+00	1.9934E+00
1.2140E+03	0.0000E+00	0.0000E+00	1.9908E+00
1.2150E+03	0.0000E+00	0.0000E+00	1.9793E+00
1.2160E+03	0.0000E+00	0.0000E+00	1.9853E+00
1.2170E+03	0.0000E+00	0.0000E+00	1.9871E+00
1.2180E+03	0.0000E+00	0.0000E+00	1.9869E+00
1.2190E+03	0.0000E+00	0.0000E+00	2.0039E+00
1.2200E+03	0.0000E+00	0.0000E+00	2.0122E+00
1.2210E+03	0.0000E+00	0.0000E+00	2.0293E+00
1.2220E+03	0.0000E+00	0.0000E+00	2.0435E+00
1.2230E+03	0.0000E+00	0.0000E+00	2.0552E+00
1.2240E+03	0.0000E+00	0.0000E+00	2.0723E+00
1.2250E+03	0.0000E+00	0.0000E+00	2.0750E+00
1.2260E+03	0.0000E+00	0.0000E+00	2.0906E+00
1.2270E+03	0.0000E+00	0.0000E+00	2.0969E+00
1.2280E+03	0.0000E+00	0.0000E+00	2.0969E+00
1.2290E+03	0.0000E+00	0.0000E+00	2.0987E+00
1.2300E+03	0.0000E+00	0.0000E+00	2.0899E+00
1.2310E+03	0.0000E+00	0.0000E+00	2.0856E+00
1.2320E+03	0.0000E+00	0.0000E+00	2.0789E+00
1.2330E+03	0.0000E+00	0.0000E+00	2.0729E+00
1.2340E+03	0.0000E+00	0.0000E+00	2.0612E+00
1.2350E+03	0.0000E+00	0.0000E+00	2.0596E+00
1.2360E+03	0.0000E+00	0.0000E+00	2.0373E+00
1.2370E+03	0.0000E+00	0.0000E+00	2.0453E+00
1.2380E+03	0.0000E+00	0.0000E+00	2.0329E+00
1.2390E+03	0.0000E+00	0.0000E+00	2.0158E+00
1.2400E+03	0.0000E+00	0.0000E+00	2.0194E+00
1.2410E+03	0.0000E+00	0.0000E+00	2.0111E+00
1.2420E+03	0.0000E+00	0.0000E+00	2.0054E+00
1.2430E+03	0.0000E+00	0.0000E+00	2.0195E+00
1.2440E+03	0.0000E+00	0.0000E+00	2.0092E+00
1.2450E+03	0.0000E+00	0.0000E+00	2.0194E+00
1.2460E+03	0.0000E+00	0.0000E+00	2.0241E+00
1.2470E+03	0.0000E+00	0.0000E+00	2.0348E+00
1.2480E+03	0.0000E+00	0.0000E+00	2.0407E+00
1.2490E+03	0.0000E+00	0.0000E+00	2.0404E+00
1.2500E+03	0.0000E+00	0.0000E+00	2.0417E+00
1.2510E+03	0.0000E+00	0.0000E+00	2.0351E+00
1.2520E+03	0.0000E+00	0.0000E+00	2.0414E+00
1.2530E+03	0.0000E+00	0.0000E+00	2.0359E+00
1.2540E+03	0.0000E+00	0.0000E+00	2.0385E+00
1.2550E+03	0.0000E+00	0.0000E+00	2.0303E+00
1.2560E+03	0.0000E+00	0.0000E+00	2.0276E+00
1.2570E+03	0.0000E+00	0.0000E+00	2.0131E+00
1.2580E+03	0.0000E+00	0.0000E+00	2.0197E+00
1.2590E+03	0.0000E+00	0.0000E+00	2.0026E+00
1.2600E+03	0.0000E+00	0.0000E+00	1.9987E+00
1.2610E+03	0.0000E+00	0.0000E+00	1.9951E+00
1.2620E+03	0.0000E+00	0.0000E+00	1.9869E+00
1.2630E+03	0.0000E+00	0.0000E+00	1.9709E+00
1.2640E+03	0.0000E+00	0.0000E+00	1.9673E+00
1.2650E+03	0.0000E+00	0.0000E+00	1.9704E+00
1.2660E+03	0.0000E+00	0.0000E+00	1.9704E+00
1.2670E+03	0.0000E+00	0.0000E+00	1.9741E+00
1.2680E+03	0.0000E+00	0.0000E+00	1.9781E+00
1.2690E+03	0.0000E+00	0.0000E+00	1.9898E+00
1.2700E+03	0.0000E+00	0.0000E+00	1.9980E+00
1.2710E+03	0.0000E+00	0.0000E+00	1.9961E+00
1.2720E+03	0.0000E+00	0.0000E+00	2.0128E+00
1.2730E+03	0.0000E+00	0.0000E+00	2.0208E+00
1.2740E+03	0.0000E+00	0.0000E+00	2.0134E+00
1.2750E+03	0.0000E+00	0.0000E+00	2.0228E+00
1.2760E+03	0.0000E+00	0.0000E+00	2.0196E+00
1.2770E+03	0.0000E+00	0.0000E+00	2.0228E+00
1.2780E+03	0.0000E+00	0.0000E+00	2.0161E+00
1.2790E+03	0.0000E+00	0.0000E+00	2.0125E+00
1.2800E+03	0.0000E+00	0.0000E+00	2.0049E+00
1.2810E+03	0.0000E+00	0.0000E+00	1.9993E+00
1.2820E+03	0.0000E+00	0.0000E+00	1.9978E+00
1.2830E+03	0.0000E+00	0.0000E+00	1.9769E+00
1.2840E+03	0.0000E+00	0.0000E+00	1.9822E+00
1.2850E+03	0.0000E+00	0.0000E+00	1.9745E+00
1.2860E+03	0.0000E+00	0.0000E+00	1.9659E+00
1.2870E+03	0.0000E+00	0.0000E+00	1.9529E+00
1.2880E+03	0.0000E+00	0.0000E+00	1.9494E+00
1.2890E+03	0.0000E+00	0.0000E+00	1.9364E+00
1.2900E+03	0.0000E+00	0.0000E+00	1.9421E+00
1.2910E+03	0.0000E+00	0.0000E+00	1.9490E+00
1.2920E+03	0.0000E+00	0.0000E+00	1.9581E+00
1.2930E+03	0.0000E+00	0.0000E+00	1.9677E+00
1.2940E+03	0.0000E+00	0.0000E+00	1.9716E+00
1.2950E+03	0.0000E+00	0.0000E+00	1.9800E+00
1.2960E+03	0.0000E+00	0.0000E+00	1.9889E+00
1.2970E+03	0.0000E+00	0.0000E+00	1.9875E+00
1.2980E+03	0.0000E+00	0.0000E+00	2.0018E+00
1.2990E+03	0.0000E+00	0.0000E+00	2.0004E+00
1.3000E+03	0.0000E+00	0.0000E+00	2.0046E+00
1.3010E+03	0.0000E+00	0.0000E+00	2.0012E+00
1.3020E+03	0.0000E+00	0.0000E+00	2.0013E+00
1.3030E+03	0.0000E+00	0.0000E+00	1.9908E+00
1.3040E+03	0.0000E+00	0.0000E+00	1.9889E+00
1.3050E+03	0.0000E+00	0.0000E+00	1.9778E+00
1.3060E+03	0.0000E+00	0.0000E+00	1.9738E+00
1.3070E+03	0.0000E+00	0.0000E+00	1.9759E+00
1.3080E+03	0.0000E+00	0.0000E+00	1.9619E+00
1.3090E+03	0.0000E+00	0.0000E+00	1.9596E+00
1.3100E+03	0.0000E+00	0.0000E+00	1.9500E+00
1.3110E+03	0.0000E+00	0.0000E+00	1.9489E+00
1.3120E+03	0.0000E+00	0.0000E+00	1.9349E+00
1.3130E+03	0.0000E+00	0.0000E+00	1.9330E+00
1.3140E+03	0.0000E+00	0.0000E+00	1.9373E+00
1.3150E+03	0.0000E+00	0.0000E+00	1.9453E+00
1.3160E+03	0.0000E+00	0.0000E+00	1.9610E+00
1.3170E+03	0.0000E+00	0.0000E+00	1.9745E+00
1.3180E+03	0.0000E+00	0.0000E+00	1.9924E+00
1.3190E+03	0.0000E+00	0.0000E+00	2.0030E+00
1.3200E+03	0.0000E+00	0.0000E+00	2.0101E+00
1.3210E+03	0.0000E+00	0.0000E+00	2.0224E+00
1.3220E+03	0.0000E+00	0.0000E+00	2.0406E+00
1.3230E+03	0.0000E+00	0.0000E+00	2.0427E+00
1.3240E+03	0.0000E+00	0.0000E+00	2.0526E+00
1.3250E+03	0.0000E+00	0.0000E+00	2.0576E+00
1.3260E+03	0.0000E+00	0.0000E+00	2.0489E+00
1.3270E+03	0.0000E+00	0.0000E+00	2.0515E+00
1.3280E+03	0.0000E+00	0.0000E+00	2.0568E+00
1.3290E+03	0.0000E+00	0.0000E+00	2.0492E+00
1.3300E+03	0.0000E+00	0.0000E+00	2.0440E+00
1.3310E+03	0.0000E+00	0.0000E+00	2.0362E+00
1.3320E+03	0.0000E+00	0.0000E+00	2.0319E+00
1.3330E+03	0.0000E+00	0.0000E+00	2.0168E+00
1.3340E+03	0.0000E+00	0.0000E+00	2.0090E+00
1.3350E+03	0.0000E+00	0.0000E+00	2.0068E+00
1.3360E+03	0.0000E+00	0.0000E+00	1.9948E+00
1.3370E+03	0.0000E+00	0.0000E+00	1.9954E+00
1.3380E+03	0.0000E+00	0.0000E+00	1.9875E+00
1.3390E+03	0.0000E+00	0.0000E+00	2.0019E+00
1.3400E+03	0.0000E+00	0.0000E+00	2.0074E+00
1.3410E+03	0.0000E+00	0.0000E+00	2.0110E+00
1.3420E+03	0.0000E+00	0.0000E+00	2.0296E+00
1.3430E+03	0.0000E+00	0.0000E+00	2.0427E+00
1.3440E+03	0.0000E+00	0.0000E+00	2.0568E+00
1.3450E+03	0.0000E+00	0.0000E+00	2.0765E+00
1.3460E+03	0.0000E+00	0.0000E+00	2.0887E+00
1.3470E+03	0.0000E+00	0.0000E+00	2.0963E+00
1.3480E+03	0.0000E+00	0.0000E+00	2.1030E+00
1.3490E+03	0.0000E+00	0.0000E+00	2.1125E+00
1.3500E+03	0.0000E+00	0.0000E+00	2.1199E+00
1.3510E+03	0.0000E+00	0.0000E+00	2.1200E+00
1.3520E+03	0.0000E+00	0.0000E+00	2.1131E+00
1.3530E+03	0.0000E+00	0.0000E+00	2.1089E+00
1.3540E+03	0.0000E+00	0.0000E+00	2.1098E+00
1.3550E+03	0.0000E+00	0.0000E+00	2.1074E+00
1.3560E+03	0.0000E+00	0.0000E+00	2.1006E+00
1.3570E+03	0.0000E+00	0.0000E+00	2.0981E+00
1.3580E+03	0.0000E+00	0.0000E+00	2.0851E+00
1.3590E+03	0.0000E+00	0.0000E+00	2.0773E+00
1.3600E+03	0.0000E+00	0.0000E+00	2.0717E+00
1.3610E+03	0.0000E+00	0.0000E+00	2.0608E+00
1.3620E+03	0.0000E+00	0.0000E+00	2.0550E+00
1.3630E+03	0.0000E+00	0.0000E+00	2.0512E+00
1.3640E+03	0.0000E+00	0.0000E+00	2.0563E+00
1.3650E+03	0.0000E+00	0.0000E+00	2.0605E+00
1.3660E+03	0.0000E+00	0.0000E+00	2.0725E+00
1.3670E+03	0.0000E+00	0.0000E+00	2.0927E+00
1.3680E+03	0.0000E+00	0.0000E+00	2.1030E+00
1.3690E+03	0.0000E+00	0.0000E+00	2.1210E+00
1.3700E+03	0.0000E+00	0.0000E+00	2.1276E+00
1.3710E+03	0.0000E+00	0.0000E+00	2.1308E+00
1.3720E+03	0.0000E+00	0.0000E+00	2.1230E+00
1.3730E+03	0.0000E+00	0.0000E+00	2.1329E+00
1.3740E+03	0.0000E+00	0.0000E+00	2.1243E+00
1.3750E+03	0.0000E+00	0.0000E+00	2.1224E+00
1.3760E+03	0.0000E+00	0.0000E+00	2.1191E+00
1.3770E+03	0.0000E+00	0.0000E+00	2.1042E+00
1.3780E+03	0.0000E+00	0.0000E+00	2.0942E+00
1.3790E+03	0.0000E+00	0.0000E+00	2.0945E+00
1.3800E+03	0.0000E+00	0.0000E+00	2.0849E+00
1.3810E+03	0.0000E+00	0.0000E+00	2.0791E+00
1.3820E+03	0.0000E+00	0.0000E+00	2.0751E+00
1.3830E+03	0.0000E+00	0.0000E+00	2.0585E+00
1.3840E+03	0.0000E+00	0.0000E+00	2.0570E+00
1.3850E+03	0.0000E+00	0.0000E+00	2.0470E+00
1.3860E+03	0.0000E+00	0.0000E+00	2.0361E+00
1.3870E+03	0.0000E+00	0.0000E+00	2.0362E+00
1.3880E+03	0.0000E+00	0.0000E+00	2.0289E+00
1.3890E+03	0.0000E+00	0.0000E+00	2.0287E+00
1.3900E+03	0.0000E+00	0.0000E+00	2.0422E+00
1.3910E+03	0.0000E+00	0.0000E+00	2.0560E+00
1.3920E+03	0.0000E+00	0.0000E+00	2.0543E+00
1.3930E+03	0.0000E+00	0.0000E+00	2.0645E+00
1.3940E+03	0.0000E+00	0.0000E+00	2.0733E+00
1.3950E+03	0.0000E+00	0.0000E+00	2.0755E+00
1.3960E+03	0.0000E+00	0.0000E+00	2.0802E+00
1.3970E+03	0.0000E+00	0.0000E+00	2.0741E+00
1.3980E+03	0.0000E+00	0.0000E+00	2.0710E+00
1.3990E+03	0.0000E+00	0.0000E+00	2.0677E+00
1.4000E+03	0.0000E+00	0.0000E+00	2.0631E+00
1.4010E+03	0.0000E+00	0.0000E+00	2.0562E+00
1.4020E+03	0.0000E+00	0.0000E+00	2.0498E+00
1.4030E+03	0.0000E+00	0.0000E+00	2.0440E+00
1.4040E+03	0.0000E+00	0.0000E+00	2.0415E+00
1.4050E+03	0.0000E+00	0.0000E+00	2.0316E+00
1.4060E+03	0.0000E+00	0.0000E+00	2.0234E+00
1.4070E+03	0.0000E+00	0.0000E+00	2.0121E+00
1.4080E+03	0.0000E+00	0.0000E+00	2.0087E+00
1.4090E+03	0.0000E+00	0.0000E+00	1.9941E+00
1.4100E+03	0.0000E+00	0.0000E+00	1.9946E+00
1.4110E+03	0.0000E+00	0.0000E+00	1.9868E+00
1.4120E+03	0.0000E+00	0.0000E+00	2.0055E+00
1.4130E+03	0.0000E+00	0.0000E+00	2.0062E+00
1.4140E+03	0.0000E+00	0.0000E+00	2.0053E+00
1.4150E+03	0.0000E+00	0.0000E+00	2.0241E+00
1.4160E+03	0.0000E+00	0.0000E+00	2.0333E+00
1.4170E+03	0.0000E+00	0.0000E+00	2.0444E+00
1.4180E+03	0.0000E+00	0.0000E+00	2.0599E+00
1.4190E+03	0.0000E+00	0.0000E+00	2.0520E+00
1.4200E+03	0.0000E+00	0.0000E+00	2.0581E+00
1.4210E+03	0.0000E+00	0.0000E+00	2.0612E+00
1.4220E+03	0.0000E+00	0.0000E+00	2.0584E+00
1.4230E+03	0.0000E+00	0.0000E+00	2.0553E+00
1.4240E+03	0.0000E+00	0.0000E+00	2.0491E+00
1.4250E+03	0.0000E+00	0.0000E+00	2.0581E+00
1.4260E+03	0.0000E+00	0.0000E+00	2.0537E+00
1.4270E+03	0.0000E+00	0.0000E+00	2.0399E+00
1.4280E+03	0.0000E+00	0.0000E+00	2.0330E+00
1.4290E+03	0.0000E+00	0.0000E+00	2.0237E+00
1.4300E+03	0.0000E+00	0.0000E+00	2.0116E+00
1.4310E+03	0.0000E+00	0.0000E+00	2.0103E+00
1.4320E+03	0.0000E+00	0.0000E+00	2.0012E+00
1.4330E+03	0.0000E+00	0.0000E+00	1.9960E+00
1.4340E+03	0.0000E+00	0.0000E+00	1.9874E+00
1.4350E+03	0.0000E+00	0.0000E+00	1.9870E+00
1.4360E+03	0.0000E+00	0.0000E+00	1.9963E+00
1.4370E+03	0.0000E+00	0.0000E+00	2.0005E+00
1.4380E+03	0.0000E+00	0.0000E+00	1.9963E+00
1.4390E+03	0.0000E+00	0.0000E+00	2.0106E+00
1.4400E+03	0.0000E+00	0.0000E+00	2.0141E+00
1.4410E+03	0.0000E+00	0.0000E+00	2.0164E+00
1.4420E+03	0.0000E+00	0.0000E+00	2.0168E+00
1.4430E+03	0.0000E+00	0.0000E+00	2.0127E+00
1.4440E+03	0.0000E+00	0.0000E+00	2.0143E+00
1.4450E+03	0.0000E+00	0.0000E+00	2.0127E+00
1.4460E+03	0.0000E+00	0.0000E+00	2.0037E+00
1.4470E+03	0.0000E+00	0.0000E+00	2.0075E+00
1.4480E+03	0.0000E+00	0.0000E+00	1.9963E+00
1.4490E+03	0.0000E+00	0.0000E+00	1.9975E+00
1.4500E+03	0.0000E+00	0.0000E+00	1.9966E+00
1.4510E+03	0.0000E+00	0.0000E+00	1.9879E+00
1.4520E+03	0.0000E+00	0.0000E+00	1.9832E+00
1.4530E+03	0.0000E+00	0.0000E+00	1.9744E+00
1.4540E+03	0.0000E+00	0.0000E+00	1.9680E+00
1.4550E+03	0.0000E+00	0.0000E+00	1.9565E+00
1.4560E+03	0.0000E+00	0.0000E+00	1.9594E+00
1.4570E+03	0.0000E+00	0.0000E+00	1.9554E+00
1.4580E+03	0.0000E+00	0.0000E+00	1.9538E+00
1.4590E+03	0.0000E+00	0.0000E+00	1.9602E+00
1.4600E+03	0.0000E+00	0.0000E+00	1.9661E+00
1.4610E+03	0.0000E+00	0.0000E+00	1.9728E+00
1.4620E+03	0.0000E+00	0.0000E+00	1.9718E+00
1.4630E+03	0.0000E+00	0.0000E+00	1.9694E+00
1.4640E+03	0.0000E+00	0.0000E+00	1.9739E+00
1.4650E+03	0.0000E+00	0.0000E+00	1.9801E+00
1.4660E+03	0.0000E+00	0.0000E+00	1.9686E+00
1.4670E+03	0.0000E+00	0.0000E+00	1.9827E+00
1.4680E+03	0.0000E+00	0.0000E+00	1.9790E+00
1.4690E+03	0.0000E+00	0.0000E+00	1.9797E+00
1.4700E+03	0.0000E+00	0.0000E+00	1.9795E+00
1.4710E+03	0.0000E+00	0.0000E+00	1.9776E+00
1.4720E+03	0.0000E+00	0.0000E+00	1.9734E+00
1.4730E+03	0.0000E+00	0.0000E+00	1.9696E+00
1.4740E+03	0.0000E+00	0.0000E+00	1.9609E+00
1.4750E+03	0.0000E+00	0.0000E+00	1.9562E+00
1.4760E+03	0.0000E+00	0.0000E+00	1.9502E+00
1.4770E+03	0.0000E+00	0.0000E+00	1.9392E+00
1.4780E+03	0.0000E+00	0.0000E+00	1.9327E+00
1.4790E+03	0.0000E+00	0.0000E+00	1.9341E+00
1.4800E+03	0.0000E+00	0.0000E+00	1.9349E+00
1.4810E+03	0.0000E+00	0.0000E+00	1.9297E+00
1.4820E+03	0.0000E+00	0.0000E+00	1.9259E+00
1.4830E+03	0.0000E+00	0.0000E+00	1.9290E+00
1.4840E+03	0.0000E+00	0.0000E+00	1.9361E+00
1.4850E+03	0.0000E+00	0.0000E+00	1.9536E+00
1.4860E+03	0.0000E+00	0.0000E+00	1.9590E+00
1.4870E+03	0.0000E+00	0.0000E+00	1.9736E+00
1.4880E+03	0.0000E+00	0.0000E+00	1.9849E+00
1.4890E+03	0.0000E+00	0.0000E+00	1.9932E+00
1.4900E+03	0.0000E+00	0.0000E+00	1.9977E+00
1.4910E+03	0.0000E+00	0.0000E+00	2.0149E+00
1.4920E+03	0.0000E+00	0.0000E+00	2.0195E+00
1.4930E+03	0.0000E+00	0.0000E+00	2.0167E+00
1.4940E+03	0.0000E+00	0.0000E+00	2.0165E+00
1.4950E+03	0.0000E+00	0.0000E+00	2.0076E+00
1.4960E+03	0.0000E+00	0.0000E+00	2.0032E+00
1.4970E+03	0.0000E+00	0.0000E+00	1.9984E+00
1.4980E+03	0.0000E+00	0.0000E+00	1.9889E+00
1.4990E+03	0.0000E+00	0.0000E+00	1.9909E+00
1.5000E+03	0.0000E+00	0.0000E+00	1.9767E+00
1.5010E+03	0.0000E+00	0.0000E+00	1.9730E+00
1.5020E+03	0.0000E+00	0.0000E+00	1.9638E+00
1.5030E+03	0.0000E+00	0.0000E+00	1.9565E+00
1.5040E+03	0.0000E+00	0.0000E+00	1.9594E+00
1.5050E+03	0.0000E+00	0.0000E+00	1.9484E+00
1.5060E+03	0.0000E+00	0.0000E+00	1.9451E+00
1.5070E+03	0.0000E+00	0.0000E+00	1.9497E+00
1.5080E+03	0.0000E+00	0.0000E+00	1.9568E+00
1.5090E+03	0.0000E+00	0.0000E+00	1.9675E+00
1.5100E+03	0.0000E+00	0.0000E+00	1.9792E+00
1.5110E+03	0.0000E+00	0.0000E+00	1.9935E+00
1.5120E+03	0.0000E+00	0.0000E+00	2.0064E+00
1.5130E+03	0.0000E+00	0.0000E+00	2.0171E+00
1.5140E+03	0.0000E+00	0.0000E+00	2.0163E+00
1.5150E+03	0.0000E+00	0.0000E+00	2.0288E+00
1.5160E+03	0.0000E+00	0.0000E+00	2.0350E+00
1.5170E+03	0.0000E+00	0.0000E+00	2.0240E+00
1.5180E+03	0.0000E+00	0.0000E+00	2.0316E+00
1.5190E+03	0.0000E+00	0.0000E+00	2.0195E+00
1.5200E+03	0.0000E+00	0.0000E+00	2.0188E+00
1.5210E+03	0.0000E+00	0.0000E+00	2.0123E+00
1.5220E+03	0.0000E+00	0.0000E+00	1.9995E+00
1.5230E+03	0.0000E+00	0.0000E+00	1.9971E+00
1.5240E+03	0.0000E+00	0.0000E+00	1.9863E+00
1.5250E+03	0.0000E+00	0.0000E+00	1.9804E+00
1.5260E+03	0.0000E+00	0.0000E+00	1.9772E+00
1.5270E+03	0.0000E+00	0.0000E+00	1.9605E+00
1.5280E+03	0.0000E+00	0.0000E+00	1.9515E+00
1.5290E+03	0.0000E+00	0.0000E+00	1.9453E+00
1.5300E+03	0.0000E+00	0.0000E+00	1.9429E+00
1.5310E+03	0.0000E+00	0.0000E+00	1.9438E+00
1.5320E+03	0.0000E+00	0.0000E+00	1.9397E+00
1.5330E+03	0.0000E+00	0.0000E+00	1.9445E+00
1.5340E+03	0.0000E+00	0.0000E+00	1.9548E+00
1.5350E+03	0.0000E+00	0.0000E+00	1.9645E+00
1.5360E+03	0.0000E+00	0.0000E+00	1.9670E+00
1.5370E+03	0.0000E+00	0.0000E+00	1.9803E+00
1.5380E+03	0.0000E+00	0.0000E+00	1.9910E+00
1.5390E+03	0.0000E+00	0.0000E+00	1.9894E+00
1.5400E+03	0.0000E+00	0.0000E+00	1.9912E+00
1.5410E+03	0.0000E+00	0.0000E+00	1.9972E+00
1.5420E+03	0.0000E+00	0.0000E+00	1.9885E+00
1.5430E+03	0.0000E+00	0.0000E+00	1.9892E+00
1.5440E+03	0.0000E+00	0.0000E+00	1.9792E+00
1.5450E+03	0.0000E+00	0.0000E+00	1.9846E+00
1.5460E+03	0.0000E+00	0.0000E+00	1.9774E+00
1.5470E+03	0.0000E+00	0.0000E+00	1.9755E+00
1.5480E+03	0.0000E+00	0.0000E+00	1.9638E+00
1.5490E+03	0.0000E+00	0.0000E+00	1.9555E+00
1.5500E+03	0.0000E+00	0.0000E+00	1.9513E+00
1.5510E+03	0.0000E+00	0.0000E+00	1.9485E+00
1.5520E+03	0.0000E+00	0.0000E+00	1.9425E+00
1.5530E+03	0.0000E+00	0.0000E+00	1.9338E+00
1.5540E+03	0.0000E+00	0.0000E+00	1.9290E+00
1.5550E+03	0.0000E+00	0.0000E+00	1.9379E+00
1.5560E+03	0.0000E+00	0.0000E+00	1.9354E+00
1.5570E+03	0.0000E+00	0.0000E+00	1.9448E+00
1.5580E+03	0.0000E+00	0.0000E+00	1.9359E+00
1.5590E+03	0.0000E+00	0.0000E+00	1.9334E+00
1.5600E+03	0.0000E+00	0.0000E+00	1.9209E+00
1.5610E+03	0.0000E+00	0.0000E+00	1.9060E+00
1.5620E+03	0.0000E+00	0.0000E+00	1.8991E+00
1.5630E+03	0.0000E+00	0.0000E+00	1.8893E+00
1.5640E+03	0.0000E+00	0.0000E+00	1.8841E+00
1.5650E+03	0.0000E+00	0.0000E+00	1.8748E+00
1.5660E+03	0.0000E+00	0.0000E+00	1.8642E+00
1.5670E+03	0.0000E+00	0.0000E+00	1.8557E+00
1.5680E+03	0.0000E+00	0.0000E+00	1.8530E+00
1.5690E+03	0.0000E+00	0.0000E+00	1.8503E+00
1.5700E+03	0.0000E+00	0.0000E+00	1.8413E+00
1.5710E+03	0.0000E+00	0.0000E+00	1.8416E+00
1.5720E+03	0.0000E+00	0.0000E+00	1.8288E+00
1.5730E+03	0.0000E+00	0.0000E+00	1.8289E+00
1.5740E+03	0.0000E+00	0.0000E+00	1.8207E+00
1.5750E+03	0.0000E+00	0.0000E+00	1.8190E+00
1.5760E+03	0.0000E+00	0.0000E+00	1.8177E+00
1.5770E+03	0.0000E+00	0.0000E+00	1.8092E+00
1.5780E+03	0.0000E+00	0.0000E+00	1.8054E+00
1.5790E+03	0.0000E+00	0.0000E+00	1.8013E+00
1.5800E+03	0.0000E+00	0.0000E+00	1.7945E+00
1.5810E+03	0.0000E+00	0.0000E+00	1.7964E+00
1.5820E+03	0.0000E+00	0.0000E+00	1.7844E+00
1.5830E+03	0.0000E+00	0.0000E+00	1.7812E+00
1.5840E+03	0.0000E+00	0.0000E+00	1.7801E+00
1.5850E+03	0.0000E+00	0.0000E+00	1.7776E+00
1.5860E+03	0.0000E+00	0.0000E+00	1.7787E+00
1.5870E+03	0.0000E+00	0.0000E+00	1.7676E+00
1.5880E+03	0.0000E+00	0.0000E+00	1.7661E+00
1.5890E+03	0.0000E+00	0.0000E+00	1.7592E+00
1.5900E+03	0.0000E+00	0.0000E+00	1.7527E+00
1.5910E+03	0.0000E+00	0.0000E+00	1.7485E+00
1.5920E+03	0.0000E+00	0.0000E+00	1.7511E+00
1.5930E+03	0.0000E+00	0.0000E+00	1.7470E+00
1.5940E+03	0.0000E+00	0.0000E+00	1.7447E+00
1.5950E+03	0.0000E+00	0.0000E+00	1.7438E+00
1.5960E+03	0.0000E+00	0.0000E+00	1.7415E+00
1.5970E+03	0.0000E+00	0.0000E+00	1.7396E+00
1.5980E+03	0.0000E+00	0.0000E+00	1.7354E+00
1.5990E+03	0.0000E+00	0.0000E+00	1.7302E+00
1.6000E+03	0.0000E+00	0.0000E+00	1.7256E+00
1.6010E+03	0.0000E+00	0.0000E+00	1.7164E+00
1.6020E+03	0.0000E+00	0.0000E+00	1.7196E+00
1.6030E+03	0.0000E+00	0.0000E+00	1.7206E+00
1.6040E+03	0.0000E+00	0.0000E+00	1.7258E+00
1.6050E+03	0.0000E+00	0.0000E+00	1.7251E+00
1.6060E+03	0.0000E+00	0.0000E+00	1.7363E+00
1.6070E+03	0.0000E+00	0.0000E+00	1.7435E+00
1.6080E+03	0.0000E+00	0.0000E+00	1.7471E+00
1.6090E+03	0.0000E+00	0.0000E+00	1.7496E+00
1.6100E+03	0.0000E+00	0.0000E+00	1.7486E+00
1.6110E+03	0.0000E+00	0.0000E+00	1.7512E+00
1.6120E+03	0.0000E+00	0.0000E+00	1.7502E+00
1.6130E+03	0.0000E+00	0.0000E+00	1.7447E+00
1.6140E+03	0.0000E+00	0.0000E+00	1.7389E+00
1.6150E+03	0.0000E+00	0.0000E+00	1.7363E+00
1.6160E+03	0.0000E+00	0.0000E+00	1.7346E+00
1.6170E+03	0.0000E+00	0.0000E+00	1.7330E+00
1.6180E+03	0.0000E+00	0.0000E+00	1.7343E+00
1.6190E+03	0.0000E+00	0.0000E+00	1.7310E+00
1.6200E+03	0.0000E+00	0.0000E+00	1.7300E+00
1.6210E+03	0.0000E+00	0.0000E+00	1.7254E+00
1.6220E+03	0.0000E+00	0.0000E+00	1.7244E+00
1.6230E+03	0.0000E+00	0.0000E+00	1.7166E+00
1.6240E+03	0.0000E+00	0.0000E+00	1.7167E+00
1.6250E+03	0.0000E+00	0.0000E+00	1.7169E+00
1.6260E+03	0.0000E+00	0.0000E+00	1.7144E+00
1.6270E+03	0.0000E+00	0.0000E+00	1.7165E+00
1.6280E+03	0.0000E+00	0.0000E+00	1.7213E+00
1.6290E+03	0.0000E+00	0.0000E+00	1.7282E+00
1.6300E+03	0.0000E+00	0.0000E+00	1.7439E+00
1.6310E+03	0.0000E+00	0.0000E+00	1.7545E+00
1.6320E+03	0.0000E+00	0.0000E+00	1.7741E+00
1.6330E+03	0.0000E+00	0.0000E+00	1.7831E+00
1.6340E+03	0.0000E+00	0.0000E+00	1.7833E+00
1.6350E+03	0.0000E+00	0.0000E+00	1.7901E+00
1.6360E+03	0.0000E+00	0.0000E+00	1.7860E+00
1.6370E+03	0.0000E+00	0.0000E+00	1.7885E+00
1.6380E+03	0.0000E+00	0.0000E+00	1.7813E+00
1.6390E+03	0.0000E+00	0.0000E+00	1.7823E+00
1.6400E+03	0.0000E+00	0.0000E+00	1.7776E+00
1.6410E+03	0.0000E+00	0.0000E+00	1.7716E+00
1.6420E+03	0.0000E+00	0.0000E+00	1.7701E+00
1.6430E+03	0.0000E+00	0.0000E+00	1.7654E+00
1.6440E+03	0.0000E+00	0.0000E+00	1.7626E+00
1.6450E+03	0.0000E+00	0.0000E+00	1.7565E+00
1.6460E+03	0.0000E+00	0.0000E+00	1.7563E+00
1.6470E+03	0.0000E+00	0.0000E+00	1.7502E+00
1.6480E+03	0.0000E+00	0.0000E+00	1.7432E+00
1.6490E+03	0.0000E+00	0.0000E+00	1.7456E+00
1.6500E+03	0.0000E+00	0.0000E+00	1.7475E+00
1.6510E+03	0.0000E+00	0.0000E+00	1.7529E+00
1.6520E+03	0.0000E+00	0.0000E+00	1.7698E+00
1.6530E+03	0.0000E+00	0.0000E+00	1.7928E+00
1.6540E+03	0.0000E+00	0.0000E+00	1.8172E+00
1.6550E+03	0.0000E+00	0.0000E+00	1.8337E+00
1.6560E+03	0.0000E+00	0.0000E+00	1.8541E+00
1.6570E+03	0.0000E+00	0.0000E+00	1.8630E+00
1.6580E+03	0.0000E+00	0.0000E+00	1.8659E+00
1.6590E+03	0.0000E+00	0.0000E+00	1.8711E+00
1.6600E+03	0.0000E+00	0.0000E+00	1.8697E+00
1.6610E+03	0.0000E+00	0.0000E+00	1.8633E+00
1.6620E+03	0.0000E+00	0.0000E+00	1.8586E+00
1.6630E+03	0.0000E+00	0.0000E+00	1.8612E+00
1.6640E+03	0.0000E+00	0.0000E+00	1.8535E+00
1.6650E+03	0.0000E+00	0.0000E+00	1.8519E+00
1.6660E+03	0.0000E+00	0.0000E+00	1.8412E+00
1.6670E+03	0.0000E+00	0.0000E+00	1.8404E+00
1.6680E+03	0.0000E+00	0.0000E+00	1.8343E+00
1.6690E+03	0.0000E+00	0.0000E+00	1.8239E+00
1.6700E+03	0.0000E+00	0.0000E+00	1.8211E+00
1.6710E+03	0.0000E+00	0.0000E+00	1.8110E+00
1.6720E+03	0.0000E+00	0.0000E+00	1.8083E+00
1.6730E+03	0.0000E+00	0.0000E+00	1.8054E+00
1.6740E+03	0.0000E+00	0.0000E+00	1.8028E+00
1.6750E+03	0.0000E+00	0.0000E+00	1.8199E+00
1.6760E+03	0.0000E+00	0.0000E+00	1.8326E+00
1.6770E+03	0.0000E+00	0.0000E+00	1.8603E+00
1.6780E+03	0.0000E+00	0.0000E+00	1.8857E+00
1.6790E+03	0.0000E+00	0.0000E+00	1.9039E+00
1.6800E+03	0.0000E+00	0.0000E+00	1.9144E+00
1.6810E+03	0.0000E+00	0.0000E+00	1.9276E+00
1.6820E+03	0.0000E+00	0.0000E+00	1.9368E+00
1.6830E+03	0.0000E+00	0.0000E+00	1.9414E+00
1.6840E+03	0.0000E+00	0.0000E+00	1.9441E+00
1.6850E+03	0.0000E+00	0.0000E+00	1.9437E+00
1.6860E+03	0.0000E+00	0.0000E+00	1.9338E+00
1.6870E+03	0.0000E+00	0.0000E+00	1.9332E+00
1.6880E+03	0.0000E+00	0.0000E+00	1.9309E+00
1.6890E+03	0.0000E+00	0.0000E+00	1.9196E+00
1.6900E+03	0.0000E+00	0.0000E+00	1.9114E+00
1.6910E+03	0.0000E+00	0.0000E+00	1.9069E+00
1.6920E+03	0.0000E+00	0.0000E+00	1.8984E+00
1.6930E+03	0.0000E+00	0.0000E+00	1.8924E+00
1.6940E+03	0.0000E+00	0.0000E+00	1.8822E+00
1.6950E+03	0.0000E+00	0.0000E+00	1.8691E+00
1.6960E+03	0.0000E+00	0.0000E+00	1.8602E+00
1.6970E+03	0.0000E+00	0.0000E+00	1.8624E+00
1.6980E+03	0.0000E+00	0.0000E+00	1.8633E+00
1.6990E+03	0.0000E+00	0.0000E+00	1.8758E+00
1.7000E+03	0.0000E+00	0.0000E+00	1.8977E+00
1.7010E+03	0.0000E+00	0.0000E+00	1.9170E+00
1.7020E+03	0.0000E+00	0.0000E+00	1.9327E+00
1.7030E+03	0.0000E+00	0.0000E+00	1.9461E+00
1.7040E+03	0.0000E+00	0.0000E+00	1.9638E+00
1.7050E+03	0.0000E+00	0.0000E+00	1.9863E+00
1.7060E+03	0.0000E+00	0.0000E+00	1.9934E+00
1.7070E+03	0.0000E+00	0.0000E+00	2.0049E+00
1.7080E+03	0.0000E+00	0.0000E+00	2.0094E+00
1.7090E+03	0.0000E+00	0.0000E+00	2.0086E+00
1.7100E+03	0.0000E+00	0.0000E+00	2.0142E+00
1.7110E+03	0.0000E+00	0.0000E+00	2.0075E+00
1.7120E+03	0.0000E+00	0.0000E+00	1.9945E+00
1.7130E+03	0.0000E+00	0.0000E+00	1.9976E+00
1.7140E+03	0.0000E+00	0.0000E+00	1.9800E+00
1.7150E+03	0.0000E+00	0.0000E+00	1.9750E+00
1.7160E+03	0.0000E+00	0.0000E+00	1.9587E+00
1.7170E+03	0.0000E+00	0.0000E+00	1.9499E+00
1.7180E+03	0.0000E+00	0.0000E+00	1.9429E+00
1.7190E+03	0.0000E+00	0.0000E+00	1.9335E+00
1.7200E+03	0.0000E+00	0.0000E+00	1.9319E+00
1.7210E+03	0.0000E+00	0.0000E+00	1.9109E+00
1.7220E+03	0.0000E+00	0.0000E+00	1.9046E+00
1.7230E+03	0.0000E+00	0.0000E+00	1.9122E+00
1.7240E+03	0.0000E+00	0.0000E+00	1.9347E+00
1.7250E+03	0.0000E+00	0.0000E+00	1.9578E+00
1.7260E+03	0.0000E+00	0.0000E+00	1.9722E+00
1.7270E+03	0.0000E+00	0.0000E+00	1.9838E+00
1.7280E+03	0.0000E+00	0.0000E+00	1.9991E+00
1.7290E+03	0.0000E+00	0.0000E+00	2.0025E+00
1.7300E+03	0.0000E+00	0.0000E+00	2.0117E+00
1.7310E+03	0.0000E+00	0.0000E+00	2.0181E+00
1.7320E+03	0.0000E+00	0.0000E+00	2.0232E+00
1.7330E+03	0.0000E+00	0.0000E+00	2.0180E+00
1.7340E+03	0.0000E+00	0.0000E+00	2.0094E+00
1.7350E+03	0.0000E+00	0.0000E+00	1.9965E+00
1.7360E+03	0.0000E+00	0.0000E+00	2.0001E+00
1.7370E+03	0.0000E+00	0.0000E+00	1.9868E+00
1.7380E+03	0.0000E+00	0.0000E+00	1.9698E+00
1.7390E+03	0.0000E+00	0.0000E+00	1.9670E+00
1.7400E+03	0.0000E+00	0.0000E+00	1.9611E+00
1.7410E+03	0.0000E+00	0.0000E+00	1.9563E+00
1.7420E+03	0.0000E+00	0.0000E+00	1.9376E+00
1.7430E+03	0.0000E+00	0.0000E+00	1.9307E+00
1.7440E+03	0.0000E+00	0.0000E+00	1.9194E+00
1.7450E+03	0.0000E+00	0.0000E+00	1.9155E+00
1.7460E+03	0.0000E+00	0.0000E+00	1.9218E+00
1.7470E+03	0.0000E+00	0.0000E+00	1.9360E+00
1.7480E+03	0.0000E+00	0.0000E+00	1.9397E+00
1.7490E+03	0.0000E+00	0.0000E+00	1.9630E+00
1.7500E+03	0.0000E+00	0.0000E+00	1.9831E+00
1.7510E+03	0.0000E+00	0.0000E+00	1.9980E+00
1.7520E+03	0.0000E+00	0.0000E+00	2.0114E+00
1.7530E+03	0.0000E+00	0.0000E+00	2.0203E+00
1.7540E+03	0.0000E+00	0.0000E+00	2.0353E+00
1.7550E+03	0.0000E+00	0.0000E+00	2.0558E+00
1.7560E+03	0.0000E+00	0.0000E+00	2.0486E+00
1.7570E+03	0.0000E+00	0.0000E+00	2.0545E+00
1.7580E+03	0.0000E+00	0.0000E+00	2.0572E+00
1.7590E+03	0.0000E+00	0.0000E+00	2.0484E+00
1.7600E+03	0.0000E+00	0.0000E+00	2.0522E+00
1.7610E+03	0.0000E+00	0.0000E+00	2.0460E+00
1.7620E+03	0.0000E+00	0.0000E+00	2.0355E+00
1.7630E+03	0.0000E+00	0.0000E+00	2.0311E+00
1.7640E+03	0.0000E+00	0.0000E+00	2.0157E+00
1.7650E+03	0.0000E+00	0.0000E+00	2.0136E+00
1.7660E+03	0.0000E+00	0.0000E+00	1.9885E+00
1.7670E+03	0.0000E+00	0.0000E+00	1.9835E+00
1.7680E+03	0.0000E+00	0.0000E+00	1.9706E+00
1.7690E+03	0.0000E+00	0.0000E+00	1.9684E+00
1.7700E+03	0.0000E+00	0.0000E+00	1.9603E+00
1.7710E+03	0.0000E+00	0.0000E+00	1.9590E+00
1.7720E+03	0.0000E+00	0.0000E+00	1.9706E+00
1.7730E+03	0.0000E+00	0.0000E+00	1.9871E+00
1.7740E+03	0.0000E+00	0.0000E+00	1.9950E+00
1.7750E+03	0.0000E+00	0.0000E+00	2.0153E+00
1.7760E+03	0.0000E+00	0.0000E+00	2.0275E+00
1.7770E+03	0.0000E+00	0.0000E+00	2.0424E+00
1.7780E+03	0.0000E+00	0.0000E+00	2.0477E+00
1.7790E+03	0.0000E+00	0.0000E+00	2.0467E+00
1.7800E+03	0.0000E+00	0.0000E+00	2.0524E+00
1.7810E+03	0.0000E+00	0.0000E+00	2.0510E+00
1.7820E+03	0.0000E+00	0.0000E+00	2.0458E+00
1.7830E+03	0.0000E+00	0.0000E+00	2.0406E+00
1.7840E+03	0.0000E+00	0.0000E+00	2.0309E+00
1.7850E+03	0.0000E+00	0.0000E+00	2.0215E+00
1.7860E+03	0.0000E+00	0.0000E+00	2.0114E+00
1.7870E+03	0.0000E+00	0.0000E+00	2.0006E+00
1.7880E+03	0.0000E+00	0.0000E+00	1.9793E+00
1.7890E+03	0.0000E+00	0.0000E+00	1.9746E+00
1.7900E+03	0.0000E+00	0.0000E+00	1.9576E+00
1.7910E+03	0.0000E+00	0.0000E+00	1.9490E+00
1.7920E+03	0.0000E+00	0.0000E+00	1.9439E+00
1.7930E+03	0.0000E+00	0.0000E+00	1.9322E+00
1.7940E+03	0.0000E+00	0.0000E+00	1.9277E+00
1.7950E+03	0.0000E+00	0.0000E+00	1.9290E+00
1.7960E+03	0.0000E+00	0.0000E+00	1.9391E+00
1.7970E+03	0.0000E+00	0.0000E+00	1.9451E+00
1.7980E+03	0.0000E+00	0.0000E+00	1.9584E+00
1.7990E+03	0.0000E+00	0.0000E+00	1.9712E+00
1.8000E+03	0.0000E+00	0.0000E+00	1.9909E+00
1.8010E+03	0.0000E+00	0.0000E+00	1.9962E+00
1.8020E+03	0.0000E+00	0.0000E+00	2.0060E+00
1.8030E+03	0.0000E+00	0.0000E+00	2.0032E+00
1.8040E+03	0.0000E+00	0.0000E+00	2.0038E+00
1.8050E+03	0.0000E+00	0.0000E+00	1.9917E+00
1.8060E+03	0.0000E+00	0.0000E+00	1.9885E+00
1.8070E+03	0.0000E+00	0.0000E+00	1.9865E+00
1.8080E+03	0.0000E+00	0.0000E+00	1.9778E+00
1.8090E+03	0.0000E+00	0.0000E+00	1.9592E+00
1.8100E+03	0.0000E+00	0.0000E+00	1.9635E+00
1.8110E+03	0.0000E+00	0.0000E+00	1.9564E+00
1.8120E+03	0.0000E+00	0.0000E+00	1.9400E+00
1.8130E+03	0.0000E+00	0.0000E+00	1.9298E+00
1.8140E+03	0.0000E+00	0.0000E+00	1.9187E+00
1.8150E+03	0.0000E+00	0.0000E+00	1.9110E+00
1.8160E+03	0.0000E+00	0.0000E+00	1.9000E+00
1.8170E+03	0.0000E+00	0.0000E+00	1.8982E+00
1.8180E+03	0.0000E+00	0.0000E+00	1.9046E+00
1.8190E+03	0.0000E+00	0.0000E+00	1.9068E+00
1.8200E+03	0.0000E+00	0.0000E+00	1.9240E+00
1.8210E+03	0.0000E+00	0.0000E+00	1.9343E+00
1.8220E+03	0.0000E+00	0.0000E+00	1.9535E+00
1.8230E+03	0.0000E+00	0.0000E+00	1.9785E+00
1.8240E+03	0.0000E+00	0.0000E+00	1.9917E+00
1.8250E+03	0.0000E+00	0.0000E+00	1.9965E+00
1.8260E+03	0.0000E+00	0.0000E+00	1.9996E+00
1.8270E+03	0.0000E+00	0.0000E+00	1.9996E+00
1.8280E+03	0.0000E+00	0.0000E+00	2.0078E+00
1.8290E+03	0.0000E+00	0.0000E+00	1.9995E+00
1.8300E+03	0.0000E+00	0.0000E+00	1.9836E+00
1.8310E+03	0.0000E+00	0.0000E+00	1.9717E+00
1.8320E+03	0.0000E+00	0.0000E+00	1.9713E+00
1.8330E+03	0.0000E+00	0.0000E+00	1.9678E+00
1.8340E+03	0.0000E+00	0.0000E+00	1.9541E+00
1.8350E+03	0.0000E+00	0.0000E+00	1.9408E+00
1.8360E+03	0.0000E+00	0.0000E+00	1.9282E+00
1.8370E+03	0.0000E+00	0.0000E+00	1.9154E+00
1.8380E+03	0.0000E+00	0.0000E+00	1.9090E+00
1.8390E+03	0.0000E+00	0.0000E+00	1.8990E+00
1.8400E+03	0.0000E+00	0.0000E+00	1.8907E+00
1.8410E+03	0.0000E+00	0.0000E+00	1.8820E+00
1.8420E+03	0.0000E+00	0.0000E+00	1.8883E+00
1.8430E+03	0.0000E+00	0.0000E+00	1.8906E+00
1.8440E+03	0.0000E+00	0.0000E+00	1.8973E+00
1.8450E+03	0.0000E+00	0.0000E+00	1.9169E+00
1.8460E+03	0.0000E+00	0.0000E+00	1.9265E+00
1.8470E+03	0.0000E+00	0.0000E+00	1.9414E+00
1.8480E+03	0.0000E+00	0.0000E+00	1.9559E+00
1.8490E+03	0.0000E+00	0.0000E+00	1.9596E+00
1.8500E+03	0.0000E+00	0.0000E+00	1.9626E+00
1.8510E+03	0.0000E+00	0.0000E+00	1.9569E+00
1.8520E+03	0.0000E+00	0.0000E+00	1.9535E+00
1.8530E+03	0.0000E+00	0.0000E+00	1.9427E+00
1.8540E+03	0.0000E+00	0.0000E+00	1.9344E+00
1.8550E+03	0.0000E+00	0.0000E+00	1.9288E+00
1.8560E+03	0.0000E+00	0.0000E+00	1.9201E+00
1.8570E+03	0.0000E+00	0.0000E+00	1.9165E+00
1.8580E+03	0.0000E+00	0.0000E+00	1.9106E+00
1.8590E+03	0.0000E+00	0.0000E+00	1.8948E+00
1.8600E+03	0.0000E+00	0.0000E+00	1.8910E+00
1.8610E+03	0.0000E+00	0.0000E+00	1.8776E+00
1.8620E+03	0.0000E+00	0.0000E+00	1.8742E+00
1.8630E+03	0.0000E+00	0.0000E+00	1.8583E+00
1.8640E+03	0.0000E+00	0.0000E+00	1.8574E+00
1.8650E+03	0.0000E+00	0.0000E+00	1.8520E+00
1.8660E+03	0.0000E+00	0.0000E+00	1.8562E+00
1.8670E+03	0.0000E+00	0.0000E+00	1.8704E+00
1.8680E+03	0.0000E+00	0.0000E+00	1.8866E+00
1.8690E+03	0.0000E+00	0.0000E+00	1.8944E+00
1.8700E+03	0.0000E+00	0.0000E+00	1.9081E+00
1.8710E+03	0.0000E+00	0.0000E+00	1.9277E+00
1.8720E+03	0.0000E+00	0.0000E+00	1.9331E+00
1.8730E+03	0.0000E+00	0.0000E+00	1.9317E+00
1.8740E+03	0.0000E+00	0.0000E+00	1.9410E+00
1.8750E+03	0.0000E+00	0.0000E+00	1.9400E+00
1.8760E+03	0.0000E+00	0.0000E+00	1.9291E+00
1.8770E+03	0.0000E+00	0.0000E+00	1.9221E+00
1.8780E+03	0.0000E+00	0.0000E+00	1.9130E+00
1.8790E+03	0.0000E+00	0.0000E+00	1.9015E+00
1.8800E+03	0.0000E+00	0.0000E+00	1.8941E+00
1.8810E+03	0.0000E+00	0.0000E+00	1.8945E+00
1.8820E+03	0.0000E+00	0.0000E+00	1.8854E+00
1.8830E+03	0.0000E+00	0.0000E+00	1.8768E+00
1.8840E+03	0.0000E+00	0.0000E+00	1.8657E+00
1.8850E+03	0.0000E+00	0.0000E+00	1.8540E+00
1.8860E+03	0.0000E+00	0.0000E+00	1.8499E+00
1.8870E+03	0.0000E+00	0.0000E+00	1.8394E+00
1.8880E+03	0.0000E+00	0.0000E+00	1.8292E+00
1.8890E+03	0.0000E+00	0.0000E+00	1.8252E+00
1.8900E+03	0.0000E+00	0.0000E+00	1.8272E+00
1.8910E+03	0.0000E+00	0.0000E+00	1.8311E+00
1.8920E+03	0.0000E+00	0.0000E+00	1.8434E+00
1.8930E+03	0.0000E+00	0.0000E+00	1.8596E+00
1.8940E+03	0.0000E+00	0.0000E+00	1.8718E+00
1.8950E+03	0.0000E+00	0.0000E+00	1.8772E+00
1.8960E+03	0.0000E+00	0.0000E+00	1.8871E+00
1.8970E+03	0.0000E+00	0.0000E+00	1.8930E+00
1.8980E+03	0.0000E+00	0.0000E+00	1.8868E+00
1.8990E+03	0.0000E+00	0.0000E+00	1.8851E+00
1.9000E+03	0.0000E+00	0.0000E+00	1.8847E+00
1.9010E+03	0.0000E+00	0.0000E+00	1.8724E+00
1.9020E+03	0.0000E+00	0.0000E+00	1.8683E+00
1.9030E+03	0.0000E+00	0.0000E+00	1.8639E+00
1.9040E+03	0.0000E+00	0.0000E+00	1.8545E+00
1.9050E+03	0.0000E+00	0.0000E+00	1.8536E+00
1.9060E+03	0.0000E+00	0.0000E+00	1.8488E+00
1.9070E+03	0.0000E+00	0.0000E+00	1.8384E+00
1.9080E+03	0.0000E+00	0.0000E+00	1.8377E+00
1.9090E+03	0.0000E+00	0.0000E+00	1.8285E+00
1.9100E+03	0.0000E+00	0.0000E+00	1.8215E+00
1.9110E+03	0.0000E+00	0.0000E+00	1.8112E+00
1.9120E+03	0.0000E+00	0.0000E+00	1.8074E+00
1.9130E+03	0.0000E+00	0.0000E+00	1.8031E+00
1.9140E+03	0.0000E+00	0.0000E+00	1.8043E+00
1.9150E+03	0.0000E+00	0.0000E+00	1.8114E+00
1.9160E+03	0.0000E+00	0.0000E+00	1.8222E+00
1.9170E+03	0.0000E+00	0.0000E+00	1.8194E+00
1.9180E+03	0.0000E+00	0.0000E+00	1.8304E+00
1.9190E+03	0.0000E+00	0.0000E+00	1.8354E+00
1.9200E+03	0.0000E+00	0.0000E+00	1.8366E+00
1.9210E+03	0.0000E+00	0.0000E+00	1.8384E+00
1.9220E+03	0.0000E+00	0.0000E+00	1.8386E+00
1.9230E+03	0.0000E+00	0.0000E+00	1.8382E+00
1.9240E+03	0.0000E+00	0.0000E+00	1.8262E+00
1.9250E+03	0.0000E+00	0.0000E+00	1.8270E+00
1.9260E+03	0.0000E+00	0.0000E+00	1.8256E+00
1.9270E+03	0.0000E+00	0.0000E+00	1.8160E+00
1.9280E+03	0.0000E+00	0.0000E+00	1.8141E+00
1.9290E+03	0.0000E+00	0.0000E+00	1.8144E+00
1.9300E+03	0.0000E+00	0.0000E+00	1.8100E+00
1.9310E+03	0.0000E+00	0.0000E+00	1.8100E+00
1.9320E+03	0.0000E+00	0.0000E+00	1.8113E+00
1.9330E+03	0.0000E+00	0.0000E+00	1.8093E+00
1.9340E+03	0.0000E+00	0.0000E+00	1.8027E+00
1.9350E+03	0.0000E+00	0.0000E+00	1.7972E+00
1.9360E+03	0.0000E+00	0.0000E+00	1.7912E+00
1.9370E+03	0.0000E+00	0.0000E+00	1.7910E+00
1.9380E+03	0.0000E+00	0.0000E+00	1.7901E+00
1.9390E+03	0.0000E+00	0.0000E+00	1.7973E+00
1.9400E+03	0.0000E+00	0.0000E+00	1.8158E+00
1.9410E+03	0.0000E+00	0.0000E+00	1.8302E+00
1.9420E+03	0.0000E+00	0.0000E+00	1.8445E+00
1.9430E+03	0.0000E+00	0.0000E+00	1.8545E+00
1.9440E+03	0.0000E+00	0.0000E+00	1.8569E+00
1.9450E+03	0.0000E+00	0.0000E+00	1.8640E+00
1.9460E+03	0.0000E+00	0.0000E+00	1.8621E+00
1.9470E+03	0.0000E+00	0.0000E+00	1.8520E+00
1.9480E+03	0.0000E+00	0.0000E+00	1.8552E+00
1.9490E+03	0.0000E+00	0.0000E+00	1.8472E+00
1.9500E+03	0.0000E+00	0.0000E+00	1.8365E+00
1.9510E+03	0.0000E+00	0.0000E+00	1.8310E+00
1.9520E+03	0.0000E+00	0.0000E+00	1.8251E+00
1.9530E+03	0.0000E+00	0.0000E+00	1.8177E+00
1.9540E+03	0.0000E+00	0.0000E+00	1.8142E+00
1.9550E+03	0.0000E+00	0.0000E+00	1.8084E+00
1.9560E+03	0.0000E+00	0.0000E+00	1.7996E+00
1.9570E+03	0.0000E+00	0.0000E+00	1.7904E+00
1.9580E+03	0.0000E+00	0.0000E+00	1.7808E+00
1.9590E+03	0.0000E+00	0.0000E+00	1.7698E+00
1.9600E+03	0.0000E+00	0.0000E+00	1.7665E+00
1.9610E+03	0.0000E+00	0.0000E+00	1.7641E+00
1.9620E+03	0.0000E+00	0.0000E+00	1.7663E+00
1.9630E+03	0.0000E+00	0.0000E+00	1.7693E+00
1.9640E+03	0.0000E+00	0.0000E+00	1.7817E+00
1.9650E+03	0.0000E+00	0.0000E+00	1.7960E+00
1.9660E+03	0.0000E+00	0.0000E+00	1.8036E+00
1.9670E+03	0.0000E+00	0.0000E+00	1.8215E+00
1.9680E+03	0.0000E+00	0.0000E+00	1.8247E+00
1.9690E+03	0.0000E+00	0.0000E+00	1.8188E+00
1.9700E+03	0.0000E+00	0.0000E+00	1.8223E+00
1.9710E+03	0.0000E+00	0.0000E+00	1.8123E+00
1.9720E+03	0.0000E+00	0.0000E+00	1.8103E+00
1.9730E+03	0.0000E+00	0.0000E+00	1.7989E+00
1.9740E+03	0.0000E+00	0.0000E+00	1.7967E+00
1.9750E+03	0.0000E+00	0.0000E+00	1.7908E+00
1.9760E+03	0.0000E+00	0.0000E+00	1.7865E+00
1.9770E+03	0.0000E+00	0.0000E+00	1.7773E+00
1.9780E+03	0.0000E+00	0.0000E+00	1.7788E+00
1.9790E+03	0.0000E+00	0.0000E+00	1.7712E+00
1.9800E+03	0.0000E+00	0.0000E+00	1.7621E+00
1.9810E+03	0.0000E+00	0.0000E+00	1.7552E+00
1.9820E+03	0.0000E+00	0.0000E+00	1.7504E+00
1.9830E+03	0.0000E+00	0.0000E+00	1.7427E+00
1.9840E+03	0.0000E+00	0.0000E+00	1.7375E+00
1.9850E+03	0.0000E+00	0.0000E+00	1.7344E+00
1.9860E+03	0.0000E+00	0.0000E+00	1.7391E+00
1.9870E+03	0.0000E+00	0.0000E+00	1.7451E+00
1.9880E+03	0.0000E+00	0.0000E+00	1.7558E+00
1.9890E+03	0.0000E+00	0.0000E+00	1.7800E+00
1.9900E+03	0.0000E+00	0.0000E+00	1.7935E+00
1.9910E+03	0.0000E+00	0.0000E+00	1.8101E+00
1.9920E+03	0.0000E+00	0.0000E+00	1.8133E+00
1.9930E+03	0.0000E+00	0.0000E+00	1.8175E+00
1.9940E+03	0.0000E+00	0.0000E+00	1.8163E+00
1.9950E+03	0.0000E+00	0.0000E+00	1.8176E+00
1.9960E+03	0.0000E+00	0.0000E+00	1.8062E+00
1.9970E+03	0.0000E+00	0.0000E+00	1.8063E+00
1.9980E+03	0.0000E+00	0.0000E+00	1.7980E+00
1.9990E+03	0.0000E+00	0.0000E+00	1.7878E+00
2.0000E+03	0.0000E+00	0.0000E+00	1.7899E+00
2.0010E+03	0.0000E+00	0.0000E+00	1.7843E+00
2.0020E+03	0.0000E+00	0.0000E+00	1.7706E+00
2.0030E+03	0.0000E+00	0.0000E+00	1.7668E+00
2.0040E+03	0.0000E+00	0.0000E+00	1.7580E+00
2.0050E+03	0.0000E+00	0.0000E+00	1.7507E+00
2.0060E+03	0.0000E+00	0.0000E+00	1.7426E+00
2.0070E+03	0.0000E+00	0.0000E+00	1.7347E+00
2.0080E+03	0.0000E+00	0.0000E+00	1.7308E+00
2.0090E+03	0.0000E+00	0.0000E+00	1.7326E+00
2.0100E+03	0.0000E+00	0.0000E+00	1.7357E+00
2.0110E+03	0.0000E+00	0.0000E+00	1.7499E+00
2.0120E+03	0.0000E+00	0.0000E+00	1.7659E+00
2.0130E+03	0.0000E+00	0.0000E+00	1.7843E+00
2.0140E+03	0.0000E+00	0.0000E+00	1.7945E+00
2.0150E+03	0.0000E+00	0.0000E+00	1.8069E+00
2.0160E+03	0.0000E+00	0.0000E+00	1.8110E+00
2.0170E+03	0.0000E+00	0.0000E+00	1.8109E+00
2.0180E+03	0.0000E+00	0.0000E+00	1.8123E+00
2.0190E+03	0.0000E+00	0.0000E+00	1.8125E+00
2.0200E+03	0.0000E+00	0.0000E+00	1.8030E+00
2.0210E+03	0.0000E+00	0.0000E+00	1.7935E+00
2.0220E+03	0.0000E+00	0.0000E+00	1.7918E+00
2.0230E+03	0.0000E+00	0.0000E+00	1.7832E+00
2.0240E+03	0.0000E+00	0.0000E+00	1.7747E+00
2.0250E+03	0.0000E+00	0.0000E+00	1.7708E+00
2.0260E+03	0.0000E+00	0.0000E+00	1.7646E+00
2.0270E+03	0.0000E+00	0.0000E+00	1.7610E+00
2.0280E+03	0.0000E+00	0.0000E+00	1.7470E+00
2.0290E+03	0.0000E+00	0.0000E+00	1.7444E+00
2.0300E+03	0.0000E+00	0.0000E+00	1.7343E+00
2.0310E+03	0.0000E+00	0.0000E+00	1.7338E+00
2.0320E+03	0.0000E+00	0.0000E+00	1.7270E+00
2.0330E+03	0.0000E+00	0.0000E+00	1.7313E+00
2.0340E+03	0.0000E+00	0.0000E+00	1.7299E+00
2.0350E+03	0.0000E+00	0.0000E+00	1.7361E+00
2.0360E+03	0.0000E+00	0.0000E+00	1.7504E+00
2.0370E+03	0.0000E+00	0.0000E+00	1.7605E+00
2.0380E+03	0.0000E+00	0.0000E+00	1.7795E+00
2.0390E+03	0.0000E+00	0.0000E+00	1.7832E+00
2.0400E+03	0.0000E+00	0.0000E+00	1.7937E+00
2.0410E+03	0.0000E+00	0.0000E+00	1.7985E+00
2.0420E+03	0.0000E+00	0.0000E+00	1.8059E+00
2.0430E+03	0.0000E+00	0.0000E+00	1.7961E+00
2.0440E+03	0.0000E+00	0.0000E+00	1.7927E+00
2.0450E+03	0.0000E+00	0.0000E+00	1.7914E+00
2.0460E+03	0.0000E+00	0.0000E+00	1.7829E+00
2.0470E+03	0.0000E+00	0.0000E+00	1.7727E+00
2.0480E+03	0.0000E+00	0.0000E+00	1.7656E+00
2.0490E+03	0.0000E+00	0.0000E+00	1.7626E+00
2.0500E+03	0.0000E+00	0.0000E+00	1.7535E+00
2.0510E+03	0.0000E+00	0.0000E+00	1.7516E+00
2.0520E+03	0.0000E+00	0.0000E+00	1.7426E+00
2.0530E+03	0.0000E+00	0.0000E+00	1.7357E+00
2.0540E+03	0.0000E+00	0.0000E+00	1.7276E+00
2.0550E+03	0.0000E+00	0.0000E+00	1.7196E+00
2.0560E+03	0.0000E+00	0.0000E+00	1.7191E+00
2.0570E+03	0.0000E+00	0.0000E+00	1.7182E+00
2.0580E+03	0.0000E+00	0.0000E+00	1.7242E+00
2.0590E+03	0.0000E+00	0.0000E+00	1.7356E+00
2.0600E+03	0.0000E+00	0.0000E+00	1.7513E+00
2.0610E+03	0.0000E+00	0.0000E+00	1.7679E+00
2.0620E+03	0.0000E+00	0.0000E+00	1.7781E+00
2.0630E+03	0.0000E+00	0.0000E+00	1.7859E+00
2.0640E+03	0.0000E+00	0.0000E+00	1.7906E+00
2.0650E+03	0.0000E+00	0.0000E+00	1.7886E+00
2.0660E+03	0.0000E+00	0.0000E+00	1.7851E+00
2.0670E+03	0.0000E+00	0.0000E+00	1.7818E+00
2.0680E+03	0.0000E+00	0.0000E+00	1.7811E+00
2.0690E+03	0.0000E+00	0.0000E+00	1.7711E+00
2.0700E+03	0.0000E+00	0.0000E+00	1.7691E+00
2.0710E+03	0.0000E+00	0.0000E+00	1.7614E+00
2.0720E+03	0.0000E+00	0.0000E+00	1.7571E+00
2.0730E+03	0.0000E+00	0.0000E+00	1.7514E+00
2.0740E+03	0.0000E+00	0.0000E+00	1.7465E+00
2.0750E+03	0.0000E+00	0.0000E+00	1.7416E+00
2.0760E+03	0.0000E+00	0.0000E+00	1.7352E+00
2.0770E+03	0.0000E+00	0.0000E+00	1.7282E+00
2.0780E+03	0.0000E+00	0.0000E+00	1.7215E+00
2.0790E+03	0.0000E+00	0.0000E+00	1.7167E+00
2.0800E+03	0.0000E+00	0.0000E+00	1.7130E+00
2.0810E+03	0.0000E+00	0.0000E+00	1.7077E+00
2.0820E+03	0.0000E+00	0.0000E+00	1.7118E+00
2.0830E+03	0.0000E+00	0.0000E+00	1.7209E+00
2.0840E+03	0.0000E+00	0.0000E+00	1.7372E+00
2.0850E+03	0.0000E+00	0.0000E+00	1.7542E+00
2.0860E+03	0.0000E+00	0.0000E+00	1.7727E+00
2.0870E+03	0.0000E+00	0.0000E+00	1.7927E+00
2.0880E+03	0.0000E+00	0.0000E+00	1.7996E+00
2.0890E+03	0.0000E+00	0.0000E+00	1.8001E+00
2.0900E+03	0.0000E+00	0.0000E+00	1.8013E+00
2.0910E+03	0.0000E+00	0.0000E+00	1.8069E+00
2.0920E+03	0.0000E+00	0.0000E+00	1.7925E+00
2.0930E+03	0.0000E+00	0.0000E+00	1.7824E+00
2.0940E+03	0.0000E+00	0.0000E+00	1.7827E+00
2.0950E+03	0.0000E+00	0.0000E+00	1.7761E+00
2.0960E+03	0.0000E+00	0.0000E+00	1.7689E+00
2.0970E+03	0.0000E+00	0.0000E+00	1.7629E+00
2.0980E+03	0.0000E+00	0.0000E+00	1.7535E+00
2.0990E+03	0.0000E+00	0.0000E+00	1.7452E+00
2.1000E+03	0.0000E+00	0.0000E+00	1.7360E+00
2.1010E+03	0.0000E+00	0.0000E+00	1.7272E+00
2.1020E+03	0.0000E+00	0.0000E+00	1.7233E+00
2.1030E+03	0.0000E+00	0.0000E+00	1.7149E+00
2.1040E+03	0.0000E+00	0.0000E+00	1.7066E+00
2.1050E+03	0.0000E+00	0.0000E+00	1.7074E+00
2.1060E+03	0.0000E+00	0.0000E+00	1.7175E+00
2.1070E+03	0.0000E+00	0.0000E+00	1.7270E+00
2.1080E+03	0.0000E+00	0.0000E+00	1.7402E+00
2.1090E+03	0.0000E+00	0.0000E+00	1.7573E+00
2.1100E+03	0.0000E+00	0.0000E+00	1.7750E+00
2.1110E+03	0.0000E+00	0.0000E+00	1.7870E+00
2.1120E+03	0.0000E+00	0.0000E+00	1.8021E+00
2.1130E+03	0.0000E+00	0.0000E+00	1.8069E+00
2.1140E+03	0.0000E+00	0.0000E+00	1.8067E+00
2.1150E+03	0.0000E+00	0.0000E+00	1.8047E+00
2.1160E+03	0.0000E+00	0.0000E+00	1.7962E+00
2.1170E+03	0.0000E+00	0.0000E+00	1.7880E+00
2.1180E+03	0.0000E+00	0.0000E+00	1.7794E+00
2.1190E+03	0.0000E+00	0.0000E+00	1.7714E+00
2.1200E+03	0.0000E+00	0.0000E+00	1.7640E+00
2.1210E+03	0.0000E+00	0.0000E+00	1.7559E+00
2.1220E+03	0.0000E+00	0.0000E+00	1.7468E+00
2.1230E+03	0.0000E+00	0.0000E+00	1.7399E+00
2.1240E+03	0.0000E+00	0.0000E+00	1.7317E+00
2.1250E+03	0.0000E+00	0.0000E+00	1.7229E+00
2.1260E+03	0.0000E+00	0.0000E+00	1.7163E+00
2.1270E+03	0.0000E+00	0.0000E+00	1.7025E+00
2.1280E+03	0.0000E+00	0.0000E+00	1.7019E+00
2.1290E+03	0.0000E+00	0.0000E+00	1.7022E+00
2.1300E+03	0.0000E+00	0.0000E+00	1.7069E+00
2.1310E+03	0.0000E+00	0.0000E+00	1.7220E+00
2.1320E+03	0.0000E+00	0.0000E+00	1.7396E+00
2.1330E+03	0.0000E+00	0.0000E+00	1.7549E+00
2.1340E+03	0.0000E+00	0.0000E+00	1.7749E+00
2.1350E+03	0.0000E+00	0.0000E+00	1.7908E+00
2.1360E+03	0.0000E+00	0.0000E+00	1.8032E+00
2.1370E+03	0.0000E+00	0.0000E+00	1.8073E+00
2.1380E+03	0.0000E+00	0.0000E+00	1.8043E+00
2.1390E+03	0.0000E+00	0.0000E+00	1.7989E+00
2.1400E+03	0.0000E+00	0.0000E+00	1.7972E+00
2.1410E+03	0.0000E+00	0.0000E+00	1.7850E+00
2.1420E+03	0.0000E+00	0.0000E+00	1.7752E+00
2.1430E+03	0.0000E+00	0.0000E+00	1.7628E+00
2.1440E+03	0.0000E+00	0.0000E+00	1.7619E+00
2.1450E+03	0.0000E+00	0.0000E+00	1.7505E+00
2.1460E+03	0.0000E+00	0.0000E+00	1.7467E+00
2.1470E+03	0.0000E+00	0.0000E+00	1.7394E+00
2.1480E+03	0.0000E+00	0.0000E+00	1.7305E+00
2.1490E+03	0.0000E+00	0.0000E+00	1.7257E+00
2.1500E+03	0.0000E+00	0.0000E+00	1.7165E+00
2.1510E+03	0.0000E+00	0.0000E+00	1.7092E+00
2.1520E+03	0.0000E+00	0.0000E+00	1.7006E+00
2.1530E+03	0.0000E+00	0.0000E+00	1.7060E+00
2.1540E+03	0.0000E+00	0.0000E+00	1.7131E+00
2.1550E+03	0.0000E+00	0.0000E+00	1.7320E+00
2.1560E+03	0.0000E+00	0.0000E+00	1.7502E+00
2.1570E+03	0.0000E+00	0.0000E+00	1.7653E+00
2.1580E+03	0.0000E+00	0.0000E+00	1.7794E+00
2.1590E+03	0.0000E+00	0.0000E+00	1.7929E+00
2.1600E+03	0.0000E+00	0.0000E+00	1.7966E+00
2.1610E+03	0.0000E+00	0.0000E+00	1.7921E+00
2.1620E+03	0.0000E+00	0.0000E+00	1.7918E+00
2.1630E+03	0.0000E+00	0.0000E+00	1.7809E+00
2.1640E+03	0.0000E+00	0.0000E+00	1.7802E+00
2.1650E+03	0.0000E+00	0.0000E+00	1.7651E+00
2.1660E+03	0.0000E+00	0.0000E+00	1.7535E+00
2.1670E+03	0.0000E+00	0.0000E+00	1.7430E+00
2.1680E+03	0.0000E+00	0.0000E+00	1.7400E+00
2.1690E+03	0.0000E+00	0.0000E+00	1.7318E+00
2.1700E+03	0.0000E+00	0.0000E+00	1.7196E+00
2.1710E+03	0.0000E+00	0.0000E+00	1.7100E+00
2.1720E+03	0.0000E+00	0.0000E+00	1.7017E+00
2.1730E+03	0.0000E+00	0.0000E+00	1.6900E+00
2.1740E+03	0.0000E+00	0.0000E+00	1.6822E+00
2.1750E+03	0.0000E+00	0.0000E+00	1.6766E+00
2.1760E+03	0.0000E+00	0.0000E+00	1.6623E+00
2.1770E+03	0.0000E+00	0.0000E+00	1.6562E+00
2.1780E+03	0.0000E+00	0.0000E+00	1.6578E+00
2.1790E+03	0.0000E+00	0.0000E+00	1.6653E+00
2.1800E+03	0.0000E+00	0.0000E+00	1.6708E+00
2.1810E+03	0.0000E+00	0.0000E+00	1.6820E+00
2.1820E+03	0.0000E+00	0.0000E+00	1.6909E+00
2.1830E+03	0.0000E+00	0.0000E+00	1.7014E+00
2.1840E+03	0.0000E+00	0.0000E+00	1.7059E+00
2.1850E+03	0.0000E+00	0.0000E+00	1.7093E+00
2.1860E+03	0.0000E+00	0.0000E+00	1.7074E+00
2.1870E+03	0.0000E+00	0.0000E+00	1.7050E+00
2.1880E+03	0.0000E+00	0.0000E+00	1.6953E+00
2.1890E+03	0.0000E+00	0.0000E+00	1.6949E+00
2.1900E+03	0.0000E+00	0.0000E+00	1.6841E+00
2.1910E+03	0.0000E+00	0.0000E+00	1.6779E+00
2.1920E+03	0.0000E+00	0.0000E+00	1.6744E+00
2.1930E+03	0.0000E+00	0.0000E+00	1.6690E+00
2.1940E+03	0.0000E+00	0.0000E+00	1.6612E+00
2.1950E+03	0.0000E+00	0.0000E+00	1.6567E+00
2.1960E+03	0.0000E+00	0.0000E+00	1.6516E+00
2.1970E+03	0.0000E+00	0.0000E+00	1.6448E+00
2.1980E+03	0.0000E+00	0.0000E+00	1.6359E+00
2.1990E+03	0.0000E+00	0.0000E+00	1.6312E+00
2.2000E+03	0.0000E+00	0.0000E+00	1.6253E+00
2.2010E+03	0.0000E+00	0.0000E+00	1.6187E+00
2.2020E+03	0.0000E+00	0.0000E+00	1.6210E+00
2.2030E+03	0.0000E+00	0.0000E+00	1.6269E+00
2.2040E+03	0.0000E+00	0.0000E+00	1.6351E+00
2.2050E+03	0.0000E+00	0.0000E+00	1.6496E+00
2.2060E+03	0.0000E+00	0.0000E+00	1.6618E+00
2.2070E+03	0.0000E+00	0.0000E+00	1.6726E+00
2.2080E+03	0.0000E+00	0.0000E+00	1.6816E+00
2.2090E+03	0.0000E+00	0.0000E+00	1.6898E+00
2.2100E+03	0.0000E+00	0.0000E+00	1.6930E+00
2.2110E+03	0.0000E+00	0.0000E+00	1.6864E+00
2.2120E+03	0.0000E+00	0.0000E+00	1.6833E+00
2.2130E+03	0.0000E+00	0.0000E+00	1.6765E+00
2.2140E+03	0.0000E+00	0.0000E+00	1.6690E+00
2.2150E+03	0.0000E+00	0.0000E+00	1.6612E+00
2.2160E+03	0.0000E+00	0.0000E+00	1.6584E+00
2.2170E+03	0.0000E+00	0.0000E+00	1.6539E+00
2.2180E+03	0.0000E+00	0.0000E+00	1.6467E+00
2.2190E+03	0.0000E+00	0.0000E+00	1.6382E+00
2.2200E+03	0.0000E+00	0.0000E+00	1.6323E+00
2.2210E+03	0.0000E+00	0.0000E+00	1.6260E+00
2.2220E+03	0.0000E+00	0.0000E+00	1.6217E+00
2.2230E+03	0.0000E+00	0.0000E+00	1.6205E+00
2.2240E+03	0.0000E+00	0.0000E+00	1.6202E+00
2.2250E+03	0.0000E+00	0.0000E+00	1.6168E+00
2.2260E+03	0.0000E+00	0.0000E+00	1.6139E+00
2.2270E+03	0.0000E+00	0.0000E+00	1.6223E+00
2.2280E+03	0.0000E+00	0.0000E+00	1.6262E+00
2.2290E+03	0.0000E+00	0.0000E+00	1.6366E+00
2.2300E+03	0.0000E+00	0.0000E+00	1.6484E+00
2.2310E+03	0.0000E+00	0.0000E+00	1.6549E+00
2.2320E+03	0.0000E+00	0.0000E+00	1.6610E+00
2.2330E+03	0.0000E+00	0.0000E+00	1.6618E+00
2.2340E+03	0.0000E+00	0.0000E+00	1.6641E+00
2.2350E+03	0.0000E+00	0.0000E+00	1.6588E+00
2.2360E+03	0.0000E+00	0.0000E+00	1.6597E+00
2.2370E+03	0.0000E+00	0.0000E+00	1.6513E+00
2.2380E+03	0.0000E+00	0.0000E+00	1.6452E+00
2.2390E+03	0.0000E+00	0.0000E+00	1.6385E+00
2.2400E+03	0.0000E+00	0.0000E+00	1.6348E+00
2.2410E+03	0.0000E+00	0.0000E+00	1.6284E+00
2.2420E+03	0.0000E+00	0.0000E+00	1.6241E+00
2.2430E+03	0.0000E+00	0.0000E+00	1.6200E+00
2.2440E+03	0.0000E+00	0.0000E+00	1.6162E+00
2.2450E+03	0.0000E+00	0.0000E+00	1.6087E+00
2.2460E+03	0.0000E+00	0.0000E+00	1.6033E+00
2.2470E+03	0.0000E+00	0.0000E+00	1.5956E+00
2.2480E+03	0.0000E+00	0.0000E+00	1.5865E+00
2.2490E+03	0.0000E+00	0.0000E+00	1.5796E+00
2.2500E+03	0.0000E+00	0.0000E+00	1.5788E+00
2.2510E+03	0.0000E+00	0.0000E+00	1.5819E+00
2.2520E+03	0.0000E+00	0.0000E+00	1.5917E+00
2.2530E+03	0.0000E+00	0.0000E+00	1.6039E+00
2.2540E+03	0.0000E+00	0.0000E+00	1.6147E+00
2.2550E+03	0.0000E+00	0.0000E+00	1.6275E+00
2.2560E+03	0.0000E+00	0.0000E+00	1.6399E+00
2.2570E+03	0.0000E+00	0.0000E+00	1.6424E+00
2.2580E+03	0.0000E+00	0.0000E+00	1.6460E+00
2.2590E+03	0.0000E+00	0.0000E+00	1.6408E+00
2.2600E+03	0.0000E+00	0.0000E+00	1.6358E+00
2.2610E+03	0.0000E+00	0.0000E+00	1.6316E+00
2.2620E+03	0.0000E+00	0.0000E+00	1.6267E+00
2.2630E+03	0.0000E+00	0.0000E+00	1.6211E+00
2.2640E+03	0.0000E+00	0.0000E+00	1.6136E+00
2.2650E+03	0.0000E+00	0.0000E+00	1.6117E+00
2.2660E+03	0.0000E+00	0.0000E+00	1.6049E+00
2.2670E+03	0.0000E+00	0.0000E+00	1.6006E+00
2.2680E+03	0.0000E+00	0.0000E+00	1.5928E+00
2.2690E+03	0.0000E+00	0.0000E+00	1.5902E+00
2.2700E+03	0.0000E+00	0.0000E+00	1.5822E+00
2.2710E+03	0.0000E+00	0.0000E+00	1.5794E+00
2.2720E+03	0.0000E+00	0.0000E+00	1.5724E+00
2.2730E+03	0.0000E+00	0.0000E+00	1.5713E+00
2.2740E+03	0.0000E+00	0.0000E+00	1.5783E+00
2.2750E+03	0.0000E+00	0.0000E+00	1.5867E+00
2.2760E+03	0.0000E+00	0.0000E+00	1.5985E+00
2.2770E+03	0.0000E+00	0.0000E+00	1.6046E+00
2.2780E+03	0.0000E+00	0.0000E+00	1.6121E+00
2.2790E+03	0.0000E+00	0.0000E+00	1.6197E+00
2.2800E+03	0.0000E+00	0.0000E+00	1.6231E+00
2.2810E+03	0.0000E+00	0.0000E+00	1.6224E+00
2.2820E+03	0.0000E+00	0.0000E+00	1.6210E+00
2.2830E+03	0.0000E+00	0.0000E+00	1.6215E+00
2.2840E+03	0.0000E+00	0.0000E+00	1.6180E+00
2.2850E+03	0.0000E+00	0.0000E+00	1.6146E+00
2.2860E+03	0.0000E+00	0.0000E+00	1.6082E+00
2.2870E+03	0.0000E+00	0.0000E+00	1.6025E+00
2.2880E+03	0.0000E+00	0.0000E+00	1.6002E+00
2.2890E+03	0.0000E+00	0.0000E+00	1.5934E+00
2.2900E+03	0.0000E+00	0.0000E+00	1.5892E+00
2.2910E+03	0.0000E+00	0.0000E+00	1.5850E+00
2.2920E+03	0.0000E+00	0.0000E+00	1.5773E+00
2.2930E+03	0.0000E+00	0.0000E+00	1.5702E+00
2.2940E+03	0.0000E+00	0.0000E+00	1.5640E+00
2.2950E+03	0.0000E+00	0.0000E+00	1.5610E+00
2.2960E+03	0.0000E+00	0.0000E+00	1.5559E+00
2.2970E+03	0.0000E+00	0.0000E+00	1.5552E+00
2.2980E+03	0.0000E+00	0.0000E+00	1.5504E+00
2.2990E+03	0.0000E+00	0.0000E+00	1.5515E+00
2.3000E+03	0.0000E+00	0.0000E+00	1.5586E+00
2.3010E+03	0.0000E+00	0.0000E+00	1.5689E+00
2.3020E+03	0.0000E+00	0.0000E+00	1.5833E+00
2.3030E+03	0.0000E+00	0.0000E+00	1.5968E+00
2.3040E+03	0.0000E+00	0.0000E+00	1.6085E+00
2.3050E+03	0.0000E+00	0.0000E+00	1.6120E+00
2.3060E+03	0.0000E+00	0.0000E+00	1.6147E+00
2.3070E+03	0.0000E+00	0.0000E+00	1.6162E+00
2.3080E+03	0.0000E+00	0.0000E+00	1.6111E+00
2.3090E+03	0.0000E+00	0.0000E+00	1.6045E+00
2.3100E+03	0.0000E+00	0.0000E+00	1.6008E+00
2.3110E+03	0.0000E+00	0.0000E+00	1.5938E+00
2.3120E+03	0.0000E+00	0.0000E+00	1.5936E+00
2.3130E+03	0.0000E+00	0.0000E+00	1.5888E+00
2.3140E+03	0.0000E+00	0.0000E+00	1.5846E+00
2.3150E+03	0.0000E+00	0.0000E+00	1.5799E+00
2.3160E+03	0.0000E+00	0.0000E+00	1.5713E+00
2.3170E+03	0.0000E+00	0.0000E+00	1.5667E+00
2.3180E+03	0.0000E+00	0.0000E+00	1.5626E+00
2.3190E+03	0.0000E+00	0.0000E+00	1.5560E+00
2.3200E+03	0.0000E+00	0.0000E+00	1.5519E+00
2.3210E+03	0.0000E+00	0.0000E+00	1.5469E+00
2.3220E+03	0.0000E+00	0.0000E+00	1.5514E+00
2.3230E+03	0.0000E+00	0.0000E+00	1.5524E+00
2.3240E+03	0.0000E+00	0.0000E+00	1.5593E+00
2.3250E+03	0.0000E+00	0.0000E+00	1.5715E+00
2.3260E+03	0.0000E+00	0.0000E+00	1.5816E+00
2.3270E+03	0.0000E+00	0.0000E+00	1.5941E+00
2.3280E+03	0.0000E+00	0.0000E+00	1.6151E+00
2.3290E+03	0.0000E+00	0.0000E+00	1.6337E+00
2.3300E+03	0.0000E+00	0.0000E+00	1.6537E+00
2.3310E+03	0.0000E+00	0.0000E+00	1.6617E+00
2.3320E+03	0.0000E+00	0.0000E+00	1.6570E+00
2.3330E+03	0.0000E+00	0.0000E+00	1.6454E+00
2.3340E+03	0.0000E+00	0.0000E+00	1.6336E+00
2.3350E+03	0.0000E+00	0.0000E+00	1.6256E+00
2.3360E+03	0.0000E+00	0.0000E+00	1.6157E+00
2.3370E+03	0.0000E+00	0.0000E+00	1.6061E+00
2.3380E+03	0.0000E+00	0.0000E+00	1.5949E+00
2.3390E+03	0.0000E+00	0.0000E+00	1.5867E+00
2.3400E+03	0.0000E+00	0.0000E+00	1.5833E+00
2.3410E+03	0.0000E+00	0.0000E+00	1.5760E+00
2.3420E+03	0.0000E+00	0.0000E+00	1.5672E+00
2.3430E+03	0.0000E+00	0.0000E+00	1.5599E+00
2.3440E+03	0.0000E+00	0.0000E+00	1.5521E+00
2.3450E+03	0.0000E+00	0.0000E+00	1.5474E+00
2.3460E+03	0.0000E+00	0.0000E+00	1.5576E+00
2.3470E+03	0.0000E+00	0.0000E+00	1.5747E+00
2.3480E+03	0.0000E+00	0.0000E+00	1.5811E+00
2.3490E+03	0.0000E+00	0.0000E+00	1.5804E+00
2.3500E+03	0.0000E+00	0.0000E+00	1.5883E+00
2.3510E+03	0.0000E+00	0.0000E+00	1.5946E+00
2.3520E+03	0.0000E+00	0.0000E+00	1.6006E+00
2.3530E+03	0.0000E+00	0.0000E+00	1.6038E+00
2.3540E+03	0.0000E+00	0.0000E+00	1.6078E+00
2.3550E+03	0.0000E+00	0.0000E+00	1.6104E+00
2.3560E+03	0.0000E+00	0.0000E+00	1.6077E+00
2.3570E+03	0.0000E+00	0.0000E+00	1.6048E+00
2.3580E+03	0.0000E+00	0.0000E+00	1.5992E+00
2.3590E+03	0.0000E+00	0.0000E+00	1.6007E+00
2.3600E+03	0.0000E+00	0.0000E+00	1.5958E+00
2.3610E+03	0.0000E+00	0.0000E+00	1.5881E+00
2.3620E+03	0.0000E+00	0.0000E+00	1.5857E+00
2.3630E+03	0.0000E+00	0.0000E+00	1.5772E+00
2.3640E+03	0.0000E+00	0.0000E+00	1.5798E+00
2.3650E+03	0.0000E+00	0.0000E+00	1.5772E+00
2.3660E+03	0.0000E+00	0.0000E+00	1.5747E+00
2.3670E+03	0.0000E+00	0.0000E+00	1.5686E+00
2.3680E+03	0.0000E+00	0.0000E+00	1.5671E+00
2.3690E+03	0.0000E+00	0.0000E+00	1.5752E+00
2.3700E+03	0.0000E+00	0.0000E+00	1.5783E+00
2.3710E+03	0.0000E+00	0.0000E+00	1.5785E+00
2.3720E+03	0.0000E+00	0.0000E+00	1.5824E+00
2.3730E+03	0.0000E+00	0.0000E+00	1.5933E+00
2.3740E+03	0.0000E+00	0.0000E+00	1.6043E+00
2.3750E+03	0.0000E+00	0.0000E+00	1.6140E+00
2.3760E+03	0.0000E+00	0.0000E+00	1.6195E+00
2.3770E+03	0.0000E+00	0.0000E+00	1.6209E+00
2.3780E+03	0.0000E+00	0.0000E+00	1.6218E+00
2.3790E+03	0.0000E+00	0.0000E+00	1.6212E+00
2.3800E+03	0.0000E+00	0.0000E+00	1.6144E+00
2.3810E+03	0.0000E+00	0.0000E+00	1.6149E+00
2.3820E+03	0.0000E+00	0.0000E+00	1.6073E+00
2.3830E+03	0.0000E+00	0.0000E+00	1.5993E+00
2.3840E+03	0.0000E+00	0.0000E+00	1.5994E+00
2.3850E+03	0.0000E+00	0.0000E+00	1.5974E+00
2.3860E+03	0.0000E+00	0.0000E+00	1.5895E+00
2.3870E+03	0.0000E+00	0.0000E+00	1.5868E+00
2.3880E+03	0.0000E+00	0.0000E+00	1.5867E+00
2.3890E+03	0.0000E+00	0.0000E+00	1.5790E+00
2.3900E+03	0.0000E+00	0.0000E+00	1.5772E+00
2.3910E+03	0.0000E+00	0.0000E+00	1.5726E+00
2.3920E+03	0.0000E+00	0.0000E+00	1.5698E+00
2.3930E+03	0.0000E+00	0.0000E+00	1.5664E+00
2.3940E+03	0.0000E+00	0.0000E+00	1.5694E+00
2.3950E+03	0.0000E+00	0.0000E+00	1.5746E+00
2.3960E+03	0.0000E+00	0.0000E+00	1.5782E+00
2.3970E+03	0.0000E+00	0.0000E+00	1.5844E+00
2.3980E+03	0.0000E+00	0.0000E+00	1.5935E+00
2.3990E+03	0.0000E+00	0.0000E+00	1.6005E+00
2.4000E+03	0.0000E+00	0.0000E+00	1.6068E+00
2.4010E+03	0.0000E+00	0.0000E+00	1.6120E+00
2.4020E+03	0.0000E+00	0.0000E+00	1.6141E+00
2.4030E+03	0.0000E+00	0.0000E+00	1.6145E+00
2.4040E+03	0.0000E+00	0.0000E+00	1.6113E+00
2.4050E+03	0.0000E+00	0.0000E+00	1.6099E+00
2.4060E+03	0.0000E+00	0.0000E+00	1.6042E+00
2.4070E+03	0.0000E+00	0.0000E+00	1.6006E+00
2.4080E+03	0.0000E+00	0.0000E+00	1.6017E+00
2.4090E+03	0.0000E+00	0.0000E+00	1.5946E+00
2.4100E+03	0.0000E+00	0.0000E+00	1.5928E+00
2.4110E+03	0.0000E+00	0.0000E+00	1.5906E+00
2.4120E+03	0.0000E+00	0.0000E+00	1.5864E+00
2.4130E+03	0.0000E+00	0.0000E+00	1.5790E+00
2.4140E+03	0.0000E+00	0.0000E+00	1.5728E+00
2.4150E+03	0.0000E+00	0.0000E+00	1.5668E+00
2.4160E+03	0.0000E+00	0.0000E+00	1.5602E+00
2.4170E+03	0.0000E+00	0.0000E+00	1.5536E+00
2.4180E+03	0.0000E+00	0.0000E+00	1.5588E+00
2.4190E+03	0.0000E+00	0.0000E+00	1.5553E+00
2.4200E+03	0.0000E+00	0.0000E+00	1.5601E+00
2.4210E+03	0.0000E+00	0.0000E+00	1.5692E+00
2.4220E+03	0.0000E+00	0.0000E+00	1.5786E+00
2.4230E+03	0.0000E+00	0.0000E+00	1.5917E+00
2.4240E+03	0.0000E+00	0.0000E+00	1.6032E+00
2.4250E+03	0.0000E+00	0.0000E+00	1.6082E+00
2.4260E+03	0.0000E+00	0.0000E+00	1.6100E+00
2.4270E+03	0.0000E+00	0.0000E+00	1.6093E+00
2.4280E+03	0.0000E+00	0.0000E+00	1.6024E+00
2.4290E+03	0.0000E+00	0.0000E+00	1.5976E+00
2.4300E+03	0.0000E+00	0.0000E+00	1.5924E+00
2.4310E+03	0.0000E+00	0.0000E+00	1.5878E+00
2.4320E+03	0.0000E+00	0.0000E+00	1.5817E+00
2.4330E+03	0.0000E+00	0.0000E+00	1.5786E+00
2.4340E+03	0.0000E+00	0.0000E+00	1.5712E+00
2.4350E+03	0.0000E+00	0.0000E+00	1.5666E+00
2.4360E+03	0.0000E+00	0.0000E+00	1.5595E+00
2.4370E+03	0.0000E+00	0.0000E+00	1.5578E+00
2.4380E+03	0.0000E+00	0.0000E+00	1.5489E+00
2.4390E+03	0.0000E+00	0.0000E+00	1.5462E+00
2.4400E+03	0.0000E+00	0.0000E+00	1.5376E+00
2.4410E+03	0.0000E+00	0.0000E+00	1.5321E+00
2.4420E+03	0.0000E+00	0.0000E+00	1.5306E+00
2.4430E+03	0.0000E+00	0.0000E+00	1.5359E+00
2.4440E+03	0.0000E+00	0.0000E+00	1.5366E+00
2.4450E+03	0.0000E+00	0.0000E+00	1.5454E+00
2.4460E+03	0.0000E+00	0.0000E+00	1.5584E+00
2.4470E+03	0.0000E+00	0.0000E+00	1.5722E+00
2.4480E+03	0.0000E+00	0.0000E+00	1.5839E+00
2.4490E+03	0.0000E+00	0.0000E+00	1.5929E+00
2.4500E+03	0.0000E+00	0.0000E+00	1.5937E+00
2.4510E+03	0.0000E+00	0.0000E+00	1.5921E+00
2.4520E+03	0.0000E+00	0.0000E+00	1.5854E+00
2.4530E+03	0.0000E+00	0.0000E+00	1.5818E+00
2.4540E+03	0.0000E+00	0.0000E+00	1.5774E+00
2.4550E+03	0.0000E+00	0.0000E+00	1.5729E+00
2.4560E+03	0.0000E+00	0.0000E+00	1.5658E+00
2.4570E+03	0.0000E+00	0.0000E+00	1.5600E+00
2.4580E+03	0.0000E+00	0.0000E+00	1.5583E+00
2.4590E+03	0.0000E+00	0.0000E+00	1.5525E+00
2.4600E+03	0.0000E+00	0.0000E+00	1.5469E+00
2.4610E+03	0.0000E+00	0.0000E+00	1.5425E+00
2.4620E+03	0.0000E+00	0.0000E+00	1.5366E+00
2.4630E+03	0.0000E+00	0.0000E+00	1.5298E+00
2.4640E+03	0.0000E+00	0.0000E+00	1.5229E+00
2.4650E+03	0.0000E+00	0.0000E+00	1.5225E+00
2.4660E+03	0.0000E+00	0.0000E+00	1.5219E+00
2.4670E+03	0.0000E+00	0.0000E+00	1.5282E+00
2.4680E+03	0.0000E+00	0.0000E+00	1.5417E+00
2.4690E+03	0.0000E+00	0.0000E+00	1.5600E+00
2.4700E+03	0.0000E+00	0.0000E+00	1.5848E+00
2.4710E+03	0.0000E+00	0.0000E+00	1.6162E+00
2.4720E+03	0.0000E+00	0.0000E+00	1.6411E+00
2.4730E+03	0.0000E+00	0.0000E+00	1.6619E+00
2.4740E+03	0.0000E+00	0.0000E+00	1.6623E+00
2.4750E+03	0.0000E+00	0.0000E+00	1.6545E+00
2.4760E+03	0.0000E+00	0.0000E+00	1.6487E+00
2.4770E+03	0.0000E+00	0.0000E+00	1.6382E+00
2.4780E+03	0.0000E+00	0.0000E+00	1.6261E+00
2.4790E+03	0.0000E+00	0.0000E+00	1.6172E+00
2.4800E+03	0.0000E+00	0.0000E+00	1.6084E+00
2.4810E+03	0.0000E+00	0.0000E+00	1.5978E+00
2.4820E+03	0.0000E+00	0.0000E+00	1.5919E+00
2.4830E+03	0.0000E+00	0.0000E+00	1.5825E+00
2.4840E+03	0.0000E+00	0.0000E+00	1.5722E+00
2.4850E+03	0.0000E+00	0.0000E+00	1.5676E+00
2.4860E+03	0.0000E+00	0.0000E+00	1.5599E+00
2.4870E+03	0.0000E+00	0.0000E+00	1.5567E+00
2.4880E+03	0.0000E+00	0.0000E+00	1.5499E+00
2.4890E+03	0.0000E+00	0.0000E+00	1.5447E+00
2.4900E+03	0.0000E+00	0.0000E+00	1.5393E+00
2.4910E+03	0.0000E+00	0.0000E+00	1.5400E+00
2.4920E+03	0.0000E+00	0.0000E+00	1.5419E+00
2.4930E+03	0.0000E+00	0.0000E+00	1.5480E+00
2.4940E+03	0.0000E+00	0.0000E+00	1.5580E+00
2.4950E+03	0.0000E+00	0.0000E+00	1.5607E+00
2.4960E+03	0.0000E+00	0.0000E+00	1.5651E+00
2.4970E+03	0.0000E+00	0.0000E+00	1.5672E+00
2.4980E+03	0.0000E+00	0.0000E+00	1.5702E+00
2.4990E+03	0.0000E+00	0.0000E+00	1.5660E+00
2.5000E+03	0.0000E+00	0.0000E+00	1.5614E+00
2.5010E+03	0.0000E+00	0.0000E+00	1.5558E+00
2.5020E+03	0.0000E+00	0.0000E+00	1.5535E+00
2.5030E+03	0.0000E+00	0.0000E+00	1.5492E+00
2.5040E+03	0.0000E+00	0.0000E+00	1.5452E+00
2.5050E+03	0.0000E+00	0.0000E+00	1.5412E+00
2.5060E+03	0.0000E+00	0.0000E+00	1.5392E+00
2.5070E+03	0.0000E+00	0.0000E+00	1.5374E+00
2.5080E+03	0.0000E+00	0.0000E+00	1.5354E+00
2.5090E+03	0.0000E+00	0.0000E+00	1.5330E+00
2.5100E+03	0.0000E+00	0.0000E+00	1.5301E+00
2.5110E+03	0.0000E+00	0.0000E+00	1.5277E+00
2.5120E+03	0.0000E+00	0.0000E+00	1.5236E+00
2.5130E+03	0.0000E+00	0.0000E+00	1.5249E+00
2.5140E+03	0.0000E+00	0.0000E+00	1.5295E+00
2.5150E+03	0.0000E+00	0.0000E+00	1.5460E+00
2.5160E+03	0.0000E+00	0.0000E+00	1.5549E+00
2.5170E+03	0.0000E+00	0.0000E+00	1.5480E+00
2.5180E+03	0.0000E+00	0.0000E+00	1.5483E+00
2.5190E+03	0.0000E+00	0.0000E+00	1.5505E+00
2.5200E+03	0.0000E+00	0.0000E+00	1.5589E+00
2.5210E+03	0.0000E+00	0.0000E+00	1.5635E+00
2.5220E+03	0.0000E+00	0.0000E+00	1.5628E+00
2.5230E+03	0.0000E+00	0.0000E+00	1.5633E+00
2.5240E+03	0.0000E+00	0.0000E+00	1.5584E+00
2.5250E+03	0.0000E+00	0.0000E+00	1.5535E+00
2.5260E+03	0.0000E+00	0.0000E+00	1.5508E+00
2.5270E+03	0.0000E+00	0.0000E+00	1.5476E+00
2.5280E+03	0.0000E+00	0.0000E+00	1.5441E+00
2.5290E+03	0.0000E+00	0.0000E+00	1.5415E+00
2.5300E+03	0.0000E+00	0.0000E+00	1.5366E+00
2.5310E+03	0.0000E+00	0.0000E+00	1.5350E+00
2.5320E+03	0.0000E+00	0.0000E+00	1.5319E+00
2.5330E+03	0.0000E+00	0.0000E+00	1.5269E+00
2.5340E+03	0.0000E+00	0.0000E+00	1.5207E+00
2.5350E+03	0.0000E+00	0.0000E+00	1.5175E+00
2.5360E+03	0.0000E+00	0.0000E+00	1.5120E+00
2.5370E+03	0.0000E+00	0.0000E+00	1.5084E+00
2.5380E+03	0.0000E+00	0.0000E+00	1.5049E+00
2.5390E+03	0.0000E+00	0.0000E+00	1.5011E+00
2.5400E+03	0.0000E+00	0.0000E+00	1.4999E+00
2.5410E+03	0.0000E+00	0.0000E+00	1.5058E+00
2.5420E+03	0.0000E+00	0.0000E+00	1.5136E+00
2.5430E+03	0.0000E+00	0.0000E+00	1.5223E+00
2.5440E+03	0.0000E+00	0.0000E+00	1.5343E+00
2.5450E+03	0.0000E+00	0.0000E+00	1.5420E+00
2.5460E+03	0.0000E+00	0.0000E+00	1.5479E+00
2.5470E+03	0.0000E+00	0.0000E+00	1.5471E+00
2.5480E+03	0.0000E+00	0.0000E+00	1.5457E+00
2.5490E+03	0.0000E+00	0.0000E+00	1.5422E+00
2.5500E+03	0.0000E+00	0.0000E+00	1.5391E+00
2.5510E+03	0.0000E+00	0.0000E+00	1.5357E+00
2.5520E+03	0.0000E+00	0.0000E+00	1.5332E+00
2.5530E+03	0.0000E+00	0.0000E+00	1.5273E+00
2.5540E+03	0.0000E+00	0.0000E+00	1.5242E+00
2.5550E+03	0.0000E+00	0.0000E+00	1.5206E+00
2.5560E+03	0.0000E+00	0.0000E+00	1.5153E+00
2.5570E+03	0.0000E+00	0.0000E+00	1.5120E+00
2.5580E+03	0.0000E+00	0.0000E+00	1.5070E+00
2.5590E+03	0.0000E+00	0.0000E+00	1.5008E+00
2.5600E+03	0.0000E+00	0.0000E+00	1.4990E+00
2.5610E+03	0.0000E+00	0.0000E+00	1.4934E+00
2.5620E+03	0.0000E+00	0.0000E+00	1.4913E+00
2.5630E+03	0.0000E+00	0.0000E+00	1.4893E+00
2.5640E+03	0.0000E+00	0.0000E+00	1.4945E+00
2.5650E+03	0.0000E+00	0.0000E+00	1.4958E+00
2.5660E+03	0.0000E+00	0.0000E+00	1.5036E+00
2.5670E+03	0.0000E+00	0.0000E+00	1.5132E+00
2.5680E+03	0.0000E+00	0.0000E+00	1.5165E+00
2.5690E+03	0.0000E+00	0.0000E+00	1.5193E+00
2.5700E+03	0.0000E+00	0.0000E+00	1.5202E+00
2.5710E+03	0.0000E+00	0.0000E+00	1.5193E+00
2.5720E+03	0.0000E+00	0.0000E+00	1.5183E+00
2.5730E+03	0.0000E+00	0.0000E+00	1.5159E+00
2.5740E+03	0.0000E+00	0.0000E+00	1.5132E+00
2.5750E+03	0.0000E+00	0.0000E+00	1.5062E+00
2.5760E+03	0.0000E+00	0.0000E+00	1.5051E+00
2.5770E+03	0.0000E+00	0.0000E+00	1.5044E+00
2.5780E+03	0.0000E+00	0.0000E+00	1.5002E+00
2.5790E+03	0.0000E+00	0.0000E+00	1.4979E+00
2.5800E+03	0.0000E+00	0.0000E+00	1.4966E+00
2.5810E+03	0.0000E+00	0.0000E+00	1.4934E+00
2.5820E+03	0.0000E+00	0.0000E+00	1.4881E+00
2.5830E+03	0.0000E+00	0.0000E+00	1.4864E+00
2.5840E+03	0.0000E+00	0.0000E+00	1.4849E+00
2.5850E+03	0.0000E+00	0.0000E+00	1.4857E+00
2.5860E+03	0.0000E+00	0.0000E+00	1.4986E+00
2.5870E+03	0.0000E+00	0.0000E+00	1.5168E+00
2.5880E+03	0.0000E+00	0.0000E+00	1.5260E+00
2.5890E+03	0.0000E+00	0.0000E+00	1.5353E+00
2.5900E+03	0.0000E+00	0.0000E+00	1.5543E+00
2.5910E+03	0.0000E+00	0.0000E+00	1.5820E+00
2.5920E+03	0.0000E+00	0.0000E+00	1.5959E+00
2.5930E+03	0.0000E+00	0.0000E+00	1.5989E+00
2.5940E+03	0.0000E+00	0.0000E+00	1.6021E+00
2.5950E+03	0.0000E+00	0.0000E+00	1.5982E+00
2.5960E+03	0.0000E+00	0.0000E+00	1.5907E+00
2.5970E+03	0.0000E+00	0.0000E+00	1.5849E+00
2.5980E+03	0.0000E+00	0.0000E+00	1.5740E+00
2.5990E+03	0.0000E+00	0.0000E+00	1.5677E+00
2.6000E+03	0.0000E+00	0.0000E+00	1.5628E+00
2.6010E+03	0.0000E+00	0.0000E+00	1.5543E+00
2.6020E+03	0.0000E+00	0.0000E+00	1.5510E+00
2.6030E+03	0.0000E+00	0.0000E+00	1.5429E+00
2.6040E+03	0.0000E+00	0.0000E+00	1.5371E+00
2.6050E+03	0.0000E+00	0.0000E+00	1.5305E+00
2.6060E+03	0.0000E+00	0.0000E+00	1.5252E+00
2.6070E+03	0.0000E+00	0.0000E+00	1.5158E+00
2.6080E+03	0.0000E+00	0.0000E+00	1.5092E+00
2.6090E+03	0.0000E+00	0.0000E+00	1.5063E+00
2.6100E+03	0.0000E+00	0.0000E+00	1.5006E+00
2.6110E+03	0.0000E+00	0.0000E+00	1.4993E+00
2.6120E+03	0.0000E+00	0.0000E+00	1.5016E+00
2.6130E+03	0.0000E+00	0.0000E+00	1.5090E+00
2.6140E+03	0.0000E+00	0.0000E+00	1.5173E+00
2.6150E+03	0.0000E+00	0.0000E+00	1.5308E+00
2.6160E+03	0.0000E+00	0.0000E+00	1.5387E+00
2.6170E+03	0.0000E+00	0.0000E+00	1.5392E+00
2.6180E+03	0.0000E+00	0.0000E+00	1.5416E+00
2.6190E+03	0.0000E+00	0.0000E+00	1.5407E+00
2.6200E+03	0.0000E+00	0.0000E+00	1.5325E+00
2.6210E+03	0.0000E+00	0.0000E+00	1.5341E+00
2.6220E+03	0.0000E+00	0.0000E+00	1.5259E+00
2.6230E+03	0.0000E+00	0.0000E+00	1.5210E+00
2.6240E+03	0.0000E+00	0.0000E+00	1.5174E+00
2.6250E+03	0.0000E+00	0.0000E+00	1.5145E+00
2.6260E+03	0.0000E+00	0.0000E+00	1.5098E+00
2.6270E+03	0.0000E+00	0.0000E+00	1.5028E+00
2.6280E+03	0.0000E+00	0.0000E+00	1.4996E+00
2.6290E+03	0.0000E+00	0.0000E+00	1.4907E+00
2.6300E+03	0.0000E+00	0.0000E+00	1.4884E+00
2.6310E+03	0.0000E+00	0.0000E+00	1.4815E+00
2.6320E+03	0.0000E+00	0.0000E+00	1.4780E+00
2.6330E+03	0.0000E+00	0.0000E+00	1.4730E+00
2.6340E+03	0.0000E+00	0.0000E+00	1.4685E+00
2.6350E+03	0.0000E+00	0.0000E+00	1.4686E+00
2.6360E+03	0.0000E+00	0.0000E+00	1.4684E+00
2.6370E+03	0.0000E+00	0.0000E+00	1.4701E+00
2.6380E+03	0.0000E+00	0.0000E+00	1.4732E+00
2.6390E+03	0.0000E+00	0.0000E+00	1.4790E+00
2.6400E+03	0.0000E+00	0.0000E+00	1.4852E+00
2.6410E+03	0.0000E+00	0.0000E+00	1.4940E+00
2.6420E+03	0.0000E+00	0.0000E+00	1.4955E+00
2.6430E+03	0.0000E+00	0.0000E+00	1.4963E+00
2.6440E+03	0.0000E+00	0.0000E+00	1.4962E+00
2.6450E+03	0.0000E+00	0.0000E+00	1.4936E+00
2.6460E+03	0.0000E+00	0.0000E+00	1.4912E+00
2.6470E+03	0.0000E+00	0.0000E+00	1.4860E+00
2.6480E+03	0.0000E+00	0.0000E+00	1.4866E+00
2.6490E+03	0.0000E+00	0.0000E+00	1.4816E+00
2.6500E+03	0.0000E+00	0.0000E+00	1.4811E+00
2.6510E+03	0.0000E+00	0.0000E+00	1.4784E+00
2.6520E+03	0.0000E+00	0.0000E+00	1.4743E+00
2.6530E+03	0.0000E+00	0.0000E+00	1.4706E+00
2.6540E+03	0.0000E+00	0.0000E+00	1.4654E+00
2.6550E+03	0.0000E+00	0.0000E+00	1.4634E+00
2.6560E+03	0.0000E+00	0.0000E+00	1.4610E+00
2.6570E+03	0.0000E+00	0.0000E+00	1.4577E+00
2.6580E+03	0.0000E+00	0.0000E+00	1.4557E+00
2.6590E+03	0.0000E+00	0.0000E+00	1.4533E+00
2.6600E+03	0.0000E+00	0.0000E+00	1.4532E+00
2.6610E+03	0.0000E+00	0.0000E+00	1.4565E+00
2.6620E+03	0.0000E+00	0.0000E+00	1.4621E+00
2.6630E+03	0.0000E+00	0.0000E+00	1.4679E+00
2.6640E+03	0.0000E+00	0.0000E+00	1.4768E+00
2.6650E+03	0.0000E+00	0.0000E+00	1.4838E+00
2.6660E+03	0.0000E+00	0.0000E+00	1.4862E+00
2.6670E+03	0.0000E+00	0.0000E+00	1.4904E+00
2.6680E+03	0.0000E+00	0.0000E+00	1.4907E+00
2.6690E+03	0.0000E+00	0.0000E+00	1.4857E+00
2.6700E+03	0.0000E+00	0.0000E+00	1.4830E+00
2.6710E+03	0.0000E+00	0.0000E+00	1.4821E+00
2.6720E+03	0.0000E+00	0.0000E+00	1.4804E+00
2.6730E+03	0.0000E+00	0.0000E+00	1.4781E+00
2.6740E+03	0.0000E+00	0.0000E+00	1.4696E+00
2.6750E+03	0.0000E+00	0.0000E+00	1.4622E+00
2.6760E+03	0.0000E+00	0.0000E+00	1.4631E+00
2.6770E+03	0.0000E+00	0.0000E+00	1.4562E+00
2.6780E+03	0.0000E+00	0.0000E+00	1.4565E+00
2.6790E+03	0.0000E+00	0.0000E+00	1.4530E+00
2.6800E+03	0.0000E+00	0.0000E+00	1.4490E+00
2.6810E+03	0.0000E+00	0.0000E+00	1.4465E+00
2.6820E+03	0.0000E+00	0.0000E+00	1.4450E+00
2.6830E+03	0.0000E+00	0.0000E+00	1.4448E+00
2.6840E+03	0.0000E+00	0.0000E+00	1.4443E+00
2.6850E+03	0.0000E+00	0.0000E+00	1.4414E+00
2.6860E+03	0.0000E+00	0.0000E+00	1.4452E+00
2.6870E+03	0.0000E+00	0.0000E+00	1.4530E+00
2.6880E+03	0.0000E+00	0.0000E+00	1.4584E+00
2.6890E+03	0.0000E+00	0.0000E+00	1.4653E+00
2.6900E+03	0.0000E+00	0.0000E+00	1.4747E+00
2.6910E+03	0.0000E+00	0.0000E+00	1.4826E+00
2.6920E+03	0.0000E+00	0.0000E+00	1.4827E+00
2.6930E+03	0.0000E+00	0.0000E+00	1.4796E+00
2.6940E+03	0.0000E+00	0.0000E+00	1.4785E+00
2.6950E+03	0.0000E+00	0.0000E+00	1.4772E+00
2.6960E+03	0.0000E+00	0.0000E+00	1.4725E+00
2.6970E+03	0.0000E+00	0.0000E+00	1.4719E+00
2.6980E+03	0.0000E+00	0.0000E+00	1.4730E+00
2.6990E+03	0.0000E+00	0.0000E+00	1.4755E+00
2.7000E+03	0.0000E+00	0.0000E+00	1.4750E+00
2.7010E+03	0.0000E+00	0.0000E+00	1.4706E+00
2.7020E+03	0.0000E+00	0.0000E+00	1.4670E+00
2.7030E+03	0.0000E+00	0.0000E+00	1.4659E+00
2.7040E+03	0.0000E+00	0.0000E+00	1.4604E+00
2.7050E+03	0.0000E+00	0.0000E+00	1.4611E+00
2.7060E+03	0.0000E+00	0.0000E+00	1.4561E+00
2.7070E+03	0.0000E+00	0.0000E+00	1.4548E+00
2.7080E+03	0.0000E+00	0.0000E+00	1.4528E+00
2.7090E+03	0.0000E+00	0.0000E+00	1.4552E+00
2.7100E+03	0.0000E+00	0.0000E+00	1.4609E+00
2.7110E+03	0.0000E+00	0.0000E+00	1.4706E+00
2.7120E+03	0.0000E+00	0.0000E+00	1.4801E+00
2.7130E+03	0.0000E+00	0.0000E+00	1.4865E+00
2.7140E+03	0.0000E+00	0.0000E+00	1.4873E+00
2.7150E+03	0.0000E+00	0.0000E+00	1.4882E+00
2.7160E+03	0.0000E+00	0.0000E+00	1.4903E+00
2.7170E+03	0.0000E+00	0.0000E+00	1.4927E+00
2.7180E+03	0.0000E+00	0.0000E+00	1.4873E+00
2.7190E+03	0.0000E+00	0.0000E+00	1.4874E+00
2.7200E+03	0.0000E+00	0.0000E+00	1.4845E+00
2.7210E+03	0.0000E+00	0.0000E+00	1.4825E+00
2.7220E+03	0.0000E+00	0.0000E+00	1.4791E+00
2.7230E+03	0.0000E+00	0.0000E+00	1.4751E+00
2.7240E+03	0.0000E+00	0.0000E+00	1.4754E+00
2.7250E+03	0.0000E+00	0.0000E+00	1.4739E+00
2.7260E+03	0.0000E+00	0.0000E+00	1.4659E+00
2.7270E+03	0.0000E+00	0.0000E+00	1.4625E+00
2.7280E+03	0.0000E+00	0.0000E+00	1.4595E+00
2.7290E+03	0.0000E+00	0.0000E+00	1.4575E+00
2.7300E+03	0.0000E+00	0.0000E+00	1.4563E+00
2.7310E+03	0.0000E+00	0.0000E+00	1.4521E+00
2.7320E+03	0.0000E+00	0.0000E+00	1.4528E+00
2.7330E+03	0.0000E+00	0.0000E+00	1.4529E+00
2.7340E+03	0.0000E+00	0.0000E+00	1.4560E+00
2.7350E+03	0.0000E+00	0.0000E+00	1.4599E+00
2.7360E+03	0.0000E+00	0.0000E+00	1.4654E+00
2.7370E+03	0.0000E+00	0.0000E+00	1.4705E+00
2.7380E+03	0.0000E+00	0.0000E+00	1.4778E+00
2.7390E+03	0.0000E+00	0.0000E+00	1.4805E+00
2.7400E+03	0.0000E+00	0.0000E+00	1.4809E+00
2.7410E+03	0.0000E+00	0.0000E+00	1.4840E+00
2.7420E+03	0.0000E+00	0.0000E+00	1.4841E+00
2.7430E+03	0.0000E+00	0.0000E+00	1.4822E+00
2.7440E+03	0.0000E+00	0.0000E+00	1.4793E+00
2.7450E+03	0.0000E+00	0.0000E+00	1.4774E+00
2.7460E+03	0.0000E+00	0.0000E+00	1.4744E+00
2.7470E+03	0.0000E+00	0.0000E+00	1.4739E+00
2.7480E+03	0.0000E+00	0.0000E+00	1.4744E+00
2.7490E+03	0.0000E+00	0.0000E+00	1.4792E+00
2.7500E+03	0.0000E+00	0.0000E+00	1.4778E+00
2.7510E+03	0.0000E+00	0.0000E+00	1.4791E+00
2.7520E+03	0.0000E+00	0.0000E+00	1.4777E+00
2.7530E+03	0.0000E+00	0.0000E+00	1.4805E+00
2.7540E+03	0.0000E+00	0.0000E+00	1.4885E+00
2.7550E+03	0.0000E+00	0.0000E+00	1.4924E+00
2.7560E+03	0.0000E+00	0.0000E+00	1.4925E+00
2.7570E+03	0.0000E+00	0.0000E+00	1.4912E+00
2.7580E+03	0.0000E+00	0.0000E+00	1.4886E+00
2.7590E+03	0.0000E+00	0.0000E+00	1.4881E+00
2.7600E+03	0.0000E+00	0.0000E+00	1.4922E+00
2.7610E+03	0.0000E+00	0.0000E+00	1.4915E+00
2.7620E+03	0.0000E+00	0.0000E+00	1.4918E+00
2.7630E+03	0.0000E+00	0.0000E+00	1.4895E+00
2.7640E+03	0.0000E+00	0.0000E+00	1.4862E+00
2.7650E+03	0.0000E+00	0.0000E+00	1.4876E+00
2.7660E+03	0.0000E+00	0.0000E+00	1.4887E+00
2.7670E+03	0.0000E+00	0.0000E+00	1.4889E+00
2.7680E+03	0.0000E+00	0.0000E+00	1.4817E+00
2.7690E+03	0.0000E+00	0.0000E+00	1.4789E+00
2.7700E+03	0.0000E+00	0.0000E+00	1.4752E+00
2.7710E+03	0.0000E+00	0.0000E+00	1.4734E+00
2.7720E+03	0.0000E+00	0.0000E+00	1.4697E+00
2.7730E+03	0.0000E+00	0.0000E+00	1.4671E+00
2.7740E+03	0.0000E+00	0.0000E+00	1.4631E+00
2.7750E+03	0.0000E+00	0.0000E+00	1.4590E+00
2.7760E+03	0.0000E+00	0.0000E+00	1.4547E+00
2.7770E+03	0.0000E+00	0.0000E+00	1.4508E+00
2.7780E+03	0.0000E+00	0.0000E+00	1.4474E+00
2.7790E+03	0.0000E+00	0.0000E+00	1.4440E+00
2.7800E+03	0.0000E+00	0.0000E+00	1.4406E+00
2.7810E+03	0.0000E+00	0.0000E+00	1.4402E+00
2.7820E+03	0.0000E+00	0.0000E+00	1.4406E+00
2.7830E+03	0.0000E+00	0.0000E+00	1.4463E+00
2.7840E+03	0.0000E+00	0.0000E+00	1.4499E+00
2.7850E+03	0.0000E+00	0.0000E+00	1.4563E+00
2.7860E+03	0.0000E+00	0.0000E+00	1.4590E+00
2.7870E+03	0.0000E+00	0.0000E+00	1.4618E+00
2.7880E+03	0.0000E+00	0.0000E+00	1.4606E+00
2.7890E+03	0.0000E+00	0.0000E+00	1.4606E+00
2.7900E+03	0.0000E+00	0.0000E+00	1.4582E+00
2.7910E+03	0.0000E+00	0.0000E+00	1.4539E+00
2.7920E+03	0.0000E+00	0.0000E+00	1.4541E+00
2.7930E+03	0.0000E+00	0.0000E+00	1.4532E+00
2.7940E+03	0.0000E+00	0.0000E+00	1.4512E+00
2.7950E+03	0.0000E+00	0.0000E+00	1.4477E+00
2.7960E+03	0.0000E+00	0.0000E+00	1.4480E+00
2.7970E+03	0.0000E+00	0.0000E+00	1.4440E+00
2.7980E+03	0.0000E+00	0.0000E+00	1.4432E+00
2.7990E+03	0.0000E+00	0.0000E+00	1.4398E+00
2.8000E+03	0.0000E+00	0.0000E+00	1.4385E+00
2.8010E+03	0.0000E+00	0.0000E+00	1.4327E+00
2.8020E+03	0.0000E+00	0.0000E+00	1.4275E+00
2.8030E+03	0.0000E+00	0.0000E+00	1.4262E+00
2.8040E+03	0.0000E+00	0.0000E+00	1.4221E+00
2.8050E+03	0.0000E+00	0.0000E+00	1.4186E+00
2.8060E+03	0.0000E+00	0.0000E+00	1.4195E+00
2.8070E+03	0.0000E+00	0.0000E+00	1.4240E+00
2.8080E+03	0.0000E+00	0.0000E+00	1.4280E+00
2.8090E+03	0.0000E+00	0.0000E+00	1.4311E+00
2.8100E+03	0.0000E+00	0.0000E+00	1.4358E+00
2.8110E+03	0.0000E+00	0.0000E+00	1.4362E+00
2.8120E+03	0.0000E+00	0.0000E+00	1.4367E+00
2.8130E+03	0.0000E+00	0.0000E+00	1.4365E+00
2.8140E+03	0.0000E+00	0.0000E+00	1.4374E+00
2.8150E+03	0.0000E+00	0.0000E+00	1.4346E+00
2.8160E+03	0.0000E+00	0.0000E+00	1.4360E+00
2.8170E+03	0.0000E+00	0.0000E+00	1.4356E+00
2.8180E+03	0.0000E+00	0.0000E+00	1.4349E+00
2.8190E+03	0.0000E+00	0.0000E+00	1.4321E+00
2.8200E+03	0.0000E+00	0.0000E+00	1.4308E+00
2.8210E+03	0.0000E+00	0.0000E+00	1.4307E+00
2.8220E+03	0.0000E+00	0.0000E+00	1.4263E+00
2.8230E+03	0.0000E+00	0.0000E+00	1.4223E+00
2.8240E+03	0.0000E+00	0.0000E+00	1.4206E+00
2.8250E+03	0.0000E+00	0.0000E+00	1.4186E+00
2.8260E+03	0.0000E+00	0.0000E+00	1.4151E+00
2.8270E+03	0.0000E+00	0.0000E+00	1.4139E+00
2.8280E+03	0.0000E+00	0.0000E+00	1.4106E+00
2.8290E+03	0.0000E+00	0.0000E+00	1.4090E+00
2.8300E+03	0.0000E+00	0.0000E+00	1.4084E+00
2.8310E+03	0.0000E+00	0.0000E+00	1.4094E+00
2.8320E+03	0.0000E+00	0.0000E+00	1.4113E+00
2.8330E+03	0.0000E+00	0.0000E+00	1.4119E+00
2.8340E+03	0.0000E+00	0.0000E+00	1.4132E+00
2.8350E+03	0.0000E+00	0.0000E+00	1.4193E+00
2.8360E+03	0.0000E+00	0.0000E+00	1.4233E+00
2.8370E+03	0.0000E+00	0.0000E+00	1.4217E+00
2.8380E+03	0.0000E+00	0.0000E+00	1.4204E+00
2.8390E+03	0.0000E+00	0.0000E+00	1.4202E+00
2.8400E+03	0.0000E+00	0.0000E+00	1.4195E+00
2.8410E+03	0.0000E+00	0.0000E+00	1.4202E+00
2.8420E+03	0.0000E+00	0.0000E+00	1.4213E+00
2.8430E+03	0.0000E+00	0.0000E+00	1.4210E+00
2.8440E+03	0.0000E+00	0.0000E+00	1.4188E+00
2.8450E+03	0.0000E+00	0.0000E+00	1.4173E+00
2.8460E+03	0.0000E+00	0.0000E+00	1.4142E+00
2.8470E+03	0.0000E+00	0.0000E+00	1.4112E+00
2.8480E+03	0.0000E+00	0.0000E+00	1.4088E+00
2.8490E+03	0.0000E+00	0.0000E+00	1.4062E+00
2.8500E+03	0.0000E+00	0.0000E+00	1.4043E+00
2.8510E+03	0.0000E+00	0.0000E+00	1.4040E+00
2.8520E+03	0.0000E+00	0.0000E+00	1.3994E+00
2.8530E+03	0.0000E+00	0.0000E+00	1.3979E+00
2.8540E+03	0.0000E+00	0.0000E+00	1.3982E+00
2.8550E+03	0.0000E+00	0.0000E+00	1.3995E+00
2.8560E+03	0.0000E+00	0.0000E+00	1.4015E+00
2.8570E+03	0.0000E+00	0.0000E+00	1.4074E+00
2.8580E+03	0.0000E+00	0.0000E+00	1.4117E+00
2.8590E+03	0.0000E+00	0.0000E+00	1.4159E+00
2.8600E+03	0.0000E+00	0.0000E+00	1.4188E+00
2.8610E+03	0.0000E+00	0.0000E+00	1.4193E+00
2.8620E+03	0.0000E+00	0.0000E+00	1.4173E+00
2.8630E+03	0.0000E+00	0.0000E+00	1.4149E+00
2.8640E+03	0.0000E+00	0.0000E+00	1.4143E+00
2.8650E+03	0.0000E+00	0.0000E+00	1.4143E+00
2.8660E+03	0.0000E+00	0.0000E+00	1.4127E+00
2.8670E+03	0.0000E+00	0.0000E+00	1.4139E+00
2.8680E+03	0.0000E+00	0.0000E+00	1.4095E+00
2.8690E+03	0.0000E+00	0.0000E+00	1.4079E+00
2.8700E+03	0.0000E+00	0.0000E+00	1.4063E+00
2.8710E+03	0.0000E+00	0.0000E+00	1.4055E+00
2.8720E+03	0.0000E+00	0.0000E+00	1.4019E+00
2.8730E+03	0.0000E+00	0.0000E+00	1.3983E+00
2.8740E+03	0.0000E+00	0.0000E+00	1.3966E+00
2.8750E+03	0.0000E+00	0.0000E+00	1.3954E+00
2.8760E+03	0.0000E+00	0.0000E+00	1.3946E+00
2.8770E+03	0.0000E+00	0.0000E+00	1.3950E+00
2.8780E+03	0.0000E+00	0.0000E+00	1.3936E+00
2.8790E+03	0.0000E+00	0.0000E+00	1.3940E+00
2.8800E+03	0.0000E+00	0.0000E+00	1.3980E+00
2.8810E+03	0.0000E+00	0.0000E+00	1.4006E+00
2.8820E+03	0.0000E+00	0.0000E+00	1.4065E+00
2.8830E+03	0.0000E+00	0.0000E+00	1.4090E+00
2.8840E+03	0.0000E+00	0.0000E+00	1.4094E+00
2.8850E+03	0.0000E+00	0.0000E+00	1.4088E+00
2.8860E+03	0.0000E+00	0.0000E+00	1.4094E+00
2.8870E+03	0.0000E+00	0.0000E+00	1.4059E+00
2.8880E+03	0.0000E+00	0.0000E+00	1.4077E+00
2.8890E+03	0.0000E+00	0.0000E+00	1.4071E+00
2.8900E+03	0.0000E+00	0.0000E+00	1.4071E+00
2.8910E+03	0.0000E+00	0.0000E+00	1.4066E+00
2.8920E+03	0.0000E+00	0.0000E+00	1.4056E+00
2.8930E+03	0.0000E+00	0.0000E+00	1.4031E+00
2.8940E+03	0.0000E+00	0.0000E+00	1.4031E+00
2.8950E+03	0.0000E+00	0.0000E+00	1.3981E+00
2.8960E+03	0.0000E+00	0.0000E+00	1.3949E+00
2.8970E+03	0.0000E+00	0.0000E+00	1.3922E+00
2.8980E+03	0.0000E+00	0.0000E+00	1.3899E+00
2.8990E+03	0.0000E+00	0.0000E+00	1.3900E+00
2.9000E+03	0.0000E+00	0.0000E+00	1.3878E+00
2.9010E+03	0.0000E+00	0.0000E+00	1.3856E+00
2.9020E+03	0.0000E+00	0.0000E+00	1.3848E+00
2.9030E+03	0.0000E+00	0.0000E+00	1.3861E+00
2.9040E+03	0.0000E+00	0.0000E+00	1.3858E+00
2.9050E+03	0.0000E+00	0.0000E+00	1.3893E+00
2.9060E+03	0.0000E+00	0.0000E+00	1.3903E+00
2.9070E+03	0.0000E+00	0.0000E+00	1.3929E+00
2.9080E+03	0.0000E+00	0.0000E+00	1.3994E+00
2.9090E+03	0.0000E+00	0.0000E+00	1.3994E+00
2.9100E+03	0.0000E+00	0.0000E+00	1.3994E+00
2.9110E+03	0.0000E+00	0.0000E+00	1.3993E+00
2.9120E+03	0.0000E+00	0.0000E+00	1.4008E+00
2.9130E+03	0.0000E+00	0.0000E+00	1.3990E+00
2.9140E+03	0.0000E+00	0.0000E+00	1.3977E+00
2.9150E+03	0.0000E+00	0.0000E+00	1.3956E+00
2.9160E+03	0.0000E+00	0.0000E+00	1.3951E+00
2.9170E+03	0.0000E+00	0.0000E+00	1.3939E+00
2.9180E+03	0.0000E+00	0.0000E+00	1.3935E+00
2.9190E+03	0.0000E+00	0.0000E+00	1.3919E+00
2.9200E+03	0.0000E+00	0.0000E+00	1.3880E+00
2.9210E+03	0.0000E+00	0.0000E+00	1.3686E+00
2.9220E+03	0.0000E+00	0.0000E+00	1.3517E+00
2.9230E+03	0.0000E+00	0.0000E+00	1.3480E+00
2.9240E+03	0.0000E+00	0.0000E+00	1.3443E+00
2.9250E+03	0.0000E+00	0.0000E+00	1.3426E+00
2.9260E+03	0.0000E+00	0.0000E+00	1.3410E+00
2.9270E+03	0.0000E+00	0.0000E+00	1.3407E+00
2.9280E+03	0.0000E+00	0.0000E+00	1.3439E+00
2.9290E+03	0.0000E+00	0.0000E+00	1.3467E+00
2.9300E+03	0.0000E+00	0.0000E+00	1.3508E+00
2.9310E+03	0.0000E+00	0.0000E+00	1.3562E+00
2.9320E+03	0.0000E+00	0.0000E+00	1.3597E+00
2.9330E+03	0.0000E+00	0.0000E+00	1.3626E+00
2.9340E+03	0.0000E+00	0.0000E+00	1.3596E+00
2.9350E+03	0.0000E+00	0.0000E+00	1.3598E+00
2.9360E+03	0.0000E+00	0.0000E+00	1.3602E+00
2.9370E+03	0.0000E+00	0.0000E+00	1.3608E+00
2.9380E+03	0.0000E+00	0.0000E+00	1.3573E+00
2.9390E+03	0.0000E+00	0.0000E+00	1.3574E+00
2.9400E+03	0.0000E+00	0.0000E+00	1.3573E+00
2.9410E+03	0.0000E+00	0.0000E+00	1.3545E+00
2.9420E+03	0.0000E+00	0.0000E+00	1.3487E+00
2.9430E+03	0.0000E+00	0.0000E+00	1.3476E+00
2.9440E+03	0.0000E+00	0.0000E+00	1.3453E+00
2.9450E+03	0.0000E+00	0.0000E+00	1.3434E+00
2.9460E+03	0.0000E+00	0.0000E+00	1.3418E+00
2.9470E+03	0.0000E+00	0.0000E+00	1.3412E+00
2.9480E+03	0.0000E+00	0.0000E+00	1.3386E+00
2.9490E+03	0.0000E+00	0.0000E+00	1.3366E+00
2.9500E+03	0.0000E+00	0.0000E+00	1.3365E+00
2.9510E+03	0.0000E+00	0.0000E+00	1.3372E+00
2.9520E+03	0.0000E+00	0.0000E+00	1.3379E+00
2.9530E+03	0.0000E+00	0.0000E+00	1.3432E+00
2.9540E+03	0.0000E+00	0.0000E+00	1.3464E+00
2.9550E+03	0.0000E+00	0.0000E+00	1.3498E+00
2.9560E+03	0.0000E+00	0.0000E+00	1.3494E+00
2.9570E+03	0.0000E+00	0.0000E+00	1.3513E+00
2.9580E+03	0.0000E+00	0.0000E+00	1.3521E+00
2.9590E+03	0.0000E+00	0.0000E+00	1.3530E+00
2.9600E+03	0.0000E+00	0.0000E+00	1.3529E+00
2.9610E+03	0.0000E+00	0.0000E+00	1.3523E+00
2.9620E+03	0.0000E+00	0.0000E+00	1.3515E+00
2.9630E+03	0.0000E+00	0.0000E+00	1.3522E+00
2.9640E+03	0.0000E+00	0.0000E+00	1.3490E+00
2.9650E+03	0.0000E+00	0.0000E+00	1.3473E+00
2.9660E+03	0.0000E+00	0.0000E+00	1.3445E+00
2.9670E+03	0.0000E+00	0.0000E+00	1.3412E+00
2.9680E+03	0.0000E+00	0.0000E+00	1.3383E+00
2.9690E+03	0.0000E+00	0.0000E+00	1.3383E+00
2.9700E+03	0.0000E+00	0.0000E+00	1.3378E+00
2.9710E+03	0.0000E+00	0.0000E+00	1.3367E+00
2.9720E+03	0.0000E+00	0.0000E+00	1.3344E+00
2.9730E+03	0.0000E+00	0.0000E+00	1.3309E+00
2.9740E+03	0.0000E+00	0.0000E+00	1.3274E+00
2.9750E+03	0.0000E+00	0.0000E+00	1.3290E+00
2.9760E+03	0.0000E+00	0.0000E+00	1.3292E+00
2.9770E+03	0.0000E+00	0.0000E+00	1.3322E+00
2.9780E+03	0.0000E+00	0.0000E+00	1.3371E+00
2.9790E+03	0.0000E+00	0.0000E+00	1.3432E+00
2.9800E+03	0.0000E+00	0.0000E+00	1.3470E+00
2.9810E+03	0.0000E+00	0.0000E+00	1.3483E+00
2.9820E+03	0.0000E+00	0.0000E+00	1.3482E+00
2.9830E+03	0.0000E+00	0.0000E+00	1.3486E+00
2.9840E+03	0.0000E+00	0.0000E+00	1.3499E+00
2.9850E+03	0.0000E+00	0.0000E+00	1.3496E+00
2.9860E+03	0.0000E+00	0.0000E+00	1.3484E+00
2.9870E+03	0.0000E+00	0.0000E+00	1.3446E+00
2.9880E+03	0.0000E+00	0.0000E+00	1.3419E+00
2.9890E+03	0.0000E+00	0.0000E+00	1.3411E+00
2.9900E+03	0.0000E+00	0.0000E+00	1.3414E+00
2.9910E+03	0.0000E+00	0.0000E+00	1.3404E+00
2.9920E+03	0.0000E+00	0.0000E+00	1.3381E+00
2.9930E+03	0.0000E+00	0.0000E+00	1.3385E+00
2.9940E+03	0.0000E+00	0.0000E+00	1.3361E+00
2.9950E+03	0.0000E+00	0.0000E+00	1.3354E+00
2.9960E+03	0.0000E+00	0.0000E+00	1.3345E+00
2.9970E+03	0.0000E+00	0.0000E+00	1.3318E+00
2.9980E+03	0.0000E+00	0.0000E+00	1.3310E+00
2.9990E+03	0.0000E+00	0.0000E+00	1.3286E+00
3.0000E+03	0.0000E+00	0.0000E+00	1.3292E+00
3.0010E+03	0.0000E+00	0.0000E+00	1.3294E+00
3.0020E+03	0.0000E+00	0.0000E+00	1.3314E+00
3.0030E+03	0.0000E+00	0.0000E+00	1.3324E+00
3.0040E+03	0.0000E+00	0.0000E+00	1.3340E+00
3.0050E+03	0.0000E+00	0.0000E+00	1.3371E+00
3.0060E+03	0.0000E+00	0.0000E+00	1.3395E+00
3.0070E+03	0.0000E+00	0.0000E+00	1.3399E+00
3.0080E+03	0.0000E+00	0.0000E+00	1.3398E+00
3.0090E+03	0.0000E+00	0.0000E+00	1.3401E+00
3.0100E+03	0.0000E+00	0.0000E+00	1.3399E+00
3.0110E+03	0.0000E+00	0.0000E+00	1.3402E+00
3.0120E+03	0.0000E+00	0.0000E+00	1.3390E+00
3.0130E+03	0.0000E+00	0.0000E+00	1.3387E+00
3.0140E+03	0.0000E+00	0.0000E+00	1.3353E+00
3.0150E+03	0.0000E+00	0.0000E+00	1.3313E+00
3.0160E+03	0.0000E+00	0.0000E+00	1.3294E+00
3.0170E+03	0.0000E+00	0.0000E+00	1.3307E+00
3.0180E+03	0.0000E+00	0.0000E+00	1.3301E+00
3.0190E+03	0.0000E+00	0.0000E+00	1.3294E+00
3.0200E+03	0.0000E+00	0.0000E+00	1.3269E+00
3.0210E+03	0.0000E+00	0.0000E+00	1.3254E+00
3.0220E+03	0.0000E+00	0.0000E+00	1.3235E+00
3.0230E+03	0.0000E+00	0.0000E+00	1.3235E+00
3.0240E+03	0.0000E+00	0.0000E+00	1.3244E+00
3.0250E+03	0.0000E+00	0.0000E+00	1.3283E+00
3.0260E+03	0.0000E+00	0.0000E+00	1.3300E+00
3.0270E+03	0.0000E+00	0.0000E+00	1.3334E+00
3.0280E+03	0.0000E+00	0.0000E+00	1.3358E+00
3.0290E+03	0.0000E+00	0.0000E+00	1.3382E+00
3.0300E+03	0.0000E+00	0.0000E+00	1.3371E+00
3.0310E+03	0.0000E+00	0.0000E+00	1.3363E+00
3.0320E+03	0.0000E+00	0.0000E+00	1.3354E+00
3.0330E+03	0.0000E+00	0.0000E+00	1.3343E+00
3.0340E+03	0.0000E+00	0.0000E+00	1.3347E+00
3.0350E+03	0.0000E+00	0.0000E+00	1.3341E+00
3.0360E+03	0.0000E+00	0.0000E+00	1.3349E+00
3.0370E+03	0.0000E+00	0.0000E+00	1.3353E+00
3.0380E+03	0.0000E+00	0.0000E+00	1.3328E+00
3.0390E+03	0.0000E+00	0.0000E+00	1.3317E+00
3.0400E+03	0.0000E+00	0.0000E+00	1.3271E+00
3.0410E+03	0.0000E+00	0.0000E+00	1.3254E+00
3.0420E+03	0.0000E+00	0.0000E+00	1.3249E+00
3.0430E+03	0.0000E+00	0.0000E+00	1.3239E+00
3.0440E+03	0.0000E+00	0.0000E+00	1.3216E+00
3.0450E+03	0.0000E+00	0.0000E+00	1.3190E+00
3.0460E+03	0.0000E+00	0.0000E+00	1.3170E+00
3.0470E+03	0.0000E+00	0.0000E+00	1.3170E+00
3.0480E+03	0.0000E+00	0.0000E+00	1.3152E+00
3.0490E+03	0.0000E+00	0.0000E+00	1.3177E+00
3.0500E+03	0.0000E+00	0.0000E+00	1.3168E+00
3.0510E+03	0.0000E+00	0.0000E+00	1.3161E+00
3.0520E+03	0.0000E+00	0.0000E+00	1.3177E+00
3.0530E+03	0.0000E+00	0.0000E+00	1.3208E+00
3.0540E+03	0.0000E+00	0.0000E+00	1.3228E+00
3.0550E+03	0.0000E+00	0.0000E+00	1.3244E+00
3.0560E+03	0.0000E+00	0.0000E+00	1.3255E+00
3.0570E+03	0.0000E+00	0.0000E+00	1.3247E+00
3.0580E+03	0.0000E+00	0.0000E+00	1.3252E+00
3.0590E+03	0.0000E+00	0.0000E+00	1.3268E+00
3.0600E+03	0.0000E+00	0.0000E+00	1.3242E+00
3.0610E+03	0.0000E+00	0.0000E+00	1.3243E+00
3.0620E+03	0.0000E+00	0.0000E+00	1.3251E+00
3.0630E+03	0.0000E+00	0.0000E+00	1.3240E+00
3.0640E+03	0.0000E+00	0.0000E+00	1.3234E+00
3.0650E+03	0.0000E+00	0.0000E+00	1.3215E+00
3.0660E+03	0.0000E+00	0.0000E+00	1.3180E+00
3.0670E+03	0.0000E+00	0.0000E+00	1.3158E+00
3.0680E+03	0.0000E+00	0.0000E+00	1.3122E+00
3.0690E+03	0.0000E+00	0.0000E+00	1.3118E+00
3.0700E+03	0.0000E+00	0.0000E+00	1.3102E+00
3.0710E+03	0.0000E+00	0.0000E+00	1.3117E+00
3.0720E+03	0.0000E+00	0.0000E+00	1.3128E+00
3.0730E+03	0.0000E+00	0.0000E+00	1.3131E+00
3.0740E+03	0.0000E+00	0.0000E+00	1.3155E+00
3.0750E+03	0.0000E+00	0.0000E+00	1.3199E+00
3.0760E+03	0.0000E+00	0.0000E+00	1.3245E+00
3.0770E+03	0.0000E+00	0.0000E+00	1.3265E+00
3.0780E+03	0.0000E+00	0.0000E+00	1.3289E+00
3.0790E+03	0.0000E+00	0.0000E+00	1.3257E+00
3.0800E+03	0.0000E+00	0.0000E+00	1.3271E+00
3.0810E+03	0.0000E+00	0.0000E+00	1.3276E+00
3.0820E+03	0.0000E+00	0.0000E+00	1.3283E+00
3.0830E+03	0.0000E+00	0.0000E+00	1.3271E+00
3.0840E+03	0.0000E+00	0.0000E+00	1.3250E+00
3.0850E+03	0.0000E+00	0.0000E+00	1.3236E+00
3.0860E+03	0.0000E+00	0.0000E+00	1.3206E+00
3.0870E+03	0.0000E+00	0.0000E+00	1.3194E+00
3.0880E+03	0.0000E+00	0.0000E+00	1.3187E+00
3.0890E+03	0.0000E+00	0.0000E+00	1.3171E+00
3.0900E+03	0.0000E+00	0.0000E+00	1.3157E+00
3.0910E+03	0.0000E+00	0.0000E+00	1.3140E+00
3.0920E+03	0.0000E+00	0.0000E+00	1.3122E+00
3.0930E+03	0.0000E+00	0.0000E+00	1.3096E+00
3.0940E+03	0.0000E+00	0.0000E+00	1.3089E+00
3.0950E+03	0.0000E+00	0.0000E+00	1.3098E+00
3.0960E+03	0.0000E+00	0.0000E+00	1.3122E+00
3.0970E+03	0.0000E+00	0.0000E+00	1.3141E+00
3.0980E+03	0.0000E+00	0.0000E+00	1.3158E+00
3.0990E+03	0.0000E+00	0.0000E+00	1.3188E+00
3.1000E+03	0.0000E+00	0.0000E+00	1.3209E+00
3.1010E+03	0.0000E+00	0.0000E+00	1.3239E+00
3.1020E+03	0.0000E+00	0.0000E+00	1.3246E+00
3.1030E+03	0.0000E+00	0.0000E+00	1.3249E+00
3.1040E+03	0.0000E+00	0.0000E+00	1.3260E+00
3.1050E+03	0.0000E+00	0.0000E+00	1.3272E+00
3.1060E+03	0.0000E+00	0.0000E+00	1.3272E+00
3.1070E+03	0.0000E+00	0.0000E+00	1.3265E+00
3.1080E+03	0.0000E+00	0.0000E+00	1.3254E+00
3.1090E+03	0.0000E+00	0.0000E+00	1.3223E+00
3.1100E+03	0.0000E+00	0.0000E+00	1.3191E+00
3.1110E+03	0.0000E+00	0.0000E+00	1.3162E+00
3.1120E+03	0.0000E+00	0.0000E+00	1.3159E+00
3.1130E+03	0.0000E+00	0.0000E+00	1.3100E+00
3.1140E+03	0.0000E+00	0.0000E+00	1.3074E+00
3.1150E+03	0.0000E+00	0.0000E+00	1.3036E+00
3.1160E+03	0.0000E+00	0.0000E+00	1.3027E+00
3.1170E+03	0.0000E+00	0.0000E+00	1.3008E+00
3.1180E+03	0.0000E+00	0.0000E+00	1.2997E+00
3.1190E+03	0.0000E+00	0.0000E+00	1.2992E+00
3.1200E+03	0.0000E+00	0.0000E+00	1.2989E+00
3.1210E+03	0.0000E+00	0.0000E+00	1.2996E+00
3.1220E+03	0.0000E+00	0.0000E+00	1.3033E+00
3.1230E+03	0.0000E+00	0.0000E+00	1.3063E+00
3.1240E+03	0.0000E+00	0.0000E+00	1.3090E+00
3.1250E+03	0.0000E+00	0.0000E+00	1.3127E+00
3.1260E+03	0.0000E+00	0.0000E+00	1.3134E+00
3.1270E+03	0.0000E+00	0.0000E+00	1.3124E+00
3.1280E+03	0.0000E+00	0.0000E+00	1.3143E+00
3.1290E+03	0.0000E+00	0.0000E+00	1.3166E+00
3.1300E+03	0.0000E+00	0.0000E+00	1.3156E+00
3.1310E+03	0.0000E+00	0.0000E+00	1.3151E+00
3.1320E+03	0.0000E+00	0.0000E+00	1.3126E+00
3.1330E+03	0.0000E+00	0.0000E+00	1.3127E+00
3.1340E+03	0.0000E+00	0.0000E+00	1.3111E+00
3.1350E+03	0.0000E+00	0.0000E+00	1.3080E+00
3.1360E+03	0.0000E+00	0.0000E+00	1.3063E+00
3.1370E+03	0.0000E+00	0.0000E+00	1.3052E+00
3.1380E+03	0.0000E+00	0.0000E+00	1.3056E+00
3.1390E+03	0.0000E+00	0.0000E+00	1.3036E+00
3.1400E+03	0.0000E+00	0.0000E+00	1.3004E+00
3.1410E+03	0.0000E+00	0.0000E+00	1.2981E+00
3.1420E+03	0.0000E+00	0.0000E+00	1.2965E+00
3.1430E+03	0.0000E+00	0.0000E+00	1.2961E+00
3.1440E+03	0.0000E+00	0.0000E+00	1.2974E+00
3.1450E+03	0.0000E+00	0.0000E+00	1.3002E+00
3.1460E+03	0.0000E+00	0.0000E+00	1.3030E+00
3.1470E+03	0.0000E+00	0.0000E+00	1.3046E+00
3.1480E+03	0.0000E+00	0.0000E+00	1.3082E+00
3.1490E+03	0.0000E+00	0.0000E+00	1.3103E+00
3.1500E+03	0.0000E+00	0.0000E+00	1.3120E+00
3.1510E+03	0.0000E+00	0.0000E+00	1.3133E+00
3.1520E+03	0.0000E+00	0.0000E+00	1.3168E+00
3.1530E+03	0.0000E+00	0.0000E+00	1.3167E+00
3.1540E+03	0.0000E+00	0.0000E+00	1.3190E+00
3.1550E+03	0.0000E+00	0.0000E+00	1.3195E+00
3.1560E+03	0.0000E+00	0.0000E+00	1.3171E+00
3.1570E+03	0.0000E+00	0.0000E+00	1.3152E+00
3.1580E+03	0.0000E+00	0.0000E+00	1.3162E+00
3.1590E+03	0.0000E+00	0.0000E+00	1.3154E+00
3.1600E+03	0.0000E+00	0.0000E+00	1.3119E+00
3.1610E+03	0.0000E+00	0.0000E+00	1.3096E+00
3.1620E+03	0.0000E+00	0.0000E+00	1.3090E+00
3.1630E+03	0.0000E+00	0.0000E+00	1.3071E+00
3.1640E+03	0.0000E+00	0.0000E+00	1.3048E+00
3.1650E+03	0.0000E+00	0.0000E+00	1.3026E+00
3.1660E+03	0.0000E+00	0.0000E+00	1.3005E+00
3.1670E+03	0.0000E+00	0.0000E+00	1.3012E+00
3.1680E+03	0.0000E+00	0.0000E+00	1.3016E+00
3.1690E+03	0.0000E+00	0.0000E+00	1.3009E+00
3.1700E+03	0.0000E+00	0.0000E+00	1.3011E+00
3.1710E+03	0.0000E+00	0.0000E+00	1.3023E+00
3.1720E+03	0.0000E+00	0.0000E+00	1.3058E+00
3.1730E+03	0.0000E+00	0.0000E+00	1.3076E+00
3.1740E+03	0.0000E+00	0.0000E+00	1.3092E+00
3.1750E+03	0.0000E+00	0.0000E+00	1.3114E+00
3.1760E+03	0.0000E+00	0.0000E+00	1.3124E+00
3.1770E+03	0.0000E+00	0.0000E+00	1.3127E+00
3.1780E+03	0.0000E+00	0.0000E+00	1.3149E+00
3.1790E+03	0.0000E+00	0.0000E+00	1.3140E+00
3.1800E+03	0.0000E+00	0.0000E+00	1.3143E+00
3.1810E+03	0.0000E+00	0.0000E+00	1.3144E+00
3.1820E+03	0.0000E+00	0.0000E+00	1.3152E+00
3.1830E+03	0.0000E+00	0.0000E+00	1.3155E+00
3.1840E+03	0.0000E+00	0.0000E+00	1.3117E+00
3.1850E+03	0.0000E+00	0.0000E+00	1.3081E+00
3.1860E+03	0.0000E+00	0.0000E+00	1.3071E+00
3.1870E+03	0.0000E+00	0.0000E+00	1.3065E+00
3.1880E+03	0.0000E+00	0.0000E+00	1.3050E+00
3.1890E+03	0.0000E+00	0.0000E+00	1.3038E+00
3.1900E+03	0.0000E+00	0.0000E+00	1.3044E+00
3.1910E+03	0.0000E+00	0.0000E+00	1.3038E+00
3.1920E+03	0.0000E+00	0.0000E+00	1.3028E+00
3.1930E+03	0.0000E+00	0.0000E+00	1.3025E+00
3.1940E+03	0.0000E+00	0.0000E+00	1.3025E+00
3.1950E+03	0.0000E+00	0.0000E+00	1.3014E+00
3.1960E+03	0.0000E+00	0.0000E+00	1.3014E+00
3.1970E+03	0.0000E+00	0.0000E+00	1.3023E+00
3.1980E+03	0.0000E+00	0.0000E+00	1.3029E+00
3.1990E+03	0.0000E+00	0.0000E+00	1.3024E+00
3.2000E+03	0.0000E+00	0.0000E+00	1.3037E+00
3.2010E+03	0.0000E+00	0.0000E+00	1.3065E+00
3.2020E+03	0.0000E+00	0.0000E+00	1.3076E+00
3.2030E+03	0.0000E+00	0.0000E+00	1.3096E+00
3.2040E+03	0.0000E+00	0.0000E+00	1.3101E+00
3.2050E+03	0.0000E+00	0.0000E+00	1.3080E+00
3.2060E+03	0.0000E+00	0.0000E+00	1.3070E+00
3.2070E+03	0.0000E+00	0.0000E+00	1.3074E+00
3.2080E+03	0.0000E+00	0.0000E+00	1.3080E+00
3.2090E+03	0.0000E+00	0.0000E+00	1.3080E+00
3.2100E+03	0.0000E+00	0.0000E+00	1.3051E+00
3.2110E+03	0.0000E+00	0.0000E+00	1.3022E+00
3.2120E+03	0.0000E+00	0.0000E+00	1.2995E+00
3.2130E+03	0.0000E+00	0.0000E+00	1.2959E+00
3.2140E+03	0.0000E+00	0.0000E+00	1.2954E+00
3.2150E+03	0.0000E+00	0.0000E+00	1.2941E+00
3.2160E+03	0.0000E+00	0.0000E+00	1.2938E+00
3.2170E+03	0.0000E+00	0.0000E+00	1.2950E+00
3.2180E+03	0.0000E+00	0.0000E+00	1.2954E+00
3.2190E+03	0.0000E+00	0.0000E+00	1.2978E+00
3.2200E+03	0.0000E+00	0.0000E+00	1.2999E+00
3.2210E+03	0.0000E+00	0.0000E+00	1.2979E+00
3.2220E+03	0.0000E+00	0.0000E+00	1.2990E+00
3.2230E+03	0.0000E+00	0.0000E+00	1.3023E+00
3.2240E+03	0.0000E+00	0.0000E+00	1.3059E+00
3.2250E+03	0.0000E+00	0.0000E+00	1.3072E+00
3.2260E+03	0.0000E+00	0.0000E+00	1.3089E+00
3.2270E+03	0.0000E+00	0.0000E+00	1.3100E+00
3.2280E+03	0.0000E+00	0.0000E+00	1.3087E+00
3.2290E+03	0.0000E+00	0.0000E+00	1.3084E+00
3.2300E+03	0.0000E+00	0.0000E+00	1.3073E+00
3.2310E+03	0.0000E+00	0.0000E+00	1.3073E+00
3.2320E+03	0.0000E+00	0.0000E+00	1.3066E+00
3.2330E+03	0.0000E+00	0.0000E+00	1.3056E+00
3.2340E+03	0.0000E+00	0.0000E+00	1.3033E+00
3.2350E+03	0.0000E+00	0.0000E+00	1.3012E+00
3.2360E+03	0.0000E+00	0.0000E+00	1.2986E+00
3.2370E+03	0.0000E+00	0.0000E+00	1.2947E+00
3.2380E+03	0.0000E+00	0.0000E+00	1.2939E+00
3.2390E+03	0.0000E+00	0.0000E+00	1.2937E+00
3.2400E+03	0.0000E+00	0.0000E+00	1.2929E+00
3.2410E+03	0.0000E+00	0.0000E+00	1.2932E+00
3.2420E+03	0.0000E+00	0.0000E+00	1.2905E+00
3.2430E+03	0.0000E+00	0.0000E+00	1.2934E+00
3.2440E+03	0.0000E+00	0.0000E+00	1.2945E+00
3.2450E+03	0.0000E+00	0.0000E+00	1.2940E+00
3.2460E+03	0.0000E+00	0.0000E+00	1.2967E+00
3.2470E+03	0.0000E+00	0.0000E+00	1.3013E+00
3.2480E+03	0.0000E+00	0.0000E+00	1.3021E+00
3.2490E+03	0.0000E+00	0.0000E+00	1.3042E+00
3.2500E+03	0.0000E+00	0.0000E+00	1.3062E+00
3.2510E+03	0.0000E+00	0.0000E+00	1.3061E+00
3.2520E+03	0.0000E+00	0.0000E+00	1.3058E+00
3.2530E+03	0.0000E+00	0.0000E+00	1.3075E+00
3.2540E+03	0.0000E+00	0.0000E+00	1.3079E+00
3.2550E+03	0.0000E+00	0.0000E+00	1.3052E+00
3.2560E+03	0.0000E+00	0.0000E+00	1.3030E+00
3.2570E+03	0.0000E+00	0.0000E+00	1.3019E+00
3.2580E+03	0.0000E+00	0.0000E+00	1.3016E+00
3.2590E+03	0.0000E+00	0.0000E+00	1.2988E+00
3.2600E+03	0.0000E+00	0.0000E+00	1.2937E+00
3.2610E+03	0.0000E+00	0.0000E+00	1.2938E+00
3.2620E+03	0.0000E+00	0.0000E+00	1.2922E+00
3.2630E+03	0.0000E+00	0.0000E+00	1.2922E+00
3.2640E+03	0.0000E+00	0.0000E+00	1.2909E+00
3.2650E+03	0.0000E+00	0.0000E+00	1.2916E+00
3.2660E+03	0.0000E+00	0.0000E+00	1.2912E+00
3.2670E+03	0.0000E+00	0.0000E+00	1.2924E+00
3.2680E+03	0.0000E+00	0.0000E+00	1.2958E+00
3.2690E+03	0.0000E+00	0.0000E+00	1.2986E+00
3.2700E+03	0.0000E+00	0.0000E+00	1.2999E+00
3.2710E+03	0.0000E+00	0.0000E+00	1.3021E+00
3.2720E+03	0.0000E+00	0.0000E+00	1.3024E+00
3.2730E+03	0.0000E+00	0.0000E+00	1.3058E+00
3.2740E+03	0.0000E+00	0.0000E+00	1.3058E+00
3.2750E+03	0.0000E+00	0.0000E+00	1.3042E+00
3.2760E+03	0.0000E+00	0.0000E+00	1.3046E+00
3.2770E+03	0.0000E+00	0.0000E+00	1.3052E+00
3.2780E+03	0.0000E+00	0.0000E+00	1.3039E+00
3.2790E+03	0.0000E+00	0.0000E+00	1.3032E+00
3.2800E+03	0.0000E+00	0.0000E+00	1.2998E+00
3.2810E+03	0.0000E+00	0.0000E+00	1.2982E+00
3.2820E+03	0.0000E+00	0.0000E+00	1.2978E+00
3.2830E+03	0.0000E+00	0.0000E+00	1.2954E+00
3.2840E+03	0.0000E+00	0.0000E+00	1.2944E+00
3.2850E+03	0.0000E+00	0.0000E+00	1.2897E+00
3.2860E+03	0.0000E+00	0.0000E+00	1.2876E+00
3.2870E+03	0.0000E+00	0.0000E+00	1.2851E+00
3.2880E+03	0.0000E+00	0.0000E+00	1.2855E+00
3.2890E+03	0.0000E+00	0.0000E+00	1.2847E+00
3.2900E+03	0.0000E+00	0.0000E+00	1.2852E+00
3.2910E+03	0.0000E+00	0.0000E+00	1.2860E+00
3.2920E+03	0.0000E+00	0.0000E+00	1.2881E+00
3.2930E+03	0.0000E+00	0.0000E+00	1.2909E+00
3.2940E+03	0.0000E+00	0.0000E+00	1.2945E+00
3.2950E+03	0.0000E+00	0.0000E+00	1.2947E+00
3.2960E+03	0.0000E+00	0.0000E+00	1.2977E+00
3.2970E+03	0.0000E+00	0.0000E+00	1.3009E+00
3.2980E+03	0.0000E+00	0.0000E+00	1.3006E+00
3.2990E+03	0.0000E+00	0.0000E+00	1.3017E+00
3.3000E+03	0.0000E+00	0.0000E+00	1.3020E+00
3.3010E+03	0.0000E+00	0.0000E+00	1.3008E+00
3.3020E+03	0.0000E+00	0.0000E+00	1.2992E+00
3.3030E+03	0.0000E+00	0.0000E+00	1.2981E+00
3.3040E+03	0.0000E+00	0.0000E+00	1.2999E+00
3.3050E+03	0.0000E+00	0.0000E+00	1.2990E+00
3.3060E+03	0.0000E+00	0.0000E+00	1.2953E+00
3.3070E+03	0.0000E+00	0.0000E+00	1.2927E+00
3.3080E+03	0.0000E+00	0.0000E+00	1.2910E+00
3.3090E+03	0.0000E+00	0.0000E+00	1.2907E+00
3.3100E+03	0.0000E+00	0.0000E+00	1.2895E+00
3.3110E+03	0.0000E+00	0.0000E+00	1.2885E+00
3.3120E+03	0.0000E+00	0.0000E+00	1.2908E+00
3.3130E+03	0.0000E+00	0.0000E+00	1.2906E+00
3.3140E+03	0.0000E+00	0.0000E+00	1.2901E+00
3.3150E+03	0.0000E+00	0.0000E+00	1.2910E+00
3.3160E+03	0.0000E+00	0.0000E+00	1.2915E+00
3.3170E+03	0.0000E+00	0.0000E+00	1.2943E+00
3.3180E+03	0.0000E+00	0.0000E+00	1.2967E+00
3.3190E+03	0.0000E+00	0.0000E+00	1.2984E+00
3.3200E+03	0.0000E+00	0.0000E+00	1.2971E+00
3.3210E+03	0.0000E+00	0.0000E+00	1.2964E+00
3.3220E+03	0.0000E+00	0.0000E+00	1.2964E+00
3.3230E+03	0.0000E+00	0.0000E+00	1.2969E+00
3.3240E+03	0.0000E+00	0.0000E+00	1.2984E+00
3.3250E+03	0.0000E+00	0.0000E+00	1.2993E+00
3.3260E+03	0.0000E+00	0.0000E+00	1.2975E+00
3.3270E+03	0.0000E+00	0.0000E+00	1.2983E+00
3.3280E+03	0.0000E+00	0.0000E+00	1.2970E+00
3.3290E+03	0.0000E+00	0.0000E+00	1.2958E+00
3.3300E+03	0.0000E+00	0.0000E+00	1.2937E+00
3.3310E+03	0.0000E+00	0.0000E+00	1.2916E+00
3.3320E+03	0.0000E+00	0.0000E+00	1.2898E+00
3.3330E+03	0.0000E+00	0.0000E+00	1.2886E+00
3.3340E+03	0.0000E+00	0.0000E+00	1.2864E+00
3.3350E+03	0.0000E+00	0.0000E+00	1.2858E+00
3.3360E+03	0.0000E+00	0.0000E+00	1.2877E+00
3.3370E+03	0.0000E+00	0.0000E+00	1.2889E+00
3.3380E+03	0.0000E+00	0.0000E+00	1.2910E+00
3.3390E+03	0.0000E+00	0.0000E+00	1.2913E+00
3.3400E+03	0.0000E+00	0.0000E+00	1.2918E+00
3.3410E+03	0.0000E+00	0.0000E+00	1.2939E+00
3.3420E+03	0.0000E+00	0.0000E+00	1.2966E+00
3.3430E+03	0.0000E+00	0.0000E+00	1.2969E+00
3.3440E+03	0.0000E+00	0.0000E+00	1.2975E+00
3.3450E+03	0.0000E+00	0.0000E+00	1.2987E+00
3.3460E+03	0.0000E+00	0.0000E+00	1.3005E+00
3.3470E+03	0.0000E+00	0.0000E+00	1.2986E+00
3.3480E+03	0.0000E+00	0.0000E+00	1.2975E+00
3.3490E+03	0.0000E+00	0.0000E+00	1.2993E+00
3.3500E+03	0.0000E+00	0.0000E+00	1.3010E+00
3.3510E+03	0.0000E+00	0.0000E+00	1.3000E+00
3.3520E+03	0.0000E+00	0.0000E+00	1.2975E+00
3.3530E+03	0.0000E+00	0.0000E+00	1.2981E+00
3.3540E+03	0.0000E+00	0.0000E+00	1.2951E+00
3.3550E+03	0.0000E+00	0.0000E+00	1.2976E+00
3.3560E+03	0.0000E+00	0.0000E+00	1.2966E+00
3.3570E+03	0.0000E+00	0.0000E+00	1.2961E+00
3.3580E+03	0.0000E+00	0.0000E+00	1.2939E+00
3.3590E+03	0.0000E+00	0.0000E+00	1.2954E+00
3.3600E+03	0.0000E+00	0.0000E+00	1.2955E+00
3.3610E+03	0.0000E+00	0.0000E+00	1.2959E+00
3.3620E+03	0.0000E+00	0.0000E+00	1.2973E+00
3.3630E+03	0.0000E+00	0.0000E+00	1.2977E+00
3.3640E+03	0.0000E+00	0.0000E+00	1.2983E+00
3.3650E+03	0.0000E+00	0.0000E+00	1.2961E+00
3.3660E+03	0.0000E+00	0.0000E+00	1.2955E+00
3.3670E+03	0.0000E+00	0.0000E+00	1.2953E+00
3.3680E+03	0.0000E+00	0.0000E+00	1.2964E+00
3.3690E+03	0.0000E+00	0.0000E+00	1.2981E+00
3.3700E+03	0.0000E+00	0.0000E+00	1.2987E+00
3.3710E+03	0.0000E+00	0.0000E+00	1.2991E+00
3.3720E+03	0.0000E+00	0.0000E+00	1.2978E+00
3.3730E+03	0.0000E+00	0.0000E+00	1.2998E+00
3.3740E+03	0.0000E+00	0.0000E+00	1.2997E+00
3.3750E+03	0.0000E+00	0.0000E+00	1.3009E+00
3.3760E+03	0.0000E+00	0.0000E+00	1.3012E+00
3.3770E+03	0.0000E+00	0.0000E+00	1.2997E+00
3.3780E+03	0.0000E+00	0.0000E+00	1.2966E+00
3.3790E+03	0.0000E+00	0.0000E+00	1.2966E+00
3.3800E+03	0.0000E+00	0.0000E+00	1.2950E+00
3.3810E+03	0.0000E+00	0.0000E+00	1.2908E+00
3.3820E+03	0.0000E+00	0.0000E+00	1.2886E+00
3.3830E+03	0.0000E+00	0.0000E+00	1.2888E+00
3.3840E+03	0.0000E+00	0.0000E+00	1.2891E+00
3.3850E+03	0.0000E+00	0.0000E+00	1.2911E+00
3.3860E+03	0.0000E+00	0.0000E+00	1.2911E+00
3.3870E+03	0.0000E+00	0.0000E+00	1.2912E+00
3.3880E+03	0.0000E+00	0.0000E+00	1.2944E+00
3.3890E+03	0.0000E+00	0.0000E+00	1.2979E+00
3.3900E+03	0.0000E+00	0.0000E+00	1.2980E+00
3.3910E+03	0.0000E+00	0.0000E+00	1.2982E+00
3.3920E+03	0.0000E+00	0.0000E+00	1.2981E+00
3.3930E+03	0.0000E+00	0.0000E+00	1.2995E+00
3.3940E+03	0.0000E+00	0.0000E+00	1.3002E+00
3.3950E+03	0.0000E+00	0.0000E+00	1.3013E+00
3.3960E+03	0.0000E+00	0.0000E+00	1.3018E+00
3.3970E+03	0.0000E+00	0.0000E+00	1.3019E+00
3.3980E+03	0.0000E+00	0.0000E+00	1.3011E+00
3.3990E+03	0.0000E+00	0.0000E+00	1.2998E+00
3.4000E+03	0.0000E+00	0.0000E+00	1.2992E+00
3.4010E+03	0.0000E+00	0.0000E+00	1.2955E+00
3.4020E+03	0.0000E+00	0.0000E+00	1.2934E+00
3.4030E+03	0.0000E+00	0.0000E+00	1.2906E+00
3.4040E+03	0.0000E+00	0.0000E+00	1.2894E+00
3.4050E+03	0.0000E+00	0.0000E+00	1.2880E+00
3.4060E+03	0.0000E+00	0.0000E+00	1.2846E+00
3.4070E+03	0.0000E+00	0.0000E+00	1.2854E+00
3.4080E+03	0.0000E+00	0.0000E+00	1.2870E+00
3.4090E+03	0.0000E+00	0.0000E+00	1.2843E+00
3.4100E+03	0.0000E+00	0.0000E+00	1.2863E+00
3.4110E+03	0.0000E+00	0.0000E+00	1.2860E+00
3.4120E+03	0.0000E+00	0.0000E+00	1.2869E+00
3.4130E+03	0.0000E+00	0.0000E+00	1.2885E+00
3.4140E+03	0.0000E+00	0.0000E+00	1.2898E+00
3.4150E+03	0.0000E+00	0.0000E+00	1.2886E+00
3.4160E+03	0.0000E+00	0.0000E+00	1.2911E+00
3.4170E+03	0.0000E+00	0.0000E+00	1.2935E+00
3.4180E+03	0.0000E+00	0.0000E+00	1.2948E+00
3.4190E+03	0.0000E+00	0.0000E+00	1.2956E+00
3.4200E+03	0.0000E+00	0.0000E+00	1.2953E+00
3.4210E+03	0.0000E+00	0.0000E+00	1.2941E+00
3.4220E+03	0.0000E+00	0.0000E+00	1.2957E+00
3.4230E+03	0.0000E+00	0.0000E+00	1.2980E+00
3.4240E+03	0.0000E+00	0.0000E+00	1.3023E+00
3.4250E+03	0.0000E+00	0.0000E+00	1.2996E+00
3.4260E+03	0.0000E+00	0.0000E+00	1.2979E+00
3.4270E+03	0.0000E+00	0.0000E+00	1.2948E+00
3.4280E+03	0.0000E+00	0.0000E+00	1.2927E+00
3.4290E+03	0.0000E+00	0.0000E+00	1.2904E+00
3.4300E+03	0.0000E+00	0.0000E+00	1.2898E+00
3.4310E+03	0.0000E+00	0.0000E+00	1.2901E+00
3.4320E+03	0.0000E+00	0.0000E+00	1.2903E+00
3.4330E+03	0.0000E+00	0.0000E+00	1.2912E+00
3.4340E+03	0.0000E+00	0.0000E+00	1.2910E+00
3.4350E+03	0.0000E+00	0.0000E+00	1.2911E+00
3.4360E+03	0.0000E+00	0.0000E+00	1.2919E+00
3.4370E+03	0.0000E+00	0.0000E+00	1.2905E+00
3.4380E+03	0.0000E+00	0.0000E+00	1.2904E+00
3.4390E+03	0.0000E+00	0.0000E+00	1.2923E+00
3.4400E+03	0.0000E+00	0.0000E+00	1.2932E+00
3.4410E+03	0.0000E+00	0.0000E+00	1.2946E+00
3.4420E+03	0.0000E+00	0.0000E+00	1.2958E+00
3.4430E+03	0.0000E+00	0.0000E+00	1.2953E+00
3.4440E+03	0.0000E+00	0.0000E+00	1.2959E+00
3.4450E+03	0.0000E+00	0.0000E+00	1.2963E+00
3.4460E+03	0.0000E+00	0.0000E+00	1.2952E+00
3.4470E+03	0.0000E+00	0.0000E+00	1.2951E+00
3.4480E+03	0.0000E+00	0.0000E+00	1.2930E+00
3.4490E+03	0.0000E+00	0.0000E+00	1.2926E+00
3.4500E+03	0.0000E+00	0.0000E+00	1.2901E+00
3.4510E+03	0.0000E+00	0.0000E+00	1.2864E+00
3.4520E+03	0.0000E+00	0.0000E+00	1.2847E+00
3.4530E+03	0.0000E+00	0.0000E+00	1.2824E+00
3.4540E+03	0.0000E+00	0.0000E+00	1.2805E+00
3.4550E+03	0.0000E+00	0.0000E+00	1.2785E+00
3.4560E+03	0.0000E+00	0.0000E+00	1.2781E+00
3.4570E+03	0.0000E+00	0.0000E+00	1.2800E+00
3.4580E+03	0.0000E+00	0.0000E+00	1.2794E+00
3.4590E+03	0.0000E+00	0.0000E+00	1.2796E+00
3.4600E+03	0.0000E+00	0.0000E+00	1.2800E+00
3.4610E+03	0.0000E+00	0.0000E+00	1.2814E+00
3.4620E+03	0.0000E+00	0.0000E+00	1.2813E+00
3.4630E+03	0.0000E+00	0.0000E+00	1.2801E+00
3.4640E+03	0.0000E+00	0.0000E+00	1.2820E+00
3.4650E+03	0.0000E+00	0.0000E+00	1.2856E+00
3.4660E+03	0.0000E+00	0.0000E+00	1.2874E+00
3.4670E+03	0.0000E+00	0.0000E+00	1.2870E+00
3.4680E+03	0.0000E+00	0.0000E+00	1.2884E+00
3.4690E+03	0.0000E+00	0.0000E+00	1.2867E+00
3.4700E+03	0.0000E+00	0.0000E+00	1.2861E+00
3.4710E+03	0.0000E+00	0.0000E+00	1.2865E+00
3.4720E+03	0.0000E+00	0.0000E+00	1.2883E+00
3.4730E+03	0.0000E+00	0.0000E+00	1.2873E+00
3.4740E+03	0.0000E+00	0.0000E+00	1.2875E+00
3.4750E+03	0.0000E+00	0.0000E+00	1.2844E+00
3.4760E+03	0.0000E+00	0.0000E+00	1.2827E+00
3.4770E+03	0.0000E+00	0.0000E+00	1.2830E+00
3.4780E+03	0.0000E+00	0.0000E+00	1.2796E+00
3.4790E+03	0.0000E+00	0.0000E+00	1.2784E+00
3.4800E+03	0.0000E+00	0.0000E+00	1.2774E+00
3.4810E+03	0.0000E+00	0.0000E+00	1.2765E+00
3.4820E+03	0.0000E+00	0.0000E+00	1.2769E+00
3.4830E+03	0.0000E+00	0.0000E+00	1.2794E+00
3.4840E+03	0.0000E+00	0.0000E+00	1.2792E+00
3.4850E+03	0.0000E+00	0.0000E+00	1.2809E+00
3.4860E+03	0.0000E+00	0.0000E+00	1.2796E+00
3.4870E+03	0.0000E+00	0.0000E+00	1.2791E+00
3.4880E+03	0.0000E+00	0.0000E+00	1.2817E+00
3.4890E+03	0.0000E+00	0.0000E+00	1.2833E+00
3.4900E+03	0.0000E+00	0.0000E+00	1.2859E+00
3.4910E+03	0.0000E+00	0.0000E+00	1.2856E+00
3.4920E+03	0.0000E+00	0.0000E+00	1.2858E+00
3.4930E+03	0.0000E+00	0.0000E+00	1.2849E+00
3.4940E+03	0.0000E+00	0.0000E+00	1.2864E+00
3.4950E+03	0.0000E+00	0.0000E+00	1.2851E+00
3.4960E+03	0.0000E+00	0.0000E+00	1.2846E+00
3.4970E+03	0.0000E+00	0.0000E+00	1.2836E+00
3.4980E+03	0.0000E+00	0.0000E+00	1.2835E+00
3.4990E+03	0.0000E+00	0.0000E+00	1.2814E+00
3.5000E+03	0.0000E+00	0.0000E+00	1.2765E+00
3.5010E+03	0.0000E+00	0.0000E+00	1.2779E+00
3.5020E+03	0.0000E+00	0.0000E+00	1.2772E+00
3.5030E+03	0.0000E+00	0.0000E+00	1.2768E+00
3.5040E+03	0.0000E+00	0.0000E+00	1.2776E+00
3.5050E+03	0.0000E+00	0.0000E+00	1.2767E+00
3.5060E+03	0.0000E+00	0.0000E+00	1.2752E+00
3.5070E+03	0.0000E+00	0.0000E+00	1.2743E+00
3.5080E+03	0.0000E+00	0.0000E+00	1.2749E+00
3.5090E+03	0.0000E+00	0.0000E+00	1.2728E+00
3.5100E+03	0.0000E+00	0.0000E+00	1.2738E+00
3.5110E+03	0.0000E+00	0.0000E+00	1.2743E+00
3.5120E+03	0.0000E+00	0.0000E+00	1.2757E+00
3.5130E+03	0.0000E+00	0.0000E+00	1.2773E+00
3.5140E+03	0.0000E+00	0.0000E+00	1.2790E+00
3.5150E+03	0.0000E+00	0.0000E+00	1.2819E+00
3.5160E+03	0.0000E+00	0.0000E+00	1.2818E+00
3.5170E+03	0.0000E+00	0.0000E+00	1.2809E+00
3.5180E+03	0.0000E+00	0.0000E+00	1.2806E+00
3.5190E+03	0.0000E+00	0.0000E+00	1.2822E+00
3.5200E+03	0.0000E+00	0.0000E+00	1.2805E+00
3.5210E+03	0.0000E+00	0.0000E+00	1.2819E+00
3.5220E+03	0.0000E+00	0.0000E+00	1.2808E+00
3.5230E+03	0.0000E+00	0.0000E+00	1.2796E+00
3.5240E+03	0.0000E+00	0.0000E+00	1.2753E+00
3.5250E+03	0.0000E+00	0.0000E+00	1.2714E+00
3.5260E+03	0.0000E+00	0.0000E+00	1.2710E+00
3.5270E+03	0.0000E+00	0.0000E+00	1.2705E+00
3.5280E+03	0.0000E+00	0.0000E+00	1.2693E+00
3.5290E+03	0.0000E+00	0.0000E+00	1.2691E+00
3.5300E+03	0.0000E+00	0.0000E+00	1.2678E+00
3.5310E+03	0.0000E+00	0.0000E+00	1.2664E+00
3.5320E+03	0.0000E+00	0.0000E+00	1.2672E+00
3.5330E+03	0.0000E+00	0.0000E+00	1.2672E+00
3.5340E+03	0.0000E+00	0.0000E+00	1.2666E+00
3.5350E+03	0.0000E+00	0.0000E+00	1.2658E+00
3.5360E+03	0.0000E+00	0.0000E+00	1.2671E+00
3.5370E+03	0.0000E+00	0.0000E+00	1.2722E+00
3.5380E+03	0.0000E+00	0.0000E+00	1.2749E+00
3.5390E+03	0.0000E+00	0.0000E+00	1.2757E+00
3.5400E+03	0.0000E+00	0.0000E+00	1.2764E+00
3.5410E+03	0.0000E+00	0.0000E+00	1.2765E+00
3.5420E+03	0.0000E+00	0.0000E+00	1.2759E+00
3.5430E+03	0.0000E+00	0.0000E+00	1.2754E+00
3.5440E+03	0.0000E+00	0.0000E+00	1.2786E+00
3.5450E+03	0.0000E+00	0.0000E+00	1.2791E+00
3.5460E+03	0.0000E+00	0.0000E+00	1.2749E+00
3.5470E+03	0.0000E+00	0.0000E+00	1.2721E+00
3.5480E+03	0.0000E+00	0.0000E+00	1.2672E+00
3.5490E+03	0.0000E+00	0.0000E+00	1.2670E+00
3.5500E+03	0.0000E+00	0.0000E+00	1.2650E+00
3.5510E+03	0.0000E+00	0.0000E+00	1.2635E+00
3.5520E+03	0.0000E+00	0.0000E+00	1.2622E+00
3.5530E+03	0.0000E+00	0.0000E+00	1.2626E+00
3.5540E+03	0.0000E+00	0.0000E+00	1.2620E+00
3.5550E+03	0.0000E+00	0.0000E+00	1.2601E+00
3.5560E+03	0.0000E+00	0.0000E+00	1.2589E+00
3.5570E+03	0.0000E+00	0.0000E+00	1.2609E+00
3.5580E+03	0.0000E+00	0.0000E+00	1.2622E+00
3.5590E+03	0.0000E+00	0.0000E+00	1.2612E+00
3.5600E+03	0.0000E+00	0.0000E+00	1.2631E+00
3.5610E+03	0.0000E+00	0.0000E+00	1.2671E+00
3.5620E+03	0.0000E+00	0.0000E+00	1.2707E+00
3.5630E+03	0.0000E+00	0.0000E+00	1.2703E+00
3.5640E+03	0.0000E+00	0.0000E+00	1.2700E+00
3.5650E+03	0.0000E+00	0.0000E+00	1.2696E+00
3.5660E+03	0.0000E+00	0.0000E+00	1.2706E+00
3.5670E+03	0.0000E+00	0.0000E+00	1.2714E+00
3.5680E+03	0.0000E+00	0.0000E+00	1.2711E+00
3.5690E+03	0.0000E+00	0.0000E+00	1.2722E+00
3.5700E+03	0.0000E+00	0.0000E+00	1.2735E+00
3.5710E+03	0.0000E+00	0.0000E+00	1.2707E+00
3.5720E+03	0.0000E+00	0.0000E+00	1.2693E+00
3.5730E+03	0.0000E+00	0.0000E+00	1.2655E+00
3.5740E+03	0.0000E+00	0.0000E+00	1.2631E+00
3.5750E+03	0.0000E+00	0.0000E+00	1.2608E+00
3.5760E+03	0.0000E+00	0.0000E+00	1.2606E+00
3.5770E+03	0.0000E+00	0.0000E+00	1.2617E+00
3.5780E+03	0.0000E+00	0.0000E+00	1.2621E+00
3.5790E+03	0.0000E+00	0.0000E+00	1.2615E+00
3.5800E+03	0.0000E+00	0.0000E+00	1.2621E+00
3.5810E+03	0.0000E+00	0.0000E+00	1.2616E+00
3.5820E+03	0.0000E+00	0.0000E+00	1.2618E+00
3.5830E+03	0.0000E+00	0.0000E+00	1.2638E+00
3.5840E+03	0.0000E+00	0.0000E+00	1.2631E+00
3.5850E+03	0.0000E+00	0.0000E+00	1.2661E+00
3.5860E+03	0.0000E+00	0.0000E+00	1.2680E+00
3.5870E+03	0.0000E+00	0.0000E+00	1.2675E+00
3.5880E+03	0.0000E+00	0.0000E+00	1.2689E+00
3.5890E+03	0.0000E+00	0.0000E+00	1.2692E+00
3.5900E+03	0.0000E+00	0.0000E+00	1.2700E+00
3.5910E+03	0.0000E+00	0.0000E+00	1.2717E+00
3.5920E+03	0.0000E+00	0.0000E+00	1.2710E+00
3.5930E+03	0.0000E+00	0.0000E+00	1.2720E+00
3.5940E+03	0.0000E+00	0.0000E+00	1.2693E+00
3.5950E+03	0.0000E+00	0.0000E+00	1.2665E+00
3.5960E+03	0.0000E+00	0.0000E+00	1.2637E+00
3.5970E+03	0.0000E+00	0.0000E+00	1.2621E+00
3.5980E+03	0.0000E+00	0.0000E+00	1.2610E+00
3.5990E+03	0.0000E+00	0.0000E+00	1.2623E+00
3.6000E+03	0.0000E+00	0.0000E+00	1.2625E+00
3.6010E+03	0.0000E+00	0.0000E+00	1.2642E+00
3.6020E+03	0.0000E+00	0.0000E+00	1.2630E+00
3.6030E+03	0.0000E+00	0.0000E+00	1.2638E+00
3.6040E+03	0.0000E+00	0.0000E+00	1.2632E+00
3.6050E+03	0.0000E+00	0.0000E+00	1.2636E+00
3.6060E+03	0.0000E+00	0.0000E+00	1.2631E+00
3.6070E+03	0.0000E+00	0.0000E+00	1.2647E+00
3.6080E+03	0.0000E+00	0.0000E+00	1.2659E+00
3.6090E+03	0.0000E+00	0.0000E+00	1.2657E+00
3.6100E+03	0.0000E+00	0.0000E+00	1.2651E+00
3.6110E+03	0.0000E+00	0.0000E+00	1.2664E+00
3.6120E+03	0.0000E+00	0.0000E+00	1.2667E+00
3.6130E+03	0.0000E+00	0.0000E+00	1.2681E+00
3.6140E+03	0.0000E+00	0.0000E+00	1.2678E+00
3.6150E+03	0.0000E+00	0.0000E+00	1.2662E+00
3.6160E+03	0.0000E+00	0.0000E+00	1.2668E+00
3.6170E+03	0.0000E+00	0.0000E+00	1.2694E+00
3.6180E+03	0.0000E+00	0.0000E+00	1.2699E+00
3.6190E+03	0.0000E+00	0.0000E+00	1.2684E+00
3.6200E+03	0.0000E+00	0.0000E+00	1.2654E+00
3.6210E+03	0.0000E+00	0.0000E+00	1.2631E+00
3.6220E+03	0.0000E+00	0.0000E+00	1.2622E+00
3.6230E+03	0.0000E+00	0.0000E+00	1.2597E+00
3.6240E+03	0.0000E+00	0.0000E+00	1.2591E+00
3.6250E+03	0.0000E+00	0.0000E+00	1.2585E+00
3.6260E+03	0.0000E+00	0.0000E+00	1.2583E+00
3.6270E+03	0.0000E+00	0.0000E+00	1.2583E+00
3.6280E+03	0.0000E+00	0.0000E+00	1.2589E+00
3.6290E+03	0.0000E+00	0.0000E+00	1.2580E+00
3.6300E+03	0.0000E+00	0.0000E+00	1.2583E+00
3.6310E+03	0.0000E+00	0.0000E+00	1.2607E+00
3.6320E+03	0.0000E+00	0.0000E+00	1.2617E+00
3.6330E+03	0.0000E+00	0.0000E+00	1.2612E+00
3.6340E+03	0.0000E+00	0.0000E+00	1.2638E+00
3.6350E+03	0.0000E+00	0.0000E+00	1.2676E+00
3.6360E+03	0.0000E+00	0.0000E+00	1.2710E+00
3.6370E+03	0.0000E+00	0.0000E+00	1.2709E+00
3.6380E+03	0.0000E+00	0.0000E+00	1.2723E+00
3.6390E+03	0.0000E+00	0.0000E+00	1.2736E+00
3.6400E+03	0.0000E+00	0.0000E+00	1.2737E+00
3.6410E+03	0.0000E+00	0.0000E+00	1.2754E+00
3.6420E+03	0.0000E+00	0.0000E+00	1.2743E+00
3.6430E+03	0.0000E+00	0.0000E+00	1.2740E+00
3.6440E+03	0.0000E+00	0.0000E+00	1.2737E+00
3.6450E+03	0.0000E+00	0.0000E+00	1.2768E+00
3.6460E+03	0.0000E+00	0.0000E+00	1.2793E+00
3.6470E+03	0.0000E+00	0.0000E+00	1.2792E+00
3.6480E+03	0.0000E+00	0.0000E+00	1.2777E+00
3.6490E+03	0.0000E+00	0.0000E+00	1.2759E+00
3.6500E+03	0.0000E+00	0.0000E+00	1.2763E+00
3.6510E+03	0.0000E+00	0.0000E+00	1.2762E+00
3.6520E+03	0.0000E+00	0.0000E+00	1.2752E+00
3.6530E+03	0.0000E+00	0.0000E+00	1.2728E+00
3.6540E+03	0.0000E+00	0.0000E+00	1.2744E+00
3.6550E+03	0.0000E+00	0.0000E+00	1.2738E+00
3.6560E+03	0.0000E+00	0.0000E+00	1.2737E+00
3.6570E+03	0.0000E+00	0.0000E+00	1.2727E+00
3.6580E+03	0.0000E+00	0.0000E+00	1.2741E+00
3.6590E+03	0.0000E+00	0.0000E+00	1.2744E+00
3.6600E+03	0.0000E+00	0.0000E+00	1.2725E+00
3.6610E+03	0.0000E+00	0.0000E+00	1.2720E+00
3.6620E+03	0.0000E+00	0.0000E+00	1.2715E+00
3.6630E+03	0.0000E+00	0.0000E+00	1.2725E+00
3.6640E+03	0.0000E+00	0.0000E+00	1.2711E+00
3.6650E+03	0.0000E+00	0.0000E+00	1.2711E+00
3.6660E+03	0.0000E+00	0.0000E+00	1.2688E+00
3.6670E+03	0.0000E+00	0.0000E+00	1.2659E+00
3.6680E+03	0.0000E+00	0.0000E+00	1.2630E+00
3.6690E+03	0.0000E+00	0.0000E+00	1.2595E+00
3.6700E+03	0.0000E+00	0.0000E+00	1.2597E+00
3.6710E+03	0.0000E+00	0.0000E+00	1.2609E+00
3.6720E+03	0.0000E+00	0.0000E+00	1.2620E+00
3.6730E+03	0.0000E+00	0.0000E+00	1.2620E+00
3.6740E+03	0.0000E+00	0.0000E+00	1.2595E+00
3.6750E+03	0.0000E+00	0.0000E+00	1.2591E+00
3.6760E+03	0.0000E+00	0.0000E+00	1.2592E+00
3.6770E+03	0.0000E+00	0.0000E+00	1.2586E+00
3.6780E+03	0.0000E+00	0.0000E+00	1.2593E+00
3.6790E+03	0.0000E+00	0.0000E+00	1.2589E+00
3.6800E+03	0.0000E+00	0.0000E+00	1.2595E+00
3.6810E+03	0.0000E+00	0.0000E+00	1.2621E+00
3.6820E+03	0.0000E+00	0.0000E+00	1.2630E+00
3.6830E+03	0.0000E+00	0.0000E+00	1.2661E+00
3.6840E+03	0.0000E+00	0.0000E+00	1.2665E+00
3.6850E+03	0.0000E+00	0.0000E+00	1.2670E+00
3.6860E+03	0.0000E+00	0.0000E+00	1.2671E+00
3.6870E+03	0.0000E+00	0.0000E+00	1.2669E+00
3.6880E+03	0.0000E+00	0.0000E+00	1.2660E+00
3.6890E+03	0.0000E+00	0.0000E+00	1.2654E+00
3.6900E+03	0.0000E+00	0.0000E+00	1.2664E+00
3.6910E+03	0.0000E+00	0.0000E+00	1.2643E+00
3.6920E+03	0.0000E+00	0.0000E+00	1.2614E+00
3.6930E+03	0.0000E+00	0.0000E+00	1.2600E+00
3.6940E+03	0.0000E+00	0.0000E+00	1.2586E+00
3.6950E+03	0.0000E+00	0.0000E+00	1.2616E+00
3.6960E+03	0.0000E+00	0.0000E+00	1.2601E+00
3.6970E+03	0.0000E+00	0.0000E+00	1.2589E+00
3.6980E+03	0.0000E+00	0.0000E+00	1.2584E+00
3.6990E+03	0.0000E+00	0.0000E+00	1.2579E+00
3.7000E+03	0.0000E+00	0.0000E+00	1.2577E+00
3.7010E+03	0.0000E+00	0.0000E+00	1.2578E+00
3.7020E+03	0.0000E+00	0.0000E+00	1.2563E+00
3.7030E+03	0.0000E+00	0.0000E+00	1.2552E+00
3.7040E+03	0.0000E+00	0.0000E+00	1.2570E+00
3.7050E+03	0.0000E+00	0.0000E+00	1.2592E+00
3.7060E+03	0.0000E+00	0.0000E+00	1.2623E+00
3.7070E+03	0.0000E+00	0.0000E+00	1.2631E+00
3.7080E+03	0.0000E+00	0.0000E+00	1.2630E+00
3.7090E+03	0.0000E+00	0.0000E+00	1.2648E+00
3.7100E+03	0.0000E+00	0.0000E+00	1.2635E+00
3.7110E+03	0.0000E+00	0.0000E+00	1.2631E+00
3.7120E+03	0.0000E+00	0.0000E+00	1.2630E+00
3.7130E+03	0.0000E+00	0.0000E+00	1.2626E+00
3.7140E+03	0.0000E+00	0.0000E+00	1.2637E+00
3.7150E+03	0.0000E+00	0.0000E+00	1.2612E+00
3.7160E+03	0.0000E+00	0.0000E+00	1.2587E+00
3.7170E+03	0.0000E+00	0.0000E+00	1.2551E+00
3.7180E+03	0.0000E+00	0.0000E+00	1.2532E+00
3.7190E+03	0.0000E+00	0.0000E+00	1.2518E+00
3.7200E+03	0.0000E+00	0.0000E+00	1.2502E+00
3.7210E+03	0.0000E+00	0.0000E+00	1.2516E+00
3.7220E+03	0.0000E+00	0.0000E+00	1.2530E+00
3.7230E+03	0.0000E+00	0.0000E+00	1.2518E+00
3.7240E+03	0.0000E+00	0.0000E+00	1.2509E+00
3.7250E+03	0.0000E+00	0.0000E+00	1.2503E+00
3.7260E+03	0.0000E+00	0.0000E+00	1.2495E+00
3.7270E+03	0.0000E+00	0.0000E+00	1.2479E+00
3.7280E+03	0.0000E+00	0.0000E+00	1.2500E+00
3.7290E+03	0.0000E+00	0.0000E+00	1.2534E+00
3.7300E+03	0.0000E+00	0.0000E+00	1.2543E+00
3.7310E+03	0.0000E+00	0.0000E+00	1.2562E+00
3.7320E+03	0.0000E+00	0.0000E+00	1.2570E+00
3.7330E+03	0.0000E+00	0.0000E+00	1.2586E+00
3.7340E+03	0.0000E+00	0.0000E+00	1.2580E+00
3.7350E+03	0.0000E+00	0.0000E+00	1.2582E+00
3.7360E+03	0.0000E+00	0.0000E+00	1.2582E+00
3.7370E+03	0.0000E+00	0.0000E+00	1.2594E+00
3.7380E+03	0.0000E+00	0.0000E+00	1.2579E+00
3.7390E+03	0.0000E+00	0.0000E+00	1.2564E+00
3.7400E+03	0.0000E+00	0.0000E+00	1.2550E+00
3.7410E+03	0.0000E+00	0.0000E+00	1.2512E+00
3.7420E+03	0.0000E+00	0.0000E+00	1.2479E+00
3.7430E+03	0.0000E+00	0.0000E+00	1.2475E+00
3.7440E+03	0.0000E+00	0.0000E+00	1.2443E+00
3.7450E+03	0.0000E+00	0.0000E+00	1.2458E+00
3.7460E+03	0.0000E+00	0.0000E+00	1.2465E+00
3.7470E+03	0.0000E+00	0.0000E+00	1.2443E+00
3.7480E+03	0.0000E+00	0.0000E+00	1.2443E+00
3.7490E+03	0.0000E+00	0.0000E+00	1.2427E+00
3.7500E+03	0.0000E+00	0.0000E+00	1.2418E+00
3.7510E+03	0.0000E+00	0.0000E+00	1.2419E+00
3.7520E+03	0.0000E+00	0.0000E+00	1.2458E+00
3.7530E+03	0.0000E+00	0.0000E+00	1.2485E+00
3.7540E+03	0.0000E+00	0.0000E+00	1.2526E+00
3.7550E+03	0.0000E+00	0.0000E+00	1.2535E+00
3.7560E+03	0.0000E+00	0.0000E+00	1.2535E+00
3.7570E+03	0.0000E+00	0.0000E+00	1.2534E+00
3.7580E+03	0.0000E+00	0.0000E+00	1.2524E+00
3.7590E+03	0.0000E+00	0.0000E+00	1.2525E+00
3.7600E+03	0.0000E+00	0.0000E+00	1.2540E+00
3.7610E+03	0.0000E+00	0.0000E+00	1.2544E+00
3.7620E+03	0.0000E+00	0.0000E+00	1.2534E+00
3.7630E+03	0.0000E+00	0.0000E+00	1.2510E+00
3.7640E+03	0.0000E+00	0.0000E+00	1.2484E+00
3.7650E+03	0.0000E+00	0.0000E+00	1.2450E+00
3.7660E+03	0.0000E+00	0.0000E+00	1.2438E+00
3.7670E+03	0.0000E+00	0.0000E+00	1.2457E+00
3.7680E+03	0.0000E+00	0.0000E+00	1.2470E+00
3.7690E+03	0.0000E+00	0.0000E+00	1.2458E+00
3.7700E+03	0.0000E+00	0.0000E+00	1.2459E+00
3.7710E+03	0.0000E+00	0.0000E+00	1.2453E+00
3.7720E+03	0.0000E+00	0.0000E+00	1.2432E+00
3.7730E+03	0.0000E+00	0.0000E+00	1.2441E+00
3.7740E+03	0.0000E+00	0.0000E+00	1.2430E+00
3.7750E+03	0.0000E+00	0.0000E+00	1.2435E+00
3.7760E+03	0.0000E+00	0.0000E+00	1.2445E+00
3.7770E+03	0.0000E+00	0.0000E+00	1.2473E+00
3.7780E+03	0.0000E+00	0.0000E+00	1.2507E+00
3.7790E+03	0.0000E+00	0.0000E+00	1.2512E+00
3.7800E+03	0.0000E+00	0.0000E+00	1.2537E+00
3.7810E+03	0.0000E+00	0.0000E+00	1.2538E+00
3.7820E+03	0.0000E+00	0.0000E+00	1.2546E+00
3.7830E+03	0.0000E+00	0.0000E+00	1.2556E+00
3.7840E+03	0.0000E+00	0.0000E+00	1.2543E+00
3.7850E+03	0.0000E+00	0.0000E+00	1.2541E+00
3.7860E+03	0.0000E+00	0.0000E+00	1.2526E+00
3.7870E+03	0.0000E+00	0.0000E+00	1.2496E+00
3.7880E+03	0.0000E+00	0.0000E+00	1.2474E+00
3.7890E+03	0.0000E+00	0.0000E+00	1.2459E+00
3.7900E+03	0.0000E+00	0.0000E+00	1.2462E+00
3.7910E+03	0.0000E+00	0.0000E+00	1.2480E+00
3.7920E+03	0.0000E+00	0.0000E+00	1.2464E+00
3.7930E+03	0.0000E+00	0.0000E+00	1.2446E+00
3.7940E+03	0.0000E+00	0.0000E+00	1.2438E+00
3.7950E+03	0.0000E+00	0.0000E+00	1.2450E+00
3.7960E+03	0.0000E+00	0.0000E+00	1.2433E+00
3.7970E+03	0.0000E+00	0.0000E+00	1.2427E+00
3.7980E+03	0.0000E+00	0.0000E+00	1.2433E+00
3.7990E+03	0.0000E+00	0.0000E+00	1.2425E+00
3.8000E+03	0.0000E+00	0.0000E+00	1.2430E+00
3.8010E+03	0.0000E+00	0.0000E+00	1.2462E+00
3.8020E+03	0.0000E+00	0.0000E+00	1.2493E+00
3.8030E+03	0.0000E+00	0.0000E+00	1.2497E+00
3.8040E+03	0.0000E+00	0.0000E+00	1.2502E+00
3.8050E+03	0.0000E+00	0.0000E+00	1.2503E+00
3.8060E+03	0.0000E+00	0.0000E+00	1.2514E+00
3.8070E+03	0.0000E+00	0.0000E+00	1.2538E+00
3.8080E+03	0.0000E+00	0.0000E+00	1.2542E+00
3.8090E+03	0.0000E+00	0.0000E+00	1.2520E+00
3.8100E+03	0.0000E+00	0.0000E+00	1.2507E+00
3.8110E+03	0.0000E+00	0.0000E+00	1.2492E+00
3.8120E+03	0.0000E+00	0.0000E+00	1.2447E+00
3.8130E+03	0.0000E+00	0.0000E+00	1.2409E+00
3.8140E+03	0.0000E+00	0.0000E+00	1.2427E+00
3.8150E+03	0.0000E+00	0.0000E+00	1.2396E+00
3.8160E+03	0.0000E+00	0.0000E+00	1.2409E+00
3.8170E+03	0.0000E+00	0.0000E+00	1.2415E+00
3.8180E+03	0.0000E+00	0.0000E+00	1.2409E+00
3.8190E+03	0.0000E+00	0.0000E+00	1.2394E+00
3.8200E+03	0.0000E+00	0.0000E+00	1.2385E+00
3.8210E+03	0.0000E+00	0.0000E+00	1.2377E+00
3.8220E+03	0.0000E+00	0.0000E+00	1.2387E+00
3.8230E+03	0.0000E+00	0.0000E+00	1.2385E+00
3.8240E+03	0.0000E+00	0.0000E+00	1.2388E+00
3.8250E+03	0.0000E+00	0.0000E+00	1.2448E+00
3.8260E+03	0.0000E+00	0.0000E+00	1.2455E+00
3.8270E+03	0.0000E+00	0.0000E+00	1.2460E+00
3.8280E+03	0.0000E+00	0.0000E+00	1.2491E+00
3.8290E+03	0.0000E+00	0.0000E+00	1.2483E+00
3.8300E+03	0.0000E+00	0.0000E+00	1.2496E+00
3.8310E+03	0.0000E+00	0.0000E+00	1.2493E+00
3.8320E+03	0.0000E+00	0.0000E+00	1.2521E+00
3.8330E+03	0.0000E+00	0.0000E+00	1.2503E+00
3.8340E+03	0.0000E+00	0.0000E+00	1.2493E+00
3.8350E+03	0.0000E+00	0.0000E+00	1.2477E+00
3.8360E+03	0.0000E+00	0.0000E+00	1.2460E+00
3.8370E+03	0.0000E+00	0.0000E+00	1.2429E+00
3.8380E+03	0.0000E+00	0.0000E+00	1.2446E+00
3.8390E+03	0.0000E+00	0.0000E+00	1.2449E+00
3.8400E+03	0.0000E+00	0.0000E+00	1.2446E+00
3.8410E+03	0.0000E+00	0.0000E+00	1.2425E+00
3.8420E+03	0.0000E+00	0.0000E+00	1.2418E+00
3.8430E+03	0.0000E+00	0.0000E+00	1.2401E+00
3.8440E+03	0.0000E+00	0.0000E+00	1.2402E+00
3.8450E+03	0.0000E+00	0.0000E+00	1.2391E+00
3.8460E+03	0.0000E+00	0.0000E+00	1.2401E+00
3.8470E+03	0.0000E+00	0.0000E+00	1.2395E+00
3.8480E+03	0.0000E+00	0.0000E+00	1.2399E+00
3.8490E+03	0.0000E+00	0.0000E+00	1.2442E+00
3.8500E+03	0.0000E+00	0.0000E+00	1.2441E+00
3.8510E+03	0.0000E+00	0.0000E+00	1.2464E+00
3.8520E+03	0.0000E+00	0.0000E+00	1.2479E+00
3.8530E+03	0.0000E+00	0.0000E+00	1.2481E+00
3.8540E+03	0.0000E+00	0.0000E+00	1.2485E+00
3.8550E+03	0.0000E+00	0.0000E+00	1.2484E+00
3.8560E+03	0.0000E+00	0.0000E+00	1.2486E+00
3.8570E+03	0.0000E+00	0.0000E+00	1.2488E+00
3.8580E+03	0.0000E+00	0.0000E+00	1.2488E+00
3.8590E+03	0.0000E+00	0.0000E+00	1.2473E+00
3.8600E+03	0.0000E+00	0.0000E+00	1.2435E+00
3.8610E+03	0.0000E+00	0.0000E+00	1.2403E+00
3.8620E+03	0.0000E+00	0.0000E+00	1.2395E+00
3.8630E+03	0.0000E+00	0.0000E+00	1.2422E+00
3.8640E+03	0.0000E+00	0.0000E+00	1.2433E+00
3.8650E+03	0.0000E+00	0.0000E+00	1.2423E+00
3.8660E+03	0.0000E+00	0.0000E+00	1.2419E+00
3.8670E+03	0.0000E+00	0.0000E+00	1.2404E+00
3.8680E+03	0.0000E+00	0.0000E+00	1.2400E+00
3.8690E+03	0.0000E+00	0.0000E+00	1.2402E+00
3.8700E+03	0.0000E+00	0.0000E+00	1.2397E+00
3.8710E+03	0.0000E+00	0.0000E+00	1.2392E+00
3.8720E+03	0.0000E+00	0.0000E+00	1.2399E+00
3.8730E+03	0.0000E+00	0.0000E+00	1.2415E+00
3.8740E+03	0.0000E+00	0.0000E+00	1.2439E+00
3.8750E+03	0.0000E+00	0.0000E+00	1.2465E+00
3.8760E+03	0.0000E+00	0.0000E+00	1.2474E+00
3.8770E+03	0.0000E+00	0.0000E+00	1.2495E+00
3.8780E+03	0.0000E+00	0.0000E+00	1.2490E+00
3.8790E+03	0.0000E+00	0.0000E+00	1.2492E+00
3.8800E+03	0.0000E+00	0.0000E+00	1.2498E+00
3.8810E+03	0.0000E+00	0.0000E+00	1.2499E+00
3.8820E+03	0.0000E+00	0.0000E+00	1.2484E+00
3.8830E+03	0.0000E+00	0.0000E+00	1.2463E+00
3.8840E+03	0.0000E+00	0.0000E+00	1.2439E+00
3.8850E+03	0.0000E+00	0.0000E+00	1.2431E+00
3.8860E+03	0.0000E+00	0.0000E+00	1.2428E+00
3.8870E+03	0.0000E+00	0.0000E+00	1.2451E+00
3.8880E+03	0.0000E+00	0.0000E+00	1.2458E+00
3.8890E+03	0.0000E+00	0.0000E+00	1.2454E+00
3.8900E+03	0.0000E+00	0.0000E+00	1.2437E+00
3.8910E+03	0.0000E+00	0.0000E+00	1.2426E+00
3.8920E+03	0.0000E+00	0.0000E+00	1.2424E+00
3.8930E+03	0.0000E+00	0.0000E+00	1.2413E+00
3.8940E+03	0.0000E+00	0.0000E+00	1.2409E+00
3.8950E+03	0.0000E+00	0.0000E+00	1.2413E+00
3.8960E+03	0.0000E+00	0.0000E+00	1.2430E+00
3.8970E+03	0.0000E+00	0.0000E+00	1.2450E+00
3.8980E+03	0.0000E+00	0.0000E+00	1.2470E+00
3.8990E+03	0.0000E+00	0.0000E+00	1.2479E+00
3.9000E+03	0.0000E+00	0.0000E+00	1.2493E+00
3.9010E+03	0.0000E+00	0.0000E+00	1.2501E+00
3.9020E+03	0.0000E+00	0.0000E+00	1.2493E+00
3.9030E+03	0.0000E+00	0.0000E+00	1.2482E+00
3.9040E+03	0.0000E+00	0.0000E+00	1.2487E+00
3.9050E+03	0.0000E+00	0.0000E+00	1.2475E+00
3.9060E+03	0.0000E+00	0.0000E+00	1.2486E+00
3.9070E+03	0.0000E+00	0.0000E+00	1.2477E+00
3.9080E+03	0.0000E+00	0.0000E+00	1.2479E+00
3.9090E+03	0.0000E+00	0.0000E+00	1.2440E+00
3.9100E+03	0.0000E+00	0.0000E+00	1.2420E+00
3.9110E+03	0.0000E+00	0.0000E+00	1.2418E+00
3.9120E+03	0.0000E+00	0.0000E+00	1.2434E+00
3.9130E+03	0.0000E+00	0.0000E+00	1.2436E+00
3.9140E+03	0.0000E+00	0.0000E+00	1.2422E+00
3.9150E+03	0.0000E+00	0.0000E+00	1.2383E+00
3.9160E+03	0.0000E+00	0.0000E+00	1.2405E+00
3.9170E+03	0.0000E+00	0.0000E+00	1.2406E+00
3.9180E+03	0.0000E+00	0.0000E+00	1.2399E+00
3.9190E+03	0.0000E+00	0.0000E+00	1.2389E+00
3.9200E+03	0.0000E+00	0.0000E+00	1.2401E+00
3.9210E+03	0.0000E+00	0.0000E+00	1.2422E+00
3.9220E+03	0.0000E+00	0.0000E+00	1.2427E+00
3.9230E+03	0.0000E+00	0.0000E+00	1.2438E+00
3.9240E+03	0.0000E+00	0.0000E+00	1.2449E+00
3.9250E+03	0.0000E+00	0.0000E+00	1.2452E+00
3.9260E+03	0.0000E+00	0.0000E+00	1.2458E+00
3.9270E+03	0.0000E+00	0.0000E+00	1.2446E+00
3.9280E+03	0.0000E+00	0.0000E+00	1.2467E+00
3.9290E+03	0.0000E+00	0.0000E+00	1.2455E+00
3.9300E+03	0.0000E+00	0.0000E+00	1.2442E+00
3.9310E+03	0.0000E+00	0.0000E+00	1.2456E+00
3.9320E+03	0.0000E+00	0.0000E+00	1.2442E+00
3.9330E+03	0.0000E+00	0.0000E+00	1.2398E+00
3.9340E+03	0.0000E+00	0.0000E+00	1.2400E+00
3.9350E+03	0.0000E+00	0.0000E+00	1.2385E+00
3.9360E+03	0.0000E+00	0.0000E+00	1.2391E+00
3.9370E+03	0.0000E+00	0.0000E+00	1.2367E+00
3.9380E+03	0.0000E+00	0.0000E+00	1.2357E+00
3.9390E+03	0.0000E+00	0.0000E+00	1.2365E+00
3.9400E+03	0.0000E+00	0.0000E+00	1.2383E+00
3.9410E+03	0.0000E+00	0.0000E+00	1.2354E+00
3.9420E+03	0.0000E+00	0.0000E+00	1.2345E+00
3.9430E+03	0.0000E+00	0.0000E+00	1.2340E+00
3.9440E+03	0.0000E+00	0.0000E+00	1.2352E+00
3.9450E+03	0.0000E+00	0.0000E+00	1.2394E+00
3.9460E+03	0.0000E+00	0.0000E+00	1.2387E+00
3.9470E+03	0.0000E+00	0.0000E+00	1.2406E+00
3.9480E+03	0.0000E+00	0.0000E+00	1.2424E+00
3.9490E+03	0.0000E+00	0.0000E+00	1.2409E+00
3.9500E+03	0.0000E+00	0.0000E+00	1.2417E+00
3.9510E+03	0.0000E+00	0.0000E+00	1.2431E+00
3.9520E+03	0.0000E+00	0.0000E+00	1.2426E+00
3.9530E+03	0.0000E+00	0.0000E+00	1.2424E+00
3.9540E+03	0.0000E+00	0.0000E+00	1.2416E+00
3.9550E+03	0.0000E+00	0.0000E+00	1.2400E+00
3.9560E+03	0.0000E+00	0.0000E+00	1.2372E+00
3.9570E+03	0.0000E+00	0.0000E+00	1.2367E+00
3.9580E+03	0.0000E+00	0.0000E+00	1.2357E+00
3.9590E+03	0.0000E+00	0.0000E+00	1.2359E+00
3.9600E+03	0.0000E+00	0.0000E+00	1.2343E+00
3.9610E+03	0.0000E+00	0.0000E+00	1.2348E+00
3.9620E+03	0.0000E+00	0.0000E+00	1.2352E+00
3.9630E+03	0.0000E+00	0.0000E+00	1.2342E+00
3.9640E+03	0.0000E+00	0.0000E+00	1.2325E+00
3.9650E+03	0.0000E+00	0.0000E+00	1.2324E+00
3.9660E+03	0.0000E+00	0.0000E+00	1.2316E+00
3.9670E+03	0.0000E+00	0.0000E+00	1.2317E+00
3.9680E+03	0.0000E+00	0.0000E+00	1.2336E+00
3.9690E+03	0.0000E+00	0.0000E+00	1.2375E+00
3.9700E+03	0.0000E+00	0.0000E+00	1.2381E+00
3.9710E+03	0.0000E+00	0.0000E+00	1.2393E+00
3.9720E+03	0.0000E+00	0.0000E+00	1.2418E+00
3.9730E+03	0.0000E+00	0.0000E+00	1.2418E+00
3.9740E+03	0.0000E+00	0.0000E+00	1.2409E+00
3.9750E+03	0.0000E+00	0.0000E+00	1.2415E+00
3.9760E+03	0.0000E+00	0.0000E+00	1.2429E+00
3.9770E+03	0.0000E+00	0.0000E+00	1.2431E+00
3.9780E+03	0.0000E+00	0.0000E+00	1.2406E+00
3.9790E+03	0.0000E+00	0.0000E+00	1.2394E+00
3.9800E+03	0.0000E+00	0.0000E+00	1.2365E+00
3.9810E+03	0.0000E+00	0.0000E+00	1.2344E+00
3.9820E+03	0.0000E+00	0.0000E+00	1.2341E+00
3.9830E+03	0.0000E+00	0.0000E+00	1.2327E+00
3.9840E+03	0.0000E+00	0.0000E+00	1.2314E+00
3.9850E+03	0.0000E+00	0.0000E+00	1.2300E+00
3.9860E+03	0.0000E+00	0.0000E+00	1.2313E+00
3.9870E+03	0.0000E+00	0.0000E+00	1.2307E+00
3.9880E+03	0.0000E+00	0.0000E+00	1.2319E+00
3.9890E+03	0.0000E+00	0.0000E+00	1.2340E+00
3.9900E+03	0.0000E+00	0.0000E+00	1.2337E+00
3.9910E+03	0.0000E+00	0.0000E+00	1.2328E+00
3.9920E+03	0.0000E+00	0.0000E+00	1.2326E+00
3.9930E+03	0.0000E+00	0.0000E+00	1.2336E+00
3.9940E+03	0.0000E+00	0.0000E+00	1.2325E+00
