TIME_UNITS h
DATA_UNITS m
!h  x   y   z
0.0000E+00	0.0000E+00	0.0000E+00	1.6181E+00
1.0000E+00	0.0000E+00	0.0000E+00	1.6181E+00
2.0000E+00	0.0000E+00	0.0000E+00	1.6341E+00
3.0000E+00	0.0000E+00	0.0000E+00	1.6462E+00
4.0000E+00	0.0000E+00	0.0000E+00	1.6617E+00
5.0000E+00	0.0000E+00	0.0000E+00	1.6736E+00
6.0000E+00	0.0000E+00	0.0000E+00	1.6861E+00
7.0000E+00	0.0000E+00	0.0000E+00	1.6972E+00
8.0000E+00	0.0000E+00	0.0000E+00	1.7008E+00
9.0000E+00	0.0000E+00	0.0000E+00	1.6465E+00
1.0000E+01	0.0000E+00	0.0000E+00	1.6257E+00
1.1000E+01	0.0000E+00	0.0000E+00	1.5762E+00
1.2000E+01	0.0000E+00	0.0000E+00	1.5970E+00
1.3000E+01	0.0000E+00	0.0000E+00	1.6025E+00
1.4000E+01	0.0000E+00	0.0000E+00	1.6033E+00
1.5000E+01	0.0000E+00	0.0000E+00	1.6120E+00
1.6000E+01	0.0000E+00	0.0000E+00	1.6454E+00
1.7000E+01	0.0000E+00	0.0000E+00	1.6304E+00
1.8000E+01	0.0000E+00	0.0000E+00	1.6515E+00
1.9000E+01	0.0000E+00	0.0000E+00	1.6543E+00
2.0000E+01	0.0000E+00	0.0000E+00	1.6516E+00
2.1000E+01	0.0000E+00	0.0000E+00	1.6473E+00
2.2000E+01	0.0000E+00	0.0000E+00	1.6443E+00
2.3000E+01	0.0000E+00	0.0000E+00	1.6438E+00
2.4000E+01	0.0000E+00	0.0000E+00	1.6499E+00
2.5000E+01	0.0000E+00	0.0000E+00	1.6587E+00
2.6000E+01	0.0000E+00	0.0000E+00	1.6680E+00
2.7000E+01	0.0000E+00	0.0000E+00	1.6789E+00
2.8000E+01	0.0000E+00	0.0000E+00	1.6959E+00
2.9000E+01	0.0000E+00	0.0000E+00	1.7085E+00
3.0000E+01	0.0000E+00	0.0000E+00	1.7226E+00
3.1000E+01	0.0000E+00	0.0000E+00	1.7331E+00
3.2000E+01	0.0000E+00	0.0000E+00	1.7303E+00
3.3000E+01	0.0000E+00	0.0000E+00	1.6801E+00
3.4000E+01	0.0000E+00	0.0000E+00	1.6565E+00
3.5000E+01	0.0000E+00	0.0000E+00	1.6193E+00
3.6000E+01	0.0000E+00	0.0000E+00	1.6301E+00
3.7000E+01	0.0000E+00	0.0000E+00	1.6336E+00
3.8000E+01	0.0000E+00	0.0000E+00	1.6288E+00
3.9000E+01	0.0000E+00	0.0000E+00	1.6390E+00
4.0000E+01	0.0000E+00	0.0000E+00	1.6576E+00
4.1000E+01	0.0000E+00	0.0000E+00	1.6715E+00
4.2000E+01	0.0000E+00	0.0000E+00	1.6695E+00
4.3000E+01	0.0000E+00	0.0000E+00	1.6701E+00
4.4000E+01	0.0000E+00	0.0000E+00	1.6643E+00
4.5000E+01	0.0000E+00	0.0000E+00	1.6587E+00
4.6000E+01	0.0000E+00	0.0000E+00	1.6502E+00
4.7000E+01	0.0000E+00	0.0000E+00	1.6477E+00
4.8000E+01	0.0000E+00	0.0000E+00	1.6449E+00
4.9000E+01	0.0000E+00	0.0000E+00	1.6475E+00
5.0000E+01	0.0000E+00	0.0000E+00	1.6610E+00
5.1000E+01	0.0000E+00	0.0000E+00	1.6744E+00
5.2000E+01	0.0000E+00	0.0000E+00	1.6823E+00
5.3000E+01	0.0000E+00	0.0000E+00	1.6907E+00
5.4000E+01	0.0000E+00	0.0000E+00	1.7018E+00
5.5000E+01	0.0000E+00	0.0000E+00	1.6985E+00
5.6000E+01	0.0000E+00	0.0000E+00	1.6818E+00
5.7000E+01	0.0000E+00	0.0000E+00	1.6662E+00
5.8000E+01	0.0000E+00	0.0000E+00	1.6320E+00
5.9000E+01	0.0000E+00	0.0000E+00	1.6226E+00
6.0000E+01	0.0000E+00	0.0000E+00	1.6202E+00
6.1000E+01	0.0000E+00	0.0000E+00	1.6278E+00
6.2000E+01	0.0000E+00	0.0000E+00	1.6350E+00
6.3000E+01	0.0000E+00	0.0000E+00	1.6513E+00
6.4000E+01	0.0000E+00	0.0000E+00	1.6580E+00
6.5000E+01	0.0000E+00	0.0000E+00	1.6573E+00
6.6000E+01	0.0000E+00	0.0000E+00	1.6570E+00
6.7000E+01	0.0000E+00	0.0000E+00	1.6539E+00
6.8000E+01	0.0000E+00	0.0000E+00	1.6488E+00
6.9000E+01	0.0000E+00	0.0000E+00	1.6432E+00
7.0000E+01	0.0000E+00	0.0000E+00	1.6386E+00
7.1000E+01	0.0000E+00	0.0000E+00	1.6331E+00
7.2000E+01	0.0000E+00	0.0000E+00	1.6390E+00
7.3000E+01	0.0000E+00	0.0000E+00	1.6550E+00
7.4000E+01	0.0000E+00	0.0000E+00	1.6646E+00
7.5000E+01	0.0000E+00	0.0000E+00	1.6719E+00
7.6000E+01	0.0000E+00	0.0000E+00	1.6835E+00
7.7000E+01	0.0000E+00	0.0000E+00	1.6913E+00
7.8000E+01	0.0000E+00	0.0000E+00	1.7010E+00
7.9000E+01	0.0000E+00	0.0000E+00	1.7096E+00
8.0000E+01	0.0000E+00	0.0000E+00	1.7076E+00
8.1000E+01	0.0000E+00	0.0000E+00	1.6602E+00
8.2000E+01	0.0000E+00	0.0000E+00	1.6374E+00
8.3000E+01	0.0000E+00	0.0000E+00	1.6307E+00
8.4000E+01	0.0000E+00	0.0000E+00	1.6396E+00
8.5000E+01	0.0000E+00	0.0000E+00	1.6379E+00
8.6000E+01	0.0000E+00	0.0000E+00	1.6590E+00
8.7000E+01	0.0000E+00	0.0000E+00	1.6913E+00
8.8000E+01	0.0000E+00	0.0000E+00	1.6976E+00
8.9000E+01	0.0000E+00	0.0000E+00	1.7036E+00
9.0000E+01	0.0000E+00	0.0000E+00	1.6995E+00
9.1000E+01	0.0000E+00	0.0000E+00	1.6966E+00
9.2000E+01	0.0000E+00	0.0000E+00	1.6904E+00
9.3000E+01	0.0000E+00	0.0000E+00	1.6875E+00
9.4000E+01	0.0000E+00	0.0000E+00	1.6816E+00
9.5000E+01	0.0000E+00	0.0000E+00	1.6817E+00
9.6000E+01	0.0000E+00	0.0000E+00	1.6789E+00
9.7000E+01	0.0000E+00	0.0000E+00	1.6741E+00
9.8000E+01	0.0000E+00	0.0000E+00	1.6742E+00
9.9000E+01	0.0000E+00	0.0000E+00	1.6716E+00
1.0000E+02	0.0000E+00	0.0000E+00	1.6687E+00
1.0100E+02	0.0000E+00	0.0000E+00	1.6710E+00
1.0200E+02	0.0000E+00	0.0000E+00	1.6819E+00
1.0300E+02	0.0000E+00	0.0000E+00	1.6937E+00
1.0400E+02	0.0000E+00	0.0000E+00	1.6881E+00
1.0500E+02	0.0000E+00	0.0000E+00	1.6695E+00
1.0600E+02	0.0000E+00	0.0000E+00	1.6713E+00
1.0700E+02	0.0000E+00	0.0000E+00	1.6691E+00
1.0800E+02	0.0000E+00	0.0000E+00	1.6775E+00
1.0900E+02	0.0000E+00	0.0000E+00	1.6869E+00
1.1000E+02	0.0000E+00	0.0000E+00	1.7058E+00
1.1100E+02	0.0000E+00	0.0000E+00	1.7118E+00
1.1200E+02	0.0000E+00	0.0000E+00	1.7212E+00
1.1300E+02	0.0000E+00	0.0000E+00	1.7197E+00
1.1400E+02	0.0000E+00	0.0000E+00	1.7325E+00
1.1500E+02	0.0000E+00	0.0000E+00	1.7325E+00
1.1600E+02	0.0000E+00	0.0000E+00	1.7281E+00
1.1700E+02	0.0000E+00	0.0000E+00	1.7225E+00
1.1800E+02	0.0000E+00	0.0000E+00	1.7188E+00
1.1900E+02	0.0000E+00	0.0000E+00	1.7144E+00
1.2000E+02	0.0000E+00	0.0000E+00	1.7174E+00
1.2100E+02	0.0000E+00	0.0000E+00	1.7243E+00
1.2200E+02	0.0000E+00	0.0000E+00	1.7331E+00
1.2300E+02	0.0000E+00	0.0000E+00	1.7387E+00
1.2400E+02	0.0000E+00	0.0000E+00	1.7499E+00
1.2500E+02	0.0000E+00	0.0000E+00	1.7567E+00
1.2600E+02	0.0000E+00	0.0000E+00	1.7659E+00
1.2700E+02	0.0000E+00	0.0000E+00	1.7751E+00
1.2800E+02	0.0000E+00	0.0000E+00	1.7699E+00
1.2900E+02	0.0000E+00	0.0000E+00	1.7470E+00
1.3000E+02	0.0000E+00	0.0000E+00	1.7175E+00
1.3100E+02	0.0000E+00	0.0000E+00	1.7241E+00
1.3200E+02	0.0000E+00	0.0000E+00	1.7332E+00
1.3300E+02	0.0000E+00	0.0000E+00	1.7494E+00
1.3400E+02	0.0000E+00	0.0000E+00	1.7453E+00
1.3500E+02	0.0000E+00	0.0000E+00	1.7325E+00
1.3600E+02	0.0000E+00	0.0000E+00	1.7396E+00
1.3700E+02	0.0000E+00	0.0000E+00	1.7389E+00
1.3800E+02	0.0000E+00	0.0000E+00	1.7544E+00
1.3900E+02	0.0000E+00	0.0000E+00	1.7598E+00
1.4000E+02	0.0000E+00	0.0000E+00	1.7468E+00
1.4100E+02	0.0000E+00	0.0000E+00	1.7544E+00
1.4200E+02	0.0000E+00	0.0000E+00	1.7540E+00
1.4300E+02	0.0000E+00	0.0000E+00	1.7462E+00
1.4400E+02	0.0000E+00	0.0000E+00	1.7408E+00
1.4500E+02	0.0000E+00	0.0000E+00	1.7399E+00
1.4600E+02	0.0000E+00	0.0000E+00	1.7329E+00
1.4700E+02	0.0000E+00	0.0000E+00	1.7308E+00
1.4800E+02	0.0000E+00	0.0000E+00	1.7319E+00
1.4900E+02	0.0000E+00	0.0000E+00	1.7347E+00
1.5000E+02	0.0000E+00	0.0000E+00	1.7254E+00
1.5100E+02	0.0000E+00	0.0000E+00	1.7259E+00
1.5200E+02	0.0000E+00	0.0000E+00	1.7221E+00
1.5300E+02	0.0000E+00	0.0000E+00	1.7214E+00
1.5400E+02	0.0000E+00	0.0000E+00	1.7349E+00
1.5500E+02	0.0000E+00	0.0000E+00	1.7411E+00
1.5600E+02	0.0000E+00	0.0000E+00	1.7427E+00
1.5700E+02	0.0000E+00	0.0000E+00	1.7443E+00
1.5800E+02	0.0000E+00	0.0000E+00	1.7510E+00
1.5900E+02	0.0000E+00	0.0000E+00	1.7734E+00
1.6000E+02	0.0000E+00	0.0000E+00	1.7809E+00
1.6100E+02	0.0000E+00	0.0000E+00	1.8035E+00
1.6200E+02	0.0000E+00	0.0000E+00	1.8299E+00
1.6300E+02	0.0000E+00	0.0000E+00	1.8134E+00
1.6400E+02	0.0000E+00	0.0000E+00	1.8077E+00
1.6500E+02	0.0000E+00	0.0000E+00	1.8159E+00
1.6600E+02	0.0000E+00	0.0000E+00	1.8047E+00
1.6700E+02	0.0000E+00	0.0000E+00	1.8008E+00
1.6800E+02	0.0000E+00	0.0000E+00	1.7977E+00
1.6900E+02	0.0000E+00	0.0000E+00	1.7922E+00
1.7000E+02	0.0000E+00	0.0000E+00	1.7862E+00
1.7100E+02	0.0000E+00	0.0000E+00	1.7940E+00
1.7200E+02	0.0000E+00	0.0000E+00	1.8039E+00
1.7300E+02	0.0000E+00	0.0000E+00	1.8126E+00
1.7400E+02	0.0000E+00	0.0000E+00	1.8233E+00
1.7500E+02	0.0000E+00	0.0000E+00	1.8322E+00
1.7600E+02	0.0000E+00	0.0000E+00	1.8210E+00
1.7700E+02	0.0000E+00	0.0000E+00	1.7856E+00
1.7800E+02	0.0000E+00	0.0000E+00	1.8018E+00
1.7900E+02	0.0000E+00	0.0000E+00	1.8117E+00
1.8000E+02	0.0000E+00	0.0000E+00	1.7839E+00
1.8100E+02	0.0000E+00	0.0000E+00	1.7820E+00
1.8200E+02	0.0000E+00	0.0000E+00	1.7810E+00
1.8300E+02	0.0000E+00	0.0000E+00	1.7897E+00
1.8400E+02	0.0000E+00	0.0000E+00	1.7976E+00
1.8500E+02	0.0000E+00	0.0000E+00	1.8040E+00
1.8600E+02	0.0000E+00	0.0000E+00	1.8095E+00
1.8700E+02	0.0000E+00	0.0000E+00	1.8233E+00
1.8800E+02	0.0000E+00	0.0000E+00	1.8346E+00
1.8900E+02	0.0000E+00	0.0000E+00	1.8391E+00
1.9000E+02	0.0000E+00	0.0000E+00	1.8356E+00
1.9100E+02	0.0000E+00	0.0000E+00	1.8362E+00
1.9200E+02	0.0000E+00	0.0000E+00	1.8400E+00
1.9300E+02	0.0000E+00	0.0000E+00	1.8431E+00
1.9400E+02	0.0000E+00	0.0000E+00	1.8527E+00
1.9500E+02	0.0000E+00	0.0000E+00	1.8555E+00
1.9600E+02	0.0000E+00	0.0000E+00	1.8547E+00
1.9700E+02	0.0000E+00	0.0000E+00	1.8592E+00
1.9800E+02	0.0000E+00	0.0000E+00	1.8602E+00
1.9900E+02	0.0000E+00	0.0000E+00	1.8536E+00
2.0000E+02	0.0000E+00	0.0000E+00	1.8540E+00
2.0100E+02	0.0000E+00	0.0000E+00	1.8490E+00
2.0200E+02	0.0000E+00	0.0000E+00	1.8440E+00
2.0300E+02	0.0000E+00	0.0000E+00	1.8545E+00
2.0400E+02	0.0000E+00	0.0000E+00	1.8544E+00
2.0500E+02	0.0000E+00	0.0000E+00	1.8784E+00
2.0600E+02	0.0000E+00	0.0000E+00	1.8841E+00
2.0700E+02	0.0000E+00	0.0000E+00	1.8843E+00
2.0800E+02	0.0000E+00	0.0000E+00	1.8969E+00
2.0900E+02	0.0000E+00	0.0000E+00	1.9104E+00
2.1000E+02	0.0000E+00	0.0000E+00	1.9226E+00
2.1100E+02	0.0000E+00	0.0000E+00	1.9303E+00
2.1200E+02	0.0000E+00	0.0000E+00	1.9343E+00
2.1300E+02	0.0000E+00	0.0000E+00	1.9378E+00
2.1400E+02	0.0000E+00	0.0000E+00	1.9364E+00
2.1500E+02	0.0000E+00	0.0000E+00	1.9255E+00
2.1600E+02	0.0000E+00	0.0000E+00	1.9178E+00
2.1700E+02	0.0000E+00	0.0000E+00	1.9091E+00
2.1800E+02	0.0000E+00	0.0000E+00	1.8965E+00
2.1900E+02	0.0000E+00	0.0000E+00	1.8900E+00
2.2000E+02	0.0000E+00	0.0000E+00	1.8836E+00
2.2100E+02	0.0000E+00	0.0000E+00	1.8744E+00
2.2200E+02	0.0000E+00	0.0000E+00	1.8689E+00
2.2300E+02	0.0000E+00	0.0000E+00	1.8631E+00
2.2400E+02	0.0000E+00	0.0000E+00	1.8568E+00
2.2500E+02	0.0000E+00	0.0000E+00	1.8549E+00
2.2600E+02	0.0000E+00	0.0000E+00	1.8510E+00
2.2700E+02	0.0000E+00	0.0000E+00	1.8514E+00
2.2800E+02	0.0000E+00	0.0000E+00	1.8539E+00
2.2900E+02	0.0000E+00	0.0000E+00	1.8539E+00
2.3000E+02	0.0000E+00	0.0000E+00	1.8615E+00
2.3100E+02	0.0000E+00	0.0000E+00	1.8741E+00
2.3200E+02	0.0000E+00	0.0000E+00	1.8787E+00
2.3300E+02	0.0000E+00	0.0000E+00	1.8936E+00
2.3400E+02	0.0000E+00	0.0000E+00	1.8959E+00
2.3500E+02	0.0000E+00	0.0000E+00	1.9021E+00
2.3600E+02	0.0000E+00	0.0000E+00	1.8987E+00
2.3700E+02	0.0000E+00	0.0000E+00	1.9118E+00
2.3800E+02	0.0000E+00	0.0000E+00	1.9110E+00
2.3900E+02	0.0000E+00	0.0000E+00	1.9123E+00
2.4000E+02	0.0000E+00	0.0000E+00	1.9139E+00
2.4100E+02	0.0000E+00	0.0000E+00	1.9070E+00
2.4200E+02	0.0000E+00	0.0000E+00	1.9014E+00
2.4300E+02	0.0000E+00	0.0000E+00	1.8980E+00
2.4400E+02	0.0000E+00	0.0000E+00	1.8893E+00
2.4500E+02	0.0000E+00	0.0000E+00	1.8782E+00
2.4600E+02	0.0000E+00	0.0000E+00	1.8751E+00
2.4700E+02	0.0000E+00	0.0000E+00	1.8700E+00
2.4800E+02	0.0000E+00	0.0000E+00	1.8605E+00
2.4900E+02	0.0000E+00	0.0000E+00	1.8642E+00
2.5000E+02	0.0000E+00	0.0000E+00	1.8570E+00
2.5100E+02	0.0000E+00	0.0000E+00	1.8511E+00
2.5200E+02	0.0000E+00	0.0000E+00	1.8498E+00
2.5300E+02	0.0000E+00	0.0000E+00	1.8535E+00
2.5400E+02	0.0000E+00	0.0000E+00	1.8519E+00
2.5500E+02	0.0000E+00	0.0000E+00	1.8531E+00
2.5600E+02	0.0000E+00	0.0000E+00	1.8603E+00
2.5700E+02	0.0000E+00	0.0000E+00	1.8584E+00
2.5800E+02	0.0000E+00	0.0000E+00	1.8574E+00
2.5900E+02	0.0000E+00	0.0000E+00	1.8593E+00
2.6000E+02	0.0000E+00	0.0000E+00	1.8623E+00
2.6100E+02	0.0000E+00	0.0000E+00	1.8656E+00
2.6200E+02	0.0000E+00	0.0000E+00	1.8630E+00
2.6300E+02	0.0000E+00	0.0000E+00	1.8663E+00
2.6400E+02	0.0000E+00	0.0000E+00	1.8635E+00
2.6500E+02	0.0000E+00	0.0000E+00	1.8644E+00
2.6600E+02	0.0000E+00	0.0000E+00	1.8535E+00
2.6700E+02	0.0000E+00	0.0000E+00	1.8442E+00
2.6800E+02	0.0000E+00	0.0000E+00	1.8419E+00
2.6900E+02	0.0000E+00	0.0000E+00	1.8362E+00
2.7000E+02	0.0000E+00	0.0000E+00	1.8304E+00
2.7100E+02	0.0000E+00	0.0000E+00	1.8314E+00
2.7200E+02	0.0000E+00	0.0000E+00	1.8308E+00
2.7300E+02	0.0000E+00	0.0000E+00	1.8232E+00
2.7400E+02	0.0000E+00	0.0000E+00	1.8224E+00
2.7500E+02	0.0000E+00	0.0000E+00	1.8145E+00
2.7600E+02	0.0000E+00	0.0000E+00	1.8215E+00
2.7700E+02	0.0000E+00	0.0000E+00	1.8239E+00
2.7800E+02	0.0000E+00	0.0000E+00	1.8226E+00
2.7900E+02	0.0000E+00	0.0000E+00	1.8218E+00
2.8000E+02	0.0000E+00	0.0000E+00	1.8216E+00
2.8100E+02	0.0000E+00	0.0000E+00	1.8163E+00
2.8200E+02	0.0000E+00	0.0000E+00	1.8132E+00
2.8300E+02	0.0000E+00	0.0000E+00	1.8076E+00
2.8400E+02	0.0000E+00	0.0000E+00	1.8041E+00
2.8500E+02	0.0000E+00	0.0000E+00	1.7997E+00
2.8600E+02	0.0000E+00	0.0000E+00	1.7976E+00
2.8700E+02	0.0000E+00	0.0000E+00	1.7910E+00
2.8800E+02	0.0000E+00	0.0000E+00	1.7916E+00
2.8900E+02	0.0000E+00	0.0000E+00	1.7864E+00
2.9000E+02	0.0000E+00	0.0000E+00	1.7877E+00
2.9100E+02	0.0000E+00	0.0000E+00	1.7820E+00
2.9200E+02	0.0000E+00	0.0000E+00	1.7772E+00
2.9300E+02	0.0000E+00	0.0000E+00	1.7685E+00
2.9400E+02	0.0000E+00	0.0000E+00	1.7625E+00
2.9500E+02	0.0000E+00	0.0000E+00	1.7604E+00
2.9600E+02	0.0000E+00	0.0000E+00	1.7563E+00
2.9700E+02	0.0000E+00	0.0000E+00	1.7599E+00
2.9800E+02	0.0000E+00	0.0000E+00	1.7706E+00
2.9900E+02	0.0000E+00	0.0000E+00	1.7681E+00
3.0000E+02	0.0000E+00	0.0000E+00	1.7747E+00
3.0100E+02	0.0000E+00	0.0000E+00	1.7778E+00
3.0200E+02	0.0000E+00	0.0000E+00	1.7708E+00
3.0300E+02	0.0000E+00	0.0000E+00	1.7645E+00
3.0400E+02	0.0000E+00	0.0000E+00	1.7617E+00
3.0500E+02	0.0000E+00	0.0000E+00	1.7558E+00
3.0600E+02	0.0000E+00	0.0000E+00	1.7479E+00
3.0700E+02	0.0000E+00	0.0000E+00	1.7440E+00
3.0800E+02	0.0000E+00	0.0000E+00	1.7371E+00
3.0900E+02	0.0000E+00	0.0000E+00	1.7335E+00
3.1000E+02	0.0000E+00	0.0000E+00	1.7271E+00
3.1100E+02	0.0000E+00	0.0000E+00	1.7254E+00
3.1200E+02	0.0000E+00	0.0000E+00	1.7155E+00
3.1300E+02	0.0000E+00	0.0000E+00	1.7125E+00
3.1400E+02	0.0000E+00	0.0000E+00	1.7029E+00
3.1500E+02	0.0000E+00	0.0000E+00	1.7061E+00
3.1600E+02	0.0000E+00	0.0000E+00	1.6966E+00
3.1700E+02	0.0000E+00	0.0000E+00	1.6997E+00
3.1800E+02	0.0000E+00	0.0000E+00	1.6985E+00
3.1900E+02	0.0000E+00	0.0000E+00	1.6974E+00
3.2000E+02	0.0000E+00	0.0000E+00	1.6850E+00
3.2100E+02	0.0000E+00	0.0000E+00	1.7006E+00
3.2200E+02	0.0000E+00	0.0000E+00	1.7211E+00
3.2300E+02	0.0000E+00	0.0000E+00	1.7281E+00
3.2400E+02	0.0000E+00	0.0000E+00	1.7253E+00
3.2500E+02	0.0000E+00	0.0000E+00	1.7147E+00
3.2600E+02	0.0000E+00	0.0000E+00	1.7138E+00
3.2700E+02	0.0000E+00	0.0000E+00	1.7227E+00
3.2800E+02	0.0000E+00	0.0000E+00	1.7116E+00
3.2900E+02	0.0000E+00	0.0000E+00	1.7086E+00
3.3000E+02	0.0000E+00	0.0000E+00	1.7117E+00
3.3100E+02	0.0000E+00	0.0000E+00	1.7143E+00
3.3200E+02	0.0000E+00	0.0000E+00	1.7102E+00
3.3300E+02	0.0000E+00	0.0000E+00	1.7060E+00
3.3400E+02	0.0000E+00	0.0000E+00	1.7067E+00
3.3500E+02	0.0000E+00	0.0000E+00	1.7056E+00
3.3600E+02	0.0000E+00	0.0000E+00	1.6978E+00
3.3700E+02	0.0000E+00	0.0000E+00	1.6965E+00
3.3800E+02	0.0000E+00	0.0000E+00	1.6908E+00
3.3900E+02	0.0000E+00	0.0000E+00	1.6920E+00
3.4000E+02	0.0000E+00	0.0000E+00	1.6863E+00
3.4100E+02	0.0000E+00	0.0000E+00	1.6850E+00
3.4200E+02	0.0000E+00	0.0000E+00	1.6813E+00
3.4300E+02	0.0000E+00	0.0000E+00	1.6696E+00
3.4400E+02	0.0000E+00	0.0000E+00	1.6702E+00
3.4500E+02	0.0000E+00	0.0000E+00	1.6722E+00
3.4600E+02	0.0000E+00	0.0000E+00	1.6817E+00
3.4700E+02	0.0000E+00	0.0000E+00	1.6890E+00
3.4800E+02	0.0000E+00	0.0000E+00	1.6970E+00
3.4900E+02	0.0000E+00	0.0000E+00	1.6878E+00
3.5000E+02	0.0000E+00	0.0000E+00	1.6930E+00
3.5100E+02	0.0000E+00	0.0000E+00	1.6965E+00
3.5200E+02	0.0000E+00	0.0000E+00	1.6899E+00
3.5300E+02	0.0000E+00	0.0000E+00	1.6971E+00
3.5400E+02	0.0000E+00	0.0000E+00	1.7024E+00
3.5500E+02	0.0000E+00	0.0000E+00	1.7133E+00
3.5600E+02	0.0000E+00	0.0000E+00	1.7178E+00
3.5700E+02	0.0000E+00	0.0000E+00	1.7137E+00
3.5800E+02	0.0000E+00	0.0000E+00	1.7154E+00
3.5900E+02	0.0000E+00	0.0000E+00	1.7135E+00
3.6000E+02	0.0000E+00	0.0000E+00	1.7070E+00
3.6100E+02	0.0000E+00	0.0000E+00	1.7091E+00
3.6200E+02	0.0000E+00	0.0000E+00	1.7061E+00
3.6300E+02	0.0000E+00	0.0000E+00	1.7027E+00
3.6400E+02	0.0000E+00	0.0000E+00	1.7014E+00
3.6500E+02	0.0000E+00	0.0000E+00	1.7032E+00
3.6600E+02	0.0000E+00	0.0000E+00	1.6964E+00
3.6700E+02	0.0000E+00	0.0000E+00	1.6952E+00
3.6800E+02	0.0000E+00	0.0000E+00	1.6948E+00
3.6900E+02	0.0000E+00	0.0000E+00	1.6909E+00
3.7000E+02	0.0000E+00	0.0000E+00	1.6952E+00
3.7100E+02	0.0000E+00	0.0000E+00	1.6983E+00
3.7200E+02	0.0000E+00	0.0000E+00	1.6931E+00
3.7300E+02	0.0000E+00	0.0000E+00	1.6954E+00
3.7400E+02	0.0000E+00	0.0000E+00	1.7000E+00
3.7500E+02	0.0000E+00	0.0000E+00	1.6964E+00
3.7600E+02	0.0000E+00	0.0000E+00	1.7006E+00
3.7700E+02	0.0000E+00	0.0000E+00	1.7100E+00
3.7800E+02	0.0000E+00	0.0000E+00	1.7161E+00
3.7900E+02	0.0000E+00	0.0000E+00	1.7201E+00
3.8000E+02	0.0000E+00	0.0000E+00	1.7238E+00
3.8100E+02	0.0000E+00	0.0000E+00	1.7268E+00
3.8200E+02	0.0000E+00	0.0000E+00	1.7219E+00
3.8300E+02	0.0000E+00	0.0000E+00	1.7226E+00
3.8400E+02	0.0000E+00	0.0000E+00	1.7181E+00
3.8500E+02	0.0000E+00	0.0000E+00	1.7148E+00
3.8600E+02	0.0000E+00	0.0000E+00	1.7118E+00
3.8700E+02	0.0000E+00	0.0000E+00	1.7075E+00
3.8800E+02	0.0000E+00	0.0000E+00	1.7046E+00
3.8900E+02	0.0000E+00	0.0000E+00	1.7073E+00
3.9000E+02	0.0000E+00	0.0000E+00	1.7017E+00
3.9100E+02	0.0000E+00	0.0000E+00	1.6999E+00
3.9200E+02	0.0000E+00	0.0000E+00	1.6980E+00
3.9300E+02	0.0000E+00	0.0000E+00	1.7008E+00
3.9400E+02	0.0000E+00	0.0000E+00	1.6988E+00
3.9500E+02	0.0000E+00	0.0000E+00	1.6974E+00
3.9600E+02	0.0000E+00	0.0000E+00	1.7019E+00
3.9700E+02	0.0000E+00	0.0000E+00	1.7032E+00
3.9800E+02	0.0000E+00	0.0000E+00	1.7063E+00
3.9900E+02	0.0000E+00	0.0000E+00	1.7237E+00
4.0000E+02	0.0000E+00	0.0000E+00	1.7394E+00
4.0100E+02	0.0000E+00	0.0000E+00	1.7641E+00
4.0200E+02	0.0000E+00	0.0000E+00	1.7843E+00
4.0300E+02	0.0000E+00	0.0000E+00	1.7937E+00
4.0400E+02	0.0000E+00	0.0000E+00	1.7958E+00
4.0500E+02	0.0000E+00	0.0000E+00	1.7884E+00
4.0600E+02	0.0000E+00	0.0000E+00	1.7878E+00
4.0700E+02	0.0000E+00	0.0000E+00	1.7811E+00
4.0800E+02	0.0000E+00	0.0000E+00	1.7824E+00
4.0900E+02	0.0000E+00	0.0000E+00	1.7821E+00
4.1000E+02	0.0000E+00	0.0000E+00	1.7737E+00
4.1100E+02	0.0000E+00	0.0000E+00	1.7692E+00
4.1200E+02	0.0000E+00	0.0000E+00	1.7614E+00
4.1300E+02	0.0000E+00	0.0000E+00	1.7583E+00
4.1400E+02	0.0000E+00	0.0000E+00	1.7564E+00
4.1500E+02	0.0000E+00	0.0000E+00	1.7527E+00
4.1600E+02	0.0000E+00	0.0000E+00	1.7510E+00
4.1700E+02	0.0000E+00	0.0000E+00	1.7500E+00
4.1800E+02	0.0000E+00	0.0000E+00	1.7484E+00
4.1900E+02	0.0000E+00	0.0000E+00	1.7503E+00
4.2000E+02	0.0000E+00	0.0000E+00	1.7537E+00
4.2100E+02	0.0000E+00	0.0000E+00	1.7573E+00
4.2200E+02	0.0000E+00	0.0000E+00	1.7694E+00
4.2300E+02	0.0000E+00	0.0000E+00	1.7815E+00
4.2400E+02	0.0000E+00	0.0000E+00	1.7976E+00
4.2500E+02	0.0000E+00	0.0000E+00	1.8064E+00
4.2600E+02	0.0000E+00	0.0000E+00	1.8126E+00
4.2700E+02	0.0000E+00	0.0000E+00	1.8235E+00
4.2800E+02	0.0000E+00	0.0000E+00	1.8318E+00
4.2900E+02	0.0000E+00	0.0000E+00	1.8302E+00
4.3000E+02	0.0000E+00	0.0000E+00	1.8308E+00
4.3100E+02	0.0000E+00	0.0000E+00	1.8254E+00
4.3200E+02	0.0000E+00	0.0000E+00	1.8213E+00
4.3300E+02	0.0000E+00	0.0000E+00	1.8174E+00
4.3400E+02	0.0000E+00	0.0000E+00	1.8121E+00
4.3500E+02	0.0000E+00	0.0000E+00	1.8092E+00
4.3600E+02	0.0000E+00	0.0000E+00	1.8067E+00
4.3700E+02	0.0000E+00	0.0000E+00	1.8056E+00
4.3800E+02	0.0000E+00	0.0000E+00	1.7989E+00
4.3900E+02	0.0000E+00	0.0000E+00	1.7981E+00
4.4000E+02	0.0000E+00	0.0000E+00	1.7909E+00
4.4100E+02	0.0000E+00	0.0000E+00	1.7890E+00
4.4200E+02	0.0000E+00	0.0000E+00	1.7871E+00
4.4300E+02	0.0000E+00	0.0000E+00	1.7883E+00
4.4400E+02	0.0000E+00	0.0000E+00	1.7938E+00
4.4500E+02	0.0000E+00	0.0000E+00	1.7988E+00
4.4600E+02	0.0000E+00	0.0000E+00	1.8099E+00
4.4700E+02	0.0000E+00	0.0000E+00	1.8172E+00
4.4800E+02	0.0000E+00	0.0000E+00	1.8194E+00
4.4900E+02	0.0000E+00	0.0000E+00	1.8379E+00
4.5000E+02	0.0000E+00	0.0000E+00	1.8430E+00
4.5100E+02	0.0000E+00	0.0000E+00	1.8527E+00
4.5200E+02	0.0000E+00	0.0000E+00	1.8499E+00
4.5300E+02	0.0000E+00	0.0000E+00	1.8567E+00
4.5400E+02	0.0000E+00	0.0000E+00	1.8490E+00
4.5500E+02	0.0000E+00	0.0000E+00	1.8414E+00
4.5600E+02	0.0000E+00	0.0000E+00	1.8368E+00
4.5700E+02	0.0000E+00	0.0000E+00	1.8357E+00
4.5800E+02	0.0000E+00	0.0000E+00	1.8273E+00
4.5900E+02	0.0000E+00	0.0000E+00	1.8193E+00
4.6000E+02	0.0000E+00	0.0000E+00	1.8181E+00
4.6100E+02	0.0000E+00	0.0000E+00	1.8129E+00
4.6200E+02	0.0000E+00	0.0000E+00	1.8089E+00
4.6300E+02	0.0000E+00	0.0000E+00	1.8023E+00
4.6400E+02	0.0000E+00	0.0000E+00	1.7998E+00
4.6500E+02	0.0000E+00	0.0000E+00	1.8022E+00
4.6600E+02	0.0000E+00	0.0000E+00	1.7996E+00
4.6700E+02	0.0000E+00	0.0000E+00	1.8023E+00
4.6800E+02	0.0000E+00	0.0000E+00	1.8021E+00
4.6900E+02	0.0000E+00	0.0000E+00	1.8068E+00
4.7000E+02	0.0000E+00	0.0000E+00	1.8105E+00
4.7100E+02	0.0000E+00	0.0000E+00	1.8105E+00
4.7200E+02	0.0000E+00	0.0000E+00	1.8162E+00
4.7300E+02	0.0000E+00	0.0000E+00	1.8192E+00
4.7400E+02	0.0000E+00	0.0000E+00	1.8208E+00
4.7500E+02	0.0000E+00	0.0000E+00	1.8198E+00
4.7600E+02	0.0000E+00	0.0000E+00	1.8190E+00
4.7700E+02	0.0000E+00	0.0000E+00	1.8150E+00
4.7800E+02	0.0000E+00	0.0000E+00	1.8103E+00
4.7900E+02	0.0000E+00	0.0000E+00	1.8161E+00
4.8000E+02	0.0000E+00	0.0000E+00	1.8033E+00
4.8100E+02	0.0000E+00	0.0000E+00	1.7977E+00
4.8200E+02	0.0000E+00	0.0000E+00	1.7920E+00
4.8300E+02	0.0000E+00	0.0000E+00	1.7928E+00
4.8400E+02	0.0000E+00	0.0000E+00	1.7863E+00
4.8500E+02	0.0000E+00	0.0000E+00	1.7811E+00
4.8600E+02	0.0000E+00	0.0000E+00	1.7815E+00
4.8700E+02	0.0000E+00	0.0000E+00	1.7814E+00
4.8800E+02	0.0000E+00	0.0000E+00	1.7733E+00
4.8900E+02	0.0000E+00	0.0000E+00	1.7735E+00
4.9000E+02	0.0000E+00	0.0000E+00	1.7744E+00
4.9100E+02	0.0000E+00	0.0000E+00	1.7732E+00
4.9200E+02	0.0000E+00	0.0000E+00	1.7712E+00
4.9300E+02	0.0000E+00	0.0000E+00	1.7737E+00
4.9400E+02	0.0000E+00	0.0000E+00	1.7736E+00
4.9500E+02	0.0000E+00	0.0000E+00	1.7749E+00
4.9600E+02	0.0000E+00	0.0000E+00	1.7794E+00
4.9700E+02	0.0000E+00	0.0000E+00	1.7727E+00
4.9800E+02	0.0000E+00	0.0000E+00	1.7768E+00
4.9900E+02	0.0000E+00	0.0000E+00	1.7731E+00
5.0000E+02	0.0000E+00	0.0000E+00	1.7661E+00
5.0100E+02	0.0000E+00	0.0000E+00	1.7604E+00
5.0200E+02	0.0000E+00	0.0000E+00	1.7586E+00
5.0300E+02	0.0000E+00	0.0000E+00	1.7548E+00
5.0400E+02	0.0000E+00	0.0000E+00	1.7505E+00
5.0500E+02	0.0000E+00	0.0000E+00	1.7482E+00
5.0600E+02	0.0000E+00	0.0000E+00	1.7453E+00
5.0700E+02	0.0000E+00	0.0000E+00	1.7460E+00
5.0800E+02	0.0000E+00	0.0000E+00	1.7406E+00
5.0900E+02	0.0000E+00	0.0000E+00	1.7405E+00
5.1000E+02	0.0000E+00	0.0000E+00	1.7375E+00
5.1100E+02	0.0000E+00	0.0000E+00	1.7383E+00
5.1200E+02	0.0000E+00	0.0000E+00	1.7346E+00
5.1300E+02	0.0000E+00	0.0000E+00	1.7364E+00
5.1400E+02	0.0000E+00	0.0000E+00	1.7360E+00
5.1500E+02	0.0000E+00	0.0000E+00	1.7335E+00
5.1600E+02	0.0000E+00	0.0000E+00	1.7370E+00
5.1700E+02	0.0000E+00	0.0000E+00	1.7376E+00
5.1800E+02	0.0000E+00	0.0000E+00	1.7410E+00
5.1900E+02	0.0000E+00	0.0000E+00	1.7511E+00
5.2000E+02	0.0000E+00	0.0000E+00	1.7584E+00
5.2100E+02	0.0000E+00	0.0000E+00	1.7650E+00
5.2200E+02	0.0000E+00	0.0000E+00	1.7723E+00
5.2300E+02	0.0000E+00	0.0000E+00	1.7792E+00
5.2400E+02	0.0000E+00	0.0000E+00	1.7865E+00
5.2500E+02	0.0000E+00	0.0000E+00	1.7866E+00
5.2600E+02	0.0000E+00	0.0000E+00	1.7812E+00
5.2700E+02	0.0000E+00	0.0000E+00	1.7804E+00
5.2800E+02	0.0000E+00	0.0000E+00	1.7661E+00
5.2900E+02	0.0000E+00	0.0000E+00	1.7649E+00
5.3000E+02	0.0000E+00	0.0000E+00	1.7606E+00
5.3100E+02	0.0000E+00	0.0000E+00	1.7526E+00
5.3200E+02	0.0000E+00	0.0000E+00	1.7487E+00
5.3300E+02	0.0000E+00	0.0000E+00	1.7456E+00
5.3400E+02	0.0000E+00	0.0000E+00	1.7422E+00
5.3500E+02	0.0000E+00	0.0000E+00	1.7354E+00
5.3600E+02	0.0000E+00	0.0000E+00	1.7362E+00
5.3700E+02	0.0000E+00	0.0000E+00	1.7328E+00
5.3800E+02	0.0000E+00	0.0000E+00	1.7381E+00
5.3900E+02	0.0000E+00	0.0000E+00	1.7365E+00
5.4000E+02	0.0000E+00	0.0000E+00	1.7341E+00
5.4100E+02	0.0000E+00	0.0000E+00	1.7408E+00
5.4200E+02	0.0000E+00	0.0000E+00	1.7571E+00
5.4300E+02	0.0000E+00	0.0000E+00	1.7625E+00
5.4400E+02	0.0000E+00	0.0000E+00	1.7824E+00
5.4500E+02	0.0000E+00	0.0000E+00	1.8035E+00
5.4600E+02	0.0000E+00	0.0000E+00	1.8192E+00
5.4700E+02	0.0000E+00	0.0000E+00	1.8295E+00
5.4800E+02	0.0000E+00	0.0000E+00	1.8341E+00
5.4900E+02	0.0000E+00	0.0000E+00	1.8358E+00
5.5000E+02	0.0000E+00	0.0000E+00	1.8307E+00
5.5100E+02	0.0000E+00	0.0000E+00	1.8234E+00
5.5200E+02	0.0000E+00	0.0000E+00	1.8131E+00
5.5300E+02	0.0000E+00	0.0000E+00	1.8063E+00
5.5400E+02	0.0000E+00	0.0000E+00	1.7988E+00
5.5500E+02	0.0000E+00	0.0000E+00	1.7952E+00
5.5600E+02	0.0000E+00	0.0000E+00	1.7912E+00
5.5700E+02	0.0000E+00	0.0000E+00	1.7895E+00
5.5800E+02	0.0000E+00	0.0000E+00	1.7817E+00
5.5900E+02	0.0000E+00	0.0000E+00	1.7729E+00
5.6000E+02	0.0000E+00	0.0000E+00	1.7759E+00
5.6100E+02	0.0000E+00	0.0000E+00	1.7753E+00
5.6200E+02	0.0000E+00	0.0000E+00	1.7741E+00
5.6300E+02	0.0000E+00	0.0000E+00	1.7736E+00
5.6400E+02	0.0000E+00	0.0000E+00	1.7766E+00
5.6500E+02	0.0000E+00	0.0000E+00	1.7842E+00
5.6600E+02	0.0000E+00	0.0000E+00	1.7962E+00
5.6700E+02	0.0000E+00	0.0000E+00	1.8192E+00
5.6800E+02	0.0000E+00	0.0000E+00	1.8417E+00
5.6900E+02	0.0000E+00	0.0000E+00	1.8693E+00
5.7000E+02	0.0000E+00	0.0000E+00	1.8975E+00
5.7100E+02	0.0000E+00	0.0000E+00	1.9094E+00
5.7200E+02	0.0000E+00	0.0000E+00	1.9129E+00
5.7300E+02	0.0000E+00	0.0000E+00	1.9108E+00
5.7400E+02	0.0000E+00	0.0000E+00	1.9021E+00
5.7500E+02	0.0000E+00	0.0000E+00	1.9022E+00
5.7600E+02	0.0000E+00	0.0000E+00	1.8900E+00
5.7700E+02	0.0000E+00	0.0000E+00	1.8773E+00
5.7800E+02	0.0000E+00	0.0000E+00	1.8784E+00
5.7900E+02	0.0000E+00	0.0000E+00	1.8706E+00
5.8000E+02	0.0000E+00	0.0000E+00	1.8592E+00
5.8100E+02	0.0000E+00	0.0000E+00	1.8556E+00
5.8200E+02	0.0000E+00	0.0000E+00	1.8509E+00
5.8300E+02	0.0000E+00	0.0000E+00	1.8407E+00
5.8400E+02	0.0000E+00	0.0000E+00	1.8361E+00
5.8500E+02	0.0000E+00	0.0000E+00	1.8368E+00
5.8600E+02	0.0000E+00	0.0000E+00	1.8344E+00
5.8700E+02	0.0000E+00	0.0000E+00	1.8365E+00
5.8800E+02	0.0000E+00	0.0000E+00	1.8391E+00
5.8900E+02	0.0000E+00	0.0000E+00	1.8523E+00
5.9000E+02	0.0000E+00	0.0000E+00	1.8659E+00
5.9100E+02	0.0000E+00	0.0000E+00	1.8903E+00
5.9200E+02	0.0000E+00	0.0000E+00	1.9234E+00
5.9300E+02	0.0000E+00	0.0000E+00	1.9443E+00
5.9400E+02	0.0000E+00	0.0000E+00	1.9665E+00
5.9500E+02	0.0000E+00	0.0000E+00	1.9789E+00
5.9600E+02	0.0000E+00	0.0000E+00	1.9814E+00
5.9700E+02	0.0000E+00	0.0000E+00	1.9838E+00
5.9800E+02	0.0000E+00	0.0000E+00	1.9685E+00
5.9900E+02	0.0000E+00	0.0000E+00	1.9627E+00
6.0000E+02	0.0000E+00	0.0000E+00	1.9519E+00
6.0100E+02	0.0000E+00	0.0000E+00	1.9479E+00
6.0200E+02	0.0000E+00	0.0000E+00	1.9324E+00
6.0300E+02	0.0000E+00	0.0000E+00	1.9268E+00
6.0400E+02	0.0000E+00	0.0000E+00	1.9120E+00
6.0500E+02	0.0000E+00	0.0000E+00	1.9096E+00
6.0600E+02	0.0000E+00	0.0000E+00	1.9102E+00
6.0700E+02	0.0000E+00	0.0000E+00	1.8977E+00
6.0800E+02	0.0000E+00	0.0000E+00	1.9025E+00
6.0900E+02	0.0000E+00	0.0000E+00	1.8948E+00
6.1000E+02	0.0000E+00	0.0000E+00	1.8969E+00
6.1100E+02	0.0000E+00	0.0000E+00	1.8932E+00
6.1200E+02	0.0000E+00	0.0000E+00	1.8986E+00
6.1300E+02	0.0000E+00	0.0000E+00	1.9061E+00
6.1400E+02	0.0000E+00	0.0000E+00	1.9139E+00
6.1500E+02	0.0000E+00	0.0000E+00	1.9377E+00
6.1600E+02	0.0000E+00	0.0000E+00	1.9541E+00
6.1700E+02	0.0000E+00	0.0000E+00	1.9687E+00
6.1800E+02	0.0000E+00	0.0000E+00	1.9807E+00
6.1900E+02	0.0000E+00	0.0000E+00	2.0014E+00
6.2000E+02	0.0000E+00	0.0000E+00	2.0088E+00
6.2100E+02	0.0000E+00	0.0000E+00	2.0105E+00
6.2200E+02	0.0000E+00	0.0000E+00	2.0124E+00
6.2300E+02	0.0000E+00	0.0000E+00	2.0031E+00
6.2400E+02	0.0000E+00	0.0000E+00	2.0013E+00
6.2500E+02	0.0000E+00	0.0000E+00	2.0021E+00
6.2600E+02	0.0000E+00	0.0000E+00	2.0033E+00
6.2700E+02	0.0000E+00	0.0000E+00	1.9986E+00
6.2800E+02	0.0000E+00	0.0000E+00	1.9880E+00
6.2900E+02	0.0000E+00	0.0000E+00	1.9836E+00
6.3000E+02	0.0000E+00	0.0000E+00	1.9746E+00
6.3100E+02	0.0000E+00	0.0000E+00	1.9750E+00
6.3200E+02	0.0000E+00	0.0000E+00	1.9809E+00
6.3300E+02	0.0000E+00	0.0000E+00	1.9663E+00
6.3400E+02	0.0000E+00	0.0000E+00	1.9700E+00
6.3500E+02	0.0000E+00	0.0000E+00	1.9705E+00
6.3600E+02	0.0000E+00	0.0000E+00	1.9740E+00
6.3700E+02	0.0000E+00	0.0000E+00	1.9693E+00
6.3800E+02	0.0000E+00	0.0000E+00	1.9733E+00
6.3900E+02	0.0000E+00	0.0000E+00	1.9811E+00
6.4000E+02	0.0000E+00	0.0000E+00	1.9814E+00
6.4100E+02	0.0000E+00	0.0000E+00	1.9865E+00
6.4200E+02	0.0000E+00	0.0000E+00	2.0111E+00
6.4300E+02	0.0000E+00	0.0000E+00	2.0268E+00
6.4400E+02	0.0000E+00	0.0000E+00	2.0545E+00
6.4500E+02	0.0000E+00	0.0000E+00	2.0595E+00
6.4600E+02	0.0000E+00	0.0000E+00	2.0695E+00
6.4700E+02	0.0000E+00	0.0000E+00	2.0563E+00
6.4800E+02	0.0000E+00	0.0000E+00	2.0528E+00
6.4900E+02	0.0000E+00	0.0000E+00	2.0549E+00
6.5000E+02	0.0000E+00	0.0000E+00	2.0502E+00
6.5100E+02	0.0000E+00	0.0000E+00	2.0356E+00
6.5200E+02	0.0000E+00	0.0000E+00	2.0337E+00
6.5300E+02	0.0000E+00	0.0000E+00	2.0487E+00
6.5400E+02	0.0000E+00	0.0000E+00	2.0225E+00
6.5500E+02	0.0000E+00	0.0000E+00	2.0248E+00
6.5600E+02	0.0000E+00	0.0000E+00	2.0194E+00
6.5700E+02	0.0000E+00	0.0000E+00	2.0080E+00
6.5800E+02	0.0000E+00	0.0000E+00	2.0237E+00
6.5900E+02	0.0000E+00	0.0000E+00	2.0137E+00
6.6000E+02	0.0000E+00	0.0000E+00	2.0062E+00
6.6100E+02	0.0000E+00	0.0000E+00	2.0141E+00
6.6200E+02	0.0000E+00	0.0000E+00	2.0048E+00
6.6300E+02	0.0000E+00	0.0000E+00	2.0154E+00
6.6400E+02	0.0000E+00	0.0000E+00	2.0269E+00
6.6500E+02	0.0000E+00	0.0000E+00	2.0339E+00
6.6600E+02	0.0000E+00	0.0000E+00	2.0610E+00
6.6700E+02	0.0000E+00	0.0000E+00	2.0729E+00
6.6800E+02	0.0000E+00	0.0000E+00	2.0865E+00
6.6900E+02	0.0000E+00	0.0000E+00	2.1026E+00
6.7000E+02	0.0000E+00	0.0000E+00	2.1117E+00
6.7100E+02	0.0000E+00	0.0000E+00	2.1145E+00
6.7200E+02	0.0000E+00	0.0000E+00	2.1129E+00
6.7300E+02	0.0000E+00	0.0000E+00	2.1116E+00
6.7400E+02	0.0000E+00	0.0000E+00	2.1104E+00
6.7500E+02	0.0000E+00	0.0000E+00	2.1180E+00
6.7600E+02	0.0000E+00	0.0000E+00	2.1012E+00
6.7700E+02	0.0000E+00	0.0000E+00	2.0926E+00
6.7800E+02	0.0000E+00	0.0000E+00	2.0960E+00
6.7900E+02	0.0000E+00	0.0000E+00	2.0797E+00
6.8000E+02	0.0000E+00	0.0000E+00	2.0857E+00
6.8100E+02	0.0000E+00	0.0000E+00	2.0853E+00
6.8200E+02	0.0000E+00	0.0000E+00	2.0745E+00
6.8300E+02	0.0000E+00	0.0000E+00	2.0766E+00
6.8400E+02	0.0000E+00	0.0000E+00	2.0772E+00
6.8500E+02	0.0000E+00	0.0000E+00	2.0718E+00
6.8600E+02	0.0000E+00	0.0000E+00	2.0630E+00
6.8700E+02	0.0000E+00	0.0000E+00	2.0546E+00
6.8800E+02	0.0000E+00	0.0000E+00	2.0587E+00
6.8900E+02	0.0000E+00	0.0000E+00	2.0516E+00
6.9000E+02	0.0000E+00	0.0000E+00	2.0329E+00
6.9100E+02	0.0000E+00	0.0000E+00	2.0391E+00
6.9200E+02	0.0000E+00	0.0000E+00	2.0270E+00
6.9300E+02	0.0000E+00	0.0000E+00	2.0320E+00
6.9400E+02	0.0000E+00	0.0000E+00	2.0174E+00
6.9500E+02	0.0000E+00	0.0000E+00	2.0150E+00
6.9600E+02	0.0000E+00	0.0000E+00	2.0067E+00
6.9700E+02	0.0000E+00	0.0000E+00	2.0089E+00
6.9800E+02	0.0000E+00	0.0000E+00	2.0037E+00
6.9900E+02	0.0000E+00	0.0000E+00	1.9923E+00
7.0000E+02	0.0000E+00	0.0000E+00	1.9850E+00
7.0100E+02	0.0000E+00	0.0000E+00	1.9849E+00
7.0200E+02	0.0000E+00	0.0000E+00	1.9893E+00
7.0300E+02	0.0000E+00	0.0000E+00	1.9771E+00
7.0400E+02	0.0000E+00	0.0000E+00	1.9744E+00
7.0500E+02	0.0000E+00	0.0000E+00	1.9686E+00
7.0600E+02	0.0000E+00	0.0000E+00	1.9649E+00
7.0700E+02	0.0000E+00	0.0000E+00	1.9667E+00
7.0800E+02	0.0000E+00	0.0000E+00	1.9615E+00
7.0900E+02	0.0000E+00	0.0000E+00	1.9610E+00
7.1000E+02	0.0000E+00	0.0000E+00	1.9538E+00
7.1100E+02	0.0000E+00	0.0000E+00	1.9521E+00
7.1200E+02	0.0000E+00	0.0000E+00	1.9483E+00
7.1300E+02	0.0000E+00	0.0000E+00	1.9474E+00
7.1400E+02	0.0000E+00	0.0000E+00	1.9436E+00
7.1500E+02	0.0000E+00	0.0000E+00	1.9562E+00
7.1600E+02	0.0000E+00	0.0000E+00	1.9486E+00
7.1700E+02	0.0000E+00	0.0000E+00	1.9392E+00
7.1800E+02	0.0000E+00	0.0000E+00	1.9393E+00
7.1900E+02	0.0000E+00	0.0000E+00	1.9243E+00
7.2000E+02	0.0000E+00	0.0000E+00	1.9158E+00
7.2100E+02	0.0000E+00	0.0000E+00	1.9106E+00
7.2200E+02	0.0000E+00	0.0000E+00	1.9049E+00
7.2300E+02	0.0000E+00	0.0000E+00	1.9021E+00
7.2400E+02	0.0000E+00	0.0000E+00	1.9053E+00
7.2500E+02	0.0000E+00	0.0000E+00	1.8995E+00
7.2600E+02	0.0000E+00	0.0000E+00	1.8924E+00
7.2700E+02	0.0000E+00	0.0000E+00	1.8847E+00
7.2800E+02	0.0000E+00	0.0000E+00	1.8846E+00
7.2900E+02	0.0000E+00	0.0000E+00	1.8894E+00
7.3000E+02	0.0000E+00	0.0000E+00	1.8901E+00
7.3100E+02	0.0000E+00	0.0000E+00	1.8852E+00
7.3200E+02	0.0000E+00	0.0000E+00	1.8843E+00
7.3300E+02	0.0000E+00	0.0000E+00	1.8869E+00
7.3400E+02	0.0000E+00	0.0000E+00	1.8806E+00
7.3500E+02	0.0000E+00	0.0000E+00	1.8817E+00
7.3600E+02	0.0000E+00	0.0000E+00	1.8741E+00
7.3700E+02	0.0000E+00	0.0000E+00	1.8731E+00
7.3800E+02	0.0000E+00	0.0000E+00	1.8686E+00
7.3900E+02	0.0000E+00	0.0000E+00	1.8704E+00
7.4000E+02	0.0000E+00	0.0000E+00	1.8675E+00
7.4100E+02	0.0000E+00	0.0000E+00	1.8631E+00
7.4200E+02	0.0000E+00	0.0000E+00	1.8624E+00
7.4300E+02	0.0000E+00	0.0000E+00	1.8551E+00
7.4400E+02	0.0000E+00	0.0000E+00	1.8521E+00
7.4500E+02	0.0000E+00	0.0000E+00	1.8522E+00
7.4600E+02	0.0000E+00	0.0000E+00	1.8514E+00
7.4700E+02	0.0000E+00	0.0000E+00	1.8413E+00
7.4800E+02	0.0000E+00	0.0000E+00	1.8424E+00
7.4900E+02	0.0000E+00	0.0000E+00	1.8445E+00
7.5000E+02	0.0000E+00	0.0000E+00	1.8414E+00
7.5100E+02	0.0000E+00	0.0000E+00	1.8506E+00
7.5200E+02	0.0000E+00	0.0000E+00	1.8477E+00
7.5300E+02	0.0000E+00	0.0000E+00	1.8475E+00
7.5400E+02	0.0000E+00	0.0000E+00	1.8468E+00
7.5500E+02	0.0000E+00	0.0000E+00	1.8478E+00
7.5600E+02	0.0000E+00	0.0000E+00	1.8469E+00
7.5700E+02	0.0000E+00	0.0000E+00	1.8492E+00
7.5800E+02	0.0000E+00	0.0000E+00	1.8492E+00
7.5900E+02	0.0000E+00	0.0000E+00	1.8577E+00
7.6000E+02	0.0000E+00	0.0000E+00	1.8568E+00
7.6100E+02	0.0000E+00	0.0000E+00	1.8589E+00
7.6200E+02	0.0000E+00	0.0000E+00	1.8584E+00
7.6300E+02	0.0000E+00	0.0000E+00	1.8536E+00
7.6400E+02	0.0000E+00	0.0000E+00	1.8510E+00
7.6500E+02	0.0000E+00	0.0000E+00	1.8445E+00
7.6600E+02	0.0000E+00	0.0000E+00	1.8353E+00
7.6700E+02	0.0000E+00	0.0000E+00	1.8283E+00
7.6800E+02	0.0000E+00	0.0000E+00	1.8275E+00
7.6900E+02	0.0000E+00	0.0000E+00	1.8176E+00
7.7000E+02	0.0000E+00	0.0000E+00	1.8154E+00
7.7100E+02	0.0000E+00	0.0000E+00	1.8109E+00
7.7200E+02	0.0000E+00	0.0000E+00	1.8057E+00
7.7300E+02	0.0000E+00	0.0000E+00	1.8062E+00
7.7400E+02	0.0000E+00	0.0000E+00	1.8046E+00
7.7500E+02	0.0000E+00	0.0000E+00	1.8032E+00
7.7600E+02	0.0000E+00	0.0000E+00	1.8009E+00
7.7700E+02	0.0000E+00	0.0000E+00	1.7986E+00
7.7800E+02	0.0000E+00	0.0000E+00	1.8008E+00
7.7900E+02	0.0000E+00	0.0000E+00	1.8030E+00
7.8000E+02	0.0000E+00	0.0000E+00	1.8062E+00
7.8100E+02	0.0000E+00	0.0000E+00	1.8053E+00
7.8200E+02	0.0000E+00	0.0000E+00	1.8052E+00
7.8300E+02	0.0000E+00	0.0000E+00	1.8036E+00
7.8400E+02	0.0000E+00	0.0000E+00	1.8049E+00
7.8500E+02	0.0000E+00	0.0000E+00	1.7955E+00
7.8600E+02	0.0000E+00	0.0000E+00	1.7966E+00
7.8700E+02	0.0000E+00	0.0000E+00	1.7970E+00
7.8800E+02	0.0000E+00	0.0000E+00	1.7907E+00
7.8900E+02	0.0000E+00	0.0000E+00	1.7884E+00
7.9000E+02	0.0000E+00	0.0000E+00	1.7847E+00
7.9100E+02	0.0000E+00	0.0000E+00	1.7883E+00
7.9200E+02	0.0000E+00	0.0000E+00	1.7909E+00
7.9300E+02	0.0000E+00	0.0000E+00	1.7810E+00
7.9400E+02	0.0000E+00	0.0000E+00	1.7756E+00
7.9500E+02	0.0000E+00	0.0000E+00	1.7765E+00
7.9600E+02	0.0000E+00	0.0000E+00	1.7707E+00
7.9700E+02	0.0000E+00	0.0000E+00	1.7675E+00
7.9800E+02	0.0000E+00	0.0000E+00	1.7726E+00
7.9900E+02	0.0000E+00	0.0000E+00	1.7709E+00
8.0000E+02	0.0000E+00	0.0000E+00	1.7681E+00
8.0100E+02	0.0000E+00	0.0000E+00	1.7653E+00
8.0200E+02	0.0000E+00	0.0000E+00	1.7650E+00
8.0300E+02	0.0000E+00	0.0000E+00	1.7653E+00
8.0400E+02	0.0000E+00	0.0000E+00	1.7643E+00
8.0500E+02	0.0000E+00	0.0000E+00	1.7613E+00
8.0600E+02	0.0000E+00	0.0000E+00	1.7600E+00
8.0700E+02	0.0000E+00	0.0000E+00	1.7556E+00
8.0800E+02	0.0000E+00	0.0000E+00	1.7565E+00
8.0900E+02	0.0000E+00	0.0000E+00	1.7592E+00
8.1000E+02	0.0000E+00	0.0000E+00	1.7578E+00
8.1100E+02	0.0000E+00	0.0000E+00	1.7587E+00
8.1200E+02	0.0000E+00	0.0000E+00	1.7606E+00
8.1300E+02	0.0000E+00	0.0000E+00	1.7539E+00
8.1400E+02	0.0000E+00	0.0000E+00	1.7538E+00
8.1500E+02	0.0000E+00	0.0000E+00	1.7552E+00
8.1600E+02	0.0000E+00	0.0000E+00	1.7533E+00
8.1700E+02	0.0000E+00	0.0000E+00	1.7562E+00
8.1800E+02	0.0000E+00	0.0000E+00	1.7549E+00
8.1900E+02	0.0000E+00	0.0000E+00	1.7534E+00
8.2000E+02	0.0000E+00	0.0000E+00	1.7512E+00
8.2100E+02	0.0000E+00	0.0000E+00	1.7437E+00
8.2200E+02	0.0000E+00	0.0000E+00	1.7434E+00
8.2300E+02	0.0000E+00	0.0000E+00	1.7447E+00
8.2400E+02	0.0000E+00	0.0000E+00	1.7439E+00
8.2500E+02	0.0000E+00	0.0000E+00	1.7438E+00
8.2600E+02	0.0000E+00	0.0000E+00	1.7439E+00
8.2700E+02	0.0000E+00	0.0000E+00	1.7424E+00
8.2800E+02	0.0000E+00	0.0000E+00	1.7387E+00
8.2900E+02	0.0000E+00	0.0000E+00	1.7400E+00
8.3000E+02	0.0000E+00	0.0000E+00	1.7350E+00
8.3100E+02	0.0000E+00	0.0000E+00	1.7348E+00
8.3200E+02	0.0000E+00	0.0000E+00	1.7406E+00
8.3300E+02	0.0000E+00	0.0000E+00	1.7454E+00
8.3400E+02	0.0000E+00	0.0000E+00	1.7506E+00
8.3500E+02	0.0000E+00	0.0000E+00	1.7537E+00
8.3600E+02	0.0000E+00	0.0000E+00	1.7625E+00
8.3700E+02	0.0000E+00	0.0000E+00	1.7561E+00
8.3800E+02	0.0000E+00	0.0000E+00	1.7524E+00
8.3900E+02	0.0000E+00	0.0000E+00	1.7488E+00
8.4000E+02	0.0000E+00	0.0000E+00	1.7455E+00
8.4100E+02	0.0000E+00	0.0000E+00	1.7401E+00
8.4200E+02	0.0000E+00	0.0000E+00	1.7369E+00
8.4300E+02	0.0000E+00	0.0000E+00	1.7344E+00
8.4400E+02	0.0000E+00	0.0000E+00	1.7328E+00
8.4500E+02	0.0000E+00	0.0000E+00	1.7275E+00
8.4600E+02	0.0000E+00	0.0000E+00	1.7232E+00
8.4700E+02	0.0000E+00	0.0000E+00	1.7231E+00
8.4800E+02	0.0000E+00	0.0000E+00	1.7235E+00
8.4900E+02	0.0000E+00	0.0000E+00	1.7247E+00
8.5000E+02	0.0000E+00	0.0000E+00	1.7273E+00
8.5100E+02	0.0000E+00	0.0000E+00	1.7258E+00
8.5200E+02	0.0000E+00	0.0000E+00	1.7257E+00
8.5300E+02	0.0000E+00	0.0000E+00	1.7275E+00
8.5400E+02	0.0000E+00	0.0000E+00	1.7261E+00
8.5500E+02	0.0000E+00	0.0000E+00	1.7222E+00
8.5600E+02	0.0000E+00	0.0000E+00	1.7239E+00
8.5700E+02	0.0000E+00	0.0000E+00	1.7284E+00
8.5800E+02	0.0000E+00	0.0000E+00	1.7294E+00
8.5900E+02	0.0000E+00	0.0000E+00	1.7350E+00
8.6000E+02	0.0000E+00	0.0000E+00	1.7428E+00
8.6100E+02	0.0000E+00	0.0000E+00	1.7445E+00
8.6200E+02	0.0000E+00	0.0000E+00	1.7493E+00
8.6300E+02	0.0000E+00	0.0000E+00	1.7468E+00
8.6400E+02	0.0000E+00	0.0000E+00	1.7520E+00
8.6500E+02	0.0000E+00	0.0000E+00	1.7497E+00
8.6600E+02	0.0000E+00	0.0000E+00	1.7471E+00
8.6700E+02	0.0000E+00	0.0000E+00	1.7418E+00
8.6800E+02	0.0000E+00	0.0000E+00	1.7435E+00
8.6900E+02	0.0000E+00	0.0000E+00	1.7422E+00
8.7000E+02	0.0000E+00	0.0000E+00	1.7360E+00
8.7100E+02	0.0000E+00	0.0000E+00	1.7318E+00
8.7200E+02	0.0000E+00	0.0000E+00	1.7353E+00
8.7300E+02	0.0000E+00	0.0000E+00	1.7311E+00
8.7400E+02	0.0000E+00	0.0000E+00	1.7346E+00
8.7500E+02	0.0000E+00	0.0000E+00	1.7356E+00
8.7600E+02	0.0000E+00	0.0000E+00	1.7338E+00
8.7700E+02	0.0000E+00	0.0000E+00	1.7327E+00
8.7800E+02	0.0000E+00	0.0000E+00	1.7278E+00
8.7900E+02	0.0000E+00	0.0000E+00	1.7307E+00
8.8000E+02	0.0000E+00	0.0000E+00	1.7334E+00
8.8100E+02	0.0000E+00	0.0000E+00	1.7386E+00
8.8200E+02	0.0000E+00	0.0000E+00	1.7475E+00
8.8300E+02	0.0000E+00	0.0000E+00	1.7554E+00
8.8400E+02	0.0000E+00	0.0000E+00	1.7639E+00
8.8500E+02	0.0000E+00	0.0000E+00	1.7701E+00
8.8600E+02	0.0000E+00	0.0000E+00	1.7758E+00
8.8700E+02	0.0000E+00	0.0000E+00	1.7849E+00
8.8800E+02	0.0000E+00	0.0000E+00	1.7820E+00
8.8900E+02	0.0000E+00	0.0000E+00	1.7910E+00
8.9000E+02	0.0000E+00	0.0000E+00	1.7881E+00
8.9100E+02	0.0000E+00	0.0000E+00	1.7809E+00
8.9200E+02	0.0000E+00	0.0000E+00	1.7769E+00
8.9300E+02	0.0000E+00	0.0000E+00	1.7796E+00
8.9400E+02	0.0000E+00	0.0000E+00	1.7727E+00
8.9500E+02	0.0000E+00	0.0000E+00	1.7665E+00
8.9600E+02	0.0000E+00	0.0000E+00	1.7704E+00
8.9700E+02	0.0000E+00	0.0000E+00	1.7667E+00
8.9800E+02	0.0000E+00	0.0000E+00	1.7687E+00
8.9900E+02	0.0000E+00	0.0000E+00	1.7709E+00
9.0000E+02	0.0000E+00	0.0000E+00	1.7030E+00
9.0100E+02	0.0000E+00	0.0000E+00	1.7038E+00
9.0200E+02	0.0000E+00	0.0000E+00	1.7038E+00
9.0300E+02	0.0000E+00	0.0000E+00	1.7048E+00
9.0400E+02	0.0000E+00	0.0000E+00	1.7084E+00
9.0500E+02	0.0000E+00	0.0000E+00	1.7170E+00
9.0600E+02	0.0000E+00	0.0000E+00	1.7210E+00
9.0700E+02	0.0000E+00	0.0000E+00	1.7211E+00
9.0800E+02	0.0000E+00	0.0000E+00	1.7308E+00
9.0900E+02	0.0000E+00	0.0000E+00	1.7340E+00
9.1000E+02	0.0000E+00	0.0000E+00	1.7361E+00
9.1100E+02	0.0000E+00	0.0000E+00	1.7366E+00
9.1200E+02	0.0000E+00	0.0000E+00	1.7353E+00
9.1300E+02	0.0000E+00	0.0000E+00	1.7351E+00
9.1400E+02	0.0000E+00	0.0000E+00	1.7350E+00
9.1500E+02	0.0000E+00	0.0000E+00	1.7328E+00
9.1600E+02	0.0000E+00	0.0000E+00	1.7333E+00
9.1700E+02	0.0000E+00	0.0000E+00	1.7280E+00
9.1800E+02	0.0000E+00	0.0000E+00	1.7256E+00
9.1900E+02	0.0000E+00	0.0000E+00	1.7233E+00
9.2000E+02	0.0000E+00	0.0000E+00	1.7235E+00
9.2100E+02	0.0000E+00	0.0000E+00	1.7273E+00
9.2200E+02	0.0000E+00	0.0000E+00	1.7248E+00
9.2300E+02	0.0000E+00	0.0000E+00	1.7216E+00
9.2400E+02	0.0000E+00	0.0000E+00	1.7183E+00
9.2500E+02	0.0000E+00	0.0000E+00	1.7159E+00
9.2600E+02	0.0000E+00	0.0000E+00	1.7167E+00
9.2700E+02	0.0000E+00	0.0000E+00	1.7158E+00
9.2800E+02	0.0000E+00	0.0000E+00	1.7104E+00
9.2900E+02	0.0000E+00	0.0000E+00	1.7136E+00
9.3000E+02	0.0000E+00	0.0000E+00	1.7151E+00
9.3100E+02	0.0000E+00	0.0000E+00	1.7195E+00
9.3200E+02	0.0000E+00	0.0000E+00	1.7203E+00
9.3300E+02	0.0000E+00	0.0000E+00	1.7226E+00
9.3400E+02	0.0000E+00	0.0000E+00	1.7220E+00
9.3500E+02	0.0000E+00	0.0000E+00	1.7234E+00
9.3600E+02	0.0000E+00	0.0000E+00	1.7230E+00
9.3700E+02	0.0000E+00	0.0000E+00	1.7251E+00
9.3800E+02	0.0000E+00	0.0000E+00	1.7279E+00
9.3900E+02	0.0000E+00	0.0000E+00	1.7243E+00
9.4000E+02	0.0000E+00	0.0000E+00	1.7237E+00
9.4100E+02	0.0000E+00	0.0000E+00	1.7221E+00
9.4200E+02	0.0000E+00	0.0000E+00	1.7127E+00
9.4300E+02	0.0000E+00	0.0000E+00	1.7110E+00
9.4400E+02	0.0000E+00	0.0000E+00	1.7095E+00
9.4500E+02	0.0000E+00	0.0000E+00	1.7111E+00
9.4600E+02	0.0000E+00	0.0000E+00	1.7112E+00
9.4700E+02	0.0000E+00	0.0000E+00	1.7119E+00
9.4800E+02	0.0000E+00	0.0000E+00	1.7095E+00
9.4900E+02	0.0000E+00	0.0000E+00	1.7107E+00
9.5000E+02	0.0000E+00	0.0000E+00	1.7099E+00
9.5100E+02	0.0000E+00	0.0000E+00	1.7107E+00
9.5200E+02	0.0000E+00	0.0000E+00	1.7054E+00
9.5300E+02	0.0000E+00	0.0000E+00	1.7037E+00
9.5400E+02	0.0000E+00	0.0000E+00	1.7048E+00
9.5500E+02	0.0000E+00	0.0000E+00	1.7065E+00
9.5600E+02	0.0000E+00	0.0000E+00	1.7070E+00
9.5700E+02	0.0000E+00	0.0000E+00	1.7098E+00
9.5800E+02	0.0000E+00	0.0000E+00	1.7067E+00
9.5900E+02	0.0000E+00	0.0000E+00	1.7106E+00
9.6000E+02	0.0000E+00	0.0000E+00	1.7090E+00
9.6100E+02	0.0000E+00	0.0000E+00	1.7130E+00
9.6200E+02	0.0000E+00	0.0000E+00	1.7137E+00
9.6300E+02	0.0000E+00	0.0000E+00	1.7126E+00
9.6400E+02	0.0000E+00	0.0000E+00	1.7099E+00
9.6500E+02	0.0000E+00	0.0000E+00	1.7103E+00
9.6600E+02	0.0000E+00	0.0000E+00	1.7064E+00
9.6700E+02	0.0000E+00	0.0000E+00	1.7089E+00
9.6800E+02	0.0000E+00	0.0000E+00	1.7070E+00
9.6900E+02	0.0000E+00	0.0000E+00	1.7064E+00
9.7000E+02	0.0000E+00	0.0000E+00	1.7045E+00
9.7100E+02	0.0000E+00	0.0000E+00	1.7083E+00
9.7200E+02	0.0000E+00	0.0000E+00	1.7068E+00
9.7300E+02	0.0000E+00	0.0000E+00	1.7069E+00
9.7400E+02	0.0000E+00	0.0000E+00	1.7059E+00
9.7500E+02	0.0000E+00	0.0000E+00	1.7059E+00
9.7600E+02	0.0000E+00	0.0000E+00	1.7030E+00
9.7700E+02	0.0000E+00	0.0000E+00	1.7044E+00
9.7800E+02	0.0000E+00	0.0000E+00	1.7065E+00
9.7900E+02	0.0000E+00	0.0000E+00	1.7135E+00
9.8000E+02	0.0000E+00	0.0000E+00	1.7172E+00
9.8100E+02	0.0000E+00	0.0000E+00	1.7223E+00
9.8200E+02	0.0000E+00	0.0000E+00	1.7285E+00
9.8300E+02	0.0000E+00	0.0000E+00	1.7276E+00
9.8400E+02	0.0000E+00	0.0000E+00	1.7273E+00
9.8500E+02	0.0000E+00	0.0000E+00	1.7192E+00
9.8600E+02	0.0000E+00	0.0000E+00	1.7158E+00
9.8700E+02	0.0000E+00	0.0000E+00	1.7170E+00
9.8800E+02	0.0000E+00	0.0000E+00	1.7126E+00
9.8900E+02	0.0000E+00	0.0000E+00	1.7159E+00
9.9000E+02	0.0000E+00	0.0000E+00	1.7086E+00
9.9100E+02	0.0000E+00	0.0000E+00	1.7045E+00
9.9200E+02	0.0000E+00	0.0000E+00	1.7029E+00
9.9300E+02	0.0000E+00	0.0000E+00	1.7048E+00
9.9400E+02	0.0000E+00	0.0000E+00	1.7042E+00
9.9500E+02	0.0000E+00	0.0000E+00	1.7056E+00
9.9600E+02	0.0000E+00	0.0000E+00	1.7017E+00
9.9700E+02	0.0000E+00	0.0000E+00	1.6999E+00
9.9800E+02	0.0000E+00	0.0000E+00	1.6977E+00
9.9900E+02	0.0000E+00	0.0000E+00	1.7031E+00
1.0000E+03	0.0000E+00	0.0000E+00	1.7025E+00
1.0010E+03	0.0000E+00	0.0000E+00	1.7119E+00
1.0020E+03	0.0000E+00	0.0000E+00	1.7196E+00
1.0030E+03	0.0000E+00	0.0000E+00	1.7333E+00
1.0040E+03	0.0000E+00	0.0000E+00	1.7488E+00
1.0050E+03	0.0000E+00	0.0000E+00	1.7600E+00
1.0060E+03	0.0000E+00	0.0000E+00	1.7672E+00
1.0070E+03	0.0000E+00	0.0000E+00	1.7720E+00
1.0080E+03	0.0000E+00	0.0000E+00	1.7749E+00
1.0090E+03	0.0000E+00	0.0000E+00	1.7743E+00
1.0100E+03	0.0000E+00	0.0000E+00	1.7728E+00
1.0110E+03	0.0000E+00	0.0000E+00	1.7684E+00
1.0120E+03	0.0000E+00	0.0000E+00	1.7641E+00
1.0130E+03	0.0000E+00	0.0000E+00	1.7622E+00
1.0140E+03	0.0000E+00	0.0000E+00	1.7594E+00
1.0150E+03	0.0000E+00	0.0000E+00	1.7598E+00
1.0160E+03	0.0000E+00	0.0000E+00	1.7563E+00
1.0170E+03	0.0000E+00	0.0000E+00	1.7528E+00
1.0180E+03	0.0000E+00	0.0000E+00	1.7548E+00
1.0190E+03	0.0000E+00	0.0000E+00	1.7543E+00
1.0200E+03	0.0000E+00	0.0000E+00	1.7536E+00
1.0210E+03	0.0000E+00	0.0000E+00	1.7535E+00
1.0220E+03	0.0000E+00	0.0000E+00	1.7546E+00
1.0230E+03	0.0000E+00	0.0000E+00	1.7522E+00
1.0240E+03	0.0000E+00	0.0000E+00	1.7555E+00
1.0250E+03	0.0000E+00	0.0000E+00	1.7670E+00
1.0260E+03	0.0000E+00	0.0000E+00	1.7730E+00
1.0270E+03	0.0000E+00	0.0000E+00	1.7803E+00
1.0280E+03	0.0000E+00	0.0000E+00	1.7930E+00
1.0290E+03	0.0000E+00	0.0000E+00	1.8024E+00
1.0300E+03	0.0000E+00	0.0000E+00	1.8049E+00
1.0310E+03	0.0000E+00	0.0000E+00	1.8111E+00
1.0320E+03	0.0000E+00	0.0000E+00	1.8142E+00
1.0330E+03	0.0000E+00	0.0000E+00	1.8099E+00
1.0340E+03	0.0000E+00	0.0000E+00	1.8094E+00
1.0350E+03	0.0000E+00	0.0000E+00	1.8048E+00
1.0360E+03	0.0000E+00	0.0000E+00	1.8023E+00
1.0370E+03	0.0000E+00	0.0000E+00	1.7969E+00
1.0380E+03	0.0000E+00	0.0000E+00	1.7997E+00
1.0390E+03	0.0000E+00	0.0000E+00	1.7937E+00
1.0400E+03	0.0000E+00	0.0000E+00	1.7981E+00
1.0410E+03	0.0000E+00	0.0000E+00	1.7937E+00
1.0420E+03	0.0000E+00	0.0000E+00	1.7916E+00
1.0430E+03	0.0000E+00	0.0000E+00	1.7894E+00
1.0440E+03	0.0000E+00	0.0000E+00	1.7873E+00
1.0450E+03	0.0000E+00	0.0000E+00	1.7823E+00
1.0460E+03	0.0000E+00	0.0000E+00	1.7905E+00
1.0470E+03	0.0000E+00	0.0000E+00	1.7942E+00
1.0480E+03	0.0000E+00	0.0000E+00	1.7996E+00
1.0490E+03	0.0000E+00	0.0000E+00	1.8074E+00
1.0500E+03	0.0000E+00	0.0000E+00	1.8219E+00
1.0510E+03	0.0000E+00	0.0000E+00	1.8448E+00
1.0520E+03	0.0000E+00	0.0000E+00	1.8736E+00
1.0530E+03	0.0000E+00	0.0000E+00	1.8978E+00
1.0540E+03	0.0000E+00	0.0000E+00	1.9091E+00
1.0550E+03	0.0000E+00	0.0000E+00	1.9145E+00
1.0560E+03	0.0000E+00	0.0000E+00	1.9199E+00
1.0570E+03	0.0000E+00	0.0000E+00	1.9148E+00
1.0580E+03	0.0000E+00	0.0000E+00	1.9166E+00
1.0590E+03	0.0000E+00	0.0000E+00	1.9145E+00
1.0600E+03	0.0000E+00	0.0000E+00	1.9108E+00
1.0610E+03	0.0000E+00	0.0000E+00	1.9092E+00
1.0620E+03	0.0000E+00	0.0000E+00	1.9100E+00
1.0630E+03	0.0000E+00	0.0000E+00	1.9007E+00
1.0640E+03	0.0000E+00	0.0000E+00	1.8965E+00
1.0650E+03	0.0000E+00	0.0000E+00	1.8953E+00
1.0660E+03	0.0000E+00	0.0000E+00	1.8951E+00
1.0670E+03	0.0000E+00	0.0000E+00	1.8899E+00
1.0680E+03	0.0000E+00	0.0000E+00	1.8875E+00
1.0690E+03	0.0000E+00	0.0000E+00	1.8909E+00
1.0700E+03	0.0000E+00	0.0000E+00	1.8884E+00
1.0710E+03	0.0000E+00	0.0000E+00	1.8931E+00
1.0720E+03	0.0000E+00	0.0000E+00	1.8929E+00
1.0730E+03	0.0000E+00	0.0000E+00	1.9106E+00
1.0740E+03	0.0000E+00	0.0000E+00	1.9149E+00
1.0750E+03	0.0000E+00	0.0000E+00	1.9250E+00
1.0760E+03	0.0000E+00	0.0000E+00	1.9403E+00
1.0770E+03	0.0000E+00	0.0000E+00	1.9491E+00
1.0780E+03	0.0000E+00	0.0000E+00	1.9571E+00
1.0790E+03	0.0000E+00	0.0000E+00	1.9615E+00
1.0800E+03	0.0000E+00	0.0000E+00	1.9658E+00
1.0810E+03	0.0000E+00	0.0000E+00	1.9631E+00
1.0820E+03	0.0000E+00	0.0000E+00	1.9614E+00
1.0830E+03	0.0000E+00	0.0000E+00	1.9553E+00
1.0840E+03	0.0000E+00	0.0000E+00	1.9607E+00
1.0850E+03	0.0000E+00	0.0000E+00	1.9526E+00
1.0860E+03	0.0000E+00	0.0000E+00	1.9554E+00
1.0870E+03	0.0000E+00	0.0000E+00	1.9509E+00
1.0880E+03	0.0000E+00	0.0000E+00	1.9485E+00
1.0890E+03	0.0000E+00	0.0000E+00	1.9420E+00
1.0900E+03	0.0000E+00	0.0000E+00	1.9364E+00
1.0910E+03	0.0000E+00	0.0000E+00	1.9348E+00
1.0920E+03	0.0000E+00	0.0000E+00	1.9349E+00
1.0930E+03	0.0000E+00	0.0000E+00	1.9329E+00
1.0940E+03	0.0000E+00	0.0000E+00	1.9301E+00
1.0950E+03	0.0000E+00	0.0000E+00	1.9363E+00
1.0960E+03	0.0000E+00	0.0000E+00	1.9363E+00
1.0970E+03	0.0000E+00	0.0000E+00	1.9390E+00
1.0980E+03	0.0000E+00	0.0000E+00	1.9492E+00
1.0990E+03	0.0000E+00	0.0000E+00	1.9592E+00
1.1000E+03	0.0000E+00	0.0000E+00	1.9664E+00
1.1010E+03	0.0000E+00	0.0000E+00	1.9797E+00
1.1020E+03	0.0000E+00	0.0000E+00	1.9808E+00
1.1030E+03	0.0000E+00	0.0000E+00	1.9833E+00
1.1040E+03	0.0000E+00	0.0000E+00	1.9949E+00
1.1050E+03	0.0000E+00	0.0000E+00	1.9915E+00
1.1060E+03	0.0000E+00	0.0000E+00	1.9886E+00
1.1070E+03	0.0000E+00	0.0000E+00	1.9767E+00
1.1080E+03	0.0000E+00	0.0000E+00	1.9789E+00
1.1090E+03	0.0000E+00	0.0000E+00	1.9775E+00
1.1100E+03	0.0000E+00	0.0000E+00	1.9676E+00
1.1110E+03	0.0000E+00	0.0000E+00	1.9649E+00
1.1120E+03	0.0000E+00	0.0000E+00	1.9661E+00
1.1130E+03	0.0000E+00	0.0000E+00	1.9637E+00
1.1140E+03	0.0000E+00	0.0000E+00	1.9612E+00
1.1150E+03	0.0000E+00	0.0000E+00	1.9583E+00
1.1160E+03	0.0000E+00	0.0000E+00	1.9551E+00
1.1170E+03	0.0000E+00	0.0000E+00	1.9536E+00
1.1180E+03	0.0000E+00	0.0000E+00	1.9564E+00
1.1190E+03	0.0000E+00	0.0000E+00	1.9501E+00
1.1200E+03	0.0000E+00	0.0000E+00	1.9585E+00
1.1210E+03	0.0000E+00	0.0000E+00	1.9575E+00
1.1220E+03	0.0000E+00	0.0000E+00	1.9618E+00
1.1230E+03	0.0000E+00	0.0000E+00	1.9785E+00
1.1240E+03	0.0000E+00	0.0000E+00	2.0006E+00
1.1250E+03	0.0000E+00	0.0000E+00	2.0118E+00
1.1260E+03	0.0000E+00	0.0000E+00	2.0293E+00
1.1270E+03	0.0000E+00	0.0000E+00	2.0202E+00
1.1280E+03	0.0000E+00	0.0000E+00	2.0287E+00
1.1290E+03	0.0000E+00	0.0000E+00	2.0225E+00
1.1300E+03	0.0000E+00	0.0000E+00	2.0293E+00
1.1310E+03	0.0000E+00	0.0000E+00	2.0211E+00
1.1320E+03	0.0000E+00	0.0000E+00	2.0181E+00
1.1330E+03	0.0000E+00	0.0000E+00	2.0222E+00
1.1340E+03	0.0000E+00	0.0000E+00	2.0147E+00
1.1350E+03	0.0000E+00	0.0000E+00	2.0179E+00
1.1360E+03	0.0000E+00	0.0000E+00	2.0105E+00
1.1370E+03	0.0000E+00	0.0000E+00	1.9983E+00
1.1380E+03	0.0000E+00	0.0000E+00	2.0015E+00
1.1390E+03	0.0000E+00	0.0000E+00	1.9952E+00
1.1400E+03	0.0000E+00	0.0000E+00	1.9933E+00
1.1410E+03	0.0000E+00	0.0000E+00	1.9892E+00
1.1420E+03	0.0000E+00	0.0000E+00	1.9844E+00
1.1430E+03	0.0000E+00	0.0000E+00	1.9858E+00
1.1440E+03	0.0000E+00	0.0000E+00	1.9879E+00
1.1450E+03	0.0000E+00	0.0000E+00	1.9989E+00
1.1460E+03	0.0000E+00	0.0000E+00	2.0145E+00
1.1470E+03	0.0000E+00	0.0000E+00	2.0618E+00
1.1480E+03	0.0000E+00	0.0000E+00	2.0687E+00
1.1490E+03	0.0000E+00	0.0000E+00	2.0972E+00
1.1500E+03	0.0000E+00	0.0000E+00	2.0995E+00
1.1510E+03	0.0000E+00	0.0000E+00	2.1195E+00
1.1520E+03	0.0000E+00	0.0000E+00	2.1231E+00
1.1530E+03	0.0000E+00	0.0000E+00	2.1386E+00
1.1540E+03	0.0000E+00	0.0000E+00	2.1308E+00
1.1550E+03	0.0000E+00	0.0000E+00	2.1387E+00
1.1560E+03	0.0000E+00	0.0000E+00	2.1431E+00
1.1570E+03	0.0000E+00	0.0000E+00	2.1514E+00
1.1580E+03	0.0000E+00	0.0000E+00	2.1444E+00
1.1590E+03	0.0000E+00	0.0000E+00	2.1329E+00
1.1600E+03	0.0000E+00	0.0000E+00	2.1430E+00
1.1610E+03	0.0000E+00	0.0000E+00	2.1258E+00
1.1620E+03	0.0000E+00	0.0000E+00	2.1284E+00
1.1630E+03	0.0000E+00	0.0000E+00	2.1141E+00
1.1640E+03	0.0000E+00	0.0000E+00	2.1043E+00
1.1650E+03	0.0000E+00	0.0000E+00	2.1110E+00
1.1660E+03	0.0000E+00	0.0000E+00	2.0928E+00
1.1670E+03	0.0000E+00	0.0000E+00	2.0952E+00
1.1680E+03	0.0000E+00	0.0000E+00	2.1068E+00
1.1690E+03	0.0000E+00	0.0000E+00	2.0999E+00
1.1700E+03	0.0000E+00	0.0000E+00	2.1178E+00
1.1710E+03	0.0000E+00	0.0000E+00	2.1200E+00
1.1720E+03	0.0000E+00	0.0000E+00	2.1411E+00
1.1730E+03	0.0000E+00	0.0000E+00	2.1619E+00
1.1740E+03	0.0000E+00	0.0000E+00	2.1756E+00
1.1750E+03	0.0000E+00	0.0000E+00	2.1838E+00
1.1760E+03	0.0000E+00	0.0000E+00	2.2005E+00
1.1770E+03	0.0000E+00	0.0000E+00	2.2023E+00
1.1780E+03	0.0000E+00	0.0000E+00	2.2153E+00
1.1790E+03	0.0000E+00	0.0000E+00	2.2212E+00
1.1800E+03	0.0000E+00	0.0000E+00	2.2253E+00
1.1810E+03	0.0000E+00	0.0000E+00	2.2110E+00
1.1820E+03	0.0000E+00	0.0000E+00	2.2026E+00
1.1830E+03	0.0000E+00	0.0000E+00	2.2104E+00
1.1840E+03	0.0000E+00	0.0000E+00	2.2083E+00
1.1850E+03	0.0000E+00	0.0000E+00	2.2032E+00
1.1860E+03	0.0000E+00	0.0000E+00	2.1919E+00
1.1870E+03	0.0000E+00	0.0000E+00	2.1977E+00
1.1880E+03	0.0000E+00	0.0000E+00	2.1828E+00
1.1890E+03	0.0000E+00	0.0000E+00	2.1783E+00
1.1900E+03	0.0000E+00	0.0000E+00	2.1737E+00
1.1910E+03	0.0000E+00	0.0000E+00	2.1655E+00
1.1920E+03	0.0000E+00	0.0000E+00	2.1571E+00
1.1930E+03	0.0000E+00	0.0000E+00	2.1664E+00
1.1940E+03	0.0000E+00	0.0000E+00	2.1623E+00
1.1950E+03	0.0000E+00	0.0000E+00	2.1673E+00
1.1960E+03	0.0000E+00	0.0000E+00	2.1778E+00
1.1970E+03	0.0000E+00	0.0000E+00	2.1912E+00
1.1980E+03	0.0000E+00	0.0000E+00	2.1859E+00
1.1990E+03	0.0000E+00	0.0000E+00	2.2040E+00
1.2000E+03	0.0000E+00	0.0000E+00	2.2086E+00
1.2010E+03	0.0000E+00	0.0000E+00	2.2010E+00
1.2020E+03	0.0000E+00	0.0000E+00	2.2070E+00
1.2030E+03	0.0000E+00	0.0000E+00	2.2175E+00
1.2040E+03	0.0000E+00	0.0000E+00	2.2266E+00
1.2050E+03	0.0000E+00	0.0000E+00	2.2144E+00
1.2060E+03	0.0000E+00	0.0000E+00	2.2259E+00
1.2070E+03	0.0000E+00	0.0000E+00	2.2066E+00
1.2080E+03	0.0000E+00	0.0000E+00	2.2166E+00
1.2090E+03	0.0000E+00	0.0000E+00	2.2141E+00
1.2100E+03	0.0000E+00	0.0000E+00	2.1905E+00
1.2110E+03	0.0000E+00	0.0000E+00	2.1933E+00
1.2120E+03	0.0000E+00	0.0000E+00	2.1926E+00
1.2130E+03	0.0000E+00	0.0000E+00	2.1752E+00
1.2140E+03	0.0000E+00	0.0000E+00	2.1751E+00
1.2150E+03	0.0000E+00	0.0000E+00	2.1628E+00
1.2160E+03	0.0000E+00	0.0000E+00	2.1707E+00
1.2170E+03	0.0000E+00	0.0000E+00	2.1724E+00
1.2180E+03	0.0000E+00	0.0000E+00	2.1708E+00
1.2190E+03	0.0000E+00	0.0000E+00	2.1909E+00
1.2200E+03	0.0000E+00	0.0000E+00	2.1945E+00
1.2210E+03	0.0000E+00	0.0000E+00	2.2118E+00
1.2220E+03	0.0000E+00	0.0000E+00	2.2263E+00
1.2230E+03	0.0000E+00	0.0000E+00	2.2376E+00
1.2240E+03	0.0000E+00	0.0000E+00	2.2531E+00
1.2250E+03	0.0000E+00	0.0000E+00	2.2503E+00
1.2260E+03	0.0000E+00	0.0000E+00	2.2707E+00
1.2270E+03	0.0000E+00	0.0000E+00	2.2745E+00
1.2280E+03	0.0000E+00	0.0000E+00	2.2735E+00
1.2290E+03	0.0000E+00	0.0000E+00	2.2763E+00
1.2300E+03	0.0000E+00	0.0000E+00	2.2669E+00
1.2310E+03	0.0000E+00	0.0000E+00	2.2638E+00
1.2320E+03	0.0000E+00	0.0000E+00	2.2582E+00
1.2330E+03	0.0000E+00	0.0000E+00	2.2525E+00
1.2340E+03	0.0000E+00	0.0000E+00	2.2410E+00
1.2350E+03	0.0000E+00	0.0000E+00	2.2414E+00
1.2360E+03	0.0000E+00	0.0000E+00	2.2147E+00
1.2370E+03	0.0000E+00	0.0000E+00	2.2304E+00
1.2380E+03	0.0000E+00	0.0000E+00	2.2166E+00
1.2390E+03	0.0000E+00	0.0000E+00	2.1974E+00
1.2400E+03	0.0000E+00	0.0000E+00	2.2058E+00
1.2410E+03	0.0000E+00	0.0000E+00	2.1964E+00
1.2420E+03	0.0000E+00	0.0000E+00	2.1886E+00
1.2430E+03	0.0000E+00	0.0000E+00	2.2089E+00
1.2440E+03	0.0000E+00	0.0000E+00	2.1929E+00
1.2450E+03	0.0000E+00	0.0000E+00	2.2052E+00
1.2460E+03	0.0000E+00	0.0000E+00	2.2064E+00
1.2470E+03	0.0000E+00	0.0000E+00	2.2191E+00
1.2480E+03	0.0000E+00	0.0000E+00	2.2256E+00
1.2490E+03	0.0000E+00	0.0000E+00	2.2222E+00
1.2500E+03	0.0000E+00	0.0000E+00	2.2242E+00
1.2510E+03	0.0000E+00	0.0000E+00	2.2135E+00
1.2520E+03	0.0000E+00	0.0000E+00	2.2232E+00
1.2530E+03	0.0000E+00	0.0000E+00	2.2182E+00
1.2540E+03	0.0000E+00	0.0000E+00	2.2233E+00
1.2550E+03	0.0000E+00	0.0000E+00	2.2144E+00
1.2560E+03	0.0000E+00	0.0000E+00	2.2125E+00
1.2570E+03	0.0000E+00	0.0000E+00	2.1945E+00
1.2580E+03	0.0000E+00	0.0000E+00	2.2070E+00
1.2590E+03	0.0000E+00	0.0000E+00	2.1885E+00
1.2600E+03	0.0000E+00	0.0000E+00	2.1845E+00
1.2610E+03	0.0000E+00	0.0000E+00	2.1814E+00
1.2620E+03	0.0000E+00	0.0000E+00	2.1756E+00
1.2630E+03	0.0000E+00	0.0000E+00	2.1553E+00
1.2640E+03	0.0000E+00	0.0000E+00	2.1524E+00
1.2650E+03	0.0000E+00	0.0000E+00	2.1598E+00
1.2660E+03	0.0000E+00	0.0000E+00	2.1573E+00
1.2670E+03	0.0000E+00	0.0000E+00	2.1611E+00
1.2680E+03	0.0000E+00	0.0000E+00	2.1642E+00
1.2690E+03	0.0000E+00	0.0000E+00	2.1763E+00
1.2700E+03	0.0000E+00	0.0000E+00	2.1847E+00
1.2710E+03	0.0000E+00	0.0000E+00	2.1789E+00
1.2720E+03	0.0000E+00	0.0000E+00	2.2001E+00
1.2730E+03	0.0000E+00	0.0000E+00	2.2070E+00
1.2740E+03	0.0000E+00	0.0000E+00	2.1962E+00
1.2750E+03	0.0000E+00	0.0000E+00	2.2074E+00
1.2760E+03	0.0000E+00	0.0000E+00	2.2021E+00
1.2770E+03	0.0000E+00	0.0000E+00	2.2077E+00
1.2780E+03	0.0000E+00	0.0000E+00	2.2012E+00
1.2790E+03	0.0000E+00	0.0000E+00	2.1986E+00
1.2800E+03	0.0000E+00	0.0000E+00	2.1892E+00
1.2810E+03	0.0000E+00	0.0000E+00	2.1844E+00
1.2820E+03	0.0000E+00	0.0000E+00	2.1841E+00
1.2830E+03	0.0000E+00	0.0000E+00	2.1569E+00
1.2840E+03	0.0000E+00	0.0000E+00	2.1676E+00
1.2850E+03	0.0000E+00	0.0000E+00	2.1640E+00
1.2860E+03	0.0000E+00	0.0000E+00	2.1532E+00
1.2870E+03	0.0000E+00	0.0000E+00	2.1399E+00
1.2880E+03	0.0000E+00	0.0000E+00	2.1372E+00
1.2890E+03	0.0000E+00	0.0000E+00	2.1225E+00
1.2900E+03	0.0000E+00	0.0000E+00	2.1292E+00
1.2910E+03	0.0000E+00	0.0000E+00	2.1356E+00
1.2920E+03	0.0000E+00	0.0000E+00	2.1467E+00
1.2930E+03	0.0000E+00	0.0000E+00	2.1563E+00
1.2940E+03	0.0000E+00	0.0000E+00	2.1575E+00
1.2950E+03	0.0000E+00	0.0000E+00	2.1650E+00
1.2960E+03	0.0000E+00	0.0000E+00	2.1745E+00
1.2970E+03	0.0000E+00	0.0000E+00	2.1714E+00
1.2980E+03	0.0000E+00	0.0000E+00	2.1908E+00
1.2990E+03	0.0000E+00	0.0000E+00	2.1858E+00
1.3000E+03	0.0000E+00	0.0000E+00	2.1918E+00
1.3010E+03	0.0000E+00	0.0000E+00	2.1899E+00
1.3020E+03	0.0000E+00	0.0000E+00	2.1891E+00
1.3030E+03	0.0000E+00	0.0000E+00	2.1774E+00
1.3040E+03	0.0000E+00	0.0000E+00	2.1748E+00
1.3050E+03	0.0000E+00	0.0000E+00	2.1617E+00
1.3060E+03	0.0000E+00	0.0000E+00	2.1591E+00
1.3070E+03	0.0000E+00	0.0000E+00	2.1645E+00
1.3080E+03	0.0000E+00	0.0000E+00	2.1478E+00
1.3090E+03	0.0000E+00	0.0000E+00	2.1492E+00
1.3100E+03	0.0000E+00	0.0000E+00	2.1386E+00
1.3110E+03	0.0000E+00	0.0000E+00	2.1402E+00
1.3120E+03	0.0000E+00	0.0000E+00	2.1225E+00
1.3130E+03	0.0000E+00	0.0000E+00	2.1206E+00
1.3140E+03	0.0000E+00	0.0000E+00	2.1244E+00
1.3150E+03	0.0000E+00	0.0000E+00	2.1324E+00
1.3160E+03	0.0000E+00	0.0000E+00	2.1477E+00
1.3170E+03	0.0000E+00	0.0000E+00	2.1616E+00
1.3180E+03	0.0000E+00	0.0000E+00	2.1815E+00
1.3190E+03	0.0000E+00	0.0000E+00	2.1893E+00
1.3200E+03	0.0000E+00	0.0000E+00	2.1948E+00
1.3210E+03	0.0000E+00	0.0000E+00	2.2071E+00
1.3220E+03	0.0000E+00	0.0000E+00	2.2278E+00
1.3230E+03	0.0000E+00	0.0000E+00	2.2262E+00
1.3240E+03	0.0000E+00	0.0000E+00	2.2372E+00
1.3250E+03	0.0000E+00	0.0000E+00	2.2432E+00
1.3260E+03	0.0000E+00	0.0000E+00	2.2285E+00
1.3270E+03	0.0000E+00	0.0000E+00	2.2347E+00
1.3280E+03	0.0000E+00	0.0000E+00	2.2425E+00
1.3290E+03	0.0000E+00	0.0000E+00	2.2322E+00
1.3300E+03	0.0000E+00	0.0000E+00	2.2300E+00
1.3310E+03	0.0000E+00	0.0000E+00	2.2212E+00
1.3320E+03	0.0000E+00	0.0000E+00	2.2189E+00
1.3330E+03	0.0000E+00	0.0000E+00	2.2001E+00
1.3340E+03	0.0000E+00	0.0000E+00	2.1950E+00
1.3350E+03	0.0000E+00	0.0000E+00	2.1945E+00
1.3360E+03	0.0000E+00	0.0000E+00	2.1797E+00
1.3370E+03	0.0000E+00	0.0000E+00	2.1822E+00
1.3380E+03	0.0000E+00	0.0000E+00	2.1720E+00
1.3390E+03	0.0000E+00	0.0000E+00	2.1906E+00
1.3400E+03	0.0000E+00	0.0000E+00	2.1956E+00
1.3410E+03	0.0000E+00	0.0000E+00	2.1956E+00
1.3420E+03	0.0000E+00	0.0000E+00	2.2164E+00
1.3430E+03	0.0000E+00	0.0000E+00	2.2262E+00
1.3440E+03	0.0000E+00	0.0000E+00	2.2391E+00
1.3450E+03	0.0000E+00	0.0000E+00	2.2616E+00
1.3460E+03	0.0000E+00	0.0000E+00	2.2703E+00
1.3470E+03	0.0000E+00	0.0000E+00	2.2767E+00
1.3480E+03	0.0000E+00	0.0000E+00	2.2797E+00
1.3490E+03	0.0000E+00	0.0000E+00	2.2906E+00
1.3500E+03	0.0000E+00	0.0000E+00	2.2998E+00
1.3510E+03	0.0000E+00	0.0000E+00	2.2997E+00
1.3520E+03	0.0000E+00	0.0000E+00	2.2894E+00
1.3530E+03	0.0000E+00	0.0000E+00	2.2828E+00
1.3540E+03	0.0000E+00	0.0000E+00	2.2887E+00
1.3550E+03	0.0000E+00	0.0000E+00	2.2872E+00
1.3560E+03	0.0000E+00	0.0000E+00	2.2804E+00
1.3570E+03	0.0000E+00	0.0000E+00	2.2825E+00
1.3580E+03	0.0000E+00	0.0000E+00	2.2674E+00
1.3590E+03	0.0000E+00	0.0000E+00	2.2597E+00
1.3600E+03	0.0000E+00	0.0000E+00	2.2586E+00
1.3610E+03	0.0000E+00	0.0000E+00	2.2461E+00
1.3620E+03	0.0000E+00	0.0000E+00	2.2387E+00
1.3630E+03	0.0000E+00	0.0000E+00	2.2359E+00
1.3640E+03	0.0000E+00	0.0000E+00	2.2420E+00
1.3650E+03	0.0000E+00	0.0000E+00	2.2437E+00
1.3660E+03	0.0000E+00	0.0000E+00	2.2567E+00
1.3670E+03	0.0000E+00	0.0000E+00	2.2763E+00
1.3680E+03	0.0000E+00	0.0000E+00	2.2846E+00
1.3690E+03	0.0000E+00	0.0000E+00	2.3026E+00
1.3700E+03	0.0000E+00	0.0000E+00	2.3061E+00
1.3710E+03	0.0000E+00	0.0000E+00	2.3068E+00
1.3720E+03	0.0000E+00	0.0000E+00	2.2953E+00
1.3730E+03	0.0000E+00	0.0000E+00	2.3093E+00
1.3740E+03	0.0000E+00	0.0000E+00	2.2997E+00
1.3750E+03	0.0000E+00	0.0000E+00	2.3006E+00
1.3760E+03	0.0000E+00	0.0000E+00	2.2995E+00
1.3770E+03	0.0000E+00	0.0000E+00	2.2820E+00
1.3780E+03	0.0000E+00	0.0000E+00	2.2730E+00
1.3790E+03	0.0000E+00	0.0000E+00	2.2743E+00
1.3800E+03	0.0000E+00	0.0000E+00	2.2659E+00
1.3810E+03	0.0000E+00	0.0000E+00	2.2634E+00
1.3820E+03	0.0000E+00	0.0000E+00	2.2608E+00
1.3830E+03	0.0000E+00	0.0000E+00	2.2426E+00
1.3840E+03	0.0000E+00	0.0000E+00	2.2453E+00
1.3850E+03	0.0000E+00	0.0000E+00	2.2350E+00
1.3860E+03	0.0000E+00	0.0000E+00	2.2228E+00
1.3870E+03	0.0000E+00	0.0000E+00	2.2253E+00
1.3880E+03	0.0000E+00	0.0000E+00	2.2149E+00
1.3890E+03	0.0000E+00	0.0000E+00	2.2152E+00
1.3900E+03	0.0000E+00	0.0000E+00	2.2296E+00
1.3910E+03	0.0000E+00	0.0000E+00	2.2450E+00
1.3920E+03	0.0000E+00	0.0000E+00	2.2398E+00
1.3930E+03	0.0000E+00	0.0000E+00	2.2483E+00
1.3940E+03	0.0000E+00	0.0000E+00	2.2585E+00
1.3950E+03	0.0000E+00	0.0000E+00	2.2604E+00
1.3960E+03	0.0000E+00	0.0000E+00	2.2642E+00
1.3970E+03	0.0000E+00	0.0000E+00	2.2591E+00
1.3980E+03	0.0000E+00	0.0000E+00	2.2557E+00
1.3990E+03	0.0000E+00	0.0000E+00	2.2522E+00
1.4000E+03	0.0000E+00	0.0000E+00	2.2484E+00
1.4010E+03	0.0000E+00	0.0000E+00	2.2410E+00
1.4020E+03	0.0000E+00	0.0000E+00	2.2350E+00
1.4030E+03	0.0000E+00	0.0000E+00	2.2290E+00
1.4040E+03	0.0000E+00	0.0000E+00	2.2290E+00
1.4050E+03	0.0000E+00	0.0000E+00	2.2178E+00
1.4060E+03	0.0000E+00	0.0000E+00	2.2118E+00
1.4070E+03	0.0000E+00	0.0000E+00	2.2012E+00
1.4080E+03	0.0000E+00	0.0000E+00	2.1990E+00
1.4090E+03	0.0000E+00	0.0000E+00	2.1815E+00
1.4100E+03	0.0000E+00	0.0000E+00	2.1824E+00
1.4110E+03	0.0000E+00	0.0000E+00	2.1728E+00
1.4120E+03	0.0000E+00	0.0000E+00	2.1964E+00
1.4130E+03	0.0000E+00	0.0000E+00	2.1950E+00
1.4140E+03	0.0000E+00	0.0000E+00	2.1900E+00
1.4150E+03	0.0000E+00	0.0000E+00	2.2104E+00
1.4160E+03	0.0000E+00	0.0000E+00	2.2207E+00
1.4170E+03	0.0000E+00	0.0000E+00	2.2309E+00
1.4180E+03	0.0000E+00	0.0000E+00	2.2495E+00
1.4190E+03	0.0000E+00	0.0000E+00	2.2344E+00
1.4200E+03	0.0000E+00	0.0000E+00	2.2415E+00
1.4210E+03	0.0000E+00	0.0000E+00	2.2456E+00
1.4220E+03	0.0000E+00	0.0000E+00	2.2429E+00
1.4230E+03	0.0000E+00	0.0000E+00	2.2397E+00
1.4240E+03	0.0000E+00	0.0000E+00	2.2325E+00
1.4250E+03	0.0000E+00	0.0000E+00	2.2465E+00
1.4260E+03	0.0000E+00	0.0000E+00	2.2429E+00
1.4270E+03	0.0000E+00	0.0000E+00	2.2279E+00
1.4280E+03	0.0000E+00	0.0000E+00	2.2213E+00
1.4290E+03	0.0000E+00	0.0000E+00	2.2109E+00
1.4300E+03	0.0000E+00	0.0000E+00	2.1981E+00
1.4310E+03	0.0000E+00	0.0000E+00	2.1981E+00
1.4320E+03	0.0000E+00	0.0000E+00	2.1882E+00
1.4330E+03	0.0000E+00	0.0000E+00	2.1843E+00
1.4340E+03	0.0000E+00	0.0000E+00	2.1732E+00
1.4350E+03	0.0000E+00	0.0000E+00	2.1746E+00
1.4360E+03	0.0000E+00	0.0000E+00	2.1868E+00
1.4370E+03	0.0000E+00	0.0000E+00	2.1911E+00
1.4380E+03	0.0000E+00	0.0000E+00	2.1814E+00
1.4390E+03	0.0000E+00	0.0000E+00	2.1985E+00
1.4400E+03	0.0000E+00	0.0000E+00	2.1984E+00
1.4410E+03	0.0000E+00	0.0000E+00	2.2038E+00
1.4420E+03	0.0000E+00	0.0000E+00	2.2030E+00
1.4430E+03	0.0000E+00	0.0000E+00	2.1980E+00
1.4440E+03	0.0000E+00	0.0000E+00	2.2010E+00
1.4450E+03	0.0000E+00	0.0000E+00	2.1979E+00
1.4460E+03	0.0000E+00	0.0000E+00	2.1889E+00
1.4470E+03	0.0000E+00	0.0000E+00	2.1953E+00
1.4480E+03	0.0000E+00	0.0000E+00	2.1831E+00
1.4490E+03	0.0000E+00	0.0000E+00	2.1863E+00
1.4500E+03	0.0000E+00	0.0000E+00	2.1868E+00
1.4510E+03	0.0000E+00	0.0000E+00	2.1766E+00
1.4520E+03	0.0000E+00	0.0000E+00	2.1739E+00
1.4530E+03	0.0000E+00	0.0000E+00	2.1642E+00
1.4540E+03	0.0000E+00	0.0000E+00	2.1557E+00
1.4550E+03	0.0000E+00	0.0000E+00	2.1426E+00
1.4560E+03	0.0000E+00	0.0000E+00	2.1466E+00
1.4570E+03	0.0000E+00	0.0000E+00	2.1432E+00
1.4580E+03	0.0000E+00	0.0000E+00	2.1411E+00
1.4590E+03	0.0000E+00	0.0000E+00	2.1503E+00
1.4600E+03	0.0000E+00	0.0000E+00	2.1548E+00
1.4610E+03	0.0000E+00	0.0000E+00	2.1643E+00
1.4620E+03	0.0000E+00	0.0000E+00	2.1621E+00
1.4630E+03	0.0000E+00	0.0000E+00	2.1569E+00
1.4640E+03	0.0000E+00	0.0000E+00	2.1621E+00
1.4650E+03	0.0000E+00	0.0000E+00	2.1699E+00
1.4660E+03	0.0000E+00	0.0000E+00	2.1538E+00
1.4670E+03	0.0000E+00	0.0000E+00	2.1726E+00
1.4680E+03	0.0000E+00	0.0000E+00	2.1666E+00
1.4690E+03	0.0000E+00	0.0000E+00	2.1649E+00
1.4700E+03	0.0000E+00	0.0000E+00	2.1673E+00
1.4710E+03	0.0000E+00	0.0000E+00	2.1658E+00
1.4720E+03	0.0000E+00	0.0000E+00	2.1613E+00
1.4730E+03	0.0000E+00	0.0000E+00	2.1568E+00
1.4740E+03	0.0000E+00	0.0000E+00	2.1462E+00
1.4750E+03	0.0000E+00	0.0000E+00	2.1436E+00
1.4760E+03	0.0000E+00	0.0000E+00	2.1376E+00
1.4770E+03	0.0000E+00	0.0000E+00	2.1246E+00
1.4780E+03	0.0000E+00	0.0000E+00	2.1216E+00
1.4790E+03	0.0000E+00	0.0000E+00	2.1251E+00
1.4800E+03	0.0000E+00	0.0000E+00	2.1255E+00
1.4810E+03	0.0000E+00	0.0000E+00	2.1210E+00
1.4820E+03	0.0000E+00	0.0000E+00	2.1182E+00
1.4830E+03	0.0000E+00	0.0000E+00	2.1197E+00
1.4840E+03	0.0000E+00	0.0000E+00	2.1231E+00
1.4850E+03	0.0000E+00	0.0000E+00	2.1451E+00
1.4860E+03	0.0000E+00	0.0000E+00	2.1459E+00
1.4870E+03	0.0000E+00	0.0000E+00	2.1638E+00
1.4880E+03	0.0000E+00	0.0000E+00	2.1718E+00
1.4890E+03	0.0000E+00	0.0000E+00	2.1799E+00
1.4900E+03	0.0000E+00	0.0000E+00	2.1833E+00
1.4910E+03	0.0000E+00	0.0000E+00	2.2048E+00
1.4920E+03	0.0000E+00	0.0000E+00	2.2080E+00
1.4930E+03	0.0000E+00	0.0000E+00	2.2060E+00
1.4940E+03	0.0000E+00	0.0000E+00	2.2046E+00
1.4950E+03	0.0000E+00	0.0000E+00	2.1925E+00
1.4960E+03	0.0000E+00	0.0000E+00	2.1903E+00
1.4970E+03	0.0000E+00	0.0000E+00	2.1845E+00
1.4980E+03	0.0000E+00	0.0000E+00	2.1725E+00
1.4990E+03	0.0000E+00	0.0000E+00	2.1802E+00
1.5000E+03	0.0000E+00	0.0000E+00	2.1619E+00
1.5010E+03	0.0000E+00	0.0000E+00	2.1633E+00
1.5020E+03	0.0000E+00	0.0000E+00	2.1528E+00
1.5030E+03	0.0000E+00	0.0000E+00	2.1464E+00
1.5040E+03	0.0000E+00	0.0000E+00	2.1508E+00
1.5050E+03	0.0000E+00	0.0000E+00	2.1383E+00
1.5060E+03	0.0000E+00	0.0000E+00	2.1342E+00
1.5070E+03	0.0000E+00	0.0000E+00	2.1369E+00
1.5080E+03	0.0000E+00	0.0000E+00	2.1444E+00
1.5090E+03	0.0000E+00	0.0000E+00	2.1550E+00
1.5100E+03	0.0000E+00	0.0000E+00	2.1669E+00
1.5110E+03	0.0000E+00	0.0000E+00	2.1833E+00
1.5120E+03	0.0000E+00	0.0000E+00	2.1949E+00
1.5130E+03	0.0000E+00	0.0000E+00	2.2055E+00
1.5140E+03	0.0000E+00	0.0000E+00	2.2000E+00
1.5150E+03	0.0000E+00	0.0000E+00	2.2171E+00
1.5160E+03	0.0000E+00	0.0000E+00	2.2216E+00
1.5170E+03	0.0000E+00	0.0000E+00	2.2084E+00
1.5180E+03	0.0000E+00	0.0000E+00	2.2224E+00
1.5190E+03	0.0000E+00	0.0000E+00	2.2040E+00
1.5200E+03	0.0000E+00	0.0000E+00	2.2044E+00
1.5210E+03	0.0000E+00	0.0000E+00	2.2003E+00
1.5220E+03	0.0000E+00	0.0000E+00	2.1857E+00
1.5230E+03	0.0000E+00	0.0000E+00	2.1842E+00
1.5240E+03	0.0000E+00	0.0000E+00	2.1741E+00
1.5250E+03	0.0000E+00	0.0000E+00	2.1709E+00
1.5260E+03	0.0000E+00	0.0000E+00	2.1686E+00
1.5270E+03	0.0000E+00	0.0000E+00	2.1486E+00
1.5280E+03	0.0000E+00	0.0000E+00	2.1400E+00
1.5290E+03	0.0000E+00	0.0000E+00	2.1337E+00
1.5300E+03	0.0000E+00	0.0000E+00	2.1346E+00
1.5310E+03	0.0000E+00	0.0000E+00	2.1344E+00
1.5320E+03	0.0000E+00	0.0000E+00	2.1299E+00
1.5330E+03	0.0000E+00	0.0000E+00	2.1337E+00
1.5340E+03	0.0000E+00	0.0000E+00	2.1441E+00
1.5350E+03	0.0000E+00	0.0000E+00	2.1553E+00
1.5360E+03	0.0000E+00	0.0000E+00	2.1540E+00
1.5370E+03	0.0000E+00	0.0000E+00	2.1690E+00
1.5380E+03	0.0000E+00	0.0000E+00	2.1817E+00
1.5390E+03	0.0000E+00	0.0000E+00	2.1782E+00
1.5400E+03	0.0000E+00	0.0000E+00	2.1780E+00
1.5410E+03	0.0000E+00	0.0000E+00	2.1852E+00
1.5420E+03	0.0000E+00	0.0000E+00	2.1747E+00
1.5430E+03	0.0000E+00	0.0000E+00	2.1772E+00
1.5440E+03	0.0000E+00	0.0000E+00	2.1666E+00
1.5450E+03	0.0000E+00	0.0000E+00	2.1738E+00
1.5460E+03	0.0000E+00	0.0000E+00	2.1656E+00
1.5470E+03	0.0000E+00	0.0000E+00	2.1657E+00
1.5480E+03	0.0000E+00	0.0000E+00	2.1538E+00
1.5490E+03	0.0000E+00	0.0000E+00	2.1454E+00
1.5500E+03	0.0000E+00	0.0000E+00	2.1428E+00
1.5510E+03	0.0000E+00	0.0000E+00	2.1410E+00
1.5520E+03	0.0000E+00	0.0000E+00	2.1323E+00
1.5530E+03	0.0000E+00	0.0000E+00	2.1211E+00
1.5540E+03	0.0000E+00	0.0000E+00	2.1183E+00
1.5550E+03	0.0000E+00	0.0000E+00	2.1281E+00
1.5560E+03	0.0000E+00	0.0000E+00	2.1242E+00
1.5570E+03	0.0000E+00	0.0000E+00	2.1377E+00
1.5580E+03	0.0000E+00	0.0000E+00	2.1255E+00
1.5590E+03	0.0000E+00	0.0000E+00	2.1253E+00
1.5600E+03	0.0000E+00	0.0000E+00	2.1116E+00
1.5610E+03	0.0000E+00	0.0000E+00	2.0943E+00
1.5620E+03	0.0000E+00	0.0000E+00	2.0878E+00
1.5630E+03	0.0000E+00	0.0000E+00	2.0794E+00
1.5640E+03	0.0000E+00	0.0000E+00	2.0752E+00
1.5650E+03	0.0000E+00	0.0000E+00	2.0677E+00
1.5660E+03	0.0000E+00	0.0000E+00	2.0549E+00
1.5670E+03	0.0000E+00	0.0000E+00	2.0449E+00
1.5680E+03	0.0000E+00	0.0000E+00	2.0463E+00
1.5690E+03	0.0000E+00	0.0000E+00	2.0434E+00
1.5700E+03	0.0000E+00	0.0000E+00	2.0327E+00
1.5710E+03	0.0000E+00	0.0000E+00	2.0334E+00
1.5720E+03	0.0000E+00	0.0000E+00	2.0177E+00
1.5730E+03	0.0000E+00	0.0000E+00	2.0229E+00
1.5740E+03	0.0000E+00	0.0000E+00	2.0116E+00
1.5750E+03	0.0000E+00	0.0000E+00	2.0120E+00
1.5760E+03	0.0000E+00	0.0000E+00	2.0080E+00
1.5770E+03	0.0000E+00	0.0000E+00	2.0003E+00
1.5780E+03	0.0000E+00	0.0000E+00	1.9959E+00
1.5790E+03	0.0000E+00	0.0000E+00	1.9935E+00
1.5800E+03	0.0000E+00	0.0000E+00	1.9860E+00
1.5810E+03	0.0000E+00	0.0000E+00	1.9885E+00
1.5820E+03	0.0000E+00	0.0000E+00	1.9752E+00
1.5830E+03	0.0000E+00	0.0000E+00	1.9716E+00
1.5840E+03	0.0000E+00	0.0000E+00	1.9719E+00
1.5850E+03	0.0000E+00	0.0000E+00	1.9681E+00
1.5860E+03	0.0000E+00	0.0000E+00	1.9707E+00
1.5870E+03	0.0000E+00	0.0000E+00	1.9575E+00
1.5880E+03	0.0000E+00	0.0000E+00	1.9557E+00
1.5890E+03	0.0000E+00	0.0000E+00	1.9500E+00
1.5900E+03	0.0000E+00	0.0000E+00	1.9410E+00
1.5910E+03	0.0000E+00	0.0000E+00	1.9393E+00
1.5920E+03	0.0000E+00	0.0000E+00	1.9418E+00
1.5930E+03	0.0000E+00	0.0000E+00	1.9380E+00
1.5940E+03	0.0000E+00	0.0000E+00	1.9356E+00
1.5950E+03	0.0000E+00	0.0000E+00	1.9351E+00
1.5960E+03	0.0000E+00	0.0000E+00	1.9313E+00
1.5970E+03	0.0000E+00	0.0000E+00	1.9312E+00
1.5980E+03	0.0000E+00	0.0000E+00	1.9266E+00
1.5990E+03	0.0000E+00	0.0000E+00	1.9223E+00
1.6000E+03	0.0000E+00	0.0000E+00	1.9158E+00
1.6010E+03	0.0000E+00	0.0000E+00	1.9072E+00
1.6020E+03	0.0000E+00	0.0000E+00	1.9108E+00
1.6030E+03	0.0000E+00	0.0000E+00	1.9108E+00
1.6040E+03	0.0000E+00	0.0000E+00	1.9160E+00
1.6050E+03	0.0000E+00	0.0000E+00	1.9158E+00
1.6060E+03	0.0000E+00	0.0000E+00	1.9264E+00
1.6070E+03	0.0000E+00	0.0000E+00	1.9337E+00
1.6080E+03	0.0000E+00	0.0000E+00	1.9375E+00
1.6090E+03	0.0000E+00	0.0000E+00	1.9415E+00
1.6100E+03	0.0000E+00	0.0000E+00	1.9398E+00
1.6110E+03	0.0000E+00	0.0000E+00	1.9436E+00
1.6120E+03	0.0000E+00	0.0000E+00	1.9429E+00
1.6130E+03	0.0000E+00	0.0000E+00	1.9339E+00
1.6140E+03	0.0000E+00	0.0000E+00	1.9288E+00
1.6150E+03	0.0000E+00	0.0000E+00	1.9264E+00
1.6160E+03	0.0000E+00	0.0000E+00	1.9245E+00
1.6170E+03	0.0000E+00	0.0000E+00	1.9223E+00
1.6180E+03	0.0000E+00	0.0000E+00	1.9250E+00
1.6190E+03	0.0000E+00	0.0000E+00	1.9217E+00
1.6200E+03	0.0000E+00	0.0000E+00	1.9209E+00
1.6210E+03	0.0000E+00	0.0000E+00	1.9152E+00
1.6220E+03	0.0000E+00	0.0000E+00	1.9158E+00
1.6230E+03	0.0000E+00	0.0000E+00	1.9068E+00
1.6240E+03	0.0000E+00	0.0000E+00	1.9067E+00
1.6250E+03	0.0000E+00	0.0000E+00	1.9085E+00
1.6260E+03	0.0000E+00	0.0000E+00	1.9042E+00
1.6270E+03	0.0000E+00	0.0000E+00	1.9066E+00
1.6280E+03	0.0000E+00	0.0000E+00	1.9128E+00
1.6290E+03	0.0000E+00	0.0000E+00	1.9189E+00
1.6300E+03	0.0000E+00	0.0000E+00	1.9345E+00
1.6310E+03	0.0000E+00	0.0000E+00	1.9443E+00
1.6320E+03	0.0000E+00	0.0000E+00	1.9658E+00
1.6330E+03	0.0000E+00	0.0000E+00	1.9759E+00
1.6340E+03	0.0000E+00	0.0000E+00	1.9741E+00
1.6350E+03	0.0000E+00	0.0000E+00	1.9824E+00
1.6360E+03	0.0000E+00	0.0000E+00	1.9770E+00
1.6370E+03	0.0000E+00	0.0000E+00	1.9806E+00
1.6380E+03	0.0000E+00	0.0000E+00	1.9727E+00
1.6390E+03	0.0000E+00	0.0000E+00	1.9738E+00
1.6400E+03	0.0000E+00	0.0000E+00	1.9692E+00
1.6410E+03	0.0000E+00	0.0000E+00	1.9625E+00
1.6420E+03	0.0000E+00	0.0000E+00	1.9621E+00
1.6430E+03	0.0000E+00	0.0000E+00	1.9559E+00
1.6440E+03	0.0000E+00	0.0000E+00	1.9528E+00
1.6450E+03	0.0000E+00	0.0000E+00	1.9489E+00
1.6460E+03	0.0000E+00	0.0000E+00	1.9477E+00
1.6470E+03	0.0000E+00	0.0000E+00	1.9409E+00
1.6480E+03	0.0000E+00	0.0000E+00	1.9330E+00
1.6490E+03	0.0000E+00	0.0000E+00	1.9377E+00
1.6500E+03	0.0000E+00	0.0000E+00	1.9394E+00
1.6510E+03	0.0000E+00	0.0000E+00	1.9428E+00
1.6520E+03	0.0000E+00	0.0000E+00	1.9611E+00
1.6530E+03	0.0000E+00	0.0000E+00	1.9838E+00
1.6540E+03	0.0000E+00	0.0000E+00	2.0089E+00
1.6550E+03	0.0000E+00	0.0000E+00	2.0249E+00
1.6560E+03	0.0000E+00	0.0000E+00	2.0468E+00
1.6570E+03	0.0000E+00	0.0000E+00	2.0536E+00
1.6580E+03	0.0000E+00	0.0000E+00	2.0548E+00
1.6590E+03	0.0000E+00	0.0000E+00	2.0624E+00
1.6600E+03	0.0000E+00	0.0000E+00	2.0620E+00
1.6610E+03	0.0000E+00	0.0000E+00	2.0537E+00
1.6620E+03	0.0000E+00	0.0000E+00	2.0504E+00
1.6630E+03	0.0000E+00	0.0000E+00	2.0553E+00
1.6640E+03	0.0000E+00	0.0000E+00	2.0450E+00
1.6650E+03	0.0000E+00	0.0000E+00	2.0452E+00
1.6660E+03	0.0000E+00	0.0000E+00	2.0350E+00
1.6670E+03	0.0000E+00	0.0000E+00	2.0345E+00
1.6680E+03	0.0000E+00	0.0000E+00	2.0284E+00
1.6690E+03	0.0000E+00	0.0000E+00	2.0166E+00
1.6700E+03	0.0000E+00	0.0000E+00	2.0129E+00
1.6710E+03	0.0000E+00	0.0000E+00	2.0030E+00
1.6720E+03	0.0000E+00	0.0000E+00	1.9997E+00
1.6730E+03	0.0000E+00	0.0000E+00	1.9995E+00
1.6740E+03	0.0000E+00	0.0000E+00	1.9944E+00
1.6750E+03	0.0000E+00	0.0000E+00	2.0116E+00
1.6760E+03	0.0000E+00	0.0000E+00	2.0241E+00
1.6770E+03	0.0000E+00	0.0000E+00	2.0527E+00
1.6780E+03	0.0000E+00	0.0000E+00	2.0793E+00
1.6790E+03	0.0000E+00	0.0000E+00	2.0955E+00
1.6800E+03	0.0000E+00	0.0000E+00	2.1053E+00
1.6810E+03	0.0000E+00	0.0000E+00	2.1195E+00
1.6820E+03	0.0000E+00	0.0000E+00	2.1258E+00
1.6830E+03	0.0000E+00	0.0000E+00	2.1309E+00
1.6840E+03	0.0000E+00	0.0000E+00	2.1335E+00
1.6850E+03	0.0000E+00	0.0000E+00	2.1323E+00
1.6860E+03	0.0000E+00	0.0000E+00	2.1207E+00
1.6870E+03	0.0000E+00	0.0000E+00	2.1240E+00
1.6880E+03	0.0000E+00	0.0000E+00	2.1242E+00
1.6890E+03	0.0000E+00	0.0000E+00	2.1105E+00
1.6900E+03	0.0000E+00	0.0000E+00	2.1026E+00
1.6910E+03	0.0000E+00	0.0000E+00	2.0982E+00
1.6920E+03	0.0000E+00	0.0000E+00	2.0902E+00
1.6930E+03	0.0000E+00	0.0000E+00	2.0835E+00
1.6940E+03	0.0000E+00	0.0000E+00	2.0749E+00
1.6950E+03	0.0000E+00	0.0000E+00	2.0595E+00
1.6960E+03	0.0000E+00	0.0000E+00	2.0503E+00
1.6970E+03	0.0000E+00	0.0000E+00	2.0548E+00
1.6980E+03	0.0000E+00	0.0000E+00	2.0557E+00
1.6990E+03	0.0000E+00	0.0000E+00	2.0684E+00
1.7000E+03	0.0000E+00	0.0000E+00	2.0915E+00
1.7010E+03	0.0000E+00	0.0000E+00	2.1097E+00
1.7020E+03	0.0000E+00	0.0000E+00	2.1223E+00
1.7030E+03	0.0000E+00	0.0000E+00	2.1335E+00
1.7040E+03	0.0000E+00	0.0000E+00	2.1517E+00
1.7050E+03	0.0000E+00	0.0000E+00	2.1770E+00
1.7060E+03	0.0000E+00	0.0000E+00	2.1825E+00
1.7070E+03	0.0000E+00	0.0000E+00	2.1949E+00
1.7080E+03	0.0000E+00	0.0000E+00	2.1989E+00
1.7090E+03	0.0000E+00	0.0000E+00	2.1969E+00
1.7100E+03	0.0000E+00	0.0000E+00	2.2057E+00
1.7110E+03	0.0000E+00	0.0000E+00	2.1967E+00
1.7120E+03	0.0000E+00	0.0000E+00	2.1817E+00
1.7130E+03	0.0000E+00	0.0000E+00	2.1882E+00
1.7140E+03	0.0000E+00	0.0000E+00	2.1684E+00
1.7150E+03	0.0000E+00	0.0000E+00	2.1650E+00
1.7160E+03	0.0000E+00	0.0000E+00	2.1457E+00
1.7170E+03	0.0000E+00	0.0000E+00	2.1396E+00
1.7180E+03	0.0000E+00	0.0000E+00	2.1339E+00
1.7190E+03	0.0000E+00	0.0000E+00	2.1247E+00
1.7200E+03	0.0000E+00	0.0000E+00	2.1246E+00
1.7210E+03	0.0000E+00	0.0000E+00	2.0995E+00
1.7220E+03	0.0000E+00	0.0000E+00	2.0951E+00
1.7230E+03	0.0000E+00	0.0000E+00	2.1006E+00
1.7240E+03	0.0000E+00	0.0000E+00	2.1239E+00
1.7250E+03	0.0000E+00	0.0000E+00	2.1490E+00
1.7260E+03	0.0000E+00	0.0000E+00	2.1606E+00
1.7270E+03	0.0000E+00	0.0000E+00	2.1701E+00
1.7280E+03	0.0000E+00	0.0000E+00	2.1865E+00
1.7290E+03	0.0000E+00	0.0000E+00	2.1874E+00
1.7300E+03	0.0000E+00	0.0000E+00	2.1957E+00
1.7310E+03	0.0000E+00	0.0000E+00	2.2021E+00
1.7320E+03	0.0000E+00	0.0000E+00	2.2109E+00
1.7330E+03	0.0000E+00	0.0000E+00	2.2036E+00
1.7340E+03	0.0000E+00	0.0000E+00	2.1939E+00
1.7350E+03	0.0000E+00	0.0000E+00	2.1793E+00
1.7360E+03	0.0000E+00	0.0000E+00	2.1882E+00
1.7370E+03	0.0000E+00	0.0000E+00	2.1744E+00
1.7380E+03	0.0000E+00	0.0000E+00	2.1541E+00
1.7390E+03	0.0000E+00	0.0000E+00	2.1544E+00
1.7400E+03	0.0000E+00	0.0000E+00	2.1508E+00
1.7410E+03	0.0000E+00	0.0000E+00	2.1474E+00
1.7420E+03	0.0000E+00	0.0000E+00	2.1248E+00
1.7430E+03	0.0000E+00	0.0000E+00	2.1203E+00
1.7440E+03	0.0000E+00	0.0000E+00	2.1072E+00
1.7450E+03	0.0000E+00	0.0000E+00	2.1030E+00
1.7460E+03	0.0000E+00	0.0000E+00	2.1105E+00
1.7470E+03	0.0000E+00	0.0000E+00	2.1281E+00
1.7480E+03	0.0000E+00	0.0000E+00	2.1260E+00
1.7490E+03	0.0000E+00	0.0000E+00	2.1520E+00
1.7500E+03	0.0000E+00	0.0000E+00	2.1731E+00
1.7510E+03	0.0000E+00	0.0000E+00	2.1867E+00
1.7520E+03	0.0000E+00	0.0000E+00	2.1995E+00
1.7530E+03	0.0000E+00	0.0000E+00	2.2041E+00
1.7540E+03	0.0000E+00	0.0000E+00	2.2174E+00
1.7550E+03	0.0000E+00	0.0000E+00	2.2418E+00
1.7560E+03	0.0000E+00	0.0000E+00	2.2301E+00
1.7570E+03	0.0000E+00	0.0000E+00	2.2374E+00
1.7580E+03	0.0000E+00	0.0000E+00	2.2409E+00
1.7590E+03	0.0000E+00	0.0000E+00	2.2309E+00
1.7600E+03	0.0000E+00	0.0000E+00	2.2373E+00
1.7610E+03	0.0000E+00	0.0000E+00	2.2329E+00
1.7620E+03	0.0000E+00	0.0000E+00	2.2204E+00
1.7630E+03	0.0000E+00	0.0000E+00	2.2198E+00
1.7640E+03	0.0000E+00	0.0000E+00	2.2013E+00
1.7650E+03	0.0000E+00	0.0000E+00	2.2027E+00
1.7660E+03	0.0000E+00	0.0000E+00	2.1731E+00
1.7670E+03	0.0000E+00	0.0000E+00	2.1710E+00
1.7680E+03	0.0000E+00	0.0000E+00	2.1582E+00
1.7690E+03	0.0000E+00	0.0000E+00	2.1602E+00
1.7700E+03	0.0000E+00	0.0000E+00	2.1504E+00
1.7710E+03	0.0000E+00	0.0000E+00	2.1467E+00
1.7720E+03	0.0000E+00	0.0000E+00	2.1581E+00
1.7730E+03	0.0000E+00	0.0000E+00	2.1771E+00
1.7740E+03	0.0000E+00	0.0000E+00	2.1814E+00
1.7750E+03	0.0000E+00	0.0000E+00	2.2044E+00
1.7760E+03	0.0000E+00	0.0000E+00	2.2159E+00
1.7770E+03	0.0000E+00	0.0000E+00	2.2305E+00
1.7780E+03	0.0000E+00	0.0000E+00	2.2299E+00
1.7790E+03	0.0000E+00	0.0000E+00	2.2262E+00
1.7800E+03	0.0000E+00	0.0000E+00	2.2322E+00
1.7810E+03	0.0000E+00	0.0000E+00	2.2314E+00
1.7820E+03	0.0000E+00	0.0000E+00	2.2287E+00
1.7830E+03	0.0000E+00	0.0000E+00	2.2258E+00
1.7840E+03	0.0000E+00	0.0000E+00	2.2159E+00
1.7850E+03	0.0000E+00	0.0000E+00	2.2079E+00
1.7860E+03	0.0000E+00	0.0000E+00	2.1975E+00
1.7870E+03	0.0000E+00	0.0000E+00	2.1868E+00
1.7880E+03	0.0000E+00	0.0000E+00	2.1620E+00
1.7890E+03	0.0000E+00	0.0000E+00	2.1618E+00
1.7900E+03	0.0000E+00	0.0000E+00	2.1451E+00
1.7910E+03	0.0000E+00	0.0000E+00	2.1359E+00
1.7920E+03	0.0000E+00	0.0000E+00	2.1338E+00
1.7930E+03	0.0000E+00	0.0000E+00	2.1226E+00
1.7940E+03	0.0000E+00	0.0000E+00	2.1172E+00
1.7950E+03	0.0000E+00	0.0000E+00	2.1180E+00
1.7960E+03	0.0000E+00	0.0000E+00	2.1308E+00
1.7970E+03	0.0000E+00	0.0000E+00	2.1324E+00
1.7980E+03	0.0000E+00	0.0000E+00	2.1456E+00
1.7990E+03	0.0000E+00	0.0000E+00	2.1573E+00
1.8000E+03	0.0000E+00	0.0000E+00	2.1789E+00
1.8010E+03	0.0000E+00	0.0000E+00	2.1809E+00
1.8020E+03	0.0000E+00	0.0000E+00	2.1940E+00
1.8030E+03	0.0000E+00	0.0000E+00	2.1879E+00
1.8040E+03	0.0000E+00	0.0000E+00	2.1904E+00
1.8050E+03	0.0000E+00	0.0000E+00	2.1733E+00
1.8060E+03	0.0000E+00	0.0000E+00	2.1714E+00
1.8070E+03	0.0000E+00	0.0000E+00	2.1723E+00
1.8080E+03	0.0000E+00	0.0000E+00	2.1634E+00
1.8090E+03	0.0000E+00	0.0000E+00	2.1426E+00
1.8100E+03	0.0000E+00	0.0000E+00	2.1509E+00
1.8110E+03	0.0000E+00	0.0000E+00	2.1462E+00
1.8120E+03	0.0000E+00	0.0000E+00	2.1267E+00
1.8130E+03	0.0000E+00	0.0000E+00	2.1177E+00
1.8140E+03	0.0000E+00	0.0000E+00	2.1053E+00
1.8150E+03	0.0000E+00	0.0000E+00	2.0997E+00
1.8160E+03	0.0000E+00	0.0000E+00	2.0874E+00
1.8170E+03	0.0000E+00	0.0000E+00	2.0883E+00
1.8180E+03	0.0000E+00	0.0000E+00	2.0978E+00
1.8190E+03	0.0000E+00	0.0000E+00	2.0981E+00
1.8200E+03	0.0000E+00	0.0000E+00	2.1164E+00
1.8210E+03	0.0000E+00	0.0000E+00	2.1254E+00
1.8220E+03	0.0000E+00	0.0000E+00	2.1473E+00
1.8230E+03	0.0000E+00	0.0000E+00	2.1753E+00
1.8240E+03	0.0000E+00	0.0000E+00	2.1876E+00
1.8250E+03	0.0000E+00	0.0000E+00	2.1903E+00
1.8260E+03	0.0000E+00	0.0000E+00	2.1922E+00
1.8270E+03	0.0000E+00	0.0000E+00	2.1924E+00
1.8280E+03	0.0000E+00	0.0000E+00	2.2041E+00
1.8290E+03	0.0000E+00	0.0000E+00	2.1954E+00
1.8300E+03	0.0000E+00	0.0000E+00	2.1758E+00
1.8310E+03	0.0000E+00	0.0000E+00	2.1633E+00
1.8320E+03	0.0000E+00	0.0000E+00	2.1661E+00
1.8330E+03	0.0000E+00	0.0000E+00	2.1650E+00
1.8340E+03	0.0000E+00	0.0000E+00	2.1504E+00
1.8350E+03	0.0000E+00	0.0000E+00	2.1367E+00
1.8360E+03	0.0000E+00	0.0000E+00	2.1220E+00
1.8370E+03	0.0000E+00	0.0000E+00	2.1083E+00
1.8380E+03	0.0000E+00	0.0000E+00	2.1034E+00
1.8390E+03	0.0000E+00	0.0000E+00	2.0947E+00
1.8400E+03	0.0000E+00	0.0000E+00	2.0849E+00
1.8410E+03	0.0000E+00	0.0000E+00	2.0767E+00
1.8420E+03	0.0000E+00	0.0000E+00	2.0874E+00
1.8430E+03	0.0000E+00	0.0000E+00	2.0891E+00
1.8440E+03	0.0000E+00	0.0000E+00	2.0941E+00
1.8450E+03	0.0000E+00	0.0000E+00	2.1162E+00
1.8460E+03	0.0000E+00	0.0000E+00	2.1234E+00
1.8470E+03	0.0000E+00	0.0000E+00	2.1409E+00
1.8480E+03	0.0000E+00	0.0000E+00	2.1556E+00
1.8490E+03	0.0000E+00	0.0000E+00	2.1565E+00
1.8500E+03	0.0000E+00	0.0000E+00	2.1605E+00
1.8510E+03	0.0000E+00	0.0000E+00	2.1512E+00
1.8520E+03	0.0000E+00	0.0000E+00	2.1477E+00
1.8530E+03	0.0000E+00	0.0000E+00	2.1356E+00
1.8540E+03	0.0000E+00	0.0000E+00	2.1262E+00
1.8550E+03	0.0000E+00	0.0000E+00	2.1231E+00
1.8560E+03	0.0000E+00	0.0000E+00	2.1118E+00
1.8570E+03	0.0000E+00	0.0000E+00	2.1104E+00
1.8580E+03	0.0000E+00	0.0000E+00	2.1065E+00
1.8590E+03	0.0000E+00	0.0000E+00	2.0877E+00
1.8600E+03	0.0000E+00	0.0000E+00	2.0846E+00
1.8610E+03	0.0000E+00	0.0000E+00	2.0701E+00
1.8620E+03	0.0000E+00	0.0000E+00	2.0695E+00
1.8630E+03	0.0000E+00	0.0000E+00	2.0510E+00
1.8640E+03	0.0000E+00	0.0000E+00	2.0522E+00
1.8650E+03	0.0000E+00	0.0000E+00	2.0477E+00
1.8660E+03	0.0000E+00	0.0000E+00	2.0525E+00
1.8670E+03	0.0000E+00	0.0000E+00	2.0712E+00
1.8680E+03	0.0000E+00	0.0000E+00	2.0885E+00
1.8690E+03	0.0000E+00	0.0000E+00	2.0936E+00
1.8700E+03	0.0000E+00	0.0000E+00	2.1071E+00
1.8710E+03	0.0000E+00	0.0000E+00	2.1279E+00
1.8720E+03	0.0000E+00	0.0000E+00	2.1299E+00
1.8730E+03	0.0000E+00	0.0000E+00	2.1253E+00
1.8740E+03	0.0000E+00	0.0000E+00	2.1387E+00
1.8750E+03	0.0000E+00	0.0000E+00	2.1380E+00
1.8760E+03	0.0000E+00	0.0000E+00	2.1252E+00
1.8770E+03	0.0000E+00	0.0000E+00	2.1165E+00
1.8780E+03	0.0000E+00	0.0000E+00	2.1081E+00
1.8790E+03	0.0000E+00	0.0000E+00	2.0971E+00
1.8800E+03	0.0000E+00	0.0000E+00	2.0875E+00
1.8810E+03	0.0000E+00	0.0000E+00	2.0917E+00
1.8820E+03	0.0000E+00	0.0000E+00	2.0826E+00
1.8830E+03	0.0000E+00	0.0000E+00	2.0731E+00
1.8840E+03	0.0000E+00	0.0000E+00	2.0599E+00
1.8850E+03	0.0000E+00	0.0000E+00	2.0470E+00
1.8860E+03	0.0000E+00	0.0000E+00	2.0432E+00
1.8870E+03	0.0000E+00	0.0000E+00	2.0332E+00
1.8880E+03	0.0000E+00	0.0000E+00	2.0222E+00
1.8890E+03	0.0000E+00	0.0000E+00	2.0202E+00
1.8900E+03	0.0000E+00	0.0000E+00	2.0239E+00
1.8910E+03	0.0000E+00	0.0000E+00	2.0288E+00
1.8920E+03	0.0000E+00	0.0000E+00	2.0418E+00
1.8930E+03	0.0000E+00	0.0000E+00	2.0615E+00
1.8940E+03	0.0000E+00	0.0000E+00	2.0738E+00
1.8950E+03	0.0000E+00	0.0000E+00	2.0755E+00
1.8960E+03	0.0000E+00	0.0000E+00	2.0831E+00
1.8970E+03	0.0000E+00	0.0000E+00	2.0904E+00
1.8980E+03	0.0000E+00	0.0000E+00	2.0814E+00
1.8990E+03	0.0000E+00	0.0000E+00	2.0801E+00
1.9000E+03	0.0000E+00	0.0000E+00	2.0812E+00
1.9010E+03	0.0000E+00	0.0000E+00	2.0663E+00
1.9020E+03	0.0000E+00	0.0000E+00	2.0644E+00
1.9030E+03	0.0000E+00	0.0000E+00	2.0598E+00
1.9040E+03	0.0000E+00	0.0000E+00	2.0483E+00
1.9050E+03	0.0000E+00	0.0000E+00	2.0481E+00
1.9060E+03	0.0000E+00	0.0000E+00	2.0464E+00
1.9070E+03	0.0000E+00	0.0000E+00	2.0322E+00
1.9080E+03	0.0000E+00	0.0000E+00	2.0343E+00
1.9090E+03	0.0000E+00	0.0000E+00	2.0220E+00
1.9100E+03	0.0000E+00	0.0000E+00	2.0149E+00
1.9110E+03	0.0000E+00	0.0000E+00	2.0053E+00
1.9120E+03	0.0000E+00	0.0000E+00	2.0028E+00
1.9130E+03	0.0000E+00	0.0000E+00	1.9995E+00
1.9140E+03	0.0000E+00	0.0000E+00	2.0001E+00
1.9150E+03	0.0000E+00	0.0000E+00	2.0079E+00
1.9160E+03	0.0000E+00	0.0000E+00	2.0203E+00
1.9170E+03	0.0000E+00	0.0000E+00	2.0148E+00
1.9180E+03	0.0000E+00	0.0000E+00	2.0262E+00
1.9190E+03	0.0000E+00	0.0000E+00	2.0309E+00
1.9200E+03	0.0000E+00	0.0000E+00	2.0328E+00
1.9210E+03	0.0000E+00	0.0000E+00	2.0333E+00
1.9220E+03	0.0000E+00	0.0000E+00	2.0338E+00
1.9230E+03	0.0000E+00	0.0000E+00	2.0336E+00
1.9240E+03	0.0000E+00	0.0000E+00	2.0193E+00
1.9250E+03	0.0000E+00	0.0000E+00	2.0214E+00
1.9260E+03	0.0000E+00	0.0000E+00	2.0202E+00
1.9270E+03	0.0000E+00	0.0000E+00	2.0097E+00
1.9280E+03	0.0000E+00	0.0000E+00	2.0091E+00
1.9290E+03	0.0000E+00	0.0000E+00	2.0098E+00
1.9300E+03	0.0000E+00	0.0000E+00	2.0057E+00
1.9310E+03	0.0000E+00	0.0000E+00	2.0077E+00
1.9320E+03	0.0000E+00	0.0000E+00	2.0091E+00
1.9330E+03	0.0000E+00	0.0000E+00	2.0050E+00
1.9340E+03	0.0000E+00	0.0000E+00	1.9970E+00
1.9350E+03	0.0000E+00	0.0000E+00	1.9923E+00
1.9360E+03	0.0000E+00	0.0000E+00	1.9840E+00
1.9370E+03	0.0000E+00	0.0000E+00	1.9867E+00
1.9380E+03	0.0000E+00	0.0000E+00	1.9858E+00
1.9390E+03	0.0000E+00	0.0000E+00	1.9941E+00
1.9400E+03	0.0000E+00	0.0000E+00	2.0157E+00
1.9410E+03	0.0000E+00	0.0000E+00	2.0296E+00
1.9420E+03	0.0000E+00	0.0000E+00	2.0447E+00
1.9430E+03	0.0000E+00	0.0000E+00	2.0520E+00
1.9440E+03	0.0000E+00	0.0000E+00	2.0522E+00
1.9450E+03	0.0000E+00	0.0000E+00	2.0610E+00
1.9460E+03	0.0000E+00	0.0000E+00	2.0598E+00
1.9470E+03	0.0000E+00	0.0000E+00	2.0456E+00
1.9480E+03	0.0000E+00	0.0000E+00	2.0512E+00
1.9490E+03	0.0000E+00	0.0000E+00	2.0416E+00
1.9500E+03	0.0000E+00	0.0000E+00	2.0306E+00
1.9510E+03	0.0000E+00	0.0000E+00	2.0266E+00
1.9520E+03	0.0000E+00	0.0000E+00	2.0208E+00
1.9530E+03	0.0000E+00	0.0000E+00	2.0120E+00
1.9540E+03	0.0000E+00	0.0000E+00	2.0107E+00
1.9550E+03	0.0000E+00	0.0000E+00	2.0038E+00
1.9560E+03	0.0000E+00	0.0000E+00	1.9955E+00
1.9570E+03	0.0000E+00	0.0000E+00	1.9855E+00
1.9580E+03	0.0000E+00	0.0000E+00	1.9744E+00
1.9590E+03	0.0000E+00	0.0000E+00	1.9628E+00
1.9600E+03	0.0000E+00	0.0000E+00	1.9614E+00
1.9610E+03	0.0000E+00	0.0000E+00	1.9598E+00
1.9620E+03	0.0000E+00	0.0000E+00	1.9641E+00
1.9630E+03	0.0000E+00	0.0000E+00	1.9665E+00
1.9640E+03	0.0000E+00	0.0000E+00	1.9807E+00
1.9650E+03	0.0000E+00	0.0000E+00	1.9957E+00
1.9660E+03	0.0000E+00	0.0000E+00	2.0014E+00
1.9670E+03	0.0000E+00	0.0000E+00	2.0210E+00
1.9680E+03	0.0000E+00	0.0000E+00	2.0242E+00
1.9690E+03	0.0000E+00	0.0000E+00	2.0147E+00
1.9700E+03	0.0000E+00	0.0000E+00	2.0177E+00
1.9710E+03	0.0000E+00	0.0000E+00	2.0060E+00
1.9720E+03	0.0000E+00	0.0000E+00	2.0051E+00
1.9730E+03	0.0000E+00	0.0000E+00	1.9935E+00
1.9740E+03	0.0000E+00	0.0000E+00	1.9922E+00
1.9750E+03	0.0000E+00	0.0000E+00	1.9858E+00
1.9760E+03	0.0000E+00	0.0000E+00	1.9816E+00
1.9770E+03	0.0000E+00	0.0000E+00	1.9718E+00
1.9780E+03	0.0000E+00	0.0000E+00	1.9751E+00
1.9790E+03	0.0000E+00	0.0000E+00	1.9659E+00
1.9800E+03	0.0000E+00	0.0000E+00	1.9558E+00
1.9810E+03	0.0000E+00	0.0000E+00	1.9492E+00
1.9820E+03	0.0000E+00	0.0000E+00	1.9429E+00
1.9830E+03	0.0000E+00	0.0000E+00	1.9376E+00
1.9840E+03	0.0000E+00	0.0000E+00	1.9317E+00
1.9850E+03	0.0000E+00	0.0000E+00	1.9292E+00
1.9860E+03	0.0000E+00	0.0000E+00	1.9354E+00
1.9870E+03	0.0000E+00	0.0000E+00	1.9414E+00
1.9880E+03	0.0000E+00	0.0000E+00	1.9531E+00
1.9890E+03	0.0000E+00	0.0000E+00	1.9794E+00
1.9900E+03	0.0000E+00	0.0000E+00	1.9913E+00
1.9910E+03	0.0000E+00	0.0000E+00	2.0068E+00
1.9920E+03	0.0000E+00	0.0000E+00	2.0104E+00
1.9930E+03	0.0000E+00	0.0000E+00	2.0127E+00
1.9940E+03	0.0000E+00	0.0000E+00	2.0118E+00
1.9950E+03	0.0000E+00	0.0000E+00	2.0134E+00
1.9960E+03	0.0000E+00	0.0000E+00	1.9999E+00
1.9970E+03	0.0000E+00	0.0000E+00	2.0014E+00
1.9980E+03	0.0000E+00	0.0000E+00	1.9924E+00
1.9990E+03	0.0000E+00	0.0000E+00	1.9808E+00
2.0000E+03	0.0000E+00	0.0000E+00	1.9859E+00
2.0010E+03	0.0000E+00	0.0000E+00	1.9797E+00
2.0020E+03	0.0000E+00	0.0000E+00	1.9642E+00
2.0030E+03	0.0000E+00	0.0000E+00	1.9611E+00
2.0040E+03	0.0000E+00	0.0000E+00	1.9517E+00
2.0050E+03	0.0000E+00	0.0000E+00	1.9443E+00
2.0060E+03	0.0000E+00	0.0000E+00	1.9374E+00
2.0070E+03	0.0000E+00	0.0000E+00	1.9277E+00
2.0080E+03	0.0000E+00	0.0000E+00	1.9253E+00
2.0090E+03	0.0000E+00	0.0000E+00	1.9275E+00
2.0100E+03	0.0000E+00	0.0000E+00	1.9327E+00
2.0110E+03	0.0000E+00	0.0000E+00	1.9485E+00
2.0120E+03	0.0000E+00	0.0000E+00	1.9656E+00
2.0130E+03	0.0000E+00	0.0000E+00	1.9843E+00
2.0140E+03	0.0000E+00	0.0000E+00	1.9920E+00
2.0150E+03	0.0000E+00	0.0000E+00	2.0042E+00
2.0160E+03	0.0000E+00	0.0000E+00	2.0067E+00
2.0170E+03	0.0000E+00	0.0000E+00	2.0055E+00
2.0180E+03	0.0000E+00	0.0000E+00	2.0070E+00
2.0190E+03	0.0000E+00	0.0000E+00	2.0077E+00
2.0200E+03	0.0000E+00	0.0000E+00	1.9977E+00
2.0210E+03	0.0000E+00	0.0000E+00	1.9883E+00
2.0220E+03	0.0000E+00	0.0000E+00	1.9867E+00
2.0230E+03	0.0000E+00	0.0000E+00	1.9780E+00
2.0240E+03	0.0000E+00	0.0000E+00	1.9679E+00
2.0250E+03	0.0000E+00	0.0000E+00	1.9651E+00
2.0260E+03	0.0000E+00	0.0000E+00	1.9578E+00
2.0270E+03	0.0000E+00	0.0000E+00	1.9557E+00
2.0280E+03	0.0000E+00	0.0000E+00	1.9393E+00
2.0290E+03	0.0000E+00	0.0000E+00	1.9383E+00
2.0300E+03	0.0000E+00	0.0000E+00	1.9284E+00
2.0310E+03	0.0000E+00	0.0000E+00	1.9268E+00
2.0320E+03	0.0000E+00	0.0000E+00	1.9196E+00
2.0330E+03	0.0000E+00	0.0000E+00	1.9268E+00
2.0340E+03	0.0000E+00	0.0000E+00	1.9252E+00
2.0350E+03	0.0000E+00	0.0000E+00	1.9328E+00
2.0360E+03	0.0000E+00	0.0000E+00	1.9489E+00
2.0370E+03	0.0000E+00	0.0000E+00	1.9576E+00
2.0380E+03	0.0000E+00	0.0000E+00	1.9790E+00
2.0390E+03	0.0000E+00	0.0000E+00	1.9806E+00
2.0400E+03	0.0000E+00	0.0000E+00	1.9912E+00
2.0410E+03	0.0000E+00	0.0000E+00	1.9946E+00
2.0420E+03	0.0000E+00	0.0000E+00	2.0042E+00
2.0430E+03	0.0000E+00	0.0000E+00	1.9895E+00
2.0440E+03	0.0000E+00	0.0000E+00	1.9866E+00
2.0450E+03	0.0000E+00	0.0000E+00	1.9886E+00
2.0460E+03	0.0000E+00	0.0000E+00	1.9778E+00
2.0470E+03	0.0000E+00	0.0000E+00	1.9672E+00
2.0480E+03	0.0000E+00	0.0000E+00	1.9591E+00
2.0490E+03	0.0000E+00	0.0000E+00	1.9574E+00
2.0500E+03	0.0000E+00	0.0000E+00	1.9463E+00
2.0510E+03	0.0000E+00	0.0000E+00	1.9451E+00
2.0520E+03	0.0000E+00	0.0000E+00	1.9361E+00
2.0530E+03	0.0000E+00	0.0000E+00	1.9279E+00
2.0540E+03	0.0000E+00	0.0000E+00	1.9198E+00
2.0550E+03	0.0000E+00	0.0000E+00	1.9117E+00
2.0560E+03	0.0000E+00	0.0000E+00	1.9134E+00
2.0570E+03	0.0000E+00	0.0000E+00	1.9125E+00
2.0580E+03	0.0000E+00	0.0000E+00	1.9209E+00
2.0590E+03	0.0000E+00	0.0000E+00	1.9328E+00
2.0600E+03	0.0000E+00	0.0000E+00	1.9497E+00
2.0610E+03	0.0000E+00	0.0000E+00	1.9662E+00
2.0620E+03	0.0000E+00	0.0000E+00	1.9757E+00
2.0630E+03	0.0000E+00	0.0000E+00	1.9812E+00
2.0640E+03	0.0000E+00	0.0000E+00	1.9851E+00
2.0650E+03	0.0000E+00	0.0000E+00	1.9834E+00
2.0660E+03	0.0000E+00	0.0000E+00	1.9791E+00
2.0670E+03	0.0000E+00	0.0000E+00	1.9764E+00
2.0680E+03	0.0000E+00	0.0000E+00	1.9761E+00
2.0690E+03	0.0000E+00	0.0000E+00	1.9638E+00
2.0700E+03	0.0000E+00	0.0000E+00	1.9628E+00
2.0710E+03	0.0000E+00	0.0000E+00	1.9559E+00
2.0720E+03	0.0000E+00	0.0000E+00	1.9511E+00
2.0730E+03	0.0000E+00	0.0000E+00	1.9455E+00
2.0740E+03	0.0000E+00	0.0000E+00	1.9400E+00
2.0750E+03	0.0000E+00	0.0000E+00	1.9355E+00
2.0760E+03	0.0000E+00	0.0000E+00	1.9276E+00
2.0770E+03	0.0000E+00	0.0000E+00	1.9217E+00
2.0780E+03	0.0000E+00	0.0000E+00	1.9134E+00
2.0790E+03	0.0000E+00	0.0000E+00	1.9090E+00
2.0800E+03	0.0000E+00	0.0000E+00	1.9053E+00
2.0810E+03	0.0000E+00	0.0000E+00	1.9009E+00
2.0820E+03	0.0000E+00	0.0000E+00	1.9057E+00
2.0830E+03	0.0000E+00	0.0000E+00	1.9172E+00
2.0840E+03	0.0000E+00	0.0000E+00	1.9353E+00
2.0850E+03	0.0000E+00	0.0000E+00	1.9530E+00
2.0860E+03	0.0000E+00	0.0000E+00	1.9709E+00
2.0870E+03	0.0000E+00	0.0000E+00	1.9913E+00
2.0880E+03	0.0000E+00	0.0000E+00	1.9952E+00
2.0890E+03	0.0000E+00	0.0000E+00	1.9938E+00
2.0900E+03	0.0000E+00	0.0000E+00	1.9954E+00
2.0910E+03	0.0000E+00	0.0000E+00	2.0048E+00
2.0920E+03	0.0000E+00	0.0000E+00	1.9849E+00
2.0930E+03	0.0000E+00	0.0000E+00	1.9753E+00
2.0940E+03	0.0000E+00	0.0000E+00	1.9779E+00
2.0950E+03	0.0000E+00	0.0000E+00	1.9711E+00
2.0960E+03	0.0000E+00	0.0000E+00	1.9635E+00
2.0970E+03	0.0000E+00	0.0000E+00	1.9576E+00
2.0980E+03	0.0000E+00	0.0000E+00	1.9463E+00
2.0990E+03	0.0000E+00	0.0000E+00	1.9389E+00
2.1000E+03	0.0000E+00	0.0000E+00	1.9287E+00
2.1010E+03	0.0000E+00	0.0000E+00	1.9179E+00
2.1020E+03	0.0000E+00	0.0000E+00	1.9161E+00
2.1030E+03	0.0000E+00	0.0000E+00	1.9072E+00
2.1040E+03	0.0000E+00	0.0000E+00	1.8978E+00
2.1050E+03	0.0000E+00	0.0000E+00	1.9002E+00
2.1060E+03	0.0000E+00	0.0000E+00	1.9133E+00
2.1070E+03	0.0000E+00	0.0000E+00	1.9240E+00
2.1080E+03	0.0000E+00	0.0000E+00	1.9382E+00
2.1090E+03	0.0000E+00	0.0000E+00	1.9561E+00
2.1100E+03	0.0000E+00	0.0000E+00	1.9733E+00
2.1110E+03	0.0000E+00	0.0000E+00	1.9834E+00
2.1120E+03	0.0000E+00	0.0000E+00	1.9991E+00
2.1130E+03	0.0000E+00	0.0000E+00	2.0026E+00
2.1140E+03	0.0000E+00	0.0000E+00	2.0017E+00
2.1150E+03	0.0000E+00	0.0000E+00	1.9999E+00
2.1160E+03	0.0000E+00	0.0000E+00	1.9913E+00
2.1170E+03	0.0000E+00	0.0000E+00	1.9810E+00
2.1180E+03	0.0000E+00	0.0000E+00	1.9716E+00
2.1190E+03	0.0000E+00	0.0000E+00	1.9659E+00
2.1200E+03	0.0000E+00	0.0000E+00	1.9579E+00
2.1210E+03	0.0000E+00	0.0000E+00	1.9488E+00
2.1220E+03	0.0000E+00	0.0000E+00	1.9411E+00
2.1230E+03	0.0000E+00	0.0000E+00	1.9329E+00
2.1240E+03	0.0000E+00	0.0000E+00	1.9233E+00
2.1250E+03	0.0000E+00	0.0000E+00	1.9142E+00
2.1260E+03	0.0000E+00	0.0000E+00	1.9078E+00
2.1270E+03	0.0000E+00	0.0000E+00	1.8939E+00
2.1280E+03	0.0000E+00	0.0000E+00	1.8952E+00
2.1290E+03	0.0000E+00	0.0000E+00	1.8970E+00
2.1300E+03	0.0000E+00	0.0000E+00	1.9029E+00
2.1310E+03	0.0000E+00	0.0000E+00	1.9203E+00
2.1320E+03	0.0000E+00	0.0000E+00	1.9359E+00
2.1330E+03	0.0000E+00	0.0000E+00	1.9539E+00
2.1340E+03	0.0000E+00	0.0000E+00	1.9756E+00
2.1350E+03	0.0000E+00	0.0000E+00	1.9895E+00
2.1360E+03	0.0000E+00	0.0000E+00	1.9980E+00
2.1370E+03	0.0000E+00	0.0000E+00	2.0044E+00
2.1380E+03	0.0000E+00	0.0000E+00	1.9978E+00
2.1390E+03	0.0000E+00	0.0000E+00	1.9949E+00
2.1400E+03	0.0000E+00	0.0000E+00	1.9929E+00
2.1410E+03	0.0000E+00	0.0000E+00	1.9790E+00
2.1420E+03	0.0000E+00	0.0000E+00	1.9672E+00
2.1430E+03	0.0000E+00	0.0000E+00	1.9551E+00
2.1440E+03	0.0000E+00	0.0000E+00	1.9562E+00
2.1450E+03	0.0000E+00	0.0000E+00	1.9424E+00
2.1460E+03	0.0000E+00	0.0000E+00	1.9389E+00
2.1470E+03	0.0000E+00	0.0000E+00	1.9336E+00
2.1480E+03	0.0000E+00	0.0000E+00	1.9223E+00
2.1490E+03	0.0000E+00	0.0000E+00	1.9182E+00
2.1500E+03	0.0000E+00	0.0000E+00	1.9090E+00
2.1510E+03	0.0000E+00	0.0000E+00	1.9022E+00
2.1520E+03	0.0000E+00	0.0000E+00	1.8924E+00
2.1530E+03	0.0000E+00	0.0000E+00	1.9007E+00
2.1540E+03	0.0000E+00	0.0000E+00	1.9101E+00
2.1550E+03	0.0000E+00	0.0000E+00	1.9320E+00
2.1560E+03	0.0000E+00	0.0000E+00	1.9496E+00
2.1570E+03	0.0000E+00	0.0000E+00	1.9628E+00
2.1580E+03	0.0000E+00	0.0000E+00	1.9768E+00
2.1590E+03	0.0000E+00	0.0000E+00	1.9899E+00
2.1600E+03	0.0000E+00	0.0000E+00	1.9911E+00
2.1610E+03	0.0000E+00	0.0000E+00	1.9848E+00
2.1620E+03	0.0000E+00	0.0000E+00	1.9857E+00
2.1630E+03	0.0000E+00	0.0000E+00	1.9732E+00
2.1640E+03	0.0000E+00	0.0000E+00	1.9740E+00
2.1650E+03	0.0000E+00	0.0000E+00	1.9578E+00
2.1660E+03	0.0000E+00	0.0000E+00	1.9444E+00
2.1670E+03	0.0000E+00	0.0000E+00	1.9349E+00
2.1680E+03	0.0000E+00	0.0000E+00	1.9336E+00
2.1690E+03	0.0000E+00	0.0000E+00	1.9247E+00
2.1700E+03	0.0000E+00	0.0000E+00	1.9122E+00
2.1710E+03	0.0000E+00	0.0000E+00	1.9013E+00
2.1720E+03	0.0000E+00	0.0000E+00	1.8936E+00
2.1730E+03	0.0000E+00	0.0000E+00	1.8807E+00
2.1740E+03	0.0000E+00	0.0000E+00	1.8736E+00
2.1750E+03	0.0000E+00	0.0000E+00	1.8694E+00
2.1760E+03	0.0000E+00	0.0000E+00	1.8528E+00
2.1770E+03	0.0000E+00	0.0000E+00	1.8480E+00
2.1780E+03	0.0000E+00	0.0000E+00	1.8510E+00
2.1790E+03	0.0000E+00	0.0000E+00	1.8604E+00
2.1800E+03	0.0000E+00	0.0000E+00	1.8658E+00
2.1810E+03	0.0000E+00	0.0000E+00	1.8777E+00
2.1820E+03	0.0000E+00	0.0000E+00	1.8869E+00
2.1830E+03	0.0000E+00	0.0000E+00	1.8965E+00
2.1840E+03	0.0000E+00	0.0000E+00	1.9002E+00
2.1850E+03	0.0000E+00	0.0000E+00	1.9037E+00
2.1860E+03	0.0000E+00	0.0000E+00	1.9001E+00
2.1870E+03	0.0000E+00	0.0000E+00	1.8983E+00
2.1880E+03	0.0000E+00	0.0000E+00	1.8854E+00
2.1890E+03	0.0000E+00	0.0000E+00	1.8878E+00
2.1900E+03	0.0000E+00	0.0000E+00	1.8752E+00
2.1910E+03	0.0000E+00	0.0000E+00	1.8696E+00
2.1920E+03	0.0000E+00	0.0000E+00	1.8659E+00
2.1930E+03	0.0000E+00	0.0000E+00	1.8617E+00
2.1940E+03	0.0000E+00	0.0000E+00	1.8536E+00
2.1950E+03	0.0000E+00	0.0000E+00	1.8482E+00
2.1960E+03	0.0000E+00	0.0000E+00	1.8428E+00
2.1970E+03	0.0000E+00	0.0000E+00	1.8361E+00
2.1980E+03	0.0000E+00	0.0000E+00	1.8265E+00
2.1990E+03	0.0000E+00	0.0000E+00	1.8220E+00
2.2000E+03	0.0000E+00	0.0000E+00	1.8167E+00
2.2010E+03	0.0000E+00	0.0000E+00	1.8099E+00
2.2020E+03	0.0000E+00	0.0000E+00	1.8137E+00
2.2030E+03	0.0000E+00	0.0000E+00	1.8209E+00
2.2040E+03	0.0000E+00	0.0000E+00	1.8302E+00
2.2050E+03	0.0000E+00	0.0000E+00	1.8455E+00
2.2060E+03	0.0000E+00	0.0000E+00	1.8574E+00
2.2070E+03	0.0000E+00	0.0000E+00	1.8658E+00
2.2080E+03	0.0000E+00	0.0000E+00	1.8744E+00
2.2090E+03	0.0000E+00	0.0000E+00	1.8837E+00
2.2100E+03	0.0000E+00	0.0000E+00	1.8861E+00
2.2110E+03	0.0000E+00	0.0000E+00	1.8768E+00
2.2120E+03	0.0000E+00	0.0000E+00	1.8757E+00
2.2130E+03	0.0000E+00	0.0000E+00	1.8686E+00
2.2140E+03	0.0000E+00	0.0000E+00	1.8600E+00
2.2150E+03	0.0000E+00	0.0000E+00	1.8523E+00
2.2160E+03	0.0000E+00	0.0000E+00	1.8501E+00
2.2170E+03	0.0000E+00	0.0000E+00	1.8459E+00
2.2180E+03	0.0000E+00	0.0000E+00	1.8379E+00
2.2190E+03	0.0000E+00	0.0000E+00	1.8292E+00
2.2200E+03	0.0000E+00	0.0000E+00	1.8225E+00
2.2210E+03	0.0000E+00	0.0000E+00	1.8171E+00
2.2220E+03	0.0000E+00	0.0000E+00	1.8130E+00
2.2230E+03	0.0000E+00	0.0000E+00	1.8130E+00
2.2240E+03	0.0000E+00	0.0000E+00	1.8117E+00
2.2250E+03	0.0000E+00	0.0000E+00	1.8090E+00
2.2260E+03	0.0000E+00	0.0000E+00	1.8072E+00
2.2270E+03	0.0000E+00	0.0000E+00	1.8157E+00
2.2280E+03	0.0000E+00	0.0000E+00	1.8196E+00
2.2290E+03	0.0000E+00	0.0000E+00	1.8305E+00
2.2300E+03	0.0000E+00	0.0000E+00	1.8429E+00
2.2310E+03	0.0000E+00	0.0000E+00	1.8481E+00
2.2320E+03	0.0000E+00	0.0000E+00	1.8526E+00
2.2330E+03	0.0000E+00	0.0000E+00	1.8537E+00
2.2340E+03	0.0000E+00	0.0000E+00	1.8565E+00
2.2350E+03	0.0000E+00	0.0000E+00	1.8510E+00
2.2360E+03	0.0000E+00	0.0000E+00	1.8519E+00
2.2370E+03	0.0000E+00	0.0000E+00	1.8427E+00
2.2380E+03	0.0000E+00	0.0000E+00	1.8355E+00
2.2390E+03	0.0000E+00	0.0000E+00	1.8296E+00
2.2400E+03	0.0000E+00	0.0000E+00	1.8257E+00
2.2410E+03	0.0000E+00	0.0000E+00	1.8199E+00
2.2420E+03	0.0000E+00	0.0000E+00	1.8158E+00
2.2430E+03	0.0000E+00	0.0000E+00	1.8116E+00
2.2440E+03	0.0000E+00	0.0000E+00	1.8076E+00
2.2450E+03	0.0000E+00	0.0000E+00	1.7999E+00
2.2460E+03	0.0000E+00	0.0000E+00	1.7947E+00
2.2470E+03	0.0000E+00	0.0000E+00	1.7858E+00
2.2480E+03	0.0000E+00	0.0000E+00	1.7770E+00
2.2490E+03	0.0000E+00	0.0000E+00	1.7688E+00
2.2500E+03	0.0000E+00	0.0000E+00	1.7697E+00
2.2510E+03	0.0000E+00	0.0000E+00	1.7736E+00
2.2520E+03	0.0000E+00	0.0000E+00	1.7847E+00
2.2530E+03	0.0000E+00	0.0000E+00	1.7989E+00
2.2540E+03	0.0000E+00	0.0000E+00	1.8090E+00
2.2550E+03	0.0000E+00	0.0000E+00	1.8217E+00
2.2560E+03	0.0000E+00	0.0000E+00	1.8339E+00
2.2570E+03	0.0000E+00	0.0000E+00	1.8352E+00
2.2580E+03	0.0000E+00	0.0000E+00	1.8383E+00
2.2590E+03	0.0000E+00	0.0000E+00	1.8321E+00
2.2600E+03	0.0000E+00	0.0000E+00	1.8271E+00
2.2610E+03	0.0000E+00	0.0000E+00	1.8235E+00
2.2620E+03	0.0000E+00	0.0000E+00	1.8180E+00
2.2630E+03	0.0000E+00	0.0000E+00	1.8132E+00
2.2640E+03	0.0000E+00	0.0000E+00	1.8034E+00
2.2650E+03	0.0000E+00	0.0000E+00	1.8030E+00
2.2660E+03	0.0000E+00	0.0000E+00	1.7956E+00
2.2670E+03	0.0000E+00	0.0000E+00	1.7918E+00
2.2680E+03	0.0000E+00	0.0000E+00	1.7831E+00
2.2690E+03	0.0000E+00	0.0000E+00	1.7806E+00
2.2700E+03	0.0000E+00	0.0000E+00	1.7719E+00
2.2710E+03	0.0000E+00	0.0000E+00	1.7705E+00
2.2720E+03	0.0000E+00	0.0000E+00	1.7615E+00
2.2730E+03	0.0000E+00	0.0000E+00	1.7635E+00
2.2740E+03	0.0000E+00	0.0000E+00	1.7707E+00
2.2750E+03	0.0000E+00	0.0000E+00	1.7792E+00
2.2760E+03	0.0000E+00	0.0000E+00	1.7920E+00
2.2770E+03	0.0000E+00	0.0000E+00	1.7985E+00
2.2780E+03	0.0000E+00	0.0000E+00	1.8051E+00
2.2790E+03	0.0000E+00	0.0000E+00	1.8137E+00
2.2800E+03	0.0000E+00	0.0000E+00	1.8155E+00
2.2810E+03	0.0000E+00	0.0000E+00	1.8138E+00
2.2820E+03	0.0000E+00	0.0000E+00	1.8121E+00
2.2830E+03	0.0000E+00	0.0000E+00	1.8123E+00
2.2840E+03	0.0000E+00	0.0000E+00	1.8084E+00
2.2850E+03	0.0000E+00	0.0000E+00	1.8065E+00
2.2860E+03	0.0000E+00	0.0000E+00	1.7990E+00
2.2870E+03	0.0000E+00	0.0000E+00	1.7936E+00
2.2880E+03	0.0000E+00	0.0000E+00	1.7923E+00
2.2890E+03	0.0000E+00	0.0000E+00	1.7832E+00
2.2900E+03	0.0000E+00	0.0000E+00	1.7789E+00
2.2910E+03	0.0000E+00	0.0000E+00	1.7750E+00
2.2920E+03	0.0000E+00	0.0000E+00	1.7668E+00
2.2930E+03	0.0000E+00	0.0000E+00	1.7599E+00
2.2940E+03	0.0000E+00	0.0000E+00	1.7532E+00
2.2950E+03	0.0000E+00	0.0000E+00	1.7498E+00
2.2960E+03	0.0000E+00	0.0000E+00	1.7455E+00
2.2970E+03	0.0000E+00	0.0000E+00	1.7464E+00
2.2980E+03	0.0000E+00	0.0000E+00	1.7395E+00
2.2990E+03	0.0000E+00	0.0000E+00	1.7418E+00
2.3000E+03	0.0000E+00	0.0000E+00	1.7493E+00
2.3010E+03	0.0000E+00	0.0000E+00	1.7609E+00
2.3020E+03	0.0000E+00	0.0000E+00	1.7771E+00
2.3030E+03	0.0000E+00	0.0000E+00	1.7897E+00
2.3040E+03	0.0000E+00	0.0000E+00	1.8024E+00
2.3050E+03	0.0000E+00	0.0000E+00	1.8040E+00
2.3060E+03	0.0000E+00	0.0000E+00	1.8069E+00
2.3070E+03	0.0000E+00	0.0000E+00	1.8079E+00
2.3080E+03	0.0000E+00	0.0000E+00	1.8018E+00
2.3090E+03	0.0000E+00	0.0000E+00	1.7944E+00
2.3100E+03	0.0000E+00	0.0000E+00	1.7908E+00
2.3110E+03	0.0000E+00	0.0000E+00	1.7837E+00
2.3120E+03	0.0000E+00	0.0000E+00	1.7845E+00
2.3130E+03	0.0000E+00	0.0000E+00	1.7797E+00
2.3140E+03	0.0000E+00	0.0000E+00	1.7754E+00
2.3150E+03	0.0000E+00	0.0000E+00	1.7709E+00
2.3160E+03	0.0000E+00	0.0000E+00	1.7607E+00
2.3170E+03	0.0000E+00	0.0000E+00	1.7564E+00
2.3180E+03	0.0000E+00	0.0000E+00	1.7527E+00
2.3190E+03	0.0000E+00	0.0000E+00	1.7454E+00
2.3200E+03	0.0000E+00	0.0000E+00	1.7417E+00
2.3210E+03	0.0000E+00	0.0000E+00	1.7364E+00
2.3220E+03	0.0000E+00	0.0000E+00	1.7436E+00
2.3230E+03	0.0000E+00	0.0000E+00	1.7434E+00
2.3240E+03	0.0000E+00	0.0000E+00	1.7518E+00
2.3250E+03	0.0000E+00	0.0000E+00	1.7646E+00
2.3260E+03	0.0000E+00	0.0000E+00	1.7758E+00
2.3270E+03	0.0000E+00	0.0000E+00	1.7891E+00
2.3280E+03	0.0000E+00	0.0000E+00	1.8107E+00
2.3290E+03	0.0000E+00	0.0000E+00	1.8319E+00
2.3300E+03	0.0000E+00	0.0000E+00	1.8487E+00
2.3310E+03	0.0000E+00	0.0000E+00	1.8546E+00
2.3320E+03	0.0000E+00	0.0000E+00	1.8470E+00
2.3330E+03	0.0000E+00	0.0000E+00	1.8352E+00
2.3340E+03	0.0000E+00	0.0000E+00	1.8234E+00
2.3350E+03	0.0000E+00	0.0000E+00	1.8162E+00
2.3360E+03	0.0000E+00	0.0000E+00	1.8066E+00
2.3370E+03	0.0000E+00	0.0000E+00	1.7964E+00
2.3380E+03	0.0000E+00	0.0000E+00	1.7839E+00
2.3390E+03	0.0000E+00	0.0000E+00	1.7762E+00
2.3400E+03	0.0000E+00	0.0000E+00	1.7741E+00
2.3410E+03	0.0000E+00	0.0000E+00	1.7650E+00
2.3420E+03	0.0000E+00	0.0000E+00	1.7563E+00
2.3430E+03	0.0000E+00	0.0000E+00	1.7483E+00
2.3440E+03	0.0000E+00	0.0000E+00	1.7407E+00
2.3450E+03	0.0000E+00	0.0000E+00	1.7365E+00
2.3460E+03	0.0000E+00	0.0000E+00	1.7537E+00
2.3470E+03	0.0000E+00	0.0000E+00	1.7660E+00
2.3480E+03	0.0000E+00	0.0000E+00	1.7738E+00
2.3490E+03	0.0000E+00	0.0000E+00	1.7718E+00
2.3500E+03	0.0000E+00	0.0000E+00	1.7807E+00
2.3510E+03	0.0000E+00	0.0000E+00	1.7878E+00
2.3520E+03	0.0000E+00	0.0000E+00	1.7938E+00
2.3530E+03	0.0000E+00	0.0000E+00	1.7957E+00
2.3540E+03	0.0000E+00	0.0000E+00	1.7994E+00
2.3550E+03	0.0000E+00	0.0000E+00	1.8022E+00
2.3560E+03	0.0000E+00	0.0000E+00	1.7993E+00
2.3570E+03	0.0000E+00	0.0000E+00	1.7958E+00
2.3580E+03	0.0000E+00	0.0000E+00	1.7896E+00
2.3590E+03	0.0000E+00	0.0000E+00	1.7933E+00
2.3600E+03	0.0000E+00	0.0000E+00	1.7874E+00
2.3610E+03	0.0000E+00	0.0000E+00	1.7792E+00
2.3620E+03	0.0000E+00	0.0000E+00	1.7763E+00
2.3630E+03	0.0000E+00	0.0000E+00	1.7686E+00
2.3640E+03	0.0000E+00	0.0000E+00	1.7724E+00
2.3650E+03	0.0000E+00	0.0000E+00	1.7672E+00
2.3660E+03	0.0000E+00	0.0000E+00	1.7656E+00
2.3670E+03	0.0000E+00	0.0000E+00	1.7578E+00
2.3680E+03	0.0000E+00	0.0000E+00	1.7601E+00
2.3690E+03	0.0000E+00	0.0000E+00	1.7687E+00
2.3700E+03	0.0000E+00	0.0000E+00	1.7700E+00
2.3710E+03	0.0000E+00	0.0000E+00	1.7700E+00
2.3720E+03	0.0000E+00	0.0000E+00	1.7756E+00
2.3730E+03	0.0000E+00	0.0000E+00	1.7868E+00
2.3740E+03	0.0000E+00	0.0000E+00	1.7991E+00
2.3750E+03	0.0000E+00	0.0000E+00	1.8084E+00
2.3760E+03	0.0000E+00	0.0000E+00	1.8127E+00
2.3770E+03	0.0000E+00	0.0000E+00	1.8132E+00
2.3780E+03	0.0000E+00	0.0000E+00	1.8140E+00
2.3790E+03	0.0000E+00	0.0000E+00	1.8130E+00
2.3800E+03	0.0000E+00	0.0000E+00	1.8049E+00
2.3810E+03	0.0000E+00	0.0000E+00	1.8065E+00
2.3820E+03	0.0000E+00	0.0000E+00	1.7981E+00
2.3830E+03	0.0000E+00	0.0000E+00	1.7901E+00
2.3840E+03	0.0000E+00	0.0000E+00	1.7909E+00
2.3850E+03	0.0000E+00	0.0000E+00	1.7889E+00
2.3860E+03	0.0000E+00	0.0000E+00	1.7797E+00
2.3870E+03	0.0000E+00	0.0000E+00	1.7788E+00
2.3880E+03	0.0000E+00	0.0000E+00	1.7772E+00
2.3890E+03	0.0000E+00	0.0000E+00	1.7687E+00
2.3900E+03	0.0000E+00	0.0000E+00	1.7666E+00
2.3910E+03	0.0000E+00	0.0000E+00	1.7618E+00
2.3920E+03	0.0000E+00	0.0000E+00	1.7594E+00
2.3930E+03	0.0000E+00	0.0000E+00	1.7571E+00
2.3940E+03	0.0000E+00	0.0000E+00	1.7622E+00
2.3950E+03	0.0000E+00	0.0000E+00	1.7658E+00
2.3960E+03	0.0000E+00	0.0000E+00	1.7710E+00
2.3970E+03	0.0000E+00	0.0000E+00	1.7771E+00
2.3980E+03	0.0000E+00	0.0000E+00	1.7870E+00
2.3990E+03	0.0000E+00	0.0000E+00	1.7937E+00
2.4000E+03	0.0000E+00	0.0000E+00	1.7994E+00
2.4010E+03	0.0000E+00	0.0000E+00	1.8040E+00
2.4020E+03	0.0000E+00	0.0000E+00	1.8052E+00
2.4030E+03	0.0000E+00	0.0000E+00	1.8061E+00
2.4040E+03	0.0000E+00	0.0000E+00	1.8021E+00
2.4050E+03	0.0000E+00	0.0000E+00	1.8015E+00
2.4060E+03	0.0000E+00	0.0000E+00	1.7956E+00
2.4070E+03	0.0000E+00	0.0000E+00	1.7914E+00
2.4080E+03	0.0000E+00	0.0000E+00	1.7946E+00
2.4090E+03	0.0000E+00	0.0000E+00	1.7861E+00
2.4100E+03	0.0000E+00	0.0000E+00	1.7848E+00
2.4110E+03	0.0000E+00	0.0000E+00	1.7821E+00
2.4120E+03	0.0000E+00	0.0000E+00	1.7778E+00
2.4130E+03	0.0000E+00	0.0000E+00	1.7697E+00
2.4140E+03	0.0000E+00	0.0000E+00	1.7627E+00
2.4150E+03	0.0000E+00	0.0000E+00	1.7554E+00
2.4160E+03	0.0000E+00	0.0000E+00	1.7486E+00
2.4170E+03	0.0000E+00	0.0000E+00	1.7414E+00
2.4180E+03	0.0000E+00	0.0000E+00	1.7495E+00
2.4190E+03	0.0000E+00	0.0000E+00	1.7448E+00
2.4200E+03	0.0000E+00	0.0000E+00	1.7507E+00
2.4210E+03	0.0000E+00	0.0000E+00	1.7603E+00
2.4220E+03	0.0000E+00	0.0000E+00	1.7716E+00
2.4230E+03	0.0000E+00	0.0000E+00	1.7847E+00
2.4240E+03	0.0000E+00	0.0000E+00	1.7969E+00
2.4250E+03	0.0000E+00	0.0000E+00	1.8003E+00
2.4260E+03	0.0000E+00	0.0000E+00	1.8014E+00
2.4270E+03	0.0000E+00	0.0000E+00	1.8011E+00
2.4280E+03	0.0000E+00	0.0000E+00	1.7925E+00
2.4290E+03	0.0000E+00	0.0000E+00	1.7878E+00
2.4300E+03	0.0000E+00	0.0000E+00	1.7822E+00
2.4310E+03	0.0000E+00	0.0000E+00	1.7774E+00
2.4320E+03	0.0000E+00	0.0000E+00	1.7713E+00
2.4330E+03	0.0000E+00	0.0000E+00	1.7688E+00
2.4340E+03	0.0000E+00	0.0000E+00	1.7617E+00
2.4350E+03	0.0000E+00	0.0000E+00	1.7555E+00
2.4360E+03	0.0000E+00	0.0000E+00	1.7483E+00
2.4370E+03	0.0000E+00	0.0000E+00	1.7473E+00
2.4380E+03	0.0000E+00	0.0000E+00	1.7385E+00
2.4390E+03	0.0000E+00	0.0000E+00	1.7362E+00
2.4400E+03	0.0000E+00	0.0000E+00	1.7271E+00
2.4410E+03	0.0000E+00	0.0000E+00	1.7209E+00
2.4420E+03	0.0000E+00	0.0000E+00	1.7202E+00
2.4430E+03	0.0000E+00	0.0000E+00	1.7274E+00
2.4440E+03	0.0000E+00	0.0000E+00	1.7277E+00
2.4450E+03	0.0000E+00	0.0000E+00	1.7384E+00
2.4460E+03	0.0000E+00	0.0000E+00	1.7513E+00
2.4470E+03	0.0000E+00	0.0000E+00	1.7653E+00
2.4480E+03	0.0000E+00	0.0000E+00	1.7763E+00
2.4490E+03	0.0000E+00	0.0000E+00	1.7861E+00
2.4500E+03	0.0000E+00	0.0000E+00	1.7859E+00
2.4510E+03	0.0000E+00	0.0000E+00	1.7821E+00
2.4520E+03	0.0000E+00	0.0000E+00	1.7742E+00
2.4530E+03	0.0000E+00	0.0000E+00	1.7711E+00
2.4540E+03	0.0000E+00	0.0000E+00	1.7672E+00
2.4550E+03	0.0000E+00	0.0000E+00	1.7633E+00
2.4560E+03	0.0000E+00	0.0000E+00	1.7549E+00
2.4570E+03	0.0000E+00	0.0000E+00	1.7489E+00
2.4580E+03	0.0000E+00	0.0000E+00	1.7486E+00
2.4590E+03	0.0000E+00	0.0000E+00	1.7429E+00
2.4600E+03	0.0000E+00	0.0000E+00	1.7366E+00
2.4610E+03	0.0000E+00	0.0000E+00	1.7310E+00
2.4620E+03	0.0000E+00	0.0000E+00	1.7250E+00
2.4630E+03	0.0000E+00	0.0000E+00	1.7186E+00
2.4640E+03	0.0000E+00	0.0000E+00	1.7105E+00
2.4650E+03	0.0000E+00	0.0000E+00	1.7124E+00
2.4660E+03	0.0000E+00	0.0000E+00	1.7125E+00
2.4670E+03	0.0000E+00	0.0000E+00	1.7203E+00
2.4680E+03	0.0000E+00	0.0000E+00	1.7351E+00
2.4690E+03	0.0000E+00	0.0000E+00	1.7545E+00
2.4700E+03	0.0000E+00	0.0000E+00	1.7838E+00
2.4710E+03	0.0000E+00	0.0000E+00	1.8160E+00
2.4720E+03	0.0000E+00	0.0000E+00	1.8379E+00
2.4730E+03	0.0000E+00	0.0000E+00	1.8572E+00
2.4740E+03	0.0000E+00	0.0000E+00	1.8553E+00
2.4750E+03	0.0000E+00	0.0000E+00	1.8450E+00
2.4760E+03	0.0000E+00	0.0000E+00	1.8386E+00
2.4770E+03	0.0000E+00	0.0000E+00	1.8279E+00
2.4780E+03	0.0000E+00	0.0000E+00	1.8167E+00
2.4790E+03	0.0000E+00	0.0000E+00	1.8076E+00
2.4800E+03	0.0000E+00	0.0000E+00	1.7985E+00
2.4810E+03	0.0000E+00	0.0000E+00	1.7875E+00
2.4820E+03	0.0000E+00	0.0000E+00	1.7822E+00
2.4830E+03	0.0000E+00	0.0000E+00	1.7721E+00
2.4840E+03	0.0000E+00	0.0000E+00	1.7627E+00
2.4850E+03	0.0000E+00	0.0000E+00	1.7567E+00
2.4860E+03	0.0000E+00	0.0000E+00	1.7486E+00
2.4870E+03	0.0000E+00	0.0000E+00	1.7472E+00
2.4880E+03	0.0000E+00	0.0000E+00	1.7381E+00
2.4890E+03	0.0000E+00	0.0000E+00	1.7337E+00
2.4900E+03	0.0000E+00	0.0000E+00	1.7288E+00
2.4910E+03	0.0000E+00	0.0000E+00	1.7296E+00
2.4920E+03	0.0000E+00	0.0000E+00	1.7314E+00
2.4930E+03	0.0000E+00	0.0000E+00	1.7399E+00
2.4940E+03	0.0000E+00	0.0000E+00	1.7501E+00
2.4950E+03	0.0000E+00	0.0000E+00	1.7519E+00
2.4960E+03	0.0000E+00	0.0000E+00	1.7559E+00
2.4970E+03	0.0000E+00	0.0000E+00	1.7572E+00
2.4980E+03	0.0000E+00	0.0000E+00	1.7615E+00
2.4990E+03	0.0000E+00	0.0000E+00	1.7552E+00
2.5000E+03	0.0000E+00	0.0000E+00	1.7510E+00
2.5010E+03	0.0000E+00	0.0000E+00	1.7449E+00
2.5020E+03	0.0000E+00	0.0000E+00	1.7438E+00
2.5030E+03	0.0000E+00	0.0000E+00	1.7388E+00
2.5040E+03	0.0000E+00	0.0000E+00	1.7328E+00
2.5050E+03	0.0000E+00	0.0000E+00	1.7304E+00
2.5060E+03	0.0000E+00	0.0000E+00	1.7280E+00
2.5070E+03	0.0000E+00	0.0000E+00	1.7260E+00
2.5080E+03	0.0000E+00	0.0000E+00	1.7241E+00
2.5090E+03	0.0000E+00	0.0000E+00	1.7227E+00
2.5100E+03	0.0000E+00	0.0000E+00	1.7196E+00
2.5110E+03	0.0000E+00	0.0000E+00	1.7164E+00
2.5120E+03	0.0000E+00	0.0000E+00	1.7126E+00
2.5130E+03	0.0000E+00	0.0000E+00	1.7140E+00
2.5140E+03	0.0000E+00	0.0000E+00	1.7224E+00
2.5150E+03	0.0000E+00	0.0000E+00	1.7408E+00
2.5160E+03	0.0000E+00	0.0000E+00	1.7447E+00
2.5170E+03	0.0000E+00	0.0000E+00	1.7367E+00
2.5180E+03	0.0000E+00	0.0000E+00	1.7386E+00
2.5190E+03	0.0000E+00	0.0000E+00	1.7419E+00
2.5200E+03	0.0000E+00	0.0000E+00	1.7506E+00
2.5210E+03	0.0000E+00	0.0000E+00	1.7537E+00
2.5220E+03	0.0000E+00	0.0000E+00	1.7527E+00
2.5230E+03	0.0000E+00	0.0000E+00	1.7539E+00
2.5240E+03	0.0000E+00	0.0000E+00	1.7473E+00
2.5250E+03	0.0000E+00	0.0000E+00	1.7428E+00
2.5260E+03	0.0000E+00	0.0000E+00	1.7404E+00
2.5270E+03	0.0000E+00	0.0000E+00	1.7370E+00
2.5280E+03	0.0000E+00	0.0000E+00	1.7323E+00
2.5290E+03	0.0000E+00	0.0000E+00	1.7295E+00
2.5300E+03	0.0000E+00	0.0000E+00	1.7259E+00
2.5310E+03	0.0000E+00	0.0000E+00	1.7238E+00
2.5320E+03	0.0000E+00	0.0000E+00	1.7200E+00
2.5330E+03	0.0000E+00	0.0000E+00	1.7152E+00
2.5340E+03	0.0000E+00	0.0000E+00	1.7094E+00
2.5350E+03	0.0000E+00	0.0000E+00	1.7055E+00
2.5360E+03	0.0000E+00	0.0000E+00	1.7004E+00
2.5370E+03	0.0000E+00	0.0000E+00	1.6964E+00
2.5380E+03	0.0000E+00	0.0000E+00	1.6929E+00
2.5390E+03	0.0000E+00	0.0000E+00	1.6901E+00
2.5400E+03	0.0000E+00	0.0000E+00	1.6886E+00
2.5410E+03	0.0000E+00	0.0000E+00	1.6956E+00
2.5420E+03	0.0000E+00	0.0000E+00	1.7040E+00
2.5430E+03	0.0000E+00	0.0000E+00	1.7143E+00
2.5440E+03	0.0000E+00	0.0000E+00	1.7267E+00
2.5450E+03	0.0000E+00	0.0000E+00	1.7320E+00
2.5460E+03	0.0000E+00	0.0000E+00	1.7394E+00
2.5470E+03	0.0000E+00	0.0000E+00	1.7361E+00
2.5480E+03	0.0000E+00	0.0000E+00	1.7352E+00
2.5490E+03	0.0000E+00	0.0000E+00	1.7310E+00
2.5500E+03	0.0000E+00	0.0000E+00	1.7280E+00
2.5510E+03	0.0000E+00	0.0000E+00	1.7253E+00
2.5520E+03	0.0000E+00	0.0000E+00	1.7239E+00
2.5530E+03	0.0000E+00	0.0000E+00	1.7158E+00
2.5540E+03	0.0000E+00	0.0000E+00	1.7132E+00
2.5550E+03	0.0000E+00	0.0000E+00	1.7084E+00
2.5560E+03	0.0000E+00	0.0000E+00	1.7035E+00
2.5570E+03	0.0000E+00	0.0000E+00	1.7002E+00
2.5580E+03	0.0000E+00	0.0000E+00	1.6947E+00
2.5590E+03	0.0000E+00	0.0000E+00	1.6891E+00
2.5600E+03	0.0000E+00	0.0000E+00	1.6875E+00
2.5610E+03	0.0000E+00	0.0000E+00	1.6810E+00
2.5620E+03	0.0000E+00	0.0000E+00	1.6796E+00
2.5630E+03	0.0000E+00	0.0000E+00	1.6782E+00
2.5640E+03	0.0000E+00	0.0000E+00	1.6842E+00
2.5650E+03	0.0000E+00	0.0000E+00	1.6862E+00
2.5660E+03	0.0000E+00	0.0000E+00	1.6934E+00
2.5670E+03	0.0000E+00	0.0000E+00	1.7038E+00
2.5680E+03	0.0000E+00	0.0000E+00	1.7069E+00
2.5690E+03	0.0000E+00	0.0000E+00	1.7095E+00
2.5700E+03	0.0000E+00	0.0000E+00	1.7104E+00
2.5710E+03	0.0000E+00	0.0000E+00	1.7077E+00
2.5720E+03	0.0000E+00	0.0000E+00	1.7071E+00
2.5730E+03	0.0000E+00	0.0000E+00	1.7052E+00
2.5740E+03	0.0000E+00	0.0000E+00	1.7013E+00
2.5750E+03	0.0000E+00	0.0000E+00	1.6942E+00
2.5760E+03	0.0000E+00	0.0000E+00	1.6943E+00
2.5770E+03	0.0000E+00	0.0000E+00	1.6930E+00
2.5780E+03	0.0000E+00	0.0000E+00	1.6884E+00
2.5790E+03	0.0000E+00	0.0000E+00	1.6865E+00
2.5800E+03	0.0000E+00	0.0000E+00	1.6849E+00
2.5810E+03	0.0000E+00	0.0000E+00	1.6815E+00
2.5820E+03	0.0000E+00	0.0000E+00	1.6757E+00
2.5830E+03	0.0000E+00	0.0000E+00	1.6736E+00
2.5840E+03	0.0000E+00	0.0000E+00	1.6738E+00
2.5850E+03	0.0000E+00	0.0000E+00	1.6760E+00
2.5860E+03	0.0000E+00	0.0000E+00	1.6924E+00
2.5870E+03	0.0000E+00	0.0000E+00	1.7096E+00
2.5880E+03	0.0000E+00	0.0000E+00	1.7171E+00
2.5890E+03	0.0000E+00	0.0000E+00	1.7269E+00
2.5900E+03	0.0000E+00	0.0000E+00	1.7502E+00
2.5910E+03	0.0000E+00	0.0000E+00	1.7774E+00
2.5920E+03	0.0000E+00	0.0000E+00	1.7889E+00
2.5930E+03	0.0000E+00	0.0000E+00	1.7905E+00
2.5940E+03	0.0000E+00	0.0000E+00	1.7939E+00
2.5950E+03	0.0000E+00	0.0000E+00	1.7882E+00
2.5960E+03	0.0000E+00	0.0000E+00	1.7820E+00
2.5970E+03	0.0000E+00	0.0000E+00	1.7742E+00
2.5980E+03	0.0000E+00	0.0000E+00	1.7640E+00
2.5990E+03	0.0000E+00	0.0000E+00	1.7574E+00
2.6000E+03	0.0000E+00	0.0000E+00	1.7526E+00
2.6010E+03	0.0000E+00	0.0000E+00	1.7431E+00
2.6020E+03	0.0000E+00	0.0000E+00	1.7392E+00
2.6030E+03	0.0000E+00	0.0000E+00	1.7318E+00
2.6040E+03	0.0000E+00	0.0000E+00	1.7250E+00
2.6050E+03	0.0000E+00	0.0000E+00	1.7182E+00
2.6060E+03	0.0000E+00	0.0000E+00	1.7147E+00
2.6070E+03	0.0000E+00	0.0000E+00	1.7040E+00
2.6080E+03	0.0000E+00	0.0000E+00	1.6961E+00
2.6090E+03	0.0000E+00	0.0000E+00	1.6945E+00
2.6100E+03	0.0000E+00	0.0000E+00	1.6882E+00
2.6110E+03	0.0000E+00	0.0000E+00	1.6879E+00
2.6120E+03	0.0000E+00	0.0000E+00	1.6911E+00
2.6130E+03	0.0000E+00	0.0000E+00	1.6994E+00
2.6140E+03	0.0000E+00	0.0000E+00	1.7096E+00
2.6150E+03	0.0000E+00	0.0000E+00	1.7221E+00
2.6160E+03	0.0000E+00	0.0000E+00	1.7291E+00
2.6170E+03	0.0000E+00	0.0000E+00	1.7296E+00
2.6180E+03	0.0000E+00	0.0000E+00	1.7308E+00
2.6190E+03	0.0000E+00	0.0000E+00	1.7314E+00
2.6200E+03	0.0000E+00	0.0000E+00	1.7200E+00
2.6210E+03	0.0000E+00	0.0000E+00	1.7227E+00
2.6220E+03	0.0000E+00	0.0000E+00	1.7130E+00
2.6230E+03	0.0000E+00	0.0000E+00	1.7088E+00
2.6240E+03	0.0000E+00	0.0000E+00	1.7060E+00
2.6250E+03	0.0000E+00	0.0000E+00	1.7039E+00
2.6260E+03	0.0000E+00	0.0000E+00	1.6977E+00
2.6270E+03	0.0000E+00	0.0000E+00	1.6913E+00
2.6280E+03	0.0000E+00	0.0000E+00	1.6872E+00
2.6290E+03	0.0000E+00	0.0000E+00	1.6777E+00
2.6300E+03	0.0000E+00	0.0000E+00	1.6749E+00
2.6310E+03	0.0000E+00	0.0000E+00	1.6685E+00
2.6320E+03	0.0000E+00	0.0000E+00	1.6648E+00
2.6330E+03	0.0000E+00	0.0000E+00	1.6597E+00
2.6340E+03	0.0000E+00	0.0000E+00	1.6557E+00
2.6350E+03	0.0000E+00	0.0000E+00	1.6552E+00
2.6360E+03	0.0000E+00	0.0000E+00	1.6571E+00
2.6370E+03	0.0000E+00	0.0000E+00	1.6581E+00
2.6380E+03	0.0000E+00	0.0000E+00	1.6620E+00
2.6390E+03	0.0000E+00	0.0000E+00	1.6685E+00
2.6400E+03	0.0000E+00	0.0000E+00	1.6750E+00
2.6410E+03	0.0000E+00	0.0000E+00	1.6843E+00
2.6420E+03	0.0000E+00	0.0000E+00	1.6851E+00
2.6430E+03	0.0000E+00	0.0000E+00	1.6844E+00
2.6440E+03	0.0000E+00	0.0000E+00	1.6835E+00
2.6450E+03	0.0000E+00	0.0000E+00	1.6810E+00
2.6460E+03	0.0000E+00	0.0000E+00	1.6791E+00
2.6470E+03	0.0000E+00	0.0000E+00	1.6729E+00
2.6480E+03	0.0000E+00	0.0000E+00	1.6753E+00
2.6490E+03	0.0000E+00	0.0000E+00	1.6698E+00
2.6500E+03	0.0000E+00	0.0000E+00	1.6681E+00
2.6510E+03	0.0000E+00	0.0000E+00	1.6656E+00
2.6520E+03	0.0000E+00	0.0000E+00	1.6607E+00
2.6530E+03	0.0000E+00	0.0000E+00	1.6583E+00
2.6540E+03	0.0000E+00	0.0000E+00	1.6522E+00
2.6550E+03	0.0000E+00	0.0000E+00	1.6507E+00
2.6560E+03	0.0000E+00	0.0000E+00	1.6460E+00
2.6570E+03	0.0000E+00	0.0000E+00	1.6441E+00
2.6580E+03	0.0000E+00	0.0000E+00	1.6414E+00
2.6590E+03	0.0000E+00	0.0000E+00	1.6393E+00
2.6600E+03	0.0000E+00	0.0000E+00	1.6392E+00
2.6610E+03	0.0000E+00	0.0000E+00	1.6443E+00
2.6620E+03	0.0000E+00	0.0000E+00	1.6496E+00
2.6630E+03	0.0000E+00	0.0000E+00	1.6562E+00
2.6640E+03	0.0000E+00	0.0000E+00	1.6666E+00
2.6650E+03	0.0000E+00	0.0000E+00	1.6735E+00
2.6660E+03	0.0000E+00	0.0000E+00	1.6747E+00
2.6670E+03	0.0000E+00	0.0000E+00	1.6796E+00
2.6680E+03	0.0000E+00	0.0000E+00	1.6793E+00
2.6690E+03	0.0000E+00	0.0000E+00	1.6737E+00
2.6700E+03	0.0000E+00	0.0000E+00	1.6707E+00
2.6710E+03	0.0000E+00	0.0000E+00	1.6698E+00
2.6720E+03	0.0000E+00	0.0000E+00	1.6678E+00
2.6730E+03	0.0000E+00	0.0000E+00	1.6663E+00
2.6740E+03	0.0000E+00	0.0000E+00	1.6544E+00
2.6750E+03	0.0000E+00	0.0000E+00	1.6490E+00
2.6760E+03	0.0000E+00	0.0000E+00	1.6500E+00
2.6770E+03	0.0000E+00	0.0000E+00	1.6419E+00
2.6780E+03	0.0000E+00	0.0000E+00	1.6442E+00
2.6790E+03	0.0000E+00	0.0000E+00	1.6389E+00
2.6800E+03	0.0000E+00	0.0000E+00	1.6356E+00
2.6810E+03	0.0000E+00	0.0000E+00	1.6315E+00
2.6820E+03	0.0000E+00	0.0000E+00	1.6309E+00
2.6830E+03	0.0000E+00	0.0000E+00	1.6308E+00
2.6840E+03	0.0000E+00	0.0000E+00	1.6289E+00
2.6850E+03	0.0000E+00	0.0000E+00	1.6260E+00
2.6860E+03	0.0000E+00	0.0000E+00	1.6319E+00
2.6870E+03	0.0000E+00	0.0000E+00	1.6417E+00
2.6880E+03	0.0000E+00	0.0000E+00	1.6471E+00
2.6890E+03	0.0000E+00	0.0000E+00	1.6537E+00
2.6900E+03	0.0000E+00	0.0000E+00	1.6651E+00
2.6910E+03	0.0000E+00	0.0000E+00	1.6708E+00
2.6920E+03	0.0000E+00	0.0000E+00	1.6695E+00
2.6930E+03	0.0000E+00	0.0000E+00	1.6665E+00
2.6940E+03	0.0000E+00	0.0000E+00	1.6655E+00
2.6950E+03	0.0000E+00	0.0000E+00	1.6647E+00
2.6960E+03	0.0000E+00	0.0000E+00	1.6602E+00
2.6970E+03	0.0000E+00	0.0000E+00	1.6598E+00
2.6980E+03	0.0000E+00	0.0000E+00	1.6621E+00
2.6990E+03	0.0000E+00	0.0000E+00	1.6635E+00
2.7000E+03	0.0000E+00	0.0000E+00	1.6629E+00
2.7010E+03	0.0000E+00	0.0000E+00	1.6575E+00
2.7020E+03	0.0000E+00	0.0000E+00	1.6540E+00
2.7030E+03	0.0000E+00	0.0000E+00	1.6538E+00
2.7040E+03	0.0000E+00	0.0000E+00	1.6463E+00
2.7050E+03	0.0000E+00	0.0000E+00	1.6471E+00
2.7060E+03	0.0000E+00	0.0000E+00	1.6412E+00
2.7070E+03	0.0000E+00	0.0000E+00	1.6404E+00
2.7080E+03	0.0000E+00	0.0000E+00	1.6386E+00
2.7090E+03	0.0000E+00	0.0000E+00	1.6431E+00
2.7100E+03	0.0000E+00	0.0000E+00	1.6492E+00
2.7110E+03	0.0000E+00	0.0000E+00	1.6601E+00
2.7120E+03	0.0000E+00	0.0000E+00	1.6693E+00
2.7130E+03	0.0000E+00	0.0000E+00	1.6745E+00
2.7140E+03	0.0000E+00	0.0000E+00	1.6743E+00
2.7150E+03	0.0000E+00	0.0000E+00	1.6758E+00
2.7160E+03	0.0000E+00	0.0000E+00	1.6777E+00
2.7170E+03	0.0000E+00	0.0000E+00	1.6808E+00
2.7180E+03	0.0000E+00	0.0000E+00	1.6734E+00
2.7190E+03	0.0000E+00	0.0000E+00	1.6742E+00
2.7200E+03	0.0000E+00	0.0000E+00	1.6709E+00
2.7210E+03	0.0000E+00	0.0000E+00	1.6686E+00
2.7220E+03	0.0000E+00	0.0000E+00	1.6647E+00
2.7230E+03	0.0000E+00	0.0000E+00	1.6616E+00
2.7240E+03	0.0000E+00	0.0000E+00	1.6617E+00
2.7250E+03	0.0000E+00	0.0000E+00	1.6592E+00
2.7260E+03	0.0000E+00	0.0000E+00	1.6509E+00
2.7270E+03	0.0000E+00	0.0000E+00	1.6477E+00
2.7280E+03	0.0000E+00	0.0000E+00	1.6458E+00
2.7290E+03	0.0000E+00	0.0000E+00	1.6431E+00
2.7300E+03	0.0000E+00	0.0000E+00	1.6418E+00
2.7310E+03	0.0000E+00	0.0000E+00	1.6378E+00
2.7320E+03	0.0000E+00	0.0000E+00	1.6376E+00
2.7330E+03	0.0000E+00	0.0000E+00	1.6381E+00
2.7340E+03	0.0000E+00	0.0000E+00	1.6419E+00
2.7350E+03	0.0000E+00	0.0000E+00	1.6460E+00
2.7360E+03	0.0000E+00	0.0000E+00	1.6530E+00
2.7370E+03	0.0000E+00	0.0000E+00	1.6583E+00
2.7380E+03	0.0000E+00	0.0000E+00	1.6662E+00
2.7390E+03	0.0000E+00	0.0000E+00	1.6683E+00
2.7400E+03	0.0000E+00	0.0000E+00	1.6678E+00
2.7410E+03	0.0000E+00	0.0000E+00	1.6710E+00
2.7420E+03	0.0000E+00	0.0000E+00	1.6720E+00
2.7430E+03	0.0000E+00	0.0000E+00	1.6696E+00
2.7440E+03	0.0000E+00	0.0000E+00	1.6658E+00
2.7450E+03	0.0000E+00	0.0000E+00	1.6635E+00
2.7460E+03	0.0000E+00	0.0000E+00	1.6608E+00
2.7470E+03	0.0000E+00	0.0000E+00	1.6602E+00
2.7480E+03	0.0000E+00	0.0000E+00	1.6618E+00
2.7490E+03	0.0000E+00	0.0000E+00	1.6669E+00
2.7500E+03	0.0000E+00	0.0000E+00	1.6653E+00
2.7510E+03	0.0000E+00	0.0000E+00	1.6661E+00
2.7520E+03	0.0000E+00	0.0000E+00	1.6647E+00
2.7530E+03	0.0000E+00	0.0000E+00	1.6679E+00
2.7540E+03	0.0000E+00	0.0000E+00	1.6776E+00
2.7550E+03	0.0000E+00	0.0000E+00	1.6809E+00
2.7560E+03	0.0000E+00	0.0000E+00	1.6797E+00
2.7570E+03	0.0000E+00	0.0000E+00	1.6778E+00
2.7580E+03	0.0000E+00	0.0000E+00	1.6758E+00
2.7590E+03	0.0000E+00	0.0000E+00	1.6752E+00
2.7600E+03	0.0000E+00	0.0000E+00	1.6799E+00
2.7610E+03	0.0000E+00	0.0000E+00	1.6797E+00
2.7620E+03	0.0000E+00	0.0000E+00	1.6792E+00
2.7630E+03	0.0000E+00	0.0000E+00	1.6766E+00
2.7640E+03	0.0000E+00	0.0000E+00	1.6725E+00
2.7650E+03	0.0000E+00	0.0000E+00	1.6758E+00
2.7660E+03	0.0000E+00	0.0000E+00	1.6754E+00
2.7670E+03	0.0000E+00	0.0000E+00	1.6759E+00
2.7680E+03	0.0000E+00	0.0000E+00	1.6679E+00
2.7690E+03	0.0000E+00	0.0000E+00	1.6653E+00
2.7700E+03	0.0000E+00	0.0000E+00	1.6617E+00
2.7710E+03	0.0000E+00	0.0000E+00	1.6603E+00
2.7720E+03	0.0000E+00	0.0000E+00	1.6560E+00
2.7730E+03	0.0000E+00	0.0000E+00	1.6530E+00
2.7740E+03	0.0000E+00	0.0000E+00	1.6486E+00
2.7750E+03	0.0000E+00	0.0000E+00	1.6442E+00
2.7760E+03	0.0000E+00	0.0000E+00	1.6392E+00
2.7770E+03	0.0000E+00	0.0000E+00	1.6346E+00
2.7780E+03	0.0000E+00	0.0000E+00	1.6324E+00
2.7790E+03	0.0000E+00	0.0000E+00	1.6274E+00
2.7800E+03	0.0000E+00	0.0000E+00	1.6253E+00
2.7810E+03	0.0000E+00	0.0000E+00	1.6247E+00
2.7820E+03	0.0000E+00	0.0000E+00	1.6260E+00
2.7830E+03	0.0000E+00	0.0000E+00	1.6331E+00
2.7840E+03	0.0000E+00	0.0000E+00	1.6362E+00
2.7850E+03	0.0000E+00	0.0000E+00	1.6427E+00
2.7860E+03	0.0000E+00	0.0000E+00	1.6460E+00
2.7870E+03	0.0000E+00	0.0000E+00	1.6484E+00
2.7880E+03	0.0000E+00	0.0000E+00	1.6465E+00
2.7890E+03	0.0000E+00	0.0000E+00	1.6456E+00
2.7900E+03	0.0000E+00	0.0000E+00	1.6442E+00
2.7910E+03	0.0000E+00	0.0000E+00	1.6391E+00
2.7920E+03	0.0000E+00	0.0000E+00	1.6409E+00
2.7930E+03	0.0000E+00	0.0000E+00	1.6385E+00
2.7940E+03	0.0000E+00	0.0000E+00	1.6366E+00
2.7950E+03	0.0000E+00	0.0000E+00	1.6335E+00
2.7960E+03	0.0000E+00	0.0000E+00	1.6341E+00
2.7970E+03	0.0000E+00	0.0000E+00	1.6288E+00
2.7980E+03	0.0000E+00	0.0000E+00	1.6280E+00
2.7990E+03	0.0000E+00	0.0000E+00	1.6244E+00
2.8000E+03	0.0000E+00	0.0000E+00	1.6231E+00
2.8010E+03	0.0000E+00	0.0000E+00	1.6163E+00
2.8020E+03	0.0000E+00	0.0000E+00	1.6111E+00
2.8030E+03	0.0000E+00	0.0000E+00	1.6100E+00
2.8040E+03	0.0000E+00	0.0000E+00	1.6039E+00
2.8050E+03	0.0000E+00	0.0000E+00	1.6018E+00
2.8060E+03	0.0000E+00	0.0000E+00	1.6035E+00
2.8070E+03	0.0000E+00	0.0000E+00	1.6085E+00
2.8080E+03	0.0000E+00	0.0000E+00	1.6123E+00
2.8090E+03	0.0000E+00	0.0000E+00	1.6168E+00
2.8100E+03	0.0000E+00	0.0000E+00	1.6208E+00
2.8110E+03	0.0000E+00	0.0000E+00	1.6212E+00
2.8120E+03	0.0000E+00	0.0000E+00	1.6213E+00
2.8130E+03	0.0000E+00	0.0000E+00	1.6208E+00
2.8140E+03	0.0000E+00	0.0000E+00	1.6221E+00
2.8150E+03	0.0000E+00	0.0000E+00	1.6194E+00
2.8160E+03	0.0000E+00	0.0000E+00	1.6210E+00
2.8170E+03	0.0000E+00	0.0000E+00	1.6205E+00
2.8180E+03	0.0000E+00	0.0000E+00	1.6188E+00
2.8190E+03	0.0000E+00	0.0000E+00	1.6163E+00
2.8200E+03	0.0000E+00	0.0000E+00	1.6155E+00
2.8210E+03	0.0000E+00	0.0000E+00	1.6146E+00
2.8220E+03	0.0000E+00	0.0000E+00	1.6104E+00
2.8230E+03	0.0000E+00	0.0000E+00	1.6061E+00
2.8240E+03	0.0000E+00	0.0000E+00	1.6034E+00
2.8250E+03	0.0000E+00	0.0000E+00	1.6007E+00
2.8260E+03	0.0000E+00	0.0000E+00	1.5977E+00
2.8270E+03	0.0000E+00	0.0000E+00	1.5952E+00
2.8280E+03	0.0000E+00	0.0000E+00	1.5915E+00
2.8290E+03	0.0000E+00	0.0000E+00	1.5914E+00
2.8300E+03	0.0000E+00	0.0000E+00	1.5909E+00
2.8310E+03	0.0000E+00	0.0000E+00	1.5929E+00
2.8320E+03	0.0000E+00	0.0000E+00	1.5945E+00
2.8330E+03	0.0000E+00	0.0000E+00	1.5950E+00
2.8340E+03	0.0000E+00	0.0000E+00	1.5968E+00
2.8350E+03	0.0000E+00	0.0000E+00	1.6038E+00
2.8360E+03	0.0000E+00	0.0000E+00	1.6073E+00
2.8370E+03	0.0000E+00	0.0000E+00	1.6051E+00
2.8380E+03	0.0000E+00	0.0000E+00	1.6039E+00
2.8390E+03	0.0000E+00	0.0000E+00	1.6040E+00
2.8400E+03	0.0000E+00	0.0000E+00	1.6029E+00
2.8410E+03	0.0000E+00	0.0000E+00	1.6045E+00
2.8420E+03	0.0000E+00	0.0000E+00	1.6059E+00
2.8430E+03	0.0000E+00	0.0000E+00	1.6046E+00
2.8440E+03	0.0000E+00	0.0000E+00	1.6028E+00
2.8450E+03	0.0000E+00	0.0000E+00	1.6006E+00
2.8460E+03	0.0000E+00	0.0000E+00	1.5966E+00
2.8470E+03	0.0000E+00	0.0000E+00	1.5934E+00
2.8480E+03	0.0000E+00	0.0000E+00	1.5906E+00
2.8490E+03	0.0000E+00	0.0000E+00	1.5875E+00
2.8500E+03	0.0000E+00	0.0000E+00	1.5861E+00
2.8510E+03	0.0000E+00	0.0000E+00	1.5851E+00
2.8520E+03	0.0000E+00	0.0000E+00	1.5801E+00
2.8530E+03	0.0000E+00	0.0000E+00	1.5794E+00
2.8540E+03	0.0000E+00	0.0000E+00	1.5803E+00
2.8550E+03	0.0000E+00	0.0000E+00	1.5829E+00
2.8560E+03	0.0000E+00	0.0000E+00	1.5860E+00
2.8570E+03	0.0000E+00	0.0000E+00	1.5916E+00
2.8580E+03	0.0000E+00	0.0000E+00	1.5957E+00
2.8590E+03	0.0000E+00	0.0000E+00	1.6005E+00
2.8600E+03	0.0000E+00	0.0000E+00	1.6032E+00
2.8610E+03	0.0000E+00	0.0000E+00	1.6040E+00
2.8620E+03	0.0000E+00	0.0000E+00	1.6006E+00
2.8630E+03	0.0000E+00	0.0000E+00	1.5991E+00
2.8640E+03	0.0000E+00	0.0000E+00	1.5980E+00
2.8650E+03	0.0000E+00	0.0000E+00	1.5979E+00
2.8660E+03	0.0000E+00	0.0000E+00	1.5961E+00
2.8670E+03	0.0000E+00	0.0000E+00	1.5979E+00
2.8680E+03	0.0000E+00	0.0000E+00	1.5927E+00
2.8690E+03	0.0000E+00	0.0000E+00	1.5906E+00
2.8700E+03	0.0000E+00	0.0000E+00	1.5892E+00
2.8710E+03	0.0000E+00	0.0000E+00	1.5881E+00
2.8720E+03	0.0000E+00	0.0000E+00	1.5836E+00
2.8730E+03	0.0000E+00	0.0000E+00	1.5799E+00
2.8740E+03	0.0000E+00	0.0000E+00	1.5779E+00
2.8750E+03	0.0000E+00	0.0000E+00	1.5757E+00
2.8760E+03	0.0000E+00	0.0000E+00	1.5757E+00
2.8770E+03	0.0000E+00	0.0000E+00	1.5761E+00
2.8780E+03	0.0000E+00	0.0000E+00	1.5748E+00
2.8790E+03	0.0000E+00	0.0000E+00	1.5766E+00
2.8800E+03	0.0000E+00	0.0000E+00	1.5803E+00
2.8810E+03	0.0000E+00	0.0000E+00	1.5845E+00
2.8820E+03	0.0000E+00	0.0000E+00	1.5908E+00
2.8830E+03	0.0000E+00	0.0000E+00	1.5926E+00
2.8840E+03	0.0000E+00	0.0000E+00	1.5929E+00
2.8850E+03	0.0000E+00	0.0000E+00	1.5924E+00
2.8860E+03	0.0000E+00	0.0000E+00	1.5926E+00
2.8870E+03	0.0000E+00	0.0000E+00	1.5896E+00
2.8880E+03	0.0000E+00	0.0000E+00	1.5911E+00
2.8890E+03	0.0000E+00	0.0000E+00	1.5897E+00
2.8900E+03	0.0000E+00	0.0000E+00	1.5896E+00
2.8910E+03	0.0000E+00	0.0000E+00	1.5898E+00
2.8920E+03	0.0000E+00	0.0000E+00	1.5875E+00
2.8930E+03	0.0000E+00	0.0000E+00	1.5868E+00
2.8940E+03	0.0000E+00	0.0000E+00	1.5846E+00
2.8950E+03	0.0000E+00	0.0000E+00	1.5794E+00
2.8960E+03	0.0000E+00	0.0000E+00	1.5768E+00
2.8970E+03	0.0000E+00	0.0000E+00	1.5721E+00
2.8980E+03	0.0000E+00	0.0000E+00	1.5707E+00
2.8990E+03	0.0000E+00	0.0000E+00	1.5703E+00
2.9000E+03	0.0000E+00	0.0000E+00	1.5681E+00
2.9010E+03	0.0000E+00	0.0000E+00	1.5660E+00
2.9020E+03	0.0000E+00	0.0000E+00	1.5658E+00
2.9030E+03	0.0000E+00	0.0000E+00	1.5665E+00
2.9040E+03	0.0000E+00	0.0000E+00	1.5671E+00
2.9050E+03	0.0000E+00	0.0000E+00	1.5714E+00
2.9060E+03	0.0000E+00	0.0000E+00	1.5713E+00
2.9070E+03	0.0000E+00	0.0000E+00	1.5764E+00
2.9080E+03	0.0000E+00	0.0000E+00	1.5822E+00
2.9090E+03	0.0000E+00	0.0000E+00	1.5817E+00
2.9100E+03	0.0000E+00	0.0000E+00	1.5814E+00
2.9110E+03	0.0000E+00	0.0000E+00	1.5818E+00
2.9120E+03	0.0000E+00	0.0000E+00	1.5833E+00
2.9130E+03	0.0000E+00	0.0000E+00	1.5811E+00
2.9140E+03	0.0000E+00	0.0000E+00	1.5792E+00
2.9150E+03	0.0000E+00	0.0000E+00	1.5774E+00
2.9160E+03	0.0000E+00	0.0000E+00	1.5771E+00
2.9170E+03	0.0000E+00	0.0000E+00	1.5764E+00
2.9180E+03	0.0000E+00	0.0000E+00	1.5743E+00
2.9190E+03	0.0000E+00	0.0000E+00	1.5730E+00
2.9200E+03	0.0000E+00	0.0000E+00	1.5684E+00
2.9210E+03	0.0000E+00	0.0000E+00	1.5407E+00
2.9220E+03	0.0000E+00	0.0000E+00	1.5293E+00
2.9230E+03	0.0000E+00	0.0000E+00	1.5250E+00
2.9240E+03	0.0000E+00	0.0000E+00	1.5215E+00
2.9250E+03	0.0000E+00	0.0000E+00	1.5201E+00
2.9260E+03	0.0000E+00	0.0000E+00	1.5185E+00
2.9270E+03	0.0000E+00	0.0000E+00	1.5193E+00
2.9280E+03	0.0000E+00	0.0000E+00	1.5226E+00
2.9290E+03	0.0000E+00	0.0000E+00	1.5265E+00
2.9300E+03	0.0000E+00	0.0000E+00	1.5312E+00
2.9310E+03	0.0000E+00	0.0000E+00	1.5366E+00
2.9320E+03	0.0000E+00	0.0000E+00	1.5395E+00
2.9330E+03	0.0000E+00	0.0000E+00	1.5420E+00
2.9340E+03	0.0000E+00	0.0000E+00	1.5385E+00
2.9350E+03	0.0000E+00	0.0000E+00	1.5393E+00
2.9360E+03	0.0000E+00	0.0000E+00	1.5394E+00
2.9370E+03	0.0000E+00	0.0000E+00	1.5392E+00
2.9380E+03	0.0000E+00	0.0000E+00	1.5361E+00
2.9390E+03	0.0000E+00	0.0000E+00	1.5364E+00
2.9400E+03	0.0000E+00	0.0000E+00	1.5367E+00
2.9410E+03	0.0000E+00	0.0000E+00	1.5323E+00
2.9420E+03	0.0000E+00	0.0000E+00	1.5262E+00
2.9430E+03	0.0000E+00	0.0000E+00	1.5255E+00
2.9440E+03	0.0000E+00	0.0000E+00	1.5231E+00
2.9450E+03	0.0000E+00	0.0000E+00	1.5209E+00
2.9460E+03	0.0000E+00	0.0000E+00	1.5186E+00
2.9470E+03	0.0000E+00	0.0000E+00	1.5182E+00
2.9480E+03	0.0000E+00	0.0000E+00	1.5145E+00
2.9490E+03	0.0000E+00	0.0000E+00	1.5135E+00
2.9500E+03	0.0000E+00	0.0000E+00	1.5137E+00
2.9510E+03	0.0000E+00	0.0000E+00	1.5149E+00
2.9520E+03	0.0000E+00	0.0000E+00	1.5160E+00
2.9530E+03	0.0000E+00	0.0000E+00	1.5221E+00
2.9540E+03	0.0000E+00	0.0000E+00	1.5256E+00
2.9550E+03	0.0000E+00	0.0000E+00	1.5285E+00
2.9560E+03	0.0000E+00	0.0000E+00	1.5283E+00
2.9570E+03	0.0000E+00	0.0000E+00	1.5303E+00
2.9580E+03	0.0000E+00	0.0000E+00	1.5307E+00
2.9590E+03	0.0000E+00	0.0000E+00	1.5319E+00
2.9600E+03	0.0000E+00	0.0000E+00	1.5318E+00
2.9610E+03	0.0000E+00	0.0000E+00	1.5308E+00
2.9620E+03	0.0000E+00	0.0000E+00	1.5302E+00
2.9630E+03	0.0000E+00	0.0000E+00	1.5310E+00
2.9640E+03	0.0000E+00	0.0000E+00	1.5272E+00
2.9650E+03	0.0000E+00	0.0000E+00	1.5258E+00
2.9660E+03	0.0000E+00	0.0000E+00	1.5218E+00
2.9670E+03	0.0000E+00	0.0000E+00	1.5183E+00
2.9680E+03	0.0000E+00	0.0000E+00	1.5165E+00
2.9690E+03	0.0000E+00	0.0000E+00	1.5155E+00
2.9700E+03	0.0000E+00	0.0000E+00	1.5155E+00
2.9710E+03	0.0000E+00	0.0000E+00	1.5131E+00
2.9720E+03	0.0000E+00	0.0000E+00	1.5105E+00
2.9730E+03	0.0000E+00	0.0000E+00	1.5074E+00
2.9740E+03	0.0000E+00	0.0000E+00	1.5036E+00
2.9750E+03	0.0000E+00	0.0000E+00	1.5059E+00
2.9760E+03	0.0000E+00	0.0000E+00	1.5060E+00
2.9770E+03	0.0000E+00	0.0000E+00	1.5099E+00
2.9780E+03	0.0000E+00	0.0000E+00	1.5163E+00
2.9790E+03	0.0000E+00	0.0000E+00	1.5223E+00
2.9800E+03	0.0000E+00	0.0000E+00	1.5259E+00
2.9810E+03	0.0000E+00	0.0000E+00	1.5267E+00
2.9820E+03	0.0000E+00	0.0000E+00	1.5263E+00
2.9830E+03	0.0000E+00	0.0000E+00	1.5271E+00
2.9840E+03	0.0000E+00	0.0000E+00	1.5279E+00
2.9850E+03	0.0000E+00	0.0000E+00	1.5284E+00
2.9860E+03	0.0000E+00	0.0000E+00	1.5262E+00
2.9870E+03	0.0000E+00	0.0000E+00	1.5225E+00
2.9880E+03	0.0000E+00	0.0000E+00	1.5204E+00
2.9890E+03	0.0000E+00	0.0000E+00	1.5193E+00
2.9900E+03	0.0000E+00	0.0000E+00	1.5193E+00
2.9910E+03	0.0000E+00	0.0000E+00	1.5179E+00
2.9920E+03	0.0000E+00	0.0000E+00	1.5161E+00
2.9930E+03	0.0000E+00	0.0000E+00	1.5158E+00
2.9940E+03	0.0000E+00	0.0000E+00	1.5131E+00
2.9950E+03	0.0000E+00	0.0000E+00	1.5123E+00
2.9960E+03	0.0000E+00	0.0000E+00	1.5104E+00
2.9970E+03	0.0000E+00	0.0000E+00	1.5090E+00
2.9980E+03	0.0000E+00	0.0000E+00	1.5069E+00
2.9990E+03	0.0000E+00	0.0000E+00	1.5058E+00
3.0000E+03	0.0000E+00	0.0000E+00	1.5053E+00
3.0010E+03	0.0000E+00	0.0000E+00	1.5062E+00
3.0020E+03	0.0000E+00	0.0000E+00	1.5087E+00
3.0030E+03	0.0000E+00	0.0000E+00	1.5100E+00
3.0040E+03	0.0000E+00	0.0000E+00	1.5117E+00
3.0050E+03	0.0000E+00	0.0000E+00	1.5146E+00
3.0060E+03	0.0000E+00	0.0000E+00	1.5175E+00
3.0070E+03	0.0000E+00	0.0000E+00	1.5175E+00
3.0080E+03	0.0000E+00	0.0000E+00	1.5182E+00
3.0090E+03	0.0000E+00	0.0000E+00	1.5176E+00
3.0100E+03	0.0000E+00	0.0000E+00	1.5179E+00
3.0110E+03	0.0000E+00	0.0000E+00	1.5180E+00
3.0120E+03	0.0000E+00	0.0000E+00	1.5167E+00
3.0130E+03	0.0000E+00	0.0000E+00	1.5163E+00
3.0140E+03	0.0000E+00	0.0000E+00	1.5120E+00
3.0150E+03	0.0000E+00	0.0000E+00	1.5081E+00
3.0160E+03	0.0000E+00	0.0000E+00	1.5060E+00
3.0170E+03	0.0000E+00	0.0000E+00	1.5075E+00
3.0180E+03	0.0000E+00	0.0000E+00	1.5064E+00
3.0190E+03	0.0000E+00	0.0000E+00	1.5056E+00
3.0200E+03	0.0000E+00	0.0000E+00	1.5018E+00
3.0210E+03	0.0000E+00	0.0000E+00	1.5011E+00
3.0220E+03	0.0000E+00	0.0000E+00	1.4988E+00
3.0230E+03	0.0000E+00	0.0000E+00	1.5000E+00
3.0240E+03	0.0000E+00	0.0000E+00	1.5011E+00
3.0250E+03	0.0000E+00	0.0000E+00	1.5049E+00
3.0260E+03	0.0000E+00	0.0000E+00	1.5080E+00
3.0270E+03	0.0000E+00	0.0000E+00	1.5111E+00
3.0280E+03	0.0000E+00	0.0000E+00	1.5138E+00
3.0290E+03	0.0000E+00	0.0000E+00	1.5161E+00
3.0300E+03	0.0000E+00	0.0000E+00	1.5146E+00
3.0310E+03	0.0000E+00	0.0000E+00	1.5138E+00
3.0320E+03	0.0000E+00	0.0000E+00	1.5129E+00
3.0330E+03	0.0000E+00	0.0000E+00	1.5120E+00
3.0340E+03	0.0000E+00	0.0000E+00	1.5118E+00
3.0350E+03	0.0000E+00	0.0000E+00	1.5113E+00
3.0360E+03	0.0000E+00	0.0000E+00	1.5132E+00
3.0370E+03	0.0000E+00	0.0000E+00	1.5118E+00
3.0380E+03	0.0000E+00	0.0000E+00	1.5097E+00
3.0390E+03	0.0000E+00	0.0000E+00	1.5089E+00
3.0400E+03	0.0000E+00	0.0000E+00	1.5025E+00
3.0410E+03	0.0000E+00	0.0000E+00	1.5015E+00
3.0420E+03	0.0000E+00	0.0000E+00	1.5007E+00
3.0430E+03	0.0000E+00	0.0000E+00	1.4998E+00
3.0440E+03	0.0000E+00	0.0000E+00	1.4969E+00
3.0450E+03	0.0000E+00	0.0000E+00	1.4943E+00
3.0460E+03	0.0000E+00	0.0000E+00	1.4925E+00
3.0470E+03	0.0000E+00	0.0000E+00	1.4920E+00
3.0480E+03	0.0000E+00	0.0000E+00	1.4907E+00
3.0490E+03	0.0000E+00	0.0000E+00	1.4928E+00
3.0500E+03	0.0000E+00	0.0000E+00	1.4931E+00
3.0510E+03	0.0000E+00	0.0000E+00	1.4911E+00
3.0520E+03	0.0000E+00	0.0000E+00	1.4940E+00
3.0530E+03	0.0000E+00	0.0000E+00	1.4972E+00
3.0540E+03	0.0000E+00	0.0000E+00	1.4997E+00
3.0550E+03	0.0000E+00	0.0000E+00	1.5009E+00
3.0560E+03	0.0000E+00	0.0000E+00	1.5024E+00
3.0570E+03	0.0000E+00	0.0000E+00	1.5018E+00
3.0580E+03	0.0000E+00	0.0000E+00	1.5020E+00
3.0590E+03	0.0000E+00	0.0000E+00	1.5043E+00
3.0600E+03	0.0000E+00	0.0000E+00	1.5002E+00
3.0610E+03	0.0000E+00	0.0000E+00	1.5017E+00
3.0620E+03	0.0000E+00	0.0000E+00	1.5012E+00
3.0630E+03	0.0000E+00	0.0000E+00	1.4997E+00
3.0640E+03	0.0000E+00	0.0000E+00	1.4994E+00
3.0650E+03	0.0000E+00	0.0000E+00	1.4974E+00
3.0660E+03	0.0000E+00	0.0000E+00	1.4925E+00
3.0670E+03	0.0000E+00	0.0000E+00	1.4894E+00
3.0680E+03	0.0000E+00	0.0000E+00	1.4858E+00
3.0690E+03	0.0000E+00	0.0000E+00	1.4859E+00
3.0700E+03	0.0000E+00	0.0000E+00	1.4844E+00
3.0710E+03	0.0000E+00	0.0000E+00	1.4863E+00
3.0720E+03	0.0000E+00	0.0000E+00	1.4873E+00
3.0730E+03	0.0000E+00	0.0000E+00	1.4881E+00
3.0740E+03	0.0000E+00	0.0000E+00	1.4914E+00
3.0750E+03	0.0000E+00	0.0000E+00	1.4976E+00
3.0760E+03	0.0000E+00	0.0000E+00	1.5017E+00
3.0770E+03	0.0000E+00	0.0000E+00	1.5035E+00
3.0780E+03	0.0000E+00	0.0000E+00	1.5055E+00
3.0790E+03	0.0000E+00	0.0000E+00	1.5021E+00
3.0800E+03	0.0000E+00	0.0000E+00	1.5039E+00
3.0810E+03	0.0000E+00	0.0000E+00	1.5043E+00
3.0820E+03	0.0000E+00	0.0000E+00	1.5049E+00
3.0830E+03	0.0000E+00	0.0000E+00	1.5032E+00
3.0840E+03	0.0000E+00	0.0000E+00	1.5004E+00
3.0850E+03	0.0000E+00	0.0000E+00	1.4998E+00
3.0860E+03	0.0000E+00	0.0000E+00	1.4961E+00
3.0870E+03	0.0000E+00	0.0000E+00	1.4944E+00
3.0880E+03	0.0000E+00	0.0000E+00	1.4940E+00
3.0890E+03	0.0000E+00	0.0000E+00	1.4919E+00
3.0900E+03	0.0000E+00	0.0000E+00	1.4899E+00
3.0910E+03	0.0000E+00	0.0000E+00	1.4881E+00
3.0920E+03	0.0000E+00	0.0000E+00	1.4859E+00
3.0930E+03	0.0000E+00	0.0000E+00	1.4835E+00
3.0940E+03	0.0000E+00	0.0000E+00	1.4832E+00
3.0950E+03	0.0000E+00	0.0000E+00	1.4845E+00
3.0960E+03	0.0000E+00	0.0000E+00	1.4874E+00
3.0970E+03	0.0000E+00	0.0000E+00	1.4893E+00
3.0980E+03	0.0000E+00	0.0000E+00	1.4915E+00
3.0990E+03	0.0000E+00	0.0000E+00	1.4948E+00
3.1000E+03	0.0000E+00	0.0000E+00	1.4970E+00
3.1010E+03	0.0000E+00	0.0000E+00	1.5007E+00
3.1020E+03	0.0000E+00	0.0000E+00	1.5008E+00
3.1030E+03	0.0000E+00	0.0000E+00	1.5011E+00
3.1040E+03	0.0000E+00	0.0000E+00	1.5028E+00
3.1050E+03	0.0000E+00	0.0000E+00	1.5037E+00
3.1060E+03	0.0000E+00	0.0000E+00	1.5037E+00
3.1070E+03	0.0000E+00	0.0000E+00	1.5022E+00
3.1080E+03	0.0000E+00	0.0000E+00	1.5017E+00
3.1090E+03	0.0000E+00	0.0000E+00	1.4978E+00
3.1100E+03	0.0000E+00	0.0000E+00	1.4942E+00
3.1110E+03	0.0000E+00	0.0000E+00	1.4913E+00
3.1120E+03	0.0000E+00	0.0000E+00	1.4901E+00
3.1130E+03	0.0000E+00	0.0000E+00	1.4824E+00
3.1140E+03	0.0000E+00	0.0000E+00	1.4807E+00
3.1150E+03	0.0000E+00	0.0000E+00	1.4764E+00
3.1160E+03	0.0000E+00	0.0000E+00	1.4756E+00
3.1170E+03	0.0000E+00	0.0000E+00	1.4733E+00
3.1180E+03	0.0000E+00	0.0000E+00	1.4729E+00
3.1190E+03	0.0000E+00	0.0000E+00	1.4711E+00
3.1200E+03	0.0000E+00	0.0000E+00	1.4713E+00
3.1210E+03	0.0000E+00	0.0000E+00	1.4728E+00
3.1220E+03	0.0000E+00	0.0000E+00	1.4774E+00
3.1230E+03	0.0000E+00	0.0000E+00	1.4812E+00
3.1240E+03	0.0000E+00	0.0000E+00	1.4843E+00
3.1250E+03	0.0000E+00	0.0000E+00	1.4879E+00
3.1260E+03	0.0000E+00	0.0000E+00	1.4887E+00
3.1270E+03	0.0000E+00	0.0000E+00	1.4873E+00
3.1280E+03	0.0000E+00	0.0000E+00	1.4899E+00
3.1290E+03	0.0000E+00	0.0000E+00	1.4919E+00
3.1300E+03	0.0000E+00	0.0000E+00	1.4904E+00
3.1310E+03	0.0000E+00	0.0000E+00	1.4900E+00
3.1320E+03	0.0000E+00	0.0000E+00	1.4878E+00
3.1330E+03	0.0000E+00	0.0000E+00	1.4871E+00
3.1340E+03	0.0000E+00	0.0000E+00	1.4848E+00
3.1350E+03	0.0000E+00	0.0000E+00	1.4814E+00
3.1360E+03	0.0000E+00	0.0000E+00	1.4799E+00
3.1370E+03	0.0000E+00	0.0000E+00	1.4792E+00
3.1380E+03	0.0000E+00	0.0000E+00	1.4780E+00
3.1390E+03	0.0000E+00	0.0000E+00	1.4759E+00
3.1400E+03	0.0000E+00	0.0000E+00	1.4727E+00
3.1410E+03	0.0000E+00	0.0000E+00	1.4697E+00
3.1420E+03	0.0000E+00	0.0000E+00	1.4687E+00
3.1430E+03	0.0000E+00	0.0000E+00	1.4684E+00
3.1440E+03	0.0000E+00	0.0000E+00	1.4710E+00
3.1450E+03	0.0000E+00	0.0000E+00	1.4734E+00
3.1460E+03	0.0000E+00	0.0000E+00	1.4772E+00
3.1470E+03	0.0000E+00	0.0000E+00	1.4784E+00
3.1480E+03	0.0000E+00	0.0000E+00	1.4831E+00
3.1490E+03	0.0000E+00	0.0000E+00	1.4850E+00
3.1500E+03	0.0000E+00	0.0000E+00	1.4872E+00
3.1510E+03	0.0000E+00	0.0000E+00	1.4888E+00
3.1520E+03	0.0000E+00	0.0000E+00	1.4918E+00
3.1530E+03	0.0000E+00	0.0000E+00	1.4915E+00
3.1540E+03	0.0000E+00	0.0000E+00	1.4944E+00
3.1550E+03	0.0000E+00	0.0000E+00	1.4946E+00
3.1560E+03	0.0000E+00	0.0000E+00	1.4911E+00
3.1570E+03	0.0000E+00	0.0000E+00	1.4908E+00
3.1580E+03	0.0000E+00	0.0000E+00	1.4907E+00
3.1590E+03	0.0000E+00	0.0000E+00	1.4900E+00
3.1600E+03	0.0000E+00	0.0000E+00	1.4847E+00
3.1610E+03	0.0000E+00	0.0000E+00	1.4837E+00
3.1620E+03	0.0000E+00	0.0000E+00	1.4822E+00
3.1630E+03	0.0000E+00	0.0000E+00	1.4802E+00
3.1640E+03	0.0000E+00	0.0000E+00	1.4771E+00
3.1650E+03	0.0000E+00	0.0000E+00	1.4754E+00
3.1660E+03	0.0000E+00	0.0000E+00	1.4730E+00
3.1670E+03	0.0000E+00	0.0000E+00	1.4743E+00
3.1680E+03	0.0000E+00	0.0000E+00	1.4747E+00
3.1690E+03	0.0000E+00	0.0000E+00	1.4740E+00
3.1700E+03	0.0000E+00	0.0000E+00	1.4744E+00
3.1710E+03	0.0000E+00	0.0000E+00	1.4762E+00
3.1720E+03	0.0000E+00	0.0000E+00	1.4805E+00
3.1730E+03	0.0000E+00	0.0000E+00	1.4811E+00
3.1740E+03	0.0000E+00	0.0000E+00	1.4846E+00
3.1750E+03	0.0000E+00	0.0000E+00	1.4861E+00
3.1760E+03	0.0000E+00	0.0000E+00	1.4874E+00
3.1770E+03	0.0000E+00	0.0000E+00	1.4880E+00
3.1780E+03	0.0000E+00	0.0000E+00	1.4903E+00
3.1790E+03	0.0000E+00	0.0000E+00	1.4883E+00
3.1800E+03	0.0000E+00	0.0000E+00	1.4893E+00
3.1810E+03	0.0000E+00	0.0000E+00	1.4890E+00
3.1820E+03	0.0000E+00	0.0000E+00	1.4898E+00
3.1830E+03	0.0000E+00	0.0000E+00	1.4893E+00
3.1840E+03	0.0000E+00	0.0000E+00	1.4846E+00
3.1850E+03	0.0000E+00	0.0000E+00	1.4808E+00
3.1860E+03	0.0000E+00	0.0000E+00	1.4805E+00
3.1870E+03	0.0000E+00	0.0000E+00	1.4791E+00
3.1880E+03	0.0000E+00	0.0000E+00	1.4777E+00
3.1890E+03	0.0000E+00	0.0000E+00	1.4763E+00
3.1900E+03	0.0000E+00	0.0000E+00	1.4766E+00
3.1910E+03	0.0000E+00	0.0000E+00	1.4755E+00
3.1920E+03	0.0000E+00	0.0000E+00	1.4753E+00
3.1930E+03	0.0000E+00	0.0000E+00	1.4745E+00
3.1940E+03	0.0000E+00	0.0000E+00	1.4752E+00
3.1950E+03	0.0000E+00	0.0000E+00	1.4743E+00
3.1960E+03	0.0000E+00	0.0000E+00	1.4747E+00
3.1970E+03	0.0000E+00	0.0000E+00	1.4756E+00
3.1980E+03	0.0000E+00	0.0000E+00	1.4760E+00
3.1990E+03	0.0000E+00	0.0000E+00	1.4756E+00
3.2000E+03	0.0000E+00	0.0000E+00	1.4776E+00
3.2010E+03	0.0000E+00	0.0000E+00	1.4804E+00
3.2020E+03	0.0000E+00	0.0000E+00	1.4821E+00
3.2030E+03	0.0000E+00	0.0000E+00	1.4830E+00
3.2040E+03	0.0000E+00	0.0000E+00	1.4841E+00
3.2050E+03	0.0000E+00	0.0000E+00	1.4811E+00
3.2060E+03	0.0000E+00	0.0000E+00	1.4810E+00
3.2070E+03	0.0000E+00	0.0000E+00	1.4807E+00
3.2080E+03	0.0000E+00	0.0000E+00	1.4816E+00
3.2090E+03	0.0000E+00	0.0000E+00	1.4809E+00
3.2100E+03	0.0000E+00	0.0000E+00	1.4780E+00
3.2110E+03	0.0000E+00	0.0000E+00	1.4741E+00
3.2120E+03	0.0000E+00	0.0000E+00	1.4712E+00
3.2130E+03	0.0000E+00	0.0000E+00	1.4670E+00
3.2140E+03	0.0000E+00	0.0000E+00	1.4667E+00
3.2150E+03	0.0000E+00	0.0000E+00	1.4657E+00
3.2160E+03	0.0000E+00	0.0000E+00	1.4656E+00
3.2170E+03	0.0000E+00	0.0000E+00	1.4673E+00
3.2180E+03	0.0000E+00	0.0000E+00	1.4678E+00
3.2190E+03	0.0000E+00	0.0000E+00	1.4705E+00
3.2200E+03	0.0000E+00	0.0000E+00	1.4727E+00
3.2210E+03	0.0000E+00	0.0000E+00	1.4706E+00
3.2220E+03	0.0000E+00	0.0000E+00	1.4723E+00
3.2230E+03	0.0000E+00	0.0000E+00	1.4763E+00
3.2240E+03	0.0000E+00	0.0000E+00	1.4796E+00
3.2250E+03	0.0000E+00	0.0000E+00	1.4810E+00
3.2260E+03	0.0000E+00	0.0000E+00	1.4825E+00
3.2270E+03	0.0000E+00	0.0000E+00	1.4834E+00
3.2280E+03	0.0000E+00	0.0000E+00	1.4826E+00
3.2290E+03	0.0000E+00	0.0000E+00	1.4821E+00
3.2300E+03	0.0000E+00	0.0000E+00	1.4807E+00
3.2310E+03	0.0000E+00	0.0000E+00	1.4805E+00
3.2320E+03	0.0000E+00	0.0000E+00	1.4798E+00
3.2330E+03	0.0000E+00	0.0000E+00	1.4779E+00
3.2340E+03	0.0000E+00	0.0000E+00	1.4748E+00
3.2350E+03	0.0000E+00	0.0000E+00	1.4734E+00
3.2360E+03	0.0000E+00	0.0000E+00	1.4695E+00
3.2370E+03	0.0000E+00	0.0000E+00	1.4658E+00
3.2380E+03	0.0000E+00	0.0000E+00	1.4649E+00
3.2390E+03	0.0000E+00	0.0000E+00	1.4648E+00
3.2400E+03	0.0000E+00	0.0000E+00	1.4640E+00
3.2410E+03	0.0000E+00	0.0000E+00	1.4639E+00
3.2420E+03	0.0000E+00	0.0000E+00	1.4614E+00
3.2430E+03	0.0000E+00	0.0000E+00	1.4659E+00
3.2440E+03	0.0000E+00	0.0000E+00	1.4656E+00
3.2450E+03	0.0000E+00	0.0000E+00	1.4668E+00
3.2460E+03	0.0000E+00	0.0000E+00	1.4691E+00
3.2470E+03	0.0000E+00	0.0000E+00	1.4748E+00
3.2480E+03	0.0000E+00	0.0000E+00	1.4750E+00
3.2490E+03	0.0000E+00	0.0000E+00	1.4777E+00
3.2500E+03	0.0000E+00	0.0000E+00	1.4796E+00
3.2510E+03	0.0000E+00	0.0000E+00	1.4791E+00
3.2520E+03	0.0000E+00	0.0000E+00	1.4800E+00
3.2530E+03	0.0000E+00	0.0000E+00	1.4810E+00
3.2540E+03	0.0000E+00	0.0000E+00	1.4811E+00
3.2550E+03	0.0000E+00	0.0000E+00	1.4777E+00
3.2560E+03	0.0000E+00	0.0000E+00	1.4760E+00
3.2570E+03	0.0000E+00	0.0000E+00	1.4741E+00
3.2580E+03	0.0000E+00	0.0000E+00	1.4730E+00
3.2590E+03	0.0000E+00	0.0000E+00	1.4697E+00
3.2600E+03	0.0000E+00	0.0000E+00	1.4647E+00
3.2610E+03	0.0000E+00	0.0000E+00	1.4650E+00
3.2620E+03	0.0000E+00	0.0000E+00	1.4635E+00
3.2630E+03	0.0000E+00	0.0000E+00	1.4630E+00
3.2640E+03	0.0000E+00	0.0000E+00	1.4619E+00
3.2650E+03	0.0000E+00	0.0000E+00	1.4628E+00
3.2660E+03	0.0000E+00	0.0000E+00	1.4624E+00
3.2670E+03	0.0000E+00	0.0000E+00	1.4643E+00
3.2680E+03	0.0000E+00	0.0000E+00	1.4679E+00
3.2690E+03	0.0000E+00	0.0000E+00	1.4713E+00
3.2700E+03	0.0000E+00	0.0000E+00	1.4724E+00
3.2710E+03	0.0000E+00	0.0000E+00	1.4750E+00
3.2720E+03	0.0000E+00	0.0000E+00	1.4756E+00
3.2730E+03	0.0000E+00	0.0000E+00	1.4790E+00
3.2740E+03	0.0000E+00	0.0000E+00	1.4792E+00
3.2750E+03	0.0000E+00	0.0000E+00	1.4778E+00
3.2760E+03	0.0000E+00	0.0000E+00	1.4782E+00
3.2770E+03	0.0000E+00	0.0000E+00	1.4783E+00
3.2780E+03	0.0000E+00	0.0000E+00	1.4769E+00
3.2790E+03	0.0000E+00	0.0000E+00	1.4750E+00
3.2800E+03	0.0000E+00	0.0000E+00	1.4715E+00
3.2810E+03	0.0000E+00	0.0000E+00	1.4705E+00
3.2820E+03	0.0000E+00	0.0000E+00	1.4689E+00
3.2830E+03	0.0000E+00	0.0000E+00	1.4669E+00
3.2840E+03	0.0000E+00	0.0000E+00	1.4643E+00
3.2850E+03	0.0000E+00	0.0000E+00	1.4598E+00
3.2860E+03	0.0000E+00	0.0000E+00	1.4575E+00
3.2870E+03	0.0000E+00	0.0000E+00	1.4552E+00
3.2880E+03	0.0000E+00	0.0000E+00	1.4561E+00
3.2890E+03	0.0000E+00	0.0000E+00	1.4546E+00
3.2900E+03	0.0000E+00	0.0000E+00	1.4557E+00
3.2910E+03	0.0000E+00	0.0000E+00	1.4565E+00
3.2920E+03	0.0000E+00	0.0000E+00	1.4592E+00
3.2930E+03	0.0000E+00	0.0000E+00	1.4633E+00
3.2940E+03	0.0000E+00	0.0000E+00	1.4668E+00
3.2950E+03	0.0000E+00	0.0000E+00	1.4669E+00
3.2960E+03	0.0000E+00	0.0000E+00	1.4711E+00
3.2970E+03	0.0000E+00	0.0000E+00	1.4732E+00
3.2980E+03	0.0000E+00	0.0000E+00	1.4734E+00
3.2990E+03	0.0000E+00	0.0000E+00	1.4748E+00
3.3000E+03	0.0000E+00	0.0000E+00	1.4745E+00
3.3010E+03	0.0000E+00	0.0000E+00	1.4736E+00
3.3020E+03	0.0000E+00	0.0000E+00	1.4709E+00
3.3030E+03	0.0000E+00	0.0000E+00	1.4703E+00
3.3040E+03	0.0000E+00	0.0000E+00	1.4722E+00
3.3050E+03	0.0000E+00	0.0000E+00	1.4702E+00
3.3060E+03	0.0000E+00	0.0000E+00	1.4659E+00
3.3070E+03	0.0000E+00	0.0000E+00	1.4635E+00
3.3080E+03	0.0000E+00	0.0000E+00	1.4616E+00
3.3090E+03	0.0000E+00	0.0000E+00	1.4611E+00
3.3100E+03	0.0000E+00	0.0000E+00	1.4592E+00
3.3110E+03	0.0000E+00	0.0000E+00	1.4588E+00
3.3120E+03	0.0000E+00	0.0000E+00	1.4614E+00
3.3130E+03	0.0000E+00	0.0000E+00	1.4605E+00
3.3140E+03	0.0000E+00	0.0000E+00	1.4611E+00
3.3150E+03	0.0000E+00	0.0000E+00	1.4609E+00
3.3160E+03	0.0000E+00	0.0000E+00	1.4627E+00
3.3170E+03	0.0000E+00	0.0000E+00	1.4653E+00
3.3180E+03	0.0000E+00	0.0000E+00	1.4691E+00
3.3190E+03	0.0000E+00	0.0000E+00	1.4697E+00
3.3200E+03	0.0000E+00	0.0000E+00	1.4687E+00
3.3210E+03	0.0000E+00	0.0000E+00	1.4684E+00
3.3220E+03	0.0000E+00	0.0000E+00	1.4686E+00
3.3230E+03	0.0000E+00	0.0000E+00	1.4691E+00
3.3240E+03	0.0000E+00	0.0000E+00	1.4705E+00
3.3250E+03	0.0000E+00	0.0000E+00	1.4708E+00
3.3260E+03	0.0000E+00	0.0000E+00	1.4690E+00
3.3270E+03	0.0000E+00	0.0000E+00	1.4702E+00
3.3280E+03	0.0000E+00	0.0000E+00	1.4680E+00
3.3290E+03	0.0000E+00	0.0000E+00	1.4662E+00
3.3300E+03	0.0000E+00	0.0000E+00	1.4646E+00
3.3310E+03	0.0000E+00	0.0000E+00	1.4620E+00
3.3320E+03	0.0000E+00	0.0000E+00	1.4601E+00
3.3330E+03	0.0000E+00	0.0000E+00	1.4581E+00
3.3340E+03	0.0000E+00	0.0000E+00	1.4556E+00
3.3350E+03	0.0000E+00	0.0000E+00	1.4558E+00
3.3360E+03	0.0000E+00	0.0000E+00	1.4580E+00
3.3370E+03	0.0000E+00	0.0000E+00	1.4596E+00
3.3380E+03	0.0000E+00	0.0000E+00	1.4608E+00
3.3390E+03	0.0000E+00	0.0000E+00	1.4615E+00
3.3400E+03	0.0000E+00	0.0000E+00	1.4624E+00
3.3410E+03	0.0000E+00	0.0000E+00	1.4660E+00
3.3420E+03	0.0000E+00	0.0000E+00	1.4681E+00
3.3430E+03	0.0000E+00	0.0000E+00	1.4677E+00
3.3440E+03	0.0000E+00	0.0000E+00	1.4696E+00
3.3450E+03	0.0000E+00	0.0000E+00	1.4705E+00
3.3460E+03	0.0000E+00	0.0000E+00	1.4724E+00
3.3470E+03	0.0000E+00	0.0000E+00	1.4702E+00
3.3480E+03	0.0000E+00	0.0000E+00	1.4698E+00
3.3490E+03	0.0000E+00	0.0000E+00	1.4722E+00
3.3500E+03	0.0000E+00	0.0000E+00	1.4725E+00
3.3510E+03	0.0000E+00	0.0000E+00	1.4715E+00
3.3520E+03	0.0000E+00	0.0000E+00	1.4685E+00
3.3530E+03	0.0000E+00	0.0000E+00	1.4684E+00
3.3540E+03	0.0000E+00	0.0000E+00	1.4660E+00
3.3550E+03	0.0000E+00	0.0000E+00	1.4684E+00
3.3560E+03	0.0000E+00	0.0000E+00	1.4674E+00
3.3570E+03	0.0000E+00	0.0000E+00	1.4668E+00
3.3580E+03	0.0000E+00	0.0000E+00	1.4644E+00
3.3590E+03	0.0000E+00	0.0000E+00	1.4674E+00
3.3600E+03	0.0000E+00	0.0000E+00	1.4664E+00
3.3610E+03	0.0000E+00	0.0000E+00	1.4675E+00
3.3620E+03	0.0000E+00	0.0000E+00	1.4691E+00
3.3630E+03	0.0000E+00	0.0000E+00	1.4695E+00
3.3640E+03	0.0000E+00	0.0000E+00	1.4697E+00
3.3650E+03	0.0000E+00	0.0000E+00	1.4677E+00
3.3660E+03	0.0000E+00	0.0000E+00	1.4678E+00
3.3670E+03	0.0000E+00	0.0000E+00	1.4670E+00
3.3680E+03	0.0000E+00	0.0000E+00	1.4688E+00
3.3690E+03	0.0000E+00	0.0000E+00	1.4704E+00
3.3700E+03	0.0000E+00	0.0000E+00	1.4708E+00
3.3710E+03	0.0000E+00	0.0000E+00	1.4715E+00
3.3720E+03	0.0000E+00	0.0000E+00	1.4701E+00
3.3730E+03	0.0000E+00	0.0000E+00	1.4721E+00
3.3740E+03	0.0000E+00	0.0000E+00	1.4714E+00
3.3750E+03	0.0000E+00	0.0000E+00	1.4734E+00
3.3760E+03	0.0000E+00	0.0000E+00	1.4726E+00
3.3770E+03	0.0000E+00	0.0000E+00	1.4708E+00
3.3780E+03	0.0000E+00	0.0000E+00	1.4670E+00
3.3790E+03	0.0000E+00	0.0000E+00	1.4680E+00
3.3800E+03	0.0000E+00	0.0000E+00	1.4651E+00
3.3810E+03	0.0000E+00	0.0000E+00	1.4600E+00
3.3820E+03	0.0000E+00	0.0000E+00	1.4589E+00
3.3830E+03	0.0000E+00	0.0000E+00	1.4593E+00
3.3840E+03	0.0000E+00	0.0000E+00	1.4603E+00
3.3850E+03	0.0000E+00	0.0000E+00	1.4618E+00
3.3860E+03	0.0000E+00	0.0000E+00	1.4617E+00
3.3870E+03	0.0000E+00	0.0000E+00	1.4625E+00
3.3880E+03	0.0000E+00	0.0000E+00	1.4665E+00
3.3890E+03	0.0000E+00	0.0000E+00	1.4697E+00
3.3900E+03	0.0000E+00	0.0000E+00	1.4694E+00
3.3910E+03	0.0000E+00	0.0000E+00	1.4697E+00
3.3920E+03	0.0000E+00	0.0000E+00	1.4703E+00
3.3930E+03	0.0000E+00	0.0000E+00	1.4717E+00
3.3940E+03	0.0000E+00	0.0000E+00	1.4723E+00
3.3950E+03	0.0000E+00	0.0000E+00	1.4733E+00
3.3960E+03	0.0000E+00	0.0000E+00	1.4738E+00
3.3970E+03	0.0000E+00	0.0000E+00	1.4741E+00
3.3980E+03	0.0000E+00	0.0000E+00	1.4721E+00
3.3990E+03	0.0000E+00	0.0000E+00	1.4712E+00
3.4000E+03	0.0000E+00	0.0000E+00	1.4700E+00
3.4010E+03	0.0000E+00	0.0000E+00	1.4664E+00
3.4020E+03	0.0000E+00	0.0000E+00	1.4632E+00
3.4030E+03	0.0000E+00	0.0000E+00	1.4598E+00
3.4040E+03	0.0000E+00	0.0000E+00	1.4593E+00
3.4050E+03	0.0000E+00	0.0000E+00	1.4573E+00
3.4060E+03	0.0000E+00	0.0000E+00	1.4538E+00
3.4070E+03	0.0000E+00	0.0000E+00	1.4556E+00
3.4080E+03	0.0000E+00	0.0000E+00	1.4563E+00
3.4090E+03	0.0000E+00	0.0000E+00	1.4538E+00
3.4100E+03	0.0000E+00	0.0000E+00	1.4562E+00
3.4110E+03	0.0000E+00	0.0000E+00	1.4556E+00
3.4120E+03	0.0000E+00	0.0000E+00	1.4568E+00
3.4130E+03	0.0000E+00	0.0000E+00	1.4587E+00
3.4140E+03	0.0000E+00	0.0000E+00	1.4603E+00
3.4150E+03	0.0000E+00	0.0000E+00	1.4593E+00
3.4160E+03	0.0000E+00	0.0000E+00	1.4627E+00
3.4170E+03	0.0000E+00	0.0000E+00	1.4650E+00
3.4180E+03	0.0000E+00	0.0000E+00	1.4663E+00
3.4190E+03	0.0000E+00	0.0000E+00	1.4666E+00
3.4200E+03	0.0000E+00	0.0000E+00	1.4660E+00
3.4210E+03	0.0000E+00	0.0000E+00	1.4655E+00
3.4220E+03	0.0000E+00	0.0000E+00	1.4666E+00
3.4230E+03	0.0000E+00	0.0000E+00	1.4710E+00
3.4240E+03	0.0000E+00	0.0000E+00	1.4740E+00
3.4250E+03	0.0000E+00	0.0000E+00	1.4712E+00
3.4260E+03	0.0000E+00	0.0000E+00	1.4686E+00
3.4270E+03	0.0000E+00	0.0000E+00	1.4648E+00
3.4280E+03	0.0000E+00	0.0000E+00	1.4628E+00
3.4290E+03	0.0000E+00	0.0000E+00	1.4605E+00
3.4300E+03	0.0000E+00	0.0000E+00	1.4599E+00
3.4310E+03	0.0000E+00	0.0000E+00	1.4610E+00
3.4320E+03	0.0000E+00	0.0000E+00	1.4608E+00
3.4330E+03	0.0000E+00	0.0000E+00	1.4619E+00
3.4340E+03	0.0000E+00	0.0000E+00	1.4616E+00
3.4350E+03	0.0000E+00	0.0000E+00	1.4620E+00
3.4360E+03	0.0000E+00	0.0000E+00	1.4626E+00
3.4370E+03	0.0000E+00	0.0000E+00	1.4609E+00
3.4380E+03	0.0000E+00	0.0000E+00	1.4615E+00
3.4390E+03	0.0000E+00	0.0000E+00	1.4633E+00
3.4400E+03	0.0000E+00	0.0000E+00	1.4649E+00
3.4410E+03	0.0000E+00	0.0000E+00	1.4660E+00
3.4420E+03	0.0000E+00	0.0000E+00	1.4668E+00
3.4430E+03	0.0000E+00	0.0000E+00	1.4664E+00
3.4440E+03	0.0000E+00	0.0000E+00	1.4672E+00
3.4450E+03	0.0000E+00	0.0000E+00	1.4668E+00
3.4460E+03	0.0000E+00	0.0000E+00	1.4664E+00
3.4470E+03	0.0000E+00	0.0000E+00	1.4661E+00
3.4480E+03	0.0000E+00	0.0000E+00	1.4633E+00
3.4490E+03	0.0000E+00	0.0000E+00	1.4630E+00
3.4500E+03	0.0000E+00	0.0000E+00	1.4589E+00
3.4510E+03	0.0000E+00	0.0000E+00	1.4556E+00
3.4520E+03	0.0000E+00	0.0000E+00	1.4534E+00
3.4530E+03	0.0000E+00	0.0000E+00	1.4507E+00
3.4540E+03	0.0000E+00	0.0000E+00	1.4489E+00
3.4550E+03	0.0000E+00	0.0000E+00	1.4473E+00
3.4560E+03	0.0000E+00	0.0000E+00	1.4471E+00
3.4570E+03	0.0000E+00	0.0000E+00	1.4489E+00
3.4580E+03	0.0000E+00	0.0000E+00	1.4482E+00
3.4590E+03	0.0000E+00	0.0000E+00	1.4488E+00
3.4600E+03	0.0000E+00	0.0000E+00	1.4496E+00
3.4610E+03	0.0000E+00	0.0000E+00	1.4508E+00
3.4620E+03	0.0000E+00	0.0000E+00	1.4513E+00
3.4630E+03	0.0000E+00	0.0000E+00	1.4494E+00
3.4640E+03	0.0000E+00	0.0000E+00	1.4525E+00
3.4650E+03	0.0000E+00	0.0000E+00	1.4559E+00
3.4660E+03	0.0000E+00	0.0000E+00	1.4573E+00
3.4670E+03	0.0000E+00	0.0000E+00	1.4574E+00
3.4680E+03	0.0000E+00	0.0000E+00	1.4583E+00
3.4690E+03	0.0000E+00	0.0000E+00	1.4567E+00
3.4700E+03	0.0000E+00	0.0000E+00	1.4563E+00
3.4710E+03	0.0000E+00	0.0000E+00	1.4565E+00
3.4720E+03	0.0000E+00	0.0000E+00	1.4579E+00
3.4730E+03	0.0000E+00	0.0000E+00	1.4567E+00
3.4740E+03	0.0000E+00	0.0000E+00	1.4562E+00
3.4750E+03	0.0000E+00	0.0000E+00	1.4530E+00
3.4760E+03	0.0000E+00	0.0000E+00	1.4517E+00
3.4770E+03	0.0000E+00	0.0000E+00	1.4519E+00
3.4780E+03	0.0000E+00	0.0000E+00	1.4473E+00
3.4790E+03	0.0000E+00	0.0000E+00	1.4475E+00
3.4800E+03	0.0000E+00	0.0000E+00	1.4459E+00
3.4810E+03	0.0000E+00	0.0000E+00	1.4451E+00
3.4820E+03	0.0000E+00	0.0000E+00	1.4458E+00
3.4830E+03	0.0000E+00	0.0000E+00	1.4487E+00
3.4840E+03	0.0000E+00	0.0000E+00	1.4480E+00
3.4850E+03	0.0000E+00	0.0000E+00	1.4502E+00
3.4860E+03	0.0000E+00	0.0000E+00	1.4481E+00
3.4870E+03	0.0000E+00	0.0000E+00	1.4490E+00
3.4880E+03	0.0000E+00	0.0000E+00	1.4506E+00
3.4890E+03	0.0000E+00	0.0000E+00	1.4537E+00
3.4900E+03	0.0000E+00	0.0000E+00	1.4562E+00
3.4910E+03	0.0000E+00	0.0000E+00	1.4563E+00
3.4920E+03	0.0000E+00	0.0000E+00	1.4556E+00
3.4930E+03	0.0000E+00	0.0000E+00	1.4555E+00
3.4940E+03	0.0000E+00	0.0000E+00	1.4562E+00
3.4950E+03	0.0000E+00	0.0000E+00	1.4546E+00
3.4960E+03	0.0000E+00	0.0000E+00	1.4547E+00
3.4970E+03	0.0000E+00	0.0000E+00	1.4531E+00
3.4980E+03	0.0000E+00	0.0000E+00	1.4528E+00
3.4990E+03	0.0000E+00	0.0000E+00	1.4488E+00
3.5000E+03	0.0000E+00	0.0000E+00	1.4451E+00
3.5010E+03	0.0000E+00	0.0000E+00	1.4465E+00
3.5020E+03	0.0000E+00	0.0000E+00	1.4453E+00
3.5030E+03	0.0000E+00	0.0000E+00	1.4457E+00
3.5040E+03	0.0000E+00	0.0000E+00	1.4460E+00
3.5050E+03	0.0000E+00	0.0000E+00	1.4453E+00
3.5060E+03	0.0000E+00	0.0000E+00	1.4432E+00
3.5070E+03	0.0000E+00	0.0000E+00	1.4426E+00
3.5080E+03	0.0000E+00	0.0000E+00	1.4433E+00
3.5090E+03	0.0000E+00	0.0000E+00	1.4412E+00
3.5100E+03	0.0000E+00	0.0000E+00	1.4428E+00
3.5110E+03	0.0000E+00	0.0000E+00	1.4426E+00
3.5120E+03	0.0000E+00	0.0000E+00	1.4449E+00
3.5130E+03	0.0000E+00	0.0000E+00	1.4465E+00
3.5140E+03	0.0000E+00	0.0000E+00	1.4494E+00
3.5150E+03	0.0000E+00	0.0000E+00	1.4520E+00
3.5160E+03	0.0000E+00	0.0000E+00	1.4521E+00
3.5170E+03	0.0000E+00	0.0000E+00	1.4505E+00
3.5180E+03	0.0000E+00	0.0000E+00	1.4510E+00
3.5190E+03	0.0000E+00	0.0000E+00	1.4522E+00
3.5200E+03	0.0000E+00	0.0000E+00	1.4505E+00
3.5210E+03	0.0000E+00	0.0000E+00	1.4504E+00
3.5220E+03	0.0000E+00	0.0000E+00	1.4500E+00
3.5230E+03	0.0000E+00	0.0000E+00	1.4475E+00
3.5240E+03	0.0000E+00	0.0000E+00	1.4425E+00
3.5250E+03	0.0000E+00	0.0000E+00	1.4396E+00
3.5260E+03	0.0000E+00	0.0000E+00	1.4385E+00
3.5270E+03	0.0000E+00	0.0000E+00	1.4390E+00
3.5280E+03	0.0000E+00	0.0000E+00	1.4373E+00
3.5290E+03	0.0000E+00	0.0000E+00	1.4376E+00
3.5300E+03	0.0000E+00	0.0000E+00	1.4350E+00
3.5310E+03	0.0000E+00	0.0000E+00	1.4345E+00
3.5320E+03	0.0000E+00	0.0000E+00	1.4351E+00
3.5330E+03	0.0000E+00	0.0000E+00	1.4353E+00
3.5340E+03	0.0000E+00	0.0000E+00	1.4338E+00
3.5350E+03	0.0000E+00	0.0000E+00	1.4333E+00
3.5360E+03	0.0000E+00	0.0000E+00	1.4363E+00
3.5370E+03	0.0000E+00	0.0000E+00	1.4412E+00
3.5380E+03	0.0000E+00	0.0000E+00	1.4436E+00
3.5390E+03	0.0000E+00	0.0000E+00	1.4445E+00
3.5400E+03	0.0000E+00	0.0000E+00	1.4454E+00
3.5410E+03	0.0000E+00	0.0000E+00	1.4452E+00
3.5420E+03	0.0000E+00	0.0000E+00	1.4447E+00
3.5430E+03	0.0000E+00	0.0000E+00	1.4445E+00
3.5440E+03	0.0000E+00	0.0000E+00	1.4472E+00
3.5450E+03	0.0000E+00	0.0000E+00	1.4469E+00
3.5460E+03	0.0000E+00	0.0000E+00	1.4419E+00
3.5470E+03	0.0000E+00	0.0000E+00	1.4384E+00
3.5480E+03	0.0000E+00	0.0000E+00	1.4336E+00
3.5490E+03	0.0000E+00	0.0000E+00	1.4334E+00
3.5500E+03	0.0000E+00	0.0000E+00	1.4314E+00
3.5510E+03	0.0000E+00	0.0000E+00	1.4301E+00
3.5520E+03	0.0000E+00	0.0000E+00	1.4287E+00
3.5530E+03	0.0000E+00	0.0000E+00	1.4291E+00
3.5540E+03	0.0000E+00	0.0000E+00	1.4291E+00
3.5550E+03	0.0000E+00	0.0000E+00	1.4265E+00
3.5560E+03	0.0000E+00	0.0000E+00	1.4257E+00
3.5570E+03	0.0000E+00	0.0000E+00	1.4280E+00
3.5580E+03	0.0000E+00	0.0000E+00	1.4291E+00
3.5590E+03	0.0000E+00	0.0000E+00	1.4284E+00
3.5600E+03	0.0000E+00	0.0000E+00	1.4306E+00
3.5610E+03	0.0000E+00	0.0000E+00	1.4356E+00
3.5620E+03	0.0000E+00	0.0000E+00	1.4385E+00
3.5630E+03	0.0000E+00	0.0000E+00	1.4381E+00
3.5640E+03	0.0000E+00	0.0000E+00	1.4385E+00
3.5650E+03	0.0000E+00	0.0000E+00	1.4382E+00
3.5660E+03	0.0000E+00	0.0000E+00	1.4388E+00
3.5670E+03	0.0000E+00	0.0000E+00	1.4395E+00
3.5680E+03	0.0000E+00	0.0000E+00	1.4389E+00
3.5690E+03	0.0000E+00	0.0000E+00	1.4399E+00
3.5700E+03	0.0000E+00	0.0000E+00	1.4412E+00
3.5710E+03	0.0000E+00	0.0000E+00	1.4377E+00
3.5720E+03	0.0000E+00	0.0000E+00	1.4355E+00
3.5730E+03	0.0000E+00	0.0000E+00	1.4316E+00
3.5740E+03	0.0000E+00	0.0000E+00	1.4291E+00
3.5750E+03	0.0000E+00	0.0000E+00	1.4273E+00
3.5760E+03	0.0000E+00	0.0000E+00	1.4272E+00
3.5770E+03	0.0000E+00	0.0000E+00	1.4289E+00
3.5780E+03	0.0000E+00	0.0000E+00	1.4282E+00
3.5790E+03	0.0000E+00	0.0000E+00	1.4277E+00
3.5800E+03	0.0000E+00	0.0000E+00	1.4287E+00
3.5810E+03	0.0000E+00	0.0000E+00	1.4284E+00
3.5820E+03	0.0000E+00	0.0000E+00	1.4286E+00
3.5830E+03	0.0000E+00	0.0000E+00	1.4303E+00
3.5840E+03	0.0000E+00	0.0000E+00	1.4308E+00
3.5850E+03	0.0000E+00	0.0000E+00	1.4343E+00
3.5860E+03	0.0000E+00	0.0000E+00	1.4351E+00
3.5870E+03	0.0000E+00	0.0000E+00	1.4357E+00
3.5880E+03	0.0000E+00	0.0000E+00	1.4366E+00
3.5890E+03	0.0000E+00	0.0000E+00	1.4374E+00
3.5900E+03	0.0000E+00	0.0000E+00	1.4377E+00
3.5910E+03	0.0000E+00	0.0000E+00	1.4389E+00
3.5920E+03	0.0000E+00	0.0000E+00	1.4381E+00
3.5930E+03	0.0000E+00	0.0000E+00	1.4390E+00
3.5940E+03	0.0000E+00	0.0000E+00	1.4356E+00
3.5950E+03	0.0000E+00	0.0000E+00	1.4324E+00
3.5960E+03	0.0000E+00	0.0000E+00	1.4294E+00
3.5970E+03	0.0000E+00	0.0000E+00	1.4282E+00
3.5980E+03	0.0000E+00	0.0000E+00	1.4269E+00
3.5990E+03	0.0000E+00	0.0000E+00	1.4280E+00
3.6000E+03	0.0000E+00	0.0000E+00	1.4289E+00
3.6010E+03	0.0000E+00	0.0000E+00	1.4306E+00
3.6020E+03	0.0000E+00	0.0000E+00	1.4286E+00
3.6030E+03	0.0000E+00	0.0000E+00	1.4307E+00
3.6040E+03	0.0000E+00	0.0000E+00	1.4293E+00
3.6050E+03	0.0000E+00	0.0000E+00	1.4302E+00
3.6060E+03	0.0000E+00	0.0000E+00	1.4301E+00
3.6070E+03	0.0000E+00	0.0000E+00	1.4319E+00
3.6080E+03	0.0000E+00	0.0000E+00	1.4323E+00
3.6090E+03	0.0000E+00	0.0000E+00	1.4328E+00
3.6100E+03	0.0000E+00	0.0000E+00	1.4325E+00
3.6110E+03	0.0000E+00	0.0000E+00	1.4337E+00
3.6120E+03	0.0000E+00	0.0000E+00	1.4343E+00
3.6130E+03	0.0000E+00	0.0000E+00	1.4354E+00
3.6140E+03	0.0000E+00	0.0000E+00	1.4349E+00
3.6150E+03	0.0000E+00	0.0000E+00	1.4337E+00
3.6160E+03	0.0000E+00	0.0000E+00	1.4349E+00
3.6170E+03	0.0000E+00	0.0000E+00	1.4372E+00
3.6180E+03	0.0000E+00	0.0000E+00	1.4371E+00
3.6190E+03	0.0000E+00	0.0000E+00	1.4353E+00
3.6200E+03	0.0000E+00	0.0000E+00	1.4320E+00
3.6210E+03	0.0000E+00	0.0000E+00	1.4291E+00
3.6220E+03	0.0000E+00	0.0000E+00	1.4275E+00
3.6230E+03	0.0000E+00	0.0000E+00	1.4257E+00
3.6240E+03	0.0000E+00	0.0000E+00	1.4254E+00
3.6250E+03	0.0000E+00	0.0000E+00	1.4250E+00
3.6260E+03	0.0000E+00	0.0000E+00	1.4250E+00
3.6270E+03	0.0000E+00	0.0000E+00	1.4248E+00
3.6280E+03	0.0000E+00	0.0000E+00	1.4254E+00
3.6290E+03	0.0000E+00	0.0000E+00	1.4243E+00
3.6300E+03	0.0000E+00	0.0000E+00	1.4252E+00
3.6310E+03	0.0000E+00	0.0000E+00	1.4276E+00
3.6320E+03	0.0000E+00	0.0000E+00	1.4288E+00
3.6330E+03	0.0000E+00	0.0000E+00	1.4283E+00
3.6340E+03	0.0000E+00	0.0000E+00	1.4312E+00
3.6350E+03	0.0000E+00	0.0000E+00	1.4362E+00
3.6360E+03	0.0000E+00	0.0000E+00	1.4390E+00
3.6370E+03	0.0000E+00	0.0000E+00	1.4393E+00
3.6380E+03	0.0000E+00	0.0000E+00	1.4404E+00
3.6390E+03	0.0000E+00	0.0000E+00	1.4420E+00
3.6400E+03	0.0000E+00	0.0000E+00	1.4429E+00
3.6410E+03	0.0000E+00	0.0000E+00	1.4441E+00
3.6420E+03	0.0000E+00	0.0000E+00	1.4422E+00
3.6430E+03	0.0000E+00	0.0000E+00	1.4414E+00
3.6440E+03	0.0000E+00	0.0000E+00	1.4417E+00
3.6450E+03	0.0000E+00	0.0000E+00	1.4459E+00
3.6460E+03	0.0000E+00	0.0000E+00	1.4477E+00
3.6470E+03	0.0000E+00	0.0000E+00	1.4480E+00
3.6480E+03	0.0000E+00	0.0000E+00	1.4458E+00
3.6490E+03	0.0000E+00	0.0000E+00	1.4440E+00
3.6500E+03	0.0000E+00	0.0000E+00	1.4441E+00
3.6510E+03	0.0000E+00	0.0000E+00	1.4445E+00
3.6520E+03	0.0000E+00	0.0000E+00	1.4431E+00
3.6530E+03	0.0000E+00	0.0000E+00	1.4410E+00
3.6540E+03	0.0000E+00	0.0000E+00	1.4421E+00
3.6550E+03	0.0000E+00	0.0000E+00	1.4414E+00
3.6560E+03	0.0000E+00	0.0000E+00	1.4414E+00
3.6570E+03	0.0000E+00	0.0000E+00	1.4416E+00
3.6580E+03	0.0000E+00	0.0000E+00	1.4424E+00
3.6590E+03	0.0000E+00	0.0000E+00	1.4421E+00
3.6600E+03	0.0000E+00	0.0000E+00	1.4411E+00
3.6610E+03	0.0000E+00	0.0000E+00	1.4398E+00
3.6620E+03	0.0000E+00	0.0000E+00	1.4396E+00
3.6630E+03	0.0000E+00	0.0000E+00	1.4404E+00
3.6640E+03	0.0000E+00	0.0000E+00	1.4390E+00
3.6650E+03	0.0000E+00	0.0000E+00	1.4384E+00
3.6660E+03	0.0000E+00	0.0000E+00	1.4355E+00
3.6670E+03	0.0000E+00	0.0000E+00	1.4320E+00
3.6680E+03	0.0000E+00	0.0000E+00	1.4283E+00
3.6690E+03	0.0000E+00	0.0000E+00	1.4251E+00
3.6700E+03	0.0000E+00	0.0000E+00	1.4265E+00
3.6710E+03	0.0000E+00	0.0000E+00	1.4280E+00
3.6720E+03	0.0000E+00	0.0000E+00	1.4282E+00
3.6730E+03	0.0000E+00	0.0000E+00	1.4280E+00
3.6740E+03	0.0000E+00	0.0000E+00	1.4255E+00
3.6750E+03	0.0000E+00	0.0000E+00	1.4249E+00
3.6760E+03	0.0000E+00	0.0000E+00	1.4259E+00
3.6770E+03	0.0000E+00	0.0000E+00	1.4246E+00
3.6780E+03	0.0000E+00	0.0000E+00	1.4263E+00
3.6790E+03	0.0000E+00	0.0000E+00	1.4251E+00
3.6800E+03	0.0000E+00	0.0000E+00	1.4267E+00
3.6810E+03	0.0000E+00	0.0000E+00	1.4293E+00
3.6820E+03	0.0000E+00	0.0000E+00	1.4302E+00
3.6830E+03	0.0000E+00	0.0000E+00	1.4334E+00
3.6840E+03	0.0000E+00	0.0000E+00	1.4342E+00
3.6850E+03	0.0000E+00	0.0000E+00	1.4342E+00
3.6860E+03	0.0000E+00	0.0000E+00	1.4343E+00
3.6870E+03	0.0000E+00	0.0000E+00	1.4333E+00
3.6880E+03	0.0000E+00	0.0000E+00	1.4333E+00
3.6890E+03	0.0000E+00	0.0000E+00	1.4324E+00
3.6900E+03	0.0000E+00	0.0000E+00	1.4334E+00
3.6910E+03	0.0000E+00	0.0000E+00	1.4300E+00
3.6920E+03	0.0000E+00	0.0000E+00	1.4270E+00
3.6930E+03	0.0000E+00	0.0000E+00	1.4257E+00
3.6940E+03	0.0000E+00	0.0000E+00	1.4249E+00
3.6950E+03	0.0000E+00	0.0000E+00	1.4279E+00
3.6960E+03	0.0000E+00	0.0000E+00	1.4258E+00
3.6970E+03	0.0000E+00	0.0000E+00	1.4248E+00
3.6980E+03	0.0000E+00	0.0000E+00	1.4246E+00
3.6990E+03	0.0000E+00	0.0000E+00	1.4240E+00
3.7000E+03	0.0000E+00	0.0000E+00	1.4235E+00
3.7010E+03	0.0000E+00	0.0000E+00	1.4236E+00
3.7020E+03	0.0000E+00	0.0000E+00	1.4221E+00
3.7030E+03	0.0000E+00	0.0000E+00	1.4213E+00
3.7040E+03	0.0000E+00	0.0000E+00	1.4242E+00
3.7050E+03	0.0000E+00	0.0000E+00	1.4264E+00
3.7060E+03	0.0000E+00	0.0000E+00	1.4291E+00
3.7070E+03	0.0000E+00	0.0000E+00	1.4299E+00
3.7080E+03	0.0000E+00	0.0000E+00	1.4300E+00
3.7090E+03	0.0000E+00	0.0000E+00	1.4315E+00
3.7100E+03	0.0000E+00	0.0000E+00	1.4299E+00
3.7110E+03	0.0000E+00	0.0000E+00	1.4300E+00
3.7120E+03	0.0000E+00	0.0000E+00	1.4290E+00
3.7130E+03	0.0000E+00	0.0000E+00	1.4292E+00
3.7140E+03	0.0000E+00	0.0000E+00	1.4292E+00
3.7150E+03	0.0000E+00	0.0000E+00	1.4269E+00
3.7160E+03	0.0000E+00	0.0000E+00	1.4235E+00
3.7170E+03	0.0000E+00	0.0000E+00	1.4192E+00
3.7180E+03	0.0000E+00	0.0000E+00	1.4182E+00
3.7190E+03	0.0000E+00	0.0000E+00	1.4156E+00
3.7200E+03	0.0000E+00	0.0000E+00	1.4152E+00
3.7210E+03	0.0000E+00	0.0000E+00	1.4175E+00
3.7220E+03	0.0000E+00	0.0000E+00	1.4183E+00
3.7230E+03	0.0000E+00	0.0000E+00	1.4168E+00
3.7240E+03	0.0000E+00	0.0000E+00	1.4160E+00
3.7250E+03	0.0000E+00	0.0000E+00	1.4155E+00
3.7260E+03	0.0000E+00	0.0000E+00	1.4142E+00
3.7270E+03	0.0000E+00	0.0000E+00	1.4127E+00
3.7280E+03	0.0000E+00	0.0000E+00	1.4167E+00
3.7290E+03	0.0000E+00	0.0000E+00	1.4188E+00
3.7300E+03	0.0000E+00	0.0000E+00	1.4207E+00
3.7310E+03	0.0000E+00	0.0000E+00	1.4222E+00
3.7320E+03	0.0000E+00	0.0000E+00	1.4229E+00
3.7330E+03	0.0000E+00	0.0000E+00	1.4242E+00
3.7340E+03	0.0000E+00	0.0000E+00	1.4242E+00
3.7350E+03	0.0000E+00	0.0000E+00	1.4239E+00
3.7360E+03	0.0000E+00	0.0000E+00	1.4242E+00
3.7370E+03	0.0000E+00	0.0000E+00	1.4248E+00
3.7380E+03	0.0000E+00	0.0000E+00	1.4230E+00
3.7390E+03	0.0000E+00	0.0000E+00	1.4214E+00
3.7400E+03	0.0000E+00	0.0000E+00	1.4200E+00
3.7410E+03	0.0000E+00	0.0000E+00	1.4154E+00
3.7420E+03	0.0000E+00	0.0000E+00	1.4125E+00
3.7430E+03	0.0000E+00	0.0000E+00	1.4114E+00
3.7440E+03	0.0000E+00	0.0000E+00	1.4089E+00
3.7450E+03	0.0000E+00	0.0000E+00	1.4103E+00
3.7460E+03	0.0000E+00	0.0000E+00	1.4109E+00
3.7470E+03	0.0000E+00	0.0000E+00	1.4087E+00
3.7480E+03	0.0000E+00	0.0000E+00	1.4083E+00
3.7490E+03	0.0000E+00	0.0000E+00	1.4080E+00
3.7500E+03	0.0000E+00	0.0000E+00	1.4061E+00
3.7510E+03	0.0000E+00	0.0000E+00	1.4076E+00
3.7520E+03	0.0000E+00	0.0000E+00	1.4118E+00
3.7530E+03	0.0000E+00	0.0000E+00	1.4142E+00
3.7540E+03	0.0000E+00	0.0000E+00	1.4185E+00
3.7550E+03	0.0000E+00	0.0000E+00	1.4185E+00
3.7560E+03	0.0000E+00	0.0000E+00	1.4193E+00
3.7570E+03	0.0000E+00	0.0000E+00	1.4184E+00
3.7580E+03	0.0000E+00	0.0000E+00	1.4179E+00
3.7590E+03	0.0000E+00	0.0000E+00	1.4184E+00
3.7600E+03	0.0000E+00	0.0000E+00	1.4187E+00
3.7610E+03	0.0000E+00	0.0000E+00	1.4200E+00
3.7620E+03	0.0000E+00	0.0000E+00	1.4176E+00
3.7630E+03	0.0000E+00	0.0000E+00	1.4156E+00
3.7640E+03	0.0000E+00	0.0000E+00	1.4120E+00
3.7650E+03	0.0000E+00	0.0000E+00	1.4085E+00
3.7660E+03	0.0000E+00	0.0000E+00	1.4077E+00
3.7670E+03	0.0000E+00	0.0000E+00	1.4109E+00
3.7680E+03	0.0000E+00	0.0000E+00	1.4119E+00
3.7690E+03	0.0000E+00	0.0000E+00	1.4105E+00
3.7700E+03	0.0000E+00	0.0000E+00	1.4104E+00
3.7710E+03	0.0000E+00	0.0000E+00	1.4096E+00
3.7720E+03	0.0000E+00	0.0000E+00	1.4079E+00
3.7730E+03	0.0000E+00	0.0000E+00	1.4086E+00
3.7740E+03	0.0000E+00	0.0000E+00	1.4075E+00
3.7750E+03	0.0000E+00	0.0000E+00	1.4083E+00
3.7760E+03	0.0000E+00	0.0000E+00	1.4095E+00
3.7770E+03	0.0000E+00	0.0000E+00	1.4125E+00
3.7780E+03	0.0000E+00	0.0000E+00	1.4160E+00
3.7790E+03	0.0000E+00	0.0000E+00	1.4172E+00
3.7800E+03	0.0000E+00	0.0000E+00	1.4194E+00
3.7810E+03	0.0000E+00	0.0000E+00	1.4189E+00
3.7820E+03	0.0000E+00	0.0000E+00	1.4202E+00
3.7830E+03	0.0000E+00	0.0000E+00	1.4206E+00
3.7840E+03	0.0000E+00	0.0000E+00	1.4201E+00
3.7850E+03	0.0000E+00	0.0000E+00	1.4195E+00
3.7860E+03	0.0000E+00	0.0000E+00	1.4168E+00
3.7870E+03	0.0000E+00	0.0000E+00	1.4136E+00
3.7880E+03	0.0000E+00	0.0000E+00	1.4109E+00
3.7890E+03	0.0000E+00	0.0000E+00	1.4099E+00
3.7900E+03	0.0000E+00	0.0000E+00	1.4108E+00
3.7910E+03	0.0000E+00	0.0000E+00	1.4130E+00
3.7920E+03	0.0000E+00	0.0000E+00	1.4106E+00
3.7930E+03	0.0000E+00	0.0000E+00	1.4086E+00
3.7940E+03	0.0000E+00	0.0000E+00	1.4084E+00
3.7950E+03	0.0000E+00	0.0000E+00	1.4089E+00
3.7960E+03	0.0000E+00	0.0000E+00	1.4069E+00
3.7970E+03	0.0000E+00	0.0000E+00	1.4072E+00
3.7980E+03	0.0000E+00	0.0000E+00	1.4077E+00
3.7990E+03	0.0000E+00	0.0000E+00	1.4065E+00
3.8000E+03	0.0000E+00	0.0000E+00	1.4082E+00
3.8010E+03	0.0000E+00	0.0000E+00	1.4112E+00
3.8020E+03	0.0000E+00	0.0000E+00	1.4145E+00
3.8030E+03	0.0000E+00	0.0000E+00	1.4143E+00
3.8040E+03	0.0000E+00	0.0000E+00	1.4156E+00
3.8050E+03	0.0000E+00	0.0000E+00	1.4157E+00
3.8060E+03	0.0000E+00	0.0000E+00	1.4163E+00
3.8070E+03	0.0000E+00	0.0000E+00	1.4192E+00
3.8080E+03	0.0000E+00	0.0000E+00	1.4191E+00
3.8090E+03	0.0000E+00	0.0000E+00	1.4159E+00
3.8100E+03	0.0000E+00	0.0000E+00	1.4155E+00
3.8110E+03	0.0000E+00	0.0000E+00	1.4125E+00
3.8120E+03	0.0000E+00	0.0000E+00	1.4071E+00
3.8130E+03	0.0000E+00	0.0000E+00	1.4039E+00
3.8140E+03	0.0000E+00	0.0000E+00	1.4066E+00
3.8150E+03	0.0000E+00	0.0000E+00	1.4022E+00
3.8160E+03	0.0000E+00	0.0000E+00	1.4050E+00
3.8170E+03	0.0000E+00	0.0000E+00	1.4053E+00
3.8180E+03	0.0000E+00	0.0000E+00	1.4046E+00
3.8190E+03	0.0000E+00	0.0000E+00	1.4033E+00
3.8200E+03	0.0000E+00	0.0000E+00	1.4021E+00
3.8210E+03	0.0000E+00	0.0000E+00	1.4015E+00
3.8220E+03	0.0000E+00	0.0000E+00	1.4024E+00
3.8230E+03	0.0000E+00	0.0000E+00	1.4014E+00
3.8240E+03	0.0000E+00	0.0000E+00	1.4044E+00
3.8250E+03	0.0000E+00	0.0000E+00	1.4093E+00
3.8260E+03	0.0000E+00	0.0000E+00	1.4099E+00
3.8270E+03	0.0000E+00	0.0000E+00	1.4114E+00
3.8280E+03	0.0000E+00	0.0000E+00	1.4136E+00
3.8290E+03	0.0000E+00	0.0000E+00	1.4131E+00
3.8300E+03	0.0000E+00	0.0000E+00	1.4141E+00
3.8310E+03	0.0000E+00	0.0000E+00	1.4145E+00
3.8320E+03	0.0000E+00	0.0000E+00	1.4164E+00
3.8330E+03	0.0000E+00	0.0000E+00	1.4144E+00
3.8340E+03	0.0000E+00	0.0000E+00	1.4128E+00
3.8350E+03	0.0000E+00	0.0000E+00	1.4106E+00
3.8360E+03	0.0000E+00	0.0000E+00	1.4084E+00
3.8370E+03	0.0000E+00	0.0000E+00	1.4057E+00
3.8380E+03	0.0000E+00	0.0000E+00	1.4092E+00
3.8390E+03	0.0000E+00	0.0000E+00	1.4086E+00
3.8400E+03	0.0000E+00	0.0000E+00	1.4079E+00
3.8410E+03	0.0000E+00	0.0000E+00	1.4061E+00
3.8420E+03	0.0000E+00	0.0000E+00	1.4054E+00
3.8430E+03	0.0000E+00	0.0000E+00	1.4036E+00
3.8440E+03	0.0000E+00	0.0000E+00	1.4034E+00
3.8450E+03	0.0000E+00	0.0000E+00	1.4027E+00
3.8460E+03	0.0000E+00	0.0000E+00	1.4036E+00
3.8470E+03	0.0000E+00	0.0000E+00	1.4031E+00
3.8480E+03	0.0000E+00	0.0000E+00	1.4046E+00
3.8490E+03	0.0000E+00	0.0000E+00	1.4086E+00
3.8500E+03	0.0000E+00	0.0000E+00	1.4085E+00
3.8510E+03	0.0000E+00	0.0000E+00	1.4108E+00
3.8520E+03	0.0000E+00	0.0000E+00	1.4129E+00
3.8530E+03	0.0000E+00	0.0000E+00	1.4121E+00
3.8540E+03	0.0000E+00	0.0000E+00	1.4125E+00
3.8550E+03	0.0000E+00	0.0000E+00	1.4125E+00
3.8560E+03	0.0000E+00	0.0000E+00	1.4126E+00
3.8570E+03	0.0000E+00	0.0000E+00	1.4129E+00
3.8580E+03	0.0000E+00	0.0000E+00	1.4120E+00
3.8590E+03	0.0000E+00	0.0000E+00	1.4106E+00
3.8600E+03	0.0000E+00	0.0000E+00	1.4066E+00
3.8610E+03	0.0000E+00	0.0000E+00	1.4023E+00
3.8620E+03	0.0000E+00	0.0000E+00	1.4029E+00
3.8630E+03	0.0000E+00	0.0000E+00	1.4060E+00
3.8640E+03	0.0000E+00	0.0000E+00	1.4069E+00
3.8650E+03	0.0000E+00	0.0000E+00	1.4052E+00
3.8660E+03	0.0000E+00	0.0000E+00	1.4052E+00
3.8670E+03	0.0000E+00	0.0000E+00	1.4042E+00
3.8680E+03	0.0000E+00	0.0000E+00	1.4039E+00
3.8690E+03	0.0000E+00	0.0000E+00	1.4033E+00
3.8700E+03	0.0000E+00	0.0000E+00	1.4034E+00
3.8710E+03	0.0000E+00	0.0000E+00	1.4023E+00
3.8720E+03	0.0000E+00	0.0000E+00	1.4043E+00
3.8730E+03	0.0000E+00	0.0000E+00	1.4054E+00
3.8740E+03	0.0000E+00	0.0000E+00	1.4077E+00
3.8750E+03	0.0000E+00	0.0000E+00	1.4113E+00
3.8760E+03	0.0000E+00	0.0000E+00	1.4125E+00
3.8770E+03	0.0000E+00	0.0000E+00	1.4130E+00
3.8780E+03	0.0000E+00	0.0000E+00	1.4133E+00
3.8790E+03	0.0000E+00	0.0000E+00	1.4130E+00
3.8800E+03	0.0000E+00	0.0000E+00	1.4145E+00
3.8810E+03	0.0000E+00	0.0000E+00	1.4135E+00
3.8820E+03	0.0000E+00	0.0000E+00	1.4124E+00
3.8830E+03	0.0000E+00	0.0000E+00	1.4093E+00
3.8840E+03	0.0000E+00	0.0000E+00	1.4063E+00
3.8850E+03	0.0000E+00	0.0000E+00	1.4056E+00
3.8860E+03	0.0000E+00	0.0000E+00	1.4065E+00
3.8870E+03	0.0000E+00	0.0000E+00	1.4083E+00
3.8880E+03	0.0000E+00	0.0000E+00	1.4099E+00
3.8890E+03	0.0000E+00	0.0000E+00	1.4088E+00
3.8900E+03	0.0000E+00	0.0000E+00	1.4074E+00
3.8910E+03	0.0000E+00	0.0000E+00	1.4057E+00
3.8920E+03	0.0000E+00	0.0000E+00	1.4061E+00
3.8930E+03	0.0000E+00	0.0000E+00	1.4051E+00
3.8940E+03	0.0000E+00	0.0000E+00	1.4045E+00
3.8950E+03	0.0000E+00	0.0000E+00	1.4054E+00
3.8960E+03	0.0000E+00	0.0000E+00	1.4078E+00
3.8970E+03	0.0000E+00	0.0000E+00	1.4092E+00
3.8980E+03	0.0000E+00	0.0000E+00	1.4113E+00
3.8990E+03	0.0000E+00	0.0000E+00	1.4124E+00
3.9000E+03	0.0000E+00	0.0000E+00	1.4142E+00
3.9010E+03	0.0000E+00	0.0000E+00	1.4145E+00
3.9020E+03	0.0000E+00	0.0000E+00	1.4135E+00
3.9030E+03	0.0000E+00	0.0000E+00	1.4122E+00
3.9040E+03	0.0000E+00	0.0000E+00	1.4128E+00
3.9050E+03	0.0000E+00	0.0000E+00	1.4117E+00
3.9060E+03	0.0000E+00	0.0000E+00	1.4121E+00
3.9070E+03	0.0000E+00	0.0000E+00	1.4113E+00
3.9080E+03	0.0000E+00	0.0000E+00	1.4116E+00
3.9090E+03	0.0000E+00	0.0000E+00	1.4058E+00
3.9100E+03	0.0000E+00	0.0000E+00	1.4049E+00
3.9110E+03	0.0000E+00	0.0000E+00	1.4053E+00
3.9120E+03	0.0000E+00	0.0000E+00	1.4072E+00
3.9130E+03	0.0000E+00	0.0000E+00	1.4064E+00
3.9140E+03	0.0000E+00	0.0000E+00	1.4047E+00
3.9150E+03	0.0000E+00	0.0000E+00	1.4013E+00
3.9160E+03	0.0000E+00	0.0000E+00	1.4040E+00
3.9170E+03	0.0000E+00	0.0000E+00	1.4034E+00
3.9180E+03	0.0000E+00	0.0000E+00	1.4032E+00
3.9190E+03	0.0000E+00	0.0000E+00	1.4019E+00
3.9200E+03	0.0000E+00	0.0000E+00	1.4041E+00
3.9210E+03	0.0000E+00	0.0000E+00	1.4057E+00
3.9220E+03	0.0000E+00	0.0000E+00	1.4066E+00
3.9230E+03	0.0000E+00	0.0000E+00	1.4069E+00
3.9240E+03	0.0000E+00	0.0000E+00	1.4101E+00
3.9250E+03	0.0000E+00	0.0000E+00	1.4091E+00
3.9260E+03	0.0000E+00	0.0000E+00	1.4099E+00
3.9270E+03	0.0000E+00	0.0000E+00	1.4081E+00
3.9280E+03	0.0000E+00	0.0000E+00	1.4108E+00
3.9290E+03	0.0000E+00	0.0000E+00	1.4089E+00
3.9300E+03	0.0000E+00	0.0000E+00	1.4076E+00
3.9310E+03	0.0000E+00	0.0000E+00	1.4088E+00
3.9320E+03	0.0000E+00	0.0000E+00	1.4062E+00
3.9330E+03	0.0000E+00	0.0000E+00	1.4016E+00
3.9340E+03	0.0000E+00	0.0000E+00	1.4028E+00
3.9350E+03	0.0000E+00	0.0000E+00	1.4013E+00
3.9360E+03	0.0000E+00	0.0000E+00	1.4018E+00
3.9370E+03	0.0000E+00	0.0000E+00	1.3990E+00
3.9380E+03	0.0000E+00	0.0000E+00	1.3995E+00
3.9390E+03	0.0000E+00	0.0000E+00	1.3990E+00
3.9400E+03	0.0000E+00	0.0000E+00	1.4008E+00
3.9410E+03	0.0000E+00	0.0000E+00	1.3982E+00
3.9420E+03	0.0000E+00	0.0000E+00	1.3970E+00
3.9430E+03	0.0000E+00	0.0000E+00	1.3962E+00
3.9440E+03	0.0000E+00	0.0000E+00	1.3993E+00
3.9450E+03	0.0000E+00	0.0000E+00	1.4027E+00
3.9460E+03	0.0000E+00	0.0000E+00	1.4023E+00
3.9470E+03	0.0000E+00	0.0000E+00	1.4041E+00
3.9480E+03	0.0000E+00	0.0000E+00	1.4052E+00
3.9490E+03	0.0000E+00	0.0000E+00	1.4044E+00
3.9500E+03	0.0000E+00	0.0000E+00	1.4053E+00
3.9510E+03	0.0000E+00	0.0000E+00	1.4065E+00
3.9520E+03	0.0000E+00	0.0000E+00	1.4064E+00
3.9530E+03	0.0000E+00	0.0000E+00	1.4051E+00
3.9540E+03	0.0000E+00	0.0000E+00	1.4040E+00
3.9550E+03	0.0000E+00	0.0000E+00	1.4023E+00
3.9560E+03	0.0000E+00	0.0000E+00	1.3989E+00
3.9570E+03	0.0000E+00	0.0000E+00	1.3993E+00
3.9580E+03	0.0000E+00	0.0000E+00	1.3982E+00
3.9590E+03	0.0000E+00	0.0000E+00	1.3983E+00
3.9600E+03	0.0000E+00	0.0000E+00	1.3973E+00
3.9610E+03	0.0000E+00	0.0000E+00	1.3975E+00
3.9620E+03	0.0000E+00	0.0000E+00	1.3978E+00
3.9630E+03	0.0000E+00	0.0000E+00	1.3964E+00
3.9640E+03	0.0000E+00	0.0000E+00	1.3948E+00
3.9650E+03	0.0000E+00	0.0000E+00	1.3945E+00
3.9660E+03	0.0000E+00	0.0000E+00	1.3941E+00
3.9670E+03	0.0000E+00	0.0000E+00	1.3938E+00
3.9680E+03	0.0000E+00	0.0000E+00	1.3974E+00
3.9690E+03	0.0000E+00	0.0000E+00	1.4007E+00
3.9700E+03	0.0000E+00	0.0000E+00	1.4009E+00
3.9710E+03	0.0000E+00	0.0000E+00	1.4026E+00
3.9720E+03	0.0000E+00	0.0000E+00	1.4050E+00
3.9730E+03	0.0000E+00	0.0000E+00	1.4050E+00
3.9740E+03	0.0000E+00	0.0000E+00	1.4035E+00
3.9750E+03	0.0000E+00	0.0000E+00	1.4051E+00
3.9760E+03	0.0000E+00	0.0000E+00	1.4058E+00
3.9770E+03	0.0000E+00	0.0000E+00	1.4054E+00
3.9780E+03	0.0000E+00	0.0000E+00	1.4031E+00
3.9790E+03	0.0000E+00	0.0000E+00	1.4011E+00
3.9800E+03	0.0000E+00	0.0000E+00	1.3984E+00
3.9810E+03	0.0000E+00	0.0000E+00	1.3971E+00
3.9820E+03	0.0000E+00	0.0000E+00	1.3963E+00
3.9830E+03	0.0000E+00	0.0000E+00	1.3950E+00
3.9840E+03	0.0000E+00	0.0000E+00	1.3938E+00
3.9850E+03	0.0000E+00	0.0000E+00	1.3925E+00
3.9860E+03	0.0000E+00	0.0000E+00	1.3938E+00
3.9870E+03	0.0000E+00	0.0000E+00	1.3934E+00
3.9880E+03	0.0000E+00	0.0000E+00	1.3944E+00
3.9890E+03	0.0000E+00	0.0000E+00	1.3964E+00
3.9900E+03	0.0000E+00	0.0000E+00	1.3959E+00
3.9910E+03	0.0000E+00	0.0000E+00	1.3946E+00
3.9920E+03	0.0000E+00	0.0000E+00	1.3958E+00
3.9930E+03	0.0000E+00	0.0000E+00	1.3958E+00
3.9940E+03	0.0000E+00	0.0000E+00	1.3950E+00
