TIME_UNITS h
DATA_UNITS m
!h  x   y   z
0.0000E+00	0.0000E+00	0.0000E+00	9.3192E-01
1.0000E+00	0.0000E+00	0.0000E+00	9.3192E-01
2.0000E+00	0.0000E+00	0.0000E+00	9.5929E-01
3.0000E+00	0.0000E+00	0.0000E+00	9.8480E-01
4.0000E+00	0.0000E+00	0.0000E+00	1.0099E+00
5.0000E+00	0.0000E+00	0.0000E+00	1.0356E+00
6.0000E+00	0.0000E+00	0.0000E+00	1.0611E+00
7.0000E+00	0.0000E+00	0.0000E+00	1.0818E+00
8.0000E+00	0.0000E+00	0.0000E+00	1.0713E+00
9.0000E+00	0.0000E+00	0.0000E+00	8.7719E-01
1.0000E+01	0.0000E+00	0.0000E+00	9.0152E-01
1.1000E+01	0.0000E+00	0.0000E+00	8.7729E-01
1.2000E+01	0.0000E+00	0.0000E+00	8.8179E-01
1.3000E+01	0.0000E+00	0.0000E+00	8.8980E-01
1.4000E+01	0.0000E+00	0.0000E+00	8.8905E-01
1.5000E+01	0.0000E+00	0.0000E+00	8.9476E-01
1.6000E+01	0.0000E+00	0.0000E+00	9.0743E-01
1.7000E+01	0.0000E+00	0.0000E+00	9.1047E-01
1.8000E+01	0.0000E+00	0.0000E+00	9.1623E-01
1.9000E+01	0.0000E+00	0.0000E+00	9.2549E-01
2.0000E+01	0.0000E+00	0.0000E+00	9.2443E-01
2.1000E+01	0.0000E+00	0.0000E+00	9.2447E-01
2.2000E+01	0.0000E+00	0.0000E+00	9.2349E-01
2.3000E+01	0.0000E+00	0.0000E+00	9.2926E-01
2.4000E+01	0.0000E+00	0.0000E+00	9.3980E-01
2.5000E+01	0.0000E+00	0.0000E+00	9.5467E-01
2.6000E+01	0.0000E+00	0.0000E+00	9.7400E-01
2.7000E+01	0.0000E+00	0.0000E+00	9.9435E-01
2.8000E+01	0.0000E+00	0.0000E+00	1.0195E+00
2.9000E+01	0.0000E+00	0.0000E+00	1.0427E+00
3.0000E+01	0.0000E+00	0.0000E+00	1.0692E+00
3.1000E+01	0.0000E+00	0.0000E+00	1.0908E+00
3.2000E+01	0.0000E+00	0.0000E+00	1.0772E+00
3.3000E+01	0.0000E+00	0.0000E+00	9.0722E-01
3.4000E+01	0.0000E+00	0.0000E+00	9.2875E-01
3.5000E+01	0.0000E+00	0.0000E+00	9.0698E-01
3.6000E+01	0.0000E+00	0.0000E+00	9.0997E-01
3.7000E+01	0.0000E+00	0.0000E+00	9.1154E-01
3.8000E+01	0.0000E+00	0.0000E+00	9.1079E-01
3.9000E+01	0.0000E+00	0.0000E+00	9.1463E-01
4.0000E+01	0.0000E+00	0.0000E+00	9.2599E-01
4.1000E+01	0.0000E+00	0.0000E+00	9.3739E-01
4.2000E+01	0.0000E+00	0.0000E+00	9.3558E-01
4.3000E+01	0.0000E+00	0.0000E+00	9.4390E-01
4.4000E+01	0.0000E+00	0.0000E+00	9.3684E-01
4.5000E+01	0.0000E+00	0.0000E+00	9.3452E-01
4.6000E+01	0.0000E+00	0.0000E+00	9.2352E-01
4.7000E+01	0.0000E+00	0.0000E+00	9.2285E-01
4.8000E+01	0.0000E+00	0.0000E+00	9.2178E-01
4.9000E+01	0.0000E+00	0.0000E+00	9.2853E-01
5.0000E+01	0.0000E+00	0.0000E+00	9.5186E-01
5.1000E+01	0.0000E+00	0.0000E+00	9.7163E-01
5.2000E+01	0.0000E+00	0.0000E+00	9.8695E-01
5.3000E+01	0.0000E+00	0.0000E+00	1.0097E+00
5.4000E+01	0.0000E+00	0.0000E+00	1.0223E+00
5.5000E+01	0.0000E+00	0.0000E+00	1.0119E+00
5.6000E+01	0.0000E+00	0.0000E+00	9.4817E-01
5.7000E+01	0.0000E+00	0.0000E+00	9.0856E-01
5.8000E+01	0.0000E+00	0.0000E+00	9.1341E-01
5.9000E+01	0.0000E+00	0.0000E+00	9.0739E-01
6.0000E+01	0.0000E+00	0.0000E+00	9.0615E-01
6.1000E+01	0.0000E+00	0.0000E+00	9.1153E-01
6.2000E+01	0.0000E+00	0.0000E+00	9.1815E-01
6.3000E+01	0.0000E+00	0.0000E+00	9.2982E-01
6.4000E+01	0.0000E+00	0.0000E+00	9.2842E-01
6.5000E+01	0.0000E+00	0.0000E+00	9.3177E-01
6.6000E+01	0.0000E+00	0.0000E+00	9.3388E-01
6.7000E+01	0.0000E+00	0.0000E+00	9.2442E-01
6.8000E+01	0.0000E+00	0.0000E+00	9.2559E-01
6.9000E+01	0.0000E+00	0.0000E+00	9.2326E-01
7.0000E+01	0.0000E+00	0.0000E+00	9.2069E-01
7.1000E+01	0.0000E+00	0.0000E+00	9.1316E-01
7.2000E+01	0.0000E+00	0.0000E+00	9.3478E-01
7.3000E+01	0.0000E+00	0.0000E+00	9.5329E-01
7.4000E+01	0.0000E+00	0.0000E+00	9.7012E-01
7.5000E+01	0.0000E+00	0.0000E+00	9.8851E-01
7.6000E+01	0.0000E+00	0.0000E+00	1.0045E+00
7.7000E+01	0.0000E+00	0.0000E+00	1.0105E+00
7.8000E+01	0.0000E+00	0.0000E+00	1.0270E+00
7.9000E+01	0.0000E+00	0.0000E+00	1.0456E+00
8.0000E+01	0.0000E+00	0.0000E+00	1.0272E+00
8.1000E+01	0.0000E+00	0.0000E+00	9.0979E-01
8.2000E+01	0.0000E+00	0.0000E+00	9.1583E-01
8.3000E+01	0.0000E+00	0.0000E+00	9.1019E-01
8.4000E+01	0.0000E+00	0.0000E+00	9.2073E-01
8.5000E+01	0.0000E+00	0.0000E+00	9.1758E-01
8.6000E+01	0.0000E+00	0.0000E+00	9.3019E-01
8.7000E+01	0.0000E+00	0.0000E+00	9.5410E-01
8.8000E+01	0.0000E+00	0.0000E+00	9.5770E-01
8.9000E+01	0.0000E+00	0.0000E+00	9.6245E-01
9.0000E+01	0.0000E+00	0.0000E+00	9.6529E-01
9.1000E+01	0.0000E+00	0.0000E+00	9.6606E-01
9.2000E+01	0.0000E+00	0.0000E+00	9.6072E-01
9.3000E+01	0.0000E+00	0.0000E+00	9.5975E-01
9.4000E+01	0.0000E+00	0.0000E+00	9.5443E-01
9.5000E+01	0.0000E+00	0.0000E+00	9.5540E-01
9.6000E+01	0.0000E+00	0.0000E+00	9.5405E-01
9.7000E+01	0.0000E+00	0.0000E+00	9.5079E-01
9.8000E+01	0.0000E+00	0.0000E+00	9.4993E-01
9.9000E+01	0.0000E+00	0.0000E+00	9.5128E-01
1.0000E+02	0.0000E+00	0.0000E+00	9.4346E-01
1.0100E+02	0.0000E+00	0.0000E+00	9.5251E-01
1.0200E+02	0.0000E+00	0.0000E+00	9.6524E-01
1.0300E+02	0.0000E+00	0.0000E+00	9.8032E-01
1.0400E+02	0.0000E+00	0.0000E+00	9.5158E-01
1.0500E+02	0.0000E+00	0.0000E+00	9.4831E-01
1.0600E+02	0.0000E+00	0.0000E+00	9.4664E-01
1.0700E+02	0.0000E+00	0.0000E+00	9.4617E-01
1.0800E+02	0.0000E+00	0.0000E+00	9.5245E-01
1.0900E+02	0.0000E+00	0.0000E+00	9.6262E-01
1.1000E+02	0.0000E+00	0.0000E+00	9.7564E-01
1.1100E+02	0.0000E+00	0.0000E+00	9.7701E-01
1.1200E+02	0.0000E+00	0.0000E+00	9.7677E-01
1.1300E+02	0.0000E+00	0.0000E+00	9.8337E-01
1.1400E+02	0.0000E+00	0.0000E+00	9.9251E-01
1.1500E+02	0.0000E+00	0.0000E+00	9.9694E-01
1.1600E+02	0.0000E+00	0.0000E+00	9.9447E-01
1.1700E+02	0.0000E+00	0.0000E+00	9.8646E-01
1.1800E+02	0.0000E+00	0.0000E+00	9.8585E-01
1.1900E+02	0.0000E+00	0.0000E+00	9.7981E-01
1.2000E+02	0.0000E+00	0.0000E+00	9.8416E-01
1.2100E+02	0.0000E+00	0.0000E+00	9.8971E-01
1.2200E+02	0.0000E+00	0.0000E+00	9.9754E-01
1.2300E+02	0.0000E+00	0.0000E+00	1.0090E+00
1.2400E+02	0.0000E+00	0.0000E+00	1.0250E+00
1.2500E+02	0.0000E+00	0.0000E+00	1.0338E+00
1.2600E+02	0.0000E+00	0.0000E+00	1.0476E+00
1.2700E+02	0.0000E+00	0.0000E+00	1.0585E+00
1.2800E+02	0.0000E+00	0.0000E+00	1.0420E+00
1.2900E+02	0.0000E+00	0.0000E+00	9.6959E-01
1.3000E+02	0.0000E+00	0.0000E+00	9.8214E-01
1.3100E+02	0.0000E+00	0.0000E+00	9.8825E-01
1.3200E+02	0.0000E+00	0.0000E+00	9.9128E-01
1.3300E+02	0.0000E+00	0.0000E+00	1.0035E+00
1.3400E+02	0.0000E+00	0.0000E+00	1.0042E+00
1.3500E+02	0.0000E+00	0.0000E+00	9.9482E-01
1.3600E+02	0.0000E+00	0.0000E+00	1.0016E+00
1.3700E+02	0.0000E+00	0.0000E+00	1.0057E+00
1.3800E+02	0.0000E+00	0.0000E+00	1.0109E+00
1.3900E+02	0.0000E+00	0.0000E+00	1.0152E+00
1.4000E+02	0.0000E+00	0.0000E+00	1.0076E+00
1.4100E+02	0.0000E+00	0.0000E+00	1.0136E+00
1.4200E+02	0.0000E+00	0.0000E+00	1.0124E+00
1.4300E+02	0.0000E+00	0.0000E+00	1.0089E+00
1.4400E+02	0.0000E+00	0.0000E+00	1.0083E+00
1.4500E+02	0.0000E+00	0.0000E+00	1.0024E+00
1.4600E+02	0.0000E+00	0.0000E+00	1.0003E+00
1.4700E+02	0.0000E+00	0.0000E+00	9.9495E-01
1.4800E+02	0.0000E+00	0.0000E+00	9.9943E-01
1.4900E+02	0.0000E+00	0.0000E+00	1.0027E+00
1.5000E+02	0.0000E+00	0.0000E+00	9.9447E-01
1.5100E+02	0.0000E+00	0.0000E+00	9.9574E-01
1.5200E+02	0.0000E+00	0.0000E+00	9.9117E-01
1.5300E+02	0.0000E+00	0.0000E+00	9.9028E-01
1.5400E+02	0.0000E+00	0.0000E+00	1.0006E+00
1.5500E+02	0.0000E+00	0.0000E+00	1.0060E+00
1.5600E+02	0.0000E+00	0.0000E+00	1.0082E+00
1.5700E+02	0.0000E+00	0.0000E+00	1.0103E+00
1.5800E+02	0.0000E+00	0.0000E+00	1.0143E+00
1.5900E+02	0.0000E+00	0.0000E+00	1.0296E+00
1.6000E+02	0.0000E+00	0.0000E+00	1.0385E+00
1.6100E+02	0.0000E+00	0.0000E+00	1.0518E+00
1.6200E+02	0.0000E+00	0.0000E+00	1.0730E+00
1.6300E+02	0.0000E+00	0.0000E+00	1.0638E+00
1.6400E+02	0.0000E+00	0.0000E+00	1.0655E+00
1.6500E+02	0.0000E+00	0.0000E+00	1.0745E+00
1.6600E+02	0.0000E+00	0.0000E+00	1.0654E+00
1.6700E+02	0.0000E+00	0.0000E+00	1.0575E+00
1.6800E+02	0.0000E+00	0.0000E+00	1.0593E+00
1.6900E+02	0.0000E+00	0.0000E+00	1.0582E+00
1.7000E+02	0.0000E+00	0.0000E+00	1.0503E+00
1.7100E+02	0.0000E+00	0.0000E+00	1.0660E+00
1.7200E+02	0.0000E+00	0.0000E+00	1.0817E+00
1.7300E+02	0.0000E+00	0.0000E+00	1.0936E+00
1.7400E+02	0.0000E+00	0.0000E+00	1.1075E+00
1.7500E+02	0.0000E+00	0.0000E+00	1.1184E+00
1.7600E+02	0.0000E+00	0.0000E+00	1.0881E+00
1.7700E+02	0.0000E+00	0.0000E+00	1.0560E+00
1.7800E+02	0.0000E+00	0.0000E+00	1.0672E+00
1.7900E+02	0.0000E+00	0.0000E+00	1.0907E+00
1.8000E+02	0.0000E+00	0.0000E+00	1.0714E+00
1.8100E+02	0.0000E+00	0.0000E+00	1.0646E+00
1.8200E+02	0.0000E+00	0.0000E+00	1.0607E+00
1.8300E+02	0.0000E+00	0.0000E+00	1.0687E+00
1.8400E+02	0.0000E+00	0.0000E+00	1.0806E+00
1.8500E+02	0.0000E+00	0.0000E+00	1.0904E+00
1.8600E+02	0.0000E+00	0.0000E+00	1.0858E+00
1.8700E+02	0.0000E+00	0.0000E+00	1.0979E+00
1.8800E+02	0.0000E+00	0.0000E+00	1.1098E+00
1.8900E+02	0.0000E+00	0.0000E+00	1.1196E+00
1.9000E+02	0.0000E+00	0.0000E+00	1.1137E+00
1.9100E+02	0.0000E+00	0.0000E+00	1.1138E+00
1.9200E+02	0.0000E+00	0.0000E+00	1.1187E+00
1.9300E+02	0.0000E+00	0.0000E+00	1.1169E+00
1.9400E+02	0.0000E+00	0.0000E+00	1.1269E+00
1.9500E+02	0.0000E+00	0.0000E+00	1.1328E+00
1.9600E+02	0.0000E+00	0.0000E+00	1.1270E+00
1.9700E+02	0.0000E+00	0.0000E+00	1.1358E+00
1.9800E+02	0.0000E+00	0.0000E+00	1.1339E+00
1.9900E+02	0.0000E+00	0.0000E+00	1.1337E+00
2.0000E+02	0.0000E+00	0.0000E+00	1.1356E+00
2.0100E+02	0.0000E+00	0.0000E+00	1.1219E+00
2.0200E+02	0.0000E+00	0.0000E+00	1.1208E+00
2.0300E+02	0.0000E+00	0.0000E+00	1.1298E+00
2.0400E+02	0.0000E+00	0.0000E+00	1.1221E+00
2.0500E+02	0.0000E+00	0.0000E+00	1.1452E+00
2.0600E+02	0.0000E+00	0.0000E+00	1.1560E+00
2.0700E+02	0.0000E+00	0.0000E+00	1.1473E+00
2.0800E+02	0.0000E+00	0.0000E+00	1.1622E+00
2.0900E+02	0.0000E+00	0.0000E+00	1.1723E+00
2.1000E+02	0.0000E+00	0.0000E+00	1.1843E+00
2.1100E+02	0.0000E+00	0.0000E+00	1.2000E+00
2.1200E+02	0.0000E+00	0.0000E+00	1.1992E+00
2.1300E+02	0.0000E+00	0.0000E+00	1.2013E+00
2.1400E+02	0.0000E+00	0.0000E+00	1.2041E+00
2.1500E+02	0.0000E+00	0.0000E+00	1.2047E+00
2.1600E+02	0.0000E+00	0.0000E+00	1.1967E+00
2.1700E+02	0.0000E+00	0.0000E+00	1.1829E+00
2.1800E+02	0.0000E+00	0.0000E+00	1.1776E+00
2.1900E+02	0.0000E+00	0.0000E+00	1.1764E+00
2.2000E+02	0.0000E+00	0.0000E+00	1.1637E+00
2.2100E+02	0.0000E+00	0.0000E+00	1.1547E+00
2.2200E+02	0.0000E+00	0.0000E+00	1.1487E+00
2.2300E+02	0.0000E+00	0.0000E+00	1.1494E+00
2.2400E+02	0.0000E+00	0.0000E+00	1.1396E+00
2.2500E+02	0.0000E+00	0.0000E+00	1.1424E+00
2.2600E+02	0.0000E+00	0.0000E+00	1.1336E+00
2.2700E+02	0.0000E+00	0.0000E+00	1.1374E+00
2.2800E+02	0.0000E+00	0.0000E+00	1.1308E+00
2.2900E+02	0.0000E+00	0.0000E+00	1.1375E+00
2.3000E+02	0.0000E+00	0.0000E+00	1.1446E+00
2.3100E+02	0.0000E+00	0.0000E+00	1.1537E+00
2.3200E+02	0.0000E+00	0.0000E+00	1.1606E+00
2.3300E+02	0.0000E+00	0.0000E+00	1.1698E+00
2.3400E+02	0.0000E+00	0.0000E+00	1.1728E+00
2.3500E+02	0.0000E+00	0.0000E+00	1.1817E+00
2.3600E+02	0.0000E+00	0.0000E+00	1.1767E+00
2.3700E+02	0.0000E+00	0.0000E+00	1.1849E+00
2.3800E+02	0.0000E+00	0.0000E+00	1.1859E+00
2.3900E+02	0.0000E+00	0.0000E+00	1.1898E+00
2.4000E+02	0.0000E+00	0.0000E+00	1.1908E+00
2.4100E+02	0.0000E+00	0.0000E+00	1.1819E+00
2.4200E+02	0.0000E+00	0.0000E+00	1.1749E+00
2.4300E+02	0.0000E+00	0.0000E+00	1.1738E+00
2.4400E+02	0.0000E+00	0.0000E+00	1.1706E+00
2.4500E+02	0.0000E+00	0.0000E+00	1.1606E+00
2.4600E+02	0.0000E+00	0.0000E+00	1.1605E+00
2.4700E+02	0.0000E+00	0.0000E+00	1.1506E+00
2.4800E+02	0.0000E+00	0.0000E+00	1.1416E+00
2.4900E+02	0.0000E+00	0.0000E+00	1.1524E+00
2.5000E+02	0.0000E+00	0.0000E+00	1.1463E+00
2.5100E+02	0.0000E+00	0.0000E+00	1.1345E+00
2.5200E+02	0.0000E+00	0.0000E+00	1.1364E+00
2.5300E+02	0.0000E+00	0.0000E+00	1.1375E+00
2.5400E+02	0.0000E+00	0.0000E+00	1.1355E+00
2.5500E+02	0.0000E+00	0.0000E+00	1.1336E+00
2.5600E+02	0.0000E+00	0.0000E+00	1.1455E+00
2.5700E+02	0.0000E+00	0.0000E+00	1.1300E+00
2.5800E+02	0.0000E+00	0.0000E+00	1.1425E+00
2.5900E+02	0.0000E+00	0.0000E+00	1.1454E+00
2.6000E+02	0.0000E+00	0.0000E+00	1.1398E+00
2.6100E+02	0.0000E+00	0.0000E+00	1.1447E+00
2.6200E+02	0.0000E+00	0.0000E+00	1.1494E+00
2.6300E+02	0.0000E+00	0.0000E+00	1.1573E+00
2.6400E+02	0.0000E+00	0.0000E+00	1.1437E+00
2.6500E+02	0.0000E+00	0.0000E+00	1.1437E+00
2.6600E+02	0.0000E+00	0.0000E+00	1.1375E+00
2.6700E+02	0.0000E+00	0.0000E+00	1.1266E+00
2.6800E+02	0.0000E+00	0.0000E+00	1.1246E+00
2.6900E+02	0.0000E+00	0.0000E+00	1.1273E+00
2.7000E+02	0.0000E+00	0.0000E+00	1.1164E+00
2.7100E+02	0.0000E+00	0.0000E+00	1.1194E+00
2.7200E+02	0.0000E+00	0.0000E+00	1.1222E+00
2.7300E+02	0.0000E+00	0.0000E+00	1.1065E+00
2.7400E+02	0.0000E+00	0.0000E+00	1.1123E+00
2.7500E+02	0.0000E+00	0.0000E+00	1.1004E+00
2.7600E+02	0.0000E+00	0.0000E+00	1.1084E+00
2.7700E+02	0.0000E+00	0.0000E+00	1.1152E+00
2.7800E+02	0.0000E+00	0.0000E+00	1.1123E+00
2.7900E+02	0.0000E+00	0.0000E+00	1.1104E+00
2.8000E+02	0.0000E+00	0.0000E+00	1.1142E+00
2.8100E+02	0.0000E+00	0.0000E+00	1.1034E+00
2.8200E+02	0.0000E+00	0.0000E+00	1.1004E+00
2.8300E+02	0.0000E+00	0.0000E+00	1.1012E+00
2.8400E+02	0.0000E+00	0.0000E+00	1.0914E+00
2.8500E+02	0.0000E+00	0.0000E+00	1.0932E+00
2.8600E+02	0.0000E+00	0.0000E+00	1.0844E+00
2.8700E+02	0.0000E+00	0.0000E+00	1.0880E+00
2.8800E+02	0.0000E+00	0.0000E+00	1.0881E+00
2.8900E+02	0.0000E+00	0.0000E+00	1.0792E+00
2.9000E+02	0.0000E+00	0.0000E+00	1.0802E+00
2.9100E+02	0.0000E+00	0.0000E+00	1.0752E+00
2.9200E+02	0.0000E+00	0.0000E+00	1.0683E+00
2.9300E+02	0.0000E+00	0.0000E+00	1.0660E+00
2.9400E+02	0.0000E+00	0.0000E+00	1.0513E+00
2.9500E+02	0.0000E+00	0.0000E+00	1.0599E+00
2.9600E+02	0.0000E+00	0.0000E+00	1.0502E+00
2.9700E+02	0.0000E+00	0.0000E+00	1.0503E+00
2.9800E+02	0.0000E+00	0.0000E+00	1.0632E+00
2.9900E+02	0.0000E+00	0.0000E+00	1.0621E+00
3.0000E+02	0.0000E+00	0.0000E+00	1.0672E+00
3.0100E+02	0.0000E+00	0.0000E+00	1.0673E+00
3.0200E+02	0.0000E+00	0.0000E+00	1.0603E+00
3.0300E+02	0.0000E+00	0.0000E+00	1.0582E+00
3.0400E+02	0.0000E+00	0.0000E+00	1.0571E+00
3.0500E+02	0.0000E+00	0.0000E+00	1.0482E+00
3.0600E+02	0.0000E+00	0.0000E+00	1.0470E+00
3.0700E+02	0.0000E+00	0.0000E+00	1.0401E+00
3.0800E+02	0.0000E+00	0.0000E+00	1.0389E+00
3.0900E+02	0.0000E+00	0.0000E+00	1.0281E+00
3.1000E+02	0.0000E+00	0.0000E+00	1.0235E+00
3.1100E+02	0.0000E+00	0.0000E+00	1.0247E+00
3.1200E+02	0.0000E+00	0.0000E+00	1.0140E+00
3.1300E+02	0.0000E+00	0.0000E+00	1.0100E+00
3.1400E+02	0.0000E+00	0.0000E+00	1.0006E+00
3.1500E+02	0.0000E+00	0.0000E+00	1.0055E+00
3.1600E+02	0.0000E+00	0.0000E+00	9.9740E-01
3.1700E+02	0.0000E+00	0.0000E+00	1.0072E+00
3.1800E+02	0.0000E+00	0.0000E+00	1.0109E+00
3.1900E+02	0.0000E+00	0.0000E+00	1.0137E+00
3.2000E+02	0.0000E+00	0.0000E+00	9.8946E-01
3.2100E+02	0.0000E+00	0.0000E+00	1.0061E+00
3.2200E+02	0.0000E+00	0.0000E+00	1.0214E+00
3.2300E+02	0.0000E+00	0.0000E+00	1.0216E+00
3.2400E+02	0.0000E+00	0.0000E+00	1.0269E+00
3.2500E+02	0.0000E+00	0.0000E+00	1.0175E+00
3.2600E+02	0.0000E+00	0.0000E+00	1.0137E+00
3.2700E+02	0.0000E+00	0.0000E+00	1.0155E+00
3.2800E+02	0.0000E+00	0.0000E+00	1.0080E+00
3.2900E+02	0.0000E+00	0.0000E+00	1.0127E+00
3.3000E+02	0.0000E+00	0.0000E+00	1.0096E+00
3.3100E+02	0.0000E+00	0.0000E+00	1.0163E+00
3.3200E+02	0.0000E+00	0.0000E+00	1.0095E+00
3.3300E+02	0.0000E+00	0.0000E+00	1.0098E+00
3.3400E+02	0.0000E+00	0.0000E+00	1.0050E+00
3.3500E+02	0.0000E+00	0.0000E+00	1.0100E+00
3.3600E+02	0.0000E+00	0.0000E+00	9.9985E-01
3.3700E+02	0.0000E+00	0.0000E+00	9.9527E-01
3.3800E+02	0.0000E+00	0.0000E+00	9.9632E-01
3.3900E+02	0.0000E+00	0.0000E+00	9.9174E-01
3.4000E+02	0.0000E+00	0.0000E+00	9.8999E-01
3.4100E+02	0.0000E+00	0.0000E+00	9.9216E-01
3.4200E+02	0.0000E+00	0.0000E+00	9.8345E-01
3.4300E+02	0.0000E+00	0.0000E+00	9.8235E-01
3.4400E+02	0.0000E+00	0.0000E+00	9.8035E-01
3.4500E+02	0.0000E+00	0.0000E+00	9.7868E-01
3.4600E+02	0.0000E+00	0.0000E+00	9.8934E-01
3.4700E+02	0.0000E+00	0.0000E+00	9.9279E-01
3.4800E+02	0.0000E+00	0.0000E+00	1.0010E+00
3.4900E+02	0.0000E+00	0.0000E+00	9.9371E-01
3.5000E+02	0.0000E+00	0.0000E+00	1.0002E+00
3.5100E+02	0.0000E+00	0.0000E+00	9.9893E-01
3.5200E+02	0.0000E+00	0.0000E+00	9.9079E-01
3.5300E+02	0.0000E+00	0.0000E+00	9.9915E-01
3.5400E+02	0.0000E+00	0.0000E+00	9.9963E-01
3.5500E+02	0.0000E+00	0.0000E+00	1.0085E+00
3.5600E+02	0.0000E+00	0.0000E+00	1.0124E+00
3.5700E+02	0.0000E+00	0.0000E+00	1.0079E+00
3.5800E+02	0.0000E+00	0.0000E+00	1.0144E+00
3.5900E+02	0.0000E+00	0.0000E+00	1.0104E+00
3.6000E+02	0.0000E+00	0.0000E+00	1.0051E+00
3.6100E+02	0.0000E+00	0.0000E+00	1.0095E+00
3.6200E+02	0.0000E+00	0.0000E+00	1.0055E+00
3.6300E+02	0.0000E+00	0.0000E+00	1.0043E+00
3.6400E+02	0.0000E+00	0.0000E+00	1.0007E+00
3.6500E+02	0.0000E+00	0.0000E+00	1.0053E+00
3.6600E+02	0.0000E+00	0.0000E+00	9.9083E-01
3.6700E+02	0.0000E+00	0.0000E+00	9.9494E-01
3.6800E+02	0.0000E+00	0.0000E+00	9.9077E-01
3.6900E+02	0.0000E+00	0.0000E+00	9.8919E-01
3.7000E+02	0.0000E+00	0.0000E+00	9.9841E-01
3.7100E+02	0.0000E+00	0.0000E+00	9.9919E-01
3.7200E+02	0.0000E+00	0.0000E+00	9.9727E-01
3.7300E+02	0.0000E+00	0.0000E+00	9.9552E-01
3.7400E+02	0.0000E+00	0.0000E+00	9.9752E-01
3.7500E+02	0.0000E+00	0.0000E+00	9.9970E-01
3.7600E+02	0.0000E+00	0.0000E+00	1.0014E+00
3.7700E+02	0.0000E+00	0.0000E+00	1.0066E+00
3.7800E+02	0.0000E+00	0.0000E+00	1.0128E+00
3.7900E+02	0.0000E+00	0.0000E+00	1.0165E+00
3.8000E+02	0.0000E+00	0.0000E+00	1.0190E+00
3.8100E+02	0.0000E+00	0.0000E+00	1.0213E+00
3.8200E+02	0.0000E+00	0.0000E+00	1.0165E+00
3.8300E+02	0.0000E+00	0.0000E+00	1.0192E+00
3.8400E+02	0.0000E+00	0.0000E+00	1.0152E+00
3.8500E+02	0.0000E+00	0.0000E+00	1.0105E+00
3.8600E+02	0.0000E+00	0.0000E+00	1.0083E+00
3.8700E+02	0.0000E+00	0.0000E+00	1.0087E+00
3.8800E+02	0.0000E+00	0.0000E+00	1.0028E+00
3.8900E+02	0.0000E+00	0.0000E+00	1.0037E+00
3.9000E+02	0.0000E+00	0.0000E+00	1.0025E+00
3.9100E+02	0.0000E+00	0.0000E+00	9.9896E-01
3.9200E+02	0.0000E+00	0.0000E+00	9.9542E-01
3.9300E+02	0.0000E+00	0.0000E+00	1.0046E+00
3.9400E+02	0.0000E+00	0.0000E+00	9.9988E-01
3.9500E+02	0.0000E+00	0.0000E+00	9.9434E-01
3.9600E+02	0.0000E+00	0.0000E+00	1.0043E+00
3.9700E+02	0.0000E+00	0.0000E+00	1.0019E+00
3.9800E+02	0.0000E+00	0.0000E+00	1.0057E+00
3.9900E+02	0.0000E+00	0.0000E+00	1.0173E+00
4.0000E+02	0.0000E+00	0.0000E+00	1.0303E+00
4.0100E+02	0.0000E+00	0.0000E+00	1.0591E+00
4.0200E+02	0.0000E+00	0.0000E+00	1.0714E+00
4.0300E+02	0.0000E+00	0.0000E+00	1.0823E+00
4.0400E+02	0.0000E+00	0.0000E+00	1.0834E+00
4.0500E+02	0.0000E+00	0.0000E+00	1.0812E+00
4.0600E+02	0.0000E+00	0.0000E+00	1.0783E+00
4.0700E+02	0.0000E+00	0.0000E+00	1.0684E+00
4.0800E+02	0.0000E+00	0.0000E+00	1.0675E+00
4.0900E+02	0.0000E+00	0.0000E+00	1.0713E+00
4.1000E+02	0.0000E+00	0.0000E+00	1.0691E+00
4.1100E+02	0.0000E+00	0.0000E+00	1.0612E+00
4.1200E+02	0.0000E+00	0.0000E+00	1.0580E+00
4.1300E+02	0.0000E+00	0.0000E+00	1.0425E+00
4.1400E+02	0.0000E+00	0.0000E+00	1.0531E+00
4.1500E+02	0.0000E+00	0.0000E+00	1.0413E+00
4.1600E+02	0.0000E+00	0.0000E+00	1.0451E+00
4.1700E+02	0.0000E+00	0.0000E+00	1.0451E+00
4.1800E+02	0.0000E+00	0.0000E+00	1.0441E+00
4.1900E+02	0.0000E+00	0.0000E+00	1.0480E+00
4.2000E+02	0.0000E+00	0.0000E+00	1.0520E+00
4.2100E+02	0.0000E+00	0.0000E+00	1.0540E+00
4.2200E+02	0.0000E+00	0.0000E+00	1.0651E+00
4.2300E+02	0.0000E+00	0.0000E+00	1.0761E+00
4.2400E+02	0.0000E+00	0.0000E+00	1.0873E+00
4.2500E+02	0.0000E+00	0.0000E+00	1.0944E+00
4.2600E+02	0.0000E+00	0.0000E+00	1.0975E+00
4.2700E+02	0.0000E+00	0.0000E+00	1.1114E+00
4.2800E+02	0.0000E+00	0.0000E+00	1.1204E+00
4.2900E+02	0.0000E+00	0.0000E+00	1.1174E+00
4.3000E+02	0.0000E+00	0.0000E+00	1.1116E+00
4.3100E+02	0.0000E+00	0.0000E+00	1.1134E+00
4.3200E+02	0.0000E+00	0.0000E+00	1.1084E+00
4.3300E+02	0.0000E+00	0.0000E+00	1.1006E+00
4.3400E+02	0.0000E+00	0.0000E+00	1.0994E+00
4.3500E+02	0.0000E+00	0.0000E+00	1.0964E+00
4.3600E+02	0.0000E+00	0.0000E+00	1.0934E+00
4.3700E+02	0.0000E+00	0.0000E+00	1.0943E+00
4.3800E+02	0.0000E+00	0.0000E+00	1.0874E+00
4.3900E+02	0.0000E+00	0.0000E+00	1.0806E+00
4.4000E+02	0.0000E+00	0.0000E+00	1.0784E+00
4.4100E+02	0.0000E+00	0.0000E+00	1.0822E+00
4.4200E+02	0.0000E+00	0.0000E+00	1.0763E+00
4.4300E+02	0.0000E+00	0.0000E+00	1.0754E+00
4.4400E+02	0.0000E+00	0.0000E+00	1.0862E+00
4.4500E+02	0.0000E+00	0.0000E+00	1.0883E+00
4.4600E+02	0.0000E+00	0.0000E+00	1.1012E+00
4.4700E+02	0.0000E+00	0.0000E+00	1.1063E+00
4.4800E+02	0.0000E+00	0.0000E+00	1.0977E+00
4.4900E+02	0.0000E+00	0.0000E+00	1.1186E+00
4.5000E+02	0.0000E+00	0.0000E+00	1.1256E+00
4.5100E+02	0.0000E+00	0.0000E+00	1.1356E+00
4.5200E+02	0.0000E+00	0.0000E+00	1.1335E+00
4.5300E+02	0.0000E+00	0.0000E+00	1.1453E+00
4.5400E+02	0.0000E+00	0.0000E+00	1.1345E+00
4.5500E+02	0.0000E+00	0.0000E+00	1.1274E+00
4.5600E+02	0.0000E+00	0.0000E+00	1.1147E+00
4.5700E+02	0.0000E+00	0.0000E+00	1.1224E+00
4.5800E+02	0.0000E+00	0.0000E+00	1.1183E+00
4.5900E+02	0.0000E+00	0.0000E+00	1.1074E+00
4.6000E+02	0.0000E+00	0.0000E+00	1.0986E+00
4.6100E+02	0.0000E+00	0.0000E+00	1.1004E+00
4.6200E+02	0.0000E+00	0.0000E+00	1.1002E+00
4.6300E+02	0.0000E+00	0.0000E+00	1.0962E+00
4.6400E+02	0.0000E+00	0.0000E+00	1.0893E+00
4.6500E+02	0.0000E+00	0.0000E+00	1.0962E+00
4.6600E+02	0.0000E+00	0.0000E+00	1.0903E+00
4.6700E+02	0.0000E+00	0.0000E+00	1.0990E+00
4.6800E+02	0.0000E+00	0.0000E+00	1.0846E+00
4.6900E+02	0.0000E+00	0.0000E+00	1.0925E+00
4.7000E+02	0.0000E+00	0.0000E+00	1.0993E+00
4.7100E+02	0.0000E+00	0.0000E+00	1.0984E+00
4.7200E+02	0.0000E+00	0.0000E+00	1.1063E+00
4.7300E+02	0.0000E+00	0.0000E+00	1.1093E+00
4.7400E+02	0.0000E+00	0.0000E+00	1.1074E+00
4.7500E+02	0.0000E+00	0.0000E+00	1.1132E+00
4.7600E+02	0.0000E+00	0.0000E+00	1.1083E+00
4.7700E+02	0.0000E+00	0.0000E+00	1.1063E+00
4.7800E+02	0.0000E+00	0.0000E+00	1.1061E+00
4.7900E+02	0.0000E+00	0.0000E+00	1.1053E+00
4.8000E+02	0.0000E+00	0.0000E+00	1.0894E+00
4.8100E+02	0.0000E+00	0.0000E+00	1.0815E+00
4.8200E+02	0.0000E+00	0.0000E+00	1.0871E+00
4.8300E+02	0.0000E+00	0.0000E+00	1.0823E+00
4.8400E+02	0.0000E+00	0.0000E+00	1.0802E+00
4.8500E+02	0.0000E+00	0.0000E+00	1.0751E+00
4.8600E+02	0.0000E+00	0.0000E+00	1.0771E+00
4.8700E+02	0.0000E+00	0.0000E+00	1.0761E+00
4.8800E+02	0.0000E+00	0.0000E+00	1.0662E+00
4.8900E+02	0.0000E+00	0.0000E+00	1.0643E+00
4.9000E+02	0.0000E+00	0.0000E+00	1.0720E+00
4.9100E+02	0.0000E+00	0.0000E+00	1.0652E+00
4.9200E+02	0.0000E+00	0.0000E+00	1.0623E+00
4.9300E+02	0.0000E+00	0.0000E+00	1.0643E+00
4.9400E+02	0.0000E+00	0.0000E+00	1.0662E+00
4.9500E+02	0.0000E+00	0.0000E+00	1.0634E+00
4.9600E+02	0.0000E+00	0.0000E+00	1.0693E+00
4.9700E+02	0.0000E+00	0.0000E+00	1.0681E+00
4.9800E+02	0.0000E+00	0.0000E+00	1.0702E+00
4.9900E+02	0.0000E+00	0.0000E+00	1.0671E+00
5.0000E+02	0.0000E+00	0.0000E+00	1.0582E+00
5.0100E+02	0.0000E+00	0.0000E+00	1.0551E+00
5.0200E+02	0.0000E+00	0.0000E+00	1.0560E+00
5.0300E+02	0.0000E+00	0.0000E+00	1.0472E+00
5.0400E+02	0.0000E+00	0.0000E+00	1.0480E+00
5.0500E+02	0.0000E+00	0.0000E+00	1.0479E+00
5.0600E+02	0.0000E+00	0.0000E+00	1.0420E+00
5.0700E+02	0.0000E+00	0.0000E+00	1.0421E+00
5.0800E+02	0.0000E+00	0.0000E+00	1.0351E+00
5.0900E+02	0.0000E+00	0.0000E+00	1.0380E+00
5.1000E+02	0.0000E+00	0.0000E+00	1.0321E+00
5.1100E+02	0.0000E+00	0.0000E+00	1.0312E+00
5.1200E+02	0.0000E+00	0.0000E+00	1.0311E+00
5.1300E+02	0.0000E+00	0.0000E+00	1.0369E+00
5.1400E+02	0.0000E+00	0.0000E+00	1.0330E+00
5.1500E+02	0.0000E+00	0.0000E+00	1.0339E+00
5.1600E+02	0.0000E+00	0.0000E+00	1.0311E+00
5.1700E+02	0.0000E+00	0.0000E+00	1.0360E+00
5.1800E+02	0.0000E+00	0.0000E+00	1.0409E+00
5.1900E+02	0.0000E+00	0.0000E+00	1.0480E+00
5.2000E+02	0.0000E+00	0.0000E+00	1.0493E+00
5.2100E+02	0.0000E+00	0.0000E+00	1.0601E+00
5.2200E+02	0.0000E+00	0.0000E+00	1.0652E+00
5.2300E+02	0.0000E+00	0.0000E+00	1.0751E+00
5.2400E+02	0.0000E+00	0.0000E+00	1.0782E+00
5.2500E+02	0.0000E+00	0.0000E+00	1.0724E+00
5.2600E+02	0.0000E+00	0.0000E+00	1.0723E+00
5.2700E+02	0.0000E+00	0.0000E+00	1.0713E+00
5.2800E+02	0.0000E+00	0.0000E+00	1.0573E+00
5.2900E+02	0.0000E+00	0.0000E+00	1.0572E+00
5.3000E+02	0.0000E+00	0.0000E+00	1.0580E+00
5.3100E+02	0.0000E+00	0.0000E+00	1.0471E+00
5.3200E+02	0.0000E+00	0.0000E+00	1.0470E+00
5.3300E+02	0.0000E+00	0.0000E+00	1.0421E+00
5.3400E+02	0.0000E+00	0.0000E+00	1.0390E+00
5.3500E+02	0.0000E+00	0.0000E+00	1.0320E+00
5.3600E+02	0.0000E+00	0.0000E+00	1.0350E+00
5.3700E+02	0.0000E+00	0.0000E+00	1.0300E+00
5.3800E+02	0.0000E+00	0.0000E+00	1.0389E+00
5.3900E+02	0.0000E+00	0.0000E+00	1.0359E+00
5.4000E+02	0.0000E+00	0.0000E+00	1.0310E+00
5.4100E+02	0.0000E+00	0.0000E+00	1.0361E+00
5.4200E+02	0.0000E+00	0.0000E+00	1.0521E+00
5.4300E+02	0.0000E+00	0.0000E+00	1.0591E+00
5.4400E+02	0.0000E+00	0.0000E+00	1.0771E+00
5.4500E+02	0.0000E+00	0.0000E+00	1.0875E+00
5.4600E+02	0.0000E+00	0.0000E+00	1.1064E+00
5.4700E+02	0.0000E+00	0.0000E+00	1.1154E+00
5.4800E+02	0.0000E+00	0.0000E+00	1.1214E+00
5.4900E+02	0.0000E+00	0.0000E+00	1.1234E+00
5.5000E+02	0.0000E+00	0.0000E+00	1.1174E+00
5.5100E+02	0.0000E+00	0.0000E+00	1.1075E+00
5.5200E+02	0.0000E+00	0.0000E+00	1.1014E+00
5.5300E+02	0.0000E+00	0.0000E+00	1.0944E+00
5.5400E+02	0.0000E+00	0.0000E+00	1.0874E+00
5.5500E+02	0.0000E+00	0.0000E+00	1.0853E+00
5.5600E+02	0.0000E+00	0.0000E+00	1.0842E+00
5.5700E+02	0.0000E+00	0.0000E+00	1.0803E+00
5.5800E+02	0.0000E+00	0.0000E+00	1.0752E+00
5.5900E+02	0.0000E+00	0.0000E+00	1.0642E+00
5.6000E+02	0.0000E+00	0.0000E+00	1.0721E+00
5.6100E+02	0.0000E+00	0.0000E+00	1.0711E+00
5.6200E+02	0.0000E+00	0.0000E+00	1.0672E+00
5.6300E+02	0.0000E+00	0.0000E+00	1.0691E+00
5.6400E+02	0.0000E+00	0.0000E+00	1.0740E+00
5.6500E+02	0.0000E+00	0.0000E+00	1.0772E+00
5.6600E+02	0.0000E+00	0.0000E+00	1.0844E+00
5.6700E+02	0.0000E+00	0.0000E+00	1.1122E+00
5.6800E+02	0.0000E+00	0.0000E+00	1.1275E+00
5.6900E+02	0.0000E+00	0.0000E+00	1.1525E+00
5.7000E+02	0.0000E+00	0.0000E+00	1.1767E+00
5.7100E+02	0.0000E+00	0.0000E+00	1.1906E+00
5.7200E+02	0.0000E+00	0.0000E+00	1.1840E+00
5.7300E+02	0.0000E+00	0.0000E+00	1.1839E+00
5.7400E+02	0.0000E+00	0.0000E+00	1.1730E+00
5.7500E+02	0.0000E+00	0.0000E+00	1.1720E+00
5.7600E+02	0.0000E+00	0.0000E+00	1.1639E+00
5.7700E+02	0.0000E+00	0.0000E+00	1.1490E+00
5.7800E+02	0.0000E+00	0.0000E+00	1.1558E+00
5.7900E+02	0.0000E+00	0.0000E+00	1.1487E+00
5.8000E+02	0.0000E+00	0.0000E+00	1.1310E+00
5.8100E+02	0.0000E+00	0.0000E+00	1.1376E+00
5.8200E+02	0.0000E+00	0.0000E+00	1.1355E+00
5.8300E+02	0.0000E+00	0.0000E+00	1.1207E+00
5.8400E+02	0.0000E+00	0.0000E+00	1.1224E+00
5.8500E+02	0.0000E+00	0.0000E+00	1.1196E+00
5.8600E+02	0.0000E+00	0.0000E+00	1.1195E+00
5.8700E+02	0.0000E+00	0.0000E+00	1.1176E+00
5.8800E+02	0.0000E+00	0.0000E+00	1.1254E+00
5.8900E+02	0.0000E+00	0.0000E+00	1.1384E+00
5.9000E+02	0.0000E+00	0.0000E+00	1.1505E+00
5.9100E+02	0.0000E+00	0.0000E+00	1.1600E+00
5.9200E+02	0.0000E+00	0.0000E+00	1.1930E+00
5.9300E+02	0.0000E+00	0.0000E+00	1.2150E+00
5.9400E+02	0.0000E+00	0.0000E+00	1.2351E+00
5.9500E+02	0.0000E+00	0.0000E+00	1.2481E+00
5.9600E+02	0.0000E+00	0.0000E+00	1.2424E+00
5.9700E+02	0.0000E+00	0.0000E+00	1.2502E+00
5.9800E+02	0.0000E+00	0.0000E+00	1.2409E+00
5.9900E+02	0.0000E+00	0.0000E+00	1.2186E+00
6.0000E+02	0.0000E+00	0.0000E+00	1.2259E+00
6.0100E+02	0.0000E+00	0.0000E+00	1.2209E+00
6.0200E+02	0.0000E+00	0.0000E+00	1.2078E+00
6.0300E+02	0.0000E+00	0.0000E+00	1.2018E+00
6.0400E+02	0.0000E+00	0.0000E+00	1.1830E+00
6.0500E+02	0.0000E+00	0.0000E+00	1.1868E+00
6.0600E+02	0.0000E+00	0.0000E+00	1.1897E+00
6.0700E+02	0.0000E+00	0.0000E+00	1.1700E+00
6.0800E+02	0.0000E+00	0.0000E+00	1.1836E+00
6.0900E+02	0.0000E+00	0.0000E+00	1.1747E+00
6.1000E+02	0.0000E+00	0.0000E+00	1.1796E+00
6.1100E+02	0.0000E+00	0.0000E+00	1.1785E+00
6.1200E+02	0.0000E+00	0.0000E+00	1.1883E+00
6.1300E+02	0.0000E+00	0.0000E+00	1.1876E+00
6.1400E+02	0.0000E+00	0.0000E+00	1.1879E+00
6.1500E+02	0.0000E+00	0.0000E+00	1.2206E+00
6.1600E+02	0.0000E+00	0.0000E+00	1.2221E+00
6.1700E+02	0.0000E+00	0.0000E+00	1.2361E+00
6.1800E+02	0.0000E+00	0.0000E+00	1.2404E+00
6.1900E+02	0.0000E+00	0.0000E+00	1.2739E+00
6.2000E+02	0.0000E+00	0.0000E+00	1.2771E+00
6.2100E+02	0.0000E+00	0.0000E+00	1.2752E+00
6.2200E+02	0.0000E+00	0.0000E+00	1.2849E+00
6.2300E+02	0.0000E+00	0.0000E+00	1.2566E+00
6.2400E+02	0.0000E+00	0.0000E+00	1.2556E+00
6.2500E+02	0.0000E+00	0.0000E+00	1.2730E+00
6.2600E+02	0.0000E+00	0.0000E+00	1.2711E+00
6.2700E+02	0.0000E+00	0.0000E+00	1.2671E+00
6.2800E+02	0.0000E+00	0.0000E+00	1.2551E+00
6.2900E+02	0.0000E+00	0.0000E+00	1.2560E+00
6.3000E+02	0.0000E+00	0.0000E+00	1.2431E+00
6.3100E+02	0.0000E+00	0.0000E+00	1.2373E+00
6.3200E+02	0.0000E+00	0.0000E+00	1.2539E+00
6.3300E+02	0.0000E+00	0.0000E+00	1.2332E+00
6.3400E+02	0.0000E+00	0.0000E+00	1.2371E+00
6.3500E+02	0.0000E+00	0.0000E+00	1.2429E+00
6.3600E+02	0.0000E+00	0.0000E+00	1.2508E+00
6.3700E+02	0.0000E+00	0.0000E+00	1.2448E+00
6.3800E+02	0.0000E+00	0.0000E+00	1.2440E+00
6.3900E+02	0.0000E+00	0.0000E+00	1.2472E+00
6.4000E+02	0.0000E+00	0.0000E+00	1.2404E+00
6.4100E+02	0.0000E+00	0.0000E+00	1.2445E+00
6.4200E+02	0.0000E+00	0.0000E+00	1.2675E+00
6.4300E+02	0.0000E+00	0.0000E+00	1.2835E+00
6.4400E+02	0.0000E+00	0.0000E+00	1.2999E+00
6.4500E+02	0.0000E+00	0.0000E+00	1.3030E+00
6.4600E+02	0.0000E+00	0.0000E+00	1.3294E+00
6.4700E+02	0.0000E+00	0.0000E+00	1.3068E+00
6.4800E+02	0.0000E+00	0.0000E+00	1.2883E+00
6.4900E+02	0.0000E+00	0.0000E+00	1.2884E+00
6.5000E+02	0.0000E+00	0.0000E+00	1.2979E+00
6.5100E+02	0.0000E+00	0.0000E+00	1.2916E+00
6.5200E+02	0.0000E+00	0.0000E+00	1.2896E+00
6.5300E+02	0.0000E+00	0.0000E+00	1.2766E+00
6.5400E+02	0.0000E+00	0.0000E+00	1.2622E+00
6.5500E+02	0.0000E+00	0.0000E+00	1.2796E+00
6.5600E+02	0.0000E+00	0.0000E+00	1.2707E+00
6.5700E+02	0.0000E+00	0.0000E+00	1.2443E+00
6.5800E+02	0.0000E+00	0.0000E+00	1.2670E+00
6.5900E+02	0.0000E+00	0.0000E+00	1.2773E+00
6.6000E+02	0.0000E+00	0.0000E+00	1.2645E+00
6.6100E+02	0.0000E+00	0.0000E+00	1.2869E+00
6.6200E+02	0.0000E+00	0.0000E+00	1.2606E+00
6.6300E+02	0.0000E+00	0.0000E+00	1.2706E+00
6.6400E+02	0.0000E+00	0.0000E+00	1.2797E+00
6.6500E+02	0.0000E+00	0.0000E+00	1.2828E+00
6.6600E+02	0.0000E+00	0.0000E+00	1.3021E+00
6.6700E+02	0.0000E+00	0.0000E+00	1.3286E+00
6.6800E+02	0.0000E+00	0.0000E+00	1.3561E+00
6.6900E+02	0.0000E+00	0.0000E+00	1.3682E+00
6.7000E+02	0.0000E+00	0.0000E+00	1.3859E+00
6.7100E+02	0.0000E+00	0.0000E+00	1.3860E+00
6.7200E+02	0.0000E+00	0.0000E+00	1.3811E+00
6.7300E+02	0.0000E+00	0.0000E+00	1.3830E+00
6.7400E+02	0.0000E+00	0.0000E+00	1.3820E+00
6.7500E+02	0.0000E+00	0.0000E+00	1.3890E+00
6.7600E+02	0.0000E+00	0.0000E+00	1.3730E+00
6.7700E+02	0.0000E+00	0.0000E+00	1.3515E+00
6.7800E+02	0.0000E+00	0.0000E+00	1.3631E+00
6.7900E+02	0.0000E+00	0.0000E+00	1.3336E+00
6.8000E+02	0.0000E+00	0.0000E+00	1.3522E+00
6.8100E+02	0.0000E+00	0.0000E+00	1.3406E+00
6.8200E+02	0.0000E+00	0.0000E+00	1.3296E+00
6.8300E+02	0.0000E+00	0.0000E+00	1.3374E+00
6.8400E+02	0.0000E+00	0.0000E+00	1.3451E+00
6.8500E+02	0.0000E+00	0.0000E+00	1.3343E+00
6.8600E+02	0.0000E+00	0.0000E+00	1.3234E+00
6.8700E+02	0.0000E+00	0.0000E+00	1.3241E+00
6.8800E+02	0.0000E+00	0.0000E+00	1.3126E+00
6.8900E+02	0.0000E+00	0.0000E+00	1.3153E+00
6.9000E+02	0.0000E+00	0.0000E+00	1.2992E+00
6.9100E+02	0.0000E+00	0.0000E+00	1.3013E+00
6.9200E+02	0.0000E+00	0.0000E+00	1.3009E+00
6.9300E+02	0.0000E+00	0.0000E+00	1.3001E+00
6.9400E+02	0.0000E+00	0.0000E+00	1.3006E+00
6.9500E+02	0.0000E+00	0.0000E+00	1.2850E+00
6.9600E+02	0.0000E+00	0.0000E+00	1.2751E+00
6.9700E+02	0.0000E+00	0.0000E+00	1.2761E+00
6.9800E+02	0.0000E+00	0.0000E+00	1.2731E+00
6.9900E+02	0.0000E+00	0.0000E+00	1.2611E+00
7.0000E+02	0.0000E+00	0.0000E+00	1.2666E+00
7.0100E+02	0.0000E+00	0.0000E+00	1.2599E+00
7.0200E+02	0.0000E+00	0.0000E+00	1.2610E+00
7.0300E+02	0.0000E+00	0.0000E+00	1.2576E+00
7.0400E+02	0.0000E+00	0.0000E+00	1.2518E+00
7.0500E+02	0.0000E+00	0.0000E+00	1.2429E+00
7.0600E+02	0.0000E+00	0.0000E+00	1.2370E+00
7.0700E+02	0.0000E+00	0.0000E+00	1.2370E+00
7.0800E+02	0.0000E+00	0.0000E+00	1.2436E+00
7.0900E+02	0.0000E+00	0.0000E+00	1.2426E+00
7.1000E+02	0.0000E+00	0.0000E+00	1.2269E+00
7.1100E+02	0.0000E+00	0.0000E+00	1.2384E+00
7.1200E+02	0.0000E+00	0.0000E+00	1.2315E+00
7.1300E+02	0.0000E+00	0.0000E+00	1.2267E+00
7.1400E+02	0.0000E+00	0.0000E+00	1.2352E+00
7.1500E+02	0.0000E+00	0.0000E+00	1.2347E+00
7.1600E+02	0.0000E+00	0.0000E+00	1.2267E+00
7.1700E+02	0.0000E+00	0.0000E+00	1.2245E+00
7.1800E+02	0.0000E+00	0.0000E+00	1.2158E+00
7.1900E+02	0.0000E+00	0.0000E+00	1.2104E+00
7.2000E+02	0.0000E+00	0.0000E+00	1.2053E+00
7.2100E+02	0.0000E+00	0.0000E+00	1.2022E+00
7.2200E+02	0.0000E+00	0.0000E+00	1.1924E+00
7.2300E+02	0.0000E+00	0.0000E+00	1.1933E+00
7.2400E+02	0.0000E+00	0.0000E+00	1.1876E+00
7.2500E+02	0.0000E+00	0.0000E+00	1.1835E+00
7.2600E+02	0.0000E+00	0.0000E+00	1.1871E+00
7.2700E+02	0.0000E+00	0.0000E+00	1.1743E+00
7.2800E+02	0.0000E+00	0.0000E+00	1.1743E+00
7.2900E+02	0.0000E+00	0.0000E+00	1.1745E+00
7.3000E+02	0.0000E+00	0.0000E+00	1.1764E+00
7.3100E+02	0.0000E+00	0.0000E+00	1.1792E+00
7.3200E+02	0.0000E+00	0.0000E+00	1.1772E+00
7.3300E+02	0.0000E+00	0.0000E+00	1.1734E+00
7.3400E+02	0.0000E+00	0.0000E+00	1.1693E+00
7.3500E+02	0.0000E+00	0.0000E+00	1.1742E+00
7.3600E+02	0.0000E+00	0.0000E+00	1.1710E+00
7.3700E+02	0.0000E+00	0.0000E+00	1.1662E+00
7.3800E+02	0.0000E+00	0.0000E+00	1.1573E+00
7.3900E+02	0.0000E+00	0.0000E+00	1.1661E+00
7.4000E+02	0.0000E+00	0.0000E+00	1.1621E+00
7.4100E+02	0.0000E+00	0.0000E+00	1.1533E+00
7.4200E+02	0.0000E+00	0.0000E+00	1.1591E+00
7.4300E+02	0.0000E+00	0.0000E+00	1.1549E+00
7.4400E+02	0.0000E+00	0.0000E+00	1.1481E+00
7.4500E+02	0.0000E+00	0.0000E+00	1.1490E+00
7.4600E+02	0.0000E+00	0.0000E+00	1.1471E+00
7.4700E+02	0.0000E+00	0.0000E+00	1.1448E+00
7.4800E+02	0.0000E+00	0.0000E+00	1.1419E+00
7.4900E+02	0.0000E+00	0.0000E+00	1.1420E+00
7.5000E+02	0.0000E+00	0.0000E+00	1.1371E+00
7.5100E+02	0.0000E+00	0.0000E+00	1.1413E+00
7.5200E+02	0.0000E+00	0.0000E+00	1.1441E+00
7.5300E+02	0.0000E+00	0.0000E+00	1.1431E+00
7.5400E+02	0.0000E+00	0.0000E+00	1.1431E+00
7.5500E+02	0.0000E+00	0.0000E+00	1.1450E+00
7.5600E+02	0.0000E+00	0.0000E+00	1.1411E+00
7.5700E+02	0.0000E+00	0.0000E+00	1.1432E+00
7.5800E+02	0.0000E+00	0.0000E+00	1.1364E+00
7.5900E+02	0.0000E+00	0.0000E+00	1.1492E+00
7.6000E+02	0.0000E+00	0.0000E+00	1.1531E+00
7.6100E+02	0.0000E+00	0.0000E+00	1.1531E+00
7.6200E+02	0.0000E+00	0.0000E+00	1.1531E+00
7.6300E+02	0.0000E+00	0.0000E+00	1.1452E+00
7.6400E+02	0.0000E+00	0.0000E+00	1.1451E+00
7.6500E+02	0.0000E+00	0.0000E+00	1.1391E+00
7.6600E+02	0.0000E+00	0.0000E+00	1.1349E+00
7.6700E+02	0.0000E+00	0.0000E+00	1.1260E+00
7.6800E+02	0.0000E+00	0.0000E+00	1.1154E+00
7.6900E+02	0.0000E+00	0.0000E+00	1.1141E+00
7.7000E+02	0.0000E+00	0.0000E+00	1.1092E+00
7.7100E+02	0.0000E+00	0.0000E+00	1.1071E+00
7.7200E+02	0.0000E+00	0.0000E+00	1.1001E+00
7.7300E+02	0.0000E+00	0.0000E+00	1.1011E+00
7.7400E+02	0.0000E+00	0.0000E+00	1.1001E+00
7.7500E+02	0.0000E+00	0.0000E+00	1.0991E+00
7.7600E+02	0.0000E+00	0.0000E+00	1.0932E+00
7.7700E+02	0.0000E+00	0.0000E+00	1.0970E+00
7.7800E+02	0.0000E+00	0.0000E+00	1.0951E+00
7.7900E+02	0.0000E+00	0.0000E+00	1.1020E+00
7.8000E+02	0.0000E+00	0.0000E+00	1.1040E+00
7.8100E+02	0.0000E+00	0.0000E+00	1.1001E+00
7.8200E+02	0.0000E+00	0.0000E+00	1.0982E+00
7.8300E+02	0.0000E+00	0.0000E+00	1.0991E+00
7.8400E+02	0.0000E+00	0.0000E+00	1.1020E+00
7.8500E+02	0.0000E+00	0.0000E+00	1.0959E+00
7.8600E+02	0.0000E+00	0.0000E+00	1.0969E+00
7.8700E+02	0.0000E+00	0.0000E+00	1.0989E+00
7.8800E+02	0.0000E+00	0.0000E+00	1.0919E+00
7.8900E+02	0.0000E+00	0.0000E+00	1.0879E+00
7.9000E+02	0.0000E+00	0.0000E+00	1.0897E+00
7.9100E+02	0.0000E+00	0.0000E+00	1.0870E+00
7.9200E+02	0.0000E+00	0.0000E+00	1.0880E+00
7.9300E+02	0.0000E+00	0.0000E+00	1.0819E+00
7.9400E+02	0.0000E+00	0.0000E+00	1.0769E+00
7.9500E+02	0.0000E+00	0.0000E+00	1.0798E+00
7.9600E+02	0.0000E+00	0.0000E+00	1.0700E+00
7.9700E+02	0.0000E+00	0.0000E+00	1.0660E+00
7.9800E+02	0.0000E+00	0.0000E+00	1.0710E+00
7.9900E+02	0.0000E+00	0.0000E+00	1.0700E+00
8.0000E+02	0.0000E+00	0.0000E+00	1.0689E+00
8.0100E+02	0.0000E+00	0.0000E+00	1.0678E+00
8.0200E+02	0.0000E+00	0.0000E+00	1.0649E+00
8.0300E+02	0.0000E+00	0.0000E+00	1.0630E+00
8.0400E+02	0.0000E+00	0.0000E+00	1.0668E+00
8.0500E+02	0.0000E+00	0.0000E+00	1.0619E+00
8.0600E+02	0.0000E+00	0.0000E+00	1.0590E+00
8.0700E+02	0.0000E+00	0.0000E+00	1.0598E+00
8.0800E+02	0.0000E+00	0.0000E+00	1.0588E+00
8.0900E+02	0.0000E+00	0.0000E+00	1.0589E+00
8.1000E+02	0.0000E+00	0.0000E+00	1.0598E+00
8.1100E+02	0.0000E+00	0.0000E+00	1.0599E+00
8.1200E+02	0.0000E+00	0.0000E+00	1.0628E+00
8.1300E+02	0.0000E+00	0.0000E+00	1.0549E+00
8.1400E+02	0.0000E+00	0.0000E+00	1.0578E+00
8.1500E+02	0.0000E+00	0.0000E+00	1.0559E+00
8.1600E+02	0.0000E+00	0.0000E+00	1.0568E+00
8.1700E+02	0.0000E+00	0.0000E+00	1.0511E+00
8.1800E+02	0.0000E+00	0.0000E+00	1.0530E+00
8.1900E+02	0.0000E+00	0.0000E+00	1.0510E+00
8.2000E+02	0.0000E+00	0.0000E+00	1.0500E+00
8.2100E+02	0.0000E+00	0.0000E+00	1.0458E+00
8.2200E+02	0.0000E+00	0.0000E+00	1.0429E+00
8.2300E+02	0.0000E+00	0.0000E+00	1.0468E+00
8.2400E+02	0.0000E+00	0.0000E+00	1.0468E+00
8.2500E+02	0.0000E+00	0.0000E+00	1.0497E+00
8.2600E+02	0.0000E+00	0.0000E+00	1.0410E+00
8.2700E+02	0.0000E+00	0.0000E+00	1.0468E+00
8.2800E+02	0.0000E+00	0.0000E+00	1.0457E+00
8.2900E+02	0.0000E+00	0.0000E+00	1.0380E+00
8.3000E+02	0.0000E+00	0.0000E+00	1.0436E+00
8.3100E+02	0.0000E+00	0.0000E+00	1.0378E+00
8.3200E+02	0.0000E+00	0.0000E+00	1.0409E+00
8.3300E+02	0.0000E+00	0.0000E+00	1.0488E+00
8.3400E+02	0.0000E+00	0.0000E+00	1.0499E+00
8.3500E+02	0.0000E+00	0.0000E+00	1.0587E+00
8.3600E+02	0.0000E+00	0.0000E+00	1.0668E+00
8.3700E+02	0.0000E+00	0.0000E+00	1.0588E+00
8.3800E+02	0.0000E+00	0.0000E+00	1.0529E+00
8.3900E+02	0.0000E+00	0.0000E+00	1.0547E+00
8.4000E+02	0.0000E+00	0.0000E+00	1.0488E+00
8.4100E+02	0.0000E+00	0.0000E+00	1.0457E+00
8.4200E+02	0.0000E+00	0.0000E+00	1.0389E+00
8.4300E+02	0.0000E+00	0.0000E+00	1.0407E+00
8.4400E+02	0.0000E+00	0.0000E+00	1.0397E+00
8.4500E+02	0.0000E+00	0.0000E+00	1.0327E+00
8.4600E+02	0.0000E+00	0.0000E+00	1.0278E+00
8.4700E+02	0.0000E+00	0.0000E+00	1.0306E+00
8.4800E+02	0.0000E+00	0.0000E+00	1.0326E+00
8.4900E+02	0.0000E+00	0.0000E+00	1.0268E+00
8.5000E+02	0.0000E+00	0.0000E+00	1.0269E+00
8.5100E+02	0.0000E+00	0.0000E+00	1.0288E+00
8.5200E+02	0.0000E+00	0.0000E+00	1.0298E+00
8.5300E+02	0.0000E+00	0.0000E+00	1.0289E+00
8.5400E+02	0.0000E+00	0.0000E+00	1.0308E+00
8.5500E+02	0.0000E+00	0.0000E+00	1.0253E+00
8.5600E+02	0.0000E+00	0.0000E+00	1.0278E+00
8.5700E+02	0.0000E+00	0.0000E+00	1.0308E+00
8.5800E+02	0.0000E+00	0.0000E+00	1.0318E+00
8.5900E+02	0.0000E+00	0.0000E+00	1.0436E+00
8.6000E+02	0.0000E+00	0.0000E+00	1.0429E+00
8.6100E+02	0.0000E+00	0.0000E+00	1.0439E+00
8.6200E+02	0.0000E+00	0.0000E+00	1.0460E+00
8.6300E+02	0.0000E+00	0.0000E+00	1.0508E+00
8.6400E+02	0.0000E+00	0.0000E+00	1.0519E+00
8.6500E+02	0.0000E+00	0.0000E+00	1.0499E+00
8.6600E+02	0.0000E+00	0.0000E+00	1.0508E+00
8.6700E+02	0.0000E+00	0.0000E+00	1.0429E+00
8.6800E+02	0.0000E+00	0.0000E+00	1.0487E+00
8.6900E+02	0.0000E+00	0.0000E+00	1.0429E+00
8.7000E+02	0.0000E+00	0.0000E+00	1.0379E+00
8.7100E+02	0.0000E+00	0.0000E+00	1.0339E+00
8.7200E+02	0.0000E+00	0.0000E+00	1.0330E+00
8.7300E+02	0.0000E+00	0.0000E+00	1.0319E+00
8.7400E+02	0.0000E+00	0.0000E+00	1.0368E+00
8.7500E+02	0.0000E+00	0.0000E+00	1.0369E+00
8.7600E+02	0.0000E+00	0.0000E+00	1.0349E+00
8.7700E+02	0.0000E+00	0.0000E+00	1.0377E+00
8.7800E+02	0.0000E+00	0.0000E+00	1.0318E+00
8.7900E+02	0.0000E+00	0.0000E+00	1.0338E+00
8.8000E+02	0.0000E+00	0.0000E+00	1.0339E+00
8.8100E+02	0.0000E+00	0.0000E+00	1.0399E+00
8.8200E+02	0.0000E+00	0.0000E+00	1.0469E+00
8.8300E+02	0.0000E+00	0.0000E+00	1.0569E+00
8.8400E+02	0.0000E+00	0.0000E+00	1.0610E+00
8.8500E+02	0.0000E+00	0.0000E+00	1.0670E+00
8.8600E+02	0.0000E+00	0.0000E+00	1.0740E+00
8.8700E+02	0.0000E+00	0.0000E+00	1.0782E+00
8.8800E+02	0.0000E+00	0.0000E+00	1.0839E+00
8.8900E+02	0.0000E+00	0.0000E+00	1.0813E+00
8.9000E+02	0.0000E+00	0.0000E+00	1.0831E+00
8.9100E+02	0.0000E+00	0.0000E+00	1.0771E+00
8.9200E+02	0.0000E+00	0.0000E+00	1.0779E+00
8.9300E+02	0.0000E+00	0.0000E+00	1.0809E+00
8.9400E+02	0.0000E+00	0.0000E+00	1.0758E+00
8.9500E+02	0.0000E+00	0.0000E+00	1.0756E+00
8.9600E+02	0.0000E+00	0.0000E+00	1.0680E+00
8.9700E+02	0.0000E+00	0.0000E+00	1.0679E+00
8.9800E+02	0.0000E+00	0.0000E+00	1.0689E+00
8.9900E+02	0.0000E+00	0.0000E+00	1.0738E+00
9.0000E+02	0.0000E+00	0.0000E+00	1.0092E+00
9.0100E+02	0.0000E+00	0.0000E+00	1.0121E+00
9.0200E+02	0.0000E+00	0.0000E+00	1.0134E+00
9.0300E+02	0.0000E+00	0.0000E+00	1.0116E+00
9.0400E+02	0.0000E+00	0.0000E+00	1.0150E+00
9.0500E+02	0.0000E+00	0.0000E+00	1.0203E+00
9.0600E+02	0.0000E+00	0.0000E+00	1.0255E+00
9.0700E+02	0.0000E+00	0.0000E+00	1.0258E+00
9.0800E+02	0.0000E+00	0.0000E+00	1.0309E+00
9.0900E+02	0.0000E+00	0.0000E+00	1.0320E+00
9.1000E+02	0.0000E+00	0.0000E+00	1.0427E+00
9.1100E+02	0.0000E+00	0.0000E+00	1.0408E+00
9.1200E+02	0.0000E+00	0.0000E+00	1.0349E+00
9.1300E+02	0.0000E+00	0.0000E+00	1.0407E+00
9.1400E+02	0.0000E+00	0.0000E+00	1.0349E+00
9.1500E+02	0.0000E+00	0.0000E+00	1.0339E+00
9.1600E+02	0.0000E+00	0.0000E+00	1.0320E+00
9.1700E+02	0.0000E+00	0.0000E+00	1.0279E+00
9.1800E+02	0.0000E+00	0.0000E+00	1.0278E+00
9.1900E+02	0.0000E+00	0.0000E+00	1.0287E+00
9.2000E+02	0.0000E+00	0.0000E+00	1.0307E+00
9.2100E+02	0.0000E+00	0.0000E+00	1.0298E+00
9.2200E+02	0.0000E+00	0.0000E+00	1.0278E+00
9.2300E+02	0.0000E+00	0.0000E+00	1.0277E+00
9.2400E+02	0.0000E+00	0.0000E+00	1.0220E+00
9.2500E+02	0.0000E+00	0.0000E+00	1.0202E+00
9.2600E+02	0.0000E+00	0.0000E+00	1.0212E+00
9.2700E+02	0.0000E+00	0.0000E+00	1.0209E+00
9.2800E+02	0.0000E+00	0.0000E+00	1.0172E+00
9.2900E+02	0.0000E+00	0.0000E+00	1.0168E+00
9.3000E+02	0.0000E+00	0.0000E+00	1.0222E+00
9.3100E+02	0.0000E+00	0.0000E+00	1.0227E+00
9.3200E+02	0.0000E+00	0.0000E+00	1.0252E+00
9.3300E+02	0.0000E+00	0.0000E+00	1.0287E+00
9.3400E+02	0.0000E+00	0.0000E+00	1.0277E+00
9.3500E+02	0.0000E+00	0.0000E+00	1.0258E+00
9.3600E+02	0.0000E+00	0.0000E+00	1.0287E+00
9.3700E+02	0.0000E+00	0.0000E+00	1.0278E+00
9.3800E+02	0.0000E+00	0.0000E+00	1.0279E+00
9.3900E+02	0.0000E+00	0.0000E+00	1.0249E+00
9.4000E+02	0.0000E+00	0.0000E+00	1.0268E+00
9.4100E+02	0.0000E+00	0.0000E+00	1.0217E+00
9.4200E+02	0.0000E+00	0.0000E+00	1.0236E+00
9.4300E+02	0.0000E+00	0.0000E+00	1.0167E+00
9.4400E+02	0.0000E+00	0.0000E+00	1.0118E+00
9.4500E+02	0.0000E+00	0.0000E+00	1.0195E+00
9.4600E+02	0.0000E+00	0.0000E+00	1.0195E+00
9.4700E+02	0.0000E+00	0.0000E+00	1.0212E+00
9.4800E+02	0.0000E+00	0.0000E+00	1.0182E+00
9.4900E+02	0.0000E+00	0.0000E+00	1.0163E+00
9.5000E+02	0.0000E+00	0.0000E+00	1.0127E+00
9.5100E+02	0.0000E+00	0.0000E+00	1.0181E+00
9.5200E+02	0.0000E+00	0.0000E+00	1.0112E+00
9.5300E+02	0.0000E+00	0.0000E+00	1.0091E+00
9.5400E+02	0.0000E+00	0.0000E+00	1.0149E+00
9.5500E+02	0.0000E+00	0.0000E+00	1.0149E+00
9.5600E+02	0.0000E+00	0.0000E+00	1.0136E+00
9.5700E+02	0.0000E+00	0.0000E+00	1.0155E+00
9.5800E+02	0.0000E+00	0.0000E+00	1.0152E+00
9.5900E+02	0.0000E+00	0.0000E+00	1.0179E+00
9.6000E+02	0.0000E+00	0.0000E+00	1.0170E+00
9.6100E+02	0.0000E+00	0.0000E+00	1.0168E+00
9.6200E+02	0.0000E+00	0.0000E+00	1.0202E+00
9.6300E+02	0.0000E+00	0.0000E+00	1.0217E+00
9.6400E+02	0.0000E+00	0.0000E+00	1.0183E+00
9.6500E+02	0.0000E+00	0.0000E+00	1.0158E+00
9.6600E+02	0.0000E+00	0.0000E+00	1.0150E+00
9.6700E+02	0.0000E+00	0.0000E+00	1.0168E+00
9.6800E+02	0.0000E+00	0.0000E+00	1.0171E+00
9.6900E+02	0.0000E+00	0.0000E+00	1.0109E+00
9.7000E+02	0.0000E+00	0.0000E+00	1.0123E+00
9.7100E+02	0.0000E+00	0.0000E+00	1.0149E+00
9.7200E+02	0.0000E+00	0.0000E+00	1.0144E+00
9.7300E+02	0.0000E+00	0.0000E+00	1.0163E+00
9.7400E+02	0.0000E+00	0.0000E+00	1.0144E+00
9.7500E+02	0.0000E+00	0.0000E+00	1.0160E+00
9.7600E+02	0.0000E+00	0.0000E+00	1.0112E+00
9.7700E+02	0.0000E+00	0.0000E+00	1.0115E+00
9.7800E+02	0.0000E+00	0.0000E+00	1.0136E+00
9.7900E+02	0.0000E+00	0.0000E+00	1.0228E+00
9.8000E+02	0.0000E+00	0.0000E+00	1.0249E+00
9.8100E+02	0.0000E+00	0.0000E+00	1.0277E+00
9.8200E+02	0.0000E+00	0.0000E+00	1.0337E+00
9.8300E+02	0.0000E+00	0.0000E+00	1.0337E+00
9.8400E+02	0.0000E+00	0.0000E+00	1.0298E+00
9.8500E+02	0.0000E+00	0.0000E+00	1.0276E+00
9.8600E+02	0.0000E+00	0.0000E+00	1.0227E+00
9.8700E+02	0.0000E+00	0.0000E+00	1.0213E+00
9.8800E+02	0.0000E+00	0.0000E+00	1.0164E+00
9.8900E+02	0.0000E+00	0.0000E+00	1.0181E+00
9.9000E+02	0.0000E+00	0.0000E+00	1.0106E+00
9.9100E+02	0.0000E+00	0.0000E+00	1.0103E+00
9.9200E+02	0.0000E+00	0.0000E+00	1.0068E+00
9.9300E+02	0.0000E+00	0.0000E+00	1.0116E+00
9.9400E+02	0.0000E+00	0.0000E+00	1.0130E+00
9.9500E+02	0.0000E+00	0.0000E+00	1.0177E+00
9.9600E+02	0.0000E+00	0.0000E+00	1.0074E+00
9.9700E+02	0.0000E+00	0.0000E+00	1.0056E+00
9.9800E+02	0.0000E+00	0.0000E+00	1.0047E+00
9.9900E+02	0.0000E+00	0.0000E+00	1.0080E+00
1.0000E+03	0.0000E+00	0.0000E+00	1.0059E+00
1.0010E+03	0.0000E+00	0.0000E+00	1.0221E+00
1.0020E+03	0.0000E+00	0.0000E+00	1.0267E+00
1.0030E+03	0.0000E+00	0.0000E+00	1.0397E+00
1.0040E+03	0.0000E+00	0.0000E+00	1.0489E+00
1.0050E+03	0.0000E+00	0.0000E+00	1.0561E+00
1.0060E+03	0.0000E+00	0.0000E+00	1.0689E+00
1.0070E+03	0.0000E+00	0.0000E+00	1.0719E+00
1.0080E+03	0.0000E+00	0.0000E+00	1.0720E+00
1.0090E+03	0.0000E+00	0.0000E+00	1.0768E+00
1.0100E+03	0.0000E+00	0.0000E+00	1.0749E+00
1.0110E+03	0.0000E+00	0.0000E+00	1.0718E+00
1.0120E+03	0.0000E+00	0.0000E+00	1.0678E+00
1.0130E+03	0.0000E+00	0.0000E+00	1.0610E+00
1.0140E+03	0.0000E+00	0.0000E+00	1.0618E+00
1.0150E+03	0.0000E+00	0.0000E+00	1.0570E+00
1.0160E+03	0.0000E+00	0.0000E+00	1.0588E+00
1.0170E+03	0.0000E+00	0.0000E+00	1.0606E+00
1.0180E+03	0.0000E+00	0.0000E+00	1.0569E+00
1.0190E+03	0.0000E+00	0.0000E+00	1.0559E+00
1.0200E+03	0.0000E+00	0.0000E+00	1.0510E+00
1.0210E+03	0.0000E+00	0.0000E+00	1.0539E+00
1.0220E+03	0.0000E+00	0.0000E+00	1.0530E+00
1.0230E+03	0.0000E+00	0.0000E+00	1.0529E+00
1.0240E+03	0.0000E+00	0.0000E+00	1.0530E+00
1.0250E+03	0.0000E+00	0.0000E+00	1.0708E+00
1.0260E+03	0.0000E+00	0.0000E+00	1.0739E+00
1.0270E+03	0.0000E+00	0.0000E+00	1.0790E+00
1.0280E+03	0.0000E+00	0.0000E+00	1.0871E+00
1.0290E+03	0.0000E+00	0.0000E+00	1.0942E+00
1.0300E+03	0.0000E+00	0.0000E+00	1.1059E+00
1.0310E+03	0.0000E+00	0.0000E+00	1.1061E+00
1.0320E+03	0.0000E+00	0.0000E+00	1.1072E+00
1.0330E+03	0.0000E+00	0.0000E+00	1.1090E+00
1.0340E+03	0.0000E+00	0.0000E+00	1.1041E+00
1.0350E+03	0.0000E+00	0.0000E+00	1.1001E+00
1.0360E+03	0.0000E+00	0.0000E+00	1.1000E+00
1.0370E+03	0.0000E+00	0.0000E+00	1.0940E+00
1.0380E+03	0.0000E+00	0.0000E+00	1.0951E+00
1.0390E+03	0.0000E+00	0.0000E+00	1.0920E+00
1.0400E+03	0.0000E+00	0.0000E+00	1.0921E+00
1.0410E+03	0.0000E+00	0.0000E+00	1.0920E+00
1.0420E+03	0.0000E+00	0.0000E+00	1.0900E+00
1.0430E+03	0.0000E+00	0.0000E+00	1.0860E+00
1.0440E+03	0.0000E+00	0.0000E+00	1.0918E+00
1.0450E+03	0.0000E+00	0.0000E+00	1.0829E+00
1.0460E+03	0.0000E+00	0.0000E+00	1.0909E+00
1.0470E+03	0.0000E+00	0.0000E+00	1.0988E+00
1.0480E+03	0.0000E+00	0.0000E+00	1.0989E+00
1.0490E+03	0.0000E+00	0.0000E+00	1.1041E+00
1.0500E+03	0.0000E+00	0.0000E+00	1.1161E+00
1.0510E+03	0.0000E+00	0.0000E+00	1.1382E+00
1.0520E+03	0.0000E+00	0.0000E+00	1.1652E+00
1.0530E+03	0.0000E+00	0.0000E+00	1.1863E+00
1.0540E+03	0.0000E+00	0.0000E+00	1.1974E+00
1.0550E+03	0.0000E+00	0.0000E+00	1.2053E+00
1.0560E+03	0.0000E+00	0.0000E+00	1.2035E+00
1.0570E+03	0.0000E+00	0.0000E+00	1.2043E+00
1.0580E+03	0.0000E+00	0.0000E+00	1.2025E+00
1.0590E+03	0.0000E+00	0.0000E+00	1.1976E+00
1.0600E+03	0.0000E+00	0.0000E+00	1.2013E+00
1.0610E+03	0.0000E+00	0.0000E+00	1.1906E+00
1.0620E+03	0.0000E+00	0.0000E+00	1.1984E+00
1.0630E+03	0.0000E+00	0.0000E+00	1.1884E+00
1.0640E+03	0.0000E+00	0.0000E+00	1.1863E+00
1.0650E+03	0.0000E+00	0.0000E+00	1.1824E+00
1.0660E+03	0.0000E+00	0.0000E+00	1.1911E+00
1.0670E+03	0.0000E+00	0.0000E+00	1.1841E+00
1.0680E+03	0.0000E+00	0.0000E+00	1.1802E+00
1.0690E+03	0.0000E+00	0.0000E+00	1.1794E+00
1.0700E+03	0.0000E+00	0.0000E+00	1.1851E+00
1.0710E+03	0.0000E+00	0.0000E+00	1.1852E+00
1.0720E+03	0.0000E+00	0.0000E+00	1.1823E+00
1.0730E+03	0.0000E+00	0.0000E+00	1.2013E+00
1.0740E+03	0.0000E+00	0.0000E+00	1.1976E+00
1.0750E+03	0.0000E+00	0.0000E+00	1.2047E+00
1.0760E+03	0.0000E+00	0.0000E+00	1.2226E+00
1.0770E+03	0.0000E+00	0.0000E+00	1.2229E+00
1.0780E+03	0.0000E+00	0.0000E+00	1.2309E+00
1.0790E+03	0.0000E+00	0.0000E+00	1.2349E+00
1.0800E+03	0.0000E+00	0.0000E+00	1.2437E+00
1.0810E+03	0.0000E+00	0.0000E+00	1.2427E+00
1.0820E+03	0.0000E+00	0.0000E+00	1.2426E+00
1.0830E+03	0.0000E+00	0.0000E+00	1.2405E+00
1.0840E+03	0.0000E+00	0.0000E+00	1.2397E+00
1.0850E+03	0.0000E+00	0.0000E+00	1.2385E+00
1.0860E+03	0.0000E+00	0.0000E+00	1.2337E+00
1.0870E+03	0.0000E+00	0.0000E+00	1.2326E+00
1.0880E+03	0.0000E+00	0.0000E+00	1.2248E+00
1.0890E+03	0.0000E+00	0.0000E+00	1.2188E+00
1.0900E+03	0.0000E+00	0.0000E+00	1.2253E+00
1.0910E+03	0.0000E+00	0.0000E+00	1.2195E+00
1.0920E+03	0.0000E+00	0.0000E+00	1.2243E+00
1.0930E+03	0.0000E+00	0.0000E+00	1.2165E+00
1.0940E+03	0.0000E+00	0.0000E+00	1.2174E+00
1.0950E+03	0.0000E+00	0.0000E+00	1.2176E+00
1.0960E+03	0.0000E+00	0.0000E+00	1.2205E+00
1.0970E+03	0.0000E+00	0.0000E+00	1.2196E+00
1.0980E+03	0.0000E+00	0.0000E+00	1.2239E+00
1.0990E+03	0.0000E+00	0.0000E+00	1.2396E+00
1.1000E+03	0.0000E+00	0.0000E+00	1.2486E+00
1.1010E+03	0.0000E+00	0.0000E+00	1.2539E+00
1.1020E+03	0.0000E+00	0.0000E+00	1.2655E+00
1.1030E+03	0.0000E+00	0.0000E+00	1.2646E+00
1.1040E+03	0.0000E+00	0.0000E+00	1.2699E+00
1.1050E+03	0.0000E+00	0.0000E+00	1.2601E+00
1.1060E+03	0.0000E+00	0.0000E+00	1.2706E+00
1.1070E+03	0.0000E+00	0.0000E+00	1.2576E+00
1.1080E+03	0.0000E+00	0.0000E+00	1.2606E+00
1.1090E+03	0.0000E+00	0.0000E+00	1.2625E+00
1.1100E+03	0.0000E+00	0.0000E+00	1.2563E+00
1.1110E+03	0.0000E+00	0.0000E+00	1.2466E+00
1.1120E+03	0.0000E+00	0.0000E+00	1.2486E+00
1.1130E+03	0.0000E+00	0.0000E+00	1.2485E+00
1.1140E+03	0.0000E+00	0.0000E+00	1.2407E+00
1.1150E+03	0.0000E+00	0.0000E+00	1.2444E+00
1.1160E+03	0.0000E+00	0.0000E+00	1.2376E+00
1.1170E+03	0.0000E+00	0.0000E+00	1.2423E+00
1.1180E+03	0.0000E+00	0.0000E+00	1.2376E+00
1.1190E+03	0.0000E+00	0.0000E+00	1.2335E+00
1.1200E+03	0.0000E+00	0.0000E+00	1.2406E+00
1.1210E+03	0.0000E+00	0.0000E+00	1.2434E+00
1.1220E+03	0.0000E+00	0.0000E+00	1.2484E+00
1.1230E+03	0.0000E+00	0.0000E+00	1.2596E+00
1.1240E+03	0.0000E+00	0.0000E+00	1.2797E+00
1.1250E+03	0.0000E+00	0.0000E+00	1.2859E+00
1.1260E+03	0.0000E+00	0.0000E+00	1.2962E+00
1.1270E+03	0.0000E+00	0.0000E+00	1.3074E+00
1.1280E+03	0.0000E+00	0.0000E+00	1.3058E+00
1.1290E+03	0.0000E+00	0.0000E+00	1.3065E+00
1.1300E+03	0.0000E+00	0.0000E+00	1.3087E+00
1.1310E+03	0.0000E+00	0.0000E+00	1.2988E+00
1.1320E+03	0.0000E+00	0.0000E+00	1.3006E+00
1.1330E+03	0.0000E+00	0.0000E+00	1.2949E+00
1.1340E+03	0.0000E+00	0.0000E+00	1.2966E+00
1.1350E+03	0.0000E+00	0.0000E+00	1.2929E+00
1.1360E+03	0.0000E+00	0.0000E+00	1.2849E+00
1.1370E+03	0.0000E+00	0.0000E+00	1.2873E+00
1.1380E+03	0.0000E+00	0.0000E+00	1.2826E+00
1.1390E+03	0.0000E+00	0.0000E+00	1.2814E+00
1.1400E+03	0.0000E+00	0.0000E+00	1.2756E+00
1.1410E+03	0.0000E+00	0.0000E+00	1.2706E+00
1.1420E+03	0.0000E+00	0.0000E+00	1.2656E+00
1.1430E+03	0.0000E+00	0.0000E+00	1.2676E+00
1.1440E+03	0.0000E+00	0.0000E+00	1.2725E+00
1.1450E+03	0.0000E+00	0.0000E+00	1.2796E+00
1.1460E+03	0.0000E+00	0.0000E+00	1.2956E+00
1.1470E+03	0.0000E+00	0.0000E+00	1.3233E+00
1.1480E+03	0.0000E+00	0.0000E+00	1.3496E+00
1.1490E+03	0.0000E+00	0.0000E+00	1.3748E+00
1.1500E+03	0.0000E+00	0.0000E+00	1.3883E+00
1.1510E+03	0.0000E+00	0.0000E+00	1.3997E+00
1.1520E+03	0.0000E+00	0.0000E+00	1.4104E+00
1.1530E+03	0.0000E+00	0.0000E+00	1.4061E+00
1.1540E+03	0.0000E+00	0.0000E+00	1.4213E+00
1.1550E+03	0.0000E+00	0.0000E+00	1.4322E+00
1.1560E+03	0.0000E+00	0.0000E+00	1.4294E+00
1.1570E+03	0.0000E+00	0.0000E+00	1.4268E+00
1.1580E+03	0.0000E+00	0.0000E+00	1.4324E+00
1.1590E+03	0.0000E+00	0.0000E+00	1.4242E+00
1.1600E+03	0.0000E+00	0.0000E+00	1.4227E+00
1.1610E+03	0.0000E+00	0.0000E+00	1.4172E+00
1.1620E+03	0.0000E+00	0.0000E+00	1.4144E+00
1.1630E+03	0.0000E+00	0.0000E+00	1.4043E+00
1.1640E+03	0.0000E+00	0.0000E+00	1.4020E+00
1.1650E+03	0.0000E+00	0.0000E+00	1.3994E+00
1.1660E+03	0.0000E+00	0.0000E+00	1.3949E+00
1.1670E+03	0.0000E+00	0.0000E+00	1.3882E+00
1.1680E+03	0.0000E+00	0.0000E+00	1.3857E+00
1.1690E+03	0.0000E+00	0.0000E+00	1.3922E+00
1.1700E+03	0.0000E+00	0.0000E+00	1.4035E+00
1.1710E+03	0.0000E+00	0.0000E+00	1.4219E+00
1.1720E+03	0.0000E+00	0.0000E+00	1.4371E+00
1.1730E+03	0.0000E+00	0.0000E+00	1.4513E+00
1.1740E+03	0.0000E+00	0.0000E+00	1.4740E+00
1.1750E+03	0.0000E+00	0.0000E+00	1.4897E+00
1.1760E+03	0.0000E+00	0.0000E+00	1.4971E+00
1.1770E+03	0.0000E+00	0.0000E+00	1.5058E+00
1.1780E+03	0.0000E+00	0.0000E+00	1.5120E+00
1.1790E+03	0.0000E+00	0.0000E+00	1.5180E+00
1.1800E+03	0.0000E+00	0.0000E+00	1.5220E+00
1.1810E+03	0.0000E+00	0.0000E+00	1.5177E+00
1.1820E+03	0.0000E+00	0.0000E+00	1.5145E+00
1.1830E+03	0.0000E+00	0.0000E+00	1.5109E+00
1.1840E+03	0.0000E+00	0.0000E+00	1.5089E+00
1.1850E+03	0.0000E+00	0.0000E+00	1.5000E+00
1.1860E+03	0.0000E+00	0.0000E+00	1.4929E+00
1.1870E+03	0.0000E+00	0.0000E+00	1.4806E+00
1.1880E+03	0.0000E+00	0.0000E+00	1.4781E+00
1.1890E+03	0.0000E+00	0.0000E+00	1.4635E+00
1.1900E+03	0.0000E+00	0.0000E+00	1.4566E+00
1.1910E+03	0.0000E+00	0.0000E+00	1.4495E+00
1.1920E+03	0.0000E+00	0.0000E+00	1.4483E+00
1.1930E+03	0.0000E+00	0.0000E+00	1.4447E+00
1.1940E+03	0.0000E+00	0.0000E+00	1.4523E+00
1.1950E+03	0.0000E+00	0.0000E+00	1.4592E+00
1.1960E+03	0.0000E+00	0.0000E+00	1.4702E+00
1.1970E+03	0.0000E+00	0.0000E+00	1.4784E+00
1.1980E+03	0.0000E+00	0.0000E+00	1.4869E+00
1.1990E+03	0.0000E+00	0.0000E+00	1.4943E+00
1.2000E+03	0.0000E+00	0.0000E+00	1.5022E+00
1.2010E+03	0.0000E+00	0.0000E+00	1.5125E+00
1.2020E+03	0.0000E+00	0.0000E+00	1.5214E+00
1.2030E+03	0.0000E+00	0.0000E+00	1.5218E+00
1.2040E+03	0.0000E+00	0.0000E+00	1.5250E+00
1.2050E+03	0.0000E+00	0.0000E+00	1.5284E+00
1.2060E+03	0.0000E+00	0.0000E+00	1.5240E+00
1.2070E+03	0.0000E+00	0.0000E+00	1.5156E+00
1.2080E+03	0.0000E+00	0.0000E+00	1.5102E+00
1.2090E+03	0.0000E+00	0.0000E+00	1.5043E+00
1.2100E+03	0.0000E+00	0.0000E+00	1.5044E+00
1.2110E+03	0.0000E+00	0.0000E+00	1.4862E+00
1.2120E+03	0.0000E+00	0.0000E+00	1.4842E+00
1.2130E+03	0.0000E+00	0.0000E+00	1.4740E+00
1.2140E+03	0.0000E+00	0.0000E+00	1.4643E+00
1.2150E+03	0.0000E+00	0.0000E+00	1.4552E+00
1.2160E+03	0.0000E+00	0.0000E+00	1.4555E+00
1.2170E+03	0.0000E+00	0.0000E+00	1.4575E+00
1.2180E+03	0.0000E+00	0.0000E+00	1.4613E+00
1.2190E+03	0.0000E+00	0.0000E+00	1.4697E+00
1.2200E+03	0.0000E+00	0.0000E+00	1.4911E+00
1.2210E+03	0.0000E+00	0.0000E+00	1.5081E+00
1.2220E+03	0.0000E+00	0.0000E+00	1.5211E+00
1.2230E+03	0.0000E+00	0.0000E+00	1.5341E+00
1.2240E+03	0.0000E+00	0.0000E+00	1.5558E+00
1.2250E+03	0.0000E+00	0.0000E+00	1.5740E+00
1.2260E+03	0.0000E+00	0.0000E+00	1.5757E+00
1.2270E+03	0.0000E+00	0.0000E+00	1.5894E+00
1.2280E+03	0.0000E+00	0.0000E+00	1.5922E+00
1.2290E+03	0.0000E+00	0.0000E+00	1.5914E+00
1.2300E+03	0.0000E+00	0.0000E+00	1.5843E+00
1.2310E+03	0.0000E+00	0.0000E+00	1.5765E+00
1.2320E+03	0.0000E+00	0.0000E+00	1.5666E+00
1.2330E+03	0.0000E+00	0.0000E+00	1.5597E+00
1.2340E+03	0.0000E+00	0.0000E+00	1.5477E+00
1.2350E+03	0.0000E+00	0.0000E+00	1.5400E+00
1.2360E+03	0.0000E+00	0.0000E+00	1.5303E+00
1.2370E+03	0.0000E+00	0.0000E+00	1.5164E+00
1.2380E+03	0.0000E+00	0.0000E+00	1.5082E+00
1.2390E+03	0.0000E+00	0.0000E+00	1.4969E+00
1.2400E+03	0.0000E+00	0.0000E+00	1.4866E+00
1.2410E+03	0.0000E+00	0.0000E+00	1.4815E+00
1.2420E+03	0.0000E+00	0.0000E+00	1.4822E+00
1.2430E+03	0.0000E+00	0.0000E+00	1.4781E+00
1.2440E+03	0.0000E+00	0.0000E+00	1.4842E+00
1.2450E+03	0.0000E+00	0.0000E+00	1.4885E+00
1.2460E+03	0.0000E+00	0.0000E+00	1.5031E+00
1.2470E+03	0.0000E+00	0.0000E+00	1.5083E+00
1.2480E+03	0.0000E+00	0.0000E+00	1.5124E+00
1.2490E+03	0.0000E+00	0.0000E+00	1.5210E+00
1.2500E+03	0.0000E+00	0.0000E+00	1.5201E+00
1.2510E+03	0.0000E+00	0.0000E+00	1.5255E+00
1.2520E+03	0.0000E+00	0.0000E+00	1.5220E+00
1.2530E+03	0.0000E+00	0.0000E+00	1.5150E+00
1.2540E+03	0.0000E+00	0.0000E+00	1.5104E+00
1.2550E+03	0.0000E+00	0.0000E+00	1.5043E+00
1.2560E+03	0.0000E+00	0.0000E+00	1.4994E+00
1.2570E+03	0.0000E+00	0.0000E+00	1.4949E+00
1.2580E+03	0.0000E+00	0.0000E+00	1.4847E+00
1.2590E+03	0.0000E+00	0.0000E+00	1.4716E+00
1.2600E+03	0.0000E+00	0.0000E+00	1.4676E+00
1.2610E+03	0.0000E+00	0.0000E+00	1.4626E+00
1.2620E+03	0.0000E+00	0.0000E+00	1.4479E+00
1.2630E+03	0.0000E+00	0.0000E+00	1.4443E+00
1.2640E+03	0.0000E+00	0.0000E+00	1.4384E+00
1.2650E+03	0.0000E+00	0.0000E+00	1.4291E+00
1.2660E+03	0.0000E+00	0.0000E+00	1.4367E+00
1.2670E+03	0.0000E+00	0.0000E+00	1.4397E+00
1.2680E+03	0.0000E+00	0.0000E+00	1.4466E+00
1.2690E+03	0.0000E+00	0.0000E+00	1.4567E+00
1.2700E+03	0.0000E+00	0.0000E+00	1.4647E+00
1.2710E+03	0.0000E+00	0.0000E+00	1.4741E+00
1.2720E+03	0.0000E+00	0.0000E+00	1.4778E+00
1.2730E+03	0.0000E+00	0.0000E+00	1.4886E+00
1.2740E+03	0.0000E+00	0.0000E+00	1.4911E+00
1.2750E+03	0.0000E+00	0.0000E+00	1.4954E+00
1.2760E+03	0.0000E+00	0.0000E+00	1.4981E+00
1.2770E+03	0.0000E+00	0.0000E+00	1.4944E+00
1.2780E+03	0.0000E+00	0.0000E+00	1.4874E+00
1.2790E+03	0.0000E+00	0.0000E+00	1.4806E+00
1.2800E+03	0.0000E+00	0.0000E+00	1.4783E+00
1.2810E+03	0.0000E+00	0.0000E+00	1.4704E+00
1.2820E+03	0.0000E+00	0.0000E+00	1.4656E+00
1.2830E+03	0.0000E+00	0.0000E+00	1.4627E+00
1.2840E+03	0.0000E+00	0.0000E+00	1.4525E+00
1.2850E+03	0.0000E+00	0.0000E+00	1.4331E+00
1.2860E+03	0.0000E+00	0.0000E+00	1.4308E+00
1.2870E+03	0.0000E+00	0.0000E+00	1.4187E+00
1.2880E+03	0.0000E+00	0.0000E+00	1.4128E+00
1.2890E+03	0.0000E+00	0.0000E+00	1.4046E+00
1.2900E+03	0.0000E+00	0.0000E+00	1.4077E+00
1.2910E+03	0.0000E+00	0.0000E+00	1.4157E+00
1.2920E+03	0.0000E+00	0.0000E+00	1.4190E+00
1.2930E+03	0.0000E+00	0.0000E+00	1.4289E+00
1.2940E+03	0.0000E+00	0.0000E+00	1.4406E+00
1.2950E+03	0.0000E+00	0.0000E+00	1.4514E+00
1.2960E+03	0.0000E+00	0.0000E+00	1.4585E+00
1.2970E+03	0.0000E+00	0.0000E+00	1.4623E+00
1.2980E+03	0.0000E+00	0.0000E+00	1.4620E+00
1.2990E+03	0.0000E+00	0.0000E+00	1.4705E+00
1.3000E+03	0.0000E+00	0.0000E+00	1.4697E+00
1.3010E+03	0.0000E+00	0.0000E+00	1.4620E+00
1.3020E+03	0.0000E+00	0.0000E+00	1.4648E+00
1.3030E+03	0.0000E+00	0.0000E+00	1.4577E+00
1.3040E+03	0.0000E+00	0.0000E+00	1.4576E+00
1.3050E+03	0.0000E+00	0.0000E+00	1.4523E+00
1.3060E+03	0.0000E+00	0.0000E+00	1.4445E+00
1.3070E+03	0.0000E+00	0.0000E+00	1.4369E+00
1.3080E+03	0.0000E+00	0.0000E+00	1.4306E+00
1.3090E+03	0.0000E+00	0.0000E+00	1.4181E+00
1.3100E+03	0.0000E+00	0.0000E+00	1.4110E+00
1.3110E+03	0.0000E+00	0.0000E+00	1.4023E+00
1.3120E+03	0.0000E+00	0.0000E+00	1.3988E+00
1.3130E+03	0.0000E+00	0.0000E+00	1.3968E+00
1.3140E+03	0.0000E+00	0.0000E+00	1.4027E+00
1.3150E+03	0.0000E+00	0.0000E+00	1.4107E+00
1.3160E+03	0.0000E+00	0.0000E+00	1.4277E+00
1.3170E+03	0.0000E+00	0.0000E+00	1.4397E+00
1.3180E+03	0.0000E+00	0.0000E+00	1.4520E+00
1.3190E+03	0.0000E+00	0.0000E+00	1.4706E+00
1.3200E+03	0.0000E+00	0.0000E+00	1.4824E+00
1.3210E+03	0.0000E+00	0.0000E+00	1.4944E+00
1.3220E+03	0.0000E+00	0.0000E+00	1.5057E+00
1.3230E+03	0.0000E+00	0.0000E+00	1.5182E+00
1.3240E+03	0.0000E+00	0.0000E+00	1.5254E+00
1.3250E+03	0.0000E+00	0.0000E+00	1.5275E+00
1.3260E+03	0.0000E+00	0.0000E+00	1.5357E+00
1.3270E+03	0.0000E+00	0.0000E+00	1.5282E+00
1.3280E+03	0.0000E+00	0.0000E+00	1.5265E+00
1.3290E+03	0.0000E+00	0.0000E+00	1.5262E+00
1.3300E+03	0.0000E+00	0.0000E+00	1.5126E+00
1.3310E+03	0.0000E+00	0.0000E+00	1.5074E+00
1.3320E+03	0.0000E+00	0.0000E+00	1.4977E+00
1.3330E+03	0.0000E+00	0.0000E+00	1.4932E+00
1.3340E+03	0.0000E+00	0.0000E+00	1.4776E+00
1.3350E+03	0.0000E+00	0.0000E+00	1.4708E+00
1.3360E+03	0.0000E+00	0.0000E+00	1.4664E+00
1.3370E+03	0.0000E+00	0.0000E+00	1.4617E+00
1.3380E+03	0.0000E+00	0.0000E+00	1.4604E+00
1.3390E+03	0.0000E+00	0.0000E+00	1.4629E+00
1.3400E+03	0.0000E+00	0.0000E+00	1.4699E+00
1.3410E+03	0.0000E+00	0.0000E+00	1.4834E+00
1.3420E+03	0.0000E+00	0.0000E+00	1.4957E+00
1.3430E+03	0.0000E+00	0.0000E+00	1.5182E+00
1.3440E+03	0.0000E+00	0.0000E+00	1.5360E+00
1.3450E+03	0.0000E+00	0.0000E+00	1.5475E+00
1.3460E+03	0.0000E+00	0.0000E+00	1.5699E+00
1.3470E+03	0.0000E+00	0.0000E+00	1.5808E+00
1.3480E+03	0.0000E+00	0.0000E+00	1.5982E+00
1.3490E+03	0.0000E+00	0.0000E+00	1.6035E+00
1.3500E+03	0.0000E+00	0.0000E+00	1.6057E+00
1.3510E+03	0.0000E+00	0.0000E+00	1.6067E+00
1.3520E+03	0.0000E+00	0.0000E+00	1.6092E+00
1.3530E+03	0.0000E+00	0.0000E+00	1.6119E+00
1.3540E+03	0.0000E+00	0.0000E+00	1.5986E+00
1.3550E+03	0.0000E+00	0.0000E+00	1.5937E+00
1.3560E+03	0.0000E+00	0.0000E+00	1.5867E+00
1.3570E+03	0.0000E+00	0.0000E+00	1.5713E+00
1.3580E+03	0.0000E+00	0.0000E+00	1.5641E+00
1.3590E+03	0.0000E+00	0.0000E+00	1.5561E+00
1.3600E+03	0.0000E+00	0.0000E+00	1.5377E+00
1.3610E+03	0.0000E+00	0.0000E+00	1.5315E+00
1.3620E+03	0.0000E+00	0.0000E+00	1.5302E+00
1.3630E+03	0.0000E+00	0.0000E+00	1.5234E+00
1.3640E+03	0.0000E+00	0.0000E+00	1.5255E+00
1.3650E+03	0.0000E+00	0.0000E+00	1.5372E+00
1.3660E+03	0.0000E+00	0.0000E+00	1.5463E+00
1.3670E+03	0.0000E+00	0.0000E+00	1.5682E+00
1.3680E+03	0.0000E+00	0.0000E+00	1.5840E+00
1.3690E+03	0.0000E+00	0.0000E+00	1.6020E+00
1.3700E+03	0.0000E+00	0.0000E+00	1.6175E+00
1.3710E+03	0.0000E+00	0.0000E+00	1.6281E+00
1.3720E+03	0.0000E+00	0.0000E+00	1.6306E+00
1.3730E+03	0.0000E+00	0.0000E+00	1.6292E+00
1.3740E+03	0.0000E+00	0.0000E+00	1.6231E+00
1.3750E+03	0.0000E+00	0.0000E+00	1.6134E+00
1.3760E+03	0.0000E+00	0.0000E+00	1.6038E+00
1.3770E+03	0.0000E+00	0.0000E+00	1.5964E+00
1.3780E+03	0.0000E+00	0.0000E+00	1.5835E+00
1.3790E+03	0.0000E+00	0.0000E+00	1.5807E+00
1.3800E+03	0.0000E+00	0.0000E+00	1.5679E+00
1.3810E+03	0.0000E+00	0.0000E+00	1.5523E+00
1.3820E+03	0.0000E+00	0.0000E+00	1.5445E+00
1.3830E+03	0.0000E+00	0.0000E+00	1.5323E+00
1.3840E+03	0.0000E+00	0.0000E+00	1.5189E+00
1.3850E+03	0.0000E+00	0.0000E+00	1.5099E+00
1.3860E+03	0.0000E+00	0.0000E+00	1.5027E+00
1.3870E+03	0.0000E+00	0.0000E+00	1.4960E+00
1.3880E+03	0.0000E+00	0.0000E+00	1.4976E+00
1.3890E+03	0.0000E+00	0.0000E+00	1.4957E+00
1.3900E+03	0.0000E+00	0.0000E+00	1.5068E+00
1.3910E+03	0.0000E+00	0.0000E+00	1.5160E+00
1.3920E+03	0.0000E+00	0.0000E+00	1.5245E+00
1.3930E+03	0.0000E+00	0.0000E+00	1.5393E+00
1.3940E+03	0.0000E+00	0.0000E+00	1.5444E+00
1.3950E+03	0.0000E+00	0.0000E+00	1.5474E+00
1.3960E+03	0.0000E+00	0.0000E+00	1.5543E+00
1.3970E+03	0.0000E+00	0.0000E+00	1.5454E+00
1.3980E+03	0.0000E+00	0.0000E+00	1.5434E+00
1.3990E+03	0.0000E+00	0.0000E+00	1.5404E+00
1.4000E+03	0.0000E+00	0.0000E+00	1.5335E+00
1.4010E+03	0.0000E+00	0.0000E+00	1.5284E+00
1.4020E+03	0.0000E+00	0.0000E+00	1.5205E+00
1.4030E+03	0.0000E+00	0.0000E+00	1.5154E+00
1.4040E+03	0.0000E+00	0.0000E+00	1.5058E+00
1.4050E+03	0.0000E+00	0.0000E+00	1.4996E+00
1.4060E+03	0.0000E+00	0.0000E+00	1.4849E+00
1.4070E+03	0.0000E+00	0.0000E+00	1.4720E+00
1.4080E+03	0.0000E+00	0.0000E+00	1.4652E+00
1.4090E+03	0.0000E+00	0.0000E+00	1.4588E+00
1.4100E+03	0.0000E+00	0.0000E+00	1.4578E+00
1.4110E+03	0.0000E+00	0.0000E+00	1.4556E+00
1.4120E+03	0.0000E+00	0.0000E+00	1.4603E+00
1.4130E+03	0.0000E+00	0.0000E+00	1.4670E+00
1.4140E+03	0.0000E+00	0.0000E+00	1.4774E+00
1.4150E+03	0.0000E+00	0.0000E+00	1.4916E+00
1.4160E+03	0.0000E+00	0.0000E+00	1.4978E+00
1.4170E+03	0.0000E+00	0.0000E+00	1.5116E+00
1.4180E+03	0.0000E+00	0.0000E+00	1.5181E+00
1.4190E+03	0.0000E+00	0.0000E+00	1.5310E+00
1.4200E+03	0.0000E+00	0.0000E+00	1.5342E+00
1.4210E+03	0.0000E+00	0.0000E+00	1.5343E+00
1.4220E+03	0.0000E+00	0.0000E+00	1.5314E+00
1.4230E+03	0.0000E+00	0.0000E+00	1.5283E+00
1.4240E+03	0.0000E+00	0.0000E+00	1.5252E+00
1.4250E+03	0.0000E+00	0.0000E+00	1.5199E+00
1.4260E+03	0.0000E+00	0.0000E+00	1.5130E+00
1.4270E+03	0.0000E+00	0.0000E+00	1.5029E+00
1.4280E+03	0.0000E+00	0.0000E+00	1.4949E+00
1.4290E+03	0.0000E+00	0.0000E+00	1.4887E+00
1.4300E+03	0.0000E+00	0.0000E+00	1.4786E+00
1.4310E+03	0.0000E+00	0.0000E+00	1.4738E+00
1.4320E+03	0.0000E+00	0.0000E+00	1.4667E+00
1.4330E+03	0.0000E+00	0.0000E+00	1.4579E+00
1.4340E+03	0.0000E+00	0.0000E+00	1.4565E+00
1.4350E+03	0.0000E+00	0.0000E+00	1.4508E+00
1.4360E+03	0.0000E+00	0.0000E+00	1.4522E+00
1.4370E+03	0.0000E+00	0.0000E+00	1.4562E+00
1.4380E+03	0.0000E+00	0.0000E+00	1.4674E+00
1.4390E+03	0.0000E+00	0.0000E+00	1.4738E+00
1.4400E+03	0.0000E+00	0.0000E+00	1.4873E+00
1.4410E+03	0.0000E+00	0.0000E+00	1.4808E+00
1.4420E+03	0.0000E+00	0.0000E+00	1.4846E+00
1.4430E+03	0.0000E+00	0.0000E+00	1.4835E+00
1.4440E+03	0.0000E+00	0.0000E+00	1.4807E+00
1.4450E+03	0.0000E+00	0.0000E+00	1.4835E+00
1.4460E+03	0.0000E+00	0.0000E+00	1.4745E+00
1.4470E+03	0.0000E+00	0.0000E+00	1.4708E+00
1.4480E+03	0.0000E+00	0.0000E+00	1.4627E+00
1.4490E+03	0.0000E+00	0.0000E+00	1.4580E+00
1.4500E+03	0.0000E+00	0.0000E+00	1.4532E+00
1.4510E+03	0.0000E+00	0.0000E+00	1.4489E+00
1.4520E+03	0.0000E+00	0.0000E+00	1.4382E+00
1.4530E+03	0.0000E+00	0.0000E+00	1.4321E+00
1.4540E+03	0.0000E+00	0.0000E+00	1.4318E+00
1.4550E+03	0.0000E+00	0.0000E+00	1.4246E+00
1.4560E+03	0.0000E+00	0.0000E+00	1.4247E+00
1.4570E+03	0.0000E+00	0.0000E+00	1.4188E+00
1.4580E+03	0.0000E+00	0.0000E+00	1.4188E+00
1.4590E+03	0.0000E+00	0.0000E+00	1.4172E+00
1.4600E+03	0.0000E+00	0.0000E+00	1.4270E+00
1.4610E+03	0.0000E+00	0.0000E+00	1.4254E+00
1.4620E+03	0.0000E+00	0.0000E+00	1.4282E+00
1.4630E+03	0.0000E+00	0.0000E+00	1.4338E+00
1.4640E+03	0.0000E+00	0.0000E+00	1.4359E+00
1.4650E+03	0.0000E+00	0.0000E+00	1.4381E+00
1.4660E+03	0.0000E+00	0.0000E+00	1.4395E+00
1.4670E+03	0.0000E+00	0.0000E+00	1.4401E+00
1.4680E+03	0.0000E+00	0.0000E+00	1.4428E+00
1.4690E+03	0.0000E+00	0.0000E+00	1.4505E+00
1.4700E+03	0.0000E+00	0.0000E+00	1.4428E+00
1.4710E+03	0.0000E+00	0.0000E+00	1.4399E+00
1.4720E+03	0.0000E+00	0.0000E+00	1.4368E+00
1.4730E+03	0.0000E+00	0.0000E+00	1.4347E+00
1.4740E+03	0.0000E+00	0.0000E+00	1.4315E+00
1.4750E+03	0.0000E+00	0.0000E+00	1.4208E+00
1.4760E+03	0.0000E+00	0.0000E+00	1.4148E+00
1.4770E+03	0.0000E+00	0.0000E+00	1.4095E+00
1.4780E+03	0.0000E+00	0.0000E+00	1.3930E+00
1.4790E+03	0.0000E+00	0.0000E+00	1.3883E+00
1.4800E+03	0.0000E+00	0.0000E+00	1.3902E+00
1.4810E+03	0.0000E+00	0.0000E+00	1.3833E+00
1.4820E+03	0.0000E+00	0.0000E+00	1.3765E+00
1.4830E+03	0.0000E+00	0.0000E+00	1.3842E+00
1.4840E+03	0.0000E+00	0.0000E+00	1.4017E+00
1.4850E+03	0.0000E+00	0.0000E+00	1.4064E+00
1.4860E+03	0.0000E+00	0.0000E+00	1.4247E+00
1.4870E+03	0.0000E+00	0.0000E+00	1.4302E+00
1.4880E+03	0.0000E+00	0.0000E+00	1.4507E+00
1.4890E+03	0.0000E+00	0.0000E+00	1.4597E+00
1.4900E+03	0.0000E+00	0.0000E+00	1.4675E+00
1.4910E+03	0.0000E+00	0.0000E+00	1.4721E+00
1.4920E+03	0.0000E+00	0.0000E+00	1.4809E+00
1.4930E+03	0.0000E+00	0.0000E+00	1.4760E+00
1.4940E+03	0.0000E+00	0.0000E+00	1.4789E+00
1.4950E+03	0.0000E+00	0.0000E+00	1.4794E+00
1.4960E+03	0.0000E+00	0.0000E+00	1.4687E+00
1.4970E+03	0.0000E+00	0.0000E+00	1.4666E+00
1.4980E+03	0.0000E+00	0.0000E+00	1.4642E+00
1.4990E+03	0.0000E+00	0.0000E+00	1.4500E+00
1.5000E+03	0.0000E+00	0.0000E+00	1.4475E+00
1.5010E+03	0.0000E+00	0.0000E+00	1.4292E+00
1.5020E+03	0.0000E+00	0.0000E+00	1.4240E+00
1.5030E+03	0.0000E+00	0.0000E+00	1.4141E+00
1.5040E+03	0.0000E+00	0.0000E+00	1.4124E+00
1.5050E+03	0.0000E+00	0.0000E+00	1.4061E+00
1.5060E+03	0.0000E+00	0.0000E+00	1.4050E+00
1.5070E+03	0.0000E+00	0.0000E+00	1.4147E+00
1.5080E+03	0.0000E+00	0.0000E+00	1.4208E+00
1.5090E+03	0.0000E+00	0.0000E+00	1.4318E+00
1.5100E+03	0.0000E+00	0.0000E+00	1.4428E+00
1.5110E+03	0.0000E+00	0.0000E+00	1.4511E+00
1.5120E+03	0.0000E+00	0.0000E+00	1.4679E+00
1.5130E+03	0.0000E+00	0.0000E+00	1.4789E+00
1.5140E+03	0.0000E+00	0.0000E+00	1.4913E+00
1.5150E+03	0.0000E+00	0.0000E+00	1.4909E+00
1.5160E+03	0.0000E+00	0.0000E+00	1.5017E+00
1.5170E+03	0.0000E+00	0.0000E+00	1.4973E+00
1.5180E+03	0.0000E+00	0.0000E+00	1.4863E+00
1.5190E+03	0.0000E+00	0.0000E+00	1.4924E+00
1.5200E+03	0.0000E+00	0.0000E+00	1.4885E+00
1.5210E+03	0.0000E+00	0.0000E+00	1.4749E+00
1.5220E+03	0.0000E+00	0.0000E+00	1.4676E+00
1.5230E+03	0.0000E+00	0.0000E+00	1.4627E+00
1.5240E+03	0.0000E+00	0.0000E+00	1.4498E+00
1.5250E+03	0.0000E+00	0.0000E+00	1.4362E+00
1.5260E+03	0.0000E+00	0.0000E+00	1.4303E+00
1.5270E+03	0.0000E+00	0.0000E+00	1.4229E+00
1.5280E+03	0.0000E+00	0.0000E+00	1.4129E+00
1.5290E+03	0.0000E+00	0.0000E+00	1.4069E+00
1.5300E+03	0.0000E+00	0.0000E+00	1.3954E+00
1.5310E+03	0.0000E+00	0.0000E+00	1.3992E+00
1.5320E+03	0.0000E+00	0.0000E+00	1.3962E+00
1.5330E+03	0.0000E+00	0.0000E+00	1.4040E+00
1.5340E+03	0.0000E+00	0.0000E+00	1.4140E+00
1.5350E+03	0.0000E+00	0.0000E+00	1.4193E+00
1.5360E+03	0.0000E+00	0.0000E+00	1.4327E+00
1.5370E+03	0.0000E+00	0.0000E+00	1.4410E+00
1.5380E+03	0.0000E+00	0.0000E+00	1.4462E+00
1.5390E+03	0.0000E+00	0.0000E+00	1.4500E+00
1.5400E+03	0.0000E+00	0.0000E+00	1.4577E+00
1.5410E+03	0.0000E+00	0.0000E+00	1.4599E+00
1.5420E+03	0.0000E+00	0.0000E+00	1.4566E+00
1.5430E+03	0.0000E+00	0.0000E+00	1.4519E+00
1.5440E+03	0.0000E+00	0.0000E+00	1.4438E+00
1.5450E+03	0.0000E+00	0.0000E+00	1.4440E+00
1.5460E+03	0.0000E+00	0.0000E+00	1.4399E+00
1.5470E+03	0.0000E+00	0.0000E+00	1.4322E+00
1.5480E+03	0.0000E+00	0.0000E+00	1.4211E+00
1.5490E+03	0.0000E+00	0.0000E+00	1.4131E+00
1.5500E+03	0.0000E+00	0.0000E+00	1.4043E+00
1.5510E+03	0.0000E+00	0.0000E+00	1.3985E+00
1.5520E+03	0.0000E+00	0.0000E+00	1.4001E+00
1.5530E+03	0.0000E+00	0.0000E+00	1.3988E+00
1.5540E+03	0.0000E+00	0.0000E+00	1.3880E+00
1.5550E+03	0.0000E+00	0.0000E+00	1.3942E+00
1.5560E+03	0.0000E+00	0.0000E+00	1.3960E+00
1.5570E+03	0.0000E+00	0.0000E+00	1.3936E+00
1.5580E+03	0.0000E+00	0.0000E+00	1.3941E+00
1.5590E+03	0.0000E+00	0.0000E+00	1.3854E+00
1.5600E+03	0.0000E+00	0.0000E+00	1.3762E+00
1.5610E+03	0.0000E+00	0.0000E+00	1.3679E+00
1.5620E+03	0.0000E+00	0.0000E+00	1.3600E+00
1.5630E+03	0.0000E+00	0.0000E+00	1.3462E+00
1.5640E+03	0.0000E+00	0.0000E+00	1.3383E+00
1.5650E+03	0.0000E+00	0.0000E+00	1.3236E+00
1.5660E+03	0.0000E+00	0.0000E+00	1.3192E+00
1.5670E+03	0.0000E+00	0.0000E+00	1.3150E+00
1.5680E+03	0.0000E+00	0.0000E+00	1.3006E+00
1.5690E+03	0.0000E+00	0.0000E+00	1.2986E+00
1.5700E+03	0.0000E+00	0.0000E+00	1.2943E+00
1.5710E+03	0.0000E+00	0.0000E+00	1.2934E+00
1.5720E+03	0.0000E+00	0.0000E+00	1.2890E+00
1.5730E+03	0.0000E+00	0.0000E+00	1.2747E+00
1.5740E+03	0.0000E+00	0.0000E+00	1.2753E+00
1.5750E+03	0.0000E+00	0.0000E+00	1.2676E+00
1.5760E+03	0.0000E+00	0.0000E+00	1.2742E+00
1.5770E+03	0.0000E+00	0.0000E+00	1.2633E+00
1.5780E+03	0.0000E+00	0.0000E+00	1.2612E+00
1.5790E+03	0.0000E+00	0.0000E+00	1.2524E+00
1.5800E+03	0.0000E+00	0.0000E+00	1.2474E+00
1.5810E+03	0.0000E+00	0.0000E+00	1.2474E+00
1.5820E+03	0.0000E+00	0.0000E+00	1.2393E+00
1.5830E+03	0.0000E+00	0.0000E+00	1.2372E+00
1.5840E+03	0.0000E+00	0.0000E+00	1.2324E+00
1.5850E+03	0.0000E+00	0.0000E+00	1.2332E+00
1.5860E+03	0.0000E+00	0.0000E+00	1.2304E+00
1.5870E+03	0.0000E+00	0.0000E+00	1.2251E+00
1.5880E+03	0.0000E+00	0.0000E+00	1.2241E+00
1.5890E+03	0.0000E+00	0.0000E+00	1.2142E+00
1.5900E+03	0.0000E+00	0.0000E+00	1.2149E+00
1.5910E+03	0.0000E+00	0.0000E+00	1.2033E+00
1.5920E+03	0.0000E+00	0.0000E+00	1.2062E+00
1.5930E+03	0.0000E+00	0.0000E+00	1.2013E+00
1.5940E+03	0.0000E+00	0.0000E+00	1.1993E+00
1.5950E+03	0.0000E+00	0.0000E+00	1.1973E+00
1.5960E+03	0.0000E+00	0.0000E+00	1.1991E+00
1.5970E+03	0.0000E+00	0.0000E+00	1.1924E+00
1.5980E+03	0.0000E+00	0.0000E+00	1.1893E+00
1.5990E+03	0.0000E+00	0.0000E+00	1.1814E+00
1.6000E+03	0.0000E+00	0.0000E+00	1.1822E+00
1.6010E+03	0.0000E+00	0.0000E+00	1.1713E+00
1.6020E+03	0.0000E+00	0.0000E+00	1.1733E+00
1.6030E+03	0.0000E+00	0.0000E+00	1.1772E+00
1.6040E+03	0.0000E+00	0.0000E+00	1.1822E+00
1.6050E+03	0.0000E+00	0.0000E+00	1.1802E+00
1.6060E+03	0.0000E+00	0.0000E+00	1.1932E+00
1.6070E+03	0.0000E+00	0.0000E+00	1.2002E+00
1.6080E+03	0.0000E+00	0.0000E+00	1.2032E+00
1.6090E+03	0.0000E+00	0.0000E+00	1.2014E+00
1.6100E+03	0.0000E+00	0.0000E+00	1.2023E+00
1.6110E+03	0.0000E+00	0.0000E+00	1.2015E+00
1.6120E+03	0.0000E+00	0.0000E+00	1.1995E+00
1.6130E+03	0.0000E+00	0.0000E+00	1.2040E+00
1.6140E+03	0.0000E+00	0.0000E+00	1.1961E+00
1.6150E+03	0.0000E+00	0.0000E+00	1.1932E+00
1.6160E+03	0.0000E+00	0.0000E+00	1.1921E+00
1.6170E+03	0.0000E+00	0.0000E+00	1.1920E+00
1.6180E+03	0.0000E+00	0.0000E+00	1.1893E+00
1.6190E+03	0.0000E+00	0.0000E+00	1.1862E+00
1.6200E+03	0.0000E+00	0.0000E+00	1.1843E+00
1.6210E+03	0.0000E+00	0.0000E+00	1.1831E+00
1.6220E+03	0.0000E+00	0.0000E+00	1.1774E+00
1.6230E+03	0.0000E+00	0.0000E+00	1.1732E+00
1.6240E+03	0.0000E+00	0.0000E+00	1.1741E+00
1.6250E+03	0.0000E+00	0.0000E+00	1.1694E+00
1.6260E+03	0.0000E+00	0.0000E+00	1.1721E+00
1.6270E+03	0.0000E+00	0.0000E+00	1.1732E+00
1.6280E+03	0.0000E+00	0.0000E+00	1.1743E+00
1.6290E+03	0.0000E+00	0.0000E+00	1.1832E+00
1.6300E+03	0.0000E+00	0.0000E+00	1.1992E+00
1.6310E+03	0.0000E+00	0.0000E+00	1.2121E+00
1.6320E+03	0.0000E+00	0.0000E+00	1.2264E+00
1.6330E+03	0.0000E+00	0.0000E+00	1.2325E+00
1.6340E+03	0.0000E+00	0.0000E+00	1.2383E+00
1.6350E+03	0.0000E+00	0.0000E+00	1.2405E+00
1.6360E+03	0.0000E+00	0.0000E+00	1.2403E+00
1.6370E+03	0.0000E+00	0.0000E+00	1.2395E+00
1.6380E+03	0.0000E+00	0.0000E+00	1.2343E+00
1.6390E+03	0.0000E+00	0.0000E+00	1.2353E+00
1.6400E+03	0.0000E+00	0.0000E+00	1.2304E+00
1.6410E+03	0.0000E+00	0.0000E+00	1.2263E+00
1.6420E+03	0.0000E+00	0.0000E+00	1.2214E+00
1.6430E+03	0.0000E+00	0.0000E+00	1.2212E+00
1.6440E+03	0.0000E+00	0.0000E+00	1.2192E+00
1.6450E+03	0.0000E+00	0.0000E+00	1.2065E+00
1.6460E+03	0.0000E+00	0.0000E+00	1.2093E+00
1.6470E+03	0.0000E+00	0.0000E+00	1.2052E+00
1.6480E+03	0.0000E+00	0.0000E+00	1.2011E+00
1.6490E+03	0.0000E+00	0.0000E+00	1.1965E+00
1.6500E+03	0.0000E+00	0.0000E+00	1.1994E+00
1.6510E+03	0.0000E+00	0.0000E+00	1.2101E+00
1.6520E+03	0.0000E+00	0.0000E+00	1.2233E+00
1.6530E+03	0.0000E+00	0.0000E+00	1.2473E+00
1.6540E+03	0.0000E+00	0.0000E+00	1.2694E+00
1.6550E+03	0.0000E+00	0.0000E+00	1.2873E+00
1.6560E+03	0.0000E+00	0.0000E+00	1.3035E+00
1.6570E+03	0.0000E+00	0.0000E+00	1.3182E+00
1.6580E+03	0.0000E+00	0.0000E+00	1.3260E+00
1.6590E+03	0.0000E+00	0.0000E+00	1.3243E+00
1.6600E+03	0.0000E+00	0.0000E+00	1.3205E+00
1.6610E+03	0.0000E+00	0.0000E+00	1.3192E+00
1.6620E+03	0.0000E+00	0.0000E+00	1.3104E+00
1.6630E+03	0.0000E+00	0.0000E+00	1.3067E+00
1.6640E+03	0.0000E+00	0.0000E+00	1.3064E+00
1.6650E+03	0.0000E+00	0.0000E+00	1.2996E+00
1.6660E+03	0.0000E+00	0.0000E+00	1.2877E+00
1.6670E+03	0.0000E+00	0.0000E+00	1.2857E+00
1.6680E+03	0.0000E+00	0.0000E+00	1.2797E+00
1.6690E+03	0.0000E+00	0.0000E+00	1.2735E+00
1.6700E+03	0.0000E+00	0.0000E+00	1.2734E+00
1.6710E+03	0.0000E+00	0.0000E+00	1.2624E+00
1.6720E+03	0.0000E+00	0.0000E+00	1.2613E+00
1.6730E+03	0.0000E+00	0.0000E+00	1.2507E+00
1.6740E+03	0.0000E+00	0.0000E+00	1.2554E+00
1.6750E+03	0.0000E+00	0.0000E+00	1.2724E+00
1.6760E+03	0.0000E+00	0.0000E+00	1.2854E+00
1.6770E+03	0.0000E+00	0.0000E+00	1.3105E+00
1.6780E+03	0.0000E+00	0.0000E+00	1.3327E+00
1.6790E+03	0.0000E+00	0.0000E+00	1.3564E+00
1.6800E+03	0.0000E+00	0.0000E+00	1.3693E+00
1.6810E+03	0.0000E+00	0.0000E+00	1.3794E+00
1.6820E+03	0.0000E+00	0.0000E+00	1.3970E+00
1.6830E+03	0.0000E+00	0.0000E+00	1.4001E+00
1.6840E+03	0.0000E+00	0.0000E+00	1.4031E+00
1.6850E+03	0.0000E+00	0.0000E+00	1.4049E+00
1.6860E+03	0.0000E+00	0.0000E+00	1.3997E+00
1.6870E+03	0.0000E+00	0.0000E+00	1.3882E+00
1.6880E+03	0.0000E+00	0.0000E+00	1.3786E+00
1.6890E+03	0.0000E+00	0.0000E+00	1.3743E+00
1.6900E+03	0.0000E+00	0.0000E+00	1.3653E+00
1.6910E+03	0.0000E+00	0.0000E+00	1.3603E+00
1.6920E+03	0.0000E+00	0.0000E+00	1.3504E+00
1.6930E+03	0.0000E+00	0.0000E+00	1.3463E+00
1.6940E+03	0.0000E+00	0.0000E+00	1.3315E+00
1.6950E+03	0.0000E+00	0.0000E+00	1.3252E+00
1.6960E+03	0.0000E+00	0.0000E+00	1.3172E+00
1.6970E+03	0.0000E+00	0.0000E+00	1.3125E+00
1.6980E+03	0.0000E+00	0.0000E+00	1.3135E+00
1.6990E+03	0.0000E+00	0.0000E+00	1.3255E+00
1.7000E+03	0.0000E+00	0.0000E+00	1.3437E+00
1.7010E+03	0.0000E+00	0.0000E+00	1.3665E+00
1.7020E+03	0.0000E+00	0.0000E+00	1.3911E+00
1.7030E+03	0.0000E+00	0.0000E+00	1.4108E+00
1.7040E+03	0.0000E+00	0.0000E+00	1.4268E+00
1.7050E+03	0.0000E+00	0.0000E+00	1.4413E+00
1.7060E+03	0.0000E+00	0.0000E+00	1.4530E+00
1.7070E+03	0.0000E+00	0.0000E+00	1.4621E+00
1.7080E+03	0.0000E+00	0.0000E+00	1.4681E+00
1.7090E+03	0.0000E+00	0.0000E+00	1.4709E+00
1.7100E+03	0.0000E+00	0.0000E+00	1.4673E+00
1.7110E+03	0.0000E+00	0.0000E+00	1.4670E+00
1.7120E+03	0.0000E+00	0.0000E+00	1.4597E+00
1.7130E+03	0.0000E+00	0.0000E+00	1.4532E+00
1.7140E+03	0.0000E+00	0.0000E+00	1.4419E+00
1.7150E+03	0.0000E+00	0.0000E+00	1.4321E+00
1.7160E+03	0.0000E+00	0.0000E+00	1.4247E+00
1.7170E+03	0.0000E+00	0.0000E+00	1.4081E+00
1.7180E+03	0.0000E+00	0.0000E+00	1.3973E+00
1.7190E+03	0.0000E+00	0.0000E+00	1.3873E+00
1.7200E+03	0.0000E+00	0.0000E+00	1.3815E+00
1.7210E+03	0.0000E+00	0.0000E+00	1.3719E+00
1.7220E+03	0.0000E+00	0.0000E+00	1.3602E+00
1.7230E+03	0.0000E+00	0.0000E+00	1.3739E+00
1.7240E+03	0.0000E+00	0.0000E+00	1.3940E+00
1.7250E+03	0.0000E+00	0.0000E+00	1.4113E+00
1.7260E+03	0.0000E+00	0.0000E+00	1.4339E+00
1.7270E+03	0.0000E+00	0.0000E+00	1.4516E+00
1.7280E+03	0.0000E+00	0.0000E+00	1.4638E+00
1.7290E+03	0.0000E+00	0.0000E+00	1.4744E+00
1.7300E+03	0.0000E+00	0.0000E+00	1.4863E+00
1.7310E+03	0.0000E+00	0.0000E+00	1.4923E+00
1.7320E+03	0.0000E+00	0.0000E+00	1.4868E+00
1.7330E+03	0.0000E+00	0.0000E+00	1.4875E+00
1.7340E+03	0.0000E+00	0.0000E+00	1.4824E+00
1.7350E+03	0.0000E+00	0.0000E+00	1.4741E+00
1.7360E+03	0.0000E+00	0.0000E+00	1.4629E+00
1.7370E+03	0.0000E+00	0.0000E+00	1.4508E+00
1.7380E+03	0.0000E+00	0.0000E+00	1.4433E+00
1.7390E+03	0.0000E+00	0.0000E+00	1.4318E+00
1.7400E+03	0.0000E+00	0.0000E+00	1.4191E+00
1.7410E+03	0.0000E+00	0.0000E+00	1.4103E+00
1.7420E+03	0.0000E+00	0.0000E+00	1.4027E+00
1.7430E+03	0.0000E+00	0.0000E+00	1.3891E+00
1.7440E+03	0.0000E+00	0.0000E+00	1.3828E+00
1.7450E+03	0.0000E+00	0.0000E+00	1.3798E+00
1.7460E+03	0.0000E+00	0.0000E+00	1.3829E+00
1.7470E+03	0.0000E+00	0.0000E+00	1.3874E+00
1.7480E+03	0.0000E+00	0.0000E+00	1.4076E+00
1.7490E+03	0.0000E+00	0.0000E+00	1.4230E+00
1.7500E+03	0.0000E+00	0.0000E+00	1.4401E+00
1.7510E+03	0.0000E+00	0.0000E+00	1.4590E+00
1.7520E+03	0.0000E+00	0.0000E+00	1.4739E+00
1.7530E+03	0.0000E+00	0.0000E+00	1.4953E+00
1.7540E+03	0.0000E+00	0.0000E+00	1.5150E+00
1.7550E+03	0.0000E+00	0.0000E+00	1.5246E+00
1.7560E+03	0.0000E+00	0.0000E+00	1.5299E+00
1.7570E+03	0.0000E+00	0.0000E+00	1.5321E+00
1.7580E+03	0.0000E+00	0.0000E+00	1.5322E+00
1.7590E+03	0.0000E+00	0.0000E+00	1.5271E+00
1.7600E+03	0.0000E+00	0.0000E+00	1.5234E+00
1.7610E+03	0.0000E+00	0.0000E+00	1.5117E+00
1.7620E+03	0.0000E+00	0.0000E+00	1.5074E+00
1.7630E+03	0.0000E+00	0.0000E+00	1.4920E+00
1.7640E+03	0.0000E+00	0.0000E+00	1.4855E+00
1.7650E+03	0.0000E+00	0.0000E+00	1.4730E+00
1.7660E+03	0.0000E+00	0.0000E+00	1.4614E+00
1.7670E+03	0.0000E+00	0.0000E+00	1.4478E+00
1.7680E+03	0.0000E+00	0.0000E+00	1.4348E+00
1.7690E+03	0.0000E+00	0.0000E+00	1.4204E+00
1.7700E+03	0.0000E+00	0.0000E+00	1.4172E+00
1.7710E+03	0.0000E+00	0.0000E+00	1.4228E+00
1.7720E+03	0.0000E+00	0.0000E+00	1.4348E+00
1.7730E+03	0.0000E+00	0.0000E+00	1.4441E+00
1.7740E+03	0.0000E+00	0.0000E+00	1.4626E+00
1.7750E+03	0.0000E+00	0.0000E+00	1.4750E+00
1.7760E+03	0.0000E+00	0.0000E+00	1.4889E+00
1.7770E+03	0.0000E+00	0.0000E+00	1.5049E+00
1.7780E+03	0.0000E+00	0.0000E+00	1.5270E+00
1.7790E+03	0.0000E+00	0.0000E+00	1.5337E+00
1.7800E+03	0.0000E+00	0.0000E+00	1.5387E+00
1.7810E+03	0.0000E+00	0.0000E+00	1.5358E+00
1.7820E+03	0.0000E+00	0.0000E+00	1.5231E+00
1.7830E+03	0.0000E+00	0.0000E+00	1.5115E+00
1.7840E+03	0.0000E+00	0.0000E+00	1.5024E+00
1.7850E+03	0.0000E+00	0.0000E+00	1.4886E+00
1.7860E+03	0.0000E+00	0.0000E+00	1.4796E+00
1.7870E+03	0.0000E+00	0.0000E+00	1.4686E+00
1.7880E+03	0.0000E+00	0.0000E+00	1.4571E+00
1.7890E+03	0.0000E+00	0.0000E+00	1.4397E+00
1.7900E+03	0.0000E+00	0.0000E+00	1.4218E+00
1.7910E+03	0.0000E+00	0.0000E+00	1.4147E+00
1.7920E+03	0.0000E+00	0.0000E+00	1.4011E+00
1.7930E+03	0.0000E+00	0.0000E+00	1.3882E+00
1.7940E+03	0.0000E+00	0.0000E+00	1.3861E+00
1.7950E+03	0.0000E+00	0.0000E+00	1.3890E+00
1.7960E+03	0.0000E+00	0.0000E+00	1.3914E+00
1.7970E+03	0.0000E+00	0.0000E+00	1.4098E+00
1.7980E+03	0.0000E+00	0.0000E+00	1.4237E+00
1.7990E+03	0.0000E+00	0.0000E+00	1.4396E+00
1.8000E+03	0.0000E+00	0.0000E+00	1.4539E+00
1.8010E+03	0.0000E+00	0.0000E+00	1.4684E+00
1.8020E+03	0.0000E+00	0.0000E+00	1.4689E+00
1.8030E+03	0.0000E+00	0.0000E+00	1.4754E+00
1.8040E+03	0.0000E+00	0.0000E+00	1.4707E+00
1.8050E+03	0.0000E+00	0.0000E+00	1.4729E+00
1.8060E+03	0.0000E+00	0.0000E+00	1.4661E+00
1.8070E+03	0.0000E+00	0.0000E+00	1.4555E+00
1.8080E+03	0.0000E+00	0.0000E+00	1.4475E+00
1.8090E+03	0.0000E+00	0.0000E+00	1.4352E+00
1.8100E+03	0.0000E+00	0.0000E+00	1.4278E+00
1.8110E+03	0.0000E+00	0.0000E+00	1.4141E+00
1.8120E+03	0.0000E+00	0.0000E+00	1.4067E+00
1.8130E+03	0.0000E+00	0.0000E+00	1.3928E+00
1.8140E+03	0.0000E+00	0.0000E+00	1.3857E+00
1.8150E+03	0.0000E+00	0.0000E+00	1.3720E+00
1.8160E+03	0.0000E+00	0.0000E+00	1.3648E+00
1.8170E+03	0.0000E+00	0.0000E+00	1.3552E+00
1.8180E+03	0.0000E+00	0.0000E+00	1.3526E+00
1.8190E+03	0.0000E+00	0.0000E+00	1.3603E+00
1.8200E+03	0.0000E+00	0.0000E+00	1.3745E+00
1.8210E+03	0.0000E+00	0.0000E+00	1.3883E+00
1.8220E+03	0.0000E+00	0.0000E+00	1.3997E+00
1.8230E+03	0.0000E+00	0.0000E+00	1.4161E+00
1.8240E+03	0.0000E+00	0.0000E+00	1.4320E+00
1.8250E+03	0.0000E+00	0.0000E+00	1.4427E+00
1.8260E+03	0.0000E+00	0.0000E+00	1.4495E+00
1.8270E+03	0.0000E+00	0.0000E+00	1.4486E+00
1.8280E+03	0.0000E+00	0.0000E+00	1.4470E+00
1.8290E+03	0.0000E+00	0.0000E+00	1.4400E+00
1.8300E+03	0.0000E+00	0.0000E+00	1.4345E+00
1.8310E+03	0.0000E+00	0.0000E+00	1.4244E+00
1.8320E+03	0.0000E+00	0.0000E+00	1.4148E+00
1.8330E+03	0.0000E+00	0.0000E+00	1.4042E+00
1.8340E+03	0.0000E+00	0.0000E+00	1.3931E+00
1.8350E+03	0.0000E+00	0.0000E+00	1.3810E+00
1.8360E+03	0.0000E+00	0.0000E+00	1.3747E+00
1.8370E+03	0.0000E+00	0.0000E+00	1.3645E+00
1.8380E+03	0.0000E+00	0.0000E+00	1.3538E+00
1.8390E+03	0.0000E+00	0.0000E+00	1.3400E+00
1.8400E+03	0.0000E+00	0.0000E+00	1.3357E+00
1.8410E+03	0.0000E+00	0.0000E+00	1.3258E+00
1.8420E+03	0.0000E+00	0.0000E+00	1.3194E+00
1.8430E+03	0.0000E+00	0.0000E+00	1.3234E+00
1.8440E+03	0.0000E+00	0.0000E+00	1.3351E+00
1.8450E+03	0.0000E+00	0.0000E+00	1.3475E+00
1.8460E+03	0.0000E+00	0.0000E+00	1.3641E+00
1.8470E+03	0.0000E+00	0.0000E+00	1.3715E+00
1.8480E+03	0.0000E+00	0.0000E+00	1.3855E+00
1.8490E+03	0.0000E+00	0.0000E+00	1.3971E+00
1.8500E+03	0.0000E+00	0.0000E+00	1.3973E+00
1.8510E+03	0.0000E+00	0.0000E+00	1.4018E+00
1.8520E+03	0.0000E+00	0.0000E+00	1.3987E+00
1.8530E+03	0.0000E+00	0.0000E+00	1.3916E+00
1.8540E+03	0.0000E+00	0.0000E+00	1.3864E+00
1.8550E+03	0.0000E+00	0.0000E+00	1.3738E+00
1.8560E+03	0.0000E+00	0.0000E+00	1.3724E+00
1.8570E+03	0.0000E+00	0.0000E+00	1.3627E+00
1.8580E+03	0.0000E+00	0.0000E+00	1.3510E+00
1.8590E+03	0.0000E+00	0.0000E+00	1.3436E+00
1.8600E+03	0.0000E+00	0.0000E+00	1.3377E+00
1.8610E+03	0.0000E+00	0.0000E+00	1.3275E+00
1.8620E+03	0.0000E+00	0.0000E+00	1.3159E+00
1.8630E+03	0.0000E+00	0.0000E+00	1.3075E+00
1.8640E+03	0.0000E+00	0.0000E+00	1.3008E+00
1.8650E+03	0.0000E+00	0.0000E+00	1.2930E+00
1.8660E+03	0.0000E+00	0.0000E+00	1.2951E+00
1.8670E+03	0.0000E+00	0.0000E+00	1.2967E+00
1.8680E+03	0.0000E+00	0.0000E+00	1.3098E+00
1.8690E+03	0.0000E+00	0.0000E+00	1.3254E+00
1.8700E+03	0.0000E+00	0.0000E+00	1.3394E+00
1.8710E+03	0.0000E+00	0.0000E+00	1.3556E+00
1.8720E+03	0.0000E+00	0.0000E+00	1.3711E+00
1.8730E+03	0.0000E+00	0.0000E+00	1.3787E+00
1.8740E+03	0.0000E+00	0.0000E+00	1.3762E+00
1.8750E+03	0.0000E+00	0.0000E+00	1.3743E+00
1.8760E+03	0.0000E+00	0.0000E+00	1.3690E+00
1.8770E+03	0.0000E+00	0.0000E+00	1.3668E+00
1.8780E+03	0.0000E+00	0.0000E+00	1.3559E+00
1.8790E+03	0.0000E+00	0.0000E+00	1.3429E+00
1.8800E+03	0.0000E+00	0.0000E+00	1.3416E+00
1.8810E+03	0.0000E+00	0.0000E+00	1.3312E+00
1.8820E+03	0.0000E+00	0.0000E+00	1.3222E+00
1.8830E+03	0.0000E+00	0.0000E+00	1.3160E+00
1.8840E+03	0.0000E+00	0.0000E+00	1.3107E+00
1.8850E+03	0.0000E+00	0.0000E+00	1.3026E+00
1.8860E+03	0.0000E+00	0.0000E+00	1.2976E+00
1.8870E+03	0.0000E+00	0.0000E+00	1.2857E+00
1.8880E+03	0.0000E+00	0.0000E+00	1.2776E+00
1.8890E+03	0.0000E+00	0.0000E+00	1.2679E+00
1.8900E+03	0.0000E+00	0.0000E+00	1.2651E+00
1.8910E+03	0.0000E+00	0.0000E+00	1.2662E+00
1.8920E+03	0.0000E+00	0.0000E+00	1.2764E+00
1.8930E+03	0.0000E+00	0.0000E+00	1.2828E+00
1.8940E+03	0.0000E+00	0.0000E+00	1.2948E+00
1.8950E+03	0.0000E+00	0.0000E+00	1.3103E+00
1.8960E+03	0.0000E+00	0.0000E+00	1.3270E+00
1.8970E+03	0.0000E+00	0.0000E+00	1.3292E+00
1.8980E+03	0.0000E+00	0.0000E+00	1.3308E+00
1.8990E+03	0.0000E+00	0.0000E+00	1.3279E+00
1.9000E+03	0.0000E+00	0.0000E+00	1.3231E+00
1.9010E+03	0.0000E+00	0.0000E+00	1.3187E+00
1.9020E+03	0.0000E+00	0.0000E+00	1.3080E+00
1.9030E+03	0.0000E+00	0.0000E+00	1.3040E+00
1.9040E+03	0.0000E+00	0.0000E+00	1.3007E+00
1.9050E+03	0.0000E+00	0.0000E+00	1.2978E+00
1.9060E+03	0.0000E+00	0.0000E+00	1.2842E+00
1.9070E+03	0.0000E+00	0.0000E+00	1.2847E+00
1.9080E+03	0.0000E+00	0.0000E+00	1.2761E+00
1.9090E+03	0.0000E+00	0.0000E+00	1.2756E+00
1.9100E+03	0.0000E+00	0.0000E+00	1.2686E+00
1.9110E+03	0.0000E+00	0.0000E+00	1.2567E+00
1.9120E+03	0.0000E+00	0.0000E+00	1.2489E+00
1.9130E+03	0.0000E+00	0.0000E+00	1.2421E+00
1.9140E+03	0.0000E+00	0.0000E+00	1.2450E+00
1.9150E+03	0.0000E+00	0.0000E+00	1.2501E+00
1.9160E+03	0.0000E+00	0.0000E+00	1.2563E+00
1.9170E+03	0.0000E+00	0.0000E+00	1.2609E+00
1.9180E+03	0.0000E+00	0.0000E+00	1.2710E+00
1.9190E+03	0.0000E+00	0.0000E+00	1.2769E+00
1.9200E+03	0.0000E+00	0.0000E+00	1.2760E+00
1.9210E+03	0.0000E+00	0.0000E+00	1.2818E+00
1.9220E+03	0.0000E+00	0.0000E+00	1.2809E+00
1.9230E+03	0.0000E+00	0.0000E+00	1.2799E+00
1.9240E+03	0.0000E+00	0.0000E+00	1.2746E+00
1.9250E+03	0.0000E+00	0.0000E+00	1.2718E+00
1.9260E+03	0.0000E+00	0.0000E+00	1.2698E+00
1.9270E+03	0.0000E+00	0.0000E+00	1.2627E+00
1.9280E+03	0.0000E+00	0.0000E+00	1.2569E+00
1.9290E+03	0.0000E+00	0.0000E+00	1.2559E+00
1.9300E+03	0.0000E+00	0.0000E+00	1.2510E+00
1.9310E+03	0.0000E+00	0.0000E+00	1.2452E+00
1.9320E+03	0.0000E+00	0.0000E+00	1.2463E+00
1.9330E+03	0.0000E+00	0.0000E+00	1.2500E+00
1.9340E+03	0.0000E+00	0.0000E+00	1.2477E+00
1.9350E+03	0.0000E+00	0.0000E+00	1.2399E+00
1.9360E+03	0.0000E+00	0.0000E+00	1.2405E+00
1.9370E+03	0.0000E+00	0.0000E+00	1.2320E+00
1.9380E+03	0.0000E+00	0.0000E+00	1.2310E+00
1.9390E+03	0.0000E+00	0.0000E+00	1.2351E+00
1.9400E+03	0.0000E+00	0.0000E+00	1.2446E+00
1.9410E+03	0.0000E+00	0.0000E+00	1.2605E+00
1.9420E+03	0.0000E+00	0.0000E+00	1.2726E+00
1.9430E+03	0.0000E+00	0.0000E+00	1.2902E+00
1.9440E+03	0.0000E+00	0.0000E+00	1.2989E+00
1.9450E+03	0.0000E+00	0.0000E+00	1.3011E+00
1.9460E+03	0.0000E+00	0.0000E+00	1.2972E+00
1.9470E+03	0.0000E+00	0.0000E+00	1.2987E+00
1.9480E+03	0.0000E+00	0.0000E+00	1.2950E+00
1.9490E+03	0.0000E+00	0.0000E+00	1.2918E+00
1.9500E+03	0.0000E+00	0.0000E+00	1.2817E+00
1.9510E+03	0.0000E+00	0.0000E+00	1.2720E+00
1.9520E+03	0.0000E+00	0.0000E+00	1.2660E+00
1.9530E+03	0.0000E+00	0.0000E+00	1.2627E+00
1.9540E+03	0.0000E+00	0.0000E+00	1.2531E+00
1.9550E+03	0.0000E+00	0.0000E+00	1.2499E+00
1.9560E+03	0.0000E+00	0.0000E+00	1.2400E+00
1.9570E+03	0.0000E+00	0.0000E+00	1.2329E+00
1.9580E+03	0.0000E+00	0.0000E+00	1.2277E+00
1.9590E+03	0.0000E+00	0.0000E+00	1.2186E+00
1.9600E+03	0.0000E+00	0.0000E+00	1.2098E+00
1.9610E+03	0.0000E+00	0.0000E+00	1.2050E+00
1.9620E+03	0.0000E+00	0.0000E+00	1.2013E+00
1.9630E+03	0.0000E+00	0.0000E+00	1.2062E+00
1.9640E+03	0.0000E+00	0.0000E+00	1.2134E+00
1.9650E+03	0.0000E+00	0.0000E+00	1.2255E+00
1.9660E+03	0.0000E+00	0.0000E+00	1.2383E+00
1.9670E+03	0.0000E+00	0.0000E+00	1.2515E+00
1.9680E+03	0.0000E+00	0.0000E+00	1.2545E+00
1.9690E+03	0.0000E+00	0.0000E+00	1.2590E+00
1.9700E+03	0.0000E+00	0.0000E+00	1.2639E+00
1.9710E+03	0.0000E+00	0.0000E+00	1.2587E+00
1.9720E+03	0.0000E+00	0.0000E+00	1.2538E+00
1.9730E+03	0.0000E+00	0.0000E+00	1.2428E+00
1.9740E+03	0.0000E+00	0.0000E+00	1.2379E+00
1.9750E+03	0.0000E+00	0.0000E+00	1.2338E+00
1.9760E+03	0.0000E+00	0.0000E+00	1.2289E+00
1.9770E+03	0.0000E+00	0.0000E+00	1.2218E+00
1.9780E+03	0.0000E+00	0.0000E+00	1.2180E+00
1.9790E+03	0.0000E+00	0.0000E+00	1.2148E+00
1.9800E+03	0.0000E+00	0.0000E+00	1.2087E+00
1.9810E+03	0.0000E+00	0.0000E+00	1.2007E+00
1.9820E+03	0.0000E+00	0.0000E+00	1.2005E+00
1.9830E+03	0.0000E+00	0.0000E+00	1.1858E+00
1.9840E+03	0.0000E+00	0.0000E+00	1.1827E+00
1.9850E+03	0.0000E+00	0.0000E+00	1.1778E+00
1.9860E+03	0.0000E+00	0.0000E+00	1.1781E+00
1.9870E+03	0.0000E+00	0.0000E+00	1.1841E+00
1.9880E+03	0.0000E+00	0.0000E+00	1.1922E+00
1.9890E+03	0.0000E+00	0.0000E+00	1.2105E+00
1.9900E+03	0.0000E+00	0.0000E+00	1.2283E+00
1.9910E+03	0.0000E+00	0.0000E+00	1.2481E+00
1.9920E+03	0.0000E+00	0.0000E+00	1.2502E+00
1.9930E+03	0.0000E+00	0.0000E+00	1.2599E+00
1.9940E+03	0.0000E+00	0.0000E+00	1.2579E+00
1.9950E+03	0.0000E+00	0.0000E+00	1.2580E+00
1.9960E+03	0.0000E+00	0.0000E+00	1.2527E+00
1.9970E+03	0.0000E+00	0.0000E+00	1.2489E+00
1.9980E+03	0.0000E+00	0.0000E+00	1.2428E+00
1.9990E+03	0.0000E+00	0.0000E+00	1.2366E+00
2.0000E+03	0.0000E+00	0.0000E+00	1.2300E+00
2.0010E+03	0.0000E+00	0.0000E+00	1.2259E+00
2.0020E+03	0.0000E+00	0.0000E+00	1.2176E+00
2.0030E+03	0.0000E+00	0.0000E+00	1.2118E+00
2.0040E+03	0.0000E+00	0.0000E+00	1.2047E+00
2.0050E+03	0.0000E+00	0.0000E+00	1.1977E+00
2.0060E+03	0.0000E+00	0.0000E+00	1.1858E+00
2.0070E+03	0.0000E+00	0.0000E+00	1.1836E+00
2.0080E+03	0.0000E+00	0.0000E+00	1.1748E+00
2.0090E+03	0.0000E+00	0.0000E+00	1.1758E+00
2.0100E+03	0.0000E+00	0.0000E+00	1.1731E+00
2.0110E+03	0.0000E+00	0.0000E+00	1.1824E+00
2.0120E+03	0.0000E+00	0.0000E+00	1.1955E+00
2.0130E+03	0.0000E+00	0.0000E+00	1.2126E+00
2.0140E+03	0.0000E+00	0.0000E+00	1.2302E+00
2.0150E+03	0.0000E+00	0.0000E+00	1.2432E+00
2.0160E+03	0.0000E+00	0.0000E+00	1.2520E+00
2.0170E+03	0.0000E+00	0.0000E+00	1.2548E+00
2.0180E+03	0.0000E+00	0.0000E+00	1.2558E+00
2.0190E+03	0.0000E+00	0.0000E+00	1.2549E+00
2.0200E+03	0.0000E+00	0.0000E+00	1.2468E+00
2.0210E+03	0.0000E+00	0.0000E+00	1.2368E+00
2.0220E+03	0.0000E+00	0.0000E+00	1.2348E+00
2.0230E+03	0.0000E+00	0.0000E+00	1.2268E+00
2.0240E+03	0.0000E+00	0.0000E+00	1.2226E+00
2.0250E+03	0.0000E+00	0.0000E+00	1.2158E+00
2.0260E+03	0.0000E+00	0.0000E+00	1.2126E+00
2.0270E+03	0.0000E+00	0.0000E+00	1.2048E+00
2.0280E+03	0.0000E+00	0.0000E+00	1.1975E+00
2.0290E+03	0.0000E+00	0.0000E+00	1.1907E+00
2.0300E+03	0.0000E+00	0.0000E+00	1.1797E+00
2.0310E+03	0.0000E+00	0.0000E+00	1.1826E+00
2.0320E+03	0.0000E+00	0.0000E+00	1.1765E+00
2.0330E+03	0.0000E+00	0.0000E+00	1.1729E+00
2.0340E+03	0.0000E+00	0.0000E+00	1.1719E+00
2.0350E+03	0.0000E+00	0.0000E+00	1.1741E+00
2.0360E+03	0.0000E+00	0.0000E+00	1.1834E+00
2.0370E+03	0.0000E+00	0.0000E+00	1.1972E+00
2.0380E+03	0.0000E+00	0.0000E+00	1.2095E+00
2.0390E+03	0.0000E+00	0.0000E+00	1.2192E+00
2.0400E+03	0.0000E+00	0.0000E+00	1.2292E+00
2.0410E+03	0.0000E+00	0.0000E+00	1.2380E+00
2.0420E+03	0.0000E+00	0.0000E+00	1.2393E+00
2.0430E+03	0.0000E+00	0.0000E+00	1.2436E+00
2.0440E+03	0.0000E+00	0.0000E+00	1.2387E+00
2.0450E+03	0.0000E+00	0.0000E+00	1.2282E+00
2.0460E+03	0.0000E+00	0.0000E+00	1.2259E+00
2.0470E+03	0.0000E+00	0.0000E+00	1.2168E+00
2.0480E+03	0.0000E+00	0.0000E+00	1.2126E+00
2.0490E+03	0.0000E+00	0.0000E+00	1.2058E+00
2.0500E+03	0.0000E+00	0.0000E+00	1.2025E+00
2.0510E+03	0.0000E+00	0.0000E+00	1.1986E+00
2.0520E+03	0.0000E+00	0.0000E+00	1.1896E+00
2.0530E+03	0.0000E+00	0.0000E+00	1.1865E+00
2.0540E+03	0.0000E+00	0.0000E+00	1.1785E+00
2.0550E+03	0.0000E+00	0.0000E+00	1.1705E+00
2.0560E+03	0.0000E+00	0.0000E+00	1.1638E+00
2.0570E+03	0.0000E+00	0.0000E+00	1.1628E+00
2.0580E+03	0.0000E+00	0.0000E+00	1.1621E+00
2.0590E+03	0.0000E+00	0.0000E+00	1.1722E+00
2.0600E+03	0.0000E+00	0.0000E+00	1.1843E+00
2.0610E+03	0.0000E+00	0.0000E+00	1.2013E+00
2.0620E+03	0.0000E+00	0.0000E+00	1.2132E+00
2.0630E+03	0.0000E+00	0.0000E+00	1.2279E+00
2.0640E+03	0.0000E+00	0.0000E+00	1.2348E+00
2.0650E+03	0.0000E+00	0.0000E+00	1.2318E+00
2.0660E+03	0.0000E+00	0.0000E+00	1.2307E+00
2.0670E+03	0.0000E+00	0.0000E+00	1.2258E+00
2.0680E+03	0.0000E+00	0.0000E+00	1.2239E+00
2.0690E+03	0.0000E+00	0.0000E+00	1.2205E+00
2.0700E+03	0.0000E+00	0.0000E+00	1.2157E+00
2.0710E+03	0.0000E+00	0.0000E+00	1.2058E+00
2.0720E+03	0.0000E+00	0.0000E+00	1.2027E+00
2.0730E+03	0.0000E+00	0.0000E+00	1.1967E+00
2.0740E+03	0.0000E+00	0.0000E+00	1.1936E+00
2.0750E+03	0.0000E+00	0.0000E+00	1.1877E+00
2.0760E+03	0.0000E+00	0.0000E+00	1.1855E+00
2.0770E+03	0.0000E+00	0.0000E+00	1.1756E+00
2.0780E+03	0.0000E+00	0.0000E+00	1.1734E+00
2.0790E+03	0.0000E+00	0.0000E+00	1.1675E+00
2.0800E+03	0.0000E+00	0.0000E+00	1.1635E+00
2.0810E+03	0.0000E+00	0.0000E+00	1.1556E+00
2.0820E+03	0.0000E+00	0.0000E+00	1.1577E+00
2.0830E+03	0.0000E+00	0.0000E+00	1.1600E+00
2.0840E+03	0.0000E+00	0.0000E+00	1.1713E+00
2.0850E+03	0.0000E+00	0.0000E+00	1.1864E+00
2.0860E+03	0.0000E+00	0.0000E+00	1.2063E+00
2.0870E+03	0.0000E+00	0.0000E+00	1.2254E+00
2.0880E+03	0.0000E+00	0.0000E+00	1.2409E+00
2.0890E+03	0.0000E+00	0.0000E+00	1.2467E+00
2.0900E+03	0.0000E+00	0.0000E+00	1.2467E+00
2.0910E+03	0.0000E+00	0.0000E+00	1.2413E+00
2.0920E+03	0.0000E+00	0.0000E+00	1.2425E+00
2.0930E+03	0.0000E+00	0.0000E+00	1.2315E+00
2.0940E+03	0.0000E+00	0.0000E+00	1.2249E+00
2.0950E+03	0.0000E+00	0.0000E+00	1.2189E+00
2.0960E+03	0.0000E+00	0.0000E+00	1.2128E+00
2.0970E+03	0.0000E+00	0.0000E+00	1.2068E+00
2.0980E+03	0.0000E+00	0.0000E+00	1.2025E+00
2.0990E+03	0.0000E+00	0.0000E+00	1.1917E+00
2.1000E+03	0.0000E+00	0.0000E+00	1.1855E+00
2.1010E+03	0.0000E+00	0.0000E+00	1.1822E+00
2.1020E+03	0.0000E+00	0.0000E+00	1.1725E+00
2.1030E+03	0.0000E+00	0.0000E+00	1.1655E+00
2.1040E+03	0.0000E+00	0.0000E+00	1.1603E+00
2.1050E+03	0.0000E+00	0.0000E+00	1.1565E+00
2.1060E+03	0.0000E+00	0.0000E+00	1.1580E+00
2.1070E+03	0.0000E+00	0.0000E+00	1.1641E+00
2.1080E+03	0.0000E+00	0.0000E+00	1.1743E+00
2.1090E+03	0.0000E+00	0.0000E+00	1.1894E+00
2.1100E+03	0.0000E+00	0.0000E+00	1.2083E+00
2.1110E+03	0.0000E+00	0.0000E+00	1.2260E+00
2.1120E+03	0.0000E+00	0.0000E+00	1.2391E+00
2.1130E+03	0.0000E+00	0.0000E+00	1.2479E+00
2.1140E+03	0.0000E+00	0.0000E+00	1.2498E+00
2.1150E+03	0.0000E+00	0.0000E+00	1.2469E+00
2.1160E+03	0.0000E+00	0.0000E+00	1.2389E+00
2.1170E+03	0.0000E+00	0.0000E+00	1.2366E+00
2.1180E+03	0.0000E+00	0.0000E+00	1.2304E+00
2.1190E+03	0.0000E+00	0.0000E+00	1.2158E+00
2.1200E+03	0.0000E+00	0.0000E+00	1.2097E+00
2.1210E+03	0.0000E+00	0.0000E+00	1.2046E+00
2.1220E+03	0.0000E+00	0.0000E+00	1.1918E+00
2.1230E+03	0.0000E+00	0.0000E+00	1.1886E+00
2.1240E+03	0.0000E+00	0.0000E+00	1.1844E+00
2.1250E+03	0.0000E+00	0.0000E+00	1.1763E+00
2.1260E+03	0.0000E+00	0.0000E+00	1.1693E+00
2.1270E+03	0.0000E+00	0.0000E+00	1.1554E+00
2.1280E+03	0.0000E+00	0.0000E+00	1.1496E+00
2.1290E+03	0.0000E+00	0.0000E+00	1.1458E+00
2.1300E+03	0.0000E+00	0.0000E+00	1.1470E+00
2.1310E+03	0.0000E+00	0.0000E+00	1.1553E+00
2.1320E+03	0.0000E+00	0.0000E+00	1.1790E+00
2.1330E+03	0.0000E+00	0.0000E+00	1.1864E+00
2.1340E+03	0.0000E+00	0.0000E+00	1.2017E+00
2.1350E+03	0.0000E+00	0.0000E+00	1.2234E+00
2.1360E+03	0.0000E+00	0.0000E+00	1.2468E+00
2.1370E+03	0.0000E+00	0.0000E+00	1.2442E+00
2.1380E+03	0.0000E+00	0.0000E+00	1.2516E+00
2.1390E+03	0.0000E+00	0.0000E+00	1.2390E+00
2.1400E+03	0.0000E+00	0.0000E+00	1.2380E+00
2.1410E+03	0.0000E+00	0.0000E+00	1.2307E+00
2.1420E+03	0.0000E+00	0.0000E+00	1.2264E+00
2.1430E+03	0.0000E+00	0.0000E+00	1.2135E+00
2.1440E+03	0.0000E+00	0.0000E+00	1.2068E+00
2.1450E+03	0.0000E+00	0.0000E+00	1.2024E+00
2.1460E+03	0.0000E+00	0.0000E+00	1.1975E+00
2.1470E+03	0.0000E+00	0.0000E+00	1.1847E+00
2.1480E+03	0.0000E+00	0.0000E+00	1.1824E+00
2.1490E+03	0.0000E+00	0.0000E+00	1.1755E+00
2.1500E+03	0.0000E+00	0.0000E+00	1.1665E+00
2.1510E+03	0.0000E+00	0.0000E+00	1.1576E+00
2.1520E+03	0.0000E+00	0.0000E+00	1.1524E+00
2.1530E+03	0.0000E+00	0.0000E+00	1.1498E+00
2.1540E+03	0.0000E+00	0.0000E+00	1.1501E+00
2.1550E+03	0.0000E+00	0.0000E+00	1.1606E+00
2.1560E+03	0.0000E+00	0.0000E+00	1.1805E+00
2.1570E+03	0.0000E+00	0.0000E+00	1.2012E+00
2.1580E+03	0.0000E+00	0.0000E+00	1.2152E+00
2.1590E+03	0.0000E+00	0.0000E+00	1.2301E+00
2.1600E+03	0.0000E+00	0.0000E+00	1.2408E+00
2.1610E+03	0.0000E+00	0.0000E+00	1.2415E+00
2.1620E+03	0.0000E+00	0.0000E+00	1.2377E+00
2.1630E+03	0.0000E+00	0.0000E+00	1.2315E+00
2.1640E+03	0.0000E+00	0.0000E+00	1.2267E+00
2.1650E+03	0.0000E+00	0.0000E+00	1.2145E+00
2.1660E+03	0.0000E+00	0.0000E+00	1.2083E+00
2.1670E+03	0.0000E+00	0.0000E+00	1.1944E+00
2.1680E+03	0.0000E+00	0.0000E+00	1.1867E+00
2.1690E+03	0.0000E+00	0.0000E+00	1.1806E+00
2.1700E+03	0.0000E+00	0.0000E+00	1.1695E+00
2.1710E+03	0.0000E+00	0.0000E+00	1.1633E+00
2.1720E+03	0.0000E+00	0.0000E+00	1.1534E+00
2.1730E+03	0.0000E+00	0.0000E+00	1.1452E+00
2.1740E+03	0.0000E+00	0.0000E+00	1.1353E+00
2.1750E+03	0.0000E+00	0.0000E+00	1.1256E+00
2.1760E+03	0.0000E+00	0.0000E+00	1.1182E+00
2.1770E+03	0.0000E+00	0.0000E+00	1.1084E+00
2.1780E+03	0.0000E+00	0.0000E+00	1.1056E+00
2.1790E+03	0.0000E+00	0.0000E+00	1.1079E+00
2.1800E+03	0.0000E+00	0.0000E+00	1.1138E+00
2.1810E+03	0.0000E+00	0.0000E+00	1.1230E+00
2.1820E+03	0.0000E+00	0.0000E+00	1.1310E+00
2.1830E+03	0.0000E+00	0.0000E+00	1.1439E+00
2.1840E+03	0.0000E+00	0.0000E+00	1.1508E+00
2.1850E+03	0.0000E+00	0.0000E+00	1.1538E+00
2.1860E+03	0.0000E+00	0.0000E+00	1.1565E+00
2.1870E+03	0.0000E+00	0.0000E+00	1.1526E+00
2.1880E+03	0.0000E+00	0.0000E+00	1.1522E+00
2.1890E+03	0.0000E+00	0.0000E+00	1.1436E+00
2.1900E+03	0.0000E+00	0.0000E+00	1.1383E+00
2.1910E+03	0.0000E+00	0.0000E+00	1.1304E+00
2.1920E+03	0.0000E+00	0.0000E+00	1.1274E+00
2.1930E+03	0.0000E+00	0.0000E+00	1.1185E+00
2.1940E+03	0.0000E+00	0.0000E+00	1.1115E+00
2.1950E+03	0.0000E+00	0.0000E+00	1.1094E+00
2.1960E+03	0.0000E+00	0.0000E+00	1.1053E+00
2.1970E+03	0.0000E+00	0.0000E+00	1.0983E+00
2.1980E+03	0.0000E+00	0.0000E+00	1.0912E+00
2.1990E+03	0.0000E+00	0.0000E+00	1.0862E+00
2.2000E+03	0.0000E+00	0.0000E+00	1.0783E+00
2.2010E+03	0.0000E+00	0.0000E+00	1.0723E+00
2.2020E+03	0.0000E+00	0.0000E+00	1.0705E+00
2.2030E+03	0.0000E+00	0.0000E+00	1.0727E+00
2.2040E+03	0.0000E+00	0.0000E+00	1.0779E+00
2.2050E+03	0.0000E+00	0.0000E+00	1.0900E+00
2.2060E+03	0.0000E+00	0.0000E+00	1.1029E+00
2.2070E+03	0.0000E+00	0.0000E+00	1.1206E+00
2.2080E+03	0.0000E+00	0.0000E+00	1.1306E+00
2.2090E+03	0.0000E+00	0.0000E+00	1.1357E+00
2.2100E+03	0.0000E+00	0.0000E+00	1.1416E+00
2.2110E+03	0.0000E+00	0.0000E+00	1.1422E+00
2.2120E+03	0.0000E+00	0.0000E+00	1.1335E+00
2.2130E+03	0.0000E+00	0.0000E+00	1.1275E+00
2.2140E+03	0.0000E+00	0.0000E+00	1.1233E+00
2.2150E+03	0.0000E+00	0.0000E+00	1.1153E+00
2.2160E+03	0.0000E+00	0.0000E+00	1.1104E+00
2.2170E+03	0.0000E+00	0.0000E+00	1.1054E+00
2.2180E+03	0.0000E+00	0.0000E+00	1.1003E+00
2.2190E+03	0.0000E+00	0.0000E+00	1.0923E+00
2.2200E+03	0.0000E+00	0.0000E+00	1.0892E+00
2.2210E+03	0.0000E+00	0.0000E+00	1.0803E+00
2.2220E+03	0.0000E+00	0.0000E+00	1.0753E+00
2.2230E+03	0.0000E+00	0.0000E+00	1.0705E+00
2.2240E+03	0.0000E+00	0.0000E+00	1.0733E+00
2.2250E+03	0.0000E+00	0.0000E+00	1.0675E+00
2.2260E+03	0.0000E+00	0.0000E+00	1.0616E+00
2.2270E+03	0.0000E+00	0.0000E+00	1.0696E+00
2.2280E+03	0.0000E+00	0.0000E+00	1.0736E+00
2.2290E+03	0.0000E+00	0.0000E+00	1.0827E+00
2.2300E+03	0.0000E+00	0.0000E+00	1.0928E+00
2.2310E+03	0.0000E+00	0.0000E+00	1.1026E+00
2.2320E+03	0.0000E+00	0.0000E+00	1.1134E+00
2.2330E+03	0.0000E+00	0.0000E+00	1.1134E+00
2.2340E+03	0.0000E+00	0.0000E+00	1.1145E+00
2.2350E+03	0.0000E+00	0.0000E+00	1.1095E+00
2.2360E+03	0.0000E+00	0.0000E+00	1.1105E+00
2.2370E+03	0.0000E+00	0.0000E+00	1.1043E+00
2.2380E+03	0.0000E+00	0.0000E+00	1.1012E+00
2.2390E+03	0.0000E+00	0.0000E+00	1.0923E+00
2.2400E+03	0.0000E+00	0.0000E+00	1.0893E+00
2.2410E+03	0.0000E+00	0.0000E+00	1.0814E+00
2.2420E+03	0.0000E+00	0.0000E+00	1.0764E+00
2.2430E+03	0.0000E+00	0.0000E+00	1.0724E+00
2.2440E+03	0.0000E+00	0.0000E+00	1.0693E+00
2.2450E+03	0.0000E+00	0.0000E+00	1.0623E+00
2.2460E+03	0.0000E+00	0.0000E+00	1.0563E+00
2.2470E+03	0.0000E+00	0.0000E+00	1.0522E+00
2.2480E+03	0.0000E+00	0.0000E+00	1.0422E+00
2.2490E+03	0.0000E+00	0.0000E+00	1.0390E+00
2.2500E+03	0.0000E+00	0.0000E+00	1.0333E+00
2.2510E+03	0.0000E+00	0.0000E+00	1.0344E+00
2.2520E+03	0.0000E+00	0.0000E+00	1.0406E+00
2.2530E+03	0.0000E+00	0.0000E+00	1.0469E+00
2.2540E+03	0.0000E+00	0.0000E+00	1.0597E+00
2.2550E+03	0.0000E+00	0.0000E+00	1.0727E+00
2.2560E+03	0.0000E+00	0.0000E+00	1.0857E+00
2.2570E+03	0.0000E+00	0.0000E+00	1.0915E+00
2.2580E+03	0.0000E+00	0.0000E+00	1.0965E+00
2.2590E+03	0.0000E+00	0.0000E+00	1.0943E+00
2.2600E+03	0.0000E+00	0.0000E+00	1.0893E+00
2.2610E+03	0.0000E+00	0.0000E+00	1.0834E+00
2.2620E+03	0.0000E+00	0.0000E+00	1.0803E+00
2.2630E+03	0.0000E+00	0.0000E+00	1.0724E+00
2.2640E+03	0.0000E+00	0.0000E+00	1.0711E+00
2.2650E+03	0.0000E+00	0.0000E+00	1.0653E+00
2.2660E+03	0.0000E+00	0.0000E+00	1.0602E+00
2.2670E+03	0.0000E+00	0.0000E+00	1.0543E+00
2.2680E+03	0.0000E+00	0.0000E+00	1.0492E+00
2.2690E+03	0.0000E+00	0.0000E+00	1.0462E+00
2.2700E+03	0.0000E+00	0.0000E+00	1.0401E+00
2.2710E+03	0.0000E+00	0.0000E+00	1.0333E+00
2.2720E+03	0.0000E+00	0.0000E+00	1.0320E+00
2.2730E+03	0.0000E+00	0.0000E+00	1.0224E+00
2.2740E+03	0.0000E+00	0.0000E+00	1.0285E+00
2.2750E+03	0.0000E+00	0.0000E+00	1.0365E+00
2.2760E+03	0.0000E+00	0.0000E+00	1.0456E+00
2.2770E+03	0.0000E+00	0.0000E+00	1.0507E+00
2.2780E+03	0.0000E+00	0.0000E+00	1.0606E+00
2.2790E+03	0.0000E+00	0.0000E+00	1.0657E+00
2.2800E+03	0.0000E+00	0.0000E+00	1.0735E+00
2.2810E+03	0.0000E+00	0.0000E+00	1.0754E+00
2.2820E+03	0.0000E+00	0.0000E+00	1.0753E+00
2.2830E+03	0.0000E+00	0.0000E+00	1.0763E+00
2.2840E+03	0.0000E+00	0.0000E+00	1.0742E+00
2.2850E+03	0.0000E+00	0.0000E+00	1.0664E+00
2.2860E+03	0.0000E+00	0.0000E+00	1.0632E+00
2.2870E+03	0.0000E+00	0.0000E+00	1.0563E+00
2.2880E+03	0.0000E+00	0.0000E+00	1.0514E+00
2.2890E+03	0.0000E+00	0.0000E+00	1.0511E+00
2.2900E+03	0.0000E+00	0.0000E+00	1.0471E+00
2.2910E+03	0.0000E+00	0.0000E+00	1.0421E+00
2.2920E+03	0.0000E+00	0.0000E+00	1.0361E+00
2.2930E+03	0.0000E+00	0.0000E+00	1.0281E+00
2.2940E+03	0.0000E+00	0.0000E+00	1.0234E+00
2.2950E+03	0.0000E+00	0.0000E+00	1.0215E+00
2.2960E+03	0.0000E+00	0.0000E+00	1.0143E+00
2.2970E+03	0.0000E+00	0.0000E+00	1.0091E+00
2.2980E+03	0.0000E+00	0.0000E+00	1.0103E+00
2.2990E+03	0.0000E+00	0.0000E+00	1.0079E+00
2.3000E+03	0.0000E+00	0.0000E+00	1.0136E+00
2.3010E+03	0.0000E+00	0.0000E+00	1.0202E+00
2.3020E+03	0.0000E+00	0.0000E+00	1.0297E+00
2.3030E+03	0.0000E+00	0.0000E+00	1.0456E+00
2.3040E+03	0.0000E+00	0.0000E+00	1.0547E+00
2.3050E+03	0.0000E+00	0.0000E+00	1.0634E+00
2.3060E+03	0.0000E+00	0.0000E+00	1.0655E+00
2.3070E+03	0.0000E+00	0.0000E+00	1.0684E+00
2.3080E+03	0.0000E+00	0.0000E+00	1.0662E+00
2.3090E+03	0.0000E+00	0.0000E+00	1.0621E+00
2.3100E+03	0.0000E+00	0.0000E+00	1.0581E+00
2.3110E+03	0.0000E+00	0.0000E+00	1.0511E+00
2.3120E+03	0.0000E+00	0.0000E+00	1.0483E+00
2.3130E+03	0.0000E+00	0.0000E+00	1.0433E+00
2.3140E+03	0.0000E+00	0.0000E+00	1.0393E+00
2.3150E+03	0.0000E+00	0.0000E+00	1.0343E+00
2.3160E+03	0.0000E+00	0.0000E+00	1.0301E+00
2.3170E+03	0.0000E+00	0.0000E+00	1.0248E+00
2.3180E+03	0.0000E+00	0.0000E+00	1.0196E+00
2.3190E+03	0.0000E+00	0.0000E+00	1.0149E+00
2.3200E+03	0.0000E+00	0.0000E+00	1.0096E+00
2.3210E+03	0.0000E+00	0.0000E+00	1.0055E+00
2.3220E+03	0.0000E+00	0.0000E+00	1.0022E+00
2.3230E+03	0.0000E+00	0.0000E+00	1.0067E+00
2.3240E+03	0.0000E+00	0.0000E+00	1.0093E+00
2.3250E+03	0.0000E+00	0.0000E+00	1.0196E+00
2.3260E+03	0.0000E+00	0.0000E+00	1.0268E+00
2.3270E+03	0.0000E+00	0.0000E+00	1.0369E+00
2.3280E+03	0.0000E+00	0.0000E+00	1.0560E+00
2.3290E+03	0.0000E+00	0.0000E+00	1.0673E+00
2.3300E+03	0.0000E+00	0.0000E+00	1.0968E+00
2.3310E+03	0.0000E+00	0.0000E+00	1.1106E+00
2.3320E+03	0.0000E+00	0.0000E+00	1.1141E+00
2.3330E+03	0.0000E+00	0.0000E+00	1.1031E+00
2.3340E+03	0.0000E+00	0.0000E+00	1.0911E+00
2.3350E+03	0.0000E+00	0.0000E+00	1.0812E+00
2.3360E+03	0.0000E+00	0.0000E+00	1.0703E+00
2.3370E+03	0.0000E+00	0.0000E+00	1.0622E+00
2.3380E+03	0.0000E+00	0.0000E+00	1.0550E+00
2.3390E+03	0.0000E+00	0.0000E+00	1.0451E+00
2.3400E+03	0.0000E+00	0.0000E+00	1.0383E+00
2.3410E+03	0.0000E+00	0.0000E+00	1.0360E+00
2.3420E+03	0.0000E+00	0.0000E+00	1.0270E+00
2.3430E+03	0.0000E+00	0.0000E+00	1.0216E+00
2.3440E+03	0.0000E+00	0.0000E+00	1.0132E+00
2.3450E+03	0.0000E+00	0.0000E+00	1.0072E+00
2.3460E+03	0.0000E+00	0.0000E+00	9.9751E-01
2.3470E+03	0.0000E+00	0.0000E+00	1.0283E+00
2.3480E+03	0.0000E+00	0.0000E+00	1.0305E+00
2.3490E+03	0.0000E+00	0.0000E+00	1.0334E+00
2.3500E+03	0.0000E+00	0.0000E+00	1.0385E+00
2.3510E+03	0.0000E+00	0.0000E+00	1.0426E+00
2.3520E+03	0.0000E+00	0.0000E+00	1.0486E+00
2.3530E+03	0.0000E+00	0.0000E+00	1.0554E+00
2.3540E+03	0.0000E+00	0.0000E+00	1.0604E+00
2.3550E+03	0.0000E+00	0.0000E+00	1.0624E+00
2.3560E+03	0.0000E+00	0.0000E+00	1.0604E+00
2.3570E+03	0.0000E+00	0.0000E+00	1.0593E+00
2.3580E+03	0.0000E+00	0.0000E+00	1.0552E+00
2.3590E+03	0.0000E+00	0.0000E+00	1.0505E+00
2.3600E+03	0.0000E+00	0.0000E+00	1.0484E+00
2.3610E+03	0.0000E+00	0.0000E+00	1.0423E+00
2.3620E+03	0.0000E+00	0.0000E+00	1.0412E+00
2.3630E+03	0.0000E+00	0.0000E+00	1.0303E+00
2.3640E+03	0.0000E+00	0.0000E+00	1.0295E+00
2.3650E+03	0.0000E+00	0.0000E+00	1.0341E+00
2.3660E+03	0.0000E+00	0.0000E+00	1.0293E+00
2.3670E+03	0.0000E+00	0.0000E+00	1.0280E+00
2.3680E+03	0.0000E+00	0.0000E+00	1.0156E+00
2.3690E+03	0.0000E+00	0.0000E+00	1.0222E+00
2.3700E+03	0.0000E+00	0.0000E+00	1.0304E+00
2.3710E+03	0.0000E+00	0.0000E+00	1.0314E+00
2.3720E+03	0.0000E+00	0.0000E+00	1.0306E+00
2.3730E+03	0.0000E+00	0.0000E+00	1.0406E+00
2.3740E+03	0.0000E+00	0.0000E+00	1.0478E+00
2.3750E+03	0.0000E+00	0.0000E+00	1.0588E+00
2.3760E+03	0.0000E+00	0.0000E+00	1.0676E+00
2.3770E+03	0.0000E+00	0.0000E+00	1.0715E+00
2.3780E+03	0.0000E+00	0.0000E+00	1.0725E+00
2.3790E+03	0.0000E+00	0.0000E+00	1.0734E+00
2.3800E+03	0.0000E+00	0.0000E+00	1.0702E+00
2.3810E+03	0.0000E+00	0.0000E+00	1.0674E+00
2.3820E+03	0.0000E+00	0.0000E+00	1.0623E+00
2.3830E+03	0.0000E+00	0.0000E+00	1.0543E+00
2.3840E+03	0.0000E+00	0.0000E+00	1.0524E+00
2.3850E+03	0.0000E+00	0.0000E+00	1.0504E+00
2.3860E+03	0.0000E+00	0.0000E+00	1.0462E+00
2.3870E+03	0.0000E+00	0.0000E+00	1.0384E+00
2.3880E+03	0.0000E+00	0.0000E+00	1.0422E+00
2.3890E+03	0.0000E+00	0.0000E+00	1.0371E+00
2.3900E+03	0.0000E+00	0.0000E+00	1.0361E+00
2.3910E+03	0.0000E+00	0.0000E+00	1.0320E+00
2.3920E+03	0.0000E+00	0.0000E+00	1.0281E+00
2.3930E+03	0.0000E+00	0.0000E+00	1.0215E+00
2.3940E+03	0.0000E+00	0.0000E+00	1.0184E+00
2.3950E+03	0.0000E+00	0.0000E+00	1.0283E+00
2.3960E+03	0.0000E+00	0.0000E+00	1.0274E+00
2.3970E+03	0.0000E+00	0.0000E+00	1.0335E+00
2.3980E+03	0.0000E+00	0.0000E+00	1.0406E+00
2.3990E+03	0.0000E+00	0.0000E+00	1.0486E+00
2.4000E+03	0.0000E+00	0.0000E+00	1.0565E+00
2.4010E+03	0.0000E+00	0.0000E+00	1.0634E+00
2.4020E+03	0.0000E+00	0.0000E+00	1.0683E+00
2.4030E+03	0.0000E+00	0.0000E+00	1.0674E+00
2.4040E+03	0.0000E+00	0.0000E+00	1.0663E+00
2.4050E+03	0.0000E+00	0.0000E+00	1.0624E+00
2.4060E+03	0.0000E+00	0.0000E+00	1.0573E+00
2.4070E+03	0.0000E+00	0.0000E+00	1.0553E+00
2.4080E+03	0.0000E+00	0.0000E+00	1.0506E+00
2.4090E+03	0.0000E+00	0.0000E+00	1.0474E+00
2.4100E+03	0.0000E+00	0.0000E+00	1.0444E+00
2.4110E+03	0.0000E+00	0.0000E+00	1.0434E+00
2.4120E+03	0.0000E+00	0.0000E+00	1.0394E+00
2.4130E+03	0.0000E+00	0.0000E+00	1.0342E+00
2.4140E+03	0.0000E+00	0.0000E+00	1.0301E+00
2.4150E+03	0.0000E+00	0.0000E+00	1.0279E+00
2.4160E+03	0.0000E+00	0.0000E+00	1.0219E+00
2.4170E+03	0.0000E+00	0.0000E+00	1.0170E+00
2.4180E+03	0.0000E+00	0.0000E+00	1.0137E+00
2.4190E+03	0.0000E+00	0.0000E+00	1.0138E+00
2.4200E+03	0.0000E+00	0.0000E+00	1.0158E+00
2.4210E+03	0.0000E+00	0.0000E+00	1.0231E+00
2.4220E+03	0.0000E+00	0.0000E+00	1.0272E+00
2.4230E+03	0.0000E+00	0.0000E+00	1.0406E+00
2.4240E+03	0.0000E+00	0.0000E+00	1.0497E+00
2.4250E+03	0.0000E+00	0.0000E+00	1.0594E+00
2.4260E+03	0.0000E+00	0.0000E+00	1.0633E+00
2.4270E+03	0.0000E+00	0.0000E+00	1.0614E+00
2.4280E+03	0.0000E+00	0.0000E+00	1.0592E+00
2.4290E+03	0.0000E+00	0.0000E+00	1.0542E+00
2.4300E+03	0.0000E+00	0.0000E+00	1.0501E+00
2.4310E+03	0.0000E+00	0.0000E+00	1.0461E+00
2.4320E+03	0.0000E+00	0.0000E+00	1.0401E+00
2.4330E+03	0.0000E+00	0.0000E+00	1.0352E+00
2.4340E+03	0.0000E+00	0.0000E+00	1.0272E+00
2.4350E+03	0.0000E+00	0.0000E+00	1.0269E+00
2.4360E+03	0.0000E+00	0.0000E+00	1.0203E+00
2.4370E+03	0.0000E+00	0.0000E+00	1.0163E+00
2.4380E+03	0.0000E+00	0.0000E+00	1.0072E+00
2.4390E+03	0.0000E+00	0.0000E+00	1.0035E+00
2.4400E+03	0.0000E+00	0.0000E+00	9.9627E-01
2.4410E+03	0.0000E+00	0.0000E+00	9.9277E-01
2.4420E+03	0.0000E+00	0.0000E+00	9.8889E-01
2.4430E+03	0.0000E+00	0.0000E+00	9.8885E-01
2.4440E+03	0.0000E+00	0.0000E+00	9.9070E-01
2.4450E+03	0.0000E+00	0.0000E+00	9.9387E-01
2.4460E+03	0.0000E+00	0.0000E+00	1.0073E+00
2.4470E+03	0.0000E+00	0.0000E+00	1.0203E+00
2.4480E+03	0.0000E+00	0.0000E+00	1.0345E+00
2.4490E+03	0.0000E+00	0.0000E+00	1.0406E+00
2.4500E+03	0.0000E+00	0.0000E+00	1.0445E+00
2.4510E+03	0.0000E+00	0.0000E+00	1.0491E+00
2.4520E+03	0.0000E+00	0.0000E+00	1.0460E+00
2.4530E+03	0.0000E+00	0.0000E+00	1.0410E+00
2.4540E+03	0.0000E+00	0.0000E+00	1.0351E+00
2.4550E+03	0.0000E+00	0.0000E+00	1.0292E+00
2.4560E+03	0.0000E+00	0.0000E+00	1.0254E+00
2.4570E+03	0.0000E+00	0.0000E+00	1.0200E+00
2.4580E+03	0.0000E+00	0.0000E+00	1.0146E+00
2.4590E+03	0.0000E+00	0.0000E+00	1.0084E+00
2.4600E+03	0.0000E+00	0.0000E+00	1.0049E+00
2.4610E+03	0.0000E+00	0.0000E+00	1.0040E+00
2.4620E+03	0.0000E+00	0.0000E+00	9.9851E-01
2.4630E+03	0.0000E+00	0.0000E+00	9.9028E-01
2.4640E+03	0.0000E+00	0.0000E+00	9.8671E-01
2.4650E+03	0.0000E+00	0.0000E+00	9.7983E-01
2.4660E+03	0.0000E+00	0.0000E+00	9.7733E-01
2.4670E+03	0.0000E+00	0.0000E+00	9.7925E-01
2.4680E+03	0.0000E+00	0.0000E+00	9.8922E-01
2.4690E+03	0.0000E+00	0.0000E+00	1.0043E+00
2.4700E+03	0.0000E+00	0.0000E+00	1.0162E+00
2.4710E+03	0.0000E+00	0.0000E+00	1.0455E+00
2.4720E+03	0.0000E+00	0.0000E+00	1.0791E+00
2.4730E+03	0.0000E+00	0.0000E+00	1.1039E+00
2.4740E+03	0.0000E+00	0.0000E+00	1.1106E+00
2.4750E+03	0.0000E+00	0.0000E+00	1.1102E+00
2.4760E+03	0.0000E+00	0.0000E+00	1.1061E+00
2.4770E+03	0.0000E+00	0.0000E+00	1.0961E+00
2.4780E+03	0.0000E+00	0.0000E+00	1.0812E+00
2.4790E+03	0.0000E+00	0.0000E+00	1.0732E+00
2.4800E+03	0.0000E+00	0.0000E+00	1.0652E+00
2.4810E+03	0.0000E+00	0.0000E+00	1.0561E+00
2.4820E+03	0.0000E+00	0.0000E+00	1.0482E+00
2.4830E+03	0.0000E+00	0.0000E+00	1.0411E+00
2.4840E+03	0.0000E+00	0.0000E+00	1.0282E+00
2.4850E+03	0.0000E+00	0.0000E+00	1.0270E+00
2.4860E+03	0.0000E+00	0.0000E+00	1.0206E+00
2.4870E+03	0.0000E+00	0.0000E+00	1.0124E+00
2.4880E+03	0.0000E+00	0.0000E+00	1.0122E+00
2.4890E+03	0.0000E+00	0.0000E+00	1.0047E+00
2.4900E+03	0.0000E+00	0.0000E+00	9.9797E-01
2.4910E+03	0.0000E+00	0.0000E+00	9.9828E-01
2.4920E+03	0.0000E+00	0.0000E+00	1.0005E+00
2.4930E+03	0.0000E+00	0.0000E+00	9.9962E-01
2.4940E+03	0.0000E+00	0.0000E+00	1.0091E+00
2.4950E+03	0.0000E+00	0.0000E+00	1.0143E+00
2.4960E+03	0.0000E+00	0.0000E+00	1.0201E+00
2.4970E+03	0.0000E+00	0.0000E+00	1.0244E+00
2.4980E+03	0.0000E+00	0.0000E+00	1.0238E+00
2.4990E+03	0.0000E+00	0.0000E+00	1.0253E+00
2.5000E+03	0.0000E+00	0.0000E+00	1.0196E+00
2.5010E+03	0.0000E+00	0.0000E+00	1.0155E+00
2.5020E+03	0.0000E+00	0.0000E+00	1.0101E+00
2.5030E+03	0.0000E+00	0.0000E+00	1.0073E+00
2.5040E+03	0.0000E+00	0.0000E+00	1.0092E+00
2.5050E+03	0.0000E+00	0.0000E+00	1.0007E+00
2.5060E+03	0.0000E+00	0.0000E+00	9.9958E-01
2.5070E+03	0.0000E+00	0.0000E+00	9.9845E-01
2.5080E+03	0.0000E+00	0.0000E+00	9.9616E-01
2.5090E+03	0.0000E+00	0.0000E+00	9.9110E-01
2.5100E+03	0.0000E+00	0.0000E+00	9.8877E-01
2.5110E+03	0.0000E+00	0.0000E+00	9.8856E-01
2.5120E+03	0.0000E+00	0.0000E+00	9.8370E-01
2.5130E+03	0.0000E+00	0.0000E+00	9.8442E-01
2.5140E+03	0.0000E+00	0.0000E+00	9.7826E-01
2.5150E+03	0.0000E+00	0.0000E+00	9.8943E-01
2.5160E+03	0.0000E+00	0.0000E+00	1.0127E+00
2.5170E+03	0.0000E+00	0.0000E+00	1.0089E+00
2.5180E+03	0.0000E+00	0.0000E+00	1.0045E+00
2.5190E+03	0.0000E+00	0.0000E+00	1.0037E+00
2.5200E+03	0.0000E+00	0.0000E+00	1.0111E+00
2.5210E+03	0.0000E+00	0.0000E+00	1.0200E+00
2.5220E+03	0.0000E+00	0.0000E+00	1.0199E+00
2.5230E+03	0.0000E+00	0.0000E+00	1.0189E+00
2.5240E+03	0.0000E+00	0.0000E+00	1.0185E+00
2.5250E+03	0.0000E+00	0.0000E+00	1.0126E+00
2.5260E+03	0.0000E+00	0.0000E+00	1.0091E+00
2.5270E+03	0.0000E+00	0.0000E+00	1.0064E+00
2.5280E+03	0.0000E+00	0.0000E+00	1.0063E+00
2.5290E+03	0.0000E+00	0.0000E+00	1.0043E+00
2.5300E+03	0.0000E+00	0.0000E+00	9.9574E-01
2.5310E+03	0.0000E+00	0.0000E+00	9.9548E-01
2.5320E+03	0.0000E+00	0.0000E+00	9.9437E-01
2.5330E+03	0.0000E+00	0.0000E+00	9.8900E-01
2.5340E+03	0.0000E+00	0.0000E+00	9.8156E-01
2.5350E+03	0.0000E+00	0.0000E+00	9.8045E-01
2.5360E+03	0.0000E+00	0.0000E+00	9.7362E-01
2.5370E+03	0.0000E+00	0.0000E+00	9.7126E-01
2.5380E+03	0.0000E+00	0.0000E+00	9.6785E-01
2.5390E+03	0.0000E+00	0.0000E+00	9.6110E-01
2.5400E+03	0.0000E+00	0.0000E+00	9.6066E-01
2.5410E+03	0.0000E+00	0.0000E+00	9.6352E-01
2.5420E+03	0.0000E+00	0.0000E+00	9.6960E-01
2.5430E+03	0.0000E+00	0.0000E+00	9.7373E-01
2.5440E+03	0.0000E+00	0.0000E+00	9.8439E-01
2.5450E+03	0.0000E+00	0.0000E+00	9.9924E-01
2.5460E+03	0.0000E+00	0.0000E+00	1.0009E+00
2.5470E+03	0.0000E+00	0.0000E+00	1.0073E+00
2.5480E+03	0.0000E+00	0.0000E+00	1.0044E+00
2.5490E+03	0.0000E+00	0.0000E+00	1.0029E+00
2.5500E+03	0.0000E+00	0.0000E+00	9.9958E-01
2.5510E+03	0.0000E+00	0.0000E+00	9.9370E-01
2.5520E+03	0.0000E+00	0.0000E+00	9.8806E-01
2.5530E+03	0.0000E+00	0.0000E+00	9.8873E-01
2.5540E+03	0.0000E+00	0.0000E+00	9.8410E-01
2.5550E+03	0.0000E+00	0.0000E+00	9.8412E-01
2.5560E+03	0.0000E+00	0.0000E+00	9.7778E-01
2.5570E+03	0.0000E+00	0.0000E+00	9.7438E-01
2.5580E+03	0.0000E+00	0.0000E+00	9.7052E-01
2.5590E+03	0.0000E+00	0.0000E+00	9.6251E-01
2.5600E+03	0.0000E+00	0.0000E+00	9.6052E-01
2.5610E+03	0.0000E+00	0.0000E+00	9.5730E-01
2.5620E+03	0.0000E+00	0.0000E+00	9.5359E-01
2.5630E+03	0.0000E+00	0.0000E+00	9.4939E-01
2.5640E+03	0.0000E+00	0.0000E+00	9.5221E-01
2.5650E+03	0.0000E+00	0.0000E+00	9.5190E-01
2.5660E+03	0.0000E+00	0.0000E+00	9.6151E-01
2.5670E+03	0.0000E+00	0.0000E+00	9.6873E-01
2.5680E+03	0.0000E+00	0.0000E+00	9.7241E-01
2.5690E+03	0.0000E+00	0.0000E+00	9.7568E-01
2.5700E+03	0.0000E+00	0.0000E+00	9.7658E-01
2.5710E+03	0.0000E+00	0.0000E+00	9.8092E-01
2.5720E+03	0.0000E+00	0.0000E+00	9.7887E-01
2.5730E+03	0.0000E+00	0.0000E+00	9.7504E-01
2.5740E+03	0.0000E+00	0.0000E+00	9.7587E-01
2.5750E+03	0.0000E+00	0.0000E+00	9.6915E-01
2.5760E+03	0.0000E+00	0.0000E+00	9.6424E-01
2.5770E+03	0.0000E+00	0.0000E+00	9.6535E-01
2.5780E+03	0.0000E+00	0.0000E+00	9.6229E-01
2.5790E+03	0.0000E+00	0.0000E+00	9.5885E-01
2.5800E+03	0.0000E+00	0.0000E+00	9.5851E-01
2.5810E+03	0.0000E+00	0.0000E+00	9.5607E-01
2.5820E+03	0.0000E+00	0.0000E+00	9.5229E-01
2.5830E+03	0.0000E+00	0.0000E+00	9.5164E-01
2.5840E+03	0.0000E+00	0.0000E+00	9.4509E-01
2.5850E+03	0.0000E+00	0.0000E+00	9.4199E-01
2.5860E+03	0.0000E+00	0.0000E+00	9.4489E-01
2.5870E+03	0.0000E+00	0.0000E+00	9.6623E-01
2.5880E+03	0.0000E+00	0.0000E+00	9.8010E-01
2.5890E+03	0.0000E+00	0.0000E+00	9.8797E-01
2.5900E+03	0.0000E+00	0.0000E+00	9.9430E-01
2.5910E+03	0.0000E+00	0.0000E+00	1.0236E+00
2.5920E+03	0.0000E+00	0.0000E+00	1.0446E+00
2.5930E+03	0.0000E+00	0.0000E+00	1.0514E+00
2.5940E+03	0.0000E+00	0.0000E+00	1.0544E+00
2.5950E+03	0.0000E+00	0.0000E+00	1.0552E+00
2.5960E+03	0.0000E+00	0.0000E+00	1.0443E+00
2.5970E+03	0.0000E+00	0.0000E+00	1.0440E+00
2.5980E+03	0.0000E+00	0.0000E+00	1.0311E+00
2.5990E+03	0.0000E+00	0.0000E+00	1.0255E+00
2.6000E+03	0.0000E+00	0.0000E+00	1.0203E+00
2.6010E+03	0.0000E+00	0.0000E+00	1.0149E+00
2.6020E+03	0.0000E+00	0.0000E+00	1.0132E+00
2.6030E+03	0.0000E+00	0.0000E+00	1.0032E+00
2.6040E+03	0.0000E+00	0.0000E+00	9.9996E-01
2.6050E+03	0.0000E+00	0.0000E+00	9.9412E-01
2.6060E+03	0.0000E+00	0.0000E+00	9.8377E-01
2.6070E+03	0.0000E+00	0.0000E+00	9.7818E-01
2.6080E+03	0.0000E+00	0.0000E+00	9.7510E-01
2.6090E+03	0.0000E+00	0.0000E+00	9.6859E-01
2.6100E+03	0.0000E+00	0.0000E+00	9.6460E-01
2.6110E+03	0.0000E+00	0.0000E+00	9.6025E-01
2.6120E+03	0.0000E+00	0.0000E+00	9.5988E-01
2.6130E+03	0.0000E+00	0.0000E+00	9.6510E-01
2.6140E+03	0.0000E+00	0.0000E+00	9.6778E-01
2.6150E+03	0.0000E+00	0.0000E+00	9.8394E-01
2.6160E+03	0.0000E+00	0.0000E+00	9.9460E-01
2.6170E+03	0.0000E+00	0.0000E+00	9.9539E-01
2.6180E+03	0.0000E+00	0.0000E+00	1.0012E+00
2.6190E+03	0.0000E+00	0.0000E+00	9.9584E-01
2.6200E+03	0.0000E+00	0.0000E+00	9.9679E-01
2.6210E+03	0.0000E+00	0.0000E+00	9.9534E-01
2.6220E+03	0.0000E+00	0.0000E+00	9.9143E-01
2.6230E+03	0.0000E+00	0.0000E+00	9.8433E-01
2.6240E+03	0.0000E+00	0.0000E+00	9.7854E-01
2.6250E+03	0.0000E+00	0.0000E+00	9.7317E-01
2.6260E+03	0.0000E+00	0.0000E+00	9.7313E-01
2.6270E+03	0.0000E+00	0.0000E+00	9.6442E-01
2.6280E+03	0.0000E+00	0.0000E+00	9.6370E-01
2.6290E+03	0.0000E+00	0.0000E+00	9.5661E-01
2.6300E+03	0.0000E+00	0.0000E+00	9.5564E-01
2.6310E+03	0.0000E+00	0.0000E+00	9.4712E-01
2.6320E+03	0.0000E+00	0.0000E+00	9.4429E-01
2.6330E+03	0.0000E+00	0.0000E+00	9.3967E-01
2.6340E+03	0.0000E+00	0.0000E+00	9.3364E-01
2.6350E+03	0.0000E+00	0.0000E+00	9.3527E-01
2.6360E+03	0.0000E+00	0.0000E+00	9.2945E-01
2.6370E+03	0.0000E+00	0.0000E+00	9.3315E-01
2.6380E+03	0.0000E+00	0.0000E+00	9.3377E-01
2.6390E+03	0.0000E+00	0.0000E+00	9.3757E-01
2.6400E+03	0.0000E+00	0.0000E+00	9.4292E-01
2.6410E+03	0.0000E+00	0.0000E+00	9.5029E-01
2.6420E+03	0.0000E+00	0.0000E+00	9.5388E-01
2.6430E+03	0.0000E+00	0.0000E+00	9.5868E-01
2.6440E+03	0.0000E+00	0.0000E+00	9.6115E-01
2.6450E+03	0.0000E+00	0.0000E+00	9.5817E-01
2.6460E+03	0.0000E+00	0.0000E+00	9.5425E-01
2.6470E+03	0.0000E+00	0.0000E+00	9.5219E-01
2.6480E+03	0.0000E+00	0.0000E+00	9.4736E-01
2.6490E+03	0.0000E+00	0.0000E+00	9.4389E-01
2.6500E+03	0.0000E+00	0.0000E+00	9.4701E-01
2.6510E+03	0.0000E+00	0.0000E+00	9.4354E-01
2.6520E+03	0.0000E+00	0.0000E+00	9.4163E-01
2.6530E+03	0.0000E+00	0.0000E+00	9.3432E-01
2.6540E+03	0.0000E+00	0.0000E+00	9.3159E-01
2.6550E+03	0.0000E+00	0.0000E+00	9.2816E-01
2.6560E+03	0.0000E+00	0.0000E+00	9.3243E-01
2.6570E+03	0.0000E+00	0.0000E+00	9.2503E-01
2.6580E+03	0.0000E+00	0.0000E+00	9.2494E-01
2.6590E+03	0.0000E+00	0.0000E+00	9.2206E-01
2.6600E+03	0.0000E+00	0.0000E+00	9.2148E-01
2.6610E+03	0.0000E+00	0.0000E+00	9.1983E-01
2.6620E+03	0.0000E+00	0.0000E+00	9.2619E-01
2.6630E+03	0.0000E+00	0.0000E+00	9.2971E-01
2.6640E+03	0.0000E+00	0.0000E+00	9.3471E-01
2.6650E+03	0.0000E+00	0.0000E+00	9.4180E-01
2.6660E+03	0.0000E+00	0.0000E+00	9.4763E-01
2.6670E+03	0.0000E+00	0.0000E+00	9.4993E-01
2.6680E+03	0.0000E+00	0.0000E+00	9.5194E-01
2.6690E+03	0.0000E+00	0.0000E+00	9.4846E-01
2.6700E+03	0.0000E+00	0.0000E+00	9.4691E-01
2.6710E+03	0.0000E+00	0.0000E+00	9.4572E-01
2.6720E+03	0.0000E+00	0.0000E+00	9.4516E-01
2.6730E+03	0.0000E+00	0.0000E+00	9.4029E-01
2.6740E+03	0.0000E+00	0.0000E+00	9.4150E-01
2.6750E+03	0.0000E+00	0.0000E+00	9.2868E-01
2.6760E+03	0.0000E+00	0.0000E+00	9.2920E-01
2.6770E+03	0.0000E+00	0.0000E+00	9.2553E-01
2.6780E+03	0.0000E+00	0.0000E+00	9.2041E-01
2.6790E+03	0.0000E+00	0.0000E+00	9.2195E-01
2.6800E+03	0.0000E+00	0.0000E+00	9.1586E-01
2.6810E+03	0.0000E+00	0.0000E+00	9.1774E-01
2.6820E+03	0.0000E+00	0.0000E+00	9.1395E-01
2.6830E+03	0.0000E+00	0.0000E+00	9.1327E-01
2.6840E+03	0.0000E+00	0.0000E+00	9.1687E-01
2.6850E+03	0.0000E+00	0.0000E+00	9.1378E-01
2.6860E+03	0.0000E+00	0.0000E+00	9.1167E-01
2.6870E+03	0.0000E+00	0.0000E+00	9.1386E-01
2.6880E+03	0.0000E+00	0.0000E+00	9.1907E-01
2.6890E+03	0.0000E+00	0.0000E+00	9.2730E-01
2.6900E+03	0.0000E+00	0.0000E+00	9.3089E-01
2.6910E+03	0.0000E+00	0.0000E+00	9.4508E-01
2.6920E+03	0.0000E+00	0.0000E+00	9.4908E-01
2.6930E+03	0.0000E+00	0.0000E+00	9.4550E-01
2.6940E+03	0.0000E+00	0.0000E+00	9.4412E-01
2.6950E+03	0.0000E+00	0.0000E+00	9.4139E-01
2.6960E+03	0.0000E+00	0.0000E+00	9.3641E-01
2.6970E+03	0.0000E+00	0.0000E+00	9.3485E-01
2.6980E+03	0.0000E+00	0.0000E+00	9.3262E-01
2.6990E+03	0.0000E+00	0.0000E+00	9.3816E-01
2.7000E+03	0.0000E+00	0.0000E+00	9.3814E-01
2.7010E+03	0.0000E+00	0.0000E+00	9.3641E-01
2.7020E+03	0.0000E+00	0.0000E+00	9.3291E-01
2.7030E+03	0.0000E+00	0.0000E+00	9.2924E-01
2.7040E+03	0.0000E+00	0.0000E+00	9.2916E-01
2.7050E+03	0.0000E+00	0.0000E+00	9.2967E-01
2.7060E+03	0.0000E+00	0.0000E+00	9.2724E-01
2.7070E+03	0.0000E+00	0.0000E+00	9.2480E-01
2.7080E+03	0.0000E+00	0.0000E+00	9.2185E-01
2.7090E+03	0.0000E+00	0.0000E+00	9.1806E-01
2.7100E+03	0.0000E+00	0.0000E+00	9.2319E-01
2.7110E+03	0.0000E+00	0.0000E+00	9.2908E-01
2.7120E+03	0.0000E+00	0.0000E+00	9.3972E-01
2.7130E+03	0.0000E+00	0.0000E+00	9.4917E-01
2.7140E+03	0.0000E+00	0.0000E+00	9.5273E-01
2.7150E+03	0.0000E+00	0.0000E+00	9.5220E-01
2.7160E+03	0.0000E+00	0.0000E+00	9.5468E-01
2.7170E+03	0.0000E+00	0.0000E+00	9.5518E-01
2.7180E+03	0.0000E+00	0.0000E+00	9.5559E-01
2.7190E+03	0.0000E+00	0.0000E+00	9.5388E-01
2.7200E+03	0.0000E+00	0.0000E+00	9.5212E-01
2.7210E+03	0.0000E+00	0.0000E+00	9.5050E-01
2.7220E+03	0.0000E+00	0.0000E+00	9.4891E-01
2.7230E+03	0.0000E+00	0.0000E+00	9.4215E-01
2.7240E+03	0.0000E+00	0.0000E+00	9.4321E-01
2.7250E+03	0.0000E+00	0.0000E+00	9.4476E-01
2.7260E+03	0.0000E+00	0.0000E+00	9.3704E-01
2.7270E+03	0.0000E+00	0.0000E+00	9.3355E-01
2.7280E+03	0.0000E+00	0.0000E+00	9.2712E-01
2.7290E+03	0.0000E+00	0.0000E+00	9.2712E-01
2.7300E+03	0.0000E+00	0.0000E+00	9.2611E-01
2.7310E+03	0.0000E+00	0.0000E+00	9.2172E-01
2.7320E+03	0.0000E+00	0.0000E+00	9.2451E-01
2.7330E+03	0.0000E+00	0.0000E+00	9.2376E-01
2.7340E+03	0.0000E+00	0.0000E+00	9.2467E-01
2.7350E+03	0.0000E+00	0.0000E+00	9.2809E-01
2.7360E+03	0.0000E+00	0.0000E+00	9.2921E-01
2.7370E+03	0.0000E+00	0.0000E+00	9.3393E-01
2.7380E+03	0.0000E+00	0.0000E+00	9.3932E-01
2.7390E+03	0.0000E+00	0.0000E+00	9.4374E-01
2.7400E+03	0.0000E+00	0.0000E+00	9.4680E-01
2.7410E+03	0.0000E+00	0.0000E+00	9.4972E-01
2.7420E+03	0.0000E+00	0.0000E+00	9.4734E-01
2.7430E+03	0.0000E+00	0.0000E+00	9.4696E-01
2.7440E+03	0.0000E+00	0.0000E+00	9.4654E-01
2.7450E+03	0.0000E+00	0.0000E+00	9.4578E-01
2.7460E+03	0.0000E+00	0.0000E+00	9.4183E-01
2.7470E+03	0.0000E+00	0.0000E+00	9.4162E-01
2.7480E+03	0.0000E+00	0.0000E+00	9.3897E-01
2.7490E+03	0.0000E+00	0.0000E+00	9.4301E-01
2.7500E+03	0.0000E+00	0.0000E+00	9.4209E-01
2.7510E+03	0.0000E+00	0.0000E+00	9.4481E-01
2.7520E+03	0.0000E+00	0.0000E+00	9.4332E-01
2.7530E+03	0.0000E+00	0.0000E+00	9.4517E-01
2.7540E+03	0.0000E+00	0.0000E+00	9.4812E-01
2.7550E+03	0.0000E+00	0.0000E+00	9.5383E-01
2.7560E+03	0.0000E+00	0.0000E+00	9.5764E-01
2.7570E+03	0.0000E+00	0.0000E+00	9.5806E-01
2.7580E+03	0.0000E+00	0.0000E+00	9.5374E-01
2.7590E+03	0.0000E+00	0.0000E+00	9.5353E-01
2.7600E+03	0.0000E+00	0.0000E+00	9.5592E-01
2.7610E+03	0.0000E+00	0.0000E+00	9.5388E-01
2.7620E+03	0.0000E+00	0.0000E+00	9.5608E-01
2.7630E+03	0.0000E+00	0.0000E+00	9.5483E-01
2.7640E+03	0.0000E+00	0.0000E+00	9.5382E-01
2.7650E+03	0.0000E+00	0.0000E+00	9.5017E-01
2.7660E+03	0.0000E+00	0.0000E+00	9.5527E-01
2.7670E+03	0.0000E+00	0.0000E+00	9.5452E-01
2.7680E+03	0.0000E+00	0.0000E+00	9.4980E-01
2.7690E+03	0.0000E+00	0.0000E+00	9.4652E-01
2.7700E+03	0.0000E+00	0.0000E+00	9.4234E-01
2.7710E+03	0.0000E+00	0.0000E+00	9.3940E-01
2.7720E+03	0.0000E+00	0.0000E+00	9.3751E-01
2.7730E+03	0.0000E+00	0.0000E+00	9.3596E-01
2.7740E+03	0.0000E+00	0.0000E+00	9.3310E-01
2.7750E+03	0.0000E+00	0.0000E+00	9.2995E-01
2.7760E+03	0.0000E+00	0.0000E+00	9.2756E-01
2.7770E+03	0.0000E+00	0.0000E+00	9.2556E-01
2.7780E+03	0.0000E+00	0.0000E+00	9.1883E-01
2.7790E+03	0.0000E+00	0.0000E+00	9.2000E-01
2.7800E+03	0.0000E+00	0.0000E+00	9.1289E-01
2.7810E+03	0.0000E+00	0.0000E+00	9.1296E-01
2.7820E+03	0.0000E+00	0.0000E+00	9.1089E-01
2.7830E+03	0.0000E+00	0.0000E+00	9.1239E-01
2.7840E+03	0.0000E+00	0.0000E+00	9.1781E-01
2.7850E+03	0.0000E+00	0.0000E+00	9.2373E-01
2.7860E+03	0.0000E+00	0.0000E+00	9.2491E-01
2.7870E+03	0.0000E+00	0.0000E+00	9.2846E-01
2.7880E+03	0.0000E+00	0.0000E+00	9.2926E-01
2.7890E+03	0.0000E+00	0.0000E+00	9.3213E-01
2.7900E+03	0.0000E+00	0.0000E+00	9.2677E-01
2.7910E+03	0.0000E+00	0.0000E+00	9.2504E-01
2.7920E+03	0.0000E+00	0.0000E+00	9.2067E-01
2.7930E+03	0.0000E+00	0.0000E+00	9.2387E-01
2.7940E+03	0.0000E+00	0.0000E+00	9.2149E-01
2.7950E+03	0.0000E+00	0.0000E+00	9.1694E-01
2.7960E+03	0.0000E+00	0.0000E+00	9.1657E-01
2.7970E+03	0.0000E+00	0.0000E+00	9.1629E-01
2.7980E+03	0.0000E+00	0.0000E+00	9.1510E-01
2.7990E+03	0.0000E+00	0.0000E+00	9.1228E-01
2.8000E+03	0.0000E+00	0.0000E+00	9.1088E-01
2.8010E+03	0.0000E+00	0.0000E+00	9.0813E-01
2.8020E+03	0.0000E+00	0.0000E+00	9.0274E-01
2.8030E+03	0.0000E+00	0.0000E+00	9.0115E-01
2.8040E+03	0.0000E+00	0.0000E+00	9.0277E-01
2.8050E+03	0.0000E+00	0.0000E+00	8.9498E-01
2.8060E+03	0.0000E+00	0.0000E+00	8.9398E-01
2.8070E+03	0.0000E+00	0.0000E+00	8.9686E-01
2.8080E+03	0.0000E+00	0.0000E+00	9.0114E-01
2.8090E+03	0.0000E+00	0.0000E+00	9.0063E-01
2.8100E+03	0.0000E+00	0.0000E+00	9.0742E-01
2.8110E+03	0.0000E+00	0.0000E+00	9.0753E-01
2.8120E+03	0.0000E+00	0.0000E+00	9.0917E-01
2.8130E+03	0.0000E+00	0.0000E+00	9.1002E-01
2.8140E+03	0.0000E+00	0.0000E+00	9.0978E-01
2.8150E+03	0.0000E+00	0.0000E+00	9.0660E-01
2.8160E+03	0.0000E+00	0.0000E+00	9.0714E-01
2.8170E+03	0.0000E+00	0.0000E+00	9.0731E-01
2.8180E+03	0.0000E+00	0.0000E+00	9.0976E-01
2.8190E+03	0.0000E+00	0.0000E+00	9.0562E-01
2.8200E+03	0.0000E+00	0.0000E+00	9.0289E-01
2.8210E+03	0.0000E+00	0.0000E+00	9.0527E-01
2.8220E+03	0.0000E+00	0.0000E+00	9.0030E-01
2.8230E+03	0.0000E+00	0.0000E+00	8.9716E-01
2.8240E+03	0.0000E+00	0.0000E+00	8.9822E-01
2.8250E+03	0.0000E+00	0.0000E+00	8.9822E-01
2.8260E+03	0.0000E+00	0.0000E+00	8.9339E-01
2.8270E+03	0.0000E+00	0.0000E+00	8.9590E-01
2.8280E+03	0.0000E+00	0.0000E+00	8.9374E-01
2.8290E+03	0.0000E+00	0.0000E+00	8.8786E-01
2.8300E+03	0.0000E+00	0.0000E+00	8.8697E-01
2.8310E+03	0.0000E+00	0.0000E+00	8.8540E-01
2.8320E+03	0.0000E+00	0.0000E+00	8.8806E-01
2.8330E+03	0.0000E+00	0.0000E+00	8.8876E-01
2.8340E+03	0.0000E+00	0.0000E+00	8.8863E-01
2.8350E+03	0.0000E+00	0.0000E+00	8.9216E-01
2.8360E+03	0.0000E+00	0.0000E+00	8.9759E-01
2.8370E+03	0.0000E+00	0.0000E+00	8.9780E-01
2.8380E+03	0.0000E+00	0.0000E+00	8.9611E-01
2.8390E+03	0.0000E+00	0.0000E+00	8.9486E-01
2.8400E+03	0.0000E+00	0.0000E+00	8.9550E-01
2.8410E+03	0.0000E+00	0.0000E+00	8.9372E-01
2.8420E+03	0.0000E+00	0.0000E+00	8.9397E-01
2.8430E+03	0.0000E+00	0.0000E+00	8.9633E-01
2.8440E+03	0.0000E+00	0.0000E+00	8.9299E-01
2.8450E+03	0.0000E+00	0.0000E+00	8.9349E-01
2.8460E+03	0.0000E+00	0.0000E+00	8.9315E-01
2.8470E+03	0.0000E+00	0.0000E+00	8.9063E-01
2.8480E+03	0.0000E+00	0.0000E+00	8.8947E-01
2.8490E+03	0.0000E+00	0.0000E+00	8.8801E-01
2.8500E+03	0.0000E+00	0.0000E+00	8.8478E-01
2.8510E+03	0.0000E+00	0.0000E+00	8.8667E-01
2.8520E+03	0.0000E+00	0.0000E+00	8.8311E-01
2.8530E+03	0.0000E+00	0.0000E+00	8.7943E-01
2.8540E+03	0.0000E+00	0.0000E+00	8.7772E-01
2.8550E+03	0.0000E+00	0.0000E+00	8.7550E-01
2.8560E+03	0.0000E+00	0.0000E+00	8.7464E-01
2.8570E+03	0.0000E+00	0.0000E+00	8.8111E-01
2.8580E+03	0.0000E+00	0.0000E+00	8.8599E-01
2.8590E+03	0.0000E+00	0.0000E+00	8.8828E-01
2.8600E+03	0.0000E+00	0.0000E+00	8.9204E-01
2.8610E+03	0.0000E+00	0.0000E+00	8.9159E-01
2.8620E+03	0.0000E+00	0.0000E+00	8.9359E-01
2.8630E+03	0.0000E+00	0.0000E+00	8.8861E-01
2.8640E+03	0.0000E+00	0.0000E+00	8.8935E-01
2.8650E+03	0.0000E+00	0.0000E+00	8.8963E-01
2.8660E+03	0.0000E+00	0.0000E+00	8.8889E-01
2.8670E+03	0.0000E+00	0.0000E+00	8.8799E-01
2.8680E+03	0.0000E+00	0.0000E+00	8.8607E-01
2.8690E+03	0.0000E+00	0.0000E+00	8.8561E-01
2.8700E+03	0.0000E+00	0.0000E+00	8.8354E-01
2.8710E+03	0.0000E+00	0.0000E+00	8.8379E-01
2.8720E+03	0.0000E+00	0.0000E+00	8.8276E-01
2.8730E+03	0.0000E+00	0.0000E+00	8.7944E-01
2.8740E+03	0.0000E+00	0.0000E+00	8.7860E-01
2.8750E+03	0.0000E+00	0.0000E+00	8.8016E-01
2.8760E+03	0.0000E+00	0.0000E+00	8.7717E-01
2.8770E+03	0.0000E+00	0.0000E+00	8.7738E-01
2.8780E+03	0.0000E+00	0.0000E+00	8.7589E-01
2.8790E+03	0.0000E+00	0.0000E+00	8.7248E-01
2.8800E+03	0.0000E+00	0.0000E+00	8.7724E-01
2.8810E+03	0.0000E+00	0.0000E+00	8.7517E-01
2.8820E+03	0.0000E+00	0.0000E+00	8.7983E-01
2.8830E+03	0.0000E+00	0.0000E+00	8.8452E-01
2.8840E+03	0.0000E+00	0.0000E+00	8.8540E-01
2.8850E+03	0.0000E+00	0.0000E+00	8.8413E-01
2.8860E+03	0.0000E+00	0.0000E+00	8.8607E-01
2.8870E+03	0.0000E+00	0.0000E+00	8.8095E-01
2.8880E+03	0.0000E+00	0.0000E+00	8.8389E-01
2.8890E+03	0.0000E+00	0.0000E+00	8.8539E-01
2.8900E+03	0.0000E+00	0.0000E+00	8.8548E-01
2.8910E+03	0.0000E+00	0.0000E+00	8.8288E-01
2.8920E+03	0.0000E+00	0.0000E+00	8.8588E-01
2.8930E+03	0.0000E+00	0.0000E+00	8.7834E-01
2.8940E+03	0.0000E+00	0.0000E+00	8.8434E-01
2.8950E+03	0.0000E+00	0.0000E+00	8.8000E-01
2.8960E+03	0.0000E+00	0.0000E+00	8.7499E-01
2.8970E+03	0.0000E+00	0.0000E+00	8.7810E-01
2.8980E+03	0.0000E+00	0.0000E+00	8.7352E-01
2.8990E+03	0.0000E+00	0.0000E+00	8.7505E-01
2.9000E+03	0.0000E+00	0.0000E+00	8.7275E-01
2.9010E+03	0.0000E+00	0.0000E+00	8.7017E-01
2.9020E+03	0.0000E+00	0.0000E+00	8.6747E-01
2.9030E+03	0.0000E+00	0.0000E+00	8.7086E-01
2.9040E+03	0.0000E+00	0.0000E+00	8.6780E-01
2.9050E+03	0.0000E+00	0.0000E+00	8.6901E-01
2.9060E+03	0.0000E+00	0.0000E+00	8.7316E-01
2.9070E+03	0.0000E+00	0.0000E+00	8.6842E-01
2.9080E+03	0.0000E+00	0.0000E+00	8.7702E-01
2.9090E+03	0.0000E+00	0.0000E+00	8.7845E-01
2.9100E+03	0.0000E+00	0.0000E+00	8.7950E-01
2.9110E+03	0.0000E+00	0.0000E+00	8.7806E-01
2.9120E+03	0.0000E+00	0.0000E+00	8.7928E-01
2.9130E+03	0.0000E+00	0.0000E+00	8.7881E-01
2.9140E+03	0.0000E+00	0.0000E+00	8.7923E-01
2.9150E+03	0.0000E+00	0.0000E+00	8.7607E-01
2.9160E+03	0.0000E+00	0.0000E+00	8.7510E-01
2.9170E+03	0.0000E+00	0.0000E+00	8.7247E-01
2.9180E+03	0.0000E+00	0.0000E+00	8.7712E-01
2.9190E+03	0.0000E+00	0.0000E+00	8.7457E-01
2.9200E+03	0.0000E+00	0.0000E+00	8.7257E-01
2.9210E+03	0.0000E+00	0.0000E+00	8.7698E-01
2.9220E+03	0.0000E+00	0.0000E+00	8.4418E-01
2.9230E+03	0.0000E+00	0.0000E+00	8.4219E-01
2.9240E+03	0.0000E+00	0.0000E+00	8.3811E-01
2.9250E+03	0.0000E+00	0.0000E+00	8.3555E-01
2.9260E+03	0.0000E+00	0.0000E+00	8.3376E-01
2.9270E+03	0.0000E+00	0.0000E+00	8.3061E-01
2.9280E+03	0.0000E+00	0.0000E+00	8.3343E-01
2.9290E+03	0.0000E+00	0.0000E+00	8.3308E-01
2.9300E+03	0.0000E+00	0.0000E+00	8.3547E-01
2.9310E+03	0.0000E+00	0.0000E+00	8.4058E-01
2.9320E+03	0.0000E+00	0.0000E+00	8.4579E-01
2.9330E+03	0.0000E+00	0.0000E+00	8.4984E-01
2.9340E+03	0.0000E+00	0.0000E+00	8.4826E-01
2.9350E+03	0.0000E+00	0.0000E+00	8.4694E-01
2.9360E+03	0.0000E+00	0.0000E+00	8.4811E-01
2.9370E+03	0.0000E+00	0.0000E+00	8.5118E-01
2.9380E+03	0.0000E+00	0.0000E+00	8.4625E-01
2.9390E+03	0.0000E+00	0.0000E+00	8.4607E-01
2.9400E+03	0.0000E+00	0.0000E+00	8.4483E-01
2.9410E+03	0.0000E+00	0.0000E+00	8.4631E-01
2.9420E+03	0.0000E+00	0.0000E+00	8.4156E-01
2.9430E+03	0.0000E+00	0.0000E+00	8.3941E-01
2.9440E+03	0.0000E+00	0.0000E+00	8.3730E-01
2.9450E+03	0.0000E+00	0.0000E+00	8.3645E-01
2.9460E+03	0.0000E+00	0.0000E+00	8.3656E-01
2.9470E+03	0.0000E+00	0.0000E+00	8.3549E-01
2.9480E+03	0.0000E+00	0.0000E+00	8.3593E-01
2.9490E+03	0.0000E+00	0.0000E+00	8.3136E-01
2.9500E+03	0.0000E+00	0.0000E+00	8.3031E-01
2.9510E+03	0.0000E+00	0.0000E+00	8.2920E-01
2.9520E+03	0.0000E+00	0.0000E+00	8.2885E-01
2.9530E+03	0.0000E+00	0.0000E+00	8.3215E-01
2.9540E+03	0.0000E+00	0.0000E+00	8.3450E-01
2.9550E+03	0.0000E+00	0.0000E+00	8.3913E-01
2.9560E+03	0.0000E+00	0.0000E+00	8.3835E-01
2.9570E+03	0.0000E+00	0.0000E+00	8.3997E-01
2.9580E+03	0.0000E+00	0.0000E+00	8.4172E-01
2.9590E+03	0.0000E+00	0.0000E+00	8.4176E-01
2.9600E+03	0.0000E+00	0.0000E+00	8.4185E-01
2.9610E+03	0.0000E+00	0.0000E+00	8.4249E-01
2.9620E+03	0.0000E+00	0.0000E+00	8.4083E-01
2.9630E+03	0.0000E+00	0.0000E+00	8.4134E-01
2.9640E+03	0.0000E+00	0.0000E+00	8.3967E-01
2.9650E+03	0.0000E+00	0.0000E+00	8.3740E-01
2.9660E+03	0.0000E+00	0.0000E+00	8.3774E-01
2.9670E+03	0.0000E+00	0.0000E+00	8.3530E-01
2.9680E+03	0.0000E+00	0.0000E+00	8.2906E-01
2.9690E+03	0.0000E+00	0.0000E+00	8.3211E-01
2.9700E+03	0.0000E+00	0.0000E+00	8.3018E-01
2.9710E+03	0.0000E+00	0.0000E+00	8.3251E-01
2.9720E+03	0.0000E+00	0.0000E+00	8.3126E-01
2.9730E+03	0.0000E+00	0.0000E+00	8.2681E-01
2.9740E+03	0.0000E+00	0.0000E+00	8.2378E-01
2.9750E+03	0.0000E+00	0.0000E+00	8.2367E-01
2.9760E+03	0.0000E+00	0.0000E+00	8.2396E-01
2.9770E+03	0.0000E+00	0.0000E+00	8.2468E-01
2.9780E+03	0.0000E+00	0.0000E+00	8.2491E-01
2.9790E+03	0.0000E+00	0.0000E+00	8.3149E-01
2.9800E+03	0.0000E+00	0.0000E+00	8.3576E-01
2.9810E+03	0.0000E+00	0.0000E+00	8.3849E-01
2.9820E+03	0.0000E+00	0.0000E+00	8.3944E-01
2.9830E+03	0.0000E+00	0.0000E+00	8.3841E-01
2.9840E+03	0.0000E+00	0.0000E+00	8.4133E-01
2.9850E+03	0.0000E+00	0.0000E+00	8.3846E-01
2.9860E+03	0.0000E+00	0.0000E+00	8.4030E-01
2.9870E+03	0.0000E+00	0.0000E+00	8.3631E-01
2.9880E+03	0.0000E+00	0.0000E+00	8.3209E-01
2.9890E+03	0.0000E+00	0.0000E+00	8.3215E-01
2.9900E+03	0.0000E+00	0.0000E+00	8.3311E-01
2.9910E+03	0.0000E+00	0.0000E+00	8.3297E-01
2.9920E+03	0.0000E+00	0.0000E+00	8.2972E-01
2.9930E+03	0.0000E+00	0.0000E+00	8.3193E-01
2.9940E+03	0.0000E+00	0.0000E+00	8.3048E-01
2.9950E+03	0.0000E+00	0.0000E+00	8.2978E-01
2.9960E+03	0.0000E+00	0.0000E+00	8.3202E-01
2.9970E+03	0.0000E+00	0.0000E+00	8.2542E-01
2.9980E+03	0.0000E+00	0.0000E+00	8.2843E-01
2.9990E+03	0.0000E+00	0.0000E+00	8.2260E-01
3.0000E+03	0.0000E+00	0.0000E+00	8.2606E-01
3.0010E+03	0.0000E+00	0.0000E+00	8.2416E-01
3.0020E+03	0.0000E+00	0.0000E+00	8.2483E-01
3.0030E+03	0.0000E+00	0.0000E+00	8.2488E-01
3.0040E+03	0.0000E+00	0.0000E+00	8.2609E-01
3.0050E+03	0.0000E+00	0.0000E+00	8.2996E-01
3.0060E+03	0.0000E+00	0.0000E+00	8.3102E-01
3.0070E+03	0.0000E+00	0.0000E+00	8.3266E-01
3.0080E+03	0.0000E+00	0.0000E+00	8.3037E-01
3.0090E+03	0.0000E+00	0.0000E+00	8.3286E-01
3.0100E+03	0.0000E+00	0.0000E+00	8.3133E-01
3.0110E+03	0.0000E+00	0.0000E+00	8.3220E-01
3.0120E+03	0.0000E+00	0.0000E+00	8.3138E-01
3.0130E+03	0.0000E+00	0.0000E+00	8.3127E-01
3.0140E+03	0.0000E+00	0.0000E+00	8.3054E-01
3.0150E+03	0.0000E+00	0.0000E+00	8.2616E-01
3.0160E+03	0.0000E+00	0.0000E+00	8.2493E-01
3.0170E+03	0.0000E+00	0.0000E+00	8.2556E-01
3.0180E+03	0.0000E+00	0.0000E+00	8.2658E-01
3.0190E+03	0.0000E+00	0.0000E+00	8.2588E-01
3.0200E+03	0.0000E+00	0.0000E+00	8.2690E-01
3.0210E+03	0.0000E+00	0.0000E+00	8.2340E-01
3.0220E+03	0.0000E+00	0.0000E+00	8.2274E-01
3.0230E+03	0.0000E+00	0.0000E+00	8.1902E-01
3.0240E+03	0.0000E+00	0.0000E+00	8.1926E-01
3.0250E+03	0.0000E+00	0.0000E+00	8.2373E-01
3.0260E+03	0.0000E+00	0.0000E+00	8.2152E-01
3.0270E+03	0.0000E+00	0.0000E+00	8.2569E-01
3.0280E+03	0.0000E+00	0.0000E+00	8.2723E-01
3.0290E+03	0.0000E+00	0.0000E+00	8.2982E-01
3.0300E+03	0.0000E+00	0.0000E+00	8.3005E-01
3.0310E+03	0.0000E+00	0.0000E+00	8.2916E-01
3.0320E+03	0.0000E+00	0.0000E+00	8.2816E-01
3.0330E+03	0.0000E+00	0.0000E+00	8.2668E-01
3.0340E+03	0.0000E+00	0.0000E+00	8.2880E-01
3.0350E+03	0.0000E+00	0.0000E+00	8.2791E-01
3.0360E+03	0.0000E+00	0.0000E+00	8.2566E-01
3.0370E+03	0.0000E+00	0.0000E+00	8.3111E-01
3.0380E+03	0.0000E+00	0.0000E+00	8.2727E-01
3.0390E+03	0.0000E+00	0.0000E+00	8.2522E-01
3.0400E+03	0.0000E+00	0.0000E+00	8.2586E-01
3.0410E+03	0.0000E+00	0.0000E+00	8.2245E-01
3.0420E+03	0.0000E+00	0.0000E+00	8.2281E-01
3.0430E+03	0.0000E+00	0.0000E+00	8.2123E-01
3.0440E+03	0.0000E+00	0.0000E+00	8.2094E-01
3.0450E+03	0.0000E+00	0.0000E+00	8.1833E-01
3.0460E+03	0.0000E+00	0.0000E+00	8.1557E-01
3.0470E+03	0.0000E+00	0.0000E+00	8.1681E-01
3.0480E+03	0.0000E+00	0.0000E+00	8.1387E-01
3.0490E+03	0.0000E+00	0.0000E+00	8.1732E-01
3.0500E+03	0.0000E+00	0.0000E+00	8.1309E-01
3.0510E+03	0.0000E+00	0.0000E+00	8.1601E-01
3.0520E+03	0.0000E+00	0.0000E+00	8.1389E-01
3.0530E+03	0.0000E+00	0.0000E+00	8.1690E-01
3.0540E+03	0.0000E+00	0.0000E+00	8.1766E-01
3.0550E+03	0.0000E+00	0.0000E+00	8.1992E-01
3.0560E+03	0.0000E+00	0.0000E+00	8.1998E-01
3.0570E+03	0.0000E+00	0.0000E+00	8.1841E-01
3.0580E+03	0.0000E+00	0.0000E+00	8.2006E-01
3.0590E+03	0.0000E+00	0.0000E+00	8.1947E-01
3.0600E+03	0.0000E+00	0.0000E+00	8.2125E-01
3.0610E+03	0.0000E+00	0.0000E+00	8.1744E-01
3.0620E+03	0.0000E+00	0.0000E+00	8.2196E-01
3.0630E+03	0.0000E+00	0.0000E+00	8.2200E-01
3.0640E+03	0.0000E+00	0.0000E+00	8.2045E-01
3.0650E+03	0.0000E+00	0.0000E+00	8.1893E-01
3.0660E+03	0.0000E+00	0.0000E+00	8.1943E-01
3.0670E+03	0.0000E+00	0.0000E+00	8.1990E-01
3.0680E+03	0.0000E+00	0.0000E+00	8.1610E-01
3.0690E+03	0.0000E+00	0.0000E+00	8.1447E-01
3.0700E+03	0.0000E+00	0.0000E+00	8.1239E-01
3.0710E+03	0.0000E+00	0.0000E+00	8.1284E-01
3.0720E+03	0.0000E+00	0.0000E+00	8.1432E-01
3.0730E+03	0.0000E+00	0.0000E+00	8.1291E-01
3.0740E+03	0.0000E+00	0.0000E+00	8.1283E-01
3.0750E+03	0.0000E+00	0.0000E+00	8.1228E-01
3.0760E+03	0.0000E+00	0.0000E+00	8.1812E-01
3.0770E+03	0.0000E+00	0.0000E+00	8.2059E-01
3.0780E+03	0.0000E+00	0.0000E+00	8.2414E-01
3.0790E+03	0.0000E+00	0.0000E+00	8.2151E-01
3.0800E+03	0.0000E+00	0.0000E+00	8.2186E-01
3.0810E+03	0.0000E+00	0.0000E+00	8.2265E-01
3.0820E+03	0.0000E+00	0.0000E+00	8.2392E-01
3.0830E+03	0.0000E+00	0.0000E+00	8.2405E-01
3.0840E+03	0.0000E+00	0.0000E+00	8.2357E-01
3.0850E+03	0.0000E+00	0.0000E+00	8.2017E-01
3.0860E+03	0.0000E+00	0.0000E+00	8.1917E-01
3.0870E+03	0.0000E+00	0.0000E+00	8.1940E-01
3.0880E+03	0.0000E+00	0.0000E+00	8.1784E-01
3.0890E+03	0.0000E+00	0.0000E+00	8.1758E-01
3.0900E+03	0.0000E+00	0.0000E+00	8.1789E-01
3.0910E+03	0.0000E+00	0.0000E+00	8.1667E-01
3.0920E+03	0.0000E+00	0.0000E+00	8.1601E-01
3.0930E+03	0.0000E+00	0.0000E+00	8.1255E-01
3.0940E+03	0.0000E+00	0.0000E+00	8.1061E-01
3.0950E+03	0.0000E+00	0.0000E+00	8.1075E-01
3.0960E+03	0.0000E+00	0.0000E+00	8.1173E-01
3.0970E+03	0.0000E+00	0.0000E+00	8.1343E-01
3.0980E+03	0.0000E+00	0.0000E+00	8.1380E-01
3.0990E+03	0.0000E+00	0.0000E+00	8.1614E-01
3.1000E+03	0.0000E+00	0.0000E+00	8.1776E-01
3.1010E+03	0.0000E+00	0.0000E+00	8.1866E-01
3.1020E+03	0.0000E+00	0.0000E+00	8.2127E-01
3.1030E+03	0.0000E+00	0.0000E+00	8.2138E-01
3.1040E+03	0.0000E+00	0.0000E+00	8.2076E-01
3.1050E+03	0.0000E+00	0.0000E+00	8.2282E-01
3.1060E+03	0.0000E+00	0.0000E+00	8.2263E-01
3.1070E+03	0.0000E+00	0.0000E+00	8.2421E-01
3.1080E+03	0.0000E+00	0.0000E+00	8.2159E-01
3.1090E+03	0.0000E+00	0.0000E+00	8.2087E-01
3.1100E+03	0.0000E+00	0.0000E+00	8.1891E-01
3.1110E+03	0.0000E+00	0.0000E+00	8.1582E-01
3.1120E+03	0.0000E+00	0.0000E+00	8.1828E-01
3.1130E+03	0.0000E+00	0.0000E+00	8.1733E-01
3.1140E+03	0.0000E+00	0.0000E+00	8.1216E-01
3.1150E+03	0.0000E+00	0.0000E+00	8.0969E-01
3.1160E+03	0.0000E+00	0.0000E+00	8.0860E-01
3.1170E+03	0.0000E+00	0.0000E+00	8.0814E-01
3.1180E+03	0.0000E+00	0.0000E+00	8.0484E-01
3.1190E+03	0.0000E+00	0.0000E+00	8.0787E-01
3.1200E+03	0.0000E+00	0.0000E+00	8.0633E-01
3.1210E+03	0.0000E+00	0.0000E+00	8.0474E-01
3.1220E+03	0.0000E+00	0.0000E+00	8.0568E-01
3.1230E+03	0.0000E+00	0.0000E+00	8.0668E-01
3.1240E+03	0.0000E+00	0.0000E+00	8.0814E-01
3.1250E+03	0.0000E+00	0.0000E+00	8.1223E-01
3.1260E+03	0.0000E+00	0.0000E+00	8.1254E-01
3.1270E+03	0.0000E+00	0.0000E+00	8.1297E-01
3.1280E+03	0.0000E+00	0.0000E+00	8.1268E-01
3.1290E+03	0.0000E+00	0.0000E+00	8.1594E-01
3.1300E+03	0.0000E+00	0.0000E+00	8.1627E-01
3.1310E+03	0.0000E+00	0.0000E+00	8.1538E-01
3.1320E+03	0.0000E+00	0.0000E+00	8.1213E-01
3.1330E+03	0.0000E+00	0.0000E+00	8.1451E-01
3.1340E+03	0.0000E+00	0.0000E+00	8.1472E-01
3.1350E+03	0.0000E+00	0.0000E+00	8.1257E-01
3.1360E+03	0.0000E+00	0.0000E+00	8.1020E-01
3.1370E+03	0.0000E+00	0.0000E+00	8.0815E-01
3.1380E+03	0.0000E+00	0.0000E+00	8.1322E-01
3.1390E+03	0.0000E+00	0.0000E+00	8.1141E-01
3.1400E+03	0.0000E+00	0.0000E+00	8.0802E-01
3.1410E+03	0.0000E+00	0.0000E+00	8.0772E-01
3.1420E+03	0.0000E+00	0.0000E+00	8.0469E-01
3.1430E+03	0.0000E+00	0.0000E+00	8.0401E-01
3.1440E+03	0.0000E+00	0.0000E+00	8.0111E-01
3.1450E+03	0.0000E+00	0.0000E+00	8.0534E-01
3.1460E+03	0.0000E+00	0.0000E+00	8.0519E-01
3.1470E+03	0.0000E+00	0.0000E+00	8.0803E-01
3.1480E+03	0.0000E+00	0.0000E+00	8.0848E-01
3.1490E+03	0.0000E+00	0.0000E+00	8.1116E-01
3.1500E+03	0.0000E+00	0.0000E+00	8.1143E-01
3.1510E+03	0.0000E+00	0.0000E+00	8.1206E-01
3.1520E+03	0.0000E+00	0.0000E+00	8.1690E-01
3.1530E+03	0.0000E+00	0.0000E+00	8.1718E-01
3.1540E+03	0.0000E+00	0.0000E+00	8.1776E-01
3.1550E+03	0.0000E+00	0.0000E+00	8.1912E-01
3.1560E+03	0.0000E+00	0.0000E+00	8.1967E-01
3.1570E+03	0.0000E+00	0.0000E+00	8.1329E-01
3.1580E+03	0.0000E+00	0.0000E+00	8.1763E-01
3.1590E+03	0.0000E+00	0.0000E+00	8.1664E-01
3.1600E+03	0.0000E+00	0.0000E+00	8.1819E-01
3.1610E+03	0.0000E+00	0.0000E+00	8.1208E-01
3.1620E+03	0.0000E+00	0.0000E+00	8.1414E-01
3.1630E+03	0.0000E+00	0.0000E+00	8.1253E-01
3.1640E+03	0.0000E+00	0.0000E+00	8.1232E-01
3.1650E+03	0.0000E+00	0.0000E+00	8.0917E-01
3.1660E+03	0.0000E+00	0.0000E+00	8.0774E-01
3.1670E+03	0.0000E+00	0.0000E+00	8.0644E-01
3.1680E+03	0.0000E+00	0.0000E+00	8.0713E-01
3.1690E+03	0.0000E+00	0.0000E+00	8.0614E-01
3.1700E+03	0.0000E+00	0.0000E+00	8.0586E-01
3.1710E+03	0.0000E+00	0.0000E+00	8.0535E-01
3.1720E+03	0.0000E+00	0.0000E+00	8.0675E-01
3.1730E+03	0.0000E+00	0.0000E+00	8.1179E-01
3.1740E+03	0.0000E+00	0.0000E+00	8.0796E-01
3.1750E+03	0.0000E+00	0.0000E+00	8.1226E-01
3.1760E+03	0.0000E+00	0.0000E+00	8.1240E-01
3.1770E+03	0.0000E+00	0.0000E+00	8.1213E-01
3.1780E+03	0.0000E+00	0.0000E+00	8.1347E-01
3.1790E+03	0.0000E+00	0.0000E+00	8.1590E-01
3.1800E+03	0.0000E+00	0.0000E+00	8.1440E-01
3.1810E+03	0.0000E+00	0.0000E+00	8.1545E-01
3.1820E+03	0.0000E+00	0.0000E+00	8.1615E-01
3.1830E+03	0.0000E+00	0.0000E+00	8.1883E-01
3.1840E+03	0.0000E+00	0.0000E+00	8.1789E-01
3.1850E+03	0.0000E+00	0.0000E+00	8.1458E-01
3.1860E+03	0.0000E+00	0.0000E+00	8.1177E-01
3.1870E+03	0.0000E+00	0.0000E+00	8.1317E-01
3.1880E+03	0.0000E+00	0.0000E+00	8.1167E-01
3.1890E+03	0.0000E+00	0.0000E+00	8.1075E-01
3.1900E+03	0.0000E+00	0.0000E+00	8.1221E-01
3.1910E+03	0.0000E+00	0.0000E+00	8.1313E-01
3.1920E+03	0.0000E+00	0.0000E+00	8.1004E-01
3.1930E+03	0.0000E+00	0.0000E+00	8.1088E-01
3.1940E+03	0.0000E+00	0.0000E+00	8.0926E-01
3.1950E+03	0.0000E+00	0.0000E+00	8.0730E-01
3.1960E+03	0.0000E+00	0.0000E+00	8.0616E-01
3.1970E+03	0.0000E+00	0.0000E+00	8.0716E-01
3.1980E+03	0.0000E+00	0.0000E+00	8.0852E-01
3.1990E+03	0.0000E+00	0.0000E+00	8.0754E-01
3.2000E+03	0.0000E+00	0.0000E+00	8.0684E-01
3.2010E+03	0.0000E+00	0.0000E+00	8.0945E-01
3.2020E+03	0.0000E+00	0.0000E+00	8.0893E-01
3.2030E+03	0.0000E+00	0.0000E+00	8.1388E-01
3.2040E+03	0.0000E+00	0.0000E+00	8.1296E-01
3.2050E+03	0.0000E+00	0.0000E+00	8.1314E-01
3.2060E+03	0.0000E+00	0.0000E+00	8.0995E-01
3.2070E+03	0.0000E+00	0.0000E+00	8.1226E-01
3.2080E+03	0.0000E+00	0.0000E+00	8.1200E-01
3.2090E+03	0.0000E+00	0.0000E+00	8.1390E-01
3.2100E+03	0.0000E+00	0.0000E+00	8.1100E-01
3.2110E+03	0.0000E+00	0.0000E+00	8.1096E-01
3.2120E+03	0.0000E+00	0.0000E+00	8.0903E-01
3.2130E+03	0.0000E+00	0.0000E+00	8.0685E-01
3.2140E+03	0.0000E+00	0.0000E+00	8.0578E-01
3.2150E+03	0.0000E+00	0.0000E+00	8.0381E-01
3.2160E+03	0.0000E+00	0.0000E+00	8.0275E-01
3.2170E+03	0.0000E+00	0.0000E+00	8.0272E-01
3.2180E+03	0.0000E+00	0.0000E+00	8.0293E-01
3.2190E+03	0.0000E+00	0.0000E+00	8.0447E-01
3.2200E+03	0.0000E+00	0.0000E+00	8.0599E-01
3.2210E+03	0.0000E+00	0.0000E+00	8.0457E-01
3.2220E+03	0.0000E+00	0.0000E+00	8.0386E-01
3.2230E+03	0.0000E+00	0.0000E+00	8.0506E-01
3.2240E+03	0.0000E+00	0.0000E+00	8.0961E-01
3.2250E+03	0.0000E+00	0.0000E+00	8.1044E-01
3.2260E+03	0.0000E+00	0.0000E+00	8.1290E-01
3.2270E+03	0.0000E+00	0.0000E+00	8.1467E-01
3.2280E+03	0.0000E+00	0.0000E+00	8.1175E-01
3.2290E+03	0.0000E+00	0.0000E+00	8.1221E-01
3.2300E+03	0.0000E+00	0.0000E+00	8.1168E-01
3.2310E+03	0.0000E+00	0.0000E+00	8.1244E-01
3.2320E+03	0.0000E+00	0.0000E+00	8.1184E-01
3.2330E+03	0.0000E+00	0.0000E+00	8.1322E-01
3.2340E+03	0.0000E+00	0.0000E+00	8.1311E-01
3.2350E+03	0.0000E+00	0.0000E+00	8.0901E-01
3.2360E+03	0.0000E+00	0.0000E+00	8.1041E-01
3.2370E+03	0.0000E+00	0.0000E+00	8.0565E-01
3.2380E+03	0.0000E+00	0.0000E+00	8.0523E-01
3.2390E+03	0.0000E+00	0.0000E+00	8.0513E-01
3.2400E+03	0.0000E+00	0.0000E+00	8.0385E-01
3.2410E+03	0.0000E+00	0.0000E+00	8.0558E-01
3.2420E+03	0.0000E+00	0.0000E+00	8.0202E-01
3.2430E+03	0.0000E+00	0.0000E+00	8.0054E-01
3.2440E+03	0.0000E+00	0.0000E+00	8.0555E-01
3.2450E+03	0.0000E+00	0.0000E+00	8.0029E-01
3.2460E+03	0.0000E+00	0.0000E+00	8.0384E-01
3.2470E+03	0.0000E+00	0.0000E+00	8.0559E-01
3.2480E+03	0.0000E+00	0.0000E+00	8.0800E-01
3.2490E+03	0.0000E+00	0.0000E+00	8.0839E-01
3.2500E+03	0.0000E+00	0.0000E+00	8.1077E-01
3.2510E+03	0.0000E+00	0.0000E+00	8.1172E-01
3.2520E+03	0.0000E+00	0.0000E+00	8.0799E-01
3.2530E+03	0.0000E+00	0.0000E+00	8.1169E-01
3.2540E+03	0.0000E+00	0.0000E+00	8.1304E-01
3.2550E+03	0.0000E+00	0.0000E+00	8.1225E-01
3.2560E+03	0.0000E+00	0.0000E+00	8.0871E-01
3.2570E+03	0.0000E+00	0.0000E+00	8.1009E-01
3.2580E+03	0.0000E+00	0.0000E+00	8.1198E-01
3.2590E+03	0.0000E+00	0.0000E+00	8.1061E-01
3.2600E+03	0.0000E+00	0.0000E+00	8.0513E-01
3.2610E+03	0.0000E+00	0.0000E+00	8.0466E-01
3.2620E+03	0.0000E+00	0.0000E+00	8.0258E-01
3.2630E+03	0.0000E+00	0.0000E+00	8.0410E-01
3.2640E+03	0.0000E+00	0.0000E+00	8.0233E-01
3.2650E+03	0.0000E+00	0.0000E+00	8.0236E-01
3.2660E+03	0.0000E+00	0.0000E+00	8.0177E-01
3.2670E+03	0.0000E+00	0.0000E+00	8.0135E-01
3.2680E+03	0.0000E+00	0.0000E+00	8.0418E-01
3.2690E+03	0.0000E+00	0.0000E+00	8.0546E-01
3.2700E+03	0.0000E+00	0.0000E+00	8.0695E-01
3.2710E+03	0.0000E+00	0.0000E+00	8.0791E-01
3.2720E+03	0.0000E+00	0.0000E+00	8.0745E-01
3.2730E+03	0.0000E+00	0.0000E+00	8.1085E-01
3.2740E+03	0.0000E+00	0.0000E+00	8.1066E-01
3.2750E+03	0.0000E+00	0.0000E+00	8.0810E-01
3.2760E+03	0.0000E+00	0.0000E+00	8.0860E-01
3.2770E+03	0.0000E+00	0.0000E+00	8.1053E-01
3.2780E+03	0.0000E+00	0.0000E+00	8.0971E-01
3.2790E+03	0.0000E+00	0.0000E+00	8.1225E-01
3.2800E+03	0.0000E+00	0.0000E+00	8.0923E-01
3.2810E+03	0.0000E+00	0.0000E+00	8.0601E-01
3.2820E+03	0.0000E+00	0.0000E+00	8.0904E-01
3.2830E+03	0.0000E+00	0.0000E+00	8.0521E-01
3.2840E+03	0.0000E+00	0.0000E+00	8.0878E-01
3.2850E+03	0.0000E+00	0.0000E+00	8.0370E-01
3.2860E+03	0.0000E+00	0.0000E+00	8.0236E-01
3.2870E+03	0.0000E+00	0.0000E+00	7.9939E-01
3.2880E+03	0.0000E+00	0.0000E+00	7.9817E-01
3.2890E+03	0.0000E+00	0.0000E+00	7.9927E-01
3.2900E+03	0.0000E+00	0.0000E+00	7.9815E-01
3.2910E+03	0.0000E+00	0.0000E+00	7.9866E-01
3.2920E+03	0.0000E+00	0.0000E+00	7.9915E-01
3.2930E+03	0.0000E+00	0.0000E+00	7.9852E-01
3.2940E+03	0.0000E+00	0.0000E+00	8.0202E-01
3.2950E+03	0.0000E+00	0.0000E+00	8.0270E-01
3.2960E+03	0.0000E+00	0.0000E+00	8.0227E-01
3.2970E+03	0.0000E+00	0.0000E+00	8.0842E-01
3.2980E+03	0.0000E+00	0.0000E+00	8.0698E-01
3.2990E+03	0.0000E+00	0.0000E+00	8.0723E-01
3.3000E+03	0.0000E+00	0.0000E+00	8.0924E-01
3.3010E+03	0.0000E+00	0.0000E+00	8.0718E-01
3.3020E+03	0.0000E+00	0.0000E+00	8.0863E-01
3.3030E+03	0.0000E+00	0.0000E+00	8.0620E-01
3.3040E+03	0.0000E+00	0.0000E+00	8.0752E-01
3.3050E+03	0.0000E+00	0.0000E+00	8.0995E-01
3.3060E+03	0.0000E+00	0.0000E+00	8.0768E-01
3.3070E+03	0.0000E+00	0.0000E+00	8.0480E-01
3.3080E+03	0.0000E+00	0.0000E+00	8.0357E-01
3.3090E+03	0.0000E+00	0.0000E+00	8.0375E-01
3.3100E+03	0.0000E+00	0.0000E+00	8.0435E-01
3.3110E+03	0.0000E+00	0.0000E+00	8.0193E-01
3.3120E+03	0.0000E+00	0.0000E+00	8.0347E-01
3.3130E+03	0.0000E+00	0.0000E+00	8.0508E-01
3.3140E+03	0.0000E+00	0.0000E+00	8.0134E-01
3.3150E+03	0.0000E+00	0.0000E+00	8.0557E-01
3.3160E+03	0.0000E+00	0.0000E+00	8.0226E-01
3.3170E+03	0.0000E+00	0.0000E+00	8.0563E-01
3.3180E+03	0.0000E+00	0.0000E+00	8.0423E-01
3.3190E+03	0.0000E+00	0.0000E+00	8.0897E-01
3.3200E+03	0.0000E+00	0.0000E+00	8.0701E-01
3.3210E+03	0.0000E+00	0.0000E+00	8.0507E-01
3.3220E+03	0.0000E+00	0.0000E+00	8.0459E-01
3.3230E+03	0.0000E+00	0.0000E+00	8.0490E-01
3.3240E+03	0.0000E+00	0.0000E+00	8.0649E-01
3.3250E+03	0.0000E+00	0.0000E+00	8.0920E-01
3.3260E+03	0.0000E+00	0.0000E+00	8.0740E-01
3.3270E+03	0.0000E+00	0.0000E+00	8.0735E-01
3.3280E+03	0.0000E+00	0.0000E+00	8.0824E-01
3.3290E+03	0.0000E+00	0.0000E+00	8.0904E-01
3.3300E+03	0.0000E+00	0.0000E+00	8.0541E-01
3.3310E+03	0.0000E+00	0.0000E+00	8.0494E-01
3.3320E+03	0.0000E+00	0.0000E+00	8.0304E-01
3.3330E+03	0.0000E+00	0.0000E+00	8.0431E-01
3.3340E+03	0.0000E+00	0.0000E+00	8.0278E-01
3.3350E+03	0.0000E+00	0.0000E+00	7.9999E-01
3.3360E+03	0.0000E+00	0.0000E+00	8.0142E-01
3.3370E+03	0.0000E+00	0.0000E+00	8.0128E-01
3.3380E+03	0.0000E+00	0.0000E+00	8.0586E-01
3.3390E+03	0.0000E+00	0.0000E+00	8.0482E-01
3.3400E+03	0.0000E+00	0.0000E+00	8.0428E-01
3.3410E+03	0.0000E+00	0.0000E+00	8.0219E-01
3.3420E+03	0.0000E+00	0.0000E+00	8.0670E-01
3.3430E+03	0.0000E+00	0.0000E+00	8.0890E-01
3.3440E+03	0.0000E+00	0.0000E+00	8.0579E-01
3.3450E+03	0.0000E+00	0.0000E+00	8.0784E-01
3.3460E+03	0.0000E+00	0.0000E+00	8.0945E-01
3.3470E+03	0.0000E+00	0.0000E+00	8.0822E-01
3.3480E+03	0.0000E+00	0.0000E+00	8.0541E-01
3.3490E+03	0.0000E+00	0.0000E+00	8.0540E-01
3.3500E+03	0.0000E+00	0.0000E+00	8.1119E-01
3.3510E+03	0.0000E+00	0.0000E+00	8.1010E-01
3.3520E+03	0.0000E+00	0.0000E+00	8.0893E-01
3.3530E+03	0.0000E+00	0.0000E+00	8.1143E-01
3.3540E+03	0.0000E+00	0.0000E+00	8.0691E-01
3.3550E+03	0.0000E+00	0.0000E+00	8.0970E-01
3.3560E+03	0.0000E+00	0.0000E+00	8.0889E-01
3.3570E+03	0.0000E+00	0.0000E+00	8.0839E-01
3.3580E+03	0.0000E+00	0.0000E+00	8.0676E-01
3.3590E+03	0.0000E+00	0.0000E+00	8.0416E-01
3.3600E+03	0.0000E+00	0.0000E+00	8.0712E-01
3.3610E+03	0.0000E+00	0.0000E+00	8.0561E-01
3.3620E+03	0.0000E+00	0.0000E+00	8.0663E-01
3.3630E+03	0.0000E+00	0.0000E+00	8.0675E-01
3.3640E+03	0.0000E+00	0.0000E+00	8.0868E-01
3.3650E+03	0.0000E+00	0.0000E+00	8.0591E-01
3.3660E+03	0.0000E+00	0.0000E+00	8.0331E-01
3.3670E+03	0.0000E+00	0.0000E+00	8.0482E-01
3.3680E+03	0.0000E+00	0.0000E+00	8.0354E-01
3.3690E+03	0.0000E+00	0.0000E+00	8.0581E-01
3.3700E+03	0.0000E+00	0.0000E+00	8.0698E-01
3.3710E+03	0.0000E+00	0.0000E+00	8.0643E-01
3.3720E+03	0.0000E+00	0.0000E+00	8.0571E-01
3.3730E+03	0.0000E+00	0.0000E+00	8.0742E-01
3.3740E+03	0.0000E+00	0.0000E+00	8.0903E-01
3.3750E+03	0.0000E+00	0.0000E+00	8.0814E-01
3.3760E+03	0.0000E+00	0.0000E+00	8.1129E-01
3.3770E+03	0.0000E+00	0.0000E+00	8.1075E-01
3.3780E+03	0.0000E+00	0.0000E+00	8.0965E-01
3.3790E+03	0.0000E+00	0.0000E+00	8.0698E-01
3.3800E+03	0.0000E+00	0.0000E+00	8.0871E-01
3.3810E+03	0.0000E+00	0.0000E+00	8.0708E-01
3.3820E+03	0.0000E+00	0.0000E+00	8.0184E-01
3.3830E+03	0.0000E+00	0.0000E+00	8.0185E-01
3.3840E+03	0.0000E+00	0.0000E+00	7.9986E-01
3.3850E+03	0.0000E+00	0.0000E+00	8.0348E-01
3.3860E+03	0.0000E+00	0.0000E+00	8.0348E-01
3.3870E+03	0.0000E+00	0.0000E+00	8.0177E-01
3.3880E+03	0.0000E+00	0.0000E+00	8.0278E-01
3.3890E+03	0.0000E+00	0.0000E+00	8.0695E-01
3.3900E+03	0.0000E+00	0.0000E+00	8.0819E-01
3.3910E+03	0.0000E+00	0.0000E+00	8.0810E-01
3.3920E+03	0.0000E+00	0.0000E+00	8.0610E-01
3.3930E+03	0.0000E+00	0.0000E+00	8.0740E-01
3.3940E+03	0.0000E+00	0.0000E+00	8.0829E-01
3.3950E+03	0.0000E+00	0.0000E+00	8.0987E-01
3.3960E+03	0.0000E+00	0.0000E+00	8.1037E-01
3.3970E+03	0.0000E+00	0.0000E+00	8.1009E-01
3.3980E+03	0.0000E+00	0.0000E+00	8.1243E-01
3.3990E+03	0.0000E+00	0.0000E+00	8.0989E-01
3.4000E+03	0.0000E+00	0.0000E+00	8.1120E-01
3.4010E+03	0.0000E+00	0.0000E+00	8.0721E-01
3.4020E+03	0.0000E+00	0.0000E+00	8.0826E-01
3.4030E+03	0.0000E+00	0.0000E+00	8.0688E-01
3.4040E+03	0.0000E+00	0.0000E+00	8.0387E-01
3.4050E+03	0.0000E+00	0.0000E+00	8.0438E-01
3.4060E+03	0.0000E+00	0.0000E+00	8.0127E-01
3.4070E+03	0.0000E+00	0.0000E+00	7.9902E-01
3.4080E+03	0.0000E+00	0.0000E+00	8.0309E-01
3.4090E+03	0.0000E+00	0.0000E+00	8.0011E-01
3.4100E+03	0.0000E+00	0.0000E+00	8.0078E-01
3.4110E+03	0.0000E+00	0.0000E+00	8.0152E-01
3.4120E+03	0.0000E+00	0.0000E+00	8.0138E-01
3.4130E+03	0.0000E+00	0.0000E+00	8.0212E-01
3.4140E+03	0.0000E+00	0.0000E+00	8.0266E-01
3.4150E+03	0.0000E+00	0.0000E+00	8.0117E-01
3.4160E+03	0.0000E+00	0.0000E+00	8.0091E-01
3.4170E+03	0.0000E+00	0.0000E+00	8.0360E-01
3.4180E+03	0.0000E+00	0.0000E+00	8.0461E-01
3.4190E+03	0.0000E+00	0.0000E+00	8.0684E-01
3.4200E+03	0.0000E+00	0.0000E+00	8.0739E-01
3.4210E+03	0.0000E+00	0.0000E+00	8.0429E-01
3.4220E+03	0.0000E+00	0.0000E+00	8.0732E-01
3.4230E+03	0.0000E+00	0.0000E+00	8.0371E-01
3.4240E+03	0.0000E+00	0.0000E+00	8.1173E-01
3.4250E+03	0.0000E+00	0.0000E+00	8.0941E-01
3.4260E+03	0.0000E+00	0.0000E+00	8.1047E-01
3.4270E+03	0.0000E+00	0.0000E+00	8.0909E-01
3.4280E+03	0.0000E+00	0.0000E+00	8.0670E-01
3.4290E+03	0.0000E+00	0.0000E+00	8.0459E-01
3.4300E+03	0.0000E+00	0.0000E+00	8.0380E-01
3.4310E+03	0.0000E+00	0.0000E+00	8.0153E-01
3.4320E+03	0.0000E+00	0.0000E+00	8.0335E-01
3.4330E+03	0.0000E+00	0.0000E+00	8.0339E-01
3.4340E+03	0.0000E+00	0.0000E+00	8.0338E-01
3.4350E+03	0.0000E+00	0.0000E+00	8.0281E-01
3.4360E+03	0.0000E+00	0.0000E+00	8.0428E-01
3.4370E+03	0.0000E+00	0.0000E+00	8.0383E-01
3.4380E+03	0.0000E+00	0.0000E+00	8.0173E-01
3.4390E+03	0.0000E+00	0.0000E+00	8.0373E-01
3.4400E+03	0.0000E+00	0.0000E+00	8.0263E-01
3.4410E+03	0.0000E+00	0.0000E+00	8.0498E-01
3.4420E+03	0.0000E+00	0.0000E+00	8.0723E-01
3.4430E+03	0.0000E+00	0.0000E+00	8.0663E-01
3.4440E+03	0.0000E+00	0.0000E+00	8.0638E-01
3.4450E+03	0.0000E+00	0.0000E+00	8.0916E-01
3.4460E+03	0.0000E+00	0.0000E+00	8.0625E-01
3.4470E+03	0.0000E+00	0.0000E+00	8.0643E-01
3.4480E+03	0.0000E+00	0.0000E+00	8.0662E-01
3.4490E+03	0.0000E+00	0.0000E+00	8.0584E-01
3.4500E+03	0.0000E+00	0.0000E+00	8.0791E-01
3.4510E+03	0.0000E+00	0.0000E+00	8.0288E-01
3.4520E+03	0.0000E+00	0.0000E+00	8.0280E-01
3.4530E+03	0.0000E+00	0.0000E+00	8.0145E-01
3.4540E+03	0.0000E+00	0.0000E+00	7.9936E-01
3.4550E+03	0.0000E+00	0.0000E+00	7.9612E-01
3.4560E+03	0.0000E+00	0.0000E+00	7.9534E-01
3.4570E+03	0.0000E+00	0.0000E+00	7.9733E-01
3.4580E+03	0.0000E+00	0.0000E+00	7.9712E-01
3.4590E+03	0.0000E+00	0.0000E+00	7.9608E-01
3.4600E+03	0.0000E+00	0.0000E+00	7.9514E-01
3.4610E+03	0.0000E+00	0.0000E+00	7.9759E-01
3.4620E+03	0.0000E+00	0.0000E+00	7.9549E-01
3.4630E+03	0.0000E+00	0.0000E+00	7.9658E-01
3.4640E+03	0.0000E+00	0.0000E+00	7.9476E-01
3.4650E+03	0.0000E+00	0.0000E+00	7.9893E-01
3.4660E+03	0.0000E+00	0.0000E+00	8.0187E-01
3.4670E+03	0.0000E+00	0.0000E+00	8.0014E-01
3.4680E+03	0.0000E+00	0.0000E+00	8.0307E-01
3.4690E+03	0.0000E+00	0.0000E+00	8.0108E-01
3.4700E+03	0.0000E+00	0.0000E+00	7.9981E-01
3.4710E+03	0.0000E+00	0.0000E+00	8.0107E-01
3.4720E+03	0.0000E+00	0.0000E+00	8.0382E-01
3.4730E+03	0.0000E+00	0.0000E+00	8.0330E-01
3.4740E+03	0.0000E+00	0.0000E+00	8.0541E-01
3.4750E+03	0.0000E+00	0.0000E+00	8.0297E-01
3.4760E+03	0.0000E+00	0.0000E+00	7.9994E-01
3.4770E+03	0.0000E+00	0.0000E+00	8.0053E-01
3.4780E+03	0.0000E+00	0.0000E+00	8.0026E-01
3.4790E+03	0.0000E+00	0.0000E+00	7.9507E-01
3.4800E+03	0.0000E+00	0.0000E+00	7.9616E-01
3.4810E+03	0.0000E+00	0.0000E+00	7.9488E-01
3.4820E+03	0.0000E+00	0.0000E+00	7.9423E-01
3.4830E+03	0.0000E+00	0.0000E+00	7.9559E-01
3.4840E+03	0.0000E+00	0.0000E+00	7.9691E-01
3.4850E+03	0.0000E+00	0.0000E+00	7.9718E-01
3.4860E+03	0.0000E+00	0.0000E+00	7.9808E-01
3.4870E+03	0.0000E+00	0.0000E+00	7.9367E-01
3.4880E+03	0.0000E+00	0.0000E+00	7.9922E-01
3.4890E+03	0.0000E+00	0.0000E+00	7.9635E-01
3.4900E+03	0.0000E+00	0.0000E+00	7.9933E-01
3.4910E+03	0.0000E+00	0.0000E+00	7.9789E-01
3.4920E+03	0.0000E+00	0.0000E+00	8.0066E-01
3.4930E+03	0.0000E+00	0.0000E+00	7.9747E-01
3.4940E+03	0.0000E+00	0.0000E+00	8.0107E-01
3.4950E+03	0.0000E+00	0.0000E+00	8.0101E-01
3.4960E+03	0.0000E+00	0.0000E+00	7.9860E-01
3.4970E+03	0.0000E+00	0.0000E+00	7.9912E-01
3.4980E+03	0.0000E+00	0.0000E+00	7.9969E-01
3.4990E+03	0.0000E+00	0.0000E+00	8.0311E-01
3.5000E+03	0.0000E+00	0.0000E+00	7.9478E-01
3.5010E+03	0.0000E+00	0.0000E+00	7.9599E-01
3.5020E+03	0.0000E+00	0.0000E+00	7.9711E-01
3.5030E+03	0.0000E+00	0.0000E+00	7.9413E-01
3.5040E+03	0.0000E+00	0.0000E+00	7.9655E-01
3.5050E+03	0.0000E+00	0.0000E+00	7.9489E-01
3.5060E+03	0.0000E+00	0.0000E+00	7.9530E-01
3.5070E+03	0.0000E+00	0.0000E+00	7.9335E-01
3.5080E+03	0.0000E+00	0.0000E+00	7.9385E-01
3.5090E+03	0.0000E+00	0.0000E+00	7.9185E-01
3.5100E+03	0.0000E+00	0.0000E+00	7.9104E-01
3.5110E+03	0.0000E+00	0.0000E+00	7.9325E-01
3.5120E+03	0.0000E+00	0.0000E+00	7.9198E-01
3.5130E+03	0.0000E+00	0.0000E+00	7.9397E-01
3.5140E+03	0.0000E+00	0.0000E+00	7.9214E-01
3.5150E+03	0.0000E+00	0.0000E+00	7.9590E-01
3.5160E+03	0.0000E+00	0.0000E+00	7.9523E-01
3.5170E+03	0.0000E+00	0.0000E+00	7.9642E-01
3.5180E+03	0.0000E+00	0.0000E+00	7.9384E-01
3.5190E+03	0.0000E+00	0.0000E+00	7.9658E-01
3.5200E+03	0.0000E+00	0.0000E+00	7.9469E-01
3.5210E+03	0.0000E+00	0.0000E+00	8.0038E-01
3.5220E+03	0.0000E+00	0.0000E+00	7.9727E-01
3.5230E+03	0.0000E+00	0.0000E+00	7.9979E-01
3.5240E+03	0.0000E+00	0.0000E+00	7.9730E-01
3.5250E+03	0.0000E+00	0.0000E+00	7.9083E-01
3.5260E+03	0.0000E+00	0.0000E+00	7.9214E-01
3.5270E+03	0.0000E+00	0.0000E+00	7.8907E-01
3.5280E+03	0.0000E+00	0.0000E+00	7.8920E-01
3.5290E+03	0.0000E+00	0.0000E+00	7.8796E-01
3.5300E+03	0.0000E+00	0.0000E+00	7.9009E-01
3.5310E+03	0.0000E+00	0.0000E+00	7.8621E-01
3.5320E+03	0.0000E+00	0.0000E+00	7.8777E-01
3.5330E+03	0.0000E+00	0.0000E+00	7.8711E-01
3.5340E+03	0.0000E+00	0.0000E+00	7.8889E-01
3.5350E+03	0.0000E+00	0.0000E+00	7.8704E-01
3.5360E+03	0.0000E+00	0.0000E+00	7.8357E-01
3.5370E+03	0.0000E+00	0.0000E+00	7.8925E-01
3.5380E+03	0.0000E+00	0.0000E+00	7.9300E-01
3.5390E+03	0.0000E+00	0.0000E+00	7.9341E-01
3.5400E+03	0.0000E+00	0.0000E+00	7.9373E-01
3.5410E+03	0.0000E+00	0.0000E+00	7.9469E-01
3.5420E+03	0.0000E+00	0.0000E+00	7.9361E-01
3.5430E+03	0.0000E+00	0.0000E+00	7.9245E-01
3.5440E+03	0.0000E+00	0.0000E+00	7.9669E-01
3.5450E+03	0.0000E+00	0.0000E+00	7.9948E-01
3.5460E+03	0.0000E+00	0.0000E+00	7.9785E-01
3.5470E+03	0.0000E+00	0.0000E+00	7.9696E-01
3.5480E+03	0.0000E+00	0.0000E+00	7.9187E-01
3.5490E+03	0.0000E+00	0.0000E+00	7.9167E-01
3.5500E+03	0.0000E+00	0.0000E+00	7.8976E-01
3.5510E+03	0.0000E+00	0.0000E+00	7.8740E-01
3.5520E+03	0.0000E+00	0.0000E+00	7.8658E-01
3.5530E+03	0.0000E+00	0.0000E+00	7.8689E-01
3.5540E+03	0.0000E+00	0.0000E+00	7.8457E-01
3.5550E+03	0.0000E+00	0.0000E+00	7.8477E-01
3.5560E+03	0.0000E+00	0.0000E+00	7.8252E-01
3.5570E+03	0.0000E+00	0.0000E+00	7.8318E-01
3.5580E+03	0.0000E+00	0.0000E+00	7.8544E-01
3.5590E+03	0.0000E+00	0.0000E+00	7.8329E-01
3.5600E+03	0.0000E+00	0.0000E+00	7.8443E-01
3.5610E+03	0.0000E+00	0.0000E+00	7.8586E-01
3.5620E+03	0.0000E+00	0.0000E+00	7.9127E-01
3.5630E+03	0.0000E+00	0.0000E+00	7.9087E-01
3.5640E+03	0.0000E+00	0.0000E+00	7.8838E-01
3.5650E+03	0.0000E+00	0.0000E+00	7.8769E-01
3.5660E+03	0.0000E+00	0.0000E+00	7.8993E-01
3.5670E+03	0.0000E+00	0.0000E+00	7.9092E-01
3.5680E+03	0.0000E+00	0.0000E+00	7.9158E-01
3.5690E+03	0.0000E+00	0.0000E+00	7.9306E-01
3.5700E+03	0.0000E+00	0.0000E+00	7.9445E-01
3.5710E+03	0.0000E+00	0.0000E+00	7.9356E-01
3.5720E+03	0.0000E+00	0.0000E+00	7.9425E-01
3.5730E+03	0.0000E+00	0.0000E+00	7.9102E-01
3.5740E+03	0.0000E+00	0.0000E+00	7.8882E-01
3.5750E+03	0.0000E+00	0.0000E+00	7.8499E-01
3.5760E+03	0.0000E+00	0.0000E+00	7.8460E-01
3.5770E+03	0.0000E+00	0.0000E+00	7.8379E-01
3.5780E+03	0.0000E+00	0.0000E+00	7.8772E-01
3.5790E+03	0.0000E+00	0.0000E+00	7.8674E-01
3.5800E+03	0.0000E+00	0.0000E+00	7.8600E-01
3.5810E+03	0.0000E+00	0.0000E+00	7.8503E-01
3.5820E+03	0.0000E+00	0.0000E+00	7.8532E-01
3.5830E+03	0.0000E+00	0.0000E+00	7.8818E-01
3.5840E+03	0.0000E+00	0.0000E+00	7.8386E-01
3.5850E+03	0.0000E+00	0.0000E+00	7.8543E-01
3.5860E+03	0.0000E+00	0.0000E+00	7.9038E-01
3.5870E+03	0.0000E+00	0.0000E+00	7.8712E-01
3.5880E+03	0.0000E+00	0.0000E+00	7.8956E-01
3.5890E+03	0.0000E+00	0.0000E+00	7.8863E-01
3.5900E+03	0.0000E+00	0.0000E+00	7.9095E-01
3.5910E+03	0.0000E+00	0.0000E+00	7.9399E-01
3.5920E+03	0.0000E+00	0.0000E+00	7.9367E-01
3.5930E+03	0.0000E+00	0.0000E+00	7.9476E-01
3.5940E+03	0.0000E+00	0.0000E+00	7.9435E-01
3.5950E+03	0.0000E+00	0.0000E+00	7.9260E-01
3.5960E+03	0.0000E+00	0.0000E+00	7.9008E-01
3.5970E+03	0.0000E+00	0.0000E+00	7.8753E-01
3.5980E+03	0.0000E+00	0.0000E+00	7.8681E-01
3.5990E+03	0.0000E+00	0.0000E+00	7.8887E-01
3.6000E+03	0.0000E+00	0.0000E+00	7.8717E-01
3.6010E+03	0.0000E+00	0.0000E+00	7.8868E-01
3.6020E+03	0.0000E+00	0.0000E+00	7.9005E-01
3.6030E+03	0.0000E+00	0.0000E+00	7.8704E-01
3.6040E+03	0.0000E+00	0.0000E+00	7.8872E-01
3.6050E+03	0.0000E+00	0.0000E+00	7.8741E-01
3.6060E+03	0.0000E+00	0.0000E+00	7.8615E-01
3.6070E+03	0.0000E+00	0.0000E+00	7.8689E-01
3.6080E+03	0.0000E+00	0.0000E+00	7.9047E-01
3.6090E+03	0.0000E+00	0.0000E+00	7.8798E-01
3.6100E+03	0.0000E+00	0.0000E+00	7.8672E-01
3.6110E+03	0.0000E+00	0.0000E+00	7.8840E-01
3.6120E+03	0.0000E+00	0.0000E+00	7.8794E-01
3.6130E+03	0.0000E+00	0.0000E+00	7.9010E-01
3.6140E+03	0.0000E+00	0.0000E+00	7.9018E-01
3.6150E+03	0.0000E+00	0.0000E+00	7.8792E-01
3.6160E+03	0.0000E+00	0.0000E+00	7.8651E-01
3.6170E+03	0.0000E+00	0.0000E+00	7.8997E-01
3.6180E+03	0.0000E+00	0.0000E+00	7.9209E-01
3.6190E+03	0.0000E+00	0.0000E+00	7.9125E-01
3.6200E+03	0.0000E+00	0.0000E+00	7.8950E-01
3.6210E+03	0.0000E+00	0.0000E+00	7.8881E-01
3.6220E+03	0.0000E+00	0.0000E+00	7.8982E-01
3.6230E+03	0.0000E+00	0.0000E+00	7.8570E-01
3.6240E+03	0.0000E+00	0.0000E+00	7.8415E-01
3.6250E+03	0.0000E+00	0.0000E+00	7.8269E-01
3.6260E+03	0.0000E+00	0.0000E+00	7.8192E-01
3.6270E+03	0.0000E+00	0.0000E+00	7.8287E-01
3.6280E+03	0.0000E+00	0.0000E+00	7.8309E-01
3.6290E+03	0.0000E+00	0.0000E+00	7.8286E-01
3.6300E+03	0.0000E+00	0.0000E+00	7.8125E-01
3.6310E+03	0.0000E+00	0.0000E+00	7.8375E-01
3.6320E+03	0.0000E+00	0.0000E+00	7.8437E-01
3.6330E+03	0.0000E+00	0.0000E+00	7.8358E-01
3.6340E+03	0.0000E+00	0.0000E+00	7.8532E-01
3.6350E+03	0.0000E+00	0.0000E+00	7.8579E-01
3.6360E+03	0.0000E+00	0.0000E+00	7.9129E-01
3.6370E+03	0.0000E+00	0.0000E+00	7.8995E-01
3.6380E+03	0.0000E+00	0.0000E+00	7.9211E-01
3.6390E+03	0.0000E+00	0.0000E+00	7.9236E-01
3.6400E+03	0.0000E+00	0.0000E+00	7.9018E-01
3.6410E+03	0.0000E+00	0.0000E+00	7.9350E-01
3.6420E+03	0.0000E+00	0.0000E+00	7.9458E-01
3.6430E+03	0.0000E+00	0.0000E+00	7.9552E-01
3.6440E+03	0.0000E+00	0.0000E+00	7.9389E-01
3.6450E+03	0.0000E+00	0.0000E+00	7.9346E-01
3.6460E+03	0.0000E+00	0.0000E+00	7.9816E-01
3.6470E+03	0.0000E+00	0.0000E+00	7.9701E-01
3.6480E+03	0.0000E+00	0.0000E+00	7.9761E-01
3.6490E+03	0.0000E+00	0.0000E+00	7.9571E-01
3.6500E+03	0.0000E+00	0.0000E+00	7.9687E-01
3.6510E+03	0.0000E+00	0.0000E+00	7.9544E-01
3.6520E+03	0.0000E+00	0.0000E+00	7.9539E-01
3.6530E+03	0.0000E+00	0.0000E+00	7.9232E-01
3.6540E+03	0.0000E+00	0.0000E+00	7.9535E-01
3.6550E+03	0.0000E+00	0.0000E+00	7.9485E-01
3.6560E+03	0.0000E+00	0.0000E+00	7.9465E-01
3.6570E+03	0.0000E+00	0.0000E+00	7.9023E-01
3.6580E+03	0.0000E+00	0.0000E+00	7.9343E-01
3.6590E+03	0.0000E+00	0.0000E+00	7.9535E-01
3.6600E+03	0.0000E+00	0.0000E+00	7.9088E-01
3.6610E+03	0.0000E+00	0.0000E+00	7.9276E-01
3.6620E+03	0.0000E+00	0.0000E+00	7.9112E-01
3.6630E+03	0.0000E+00	0.0000E+00	7.9288E-01
3.6640E+03	0.0000E+00	0.0000E+00	7.9148E-01
3.6650E+03	0.0000E+00	0.0000E+00	7.9310E-01
3.6660E+03	0.0000E+00	0.0000E+00	7.9271E-01
3.6670E+03	0.0000E+00	0.0000E+00	7.9123E-01
3.6680E+03	0.0000E+00	0.0000E+00	7.9043E-01
3.6690E+03	0.0000E+00	0.0000E+00	7.8616E-01
3.6700E+03	0.0000E+00	0.0000E+00	7.8303E-01
3.6710E+03	0.0000E+00	0.0000E+00	7.8366E-01
3.6720E+03	0.0000E+00	0.0000E+00	7.8705E-01
3.6730E+03	0.0000E+00	0.0000E+00	7.8791E-01
3.6740E+03	0.0000E+00	0.0000E+00	7.8521E-01
3.6750E+03	0.0000E+00	0.0000E+00	7.8538E-01
3.6760E+03	0.0000E+00	0.0000E+00	7.8272E-01
3.6770E+03	0.0000E+00	0.0000E+00	7.8441E-01
3.6780E+03	0.0000E+00	0.0000E+00	7.8225E-01
3.6790E+03	0.0000E+00	0.0000E+00	7.8385E-01
3.6800E+03	0.0000E+00	0.0000E+00	7.8169E-01
3.6810E+03	0.0000E+00	0.0000E+00	7.8458E-01
3.6820E+03	0.0000E+00	0.0000E+00	7.8529E-01
3.6830E+03	0.0000E+00	0.0000E+00	7.8810E-01
3.6840E+03	0.0000E+00	0.0000E+00	7.8755E-01
3.6850E+03	0.0000E+00	0.0000E+00	7.8929E-01
3.6860E+03	0.0000E+00	0.0000E+00	7.8919E-01
3.6870E+03	0.0000E+00	0.0000E+00	7.9137E-01
3.6880E+03	0.0000E+00	0.0000E+00	7.8781E-01
3.6890E+03	0.0000E+00	0.0000E+00	7.8826E-01
3.6900E+03	0.0000E+00	0.0000E+00	7.8916E-01
3.6910E+03	0.0000E+00	0.0000E+00	7.9087E-01
3.6920E+03	0.0000E+00	0.0000E+00	7.8826E-01
3.6930E+03	0.0000E+00	0.0000E+00	7.8638E-01
3.6940E+03	0.0000E+00	0.0000E+00	7.8327E-01
3.6950E+03	0.0000E+00	0.0000E+00	7.8636E-01
3.6960E+03	0.0000E+00	0.0000E+00	7.8648E-01
3.6970E+03	0.0000E+00	0.0000E+00	7.8480E-01
3.6980E+03	0.0000E+00	0.0000E+00	7.8354E-01
3.6990E+03	0.0000E+00	0.0000E+00	7.8304E-01
3.7000E+03	0.0000E+00	0.0000E+00	7.8379E-01
3.7010E+03	0.0000E+00	0.0000E+00	7.8418E-01
3.7020E+03	0.0000E+00	0.0000E+00	7.8239E-01
3.7030E+03	0.0000E+00	0.0000E+00	7.8082E-01
3.7040E+03	0.0000E+00	0.0000E+00	7.7948E-01
3.7050E+03	0.0000E+00	0.0000E+00	7.8139E-01
3.7060E+03	0.0000E+00	0.0000E+00	7.8573E-01
3.7070E+03	0.0000E+00	0.0000E+00	7.8653E-01
3.7080E+03	0.0000E+00	0.0000E+00	7.8576E-01
3.7090E+03	0.0000E+00	0.0000E+00	7.8852E-01
3.7100E+03	0.0000E+00	0.0000E+00	7.8807E-01
3.7110E+03	0.0000E+00	0.0000E+00	7.8634E-01
3.7120E+03	0.0000E+00	0.0000E+00	7.8872E-01
3.7130E+03	0.0000E+00	0.0000E+00	7.8679E-01
3.7140E+03	0.0000E+00	0.0000E+00	7.9103E-01
3.7150E+03	0.0000E+00	0.0000E+00	7.8777E-01
3.7160E+03	0.0000E+00	0.0000E+00	7.8784E-01
3.7170E+03	0.0000E+00	0.0000E+00	7.8624E-01
3.7180E+03	0.0000E+00	0.0000E+00	7.8167E-01
3.7190E+03	0.0000E+00	0.0000E+00	7.8380E-01
3.7200E+03	0.0000E+00	0.0000E+00	7.7877E-01
3.7210E+03	0.0000E+00	0.0000E+00	7.7789E-01
3.7220E+03	0.0000E+00	0.0000E+00	7.8100E-01
3.7230E+03	0.0000E+00	0.0000E+00	7.8037E-01
3.7240E+03	0.0000E+00	0.0000E+00	7.7899E-01
3.7250E+03	0.0000E+00	0.0000E+00	7.7811E-01
3.7260E+03	0.0000E+00	0.0000E+00	7.7893E-01
3.7270E+03	0.0000E+00	0.0000E+00	7.7695E-01
3.7280E+03	0.0000E+00	0.0000E+00	7.7371E-01
3.7290E+03	0.0000E+00	0.0000E+00	7.8083E-01
3.7300E+03	0.0000E+00	0.0000E+00	7.7906E-01
3.7310E+03	0.0000E+00	0.0000E+00	7.8182E-01
3.7320E+03	0.0000E+00	0.0000E+00	7.8290E-01
3.7330E+03	0.0000E+00	0.0000E+00	7.8536E-01
3.7340E+03	0.0000E+00	0.0000E+00	7.8305E-01
3.7350E+03	0.0000E+00	0.0000E+00	7.8506E-01
3.7360E+03	0.0000E+00	0.0000E+00	7.8392E-01
3.7370E+03	0.0000E+00	0.0000E+00	7.8702E-01
3.7380E+03	0.0000E+00	0.0000E+00	7.8599E-01
3.7390E+03	0.0000E+00	0.0000E+00	7.8488E-01
3.7400E+03	0.0000E+00	0.0000E+00	7.8367E-01
3.7410E+03	0.0000E+00	0.0000E+00	7.8186E-01
3.7420E+03	0.0000E+00	0.0000E+00	7.7771E-01
3.7430E+03	0.0000E+00	0.0000E+00	7.7931E-01
3.7440E+03	0.0000E+00	0.0000E+00	7.7411E-01
3.7450E+03	0.0000E+00	0.0000E+00	7.7570E-01
3.7460E+03	0.0000E+00	0.0000E+00	7.7678E-01
3.7470E+03	0.0000E+00	0.0000E+00	7.7478E-01
3.7480E+03	0.0000E+00	0.0000E+00	7.7602E-01
3.7490E+03	0.0000E+00	0.0000E+00	7.7032E-01
3.7500E+03	0.0000E+00	0.0000E+00	7.7237E-01
3.7510E+03	0.0000E+00	0.0000E+00	7.6838E-01
3.7520E+03	0.0000E+00	0.0000E+00	7.7142E-01
3.7530E+03	0.0000E+00	0.0000E+00	7.7488E-01
3.7540E+03	0.0000E+00	0.0000E+00	7.7870E-01
3.7550E+03	0.0000E+00	0.0000E+00	7.8207E-01
3.7560E+03	0.0000E+00	0.0000E+00	7.7959E-01
3.7570E+03	0.0000E+00	0.0000E+00	7.8178E-01
3.7580E+03	0.0000E+00	0.0000E+00	7.7954E-01
3.7590E+03	0.0000E+00	0.0000E+00	7.7850E-01
3.7600E+03	0.0000E+00	0.0000E+00	7.8362E-01
3.7610E+03	0.0000E+00	0.0000E+00	7.8135E-01
3.7620E+03	0.0000E+00	0.0000E+00	7.8426E-01
3.7630E+03	0.0000E+00	0.0000E+00	7.8043E-01
3.7640E+03	0.0000E+00	0.0000E+00	7.8078E-01
3.7650E+03	0.0000E+00	0.0000E+00	7.7757E-01
3.7660E+03	0.0000E+00	0.0000E+00	7.7542E-01
3.7670E+03	0.0000E+00	0.0000E+00	7.7360E-01
3.7680E+03	0.0000E+00	0.0000E+00	7.7557E-01
3.7690E+03	0.0000E+00	0.0000E+00	7.7552E-01
3.7700E+03	0.0000E+00	0.0000E+00	7.7600E-01
3.7710E+03	0.0000E+00	0.0000E+00	7.7558E-01
3.7720E+03	0.0000E+00	0.0000E+00	7.7273E-01
3.7730E+03	0.0000E+00	0.0000E+00	7.7420E-01
3.7740E+03	0.0000E+00	0.0000E+00	7.7310E-01
3.7750E+03	0.0000E+00	0.0000E+00	7.7274E-01
3.7760E+03	0.0000E+00	0.0000E+00	7.7307E-01
3.7770E+03	0.0000E+00	0.0000E+00	7.7540E-01
3.7780E+03	0.0000E+00	0.0000E+00	7.7832E-01
3.7790E+03	0.0000E+00	0.0000E+00	7.7701E-01
3.7800E+03	0.0000E+00	0.0000E+00	7.8008E-01
3.7810E+03	0.0000E+00	0.0000E+00	7.8208E-01
3.7820E+03	0.0000E+00	0.0000E+00	7.8117E-01
3.7830E+03	0.0000E+00	0.0000E+00	7.8417E-01
3.7840E+03	0.0000E+00	0.0000E+00	7.8039E-01
3.7850E+03	0.0000E+00	0.0000E+00	7.8162E-01
3.7860E+03	0.0000E+00	0.0000E+00	7.8327E-01
3.7870E+03	0.0000E+00	0.0000E+00	7.8132E-01
3.7880E+03	0.0000E+00	0.0000E+00	7.8045E-01
3.7890E+03	0.0000E+00	0.0000E+00	7.7742E-01
3.7900E+03	0.0000E+00	0.0000E+00	7.7563E-01
3.7910E+03	0.0000E+00	0.0000E+00	7.7647E-01
3.7920E+03	0.0000E+00	0.0000E+00	7.7735E-01
3.7930E+03	0.0000E+00	0.0000E+00	7.7584E-01
3.7940E+03	0.0000E+00	0.0000E+00	7.7351E-01
3.7950E+03	0.0000E+00	0.0000E+00	7.7643E-01
3.7960E+03	0.0000E+00	0.0000E+00	7.7606E-01
3.7970E+03	0.0000E+00	0.0000E+00	7.7299E-01
3.7980E+03	0.0000E+00	0.0000E+00	7.7368E-01
3.7990E+03	0.0000E+00	0.0000E+00	7.7412E-01
3.8000E+03	0.0000E+00	0.0000E+00	7.7100E-01
3.8010E+03	0.0000E+00	0.0000E+00	7.7487E-01
3.8020E+03	0.0000E+00	0.0000E+00	7.7759E-01
3.8030E+03	0.0000E+00	0.0000E+00	7.7951E-01
3.8040E+03	0.0000E+00	0.0000E+00	7.7763E-01
3.8050E+03	0.0000E+00	0.0000E+00	7.7783E-01
3.8060E+03	0.0000E+00	0.0000E+00	7.8045E-01
3.8070E+03	0.0000E+00	0.0000E+00	7.8104E-01
3.8080E+03	0.0000E+00	0.0000E+00	7.8296E-01
3.8090E+03	0.0000E+00	0.0000E+00	7.8362E-01
3.8100E+03	0.0000E+00	0.0000E+00	7.7984E-01
3.8110E+03	0.0000E+00	0.0000E+00	7.8263E-01
3.8120E+03	0.0000E+00	0.0000E+00	7.8051E-01
3.8130E+03	0.0000E+00	0.0000E+00	7.7509E-01
3.8140E+03	0.0000E+00	0.0000E+00	7.7441E-01
3.8150E+03	0.0000E+00	0.0000E+00	7.7503E-01
3.8160E+03	0.0000E+00	0.0000E+00	7.7214E-01
3.8170E+03	0.0000E+00	0.0000E+00	7.7360E-01
3.8180E+03	0.0000E+00	0.0000E+00	7.7338E-01
3.8190E+03	0.0000E+00	0.0000E+00	7.7121E-01
3.8200E+03	0.0000E+00	0.0000E+00	7.7117E-01
3.8210E+03	0.0000E+00	0.0000E+00	7.6980E-01
3.8220E+03	0.0000E+00	0.0000E+00	7.7108E-01
3.8230E+03	0.0000E+00	0.0000E+00	7.7288E-01
3.8240E+03	0.0000E+00	0.0000E+00	7.6594E-01
3.8250E+03	0.0000E+00	0.0000E+00	7.7490E-01
3.8260E+03	0.0000E+00	0.0000E+00	7.7579E-01
3.8270E+03	0.0000E+00	0.0000E+00	7.7352E-01
3.8280E+03	0.0000E+00	0.0000E+00	7.7920E-01
3.8290E+03	0.0000E+00	0.0000E+00	7.7764E-01
3.8300E+03	0.0000E+00	0.0000E+00	7.7970E-01
3.8310E+03	0.0000E+00	0.0000E+00	7.7730E-01
3.8320E+03	0.0000E+00	0.0000E+00	7.8277E-01
3.8330E+03	0.0000E+00	0.0000E+00	7.8163E-01
3.8340E+03	0.0000E+00	0.0000E+00	7.8206E-01
3.8350E+03	0.0000E+00	0.0000E+00	7.8218E-01
3.8360E+03	0.0000E+00	0.0000E+00	7.8190E-01
3.8370E+03	0.0000E+00	0.0000E+00	7.7776E-01
3.8380E+03	0.0000E+00	0.0000E+00	7.7441E-01
3.8390E+03	0.0000E+00	0.0000E+00	7.7699E-01
3.8400E+03	0.0000E+00	0.0000E+00	7.7803E-01
3.8410E+03	0.0000E+00	0.0000E+00	7.7526E-01
3.8420E+03	0.0000E+00	0.0000E+00	7.7437E-01
3.8430E+03	0.0000E+00	0.0000E+00	7.7296E-01
3.8440E+03	0.0000E+00	0.0000E+00	7.7372E-01
3.8450E+03	0.0000E+00	0.0000E+00	7.7167E-01
3.8460E+03	0.0000E+00	0.0000E+00	7.7305E-01
3.8470E+03	0.0000E+00	0.0000E+00	7.7217E-01
3.8480E+03	0.0000E+00	0.0000E+00	7.6942E-01
3.8490E+03	0.0000E+00	0.0000E+00	7.7458E-01
3.8500E+03	0.0000E+00	0.0000E+00	7.7410E-01
3.8510E+03	0.0000E+00	0.0000E+00	7.7669E-01
3.8520E+03	0.0000E+00	0.0000E+00	7.7657E-01
3.8530E+03	0.0000E+00	0.0000E+00	7.7924E-01
3.8540E+03	0.0000E+00	0.0000E+00	7.7983E-01
3.8550E+03	0.0000E+00	0.0000E+00	7.7964E-01
3.8560E+03	0.0000E+00	0.0000E+00	7.8013E-01
3.8570E+03	0.0000E+00	0.0000E+00	7.7994E-01
3.8580E+03	0.0000E+00	0.0000E+00	7.8242E-01
3.8590E+03	0.0000E+00	0.0000E+00	7.8102E-01
3.8600E+03	0.0000E+00	0.0000E+00	7.7769E-01
3.8610E+03	0.0000E+00	0.0000E+00	7.7735E-01
3.8620E+03	0.0000E+00	0.0000E+00	7.7255E-01
3.8630E+03	0.0000E+00	0.0000E+00	7.7401E-01
3.8640E+03	0.0000E+00	0.0000E+00	7.7616E-01
3.8650E+03	0.0000E+00	0.0000E+00	7.7706E-01
3.8660E+03	0.0000E+00	0.0000E+00	7.7504E-01
3.8670E+03	0.0000E+00	0.0000E+00	7.7250E-01
3.8680E+03	0.0000E+00	0.0000E+00	7.7162E-01
3.8690E+03	0.0000E+00	0.0000E+00	7.7439E-01
3.8700E+03	0.0000E+00	0.0000E+00	7.7199E-01
3.8710E+03	0.0000E+00	0.0000E+00	7.7320E-01
3.8720E+03	0.0000E+00	0.0000E+00	7.6999E-01
3.8730E+03	0.0000E+00	0.0000E+00	7.7321E-01
3.8740E+03	0.0000E+00	0.0000E+00	7.7580E-01
3.8750E+03	0.0000E+00	0.0000E+00	7.7564E-01
3.8760E+03	0.0000E+00	0.0000E+00	7.7588E-01
3.8770E+03	0.0000E+00	0.0000E+00	7.8245E-01
3.8780E+03	0.0000E+00	0.0000E+00	7.7948E-01
3.8790E+03	0.0000E+00	0.0000E+00	7.8120E-01
3.8800E+03	0.0000E+00	0.0000E+00	7.7913E-01
3.8810E+03	0.0000E+00	0.0000E+00	7.8237E-01
3.8820E+03	0.0000E+00	0.0000E+00	7.7992E-01
3.8830E+03	0.0000E+00	0.0000E+00	7.8049E-01
3.8840E+03	0.0000E+00	0.0000E+00	7.7971E-01
3.8850E+03	0.0000E+00	0.0000E+00	7.7891E-01
3.8860E+03	0.0000E+00	0.0000E+00	7.7489E-01
3.8870E+03	0.0000E+00	0.0000E+00	7.7862E-01
3.8880E+03	0.0000E+00	0.0000E+00	7.7694E-01
3.8890E+03	0.0000E+00	0.0000E+00	7.7864E-01
3.8900E+03	0.0000E+00	0.0000E+00	7.7608E-01
3.8910E+03	0.0000E+00	0.0000E+00	7.7641E-01
3.8920E+03	0.0000E+00	0.0000E+00	7.7440E-01
3.8930E+03	0.0000E+00	0.0000E+00	7.7320E-01
3.8940E+03	0.0000E+00	0.0000E+00	7.7347E-01
3.8950E+03	0.0000E+00	0.0000E+00	7.7263E-01
3.8960E+03	0.0000E+00	0.0000E+00	7.7205E-01
3.8970E+03	0.0000E+00	0.0000E+00	7.7595E-01
3.8980E+03	0.0000E+00	0.0000E+00	7.7757E-01
3.8990E+03	0.0000E+00	0.0000E+00	7.7780E-01
3.9000E+03	0.0000E+00	0.0000E+00	7.7825E-01
3.9010E+03	0.0000E+00	0.0000E+00	7.8067E-01
3.9020E+03	0.0000E+00	0.0000E+00	7.8016E-01
3.9030E+03	0.0000E+00	0.0000E+00	7.7972E-01
3.9040E+03	0.0000E+00	0.0000E+00	7.7975E-01
3.9050E+03	0.0000E+00	0.0000E+00	7.7845E-01
3.9060E+03	0.0000E+00	0.0000E+00	7.8155E-01
3.9070E+03	0.0000E+00	0.0000E+00	7.8018E-01
3.9080E+03	0.0000E+00	0.0000E+00	7.7999E-01
3.9090E+03	0.0000E+00	0.0000E+00	7.8172E-01
3.9100E+03	0.0000E+00	0.0000E+00	7.7667E-01
3.9110E+03	0.0000E+00	0.0000E+00	7.7466E-01
3.9120E+03	0.0000E+00	0.0000E+00	7.7559E-01
3.9130E+03	0.0000E+00	0.0000E+00	7.7865E-01
3.9140E+03	0.0000E+00	0.0000E+00	7.7763E-01
3.9150E+03	0.0000E+00	0.0000E+00	7.7239E-01
3.9160E+03	0.0000E+00	0.0000E+00	7.7365E-01
3.9170E+03	0.0000E+00	0.0000E+00	7.7546E-01
3.9180E+03	0.0000E+00	0.0000E+00	7.7352E-01
3.9190E+03	0.0000E+00	0.0000E+00	7.7319E-01
3.9200E+03	0.0000E+00	0.0000E+00	7.7134E-01
3.9210E+03	0.0000E+00	0.0000E+00	7.7515E-01
3.9220E+03	0.0000E+00	0.0000E+00	7.7441E-01
3.9230E+03	0.0000E+00	0.0000E+00	7.7780E-01
3.9240E+03	0.0000E+00	0.0000E+00	7.7290E-01
3.9250E+03	0.0000E+00	0.0000E+00	7.7701E-01
3.9260E+03	0.0000E+00	0.0000E+00	7.7713E-01
3.9270E+03	0.0000E+00	0.0000E+00	7.7774E-01
3.9280E+03	0.0000E+00	0.0000E+00	7.7784E-01
3.9290E+03	0.0000E+00	0.0000E+00	7.7836E-01
3.9300E+03	0.0000E+00	0.0000E+00	7.7744E-01
3.9310E+03	0.0000E+00	0.0000E+00	7.7922E-01
3.9320E+03	0.0000E+00	0.0000E+00	7.8125E-01
3.9330E+03	0.0000E+00	0.0000E+00	7.7761E-01
3.9340E+03	0.0000E+00	0.0000E+00	7.7476E-01
3.9350E+03	0.0000E+00	0.0000E+00	7.7336E-01
3.9360E+03	0.0000E+00	0.0000E+00	7.7424E-01
3.9370E+03	0.0000E+00	0.0000E+00	7.7289E-01
3.9380E+03	0.0000E+00	0.0000E+00	7.6780E-01
3.9390E+03	0.0000E+00	0.0000E+00	7.7231E-01
3.9400E+03	0.0000E+00	0.0000E+00	7.7411E-01
3.9410E+03	0.0000E+00	0.0000E+00	7.7045E-01
3.9420E+03	0.0000E+00	0.0000E+00	7.7002E-01
3.9430E+03	0.0000E+00	0.0000E+00	7.7057E-01
3.9440E+03	0.0000E+00	0.0000E+00	7.6625E-01
3.9450E+03	0.0000E+00	0.0000E+00	7.7292E-01
3.9460E+03	0.0000E+00	0.0000E+00	7.7137E-01
3.9470E+03	0.0000E+00	0.0000E+00	7.7326E-01
3.9480E+03	0.0000E+00	0.0000E+00	7.7716E-01
3.9490E+03	0.0000E+00	0.0000E+00	7.7385E-01
3.9500E+03	0.0000E+00	0.0000E+00	7.7446E-01
3.9510E+03	0.0000E+00	0.0000E+00	7.7615E-01
3.9520E+03	0.0000E+00	0.0000E+00	7.7470E-01
3.9530E+03	0.0000E+00	0.0000E+00	7.7745E-01
3.9540E+03	0.0000E+00	0.0000E+00	7.7760E-01
3.9550E+03	0.0000E+00	0.0000E+00	7.7619E-01
3.9560E+03	0.0000E+00	0.0000E+00	7.7510E-01
3.9570E+03	0.0000E+00	0.0000E+00	7.7242E-01
3.9580E+03	0.0000E+00	0.0000E+00	7.7151E-01
3.9590E+03	0.0000E+00	0.0000E+00	7.7171E-01
3.9600E+03	0.0000E+00	0.0000E+00	7.6868E-01
3.9610E+03	0.0000E+00	0.0000E+00	7.6985E-01
3.9620E+03	0.0000E+00	0.0000E+00	7.7034E-01
3.9630E+03	0.0000E+00	0.0000E+00	7.7096E-01
3.9640E+03	0.0000E+00	0.0000E+00	7.6879E-01
3.9650E+03	0.0000E+00	0.0000E+00	7.6916E-01
3.9660E+03	0.0000E+00	0.0000E+00	7.6731E-01
3.9670E+03	0.0000E+00	0.0000E+00	7.6846E-01
3.9680E+03	0.0000E+00	0.0000E+00	7.6579E-01
3.9690E+03	0.0000E+00	0.0000E+00	7.7121E-01
3.9700E+03	0.0000E+00	0.0000E+00	7.7276E-01
3.9710E+03	0.0000E+00	0.0000E+00	7.7254E-01
3.9720E+03	0.0000E+00	0.0000E+00	7.7561E-01
3.9730E+03	0.0000E+00	0.0000E+00	7.7571E-01
3.9740E+03	0.0000E+00	0.0000E+00	7.7643E-01
3.9750E+03	0.0000E+00	0.0000E+00	7.7426E-01
3.9760E+03	0.0000E+00	0.0000E+00	7.7728E-01
3.9770E+03	0.0000E+00	0.0000E+00	7.7948E-01
3.9780E+03	0.0000E+00	0.0000E+00	7.7632E-01
3.9790E+03	0.0000E+00	0.0000E+00	7.7750E-01
3.9800E+03	0.0000E+00	0.0000E+00	7.7383E-01
3.9810E+03	0.0000E+00	0.0000E+00	7.6964E-01
3.9820E+03	0.0000E+00	0.0000E+00	7.7067E-01
3.9830E+03	0.0000E+00	0.0000E+00	7.6908E-01
3.9840E+03	0.0000E+00	0.0000E+00	7.6740E-01
3.9850E+03	0.0000E+00	0.0000E+00	7.6572E-01
3.9860E+03	0.0000E+00	0.0000E+00	7.6711E-01
3.9870E+03	0.0000E+00	0.0000E+00	7.6584E-01
3.9880E+03	0.0000E+00	0.0000E+00	7.6742E-01
3.9890E+03	0.0000E+00	0.0000E+00	7.7010E-01
3.9900E+03	0.0000E+00	0.0000E+00	7.7018E-01
3.9910E+03	0.0000E+00	0.0000E+00	7.7071E-01
3.9920E+03	0.0000E+00	0.0000E+00	7.6631E-01
3.9930E+03	0.0000E+00	0.0000E+00	7.7036E-01
3.9940E+03	0.0000E+00	0.0000E+00	7.6802E-01
