run_id,calcite_rate,fh_rmax,fh_k_donor,fh_SA,gt_rmax,gt_k_donor,gt_SA,root_resp,msr_rmax,msr_k_donor,msr_k_acceptor,denit_rmax,denit_k_donor,denit_k_acceptor,aero_rate,aero_k_o2
0,7.194462692099818e-07,2.4999999999999994e-06,4.641588833612782e-06,5012915.940301801,2.4999999999999992e-08,4.641588833612782e-07,28300000.000000026,7.939999999999987e-14,2.4999999999999992e-08,4.9999999999999996e-05,0.00021544346900318823,1e-05,0.0001,4.641588833612782e-06,4.6415888336127727e-10,0.00021544346900318823
1,7.194462692099818e-07,2.4999999999999994e-06,4.641588833612782e-06,5012915.940301801,2.4999999999999992e-08,4.641588833612782e-07,1313569.6399124186,7.939999999999987e-14,2.4999999999999992e-08,4.9999999999999996e-05,0.00021544346900318823,1e-05,0.0001,4.641588833612782e-06,4.6415888336127727e-10,0.00021544346900318823
2,7.194462692099818e-07,2.4999999999999994e-06,4.641588833612782e-06,5012915.940301801,2.4999999999999992e-08,4.641588833612782e-07,1313569.6399124186,7.939999999999987e-14,2.4999999999999992e-08,4.9999999999999996e-05,0.00021544346900318823,1e-05,0.0001,0.0001,4.6415888336127727e-10,0.00021544346900318823
3,7.194462692099818e-07,2.4999999999999994e-06,4.641588833612782e-06,5012915.940301801,2.4999999999999992e-08,4.641588833612782e-07,1313569.6399124186,7.939999999999987e-14,2.4999999999999992e-08,4.9999999999999996e-05,1e-05,1e-05,0.0001,0.0001,4.6415888336127727e-10,0.00021544346900318823
4,7.194462692099818e-07,2.4999999999999994e-06,4.641588833612782e-06,5012915.940301801,2.4999999999999992e-08,1e-05,1313569.6399124186,7.939999999999987e-14,2.4999999999999992e-08,4.9999999999999996e-05,1e-05,1e-05,0.0001,0.0001,4.6415888336127727e-10,0.00021544346900318823
5,7.194462692099818e-07,2.4999999999999994e-06,4.641588833612782e-06,5012915.940301801,2.4999999999999992e-08,1e-05,1313569.6399124186,7.939999999999987e-14,2.4999999999999992e-08,4.9999999999999996e-05,1e-05,4.641588833612782e-07,0.0001,0.0001,4.6415888336127727e-10,0.00021544346900318823
6,7.194462692099818e-07,2.4999999999999994e-06,4.641588833612782e-06,5012915.940301801,2.4999999999999992e-08,1e-05,1313569.6399124186,7.939999999999987e-14,2.4999999999999992e-08,2.3207944168063906e-06,1e-05,4.641588833612782e-07,0.0001,0.0001,4.6415888336127727e-10,0.00021544346900318823
7,1.550000000000001e-05,2.4999999999999994e-06,4.641588833612782e-06,5012915.940301801,2.4999999999999992e-08,1e-05,1313569.6399124186,7.939999999999987e-14,2.4999999999999992e-08,2.3207944168063906e-06,1e-05,4.641588833612782e-07,0.0001,0.0001,4.6415888336127727e-10,0.00021544346900318823
8,1.550000000000001e-05,2.4999999999999994e-06,4.641588833612782e-06,5012915.940301801,2.4999999999999992e-08,1e-05,1313569.6399124186,1.7106211438853152e-12,2.4999999999999992e-08,2.3207944168063906e-06,1e-05,4.641588833612782e-07,0.0001,0.0001,4.6415888336127727e-10,0.00021544346900318823
9,1.550000000000001e-05,2.4999999999999994e-06,4.641588833612782e-06,5012915.940301801,2.4999999999999992e-08,1e-05,1313569.6399124186,1.7106211438853152e-12,2.4999999999999992e-08,2.3207944168063906e-06,1e-05,4.641588833612782e-07,0.0001,0.0001,4.6415888336127727e-10,1e-05
10,1.550000000000001e-05,2.4999999999999994e-06,4.641588833612782e-06,5012915.940301801,5.386086725079705e-07,1e-05,1313569.6399124186,1.7106211438853152e-12,2.4999999999999992e-08,2.3207944168063906e-06,1e-05,4.641588833612782e-07,0.0001,0.0001,4.6415888336127727e-10,1e-05
11,1.550000000000001e-05,2.4999999999999994e-06,4.641588833612782e-06,108000000.00000015,5.386086725079705e-07,1e-05,1313569.6399124186,1.7106211438853152e-12,2.4999999999999992e-08,2.3207944168063906e-06,1e-05,4.641588833612782e-07,0.0001,0.0001,4.6415888336127727e-10,1e-05
12,1.550000000000001e-05,2.4999999999999994e-06,1e-06,108000000.00000015,5.386086725079705e-07,1e-05,1313569.6399124186,1.7106211438853152e-12,2.4999999999999992e-08,2.3207944168063906e-06,1e-05,4.641588833612782e-07,0.0001,0.0001,4.6415888336127727e-10,1e-05
13,1.550000000000001e-05,2.4999999999999994e-06,1e-06,108000000.00000015,5.386086725079705e-07,1e-05,1313569.6399124186,1.7106211438853152e-12,5.386086725079705e-07,2.3207944168063906e-06,1e-05,4.641588833612782e-07,0.0001,0.0001,4.6415888336127727e-10,1e-05
14,1.550000000000001e-05,2.4999999999999994e-06,1e-06,108000000.00000015,5.386086725079705e-07,1e-05,1313569.6399124186,1.7106211438853152e-12,5.386086725079705e-07,2.3207944168063906e-06,1e-05,4.641588833612782e-07,0.0001,0.0001,1e-08,1e-05
15,1.550000000000001e-05,2.4999999999999994e-06,1e-06,108000000.00000015,5.386086725079705e-07,1e-05,1313569.6399124186,1.7106211438853152e-12,5.386086725079705e-07,2.3207944168063906e-06,1e-05,4.641588833612782e-07,4.641588833612782e-06,0.0001,1e-08,1e-05
16,1.550000000000001e-05,5.386086725079705e-07,1e-06,108000000.00000015,5.386086725079705e-07,1e-05,1313569.6399124186,1.7106211438853152e-12,5.386086725079705e-07,2.3207944168063906e-06,1e-05,4.641588833612782e-07,4.641588833612782e-06,0.0001,1e-08,1e-05
17,3.33937376954942e-06,2.4999999999999994e-06,1e-05,1079999.9999999993,2.4999999999999994e-06,1e-05,6097050.172790233,3.6854215338885354e-13,2.4999999999999992e-08,5e-07,0.001,1e-05,1e-06,4.641588833612782e-06,1e-10,0.001
18,3.33937376954942e-06,2.4999999999999994e-06,1e-05,1079999.9999999993,2.4999999999999994e-06,1e-05,6097050.172790233,3.6854215338885354e-13,2.4999999999999992e-08,5e-07,0.001,1e-05,2.1544346900318823e-05,4.641588833612782e-06,1e-10,0.001
19,3.33937376954942e-06,2.4999999999999994e-06,1e-05,1079999.9999999993,2.4999999999999994e-06,1e-05,283000.0000000003,3.6854215338885354e-13,2.4999999999999992e-08,5e-07,0.001,1e-05,2.1544346900318823e-05,4.641588833612782e-06,1e-10,0.001
20,3.33937376954942e-06,2.4999999999999994e-06,1e-05,1079999.9999999993,2.4999999999999994e-06,1e-05,283000.0000000003,3.6854215338885354e-13,2.4999999999999992e-08,5e-07,0.001,4.641588833612782e-07,2.1544346900318823e-05,4.641588833612782e-06,1e-10,0.001
21,3.33937376954942e-06,2.4999999999999994e-06,1e-05,1079999.9999999993,2.4999999999999994e-06,1e-05,283000.0000000003,3.6854215338885354e-13,2.4999999999999992e-08,5e-07,4.641588833612782e-05,4.641588833612782e-07,2.1544346900318823e-05,4.641588833612782e-06,1e-10,0.001
22,3.33937376954942e-06,2.4999999999999994e-06,1e-05,1079999.9999999993,2.4999999999999994e-06,1e-05,283000.0000000003,3.6854215338885354e-13,2.4999999999999992e-08,1.077217345015941e-05,4.641588833612782e-05,4.641588833612782e-07,2.1544346900318823e-05,4.641588833612782e-06,1e-10,0.001
23,1.5500000000000013e-07,2.4999999999999994e-06,1e-05,1079999.9999999993,2.4999999999999994e-06,1e-05,283000.0000000003,3.6854215338885354e-13,2.4999999999999992e-08,1.077217345015941e-05,4.641588833612782e-05,4.641588833612782e-07,2.1544346900318823e-05,4.641588833612782e-06,1e-10,0.001
24,1.5500000000000013e-07,2.4999999999999994e-06,1e-05,1079999.9999999993,1.1603972084031953e-07,1e-05,283000.0000000003,3.6854215338885354e-13,2.4999999999999992e-08,1.077217345015941e-05,4.641588833612782e-05,4.641588833612782e-07,2.1544346900318823e-05,4.641588833612782e-06,1e-10,0.001
25,1.5500000000000013e-07,2.4999999999999994e-06,1e-05,1079999.9999999993,1.1603972084031953e-07,1e-05,283000.0000000003,3.6854215338885354e-13,2.4999999999999992e-08,1.077217345015941e-05,4.641588833612782e-05,4.641588833612782e-07,2.1544346900318823e-05,4.641588833612782e-06,1e-10,4.641588833612782e-05
26,1.5500000000000013e-07,2.4999999999999994e-06,1e-05,23267894.65234436,1.1603972084031953e-07,1e-05,283000.0000000003,3.6854215338885354e-13,2.4999999999999992e-08,1.077217345015941e-05,4.641588833612782e-05,4.641588833612782e-07,2.1544346900318823e-05,4.641588833612782e-06,1e-10,4.641588833612782e-05
27,1.5500000000000013e-07,2.4999999999999994e-06,1e-05,23267894.65234436,1.1603972084031953e-07,1e-05,283000.0000000003,3.6854215338885354e-13,2.4999999999999992e-08,1.077217345015941e-05,4.641588833612782e-05,4.641588833612782e-07,2.1544346900318823e-05,0.0001,1e-10,4.641588833612782e-05
28,1.5500000000000013e-07,2.4999999999999994e-06,1e-05,23267894.65234436,1.1603972084031953e-07,1e-05,283000.0000000003,3.6854215338885354e-13,5.386086725079705e-07,1.077217345015941e-05,4.641588833612782e-05,4.641588833612782e-07,2.1544346900318823e-05,0.0001,1e-10,4.641588833612782e-05
29,1.5500000000000013e-07,2.4999999999999994e-06,1e-05,23267894.65234436,1.1603972084031953e-07,1e-05,283000.0000000003,7.939999999999988e-12,5.386086725079705e-07,1.077217345015941e-05,4.641588833612782e-05,4.641588833612782e-07,2.1544346900318823e-05,0.0001,1e-10,4.641588833612782e-05
30,1.5500000000000013e-07,5.386086725079705e-07,1e-05,23267894.65234436,1.1603972084031953e-07,1e-05,283000.0000000003,7.939999999999988e-12,5.386086725079705e-07,1.077217345015941e-05,4.641588833612782e-05,4.641588833612782e-07,2.1544346900318823e-05,0.0001,1e-10,4.641588833612782e-05
31,1.5500000000000013e-07,5.386086725079705e-07,2.1544346900318822e-06,23267894.65234436,1.1603972084031953e-07,1e-05,283000.0000000003,7.939999999999988e-12,5.386086725079705e-07,1.077217345015941e-05,4.641588833612782e-05,4.641588833612782e-07,2.1544346900318823e-05,0.0001,1e-10,4.641588833612782e-05
32,1.5500000000000013e-07,5.386086725079705e-07,2.1544346900318822e-06,23267894.65234436,1.1603972084031953e-07,4.641588833612782e-07,283000.0000000003,7.939999999999988e-12,5.386086725079705e-07,1.077217345015941e-05,4.641588833612782e-05,4.641588833612782e-07,2.1544346900318823e-05,0.0001,1e-10,4.641588833612782e-05
33,1.5500000000000013e-07,5.386086725079705e-07,2.1544346900318822e-06,23267894.65234436,1.1603972084031953e-07,4.641588833612782e-07,283000.0000000003,7.939999999999988e-12,5.386086725079705e-07,1.077217345015941e-05,4.641588833612782e-05,4.641588833612782e-07,2.1544346900318823e-05,0.0001,2.1544346900318866e-09,4.641588833612782e-05
34,3.33937376954942e-06,5.386086725079705e-07,1e-06,23267894.65234436,2.4999999999999992e-08,4.641588833612782e-07,1313569.6399124186,7.939999999999987e-14,2.4999999999999992e-08,4.9999999999999996e-05,1e-05,4.641588833612782e-07,2.1544346900318823e-05,4.641588833612782e-06,2.1544346900318866e-09,0.00021544346900318823
35,3.33937376954942e-06,5.386086725079705e-07,1e-06,23267894.65234436,5.386086725079705e-07,4.641588833612782e-07,1313569.6399124186,7.939999999999987e-14,2.4999999999999992e-08,4.9999999999999996e-05,1e-05,4.641588833612782e-07,2.1544346900318823e-05,4.641588833612782e-06,2.1544346900318866e-09,0.00021544346900318823
36,3.33937376954942e-06,5.386086725079705e-07,1e-06,23267894.65234436,5.386086725079705e-07,4.641588833612782e-07,1313569.6399124186,7.939999999999987e-14,2.4999999999999992e-08,4.9999999999999996e-05,1e-05,4.641588833612782e-07,2.1544346900318823e-05,4.641588833612782e-06,1e-10,0.00021544346900318823
37,3.33937376954942e-06,5.386086725079705e-07,1e-06,1079999.9999999993,5.386086725079705e-07,4.641588833612782e-07,1313569.6399124186,7.939999999999987e-14,2.4999999999999992e-08,4.9999999999999996e-05,1e-05,4.641588833612782e-07,2.1544346900318823e-05,4.641588833612782e-06,1e-10,0.00021544346900318823
38,3.33937376954942e-06,5.386086725079705e-07,1e-06,1079999.9999999993,5.386086725079705e-07,4.641588833612782e-07,1313569.6399124186,7.939999999999987e-14,2.4999999999999992e-08,4.9999999999999996e-05,1e-05,4.641588833612782e-07,2.1544346900318823e-05,4.641588833612782e-06,1e-10,1e-05
39,3.33937376954942e-06,5.386086725079705e-07,1e-06,1079999.9999999993,5.386086725079705e-07,4.641588833612782e-07,28300000.000000026,7.939999999999987e-14,2.4999999999999992e-08,4.9999999999999996e-05,1e-05,4.641588833612782e-07,2.1544346900318823e-05,4.641588833612782e-06,1e-10,1e-05
40,3.33937376954942e-06,5.386086725079705e-07,1e-06,1079999.9999999993,5.386086725079705e-07,4.641588833612782e-07,28300000.000000026,7.939999999999987e-14,2.4999999999999992e-08,2.3207944168063906e-06,1e-05,4.641588833612782e-07,2.1544346900318823e-05,4.641588833612782e-06,1e-10,1e-05
41,1.5500000000000013e-07,5.386086725079705e-07,1e-06,1079999.9999999993,5.386086725079705e-07,4.641588833612782e-07,28300000.000000026,7.939999999999987e-14,2.4999999999999992e-08,2.3207944168063906e-06,1e-05,4.641588833612782e-07,2.1544346900318823e-05,4.641588833612782e-06,1e-10,1e-05
42,1.5500000000000013e-07,5.386086725079705e-07,1e-06,1079999.9999999993,5.386086725079705e-07,4.641588833612782e-07,28300000.000000026,7.939999999999987e-14,2.4999999999999992e-08,2.3207944168063906e-06,1e-05,1e-05,2.1544346900318823e-05,4.641588833612782e-06,1e-10,1e-05
43,1.5500000000000013e-07,5.386086725079705e-07,4.641588833612782e-06,1079999.9999999993,5.386086725079705e-07,4.641588833612782e-07,28300000.000000026,7.939999999999987e-14,2.4999999999999992e-08,2.3207944168063906e-06,1e-05,1e-05,2.1544346900318823e-05,4.641588833612782e-06,1e-10,1e-05
44,1.5500000000000013e-07,2.4999999999999994e-06,4.641588833612782e-06,1079999.9999999993,5.386086725079705e-07,4.641588833612782e-07,28300000.000000026,7.939999999999987e-14,2.4999999999999992e-08,2.3207944168063906e-06,1e-05,1e-05,2.1544346900318823e-05,4.641588833612782e-06,1e-10,1e-05
45,1.5500000000000013e-07,2.4999999999999994e-06,4.641588833612782e-06,1079999.9999999993,5.386086725079705e-07,4.641588833612782e-07,28300000.000000026,7.939999999999987e-14,5.386086725079705e-07,2.3207944168063906e-06,1e-05,1e-05,2.1544346900318823e-05,4.641588833612782e-06,1e-10,1e-05
46,1.5500000000000013e-07,2.4999999999999994e-06,4.641588833612782e-06,1079999.9999999993,5.386086725079705e-07,4.641588833612782e-07,28300000.000000026,7.939999999999987e-14,5.386086725079705e-07,2.3207944168063906e-06,1e-05,1e-05,1e-06,4.641588833612782e-06,1e-10,1e-05
47,1.5500000000000013e-07,2.4999999999999994e-06,4.641588833612782e-06,1079999.9999999993,5.386086725079705e-07,4.641588833612782e-07,28300000.000000026,7.939999999999987e-14,5.386086725079705e-07,2.3207944168063906e-06,0.00021544346900318823,1e-05,1e-06,4.641588833612782e-06,1e-10,1e-05
48,1.5500000000000013e-07,2.4999999999999994e-06,4.641588833612782e-06,1079999.9999999993,5.386086725079705e-07,4.641588833612782e-07,28300000.000000026,1.7106211438853152e-12,5.386086725079705e-07,2.3207944168063906e-06,0.00021544346900318823,1e-05,1e-06,4.641588833612782e-06,1e-10,1e-05
49,1.5500000000000013e-07,2.4999999999999994e-06,4.641588833612782e-06,1079999.9999999993,5.386086725079705e-07,4.641588833612782e-07,28300000.000000026,1.7106211438853152e-12,5.386086725079705e-07,2.3207944168063906e-06,0.00021544346900318823,1e-05,1e-06,0.0001,1e-10,1e-05
50,1.5500000000000013e-07,2.4999999999999994e-06,4.641588833612782e-06,1079999.9999999993,5.386086725079705e-07,1e-05,28300000.000000026,1.7106211438853152e-12,5.386086725079705e-07,2.3207944168063906e-06,0.00021544346900318823,1e-05,1e-06,0.0001,1e-10,1e-05
51,1.5500000000000013e-07,5.386086725079705e-07,1e-05,5012915.940301801,5.386086725079705e-07,4.641588833612782e-07,283000.0000000003,7.939999999999987e-14,5.386086725079705e-07,1.077217345015941e-05,4.641588833612782e-05,2.1544346900318822e-06,0.0001,2.1544346900318823e-05,1e-08,0.00021544346900318823
52,1.5500000000000013e-07,2.4999999999999994e-06,1e-05,5012915.940301801,5.386086725079705e-07,4.641588833612782e-07,283000.0000000003,7.939999999999987e-14,5.386086725079705e-07,1.077217345015941e-05,4.641588833612782e-05,2.1544346900318822e-06,0.0001,2.1544346900318823e-05,1e-08,0.00021544346900318823
53,1.5500000000000013e-07,2.4999999999999994e-06,1e-05,5012915.940301801,5.386086725079705e-07,4.641588833612782e-07,283000.0000000003,7.939999999999987e-14,5.386086725079705e-07,1.077217345015941e-05,4.641588833612782e-05,1e-07,0.0001,2.1544346900318823e-05,1e-08,0.00021544346900318823
54,1.5500000000000013e-07,2.4999999999999994e-06,1e-05,5012915.940301801,5.386086725079705e-07,4.641588833612782e-07,283000.0000000003,1.7106211438853152e-12,5.386086725079705e-07,1.077217345015941e-05,4.641588833612782e-05,1e-07,0.0001,2.1544346900318823e-05,1e-08,0.00021544346900318823
55,1.5500000000000013e-07,2.4999999999999994e-06,1e-05,5012915.940301801,5.386086725079705e-07,4.641588833612782e-07,283000.0000000003,1.7106211438853152e-12,5.386086725079705e-07,1.077217345015941e-05,4.641588833612782e-05,1e-07,4.641588833612782e-06,2.1544346900318823e-05,1e-08,0.00021544346900318823
56,3.33937376954942e-06,2.4999999999999994e-06,1e-05,5012915.940301801,5.386086725079705e-07,4.641588833612782e-07,283000.0000000003,1.7106211438853152e-12,5.386086725079705e-07,1.077217345015941e-05,4.641588833612782e-05,1e-07,4.641588833612782e-06,2.1544346900318823e-05,1e-08,0.00021544346900318823
57,3.33937376954942e-06,2.4999999999999994e-06,1e-05,5012915.940301801,5.386086725079705e-07,1e-05,283000.0000000003,1.7106211438853152e-12,5.386086725079705e-07,1.077217345015941e-05,4.641588833612782e-05,1e-07,4.641588833612782e-06,2.1544346900318823e-05,1e-08,0.00021544346900318823
58,3.33937376954942e-06,2.4999999999999994e-06,1e-05,108000000.00000015,5.386086725079705e-07,1e-05,283000.0000000003,1.7106211438853152e-12,5.386086725079705e-07,1.077217345015941e-05,4.641588833612782e-05,1e-07,4.641588833612782e-06,2.1544346900318823e-05,1e-08,0.00021544346900318823
59,3.33937376954942e-06,2.4999999999999994e-06,1e-05,108000000.00000015,5.386086725079705e-07,1e-05,283000.0000000003,1.7106211438853152e-12,5.386086725079705e-07,1.077217345015941e-05,4.641588833612782e-05,1e-07,4.641588833612782e-06,2.1544346900318823e-05,1e-08,1e-05
60,3.33937376954942e-06,2.4999999999999994e-06,1e-05,108000000.00000015,5.386086725079705e-07,1e-05,6097050.172790233,1.7106211438853152e-12,5.386086725079705e-07,1.077217345015941e-05,4.641588833612782e-05,1e-07,4.641588833612782e-06,2.1544346900318823e-05,1e-08,1e-05
61,3.33937376954942e-06,2.4999999999999994e-06,1e-05,108000000.00000015,5.386086725079705e-07,1e-05,6097050.172790233,1.7106211438853152e-12,2.4999999999999992e-08,1.077217345015941e-05,4.641588833612782e-05,1e-07,4.641588833612782e-06,2.1544346900318823e-05,1e-08,1e-05
62,3.33937376954942e-06,2.4999999999999994e-06,1e-05,108000000.00000015,2.4999999999999992e-08,1e-05,6097050.172790233,1.7106211438853152e-12,2.4999999999999992e-08,1.077217345015941e-05,4.641588833612782e-05,1e-07,4.641588833612782e-06,2.1544346900318823e-05,1e-08,1e-05
63,3.33937376954942e-06,2.4999999999999994e-06,2.1544346900318822e-06,108000000.00000015,2.4999999999999992e-08,1e-05,6097050.172790233,1.7106211438853152e-12,2.4999999999999992e-08,1.077217345015941e-05,4.641588833612782e-05,1e-07,4.641588833612782e-06,2.1544346900318823e-05,1e-08,1e-05
64,3.33937376954942e-06,2.4999999999999994e-06,2.1544346900318822e-06,108000000.00000015,2.4999999999999992e-08,1e-05,6097050.172790233,1.7106211438853152e-12,2.4999999999999992e-08,1.077217345015941e-05,4.641588833612782e-05,1e-07,4.641588833612782e-06,2.1544346900318823e-05,4.6415888336127727e-10,1e-05
65,3.33937376954942e-06,2.4999999999999994e-06,2.1544346900318822e-06,108000000.00000015,2.4999999999999992e-08,1e-05,6097050.172790233,1.7106211438853152e-12,2.4999999999999992e-08,1.077217345015941e-05,4.641588833612782e-05,1e-07,4.641588833612782e-06,1e-06,4.6415888336127727e-10,1e-05
66,3.33937376954942e-06,2.4999999999999994e-06,2.1544346900318822e-06,108000000.00000015,2.4999999999999992e-08,1e-05,6097050.172790233,1.7106211438853152e-12,2.4999999999999992e-08,1.077217345015941e-05,0.001,1e-07,4.641588833612782e-06,1e-06,4.6415888336127727e-10,1e-05
67,3.33937376954942e-06,2.4999999999999994e-06,2.1544346900318822e-06,108000000.00000015,2.4999999999999992e-08,1e-05,6097050.172790233,1.7106211438853152e-12,2.4999999999999992e-08,5e-07,0.001,1e-07,4.641588833612782e-06,1e-06,4.6415888336127727e-10,1e-05
68,1.550000000000001e-05,2.4999999999999994e-07,2.1544346900318822e-06,5012915.940301801,5.386086725079705e-07,1e-05,283000.0000000003,7.939999999999988e-12,2.4999999999999992e-08,1.077217345015941e-05,1e-05,1e-07,2.1544346900318823e-05,0.0001,1e-10,0.001
69,1.550000000000001e-05,2.4999999999999994e-07,2.1544346900318822e-06,5012915.940301801,5.386086725079705e-07,1e-05,283000.0000000003,7.939999999999988e-12,2.4999999999999992e-08,1.077217345015941e-05,1e-05,2.1544346900318822e-06,2.1544346900318823e-05,0.0001,1e-10,0.001
70,1.550000000000001e-05,2.4999999999999994e-07,1e-05,5012915.940301801,5.386086725079705e-07,1e-05,283000.0000000003,7.939999999999988e-12,2.4999999999999992e-08,1.077217345015941e-05,1e-05,2.1544346900318822e-06,2.1544346900318823e-05,0.0001,1e-10,0.001
71,1.550000000000001e-05,2.4999999999999994e-07,1e-05,5012915.940301801,5.386086725079705e-07,1e-05,283000.0000000003,7.939999999999988e-12,2.4999999999999992e-08,1.077217345015941e-05,1e-05,2.1544346900318822e-06,1e-06,0.0001,1e-10,0.001
72,1.550000000000001e-05,2.4999999999999994e-07,1e-05,5012915.940301801,5.386086725079705e-07,1e-05,6097050.172790233,7.939999999999988e-12,2.4999999999999992e-08,1.077217345015941e-05,1e-05,2.1544346900318822e-06,1e-06,0.0001,1e-10,0.001
73,1.550000000000001e-05,2.4999999999999994e-07,1e-05,5012915.940301801,5.386086725079705e-07,1e-05,6097050.172790233,7.939999999999988e-12,2.4999999999999992e-08,1.077217345015941e-05,0.00021544346900318823,2.1544346900318822e-06,1e-06,0.0001,1e-10,0.001
74,1.550000000000001e-05,2.4999999999999994e-07,1e-05,5012915.940301801,5.386086725079705e-07,1e-05,6097050.172790233,7.939999999999988e-12,2.4999999999999992e-08,1.077217345015941e-05,0.00021544346900318823,2.1544346900318822e-06,1e-06,0.0001,1e-10,4.641588833612782e-05
75,1.550000000000001e-05,2.4999999999999994e-07,1e-05,5012915.940301801,2.4999999999999992e-08,1e-05,6097050.172790233,7.939999999999988e-12,2.4999999999999992e-08,1.077217345015941e-05,0.00021544346900318823,2.1544346900318822e-06,1e-06,0.0001,1e-10,4.641588833612782e-05
76,1.550000000000001e-05,2.4999999999999994e-07,1e-05,108000000.00000015,2.4999999999999992e-08,1e-05,6097050.172790233,7.939999999999988e-12,2.4999999999999992e-08,1.077217345015941e-05,0.00021544346900318823,2.1544346900318822e-06,1e-06,0.0001,1e-10,4.641588833612782e-05
77,1.550000000000001e-05,2.4999999999999994e-07,1e-05,108000000.00000015,2.4999999999999992e-08,1e-05,6097050.172790233,7.939999999999988e-12,5.386086725079705e-07,1.077217345015941e-05,0.00021544346900318823,2.1544346900318822e-06,1e-06,0.0001,1e-10,4.641588833612782e-05
78,1.550000000000001e-05,1.1603972084031953e-06,1e-05,108000000.00000015,2.4999999999999992e-08,1e-05,6097050.172790233,7.939999999999988e-12,5.386086725079705e-07,1.077217345015941e-05,0.00021544346900318823,2.1544346900318822e-06,1e-06,0.0001,1e-10,4.641588833612782e-05
79,1.550000000000001e-05,1.1603972084031953e-06,1e-05,108000000.00000015,2.4999999999999992e-08,1e-05,6097050.172790233,3.6854215338885354e-13,5.386086725079705e-07,1.077217345015941e-05,0.00021544346900318823,2.1544346900318822e-06,1e-06,0.0001,1e-10,4.641588833612782e-05
80,1.550000000000001e-05,1.1603972084031953e-06,1e-05,108000000.00000015,2.4999999999999992e-08,1e-05,6097050.172790233,3.6854215338885354e-13,5.386086725079705e-07,1.077217345015941e-05,0.00021544346900318823,2.1544346900318822e-06,1e-06,0.0001,2.1544346900318866e-09,4.641588833612782e-05
81,1.550000000000001e-05,1.1603972084031953e-06,1e-05,108000000.00000015,2.4999999999999992e-08,1e-05,6097050.172790233,3.6854215338885354e-13,5.386086725079705e-07,1.077217345015941e-05,0.00021544346900318823,2.1544346900318822e-06,1e-06,4.641588833612782e-06,2.1544346900318866e-09,4.641588833612782e-05
82,7.194462692099818e-07,1.1603972084031953e-06,1e-05,108000000.00000015,2.4999999999999992e-08,1e-05,6097050.172790233,3.6854215338885354e-13,5.386086725079705e-07,1.077217345015941e-05,0.00021544346900318823,2.1544346900318822e-06,1e-06,4.641588833612782e-06,2.1544346900318866e-09,4.641588833612782e-05
83,7.194462692099818e-07,1.1603972084031953e-06,1e-05,108000000.00000015,2.4999999999999992e-08,4.641588833612782e-07,6097050.172790233,3.6854215338885354e-13,5.386086725079705e-07,1.077217345015941e-05,0.00021544346900318823,2.1544346900318822e-06,1e-06,4.641588833612782e-06,2.1544346900318866e-09,4.641588833612782e-05
84,7.194462692099818e-07,1.1603972084031953e-06,1e-05,108000000.00000015,2.4999999999999992e-08,4.641588833612782e-07,6097050.172790233,3.6854215338885354e-13,5.386086725079705e-07,5e-07,0.00021544346900318823,2.1544346900318822e-06,1e-06,4.641588833612782e-06,2.1544346900318866e-09,4.641588833612782e-05
85,1.550000000000001e-05,2.4999999999999994e-07,1e-05,108000000.00000015,2.4999999999999994e-06,2.1544346900318822e-06,283000.0000000003,1.7106211438853152e-12,5.386086725079705e-07,2.3207944168063906e-06,0.00021544346900318823,4.641588833612782e-07,4.641588833612782e-06,2.1544346900318823e-05,1e-10,0.001
86,1.550000000000001e-05,2.4999999999999994e-07,1e-05,108000000.00000015,2.4999999999999994e-06,1e-07,283000.0000000003,1.7106211438853152e-12,5.386086725079705e-07,2.3207944168063906e-06,0.00021544346900318823,4.641588833612782e-07,4.641588833612782e-06,2.1544346900318823e-05,1e-10,0.001
87,1.550000000000001e-05,2.4999999999999994e-07,1e-05,108000000.00000015,2.4999999999999994e-06,1e-07,6097050.172790233,1.7106211438853152e-12,5.386086725079705e-07,2.3207944168063906e-06,0.00021544346900318823,4.641588833612782e-07,4.641588833612782e-06,2.1544346900318823e-05,1e-10,0.001
88,1.550000000000001e-05,2.4999999999999994e-07,1e-05,108000000.00000015,2.4999999999999994e-06,1e-07,6097050.172790233,1.7106211438853152e-12,5.386086725079705e-07,2.3207944168063906e-06,1e-05,4.641588833612782e-07,4.641588833612782e-06,2.1544346900318823e-05,1e-10,0.001
89,1.550000000000001e-05,2.4999999999999994e-07,2.1544346900318822e-06,108000000.00000015,2.4999999999999994e-06,1e-07,6097050.172790233,1.7106211438853152e-12,5.386086725079705e-07,2.3207944168063906e-06,1e-05,4.641588833612782e-07,4.641588833612782e-06,2.1544346900318823e-05,1e-10,0.001
90,1.550000000000001e-05,2.4999999999999994e-07,2.1544346900318822e-06,108000000.00000015,2.4999999999999994e-06,1e-07,6097050.172790233,1.7106211438853152e-12,5.386086725079705e-07,2.3207944168063906e-06,1e-05,4.641588833612782e-07,0.0001,2.1544346900318823e-05,1e-10,0.001
91,1.550000000000001e-05,2.4999999999999994e-07,2.1544346900318822e-06,108000000.00000015,2.4999999999999994e-06,1e-07,6097050.172790233,1.7106211438853152e-12,2.4999999999999992e-08,2.3207944168063906e-06,1e-05,4.641588833612782e-07,0.0001,2.1544346900318823e-05,1e-10,0.001
92,1.550000000000001e-05,2.4999999999999994e-07,2.1544346900318822e-06,108000000.00000015,2.4999999999999994e-06,1e-07,6097050.172790233,7.939999999999987e-14,2.4999999999999992e-08,2.3207944168063906e-06,1e-05,4.641588833612782e-07,0.0001,2.1544346900318823e-05,1e-10,0.001
93,1.550000000000001e-05,2.4999999999999994e-07,2.1544346900318822e-06,108000000.00000015,2.4999999999999994e-06,1e-07,6097050.172790233,7.939999999999987e-14,2.4999999999999992e-08,2.3207944168063906e-06,1e-05,4.641588833612782e-07,0.0001,2.1544346900318823e-05,2.1544346900318866e-09,0.001
94,1.550000000000001e-05,2.4999999999999994e-07,2.1544346900318822e-06,5012915.940301801,2.4999999999999994e-06,1e-07,6097050.172790233,7.939999999999987e-14,2.4999999999999992e-08,2.3207944168063906e-06,1e-05,4.641588833612782e-07,0.0001,2.1544346900318823e-05,2.1544346900318866e-09,0.001
95,1.550000000000001e-05,1.1603972084031953e-06,2.1544346900318822e-06,5012915.940301801,2.4999999999999994e-06,1e-07,6097050.172790233,7.939999999999987e-14,2.4999999999999992e-08,2.3207944168063906e-06,1e-05,4.641588833612782e-07,0.0001,2.1544346900318823e-05,2.1544346900318866e-09,0.001
96,1.550000000000001e-05,1.1603972084031953e-06,2.1544346900318822e-06,5012915.940301801,2.4999999999999994e-06,1e-07,6097050.172790233,7.939999999999987e-14,2.4999999999999992e-08,2.3207944168063906e-06,1e-05,1e-05,0.0001,2.1544346900318823e-05,2.1544346900318866e-09,0.001
97,1.550000000000001e-05,1.1603972084031953e-06,2.1544346900318822e-06,5012915.940301801,2.4999999999999994e-06,1e-07,6097050.172790233,7.939999999999987e-14,2.4999999999999992e-08,2.3207944168063906e-06,1e-05,1e-05,0.0001,1e-06,2.1544346900318866e-09,0.001
98,1.550000000000001e-05,1.1603972084031953e-06,2.1544346900318822e-06,5012915.940301801,2.4999999999999994e-06,1e-07,6097050.172790233,7.939999999999987e-14,2.4999999999999992e-08,2.3207944168063906e-06,1e-05,1e-05,0.0001,1e-06,2.1544346900318866e-09,4.641588833612782e-05
99,1.550000000000001e-05,1.1603972084031953e-06,2.1544346900318822e-06,5012915.940301801,2.4999999999999994e-06,1e-07,6097050.172790233,7.939999999999987e-14,2.4999999999999992e-08,4.9999999999999996e-05,1e-05,1e-05,0.0001,1e-06,2.1544346900318866e-09,4.641588833612782e-05
100,1.550000000000001e-05,1.1603972084031953e-06,2.1544346900318822e-06,5012915.940301801,1.1603972084031953e-07,1e-07,6097050.172790233,7.939999999999987e-14,2.4999999999999992e-08,4.9999999999999996e-05,1e-05,1e-05,0.0001,1e-06,2.1544346900318866e-09,4.641588833612782e-05
101,7.194462692099818e-07,1.1603972084031953e-06,2.1544346900318822e-06,5012915.940301801,1.1603972084031953e-07,1e-07,6097050.172790233,7.939999999999987e-14,2.4999999999999992e-08,4.9999999999999996e-05,1e-05,1e-05,0.0001,1e-06,2.1544346900318866e-09,4.641588833612782e-05
102,1.5500000000000013e-07,5.386086725079705e-07,1e-05,23267894.65234436,2.4999999999999992e-08,1e-05,283000.0000000003,7.939999999999987e-14,5.386086725079705e-07,4.9999999999999996e-05,4.641588833612782e-05,1e-07,0.0001,1e-06,4.6415888336127727e-10,4.641588833612782e-05
103,1.5500000000000013e-07,5.386086725079705e-07,1e-05,23267894.65234436,2.4999999999999992e-08,1e-05,283000.0000000003,7.939999999999987e-14,5.386086725079705e-07,4.9999999999999996e-05,4.641588833612782e-05,2.1544346900318822e-06,0.0001,1e-06,4.6415888336127727e-10,4.641588833612782e-05
104,1.5500000000000013e-07,5.386086725079705e-07,1e-05,23267894.65234436,2.4999999999999992e-08,1e-05,283000.0000000003,7.939999999999987e-14,5.386086725079705e-07,4.9999999999999996e-05,4.641588833612782e-05,2.1544346900318822e-06,4.641588833612782e-06,1e-06,4.6415888336127727e-10,4.641588833612782e-05
105,1.5500000000000013e-07,2.4999999999999994e-06,1e-05,23267894.65234436,2.4999999999999992e-08,1e-05,283000.0000000003,7.939999999999987e-14,5.386086725079705e-07,4.9999999999999996e-05,4.641588833612782e-05,2.1544346900318822e-06,4.641588833612782e-06,1e-06,4.6415888336127727e-10,4.641588833612782e-05
106,3.33937376954942e-06,2.4999999999999994e-06,1e-05,23267894.65234436,2.4999999999999992e-08,1e-05,283000.0000000003,7.939999999999987e-14,5.386086725079705e-07,4.9999999999999996e-05,4.641588833612782e-05,2.1544346900318822e-06,4.641588833612782e-06,1e-06,4.6415888336127727e-10,4.641588833612782e-05
107,3.33937376954942e-06,2.4999999999999994e-06,2.1544346900318822e-06,23267894.65234436,2.4999999999999992e-08,1e-05,283000.0000000003,7.939999999999987e-14,5.386086725079705e-07,4.9999999999999996e-05,4.641588833612782e-05,2.1544346900318822e-06,4.641588833612782e-06,1e-06,4.6415888336127727e-10,4.641588833612782e-05
108,3.33937376954942e-06,2.4999999999999994e-06,2.1544346900318822e-06,23267894.65234436,2.4999999999999992e-08,1e-05,283000.0000000003,7.939999999999987e-14,5.386086725079705e-07,4.9999999999999996e-05,4.641588833612782e-05,2.1544346900318822e-06,4.641588833612782e-06,1e-06,4.6415888336127727e-10,0.001
109,3.33937376954942e-06,2.4999999999999994e-06,2.1544346900318822e-06,23267894.65234436,2.4999999999999992e-08,1e-05,283000.0000000003,7.939999999999987e-14,5.386086725079705e-07,4.9999999999999996e-05,0.001,2.1544346900318822e-06,4.641588833612782e-06,1e-06,4.6415888336127727e-10,0.001
110,3.33937376954942e-06,2.4999999999999994e-06,2.1544346900318822e-06,23267894.65234436,2.4999999999999992e-08,1e-05,283000.0000000003,1.7106211438853152e-12,5.386086725079705e-07,4.9999999999999996e-05,0.001,2.1544346900318822e-06,4.641588833612782e-06,1e-06,4.6415888336127727e-10,0.001
111,3.33937376954942e-06,2.4999999999999994e-06,2.1544346900318822e-06,23267894.65234436,2.4999999999999992e-08,1e-05,6097050.172790233,1.7106211438853152e-12,5.386086725079705e-07,4.9999999999999996e-05,0.001,2.1544346900318822e-06,4.641588833612782e-06,1e-06,4.6415888336127727e-10,0.001
112,3.33937376954942e-06,2.4999999999999994e-06,2.1544346900318822e-06,23267894.65234436,2.4999999999999992e-08,1e-05,6097050.172790233,1.7106211438853152e-12,5.386086725079705e-07,4.9999999999999996e-05,0.001,2.1544346900318822e-06,4.641588833612782e-06,1e-06,1e-08,0.001
113,3.33937376954942e-06,2.4999999999999994e-06,2.1544346900318822e-06,23267894.65234436,2.4999999999999992e-08,1e-05,6097050.172790233,1.7106211438853152e-12,2.4999999999999992e-08,4.9999999999999996e-05,0.001,2.1544346900318822e-06,4.641588833612782e-06,1e-06,1e-08,0.001
114,3.33937376954942e-06,2.4999999999999994e-06,2.1544346900318822e-06,23267894.65234436,2.4999999999999992e-08,1e-05,6097050.172790233,1.7106211438853152e-12,2.4999999999999992e-08,4.9999999999999996e-05,0.001,2.1544346900318822e-06,4.641588833612782e-06,2.1544346900318823e-05,1e-08,0.001
115,3.33937376954942e-06,2.4999999999999994e-06,2.1544346900318822e-06,23267894.65234436,5.386086725079705e-07,1e-05,6097050.172790233,1.7106211438853152e-12,2.4999999999999992e-08,4.9999999999999996e-05,0.001,2.1544346900318822e-06,4.641588833612782e-06,2.1544346900318823e-05,1e-08,0.001
116,3.33937376954942e-06,2.4999999999999994e-06,2.1544346900318822e-06,1079999.9999999993,5.386086725079705e-07,1e-05,6097050.172790233,1.7106211438853152e-12,2.4999999999999992e-08,4.9999999999999996e-05,0.001,2.1544346900318822e-06,4.641588833612782e-06,2.1544346900318823e-05,1e-08,0.001
117,3.33937376954942e-06,2.4999999999999994e-06,2.1544346900318822e-06,1079999.9999999993,5.386086725079705e-07,4.641588833612782e-07,6097050.172790233,1.7106211438853152e-12,2.4999999999999992e-08,4.9999999999999996e-05,0.001,2.1544346900318822e-06,4.641588833612782e-06,2.1544346900318823e-05,1e-08,0.001
118,3.33937376954942e-06,2.4999999999999994e-06,2.1544346900318822e-06,1079999.9999999993,5.386086725079705e-07,4.641588833612782e-07,6097050.172790233,1.7106211438853152e-12,2.4999999999999992e-08,2.3207944168063906e-06,0.001,2.1544346900318822e-06,4.641588833612782e-06,2.1544346900318823e-05,1e-08,0.001
119,1.550000000000001e-05,2.4999999999999994e-06,4.641588833612782e-06,1079999.9999999993,2.4999999999999992e-08,2.1544346900318822e-06,28300000.000000026,7.939999999999988e-12,5.386086725079705e-07,2.3207944168063906e-06,1e-05,1e-05,1e-06,2.1544346900318823e-05,1e-08,1e-05
120,7.194462692099818e-07,2.4999999999999994e-06,4.641588833612782e-06,1079999.9999999993,2.4999999999999992e-08,2.1544346900318822e-06,28300000.000000026,7.939999999999988e-12,5.386086725079705e-07,2.3207944168063906e-06,1e-05,1e-05,1e-06,2.1544346900318823e-05,1e-08,1e-05
121,7.194462692099818e-07,2.4999999999999994e-06,4.641588833612782e-06,1079999.9999999993,2.4999999999999992e-08,2.1544346900318822e-06,28300000.000000026,7.939999999999988e-12,5.386086725079705e-07,2.3207944168063906e-06,1e-05,1e-05,2.1544346900318823e-05,2.1544346900318823e-05,1e-08,1e-05
122,7.194462692099818e-07,2.4999999999999994e-06,4.641588833612782e-06,1079999.9999999993,2.4999999999999992e-08,2.1544346900318822e-06,28300000.000000026,7.939999999999988e-12,5.386086725079705e-07,2.3207944168063906e-06,1e-05,1e-05,2.1544346900318823e-05,1e-06,1e-08,1e-05
123,7.194462692099818e-07,2.4999999999999994e-06,4.641588833612782e-06,1079999.9999999993,2.4999999999999992e-08,1e-07,28300000.000000026,7.939999999999988e-12,5.386086725079705e-07,2.3207944168063906e-06,1e-05,1e-05,2.1544346900318823e-05,1e-06,1e-08,1e-05
124,7.194462692099818e-07,2.4999999999999994e-06,4.641588833612782e-06,1079999.9999999993,2.4999999999999992e-08,1e-07,28300000.000000026,3.6854215338885354e-13,5.386086725079705e-07,2.3207944168063906e-06,1e-05,1e-05,2.1544346900318823e-05,1e-06,1e-08,1e-05
125,7.194462692099818e-07,2.4999999999999994e-06,4.641588833612782e-06,1079999.9999999993,2.4999999999999992e-08,1e-07,28300000.000000026,3.6854215338885354e-13,5.386086725079705e-07,2.3207944168063906e-06,0.00021544346900318823,1e-05,2.1544346900318823e-05,1e-06,1e-08,1e-05
126,7.194462692099818e-07,2.4999999999999994e-06,4.641588833612782e-06,1079999.9999999993,5.386086725079705e-07,1e-07,28300000.000000026,3.6854215338885354e-13,5.386086725079705e-07,2.3207944168063906e-06,0.00021544346900318823,1e-05,2.1544346900318823e-05,1e-06,1e-08,1e-05
127,7.194462692099818e-07,2.4999999999999994e-06,4.641588833612782e-06,1079999.9999999993,5.386086725079705e-07,1e-07,28300000.000000026,3.6854215338885354e-13,5.386086725079705e-07,2.3207944168063906e-06,0.00021544346900318823,1e-05,2.1544346900318823e-05,1e-06,1e-08,0.00021544346900318823
128,7.194462692099818e-07,5.386086725079705e-07,4.641588833612782e-06,1079999.9999999993,5.386086725079705e-07,1e-07,28300000.000000026,3.6854215338885354e-13,5.386086725079705e-07,2.3207944168063906e-06,0.00021544346900318823,1e-05,2.1544346900318823e-05,1e-06,1e-08,0.00021544346900318823
129,7.194462692099818e-07,5.386086725079705e-07,4.641588833612782e-06,1079999.9999999993,5.386086725079705e-07,1e-07,28300000.000000026,3.6854215338885354e-13,5.386086725079705e-07,2.3207944168063906e-06,0.00021544346900318823,4.641588833612782e-07,2.1544346900318823e-05,1e-06,1e-08,0.00021544346900318823
130,7.194462692099818e-07,5.386086725079705e-07,4.641588833612782e-06,1079999.9999999993,5.386086725079705e-07,1e-07,28300000.000000026,3.6854215338885354e-13,2.4999999999999992e-08,2.3207944168063906e-06,0.00021544346900318823,4.641588833612782e-07,2.1544346900318823e-05,1e-06,1e-08,0.00021544346900318823
131,7.194462692099818e-07,5.386086725079705e-07,4.641588833612782e-06,23267894.65234436,5.386086725079705e-07,1e-07,28300000.000000026,3.6854215338885354e-13,2.4999999999999992e-08,2.3207944168063906e-06,0.00021544346900318823,4.641588833612782e-07,2.1544346900318823e-05,1e-06,1e-08,0.00021544346900318823
132,7.194462692099818e-07,5.386086725079705e-07,4.641588833612782e-06,23267894.65234436,5.386086725079705e-07,1e-07,28300000.000000026,3.6854215338885354e-13,2.4999999999999992e-08,4.9999999999999996e-05,0.00021544346900318823,4.641588833612782e-07,2.1544346900318823e-05,1e-06,1e-08,0.00021544346900318823
133,7.194462692099818e-07,5.386086725079705e-07,1e-06,23267894.65234436,5.386086725079705e-07,1e-07,28300000.000000026,3.6854215338885354e-13,2.4999999999999992e-08,4.9999999999999996e-05,0.00021544346900318823,4.641588833612782e-07,2.1544346900318823e-05,1e-06,1e-08,0.00021544346900318823
134,7.194462692099818e-07,5.386086725079705e-07,1e-06,23267894.65234436,5.386086725079705e-07,1e-07,28300000.000000026,3.6854215338885354e-13,2.4999999999999992e-08,4.9999999999999996e-05,0.00021544346900318823,4.641588833612782e-07,2.1544346900318823e-05,1e-06,4.6415888336127727e-10,0.00021544346900318823
135,7.194462692099818e-07,5.386086725079705e-07,1e-06,23267894.65234436,5.386086725079705e-07,1e-07,1313569.6399124186,3.6854215338885354e-13,2.4999999999999992e-08,4.9999999999999996e-05,0.00021544346900318823,4.641588833612782e-07,2.1544346900318823e-05,1e-06,4.6415888336127727e-10,0.00021544346900318823
136,3.33937376954942e-06,5.386086725079705e-07,2.1544346900318822e-06,23267894.65234436,2.4999999999999994e-06,1e-05,283000.0000000003,7.939999999999987e-14,2.4999999999999994e-06,4.9999999999999996e-05,1e-05,1e-05,0.0001,2.1544346900318823e-05,4.6415888336127727e-10,1e-05
137,3.33937376954942e-06,5.386086725079705e-07,1e-05,23267894.65234436,2.4999999999999994e-06,1e-05,283000.0000000003,7.939999999999987e-14,2.4999999999999994e-06,4.9999999999999996e-05,1e-05,1e-05,0.0001,2.1544346900318823e-05,4.6415888336127727e-10,1e-05
138,3.33937376954942e-06,5.386086725079705e-07,1e-05,23267894.65234436,2.4999999999999994e-06,1e-05,283000.0000000003,7.939999999999987e-14,2.4999999999999994e-06,4.9999999999999996e-05,1e-05,4.641588833612782e-07,0.0001,2.1544346900318823e-05,4.6415888336127727e-10,1e-05
139,3.33937376954942e-06,5.386086725079705e-07,1e-05,23267894.65234436,2.4999999999999994e-06,1e-05,283000.0000000003,7.939999999999987e-14,2.4999999999999994e-06,4.9999999999999996e-05,1e-05,4.641588833612782e-07,0.0001,2.1544346900318823e-05,1e-08,1e-05
140,3.33937376954942e-06,5.386086725079705e-07,1e-05,23267894.65234436,1.1603972084031953e-07,1e-05,283000.0000000003,7.939999999999987e-14,2.4999999999999994e-06,4.9999999999999996e-05,1e-05,4.641588833612782e-07,0.0001,2.1544346900318823e-05,1e-08,1e-05
141,3.33937376954942e-06,2.4999999999999994e-06,1e-05,23267894.65234436,1.1603972084031953e-07,1e-05,283000.0000000003,7.939999999999987e-14,2.4999999999999994e-06,4.9999999999999996e-05,1e-05,4.641588833612782e-07,0.0001,2.1544346900318823e-05,1e-08,1e-05
142,3.33937376954942e-06,2.4999999999999994e-06,1e-05,23267894.65234436,1.1603972084031953e-07,1e-05,283000.0000000003,7.939999999999987e-14,2.4999999999999994e-06,4.9999999999999996e-05,1e-05,4.641588833612782e-07,0.0001,2.1544346900318823e-05,1e-08,0.00021544346900318823
143,3.33937376954942e-06,2.4999999999999994e-06,1e-05,23267894.65234436,1.1603972084031953e-07,1e-05,6097050.172790233,7.939999999999987e-14,2.4999999999999994e-06,4.9999999999999996e-05,1e-05,4.641588833612782e-07,0.0001,2.1544346900318823e-05,1e-08,0.00021544346900318823
144,3.33937376954942e-06,2.4999999999999994e-06,1e-05,23267894.65234436,1.1603972084031953e-07,1e-05,6097050.172790233,7.939999999999987e-14,1.1603972084031953e-07,4.9999999999999996e-05,1e-05,4.641588833612782e-07,0.0001,2.1544346900318823e-05,1e-08,0.00021544346900318823
145,3.33937376954942e-06,2.4999999999999994e-06,1e-05,23267894.65234436,1.1603972084031953e-07,1e-05,6097050.172790233,7.939999999999987e-14,1.1603972084031953e-07,4.9999999999999996e-05,0.00021544346900318823,4.641588833612782e-07,0.0001,2.1544346900318823e-05,1e-08,0.00021544346900318823
146,3.33937376954942e-06,2.4999999999999994e-06,1e-05,1079999.9999999993,1.1603972084031953e-07,1e-05,6097050.172790233,7.939999999999987e-14,1.1603972084031953e-07,4.9999999999999996e-05,0.00021544346900318823,4.641588833612782e-07,0.0001,2.1544346900318823e-05,1e-08,0.00021544346900318823
147,3.33937376954942e-06,2.4999999999999994e-06,1e-05,1079999.9999999993,1.1603972084031953e-07,1e-05,6097050.172790233,1.7106211438853152e-12,1.1603972084031953e-07,4.9999999999999996e-05,0.00021544346900318823,4.641588833612782e-07,0.0001,2.1544346900318823e-05,1e-08,0.00021544346900318823
148,3.33937376954942e-06,2.4999999999999994e-06,1e-05,1079999.9999999993,1.1603972084031953e-07,1e-05,6097050.172790233,1.7106211438853152e-12,1.1603972084031953e-07,2.3207944168063906e-06,0.00021544346900318823,4.641588833612782e-07,0.0001,2.1544346900318823e-05,1e-08,0.00021544346900318823
149,3.33937376954942e-06,2.4999999999999994e-06,1e-05,1079999.9999999993,1.1603972084031953e-07,4.641588833612782e-07,6097050.172790233,1.7106211438853152e-12,1.1603972084031953e-07,2.3207944168063906e-06,0.00021544346900318823,4.641588833612782e-07,0.0001,2.1544346900318823e-05,1e-08,0.00021544346900318823
150,3.33937376954942e-06,2.4999999999999994e-06,1e-05,1079999.9999999993,1.1603972084031953e-07,4.641588833612782e-07,6097050.172790233,1.7106211438853152e-12,1.1603972084031953e-07,2.3207944168063906e-06,0.00021544346900318823,4.641588833612782e-07,4.641588833612782e-06,2.1544346900318823e-05,1e-08,0.00021544346900318823
151,3.33937376954942e-06,2.4999999999999994e-06,1e-05,1079999.9999999993,1.1603972084031953e-07,4.641588833612782e-07,6097050.172790233,1.7106211438853152e-12,1.1603972084031953e-07,2.3207944168063906e-06,0.00021544346900318823,4.641588833612782e-07,4.641588833612782e-06,1e-06,1e-08,0.00021544346900318823
152,1.5500000000000013e-07,2.4999999999999994e-06,1e-05,1079999.9999999993,1.1603972084031953e-07,4.641588833612782e-07,6097050.172790233,1.7106211438853152e-12,1.1603972084031953e-07,2.3207944168063906e-06,0.00021544346900318823,4.641588833612782e-07,4.641588833612782e-06,1e-06,1e-08,0.00021544346900318823
153,1.5500000000000013e-07,2.4999999999999994e-06,1e-06,23267894.65234436,2.4999999999999994e-06,1e-05,1313569.6399124186,7.939999999999987e-14,2.4999999999999992e-08,2.3207944168063906e-06,1e-05,1e-07,1e-06,0.0001,1e-08,0.001
154,1.5500000000000013e-07,2.4999999999999994e-06,4.641588833612782e-06,23267894.65234436,2.4999999999999994e-06,1e-05,1313569.6399124186,7.939999999999987e-14,2.4999999999999992e-08,2.3207944168063906e-06,1e-05,1e-07,1e-06,0.0001,1e-08,0.001
155,1.5500000000000013e-07,2.4999999999999994e-06,4.641588833612782e-06,23267894.65234436,2.4999999999999994e-06,1e-05,1313569.6399124186,7.939999999999987e-14,2.4999999999999992e-08,2.3207944168063906e-06,1e-05,1e-07,1e-06,0.0001,1e-08,4.641588833612782e-05
156,1.5500000000000013e-07,2.4999999999999994e-06,4.641588833612782e-06,23267894.65234436,2.4999999999999994e-06,1e-05,1313569.6399124186,7.939999999999987e-14,2.4999999999999992e-08,2.3207944168063906e-06,0.00021544346900318823,1e-07,1e-06,0.0001,1e-08,4.641588833612782e-05
157,1.5500000000000013e-07,2.4999999999999994e-06,4.641588833612782e-06,23267894.65234436,2.4999999999999994e-06,1e-05,1313569.6399124186,7.939999999999987e-14,2.4999999999999992e-08,2.3207944168063906e-06,0.00021544346900318823,1e-07,1e-06,4.641588833612782e-06,1e-08,4.641588833612782e-05
158,1.5500000000000013e-07,5.386086725079705e-07,4.641588833612782e-06,23267894.65234436,2.4999999999999994e-06,1e-05,1313569.6399124186,7.939999999999987e-14,2.4999999999999992e-08,2.3207944168063906e-06,0.00021544346900318823,1e-07,1e-06,4.641588833612782e-06,1e-08,4.641588833612782e-05
159,1.5500000000000013e-07,5.386086725079705e-07,4.641588833612782e-06,23267894.65234436,2.4999999999999994e-06,1e-05,1313569.6399124186,7.939999999999987e-14,5.386086725079705e-07,2.3207944168063906e-06,0.00021544346900318823,1e-07,1e-06,4.641588833612782e-06,1e-08,4.641588833612782e-05
160,1.5500000000000013e-07,5.386086725079705e-07,4.641588833612782e-06,23267894.65234436,2.4999999999999994e-06,1e-05,1313569.6399124186,7.939999999999987e-14,5.386086725079705e-07,2.3207944168063906e-06,0.00021544346900318823,1e-07,1e-06,4.641588833612782e-06,4.6415888336127727e-10,4.641588833612782e-05
161,1.5500000000000013e-07,5.386086725079705e-07,4.641588833612782e-06,23267894.65234436,2.4999999999999994e-06,4.641588833612782e-07,1313569.6399124186,7.939999999999987e-14,5.386086725079705e-07,2.3207944168063906e-06,0.00021544346900318823,1e-07,1e-06,4.641588833612782e-06,4.6415888336127727e-10,4.641588833612782e-05
162,1.5500000000000013e-07,5.386086725079705e-07,4.641588833612782e-06,23267894.65234436,2.4999999999999994e-06,4.641588833612782e-07,28300000.000000026,7.939999999999987e-14,5.386086725079705e-07,2.3207944168063906e-06,0.00021544346900318823,1e-07,1e-06,4.641588833612782e-06,4.6415888336127727e-10,4.641588833612782e-05
163,1.5500000000000013e-07,5.386086725079705e-07,4.641588833612782e-06,23267894.65234436,2.4999999999999994e-06,4.641588833612782e-07,28300000.000000026,7.939999999999987e-14,5.386086725079705e-07,2.3207944168063906e-06,0.00021544346900318823,1e-07,2.1544346900318823e-05,4.641588833612782e-06,4.6415888336127727e-10,4.641588833612782e-05
164,1.5500000000000013e-07,5.386086725079705e-07,4.641588833612782e-06,23267894.65234436,2.4999999999999994e-06,4.641588833612782e-07,28300000.000000026,7.939999999999987e-14,5.386086725079705e-07,2.3207944168063906e-06,0.00021544346900318823,2.1544346900318822e-06,2.1544346900318823e-05,4.641588833612782e-06,4.6415888336127727e-10,4.641588833612782e-05
165,1.5500000000000013e-07,5.386086725079705e-07,4.641588833612782e-06,23267894.65234436,2.4999999999999994e-06,4.641588833612782e-07,28300000.000000026,7.939999999999987e-14,5.386086725079705e-07,4.9999999999999996e-05,0.00021544346900318823,2.1544346900318822e-06,2.1544346900318823e-05,4.641588833612782e-06,4.6415888336127727e-10,4.641588833612782e-05
166,1.5500000000000013e-07,5.386086725079705e-07,4.641588833612782e-06,23267894.65234436,2.4999999999999994e-06,4.641588833612782e-07,28300000.000000026,1.7106211438853152e-12,5.386086725079705e-07,4.9999999999999996e-05,0.00021544346900318823,2.1544346900318822e-06,2.1544346900318823e-05,4.641588833612782e-06,4.6415888336127727e-10,4.641588833612782e-05
167,1.5500000000000013e-07,5.386086725079705e-07,4.641588833612782e-06,23267894.65234436,1.1603972084031953e-07,4.641588833612782e-07,28300000.000000026,1.7106211438853152e-12,5.386086725079705e-07,4.9999999999999996e-05,0.00021544346900318823,2.1544346900318822e-06,2.1544346900318823e-05,4.641588833612782e-06,4.6415888336127727e-10,4.641588833612782e-05
168,3.33937376954942e-06,5.386086725079705e-07,4.641588833612782e-06,23267894.65234436,1.1603972084031953e-07,4.641588833612782e-07,28300000.000000026,1.7106211438853152e-12,5.386086725079705e-07,4.9999999999999996e-05,0.00021544346900318823,2.1544346900318822e-06,2.1544346900318823e-05,4.641588833612782e-06,4.6415888336127727e-10,4.641588833612782e-05
169,3.33937376954942e-06,5.386086725079705e-07,4.641588833612782e-06,1079999.9999999993,1.1603972084031953e-07,4.641588833612782e-07,28300000.000000026,1.7106211438853152e-12,5.386086725079705e-07,4.9999999999999996e-05,0.00021544346900318823,2.1544346900318822e-06,2.1544346900318823e-05,4.641588833612782e-06,4.6415888336127727e-10,4.641588833612782e-05
170,1.5500000000000013e-07,2.4999999999999994e-07,1e-05,108000000.00000015,2.4999999999999994e-06,4.641588833612782e-07,6097050.172790233,7.939999999999988e-12,5.386086725079705e-07,2.3207944168063906e-06,0.001,4.641588833612782e-07,0.0001,0.0001,1e-08,4.641588833612782e-05
171,1.5500000000000013e-07,2.4999999999999994e-07,1e-05,108000000.00000015,2.4999999999999994e-06,4.641588833612782e-07,283000.0000000003,7.939999999999988e-12,5.386086725079705e-07,2.3207944168063906e-06,0.001,4.641588833612782e-07,0.0001,0.0001,1e-08,4.641588833612782e-05
172,1.5500000000000013e-07,2.4999999999999994e-07,1e-05,108000000.00000015,2.4999999999999994e-06,4.641588833612782e-07,283000.0000000003,7.939999999999988e-12,5.386086725079705e-07,2.3207944168063906e-06,0.001,4.641588833612782e-07,4.641588833612782e-06,0.0001,1e-08,4.641588833612782e-05
173,1.5500000000000013e-07,2.4999999999999994e-07,1e-05,108000000.00000015,2.4999999999999994e-06,1e-05,283000.0000000003,7.939999999999988e-12,5.386086725079705e-07,2.3207944168063906e-06,0.001,4.641588833612782e-07,4.641588833612782e-06,0.0001,1e-08,4.641588833612782e-05
174,1.5500000000000013e-07,2.4999999999999994e-07,1e-05,108000000.00000015,1.1603972084031953e-07,1e-05,283000.0000000003,7.939999999999988e-12,5.386086725079705e-07,2.3207944168063906e-06,0.001,4.641588833612782e-07,4.641588833612782e-06,0.0001,1e-08,4.641588833612782e-05
175,1.5500000000000013e-07,1.1603972084031953e-06,1e-05,108000000.00000015,1.1603972084031953e-07,1e-05,283000.0000000003,7.939999999999988e-12,5.386086725079705e-07,2.3207944168063906e-06,0.001,4.641588833612782e-07,4.641588833612782e-06,0.0001,1e-08,4.641588833612782e-05
176,1.5500000000000013e-07,1.1603972084031953e-06,1e-05,108000000.00000015,1.1603972084031953e-07,1e-05,283000.0000000003,7.939999999999988e-12,5.386086725079705e-07,2.3207944168063906e-06,0.001,4.641588833612782e-07,4.641588833612782e-06,0.0001,1e-08,0.001
177,1.5500000000000013e-07,1.1603972084031953e-06,1e-05,108000000.00000015,1.1603972084031953e-07,1e-05,283000.0000000003,3.6854215338885354e-13,5.386086725079705e-07,2.3207944168063906e-06,0.001,4.641588833612782e-07,4.641588833612782e-06,0.0001,1e-08,0.001
178,1.5500000000000013e-07,1.1603972084031953e-06,1e-05,108000000.00000015,1.1603972084031953e-07,1e-05,283000.0000000003,3.6854215338885354e-13,2.4999999999999992e-08,2.3207944168063906e-06,0.001,4.641588833612782e-07,4.641588833612782e-06,0.0001,1e-08,0.001
179,1.5500000000000013e-07,1.1603972084031953e-06,1e-05,108000000.00000015,1.1603972084031953e-07,1e-05,283000.0000000003,3.6854215338885354e-13,2.4999999999999992e-08,2.3207944168063906e-06,4.641588833612782e-05,4.641588833612782e-07,4.641588833612782e-06,0.0001,1e-08,0.001
180,1.5500000000000013e-07,1.1603972084031953e-06,1e-05,108000000.00000015,1.1603972084031953e-07,1e-05,283000.0000000003,3.6854215338885354e-13,2.4999999999999992e-08,4.9999999999999996e-05,4.641588833612782e-05,4.641588833612782e-07,4.641588833612782e-06,0.0001,1e-08,0.001
181,3.33937376954942e-06,1.1603972084031953e-06,1e-05,108000000.00000015,1.1603972084031953e-07,1e-05,283000.0000000003,3.6854215338885354e-13,2.4999999999999992e-08,4.9999999999999996e-05,4.641588833612782e-05,4.641588833612782e-07,4.641588833612782e-06,0.0001,1e-08,0.001
182,3.33937376954942e-06,1.1603972084031953e-06,1e-05,5012915.940301801,1.1603972084031953e-07,1e-05,283000.0000000003,3.6854215338885354e-13,2.4999999999999992e-08,4.9999999999999996e-05,4.641588833612782e-05,4.641588833612782e-07,4.641588833612782e-06,0.0001,1e-08,0.001
183,3.33937376954942e-06,1.1603972084031953e-06,1e-05,5012915.940301801,1.1603972084031953e-07,1e-05,283000.0000000003,3.6854215338885354e-13,2.4999999999999992e-08,4.9999999999999996e-05,4.641588833612782e-05,1e-05,4.641588833612782e-06,0.0001,1e-08,0.001
184,3.33937376954942e-06,1.1603972084031953e-06,2.1544346900318822e-06,5012915.940301801,1.1603972084031953e-07,1e-05,283000.0000000003,3.6854215338885354e-13,2.4999999999999992e-08,4.9999999999999996e-05,4.641588833612782e-05,1e-05,4.641588833612782e-06,0.0001,1e-08,0.001
185,3.33937376954942e-06,1.1603972084031953e-06,2.1544346900318822e-06,5012915.940301801,1.1603972084031953e-07,1e-05,283000.0000000003,3.6854215338885354e-13,2.4999999999999992e-08,4.9999999999999996e-05,4.641588833612782e-05,1e-05,4.641588833612782e-06,0.0001,4.6415888336127727e-10,0.001
186,3.33937376954942e-06,1.1603972084031953e-06,2.1544346900318822e-06,5012915.940301801,1.1603972084031953e-07,1e-05,283000.0000000003,3.6854215338885354e-13,2.4999999999999992e-08,4.9999999999999996e-05,4.641588833612782e-05,1e-05,4.641588833612782e-06,4.641588833612782e-06,4.6415888336127727e-10,0.001
187,1.5500000000000013e-07,2.4999999999999994e-06,1e-05,5012915.940301801,2.4999999999999994e-06,1e-05,28300000.000000026,3.6854215338885354e-13,1.1603972084031953e-07,1.077217345015941e-05,4.641588833612782e-05,4.641588833612782e-07,1e-06,4.641588833612782e-06,1e-08,4.641588833612782e-05
188,1.5500000000000013e-07,2.4999999999999994e-06,1e-05,5012915.940301801,2.4999999999999994e-06,1e-05,1313569.6399124186,3.6854215338885354e-13,1.1603972084031953e-07,1.077217345015941e-05,4.641588833612782e-05,4.641588833612782e-07,1e-06,4.641588833612782e-06,1e-08,4.641588833612782e-05
189,1.5500000000000013e-07,2.4999999999999994e-06,1e-05,5012915.940301801,2.4999999999999994e-06,1e-05,1313569.6399124186,3.6854215338885354e-13,1.1603972084031953e-07,1.077217345015941e-05,4.641588833612782e-05,4.641588833612782e-07,1e-06,4.641588833612782e-06,1e-08,0.001
190,1.5500000000000013e-07,2.4999999999999994e-06,1e-05,5012915.940301801,2.4999999999999994e-06,1e-05,1313569.6399124186,3.6854215338885354e-13,1.1603972084031953e-07,5e-07,4.641588833612782e-05,4.641588833612782e-07,1e-06,4.641588833612782e-06,1e-08,0.001
191,3.33937376954942e-06,2.4999999999999994e-06,1e-05,5012915.940301801,2.4999999999999994e-06,1e-05,1313569.6399124186,3.6854215338885354e-13,1.1603972084031953e-07,5e-07,4.641588833612782e-05,4.641588833612782e-07,1e-06,4.641588833612782e-06,1e-08,0.001
192,3.33937376954942e-06,2.4999999999999994e-06,1e-05,108000000.00000015,2.4999999999999994e-06,1e-05,1313569.6399124186,3.6854215338885354e-13,1.1603972084031953e-07,5e-07,4.641588833612782e-05,4.641588833612782e-07,1e-06,4.641588833612782e-06,1e-08,0.001
193,3.33937376954942e-06,2.4999999999999994e-06,1e-05,108000000.00000015,2.4999999999999994e-06,1e-05,1313569.6399124186,3.6854215338885354e-13,1.1603972084031953e-07,5e-07,4.641588833612782e-05,4.641588833612782e-07,1e-06,0.0001,1e-08,0.001
194,3.33937376954942e-06,2.4999999999999994e-06,1e-05,108000000.00000015,2.4999999999999994e-06,1e-05,1313569.6399124186,3.6854215338885354e-13,1.1603972084031953e-07,5e-07,4.641588833612782e-05,1e-05,1e-06,0.0001,1e-08,0.001
195,3.33937376954942e-06,2.4999999999999994e-06,1e-05,108000000.00000015,2.4999999999999994e-06,4.641588833612782e-07,1313569.6399124186,3.6854215338885354e-13,1.1603972084031953e-07,5e-07,4.641588833612782e-05,1e-05,1e-06,0.0001,1e-08,0.001
196,3.33937376954942e-06,2.4999999999999994e-06,1e-05,108000000.00000015,2.4999999999999994e-06,4.641588833612782e-07,1313569.6399124186,3.6854215338885354e-13,1.1603972084031953e-07,5e-07,0.001,1e-05,1e-06,0.0001,1e-08,0.001
197,3.33937376954942e-06,2.4999999999999994e-06,1e-05,108000000.00000015,2.4999999999999994e-06,4.641588833612782e-07,1313569.6399124186,7.939999999999988e-12,1.1603972084031953e-07,5e-07,0.001,1e-05,1e-06,0.0001,1e-08,0.001
198,3.33937376954942e-06,2.4999999999999994e-06,1e-05,108000000.00000015,1.1603972084031953e-07,4.641588833612782e-07,1313569.6399124186,7.939999999999988e-12,1.1603972084031953e-07,5e-07,0.001,1e-05,1e-06,0.0001,1e-08,0.001
199,3.33937376954942e-06,2.4999999999999994e-06,1e-05,108000000.00000015,1.1603972084031953e-07,4.641588833612782e-07,1313569.6399124186,7.939999999999988e-12,1.1603972084031953e-07,5e-07,0.001,1e-05,2.1544346900318823e-05,0.0001,1e-08,0.001
200,3.33937376954942e-06,2.4999999999999994e-06,2.1544346900318822e-06,108000000.00000015,1.1603972084031953e-07,4.641588833612782e-07,1313569.6399124186,7.939999999999988e-12,1.1603972084031953e-07,5e-07,0.001,1e-05,2.1544346900318823e-05,0.0001,1e-08,0.001
201,3.33937376954942e-06,2.4999999999999994e-06,2.1544346900318822e-06,108000000.00000015,1.1603972084031953e-07,4.641588833612782e-07,1313569.6399124186,7.939999999999988e-12,2.4999999999999994e-06,5e-07,0.001,1e-05,2.1544346900318823e-05,0.0001,1e-08,0.001
202,3.33937376954942e-06,5.386086725079705e-07,2.1544346900318822e-06,108000000.00000015,1.1603972084031953e-07,4.641588833612782e-07,1313569.6399124186,7.939999999999988e-12,2.4999999999999994e-06,5e-07,0.001,1e-05,2.1544346900318823e-05,0.0001,1e-08,0.001
203,3.33937376954942e-06,5.386086725079705e-07,2.1544346900318822e-06,108000000.00000015,1.1603972084031953e-07,4.641588833612782e-07,1313569.6399124186,7.939999999999988e-12,2.4999999999999994e-06,5e-07,0.001,1e-05,2.1544346900318823e-05,0.0001,4.6415888336127727e-10,0.001
204,3.33937376954942e-06,2.4999999999999994e-07,1e-05,108000000.00000015,2.4999999999999994e-06,2.1544346900318822e-06,1313569.6399124186,1.7106211438853152e-12,2.4999999999999994e-06,2.3207944168063906e-06,4.641588833612782e-05,4.641588833612782e-07,4.641588833612782e-06,1e-06,2.1544346900318866e-09,1e-05
205,3.33937376954942e-06,2.4999999999999994e-07,1e-05,108000000.00000015,1.1603972084031953e-07,2.1544346900318822e-06,1313569.6399124186,1.7106211438853152e-12,2.4999999999999994e-06,2.3207944168063906e-06,4.641588833612782e-05,4.641588833612782e-07,4.641588833612782e-06,1e-06,2.1544346900318866e-09,1e-05
206,3.33937376954942e-06,2.4999999999999994e-07,1e-05,108000000.00000015,1.1603972084031953e-07,2.1544346900318822e-06,28300000.000000026,1.7106211438853152e-12,2.4999999999999994e-06,2.3207944168063906e-06,4.641588833612782e-05,4.641588833612782e-07,4.641588833612782e-06,1e-06,2.1544346900318866e-09,1e-05
207,3.33937376954942e-06,2.4999999999999994e-07,1e-05,108000000.00000015,1.1603972084031953e-07,2.1544346900318822e-06,28300000.000000026,1.7106211438853152e-12,2.4999999999999994e-06,4.9999999999999996e-05,4.641588833612782e-05,4.641588833612782e-07,4.641588833612782e-06,1e-06,2.1544346900318866e-09,1e-05
208,3.33937376954942e-06,2.4999999999999994e-07,1e-05,108000000.00000015,1.1603972084031953e-07,2.1544346900318822e-06,28300000.000000026,7.939999999999987e-14,2.4999999999999994e-06,4.9999999999999996e-05,4.641588833612782e-05,4.641588833612782e-07,4.641588833612782e-06,1e-06,2.1544346900318866e-09,1e-05
209,3.33937376954942e-06,2.4999999999999994e-07,1e-05,108000000.00000015,1.1603972084031953e-07,1e-07,28300000.000000026,7.939999999999987e-14,2.4999999999999994e-06,4.9999999999999996e-05,4.641588833612782e-05,4.641588833612782e-07,4.641588833612782e-06,1e-06,2.1544346900318866e-09,1e-05
210,3.33937376954942e-06,2.4999999999999994e-07,1e-05,108000000.00000015,1.1603972084031953e-07,1e-07,28300000.000000026,7.939999999999987e-14,2.4999999999999994e-06,4.9999999999999996e-05,4.641588833612782e-05,1e-05,4.641588833612782e-06,1e-06,2.1544346900318866e-09,1e-05
211,3.33937376954942e-06,2.4999999999999994e-07,2.1544346900318822e-06,108000000.00000015,1.1603972084031953e-07,1e-07,28300000.000000026,7.939999999999987e-14,2.4999999999999994e-06,4.9999999999999996e-05,4.641588833612782e-05,1e-05,4.641588833612782e-06,1e-06,2.1544346900318866e-09,1e-05
212,3.33937376954942e-06,2.4999999999999994e-07,2.1544346900318822e-06,108000000.00000015,1.1603972084031953e-07,1e-07,28300000.000000026,7.939999999999987e-14,2.4999999999999994e-06,4.9999999999999996e-05,4.641588833612782e-05,1e-05,4.641588833612782e-06,2.1544346900318823e-05,2.1544346900318866e-09,1e-05
213,3.33937376954942e-06,2.4999999999999994e-07,2.1544346900318822e-06,5012915.940301801,1.1603972084031953e-07,1e-07,28300000.000000026,7.939999999999987e-14,2.4999999999999994e-06,4.9999999999999996e-05,4.641588833612782e-05,1e-05,4.641588833612782e-06,2.1544346900318823e-05,2.1544346900318866e-09,1e-05
214,3.33937376954942e-06,2.4999999999999994e-07,2.1544346900318822e-06,5012915.940301801,1.1603972084031953e-07,1e-07,28300000.000000026,7.939999999999987e-14,1.1603972084031953e-07,4.9999999999999996e-05,4.641588833612782e-05,1e-05,4.641588833612782e-06,2.1544346900318823e-05,2.1544346900318866e-09,1e-05
215,1.5500000000000013e-07,2.4999999999999994e-07,2.1544346900318822e-06,5012915.940301801,1.1603972084031953e-07,1e-07,28300000.000000026,7.939999999999987e-14,1.1603972084031953e-07,4.9999999999999996e-05,4.641588833612782e-05,1e-05,4.641588833612782e-06,2.1544346900318823e-05,2.1544346900318866e-09,1e-05
216,1.5500000000000013e-07,2.4999999999999994e-07,2.1544346900318822e-06,5012915.940301801,1.1603972084031953e-07,1e-07,28300000.000000026,7.939999999999987e-14,1.1603972084031953e-07,4.9999999999999996e-05,4.641588833612782e-05,1e-05,4.641588833612782e-06,2.1544346900318823e-05,1e-10,1e-05
217,1.5500000000000013e-07,1.1603972084031953e-06,2.1544346900318822e-06,5012915.940301801,1.1603972084031953e-07,1e-07,28300000.000000026,7.939999999999987e-14,1.1603972084031953e-07,4.9999999999999996e-05,4.641588833612782e-05,1e-05,4.641588833612782e-06,2.1544346900318823e-05,1e-10,1e-05
218,1.5500000000000013e-07,1.1603972084031953e-06,2.1544346900318822e-06,5012915.940301801,1.1603972084031953e-07,1e-07,28300000.000000026,7.939999999999987e-14,1.1603972084031953e-07,4.9999999999999996e-05,4.641588833612782e-05,1e-05,0.0001,2.1544346900318823e-05,1e-10,1e-05
219,1.5500000000000013e-07,1.1603972084031953e-06,2.1544346900318822e-06,5012915.940301801,1.1603972084031953e-07,1e-07,28300000.000000026,7.939999999999987e-14,1.1603972084031953e-07,4.9999999999999996e-05,0.001,1e-05,0.0001,2.1544346900318823e-05,1e-10,1e-05
220,1.5500000000000013e-07,1.1603972084031953e-06,2.1544346900318822e-06,5012915.940301801,1.1603972084031953e-07,1e-07,28300000.000000026,7.939999999999987e-14,1.1603972084031953e-07,4.9999999999999996e-05,0.001,1e-05,0.0001,2.1544346900318823e-05,1e-10,0.00021544346900318823
221,7.194462692099818e-07,2.4999999999999994e-06,1e-06,1079999.9999999993,1.1603972084031953e-07,1e-05,283000.0000000003,7.939999999999987e-14,2.4999999999999994e-06,2.3207944168063906e-06,0.00021544346900318823,1e-07,2.1544346900318823e-05,4.641588833612782e-06,1e-10,4.641588833612782e-05
222,7.194462692099818e-07,2.4999999999999994e-06,1e-06,23267894.65234436,1.1603972084031953e-07,1e-05,283000.0000000003,7.939999999999987e-14,2.4999999999999994e-06,2.3207944168063906e-06,0.00021544346900318823,1e-07,2.1544346900318823e-05,4.641588833612782e-06,1e-10,4.641588833612782e-05
223,7.194462692099818e-07,2.4999999999999994e-06,1e-06,23267894.65234436,1.1603972084031953e-07,1e-05,283000.0000000003,7.939999999999987e-14,2.4999999999999994e-06,2.3207944168063906e-06,1e-05,1e-07,2.1544346900318823e-05,4.641588833612782e-06,1e-10,4.641588833612782e-05
224,7.194462692099818e-07,2.4999999999999994e-06,1e-06,23267894.65234436,1.1603972084031953e-07,1e-05,283000.0000000003,7.939999999999987e-14,2.4999999999999994e-06,2.3207944168063906e-06,1e-05,1e-07,2.1544346900318823e-05,4.641588833612782e-06,1e-10,0.001
225,1.550000000000001e-05,2.4999999999999994e-06,1e-06,23267894.65234436,1.1603972084031953e-07,1e-05,283000.0000000003,7.939999999999987e-14,2.4999999999999994e-06,2.3207944168063906e-06,1e-05,1e-07,2.1544346900318823e-05,4.641588833612782e-06,1e-10,0.001
226,1.550000000000001e-05,2.4999999999999994e-06,1e-06,23267894.65234436,1.1603972084031953e-07,1e-05,283000.0000000003,7.939999999999987e-14,2.4999999999999994e-06,2.3207944168063906e-06,1e-05,1e-07,2.1544346900318823e-05,0.0001,1e-10,0.001
227,1.550000000000001e-05,2.4999999999999994e-06,1e-06,23267894.65234436,1.1603972084031953e-07,1e-05,283000.0000000003,1.7106211438853152e-12,2.4999999999999994e-06,2.3207944168063906e-06,1e-05,1e-07,2.1544346900318823e-05,0.0001,1e-10,0.001
228,1.550000000000001e-05,2.4999999999999994e-06,1e-06,23267894.65234436,2.4999999999999994e-06,1e-05,283000.0000000003,1.7106211438853152e-12,2.4999999999999994e-06,2.3207944168063906e-06,1e-05,1e-07,2.1544346900318823e-05,0.0001,1e-10,0.001
229,1.550000000000001e-05,2.4999999999999994e-06,4.641588833612782e-06,23267894.65234436,2.4999999999999994e-06,1e-05,283000.0000000003,1.7106211438853152e-12,2.4999999999999994e-06,2.3207944168063906e-06,1e-05,1e-07,2.1544346900318823e-05,0.0001,1e-10,0.001
230,1.550000000000001e-05,2.4999999999999994e-06,4.641588833612782e-06,23267894.65234436,2.4999999999999994e-06,1e-05,283000.0000000003,1.7106211438853152e-12,2.4999999999999994e-06,2.3207944168063906e-06,1e-05,2.1544346900318822e-06,2.1544346900318823e-05,0.0001,1e-10,0.001
231,1.550000000000001e-05,2.4999999999999994e-06,4.641588833612782e-06,23267894.65234436,2.4999999999999994e-06,1e-05,283000.0000000003,1.7106211438853152e-12,2.4999999999999994e-06,4.9999999999999996e-05,1e-05,2.1544346900318822e-06,2.1544346900318823e-05,0.0001,1e-10,0.001
232,1.550000000000001e-05,5.386086725079705e-07,4.641588833612782e-06,23267894.65234436,2.4999999999999994e-06,1e-05,283000.0000000003,1.7106211438853152e-12,2.4999999999999994e-06,4.9999999999999996e-05,1e-05,2.1544346900318822e-06,2.1544346900318823e-05,0.0001,1e-10,0.001
233,1.550000000000001e-05,5.386086725079705e-07,4.641588833612782e-06,23267894.65234436,2.4999999999999994e-06,4.641588833612782e-07,283000.0000000003,1.7106211438853152e-12,2.4999999999999994e-06,4.9999999999999996e-05,1e-05,2.1544346900318822e-06,2.1544346900318823e-05,0.0001,1e-10,0.001
234,1.550000000000001e-05,5.386086725079705e-07,4.641588833612782e-06,23267894.65234436,2.4999999999999994e-06,4.641588833612782e-07,283000.0000000003,1.7106211438853152e-12,2.4999999999999994e-06,4.9999999999999996e-05,1e-05,2.1544346900318822e-06,1e-06,0.0001,1e-10,0.001
235,1.550000000000001e-05,5.386086725079705e-07,4.641588833612782e-06,23267894.65234436,2.4999999999999994e-06,4.641588833612782e-07,283000.0000000003,1.7106211438853152e-12,1.1603972084031953e-07,4.9999999999999996e-05,1e-05,2.1544346900318822e-06,1e-06,0.0001,1e-10,0.001
236,1.550000000000001e-05,5.386086725079705e-07,4.641588833612782e-06,23267894.65234436,2.4999999999999994e-06,4.641588833612782e-07,6097050.172790233,1.7106211438853152e-12,1.1603972084031953e-07,4.9999999999999996e-05,1e-05,2.1544346900318822e-06,1e-06,0.0001,1e-10,0.001
237,1.550000000000001e-05,5.386086725079705e-07,4.641588833612782e-06,23267894.65234436,2.4999999999999994e-06,4.641588833612782e-07,6097050.172790233,1.7106211438853152e-12,1.1603972084031953e-07,4.9999999999999996e-05,1e-05,2.1544346900318822e-06,1e-06,0.0001,2.1544346900318866e-09,0.001
238,3.33937376954942e-06,2.4999999999999994e-07,1e-06,108000000.00000015,2.4999999999999992e-08,1e-07,28300000.000000026,3.6854215338885354e-13,2.4999999999999992e-08,2.3207944168063906e-06,1e-05,1e-07,0.0001,1e-06,1e-08,4.641588833612782e-05
239,3.33937376954942e-06,2.4999999999999994e-07,1e-06,108000000.00000015,2.4999999999999992e-08,1e-07,28300000.000000026,3.6854215338885354e-13,2.4999999999999992e-08,2.3207944168063906e-06,1e-05,1e-07,0.0001,1e-06,4.6415888336127727e-10,4.641588833612782e-05
240,3.33937376954942e-06,2.4999999999999994e-07,1e-06,108000000.00000015,2.4999999999999992e-08,1e-07,28300000.000000026,3.6854215338885354e-13,2.4999999999999992e-08,2.3207944168063906e-06,1e-05,1e-07,4.641588833612782e-06,1e-06,4.6415888336127727e-10,4.641588833612782e-05
241,3.33937376954942e-06,2.4999999999999994e-07,4.641588833612782e-06,108000000.00000015,2.4999999999999992e-08,1e-07,28300000.000000026,3.6854215338885354e-13,2.4999999999999992e-08,2.3207944168063906e-06,1e-05,1e-07,4.641588833612782e-06,1e-06,4.6415888336127727e-10,4.641588833612782e-05
242,3.33937376954942e-06,1.1603972084031953e-06,4.641588833612782e-06,108000000.00000015,2.4999999999999992e-08,1e-07,28300000.000000026,3.6854215338885354e-13,2.4999999999999992e-08,2.3207944168063906e-06,1e-05,1e-07,4.641588833612782e-06,1e-06,4.6415888336127727e-10,4.641588833612782e-05
243,1.5500000000000013e-07,1.1603972084031953e-06,4.641588833612782e-06,108000000.00000015,2.4999999999999992e-08,1e-07,28300000.000000026,3.6854215338885354e-13,2.4999999999999992e-08,2.3207944168063906e-06,1e-05,1e-07,4.641588833612782e-06,1e-06,4.6415888336127727e-10,4.641588833612782e-05
244,1.5500000000000013e-07,1.1603972084031953e-06,4.641588833612782e-06,108000000.00000015,2.4999999999999992e-08,1e-07,28300000.000000026,3.6854215338885354e-13,2.4999999999999992e-08,2.3207944168063906e-06,1e-05,1e-07,4.641588833612782e-06,2.1544346900318823e-05,4.6415888336127727e-10,4.641588833612782e-05
245,1.5500000000000013e-07,1.1603972084031953e-06,4.641588833612782e-06,108000000.00000015,2.4999999999999992e-08,1e-07,28300000.000000026,3.6854215338885354e-13,5.386086725079705e-07,2.3207944168063906e-06,1e-05,1e-07,4.641588833612782e-06,2.1544346900318823e-05,4.6415888336127727e-10,4.641588833612782e-05
246,1.5500000000000013e-07,1.1603972084031953e-06,4.641588833612782e-06,108000000.00000015,5.386086725079705e-07,1e-07,28300000.000000026,3.6854215338885354e-13,5.386086725079705e-07,2.3207944168063906e-06,1e-05,1e-07,4.641588833612782e-06,2.1544346900318823e-05,4.6415888336127727e-10,4.641588833612782e-05
247,1.5500000000000013e-07,1.1603972084031953e-06,4.641588833612782e-06,108000000.00000015,5.386086725079705e-07,1e-07,28300000.000000026,3.6854215338885354e-13,5.386086725079705e-07,2.3207944168063906e-06,1e-05,2.1544346900318822e-06,4.641588833612782e-06,2.1544346900318823e-05,4.6415888336127727e-10,4.641588833612782e-05
248,1.5500000000000013e-07,1.1603972084031953e-06,4.641588833612782e-06,108000000.00000015,5.386086725079705e-07,1e-07,28300000.000000026,3.6854215338885354e-13,5.386086725079705e-07,4.9999999999999996e-05,1e-05,2.1544346900318822e-06,4.641588833612782e-06,2.1544346900318823e-05,4.6415888336127727e-10,4.641588833612782e-05
249,1.5500000000000013e-07,1.1603972084031953e-06,4.641588833612782e-06,108000000.00000015,5.386086725079705e-07,1e-07,28300000.000000026,3.6854215338885354e-13,5.386086725079705e-07,4.9999999999999996e-05,0.00021544346900318823,2.1544346900318822e-06,4.641588833612782e-06,2.1544346900318823e-05,4.6415888336127727e-10,4.641588833612782e-05
250,1.5500000000000013e-07,1.1603972084031953e-06,4.641588833612782e-06,108000000.00000015,5.386086725079705e-07,1e-07,28300000.000000026,3.6854215338885354e-13,5.386086725079705e-07,4.9999999999999996e-05,0.00021544346900318823,2.1544346900318822e-06,4.641588833612782e-06,2.1544346900318823e-05,4.6415888336127727e-10,0.001
251,1.5500000000000013e-07,1.1603972084031953e-06,4.641588833612782e-06,108000000.00000015,5.386086725079705e-07,1e-07,1313569.6399124186,3.6854215338885354e-13,5.386086725079705e-07,4.9999999999999996e-05,0.00021544346900318823,2.1544346900318822e-06,4.641588833612782e-06,2.1544346900318823e-05,4.6415888336127727e-10,0.001
252,1.5500000000000013e-07,1.1603972084031953e-06,4.641588833612782e-06,5012915.940301801,5.386086725079705e-07,1e-07,1313569.6399124186,3.6854215338885354e-13,5.386086725079705e-07,4.9999999999999996e-05,0.00021544346900318823,2.1544346900318822e-06,4.641588833612782e-06,2.1544346900318823e-05,4.6415888336127727e-10,0.001
253,1.5500000000000013e-07,1.1603972084031953e-06,4.641588833612782e-06,5012915.940301801,5.386086725079705e-07,2.1544346900318822e-06,1313569.6399124186,3.6854215338885354e-13,5.386086725079705e-07,4.9999999999999996e-05,0.00021544346900318823,2.1544346900318822e-06,4.641588833612782e-06,2.1544346900318823e-05,4.6415888336127727e-10,0.001
254,1.5500000000000013e-07,1.1603972084031953e-06,4.641588833612782e-06,5012915.940301801,5.386086725079705e-07,2.1544346900318822e-06,1313569.6399124186,7.939999999999988e-12,5.386086725079705e-07,4.9999999999999996e-05,0.00021544346900318823,2.1544346900318822e-06,4.641588833612782e-06,2.1544346900318823e-05,4.6415888336127727e-10,0.001
255,3.33937376954942e-06,1.1603972084031953e-06,1e-06,108000000.00000015,1.1603972084031953e-07,4.641588833612782e-07,28300000.000000026,7.939999999999988e-12,5.386086725079705e-07,5e-07,4.641588833612782e-05,2.1544346900318822e-06,0.0001,4.641588833612782e-06,2.1544346900318866e-09,0.001
256,3.33937376954942e-06,1.1603972084031953e-06,1e-06,108000000.00000015,2.4999999999999994e-06,4.641588833612782e-07,28300000.000000026,7.939999999999988e-12,5.386086725079705e-07,5e-07,4.641588833612782e-05,2.1544346900318822e-06,0.0001,4.641588833612782e-06,2.1544346900318866e-09,0.001
257,3.33937376954942e-06,1.1603972084031953e-06,1e-06,108000000.00000015,2.4999999999999994e-06,4.641588833612782e-07,28300000.000000026,7.939999999999988e-12,5.386086725079705e-07,5e-07,4.641588833612782e-05,2.1544346900318822e-06,0.0001,4.641588833612782e-06,1e-10,0.001
258,3.33937376954942e-06,1.1603972084031953e-06,1e-06,5012915.940301801,2.4999999999999994e-06,4.641588833612782e-07,28300000.000000026,7.939999999999988e-12,5.386086725079705e-07,5e-07,4.641588833612782e-05,2.1544346900318822e-06,0.0001,4.641588833612782e-06,1e-10,0.001
259,3.33937376954942e-06,1.1603972084031953e-06,1e-06,5012915.940301801,2.4999999999999994e-06,4.641588833612782e-07,28300000.000000026,7.939999999999988e-12,5.386086725079705e-07,5e-07,4.641588833612782e-05,2.1544346900318822e-06,0.0001,4.641588833612782e-06,1e-10,4.641588833612782e-05
260,3.33937376954942e-06,1.1603972084031953e-06,1e-06,5012915.940301801,2.4999999999999994e-06,4.641588833612782e-07,28300000.000000026,3.6854215338885354e-13,5.386086725079705e-07,5e-07,4.641588833612782e-05,2.1544346900318822e-06,0.0001,4.641588833612782e-06,1e-10,4.641588833612782e-05
261,3.33937376954942e-06,1.1603972084031953e-06,1e-06,5012915.940301801,2.4999999999999994e-06,4.641588833612782e-07,28300000.000000026,3.6854215338885354e-13,5.386086725079705e-07,5e-07,4.641588833612782e-05,2.1544346900318822e-06,0.0001,0.0001,1e-10,4.641588833612782e-05
262,3.33937376954942e-06,2.4999999999999994e-07,1e-06,5012915.940301801,2.4999999999999994e-06,4.641588833612782e-07,28300000.000000026,3.6854215338885354e-13,5.386086725079705e-07,5e-07,4.641588833612782e-05,2.1544346900318822e-06,0.0001,0.0001,1e-10,4.641588833612782e-05
263,3.33937376954942e-06,2.4999999999999994e-07,1e-06,5012915.940301801,2.4999999999999994e-06,1e-05,28300000.000000026,3.6854215338885354e-13,5.386086725079705e-07,5e-07,4.641588833612782e-05,2.1544346900318822e-06,0.0001,0.0001,1e-10,4.641588833612782e-05
264,3.33937376954942e-06,2.4999999999999994e-07,1e-06,5012915.940301801,2.4999999999999994e-06,1e-05,28300000.000000026,3.6854215338885354e-13,5.386086725079705e-07,5e-07,4.641588833612782e-05,1e-07,0.0001,0.0001,1e-10,4.641588833612782e-05
265,3.33937376954942e-06,2.4999999999999994e-07,1e-06,5012915.940301801,2.4999999999999994e-06,1e-05,28300000.000000026,3.6854215338885354e-13,5.386086725079705e-07,1.077217345015941e-05,4.641588833612782e-05,1e-07,0.0001,0.0001,1e-10,4.641588833612782e-05
266,3.33937376954942e-06,2.4999999999999994e-07,1e-06,5012915.940301801,2.4999999999999994e-06,1e-05,28300000.000000026,3.6854215338885354e-13,5.386086725079705e-07,1.077217345015941e-05,0.001,1e-07,0.0001,0.0001,1e-10,4.641588833612782e-05
267,3.33937376954942e-06,2.4999999999999994e-07,1e-06,5012915.940301801,2.4999999999999994e-06,1e-05,28300000.000000026,3.6854215338885354e-13,2.4999999999999992e-08,1.077217345015941e-05,0.001,1e-07,0.0001,0.0001,1e-10,4.641588833612782e-05
268,3.33937376954942e-06,2.4999999999999994e-07,4.641588833612782e-06,5012915.940301801,2.4999999999999994e-06,1e-05,28300000.000000026,3.6854215338885354e-13,2.4999999999999992e-08,1.077217345015941e-05,0.001,1e-07,0.0001,0.0001,1e-10,4.641588833612782e-05
269,3.33937376954942e-06,2.4999999999999994e-07,4.641588833612782e-06,5012915.940301801,2.4999999999999994e-06,1e-05,28300000.000000026,3.6854215338885354e-13,2.4999999999999992e-08,1.077217345015941e-05,0.001,1e-07,4.641588833612782e-06,0.0001,1e-10,4.641588833612782e-05
270,3.33937376954942e-06,2.4999999999999994e-07,4.641588833612782e-06,5012915.940301801,2.4999999999999994e-06,1e-05,1313569.6399124186,3.6854215338885354e-13,2.4999999999999992e-08,1.077217345015941e-05,0.001,1e-07,4.641588833612782e-06,0.0001,1e-10,4.641588833612782e-05
271,1.5500000000000013e-07,2.4999999999999994e-07,4.641588833612782e-06,5012915.940301801,2.4999999999999994e-06,1e-05,1313569.6399124186,3.6854215338885354e-13,2.4999999999999992e-08,1.077217345015941e-05,0.001,1e-07,4.641588833612782e-06,0.0001,1e-10,4.641588833612782e-05
272,7.194462692099818e-07,5.386086725079705e-07,4.641588833612782e-06,23267894.65234436,1.1603972084031953e-07,2.1544346900318822e-06,283000.0000000003,3.6854215338885354e-13,2.4999999999999994e-06,4.9999999999999996e-05,0.001,2.1544346900318822e-06,0.0001,4.641588833612782e-06,4.6415888336127727e-10,4.641588833612782e-05
273,7.194462692099818e-07,5.386086725079705e-07,4.641588833612782e-06,23267894.65234436,1.1603972084031953e-07,2.1544346900318822e-06,283000.0000000003,3.6854215338885354e-13,2.4999999999999994e-06,4.9999999999999996e-05,0.001,2.1544346900318822e-06,0.0001,4.641588833612782e-06,1e-08,4.641588833612782e-05
274,7.194462692099818e-07,5.386086725079705e-07,4.641588833612782e-06,23267894.65234436,1.1603972084031953e-07,2.1544346900318822e-06,283000.0000000003,3.6854215338885354e-13,2.4999999999999994e-06,4.9999999999999996e-05,0.001,2.1544346900318822e-06,4.641588833612782e-06,4.641588833612782e-06,1e-08,4.641588833612782e-05
275,7.194462692099818e-07,5.386086725079705e-07,4.641588833612782e-06,23267894.65234436,1.1603972084031953e-07,1e-07,283000.0000000003,3.6854215338885354e-13,2.4999999999999994e-06,4.9999999999999996e-05,0.001,2.1544346900318822e-06,4.641588833612782e-06,4.641588833612782e-06,1e-08,4.641588833612782e-05
276,1.550000000000001e-05,5.386086725079705e-07,4.641588833612782e-06,23267894.65234436,1.1603972084031953e-07,1e-07,283000.0000000003,3.6854215338885354e-13,2.4999999999999994e-06,4.9999999999999996e-05,0.001,2.1544346900318822e-06,4.641588833612782e-06,4.641588833612782e-06,1e-08,4.641588833612782e-05
277,1.550000000000001e-05,5.386086725079705e-07,4.641588833612782e-06,23267894.65234436,1.1603972084031953e-07,1e-07,283000.0000000003,3.6854215338885354e-13,2.4999999999999994e-06,4.9999999999999996e-05,4.641588833612782e-05,2.1544346900318822e-06,4.641588833612782e-06,4.641588833612782e-06,1e-08,4.641588833612782e-05
278,1.550000000000001e-05,5.386086725079705e-07,4.641588833612782e-06,23267894.65234436,1.1603972084031953e-07,1e-07,6097050.172790233,3.6854215338885354e-13,2.4999999999999994e-06,4.9999999999999996e-05,4.641588833612782e-05,2.1544346900318822e-06,4.641588833612782e-06,4.641588833612782e-06,1e-08,4.641588833612782e-05
279,1.550000000000001e-05,2.4999999999999994e-06,4.641588833612782e-06,23267894.65234436,1.1603972084031953e-07,1e-07,6097050.172790233,3.6854215338885354e-13,2.4999999999999994e-06,4.9999999999999996e-05,4.641588833612782e-05,2.1544346900318822e-06,4.641588833612782e-06,4.641588833612782e-06,1e-08,4.641588833612782e-05
280,1.550000000000001e-05,2.4999999999999994e-06,4.641588833612782e-06,23267894.65234436,1.1603972084031953e-07,1e-07,6097050.172790233,3.6854215338885354e-13,1.1603972084031953e-07,4.9999999999999996e-05,4.641588833612782e-05,2.1544346900318822e-06,4.641588833612782e-06,4.641588833612782e-06,1e-08,4.641588833612782e-05
281,1.550000000000001e-05,2.4999999999999994e-06,1e-06,23267894.65234436,1.1603972084031953e-07,1e-07,6097050.172790233,3.6854215338885354e-13,1.1603972084031953e-07,4.9999999999999996e-05,4.641588833612782e-05,2.1544346900318822e-06,4.641588833612782e-06,4.641588833612782e-06,1e-08,4.641588833612782e-05
282,1.550000000000001e-05,2.4999999999999994e-06,1e-06,23267894.65234436,1.1603972084031953e-07,1e-07,6097050.172790233,3.6854215338885354e-13,1.1603972084031953e-07,4.9999999999999996e-05,4.641588833612782e-05,2.1544346900318822e-06,4.641588833612782e-06,0.0001,1e-08,4.641588833612782e-05
283,1.550000000000001e-05,2.4999999999999994e-06,1e-06,1079999.9999999993,1.1603972084031953e-07,1e-07,6097050.172790233,3.6854215338885354e-13,1.1603972084031953e-07,4.9999999999999996e-05,4.641588833612782e-05,2.1544346900318822e-06,4.641588833612782e-06,0.0001,1e-08,4.641588833612782e-05
284,1.550000000000001e-05,2.4999999999999994e-06,1e-06,1079999.9999999993,1.1603972084031953e-07,1e-07,6097050.172790233,3.6854215338885354e-13,1.1603972084031953e-07,4.9999999999999996e-05,4.641588833612782e-05,1e-07,4.641588833612782e-06,0.0001,1e-08,4.641588833612782e-05
285,1.550000000000001e-05,2.4999999999999994e-06,1e-06,1079999.9999999993,2.4999999999999994e-06,1e-07,6097050.172790233,3.6854215338885354e-13,1.1603972084031953e-07,4.9999999999999996e-05,4.641588833612782e-05,1e-07,4.641588833612782e-06,0.0001,1e-08,4.641588833612782e-05
286,1.550000000000001e-05,2.4999999999999994e-06,1e-06,1079999.9999999993,2.4999999999999994e-06,1e-07,6097050.172790233,7.939999999999988e-12,1.1603972084031953e-07,4.9999999999999996e-05,4.641588833612782e-05,1e-07,4.641588833612782e-06,0.0001,1e-08,4.641588833612782e-05
287,1.550000000000001e-05,2.4999999999999994e-06,1e-06,1079999.9999999993,2.4999999999999994e-06,1e-07,6097050.172790233,7.939999999999988e-12,1.1603972084031953e-07,2.3207944168063906e-06,4.641588833612782e-05,1e-07,4.641588833612782e-06,0.0001,1e-08,4.641588833612782e-05
288,1.550000000000001e-05,2.4999999999999994e-06,1e-06,1079999.9999999993,2.4999999999999994e-06,1e-07,6097050.172790233,7.939999999999988e-12,1.1603972084031953e-07,2.3207944168063906e-06,4.641588833612782e-05,1e-07,4.641588833612782e-06,0.0001,1e-08,0.001
289,3.33937376954942e-06,2.4999999999999994e-06,4.641588833612782e-06,108000000.00000015,5.386086725079705e-07,1e-07,283000.0000000003,7.939999999999987e-14,1.1603972084031953e-07,5e-07,1e-05,1e-05,0.0001,1e-06,1e-08,0.001
290,3.33937376954942e-06,2.4999999999999994e-06,4.641588833612782e-06,108000000.00000015,5.386086725079705e-07,1e-07,283000.0000000003,7.939999999999987e-14,1.1603972084031953e-07,5e-07,0.00021544346900318823,1e-05,0.0001,1e-06,1e-08,0.001
291,3.33937376954942e-06,2.4999999999999994e-06,4.641588833612782e-06,108000000.00000015,5.386086725079705e-07,1e-07,283000.0000000003,7.939999999999987e-14,1.1603972084031953e-07,5e-07,0.00021544346900318823,1e-05,0.0001,1e-06,1e-08,4.641588833612782e-05
292,3.33937376954942e-06,2.4999999999999994e-06,4.641588833612782e-06,5012915.940301801,5.386086725079705e-07,1e-07,283000.0000000003,7.939999999999987e-14,1.1603972084031953e-07,5e-07,0.00021544346900318823,1e-05,0.0001,1e-06,1e-08,4.641588833612782e-05
293,3.33937376954942e-06,2.4999999999999994e-06,1e-06,5012915.940301801,5.386086725079705e-07,1e-07,283000.0000000003,7.939999999999987e-14,1.1603972084031953e-07,5e-07,0.00021544346900318823,1e-05,0.0001,1e-06,1e-08,4.641588833612782e-05
294,3.33937376954942e-06,2.4999999999999994e-06,1e-06,5012915.940301801,5.386086725079705e-07,1e-07,6097050.172790233,7.939999999999987e-14,1.1603972084031953e-07,5e-07,0.00021544346900318823,1e-05,0.0001,1e-06,1e-08,4.641588833612782e-05
295,3.33937376954942e-06,5.386086725079705e-07,1e-06,5012915.940301801,5.386086725079705e-07,1e-07,6097050.172790233,7.939999999999987e-14,1.1603972084031953e-07,5e-07,0.00021544346900318823,1e-05,0.0001,1e-06,1e-08,4.641588833612782e-05
296,3.33937376954942e-06,5.386086725079705e-07,1e-06,5012915.940301801,5.386086725079705e-07,1e-07,6097050.172790233,7.939999999999987e-14,1.1603972084031953e-07,5e-07,0.00021544346900318823,1e-05,0.0001,2.1544346900318823e-05,1e-08,4.641588833612782e-05
297,1.5500000000000013e-07,5.386086725079705e-07,1e-06,5012915.940301801,5.386086725079705e-07,1e-07,6097050.172790233,7.939999999999987e-14,1.1603972084031953e-07,5e-07,0.00021544346900318823,1e-05,0.0001,2.1544346900318823e-05,1e-08,4.641588833612782e-05
298,1.5500000000000013e-07,5.386086725079705e-07,1e-06,5012915.940301801,5.386086725079705e-07,2.1544346900318822e-06,6097050.172790233,7.939999999999987e-14,1.1603972084031953e-07,5e-07,0.00021544346900318823,1e-05,0.0001,2.1544346900318823e-05,1e-08,4.641588833612782e-05
299,1.5500000000000013e-07,5.386086725079705e-07,1e-06,5012915.940301801,2.4999999999999992e-08,2.1544346900318822e-06,6097050.172790233,7.939999999999987e-14,1.1603972084031953e-07,5e-07,0.00021544346900318823,1e-05,0.0001,2.1544346900318823e-05,1e-08,4.641588833612782e-05
300,1.5500000000000013e-07,5.386086725079705e-07,1e-06,5012915.940301801,2.4999999999999992e-08,2.1544346900318822e-06,6097050.172790233,7.939999999999987e-14,2.4999999999999994e-06,5e-07,0.00021544346900318823,1e-05,0.0001,2.1544346900318823e-05,1e-08,4.641588833612782e-05
301,1.5500000000000013e-07,5.386086725079705e-07,1e-06,5012915.940301801,2.4999999999999992e-08,2.1544346900318822e-06,6097050.172790233,7.939999999999987e-14,2.4999999999999994e-06,5e-07,0.00021544346900318823,4.641588833612782e-07,0.0001,2.1544346900318823e-05,1e-08,4.641588833612782e-05
302,1.5500000000000013e-07,5.386086725079705e-07,1e-06,5012915.940301801,2.4999999999999992e-08,2.1544346900318822e-06,6097050.172790233,7.939999999999987e-14,2.4999999999999994e-06,1.077217345015941e-05,0.00021544346900318823,4.641588833612782e-07,0.0001,2.1544346900318823e-05,1e-08,4.641588833612782e-05
303,1.5500000000000013e-07,5.386086725079705e-07,1e-06,5012915.940301801,2.4999999999999992e-08,2.1544346900318822e-06,6097050.172790233,7.939999999999987e-14,2.4999999999999994e-06,1.077217345015941e-05,0.00021544346900318823,4.641588833612782e-07,4.641588833612782e-06,2.1544346900318823e-05,1e-08,4.641588833612782e-05
304,1.5500000000000013e-07,5.386086725079705e-07,1e-06,5012915.940301801,2.4999999999999992e-08,2.1544346900318822e-06,6097050.172790233,1.7106211438853152e-12,2.4999999999999994e-06,1.077217345015941e-05,0.00021544346900318823,4.641588833612782e-07,4.641588833612782e-06,2.1544346900318823e-05,1e-08,4.641588833612782e-05
305,1.5500000000000013e-07,5.386086725079705e-07,1e-06,5012915.940301801,2.4999999999999992e-08,2.1544346900318822e-06,6097050.172790233,1.7106211438853152e-12,2.4999999999999994e-06,1.077217345015941e-05,0.00021544346900318823,4.641588833612782e-07,4.641588833612782e-06,2.1544346900318823e-05,4.6415888336127727e-10,4.641588833612782e-05
306,1.550000000000001e-05,5.386086725079705e-07,1e-06,108000000.00000015,1.1603972084031953e-07,2.1544346900318822e-06,6097050.172790233,1.7106211438853152e-12,1.1603972084031953e-07,1.077217345015941e-05,4.641588833612782e-05,1e-05,0.0001,2.1544346900318823e-05,4.6415888336127727e-10,0.00021544346900318823
307,1.550000000000001e-05,5.386086725079705e-07,1e-06,5012915.940301801,1.1603972084031953e-07,2.1544346900318822e-06,6097050.172790233,1.7106211438853152e-12,1.1603972084031953e-07,1.077217345015941e-05,4.641588833612782e-05,1e-05,0.0001,2.1544346900318823e-05,4.6415888336127727e-10,0.00021544346900318823
308,1.550000000000001e-05,5.386086725079705e-07,1e-06,5012915.940301801,1.1603972084031953e-07,2.1544346900318822e-06,6097050.172790233,1.7106211438853152e-12,1.1603972084031953e-07,1.077217345015941e-05,4.641588833612782e-05,4.641588833612782e-07,0.0001,2.1544346900318823e-05,4.6415888336127727e-10,0.00021544346900318823
309,1.550000000000001e-05,5.386086725079705e-07,1e-06,5012915.940301801,2.4999999999999994e-06,2.1544346900318822e-06,6097050.172790233,1.7106211438853152e-12,1.1603972084031953e-07,1.077217345015941e-05,4.641588833612782e-05,4.641588833612782e-07,0.0001,2.1544346900318823e-05,4.6415888336127727e-10,0.00021544346900318823
310,1.550000000000001e-05,5.386086725079705e-07,1e-06,5012915.940301801,2.4999999999999994e-06,2.1544346900318822e-06,6097050.172790233,1.7106211438853152e-12,2.4999999999999994e-06,1.077217345015941e-05,4.641588833612782e-05,4.641588833612782e-07,0.0001,2.1544346900318823e-05,4.6415888336127727e-10,0.00021544346900318823
311,1.550000000000001e-05,5.386086725079705e-07,1e-06,5012915.940301801,2.4999999999999994e-06,2.1544346900318822e-06,6097050.172790233,7.939999999999987e-14,2.4999999999999994e-06,1.077217345015941e-05,4.641588833612782e-05,4.641588833612782e-07,0.0001,2.1544346900318823e-05,4.6415888336127727e-10,0.00021544346900318823
312,1.550000000000001e-05,5.386086725079705e-07,1e-06,5012915.940301801,2.4999999999999994e-06,2.1544346900318822e-06,6097050.172790233,7.939999999999987e-14,2.4999999999999994e-06,1.077217345015941e-05,4.641588833612782e-05,4.641588833612782e-07,0.0001,2.1544346900318823e-05,4.6415888336127727e-10,1e-05
313,1.550000000000001e-05,5.386086725079705e-07,1e-06,5012915.940301801,2.4999999999999994e-06,1e-07,6097050.172790233,7.939999999999987e-14,2.4999999999999994e-06,1.077217345015941e-05,4.641588833612782e-05,4.641588833612782e-07,0.0001,2.1544346900318823e-05,4.6415888336127727e-10,1e-05
314,1.550000000000001e-05,5.386086725079705e-07,4.641588833612782e-06,5012915.940301801,2.4999999999999994e-06,1e-07,6097050.172790233,7.939999999999987e-14,2.4999999999999994e-06,1.077217345015941e-05,4.641588833612782e-05,4.641588833612782e-07,0.0001,2.1544346900318823e-05,4.6415888336127727e-10,1e-05
315,1.550000000000001e-05,5.386086725079705e-07,4.641588833612782e-06,5012915.940301801,2.4999999999999994e-06,1e-07,6097050.172790233,7.939999999999987e-14,2.4999999999999994e-06,1.077217345015941e-05,4.641588833612782e-05,4.641588833612782e-07,0.0001,2.1544346900318823e-05,1e-08,1e-05
316,1.550000000000001e-05,5.386086725079705e-07,4.641588833612782e-06,5012915.940301801,2.4999999999999994e-06,1e-07,6097050.172790233,7.939999999999987e-14,2.4999999999999994e-06,1.077217345015941e-05,0.001,4.641588833612782e-07,0.0001,2.1544346900318823e-05,1e-08,1e-05
317,1.550000000000001e-05,5.386086725079705e-07,4.641588833612782e-06,5012915.940301801,2.4999999999999994e-06,1e-07,283000.0000000003,7.939999999999987e-14,2.4999999999999994e-06,1.077217345015941e-05,0.001,4.641588833612782e-07,0.0001,2.1544346900318823e-05,1e-08,1e-05
318,1.550000000000001e-05,5.386086725079705e-07,4.641588833612782e-06,5012915.940301801,2.4999999999999994e-06,1e-07,283000.0000000003,7.939999999999987e-14,2.4999999999999994e-06,5e-07,0.001,4.641588833612782e-07,0.0001,2.1544346900318823e-05,1e-08,1e-05
319,1.550000000000001e-05,5.386086725079705e-07,4.641588833612782e-06,5012915.940301801,2.4999999999999994e-06,1e-07,283000.0000000003,7.939999999999987e-14,2.4999999999999994e-06,5e-07,0.001,4.641588833612782e-07,0.0001,1e-06,1e-08,1e-05
320,1.550000000000001e-05,2.4999999999999994e-06,4.641588833612782e-06,5012915.940301801,2.4999999999999994e-06,1e-07,283000.0000000003,7.939999999999987e-14,2.4999999999999994e-06,5e-07,0.001,4.641588833612782e-07,0.0001,1e-06,1e-08,1e-05
321,7.194462692099818e-07,2.4999999999999994e-06,4.641588833612782e-06,5012915.940301801,2.4999999999999994e-06,1e-07,283000.0000000003,7.939999999999987e-14,2.4999999999999994e-06,5e-07,0.001,4.641588833612782e-07,0.0001,1e-06,1e-08,1e-05
322,7.194462692099818e-07,2.4999999999999994e-06,4.641588833612782e-06,5012915.940301801,2.4999999999999994e-06,1e-07,283000.0000000003,7.939999999999987e-14,2.4999999999999994e-06,5e-07,0.001,4.641588833612782e-07,4.641588833612782e-06,1e-06,1e-08,1e-05
323,7.194462692099818e-07,2.4999999999999994e-06,4.641588833612782e-06,5012915.940301801,2.4999999999999994e-06,4.641588833612782e-07,28300000.000000026,7.939999999999988e-12,2.4999999999999992e-08,2.3207944168063906e-06,1e-05,2.1544346900318822e-06,4.641588833612782e-06,4.641588833612782e-06,1e-10,1e-05
324,7.194462692099818e-07,2.4999999999999994e-06,4.641588833612782e-06,108000000.00000015,2.4999999999999994e-06,4.641588833612782e-07,28300000.000000026,7.939999999999988e-12,2.4999999999999992e-08,2.3207944168063906e-06,1e-05,2.1544346900318822e-06,4.641588833612782e-06,4.641588833612782e-06,1e-10,1e-05
325,7.194462692099818e-07,2.4999999999999994e-06,4.641588833612782e-06,108000000.00000015,2.4999999999999994e-06,4.641588833612782e-07,28300000.000000026,3.6854215338885354e-13,2.4999999999999992e-08,2.3207944168063906e-06,1e-05,2.1544346900318822e-06,4.641588833612782e-06,4.641588833612782e-06,1e-10,1e-05
326,7.194462692099818e-07,2.4999999999999994e-06,4.641588833612782e-06,108000000.00000015,2.4999999999999994e-06,4.641588833612782e-07,28300000.000000026,3.6854215338885354e-13,2.4999999999999992e-08,2.3207944168063906e-06,1e-05,2.1544346900318822e-06,4.641588833612782e-06,4.641588833612782e-06,1e-10,0.00021544346900318823
327,7.194462692099818e-07,2.4999999999999994e-06,4.641588833612782e-06,108000000.00000015,2.4999999999999994e-06,4.641588833612782e-07,28300000.000000026,3.6854215338885354e-13,2.4999999999999992e-08,2.3207944168063906e-06,1e-05,2.1544346900318822e-06,4.641588833612782e-06,0.0001,1e-10,0.00021544346900318823
328,7.194462692099818e-07,2.4999999999999994e-06,1e-06,108000000.00000015,2.4999999999999994e-06,4.641588833612782e-07,28300000.000000026,3.6854215338885354e-13,2.4999999999999992e-08,2.3207944168063906e-06,1e-05,2.1544346900318822e-06,4.641588833612782e-06,0.0001,1e-10,0.00021544346900318823
329,7.194462692099818e-07,2.4999999999999994e-06,1e-06,108000000.00000015,2.4999999999999994e-06,4.641588833612782e-07,28300000.000000026,3.6854215338885354e-13,2.4999999999999992e-08,4.9999999999999996e-05,1e-05,2.1544346900318822e-06,4.641588833612782e-06,0.0001,1e-10,0.00021544346900318823
330,7.194462692099818e-07,2.4999999999999994e-06,1e-06,108000000.00000015,1.1603972084031953e-07,4.641588833612782e-07,28300000.000000026,3.6854215338885354e-13,2.4999999999999992e-08,4.9999999999999996e-05,1e-05,2.1544346900318822e-06,4.641588833612782e-06,0.0001,1e-10,0.00021544346900318823
331,7.194462692099818e-07,2.4999999999999994e-06,1e-06,108000000.00000015,1.1603972084031953e-07,4.641588833612782e-07,28300000.000000026,3.6854215338885354e-13,2.4999999999999992e-08,4.9999999999999996e-05,1e-05,1e-07,4.641588833612782e-06,0.0001,1e-10,0.00021544346900318823
332,7.194462692099818e-07,2.4999999999999994e-06,1e-06,108000000.00000015,1.1603972084031953e-07,4.641588833612782e-07,28300000.000000026,3.6854215338885354e-13,2.4999999999999992e-08,4.9999999999999996e-05,1e-05,1e-07,0.0001,0.0001,1e-10,0.00021544346900318823
333,1.550000000000001e-05,2.4999999999999994e-06,1e-06,108000000.00000015,1.1603972084031953e-07,4.641588833612782e-07,28300000.000000026,3.6854215338885354e-13,2.4999999999999992e-08,4.9999999999999996e-05,1e-05,1e-07,0.0001,0.0001,1e-10,0.00021544346900318823
334,1.550000000000001e-05,2.4999999999999994e-06,1e-06,108000000.00000015,1.1603972084031953e-07,4.641588833612782e-07,28300000.000000026,3.6854215338885354e-13,2.4999999999999992e-08,4.9999999999999996e-05,1e-05,1e-07,0.0001,0.0001,2.1544346900318866e-09,0.00021544346900318823
335,1.550000000000001e-05,2.4999999999999994e-06,1e-06,108000000.00000015,1.1603972084031953e-07,1e-05,28300000.000000026,3.6854215338885354e-13,2.4999999999999992e-08,4.9999999999999996e-05,1e-05,1e-07,0.0001,0.0001,2.1544346900318866e-09,0.00021544346900318823
336,1.550000000000001e-05,2.4999999999999994e-06,1e-06,108000000.00000015,1.1603972084031953e-07,1e-05,1313569.6399124186,3.6854215338885354e-13,2.4999999999999992e-08,4.9999999999999996e-05,1e-05,1e-07,0.0001,0.0001,2.1544346900318866e-09,0.00021544346900318823
337,1.550000000000001e-05,5.386086725079705e-07,1e-06,108000000.00000015,1.1603972084031953e-07,1e-05,1313569.6399124186,3.6854215338885354e-13,2.4999999999999992e-08,4.9999999999999996e-05,1e-05,1e-07,0.0001,0.0001,2.1544346900318866e-09,0.00021544346900318823
338,1.550000000000001e-05,5.386086725079705e-07,1e-06,108000000.00000015,1.1603972084031953e-07,1e-05,1313569.6399124186,3.6854215338885354e-13,5.386086725079705e-07,4.9999999999999996e-05,1e-05,1e-07,0.0001,0.0001,2.1544346900318866e-09,0.00021544346900318823
339,1.550000000000001e-05,5.386086725079705e-07,1e-06,108000000.00000015,1.1603972084031953e-07,1e-05,1313569.6399124186,3.6854215338885354e-13,5.386086725079705e-07,4.9999999999999996e-05,0.00021544346900318823,1e-07,0.0001,0.0001,2.1544346900318866e-09,0.00021544346900318823
340,3.33937376954942e-06,2.4999999999999994e-06,1e-06,5012915.940301801,2.4999999999999994e-06,2.1544346900318822e-06,1313569.6399124186,7.939999999999987e-14,1.1603972084031953e-07,1.077217345015941e-05,0.00021544346900318823,4.641588833612782e-07,0.0001,2.1544346900318823e-05,4.6415888336127727e-10,4.641588833612782e-05
341,3.33937376954942e-06,2.4999999999999994e-06,1e-06,5012915.940301801,2.4999999999999994e-06,2.1544346900318822e-06,1313569.6399124186,7.939999999999987e-14,1.1603972084031953e-07,1.077217345015941e-05,0.00021544346900318823,4.641588833612782e-07,4.641588833612782e-06,2.1544346900318823e-05,4.6415888336127727e-10,4.641588833612782e-05
342,3.33937376954942e-06,2.4999999999999994e-06,1e-06,5012915.940301801,2.4999999999999994e-06,2.1544346900318822e-06,1313569.6399124186,7.939999999999987e-14,2.4999999999999994e-06,1.077217345015941e-05,0.00021544346900318823,4.641588833612782e-07,4.641588833612782e-06,2.1544346900318823e-05,4.6415888336127727e-10,4.641588833612782e-05
343,3.33937376954942e-06,2.4999999999999994e-06,1e-06,5012915.940301801,2.4999999999999994e-06,2.1544346900318822e-06,1313569.6399124186,7.939999999999987e-14,2.4999999999999994e-06,1.077217345015941e-05,0.00021544346900318823,4.641588833612782e-07,4.641588833612782e-06,2.1544346900318823e-05,4.6415888336127727e-10,0.001
344,3.33937376954942e-06,2.4999999999999994e-06,1e-06,5012915.940301801,2.4999999999999994e-06,1e-07,1313569.6399124186,7.939999999999987e-14,2.4999999999999994e-06,1.077217345015941e-05,0.00021544346900318823,4.641588833612782e-07,4.641588833612782e-06,2.1544346900318823e-05,4.6415888336127727e-10,0.001
345,3.33937376954942e-06,2.4999999999999994e-06,1e-06,5012915.940301801,1.1603972084031953e-07,1e-07,1313569.6399124186,7.939999999999987e-14,2.4999999999999994e-06,1.077217345015941e-05,0.00021544346900318823,4.641588833612782e-07,4.641588833612782e-06,2.1544346900318823e-05,4.6415888336127727e-10,0.001
346,3.33937376954942e-06,2.4999999999999994e-06,1e-06,5012915.940301801,1.1603972084031953e-07,1e-07,28300000.000000026,7.939999999999987e-14,2.4999999999999994e-06,1.077217345015941e-05,0.00021544346900318823,4.641588833612782e-07,4.641588833612782e-06,2.1544346900318823e-05,4.6415888336127727e-10,0.001
347,1.5500000000000013e-07,2.4999999999999994e-06,1e-06,5012915.940301801,1.1603972084031953e-07,1e-07,28300000.000000026,7.939999999999987e-14,2.4999999999999994e-06,1.077217345015941e-05,0.00021544346900318823,4.641588833612782e-07,4.641588833612782e-06,2.1544346900318823e-05,4.6415888336127727e-10,0.001
348,1.5500000000000013e-07,2.4999999999999994e-06,1e-06,5012915.940301801,1.1603972084031953e-07,1e-07,28300000.000000026,7.939999999999987e-14,2.4999999999999994e-06,1.077217345015941e-05,0.00021544346900318823,1e-05,4.641588833612782e-06,2.1544346900318823e-05,4.6415888336127727e-10,0.001
349,1.5500000000000013e-07,2.4999999999999994e-06,1e-06,5012915.940301801,1.1603972084031953e-07,1e-07,28300000.000000026,7.939999999999987e-14,2.4999999999999994e-06,1.077217345015941e-05,0.00021544346900318823,1e-05,4.641588833612782e-06,1e-06,4.6415888336127727e-10,0.001
350,1.5500000000000013e-07,2.4999999999999994e-06,4.641588833612782e-06,5012915.940301801,1.1603972084031953e-07,1e-07,28300000.000000026,7.939999999999987e-14,2.4999999999999994e-06,1.077217345015941e-05,0.00021544346900318823,1e-05,4.641588833612782e-06,1e-06,4.6415888336127727e-10,0.001
351,1.5500000000000013e-07,2.4999999999999994e-06,4.641588833612782e-06,5012915.940301801,1.1603972084031953e-07,1e-07,28300000.000000026,7.939999999999987e-14,2.4999999999999994e-06,1.077217345015941e-05,0.00021544346900318823,1e-05,4.641588833612782e-06,1e-06,1e-08,0.001
352,1.5500000000000013e-07,2.4999999999999994e-06,4.641588833612782e-06,108000000.00000015,1.1603972084031953e-07,1e-07,28300000.000000026,7.939999999999987e-14,2.4999999999999994e-06,1.077217345015941e-05,0.00021544346900318823,1e-05,4.641588833612782e-06,1e-06,1e-08,0.001
353,1.5500000000000013e-07,2.4999999999999994e-06,4.641588833612782e-06,108000000.00000015,1.1603972084031953e-07,1e-07,28300000.000000026,7.939999999999987e-14,2.4999999999999994e-06,5e-07,0.00021544346900318823,1e-05,4.641588833612782e-06,1e-06,1e-08,0.001
354,1.5500000000000013e-07,2.4999999999999994e-06,4.641588833612782e-06,108000000.00000015,1.1603972084031953e-07,1e-07,28300000.000000026,7.939999999999987e-14,2.4999999999999994e-06,5e-07,1e-05,1e-05,4.641588833612782e-06,1e-06,1e-08,0.001
355,1.5500000000000013e-07,5.386086725079705e-07,4.641588833612782e-06,108000000.00000015,1.1603972084031953e-07,1e-07,28300000.000000026,7.939999999999987e-14,2.4999999999999994e-06,5e-07,1e-05,1e-05,4.641588833612782e-06,1e-06,1e-08,0.001
356,1.5500000000000013e-07,5.386086725079705e-07,4.641588833612782e-06,108000000.00000015,1.1603972084031953e-07,1e-07,28300000.000000026,1.7106211438853152e-12,2.4999999999999994e-06,5e-07,1e-05,1e-05,4.641588833612782e-06,1e-06,1e-08,0.001
357,1.5500000000000013e-07,1.1603972084031953e-06,1e-06,5012915.940301801,2.4999999999999992e-08,1e-07,6097050.172790233,7.939999999999987e-14,2.4999999999999994e-06,2.3207944168063906e-06,0.00021544346900318823,1e-05,2.1544346900318823e-05,1e-06,1e-10,0.00021544346900318823
358,1.5500000000000013e-07,1.1603972084031953e-06,1e-06,5012915.940301801,2.4999999999999992e-08,1e-07,6097050.172790233,7.939999999999987e-14,2.4999999999999994e-06,4.9999999999999996e-05,0.00021544346900318823,1e-05,2.1544346900318823e-05,1e-06,1e-10,0.00021544346900318823
359,1.5500000000000013e-07,1.1603972084031953e-06,1e-06,5012915.940301801,5.386086725079705e-07,1e-07,6097050.172790233,7.939999999999987e-14,2.4999999999999994e-06,4.9999999999999996e-05,0.00021544346900318823,1e-05,2.1544346900318823e-05,1e-06,1e-10,0.00021544346900318823
360,3.33937376954942e-06,1.1603972084031953e-06,1e-06,5012915.940301801,5.386086725079705e-07,1e-07,6097050.172790233,7.939999999999987e-14,2.4999999999999994e-06,4.9999999999999996e-05,0.00021544346900318823,1e-05,2.1544346900318823e-05,1e-06,1e-10,0.00021544346900318823
361,3.33937376954942e-06,1.1603972084031953e-06,1e-06,5012915.940301801,5.386086725079705e-07,1e-07,283000.0000000003,7.939999999999987e-14,2.4999999999999994e-06,4.9999999999999996e-05,0.00021544346900318823,1e-05,2.1544346900318823e-05,1e-06,1e-10,0.00021544346900318823
362,3.33937376954942e-06,1.1603972084031953e-06,1e-06,5012915.940301801,5.386086725079705e-07,1e-07,283000.0000000003,7.939999999999987e-14,2.4999999999999994e-06,4.9999999999999996e-05,0.00021544346900318823,1e-05,2.1544346900318823e-05,1e-06,1e-10,1e-05
363,3.33937376954942e-06,1.1603972084031953e-06,1e-06,5012915.940301801,5.386086725079705e-07,2.1544346900318822e-06,283000.0000000003,7.939999999999987e-14,2.4999999999999994e-06,4.9999999999999996e-05,0.00021544346900318823,1e-05,2.1544346900318823e-05,1e-06,1e-10,1e-05
364,3.33937376954942e-06,1.1603972084031953e-06,1e-06,108000000.00000015,5.386086725079705e-07,2.1544346900318822e-06,283000.0000000003,7.939999999999987e-14,2.4999999999999994e-06,4.9999999999999996e-05,0.00021544346900318823,1e-05,2.1544346900318823e-05,1e-06,1e-10,1e-05
365,3.33937376954942e-06,2.4999999999999994e-07,1e-06,108000000.00000015,5.386086725079705e-07,2.1544346900318822e-06,283000.0000000003,7.939999999999987e-14,2.4999999999999994e-06,4.9999999999999996e-05,0.00021544346900318823,1e-05,2.1544346900318823e-05,1e-06,1e-10,1e-05
366,3.33937376954942e-06,2.4999999999999994e-07,1e-06,108000000.00000015,5.386086725079705e-07,2.1544346900318822e-06,283000.0000000003,1.7106211438853152e-12,2.4999999999999994e-06,4.9999999999999996e-05,0.00021544346900318823,1e-05,2.1544346900318823e-05,1e-06,1e-10,1e-05
367,3.33937376954942e-06,2.4999999999999994e-07,1e-06,108000000.00000015,5.386086725079705e-07,2.1544346900318822e-06,283000.0000000003,1.7106211438853152e-12,1.1603972084031953e-07,4.9999999999999996e-05,0.00021544346900318823,1e-05,2.1544346900318823e-05,1e-06,1e-10,1e-05
368,3.33937376954942e-06,2.4999999999999994e-07,1e-06,108000000.00000015,5.386086725079705e-07,2.1544346900318822e-06,283000.0000000003,1.7106211438853152e-12,1.1603972084031953e-07,4.9999999999999996e-05,1e-05,1e-05,2.1544346900318823e-05,1e-06,1e-10,1e-05
369,3.33937376954942e-06,2.4999999999999994e-07,4.641588833612782e-06,108000000.00000015,5.386086725079705e-07,2.1544346900318822e-06,283000.0000000003,1.7106211438853152e-12,1.1603972084031953e-07,4.9999999999999996e-05,1e-05,1e-05,2.1544346900318823e-05,1e-06,1e-10,1e-05
370,3.33937376954942e-06,2.4999999999999994e-07,4.641588833612782e-06,108000000.00000015,5.386086725079705e-07,2.1544346900318822e-06,283000.0000000003,1.7106211438853152e-12,1.1603972084031953e-07,4.9999999999999996e-05,1e-05,1e-05,2.1544346900318823e-05,1e-06,2.1544346900318866e-09,1e-05
371,3.33937376954942e-06,2.4999999999999994e-07,4.641588833612782e-06,108000000.00000015,5.386086725079705e-07,2.1544346900318822e-06,283000.0000000003,1.7106211438853152e-12,1.1603972084031953e-07,4.9999999999999996e-05,1e-05,1e-05,2.1544346900318823e-05,2.1544346900318823e-05,2.1544346900318866e-09,1e-05
372,3.33937376954942e-06,2.4999999999999994e-07,4.641588833612782e-06,108000000.00000015,5.386086725079705e-07,2.1544346900318822e-06,283000.0000000003,1.7106211438853152e-12,1.1603972084031953e-07,4.9999999999999996e-05,1e-05,4.641588833612782e-07,2.1544346900318823e-05,2.1544346900318823e-05,2.1544346900318866e-09,1e-05
373,3.33937376954942e-06,2.4999999999999994e-07,4.641588833612782e-06,108000000.00000015,5.386086725079705e-07,2.1544346900318822e-06,283000.0000000003,1.7106211438853152e-12,1.1603972084031953e-07,4.9999999999999996e-05,1e-05,4.641588833612782e-07,1e-06,2.1544346900318823e-05,2.1544346900318866e-09,1e-05
374,7.194462692099818e-07,5.386086725079705e-07,2.1544346900318822e-06,1079999.9999999993,2.4999999999999994e-06,1e-07,28300000.000000026,7.939999999999987e-14,1.1603972084031953e-07,5e-07,0.001,1e-07,1e-06,0.0001,2.1544346900318866e-09,4.641588833612782e-05
375,7.194462692099818e-07,5.386086725079705e-07,2.1544346900318822e-06,23267894.65234436,2.4999999999999994e-06,1e-07,28300000.000000026,7.939999999999987e-14,1.1603972084031953e-07,5e-07,0.001,1e-07,1e-06,0.0001,2.1544346900318866e-09,4.641588833612782e-05
376,7.194462692099818e-07,5.386086725079705e-07,2.1544346900318822e-06,23267894.65234436,2.4999999999999994e-06,1e-07,1313569.6399124186,7.939999999999987e-14,1.1603972084031953e-07,5e-07,0.001,1e-07,1e-06,0.0001,2.1544346900318866e-09,4.641588833612782e-05
377,7.194462692099818e-07,5.386086725079705e-07,2.1544346900318822e-06,23267894.65234436,2.4999999999999994e-06,1e-07,1313569.6399124186,7.939999999999987e-14,1.1603972084031953e-07,5e-07,0.001,1e-07,1e-06,0.0001,1e-10,4.641588833612782e-05
378,7.194462692099818e-07,5.386086725079705e-07,2.1544346900318822e-06,23267894.65234436,2.4999999999999994e-06,1e-07,1313569.6399124186,7.939999999999987e-14,1.1603972084031953e-07,1.077217345015941e-05,0.001,1e-07,1e-06,0.0001,1e-10,4.641588833612782e-05
379,7.194462692099818e-07,5.386086725079705e-07,2.1544346900318822e-06,23267894.65234436,1.1603972084031953e-07,1e-07,1313569.6399124186,7.939999999999987e-14,1.1603972084031953e-07,1.077217345015941e-05,0.001,1e-07,1e-06,0.0001,1e-10,4.641588833612782e-05
380,7.194462692099818e-07,5.386086725079705e-07,1e-05,23267894.65234436,1.1603972084031953e-07,1e-07,1313569.6399124186,7.939999999999987e-14,1.1603972084031953e-07,1.077217345015941e-05,0.001,1e-07,1e-06,0.0001,1e-10,4.641588833612782e-05
381,7.194462692099818e-07,5.386086725079705e-07,1e-05,23267894.65234436,1.1603972084031953e-07,1e-07,1313569.6399124186,7.939999999999987e-14,1.1603972084031953e-07,1.077217345015941e-05,0.001,1e-07,1e-06,4.641588833612782e-06,1e-10,4.641588833612782e-05
382,1.550000000000001e-05,5.386086725079705e-07,1e-05,23267894.65234436,1.1603972084031953e-07,1e-07,1313569.6399124186,7.939999999999987e-14,1.1603972084031953e-07,1.077217345015941e-05,0.001,1e-07,1e-06,4.641588833612782e-06,1e-10,4.641588833612782e-05
383,1.550000000000001e-05,5.386086725079705e-07,1e-05,23267894.65234436,1.1603972084031953e-07,1e-07,1313569.6399124186,7.939999999999987e-14,1.1603972084031953e-07,1.077217345015941e-05,0.001,1e-07,2.1544346900318823e-05,4.641588833612782e-06,1e-10,4.641588833612782e-05
384,1.550000000000001e-05,5.386086725079705e-07,1e-05,23267894.65234436,1.1603972084031953e-07,1e-07,1313569.6399124186,7.939999999999987e-14,1.1603972084031953e-07,1.077217345015941e-05,0.001,2.1544346900318822e-06,2.1544346900318823e-05,4.641588833612782e-06,1e-10,4.641588833612782e-05
385,1.550000000000001e-05,5.386086725079705e-07,1e-05,23267894.65234436,1.1603972084031953e-07,1e-07,1313569.6399124186,7.939999999999987e-14,1.1603972084031953e-07,1.077217345015941e-05,4.641588833612782e-05,2.1544346900318822e-06,2.1544346900318823e-05,4.641588833612782e-06,1e-10,4.641588833612782e-05
386,1.550000000000001e-05,5.386086725079705e-07,1e-05,23267894.65234436,1.1603972084031953e-07,2.1544346900318822e-06,1313569.6399124186,7.939999999999987e-14,1.1603972084031953e-07,1.077217345015941e-05,4.641588833612782e-05,2.1544346900318822e-06,2.1544346900318823e-05,4.641588833612782e-06,1e-10,4.641588833612782e-05
387,1.550000000000001e-05,5.386086725079705e-07,1e-05,23267894.65234436,1.1603972084031953e-07,2.1544346900318822e-06,1313569.6399124186,1.7106211438853152e-12,1.1603972084031953e-07,1.077217345015941e-05,4.641588833612782e-05,2.1544346900318822e-06,2.1544346900318823e-05,4.641588833612782e-06,1e-10,4.641588833612782e-05
388,1.550000000000001e-05,5.386086725079705e-07,1e-05,23267894.65234436,1.1603972084031953e-07,2.1544346900318822e-06,1313569.6399124186,1.7106211438853152e-12,1.1603972084031953e-07,1.077217345015941e-05,4.641588833612782e-05,2.1544346900318822e-06,2.1544346900318823e-05,4.641588833612782e-06,1e-10,0.001
389,1.550000000000001e-05,5.386086725079705e-07,1e-05,23267894.65234436,1.1603972084031953e-07,2.1544346900318822e-06,1313569.6399124186,1.7106211438853152e-12,2.4999999999999994e-06,1.077217345015941e-05,4.641588833612782e-05,2.1544346900318822e-06,2.1544346900318823e-05,4.641588833612782e-06,1e-10,0.001
390,1.550000000000001e-05,2.4999999999999994e-06,1e-05,23267894.65234436,1.1603972084031953e-07,2.1544346900318822e-06,1313569.6399124186,1.7106211438853152e-12,2.4999999999999994e-06,1.077217345015941e-05,4.641588833612782e-05,2.1544346900318822e-06,2.1544346900318823e-05,4.641588833612782e-06,1e-10,0.001
391,7.194462692099818e-07,5.386086725079705e-07,2.1544346900318822e-06,108000000.00000015,2.4999999999999994e-06,2.1544346900318822e-06,28300000.000000026,3.6854215338885354e-13,1.1603972084031953e-07,4.9999999999999996e-05,0.001,1e-05,2.1544346900318823e-05,4.641588833612782e-06,4.6415888336127727e-10,4.641588833612782e-05
392,7.194462692099818e-07,5.386086725079705e-07,2.1544346900318822e-06,108000000.00000015,2.4999999999999994e-06,2.1544346900318822e-06,28300000.000000026,3.6854215338885354e-13,1.1603972084031953e-07,4.9999999999999996e-05,4.641588833612782e-05,1e-05,2.1544346900318823e-05,4.641588833612782e-06,4.6415888336127727e-10,4.641588833612782e-05
393,7.194462692099818e-07,5.386086725079705e-07,2.1544346900318822e-06,108000000.00000015,2.4999999999999994e-06,2.1544346900318822e-06,28300000.000000026,3.6854215338885354e-13,1.1603972084031953e-07,4.9999999999999996e-05,4.641588833612782e-05,1e-05,2.1544346900318823e-05,4.641588833612782e-06,4.6415888336127727e-10,0.001
394,7.194462692099818e-07,5.386086725079705e-07,2.1544346900318822e-06,108000000.00000015,2.4999999999999994e-06,2.1544346900318822e-06,28300000.000000026,3.6854215338885354e-13,1.1603972084031953e-07,4.9999999999999996e-05,4.641588833612782e-05,1e-05,1e-06,4.641588833612782e-06,4.6415888336127727e-10,0.001
395,1.550000000000001e-05,5.386086725079705e-07,2.1544346900318822e-06,108000000.00000015,2.4999999999999994e-06,2.1544346900318822e-06,28300000.000000026,3.6854215338885354e-13,1.1603972084031953e-07,4.9999999999999996e-05,4.641588833612782e-05,1e-05,1e-06,4.641588833612782e-06,4.6415888336127727e-10,0.001
396,1.550000000000001e-05,5.386086725079705e-07,2.1544346900318822e-06,108000000.00000015,2.4999999999999994e-06,2.1544346900318822e-06,28300000.000000026,3.6854215338885354e-13,1.1603972084031953e-07,4.9999999999999996e-05,4.641588833612782e-05,1e-05,1e-06,0.0001,4.6415888336127727e-10,0.001
397,1.550000000000001e-05,2.4999999999999994e-06,2.1544346900318822e-06,108000000.00000015,2.4999999999999994e-06,2.1544346900318822e-06,28300000.000000026,3.6854215338885354e-13,1.1603972084031953e-07,4.9999999999999996e-05,4.641588833612782e-05,1e-05,1e-06,0.0001,4.6415888336127727e-10,0.001
398,1.550000000000001e-05,2.4999999999999994e-06,2.1544346900318822e-06,108000000.00000015,2.4999999999999994e-06,2.1544346900318822e-06,28300000.000000026,3.6854215338885354e-13,1.1603972084031953e-07,4.9999999999999996e-05,4.641588833612782e-05,4.641588833612782e-07,1e-06,0.0001,4.6415888336127727e-10,0.001
399,1.550000000000001e-05,2.4999999999999994e-06,2.1544346900318822e-06,5012915.940301801,2.4999999999999994e-06,2.1544346900318822e-06,28300000.000000026,3.6854215338885354e-13,1.1603972084031953e-07,4.9999999999999996e-05,4.641588833612782e-05,4.641588833612782e-07,1e-06,0.0001,4.6415888336127727e-10,0.001
400,1.550000000000001e-05,2.4999999999999994e-06,2.1544346900318822e-06,5012915.940301801,2.4999999999999994e-06,2.1544346900318822e-06,28300000.000000026,3.6854215338885354e-13,2.4999999999999994e-06,4.9999999999999996e-05,4.641588833612782e-05,4.641588833612782e-07,1e-06,0.0001,4.6415888336127727e-10,0.001
401,1.550000000000001e-05,2.4999999999999994e-06,2.1544346900318822e-06,5012915.940301801,2.4999999999999994e-06,1e-07,28300000.000000026,3.6854215338885354e-13,2.4999999999999994e-06,4.9999999999999996e-05,4.641588833612782e-05,4.641588833612782e-07,1e-06,0.0001,4.6415888336127727e-10,0.001
402,1.550000000000001e-05,2.4999999999999994e-06,2.1544346900318822e-06,5012915.940301801,2.4999999999999994e-06,1e-07,1313569.6399124186,3.6854215338885354e-13,2.4999999999999994e-06,4.9999999999999996e-05,4.641588833612782e-05,4.641588833612782e-07,1e-06,0.0001,4.6415888336127727e-10,0.001
403,1.550000000000001e-05,2.4999999999999994e-06,2.1544346900318822e-06,5012915.940301801,2.4999999999999994e-06,1e-07,1313569.6399124186,3.6854215338885354e-13,2.4999999999999994e-06,4.9999999999999996e-05,4.641588833612782e-05,4.641588833612782e-07,1e-06,0.0001,1e-08,0.001
404,1.550000000000001e-05,2.4999999999999994e-06,2.1544346900318822e-06,5012915.940301801,1.1603972084031953e-07,1e-07,1313569.6399124186,3.6854215338885354e-13,2.4999999999999994e-06,4.9999999999999996e-05,4.641588833612782e-05,4.641588833612782e-07,1e-06,0.0001,1e-08,0.001
405,1.550000000000001e-05,2.4999999999999994e-06,1e-05,5012915.940301801,1.1603972084031953e-07,1e-07,1313569.6399124186,3.6854215338885354e-13,2.4999999999999994e-06,4.9999999999999996e-05,4.641588833612782e-05,4.641588833612782e-07,1e-06,0.0001,1e-08,0.001
406,1.550000000000001e-05,2.4999999999999994e-06,1e-05,5012915.940301801,1.1603972084031953e-07,1e-07,1313569.6399124186,7.939999999999988e-12,2.4999999999999994e-06,4.9999999999999996e-05,4.641588833612782e-05,4.641588833612782e-07,1e-06,0.0001,1e-08,0.001
407,1.550000000000001e-05,2.4999999999999994e-06,1e-05,5012915.940301801,1.1603972084031953e-07,1e-07,1313569.6399124186,7.939999999999988e-12,2.4999999999999994e-06,2.3207944168063906e-06,4.641588833612782e-05,4.641588833612782e-07,1e-06,0.0001,1e-08,0.001
408,1.550000000000001e-05,5.386086725079705e-07,1e-06,1079999.9999999993,1.1603972084031953e-07,1e-07,6097050.172790233,1.7106211438853152e-12,2.4999999999999994e-06,4.9999999999999996e-05,0.00021544346900318823,1e-07,4.641588833612782e-06,4.641588833612782e-06,1e-08,1e-05
409,1.550000000000001e-05,5.386086725079705e-07,1e-06,1079999.9999999993,1.1603972084031953e-07,1e-07,283000.0000000003,1.7106211438853152e-12,2.4999999999999994e-06,4.9999999999999996e-05,0.00021544346900318823,1e-07,4.641588833612782e-06,4.641588833612782e-06,1e-08,1e-05
410,1.550000000000001e-05,5.386086725079705e-07,1e-06,1079999.9999999993,2.4999999999999994e-06,1e-07,283000.0000000003,1.7106211438853152e-12,2.4999999999999994e-06,4.9999999999999996e-05,0.00021544346900318823,1e-07,4.641588833612782e-06,4.641588833612782e-06,1e-08,1e-05
411,1.550000000000001e-05,5.386086725079705e-07,1e-06,1079999.9999999993,2.4999999999999994e-06,2.1544346900318822e-06,283000.0000000003,1.7106211438853152e-12,2.4999999999999994e-06,4.9999999999999996e-05,0.00021544346900318823,1e-07,4.641588833612782e-06,4.641588833612782e-06,1e-08,1e-05
412,1.550000000000001e-05,5.386086725079705e-07,1e-06,23267894.65234436,2.4999999999999994e-06,2.1544346900318822e-06,283000.0000000003,1.7106211438853152e-12,2.4999999999999994e-06,4.9999999999999996e-05,0.00021544346900318823,1e-07,4.641588833612782e-06,4.641588833612782e-06,1e-08,1e-05
413,1.550000000000001e-05,2.4999999999999994e-06,1e-06,23267894.65234436,2.4999999999999994e-06,2.1544346900318822e-06,283000.0000000003,1.7106211438853152e-12,2.4999999999999994e-06,4.9999999999999996e-05,0.00021544346900318823,1e-07,4.641588833612782e-06,4.641588833612782e-06,1e-08,1e-05
414,1.550000000000001e-05,2.4999999999999994e-06,1e-06,23267894.65234436,2.4999999999999994e-06,2.1544346900318822e-06,283000.0000000003,1.7106211438853152e-12,2.4999999999999994e-06,4.9999999999999996e-05,0.00021544346900318823,1e-07,4.641588833612782e-06,4.641588833612782e-06,4.6415888336127727e-10,1e-05
415,1.550000000000001e-05,2.4999999999999994e-06,1e-06,23267894.65234436,2.4999999999999994e-06,2.1544346900318822e-06,283000.0000000003,1.7106211438853152e-12,2.4999999999999994e-06,4.9999999999999996e-05,0.00021544346900318823,1e-07,0.0001,4.641588833612782e-06,4.6415888336127727e-10,1e-05
416,1.550000000000001e-05,2.4999999999999994e-06,1e-06,23267894.65234436,2.4999999999999994e-06,2.1544346900318822e-06,283000.0000000003,1.7106211438853152e-12,2.4999999999999994e-06,4.9999999999999996e-05,0.00021544346900318823,1e-07,0.0001,4.641588833612782e-06,4.6415888336127727e-10,0.00021544346900318823
417,1.550000000000001e-05,2.4999999999999994e-06,4.641588833612782e-06,23267894.65234436,2.4999999999999994e-06,2.1544346900318822e-06,283000.0000000003,1.7106211438853152e-12,2.4999999999999994e-06,4.9999999999999996e-05,0.00021544346900318823,1e-07,0.0001,4.641588833612782e-06,4.6415888336127727e-10,0.00021544346900318823
418,1.550000000000001e-05,2.4999999999999994e-06,4.641588833612782e-06,23267894.65234436,2.4999999999999994e-06,2.1544346900318822e-06,283000.0000000003,1.7106211438853152e-12,1.1603972084031953e-07,4.9999999999999996e-05,0.00021544346900318823,1e-07,0.0001,4.641588833612782e-06,4.6415888336127727e-10,0.00021544346900318823
419,1.550000000000001e-05,2.4999999999999994e-06,4.641588833612782e-06,23267894.65234436,2.4999999999999994e-06,2.1544346900318822e-06,283000.0000000003,1.7106211438853152e-12,1.1603972084031953e-07,4.9999999999999996e-05,1e-05,1e-07,0.0001,4.641588833612782e-06,4.6415888336127727e-10,0.00021544346900318823
420,1.550000000000001e-05,2.4999999999999994e-06,4.641588833612782e-06,23267894.65234436,2.4999999999999994e-06,2.1544346900318822e-06,283000.0000000003,1.7106211438853152e-12,1.1603972084031953e-07,4.9999999999999996e-05,1e-05,2.1544346900318822e-06,0.0001,4.641588833612782e-06,4.6415888336127727e-10,0.00021544346900318823
421,1.550000000000001e-05,2.4999999999999994e-06,4.641588833612782e-06,23267894.65234436,2.4999999999999994e-06,2.1544346900318822e-06,283000.0000000003,1.7106211438853152e-12,1.1603972084031953e-07,4.9999999999999996e-05,1e-05,2.1544346900318822e-06,0.0001,0.0001,4.6415888336127727e-10,0.00021544346900318823
422,1.550000000000001e-05,2.4999999999999994e-06,4.641588833612782e-06,23267894.65234436,2.4999999999999994e-06,2.1544346900318822e-06,283000.0000000003,1.7106211438853152e-12,1.1603972084031953e-07,2.3207944168063906e-06,1e-05,2.1544346900318822e-06,0.0001,0.0001,4.6415888336127727e-10,0.00021544346900318823
423,1.550000000000001e-05,2.4999999999999994e-06,4.641588833612782e-06,23267894.65234436,2.4999999999999994e-06,2.1544346900318822e-06,283000.0000000003,7.939999999999987e-14,1.1603972084031953e-07,2.3207944168063906e-06,1e-05,2.1544346900318822e-06,0.0001,0.0001,4.6415888336127727e-10,0.00021544346900318823
424,7.194462692099818e-07,2.4999999999999994e-06,4.641588833612782e-06,23267894.65234436,2.4999999999999994e-06,2.1544346900318822e-06,283000.0000000003,7.939999999999987e-14,1.1603972084031953e-07,2.3207944168063906e-06,1e-05,2.1544346900318822e-06,0.0001,0.0001,4.6415888336127727e-10,0.00021544346900318823
