TIME_UNITS h
DATA_UNITS m
!h  x   y   z
0.0000E+00	0.0000E+00	0.0000E+00	1.8308E+00
1.0000E+00	0.0000E+00	0.0000E+00	1.8308E+00
2.0000E+00	0.0000E+00	0.0000E+00	1.8300E+00
3.0000E+00	0.0000E+00	0.0000E+00	1.8207E+00
4.0000E+00	0.0000E+00	0.0000E+00	1.8197E+00
5.0000E+00	0.0000E+00	0.0000E+00	1.8159E+00
6.0000E+00	0.0000E+00	0.0000E+00	1.8171E+00
7.0000E+00	0.0000E+00	0.0000E+00	1.8147E+00
8.0000E+00	0.0000E+00	0.0000E+00	1.8184E+00
9.0000E+00	0.0000E+00	0.0000E+00	1.8198E+00
1.0000E+01	0.0000E+00	0.0000E+00	1.8271E+00
1.1000E+01	0.0000E+00	0.0000E+00	1.8549E+00
1.2000E+01	0.0000E+00	0.0000E+00	1.9550E+00
1.3000E+01	0.0000E+00	0.0000E+00	1.8957E+00
1.4000E+01	0.0000E+00	0.0000E+00	1.8464E+00
1.5000E+01	0.0000E+00	0.0000E+00	1.8911E+00
1.6000E+01	0.0000E+00	0.0000E+00	1.8866E+00
1.7000E+01	0.0000E+00	0.0000E+00	1.8566E+00
1.8000E+01	0.0000E+00	0.0000E+00	1.8359E+00
1.9000E+01	0.0000E+00	0.0000E+00	1.8486E+00
2.0000E+01	0.0000E+00	0.0000E+00	1.8476E+00
2.1000E+01	0.0000E+00	0.0000E+00	1.8409E+00
2.2000E+01	0.0000E+00	0.0000E+00	1.8382E+00
2.3000E+01	0.0000E+00	0.0000E+00	1.8266E+00
2.4000E+01	0.0000E+00	0.0000E+00	1.8400E+00
2.5000E+01	0.0000E+00	0.0000E+00	1.8470E+00
2.6000E+01	0.0000E+00	0.0000E+00	1.8486E+00
2.7000E+01	0.0000E+00	0.0000E+00	1.8449E+00
2.8000E+01	0.0000E+00	0.0000E+00	1.8391E+00
2.9000E+01	0.0000E+00	0.0000E+00	1.8314E+00
3.0000E+01	0.0000E+00	0.0000E+00	1.8280E+00
3.1000E+01	0.0000E+00	0.0000E+00	1.8269E+00
3.2000E+01	0.0000E+00	0.0000E+00	1.8180E+00
3.3000E+01	0.0000E+00	0.0000E+00	1.8196E+00
3.4000E+01	0.0000E+00	0.0000E+00	1.8274E+00
3.5000E+01	0.0000E+00	0.0000E+00	1.8327E+00
3.6000E+01	0.0000E+00	0.0000E+00	1.8421E+00
3.7000E+01	0.0000E+00	0.0000E+00	1.8269E+00
3.8000E+01	0.0000E+00	0.0000E+00	1.8120E+00
3.9000E+01	0.0000E+00	0.0000E+00	1.8378E+00
4.0000E+01	0.0000E+00	0.0000E+00	1.8278E+00
4.1000E+01	0.0000E+00	0.0000E+00	1.8234E+00
4.2000E+01	0.0000E+00	0.0000E+00	1.8236E+00
4.3000E+01	0.0000E+00	0.0000E+00	1.8279E+00
4.4000E+01	0.0000E+00	0.0000E+00	1.8194E+00
4.5000E+01	0.0000E+00	0.0000E+00	1.8116E+00
4.6000E+01	0.0000E+00	0.0000E+00	1.8112E+00
4.7000E+01	0.0000E+00	0.0000E+00	1.8065E+00
4.8000E+01	0.0000E+00	0.0000E+00	1.7934E+00
4.9000E+01	0.0000E+00	0.0000E+00	1.7865E+00
5.0000E+01	0.0000E+00	0.0000E+00	1.7819E+00
5.1000E+01	0.0000E+00	0.0000E+00	1.7891E+00
5.2000E+01	0.0000E+00	0.0000E+00	1.7966E+00
5.3000E+01	0.0000E+00	0.0000E+00	1.8031E+00
5.4000E+01	0.0000E+00	0.0000E+00	1.8132E+00
5.5000E+01	0.0000E+00	0.0000E+00	1.8193E+00
5.6000E+01	0.0000E+00	0.0000E+00	1.8272E+00
5.7000E+01	0.0000E+00	0.0000E+00	1.8412E+00
5.8000E+01	0.0000E+00	0.0000E+00	1.8543E+00
5.9000E+01	0.0000E+00	0.0000E+00	1.8474E+00
6.0000E+01	0.0000E+00	0.0000E+00	1.8499E+00
6.1000E+01	0.0000E+00	0.0000E+00	1.8428E+00
6.2000E+01	0.0000E+00	0.0000E+00	1.7967E+00
6.3000E+01	0.0000E+00	0.0000E+00	1.7754E+00
6.4000E+01	0.0000E+00	0.0000E+00	1.7795E+00
6.5000E+01	0.0000E+00	0.0000E+00	1.7838E+00
6.6000E+01	0.0000E+00	0.0000E+00	1.7830E+00
6.7000E+01	0.0000E+00	0.0000E+00	1.7865E+00
6.8000E+01	0.0000E+00	0.0000E+00	1.7917E+00
6.9000E+01	0.0000E+00	0.0000E+00	1.8386E+00
7.0000E+01	0.0000E+00	0.0000E+00	1.8390E+00
7.1000E+01	0.0000E+00	0.0000E+00	1.8226E+00
7.2000E+01	0.0000E+00	0.0000E+00	1.8146E+00
7.3000E+01	0.0000E+00	0.0000E+00	1.8046E+00
7.4000E+01	0.0000E+00	0.0000E+00	1.7999E+00
7.5000E+01	0.0000E+00	0.0000E+00	1.7921E+00
7.6000E+01	0.0000E+00	0.0000E+00	1.7927E+00
7.7000E+01	0.0000E+00	0.0000E+00	1.7938E+00
7.8000E+01	0.0000E+00	0.0000E+00	1.7983E+00
7.9000E+01	0.0000E+00	0.0000E+00	1.7970E+00
8.0000E+01	0.0000E+00	0.0000E+00	1.7989E+00
8.1000E+01	0.0000E+00	0.0000E+00	1.8032E+00
8.2000E+01	0.0000E+00	0.0000E+00	1.8147E+00
8.3000E+01	0.0000E+00	0.0000E+00	1.8327E+00
8.4000E+01	0.0000E+00	0.0000E+00	1.8534E+00
8.5000E+01	0.0000E+00	0.0000E+00	1.8376E+00
8.6000E+01	0.0000E+00	0.0000E+00	1.7830E+00
8.7000E+01	0.0000E+00	0.0000E+00	1.7911E+00
8.8000E+01	0.0000E+00	0.0000E+00	1.8079E+00
8.9000E+01	0.0000E+00	0.0000E+00	1.7962E+00
9.0000E+01	0.0000E+00	0.0000E+00	1.7946E+00
9.1000E+01	0.0000E+00	0.0000E+00	1.8009E+00
9.2000E+01	0.0000E+00	0.0000E+00	1.8249E+00
9.3000E+01	0.0000E+00	0.0000E+00	1.8494E+00
9.4000E+01	0.0000E+00	0.0000E+00	1.8503E+00
9.5000E+01	0.0000E+00	0.0000E+00	1.8359E+00
9.6000E+01	0.0000E+00	0.0000E+00	1.8279E+00
9.7000E+01	0.0000E+00	0.0000E+00	1.8177E+00
9.8000E+01	0.0000E+00	0.0000E+00	1.8193E+00
9.9000E+01	0.0000E+00	0.0000E+00	1.8200E+00
1.0000E+02	0.0000E+00	0.0000E+00	1.8224E+00
1.0100E+02	0.0000E+00	0.0000E+00	1.8210E+00
1.0200E+02	0.0000E+00	0.0000E+00	1.8188E+00
1.0300E+02	0.0000E+00	0.0000E+00	1.8116E+00
1.0400E+02	0.0000E+00	0.0000E+00	1.8073E+00
1.0500E+02	0.0000E+00	0.0000E+00	1.8029E+00
1.0600E+02	0.0000E+00	0.0000E+00	1.8002E+00
1.0700E+02	0.0000E+00	0.0000E+00	1.8002E+00
1.0800E+02	0.0000E+00	0.0000E+00	1.7984E+00
1.0900E+02	0.0000E+00	0.0000E+00	1.7967E+00
1.1000E+02	0.0000E+00	0.0000E+00	1.7934E+00
1.1100E+02	0.0000E+00	0.0000E+00	1.7925E+00
1.1200E+02	0.0000E+00	0.0000E+00	1.7943E+00
1.1300E+02	0.0000E+00	0.0000E+00	1.7943E+00
1.1400E+02	0.0000E+00	0.0000E+00	1.7927E+00
1.1500E+02	0.0000E+00	0.0000E+00	1.7934E+00
1.1600E+02	0.0000E+00	0.0000E+00	1.7928E+00
1.1700E+02	0.0000E+00	0.0000E+00	1.7927E+00
1.1800E+02	0.0000E+00	0.0000E+00	1.7919E+00
1.1900E+02	0.0000E+00	0.0000E+00	1.7910E+00
1.2000E+02	0.0000E+00	0.0000E+00	1.7900E+00
1.2100E+02	0.0000E+00	0.0000E+00	1.7930E+00
1.2200E+02	0.0000E+00	0.0000E+00	1.7918E+00
1.2300E+02	0.0000E+00	0.0000E+00	1.7953E+00
1.2400E+02	0.0000E+00	0.0000E+00	1.7954E+00
1.2500E+02	0.0000E+00	0.0000E+00	1.7980E+00
1.2600E+02	0.0000E+00	0.0000E+00	1.7981E+00
1.2700E+02	0.0000E+00	0.0000E+00	1.7982E+00
1.2800E+02	0.0000E+00	0.0000E+00	1.7971E+00
1.2900E+02	0.0000E+00	0.0000E+00	1.7970E+00
1.3000E+02	0.0000E+00	0.0000E+00	1.7971E+00
1.3100E+02	0.0000E+00	0.0000E+00	1.7896E+00
1.3200E+02	0.0000E+00	0.0000E+00	1.7908E+00
1.3300E+02	0.0000E+00	0.0000E+00	1.7925E+00
1.3400E+02	0.0000E+00	0.0000E+00	1.7996E+00
1.3500E+02	0.0000E+00	0.0000E+00	1.8023E+00
1.3600E+02	0.0000E+00	0.0000E+00	1.8118E+00
1.3700E+02	0.0000E+00	0.0000E+00	1.8163E+00
1.3800E+02	0.0000E+00	0.0000E+00	1.8250E+00
1.3900E+02	0.0000E+00	0.0000E+00	1.8372E+00
1.4000E+02	0.0000E+00	0.0000E+00	1.8498E+00
1.4100E+02	0.0000E+00	0.0000E+00	1.8806E+00
1.4200E+02	0.0000E+00	0.0000E+00	1.8916E+00
1.4300E+02	0.0000E+00	0.0000E+00	1.9033E+00
1.4400E+02	0.0000E+00	0.0000E+00	1.9231E+00
1.4500E+02	0.0000E+00	0.0000E+00	1.9285E+00
1.4600E+02	0.0000E+00	0.0000E+00	1.9321E+00
1.4700E+02	0.0000E+00	0.0000E+00	1.9299E+00
1.4800E+02	0.0000E+00	0.0000E+00	1.9253E+00
1.4900E+02	0.0000E+00	0.0000E+00	1.9233E+00
1.5000E+02	0.0000E+00	0.0000E+00	1.9162E+00
1.5100E+02	0.0000E+00	0.0000E+00	1.9339E+00
1.5200E+02	0.0000E+00	0.0000E+00	1.9223E+00
1.5300E+02	0.0000E+00	0.0000E+00	1.9215E+00
1.5400E+02	0.0000E+00	0.0000E+00	1.9194E+00
1.5500E+02	0.0000E+00	0.0000E+00	1.9089E+00
1.5600E+02	0.0000E+00	0.0000E+00	1.9105E+00
1.5700E+02	0.0000E+00	0.0000E+00	1.8943E+00
1.5800E+02	0.0000E+00	0.0000E+00	1.9270E+00
1.5900E+02	0.0000E+00	0.0000E+00	1.9345E+00
1.6000E+02	0.0000E+00	0.0000E+00	1.9576E+00
1.6100E+02	0.0000E+00	0.0000E+00	1.9606E+00
1.6200E+02	0.0000E+00	0.0000E+00	1.9538E+00
1.6300E+02	0.0000E+00	0.0000E+00	1.9634E+00
1.6400E+02	0.0000E+00	0.0000E+00	1.9484E+00
1.6500E+02	0.0000E+00	0.0000E+00	1.9499E+00
1.6600E+02	0.0000E+00	0.0000E+00	1.9472E+00
1.6700E+02	0.0000E+00	0.0000E+00	1.9316E+00
1.6800E+02	0.0000E+00	0.0000E+00	1.9242E+00
1.6900E+02	0.0000E+00	0.0000E+00	1.9142E+00
1.7000E+02	0.0000E+00	0.0000E+00	1.9095E+00
1.7100E+02	0.0000E+00	0.0000E+00	1.9013E+00
1.7200E+02	0.0000E+00	0.0000E+00	1.8942E+00
1.7300E+02	0.0000E+00	0.0000E+00	1.8859E+00
1.7400E+02	0.0000E+00	0.0000E+00	1.8826E+00
1.7500E+02	0.0000E+00	0.0000E+00	1.8781E+00
1.7600E+02	0.0000E+00	0.0000E+00	1.8758E+00
1.7700E+02	0.0000E+00	0.0000E+00	1.8788E+00
1.7800E+02	0.0000E+00	0.0000E+00	1.8724E+00
1.7900E+02	0.0000E+00	0.0000E+00	1.8645E+00
1.8000E+02	0.0000E+00	0.0000E+00	1.8678E+00
1.8100E+02	0.0000E+00	0.0000E+00	1.8776E+00
1.8200E+02	0.0000E+00	0.0000E+00	1.8746E+00
1.8300E+02	0.0000E+00	0.0000E+00	1.8835E+00
1.8400E+02	0.0000E+00	0.0000E+00	1.8837E+00
1.8500E+02	0.0000E+00	0.0000E+00	1.9055E+00
1.8600E+02	0.0000E+00	0.0000E+00	1.8954E+00
1.8700E+02	0.0000E+00	0.0000E+00	1.8902E+00
1.8800E+02	0.0000E+00	0.0000E+00	1.8974E+00
1.8900E+02	0.0000E+00	0.0000E+00	1.9014E+00
1.9000E+02	0.0000E+00	0.0000E+00	1.9024E+00
1.9100E+02	0.0000E+00	0.0000E+00	1.9031E+00
1.9200E+02	0.0000E+00	0.0000E+00	1.8912E+00
1.9300E+02	0.0000E+00	0.0000E+00	1.8792E+00
1.9400E+02	0.0000E+00	0.0000E+00	1.8724E+00
1.9500E+02	0.0000E+00	0.0000E+00	1.8684E+00
1.9600E+02	0.0000E+00	0.0000E+00	1.8671E+00
1.9700E+02	0.0000E+00	0.0000E+00	1.8643E+00
1.9800E+02	0.0000E+00	0.0000E+00	1.8585E+00
1.9900E+02	0.0000E+00	0.0000E+00	1.8538E+00
2.0000E+02	0.0000E+00	0.0000E+00	1.8518E+00
2.0100E+02	0.0000E+00	0.0000E+00	1.8469E+00
2.0200E+02	0.0000E+00	0.0000E+00	1.8465E+00
2.0300E+02	0.0000E+00	0.0000E+00	1.8278E+00
2.0400E+02	0.0000E+00	0.0000E+00	1.8671E+00
2.0500E+02	0.0000E+00	0.0000E+00	1.8766E+00
2.0600E+02	0.0000E+00	0.0000E+00	1.8588E+00
2.0700E+02	0.0000E+00	0.0000E+00	1.8482E+00
2.0800E+02	0.0000E+00	0.0000E+00	1.8478E+00
2.0900E+02	0.0000E+00	0.0000E+00	1.9372E+00
2.1000E+02	0.0000E+00	0.0000E+00	1.9149E+00
2.1100E+02	0.0000E+00	0.0000E+00	1.9052E+00
2.1200E+02	0.0000E+00	0.0000E+00	1.9195E+00
2.1300E+02	0.0000E+00	0.0000E+00	1.9361E+00
2.1400E+02	0.0000E+00	0.0000E+00	1.9383E+00
2.1500E+02	0.0000E+00	0.0000E+00	1.9267E+00
2.1600E+02	0.0000E+00	0.0000E+00	1.9255E+00
2.1700E+02	0.0000E+00	0.0000E+00	1.9150E+00
2.1800E+02	0.0000E+00	0.0000E+00	1.9010E+00
2.1900E+02	0.0000E+00	0.0000E+00	1.8827E+00
2.2000E+02	0.0000E+00	0.0000E+00	1.8738E+00
2.2100E+02	0.0000E+00	0.0000E+00	1.8774E+00
2.2200E+02	0.0000E+00	0.0000E+00	1.8787E+00
2.2300E+02	0.0000E+00	0.0000E+00	1.8747E+00
2.2400E+02	0.0000E+00	0.0000E+00	1.8743E+00
2.2500E+02	0.0000E+00	0.0000E+00	1.8740E+00
2.2600E+02	0.0000E+00	0.0000E+00	1.8715E+00
2.2700E+02	0.0000E+00	0.0000E+00	1.8661E+00
2.2800E+02	0.0000E+00	0.0000E+00	1.8983E+00
2.2900E+02	0.0000E+00	0.0000E+00	1.8847E+00
2.3000E+02	0.0000E+00	0.0000E+00	1.9020E+00
2.3100E+02	0.0000E+00	0.0000E+00	1.9028E+00
2.3200E+02	0.0000E+00	0.0000E+00	1.9104E+00
2.3300E+02	0.0000E+00	0.0000E+00	1.8999E+00
2.3400E+02	0.0000E+00	0.0000E+00	1.9273E+00
2.3500E+02	0.0000E+00	0.0000E+00	1.9883E+00
2.3600E+02	0.0000E+00	0.0000E+00	1.9928E+00
2.3700E+02	0.0000E+00	0.0000E+00	1.9963E+00
2.3800E+02	0.0000E+00	0.0000E+00	1.9888E+00
2.3900E+02	0.0000E+00	0.0000E+00	1.9749E+00
2.4000E+02	0.0000E+00	0.0000E+00	1.9588E+00
2.4100E+02	0.0000E+00	0.0000E+00	1.9600E+00
2.4200E+02	0.0000E+00	0.0000E+00	1.9482E+00
2.4300E+02	0.0000E+00	0.0000E+00	1.9366E+00
2.4400E+02	0.0000E+00	0.0000E+00	1.9301E+00
2.4500E+02	0.0000E+00	0.0000E+00	1.9208E+00
2.4600E+02	0.0000E+00	0.0000E+00	1.9147E+00
2.4700E+02	0.0000E+00	0.0000E+00	1.9066E+00
2.4800E+02	0.0000E+00	0.0000E+00	1.8928E+00
2.4900E+02	0.0000E+00	0.0000E+00	1.8901E+00
2.5000E+02	0.0000E+00	0.0000E+00	1.8895E+00
2.5100E+02	0.0000E+00	0.0000E+00	1.8939E+00
2.5200E+02	0.0000E+00	0.0000E+00	1.8893E+00
2.5300E+02	0.0000E+00	0.0000E+00	1.9022E+00
2.5400E+02	0.0000E+00	0.0000E+00	1.8939E+00
2.5500E+02	0.0000E+00	0.0000E+00	1.9087E+00
2.5600E+02	0.0000E+00	0.0000E+00	1.8902E+00
2.5700E+02	0.0000E+00	0.0000E+00	1.8896E+00
2.5800E+02	0.0000E+00	0.0000E+00	1.8957E+00
2.5900E+02	0.0000E+00	0.0000E+00	1.9030E+00
2.6000E+02	0.0000E+00	0.0000E+00	1.9058E+00
2.6100E+02	0.0000E+00	0.0000E+00	1.9039E+00
2.6200E+02	0.0000E+00	0.0000E+00	1.9058E+00
2.6300E+02	0.0000E+00	0.0000E+00	1.9029E+00
2.6400E+02	0.0000E+00	0.0000E+00	1.8937E+00
2.6500E+02	0.0000E+00	0.0000E+00	1.8895E+00
2.6600E+02	0.0000E+00	0.0000E+00	1.8833E+00
2.6700E+02	0.0000E+00	0.0000E+00	1.8799E+00
2.6800E+02	0.0000E+00	0.0000E+00	1.8731E+00
2.6900E+02	0.0000E+00	0.0000E+00	1.8699E+00
2.7000E+02	0.0000E+00	0.0000E+00	1.8598E+00
2.7100E+02	0.0000E+00	0.0000E+00	1.8370E+00
2.7200E+02	0.0000E+00	0.0000E+00	1.8431E+00
2.7300E+02	0.0000E+00	0.0000E+00	1.8482E+00
2.7400E+02	0.0000E+00	0.0000E+00	1.8402E+00
2.7500E+02	0.0000E+00	0.0000E+00	1.8155E+00
2.7600E+02	0.0000E+00	0.0000E+00	1.8439E+00
2.7700E+02	0.0000E+00	0.0000E+00	1.8451E+00
2.7800E+02	0.0000E+00	0.0000E+00	1.8547E+00
2.7900E+02	0.0000E+00	0.0000E+00	1.8740E+00
2.8000E+02	0.0000E+00	0.0000E+00	1.8795E+00
2.8100E+02	0.0000E+00	0.0000E+00	1.8704E+00
2.8200E+02	0.0000E+00	0.0000E+00	1.8571E+00
2.8300E+02	0.0000E+00	0.0000E+00	1.8553E+00
2.8400E+02	0.0000E+00	0.0000E+00	1.8621E+00
2.8500E+02	0.0000E+00	0.0000E+00	1.8652E+00
2.8600E+02	0.0000E+00	0.0000E+00	1.8629E+00
2.8700E+02	0.0000E+00	0.0000E+00	1.8591E+00
2.8800E+02	0.0000E+00	0.0000E+00	1.8588E+00
2.8900E+02	0.0000E+00	0.0000E+00	1.8537E+00
2.9000E+02	0.0000E+00	0.0000E+00	1.8458E+00
2.9100E+02	0.0000E+00	0.0000E+00	1.8405E+00
2.9200E+02	0.0000E+00	0.0000E+00	1.8359E+00
2.9300E+02	0.0000E+00	0.0000E+00	1.8312E+00
2.9400E+02	0.0000E+00	0.0000E+00	1.8225E+00
2.9500E+02	0.0000E+00	0.0000E+00	1.8123E+00
2.9600E+02	0.0000E+00	0.0000E+00	1.8040E+00
2.9700E+02	0.0000E+00	0.0000E+00	1.8011E+00
2.9800E+02	0.0000E+00	0.0000E+00	1.7903E+00
2.9900E+02	0.0000E+00	0.0000E+00	1.7914E+00
3.0000E+02	0.0000E+00	0.0000E+00	1.8025E+00
3.0100E+02	0.0000E+00	0.0000E+00	1.8029E+00
3.0200E+02	0.0000E+00	0.0000E+00	1.8141E+00
3.0300E+02	0.0000E+00	0.0000E+00	1.8397E+00
3.0400E+02	0.0000E+00	0.0000E+00	1.8451E+00
3.0500E+02	0.0000E+00	0.0000E+00	1.8397E+00
3.0600E+02	0.0000E+00	0.0000E+00	1.8362E+00
3.0700E+02	0.0000E+00	0.0000E+00	1.8479E+00
3.0800E+02	0.0000E+00	0.0000E+00	1.8778E+00
3.0900E+02	0.0000E+00	0.0000E+00	1.8767E+00
3.1000E+02	0.0000E+00	0.0000E+00	1.8739E+00
3.1100E+02	0.0000E+00	0.0000E+00	1.8695E+00
3.1200E+02	0.0000E+00	0.0000E+00	1.8591E+00
3.1300E+02	0.0000E+00	0.0000E+00	1.8517E+00
3.1400E+02	0.0000E+00	0.0000E+00	1.8460E+00
3.1500E+02	0.0000E+00	0.0000E+00	1.8420E+00
3.1600E+02	0.0000E+00	0.0000E+00	1.8366E+00
3.1700E+02	0.0000E+00	0.0000E+00	1.8359E+00
3.1800E+02	0.0000E+00	0.0000E+00	1.8331E+00
3.1900E+02	0.0000E+00	0.0000E+00	1.8318E+00
3.2000E+02	0.0000E+00	0.0000E+00	1.8231E+00
3.2100E+02	0.0000E+00	0.0000E+00	1.8231E+00
3.2200E+02	0.0000E+00	0.0000E+00	1.8065E+00
3.2300E+02	0.0000E+00	0.0000E+00	1.8011E+00
3.2400E+02	0.0000E+00	0.0000E+00	1.8036E+00
3.2500E+02	0.0000E+00	0.0000E+00	1.8098E+00
3.2600E+02	0.0000E+00	0.0000E+00	1.8330E+00
3.2700E+02	0.0000E+00	0.0000E+00	1.8667E+00
3.2800E+02	0.0000E+00	0.0000E+00	1.8630E+00
3.2900E+02	0.0000E+00	0.0000E+00	1.8525E+00
3.3000E+02	0.0000E+00	0.0000E+00	1.8578E+00
3.3100E+02	0.0000E+00	0.0000E+00	1.8950E+00
3.3200E+02	0.0000E+00	0.0000E+00	1.9061E+00
3.3300E+02	0.0000E+00	0.0000E+00	1.9147E+00
3.3400E+02	0.0000E+00	0.0000E+00	1.9166E+00
3.3500E+02	0.0000E+00	0.0000E+00	1.9178E+00
3.3600E+02	0.0000E+00	0.0000E+00	1.9105E+00
3.3700E+02	0.0000E+00	0.0000E+00	1.9079E+00
3.3800E+02	0.0000E+00	0.0000E+00	1.9049E+00
3.3900E+02	0.0000E+00	0.0000E+00	1.9010E+00
3.4000E+02	0.0000E+00	0.0000E+00	1.8966E+00
3.4100E+02	0.0000E+00	0.0000E+00	1.8921E+00
3.4200E+02	0.0000E+00	0.0000E+00	1.8864E+00
3.4300E+02	0.0000E+00	0.0000E+00	1.8813E+00
3.4400E+02	0.0000E+00	0.0000E+00	1.8749E+00
3.4500E+02	0.0000E+00	0.0000E+00	1.8708E+00
3.4600E+02	0.0000E+00	0.0000E+00	1.8679E+00
3.4700E+02	0.0000E+00	0.0000E+00	1.8691E+00
3.4800E+02	0.0000E+00	0.0000E+00	1.8669E+00
3.4900E+02	0.0000E+00	0.0000E+00	1.8724E+00
3.5000E+02	0.0000E+00	0.0000E+00	1.8756E+00
3.5100E+02	0.0000E+00	0.0000E+00	1.8782E+00
3.5200E+02	0.0000E+00	0.0000E+00	1.8823E+00
3.5300E+02	0.0000E+00	0.0000E+00	1.8876E+00
3.5400E+02	0.0000E+00	0.0000E+00	1.8940E+00
3.5500E+02	0.0000E+00	0.0000E+00	1.8971E+00
3.5600E+02	0.0000E+00	0.0000E+00	1.8982E+00
3.5700E+02	0.0000E+00	0.0000E+00	1.8998E+00
3.5800E+02	0.0000E+00	0.0000E+00	1.8992E+00
3.5900E+02	0.0000E+00	0.0000E+00	1.9005E+00
3.6000E+02	0.0000E+00	0.0000E+00	1.8975E+00
3.6100E+02	0.0000E+00	0.0000E+00	1.8937E+00
3.6200E+02	0.0000E+00	0.0000E+00	1.8933E+00
3.6300E+02	0.0000E+00	0.0000E+00	1.8889E+00
3.6400E+02	0.0000E+00	0.0000E+00	1.8852E+00
3.6500E+02	0.0000E+00	0.0000E+00	1.8806E+00
3.6600E+02	0.0000E+00	0.0000E+00	1.8745E+00
3.6700E+02	0.0000E+00	0.0000E+00	1.8715E+00
3.6800E+02	0.0000E+00	0.0000E+00	1.8694E+00
3.6900E+02	0.0000E+00	0.0000E+00	1.8665E+00
3.7000E+02	0.0000E+00	0.0000E+00	1.8609E+00
3.7100E+02	0.0000E+00	0.0000E+00	1.8549E+00
3.7200E+02	0.0000E+00	0.0000E+00	1.8559E+00
3.7300E+02	0.0000E+00	0.0000E+00	1.8576E+00
3.7400E+02	0.0000E+00	0.0000E+00	1.8686E+00
3.7500E+02	0.0000E+00	0.0000E+00	1.8665E+00
3.7600E+02	0.0000E+00	0.0000E+00	1.8600E+00
3.7700E+02	0.0000E+00	0.0000E+00	1.8501E+00
3.7800E+02	0.0000E+00	0.0000E+00	1.8623E+00
3.7900E+02	0.0000E+00	0.0000E+00	1.8721E+00
3.8000E+02	0.0000E+00	0.0000E+00	1.8583E+00
3.8100E+02	0.0000E+00	0.0000E+00	1.8580E+00
3.8200E+02	0.0000E+00	0.0000E+00	1.8518E+00
3.8300E+02	0.0000E+00	0.0000E+00	1.8502E+00
3.8400E+02	0.0000E+00	0.0000E+00	1.8445E+00
3.8500E+02	0.0000E+00	0.0000E+00	1.8417E+00
3.8600E+02	0.0000E+00	0.0000E+00	1.8368E+00
3.8700E+02	0.0000E+00	0.0000E+00	1.8334E+00
3.8800E+02	0.0000E+00	0.0000E+00	1.8090E+00
3.8900E+02	0.0000E+00	0.0000E+00	1.7841E+00
3.9000E+02	0.0000E+00	0.0000E+00	1.7906E+00
3.9100E+02	0.0000E+00	0.0000E+00	1.7841E+00
3.9200E+02	0.0000E+00	0.0000E+00	1.7739E+00
3.9300E+02	0.0000E+00	0.0000E+00	1.7647E+00
3.9400E+02	0.0000E+00	0.0000E+00	1.7591E+00
3.9500E+02	0.0000E+00	0.0000E+00	1.7693E+00
3.9600E+02	0.0000E+00	0.0000E+00	1.7785E+00
3.9700E+02	0.0000E+00	0.0000E+00	1.7730E+00
3.9800E+02	0.0000E+00	0.0000E+00	1.8082E+00
3.9900E+02	0.0000E+00	0.0000E+00	1.8614E+00
4.0000E+02	0.0000E+00	0.0000E+00	1.8800E+00
4.0100E+02	0.0000E+00	0.0000E+00	1.8772E+00
4.0200E+02	0.0000E+00	0.0000E+00	1.8697E+00
4.0300E+02	0.0000E+00	0.0000E+00	1.9205E+00
4.0400E+02	0.0000E+00	0.0000E+00	1.9209E+00
4.0500E+02	0.0000E+00	0.0000E+00	1.9154E+00
4.0600E+02	0.0000E+00	0.0000E+00	1.9106E+00
4.0700E+02	0.0000E+00	0.0000E+00	1.9006E+00
4.0800E+02	0.0000E+00	0.0000E+00	1.8905E+00
4.0900E+02	0.0000E+00	0.0000E+00	1.8803E+00
4.1000E+02	0.0000E+00	0.0000E+00	1.8745E+00
4.1100E+02	0.0000E+00	0.0000E+00	1.8702E+00
4.1200E+02	0.0000E+00	0.0000E+00	1.8674E+00
4.1300E+02	0.0000E+00	0.0000E+00	1.8655E+00
4.1400E+02	0.0000E+00	0.0000E+00	1.8599E+00
4.1500E+02	0.0000E+00	0.0000E+00	1.8559E+00
4.1600E+02	0.0000E+00	0.0000E+00	1.8403E+00
4.1700E+02	0.0000E+00	0.0000E+00	1.8239E+00
4.1800E+02	0.0000E+00	0.0000E+00	1.8242E+00
4.1900E+02	0.0000E+00	0.0000E+00	1.8247E+00
4.2000E+02	0.0000E+00	0.0000E+00	1.8196E+00
4.2100E+02	0.0000E+00	0.0000E+00	1.8268E+00
4.2200E+02	0.0000E+00	0.0000E+00	1.8455E+00
4.2300E+02	0.0000E+00	0.0000E+00	1.8784E+00
4.2400E+02	0.0000E+00	0.0000E+00	1.8711E+00
4.2500E+02	0.0000E+00	0.0000E+00	1.8673E+00
4.2600E+02	0.0000E+00	0.0000E+00	1.8887E+00
4.2700E+02	0.0000E+00	0.0000E+00	1.9152E+00
4.2800E+02	0.0000E+00	0.0000E+00	1.9027E+00
4.2900E+02	0.0000E+00	0.0000E+00	1.9000E+00
4.3000E+02	0.0000E+00	0.0000E+00	1.8950E+00
4.3100E+02	0.0000E+00	0.0000E+00	1.8923E+00
4.3200E+02	0.0000E+00	0.0000E+00	1.8900E+00
4.3300E+02	0.0000E+00	0.0000E+00	1.8869E+00
4.3400E+02	0.0000E+00	0.0000E+00	1.8883E+00
4.3500E+02	0.0000E+00	0.0000E+00	1.8865E+00
4.3600E+02	0.0000E+00	0.0000E+00	1.8879E+00
4.3700E+02	0.0000E+00	0.0000E+00	1.8856E+00
4.3800E+02	0.0000E+00	0.0000E+00	1.8867E+00
4.3900E+02	0.0000E+00	0.0000E+00	1.8873E+00
4.4000E+02	0.0000E+00	0.0000E+00	1.8805E+00
4.4100E+02	0.0000E+00	0.0000E+00	1.8803E+00
4.4200E+02	0.0000E+00	0.0000E+00	1.8790E+00
4.4300E+02	0.0000E+00	0.0000E+00	1.8755E+00
4.4400E+02	0.0000E+00	0.0000E+00	1.8775E+00
4.4500E+02	0.0000E+00	0.0000E+00	1.8717E+00
4.4600E+02	0.0000E+00	0.0000E+00	1.8691E+00
4.4700E+02	0.0000E+00	0.0000E+00	1.8688E+00
4.4800E+02	0.0000E+00	0.0000E+00	1.8770E+00
4.4900E+02	0.0000E+00	0.0000E+00	1.8804E+00
4.5000E+02	0.0000E+00	0.0000E+00	1.8856E+00
4.5100E+02	0.0000E+00	0.0000E+00	1.8963E+00
4.5200E+02	0.0000E+00	0.0000E+00	1.8941E+00
4.5300E+02	0.0000E+00	0.0000E+00	1.8905E+00
4.5400E+02	0.0000E+00	0.0000E+00	1.8891E+00
4.5500E+02	0.0000E+00	0.0000E+00	1.8807E+00
4.5600E+02	0.0000E+00	0.0000E+00	1.8795E+00
4.5700E+02	0.0000E+00	0.0000E+00	1.8769E+00
4.5800E+02	0.0000E+00	0.0000E+00	1.8725E+00
4.5900E+02	0.0000E+00	0.0000E+00	1.8714E+00
4.6000E+02	0.0000E+00	0.0000E+00	1.8692E+00
4.6100E+02	0.0000E+00	0.0000E+00	1.8664E+00
4.6200E+02	0.0000E+00	0.0000E+00	1.8658E+00
4.6300E+02	0.0000E+00	0.0000E+00	1.8614E+00
4.6400E+02	0.0000E+00	0.0000E+00	1.8554E+00
4.6500E+02	0.0000E+00	0.0000E+00	1.8479E+00
4.6600E+02	0.0000E+00	0.0000E+00	1.8431E+00
4.6700E+02	0.0000E+00	0.0000E+00	1.8455E+00
4.6800E+02	0.0000E+00	0.0000E+00	1.8494E+00
4.6900E+02	0.0000E+00	0.0000E+00	1.8489E+00
4.7000E+02	0.0000E+00	0.0000E+00	1.8518E+00
4.7100E+02	0.0000E+00	0.0000E+00	1.8533E+00
4.7200E+02	0.0000E+00	0.0000E+00	1.8529E+00
4.7300E+02	0.0000E+00	0.0000E+00	1.8556E+00
4.7400E+02	0.0000E+00	0.0000E+00	1.8614E+00
4.7500E+02	0.0000E+00	0.0000E+00	1.8700E+00
4.7600E+02	0.0000E+00	0.0000E+00	1.8698E+00
4.7700E+02	0.0000E+00	0.0000E+00	1.8746E+00
4.7800E+02	0.0000E+00	0.0000E+00	1.8762E+00
4.7900E+02	0.0000E+00	0.0000E+00	1.8738E+00
4.8000E+02	0.0000E+00	0.0000E+00	1.8770E+00
4.8100E+02	0.0000E+00	0.0000E+00	1.8721E+00
4.8200E+02	0.0000E+00	0.0000E+00	1.8673E+00
4.8300E+02	0.0000E+00	0.0000E+00	1.8649E+00
4.8400E+02	0.0000E+00	0.0000E+00	1.8610E+00
4.8500E+02	0.0000E+00	0.0000E+00	1.8568E+00
4.8600E+02	0.0000E+00	0.0000E+00	1.8542E+00
4.8700E+02	0.0000E+00	0.0000E+00	1.8504E+00
4.8800E+02	0.0000E+00	0.0000E+00	1.8462E+00
4.8900E+02	0.0000E+00	0.0000E+00	1.8455E+00
4.9000E+02	0.0000E+00	0.0000E+00	1.8415E+00
4.9100E+02	0.0000E+00	0.0000E+00	1.8364E+00
4.9200E+02	0.0000E+00	0.0000E+00	1.8329E+00
4.9300E+02	0.0000E+00	0.0000E+00	1.8368E+00
4.9400E+02	0.0000E+00	0.0000E+00	1.8420E+00
4.9500E+02	0.0000E+00	0.0000E+00	1.8504E+00
4.9600E+02	0.0000E+00	0.0000E+00	1.8483E+00
4.9700E+02	0.0000E+00	0.0000E+00	1.8483E+00
4.9800E+02	0.0000E+00	0.0000E+00	1.8558E+00
4.9900E+02	0.0000E+00	0.0000E+00	1.8933E+00
5.0000E+02	0.0000E+00	0.0000E+00	1.8879E+00
5.0100E+02	0.0000E+00	0.0000E+00	1.8888E+00
5.0200E+02	0.0000E+00	0.0000E+00	1.8941E+00
5.0300E+02	0.0000E+00	0.0000E+00	1.9013E+00
5.0400E+02	0.0000E+00	0.0000E+00	1.9076E+00
5.0500E+02	0.0000E+00	0.0000E+00	1.9138E+00
5.0600E+02	0.0000E+00	0.0000E+00	1.9239E+00
5.0700E+02	0.0000E+00	0.0000E+00	1.9297E+00
5.0800E+02	0.0000E+00	0.0000E+00	1.9263E+00
5.0900E+02	0.0000E+00	0.0000E+00	1.9217E+00
5.1000E+02	0.0000E+00	0.0000E+00	1.9182E+00
5.1100E+02	0.0000E+00	0.0000E+00	1.9151E+00
5.1200E+02	0.0000E+00	0.0000E+00	1.9117E+00
5.1300E+02	0.0000E+00	0.0000E+00	1.9084E+00
5.1400E+02	0.0000E+00	0.0000E+00	1.9032E+00
5.1500E+02	0.0000E+00	0.0000E+00	1.9025E+00
5.1600E+02	0.0000E+00	0.0000E+00	1.9011E+00
5.1700E+02	0.0000E+00	0.0000E+00	1.9041E+00
5.1800E+02	0.0000E+00	0.0000E+00	1.9011E+00
5.1900E+02	0.0000E+00	0.0000E+00	1.8971E+00
5.2000E+02	0.0000E+00	0.0000E+00	1.8953E+00
5.2100E+02	0.0000E+00	0.0000E+00	1.9043E+00
5.2200E+02	0.0000E+00	0.0000E+00	1.9091E+00
5.2300E+02	0.0000E+00	0.0000E+00	1.9089E+00
5.2400E+02	0.0000E+00	0.0000E+00	1.9213E+00
5.2500E+02	0.0000E+00	0.0000E+00	1.9291E+00
5.2600E+02	0.0000E+00	0.0000E+00	1.9397E+00
5.2700E+02	0.0000E+00	0.0000E+00	1.9512E+00
5.2800E+02	0.0000E+00	0.0000E+00	1.9699E+00
5.2900E+02	0.0000E+00	0.0000E+00	1.9732E+00
5.3000E+02	0.0000E+00	0.0000E+00	1.9766E+00
5.3100E+02	0.0000E+00	0.0000E+00	1.9770E+00
5.3200E+02	0.0000E+00	0.0000E+00	1.9723E+00
5.3300E+02	0.0000E+00	0.0000E+00	1.9690E+00
5.3400E+02	0.0000E+00	0.0000E+00	1.9661E+00
5.3500E+02	0.0000E+00	0.0000E+00	1.9609E+00
5.3600E+02	0.0000E+00	0.0000E+00	1.9619E+00
5.3700E+02	0.0000E+00	0.0000E+00	1.9580E+00
5.3800E+02	0.0000E+00	0.0000E+00	1.9495E+00
5.3900E+02	0.0000E+00	0.0000E+00	1.9500E+00
5.4000E+02	0.0000E+00	0.0000E+00	1.9499E+00
5.4100E+02	0.0000E+00	0.0000E+00	1.9473E+00
5.4200E+02	0.0000E+00	0.0000E+00	1.9442E+00
5.4300E+02	0.0000E+00	0.0000E+00	1.9399E+00
5.4400E+02	0.0000E+00	0.0000E+00	1.9455E+00
5.4500E+02	0.0000E+00	0.0000E+00	1.9443E+00
5.4600E+02	0.0000E+00	0.0000E+00	1.9445E+00
5.4700E+02	0.0000E+00	0.0000E+00	1.9533E+00
5.4800E+02	0.0000E+00	0.0000E+00	1.9594E+00
5.4900E+02	0.0000E+00	0.0000E+00	1.9676E+00
5.5000E+02	0.0000E+00	0.0000E+00	1.9734E+00
5.5100E+02	0.0000E+00	0.0000E+00	1.9758E+00
5.5200E+02	0.0000E+00	0.0000E+00	1.9782E+00
5.5300E+02	0.0000E+00	0.0000E+00	1.9763E+00
5.5400E+02	0.0000E+00	0.0000E+00	1.9711E+00
5.5500E+02	0.0000E+00	0.0000E+00	1.9679E+00
5.5600E+02	0.0000E+00	0.0000E+00	1.9588E+00
5.5700E+02	0.0000E+00	0.0000E+00	1.9539E+00
5.5800E+02	0.0000E+00	0.0000E+00	1.9483E+00
5.5900E+02	0.0000E+00	0.0000E+00	1.9402E+00
5.6000E+02	0.0000E+00	0.0000E+00	1.9286E+00
5.6100E+02	0.0000E+00	0.0000E+00	1.9013E+00
5.6200E+02	0.0000E+00	0.0000E+00	1.9000E+00
5.6300E+02	0.0000E+00	0.0000E+00	1.9015E+00
5.6400E+02	0.0000E+00	0.0000E+00	1.9099E+00
5.6500E+02	0.0000E+00	0.0000E+00	1.9173E+00
5.6600E+02	0.0000E+00	0.0000E+00	1.9383E+00
5.6700E+02	0.0000E+00	0.0000E+00	1.9459E+00
5.6800E+02	0.0000E+00	0.0000E+00	1.9262E+00
5.6900E+02	0.0000E+00	0.0000E+00	1.9503E+00
5.7000E+02	0.0000E+00	0.0000E+00	1.9774E+00
5.7100E+02	0.0000E+00	0.0000E+00	1.9567E+00
5.7200E+02	0.0000E+00	0.0000E+00	1.9517E+00
5.7300E+02	0.0000E+00	0.0000E+00	1.9570E+00
5.7400E+02	0.0000E+00	0.0000E+00	1.9646E+00
5.7500E+02	0.0000E+00	0.0000E+00	1.9776E+00
5.7600E+02	0.0000E+00	0.0000E+00	1.9883E+00
5.7700E+02	0.0000E+00	0.0000E+00	2.0018E+00
5.7800E+02	0.0000E+00	0.0000E+00	2.0007E+00
5.7900E+02	0.0000E+00	0.0000E+00	1.9979E+00
5.8000E+02	0.0000E+00	0.0000E+00	1.9958E+00
5.8100E+02	0.0000E+00	0.0000E+00	1.9899E+00
5.8200E+02	0.0000E+00	0.0000E+00	1.9850E+00
5.8300E+02	0.0000E+00	0.0000E+00	1.9824E+00
5.8400E+02	0.0000E+00	0.0000E+00	1.9759E+00
5.8500E+02	0.0000E+00	0.0000E+00	1.9698E+00
5.8600E+02	0.0000E+00	0.0000E+00	1.9484E+00
5.8700E+02	0.0000E+00	0.0000E+00	1.9556E+00
5.8800E+02	0.0000E+00	0.0000E+00	1.9588E+00
5.8900E+02	0.0000E+00	0.0000E+00	1.9718E+00
5.9000E+02	0.0000E+00	0.0000E+00	1.9804E+00
5.9100E+02	0.0000E+00	0.0000E+00	1.9643E+00
5.9200E+02	0.0000E+00	0.0000E+00	1.9648E+00
5.9300E+02	0.0000E+00	0.0000E+00	1.9853E+00
5.9400E+02	0.0000E+00	0.0000E+00	1.9673E+00
5.9500E+02	0.0000E+00	0.0000E+00	1.9687E+00
5.9600E+02	0.0000E+00	0.0000E+00	1.9724E+00
5.9700E+02	0.0000E+00	0.0000E+00	1.9840E+00
5.9800E+02	0.0000E+00	0.0000E+00	1.9959E+00
5.9900E+02	0.0000E+00	0.0000E+00	2.0162E+00
6.0000E+02	0.0000E+00	0.0000E+00	2.0343E+00
6.0100E+02	0.0000E+00	0.0000E+00	2.0381E+00
6.0200E+02	0.0000E+00	0.0000E+00	2.0370E+00
6.0300E+02	0.0000E+00	0.0000E+00	2.0392E+00
6.0400E+02	0.0000E+00	0.0000E+00	2.0334E+00
6.0500E+02	0.0000E+00	0.0000E+00	2.0331E+00
6.0600E+02	0.0000E+00	0.0000E+00	2.0278E+00
6.0700E+02	0.0000E+00	0.0000E+00	2.0229E+00
6.0800E+02	0.0000E+00	0.0000E+00	2.0209E+00
6.0900E+02	0.0000E+00	0.0000E+00	2.0053E+00
6.1000E+02	0.0000E+00	0.0000E+00	1.9928E+00
6.1100E+02	0.0000E+00	0.0000E+00	1.9929E+00
6.1200E+02	0.0000E+00	0.0000E+00	1.9969E+00
6.1300E+02	0.0000E+00	0.0000E+00	2.0089E+00
6.1400E+02	0.0000E+00	0.0000E+00	2.0089E+00
6.1500E+02	0.0000E+00	0.0000E+00	1.9989E+00
6.1600E+02	0.0000E+00	0.0000E+00	2.0097E+00
6.1700E+02	0.0000E+00	0.0000E+00	2.0176E+00
6.1800E+02	0.0000E+00	0.0000E+00	1.9998E+00
6.1900E+02	0.0000E+00	0.0000E+00	2.0026E+00
6.2000E+02	0.0000E+00	0.0000E+00	2.0208E+00
6.2100E+02	0.0000E+00	0.0000E+00	2.0320E+00
6.2200E+02	0.0000E+00	0.0000E+00	2.0516E+00
6.2300E+02	0.0000E+00	0.0000E+00	2.0774E+00
6.2400E+02	0.0000E+00	0.0000E+00	2.0973E+00
6.2500E+02	0.0000E+00	0.0000E+00	2.1074E+00
6.2600E+02	0.0000E+00	0.0000E+00	2.1139E+00
6.2700E+02	0.0000E+00	0.0000E+00	2.1073E+00
6.2800E+02	0.0000E+00	0.0000E+00	2.1002E+00
6.2900E+02	0.0000E+00	0.0000E+00	2.0956E+00
6.3000E+02	0.0000E+00	0.0000E+00	2.0894E+00
6.3100E+02	0.0000E+00	0.0000E+00	2.0793E+00
6.3200E+02	0.0000E+00	0.0000E+00	2.0799E+00
6.3300E+02	0.0000E+00	0.0000E+00	2.0634E+00
6.3400E+02	0.0000E+00	0.0000E+00	2.0615E+00
6.3500E+02	0.0000E+00	0.0000E+00	2.0611E+00
6.3600E+02	0.0000E+00	0.0000E+00	2.0666E+00
6.3700E+02	0.0000E+00	0.0000E+00	2.0557E+00
6.3800E+02	0.0000E+00	0.0000E+00	2.0555E+00
6.3900E+02	0.0000E+00	0.0000E+00	2.0575E+00
6.4000E+02	0.0000E+00	0.0000E+00	2.0552E+00
6.4100E+02	0.0000E+00	0.0000E+00	2.0626E+00
6.4200E+02	0.0000E+00	0.0000E+00	2.0542E+00
6.4300E+02	0.0000E+00	0.0000E+00	2.0581E+00
6.4400E+02	0.0000E+00	0.0000E+00	2.0661E+00
6.4500E+02	0.0000E+00	0.0000E+00	2.0811E+00
6.4600E+02	0.0000E+00	0.0000E+00	2.0968E+00
6.4700E+02	0.0000E+00	0.0000E+00	2.1181E+00
6.4800E+02	0.0000E+00	0.0000E+00	2.1280E+00
6.4900E+02	0.0000E+00	0.0000E+00	2.1337E+00
6.5000E+02	0.0000E+00	0.0000E+00	2.1371E+00
6.5100E+02	0.0000E+00	0.0000E+00	2.1456E+00
6.5200E+02	0.0000E+00	0.0000E+00	2.1335E+00
6.5300E+02	0.0000E+00	0.0000E+00	2.1349E+00
6.5400E+02	0.0000E+00	0.0000E+00	2.1292E+00
6.5500E+02	0.0000E+00	0.0000E+00	2.1262E+00
6.5600E+02	0.0000E+00	0.0000E+00	2.1258E+00
6.5700E+02	0.0000E+00	0.0000E+00	2.1097E+00
6.5800E+02	0.0000E+00	0.0000E+00	2.1065E+00
6.5900E+02	0.0000E+00	0.0000E+00	2.1055E+00
6.6000E+02	0.0000E+00	0.0000E+00	2.0995E+00
6.6100E+02	0.0000E+00	0.0000E+00	2.0939E+00
6.6200E+02	0.0000E+00	0.0000E+00	2.0896E+00
6.6300E+02	0.0000E+00	0.0000E+00	2.0898E+00
6.6400E+02	0.0000E+00	0.0000E+00	2.0854E+00
6.6500E+02	0.0000E+00	0.0000E+00	2.0895E+00
6.6600E+02	0.0000E+00	0.0000E+00	2.0961E+00
6.6700E+02	0.0000E+00	0.0000E+00	2.1010E+00
6.6800E+02	0.0000E+00	0.0000E+00	2.1163E+00
6.6900E+02	0.0000E+00	0.0000E+00	2.1266E+00
6.7000E+02	0.0000E+00	0.0000E+00	2.1383E+00
6.7100E+02	0.0000E+00	0.0000E+00	2.1528E+00
6.7200E+02	0.0000E+00	0.0000E+00	2.1487E+00
6.7300E+02	0.0000E+00	0.0000E+00	2.1527E+00
6.7400E+02	0.0000E+00	0.0000E+00	2.1444E+00
6.7500E+02	0.0000E+00	0.0000E+00	2.1403E+00
6.7600E+02	0.0000E+00	0.0000E+00	2.1367E+00
6.7700E+02	0.0000E+00	0.0000E+00	2.1346E+00
6.7800E+02	0.0000E+00	0.0000E+00	2.1325E+00
6.7900E+02	0.0000E+00	0.0000E+00	2.1209E+00
6.8000E+02	0.0000E+00	0.0000E+00	2.1140E+00
6.8100E+02	0.0000E+00	0.0000E+00	2.1123E+00
6.8200E+02	0.0000E+00	0.0000E+00	2.1054E+00
6.8300E+02	0.0000E+00	0.0000E+00	2.1073E+00
6.8400E+02	0.0000E+00	0.0000E+00	2.1011E+00
6.8500E+02	0.0000E+00	0.0000E+00	2.0984E+00
6.8600E+02	0.0000E+00	0.0000E+00	2.0913E+00
6.8700E+02	0.0000E+00	0.0000E+00	2.0652E+00
6.8800E+02	0.0000E+00	0.0000E+00	2.0610E+00
6.8900E+02	0.0000E+00	0.0000E+00	2.0587E+00
6.9000E+02	0.0000E+00	0.0000E+00	2.0623E+00
6.9100E+02	0.0000E+00	0.0000E+00	2.0742E+00
6.9200E+02	0.0000E+00	0.0000E+00	2.0843E+00
6.9300E+02	0.0000E+00	0.0000E+00	2.0979E+00
6.9400E+02	0.0000E+00	0.0000E+00	2.1168E+00
6.9500E+02	0.0000E+00	0.0000E+00	2.1182E+00
6.9600E+02	0.0000E+00	0.0000E+00	2.1193E+00
6.9700E+02	0.0000E+00	0.0000E+00	2.1241E+00
6.9800E+02	0.0000E+00	0.0000E+00	2.1176E+00
6.9900E+02	0.0000E+00	0.0000E+00	2.1151E+00
7.0000E+02	0.0000E+00	0.0000E+00	2.1029E+00
7.0100E+02	0.0000E+00	0.0000E+00	2.0955E+00
7.0200E+02	0.0000E+00	0.0000E+00	2.0934E+00
7.0300E+02	0.0000E+00	0.0000E+00	2.0846E+00
7.0400E+02	0.0000E+00	0.0000E+00	2.0790E+00
7.0500E+02	0.0000E+00	0.0000E+00	2.0785E+00
7.0600E+02	0.0000E+00	0.0000E+00	2.0691E+00
7.0700E+02	0.0000E+00	0.0000E+00	2.0713E+00
7.0800E+02	0.0000E+00	0.0000E+00	2.0646E+00
7.0900E+02	0.0000E+00	0.0000E+00	2.0668E+00
7.1000E+02	0.0000E+00	0.0000E+00	2.0634E+00
7.1100E+02	0.0000E+00	0.0000E+00	2.0633E+00
7.1200E+02	0.0000E+00	0.0000E+00	2.0559E+00
7.1300E+02	0.0000E+00	0.0000E+00	2.0534E+00
7.1400E+02	0.0000E+00	0.0000E+00	2.0528E+00
7.1500E+02	0.0000E+00	0.0000E+00	2.0519E+00
7.1600E+02	0.0000E+00	0.0000E+00	2.0488E+00
7.1700E+02	0.0000E+00	0.0000E+00	2.0514E+00
7.1800E+02	0.0000E+00	0.0000E+00	2.0529E+00
7.1900E+02	0.0000E+00	0.0000E+00	2.0560E+00
7.2000E+02	0.0000E+00	0.0000E+00	2.0573E+00
7.2100E+02	0.0000E+00	0.0000E+00	2.0544E+00
7.2200E+02	0.0000E+00	0.0000E+00	2.0459E+00
7.2300E+02	0.0000E+00	0.0000E+00	2.0450E+00
7.2400E+02	0.0000E+00	0.0000E+00	2.0419E+00
7.2500E+02	0.0000E+00	0.0000E+00	2.0365E+00
7.2600E+02	0.0000E+00	0.0000E+00	2.0342E+00
7.2700E+02	0.0000E+00	0.0000E+00	2.0296E+00
7.2800E+02	0.0000E+00	0.0000E+00	2.0251E+00
7.2900E+02	0.0000E+00	0.0000E+00	2.0266E+00
7.3000E+02	0.0000E+00	0.0000E+00	2.0243E+00
7.3100E+02	0.0000E+00	0.0000E+00	2.0209E+00
7.3200E+02	0.0000E+00	0.0000E+00	2.0232E+00
7.3300E+02	0.0000E+00	0.0000E+00	2.0207E+00
7.3400E+02	0.0000E+00	0.0000E+00	2.0198E+00
7.3500E+02	0.0000E+00	0.0000E+00	1.9873E+00
7.3600E+02	0.0000E+00	0.0000E+00	1.9880E+00
7.3700E+02	0.0000E+00	0.0000E+00	1.9823E+00
7.3800E+02	0.0000E+00	0.0000E+00	1.9836E+00
7.3900E+02	0.0000E+00	0.0000E+00	1.9858E+00
7.4000E+02	0.0000E+00	0.0000E+00	1.9879E+00
7.4100E+02	0.0000E+00	0.0000E+00	1.9871E+00
7.4200E+02	0.0000E+00	0.0000E+00	1.9938E+00
7.4300E+02	0.0000E+00	0.0000E+00	1.9917E+00
7.4400E+02	0.0000E+00	0.0000E+00	1.9914E+00
7.4500E+02	0.0000E+00	0.0000E+00	1.9883E+00
7.4600E+02	0.0000E+00	0.0000E+00	1.9866E+00
7.4700E+02	0.0000E+00	0.0000E+00	1.9862E+00
7.4800E+02	0.0000E+00	0.0000E+00	1.9866E+00
7.4900E+02	0.0000E+00	0.0000E+00	1.9814E+00
7.5000E+02	0.0000E+00	0.0000E+00	1.9799E+00
7.5100E+02	0.0000E+00	0.0000E+00	1.9764E+00
7.5200E+02	0.0000E+00	0.0000E+00	1.9734E+00
7.5300E+02	0.0000E+00	0.0000E+00	1.9715E+00
7.5400E+02	0.0000E+00	0.0000E+00	1.9688E+00
7.5500E+02	0.0000E+00	0.0000E+00	1.9653E+00
7.5600E+02	0.0000E+00	0.0000E+00	1.9600E+00
7.5700E+02	0.0000E+00	0.0000E+00	1.9548E+00
7.5800E+02	0.0000E+00	0.0000E+00	1.9394E+00
7.5900E+02	0.0000E+00	0.0000E+00	1.9400E+00
7.6000E+02	0.0000E+00	0.0000E+00	1.9432E+00
7.6100E+02	0.0000E+00	0.0000E+00	1.9411E+00
7.6200E+02	0.0000E+00	0.0000E+00	1.9370E+00
7.6300E+02	0.0000E+00	0.0000E+00	1.9416E+00
7.6400E+02	0.0000E+00	0.0000E+00	1.9403E+00
7.6500E+02	0.0000E+00	0.0000E+00	1.9415E+00
7.6600E+02	0.0000E+00	0.0000E+00	1.9371E+00
7.6700E+02	0.0000E+00	0.0000E+00	1.9355E+00
7.6800E+02	0.0000E+00	0.0000E+00	1.9390E+00
7.6900E+02	0.0000E+00	0.0000E+00	1.9380E+00
7.7000E+02	0.0000E+00	0.0000E+00	1.9369E+00
7.7100E+02	0.0000E+00	0.0000E+00	1.9346E+00
7.7200E+02	0.0000E+00	0.0000E+00	1.9342E+00
7.7300E+02	0.0000E+00	0.0000E+00	1.9276E+00
7.7400E+02	0.0000E+00	0.0000E+00	1.9254E+00
7.7500E+02	0.0000E+00	0.0000E+00	1.9193E+00
7.7600E+02	0.0000E+00	0.0000E+00	1.9146E+00
7.7700E+02	0.0000E+00	0.0000E+00	1.9148E+00
7.7800E+02	0.0000E+00	0.0000E+00	1.9128E+00
7.7900E+02	0.0000E+00	0.0000E+00	1.9097E+00
7.8000E+02	0.0000E+00	0.0000E+00	1.9090E+00
7.8100E+02	0.0000E+00	0.0000E+00	1.9106E+00
7.8200E+02	0.0000E+00	0.0000E+00	1.8974E+00
7.8300E+02	0.0000E+00	0.0000E+00	1.8983E+00
7.8400E+02	0.0000E+00	0.0000E+00	1.8976E+00
7.8500E+02	0.0000E+00	0.0000E+00	1.8967E+00
7.8600E+02	0.0000E+00	0.0000E+00	1.8959E+00
7.8700E+02	0.0000E+00	0.0000E+00	1.8985E+00
7.8800E+02	0.0000E+00	0.0000E+00	1.9009E+00
7.8900E+02	0.0000E+00	0.0000E+00	1.9163E+00
7.9000E+02	0.0000E+00	0.0000E+00	1.9313E+00
7.9100E+02	0.0000E+00	0.0000E+00	1.9518E+00
7.9200E+02	0.0000E+00	0.0000E+00	1.9624E+00
7.9300E+02	0.0000E+00	0.0000E+00	1.9719E+00
7.9400E+02	0.0000E+00	0.0000E+00	1.9739E+00
7.9500E+02	0.0000E+00	0.0000E+00	1.9694E+00
7.9600E+02	0.0000E+00	0.0000E+00	1.9672E+00
7.9700E+02	0.0000E+00	0.0000E+00	1.9592E+00
7.9800E+02	0.0000E+00	0.0000E+00	1.9563E+00
7.9900E+02	0.0000E+00	0.0000E+00	1.9513E+00
8.0000E+02	0.0000E+00	0.0000E+00	1.9467E+00
8.0100E+02	0.0000E+00	0.0000E+00	1.9387E+00
8.0200E+02	0.0000E+00	0.0000E+00	1.9378E+00
8.0300E+02	0.0000E+00	0.0000E+00	1.9343E+00
8.0400E+02	0.0000E+00	0.0000E+00	1.9356E+00
8.0500E+02	0.0000E+00	0.0000E+00	1.9345E+00
8.0600E+02	0.0000E+00	0.0000E+00	1.9307E+00
8.0700E+02	0.0000E+00	0.0000E+00	1.9306E+00
8.0800E+02	0.0000E+00	0.0000E+00	1.9286E+00
8.0900E+02	0.0000E+00	0.0000E+00	1.9282E+00
8.1000E+02	0.0000E+00	0.0000E+00	1.9301E+00
8.1100E+02	0.0000E+00	0.0000E+00	1.9348E+00
8.1200E+02	0.0000E+00	0.0000E+00	1.9447E+00
8.1300E+02	0.0000E+00	0.0000E+00	1.9640E+00
8.1400E+02	0.0000E+00	0.0000E+00	1.9946E+00
8.1500E+02	0.0000E+00	0.0000E+00	2.0195E+00
8.1600E+02	0.0000E+00	0.0000E+00	2.0422E+00
8.1700E+02	0.0000E+00	0.0000E+00	2.0579E+00
8.1800E+02	0.0000E+00	0.0000E+00	2.0644E+00
8.1900E+02	0.0000E+00	0.0000E+00	2.0666E+00
8.2000E+02	0.0000E+00	0.0000E+00	2.0602E+00
8.2100E+02	0.0000E+00	0.0000E+00	2.0498E+00
8.2200E+02	0.0000E+00	0.0000E+00	2.0435E+00
8.2300E+02	0.0000E+00	0.0000E+00	2.0381E+00
8.2400E+02	0.0000E+00	0.0000E+00	2.0288E+00
8.2500E+02	0.0000E+00	0.0000E+00	2.0238E+00
8.2600E+02	0.0000E+00	0.0000E+00	2.0232E+00
8.2700E+02	0.0000E+00	0.0000E+00	2.0220E+00
8.2800E+02	0.0000E+00	0.0000E+00	2.0127E+00
8.2900E+02	0.0000E+00	0.0000E+00	2.0098E+00
8.3000E+02	0.0000E+00	0.0000E+00	2.0076E+00
8.3100E+02	0.0000E+00	0.0000E+00	2.0061E+00
8.3200E+02	0.0000E+00	0.0000E+00	2.0041E+00
8.3300E+02	0.0000E+00	0.0000E+00	1.9958E+00
8.3400E+02	0.0000E+00	0.0000E+00	2.0027E+00
8.3500E+02	0.0000E+00	0.0000E+00	1.9985E+00
8.3600E+02	0.0000E+00	0.0000E+00	2.0129E+00
8.3700E+02	0.0000E+00	0.0000E+00	2.0290E+00
8.3800E+02	0.0000E+00	0.0000E+00	2.0566E+00
8.3900E+02	0.0000E+00	0.0000E+00	2.0792E+00
8.4000E+02	0.0000E+00	0.0000E+00	2.0991E+00
8.4100E+02	0.0000E+00	0.0000E+00	2.1090E+00
8.4200E+02	0.0000E+00	0.0000E+00	2.1162E+00
8.4300E+02	0.0000E+00	0.0000E+00	2.1092E+00
8.4400E+02	0.0000E+00	0.0000E+00	2.1104E+00
8.4500E+02	0.0000E+00	0.0000E+00	2.1043E+00
8.4600E+02	0.0000E+00	0.0000E+00	2.1016E+00
8.4700E+02	0.0000E+00	0.0000E+00	2.0919E+00
8.4800E+02	0.0000E+00	0.0000E+00	2.0892E+00
8.4900E+02	0.0000E+00	0.0000E+00	2.0807E+00
8.5000E+02	0.0000E+00	0.0000E+00	2.0804E+00
8.5100E+02	0.0000E+00	0.0000E+00	2.0808E+00
8.5200E+02	0.0000E+00	0.0000E+00	2.0741E+00
8.5300E+02	0.0000E+00	0.0000E+00	2.0670E+00
8.5400E+02	0.0000E+00	0.0000E+00	2.0628E+00
8.5500E+02	0.0000E+00	0.0000E+00	2.0654E+00
8.5600E+02	0.0000E+00	0.0000E+00	2.0611E+00
8.5700E+02	0.0000E+00	0.0000E+00	2.0537E+00
8.5800E+02	0.0000E+00	0.0000E+00	2.0528E+00
8.5900E+02	0.0000E+00	0.0000E+00	2.0604E+00
8.6000E+02	0.0000E+00	0.0000E+00	2.0684E+00
8.6100E+02	0.0000E+00	0.0000E+00	2.0880E+00
8.6200E+02	0.0000E+00	0.0000E+00	2.1003E+00
8.6300E+02	0.0000E+00	0.0000E+00	2.1125E+00
8.6400E+02	0.0000E+00	0.0000E+00	2.1245E+00
8.6500E+02	0.0000E+00	0.0000E+00	2.1288E+00
8.6600E+02	0.0000E+00	0.0000E+00	2.1269E+00
8.6700E+02	0.0000E+00	0.0000E+00	2.1217E+00
8.6800E+02	0.0000E+00	0.0000E+00	2.1323E+00
8.6900E+02	0.0000E+00	0.0000E+00	2.1202E+00
8.7000E+02	0.0000E+00	0.0000E+00	2.1217E+00
8.7100E+02	0.0000E+00	0.0000E+00	2.1145E+00
8.7200E+02	0.0000E+00	0.0000E+00	2.1150E+00
8.7300E+02	0.0000E+00	0.0000E+00	2.1048E+00
8.7400E+02	0.0000E+00	0.0000E+00	2.1017E+00
8.7500E+02	0.0000E+00	0.0000E+00	2.0973E+00
8.7600E+02	0.0000E+00	0.0000E+00	2.0943E+00
8.7700E+02	0.0000E+00	0.0000E+00	2.0934E+00
8.7800E+02	0.0000E+00	0.0000E+00	2.0898E+00
8.7900E+02	0.0000E+00	0.0000E+00	2.0831E+00
8.8000E+02	0.0000E+00	0.0000E+00	2.0820E+00
8.8100E+02	0.0000E+00	0.0000E+00	2.0808E+00
8.8200E+02	0.0000E+00	0.0000E+00	2.0825E+00
8.8300E+02	0.0000E+00	0.0000E+00	2.0871E+00
8.8400E+02	0.0000E+00	0.0000E+00	2.1004E+00
8.8500E+02	0.0000E+00	0.0000E+00	2.1397E+00
8.8600E+02	0.0000E+00	0.0000E+00	2.1723E+00
8.8700E+02	0.0000E+00	0.0000E+00	2.1997E+00
8.8800E+02	0.0000E+00	0.0000E+00	2.2249E+00
8.8900E+02	0.0000E+00	0.0000E+00	2.2300E+00
8.9000E+02	0.0000E+00	0.0000E+00	2.2466E+00
8.9100E+02	0.0000E+00	0.0000E+00	2.2408E+00
8.9200E+02	0.0000E+00	0.0000E+00	2.2302E+00
8.9300E+02	0.0000E+00	0.0000E+00	2.2257E+00
8.9400E+02	0.0000E+00	0.0000E+00	2.2197E+00
8.9500E+02	0.0000E+00	0.0000E+00	2.2052E+00
8.9600E+02	0.0000E+00	0.0000E+00	2.2035E+00
8.9700E+02	0.0000E+00	0.0000E+00	2.1963E+00
8.9800E+02	0.0000E+00	0.0000E+00	2.1906E+00
8.9900E+02	0.0000E+00	0.0000E+00	2.1859E+00
9.0000E+02	0.0000E+00	0.0000E+00	2.1730E+00
9.0100E+02	0.0000E+00	0.0000E+00	2.1680E+00
9.0200E+02	0.0000E+00	0.0000E+00	2.1570E+00
9.0300E+02	0.0000E+00	0.0000E+00	2.1538E+00
9.0400E+02	0.0000E+00	0.0000E+00	2.1552E+00
9.0500E+02	0.0000E+00	0.0000E+00	2.1514E+00
9.0600E+02	0.0000E+00	0.0000E+00	2.1466E+00
9.0700E+02	0.0000E+00	0.0000E+00	2.1467E+00
9.0800E+02	0.0000E+00	0.0000E+00	2.1500E+00
9.0900E+02	0.0000E+00	0.0000E+00	2.1608E+00
9.1000E+02	0.0000E+00	0.0000E+00	2.1775E+00
9.1100E+02	0.0000E+00	0.0000E+00	2.1859E+00
9.1200E+02	0.0000E+00	0.0000E+00	2.1964E+00
9.1300E+02	0.0000E+00	0.0000E+00	2.2123E+00
9.1400E+02	0.0000E+00	0.0000E+00	2.2111E+00
9.1500E+02	0.0000E+00	0.0000E+00	2.2144E+00
9.1600E+02	0.0000E+00	0.0000E+00	2.2157E+00
9.1700E+02	0.0000E+00	0.0000E+00	2.2055E+00
9.1800E+02	0.0000E+00	0.0000E+00	2.2021E+00
9.1900E+02	0.0000E+00	0.0000E+00	2.1958E+00
9.2000E+02	0.0000E+00	0.0000E+00	2.1961E+00
9.2100E+02	0.0000E+00	0.0000E+00	2.1782E+00
9.2200E+02	0.0000E+00	0.0000E+00	2.1829E+00
9.2300E+02	0.0000E+00	0.0000E+00	2.1724E+00
9.2400E+02	0.0000E+00	0.0000E+00	2.1678E+00
9.2500E+02	0.0000E+00	0.0000E+00	2.1700E+00
9.2600E+02	0.0000E+00	0.0000E+00	2.1553E+00
9.2700E+02	0.0000E+00	0.0000E+00	2.1562E+00
9.2800E+02	0.0000E+00	0.0000E+00	2.1499E+00
9.2900E+02	0.0000E+00	0.0000E+00	2.1501E+00
9.3000E+02	0.0000E+00	0.0000E+00	2.1419E+00
9.3100E+02	0.0000E+00	0.0000E+00	2.1433E+00
9.3200E+02	0.0000E+00	0.0000E+00	2.1486E+00
9.3300E+02	0.0000E+00	0.0000E+00	2.1780E+00
9.3400E+02	0.0000E+00	0.0000E+00	2.2086E+00
9.3500E+02	0.0000E+00	0.0000E+00	2.2315E+00
9.3600E+02	0.0000E+00	0.0000E+00	2.2505E+00
9.3700E+02	0.0000E+00	0.0000E+00	2.2547E+00
9.3800E+02	0.0000E+00	0.0000E+00	2.2617E+00
9.3900E+02	0.0000E+00	0.0000E+00	2.2617E+00
9.4000E+02	0.0000E+00	0.0000E+00	2.2625E+00
9.4100E+02	0.0000E+00	0.0000E+00	2.2594E+00
9.4200E+02	0.0000E+00	0.0000E+00	2.2542E+00
9.4300E+02	0.0000E+00	0.0000E+00	2.2407E+00
9.4400E+02	0.0000E+00	0.0000E+00	2.2389E+00
9.4500E+02	0.0000E+00	0.0000E+00	2.2262E+00
9.4600E+02	0.0000E+00	0.0000E+00	2.2287E+00
9.4700E+02	0.0000E+00	0.0000E+00	2.2241E+00
9.4800E+02	0.0000E+00	0.0000E+00	2.2193E+00
9.4900E+02	0.0000E+00	0.0000E+00	2.2114E+00
9.5000E+02	0.0000E+00	0.0000E+00	2.2019E+00
9.5100E+02	0.0000E+00	0.0000E+00	2.1984E+00
9.5200E+02	0.0000E+00	0.0000E+00	2.1903E+00
9.5300E+02	0.0000E+00	0.0000E+00	2.1858E+00
9.5400E+02	0.0000E+00	0.0000E+00	2.1767E+00
9.5500E+02	0.0000E+00	0.0000E+00	2.1788E+00
9.5600E+02	0.0000E+00	0.0000E+00	2.1853E+00
9.5700E+02	0.0000E+00	0.0000E+00	2.1969E+00
9.5800E+02	0.0000E+00	0.0000E+00	2.2016E+00
9.5900E+02	0.0000E+00	0.0000E+00	2.2196E+00
9.6000E+02	0.0000E+00	0.0000E+00	2.2210E+00
9.6100E+02	0.0000E+00	0.0000E+00	2.2205E+00
9.6200E+02	0.0000E+00	0.0000E+00	2.2322E+00
9.6300E+02	0.0000E+00	0.0000E+00	2.2291E+00
9.6400E+02	0.0000E+00	0.0000E+00	2.2193E+00
9.6500E+02	0.0000E+00	0.0000E+00	2.2170E+00
9.6600E+02	0.0000E+00	0.0000E+00	2.2117E+00
9.6700E+02	0.0000E+00	0.0000E+00	2.2130E+00
9.6800E+02	0.0000E+00	0.0000E+00	2.2027E+00
9.6900E+02	0.0000E+00	0.0000E+00	2.1951E+00
9.7000E+02	0.0000E+00	0.0000E+00	2.1883E+00
9.7100E+02	0.0000E+00	0.0000E+00	2.1842E+00
9.7200E+02	0.0000E+00	0.0000E+00	2.1859E+00
9.7300E+02	0.0000E+00	0.0000E+00	2.1765E+00
9.7400E+02	0.0000E+00	0.0000E+00	2.1718E+00
9.7500E+02	0.0000E+00	0.0000E+00	2.1664E+00
9.7600E+02	0.0000E+00	0.0000E+00	2.1618E+00
9.7700E+02	0.0000E+00	0.0000E+00	2.1628E+00
9.7800E+02	0.0000E+00	0.0000E+00	2.1546E+00
9.7900E+02	0.0000E+00	0.0000E+00	2.1442E+00
9.8000E+02	0.0000E+00	0.0000E+00	2.1493E+00
9.8100E+02	0.0000E+00	0.0000E+00	2.1501E+00
9.8200E+02	0.0000E+00	0.0000E+00	2.1600E+00
9.8300E+02	0.0000E+00	0.0000E+00	2.1699E+00
9.8400E+02	0.0000E+00	0.0000E+00	2.1788E+00
9.8500E+02	0.0000E+00	0.0000E+00	2.1850E+00
9.8600E+02	0.0000E+00	0.0000E+00	2.1779E+00
9.8700E+02	0.0000E+00	0.0000E+00	2.1842E+00
9.8800E+02	0.0000E+00	0.0000E+00	2.1810E+00
9.8900E+02	0.0000E+00	0.0000E+00	2.1754E+00
9.9000E+02	0.0000E+00	0.0000E+00	2.1680E+00
9.9100E+02	0.0000E+00	0.0000E+00	2.1621E+00
9.9200E+02	0.0000E+00	0.0000E+00	2.1570E+00
9.9300E+02	0.0000E+00	0.0000E+00	2.1515E+00
9.9400E+02	0.0000E+00	0.0000E+00	2.1542E+00
9.9500E+02	0.0000E+00	0.0000E+00	2.1514E+00
9.9600E+02	0.0000E+00	0.0000E+00	2.1474E+00
9.9700E+02	0.0000E+00	0.0000E+00	2.1370E+00
9.9800E+02	0.0000E+00	0.0000E+00	2.1328E+00
9.9900E+02	0.0000E+00	0.0000E+00	2.1278E+00
1.0000E+03	0.0000E+00	0.0000E+00	2.1315E+00
1.0010E+03	0.0000E+00	0.0000E+00	2.1220E+00
1.0020E+03	0.0000E+00	0.0000E+00	2.1178E+00
1.0030E+03	0.0000E+00	0.0000E+00	2.1172E+00
1.0040E+03	0.0000E+00	0.0000E+00	2.1179E+00
1.0050E+03	0.0000E+00	0.0000E+00	2.1254E+00
1.0060E+03	0.0000E+00	0.0000E+00	2.1371E+00
1.0070E+03	0.0000E+00	0.0000E+00	2.1543E+00
1.0080E+03	0.0000E+00	0.0000E+00	2.1765E+00
1.0090E+03	0.0000E+00	0.0000E+00	2.1871E+00
1.0100E+03	0.0000E+00	0.0000E+00	2.1885E+00
1.0110E+03	0.0000E+00	0.0000E+00	2.1837E+00
1.0120E+03	0.0000E+00	0.0000E+00	2.1801E+00
1.0130E+03	0.0000E+00	0.0000E+00	2.1840E+00
1.0140E+03	0.0000E+00	0.0000E+00	2.1742E+00
1.0150E+03	0.0000E+00	0.0000E+00	2.1623E+00
1.0160E+03	0.0000E+00	0.0000E+00	2.1611E+00
1.0170E+03	0.0000E+00	0.0000E+00	2.1544E+00
1.0180E+03	0.0000E+00	0.0000E+00	2.1598E+00
1.0190E+03	0.0000E+00	0.0000E+00	2.1559E+00
1.0200E+03	0.0000E+00	0.0000E+00	2.1440E+00
1.0210E+03	0.0000E+00	0.0000E+00	2.1458E+00
1.0220E+03	0.0000E+00	0.0000E+00	2.1360E+00
1.0230E+03	0.0000E+00	0.0000E+00	2.1386E+00
1.0240E+03	0.0000E+00	0.0000E+00	2.1360E+00
1.0250E+03	0.0000E+00	0.0000E+00	2.1298E+00
1.0260E+03	0.0000E+00	0.0000E+00	2.1205E+00
1.0270E+03	0.0000E+00	0.0000E+00	2.1215E+00
1.0280E+03	0.0000E+00	0.0000E+00	2.1218E+00
1.0290E+03	0.0000E+00	0.0000E+00	2.1308E+00
1.0300E+03	0.0000E+00	0.0000E+00	2.1509E+00
1.0310E+03	0.0000E+00	0.0000E+00	2.1681E+00
1.0320E+03	0.0000E+00	0.0000E+00	2.1898E+00
1.0330E+03	0.0000E+00	0.0000E+00	2.1948E+00
1.0340E+03	0.0000E+00	0.0000E+00	2.1991E+00
1.0350E+03	0.0000E+00	0.0000E+00	2.1980E+00
1.0360E+03	0.0000E+00	0.0000E+00	2.1934E+00
1.0370E+03	0.0000E+00	0.0000E+00	2.1966E+00
1.0380E+03	0.0000E+00	0.0000E+00	2.1870E+00
1.0390E+03	0.0000E+00	0.0000E+00	2.1849E+00
1.0400E+03	0.0000E+00	0.0000E+00	2.1800E+00
1.0410E+03	0.0000E+00	0.0000E+00	2.1665E+00
1.0420E+03	0.0000E+00	0.0000E+00	2.1700E+00
1.0430E+03	0.0000E+00	0.0000E+00	2.1614E+00
1.0440E+03	0.0000E+00	0.0000E+00	2.1614E+00
1.0450E+03	0.0000E+00	0.0000E+00	2.1612E+00
1.0460E+03	0.0000E+00	0.0000E+00	2.1500E+00
1.0470E+03	0.0000E+00	0.0000E+00	2.1447E+00
1.0480E+03	0.0000E+00	0.0000E+00	2.1458E+00
1.0490E+03	0.0000E+00	0.0000E+00	2.1362E+00
1.0500E+03	0.0000E+00	0.0000E+00	2.1303E+00
1.0510E+03	0.0000E+00	0.0000E+00	2.1322E+00
1.0520E+03	0.0000E+00	0.0000E+00	2.1290E+00
1.0530E+03	0.0000E+00	0.0000E+00	2.1381E+00
1.0540E+03	0.0000E+00	0.0000E+00	2.1570E+00
1.0550E+03	0.0000E+00	0.0000E+00	2.1820E+00
1.0560E+03	0.0000E+00	0.0000E+00	2.1993E+00
1.0570E+03	0.0000E+00	0.0000E+00	2.2087E+00
1.0580E+03	0.0000E+00	0.0000E+00	2.2221E+00
1.0590E+03	0.0000E+00	0.0000E+00	2.2219E+00
1.0600E+03	0.0000E+00	0.0000E+00	2.2198E+00
1.0610E+03	0.0000E+00	0.0000E+00	2.2144E+00
1.0620E+03	0.0000E+00	0.0000E+00	2.2038E+00
1.0630E+03	0.0000E+00	0.0000E+00	2.2007E+00
1.0640E+03	0.0000E+00	0.0000E+00	2.1985E+00
1.0650E+03	0.0000E+00	0.0000E+00	2.1864E+00
1.0660E+03	0.0000E+00	0.0000E+00	2.1857E+00
1.0670E+03	0.0000E+00	0.0000E+00	2.1803E+00
1.0680E+03	0.0000E+00	0.0000E+00	2.1706E+00
1.0690E+03	0.0000E+00	0.0000E+00	2.1737E+00
1.0700E+03	0.0000E+00	0.0000E+00	2.1712E+00
1.0710E+03	0.0000E+00	0.0000E+00	2.1607E+00
1.0720E+03	0.0000E+00	0.0000E+00	2.1606E+00
1.0730E+03	0.0000E+00	0.0000E+00	2.1513E+00
1.0740E+03	0.0000E+00	0.0000E+00	2.1492E+00
1.0750E+03	0.0000E+00	0.0000E+00	2.1554E+00
1.0760E+03	0.0000E+00	0.0000E+00	2.1409E+00
1.0770E+03	0.0000E+00	0.0000E+00	2.1613E+00
1.0780E+03	0.0000E+00	0.0000E+00	2.1800E+00
1.0790E+03	0.0000E+00	0.0000E+00	2.2127E+00
1.0800E+03	0.0000E+00	0.0000E+00	2.2261E+00
1.0810E+03	0.0000E+00	0.0000E+00	2.2388E+00
1.0820E+03	0.0000E+00	0.0000E+00	2.2448E+00
1.0830E+03	0.0000E+00	0.0000E+00	2.2501E+00
1.0840E+03	0.0000E+00	0.0000E+00	2.2508E+00
1.0850E+03	0.0000E+00	0.0000E+00	2.2460E+00
1.0860E+03	0.0000E+00	0.0000E+00	2.2404E+00
1.0870E+03	0.0000E+00	0.0000E+00	2.2367E+00
1.0880E+03	0.0000E+00	0.0000E+00	2.2281E+00
1.0890E+03	0.0000E+00	0.0000E+00	2.2223E+00
1.0900E+03	0.0000E+00	0.0000E+00	2.2153E+00
1.0910E+03	0.0000E+00	0.0000E+00	2.2202E+00
1.0920E+03	0.0000E+00	0.0000E+00	2.2072E+00
1.0930E+03	0.0000E+00	0.0000E+00	2.2039E+00
1.0940E+03	0.0000E+00	0.0000E+00	2.2016E+00
1.0950E+03	0.0000E+00	0.0000E+00	2.1995E+00
1.0960E+03	0.0000E+00	0.0000E+00	2.1895E+00
1.0970E+03	0.0000E+00	0.0000E+00	2.1850E+00
1.0980E+03	0.0000E+00	0.0000E+00	2.1733E+00
1.0990E+03	0.0000E+00	0.0000E+00	2.1672E+00
1.1000E+03	0.0000E+00	0.0000E+00	2.1715E+00
1.1010E+03	0.0000E+00	0.0000E+00	2.1893E+00
1.1020E+03	0.0000E+00	0.0000E+00	2.2064E+00
1.1030E+03	0.0000E+00	0.0000E+00	2.2267E+00
1.1040E+03	0.0000E+00	0.0000E+00	2.2459E+00
1.1050E+03	0.0000E+00	0.0000E+00	2.2659E+00
1.1060E+03	0.0000E+00	0.0000E+00	2.2677E+00
1.1070E+03	0.0000E+00	0.0000E+00	2.2640E+00
1.1080E+03	0.0000E+00	0.0000E+00	2.2602E+00
1.1090E+03	0.0000E+00	0.0000E+00	2.2526E+00
1.1100E+03	0.0000E+00	0.0000E+00	2.2551E+00
1.1110E+03	0.0000E+00	0.0000E+00	2.2470E+00
1.1120E+03	0.0000E+00	0.0000E+00	2.2350E+00
1.1130E+03	0.0000E+00	0.0000E+00	2.2281E+00
1.1140E+03	0.0000E+00	0.0000E+00	2.2251E+00
1.1150E+03	0.0000E+00	0.0000E+00	2.2225E+00
1.1160E+03	0.0000E+00	0.0000E+00	2.2192E+00
1.1170E+03	0.0000E+00	0.0000E+00	2.2065E+00
1.1180E+03	0.0000E+00	0.0000E+00	2.2099E+00
1.1190E+03	0.0000E+00	0.0000E+00	2.2043E+00
1.1200E+03	0.0000E+00	0.0000E+00	2.1950E+00
1.1210E+03	0.0000E+00	0.0000E+00	2.1842E+00
1.1220E+03	0.0000E+00	0.0000E+00	2.1862E+00
1.1230E+03	0.0000E+00	0.0000E+00	2.1744E+00
1.1240E+03	0.0000E+00	0.0000E+00	2.1802E+00
1.1250E+03	0.0000E+00	0.0000E+00	2.1865E+00
1.1260E+03	0.0000E+00	0.0000E+00	2.2048E+00
1.1270E+03	0.0000E+00	0.0000E+00	2.2048E+00
1.1280E+03	0.0000E+00	0.0000E+00	2.2116E+00
1.1290E+03	0.0000E+00	0.0000E+00	2.2205E+00
1.1300E+03	0.0000E+00	0.0000E+00	2.2288E+00
1.1310E+03	0.0000E+00	0.0000E+00	2.2315E+00
1.1320E+03	0.0000E+00	0.0000E+00	2.2262E+00
1.1330E+03	0.0000E+00	0.0000E+00	2.2243E+00
1.1340E+03	0.0000E+00	0.0000E+00	2.2194E+00
1.1350E+03	0.0000E+00	0.0000E+00	2.2167E+00
1.1360E+03	0.0000E+00	0.0000E+00	2.2198E+00
1.1370E+03	0.0000E+00	0.0000E+00	2.2014E+00
1.1380E+03	0.0000E+00	0.0000E+00	2.2001E+00
1.1390E+03	0.0000E+00	0.0000E+00	2.1946E+00
1.1400E+03	0.0000E+00	0.0000E+00	2.1881E+00
1.1410E+03	0.0000E+00	0.0000E+00	2.1929E+00
1.1420E+03	0.0000E+00	0.0000E+00	2.1841E+00
1.1430E+03	0.0000E+00	0.0000E+00	2.1879E+00
1.1440E+03	0.0000E+00	0.0000E+00	2.1663E+00
1.1450E+03	0.0000E+00	0.0000E+00	2.1623E+00
1.1460E+03	0.0000E+00	0.0000E+00	2.1624E+00
1.1470E+03	0.0000E+00	0.0000E+00	2.1561E+00
1.1480E+03	0.0000E+00	0.0000E+00	2.1597E+00
1.1490E+03	0.0000E+00	0.0000E+00	2.1622E+00
1.1500E+03	0.0000E+00	0.0000E+00	2.1660E+00
1.1510E+03	0.0000E+00	0.0000E+00	2.1716E+00
1.1520E+03	0.0000E+00	0.0000E+00	2.1863E+00
1.1530E+03	0.0000E+00	0.0000E+00	2.1961E+00
1.1540E+03	0.0000E+00	0.0000E+00	2.2040E+00
1.1550E+03	0.0000E+00	0.0000E+00	2.1981E+00
1.1560E+03	0.0000E+00	0.0000E+00	2.1985E+00
1.1570E+03	0.0000E+00	0.0000E+00	2.2027E+00
1.1580E+03	0.0000E+00	0.0000E+00	2.1933E+00
1.1590E+03	0.0000E+00	0.0000E+00	2.1864E+00
1.1600E+03	0.0000E+00	0.0000E+00	2.1745E+00
1.1610E+03	0.0000E+00	0.0000E+00	2.1704E+00
1.1620E+03	0.0000E+00	0.0000E+00	2.1688E+00
1.1630E+03	0.0000E+00	0.0000E+00	2.1613E+00
1.1640E+03	0.0000E+00	0.0000E+00	2.1634E+00
1.1650E+03	0.0000E+00	0.0000E+00	2.1603E+00
1.1660E+03	0.0000E+00	0.0000E+00	2.1562E+00
1.1670E+03	0.0000E+00	0.0000E+00	2.1565E+00
1.1680E+03	0.0000E+00	0.0000E+00	2.1507E+00
1.1690E+03	0.0000E+00	0.0000E+00	2.1505E+00
1.1700E+03	0.0000E+00	0.0000E+00	2.1526E+00
1.1710E+03	0.0000E+00	0.0000E+00	2.1442E+00
1.1720E+03	0.0000E+00	0.0000E+00	2.1409E+00
1.1730E+03	0.0000E+00	0.0000E+00	2.1485E+00
1.1740E+03	0.0000E+00	0.0000E+00	2.1506E+00
1.1750E+03	0.0000E+00	0.0000E+00	2.1572E+00
1.1760E+03	0.0000E+00	0.0000E+00	2.1526E+00
1.1770E+03	0.0000E+00	0.0000E+00	2.1472E+00
1.1780E+03	0.0000E+00	0.0000E+00	2.1502E+00
1.1790E+03	0.0000E+00	0.0000E+00	2.1442E+00
1.1800E+03	0.0000E+00	0.0000E+00	2.1454E+00
1.1810E+03	0.0000E+00	0.0000E+00	2.1379E+00
1.1820E+03	0.0000E+00	0.0000E+00	2.1350E+00
1.1830E+03	0.0000E+00	0.0000E+00	2.1326E+00
1.1840E+03	0.0000E+00	0.0000E+00	2.1246E+00
1.1850E+03	0.0000E+00	0.0000E+00	2.1211E+00
1.1860E+03	0.0000E+00	0.0000E+00	2.1204E+00
1.1870E+03	0.0000E+00	0.0000E+00	2.1242E+00
1.1880E+03	0.0000E+00	0.0000E+00	2.1166E+00
1.1890E+03	0.0000E+00	0.0000E+00	2.1184E+00
1.1900E+03	0.0000E+00	0.0000E+00	2.1159E+00
1.1910E+03	0.0000E+00	0.0000E+00	2.1128E+00
1.1920E+03	0.0000E+00	0.0000E+00	2.1116E+00
1.1930E+03	0.0000E+00	0.0000E+00	2.1024E+00
1.1940E+03	0.0000E+00	0.0000E+00	2.1020E+00
1.1950E+03	0.0000E+00	0.0000E+00	2.0986E+00
1.1960E+03	0.0000E+00	0.0000E+00	2.1017E+00
1.1970E+03	0.0000E+00	0.0000E+00	2.1096E+00
1.1980E+03	0.0000E+00	0.0000E+00	2.1247E+00
1.1990E+03	0.0000E+00	0.0000E+00	2.1368E+00
1.2000E+03	0.0000E+00	0.0000E+00	2.1389E+00
1.2010E+03	0.0000E+00	0.0000E+00	2.1534E+00
1.2020E+03	0.0000E+00	0.0000E+00	2.1636E+00
1.2030E+03	0.0000E+00	0.0000E+00	2.1596E+00
1.2040E+03	0.0000E+00	0.0000E+00	2.1596E+00
1.2050E+03	0.0000E+00	0.0000E+00	2.1629E+00
1.2060E+03	0.0000E+00	0.0000E+00	2.1539E+00
1.2070E+03	0.0000E+00	0.0000E+00	2.1514E+00
1.2080E+03	0.0000E+00	0.0000E+00	2.1417E+00
1.2090E+03	0.0000E+00	0.0000E+00	2.1388E+00
1.2100E+03	0.0000E+00	0.0000E+00	2.1357E+00
1.2110E+03	0.0000E+00	0.0000E+00	2.1373E+00
1.2120E+03	0.0000E+00	0.0000E+00	2.1283E+00
1.2130E+03	0.0000E+00	0.0000E+00	2.1271E+00
1.2140E+03	0.0000E+00	0.0000E+00	2.1230E+00
1.2150E+03	0.0000E+00	0.0000E+00	2.1211E+00
1.2160E+03	0.0000E+00	0.0000E+00	2.1150E+00
1.2170E+03	0.0000E+00	0.0000E+00	2.1105E+00
1.2180E+03	0.0000E+00	0.0000E+00	2.1103E+00
1.2190E+03	0.0000E+00	0.0000E+00	2.1105E+00
1.2200E+03	0.0000E+00	0.0000E+00	2.1150E+00
1.2210E+03	0.0000E+00	0.0000E+00	2.1253E+00
1.2220E+03	0.0000E+00	0.0000E+00	2.1303E+00
1.2230E+03	0.0000E+00	0.0000E+00	2.1455E+00
1.2240E+03	0.0000E+00	0.0000E+00	2.1478E+00
1.2250E+03	0.0000E+00	0.0000E+00	2.1556E+00
1.2260E+03	0.0000E+00	0.0000E+00	2.1562E+00
1.2270E+03	0.0000E+00	0.0000E+00	2.1587E+00
1.2280E+03	0.0000E+00	0.0000E+00	2.1533E+00
1.2290E+03	0.0000E+00	0.0000E+00	2.1533E+00
1.2300E+03	0.0000E+00	0.0000E+00	2.1547E+00
1.2310E+03	0.0000E+00	0.0000E+00	2.1475E+00
1.2320E+03	0.0000E+00	0.0000E+00	2.1458E+00
1.2330E+03	0.0000E+00	0.0000E+00	2.1372E+00
1.2340E+03	0.0000E+00	0.0000E+00	2.1338E+00
1.2350E+03	0.0000E+00	0.0000E+00	2.1367E+00
1.2360E+03	0.0000E+00	0.0000E+00	2.1289E+00
1.2370E+03	0.0000E+00	0.0000E+00	2.1228E+00
1.2380E+03	0.0000E+00	0.0000E+00	2.1197E+00
1.2390E+03	0.0000E+00	0.0000E+00	2.1270E+00
1.2400E+03	0.0000E+00	0.0000E+00	2.1207E+00
1.2410E+03	0.0000E+00	0.0000E+00	2.1077E+00
1.2420E+03	0.0000E+00	0.0000E+00	2.1029E+00
1.2430E+03	0.0000E+00	0.0000E+00	2.1043E+00
1.2440E+03	0.0000E+00	0.0000E+00	2.1078E+00
1.2450E+03	0.0000E+00	0.0000E+00	2.1050E+00
1.2460E+03	0.0000E+00	0.0000E+00	2.1131E+00
1.2470E+03	0.0000E+00	0.0000E+00	2.1318E+00
1.2480E+03	0.0000E+00	0.0000E+00	2.1520E+00
1.2490E+03	0.0000E+00	0.0000E+00	2.1723E+00
1.2500E+03	0.0000E+00	0.0000E+00	2.1795E+00
1.2510E+03	0.0000E+00	0.0000E+00	2.1839E+00
1.2520E+03	0.0000E+00	0.0000E+00	2.1851E+00
1.2530E+03	0.0000E+00	0.0000E+00	2.1774E+00
1.2540E+03	0.0000E+00	0.0000E+00	2.1725E+00
1.2550E+03	0.0000E+00	0.0000E+00	2.1675E+00
1.2560E+03	0.0000E+00	0.0000E+00	2.1665E+00
1.2570E+03	0.0000E+00	0.0000E+00	2.1550E+00
1.2580E+03	0.0000E+00	0.0000E+00	2.1518E+00
1.2590E+03	0.0000E+00	0.0000E+00	2.1494E+00
1.2600E+03	0.0000E+00	0.0000E+00	2.1456E+00
1.2610E+03	0.0000E+00	0.0000E+00	2.1427E+00
1.2620E+03	0.0000E+00	0.0000E+00	2.1352E+00
1.2630E+03	0.0000E+00	0.0000E+00	2.1364E+00
1.2640E+03	0.0000E+00	0.0000E+00	2.1257E+00
1.2650E+03	0.0000E+00	0.0000E+00	2.1185E+00
1.2660E+03	0.0000E+00	0.0000E+00	2.1081E+00
1.2670E+03	0.0000E+00	0.0000E+00	2.1082E+00
1.2680E+03	0.0000E+00	0.0000E+00	2.1146E+00
1.2690E+03	0.0000E+00	0.0000E+00	2.1269E+00
1.2700E+03	0.0000E+00	0.0000E+00	2.1538E+00
1.2710E+03	0.0000E+00	0.0000E+00	2.1797E+00
1.2720E+03	0.0000E+00	0.0000E+00	2.2010E+00
1.2730E+03	0.0000E+00	0.0000E+00	2.2164E+00
1.2740E+03	0.0000E+00	0.0000E+00	2.2227E+00
1.2750E+03	0.0000E+00	0.0000E+00	2.2393E+00
1.2760E+03	0.0000E+00	0.0000E+00	2.2236E+00
1.2770E+03	0.0000E+00	0.0000E+00	2.2236E+00
1.2780E+03	0.0000E+00	0.0000E+00	2.2112E+00
1.2790E+03	0.0000E+00	0.0000E+00	2.2117E+00
1.2800E+03	0.0000E+00	0.0000E+00	2.2037E+00
1.2810E+03	0.0000E+00	0.0000E+00	2.1931E+00
1.2820E+03	0.0000E+00	0.0000E+00	2.1921E+00
1.2830E+03	0.0000E+00	0.0000E+00	2.1879E+00
1.2840E+03	0.0000E+00	0.0000E+00	2.1829E+00
1.2850E+03	0.0000E+00	0.0000E+00	2.1704E+00
1.2860E+03	0.0000E+00	0.0000E+00	2.1644E+00
1.2870E+03	0.0000E+00	0.0000E+00	2.1665E+00
1.2880E+03	0.0000E+00	0.0000E+00	2.1558E+00
1.2890E+03	0.0000E+00	0.0000E+00	2.1500E+00
1.2900E+03	0.0000E+00	0.0000E+00	2.1462E+00
1.2910E+03	0.0000E+00	0.0000E+00	2.1381E+00
1.2920E+03	0.0000E+00	0.0000E+00	2.1413E+00
1.2930E+03	0.0000E+00	0.0000E+00	2.1625E+00
1.2940E+03	0.0000E+00	0.0000E+00	2.1851E+00
1.2950E+03	0.0000E+00	0.0000E+00	2.2133E+00
1.2960E+03	0.0000E+00	0.0000E+00	2.2375E+00
1.2970E+03	0.0000E+00	0.0000E+00	2.2596E+00
1.2980E+03	0.0000E+00	0.0000E+00	2.2657E+00
1.2990E+03	0.0000E+00	0.0000E+00	2.2762E+00
1.3000E+03	0.0000E+00	0.0000E+00	2.2741E+00
1.3010E+03	0.0000E+00	0.0000E+00	2.2643E+00
1.3020E+03	0.0000E+00	0.0000E+00	2.2534E+00
1.3030E+03	0.0000E+00	0.0000E+00	2.2517E+00
1.3040E+03	0.0000E+00	0.0000E+00	2.2341E+00
1.3050E+03	0.0000E+00	0.0000E+00	2.2277E+00
1.3060E+03	0.0000E+00	0.0000E+00	2.2255E+00
1.3070E+03	0.0000E+00	0.0000E+00	2.2171E+00
1.3080E+03	0.0000E+00	0.0000E+00	2.2103E+00
1.3090E+03	0.0000E+00	0.0000E+00	2.2069E+00
1.3100E+03	0.0000E+00	0.0000E+00	2.2003E+00
1.3110E+03	0.0000E+00	0.0000E+00	2.1936E+00
1.3120E+03	0.0000E+00	0.0000E+00	2.1837E+00
1.3130E+03	0.0000E+00	0.0000E+00	2.1847E+00
1.3140E+03	0.0000E+00	0.0000E+00	2.1703E+00
1.3150E+03	0.0000E+00	0.0000E+00	2.1683E+00
1.3160E+03	0.0000E+00	0.0000E+00	2.1705E+00
1.3170E+03	0.0000E+00	0.0000E+00	2.1762E+00
1.3180E+03	0.0000E+00	0.0000E+00	2.1809E+00
1.3190E+03	0.0000E+00	0.0000E+00	2.1866E+00
1.3200E+03	0.0000E+00	0.0000E+00	2.1827E+00
1.3210E+03	0.0000E+00	0.0000E+00	2.1841E+00
1.3220E+03	0.0000E+00	0.0000E+00	2.1807E+00
1.3230E+03	0.0000E+00	0.0000E+00	2.1819E+00
1.3240E+03	0.0000E+00	0.0000E+00	2.1801E+00
1.3250E+03	0.0000E+00	0.0000E+00	2.1817E+00
1.3260E+03	0.0000E+00	0.0000E+00	2.1704E+00
1.3270E+03	0.0000E+00	0.0000E+00	2.1643E+00
1.3280E+03	0.0000E+00	0.0000E+00	2.1579E+00
1.3290E+03	0.0000E+00	0.0000E+00	2.1544E+00
1.3300E+03	0.0000E+00	0.0000E+00	2.1481E+00
1.3310E+03	0.0000E+00	0.0000E+00	2.1543E+00
1.3320E+03	0.0000E+00	0.0000E+00	2.1483E+00
1.3330E+03	0.0000E+00	0.0000E+00	2.1437E+00
1.3340E+03	0.0000E+00	0.0000E+00	2.1449E+00
1.3350E+03	0.0000E+00	0.0000E+00	2.1339E+00
1.3360E+03	0.0000E+00	0.0000E+00	2.1275E+00
1.3370E+03	0.0000E+00	0.0000E+00	2.1230E+00
1.3380E+03	0.0000E+00	0.0000E+00	2.1224E+00
1.3390E+03	0.0000E+00	0.0000E+00	2.1206E+00
1.3400E+03	0.0000E+00	0.0000E+00	2.1243E+00
1.3410E+03	0.0000E+00	0.0000E+00	2.1210E+00
1.3420E+03	0.0000E+00	0.0000E+00	2.1460E+00
1.3430E+03	0.0000E+00	0.0000E+00	2.1685E+00
1.3440E+03	0.0000E+00	0.0000E+00	2.1938E+00
1.3450E+03	0.0000E+00	0.0000E+00	2.2109E+00
1.3460E+03	0.0000E+00	0.0000E+00	2.2084E+00
1.3470E+03	0.0000E+00	0.0000E+00	2.2207E+00
1.3480E+03	0.0000E+00	0.0000E+00	2.2174E+00
1.3490E+03	0.0000E+00	0.0000E+00	2.2060E+00
1.3500E+03	0.0000E+00	0.0000E+00	2.2038E+00
1.3510E+03	0.0000E+00	0.0000E+00	2.1949E+00
1.3520E+03	0.0000E+00	0.0000E+00	2.1862E+00
1.3530E+03	0.0000E+00	0.0000E+00	2.1782E+00
1.3540E+03	0.0000E+00	0.0000E+00	2.1818E+00
1.3550E+03	0.0000E+00	0.0000E+00	2.1759E+00
1.3560E+03	0.0000E+00	0.0000E+00	2.1684E+00
1.3570E+03	0.0000E+00	0.0000E+00	2.1631E+00
1.3580E+03	0.0000E+00	0.0000E+00	2.1582E+00
1.3590E+03	0.0000E+00	0.0000E+00	2.1554E+00
1.3600E+03	0.0000E+00	0.0000E+00	2.1506E+00
1.3610E+03	0.0000E+00	0.0000E+00	2.1522E+00
1.3620E+03	0.0000E+00	0.0000E+00	2.1444E+00
1.3630E+03	0.0000E+00	0.0000E+00	2.1512E+00
1.3640E+03	0.0000E+00	0.0000E+00	2.1482E+00
1.3650E+03	0.0000E+00	0.0000E+00	2.1423E+00
1.3660E+03	0.0000E+00	0.0000E+00	2.1468E+00
1.3670E+03	0.0000E+00	0.0000E+00	2.1497E+00
1.3680E+03	0.0000E+00	0.0000E+00	2.1482E+00
1.3690E+03	0.0000E+00	0.0000E+00	2.1553E+00
1.3700E+03	0.0000E+00	0.0000E+00	2.1551E+00
1.3710E+03	0.0000E+00	0.0000E+00	2.1479E+00
1.3720E+03	0.0000E+00	0.0000E+00	2.1450E+00
1.3730E+03	0.0000E+00	0.0000E+00	2.1472E+00
1.3740E+03	0.0000E+00	0.0000E+00	2.1455E+00
1.3750E+03	0.0000E+00	0.0000E+00	2.1418E+00
1.3760E+03	0.0000E+00	0.0000E+00	2.1340E+00
1.3770E+03	0.0000E+00	0.0000E+00	2.1350E+00
1.3780E+03	0.0000E+00	0.0000E+00	2.1288E+00
1.3790E+03	0.0000E+00	0.0000E+00	2.1228E+00
1.3800E+03	0.0000E+00	0.0000E+00	2.1173E+00
1.3810E+03	0.0000E+00	0.0000E+00	2.1149E+00
1.3820E+03	0.0000E+00	0.0000E+00	2.1164E+00
1.3830E+03	0.0000E+00	0.0000E+00	2.1114E+00
1.3840E+03	0.0000E+00	0.0000E+00	2.1073E+00
1.3850E+03	0.0000E+00	0.0000E+00	2.0963E+00
1.3860E+03	0.0000E+00	0.0000E+00	2.0921E+00
1.3870E+03	0.0000E+00	0.0000E+00	2.0957E+00
1.3880E+03	0.0000E+00	0.0000E+00	2.0923E+00
1.3890E+03	0.0000E+00	0.0000E+00	2.0958E+00
1.3900E+03	0.0000E+00	0.0000E+00	2.0957E+00
1.3910E+03	0.0000E+00	0.0000E+00	2.1124E+00
1.3920E+03	0.0000E+00	0.0000E+00	2.1069E+00
1.3930E+03	0.0000E+00	0.0000E+00	2.1197E+00
1.3940E+03	0.0000E+00	0.0000E+00	2.1241E+00
1.3950E+03	0.0000E+00	0.0000E+00	2.1371E+00
1.3960E+03	0.0000E+00	0.0000E+00	2.1387E+00
1.3970E+03	0.0000E+00	0.0000E+00	2.1389E+00
1.3980E+03	0.0000E+00	0.0000E+00	2.1284E+00
1.3990E+03	0.0000E+00	0.0000E+00	2.1276E+00
1.4000E+03	0.0000E+00	0.0000E+00	2.1287E+00
1.4010E+03	0.0000E+00	0.0000E+00	2.1161E+00
1.4020E+03	0.0000E+00	0.0000E+00	2.1168E+00
1.4030E+03	0.0000E+00	0.0000E+00	2.1169E+00
1.4040E+03	0.0000E+00	0.0000E+00	2.1118E+00
1.4050E+03	0.0000E+00	0.0000E+00	2.1037E+00
1.4060E+03	0.0000E+00	0.0000E+00	2.1074E+00
1.4070E+03	0.0000E+00	0.0000E+00	2.1030E+00
1.4080E+03	0.0000E+00	0.0000E+00	2.0978E+00
1.4090E+03	0.0000E+00	0.0000E+00	2.0959E+00
1.4100E+03	0.0000E+00	0.0000E+00	2.0881E+00
1.4110E+03	0.0000E+00	0.0000E+00	2.0913E+00
1.4120E+03	0.0000E+00	0.0000E+00	2.0889E+00
1.4130E+03	0.0000E+00	0.0000E+00	2.0957E+00
1.4140E+03	0.0000E+00	0.0000E+00	2.1139E+00
1.4150E+03	0.0000E+00	0.0000E+00	2.1431E+00
1.4160E+03	0.0000E+00	0.0000E+00	2.1748E+00
1.4170E+03	0.0000E+00	0.0000E+00	2.2043E+00
1.4180E+03	0.0000E+00	0.0000E+00	2.2039E+00
1.4190E+03	0.0000E+00	0.0000E+00	2.1990E+00
1.4200E+03	0.0000E+00	0.0000E+00	2.1978E+00
1.4210E+03	0.0000E+00	0.0000E+00	2.1877E+00
1.4220E+03	0.0000E+00	0.0000E+00	2.1778E+00
1.4230E+03	0.0000E+00	0.0000E+00	2.1740E+00
1.4240E+03	0.0000E+00	0.0000E+00	2.1609E+00
1.4250E+03	0.0000E+00	0.0000E+00	2.1572E+00
1.4260E+03	0.0000E+00	0.0000E+00	2.1439E+00
1.4270E+03	0.0000E+00	0.0000E+00	2.1436E+00
1.4280E+03	0.0000E+00	0.0000E+00	2.1357E+00
1.4290E+03	0.0000E+00	0.0000E+00	2.1305E+00
1.4300E+03	0.0000E+00	0.0000E+00	2.1247E+00
1.4310E+03	0.0000E+00	0.0000E+00	2.1208E+00
1.4320E+03	0.0000E+00	0.0000E+00	2.1174E+00
1.4330E+03	0.0000E+00	0.0000E+00	2.1093E+00
1.4340E+03	0.0000E+00	0.0000E+00	2.1028E+00
1.4350E+03	0.0000E+00	0.0000E+00	2.1051E+00
1.4360E+03	0.0000E+00	0.0000E+00	2.1021E+00
1.4370E+03	0.0000E+00	0.0000E+00	2.1133E+00
1.4380E+03	0.0000E+00	0.0000E+00	2.1348E+00
1.4390E+03	0.0000E+00	0.0000E+00	2.1670E+00
1.4400E+03	0.0000E+00	0.0000E+00	2.1825E+00
1.4410E+03	0.0000E+00	0.0000E+00	2.1932E+00
1.4420E+03	0.0000E+00	0.0000E+00	2.2109E+00
1.4430E+03	0.0000E+00	0.0000E+00	2.2162E+00
1.4440E+03	0.0000E+00	0.0000E+00	2.2155E+00
1.4450E+03	0.0000E+00	0.0000E+00	2.2107E+00
1.4460E+03	0.0000E+00	0.0000E+00	2.2057E+00
1.4470E+03	0.0000E+00	0.0000E+00	2.1904E+00
1.4480E+03	0.0000E+00	0.0000E+00	2.1881E+00
1.4490E+03	0.0000E+00	0.0000E+00	2.1703E+00
1.4500E+03	0.0000E+00	0.0000E+00	2.1659E+00
1.4510E+03	0.0000E+00	0.0000E+00	2.1588E+00
1.4520E+03	0.0000E+00	0.0000E+00	2.1488E+00
1.4530E+03	0.0000E+00	0.0000E+00	2.1450E+00
1.4540E+03	0.0000E+00	0.0000E+00	2.1408E+00
1.4550E+03	0.0000E+00	0.0000E+00	2.1302E+00
1.4560E+03	0.0000E+00	0.0000E+00	2.1213E+00
1.4570E+03	0.0000E+00	0.0000E+00	2.1169E+00
1.4580E+03	0.0000E+00	0.0000E+00	2.1115E+00
1.4590E+03	0.0000E+00	0.0000E+00	2.1070E+00
1.4600E+03	0.0000E+00	0.0000E+00	2.1004E+00
1.4610E+03	0.0000E+00	0.0000E+00	2.1121E+00
1.4620E+03	0.0000E+00	0.0000E+00	2.1190E+00
1.4630E+03	0.0000E+00	0.0000E+00	2.1297E+00
1.4640E+03	0.0000E+00	0.0000E+00	2.1475E+00
1.4650E+03	0.0000E+00	0.0000E+00	2.1625E+00
1.4660E+03	0.0000E+00	0.0000E+00	2.1640E+00
1.4670E+03	0.0000E+00	0.0000E+00	2.1652E+00
1.4680E+03	0.0000E+00	0.0000E+00	2.1679E+00
1.4690E+03	0.0000E+00	0.0000E+00	2.1580E+00
1.4700E+03	0.0000E+00	0.0000E+00	2.1600E+00
1.4710E+03	0.0000E+00	0.0000E+00	2.1480E+00
1.4720E+03	0.0000E+00	0.0000E+00	2.1411E+00
1.4730E+03	0.0000E+00	0.0000E+00	2.1298E+00
1.4740E+03	0.0000E+00	0.0000E+00	2.1267E+00
1.4750E+03	0.0000E+00	0.0000E+00	2.1234E+00
1.4760E+03	0.0000E+00	0.0000E+00	2.1222E+00
1.4770E+03	0.0000E+00	0.0000E+00	2.1170E+00
1.4780E+03	0.0000E+00	0.0000E+00	2.1144E+00
1.4790E+03	0.0000E+00	0.0000E+00	2.1053E+00
1.4800E+03	0.0000E+00	0.0000E+00	2.0997E+00
1.4810E+03	0.0000E+00	0.0000E+00	2.0965E+00
1.4820E+03	0.0000E+00	0.0000E+00	2.0935E+00
1.4830E+03	0.0000E+00	0.0000E+00	2.0883E+00
1.4840E+03	0.0000E+00	0.0000E+00	2.0890E+00
1.4850E+03	0.0000E+00	0.0000E+00	2.0903E+00
1.4860E+03	0.0000E+00	0.0000E+00	2.1058E+00
1.4870E+03	0.0000E+00	0.0000E+00	2.1184E+00
1.4880E+03	0.0000E+00	0.0000E+00	2.1362E+00
1.4890E+03	0.0000E+00	0.0000E+00	2.1522E+00
1.4900E+03	0.0000E+00	0.0000E+00	2.1614E+00
1.4910E+03	0.0000E+00	0.0000E+00	2.1663E+00
1.4920E+03	0.0000E+00	0.0000E+00	2.1650E+00
1.4930E+03	0.0000E+00	0.0000E+00	2.1640E+00
1.4940E+03	0.0000E+00	0.0000E+00	2.1589E+00
1.4950E+03	0.0000E+00	0.0000E+00	2.1515E+00
1.4960E+03	0.0000E+00	0.0000E+00	2.1459E+00
1.4970E+03	0.0000E+00	0.0000E+00	2.1402E+00
1.4980E+03	0.0000E+00	0.0000E+00	2.1267E+00
1.4990E+03	0.0000E+00	0.0000E+00	2.1222E+00
1.5000E+03	0.0000E+00	0.0000E+00	2.1231E+00
1.5010E+03	0.0000E+00	0.0000E+00	2.1122E+00
1.5020E+03	0.0000E+00	0.0000E+00	2.1098E+00
1.5030E+03	0.0000E+00	0.0000E+00	2.1099E+00
1.5040E+03	0.0000E+00	0.0000E+00	2.0984E+00
1.5050E+03	0.0000E+00	0.0000E+00	2.0919E+00
1.5060E+03	0.0000E+00	0.0000E+00	2.0901E+00
1.5070E+03	0.0000E+00	0.0000E+00	2.0859E+00
1.5080E+03	0.0000E+00	0.0000E+00	2.0801E+00
1.5090E+03	0.0000E+00	0.0000E+00	2.0870E+00
1.5100E+03	0.0000E+00	0.0000E+00	2.0833E+00
1.5110E+03	0.0000E+00	0.0000E+00	2.0882E+00
1.5120E+03	0.0000E+00	0.0000E+00	2.1025E+00
1.5130E+03	0.0000E+00	0.0000E+00	2.1078E+00
1.5140E+03	0.0000E+00	0.0000E+00	2.1121E+00
1.5150E+03	0.0000E+00	0.0000E+00	2.1188E+00
1.5160E+03	0.0000E+00	0.0000E+00	2.1173E+00
1.5170E+03	0.0000E+00	0.0000E+00	2.1084E+00
1.5180E+03	0.0000E+00	0.0000E+00	2.1035E+00
1.5190E+03	0.0000E+00	0.0000E+00	2.1003E+00
1.5200E+03	0.0000E+00	0.0000E+00	2.0999E+00
1.5210E+03	0.0000E+00	0.0000E+00	2.0922E+00
1.5220E+03	0.0000E+00	0.0000E+00	2.0870E+00
1.5230E+03	0.0000E+00	0.0000E+00	2.0834E+00
1.5240E+03	0.0000E+00	0.0000E+00	2.0848E+00
1.5250E+03	0.0000E+00	0.0000E+00	2.0794E+00
1.5260E+03	0.0000E+00	0.0000E+00	2.0768E+00
1.5270E+03	0.0000E+00	0.0000E+00	2.0726E+00
1.5280E+03	0.0000E+00	0.0000E+00	2.0645E+00
1.5290E+03	0.0000E+00	0.0000E+00	2.0638E+00
1.5300E+03	0.0000E+00	0.0000E+00	2.0513E+00
1.5310E+03	0.0000E+00	0.0000E+00	2.0515E+00
1.5320E+03	0.0000E+00	0.0000E+00	2.0526E+00
1.5330E+03	0.0000E+00	0.0000E+00	2.0564E+00
1.5340E+03	0.0000E+00	0.0000E+00	2.0759E+00
1.5350E+03	0.0000E+00	0.0000E+00	2.0918E+00
1.5360E+03	0.0000E+00	0.0000E+00	2.1073E+00
1.5370E+03	0.0000E+00	0.0000E+00	2.1144E+00
1.5380E+03	0.0000E+00	0.0000E+00	2.1322E+00
1.5390E+03	0.0000E+00	0.0000E+00	2.1421E+00
1.5400E+03	0.0000E+00	0.0000E+00	2.1349E+00
1.5410E+03	0.0000E+00	0.0000E+00	2.1277E+00
1.5420E+03	0.0000E+00	0.0000E+00	2.1210E+00
1.5430E+03	0.0000E+00	0.0000E+00	2.1182E+00
1.5440E+03	0.0000E+00	0.0000E+00	2.1147E+00
1.5450E+03	0.0000E+00	0.0000E+00	2.1014E+00
1.5460E+03	0.0000E+00	0.0000E+00	2.1036E+00
1.5470E+03	0.0000E+00	0.0000E+00	2.0964E+00
1.5480E+03	0.0000E+00	0.0000E+00	2.0944E+00
1.5490E+03	0.0000E+00	0.0000E+00	2.0845E+00
1.5500E+03	0.0000E+00	0.0000E+00	2.0813E+00
1.5510E+03	0.0000E+00	0.0000E+00	2.0779E+00
1.5520E+03	0.0000E+00	0.0000E+00	2.0712E+00
1.5530E+03	0.0000E+00	0.0000E+00	2.0690E+00
1.5540E+03	0.0000E+00	0.0000E+00	2.0637E+00
1.5550E+03	0.0000E+00	0.0000E+00	2.0531E+00
1.5560E+03	0.0000E+00	0.0000E+00	2.0527E+00
1.5570E+03	0.0000E+00	0.0000E+00	2.0548E+00
1.5580E+03	0.0000E+00	0.0000E+00	2.0690E+00
1.5590E+03	0.0000E+00	0.0000E+00	2.0876E+00
1.5600E+03	0.0000E+00	0.0000E+00	2.1019E+00
1.5610E+03	0.0000E+00	0.0000E+00	2.1202E+00
1.5620E+03	0.0000E+00	0.0000E+00	2.1326E+00
1.5630E+03	0.0000E+00	0.0000E+00	2.1472E+00
1.5640E+03	0.0000E+00	0.0000E+00	2.1470E+00
1.5650E+03	0.0000E+00	0.0000E+00	2.1381E+00
1.5660E+03	0.0000E+00	0.0000E+00	2.1272E+00
1.5670E+03	0.0000E+00	0.0000E+00	2.1225E+00
1.5680E+03	0.0000E+00	0.0000E+00	2.1154E+00
1.5690E+03	0.0000E+00	0.0000E+00	2.1130E+00
1.5700E+03	0.0000E+00	0.0000E+00	2.1040E+00
1.5710E+03	0.0000E+00	0.0000E+00	2.0986E+00
1.5720E+03	0.0000E+00	0.0000E+00	2.0934E+00
1.5730E+03	0.0000E+00	0.0000E+00	2.0869E+00
1.5740E+03	0.0000E+00	0.0000E+00	2.0826E+00
1.5750E+03	0.0000E+00	0.0000E+00	2.0786E+00
1.5760E+03	0.0000E+00	0.0000E+00	2.0695E+00
1.5770E+03	0.0000E+00	0.0000E+00	2.0606E+00
1.5780E+03	0.0000E+00	0.0000E+00	2.0544E+00
1.5790E+03	0.0000E+00	0.0000E+00	2.0514E+00
1.5800E+03	0.0000E+00	0.0000E+00	2.0528E+00
1.5810E+03	0.0000E+00	0.0000E+00	2.0501E+00
1.5820E+03	0.0000E+00	0.0000E+00	2.0601E+00
1.5830E+03	0.0000E+00	0.0000E+00	2.0822E+00
1.5840E+03	0.0000E+00	0.0000E+00	2.0876E+00
1.5850E+03	0.0000E+00	0.0000E+00	2.0980E+00
1.5860E+03	0.0000E+00	0.0000E+00	2.1072E+00
1.5870E+03	0.0000E+00	0.0000E+00	2.1175E+00
1.5880E+03	0.0000E+00	0.0000E+00	2.1132E+00
1.5890E+03	0.0000E+00	0.0000E+00	2.1064E+00
1.5900E+03	0.0000E+00	0.0000E+00	2.1012E+00
1.5910E+03	0.0000E+00	0.0000E+00	2.1032E+00
1.5920E+03	0.0000E+00	0.0000E+00	2.0896E+00
1.5930E+03	0.0000E+00	0.0000E+00	2.0868E+00
1.5940E+03	0.0000E+00	0.0000E+00	2.0769E+00
1.5950E+03	0.0000E+00	0.0000E+00	2.0717E+00
1.5960E+03	0.0000E+00	0.0000E+00	2.0756E+00
1.5970E+03	0.0000E+00	0.0000E+00	2.0647E+00
1.5980E+03	0.0000E+00	0.0000E+00	2.0635E+00
1.5990E+03	0.0000E+00	0.0000E+00	2.0613E+00
1.6000E+03	0.0000E+00	0.0000E+00	2.0528E+00
1.6010E+03	0.0000E+00	0.0000E+00	2.0480E+00
1.6020E+03	0.0000E+00	0.0000E+00	2.0376E+00
1.6030E+03	0.0000E+00	0.0000E+00	2.0358E+00
1.6040E+03	0.0000E+00	0.0000E+00	2.0248E+00
1.6050E+03	0.0000E+00	0.0000E+00	2.0313E+00
1.6060E+03	0.0000E+00	0.0000E+00	2.0391E+00
1.6070E+03	0.0000E+00	0.0000E+00	2.0600E+00
1.6080E+03	0.0000E+00	0.0000E+00	2.0737E+00
1.6090E+03	0.0000E+00	0.0000E+00	2.0941E+00
1.6100E+03	0.0000E+00	0.0000E+00	2.1067E+00
1.6110E+03	0.0000E+00	0.0000E+00	2.1081E+00
1.6120E+03	0.0000E+00	0.0000E+00	2.1189E+00
1.6130E+03	0.0000E+00	0.0000E+00	2.1081E+00
1.6140E+03	0.0000E+00	0.0000E+00	2.1000E+00
1.6150E+03	0.0000E+00	0.0000E+00	2.0954E+00
1.6160E+03	0.0000E+00	0.0000E+00	2.0843E+00
1.6170E+03	0.0000E+00	0.0000E+00	2.0831E+00
1.6180E+03	0.0000E+00	0.0000E+00	2.0754E+00
1.6190E+03	0.0000E+00	0.0000E+00	2.0685E+00
1.6200E+03	0.0000E+00	0.0000E+00	2.0680E+00
1.6210E+03	0.0000E+00	0.0000E+00	2.0613E+00
1.6220E+03	0.0000E+00	0.0000E+00	2.0534E+00
1.6230E+03	0.0000E+00	0.0000E+00	2.0526E+00
1.6240E+03	0.0000E+00	0.0000E+00	2.0467E+00
1.6250E+03	0.0000E+00	0.0000E+00	2.0379E+00
1.6260E+03	0.0000E+00	0.0000E+00	2.0324E+00
1.6270E+03	0.0000E+00	0.0000E+00	2.0208E+00
1.6280E+03	0.0000E+00	0.0000E+00	2.0162E+00
1.6290E+03	0.0000E+00	0.0000E+00	2.0165E+00
1.6300E+03	0.0000E+00	0.0000E+00	2.0231E+00
1.6310E+03	0.0000E+00	0.0000E+00	2.0388E+00
1.6320E+03	0.0000E+00	0.0000E+00	2.0574E+00
1.6330E+03	0.0000E+00	0.0000E+00	2.0748E+00
1.6340E+03	0.0000E+00	0.0000E+00	2.0916E+00
1.6350E+03	0.0000E+00	0.0000E+00	2.0953E+00
1.6360E+03	0.0000E+00	0.0000E+00	2.0966E+00
1.6370E+03	0.0000E+00	0.0000E+00	2.0970E+00
1.6380E+03	0.0000E+00	0.0000E+00	2.0874E+00
1.6390E+03	0.0000E+00	0.0000E+00	2.0800E+00
1.6400E+03	0.0000E+00	0.0000E+00	2.0725E+00
1.6410E+03	0.0000E+00	0.0000E+00	2.0628E+00
1.6420E+03	0.0000E+00	0.0000E+00	2.0607E+00
1.6430E+03	0.0000E+00	0.0000E+00	2.0530E+00
1.6440E+03	0.0000E+00	0.0000E+00	2.0542E+00
1.6450E+03	0.0000E+00	0.0000E+00	2.0428E+00
1.6460E+03	0.0000E+00	0.0000E+00	2.0421E+00
1.6470E+03	0.0000E+00	0.0000E+00	2.0333E+00
1.6480E+03	0.0000E+00	0.0000E+00	2.0305E+00
1.6490E+03	0.0000E+00	0.0000E+00	2.0223E+00
1.6500E+03	0.0000E+00	0.0000E+00	2.0161E+00
1.6510E+03	0.0000E+00	0.0000E+00	2.0083E+00
1.6520E+03	0.0000E+00	0.0000E+00	2.0075E+00
1.6530E+03	0.0000E+00	0.0000E+00	2.0099E+00
1.6540E+03	0.0000E+00	0.0000E+00	2.0131E+00
1.6550E+03	0.0000E+00	0.0000E+00	2.0251E+00
1.6560E+03	0.0000E+00	0.0000E+00	2.0410E+00
1.6570E+03	0.0000E+00	0.0000E+00	2.0596E+00
1.6580E+03	0.0000E+00	0.0000E+00	2.0757E+00
1.6590E+03	0.0000E+00	0.0000E+00	2.0835E+00
1.6600E+03	0.0000E+00	0.0000E+00	2.0840E+00
1.6610E+03	0.0000E+00	0.0000E+00	2.0786E+00
1.6620E+03	0.0000E+00	0.0000E+00	2.0761E+00
1.6630E+03	0.0000E+00	0.0000E+00	2.0658E+00
1.6640E+03	0.0000E+00	0.0000E+00	2.0666E+00
1.6650E+03	0.0000E+00	0.0000E+00	2.0540E+00
1.6660E+03	0.0000E+00	0.0000E+00	2.0477E+00
1.6670E+03	0.0000E+00	0.0000E+00	2.0512E+00
1.6680E+03	0.0000E+00	0.0000E+00	2.0443E+00
1.6690E+03	0.0000E+00	0.0000E+00	2.0344E+00
1.6700E+03	0.0000E+00	0.0000E+00	2.0292E+00
1.6710E+03	0.0000E+00	0.0000E+00	2.0249E+00
1.6720E+03	0.0000E+00	0.0000E+00	2.0145E+00
1.6730E+03	0.0000E+00	0.0000E+00	2.0129E+00
1.6740E+03	0.0000E+00	0.0000E+00	2.0001E+00
1.6750E+03	0.0000E+00	0.0000E+00	1.9948E+00
1.6760E+03	0.0000E+00	0.0000E+00	1.9912E+00
1.6770E+03	0.0000E+00	0.0000E+00	1.9890E+00
1.6780E+03	0.0000E+00	0.0000E+00	1.9945E+00
1.6790E+03	0.0000E+00	0.0000E+00	1.9997E+00
1.6800E+03	0.0000E+00	0.0000E+00	2.0111E+00
1.6810E+03	0.0000E+00	0.0000E+00	2.0186E+00
1.6820E+03	0.0000E+00	0.0000E+00	2.0348E+00
1.6830E+03	0.0000E+00	0.0000E+00	2.0454E+00
1.6840E+03	0.0000E+00	0.0000E+00	2.0418E+00
1.6850E+03	0.0000E+00	0.0000E+00	2.0438E+00
1.6860E+03	0.0000E+00	0.0000E+00	2.0431E+00
1.6870E+03	0.0000E+00	0.0000E+00	2.0349E+00
1.6880E+03	0.0000E+00	0.0000E+00	2.0352E+00
1.6890E+03	0.0000E+00	0.0000E+00	2.0267E+00
1.6900E+03	0.0000E+00	0.0000E+00	2.0193E+00
1.6910E+03	0.0000E+00	0.0000E+00	2.0196E+00
1.6920E+03	0.0000E+00	0.0000E+00	2.0148E+00
1.6930E+03	0.0000E+00	0.0000E+00	2.0045E+00
1.6940E+03	0.0000E+00	0.0000E+00	2.0044E+00
1.6950E+03	0.0000E+00	0.0000E+00	1.9916E+00
1.6960E+03	0.0000E+00	0.0000E+00	1.9920E+00
1.6970E+03	0.0000E+00	0.0000E+00	1.9858E+00
1.6980E+03	0.0000E+00	0.0000E+00	1.9829E+00
1.6990E+03	0.0000E+00	0.0000E+00	1.9729E+00
1.7000E+03	0.0000E+00	0.0000E+00	1.9685E+00
1.7010E+03	0.0000E+00	0.0000E+00	1.9661E+00
1.7020E+03	0.0000E+00	0.0000E+00	1.9605E+00
1.7030E+03	0.0000E+00	0.0000E+00	1.9704E+00
1.7040E+03	0.0000E+00	0.0000E+00	1.9779E+00
1.7050E+03	0.0000E+00	0.0000E+00	1.9893E+00
1.7060E+03	0.0000E+00	0.0000E+00	2.0029E+00
1.7070E+03	0.0000E+00	0.0000E+00	2.0114E+00
1.7080E+03	0.0000E+00	0.0000E+00	2.0185E+00
1.7090E+03	0.0000E+00	0.0000E+00	2.0252E+00
1.7100E+03	0.0000E+00	0.0000E+00	2.0259E+00
1.7110E+03	0.0000E+00	0.0000E+00	2.0214E+00
1.7120E+03	0.0000E+00	0.0000E+00	2.0109E+00
1.7130E+03	0.0000E+00	0.0000E+00	2.0055E+00
1.7140E+03	0.0000E+00	0.0000E+00	2.0113E+00
1.7150E+03	0.0000E+00	0.0000E+00	2.0054E+00
1.7160E+03	0.0000E+00	0.0000E+00	2.0003E+00
1.7170E+03	0.0000E+00	0.0000E+00	1.9915E+00
1.7180E+03	0.0000E+00	0.0000E+00	1.9843E+00
1.7190E+03	0.0000E+00	0.0000E+00	1.9809E+00
1.7200E+03	0.0000E+00	0.0000E+00	1.9738E+00
1.7210E+03	0.0000E+00	0.0000E+00	1.9682E+00
1.7220E+03	0.0000E+00	0.0000E+00	1.9610E+00
1.7230E+03	0.0000E+00	0.0000E+00	1.9584E+00
1.7240E+03	0.0000E+00	0.0000E+00	1.9550E+00
1.7250E+03	0.0000E+00	0.0000E+00	1.9512E+00
1.7260E+03	0.0000E+00	0.0000E+00	1.9555E+00
1.7270E+03	0.0000E+00	0.0000E+00	1.9656E+00
1.7280E+03	0.0000E+00	0.0000E+00	1.9800E+00
1.7290E+03	0.0000E+00	0.0000E+00	1.9955E+00
1.7300E+03	0.0000E+00	0.0000E+00	2.0070E+00
1.7310E+03	0.0000E+00	0.0000E+00	2.0137E+00
1.7320E+03	0.0000E+00	0.0000E+00	2.0186E+00
1.7330E+03	0.0000E+00	0.0000E+00	2.0152E+00
1.7340E+03	0.0000E+00	0.0000E+00	2.0124E+00
1.7350E+03	0.0000E+00	0.0000E+00	2.0064E+00
1.7360E+03	0.0000E+00	0.0000E+00	1.9980E+00
1.7370E+03	0.0000E+00	0.0000E+00	1.9945E+00
1.7380E+03	0.0000E+00	0.0000E+00	1.9911E+00
1.7390E+03	0.0000E+00	0.0000E+00	1.9897E+00
1.7400E+03	0.0000E+00	0.0000E+00	1.9844E+00
1.7410E+03	0.0000E+00	0.0000E+00	1.9836E+00
1.7420E+03	0.0000E+00	0.0000E+00	1.9712E+00
1.7430E+03	0.0000E+00	0.0000E+00	1.9624E+00
1.7440E+03	0.0000E+00	0.0000E+00	1.9584E+00
1.7450E+03	0.0000E+00	0.0000E+00	1.9528E+00
1.7460E+03	0.0000E+00	0.0000E+00	1.9480E+00
1.7470E+03	0.0000E+00	0.0000E+00	1.9386E+00
1.7480E+03	0.0000E+00	0.0000E+00	1.9313E+00
1.7490E+03	0.0000E+00	0.0000E+00	1.9309E+00
1.7500E+03	0.0000E+00	0.0000E+00	1.9350E+00
1.7510E+03	0.0000E+00	0.0000E+00	1.9537E+00
1.7520E+03	0.0000E+00	0.0000E+00	1.9720E+00
1.7530E+03	0.0000E+00	0.0000E+00	1.9945E+00
1.7540E+03	0.0000E+00	0.0000E+00	2.0056E+00
1.7550E+03	0.0000E+00	0.0000E+00	2.0136E+00
1.7560E+03	0.0000E+00	0.0000E+00	2.0173E+00
1.7570E+03	0.0000E+00	0.0000E+00	2.0191E+00
1.7580E+03	0.0000E+00	0.0000E+00	2.0114E+00
1.7590E+03	0.0000E+00	0.0000E+00	2.0087E+00
1.7600E+03	0.0000E+00	0.0000E+00	2.0030E+00
1.7610E+03	0.0000E+00	0.0000E+00	1.9990E+00
1.7620E+03	0.0000E+00	0.0000E+00	1.9865E+00
1.7630E+03	0.0000E+00	0.0000E+00	1.9887E+00
1.7640E+03	0.0000E+00	0.0000E+00	1.9803E+00
1.7650E+03	0.0000E+00	0.0000E+00	1.9742E+00
1.7660E+03	0.0000E+00	0.0000E+00	1.9695E+00
1.7670E+03	0.0000E+00	0.0000E+00	1.9645E+00
1.7680E+03	0.0000E+00	0.0000E+00	1.9559E+00
1.7690E+03	0.0000E+00	0.0000E+00	1.9513E+00
1.7700E+03	0.0000E+00	0.0000E+00	1.9393E+00
1.7710E+03	0.0000E+00	0.0000E+00	1.9391E+00
1.7720E+03	0.0000E+00	0.0000E+00	1.9347E+00
1.7730E+03	0.0000E+00	0.0000E+00	1.9302E+00
1.7740E+03	0.0000E+00	0.0000E+00	1.9391E+00
1.7750E+03	0.0000E+00	0.0000E+00	1.9535E+00
1.7760E+03	0.0000E+00	0.0000E+00	1.9686E+00
1.7770E+03	0.0000E+00	0.0000E+00	1.9861E+00
1.7780E+03	0.0000E+00	0.0000E+00	1.9957E+00
1.7790E+03	0.0000E+00	0.0000E+00	2.0024E+00
1.7800E+03	0.0000E+00	0.0000E+00	2.0047E+00
1.7810E+03	0.0000E+00	0.0000E+00	2.0018E+00
1.7820E+03	0.0000E+00	0.0000E+00	1.9984E+00
1.7830E+03	0.0000E+00	0.0000E+00	1.9937E+00
1.7840E+03	0.0000E+00	0.0000E+00	1.9901E+00
1.7850E+03	0.0000E+00	0.0000E+00	1.9820E+00
1.7860E+03	0.0000E+00	0.0000E+00	1.9830E+00
1.7870E+03	0.0000E+00	0.0000E+00	1.9520E+00
1.7880E+03	0.0000E+00	0.0000E+00	1.9438E+00
1.7890E+03	0.0000E+00	0.0000E+00	1.9466E+00
1.7900E+03	0.0000E+00	0.0000E+00	1.9357E+00
1.7910E+03	0.0000E+00	0.0000E+00	1.9333E+00
1.7920E+03	0.0000E+00	0.0000E+00	1.9270E+00
1.7930E+03	0.0000E+00	0.0000E+00	1.9193E+00
1.7940E+03	0.0000E+00	0.0000E+00	1.9153E+00
1.7950E+03	0.0000E+00	0.0000E+00	1.9063E+00
1.7960E+03	0.0000E+00	0.0000E+00	1.8997E+00
1.7970E+03	0.0000E+00	0.0000E+00	1.8984E+00
1.7980E+03	0.0000E+00	0.0000E+00	1.9035E+00
1.7990E+03	0.0000E+00	0.0000E+00	1.9133E+00
1.8000E+03	0.0000E+00	0.0000E+00	1.9290E+00
1.8010E+03	0.0000E+00	0.0000E+00	1.9473E+00
1.8020E+03	0.0000E+00	0.0000E+00	1.9612E+00
1.8030E+03	0.0000E+00	0.0000E+00	1.9659E+00
1.8040E+03	0.0000E+00	0.0000E+00	1.9755E+00
1.8050E+03	0.0000E+00	0.0000E+00	1.9760E+00
1.8060E+03	0.0000E+00	0.0000E+00	1.9752E+00
1.8070E+03	0.0000E+00	0.0000E+00	1.9704E+00
1.8080E+03	0.0000E+00	0.0000E+00	1.9633E+00
1.8090E+03	0.0000E+00	0.0000E+00	1.9573E+00
1.8100E+03	0.0000E+00	0.0000E+00	1.9530E+00
1.8110E+03	0.0000E+00	0.0000E+00	1.9489E+00
1.8120E+03	0.0000E+00	0.0000E+00	1.9415E+00
1.8130E+03	0.0000E+00	0.0000E+00	1.9336E+00
1.8140E+03	0.0000E+00	0.0000E+00	1.9310E+00
1.8150E+03	0.0000E+00	0.0000E+00	1.9269E+00
1.8160E+03	0.0000E+00	0.0000E+00	1.9224E+00
1.8170E+03	0.0000E+00	0.0000E+00	1.9210E+00
1.8180E+03	0.0000E+00	0.0000E+00	1.9167E+00
1.8190E+03	0.0000E+00	0.0000E+00	1.9117E+00
1.8200E+03	0.0000E+00	0.0000E+00	1.9124E+00
1.8210E+03	0.0000E+00	0.0000E+00	1.9125E+00
1.8220E+03	0.0000E+00	0.0000E+00	1.9214E+00
1.8230E+03	0.0000E+00	0.0000E+00	1.9321E+00
1.8240E+03	0.0000E+00	0.0000E+00	1.9382E+00
1.8250E+03	0.0000E+00	0.0000E+00	1.9478E+00
1.8260E+03	0.0000E+00	0.0000E+00	1.9522E+00
1.8270E+03	0.0000E+00	0.0000E+00	1.9538E+00
1.8280E+03	0.0000E+00	0.0000E+00	1.9558E+00
1.8290E+03	0.0000E+00	0.0000E+00	1.9581E+00
1.8300E+03	0.0000E+00	0.0000E+00	1.9561E+00
1.8310E+03	0.0000E+00	0.0000E+00	1.9543E+00
1.8320E+03	0.0000E+00	0.0000E+00	1.9663E+00
1.8330E+03	0.0000E+00	0.0000E+00	1.9809E+00
1.8340E+03	0.0000E+00	0.0000E+00	1.9872E+00
1.8350E+03	0.0000E+00	0.0000E+00	2.0153E+00
1.8360E+03	0.0000E+00	0.0000E+00	2.0559E+00
1.8370E+03	0.0000E+00	0.0000E+00	2.0952E+00
1.8380E+03	0.0000E+00	0.0000E+00	2.1155E+00
1.8390E+03	0.0000E+00	0.0000E+00	2.1128E+00
1.8400E+03	0.0000E+00	0.0000E+00	2.0960E+00
1.8410E+03	0.0000E+00	0.0000E+00	2.0874E+00
1.8420E+03	0.0000E+00	0.0000E+00	2.0760E+00
1.8430E+03	0.0000E+00	0.0000E+00	2.0704E+00
1.8440E+03	0.0000E+00	0.0000E+00	2.0616E+00
1.8450E+03	0.0000E+00	0.0000E+00	2.0490E+00
1.8460E+03	0.0000E+00	0.0000E+00	2.0458E+00
1.8470E+03	0.0000E+00	0.0000E+00	2.0468E+00
1.8480E+03	0.0000E+00	0.0000E+00	2.0463E+00
1.8490E+03	0.0000E+00	0.0000E+00	2.0530E+00
1.8500E+03	0.0000E+00	0.0000E+00	2.0522E+00
1.8510E+03	0.0000E+00	0.0000E+00	2.0523E+00
1.8520E+03	0.0000E+00	0.0000E+00	2.0424E+00
1.8530E+03	0.0000E+00	0.0000E+00	2.0348E+00
1.8540E+03	0.0000E+00	0.0000E+00	2.0300E+00
1.8550E+03	0.0000E+00	0.0000E+00	2.0267E+00
1.8560E+03	0.0000E+00	0.0000E+00	2.0267E+00
1.8570E+03	0.0000E+00	0.0000E+00	2.0211E+00
1.8580E+03	0.0000E+00	0.0000E+00	2.0143E+00
1.8590E+03	0.0000E+00	0.0000E+00	2.0118E+00
1.8600E+03	0.0000E+00	0.0000E+00	2.0071E+00
1.8610E+03	0.0000E+00	0.0000E+00	2.0033E+00
1.8620E+03	0.0000E+00	0.0000E+00	2.0002E+00
1.8630E+03	0.0000E+00	0.0000E+00	1.9891E+00
1.8640E+03	0.0000E+00	0.0000E+00	1.9819E+00
1.8650E+03	0.0000E+00	0.0000E+00	1.9734E+00
1.8660E+03	0.0000E+00	0.0000E+00	1.9669E+00
1.8670E+03	0.0000E+00	0.0000E+00	1.9597E+00
1.8680E+03	0.0000E+00	0.0000E+00	1.9522E+00
1.8690E+03	0.0000E+00	0.0000E+00	1.9536E+00
1.8700E+03	0.0000E+00	0.0000E+00	1.9496E+00
1.8710E+03	0.0000E+00	0.0000E+00	1.9539E+00
1.8720E+03	0.0000E+00	0.0000E+00	1.9610E+00
1.8730E+03	0.0000E+00	0.0000E+00	1.9682E+00
1.8740E+03	0.0000E+00	0.0000E+00	1.9765E+00
1.8750E+03	0.0000E+00	0.0000E+00	1.9826E+00
1.8760E+03	0.0000E+00	0.0000E+00	1.9889E+00
1.8770E+03	0.0000E+00	0.0000E+00	1.9851E+00
1.8780E+03	0.0000E+00	0.0000E+00	1.9791E+00
1.8790E+03	0.0000E+00	0.0000E+00	1.9777E+00
1.8800E+03	0.0000E+00	0.0000E+00	1.9688E+00
1.8810E+03	0.0000E+00	0.0000E+00	1.9626E+00
1.8820E+03	0.0000E+00	0.0000E+00	1.9598E+00
1.8830E+03	0.0000E+00	0.0000E+00	1.9565E+00
1.8840E+03	0.0000E+00	0.0000E+00	1.9495E+00
1.8850E+03	0.0000E+00	0.0000E+00	1.9521E+00
1.8860E+03	0.0000E+00	0.0000E+00	1.9419E+00
1.8870E+03	0.0000E+00	0.0000E+00	1.9357E+00
1.8880E+03	0.0000E+00	0.0000E+00	1.9303E+00
1.8890E+03	0.0000E+00	0.0000E+00	1.9231E+00
1.8900E+03	0.0000E+00	0.0000E+00	1.9175E+00
1.8910E+03	0.0000E+00	0.0000E+00	1.9110E+00
1.8920E+03	0.0000E+00	0.0000E+00	1.9028E+00
1.8930E+03	0.0000E+00	0.0000E+00	1.8980E+00
1.8940E+03	0.0000E+00	0.0000E+00	1.8950E+00
1.8950E+03	0.0000E+00	0.0000E+00	1.8975E+00
1.8960E+03	0.0000E+00	0.0000E+00	1.9028E+00
1.8970E+03	0.0000E+00	0.0000E+00	1.9111E+00
1.8980E+03	0.0000E+00	0.0000E+00	1.9250E+00
1.8990E+03	0.0000E+00	0.0000E+00	1.9331E+00
1.9000E+03	0.0000E+00	0.0000E+00	1.9362E+00
1.9010E+03	0.0000E+00	0.0000E+00	1.9372E+00
1.9020E+03	0.0000E+00	0.0000E+00	1.9367E+00
1.9030E+03	0.0000E+00	0.0000E+00	1.9290E+00
1.9040E+03	0.0000E+00	0.0000E+00	1.9245E+00
1.9050E+03	0.0000E+00	0.0000E+00	1.9193E+00
1.9060E+03	0.0000E+00	0.0000E+00	1.9195E+00
1.9070E+03	0.0000E+00	0.0000E+00	1.9161E+00
1.9080E+03	0.0000E+00	0.0000E+00	1.9125E+00
1.9090E+03	0.0000E+00	0.0000E+00	1.9097E+00
1.9100E+03	0.0000E+00	0.0000E+00	1.9080E+00
1.9110E+03	0.0000E+00	0.0000E+00	1.9006E+00
1.9120E+03	0.0000E+00	0.0000E+00	1.8979E+00
1.9130E+03	0.0000E+00	0.0000E+00	1.8933E+00
1.9140E+03	0.0000E+00	0.0000E+00	1.8900E+00
1.9150E+03	0.0000E+00	0.0000E+00	1.8824E+00
1.9160E+03	0.0000E+00	0.0000E+00	1.8737E+00
1.9170E+03	0.0000E+00	0.0000E+00	1.8752E+00
1.9180E+03	0.0000E+00	0.0000E+00	1.8714E+00
1.9190E+03	0.0000E+00	0.0000E+00	1.8686E+00
1.9200E+03	0.0000E+00	0.0000E+00	1.8687E+00
1.9210E+03	0.0000E+00	0.0000E+00	1.8771E+00
1.9220E+03	0.0000E+00	0.0000E+00	1.8914E+00
1.9230E+03	0.0000E+00	0.0000E+00	1.9010E+00
1.9240E+03	0.0000E+00	0.0000E+00	1.9105E+00
1.9250E+03	0.0000E+00	0.0000E+00	1.9141E+00
1.9260E+03	0.0000E+00	0.0000E+00	1.9134E+00
1.9270E+03	0.0000E+00	0.0000E+00	1.9109E+00
1.9280E+03	0.0000E+00	0.0000E+00	1.9038E+00
1.9290E+03	0.0000E+00	0.0000E+00	1.9042E+00
1.9300E+03	0.0000E+00	0.0000E+00	1.8974E+00
1.9310E+03	0.0000E+00	0.0000E+00	1.8981E+00
1.9320E+03	0.0000E+00	0.0000E+00	1.8942E+00
1.9330E+03	0.0000E+00	0.0000E+00	1.8928E+00
1.9340E+03	0.0000E+00	0.0000E+00	1.8870E+00
1.9350E+03	0.0000E+00	0.0000E+00	1.8802E+00
1.9360E+03	0.0000E+00	0.0000E+00	1.8771E+00
1.9370E+03	0.0000E+00	0.0000E+00	1.8735E+00
1.9380E+03	0.0000E+00	0.0000E+00	1.8698E+00
1.9390E+03	0.0000E+00	0.0000E+00	1.8628E+00
1.9400E+03	0.0000E+00	0.0000E+00	1.8554E+00
1.9410E+03	0.0000E+00	0.0000E+00	1.8530E+00
1.9420E+03	0.0000E+00	0.0000E+00	1.8489E+00
1.9430E+03	0.0000E+00	0.0000E+00	1.8442E+00
1.9440E+03	0.0000E+00	0.0000E+00	1.8465E+00
1.9450E+03	0.0000E+00	0.0000E+00	1.8591E+00
1.9460E+03	0.0000E+00	0.0000E+00	1.8713E+00
1.9470E+03	0.0000E+00	0.0000E+00	1.8790E+00
1.9480E+03	0.0000E+00	0.0000E+00	1.8894E+00
1.9490E+03	0.0000E+00	0.0000E+00	1.8911E+00
1.9500E+03	0.0000E+00	0.0000E+00	1.8942E+00
1.9510E+03	0.0000E+00	0.0000E+00	1.8889E+00
1.9520E+03	0.0000E+00	0.0000E+00	1.8823E+00
1.9530E+03	0.0000E+00	0.0000E+00	1.8804E+00
1.9540E+03	0.0000E+00	0.0000E+00	1.8779E+00
1.9550E+03	0.0000E+00	0.0000E+00	1.8772E+00
1.9560E+03	0.0000E+00	0.0000E+00	1.8783E+00
1.9570E+03	0.0000E+00	0.0000E+00	1.8725E+00
1.9580E+03	0.0000E+00	0.0000E+00	1.8681E+00
1.9590E+03	0.0000E+00	0.0000E+00	1.8621E+00
1.9600E+03	0.0000E+00	0.0000E+00	1.8605E+00
1.9610E+03	0.0000E+00	0.0000E+00	1.8562E+00
1.9620E+03	0.0000E+00	0.0000E+00	1.8516E+00
1.9630E+03	0.0000E+00	0.0000E+00	1.8431E+00
1.9640E+03	0.0000E+00	0.0000E+00	1.8396E+00
1.9650E+03	0.0000E+00	0.0000E+00	1.8351E+00
1.9660E+03	0.0000E+00	0.0000E+00	1.8308E+00
1.9670E+03	0.0000E+00	0.0000E+00	1.8315E+00
1.9680E+03	0.0000E+00	0.0000E+00	1.8313E+00
1.9690E+03	0.0000E+00	0.0000E+00	1.8292E+00
1.9700E+03	0.0000E+00	0.0000E+00	1.8329E+00
1.9710E+03	0.0000E+00	0.0000E+00	1.8317E+00
1.9720E+03	0.0000E+00	0.0000E+00	1.8358E+00
1.9730E+03	0.0000E+00	0.0000E+00	1.8410E+00
1.9740E+03	0.0000E+00	0.0000E+00	1.8411E+00
1.9750E+03	0.0000E+00	0.0000E+00	1.8393E+00
1.9760E+03	0.0000E+00	0.0000E+00	1.8394E+00
1.9770E+03	0.0000E+00	0.0000E+00	1.8369E+00
1.9780E+03	0.0000E+00	0.0000E+00	1.8379E+00
1.9790E+03	0.0000E+00	0.0000E+00	1.8385E+00
1.9800E+03	0.0000E+00	0.0000E+00	1.8373E+00
1.9810E+03	0.0000E+00	0.0000E+00	1.8380E+00
1.9820E+03	0.0000E+00	0.0000E+00	1.8344E+00
1.9830E+03	0.0000E+00	0.0000E+00	1.8319E+00
1.9840E+03	0.0000E+00	0.0000E+00	1.8310E+00
1.9850E+03	0.0000E+00	0.0000E+00	1.8253E+00
1.9860E+03	0.0000E+00	0.0000E+00	1.8240E+00
1.9870E+03	0.0000E+00	0.0000E+00	1.8217E+00
1.9880E+03	0.0000E+00	0.0000E+00	1.8151E+00
1.9890E+03	0.0000E+00	0.0000E+00	1.8117E+00
1.9900E+03	0.0000E+00	0.0000E+00	1.8121E+00
1.9910E+03	0.0000E+00	0.0000E+00	1.8081E+00
1.9920E+03	0.0000E+00	0.0000E+00	1.8055E+00
1.9930E+03	0.0000E+00	0.0000E+00	1.8066E+00
1.9940E+03	0.0000E+00	0.0000E+00	1.8117E+00
1.9950E+03	0.0000E+00	0.0000E+00	1.8167E+00
1.9960E+03	0.0000E+00	0.0000E+00	1.8265E+00
1.9970E+03	0.0000E+00	0.0000E+00	1.8332E+00
1.9980E+03	0.0000E+00	0.0000E+00	1.8349E+00
1.9990E+03	0.0000E+00	0.0000E+00	1.8373E+00
2.0000E+03	0.0000E+00	0.0000E+00	1.8334E+00
2.0010E+03	0.0000E+00	0.0000E+00	1.8332E+00
2.0020E+03	0.0000E+00	0.0000E+00	1.8328E+00
2.0030E+03	0.0000E+00	0.0000E+00	1.8294E+00
2.0040E+03	0.0000E+00	0.0000E+00	1.8281E+00
2.0050E+03	0.0000E+00	0.0000E+00	1.8256E+00
2.0060E+03	0.0000E+00	0.0000E+00	1.8233E+00
2.0070E+03	0.0000E+00	0.0000E+00	1.8235E+00
2.0080E+03	0.0000E+00	0.0000E+00	1.8212E+00
2.0090E+03	0.0000E+00	0.0000E+00	1.8155E+00
2.0100E+03	0.0000E+00	0.0000E+00	1.8137E+00
2.0110E+03	0.0000E+00	0.0000E+00	1.8080E+00
2.0120E+03	0.0000E+00	0.0000E+00	1.8047E+00
2.0130E+03	0.0000E+00	0.0000E+00	1.8049E+00
2.0140E+03	0.0000E+00	0.0000E+00	1.8050E+00
2.0150E+03	0.0000E+00	0.0000E+00	1.8006E+00
2.0160E+03	0.0000E+00	0.0000E+00	1.7970E+00
2.0170E+03	0.0000E+00	0.0000E+00	1.7951E+00
2.0180E+03	0.0000E+00	0.0000E+00	1.7982E+00
2.0190E+03	0.0000E+00	0.0000E+00	1.7989E+00
2.0200E+03	0.0000E+00	0.0000E+00	1.8042E+00
2.0210E+03	0.0000E+00	0.0000E+00	1.8065E+00
2.0220E+03	0.0000E+00	0.0000E+00	1.8077E+00
2.0230E+03	0.0000E+00	0.0000E+00	1.8069E+00
2.0240E+03	0.0000E+00	0.0000E+00	1.8070E+00
2.0250E+03	0.0000E+00	0.0000E+00	1.8081E+00
2.0260E+03	0.0000E+00	0.0000E+00	1.8084E+00
2.0270E+03	0.0000E+00	0.0000E+00	1.8089E+00
2.0280E+03	0.0000E+00	0.0000E+00	1.8099E+00
2.0290E+03	0.0000E+00	0.0000E+00	1.8077E+00
2.0300E+03	0.0000E+00	0.0000E+00	1.8017E+00
2.0310E+03	0.0000E+00	0.0000E+00	1.8000E+00
2.0320E+03	0.0000E+00	0.0000E+00	1.7987E+00
2.0330E+03	0.0000E+00	0.0000E+00	1.7998E+00
2.0340E+03	0.0000E+00	0.0000E+00	1.7980E+00
2.0350E+03	0.0000E+00	0.0000E+00	1.7921E+00
2.0360E+03	0.0000E+00	0.0000E+00	1.7907E+00
2.0370E+03	0.0000E+00	0.0000E+00	1.7890E+00
2.0380E+03	0.0000E+00	0.0000E+00	1.7891E+00
2.0390E+03	0.0000E+00	0.0000E+00	1.7840E+00
2.0400E+03	0.0000E+00	0.0000E+00	1.7801E+00
2.0410E+03	0.0000E+00	0.0000E+00	1.7825E+00
2.0420E+03	0.0000E+00	0.0000E+00	1.7864E+00
2.0430E+03	0.0000E+00	0.0000E+00	1.7931E+00
2.0440E+03	0.0000E+00	0.0000E+00	1.8025E+00
2.0450E+03	0.0000E+00	0.0000E+00	1.8110E+00
2.0460E+03	0.0000E+00	0.0000E+00	1.8143E+00
2.0470E+03	0.0000E+00	0.0000E+00	1.8144E+00
2.0480E+03	0.0000E+00	0.0000E+00	1.8144E+00
2.0490E+03	0.0000E+00	0.0000E+00	1.8112E+00
2.0500E+03	0.0000E+00	0.0000E+00	1.8122E+00
2.0510E+03	0.0000E+00	0.0000E+00	1.8122E+00
2.0520E+03	0.0000E+00	0.0000E+00	1.8084E+00
2.0530E+03	0.0000E+00	0.0000E+00	1.8097E+00
2.0540E+03	0.0000E+00	0.0000E+00	1.8054E+00
2.0550E+03	0.0000E+00	0.0000E+00	1.8005E+00
2.0560E+03	0.0000E+00	0.0000E+00	1.7988E+00
2.0570E+03	0.0000E+00	0.0000E+00	1.7941E+00
2.0580E+03	0.0000E+00	0.0000E+00	1.7927E+00
2.0590E+03	0.0000E+00	0.0000E+00	1.7895E+00
2.0600E+03	0.0000E+00	0.0000E+00	1.7859E+00
2.0610E+03	0.0000E+00	0.0000E+00	1.7861E+00
2.0620E+03	0.0000E+00	0.0000E+00	1.7773E+00
2.0630E+03	0.0000E+00	0.0000E+00	1.7757E+00
2.0640E+03	0.0000E+00	0.0000E+00	1.7688E+00
2.0650E+03	0.0000E+00	0.0000E+00	1.7721E+00
2.0660E+03	0.0000E+00	0.0000E+00	1.7782E+00
2.0670E+03	0.0000E+00	0.0000E+00	1.7884E+00
2.0680E+03	0.0000E+00	0.0000E+00	1.7984E+00
2.0690E+03	0.0000E+00	0.0000E+00	1.8042E+00
2.0700E+03	0.0000E+00	0.0000E+00	1.8097E+00
2.0710E+03	0.0000E+00	0.0000E+00	1.8113E+00
2.0720E+03	0.0000E+00	0.0000E+00	1.8103E+00
2.0730E+03	0.0000E+00	0.0000E+00	1.8041E+00
2.0740E+03	0.0000E+00	0.0000E+00	1.8054E+00
2.0750E+03	0.0000E+00	0.0000E+00	1.8081E+00
2.0760E+03	0.0000E+00	0.0000E+00	1.8034E+00
2.0770E+03	0.0000E+00	0.0000E+00	1.8007E+00
2.0780E+03	0.0000E+00	0.0000E+00	1.7987E+00
2.0790E+03	0.0000E+00	0.0000E+00	1.7902E+00
2.0800E+03	0.0000E+00	0.0000E+00	1.7930E+00
2.0810E+03	0.0000E+00	0.0000E+00	1.7915E+00
2.0820E+03	0.0000E+00	0.0000E+00	1.7871E+00
2.0830E+03	0.0000E+00	0.0000E+00	1.7805E+00
2.0840E+03	0.0000E+00	0.0000E+00	1.7757E+00
2.0850E+03	0.0000E+00	0.0000E+00	1.7747E+00
2.0860E+03	0.0000E+00	0.0000E+00	1.7744E+00
2.0870E+03	0.0000E+00	0.0000E+00	1.7722E+00
2.0880E+03	0.0000E+00	0.0000E+00	1.7689E+00
2.0890E+03	0.0000E+00	0.0000E+00	1.7730E+00
2.0900E+03	0.0000E+00	0.0000E+00	1.7733E+00
2.0910E+03	0.0000E+00	0.0000E+00	1.7782E+00
2.0920E+03	0.0000E+00	0.0000E+00	1.7888E+00
2.0930E+03	0.0000E+00	0.0000E+00	1.7938E+00
2.0940E+03	0.0000E+00	0.0000E+00	1.7973E+00
2.0950E+03	0.0000E+00	0.0000E+00	1.8025E+00
2.0960E+03	0.0000E+00	0.0000E+00	1.8014E+00
2.0970E+03	0.0000E+00	0.0000E+00	1.8003E+00
2.0980E+03	0.0000E+00	0.0000E+00	1.7998E+00
2.0990E+03	0.0000E+00	0.0000E+00	1.8001E+00
2.1000E+03	0.0000E+00	0.0000E+00	1.7946E+00
2.1010E+03	0.0000E+00	0.0000E+00	1.7905E+00
2.1020E+03	0.0000E+00	0.0000E+00	1.7885E+00
2.1030E+03	0.0000E+00	0.0000E+00	1.7887E+00
2.1040E+03	0.0000E+00	0.0000E+00	1.7851E+00
2.1050E+03	0.0000E+00	0.0000E+00	1.7838E+00
2.1060E+03	0.0000E+00	0.0000E+00	1.7880E+00
2.1070E+03	0.0000E+00	0.0000E+00	1.7831E+00
2.1080E+03	0.0000E+00	0.0000E+00	1.7787E+00
2.1090E+03	0.0000E+00	0.0000E+00	1.7739E+00
2.1100E+03	0.0000E+00	0.0000E+00	1.7704E+00
2.1110E+03	0.0000E+00	0.0000E+00	1.7689E+00
2.1120E+03	0.0000E+00	0.0000E+00	1.7684E+00
2.1130E+03	0.0000E+00	0.0000E+00	1.7643E+00
2.1140E+03	0.0000E+00	0.0000E+00	1.7664E+00
2.1150E+03	0.0000E+00	0.0000E+00	1.7679E+00
2.1160E+03	0.0000E+00	0.0000E+00	1.7810E+00
2.1170E+03	0.0000E+00	0.0000E+00	1.7875E+00
2.1180E+03	0.0000E+00	0.0000E+00	1.7916E+00
2.1190E+03	0.0000E+00	0.0000E+00	1.7916E+00
2.1200E+03	0.0000E+00	0.0000E+00	1.7923E+00
2.1210E+03	0.0000E+00	0.0000E+00	1.7894E+00
2.1220E+03	0.0000E+00	0.0000E+00	1.7856E+00
2.1230E+03	0.0000E+00	0.0000E+00	1.7877E+00
2.1240E+03	0.0000E+00	0.0000E+00	1.7870E+00
2.1250E+03	0.0000E+00	0.0000E+00	1.7861E+00
2.1260E+03	0.0000E+00	0.0000E+00	1.7845E+00
2.1270E+03	0.0000E+00	0.0000E+00	1.7827E+00
2.1280E+03	0.0000E+00	0.0000E+00	1.7822E+00
2.1290E+03	0.0000E+00	0.0000E+00	1.7757E+00
2.1300E+03	0.0000E+00	0.0000E+00	1.7696E+00
2.1310E+03	0.0000E+00	0.0000E+00	1.7673E+00
2.1320E+03	0.0000E+00	0.0000E+00	1.7614E+00
2.1330E+03	0.0000E+00	0.0000E+00	1.7603E+00
2.1340E+03	0.0000E+00	0.0000E+00	1.7565E+00
2.1350E+03	0.0000E+00	0.0000E+00	1.7498E+00
2.1360E+03	0.0000E+00	0.0000E+00	1.7504E+00
2.1370E+03	0.0000E+00	0.0000E+00	1.7513E+00
2.1380E+03	0.0000E+00	0.0000E+00	1.7448E+00
2.1390E+03	0.0000E+00	0.0000E+00	1.7472E+00
2.1400E+03	0.0000E+00	0.0000E+00	1.7521E+00
2.1410E+03	0.0000E+00	0.0000E+00	1.7636E+00
2.1420E+03	0.0000E+00	0.0000E+00	1.7686E+00
2.1430E+03	0.0000E+00	0.0000E+00	1.7707E+00
2.1440E+03	0.0000E+00	0.0000E+00	1.7707E+00
2.1450E+03	0.0000E+00	0.0000E+00	1.7695E+00
2.1460E+03	0.0000E+00	0.0000E+00	1.7731E+00
2.1470E+03	0.0000E+00	0.0000E+00	1.7739E+00
2.1480E+03	0.0000E+00	0.0000E+00	1.7748E+00
2.1490E+03	0.0000E+00	0.0000E+00	1.7695E+00
2.1500E+03	0.0000E+00	0.0000E+00	1.7718E+00
2.1510E+03	0.0000E+00	0.0000E+00	1.7685E+00
2.1520E+03	0.0000E+00	0.0000E+00	1.7702E+00
2.1530E+03	0.0000E+00	0.0000E+00	1.7645E+00
2.1540E+03	0.0000E+00	0.0000E+00	1.7590E+00
2.1550E+03	0.0000E+00	0.0000E+00	1.7619E+00
2.1560E+03	0.0000E+00	0.0000E+00	1.7526E+00
2.1570E+03	0.0000E+00	0.0000E+00	1.7516E+00
2.1580E+03	0.0000E+00	0.0000E+00	1.7498E+00
2.1590E+03	0.0000E+00	0.0000E+00	1.7476E+00
2.1600E+03	0.0000E+00	0.0000E+00	1.7471E+00
2.1610E+03	0.0000E+00	0.0000E+00	1.7429E+00
2.1620E+03	0.0000E+00	0.0000E+00	1.7429E+00
2.1630E+03	0.0000E+00	0.0000E+00	1.7454E+00
2.1640E+03	0.0000E+00	0.0000E+00	1.7498E+00
2.1650E+03	0.0000E+00	0.0000E+00	1.7543E+00
2.1660E+03	0.0000E+00	0.0000E+00	1.7597E+00
2.1670E+03	0.0000E+00	0.0000E+00	1.7614E+00
2.1680E+03	0.0000E+00	0.0000E+00	1.7630E+00
2.1690E+03	0.0000E+00	0.0000E+00	1.7628E+00
2.1700E+03	0.0000E+00	0.0000E+00	1.7619E+00
2.1710E+03	0.0000E+00	0.0000E+00	1.7650E+00
2.1720E+03	0.0000E+00	0.0000E+00	1.7630E+00
2.1730E+03	0.0000E+00	0.0000E+00	1.7629E+00
2.1740E+03	0.0000E+00	0.0000E+00	1.7570E+00
2.1750E+03	0.0000E+00	0.0000E+00	1.7566E+00
2.1760E+03	0.0000E+00	0.0000E+00	1.7549E+00
2.1770E+03	0.0000E+00	0.0000E+00	1.7537E+00
2.1780E+03	0.0000E+00	0.0000E+00	1.7511E+00
2.1790E+03	0.0000E+00	0.0000E+00	1.7266E+00
2.1800E+03	0.0000E+00	0.0000E+00	1.7360E+00
2.1810E+03	0.0000E+00	0.0000E+00	1.7349E+00
2.1820E+03	0.0000E+00	0.0000E+00	1.7354E+00
2.1830E+03	0.0000E+00	0.0000E+00	1.7306E+00
2.1840E+03	0.0000E+00	0.0000E+00	1.7259E+00
2.1850E+03	0.0000E+00	0.0000E+00	1.7248E+00
2.1860E+03	0.0000E+00	0.0000E+00	1.7246E+00
2.1870E+03	0.0000E+00	0.0000E+00	1.7232E+00
2.1880E+03	0.0000E+00	0.0000E+00	1.7262E+00
2.1890E+03	0.0000E+00	0.0000E+00	1.7293E+00
2.1900E+03	0.0000E+00	0.0000E+00	1.7393E+00
2.1910E+03	0.0000E+00	0.0000E+00	1.7431E+00
2.1920E+03	0.0000E+00	0.0000E+00	1.7462E+00
2.1930E+03	0.0000E+00	0.0000E+00	1.7476E+00
2.1940E+03	0.0000E+00	0.0000E+00	1.7485E+00
2.1950E+03	0.0000E+00	0.0000E+00	1.7500E+00
2.1960E+03	0.0000E+00	0.0000E+00	1.7498E+00
2.1970E+03	0.0000E+00	0.0000E+00	1.7501E+00
2.1980E+03	0.0000E+00	0.0000E+00	1.7474E+00
2.1990E+03	0.0000E+00	0.0000E+00	1.7484E+00
2.2000E+03	0.0000E+00	0.0000E+00	1.7480E+00
2.2010E+03	0.0000E+00	0.0000E+00	1.7388E+00
2.2020E+03	0.0000E+00	0.0000E+00	1.7338E+00
2.2030E+03	0.0000E+00	0.0000E+00	1.7358E+00
2.2040E+03	0.0000E+00	0.0000E+00	1.7366E+00
2.2050E+03	0.0000E+00	0.0000E+00	1.7344E+00
2.2060E+03	0.0000E+00	0.0000E+00	1.7337E+00
2.2070E+03	0.0000E+00	0.0000E+00	1.7290E+00
2.2080E+03	0.0000E+00	0.0000E+00	1.7253E+00
2.2090E+03	0.0000E+00	0.0000E+00	1.7208E+00
2.2100E+03	0.0000E+00	0.0000E+00	1.7166E+00
2.2110E+03	0.0000E+00	0.0000E+00	1.7183E+00
2.2120E+03	0.0000E+00	0.0000E+00	1.7230E+00
2.2130E+03	0.0000E+00	0.0000E+00	1.7287E+00
2.2140E+03	0.0000E+00	0.0000E+00	1.7347E+00
2.2150E+03	0.0000E+00	0.0000E+00	1.7393E+00
2.2160E+03	0.0000E+00	0.0000E+00	1.7431E+00
2.2170E+03	0.0000E+00	0.0000E+00	1.7448E+00
2.2180E+03	0.0000E+00	0.0000E+00	1.7456E+00
2.2190E+03	0.0000E+00	0.0000E+00	1.7479E+00
2.2200E+03	0.0000E+00	0.0000E+00	1.7486E+00
2.2210E+03	0.0000E+00	0.0000E+00	1.7474E+00
2.2220E+03	0.0000E+00	0.0000E+00	1.7472E+00
2.2230E+03	0.0000E+00	0.0000E+00	1.7475E+00
2.2240E+03	0.0000E+00	0.0000E+00	1.7417E+00
2.2250E+03	0.0000E+00	0.0000E+00	1.7419E+00
2.2260E+03	0.0000E+00	0.0000E+00	1.7365E+00
2.2270E+03	0.0000E+00	0.0000E+00	1.7365E+00
2.2280E+03	0.0000E+00	0.0000E+00	1.7366E+00
2.2290E+03	0.0000E+00	0.0000E+00	1.7351E+00
2.2300E+03	0.0000E+00	0.0000E+00	1.7322E+00
2.2310E+03	0.0000E+00	0.0000E+00	1.7301E+00
2.2320E+03	0.0000E+00	0.0000E+00	1.7243E+00
2.2330E+03	0.0000E+00	0.0000E+00	1.7246E+00
2.2340E+03	0.0000E+00	0.0000E+00	1.7232E+00
2.2350E+03	0.0000E+00	0.0000E+00	1.7249E+00
2.2360E+03	0.0000E+00	0.0000E+00	1.7249E+00
2.2370E+03	0.0000E+00	0.0000E+00	1.7283E+00
2.2380E+03	0.0000E+00	0.0000E+00	1.7310E+00
2.2390E+03	0.0000E+00	0.0000E+00	1.7319E+00
2.2400E+03	0.0000E+00	0.0000E+00	1.7304E+00
2.2410E+03	0.0000E+00	0.0000E+00	1.7277E+00
2.2420E+03	0.0000E+00	0.0000E+00	1.7345E+00
2.2430E+03	0.0000E+00	0.0000E+00	1.7362E+00
2.2440E+03	0.0000E+00	0.0000E+00	1.7407E+00
2.2450E+03	0.0000E+00	0.0000E+00	1.7447E+00
2.2460E+03	0.0000E+00	0.0000E+00	1.7430E+00
2.2470E+03	0.0000E+00	0.0000E+00	1.7450E+00
2.2480E+03	0.0000E+00	0.0000E+00	1.7399E+00
2.2490E+03	0.0000E+00	0.0000E+00	1.7382E+00
2.2500E+03	0.0000E+00	0.0000E+00	1.7357E+00
2.2510E+03	0.0000E+00	0.0000E+00	1.7357E+00
2.2520E+03	0.0000E+00	0.0000E+00	1.7347E+00
2.2530E+03	0.0000E+00	0.0000E+00	1.7336E+00
2.2540E+03	0.0000E+00	0.0000E+00	1.7282E+00
2.2550E+03	0.0000E+00	0.0000E+00	1.7266E+00
2.2560E+03	0.0000E+00	0.0000E+00	1.7231E+00
2.2570E+03	0.0000E+00	0.0000E+00	1.7172E+00
2.2580E+03	0.0000E+00	0.0000E+00	1.7157E+00
2.2590E+03	0.0000E+00	0.0000E+00	1.7178E+00
2.2600E+03	0.0000E+00	0.0000E+00	1.7192E+00
2.2610E+03	0.0000E+00	0.0000E+00	1.7225E+00
2.2620E+03	0.0000E+00	0.0000E+00	1.7255E+00
2.2630E+03	0.0000E+00	0.0000E+00	1.7261E+00
2.2640E+03	0.0000E+00	0.0000E+00	1.7276E+00
2.2650E+03	0.0000E+00	0.0000E+00	1.7230E+00
2.2660E+03	0.0000E+00	0.0000E+00	1.7313E+00
2.2670E+03	0.0000E+00	0.0000E+00	1.7333E+00
2.2680E+03	0.0000E+00	0.0000E+00	1.7365E+00
2.2690E+03	0.0000E+00	0.0000E+00	1.7339E+00
2.2700E+03	0.0000E+00	0.0000E+00	1.7352E+00
2.2710E+03	0.0000E+00	0.0000E+00	1.7301E+00
2.2720E+03	0.0000E+00	0.0000E+00	1.7267E+00
2.2730E+03	0.0000E+00	0.0000E+00	1.7273E+00
2.2740E+03	0.0000E+00	0.0000E+00	1.7281E+00
2.2750E+03	0.0000E+00	0.0000E+00	1.7277E+00
2.2760E+03	0.0000E+00	0.0000E+00	1.7246E+00
2.2770E+03	0.0000E+00	0.0000E+00	1.7281E+00
2.2780E+03	0.0000E+00	0.0000E+00	1.7231E+00
2.2790E+03	0.0000E+00	0.0000E+00	1.7226E+00
2.2800E+03	0.0000E+00	0.0000E+00	1.7205E+00
2.2810E+03	0.0000E+00	0.0000E+00	1.7206E+00
2.2820E+03	0.0000E+00	0.0000E+00	1.7156E+00
2.2830E+03	0.0000E+00	0.0000E+00	1.7138E+00
2.2840E+03	0.0000E+00	0.0000E+00	1.7195E+00
2.2850E+03	0.0000E+00	0.0000E+00	1.7218E+00
2.2860E+03	0.0000E+00	0.0000E+00	1.7223E+00
2.2870E+03	0.0000E+00	0.0000E+00	1.7255E+00
2.2880E+03	0.0000E+00	0.0000E+00	1.7291E+00
2.2890E+03	0.0000E+00	0.0000E+00	1.7267E+00
2.2900E+03	0.0000E+00	0.0000E+00	1.7329E+00
2.2910E+03	0.0000E+00	0.0000E+00	1.7333E+00
2.2920E+03	0.0000E+00	0.0000E+00	1.7338E+00
2.2930E+03	0.0000E+00	0.0000E+00	1.7345E+00
2.2940E+03	0.0000E+00	0.0000E+00	1.7357E+00
2.2950E+03	0.0000E+00	0.0000E+00	1.7367E+00
2.2960E+03	0.0000E+00	0.0000E+00	1.7331E+00
2.2970E+03	0.0000E+00	0.0000E+00	1.7299E+00
2.2980E+03	0.0000E+00	0.0000E+00	1.7300E+00
2.2990E+03	0.0000E+00	0.0000E+00	1.7250E+00
2.3000E+03	0.0000E+00	0.0000E+00	1.7237E+00
2.3010E+03	0.0000E+00	0.0000E+00	1.7209E+00
2.3020E+03	0.0000E+00	0.0000E+00	1.7191E+00
2.3030E+03	0.0000E+00	0.0000E+00	1.7161E+00
2.3040E+03	0.0000E+00	0.0000E+00	1.7164E+00
2.3050E+03	0.0000E+00	0.0000E+00	1.7137E+00
2.3060E+03	0.0000E+00	0.0000E+00	1.7074E+00
2.3070E+03	0.0000E+00	0.0000E+00	1.7072E+00
2.3080E+03	0.0000E+00	0.0000E+00	1.7096E+00
2.3090E+03	0.0000E+00	0.0000E+00	1.7149E+00
2.3100E+03	0.0000E+00	0.0000E+00	1.7195E+00
2.3110E+03	0.0000E+00	0.0000E+00	1.7245E+00
2.3120E+03	0.0000E+00	0.0000E+00	1.7313E+00
2.3130E+03	0.0000E+00	0.0000E+00	1.7320E+00
2.3140E+03	0.0000E+00	0.0000E+00	1.7340E+00
2.3150E+03	0.0000E+00	0.0000E+00	1.7369E+00
2.3160E+03	0.0000E+00	0.0000E+00	1.7377E+00
2.3170E+03	0.0000E+00	0.0000E+00	1.7392E+00
2.3180E+03	0.0000E+00	0.0000E+00	1.7387E+00
2.3190E+03	0.0000E+00	0.0000E+00	1.7369E+00
2.3200E+03	0.0000E+00	0.0000E+00	1.7363E+00
2.3210E+03	0.0000E+00	0.0000E+00	1.7347E+00
2.3220E+03	0.0000E+00	0.0000E+00	1.7359E+00
2.3230E+03	0.0000E+00	0.0000E+00	1.7300E+00
2.3240E+03	0.0000E+00	0.0000E+00	1.7279E+00
2.3250E+03	0.0000E+00	0.0000E+00	1.7324E+00
2.3260E+03	0.0000E+00	0.0000E+00	1.7303E+00
2.3270E+03	0.0000E+00	0.0000E+00	1.7322E+00
2.3280E+03	0.0000E+00	0.0000E+00	1.7298E+00
2.3290E+03	0.0000E+00	0.0000E+00	1.7283E+00
2.3300E+03	0.0000E+00	0.0000E+00	1.7265E+00
2.3310E+03	0.0000E+00	0.0000E+00	1.7263E+00
2.3320E+03	0.0000E+00	0.0000E+00	1.7280E+00
2.3330E+03	0.0000E+00	0.0000E+00	1.7344E+00
2.3340E+03	0.0000E+00	0.0000E+00	1.7417E+00
2.3350E+03	0.0000E+00	0.0000E+00	1.7440E+00
2.3360E+03	0.0000E+00	0.0000E+00	1.7425E+00
2.3370E+03	0.0000E+00	0.0000E+00	1.7376E+00
2.3380E+03	0.0000E+00	0.0000E+00	1.7373E+00
2.3390E+03	0.0000E+00	0.0000E+00	1.7389E+00
2.3400E+03	0.0000E+00	0.0000E+00	1.7424E+00
2.3410E+03	0.0000E+00	0.0000E+00	1.7410E+00
2.3420E+03	0.0000E+00	0.0000E+00	1.7416E+00
2.3430E+03	0.0000E+00	0.0000E+00	1.7403E+00
2.3440E+03	0.0000E+00	0.0000E+00	1.7433E+00
2.3450E+03	0.0000E+00	0.0000E+00	1.7707E+00
2.3460E+03	0.0000E+00	0.0000E+00	1.7632E+00
2.3470E+03	0.0000E+00	0.0000E+00	1.7632E+00
2.3480E+03	0.0000E+00	0.0000E+00	1.7785E+00
2.3490E+03	0.0000E+00	0.0000E+00	1.7709E+00
2.3500E+03	0.0000E+00	0.0000E+00	1.7739E+00
2.3510E+03	0.0000E+00	0.0000E+00	1.7593E+00
2.3520E+03	0.0000E+00	0.0000E+00	1.7521E+00
2.3530E+03	0.0000E+00	0.0000E+00	1.7496E+00
2.3540E+03	0.0000E+00	0.0000E+00	1.7434E+00
2.3550E+03	0.0000E+00	0.0000E+00	1.7431E+00
2.3560E+03	0.0000E+00	0.0000E+00	1.7463E+00
2.3570E+03	0.0000E+00	0.0000E+00	1.7503E+00
2.3580E+03	0.0000E+00	0.0000E+00	1.7508E+00
2.3590E+03	0.0000E+00	0.0000E+00	1.7489E+00
2.3600E+03	0.0000E+00	0.0000E+00	1.7474E+00
2.3610E+03	0.0000E+00	0.0000E+00	1.7472E+00
2.3620E+03	0.0000E+00	0.0000E+00	1.7488E+00
2.3630E+03	0.0000E+00	0.0000E+00	1.7506E+00
2.3640E+03	0.0000E+00	0.0000E+00	1.7487E+00
2.3650E+03	0.0000E+00	0.0000E+00	1.7482E+00
2.3660E+03	0.0000E+00	0.0000E+00	1.7478E+00
2.3670E+03	0.0000E+00	0.0000E+00	1.7471E+00
2.3680E+03	0.0000E+00	0.0000E+00	1.7421E+00
2.3690E+03	0.0000E+00	0.0000E+00	1.7389E+00
2.3700E+03	0.0000E+00	0.0000E+00	1.7332E+00
2.3710E+03	0.0000E+00	0.0000E+00	1.7325E+00
2.3720E+03	0.0000E+00	0.0000E+00	1.7328E+00
2.3730E+03	0.0000E+00	0.0000E+00	1.7326E+00
2.3740E+03	0.0000E+00	0.0000E+00	1.7292E+00
2.3750E+03	0.0000E+00	0.0000E+00	1.7288E+00
2.3760E+03	0.0000E+00	0.0000E+00	1.7264E+00
2.3770E+03	0.0000E+00	0.0000E+00	1.7238E+00
2.3780E+03	0.0000E+00	0.0000E+00	1.7199E+00
2.3790E+03	0.0000E+00	0.0000E+00	1.7196E+00
2.3800E+03	0.0000E+00	0.0000E+00	1.7176E+00
2.3810E+03	0.0000E+00	0.0000E+00	1.7199E+00
2.3820E+03	0.0000E+00	0.0000E+00	1.7200E+00
2.3830E+03	0.0000E+00	0.0000E+00	1.7252E+00
2.3840E+03	0.0000E+00	0.0000E+00	1.7270E+00
2.3850E+03	0.0000E+00	0.0000E+00	1.7269E+00
2.3860E+03	0.0000E+00	0.0000E+00	1.7278E+00
2.3870E+03	0.0000E+00	0.0000E+00	1.7305E+00
2.3880E+03	0.0000E+00	0.0000E+00	1.7311E+00
2.3890E+03	0.0000E+00	0.0000E+00	1.7302E+00
2.3900E+03	0.0000E+00	0.0000E+00	1.7311E+00
2.3910E+03	0.0000E+00	0.0000E+00	1.7299E+00
2.3920E+03	0.0000E+00	0.0000E+00	1.7288E+00
2.3930E+03	0.0000E+00	0.0000E+00	1.7355E+00
2.3940E+03	0.0000E+00	0.0000E+00	1.7498E+00
2.3950E+03	0.0000E+00	0.0000E+00	1.7579E+00
2.3960E+03	0.0000E+00	0.0000E+00	1.7498E+00
2.3970E+03	0.0000E+00	0.0000E+00	1.7464E+00
2.3980E+03	0.0000E+00	0.0000E+00	1.7465E+00
2.3990E+03	0.0000E+00	0.0000E+00	1.7433E+00
2.4000E+03	0.0000E+00	0.0000E+00	1.7478E+00
2.4010E+03	0.0000E+00	0.0000E+00	1.7407E+00
2.4020E+03	0.0000E+00	0.0000E+00	1.7372E+00
2.4030E+03	0.0000E+00	0.0000E+00	1.7375E+00
2.4040E+03	0.0000E+00	0.0000E+00	1.7403E+00
2.4050E+03	0.0000E+00	0.0000E+00	1.7514E+00
2.4060E+03	0.0000E+00	0.0000E+00	1.7633E+00
2.4070E+03	0.0000E+00	0.0000E+00	1.7593E+00
2.4080E+03	0.0000E+00	0.0000E+00	1.7589E+00
2.4090E+03	0.0000E+00	0.0000E+00	1.7578E+00
2.4100E+03	0.0000E+00	0.0000E+00	1.7569E+00
2.4110E+03	0.0000E+00	0.0000E+00	1.7595E+00
2.4120E+03	0.0000E+00	0.0000E+00	1.7575E+00
2.4130E+03	0.0000E+00	0.0000E+00	1.7564E+00
2.4140E+03	0.0000E+00	0.0000E+00	1.7551E+00
2.4150E+03	0.0000E+00	0.0000E+00	1.7517E+00
2.4160E+03	0.0000E+00	0.0000E+00	1.7523E+00
2.4170E+03	0.0000E+00	0.0000E+00	1.7551E+00
2.4180E+03	0.0000E+00	0.0000E+00	1.7865E+00
2.4190E+03	0.0000E+00	0.0000E+00	1.7714E+00
2.4200E+03	0.0000E+00	0.0000E+00	1.7559E+00
2.4210E+03	0.0000E+00	0.0000E+00	1.7601E+00
2.4220E+03	0.0000E+00	0.0000E+00	1.7533E+00
2.4230E+03	0.0000E+00	0.0000E+00	1.7476E+00
2.4240E+03	0.0000E+00	0.0000E+00	1.7443E+00
2.4250E+03	0.0000E+00	0.0000E+00	1.7424E+00
2.4260E+03	0.0000E+00	0.0000E+00	1.7399E+00
2.4270E+03	0.0000E+00	0.0000E+00	1.7366E+00
2.4280E+03	0.0000E+00	0.0000E+00	1.7351E+00
2.4290E+03	0.0000E+00	0.0000E+00	1.7361E+00
2.4300E+03	0.0000E+00	0.0000E+00	1.7358E+00
2.4310E+03	0.0000E+00	0.0000E+00	1.7359E+00
2.4320E+03	0.0000E+00	0.0000E+00	1.7353E+00
2.4330E+03	0.0000E+00	0.0000E+00	1.7339E+00
2.4340E+03	0.0000E+00	0.0000E+00	1.7318E+00
2.4350E+03	0.0000E+00	0.0000E+00	1.7348E+00
2.4360E+03	0.0000E+00	0.0000E+00	1.7362E+00
2.4370E+03	0.0000E+00	0.0000E+00	1.7373E+00
2.4380E+03	0.0000E+00	0.0000E+00	1.7392E+00
2.4390E+03	0.0000E+00	0.0000E+00	1.7402E+00
2.4400E+03	0.0000E+00	0.0000E+00	1.7361E+00
2.4410E+03	0.0000E+00	0.0000E+00	1.7367E+00
2.4420E+03	0.0000E+00	0.0000E+00	1.7335E+00
2.4430E+03	0.0000E+00	0.0000E+00	1.7335E+00
2.4440E+03	0.0000E+00	0.0000E+00	1.7997E+00
2.4450E+03	0.0000E+00	0.0000E+00	1.7991E+00
2.4460E+03	0.0000E+00	0.0000E+00	1.7966E+00
2.4470E+03	0.0000E+00	0.0000E+00	1.7983E+00
2.4480E+03	0.0000E+00	0.0000E+00	1.8095E+00
2.4490E+03	0.0000E+00	0.0000E+00	1.8256E+00
2.4500E+03	0.0000E+00	0.0000E+00	1.8311E+00
2.4510E+03	0.0000E+00	0.0000E+00	1.8356E+00
2.4520E+03	0.0000E+00	0.0000E+00	1.8266E+00
2.4530E+03	0.0000E+00	0.0000E+00	1.8200E+00
2.4540E+03	0.0000E+00	0.0000E+00	1.8192E+00
2.4550E+03	0.0000E+00	0.0000E+00	1.8183E+00
2.4560E+03	0.0000E+00	0.0000E+00	1.8132E+00
2.4570E+03	0.0000E+00	0.0000E+00	1.8107E+00
2.4580E+03	0.0000E+00	0.0000E+00	1.8090E+00
2.4590E+03	0.0000E+00	0.0000E+00	1.8123E+00
2.4600E+03	0.0000E+00	0.0000E+00	1.8177E+00
2.4610E+03	0.0000E+00	0.0000E+00	1.8172E+00
2.4620E+03	0.0000E+00	0.0000E+00	1.8185E+00
2.4630E+03	0.0000E+00	0.0000E+00	1.8147E+00
2.4640E+03	0.0000E+00	0.0000E+00	1.8125E+00
2.4650E+03	0.0000E+00	0.0000E+00	1.8112E+00
2.4660E+03	0.0000E+00	0.0000E+00	1.8172E+00
2.4670E+03	0.0000E+00	0.0000E+00	1.8109E+00
2.4680E+03	0.0000E+00	0.0000E+00	1.8070E+00
2.4690E+03	0.0000E+00	0.0000E+00	1.8036E+00
2.4700E+03	0.0000E+00	0.0000E+00	1.7980E+00
2.4710E+03	0.0000E+00	0.0000E+00	1.7995E+00
2.4720E+03	0.0000E+00	0.0000E+00	1.7935E+00
2.4730E+03	0.0000E+00	0.0000E+00	1.7930E+00
2.4740E+03	0.0000E+00	0.0000E+00	1.7935E+00
2.4750E+03	0.0000E+00	0.0000E+00	1.7905E+00
2.4760E+03	0.0000E+00	0.0000E+00	1.7892E+00
2.4770E+03	0.0000E+00	0.0000E+00	1.7909E+00
2.4780E+03	0.0000E+00	0.0000E+00	1.7961E+00
2.4790E+03	0.0000E+00	0.0000E+00	1.7956E+00
2.4800E+03	0.0000E+00	0.0000E+00	1.7956E+00
2.4810E+03	0.0000E+00	0.0000E+00	1.7922E+00
2.4820E+03	0.0000E+00	0.0000E+00	1.7946E+00
2.4830E+03	0.0000E+00	0.0000E+00	1.7950E+00
2.4840E+03	0.0000E+00	0.0000E+00	1.7919E+00
2.4850E+03	0.0000E+00	0.0000E+00	1.7942E+00
2.4860E+03	0.0000E+00	0.0000E+00	1.7936E+00
2.4870E+03	0.0000E+00	0.0000E+00	1.7923E+00
2.4880E+03	0.0000E+00	0.0000E+00	1.7890E+00
2.4890E+03	0.0000E+00	0.0000E+00	1.7868E+00
2.4900E+03	0.0000E+00	0.0000E+00	1.7895E+00
2.4910E+03	0.0000E+00	0.0000E+00	1.7888E+00
2.4920E+03	0.0000E+00	0.0000E+00	1.7869E+00
2.4930E+03	0.0000E+00	0.0000E+00	1.7812E+00
2.4940E+03	0.0000E+00	0.0000E+00	1.7797E+00
2.4950E+03	0.0000E+00	0.0000E+00	1.7750E+00
2.4960E+03	0.0000E+00	0.0000E+00	1.7706E+00
2.4970E+03	0.0000E+00	0.0000E+00	1.7719E+00
2.4980E+03	0.0000E+00	0.0000E+00	1.7659E+00
2.4990E+03	0.0000E+00	0.0000E+00	1.7662E+00
2.5000E+03	0.0000E+00	0.0000E+00	1.7696E+00
2.5010E+03	0.0000E+00	0.0000E+00	1.7673E+00
2.5020E+03	0.0000E+00	0.0000E+00	1.7718E+00
2.5030E+03	0.0000E+00	0.0000E+00	1.7752E+00
2.5040E+03	0.0000E+00	0.0000E+00	1.7767E+00
2.5050E+03	0.0000E+00	0.0000E+00	1.7746E+00
2.5060E+03	0.0000E+00	0.0000E+00	1.7761E+00
2.5070E+03	0.0000E+00	0.0000E+00	1.7775E+00
2.5080E+03	0.0000E+00	0.0000E+00	1.7760E+00
2.5090E+03	0.0000E+00	0.0000E+00	1.7769E+00
2.5100E+03	0.0000E+00	0.0000E+00	1.7767E+00
2.5110E+03	0.0000E+00	0.0000E+00	1.7759E+00
2.5120E+03	0.0000E+00	0.0000E+00	1.7749E+00
2.5130E+03	0.0000E+00	0.0000E+00	1.7769E+00
2.5140E+03	0.0000E+00	0.0000E+00	1.7792E+00
2.5150E+03	0.0000E+00	0.0000E+00	1.7786E+00
2.5160E+03	0.0000E+00	0.0000E+00	1.7778E+00
2.5170E+03	0.0000E+00	0.0000E+00	1.7763E+00
2.5180E+03	0.0000E+00	0.0000E+00	1.7743E+00
2.5190E+03	0.0000E+00	0.0000E+00	1.7693E+00
2.5200E+03	0.0000E+00	0.0000E+00	1.7685E+00
2.5210E+03	0.0000E+00	0.0000E+00	1.7694E+00
2.5220E+03	0.0000E+00	0.0000E+00	1.7691E+00
2.5230E+03	0.0000E+00	0.0000E+00	1.7697E+00
2.5240E+03	0.0000E+00	0.0000E+00	1.7717E+00
2.5250E+03	0.0000E+00	0.0000E+00	1.7765E+00
2.5260E+03	0.0000E+00	0.0000E+00	1.7873E+00
2.5270E+03	0.0000E+00	0.0000E+00	1.7906E+00
2.5280E+03	0.0000E+00	0.0000E+00	1.7935E+00
2.5290E+03	0.0000E+00	0.0000E+00	1.7913E+00
2.5300E+03	0.0000E+00	0.0000E+00	1.7906E+00
2.5310E+03	0.0000E+00	0.0000E+00	1.7901E+00
2.5320E+03	0.0000E+00	0.0000E+00	1.7893E+00
2.5330E+03	0.0000E+00	0.0000E+00	1.7905E+00
2.5340E+03	0.0000E+00	0.0000E+00	1.7888E+00
2.5350E+03	0.0000E+00	0.0000E+00	1.7868E+00
2.5360E+03	0.0000E+00	0.0000E+00	1.7798E+00
2.5370E+03	0.0000E+00	0.0000E+00	1.7779E+00
2.5380E+03	0.0000E+00	0.0000E+00	1.7781E+00
2.5390E+03	0.0000E+00	0.0000E+00	1.7780E+00
2.5400E+03	0.0000E+00	0.0000E+00	1.7759E+00
2.5410E+03	0.0000E+00	0.0000E+00	1.7725E+00
2.5420E+03	0.0000E+00	0.0000E+00	1.7786E+00
2.5430E+03	0.0000E+00	0.0000E+00	1.7756E+00
2.5440E+03	0.0000E+00	0.0000E+00	1.7729E+00
2.5450E+03	0.0000E+00	0.0000E+00	1.7688E+00
2.5460E+03	0.0000E+00	0.0000E+00	1.7678E+00
2.5470E+03	0.0000E+00	0.0000E+00	1.7665E+00
2.5480E+03	0.0000E+00	0.0000E+00	1.7633E+00
2.5490E+03	0.0000E+00	0.0000E+00	1.7675E+00
2.5500E+03	0.0000E+00	0.0000E+00	1.7689E+00
2.5510E+03	0.0000E+00	0.0000E+00	1.7703E+00
2.5520E+03	0.0000E+00	0.0000E+00	1.7684E+00
2.5530E+03	0.0000E+00	0.0000E+00	1.7679E+00
2.5540E+03	0.0000E+00	0.0000E+00	1.7704E+00
2.5550E+03	0.0000E+00	0.0000E+00	1.7701E+00
2.5560E+03	0.0000E+00	0.0000E+00	1.7720E+00
2.5570E+03	0.0000E+00	0.0000E+00	1.7727E+00
2.5580E+03	0.0000E+00	0.0000E+00	1.7735E+00
2.5590E+03	0.0000E+00	0.0000E+00	1.7725E+00
2.5600E+03	0.0000E+00	0.0000E+00	1.7700E+00
2.5610E+03	0.0000E+00	0.0000E+00	1.7706E+00
2.5620E+03	0.0000E+00	0.0000E+00	1.7666E+00
2.5630E+03	0.0000E+00	0.0000E+00	1.7680E+00
2.5640E+03	0.0000E+00	0.0000E+00	1.7592E+00
2.5650E+03	0.0000E+00	0.0000E+00	1.7625E+00
2.5660E+03	0.0000E+00	0.0000E+00	1.7600E+00
2.5670E+03	0.0000E+00	0.0000E+00	1.7617E+00
2.5680E+03	0.0000E+00	0.0000E+00	1.7582E+00
2.5690E+03	0.0000E+00	0.0000E+00	1.7581E+00
2.5700E+03	0.0000E+00	0.0000E+00	1.7558E+00
2.5710E+03	0.0000E+00	0.0000E+00	1.7513E+00
2.5720E+03	0.0000E+00	0.0000E+00	1.7504E+00
2.5730E+03	0.0000E+00	0.0000E+00	1.7542E+00
2.5740E+03	0.0000E+00	0.0000E+00	1.7557E+00
2.5750E+03	0.0000E+00	0.0000E+00	1.7578E+00
2.5760E+03	0.0000E+00	0.0000E+00	1.7593E+00
2.5770E+03	0.0000E+00	0.0000E+00	1.7592E+00
2.5780E+03	0.0000E+00	0.0000E+00	1.7599E+00
2.5790E+03	0.0000E+00	0.0000E+00	1.7631E+00
2.5800E+03	0.0000E+00	0.0000E+00	1.7668E+00
2.5810E+03	0.0000E+00	0.0000E+00	1.7624E+00
2.5820E+03	0.0000E+00	0.0000E+00	1.7644E+00
2.5830E+03	0.0000E+00	0.0000E+00	1.7609E+00
2.5840E+03	0.0000E+00	0.0000E+00	1.7620E+00
2.5850E+03	0.0000E+00	0.0000E+00	1.7590E+00
2.5860E+03	0.0000E+00	0.0000E+00	1.7561E+00
2.5870E+03	0.0000E+00	0.0000E+00	1.7530E+00
2.5880E+03	0.0000E+00	0.0000E+00	1.7505E+00
2.5890E+03	0.0000E+00	0.0000E+00	1.7473E+00
2.5900E+03	0.0000E+00	0.0000E+00	1.7547E+00
2.5910E+03	0.0000E+00	0.0000E+00	1.7511E+00
2.5920E+03	0.0000E+00	0.0000E+00	1.7488E+00
2.5930E+03	0.0000E+00	0.0000E+00	1.7476E+00
2.5940E+03	0.0000E+00	0.0000E+00	1.7465E+00
2.5950E+03	0.0000E+00	0.0000E+00	1.7465E+00
2.5960E+03	0.0000E+00	0.0000E+00	1.7469E+00
2.5970E+03	0.0000E+00	0.0000E+00	1.7441E+00
2.5980E+03	0.0000E+00	0.0000E+00	1.7459E+00
2.5990E+03	0.0000E+00	0.0000E+00	1.7445E+00
2.6000E+03	0.0000E+00	0.0000E+00	1.7471E+00
2.6010E+03	0.0000E+00	0.0000E+00	1.7453E+00
2.6020E+03	0.0000E+00	0.0000E+00	1.7450E+00
2.6030E+03	0.0000E+00	0.0000E+00	1.7482E+00
2.6040E+03	0.0000E+00	0.0000E+00	1.7532E+00
2.6050E+03	0.0000E+00	0.0000E+00	1.7526E+00
2.6060E+03	0.0000E+00	0.0000E+00	1.7546E+00
2.6070E+03	0.0000E+00	0.0000E+00	1.7531E+00
2.6080E+03	0.0000E+00	0.0000E+00	1.7464E+00
2.6090E+03	0.0000E+00	0.0000E+00	1.7433E+00
2.6100E+03	0.0000E+00	0.0000E+00	1.7424E+00
2.6110E+03	0.0000E+00	0.0000E+00	1.7429E+00
2.6120E+03	0.0000E+00	0.0000E+00	1.7430E+00
2.6130E+03	0.0000E+00	0.0000E+00	1.7430E+00
2.6140E+03	0.0000E+00	0.0000E+00	1.7430E+00
2.6150E+03	0.0000E+00	0.0000E+00	1.7392E+00
2.6160E+03	0.0000E+00	0.0000E+00	1.7360E+00
2.6170E+03	0.0000E+00	0.0000E+00	1.7317E+00
2.6180E+03	0.0000E+00	0.0000E+00	1.7338E+00
2.6190E+03	0.0000E+00	0.0000E+00	1.7330E+00
2.6200E+03	0.0000E+00	0.0000E+00	1.7326E+00
2.6210E+03	0.0000E+00	0.0000E+00	1.7327E+00
2.6220E+03	0.0000E+00	0.0000E+00	1.7357E+00
2.6230E+03	0.0000E+00	0.0000E+00	1.7364E+00
2.6240E+03	0.0000E+00	0.0000E+00	1.7379E+00
2.6250E+03	0.0000E+00	0.0000E+00	1.7389E+00
2.6260E+03	0.0000E+00	0.0000E+00	1.7442E+00
2.6270E+03	0.0000E+00	0.0000E+00	1.7433E+00
2.6280E+03	0.0000E+00	0.0000E+00	1.7466E+00
2.6290E+03	0.0000E+00	0.0000E+00	1.7485E+00
2.6300E+03	0.0000E+00	0.0000E+00	1.7480E+00
2.6310E+03	0.0000E+00	0.0000E+00	1.7444E+00
2.6320E+03	0.0000E+00	0.0000E+00	1.7410E+00
2.6330E+03	0.0000E+00	0.0000E+00	1.7431E+00
2.6340E+03	0.0000E+00	0.0000E+00	1.7365E+00
2.6350E+03	0.0000E+00	0.0000E+00	1.7408E+00
2.6360E+03	0.0000E+00	0.0000E+00	1.7407E+00
2.6370E+03	0.0000E+00	0.0000E+00	1.7409E+00
2.6380E+03	0.0000E+00	0.0000E+00	1.7410E+00
2.6390E+03	0.0000E+00	0.0000E+00	1.7372E+00
2.6400E+03	0.0000E+00	0.0000E+00	1.7362E+00
2.6410E+03	0.0000E+00	0.0000E+00	1.7342E+00
2.6420E+03	0.0000E+00	0.0000E+00	1.7312E+00
2.6430E+03	0.0000E+00	0.0000E+00	1.7303E+00
2.6440E+03	0.0000E+00	0.0000E+00	1.7254E+00
2.6450E+03	0.0000E+00	0.0000E+00	1.7250E+00
2.6460E+03	0.0000E+00	0.0000E+00	1.7287E+00
2.6470E+03	0.0000E+00	0.0000E+00	1.7292E+00
2.6480E+03	0.0000E+00	0.0000E+00	1.7313E+00
2.6490E+03	0.0000E+00	0.0000E+00	1.7343E+00
2.6500E+03	0.0000E+00	0.0000E+00	1.7349E+00
2.6510E+03	0.0000E+00	0.0000E+00	1.7369E+00
2.6520E+03	0.0000E+00	0.0000E+00	1.7428E+00
2.6530E+03	0.0000E+00	0.0000E+00	1.7400E+00
2.6540E+03	0.0000E+00	0.0000E+00	1.7423E+00
2.6550E+03	0.0000E+00	0.0000E+00	1.7432E+00
2.6560E+03	0.0000E+00	0.0000E+00	1.7390E+00
2.6570E+03	0.0000E+00	0.0000E+00	1.7413E+00
2.6580E+03	0.0000E+00	0.0000E+00	1.7390E+00
2.6590E+03	0.0000E+00	0.0000E+00	1.7386E+00
2.6600E+03	0.0000E+00	0.0000E+00	1.7306E+00
2.6610E+03	0.0000E+00	0.0000E+00	1.7281E+00
2.6620E+03	0.0000E+00	0.0000E+00	1.7329E+00
2.6630E+03	0.0000E+00	0.0000E+00	1.7341E+00
2.6640E+03	0.0000E+00	0.0000E+00	1.7336E+00
2.6650E+03	0.0000E+00	0.0000E+00	1.7299E+00
2.6660E+03	0.0000E+00	0.0000E+00	1.7306E+00
2.6670E+03	0.0000E+00	0.0000E+00	1.7271E+00
2.6680E+03	0.0000E+00	0.0000E+00	1.7238E+00
2.6690E+03	0.0000E+00	0.0000E+00	1.7245E+00
2.6700E+03	0.0000E+00	0.0000E+00	1.7228E+00
2.6710E+03	0.0000E+00	0.0000E+00	1.7266E+00
2.6720E+03	0.0000E+00	0.0000E+00	1.7278E+00
2.6730E+03	0.0000E+00	0.0000E+00	1.7222E+00
2.6740E+03	0.0000E+00	0.0000E+00	1.7208E+00
2.6750E+03	0.0000E+00	0.0000E+00	1.7276E+00
2.6760E+03	0.0000E+00	0.0000E+00	1.7350E+00
2.6770E+03	0.0000E+00	0.0000E+00	1.7339E+00
2.6780E+03	0.0000E+00	0.0000E+00	1.7347E+00
2.6790E+03	0.0000E+00	0.0000E+00	1.7360E+00
2.6800E+03	0.0000E+00	0.0000E+00	1.7333E+00
2.6810E+03	0.0000E+00	0.0000E+00	1.7310E+00
2.6820E+03	0.0000E+00	0.0000E+00	1.7316E+00
2.6830E+03	0.0000E+00	0.0000E+00	1.7230E+00
2.6840E+03	0.0000E+00	0.0000E+00	1.7283E+00
2.6850E+03	0.0000E+00	0.0000E+00	1.7204E+00
2.6860E+03	0.0000E+00	0.0000E+00	1.7177E+00
2.6870E+03	0.0000E+00	0.0000E+00	1.7165E+00
2.6880E+03	0.0000E+00	0.0000E+00	1.7226E+00
2.6890E+03	0.0000E+00	0.0000E+00	1.7232E+00
2.6900E+03	0.0000E+00	0.0000E+00	1.7251E+00
2.6910E+03	0.0000E+00	0.0000E+00	1.7231E+00
2.6920E+03	0.0000E+00	0.0000E+00	1.7236E+00
2.6930E+03	0.0000E+00	0.0000E+00	1.7204E+00
2.6940E+03	0.0000E+00	0.0000E+00	1.7201E+00
2.6950E+03	0.0000E+00	0.0000E+00	1.7229E+00
2.6960E+03	0.0000E+00	0.0000E+00	1.7227E+00
2.6970E+03	0.0000E+00	0.0000E+00	1.7225E+00
2.6980E+03	0.0000E+00	0.0000E+00	1.7295E+00
2.6990E+03	0.0000E+00	0.0000E+00	1.7318E+00
2.7000E+03	0.0000E+00	0.0000E+00	1.7370E+00
2.7010E+03	0.0000E+00	0.0000E+00	1.7397E+00
2.7020E+03	0.0000E+00	0.0000E+00	1.7427E+00
2.7030E+03	0.0000E+00	0.0000E+00	1.7282E+00
2.7040E+03	0.0000E+00	0.0000E+00	1.7357E+00
2.7050E+03	0.0000E+00	0.0000E+00	1.7353E+00
2.7060E+03	0.0000E+00	0.0000E+00	1.7336E+00
2.7070E+03	0.0000E+00	0.0000E+00	1.7309E+00
2.7080E+03	0.0000E+00	0.0000E+00	1.7306E+00
2.7090E+03	0.0000E+00	0.0000E+00	1.7277E+00
2.7100E+03	0.0000E+00	0.0000E+00	1.7240E+00
2.7110E+03	0.0000E+00	0.0000E+00	1.7296E+00
2.7120E+03	0.0000E+00	0.0000E+00	1.7336E+00
2.7130E+03	0.0000E+00	0.0000E+00	1.7305E+00
2.7140E+03	0.0000E+00	0.0000E+00	1.7245E+00
2.7150E+03	0.0000E+00	0.0000E+00	1.7214E+00
2.7160E+03	0.0000E+00	0.0000E+00	1.7207E+00
2.7170E+03	0.0000E+00	0.0000E+00	1.7183E+00
2.7180E+03	0.0000E+00	0.0000E+00	1.7175E+00
2.7190E+03	0.0000E+00	0.0000E+00	1.7203E+00
2.7200E+03	0.0000E+00	0.0000E+00	1.7211E+00
2.7210E+03	0.0000E+00	0.0000E+00	1.7220E+00
2.7220E+03	0.0000E+00	0.0000E+00	1.7223E+00
2.7230E+03	0.0000E+00	0.0000E+00	1.7204E+00
2.7240E+03	0.0000E+00	0.0000E+00	1.7291E+00
2.7250E+03	0.0000E+00	0.0000E+00	1.7324E+00
2.7260E+03	0.0000E+00	0.0000E+00	1.7342E+00
2.7270E+03	0.0000E+00	0.0000E+00	1.7351E+00
2.7280E+03	0.0000E+00	0.0000E+00	1.7271E+00
2.7290E+03	0.0000E+00	0.0000E+00	1.7243E+00
2.7300E+03	0.0000E+00	0.0000E+00	1.7238E+00
2.7310E+03	0.0000E+00	0.0000E+00	1.7254E+00
2.7320E+03	0.0000E+00	0.0000E+00	1.7226E+00
2.7330E+03	0.0000E+00	0.0000E+00	1.7247E+00
2.7340E+03	0.0000E+00	0.0000E+00	1.7244E+00
2.7350E+03	0.0000E+00	0.0000E+00	1.7212E+00
2.7360E+03	0.0000E+00	0.0000E+00	1.7189E+00
2.7370E+03	0.0000E+00	0.0000E+00	1.7162E+00
2.7380E+03	0.0000E+00	0.0000E+00	1.7138E+00
2.7390E+03	0.0000E+00	0.0000E+00	1.7078E+00
2.7400E+03	0.0000E+00	0.0000E+00	1.7125E+00
2.7410E+03	0.0000E+00	0.0000E+00	1.7155E+00
2.7420E+03	0.0000E+00	0.0000E+00	1.7148E+00
2.7430E+03	0.0000E+00	0.0000E+00	1.7153E+00
2.7440E+03	0.0000E+00	0.0000E+00	1.7190E+00
2.7450E+03	0.0000E+00	0.0000E+00	1.7190E+00
2.7460E+03	0.0000E+00	0.0000E+00	1.7204E+00
2.7470E+03	0.0000E+00	0.0000E+00	1.7263E+00
2.7480E+03	0.0000E+00	0.0000E+00	1.7261E+00
2.7490E+03	0.0000E+00	0.0000E+00	1.7242E+00
2.7500E+03	0.0000E+00	0.0000E+00	1.7276E+00
2.7510E+03	0.0000E+00	0.0000E+00	1.7270E+00
2.7520E+03	0.0000E+00	0.0000E+00	1.7269E+00
2.7530E+03	0.0000E+00	0.0000E+00	1.7269E+00
2.7540E+03	0.0000E+00	0.0000E+00	1.7261E+00
2.7550E+03	0.0000E+00	0.0000E+00	1.7309E+00
2.7560E+03	0.0000E+00	0.0000E+00	1.7290E+00
2.7570E+03	0.0000E+00	0.0000E+00	1.7273E+00
2.7580E+03	0.0000E+00	0.0000E+00	1.7242E+00
2.7590E+03	0.0000E+00	0.0000E+00	1.7234E+00
2.7600E+03	0.0000E+00	0.0000E+00	1.7192E+00
2.7610E+03	0.0000E+00	0.0000E+00	1.7177E+00
2.7620E+03	0.0000E+00	0.0000E+00	1.7211E+00
2.7630E+03	0.0000E+00	0.0000E+00	1.7186E+00
2.7640E+03	0.0000E+00	0.0000E+00	1.7190E+00
2.7650E+03	0.0000E+00	0.0000E+00	1.7164E+00
2.7660E+03	0.0000E+00	0.0000E+00	1.7181E+00
2.7670E+03	0.0000E+00	0.0000E+00	1.7182E+00
2.7680E+03	0.0000E+00	0.0000E+00	1.7219E+00
2.7690E+03	0.0000E+00	0.0000E+00	1.7224E+00
2.7700E+03	0.0000E+00	0.0000E+00	1.7249E+00
2.7710E+03	0.0000E+00	0.0000E+00	1.7257E+00
2.7720E+03	0.0000E+00	0.0000E+00	1.7274E+00
2.7730E+03	0.0000E+00	0.0000E+00	1.7300E+00
2.7740E+03	0.0000E+00	0.0000E+00	1.7324E+00
2.7750E+03	0.0000E+00	0.0000E+00	1.7245E+00
2.7760E+03	0.0000E+00	0.0000E+00	1.7239E+00
2.7770E+03	0.0000E+00	0.0000E+00	1.7207E+00
2.7780E+03	0.0000E+00	0.0000E+00	1.7190E+00
2.7790E+03	0.0000E+00	0.0000E+00	1.7179E+00
2.7800E+03	0.0000E+00	0.0000E+00	1.7184E+00
2.7810E+03	0.0000E+00	0.0000E+00	1.7180E+00
2.7820E+03	0.0000E+00	0.0000E+00	1.7160E+00
2.7830E+03	0.0000E+00	0.0000E+00	1.7157E+00
2.7840E+03	0.0000E+00	0.0000E+00	1.7150E+00
2.7850E+03	0.0000E+00	0.0000E+00	1.7140E+00
2.7860E+03	0.0000E+00	0.0000E+00	1.7120E+00
2.7870E+03	0.0000E+00	0.0000E+00	1.7100E+00
2.7880E+03	0.0000E+00	0.0000E+00	1.7087E+00
2.7890E+03	0.0000E+00	0.0000E+00	1.7055E+00
2.7900E+03	0.0000E+00	0.0000E+00	1.7006E+00
2.7910E+03	0.0000E+00	0.0000E+00	1.6983E+00
2.7920E+03	0.0000E+00	0.0000E+00	1.7072E+00
2.7930E+03	0.0000E+00	0.0000E+00	1.7089E+00
2.7940E+03	0.0000E+00	0.0000E+00	1.7134E+00
2.7950E+03	0.0000E+00	0.0000E+00	1.7167E+00
2.7960E+03	0.0000E+00	0.0000E+00	1.7202E+00
2.7970E+03	0.0000E+00	0.0000E+00	1.7233E+00
2.7980E+03	0.0000E+00	0.0000E+00	1.7242E+00
2.7990E+03	0.0000E+00	0.0000E+00	1.7256E+00
2.8000E+03	0.0000E+00	0.0000E+00	1.7241E+00
2.8010E+03	0.0000E+00	0.0000E+00	1.7208E+00
2.8020E+03	0.0000E+00	0.0000E+00	1.7174E+00
2.8030E+03	0.0000E+00	0.0000E+00	1.7142E+00
2.8040E+03	0.0000E+00	0.0000E+00	1.7135E+00
2.8050E+03	0.0000E+00	0.0000E+00	1.7180E+00
2.8060E+03	0.0000E+00	0.0000E+00	1.7190E+00
2.8070E+03	0.0000E+00	0.0000E+00	1.7189E+00
2.8080E+03	0.0000E+00	0.0000E+00	1.7152E+00
2.8090E+03	0.0000E+00	0.0000E+00	1.7139E+00
2.8100E+03	0.0000E+00	0.0000E+00	1.7117E+00
2.8110E+03	0.0000E+00	0.0000E+00	1.7099E+00
2.8120E+03	0.0000E+00	0.0000E+00	1.7145E+00
2.8130E+03	0.0000E+00	0.0000E+00	1.7155E+00
2.8140E+03	0.0000E+00	0.0000E+00	1.7209E+00
2.8150E+03	0.0000E+00	0.0000E+00	1.7197E+00
2.8160E+03	0.0000E+00	0.0000E+00	1.7257E+00
2.8170E+03	0.0000E+00	0.0000E+00	1.7312E+00
2.8180E+03	0.0000E+00	0.0000E+00	1.7342E+00
2.8190E+03	0.0000E+00	0.0000E+00	1.7372E+00
2.8200E+03	0.0000E+00	0.0000E+00	1.7369E+00
2.8210E+03	0.0000E+00	0.0000E+00	1.7272E+00
2.8220E+03	0.0000E+00	0.0000E+00	1.6980E+00
2.8230E+03	0.0000E+00	0.0000E+00	1.6904E+00
2.8240E+03	0.0000E+00	0.0000E+00	1.6931E+00
2.8250E+03	0.0000E+00	0.0000E+00	1.6933E+00
2.8260E+03	0.0000E+00	0.0000E+00	1.6934E+00
2.8270E+03	0.0000E+00	0.0000E+00	1.6959E+00
2.8280E+03	0.0000E+00	0.0000E+00	1.6975E+00
2.8290E+03	0.0000E+00	0.0000E+00	1.6956E+00
2.8300E+03	0.0000E+00	0.0000E+00	1.6938E+00
2.8310E+03	0.0000E+00	0.0000E+00	1.6895E+00
2.8320E+03	0.0000E+00	0.0000E+00	1.6862E+00
2.8330E+03	0.0000E+00	0.0000E+00	1.6935E+00
2.8340E+03	0.0000E+00	0.0000E+00	1.6948E+00
2.8350E+03	0.0000E+00	0.0000E+00	1.6986E+00
2.8360E+03	0.0000E+00	0.0000E+00	1.7034E+00
2.8370E+03	0.0000E+00	0.0000E+00	1.7058E+00
2.8380E+03	0.0000E+00	0.0000E+00	1.7094E+00
2.8390E+03	0.0000E+00	0.0000E+00	1.7212E+00
2.8400E+03	0.0000E+00	0.0000E+00	1.7227E+00
2.8410E+03	0.0000E+00	0.0000E+00	1.7260E+00
2.8420E+03	0.0000E+00	0.0000E+00	1.7303E+00
2.8430E+03	0.0000E+00	0.0000E+00	1.7341E+00
2.8440E+03	0.0000E+00	0.0000E+00	1.7332E+00
2.8450E+03	0.0000E+00	0.0000E+00	1.7342E+00
2.8460E+03	0.0000E+00	0.0000E+00	1.7353E+00
2.8470E+03	0.0000E+00	0.0000E+00	1.7361E+00
2.8480E+03	0.0000E+00	0.0000E+00	1.7368E+00
2.8490E+03	0.0000E+00	0.0000E+00	1.7296E+00
2.8500E+03	0.0000E+00	0.0000E+00	1.7342E+00
2.8510E+03	0.0000E+00	0.0000E+00	1.7332E+00
2.8520E+03	0.0000E+00	0.0000E+00	1.7379E+00
2.8530E+03	0.0000E+00	0.0000E+00	1.7397E+00
2.8540E+03	0.0000E+00	0.0000E+00	1.7373E+00
2.8550E+03	0.0000E+00	0.0000E+00	1.7259E+00
2.8560E+03	0.0000E+00	0.0000E+00	1.7276E+00
2.8570E+03	0.0000E+00	0.0000E+00	1.7364E+00
2.8580E+03	0.0000E+00	0.0000E+00	1.7491E+00
2.8590E+03	0.0000E+00	0.0000E+00	1.7515E+00
2.8600E+03	0.0000E+00	0.0000E+00	1.7511E+00
2.8610E+03	0.0000E+00	0.0000E+00	1.7520E+00
2.8620E+03	0.0000E+00	0.0000E+00	1.7573E+00
2.8630E+03	0.0000E+00	0.0000E+00	1.7629E+00
2.8640E+03	0.0000E+00	0.0000E+00	1.7683E+00
2.8650E+03	0.0000E+00	0.0000E+00	1.7694E+00
2.8660E+03	0.0000E+00	0.0000E+00	1.7705E+00
2.8670E+03	0.0000E+00	0.0000E+00	1.7716E+00
2.8680E+03	0.0000E+00	0.0000E+00	1.7749E+00
2.8690E+03	0.0000E+00	0.0000E+00	1.7775E+00
2.8700E+03	0.0000E+00	0.0000E+00	1.7766E+00
2.8710E+03	0.0000E+00	0.0000E+00	1.7726E+00
2.8720E+03	0.0000E+00	0.0000E+00	1.7658E+00
2.8730E+03	0.0000E+00	0.0000E+00	1.7664E+00
2.8740E+03	0.0000E+00	0.0000E+00	1.7639E+00
2.8750E+03	0.0000E+00	0.0000E+00	1.7657E+00
2.8760E+03	0.0000E+00	0.0000E+00	1.7649E+00
2.8770E+03	0.0000E+00	0.0000E+00	1.7636E+00
2.8780E+03	0.0000E+00	0.0000E+00	1.7628E+00
2.8790E+03	0.0000E+00	0.0000E+00	1.7610E+00
2.8800E+03	0.0000E+00	0.0000E+00	1.7549E+00
2.8810E+03	0.0000E+00	0.0000E+00	1.7547E+00
2.8820E+03	0.0000E+00	0.0000E+00	1.7603E+00
2.8830E+03	0.0000E+00	0.0000E+00	1.7681E+00
2.8840E+03	0.0000E+00	0.0000E+00	1.7747E+00
2.8850E+03	0.0000E+00	0.0000E+00	1.7780E+00
2.8860E+03	0.0000E+00	0.0000E+00	1.7847E+00
2.8870E+03	0.0000E+00	0.0000E+00	1.7893E+00
2.8880E+03	0.0000E+00	0.0000E+00	1.7963E+00
2.8890E+03	0.0000E+00	0.0000E+00	1.8014E+00
2.8900E+03	0.0000E+00	0.0000E+00	1.8047E+00
2.8910E+03	0.0000E+00	0.0000E+00	1.8110E+00
2.8920E+03	0.0000E+00	0.0000E+00	1.8102E+00
2.8930E+03	0.0000E+00	0.0000E+00	1.8155E+00
2.8940E+03	0.0000E+00	0.0000E+00	1.8181E+00
2.8950E+03	0.0000E+00	0.0000E+00	1.8196E+00
2.8960E+03	0.0000E+00	0.0000E+00	1.8204E+00
2.8970E+03	0.0000E+00	0.0000E+00	1.8207E+00
2.8980E+03	0.0000E+00	0.0000E+00	1.8144E+00
2.8990E+03	0.0000E+00	0.0000E+00	1.8086E+00
2.9000E+03	0.0000E+00	0.0000E+00	1.8065E+00
2.9010E+03	0.0000E+00	0.0000E+00	1.8079E+00
2.9020E+03	0.0000E+00	0.0000E+00	1.8126E+00
2.9030E+03	0.0000E+00	0.0000E+00	1.8172E+00
2.9040E+03	0.0000E+00	0.0000E+00	1.8250E+00
2.9050E+03	0.0000E+00	0.0000E+00	1.8317E+00
2.9060E+03	0.0000E+00	0.0000E+00	1.8331E+00
2.9070E+03	0.0000E+00	0.0000E+00	1.8332E+00
2.9080E+03	0.0000E+00	0.0000E+00	1.8367E+00
2.9090E+03	0.0000E+00	0.0000E+00	1.8397E+00
2.9100E+03	0.0000E+00	0.0000E+00	1.8376E+00
2.9110E+03	0.0000E+00	0.0000E+00	1.8401E+00
2.9120E+03	0.0000E+00	0.0000E+00	1.8469E+00
2.9130E+03	0.0000E+00	0.0000E+00	1.8503E+00
2.9140E+03	0.0000E+00	0.0000E+00	1.8562E+00
2.9150E+03	0.0000E+00	0.0000E+00	1.8611E+00
2.9160E+03	0.0000E+00	0.0000E+00	1.8646E+00
2.9170E+03	0.0000E+00	0.0000E+00	1.8694E+00
2.9180E+03	0.0000E+00	0.0000E+00	1.8710E+00
2.9190E+03	0.0000E+00	0.0000E+00	1.8738E+00
2.9200E+03	0.0000E+00	0.0000E+00	1.8730E+00
2.9210E+03	0.0000E+00	0.0000E+00	1.8750E+00
2.9220E+03	0.0000E+00	0.0000E+00	1.8739E+00
2.9230E+03	0.0000E+00	0.0000E+00	1.8727E+00
2.9240E+03	0.0000E+00	0.0000E+00	1.8750E+00
2.9250E+03	0.0000E+00	0.0000E+00	1.8775E+00
2.9260E+03	0.0000E+00	0.0000E+00	1.8751E+00
2.9270E+03	0.0000E+00	0.0000E+00	1.8755E+00
2.9280E+03	0.0000E+00	0.0000E+00	1.8737E+00
2.9290E+03	0.0000E+00	0.0000E+00	1.8783E+00
2.9300E+03	0.0000E+00	0.0000E+00	1.8851E+00
2.9310E+03	0.0000E+00	0.0000E+00	1.8875E+00
2.9320E+03	0.0000E+00	0.0000E+00	1.8883E+00
2.9330E+03	0.0000E+00	0.0000E+00	1.8897E+00
2.9340E+03	0.0000E+00	0.0000E+00	1.8932E+00
2.9350E+03	0.0000E+00	0.0000E+00	1.8959E+00
2.9360E+03	0.0000E+00	0.0000E+00	1.9007E+00
2.9370E+03	0.0000E+00	0.0000E+00	1.9036E+00
2.9380E+03	0.0000E+00	0.0000E+00	1.9074E+00
2.9390E+03	0.0000E+00	0.0000E+00	1.9075E+00
2.9400E+03	0.0000E+00	0.0000E+00	1.9030E+00
2.9410E+03	0.0000E+00	0.0000E+00	1.9038E+00
2.9420E+03	0.0000E+00	0.0000E+00	1.9131E+00
2.9430E+03	0.0000E+00	0.0000E+00	1.9133E+00
2.9440E+03	0.0000E+00	0.0000E+00	1.9183E+00
2.9450E+03	0.0000E+00	0.0000E+00	1.9132E+00
2.9460E+03	0.0000E+00	0.0000E+00	1.9048E+00
2.9470E+03	0.0000E+00	0.0000E+00	1.9063E+00
2.9480E+03	0.0000E+00	0.0000E+00	1.9030E+00
2.9490E+03	0.0000E+00	0.0000E+00	1.9100E+00
2.9500E+03	0.0000E+00	0.0000E+00	1.9098E+00
2.9510E+03	0.0000E+00	0.0000E+00	1.9121E+00
2.9520E+03	0.0000E+00	0.0000E+00	1.9124E+00
2.9530E+03	0.0000E+00	0.0000E+00	1.9140E+00
2.9540E+03	0.0000E+00	0.0000E+00	1.9161E+00
2.9550E+03	0.0000E+00	0.0000E+00	1.9156E+00
2.9560E+03	0.0000E+00	0.0000E+00	1.9152E+00
2.9570E+03	0.0000E+00	0.0000E+00	1.9186E+00
2.9580E+03	0.0000E+00	0.0000E+00	1.9226E+00
2.9590E+03	0.0000E+00	0.0000E+00	1.9288E+00
2.9600E+03	0.0000E+00	0.0000E+00	1.9335E+00
2.9610E+03	0.0000E+00	0.0000E+00	1.9348E+00
2.9620E+03	0.0000E+00	0.0000E+00	1.9355E+00
2.9630E+03	0.0000E+00	0.0000E+00	1.9364E+00
2.9640E+03	0.0000E+00	0.0000E+00	1.9347E+00
2.9650E+03	0.0000E+00	0.0000E+00	1.9386E+00
2.9660E+03	0.0000E+00	0.0000E+00	1.9388E+00
2.9670E+03	0.0000E+00	0.0000E+00	1.9489E+00
2.9680E+03	0.0000E+00	0.0000E+00	1.9462E+00
2.9690E+03	0.0000E+00	0.0000E+00	1.9455E+00
2.9700E+03	0.0000E+00	0.0000E+00	1.9419E+00
2.9710E+03	0.0000E+00	0.0000E+00	1.9407E+00
2.9720E+03	0.0000E+00	0.0000E+00	1.9358E+00
2.9730E+03	0.0000E+00	0.0000E+00	1.9338E+00
2.9740E+03	0.0000E+00	0.0000E+00	1.9341E+00
2.9750E+03	0.0000E+00	0.0000E+00	1.9376E+00
2.9760E+03	0.0000E+00	0.0000E+00	1.9462E+00
2.9770E+03	0.0000E+00	0.0000E+00	1.9543E+00
2.9780E+03	0.0000E+00	0.0000E+00	1.9602E+00
2.9790E+03	0.0000E+00	0.0000E+00	1.9630E+00
2.9800E+03	0.0000E+00	0.0000E+00	1.9715E+00
2.9810E+03	0.0000E+00	0.0000E+00	1.9776E+00
2.9820E+03	0.0000E+00	0.0000E+00	1.9840E+00
2.9830E+03	0.0000E+00	0.0000E+00	1.9868E+00
2.9840E+03	0.0000E+00	0.0000E+00	1.9917E+00
2.9850E+03	0.0000E+00	0.0000E+00	1.9885E+00
2.9860E+03	0.0000E+00	0.0000E+00	1.9907E+00
2.9870E+03	0.0000E+00	0.0000E+00	1.9915E+00
2.9880E+03	0.0000E+00	0.0000E+00	1.9922E+00
2.9890E+03	0.0000E+00	0.0000E+00	1.9905E+00
2.9900E+03	0.0000E+00	0.0000E+00	1.9902E+00
2.9910E+03	0.0000E+00	0.0000E+00	1.9894E+00
2.9920E+03	0.0000E+00	0.0000E+00	1.9864E+00
2.9930E+03	0.0000E+00	0.0000E+00	1.9879E+00
2.9940E+03	0.0000E+00	0.0000E+00	1.9856E+00
2.9950E+03	0.0000E+00	0.0000E+00	1.9859E+00
2.9960E+03	0.0000E+00	0.0000E+00	1.9796E+00
2.9970E+03	0.0000E+00	0.0000E+00	1.9754E+00
2.9980E+03	0.0000E+00	0.0000E+00	1.9787E+00
2.9990E+03	0.0000E+00	0.0000E+00	1.9789E+00
3.0000E+03	0.0000E+00	0.0000E+00	1.9810E+00
3.0010E+03	0.0000E+00	0.0000E+00	1.9813E+00
3.0020E+03	0.0000E+00	0.0000E+00	1.9796E+00
3.0030E+03	0.0000E+00	0.0000E+00	1.9790E+00
3.0040E+03	0.0000E+00	0.0000E+00	1.9787E+00
3.0050E+03	0.0000E+00	0.0000E+00	1.9799E+00
3.0060E+03	0.0000E+00	0.0000E+00	1.9798E+00
3.0070E+03	0.0000E+00	0.0000E+00	1.9828E+00
3.0080E+03	0.0000E+00	0.0000E+00	1.9863E+00
3.0090E+03	0.0000E+00	0.0000E+00	1.9914E+00
3.0100E+03	0.0000E+00	0.0000E+00	1.9872E+00
3.0110E+03	0.0000E+00	0.0000E+00	1.9876E+00
3.0120E+03	0.0000E+00	0.0000E+00	1.9911E+00
3.0130E+03	0.0000E+00	0.0000E+00	1.9990E+00
3.0140E+03	0.0000E+00	0.0000E+00	2.0013E+00
3.0150E+03	0.0000E+00	0.0000E+00	2.0003E+00
3.0160E+03	0.0000E+00	0.0000E+00	2.0029E+00
3.0170E+03	0.0000E+00	0.0000E+00	2.0020E+00
3.0180E+03	0.0000E+00	0.0000E+00	1.9964E+00
3.0190E+03	0.0000E+00	0.0000E+00	1.9912E+00
3.0200E+03	0.0000E+00	0.0000E+00	1.9893E+00
3.0210E+03	0.0000E+00	0.0000E+00	1.9951E+00
3.0220E+03	0.0000E+00	0.0000E+00	2.0004E+00
3.0230E+03	0.0000E+00	0.0000E+00	2.0001E+00
3.0240E+03	0.0000E+00	0.0000E+00	2.0025E+00
3.0250E+03	0.0000E+00	0.0000E+00	2.0010E+00
3.0260E+03	0.0000E+00	0.0000E+00	2.0014E+00
3.0270E+03	0.0000E+00	0.0000E+00	2.0020E+00
3.0280E+03	0.0000E+00	0.0000E+00	2.0015E+00
3.0290E+03	0.0000E+00	0.0000E+00	2.0023E+00
3.0300E+03	0.0000E+00	0.0000E+00	2.0036E+00
3.0310E+03	0.0000E+00	0.0000E+00	1.9999E+00
3.0320E+03	0.0000E+00	0.0000E+00	2.0009E+00
3.0330E+03	0.0000E+00	0.0000E+00	1.9971E+00
3.0340E+03	0.0000E+00	0.0000E+00	1.9956E+00
3.0350E+03	0.0000E+00	0.0000E+00	1.9994E+00
3.0360E+03	0.0000E+00	0.0000E+00	2.0052E+00
3.0370E+03	0.0000E+00	0.0000E+00	2.0097E+00
3.0380E+03	0.0000E+00	0.0000E+00	2.0134E+00
3.0390E+03	0.0000E+00	0.0000E+00	2.0118E+00
3.0400E+03	0.0000E+00	0.0000E+00	2.0141E+00
3.0410E+03	0.0000E+00	0.0000E+00	2.0069E+00
3.0420E+03	0.0000E+00	0.0000E+00	2.0076E+00
3.0430E+03	0.0000E+00	0.0000E+00	2.0015E+00
3.0440E+03	0.0000E+00	0.0000E+00	2.0005E+00
3.0450E+03	0.0000E+00	0.0000E+00	1.9961E+00
3.0460E+03	0.0000E+00	0.0000E+00	1.9995E+00
3.0470E+03	0.0000E+00	0.0000E+00	1.9985E+00
3.0480E+03	0.0000E+00	0.0000E+00	1.9987E+00
3.0490E+03	0.0000E+00	0.0000E+00	1.9988E+00
3.0500E+03	0.0000E+00	0.0000E+00	1.9984E+00
3.0510E+03	0.0000E+00	0.0000E+00	1.9963E+00
3.0520E+03	0.0000E+00	0.0000E+00	1.9907E+00
3.0530E+03	0.0000E+00	0.0000E+00	1.9918E+00
3.0540E+03	0.0000E+00	0.0000E+00	1.9951E+00
3.0550E+03	0.0000E+00	0.0000E+00	1.9965E+00
3.0560E+03	0.0000E+00	0.0000E+00	1.9979E+00
3.0570E+03	0.0000E+00	0.0000E+00	1.9993E+00
3.0580E+03	0.0000E+00	0.0000E+00	1.9994E+00
3.0590E+03	0.0000E+00	0.0000E+00	2.0013E+00
3.0600E+03	0.0000E+00	0.0000E+00	2.0035E+00
3.0610E+03	0.0000E+00	0.0000E+00	2.0066E+00
3.0620E+03	0.0000E+00	0.0000E+00	2.0089E+00
3.0630E+03	0.0000E+00	0.0000E+00	2.0130E+00
3.0640E+03	0.0000E+00	0.0000E+00	2.0102E+00
3.0650E+03	0.0000E+00	0.0000E+00	2.0065E+00
3.0660E+03	0.0000E+00	0.0000E+00	2.0076E+00
3.0670E+03	0.0000E+00	0.0000E+00	2.0010E+00
3.0680E+03	0.0000E+00	0.0000E+00	1.9967E+00
3.0690E+03	0.0000E+00	0.0000E+00	1.9972E+00
3.0700E+03	0.0000E+00	0.0000E+00	1.9970E+00
3.0710E+03	0.0000E+00	0.0000E+00	1.9967E+00
3.0720E+03	0.0000E+00	0.0000E+00	2.0018E+00
3.0730E+03	0.0000E+00	0.0000E+00	2.0017E+00
3.0740E+03	0.0000E+00	0.0000E+00	2.0027E+00
3.0750E+03	0.0000E+00	0.0000E+00	1.9993E+00
3.0760E+03	0.0000E+00	0.0000E+00	1.9962E+00
3.0770E+03	0.0000E+00	0.0000E+00	1.9933E+00
3.0780E+03	0.0000E+00	0.0000E+00	1.9931E+00
3.0790E+03	0.0000E+00	0.0000E+00	1.9966E+00
3.0800E+03	0.0000E+00	0.0000E+00	1.9978E+00
3.0810E+03	0.0000E+00	0.0000E+00	2.0017E+00
3.0820E+03	0.0000E+00	0.0000E+00	2.0103E+00
3.0830E+03	0.0000E+00	0.0000E+00	2.0164E+00
3.0840E+03	0.0000E+00	0.0000E+00	2.0211E+00
3.0850E+03	0.0000E+00	0.0000E+00	2.0209E+00
3.0860E+03	0.0000E+00	0.0000E+00	2.0244E+00
3.0870E+03	0.0000E+00	0.0000E+00	2.0230E+00
3.0880E+03	0.0000E+00	0.0000E+00	2.0253E+00
3.0890E+03	0.0000E+00	0.0000E+00	2.0270E+00
3.0900E+03	0.0000E+00	0.0000E+00	2.0239E+00
3.0910E+03	0.0000E+00	0.0000E+00	2.0240E+00
3.0920E+03	0.0000E+00	0.0000E+00	2.0224E+00
3.0930E+03	0.0000E+00	0.0000E+00	2.0229E+00
3.0940E+03	0.0000E+00	0.0000E+00	2.0188E+00
3.0950E+03	0.0000E+00	0.0000E+00	2.0166E+00
3.0960E+03	0.0000E+00	0.0000E+00	2.0179E+00
3.0970E+03	0.0000E+00	0.0000E+00	2.0233E+00
3.0980E+03	0.0000E+00	0.0000E+00	2.0228E+00
3.0990E+03	0.0000E+00	0.0000E+00	2.0237E+00
3.1000E+03	0.0000E+00	0.0000E+00	2.0254E+00
3.1010E+03	0.0000E+00	0.0000E+00	2.0227E+00
3.1020E+03	0.0000E+00	0.0000E+00	2.0267E+00
3.1030E+03	0.0000E+00	0.0000E+00	2.0290E+00
3.1040E+03	0.0000E+00	0.0000E+00	2.0335E+00
3.1050E+03	0.0000E+00	0.0000E+00	2.0371E+00
3.1060E+03	0.0000E+00	0.0000E+00	2.0402E+00
3.1070E+03	0.0000E+00	0.0000E+00	2.0437E+00
3.1080E+03	0.0000E+00	0.0000E+00	2.0466E+00
3.1090E+03	0.0000E+00	0.0000E+00	2.0471E+00
3.1100E+03	0.0000E+00	0.0000E+00	2.0487E+00
3.1110E+03	0.0000E+00	0.0000E+00	2.0505E+00
3.1120E+03	0.0000E+00	0.0000E+00	2.0460E+00
3.1130E+03	0.0000E+00	0.0000E+00	2.0432E+00
3.1140E+03	0.0000E+00	0.0000E+00	2.0439E+00
3.1150E+03	0.0000E+00	0.0000E+00	2.0426E+00
3.1160E+03	0.0000E+00	0.0000E+00	2.0420E+00
3.1170E+03	0.0000E+00	0.0000E+00	2.0437E+00
3.1180E+03	0.0000E+00	0.0000E+00	2.0455E+00
3.1190E+03	0.0000E+00	0.0000E+00	2.0482E+00
3.1200E+03	0.0000E+00	0.0000E+00	2.0501E+00
3.1210E+03	0.0000E+00	0.0000E+00	2.0494E+00
3.1220E+03	0.0000E+00	0.0000E+00	2.0481E+00
3.1230E+03	0.0000E+00	0.0000E+00	2.0513E+00
3.1240E+03	0.0000E+00	0.0000E+00	2.0531E+00
3.1250E+03	0.0000E+00	0.0000E+00	2.0578E+00
3.1260E+03	0.0000E+00	0.0000E+00	2.0592E+00
3.1270E+03	0.0000E+00	0.0000E+00	2.0612E+00
3.1280E+03	0.0000E+00	0.0000E+00	2.0615E+00
3.1290E+03	0.0000E+00	0.0000E+00	2.0618E+00
3.1300E+03	0.0000E+00	0.0000E+00	2.0620E+00
3.1310E+03	0.0000E+00	0.0000E+00	2.0641E+00
3.1320E+03	0.0000E+00	0.0000E+00	2.0674E+00
3.1330E+03	0.0000E+00	0.0000E+00	2.0666E+00
3.1340E+03	0.0000E+00	0.0000E+00	2.0686E+00
3.1350E+03	0.0000E+00	0.0000E+00	2.0699E+00
3.1360E+03	0.0000E+00	0.0000E+00	2.0678E+00
3.1370E+03	0.0000E+00	0.0000E+00	2.0696E+00
3.1380E+03	0.0000E+00	0.0000E+00	2.0679E+00
3.1390E+03	0.0000E+00	0.0000E+00	2.0685E+00
3.1400E+03	0.0000E+00	0.0000E+00	2.0648E+00
3.1410E+03	0.0000E+00	0.0000E+00	2.0646E+00
3.1420E+03	0.0000E+00	0.0000E+00	2.0667E+00
3.1430E+03	0.0000E+00	0.0000E+00	2.0657E+00
3.1440E+03	0.0000E+00	0.0000E+00	2.0646E+00
3.1450E+03	0.0000E+00	0.0000E+00	2.0548E+00
3.1460E+03	0.0000E+00	0.0000E+00	2.0449E+00
3.1470E+03	0.0000E+00	0.0000E+00	2.0416E+00
3.1480E+03	0.0000E+00	0.0000E+00	2.0383E+00
3.1490E+03	0.0000E+00	0.0000E+00	2.0358E+00
3.1500E+03	0.0000E+00	0.0000E+00	2.0368E+00
3.1510E+03	0.0000E+00	0.0000E+00	2.0369E+00
3.1520E+03	0.0000E+00	0.0000E+00	2.0369E+00
3.1530E+03	0.0000E+00	0.0000E+00	2.0397E+00
3.1540E+03	0.0000E+00	0.0000E+00	2.0410E+00
3.1550E+03	0.0000E+00	0.0000E+00	2.0442E+00
3.1560E+03	0.0000E+00	0.0000E+00	2.0463E+00
3.1570E+03	0.0000E+00	0.0000E+00	2.0487E+00
3.1580E+03	0.0000E+00	0.0000E+00	2.0501E+00
3.1590E+03	0.0000E+00	0.0000E+00	2.0491E+00
3.1600E+03	0.0000E+00	0.0000E+00	2.0531E+00
3.1610E+03	0.0000E+00	0.0000E+00	2.0527E+00
3.1620E+03	0.0000E+00	0.0000E+00	2.0492E+00
3.1630E+03	0.0000E+00	0.0000E+00	2.0496E+00
3.1640E+03	0.0000E+00	0.0000E+00	2.0560E+00
3.1650E+03	0.0000E+00	0.0000E+00	2.0533E+00
3.1660E+03	0.0000E+00	0.0000E+00	2.0528E+00
3.1670E+03	0.0000E+00	0.0000E+00	2.0528E+00
3.1680E+03	0.0000E+00	0.0000E+00	2.0509E+00
3.1690E+03	0.0000E+00	0.0000E+00	2.0509E+00
3.1700E+03	0.0000E+00	0.0000E+00	2.0509E+00
3.1710E+03	0.0000E+00	0.0000E+00	2.0504E+00
3.1720E+03	0.0000E+00	0.0000E+00	2.0490E+00
3.1730E+03	0.0000E+00	0.0000E+00	2.0486E+00
3.1740E+03	0.0000E+00	0.0000E+00	2.0485E+00
3.1750E+03	0.0000E+00	0.0000E+00	2.0510E+00
3.1760E+03	0.0000E+00	0.0000E+00	2.0518E+00
3.1770E+03	0.0000E+00	0.0000E+00	2.0541E+00
3.1780E+03	0.0000E+00	0.0000E+00	2.0546E+00
3.1790E+03	0.0000E+00	0.0000E+00	2.0576E+00
3.1800E+03	0.0000E+00	0.0000E+00	2.0571E+00
3.1810E+03	0.0000E+00	0.0000E+00	2.0589E+00
3.1820E+03	0.0000E+00	0.0000E+00	2.0633E+00
3.1830E+03	0.0000E+00	0.0000E+00	2.0618E+00
3.1840E+03	0.0000E+00	0.0000E+00	2.0641E+00
3.1850E+03	0.0000E+00	0.0000E+00	2.0664E+00
3.1860E+03	0.0000E+00	0.0000E+00	2.0612E+00
3.1870E+03	0.0000E+00	0.0000E+00	2.0654E+00
3.1880E+03	0.0000E+00	0.0000E+00	2.0658E+00
3.1890E+03	0.0000E+00	0.0000E+00	2.0665E+00
3.1900E+03	0.0000E+00	0.0000E+00	2.0657E+00
3.1910E+03	0.0000E+00	0.0000E+00	2.0623E+00
3.1920E+03	0.0000E+00	0.0000E+00	2.0684E+00
3.1930E+03	0.0000E+00	0.0000E+00	2.0684E+00
3.1940E+03	0.0000E+00	0.0000E+00	2.0678E+00
3.1950E+03	0.0000E+00	0.0000E+00	2.0697E+00
3.1960E+03	0.0000E+00	0.0000E+00	2.0698E+00
3.1970E+03	0.0000E+00	0.0000E+00	2.0668E+00
3.1980E+03	0.0000E+00	0.0000E+00	2.0681E+00
3.1990E+03	0.0000E+00	0.0000E+00	2.0660E+00
3.2000E+03	0.0000E+00	0.0000E+00	2.0624E+00
3.2010E+03	0.0000E+00	0.0000E+00	2.0595E+00
3.2020E+03	0.0000E+00	0.0000E+00	2.0587E+00
3.2030E+03	0.0000E+00	0.0000E+00	2.0612E+00
3.2040E+03	0.0000E+00	0.0000E+00	2.0651E+00
3.2050E+03	0.0000E+00	0.0000E+00	2.0658E+00
3.2060E+03	0.0000E+00	0.0000E+00	2.0710E+00
3.2070E+03	0.0000E+00	0.0000E+00	2.0669E+00
3.2080E+03	0.0000E+00	0.0000E+00	2.0690E+00
3.2090E+03	0.0000E+00	0.0000E+00	2.0691E+00
3.2100E+03	0.0000E+00	0.0000E+00	2.0701E+00
3.2110E+03	0.0000E+00	0.0000E+00	2.0663E+00
3.2120E+03	0.0000E+00	0.0000E+00	2.0650E+00
3.2130E+03	0.0000E+00	0.0000E+00	2.0648E+00
3.2140E+03	0.0000E+00	0.0000E+00	2.0650E+00
3.2150E+03	0.0000E+00	0.0000E+00	2.0638E+00
3.2160E+03	0.0000E+00	0.0000E+00	2.0674E+00
3.2170E+03	0.0000E+00	0.0000E+00	2.0691E+00
3.2180E+03	0.0000E+00	0.0000E+00	2.0667E+00
3.2190E+03	0.0000E+00	0.0000E+00	2.0652E+00
3.2200E+03	0.0000E+00	0.0000E+00	2.0650E+00
3.2210E+03	0.0000E+00	0.0000E+00	2.0655E+00
3.2220E+03	0.0000E+00	0.0000E+00	2.0684E+00
3.2230E+03	0.0000E+00	0.0000E+00	2.0697E+00
3.2240E+03	0.0000E+00	0.0000E+00	2.0695E+00
3.2250E+03	0.0000E+00	0.0000E+00	2.0689E+00
3.2260E+03	0.0000E+00	0.0000E+00	2.0684E+00
3.2270E+03	0.0000E+00	0.0000E+00	2.0700E+00
3.2280E+03	0.0000E+00	0.0000E+00	2.0727E+00
3.2290E+03	0.0000E+00	0.0000E+00	2.0740E+00
3.2300E+03	0.0000E+00	0.0000E+00	2.0750E+00
3.2310E+03	0.0000E+00	0.0000E+00	2.0766E+00
3.2320E+03	0.0000E+00	0.0000E+00	2.0803E+00
3.2330E+03	0.0000E+00	0.0000E+00	2.0761E+00
3.2340E+03	0.0000E+00	0.0000E+00	2.0805E+00
3.2350E+03	0.0000E+00	0.0000E+00	2.0777E+00
3.2360E+03	0.0000E+00	0.0000E+00	2.0759E+00
3.2370E+03	0.0000E+00	0.0000E+00	2.0717E+00
3.2380E+03	0.0000E+00	0.0000E+00	2.0691E+00
3.2390E+03	0.0000E+00	0.0000E+00	2.0656E+00
3.2400E+03	0.0000E+00	0.0000E+00	2.0664E+00
3.2410E+03	0.0000E+00	0.0000E+00	2.0630E+00
3.2420E+03	0.0000E+00	0.0000E+00	2.0661E+00
3.2430E+03	0.0000E+00	0.0000E+00	2.0650E+00
3.2440E+03	0.0000E+00	0.0000E+00	2.0652E+00
3.2450E+03	0.0000E+00	0.0000E+00	2.0679E+00
3.2460E+03	0.0000E+00	0.0000E+00	2.0663E+00
3.2470E+03	0.0000E+00	0.0000E+00	2.0676E+00
3.2480E+03	0.0000E+00	0.0000E+00	2.0648E+00
3.2490E+03	0.0000E+00	0.0000E+00	2.0612E+00
3.2500E+03	0.0000E+00	0.0000E+00	2.0600E+00
3.2510E+03	0.0000E+00	0.0000E+00	2.0639E+00
3.2520E+03	0.0000E+00	0.0000E+00	2.0669E+00
3.2530E+03	0.0000E+00	0.0000E+00	2.0671E+00
3.2540E+03	0.0000E+00	0.0000E+00	2.0711E+00
3.2550E+03	0.0000E+00	0.0000E+00	2.0671E+00
3.2560E+03	0.0000E+00	0.0000E+00	2.0717E+00
3.2570E+03	0.0000E+00	0.0000E+00	2.0729E+00
3.2580E+03	0.0000E+00	0.0000E+00	2.0707E+00
3.2590E+03	0.0000E+00	0.0000E+00	2.0716E+00
3.2600E+03	0.0000E+00	0.0000E+00	2.0753E+00
3.2610E+03	0.0000E+00	0.0000E+00	2.0777E+00
3.2620E+03	0.0000E+00	0.0000E+00	2.0767E+00
3.2630E+03	0.0000E+00	0.0000E+00	2.0742E+00
3.2640E+03	0.0000E+00	0.0000E+00	2.0769E+00
3.2650E+03	0.0000E+00	0.0000E+00	2.0763E+00
3.2660E+03	0.0000E+00	0.0000E+00	2.0770E+00
3.2670E+03	0.0000E+00	0.0000E+00	2.0766E+00
3.2680E+03	0.0000E+00	0.0000E+00	2.0744E+00
3.2690E+03	0.0000E+00	0.0000E+00	2.0764E+00
3.2700E+03	0.0000E+00	0.0000E+00	2.0767E+00
3.2710E+03	0.0000E+00	0.0000E+00	2.0721E+00
3.2720E+03	0.0000E+00	0.0000E+00	2.0718E+00
3.2730E+03	0.0000E+00	0.0000E+00	2.0714E+00
3.2740E+03	0.0000E+00	0.0000E+00	2.0744E+00
3.2750E+03	0.0000E+00	0.0000E+00	2.0738E+00
3.2760E+03	0.0000E+00	0.0000E+00	2.0741E+00
3.2770E+03	0.0000E+00	0.0000E+00	2.0738E+00
3.2780E+03	0.0000E+00	0.0000E+00	2.0751E+00
3.2790E+03	0.0000E+00	0.0000E+00	2.0775E+00
3.2800E+03	0.0000E+00	0.0000E+00	2.0809E+00
3.2810E+03	0.0000E+00	0.0000E+00	2.0811E+00
3.2820E+03	0.0000E+00	0.0000E+00	2.0818E+00
3.2830E+03	0.0000E+00	0.0000E+00	2.0898E+00
3.2840E+03	0.0000E+00	0.0000E+00	2.0925E+00
3.2850E+03	0.0000E+00	0.0000E+00	2.1142E+00
3.2860E+03	0.0000E+00	0.0000E+00	2.1122E+00
3.2870E+03	0.0000E+00	0.0000E+00	2.1084E+00
3.2880E+03	0.0000E+00	0.0000E+00	2.1065E+00
3.2890E+03	0.0000E+00	0.0000E+00	2.1060E+00
3.2900E+03	0.0000E+00	0.0000E+00	2.1048E+00
3.2910E+03	0.0000E+00	0.0000E+00	2.1032E+00
3.2920E+03	0.0000E+00	0.0000E+00	2.1020E+00
3.2930E+03	0.0000E+00	0.0000E+00	2.1008E+00
3.2940E+03	0.0000E+00	0.0000E+00	2.0997E+00
3.2950E+03	0.0000E+00	0.0000E+00	2.1020E+00
3.2960E+03	0.0000E+00	0.0000E+00	2.1049E+00
3.2970E+03	0.0000E+00	0.0000E+00	2.1068E+00
3.2980E+03	0.0000E+00	0.0000E+00	2.1087E+00
3.2990E+03	0.0000E+00	0.0000E+00	2.1122E+00
3.3000E+03	0.0000E+00	0.0000E+00	2.1134E+00
3.3010E+03	0.0000E+00	0.0000E+00	2.1118E+00
3.3020E+03	0.0000E+00	0.0000E+00	2.1144E+00
3.3030E+03	0.0000E+00	0.0000E+00	2.1160E+00
3.3040E+03	0.0000E+00	0.0000E+00	2.1163E+00
3.3050E+03	0.0000E+00	0.0000E+00	2.1190E+00
3.3060E+03	0.0000E+00	0.0000E+00	2.1168E+00
3.3070E+03	0.0000E+00	0.0000E+00	2.1131E+00
3.3080E+03	0.0000E+00	0.0000E+00	2.1153E+00
3.3090E+03	0.0000E+00	0.0000E+00	2.1162E+00
3.3100E+03	0.0000E+00	0.0000E+00	2.1150E+00
3.3110E+03	0.0000E+00	0.0000E+00	2.1192E+00
3.3120E+03	0.0000E+00	0.0000E+00	2.1193E+00
3.3130E+03	0.0000E+00	0.0000E+00	2.1182E+00
3.3140E+03	0.0000E+00	0.0000E+00	2.1172E+00
3.3150E+03	0.0000E+00	0.0000E+00	2.1200E+00
3.3160E+03	0.0000E+00	0.0000E+00	2.1210E+00
3.3170E+03	0.0000E+00	0.0000E+00	2.1218E+00
3.3180E+03	0.0000E+00	0.0000E+00	2.1218E+00
3.3190E+03	0.0000E+00	0.0000E+00	2.1199E+00
3.3200E+03	0.0000E+00	0.0000E+00	2.1178E+00
3.3210E+03	0.0000E+00	0.0000E+00	2.1222E+00
3.3220E+03	0.0000E+00	0.0000E+00	2.1261E+00
3.3230E+03	0.0000E+00	0.0000E+00	2.1284E+00
3.3240E+03	0.0000E+00	0.0000E+00	2.1316E+00
3.3250E+03	0.0000E+00	0.0000E+00	2.1310E+00
3.3260E+03	0.0000E+00	0.0000E+00	2.1327E+00
3.3270E+03	0.0000E+00	0.0000E+00	2.1337E+00
3.3280E+03	0.0000E+00	0.0000E+00	2.1353E+00
3.3290E+03	0.0000E+00	0.0000E+00	2.1357E+00
3.3300E+03	0.0000E+00	0.0000E+00	2.1371E+00
3.3310E+03	0.0000E+00	0.0000E+00	2.1342E+00
3.3320E+03	0.0000E+00	0.0000E+00	2.1376E+00
3.3330E+03	0.0000E+00	0.0000E+00	2.1398E+00
3.3340E+03	0.0000E+00	0.0000E+00	2.1448E+00
3.3350E+03	0.0000E+00	0.0000E+00	2.1479E+00
3.3360E+03	0.0000E+00	0.0000E+00	2.1517E+00
3.3370E+03	0.0000E+00	0.0000E+00	2.1529E+00
3.3380E+03	0.0000E+00	0.0000E+00	2.1545E+00
3.3390E+03	0.0000E+00	0.0000E+00	2.1532E+00
3.3400E+03	0.0000E+00	0.0000E+00	2.1548E+00
3.3410E+03	0.0000E+00	0.0000E+00	2.1550E+00
3.3420E+03	0.0000E+00	0.0000E+00	2.1569E+00
3.3430E+03	0.0000E+00	0.0000E+00	2.1558E+00
3.3440E+03	0.0000E+00	0.0000E+00	2.1582E+00
3.3450E+03	0.0000E+00	0.0000E+00	2.1549E+00
3.3460E+03	0.0000E+00	0.0000E+00	2.1544E+00
3.3470E+03	0.0000E+00	0.0000E+00	2.1533E+00
3.3480E+03	0.0000E+00	0.0000E+00	2.1536E+00
3.3490E+03	0.0000E+00	0.0000E+00	2.1527E+00
3.3500E+03	0.0000E+00	0.0000E+00	2.1512E+00
3.3510E+03	0.0000E+00	0.0000E+00	2.1512E+00
3.3520E+03	0.0000E+00	0.0000E+00	2.1487E+00
3.3530E+03	0.0000E+00	0.0000E+00	2.1449E+00
3.3540E+03	0.0000E+00	0.0000E+00	2.1435E+00
3.3550E+03	0.0000E+00	0.0000E+00	2.1398E+00
3.3560E+03	0.0000E+00	0.0000E+00	2.1375E+00
3.3570E+03	0.0000E+00	0.0000E+00	2.1400E+00
3.3580E+03	0.0000E+00	0.0000E+00	2.1335E+00
3.3590E+03	0.0000E+00	0.0000E+00	2.1309E+00
3.3600E+03	0.0000E+00	0.0000E+00	2.1300E+00
3.3610E+03	0.0000E+00	0.0000E+00	2.1371E+00
3.3620E+03	0.0000E+00	0.0000E+00	2.1390E+00
3.3630E+03	0.0000E+00	0.0000E+00	2.1389E+00
3.3640E+03	0.0000E+00	0.0000E+00	2.1393E+00
3.3650E+03	0.0000E+00	0.0000E+00	2.1376E+00
3.3660E+03	0.0000E+00	0.0000E+00	2.1397E+00
3.3670E+03	0.0000E+00	0.0000E+00	2.1382E+00
3.3680E+03	0.0000E+00	0.0000E+00	2.1294E+00
3.3690E+03	0.0000E+00	0.0000E+00	2.1228E+00
3.3700E+03	0.0000E+00	0.0000E+00	2.1219E+00
3.3710E+03	0.0000E+00	0.0000E+00	2.1216E+00
3.3720E+03	0.0000E+00	0.0000E+00	2.1210E+00
3.3730E+03	0.0000E+00	0.0000E+00	2.1213E+00
3.3740E+03	0.0000E+00	0.0000E+00	2.1221E+00
3.3750E+03	0.0000E+00	0.0000E+00	2.1222E+00
3.3760E+03	0.0000E+00	0.0000E+00	2.1197E+00
3.3770E+03	0.0000E+00	0.0000E+00	2.1218E+00
3.3780E+03	0.0000E+00	0.0000E+00	2.1217E+00
3.3790E+03	0.0000E+00	0.0000E+00	2.1200E+00
3.3800E+03	0.0000E+00	0.0000E+00	2.1159E+00
3.3810E+03	0.0000E+00	0.0000E+00	2.1130E+00
3.3820E+03	0.0000E+00	0.0000E+00	2.1106E+00
3.3830E+03	0.0000E+00	0.0000E+00	2.1079E+00
3.3840E+03	0.0000E+00	0.0000E+00	2.1093E+00
3.3850E+03	0.0000E+00	0.0000E+00	2.1140E+00
3.3860E+03	0.0000E+00	0.0000E+00	2.1185E+00
3.3870E+03	0.0000E+00	0.0000E+00	2.1183E+00
3.3880E+03	0.0000E+00	0.0000E+00	2.1167E+00
3.3890E+03	0.0000E+00	0.0000E+00	2.1188E+00
3.3900E+03	0.0000E+00	0.0000E+00	2.1204E+00
3.3910E+03	0.0000E+00	0.0000E+00	2.1217E+00
3.3920E+03	0.0000E+00	0.0000E+00	2.1268E+00
3.3930E+03	0.0000E+00	0.0000E+00	2.1291E+00
3.3940E+03	0.0000E+00	0.0000E+00	2.1295E+00
3.3950E+03	0.0000E+00	0.0000E+00	2.1347E+00
3.3960E+03	0.0000E+00	0.0000E+00	2.1356E+00
3.3970E+03	0.0000E+00	0.0000E+00	2.1378E+00
3.3980E+03	0.0000E+00	0.0000E+00	2.1375E+00
3.3990E+03	0.0000E+00	0.0000E+00	2.1481E+00
3.4000E+03	0.0000E+00	0.0000E+00	2.1601E+00
3.4010E+03	0.0000E+00	0.0000E+00	2.1682E+00
3.4020E+03	0.0000E+00	0.0000E+00	2.1695E+00
3.4030E+03	0.0000E+00	0.0000E+00	2.1687E+00
3.4040E+03	0.0000E+00	0.0000E+00	2.1681E+00
3.4050E+03	0.0000E+00	0.0000E+00	2.1647E+00
3.4060E+03	0.0000E+00	0.0000E+00	2.1656E+00
3.4070E+03	0.0000E+00	0.0000E+00	2.1622E+00
3.4080E+03	0.0000E+00	0.0000E+00	2.1614E+00
3.4090E+03	0.0000E+00	0.0000E+00	2.1596E+00
3.4100E+03	0.0000E+00	0.0000E+00	2.1646E+00
3.4110E+03	0.0000E+00	0.0000E+00	2.1665E+00
3.4120E+03	0.0000E+00	0.0000E+00	2.1706E+00
3.4130E+03	0.0000E+00	0.0000E+00	2.1699E+00
3.4140E+03	0.0000E+00	0.0000E+00	2.1789E+00
3.4150E+03	0.0000E+00	0.0000E+00	2.1801E+00
3.4160E+03	0.0000E+00	0.0000E+00	2.1849E+00
3.4170E+03	0.0000E+00	0.0000E+00	2.1902E+00
3.4180E+03	0.0000E+00	0.0000E+00	2.1931E+00
3.4190E+03	0.0000E+00	0.0000E+00	2.1955E+00
3.4200E+03	0.0000E+00	0.0000E+00	2.1975E+00
3.4210E+03	0.0000E+00	0.0000E+00	2.1992E+00
3.4220E+03	0.0000E+00	0.0000E+00	2.1955E+00
3.4230E+03	0.0000E+00	0.0000E+00	2.1977E+00
3.4240E+03	0.0000E+00	0.0000E+00	2.1957E+00
3.4250E+03	0.0000E+00	0.0000E+00	2.1986E+00
3.4260E+03	0.0000E+00	0.0000E+00	2.2003E+00
3.4270E+03	0.0000E+00	0.0000E+00	2.2019E+00
3.4280E+03	0.0000E+00	0.0000E+00	2.2087E+00
3.4290E+03	0.0000E+00	0.0000E+00	2.2094E+00
3.4300E+03	0.0000E+00	0.0000E+00	2.2116E+00
3.4310E+03	0.0000E+00	0.0000E+00	2.2137E+00
3.4320E+03	0.0000E+00	0.0000E+00	2.2118E+00
3.4330E+03	0.0000E+00	0.0000E+00	2.2112E+00
3.4340E+03	0.0000E+00	0.0000E+00	2.2136E+00
3.4350E+03	0.0000E+00	0.0000E+00	2.2096E+00
3.4360E+03	0.0000E+00	0.0000E+00	2.2101E+00
3.4370E+03	0.0000E+00	0.0000E+00	2.2043E+00
3.4380E+03	0.0000E+00	0.0000E+00	2.2037E+00
3.4390E+03	0.0000E+00	0.0000E+00	2.2063E+00
3.4400E+03	0.0000E+00	0.0000E+00	2.2120E+00
3.4410E+03	0.0000E+00	0.0000E+00	2.2106E+00
3.4420E+03	0.0000E+00	0.0000E+00	2.2145E+00
3.4430E+03	0.0000E+00	0.0000E+00	2.2172E+00
3.4440E+03	0.0000E+00	0.0000E+00	2.2185E+00
3.4450E+03	0.0000E+00	0.0000E+00	2.2175E+00
3.4460E+03	0.0000E+00	0.0000E+00	2.2173E+00
3.4470E+03	0.0000E+00	0.0000E+00	2.2168E+00
3.4480E+03	0.0000E+00	0.0000E+00	2.2135E+00
3.4490E+03	0.0000E+00	0.0000E+00	2.2130E+00
3.4500E+03	0.0000E+00	0.0000E+00	2.2106E+00
3.4510E+03	0.0000E+00	0.0000E+00	2.2095E+00
3.4520E+03	0.0000E+00	0.0000E+00	2.2128E+00
3.4530E+03	0.0000E+00	0.0000E+00	2.2150E+00
3.4540E+03	0.0000E+00	0.0000E+00	2.2165E+00
3.4550E+03	0.0000E+00	0.0000E+00	2.2182E+00
3.4560E+03	0.0000E+00	0.0000E+00	2.2198E+00
3.4570E+03	0.0000E+00	0.0000E+00	2.2197E+00
3.4580E+03	0.0000E+00	0.0000E+00	2.2173E+00
3.4590E+03	0.0000E+00	0.0000E+00	2.2177E+00
3.4600E+03	0.0000E+00	0.0000E+00	2.2171E+00
3.4610E+03	0.0000E+00	0.0000E+00	2.2131E+00
3.4620E+03	0.0000E+00	0.0000E+00	2.2155E+00
3.4630E+03	0.0000E+00	0.0000E+00	2.2139E+00
3.4640E+03	0.0000E+00	0.0000E+00	2.2127E+00
3.4650E+03	0.0000E+00	0.0000E+00	2.2150E+00
3.4660E+03	0.0000E+00	0.0000E+00	2.2153E+00
3.4670E+03	0.0000E+00	0.0000E+00	2.2128E+00
3.4680E+03	0.0000E+00	0.0000E+00	2.2131E+00
3.4690E+03	0.0000E+00	0.0000E+00	2.2093E+00
3.4700E+03	0.0000E+00	0.0000E+00	2.2059E+00
3.4710E+03	0.0000E+00	0.0000E+00	2.2051E+00
3.4720E+03	0.0000E+00	0.0000E+00	2.2019E+00
3.4730E+03	0.0000E+00	0.0000E+00	2.2025E+00
3.4740E+03	0.0000E+00	0.0000E+00	2.1997E+00
3.4750E+03	0.0000E+00	0.0000E+00	2.1971E+00
3.4760E+03	0.0000E+00	0.0000E+00	2.1947E+00
3.4770E+03	0.0000E+00	0.0000E+00	2.1924E+00
3.4780E+03	0.0000E+00	0.0000E+00	2.1906E+00
3.4790E+03	0.0000E+00	0.0000E+00	2.1897E+00
3.4800E+03	0.0000E+00	0.0000E+00	2.1903E+00
3.4810E+03	0.0000E+00	0.0000E+00	2.1904E+00
3.4820E+03	0.0000E+00	0.0000E+00	2.1934E+00
3.4830E+03	0.0000E+00	0.0000E+00	2.1941E+00
3.4840E+03	0.0000E+00	0.0000E+00	2.1935E+00
3.4850E+03	0.0000E+00	0.0000E+00	2.1929E+00
3.4860E+03	0.0000E+00	0.0000E+00	2.1891E+00
3.4870E+03	0.0000E+00	0.0000E+00	2.1908E+00
3.4880E+03	0.0000E+00	0.0000E+00	2.1887E+00
3.4890E+03	0.0000E+00	0.0000E+00	2.1906E+00
3.4900E+03	0.0000E+00	0.0000E+00	2.1858E+00
3.4910E+03	0.0000E+00	0.0000E+00	2.1889E+00
3.4920E+03	0.0000E+00	0.0000E+00	2.1892E+00
3.4930E+03	0.0000E+00	0.0000E+00	2.1907E+00
3.4940E+03	0.0000E+00	0.0000E+00	2.1917E+00
3.4950E+03	0.0000E+00	0.0000E+00	2.1898E+00
3.4960E+03	0.0000E+00	0.0000E+00	2.1923E+00
3.4970E+03	0.0000E+00	0.0000E+00	2.1932E+00
3.4980E+03	0.0000E+00	0.0000E+00	2.1933E+00
3.4990E+03	0.0000E+00	0.0000E+00	2.1932E+00
3.5000E+03	0.0000E+00	0.0000E+00	2.1926E+00
3.5010E+03	0.0000E+00	0.0000E+00	2.1921E+00
3.5020E+03	0.0000E+00	0.0000E+00	2.1919E+00
3.5030E+03	0.0000E+00	0.0000E+00	2.1919E+00
3.5040E+03	0.0000E+00	0.0000E+00	2.1921E+00
3.5050E+03	0.0000E+00	0.0000E+00	2.1941E+00
3.5060E+03	0.0000E+00	0.0000E+00	2.1940E+00
3.5070E+03	0.0000E+00	0.0000E+00	2.1931E+00
3.5080E+03	0.0000E+00	0.0000E+00	2.1926E+00
3.5090E+03	0.0000E+00	0.0000E+00	2.1925E+00
3.5100E+03	0.0000E+00	0.0000E+00	2.1897E+00
3.5110E+03	0.0000E+00	0.0000E+00	2.1904E+00
3.5120E+03	0.0000E+00	0.0000E+00	2.1887E+00
3.5130E+03	0.0000E+00	0.0000E+00	2.1880E+00
3.5140E+03	0.0000E+00	0.0000E+00	2.1847E+00
3.5150E+03	0.0000E+00	0.0000E+00	2.1847E+00
3.5160E+03	0.0000E+00	0.0000E+00	2.1844E+00
3.5170E+03	0.0000E+00	0.0000E+00	2.1827E+00
3.5180E+03	0.0000E+00	0.0000E+00	2.1832E+00
3.5190E+03	0.0000E+00	0.0000E+00	2.1822E+00
3.5200E+03	0.0000E+00	0.0000E+00	2.1819E+00
3.5210E+03	0.0000E+00	0.0000E+00	2.1856E+00
3.5220E+03	0.0000E+00	0.0000E+00	2.1832E+00
3.5230E+03	0.0000E+00	0.0000E+00	2.1844E+00
3.5240E+03	0.0000E+00	0.0000E+00	2.1870E+00
3.5250E+03	0.0000E+00	0.0000E+00	2.1881E+00
3.5260E+03	0.0000E+00	0.0000E+00	2.1934E+00
3.5270E+03	0.0000E+00	0.0000E+00	2.1991E+00
3.5280E+03	0.0000E+00	0.0000E+00	2.2050E+00
3.5290E+03	0.0000E+00	0.0000E+00	2.2041E+00
3.5300E+03	0.0000E+00	0.0000E+00	2.1998E+00
3.5310E+03	0.0000E+00	0.0000E+00	2.2036E+00
3.5320E+03	0.0000E+00	0.0000E+00	2.2065E+00
3.5330E+03	0.0000E+00	0.0000E+00	2.2059E+00
3.5340E+03	0.0000E+00	0.0000E+00	2.2048E+00
3.5350E+03	0.0000E+00	0.0000E+00	2.2042E+00
3.5360E+03	0.0000E+00	0.0000E+00	2.2055E+00
3.5370E+03	0.0000E+00	0.0000E+00	2.2043E+00
3.5380E+03	0.0000E+00	0.0000E+00	2.2050E+00
3.5390E+03	0.0000E+00	0.0000E+00	2.2058E+00
3.5400E+03	0.0000E+00	0.0000E+00	2.2092E+00
3.5410E+03	0.0000E+00	0.0000E+00	2.2142E+00
3.5420E+03	0.0000E+00	0.0000E+00	2.2137E+00
3.5430E+03	0.0000E+00	0.0000E+00	2.2139E+00
3.5440E+03	0.0000E+00	0.0000E+00	2.2146E+00
3.5450E+03	0.0000E+00	0.0000E+00	2.2126E+00
3.5460E+03	0.0000E+00	0.0000E+00	2.2119E+00
3.5470E+03	0.0000E+00	0.0000E+00	2.2113E+00
3.5480E+03	0.0000E+00	0.0000E+00	2.2125E+00
3.5490E+03	0.0000E+00	0.0000E+00	2.2106E+00
3.5500E+03	0.0000E+00	0.0000E+00	2.2060E+00
3.5510E+03	0.0000E+00	0.0000E+00	2.2024E+00
3.5520E+03	0.0000E+00	0.0000E+00	2.2014E+00
3.5530E+03	0.0000E+00	0.0000E+00	2.2019E+00
3.5540E+03	0.0000E+00	0.0000E+00	2.2053E+00
3.5550E+03	0.0000E+00	0.0000E+00	2.2070E+00
3.5560E+03	0.0000E+00	0.0000E+00	2.2071E+00
3.5570E+03	0.0000E+00	0.0000E+00	2.2054E+00
3.5580E+03	0.0000E+00	0.0000E+00	2.2054E+00
3.5590E+03	0.0000E+00	0.0000E+00	2.2052E+00
3.5600E+03	0.0000E+00	0.0000E+00	2.2059E+00
3.5610E+03	0.0000E+00	0.0000E+00	2.2025E+00
3.5620E+03	0.0000E+00	0.0000E+00	2.2043E+00
3.5630E+03	0.0000E+00	0.0000E+00	2.2049E+00
3.5640E+03	0.0000E+00	0.0000E+00	2.2066E+00
3.5650E+03	0.0000E+00	0.0000E+00	2.2048E+00
3.5660E+03	0.0000E+00	0.0000E+00	2.2054E+00
3.5670E+03	0.0000E+00	0.0000E+00	2.2044E+00
3.5680E+03	0.0000E+00	0.0000E+00	2.1996E+00
3.5690E+03	0.0000E+00	0.0000E+00	2.2024E+00
3.5700E+03	0.0000E+00	0.0000E+00	2.2008E+00
3.5710E+03	0.0000E+00	0.0000E+00	2.1998E+00
3.5720E+03	0.0000E+00	0.0000E+00	2.1943E+00
3.5730E+03	0.0000E+00	0.0000E+00	2.1911E+00
3.5740E+03	0.0000E+00	0.0000E+00	2.1845E+00
3.5750E+03	0.0000E+00	0.0000E+00	2.1833E+00
3.5760E+03	0.0000E+00	0.0000E+00	2.1814E+00
3.5770E+03	0.0000E+00	0.0000E+00	2.1814E+00
3.5780E+03	0.0000E+00	0.0000E+00	2.1808E+00
3.5790E+03	0.0000E+00	0.0000E+00	2.1861E+00
3.5800E+03	0.0000E+00	0.0000E+00	2.1876E+00
3.5810E+03	0.0000E+00	0.0000E+00	2.1906E+00
3.5820E+03	0.0000E+00	0.0000E+00	2.1925E+00
3.5830E+03	0.0000E+00	0.0000E+00	2.1925E+00
3.5840E+03	0.0000E+00	0.0000E+00	2.1925E+00
3.5850E+03	0.0000E+00	0.0000E+00	2.1905E+00
3.5860E+03	0.0000E+00	0.0000E+00	2.1897E+00
3.5870E+03	0.0000E+00	0.0000E+00	2.1913E+00
3.5880E+03	0.0000E+00	0.0000E+00	2.1935E+00
3.5890E+03	0.0000E+00	0.0000E+00	2.1933E+00
3.5900E+03	0.0000E+00	0.0000E+00	2.1931E+00
3.5910E+03	0.0000E+00	0.0000E+00	2.1947E+00
3.5920E+03	0.0000E+00	0.0000E+00	2.1922E+00
3.5930E+03	0.0000E+00	0.0000E+00	2.1926E+00
3.5940E+03	0.0000E+00	0.0000E+00	2.1926E+00
3.5950E+03	0.0000E+00	0.0000E+00	2.1934E+00
3.5960E+03	0.0000E+00	0.0000E+00	2.1962E+00
3.5970E+03	0.0000E+00	0.0000E+00	2.1952E+00
3.5980E+03	0.0000E+00	0.0000E+00	2.1961E+00
3.5990E+03	0.0000E+00	0.0000E+00	2.1950E+00
3.6000E+03	0.0000E+00	0.0000E+00	2.1949E+00
3.6010E+03	0.0000E+00	0.0000E+00	2.1939E+00
3.6020E+03	0.0000E+00	0.0000E+00	2.1988E+00
3.6030E+03	0.0000E+00	0.0000E+00	2.1984E+00
3.6040E+03	0.0000E+00	0.0000E+00	2.1959E+00
3.6050E+03	0.0000E+00	0.0000E+00	2.1969E+00
3.6060E+03	0.0000E+00	0.0000E+00	2.1994E+00
3.6070E+03	0.0000E+00	0.0000E+00	2.2065E+00
3.6080E+03	0.0000E+00	0.0000E+00	2.2071E+00
3.6090E+03	0.0000E+00	0.0000E+00	2.2072E+00
3.6100E+03	0.0000E+00	0.0000E+00	2.2089E+00
3.6110E+03	0.0000E+00	0.0000E+00	2.2094E+00
3.6120E+03	0.0000E+00	0.0000E+00	2.2134E+00
3.6130E+03	0.0000E+00	0.0000E+00	2.2140E+00
3.6140E+03	0.0000E+00	0.0000E+00	2.2127E+00
3.6150E+03	0.0000E+00	0.0000E+00	2.2131E+00
3.6160E+03	0.0000E+00	0.0000E+00	2.2150E+00
3.6170E+03	0.0000E+00	0.0000E+00	2.2126E+00
3.6180E+03	0.0000E+00	0.0000E+00	2.2146E+00
3.6190E+03	0.0000E+00	0.0000E+00	2.2145E+00
3.6200E+03	0.0000E+00	0.0000E+00	2.2145E+00
3.6210E+03	0.0000E+00	0.0000E+00	2.2126E+00
3.6220E+03	0.0000E+00	0.0000E+00	2.2074E+00
3.6230E+03	0.0000E+00	0.0000E+00	2.2058E+00
3.6240E+03	0.0000E+00	0.0000E+00	2.2060E+00
3.6250E+03	0.0000E+00	0.0000E+00	2.2103E+00
3.6260E+03	0.0000E+00	0.0000E+00	2.2172E+00
3.6270E+03	0.0000E+00	0.0000E+00	2.2167E+00
3.6280E+03	0.0000E+00	0.0000E+00	2.2170E+00
3.6290E+03	0.0000E+00	0.0000E+00	2.2169E+00
3.6300E+03	0.0000E+00	0.0000E+00	2.2189E+00
3.6310E+03	0.0000E+00	0.0000E+00	2.2222E+00
3.6320E+03	0.0000E+00	0.0000E+00	2.2230E+00
3.6330E+03	0.0000E+00	0.0000E+00	2.2233E+00
3.6340E+03	0.0000E+00	0.0000E+00	2.2239E+00
3.6350E+03	0.0000E+00	0.0000E+00	2.2248E+00
3.6360E+03	0.0000E+00	0.0000E+00	2.2268E+00
3.6370E+03	0.0000E+00	0.0000E+00	2.2285E+00
3.6380E+03	0.0000E+00	0.0000E+00	2.2264E+00
3.6390E+03	0.0000E+00	0.0000E+00	2.2304E+00
3.6400E+03	0.0000E+00	0.0000E+00	2.2227E+00
3.6410E+03	0.0000E+00	0.0000E+00	2.2209E+00
3.6420E+03	0.0000E+00	0.0000E+00	2.2226E+00
3.6430E+03	0.0000E+00	0.0000E+00	2.2200E+00
3.6440E+03	0.0000E+00	0.0000E+00	2.2226E+00
3.6450E+03	0.0000E+00	0.0000E+00	2.2228E+00
3.6460E+03	0.0000E+00	0.0000E+00	2.2228E+00
3.6470E+03	0.0000E+00	0.0000E+00	2.2179E+00
3.6480E+03	0.0000E+00	0.0000E+00	2.2103E+00
3.6490E+03	0.0000E+00	0.0000E+00	2.2057E+00
3.6500E+03	0.0000E+00	0.0000E+00	2.1989E+00
3.6510E+03	0.0000E+00	0.0000E+00	2.1984E+00
3.6520E+03	0.0000E+00	0.0000E+00	2.1992E+00
3.6530E+03	0.0000E+00	0.0000E+00	2.1984E+00
3.6540E+03	0.0000E+00	0.0000E+00	2.1992E+00
3.6550E+03	0.0000E+00	0.0000E+00	2.1967E+00
3.6560E+03	0.0000E+00	0.0000E+00	2.1962E+00
3.6570E+03	0.0000E+00	0.0000E+00	2.1964E+00
3.6580E+03	0.0000E+00	0.0000E+00	2.1971E+00
3.6590E+03	0.0000E+00	0.0000E+00	2.2009E+00
3.6600E+03	0.0000E+00	0.0000E+00	2.1998E+00
3.6610E+03	0.0000E+00	0.0000E+00	2.2033E+00
3.6620E+03	0.0000E+00	0.0000E+00	2.2046E+00
3.6630E+03	0.0000E+00	0.0000E+00	2.2054E+00
3.6640E+03	0.0000E+00	0.0000E+00	2.2043E+00
3.6650E+03	0.0000E+00	0.0000E+00	2.2016E+00
3.6660E+03	0.0000E+00	0.0000E+00	2.2025E+00
3.6670E+03	0.0000E+00	0.0000E+00	2.2020E+00
3.6680E+03	0.0000E+00	0.0000E+00	2.2005E+00
3.6690E+03	0.0000E+00	0.0000E+00	2.2007E+00
3.6700E+03	0.0000E+00	0.0000E+00	2.1981E+00
3.6710E+03	0.0000E+00	0.0000E+00	2.1964E+00
3.6720E+03	0.0000E+00	0.0000E+00	2.1910E+00
3.6730E+03	0.0000E+00	0.0000E+00	2.1882E+00
3.6740E+03	0.0000E+00	0.0000E+00	2.1910E+00
3.6750E+03	0.0000E+00	0.0000E+00	2.1930E+00
3.6760E+03	0.0000E+00	0.0000E+00	2.1934E+00
3.6770E+03	0.0000E+00	0.0000E+00	2.1951E+00
3.6780E+03	0.0000E+00	0.0000E+00	2.1944E+00
3.6790E+03	0.0000E+00	0.0000E+00	2.1952E+00
3.6800E+03	0.0000E+00	0.0000E+00	2.1945E+00
3.6810E+03	0.0000E+00	0.0000E+00	2.1929E+00
3.6820E+03	0.0000E+00	0.0000E+00	2.1946E+00
3.6830E+03	0.0000E+00	0.0000E+00	2.1938E+00
3.6840E+03	0.0000E+00	0.0000E+00	2.1966E+00
3.6850E+03	0.0000E+00	0.0000E+00	2.1998E+00
3.6860E+03	0.0000E+00	0.0000E+00	2.1988E+00
3.6870E+03	0.0000E+00	0.0000E+00	2.1979E+00
3.6880E+03	0.0000E+00	0.0000E+00	2.2046E+00
3.6890E+03	0.0000E+00	0.0000E+00	2.2012E+00
3.6900E+03	0.0000E+00	0.0000E+00	2.2046E+00
3.6910E+03	0.0000E+00	0.0000E+00	2.2086E+00
3.6920E+03	0.0000E+00	0.0000E+00	2.2082E+00
3.6930E+03	0.0000E+00	0.0000E+00	2.2081E+00
3.6940E+03	0.0000E+00	0.0000E+00	2.2103E+00
3.6950E+03	0.0000E+00	0.0000E+00	2.2078E+00
3.6960E+03	0.0000E+00	0.0000E+00	2.2024E+00
3.6970E+03	0.0000E+00	0.0000E+00	2.2028E+00
3.6980E+03	0.0000E+00	0.0000E+00	2.2040E+00
3.6990E+03	0.0000E+00	0.0000E+00	2.2086E+00
3.7000E+03	0.0000E+00	0.0000E+00	2.2096E+00
3.7010E+03	0.0000E+00	0.0000E+00	2.2096E+00
3.7020E+03	0.0000E+00	0.0000E+00	2.2095E+00
3.7030E+03	0.0000E+00	0.0000E+00	2.2094E+00
3.7040E+03	0.0000E+00	0.0000E+00	2.2088E+00
3.7050E+03	0.0000E+00	0.0000E+00	2.2113E+00
3.7060E+03	0.0000E+00	0.0000E+00	2.2120E+00
3.7070E+03	0.0000E+00	0.0000E+00	2.2155E+00
3.7080E+03	0.0000E+00	0.0000E+00	2.2161E+00
3.7090E+03	0.0000E+00	0.0000E+00	2.2150E+00
3.7100E+03	0.0000E+00	0.0000E+00	2.2186E+00
3.7110E+03	0.0000E+00	0.0000E+00	2.2192E+00
3.7120E+03	0.0000E+00	0.0000E+00	2.2187E+00
3.7130E+03	0.0000E+00	0.0000E+00	2.2200E+00
3.7140E+03	0.0000E+00	0.0000E+00	2.2195E+00
3.7150E+03	0.0000E+00	0.0000E+00	2.2215E+00
3.7160E+03	0.0000E+00	0.0000E+00	2.2191E+00
3.7170E+03	0.0000E+00	0.0000E+00	2.2156E+00
3.7180E+03	0.0000E+00	0.0000E+00	2.2130E+00
3.7190E+03	0.0000E+00	0.0000E+00	2.2124E+00
3.7200E+03	0.0000E+00	0.0000E+00	2.2083E+00
3.7210E+03	0.0000E+00	0.0000E+00	2.2103E+00
3.7220E+03	0.0000E+00	0.0000E+00	2.2105E+00
3.7230E+03	0.0000E+00	0.0000E+00	2.2077E+00
3.7240E+03	0.0000E+00	0.0000E+00	2.2105E+00
3.7250E+03	0.0000E+00	0.0000E+00	2.2159E+00
3.7260E+03	0.0000E+00	0.0000E+00	2.2210E+00
3.7270E+03	0.0000E+00	0.0000E+00	2.2237E+00
3.7280E+03	0.0000E+00	0.0000E+00	2.2243E+00
3.7290E+03	0.0000E+00	0.0000E+00	2.2226E+00
3.7300E+03	0.0000E+00	0.0000E+00	2.2256E+00
3.7310E+03	0.0000E+00	0.0000E+00	2.2257E+00
3.7320E+03	0.0000E+00	0.0000E+00	2.2276E+00
3.7330E+03	0.0000E+00	0.0000E+00	2.2281E+00
3.7340E+03	0.0000E+00	0.0000E+00	2.2315E+00
3.7350E+03	0.0000E+00	0.0000E+00	2.2269E+00
3.7360E+03	0.0000E+00	0.0000E+00	2.2275E+00
3.7370E+03	0.0000E+00	0.0000E+00	2.2301E+00
3.7380E+03	0.0000E+00	0.0000E+00	2.2319E+00
3.7390E+03	0.0000E+00	0.0000E+00	2.2295E+00
3.7400E+03	0.0000E+00	0.0000E+00	2.2307E+00
3.7410E+03	0.0000E+00	0.0000E+00	2.2272E+00
3.7420E+03	0.0000E+00	0.0000E+00	2.2258E+00
3.7430E+03	0.0000E+00	0.0000E+00	2.2200E+00
3.7440E+03	0.0000E+00	0.0000E+00	2.2179E+00
3.7450E+03	0.0000E+00	0.0000E+00	2.2156E+00
3.7460E+03	0.0000E+00	0.0000E+00	2.2186E+00
3.7470E+03	0.0000E+00	0.0000E+00	2.2232E+00
3.7480E+03	0.0000E+00	0.0000E+00	2.2238E+00
3.7490E+03	0.0000E+00	0.0000E+00	2.2262E+00
3.7500E+03	0.0000E+00	0.0000E+00	2.2266E+00
3.7510E+03	0.0000E+00	0.0000E+00	2.2230E+00
3.7520E+03	0.0000E+00	0.0000E+00	2.2254E+00
3.7530E+03	0.0000E+00	0.0000E+00	2.2246E+00
3.7540E+03	0.0000E+00	0.0000E+00	2.2271E+00
3.7550E+03	0.0000E+00	0.0000E+00	2.2286E+00
3.7560E+03	0.0000E+00	0.0000E+00	2.2351E+00
3.7570E+03	0.0000E+00	0.0000E+00	2.2367E+00
3.7580E+03	0.0000E+00	0.0000E+00	2.2367E+00
3.7590E+03	0.0000E+00	0.0000E+00	2.2402E+00
3.7600E+03	0.0000E+00	0.0000E+00	2.2402E+00
3.7610E+03	0.0000E+00	0.0000E+00	2.2460E+00
3.7620E+03	0.0000E+00	0.0000E+00	2.2519E+00
3.7630E+03	0.0000E+00	0.0000E+00	2.2540E+00
3.7640E+03	0.0000E+00	0.0000E+00	2.2563E+00
3.7650E+03	0.0000E+00	0.0000E+00	2.2601E+00
3.7660E+03	0.0000E+00	0.0000E+00	2.2598E+00
3.7670E+03	0.0000E+00	0.0000E+00	2.2643E+00
3.7680E+03	0.0000E+00	0.0000E+00	2.2702E+00
3.7690E+03	0.0000E+00	0.0000E+00	2.2737E+00
3.7700E+03	0.0000E+00	0.0000E+00	2.2731E+00
3.7710E+03	0.0000E+00	0.0000E+00	2.2745E+00
3.7720E+03	0.0000E+00	0.0000E+00	2.2745E+00
3.7730E+03	0.0000E+00	0.0000E+00	2.2754E+00
3.7740E+03	0.0000E+00	0.0000E+00	2.2775E+00
3.7750E+03	0.0000E+00	0.0000E+00	2.2796E+00
3.7760E+03	0.0000E+00	0.0000E+00	2.2806E+00
3.7770E+03	0.0000E+00	0.0000E+00	2.2770E+00
3.7780E+03	0.0000E+00	0.0000E+00	2.2818E+00
3.7790E+03	0.0000E+00	0.0000E+00	2.2781E+00
3.7800E+03	0.0000E+00	0.0000E+00	2.2760E+00
3.7810E+03	0.0000E+00	0.0000E+00	2.2785E+00
3.7820E+03	0.0000E+00	0.0000E+00	2.2747E+00
3.7830E+03	0.0000E+00	0.0000E+00	2.2738E+00
3.7840E+03	0.0000E+00	0.0000E+00	2.2711E+00
3.7850E+03	0.0000E+00	0.0000E+00	2.2683E+00
3.7860E+03	0.0000E+00	0.0000E+00	2.2677E+00
3.7870E+03	0.0000E+00	0.0000E+00	2.2671E+00
3.7880E+03	0.0000E+00	0.0000E+00	2.2622E+00
3.7890E+03	0.0000E+00	0.0000E+00	2.2585E+00
3.7900E+03	0.0000E+00	0.0000E+00	2.2576E+00
3.7910E+03	0.0000E+00	0.0000E+00	2.2562E+00
3.7920E+03	0.0000E+00	0.0000E+00	2.2574E+00
3.7930E+03	0.0000E+00	0.0000E+00	2.2588E+00
3.7940E+03	0.0000E+00	0.0000E+00	2.2605E+00
3.7950E+03	0.0000E+00	0.0000E+00	2.2580E+00
3.7960E+03	0.0000E+00	0.0000E+00	2.2586E+00
3.7970E+03	0.0000E+00	0.0000E+00	2.2593E+00
3.7980E+03	0.0000E+00	0.0000E+00	2.2576E+00
3.7990E+03	0.0000E+00	0.0000E+00	2.2575E+00
3.8000E+03	0.0000E+00	0.0000E+00	2.2561E+00
3.8010E+03	0.0000E+00	0.0000E+00	2.2544E+00
3.8020E+03	0.0000E+00	0.0000E+00	2.2529E+00
3.8030E+03	0.0000E+00	0.0000E+00	2.2563E+00
3.8040E+03	0.0000E+00	0.0000E+00	2.2554E+00
3.8050E+03	0.0000E+00	0.0000E+00	2.2560E+00
3.8060E+03	0.0000E+00	0.0000E+00	2.2550E+00
3.8070E+03	0.0000E+00	0.0000E+00	2.2534E+00
3.8080E+03	0.0000E+00	0.0000E+00	2.2549E+00
3.8090E+03	0.0000E+00	0.0000E+00	2.2529E+00
3.8100E+03	0.0000E+00	0.0000E+00	2.2510E+00
3.8110E+03	0.0000E+00	0.0000E+00	2.2527E+00
3.8120E+03	0.0000E+00	0.0000E+00	2.2498E+00
3.8130E+03	0.0000E+00	0.0000E+00	2.2475E+00
3.8140E+03	0.0000E+00	0.0000E+00	2.2392E+00
3.8150E+03	0.0000E+00	0.0000E+00	2.2333E+00
3.8160E+03	0.0000E+00	0.0000E+00	2.2316E+00
3.8170E+03	0.0000E+00	0.0000E+00	2.2332E+00
3.8180E+03	0.0000E+00	0.0000E+00	2.2360E+00
3.8190E+03	0.0000E+00	0.0000E+00	2.2380E+00
3.8200E+03	0.0000E+00	0.0000E+00	2.2388E+00
3.8210E+03	0.0000E+00	0.0000E+00	2.2368E+00
3.8220E+03	0.0000E+00	0.0000E+00	2.2370E+00
3.8230E+03	0.0000E+00	0.0000E+00	2.2379E+00
3.8240E+03	0.0000E+00	0.0000E+00	2.2380E+00
3.8250E+03	0.0000E+00	0.0000E+00	2.2357E+00
3.8260E+03	0.0000E+00	0.0000E+00	2.2355E+00
3.8270E+03	0.0000E+00	0.0000E+00	2.2360E+00
3.8280E+03	0.0000E+00	0.0000E+00	2.2367E+00
3.8290E+03	0.0000E+00	0.0000E+00	2.2390E+00
3.8300E+03	0.0000E+00	0.0000E+00	2.2381E+00
3.8310E+03	0.0000E+00	0.0000E+00	2.2366E+00
3.8320E+03	0.0000E+00	0.0000E+00	2.2372E+00
3.8330E+03	0.0000E+00	0.0000E+00	2.2373E+00
3.8340E+03	0.0000E+00	0.0000E+00	2.2346E+00
3.8350E+03	0.0000E+00	0.0000E+00	2.2379E+00
3.8360E+03	0.0000E+00	0.0000E+00	2.2368E+00
3.8370E+03	0.0000E+00	0.0000E+00	2.2334E+00
3.8380E+03	0.0000E+00	0.0000E+00	2.2322E+00
3.8390E+03	0.0000E+00	0.0000E+00	2.2342E+00
3.8400E+03	0.0000E+00	0.0000E+00	2.2355E+00
3.8410E+03	0.0000E+00	0.0000E+00	2.2367E+00
3.8420E+03	0.0000E+00	0.0000E+00	2.2350E+00
3.8430E+03	0.0000E+00	0.0000E+00	2.2384E+00
3.8440E+03	0.0000E+00	0.0000E+00	2.2387E+00
3.8450E+03	0.0000E+00	0.0000E+00	2.2398E+00
3.8460E+03	0.0000E+00	0.0000E+00	2.2394E+00
3.8470E+03	0.0000E+00	0.0000E+00	2.2419E+00
3.8480E+03	0.0000E+00	0.0000E+00	2.2418E+00
3.8490E+03	0.0000E+00	0.0000E+00	2.2421E+00
3.8500E+03	0.0000E+00	0.0000E+00	2.2434E+00
3.8510E+03	0.0000E+00	0.0000E+00	2.2410E+00
3.8520E+03	0.0000E+00	0.0000E+00	2.2410E+00
3.8530E+03	0.0000E+00	0.0000E+00	2.2409E+00
3.8540E+03	0.0000E+00	0.0000E+00	2.2414E+00
3.8550E+03	0.0000E+00	0.0000E+00	2.2445E+00
3.8560E+03	0.0000E+00	0.0000E+00	2.2455E+00
3.8570E+03	0.0000E+00	0.0000E+00	2.2440E+00
3.8580E+03	0.0000E+00	0.0000E+00	2.2457E+00
3.8590E+03	0.0000E+00	0.0000E+00	2.2482E+00
3.8600E+03	0.0000E+00	0.0000E+00	2.2466E+00
3.8610E+03	0.0000E+00	0.0000E+00	2.2440E+00
3.8620E+03	0.0000E+00	0.0000E+00	2.2427E+00
3.8630E+03	0.0000E+00	0.0000E+00	2.2414E+00
3.8640E+03	0.0000E+00	0.0000E+00	2.2450E+00
3.8650E+03	0.0000E+00	0.0000E+00	2.2477E+00
3.8660E+03	0.0000E+00	0.0000E+00	2.2473E+00
3.8670E+03	0.0000E+00	0.0000E+00	2.2484E+00
3.8680E+03	0.0000E+00	0.0000E+00	2.2488E+00
3.8690E+03	0.0000E+00	0.0000E+00	2.2486E+00
3.8700E+03	0.0000E+00	0.0000E+00	2.2463E+00
3.8710E+03	0.0000E+00	0.0000E+00	2.2476E+00
3.8720E+03	0.0000E+00	0.0000E+00	2.2462E+00
3.8730E+03	0.0000E+00	0.0000E+00	2.2419E+00
3.8740E+03	0.0000E+00	0.0000E+00	2.2451E+00
3.8750E+03	0.0000E+00	0.0000E+00	2.2455E+00
3.8760E+03	0.0000E+00	0.0000E+00	2.2469E+00
3.8770E+03	0.0000E+00	0.0000E+00	2.2455E+00
3.8780E+03	0.0000E+00	0.0000E+00	2.2453E+00
3.8790E+03	0.0000E+00	0.0000E+00	2.2455E+00
3.8800E+03	0.0000E+00	0.0000E+00	2.2453E+00
3.8810E+03	0.0000E+00	0.0000E+00	2.2444E+00
3.8820E+03	0.0000E+00	0.0000E+00	2.2433E+00
3.8830E+03	0.0000E+00	0.0000E+00	2.2480E+00
3.8840E+03	0.0000E+00	0.0000E+00	2.2451E+00
3.8850E+03	0.0000E+00	0.0000E+00	2.2383E+00
3.8860E+03	0.0000E+00	0.0000E+00	2.2353E+00
3.8870E+03	0.0000E+00	0.0000E+00	2.2316E+00
3.8880E+03	0.0000E+00	0.0000E+00	2.2266E+00
3.8890E+03	0.0000E+00	0.0000E+00	2.2271E+00
3.8900E+03	0.0000E+00	0.0000E+00	2.2298E+00
3.8910E+03	0.0000E+00	0.0000E+00	2.2374E+00
3.8920E+03	0.0000E+00	0.0000E+00	2.2453E+00
3.8930E+03	0.0000E+00	0.0000E+00	2.2447E+00
3.8940E+03	0.0000E+00	0.0000E+00	2.2469E+00
3.8950E+03	0.0000E+00	0.0000E+00	2.2469E+00
3.8960E+03	0.0000E+00	0.0000E+00	2.2495E+00
3.8970E+03	0.0000E+00	0.0000E+00	2.2506E+00
3.8980E+03	0.0000E+00	0.0000E+00	2.2519E+00
3.8990E+03	0.0000E+00	0.0000E+00	2.2525E+00
3.9000E+03	0.0000E+00	0.0000E+00	2.2557E+00
3.9010E+03	0.0000E+00	0.0000E+00	2.2548E+00
3.9020E+03	0.0000E+00	0.0000E+00	2.2575E+00
3.9030E+03	0.0000E+00	0.0000E+00	2.2570E+00
3.9040E+03	0.0000E+00	0.0000E+00	2.2572E+00
3.9050E+03	0.0000E+00	0.0000E+00	2.2557E+00
3.9060E+03	0.0000E+00	0.0000E+00	2.2558E+00
3.9070E+03	0.0000E+00	0.0000E+00	2.2573E+00
3.9080E+03	0.0000E+00	0.0000E+00	2.2548E+00
3.9090E+03	0.0000E+00	0.0000E+00	2.2513E+00
3.9100E+03	0.0000E+00	0.0000E+00	2.2474E+00
3.9110E+03	0.0000E+00	0.0000E+00	2.2468E+00
3.9120E+03	0.0000E+00	0.0000E+00	2.2473E+00
3.9130E+03	0.0000E+00	0.0000E+00	2.2472E+00
3.9140E+03	0.0000E+00	0.0000E+00	2.2529E+00
3.9150E+03	0.0000E+00	0.0000E+00	2.2579E+00
3.9160E+03	0.0000E+00	0.0000E+00	2.2587E+00
3.9170E+03	0.0000E+00	0.0000E+00	2.2632E+00
3.9180E+03	0.0000E+00	0.0000E+00	2.2648E+00
3.9190E+03	0.0000E+00	0.0000E+00	2.2647E+00
3.9200E+03	0.0000E+00	0.0000E+00	2.2662E+00
3.9210E+03	0.0000E+00	0.0000E+00	2.2653E+00
3.9220E+03	0.0000E+00	0.0000E+00	2.2678E+00
3.9230E+03	0.0000E+00	0.0000E+00	2.2698E+00
3.9240E+03	0.0000E+00	0.0000E+00	2.2712E+00
3.9250E+03	0.0000E+00	0.0000E+00	2.2674E+00
3.9260E+03	0.0000E+00	0.0000E+00	2.2594E+00
3.9270E+03	0.0000E+00	0.0000E+00	2.2518E+00
3.9280E+03	0.0000E+00	0.0000E+00	2.2460E+00
3.9290E+03	0.0000E+00	0.0000E+00	2.2441E+00
3.9300E+03	0.0000E+00	0.0000E+00	2.2415E+00
3.9310E+03	0.0000E+00	0.0000E+00	2.2398E+00
3.9320E+03	0.0000E+00	0.0000E+00	2.2415E+00
3.9330E+03	0.0000E+00	0.0000E+00	2.2383E+00
3.9340E+03	0.0000E+00	0.0000E+00	2.2376E+00
3.9350E+03	0.0000E+00	0.0000E+00	2.2330E+00
3.9360E+03	0.0000E+00	0.0000E+00	2.2310E+00
3.9370E+03	0.0000E+00	0.0000E+00	2.2288E+00
3.9380E+03	0.0000E+00	0.0000E+00	2.2309E+00
3.9390E+03	0.0000E+00	0.0000E+00	2.2342E+00
3.9400E+03	0.0000E+00	0.0000E+00	2.2336E+00
3.9410E+03	0.0000E+00	0.0000E+00	2.2354E+00
3.9420E+03	0.0000E+00	0.0000E+00	2.2351E+00
3.9430E+03	0.0000E+00	0.0000E+00	2.2361E+00
3.9440E+03	0.0000E+00	0.0000E+00	2.2349E+00
3.9450E+03	0.0000E+00	0.0000E+00	2.2336E+00
3.9460E+03	0.0000E+00	0.0000E+00	2.2368E+00
3.9470E+03	0.0000E+00	0.0000E+00	2.2389E+00
3.9480E+03	0.0000E+00	0.0000E+00	2.2419E+00
3.9490E+03	0.0000E+00	0.0000E+00	2.2433E+00
3.9500E+03	0.0000E+00	0.0000E+00	2.2403E+00
3.9510E+03	0.0000E+00	0.0000E+00	2.2414E+00
3.9520E+03	0.0000E+00	0.0000E+00	2.2408E+00
3.9530E+03	0.0000E+00	0.0000E+00	2.2356E+00
3.9540E+03	0.0000E+00	0.0000E+00	2.2364E+00
3.9550E+03	0.0000E+00	0.0000E+00	2.2388E+00
3.9560E+03	0.0000E+00	0.0000E+00	2.2357E+00
3.9570E+03	0.0000E+00	0.0000E+00	2.2329E+00
3.9580E+03	0.0000E+00	0.0000E+00	2.2324E+00
3.9590E+03	0.0000E+00	0.0000E+00	2.2318E+00
3.9600E+03	0.0000E+00	0.0000E+00	2.2276E+00
3.9610E+03	0.0000E+00	0.0000E+00	2.2235E+00
3.9620E+03	0.0000E+00	0.0000E+00	2.2228E+00
3.9630E+03	0.0000E+00	0.0000E+00	2.2195E+00
3.9640E+03	0.0000E+00	0.0000E+00	2.2204E+00
3.9650E+03	0.0000E+00	0.0000E+00	2.2228E+00
3.9660E+03	0.0000E+00	0.0000E+00	2.2264E+00
3.9670E+03	0.0000E+00	0.0000E+00	2.2284E+00
3.9680E+03	0.0000E+00	0.0000E+00	2.2293E+00
3.9690E+03	0.0000E+00	0.0000E+00	2.2286E+00
3.9700E+03	0.0000E+00	0.0000E+00	2.2336E+00
3.9710E+03	0.0000E+00	0.0000E+00	2.2387E+00
3.9720E+03	0.0000E+00	0.0000E+00	2.2421E+00
3.9730E+03	0.0000E+00	0.0000E+00	2.2465E+00
3.9740E+03	0.0000E+00	0.0000E+00	2.2459E+00
3.9750E+03	0.0000E+00	0.0000E+00	2.2492E+00
3.9760E+03	0.0000E+00	0.0000E+00	2.2493E+00
3.9770E+03	0.0000E+00	0.0000E+00	2.2491E+00
3.9780E+03	0.0000E+00	0.0000E+00	2.2506E+00
3.9790E+03	0.0000E+00	0.0000E+00	2.2506E+00
3.9800E+03	0.0000E+00	0.0000E+00	2.2499E+00
3.9810E+03	0.0000E+00	0.0000E+00	2.2484E+00
3.9820E+03	0.0000E+00	0.0000E+00	2.2412E+00
3.9830E+03	0.0000E+00	0.0000E+00	2.2386E+00
3.9840E+03	0.0000E+00	0.0000E+00	2.2326E+00
3.9850E+03	0.0000E+00	0.0000E+00	2.2297E+00
3.9860E+03	0.0000E+00	0.0000E+00	2.2323E+00
3.9870E+03	0.0000E+00	0.0000E+00	2.2405E+00
3.9880E+03	0.0000E+00	0.0000E+00	2.2491E+00
3.9890E+03	0.0000E+00	0.0000E+00	2.2560E+00
3.9900E+03	0.0000E+00	0.0000E+00	2.2597E+00
3.9910E+03	0.0000E+00	0.0000E+00	2.2604E+00
3.9920E+03	0.0000E+00	0.0000E+00	2.2629E+00
3.9930E+03	0.0000E+00	0.0000E+00	2.2611E+00
3.9940E+03	0.0000E+00	0.0000E+00	2.2638E+00
3.9950E+03	0.0000E+00	0.0000E+00	2.2667E+00
3.9960E+03	0.0000E+00	0.0000E+00	2.2671E+00
3.9970E+03	0.0000E+00	0.0000E+00	2.2670E+00
3.9980E+03	0.0000E+00	0.0000E+00	2.2670E+00
3.9990E+03	0.0000E+00	0.0000E+00	2.2672E+00
4.0000E+03	0.0000E+00	0.0000E+00	2.2665E+00
4.0010E+03	0.0000E+00	0.0000E+00	2.2693E+00
4.0020E+03	0.0000E+00	0.0000E+00	2.2662E+00
4.0030E+03	0.0000E+00	0.0000E+00	2.2682E+00
4.0040E+03	0.0000E+00	0.0000E+00	2.2694E+00
4.0050E+03	0.0000E+00	0.0000E+00	2.2628E+00
4.0060E+03	0.0000E+00	0.0000E+00	2.2552E+00
4.0070E+03	0.0000E+00	0.0000E+00	2.2470E+00
4.0080E+03	0.0000E+00	0.0000E+00	2.2429E+00
4.0090E+03	0.0000E+00	0.0000E+00	2.2364E+00
4.0100E+03	0.0000E+00	0.0000E+00	2.2310E+00
4.0110E+03	0.0000E+00	0.0000E+00	2.2297E+00
4.0120E+03	0.0000E+00	0.0000E+00	2.2294E+00
4.0130E+03	0.0000E+00	0.0000E+00	2.2314E+00
4.0140E+03	0.0000E+00	0.0000E+00	2.2321E+00
4.0150E+03	0.0000E+00	0.0000E+00	2.2401E+00
4.0160E+03	0.0000E+00	0.0000E+00	2.2485E+00
4.0170E+03	0.0000E+00	0.0000E+00	2.2516E+00
4.0180E+03	0.0000E+00	0.0000E+00	2.2571E+00
4.0190E+03	0.0000E+00	0.0000E+00	2.2618E+00
4.0200E+03	0.0000E+00	0.0000E+00	2.2605E+00
4.0210E+03	0.0000E+00	0.0000E+00	2.2598E+00
4.0220E+03	0.0000E+00	0.0000E+00	2.2600E+00
4.0230E+03	0.0000E+00	0.0000E+00	2.2627E+00
4.0240E+03	0.0000E+00	0.0000E+00	2.2662E+00
4.0250E+03	0.0000E+00	0.0000E+00	2.2633E+00
4.0260E+03	0.0000E+00	0.0000E+00	2.2628E+00
4.0270E+03	0.0000E+00	0.0000E+00	2.2670E+00
4.0280E+03	0.0000E+00	0.0000E+00	2.2678E+00
4.0290E+03	0.0000E+00	0.0000E+00	2.2677E+00
4.0300E+03	0.0000E+00	0.0000E+00	2.2642E+00
4.0310E+03	0.0000E+00	0.0000E+00	2.2623E+00
4.0320E+03	0.0000E+00	0.0000E+00	2.2598E+00
4.0330E+03	0.0000E+00	0.0000E+00	2.2587E+00
4.0340E+03	0.0000E+00	0.0000E+00	2.2628E+00
4.0350E+03	0.0000E+00	0.0000E+00	2.2740E+00
4.0360E+03	0.0000E+00	0.0000E+00	2.2842E+00
4.0370E+03	0.0000E+00	0.0000E+00	2.2865E+00
4.0380E+03	0.0000E+00	0.0000E+00	2.2858E+00
4.0390E+03	0.0000E+00	0.0000E+00	2.2916E+00
4.0400E+03	0.0000E+00	0.0000E+00	2.2959E+00
4.0410E+03	0.0000E+00	0.0000E+00	2.2947E+00
4.0420E+03	0.0000E+00	0.0000E+00	2.3002E+00
4.0430E+03	0.0000E+00	0.0000E+00	2.2996E+00
4.0440E+03	0.0000E+00	0.0000E+00	2.2961E+00
4.0450E+03	0.0000E+00	0.0000E+00	2.2962E+00
4.0460E+03	0.0000E+00	0.0000E+00	2.2953E+00
4.0470E+03	0.0000E+00	0.0000E+00	2.2973E+00
4.0480E+03	0.0000E+00	0.0000E+00	2.2955E+00
4.0490E+03	0.0000E+00	0.0000E+00	2.2935E+00
4.0500E+03	0.0000E+00	0.0000E+00	2.2955E+00
4.0510E+03	0.0000E+00	0.0000E+00	2.2979E+00
4.0520E+03	0.0000E+00	0.0000E+00	2.2980E+00
4.0530E+03	0.0000E+00	0.0000E+00	2.2959E+00
4.0540E+03	0.0000E+00	0.0000E+00	2.2919E+00
4.0550E+03	0.0000E+00	0.0000E+00	2.2915E+00
4.0560E+03	0.0000E+00	0.0000E+00	2.2906E+00
4.0570E+03	0.0000E+00	0.0000E+00	2.2906E+00
4.0580E+03	0.0000E+00	0.0000E+00	2.2936E+00
4.0590E+03	0.0000E+00	0.0000E+00	2.2953E+00
4.0600E+03	0.0000E+00	0.0000E+00	2.2999E+00
4.0610E+03	0.0000E+00	0.0000E+00	2.3031E+00
4.0620E+03	0.0000E+00	0.0000E+00	2.2998E+00
4.0630E+03	0.0000E+00	0.0000E+00	2.3011E+00
4.0640E+03	0.0000E+00	0.0000E+00	2.3018E+00
4.0650E+03	0.0000E+00	0.0000E+00	2.3000E+00
4.0660E+03	0.0000E+00	0.0000E+00	2.3040E+00
4.0670E+03	0.0000E+00	0.0000E+00	2.3044E+00
4.0680E+03	0.0000E+00	0.0000E+00	2.3039E+00
4.0690E+03	0.0000E+00	0.0000E+00	2.3054E+00
4.0700E+03	0.0000E+00	0.0000E+00	2.3045E+00
4.0710E+03	0.0000E+00	0.0000E+00	2.3036E+00
4.0720E+03	0.0000E+00	0.0000E+00	2.3048E+00
4.0730E+03	0.0000E+00	0.0000E+00	2.3030E+00
4.0740E+03	0.0000E+00	0.0000E+00	2.3049E+00
4.0750E+03	0.0000E+00	0.0000E+00	2.3051E+00
4.0760E+03	0.0000E+00	0.0000E+00	2.3058E+00
4.0770E+03	0.0000E+00	0.0000E+00	2.3052E+00
4.0780E+03	0.0000E+00	0.0000E+00	2.3025E+00
4.0790E+03	0.0000E+00	0.0000E+00	2.3019E+00
4.0800E+03	0.0000E+00	0.0000E+00	2.3030E+00
4.0810E+03	0.0000E+00	0.0000E+00	2.2985E+00
4.0820E+03	0.0000E+00	0.0000E+00	2.3037E+00
4.0830E+03	0.0000E+00	0.0000E+00	2.3051E+00
4.0840E+03	0.0000E+00	0.0000E+00	2.3092E+00
4.0850E+03	0.0000E+00	0.0000E+00	2.3093E+00
4.0860E+03	0.0000E+00	0.0000E+00	2.3120E+00
4.0870E+03	0.0000E+00	0.0000E+00	2.3134E+00
4.0880E+03	0.0000E+00	0.0000E+00	2.3122E+00
4.0890E+03	0.0000E+00	0.0000E+00	2.3094E+00
4.0900E+03	0.0000E+00	0.0000E+00	2.3098E+00
4.0910E+03	0.0000E+00	0.0000E+00	2.3127E+00
4.0920E+03	0.0000E+00	0.0000E+00	2.3121E+00
4.0930E+03	0.0000E+00	0.0000E+00	2.3146E+00
4.0940E+03	0.0000E+00	0.0000E+00	2.3159E+00
4.0950E+03	0.0000E+00	0.0000E+00	2.3157E+00
4.0960E+03	0.0000E+00	0.0000E+00	2.3191E+00
4.0970E+03	0.0000E+00	0.0000E+00	2.3213E+00
4.0980E+03	0.0000E+00	0.0000E+00	2.3277E+00
4.0990E+03	0.0000E+00	0.0000E+00	2.3308E+00
4.1000E+03	0.0000E+00	0.0000E+00	2.3275E+00
4.1010E+03	0.0000E+00	0.0000E+00	2.3300E+00
4.1020E+03	0.0000E+00	0.0000E+00	2.3316E+00
4.1030E+03	0.0000E+00	0.0000E+00	2.3370E+00
4.1040E+03	0.0000E+00	0.0000E+00	2.3409E+00
4.1050E+03	0.0000E+00	0.0000E+00	2.3424E+00
4.1060E+03	0.0000E+00	0.0000E+00	2.3448E+00
4.1070E+03	0.0000E+00	0.0000E+00	2.3447E+00
4.1080E+03	0.0000E+00	0.0000E+00	2.3486E+00
4.1090E+03	0.0000E+00	0.0000E+00	2.3544E+00
4.1100E+03	0.0000E+00	0.0000E+00	2.3568E+00
4.1110E+03	0.0000E+00	0.0000E+00	2.3588E+00
4.1120E+03	0.0000E+00	0.0000E+00	2.3624E+00
4.1130E+03	0.0000E+00	0.0000E+00	2.3638E+00
4.1140E+03	0.0000E+00	0.0000E+00	2.3641E+00
4.1150E+03	0.0000E+00	0.0000E+00	2.3646E+00
4.1160E+03	0.0000E+00	0.0000E+00	2.3660E+00
4.1170E+03	0.0000E+00	0.0000E+00	2.3696E+00
4.1180E+03	0.0000E+00	0.0000E+00	2.3671E+00
4.1190E+03	0.0000E+00	0.0000E+00	2.3651E+00
4.1200E+03	0.0000E+00	0.0000E+00	2.3649E+00
4.1210E+03	0.0000E+00	0.0000E+00	2.3590E+00
4.1220E+03	0.0000E+00	0.0000E+00	2.3603E+00
4.1230E+03	0.0000E+00	0.0000E+00	2.3605E+00
4.1240E+03	0.0000E+00	0.0000E+00	2.3554E+00
4.1250E+03	0.0000E+00	0.0000E+00	2.3563E+00
4.1260E+03	0.0000E+00	0.0000E+00	2.3532E+00
4.1270E+03	0.0000E+00	0.0000E+00	2.3527E+00
4.1280E+03	0.0000E+00	0.0000E+00	2.3531E+00
4.1290E+03	0.0000E+00	0.0000E+00	2.3546E+00
4.1300E+03	0.0000E+00	0.0000E+00	2.3525E+00
4.1310E+03	0.0000E+00	0.0000E+00	2.3532E+00
4.1320E+03	0.0000E+00	0.0000E+00	2.3510E+00
4.1330E+03	0.0000E+00	0.0000E+00	2.3532E+00
4.1340E+03	0.0000E+00	0.0000E+00	2.3504E+00
4.1350E+03	0.0000E+00	0.0000E+00	2.3524E+00
4.1360E+03	0.0000E+00	0.0000E+00	2.3510E+00
4.1370E+03	0.0000E+00	0.0000E+00	2.3488E+00
4.1380E+03	0.0000E+00	0.0000E+00	2.3536E+00
4.1390E+03	0.0000E+00	0.0000E+00	2.3518E+00
4.1400E+03	0.0000E+00	0.0000E+00	2.3531E+00
4.1410E+03	0.0000E+00	0.0000E+00	2.3548E+00
4.1420E+03	0.0000E+00	0.0000E+00	2.3556E+00
4.1430E+03	0.0000E+00	0.0000E+00	2.3542E+00
4.1440E+03	0.0000E+00	0.0000E+00	2.3543E+00
4.1450E+03	0.0000E+00	0.0000E+00	2.3510E+00
4.1460E+03	0.0000E+00	0.0000E+00	2.3557E+00
4.1470E+03	0.0000E+00	0.0000E+00	2.3571E+00
4.1480E+03	0.0000E+00	0.0000E+00	2.3556E+00
4.1490E+03	0.0000E+00	0.0000E+00	2.3549E+00
4.1500E+03	0.0000E+00	0.0000E+00	2.3525E+00
4.1510E+03	0.0000E+00	0.0000E+00	2.3480E+00
4.1520E+03	0.0000E+00	0.0000E+00	2.3511E+00
4.1530E+03	0.0000E+00	0.0000E+00	2.3520E+00
4.1540E+03	0.0000E+00	0.0000E+00	2.3543E+00
4.1550E+03	0.0000E+00	0.0000E+00	2.3553E+00
4.1560E+03	0.0000E+00	0.0000E+00	2.3547E+00
4.1570E+03	0.0000E+00	0.0000E+00	2.3552E+00
4.1580E+03	0.0000E+00	0.0000E+00	2.3546E+00
4.1590E+03	0.0000E+00	0.0000E+00	2.3537E+00
4.1600E+03	0.0000E+00	0.0000E+00	2.3525E+00
4.1610E+03	0.0000E+00	0.0000E+00	2.3517E+00
4.1620E+03	0.0000E+00	0.0000E+00	2.3531E+00
4.1630E+03	0.0000E+00	0.0000E+00	2.3551E+00
4.1640E+03	0.0000E+00	0.0000E+00	2.3580E+00
4.1650E+03	0.0000E+00	0.0000E+00	2.3560E+00
4.1660E+03	0.0000E+00	0.0000E+00	2.3562E+00
4.1670E+03	0.0000E+00	0.0000E+00	2.3528E+00
4.1680E+03	0.0000E+00	0.0000E+00	2.3540E+00
4.1690E+03	0.0000E+00	0.0000E+00	2.3551E+00
4.1700E+03	0.0000E+00	0.0000E+00	2.3560E+00
4.1710E+03	0.0000E+00	0.0000E+00	2.3573E+00
4.1720E+03	0.0000E+00	0.0000E+00	2.3582E+00
4.1730E+03	0.0000E+00	0.0000E+00	2.3551E+00
4.1740E+03	0.0000E+00	0.0000E+00	2.3540E+00
4.1750E+03	0.0000E+00	0.0000E+00	2.3540E+00
4.1760E+03	0.0000E+00	0.0000E+00	2.3532E+00
4.1770E+03	0.0000E+00	0.0000E+00	2.3499E+00
4.1780E+03	0.0000E+00	0.0000E+00	2.3556E+00
4.1790E+03	0.0000E+00	0.0000E+00	2.3583E+00
4.1800E+03	0.0000E+00	0.0000E+00	2.3553E+00
4.1810E+03	0.0000E+00	0.0000E+00	2.3569E+00
4.1820E+03	0.0000E+00	0.0000E+00	2.3556E+00
4.1830E+03	0.0000E+00	0.0000E+00	2.3572E+00
4.1840E+03	0.0000E+00	0.0000E+00	2.3553E+00
4.1850E+03	0.0000E+00	0.0000E+00	2.3549E+00
4.1860E+03	0.0000E+00	0.0000E+00	2.3563E+00
4.1870E+03	0.0000E+00	0.0000E+00	2.3582E+00
4.1880E+03	0.0000E+00	0.0000E+00	2.3602E+00
4.1890E+03	0.0000E+00	0.0000E+00	2.3615E+00
4.1900E+03	0.0000E+00	0.0000E+00	2.3614E+00
4.1910E+03	0.0000E+00	0.0000E+00	2.3622E+00
4.1920E+03	0.0000E+00	0.0000E+00	2.3602E+00
4.1930E+03	0.0000E+00	0.0000E+00	2.3619E+00
4.1940E+03	0.0000E+00	0.0000E+00	2.3601E+00
4.1950E+03	0.0000E+00	0.0000E+00	2.3620E+00
4.1960E+03	0.0000E+00	0.0000E+00	2.3627E+00
4.1970E+03	0.0000E+00	0.0000E+00	2.3596E+00
4.1980E+03	0.0000E+00	0.0000E+00	2.3575E+00
4.1990E+03	0.0000E+00	0.0000E+00	2.3552E+00
4.2000E+03	0.0000E+00	0.0000E+00	2.3591E+00
4.2010E+03	0.0000E+00	0.0000E+00	2.3603E+00
4.2020E+03	0.0000E+00	0.0000E+00	2.3610E+00
4.2030E+03	0.0000E+00	0.0000E+00	2.3628E+00
4.2040E+03	0.0000E+00	0.0000E+00	2.3618E+00
4.2050E+03	0.0000E+00	0.0000E+00	2.3619E+00
4.2060E+03	0.0000E+00	0.0000E+00	2.3607E+00
4.2070E+03	0.0000E+00	0.0000E+00	2.3603E+00
4.2080E+03	0.0000E+00	0.0000E+00	2.3620E+00
4.2090E+03	0.0000E+00	0.0000E+00	2.3597E+00
4.2100E+03	0.0000E+00	0.0000E+00	2.3593E+00
4.2110E+03	0.0000E+00	0.0000E+00	2.3598E+00
4.2120E+03	0.0000E+00	0.0000E+00	2.3628E+00
4.2130E+03	0.0000E+00	0.0000E+00	2.3625E+00
4.2140E+03	0.0000E+00	0.0000E+00	2.3666E+00
4.2150E+03	0.0000E+00	0.0000E+00	2.3652E+00
4.2160E+03	0.0000E+00	0.0000E+00	2.3666E+00
4.2170E+03	0.0000E+00	0.0000E+00	2.3646E+00
4.2180E+03	0.0000E+00	0.0000E+00	2.3697E+00
4.2190E+03	0.0000E+00	0.0000E+00	2.3693E+00
4.2200E+03	0.0000E+00	0.0000E+00	2.3678E+00
4.2210E+03	0.0000E+00	0.0000E+00	2.3691E+00
4.2220E+03	0.0000E+00	0.0000E+00	2.3662E+00
4.2230E+03	0.0000E+00	0.0000E+00	2.3656E+00
4.2240E+03	0.0000E+00	0.0000E+00	2.3666E+00
4.2250E+03	0.0000E+00	0.0000E+00	2.3677E+00
4.2260E+03	0.0000E+00	0.0000E+00	2.3704E+00
4.2270E+03	0.0000E+00	0.0000E+00	2.3716E+00
4.2280E+03	0.0000E+00	0.0000E+00	2.3701E+00
4.2290E+03	0.0000E+00	0.0000E+00	2.3714E+00
4.2300E+03	0.0000E+00	0.0000E+00	2.3706E+00
4.2310E+03	0.0000E+00	0.0000E+00	2.3711E+00
4.2320E+03	0.0000E+00	0.0000E+00	2.3694E+00
4.2330E+03	0.0000E+00	0.0000E+00	2.3709E+00
4.2340E+03	0.0000E+00	0.0000E+00	2.3712E+00
4.2350E+03	0.0000E+00	0.0000E+00	2.3715E+00
4.2360E+03	0.0000E+00	0.0000E+00	2.3747E+00
4.2370E+03	0.0000E+00	0.0000E+00	2.3765E+00
4.2380E+03	0.0000E+00	0.0000E+00	2.3742E+00
4.2390E+03	0.0000E+00	0.0000E+00	2.3746E+00
4.2400E+03	0.0000E+00	0.0000E+00	2.3745E+00
4.2410E+03	0.0000E+00	0.0000E+00	2.3743E+00
4.2420E+03	0.0000E+00	0.0000E+00	2.3741E+00
4.2430E+03	0.0000E+00	0.0000E+00	2.3775E+00
4.2440E+03	0.0000E+00	0.0000E+00	2.3736E+00
4.2450E+03	0.0000E+00	0.0000E+00	2.3678E+00
4.2460E+03	0.0000E+00	0.0000E+00	2.3656E+00
4.2470E+03	0.0000E+00	0.0000E+00	2.3666E+00
4.2480E+03	0.0000E+00	0.0000E+00	2.3639E+00
4.2490E+03	0.0000E+00	0.0000E+00	2.3676E+00
4.2500E+03	0.0000E+00	0.0000E+00	2.3678E+00
4.2510E+03	0.0000E+00	0.0000E+00	2.3692E+00
4.2520E+03	0.0000E+00	0.0000E+00	2.3681E+00
4.2530E+03	0.0000E+00	0.0000E+00	2.3666E+00
4.2540E+03	0.0000E+00	0.0000E+00	2.3686E+00
4.2550E+03	0.0000E+00	0.0000E+00	2.3694E+00
4.2560E+03	0.0000E+00	0.0000E+00	2.3677E+00
4.2570E+03	0.0000E+00	0.0000E+00	2.3643E+00
4.2580E+03	0.0000E+00	0.0000E+00	2.3688E+00
4.2590E+03	0.0000E+00	0.0000E+00	2.3729E+00
4.2600E+03	0.0000E+00	0.0000E+00	2.3754E+00
4.2610E+03	0.0000E+00	0.0000E+00	2.3753E+00
4.2620E+03	0.0000E+00	0.0000E+00	2.3749E+00
4.2630E+03	0.0000E+00	0.0000E+00	2.3734E+00
4.2640E+03	0.0000E+00	0.0000E+00	2.3740E+00
4.2650E+03	0.0000E+00	0.0000E+00	2.3735E+00
4.2660E+03	0.0000E+00	0.0000E+00	2.3764E+00
4.2670E+03	0.0000E+00	0.0000E+00	2.3782E+00
4.2680E+03	0.0000E+00	0.0000E+00	2.3775E+00
4.2690E+03	0.0000E+00	0.0000E+00	2.3748E+00
4.2700E+03	0.0000E+00	0.0000E+00	2.3763E+00
4.2710E+03	0.0000E+00	0.0000E+00	2.3743E+00
4.2720E+03	0.0000E+00	0.0000E+00	2.3758E+00
4.2730E+03	0.0000E+00	0.0000E+00	2.3747E+00
4.2740E+03	0.0000E+00	0.0000E+00	2.3739E+00
4.2750E+03	0.0000E+00	0.0000E+00	2.3730E+00
4.2760E+03	0.0000E+00	0.0000E+00	2.3730E+00
4.2770E+03	0.0000E+00	0.0000E+00	2.3729E+00
4.2780E+03	0.0000E+00	0.0000E+00	2.3729E+00
4.2790E+03	0.0000E+00	0.0000E+00	2.3731E+00
4.2800E+03	0.0000E+00	0.0000E+00	2.3726E+00
4.2810E+03	0.0000E+00	0.0000E+00	2.3719E+00
4.2820E+03	0.0000E+00	0.0000E+00	2.3764E+00
4.2830E+03	0.0000E+00	0.0000E+00	2.3791E+00
4.2840E+03	0.0000E+00	0.0000E+00	2.3797E+00
4.2850E+03	0.0000E+00	0.0000E+00	2.3803E+00
4.2860E+03	0.0000E+00	0.0000E+00	2.3799E+00
4.2870E+03	0.0000E+00	0.0000E+00	2.3807E+00
4.2880E+03	0.0000E+00	0.0000E+00	2.3800E+00
4.2890E+03	0.0000E+00	0.0000E+00	2.3785E+00
4.2900E+03	0.0000E+00	0.0000E+00	2.3793E+00
4.2910E+03	0.0000E+00	0.0000E+00	2.3788E+00
4.2920E+03	0.0000E+00	0.0000E+00	2.3772E+00
4.2930E+03	0.0000E+00	0.0000E+00	2.3749E+00
4.2940E+03	0.0000E+00	0.0000E+00	2.3704E+00
4.2950E+03	0.0000E+00	0.0000E+00	2.3699E+00
4.2960E+03	0.0000E+00	0.0000E+00	2.3717E+00
4.2970E+03	0.0000E+00	0.0000E+00	2.3754E+00
4.2980E+03	0.0000E+00	0.0000E+00	2.3783E+00
4.2990E+03	0.0000E+00	0.0000E+00	2.3814E+00
4.3000E+03	0.0000E+00	0.0000E+00	2.3796E+00
4.3010E+03	0.0000E+00	0.0000E+00	2.3774E+00
4.3020E+03	0.0000E+00	0.0000E+00	2.3783E+00
4.3030E+03	0.0000E+00	0.0000E+00	2.3772E+00
4.3040E+03	0.0000E+00	0.0000E+00	2.3788E+00
4.3050E+03	0.0000E+00	0.0000E+00	2.3791E+00
4.3060E+03	0.0000E+00	0.0000E+00	2.3829E+00
4.3070E+03	0.0000E+00	0.0000E+00	2.3838E+00
4.3080E+03	0.0000E+00	0.0000E+00	2.3857E+00
4.3090E+03	0.0000E+00	0.0000E+00	2.3852E+00
4.3100E+03	0.0000E+00	0.0000E+00	2.3861E+00
4.3110E+03	0.0000E+00	0.0000E+00	2.3896E+00
4.3120E+03	0.0000E+00	0.0000E+00	2.3903E+00
4.3130E+03	0.0000E+00	0.0000E+00	2.3900E+00
4.3140E+03	0.0000E+00	0.0000E+00	2.3875E+00
4.3150E+03	0.0000E+00	0.0000E+00	2.3902E+00
4.3160E+03	0.0000E+00	0.0000E+00	2.3901E+00
4.3170E+03	0.0000E+00	0.0000E+00	2.3900E+00
4.3180E+03	0.0000E+00	0.0000E+00	2.3859E+00
4.3190E+03	0.0000E+00	0.0000E+00	2.3845E+00
4.3200E+03	0.0000E+00	0.0000E+00	2.3860E+00
4.3210E+03	0.0000E+00	0.0000E+00	2.3890E+00
4.3220E+03	0.0000E+00	0.0000E+00	2.3874E+00
4.3230E+03	0.0000E+00	0.0000E+00	2.3873E+00
4.3240E+03	0.0000E+00	0.0000E+00	2.3859E+00
4.3250E+03	0.0000E+00	0.0000E+00	2.3865E+00
4.3260E+03	0.0000E+00	0.0000E+00	2.3853E+00
4.3270E+03	0.0000E+00	0.0000E+00	2.3827E+00
4.3280E+03	0.0000E+00	0.0000E+00	2.3823E+00
4.3290E+03	0.0000E+00	0.0000E+00	2.3807E+00
4.3300E+03	0.0000E+00	0.0000E+00	2.3819E+00
4.3310E+03	0.0000E+00	0.0000E+00	2.3833E+00
4.3320E+03	0.0000E+00	0.0000E+00	2.3836E+00
4.3330E+03	0.0000E+00	0.0000E+00	2.3851E+00
4.3340E+03	0.0000E+00	0.0000E+00	2.3857E+00
4.3350E+03	0.0000E+00	0.0000E+00	2.3850E+00
4.3360E+03	0.0000E+00	0.0000E+00	2.3852E+00
4.3370E+03	0.0000E+00	0.0000E+00	2.3847E+00
4.3380E+03	0.0000E+00	0.0000E+00	2.3884E+00
4.3390E+03	0.0000E+00	0.0000E+00	2.3885E+00
4.3400E+03	0.0000E+00	0.0000E+00	2.3912E+00
4.3410E+03	0.0000E+00	0.0000E+00	2.3899E+00
4.3420E+03	0.0000E+00	0.0000E+00	2.3873E+00
4.3430E+03	0.0000E+00	0.0000E+00	2.3841E+00
4.3440E+03	0.0000E+00	0.0000E+00	2.3828E+00
4.3450E+03	0.0000E+00	0.0000E+00	2.3859E+00
4.3460E+03	0.0000E+00	0.0000E+00	2.3864E+00
4.3470E+03	0.0000E+00	0.0000E+00	2.3883E+00
4.3480E+03	0.0000E+00	0.0000E+00	2.3883E+00
4.3490E+03	0.0000E+00	0.0000E+00	2.3866E+00
4.3500E+03	0.0000E+00	0.0000E+00	2.3858E+00
4.3510E+03	0.0000E+00	0.0000E+00	2.3854E+00
4.3520E+03	0.0000E+00	0.0000E+00	2.3841E+00
4.3530E+03	0.0000E+00	0.0000E+00	2.3840E+00
4.3540E+03	0.0000E+00	0.0000E+00	2.3859E+00
4.3550E+03	0.0000E+00	0.0000E+00	2.3887E+00
4.3560E+03	0.0000E+00	0.0000E+00	2.3916E+00
4.3570E+03	0.0000E+00	0.0000E+00	2.3888E+00
4.3580E+03	0.0000E+00	0.0000E+00	2.3898E+00
4.3590E+03	0.0000E+00	0.0000E+00	2.3911E+00
4.3600E+03	0.0000E+00	0.0000E+00	2.3902E+00
4.3610E+03	0.0000E+00	0.0000E+00	2.3896E+00
4.3620E+03	0.0000E+00	0.0000E+00	2.3914E+00
4.3630E+03	0.0000E+00	0.0000E+00	2.3909E+00
4.3640E+03	0.0000E+00	0.0000E+00	2.3919E+00
4.3650E+03	0.0000E+00	0.0000E+00	2.3910E+00
4.3660E+03	0.0000E+00	0.0000E+00	2.3890E+00
4.3670E+03	0.0000E+00	0.0000E+00	2.3910E+00
4.3680E+03	0.0000E+00	0.0000E+00	2.3853E+00
4.3690E+03	0.0000E+00	0.0000E+00	2.3810E+00
4.3700E+03	0.0000E+00	0.0000E+00	2.3842E+00
4.3710E+03	0.0000E+00	0.0000E+00	2.3847E+00
4.3720E+03	0.0000E+00	0.0000E+00	2.3868E+00
4.3730E+03	0.0000E+00	0.0000E+00	2.3891E+00
4.3740E+03	0.0000E+00	0.0000E+00	2.3896E+00
4.3750E+03	0.0000E+00	0.0000E+00	2.3907E+00
4.3760E+03	0.0000E+00	0.0000E+00	2.3914E+00
4.3770E+03	0.0000E+00	0.0000E+00	2.3893E+00
4.3780E+03	0.0000E+00	0.0000E+00	2.3894E+00
4.3790E+03	0.0000E+00	0.0000E+00	2.3886E+00
4.3800E+03	0.0000E+00	0.0000E+00	2.3908E+00
4.3810E+03	0.0000E+00	0.0000E+00	2.3909E+00
4.3820E+03	0.0000E+00	0.0000E+00	2.3942E+00
4.3830E+03	0.0000E+00	0.0000E+00	2.4188E+00
4.3840E+03	0.0000E+00	0.0000E+00	2.4053E+00
4.3850E+03	0.0000E+00	0.0000E+00	2.3978E+00
4.3860E+03	0.0000E+00	0.0000E+00	2.3978E+00
4.3870E+03	0.0000E+00	0.0000E+00	2.3972E+00
4.3880E+03	0.0000E+00	0.0000E+00	2.4000E+00
4.3890E+03	0.0000E+00	0.0000E+00	2.4011E+00
4.3900E+03	0.0000E+00	0.0000E+00	2.3995E+00
4.3910E+03	0.0000E+00	0.0000E+00	2.3995E+00
4.3920E+03	0.0000E+00	0.0000E+00	2.3998E+00
4.3930E+03	0.0000E+00	0.0000E+00	2.4012E+00
4.3940E+03	0.0000E+00	0.0000E+00	2.4015E+00
4.3950E+03	0.0000E+00	0.0000E+00	2.4000E+00
4.3960E+03	0.0000E+00	0.0000E+00	2.4020E+00
4.3970E+03	0.0000E+00	0.0000E+00	2.4005E+00
4.3980E+03	0.0000E+00	0.0000E+00	2.3985E+00
4.3990E+03	0.0000E+00	0.0000E+00	2.3989E+00
4.4000E+03	0.0000E+00	0.0000E+00	2.3983E+00
4.4010E+03	0.0000E+00	0.0000E+00	2.3990E+00
4.4020E+03	0.0000E+00	0.0000E+00	2.4000E+00
4.4030E+03	0.0000E+00	0.0000E+00	2.4047E+00
4.4040E+03	0.0000E+00	0.0000E+00	2.4084E+00
4.4050E+03	0.0000E+00	0.0000E+00	2.4093E+00
4.4060E+03	0.0000E+00	0.0000E+00	2.4068E+00
4.4070E+03	0.0000E+00	0.0000E+00	2.4054E+00
4.4080E+03	0.0000E+00	0.0000E+00	2.4073E+00
4.4090E+03	0.0000E+00	0.0000E+00	2.4089E+00
4.4100E+03	0.0000E+00	0.0000E+00	2.4133E+00
4.4110E+03	0.0000E+00	0.0000E+00	2.4136E+00
4.4120E+03	0.0000E+00	0.0000E+00	2.4168E+00
4.4130E+03	0.0000E+00	0.0000E+00	2.4212E+00
4.4140E+03	0.0000E+00	0.0000E+00	2.4223E+00
4.4150E+03	0.0000E+00	0.0000E+00	2.4276E+00
4.4160E+03	0.0000E+00	0.0000E+00	2.4343E+00
4.4170E+03	0.0000E+00	0.0000E+00	2.4409E+00
4.4180E+03	0.0000E+00	0.0000E+00	2.4368E+00
4.4190E+03	0.0000E+00	0.0000E+00	2.4342E+00
4.4200E+03	0.0000E+00	0.0000E+00	2.4306E+00
4.4210E+03	0.0000E+00	0.0000E+00	2.4264E+00
4.4220E+03	0.0000E+00	0.0000E+00	2.4234E+00
4.4230E+03	0.0000E+00	0.0000E+00	2.4242E+00
4.4240E+03	0.0000E+00	0.0000E+00	2.4222E+00
4.4250E+03	0.0000E+00	0.0000E+00	2.4200E+00
4.4260E+03	0.0000E+00	0.0000E+00	2.4201E+00
4.4270E+03	0.0000E+00	0.0000E+00	2.4231E+00
4.4280E+03	0.0000E+00	0.0000E+00	2.4240E+00
4.4290E+03	0.0000E+00	0.0000E+00	2.3235E+00
4.4300E+03	0.0000E+00	0.0000E+00	1.9974E+00
4.4310E+03	0.0000E+00	0.0000E+00	2.0186E+00
4.4320E+03	0.0000E+00	0.0000E+00	2.0215E+00
4.4330E+03	0.0000E+00	0.0000E+00	2.0461E+00
4.4340E+03	0.0000E+00	0.0000E+00	2.0731E+00
4.4350E+03	0.0000E+00	0.0000E+00	2.0792E+00
4.4360E+03	0.0000E+00	0.0000E+00	2.0756E+00
4.4370E+03	0.0000E+00	0.0000E+00	2.0671E+00
4.4380E+03	0.0000E+00	0.0000E+00	2.0519E+00
4.4390E+03	0.0000E+00	0.0000E+00	2.0380E+00
4.4400E+03	0.0000E+00	0.0000E+00	2.0264E+00
4.4410E+03	0.0000E+00	0.0000E+00	2.0132E+00
4.4420E+03	0.0000E+00	0.0000E+00	2.0044E+00
4.4430E+03	0.0000E+00	0.0000E+00	1.9966E+00
4.4440E+03	0.0000E+00	0.0000E+00	1.9878E+00
4.4450E+03	0.0000E+00	0.0000E+00	1.9792E+00
4.4460E+03	0.0000E+00	0.0000E+00	1.9736E+00
4.4470E+03	0.0000E+00	0.0000E+00	1.9687E+00
4.4480E+03	0.0000E+00	0.0000E+00	1.9627E+00
4.4490E+03	0.0000E+00	0.0000E+00	1.9545E+00
4.4500E+03	0.0000E+00	0.0000E+00	1.9516E+00
4.4510E+03	0.0000E+00	0.0000E+00	1.9461E+00
4.4520E+03	0.0000E+00	0.0000E+00	1.9462E+00
4.4530E+03	0.0000E+00	0.0000E+00	1.9461E+00
4.4540E+03	0.0000E+00	0.0000E+00	1.9469E+00
4.4550E+03	0.0000E+00	0.0000E+00	1.9356E+00
4.4560E+03	0.0000E+00	0.0000E+00	1.9336E+00
4.4570E+03	0.0000E+00	0.0000E+00	1.9330E+00
4.4580E+03	0.0000E+00	0.0000E+00	1.9298E+00
4.4590E+03	0.0000E+00	0.0000E+00	1.9320E+00
4.4600E+03	0.0000E+00	0.0000E+00	1.9253E+00
4.4610E+03	0.0000E+00	0.0000E+00	1.9244E+00
4.4620E+03	0.0000E+00	0.0000E+00	1.9205E+00
4.4630E+03	0.0000E+00	0.0000E+00	1.9184E+00
4.4640E+03	0.0000E+00	0.0000E+00	1.9154E+00
4.4650E+03	0.0000E+00	0.0000E+00	1.9146E+00
4.4660E+03	0.0000E+00	0.0000E+00	1.9138E+00
4.4670E+03	0.0000E+00	0.0000E+00	1.9143E+00
4.4680E+03	0.0000E+00	0.0000E+00	1.9116E+00
4.4690E+03	0.0000E+00	0.0000E+00	1.9094E+00
4.4700E+03	0.0000E+00	0.0000E+00	1.9088E+00
4.4710E+03	0.0000E+00	0.0000E+00	1.9077E+00
4.4720E+03	0.0000E+00	0.0000E+00	1.9077E+00
4.4730E+03	0.0000E+00	0.0000E+00	1.9054E+00
4.4740E+03	0.0000E+00	0.0000E+00	1.9023E+00
4.4750E+03	0.0000E+00	0.0000E+00	1.8982E+00
4.4760E+03	0.0000E+00	0.0000E+00	1.8980E+00
4.4770E+03	0.0000E+00	0.0000E+00	1.8983E+00
4.4780E+03	0.0000E+00	0.0000E+00	1.8967E+00
4.4790E+03	0.0000E+00	0.0000E+00	1.8944E+00
4.4800E+03	0.0000E+00	0.0000E+00	1.8920E+00
4.4810E+03	0.0000E+00	0.0000E+00	1.8912E+00
4.4820E+03	0.0000E+00	0.0000E+00	1.8885E+00
4.4830E+03	0.0000E+00	0.0000E+00	1.8881E+00
4.4840E+03	0.0000E+00	0.0000E+00	1.8885E+00
4.4850E+03	0.0000E+00	0.0000E+00	1.8901E+00
4.4860E+03	0.0000E+00	0.0000E+00	1.8869E+00
4.4870E+03	0.0000E+00	0.0000E+00	1.8861E+00
4.4880E+03	0.0000E+00	0.0000E+00	1.8840E+00
4.4890E+03	0.0000E+00	0.0000E+00	1.8836E+00
4.4900E+03	0.0000E+00	0.0000E+00	1.8834E+00
4.4910E+03	0.0000E+00	0.0000E+00	1.8824E+00
4.4920E+03	0.0000E+00	0.0000E+00	1.8814E+00
4.4930E+03	0.0000E+00	0.0000E+00	1.8840E+00
4.4940E+03	0.0000E+00	0.0000E+00	1.8831E+00
4.4950E+03	0.0000E+00	0.0000E+00	1.8810E+00
4.4960E+03	0.0000E+00	0.0000E+00	1.8799E+00
4.4970E+03	0.0000E+00	0.0000E+00	1.8803E+00
4.4980E+03	0.0000E+00	0.0000E+00	1.8806E+00
4.4990E+03	0.0000E+00	0.0000E+00	1.8792E+00
4.5000E+03	0.0000E+00	0.0000E+00	1.8774E+00
4.5010E+03	0.0000E+00	0.0000E+00	1.8765E+00
4.5020E+03	0.0000E+00	0.0000E+00	1.8750E+00
4.5030E+03	0.0000E+00	0.0000E+00	1.8751E+00
4.5040E+03	0.0000E+00	0.0000E+00	1.8754E+00
4.5050E+03	0.0000E+00	0.0000E+00	1.8723E+00
4.5060E+03	0.0000E+00	0.0000E+00	1.8736E+00
4.5070E+03	0.0000E+00	0.0000E+00	1.8722E+00
4.5080E+03	0.0000E+00	0.0000E+00	1.8704E+00
4.5090E+03	0.0000E+00	0.0000E+00	1.8699E+00
4.5100E+03	0.0000E+00	0.0000E+00	1.8704E+00
4.5110E+03	0.0000E+00	0.0000E+00	1.8688E+00
4.5120E+03	0.0000E+00	0.0000E+00	1.8680E+00
4.5130E+03	0.0000E+00	0.0000E+00	1.8670E+00
4.5140E+03	0.0000E+00	0.0000E+00	1.8667E+00
4.5150E+03	0.0000E+00	0.0000E+00	1.8677E+00
4.5160E+03	0.0000E+00	0.0000E+00	1.8649E+00
4.5170E+03	0.0000E+00	0.0000E+00	1.8652E+00
4.5180E+03	0.0000E+00	0.0000E+00	1.8649E+00
4.5190E+03	0.0000E+00	0.0000E+00	1.8634E+00
4.5200E+03	0.0000E+00	0.0000E+00	1.8617E+00
4.5210E+03	0.0000E+00	0.0000E+00	1.8673E+00
4.5220E+03	0.0000E+00	0.0000E+00	1.8635E+00
4.5230E+03	0.0000E+00	0.0000E+00	1.8644E+00
4.5240E+03	0.0000E+00	0.0000E+00	1.8655E+00
4.5250E+03	0.0000E+00	0.0000E+00	1.8637E+00
4.5260E+03	0.0000E+00	0.0000E+00	1.8626E+00
4.5270E+03	0.0000E+00	0.0000E+00	1.8626E+00
4.5280E+03	0.0000E+00	0.0000E+00	1.8644E+00
4.5290E+03	0.0000E+00	0.0000E+00	1.8616E+00
4.5300E+03	0.0000E+00	0.0000E+00	1.8602E+00
4.5310E+03	0.0000E+00	0.0000E+00	1.8577E+00
4.5320E+03	0.0000E+00	0.0000E+00	1.8577E+00
4.5330E+03	0.0000E+00	0.0000E+00	1.8592E+00
4.5340E+03	0.0000E+00	0.0000E+00	1.8592E+00
4.5350E+03	0.0000E+00	0.0000E+00	1.8597E+00
4.5360E+03	0.0000E+00	0.0000E+00	1.8583E+00
4.5370E+03	0.0000E+00	0.0000E+00	1.8612E+00
4.5380E+03	0.0000E+00	0.0000E+00	1.8591E+00
4.5390E+03	0.0000E+00	0.0000E+00	1.8592E+00
4.5400E+03	0.0000E+00	0.0000E+00	1.8575E+00
4.5410E+03	0.0000E+00	0.0000E+00	1.8568E+00
4.5420E+03	0.0000E+00	0.0000E+00	1.8570E+00
4.5430E+03	0.0000E+00	0.0000E+00	1.8579E+00
4.5440E+03	0.0000E+00	0.0000E+00	1.8565E+00
4.5450E+03	0.0000E+00	0.0000E+00	1.8575E+00
4.5460E+03	0.0000E+00	0.0000E+00	1.8595E+00
4.5470E+03	0.0000E+00	0.0000E+00	1.8607E+00
4.5480E+03	0.0000E+00	0.0000E+00	1.8603E+00
4.5490E+03	0.0000E+00	0.0000E+00	1.8607E+00
4.5500E+03	0.0000E+00	0.0000E+00	1.8571E+00
4.5510E+03	0.0000E+00	0.0000E+00	1.8612E+00
4.5520E+03	0.0000E+00	0.0000E+00	1.8607E+00
4.5530E+03	0.0000E+00	0.0000E+00	1.8576E+00
4.5540E+03	0.0000E+00	0.0000E+00	1.8583E+00
4.5550E+03	0.0000E+00	0.0000E+00	1.8583E+00
4.5560E+03	0.0000E+00	0.0000E+00	1.8565E+00
4.5570E+03	0.0000E+00	0.0000E+00	1.8576E+00
4.5580E+03	0.0000E+00	0.0000E+00	1.8581E+00
4.5590E+03	0.0000E+00	0.0000E+00	1.8561E+00
4.5600E+03	0.0000E+00	0.0000E+00	1.8543E+00
4.5610E+03	0.0000E+00	0.0000E+00	1.8544E+00
4.5620E+03	0.0000E+00	0.0000E+00	1.8533E+00
4.5630E+03	0.0000E+00	0.0000E+00	1.8527E+00
4.5640E+03	0.0000E+00	0.0000E+00	1.8518E+00
4.5650E+03	0.0000E+00	0.0000E+00	1.8511E+00
4.5660E+03	0.0000E+00	0.0000E+00	1.8518E+00
4.5670E+03	0.0000E+00	0.0000E+00	1.8501E+00
4.5680E+03	0.0000E+00	0.0000E+00	1.8484E+00
4.5690E+03	0.0000E+00	0.0000E+00	1.8513E+00
4.5700E+03	0.0000E+00	0.0000E+00	1.8516E+00
4.5710E+03	0.0000E+00	0.0000E+00	1.8511E+00
4.5720E+03	0.0000E+00	0.0000E+00	1.8508E+00
4.5730E+03	0.0000E+00	0.0000E+00	1.8540E+00
4.5740E+03	0.0000E+00	0.0000E+00	1.8562E+00
4.5750E+03	0.0000E+00	0.0000E+00	1.8536E+00
4.5760E+03	0.0000E+00	0.0000E+00	1.8532E+00
4.5770E+03	0.0000E+00	0.0000E+00	1.8542E+00
4.5780E+03	0.0000E+00	0.0000E+00	1.8537E+00
4.5790E+03	0.0000E+00	0.0000E+00	1.8515E+00
4.5800E+03	0.0000E+00	0.0000E+00	1.8476E+00
4.5810E+03	0.0000E+00	0.0000E+00	1.8513E+00
4.5820E+03	0.0000E+00	0.0000E+00	1.8540E+00
4.5830E+03	0.0000E+00	0.0000E+00	1.8537E+00
4.5840E+03	0.0000E+00	0.0000E+00	1.8511E+00
4.5850E+03	0.0000E+00	0.0000E+00	1.8477E+00
4.5860E+03	0.0000E+00	0.0000E+00	1.8487E+00
4.5870E+03	0.0000E+00	0.0000E+00	1.8506E+00
4.5880E+03	0.0000E+00	0.0000E+00	1.8488E+00
4.5890E+03	0.0000E+00	0.0000E+00	1.8490E+00
4.5900E+03	0.0000E+00	0.0000E+00	1.8529E+00
4.5910E+03	0.0000E+00	0.0000E+00	1.8561E+00
4.5920E+03	0.0000E+00	0.0000E+00	1.8612E+00
4.5930E+03	0.0000E+00	0.0000E+00	1.8656E+00
4.5940E+03	0.0000E+00	0.0000E+00	1.8622E+00
4.5950E+03	0.0000E+00	0.0000E+00	1.8653E+00
4.5960E+03	0.0000E+00	0.0000E+00	1.8650E+00
4.5970E+03	0.0000E+00	0.0000E+00	1.8671E+00
4.5980E+03	0.0000E+00	0.0000E+00	1.8633E+00
4.5990E+03	0.0000E+00	0.0000E+00	1.8630E+00
4.6000E+03	0.0000E+00	0.0000E+00	1.8671E+00
4.6010E+03	0.0000E+00	0.0000E+00	1.8690E+00
4.6020E+03	0.0000E+00	0.0000E+00	1.8645E+00
4.6030E+03	0.0000E+00	0.0000E+00	1.8626E+00
4.6040E+03	0.0000E+00	0.0000E+00	1.8579E+00
4.6050E+03	0.0000E+00	0.0000E+00	1.8554E+00
4.6060E+03	0.0000E+00	0.0000E+00	1.8573E+00
4.6070E+03	0.0000E+00	0.0000E+00	1.8551E+00
4.6080E+03	0.0000E+00	0.0000E+00	1.8532E+00
4.6090E+03	0.0000E+00	0.0000E+00	1.8526E+00
4.6100E+03	0.0000E+00	0.0000E+00	1.8517E+00
4.6110E+03	0.0000E+00	0.0000E+00	1.8552E+00
4.6120E+03	0.0000E+00	0.0000E+00	1.8574E+00
4.6130E+03	0.0000E+00	0.0000E+00	1.8588E+00
4.6140E+03	0.0000E+00	0.0000E+00	1.8578E+00
4.6150E+03	0.0000E+00	0.0000E+00	1.8578E+00
4.6160E+03	0.0000E+00	0.0000E+00	1.8598E+00
4.6170E+03	0.0000E+00	0.0000E+00	1.8605E+00
4.6180E+03	0.0000E+00	0.0000E+00	1.8641E+00
4.6190E+03	0.0000E+00	0.0000E+00	1.8669E+00
4.6200E+03	0.0000E+00	0.0000E+00	1.8703E+00
4.6210E+03	0.0000E+00	0.0000E+00	1.8693E+00
4.6220E+03	0.0000E+00	0.0000E+00	1.8719E+00
4.6230E+03	0.0000E+00	0.0000E+00	1.8733E+00
4.6240E+03	0.0000E+00	0.0000E+00	1.8722E+00
4.6250E+03	0.0000E+00	0.0000E+00	1.8734E+00
4.6260E+03	0.0000E+00	0.0000E+00	1.8736E+00
4.6270E+03	0.0000E+00	0.0000E+00	1.8728E+00
4.6280E+03	0.0000E+00	0.0000E+00	1.8712E+00
4.6290E+03	0.0000E+00	0.0000E+00	1.8718E+00
4.6300E+03	0.0000E+00	0.0000E+00	1.8703E+00
4.6310E+03	0.0000E+00	0.0000E+00	1.8701E+00
4.6320E+03	0.0000E+00	0.0000E+00	1.8656E+00
4.6330E+03	0.0000E+00	0.0000E+00	1.8692E+00
4.6340E+03	0.0000E+00	0.0000E+00	1.8640E+00
4.6350E+03	0.0000E+00	0.0000E+00	1.8620E+00
4.6360E+03	0.0000E+00	0.0000E+00	1.8639E+00
4.6370E+03	0.0000E+00	0.0000E+00	1.8630E+00
4.6380E+03	0.0000E+00	0.0000E+00	1.8617E+00
4.6390E+03	0.0000E+00	0.0000E+00	1.8625E+00
4.6400E+03	0.0000E+00	0.0000E+00	1.8620E+00
4.6410E+03	0.0000E+00	0.0000E+00	1.8627E+00
4.6420E+03	0.0000E+00	0.0000E+00	1.8589E+00
4.6430E+03	0.0000E+00	0.0000E+00	1.8599E+00
4.6440E+03	0.0000E+00	0.0000E+00	1.8624E+00
4.6450E+03	0.0000E+00	0.0000E+00	1.8615E+00
4.6460E+03	0.0000E+00	0.0000E+00	1.8608E+00
4.6470E+03	0.0000E+00	0.0000E+00	1.8648E+00
4.6480E+03	0.0000E+00	0.0000E+00	1.8660E+00
4.6490E+03	0.0000E+00	0.0000E+00	1.8629E+00
4.6500E+03	0.0000E+00	0.0000E+00	1.8632E+00
4.6510E+03	0.0000E+00	0.0000E+00	1.8652E+00
4.6520E+03	0.0000E+00	0.0000E+00	1.8631E+00
4.6530E+03	0.0000E+00	0.0000E+00	1.8628E+00
4.6540E+03	0.0000E+00	0.0000E+00	1.8603E+00
4.6550E+03	0.0000E+00	0.0000E+00	1.8610E+00
4.6560E+03	0.0000E+00	0.0000E+00	1.8562E+00
4.6570E+03	0.0000E+00	0.0000E+00	1.8563E+00
4.6580E+03	0.0000E+00	0.0000E+00	1.8550E+00
4.6590E+03	0.0000E+00	0.0000E+00	1.8546E+00
4.6600E+03	0.0000E+00	0.0000E+00	1.8523E+00
4.6610E+03	0.0000E+00	0.0000E+00	1.8514E+00
4.6620E+03	0.0000E+00	0.0000E+00	1.8491E+00
4.6630E+03	0.0000E+00	0.0000E+00	1.8487E+00
4.6640E+03	0.0000E+00	0.0000E+00	1.8525E+00
4.6650E+03	0.0000E+00	0.0000E+00	1.8535E+00
4.6660E+03	0.0000E+00	0.0000E+00	1.8476E+00
4.6670E+03	0.0000E+00	0.0000E+00	1.8385E+00
4.6680E+03	0.0000E+00	0.0000E+00	1.8390E+00
4.6690E+03	0.0000E+00	0.0000E+00	1.8427E+00
4.6700E+03	0.0000E+00	0.0000E+00	1.8554E+00
4.6710E+03	0.0000E+00	0.0000E+00	1.8593E+00
4.6720E+03	0.0000E+00	0.0000E+00	1.8541E+00
4.6730E+03	0.0000E+00	0.0000E+00	1.8590E+00
4.6740E+03	0.0000E+00	0.0000E+00	1.8775E+00
4.6750E+03	0.0000E+00	0.0000E+00	1.8688E+00
4.6760E+03	0.0000E+00	0.0000E+00	1.8680E+00
4.6770E+03	0.0000E+00	0.0000E+00	1.8657E+00
4.6780E+03	0.0000E+00	0.0000E+00	1.8651E+00
4.6790E+03	0.0000E+00	0.0000E+00	1.8693E+00
4.6800E+03	0.0000E+00	0.0000E+00	1.8722E+00
4.6810E+03	0.0000E+00	0.0000E+00	1.8706E+00
4.6820E+03	0.0000E+00	0.0000E+00	1.8702E+00
4.6830E+03	0.0000E+00	0.0000E+00	1.8701E+00
4.6840E+03	0.0000E+00	0.0000E+00	1.8694E+00
4.6850E+03	0.0000E+00	0.0000E+00	1.8696E+00
4.6860E+03	0.0000E+00	0.0000E+00	1.8702E+00
4.6870E+03	0.0000E+00	0.0000E+00	1.8671E+00
4.6880E+03	0.0000E+00	0.0000E+00	1.8663E+00
4.6890E+03	0.0000E+00	0.0000E+00	1.8668E+00
4.6900E+03	0.0000E+00	0.0000E+00	1.8669E+00
4.6910E+03	0.0000E+00	0.0000E+00	1.8648E+00
4.6920E+03	0.0000E+00	0.0000E+00	1.8663E+00
4.6930E+03	0.0000E+00	0.0000E+00	1.8617E+00
4.6940E+03	0.0000E+00	0.0000E+00	1.8637E+00
4.6950E+03	0.0000E+00	0.0000E+00	1.8631E+00
4.6960E+03	0.0000E+00	0.0000E+00	1.8629E+00
4.6970E+03	0.0000E+00	0.0000E+00	1.8611E+00
4.6980E+03	0.0000E+00	0.0000E+00	1.8607E+00
4.6990E+03	0.0000E+00	0.0000E+00	1.8628E+00
4.7000E+03	0.0000E+00	0.0000E+00	1.8582E+00
4.7010E+03	0.0000E+00	0.0000E+00	1.8570E+00
4.7020E+03	0.0000E+00	0.0000E+00	1.8566E+00
4.7030E+03	0.0000E+00	0.0000E+00	1.8536E+00
4.7040E+03	0.0000E+00	0.0000E+00	1.8518E+00
4.7050E+03	0.0000E+00	0.0000E+00	1.8478E+00
4.7060E+03	0.0000E+00	0.0000E+00	1.8452E+00
4.7070E+03	0.0000E+00	0.0000E+00	1.8453E+00
4.7080E+03	0.0000E+00	0.0000E+00	1.8422E+00
4.7090E+03	0.0000E+00	0.0000E+00	1.8391E+00
4.7100E+03	0.0000E+00	0.0000E+00	1.8341E+00
4.7110E+03	0.0000E+00	0.0000E+00	1.8115E+00
4.7120E+03	0.0000E+00	0.0000E+00	1.7935E+00
4.7130E+03	0.0000E+00	0.0000E+00	1.7871E+00
4.7140E+03	0.0000E+00	0.0000E+00	1.7808E+00
4.7150E+03	0.0000E+00	0.0000E+00	1.7808E+00
4.7160E+03	0.0000E+00	0.0000E+00	1.8021E+00
4.7170E+03	0.0000E+00	0.0000E+00	1.8559E+00
4.7180E+03	0.0000E+00	0.0000E+00	1.8546E+00
4.7190E+03	0.0000E+00	0.0000E+00	1.8499E+00
4.7200E+03	0.0000E+00	0.0000E+00	1.8395E+00
4.7210E+03	0.0000E+00	0.0000E+00	1.8288E+00
4.7220E+03	0.0000E+00	0.0000E+00	1.8597E+00
4.7230E+03	0.0000E+00	0.0000E+00	1.8630E+00
4.7240E+03	0.0000E+00	0.0000E+00	1.8555E+00
4.7250E+03	0.0000E+00	0.0000E+00	1.8510E+00
4.7260E+03	0.0000E+00	0.0000E+00	1.8524E+00
4.7270E+03	0.0000E+00	0.0000E+00	1.8516E+00
4.7280E+03	0.0000E+00	0.0000E+00	1.8452E+00
4.7290E+03	0.0000E+00	0.0000E+00	1.8487E+00
4.7300E+03	0.0000E+00	0.0000E+00	1.8319E+00
4.7310E+03	0.0000E+00	0.0000E+00	1.8105E+00
4.7320E+03	0.0000E+00	0.0000E+00	1.7908E+00
4.7330E+03	0.0000E+00	0.0000E+00	1.7768E+00
4.7340E+03	0.0000E+00	0.0000E+00	1.7508E+00
4.7350E+03	0.0000E+00	0.0000E+00	1.7333E+00
4.7360E+03	0.0000E+00	0.0000E+00	1.7254E+00
4.7370E+03	0.0000E+00	0.0000E+00	1.7623E+00
4.7380E+03	0.0000E+00	0.0000E+00	1.7854E+00
4.7390E+03	0.0000E+00	0.0000E+00	1.8523E+00
4.7400E+03	0.0000E+00	0.0000E+00	1.8527E+00
4.7410E+03	0.0000E+00	0.0000E+00	1.8702E+00
4.7420E+03	0.0000E+00	0.0000E+00	1.8657E+00
4.7430E+03	0.0000E+00	0.0000E+00	1.8626E+00
4.7440E+03	0.0000E+00	0.0000E+00	1.8629E+00
4.7450E+03	0.0000E+00	0.0000E+00	1.8858E+00
4.7460E+03	0.0000E+00	0.0000E+00	1.8976E+00
4.7470E+03	0.0000E+00	0.0000E+00	1.8831E+00
4.7480E+03	0.0000E+00	0.0000E+00	1.8747E+00
4.7490E+03	0.0000E+00	0.0000E+00	1.8714E+00
4.7500E+03	0.0000E+00	0.0000E+00	1.8672E+00
4.7510E+03	0.0000E+00	0.0000E+00	1.8663E+00
4.7520E+03	0.0000E+00	0.0000E+00	1.8630E+00
4.7530E+03	0.0000E+00	0.0000E+00	1.8594E+00
4.7540E+03	0.0000E+00	0.0000E+00	1.8577E+00
4.7550E+03	0.0000E+00	0.0000E+00	1.8509E+00
4.7560E+03	0.0000E+00	0.0000E+00	1.8378E+00
4.7570E+03	0.0000E+00	0.0000E+00	1.8265E+00
4.7580E+03	0.0000E+00	0.0000E+00	1.8141E+00
4.7590E+03	0.0000E+00	0.0000E+00	1.7973E+00
4.7600E+03	0.0000E+00	0.0000E+00	1.7844E+00
4.7610E+03	0.0000E+00	0.0000E+00	1.7776E+00
4.7620E+03	0.0000E+00	0.0000E+00	1.7717E+00
4.7630E+03	0.0000E+00	0.0000E+00	1.7918E+00
4.7640E+03	0.0000E+00	0.0000E+00	1.8326E+00
4.7650E+03	0.0000E+00	0.0000E+00	1.9050E+00
4.7660E+03	0.0000E+00	0.0000E+00	1.8822E+00
4.7670E+03	0.0000E+00	0.0000E+00	1.8717E+00
4.7680E+03	0.0000E+00	0.0000E+00	1.8771E+00
4.7690E+03	0.0000E+00	0.0000E+00	1.8865E+00
4.7700E+03	0.0000E+00	0.0000E+00	1.8805E+00
4.7710E+03	0.0000E+00	0.0000E+00	1.8688E+00
4.7720E+03	0.0000E+00	0.0000E+00	1.8605E+00
4.7730E+03	0.0000E+00	0.0000E+00	1.8574E+00
4.7740E+03	0.0000E+00	0.0000E+00	1.8514E+00
4.7750E+03	0.0000E+00	0.0000E+00	1.8495E+00
4.7760E+03	0.0000E+00	0.0000E+00	1.8501E+00
4.7770E+03	0.0000E+00	0.0000E+00	1.8504E+00
4.7780E+03	0.0000E+00	0.0000E+00	1.8503E+00
4.7790E+03	0.0000E+00	0.0000E+00	1.8475E+00
4.7800E+03	0.0000E+00	0.0000E+00	1.8466E+00
4.7810E+03	0.0000E+00	0.0000E+00	1.8458E+00
4.7820E+03	0.0000E+00	0.0000E+00	1.8445E+00
4.7830E+03	0.0000E+00	0.0000E+00	1.8432E+00
4.7840E+03	0.0000E+00	0.0000E+00	1.8460E+00
4.7850E+03	0.0000E+00	0.0000E+00	1.8454E+00
4.7860E+03	0.0000E+00	0.0000E+00	1.8458E+00
4.7870E+03	0.0000E+00	0.0000E+00	1.8456E+00
4.7880E+03	0.0000E+00	0.0000E+00	1.8460E+00
4.7890E+03	0.0000E+00	0.0000E+00	1.8440E+00
4.7900E+03	0.0000E+00	0.0000E+00	1.8450E+00
4.7910E+03	0.0000E+00	0.0000E+00	1.8475E+00
4.7920E+03	0.0000E+00	0.0000E+00	1.8447E+00
4.7930E+03	0.0000E+00	0.0000E+00	1.8428E+00
4.7940E+03	0.0000E+00	0.0000E+00	1.8407E+00
4.7950E+03	0.0000E+00	0.0000E+00	1.8448E+00
4.7960E+03	0.0000E+00	0.0000E+00	1.8438E+00
4.7970E+03	0.0000E+00	0.0000E+00	1.8447E+00
4.7980E+03	0.0000E+00	0.0000E+00	1.8423E+00
4.7990E+03	0.0000E+00	0.0000E+00	1.8425E+00
4.8000E+03	0.0000E+00	0.0000E+00	1.8411E+00
4.8010E+03	0.0000E+00	0.0000E+00	1.8412E+00
4.8020E+03	0.0000E+00	0.0000E+00	1.8405E+00
4.8030E+03	0.0000E+00	0.0000E+00	1.8405E+00
4.8040E+03	0.0000E+00	0.0000E+00	1.8424E+00
4.8050E+03	0.0000E+00	0.0000E+00	1.8399E+00
4.8060E+03	0.0000E+00	0.0000E+00	1.8397E+00
4.8070E+03	0.0000E+00	0.0000E+00	1.8389E+00
4.8080E+03	0.0000E+00	0.0000E+00	1.8395E+00
4.8090E+03	0.0000E+00	0.0000E+00	1.8415E+00
4.8100E+03	0.0000E+00	0.0000E+00	1.8436E+00
4.8110E+03	0.0000E+00	0.0000E+00	1.8440E+00
4.8120E+03	0.0000E+00	0.0000E+00	1.8448E+00
4.8130E+03	0.0000E+00	0.0000E+00	1.8447E+00
4.8140E+03	0.0000E+00	0.0000E+00	1.8445E+00
4.8150E+03	0.0000E+00	0.0000E+00	1.8458E+00
4.8160E+03	0.0000E+00	0.0000E+00	1.8461E+00
4.8170E+03	0.0000E+00	0.0000E+00	1.8454E+00
4.8180E+03	0.0000E+00	0.0000E+00	1.8424E+00
4.8190E+03	0.0000E+00	0.0000E+00	1.8391E+00
4.8200E+03	0.0000E+00	0.0000E+00	1.8392E+00
4.8210E+03	0.0000E+00	0.0000E+00	1.8378E+00
4.8220E+03	0.0000E+00	0.0000E+00	1.8388E+00
4.8230E+03	0.0000E+00	0.0000E+00	1.8376E+00
4.8240E+03	0.0000E+00	0.0000E+00	1.8383E+00
4.8250E+03	0.0000E+00	0.0000E+00	1.8406E+00
4.8260E+03	0.0000E+00	0.0000E+00	1.8382E+00
4.8270E+03	0.0000E+00	0.0000E+00	1.8410E+00
4.8280E+03	0.0000E+00	0.0000E+00	1.8420E+00
4.8290E+03	0.0000E+00	0.0000E+00	1.8419E+00
4.8300E+03	0.0000E+00	0.0000E+00	1.8409E+00
4.8310E+03	0.0000E+00	0.0000E+00	1.8380E+00
4.8320E+03	0.0000E+00	0.0000E+00	1.8408E+00
4.8330E+03	0.0000E+00	0.0000E+00	1.8458E+00
4.8340E+03	0.0000E+00	0.0000E+00	1.8433E+00
4.8350E+03	0.0000E+00	0.0000E+00	1.8456E+00
4.8360E+03	0.0000E+00	0.0000E+00	1.8491E+00
4.8370E+03	0.0000E+00	0.0000E+00	1.8470E+00
4.8380E+03	0.0000E+00	0.0000E+00	1.8487E+00
4.8390E+03	0.0000E+00	0.0000E+00	1.8491E+00
4.8400E+03	0.0000E+00	0.0000E+00	1.8494E+00
4.8410E+03	0.0000E+00	0.0000E+00	1.8464E+00
4.8420E+03	0.0000E+00	0.0000E+00	1.8436E+00
4.8430E+03	0.0000E+00	0.0000E+00	1.8410E+00
4.8440E+03	0.0000E+00	0.0000E+00	1.8387E+00
4.8450E+03	0.0000E+00	0.0000E+00	1.8382E+00
4.8460E+03	0.0000E+00	0.0000E+00	1.8346E+00
4.8470E+03	0.0000E+00	0.0000E+00	1.8368E+00
4.8480E+03	0.0000E+00	0.0000E+00	1.8410E+00
4.8490E+03	0.0000E+00	0.0000E+00	1.8403E+00
4.8500E+03	0.0000E+00	0.0000E+00	1.8401E+00
4.8510E+03	0.0000E+00	0.0000E+00	1.8395E+00
4.8520E+03	0.0000E+00	0.0000E+00	1.8390E+00
4.8530E+03	0.0000E+00	0.0000E+00	1.8385E+00
4.8540E+03	0.0000E+00	0.0000E+00	1.8389E+00
4.8550E+03	0.0000E+00	0.0000E+00	1.8365E+00
4.8560E+03	0.0000E+00	0.0000E+00	1.8382E+00
4.8570E+03	0.0000E+00	0.0000E+00	1.8425E+00
4.8580E+03	0.0000E+00	0.0000E+00	1.8454E+00
4.8590E+03	0.0000E+00	0.0000E+00	1.8456E+00
4.8600E+03	0.0000E+00	0.0000E+00	1.8466E+00
4.8610E+03	0.0000E+00	0.0000E+00	1.8441E+00
4.8620E+03	0.0000E+00	0.0000E+00	1.8452E+00
4.8630E+03	0.0000E+00	0.0000E+00	1.8411E+00
4.8640E+03	0.0000E+00	0.0000E+00	1.8438E+00
4.8650E+03	0.0000E+00	0.0000E+00	1.8433E+00
4.8660E+03	0.0000E+00	0.0000E+00	1.8412E+00
4.8670E+03	0.0000E+00	0.0000E+00	1.8390E+00
4.8680E+03	0.0000E+00	0.0000E+00	1.8385E+00
4.8690E+03	0.0000E+00	0.0000E+00	1.8386E+00
4.8700E+03	0.0000E+00	0.0000E+00	1.8376E+00
4.8710E+03	0.0000E+00	0.0000E+00	1.8388E+00
4.8720E+03	0.0000E+00	0.0000E+00	1.8379E+00
4.8730E+03	0.0000E+00	0.0000E+00	1.8379E+00
4.8740E+03	0.0000E+00	0.0000E+00	1.8399E+00
4.8750E+03	0.0000E+00	0.0000E+00	1.8401E+00
4.8760E+03	0.0000E+00	0.0000E+00	1.8402E+00
4.8770E+03	0.0000E+00	0.0000E+00	1.8409E+00
4.8780E+03	0.0000E+00	0.0000E+00	1.8393E+00
4.8790E+03	0.0000E+00	0.0000E+00	1.8398E+00
4.8800E+03	0.0000E+00	0.0000E+00	1.8394E+00
4.8810E+03	0.0000E+00	0.0000E+00	1.8427E+00
4.8820E+03	0.0000E+00	0.0000E+00	1.8437E+00
4.8830E+03	0.0000E+00	0.0000E+00	1.8459E+00
4.8840E+03	0.0000E+00	0.0000E+00	1.8458E+00
4.8850E+03	0.0000E+00	0.0000E+00	1.8460E+00
4.8860E+03	0.0000E+00	0.0000E+00	1.8491E+00
4.8870E+03	0.0000E+00	0.0000E+00	1.8498E+00
4.8880E+03	0.0000E+00	0.0000E+00	1.8454E+00
4.8890E+03	0.0000E+00	0.0000E+00	1.8480E+00
4.8900E+03	0.0000E+00	0.0000E+00	1.8396E+00
4.8910E+03	0.0000E+00	0.0000E+00	1.8355E+00
4.8920E+03	0.0000E+00	0.0000E+00	1.8414E+00
4.8930E+03	0.0000E+00	0.0000E+00	1.8414E+00
4.8940E+03	0.0000E+00	0.0000E+00	1.8405E+00
4.8950E+03	0.0000E+00	0.0000E+00	1.8410E+00
4.8960E+03	0.0000E+00	0.0000E+00	1.8482E+00
4.8970E+03	0.0000E+00	0.0000E+00	1.8504E+00
4.8980E+03	0.0000E+00	0.0000E+00	1.8528E+00
4.8990E+03	0.0000E+00	0.0000E+00	1.8543E+00
4.9000E+03	0.0000E+00	0.0000E+00	1.8542E+00
4.9010E+03	0.0000E+00	0.0000E+00	1.8552E+00
4.9020E+03	0.0000E+00	0.0000E+00	1.8559E+00
4.9030E+03	0.0000E+00	0.0000E+00	1.8556E+00
4.9040E+03	0.0000E+00	0.0000E+00	1.8534E+00
4.9050E+03	0.0000E+00	0.0000E+00	1.8579E+00
4.9060E+03	0.0000E+00	0.0000E+00	1.8582E+00
4.9070E+03	0.0000E+00	0.0000E+00	1.8576E+00
4.9080E+03	0.0000E+00	0.0000E+00	1.8572E+00
4.9090E+03	0.0000E+00	0.0000E+00	1.8573E+00
4.9100E+03	0.0000E+00	0.0000E+00	1.8573E+00
4.9110E+03	0.0000E+00	0.0000E+00	1.8563E+00
4.9120E+03	0.0000E+00	0.0000E+00	1.8577E+00
4.9130E+03	0.0000E+00	0.0000E+00	1.8568E+00
4.9140E+03	0.0000E+00	0.0000E+00	1.8536E+00
4.9150E+03	0.0000E+00	0.0000E+00	1.8456E+00
4.9160E+03	0.0000E+00	0.0000E+00	1.8462E+00
4.9170E+03	0.0000E+00	0.0000E+00	1.8530E+00
4.9180E+03	0.0000E+00	0.0000E+00	1.8525E+00
4.9190E+03	0.0000E+00	0.0000E+00	1.8565E+00
4.9200E+03	0.0000E+00	0.0000E+00	1.8576E+00
4.9210E+03	0.0000E+00	0.0000E+00	1.8596E+00
4.9220E+03	0.0000E+00	0.0000E+00	1.8625E+00
4.9230E+03	0.0000E+00	0.0000E+00	1.8651E+00
4.9240E+03	0.0000E+00	0.0000E+00	1.8662E+00
4.9250E+03	0.0000E+00	0.0000E+00	1.8660E+00
4.9260E+03	0.0000E+00	0.0000E+00	1.8693E+00
4.9270E+03	0.0000E+00	0.0000E+00	1.8677E+00
4.9280E+03	0.0000E+00	0.0000E+00	1.8667E+00
4.9290E+03	0.0000E+00	0.0000E+00	1.8666E+00
4.9300E+03	0.0000E+00	0.0000E+00	1.8657E+00
4.9310E+03	0.0000E+00	0.0000E+00	1.8678E+00
4.9320E+03	0.0000E+00	0.0000E+00	1.8661E+00
4.9330E+03	0.0000E+00	0.0000E+00	1.8670E+00
4.9340E+03	0.0000E+00	0.0000E+00	1.8626E+00
4.9350E+03	0.0000E+00	0.0000E+00	1.8576E+00
4.9360E+03	0.0000E+00	0.0000E+00	1.8626E+00
4.9370E+03	0.0000E+00	0.0000E+00	1.8634E+00
4.9380E+03	0.0000E+00	0.0000E+00	1.8607E+00
4.9390E+03	0.0000E+00	0.0000E+00	1.8575E+00
4.9400E+03	0.0000E+00	0.0000E+00	1.8588E+00
4.9410E+03	0.0000E+00	0.0000E+00	1.8566E+00
4.9420E+03	0.0000E+00	0.0000E+00	1.8552E+00
4.9430E+03	0.0000E+00	0.0000E+00	1.8537E+00
4.9440E+03	0.0000E+00	0.0000E+00	1.8568E+00
4.9450E+03	0.0000E+00	0.0000E+00	1.8539E+00
4.9460E+03	0.0000E+00	0.0000E+00	1.8569E+00
4.9470E+03	0.0000E+00	0.0000E+00	1.8551E+00
4.9480E+03	0.0000E+00	0.0000E+00	1.8533E+00
4.9490E+03	0.0000E+00	0.0000E+00	1.8557E+00
4.9500E+03	0.0000E+00	0.0000E+00	1.8556E+00
4.9510E+03	0.0000E+00	0.0000E+00	1.8541E+00
4.9520E+03	0.0000E+00	0.0000E+00	1.8519E+00
4.9530E+03	0.0000E+00	0.0000E+00	1.8511E+00
4.9540E+03	0.0000E+00	0.0000E+00	1.8535E+00
4.9550E+03	0.0000E+00	0.0000E+00	1.8537E+00
4.9560E+03	0.0000E+00	0.0000E+00	1.8519E+00
4.9570E+03	0.0000E+00	0.0000E+00	1.8530E+00
4.9580E+03	0.0000E+00	0.0000E+00	1.8544E+00
4.9590E+03	0.0000E+00	0.0000E+00	1.8533E+00
4.9600E+03	0.0000E+00	0.0000E+00	1.8519E+00
4.9610E+03	0.0000E+00	0.0000E+00	1.8516E+00
4.9620E+03	0.0000E+00	0.0000E+00	1.8493E+00
4.9630E+03	0.0000E+00	0.0000E+00	1.8441E+00
4.9640E+03	0.0000E+00	0.0000E+00	1.8468E+00
4.9650E+03	0.0000E+00	0.0000E+00	1.8470E+00
4.9660E+03	0.0000E+00	0.0000E+00	1.8452E+00
4.9670E+03	0.0000E+00	0.0000E+00	1.8444E+00
4.9680E+03	0.0000E+00	0.0000E+00	1.8465E+00
4.9690E+03	0.0000E+00	0.0000E+00	1.8447E+00
4.9700E+03	0.0000E+00	0.0000E+00	1.8441E+00
4.9710E+03	0.0000E+00	0.0000E+00	1.8441E+00
4.9720E+03	0.0000E+00	0.0000E+00	1.8426E+00
4.9730E+03	0.0000E+00	0.0000E+00	1.8418E+00
4.9740E+03	0.0000E+00	0.0000E+00	1.8425E+00
4.9750E+03	0.0000E+00	0.0000E+00	1.8415E+00
4.9760E+03	0.0000E+00	0.0000E+00	1.8423E+00
4.9770E+03	0.0000E+00	0.0000E+00	1.8441E+00
4.9780E+03	0.0000E+00	0.0000E+00	1.8425E+00
4.9790E+03	0.0000E+00	0.0000E+00	1.8426E+00
4.9800E+03	0.0000E+00	0.0000E+00	1.8448E+00
4.9810E+03	0.0000E+00	0.0000E+00	1.8359E+00
4.9820E+03	0.0000E+00	0.0000E+00	1.8370E+00
4.9830E+03	0.0000E+00	0.0000E+00	1.8360E+00
4.9840E+03	0.0000E+00	0.0000E+00	1.8370E+00
4.9850E+03	0.0000E+00	0.0000E+00	1.8339E+00
4.9860E+03	0.0000E+00	0.0000E+00	1.8364E+00
4.9870E+03	0.0000E+00	0.0000E+00	1.8401E+00
4.9880E+03	0.0000E+00	0.0000E+00	1.8365E+00
4.9890E+03	0.0000E+00	0.0000E+00	1.8345E+00
4.9900E+03	0.0000E+00	0.0000E+00	1.8336E+00
4.9910E+03	0.0000E+00	0.0000E+00	1.8342E+00
4.9920E+03	0.0000E+00	0.0000E+00	1.8326E+00
4.9930E+03	0.0000E+00	0.0000E+00	1.8338E+00
4.9940E+03	0.0000E+00	0.0000E+00	1.8328E+00
4.9950E+03	0.0000E+00	0.0000E+00	1.8308E+00
4.9960E+03	0.0000E+00	0.0000E+00	1.8336E+00
4.9970E+03	0.0000E+00	0.0000E+00	1.8295E+00
4.9980E+03	0.0000E+00	0.0000E+00	1.8291E+00
4.9990E+03	0.0000E+00	0.0000E+00	1.8297E+00
5.0000E+03	0.0000E+00	0.0000E+00	1.8313E+00
5.0010E+03	0.0000E+00	0.0000E+00	1.8343E+00
5.0020E+03	0.0000E+00	0.0000E+00	1.8350E+00
5.0030E+03	0.0000E+00	0.0000E+00	1.8365E+00
5.0040E+03	0.0000E+00	0.0000E+00	1.8380E+00
5.0050E+03	0.0000E+00	0.0000E+00	1.8380E+00
5.0060E+03	0.0000E+00	0.0000E+00	1.8363E+00
5.0070E+03	0.0000E+00	0.0000E+00	1.8356E+00
5.0080E+03	0.0000E+00	0.0000E+00	1.8379E+00
5.0090E+03	0.0000E+00	0.0000E+00	1.8377E+00
5.0100E+03	0.0000E+00	0.0000E+00	1.8332E+00
5.0110E+03	0.0000E+00	0.0000E+00	1.8305E+00
5.0120E+03	0.0000E+00	0.0000E+00	1.8320E+00
5.0130E+03	0.0000E+00	0.0000E+00	1.8288E+00
5.0140E+03	0.0000E+00	0.0000E+00	1.8290E+00
5.0150E+03	0.0000E+00	0.0000E+00	1.8317E+00
5.0160E+03	0.0000E+00	0.0000E+00	1.8325E+00
5.0170E+03	0.0000E+00	0.0000E+00	1.8348E+00
5.0180E+03	0.0000E+00	0.0000E+00	1.8330E+00
5.0190E+03	0.0000E+00	0.0000E+00	1.8346E+00
5.0200E+03	0.0000E+00	0.0000E+00	1.8322E+00
5.0210E+03	0.0000E+00	0.0000E+00	1.8301E+00
5.0220E+03	0.0000E+00	0.0000E+00	1.8283E+00
5.0230E+03	0.0000E+00	0.0000E+00	1.8277E+00
5.0240E+03	0.0000E+00	0.0000E+00	1.8316E+00
5.0250E+03	0.0000E+00	0.0000E+00	1.8321E+00
5.0260E+03	0.0000E+00	0.0000E+00	1.8333E+00
5.0270E+03	0.0000E+00	0.0000E+00	1.8347E+00
5.0280E+03	0.0000E+00	0.0000E+00	1.8365E+00
5.0290E+03	0.0000E+00	0.0000E+00	1.8368E+00
5.0300E+03	0.0000E+00	0.0000E+00	1.8359E+00
5.0310E+03	0.0000E+00	0.0000E+00	1.8382E+00
5.0320E+03	0.0000E+00	0.0000E+00	1.8405E+00
5.0330E+03	0.0000E+00	0.0000E+00	1.8396E+00
5.0340E+03	0.0000E+00	0.0000E+00	1.8354E+00
5.0350E+03	0.0000E+00	0.0000E+00	1.8333E+00
5.0360E+03	0.0000E+00	0.0000E+00	1.8332E+00
5.0370E+03	0.0000E+00	0.0000E+00	1.8324E+00
5.0380E+03	0.0000E+00	0.0000E+00	1.8312E+00
5.0390E+03	0.0000E+00	0.0000E+00	1.8308E+00
5.0400E+03	0.0000E+00	0.0000E+00	1.8307E+00
5.0410E+03	0.0000E+00	0.0000E+00	1.8336E+00
5.0420E+03	0.0000E+00	0.0000E+00	1.8315E+00
5.0430E+03	0.0000E+00	0.0000E+00	1.8295E+00
5.0440E+03	0.0000E+00	0.0000E+00	1.8305E+00
5.0450E+03	0.0000E+00	0.0000E+00	1.8310E+00
5.0460E+03	0.0000E+00	0.0000E+00	1.8292E+00
5.0470E+03	0.0000E+00	0.0000E+00	1.8302E+00
5.0480E+03	0.0000E+00	0.0000E+00	1.8315E+00
5.0490E+03	0.0000E+00	0.0000E+00	1.8332E+00
5.0500E+03	0.0000E+00	0.0000E+00	1.8345E+00
5.0510E+03	0.0000E+00	0.0000E+00	1.8372E+00
5.0520E+03	0.0000E+00	0.0000E+00	1.8357E+00
5.0530E+03	0.0000E+00	0.0000E+00	1.8397E+00
5.0540E+03	0.0000E+00	0.0000E+00	1.8371E+00
5.0550E+03	0.0000E+00	0.0000E+00	1.8371E+00
5.0560E+03	0.0000E+00	0.0000E+00	1.8411E+00
5.0570E+03	0.0000E+00	0.0000E+00	1.8366E+00
5.0580E+03	0.0000E+00	0.0000E+00	1.8341E+00
5.0590E+03	0.0000E+00	0.0000E+00	1.8338E+00
5.0600E+03	0.0000E+00	0.0000E+00	1.8344E+00
5.0610E+03	0.0000E+00	0.0000E+00	1.8324E+00
5.0620E+03	0.0000E+00	0.0000E+00	1.8336E+00
5.0630E+03	0.0000E+00	0.0000E+00	1.8328E+00
5.0640E+03	0.0000E+00	0.0000E+00	1.8325E+00
5.0650E+03	0.0000E+00	0.0000E+00	1.8312E+00
5.0660E+03	0.0000E+00	0.0000E+00	1.8280E+00
5.0670E+03	0.0000E+00	0.0000E+00	1.8299E+00
5.0680E+03	0.0000E+00	0.0000E+00	1.8305E+00
5.0690E+03	0.0000E+00	0.0000E+00	1.8282E+00
5.0700E+03	0.0000E+00	0.0000E+00	1.8302E+00
5.0710E+03	0.0000E+00	0.0000E+00	1.8308E+00
5.0720E+03	0.0000E+00	0.0000E+00	1.8324E+00
5.0730E+03	0.0000E+00	0.0000E+00	1.8345E+00
5.0740E+03	0.0000E+00	0.0000E+00	1.8336E+00
5.0750E+03	0.0000E+00	0.0000E+00	1.8351E+00
5.0760E+03	0.0000E+00	0.0000E+00	1.8337E+00
5.0770E+03	0.0000E+00	0.0000E+00	1.8345E+00
5.0780E+03	0.0000E+00	0.0000E+00	1.8352E+00
5.0790E+03	0.0000E+00	0.0000E+00	1.8409E+00
5.0800E+03	0.0000E+00	0.0000E+00	1.8413E+00
5.0810E+03	0.0000E+00	0.0000E+00	1.8436E+00
5.0820E+03	0.0000E+00	0.0000E+00	1.8416E+00
5.0830E+03	0.0000E+00	0.0000E+00	1.8416E+00
5.0840E+03	0.0000E+00	0.0000E+00	1.8413E+00
5.0850E+03	0.0000E+00	0.0000E+00	1.8430E+00
5.0860E+03	0.0000E+00	0.0000E+00	1.8462E+00
5.0870E+03	0.0000E+00	0.0000E+00	1.8448E+00
5.0880E+03	0.0000E+00	0.0000E+00	1.8428E+00
5.0890E+03	0.0000E+00	0.0000E+00	1.8420E+00
5.0900E+03	0.0000E+00	0.0000E+00	1.8413E+00
5.0910E+03	0.0000E+00	0.0000E+00	1.8393E+00
5.0920E+03	0.0000E+00	0.0000E+00	1.8381E+00
5.0930E+03	0.0000E+00	0.0000E+00	1.8366E+00
5.0940E+03	0.0000E+00	0.0000E+00	1.8354E+00
5.0950E+03	0.0000E+00	0.0000E+00	1.8334E+00
5.0960E+03	0.0000E+00	0.0000E+00	1.8322E+00
5.0970E+03	0.0000E+00	0.0000E+00	1.8338E+00
5.0980E+03	0.0000E+00	0.0000E+00	1.8305E+00
5.0990E+03	0.0000E+00	0.0000E+00	1.8342E+00
5.1000E+03	0.0000E+00	0.0000E+00	1.8325E+00
5.1010E+03	0.0000E+00	0.0000E+00	1.8318E+00
5.1020E+03	0.0000E+00	0.0000E+00	1.8318E+00
5.1030E+03	0.0000E+00	0.0000E+00	1.8321E+00
5.1040E+03	0.0000E+00	0.0000E+00	1.8283E+00
5.1050E+03	0.0000E+00	0.0000E+00	1.8279E+00
5.1060E+03	0.0000E+00	0.0000E+00	1.8270E+00
5.1070E+03	0.0000E+00	0.0000E+00	1.8291E+00
5.1080E+03	0.0000E+00	0.0000E+00	1.8269E+00
5.1090E+03	0.0000E+00	0.0000E+00	1.8217E+00
5.1100E+03	0.0000E+00	0.0000E+00	1.8205E+00
5.1110E+03	0.0000E+00	0.0000E+00	1.8182E+00
5.1120E+03	0.0000E+00	0.0000E+00	1.8189E+00
5.1130E+03	0.0000E+00	0.0000E+00	1.8105E+00
5.1140E+03	0.0000E+00	0.0000E+00	1.8032E+00
5.1150E+03	0.0000E+00	0.0000E+00	1.7991E+00
5.1160E+03	0.0000E+00	0.0000E+00	1.7978E+00
5.1170E+03	0.0000E+00	0.0000E+00	1.7966E+00
5.1180E+03	0.0000E+00	0.0000E+00	1.7837E+00
5.1190E+03	0.0000E+00	0.0000E+00	1.7786E+00
5.1200E+03	0.0000E+00	0.0000E+00	1.7737E+00
5.1210E+03	0.0000E+00	0.0000E+00	1.7664E+00
5.1220E+03	0.0000E+00	0.0000E+00	1.7641E+00
5.1230E+03	0.0000E+00	0.0000E+00	1.7659E+00
5.1240E+03	0.0000E+00	0.0000E+00	1.7639E+00
5.1250E+03	0.0000E+00	0.0000E+00	1.7604E+00
5.1260E+03	0.0000E+00	0.0000E+00	1.7670E+00
5.1270E+03	0.0000E+00	0.0000E+00	1.8053E+00
5.1280E+03	0.0000E+00	0.0000E+00	1.8258E+00
5.1290E+03	0.0000E+00	0.0000E+00	1.8333E+00
5.1300E+03	0.0000E+00	0.0000E+00	1.8347E+00
5.1310E+03	0.0000E+00	0.0000E+00	1.8384E+00
