TIME_UNITS h
DATA_UNITS m
!h  x   y   z
0.0000E+00	0.0000E+00	0.0000E+00	1.4446E+00
1.0000E+00	0.0000E+00	0.0000E+00	1.4446E+00
2.0000E+00	0.0000E+00	0.0000E+00	1.4635E+00
3.0000E+00	0.0000E+00	0.0000E+00	1.4790E+00
4.0000E+00	0.0000E+00	0.0000E+00	1.4969E+00
5.0000E+00	0.0000E+00	0.0000E+00	1.5123E+00
6.0000E+00	0.0000E+00	0.0000E+00	1.5281E+00
7.0000E+00	0.0000E+00	0.0000E+00	1.5416E+00
8.0000E+00	0.0000E+00	0.0000E+00	1.5417E+00
9.0000E+00	0.0000E+00	0.0000E+00	1.4520E+00
1.0000E+01	0.0000E+00	0.0000E+00	1.4426E+00
1.1000E+01	0.0000E+00	0.0000E+00	1.3995E+00
1.2000E+01	0.0000E+00	0.0000E+00	1.4162E+00
1.3000E+01	0.0000E+00	0.0000E+00	1.4223E+00
1.4000E+01	0.0000E+00	0.0000E+00	1.4227E+00
1.5000E+01	0.0000E+00	0.0000E+00	1.4306E+00
1.6000E+01	0.0000E+00	0.0000E+00	1.4589E+00
1.7000E+01	0.0000E+00	0.0000E+00	1.4484E+00
1.8000E+01	0.0000E+00	0.0000E+00	1.4656E+00
1.9000E+01	0.0000E+00	0.0000E+00	1.4700E+00
2.0000E+01	0.0000E+00	0.0000E+00	1.4678E+00
2.1000E+01	0.0000E+00	0.0000E+00	1.4645E+00
2.2000E+01	0.0000E+00	0.0000E+00	1.4620E+00
2.3000E+01	0.0000E+00	0.0000E+00	1.4631E+00
2.4000E+01	0.0000E+00	0.0000E+00	1.4704E+00
2.5000E+01	0.0000E+00	0.0000E+00	1.4807E+00
2.6000E+01	0.0000E+00	0.0000E+00	1.4925E+00
2.7000E+01	0.0000E+00	0.0000E+00	1.5058E+00
2.8000E+01	0.0000E+00	0.0000E+00	1.5248E+00
2.9000E+01	0.0000E+00	0.0000E+00	1.5402E+00
3.0000E+01	0.0000E+00	0.0000E+00	1.5574E+00
3.1000E+01	0.0000E+00	0.0000E+00	1.5707E+00
3.2000E+01	0.0000E+00	0.0000E+00	1.5651E+00
3.3000E+01	0.0000E+00	0.0000E+00	1.4847E+00
3.4000E+01	0.0000E+00	0.0000E+00	1.4725E+00
3.5000E+01	0.0000E+00	0.0000E+00	1.4392E+00
3.6000E+01	0.0000E+00	0.0000E+00	1.4480E+00
3.7000E+01	0.0000E+00	0.0000E+00	1.4510E+00
3.8000E+01	0.0000E+00	0.0000E+00	1.4473E+00
3.9000E+01	0.0000E+00	0.0000E+00	1.4559E+00
4.0000E+01	0.0000E+00	0.0000E+00	1.4726E+00
4.1000E+01	0.0000E+00	0.0000E+00	1.4859E+00
4.2000E+01	0.0000E+00	0.0000E+00	1.4839E+00
4.3000E+01	0.0000E+00	0.0000E+00	1.4865E+00
4.4000E+01	0.0000E+00	0.0000E+00	1.4804E+00
4.5000E+01	0.0000E+00	0.0000E+00	1.4756E+00
4.6000E+01	0.0000E+00	0.0000E+00	1.4665E+00
4.7000E+01	0.0000E+00	0.0000E+00	1.4645E+00
4.8000E+01	0.0000E+00	0.0000E+00	1.4621E+00
4.9000E+01	0.0000E+00	0.0000E+00	1.4657E+00
5.0000E+01	0.0000E+00	0.0000E+00	1.4817E+00
5.1000E+01	0.0000E+00	0.0000E+00	1.4967E+00
5.2000E+01	0.0000E+00	0.0000E+00	1.5065E+00
5.3000E+01	0.0000E+00	0.0000E+00	1.5185E+00
5.4000E+01	0.0000E+00	0.0000E+00	1.5300E+00
5.5000E+01	0.0000E+00	0.0000E+00	1.5249E+00
5.6000E+01	0.0000E+00	0.0000E+00	1.4963E+00
5.7000E+01	0.0000E+00	0.0000E+00	1.4747E+00
5.8000E+01	0.0000E+00	0.0000E+00	1.4503E+00
5.9000E+01	0.0000E+00	0.0000E+00	1.4418E+00
6.0000E+01	0.0000E+00	0.0000E+00	1.4397E+00
6.1000E+01	0.0000E+00	0.0000E+00	1.4467E+00
6.2000E+01	0.0000E+00	0.0000E+00	1.4538E+00
6.3000E+01	0.0000E+00	0.0000E+00	1.4689E+00
6.4000E+01	0.0000E+00	0.0000E+00	1.4735E+00
6.5000E+01	0.0000E+00	0.0000E+00	1.4739E+00
6.6000E+01	0.0000E+00	0.0000E+00	1.4742E+00
6.7000E+01	0.0000E+00	0.0000E+00	1.4695E+00
6.8000E+01	0.0000E+00	0.0000E+00	1.4660E+00
6.9000E+01	0.0000E+00	0.0000E+00	1.4612E+00
7.0000E+01	0.0000E+00	0.0000E+00	1.4571E+00
7.1000E+01	0.0000E+00	0.0000E+00	1.4511E+00
7.2000E+01	0.0000E+00	0.0000E+00	1.4609E+00
7.3000E+01	0.0000E+00	0.0000E+00	1.4776E+00
7.4000E+01	0.0000E+00	0.0000E+00	1.4890E+00
7.5000E+01	0.0000E+00	0.0000E+00	1.4991E+00
7.6000E+01	0.0000E+00	0.0000E+00	1.5119E+00
7.7000E+01	0.0000E+00	0.0000E+00	1.5192E+00
7.8000E+01	0.0000E+00	0.0000E+00	1.5306E+00
7.9000E+01	0.0000E+00	0.0000E+00	1.5417E+00
8.0000E+01	0.0000E+00	0.0000E+00	1.5356E+00
8.1000E+01	0.0000E+00	0.0000E+00	1.4705E+00
8.2000E+01	0.0000E+00	0.0000E+00	1.4550E+00
8.3000E+01	0.0000E+00	0.0000E+00	1.4485E+00
8.4000E+01	0.0000E+00	0.0000E+00	1.4579E+00
8.5000E+01	0.0000E+00	0.0000E+00	1.4557E+00
8.6000E+01	0.0000E+00	0.0000E+00	1.4747E+00
8.7000E+01	0.0000E+00	0.0000E+00	1.5049E+00
8.8000E+01	0.0000E+00	0.0000E+00	1.5105E+00
8.9000E+01	0.0000E+00	0.0000E+00	1.5162E+00
9.0000E+01	0.0000E+00	0.0000E+00	1.5139E+00
9.1000E+01	0.0000E+00	0.0000E+00	1.5119E+00
9.2000E+01	0.0000E+00	0.0000E+00	1.5059E+00
9.3000E+01	0.0000E+00	0.0000E+00	1.5035E+00
9.4000E+01	0.0000E+00	0.0000E+00	1.4978E+00
9.5000E+01	0.0000E+00	0.0000E+00	1.4980E+00
9.6000E+01	0.0000E+00	0.0000E+00	1.4957E+00
9.7000E+01	0.0000E+00	0.0000E+00	1.4913E+00
9.8000E+01	0.0000E+00	0.0000E+00	1.4911E+00
9.9000E+01	0.0000E+00	0.0000E+00	1.4895E+00
1.0000E+02	0.0000E+00	0.0000E+00	1.4853E+00
1.0100E+02	0.0000E+00	0.0000E+00	1.4894E+00
1.0200E+02	0.0000E+00	0.0000E+00	1.5007E+00
1.0300E+02	0.0000E+00	0.0000E+00	1.5133E+00
1.0400E+02	0.0000E+00	0.0000E+00	1.5019E+00
1.0500E+02	0.0000E+00	0.0000E+00	1.4872E+00
1.0600E+02	0.0000E+00	0.0000E+00	1.4881E+00
1.0700E+02	0.0000E+00	0.0000E+00	1.4863E+00
1.0800E+02	0.0000E+00	0.0000E+00	1.4942E+00
1.0900E+02	0.0000E+00	0.0000E+00	1.5038E+00
1.1000E+02	0.0000E+00	0.0000E+00	1.5212E+00
1.1100E+02	0.0000E+00	0.0000E+00	1.5260E+00
1.1200E+02	0.0000E+00	0.0000E+00	1.5330E+00
1.1300E+02	0.0000E+00	0.0000E+00	1.5335E+00
1.1400E+02	0.0000E+00	0.0000E+00	1.5454E+00
1.1500E+02	0.0000E+00	0.0000E+00	1.5465E+00
1.1600E+02	0.0000E+00	0.0000E+00	1.5426E+00
1.1700E+02	0.0000E+00	0.0000E+00	1.5364E+00
1.1800E+02	0.0000E+00	0.0000E+00	1.5335E+00
1.1900E+02	0.0000E+00	0.0000E+00	1.5286E+00
1.2000E+02	0.0000E+00	0.0000E+00	1.5320E+00
1.2100E+02	0.0000E+00	0.0000E+00	1.5386E+00
1.2200E+02	0.0000E+00	0.0000E+00	1.5471E+00
1.2300E+02	0.0000E+00	0.0000E+00	1.5542E+00
1.2400E+02	0.0000E+00	0.0000E+00	1.5667E+00
1.2500E+02	0.0000E+00	0.0000E+00	1.5739E+00
1.2600E+02	0.0000E+00	0.0000E+00	1.5843E+00
1.2700E+02	0.0000E+00	0.0000E+00	1.5940E+00
1.2800E+02	0.0000E+00	0.0000E+00	1.5859E+00
1.2900E+02	0.0000E+00	0.0000E+00	1.5504E+00
1.3000E+02	0.0000E+00	0.0000E+00	1.5316E+00
1.3100E+02	0.0000E+00	0.0000E+00	1.5380E+00
1.3200E+02	0.0000E+00	0.0000E+00	1.5456E+00
1.3300E+02	0.0000E+00	0.0000E+00	1.5608E+00
1.3400E+02	0.0000E+00	0.0000E+00	1.5579E+00
1.3500E+02	0.0000E+00	0.0000E+00	1.5460E+00
1.3600E+02	0.0000E+00	0.0000E+00	1.5530E+00
1.3700E+02	0.0000E+00	0.0000E+00	1.5535E+00
1.3800E+02	0.0000E+00	0.0000E+00	1.5664E+00
1.3900E+02	0.0000E+00	0.0000E+00	1.5716E+00
1.4000E+02	0.0000E+00	0.0000E+00	1.5599E+00
1.4100E+02	0.0000E+00	0.0000E+00	1.5671E+00
1.4200E+02	0.0000E+00	0.0000E+00	1.5665E+00
1.4300E+02	0.0000E+00	0.0000E+00	1.5598E+00
1.4400E+02	0.0000E+00	0.0000E+00	1.5556E+00
1.4500E+02	0.0000E+00	0.0000E+00	1.5534E+00
1.4600E+02	0.0000E+00	0.0000E+00	1.5477E+00
1.4700E+02	0.0000E+00	0.0000E+00	1.5448E+00
1.4800E+02	0.0000E+00	0.0000E+00	1.5467E+00
1.4900E+02	0.0000E+00	0.0000E+00	1.5496E+00
1.5000E+02	0.0000E+00	0.0000E+00	1.5406E+00
1.5100E+02	0.0000E+00	0.0000E+00	1.5413E+00
1.5200E+02	0.0000E+00	0.0000E+00	1.5373E+00
1.5300E+02	0.0000E+00	0.0000E+00	1.5365E+00
1.5400E+02	0.0000E+00	0.0000E+00	1.5492E+00
1.5500E+02	0.0000E+00	0.0000E+00	1.5553E+00
1.5600E+02	0.0000E+00	0.0000E+00	1.5570E+00
1.5700E+02	0.0000E+00	0.0000E+00	1.5587E+00
1.5800E+02	0.0000E+00	0.0000E+00	1.5647E+00
1.5900E+02	0.0000E+00	0.0000E+00	1.5854E+00
1.6000E+02	0.0000E+00	0.0000E+00	1.5932E+00
1.6100E+02	0.0000E+00	0.0000E+00	1.6135E+00
1.6200E+02	0.0000E+00	0.0000E+00	1.6385E+00
1.6300E+02	0.0000E+00	0.0000E+00	1.6239E+00
1.6400E+02	0.0000E+00	0.0000E+00	1.6200E+00
1.6500E+02	0.0000E+00	0.0000E+00	1.6284E+00
1.6600E+02	0.0000E+00	0.0000E+00	1.6178E+00
1.6700E+02	0.0000E+00	0.0000E+00	1.6129E+00
1.6800E+02	0.0000E+00	0.0000E+00	1.6110E+00
1.6900E+02	0.0000E+00	0.0000E+00	1.6066E+00
1.7000E+02	0.0000E+00	0.0000E+00	1.6002E+00
1.7100E+02	0.0000E+00	0.0000E+00	1.6099E+00
1.7200E+02	0.0000E+00	0.0000E+00	1.6213E+00
1.7300E+02	0.0000E+00	0.0000E+00	1.6309E+00
1.7400E+02	0.0000E+00	0.0000E+00	1.6423E+00
1.7500E+02	0.0000E+00	0.0000E+00	1.6517E+00
1.7600E+02	0.0000E+00	0.0000E+00	1.6357E+00
1.7700E+02	0.0000E+00	0.0000E+00	1.6011E+00
1.7800E+02	0.0000E+00	0.0000E+00	1.6161E+00
1.7900E+02	0.0000E+00	0.0000E+00	1.6294E+00
1.8000E+02	0.0000E+00	0.0000E+00	1.6037E+00
1.8100E+02	0.0000E+00	0.0000E+00	1.6006E+00
1.8200E+02	0.0000E+00	0.0000E+00	1.5989E+00
1.8300E+02	0.0000E+00	0.0000E+00	1.6074E+00
1.8400E+02	0.0000E+00	0.0000E+00	1.6163E+00
1.8500E+02	0.0000E+00	0.0000E+00	1.6236E+00
1.8600E+02	0.0000E+00	0.0000E+00	1.6265E+00
1.8700E+02	0.0000E+00	0.0000E+00	1.6399E+00
1.8800E+02	0.0000E+00	0.0000E+00	1.6513E+00
1.8900E+02	0.0000E+00	0.0000E+00	1.6572E+00
1.9000E+02	0.0000E+00	0.0000E+00	1.6531E+00
1.9100E+02	0.0000E+00	0.0000E+00	1.6536E+00
1.9200E+02	0.0000E+00	0.0000E+00	1.6577E+00
1.9300E+02	0.0000E+00	0.0000E+00	1.6595E+00
1.9400E+02	0.0000E+00	0.0000E+00	1.6692E+00
1.9500E+02	0.0000E+00	0.0000E+00	1.6728E+00
1.9600E+02	0.0000E+00	0.0000E+00	1.6707E+00
1.9700E+02	0.0000E+00	0.0000E+00	1.6763E+00
1.9800E+02	0.0000E+00	0.0000E+00	1.6766E+00
1.9900E+02	0.0000E+00	0.0000E+00	1.6716E+00
2.0000E+02	0.0000E+00	0.0000E+00	1.6724E+00
2.0100E+02	0.0000E+00	0.0000E+00	1.6651E+00
2.0200E+02	0.0000E+00	0.0000E+00	1.6612E+00
2.0300E+02	0.0000E+00	0.0000E+00	1.6713E+00
2.0400E+02	0.0000E+00	0.0000E+00	1.6692E+00
2.0500E+02	0.0000E+00	0.0000E+00	1.6930E+00
2.0600E+02	0.0000E+00	0.0000E+00	1.7000E+00
2.0700E+02	0.0000E+00	0.0000E+00	1.6979E+00
2.0800E+02	0.0000E+00	0.0000E+00	1.7111E+00
2.0900E+02	0.0000E+00	0.0000E+00	1.7238E+00
2.1000E+02	0.0000E+00	0.0000E+00	1.7360E+00
2.1100E+02	0.0000E+00	0.0000E+00	1.7457E+00
2.1200E+02	0.0000E+00	0.0000E+00	1.7484E+00
2.1300E+02	0.0000E+00	0.0000E+00	1.7516E+00
2.1400E+02	0.0000E+00	0.0000E+00	1.7512E+00
2.1500E+02	0.0000E+00	0.0000E+00	1.7433E+00
2.1600E+02	0.0000E+00	0.0000E+00	1.7355E+00
2.1700E+02	0.0000E+00	0.0000E+00	1.7255E+00
2.1800E+02	0.0000E+00	0.0000E+00	1.7147E+00
2.1900E+02	0.0000E+00	0.0000E+00	1.7096E+00
2.2000E+02	0.0000E+00	0.0000E+00	1.7016E+00
2.2100E+02	0.0000E+00	0.0000E+00	1.6924E+00
2.2200E+02	0.0000E+00	0.0000E+00	1.6868E+00
2.2300E+02	0.0000E+00	0.0000E+00	1.6827E+00
2.2400E+02	0.0000E+00	0.0000E+00	1.6755E+00
2.2500E+02	0.0000E+00	0.0000E+00	1.6748E+00
2.2600E+02	0.0000E+00	0.0000E+00	1.6696E+00
2.2700E+02	0.0000E+00	0.0000E+00	1.6709E+00
2.2800E+02	0.0000E+00	0.0000E+00	1.6711E+00
2.2900E+02	0.0000E+00	0.0000E+00	1.6728E+00
2.3000E+02	0.0000E+00	0.0000E+00	1.6803E+00
2.3100E+02	0.0000E+00	0.0000E+00	1.6920E+00
2.3200E+02	0.0000E+00	0.0000E+00	1.6972E+00
2.3300E+02	0.0000E+00	0.0000E+00	1.7106E+00
2.3400E+02	0.0000E+00	0.0000E+00	1.7131E+00
2.3500E+02	0.0000E+00	0.0000E+00	1.7200E+00
2.3600E+02	0.0000E+00	0.0000E+00	1.7162E+00
2.3700E+02	0.0000E+00	0.0000E+00	1.7281E+00
2.3800E+02	0.0000E+00	0.0000E+00	1.7276E+00
2.3900E+02	0.0000E+00	0.0000E+00	1.7297E+00
2.4000E+02	0.0000E+00	0.0000E+00	1.7310E+00
2.4100E+02	0.0000E+00	0.0000E+00	1.7236E+00
2.4200E+02	0.0000E+00	0.0000E+00	1.7177E+00
2.4300E+02	0.0000E+00	0.0000E+00	1.7149E+00
2.4400E+02	0.0000E+00	0.0000E+00	1.7076E+00
2.4500E+02	0.0000E+00	0.0000E+00	1.6968E+00
2.4600E+02	0.0000E+00	0.0000E+00	1.6944E+00
2.4700E+02	0.0000E+00	0.0000E+00	1.6881E+00
2.4800E+02	0.0000E+00	0.0000E+00	1.6787E+00
2.4900E+02	0.0000E+00	0.0000E+00	1.6843E+00
2.5000E+02	0.0000E+00	0.0000E+00	1.6773E+00
2.5100E+02	0.0000E+00	0.0000E+00	1.6699E+00
2.5200E+02	0.0000E+00	0.0000E+00	1.6695E+00
2.5300E+02	0.0000E+00	0.0000E+00	1.6725E+00
2.5400E+02	0.0000E+00	0.0000E+00	1.6708E+00
2.5500E+02	0.0000E+00	0.0000E+00	1.6712E+00
2.5600E+02	0.0000E+00	0.0000E+00	1.6796E+00
2.5700E+02	0.0000E+00	0.0000E+00	1.6742E+00
2.5800E+02	0.0000E+00	0.0000E+00	1.6766E+00
2.5900E+02	0.0000E+00	0.0000E+00	1.6788E+00
2.6000E+02	0.0000E+00	0.0000E+00	1.6796E+00
2.6100E+02	0.0000E+00	0.0000E+00	1.6833E+00
2.6200E+02	0.0000E+00	0.0000E+00	1.6826E+00
2.6300E+02	0.0000E+00	0.0000E+00	1.6870E+00
2.6400E+02	0.0000E+00	0.0000E+00	1.6815E+00
2.6500E+02	0.0000E+00	0.0000E+00	1.6822E+00
2.6600E+02	0.0000E+00	0.0000E+00	1.6725E+00
2.6700E+02	0.0000E+00	0.0000E+00	1.6628E+00
2.6800E+02	0.0000E+00	0.0000E+00	1.6605E+00
2.6900E+02	0.0000E+00	0.0000E+00	1.6569E+00
2.7000E+02	0.0000E+00	0.0000E+00	1.6499E+00
2.7100E+02	0.0000E+00	0.0000E+00	1.6514E+00
2.7200E+02	0.0000E+00	0.0000E+00	1.6517E+00
2.7300E+02	0.0000E+00	0.0000E+00	1.6420E+00
2.7400E+02	0.0000E+00	0.0000E+00	1.6429E+00
2.7500E+02	0.0000E+00	0.0000E+00	1.6339E+00
2.7600E+02	0.0000E+00	0.0000E+00	1.6412E+00
2.7700E+02	0.0000E+00	0.0000E+00	1.6447E+00
2.7800E+02	0.0000E+00	0.0000E+00	1.6430E+00
2.7900E+02	0.0000E+00	0.0000E+00	1.6419E+00
2.8000E+02	0.0000E+00	0.0000E+00	1.6427E+00
2.8100E+02	0.0000E+00	0.0000E+00	1.6360E+00
2.8200E+02	0.0000E+00	0.0000E+00	1.6330E+00
2.8300E+02	0.0000E+00	0.0000E+00	1.6290E+00
2.8400E+02	0.0000E+00	0.0000E+00	1.6239E+00
2.8500E+02	0.0000E+00	0.0000E+00	1.6211E+00
2.8600E+02	0.0000E+00	0.0000E+00	1.6173E+00
2.8700E+02	0.0000E+00	0.0000E+00	1.6133E+00
2.8800E+02	0.0000E+00	0.0000E+00	1.6137E+00
2.8900E+02	0.0000E+00	0.0000E+00	1.6076E+00
2.9000E+02	0.0000E+00	0.0000E+00	1.6088E+00
2.9100E+02	0.0000E+00	0.0000E+00	1.6033E+00
2.9200E+02	0.0000E+00	0.0000E+00	1.5980E+00
2.9300E+02	0.0000E+00	0.0000E+00	1.5909E+00
2.9400E+02	0.0000E+00	0.0000E+00	1.5827E+00
2.9500E+02	0.0000E+00	0.0000E+00	1.5833E+00
2.9600E+02	0.0000E+00	0.0000E+00	1.5778E+00
2.9700E+02	0.0000E+00	0.0000E+00	1.5805E+00
2.9800E+02	0.0000E+00	0.0000E+00	1.5918E+00
2.9900E+02	0.0000E+00	0.0000E+00	1.5896E+00
3.0000E+02	0.0000E+00	0.0000E+00	1.5958E+00
3.0100E+02	0.0000E+00	0.0000E+00	1.5982E+00
3.0200E+02	0.0000E+00	0.0000E+00	1.5911E+00
3.0300E+02	0.0000E+00	0.0000E+00	1.5859E+00
3.0400E+02	0.0000E+00	0.0000E+00	1.5835E+00
3.0500E+02	0.0000E+00	0.0000E+00	1.5769E+00
3.0600E+02	0.0000E+00	0.0000E+00	1.5707E+00
3.0700E+02	0.0000E+00	0.0000E+00	1.5660E+00
3.0800E+02	0.0000E+00	0.0000E+00	1.5606E+00
3.0900E+02	0.0000E+00	0.0000E+00	1.5551E+00
3.1000E+02	0.0000E+00	0.0000E+00	1.5492E+00
3.1100E+02	0.0000E+00	0.0000E+00	1.5483E+00
3.1200E+02	0.0000E+00	0.0000E+00	1.5381E+00
3.1300E+02	0.0000E+00	0.0000E+00	1.5349E+00
3.1400E+02	0.0000E+00	0.0000E+00	1.5253E+00
3.1500E+02	0.0000E+00	0.0000E+00	1.5290E+00
3.1600E+02	0.0000E+00	0.0000E+00	1.5198E+00
3.1700E+02	0.0000E+00	0.0000E+00	1.5247E+00
3.1800E+02	0.0000E+00	0.0000E+00	1.5246E+00
3.1900E+02	0.0000E+00	0.0000E+00	1.5245E+00
3.2000E+02	0.0000E+00	0.0000E+00	1.5091E+00
3.2100E+02	0.0000E+00	0.0000E+00	1.5250E+00
3.2200E+02	0.0000E+00	0.0000E+00	1.5442E+00
3.2300E+02	0.0000E+00	0.0000E+00	1.5495E+00
3.2400E+02	0.0000E+00	0.0000E+00	1.5487E+00
3.2500E+02	0.0000E+00	0.0000E+00	1.5384E+00
3.2600E+02	0.0000E+00	0.0000E+00	1.5368E+00
3.2700E+02	0.0000E+00	0.0000E+00	1.5439E+00
3.2800E+02	0.0000E+00	0.0000E+00	1.5337E+00
3.2900E+02	0.0000E+00	0.0000E+00	1.5327E+00
3.3000E+02	0.0000E+00	0.0000E+00	1.5342E+00
3.3100E+02	0.0000E+00	0.0000E+00	1.5378E+00
3.3200E+02	0.0000E+00	0.0000E+00	1.5330E+00
3.3300E+02	0.0000E+00	0.0000E+00	1.5299E+00
3.3400E+02	0.0000E+00	0.0000E+00	1.5293E+00
3.3500E+02	0.0000E+00	0.0000E+00	1.5297E+00
3.3600E+02	0.0000E+00	0.0000E+00	1.5213E+00
3.3700E+02	0.0000E+00	0.0000E+00	1.5192E+00
3.3800E+02	0.0000E+00	0.0000E+00	1.5152E+00
3.3900E+02	0.0000E+00	0.0000E+00	1.5150E+00
3.4000E+02	0.0000E+00	0.0000E+00	1.5103E+00
3.4100E+02	0.0000E+00	0.0000E+00	1.5098E+00
3.4200E+02	0.0000E+00	0.0000E+00	1.5049E+00
3.4300E+02	0.0000E+00	0.0000E+00	1.4958E+00
3.4400E+02	0.0000E+00	0.0000E+00	1.4958E+00
3.4500E+02	0.0000E+00	0.0000E+00	1.4968E+00
3.4600E+02	0.0000E+00	0.0000E+00	1.5067E+00
3.4700E+02	0.0000E+00	0.0000E+00	1.5130E+00
3.4800E+02	0.0000E+00	0.0000E+00	1.5211E+00
3.4900E+02	0.0000E+00	0.0000E+00	1.5123E+00
3.5000E+02	0.0000E+00	0.0000E+00	1.5178E+00
3.5100E+02	0.0000E+00	0.0000E+00	1.5201E+00
3.5200E+02	0.0000E+00	0.0000E+00	1.5131E+00
3.5300E+02	0.0000E+00	0.0000E+00	1.5206E+00
3.5400E+02	0.0000E+00	0.0000E+00	1.5248E+00
3.5500E+02	0.0000E+00	0.0000E+00	1.5351E+00
3.5600E+02	0.0000E+00	0.0000E+00	1.5394E+00
3.5700E+02	0.0000E+00	0.0000E+00	1.5353E+00
3.5800E+02	0.0000E+00	0.0000E+00	1.5382E+00
3.5900E+02	0.0000E+00	0.0000E+00	1.5357E+00
3.6000E+02	0.0000E+00	0.0000E+00	1.5295E+00
3.6100E+02	0.0000E+00	0.0000E+00	1.5323E+00
3.6200E+02	0.0000E+00	0.0000E+00	1.5290E+00
3.6300E+02	0.0000E+00	0.0000E+00	1.5262E+00
3.6400E+02	0.0000E+00	0.0000E+00	1.5242E+00
3.6500E+02	0.0000E+00	0.0000E+00	1.5268E+00
3.6600E+02	0.0000E+00	0.0000E+00	1.5180E+00
3.6700E+02	0.0000E+00	0.0000E+00	1.5181E+00
3.6800E+02	0.0000E+00	0.0000E+00	1.5168E+00
3.6900E+02	0.0000E+00	0.0000E+00	1.5135E+00
3.7000E+02	0.0000E+00	0.0000E+00	1.5190E+00
3.7100E+02	0.0000E+00	0.0000E+00	1.5215E+00
3.7200E+02	0.0000E+00	0.0000E+00	1.5172E+00
3.7300E+02	0.0000E+00	0.0000E+00	1.5184E+00
3.7400E+02	0.0000E+00	0.0000E+00	1.5224E+00
3.7500E+02	0.0000E+00	0.0000E+00	1.5203E+00
3.7600E+02	0.0000E+00	0.0000E+00	1.5239E+00
3.7700E+02	0.0000E+00	0.0000E+00	1.5321E+00
3.7800E+02	0.0000E+00	0.0000E+00	1.5383E+00
3.7900E+02	0.0000E+00	0.0000E+00	1.5422E+00
3.8000E+02	0.0000E+00	0.0000E+00	1.5456E+00
3.8100E+02	0.0000E+00	0.0000E+00	1.5484E+00
3.8200E+02	0.0000E+00	0.0000E+00	1.5435E+00
3.8300E+02	0.0000E+00	0.0000E+00	1.5448E+00
3.8400E+02	0.0000E+00	0.0000E+00	1.5404E+00
3.8500E+02	0.0000E+00	0.0000E+00	1.5367E+00
3.8600E+02	0.0000E+00	0.0000E+00	1.5339E+00
3.8700E+02	0.0000E+00	0.0000E+00	1.5308E+00
3.8800E+02	0.0000E+00	0.0000E+00	1.5272E+00
3.8900E+02	0.0000E+00	0.0000E+00	1.5294E+00
3.9000E+02	0.0000E+00	0.0000E+00	1.5249E+00
3.9100E+02	0.0000E+00	0.0000E+00	1.5227E+00
3.9200E+02	0.0000E+00	0.0000E+00	1.5204E+00
3.9300E+02	0.0000E+00	0.0000E+00	1.5248E+00
3.9400E+02	0.0000E+00	0.0000E+00	1.5221E+00
3.9500E+02	0.0000E+00	0.0000E+00	1.5197E+00
3.9600E+02	0.0000E+00	0.0000E+00	1.5256E+00
3.9700E+02	0.0000E+00	0.0000E+00	1.5259E+00
3.9800E+02	0.0000E+00	0.0000E+00	1.5292E+00
3.9900E+02	0.0000E+00	0.0000E+00	1.5451E+00
4.0000E+02	0.0000E+00	0.0000E+00	1.5601E+00
4.0100E+02	0.0000E+00	0.0000E+00	1.5859E+00
4.0200E+02	0.0000E+00	0.0000E+00	1.6041E+00
4.0300E+02	0.0000E+00	0.0000E+00	1.6138E+00
4.0400E+02	0.0000E+00	0.0000E+00	1.6157E+00
4.0500E+02	0.0000E+00	0.0000E+00	1.6096E+00
4.0600E+02	0.0000E+00	0.0000E+00	1.6084E+00
4.0700E+02	0.0000E+00	0.0000E+00	1.6009E+00
4.0800E+02	0.0000E+00	0.0000E+00	1.6017E+00
4.0900E+02	0.0000E+00	0.0000E+00	1.6024E+00
4.1000E+02	0.0000E+00	0.0000E+00	1.5956E+00
4.1100E+02	0.0000E+00	0.0000E+00	1.5902E+00
4.1200E+02	0.0000E+00	0.0000E+00	1.5835E+00
4.1300E+02	0.0000E+00	0.0000E+00	1.5774E+00
4.1400E+02	0.0000E+00	0.0000E+00	1.5786E+00
4.1500E+02	0.0000E+00	0.0000E+00	1.5728E+00
4.1600E+02	0.0000E+00	0.0000E+00	1.5725E+00
4.1700E+02	0.0000E+00	0.0000E+00	1.5718E+00
4.1800E+02	0.0000E+00	0.0000E+00	1.5703E+00
4.1900E+02	0.0000E+00	0.0000E+00	1.5728E+00
4.2000E+02	0.0000E+00	0.0000E+00	1.5763E+00
4.2100E+02	0.0000E+00	0.0000E+00	1.5795E+00
4.2200E+02	0.0000E+00	0.0000E+00	1.5914E+00
4.2300E+02	0.0000E+00	0.0000E+00	1.6032E+00
4.2400E+02	0.0000E+00	0.0000E+00	1.6181E+00
4.2500E+02	0.0000E+00	0.0000E+00	1.6264E+00
4.2600E+02	0.0000E+00	0.0000E+00	1.6318E+00
4.2700E+02	0.0000E+00	0.0000E+00	1.6435E+00
4.2800E+02	0.0000E+00	0.0000E+00	1.6519E+00
4.2900E+02	0.0000E+00	0.0000E+00	1.6500E+00
4.3000E+02	0.0000E+00	0.0000E+00	1.6490E+00
4.3100E+02	0.0000E+00	0.0000E+00	1.6454E+00
4.3200E+02	0.0000E+00	0.0000E+00	1.6411E+00
4.3300E+02	0.0000E+00	0.0000E+00	1.6362E+00
4.3400E+02	0.0000E+00	0.0000E+00	1.6319E+00
4.3500E+02	0.0000E+00	0.0000E+00	1.6290E+00
4.3600E+02	0.0000E+00	0.0000E+00	1.6263E+00
4.3700E+02	0.0000E+00	0.0000E+00	1.6258E+00
4.3800E+02	0.0000E+00	0.0000E+00	1.6190E+00
4.3900E+02	0.0000E+00	0.0000E+00	1.6167E+00
4.4000E+02	0.0000E+00	0.0000E+00	1.6108E+00
4.4100E+02	0.0000E+00	0.0000E+00	1.6103E+00
4.4200E+02	0.0000E+00	0.0000E+00	1.6074E+00
4.4300E+02	0.0000E+00	0.0000E+00	1.6080E+00
4.4400E+02	0.0000E+00	0.0000E+00	1.6149E+00
4.4500E+02	0.0000E+00	0.0000E+00	1.6192E+00
4.4600E+02	0.0000E+00	0.0000E+00	1.6308E+00
4.4700E+02	0.0000E+00	0.0000E+00	1.6375E+00
4.4800E+02	0.0000E+00	0.0000E+00	1.6369E+00
4.4900E+02	0.0000E+00	0.0000E+00	1.6561E+00
4.5000E+02	0.0000E+00	0.0000E+00	1.6616E+00
4.5100E+02	0.0000E+00	0.0000E+00	1.6714E+00
4.5200E+02	0.0000E+00	0.0000E+00	1.6688E+00
4.5300E+02	0.0000E+00	0.0000E+00	1.6769E+00
4.5400E+02	0.0000E+00	0.0000E+00	1.6684E+00
4.5500E+02	0.0000E+00	0.0000E+00	1.6609E+00
4.5600E+02	0.0000E+00	0.0000E+00	1.6543E+00
4.5700E+02	0.0000E+00	0.0000E+00	1.6553E+00
4.5800E+02	0.0000E+00	0.0000E+00	1.6480E+00
4.5900E+02	0.0000E+00	0.0000E+00	1.6393E+00
4.6000E+02	0.0000E+00	0.0000E+00	1.6362E+00
4.6100E+02	0.0000E+00	0.0000E+00	1.6328E+00
4.6200E+02	0.0000E+00	0.0000E+00	1.6297E+00
4.6300E+02	0.0000E+00	0.0000E+00	1.6238E+00
4.6400E+02	0.0000E+00	0.0000E+00	1.6202E+00
4.6500E+02	0.0000E+00	0.0000E+00	1.6237E+00
4.6600E+02	0.0000E+00	0.0000E+00	1.6203E+00
4.6700E+02	0.0000E+00	0.0000E+00	1.6245E+00
4.6800E+02	0.0000E+00	0.0000E+00	1.6207E+00
4.6900E+02	0.0000E+00	0.0000E+00	1.6262E+00
4.7000E+02	0.0000E+00	0.0000E+00	1.6307E+00
4.7100E+02	0.0000E+00	0.0000E+00	1.6304E+00
4.7200E+02	0.0000E+00	0.0000E+00	1.6367E+00
4.7300E+02	0.0000E+00	0.0000E+00	1.6397E+00
4.7400E+02	0.0000E+00	0.0000E+00	1.6404E+00
4.7500E+02	0.0000E+00	0.0000E+00	1.6411E+00
4.7600E+02	0.0000E+00	0.0000E+00	1.6393E+00
4.7700E+02	0.0000E+00	0.0000E+00	1.6358E+00
4.7800E+02	0.0000E+00	0.0000E+00	1.6323E+00
4.7900E+02	0.0000E+00	0.0000E+00	1.6364E+00
4.8000E+02	0.0000E+00	0.0000E+00	1.6228E+00
4.8100E+02	0.0000E+00	0.0000E+00	1.6166E+00
4.8200E+02	0.0000E+00	0.0000E+00	1.6138E+00
4.8300E+02	0.0000E+00	0.0000E+00	1.6132E+00
4.8400E+02	0.0000E+00	0.0000E+00	1.6078E+00
4.8500E+02	0.0000E+00	0.0000E+00	1.6026E+00
4.8600E+02	0.0000E+00	0.0000E+00	1.6034E+00
4.8700E+02	0.0000E+00	0.0000E+00	1.6031E+00
4.8800E+02	0.0000E+00	0.0000E+00	1.5945E+00
4.8900E+02	0.0000E+00	0.0000E+00	1.5942E+00
4.9000E+02	0.0000E+00	0.0000E+00	1.5968E+00
4.9100E+02	0.0000E+00	0.0000E+00	1.5942E+00
4.9200E+02	0.0000E+00	0.0000E+00	1.5920E+00
4.9300E+02	0.0000E+00	0.0000E+00	1.5943E+00
4.9400E+02	0.0000E+00	0.0000E+00	1.5948E+00
4.9500E+02	0.0000E+00	0.0000E+00	1.5950E+00
4.9600E+02	0.0000E+00	0.0000E+00	1.5999E+00
4.9700E+02	0.0000E+00	0.0000E+00	1.5946E+00
4.9800E+02	0.0000E+00	0.0000E+00	1.5981E+00
4.9900E+02	0.0000E+00	0.0000E+00	1.5946E+00
5.0000E+02	0.0000E+00	0.0000E+00	1.5871E+00
5.0100E+02	0.0000E+00	0.0000E+00	1.5821E+00
5.0200E+02	0.0000E+00	0.0000E+00	1.5809E+00
5.0300E+02	0.0000E+00	0.0000E+00	1.5759E+00
5.0400E+02	0.0000E+00	0.0000E+00	1.5729E+00
5.0500E+02	0.0000E+00	0.0000E+00	1.5712E+00
5.0600E+02	0.0000E+00	0.0000E+00	1.5675E+00
5.0700E+02	0.0000E+00	0.0000E+00	1.5680E+00
5.0800E+02	0.0000E+00	0.0000E+00	1.5622E+00
5.0900E+02	0.0000E+00	0.0000E+00	1.5629E+00
5.1000E+02	0.0000E+00	0.0000E+00	1.5591E+00
5.1100E+02	0.0000E+00	0.0000E+00	1.5595E+00
5.1200E+02	0.0000E+00	0.0000E+00	1.5567E+00
5.1300E+02	0.0000E+00	0.0000E+00	1.5596E+00
5.1400E+02	0.0000E+00	0.0000E+00	1.5582E+00
5.1500E+02	0.0000E+00	0.0000E+00	1.5566E+00
5.1600E+02	0.0000E+00	0.0000E+00	1.5585E+00
5.1700E+02	0.0000E+00	0.0000E+00	1.5602E+00
5.1800E+02	0.0000E+00	0.0000E+00	1.5640E+00
5.1900E+02	0.0000E+00	0.0000E+00	1.5733E+00
5.2000E+02	0.0000E+00	0.0000E+00	1.5791E+00
5.2100E+02	0.0000E+00	0.0000E+00	1.5868E+00
5.2200E+02	0.0000E+00	0.0000E+00	1.5935E+00
5.2300E+02	0.0000E+00	0.0000E+00	1.6012E+00
5.2400E+02	0.0000E+00	0.0000E+00	1.6074E+00
5.2500E+02	0.0000E+00	0.0000E+00	1.6060E+00
5.2600E+02	0.0000E+00	0.0000E+00	1.6019E+00
5.2700E+02	0.0000E+00	0.0000E+00	1.6011E+00
5.2800E+02	0.0000E+00	0.0000E+00	1.5869E+00
5.2900E+02	0.0000E+00	0.0000E+00	1.5860E+00
5.3000E+02	0.0000E+00	0.0000E+00	1.5830E+00
5.3100E+02	0.0000E+00	0.0000E+00	1.5742E+00
5.3200E+02	0.0000E+00	0.0000E+00	1.5713E+00
5.3300E+02	0.0000E+00	0.0000E+00	1.5677E+00
5.3400E+02	0.0000E+00	0.0000E+00	1.5645E+00
5.3500E+02	0.0000E+00	0.0000E+00	1.5575E+00
5.3600E+02	0.0000E+00	0.0000E+00	1.5589E+00
5.3700E+02	0.0000E+00	0.0000E+00	1.5551E+00
5.3800E+02	0.0000E+00	0.0000E+00	1.5613E+00
5.3900E+02	0.0000E+00	0.0000E+00	1.5593E+00
5.4000E+02	0.0000E+00	0.0000E+00	1.5563E+00
5.4100E+02	0.0000E+00	0.0000E+00	1.5626E+00
5.4200E+02	0.0000E+00	0.0000E+00	1.5789E+00
5.4300E+02	0.0000E+00	0.0000E+00	1.5846E+00
5.4400E+02	0.0000E+00	0.0000E+00	1.6041E+00
5.4500E+02	0.0000E+00	0.0000E+00	1.6225E+00
5.4600E+02	0.0000E+00	0.0000E+00	1.6389E+00
5.4700E+02	0.0000E+00	0.0000E+00	1.6490E+00
5.4800E+02	0.0000E+00	0.0000E+00	1.6539E+00
5.4900E+02	0.0000E+00	0.0000E+00	1.6557E+00
5.5000E+02	0.0000E+00	0.0000E+00	1.6504E+00
5.5100E+02	0.0000E+00	0.0000E+00	1.6424E+00
5.5200E+02	0.0000E+00	0.0000E+00	1.6331E+00
5.5300E+02	0.0000E+00	0.0000E+00	1.6263E+00
5.5400E+02	0.0000E+00	0.0000E+00	1.6190E+00
5.5500E+02	0.0000E+00	0.0000E+00	1.6157E+00
5.5600E+02	0.0000E+00	0.0000E+00	1.6124E+00
5.5700E+02	0.0000E+00	0.0000E+00	1.6102E+00
5.5800E+02	0.0000E+00	0.0000E+00	1.6031E+00
5.5900E+02	0.0000E+00	0.0000E+00	1.5937E+00
5.6000E+02	0.0000E+00	0.0000E+00	1.5980E+00
5.6100E+02	0.0000E+00	0.0000E+00	1.5973E+00
5.6200E+02	0.0000E+00	0.0000E+00	1.5953E+00
5.6300E+02	0.0000E+00	0.0000E+00	1.5955E+00
5.6400E+02	0.0000E+00	0.0000E+00	1.5990E+00
5.6500E+02	0.0000E+00	0.0000E+00	1.6055E+00
5.6600E+02	0.0000E+00	0.0000E+00	1.6162E+00
5.6700E+02	0.0000E+00	0.0000E+00	1.6404E+00
5.6800E+02	0.0000E+00	0.0000E+00	1.6611E+00
5.6900E+02	0.0000E+00	0.0000E+00	1.6881E+00
5.7000E+02	0.0000E+00	0.0000E+00	1.7153E+00
5.7100E+02	0.0000E+00	0.0000E+00	1.7276E+00
5.7200E+02	0.0000E+00	0.0000E+00	1.7286E+00
5.7300E+02	0.0000E+00	0.0000E+00	1.7270E+00
5.7400E+02	0.0000E+00	0.0000E+00	1.7177E+00
5.7500E+02	0.0000E+00	0.0000E+00	1.7176E+00
5.7600E+02	0.0000E+00	0.0000E+00	1.7064E+00
5.7700E+02	0.0000E+00	0.0000E+00	1.6932E+00
5.7800E+02	0.0000E+00	0.0000E+00	1.6957E+00
5.7900E+02	0.0000E+00	0.0000E+00	1.6881E+00
5.8000E+02	0.0000E+00	0.0000E+00	1.6751E+00
5.8100E+02	0.0000E+00	0.0000E+00	1.6740E+00
5.8200E+02	0.0000E+00	0.0000E+00	1.6700E+00
5.8300E+02	0.0000E+00	0.0000E+00	1.6587E+00
5.8400E+02	0.0000E+00	0.0000E+00	1.6556E+00
5.8500E+02	0.0000E+00	0.0000E+00	1.6554E+00
5.8600E+02	0.0000E+00	0.0000E+00	1.6536E+00
5.8700E+02	0.0000E+00	0.0000E+00	1.6547E+00
5.8800E+02	0.0000E+00	0.0000E+00	1.6587E+00
5.8900E+02	0.0000E+00	0.0000E+00	1.6718E+00
5.9000E+02	0.0000E+00	0.0000E+00	1.6850E+00
5.9100E+02	0.0000E+00	0.0000E+00	1.7057E+00
5.9200E+02	0.0000E+00	0.0000E+00	1.7387E+00
5.9300E+02	0.0000E+00	0.0000E+00	1.7599E+00
5.9400E+02	0.0000E+00	0.0000E+00	1.7815E+00
5.9500E+02	0.0000E+00	0.0000E+00	1.7941E+00
5.9600E+02	0.0000E+00	0.0000E+00	1.7945E+00
5.9700E+02	0.0000E+00	0.0000E+00	1.7983E+00
5.9800E+02	0.0000E+00	0.0000E+00	1.7846E+00
5.9900E+02	0.0000E+00	0.0000E+00	1.7746E+00
6.0000E+02	0.0000E+00	0.0000E+00	1.7684E+00
6.0100E+02	0.0000E+00	0.0000E+00	1.7641E+00
6.0200E+02	0.0000E+00	0.0000E+00	1.7492E+00
6.0300E+02	0.0000E+00	0.0000E+00	1.7435E+00
6.0400E+02	0.0000E+00	0.0000E+00	1.7277E+00
6.0500E+02	0.0000E+00	0.0000E+00	1.7268E+00
6.0600E+02	0.0000E+00	0.0000E+00	1.7280E+00
6.0700E+02	0.0000E+00	0.0000E+00	1.7137E+00
6.0800E+02	0.0000E+00	0.0000E+00	1.7207E+00
6.0900E+02	0.0000E+00	0.0000E+00	1.7128E+00
6.1000E+02	0.0000E+00	0.0000E+00	1.7156E+00
6.1100E+02	0.0000E+00	0.0000E+00	1.7125E+00
6.1200E+02	0.0000E+00	0.0000E+00	1.7190E+00
6.1300E+02	0.0000E+00	0.0000E+00	1.7244E+00
6.1400E+02	0.0000E+00	0.0000E+00	1.7303E+00
6.1500E+02	0.0000E+00	0.0000E+00	1.7564E+00
6.1600E+02	0.0000E+00	0.0000E+00	1.7690E+00
6.1700E+02	0.0000E+00	0.0000E+00	1.7835E+00
6.1800E+02	0.0000E+00	0.0000E+00	1.7936E+00
6.1900E+02	0.0000E+00	0.0000E+00	1.8175E+00
6.2000E+02	0.0000E+00	0.0000E+00	1.8238E+00
6.2100E+02	0.0000E+00	0.0000E+00	1.8246E+00
6.2200E+02	0.0000E+00	0.0000E+00	1.8285E+00
6.2300E+02	0.0000E+00	0.0000E+00	1.8144E+00
6.2400E+02	0.0000E+00	0.0000E+00	1.8128E+00
6.2500E+02	0.0000E+00	0.0000E+00	1.8178E+00
6.2600E+02	0.0000E+00	0.0000E+00	1.8182E+00
6.2700E+02	0.0000E+00	0.0000E+00	1.8136E+00
6.2800E+02	0.0000E+00	0.0000E+00	1.8027E+00
6.2900E+02	0.0000E+00	0.0000E+00	1.7996E+00
6.3000E+02	0.0000E+00	0.0000E+00	1.7897E+00
6.3100E+02	0.0000E+00	0.0000E+00	1.7885E+00
6.3200E+02	0.0000E+00	0.0000E+00	1.7971E+00
6.3300E+02	0.0000E+00	0.0000E+00	1.7809E+00
6.3400E+02	0.0000E+00	0.0000E+00	1.7847E+00
6.3500E+02	0.0000E+00	0.0000E+00	1.7866E+00
6.3600E+02	0.0000E+00	0.0000E+00	1.7912E+00
6.3700E+02	0.0000E+00	0.0000E+00	1.7861E+00
6.3800E+02	0.0000E+00	0.0000E+00	1.7889E+00
6.3900E+02	0.0000E+00	0.0000E+00	1.7955E+00
6.4000E+02	0.0000E+00	0.0000E+00	1.7941E+00
6.4100E+02	0.0000E+00	0.0000E+00	1.7989E+00
6.4200E+02	0.0000E+00	0.0000E+00	1.8231E+00
6.4300E+02	0.0000E+00	0.0000E+00	1.8389E+00
6.4400E+02	0.0000E+00	0.0000E+00	1.8637E+00
6.4500E+02	0.0000E+00	0.0000E+00	1.8683E+00
6.4600E+02	0.0000E+00	0.0000E+00	1.8824E+00
6.4700E+02	0.0000E+00	0.0000E+00	1.8668E+00
6.4800E+02	0.0000E+00	0.0000E+00	1.8595E+00
6.4900E+02	0.0000E+00	0.0000E+00	1.8611E+00
6.5000E+02	0.0000E+00	0.0000E+00	1.8600E+00
6.5100E+02	0.0000E+00	0.0000E+00	1.8475E+00
6.5200E+02	0.0000E+00	0.0000E+00	1.8456E+00
6.5300E+02	0.0000E+00	0.0000E+00	1.8535E+00
6.5400E+02	0.0000E+00	0.0000E+00	1.8303E+00
6.5500E+02	0.0000E+00	0.0000E+00	1.8364E+00
6.5600E+02	0.0000E+00	0.0000E+00	1.8301E+00
6.5700E+02	0.0000E+00	0.0000E+00	1.8149E+00
6.5800E+02	0.0000E+00	0.0000E+00	1.8324E+00
6.5900E+02	0.0000E+00	0.0000E+00	1.8275E+00
6.6000E+02	0.0000E+00	0.0000E+00	1.8187E+00
6.6100E+02	0.0000E+00	0.0000E+00	1.8302E+00
6.6200E+02	0.0000E+00	0.0000E+00	1.8166E+00
6.6300E+02	0.0000E+00	0.0000E+00	1.8271E+00
6.6400E+02	0.0000E+00	0.0000E+00	1.8380E+00
6.6500E+02	0.0000E+00	0.0000E+00	1.8440E+00
6.6600E+02	0.0000E+00	0.0000E+00	1.8691E+00
6.6700E+02	0.0000E+00	0.0000E+00	1.8847E+00
6.6800E+02	0.0000E+00	0.0000E+00	1.9018E+00
6.6900E+02	0.0000E+00	0.0000E+00	1.9169E+00
6.7000E+02	0.0000E+00	0.0000E+00	1.9282E+00
6.7100E+02	0.0000E+00	0.0000E+00	1.9303E+00
6.7200E+02	0.0000E+00	0.0000E+00	1.9278E+00
6.7300E+02	0.0000E+00	0.0000E+00	1.9274E+00
6.7400E+02	0.0000E+00	0.0000E+00	1.9262E+00
6.7500E+02	0.0000E+00	0.0000E+00	1.9337E+00
6.7600E+02	0.0000E+00	0.0000E+00	1.9171E+00
6.7700E+02	0.0000E+00	0.0000E+00	1.9052E+00
6.7800E+02	0.0000E+00	0.0000E+00	1.9107E+00
6.7900E+02	0.0000E+00	0.0000E+00	1.8911E+00
6.8000E+02	0.0000E+00	0.0000E+00	1.9002E+00
6.8100E+02	0.0000E+00	0.0000E+00	1.8970E+00
6.8200E+02	0.0000E+00	0.0000E+00	1.8862E+00
6.8300E+02	0.0000E+00	0.0000E+00	1.8897E+00
6.8400E+02	0.0000E+00	0.0000E+00	1.8921E+00
6.8500E+02	0.0000E+00	0.0000E+00	1.8853E+00
6.8600E+02	0.0000E+00	0.0000E+00	1.8760E+00
6.8700E+02	0.0000E+00	0.0000E+00	1.8699E+00
6.8800E+02	0.0000E+00	0.0000E+00	1.8701E+00
6.8900E+02	0.0000E+00	0.0000E+00	1.8654E+00
6.9000E+02	0.0000E+00	0.0000E+00	1.8474E+00
6.9100E+02	0.0000E+00	0.0000E+00	1.8526E+00
6.9200E+02	0.0000E+00	0.0000E+00	1.8434E+00
6.9300E+02	0.0000E+00	0.0000E+00	1.8470E+00
6.9400E+02	0.0000E+00	0.0000E+00	1.8362E+00
6.9500E+02	0.0000E+00	0.0000E+00	1.8304E+00
6.9600E+02	0.0000E+00	0.0000E+00	1.8218E+00
6.9700E+02	0.0000E+00	0.0000E+00	1.8236E+00
6.9800E+02	0.0000E+00	0.0000E+00	1.8190E+00
6.9900E+02	0.0000E+00	0.0000E+00	1.8074E+00
7.0000E+02	0.0000E+00	0.0000E+00	1.8034E+00
7.0100E+02	0.0000E+00	0.0000E+00	1.8016E+00
7.0200E+02	0.0000E+00	0.0000E+00	1.8052E+00
7.0300E+02	0.0000E+00	0.0000E+00	1.7952E+00
7.0400E+02	0.0000E+00	0.0000E+00	1.7917E+00
7.0500E+02	0.0000E+00	0.0000E+00	1.7851E+00
7.0600E+02	0.0000E+00	0.0000E+00	1.7809E+00
7.0700E+02	0.0000E+00	0.0000E+00	1.7822E+00
7.0800E+02	0.0000E+00	0.0000E+00	1.7800E+00
7.0900E+02	0.0000E+00	0.0000E+00	1.7794E+00
7.1000E+02	0.0000E+00	0.0000E+00	1.7700E+00
7.1100E+02	0.0000E+00	0.0000E+00	1.7716E+00
7.1200E+02	0.0000E+00	0.0000E+00	1.7671E+00
7.1300E+02	0.0000E+00	0.0000E+00	1.7652E+00
7.1400E+02	0.0000E+00	0.0000E+00	1.7645E+00
7.1500E+02	0.0000E+00	0.0000E+00	1.7738E+00
7.1600E+02	0.0000E+00	0.0000E+00	1.7661E+00
7.1700E+02	0.0000E+00	0.0000E+00	1.7585E+00
7.1800E+02	0.0000E+00	0.0000E+00	1.7564E+00
7.1900E+02	0.0000E+00	0.0000E+00	1.7438E+00
7.2000E+02	0.0000E+00	0.0000E+00	1.7362E+00
7.2100E+02	0.0000E+00	0.0000E+00	1.7315E+00
7.2200E+02	0.0000E+00	0.0000E+00	1.7248E+00
7.2300E+02	0.0000E+00	0.0000E+00	1.7229E+00
7.2400E+02	0.0000E+00	0.0000E+00	1.7238E+00
7.2500E+02	0.0000E+00	0.0000E+00	1.7184E+00
7.2600E+02	0.0000E+00	0.0000E+00	1.7141E+00
7.2700E+02	0.0000E+00	0.0000E+00	1.7051E+00
7.2800E+02	0.0000E+00	0.0000E+00	1.7050E+00
7.2900E+02	0.0000E+00	0.0000E+00	1.7087E+00
7.3000E+02	0.0000E+00	0.0000E+00	1.7097E+00
7.3100E+02	0.0000E+00	0.0000E+00	1.7067E+00
7.3200E+02	0.0000E+00	0.0000E+00	1.7055E+00
7.3300E+02	0.0000E+00	0.0000E+00	1.7065E+00
7.3400E+02	0.0000E+00	0.0000E+00	1.7007E+00
7.3500E+02	0.0000E+00	0.0000E+00	1.7028E+00
7.3600E+02	0.0000E+00	0.0000E+00	1.6963E+00
7.3700E+02	0.0000E+00	0.0000E+00	1.6944E+00
7.3800E+02	0.0000E+00	0.0000E+00	1.6888E+00
7.3900E+02	0.0000E+00	0.0000E+00	1.6923E+00
7.4000E+02	0.0000E+00	0.0000E+00	1.6892E+00
7.4100E+02	0.0000E+00	0.0000E+00	1.6837E+00
7.4200E+02	0.0000E+00	0.0000E+00	1.6846E+00
7.4300E+02	0.0000E+00	0.0000E+00	1.6781E+00
7.4400E+02	0.0000E+00	0.0000E+00	1.6741E+00
7.4500E+02	0.0000E+00	0.0000E+00	1.6744E+00
7.4600E+02	0.0000E+00	0.0000E+00	1.6734E+00
7.4700E+02	0.0000E+00	0.0000E+00	1.6652E+00
7.4800E+02	0.0000E+00	0.0000E+00	1.6653E+00
7.4900E+02	0.0000E+00	0.0000E+00	1.6669E+00
7.5000E+02	0.0000E+00	0.0000E+00	1.6634E+00
7.5100E+02	0.0000E+00	0.0000E+00	1.6713E+00
7.5200E+02	0.0000E+00	0.0000E+00	1.6698E+00
7.5300E+02	0.0000E+00	0.0000E+00	1.6694E+00
7.5400E+02	0.0000E+00	0.0000E+00	1.6689E+00
7.5500E+02	0.0000E+00	0.0000E+00	1.6701E+00
7.5600E+02	0.0000E+00	0.0000E+00	1.6685E+00
7.5700E+02	0.0000E+00	0.0000E+00	1.6707E+00
7.5800E+02	0.0000E+00	0.0000E+00	1.6690E+00
7.5900E+02	0.0000E+00	0.0000E+00	1.6786E+00
7.6000E+02	0.0000E+00	0.0000E+00	1.6789E+00
7.6100E+02	0.0000E+00	0.0000E+00	1.6804E+00
7.6200E+02	0.0000E+00	0.0000E+00	1.6801E+00
7.6300E+02	0.0000E+00	0.0000E+00	1.6745E+00
7.6400E+02	0.0000E+00	0.0000E+00	1.6725E+00
7.6500E+02	0.0000E+00	0.0000E+00	1.6661E+00
7.6600E+02	0.0000E+00	0.0000E+00	1.6583E+00
7.6700E+02	0.0000E+00	0.0000E+00	1.6507E+00
7.6800E+02	0.0000E+00	0.0000E+00	1.6475E+00
7.6900E+02	0.0000E+00	0.0000E+00	1.6398E+00
7.7000E+02	0.0000E+00	0.0000E+00	1.6368E+00
7.7100E+02	0.0000E+00	0.0000E+00	1.6329E+00
7.7200E+02	0.0000E+00	0.0000E+00	1.6273E+00
7.7300E+02	0.0000E+00	0.0000E+00	1.6279E+00
7.7400E+02	0.0000E+00	0.0000E+00	1.6265E+00
7.7500E+02	0.0000E+00	0.0000E+00	1.6252E+00
7.7600E+02	0.0000E+00	0.0000E+00	1.6219E+00
7.7700E+02	0.0000E+00	0.0000E+00	1.6212E+00
7.7800E+02	0.0000E+00	0.0000E+00	1.6224E+00
7.7900E+02	0.0000E+00	0.0000E+00	1.6258E+00
7.8000E+02	0.0000E+00	0.0000E+00	1.6287E+00
7.8100E+02	0.0000E+00	0.0000E+00	1.6270E+00
7.8200E+02	0.0000E+00	0.0000E+00	1.6265E+00
7.8300E+02	0.0000E+00	0.0000E+00	1.6255E+00
7.8400E+02	0.0000E+00	0.0000E+00	1.6272E+00
7.8500E+02	0.0000E+00	0.0000E+00	1.6186E+00
7.8600E+02	0.0000E+00	0.0000E+00	1.6197E+00
7.8700E+02	0.0000E+00	0.0000E+00	1.6205E+00
7.8800E+02	0.0000E+00	0.0000E+00	1.6140E+00
7.8900E+02	0.0000E+00	0.0000E+00	1.6113E+00
7.9000E+02	0.0000E+00	0.0000E+00	1.6090E+00
7.9100E+02	0.0000E+00	0.0000E+00	1.6110E+00
7.9200E+02	0.0000E+00	0.0000E+00	1.6132E+00
7.9300E+02	0.0000E+00	0.0000E+00	1.6042E+00
7.9400E+02	0.0000E+00	0.0000E+00	1.5989E+00
7.9500E+02	0.0000E+00	0.0000E+00	1.6004E+00
7.9600E+02	0.0000E+00	0.0000E+00	1.5935E+00
7.9700E+02	0.0000E+00	0.0000E+00	1.5901E+00
7.9800E+02	0.0000E+00	0.0000E+00	1.5952E+00
7.9900E+02	0.0000E+00	0.0000E+00	1.5937E+00
8.0000E+02	0.0000E+00	0.0000E+00	1.5913E+00
8.0100E+02	0.0000E+00	0.0000E+00	1.5890E+00
8.0200E+02	0.0000E+00	0.0000E+00	1.5880E+00
8.0300E+02	0.0000E+00	0.0000E+00	1.5877E+00
8.0400E+02	0.0000E+00	0.0000E+00	1.5880E+00
8.0500E+02	0.0000E+00	0.0000E+00	1.5845E+00
8.0600E+02	0.0000E+00	0.0000E+00	1.5828E+00
8.0700E+02	0.0000E+00	0.0000E+00	1.5797E+00
8.0800E+02	0.0000E+00	0.0000E+00	1.5801E+00
8.0900E+02	0.0000E+00	0.0000E+00	1.5822E+00
8.1000E+02	0.0000E+00	0.0000E+00	1.5813E+00
8.1100E+02	0.0000E+00	0.0000E+00	1.5820E+00
8.1200E+02	0.0000E+00	0.0000E+00	1.5842E+00
8.1300E+02	0.0000E+00	0.0000E+00	1.5772E+00
8.1400E+02	0.0000E+00	0.0000E+00	1.5779E+00
8.1500E+02	0.0000E+00	0.0000E+00	1.5784E+00
8.1600E+02	0.0000E+00	0.0000E+00	1.5772E+00
8.1700E+02	0.0000E+00	0.0000E+00	1.5779E+00
8.1800E+02	0.0000E+00	0.0000E+00	1.5774E+00
8.1900E+02	0.0000E+00	0.0000E+00	1.5758E+00
8.2000E+02	0.0000E+00	0.0000E+00	1.5739E+00
8.2100E+02	0.0000E+00	0.0000E+00	1.5673E+00
8.2200E+02	0.0000E+00	0.0000E+00	1.5663E+00
8.2300E+02	0.0000E+00	0.0000E+00	1.5682E+00
8.2400E+02	0.0000E+00	0.0000E+00	1.5677E+00
8.2500E+02	0.0000E+00	0.0000E+00	1.5683E+00
8.2600E+02	0.0000E+00	0.0000E+00	1.5662E+00
8.2700E+02	0.0000E+00	0.0000E+00	1.5665E+00
8.2800E+02	0.0000E+00	0.0000E+00	1.5635E+00
8.2900E+02	0.0000E+00	0.0000E+00	1.5625E+00
8.3000E+02	0.0000E+00	0.0000E+00	1.5602E+00
8.3100E+02	0.0000E+00	0.0000E+00	1.5586E+00
8.3200E+02	0.0000E+00	0.0000E+00	1.5637E+00
8.3300E+02	0.0000E+00	0.0000E+00	1.5692E+00
8.3400E+02	0.0000E+00	0.0000E+00	1.5734E+00
8.3500E+02	0.0000E+00	0.0000E+00	1.5780E+00
8.3600E+02	0.0000E+00	0.0000E+00	1.5866E+00
8.3700E+02	0.0000E+00	0.0000E+00	1.5798E+00
8.3800E+02	0.0000E+00	0.0000E+00	1.5755E+00
8.3900E+02	0.0000E+00	0.0000E+00	1.5733E+00
8.4000E+02	0.0000E+00	0.0000E+00	1.5694E+00
8.4100E+02	0.0000E+00	0.0000E+00	1.5646E+00
8.4200E+02	0.0000E+00	0.0000E+00	1.5604E+00
8.4300E+02	0.0000E+00	0.0000E+00	1.5590E+00
8.4400E+02	0.0000E+00	0.0000E+00	1.5575E+00
8.4500E+02	0.0000E+00	0.0000E+00	1.5518E+00
8.4600E+02	0.0000E+00	0.0000E+00	1.5473E+00
8.4700E+02	0.0000E+00	0.0000E+00	1.5480E+00
8.4800E+02	0.0000E+00	0.0000E+00	1.5488E+00
8.4900E+02	0.0000E+00	0.0000E+00	1.5482E+00
8.5000E+02	0.0000E+00	0.0000E+00	1.5502E+00
8.5100E+02	0.0000E+00	0.0000E+00	1.5496E+00
8.5200E+02	0.0000E+00	0.0000E+00	1.5497E+00
8.5300E+02	0.0000E+00	0.0000E+00	1.5509E+00
8.5400E+02	0.0000E+00	0.0000E+00	1.5503E+00
8.5500E+02	0.0000E+00	0.0000E+00	1.5460E+00
8.5600E+02	0.0000E+00	0.0000E+00	1.5479E+00
8.5700E+02	0.0000E+00	0.0000E+00	1.5521E+00
8.5800E+02	0.0000E+00	0.0000E+00	1.5530E+00
8.5900E+02	0.0000E+00	0.0000E+00	1.5602E+00
8.6000E+02	0.0000E+00	0.0000E+00	1.5658E+00
8.6100E+02	0.0000E+00	0.0000E+00	1.5674E+00
8.6200E+02	0.0000E+00	0.0000E+00	1.5715E+00
8.6300E+02	0.0000E+00	0.0000E+00	1.5708E+00
8.6400E+02	0.0000E+00	0.0000E+00	1.5750E+00
8.6500E+02	0.0000E+00	0.0000E+00	1.5728E+00
8.6600E+02	0.0000E+00	0.0000E+00	1.5711E+00
8.6700E+02	0.0000E+00	0.0000E+00	1.5651E+00
8.6800E+02	0.0000E+00	0.0000E+00	1.5678E+00
8.6900E+02	0.0000E+00	0.0000E+00	1.5654E+00
8.7000E+02	0.0000E+00	0.0000E+00	1.5595E+00
8.7100E+02	0.0000E+00	0.0000E+00	1.5554E+00
8.7200E+02	0.0000E+00	0.0000E+00	1.5578E+00
8.7300E+02	0.0000E+00	0.0000E+00	1.5544E+00
8.7400E+02	0.0000E+00	0.0000E+00	1.5582E+00
8.7500E+02	0.0000E+00	0.0000E+00	1.5589E+00
8.7600E+02	0.0000E+00	0.0000E+00	1.5571E+00
8.7700E+02	0.0000E+00	0.0000E+00	1.5570E+00
8.7800E+02	0.0000E+00	0.0000E+00	1.5518E+00
8.7900E+02	0.0000E+00	0.0000E+00	1.5545E+00
8.8000E+02	0.0000E+00	0.0000E+00	1.5565E+00
8.8100E+02	0.0000E+00	0.0000E+00	1.5619E+00
8.8200E+02	0.0000E+00	0.0000E+00	1.5704E+00
8.8300E+02	0.0000E+00	0.0000E+00	1.5788E+00
8.8400E+02	0.0000E+00	0.0000E+00	1.5862E+00
8.8500E+02	0.0000E+00	0.0000E+00	1.5923E+00
8.8600E+02	0.0000E+00	0.0000E+00	1.5984E+00
8.8700E+02	0.0000E+00	0.0000E+00	1.6062E+00
8.8800E+02	0.0000E+00	0.0000E+00	1.6055E+00
8.8900E+02	0.0000E+00	0.0000E+00	1.6116E+00
8.9000E+02	0.0000E+00	0.0000E+00	1.6099E+00
8.9100E+02	0.0000E+00	0.0000E+00	1.6030E+00
8.9200E+02	0.0000E+00	0.0000E+00	1.6001E+00
8.9300E+02	0.0000E+00	0.0000E+00	1.6029E+00
8.9400E+02	0.0000E+00	0.0000E+00	1.5965E+00
8.9500E+02	0.0000E+00	0.0000E+00	1.5918E+00
8.9600E+02	0.0000E+00	0.0000E+00	1.5928E+00
8.9700E+02	0.0000E+00	0.0000E+00	1.5900E+00
8.9800E+02	0.0000E+00	0.0000E+00	1.5917E+00
8.9900E+02	0.0000E+00	0.0000E+00	1.5947E+00
9.0000E+02	0.0000E+00	0.0000E+00	1.5276E+00
9.0100E+02	0.0000E+00	0.0000E+00	1.5289E+00
9.0200E+02	0.0000E+00	0.0000E+00	1.5293E+00
9.0300E+02	0.0000E+00	0.0000E+00	1.5295E+00
9.0400E+02	0.0000E+00	0.0000E+00	1.5331E+00
9.0500E+02	0.0000E+00	0.0000E+00	1.5408E+00
9.0600E+02	0.0000E+00	0.0000E+00	1.5452E+00
9.0700E+02	0.0000E+00	0.0000E+00	1.5453E+00
9.0800E+02	0.0000E+00	0.0000E+00	1.5539E+00
9.0900E+02	0.0000E+00	0.0000E+00	1.5565E+00
9.1000E+02	0.0000E+00	0.0000E+00	1.5608E+00
9.1100E+02	0.0000E+00	0.0000E+00	1.5607E+00
9.1200E+02	0.0000E+00	0.0000E+00	1.5582E+00
9.1300E+02	0.0000E+00	0.0000E+00	1.5596E+00
9.1400E+02	0.0000E+00	0.0000E+00	1.5580E+00
9.1500E+02	0.0000E+00	0.0000E+00	1.5561E+00
9.1600E+02	0.0000E+00	0.0000E+00	1.5559E+00
9.1700E+02	0.0000E+00	0.0000E+00	1.5510E+00
9.1800E+02	0.0000E+00	0.0000E+00	1.5492E+00
9.1900E+02	0.0000E+00	0.0000E+00	1.5477E+00
9.2000E+02	0.0000E+00	0.0000E+00	1.5483E+00
9.2100E+02	0.0000E+00	0.0000E+00	1.5510E+00
9.2200E+02	0.0000E+00	0.0000E+00	1.5486E+00
9.2300E+02	0.0000E+00	0.0000E+00	1.5462E+00
9.2400E+02	0.0000E+00	0.0000E+00	1.5422E+00
9.2500E+02	0.0000E+00	0.0000E+00	1.5400E+00
9.2600E+02	0.0000E+00	0.0000E+00	1.5408E+00
9.2700E+02	0.0000E+00	0.0000E+00	1.5402E+00
9.2800E+02	0.0000E+00	0.0000E+00	1.5351E+00
9.2900E+02	0.0000E+00	0.0000E+00	1.5374E+00
9.3000E+02	0.0000E+00	0.0000E+00	1.5399E+00
9.3100E+02	0.0000E+00	0.0000E+00	1.5433E+00
9.3200E+02	0.0000E+00	0.0000E+00	1.5446E+00
9.3300E+02	0.0000E+00	0.0000E+00	1.5472E+00
9.3400E+02	0.0000E+00	0.0000E+00	1.5464E+00
9.3500E+02	0.0000E+00	0.0000E+00	1.5470E+00
9.3600E+02	0.0000E+00	0.0000E+00	1.5474E+00
9.3700E+02	0.0000E+00	0.0000E+00	1.5488E+00
9.3800E+02	0.0000E+00	0.0000E+00	1.5509E+00
9.3900E+02	0.0000E+00	0.0000E+00	1.5475E+00
9.4000E+02	0.0000E+00	0.0000E+00	1.5475E+00
9.4100E+02	0.0000E+00	0.0000E+00	1.5451E+00
9.4200E+02	0.0000E+00	0.0000E+00	1.5385E+00
9.4300E+02	0.0000E+00	0.0000E+00	1.5354E+00
9.4400E+02	0.0000E+00	0.0000E+00	1.5331E+00
9.4500E+02	0.0000E+00	0.0000E+00	1.5362E+00
9.4600E+02	0.0000E+00	0.0000E+00	1.5363E+00
9.4700E+02	0.0000E+00	0.0000E+00	1.5373E+00
9.4800E+02	0.0000E+00	0.0000E+00	1.5347E+00
9.4900E+02	0.0000E+00	0.0000E+00	1.5351E+00
9.5000E+02	0.0000E+00	0.0000E+00	1.5336E+00
9.5100E+02	0.0000E+00	0.0000E+00	1.5356E+00
9.5200E+02	0.0000E+00	0.0000E+00	1.5299E+00
9.5300E+02	0.0000E+00	0.0000E+00	1.5281E+00
9.5400E+02	0.0000E+00	0.0000E+00	1.5304E+00
9.5500E+02	0.0000E+00	0.0000E+00	1.5316E+00
9.5600E+02	0.0000E+00	0.0000E+00	1.5317E+00
9.5700E+02	0.0000E+00	0.0000E+00	1.5343E+00
9.5800E+02	0.0000E+00	0.0000E+00	1.5319E+00
9.5900E+02	0.0000E+00	0.0000E+00	1.5355E+00
9.6000E+02	0.0000E+00	0.0000E+00	1.5341E+00
9.6100E+02	0.0000E+00	0.0000E+00	1.5370E+00
9.6200E+02	0.0000E+00	0.0000E+00	1.5384E+00
9.6300E+02	0.0000E+00	0.0000E+00	1.5379E+00
9.6400E+02	0.0000E+00	0.0000E+00	1.5351E+00
9.6500E+02	0.0000E+00	0.0000E+00	1.5347E+00
9.6600E+02	0.0000E+00	0.0000E+00	1.5316E+00
9.6700E+02	0.0000E+00	0.0000E+00	1.5339E+00
9.6800E+02	0.0000E+00	0.0000E+00	1.5325E+00
9.6900E+02	0.0000E+00	0.0000E+00	1.5305E+00
9.7000E+02	0.0000E+00	0.0000E+00	1.5295E+00
9.7100E+02	0.0000E+00	0.0000E+00	1.5330E+00
9.7200E+02	0.0000E+00	0.0000E+00	1.5318E+00
9.7300E+02	0.0000E+00	0.0000E+00	1.5323E+00
9.7400E+02	0.0000E+00	0.0000E+00	1.5311E+00
9.7500E+02	0.0000E+00	0.0000E+00	1.5315E+00
9.7600E+02	0.0000E+00	0.0000E+00	1.5281E+00
9.7700E+02	0.0000E+00	0.0000E+00	1.5292E+00
9.7800E+02	0.0000E+00	0.0000E+00	1.5313E+00
9.7900E+02	0.0000E+00	0.0000E+00	1.5389E+00
9.8000E+02	0.0000E+00	0.0000E+00	1.5422E+00
9.8100E+02	0.0000E+00	0.0000E+00	1.5467E+00
9.8200E+02	0.0000E+00	0.0000E+00	1.5529E+00
9.8300E+02	0.0000E+00	0.0000E+00	1.5521E+00
9.8400E+02	0.0000E+00	0.0000E+00	1.5510E+00
9.8500E+02	0.0000E+00	0.0000E+00	1.5444E+00
9.8600E+02	0.0000E+00	0.0000E+00	1.5406E+00
9.8700E+02	0.0000E+00	0.0000E+00	1.5411E+00
9.8800E+02	0.0000E+00	0.0000E+00	1.5366E+00
9.8900E+02	0.0000E+00	0.0000E+00	1.5395E+00
9.9000E+02	0.0000E+00	0.0000E+00	1.5321E+00
9.9100E+02	0.0000E+00	0.0000E+00	1.5290E+00
9.9200E+02	0.0000E+00	0.0000E+00	1.5269E+00
9.9300E+02	0.0000E+00	0.0000E+00	1.5295E+00
9.9400E+02	0.0000E+00	0.0000E+00	1.5295E+00
9.9500E+02	0.0000E+00	0.0000E+00	1.5317E+00
9.9600E+02	0.0000E+00	0.0000E+00	1.5262E+00
9.9700E+02	0.0000E+00	0.0000E+00	1.5244E+00
9.9800E+02	0.0000E+00	0.0000E+00	1.5225E+00
9.9900E+02	0.0000E+00	0.0000E+00	1.5274E+00
1.0000E+03	0.0000E+00	0.0000E+00	1.5264E+00
1.0010E+03	0.0000E+00	0.0000E+00	1.5375E+00
1.0020E+03	0.0000E+00	0.0000E+00	1.5444E+00
1.0030E+03	0.0000E+00	0.0000E+00	1.5579E+00
1.0040E+03	0.0000E+00	0.0000E+00	1.5718E+00
1.0050E+03	0.0000E+00	0.0000E+00	1.5821E+00
1.0060E+03	0.0000E+00	0.0000E+00	1.5907E+00
1.0070E+03	0.0000E+00	0.0000E+00	1.5950E+00
1.0080E+03	0.0000E+00	0.0000E+00	1.5972E+00
1.0090E+03	0.0000E+00	0.0000E+00	1.5980E+00
1.0100E+03	0.0000E+00	0.0000E+00	1.5964E+00
1.0110E+03	0.0000E+00	0.0000E+00	1.5923E+00
1.0120E+03	0.0000E+00	0.0000E+00	1.5880E+00
1.0130E+03	0.0000E+00	0.0000E+00	1.5849E+00
1.0140E+03	0.0000E+00	0.0000E+00	1.5830E+00
1.0150E+03	0.0000E+00	0.0000E+00	1.5821E+00
1.0160E+03	0.0000E+00	0.0000E+00	1.5799E+00
1.0170E+03	0.0000E+00	0.0000E+00	1.5778E+00
1.0180E+03	0.0000E+00	0.0000E+00	1.5783E+00
1.0190E+03	0.0000E+00	0.0000E+00	1.5778E+00
1.0200E+03	0.0000E+00	0.0000E+00	1.5759E+00
1.0210E+03	0.0000E+00	0.0000E+00	1.5766E+00
1.0220E+03	0.0000E+00	0.0000E+00	1.5772E+00
1.0230E+03	0.0000E+00	0.0000E+00	1.5754E+00
1.0240E+03	0.0000E+00	0.0000E+00	1.5779E+00
1.0250E+03	0.0000E+00	0.0000E+00	1.5909E+00
1.0260E+03	0.0000E+00	0.0000E+00	1.5963E+00
1.0270E+03	0.0000E+00	0.0000E+00	1.6030E+00
1.0280E+03	0.0000E+00	0.0000E+00	1.6145E+00
1.0290E+03	0.0000E+00	0.0000E+00	1.6233E+00
1.0300E+03	0.0000E+00	0.0000E+00	1.6282E+00
1.0310E+03	0.0000E+00	0.0000E+00	1.6329E+00
1.0320E+03	0.0000E+00	0.0000E+00	1.6354E+00
1.0330E+03	0.0000E+00	0.0000E+00	1.6327E+00
1.0340E+03	0.0000E+00	0.0000E+00	1.6311E+00
1.0350E+03	0.0000E+00	0.0000E+00	1.6266E+00
1.0360E+03	0.0000E+00	0.0000E+00	1.6247E+00
1.0370E+03	0.0000E+00	0.0000E+00	1.6192E+00
1.0380E+03	0.0000E+00	0.0000E+00	1.6216E+00
1.0390E+03	0.0000E+00	0.0000E+00	1.6163E+00
1.0400E+03	0.0000E+00	0.0000E+00	1.6197E+00
1.0410E+03	0.0000E+00	0.0000E+00	1.6163E+00
1.0420E+03	0.0000E+00	0.0000E+00	1.6142E+00
1.0430E+03	0.0000E+00	0.0000E+00	1.6116E+00
1.0440E+03	0.0000E+00	0.0000E+00	1.6114E+00
1.0450E+03	0.0000E+00	0.0000E+00	1.6055E+00
1.0460E+03	0.0000E+00	0.0000E+00	1.6136E+00
1.0470E+03	0.0000E+00	0.0000E+00	1.6184E+00
1.0480E+03	0.0000E+00	0.0000E+00	1.6224E+00
1.0490E+03	0.0000E+00	0.0000E+00	1.6296E+00
1.0500E+03	0.0000E+00	0.0000E+00	1.6435E+00
1.0510E+03	0.0000E+00	0.0000E+00	1.6661E+00
1.0520E+03	0.0000E+00	0.0000E+00	1.6945E+00
1.0530E+03	0.0000E+00	0.0000E+00	1.7179E+00
1.0540E+03	0.0000E+00	0.0000E+00	1.7291E+00
1.0550E+03	0.0000E+00	0.0000E+00	1.7352E+00
1.0560E+03	0.0000E+00	0.0000E+00	1.7388E+00
1.0570E+03	0.0000E+00	0.0000E+00	1.7352E+00
1.0580E+03	0.0000E+00	0.0000E+00	1.7360E+00
1.0590E+03	0.0000E+00	0.0000E+00	1.7332E+00
1.0600E+03	0.0000E+00	0.0000E+00	1.7314E+00
1.0610E+03	0.0000E+00	0.0000E+00	1.7275E+00
1.0620E+03	0.0000E+00	0.0000E+00	1.7301E+00
1.0630E+03	0.0000E+00	0.0000E+00	1.7206E+00
1.0640E+03	0.0000E+00	0.0000E+00	1.7169E+00
1.0650E+03	0.0000E+00	0.0000E+00	1.7150E+00
1.0660E+03	0.0000E+00	0.0000E+00	1.7171E+00
1.0670E+03	0.0000E+00	0.0000E+00	1.7115E+00
1.0680E+03	0.0000E+00	0.0000E+00	1.7087E+00
1.0690E+03	0.0000E+00	0.0000E+00	1.7110E+00
1.0700E+03	0.0000E+00	0.0000E+00	1.7106E+00
1.0710E+03	0.0000E+00	0.0000E+00	1.7141E+00
1.0720E+03	0.0000E+00	0.0000E+00	1.7132E+00
1.0730E+03	0.0000E+00	0.0000E+00	1.7313E+00
1.0740E+03	0.0000E+00	0.0000E+00	1.7335E+00
1.0750E+03	0.0000E+00	0.0000E+00	1.7428E+00
1.0760E+03	0.0000E+00	0.0000E+00	1.7588E+00
1.0770E+03	0.0000E+00	0.0000E+00	1.7655E+00
1.0780E+03	0.0000E+00	0.0000E+00	1.7735E+00
1.0790E+03	0.0000E+00	0.0000E+00	1.7778E+00
1.0800E+03	0.0000E+00	0.0000E+00	1.7832E+00
1.0810E+03	0.0000E+00	0.0000E+00	1.7809E+00
1.0820E+03	0.0000E+00	0.0000E+00	1.7797E+00
1.0830E+03	0.0000E+00	0.0000E+00	1.7746E+00
1.0840E+03	0.0000E+00	0.0000E+00	1.7784E+00
1.0850E+03	0.0000E+00	0.0000E+00	1.7720E+00
1.0860E+03	0.0000E+00	0.0000E+00	1.7729E+00
1.0870E+03	0.0000E+00	0.0000E+00	1.7693E+00
1.0880E+03	0.0000E+00	0.0000E+00	1.7655E+00
1.0890E+03	0.0000E+00	0.0000E+00	1.7592E+00
1.0900E+03	0.0000E+00	0.0000E+00	1.7566E+00
1.0910E+03	0.0000E+00	0.0000E+00	1.7540E+00
1.0920E+03	0.0000E+00	0.0000E+00	1.7552E+00
1.0930E+03	0.0000E+00	0.0000E+00	1.7518E+00
1.0940E+03	0.0000E+00	0.0000E+00	1.7499E+00
1.0950E+03	0.0000E+00	0.0000E+00	1.7546E+00
1.0960E+03	0.0000E+00	0.0000E+00	1.7554E+00
1.0970E+03	0.0000E+00	0.0000E+00	1.7572E+00
1.0980E+03	0.0000E+00	0.0000E+00	1.7658E+00
1.0990E+03	0.0000E+00	0.0000E+00	1.7773E+00
1.1000E+03	0.0000E+00	0.0000E+00	1.7849E+00
1.1010E+03	0.0000E+00	0.0000E+00	1.7962E+00
1.1020E+03	0.0000E+00	0.0000E+00	1.7999E+00
1.1030E+03	0.0000E+00	0.0000E+00	1.8016E+00
1.1040E+03	0.0000E+00	0.0000E+00	1.8116E+00
1.1050E+03	0.0000E+00	0.0000E+00	1.8065E+00
1.1060E+03	0.0000E+00	0.0000E+00	1.8071E+00
1.1070E+03	0.0000E+00	0.0000E+00	1.7949E+00
1.1080E+03	0.0000E+00	0.0000E+00	1.7973E+00
1.1090E+03	0.0000E+00	0.0000E+00	1.7967E+00
1.1100E+03	0.0000E+00	0.0000E+00	1.7878E+00
1.1110E+03	0.0000E+00	0.0000E+00	1.7833E+00
1.1120E+03	0.0000E+00	0.0000E+00	1.7847E+00
1.1130E+03	0.0000E+00	0.0000E+00	1.7829E+00
1.1140E+03	0.0000E+00	0.0000E+00	1.7790E+00
1.1150E+03	0.0000E+00	0.0000E+00	1.7778E+00
1.1160E+03	0.0000E+00	0.0000E+00	1.7737E+00
1.1170E+03	0.0000E+00	0.0000E+00	1.7738E+00
1.1180E+03	0.0000E+00	0.0000E+00	1.7747E+00
1.1190E+03	0.0000E+00	0.0000E+00	1.7690E+00
1.1200E+03	0.0000E+00	0.0000E+00	1.7770E+00
1.1210E+03	0.0000E+00	0.0000E+00	1.7769E+00
1.1220E+03	0.0000E+00	0.0000E+00	1.7815E+00
1.1230E+03	0.0000E+00	0.0000E+00	1.7967E+00
1.1240E+03	0.0000E+00	0.0000E+00	1.8184E+00
1.1250E+03	0.0000E+00	0.0000E+00	1.8283E+00
1.1260E+03	0.0000E+00	0.0000E+00	1.8439E+00
1.1270E+03	0.0000E+00	0.0000E+00	1.8400E+00
1.1280E+03	0.0000E+00	0.0000E+00	1.8460E+00
1.1290E+03	0.0000E+00	0.0000E+00	1.8414E+00
1.1300E+03	0.0000E+00	0.0000E+00	1.8471E+00
1.1310E+03	0.0000E+00	0.0000E+00	1.8385E+00
1.1320E+03	0.0000E+00	0.0000E+00	1.8367E+00
1.1330E+03	0.0000E+00	0.0000E+00	1.8383E+00
1.1340E+03	0.0000E+00	0.0000E+00	1.8331E+00
1.1350E+03	0.0000E+00	0.0000E+00	1.8346E+00
1.1360E+03	0.0000E+00	0.0000E+00	1.8270E+00
1.1370E+03	0.0000E+00	0.0000E+00	1.8185E+00
1.1380E+03	0.0000E+00	0.0000E+00	1.8197E+00
1.1390E+03	0.0000E+00	0.0000E+00	1.8148E+00
1.1400E+03	0.0000E+00	0.0000E+00	1.8118E+00
1.1410E+03	0.0000E+00	0.0000E+00	1.8075E+00
1.1420E+03	0.0000E+00	0.0000E+00	1.8027E+00
1.1430E+03	0.0000E+00	0.0000E+00	1.8042E+00
1.1440E+03	0.0000E+00	0.0000E+00	1.8070E+00
1.1450E+03	0.0000E+00	0.0000E+00	1.8171E+00
1.1460E+03	0.0000E+00	0.0000E+00	1.8327E+00
1.1470E+03	0.0000E+00	0.0000E+00	1.8751E+00
1.1480E+03	0.0000E+00	0.0000E+00	1.8869E+00
1.1490E+03	0.0000E+00	0.0000E+00	1.9146E+00
1.1500E+03	0.0000E+00	0.0000E+00	1.9197E+00
1.1510E+03	0.0000E+00	0.0000E+00	1.9375E+00
1.1520E+03	0.0000E+00	0.0000E+00	1.9429E+00
1.1530E+03	0.0000E+00	0.0000E+00	1.9534E+00
1.1540E+03	0.0000E+00	0.0000E+00	1.9514E+00
1.1550E+03	0.0000E+00	0.0000E+00	1.9600E+00
1.1560E+03	0.0000E+00	0.0000E+00	1.9626E+00
1.1570E+03	0.0000E+00	0.0000E+00	1.9682E+00
1.1580E+03	0.0000E+00	0.0000E+00	1.9644E+00
1.1590E+03	0.0000E+00	0.0000E+00	1.9538E+00
1.1600E+03	0.0000E+00	0.0000E+00	1.9609E+00
1.1610E+03	0.0000E+00	0.0000E+00	1.9466E+00
1.1620E+03	0.0000E+00	0.0000E+00	1.9479E+00
1.1630E+03	0.0000E+00	0.0000E+00	1.9347E+00
1.1640E+03	0.0000E+00	0.0000E+00	1.9267E+00
1.1650E+03	0.0000E+00	0.0000E+00	1.9311E+00
1.1660E+03	0.0000E+00	0.0000E+00	1.9163E+00
1.1670E+03	0.0000E+00	0.0000E+00	1.9164E+00
1.1680E+03	0.0000E+00	0.0000E+00	1.9244E+00
1.1690E+03	0.0000E+00	0.0000E+00	1.9210E+00
1.1700E+03	0.0000E+00	0.0000E+00	1.9372E+00
1.1710E+03	0.0000E+00	0.0000E+00	1.9435E+00
1.1720E+03	0.0000E+00	0.0000E+00	1.9631E+00
1.1730E+03	0.0000E+00	0.0000E+00	1.9822E+00
1.1740E+03	0.0000E+00	0.0000E+00	1.9982E+00
1.1750E+03	0.0000E+00	0.0000E+00	2.0083E+00
1.1760E+03	0.0000E+00	0.0000E+00	2.0226E+00
1.1770E+03	0.0000E+00	0.0000E+00	2.0262E+00
1.1780E+03	0.0000E+00	0.0000E+00	2.0375E+00
1.1790E+03	0.0000E+00	0.0000E+00	2.0434E+00
1.1800E+03	0.0000E+00	0.0000E+00	2.0475E+00
1.1810E+03	0.0000E+00	0.0000E+00	2.0357E+00
1.1820E+03	0.0000E+00	0.0000E+00	2.0286E+00
1.1830E+03	0.0000E+00	0.0000E+00	2.0335E+00
1.1840E+03	0.0000E+00	0.0000E+00	2.0315E+00
1.1850E+03	0.0000E+00	0.0000E+00	2.0254E+00
1.1860E+03	0.0000E+00	0.0000E+00	2.0152E+00
1.1870E+03	0.0000E+00	0.0000E+00	2.0164E+00
1.1880E+03	0.0000E+00	0.0000E+00	2.0046E+00
1.1890E+03	0.0000E+00	0.0000E+00	1.9976E+00
1.1900E+03	0.0000E+00	0.0000E+00	1.9924E+00
1.1910E+03	0.0000E+00	0.0000E+00	1.9844E+00
1.1920E+03	0.0000E+00	0.0000E+00	1.9779E+00
1.1930E+03	0.0000E+00	0.0000E+00	1.9839E+00
1.1940E+03	0.0000E+00	0.0000E+00	1.9828E+00
1.1950E+03	0.0000E+00	0.0000E+00	1.9883E+00
1.1960E+03	0.0000E+00	0.0000E+00	1.9989E+00
1.1970E+03	0.0000E+00	0.0000E+00	2.0110E+00
1.1980E+03	0.0000E+00	0.0000E+00	2.0092E+00
1.1990E+03	0.0000E+00	0.0000E+00	2.0246E+00
1.2000E+03	0.0000E+00	0.0000E+00	2.0300E+00
1.2010E+03	0.0000E+00	0.0000E+00	2.0270E+00
1.2020E+03	0.0000E+00	0.0000E+00	2.0337E+00
1.2030E+03	0.0000E+00	0.0000E+00	2.0416E+00
1.2040E+03	0.0000E+00	0.0000E+00	2.0492E+00
1.2050E+03	0.0000E+00	0.0000E+00	2.0410E+00
1.2060E+03	0.0000E+00	0.0000E+00	2.0484E+00
1.2070E+03	0.0000E+00	0.0000E+00	2.0319E+00
1.2080E+03	0.0000E+00	0.0000E+00	2.0380E+00
1.2090E+03	0.0000E+00	0.0000E+00	2.0346E+00
1.2100E+03	0.0000E+00	0.0000E+00	2.0171E+00
1.2110E+03	0.0000E+00	0.0000E+00	2.0146E+00
1.2120E+03	0.0000E+00	0.0000E+00	2.0135E+00
1.2130E+03	0.0000E+00	0.0000E+00	1.9979E+00
1.2140E+03	0.0000E+00	0.0000E+00	1.9954E+00
1.2150E+03	0.0000E+00	0.0000E+00	1.9839E+00
1.2160E+03	0.0000E+00	0.0000E+00	1.9899E+00
1.2170E+03	0.0000E+00	0.0000E+00	1.9917E+00
1.2180E+03	0.0000E+00	0.0000E+00	1.9914E+00
1.2190E+03	0.0000E+00	0.0000E+00	2.0086E+00
1.2200E+03	0.0000E+00	0.0000E+00	2.0167E+00
1.2210E+03	0.0000E+00	0.0000E+00	2.0339E+00
1.2220E+03	0.0000E+00	0.0000E+00	2.0480E+00
1.2230E+03	0.0000E+00	0.0000E+00	2.0598E+00
1.2240E+03	0.0000E+00	0.0000E+00	2.0768E+00
1.2250E+03	0.0000E+00	0.0000E+00	2.0794E+00
1.2260E+03	0.0000E+00	0.0000E+00	2.0950E+00
1.2270E+03	0.0000E+00	0.0000E+00	2.1013E+00
1.2280E+03	0.0000E+00	0.0000E+00	2.1013E+00
1.2290E+03	0.0000E+00	0.0000E+00	2.1031E+00
1.2300E+03	0.0000E+00	0.0000E+00	2.0943E+00
1.2310E+03	0.0000E+00	0.0000E+00	2.0900E+00
1.2320E+03	0.0000E+00	0.0000E+00	2.0833E+00
1.2330E+03	0.0000E+00	0.0000E+00	2.0773E+00
1.2340E+03	0.0000E+00	0.0000E+00	2.0657E+00
1.2350E+03	0.0000E+00	0.0000E+00	2.0641E+00
1.2360E+03	0.0000E+00	0.0000E+00	2.0417E+00
1.2370E+03	0.0000E+00	0.0000E+00	2.0499E+00
1.2380E+03	0.0000E+00	0.0000E+00	2.0375E+00
1.2390E+03	0.0000E+00	0.0000E+00	2.0203E+00
1.2400E+03	0.0000E+00	0.0000E+00	2.0240E+00
1.2410E+03	0.0000E+00	0.0000E+00	2.0157E+00
1.2420E+03	0.0000E+00	0.0000E+00	2.0100E+00
1.2430E+03	0.0000E+00	0.0000E+00	2.0241E+00
1.2440E+03	0.0000E+00	0.0000E+00	2.0138E+00
1.2450E+03	0.0000E+00	0.0000E+00	2.0240E+00
1.2460E+03	0.0000E+00	0.0000E+00	2.0286E+00
1.2470E+03	0.0000E+00	0.0000E+00	2.0394E+00
1.2480E+03	0.0000E+00	0.0000E+00	2.0453E+00
1.2490E+03	0.0000E+00	0.0000E+00	2.0449E+00
1.2500E+03	0.0000E+00	0.0000E+00	2.0462E+00
1.2510E+03	0.0000E+00	0.0000E+00	2.0396E+00
1.2520E+03	0.0000E+00	0.0000E+00	2.0459E+00
1.2530E+03	0.0000E+00	0.0000E+00	2.0404E+00
1.2540E+03	0.0000E+00	0.0000E+00	2.0430E+00
1.2550E+03	0.0000E+00	0.0000E+00	2.0349E+00
1.2560E+03	0.0000E+00	0.0000E+00	2.0322E+00
1.2570E+03	0.0000E+00	0.0000E+00	2.0176E+00
1.2580E+03	0.0000E+00	0.0000E+00	2.0244E+00
1.2590E+03	0.0000E+00	0.0000E+00	2.0073E+00
1.2600E+03	0.0000E+00	0.0000E+00	2.0033E+00
1.2610E+03	0.0000E+00	0.0000E+00	1.9997E+00
1.2620E+03	0.0000E+00	0.0000E+00	1.9916E+00
1.2630E+03	0.0000E+00	0.0000E+00	1.9755E+00
1.2640E+03	0.0000E+00	0.0000E+00	1.9719E+00
1.2650E+03	0.0000E+00	0.0000E+00	1.9751E+00
1.2660E+03	0.0000E+00	0.0000E+00	1.9751E+00
1.2670E+03	0.0000E+00	0.0000E+00	1.9787E+00
1.2680E+03	0.0000E+00	0.0000E+00	1.9827E+00
1.2690E+03	0.0000E+00	0.0000E+00	1.9944E+00
1.2700E+03	0.0000E+00	0.0000E+00	2.0027E+00
1.2710E+03	0.0000E+00	0.0000E+00	2.0007E+00
1.2720E+03	0.0000E+00	0.0000E+00	2.0175E+00
1.2730E+03	0.0000E+00	0.0000E+00	2.0254E+00
1.2740E+03	0.0000E+00	0.0000E+00	2.0179E+00
1.2750E+03	0.0000E+00	0.0000E+00	2.0274E+00
1.2760E+03	0.0000E+00	0.0000E+00	2.0241E+00
1.2770E+03	0.0000E+00	0.0000E+00	2.0274E+00
1.2780E+03	0.0000E+00	0.0000E+00	2.0207E+00
1.2790E+03	0.0000E+00	0.0000E+00	2.0171E+00
1.2800E+03	0.0000E+00	0.0000E+00	2.0094E+00
1.2810E+03	0.0000E+00	0.0000E+00	2.0039E+00
1.2820E+03	0.0000E+00	0.0000E+00	2.0024E+00
1.2830E+03	0.0000E+00	0.0000E+00	1.9814E+00
1.2840E+03	0.0000E+00	0.0000E+00	1.9868E+00
1.2850E+03	0.0000E+00	0.0000E+00	1.9792E+00
1.2860E+03	0.0000E+00	0.0000E+00	1.9706E+00
1.2870E+03	0.0000E+00	0.0000E+00	1.9575E+00
1.2880E+03	0.0000E+00	0.0000E+00	1.9541E+00
1.2890E+03	0.0000E+00	0.0000E+00	1.9410E+00
1.2900E+03	0.0000E+00	0.0000E+00	1.9468E+00
1.2910E+03	0.0000E+00	0.0000E+00	1.9536E+00
1.2920E+03	0.0000E+00	0.0000E+00	1.9627E+00
1.2930E+03	0.0000E+00	0.0000E+00	1.9724E+00
1.2940E+03	0.0000E+00	0.0000E+00	1.9763E+00
1.2950E+03	0.0000E+00	0.0000E+00	1.9846E+00
1.2960E+03	0.0000E+00	0.0000E+00	1.9935E+00
1.2970E+03	0.0000E+00	0.0000E+00	1.9921E+00
1.2980E+03	0.0000E+00	0.0000E+00	2.0065E+00
1.2990E+03	0.0000E+00	0.0000E+00	2.0050E+00
1.3000E+03	0.0000E+00	0.0000E+00	2.0093E+00
1.3010E+03	0.0000E+00	0.0000E+00	2.0059E+00
1.3020E+03	0.0000E+00	0.0000E+00	2.0060E+00
1.3030E+03	0.0000E+00	0.0000E+00	1.9954E+00
1.3040E+03	0.0000E+00	0.0000E+00	1.9935E+00
1.3050E+03	0.0000E+00	0.0000E+00	1.9823E+00
1.3060E+03	0.0000E+00	0.0000E+00	1.9784E+00
1.3070E+03	0.0000E+00	0.0000E+00	1.9805E+00
1.3080E+03	0.0000E+00	0.0000E+00	1.9665E+00
1.3090E+03	0.0000E+00	0.0000E+00	1.9643E+00
1.3100E+03	0.0000E+00	0.0000E+00	1.9546E+00
1.3110E+03	0.0000E+00	0.0000E+00	1.9537E+00
1.3120E+03	0.0000E+00	0.0000E+00	1.9396E+00
1.3130E+03	0.0000E+00	0.0000E+00	1.9376E+00
1.3140E+03	0.0000E+00	0.0000E+00	1.9419E+00
1.3150E+03	0.0000E+00	0.0000E+00	1.9500E+00
1.3160E+03	0.0000E+00	0.0000E+00	1.9657E+00
1.3170E+03	0.0000E+00	0.0000E+00	1.9791E+00
1.3180E+03	0.0000E+00	0.0000E+00	1.9971E+00
1.3190E+03	0.0000E+00	0.0000E+00	2.0076E+00
1.3200E+03	0.0000E+00	0.0000E+00	2.0146E+00
1.3210E+03	0.0000E+00	0.0000E+00	2.0269E+00
1.3220E+03	0.0000E+00	0.0000E+00	2.0453E+00
1.3230E+03	0.0000E+00	0.0000E+00	2.0472E+00
1.3240E+03	0.0000E+00	0.0000E+00	2.0572E+00
1.3250E+03	0.0000E+00	0.0000E+00	2.0622E+00
1.3260E+03	0.0000E+00	0.0000E+00	2.0533E+00
1.3270E+03	0.0000E+00	0.0000E+00	2.0561E+00
1.3280E+03	0.0000E+00	0.0000E+00	2.0614E+00
1.3290E+03	0.0000E+00	0.0000E+00	2.0537E+00
1.3300E+03	0.0000E+00	0.0000E+00	2.0486E+00
1.3310E+03	0.0000E+00	0.0000E+00	2.0408E+00
1.3320E+03	0.0000E+00	0.0000E+00	2.0366E+00
1.3330E+03	0.0000E+00	0.0000E+00	2.0214E+00
1.3340E+03	0.0000E+00	0.0000E+00	2.0136E+00
1.3350E+03	0.0000E+00	0.0000E+00	2.0115E+00
1.3360E+03	0.0000E+00	0.0000E+00	1.9994E+00
1.3370E+03	0.0000E+00	0.0000E+00	2.0000E+00
1.3380E+03	0.0000E+00	0.0000E+00	1.9921E+00
1.3390E+03	0.0000E+00	0.0000E+00	2.0066E+00
1.3400E+03	0.0000E+00	0.0000E+00	2.0121E+00
1.3410E+03	0.0000E+00	0.0000E+00	2.0156E+00
1.3420E+03	0.0000E+00	0.0000E+00	2.0342E+00
1.3430E+03	0.0000E+00	0.0000E+00	2.0472E+00
1.3440E+03	0.0000E+00	0.0000E+00	2.0613E+00
1.3450E+03	0.0000E+00	0.0000E+00	2.0811E+00
1.3460E+03	0.0000E+00	0.0000E+00	2.0932E+00
1.3470E+03	0.0000E+00	0.0000E+00	2.1008E+00
1.3480E+03	0.0000E+00	0.0000E+00	2.1074E+00
1.3490E+03	0.0000E+00	0.0000E+00	2.1169E+00
1.3500E+03	0.0000E+00	0.0000E+00	2.1243E+00
1.3510E+03	0.0000E+00	0.0000E+00	2.1245E+00
1.3520E+03	0.0000E+00	0.0000E+00	2.1174E+00
1.3530E+03	0.0000E+00	0.0000E+00	2.1132E+00
1.3540E+03	0.0000E+00	0.0000E+00	2.1142E+00
1.3550E+03	0.0000E+00	0.0000E+00	2.1119E+00
1.3560E+03	0.0000E+00	0.0000E+00	2.1050E+00
1.3570E+03	0.0000E+00	0.0000E+00	2.1027E+00
1.3580E+03	0.0000E+00	0.0000E+00	2.0896E+00
1.3590E+03	0.0000E+00	0.0000E+00	2.0818E+00
1.3600E+03	0.0000E+00	0.0000E+00	2.0763E+00
1.3610E+03	0.0000E+00	0.0000E+00	2.0654E+00
1.3620E+03	0.0000E+00	0.0000E+00	2.0596E+00
1.3630E+03	0.0000E+00	0.0000E+00	2.0558E+00
1.3640E+03	0.0000E+00	0.0000E+00	2.0609E+00
1.3650E+03	0.0000E+00	0.0000E+00	2.0651E+00
1.3660E+03	0.0000E+00	0.0000E+00	2.0771E+00
1.3670E+03	0.0000E+00	0.0000E+00	2.0973E+00
1.3680E+03	0.0000E+00	0.0000E+00	2.1075E+00
1.3690E+03	0.0000E+00	0.0000E+00	2.1255E+00
1.3700E+03	0.0000E+00	0.0000E+00	2.1320E+00
1.3710E+03	0.0000E+00	0.0000E+00	2.1352E+00
1.3720E+03	0.0000E+00	0.0000E+00	2.1272E+00
1.3730E+03	0.0000E+00	0.0000E+00	2.1373E+00
1.3740E+03	0.0000E+00	0.0000E+00	2.1287E+00
1.3750E+03	0.0000E+00	0.0000E+00	2.1268E+00
1.3760E+03	0.0000E+00	0.0000E+00	2.1236E+00
1.3770E+03	0.0000E+00	0.0000E+00	2.1086E+00
1.3780E+03	0.0000E+00	0.0000E+00	2.0986E+00
1.3790E+03	0.0000E+00	0.0000E+00	2.0989E+00
1.3800E+03	0.0000E+00	0.0000E+00	2.0894E+00
1.3810E+03	0.0000E+00	0.0000E+00	2.0836E+00
1.3820E+03	0.0000E+00	0.0000E+00	2.0797E+00
1.3830E+03	0.0000E+00	0.0000E+00	2.0630E+00
1.3840E+03	0.0000E+00	0.0000E+00	2.0616E+00
1.3850E+03	0.0000E+00	0.0000E+00	2.0517E+00
1.3860E+03	0.0000E+00	0.0000E+00	2.0407E+00
1.3870E+03	0.0000E+00	0.0000E+00	2.0409E+00
1.3880E+03	0.0000E+00	0.0000E+00	2.0335E+00
1.3890E+03	0.0000E+00	0.0000E+00	2.0333E+00
1.3900E+03	0.0000E+00	0.0000E+00	2.0469E+00
1.3910E+03	0.0000E+00	0.0000E+00	2.0607E+00
1.3920E+03	0.0000E+00	0.0000E+00	2.0589E+00
1.3930E+03	0.0000E+00	0.0000E+00	2.0691E+00
1.3940E+03	0.0000E+00	0.0000E+00	2.0779E+00
1.3950E+03	0.0000E+00	0.0000E+00	2.0801E+00
1.3960E+03	0.0000E+00	0.0000E+00	2.0847E+00
1.3970E+03	0.0000E+00	0.0000E+00	2.0787E+00
1.3980E+03	0.0000E+00	0.0000E+00	2.0756E+00
1.3990E+03	0.0000E+00	0.0000E+00	2.0722E+00
1.4000E+03	0.0000E+00	0.0000E+00	2.0677E+00
1.4010E+03	0.0000E+00	0.0000E+00	2.0608E+00
1.4020E+03	0.0000E+00	0.0000E+00	2.0544E+00
1.4030E+03	0.0000E+00	0.0000E+00	2.0486E+00
1.4040E+03	0.0000E+00	0.0000E+00	2.0461E+00
1.4050E+03	0.0000E+00	0.0000E+00	2.0362E+00
1.4060E+03	0.0000E+00	0.0000E+00	2.0280E+00
1.4070E+03	0.0000E+00	0.0000E+00	2.0168E+00
1.4080E+03	0.0000E+00	0.0000E+00	2.0135E+00
1.4090E+03	0.0000E+00	0.0000E+00	1.9988E+00
1.4100E+03	0.0000E+00	0.0000E+00	1.9992E+00
1.4110E+03	0.0000E+00	0.0000E+00	1.9915E+00
1.4120E+03	0.0000E+00	0.0000E+00	2.0103E+00
1.4130E+03	0.0000E+00	0.0000E+00	2.0109E+00
1.4140E+03	0.0000E+00	0.0000E+00	2.0099E+00
1.4150E+03	0.0000E+00	0.0000E+00	2.0287E+00
1.4160E+03	0.0000E+00	0.0000E+00	2.0379E+00
1.4170E+03	0.0000E+00	0.0000E+00	2.0490E+00
1.4180E+03	0.0000E+00	0.0000E+00	2.0646E+00
1.4190E+03	0.0000E+00	0.0000E+00	2.0566E+00
1.4200E+03	0.0000E+00	0.0000E+00	2.0627E+00
1.4210E+03	0.0000E+00	0.0000E+00	2.0658E+00
1.4220E+03	0.0000E+00	0.0000E+00	2.0630E+00
1.4230E+03	0.0000E+00	0.0000E+00	2.0599E+00
1.4240E+03	0.0000E+00	0.0000E+00	2.0537E+00
1.4250E+03	0.0000E+00	0.0000E+00	2.0628E+00
1.4260E+03	0.0000E+00	0.0000E+00	2.0584E+00
1.4270E+03	0.0000E+00	0.0000E+00	2.0446E+00
1.4280E+03	0.0000E+00	0.0000E+00	2.0377E+00
1.4290E+03	0.0000E+00	0.0000E+00	2.0283E+00
1.4300E+03	0.0000E+00	0.0000E+00	2.0162E+00
1.4310E+03	0.0000E+00	0.0000E+00	2.0150E+00
1.4320E+03	0.0000E+00	0.0000E+00	2.0058E+00
1.4330E+03	0.0000E+00	0.0000E+00	2.0007E+00
1.4340E+03	0.0000E+00	0.0000E+00	1.9920E+00
1.4350E+03	0.0000E+00	0.0000E+00	1.9916E+00
1.4360E+03	0.0000E+00	0.0000E+00	2.0011E+00
1.4370E+03	0.0000E+00	0.0000E+00	2.0053E+00
1.4380E+03	0.0000E+00	0.0000E+00	2.0009E+00
1.4390E+03	0.0000E+00	0.0000E+00	2.0153E+00
1.4400E+03	0.0000E+00	0.0000E+00	2.0186E+00
1.4410E+03	0.0000E+00	0.0000E+00	2.0210E+00
1.4420E+03	0.0000E+00	0.0000E+00	2.0214E+00
1.4430E+03	0.0000E+00	0.0000E+00	2.0173E+00
1.4440E+03	0.0000E+00	0.0000E+00	2.0189E+00
1.4450E+03	0.0000E+00	0.0000E+00	2.0173E+00
1.4460E+03	0.0000E+00	0.0000E+00	2.0083E+00
1.4470E+03	0.0000E+00	0.0000E+00	2.0121E+00
1.4480E+03	0.0000E+00	0.0000E+00	2.0009E+00
1.4490E+03	0.0000E+00	0.0000E+00	2.0022E+00
1.4500E+03	0.0000E+00	0.0000E+00	2.0013E+00
1.4510E+03	0.0000E+00	0.0000E+00	1.9926E+00
1.4520E+03	0.0000E+00	0.0000E+00	1.9879E+00
1.4530E+03	0.0000E+00	0.0000E+00	1.9791E+00
1.4540E+03	0.0000E+00	0.0000E+00	1.9727E+00
1.4550E+03	0.0000E+00	0.0000E+00	1.9611E+00
1.4560E+03	0.0000E+00	0.0000E+00	1.9641E+00
1.4570E+03	0.0000E+00	0.0000E+00	1.9600E+00
1.4580E+03	0.0000E+00	0.0000E+00	1.9585E+00
1.4590E+03	0.0000E+00	0.0000E+00	1.9650E+00
1.4600E+03	0.0000E+00	0.0000E+00	1.9708E+00
1.4610E+03	0.0000E+00	0.0000E+00	1.9775E+00
1.4620E+03	0.0000E+00	0.0000E+00	1.9765E+00
1.4630E+03	0.0000E+00	0.0000E+00	1.9741E+00
1.4640E+03	0.0000E+00	0.0000E+00	1.9785E+00
1.4650E+03	0.0000E+00	0.0000E+00	1.9849E+00
1.4660E+03	0.0000E+00	0.0000E+00	1.9732E+00
1.4670E+03	0.0000E+00	0.0000E+00	1.9874E+00
1.4680E+03	0.0000E+00	0.0000E+00	1.9836E+00
1.4690E+03	0.0000E+00	0.0000E+00	1.9843E+00
1.4700E+03	0.0000E+00	0.0000E+00	1.9841E+00
1.4710E+03	0.0000E+00	0.0000E+00	1.9822E+00
1.4720E+03	0.0000E+00	0.0000E+00	1.9781E+00
1.4730E+03	0.0000E+00	0.0000E+00	1.9743E+00
1.4740E+03	0.0000E+00	0.0000E+00	1.9655E+00
1.4750E+03	0.0000E+00	0.0000E+00	1.9608E+00
1.4760E+03	0.0000E+00	0.0000E+00	1.9549E+00
1.4770E+03	0.0000E+00	0.0000E+00	1.9438E+00
1.4780E+03	0.0000E+00	0.0000E+00	1.9374E+00
1.4790E+03	0.0000E+00	0.0000E+00	1.9388E+00
1.4800E+03	0.0000E+00	0.0000E+00	1.9396E+00
1.4810E+03	0.0000E+00	0.0000E+00	1.9345E+00
1.4820E+03	0.0000E+00	0.0000E+00	1.9307E+00
1.4830E+03	0.0000E+00	0.0000E+00	1.9337E+00
1.4840E+03	0.0000E+00	0.0000E+00	1.9407E+00
1.4850E+03	0.0000E+00	0.0000E+00	1.9584E+00
1.4860E+03	0.0000E+00	0.0000E+00	1.9636E+00
1.4870E+03	0.0000E+00	0.0000E+00	1.9783E+00
1.4880E+03	0.0000E+00	0.0000E+00	1.9895E+00
1.4890E+03	0.0000E+00	0.0000E+00	1.9978E+00
1.4900E+03	0.0000E+00	0.0000E+00	2.0023E+00
1.4910E+03	0.0000E+00	0.0000E+00	2.0196E+00
1.4920E+03	0.0000E+00	0.0000E+00	2.0242E+00
1.4930E+03	0.0000E+00	0.0000E+00	2.0214E+00
1.4940E+03	0.0000E+00	0.0000E+00	2.0211E+00
1.4950E+03	0.0000E+00	0.0000E+00	2.0122E+00
1.4960E+03	0.0000E+00	0.0000E+00	2.0079E+00
1.4970E+03	0.0000E+00	0.0000E+00	2.0030E+00
1.4980E+03	0.0000E+00	0.0000E+00	1.9934E+00
1.4990E+03	0.0000E+00	0.0000E+00	1.9956E+00
1.5000E+03	0.0000E+00	0.0000E+00	1.9813E+00
1.5010E+03	0.0000E+00	0.0000E+00	1.9777E+00
1.5020E+03	0.0000E+00	0.0000E+00	1.9685E+00
1.5030E+03	0.0000E+00	0.0000E+00	1.9612E+00
1.5040E+03	0.0000E+00	0.0000E+00	1.9641E+00
1.5050E+03	0.0000E+00	0.0000E+00	1.9532E+00
1.5060E+03	0.0000E+00	0.0000E+00	1.9498E+00
1.5070E+03	0.0000E+00	0.0000E+00	1.9543E+00
1.5080E+03	0.0000E+00	0.0000E+00	1.9615E+00
1.5090E+03	0.0000E+00	0.0000E+00	1.9722E+00
1.5100E+03	0.0000E+00	0.0000E+00	1.9838E+00
1.5110E+03	0.0000E+00	0.0000E+00	1.9982E+00
1.5120E+03	0.0000E+00	0.0000E+00	2.0111E+00
1.5130E+03	0.0000E+00	0.0000E+00	2.0218E+00
1.5140E+03	0.0000E+00	0.0000E+00	2.0208E+00
1.5150E+03	0.0000E+00	0.0000E+00	2.0335E+00
1.5160E+03	0.0000E+00	0.0000E+00	2.0396E+00
1.5170E+03	0.0000E+00	0.0000E+00	2.0286E+00
1.5180E+03	0.0000E+00	0.0000E+00	2.0363E+00
1.5190E+03	0.0000E+00	0.0000E+00	2.0241E+00
1.5200E+03	0.0000E+00	0.0000E+00	2.0234E+00
1.5210E+03	0.0000E+00	0.0000E+00	2.0169E+00
1.5220E+03	0.0000E+00	0.0000E+00	2.0041E+00
1.5230E+03	0.0000E+00	0.0000E+00	2.0018E+00
1.5240E+03	0.0000E+00	0.0000E+00	1.9910E+00
1.5250E+03	0.0000E+00	0.0000E+00	1.9851E+00
1.5260E+03	0.0000E+00	0.0000E+00	1.9820E+00
1.5270E+03	0.0000E+00	0.0000E+00	1.9651E+00
1.5280E+03	0.0000E+00	0.0000E+00	1.9562E+00
1.5290E+03	0.0000E+00	0.0000E+00	1.9500E+00
1.5300E+03	0.0000E+00	0.0000E+00	1.9477E+00
1.5310E+03	0.0000E+00	0.0000E+00	1.9485E+00
1.5320E+03	0.0000E+00	0.0000E+00	1.9444E+00
1.5330E+03	0.0000E+00	0.0000E+00	1.9492E+00
1.5340E+03	0.0000E+00	0.0000E+00	1.9595E+00
1.5350E+03	0.0000E+00	0.0000E+00	1.9692E+00
1.5360E+03	0.0000E+00	0.0000E+00	1.9716E+00
1.5370E+03	0.0000E+00	0.0000E+00	1.9850E+00
1.5380E+03	0.0000E+00	0.0000E+00	1.9957E+00
1.5390E+03	0.0000E+00	0.0000E+00	1.9941E+00
1.5400E+03	0.0000E+00	0.0000E+00	1.9959E+00
1.5410E+03	0.0000E+00	0.0000E+00	2.0018E+00
1.5420E+03	0.0000E+00	0.0000E+00	1.9931E+00
1.5430E+03	0.0000E+00	0.0000E+00	1.9938E+00
1.5440E+03	0.0000E+00	0.0000E+00	1.9838E+00
1.5450E+03	0.0000E+00	0.0000E+00	1.9893E+00
1.5460E+03	0.0000E+00	0.0000E+00	1.9821E+00
1.5470E+03	0.0000E+00	0.0000E+00	1.9802E+00
1.5480E+03	0.0000E+00	0.0000E+00	1.9685E+00
1.5490E+03	0.0000E+00	0.0000E+00	1.9602E+00
1.5500E+03	0.0000E+00	0.0000E+00	1.9561E+00
1.5510E+03	0.0000E+00	0.0000E+00	1.9533E+00
1.5520E+03	0.0000E+00	0.0000E+00	1.9472E+00
1.5530E+03	0.0000E+00	0.0000E+00	1.9385E+00
1.5540E+03	0.0000E+00	0.0000E+00	1.9337E+00
1.5550E+03	0.0000E+00	0.0000E+00	1.9426E+00
1.5560E+03	0.0000E+00	0.0000E+00	1.9401E+00
1.5570E+03	0.0000E+00	0.0000E+00	1.9496E+00
1.5580E+03	0.0000E+00	0.0000E+00	1.9406E+00
1.5590E+03	0.0000E+00	0.0000E+00	1.9382E+00
1.5600E+03	0.0000E+00	0.0000E+00	1.9257E+00
1.5610E+03	0.0000E+00	0.0000E+00	1.9107E+00
1.5620E+03	0.0000E+00	0.0000E+00	1.9038E+00
1.5630E+03	0.0000E+00	0.0000E+00	1.8940E+00
1.5640E+03	0.0000E+00	0.0000E+00	1.8889E+00
1.5650E+03	0.0000E+00	0.0000E+00	1.8795E+00
1.5660E+03	0.0000E+00	0.0000E+00	1.8689E+00
1.5670E+03	0.0000E+00	0.0000E+00	1.8604E+00
1.5680E+03	0.0000E+00	0.0000E+00	1.8578E+00
1.5690E+03	0.0000E+00	0.0000E+00	1.8551E+00
1.5700E+03	0.0000E+00	0.0000E+00	1.8460E+00
1.5710E+03	0.0000E+00	0.0000E+00	1.8463E+00
1.5720E+03	0.0000E+00	0.0000E+00	1.8335E+00
1.5730E+03	0.0000E+00	0.0000E+00	1.8338E+00
1.5740E+03	0.0000E+00	0.0000E+00	1.8255E+00
1.5750E+03	0.0000E+00	0.0000E+00	1.8238E+00
1.5760E+03	0.0000E+00	0.0000E+00	1.8224E+00
1.5770E+03	0.0000E+00	0.0000E+00	1.8140E+00
1.5780E+03	0.0000E+00	0.0000E+00	1.8102E+00
1.5790E+03	0.0000E+00	0.0000E+00	1.8061E+00
1.5800E+03	0.0000E+00	0.0000E+00	1.7993E+00
1.5810E+03	0.0000E+00	0.0000E+00	1.8012E+00
1.5820E+03	0.0000E+00	0.0000E+00	1.7891E+00
1.5830E+03	0.0000E+00	0.0000E+00	1.7859E+00
1.5840E+03	0.0000E+00	0.0000E+00	1.7849E+00
1.5850E+03	0.0000E+00	0.0000E+00	1.7823E+00
1.5860E+03	0.0000E+00	0.0000E+00	1.7835E+00
1.5870E+03	0.0000E+00	0.0000E+00	1.7723E+00
1.5880E+03	0.0000E+00	0.0000E+00	1.7708E+00
1.5890E+03	0.0000E+00	0.0000E+00	1.7639E+00
1.5900E+03	0.0000E+00	0.0000E+00	1.7574E+00
1.5910E+03	0.0000E+00	0.0000E+00	1.7532E+00
1.5920E+03	0.0000E+00	0.0000E+00	1.7559E+00
1.5930E+03	0.0000E+00	0.0000E+00	1.7518E+00
1.5940E+03	0.0000E+00	0.0000E+00	1.7494E+00
1.5950E+03	0.0000E+00	0.0000E+00	1.7486E+00
1.5960E+03	0.0000E+00	0.0000E+00	1.7462E+00
1.5970E+03	0.0000E+00	0.0000E+00	1.7444E+00
1.5980E+03	0.0000E+00	0.0000E+00	1.7402E+00
1.5990E+03	0.0000E+00	0.0000E+00	1.7350E+00
1.6000E+03	0.0000E+00	0.0000E+00	1.7303E+00
1.6010E+03	0.0000E+00	0.0000E+00	1.7211E+00
1.6020E+03	0.0000E+00	0.0000E+00	1.7244E+00
1.6030E+03	0.0000E+00	0.0000E+00	1.7253E+00
1.6040E+03	0.0000E+00	0.0000E+00	1.7305E+00
1.6050E+03	0.0000E+00	0.0000E+00	1.7299E+00
1.6060E+03	0.0000E+00	0.0000E+00	1.7410E+00
1.6070E+03	0.0000E+00	0.0000E+00	1.7483E+00
1.6080E+03	0.0000E+00	0.0000E+00	1.7518E+00
1.6090E+03	0.0000E+00	0.0000E+00	1.7544E+00
1.6100E+03	0.0000E+00	0.0000E+00	1.7534E+00
1.6110E+03	0.0000E+00	0.0000E+00	1.7560E+00
1.6120E+03	0.0000E+00	0.0000E+00	1.7549E+00
1.6130E+03	0.0000E+00	0.0000E+00	1.7494E+00
1.6140E+03	0.0000E+00	0.0000E+00	1.7436E+00
1.6150E+03	0.0000E+00	0.0000E+00	1.7410E+00
1.6160E+03	0.0000E+00	0.0000E+00	1.7393E+00
1.6170E+03	0.0000E+00	0.0000E+00	1.7377E+00
1.6180E+03	0.0000E+00	0.0000E+00	1.7390E+00
1.6190E+03	0.0000E+00	0.0000E+00	1.7358E+00
1.6200E+03	0.0000E+00	0.0000E+00	1.7347E+00
1.6210E+03	0.0000E+00	0.0000E+00	1.7301E+00
1.6220E+03	0.0000E+00	0.0000E+00	1.7291E+00
1.6230E+03	0.0000E+00	0.0000E+00	1.7213E+00
1.6240E+03	0.0000E+00	0.0000E+00	1.7215E+00
1.6250E+03	0.0000E+00	0.0000E+00	1.7217E+00
1.6260E+03	0.0000E+00	0.0000E+00	1.7191E+00
1.6270E+03	0.0000E+00	0.0000E+00	1.7212E+00
1.6280E+03	0.0000E+00	0.0000E+00	1.7261E+00
1.6290E+03	0.0000E+00	0.0000E+00	1.7329E+00
1.6300E+03	0.0000E+00	0.0000E+00	1.7486E+00
1.6310E+03	0.0000E+00	0.0000E+00	1.7592E+00
1.6320E+03	0.0000E+00	0.0000E+00	1.7788E+00
1.6330E+03	0.0000E+00	0.0000E+00	1.7879E+00
1.6340E+03	0.0000E+00	0.0000E+00	1.7880E+00
1.6350E+03	0.0000E+00	0.0000E+00	1.7948E+00
1.6360E+03	0.0000E+00	0.0000E+00	1.7907E+00
1.6370E+03	0.0000E+00	0.0000E+00	1.7932E+00
1.6380E+03	0.0000E+00	0.0000E+00	1.7860E+00
1.6390E+03	0.0000E+00	0.0000E+00	1.7871E+00
1.6400E+03	0.0000E+00	0.0000E+00	1.7824E+00
1.6410E+03	0.0000E+00	0.0000E+00	1.7763E+00
1.6420E+03	0.0000E+00	0.0000E+00	1.7748E+00
1.6430E+03	0.0000E+00	0.0000E+00	1.7702E+00
1.6440E+03	0.0000E+00	0.0000E+00	1.7673E+00
1.6450E+03	0.0000E+00	0.0000E+00	1.7612E+00
1.6460E+03	0.0000E+00	0.0000E+00	1.7610E+00
1.6470E+03	0.0000E+00	0.0000E+00	1.7549E+00
1.6480E+03	0.0000E+00	0.0000E+00	1.7479E+00
1.6490E+03	0.0000E+00	0.0000E+00	1.7503E+00
1.6500E+03	0.0000E+00	0.0000E+00	1.7523E+00
1.6510E+03	0.0000E+00	0.0000E+00	1.7576E+00
1.6520E+03	0.0000E+00	0.0000E+00	1.7746E+00
1.6530E+03	0.0000E+00	0.0000E+00	1.7975E+00
1.6540E+03	0.0000E+00	0.0000E+00	1.8220E+00
1.6550E+03	0.0000E+00	0.0000E+00	1.8384E+00
1.6560E+03	0.0000E+00	0.0000E+00	1.8589E+00
1.6570E+03	0.0000E+00	0.0000E+00	1.8677E+00
1.6580E+03	0.0000E+00	0.0000E+00	1.8706E+00
1.6590E+03	0.0000E+00	0.0000E+00	1.8758E+00
1.6600E+03	0.0000E+00	0.0000E+00	1.8745E+00
1.6610E+03	0.0000E+00	0.0000E+00	1.8680E+00
1.6620E+03	0.0000E+00	0.0000E+00	1.8633E+00
1.6630E+03	0.0000E+00	0.0000E+00	1.8660E+00
1.6640E+03	0.0000E+00	0.0000E+00	1.8582E+00
1.6650E+03	0.0000E+00	0.0000E+00	1.8567E+00
1.6660E+03	0.0000E+00	0.0000E+00	1.8460E+00
1.6670E+03	0.0000E+00	0.0000E+00	1.8452E+00
1.6680E+03	0.0000E+00	0.0000E+00	1.8391E+00
1.6690E+03	0.0000E+00	0.0000E+00	1.8287E+00
1.6700E+03	0.0000E+00	0.0000E+00	1.8259E+00
1.6710E+03	0.0000E+00	0.0000E+00	1.8158E+00
1.6720E+03	0.0000E+00	0.0000E+00	1.8130E+00
1.6730E+03	0.0000E+00	0.0000E+00	1.8102E+00
1.6740E+03	0.0000E+00	0.0000E+00	1.8075E+00
1.6750E+03	0.0000E+00	0.0000E+00	1.8247E+00
1.6760E+03	0.0000E+00	0.0000E+00	1.8373E+00
1.6770E+03	0.0000E+00	0.0000E+00	1.8651E+00
1.6780E+03	0.0000E+00	0.0000E+00	1.8905E+00
1.6790E+03	0.0000E+00	0.0000E+00	1.9086E+00
1.6800E+03	0.0000E+00	0.0000E+00	1.9192E+00
1.6810E+03	0.0000E+00	0.0000E+00	1.9324E+00
1.6820E+03	0.0000E+00	0.0000E+00	1.9415E+00
1.6830E+03	0.0000E+00	0.0000E+00	1.9461E+00
1.6840E+03	0.0000E+00	0.0000E+00	1.9488E+00
1.6850E+03	0.0000E+00	0.0000E+00	1.9484E+00
1.6860E+03	0.0000E+00	0.0000E+00	1.9384E+00
1.6870E+03	0.0000E+00	0.0000E+00	1.9379E+00
1.6880E+03	0.0000E+00	0.0000E+00	1.9357E+00
1.6890E+03	0.0000E+00	0.0000E+00	1.9243E+00
1.6900E+03	0.0000E+00	0.0000E+00	1.9162E+00
1.6910E+03	0.0000E+00	0.0000E+00	1.9116E+00
1.6920E+03	0.0000E+00	0.0000E+00	1.9032E+00
1.6930E+03	0.0000E+00	0.0000E+00	1.8971E+00
1.6940E+03	0.0000E+00	0.0000E+00	1.8870E+00
1.6950E+03	0.0000E+00	0.0000E+00	1.8739E+00
1.6960E+03	0.0000E+00	0.0000E+00	1.8649E+00
1.6970E+03	0.0000E+00	0.0000E+00	1.8672E+00
1.6980E+03	0.0000E+00	0.0000E+00	1.8681E+00
1.6990E+03	0.0000E+00	0.0000E+00	1.8806E+00
1.7000E+03	0.0000E+00	0.0000E+00	1.9025E+00
1.7010E+03	0.0000E+00	0.0000E+00	1.9218E+00
1.7020E+03	0.0000E+00	0.0000E+00	1.9374E+00
1.7030E+03	0.0000E+00	0.0000E+00	1.9508E+00
1.7040E+03	0.0000E+00	0.0000E+00	1.9684E+00
1.7050E+03	0.0000E+00	0.0000E+00	1.9910E+00
1.7060E+03	0.0000E+00	0.0000E+00	1.9981E+00
1.7070E+03	0.0000E+00	0.0000E+00	2.0096E+00
1.7080E+03	0.0000E+00	0.0000E+00	2.0141E+00
1.7090E+03	0.0000E+00	0.0000E+00	2.0133E+00
1.7100E+03	0.0000E+00	0.0000E+00	2.0190E+00
1.7110E+03	0.0000E+00	0.0000E+00	2.0122E+00
1.7120E+03	0.0000E+00	0.0000E+00	1.9992E+00
1.7130E+03	0.0000E+00	0.0000E+00	2.0023E+00
1.7140E+03	0.0000E+00	0.0000E+00	1.9847E+00
1.7150E+03	0.0000E+00	0.0000E+00	1.9797E+00
1.7160E+03	0.0000E+00	0.0000E+00	1.9634E+00
1.7170E+03	0.0000E+00	0.0000E+00	1.9546E+00
1.7180E+03	0.0000E+00	0.0000E+00	1.9477E+00
1.7190E+03	0.0000E+00	0.0000E+00	1.9383E+00
1.7200E+03	0.0000E+00	0.0000E+00	1.9367E+00
1.7210E+03	0.0000E+00	0.0000E+00	1.9156E+00
1.7220E+03	0.0000E+00	0.0000E+00	1.9093E+00
1.7230E+03	0.0000E+00	0.0000E+00	1.9168E+00
1.7240E+03	0.0000E+00	0.0000E+00	1.9394E+00
1.7250E+03	0.0000E+00	0.0000E+00	1.9625E+00
1.7260E+03	0.0000E+00	0.0000E+00	1.9769E+00
1.7270E+03	0.0000E+00	0.0000E+00	1.9884E+00
1.7280E+03	0.0000E+00	0.0000E+00	2.0037E+00
1.7290E+03	0.0000E+00	0.0000E+00	2.0071E+00
1.7300E+03	0.0000E+00	0.0000E+00	2.0163E+00
1.7310E+03	0.0000E+00	0.0000E+00	2.0226E+00
1.7320E+03	0.0000E+00	0.0000E+00	2.0278E+00
1.7330E+03	0.0000E+00	0.0000E+00	2.0226E+00
1.7340E+03	0.0000E+00	0.0000E+00	2.0140E+00
1.7350E+03	0.0000E+00	0.0000E+00	2.0010E+00
1.7360E+03	0.0000E+00	0.0000E+00	2.0048E+00
1.7370E+03	0.0000E+00	0.0000E+00	1.9915E+00
1.7380E+03	0.0000E+00	0.0000E+00	1.9744E+00
1.7390E+03	0.0000E+00	0.0000E+00	1.9717E+00
1.7400E+03	0.0000E+00	0.0000E+00	1.9658E+00
1.7410E+03	0.0000E+00	0.0000E+00	1.9611E+00
1.7420E+03	0.0000E+00	0.0000E+00	1.9422E+00
1.7430E+03	0.0000E+00	0.0000E+00	1.9354E+00
1.7440E+03	0.0000E+00	0.0000E+00	1.9240E+00
1.7450E+03	0.0000E+00	0.0000E+00	1.9201E+00
1.7460E+03	0.0000E+00	0.0000E+00	1.9265E+00
1.7470E+03	0.0000E+00	0.0000E+00	1.9408E+00
1.7480E+03	0.0000E+00	0.0000E+00	1.9443E+00
1.7490E+03	0.0000E+00	0.0000E+00	1.9677E+00
1.7500E+03	0.0000E+00	0.0000E+00	1.9878E+00
1.7510E+03	0.0000E+00	0.0000E+00	2.0027E+00
1.7520E+03	0.0000E+00	0.0000E+00	2.0160E+00
1.7530E+03	0.0000E+00	0.0000E+00	2.0249E+00
1.7540E+03	0.0000E+00	0.0000E+00	2.0398E+00
1.7550E+03	0.0000E+00	0.0000E+00	2.0604E+00
1.7560E+03	0.0000E+00	0.0000E+00	2.0531E+00
1.7570E+03	0.0000E+00	0.0000E+00	2.0591E+00
1.7580E+03	0.0000E+00	0.0000E+00	2.0617E+00
1.7590E+03	0.0000E+00	0.0000E+00	2.0529E+00
1.7600E+03	0.0000E+00	0.0000E+00	2.0568E+00
1.7610E+03	0.0000E+00	0.0000E+00	2.0506E+00
1.7620E+03	0.0000E+00	0.0000E+00	2.0401E+00
1.7630E+03	0.0000E+00	0.0000E+00	2.0358E+00
1.7640E+03	0.0000E+00	0.0000E+00	2.0203E+00
1.7650E+03	0.0000E+00	0.0000E+00	2.0182E+00
1.7660E+03	0.0000E+00	0.0000E+00	1.9931E+00
1.7670E+03	0.0000E+00	0.0000E+00	1.9882E+00
1.7680E+03	0.0000E+00	0.0000E+00	1.9753E+00
1.7690E+03	0.0000E+00	0.0000E+00	1.9731E+00
1.7700E+03	0.0000E+00	0.0000E+00	1.9650E+00
1.7710E+03	0.0000E+00	0.0000E+00	1.9636E+00
1.7720E+03	0.0000E+00	0.0000E+00	1.9752E+00
1.7730E+03	0.0000E+00	0.0000E+00	1.9918E+00
1.7740E+03	0.0000E+00	0.0000E+00	1.9996E+00
1.7750E+03	0.0000E+00	0.0000E+00	2.0200E+00
1.7760E+03	0.0000E+00	0.0000E+00	2.0321E+00
1.7770E+03	0.0000E+00	0.0000E+00	2.0470E+00
1.7780E+03	0.0000E+00	0.0000E+00	2.0522E+00
1.7790E+03	0.0000E+00	0.0000E+00	2.0511E+00
1.7800E+03	0.0000E+00	0.0000E+00	2.0569E+00
1.7810E+03	0.0000E+00	0.0000E+00	2.0555E+00
1.7820E+03	0.0000E+00	0.0000E+00	2.0503E+00
1.7830E+03	0.0000E+00	0.0000E+00	2.0452E+00
1.7840E+03	0.0000E+00	0.0000E+00	2.0355E+00
1.7850E+03	0.0000E+00	0.0000E+00	2.0261E+00
1.7860E+03	0.0000E+00	0.0000E+00	2.0160E+00
1.7870E+03	0.0000E+00	0.0000E+00	2.0052E+00
1.7880E+03	0.0000E+00	0.0000E+00	1.9838E+00
1.7890E+03	0.0000E+00	0.0000E+00	1.9793E+00
1.7900E+03	0.0000E+00	0.0000E+00	1.9622E+00
1.7910E+03	0.0000E+00	0.0000E+00	1.9536E+00
1.7920E+03	0.0000E+00	0.0000E+00	1.9486E+00
1.7930E+03	0.0000E+00	0.0000E+00	1.9369E+00
1.7940E+03	0.0000E+00	0.0000E+00	1.9324E+00
1.7950E+03	0.0000E+00	0.0000E+00	1.9337E+00
1.7960E+03	0.0000E+00	0.0000E+00	1.9438E+00
1.7970E+03	0.0000E+00	0.0000E+00	1.9497E+00
1.7980E+03	0.0000E+00	0.0000E+00	1.9631E+00
1.7990E+03	0.0000E+00	0.0000E+00	1.9758E+00
1.8000E+03	0.0000E+00	0.0000E+00	1.9956E+00
1.8010E+03	0.0000E+00	0.0000E+00	2.0008E+00
1.8020E+03	0.0000E+00	0.0000E+00	2.0107E+00
1.8030E+03	0.0000E+00	0.0000E+00	2.0077E+00
1.8040E+03	0.0000E+00	0.0000E+00	2.0084E+00
1.8050E+03	0.0000E+00	0.0000E+00	1.9962E+00
1.8060E+03	0.0000E+00	0.0000E+00	1.9931E+00
1.8070E+03	0.0000E+00	0.0000E+00	1.9911E+00
1.8080E+03	0.0000E+00	0.0000E+00	1.9824E+00
1.8090E+03	0.0000E+00	0.0000E+00	1.9637E+00
1.8100E+03	0.0000E+00	0.0000E+00	1.9681E+00
1.8110E+03	0.0000E+00	0.0000E+00	1.9611E+00
1.8120E+03	0.0000E+00	0.0000E+00	1.9447E+00
1.8130E+03	0.0000E+00	0.0000E+00	1.9344E+00
1.8140E+03	0.0000E+00	0.0000E+00	1.9233E+00
1.8150E+03	0.0000E+00	0.0000E+00	1.9157E+00
1.8160E+03	0.0000E+00	0.0000E+00	1.9047E+00
1.8170E+03	0.0000E+00	0.0000E+00	1.9030E+00
1.8180E+03	0.0000E+00	0.0000E+00	1.9094E+00
1.8190E+03	0.0000E+00	0.0000E+00	1.9116E+00
1.8200E+03	0.0000E+00	0.0000E+00	1.9288E+00
1.8210E+03	0.0000E+00	0.0000E+00	1.9390E+00
1.8220E+03	0.0000E+00	0.0000E+00	1.9583E+00
1.8230E+03	0.0000E+00	0.0000E+00	1.9834E+00
1.8240E+03	0.0000E+00	0.0000E+00	1.9966E+00
1.8250E+03	0.0000E+00	0.0000E+00	2.0013E+00
1.8260E+03	0.0000E+00	0.0000E+00	2.0044E+00
1.8270E+03	0.0000E+00	0.0000E+00	2.0044E+00
1.8280E+03	0.0000E+00	0.0000E+00	2.0127E+00
1.8290E+03	0.0000E+00	0.0000E+00	2.0044E+00
1.8300E+03	0.0000E+00	0.0000E+00	1.9884E+00
1.8310E+03	0.0000E+00	0.0000E+00	1.9764E+00
1.8320E+03	0.0000E+00	0.0000E+00	1.9762E+00
1.8330E+03	0.0000E+00	0.0000E+00	1.9726E+00
1.8340E+03	0.0000E+00	0.0000E+00	1.9589E+00
1.8350E+03	0.0000E+00	0.0000E+00	1.9456E+00
1.8360E+03	0.0000E+00	0.0000E+00	1.9330E+00
1.8370E+03	0.0000E+00	0.0000E+00	1.9202E+00
1.8380E+03	0.0000E+00	0.0000E+00	1.9138E+00
1.8390E+03	0.0000E+00	0.0000E+00	1.9039E+00
1.8400E+03	0.0000E+00	0.0000E+00	1.8955E+00
1.8410E+03	0.0000E+00	0.0000E+00	1.8868E+00
1.8420E+03	0.0000E+00	0.0000E+00	1.8932E+00
1.8430E+03	0.0000E+00	0.0000E+00	1.8955E+00
1.8440E+03	0.0000E+00	0.0000E+00	1.9022E+00
1.8450E+03	0.0000E+00	0.0000E+00	1.9218E+00
1.8460E+03	0.0000E+00	0.0000E+00	1.9314E+00
1.8470E+03	0.0000E+00	0.0000E+00	1.9464E+00
1.8480E+03	0.0000E+00	0.0000E+00	1.9609E+00
1.8490E+03	0.0000E+00	0.0000E+00	1.9645E+00
1.8500E+03	0.0000E+00	0.0000E+00	1.9675E+00
1.8510E+03	0.0000E+00	0.0000E+00	1.9617E+00
1.8520E+03	0.0000E+00	0.0000E+00	1.9583E+00
1.8530E+03	0.0000E+00	0.0000E+00	1.9475E+00
1.8540E+03	0.0000E+00	0.0000E+00	1.9392E+00
1.8550E+03	0.0000E+00	0.0000E+00	1.9336E+00
1.8560E+03	0.0000E+00	0.0000E+00	1.9249E+00
1.8570E+03	0.0000E+00	0.0000E+00	1.9213E+00
1.8580E+03	0.0000E+00	0.0000E+00	1.9155E+00
1.8590E+03	0.0000E+00	0.0000E+00	1.8995E+00
1.8600E+03	0.0000E+00	0.0000E+00	1.8958E+00
1.8610E+03	0.0000E+00	0.0000E+00	1.8824E+00
1.8620E+03	0.0000E+00	0.0000E+00	1.8790E+00
1.8630E+03	0.0000E+00	0.0000E+00	1.8631E+00
1.8640E+03	0.0000E+00	0.0000E+00	1.8622E+00
1.8650E+03	0.0000E+00	0.0000E+00	1.8569E+00
1.8660E+03	0.0000E+00	0.0000E+00	1.8610E+00
1.8670E+03	0.0000E+00	0.0000E+00	1.8754E+00
1.8680E+03	0.0000E+00	0.0000E+00	1.8916E+00
1.8690E+03	0.0000E+00	0.0000E+00	1.8994E+00
1.8700E+03	0.0000E+00	0.0000E+00	1.9130E+00
1.8710E+03	0.0000E+00	0.0000E+00	1.9326E+00
1.8720E+03	0.0000E+00	0.0000E+00	1.9380E+00
1.8730E+03	0.0000E+00	0.0000E+00	1.9365E+00
1.8740E+03	0.0000E+00	0.0000E+00	1.9459E+00
1.8750E+03	0.0000E+00	0.0000E+00	1.9449E+00
1.8760E+03	0.0000E+00	0.0000E+00	1.9340E+00
1.8770E+03	0.0000E+00	0.0000E+00	1.9269E+00
1.8780E+03	0.0000E+00	0.0000E+00	1.9179E+00
1.8790E+03	0.0000E+00	0.0000E+00	1.9064E+00
1.8800E+03	0.0000E+00	0.0000E+00	1.8989E+00
1.8810E+03	0.0000E+00	0.0000E+00	1.8994E+00
1.8820E+03	0.0000E+00	0.0000E+00	1.8903E+00
1.8830E+03	0.0000E+00	0.0000E+00	1.8817E+00
1.8840E+03	0.0000E+00	0.0000E+00	1.8705E+00
1.8850E+03	0.0000E+00	0.0000E+00	1.8588E+00
1.8860E+03	0.0000E+00	0.0000E+00	1.8547E+00
1.8870E+03	0.0000E+00	0.0000E+00	1.8442E+00
1.8880E+03	0.0000E+00	0.0000E+00	1.8340E+00
1.8890E+03	0.0000E+00	0.0000E+00	1.8300E+00
1.8900E+03	0.0000E+00	0.0000E+00	1.8320E+00
1.8910E+03	0.0000E+00	0.0000E+00	1.8360E+00
1.8920E+03	0.0000E+00	0.0000E+00	1.8483E+00
1.8930E+03	0.0000E+00	0.0000E+00	1.8646E+00
1.8940E+03	0.0000E+00	0.0000E+00	1.8768E+00
1.8950E+03	0.0000E+00	0.0000E+00	1.8821E+00
1.8960E+03	0.0000E+00	0.0000E+00	1.8919E+00
1.8970E+03	0.0000E+00	0.0000E+00	1.8979E+00
1.8980E+03	0.0000E+00	0.0000E+00	1.8916E+00
1.8990E+03	0.0000E+00	0.0000E+00	1.8899E+00
1.9000E+03	0.0000E+00	0.0000E+00	1.8895E+00
1.9010E+03	0.0000E+00	0.0000E+00	1.8773E+00
1.9020E+03	0.0000E+00	0.0000E+00	1.8732E+00
1.9030E+03	0.0000E+00	0.0000E+00	1.8687E+00
1.9040E+03	0.0000E+00	0.0000E+00	1.8593E+00
1.9050E+03	0.0000E+00	0.0000E+00	1.8584E+00
1.9060E+03	0.0000E+00	0.0000E+00	1.8537E+00
1.9070E+03	0.0000E+00	0.0000E+00	1.8432E+00
1.9080E+03	0.0000E+00	0.0000E+00	1.8426E+00
1.9090E+03	0.0000E+00	0.0000E+00	1.8333E+00
1.9100E+03	0.0000E+00	0.0000E+00	1.8263E+00
1.9110E+03	0.0000E+00	0.0000E+00	1.8160E+00
1.9120E+03	0.0000E+00	0.0000E+00	1.8122E+00
1.9130E+03	0.0000E+00	0.0000E+00	1.8080E+00
1.9140E+03	0.0000E+00	0.0000E+00	1.8092E+00
1.9150E+03	0.0000E+00	0.0000E+00	1.8163E+00
1.9160E+03	0.0000E+00	0.0000E+00	1.8271E+00
1.9170E+03	0.0000E+00	0.0000E+00	1.8242E+00
1.9180E+03	0.0000E+00	0.0000E+00	1.8352E+00
1.9190E+03	0.0000E+00	0.0000E+00	1.8403E+00
1.9200E+03	0.0000E+00	0.0000E+00	1.8415E+00
1.9210E+03	0.0000E+00	0.0000E+00	1.8433E+00
1.9220E+03	0.0000E+00	0.0000E+00	1.8435E+00
1.9230E+03	0.0000E+00	0.0000E+00	1.8431E+00
1.9240E+03	0.0000E+00	0.0000E+00	1.8310E+00
1.9250E+03	0.0000E+00	0.0000E+00	1.8318E+00
1.9260E+03	0.0000E+00	0.0000E+00	1.8305E+00
1.9270E+03	0.0000E+00	0.0000E+00	1.8208E+00
1.9280E+03	0.0000E+00	0.0000E+00	1.8189E+00
1.9290E+03	0.0000E+00	0.0000E+00	1.8192E+00
1.9300E+03	0.0000E+00	0.0000E+00	1.8149E+00
1.9310E+03	0.0000E+00	0.0000E+00	1.8149E+00
1.9320E+03	0.0000E+00	0.0000E+00	1.8162E+00
1.9330E+03	0.0000E+00	0.0000E+00	1.8141E+00
1.9340E+03	0.0000E+00	0.0000E+00	1.8075E+00
1.9350E+03	0.0000E+00	0.0000E+00	1.8021E+00
1.9360E+03	0.0000E+00	0.0000E+00	1.7960E+00
1.9370E+03	0.0000E+00	0.0000E+00	1.7959E+00
1.9380E+03	0.0000E+00	0.0000E+00	1.7949E+00
1.9390E+03	0.0000E+00	0.0000E+00	1.8022E+00
1.9400E+03	0.0000E+00	0.0000E+00	1.8208E+00
1.9410E+03	0.0000E+00	0.0000E+00	1.8352E+00
1.9420E+03	0.0000E+00	0.0000E+00	1.8495E+00
1.9430E+03	0.0000E+00	0.0000E+00	1.8594E+00
1.9440E+03	0.0000E+00	0.0000E+00	1.8617E+00
1.9450E+03	0.0000E+00	0.0000E+00	1.8689E+00
1.9460E+03	0.0000E+00	0.0000E+00	1.8670E+00
1.9470E+03	0.0000E+00	0.0000E+00	1.8568E+00
1.9480E+03	0.0000E+00	0.0000E+00	1.8600E+00
1.9490E+03	0.0000E+00	0.0000E+00	1.8520E+00
1.9500E+03	0.0000E+00	0.0000E+00	1.8413E+00
1.9510E+03	0.0000E+00	0.0000E+00	1.8358E+00
1.9520E+03	0.0000E+00	0.0000E+00	1.8300E+00
1.9530E+03	0.0000E+00	0.0000E+00	1.8225E+00
1.9540E+03	0.0000E+00	0.0000E+00	1.8191E+00
1.9550E+03	0.0000E+00	0.0000E+00	1.8132E+00
1.9560E+03	0.0000E+00	0.0000E+00	1.8044E+00
1.9570E+03	0.0000E+00	0.0000E+00	1.7952E+00
1.9580E+03	0.0000E+00	0.0000E+00	1.7856E+00
1.9590E+03	0.0000E+00	0.0000E+00	1.7746E+00
1.9600E+03	0.0000E+00	0.0000E+00	1.7714E+00
1.9610E+03	0.0000E+00	0.0000E+00	1.7689E+00
1.9620E+03	0.0000E+00	0.0000E+00	1.7713E+00
1.9630E+03	0.0000E+00	0.0000E+00	1.7742E+00
1.9640E+03	0.0000E+00	0.0000E+00	1.7867E+00
1.9650E+03	0.0000E+00	0.0000E+00	1.8010E+00
1.9660E+03	0.0000E+00	0.0000E+00	1.8085E+00
1.9670E+03	0.0000E+00	0.0000E+00	1.8264E+00
1.9680E+03	0.0000E+00	0.0000E+00	1.8296E+00
1.9690E+03	0.0000E+00	0.0000E+00	1.8236E+00
1.9700E+03	0.0000E+00	0.0000E+00	1.8271E+00
1.9710E+03	0.0000E+00	0.0000E+00	1.8171E+00
1.9720E+03	0.0000E+00	0.0000E+00	1.8151E+00
1.9730E+03	0.0000E+00	0.0000E+00	1.8037E+00
1.9740E+03	0.0000E+00	0.0000E+00	1.8015E+00
1.9750E+03	0.0000E+00	0.0000E+00	1.7957E+00
1.9760E+03	0.0000E+00	0.0000E+00	1.7913E+00
1.9770E+03	0.0000E+00	0.0000E+00	1.7822E+00
1.9780E+03	0.0000E+00	0.0000E+00	1.7837E+00
1.9790E+03	0.0000E+00	0.0000E+00	1.7760E+00
1.9800E+03	0.0000E+00	0.0000E+00	1.7669E+00
1.9810E+03	0.0000E+00	0.0000E+00	1.7600E+00
1.9820E+03	0.0000E+00	0.0000E+00	1.7552E+00
1.9830E+03	0.0000E+00	0.0000E+00	1.7475E+00
1.9840E+03	0.0000E+00	0.0000E+00	1.7423E+00
1.9850E+03	0.0000E+00	0.0000E+00	1.7392E+00
1.9860E+03	0.0000E+00	0.0000E+00	1.7439E+00
1.9870E+03	0.0000E+00	0.0000E+00	1.7499E+00
1.9880E+03	0.0000E+00	0.0000E+00	1.7607E+00
1.9890E+03	0.0000E+00	0.0000E+00	1.7850E+00
1.9900E+03	0.0000E+00	0.0000E+00	1.7984E+00
1.9910E+03	0.0000E+00	0.0000E+00	1.8150E+00
1.9920E+03	0.0000E+00	0.0000E+00	1.8182E+00
1.9930E+03	0.0000E+00	0.0000E+00	1.8224E+00
1.9940E+03	0.0000E+00	0.0000E+00	1.8212E+00
1.9950E+03	0.0000E+00	0.0000E+00	1.8224E+00
1.9960E+03	0.0000E+00	0.0000E+00	1.8110E+00
1.9970E+03	0.0000E+00	0.0000E+00	1.8111E+00
1.9980E+03	0.0000E+00	0.0000E+00	1.8029E+00
1.9990E+03	0.0000E+00	0.0000E+00	1.7926E+00
2.0000E+03	0.0000E+00	0.0000E+00	1.7948E+00
2.0010E+03	0.0000E+00	0.0000E+00	1.7891E+00
2.0020E+03	0.0000E+00	0.0000E+00	1.7754E+00
2.0030E+03	0.0000E+00	0.0000E+00	1.7716E+00
2.0040E+03	0.0000E+00	0.0000E+00	1.7628E+00
2.0050E+03	0.0000E+00	0.0000E+00	1.7555E+00
2.0060E+03	0.0000E+00	0.0000E+00	1.7474E+00
2.0070E+03	0.0000E+00	0.0000E+00	1.7395E+00
2.0080E+03	0.0000E+00	0.0000E+00	1.7356E+00
2.0090E+03	0.0000E+00	0.0000E+00	1.7374E+00
2.0100E+03	0.0000E+00	0.0000E+00	1.7406E+00
2.0110E+03	0.0000E+00	0.0000E+00	1.7548E+00
2.0120E+03	0.0000E+00	0.0000E+00	1.7709E+00
2.0130E+03	0.0000E+00	0.0000E+00	1.7892E+00
2.0140E+03	0.0000E+00	0.0000E+00	1.7994E+00
2.0150E+03	0.0000E+00	0.0000E+00	1.8118E+00
2.0160E+03	0.0000E+00	0.0000E+00	1.8159E+00
2.0170E+03	0.0000E+00	0.0000E+00	1.8157E+00
2.0180E+03	0.0000E+00	0.0000E+00	1.8171E+00
2.0190E+03	0.0000E+00	0.0000E+00	1.8174E+00
2.0200E+03	0.0000E+00	0.0000E+00	1.8079E+00
2.0210E+03	0.0000E+00	0.0000E+00	1.7983E+00
2.0220E+03	0.0000E+00	0.0000E+00	1.7966E+00
2.0230E+03	0.0000E+00	0.0000E+00	1.7881E+00
2.0240E+03	0.0000E+00	0.0000E+00	1.7795E+00
2.0250E+03	0.0000E+00	0.0000E+00	1.7756E+00
2.0260E+03	0.0000E+00	0.0000E+00	1.7694E+00
2.0270E+03	0.0000E+00	0.0000E+00	1.7658E+00
2.0280E+03	0.0000E+00	0.0000E+00	1.7518E+00
2.0290E+03	0.0000E+00	0.0000E+00	1.7493E+00
2.0300E+03	0.0000E+00	0.0000E+00	1.7391E+00
2.0310E+03	0.0000E+00	0.0000E+00	1.7386E+00
2.0320E+03	0.0000E+00	0.0000E+00	1.7318E+00
2.0330E+03	0.0000E+00	0.0000E+00	1.7362E+00
2.0340E+03	0.0000E+00	0.0000E+00	1.7347E+00
2.0350E+03	0.0000E+00	0.0000E+00	1.7409E+00
2.0360E+03	0.0000E+00	0.0000E+00	1.7553E+00
2.0370E+03	0.0000E+00	0.0000E+00	1.7653E+00
2.0380E+03	0.0000E+00	0.0000E+00	1.7844E+00
2.0390E+03	0.0000E+00	0.0000E+00	1.7881E+00
2.0400E+03	0.0000E+00	0.0000E+00	1.7986E+00
2.0410E+03	0.0000E+00	0.0000E+00	1.8033E+00
2.0420E+03	0.0000E+00	0.0000E+00	1.8108E+00
2.0430E+03	0.0000E+00	0.0000E+00	1.8009E+00
2.0440E+03	0.0000E+00	0.0000E+00	1.7975E+00
2.0450E+03	0.0000E+00	0.0000E+00	1.7963E+00
2.0460E+03	0.0000E+00	0.0000E+00	1.7877E+00
2.0470E+03	0.0000E+00	0.0000E+00	1.7775E+00
2.0480E+03	0.0000E+00	0.0000E+00	1.7704E+00
2.0490E+03	0.0000E+00	0.0000E+00	1.7674E+00
2.0500E+03	0.0000E+00	0.0000E+00	1.7582E+00
2.0510E+03	0.0000E+00	0.0000E+00	1.7564E+00
2.0520E+03	0.0000E+00	0.0000E+00	1.7474E+00
2.0530E+03	0.0000E+00	0.0000E+00	1.7404E+00
2.0540E+03	0.0000E+00	0.0000E+00	1.7324E+00
2.0550E+03	0.0000E+00	0.0000E+00	1.7243E+00
2.0560E+03	0.0000E+00	0.0000E+00	1.7239E+00
2.0570E+03	0.0000E+00	0.0000E+00	1.7230E+00
2.0580E+03	0.0000E+00	0.0000E+00	1.7290E+00
2.0590E+03	0.0000E+00	0.0000E+00	1.7405E+00
2.0600E+03	0.0000E+00	0.0000E+00	1.7562E+00
2.0610E+03	0.0000E+00	0.0000E+00	1.7728E+00
2.0620E+03	0.0000E+00	0.0000E+00	1.7830E+00
2.0630E+03	0.0000E+00	0.0000E+00	1.7907E+00
2.0640E+03	0.0000E+00	0.0000E+00	1.7954E+00
2.0650E+03	0.0000E+00	0.0000E+00	1.7934E+00
2.0660E+03	0.0000E+00	0.0000E+00	1.7899E+00
2.0670E+03	0.0000E+00	0.0000E+00	1.7866E+00
2.0680E+03	0.0000E+00	0.0000E+00	1.7859E+00
2.0690E+03	0.0000E+00	0.0000E+00	1.7759E+00
2.0700E+03	0.0000E+00	0.0000E+00	1.7739E+00
2.0710E+03	0.0000E+00	0.0000E+00	1.7662E+00
2.0720E+03	0.0000E+00	0.0000E+00	1.7619E+00
2.0730E+03	0.0000E+00	0.0000E+00	1.7562E+00
2.0740E+03	0.0000E+00	0.0000E+00	1.7513E+00
2.0750E+03	0.0000E+00	0.0000E+00	1.7464E+00
2.0760E+03	0.0000E+00	0.0000E+00	1.7400E+00
2.0770E+03	0.0000E+00	0.0000E+00	1.7330E+00
2.0780E+03	0.0000E+00	0.0000E+00	1.7263E+00
2.0790E+03	0.0000E+00	0.0000E+00	1.7215E+00
2.0800E+03	0.0000E+00	0.0000E+00	1.7177E+00
2.0810E+03	0.0000E+00	0.0000E+00	1.7125E+00
2.0820E+03	0.0000E+00	0.0000E+00	1.7166E+00
2.0830E+03	0.0000E+00	0.0000E+00	1.7258E+00
2.0840E+03	0.0000E+00	0.0000E+00	1.7421E+00
2.0850E+03	0.0000E+00	0.0000E+00	1.7592E+00
2.0860E+03	0.0000E+00	0.0000E+00	1.7776E+00
2.0870E+03	0.0000E+00	0.0000E+00	1.7976E+00
2.0880E+03	0.0000E+00	0.0000E+00	1.8045E+00
2.0890E+03	0.0000E+00	0.0000E+00	1.8049E+00
2.0900E+03	0.0000E+00	0.0000E+00	1.8061E+00
2.0910E+03	0.0000E+00	0.0000E+00	1.8118E+00
2.0920E+03	0.0000E+00	0.0000E+00	1.7972E+00
2.0930E+03	0.0000E+00	0.0000E+00	1.7872E+00
2.0940E+03	0.0000E+00	0.0000E+00	1.7875E+00
2.0950E+03	0.0000E+00	0.0000E+00	1.7809E+00
2.0960E+03	0.0000E+00	0.0000E+00	1.7737E+00
2.0970E+03	0.0000E+00	0.0000E+00	1.7678E+00
2.0980E+03	0.0000E+00	0.0000E+00	1.7582E+00
2.0990E+03	0.0000E+00	0.0000E+00	1.7500E+00
2.1000E+03	0.0000E+00	0.0000E+00	1.7408E+00
2.1010E+03	0.0000E+00	0.0000E+00	1.7319E+00
2.1020E+03	0.0000E+00	0.0000E+00	1.7281E+00
2.1030E+03	0.0000E+00	0.0000E+00	1.7196E+00
2.1040E+03	0.0000E+00	0.0000E+00	1.7113E+00
2.1050E+03	0.0000E+00	0.0000E+00	1.7122E+00
2.1060E+03	0.0000E+00	0.0000E+00	1.7223E+00
2.1070E+03	0.0000E+00	0.0000E+00	1.7319E+00
2.1080E+03	0.0000E+00	0.0000E+00	1.7451E+00
2.1090E+03	0.0000E+00	0.0000E+00	1.7623E+00
2.1100E+03	0.0000E+00	0.0000E+00	1.7799E+00
2.1110E+03	0.0000E+00	0.0000E+00	1.7919E+00
2.1120E+03	0.0000E+00	0.0000E+00	1.8070E+00
2.1130E+03	0.0000E+00	0.0000E+00	1.8118E+00
2.1140E+03	0.0000E+00	0.0000E+00	1.8116E+00
2.1150E+03	0.0000E+00	0.0000E+00	1.8095E+00
2.1160E+03	0.0000E+00	0.0000E+00	1.8010E+00
2.1170E+03	0.0000E+00	0.0000E+00	1.7928E+00
2.1180E+03	0.0000E+00	0.0000E+00	1.7842E+00
2.1190E+03	0.0000E+00	0.0000E+00	1.7762E+00
2.1200E+03	0.0000E+00	0.0000E+00	1.7688E+00
2.1210E+03	0.0000E+00	0.0000E+00	1.7606E+00
2.1220E+03	0.0000E+00	0.0000E+00	1.7516E+00
2.1230E+03	0.0000E+00	0.0000E+00	1.7447E+00
2.1240E+03	0.0000E+00	0.0000E+00	1.7364E+00
2.1250E+03	0.0000E+00	0.0000E+00	1.7277E+00
2.1260E+03	0.0000E+00	0.0000E+00	1.7211E+00
2.1270E+03	0.0000E+00	0.0000E+00	1.7072E+00
2.1280E+03	0.0000E+00	0.0000E+00	1.7067E+00
2.1290E+03	0.0000E+00	0.0000E+00	1.7071E+00
2.1300E+03	0.0000E+00	0.0000E+00	1.7118E+00
2.1310E+03	0.0000E+00	0.0000E+00	1.7269E+00
2.1320E+03	0.0000E+00	0.0000E+00	1.7445E+00
2.1330E+03	0.0000E+00	0.0000E+00	1.7599E+00
2.1340E+03	0.0000E+00	0.0000E+00	1.7799E+00
2.1350E+03	0.0000E+00	0.0000E+00	1.7958E+00
2.1360E+03	0.0000E+00	0.0000E+00	1.8081E+00
2.1370E+03	0.0000E+00	0.0000E+00	1.8122E+00
2.1380E+03	0.0000E+00	0.0000E+00	1.8091E+00
2.1390E+03	0.0000E+00	0.0000E+00	1.8038E+00
2.1400E+03	0.0000E+00	0.0000E+00	1.8020E+00
2.1410E+03	0.0000E+00	0.0000E+00	1.7898E+00
2.1420E+03	0.0000E+00	0.0000E+00	1.7799E+00
2.1430E+03	0.0000E+00	0.0000E+00	1.7676E+00
2.1440E+03	0.0000E+00	0.0000E+00	1.7667E+00
2.1450E+03	0.0000E+00	0.0000E+00	1.7553E+00
2.1460E+03	0.0000E+00	0.0000E+00	1.7514E+00
2.1470E+03	0.0000E+00	0.0000E+00	1.7443E+00
2.1480E+03	0.0000E+00	0.0000E+00	1.7352E+00
2.1490E+03	0.0000E+00	0.0000E+00	1.7304E+00
2.1500E+03	0.0000E+00	0.0000E+00	1.7213E+00
2.1510E+03	0.0000E+00	0.0000E+00	1.7139E+00
2.1520E+03	0.0000E+00	0.0000E+00	1.7053E+00
2.1530E+03	0.0000E+00	0.0000E+00	1.7109E+00
2.1540E+03	0.0000E+00	0.0000E+00	1.7180E+00
2.1550E+03	0.0000E+00	0.0000E+00	1.7370E+00
2.1560E+03	0.0000E+00	0.0000E+00	1.7551E+00
2.1570E+03	0.0000E+00	0.0000E+00	1.7702E+00
2.1580E+03	0.0000E+00	0.0000E+00	1.7843E+00
2.1590E+03	0.0000E+00	0.0000E+00	1.7978E+00
2.1600E+03	0.0000E+00	0.0000E+00	1.8014E+00
2.1610E+03	0.0000E+00	0.0000E+00	1.7969E+00
2.1620E+03	0.0000E+00	0.0000E+00	1.7966E+00
2.1630E+03	0.0000E+00	0.0000E+00	1.7857E+00
2.1640E+03	0.0000E+00	0.0000E+00	1.7850E+00
2.1650E+03	0.0000E+00	0.0000E+00	1.7699E+00
2.1660E+03	0.0000E+00	0.0000E+00	1.7583E+00
2.1670E+03	0.0000E+00	0.0000E+00	1.7477E+00
2.1680E+03	0.0000E+00	0.0000E+00	1.7448E+00
2.1690E+03	0.0000E+00	0.0000E+00	1.7365E+00
2.1700E+03	0.0000E+00	0.0000E+00	1.7244E+00
2.1710E+03	0.0000E+00	0.0000E+00	1.7148E+00
2.1720E+03	0.0000E+00	0.0000E+00	1.7065E+00
2.1730E+03	0.0000E+00	0.0000E+00	1.6948E+00
2.1740E+03	0.0000E+00	0.0000E+00	1.6869E+00
2.1750E+03	0.0000E+00	0.0000E+00	1.6813E+00
2.1760E+03	0.0000E+00	0.0000E+00	1.6671E+00
2.1770E+03	0.0000E+00	0.0000E+00	1.6610E+00
2.1780E+03	0.0000E+00	0.0000E+00	1.6626E+00
2.1790E+03	0.0000E+00	0.0000E+00	1.6702E+00
2.1800E+03	0.0000E+00	0.0000E+00	1.6756E+00
2.1810E+03	0.0000E+00	0.0000E+00	1.6869E+00
2.1820E+03	0.0000E+00	0.0000E+00	1.6957E+00
2.1830E+03	0.0000E+00	0.0000E+00	1.7062E+00
2.1840E+03	0.0000E+00	0.0000E+00	1.7107E+00
2.1850E+03	0.0000E+00	0.0000E+00	1.7141E+00
2.1860E+03	0.0000E+00	0.0000E+00	1.7121E+00
2.1870E+03	0.0000E+00	0.0000E+00	1.7098E+00
2.1880E+03	0.0000E+00	0.0000E+00	1.7000E+00
2.1890E+03	0.0000E+00	0.0000E+00	1.6996E+00
2.1900E+03	0.0000E+00	0.0000E+00	1.6889E+00
2.1910E+03	0.0000E+00	0.0000E+00	1.6827E+00
2.1920E+03	0.0000E+00	0.0000E+00	1.6792E+00
2.1930E+03	0.0000E+00	0.0000E+00	1.6738E+00
2.1940E+03	0.0000E+00	0.0000E+00	1.6660E+00
2.1950E+03	0.0000E+00	0.0000E+00	1.6614E+00
2.1960E+03	0.0000E+00	0.0000E+00	1.6564E+00
2.1970E+03	0.0000E+00	0.0000E+00	1.6496E+00
2.1980E+03	0.0000E+00	0.0000E+00	1.6406E+00
2.1990E+03	0.0000E+00	0.0000E+00	1.6359E+00
2.2000E+03	0.0000E+00	0.0000E+00	1.6300E+00
2.2010E+03	0.0000E+00	0.0000E+00	1.6234E+00
2.2020E+03	0.0000E+00	0.0000E+00	1.6258E+00
2.2030E+03	0.0000E+00	0.0000E+00	1.6317E+00
2.2040E+03	0.0000E+00	0.0000E+00	1.6400E+00
2.2050E+03	0.0000E+00	0.0000E+00	1.6545E+00
2.2060E+03	0.0000E+00	0.0000E+00	1.6667E+00
2.2070E+03	0.0000E+00	0.0000E+00	1.6774E+00
2.2080E+03	0.0000E+00	0.0000E+00	1.6863E+00
2.2090E+03	0.0000E+00	0.0000E+00	1.6946E+00
2.2100E+03	0.0000E+00	0.0000E+00	1.6978E+00
2.2110E+03	0.0000E+00	0.0000E+00	1.6911E+00
2.2120E+03	0.0000E+00	0.0000E+00	1.6881E+00
2.2130E+03	0.0000E+00	0.0000E+00	1.6812E+00
2.2140E+03	0.0000E+00	0.0000E+00	1.6737E+00
2.2150E+03	0.0000E+00	0.0000E+00	1.6660E+00
2.2160E+03	0.0000E+00	0.0000E+00	1.6631E+00
2.2170E+03	0.0000E+00	0.0000E+00	1.6587E+00
2.2180E+03	0.0000E+00	0.0000E+00	1.6514E+00
2.2190E+03	0.0000E+00	0.0000E+00	1.6429E+00
2.2200E+03	0.0000E+00	0.0000E+00	1.6371E+00
2.2210E+03	0.0000E+00	0.0000E+00	1.6308E+00
2.2220E+03	0.0000E+00	0.0000E+00	1.6265E+00
2.2230E+03	0.0000E+00	0.0000E+00	1.6252E+00
2.2240E+03	0.0000E+00	0.0000E+00	1.6250E+00
2.2250E+03	0.0000E+00	0.0000E+00	1.6215E+00
2.2260E+03	0.0000E+00	0.0000E+00	1.6187E+00
2.2270E+03	0.0000E+00	0.0000E+00	1.6271E+00
2.2280E+03	0.0000E+00	0.0000E+00	1.6310E+00
2.2290E+03	0.0000E+00	0.0000E+00	1.6414E+00
2.2300E+03	0.0000E+00	0.0000E+00	1.6533E+00
2.2310E+03	0.0000E+00	0.0000E+00	1.6597E+00
2.2320E+03	0.0000E+00	0.0000E+00	1.6657E+00
2.2330E+03	0.0000E+00	0.0000E+00	1.6666E+00
2.2340E+03	0.0000E+00	0.0000E+00	1.6689E+00
2.2350E+03	0.0000E+00	0.0000E+00	1.6635E+00
2.2360E+03	0.0000E+00	0.0000E+00	1.6644E+00
2.2370E+03	0.0000E+00	0.0000E+00	1.6560E+00
2.2380E+03	0.0000E+00	0.0000E+00	1.6499E+00
2.2390E+03	0.0000E+00	0.0000E+00	1.6432E+00
2.2400E+03	0.0000E+00	0.0000E+00	1.6395E+00
2.2410E+03	0.0000E+00	0.0000E+00	1.6332E+00
2.2420E+03	0.0000E+00	0.0000E+00	1.6289E+00
2.2430E+03	0.0000E+00	0.0000E+00	1.6247E+00
2.2440E+03	0.0000E+00	0.0000E+00	1.6209E+00
2.2450E+03	0.0000E+00	0.0000E+00	1.6134E+00
2.2460E+03	0.0000E+00	0.0000E+00	1.6080E+00
2.2470E+03	0.0000E+00	0.0000E+00	1.6003E+00
2.2480E+03	0.0000E+00	0.0000E+00	1.5912E+00
2.2490E+03	0.0000E+00	0.0000E+00	1.5843E+00
2.2500E+03	0.0000E+00	0.0000E+00	1.5835E+00
2.2510E+03	0.0000E+00	0.0000E+00	1.5867E+00
2.2520E+03	0.0000E+00	0.0000E+00	1.5965E+00
2.2530E+03	0.0000E+00	0.0000E+00	1.6088E+00
2.2540E+03	0.0000E+00	0.0000E+00	1.6196E+00
2.2550E+03	0.0000E+00	0.0000E+00	1.6324E+00
2.2560E+03	0.0000E+00	0.0000E+00	1.6448E+00
2.2570E+03	0.0000E+00	0.0000E+00	1.6472E+00
2.2580E+03	0.0000E+00	0.0000E+00	1.6508E+00
2.2590E+03	0.0000E+00	0.0000E+00	1.6456E+00
2.2600E+03	0.0000E+00	0.0000E+00	1.6406E+00
2.2610E+03	0.0000E+00	0.0000E+00	1.6364E+00
2.2620E+03	0.0000E+00	0.0000E+00	1.6315E+00
2.2630E+03	0.0000E+00	0.0000E+00	1.6259E+00
2.2640E+03	0.0000E+00	0.0000E+00	1.6183E+00
2.2650E+03	0.0000E+00	0.0000E+00	1.6165E+00
2.2660E+03	0.0000E+00	0.0000E+00	1.6097E+00
2.2670E+03	0.0000E+00	0.0000E+00	1.6054E+00
2.2680E+03	0.0000E+00	0.0000E+00	1.5975E+00
2.2690E+03	0.0000E+00	0.0000E+00	1.5949E+00
2.2700E+03	0.0000E+00	0.0000E+00	1.5869E+00
2.2710E+03	0.0000E+00	0.0000E+00	1.5841E+00
2.2720E+03	0.0000E+00	0.0000E+00	1.5771E+00
2.2730E+03	0.0000E+00	0.0000E+00	1.5761E+00
2.2740E+03	0.0000E+00	0.0000E+00	1.5830E+00
2.2750E+03	0.0000E+00	0.0000E+00	1.5914E+00
2.2760E+03	0.0000E+00	0.0000E+00	1.6033E+00
2.2770E+03	0.0000E+00	0.0000E+00	1.6094E+00
2.2780E+03	0.0000E+00	0.0000E+00	1.6169E+00
2.2790E+03	0.0000E+00	0.0000E+00	1.6246E+00
2.2800E+03	0.0000E+00	0.0000E+00	1.6279E+00
2.2810E+03	0.0000E+00	0.0000E+00	1.6271E+00
2.2820E+03	0.0000E+00	0.0000E+00	1.6258E+00
2.2830E+03	0.0000E+00	0.0000E+00	1.6262E+00
2.2840E+03	0.0000E+00	0.0000E+00	1.6228E+00
2.2850E+03	0.0000E+00	0.0000E+00	1.6193E+00
2.2860E+03	0.0000E+00	0.0000E+00	1.6130E+00
2.2870E+03	0.0000E+00	0.0000E+00	1.6072E+00
2.2880E+03	0.0000E+00	0.0000E+00	1.6050E+00
2.2890E+03	0.0000E+00	0.0000E+00	1.5981E+00
2.2900E+03	0.0000E+00	0.0000E+00	1.5939E+00
2.2910E+03	0.0000E+00	0.0000E+00	1.5897E+00
2.2920E+03	0.0000E+00	0.0000E+00	1.5820E+00
2.2930E+03	0.0000E+00	0.0000E+00	1.5749E+00
2.2940E+03	0.0000E+00	0.0000E+00	1.5687E+00
2.2950E+03	0.0000E+00	0.0000E+00	1.5657E+00
2.2960E+03	0.0000E+00	0.0000E+00	1.5606E+00
2.2970E+03	0.0000E+00	0.0000E+00	1.5600E+00
2.2980E+03	0.0000E+00	0.0000E+00	1.5551E+00
2.2990E+03	0.0000E+00	0.0000E+00	1.5562E+00
2.3000E+03	0.0000E+00	0.0000E+00	1.5633E+00
2.3010E+03	0.0000E+00	0.0000E+00	1.5736E+00
2.3020E+03	0.0000E+00	0.0000E+00	1.5881E+00
2.3030E+03	0.0000E+00	0.0000E+00	1.6016E+00
2.3040E+03	0.0000E+00	0.0000E+00	1.6133E+00
2.3050E+03	0.0000E+00	0.0000E+00	1.6168E+00
2.3060E+03	0.0000E+00	0.0000E+00	1.6195E+00
2.3070E+03	0.0000E+00	0.0000E+00	1.6209E+00
2.3080E+03	0.0000E+00	0.0000E+00	1.6158E+00
2.3090E+03	0.0000E+00	0.0000E+00	1.6093E+00
2.3100E+03	0.0000E+00	0.0000E+00	1.6055E+00
2.3110E+03	0.0000E+00	0.0000E+00	1.5985E+00
2.3120E+03	0.0000E+00	0.0000E+00	1.5983E+00
2.3130E+03	0.0000E+00	0.0000E+00	1.5935E+00
2.3140E+03	0.0000E+00	0.0000E+00	1.5893E+00
2.3150E+03	0.0000E+00	0.0000E+00	1.5846E+00
2.3160E+03	0.0000E+00	0.0000E+00	1.5760E+00
2.3170E+03	0.0000E+00	0.0000E+00	1.5714E+00
2.3180E+03	0.0000E+00	0.0000E+00	1.5673E+00
2.3190E+03	0.0000E+00	0.0000E+00	1.5607E+00
2.3200E+03	0.0000E+00	0.0000E+00	1.5566E+00
2.3210E+03	0.0000E+00	0.0000E+00	1.5516E+00
2.3220E+03	0.0000E+00	0.0000E+00	1.5561E+00
2.3230E+03	0.0000E+00	0.0000E+00	1.5571E+00
2.3240E+03	0.0000E+00	0.0000E+00	1.5641E+00
2.3250E+03	0.0000E+00	0.0000E+00	1.5763E+00
2.3260E+03	0.0000E+00	0.0000E+00	1.5864E+00
2.3270E+03	0.0000E+00	0.0000E+00	1.5989E+00
2.3280E+03	0.0000E+00	0.0000E+00	1.6199E+00
2.3290E+03	0.0000E+00	0.0000E+00	1.6386E+00
2.3300E+03	0.0000E+00	0.0000E+00	1.6586E+00
2.3310E+03	0.0000E+00	0.0000E+00	1.6665E+00
2.3320E+03	0.0000E+00	0.0000E+00	1.6617E+00
2.3330E+03	0.0000E+00	0.0000E+00	1.6501E+00
2.3340E+03	0.0000E+00	0.0000E+00	1.6383E+00
2.3350E+03	0.0000E+00	0.0000E+00	1.6304E+00
2.3360E+03	0.0000E+00	0.0000E+00	1.6204E+00
2.3370E+03	0.0000E+00	0.0000E+00	1.6108E+00
2.3380E+03	0.0000E+00	0.0000E+00	1.5996E+00
2.3390E+03	0.0000E+00	0.0000E+00	1.5914E+00
2.3400E+03	0.0000E+00	0.0000E+00	1.5880E+00
2.3410E+03	0.0000E+00	0.0000E+00	1.5807E+00
2.3420E+03	0.0000E+00	0.0000E+00	1.5719E+00
2.3430E+03	0.0000E+00	0.0000E+00	1.5646E+00
2.3440E+03	0.0000E+00	0.0000E+00	1.5568E+00
2.3450E+03	0.0000E+00	0.0000E+00	1.5521E+00
2.3460E+03	0.0000E+00	0.0000E+00	1.5625E+00
2.3470E+03	0.0000E+00	0.0000E+00	1.5795E+00
2.3480E+03	0.0000E+00	0.0000E+00	1.5859E+00
2.3490E+03	0.0000E+00	0.0000E+00	1.5851E+00
2.3500E+03	0.0000E+00	0.0000E+00	1.5930E+00
2.3510E+03	0.0000E+00	0.0000E+00	1.5994E+00
2.3520E+03	0.0000E+00	0.0000E+00	1.6054E+00
2.3530E+03	0.0000E+00	0.0000E+00	1.6086E+00
2.3540E+03	0.0000E+00	0.0000E+00	1.6125E+00
2.3550E+03	0.0000E+00	0.0000E+00	1.6151E+00
2.3560E+03	0.0000E+00	0.0000E+00	1.6125E+00
2.3570E+03	0.0000E+00	0.0000E+00	1.6096E+00
2.3580E+03	0.0000E+00	0.0000E+00	1.6039E+00
2.3590E+03	0.0000E+00	0.0000E+00	1.6055E+00
2.3600E+03	0.0000E+00	0.0000E+00	1.6005E+00
2.3610E+03	0.0000E+00	0.0000E+00	1.5929E+00
2.3620E+03	0.0000E+00	0.0000E+00	1.5904E+00
2.3630E+03	0.0000E+00	0.0000E+00	1.5819E+00
2.3640E+03	0.0000E+00	0.0000E+00	1.5846E+00
2.3650E+03	0.0000E+00	0.0000E+00	1.5819E+00
2.3660E+03	0.0000E+00	0.0000E+00	1.5795E+00
2.3670E+03	0.0000E+00	0.0000E+00	1.5733E+00
2.3680E+03	0.0000E+00	0.0000E+00	1.5719E+00
2.3690E+03	0.0000E+00	0.0000E+00	1.5800E+00
2.3700E+03	0.0000E+00	0.0000E+00	1.5830E+00
2.3710E+03	0.0000E+00	0.0000E+00	1.5832E+00
2.3720E+03	0.0000E+00	0.0000E+00	1.5872E+00
2.3730E+03	0.0000E+00	0.0000E+00	1.5981E+00
2.3740E+03	0.0000E+00	0.0000E+00	1.6092E+00
2.3750E+03	0.0000E+00	0.0000E+00	1.6189E+00
2.3760E+03	0.0000E+00	0.0000E+00	1.6243E+00
2.3770E+03	0.0000E+00	0.0000E+00	1.6257E+00
2.3780E+03	0.0000E+00	0.0000E+00	1.6265E+00
2.3790E+03	0.0000E+00	0.0000E+00	1.6260E+00
2.3800E+03	0.0000E+00	0.0000E+00	1.6191E+00
2.3810E+03	0.0000E+00	0.0000E+00	1.6196E+00
2.3820E+03	0.0000E+00	0.0000E+00	1.6121E+00
2.3830E+03	0.0000E+00	0.0000E+00	1.6040E+00
2.3840E+03	0.0000E+00	0.0000E+00	1.6041E+00
2.3850E+03	0.0000E+00	0.0000E+00	1.6022E+00
2.3860E+03	0.0000E+00	0.0000E+00	1.5943E+00
2.3870E+03	0.0000E+00	0.0000E+00	1.5916E+00
2.3880E+03	0.0000E+00	0.0000E+00	1.5914E+00
2.3890E+03	0.0000E+00	0.0000E+00	1.5837E+00
2.3900E+03	0.0000E+00	0.0000E+00	1.5819E+00
2.3910E+03	0.0000E+00	0.0000E+00	1.5773E+00
2.3920E+03	0.0000E+00	0.0000E+00	1.5745E+00
2.3930E+03	0.0000E+00	0.0000E+00	1.5711E+00
2.3940E+03	0.0000E+00	0.0000E+00	1.5741E+00
2.3950E+03	0.0000E+00	0.0000E+00	1.5793E+00
2.3960E+03	0.0000E+00	0.0000E+00	1.5830E+00
2.3970E+03	0.0000E+00	0.0000E+00	1.5891E+00
2.3980E+03	0.0000E+00	0.0000E+00	1.5983E+00
2.3990E+03	0.0000E+00	0.0000E+00	1.6053E+00
2.4000E+03	0.0000E+00	0.0000E+00	1.6116E+00
2.4010E+03	0.0000E+00	0.0000E+00	1.6168E+00
2.4020E+03	0.0000E+00	0.0000E+00	1.6189E+00
2.4030E+03	0.0000E+00	0.0000E+00	1.6193E+00
2.4040E+03	0.0000E+00	0.0000E+00	1.6161E+00
2.4050E+03	0.0000E+00	0.0000E+00	1.6146E+00
2.4060E+03	0.0000E+00	0.0000E+00	1.6090E+00
2.4070E+03	0.0000E+00	0.0000E+00	1.6053E+00
2.4080E+03	0.0000E+00	0.0000E+00	1.6065E+00
2.4090E+03	0.0000E+00	0.0000E+00	1.5994E+00
2.4100E+03	0.0000E+00	0.0000E+00	1.5976E+00
2.4110E+03	0.0000E+00	0.0000E+00	1.5953E+00
2.4120E+03	0.0000E+00	0.0000E+00	1.5911E+00
2.4130E+03	0.0000E+00	0.0000E+00	1.5837E+00
2.4140E+03	0.0000E+00	0.0000E+00	1.5775E+00
2.4150E+03	0.0000E+00	0.0000E+00	1.5715E+00
2.4160E+03	0.0000E+00	0.0000E+00	1.5649E+00
2.4170E+03	0.0000E+00	0.0000E+00	1.5583E+00
2.4180E+03	0.0000E+00	0.0000E+00	1.5635E+00
2.4190E+03	0.0000E+00	0.0000E+00	1.5600E+00
2.4200E+03	0.0000E+00	0.0000E+00	1.5649E+00
2.4210E+03	0.0000E+00	0.0000E+00	1.5739E+00
2.4220E+03	0.0000E+00	0.0000E+00	1.5834E+00
2.4230E+03	0.0000E+00	0.0000E+00	1.5965E+00
2.4240E+03	0.0000E+00	0.0000E+00	1.6080E+00
2.4250E+03	0.0000E+00	0.0000E+00	1.6130E+00
2.4260E+03	0.0000E+00	0.0000E+00	1.6148E+00
2.4270E+03	0.0000E+00	0.0000E+00	1.6141E+00
2.4280E+03	0.0000E+00	0.0000E+00	1.6071E+00
2.4290E+03	0.0000E+00	0.0000E+00	1.6023E+00
2.4300E+03	0.0000E+00	0.0000E+00	1.5971E+00
2.4310E+03	0.0000E+00	0.0000E+00	1.5925E+00
2.4320E+03	0.0000E+00	0.0000E+00	1.5864E+00
2.4330E+03	0.0000E+00	0.0000E+00	1.5833E+00
2.4340E+03	0.0000E+00	0.0000E+00	1.5760E+00
2.4350E+03	0.0000E+00	0.0000E+00	1.5713E+00
2.4360E+03	0.0000E+00	0.0000E+00	1.5642E+00
2.4370E+03	0.0000E+00	0.0000E+00	1.5625E+00
2.4380E+03	0.0000E+00	0.0000E+00	1.5536E+00
2.4390E+03	0.0000E+00	0.0000E+00	1.5509E+00
2.4400E+03	0.0000E+00	0.0000E+00	1.5423E+00
2.4410E+03	0.0000E+00	0.0000E+00	1.5368E+00
2.4420E+03	0.0000E+00	0.0000E+00	1.5353E+00
2.4430E+03	0.0000E+00	0.0000E+00	1.5407E+00
2.4440E+03	0.0000E+00	0.0000E+00	1.5414E+00
2.4450E+03	0.0000E+00	0.0000E+00	1.5501E+00
2.4460E+03	0.0000E+00	0.0000E+00	1.5631E+00
2.4470E+03	0.0000E+00	0.0000E+00	1.5770E+00
2.4480E+03	0.0000E+00	0.0000E+00	1.5887E+00
2.4490E+03	0.0000E+00	0.0000E+00	1.5976E+00
2.4500E+03	0.0000E+00	0.0000E+00	1.5984E+00
2.4510E+03	0.0000E+00	0.0000E+00	1.5968E+00
2.4520E+03	0.0000E+00	0.0000E+00	1.5901E+00
2.4530E+03	0.0000E+00	0.0000E+00	1.5865E+00
2.4540E+03	0.0000E+00	0.0000E+00	1.5821E+00
2.4550E+03	0.0000E+00	0.0000E+00	1.5777E+00
2.4560E+03	0.0000E+00	0.0000E+00	1.5705E+00
2.4570E+03	0.0000E+00	0.0000E+00	1.5646E+00
2.4580E+03	0.0000E+00	0.0000E+00	1.5630E+00
2.4590E+03	0.0000E+00	0.0000E+00	1.5572E+00
2.4600E+03	0.0000E+00	0.0000E+00	1.5516E+00
2.4610E+03	0.0000E+00	0.0000E+00	1.5472E+00
2.4620E+03	0.0000E+00	0.0000E+00	1.5413E+00
2.4630E+03	0.0000E+00	0.0000E+00	1.5345E+00
2.4640E+03	0.0000E+00	0.0000E+00	1.5275E+00
2.4650E+03	0.0000E+00	0.0000E+00	1.5272E+00
2.4660E+03	0.0000E+00	0.0000E+00	1.5266E+00
2.4670E+03	0.0000E+00	0.0000E+00	1.5329E+00
2.4680E+03	0.0000E+00	0.0000E+00	1.5465E+00
2.4690E+03	0.0000E+00	0.0000E+00	1.5648E+00
2.4700E+03	0.0000E+00	0.0000E+00	1.5897E+00
2.4710E+03	0.0000E+00	0.0000E+00	1.6212E+00
2.4720E+03	0.0000E+00	0.0000E+00	1.6460E+00
2.4730E+03	0.0000E+00	0.0000E+00	1.6667E+00
2.4740E+03	0.0000E+00	0.0000E+00	1.6670E+00
2.4750E+03	0.0000E+00	0.0000E+00	1.6592E+00
2.4760E+03	0.0000E+00	0.0000E+00	1.6534E+00
2.4770E+03	0.0000E+00	0.0000E+00	1.6429E+00
2.4780E+03	0.0000E+00	0.0000E+00	1.6308E+00
2.4790E+03	0.0000E+00	0.0000E+00	1.6219E+00
2.4800E+03	0.0000E+00	0.0000E+00	1.6131E+00
2.4810E+03	0.0000E+00	0.0000E+00	1.6025E+00
2.4820E+03	0.0000E+00	0.0000E+00	1.5966E+00
2.4830E+03	0.0000E+00	0.0000E+00	1.5872E+00
2.4840E+03	0.0000E+00	0.0000E+00	1.5770E+00
2.4850E+03	0.0000E+00	0.0000E+00	1.5722E+00
2.4860E+03	0.0000E+00	0.0000E+00	1.5646E+00
2.4870E+03	0.0000E+00	0.0000E+00	1.5614E+00
2.4880E+03	0.0000E+00	0.0000E+00	1.5546E+00
2.4890E+03	0.0000E+00	0.0000E+00	1.5494E+00
2.4900E+03	0.0000E+00	0.0000E+00	1.5440E+00
2.4910E+03	0.0000E+00	0.0000E+00	1.5447E+00
2.4920E+03	0.0000E+00	0.0000E+00	1.5466E+00
2.4930E+03	0.0000E+00	0.0000E+00	1.5528E+00
2.4940E+03	0.0000E+00	0.0000E+00	1.5627E+00
2.4950E+03	0.0000E+00	0.0000E+00	1.5654E+00
2.4960E+03	0.0000E+00	0.0000E+00	1.5698E+00
2.4970E+03	0.0000E+00	0.0000E+00	1.5720E+00
2.4980E+03	0.0000E+00	0.0000E+00	1.5750E+00
2.4990E+03	0.0000E+00	0.0000E+00	1.5707E+00
2.5000E+03	0.0000E+00	0.0000E+00	1.5661E+00
2.5010E+03	0.0000E+00	0.0000E+00	1.5605E+00
2.5020E+03	0.0000E+00	0.0000E+00	1.5583E+00
2.5030E+03	0.0000E+00	0.0000E+00	1.5539E+00
2.5040E+03	0.0000E+00	0.0000E+00	1.5498E+00
2.5050E+03	0.0000E+00	0.0000E+00	1.5459E+00
2.5060E+03	0.0000E+00	0.0000E+00	1.5439E+00
2.5070E+03	0.0000E+00	0.0000E+00	1.5421E+00
2.5080E+03	0.0000E+00	0.0000E+00	1.5401E+00
2.5090E+03	0.0000E+00	0.0000E+00	1.5377E+00
2.5100E+03	0.0000E+00	0.0000E+00	1.5348E+00
2.5110E+03	0.0000E+00	0.0000E+00	1.5324E+00
2.5120E+03	0.0000E+00	0.0000E+00	1.5283E+00
2.5130E+03	0.0000E+00	0.0000E+00	1.5296E+00
2.5140E+03	0.0000E+00	0.0000E+00	1.5343E+00
2.5150E+03	0.0000E+00	0.0000E+00	1.5509E+00
2.5160E+03	0.0000E+00	0.0000E+00	1.5597E+00
2.5170E+03	0.0000E+00	0.0000E+00	1.5527E+00
2.5180E+03	0.0000E+00	0.0000E+00	1.5530E+00
2.5190E+03	0.0000E+00	0.0000E+00	1.5552E+00
2.5200E+03	0.0000E+00	0.0000E+00	1.5636E+00
2.5210E+03	0.0000E+00	0.0000E+00	1.5682E+00
2.5220E+03	0.0000E+00	0.0000E+00	1.5675E+00
2.5230E+03	0.0000E+00	0.0000E+00	1.5681E+00
2.5240E+03	0.0000E+00	0.0000E+00	1.5631E+00
2.5250E+03	0.0000E+00	0.0000E+00	1.5582E+00
2.5260E+03	0.0000E+00	0.0000E+00	1.5555E+00
2.5270E+03	0.0000E+00	0.0000E+00	1.5523E+00
2.5280E+03	0.0000E+00	0.0000E+00	1.5488E+00
2.5290E+03	0.0000E+00	0.0000E+00	1.5461E+00
2.5300E+03	0.0000E+00	0.0000E+00	1.5413E+00
2.5310E+03	0.0000E+00	0.0000E+00	1.5397E+00
2.5320E+03	0.0000E+00	0.0000E+00	1.5365E+00
2.5330E+03	0.0000E+00	0.0000E+00	1.5316E+00
2.5340E+03	0.0000E+00	0.0000E+00	1.5254E+00
2.5350E+03	0.0000E+00	0.0000E+00	1.5222E+00
2.5360E+03	0.0000E+00	0.0000E+00	1.5166E+00
2.5370E+03	0.0000E+00	0.0000E+00	1.5131E+00
2.5380E+03	0.0000E+00	0.0000E+00	1.5096E+00
2.5390E+03	0.0000E+00	0.0000E+00	1.5058E+00
2.5400E+03	0.0000E+00	0.0000E+00	1.5046E+00
2.5410E+03	0.0000E+00	0.0000E+00	1.5105E+00
2.5420E+03	0.0000E+00	0.0000E+00	1.5183E+00
2.5430E+03	0.0000E+00	0.0000E+00	1.5271E+00
2.5440E+03	0.0000E+00	0.0000E+00	1.5391E+00
2.5450E+03	0.0000E+00	0.0000E+00	1.5468E+00
2.5460E+03	0.0000E+00	0.0000E+00	1.5527E+00
2.5470E+03	0.0000E+00	0.0000E+00	1.5518E+00
2.5480E+03	0.0000E+00	0.0000E+00	1.5504E+00
2.5490E+03	0.0000E+00	0.0000E+00	1.5469E+00
2.5500E+03	0.0000E+00	0.0000E+00	1.5438E+00
2.5510E+03	0.0000E+00	0.0000E+00	1.5404E+00
2.5520E+03	0.0000E+00	0.0000E+00	1.5379E+00
2.5530E+03	0.0000E+00	0.0000E+00	1.5319E+00
2.5540E+03	0.0000E+00	0.0000E+00	1.5288E+00
2.5550E+03	0.0000E+00	0.0000E+00	1.5253E+00
2.5560E+03	0.0000E+00	0.0000E+00	1.5200E+00
2.5570E+03	0.0000E+00	0.0000E+00	1.5167E+00
2.5580E+03	0.0000E+00	0.0000E+00	1.5116E+00
2.5590E+03	0.0000E+00	0.0000E+00	1.5054E+00
2.5600E+03	0.0000E+00	0.0000E+00	1.5037E+00
2.5610E+03	0.0000E+00	0.0000E+00	1.4980E+00
2.5620E+03	0.0000E+00	0.0000E+00	1.4960E+00
2.5630E+03	0.0000E+00	0.0000E+00	1.4939E+00
2.5640E+03	0.0000E+00	0.0000E+00	1.4992E+00
2.5650E+03	0.0000E+00	0.0000E+00	1.5005E+00
2.5660E+03	0.0000E+00	0.0000E+00	1.5084E+00
2.5670E+03	0.0000E+00	0.0000E+00	1.5180E+00
2.5680E+03	0.0000E+00	0.0000E+00	1.5212E+00
2.5690E+03	0.0000E+00	0.0000E+00	1.5240E+00
2.5700E+03	0.0000E+00	0.0000E+00	1.5249E+00
2.5710E+03	0.0000E+00	0.0000E+00	1.5240E+00
2.5720E+03	0.0000E+00	0.0000E+00	1.5230E+00
2.5730E+03	0.0000E+00	0.0000E+00	1.5206E+00
2.5740E+03	0.0000E+00	0.0000E+00	1.5179E+00
2.5750E+03	0.0000E+00	0.0000E+00	1.5109E+00
2.5760E+03	0.0000E+00	0.0000E+00	1.5097E+00
2.5770E+03	0.0000E+00	0.0000E+00	1.5090E+00
2.5780E+03	0.0000E+00	0.0000E+00	1.5048E+00
2.5790E+03	0.0000E+00	0.0000E+00	1.5025E+00
2.5800E+03	0.0000E+00	0.0000E+00	1.5013E+00
2.5810E+03	0.0000E+00	0.0000E+00	1.4981E+00
2.5820E+03	0.0000E+00	0.0000E+00	1.4928E+00
2.5830E+03	0.0000E+00	0.0000E+00	1.4911E+00
2.5840E+03	0.0000E+00	0.0000E+00	1.4895E+00
2.5850E+03	0.0000E+00	0.0000E+00	1.4904E+00
2.5860E+03	0.0000E+00	0.0000E+00	1.5034E+00
2.5870E+03	0.0000E+00	0.0000E+00	1.5216E+00
2.5880E+03	0.0000E+00	0.0000E+00	1.5308E+00
2.5890E+03	0.0000E+00	0.0000E+00	1.5401E+00
2.5900E+03	0.0000E+00	0.0000E+00	1.5591E+00
2.5910E+03	0.0000E+00	0.0000E+00	1.5868E+00
2.5920E+03	0.0000E+00	0.0000E+00	1.6007E+00
2.5930E+03	0.0000E+00	0.0000E+00	1.6036E+00
2.5940E+03	0.0000E+00	0.0000E+00	1.6069E+00
2.5950E+03	0.0000E+00	0.0000E+00	1.6029E+00
2.5960E+03	0.0000E+00	0.0000E+00	1.5955E+00
2.5970E+03	0.0000E+00	0.0000E+00	1.5896E+00
2.5980E+03	0.0000E+00	0.0000E+00	1.5787E+00
2.5990E+03	0.0000E+00	0.0000E+00	1.5724E+00
2.6000E+03	0.0000E+00	0.0000E+00	1.5675E+00
2.6010E+03	0.0000E+00	0.0000E+00	1.5590E+00
2.6020E+03	0.0000E+00	0.0000E+00	1.5556E+00
2.6030E+03	0.0000E+00	0.0000E+00	1.5476E+00
2.6040E+03	0.0000E+00	0.0000E+00	1.5417E+00
2.6050E+03	0.0000E+00	0.0000E+00	1.5351E+00
2.6060E+03	0.0000E+00	0.0000E+00	1.5299E+00
2.6070E+03	0.0000E+00	0.0000E+00	1.5205E+00
2.6080E+03	0.0000E+00	0.0000E+00	1.5138E+00
2.6090E+03	0.0000E+00	0.0000E+00	1.5110E+00
2.6100E+03	0.0000E+00	0.0000E+00	1.5053E+00
2.6110E+03	0.0000E+00	0.0000E+00	1.5039E+00
2.6120E+03	0.0000E+00	0.0000E+00	1.5063E+00
2.6130E+03	0.0000E+00	0.0000E+00	1.5137E+00
2.6140E+03	0.0000E+00	0.0000E+00	1.5221E+00
2.6150E+03	0.0000E+00	0.0000E+00	1.5355E+00
2.6160E+03	0.0000E+00	0.0000E+00	1.5434E+00
2.6170E+03	0.0000E+00	0.0000E+00	1.5439E+00
2.6180E+03	0.0000E+00	0.0000E+00	1.5463E+00
2.6190E+03	0.0000E+00	0.0000E+00	1.5454E+00
2.6200E+03	0.0000E+00	0.0000E+00	1.5372E+00
2.6210E+03	0.0000E+00	0.0000E+00	1.5388E+00
2.6220E+03	0.0000E+00	0.0000E+00	1.5306E+00
2.6230E+03	0.0000E+00	0.0000E+00	1.5256E+00
2.6240E+03	0.0000E+00	0.0000E+00	1.5221E+00
2.6250E+03	0.0000E+00	0.0000E+00	1.5192E+00
2.6260E+03	0.0000E+00	0.0000E+00	1.5145E+00
2.6270E+03	0.0000E+00	0.0000E+00	1.5075E+00
2.6280E+03	0.0000E+00	0.0000E+00	1.5043E+00
2.6290E+03	0.0000E+00	0.0000E+00	1.4954E+00
2.6300E+03	0.0000E+00	0.0000E+00	1.4930E+00
2.6310E+03	0.0000E+00	0.0000E+00	1.4861E+00
2.6320E+03	0.0000E+00	0.0000E+00	1.4826E+00
2.6330E+03	0.0000E+00	0.0000E+00	1.4776E+00
2.6340E+03	0.0000E+00	0.0000E+00	1.4731E+00
2.6350E+03	0.0000E+00	0.0000E+00	1.4732E+00
2.6360E+03	0.0000E+00	0.0000E+00	1.4731E+00
2.6370E+03	0.0000E+00	0.0000E+00	1.4748E+00
2.6380E+03	0.0000E+00	0.0000E+00	1.4779E+00
2.6390E+03	0.0000E+00	0.0000E+00	1.4837E+00
2.6400E+03	0.0000E+00	0.0000E+00	1.4899E+00
2.6410E+03	0.0000E+00	0.0000E+00	1.4987E+00
2.6420E+03	0.0000E+00	0.0000E+00	1.5002E+00
2.6430E+03	0.0000E+00	0.0000E+00	1.5009E+00
2.6440E+03	0.0000E+00	0.0000E+00	1.5009E+00
2.6450E+03	0.0000E+00	0.0000E+00	1.4983E+00
2.6460E+03	0.0000E+00	0.0000E+00	1.4958E+00
2.6470E+03	0.0000E+00	0.0000E+00	1.4907E+00
2.6480E+03	0.0000E+00	0.0000E+00	1.4913E+00
2.6490E+03	0.0000E+00	0.0000E+00	1.4863E+00
2.6500E+03	0.0000E+00	0.0000E+00	1.4858E+00
2.6510E+03	0.0000E+00	0.0000E+00	1.4830E+00
2.6520E+03	0.0000E+00	0.0000E+00	1.4789E+00
2.6530E+03	0.0000E+00	0.0000E+00	1.4753E+00
2.6540E+03	0.0000E+00	0.0000E+00	1.4700E+00
2.6550E+03	0.0000E+00	0.0000E+00	1.4680E+00
2.6560E+03	0.0000E+00	0.0000E+00	1.4656E+00
2.6570E+03	0.0000E+00	0.0000E+00	1.4623E+00
2.6580E+03	0.0000E+00	0.0000E+00	1.4603E+00
2.6590E+03	0.0000E+00	0.0000E+00	1.4579E+00
2.6600E+03	0.0000E+00	0.0000E+00	1.4578E+00
2.6610E+03	0.0000E+00	0.0000E+00	1.4612E+00
2.6620E+03	0.0000E+00	0.0000E+00	1.4667E+00
2.6630E+03	0.0000E+00	0.0000E+00	1.4725E+00
2.6640E+03	0.0000E+00	0.0000E+00	1.4815E+00
2.6650E+03	0.0000E+00	0.0000E+00	1.4885E+00
2.6660E+03	0.0000E+00	0.0000E+00	1.4909E+00
2.6670E+03	0.0000E+00	0.0000E+00	1.4951E+00
2.6680E+03	0.0000E+00	0.0000E+00	1.4954E+00
2.6690E+03	0.0000E+00	0.0000E+00	1.4903E+00
2.6700E+03	0.0000E+00	0.0000E+00	1.4877E+00
2.6710E+03	0.0000E+00	0.0000E+00	1.4867E+00
2.6720E+03	0.0000E+00	0.0000E+00	1.4851E+00
2.6730E+03	0.0000E+00	0.0000E+00	1.4828E+00
2.6740E+03	0.0000E+00	0.0000E+00	1.4741E+00
2.6750E+03	0.0000E+00	0.0000E+00	1.4669E+00
2.6760E+03	0.0000E+00	0.0000E+00	1.4678E+00
2.6770E+03	0.0000E+00	0.0000E+00	1.4608E+00
2.6780E+03	0.0000E+00	0.0000E+00	1.4612E+00
2.6790E+03	0.0000E+00	0.0000E+00	1.4576E+00
2.6800E+03	0.0000E+00	0.0000E+00	1.4537E+00
2.6810E+03	0.0000E+00	0.0000E+00	1.4510E+00
2.6820E+03	0.0000E+00	0.0000E+00	1.4496E+00
2.6830E+03	0.0000E+00	0.0000E+00	1.4494E+00
2.6840E+03	0.0000E+00	0.0000E+00	1.4489E+00
2.6850E+03	0.0000E+00	0.0000E+00	1.4459E+00
2.6860E+03	0.0000E+00	0.0000E+00	1.4498E+00
2.6870E+03	0.0000E+00	0.0000E+00	1.4577E+00
2.6880E+03	0.0000E+00	0.0000E+00	1.4631E+00
2.6890E+03	0.0000E+00	0.0000E+00	1.4700E+00
2.6900E+03	0.0000E+00	0.0000E+00	1.4795E+00
2.6910E+03	0.0000E+00	0.0000E+00	1.4873E+00
2.6920E+03	0.0000E+00	0.0000E+00	1.4874E+00
2.6930E+03	0.0000E+00	0.0000E+00	1.4842E+00
2.6940E+03	0.0000E+00	0.0000E+00	1.4831E+00
2.6950E+03	0.0000E+00	0.0000E+00	1.4818E+00
2.6960E+03	0.0000E+00	0.0000E+00	1.4772E+00
2.6970E+03	0.0000E+00	0.0000E+00	1.4765E+00
2.6980E+03	0.0000E+00	0.0000E+00	1.4777E+00
2.6990E+03	0.0000E+00	0.0000E+00	1.4801E+00
2.7000E+03	0.0000E+00	0.0000E+00	1.4796E+00
2.7010E+03	0.0000E+00	0.0000E+00	1.4752E+00
2.7020E+03	0.0000E+00	0.0000E+00	1.4717E+00
2.7030E+03	0.0000E+00	0.0000E+00	1.4706E+00
2.7040E+03	0.0000E+00	0.0000E+00	1.4650E+00
2.7050E+03	0.0000E+00	0.0000E+00	1.4657E+00
2.7060E+03	0.0000E+00	0.0000E+00	1.4607E+00
2.7070E+03	0.0000E+00	0.0000E+00	1.4594E+00
2.7080E+03	0.0000E+00	0.0000E+00	1.4574E+00
2.7090E+03	0.0000E+00	0.0000E+00	1.4598E+00
2.7100E+03	0.0000E+00	0.0000E+00	1.4656E+00
2.7110E+03	0.0000E+00	0.0000E+00	1.4753E+00
2.7120E+03	0.0000E+00	0.0000E+00	1.4848E+00
2.7130E+03	0.0000E+00	0.0000E+00	1.4911E+00
2.7140E+03	0.0000E+00	0.0000E+00	1.4919E+00
2.7150E+03	0.0000E+00	0.0000E+00	1.4928E+00
2.7160E+03	0.0000E+00	0.0000E+00	1.4949E+00
2.7170E+03	0.0000E+00	0.0000E+00	1.4974E+00
2.7180E+03	0.0000E+00	0.0000E+00	1.4919E+00
2.7190E+03	0.0000E+00	0.0000E+00	1.4920E+00
2.7200E+03	0.0000E+00	0.0000E+00	1.4892E+00
2.7210E+03	0.0000E+00	0.0000E+00	1.4871E+00
2.7220E+03	0.0000E+00	0.0000E+00	1.4837E+00
2.7230E+03	0.0000E+00	0.0000E+00	1.4797E+00
2.7240E+03	0.0000E+00	0.0000E+00	1.4801E+00
2.7250E+03	0.0000E+00	0.0000E+00	1.4785E+00
2.7260E+03	0.0000E+00	0.0000E+00	1.4704E+00
2.7270E+03	0.0000E+00	0.0000E+00	1.4671E+00
2.7280E+03	0.0000E+00	0.0000E+00	1.4641E+00
2.7290E+03	0.0000E+00	0.0000E+00	1.4621E+00
2.7300E+03	0.0000E+00	0.0000E+00	1.4609E+00
2.7310E+03	0.0000E+00	0.0000E+00	1.4567E+00
2.7320E+03	0.0000E+00	0.0000E+00	1.4573E+00
2.7330E+03	0.0000E+00	0.0000E+00	1.4575E+00
2.7340E+03	0.0000E+00	0.0000E+00	1.4606E+00
2.7350E+03	0.0000E+00	0.0000E+00	1.4645E+00
2.7360E+03	0.0000E+00	0.0000E+00	1.4700E+00
2.7370E+03	0.0000E+00	0.0000E+00	1.4752E+00
2.7380E+03	0.0000E+00	0.0000E+00	1.4825E+00
2.7390E+03	0.0000E+00	0.0000E+00	1.4851E+00
2.7400E+03	0.0000E+00	0.0000E+00	1.4855E+00
2.7410E+03	0.0000E+00	0.0000E+00	1.4887E+00
2.7420E+03	0.0000E+00	0.0000E+00	1.4888E+00
2.7430E+03	0.0000E+00	0.0000E+00	1.4869E+00
2.7440E+03	0.0000E+00	0.0000E+00	1.4839E+00
2.7450E+03	0.0000E+00	0.0000E+00	1.4820E+00
2.7460E+03	0.0000E+00	0.0000E+00	1.4790E+00
2.7470E+03	0.0000E+00	0.0000E+00	1.4786E+00
2.7480E+03	0.0000E+00	0.0000E+00	1.4791E+00
2.7490E+03	0.0000E+00	0.0000E+00	1.4839E+00
2.7500E+03	0.0000E+00	0.0000E+00	1.4825E+00
2.7510E+03	0.0000E+00	0.0000E+00	1.4837E+00
2.7520E+03	0.0000E+00	0.0000E+00	1.4823E+00
2.7530E+03	0.0000E+00	0.0000E+00	1.4852E+00
2.7540E+03	0.0000E+00	0.0000E+00	1.4932E+00
2.7550E+03	0.0000E+00	0.0000E+00	1.4971E+00
2.7560E+03	0.0000E+00	0.0000E+00	1.4971E+00
2.7570E+03	0.0000E+00	0.0000E+00	1.4958E+00
2.7580E+03	0.0000E+00	0.0000E+00	1.4932E+00
2.7590E+03	0.0000E+00	0.0000E+00	1.4928E+00
2.7600E+03	0.0000E+00	0.0000E+00	1.4969E+00
2.7610E+03	0.0000E+00	0.0000E+00	1.4962E+00
2.7620E+03	0.0000E+00	0.0000E+00	1.4964E+00
2.7630E+03	0.0000E+00	0.0000E+00	1.4941E+00
2.7640E+03	0.0000E+00	0.0000E+00	1.4908E+00
2.7650E+03	0.0000E+00	0.0000E+00	1.4923E+00
2.7660E+03	0.0000E+00	0.0000E+00	1.4934E+00
2.7670E+03	0.0000E+00	0.0000E+00	1.4935E+00
2.7680E+03	0.0000E+00	0.0000E+00	1.4864E+00
2.7690E+03	0.0000E+00	0.0000E+00	1.4836E+00
2.7700E+03	0.0000E+00	0.0000E+00	1.4798E+00
2.7710E+03	0.0000E+00	0.0000E+00	1.4780E+00
2.7720E+03	0.0000E+00	0.0000E+00	1.4743E+00
2.7730E+03	0.0000E+00	0.0000E+00	1.4717E+00
2.7740E+03	0.0000E+00	0.0000E+00	1.4677E+00
2.7750E+03	0.0000E+00	0.0000E+00	1.4636E+00
2.7760E+03	0.0000E+00	0.0000E+00	1.4592E+00
2.7770E+03	0.0000E+00	0.0000E+00	1.4553E+00
2.7780E+03	0.0000E+00	0.0000E+00	1.4519E+00
2.7790E+03	0.0000E+00	0.0000E+00	1.4485E+00
2.7800E+03	0.0000E+00	0.0000E+00	1.4452E+00
2.7810E+03	0.0000E+00	0.0000E+00	1.4448E+00
2.7820E+03	0.0000E+00	0.0000E+00	1.4452E+00
2.7830E+03	0.0000E+00	0.0000E+00	1.4509E+00
2.7840E+03	0.0000E+00	0.0000E+00	1.4546E+00
2.7850E+03	0.0000E+00	0.0000E+00	1.4609E+00
2.7860E+03	0.0000E+00	0.0000E+00	1.4636E+00
2.7870E+03	0.0000E+00	0.0000E+00	1.4664E+00
2.7880E+03	0.0000E+00	0.0000E+00	1.4652E+00
2.7890E+03	0.0000E+00	0.0000E+00	1.4652E+00
2.7900E+03	0.0000E+00	0.0000E+00	1.4628E+00
2.7910E+03	0.0000E+00	0.0000E+00	1.4585E+00
2.7920E+03	0.0000E+00	0.0000E+00	1.4588E+00
2.7930E+03	0.0000E+00	0.0000E+00	1.4578E+00
2.7940E+03	0.0000E+00	0.0000E+00	1.4558E+00
2.7950E+03	0.0000E+00	0.0000E+00	1.4523E+00
2.7960E+03	0.0000E+00	0.0000E+00	1.4527E+00
2.7970E+03	0.0000E+00	0.0000E+00	1.4486E+00
2.7980E+03	0.0000E+00	0.0000E+00	1.4478E+00
2.7990E+03	0.0000E+00	0.0000E+00	1.4444E+00
2.8000E+03	0.0000E+00	0.0000E+00	1.4431E+00
2.8010E+03	0.0000E+00	0.0000E+00	1.4373E+00
2.8020E+03	0.0000E+00	0.0000E+00	1.4320E+00
2.8030E+03	0.0000E+00	0.0000E+00	1.4308E+00
2.8040E+03	0.0000E+00	0.0000E+00	1.4266E+00
2.8050E+03	0.0000E+00	0.0000E+00	1.4231E+00
2.8060E+03	0.0000E+00	0.0000E+00	1.4241E+00
2.8070E+03	0.0000E+00	0.0000E+00	1.4285E+00
2.8080E+03	0.0000E+00	0.0000E+00	1.4325E+00
2.8090E+03	0.0000E+00	0.0000E+00	1.4357E+00
2.8100E+03	0.0000E+00	0.0000E+00	1.4404E+00
2.8110E+03	0.0000E+00	0.0000E+00	1.4407E+00
2.8120E+03	0.0000E+00	0.0000E+00	1.4412E+00
2.8130E+03	0.0000E+00	0.0000E+00	1.4411E+00
2.8140E+03	0.0000E+00	0.0000E+00	1.4420E+00
2.8150E+03	0.0000E+00	0.0000E+00	1.4391E+00
2.8160E+03	0.0000E+00	0.0000E+00	1.4406E+00
2.8170E+03	0.0000E+00	0.0000E+00	1.4402E+00
2.8180E+03	0.0000E+00	0.0000E+00	1.4395E+00
2.8190E+03	0.0000E+00	0.0000E+00	1.4366E+00
2.8200E+03	0.0000E+00	0.0000E+00	1.4354E+00
2.8210E+03	0.0000E+00	0.0000E+00	1.4352E+00
2.8220E+03	0.0000E+00	0.0000E+00	1.4309E+00
2.8230E+03	0.0000E+00	0.0000E+00	1.4269E+00
2.8240E+03	0.0000E+00	0.0000E+00	1.4251E+00
2.8250E+03	0.0000E+00	0.0000E+00	1.4231E+00
2.8260E+03	0.0000E+00	0.0000E+00	1.4196E+00
2.8270E+03	0.0000E+00	0.0000E+00	1.4184E+00
2.8280E+03	0.0000E+00	0.0000E+00	1.4151E+00
2.8290E+03	0.0000E+00	0.0000E+00	1.4135E+00
2.8300E+03	0.0000E+00	0.0000E+00	1.4130E+00
2.8310E+03	0.0000E+00	0.0000E+00	1.4140E+00
2.8320E+03	0.0000E+00	0.0000E+00	1.4159E+00
2.8330E+03	0.0000E+00	0.0000E+00	1.4164E+00
2.8340E+03	0.0000E+00	0.0000E+00	1.4178E+00
2.8350E+03	0.0000E+00	0.0000E+00	1.4238E+00
2.8360E+03	0.0000E+00	0.0000E+00	1.4279E+00
2.8370E+03	0.0000E+00	0.0000E+00	1.4263E+00
2.8380E+03	0.0000E+00	0.0000E+00	1.4249E+00
2.8390E+03	0.0000E+00	0.0000E+00	1.4247E+00
2.8400E+03	0.0000E+00	0.0000E+00	1.4240E+00
2.8410E+03	0.0000E+00	0.0000E+00	1.4248E+00
2.8420E+03	0.0000E+00	0.0000E+00	1.4259E+00
2.8430E+03	0.0000E+00	0.0000E+00	1.4255E+00
2.8440E+03	0.0000E+00	0.0000E+00	1.4233E+00
2.8450E+03	0.0000E+00	0.0000E+00	1.4218E+00
2.8460E+03	0.0000E+00	0.0000E+00	1.4187E+00
2.8470E+03	0.0000E+00	0.0000E+00	1.4157E+00
2.8480E+03	0.0000E+00	0.0000E+00	1.4133E+00
2.8490E+03	0.0000E+00	0.0000E+00	1.4107E+00
2.8500E+03	0.0000E+00	0.0000E+00	1.4088E+00
2.8510E+03	0.0000E+00	0.0000E+00	1.4085E+00
2.8520E+03	0.0000E+00	0.0000E+00	1.4038E+00
2.8530E+03	0.0000E+00	0.0000E+00	1.4024E+00
2.8540E+03	0.0000E+00	0.0000E+00	1.4027E+00
2.8550E+03	0.0000E+00	0.0000E+00	1.4040E+00
2.8560E+03	0.0000E+00	0.0000E+00	1.4061E+00
2.8570E+03	0.0000E+00	0.0000E+00	1.4119E+00
2.8580E+03	0.0000E+00	0.0000E+00	1.4163E+00
2.8590E+03	0.0000E+00	0.0000E+00	1.4204E+00
2.8600E+03	0.0000E+00	0.0000E+00	1.4234E+00
2.8610E+03	0.0000E+00	0.0000E+00	1.4239E+00
2.8620E+03	0.0000E+00	0.0000E+00	1.4219E+00
2.8630E+03	0.0000E+00	0.0000E+00	1.4195E+00
2.8640E+03	0.0000E+00	0.0000E+00	1.4188E+00
2.8650E+03	0.0000E+00	0.0000E+00	1.4188E+00
2.8660E+03	0.0000E+00	0.0000E+00	1.4173E+00
2.8670E+03	0.0000E+00	0.0000E+00	1.4184E+00
2.8680E+03	0.0000E+00	0.0000E+00	1.4141E+00
2.8690E+03	0.0000E+00	0.0000E+00	1.4124E+00
2.8700E+03	0.0000E+00	0.0000E+00	1.4108E+00
2.8710E+03	0.0000E+00	0.0000E+00	1.4100E+00
2.8720E+03	0.0000E+00	0.0000E+00	1.4064E+00
2.8730E+03	0.0000E+00	0.0000E+00	1.4028E+00
2.8740E+03	0.0000E+00	0.0000E+00	1.4011E+00
2.8750E+03	0.0000E+00	0.0000E+00	1.3999E+00
2.8760E+03	0.0000E+00	0.0000E+00	1.3991E+00
2.8770E+03	0.0000E+00	0.0000E+00	1.3995E+00
2.8780E+03	0.0000E+00	0.0000E+00	1.3981E+00
2.8790E+03	0.0000E+00	0.0000E+00	1.3986E+00
2.8800E+03	0.0000E+00	0.0000E+00	1.4025E+00
2.8810E+03	0.0000E+00	0.0000E+00	1.4052E+00
2.8820E+03	0.0000E+00	0.0000E+00	1.4110E+00
2.8830E+03	0.0000E+00	0.0000E+00	1.4136E+00
2.8840E+03	0.0000E+00	0.0000E+00	1.4140E+00
2.8850E+03	0.0000E+00	0.0000E+00	1.4133E+00
2.8860E+03	0.0000E+00	0.0000E+00	1.4140E+00
2.8870E+03	0.0000E+00	0.0000E+00	1.4105E+00
2.8880E+03	0.0000E+00	0.0000E+00	1.4123E+00
2.8890E+03	0.0000E+00	0.0000E+00	1.4117E+00
2.8900E+03	0.0000E+00	0.0000E+00	1.4116E+00
2.8910E+03	0.0000E+00	0.0000E+00	1.4111E+00
2.8920E+03	0.0000E+00	0.0000E+00	1.4101E+00
2.8930E+03	0.0000E+00	0.0000E+00	1.4077E+00
2.8940E+03	0.0000E+00	0.0000E+00	1.4076E+00
2.8950E+03	0.0000E+00	0.0000E+00	1.4026E+00
2.8960E+03	0.0000E+00	0.0000E+00	1.3994E+00
2.8970E+03	0.0000E+00	0.0000E+00	1.3967E+00
2.8980E+03	0.0000E+00	0.0000E+00	1.3944E+00
2.8990E+03	0.0000E+00	0.0000E+00	1.3945E+00
2.9000E+03	0.0000E+00	0.0000E+00	1.3923E+00
2.9010E+03	0.0000E+00	0.0000E+00	1.3901E+00
2.9020E+03	0.0000E+00	0.0000E+00	1.3893E+00
2.9030E+03	0.0000E+00	0.0000E+00	1.3906E+00
2.9040E+03	0.0000E+00	0.0000E+00	1.3903E+00
2.9050E+03	0.0000E+00	0.0000E+00	1.3938E+00
2.9060E+03	0.0000E+00	0.0000E+00	1.3948E+00
2.9070E+03	0.0000E+00	0.0000E+00	1.3974E+00
2.9080E+03	0.0000E+00	0.0000E+00	1.4039E+00
2.9090E+03	0.0000E+00	0.0000E+00	1.4039E+00
2.9100E+03	0.0000E+00	0.0000E+00	1.4039E+00
2.9110E+03	0.0000E+00	0.0000E+00	1.4039E+00
2.9120E+03	0.0000E+00	0.0000E+00	1.4053E+00
2.9130E+03	0.0000E+00	0.0000E+00	1.4036E+00
2.9140E+03	0.0000E+00	0.0000E+00	1.4022E+00
2.9150E+03	0.0000E+00	0.0000E+00	1.4001E+00
2.9160E+03	0.0000E+00	0.0000E+00	1.3996E+00
2.9170E+03	0.0000E+00	0.0000E+00	1.3984E+00
2.9180E+03	0.0000E+00	0.0000E+00	1.3980E+00
2.9190E+03	0.0000E+00	0.0000E+00	1.3964E+00
2.9200E+03	0.0000E+00	0.0000E+00	1.3924E+00
2.9210E+03	0.0000E+00	0.0000E+00	1.3729E+00
2.9220E+03	0.0000E+00	0.0000E+00	1.3561E+00
2.9230E+03	0.0000E+00	0.0000E+00	1.3524E+00
2.9240E+03	0.0000E+00	0.0000E+00	1.3487E+00
2.9250E+03	0.0000E+00	0.0000E+00	1.3470E+00
2.9260E+03	0.0000E+00	0.0000E+00	1.3454E+00
2.9270E+03	0.0000E+00	0.0000E+00	1.3452E+00
2.9280E+03	0.0000E+00	0.0000E+00	1.3484E+00
2.9290E+03	0.0000E+00	0.0000E+00	1.3511E+00
2.9300E+03	0.0000E+00	0.0000E+00	1.3553E+00
2.9310E+03	0.0000E+00	0.0000E+00	1.3606E+00
2.9320E+03	0.0000E+00	0.0000E+00	1.3641E+00
2.9330E+03	0.0000E+00	0.0000E+00	1.3670E+00
2.9340E+03	0.0000E+00	0.0000E+00	1.3640E+00
2.9350E+03	0.0000E+00	0.0000E+00	1.3643E+00
2.9360E+03	0.0000E+00	0.0000E+00	1.3646E+00
2.9370E+03	0.0000E+00	0.0000E+00	1.3652E+00
2.9380E+03	0.0000E+00	0.0000E+00	1.3617E+00
2.9390E+03	0.0000E+00	0.0000E+00	1.3618E+00
2.9400E+03	0.0000E+00	0.0000E+00	1.3618E+00
2.9410E+03	0.0000E+00	0.0000E+00	1.3589E+00
2.9420E+03	0.0000E+00	0.0000E+00	1.3531E+00
2.9430E+03	0.0000E+00	0.0000E+00	1.3520E+00
2.9440E+03	0.0000E+00	0.0000E+00	1.3497E+00
2.9450E+03	0.0000E+00	0.0000E+00	1.3478E+00
2.9460E+03	0.0000E+00	0.0000E+00	1.3462E+00
2.9470E+03	0.0000E+00	0.0000E+00	1.3456E+00
2.9480E+03	0.0000E+00	0.0000E+00	1.3430E+00
2.9490E+03	0.0000E+00	0.0000E+00	1.3410E+00
2.9500E+03	0.0000E+00	0.0000E+00	1.3409E+00
2.9510E+03	0.0000E+00	0.0000E+00	1.3416E+00
2.9520E+03	0.0000E+00	0.0000E+00	1.3423E+00
2.9530E+03	0.0000E+00	0.0000E+00	1.3477E+00
2.9540E+03	0.0000E+00	0.0000E+00	1.3509E+00
2.9550E+03	0.0000E+00	0.0000E+00	1.3542E+00
2.9560E+03	0.0000E+00	0.0000E+00	1.3538E+00
2.9570E+03	0.0000E+00	0.0000E+00	1.3558E+00
2.9580E+03	0.0000E+00	0.0000E+00	1.3565E+00
2.9590E+03	0.0000E+00	0.0000E+00	1.3574E+00
2.9600E+03	0.0000E+00	0.0000E+00	1.3573E+00
2.9610E+03	0.0000E+00	0.0000E+00	1.3568E+00
2.9620E+03	0.0000E+00	0.0000E+00	1.3559E+00
2.9630E+03	0.0000E+00	0.0000E+00	1.3567E+00
2.9640E+03	0.0000E+00	0.0000E+00	1.3534E+00
2.9650E+03	0.0000E+00	0.0000E+00	1.3518E+00
2.9660E+03	0.0000E+00	0.0000E+00	1.3489E+00
2.9670E+03	0.0000E+00	0.0000E+00	1.3456E+00
2.9680E+03	0.0000E+00	0.0000E+00	1.3427E+00
2.9690E+03	0.0000E+00	0.0000E+00	1.3427E+00
2.9700E+03	0.0000E+00	0.0000E+00	1.3423E+00
2.9710E+03	0.0000E+00	0.0000E+00	1.3411E+00
2.9720E+03	0.0000E+00	0.0000E+00	1.3388E+00
2.9730E+03	0.0000E+00	0.0000E+00	1.3353E+00
2.9740E+03	0.0000E+00	0.0000E+00	1.3317E+00
2.9750E+03	0.0000E+00	0.0000E+00	1.3334E+00
2.9760E+03	0.0000E+00	0.0000E+00	1.3335E+00
2.9770E+03	0.0000E+00	0.0000E+00	1.3366E+00
2.9780E+03	0.0000E+00	0.0000E+00	1.3415E+00
2.9790E+03	0.0000E+00	0.0000E+00	1.3477E+00
2.9800E+03	0.0000E+00	0.0000E+00	1.3514E+00
2.9810E+03	0.0000E+00	0.0000E+00	1.3527E+00
2.9820E+03	0.0000E+00	0.0000E+00	1.3526E+00
2.9830E+03	0.0000E+00	0.0000E+00	1.3530E+00
2.9840E+03	0.0000E+00	0.0000E+00	1.3543E+00
2.9850E+03	0.0000E+00	0.0000E+00	1.3540E+00
2.9860E+03	0.0000E+00	0.0000E+00	1.3528E+00
2.9870E+03	0.0000E+00	0.0000E+00	1.3490E+00
2.9880E+03	0.0000E+00	0.0000E+00	1.3464E+00
2.9890E+03	0.0000E+00	0.0000E+00	1.3456E+00
2.9900E+03	0.0000E+00	0.0000E+00	1.3458E+00
2.9910E+03	0.0000E+00	0.0000E+00	1.3448E+00
2.9920E+03	0.0000E+00	0.0000E+00	1.3425E+00
2.9930E+03	0.0000E+00	0.0000E+00	1.3429E+00
2.9940E+03	0.0000E+00	0.0000E+00	1.3405E+00
2.9950E+03	0.0000E+00	0.0000E+00	1.3398E+00
2.9960E+03	0.0000E+00	0.0000E+00	1.3388E+00
2.9970E+03	0.0000E+00	0.0000E+00	1.3362E+00
2.9980E+03	0.0000E+00	0.0000E+00	1.3354E+00
2.9990E+03	0.0000E+00	0.0000E+00	1.3330E+00
3.0000E+03	0.0000E+00	0.0000E+00	1.3336E+00
3.0010E+03	0.0000E+00	0.0000E+00	1.3338E+00
3.0020E+03	0.0000E+00	0.0000E+00	1.3358E+00
3.0030E+03	0.0000E+00	0.0000E+00	1.3368E+00
3.0040E+03	0.0000E+00	0.0000E+00	1.3384E+00
3.0050E+03	0.0000E+00	0.0000E+00	1.3415E+00
3.0060E+03	0.0000E+00	0.0000E+00	1.3439E+00
3.0070E+03	0.0000E+00	0.0000E+00	1.3444E+00
3.0080E+03	0.0000E+00	0.0000E+00	1.3443E+00
3.0090E+03	0.0000E+00	0.0000E+00	1.3445E+00
3.0100E+03	0.0000E+00	0.0000E+00	1.3443E+00
3.0110E+03	0.0000E+00	0.0000E+00	1.3446E+00
3.0120E+03	0.0000E+00	0.0000E+00	1.3434E+00
3.0130E+03	0.0000E+00	0.0000E+00	1.3431E+00
3.0140E+03	0.0000E+00	0.0000E+00	1.3397E+00
3.0150E+03	0.0000E+00	0.0000E+00	1.3357E+00
3.0160E+03	0.0000E+00	0.0000E+00	1.3338E+00
3.0170E+03	0.0000E+00	0.0000E+00	1.3351E+00
3.0180E+03	0.0000E+00	0.0000E+00	1.3345E+00
3.0190E+03	0.0000E+00	0.0000E+00	1.3338E+00
3.0200E+03	0.0000E+00	0.0000E+00	1.3312E+00
3.0210E+03	0.0000E+00	0.0000E+00	1.3298E+00
3.0220E+03	0.0000E+00	0.0000E+00	1.3279E+00
3.0230E+03	0.0000E+00	0.0000E+00	1.3278E+00
3.0240E+03	0.0000E+00	0.0000E+00	1.3287E+00
3.0250E+03	0.0000E+00	0.0000E+00	1.3327E+00
3.0260E+03	0.0000E+00	0.0000E+00	1.3344E+00
3.0270E+03	0.0000E+00	0.0000E+00	1.3378E+00
3.0280E+03	0.0000E+00	0.0000E+00	1.3402E+00
3.0290E+03	0.0000E+00	0.0000E+00	1.3426E+00
3.0300E+03	0.0000E+00	0.0000E+00	1.3415E+00
3.0310E+03	0.0000E+00	0.0000E+00	1.3407E+00
3.0320E+03	0.0000E+00	0.0000E+00	1.3398E+00
3.0330E+03	0.0000E+00	0.0000E+00	1.3387E+00
3.0340E+03	0.0000E+00	0.0000E+00	1.3391E+00
3.0350E+03	0.0000E+00	0.0000E+00	1.3385E+00
3.0360E+03	0.0000E+00	0.0000E+00	1.3394E+00
3.0370E+03	0.0000E+00	0.0000E+00	1.3397E+00
3.0380E+03	0.0000E+00	0.0000E+00	1.3371E+00
3.0390E+03	0.0000E+00	0.0000E+00	1.3361E+00
3.0400E+03	0.0000E+00	0.0000E+00	1.3314E+00
3.0410E+03	0.0000E+00	0.0000E+00	1.3298E+00
3.0420E+03	0.0000E+00	0.0000E+00	1.3293E+00
3.0430E+03	0.0000E+00	0.0000E+00	1.3283E+00
3.0440E+03	0.0000E+00	0.0000E+00	1.3260E+00
3.0450E+03	0.0000E+00	0.0000E+00	1.3234E+00
3.0460E+03	0.0000E+00	0.0000E+00	1.3214E+00
3.0470E+03	0.0000E+00	0.0000E+00	1.3213E+00
3.0480E+03	0.0000E+00	0.0000E+00	1.3196E+00
3.0490E+03	0.0000E+00	0.0000E+00	1.3220E+00
3.0500E+03	0.0000E+00	0.0000E+00	1.3212E+00
3.0510E+03	0.0000E+00	0.0000E+00	1.3204E+00
3.0520E+03	0.0000E+00	0.0000E+00	1.3221E+00
3.0530E+03	0.0000E+00	0.0000E+00	1.3252E+00
3.0540E+03	0.0000E+00	0.0000E+00	1.3272E+00
3.0550E+03	0.0000E+00	0.0000E+00	1.3288E+00
3.0560E+03	0.0000E+00	0.0000E+00	1.3299E+00
3.0570E+03	0.0000E+00	0.0000E+00	1.3290E+00
3.0580E+03	0.0000E+00	0.0000E+00	1.3296E+00
3.0590E+03	0.0000E+00	0.0000E+00	1.3312E+00
3.0600E+03	0.0000E+00	0.0000E+00	1.3285E+00
3.0610E+03	0.0000E+00	0.0000E+00	1.3287E+00
3.0620E+03	0.0000E+00	0.0000E+00	1.3295E+00
3.0630E+03	0.0000E+00	0.0000E+00	1.3283E+00
3.0640E+03	0.0000E+00	0.0000E+00	1.3278E+00
3.0650E+03	0.0000E+00	0.0000E+00	1.3259E+00
3.0660E+03	0.0000E+00	0.0000E+00	1.3223E+00
3.0670E+03	0.0000E+00	0.0000E+00	1.3201E+00
3.0680E+03	0.0000E+00	0.0000E+00	1.3165E+00
3.0690E+03	0.0000E+00	0.0000E+00	1.3161E+00
3.0700E+03	0.0000E+00	0.0000E+00	1.3145E+00
3.0710E+03	0.0000E+00	0.0000E+00	1.3160E+00
3.0720E+03	0.0000E+00	0.0000E+00	1.3171E+00
3.0730E+03	0.0000E+00	0.0000E+00	1.3174E+00
3.0740E+03	0.0000E+00	0.0000E+00	1.3198E+00
3.0750E+03	0.0000E+00	0.0000E+00	1.3243E+00
3.0760E+03	0.0000E+00	0.0000E+00	1.3289E+00
3.0770E+03	0.0000E+00	0.0000E+00	1.3308E+00
3.0780E+03	0.0000E+00	0.0000E+00	1.3333E+00
3.0790E+03	0.0000E+00	0.0000E+00	1.3301E+00
3.0800E+03	0.0000E+00	0.0000E+00	1.3315E+00
3.0810E+03	0.0000E+00	0.0000E+00	1.3320E+00
3.0820E+03	0.0000E+00	0.0000E+00	1.3327E+00
3.0830E+03	0.0000E+00	0.0000E+00	1.3315E+00
3.0840E+03	0.0000E+00	0.0000E+00	1.3293E+00
3.0850E+03	0.0000E+00	0.0000E+00	1.3280E+00
3.0860E+03	0.0000E+00	0.0000E+00	1.3250E+00
3.0870E+03	0.0000E+00	0.0000E+00	1.3237E+00
3.0880E+03	0.0000E+00	0.0000E+00	1.3230E+00
3.0890E+03	0.0000E+00	0.0000E+00	1.3214E+00
3.0900E+03	0.0000E+00	0.0000E+00	1.3200E+00
3.0910E+03	0.0000E+00	0.0000E+00	1.3183E+00
3.0920E+03	0.0000E+00	0.0000E+00	1.3165E+00
3.0930E+03	0.0000E+00	0.0000E+00	1.3139E+00
3.0940E+03	0.0000E+00	0.0000E+00	1.3132E+00
3.0950E+03	0.0000E+00	0.0000E+00	1.3141E+00
3.0960E+03	0.0000E+00	0.0000E+00	1.3166E+00
3.0970E+03	0.0000E+00	0.0000E+00	1.3184E+00
3.0980E+03	0.0000E+00	0.0000E+00	1.3201E+00
3.0990E+03	0.0000E+00	0.0000E+00	1.3232E+00
3.1000E+03	0.0000E+00	0.0000E+00	1.3253E+00
3.1010E+03	0.0000E+00	0.0000E+00	1.3282E+00
3.1020E+03	0.0000E+00	0.0000E+00	1.3290E+00
3.1030E+03	0.0000E+00	0.0000E+00	1.3293E+00
3.1040E+03	0.0000E+00	0.0000E+00	1.3304E+00
3.1050E+03	0.0000E+00	0.0000E+00	1.3316E+00
3.1060E+03	0.0000E+00	0.0000E+00	1.3315E+00
3.1070E+03	0.0000E+00	0.0000E+00	1.3308E+00
3.1080E+03	0.0000E+00	0.0000E+00	1.3297E+00
3.1090E+03	0.0000E+00	0.0000E+00	1.3267E+00
3.1100E+03	0.0000E+00	0.0000E+00	1.3235E+00
3.1110E+03	0.0000E+00	0.0000E+00	1.3205E+00
3.1120E+03	0.0000E+00	0.0000E+00	1.3202E+00
3.1130E+03	0.0000E+00	0.0000E+00	1.3143E+00
3.1140E+03	0.0000E+00	0.0000E+00	1.3117E+00
3.1150E+03	0.0000E+00	0.0000E+00	1.3079E+00
3.1160E+03	0.0000E+00	0.0000E+00	1.3070E+00
3.1170E+03	0.0000E+00	0.0000E+00	1.3051E+00
3.1180E+03	0.0000E+00	0.0000E+00	1.3040E+00
3.1190E+03	0.0000E+00	0.0000E+00	1.3034E+00
3.1200E+03	0.0000E+00	0.0000E+00	1.3032E+00
3.1210E+03	0.0000E+00	0.0000E+00	1.3039E+00
3.1220E+03	0.0000E+00	0.0000E+00	1.3076E+00
3.1230E+03	0.0000E+00	0.0000E+00	1.3107E+00
3.1240E+03	0.0000E+00	0.0000E+00	1.3133E+00
3.1250E+03	0.0000E+00	0.0000E+00	1.3171E+00
3.1260E+03	0.0000E+00	0.0000E+00	1.3178E+00
3.1270E+03	0.0000E+00	0.0000E+00	1.3168E+00
3.1280E+03	0.0000E+00	0.0000E+00	1.3187E+00
3.1290E+03	0.0000E+00	0.0000E+00	1.3210E+00
3.1300E+03	0.0000E+00	0.0000E+00	1.3200E+00
3.1310E+03	0.0000E+00	0.0000E+00	1.3194E+00
3.1320E+03	0.0000E+00	0.0000E+00	1.3170E+00
3.1330E+03	0.0000E+00	0.0000E+00	1.3171E+00
3.1340E+03	0.0000E+00	0.0000E+00	1.3154E+00
3.1350E+03	0.0000E+00	0.0000E+00	1.3123E+00
3.1360E+03	0.0000E+00	0.0000E+00	1.3106E+00
3.1370E+03	0.0000E+00	0.0000E+00	1.3095E+00
3.1380E+03	0.0000E+00	0.0000E+00	1.3099E+00
3.1390E+03	0.0000E+00	0.0000E+00	1.3079E+00
3.1400E+03	0.0000E+00	0.0000E+00	1.3046E+00
3.1410E+03	0.0000E+00	0.0000E+00	1.3023E+00
3.1420E+03	0.0000E+00	0.0000E+00	1.3008E+00
3.1430E+03	0.0000E+00	0.0000E+00	1.3004E+00
3.1440E+03	0.0000E+00	0.0000E+00	1.3017E+00
3.1450E+03	0.0000E+00	0.0000E+00	1.3045E+00
3.1460E+03	0.0000E+00	0.0000E+00	1.3073E+00
3.1470E+03	0.0000E+00	0.0000E+00	1.3089E+00
3.1480E+03	0.0000E+00	0.0000E+00	1.3125E+00
3.1490E+03	0.0000E+00	0.0000E+00	1.3146E+00
3.1500E+03	0.0000E+00	0.0000E+00	1.3163E+00
3.1510E+03	0.0000E+00	0.0000E+00	1.3177E+00
3.1520E+03	0.0000E+00	0.0000E+00	1.3211E+00
3.1530E+03	0.0000E+00	0.0000E+00	1.3210E+00
3.1540E+03	0.0000E+00	0.0000E+00	1.3233E+00
3.1550E+03	0.0000E+00	0.0000E+00	1.3238E+00
3.1560E+03	0.0000E+00	0.0000E+00	1.3214E+00
3.1570E+03	0.0000E+00	0.0000E+00	1.3195E+00
3.1580E+03	0.0000E+00	0.0000E+00	1.3205E+00
3.1590E+03	0.0000E+00	0.0000E+00	1.3197E+00
3.1600E+03	0.0000E+00	0.0000E+00	1.3162E+00
3.1610E+03	0.0000E+00	0.0000E+00	1.3139E+00
3.1620E+03	0.0000E+00	0.0000E+00	1.3133E+00
3.1630E+03	0.0000E+00	0.0000E+00	1.3114E+00
3.1640E+03	0.0000E+00	0.0000E+00	1.3090E+00
3.1650E+03	0.0000E+00	0.0000E+00	1.3069E+00
3.1660E+03	0.0000E+00	0.0000E+00	1.3048E+00
3.1670E+03	0.0000E+00	0.0000E+00	1.3055E+00
3.1680E+03	0.0000E+00	0.0000E+00	1.3059E+00
3.1690E+03	0.0000E+00	0.0000E+00	1.3052E+00
3.1700E+03	0.0000E+00	0.0000E+00	1.3054E+00
3.1710E+03	0.0000E+00	0.0000E+00	1.3066E+00
3.1720E+03	0.0000E+00	0.0000E+00	1.3101E+00
3.1730E+03	0.0000E+00	0.0000E+00	1.3119E+00
3.1740E+03	0.0000E+00	0.0000E+00	1.3135E+00
3.1750E+03	0.0000E+00	0.0000E+00	1.3157E+00
3.1760E+03	0.0000E+00	0.0000E+00	1.3167E+00
3.1770E+03	0.0000E+00	0.0000E+00	1.3171E+00
3.1780E+03	0.0000E+00	0.0000E+00	1.3192E+00
3.1790E+03	0.0000E+00	0.0000E+00	1.3183E+00
3.1800E+03	0.0000E+00	0.0000E+00	1.3187E+00
3.1810E+03	0.0000E+00	0.0000E+00	1.3187E+00
3.1820E+03	0.0000E+00	0.0000E+00	1.3195E+00
3.1830E+03	0.0000E+00	0.0000E+00	1.3198E+00
3.1840E+03	0.0000E+00	0.0000E+00	1.3160E+00
3.1850E+03	0.0000E+00	0.0000E+00	1.3124E+00
3.1860E+03	0.0000E+00	0.0000E+00	1.3114E+00
3.1870E+03	0.0000E+00	0.0000E+00	1.3108E+00
3.1880E+03	0.0000E+00	0.0000E+00	1.3093E+00
3.1890E+03	0.0000E+00	0.0000E+00	1.3081E+00
3.1900E+03	0.0000E+00	0.0000E+00	1.3086E+00
3.1910E+03	0.0000E+00	0.0000E+00	1.3080E+00
3.1920E+03	0.0000E+00	0.0000E+00	1.3071E+00
3.1930E+03	0.0000E+00	0.0000E+00	1.3067E+00
3.1940E+03	0.0000E+00	0.0000E+00	1.3068E+00
3.1950E+03	0.0000E+00	0.0000E+00	1.3056E+00
3.1960E+03	0.0000E+00	0.0000E+00	1.3057E+00
3.1970E+03	0.0000E+00	0.0000E+00	1.3066E+00
3.1980E+03	0.0000E+00	0.0000E+00	1.3072E+00
3.1990E+03	0.0000E+00	0.0000E+00	1.3067E+00
3.2000E+03	0.0000E+00	0.0000E+00	1.3080E+00
3.2010E+03	0.0000E+00	0.0000E+00	1.3108E+00
3.2020E+03	0.0000E+00	0.0000E+00	1.3119E+00
3.2030E+03	0.0000E+00	0.0000E+00	1.3139E+00
3.2040E+03	0.0000E+00	0.0000E+00	1.3144E+00
3.2050E+03	0.0000E+00	0.0000E+00	1.3122E+00
3.2060E+03	0.0000E+00	0.0000E+00	1.3113E+00
3.2070E+03	0.0000E+00	0.0000E+00	1.3117E+00
3.2080E+03	0.0000E+00	0.0000E+00	1.3123E+00
3.2090E+03	0.0000E+00	0.0000E+00	1.3123E+00
3.2100E+03	0.0000E+00	0.0000E+00	1.3094E+00
3.2110E+03	0.0000E+00	0.0000E+00	1.3065E+00
3.2120E+03	0.0000E+00	0.0000E+00	1.3038E+00
3.2130E+03	0.0000E+00	0.0000E+00	1.3001E+00
3.2140E+03	0.0000E+00	0.0000E+00	1.2996E+00
3.2150E+03	0.0000E+00	0.0000E+00	1.2983E+00
3.2160E+03	0.0000E+00	0.0000E+00	1.2980E+00
3.2170E+03	0.0000E+00	0.0000E+00	1.2993E+00
3.2180E+03	0.0000E+00	0.0000E+00	1.2997E+00
3.2190E+03	0.0000E+00	0.0000E+00	1.3021E+00
3.2200E+03	0.0000E+00	0.0000E+00	1.3042E+00
3.2210E+03	0.0000E+00	0.0000E+00	1.3022E+00
3.2220E+03	0.0000E+00	0.0000E+00	1.3033E+00
3.2230E+03	0.0000E+00	0.0000E+00	1.3066E+00
3.2240E+03	0.0000E+00	0.0000E+00	1.3102E+00
3.2250E+03	0.0000E+00	0.0000E+00	1.3115E+00
3.2260E+03	0.0000E+00	0.0000E+00	1.3132E+00
3.2270E+03	0.0000E+00	0.0000E+00	1.3143E+00
3.2280E+03	0.0000E+00	0.0000E+00	1.3130E+00
3.2290E+03	0.0000E+00	0.0000E+00	1.3127E+00
3.2300E+03	0.0000E+00	0.0000E+00	1.3116E+00
3.2310E+03	0.0000E+00	0.0000E+00	1.3116E+00
3.2320E+03	0.0000E+00	0.0000E+00	1.3109E+00
3.2330E+03	0.0000E+00	0.0000E+00	1.3098E+00
3.2340E+03	0.0000E+00	0.0000E+00	1.3075E+00
3.2350E+03	0.0000E+00	0.0000E+00	1.3054E+00
3.2360E+03	0.0000E+00	0.0000E+00	1.3029E+00
3.2370E+03	0.0000E+00	0.0000E+00	1.2989E+00
3.2380E+03	0.0000E+00	0.0000E+00	1.2981E+00
3.2390E+03	0.0000E+00	0.0000E+00	1.2980E+00
3.2400E+03	0.0000E+00	0.0000E+00	1.2971E+00
3.2410E+03	0.0000E+00	0.0000E+00	1.2974E+00
3.2420E+03	0.0000E+00	0.0000E+00	1.2947E+00
3.2430E+03	0.0000E+00	0.0000E+00	1.2977E+00
3.2440E+03	0.0000E+00	0.0000E+00	1.2987E+00
3.2450E+03	0.0000E+00	0.0000E+00	1.2983E+00
3.2460E+03	0.0000E+00	0.0000E+00	1.3009E+00
3.2470E+03	0.0000E+00	0.0000E+00	1.3056E+00
3.2480E+03	0.0000E+00	0.0000E+00	1.3064E+00
3.2490E+03	0.0000E+00	0.0000E+00	1.3085E+00
3.2500E+03	0.0000E+00	0.0000E+00	1.3105E+00
3.2510E+03	0.0000E+00	0.0000E+00	1.3104E+00
3.2520E+03	0.0000E+00	0.0000E+00	1.3101E+00
3.2530E+03	0.0000E+00	0.0000E+00	1.3118E+00
3.2540E+03	0.0000E+00	0.0000E+00	1.3122E+00
3.2550E+03	0.0000E+00	0.0000E+00	1.3095E+00
3.2560E+03	0.0000E+00	0.0000E+00	1.3073E+00
3.2570E+03	0.0000E+00	0.0000E+00	1.3062E+00
3.2580E+03	0.0000E+00	0.0000E+00	1.3059E+00
3.2590E+03	0.0000E+00	0.0000E+00	1.3031E+00
3.2600E+03	0.0000E+00	0.0000E+00	1.2979E+00
3.2610E+03	0.0000E+00	0.0000E+00	1.2980E+00
3.2620E+03	0.0000E+00	0.0000E+00	1.2964E+00
3.2630E+03	0.0000E+00	0.0000E+00	1.2964E+00
3.2640E+03	0.0000E+00	0.0000E+00	1.2952E+00
3.2650E+03	0.0000E+00	0.0000E+00	1.2958E+00
3.2660E+03	0.0000E+00	0.0000E+00	1.2954E+00
3.2670E+03	0.0000E+00	0.0000E+00	1.2967E+00
3.2680E+03	0.0000E+00	0.0000E+00	1.3001E+00
3.2690E+03	0.0000E+00	0.0000E+00	1.3029E+00
3.2700E+03	0.0000E+00	0.0000E+00	1.3042E+00
3.2710E+03	0.0000E+00	0.0000E+00	1.3064E+00
3.2720E+03	0.0000E+00	0.0000E+00	1.3066E+00
3.2730E+03	0.0000E+00	0.0000E+00	1.3101E+00
3.2740E+03	0.0000E+00	0.0000E+00	1.3101E+00
3.2750E+03	0.0000E+00	0.0000E+00	1.3085E+00
3.2760E+03	0.0000E+00	0.0000E+00	1.3089E+00
3.2770E+03	0.0000E+00	0.0000E+00	1.3095E+00
3.2780E+03	0.0000E+00	0.0000E+00	1.3082E+00
3.2790E+03	0.0000E+00	0.0000E+00	1.3075E+00
3.2800E+03	0.0000E+00	0.0000E+00	1.3040E+00
3.2810E+03	0.0000E+00	0.0000E+00	1.3025E+00
3.2820E+03	0.0000E+00	0.0000E+00	1.3020E+00
3.2830E+03	0.0000E+00	0.0000E+00	1.2996E+00
3.2840E+03	0.0000E+00	0.0000E+00	1.2986E+00
3.2850E+03	0.0000E+00	0.0000E+00	1.2939E+00
3.2860E+03	0.0000E+00	0.0000E+00	1.2919E+00
3.2870E+03	0.0000E+00	0.0000E+00	1.2894E+00
3.2880E+03	0.0000E+00	0.0000E+00	1.2897E+00
3.2890E+03	0.0000E+00	0.0000E+00	1.2889E+00
3.2900E+03	0.0000E+00	0.0000E+00	1.2894E+00
3.2910E+03	0.0000E+00	0.0000E+00	1.2902E+00
3.2920E+03	0.0000E+00	0.0000E+00	1.2923E+00
3.2930E+03	0.0000E+00	0.0000E+00	1.2952E+00
3.2940E+03	0.0000E+00	0.0000E+00	1.2987E+00
3.2950E+03	0.0000E+00	0.0000E+00	1.2990E+00
3.2960E+03	0.0000E+00	0.0000E+00	1.3020E+00
3.2970E+03	0.0000E+00	0.0000E+00	1.3052E+00
3.2980E+03	0.0000E+00	0.0000E+00	1.3049E+00
3.2990E+03	0.0000E+00	0.0000E+00	1.3060E+00
3.3000E+03	0.0000E+00	0.0000E+00	1.3063E+00
3.3010E+03	0.0000E+00	0.0000E+00	1.3051E+00
3.3020E+03	0.0000E+00	0.0000E+00	1.3034E+00
3.3030E+03	0.0000E+00	0.0000E+00	1.3024E+00
3.3040E+03	0.0000E+00	0.0000E+00	1.3041E+00
3.3050E+03	0.0000E+00	0.0000E+00	1.3033E+00
3.3060E+03	0.0000E+00	0.0000E+00	1.2995E+00
3.3070E+03	0.0000E+00	0.0000E+00	1.2969E+00
3.3080E+03	0.0000E+00	0.0000E+00	1.2953E+00
3.3090E+03	0.0000E+00	0.0000E+00	1.2949E+00
3.3100E+03	0.0000E+00	0.0000E+00	1.2937E+00
3.3110E+03	0.0000E+00	0.0000E+00	1.2927E+00
3.3120E+03	0.0000E+00	0.0000E+00	1.2950E+00
3.3130E+03	0.0000E+00	0.0000E+00	1.2948E+00
3.3140E+03	0.0000E+00	0.0000E+00	1.2943E+00
3.3150E+03	0.0000E+00	0.0000E+00	1.2952E+00
3.3160E+03	0.0000E+00	0.0000E+00	1.2957E+00
3.3170E+03	0.0000E+00	0.0000E+00	1.2985E+00
3.3180E+03	0.0000E+00	0.0000E+00	1.3010E+00
3.3190E+03	0.0000E+00	0.0000E+00	1.3027E+00
3.3200E+03	0.0000E+00	0.0000E+00	1.3014E+00
3.3210E+03	0.0000E+00	0.0000E+00	1.3007E+00
3.3220E+03	0.0000E+00	0.0000E+00	1.3007E+00
3.3230E+03	0.0000E+00	0.0000E+00	1.3011E+00
3.3240E+03	0.0000E+00	0.0000E+00	1.3027E+00
3.3250E+03	0.0000E+00	0.0000E+00	1.3035E+00
3.3260E+03	0.0000E+00	0.0000E+00	1.3017E+00
3.3270E+03	0.0000E+00	0.0000E+00	1.3026E+00
3.3280E+03	0.0000E+00	0.0000E+00	1.3012E+00
3.3290E+03	0.0000E+00	0.0000E+00	1.3000E+00
3.3300E+03	0.0000E+00	0.0000E+00	1.2979E+00
3.3310E+03	0.0000E+00	0.0000E+00	1.2959E+00
3.3320E+03	0.0000E+00	0.0000E+00	1.2940E+00
3.3330E+03	0.0000E+00	0.0000E+00	1.2928E+00
3.3340E+03	0.0000E+00	0.0000E+00	1.2906E+00
3.3350E+03	0.0000E+00	0.0000E+00	1.2900E+00
3.3360E+03	0.0000E+00	0.0000E+00	1.2920E+00
3.3370E+03	0.0000E+00	0.0000E+00	1.2931E+00
3.3380E+03	0.0000E+00	0.0000E+00	1.2952E+00
3.3390E+03	0.0000E+00	0.0000E+00	1.2955E+00
3.3400E+03	0.0000E+00	0.0000E+00	1.2960E+00
3.3410E+03	0.0000E+00	0.0000E+00	1.2982E+00
3.3420E+03	0.0000E+00	0.0000E+00	1.3009E+00
3.3430E+03	0.0000E+00	0.0000E+00	1.3011E+00
3.3440E+03	0.0000E+00	0.0000E+00	1.3018E+00
3.3450E+03	0.0000E+00	0.0000E+00	1.3030E+00
3.3460E+03	0.0000E+00	0.0000E+00	1.3048E+00
3.3470E+03	0.0000E+00	0.0000E+00	1.3028E+00
3.3480E+03	0.0000E+00	0.0000E+00	1.3018E+00
3.3490E+03	0.0000E+00	0.0000E+00	1.3036E+00
3.3500E+03	0.0000E+00	0.0000E+00	1.3053E+00
3.3510E+03	0.0000E+00	0.0000E+00	1.3043E+00
3.3520E+03	0.0000E+00	0.0000E+00	1.3017E+00
3.3530E+03	0.0000E+00	0.0000E+00	1.3023E+00
3.3540E+03	0.0000E+00	0.0000E+00	1.2993E+00
3.3550E+03	0.0000E+00	0.0000E+00	1.3018E+00
3.3560E+03	0.0000E+00	0.0000E+00	1.3009E+00
3.3570E+03	0.0000E+00	0.0000E+00	1.3004E+00
3.3580E+03	0.0000E+00	0.0000E+00	1.2981E+00
3.3590E+03	0.0000E+00	0.0000E+00	1.2997E+00
3.3600E+03	0.0000E+00	0.0000E+00	1.2997E+00
3.3610E+03	0.0000E+00	0.0000E+00	1.3001E+00
3.3620E+03	0.0000E+00	0.0000E+00	1.3016E+00
3.3630E+03	0.0000E+00	0.0000E+00	1.3019E+00
3.3640E+03	0.0000E+00	0.0000E+00	1.3026E+00
3.3650E+03	0.0000E+00	0.0000E+00	1.3004E+00
3.3660E+03	0.0000E+00	0.0000E+00	1.2998E+00
3.3670E+03	0.0000E+00	0.0000E+00	1.2996E+00
3.3680E+03	0.0000E+00	0.0000E+00	1.3006E+00
3.3690E+03	0.0000E+00	0.0000E+00	1.3024E+00
3.3700E+03	0.0000E+00	0.0000E+00	1.3029E+00
3.3710E+03	0.0000E+00	0.0000E+00	1.3033E+00
3.3720E+03	0.0000E+00	0.0000E+00	1.3021E+00
3.3730E+03	0.0000E+00	0.0000E+00	1.3040E+00
3.3740E+03	0.0000E+00	0.0000E+00	1.3040E+00
3.3750E+03	0.0000E+00	0.0000E+00	1.3052E+00
3.3760E+03	0.0000E+00	0.0000E+00	1.3054E+00
3.3770E+03	0.0000E+00	0.0000E+00	1.3039E+00
3.3780E+03	0.0000E+00	0.0000E+00	1.3008E+00
3.3790E+03	0.0000E+00	0.0000E+00	1.3009E+00
3.3800E+03	0.0000E+00	0.0000E+00	1.2992E+00
3.3810E+03	0.0000E+00	0.0000E+00	1.2950E+00
3.3820E+03	0.0000E+00	0.0000E+00	1.2928E+00
3.3830E+03	0.0000E+00	0.0000E+00	1.2931E+00
3.3840E+03	0.0000E+00	0.0000E+00	1.2933E+00
3.3850E+03	0.0000E+00	0.0000E+00	1.2954E+00
3.3860E+03	0.0000E+00	0.0000E+00	1.2953E+00
3.3870E+03	0.0000E+00	0.0000E+00	1.2955E+00
3.3880E+03	0.0000E+00	0.0000E+00	1.2987E+00
3.3890E+03	0.0000E+00	0.0000E+00	1.3022E+00
3.3900E+03	0.0000E+00	0.0000E+00	1.3022E+00
3.3910E+03	0.0000E+00	0.0000E+00	1.3024E+00
3.3920E+03	0.0000E+00	0.0000E+00	1.3024E+00
3.3930E+03	0.0000E+00	0.0000E+00	1.3037E+00
3.3940E+03	0.0000E+00	0.0000E+00	1.3044E+00
3.3950E+03	0.0000E+00	0.0000E+00	1.3056E+00
3.3960E+03	0.0000E+00	0.0000E+00	1.3061E+00
3.3970E+03	0.0000E+00	0.0000E+00	1.3062E+00
3.3980E+03	0.0000E+00	0.0000E+00	1.3053E+00
3.3990E+03	0.0000E+00	0.0000E+00	1.3040E+00
3.4000E+03	0.0000E+00	0.0000E+00	1.3034E+00
3.4010E+03	0.0000E+00	0.0000E+00	1.2997E+00
3.4020E+03	0.0000E+00	0.0000E+00	1.2976E+00
3.4030E+03	0.0000E+00	0.0000E+00	1.2947E+00
3.4040E+03	0.0000E+00	0.0000E+00	1.2936E+00
3.4050E+03	0.0000E+00	0.0000E+00	1.2922E+00
3.4060E+03	0.0000E+00	0.0000E+00	1.2888E+00
3.4070E+03	0.0000E+00	0.0000E+00	1.2896E+00
3.4080E+03	0.0000E+00	0.0000E+00	1.2912E+00
3.4090E+03	0.0000E+00	0.0000E+00	1.2885E+00
3.4100E+03	0.0000E+00	0.0000E+00	1.2905E+00
3.4110E+03	0.0000E+00	0.0000E+00	1.2902E+00
3.4120E+03	0.0000E+00	0.0000E+00	1.2911E+00
3.4130E+03	0.0000E+00	0.0000E+00	1.2927E+00
3.4140E+03	0.0000E+00	0.0000E+00	1.2940E+00
3.4150E+03	0.0000E+00	0.0000E+00	1.2929E+00
3.4160E+03	0.0000E+00	0.0000E+00	1.2954E+00
3.4170E+03	0.0000E+00	0.0000E+00	1.2978E+00
3.4180E+03	0.0000E+00	0.0000E+00	1.2990E+00
3.4190E+03	0.0000E+00	0.0000E+00	1.2998E+00
3.4200E+03	0.0000E+00	0.0000E+00	1.2995E+00
3.4210E+03	0.0000E+00	0.0000E+00	1.2984E+00
3.4220E+03	0.0000E+00	0.0000E+00	1.2999E+00
3.4230E+03	0.0000E+00	0.0000E+00	1.3023E+00
3.4240E+03	0.0000E+00	0.0000E+00	1.3066E+00
3.4250E+03	0.0000E+00	0.0000E+00	1.3039E+00
3.4260E+03	0.0000E+00	0.0000E+00	1.3022E+00
3.4270E+03	0.0000E+00	0.0000E+00	1.2991E+00
3.4280E+03	0.0000E+00	0.0000E+00	1.2969E+00
3.4290E+03	0.0000E+00	0.0000E+00	1.2947E+00
3.4300E+03	0.0000E+00	0.0000E+00	1.2940E+00
3.4310E+03	0.0000E+00	0.0000E+00	1.2943E+00
3.4320E+03	0.0000E+00	0.0000E+00	1.2946E+00
3.4330E+03	0.0000E+00	0.0000E+00	1.2954E+00
3.4340E+03	0.0000E+00	0.0000E+00	1.2952E+00
3.4350E+03	0.0000E+00	0.0000E+00	1.2953E+00
3.4360E+03	0.0000E+00	0.0000E+00	1.2962E+00
3.4370E+03	0.0000E+00	0.0000E+00	1.2948E+00
3.4380E+03	0.0000E+00	0.0000E+00	1.2947E+00
3.4390E+03	0.0000E+00	0.0000E+00	1.2965E+00
3.4400E+03	0.0000E+00	0.0000E+00	1.2975E+00
3.4410E+03	0.0000E+00	0.0000E+00	1.2988E+00
3.4420E+03	0.0000E+00	0.0000E+00	1.3000E+00
3.4430E+03	0.0000E+00	0.0000E+00	1.2996E+00
3.4440E+03	0.0000E+00	0.0000E+00	1.3002E+00
3.4450E+03	0.0000E+00	0.0000E+00	1.3005E+00
3.4460E+03	0.0000E+00	0.0000E+00	1.2995E+00
3.4470E+03	0.0000E+00	0.0000E+00	1.2993E+00
3.4480E+03	0.0000E+00	0.0000E+00	1.2973E+00
3.4490E+03	0.0000E+00	0.0000E+00	1.2968E+00
3.4500E+03	0.0000E+00	0.0000E+00	1.2943E+00
3.4510E+03	0.0000E+00	0.0000E+00	1.2906E+00
3.4520E+03	0.0000E+00	0.0000E+00	1.2889E+00
3.4530E+03	0.0000E+00	0.0000E+00	1.2865E+00
3.4540E+03	0.0000E+00	0.0000E+00	1.2847E+00
3.4550E+03	0.0000E+00	0.0000E+00	1.2827E+00
3.4560E+03	0.0000E+00	0.0000E+00	1.2823E+00
3.4570E+03	0.0000E+00	0.0000E+00	1.2842E+00
3.4580E+03	0.0000E+00	0.0000E+00	1.2836E+00
3.4590E+03	0.0000E+00	0.0000E+00	1.2838E+00
3.4600E+03	0.0000E+00	0.0000E+00	1.2842E+00
3.4610E+03	0.0000E+00	0.0000E+00	1.2856E+00
3.4620E+03	0.0000E+00	0.0000E+00	1.2855E+00
3.4630E+03	0.0000E+00	0.0000E+00	1.2843E+00
3.4640E+03	0.0000E+00	0.0000E+00	1.2862E+00
3.4650E+03	0.0000E+00	0.0000E+00	1.2898E+00
3.4660E+03	0.0000E+00	0.0000E+00	1.2916E+00
3.4670E+03	0.0000E+00	0.0000E+00	1.2912E+00
3.4680E+03	0.0000E+00	0.0000E+00	1.2926E+00
3.4690E+03	0.0000E+00	0.0000E+00	1.2909E+00
3.4700E+03	0.0000E+00	0.0000E+00	1.2903E+00
3.4710E+03	0.0000E+00	0.0000E+00	1.2908E+00
3.4720E+03	0.0000E+00	0.0000E+00	1.2925E+00
3.4730E+03	0.0000E+00	0.0000E+00	1.2915E+00
3.4740E+03	0.0000E+00	0.0000E+00	1.2917E+00
3.4750E+03	0.0000E+00	0.0000E+00	1.2886E+00
3.4760E+03	0.0000E+00	0.0000E+00	1.2869E+00
3.4770E+03	0.0000E+00	0.0000E+00	1.2872E+00
3.4780E+03	0.0000E+00	0.0000E+00	1.2837E+00
3.4790E+03	0.0000E+00	0.0000E+00	1.2826E+00
3.4800E+03	0.0000E+00	0.0000E+00	1.2816E+00
3.4810E+03	0.0000E+00	0.0000E+00	1.2807E+00
3.4820E+03	0.0000E+00	0.0000E+00	1.2811E+00
3.4830E+03	0.0000E+00	0.0000E+00	1.2836E+00
3.4840E+03	0.0000E+00	0.0000E+00	1.2834E+00
3.4850E+03	0.0000E+00	0.0000E+00	1.2851E+00
3.4860E+03	0.0000E+00	0.0000E+00	1.2838E+00
3.4870E+03	0.0000E+00	0.0000E+00	1.2833E+00
3.4880E+03	0.0000E+00	0.0000E+00	1.2859E+00
3.4890E+03	0.0000E+00	0.0000E+00	1.2875E+00
3.4900E+03	0.0000E+00	0.0000E+00	1.2901E+00
3.4910E+03	0.0000E+00	0.0000E+00	1.2899E+00
3.4920E+03	0.0000E+00	0.0000E+00	1.2900E+00
3.4930E+03	0.0000E+00	0.0000E+00	1.2891E+00
3.4940E+03	0.0000E+00	0.0000E+00	1.2906E+00
3.4950E+03	0.0000E+00	0.0000E+00	1.2893E+00
3.4960E+03	0.0000E+00	0.0000E+00	1.2888E+00
3.4970E+03	0.0000E+00	0.0000E+00	1.2878E+00
3.4980E+03	0.0000E+00	0.0000E+00	1.2877E+00
3.4990E+03	0.0000E+00	0.0000E+00	1.2855E+00
3.5000E+03	0.0000E+00	0.0000E+00	1.2807E+00
3.5010E+03	0.0000E+00	0.0000E+00	1.2820E+00
3.5020E+03	0.0000E+00	0.0000E+00	1.2814E+00
3.5030E+03	0.0000E+00	0.0000E+00	1.2810E+00
3.5040E+03	0.0000E+00	0.0000E+00	1.2818E+00
3.5050E+03	0.0000E+00	0.0000E+00	1.2809E+00
3.5060E+03	0.0000E+00	0.0000E+00	1.2794E+00
3.5070E+03	0.0000E+00	0.0000E+00	1.2784E+00
3.5080E+03	0.0000E+00	0.0000E+00	1.2791E+00
3.5090E+03	0.0000E+00	0.0000E+00	1.2770E+00
3.5100E+03	0.0000E+00	0.0000E+00	1.2780E+00
3.5110E+03	0.0000E+00	0.0000E+00	1.2785E+00
3.5120E+03	0.0000E+00	0.0000E+00	1.2799E+00
3.5130E+03	0.0000E+00	0.0000E+00	1.2815E+00
3.5140E+03	0.0000E+00	0.0000E+00	1.2832E+00
3.5150E+03	0.0000E+00	0.0000E+00	1.2861E+00
3.5160E+03	0.0000E+00	0.0000E+00	1.2860E+00
3.5170E+03	0.0000E+00	0.0000E+00	1.2851E+00
3.5180E+03	0.0000E+00	0.0000E+00	1.2848E+00
3.5190E+03	0.0000E+00	0.0000E+00	1.2864E+00
3.5200E+03	0.0000E+00	0.0000E+00	1.2847E+00
3.5210E+03	0.0000E+00	0.0000E+00	1.2861E+00
3.5220E+03	0.0000E+00	0.0000E+00	1.2849E+00
3.5230E+03	0.0000E+00	0.0000E+00	1.2837E+00
3.5240E+03	0.0000E+00	0.0000E+00	1.2794E+00
3.5250E+03	0.0000E+00	0.0000E+00	1.2756E+00
3.5260E+03	0.0000E+00	0.0000E+00	1.2751E+00
3.5270E+03	0.0000E+00	0.0000E+00	1.2747E+00
3.5280E+03	0.0000E+00	0.0000E+00	1.2735E+00
3.5290E+03	0.0000E+00	0.0000E+00	1.2733E+00
3.5300E+03	0.0000E+00	0.0000E+00	1.2720E+00
3.5310E+03	0.0000E+00	0.0000E+00	1.2706E+00
3.5320E+03	0.0000E+00	0.0000E+00	1.2714E+00
3.5330E+03	0.0000E+00	0.0000E+00	1.2714E+00
3.5340E+03	0.0000E+00	0.0000E+00	1.2708E+00
3.5350E+03	0.0000E+00	0.0000E+00	1.2699E+00
3.5360E+03	0.0000E+00	0.0000E+00	1.2713E+00
3.5370E+03	0.0000E+00	0.0000E+00	1.2764E+00
3.5380E+03	0.0000E+00	0.0000E+00	1.2791E+00
3.5390E+03	0.0000E+00	0.0000E+00	1.2799E+00
3.5400E+03	0.0000E+00	0.0000E+00	1.2806E+00
3.5410E+03	0.0000E+00	0.0000E+00	1.2807E+00
3.5420E+03	0.0000E+00	0.0000E+00	1.2801E+00
3.5430E+03	0.0000E+00	0.0000E+00	1.2796E+00
3.5440E+03	0.0000E+00	0.0000E+00	1.2827E+00
3.5450E+03	0.0000E+00	0.0000E+00	1.2832E+00
3.5460E+03	0.0000E+00	0.0000E+00	1.2791E+00
3.5470E+03	0.0000E+00	0.0000E+00	1.2762E+00
3.5480E+03	0.0000E+00	0.0000E+00	1.2713E+00
3.5490E+03	0.0000E+00	0.0000E+00	1.2711E+00
3.5500E+03	0.0000E+00	0.0000E+00	1.2692E+00
3.5510E+03	0.0000E+00	0.0000E+00	1.2676E+00
3.5520E+03	0.0000E+00	0.0000E+00	1.2664E+00
3.5530E+03	0.0000E+00	0.0000E+00	1.2667E+00
3.5540E+03	0.0000E+00	0.0000E+00	1.2662E+00
3.5550E+03	0.0000E+00	0.0000E+00	1.2642E+00
3.5560E+03	0.0000E+00	0.0000E+00	1.2631E+00
3.5570E+03	0.0000E+00	0.0000E+00	1.2650E+00
3.5580E+03	0.0000E+00	0.0000E+00	1.2664E+00
3.5590E+03	0.0000E+00	0.0000E+00	1.2653E+00
3.5600E+03	0.0000E+00	0.0000E+00	1.2672E+00
3.5610E+03	0.0000E+00	0.0000E+00	1.2713E+00
3.5620E+03	0.0000E+00	0.0000E+00	1.2749E+00
3.5630E+03	0.0000E+00	0.0000E+00	1.2745E+00
3.5640E+03	0.0000E+00	0.0000E+00	1.2741E+00
3.5650E+03	0.0000E+00	0.0000E+00	1.2738E+00
3.5660E+03	0.0000E+00	0.0000E+00	1.2748E+00
3.5670E+03	0.0000E+00	0.0000E+00	1.2755E+00
3.5680E+03	0.0000E+00	0.0000E+00	1.2752E+00
3.5690E+03	0.0000E+00	0.0000E+00	1.2763E+00
3.5700E+03	0.0000E+00	0.0000E+00	1.2777E+00
3.5710E+03	0.0000E+00	0.0000E+00	1.2749E+00
3.5720E+03	0.0000E+00	0.0000E+00	1.2734E+00
3.5730E+03	0.0000E+00	0.0000E+00	1.2696E+00
3.5740E+03	0.0000E+00	0.0000E+00	1.2673E+00
3.5750E+03	0.0000E+00	0.0000E+00	1.2649E+00
3.5760E+03	0.0000E+00	0.0000E+00	1.2647E+00
3.5770E+03	0.0000E+00	0.0000E+00	1.2658E+00
3.5780E+03	0.0000E+00	0.0000E+00	1.2662E+00
3.5790E+03	0.0000E+00	0.0000E+00	1.2656E+00
3.5800E+03	0.0000E+00	0.0000E+00	1.2662E+00
3.5810E+03	0.0000E+00	0.0000E+00	1.2658E+00
3.5820E+03	0.0000E+00	0.0000E+00	1.2660E+00
3.5830E+03	0.0000E+00	0.0000E+00	1.2679E+00
3.5840E+03	0.0000E+00	0.0000E+00	1.2673E+00
3.5850E+03	0.0000E+00	0.0000E+00	1.2703E+00
3.5860E+03	0.0000E+00	0.0000E+00	1.2721E+00
3.5870E+03	0.0000E+00	0.0000E+00	1.2717E+00
3.5880E+03	0.0000E+00	0.0000E+00	1.2730E+00
3.5890E+03	0.0000E+00	0.0000E+00	1.2734E+00
3.5900E+03	0.0000E+00	0.0000E+00	1.2742E+00
3.5910E+03	0.0000E+00	0.0000E+00	1.2759E+00
3.5920E+03	0.0000E+00	0.0000E+00	1.2751E+00
3.5930E+03	0.0000E+00	0.0000E+00	1.2761E+00
3.5940E+03	0.0000E+00	0.0000E+00	1.2734E+00
3.5950E+03	0.0000E+00	0.0000E+00	1.2706E+00
3.5960E+03	0.0000E+00	0.0000E+00	1.2678E+00
3.5970E+03	0.0000E+00	0.0000E+00	1.2662E+00
3.5980E+03	0.0000E+00	0.0000E+00	1.2651E+00
3.5990E+03	0.0000E+00	0.0000E+00	1.2664E+00
3.6000E+03	0.0000E+00	0.0000E+00	1.2667E+00
3.6010E+03	0.0000E+00	0.0000E+00	1.2683E+00
3.6020E+03	0.0000E+00	0.0000E+00	1.2671E+00
3.6030E+03	0.0000E+00	0.0000E+00	1.2679E+00
3.6040E+03	0.0000E+00	0.0000E+00	1.2673E+00
3.6050E+03	0.0000E+00	0.0000E+00	1.2677E+00
3.6060E+03	0.0000E+00	0.0000E+00	1.2673E+00
3.6070E+03	0.0000E+00	0.0000E+00	1.2688E+00
3.6080E+03	0.0000E+00	0.0000E+00	1.2700E+00
3.6090E+03	0.0000E+00	0.0000E+00	1.2698E+00
3.6100E+03	0.0000E+00	0.0000E+00	1.2692E+00
3.6110E+03	0.0000E+00	0.0000E+00	1.2705E+00
3.6120E+03	0.0000E+00	0.0000E+00	1.2709E+00
3.6130E+03	0.0000E+00	0.0000E+00	1.2722E+00
3.6140E+03	0.0000E+00	0.0000E+00	1.2719E+00
3.6150E+03	0.0000E+00	0.0000E+00	1.2704E+00
3.6160E+03	0.0000E+00	0.0000E+00	1.2709E+00
3.6170E+03	0.0000E+00	0.0000E+00	1.2736E+00
3.6180E+03	0.0000E+00	0.0000E+00	1.2740E+00
3.6190E+03	0.0000E+00	0.0000E+00	1.2725E+00
3.6200E+03	0.0000E+00	0.0000E+00	1.2696E+00
3.6210E+03	0.0000E+00	0.0000E+00	1.2672E+00
3.6220E+03	0.0000E+00	0.0000E+00	1.2663E+00
3.6230E+03	0.0000E+00	0.0000E+00	1.2639E+00
3.6240E+03	0.0000E+00	0.0000E+00	1.2632E+00
3.6250E+03	0.0000E+00	0.0000E+00	1.2626E+00
3.6260E+03	0.0000E+00	0.0000E+00	1.2624E+00
3.6270E+03	0.0000E+00	0.0000E+00	1.2625E+00
3.6280E+03	0.0000E+00	0.0000E+00	1.2630E+00
3.6290E+03	0.0000E+00	0.0000E+00	1.2621E+00
3.6300E+03	0.0000E+00	0.0000E+00	1.2624E+00
3.6310E+03	0.0000E+00	0.0000E+00	1.2648E+00
3.6320E+03	0.0000E+00	0.0000E+00	1.2658E+00
3.6330E+03	0.0000E+00	0.0000E+00	1.2653E+00
3.6340E+03	0.0000E+00	0.0000E+00	1.2679E+00
3.6350E+03	0.0000E+00	0.0000E+00	1.2718E+00
3.6360E+03	0.0000E+00	0.0000E+00	1.2752E+00
3.6370E+03	0.0000E+00	0.0000E+00	1.2751E+00
3.6380E+03	0.0000E+00	0.0000E+00	1.2765E+00
3.6390E+03	0.0000E+00	0.0000E+00	1.2778E+00
3.6400E+03	0.0000E+00	0.0000E+00	1.2779E+00
3.6410E+03	0.0000E+00	0.0000E+00	1.2796E+00
3.6420E+03	0.0000E+00	0.0000E+00	1.2784E+00
3.6430E+03	0.0000E+00	0.0000E+00	1.2781E+00
3.6440E+03	0.0000E+00	0.0000E+00	1.2779E+00
3.6450E+03	0.0000E+00	0.0000E+00	1.2809E+00
3.6460E+03	0.0000E+00	0.0000E+00	1.2835E+00
3.6470E+03	0.0000E+00	0.0000E+00	1.2834E+00
3.6480E+03	0.0000E+00	0.0000E+00	1.2819E+00
3.6490E+03	0.0000E+00	0.0000E+00	1.2801E+00
3.6500E+03	0.0000E+00	0.0000E+00	1.2805E+00
3.6510E+03	0.0000E+00	0.0000E+00	1.2804E+00
3.6520E+03	0.0000E+00	0.0000E+00	1.2794E+00
3.6530E+03	0.0000E+00	0.0000E+00	1.2770E+00
3.6540E+03	0.0000E+00	0.0000E+00	1.2786E+00
3.6550E+03	0.0000E+00	0.0000E+00	1.2779E+00
3.6560E+03	0.0000E+00	0.0000E+00	1.2778E+00
3.6570E+03	0.0000E+00	0.0000E+00	1.2769E+00
3.6580E+03	0.0000E+00	0.0000E+00	1.2783E+00
3.6590E+03	0.0000E+00	0.0000E+00	1.2786E+00
3.6600E+03	0.0000E+00	0.0000E+00	1.2767E+00
3.6610E+03	0.0000E+00	0.0000E+00	1.2762E+00
3.6620E+03	0.0000E+00	0.0000E+00	1.2756E+00
3.6630E+03	0.0000E+00	0.0000E+00	1.2767E+00
3.6640E+03	0.0000E+00	0.0000E+00	1.2753E+00
3.6650E+03	0.0000E+00	0.0000E+00	1.2753E+00
3.6660E+03	0.0000E+00	0.0000E+00	1.2730E+00
3.6670E+03	0.0000E+00	0.0000E+00	1.2700E+00
3.6680E+03	0.0000E+00	0.0000E+00	1.2671E+00
3.6690E+03	0.0000E+00	0.0000E+00	1.2636E+00
3.6700E+03	0.0000E+00	0.0000E+00	1.2638E+00
3.6710E+03	0.0000E+00	0.0000E+00	1.2651E+00
3.6720E+03	0.0000E+00	0.0000E+00	1.2661E+00
3.6730E+03	0.0000E+00	0.0000E+00	1.2661E+00
3.6740E+03	0.0000E+00	0.0000E+00	1.2636E+00
3.6750E+03	0.0000E+00	0.0000E+00	1.2632E+00
3.6760E+03	0.0000E+00	0.0000E+00	1.2633E+00
3.6770E+03	0.0000E+00	0.0000E+00	1.2628E+00
3.6780E+03	0.0000E+00	0.0000E+00	1.2635E+00
3.6790E+03	0.0000E+00	0.0000E+00	1.2630E+00
3.6800E+03	0.0000E+00	0.0000E+00	1.2636E+00
3.6810E+03	0.0000E+00	0.0000E+00	1.2663E+00
3.6820E+03	0.0000E+00	0.0000E+00	1.2672E+00
3.6830E+03	0.0000E+00	0.0000E+00	1.2703E+00
3.6840E+03	0.0000E+00	0.0000E+00	1.2707E+00
3.6850E+03	0.0000E+00	0.0000E+00	1.2712E+00
3.6860E+03	0.0000E+00	0.0000E+00	1.2712E+00
3.6870E+03	0.0000E+00	0.0000E+00	1.2710E+00
3.6880E+03	0.0000E+00	0.0000E+00	1.2701E+00
3.6890E+03	0.0000E+00	0.0000E+00	1.2695E+00
3.6900E+03	0.0000E+00	0.0000E+00	1.2705E+00
3.6910E+03	0.0000E+00	0.0000E+00	1.2684E+00
3.6920E+03	0.0000E+00	0.0000E+00	1.2655E+00
3.6930E+03	0.0000E+00	0.0000E+00	1.2641E+00
3.6940E+03	0.0000E+00	0.0000E+00	1.2627E+00
3.6950E+03	0.0000E+00	0.0000E+00	1.2657E+00
3.6960E+03	0.0000E+00	0.0000E+00	1.2642E+00
3.6970E+03	0.0000E+00	0.0000E+00	1.2630E+00
3.6980E+03	0.0000E+00	0.0000E+00	1.2625E+00
3.6990E+03	0.0000E+00	0.0000E+00	1.2620E+00
3.7000E+03	0.0000E+00	0.0000E+00	1.2618E+00
3.7010E+03	0.0000E+00	0.0000E+00	1.2619E+00
3.7020E+03	0.0000E+00	0.0000E+00	1.2604E+00
3.7030E+03	0.0000E+00	0.0000E+00	1.2593E+00
3.7040E+03	0.0000E+00	0.0000E+00	1.2612E+00
3.7050E+03	0.0000E+00	0.0000E+00	1.2633E+00
3.7060E+03	0.0000E+00	0.0000E+00	1.2665E+00
3.7070E+03	0.0000E+00	0.0000E+00	1.2672E+00
3.7080E+03	0.0000E+00	0.0000E+00	1.2671E+00
3.7090E+03	0.0000E+00	0.0000E+00	1.2690E+00
3.7100E+03	0.0000E+00	0.0000E+00	1.2676E+00
3.7110E+03	0.0000E+00	0.0000E+00	1.2672E+00
3.7120E+03	0.0000E+00	0.0000E+00	1.2672E+00
3.7130E+03	0.0000E+00	0.0000E+00	1.2668E+00
3.7140E+03	0.0000E+00	0.0000E+00	1.2678E+00
3.7150E+03	0.0000E+00	0.0000E+00	1.2653E+00
3.7160E+03	0.0000E+00	0.0000E+00	1.2628E+00
3.7170E+03	0.0000E+00	0.0000E+00	1.2591E+00
3.7180E+03	0.0000E+00	0.0000E+00	1.2573E+00
3.7190E+03	0.0000E+00	0.0000E+00	1.2559E+00
3.7200E+03	0.0000E+00	0.0000E+00	1.2543E+00
3.7210E+03	0.0000E+00	0.0000E+00	1.2558E+00
3.7220E+03	0.0000E+00	0.0000E+00	1.2571E+00
3.7230E+03	0.0000E+00	0.0000E+00	1.2559E+00
3.7240E+03	0.0000E+00	0.0000E+00	1.2550E+00
3.7250E+03	0.0000E+00	0.0000E+00	1.2544E+00
3.7260E+03	0.0000E+00	0.0000E+00	1.2536E+00
3.7270E+03	0.0000E+00	0.0000E+00	1.2520E+00
3.7280E+03	0.0000E+00	0.0000E+00	1.2541E+00
3.7290E+03	0.0000E+00	0.0000E+00	1.2575E+00
3.7300E+03	0.0000E+00	0.0000E+00	1.2585E+00
3.7310E+03	0.0000E+00	0.0000E+00	1.2603E+00
3.7320E+03	0.0000E+00	0.0000E+00	1.2611E+00
3.7330E+03	0.0000E+00	0.0000E+00	1.2627E+00
3.7340E+03	0.0000E+00	0.0000E+00	1.2621E+00
3.7350E+03	0.0000E+00	0.0000E+00	1.2623E+00
3.7360E+03	0.0000E+00	0.0000E+00	1.2624E+00
3.7370E+03	0.0000E+00	0.0000E+00	1.2635E+00
3.7380E+03	0.0000E+00	0.0000E+00	1.2620E+00
3.7390E+03	0.0000E+00	0.0000E+00	1.2605E+00
3.7400E+03	0.0000E+00	0.0000E+00	1.2591E+00
3.7410E+03	0.0000E+00	0.0000E+00	1.2552E+00
3.7420E+03	0.0000E+00	0.0000E+00	1.2520E+00
3.7430E+03	0.0000E+00	0.0000E+00	1.2516E+00
3.7440E+03	0.0000E+00	0.0000E+00	1.2484E+00
3.7450E+03	0.0000E+00	0.0000E+00	1.2499E+00
3.7460E+03	0.0000E+00	0.0000E+00	1.2506E+00
3.7470E+03	0.0000E+00	0.0000E+00	1.2484E+00
3.7480E+03	0.0000E+00	0.0000E+00	1.2484E+00
3.7490E+03	0.0000E+00	0.0000E+00	1.2468E+00
3.7500E+03	0.0000E+00	0.0000E+00	1.2458E+00
3.7510E+03	0.0000E+00	0.0000E+00	1.2460E+00
3.7520E+03	0.0000E+00	0.0000E+00	1.2499E+00
3.7530E+03	0.0000E+00	0.0000E+00	1.2526E+00
3.7540E+03	0.0000E+00	0.0000E+00	1.2567E+00
3.7550E+03	0.0000E+00	0.0000E+00	1.2576E+00
3.7560E+03	0.0000E+00	0.0000E+00	1.2576E+00
3.7570E+03	0.0000E+00	0.0000E+00	1.2575E+00
3.7580E+03	0.0000E+00	0.0000E+00	1.2565E+00
3.7590E+03	0.0000E+00	0.0000E+00	1.2566E+00
3.7600E+03	0.0000E+00	0.0000E+00	1.2581E+00
3.7610E+03	0.0000E+00	0.0000E+00	1.2586E+00
3.7620E+03	0.0000E+00	0.0000E+00	1.2574E+00
3.7630E+03	0.0000E+00	0.0000E+00	1.2550E+00
3.7640E+03	0.0000E+00	0.0000E+00	1.2524E+00
3.7650E+03	0.0000E+00	0.0000E+00	1.2490E+00
3.7660E+03	0.0000E+00	0.0000E+00	1.2479E+00
3.7670E+03	0.0000E+00	0.0000E+00	1.2498E+00
3.7680E+03	0.0000E+00	0.0000E+00	1.2510E+00
3.7690E+03	0.0000E+00	0.0000E+00	1.2499E+00
3.7700E+03	0.0000E+00	0.0000E+00	1.2500E+00
3.7710E+03	0.0000E+00	0.0000E+00	1.2493E+00
3.7720E+03	0.0000E+00	0.0000E+00	1.2473E+00
3.7730E+03	0.0000E+00	0.0000E+00	1.2482E+00
3.7740E+03	0.0000E+00	0.0000E+00	1.2471E+00
3.7750E+03	0.0000E+00	0.0000E+00	1.2476E+00
3.7760E+03	0.0000E+00	0.0000E+00	1.2486E+00
3.7770E+03	0.0000E+00	0.0000E+00	1.2514E+00
3.7780E+03	0.0000E+00	0.0000E+00	1.2548E+00
3.7790E+03	0.0000E+00	0.0000E+00	1.2553E+00
3.7800E+03	0.0000E+00	0.0000E+00	1.2578E+00
3.7810E+03	0.0000E+00	0.0000E+00	1.2579E+00
3.7820E+03	0.0000E+00	0.0000E+00	1.2587E+00
3.7830E+03	0.0000E+00	0.0000E+00	1.2597E+00
3.7840E+03	0.0000E+00	0.0000E+00	1.2584E+00
3.7850E+03	0.0000E+00	0.0000E+00	1.2582E+00
3.7860E+03	0.0000E+00	0.0000E+00	1.2566E+00
3.7870E+03	0.0000E+00	0.0000E+00	1.2537E+00
3.7880E+03	0.0000E+00	0.0000E+00	1.2515E+00
3.7890E+03	0.0000E+00	0.0000E+00	1.2500E+00
3.7900E+03	0.0000E+00	0.0000E+00	1.2502E+00
3.7910E+03	0.0000E+00	0.0000E+00	1.2521E+00
3.7920E+03	0.0000E+00	0.0000E+00	1.2505E+00
3.7930E+03	0.0000E+00	0.0000E+00	1.2486E+00
3.7940E+03	0.0000E+00	0.0000E+00	1.2479E+00
3.7950E+03	0.0000E+00	0.0000E+00	1.2490E+00
3.7960E+03	0.0000E+00	0.0000E+00	1.2474E+00
3.7970E+03	0.0000E+00	0.0000E+00	1.2468E+00
3.7980E+03	0.0000E+00	0.0000E+00	1.2474E+00
3.7990E+03	0.0000E+00	0.0000E+00	1.2466E+00
3.8000E+03	0.0000E+00	0.0000E+00	1.2471E+00
3.8010E+03	0.0000E+00	0.0000E+00	1.2503E+00
3.8020E+03	0.0000E+00	0.0000E+00	1.2534E+00
3.8030E+03	0.0000E+00	0.0000E+00	1.2538E+00
3.8040E+03	0.0000E+00	0.0000E+00	1.2543E+00
3.8050E+03	0.0000E+00	0.0000E+00	1.2544E+00
3.8060E+03	0.0000E+00	0.0000E+00	1.2555E+00
3.8070E+03	0.0000E+00	0.0000E+00	1.2579E+00
3.8080E+03	0.0000E+00	0.0000E+00	1.2583E+00
3.8090E+03	0.0000E+00	0.0000E+00	1.2560E+00
3.8100E+03	0.0000E+00	0.0000E+00	1.2547E+00
3.8110E+03	0.0000E+00	0.0000E+00	1.2533E+00
3.8120E+03	0.0000E+00	0.0000E+00	1.2487E+00
3.8130E+03	0.0000E+00	0.0000E+00	1.2449E+00
3.8140E+03	0.0000E+00	0.0000E+00	1.2467E+00
3.8150E+03	0.0000E+00	0.0000E+00	1.2437E+00
3.8160E+03	0.0000E+00	0.0000E+00	1.2450E+00
3.8170E+03	0.0000E+00	0.0000E+00	1.2456E+00
3.8180E+03	0.0000E+00	0.0000E+00	1.2450E+00
3.8190E+03	0.0000E+00	0.0000E+00	1.2435E+00
3.8200E+03	0.0000E+00	0.0000E+00	1.2426E+00
3.8210E+03	0.0000E+00	0.0000E+00	1.2418E+00
3.8220E+03	0.0000E+00	0.0000E+00	1.2428E+00
3.8230E+03	0.0000E+00	0.0000E+00	1.2425E+00
3.8240E+03	0.0000E+00	0.0000E+00	1.2429E+00
3.8250E+03	0.0000E+00	0.0000E+00	1.2489E+00
3.8260E+03	0.0000E+00	0.0000E+00	1.2496E+00
3.8270E+03	0.0000E+00	0.0000E+00	1.2501E+00
3.8280E+03	0.0000E+00	0.0000E+00	1.2532E+00
3.8290E+03	0.0000E+00	0.0000E+00	1.2524E+00
3.8300E+03	0.0000E+00	0.0000E+00	1.2537E+00
3.8310E+03	0.0000E+00	0.0000E+00	1.2534E+00
3.8320E+03	0.0000E+00	0.0000E+00	1.2562E+00
3.8330E+03	0.0000E+00	0.0000E+00	1.2544E+00
3.8340E+03	0.0000E+00	0.0000E+00	1.2533E+00
3.8350E+03	0.0000E+00	0.0000E+00	1.2517E+00
3.8360E+03	0.0000E+00	0.0000E+00	1.2500E+00
3.8370E+03	0.0000E+00	0.0000E+00	1.2469E+00
3.8380E+03	0.0000E+00	0.0000E+00	1.2487E+00
3.8390E+03	0.0000E+00	0.0000E+00	1.2489E+00
3.8400E+03	0.0000E+00	0.0000E+00	1.2487E+00
3.8410E+03	0.0000E+00	0.0000E+00	1.2466E+00
3.8420E+03	0.0000E+00	0.0000E+00	1.2459E+00
3.8430E+03	0.0000E+00	0.0000E+00	1.2442E+00
3.8440E+03	0.0000E+00	0.0000E+00	1.2442E+00
3.8450E+03	0.0000E+00	0.0000E+00	1.2432E+00
3.8460E+03	0.0000E+00	0.0000E+00	1.2442E+00
3.8470E+03	0.0000E+00	0.0000E+00	1.2436E+00
3.8480E+03	0.0000E+00	0.0000E+00	1.2440E+00
3.8490E+03	0.0000E+00	0.0000E+00	1.2483E+00
3.8500E+03	0.0000E+00	0.0000E+00	1.2481E+00
3.8510E+03	0.0000E+00	0.0000E+00	1.2505E+00
3.8520E+03	0.0000E+00	0.0000E+00	1.2520E+00
3.8530E+03	0.0000E+00	0.0000E+00	1.2521E+00
3.8540E+03	0.0000E+00	0.0000E+00	1.2526E+00
3.8550E+03	0.0000E+00	0.0000E+00	1.2525E+00
3.8560E+03	0.0000E+00	0.0000E+00	1.2527E+00
3.8570E+03	0.0000E+00	0.0000E+00	1.2529E+00
3.8580E+03	0.0000E+00	0.0000E+00	1.2528E+00
3.8590E+03	0.0000E+00	0.0000E+00	1.2514E+00
3.8600E+03	0.0000E+00	0.0000E+00	1.2476E+00
3.8610E+03	0.0000E+00	0.0000E+00	1.2443E+00
3.8620E+03	0.0000E+00	0.0000E+00	1.2435E+00
3.8630E+03	0.0000E+00	0.0000E+00	1.2462E+00
3.8640E+03	0.0000E+00	0.0000E+00	1.2474E+00
3.8650E+03	0.0000E+00	0.0000E+00	1.2464E+00
3.8660E+03	0.0000E+00	0.0000E+00	1.2459E+00
3.8670E+03	0.0000E+00	0.0000E+00	1.2445E+00
3.8680E+03	0.0000E+00	0.0000E+00	1.2440E+00
3.8690E+03	0.0000E+00	0.0000E+00	1.2443E+00
3.8700E+03	0.0000E+00	0.0000E+00	1.2438E+00
3.8710E+03	0.0000E+00	0.0000E+00	1.2432E+00
3.8720E+03	0.0000E+00	0.0000E+00	1.2439E+00
3.8730E+03	0.0000E+00	0.0000E+00	1.2456E+00
3.8740E+03	0.0000E+00	0.0000E+00	1.2479E+00
3.8750E+03	0.0000E+00	0.0000E+00	1.2506E+00
3.8760E+03	0.0000E+00	0.0000E+00	1.2515E+00
3.8770E+03	0.0000E+00	0.0000E+00	1.2536E+00
3.8780E+03	0.0000E+00	0.0000E+00	1.2531E+00
3.8790E+03	0.0000E+00	0.0000E+00	1.2532E+00
3.8800E+03	0.0000E+00	0.0000E+00	1.2539E+00
3.8810E+03	0.0000E+00	0.0000E+00	1.2539E+00
3.8820E+03	0.0000E+00	0.0000E+00	1.2525E+00
3.8830E+03	0.0000E+00	0.0000E+00	1.2503E+00
3.8840E+03	0.0000E+00	0.0000E+00	1.2479E+00
3.8850E+03	0.0000E+00	0.0000E+00	1.2471E+00
3.8860E+03	0.0000E+00	0.0000E+00	1.2468E+00
3.8870E+03	0.0000E+00	0.0000E+00	1.2491E+00
3.8880E+03	0.0000E+00	0.0000E+00	1.2499E+00
3.8890E+03	0.0000E+00	0.0000E+00	1.2495E+00
3.8900E+03	0.0000E+00	0.0000E+00	1.2478E+00
3.8910E+03	0.0000E+00	0.0000E+00	1.2466E+00
3.8920E+03	0.0000E+00	0.0000E+00	1.2464E+00
3.8930E+03	0.0000E+00	0.0000E+00	1.2454E+00
3.8940E+03	0.0000E+00	0.0000E+00	1.2449E+00
3.8950E+03	0.0000E+00	0.0000E+00	1.2454E+00
3.8960E+03	0.0000E+00	0.0000E+00	1.2471E+00
3.8970E+03	0.0000E+00	0.0000E+00	1.2491E+00
3.8980E+03	0.0000E+00	0.0000E+00	1.2511E+00
3.8990E+03	0.0000E+00	0.0000E+00	1.2520E+00
3.9000E+03	0.0000E+00	0.0000E+00	1.2534E+00
3.9010E+03	0.0000E+00	0.0000E+00	1.2542E+00
3.9020E+03	0.0000E+00	0.0000E+00	1.2533E+00
3.9030E+03	0.0000E+00	0.0000E+00	1.2523E+00
3.9040E+03	0.0000E+00	0.0000E+00	1.2527E+00
3.9050E+03	0.0000E+00	0.0000E+00	1.2516E+00
3.9060E+03	0.0000E+00	0.0000E+00	1.2527E+00
3.9070E+03	0.0000E+00	0.0000E+00	1.2518E+00
3.9080E+03	0.0000E+00	0.0000E+00	1.2519E+00
3.9090E+03	0.0000E+00	0.0000E+00	1.2480E+00
3.9100E+03	0.0000E+00	0.0000E+00	1.2460E+00
3.9110E+03	0.0000E+00	0.0000E+00	1.2459E+00
3.9120E+03	0.0000E+00	0.0000E+00	1.2475E+00
3.9130E+03	0.0000E+00	0.0000E+00	1.2477E+00
3.9140E+03	0.0000E+00	0.0000E+00	1.2462E+00
3.9150E+03	0.0000E+00	0.0000E+00	1.2423E+00
3.9160E+03	0.0000E+00	0.0000E+00	1.2446E+00
3.9170E+03	0.0000E+00	0.0000E+00	1.2447E+00
3.9180E+03	0.0000E+00	0.0000E+00	1.2440E+00
3.9190E+03	0.0000E+00	0.0000E+00	1.2430E+00
3.9200E+03	0.0000E+00	0.0000E+00	1.2441E+00
3.9210E+03	0.0000E+00	0.0000E+00	1.2463E+00
3.9220E+03	0.0000E+00	0.0000E+00	1.2467E+00
3.9230E+03	0.0000E+00	0.0000E+00	1.2478E+00
3.9240E+03	0.0000E+00	0.0000E+00	1.2490E+00
3.9250E+03	0.0000E+00	0.0000E+00	1.2493E+00
3.9260E+03	0.0000E+00	0.0000E+00	1.2499E+00
3.9270E+03	0.0000E+00	0.0000E+00	1.2487E+00
3.9280E+03	0.0000E+00	0.0000E+00	1.2508E+00
3.9290E+03	0.0000E+00	0.0000E+00	1.2495E+00
3.9300E+03	0.0000E+00	0.0000E+00	1.2483E+00
3.9310E+03	0.0000E+00	0.0000E+00	1.2496E+00
3.9320E+03	0.0000E+00	0.0000E+00	1.2482E+00
3.9330E+03	0.0000E+00	0.0000E+00	1.2438E+00
3.9340E+03	0.0000E+00	0.0000E+00	1.2440E+00
3.9350E+03	0.0000E+00	0.0000E+00	1.2425E+00
3.9360E+03	0.0000E+00	0.0000E+00	1.2431E+00
3.9370E+03	0.0000E+00	0.0000E+00	1.2407E+00
3.9380E+03	0.0000E+00	0.0000E+00	1.2398E+00
3.9390E+03	0.0000E+00	0.0000E+00	1.2406E+00
3.9400E+03	0.0000E+00	0.0000E+00	1.2423E+00
3.9410E+03	0.0000E+00	0.0000E+00	1.2394E+00
3.9420E+03	0.0000E+00	0.0000E+00	1.2385E+00
3.9430E+03	0.0000E+00	0.0000E+00	1.2380E+00
3.9440E+03	0.0000E+00	0.0000E+00	1.2393E+00
3.9450E+03	0.0000E+00	0.0000E+00	1.2435E+00
3.9460E+03	0.0000E+00	0.0000E+00	1.2428E+00
3.9470E+03	0.0000E+00	0.0000E+00	1.2446E+00
3.9480E+03	0.0000E+00	0.0000E+00	1.2464E+00
3.9490E+03	0.0000E+00	0.0000E+00	1.2450E+00
3.9500E+03	0.0000E+00	0.0000E+00	1.2458E+00
3.9510E+03	0.0000E+00	0.0000E+00	1.2471E+00
3.9520E+03	0.0000E+00	0.0000E+00	1.2467E+00
3.9530E+03	0.0000E+00	0.0000E+00	1.2464E+00
3.9540E+03	0.0000E+00	0.0000E+00	1.2456E+00
3.9550E+03	0.0000E+00	0.0000E+00	1.2440E+00
3.9560E+03	0.0000E+00	0.0000E+00	1.2412E+00
3.9570E+03	0.0000E+00	0.0000E+00	1.2408E+00
3.9580E+03	0.0000E+00	0.0000E+00	1.2398E+00
3.9590E+03	0.0000E+00	0.0000E+00	1.2399E+00
3.9600E+03	0.0000E+00	0.0000E+00	1.2384E+00
3.9610E+03	0.0000E+00	0.0000E+00	1.2388E+00
3.9620E+03	0.0000E+00	0.0000E+00	1.2392E+00
3.9630E+03	0.0000E+00	0.0000E+00	1.2382E+00
3.9640E+03	0.0000E+00	0.0000E+00	1.2366E+00
3.9650E+03	0.0000E+00	0.0000E+00	1.2364E+00
3.9660E+03	0.0000E+00	0.0000E+00	1.2356E+00
3.9670E+03	0.0000E+00	0.0000E+00	1.2357E+00
3.9680E+03	0.0000E+00	0.0000E+00	1.2377E+00
3.9690E+03	0.0000E+00	0.0000E+00	1.2415E+00
3.9700E+03	0.0000E+00	0.0000E+00	1.2421E+00
3.9710E+03	0.0000E+00	0.0000E+00	1.2433E+00
3.9720E+03	0.0000E+00	0.0000E+00	1.2459E+00
3.9730E+03	0.0000E+00	0.0000E+00	1.2459E+00
3.9740E+03	0.0000E+00	0.0000E+00	1.2450E+00
3.9750E+03	0.0000E+00	0.0000E+00	1.2456E+00
3.9760E+03	0.0000E+00	0.0000E+00	1.2469E+00
3.9770E+03	0.0000E+00	0.0000E+00	1.2472E+00
3.9780E+03	0.0000E+00	0.0000E+00	1.2447E+00
3.9790E+03	0.0000E+00	0.0000E+00	1.2434E+00
3.9800E+03	0.0000E+00	0.0000E+00	1.2405E+00
3.9810E+03	0.0000E+00	0.0000E+00	1.2384E+00
3.9820E+03	0.0000E+00	0.0000E+00	1.2381E+00
3.9830E+03	0.0000E+00	0.0000E+00	1.2368E+00
3.9840E+03	0.0000E+00	0.0000E+00	1.2355E+00
3.9850E+03	0.0000E+00	0.0000E+00	1.2341E+00
3.9860E+03	0.0000E+00	0.0000E+00	1.2353E+00
3.9870E+03	0.0000E+00	0.0000E+00	1.2347E+00
3.9880E+03	0.0000E+00	0.0000E+00	1.2359E+00
3.9890E+03	0.0000E+00	0.0000E+00	1.2380E+00
3.9900E+03	0.0000E+00	0.0000E+00	1.2377E+00
3.9910E+03	0.0000E+00	0.0000E+00	1.2368E+00
3.9920E+03	0.0000E+00	0.0000E+00	1.2366E+00
3.9930E+03	0.0000E+00	0.0000E+00	1.2376E+00
3.9940E+03	0.0000E+00	0.0000E+00	1.2365E+00
