TIME_UNITS h
DATA_UNITS m
!h  x   y   z
0.0000E+00	0.0000E+00	0.0000E+00	1.9007E+00
1.0000E+00	0.0000E+00	0.0000E+00	1.9007E+00
2.0000E+00	0.0000E+00	0.0000E+00	1.9133E+00
3.0000E+00	0.0000E+00	0.0000E+00	1.9215E+00
4.0000E+00	0.0000E+00	0.0000E+00	1.9342E+00
5.0000E+00	0.0000E+00	0.0000E+00	1.9422E+00
6.0000E+00	0.0000E+00	0.0000E+00	1.9508E+00
7.0000E+00	0.0000E+00	0.0000E+00	1.9593E+00
8.0000E+00	0.0000E+00	0.0000E+00	1.9670E+00
9.0000E+00	0.0000E+00	0.0000E+00	1.9530E+00
1.0000E+01	0.0000E+00	0.0000E+00	1.9192E+00
1.1000E+01	0.0000E+00	0.0000E+00	1.8624E+00
1.2000E+01	0.0000E+00	0.0000E+00	1.8879E+00
1.3000E+01	0.0000E+00	0.0000E+00	1.8927E+00
1.4000E+01	0.0000E+00	0.0000E+00	1.8940E+00
1.5000E+01	0.0000E+00	0.0000E+00	1.9035E+00
1.6000E+01	0.0000E+00	0.0000E+00	1.9430E+00
1.7000E+01	0.0000E+00	0.0000E+00	1.9227E+00
1.8000E+01	0.0000E+00	0.0000E+00	1.9482E+00
1.9000E+01	0.0000E+00	0.0000E+00	1.9491E+00
2.0000E+01	0.0000E+00	0.0000E+00	1.9460E+00
2.1000E+01	0.0000E+00	0.0000E+00	1.9404E+00
2.2000E+01	0.0000E+00	0.0000E+00	1.9368E+00
2.3000E+01	0.0000E+00	0.0000E+00	1.9345E+00
2.4000E+01	0.0000E+00	0.0000E+00	1.9394E+00
2.5000E+01	0.0000E+00	0.0000E+00	1.9463E+00
2.6000E+01	0.0000E+00	0.0000E+00	1.9527E+00
2.7000E+01	0.0000E+00	0.0000E+00	1.9609E+00
2.8000E+01	0.0000E+00	0.0000E+00	1.9756E+00
2.9000E+01	0.0000E+00	0.0000E+00	1.9851E+00
3.0000E+01	0.0000E+00	0.0000E+00	1.9957E+00
3.1000E+01	0.0000E+00	0.0000E+00	2.0029E+00
3.2000E+01	0.0000E+00	0.0000E+00	2.0032E+00
3.3000E+01	0.0000E+00	0.0000E+00	1.9877E+00
3.4000E+01	0.0000E+00	0.0000E+00	1.9510E+00
3.5000E+01	0.0000E+00	0.0000E+00	1.9094E+00
3.6000E+01	0.0000E+00	0.0000E+00	1.9224E+00
3.7000E+01	0.0000E+00	0.0000E+00	1.9264E+00
3.8000E+01	0.0000E+00	0.0000E+00	1.9205E+00
3.9000E+01	0.0000E+00	0.0000E+00	1.9325E+00
4.0000E+01	0.0000E+00	0.0000E+00	1.9532E+00
4.1000E+01	0.0000E+00	0.0000E+00	1.9679E+00
4.2000E+01	0.0000E+00	0.0000E+00	1.9658E+00
4.3000E+01	0.0000E+00	0.0000E+00	1.9642E+00
4.4000E+01	0.0000E+00	0.0000E+00	1.9588E+00
4.5000E+01	0.0000E+00	0.0000E+00	1.9522E+00
4.6000E+01	0.0000E+00	0.0000E+00	1.9445E+00
4.7000E+01	0.0000E+00	0.0000E+00	1.9414E+00
4.8000E+01	0.0000E+00	0.0000E+00	1.9381E+00
4.9000E+01	0.0000E+00	0.0000E+00	1.9394E+00
5.0000E+01	0.0000E+00	0.0000E+00	1.9501E+00
5.1000E+01	0.0000E+00	0.0000E+00	1.9617E+00
5.2000E+01	0.0000E+00	0.0000E+00	1.9675E+00
5.3000E+01	0.0000E+00	0.0000E+00	1.9717E+00
5.4000E+01	0.0000E+00	0.0000E+00	1.9823E+00
5.5000E+01	0.0000E+00	0.0000E+00	1.9812E+00
5.6000E+01	0.0000E+00	0.0000E+00	1.9780E+00
5.7000E+01	0.0000E+00	0.0000E+00	1.9694E+00
5.8000E+01	0.0000E+00	0.0000E+00	1.9239E+00
5.9000E+01	0.0000E+00	0.0000E+00	1.9135E+00
6.0000E+01	0.0000E+00	0.0000E+00	1.9108E+00
6.1000E+01	0.0000E+00	0.0000E+00	1.9190E+00
6.2000E+01	0.0000E+00	0.0000E+00	1.9264E+00
6.3000E+01	0.0000E+00	0.0000E+00	1.9440E+00
6.4000E+01	0.0000E+00	0.0000E+00	1.9530E+00
6.5000E+01	0.0000E+00	0.0000E+00	1.9512E+00
6.6000E+01	0.0000E+00	0.0000E+00	1.9502E+00
6.7000E+01	0.0000E+00	0.0000E+00	1.9490E+00
6.8000E+01	0.0000E+00	0.0000E+00	1.9420E+00
6.9000E+01	0.0000E+00	0.0000E+00	1.9355E+00
7.0000E+01	0.0000E+00	0.0000E+00	1.9302E+00
7.1000E+01	0.0000E+00	0.0000E+00	1.9254E+00
7.2000E+01	0.0000E+00	0.0000E+00	1.9267E+00
7.3000E+01	0.0000E+00	0.0000E+00	1.9420E+00
7.4000E+01	0.0000E+00	0.0000E+00	1.9495E+00
7.5000E+01	0.0000E+00	0.0000E+00	1.9536E+00
7.6000E+01	0.0000E+00	0.0000E+00	1.9640E+00
7.7000E+01	0.0000E+00	0.0000E+00	1.9722E+00
7.8000E+01	0.0000E+00	0.0000E+00	1.9800E+00
7.9000E+01	0.0000E+00	0.0000E+00	1.9857E+00
8.0000E+01	0.0000E+00	0.0000E+00	1.9884E+00
8.1000E+01	0.0000E+00	0.0000E+00	1.9613E+00
8.2000E+01	0.0000E+00	0.0000E+00	1.9302E+00
8.3000E+01	0.0000E+00	0.0000E+00	1.9231E+00
8.4000E+01	0.0000E+00	0.0000E+00	1.9316E+00
8.5000E+01	0.0000E+00	0.0000E+00	1.9302E+00
8.6000E+01	0.0000E+00	0.0000E+00	1.9538E+00
8.7000E+01	0.0000E+00	0.0000E+00	1.9886E+00
8.8000E+01	0.0000E+00	0.0000E+00	1.9956E+00
8.9000E+01	0.0000E+00	0.0000E+00	2.0020E+00
9.0000E+01	0.0000E+00	0.0000E+00	1.9959E+00
9.1000E+01	0.0000E+00	0.0000E+00	1.9919E+00
9.2000E+01	0.0000E+00	0.0000E+00	1.9855E+00
9.3000E+01	0.0000E+00	0.0000E+00	1.9820E+00
9.4000E+01	0.0000E+00	0.0000E+00	1.9760E+00
9.5000E+01	0.0000E+00	0.0000E+00	1.9758E+00
9.6000E+01	0.0000E+00	0.0000E+00	1.9726E+00
9.7000E+01	0.0000E+00	0.0000E+00	1.9674E+00
9.8000E+01	0.0000E+00	0.0000E+00	1.9677E+00
9.9000E+01	0.0000E+00	0.0000E+00	1.9640E+00
1.0000E+02	0.0000E+00	0.0000E+00	1.9625E+00
1.0100E+02	0.0000E+00	0.0000E+00	1.9629E+00
1.0200E+02	0.0000E+00	0.0000E+00	1.9732E+00
1.0300E+02	0.0000E+00	0.0000E+00	1.9841E+00
1.0400E+02	0.0000E+00	0.0000E+00	1.9852E+00
1.0500E+02	0.0000E+00	0.0000E+00	1.9622E+00
1.0600E+02	0.0000E+00	0.0000E+00	1.9649E+00
1.0700E+02	0.0000E+00	0.0000E+00	1.9622E+00
1.0800E+02	0.0000E+00	0.0000E+00	1.9712E+00
1.0900E+02	0.0000E+00	0.0000E+00	1.9804E+00
1.1000E+02	0.0000E+00	0.0000E+00	2.0011E+00
1.1100E+02	0.0000E+00	0.0000E+00	2.0084E+00
1.1200E+02	0.0000E+00	0.0000E+00	2.0205E+00
1.1300E+02	0.0000E+00	0.0000E+00	2.0167E+00
1.1400E+02	0.0000E+00	0.0000E+00	2.0305E+00
1.1500E+02	0.0000E+00	0.0000E+00	2.0293E+00
1.1600E+02	0.0000E+00	0.0000E+00	2.0243E+00
1.1700E+02	0.0000E+00	0.0000E+00	2.0195E+00
1.1800E+02	0.0000E+00	0.0000E+00	2.0148E+00
1.1900E+02	0.0000E+00	0.0000E+00	2.0109E+00
1.2000E+02	0.0000E+00	0.0000E+00	2.0136E+00
1.2100E+02	0.0000E+00	0.0000E+00	2.0209E+00
1.2200E+02	0.0000E+00	0.0000E+00	2.0299E+00
1.2300E+02	0.0000E+00	0.0000E+00	2.0338E+00
1.2400E+02	0.0000E+00	0.0000E+00	2.0436E+00
1.2500E+02	0.0000E+00	0.0000E+00	2.0498E+00
1.2600E+02	0.0000E+00	0.0000E+00	2.0577E+00
1.2700E+02	0.0000E+00	0.0000E+00	2.0664E+00
1.2800E+02	0.0000E+00	0.0000E+00	2.0645E+00
1.2900E+02	0.0000E+00	0.0000E+00	2.0559E+00
1.3000E+02	0.0000E+00	0.0000E+00	2.0143E+00
1.3100E+02	0.0000E+00	0.0000E+00	2.0210E+00
1.3200E+02	0.0000E+00	0.0000E+00	2.0318E+00
1.3300E+02	0.0000E+00	0.0000E+00	2.0491E+00
1.3400E+02	0.0000E+00	0.0000E+00	2.0437E+00
1.3500E+02	0.0000E+00	0.0000E+00	2.0299E+00
1.3600E+02	0.0000E+00	0.0000E+00	2.0371E+00
1.3700E+02	0.0000E+00	0.0000E+00	2.0350E+00
1.3800E+02	0.0000E+00	0.0000E+00	2.0534E+00
1.3900E+02	0.0000E+00	0.0000E+00	2.0592E+00
1.4000E+02	0.0000E+00	0.0000E+00	2.0447E+00
1.4100E+02	0.0000E+00	0.0000E+00	2.0527E+00
1.4200E+02	0.0000E+00	0.0000E+00	2.0525E+00
1.4300E+02	0.0000E+00	0.0000E+00	2.0435E+00
1.4400E+02	0.0000E+00	0.0000E+00	2.0367E+00
1.4500E+02	0.0000E+00	0.0000E+00	2.0372E+00
1.4600E+02	0.0000E+00	0.0000E+00	2.0289E+00
1.4700E+02	0.0000E+00	0.0000E+00	2.0277E+00
1.4800E+02	0.0000E+00	0.0000E+00	2.0278E+00
1.4900E+02	0.0000E+00	0.0000E+00	2.0304E+00
1.5000E+02	0.0000E+00	0.0000E+00	2.0209E+00
1.5100E+02	0.0000E+00	0.0000E+00	2.0212E+00
1.5200E+02	0.0000E+00	0.0000E+00	2.0176E+00
1.5300E+02	0.0000E+00	0.0000E+00	2.0169E+00
1.5400E+02	0.0000E+00	0.0000E+00	2.0313E+00
1.5500E+02	0.0000E+00	0.0000E+00	2.0378E+00
1.5600E+02	0.0000E+00	0.0000E+00	2.0392E+00
1.5700E+02	0.0000E+00	0.0000E+00	2.0407E+00
1.5800E+02	0.0000E+00	0.0000E+00	2.0481E+00
1.5900E+02	0.0000E+00	0.0000E+00	2.0726E+00
1.6000E+02	0.0000E+00	0.0000E+00	2.0797E+00
1.6100E+02	0.0000E+00	0.0000E+00	2.1050E+00
1.6200E+02	0.0000E+00	0.0000E+00	2.1328E+00
1.6300E+02	0.0000E+00	0.0000E+00	2.1142E+00
1.6400E+02	0.0000E+00	0.0000E+00	2.1064E+00
1.6500E+02	0.0000E+00	0.0000E+00	2.1144E+00
1.6600E+02	0.0000E+00	0.0000E+00	2.1026E+00
1.6700E+02	0.0000E+00	0.0000E+00	2.0999E+00
1.6800E+02	0.0000E+00	0.0000E+00	2.0953E+00
1.6900E+02	0.0000E+00	0.0000E+00	2.0886E+00
1.7000E+02	0.0000E+00	0.0000E+00	2.0831E+00
1.7100E+02	0.0000E+00	0.0000E+00	2.0887E+00
1.7200E+02	0.0000E+00	0.0000E+00	2.0967E+00
1.7300E+02	0.0000E+00	0.0000E+00	2.1046E+00
1.7400E+02	0.0000E+00	0.0000E+00	2.1143E+00
1.7500E+02	0.0000E+00	0.0000E+00	2.1227E+00
1.7600E+02	0.0000E+00	0.0000E+00	2.1170E+00
1.7700E+02	0.0000E+00	0.0000E+00	2.0806E+00
1.7800E+02	0.0000E+00	0.0000E+00	2.0983E+00
1.7900E+02	0.0000E+00	0.0000E+00	2.1043E+00
1.8000E+02	0.0000E+00	0.0000E+00	2.0740E+00
1.8100E+02	0.0000E+00	0.0000E+00	2.0736E+00
1.8200E+02	0.0000E+00	0.0000E+00	2.0734E+00
1.8300E+02	0.0000E+00	0.0000E+00	2.0823E+00
1.8400E+02	0.0000E+00	0.0000E+00	2.0890E+00
1.8500E+02	0.0000E+00	0.0000E+00	2.0944E+00
1.8600E+02	0.0000E+00	0.0000E+00	2.1029E+00
1.8700E+02	0.0000E+00	0.0000E+00	2.1171E+00
1.8800E+02	0.0000E+00	0.0000E+00	2.1283E+00
1.8900E+02	0.0000E+00	0.0000E+00	2.1311E+00
1.9000E+02	0.0000E+00	0.0000E+00	2.1285E+00
1.9100E+02	0.0000E+00	0.0000E+00	2.1292E+00
1.9200E+02	0.0000E+00	0.0000E+00	2.1327E+00
1.9300E+02	0.0000E+00	0.0000E+00	2.1372E+00
1.9400E+02	0.0000E+00	0.0000E+00	2.1467E+00
1.9500E+02	0.0000E+00	0.0000E+00	2.1486E+00
1.9600E+02	0.0000E+00	0.0000E+00	2.1492E+00
1.9700E+02	0.0000E+00	0.0000E+00	2.1525E+00
1.9800E+02	0.0000E+00	0.0000E+00	2.1543E+00
1.9900E+02	0.0000E+00	0.0000E+00	2.1459E+00
2.0000E+02	0.0000E+00	0.0000E+00	2.1459E+00
2.0100E+02	0.0000E+00	0.0000E+00	2.1433E+00
2.0200E+02	0.0000E+00	0.0000E+00	2.1372E+00
2.0300E+02	0.0000E+00	0.0000E+00	2.1482E+00
2.0400E+02	0.0000E+00	0.0000E+00	2.1503E+00
2.0500E+02	0.0000E+00	0.0000E+00	2.1745E+00
2.0600E+02	0.0000E+00	0.0000E+00	2.1788E+00
2.0700E+02	0.0000E+00	0.0000E+00	2.1815E+00
2.0800E+02	0.0000E+00	0.0000E+00	2.1934E+00
2.0900E+02	0.0000E+00	0.0000E+00	2.2079E+00
2.1000E+02	0.0000E+00	0.0000E+00	2.2203E+00
2.1100E+02	0.0000E+00	0.0000E+00	2.2255E+00
2.1200E+02	0.0000E+00	0.0000E+00	2.2309E+00
2.1300E+02	0.0000E+00	0.0000E+00	2.2348E+00
2.1400E+02	0.0000E+00	0.0000E+00	2.2323E+00
2.1500E+02	0.0000E+00	0.0000E+00	2.2181E+00
2.1600E+02	0.0000E+00	0.0000E+00	2.2104E+00
2.1700E+02	0.0000E+00	0.0000E+00	2.2032E+00
2.1800E+02	0.0000E+00	0.0000E+00	2.1884E+00
2.1900E+02	0.0000E+00	0.0000E+00	2.1805E+00
2.2000E+02	0.0000E+00	0.0000E+00	2.1759E+00
2.2100E+02	0.0000E+00	0.0000E+00	2.1666E+00
2.2200E+02	0.0000E+00	0.0000E+00	2.1613E+00
2.2300E+02	0.0000E+00	0.0000E+00	2.1536E+00
2.2400E+02	0.0000E+00	0.0000E+00	2.1483E+00
2.2500E+02	0.0000E+00	0.0000E+00	2.1450E+00
2.2600E+02	0.0000E+00	0.0000E+00	2.1426E+00
2.2700E+02	0.0000E+00	0.0000E+00	2.1420E+00
2.2800E+02	0.0000E+00	0.0000E+00	2.1472E+00
2.2900E+02	0.0000E+00	0.0000E+00	2.1452E+00
2.3000E+02	0.0000E+00	0.0000E+00	2.1530E+00
2.3100E+02	0.0000E+00	0.0000E+00	2.1665E+00
2.3200E+02	0.0000E+00	0.0000E+00	2.1705E+00
2.3300E+02	0.0000E+00	0.0000E+00	2.1869E+00
2.3400E+02	0.0000E+00	0.0000E+00	2.1890E+00
2.3500E+02	0.0000E+00	0.0000E+00	2.1945E+00
2.3600E+02	0.0000E+00	0.0000E+00	2.1916E+00
2.3700E+02	0.0000E+00	0.0000E+00	2.2062E+00
2.3800E+02	0.0000E+00	0.0000E+00	2.2047E+00
2.3900E+02	0.0000E+00	0.0000E+00	2.2054E+00
2.4000E+02	0.0000E+00	0.0000E+00	2.2070E+00
2.4100E+02	0.0000E+00	0.0000E+00	2.2007E+00
2.4200E+02	0.0000E+00	0.0000E+00	2.1955E+00
2.4300E+02	0.0000E+00	0.0000E+00	2.1916E+00
2.4400E+02	0.0000E+00	0.0000E+00	2.1812E+00
2.4500E+02	0.0000E+00	0.0000E+00	2.1699E+00
2.4600E+02	0.0000E+00	0.0000E+00	2.1658E+00
2.4700E+02	0.0000E+00	0.0000E+00	2.1621E+00
2.4800E+02	0.0000E+00	0.0000E+00	2.1524E+00
2.4900E+02	0.0000E+00	0.0000E+00	2.1541E+00
2.5000E+02	0.0000E+00	0.0000E+00	2.1466E+00
2.5100E+02	0.0000E+00	0.0000E+00	2.1424E+00
2.5200E+02	0.0000E+00	0.0000E+00	2.1402E+00
2.5300E+02	0.0000E+00	0.0000E+00	2.1447E+00
2.5400E+02	0.0000E+00	0.0000E+00	2.1432E+00
2.5500E+02	0.0000E+00	0.0000E+00	2.1452E+00
2.5600E+02	0.0000E+00	0.0000E+00	2.1510E+00
2.5700E+02	0.0000E+00	0.0000E+00	2.1532E+00
2.5800E+02	0.0000E+00	0.0000E+00	2.1483E+00
2.5900E+02	0.0000E+00	0.0000E+00	2.1498E+00
2.6000E+02	0.0000E+00	0.0000E+00	2.1553E+00
2.6100E+02	0.0000E+00	0.0000E+00	2.1582E+00
2.6200E+02	0.0000E+00	0.0000E+00	2.1534E+00
2.6300E+02	0.0000E+00	0.0000E+00	2.1554E+00
2.6400E+02	0.0000E+00	0.0000E+00	2.1558E+00
2.6500E+02	0.0000E+00	0.0000E+00	2.1569E+00
2.6600E+02	0.0000E+00	0.0000E+00	2.1446E+00
2.6700E+02	0.0000E+00	0.0000E+00	2.1358E+00
2.6800E+02	0.0000E+00	0.0000E+00	2.1334E+00
2.6900E+02	0.0000E+00	0.0000E+00	2.1252E+00
2.7000E+02	0.0000E+00	0.0000E+00	2.1210E+00
2.7100E+02	0.0000E+00	0.0000E+00	2.1214E+00
2.7200E+02	0.0000E+00	0.0000E+00	2.1198E+00
2.7300E+02	0.0000E+00	0.0000E+00	2.1144E+00
2.7400E+02	0.0000E+00	0.0000E+00	2.1119E+00
2.7500E+02	0.0000E+00	0.0000E+00	2.1050E+00
2.7600E+02	0.0000E+00	0.0000E+00	2.1117E+00
2.7700E+02	0.0000E+00	0.0000E+00	2.1129E+00
2.7800E+02	0.0000E+00	0.0000E+00	2.1121E+00
2.7900E+02	0.0000E+00	0.0000E+00	2.1117E+00
2.8000E+02	0.0000E+00	0.0000E+00	2.1102E+00
2.8100E+02	0.0000E+00	0.0000E+00	2.1065E+00
2.8200E+02	0.0000E+00	0.0000E+00	2.1034E+00
2.8300E+02	0.0000E+00	0.0000E+00	2.0959E+00
2.8400E+02	0.0000E+00	0.0000E+00	2.0943E+00
2.8500E+02	0.0000E+00	0.0000E+00	2.0882E+00
2.8600E+02	0.0000E+00	0.0000E+00	2.0879E+00
2.8700E+02	0.0000E+00	0.0000E+00	2.0784E+00
2.8800E+02	0.0000E+00	0.0000E+00	2.0792E+00
2.8900E+02	0.0000E+00	0.0000E+00	2.0749E+00
2.9000E+02	0.0000E+00	0.0000E+00	2.0764E+00
2.9100E+02	0.0000E+00	0.0000E+00	2.0704E+00
2.9200E+02	0.0000E+00	0.0000E+00	2.0663E+00
2.9300E+02	0.0000E+00	0.0000E+00	2.0557E+00
2.9400E+02	0.0000E+00	0.0000E+00	2.0522E+00
2.9500E+02	0.0000E+00	0.0000E+00	2.0470E+00
2.9600E+02	0.0000E+00	0.0000E+00	2.0447E+00
2.9700E+02	0.0000E+00	0.0000E+00	2.0492E+00
2.9800E+02	0.0000E+00	0.0000E+00	2.0593E+00
2.9900E+02	0.0000E+00	0.0000E+00	2.0564E+00
3.0000E+02	0.0000E+00	0.0000E+00	2.0634E+00
3.0100E+02	0.0000E+00	0.0000E+00	2.0674E+00
3.0200E+02	0.0000E+00	0.0000E+00	2.0603E+00
3.0300E+02	0.0000E+00	0.0000E+00	2.0527E+00
3.0400E+02	0.0000E+00	0.0000E+00	2.0495E+00
3.0500E+02	0.0000E+00	0.0000E+00	2.0445E+00
3.0600E+02	0.0000E+00	0.0000E+00	2.0347E+00
3.0700E+02	0.0000E+00	0.0000E+00	2.0317E+00
3.0800E+02	0.0000E+00	0.0000E+00	2.0231E+00
3.0900E+02	0.0000E+00	0.0000E+00	2.0215E+00
3.1000E+02	0.0000E+00	0.0000E+00	2.0146E+00
3.1100E+02	0.0000E+00	0.0000E+00	2.0122E+00
3.1200E+02	0.0000E+00	0.0000E+00	2.0024E+00
3.1300E+02	0.0000E+00	0.0000E+00	1.9997E+00
3.1400E+02	0.0000E+00	0.0000E+00	1.9901E+00
3.1500E+02	0.0000E+00	0.0000E+00	1.9928E+00
3.1600E+02	0.0000E+00	0.0000E+00	1.9829E+00
3.1700E+02	0.0000E+00	0.0000E+00	1.9841E+00
3.1800E+02	0.0000E+00	0.0000E+00	1.9814E+00
3.1900E+02	0.0000E+00	0.0000E+00	1.9792E+00
3.2000E+02	0.0000E+00	0.0000E+00	1.9702E+00
3.2100E+02	0.0000E+00	0.0000E+00	1.9855E+00
3.2200E+02	0.0000E+00	0.0000E+00	2.0076E+00
3.2300E+02	0.0000E+00	0.0000E+00	2.0165E+00
3.2400E+02	0.0000E+00	0.0000E+00	2.0113E+00
3.2500E+02	0.0000E+00	0.0000E+00	2.0004E+00
3.2600E+02	0.0000E+00	0.0000E+00	2.0003E+00
3.2700E+02	0.0000E+00	0.0000E+00	2.0113E+00
3.2800E+02	0.0000E+00	0.0000E+00	1.9991E+00
3.2900E+02	0.0000E+00	0.0000E+00	1.9940E+00
3.3000E+02	0.0000E+00	0.0000E+00	1.9989E+00
3.3100E+02	0.0000E+00	0.0000E+00	2.0002E+00
3.3200E+02	0.0000E+00	0.0000E+00	1.9969E+00
3.3300E+02	0.0000E+00	0.0000E+00	1.9914E+00
3.3400E+02	0.0000E+00	0.0000E+00	1.9937E+00
3.3500E+02	0.0000E+00	0.0000E+00	1.9909E+00
3.3600E+02	0.0000E+00	0.0000E+00	1.9837E+00
3.3700E+02	0.0000E+00	0.0000E+00	1.9833E+00
3.3800E+02	0.0000E+00	0.0000E+00	1.9757E+00
3.3900E+02	0.0000E+00	0.0000E+00	1.9786E+00
3.4000E+02	0.0000E+00	0.0000E+00	1.9718E+00
3.4100E+02	0.0000E+00	0.0000E+00	1.9694E+00
3.4200E+02	0.0000E+00	0.0000E+00	1.9672E+00
3.4300E+02	0.0000E+00	0.0000E+00	1.9524E+00
3.4400E+02	0.0000E+00	0.0000E+00	1.9538E+00
3.4500E+02	0.0000E+00	0.0000E+00	1.9568E+00
3.4600E+02	0.0000E+00	0.0000E+00	1.9660E+00
3.4700E+02	0.0000E+00	0.0000E+00	1.9744E+00
3.4800E+02	0.0000E+00	0.0000E+00	1.9824E+00
3.4900E+02	0.0000E+00	0.0000E+00	1.9726E+00
3.5000E+02	0.0000E+00	0.0000E+00	1.9774E+00
3.5100E+02	0.0000E+00	0.0000E+00	1.9823E+00
3.5200E+02	0.0000E+00	0.0000E+00	1.9762E+00
3.5300E+02	0.0000E+00	0.0000E+00	1.9830E+00
3.5400E+02	0.0000E+00	0.0000E+00	1.9898E+00
3.5500E+02	0.0000E+00	0.0000E+00	2.0011E+00
3.5600E+02	0.0000E+00	0.0000E+00	2.0058E+00
3.5700E+02	0.0000E+00	0.0000E+00	2.0019E+00
3.5800E+02	0.0000E+00	0.0000E+00	2.0022E+00
3.5900E+02	0.0000E+00	0.0000E+00	2.0009E+00
3.6000E+02	0.0000E+00	0.0000E+00	1.9940E+00
3.6100E+02	0.0000E+00	0.0000E+00	1.9955E+00
3.6200E+02	0.0000E+00	0.0000E+00	1.9928E+00
3.6300E+02	0.0000E+00	0.0000E+00	1.9888E+00
3.6400E+02	0.0000E+00	0.0000E+00	1.9881E+00
3.6500E+02	0.0000E+00	0.0000E+00	1.9891E+00
3.6600E+02	0.0000E+00	0.0000E+00	1.9845E+00
3.6700E+02	0.0000E+00	0.0000E+00	1.9818E+00
3.6800E+02	0.0000E+00	0.0000E+00	1.9824E+00
3.6900E+02	0.0000E+00	0.0000E+00	1.9779E+00
3.7000E+02	0.0000E+00	0.0000E+00	1.9808E+00
3.7100E+02	0.0000E+00	0.0000E+00	1.9845E+00
3.7200E+02	0.0000E+00	0.0000E+00	1.9784E+00
3.7300E+02	0.0000E+00	0.0000E+00	1.9818E+00
3.7400E+02	0.0000E+00	0.0000E+00	1.9872E+00
3.7500E+02	0.0000E+00	0.0000E+00	1.9820E+00
3.7600E+02	0.0000E+00	0.0000E+00	1.9869E+00
3.7700E+02	0.0000E+00	0.0000E+00	1.9974E+00
3.7800E+02	0.0000E+00	0.0000E+00	2.0036E+00
3.7900E+02	0.0000E+00	0.0000E+00	2.0077E+00
3.8000E+02	0.0000E+00	0.0000E+00	2.0116E+00
3.8100E+02	0.0000E+00	0.0000E+00	2.0149E+00
3.8200E+02	0.0000E+00	0.0000E+00	2.0099E+00
3.8300E+02	0.0000E+00	0.0000E+00	2.0101E+00
3.8400E+02	0.0000E+00	0.0000E+00	2.0054E+00
3.8500E+02	0.0000E+00	0.0000E+00	2.0026E+00
3.8600E+02	0.0000E+00	0.0000E+00	1.9993E+00
3.8700E+02	0.0000E+00	0.0000E+00	1.9936E+00
3.8800E+02	0.0000E+00	0.0000E+00	1.9917E+00
3.8900E+02	0.0000E+00	0.0000E+00	1.9949E+00
3.9000E+02	0.0000E+00	0.0000E+00	1.9880E+00
3.9100E+02	0.0000E+00	0.0000E+00	1.9867E+00
3.9200E+02	0.0000E+00	0.0000E+00	1.9853E+00
3.9300E+02	0.0000E+00	0.0000E+00	1.9863E+00
3.9400E+02	0.0000E+00	0.0000E+00	1.9850E+00
3.9500E+02	0.0000E+00	0.0000E+00	1.9848E+00
3.9600E+02	0.0000E+00	0.0000E+00	1.9877E+00
3.9700E+02	0.0000E+00	0.0000E+00	1.9901E+00
3.9800E+02	0.0000E+00	0.0000E+00	1.9930E+00
3.9900E+02	0.0000E+00	0.0000E+00	2.0121E+00
4.0000E+02	0.0000E+00	0.0000E+00	2.0286E+00
4.0100E+02	0.0000E+00	0.0000E+00	2.0521E+00
4.0200E+02	0.0000E+00	0.0000E+00	2.0746E+00
4.0300E+02	0.0000E+00	0.0000E+00	2.0835E+00
4.0400E+02	0.0000E+00	0.0000E+00	2.0859E+00
4.0500E+02	0.0000E+00	0.0000E+00	2.0770E+00
4.0600E+02	0.0000E+00	0.0000E+00	2.0770E+00
4.0700E+02	0.0000E+00	0.0000E+00	2.0713E+00
4.0800E+02	0.0000E+00	0.0000E+00	2.0733E+00
4.0900E+02	0.0000E+00	0.0000E+00	2.0717E+00
4.1000E+02	0.0000E+00	0.0000E+00	2.0616E+00
4.1100E+02	0.0000E+00	0.0000E+00	2.0579E+00
4.1200E+02	0.0000E+00	0.0000E+00	2.0488E+00
4.1300E+02	0.0000E+00	0.0000E+00	2.0495E+00
4.1400E+02	0.0000E+00	0.0000E+00	2.0439E+00
4.1500E+02	0.0000E+00	0.0000E+00	2.0425E+00
4.1600E+02	0.0000E+00	0.0000E+00	2.0392E+00
4.1700E+02	0.0000E+00	0.0000E+00	2.0379E+00
4.1800E+02	0.0000E+00	0.0000E+00	2.0361E+00
4.1900E+02	0.0000E+00	0.0000E+00	2.0375E+00
4.2000E+02	0.0000E+00	0.0000E+00	2.0407E+00
4.2100E+02	0.0000E+00	0.0000E+00	2.0447E+00
4.2200E+02	0.0000E+00	0.0000E+00	2.0572E+00
4.2300E+02	0.0000E+00	0.0000E+00	2.0696E+00
4.2400E+02	0.0000E+00	0.0000E+00	2.0872E+00
4.2500E+02	0.0000E+00	0.0000E+00	2.0964E+00
4.2600E+02	0.0000E+00	0.0000E+00	2.1034E+00
4.2700E+02	0.0000E+00	0.0000E+00	2.1135E+00
4.2800E+02	0.0000E+00	0.0000E+00	2.1216E+00
4.2900E+02	0.0000E+00	0.0000E+00	2.1204E+00
4.3000E+02	0.0000E+00	0.0000E+00	2.1229E+00
4.3100E+02	0.0000E+00	0.0000E+00	2.1154E+00
4.3200E+02	0.0000E+00	0.0000E+00	2.1115E+00
4.3300E+02	0.0000E+00	0.0000E+00	2.1088E+00
4.3400E+02	0.0000E+00	0.0000E+00	2.1024E+00
4.3500E+02	0.0000E+00	0.0000E+00	2.0994E+00
4.3600E+02	0.0000E+00	0.0000E+00	2.0971E+00
4.3700E+02	0.0000E+00	0.0000E+00	2.0953E+00
4.3800E+02	0.0000E+00	0.0000E+00	2.0888E+00
4.3900E+02	0.0000E+00	0.0000E+00	2.0897E+00
4.4000E+02	0.0000E+00	0.0000E+00	2.0810E+00
4.4100E+02	0.0000E+00	0.0000E+00	2.0775E+00
4.4200E+02	0.0000E+00	0.0000E+00	2.0768E+00
4.4300E+02	0.0000E+00	0.0000E+00	2.0785E+00
4.4400E+02	0.0000E+00	0.0000E+00	2.0824E+00
4.4500E+02	0.0000E+00	0.0000E+00	2.0884E+00
4.4600E+02	0.0000E+00	0.0000E+00	2.0990E+00
4.4700E+02	0.0000E+00	0.0000E+00	2.1068E+00
4.4800E+02	0.0000E+00	0.0000E+00	2.1121E+00
4.4900E+02	0.0000E+00	0.0000E+00	2.1300E+00
4.5000E+02	0.0000E+00	0.0000E+00	2.1346E+00
4.5100E+02	0.0000E+00	0.0000E+00	2.1441E+00
4.5200E+02	0.0000E+00	0.0000E+00	2.1412E+00
4.5300E+02	0.0000E+00	0.0000E+00	2.1465E+00
4.5400E+02	0.0000E+00	0.0000E+00	2.1397E+00
4.5500E+02	0.0000E+00	0.0000E+00	2.1320E+00
4.5600E+02	0.0000E+00	0.0000E+00	2.1297E+00
4.5700E+02	0.0000E+00	0.0000E+00	2.1260E+00
4.5800E+02	0.0000E+00	0.0000E+00	2.1165E+00
4.5900E+02	0.0000E+00	0.0000E+00	2.1093E+00
4.6000E+02	0.0000E+00	0.0000E+00	2.1102E+00
4.6100E+02	0.0000E+00	0.0000E+00	2.1031E+00
4.6200E+02	0.0000E+00	0.0000E+00	2.0979E+00
4.6300E+02	0.0000E+00	0.0000E+00	2.0907E+00
4.6400E+02	0.0000E+00	0.0000E+00	2.0893E+00
4.6500E+02	0.0000E+00	0.0000E+00	2.0905E+00
4.6600E+02	0.0000E+00	0.0000E+00	2.0889E+00
4.6700E+02	0.0000E+00	0.0000E+00	2.0898E+00
4.6800E+02	0.0000E+00	0.0000E+00	2.0937E+00
4.6900E+02	0.0000E+00	0.0000E+00	2.0974E+00
4.7000E+02	0.0000E+00	0.0000E+00	2.1002E+00
4.7100E+02	0.0000E+00	0.0000E+00	2.1005E+00
4.7200E+02	0.0000E+00	0.0000E+00	2.1055E+00
4.7300E+02	0.0000E+00	0.0000E+00	2.1087E+00
4.7400E+02	0.0000E+00	0.0000E+00	2.1112E+00
4.7500E+02	0.0000E+00	0.0000E+00	2.1082E+00
4.7600E+02	0.0000E+00	0.0000E+00	2.1086E+00
4.7700E+02	0.0000E+00	0.0000E+00	2.1041E+00
4.7800E+02	0.0000E+00	0.0000E+00	2.0980E+00
4.7900E+02	0.0000E+00	0.0000E+00	2.1057E+00
4.8000E+02	0.0000E+00	0.0000E+00	2.0938E+00
4.8100E+02	0.0000E+00	0.0000E+00	2.0888E+00
4.8200E+02	0.0000E+00	0.0000E+00	2.0800E+00
4.8300E+02	0.0000E+00	0.0000E+00	2.0824E+00
4.8400E+02	0.0000E+00	0.0000E+00	2.0747E+00
4.8500E+02	0.0000E+00	0.0000E+00	2.0693E+00
4.8600E+02	0.0000E+00	0.0000E+00	2.0692E+00
4.8700E+02	0.0000E+00	0.0000E+00	2.0695E+00
4.8800E+02	0.0000E+00	0.0000E+00	2.0618E+00
4.8900E+02	0.0000E+00	0.0000E+00	2.0627E+00
4.9000E+02	0.0000E+00	0.0000E+00	2.0615E+00
4.9100E+02	0.0000E+00	0.0000E+00	2.0621E+00
4.9200E+02	0.0000E+00	0.0000E+00	2.0604E+00
4.9300E+02	0.0000E+00	0.0000E+00	2.0629E+00
4.9400E+02	0.0000E+00	0.0000E+00	2.0622E+00
4.9500E+02	0.0000E+00	0.0000E+00	2.0648E+00
4.9600E+02	0.0000E+00	0.0000E+00	2.0689E+00
4.9700E+02	0.0000E+00	0.0000E+00	2.0605E+00
4.9800E+02	0.0000E+00	0.0000E+00	2.0651E+00
4.9900E+02	0.0000E+00	0.0000E+00	2.0613E+00
5.0000E+02	0.0000E+00	0.0000E+00	2.0548E+00
5.0100E+02	0.0000E+00	0.0000E+00	2.0484E+00
5.0200E+02	0.0000E+00	0.0000E+00	2.0458E+00
5.0300E+02	0.0000E+00	0.0000E+00	2.0435E+00
5.0400E+02	0.0000E+00	0.0000E+00	2.0377E+00
5.0500E+02	0.0000E+00	0.0000E+00	2.0347E+00
5.0600E+02	0.0000E+00	0.0000E+00	2.0328E+00
5.0700E+02	0.0000E+00	0.0000E+00	2.0336E+00
5.0800E+02	0.0000E+00	0.0000E+00	2.0287E+00
5.0900E+02	0.0000E+00	0.0000E+00	2.0278E+00
5.1000E+02	0.0000E+00	0.0000E+00	2.0255E+00
5.1100E+02	0.0000E+00	0.0000E+00	2.0269E+00
5.1200E+02	0.0000E+00	0.0000E+00	2.0221E+00
5.1300E+02	0.0000E+00	0.0000E+00	2.0228E+00
5.1400E+02	0.0000E+00	0.0000E+00	2.0234E+00
5.1500E+02	0.0000E+00	0.0000E+00	2.0199E+00
5.1600E+02	0.0000E+00	0.0000E+00	2.0252E+00
5.1700E+02	0.0000E+00	0.0000E+00	2.0246E+00
5.1800E+02	0.0000E+00	0.0000E+00	2.0276E+00
5.1900E+02	0.0000E+00	0.0000E+00	2.0385E+00
5.2000E+02	0.0000E+00	0.0000E+00	2.0475E+00
5.2100E+02	0.0000E+00	0.0000E+00	2.0530E+00
5.2200E+02	0.0000E+00	0.0000E+00	2.0608E+00
5.2300E+02	0.0000E+00	0.0000E+00	2.0669E+00
5.2400E+02	0.0000E+00	0.0000E+00	2.0754E+00
5.2500E+02	0.0000E+00	0.0000E+00	2.0772E+00
5.2600E+02	0.0000E+00	0.0000E+00	2.0702E+00
5.2700E+02	0.0000E+00	0.0000E+00	2.0696E+00
5.2800E+02	0.0000E+00	0.0000E+00	2.0552E+00
5.2900E+02	0.0000E+00	0.0000E+00	2.0537E+00
5.3000E+02	0.0000E+00	0.0000E+00	2.0478E+00
5.3100E+02	0.0000E+00	0.0000E+00	2.0406E+00
5.3200E+02	0.0000E+00	0.0000E+00	2.0358E+00
5.3300E+02	0.0000E+00	0.0000E+00	2.0331E+00
5.3400E+02	0.0000E+00	0.0000E+00	2.0297E+00
5.3500E+02	0.0000E+00	0.0000E+00	2.0229E+00
5.3600E+02	0.0000E+00	0.0000E+00	2.0232E+00
5.3700E+02	0.0000E+00	0.0000E+00	2.0200E+00
5.3800E+02	0.0000E+00	0.0000E+00	2.0244E+00
5.3900E+02	0.0000E+00	0.0000E+00	2.0231E+00
5.4000E+02	0.0000E+00	0.0000E+00	2.0215E+00
5.4100E+02	0.0000E+00	0.0000E+00	2.0286E+00
5.4200E+02	0.0000E+00	0.0000E+00	2.0450E+00
5.4300E+02	0.0000E+00	0.0000E+00	2.0500E+00
5.4400E+02	0.0000E+00	0.0000E+00	2.0704E+00
5.4500E+02	0.0000E+00	0.0000E+00	2.0945E+00
5.4600E+02	0.0000E+00	0.0000E+00	2.1093E+00
5.4700E+02	0.0000E+00	0.0000E+00	2.1201E+00
5.4800E+02	0.0000E+00	0.0000E+00	2.1244E+00
5.4900E+02	0.0000E+00	0.0000E+00	2.1259E+00
5.5000E+02	0.0000E+00	0.0000E+00	2.1210E+00
5.5100E+02	0.0000E+00	0.0000E+00	2.1145E+00
5.5200E+02	0.0000E+00	0.0000E+00	2.1030E+00
5.5300E+02	0.0000E+00	0.0000E+00	2.0963E+00
5.5400E+02	0.0000E+00	0.0000E+00	2.0887E+00
5.5500E+02	0.0000E+00	0.0000E+00	2.0846E+00
5.5600E+02	0.0000E+00	0.0000E+00	2.0797E+00
5.5700E+02	0.0000E+00	0.0000E+00	2.0787E+00
5.5800E+02	0.0000E+00	0.0000E+00	2.0701E+00
5.5900E+02	0.0000E+00	0.0000E+00	2.0619E+00
5.6000E+02	0.0000E+00	0.0000E+00	2.0635E+00
5.6100E+02	0.0000E+00	0.0000E+00	2.0631E+00
5.6200E+02	0.0000E+00	0.0000E+00	2.0625E+00
5.6300E+02	0.0000E+00	0.0000E+00	2.0615E+00
5.6400E+02	0.0000E+00	0.0000E+00	2.0639E+00
5.6500E+02	0.0000E+00	0.0000E+00	2.0728E+00
5.6600E+02	0.0000E+00	0.0000E+00	2.0862E+00
5.6700E+02	0.0000E+00	0.0000E+00	2.1078E+00
5.6800E+02	0.0000E+00	0.0000E+00	2.1323E+00
5.6900E+02	0.0000E+00	0.0000E+00	2.1607E+00
5.7000E+02	0.0000E+00	0.0000E+00	2.1901E+00
5.7100E+02	0.0000E+00	0.0000E+00	2.2013E+00
5.7200E+02	0.0000E+00	0.0000E+00	2.2078E+00
5.7300E+02	0.0000E+00	0.0000E+00	2.2051E+00
5.7400E+02	0.0000E+00	0.0000E+00	2.1970E+00
5.7500E+02	0.0000E+00	0.0000E+00	2.1974E+00
5.7600E+02	0.0000E+00	0.0000E+00	2.1841E+00
5.7700E+02	0.0000E+00	0.0000E+00	2.1720E+00
5.7800E+02	0.0000E+00	0.0000E+00	2.1714E+00
5.7900E+02	0.0000E+00	0.0000E+00	2.1634E+00
5.8000E+02	0.0000E+00	0.0000E+00	2.1539E+00
5.8100E+02	0.0000E+00	0.0000E+00	2.1472E+00
5.8200E+02	0.0000E+00	0.0000E+00	2.1418E+00
5.8300E+02	0.0000E+00	0.0000E+00	2.1330E+00
5.8400E+02	0.0000E+00	0.0000E+00	2.1266E+00
5.8500E+02	0.0000E+00	0.0000E+00	2.1282E+00
5.8600E+02	0.0000E+00	0.0000E+00	2.1252E+00
5.8700E+02	0.0000E+00	0.0000E+00	2.1285E+00
5.8800E+02	0.0000E+00	0.0000E+00	2.1296E+00
5.8900E+02	0.0000E+00	0.0000E+00	2.1428E+00
5.9000E+02	0.0000E+00	0.0000E+00	2.1569E+00
5.9100E+02	0.0000E+00	0.0000E+00	2.1856E+00
5.9200E+02	0.0000E+00	0.0000E+00	2.2187E+00
5.9300E+02	0.0000E+00	0.0000E+00	2.2393E+00
5.9400E+02	0.0000E+00	0.0000E+00	2.2621E+00
5.9500E+02	0.0000E+00	0.0000E+00	2.2743E+00
5.9600E+02	0.0000E+00	0.0000E+00	2.2791E+00
5.9700E+02	0.0000E+00	0.0000E+00	2.2800E+00
5.9800E+02	0.0000E+00	0.0000E+00	2.2630E+00
5.9900E+02	0.0000E+00	0.0000E+00	2.2620E+00
6.0000E+02	0.0000E+00	0.0000E+00	2.2460E+00
6.0100E+02	0.0000E+00	0.0000E+00	2.2422E+00
6.0200E+02	0.0000E+00	0.0000E+00	2.2260E+00
6.0300E+02	0.0000E+00	0.0000E+00	2.2204E+00
6.0400E+02	0.0000E+00	0.0000E+00	2.2069E+00
6.0500E+02	0.0000E+00	0.0000E+00	2.2028E+00
6.0600E+02	0.0000E+00	0.0000E+00	2.2026E+00
6.0700E+02	0.0000E+00	0.0000E+00	2.1922E+00
6.0800E+02	0.0000E+00	0.0000E+00	2.1944E+00
6.0900E+02	0.0000E+00	0.0000E+00	2.1871E+00
6.1000E+02	0.0000E+00	0.0000E+00	2.1885E+00
6.1100E+02	0.0000E+00	0.0000E+00	2.1839E+00
6.1200E+02	0.0000E+00	0.0000E+00	2.1881E+00
6.1300E+02	0.0000E+00	0.0000E+00	2.1980E+00
6.1400E+02	0.0000E+00	0.0000E+00	2.2079E+00
6.1500E+02	0.0000E+00	0.0000E+00	2.2291E+00
6.1600E+02	0.0000E+00	0.0000E+00	2.2498E+00
6.1700E+02	0.0000E+00	0.0000E+00	2.2646E+00
6.1800E+02	0.0000E+00	0.0000E+00	2.2789E+00
6.1900E+02	0.0000E+00	0.0000E+00	2.2960E+00
6.2000E+02	0.0000E+00	0.0000E+00	2.3045E+00
6.2100E+02	0.0000E+00	0.0000E+00	2.3071E+00
6.2200E+02	0.0000E+00	0.0000E+00	2.3068E+00
6.2300E+02	0.0000E+00	0.0000E+00	2.3030E+00
6.2400E+02	0.0000E+00	0.0000E+00	2.3011E+00
6.2500E+02	0.0000E+00	0.0000E+00	2.2970E+00
6.2600E+02	0.0000E+00	0.0000E+00	2.2992E+00
6.2700E+02	0.0000E+00	0.0000E+00	2.2941E+00
6.2800E+02	0.0000E+00	0.0000E+00	2.2840E+00
6.2900E+02	0.0000E+00	0.0000E+00	2.2781E+00
6.3000E+02	0.0000E+00	0.0000E+00	2.2703E+00
6.3100E+02	0.0000E+00	0.0000E+00	2.2724E+00
6.3200E+02	0.0000E+00	0.0000E+00	2.2753E+00
6.3300E+02	0.0000E+00	0.0000E+00	2.2623E+00
6.3400E+02	0.0000E+00	0.0000E+00	2.2659E+00
6.3500E+02	0.0000E+00	0.0000E+00	2.2650E+00
6.3600E+02	0.0000E+00	0.0000E+00	2.2673E+00
6.3700E+02	0.0000E+00	0.0000E+00	2.2629E+00
6.3800E+02	0.0000E+00	0.0000E+00	2.2682E+00
6.3900E+02	0.0000E+00	0.0000E+00	2.2774E+00
6.4000E+02	0.0000E+00	0.0000E+00	2.2799E+00
6.4100E+02	0.0000E+00	0.0000E+00	2.2852E+00
6.4200E+02	0.0000E+00	0.0000E+00	2.3102E+00
6.4300E+02	0.0000E+00	0.0000E+00	2.3257E+00
6.4400E+02	0.0000E+00	0.0000E+00	2.3568E+00
6.4500E+02	0.0000E+00	0.0000E+00	2.3624E+00
6.4600E+02	0.0000E+00	0.0000E+00	2.3676E+00
6.4700E+02	0.0000E+00	0.0000E+00	2.3572E+00
6.4800E+02	0.0000E+00	0.0000E+00	2.3579E+00
6.4900E+02	0.0000E+00	0.0000E+00	2.3605E+00
6.5000E+02	0.0000E+00	0.0000E+00	2.3519E+00
6.5100E+02	0.0000E+00	0.0000E+00	2.3348E+00
6.5200E+02	0.0000E+00	0.0000E+00	2.3330E+00
6.5300E+02	0.0000E+00	0.0000E+00	2.3560E+00
6.5400E+02	0.0000E+00	0.0000E+00	2.3264E+00
6.5500E+02	0.0000E+00	0.0000E+00	2.3243E+00
6.5600E+02	0.0000E+00	0.0000E+00	2.3200E+00
6.5700E+02	0.0000E+00	0.0000E+00	2.3130E+00
6.5800E+02	0.0000E+00	0.0000E+00	2.3266E+00
6.5900E+02	0.0000E+00	0.0000E+00	2.3107E+00
6.6000E+02	0.0000E+00	0.0000E+00	2.3047E+00
6.6100E+02	0.0000E+00	0.0000E+00	2.3085E+00
6.6200E+02	0.0000E+00	0.0000E+00	2.3041E+00
6.6300E+02	0.0000E+00	0.0000E+00	2.3149E+00
6.6400E+02	0.0000E+00	0.0000E+00	2.3271E+00
6.6500E+02	0.0000E+00	0.0000E+00	2.3352E+00
6.6600E+02	0.0000E+00	0.0000E+00	2.3645E+00
6.6700E+02	0.0000E+00	0.0000E+00	2.3722E+00
6.6800E+02	0.0000E+00	0.0000E+00	2.3817E+00
6.6900E+02	0.0000E+00	0.0000E+00	2.3992E+00
6.7000E+02	0.0000E+00	0.0000E+00	2.4058E+00
6.7100E+02	0.0000E+00	0.0000E+00	2.4093E+00
6.7200E+02	0.0000E+00	0.0000E+00	2.4086E+00
6.7300E+02	0.0000E+00	0.0000E+00	2.4064E+00
6.7400E+02	0.0000E+00	0.0000E+00	2.4052E+00
6.7500E+02	0.0000E+00	0.0000E+00	2.4129E+00
6.7600E+02	0.0000E+00	0.0000E+00	2.3959E+00
6.7700E+02	0.0000E+00	0.0000E+00	2.3910E+00
6.7800E+02	0.0000E+00	0.0000E+00	2.3920E+00
6.7900E+02	0.0000E+00	0.0000E+00	2.3796E+00
6.8000E+02	0.0000E+00	0.0000E+00	2.3819E+00
6.8100E+02	0.0000E+00	0.0000E+00	2.3848E+00
6.8200E+02	0.0000E+00	0.0000E+00	2.3741E+00
6.8300E+02	0.0000E+00	0.0000E+00	2.3745E+00
6.8400E+02	0.0000E+00	0.0000E+00	2.3730E+00
6.8500E+02	0.0000E+00	0.0000E+00	2.3692E+00
6.8600E+02	0.0000E+00	0.0000E+00	2.3610E+00
6.8700E+02	0.0000E+00	0.0000E+00	2.3500E+00
6.8800E+02	0.0000E+00	0.0000E+00	2.3585E+00
6.8900E+02	0.0000E+00	0.0000E+00	2.3486E+00
6.9000E+02	0.0000E+00	0.0000E+00	2.3291E+00
6.9100E+02	0.0000E+00	0.0000E+00	2.3366E+00
6.9200E+02	0.0000E+00	0.0000E+00	2.3210E+00
6.9300E+02	0.0000E+00	0.0000E+00	2.3277E+00
6.9400E+02	0.0000E+00	0.0000E+00	2.3088E+00
6.9500E+02	0.0000E+00	0.0000E+00	2.3101E+00
6.9600E+02	0.0000E+00	0.0000E+00	2.3024E+00
6.9700E+02	0.0000E+00	0.0000E+00	2.3049E+00
6.9800E+02	0.0000E+00	0.0000E+00	2.2991E+00
6.9900E+02	0.0000E+00	0.0000E+00	2.2878E+00
7.0000E+02	0.0000E+00	0.0000E+00	2.2768E+00
7.0100E+02	0.0000E+00	0.0000E+00	2.2785E+00
7.0200E+02	0.0000E+00	0.0000E+00	2.2841E+00
7.0300E+02	0.0000E+00	0.0000E+00	2.2692E+00
7.0400E+02	0.0000E+00	0.0000E+00	2.2674E+00
7.0500E+02	0.0000E+00	0.0000E+00	2.2625E+00
7.0600E+02	0.0000E+00	0.0000E+00	2.2595E+00
7.0700E+02	0.0000E+00	0.0000E+00	2.2619E+00
7.0800E+02	0.0000E+00	0.0000E+00	2.2533E+00
7.0900E+02	0.0000E+00	0.0000E+00	2.2529E+00
7.1000E+02	0.0000E+00	0.0000E+00	2.2481E+00
7.1100E+02	0.0000E+00	0.0000E+00	2.2425E+00
7.1200E+02	0.0000E+00	0.0000E+00	2.2397E+00
7.1300E+02	0.0000E+00	0.0000E+00	2.2399E+00
7.1400E+02	0.0000E+00	0.0000E+00	2.2326E+00
7.1500E+02	0.0000E+00	0.0000E+00	2.2490E+00
7.1600E+02	0.0000E+00	0.0000E+00	2.2414E+00
7.1700E+02	0.0000E+00	0.0000E+00	2.2299E+00
7.1800E+02	0.0000E+00	0.0000E+00	2.2326E+00
7.1900E+02	0.0000E+00	0.0000E+00	2.2149E+00
7.2000E+02	0.0000E+00	0.0000E+00	2.2053E+00
7.2100E+02	0.0000E+00	0.0000E+00	2.1996E+00
7.2200E+02	0.0000E+00	0.0000E+00	2.1950E+00
7.2300E+02	0.0000E+00	0.0000E+00	2.1911E+00
7.2400E+02	0.0000E+00	0.0000E+00	2.1968E+00
7.2500E+02	0.0000E+00	0.0000E+00	2.1906E+00
7.2600E+02	0.0000E+00	0.0000E+00	2.1804E+00
7.2700E+02	0.0000E+00	0.0000E+00	2.1743E+00
7.2800E+02	0.0000E+00	0.0000E+00	2.1741E+00
7.2900E+02	0.0000E+00	0.0000E+00	2.1802E+00
7.3000E+02	0.0000E+00	0.0000E+00	2.1805E+00
7.3100E+02	0.0000E+00	0.0000E+00	2.1735E+00
7.3200E+02	0.0000E+00	0.0000E+00	2.1728E+00
7.3300E+02	0.0000E+00	0.0000E+00	2.1773E+00
7.3400E+02	0.0000E+00	0.0000E+00	2.1703E+00
7.3500E+02	0.0000E+00	0.0000E+00	2.1703E+00
7.3600E+02	0.0000E+00	0.0000E+00	2.1615E+00
7.3700E+02	0.0000E+00	0.0000E+00	2.1616E+00
7.3800E+02	0.0000E+00	0.0000E+00	2.1584E+00
7.3900E+02	0.0000E+00	0.0000E+00	2.1582E+00
7.4000E+02	0.0000E+00	0.0000E+00	2.1556E+00
7.4100E+02	0.0000E+00	0.0000E+00	2.1525E+00
7.4200E+02	0.0000E+00	0.0000E+00	2.1499E+00
7.4300E+02	0.0000E+00	0.0000E+00	2.1417E+00
7.4400E+02	0.0000E+00	0.0000E+00	2.1397E+00
7.4500E+02	0.0000E+00	0.0000E+00	2.1397E+00
7.4600E+02	0.0000E+00	0.0000E+00	2.1392E+00
7.4700E+02	0.0000E+00	0.0000E+00	2.1268E+00
7.4800E+02	0.0000E+00	0.0000E+00	2.1291E+00
7.4900E+02	0.0000E+00	0.0000E+00	2.1317E+00
7.5000E+02	0.0000E+00	0.0000E+00	2.1292E+00
7.5100E+02	0.0000E+00	0.0000E+00	2.1398E+00
7.5200E+02	0.0000E+00	0.0000E+00	2.1353E+00
7.5300E+02	0.0000E+00	0.0000E+00	2.1353E+00
7.5400E+02	0.0000E+00	0.0000E+00	2.1344E+00
7.5500E+02	0.0000E+00	0.0000E+00	2.1351E+00
7.5600E+02	0.0000E+00	0.0000E+00	2.1351E+00
7.5700E+02	0.0000E+00	0.0000E+00	2.1375E+00
7.5800E+02	0.0000E+00	0.0000E+00	2.1394E+00
7.5900E+02	0.0000E+00	0.0000E+00	2.1467E+00
7.6000E+02	0.0000E+00	0.0000E+00	2.1445E+00
7.6100E+02	0.0000E+00	0.0000E+00	2.1470E+00
7.6200E+02	0.0000E+00	0.0000E+00	2.1465E+00
7.6300E+02	0.0000E+00	0.0000E+00	2.1425E+00
7.6400E+02	0.0000E+00	0.0000E+00	2.1392E+00
7.6500E+02	0.0000E+00	0.0000E+00	2.1325E+00
7.6600E+02	0.0000E+00	0.0000E+00	2.1220E+00
7.6700E+02	0.0000E+00	0.0000E+00	2.1154E+00
7.6800E+02	0.0000E+00	0.0000E+00	2.1175E+00
7.6900E+02	0.0000E+00	0.0000E+00	2.1052E+00
7.7000E+02	0.0000E+00	0.0000E+00	2.1037E+00
7.7100E+02	0.0000E+00	0.0000E+00	2.0986E+00
7.7200E+02	0.0000E+00	0.0000E+00	2.0938E+00
7.7300E+02	0.0000E+00	0.0000E+00	2.0941E+00
7.7400E+02	0.0000E+00	0.0000E+00	2.0923E+00
7.7500E+02	0.0000E+00	0.0000E+00	2.0909E+00
7.7600E+02	0.0000E+00	0.0000E+00	2.0896E+00
7.7700E+02	0.0000E+00	0.0000E+00	2.0856E+00
7.7800E+02	0.0000E+00	0.0000E+00	2.0889E+00
7.7900E+02	0.0000E+00	0.0000E+00	2.0898E+00
7.8000E+02	0.0000E+00	0.0000E+00	2.0934E+00
7.8100E+02	0.0000E+00	0.0000E+00	2.0934E+00
7.8200E+02	0.0000E+00	0.0000E+00	2.0938E+00
7.8300E+02	0.0000E+00	0.0000E+00	2.0915E+00
7.8400E+02	0.0000E+00	0.0000E+00	2.0923E+00
7.8500E+02	0.0000E+00	0.0000E+00	2.0820E+00
7.8600E+02	0.0000E+00	0.0000E+00	2.0830E+00
7.8700E+02	0.0000E+00	0.0000E+00	2.0830E+00
7.8800E+02	0.0000E+00	0.0000E+00	2.0769E+00
7.8900E+02	0.0000E+00	0.0000E+00	2.0750E+00
7.9000E+02	0.0000E+00	0.0000E+00	2.0698E+00
7.9100E+02	0.0000E+00	0.0000E+00	2.0752E+00
7.9200E+02	0.0000E+00	0.0000E+00	2.0781E+00
7.9300E+02	0.0000E+00	0.0000E+00	2.0672E+00
7.9400E+02	0.0000E+00	0.0000E+00	2.0617E+00
7.9500E+02	0.0000E+00	0.0000E+00	2.0621E+00
7.9600E+02	0.0000E+00	0.0000E+00	2.0575E+00
7.9700E+02	0.0000E+00	0.0000E+00	2.0545E+00
7.9800E+02	0.0000E+00	0.0000E+00	2.0596E+00
7.9900E+02	0.0000E+00	0.0000E+00	2.0577E+00
8.0000E+02	0.0000E+00	0.0000E+00	2.0544E+00
8.0100E+02	0.0000E+00	0.0000E+00	2.0511E+00
8.0200E+02	0.0000E+00	0.0000E+00	2.0516E+00
8.0300E+02	0.0000E+00	0.0000E+00	2.0525E+00
8.0400E+02	0.0000E+00	0.0000E+00	2.0500E+00
8.0500E+02	0.0000E+00	0.0000E+00	2.0477E+00
8.0600E+02	0.0000E+00	0.0000E+00	2.0468E+00
8.0700E+02	0.0000E+00	0.0000E+00	2.0409E+00
8.0800E+02	0.0000E+00	0.0000E+00	2.0424E+00
8.0900E+02	0.0000E+00	0.0000E+00	2.0458E+00
8.1000E+02	0.0000E+00	0.0000E+00	2.0437E+00
8.1100E+02	0.0000E+00	0.0000E+00	2.0449E+00
8.1200E+02	0.0000E+00	0.0000E+00	2.0465E+00
8.1300E+02	0.0000E+00	0.0000E+00	2.0402E+00
8.1400E+02	0.0000E+00	0.0000E+00	2.0392E+00
8.1500E+02	0.0000E+00	0.0000E+00	2.0415E+00
8.1600E+02	0.0000E+00	0.0000E+00	2.0387E+00
8.1700E+02	0.0000E+00	0.0000E+00	2.0441E+00
8.1800E+02	0.0000E+00	0.0000E+00	2.0419E+00
8.1900E+02	0.0000E+00	0.0000E+00	2.0406E+00
8.2000E+02	0.0000E+00	0.0000E+00	2.0381E+00
8.2100E+02	0.0000E+00	0.0000E+00	2.0296E+00
8.2200E+02	0.0000E+00	0.0000E+00	2.0301E+00
8.2300E+02	0.0000E+00	0.0000E+00	2.0305E+00
8.2400E+02	0.0000E+00	0.0000E+00	2.0296E+00
8.2500E+02	0.0000E+00	0.0000E+00	2.0286E+00
8.2600E+02	0.0000E+00	0.0000E+00	2.0312E+00
8.2700E+02	0.0000E+00	0.0000E+00	2.0277E+00
8.2800E+02	0.0000E+00	0.0000E+00	2.0232E+00
8.2900E+02	0.0000E+00	0.0000E+00	2.0271E+00
8.3000E+02	0.0000E+00	0.0000E+00	2.0190E+00
8.3100E+02	0.0000E+00	0.0000E+00	2.0205E+00
8.3200E+02	0.0000E+00	0.0000E+00	2.0271E+00
8.3300E+02	0.0000E+00	0.0000E+00	2.0309E+00
8.3400E+02	0.0000E+00	0.0000E+00	2.0373E+00
8.3500E+02	0.0000E+00	0.0000E+00	2.0387E+00
8.3600E+02	0.0000E+00	0.0000E+00	2.0478E+00
8.3700E+02	0.0000E+00	0.0000E+00	2.0418E+00
8.3800E+02	0.0000E+00	0.0000E+00	2.0387E+00
8.3900E+02	0.0000E+00	0.0000E+00	2.0336E+00
8.4000E+02	0.0000E+00	0.0000E+00	2.0311E+00
8.4100E+02	0.0000E+00	0.0000E+00	2.0251E+00
8.4200E+02	0.0000E+00	0.0000E+00	2.0229E+00
8.4300E+02	0.0000E+00	0.0000E+00	2.0190E+00
8.4400E+02	0.0000E+00	0.0000E+00	2.0173E+00
8.4500E+02	0.0000E+00	0.0000E+00	2.0125E+00
8.4600E+02	0.0000E+00	0.0000E+00	2.0083E+00
8.4700E+02	0.0000E+00	0.0000E+00	2.0075E+00
8.4800E+02	0.0000E+00	0.0000E+00	2.0073E+00
8.4900E+02	0.0000E+00	0.0000E+00	2.0106E+00
8.5000E+02	0.0000E+00	0.0000E+00	2.0138E+00
8.5100E+02	0.0000E+00	0.0000E+00	2.0114E+00
8.5200E+02	0.0000E+00	0.0000E+00	2.0110E+00
8.5300E+02	0.0000E+00	0.0000E+00	2.0136E+00
8.5400E+02	0.0000E+00	0.0000E+00	2.0113E+00
8.5500E+02	0.0000E+00	0.0000E+00	2.0079E+00
8.5600E+02	0.0000E+00	0.0000E+00	2.0093E+00
8.5700E+02	0.0000E+00	0.0000E+00	2.0143E+00
8.5800E+02	0.0000E+00	0.0000E+00	2.0152E+00
8.5900E+02	0.0000E+00	0.0000E+00	2.0190E+00
8.6000E+02	0.0000E+00	0.0000E+00	2.0293E+00
8.6100E+02	0.0000E+00	0.0000E+00	2.0312E+00
8.6200E+02	0.0000E+00	0.0000E+00	2.0368E+00
8.6300E+02	0.0000E+00	0.0000E+00	2.0321E+00
8.6400E+02	0.0000E+00	0.0000E+00	2.0386E+00
8.6500E+02	0.0000E+00	0.0000E+00	2.0361E+00
8.6600E+02	0.0000E+00	0.0000E+00	2.0325E+00
8.6700E+02	0.0000E+00	0.0000E+00	2.0280E+00
8.6800E+02	0.0000E+00	0.0000E+00	2.0284E+00
8.6900E+02	0.0000E+00	0.0000E+00	2.0285E+00
8.7000E+02	0.0000E+00	0.0000E+00	2.0220E+00
8.7100E+02	0.0000E+00	0.0000E+00	2.0177E+00
8.7200E+02	0.0000E+00	0.0000E+00	2.0225E+00
8.7300E+02	0.0000E+00	0.0000E+00	2.0174E+00
8.7400E+02	0.0000E+00	0.0000E+00	2.0204E+00
8.7500E+02	0.0000E+00	0.0000E+00	2.0217E+00
8.7600E+02	0.0000E+00	0.0000E+00	2.0200E+00
8.7700E+02	0.0000E+00	0.0000E+00	2.0178E+00
8.7800E+02	0.0000E+00	0.0000E+00	2.0131E+00
8.7900E+02	0.0000E+00	0.0000E+00	2.0163E+00
8.8000E+02	0.0000E+00	0.0000E+00	2.0198E+00
8.8100E+02	0.0000E+00	0.0000E+00	2.0247E+00
8.8200E+02	0.0000E+00	0.0000E+00	2.0341E+00
8.8300E+02	0.0000E+00	0.0000E+00	2.0415E+00
8.8400E+02	0.0000E+00	0.0000E+00	2.0512E+00
8.8500E+02	0.0000E+00	0.0000E+00	2.0575E+00
8.8600E+02	0.0000E+00	0.0000E+00	2.0628E+00
8.8700E+02	0.0000E+00	0.0000E+00	2.0734E+00
8.8800E+02	0.0000E+00	0.0000E+00	2.0679E+00
8.8900E+02	0.0000E+00	0.0000E+00	2.0803E+00
8.9000E+02	0.0000E+00	0.0000E+00	2.0760E+00
8.9100E+02	0.0000E+00	0.0000E+00	2.0686E+00
8.9200E+02	0.0000E+00	0.0000E+00	2.0631E+00
8.9300E+02	0.0000E+00	0.0000E+00	2.0657E+00
8.9400E+02	0.0000E+00	0.0000E+00	2.0584E+00
8.9500E+02	0.0000E+00	0.0000E+00	2.0503E+00
8.9600E+02	0.0000E+00	0.0000E+00	2.0576E+00
8.9700E+02	0.0000E+00	0.0000E+00	2.0528E+00
8.9800E+02	0.0000E+00	0.0000E+00	2.0551E+00
8.9900E+02	0.0000E+00	0.0000E+00	2.0566E+00
9.0000E+02	0.0000E+00	0.0000E+00	1.9877E+00
9.0100E+02	0.0000E+00	0.0000E+00	1.9879E+00
9.0200E+02	0.0000E+00	0.0000E+00	1.9876E+00
9.0300E+02	0.0000E+00	0.0000E+00	1.9894E+00
9.0400E+02	0.0000E+00	0.0000E+00	1.9930E+00
9.0500E+02	0.0000E+00	0.0000E+00	2.0025E+00
9.0600E+02	0.0000E+00	0.0000E+00	2.0063E+00
9.0700E+02	0.0000E+00	0.0000E+00	2.0063E+00
9.0800E+02	0.0000E+00	0.0000E+00	2.0173E+00
9.0900E+02	0.0000E+00	0.0000E+00	2.0211E+00
9.1000E+02	0.0000E+00	0.0000E+00	2.0207E+00
9.1100E+02	0.0000E+00	0.0000E+00	2.0219E+00
9.1200E+02	0.0000E+00	0.0000E+00	2.0219E+00
9.1300E+02	0.0000E+00	0.0000E+00	2.0200E+00
9.1400E+02	0.0000E+00	0.0000E+00	2.0215E+00
9.1500E+02	0.0000E+00	0.0000E+00	2.0190E+00
9.1600E+02	0.0000E+00	0.0000E+00	2.0202E+00
9.1700E+02	0.0000E+00	0.0000E+00	2.0145E+00
9.1800E+02	0.0000E+00	0.0000E+00	2.0115E+00
9.1900E+02	0.0000E+00	0.0000E+00	2.0082E+00
9.2000E+02	0.0000E+00	0.0000E+00	2.0079E+00
9.2100E+02	0.0000E+00	0.0000E+00	2.0130E+00
9.2200E+02	0.0000E+00	0.0000E+00	2.0105E+00
9.2300E+02	0.0000E+00	0.0000E+00	2.0064E+00
9.2400E+02	0.0000E+00	0.0000E+00	2.0037E+00
9.2500E+02	0.0000E+00	0.0000E+00	2.0012E+00
9.2600E+02	0.0000E+00	0.0000E+00	2.0019E+00
9.2700E+02	0.0000E+00	0.0000E+00	2.0009E+00
9.2800E+02	0.0000E+00	0.0000E+00	1.9950E+00
9.2900E+02	0.0000E+00	0.0000E+00	1.9991E+00
9.3000E+02	0.0000E+00	0.0000E+00	1.9995E+00
9.3100E+02	0.0000E+00	0.0000E+00	2.0050E+00
9.3200E+02	0.0000E+00	0.0000E+00	2.0054E+00
9.3300E+02	0.0000E+00	0.0000E+00	2.0074E+00
9.3400E+02	0.0000E+00	0.0000E+00	2.0069E+00
9.3500E+02	0.0000E+00	0.0000E+00	2.0092E+00
9.3600E+02	0.0000E+00	0.0000E+00	2.0078E+00
9.3700E+02	0.0000E+00	0.0000E+00	2.0109E+00
9.3800E+02	0.0000E+00	0.0000E+00	2.0144E+00
9.3900E+02	0.0000E+00	0.0000E+00	2.0107E+00
9.4000E+02	0.0000E+00	0.0000E+00	2.0094E+00
9.4100E+02	0.0000E+00	0.0000E+00	2.0088E+00
9.4200E+02	0.0000E+00	0.0000E+00	1.9960E+00
9.4300E+02	0.0000E+00	0.0000E+00	1.9958E+00
9.4400E+02	0.0000E+00	0.0000E+00	1.9953E+00
9.4500E+02	0.0000E+00	0.0000E+00	1.9952E+00
9.4600E+02	0.0000E+00	0.0000E+00	1.9952E+00
9.4700E+02	0.0000E+00	0.0000E+00	1.9957E+00
9.4800E+02	0.0000E+00	0.0000E+00	1.9935E+00
9.4900E+02	0.0000E+00	0.0000E+00	1.9956E+00
9.5000E+02	0.0000E+00	0.0000E+00	1.9956E+00
9.5100E+02	0.0000E+00	0.0000E+00	1.9950E+00
9.5200E+02	0.0000E+00	0.0000E+00	1.9903E+00
9.5300E+02	0.0000E+00	0.0000E+00	1.9886E+00
9.5400E+02	0.0000E+00	0.0000E+00	1.9884E+00
9.5500E+02	0.0000E+00	0.0000E+00	1.9906E+00
9.5600E+02	0.0000E+00	0.0000E+00	1.9916E+00
9.5700E+02	0.0000E+00	0.0000E+00	1.9947E+00
9.5800E+02	0.0000E+00	0.0000E+00	1.9908E+00
9.5900E+02	0.0000E+00	0.0000E+00	1.9950E+00
9.6000E+02	0.0000E+00	0.0000E+00	1.9932E+00
9.6100E+02	0.0000E+00	0.0000E+00	1.9984E+00
9.6200E+02	0.0000E+00	0.0000E+00	1.9984E+00
9.6300E+02	0.0000E+00	0.0000E+00	1.9965E+00
9.6400E+02	0.0000E+00	0.0000E+00	1.9940E+00
9.6500E+02	0.0000E+00	0.0000E+00	1.9952E+00
9.6600E+02	0.0000E+00	0.0000E+00	1.9904E+00
9.6700E+02	0.0000E+00	0.0000E+00	1.9931E+00
9.6800E+02	0.0000E+00	0.0000E+00	1.9906E+00
9.6900E+02	0.0000E+00	0.0000E+00	1.9916E+00
9.7000E+02	0.0000E+00	0.0000E+00	1.9887E+00
9.7100E+02	0.0000E+00	0.0000E+00	1.9929E+00
9.7200E+02	0.0000E+00	0.0000E+00	1.9911E+00
9.7300E+02	0.0000E+00	0.0000E+00	1.9907E+00
9.7400E+02	0.0000E+00	0.0000E+00	1.9900E+00
9.7500E+02	0.0000E+00	0.0000E+00	1.9895E+00
9.7600E+02	0.0000E+00	0.0000E+00	1.9871E+00
9.7700E+02	0.0000E+00	0.0000E+00	1.9888E+00
9.7800E+02	0.0000E+00	0.0000E+00	1.9909E+00
9.7900E+02	0.0000E+00	0.0000E+00	1.9974E+00
9.8000E+02	0.0000E+00	0.0000E+00	2.0015E+00
9.8100E+02	0.0000E+00	0.0000E+00	2.0073E+00
9.8200E+02	0.0000E+00	0.0000E+00	2.0135E+00
9.8300E+02	0.0000E+00	0.0000E+00	2.0123E+00
9.8400E+02	0.0000E+00	0.0000E+00	2.0131E+00
9.8500E+02	0.0000E+00	0.0000E+00	2.0033E+00
9.8600E+02	0.0000E+00	0.0000E+00	2.0004E+00
9.8700E+02	0.0000E+00	0.0000E+00	2.0023E+00
9.8800E+02	0.0000E+00	0.0000E+00	1.9980E+00
9.8900E+02	0.0000E+00	0.0000E+00	2.0018E+00
9.9000E+02	0.0000E+00	0.0000E+00	1.9945E+00
9.9100E+02	0.0000E+00	0.0000E+00	1.9894E+00
9.9200E+02	0.0000E+00	0.0000E+00	1.9883E+00
9.9300E+02	0.0000E+00	0.0000E+00	1.9894E+00
9.9400E+02	0.0000E+00	0.0000E+00	1.9882E+00
9.9500E+02	0.0000E+00	0.0000E+00	1.9887E+00
9.9600E+02	0.0000E+00	0.0000E+00	1.9866E+00
9.9700E+02	0.0000E+00	0.0000E+00	1.9848E+00
9.9800E+02	0.0000E+00	0.0000E+00	1.9822E+00
9.9900E+02	0.0000E+00	0.0000E+00	1.9882E+00
1.0000E+03	0.0000E+00	0.0000E+00	1.9880E+00
1.0010E+03	0.0000E+00	0.0000E+00	1.9954E+00
1.0020E+03	0.0000E+00	0.0000E+00	2.0040E+00
1.0030E+03	0.0000E+00	0.0000E+00	2.0180E+00
1.0040E+03	0.0000E+00	0.0000E+00	2.0353E+00
1.0050E+03	0.0000E+00	0.0000E+00	2.0477E+00
1.0060E+03	0.0000E+00	0.0000E+00	2.0533E+00
1.0070E+03	0.0000E+00	0.0000E+00	2.0586E+00
1.0080E+03	0.0000E+00	0.0000E+00	2.0622E+00
1.0090E+03	0.0000E+00	0.0000E+00	2.0601E+00
1.0100E+03	0.0000E+00	0.0000E+00	2.0588E+00
1.0110E+03	0.0000E+00	0.0000E+00	2.0539E+00
1.0120E+03	0.0000E+00	0.0000E+00	2.0495E+00
1.0130E+03	0.0000E+00	0.0000E+00	2.0491E+00
1.0140E+03	0.0000E+00	0.0000E+00	2.0451E+00
1.0150E+03	0.0000E+00	0.0000E+00	2.0471E+00
1.0160E+03	0.0000E+00	0.0000E+00	2.0421E+00
1.0170E+03	0.0000E+00	0.0000E+00	2.0370E+00
1.0180E+03	0.0000E+00	0.0000E+00	2.0408E+00
1.0190E+03	0.0000E+00	0.0000E+00	2.0404E+00
1.0200E+03	0.0000E+00	0.0000E+00	2.0409E+00
1.0210E+03	0.0000E+00	0.0000E+00	2.0399E+00
1.0220E+03	0.0000E+00	0.0000E+00	2.0416E+00
1.0230E+03	0.0000E+00	0.0000E+00	2.0385E+00
1.0240E+03	0.0000E+00	0.0000E+00	2.0426E+00
1.0250E+03	0.0000E+00	0.0000E+00	2.0523E+00
1.0260E+03	0.0000E+00	0.0000E+00	2.0593E+00
1.0270E+03	0.0000E+00	0.0000E+00	2.0672E+00
1.0280E+03	0.0000E+00	0.0000E+00	2.0812E+00
1.0290E+03	0.0000E+00	0.0000E+00	2.0912E+00
1.0300E+03	0.0000E+00	0.0000E+00	2.0911E+00
1.0310E+03	0.0000E+00	0.0000E+00	2.0991E+00
1.0320E+03	0.0000E+00	0.0000E+00	2.1027E+00
1.0330E+03	0.0000E+00	0.0000E+00	2.0967E+00
1.0340E+03	0.0000E+00	0.0000E+00	2.0974E+00
1.0350E+03	0.0000E+00	0.0000E+00	2.0927E+00
1.0360E+03	0.0000E+00	0.0000E+00	2.0894E+00
1.0370E+03	0.0000E+00	0.0000E+00	2.0843E+00
1.0380E+03	0.0000E+00	0.0000E+00	2.0876E+00
1.0390E+03	0.0000E+00	0.0000E+00	2.0806E+00
1.0400E+03	0.0000E+00	0.0000E+00	2.0864E+00
1.0410E+03	0.0000E+00	0.0000E+00	2.0808E+00
1.0420E+03	0.0000E+00	0.0000E+00	2.0786E+00
1.0430E+03	0.0000E+00	0.0000E+00	2.0769E+00
1.0440E+03	0.0000E+00	0.0000E+00	2.0725E+00
1.0450E+03	0.0000E+00	0.0000E+00	2.0686E+00
1.0460E+03	0.0000E+00	0.0000E+00	2.0769E+00
1.0470E+03	0.0000E+00	0.0000E+00	2.0794E+00
1.0480E+03	0.0000E+00	0.0000E+00	2.0862E+00
1.0490E+03	0.0000E+00	0.0000E+00	2.0949E+00
1.0500E+03	0.0000E+00	0.0000E+00	2.1101E+00
1.0510E+03	0.0000E+00	0.0000E+00	2.1333E+00
1.0520E+03	0.0000E+00	0.0000E+00	2.1626E+00
1.0530E+03	0.0000E+00	0.0000E+00	2.1876E+00
1.0540E+03	0.0000E+00	0.0000E+00	2.1990E+00
1.0550E+03	0.0000E+00	0.0000E+00	2.2037E+00
1.0560E+03	0.0000E+00	0.0000E+00	2.2111E+00
1.0570E+03	0.0000E+00	0.0000E+00	2.2044E+00
1.0580E+03	0.0000E+00	0.0000E+00	2.2072E+00
1.0590E+03	0.0000E+00	0.0000E+00	2.2060E+00
1.0600E+03	0.0000E+00	0.0000E+00	2.2000E+00
1.0610E+03	0.0000E+00	0.0000E+00	2.2011E+00
1.0620E+03	0.0000E+00	0.0000E+00	2.1999E+00
1.0630E+03	0.0000E+00	0.0000E+00	2.1908E+00
1.0640E+03	0.0000E+00	0.0000E+00	2.1859E+00
1.0650E+03	0.0000E+00	0.0000E+00	2.1855E+00
1.0660E+03	0.0000E+00	0.0000E+00	2.1827E+00
1.0670E+03	0.0000E+00	0.0000E+00	2.1782E+00
1.0680E+03	0.0000E+00	0.0000E+00	2.1761E+00
1.0690E+03	0.0000E+00	0.0000E+00	2.1808E+00
1.0700E+03	0.0000E+00	0.0000E+00	2.1760E+00
1.0710E+03	0.0000E+00	0.0000E+00	2.1819E+00
1.0720E+03	0.0000E+00	0.0000E+00	2.1824E+00
1.0730E+03	0.0000E+00	0.0000E+00	2.1998E+00
1.0740E+03	0.0000E+00	0.0000E+00	2.2064E+00
1.0750E+03	0.0000E+00	0.0000E+00	2.2173E+00
1.0760E+03	0.0000E+00	0.0000E+00	2.2319E+00
1.0770E+03	0.0000E+00	0.0000E+00	2.2432E+00
1.0780E+03	0.0000E+00	0.0000E+00	2.2511E+00
1.0790E+03	0.0000E+00	0.0000E+00	2.2557E+00
1.0800E+03	0.0000E+00	0.0000E+00	2.2587E+00
1.0810E+03	0.0000E+00	0.0000E+00	2.2554E+00
1.0820E+03	0.0000E+00	0.0000E+00	2.2534E+00
1.0830E+03	0.0000E+00	0.0000E+00	2.2461E+00
1.0840E+03	0.0000E+00	0.0000E+00	2.2533E+00
1.0850E+03	0.0000E+00	0.0000E+00	2.2433E+00
1.0860E+03	0.0000E+00	0.0000E+00	2.2482E+00
1.0870E+03	0.0000E+00	0.0000E+00	2.2427E+00
1.0880E+03	0.0000E+00	0.0000E+00	2.2418E+00
1.0890E+03	0.0000E+00	0.0000E+00	2.2352E+00
1.0900E+03	0.0000E+00	0.0000E+00	2.2262E+00
1.0910E+03	0.0000E+00	0.0000E+00	2.2258E+00
1.0920E+03	0.0000E+00	0.0000E+00	2.2245E+00
1.0930E+03	0.0000E+00	0.0000E+00	2.2241E+00
1.0940E+03	0.0000E+00	0.0000E+00	2.2203E+00
1.0950E+03	0.0000E+00	0.0000E+00	2.2283E+00
1.0960E+03	0.0000E+00	0.0000E+00	2.2274E+00
1.0970E+03	0.0000E+00	0.0000E+00	2.2312E+00
1.0980E+03	0.0000E+00	0.0000E+00	2.2430E+00
1.0990E+03	0.0000E+00	0.0000E+00	2.2513E+00
1.1000E+03	0.0000E+00	0.0000E+00	2.2580E+00
1.1010E+03	0.0000E+00	0.0000E+00	2.2737E+00
1.1020E+03	0.0000E+00	0.0000E+00	2.2717E+00
1.1030E+03	0.0000E+00	0.0000E+00	2.2751E+00
1.1040E+03	0.0000E+00	0.0000E+00	2.2886E+00
1.1050E+03	0.0000E+00	0.0000E+00	2.2871E+00
1.1060E+03	0.0000E+00	0.0000E+00	2.2803E+00
1.1070E+03	0.0000E+00	0.0000E+00	2.2687E+00
1.1080E+03	0.0000E+00	0.0000E+00	2.2707E+00
1.1090E+03	0.0000E+00	0.0000E+00	2.2684E+00
1.1100E+03	0.0000E+00	0.0000E+00	2.2574E+00
1.1110E+03	0.0000E+00	0.0000E+00	2.2568E+00
1.1120E+03	0.0000E+00	0.0000E+00	2.2577E+00
1.1130E+03	0.0000E+00	0.0000E+00	2.2546E+00
1.1140E+03	0.0000E+00	0.0000E+00	2.2537E+00
1.1150E+03	0.0000E+00	0.0000E+00	2.2489E+00
1.1160E+03	0.0000E+00	0.0000E+00	2.2467E+00
1.1170E+03	0.0000E+00	0.0000E+00	2.2433E+00
1.1180E+03	0.0000E+00	0.0000E+00	2.2483E+00
1.1190E+03	0.0000E+00	0.0000E+00	2.2415E+00
1.1200E+03	0.0000E+00	0.0000E+00	2.2502E+00
1.1210E+03	0.0000E+00	0.0000E+00	2.2481E+00
1.1220E+03	0.0000E+00	0.0000E+00	2.2522E+00
1.1230E+03	0.0000E+00	0.0000E+00	2.2705E+00
1.1240E+03	0.0000E+00	0.0000E+00	2.2932E+00
1.1250E+03	0.0000E+00	0.0000E+00	2.3059E+00
1.1260E+03	0.0000E+00	0.0000E+00	2.3254E+00
1.1270E+03	0.0000E+00	0.0000E+00	2.3104E+00
1.1280E+03	0.0000E+00	0.0000E+00	2.3219E+00
1.1290E+03	0.0000E+00	0.0000E+00	2.3136E+00
1.1300E+03	0.0000E+00	0.0000E+00	2.3218E+00
1.1310E+03	0.0000E+00	0.0000E+00	2.3141E+00
1.1320E+03	0.0000E+00	0.0000E+00	2.3096E+00
1.1330E+03	0.0000E+00	0.0000E+00	2.3166E+00
1.1340E+03	0.0000E+00	0.0000E+00	2.3065E+00
1.1350E+03	0.0000E+00	0.0000E+00	2.3117E+00
1.1360E+03	0.0000E+00	0.0000E+00	2.3044E+00
1.1370E+03	0.0000E+00	0.0000E+00	2.2879E+00
1.1380E+03	0.0000E+00	0.0000E+00	2.2935E+00
1.1390E+03	0.0000E+00	0.0000E+00	2.2857E+00
1.1400E+03	0.0000E+00	0.0000E+00	2.2849E+00
1.1410E+03	0.0000E+00	0.0000E+00	2.2811E+00
1.1420E+03	0.0000E+00	0.0000E+00	2.2764E+00
1.1430E+03	0.0000E+00	0.0000E+00	2.2776E+00
1.1440E+03	0.0000E+00	0.0000E+00	2.2789E+00
1.1450E+03	0.0000E+00	0.0000E+00	2.2911E+00
1.1460E+03	0.0000E+00	0.0000E+00	2.3064E+00
1.1470E+03	0.0000E+00	0.0000E+00	2.3594E+00
1.1480E+03	0.0000E+00	0.0000E+00	2.3607E+00
1.1490E+03	0.0000E+00	0.0000E+00	2.3902E+00
1.1500E+03	0.0000E+00	0.0000E+00	2.3893E+00
1.1510E+03	0.0000E+00	0.0000E+00	2.4117E+00
1.1520E+03	0.0000E+00	0.0000E+00	2.4133E+00
1.1530E+03	0.0000E+00	0.0000E+00	2.4345E+00
1.1540E+03	0.0000E+00	0.0000E+00	2.4200E+00
1.1550E+03	0.0000E+00	0.0000E+00	2.4271E+00
1.1560E+03	0.0000E+00	0.0000E+00	2.4336E+00
1.1570E+03	0.0000E+00	0.0000E+00	2.4451E+00
1.1580E+03	0.0000E+00	0.0000E+00	2.4344E+00
1.1590E+03	0.0000E+00	0.0000E+00	2.4220E+00
1.1600E+03	0.0000E+00	0.0000E+00	2.4354E+00
1.1610E+03	0.0000E+00	0.0000E+00	2.4148E+00
1.1620E+03	0.0000E+00	0.0000E+00	2.4189E+00
1.1630E+03	0.0000E+00	0.0000E+00	2.4035E+00
1.1640E+03	0.0000E+00	0.0000E+00	2.3915E+00
1.1650E+03	0.0000E+00	0.0000E+00	2.4008E+00
1.1660E+03	0.0000E+00	0.0000E+00	2.3787E+00
1.1670E+03	0.0000E+00	0.0000E+00	2.3837E+00
1.1680E+03	0.0000E+00	0.0000E+00	2.3993E+00
1.1690E+03	0.0000E+00	0.0000E+00	2.3886E+00
1.1700E+03	0.0000E+00	0.0000E+00	2.4085E+00
1.1710E+03	0.0000E+00	0.0000E+00	2.4061E+00
1.1720E+03	0.0000E+00	0.0000E+00	2.4288E+00
1.1730E+03	0.0000E+00	0.0000E+00	2.4515E+00
1.1740E+03	0.0000E+00	0.0000E+00	2.4625E+00
1.1750E+03	0.0000E+00	0.0000E+00	2.4686E+00
1.1760E+03	0.0000E+00	0.0000E+00	2.4880E+00
1.1770E+03	0.0000E+00	0.0000E+00	2.4878E+00
1.1780E+03	0.0000E+00	0.0000E+00	2.5028E+00
1.1790E+03	0.0000E+00	0.0000E+00	2.5087E+00
1.1800E+03	0.0000E+00	0.0000E+00	2.5127E+00
1.1810E+03	0.0000E+00	0.0000E+00	2.4955E+00
1.1820E+03	0.0000E+00	0.0000E+00	2.4856E+00
1.1830E+03	0.0000E+00	0.0000E+00	2.4968E+00
1.1840E+03	0.0000E+00	0.0000E+00	2.4946E+00
1.1850E+03	0.0000E+00	0.0000E+00	2.4906E+00
1.1860E+03	0.0000E+00	0.0000E+00	2.4782E+00
1.1870E+03	0.0000E+00	0.0000E+00	2.4892E+00
1.1880E+03	0.0000E+00	0.0000E+00	2.4706E+00
1.1890E+03	0.0000E+00	0.0000E+00	2.4691E+00
1.1900E+03	0.0000E+00	0.0000E+00	2.4652E+00
1.1910E+03	0.0000E+00	0.0000E+00	2.4566E+00
1.1920E+03	0.0000E+00	0.0000E+00	2.4462E+00
1.1930E+03	0.0000E+00	0.0000E+00	2.4591E+00
1.1940E+03	0.0000E+00	0.0000E+00	2.4517E+00
1.1950E+03	0.0000E+00	0.0000E+00	2.4562E+00
1.1960E+03	0.0000E+00	0.0000E+00	2.4666E+00
1.1970E+03	0.0000E+00	0.0000E+00	2.4814E+00
1.1980E+03	0.0000E+00	0.0000E+00	2.4722E+00
1.1990E+03	0.0000E+00	0.0000E+00	2.4934E+00
1.2000E+03	0.0000E+00	0.0000E+00	2.4970E+00
1.2010E+03	0.0000E+00	0.0000E+00	2.4842E+00
1.2020E+03	0.0000E+00	0.0000E+00	2.4894E+00
1.2030E+03	0.0000E+00	0.0000E+00	2.5028E+00
1.2040E+03	0.0000E+00	0.0000E+00	2.5136E+00
1.2050E+03	0.0000E+00	0.0000E+00	2.4969E+00
1.2060E+03	0.0000E+00	0.0000E+00	2.5130E+00
1.2070E+03	0.0000E+00	0.0000E+00	2.4905E+00
1.2080E+03	0.0000E+00	0.0000E+00	2.5050E+00
1.2090E+03	0.0000E+00	0.0000E+00	2.5034E+00
1.2100E+03	0.0000E+00	0.0000E+00	2.4731E+00
1.2110E+03	0.0000E+00	0.0000E+00	2.4819E+00
1.2120E+03	0.0000E+00	0.0000E+00	2.4816E+00
1.2130E+03	0.0000E+00	0.0000E+00	2.4621E+00
1.2140E+03	0.0000E+00	0.0000E+00	2.4648E+00
1.2150E+03	0.0000E+00	0.0000E+00	2.4515E+00
1.2160E+03	0.0000E+00	0.0000E+00	2.4616E+00
1.2170E+03	0.0000E+00	0.0000E+00	2.4632E+00
1.2180E+03	0.0000E+00	0.0000E+00	2.4601E+00
1.2190E+03	0.0000E+00	0.0000E+00	2.4836E+00
1.2200E+03	0.0000E+00	0.0000E+00	2.4821E+00
1.2210E+03	0.0000E+00	0.0000E+00	2.4993E+00
1.2220E+03	0.0000E+00	0.0000E+00	2.5144E+00
1.2230E+03	0.0000E+00	0.0000E+00	2.5251E+00
1.2240E+03	0.0000E+00	0.0000E+00	2.5388E+00
1.2250E+03	0.0000E+00	0.0000E+00	2.5300E+00
1.2260E+03	0.0000E+00	0.0000E+00	2.5558E+00
1.2270E+03	0.0000E+00	0.0000E+00	2.5567E+00
1.2280E+03	0.0000E+00	0.0000E+00	2.5546E+00
1.2290E+03	0.0000E+00	0.0000E+00	2.5584E+00
1.2300E+03	0.0000E+00	0.0000E+00	2.5483E+00
1.2310E+03	0.0000E+00	0.0000E+00	2.5466E+00
1.2320E+03	0.0000E+00	0.0000E+00	2.5423E+00
1.2330E+03	0.0000E+00	0.0000E+00	2.5369E+00
1.2340E+03	0.0000E+00	0.0000E+00	2.5255E+00
1.2350E+03	0.0000E+00	0.0000E+00	2.5283E+00
1.2360E+03	0.0000E+00	0.0000E+00	2.4967E+00
1.2370E+03	0.0000E+00	0.0000E+00	2.5210E+00
1.2380E+03	0.0000E+00	0.0000E+00	2.5054E+00
1.2390E+03	0.0000E+00	0.0000E+00	2.4840E+00
1.2400E+03	0.0000E+00	0.0000E+00	2.4979E+00
1.2410E+03	0.0000E+00	0.0000E+00	2.4873E+00
1.2420E+03	0.0000E+00	0.0000E+00	2.4770E+00
1.2430E+03	0.0000E+00	0.0000E+00	2.5044E+00
1.2440E+03	0.0000E+00	0.0000E+00	2.4819E+00
1.2450E+03	0.0000E+00	0.0000E+00	2.4965E+00
1.2460E+03	0.0000E+00	0.0000E+00	2.4939E+00
1.2470E+03	0.0000E+00	0.0000E+00	2.5087E+00
1.2480E+03	0.0000E+00	0.0000E+00	2.5159E+00
1.2490E+03	0.0000E+00	0.0000E+00	2.5090E+00
1.2500E+03	0.0000E+00	0.0000E+00	2.5119E+00
1.2510E+03	0.0000E+00	0.0000E+00	2.4965E+00
1.2520E+03	0.0000E+00	0.0000E+00	2.5101E+00
1.2530E+03	0.0000E+00	0.0000E+00	2.5056E+00
1.2540E+03	0.0000E+00	0.0000E+00	2.5135E+00
1.2550E+03	0.0000E+00	0.0000E+00	2.5039E+00
1.2560E+03	0.0000E+00	0.0000E+00	2.5028E+00
1.2570E+03	0.0000E+00	0.0000E+00	2.4809E+00
1.2580E+03	0.0000E+00	0.0000E+00	2.4999E+00
1.2590E+03	0.0000E+00	0.0000E+00	2.4800E+00
1.2600E+03	0.0000E+00	0.0000E+00	2.4760E+00
1.2610E+03	0.0000E+00	0.0000E+00	2.4734E+00
1.2620E+03	0.0000E+00	0.0000E+00	2.4701E+00
1.2630E+03	0.0000E+00	0.0000E+00	2.4449E+00
1.2640E+03	0.0000E+00	0.0000E+00	2.4429E+00
1.2650E+03	0.0000E+00	0.0000E+00	2.4552E+00
1.2660E+03	0.0000E+00	0.0000E+00	2.4498E+00
1.2670E+03	0.0000E+00	0.0000E+00	2.4539E+00
1.2680E+03	0.0000E+00	0.0000E+00	2.4558E+00
1.2690E+03	0.0000E+00	0.0000E+00	2.4685E+00
1.2700E+03	0.0000E+00	0.0000E+00	2.4771E+00
1.2710E+03	0.0000E+00	0.0000E+00	2.4667E+00
1.2720E+03	0.0000E+00	0.0000E+00	2.4930E+00
1.2730E+03	0.0000E+00	0.0000E+00	2.4989E+00
1.2740E+03	0.0000E+00	0.0000E+00	2.4841E+00
1.2750E+03	0.0000E+00	0.0000E+00	2.4974E+00
1.2760E+03	0.0000E+00	0.0000E+00	2.4898E+00
1.2770E+03	0.0000E+00	0.0000E+00	2.4981E+00
1.2780E+03	0.0000E+00	0.0000E+00	2.4917E+00
1.2790E+03	0.0000E+00	0.0000E+00	2.4904E+00
1.2800E+03	0.0000E+00	0.0000E+00	2.4788E+00
1.2810E+03	0.0000E+00	0.0000E+00	2.4750E+00
1.2820E+03	0.0000E+00	0.0000E+00	2.4759E+00
1.2830E+03	0.0000E+00	0.0000E+00	2.4417E+00
1.2840E+03	0.0000E+00	0.0000E+00	2.4585E+00
1.2850E+03	0.0000E+00	0.0000E+00	2.4595E+00
1.2860E+03	0.0000E+00	0.0000E+00	2.4462E+00
1.2870E+03	0.0000E+00	0.0000E+00	2.4324E+00
1.2880E+03	0.0000E+00	0.0000E+00	2.4308E+00
1.2890E+03	0.0000E+00	0.0000E+00	2.4142E+00
1.2900E+03	0.0000E+00	0.0000E+00	2.4220E+00
1.2910E+03	0.0000E+00	0.0000E+00	2.4280E+00
1.2920E+03	0.0000E+00	0.0000E+00	2.4413E+00
1.2930E+03	0.0000E+00	0.0000E+00	2.4508E+00
1.2940E+03	0.0000E+00	0.0000E+00	2.4489E+00
1.2950E+03	0.0000E+00	0.0000E+00	2.4554E+00
1.2960E+03	0.0000E+00	0.0000E+00	2.4656E+00
1.2970E+03	0.0000E+00	0.0000E+00	2.4605E+00
1.2980E+03	0.0000E+00	0.0000E+00	2.4856E+00
1.2990E+03	0.0000E+00	0.0000E+00	2.4767E+00
1.3000E+03	0.0000E+00	0.0000E+00	2.4847E+00
1.3010E+03	0.0000E+00	0.0000E+00	2.4845E+00
1.3020E+03	0.0000E+00	0.0000E+00	2.4826E+00
1.3030E+03	0.0000E+00	0.0000E+00	2.4697E+00
1.3040E+03	0.0000E+00	0.0000E+00	2.4663E+00
1.3050E+03	0.0000E+00	0.0000E+00	2.4509E+00
1.3060E+03	0.0000E+00	0.0000E+00	2.4498E+00
1.3070E+03	0.0000E+00	0.0000E+00	2.4590E+00
1.3080E+03	0.0000E+00	0.0000E+00	2.4393E+00
1.3090E+03	0.0000E+00	0.0000E+00	2.4447E+00
1.3100E+03	0.0000E+00	0.0000E+00	2.4332E+00
1.3110E+03	0.0000E+00	0.0000E+00	2.4377E+00
1.3120E+03	0.0000E+00	0.0000E+00	2.4159E+00
1.3130E+03	0.0000E+00	0.0000E+00	2.4141E+00
1.3140E+03	0.0000E+00	0.0000E+00	2.4172E+00
1.3150E+03	0.0000E+00	0.0000E+00	2.4252E+00
1.3160E+03	0.0000E+00	0.0000E+00	2.4401E+00
1.3170E+03	0.0000E+00	0.0000E+00	2.4545E+00
1.3180E+03	0.0000E+00	0.0000E+00	2.4766E+00
1.3190E+03	0.0000E+00	0.0000E+00	2.4812E+00
1.3200E+03	0.0000E+00	0.0000E+00	2.4848E+00
1.3210E+03	0.0000E+00	0.0000E+00	2.4973E+00
1.3220E+03	0.0000E+00	0.0000E+00	2.5208E+00
1.3230E+03	0.0000E+00	0.0000E+00	2.5151E+00
1.3240E+03	0.0000E+00	0.0000E+00	2.5271E+00
1.3250E+03	0.0000E+00	0.0000E+00	2.5343E+00
1.3260E+03	0.0000E+00	0.0000E+00	2.5129E+00
1.3270E+03	0.0000E+00	0.0000E+00	2.5232E+00
1.3280E+03	0.0000E+00	0.0000E+00	2.5336E+00
1.3290E+03	0.0000E+00	0.0000E+00	2.5204E+00
1.3300E+03	0.0000E+00	0.0000E+00	2.5216E+00
1.3310E+03	0.0000E+00	0.0000E+00	2.5117E+00
1.3320E+03	0.0000E+00	0.0000E+00	2.5115E+00
1.3330E+03	0.0000E+00	0.0000E+00	2.4886E+00
1.3340E+03	0.0000E+00	0.0000E+00	2.4866E+00
1.3350E+03	0.0000E+00	0.0000E+00	2.4878E+00
1.3360E+03	0.0000E+00	0.0000E+00	2.4701E+00
1.3370E+03	0.0000E+00	0.0000E+00	2.4746E+00
1.3380E+03	0.0000E+00	0.0000E+00	2.4620E+00
1.3390E+03	0.0000E+00	0.0000E+00	2.4850E+00
1.3400E+03	0.0000E+00	0.0000E+00	2.4895E+00
1.3410E+03	0.0000E+00	0.0000E+00	2.4857E+00
1.3420E+03	0.0000E+00	0.0000E+00	2.5090E+00
1.3430E+03	0.0000E+00	0.0000E+00	2.5150E+00
1.3440E+03	0.0000E+00	0.0000E+00	2.5265E+00
1.3450E+03	0.0000E+00	0.0000E+00	2.5523E+00
1.3460E+03	0.0000E+00	0.0000E+00	2.5569E+00
1.3470E+03	0.0000E+00	0.0000E+00	2.5621E+00
1.3480E+03	0.0000E+00	0.0000E+00	2.5608E+00
1.3490E+03	0.0000E+00	0.0000E+00	2.5734E+00
1.3500E+03	0.0000E+00	0.0000E+00	2.5846E+00
1.3510E+03	0.0000E+00	0.0000E+00	2.5843E+00
1.3520E+03	0.0000E+00	0.0000E+00	2.5702E+00
1.3530E+03	0.0000E+00	0.0000E+00	2.5609E+00
1.3540E+03	0.0000E+00	0.0000E+00	2.5724E+00
1.3550E+03	0.0000E+00	0.0000E+00	2.5719E+00
1.3560E+03	0.0000E+00	0.0000E+00	2.5651E+00
1.3570E+03	0.0000E+00	0.0000E+00	2.5722E+00
1.3580E+03	0.0000E+00	0.0000E+00	2.5549E+00
1.3590E+03	0.0000E+00	0.0000E+00	2.5473E+00
1.3600E+03	0.0000E+00	0.0000E+00	2.5511E+00
1.3610E+03	0.0000E+00	0.0000E+00	2.5368E+00
1.3620E+03	0.0000E+00	0.0000E+00	2.5276E+00
1.3630E+03	0.0000E+00	0.0000E+00	2.5260E+00
1.3640E+03	0.0000E+00	0.0000E+00	2.5332E+00
1.3650E+03	0.0000E+00	0.0000E+00	2.5321E+00
1.3660E+03	0.0000E+00	0.0000E+00	2.5462E+00
1.3670E+03	0.0000E+00	0.0000E+00	2.5651E+00
1.3680E+03	0.0000E+00	0.0000E+00	2.5713E+00
1.3690E+03	0.0000E+00	0.0000E+00	2.5893E+00
1.3700E+03	0.0000E+00	0.0000E+00	2.5893E+00
1.3710E+03	0.0000E+00	0.0000E+00	2.5871E+00
1.3720E+03	0.0000E+00	0.0000E+00	2.5715E+00
1.3730E+03	0.0000E+00	0.0000E+00	2.5900E+00
1.3740E+03	0.0000E+00	0.0000E+00	2.5795E+00
1.3750E+03	0.0000E+00	0.0000E+00	2.5833E+00
1.3760E+03	0.0000E+00	0.0000E+00	2.5847E+00
1.3770E+03	0.0000E+00	0.0000E+00	2.5643E+00
1.3780E+03	0.0000E+00	0.0000E+00	2.5564E+00
1.3790E+03	0.0000E+00	0.0000E+00	2.5589E+00
1.3800E+03	0.0000E+00	0.0000E+00	2.5519E+00
1.3810E+03	0.0000E+00	0.0000E+00	2.5531E+00
1.3820E+03	0.0000E+00	0.0000E+00	2.5520E+00
1.3830E+03	0.0000E+00	0.0000E+00	2.5321E+00
1.3840E+03	0.0000E+00	0.0000E+00	2.5394E+00
1.3850E+03	0.0000E+00	0.0000E+00	2.5287E+00
1.3860E+03	0.0000E+00	0.0000E+00	2.5150E+00
1.3870E+03	0.0000E+00	0.0000E+00	2.5202E+00
1.3880E+03	0.0000E+00	0.0000E+00	2.5064E+00
1.3890E+03	0.0000E+00	0.0000E+00	2.5074E+00
1.3900E+03	0.0000E+00	0.0000E+00	2.5228E+00
1.3910E+03	0.0000E+00	0.0000E+00	2.5399E+00
1.3920E+03	0.0000E+00	0.0000E+00	2.5307E+00
1.3930E+03	0.0000E+00	0.0000E+00	2.5374E+00
1.3940E+03	0.0000E+00	0.0000E+00	2.5490E+00
1.3950E+03	0.0000E+00	0.0000E+00	2.5506E+00
1.3960E+03	0.0000E+00	0.0000E+00	2.5537E+00
1.3970E+03	0.0000E+00	0.0000E+00	2.5495E+00
1.3980E+03	0.0000E+00	0.0000E+00	2.5457E+00
1.3990E+03	0.0000E+00	0.0000E+00	2.5422E+00
1.4000E+03	0.0000E+00	0.0000E+00	2.5392E+00
1.4010E+03	0.0000E+00	0.0000E+00	2.5311E+00
1.4020E+03	0.0000E+00	0.0000E+00	2.5257E+00
1.4030E+03	0.0000E+00	0.0000E+00	2.5194E+00
1.4040E+03	0.0000E+00	0.0000E+00	2.5221E+00
1.4050E+03	0.0000E+00	0.0000E+00	2.5096E+00
1.4060E+03	0.0000E+00	0.0000E+00	2.5061E+00
1.4070E+03	0.0000E+00	0.0000E+00	2.4961E+00
1.4080E+03	0.0000E+00	0.0000E+00	2.4952E+00
1.4090E+03	0.0000E+00	0.0000E+00	2.4746E+00
1.4100E+03	0.0000E+00	0.0000E+00	2.4760E+00
1.4110E+03	0.0000E+00	0.0000E+00	2.4643E+00
1.4120E+03	0.0000E+00	0.0000E+00	2.4933E+00
1.4130E+03	0.0000E+00	0.0000E+00	2.4896E+00
1.4140E+03	0.0000E+00	0.0000E+00	2.4802E+00
1.4150E+03	0.0000E+00	0.0000E+00	2.5023E+00
1.4160E+03	0.0000E+00	0.0000E+00	2.5139E+00
1.4170E+03	0.0000E+00	0.0000E+00	2.5230E+00
1.4180E+03	0.0000E+00	0.0000E+00	2.5451E+00
1.4190E+03	0.0000E+00	0.0000E+00	2.5219E+00
1.4200E+03	0.0000E+00	0.0000E+00	2.5301E+00
1.4210E+03	0.0000E+00	0.0000E+00	2.5353E+00
1.4220E+03	0.0000E+00	0.0000E+00	2.5327E+00
1.4230E+03	0.0000E+00	0.0000E+00	2.5295E+00
1.4240E+03	0.0000E+00	0.0000E+00	2.5211E+00
1.4250E+03	0.0000E+00	0.0000E+00	2.5407E+00
1.4260E+03	0.0000E+00	0.0000E+00	2.5381E+00
1.4270E+03	0.0000E+00	0.0000E+00	2.5217E+00
1.4280E+03	0.0000E+00	0.0000E+00	2.5155E+00
1.4290E+03	0.0000E+00	0.0000E+00	2.5039E+00
1.4300E+03	0.0000E+00	0.0000E+00	2.4903E+00
1.4310E+03	0.0000E+00	0.0000E+00	2.4916E+00
1.4320E+03	0.0000E+00	0.0000E+00	2.4809E+00
1.4330E+03	0.0000E+00	0.0000E+00	2.4784E+00
1.4340E+03	0.0000E+00	0.0000E+00	2.4645E+00
1.4350E+03	0.0000E+00	0.0000E+00	2.4680E+00
1.4360E+03	0.0000E+00	0.0000E+00	2.4833E+00
1.4370E+03	0.0000E+00	0.0000E+00	2.4877E+00
1.4380E+03	0.0000E+00	0.0000E+00	2.4719E+00
1.4390E+03	0.0000E+00	0.0000E+00	2.4921E+00
1.4400E+03	0.0000E+00	0.0000E+00	2.4881E+00
1.4410E+03	0.0000E+00	0.0000E+00	2.4971E+00
1.4420E+03	0.0000E+00	0.0000E+00	2.4949E+00
1.4430E+03	0.0000E+00	0.0000E+00	2.4886E+00
1.4440E+03	0.0000E+00	0.0000E+00	2.4935E+00
1.4450E+03	0.0000E+00	0.0000E+00	2.4886E+00
1.4460E+03	0.0000E+00	0.0000E+00	2.4796E+00
1.4470E+03	0.0000E+00	0.0000E+00	2.4889E+00
1.4480E+03	0.0000E+00	0.0000E+00	2.4755E+00
1.4490E+03	0.0000E+00	0.0000E+00	2.4811E+00
1.4500E+03	0.0000E+00	0.0000E+00	2.4831E+00
1.4510E+03	0.0000E+00	0.0000E+00	2.4710E+00
1.4520E+03	0.0000E+00	0.0000E+00	2.4707E+00
1.4530E+03	0.0000E+00	0.0000E+00	2.4600E+00
1.4540E+03	0.0000E+00	0.0000E+00	2.4492E+00
1.4550E+03	0.0000E+00	0.0000E+00	2.4344E+00
1.4560E+03	0.0000E+00	0.0000E+00	2.4394E+00
1.4570E+03	0.0000E+00	0.0000E+00	2.4367E+00
1.4580E+03	0.0000E+00	0.0000E+00	2.4341E+00
1.4590E+03	0.0000E+00	0.0000E+00	2.4465E+00
1.4600E+03	0.0000E+00	0.0000E+00	2.4493E+00
1.4610E+03	0.0000E+00	0.0000E+00	2.4621E+00
1.4620E+03	0.0000E+00	0.0000E+00	2.4584E+00
1.4630E+03	0.0000E+00	0.0000E+00	2.4501E+00
1.4640E+03	0.0000E+00	0.0000E+00	2.4562E+00
1.4650E+03	0.0000E+00	0.0000E+00	2.4656E+00
1.4660E+03	0.0000E+00	0.0000E+00	2.4446E+00
1.4670E+03	0.0000E+00	0.0000E+00	2.4685E+00
1.4680E+03	0.0000E+00	0.0000E+00	2.4601E+00
1.4690E+03	0.0000E+00	0.0000E+00	2.4556E+00
1.4700E+03	0.0000E+00	0.0000E+00	2.4609E+00
1.4710E+03	0.0000E+00	0.0000E+00	2.4598E+00
1.4720E+03	0.0000E+00	0.0000E+00	2.4549E+00
1.4730E+03	0.0000E+00	0.0000E+00	2.4498E+00
1.4740E+03	0.0000E+00	0.0000E+00	2.4369E+00
1.4750E+03	0.0000E+00	0.0000E+00	2.4366E+00
1.4760E+03	0.0000E+00	0.0000E+00	2.4308E+00
1.4770E+03	0.0000E+00	0.0000E+00	2.4155E+00
1.4780E+03	0.0000E+00	0.0000E+00	2.4163E+00
1.4790E+03	0.0000E+00	0.0000E+00	2.4223E+00
1.4800E+03	0.0000E+00	0.0000E+00	2.4222E+00
1.4810E+03	0.0000E+00	0.0000E+00	2.4185E+00
1.4820E+03	0.0000E+00	0.0000E+00	2.4167E+00
1.4830E+03	0.0000E+00	0.0000E+00	2.4165E+00
1.4840E+03	0.0000E+00	0.0000E+00	2.4158E+00
1.4850E+03	0.0000E+00	0.0000E+00	2.4428E+00
1.4860E+03	0.0000E+00	0.0000E+00	2.4385E+00
1.4870E+03	0.0000E+00	0.0000E+00	2.4600E+00
1.4880E+03	0.0000E+00	0.0000E+00	2.4644E+00
1.4890E+03	0.0000E+00	0.0000E+00	2.4723E+00
1.4900E+03	0.0000E+00	0.0000E+00	2.4744E+00
1.4910E+03	0.0000E+00	0.0000E+00	2.5008E+00
1.4920E+03	0.0000E+00	0.0000E+00	2.5024E+00
1.4930E+03	0.0000E+00	0.0000E+00	2.5012E+00
1.4940E+03	0.0000E+00	0.0000E+00	2.4985E+00
1.4950E+03	0.0000E+00	0.0000E+00	2.4828E+00
1.4960E+03	0.0000E+00	0.0000E+00	2.4831E+00
1.4970E+03	0.0000E+00	0.0000E+00	2.4762E+00
1.4980E+03	0.0000E+00	0.0000E+00	2.4615E+00
1.4990E+03	0.0000E+00	0.0000E+00	2.4754E+00
1.5000E+03	0.0000E+00	0.0000E+00	2.4526E+00
1.5010E+03	0.0000E+00	0.0000E+00	2.4598E+00
1.5020E+03	0.0000E+00	0.0000E+00	2.4476E+00
1.5030E+03	0.0000E+00	0.0000E+00	2.4422E+00
1.5040E+03	0.0000E+00	0.0000E+00	2.4484E+00
1.5050E+03	0.0000E+00	0.0000E+00	2.4341E+00
1.5060E+03	0.0000E+00	0.0000E+00	2.4290E+00
1.5070E+03	0.0000E+00	0.0000E+00	2.4299E+00
1.5080E+03	0.0000E+00	0.0000E+00	2.4378E+00
1.5090E+03	0.0000E+00	0.0000E+00	2.4483E+00
1.5100E+03	0.0000E+00	0.0000E+00	2.4604E+00
1.5110E+03	0.0000E+00	0.0000E+00	2.4792E+00
1.5120E+03	0.0000E+00	0.0000E+00	2.4891E+00
1.5130E+03	0.0000E+00	0.0000E+00	2.4997E+00
1.5140E+03	0.0000E+00	0.0000E+00	2.4891E+00
1.5150E+03	0.0000E+00	0.0000E+00	2.5113E+00
1.5160E+03	0.0000E+00	0.0000E+00	2.5139E+00
1.5170E+03	0.0000E+00	0.0000E+00	2.4981E+00
1.5180E+03	0.0000E+00	0.0000E+00	2.5195E+00
1.5190E+03	0.0000E+00	0.0000E+00	2.4939E+00
1.5200E+03	0.0000E+00	0.0000E+00	2.4955E+00
1.5210E+03	0.0000E+00	0.0000E+00	2.4942E+00
1.5220E+03	0.0000E+00	0.0000E+00	2.4774E+00
1.5230E+03	0.0000E+00	0.0000E+00	2.4769E+00
1.5240E+03	0.0000E+00	0.0000E+00	2.4676E+00
1.5250E+03	0.0000E+00	0.0000E+00	2.4674E+00
1.5260E+03	0.0000E+00	0.0000E+00	2.4662E+00
1.5270E+03	0.0000E+00	0.0000E+00	2.4426E+00
1.5280E+03	0.0000E+00	0.0000E+00	2.4343E+00
1.5290E+03	0.0000E+00	0.0000E+00	2.4280E+00
1.5300E+03	0.0000E+00	0.0000E+00	2.4324E+00
1.5310E+03	0.0000E+00	0.0000E+00	2.4310E+00
1.5320E+03	0.0000E+00	0.0000E+00	2.4261E+00
1.5330E+03	0.0000E+00	0.0000E+00	2.4288E+00
1.5340E+03	0.0000E+00	0.0000E+00	2.4392E+00
1.5350E+03	0.0000E+00	0.0000E+00	2.4522E+00
1.5360E+03	0.0000E+00	0.0000E+00	2.4466E+00
1.5370E+03	0.0000E+00	0.0000E+00	2.4637E+00
1.5380E+03	0.0000E+00	0.0000E+00	2.4785E+00
1.5390E+03	0.0000E+00	0.0000E+00	2.4728E+00
1.5400E+03	0.0000E+00	0.0000E+00	2.4704E+00
1.5410E+03	0.0000E+00	0.0000E+00	2.4791E+00
1.5420E+03	0.0000E+00	0.0000E+00	2.4664E+00
1.5430E+03	0.0000E+00	0.0000E+00	2.4711E+00
1.5440E+03	0.0000E+00	0.0000E+00	2.4598E+00
1.5450E+03	0.0000E+00	0.0000E+00	2.4689E+00
1.5460E+03	0.0000E+00	0.0000E+00	2.4595E+00
1.5470E+03	0.0000E+00	0.0000E+00	2.4619E+00
1.5480E+03	0.0000E+00	0.0000E+00	2.4497E+00
1.5490E+03	0.0000E+00	0.0000E+00	2.4412E+00
1.5500E+03	0.0000E+00	0.0000E+00	2.4404E+00
1.5510E+03	0.0000E+00	0.0000E+00	2.4398E+00
1.5520E+03	0.0000E+00	0.0000E+00	2.4282E+00
1.5530E+03	0.0000E+00	0.0000E+00	2.4141E+00
1.5540E+03	0.0000E+00	0.0000E+00	2.4136E+00
1.5550E+03	0.0000E+00	0.0000E+00	2.4244E+00
1.5560E+03	0.0000E+00	0.0000E+00	2.4189E+00
1.5570E+03	0.0000E+00	0.0000E+00	2.4370E+00
1.5580E+03	0.0000E+00	0.0000E+00	2.4211E+00
1.5590E+03	0.0000E+00	0.0000E+00	2.4234E+00
1.5600E+03	0.0000E+00	0.0000E+00	2.4083E+00
1.5610E+03	0.0000E+00	0.0000E+00	2.3884E+00
1.5620E+03	0.0000E+00	0.0000E+00	2.3824E+00
1.5630E+03	0.0000E+00	0.0000E+00	2.3755E+00
1.5640E+03	0.0000E+00	0.0000E+00	2.3723E+00
1.5650E+03	0.0000E+00	0.0000E+00	2.3669E+00
1.5660E+03	0.0000E+00	0.0000E+00	2.3517E+00
1.5670E+03	0.0000E+00	0.0000E+00	2.3401E+00
1.5680E+03	0.0000E+00	0.0000E+00	2.3460E+00
1.5690E+03	0.0000E+00	0.0000E+00	2.3428E+00
1.5700E+03	0.0000E+00	0.0000E+00	2.3304E+00
1.5710E+03	0.0000E+00	0.0000E+00	2.3315E+00
1.5720E+03	0.0000E+00	0.0000E+00	2.3125E+00
1.5730E+03	0.0000E+00	0.0000E+00	2.3234E+00
1.5740E+03	0.0000E+00	0.0000E+00	2.3087E+00
1.5750E+03	0.0000E+00	0.0000E+00	2.3114E+00
1.5760E+03	0.0000E+00	0.0000E+00	2.3042E+00
1.5770E+03	0.0000E+00	0.0000E+00	2.2975E+00
1.5780E+03	0.0000E+00	0.0000E+00	2.2924E+00
1.5790E+03	0.0000E+00	0.0000E+00	2.2919E+00
1.5800E+03	0.0000E+00	0.0000E+00	2.2837E+00
1.5810E+03	0.0000E+00	0.0000E+00	2.2869E+00
1.5820E+03	0.0000E+00	0.0000E+00	2.2722E+00
1.5830E+03	0.0000E+00	0.0000E+00	2.2681E+00
1.5840E+03	0.0000E+00	0.0000E+00	2.2698E+00
1.5850E+03	0.0000E+00	0.0000E+00	2.2647E+00
1.5860E+03	0.0000E+00	0.0000E+00	2.2689E+00
1.5870E+03	0.0000E+00	0.0000E+00	2.2534E+00
1.5880E+03	0.0000E+00	0.0000E+00	2.2513E+00
1.5890E+03	0.0000E+00	0.0000E+00	2.2468E+00
1.5900E+03	0.0000E+00	0.0000E+00	2.2351E+00
1.5910E+03	0.0000E+00	0.0000E+00	2.2363E+00
1.5920E+03	0.0000E+00	0.0000E+00	2.2386E+00
1.5930E+03	0.0000E+00	0.0000E+00	2.2351E+00
1.5940E+03	0.0000E+00	0.0000E+00	2.2326E+00
1.5950E+03	0.0000E+00	0.0000E+00	2.2325E+00
1.5960E+03	0.0000E+00	0.0000E+00	2.2272E+00
1.5970E+03	0.0000E+00	0.0000E+00	2.2289E+00
1.5980E+03	0.0000E+00	0.0000E+00	2.2239E+00
1.5990E+03	0.0000E+00	0.0000E+00	2.2205E+00
1.6000E+03	0.0000E+00	0.0000E+00	2.2120E+00
1.6010E+03	0.0000E+00	0.0000E+00	2.2041E+00
1.6020E+03	0.0000E+00	0.0000E+00	2.2082E+00
1.6030E+03	0.0000E+00	0.0000E+00	2.2070E+00
1.6040E+03	0.0000E+00	0.0000E+00	2.2124E+00
1.6050E+03	0.0000E+00	0.0000E+00	2.2127E+00
1.6060E+03	0.0000E+00	0.0000E+00	2.2225E+00
1.6070E+03	0.0000E+00	0.0000E+00	2.2299E+00
1.6080E+03	0.0000E+00	0.0000E+00	2.2338E+00
1.6090E+03	0.0000E+00	0.0000E+00	2.2396E+00
1.6100E+03	0.0000E+00	0.0000E+00	2.2372E+00
1.6110E+03	0.0000E+00	0.0000E+00	2.2423E+00
1.6120E+03	0.0000E+00	0.0000E+00	2.2419E+00
1.6130E+03	0.0000E+00	0.0000E+00	2.2290E+00
1.6140E+03	0.0000E+00	0.0000E+00	2.2248E+00
1.6150E+03	0.0000E+00	0.0000E+00	2.2226E+00
1.6160E+03	0.0000E+00	0.0000E+00	2.2204E+00
1.6170E+03	0.0000E+00	0.0000E+00	2.2175E+00
1.6180E+03	0.0000E+00	0.0000E+00	2.2219E+00
1.6190E+03	0.0000E+00	0.0000E+00	2.2185E+00
1.6200E+03	0.0000E+00	0.0000E+00	2.2180E+00
1.6210E+03	0.0000E+00	0.0000E+00	2.2110E+00
1.6220E+03	0.0000E+00	0.0000E+00	2.2134E+00
1.6230E+03	0.0000E+00	0.0000E+00	2.2030E+00
1.6240E+03	0.0000E+00	0.0000E+00	2.2026E+00
1.6250E+03	0.0000E+00	0.0000E+00	2.2063E+00
1.6260E+03	0.0000E+00	0.0000E+00	2.2000E+00
1.6270E+03	0.0000E+00	0.0000E+00	2.2028E+00
1.6280E+03	0.0000E+00	0.0000E+00	2.2104E+00
1.6290E+03	0.0000E+00	0.0000E+00	2.2157E+00
1.6300E+03	0.0000E+00	0.0000E+00	2.2312E+00
1.6310E+03	0.0000E+00	0.0000E+00	2.2400E+00
1.6320E+03	0.0000E+00	0.0000E+00	2.2636E+00
1.6330E+03	0.0000E+00	0.0000E+00	2.2749E+00
1.6340E+03	0.0000E+00	0.0000E+00	2.2710E+00
1.6350E+03	0.0000E+00	0.0000E+00	2.2811E+00
1.6360E+03	0.0000E+00	0.0000E+00	2.2741E+00
1.6370E+03	0.0000E+00	0.0000E+00	2.2791E+00
1.6380E+03	0.0000E+00	0.0000E+00	2.2702E+00
1.6390E+03	0.0000E+00	0.0000E+00	2.2714E+00
1.6400E+03	0.0000E+00	0.0000E+00	2.2669E+00
1.6410E+03	0.0000E+00	0.0000E+00	2.2595E+00
1.6420E+03	0.0000E+00	0.0000E+00	2.2603E+00
1.6430E+03	0.0000E+00	0.0000E+00	2.2524E+00
1.6440E+03	0.0000E+00	0.0000E+00	2.2490E+00
1.6450E+03	0.0000E+00	0.0000E+00	2.2478E+00
1.6460E+03	0.0000E+00	0.0000E+00	2.2453E+00
1.6470E+03	0.0000E+00	0.0000E+00	2.2377E+00
1.6480E+03	0.0000E+00	0.0000E+00	2.2287E+00
1.6490E+03	0.0000E+00	0.0000E+00	2.2362E+00
1.6500E+03	0.0000E+00	0.0000E+00	2.2375E+00
1.6510E+03	0.0000E+00	0.0000E+00	2.2388E+00
1.6520E+03	0.0000E+00	0.0000E+00	2.2585E+00
1.6530E+03	0.0000E+00	0.0000E+00	2.2809E+00
1.6540E+03	0.0000E+00	0.0000E+00	2.3069E+00
1.6550E+03	0.0000E+00	0.0000E+00	2.3223E+00
1.6560E+03	0.0000E+00	0.0000E+00	2.3458E+00
1.6570E+03	0.0000E+00	0.0000E+00	2.3504E+00
1.6580E+03	0.0000E+00	0.0000E+00	2.3497E+00
1.6590E+03	0.0000E+00	0.0000E+00	2.3600E+00
1.6600E+03	0.0000E+00	0.0000E+00	2.3605E+00
1.6610E+03	0.0000E+00	0.0000E+00	2.3502E+00
1.6620E+03	0.0000E+00	0.0000E+00	2.3485E+00
1.6630E+03	0.0000E+00	0.0000E+00	2.3558E+00
1.6640E+03	0.0000E+00	0.0000E+00	2.3427E+00
1.6650E+03	0.0000E+00	0.0000E+00	2.3448E+00
1.6660E+03	0.0000E+00	0.0000E+00	2.3351E+00
1.6670E+03	0.0000E+00	0.0000E+00	2.3351E+00
1.6680E+03	0.0000E+00	0.0000E+00	2.3290E+00
1.6690E+03	0.0000E+00	0.0000E+00	2.3156E+00
1.6700E+03	0.0000E+00	0.0000E+00	2.3108E+00
1.6710E+03	0.0000E+00	0.0000E+00	2.3012E+00
1.6720E+03	0.0000E+00	0.0000E+00	2.2973E+00
1.6730E+03	0.0000E+00	0.0000E+00	2.3002E+00
1.6740E+03	0.0000E+00	0.0000E+00	2.2923E+00
1.6750E+03	0.0000E+00	0.0000E+00	2.3094E+00
1.6760E+03	0.0000E+00	0.0000E+00	2.3219E+00
1.6770E+03	0.0000E+00	0.0000E+00	2.3515E+00
1.6780E+03	0.0000E+00	0.0000E+00	2.3794E+00
1.6790E+03	0.0000E+00	0.0000E+00	2.3933E+00
1.6800E+03	0.0000E+00	0.0000E+00	2.4022E+00
1.6810E+03	0.0000E+00	0.0000E+00	2.4176E+00
1.6820E+03	0.0000E+00	0.0000E+00	2.4206E+00
1.6830E+03	0.0000E+00	0.0000E+00	2.4263E+00
1.6840E+03	0.0000E+00	0.0000E+00	2.4288E+00
1.6850E+03	0.0000E+00	0.0000E+00	2.4267E+00
1.6860E+03	0.0000E+00	0.0000E+00	2.4133E+00
1.6870E+03	0.0000E+00	0.0000E+00	2.4208E+00
1.6880E+03	0.0000E+00	0.0000E+00	2.4239E+00
1.6890E+03	0.0000E+00	0.0000E+00	2.4074E+00
1.6900E+03	0.0000E+00	0.0000E+00	2.3999E+00
1.6910E+03	0.0000E+00	0.0000E+00	2.3957E+00
1.6920E+03	0.0000E+00	0.0000E+00	2.3882E+00
1.6930E+03	0.0000E+00	0.0000E+00	2.3807E+00
1.6940E+03	0.0000E+00	0.0000E+00	2.3740E+00
1.6950E+03	0.0000E+00	0.0000E+00	2.3560E+00
1.6960E+03	0.0000E+00	0.0000E+00	2.3464E+00
1.6970E+03	0.0000E+00	0.0000E+00	2.3535E+00
1.6980E+03	0.0000E+00	0.0000E+00	2.3545E+00
1.6990E+03	0.0000E+00	0.0000E+00	2.3673E+00
1.7000E+03	0.0000E+00	0.0000E+00	2.3919E+00
1.7010E+03	0.0000E+00	0.0000E+00	2.4087E+00
1.7020E+03	0.0000E+00	0.0000E+00	2.4178E+00
1.7030E+03	0.0000E+00	0.0000E+00	2.4266E+00
1.7040E+03	0.0000E+00	0.0000E+00	2.4454E+00
1.7050E+03	0.0000E+00	0.0000E+00	2.4739E+00
1.7060E+03	0.0000E+00	0.0000E+00	2.4776E+00
1.7070E+03	0.0000E+00	0.0000E+00	2.4909E+00
1.7080E+03	0.0000E+00	0.0000E+00	2.4943E+00
1.7090E+03	0.0000E+00	0.0000E+00	2.4909E+00
1.7100E+03	0.0000E+00	0.0000E+00	2.5032E+00
1.7110E+03	0.0000E+00	0.0000E+00	2.4918E+00
1.7120E+03	0.0000E+00	0.0000E+00	2.4746E+00
1.7130E+03	0.0000E+00	0.0000E+00	2.4848E+00
1.7140E+03	0.0000E+00	0.0000E+00	2.4626E+00
1.7150E+03	0.0000E+00	0.0000E+00	2.4610E+00
1.7160E+03	0.0000E+00	0.0000E+00	2.4382E+00
1.7170E+03	0.0000E+00	0.0000E+00	2.4352E+00
1.7180E+03	0.0000E+00	0.0000E+00	2.4311E+00
1.7190E+03	0.0000E+00	0.0000E+00	2.4220E+00
1.7200E+03	0.0000E+00	0.0000E+00	2.4236E+00
1.7210E+03	0.0000E+00	0.0000E+00	2.3940E+00
1.7220E+03	0.0000E+00	0.0000E+00	2.3918E+00
1.7230E+03	0.0000E+00	0.0000E+00	2.3947E+00
1.7240E+03	0.0000E+00	0.0000E+00	2.4191E+00
1.7250E+03	0.0000E+00	0.0000E+00	2.4465E+00
1.7260E+03	0.0000E+00	0.0000E+00	2.4548E+00
1.7270E+03	0.0000E+00	0.0000E+00	2.4619E+00
1.7280E+03	0.0000E+00	0.0000E+00	2.4795E+00
1.7290E+03	0.0000E+00	0.0000E+00	2.4776E+00
1.7300E+03	0.0000E+00	0.0000E+00	2.4849E+00
1.7310E+03	0.0000E+00	0.0000E+00	2.4914E+00
1.7320E+03	0.0000E+00	0.0000E+00	2.5043E+00
1.7330E+03	0.0000E+00	0.0000E+00	2.4948E+00
1.7340E+03	0.0000E+00	0.0000E+00	2.4838E+00
1.7350E+03	0.0000E+00	0.0000E+00	2.4672E+00
1.7360E+03	0.0000E+00	0.0000E+00	2.4820E+00
1.7370E+03	0.0000E+00	0.0000E+00	2.4677E+00
1.7380E+03	0.0000E+00	0.0000E+00	2.4438E+00
1.7390E+03	0.0000E+00	0.0000E+00	2.4474E+00
1.7400E+03	0.0000E+00	0.0000E+00	2.4465E+00
1.7410E+03	0.0000E+00	0.0000E+00	2.4447E+00
1.7420E+03	0.0000E+00	0.0000E+00	2.4177E+00
1.7430E+03	0.0000E+00	0.0000E+00	2.4159E+00
1.7440E+03	0.0000E+00	0.0000E+00	2.4007E+00
1.7450E+03	0.0000E+00	0.0000E+00	2.3962E+00
1.7460E+03	0.0000E+00	0.0000E+00	2.4049E+00
1.7470E+03	0.0000E+00	0.0000E+00	2.4263E+00
1.7480E+03	0.0000E+00	0.0000E+00	2.4177E+00
1.7490E+03	0.0000E+00	0.0000E+00	2.4469E+00
1.7500E+03	0.0000E+00	0.0000E+00	2.4692E+00
1.7510E+03	0.0000E+00	0.0000E+00	2.4812E+00
1.7520E+03	0.0000E+00	0.0000E+00	2.4934E+00
1.7530E+03	0.0000E+00	0.0000E+00	2.4932E+00
1.7540E+03	0.0000E+00	0.0000E+00	2.5046E+00
1.7550E+03	0.0000E+00	0.0000E+00	2.5333E+00
1.7560E+03	0.0000E+00	0.0000E+00	2.5166E+00
1.7570E+03	0.0000E+00	0.0000E+00	2.5254E+00
1.7580E+03	0.0000E+00	0.0000E+00	2.5299E+00
1.7590E+03	0.0000E+00	0.0000E+00	2.5185E+00
1.7600E+03	0.0000E+00	0.0000E+00	2.5278E+00
1.7610E+03	0.0000E+00	0.0000E+00	2.5256E+00
1.7620E+03	0.0000E+00	0.0000E+00	2.5106E+00
1.7630E+03	0.0000E+00	0.0000E+00	2.5145E+00
1.7640E+03	0.0000E+00	0.0000E+00	2.4924E+00
1.7650E+03	0.0000E+00	0.0000E+00	2.4979E+00
1.7660E+03	0.0000E+00	0.0000E+00	2.4629E+00
1.7670E+03	0.0000E+00	0.0000E+00	2.4642E+00
1.7680E+03	0.0000E+00	0.0000E+00	2.4515E+00
1.7690E+03	0.0000E+00	0.0000E+00	2.4582E+00
1.7700E+03	0.0000E+00	0.0000E+00	2.4466E+00
1.7710E+03	0.0000E+00	0.0000E+00	2.4401E+00
1.7720E+03	0.0000E+00	0.0000E+00	2.4513E+00
1.7730E+03	0.0000E+00	0.0000E+00	2.4732E+00
1.7740E+03	0.0000E+00	0.0000E+00	2.4732E+00
1.7750E+03	0.0000E+00	0.0000E+00	2.4994E+00
1.7760E+03	0.0000E+00	0.0000E+00	2.5103E+00
1.7770E+03	0.0000E+00	0.0000E+00	2.5244E+00
1.7780E+03	0.0000E+00	0.0000E+00	2.5172E+00
1.7790E+03	0.0000E+00	0.0000E+00	2.5105E+00
1.7800E+03	0.0000E+00	0.0000E+00	2.5169E+00
1.7810E+03	0.0000E+00	0.0000E+00	2.5166E+00
1.7820E+03	0.0000E+00	0.0000E+00	2.5169E+00
1.7830E+03	0.0000E+00	0.0000E+00	2.5166E+00
1.7840E+03	0.0000E+00	0.0000E+00	2.5063E+00
1.7850E+03	0.0000E+00	0.0000E+00	2.5001E+00
1.7860E+03	0.0000E+00	0.0000E+00	2.4892E+00
1.7870E+03	0.0000E+00	0.0000E+00	2.4785E+00
1.7880E+03	0.0000E+00	0.0000E+00	2.4500E+00
1.7890E+03	0.0000E+00	0.0000E+00	2.4548E+00
1.7900E+03	0.0000E+00	0.0000E+00	2.4383E+00
1.7910E+03	0.0000E+00	0.0000E+00	2.4285E+00
1.7920E+03	0.0000E+00	0.0000E+00	2.4298E+00
1.7930E+03	0.0000E+00	0.0000E+00	2.4191E+00
1.7940E+03	0.0000E+00	0.0000E+00	2.4127E+00
1.7950E+03	0.0000E+00	0.0000E+00	2.4129E+00
1.7960E+03	0.0000E+00	0.0000E+00	2.4287E+00
1.7970E+03	0.0000E+00	0.0000E+00	2.4254E+00
1.7980E+03	0.0000E+00	0.0000E+00	2.4384E+00
1.7990E+03	0.0000E+00	0.0000E+00	2.4489E+00
1.8000E+03	0.0000E+00	0.0000E+00	2.4727E+00
1.8010E+03	0.0000E+00	0.0000E+00	2.4710E+00
1.8020E+03	0.0000E+00	0.0000E+00	2.4878E+00
1.8030E+03	0.0000E+00	0.0000E+00	2.4780E+00
1.8040E+03	0.0000E+00	0.0000E+00	2.4826E+00
1.8050E+03	0.0000E+00	0.0000E+00	2.4599E+00
1.8060E+03	0.0000E+00	0.0000E+00	2.4595E+00
1.8070E+03	0.0000E+00	0.0000E+00	2.4637E+00
1.8080E+03	0.0000E+00	0.0000E+00	2.4545E+00
1.8090E+03	0.0000E+00	0.0000E+00	2.4311E+00
1.8100E+03	0.0000E+00	0.0000E+00	2.4442E+00
1.8110E+03	0.0000E+00	0.0000E+00	2.4420E+00
1.8120E+03	0.0000E+00	0.0000E+00	2.4190E+00
1.8130E+03	0.0000E+00	0.0000E+00	2.4115E+00
1.8140E+03	0.0000E+00	0.0000E+00	2.3974E+00
1.8150E+03	0.0000E+00	0.0000E+00	2.3943E+00
1.8160E+03	0.0000E+00	0.0000E+00	2.3804E+00
1.8170E+03	0.0000E+00	0.0000E+00	2.3844E+00
1.8180E+03	0.0000E+00	0.0000E+00	2.3974E+00
1.8190E+03	0.0000E+00	0.0000E+00	2.3955E+00
1.8200E+03	0.0000E+00	0.0000E+00	2.4150E+00
1.8210E+03	0.0000E+00	0.0000E+00	2.4225E+00
1.8220E+03	0.0000E+00	0.0000E+00	2.4476E+00
1.8230E+03	0.0000E+00	0.0000E+00	2.4790E+00
1.8240E+03	0.0000E+00	0.0000E+00	2.4902E+00
1.8250E+03	0.0000E+00	0.0000E+00	2.4905E+00
1.8260E+03	0.0000E+00	0.0000E+00	2.4910E+00
1.8270E+03	0.0000E+00	0.0000E+00	2.4917E+00
1.8280E+03	0.0000E+00	0.0000E+00	2.5071E+00
1.8290E+03	0.0000E+00	0.0000E+00	2.4979E+00
1.8300E+03	0.0000E+00	0.0000E+00	2.4743E+00
1.8310E+03	0.0000E+00	0.0000E+00	2.4610E+00
1.8320E+03	0.0000E+00	0.0000E+00	2.4674E+00
1.8330E+03	0.0000E+00	0.0000E+00	2.4690E+00
1.8340E+03	0.0000E+00	0.0000E+00	2.4536E+00
1.8350E+03	0.0000E+00	0.0000E+00	2.4393E+00
1.8360E+03	0.0000E+00	0.0000E+00	2.4222E+00
1.8370E+03	0.0000E+00	0.0000E+00	2.4074E+00
1.8380E+03	0.0000E+00	0.0000E+00	2.4043E+00
1.8390E+03	0.0000E+00	0.0000E+00	2.3971E+00
1.8400E+03	0.0000E+00	0.0000E+00	2.3856E+00
1.8410E+03	0.0000E+00	0.0000E+00	2.3779E+00
1.8420E+03	0.0000E+00	0.0000E+00	2.3936E+00
1.8430E+03	0.0000E+00	0.0000E+00	2.3946E+00
1.8440E+03	0.0000E+00	0.0000E+00	2.3976E+00
1.8450E+03	0.0000E+00	0.0000E+00	2.4226E+00
1.8460E+03	0.0000E+00	0.0000E+00	2.4270E+00
1.8470E+03	0.0000E+00	0.0000E+00	2.4475E+00
1.8480E+03	0.0000E+00	0.0000E+00	2.4624E+00
1.8490E+03	0.0000E+00	0.0000E+00	2.4602E+00
1.8500E+03	0.0000E+00	0.0000E+00	2.4653E+00
1.8510E+03	0.0000E+00	0.0000E+00	2.4520E+00
1.8520E+03	0.0000E+00	0.0000E+00	2.4483E+00
1.8530E+03	0.0000E+00	0.0000E+00	2.4349E+00
1.8540E+03	0.0000E+00	0.0000E+00	2.4242E+00
1.8550E+03	0.0000E+00	0.0000E+00	2.4239E+00
1.8560E+03	0.0000E+00	0.0000E+00	2.4097E+00
1.8570E+03	0.0000E+00	0.0000E+00	2.4106E+00
1.8580E+03	0.0000E+00	0.0000E+00	2.4091E+00
1.8590E+03	0.0000E+00	0.0000E+00	2.3870E+00
1.8600E+03	0.0000E+00	0.0000E+00	2.3847E+00
1.8610E+03	0.0000E+00	0.0000E+00	2.3689E+00
1.8620E+03	0.0000E+00	0.0000E+00	2.3715E+00
1.8630E+03	0.0000E+00	0.0000E+00	2.3501E+00
1.8640E+03	0.0000E+00	0.0000E+00	2.3535E+00
1.8650E+03	0.0000E+00	0.0000E+00	2.3500E+00
1.8660E+03	0.0000E+00	0.0000E+00	2.3557E+00
1.8670E+03	0.0000E+00	0.0000E+00	2.3793E+00
1.8680E+03	0.0000E+00	0.0000E+00	2.3977E+00
1.8690E+03	0.0000E+00	0.0000E+00	2.3998E+00
1.8700E+03	0.0000E+00	0.0000E+00	2.4132E+00
1.8710E+03	0.0000E+00	0.0000E+00	2.4353E+00
1.8720E+03	0.0000E+00	0.0000E+00	2.4334E+00
1.8730E+03	0.0000E+00	0.0000E+00	2.4253E+00
1.8740E+03	0.0000E+00	0.0000E+00	2.4433E+00
1.8750E+03	0.0000E+00	0.0000E+00	2.4429E+00
1.8760E+03	0.0000E+00	0.0000E+00	2.4279E+00
1.8770E+03	0.0000E+00	0.0000E+00	2.4174E+00
1.8780E+03	0.0000E+00	0.0000E+00	2.4096E+00
1.8790E+03	0.0000E+00	0.0000E+00	2.3992E+00
1.8800E+03	0.0000E+00	0.0000E+00	2.3873E+00
1.8810E+03	0.0000E+00	0.0000E+00	2.3957E+00
1.8820E+03	0.0000E+00	0.0000E+00	2.3866E+00
1.8830E+03	0.0000E+00	0.0000E+00	2.3761E+00
1.8840E+03	0.0000E+00	0.0000E+00	2.3606E+00
1.8850E+03	0.0000E+00	0.0000E+00	2.3463E+00
1.8860E+03	0.0000E+00	0.0000E+00	2.3428E+00
1.8870E+03	0.0000E+00	0.0000E+00	2.3334E+00
1.8880E+03	0.0000E+00	0.0000E+00	2.3217E+00
1.8890E+03	0.0000E+00	0.0000E+00	2.3219E+00
1.8900E+03	0.0000E+00	0.0000E+00	2.3274E+00
1.8910E+03	0.0000E+00	0.0000E+00	2.3334E+00
1.8920E+03	0.0000E+00	0.0000E+00	2.3473E+00
1.8930E+03	0.0000E+00	0.0000E+00	2.3707E+00
1.8940E+03	0.0000E+00	0.0000E+00	2.3831E+00
1.8950E+03	0.0000E+00	0.0000E+00	2.3809E+00
1.8960E+03	0.0000E+00	0.0000E+00	2.3858E+00
1.8970E+03	0.0000E+00	0.0000E+00	2.3946E+00
1.8980E+03	0.0000E+00	0.0000E+00	2.3825E+00
1.8990E+03	0.0000E+00	0.0000E+00	2.3817E+00
1.9000E+03	0.0000E+00	0.0000E+00	2.3846E+00
1.9010E+03	0.0000E+00	0.0000E+00	2.3665E+00
1.9020E+03	0.0000E+00	0.0000E+00	2.3673E+00
1.9030E+03	0.0000E+00	0.0000E+00	2.3625E+00
1.9040E+03	0.0000E+00	0.0000E+00	2.3486E+00
1.9050E+03	0.0000E+00	0.0000E+00	2.3493E+00
1.9060E+03	0.0000E+00	0.0000E+00	2.3508E+00
1.9070E+03	0.0000E+00	0.0000E+00	2.3324E+00
1.9080E+03	0.0000E+00	0.0000E+00	2.3377E+00
1.9090E+03	0.0000E+00	0.0000E+00	2.3220E+00
1.9100E+03	0.0000E+00	0.0000E+00	2.3149E+00
1.9110E+03	0.0000E+00	0.0000E+00	2.3059E+00
1.9120E+03	0.0000E+00	0.0000E+00	2.3050E+00
1.9130E+03	0.0000E+00	0.0000E+00	2.3027E+00
1.9140E+03	0.0000E+00	0.0000E+00	2.3026E+00
1.9150E+03	0.0000E+00	0.0000E+00	2.3111E+00
1.9160E+03	0.0000E+00	0.0000E+00	2.3253E+00
1.9170E+03	0.0000E+00	0.0000E+00	2.3170E+00
1.9180E+03	0.0000E+00	0.0000E+00	2.3286E+00
1.9190E+03	0.0000E+00	0.0000E+00	2.3330E+00
1.9200E+03	0.0000E+00	0.0000E+00	2.3357E+00
1.9210E+03	0.0000E+00	0.0000E+00	2.3347E+00
1.9220E+03	0.0000E+00	0.0000E+00	2.3356E+00
1.9230E+03	0.0000E+00	0.0000E+00	2.3357E+00
1.9240E+03	0.0000E+00	0.0000E+00	2.3187E+00
1.9250E+03	0.0000E+00	0.0000E+00	2.3223E+00
1.9260E+03	0.0000E+00	0.0000E+00	2.3212E+00
1.9270E+03	0.0000E+00	0.0000E+00	2.3098E+00
1.9280E+03	0.0000E+00	0.0000E+00	2.3107E+00
1.9290E+03	0.0000E+00	0.0000E+00	2.3120E+00
1.9300E+03	0.0000E+00	0.0000E+00	2.3081E+00
1.9310E+03	0.0000E+00	0.0000E+00	2.3122E+00
1.9320E+03	0.0000E+00	0.0000E+00	2.3138E+00
1.9330E+03	0.0000E+00	0.0000E+00	2.3074E+00
1.9340E+03	0.0000E+00	0.0000E+00	2.2977E+00
1.9350E+03	0.0000E+00	0.0000E+00	2.2940E+00
1.9360E+03	0.0000E+00	0.0000E+00	2.2830E+00
1.9370E+03	0.0000E+00	0.0000E+00	2.2890E+00
1.9380E+03	0.0000E+00	0.0000E+00	2.2881E+00
1.9390E+03	0.0000E+00	0.0000E+00	2.2976E+00
1.9400E+03	0.0000E+00	0.0000E+00	2.3228E+00
1.9410E+03	0.0000E+00	0.0000E+00	2.3361E+00
1.9420E+03	0.0000E+00	0.0000E+00	2.3520E+00
1.9430E+03	0.0000E+00	0.0000E+00	2.3564E+00
1.9440E+03	0.0000E+00	0.0000E+00	2.3540E+00
1.9450E+03	0.0000E+00	0.0000E+00	2.3648E+00
1.9460E+03	0.0000E+00	0.0000E+00	2.3644E+00
1.9470E+03	0.0000E+00	0.0000E+00	2.3457E+00
1.9480E+03	0.0000E+00	0.0000E+00	2.3540E+00
1.9490E+03	0.0000E+00	0.0000E+00	2.3426E+00
1.9500E+03	0.0000E+00	0.0000E+00	2.3313E+00
1.9510E+03	0.0000E+00	0.0000E+00	2.3289E+00
1.9520E+03	0.0000E+00	0.0000E+00	2.3232E+00
1.9530E+03	0.0000E+00	0.0000E+00	2.3127E+00
1.9540E+03	0.0000E+00	0.0000E+00	2.3138E+00
1.9550E+03	0.0000E+00	0.0000E+00	2.3059E+00
1.9560E+03	0.0000E+00	0.0000E+00	2.2979E+00
1.9570E+03	0.0000E+00	0.0000E+00	2.2872E+00
1.9580E+03	0.0000E+00	0.0000E+00	2.2743E+00
1.9590E+03	0.0000E+00	0.0000E+00	2.2621E+00
1.9600E+03	0.0000E+00	0.0000E+00	2.2628E+00
1.9610E+03	0.0000E+00	0.0000E+00	2.2622E+00
1.9620E+03	0.0000E+00	0.0000E+00	2.2688E+00
1.9630E+03	0.0000E+00	0.0000E+00	2.2704E+00
1.9640E+03	0.0000E+00	0.0000E+00	2.2866E+00
1.9650E+03	0.0000E+00	0.0000E+00	2.3025E+00
1.9660E+03	0.0000E+00	0.0000E+00	2.3062E+00
1.9670E+03	0.0000E+00	0.0000E+00	2.3276E+00
1.9680E+03	0.0000E+00	0.0000E+00	2.3309E+00
1.9690E+03	0.0000E+00	0.0000E+00	2.3174E+00
1.9700E+03	0.0000E+00	0.0000E+00	2.3198E+00
1.9710E+03	0.0000E+00	0.0000E+00	2.3063E+00
1.9720E+03	0.0000E+00	0.0000E+00	2.3064E+00
1.9730E+03	0.0000E+00	0.0000E+00	2.2947E+00
1.9740E+03	0.0000E+00	0.0000E+00	2.2944E+00
1.9750E+03	0.0000E+00	0.0000E+00	2.2873E+00
1.9760E+03	0.0000E+00	0.0000E+00	2.2834E+00
1.9770E+03	0.0000E+00	0.0000E+00	2.2727E+00
1.9780E+03	0.0000E+00	0.0000E+00	2.2781E+00
1.9790E+03	0.0000E+00	0.0000E+00	2.2671E+00
1.9800E+03	0.0000E+00	0.0000E+00	2.2559E+00
1.9810E+03	0.0000E+00	0.0000E+00	2.2498E+00
1.9820E+03	0.0000E+00	0.0000E+00	2.2417E+00
1.9830E+03	0.0000E+00	0.0000E+00	2.2391E+00
1.9840E+03	0.0000E+00	0.0000E+00	2.2324E+00
1.9850E+03	0.0000E+00	0.0000E+00	2.2306E+00
1.9860E+03	0.0000E+00	0.0000E+00	2.2386E+00
1.9870E+03	0.0000E+00	0.0000E+00	2.2445E+00
1.9880E+03	0.0000E+00	0.0000E+00	2.2572E+00
1.9890E+03	0.0000E+00	0.0000E+00	2.2857E+00
1.9900E+03	0.0000E+00	0.0000E+00	2.2960E+00
1.9910E+03	0.0000E+00	0.0000E+00	2.3103E+00
1.9920E+03	0.0000E+00	0.0000E+00	2.3144E+00
1.9930E+03	0.0000E+00	0.0000E+00	2.3144E+00
1.9940E+03	0.0000E+00	0.0000E+00	2.3139E+00
1.9950E+03	0.0000E+00	0.0000E+00	2.3160E+00
1.9960E+03	0.0000E+00	0.0000E+00	2.3001E+00
1.9970E+03	0.0000E+00	0.0000E+00	2.3031E+00
1.9980E+03	0.0000E+00	0.0000E+00	2.2932E+00
1.9990E+03	0.0000E+00	0.0000E+00	2.2800E+00
2.0000E+03	0.0000E+00	0.0000E+00	2.2885E+00
2.0010E+03	0.0000E+00	0.0000E+00	2.2818E+00
2.0020E+03	0.0000E+00	0.0000E+00	2.2641E+00
2.0030E+03	0.0000E+00	0.0000E+00	2.2619E+00
2.0040E+03	0.0000E+00	0.0000E+00	2.2517E+00
2.0050E+03	0.0000E+00	0.0000E+00	2.2443E+00
2.0060E+03	0.0000E+00	0.0000E+00	2.2388E+00
2.0070E+03	0.0000E+00	0.0000E+00	2.2270E+00
2.0080E+03	0.0000E+00	0.0000E+00	2.2265E+00
2.0090E+03	0.0000E+00	0.0000E+00	2.2289E+00
2.0100E+03	0.0000E+00	0.0000E+00	2.2364E+00
2.0110E+03	0.0000E+00	0.0000E+00	2.2542E+00
2.0120E+03	0.0000E+00	0.0000E+00	2.2723E+00
2.0130E+03	0.0000E+00	0.0000E+00	2.2916E+00
2.0140E+03	0.0000E+00	0.0000E+00	2.2963E+00
2.0150E+03	0.0000E+00	0.0000E+00	2.3083E+00
2.0160E+03	0.0000E+00	0.0000E+00	2.3090E+00
2.0170E+03	0.0000E+00	0.0000E+00	2.3067E+00
2.0180E+03	0.0000E+00	0.0000E+00	2.3084E+00
2.0190E+03	0.0000E+00	0.0000E+00	2.3094E+00
2.0200E+03	0.0000E+00	0.0000E+00	2.2989E+00
2.0210E+03	0.0000E+00	0.0000E+00	2.2897E+00
2.0220E+03	0.0000E+00	0.0000E+00	2.2882E+00
2.0230E+03	0.0000E+00	0.0000E+00	2.2793E+00
2.0240E+03	0.0000E+00	0.0000E+00	2.2675E+00
2.0250E+03	0.0000E+00	0.0000E+00	2.2659E+00
2.0260E+03	0.0000E+00	0.0000E+00	2.2573E+00
2.0270E+03	0.0000E+00	0.0000E+00	2.2570E+00
2.0280E+03	0.0000E+00	0.0000E+00	2.2380E+00
2.0290E+03	0.0000E+00	0.0000E+00	2.2385E+00
2.0300E+03	0.0000E+00	0.0000E+00	2.2290E+00
2.0310E+03	0.0000E+00	0.0000E+00	2.2261E+00
2.0320E+03	0.0000E+00	0.0000E+00	2.2186E+00
2.0330E+03	0.0000E+00	0.0000E+00	2.2288E+00
2.0340E+03	0.0000E+00	0.0000E+00	2.2271E+00
2.0350E+03	0.0000E+00	0.0000E+00	2.2363E+00
2.0360E+03	0.0000E+00	0.0000E+00	2.2544E+00
2.0370E+03	0.0000E+00	0.0000E+00	2.2616E+00
2.0380E+03	0.0000E+00	0.0000E+00	2.2856E+00
2.0390E+03	0.0000E+00	0.0000E+00	2.2849E+00
2.0400E+03	0.0000E+00	0.0000E+00	2.2957E+00
2.0410E+03	0.0000E+00	0.0000E+00	2.2975E+00
2.0420E+03	0.0000E+00	0.0000E+00	2.3095E+00
2.0430E+03	0.0000E+00	0.0000E+00	2.2892E+00
2.0440E+03	0.0000E+00	0.0000E+00	2.2871E+00
2.0450E+03	0.0000E+00	0.0000E+00	2.2925E+00
2.0460E+03	0.0000E+00	0.0000E+00	2.2794E+00
2.0470E+03	0.0000E+00	0.0000E+00	2.2684E+00
2.0480E+03	0.0000E+00	0.0000E+00	2.2590E+00
2.0490E+03	0.0000E+00	0.0000E+00	2.2589E+00
2.0500E+03	0.0000E+00	0.0000E+00	2.2455E+00
2.0510E+03	0.0000E+00	0.0000E+00	2.2451E+00
2.0520E+03	0.0000E+00	0.0000E+00	2.2361E+00
2.0530E+03	0.0000E+00	0.0000E+00	2.2264E+00
2.0540E+03	0.0000E+00	0.0000E+00	2.2184E+00
2.0550E+03	0.0000E+00	0.0000E+00	2.2102E+00
2.0560E+03	0.0000E+00	0.0000E+00	2.2143E+00
2.0570E+03	0.0000E+00	0.0000E+00	2.2135E+00
2.0580E+03	0.0000E+00	0.0000E+00	2.2244E+00
2.0590E+03	0.0000E+00	0.0000E+00	2.2369E+00
2.0600E+03	0.0000E+00	0.0000E+00	2.2552E+00
2.0610E+03	0.0000E+00	0.0000E+00	2.2715E+00
2.0620E+03	0.0000E+00	0.0000E+00	2.2803E+00
2.0630E+03	0.0000E+00	0.0000E+00	2.2831E+00
2.0640E+03	0.0000E+00	0.0000E+00	2.2862E+00
2.0650E+03	0.0000E+00	0.0000E+00	2.2848E+00
2.0660E+03	0.0000E+00	0.0000E+00	2.2796E+00
2.0670E+03	0.0000E+00	0.0000E+00	2.2775E+00
2.0680E+03	0.0000E+00	0.0000E+00	2.2778E+00
2.0690E+03	0.0000E+00	0.0000E+00	2.2629E+00
2.0700E+03	0.0000E+00	0.0000E+00	2.2629E+00
2.0710E+03	0.0000E+00	0.0000E+00	2.2568E+00
2.0720E+03	0.0000E+00	0.0000E+00	2.2517E+00
2.0730E+03	0.0000E+00	0.0000E+00	2.2462E+00
2.0740E+03	0.0000E+00	0.0000E+00	2.2399E+00
2.0750E+03	0.0000E+00	0.0000E+00	2.2358E+00
2.0760E+03	0.0000E+00	0.0000E+00	2.2263E+00
2.0770E+03	0.0000E+00	0.0000E+00	2.2214E+00
2.0780E+03	0.0000E+00	0.0000E+00	2.2114E+00
2.0790E+03	0.0000E+00	0.0000E+00	2.2075E+00
2.0800E+03	0.0000E+00	0.0000E+00	2.2039E+00
2.0810E+03	0.0000E+00	0.0000E+00	2.2005E+00
2.0820E+03	0.0000E+00	0.0000E+00	2.2061E+00
2.0830E+03	0.0000E+00	0.0000E+00	2.2203E+00
2.0840E+03	0.0000E+00	0.0000E+00	2.2403E+00
2.0850E+03	0.0000E+00	0.0000E+00	2.2587E+00
2.0860E+03	0.0000E+00	0.0000E+00	2.2761E+00
2.0870E+03	0.0000E+00	0.0000E+00	2.2968E+00
2.0880E+03	0.0000E+00	0.0000E+00	2.2974E+00
2.0890E+03	0.0000E+00	0.0000E+00	2.2939E+00
2.0900E+03	0.0000E+00	0.0000E+00	2.2960E+00
2.0910E+03	0.0000E+00	0.0000E+00	2.3097E+00
2.0920E+03	0.0000E+00	0.0000E+00	2.2837E+00
2.0930E+03	0.0000E+00	0.0000E+00	2.2744E+00
2.0940E+03	0.0000E+00	0.0000E+00	2.2797E+00
2.0950E+03	0.0000E+00	0.0000E+00	2.2727E+00
2.0960E+03	0.0000E+00	0.0000E+00	2.2647E+00
2.0970E+03	0.0000E+00	0.0000E+00	2.2588E+00
2.0980E+03	0.0000E+00	0.0000E+00	2.2454E+00
2.0990E+03	0.0000E+00	0.0000E+00	2.2391E+00
2.1000E+03	0.0000E+00	0.0000E+00	2.2277E+00
2.1010E+03	0.0000E+00	0.0000E+00	2.2147E+00
2.1020E+03	0.0000E+00	0.0000E+00	2.2151E+00
2.1030E+03	0.0000E+00	0.0000E+00	2.2057E+00
2.1040E+03	0.0000E+00	0.0000E+00	2.1952E+00
2.1050E+03	0.0000E+00	0.0000E+00	2.1994E+00
2.1060E+03	0.0000E+00	0.0000E+00	2.2158E+00
2.1070E+03	0.0000E+00	0.0000E+00	2.2279E+00
2.1080E+03	0.0000E+00	0.0000E+00	2.2433E+00
2.1090E+03	0.0000E+00	0.0000E+00	2.2619E+00
2.1100E+03	0.0000E+00	0.0000E+00	2.2787E+00
2.1110E+03	0.0000E+00	0.0000E+00	2.2865E+00
2.1120E+03	0.0000E+00	0.0000E+00	2.3031E+00
2.1130E+03	0.0000E+00	0.0000E+00	2.3049E+00
2.1140E+03	0.0000E+00	0.0000E+00	2.3031E+00
2.1150E+03	0.0000E+00	0.0000E+00	2.3017E+00
2.1160E+03	0.0000E+00	0.0000E+00	2.2930E+00
2.1170E+03	0.0000E+00	0.0000E+00	2.2803E+00
2.1180E+03	0.0000E+00	0.0000E+00	2.2700E+00
2.1190E+03	0.0000E+00	0.0000E+00	2.2668E+00
2.1200E+03	0.0000E+00	0.0000E+00	2.2584E+00
2.1210E+03	0.0000E+00	0.0000E+00	2.2481E+00
2.1220E+03	0.0000E+00	0.0000E+00	2.2419E+00
2.1230E+03	0.0000E+00	0.0000E+00	2.2322E+00
2.1240E+03	0.0000E+00	0.0000E+00	2.2210E+00
2.1250E+03	0.0000E+00	0.0000E+00	2.2117E+00
2.1260E+03	0.0000E+00	0.0000E+00	2.2054E+00
2.1270E+03	0.0000E+00	0.0000E+00	2.1916E+00
2.1280E+03	0.0000E+00	0.0000E+00	2.1948E+00
2.1290E+03	0.0000E+00	0.0000E+00	2.1983E+00
2.1300E+03	0.0000E+00	0.0000E+00	2.2055E+00
2.1310E+03	0.0000E+00	0.0000E+00	2.2257E+00
2.1320E+03	0.0000E+00	0.0000E+00	2.2388E+00
2.1330E+03	0.0000E+00	0.0000E+00	2.2599E+00
2.1340E+03	0.0000E+00	0.0000E+00	2.2835E+00
2.1350E+03	0.0000E+00	0.0000E+00	2.2950E+00
2.1360E+03	0.0000E+00	0.0000E+00	2.2993E+00
2.1370E+03	0.0000E+00	0.0000E+00	2.3083E+00
2.1380E+03	0.0000E+00	0.0000E+00	2.2977E+00
2.1390E+03	0.0000E+00	0.0000E+00	2.2977E+00
2.1400E+03	0.0000E+00	0.0000E+00	2.2953E+00
2.1410E+03	0.0000E+00	0.0000E+00	2.2795E+00
2.1420E+03	0.0000E+00	0.0000E+00	2.2656E+00
2.1430E+03	0.0000E+00	0.0000E+00	2.2537E+00
2.1440E+03	0.0000E+00	0.0000E+00	2.2571E+00
2.1450E+03	0.0000E+00	0.0000E+00	2.2405E+00
2.1460E+03	0.0000E+00	0.0000E+00	2.2374E+00
2.1470E+03	0.0000E+00	0.0000E+00	2.2342E+00
2.1480E+03	0.0000E+00	0.0000E+00	2.2203E+00
2.1490E+03	0.0000E+00	0.0000E+00	2.2170E+00
2.1500E+03	0.0000E+00	0.0000E+00	2.2078E+00
2.1510E+03	0.0000E+00	0.0000E+00	2.2017E+00
2.1520E+03	0.0000E+00	0.0000E+00	2.1905E+00
2.1530E+03	0.0000E+00	0.0000E+00	2.2019E+00
2.1540E+03	0.0000E+00	0.0000E+00	2.2139E+00
2.1550E+03	0.0000E+00	0.0000E+00	2.2393E+00
2.1560E+03	0.0000E+00	0.0000E+00	2.2560E+00
2.1570E+03	0.0000E+00	0.0000E+00	2.2671E+00
2.1580E+03	0.0000E+00	0.0000E+00	2.2812E+00
2.1590E+03	0.0000E+00	0.0000E+00	2.2937E+00
2.1600E+03	0.0000E+00	0.0000E+00	2.2921E+00
2.1610E+03	0.0000E+00	0.0000E+00	2.2838E+00
2.1620E+03	0.0000E+00	0.0000E+00	2.2861E+00
2.1630E+03	0.0000E+00	0.0000E+00	2.2718E+00
2.1640E+03	0.0000E+00	0.0000E+00	2.2741E+00
2.1650E+03	0.0000E+00	0.0000E+00	2.2568E+00
2.1660E+03	0.0000E+00	0.0000E+00	2.2413E+00
2.1670E+03	0.0000E+00	0.0000E+00	2.2332E+00
2.1680E+03	0.0000E+00	0.0000E+00	2.2337E+00
2.1690E+03	0.0000E+00	0.0000E+00	2.2239E+00
2.1700E+03	0.0000E+00	0.0000E+00	2.2110E+00
2.1710E+03	0.0000E+00	0.0000E+00	2.1988E+00
2.1720E+03	0.0000E+00	0.0000E+00	2.1917E+00
2.1730E+03	0.0000E+00	0.0000E+00	2.1775E+00
2.1740E+03	0.0000E+00	0.0000E+00	2.1712E+00
2.1750E+03	0.0000E+00	0.0000E+00	2.1687E+00
2.1760E+03	0.0000E+00	0.0000E+00	2.1493E+00
2.1770E+03	0.0000E+00	0.0000E+00	2.1459E+00
2.1780E+03	0.0000E+00	0.0000E+00	2.1507E+00
2.1790E+03	0.0000E+00	0.0000E+00	2.1622E+00
2.1800E+03	0.0000E+00	0.0000E+00	2.1673E+00
2.1810E+03	0.0000E+00	0.0000E+00	2.1800E+00
2.1820E+03	0.0000E+00	0.0000E+00	2.1895E+00
2.1830E+03	0.0000E+00	0.0000E+00	2.1983E+00
2.1840E+03	0.0000E+00	0.0000E+00	2.2010E+00
2.1850E+03	0.0000E+00	0.0000E+00	2.2047E+00
2.1860E+03	0.0000E+00	0.0000E+00	2.1993E+00
2.1870E+03	0.0000E+00	0.0000E+00	2.1980E+00
2.1880E+03	0.0000E+00	0.0000E+00	2.1816E+00
2.1890E+03	0.0000E+00	0.0000E+00	2.1871E+00
2.1900E+03	0.0000E+00	0.0000E+00	2.1724E+00
2.1910E+03	0.0000E+00	0.0000E+00	2.1674E+00
2.1920E+03	0.0000E+00	0.0000E+00	2.1636E+00
2.1930E+03	0.0000E+00	0.0000E+00	2.1607E+00
2.1940E+03	0.0000E+00	0.0000E+00	2.1523E+00
2.1950E+03	0.0000E+00	0.0000E+00	2.1460E+00
2.1960E+03	0.0000E+00	0.0000E+00	2.1402E+00
2.1970E+03	0.0000E+00	0.0000E+00	2.1335E+00
2.1980E+03	0.0000E+00	0.0000E+00	2.1233E+00
2.1990E+03	0.0000E+00	0.0000E+00	2.1188E+00
2.2000E+03	0.0000E+00	0.0000E+00	2.1143E+00
2.2010E+03	0.0000E+00	0.0000E+00	2.1073E+00
2.2020E+03	0.0000E+00	0.0000E+00	2.1127E+00
2.2030E+03	0.0000E+00	0.0000E+00	2.1214E+00
2.2040E+03	0.0000E+00	0.0000E+00	2.1318E+00
2.2050E+03	0.0000E+00	0.0000E+00	2.1481E+00
2.2060E+03	0.0000E+00	0.0000E+00	2.1597E+00
2.2070E+03	0.0000E+00	0.0000E+00	2.1653E+00
2.2080E+03	0.0000E+00	0.0000E+00	2.1737E+00
2.2090E+03	0.0000E+00	0.0000E+00	2.1841E+00
2.2100E+03	0.0000E+00	0.0000E+00	2.1854E+00
2.2110E+03	0.0000E+00	0.0000E+00	2.1733E+00
2.2120E+03	0.0000E+00	0.0000E+00	2.1745E+00
2.2130E+03	0.0000E+00	0.0000E+00	2.1670E+00
2.2140E+03	0.0000E+00	0.0000E+00	2.1571E+00
2.2150E+03	0.0000E+00	0.0000E+00	2.1496E+00
2.2160E+03	0.0000E+00	0.0000E+00	2.1481E+00
2.2170E+03	0.0000E+00	0.0000E+00	2.1442E+00
2.2180E+03	0.0000E+00	0.0000E+00	2.1353E+00
2.2190E+03	0.0000E+00	0.0000E+00	2.1265E+00
2.2200E+03	0.0000E+00	0.0000E+00	2.1187E+00
2.2210E+03	0.0000E+00	0.0000E+00	2.1142E+00
2.2220E+03	0.0000E+00	0.0000E+00	2.1104E+00
2.2230E+03	0.0000E+00	0.0000E+00	2.1117E+00
2.2240E+03	0.0000E+00	0.0000E+00	2.1093E+00
2.2250E+03	0.0000E+00	0.0000E+00	2.1075E+00
2.2260E+03	0.0000E+00	0.0000E+00	2.1069E+00
2.2270E+03	0.0000E+00	0.0000E+00	2.1156E+00
2.2280E+03	0.0000E+00	0.0000E+00	2.1194E+00
2.2290E+03	0.0000E+00	0.0000E+00	2.1307E+00
2.2300E+03	0.0000E+00	0.0000E+00	2.1439E+00
2.2310E+03	0.0000E+00	0.0000E+00	2.1478E+00
2.2320E+03	0.0000E+00	0.0000E+00	2.1504E+00
2.2330E+03	0.0000E+00	0.0000E+00	2.1520E+00
2.2340E+03	0.0000E+00	0.0000E+00	2.1552E+00
2.2350E+03	0.0000E+00	0.0000E+00	2.1496E+00
2.2360E+03	0.0000E+00	0.0000E+00	2.1504E+00
2.2370E+03	0.0000E+00	0.0000E+00	2.1403E+00
2.2380E+03	0.0000E+00	0.0000E+00	2.1320E+00
2.2390E+03	0.0000E+00	0.0000E+00	2.1270E+00
2.2400E+03	0.0000E+00	0.0000E+00	2.1227E+00
2.2410E+03	0.0000E+00	0.0000E+00	2.1176E+00
2.2420E+03	0.0000E+00	0.0000E+00	2.1137E+00
2.2430E+03	0.0000E+00	0.0000E+00	2.1095E+00
2.2440E+03	0.0000E+00	0.0000E+00	2.1051E+00
2.2450E+03	0.0000E+00	0.0000E+00	2.0974E+00
2.2460E+03	0.0000E+00	0.0000E+00	2.0923E+00
2.2470E+03	0.0000E+00	0.0000E+00	2.0820E+00
2.2480E+03	0.0000E+00	0.0000E+00	2.0735E+00
2.2490E+03	0.0000E+00	0.0000E+00	2.0639E+00
2.2500E+03	0.0000E+00	0.0000E+00	2.0667E+00
2.2510E+03	0.0000E+00	0.0000E+00	2.0714E+00
2.2520E+03	0.0000E+00	0.0000E+00	2.0839E+00
2.2530E+03	0.0000E+00	0.0000E+00	2.1004E+00
2.2540E+03	0.0000E+00	0.0000E+00	2.1098E+00
2.2550E+03	0.0000E+00	0.0000E+00	2.1224E+00
2.2560E+03	0.0000E+00	0.0000E+00	2.1343E+00
2.2570E+03	0.0000E+00	0.0000E+00	2.1344E+00
2.2580E+03	0.0000E+00	0.0000E+00	2.1370E+00
2.2590E+03	0.0000E+00	0.0000E+00	2.1295E+00
2.2600E+03	0.0000E+00	0.0000E+00	2.1246E+00
2.2610E+03	0.0000E+00	0.0000E+00	2.1215E+00
2.2620E+03	0.0000E+00	0.0000E+00	2.1154E+00
2.2630E+03	0.0000E+00	0.0000E+00	2.1115E+00
2.2640E+03	0.0000E+00	0.0000E+00	2.0993E+00
2.2650E+03	0.0000E+00	0.0000E+00	2.1004E+00
2.2660E+03	0.0000E+00	0.0000E+00	2.0924E+00
2.2670E+03	0.0000E+00	0.0000E+00	2.0891E+00
2.2680E+03	0.0000E+00	0.0000E+00	2.0794E+00
2.2690E+03	0.0000E+00	0.0000E+00	2.0770E+00
2.2700E+03	0.0000E+00	0.0000E+00	2.0676E+00
2.2710E+03	0.0000E+00	0.0000E+00	2.0678E+00
2.2720E+03	0.0000E+00	0.0000E+00	2.0566E+00
2.2730E+03	0.0000E+00	0.0000E+00	2.0618E+00
2.2740E+03	0.0000E+00	0.0000E+00	2.0694E+00
2.2750E+03	0.0000E+00	0.0000E+00	2.0780E+00
2.2760E+03	0.0000E+00	0.0000E+00	2.0920E+00
2.2770E+03	0.0000E+00	0.0000E+00	2.0989E+00
2.2780E+03	0.0000E+00	0.0000E+00	2.1045E+00
2.2790E+03	0.0000E+00	0.0000E+00	2.1140E+00
2.2800E+03	0.0000E+00	0.0000E+00	2.1142E+00
2.2810E+03	0.0000E+00	0.0000E+00	2.1115E+00
2.2820E+03	0.0000E+00	0.0000E+00	2.1092E+00
2.2830E+03	0.0000E+00	0.0000E+00	2.1092E+00
2.2840E+03	0.0000E+00	0.0000E+00	2.1047E+00
2.2850E+03	0.0000E+00	0.0000E+00	2.1045E+00
2.2860E+03	0.0000E+00	0.0000E+00	2.0958E+00
2.2870E+03	0.0000E+00	0.0000E+00	2.0909E+00
2.2880E+03	0.0000E+00	0.0000E+00	2.0906E+00
2.2890E+03	0.0000E+00	0.0000E+00	2.0789E+00
2.2900E+03	0.0000E+00	0.0000E+00	2.0746E+00
2.2910E+03	0.0000E+00	0.0000E+00	2.0710E+00
2.2920E+03	0.0000E+00	0.0000E+00	2.0622E+00
2.2930E+03	0.0000E+00	0.0000E+00	2.0556E+00
2.2940E+03	0.0000E+00	0.0000E+00	2.0483E+00
2.2950E+03	0.0000E+00	0.0000E+00	2.0445E+00
2.2960E+03	0.0000E+00	0.0000E+00	2.0411E+00
2.2970E+03	0.0000E+00	0.0000E+00	2.0436E+00
2.2980E+03	0.0000E+00	0.0000E+00	2.0344E+00
2.2990E+03	0.0000E+00	0.0000E+00	2.0381E+00
2.3000E+03	0.0000E+00	0.0000E+00	2.0462E+00
2.3010E+03	0.0000E+00	0.0000E+00	2.0591E+00
2.3020E+03	0.0000E+00	0.0000E+00	2.0773E+00
2.3030E+03	0.0000E+00	0.0000E+00	2.0890E+00
2.3040E+03	0.0000E+00	0.0000E+00	2.1027E+00
2.3050E+03	0.0000E+00	0.0000E+00	2.1023E+00
2.3060E+03	0.0000E+00	0.0000E+00	2.1055E+00
2.3070E+03	0.0000E+00	0.0000E+00	2.1058E+00
2.3080E+03	0.0000E+00	0.0000E+00	2.0986E+00
2.3090E+03	0.0000E+00	0.0000E+00	2.0902E+00
2.3100E+03	0.0000E+00	0.0000E+00	2.0867E+00
2.3110E+03	0.0000E+00	0.0000E+00	2.0797E+00
2.3120E+03	0.0000E+00	0.0000E+00	2.0814E+00
2.3130E+03	0.0000E+00	0.0000E+00	2.0768E+00
2.3140E+03	0.0000E+00	0.0000E+00	2.0724E+00
2.3150E+03	0.0000E+00	0.0000E+00	2.0679E+00
2.3160E+03	0.0000E+00	0.0000E+00	2.0560E+00
2.3170E+03	0.0000E+00	0.0000E+00	2.0520E+00
2.3180E+03	0.0000E+00	0.0000E+00	2.0488E+00
2.3190E+03	0.0000E+00	0.0000E+00	2.0408E+00
2.3200E+03	0.0000E+00	0.0000E+00	2.0375E+00
2.3210E+03	0.0000E+00	0.0000E+00	2.0318E+00
2.3220E+03	0.0000E+00	0.0000E+00	2.0421E+00
2.3230E+03	0.0000E+00	0.0000E+00	2.0405E+00
2.3240E+03	0.0000E+00	0.0000E+00	2.0507E+00
2.3250E+03	0.0000E+00	0.0000E+00	2.0642E+00
2.3260E+03	0.0000E+00	0.0000E+00	2.0764E+00
2.3270E+03	0.0000E+00	0.0000E+00	2.0907E+00
2.3280E+03	0.0000E+00	0.0000E+00	2.1131E+00
2.3290E+03	0.0000E+00	0.0000E+00	2.1371E+00
2.3300E+03	0.0000E+00	0.0000E+00	2.1501E+00
2.3310E+03	0.0000E+00	0.0000E+00	2.1538E+00
2.3320E+03	0.0000E+00	0.0000E+00	2.1431E+00
2.3330E+03	0.0000E+00	0.0000E+00	2.1311E+00
2.3340E+03	0.0000E+00	0.0000E+00	2.1193E+00
2.3350E+03	0.0000E+00	0.0000E+00	2.1128E+00
2.3360E+03	0.0000E+00	0.0000E+00	2.1036E+00
2.3370E+03	0.0000E+00	0.0000E+00	2.0928E+00
2.3380E+03	0.0000E+00	0.0000E+00	2.0788E+00
2.3390E+03	0.0000E+00	0.0000E+00	2.0717E+00
2.3400E+03	0.0000E+00	0.0000E+00	2.0710E+00
2.3410E+03	0.0000E+00	0.0000E+00	2.0600E+00
2.3420E+03	0.0000E+00	0.0000E+00	2.0514E+00
2.3430E+03	0.0000E+00	0.0000E+00	2.0426E+00
2.3440E+03	0.0000E+00	0.0000E+00	2.0352E+00
2.3450E+03	0.0000E+00	0.0000E+00	2.0314E+00
2.3460E+03	0.0000E+00	0.0000E+00	2.0565E+00
2.3470E+03	0.0000E+00	0.0000E+00	2.0634E+00
2.3480E+03	0.0000E+00	0.0000E+00	2.0728E+00
2.3490E+03	0.0000E+00	0.0000E+00	2.0694E+00
2.3500E+03	0.0000E+00	0.0000E+00	2.0794E+00
2.3510E+03	0.0000E+00	0.0000E+00	2.0874E+00
2.3520E+03	0.0000E+00	0.0000E+00	2.0934E+00
2.3530E+03	0.0000E+00	0.0000E+00	2.0939E+00
2.3540E+03	0.0000E+00	0.0000E+00	2.0972E+00
2.3550E+03	0.0000E+00	0.0000E+00	2.1002E+00
2.3560E+03	0.0000E+00	0.0000E+00	2.0971E+00
2.3570E+03	0.0000E+00	0.0000E+00	2.0928E+00
2.3580E+03	0.0000E+00	0.0000E+00	2.0861E+00
2.3590E+03	0.0000E+00	0.0000E+00	2.0921E+00
2.3600E+03	0.0000E+00	0.0000E+00	2.0851E+00
2.3610E+03	0.0000E+00	0.0000E+00	2.0764E+00
2.3620E+03	0.0000E+00	0.0000E+00	2.0729E+00
2.3630E+03	0.0000E+00	0.0000E+00	2.0661E+00
2.3640E+03	0.0000E+00	0.0000E+00	2.0713E+00
2.3650E+03	0.0000E+00	0.0000E+00	2.0632E+00
2.3660E+03	0.0000E+00	0.0000E+00	2.0627E+00
2.3670E+03	0.0000E+00	0.0000E+00	2.0529E+00
2.3680E+03	0.0000E+00	0.0000E+00	2.0595E+00
2.3690E+03	0.0000E+00	0.0000E+00	2.0686E+00
2.3700E+03	0.0000E+00	0.0000E+00	2.0680E+00
2.3710E+03	0.0000E+00	0.0000E+00	2.0677E+00
2.3720E+03	0.0000E+00	0.0000E+00	2.0751E+00
2.3730E+03	0.0000E+00	0.0000E+00	2.0866E+00
2.3740E+03	0.0000E+00	0.0000E+00	2.1005E+00
2.3750E+03	0.0000E+00	0.0000E+00	2.1093E+00
2.3760E+03	0.0000E+00	0.0000E+00	2.1124E+00
2.3770E+03	0.0000E+00	0.0000E+00	2.1118E+00
2.3780E+03	0.0000E+00	0.0000E+00	2.1125E+00
2.3790E+03	0.0000E+00	0.0000E+00	2.1109E+00
2.3800E+03	0.0000E+00	0.0000E+00	2.1014E+00
2.3810E+03	0.0000E+00	0.0000E+00	2.1043E+00
2.3820E+03	0.0000E+00	0.0000E+00	2.0950E+00
2.3830E+03	0.0000E+00	0.0000E+00	2.0869E+00
2.3840E+03	0.0000E+00	0.0000E+00	2.0885E+00
2.3850E+03	0.0000E+00	0.0000E+00	2.0865E+00
2.3860E+03	0.0000E+00	0.0000E+00	2.0759E+00
2.3870E+03	0.0000E+00	0.0000E+00	2.0770E+00
2.3880E+03	0.0000E+00	0.0000E+00	2.0738E+00
2.3890E+03	0.0000E+00	0.0000E+00	2.0643E+00
2.3900E+03	0.0000E+00	0.0000E+00	2.0619E+00
2.3910E+03	0.0000E+00	0.0000E+00	2.0569E+00
2.3920E+03	0.0000E+00	0.0000E+00	2.0550E+00
2.3930E+03	0.0000E+00	0.0000E+00	2.0539E+00
2.3940E+03	0.0000E+00	0.0000E+00	2.0614E+00
2.3950E+03	0.0000E+00	0.0000E+00	2.0631E+00
2.3960E+03	0.0000E+00	0.0000E+00	2.0701E+00
2.3970E+03	0.0000E+00	0.0000E+00	2.0763E+00
2.3980E+03	0.0000E+00	0.0000E+00	2.0869E+00
2.3990E+03	0.0000E+00	0.0000E+00	2.0933E+00
2.4000E+03	0.0000E+00	0.0000E+00	2.0983E+00
2.4010E+03	0.0000E+00	0.0000E+00	2.1024E+00
2.4020E+03	0.0000E+00	0.0000E+00	2.1024E+00
2.4030E+03	0.0000E+00	0.0000E+00	2.1038E+00
2.4040E+03	0.0000E+00	0.0000E+00	2.0990E+00
2.4050E+03	0.0000E+00	0.0000E+00	2.0993E+00
2.4060E+03	0.0000E+00	0.0000E+00	2.0932E+00
2.4070E+03	0.0000E+00	0.0000E+00	2.0885E+00
2.4080E+03	0.0000E+00	0.0000E+00	2.0938E+00
2.4090E+03	0.0000E+00	0.0000E+00	2.0839E+00
2.4100E+03	0.0000E+00	0.0000E+00	2.0829E+00
2.4110E+03	0.0000E+00	0.0000E+00	2.0798E+00
2.4120E+03	0.0000E+00	0.0000E+00	2.0755E+00
2.4130E+03	0.0000E+00	0.0000E+00	2.0664E+00
2.4140E+03	0.0000E+00	0.0000E+00	2.0587E+00
2.4150E+03	0.0000E+00	0.0000E+00	2.0499E+00
2.4160E+03	0.0000E+00	0.0000E+00	2.0429E+00
2.4170E+03	0.0000E+00	0.0000E+00	2.0349E+00
2.4180E+03	0.0000E+00	0.0000E+00	2.0464E+00
2.4190E+03	0.0000E+00	0.0000E+00	2.0403E+00
2.4200E+03	0.0000E+00	0.0000E+00	2.0473E+00
2.4210E+03	0.0000E+00	0.0000E+00	2.0576E+00
2.4220E+03	0.0000E+00	0.0000E+00	2.0710E+00
2.4230E+03	0.0000E+00	0.0000E+00	2.0839E+00
2.4240E+03	0.0000E+00	0.0000E+00	2.0971E+00
2.4250E+03	0.0000E+00	0.0000E+00	2.0986E+00
2.4260E+03	0.0000E+00	0.0000E+00	2.0989E+00
2.4270E+03	0.0000E+00	0.0000E+00	2.0991E+00
2.4280E+03	0.0000E+00	0.0000E+00	2.0887E+00
2.4290E+03	0.0000E+00	0.0000E+00	2.0840E+00
2.4300E+03	0.0000E+00	0.0000E+00	2.0780E+00
2.4310E+03	0.0000E+00	0.0000E+00	2.0730E+00
2.4320E+03	0.0000E+00	0.0000E+00	2.0668E+00
2.4330E+03	0.0000E+00	0.0000E+00	2.0650E+00
2.4340E+03	0.0000E+00	0.0000E+00	2.0581E+00
2.4350E+03	0.0000E+00	0.0000E+00	2.0503E+00
2.4360E+03	0.0000E+00	0.0000E+00	2.0429E+00
2.4370E+03	0.0000E+00	0.0000E+00	2.0428E+00
2.4380E+03	0.0000E+00	0.0000E+00	2.0341E+00
2.4390E+03	0.0000E+00	0.0000E+00	2.0321E+00
2.4400E+03	0.0000E+00	0.0000E+00	2.0226E+00
2.4410E+03	0.0000E+00	0.0000E+00	2.0155E+00
2.4420E+03	0.0000E+00	0.0000E+00	2.0158E+00
2.4430E+03	0.0000E+00	0.0000E+00	2.0251E+00
2.4440E+03	0.0000E+00	0.0000E+00	2.0249E+00
2.4450E+03	0.0000E+00	0.0000E+00	2.0377E+00
2.4460E+03	0.0000E+00	0.0000E+00	2.0505E+00
2.4470E+03	0.0000E+00	0.0000E+00	2.0649E+00
2.4480E+03	0.0000E+00	0.0000E+00	2.0748E+00
2.4490E+03	0.0000E+00	0.0000E+00	2.0858E+00
2.4500E+03	0.0000E+00	0.0000E+00	2.0844E+00
2.4510E+03	0.0000E+00	0.0000E+00	2.0782E+00
2.4520E+03	0.0000E+00	0.0000E+00	2.0689E+00
2.4530E+03	0.0000E+00	0.0000E+00	2.0663E+00
2.4540E+03	0.0000E+00	0.0000E+00	2.0629E+00
2.4550E+03	0.0000E+00	0.0000E+00	2.0597E+00
2.4560E+03	0.0000E+00	0.0000E+00	2.0499E+00
2.4570E+03	0.0000E+00	0.0000E+00	2.0438E+00
2.4580E+03	0.0000E+00	0.0000E+00	2.0449E+00
2.4590E+03	0.0000E+00	0.0000E+00	2.0394E+00
2.4600E+03	0.0000E+00	0.0000E+00	2.0323E+00
2.4610E+03	0.0000E+00	0.0000E+00	2.0253E+00
2.4620E+03	0.0000E+00	0.0000E+00	2.0192E+00
2.4630E+03	0.0000E+00	0.0000E+00	2.0133E+00
2.4640E+03	0.0000E+00	0.0000E+00	2.0039E+00
2.4650E+03	0.0000E+00	0.0000E+00	2.0084E+00
2.4660E+03	0.0000E+00	0.0000E+00	2.0091E+00
2.4670E+03	0.0000E+00	0.0000E+00	2.0187E+00
2.4680E+03	0.0000E+00	0.0000E+00	2.0349E+00
2.4690E+03	0.0000E+00	0.0000E+00	2.0555E+00
2.4700E+03	0.0000E+00	0.0000E+00	2.0898E+00
2.4710E+03	0.0000E+00	0.0000E+00	2.1228E+00
2.4720E+03	0.0000E+00	0.0000E+00	2.1413E+00
2.4730E+03	0.0000E+00	0.0000E+00	2.1591E+00
2.4740E+03	0.0000E+00	0.0000E+00	2.1548E+00
2.4750E+03	0.0000E+00	0.0000E+00	2.1416E+00
2.4760E+03	0.0000E+00	0.0000E+00	2.1345E+00
2.4770E+03	0.0000E+00	0.0000E+00	2.1235E+00
2.4780E+03	0.0000E+00	0.0000E+00	2.1135E+00
2.4790E+03	0.0000E+00	0.0000E+00	2.1040E+00
2.4800E+03	0.0000E+00	0.0000E+00	2.0946E+00
2.4810E+03	0.0000E+00	0.0000E+00	2.0831E+00
2.4820E+03	0.0000E+00	0.0000E+00	2.0786E+00
2.4830E+03	0.0000E+00	0.0000E+00	2.0676E+00
2.4840E+03	0.0000E+00	0.0000E+00	2.0592E+00
2.4850E+03	0.0000E+00	0.0000E+00	2.0519E+00
2.4860E+03	0.0000E+00	0.0000E+00	2.0433E+00
2.4870E+03	0.0000E+00	0.0000E+00	2.0438E+00
2.4880E+03	0.0000E+00	0.0000E+00	2.0321E+00
2.4890E+03	0.0000E+00	0.0000E+00	2.0286E+00
2.4900E+03	0.0000E+00	0.0000E+00	2.0242E+00
2.4910E+03	0.0000E+00	0.0000E+00	2.0251E+00
2.4920E+03	0.0000E+00	0.0000E+00	2.0268E+00
2.4930E+03	0.0000E+00	0.0000E+00	2.0381E+00
2.4940E+03	0.0000E+00	0.0000E+00	2.0484E+00
2.4950E+03	0.0000E+00	0.0000E+00	2.0493E+00
2.4960E+03	0.0000E+00	0.0000E+00	2.0527E+00
2.4970E+03	0.0000E+00	0.0000E+00	2.0532E+00
2.4980E+03	0.0000E+00	0.0000E+00	2.0589E+00
2.4990E+03	0.0000E+00	0.0000E+00	2.0504E+00
2.5000E+03	0.0000E+00	0.0000E+00	2.0466E+00
2.5010E+03	0.0000E+00	0.0000E+00	2.0400E+00
2.5020E+03	0.0000E+00	0.0000E+00	2.0400E+00
2.5030E+03	0.0000E+00	0.0000E+00	2.0345E+00
2.5040E+03	0.0000E+00	0.0000E+00	2.0261E+00
2.5050E+03	0.0000E+00	0.0000E+00	2.0254E+00
2.5060E+03	0.0000E+00	0.0000E+00	2.0228E+00
2.5070E+03	0.0000E+00	0.0000E+00	2.0205E+00
2.5080E+03	0.0000E+00	0.0000E+00	2.0187E+00
2.5090E+03	0.0000E+00	0.0000E+00	2.0183E+00
2.5100E+03	0.0000E+00	0.0000E+00	2.0150E+00
2.5110E+03	0.0000E+00	0.0000E+00	2.0110E+00
2.5120E+03	0.0000E+00	0.0000E+00	2.0075E+00
2.5130E+03	0.0000E+00	0.0000E+00	2.0091E+00
2.5140E+03	0.0000E+00	0.0000E+00	2.0217E+00
2.5150E+03	0.0000E+00	0.0000E+00	2.0422E+00
2.5160E+03	0.0000E+00	0.0000E+00	2.0405E+00
2.5170E+03	0.0000E+00	0.0000E+00	2.0313E+00
2.5180E+03	0.0000E+00	0.0000E+00	2.0349E+00
2.5190E+03	0.0000E+00	0.0000E+00	2.0394E+00
2.5200E+03	0.0000E+00	0.0000E+00	2.0485E+00
2.5210E+03	0.0000E+00	0.0000E+00	2.0500E+00
2.5220E+03	0.0000E+00	0.0000E+00	2.0487E+00
2.5230E+03	0.0000E+00	0.0000E+00	2.0505E+00
2.5240E+03	0.0000E+00	0.0000E+00	2.0422E+00
2.5250E+03	0.0000E+00	0.0000E+00	2.0381E+00
2.5260E+03	0.0000E+00	0.0000E+00	2.0359E+00
2.5270E+03	0.0000E+00	0.0000E+00	2.0324E+00
2.5280E+03	0.0000E+00	0.0000E+00	2.0264E+00
2.5290E+03	0.0000E+00	0.0000E+00	2.0233E+00
2.5300E+03	0.0000E+00	0.0000E+00	2.0212E+00
2.5310E+03	0.0000E+00	0.0000E+00	2.0185E+00
2.5320E+03	0.0000E+00	0.0000E+00	2.0139E+00
2.5330E+03	0.0000E+00	0.0000E+00	2.0093E+00
2.5340E+03	0.0000E+00	0.0000E+00	2.0039E+00
2.5350E+03	0.0000E+00	0.0000E+00	1.9992E+00
2.5360E+03	0.0000E+00	0.0000E+00	1.9946E+00
2.5370E+03	0.0000E+00	0.0000E+00	1.9902E+00
2.5380E+03	0.0000E+00	0.0000E+00	1.9866E+00
2.5390E+03	0.0000E+00	0.0000E+00	1.9851E+00
2.5400E+03	0.0000E+00	0.0000E+00	1.9832E+00
2.5410E+03	0.0000E+00	0.0000E+00	1.9914E+00
2.5420E+03	0.0000E+00	0.0000E+00	2.0005E+00
2.5430E+03	0.0000E+00	0.0000E+00	2.0125E+00
2.5440E+03	0.0000E+00	0.0000E+00	2.0255E+00
2.5450E+03	0.0000E+00	0.0000E+00	2.0280E+00
2.5460E+03	0.0000E+00	0.0000E+00	2.0371E+00
2.5470E+03	0.0000E+00	0.0000E+00	2.0309E+00
2.5480E+03	0.0000E+00	0.0000E+00	2.0306E+00
2.5490E+03	0.0000E+00	0.0000E+00	2.0256E+00
2.5500E+03	0.0000E+00	0.0000E+00	2.0227E+00
2.5510E+03	0.0000E+00	0.0000E+00	2.0210E+00
2.5520E+03	0.0000E+00	0.0000E+00	2.0208E+00
2.5530E+03	0.0000E+00	0.0000E+00	2.0101E+00
2.5540E+03	0.0000E+00	0.0000E+00	2.0081E+00
2.5550E+03	0.0000E+00	0.0000E+00	2.0019E+00
2.5560E+03	0.0000E+00	0.0000E+00	1.9974E+00
2.5570E+03	0.0000E+00	0.0000E+00	1.9942E+00
2.5580E+03	0.0000E+00	0.0000E+00	1.9883E+00
2.5590E+03	0.0000E+00	0.0000E+00	1.9833E+00
2.5600E+03	0.0000E+00	0.0000E+00	1.9818E+00
2.5610E+03	0.0000E+00	0.0000E+00	1.9744E+00
2.5620E+03	0.0000E+00	0.0000E+00	1.9736E+00
2.5630E+03	0.0000E+00	0.0000E+00	1.9731E+00
2.5640E+03	0.0000E+00	0.0000E+00	1.9800E+00
2.5650E+03	0.0000E+00	0.0000E+00	1.9826E+00
2.5660E+03	0.0000E+00	0.0000E+00	1.9891E+00
2.5670E+03	0.0000E+00	0.0000E+00	2.0005E+00
2.5680E+03	0.0000E+00	0.0000E+00	2.0034E+00
2.5690E+03	0.0000E+00	0.0000E+00	2.0058E+00
2.5700E+03	0.0000E+00	0.0000E+00	2.0067E+00
2.5710E+03	0.0000E+00	0.0000E+00	2.0020E+00
2.5720E+03	0.0000E+00	0.0000E+00	2.0017E+00
2.5730E+03	0.0000E+00	0.0000E+00	2.0005E+00
2.5740E+03	0.0000E+00	0.0000E+00	1.9952E+00
2.5750E+03	0.0000E+00	0.0000E+00	1.9879E+00
2.5760E+03	0.0000E+00	0.0000E+00	1.9895E+00
2.5770E+03	0.0000E+00	0.0000E+00	1.9875E+00
2.5780E+03	0.0000E+00	0.0000E+00	1.9825E+00
2.5790E+03	0.0000E+00	0.0000E+00	1.9810E+00
2.5800E+03	0.0000E+00	0.0000E+00	1.9791E+00
2.5810E+03	0.0000E+00	0.0000E+00	1.9754E+00
2.5820E+03	0.0000E+00	0.0000E+00	1.9689E+00
2.5830E+03	0.0000E+00	0.0000E+00	1.9664E+00
2.5840E+03	0.0000E+00	0.0000E+00	1.9686E+00
2.5850E+03	0.0000E+00	0.0000E+00	1.9723E+00
2.5860E+03	0.0000E+00	0.0000E+00	1.9926E+00
2.5870E+03	0.0000E+00	0.0000E+00	2.0086E+00
2.5880E+03	0.0000E+00	0.0000E+00	2.0143E+00
2.5890E+03	0.0000E+00	0.0000E+00	2.0247E+00
2.5900E+03	0.0000E+00	0.0000E+00	2.0529E+00
2.5910E+03	0.0000E+00	0.0000E+00	2.0794E+00
2.5920E+03	0.0000E+00	0.0000E+00	2.0883E+00
2.5930E+03	0.0000E+00	0.0000E+00	2.0882E+00
2.5940E+03	0.0000E+00	0.0000E+00	2.0918E+00
2.5950E+03	0.0000E+00	0.0000E+00	2.0842E+00
2.5960E+03	0.0000E+00	0.0000E+00	2.0794E+00
2.5970E+03	0.0000E+00	0.0000E+00	2.0694E+00
2.5980E+03	0.0000E+00	0.0000E+00	2.0601E+00
2.5990E+03	0.0000E+00	0.0000E+00	2.0532E+00
2.6000E+03	0.0000E+00	0.0000E+00	2.0485E+00
2.6010E+03	0.0000E+00	0.0000E+00	2.0377E+00
2.6020E+03	0.0000E+00	0.0000E+00	2.0332E+00
2.6030E+03	0.0000E+00	0.0000E+00	2.0265E+00
2.6040E+03	0.0000E+00	0.0000E+00	2.0188E+00
2.6050E+03	0.0000E+00	0.0000E+00	2.0116E+00
2.6060E+03	0.0000E+00	0.0000E+00	2.0102E+00
2.6070E+03	0.0000E+00	0.0000E+00	1.9980E+00
2.6080E+03	0.0000E+00	0.0000E+00	1.9887E+00
2.6090E+03	0.0000E+00	0.0000E+00	1.9886E+00
2.6100E+03	0.0000E+00	0.0000E+00	1.9815E+00
2.6110E+03	0.0000E+00	0.0000E+00	1.9824E+00
2.6120E+03	0.0000E+00	0.0000E+00	1.9867E+00
2.6130E+03	0.0000E+00	0.0000E+00	1.9958E+00
2.6140E+03	0.0000E+00	0.0000E+00	2.0082E+00
2.6150E+03	0.0000E+00	0.0000E+00	2.0197E+00
2.6160E+03	0.0000E+00	0.0000E+00	2.0256E+00
2.6170E+03	0.0000E+00	0.0000E+00	2.0259E+00
2.6180E+03	0.0000E+00	0.0000E+00	2.0259E+00
2.6190E+03	0.0000E+00	0.0000E+00	2.0282E+00
2.6200E+03	0.0000E+00	0.0000E+00	2.0132E+00
2.6210E+03	0.0000E+00	0.0000E+00	2.0171E+00
2.6220E+03	0.0000E+00	0.0000E+00	2.0058E+00
2.6230E+03	0.0000E+00	0.0000E+00	2.0024E+00
2.6240E+03	0.0000E+00	0.0000E+00	2.0004E+00
2.6250E+03	0.0000E+00	0.0000E+00	1.9993E+00
2.6260E+03	0.0000E+00	0.0000E+00	1.9913E+00
2.6270E+03	0.0000E+00	0.0000E+00	1.9855E+00
2.6280E+03	0.0000E+00	0.0000E+00	1.9805E+00
2.6290E+03	0.0000E+00	0.0000E+00	1.9703E+00
2.6300E+03	0.0000E+00	0.0000E+00	1.9669E+00
2.6310E+03	0.0000E+00	0.0000E+00	1.9612E+00
2.6320E+03	0.0000E+00	0.0000E+00	1.9572E+00
2.6330E+03	0.0000E+00	0.0000E+00	1.9520E+00
2.6340E+03	0.0000E+00	0.0000E+00	1.9486E+00
2.6350E+03	0.0000E+00	0.0000E+00	1.9475E+00
2.6360E+03	0.0000E+00	0.0000E+00	1.9516E+00
2.6370E+03	0.0000E+00	0.0000E+00	1.9518E+00
2.6380E+03	0.0000E+00	0.0000E+00	1.9567E+00
2.6390E+03	0.0000E+00	0.0000E+00	1.9639E+00
2.6400E+03	0.0000E+00	0.0000E+00	1.9708E+00
2.6410E+03	0.0000E+00	0.0000E+00	1.9807E+00
2.6420E+03	0.0000E+00	0.0000E+00	1.9807E+00
2.6430E+03	0.0000E+00	0.0000E+00	1.9784E+00
2.6440E+03	0.0000E+00	0.0000E+00	1.9765E+00
2.6450E+03	0.0000E+00	0.0000E+00	1.9741E+00
2.6460E+03	0.0000E+00	0.0000E+00	1.9728E+00
2.6470E+03	0.0000E+00	0.0000E+00	1.9653E+00
2.6480E+03	0.0000E+00	0.0000E+00	1.9699E+00
2.6490E+03	0.0000E+00	0.0000E+00	1.9638E+00
2.6500E+03	0.0000E+00	0.0000E+00	1.9607E+00
2.6510E+03	0.0000E+00	0.0000E+00	1.9585E+00
2.6520E+03	0.0000E+00	0.0000E+00	1.9528E+00
2.6530E+03	0.0000E+00	0.0000E+00	1.9518E+00
2.6540E+03	0.0000E+00	0.0000E+00	1.9447E+00
2.6550E+03	0.0000E+00	0.0000E+00	1.9437E+00
2.6560E+03	0.0000E+00	0.0000E+00	1.9364E+00
2.6570E+03	0.0000E+00	0.0000E+00	1.9362E+00
2.6580E+03	0.0000E+00	0.0000E+00	1.9327E+00
2.6590E+03	0.0000E+00	0.0000E+00	1.9308E+00
2.6600E+03	0.0000E+00	0.0000E+00	1.9309E+00
2.6610E+03	0.0000E+00	0.0000E+00	1.9379E+00
2.6620E+03	0.0000E+00	0.0000E+00	1.9429E+00
2.6630E+03	0.0000E+00	0.0000E+00	1.9504E+00
2.6640E+03	0.0000E+00	0.0000E+00	1.9623E+00
2.6650E+03	0.0000E+00	0.0000E+00	1.9692E+00
2.6660E+03	0.0000E+00	0.0000E+00	1.9691E+00
2.6670E+03	0.0000E+00	0.0000E+00	1.9747E+00
2.6680E+03	0.0000E+00	0.0000E+00	1.9737E+00
2.6690E+03	0.0000E+00	0.0000E+00	1.9675E+00
2.6700E+03	0.0000E+00	0.0000E+00	1.9641E+00
2.6710E+03	0.0000E+00	0.0000E+00	1.9633E+00
2.6720E+03	0.0000E+00	0.0000E+00	1.9608E+00
2.6730E+03	0.0000E+00	0.0000E+00	1.9604E+00
2.6740E+03	0.0000E+00	0.0000E+00	1.9446E+00
2.6750E+03	0.0000E+00	0.0000E+00	1.9413E+00
2.6760E+03	0.0000E+00	0.0000E+00	1.9426E+00
2.6770E+03	0.0000E+00	0.0000E+00	1.9332E+00
2.6780E+03	0.0000E+00	0.0000E+00	1.9376E+00
2.6790E+03	0.0000E+00	0.0000E+00	1.9303E+00
2.6800E+03	0.0000E+00	0.0000E+00	1.9279E+00
2.6810E+03	0.0000E+00	0.0000E+00	1.9220E+00
2.6820E+03	0.0000E+00	0.0000E+00	1.9223E+00
2.6830E+03	0.0000E+00	0.0000E+00	1.9224E+00
2.6840E+03	0.0000E+00	0.0000E+00	1.9189E+00
2.6850E+03	0.0000E+00	0.0000E+00	1.9161E+00
2.6860E+03	0.0000E+00	0.0000E+00	1.9242E+00
2.6870E+03	0.0000E+00	0.0000E+00	1.9363E+00
2.6880E+03	0.0000E+00	0.0000E+00	1.9418E+00
2.6890E+03	0.0000E+00	0.0000E+00	1.9478E+00
2.6900E+03	0.0000E+00	0.0000E+00	1.9615E+00
2.6910E+03	0.0000E+00	0.0000E+00	1.9647E+00
2.6920E+03	0.0000E+00	0.0000E+00	1.9619E+00
2.6930E+03	0.0000E+00	0.0000E+00	1.9591E+00
2.6940E+03	0.0000E+00	0.0000E+00	1.9582E+00
2.6950E+03	0.0000E+00	0.0000E+00	1.9579E+00
2.6960E+03	0.0000E+00	0.0000E+00	1.9536E+00
2.6970E+03	0.0000E+00	0.0000E+00	1.9536E+00
2.6980E+03	0.0000E+00	0.0000E+00	1.9571E+00
2.6990E+03	0.0000E+00	0.0000E+00	1.9574E+00
2.7000E+03	0.0000E+00	0.0000E+00	1.9566E+00
2.7010E+03	0.0000E+00	0.0000E+00	1.9502E+00
2.7020E+03	0.0000E+00	0.0000E+00	1.9466E+00
2.7030E+03	0.0000E+00	0.0000E+00	1.9474E+00
2.7040E+03	0.0000E+00	0.0000E+00	1.9378E+00
2.7050E+03	0.0000E+00	0.0000E+00	1.9387E+00
2.7060E+03	0.0000E+00	0.0000E+00	1.9318E+00
2.7070E+03	0.0000E+00	0.0000E+00	1.9314E+00
2.7080E+03	0.0000E+00	0.0000E+00	1.9299E+00
2.7090E+03	0.0000E+00	0.0000E+00	1.9369E+00
2.7100E+03	0.0000E+00	0.0000E+00	1.9432E+00
2.7110E+03	0.0000E+00	0.0000E+00	1.9556E+00
2.7120E+03	0.0000E+00	0.0000E+00	1.9644E+00
2.7130E+03	0.0000E+00	0.0000E+00	1.9684E+00
2.7140E+03	0.0000E+00	0.0000E+00	1.9671E+00
2.7150E+03	0.0000E+00	0.0000E+00	1.9691E+00
2.7160E+03	0.0000E+00	0.0000E+00	1.9709E+00
2.7170E+03	0.0000E+00	0.0000E+00	1.9747E+00
2.7180E+03	0.0000E+00	0.0000E+00	1.9650E+00
2.7190E+03	0.0000E+00	0.0000E+00	1.9665E+00
2.7200E+03	0.0000E+00	0.0000E+00	1.9628E+00
2.7210E+03	0.0000E+00	0.0000E+00	1.9604E+00
2.7220E+03	0.0000E+00	0.0000E+00	1.9558E+00
2.7230E+03	0.0000E+00	0.0000E+00	1.9537E+00
2.7240E+03	0.0000E+00	0.0000E+00	1.9536E+00
2.7250E+03	0.0000E+00	0.0000E+00	1.9498E+00
2.7260E+03	0.0000E+00	0.0000E+00	1.9415E+00
2.7270E+03	0.0000E+00	0.0000E+00	1.9383E+00
2.7280E+03	0.0000E+00	0.0000E+00	1.9378E+00
2.7290E+03	0.0000E+00	0.0000E+00	1.9343E+00
2.7300E+03	0.0000E+00	0.0000E+00	1.9329E+00
2.7310E+03	0.0000E+00	0.0000E+00	1.9289E+00
2.7320E+03	0.0000E+00	0.0000E+00	1.9279E+00
2.7330E+03	0.0000E+00	0.0000E+00	1.9288E+00
2.7340E+03	0.0000E+00	0.0000E+00	1.9334E+00
2.7350E+03	0.0000E+00	0.0000E+00	1.9377E+00
2.7360E+03	0.0000E+00	0.0000E+00	1.9464E+00
2.7370E+03	0.0000E+00	0.0000E+00	1.9519E+00
2.7380E+03	0.0000E+00	0.0000E+00	1.9605E+00
2.7390E+03	0.0000E+00	0.0000E+00	1.9620E+00
2.7400E+03	0.0000E+00	0.0000E+00	1.9604E+00
2.7410E+03	0.0000E+00	0.0000E+00	1.9637E+00
2.7420E+03	0.0000E+00	0.0000E+00	1.9657E+00
2.7430E+03	0.0000E+00	0.0000E+00	1.9626E+00
2.7440E+03	0.0000E+00	0.0000E+00	1.9578E+00
2.7450E+03	0.0000E+00	0.0000E+00	1.9551E+00
2.7460E+03	0.0000E+00	0.0000E+00	1.9528E+00
2.7470E+03	0.0000E+00	0.0000E+00	1.9521E+00
2.7480E+03	0.0000E+00	0.0000E+00	1.9549E+00
2.7490E+03	0.0000E+00	0.0000E+00	1.9603E+00
2.7500E+03	0.0000E+00	0.0000E+00	1.9586E+00
2.7510E+03	0.0000E+00	0.0000E+00	1.9587E+00
2.7520E+03	0.0000E+00	0.0000E+00	1.9574E+00
2.7530E+03	0.0000E+00	0.0000E+00	1.9610E+00
2.7540E+03	0.0000E+00	0.0000E+00	1.9726E+00
2.7550E+03	0.0000E+00	0.0000E+00	1.9752E+00
2.7560E+03	0.0000E+00	0.0000E+00	1.9725E+00
2.7570E+03	0.0000E+00	0.0000E+00	1.9700E+00
2.7580E+03	0.0000E+00	0.0000E+00	1.9687E+00
2.7590E+03	0.0000E+00	0.0000E+00	1.9680E+00
2.7600E+03	0.0000E+00	0.0000E+00	1.9734E+00
2.7610E+03	0.0000E+00	0.0000E+00	1.9737E+00
2.7620E+03	0.0000E+00	0.0000E+00	1.9724E+00
2.7630E+03	0.0000E+00	0.0000E+00	1.9694E+00
2.7640E+03	0.0000E+00	0.0000E+00	1.9644E+00
2.7650E+03	0.0000E+00	0.0000E+00	1.9697E+00
2.7660E+03	0.0000E+00	0.0000E+00	1.9678E+00
2.7670E+03	0.0000E+00	0.0000E+00	1.9686E+00
2.7680E+03	0.0000E+00	0.0000E+00	1.9597E+00
2.7690E+03	0.0000E+00	0.0000E+00	1.9572E+00
2.7700E+03	0.0000E+00	0.0000E+00	1.9538E+00
2.7710E+03	0.0000E+00	0.0000E+00	1.9529E+00
2.7720E+03	0.0000E+00	0.0000E+00	1.9478E+00
2.7730E+03	0.0000E+00	0.0000E+00	1.9444E+00
2.7740E+03	0.0000E+00	0.0000E+00	1.9395E+00
2.7750E+03	0.0000E+00	0.0000E+00	1.9348E+00
2.7760E+03	0.0000E+00	0.0000E+00	1.9290E+00
2.7770E+03	0.0000E+00	0.0000E+00	1.9237E+00
2.7780E+03	0.0000E+00	0.0000E+00	1.9228E+00
2.7790E+03	0.0000E+00	0.0000E+00	1.9160E+00
2.7800E+03	0.0000E+00	0.0000E+00	1.9154E+00
2.7810E+03	0.0000E+00	0.0000E+00	1.9146E+00
2.7820E+03	0.0000E+00	0.0000E+00	1.9169E+00
2.7830E+03	0.0000E+00	0.0000E+00	1.9257E+00
2.7840E+03	0.0000E+00	0.0000E+00	1.9280E+00
2.7850E+03	0.0000E+00	0.0000E+00	1.9347E+00
2.7860E+03	0.0000E+00	0.0000E+00	1.9385E+00
2.7870E+03	0.0000E+00	0.0000E+00	1.9407E+00
2.7880E+03	0.0000E+00	0.0000E+00	1.9380E+00
2.7890E+03	0.0000E+00	0.0000E+00	1.9360E+00
2.7900E+03	0.0000E+00	0.0000E+00	1.9357E+00
2.7910E+03	0.0000E+00	0.0000E+00	1.9296E+00
2.7920E+03	0.0000E+00	0.0000E+00	1.9332E+00
2.7930E+03	0.0000E+00	0.0000E+00	1.9292E+00
2.7940E+03	0.0000E+00	0.0000E+00	1.9275E+00
2.7950E+03	0.0000E+00	0.0000E+00	1.9248E+00
2.7960E+03	0.0000E+00	0.0000E+00	1.9256E+00
2.7970E+03	0.0000E+00	0.0000E+00	1.9189E+00
2.7980E+03	0.0000E+00	0.0000E+00	1.9183E+00
2.7990E+03	0.0000E+00	0.0000E+00	1.9144E+00
2.8000E+03	0.0000E+00	0.0000E+00	1.9132E+00
2.8010E+03	0.0000E+00	0.0000E+00	1.9052E+00
2.8020E+03	0.0000E+00	0.0000E+00	1.9000E+00
2.8030E+03	0.0000E+00	0.0000E+00	1.8990E+00
2.8040E+03	0.0000E+00	0.0000E+00	1.8907E+00
2.8050E+03	0.0000E+00	0.0000E+00	1.8903E+00
2.8060E+03	0.0000E+00	0.0000E+00	1.8927E+00
2.8070E+03	0.0000E+00	0.0000E+00	1.8983E+00
2.8080E+03	0.0000E+00	0.0000E+00	1.9021E+00
2.8090E+03	0.0000E+00	0.0000E+00	1.9080E+00
2.8100E+03	0.0000E+00	0.0000E+00	1.9112E+00
2.8110E+03	0.0000E+00	0.0000E+00	1.9116E+00
2.8120E+03	0.0000E+00	0.0000E+00	1.9113E+00
2.8130E+03	0.0000E+00	0.0000E+00	1.9104E+00
2.8140E+03	0.0000E+00	0.0000E+00	1.9122E+00
2.8150E+03	0.0000E+00	0.0000E+00	1.9096E+00
2.8160E+03	0.0000E+00	0.0000E+00	1.9116E+00
2.8170E+03	0.0000E+00	0.0000E+00	1.9108E+00
2.8180E+03	0.0000E+00	0.0000E+00	1.9079E+00
2.8190E+03	0.0000E+00	0.0000E+00	1.9059E+00
2.8200E+03	0.0000E+00	0.0000E+00	1.9057E+00
2.8210E+03	0.0000E+00	0.0000E+00	1.9037E+00
2.8220E+03	0.0000E+00	0.0000E+00	1.8998E+00
2.8230E+03	0.0000E+00	0.0000E+00	1.8952E+00
2.8240E+03	0.0000E+00	0.0000E+00	1.8914E+00
2.8250E+03	0.0000E+00	0.0000E+00	1.8879E+00
2.8260E+03	0.0000E+00	0.0000E+00	1.8855E+00
2.8270E+03	0.0000E+00	0.0000E+00	1.8816E+00
2.8280E+03	0.0000E+00	0.0000E+00	1.8774E+00
2.8290E+03	0.0000E+00	0.0000E+00	1.8790E+00
2.8300E+03	0.0000E+00	0.0000E+00	1.8786E+00
2.8310E+03	0.0000E+00	0.0000E+00	1.8815E+00
2.8320E+03	0.0000E+00	0.0000E+00	1.8828E+00
2.8330E+03	0.0000E+00	0.0000E+00	1.8833E+00
2.8340E+03	0.0000E+00	0.0000E+00	1.8857E+00
2.8350E+03	0.0000E+00	0.0000E+00	1.8936E+00
2.8360E+03	0.0000E+00	0.0000E+00	1.8966E+00
2.8370E+03	0.0000E+00	0.0000E+00	1.8937E+00
2.8380E+03	0.0000E+00	0.0000E+00	1.8926E+00
2.8390E+03	0.0000E+00	0.0000E+00	1.8932E+00
2.8400E+03	0.0000E+00	0.0000E+00	1.8915E+00
2.8410E+03	0.0000E+00	0.0000E+00	1.8941E+00
2.8420E+03	0.0000E+00	0.0000E+00	1.8958E+00
2.8430E+03	0.0000E+00	0.0000E+00	1.8935E+00
2.8440E+03	0.0000E+00	0.0000E+00	1.8921E+00
2.8450E+03	0.0000E+00	0.0000E+00	1.8892E+00
2.8460E+03	0.0000E+00	0.0000E+00	1.8841E+00
2.8470E+03	0.0000E+00	0.0000E+00	1.8807E+00
2.8480E+03	0.0000E+00	0.0000E+00	1.8775E+00
2.8490E+03	0.0000E+00	0.0000E+00	1.8739E+00
2.8500E+03	0.0000E+00	0.0000E+00	1.8731E+00
2.8510E+03	0.0000E+00	0.0000E+00	1.8711E+00
2.8520E+03	0.0000E+00	0.0000E+00	1.8657E+00
2.8530E+03	0.0000E+00	0.0000E+00	1.8659E+00
2.8540E+03	0.0000E+00	0.0000E+00	1.8676E+00
2.8550E+03	0.0000E+00	0.0000E+00	1.8716E+00
2.8560E+03	0.0000E+00	0.0000E+00	1.8757E+00
2.8570E+03	0.0000E+00	0.0000E+00	1.8811E+00
2.8580E+03	0.0000E+00	0.0000E+00	1.8850E+00
2.8590E+03	0.0000E+00	0.0000E+00	1.8906E+00
2.8600E+03	0.0000E+00	0.0000E+00	1.8929E+00
2.8610E+03	0.0000E+00	0.0000E+00	1.8941E+00
2.8620E+03	0.0000E+00	0.0000E+00	1.8892E+00
2.8630E+03	0.0000E+00	0.0000E+00	1.8886E+00
2.8640E+03	0.0000E+00	0.0000E+00	1.8870E+00
2.8650E+03	0.0000E+00	0.0000E+00	1.8868E+00
2.8660E+03	0.0000E+00	0.0000E+00	1.8846E+00
2.8670E+03	0.0000E+00	0.0000E+00	1.8873E+00
2.8680E+03	0.0000E+00	0.0000E+00	1.8812E+00
2.8690E+03	0.0000E+00	0.0000E+00	1.8786E+00
2.8700E+03	0.0000E+00	0.0000E+00	1.8774E+00
2.8710E+03	0.0000E+00	0.0000E+00	1.8759E+00
2.8720E+03	0.0000E+00	0.0000E+00	1.8703E+00
2.8730E+03	0.0000E+00	0.0000E+00	1.8665E+00
2.8740E+03	0.0000E+00	0.0000E+00	1.8642E+00
2.8750E+03	0.0000E+00	0.0000E+00	1.8609E+00
2.8760E+03	0.0000E+00	0.0000E+00	1.8618E+00
2.8770E+03	0.0000E+00	0.0000E+00	1.8623E+00
2.8780E+03	0.0000E+00	0.0000E+00	1.8610E+00
2.8790E+03	0.0000E+00	0.0000E+00	1.8643E+00
2.8800E+03	0.0000E+00	0.0000E+00	1.8677E+00
2.8810E+03	0.0000E+00	0.0000E+00	1.8737E+00
2.8820E+03	0.0000E+00	0.0000E+00	1.8805E+00
2.8830E+03	0.0000E+00	0.0000E+00	1.8814E+00
2.8840E+03	0.0000E+00	0.0000E+00	1.8815E+00
2.8850E+03	0.0000E+00	0.0000E+00	1.8813E+00
2.8860E+03	0.0000E+00	0.0000E+00	1.8810E+00
2.8870E+03	0.0000E+00	0.0000E+00	1.8787E+00
2.8880E+03	0.0000E+00	0.0000E+00	1.8796E+00
2.8890E+03	0.0000E+00	0.0000E+00	1.8775E+00
2.8900E+03	0.0000E+00	0.0000E+00	1.8773E+00
2.8910E+03	0.0000E+00	0.0000E+00	1.8784E+00
2.8920E+03	0.0000E+00	0.0000E+00	1.8744E+00
2.8930E+03	0.0000E+00	0.0000E+00	1.8757E+00
2.8940E+03	0.0000E+00	0.0000E+00	1.8712E+00
2.8950E+03	0.0000E+00	0.0000E+00	1.8658E+00
2.8960E+03	0.0000E+00	0.0000E+00	1.8639E+00
2.8970E+03	0.0000E+00	0.0000E+00	1.8569E+00
2.8980E+03	0.0000E+00	0.0000E+00	1.8564E+00
2.8990E+03	0.0000E+00	0.0000E+00	1.8554E+00
2.9000E+03	0.0000E+00	0.0000E+00	1.8532E+00
2.9010E+03	0.0000E+00	0.0000E+00	1.8513E+00
2.9020E+03	0.0000E+00	0.0000E+00	1.8519E+00
2.9030E+03	0.0000E+00	0.0000E+00	1.8517E+00
2.9040E+03	0.0000E+00	0.0000E+00	1.8534E+00
2.9050E+03	0.0000E+00	0.0000E+00	1.8586E+00
2.9060E+03	0.0000E+00	0.0000E+00	1.8573E+00
2.9070E+03	0.0000E+00	0.0000E+00	1.8652E+00
2.9080E+03	0.0000E+00	0.0000E+00	1.8702E+00
2.9090E+03	0.0000E+00	0.0000E+00	1.8691E+00
2.9100E+03	0.0000E+00	0.0000E+00	1.8685E+00
2.9110E+03	0.0000E+00	0.0000E+00	1.8694E+00
2.9120E+03	0.0000E+00	0.0000E+00	1.8710E+00
2.9130E+03	0.0000E+00	0.0000E+00	1.8683E+00
2.9140E+03	0.0000E+00	0.0000E+00	1.8657E+00
2.9150E+03	0.0000E+00	0.0000E+00	1.8643E+00
2.9160E+03	0.0000E+00	0.0000E+00	1.8642E+00
2.9170E+03	0.0000E+00	0.0000E+00	1.8640E+00
2.9180E+03	0.0000E+00	0.0000E+00	1.8599E+00
2.9190E+03	0.0000E+00	0.0000E+00	1.8591E+00
2.9200E+03	0.0000E+00	0.0000E+00	1.8537E+00
2.9210E+03	0.0000E+00	0.0000E+00	1.8167E+00
2.9220E+03	0.0000E+00	0.0000E+00	1.8115E+00
2.9230E+03	0.0000E+00	0.0000E+00	1.8065E+00
2.9240E+03	0.0000E+00	0.0000E+00	1.8032E+00
2.9250E+03	0.0000E+00	0.0000E+00	1.8021E+00
2.9260E+03	0.0000E+00	0.0000E+00	1.8007E+00
2.9270E+03	0.0000E+00	0.0000E+00	1.8025E+00
2.9280E+03	0.0000E+00	0.0000E+00	1.8060E+00
2.9290E+03	0.0000E+00	0.0000E+00	1.8111E+00
2.9300E+03	0.0000E+00	0.0000E+00	1.8164E+00
2.9310E+03	0.0000E+00	0.0000E+00	1.8220E+00
2.9320E+03	0.0000E+00	0.0000E+00	1.8242E+00
2.9330E+03	0.0000E+00	0.0000E+00	1.8263E+00
2.9340E+03	0.0000E+00	0.0000E+00	1.8222E+00
2.9350E+03	0.0000E+00	0.0000E+00	1.8237E+00
2.9360E+03	0.0000E+00	0.0000E+00	1.8234E+00
2.9370E+03	0.0000E+00	0.0000E+00	1.8222E+00
2.9380E+03	0.0000E+00	0.0000E+00	1.8197E+00
2.9390E+03	0.0000E+00	0.0000E+00	1.8201E+00
2.9400E+03	0.0000E+00	0.0000E+00	1.8209E+00
2.9410E+03	0.0000E+00	0.0000E+00	1.8148E+00
2.9420E+03	0.0000E+00	0.0000E+00	1.8083E+00
2.9430E+03	0.0000E+00	0.0000E+00	1.8080E+00
2.9440E+03	0.0000E+00	0.0000E+00	1.8055E+00
2.9450E+03	0.0000E+00	0.0000E+00	1.8029E+00
2.9460E+03	0.0000E+00	0.0000E+00	1.7999E+00
2.9470E+03	0.0000E+00	0.0000E+00	1.7997E+00
2.9480E+03	0.0000E+00	0.0000E+00	1.7948E+00
2.9490E+03	0.0000E+00	0.0000E+00	1.7948E+00
2.9500E+03	0.0000E+00	0.0000E+00	1.7954E+00
2.9510E+03	0.0000E+00	0.0000E+00	1.7973E+00
2.9520E+03	0.0000E+00	0.0000E+00	1.7988E+00
2.9530E+03	0.0000E+00	0.0000E+00	1.8057E+00
2.9540E+03	0.0000E+00	0.0000E+00	1.8095E+00
2.9550E+03	0.0000E+00	0.0000E+00	1.8120E+00
2.9560E+03	0.0000E+00	0.0000E+00	1.8119E+00
2.9570E+03	0.0000E+00	0.0000E+00	1.8140E+00
2.9580E+03	0.0000E+00	0.0000E+00	1.8140E+00
2.9590E+03	0.0000E+00	0.0000E+00	1.8156E+00
2.9600E+03	0.0000E+00	0.0000E+00	1.8153E+00
2.9610E+03	0.0000E+00	0.0000E+00	1.8139E+00
2.9620E+03	0.0000E+00	0.0000E+00	1.8137E+00
2.9630E+03	0.0000E+00	0.0000E+00	1.8146E+00
2.9640E+03	0.0000E+00	0.0000E+00	1.8102E+00
2.9650E+03	0.0000E+00	0.0000E+00	1.8090E+00
2.9660E+03	0.0000E+00	0.0000E+00	1.8037E+00
2.9670E+03	0.0000E+00	0.0000E+00	1.7999E+00
2.9680E+03	0.0000E+00	0.0000E+00	1.7994E+00
2.9690E+03	0.0000E+00	0.0000E+00	1.7971E+00
2.9700E+03	0.0000E+00	0.0000E+00	1.7978E+00
2.9710E+03	0.0000E+00	0.0000E+00	1.7941E+00
2.9720E+03	0.0000E+00	0.0000E+00	1.7910E+00
2.9730E+03	0.0000E+00	0.0000E+00	1.7883E+00
2.9740E+03	0.0000E+00	0.0000E+00	1.7843E+00
2.9750E+03	0.0000E+00	0.0000E+00	1.7872E+00
2.9760E+03	0.0000E+00	0.0000E+00	1.7873E+00
2.9770E+03	0.0000E+00	0.0000E+00	1.7921E+00
2.9780E+03	0.0000E+00	0.0000E+00	1.8004E+00
2.9790E+03	0.0000E+00	0.0000E+00	1.8062E+00
2.9800E+03	0.0000E+00	0.0000E+00	1.8096E+00
2.9810E+03	0.0000E+00	0.0000E+00	1.8098E+00
2.9820E+03	0.0000E+00	0.0000E+00	1.8090E+00
2.9830E+03	0.0000E+00	0.0000E+00	1.8104E+00
2.9840E+03	0.0000E+00	0.0000E+00	1.8105E+00
2.9850E+03	0.0000E+00	0.0000E+00	1.8121E+00
2.9860E+03	0.0000E+00	0.0000E+00	1.8086E+00
2.9870E+03	0.0000E+00	0.0000E+00	1.8050E+00
2.9880E+03	0.0000E+00	0.0000E+00	1.8035E+00
2.9890E+03	0.0000E+00	0.0000E+00	1.8021E+00
2.9900E+03	0.0000E+00	0.0000E+00	1.8018E+00
2.9910E+03	0.0000E+00	0.0000E+00	1.8001E+00
2.9920E+03	0.0000E+00	0.0000E+00	1.7986E+00
2.9930E+03	0.0000E+00	0.0000E+00	1.7977E+00
2.9940E+03	0.0000E+00	0.0000E+00	1.7946E+00
2.9950E+03	0.0000E+00	0.0000E+00	1.7938E+00
2.9960E+03	0.0000E+00	0.0000E+00	1.7906E+00
2.9970E+03	0.0000E+00	0.0000E+00	1.7908E+00
2.9980E+03	0.0000E+00	0.0000E+00	1.7872E+00
2.9990E+03	0.0000E+00	0.0000E+00	1.7874E+00
3.0000E+03	0.0000E+00	0.0000E+00	1.7858E+00
3.0010E+03	0.0000E+00	0.0000E+00	1.7876E+00
3.0020E+03	0.0000E+00	0.0000E+00	1.7905E+00
3.0030E+03	0.0000E+00	0.0000E+00	1.7922E+00
3.0040E+03	0.0000E+00	0.0000E+00	1.7941E+00
3.0050E+03	0.0000E+00	0.0000E+00	1.7966E+00
3.0060E+03	0.0000E+00	0.0000E+00	1.8001E+00
3.0070E+03	0.0000E+00	0.0000E+00	1.7996E+00
3.0080E+03	0.0000E+00	0.0000E+00	1.8011E+00
3.0090E+03	0.0000E+00	0.0000E+00	1.7997E+00
3.0100E+03	0.0000E+00	0.0000E+00	1.8005E+00
3.0110E+03	0.0000E+00	0.0000E+00	1.8005E+00
3.0120E+03	0.0000E+00	0.0000E+00	1.7989E+00
3.0130E+03	0.0000E+00	0.0000E+00	1.7985E+00
3.0140E+03	0.0000E+00	0.0000E+00	1.7932E+00
3.0150E+03	0.0000E+00	0.0000E+00	1.7893E+00
3.0160E+03	0.0000E+00	0.0000E+00	1.7870E+00
3.0170E+03	0.0000E+00	0.0000E+00	1.7887E+00
3.0180E+03	0.0000E+00	0.0000E+00	1.7871E+00
3.0190E+03	0.0000E+00	0.0000E+00	1.7863E+00
3.0200E+03	0.0000E+00	0.0000E+00	1.7811E+00
3.0210E+03	0.0000E+00	0.0000E+00	1.7812E+00
3.0220E+03	0.0000E+00	0.0000E+00	1.7784E+00
3.0230E+03	0.0000E+00	0.0000E+00	1.7810E+00
3.0240E+03	0.0000E+00	0.0000E+00	1.7824E+00
3.0250E+03	0.0000E+00	0.0000E+00	1.7860E+00
3.0260E+03	0.0000E+00	0.0000E+00	1.7906E+00
3.0270E+03	0.0000E+00	0.0000E+00	1.7934E+00
3.0280E+03	0.0000E+00	0.0000E+00	1.7964E+00
3.0290E+03	0.0000E+00	0.0000E+00	1.7987E+00
3.0300E+03	0.0000E+00	0.0000E+00	1.7966E+00
3.0310E+03	0.0000E+00	0.0000E+00	1.7959E+00
3.0320E+03	0.0000E+00	0.0000E+00	1.7950E+00
3.0330E+03	0.0000E+00	0.0000E+00	1.7942E+00
3.0340E+03	0.0000E+00	0.0000E+00	1.7934E+00
3.0350E+03	0.0000E+00	0.0000E+00	1.7931E+00
3.0360E+03	0.0000E+00	0.0000E+00	1.7961E+00
3.0370E+03	0.0000E+00	0.0000E+00	1.7927E+00
3.0380E+03	0.0000E+00	0.0000E+00	1.7911E+00
3.0390E+03	0.0000E+00	0.0000E+00	1.7908E+00
3.0400E+03	0.0000E+00	0.0000E+00	1.7822E+00
3.0410E+03	0.0000E+00	0.0000E+00	1.7819E+00
3.0420E+03	0.0000E+00	0.0000E+00	1.7808E+00
3.0430E+03	0.0000E+00	0.0000E+00	1.7802E+00
3.0440E+03	0.0000E+00	0.0000E+00	1.7764E+00
3.0450E+03	0.0000E+00	0.0000E+00	1.7738E+00
3.0460E+03	0.0000E+00	0.0000E+00	1.7724E+00
3.0470E+03	0.0000E+00	0.0000E+00	1.7714E+00
3.0480E+03	0.0000E+00	0.0000E+00	1.7705E+00
3.0490E+03	0.0000E+00	0.0000E+00	1.7723E+00
3.0500E+03	0.0000E+00	0.0000E+00	1.7739E+00
3.0510E+03	0.0000E+00	0.0000E+00	1.7705E+00
3.0520E+03	0.0000E+00	0.0000E+00	1.7748E+00
3.0530E+03	0.0000E+00	0.0000E+00	1.7780E+00
3.0540E+03	0.0000E+00	0.0000E+00	1.7810E+00
3.0550E+03	0.0000E+00	0.0000E+00	1.7820E+00
3.0560E+03	0.0000E+00	0.0000E+00	1.7838E+00
3.0570E+03	0.0000E+00	0.0000E+00	1.7836E+00
3.0580E+03	0.0000E+00	0.0000E+00	1.7833E+00
3.0590E+03	0.0000E+00	0.0000E+00	1.7865E+00
3.0600E+03	0.0000E+00	0.0000E+00	1.7806E+00
3.0610E+03	0.0000E+00	0.0000E+00	1.7837E+00
3.0620E+03	0.0000E+00	0.0000E+00	1.7818E+00
3.0630E+03	0.0000E+00	0.0000E+00	1.7797E+00
3.0640E+03	0.0000E+00	0.0000E+00	1.7799E+00
3.0650E+03	0.0000E+00	0.0000E+00	1.7777E+00
3.0660E+03	0.0000E+00	0.0000E+00	1.7713E+00
3.0670E+03	0.0000E+00	0.0000E+00	1.7671E+00
3.0680E+03	0.0000E+00	0.0000E+00	1.7636E+00
3.0690E+03	0.0000E+00	0.0000E+00	1.7641E+00
3.0700E+03	0.0000E+00	0.0000E+00	1.7628E+00
3.0710E+03	0.0000E+00	0.0000E+00	1.7652E+00
3.0720E+03	0.0000E+00	0.0000E+00	1.7660E+00
3.0730E+03	0.0000E+00	0.0000E+00	1.7675E+00
3.0740E+03	0.0000E+00	0.0000E+00	1.7717E+00
3.0750E+03	0.0000E+00	0.0000E+00	1.7799E+00
3.0760E+03	0.0000E+00	0.0000E+00	1.7835E+00
3.0770E+03	0.0000E+00	0.0000E+00	1.7851E+00
3.0780E+03	0.0000E+00	0.0000E+00	1.7867E+00
3.0790E+03	0.0000E+00	0.0000E+00	1.7830E+00
3.0800E+03	0.0000E+00	0.0000E+00	1.7852E+00
3.0810E+03	0.0000E+00	0.0000E+00	1.7855E+00
3.0820E+03	0.0000E+00	0.0000E+00	1.7858E+00
3.0830E+03	0.0000E+00	0.0000E+00	1.7837E+00
3.0840E+03	0.0000E+00	0.0000E+00	1.7803E+00
3.0850E+03	0.0000E+00	0.0000E+00	1.7805E+00
3.0860E+03	0.0000E+00	0.0000E+00	1.7760E+00
3.0870E+03	0.0000E+00	0.0000E+00	1.7737E+00
3.0880E+03	0.0000E+00	0.0000E+00	1.7736E+00
3.0890E+03	0.0000E+00	0.0000E+00	1.7710E+00
3.0900E+03	0.0000E+00	0.0000E+00	1.7683E+00
3.0910E+03	0.0000E+00	0.0000E+00	1.7664E+00
3.0920E+03	0.0000E+00	0.0000E+00	1.7637E+00
3.0930E+03	0.0000E+00	0.0000E+00	1.7616E+00
3.0940E+03	0.0000E+00	0.0000E+00	1.7618E+00
3.0950E+03	0.0000E+00	0.0000E+00	1.7634E+00
3.0960E+03	0.0000E+00	0.0000E+00	1.7669E+00
3.0970E+03	0.0000E+00	0.0000E+00	1.7688E+00
3.0980E+03	0.0000E+00	0.0000E+00	1.7715E+00
3.0990E+03	0.0000E+00	0.0000E+00	1.7751E+00
3.1000E+03	0.0000E+00	0.0000E+00	1.7775E+00
3.1010E+03	0.0000E+00	0.0000E+00	1.7820E+00
3.1020E+03	0.0000E+00	0.0000E+00	1.7814E+00
3.1030E+03	0.0000E+00	0.0000E+00	1.7818E+00
3.1040E+03	0.0000E+00	0.0000E+00	1.7841E+00
3.1050E+03	0.0000E+00	0.0000E+00	1.7847E+00
3.1060E+03	0.0000E+00	0.0000E+00	1.7848E+00
3.1070E+03	0.0000E+00	0.0000E+00	1.7824E+00
3.1080E+03	0.0000E+00	0.0000E+00	1.7824E+00
3.1090E+03	0.0000E+00	0.0000E+00	1.7777E+00
3.1100E+03	0.0000E+00	0.0000E+00	1.7736E+00
3.1110E+03	0.0000E+00	0.0000E+00	1.7707E+00
3.1120E+03	0.0000E+00	0.0000E+00	1.7684E+00
3.1130E+03	0.0000E+00	0.0000E+00	1.7588E+00
3.1140E+03	0.0000E+00	0.0000E+00	1.7581E+00
3.1150E+03	0.0000E+00	0.0000E+00	1.7533E+00
3.1160E+03	0.0000E+00	0.0000E+00	1.7526E+00
3.1170E+03	0.0000E+00	0.0000E+00	1.7497E+00
3.1180E+03	0.0000E+00	0.0000E+00	1.7502E+00
3.1190E+03	0.0000E+00	0.0000E+00	1.7470E+00
3.1200E+03	0.0000E+00	0.0000E+00	1.7477E+00
3.1210E+03	0.0000E+00	0.0000E+00	1.7500E+00
3.1220E+03	0.0000E+00	0.0000E+00	1.7558E+00
3.1230E+03	0.0000E+00	0.0000E+00	1.7604E+00
3.1240E+03	0.0000E+00	0.0000E+00	1.7639E+00
3.1250E+03	0.0000E+00	0.0000E+00	1.7674E+00
3.1260E+03	0.0000E+00	0.0000E+00	1.7683E+00
3.1270E+03	0.0000E+00	0.0000E+00	1.7663E+00
3.1280E+03	0.0000E+00	0.0000E+00	1.7698E+00
3.1290E+03	0.0000E+00	0.0000E+00	1.7714E+00
3.1300E+03	0.0000E+00	0.0000E+00	1.7694E+00
3.1310E+03	0.0000E+00	0.0000E+00	1.7691E+00
3.1320E+03	0.0000E+00	0.0000E+00	1.7673E+00
3.1330E+03	0.0000E+00	0.0000E+00	1.7657E+00
3.1340E+03	0.0000E+00	0.0000E+00	1.7627E+00
3.1350E+03	0.0000E+00	0.0000E+00	1.7589E+00
3.1360E+03	0.0000E+00	0.0000E+00	1.7577E+00
3.1370E+03	0.0000E+00	0.0000E+00	1.7573E+00
3.1380E+03	0.0000E+00	0.0000E+00	1.7543E+00
3.1390E+03	0.0000E+00	0.0000E+00	1.7521E+00
3.1400E+03	0.0000E+00	0.0000E+00	1.7490E+00
3.1410E+03	0.0000E+00	0.0000E+00	1.7452E+00
3.1420E+03	0.0000E+00	0.0000E+00	1.7447E+00
3.1430E+03	0.0000E+00	0.0000E+00	1.7446E+00
3.1440E+03	0.0000E+00	0.0000E+00	1.7489E+00
3.1450E+03	0.0000E+00	0.0000E+00	1.7507E+00
3.1460E+03	0.0000E+00	0.0000E+00	1.7556E+00
3.1470E+03	0.0000E+00	0.0000E+00	1.7563E+00
3.1480E+03	0.0000E+00	0.0000E+00	1.7622E+00
3.1490E+03	0.0000E+00	0.0000E+00	1.7640E+00
3.1500E+03	0.0000E+00	0.0000E+00	1.7667E+00
3.1510E+03	0.0000E+00	0.0000E+00	1.7686E+00
3.1520E+03	0.0000E+00	0.0000E+00	1.7710E+00
3.1530E+03	0.0000E+00	0.0000E+00	1.7706E+00
3.1540E+03	0.0000E+00	0.0000E+00	1.7742E+00
3.1550E+03	0.0000E+00	0.0000E+00	1.7741E+00
3.1560E+03	0.0000E+00	0.0000E+00	1.7694E+00
3.1570E+03	0.0000E+00	0.0000E+00	1.7709E+00
3.1580E+03	0.0000E+00	0.0000E+00	1.7694E+00
3.1590E+03	0.0000E+00	0.0000E+00	1.7688E+00
3.1600E+03	0.0000E+00	0.0000E+00	1.7615E+00
3.1610E+03	0.0000E+00	0.0000E+00	1.7620E+00
3.1620E+03	0.0000E+00	0.0000E+00	1.7594E+00
3.1630E+03	0.0000E+00	0.0000E+00	1.7573E+00
3.1640E+03	0.0000E+00	0.0000E+00	1.7535E+00
3.1650E+03	0.0000E+00	0.0000E+00	1.7521E+00
3.1660E+03	0.0000E+00	0.0000E+00	1.7495E+00
3.1670E+03	0.0000E+00	0.0000E+00	1.7516E+00
3.1680E+03	0.0000E+00	0.0000E+00	1.7518E+00
3.1690E+03	0.0000E+00	0.0000E+00	1.7513E+00
3.1700E+03	0.0000E+00	0.0000E+00	1.7519E+00
3.1710E+03	0.0000E+00	0.0000E+00	1.7543E+00
3.1720E+03	0.0000E+00	0.0000E+00	1.7594E+00
3.1730E+03	0.0000E+00	0.0000E+00	1.7588E+00
3.1740E+03	0.0000E+00	0.0000E+00	1.7644E+00
3.1750E+03	0.0000E+00	0.0000E+00	1.7650E+00
3.1760E+03	0.0000E+00	0.0000E+00	1.7666E+00
3.1770E+03	0.0000E+00	0.0000E+00	1.7675E+00
3.1780E+03	0.0000E+00	0.0000E+00	1.7702E+00
3.1790E+03	0.0000E+00	0.0000E+00	1.7669E+00
3.1800E+03	0.0000E+00	0.0000E+00	1.7686E+00
3.1810E+03	0.0000E+00	0.0000E+00	1.7679E+00
3.1820E+03	0.0000E+00	0.0000E+00	1.7687E+00
3.1830E+03	0.0000E+00	0.0000E+00	1.7672E+00
3.1840E+03	0.0000E+00	0.0000E+00	1.7615E+00
3.1850E+03	0.0000E+00	0.0000E+00	1.7576E+00
3.1860E+03	0.0000E+00	0.0000E+00	1.7580E+00
3.1870E+03	0.0000E+00	0.0000E+00	1.7558E+00
3.1880E+03	0.0000E+00	0.0000E+00	1.7544E+00
3.1890E+03	0.0000E+00	0.0000E+00	1.7529E+00
3.1900E+03	0.0000E+00	0.0000E+00	1.7528E+00
3.1910E+03	0.0000E+00	0.0000E+00	1.7512E+00
3.1920E+03	0.0000E+00	0.0000E+00	1.7518E+00
3.1930E+03	0.0000E+00	0.0000E+00	1.7505E+00
3.1940E+03	0.0000E+00	0.0000E+00	1.7518E+00
3.1950E+03	0.0000E+00	0.0000E+00	1.7512E+00
3.1960E+03	0.0000E+00	0.0000E+00	1.7522E+00
3.1970E+03	0.0000E+00	0.0000E+00	1.7530E+00
3.1980E+03	0.0000E+00	0.0000E+00	1.7531E+00
3.1990E+03	0.0000E+00	0.0000E+00	1.7529E+00
3.2000E+03	0.0000E+00	0.0000E+00	1.7556E+00
3.2010E+03	0.0000E+00	0.0000E+00	1.7586E+00
3.2020E+03	0.0000E+00	0.0000E+00	1.7608E+00
3.2030E+03	0.0000E+00	0.0000E+00	1.7606E+00
3.2040E+03	0.0000E+00	0.0000E+00	1.7623E+00
3.2050E+03	0.0000E+00	0.0000E+00	1.7584E+00
3.2060E+03	0.0000E+00	0.0000E+00	1.7591E+00
3.2070E+03	0.0000E+00	0.0000E+00	1.7581E+00
3.2080E+03	0.0000E+00	0.0000E+00	1.7593E+00
3.2090E+03	0.0000E+00	0.0000E+00	1.7579E+00
3.2100E+03	0.0000E+00	0.0000E+00	1.7550E+00
3.2110E+03	0.0000E+00	0.0000E+00	1.7500E+00
3.2120E+03	0.0000E+00	0.0000E+00	1.7468E+00
3.2130E+03	0.0000E+00	0.0000E+00	1.7420E+00
3.2140E+03	0.0000E+00	0.0000E+00	1.7419E+00
3.2150E+03	0.0000E+00	0.0000E+00	1.7411E+00
3.2160E+03	0.0000E+00	0.0000E+00	1.7414E+00
3.2170E+03	0.0000E+00	0.0000E+00	1.7436E+00
3.2180E+03	0.0000E+00	0.0000E+00	1.7442E+00
3.2190E+03	0.0000E+00	0.0000E+00	1.7471E+00
3.2200E+03	0.0000E+00	0.0000E+00	1.7496E+00
3.2210E+03	0.0000E+00	0.0000E+00	1.7472E+00
3.2220E+03	0.0000E+00	0.0000E+00	1.7497E+00
3.2230E+03	0.0000E+00	0.0000E+00	1.7545E+00
3.2240E+03	0.0000E+00	0.0000E+00	1.7574E+00
3.2250E+03	0.0000E+00	0.0000E+00	1.7590E+00
3.2260E+03	0.0000E+00	0.0000E+00	1.7603E+00
3.2270E+03	0.0000E+00	0.0000E+00	1.7608E+00
3.2280E+03	0.0000E+00	0.0000E+00	1.7607E+00
3.2290E+03	0.0000E+00	0.0000E+00	1.7599E+00
3.2300E+03	0.0000E+00	0.0000E+00	1.7583E+00
3.2310E+03	0.0000E+00	0.0000E+00	1.7578E+00
3.2320E+03	0.0000E+00	0.0000E+00	1.7571E+00
3.2330E+03	0.0000E+00	0.0000E+00	1.7542E+00
3.2340E+03	0.0000E+00	0.0000E+00	1.7502E+00
3.2350E+03	0.0000E+00	0.0000E+00	1.7497E+00
3.2360E+03	0.0000E+00	0.0000E+00	1.7442E+00
3.2370E+03	0.0000E+00	0.0000E+00	1.7408E+00
3.2380E+03	0.0000E+00	0.0000E+00	1.7398E+00
3.2390E+03	0.0000E+00	0.0000E+00	1.7396E+00
3.2400E+03	0.0000E+00	0.0000E+00	1.7390E+00
3.2410E+03	0.0000E+00	0.0000E+00	1.7383E+00
3.2420E+03	0.0000E+00	0.0000E+00	1.7362E+00
3.2430E+03	0.0000E+00	0.0000E+00	1.7424E+00
3.2440E+03	0.0000E+00	0.0000E+00	1.7405E+00
3.2450E+03	0.0000E+00	0.0000E+00	1.7437E+00
3.2460E+03	0.0000E+00	0.0000E+00	1.7456E+00
3.2470E+03	0.0000E+00	0.0000E+00	1.7525E+00
3.2480E+03	0.0000E+00	0.0000E+00	1.7520E+00
3.2490E+03	0.0000E+00	0.0000E+00	1.7554E+00
3.2500E+03	0.0000E+00	0.0000E+00	1.7571E+00
3.2510E+03	0.0000E+00	0.0000E+00	1.7562E+00
3.2520E+03	0.0000E+00	0.0000E+00	1.7584E+00
3.2530E+03	0.0000E+00	0.0000E+00	1.7587E+00
3.2540E+03	0.0000E+00	0.0000E+00	1.7584E+00
3.2550E+03	0.0000E+00	0.0000E+00	1.7543E+00
3.2560E+03	0.0000E+00	0.0000E+00	1.7530E+00
3.2570E+03	0.0000E+00	0.0000E+00	1.7501E+00
3.2580E+03	0.0000E+00	0.0000E+00	1.7482E+00
3.2590E+03	0.0000E+00	0.0000E+00	1.7444E+00
3.2600E+03	0.0000E+00	0.0000E+00	1.7395E+00
3.2610E+03	0.0000E+00	0.0000E+00	1.7400E+00
3.2620E+03	0.0000E+00	0.0000E+00	1.7388E+00
3.2630E+03	0.0000E+00	0.0000E+00	1.7376E+00
3.2640E+03	0.0000E+00	0.0000E+00	1.7368E+00
3.2650E+03	0.0000E+00	0.0000E+00	1.7378E+00
3.2660E+03	0.0000E+00	0.0000E+00	1.7376E+00
3.2670E+03	0.0000E+00	0.0000E+00	1.7401E+00
3.2680E+03	0.0000E+00	0.0000E+00	1.7439E+00
3.2690E+03	0.0000E+00	0.0000E+00	1.7479E+00
3.2700E+03	0.0000E+00	0.0000E+00	1.7490E+00
3.2710E+03	0.0000E+00	0.0000E+00	1.7520E+00
3.2720E+03	0.0000E+00	0.0000E+00	1.7529E+00
3.2730E+03	0.0000E+00	0.0000E+00	1.7563E+00
3.2740E+03	0.0000E+00	0.0000E+00	1.7566E+00
3.2750E+03	0.0000E+00	0.0000E+00	1.7555E+00
3.2760E+03	0.0000E+00	0.0000E+00	1.7559E+00
3.2770E+03	0.0000E+00	0.0000E+00	1.7555E+00
3.2780E+03	0.0000E+00	0.0000E+00	1.7539E+00
3.2790E+03	0.0000E+00	0.0000E+00	1.7508E+00
3.2800E+03	0.0000E+00	0.0000E+00	1.7471E+00
3.2810E+03	0.0000E+00	0.0000E+00	1.7467E+00
3.2820E+03	0.0000E+00	0.0000E+00	1.7437E+00
3.2830E+03	0.0000E+00	0.0000E+00	1.7424E+00
3.2840E+03	0.0000E+00	0.0000E+00	1.7380E+00
3.2850E+03	0.0000E+00	0.0000E+00	1.7336E+00
3.2860E+03	0.0000E+00	0.0000E+00	1.7310E+00
3.2870E+03	0.0000E+00	0.0000E+00	1.7289E+00
3.2880E+03	0.0000E+00	0.0000E+00	1.7304E+00
3.2890E+03	0.0000E+00	0.0000E+00	1.7282E+00
3.2900E+03	0.0000E+00	0.0000E+00	1.7299E+00
3.2910E+03	0.0000E+00	0.0000E+00	1.7308E+00
3.2920E+03	0.0000E+00	0.0000E+00	1.7341E+00
3.2930E+03	0.0000E+00	0.0000E+00	1.7396E+00
3.2940E+03	0.0000E+00	0.0000E+00	1.7432E+00
3.2950E+03	0.0000E+00	0.0000E+00	1.7431E+00
3.2960E+03	0.0000E+00	0.0000E+00	1.7486E+00
3.2970E+03	0.0000E+00	0.0000E+00	1.7496E+00
3.2980E+03	0.0000E+00	0.0000E+00	1.7502E+00
3.2990E+03	0.0000E+00	0.0000E+00	1.7519E+00
3.3000E+03	0.0000E+00	0.0000E+00	1.7509E+00
3.3010E+03	0.0000E+00	0.0000E+00	1.7504E+00
3.3020E+03	0.0000E+00	0.0000E+00	1.7465E+00
3.3030E+03	0.0000E+00	0.0000E+00	1.7464E+00
3.3040E+03	0.0000E+00	0.0000E+00	1.7485E+00
3.3050E+03	0.0000E+00	0.0000E+00	1.7452E+00
3.3060E+03	0.0000E+00	0.0000E+00	1.7404E+00
3.3070E+03	0.0000E+00	0.0000E+00	1.7380E+00
3.3080E+03	0.0000E+00	0.0000E+00	1.7360E+00
3.3090E+03	0.0000E+00	0.0000E+00	1.7353E+00
3.3100E+03	0.0000E+00	0.0000E+00	1.7327E+00
3.3110E+03	0.0000E+00	0.0000E+00	1.7329E+00
3.3120E+03	0.0000E+00	0.0000E+00	1.7357E+00
3.3130E+03	0.0000E+00	0.0000E+00	1.7341E+00
3.3140E+03	0.0000E+00	0.0000E+00	1.7360E+00
3.3150E+03	0.0000E+00	0.0000E+00	1.7346E+00
3.3160E+03	0.0000E+00	0.0000E+00	1.7378E+00
3.3170E+03	0.0000E+00	0.0000E+00	1.7402E+00
3.3180E+03	0.0000E+00	0.0000E+00	1.7455E+00
3.3190E+03	0.0000E+00	0.0000E+00	1.7449E+00
3.3200E+03	0.0000E+00	0.0000E+00	1.7441E+00
3.3210E+03	0.0000E+00	0.0000E+00	1.7443E+00
3.3220E+03	0.0000E+00	0.0000E+00	1.7446E+00
3.3230E+03	0.0000E+00	0.0000E+00	1.7452E+00
3.3240E+03	0.0000E+00	0.0000E+00	1.7467E+00
3.3250E+03	0.0000E+00	0.0000E+00	1.7462E+00
3.3260E+03	0.0000E+00	0.0000E+00	1.7444E+00
3.3270E+03	0.0000E+00	0.0000E+00	1.7460E+00
3.3280E+03	0.0000E+00	0.0000E+00	1.7429E+00
3.3290E+03	0.0000E+00	0.0000E+00	1.7403E+00
3.3300E+03	0.0000E+00	0.0000E+00	1.7393E+00
3.3310E+03	0.0000E+00	0.0000E+00	1.7361E+00
3.3320E+03	0.0000E+00	0.0000E+00	1.7342E+00
3.3330E+03	0.0000E+00	0.0000E+00	1.7313E+00
3.3340E+03	0.0000E+00	0.0000E+00	1.7285E+00
3.3350E+03	0.0000E+00	0.0000E+00	1.7296E+00
3.3360E+03	0.0000E+00	0.0000E+00	1.7319E+00
3.3370E+03	0.0000E+00	0.0000E+00	1.7340E+00
3.3380E+03	0.0000E+00	0.0000E+00	1.7343E+00
3.3390E+03	0.0000E+00	0.0000E+00	1.7355E+00
3.3400E+03	0.0000E+00	0.0000E+00	1.7368E+00
3.3410E+03	0.0000E+00	0.0000E+00	1.7421E+00
3.3420E+03	0.0000E+00	0.0000E+00	1.7435E+00
3.3430E+03	0.0000E+00	0.0000E+00	1.7423E+00
3.3440E+03	0.0000E+00	0.0000E+00	1.7457E+00
3.3450E+03	0.0000E+00	0.0000E+00	1.7462E+00
3.3460E+03	0.0000E+00	0.0000E+00	1.7482E+00
3.3470E+03	0.0000E+00	0.0000E+00	1.7457E+00
3.3480E+03	0.0000E+00	0.0000E+00	1.7460E+00
3.3490E+03	0.0000E+00	0.0000E+00	1.7491E+00
3.3500E+03	0.0000E+00	0.0000E+00	1.7478E+00
3.3510E+03	0.0000E+00	0.0000E+00	1.7468E+00
3.3520E+03	0.0000E+00	0.0000E+00	1.7433E+00
3.3530E+03	0.0000E+00	0.0000E+00	1.7424E+00
3.3540E+03	0.0000E+00	0.0000E+00	1.7406E+00
3.3550E+03	0.0000E+00	0.0000E+00	1.7429E+00
3.3560E+03	0.0000E+00	0.0000E+00	1.7419E+00
3.3570E+03	0.0000E+00	0.0000E+00	1.7413E+00
3.3580E+03	0.0000E+00	0.0000E+00	1.7386E+00
3.3590E+03	0.0000E+00	0.0000E+00	1.7432E+00
3.3600E+03	0.0000E+00	0.0000E+00	1.7412E+00
3.3610E+03	0.0000E+00	0.0000E+00	1.7430E+00
3.3620E+03	0.0000E+00	0.0000E+00	1.7447E+00
3.3630E+03	0.0000E+00	0.0000E+00	1.7453E+00
3.3640E+03	0.0000E+00	0.0000E+00	1.7450E+00
3.3650E+03	0.0000E+00	0.0000E+00	1.7432E+00
3.3660E+03	0.0000E+00	0.0000E+00	1.7440E+00
3.3670E+03	0.0000E+00	0.0000E+00	1.7425E+00
3.3680E+03	0.0000E+00	0.0000E+00	1.7453E+00
3.3690E+03	0.0000E+00	0.0000E+00	1.7467E+00
3.3700E+03	0.0000E+00	0.0000E+00	1.7468E+00
3.3710E+03	0.0000E+00	0.0000E+00	1.7479E+00
3.3720E+03	0.0000E+00	0.0000E+00	1.7463E+00
3.3730E+03	0.0000E+00	0.0000E+00	1.7484E+00
3.3740E+03	0.0000E+00	0.0000E+00	1.7471E+00
3.3750E+03	0.0000E+00	0.0000E+00	1.7499E+00
3.3760E+03	0.0000E+00	0.0000E+00	1.7480E+00
3.3770E+03	0.0000E+00	0.0000E+00	1.7457E+00
3.3780E+03	0.0000E+00	0.0000E+00	1.7411E+00
3.3790E+03	0.0000E+00	0.0000E+00	1.7432E+00
3.3800E+03	0.0000E+00	0.0000E+00	1.7391E+00
3.3810E+03	0.0000E+00	0.0000E+00	1.7329E+00
3.3820E+03	0.0000E+00	0.0000E+00	1.7330E+00
3.3830E+03	0.0000E+00	0.0000E+00	1.7335E+00
3.3840E+03	0.0000E+00	0.0000E+00	1.7354E+00
3.3850E+03	0.0000E+00	0.0000E+00	1.7363E+00
3.3860E+03	0.0000E+00	0.0000E+00	1.7362E+00
3.3870E+03	0.0000E+00	0.0000E+00	1.7377E+00
3.3880E+03	0.0000E+00	0.0000E+00	1.7425E+00
3.3890E+03	0.0000E+00	0.0000E+00	1.7455E+00
3.3900E+03	0.0000E+00	0.0000E+00	1.7447E+00
3.3910E+03	0.0000E+00	0.0000E+00	1.7451E+00
3.3920E+03	0.0000E+00	0.0000E+00	1.7465E+00
3.3930E+03	0.0000E+00	0.0000E+00	1.7478E+00
3.3940E+03	0.0000E+00	0.0000E+00	1.7484E+00
3.3950E+03	0.0000E+00	0.0000E+00	1.7492E+00
3.3960E+03	0.0000E+00	0.0000E+00	1.7497E+00
3.3970E+03	0.0000E+00	0.0000E+00	1.7501E+00
3.3980E+03	0.0000E+00	0.0000E+00	1.7469E+00
3.3990E+03	0.0000E+00	0.0000E+00	1.7465E+00
3.4000E+03	0.0000E+00	0.0000E+00	1.7446E+00
3.4010E+03	0.0000E+00	0.0000E+00	1.7411E+00
3.4020E+03	0.0000E+00	0.0000E+00	1.7367E+00
3.4030E+03	0.0000E+00	0.0000E+00	1.7327E+00
3.4040E+03	0.0000E+00	0.0000E+00	1.7329E+00
3.4050E+03	0.0000E+00	0.0000E+00	1.7302E+00
3.4060E+03	0.0000E+00	0.0000E+00	1.7266E+00
3.4070E+03	0.0000E+00	0.0000E+00	1.7295E+00
3.4080E+03	0.0000E+00	0.0000E+00	1.7293E+00
3.4090E+03	0.0000E+00	0.0000E+00	1.7269E+00
3.4100E+03	0.0000E+00	0.0000E+00	1.7299E+00
3.4110E+03	0.0000E+00	0.0000E+00	1.7288E+00
3.4120E+03	0.0000E+00	0.0000E+00	1.7305E+00
3.4130E+03	0.0000E+00	0.0000E+00	1.7327E+00
3.4140E+03	0.0000E+00	0.0000E+00	1.7346E+00
3.4150E+03	0.0000E+00	0.0000E+00	1.7337E+00
3.4160E+03	0.0000E+00	0.0000E+00	1.7382E+00
3.4170E+03	0.0000E+00	0.0000E+00	1.7403E+00
3.4180E+03	0.0000E+00	0.0000E+00	1.7418E+00
3.4190E+03	0.0000E+00	0.0000E+00	1.7415E+00
3.4200E+03	0.0000E+00	0.0000E+00	1.7406E+00
3.4210E+03	0.0000E+00	0.0000E+00	1.7408E+00
3.4220E+03	0.0000E+00	0.0000E+00	1.7413E+00
3.4230E+03	0.0000E+00	0.0000E+00	1.7480E+00
3.4240E+03	0.0000E+00	0.0000E+00	1.7496E+00
3.4250E+03	0.0000E+00	0.0000E+00	1.7467E+00
3.4260E+03	0.0000E+00	0.0000E+00	1.7429E+00
3.4270E+03	0.0000E+00	0.0000E+00	1.7386E+00
3.4280E+03	0.0000E+00	0.0000E+00	1.7367E+00
3.4290E+03	0.0000E+00	0.0000E+00	1.7343E+00
3.4300E+03	0.0000E+00	0.0000E+00	1.7337E+00
3.4310E+03	0.0000E+00	0.0000E+00	1.7359E+00
3.4320E+03	0.0000E+00	0.0000E+00	1.7350E+00
3.4330E+03	0.0000E+00	0.0000E+00	1.7364E+00
3.4340E+03	0.0000E+00	0.0000E+00	1.7361E+00
3.4350E+03	0.0000E+00	0.0000E+00	1.7367E+00
3.4360E+03	0.0000E+00	0.0000E+00	1.7371E+00
3.4370E+03	0.0000E+00	0.0000E+00	1.7350E+00
3.4380E+03	0.0000E+00	0.0000E+00	1.7363E+00
3.4390E+03	0.0000E+00	0.0000E+00	1.7381E+00
3.4400E+03	0.0000E+00	0.0000E+00	1.7406E+00
3.4410E+03	0.0000E+00	0.0000E+00	1.7412E+00
3.4420E+03	0.0000E+00	0.0000E+00	1.7416E+00
3.4430E+03	0.0000E+00	0.0000E+00	1.7412E+00
3.4440E+03	0.0000E+00	0.0000E+00	1.7424E+00
3.4450E+03	0.0000E+00	0.0000E+00	1.7411E+00
3.4460E+03	0.0000E+00	0.0000E+00	1.7414E+00
3.4470E+03	0.0000E+00	0.0000E+00	1.7409E+00
3.4480E+03	0.0000E+00	0.0000E+00	1.7373E+00
3.4490E+03	0.0000E+00	0.0000E+00	1.7371E+00
3.4500E+03	0.0000E+00	0.0000E+00	1.7312E+00
3.4510E+03	0.0000E+00	0.0000E+00	1.7285E+00
3.4520E+03	0.0000E+00	0.0000E+00	1.7256E+00
3.4530E+03	0.0000E+00	0.0000E+00	1.7225E+00
3.4540E+03	0.0000E+00	0.0000E+00	1.7208E+00
3.4550E+03	0.0000E+00	0.0000E+00	1.7197E+00
3.4560E+03	0.0000E+00	0.0000E+00	1.7196E+00
3.4570E+03	0.0000E+00	0.0000E+00	1.7215E+00
3.4580E+03	0.0000E+00	0.0000E+00	1.7206E+00
3.4590E+03	0.0000E+00	0.0000E+00	1.7217E+00
3.4600E+03	0.0000E+00	0.0000E+00	1.7230E+00
3.4610E+03	0.0000E+00	0.0000E+00	1.7237E+00
3.4620E+03	0.0000E+00	0.0000E+00	1.7250E+00
3.4630E+03	0.0000E+00	0.0000E+00	1.7223E+00
3.4640E+03	0.0000E+00	0.0000E+00	1.7268E+00
3.4650E+03	0.0000E+00	0.0000E+00	1.7300E+00
3.4660E+03	0.0000E+00	0.0000E+00	1.7309E+00
3.4670E+03	0.0000E+00	0.0000E+00	1.7316E+00
3.4680E+03	0.0000E+00	0.0000E+00	1.7318E+00
3.4690E+03	0.0000E+00	0.0000E+00	1.7303E+00
3.4700E+03	0.0000E+00	0.0000E+00	1.7302E+00
3.4710E+03	0.0000E+00	0.0000E+00	1.7301E+00
3.4720E+03	0.0000E+00	0.0000E+00	1.7311E+00
3.4730E+03	0.0000E+00	0.0000E+00	1.7297E+00
3.4740E+03	0.0000E+00	0.0000E+00	1.7285E+00
3.4750E+03	0.0000E+00	0.0000E+00	1.7250E+00
3.4760E+03	0.0000E+00	0.0000E+00	1.7243E+00
3.4770E+03	0.0000E+00	0.0000E+00	1.7244E+00
3.4780E+03	0.0000E+00	0.0000E+00	1.7185E+00
3.4790E+03	0.0000E+00	0.0000E+00	1.7203E+00
3.4800E+03	0.0000E+00	0.0000E+00	1.7178E+00
3.4810E+03	0.0000E+00	0.0000E+00	1.7172E+00
3.4820E+03	0.0000E+00	0.0000E+00	1.7183E+00
3.4830E+03	0.0000E+00	0.0000E+00	1.7217E+00
3.4840E+03	0.0000E+00	0.0000E+00	1.7203E+00
3.4850E+03	0.0000E+00	0.0000E+00	1.7231E+00
3.4860E+03	0.0000E+00	0.0000E+00	1.7202E+00
3.4870E+03	0.0000E+00	0.0000E+00	1.7226E+00
3.4880E+03	0.0000E+00	0.0000E+00	1.7230E+00
3.4890E+03	0.0000E+00	0.0000E+00	1.7279E+00
3.4900E+03	0.0000E+00	0.0000E+00	1.7302E+00
3.4910E+03	0.0000E+00	0.0000E+00	1.7308E+00
3.4920E+03	0.0000E+00	0.0000E+00	1.7290E+00
3.4930E+03	0.0000E+00	0.0000E+00	1.7299E+00
3.4940E+03	0.0000E+00	0.0000E+00	1.7298E+00
3.4950E+03	0.0000E+00	0.0000E+00	1.7276E+00
3.4960E+03	0.0000E+00	0.0000E+00	1.7285E+00
3.4970E+03	0.0000E+00	0.0000E+00	1.7263E+00
3.4980E+03	0.0000E+00	0.0000E+00	1.7258E+00
3.4990E+03	0.0000E+00	0.0000E+00	1.7196E+00
3.5000E+03	0.0000E+00	0.0000E+00	1.7172E+00
3.5010E+03	0.0000E+00	0.0000E+00	1.7187E+00
3.5020E+03	0.0000E+00	0.0000E+00	1.7168E+00
3.5030E+03	0.0000E+00	0.0000E+00	1.7182E+00
3.5040E+03	0.0000E+00	0.0000E+00	1.7179E+00
3.5050E+03	0.0000E+00	0.0000E+00	1.7175E+00
3.5060E+03	0.0000E+00	0.0000E+00	1.7147E+00
3.5070E+03	0.0000E+00	0.0000E+00	1.7144E+00
3.5080E+03	0.0000E+00	0.0000E+00	1.7152E+00
3.5090E+03	0.0000E+00	0.0000E+00	1.7130E+00
3.5100E+03	0.0000E+00	0.0000E+00	1.7153E+00
3.5110E+03	0.0000E+00	0.0000E+00	1.7145E+00
3.5120E+03	0.0000E+00	0.0000E+00	1.7178E+00
3.5130E+03	0.0000E+00	0.0000E+00	1.7193E+00
3.5140E+03	0.0000E+00	0.0000E+00	1.7235E+00
3.5150E+03	0.0000E+00	0.0000E+00	1.7258E+00
3.5160E+03	0.0000E+00	0.0000E+00	1.7261E+00
3.5170E+03	0.0000E+00	0.0000E+00	1.7237E+00
3.5180E+03	0.0000E+00	0.0000E+00	1.7251E+00
3.5190E+03	0.0000E+00	0.0000E+00	1.7258E+00
3.5200E+03	0.0000E+00	0.0000E+00	1.7243E+00
3.5210E+03	0.0000E+00	0.0000E+00	1.7225E+00
3.5220E+03	0.0000E+00	0.0000E+00	1.7228E+00
3.5230E+03	0.0000E+00	0.0000E+00	1.7189E+00
3.5240E+03	0.0000E+00	0.0000E+00	1.7132E+00
3.5250E+03	0.0000E+00	0.0000E+00	1.7113E+00
3.5260E+03	0.0000E+00	0.0000E+00	1.7096E+00
3.5270E+03	0.0000E+00	0.0000E+00	1.7111E+00
3.5280E+03	0.0000E+00	0.0000E+00	1.7088E+00
3.5290E+03	0.0000E+00	0.0000E+00	1.7095E+00
3.5300E+03	0.0000E+00	0.0000E+00	1.7056E+00
3.5310E+03	0.0000E+00	0.0000E+00	1.7061E+00
3.5320E+03	0.0000E+00	0.0000E+00	1.7063E+00
3.5330E+03	0.0000E+00	0.0000E+00	1.7068E+00
3.5340E+03	0.0000E+00	0.0000E+00	1.7044E+00
3.5350E+03	0.0000E+00	0.0000E+00	1.7043E+00
3.5360E+03	0.0000E+00	0.0000E+00	1.7091E+00
3.5370E+03	0.0000E+00	0.0000E+00	1.7139E+00
3.5380E+03	0.0000E+00	0.0000E+00	1.7158E+00
3.5390E+03	0.0000E+00	0.0000E+00	1.7169E+00
3.5400E+03	0.0000E+00	0.0000E+00	1.7179E+00
3.5410E+03	0.0000E+00	0.0000E+00	1.7174E+00
3.5420E+03	0.0000E+00	0.0000E+00	1.7171E+00
3.5430E+03	0.0000E+00	0.0000E+00	1.7171E+00
3.5440E+03	0.0000E+00	0.0000E+00	1.7194E+00
3.5450E+03	0.0000E+00	0.0000E+00	1.7182E+00
3.5460E+03	0.0000E+00	0.0000E+00	1.7122E+00
3.5470E+03	0.0000E+00	0.0000E+00	1.7080E+00
3.5480E+03	0.0000E+00	0.0000E+00	1.7033E+00
3.5490E+03	0.0000E+00	0.0000E+00	1.7031E+00
3.5500E+03	0.0000E+00	0.0000E+00	1.7010E+00
3.5510E+03	0.0000E+00	0.0000E+00	1.7000E+00
3.5520E+03	0.0000E+00	0.0000E+00	1.6985E+00
3.5530E+03	0.0000E+00	0.0000E+00	1.6989E+00
3.5540E+03	0.0000E+00	0.0000E+00	1.6996E+00
3.5550E+03	0.0000E+00	0.0000E+00	1.6961E+00
3.5560E+03	0.0000E+00	0.0000E+00	1.6958E+00
3.5570E+03	0.0000E+00	0.0000E+00	1.6986E+00
3.5580E+03	0.0000E+00	0.0000E+00	1.6993E+00
3.5590E+03	0.0000E+00	0.0000E+00	1.6991E+00
3.5600E+03	0.0000E+00	0.0000E+00	1.7015E+00
3.5610E+03	0.0000E+00	0.0000E+00	1.7075E+00
3.5620E+03	0.0000E+00	0.0000E+00	1.7098E+00
3.5630E+03	0.0000E+00	0.0000E+00	1.7094E+00
3.5640E+03	0.0000E+00	0.0000E+00	1.7106E+00
3.5650E+03	0.0000E+00	0.0000E+00	1.7104E+00
3.5660E+03	0.0000E+00	0.0000E+00	1.7105E+00
3.5670E+03	0.0000E+00	0.0000E+00	1.7112E+00
3.5680E+03	0.0000E+00	0.0000E+00	1.7102E+00
3.5690E+03	0.0000E+00	0.0000E+00	1.7110E+00
3.5700E+03	0.0000E+00	0.0000E+00	1.7123E+00
3.5710E+03	0.0000E+00	0.0000E+00	1.7081E+00
3.5720E+03	0.0000E+00	0.0000E+00	1.7051E+00
3.5730E+03	0.0000E+00	0.0000E+00	1.7009E+00
3.5740E+03	0.0000E+00	0.0000E+00	1.6984E+00
3.5750E+03	0.0000E+00	0.0000E+00	1.6971E+00
3.5760E+03	0.0000E+00	0.0000E+00	1.6971E+00
3.5770E+03	0.0000E+00	0.0000E+00	1.6996E+00
3.5780E+03	0.0000E+00	0.0000E+00	1.6975E+00
3.5790E+03	0.0000E+00	0.0000E+00	1.6971E+00
3.5800E+03	0.0000E+00	0.0000E+00	1.6987E+00
3.5810E+03	0.0000E+00	0.0000E+00	1.6986E+00
3.5820E+03	0.0000E+00	0.0000E+00	1.6987E+00
3.5830E+03	0.0000E+00	0.0000E+00	1.7000E+00
3.5840E+03	0.0000E+00	0.0000E+00	1.7020E+00
3.5850E+03	0.0000E+00	0.0000E+00	1.7061E+00
3.5860E+03	0.0000E+00	0.0000E+00	1.7057E+00
3.5870E+03	0.0000E+00	0.0000E+00	1.7073E+00
3.5880E+03	0.0000E+00	0.0000E+00	1.7078E+00
3.5890E+03	0.0000E+00	0.0000E+00	1.7091E+00
3.5900E+03	0.0000E+00	0.0000E+00	1.7088E+00
3.5910E+03	0.0000E+00	0.0000E+00	1.7095E+00
3.5920E+03	0.0000E+00	0.0000E+00	1.7085E+00
3.5930E+03	0.0000E+00	0.0000E+00	1.7094E+00
3.5940E+03	0.0000E+00	0.0000E+00	1.7051E+00
3.5950E+03	0.0000E+00	0.0000E+00	1.7015E+00
3.5960E+03	0.0000E+00	0.0000E+00	1.6984E+00
3.5970E+03	0.0000E+00	0.0000E+00	1.6975E+00
3.5980E+03	0.0000E+00	0.0000E+00	1.6961E+00
3.5990E+03	0.0000E+00	0.0000E+00	1.6969E+00
3.6000E+03	0.0000E+00	0.0000E+00	1.6986E+00
3.6010E+03	0.0000E+00	0.0000E+00	1.7004E+00
3.6020E+03	0.0000E+00	0.0000E+00	1.6973E+00
3.6030E+03	0.0000E+00	0.0000E+00	1.7009E+00
3.6040E+03	0.0000E+00	0.0000E+00	1.6986E+00
3.6050E+03	0.0000E+00	0.0000E+00	1.7002E+00
3.6060E+03	0.0000E+00	0.0000E+00	1.7004E+00
3.6070E+03	0.0000E+00	0.0000E+00	1.7025E+00
3.6080E+03	0.0000E+00	0.0000E+00	1.7020E+00
3.6090E+03	0.0000E+00	0.0000E+00	1.7034E+00
3.6100E+03	0.0000E+00	0.0000E+00	1.7034E+00
3.6110E+03	0.0000E+00	0.0000E+00	1.7043E+00
3.6120E+03	0.0000E+00	0.0000E+00	1.7053E+00
3.6130E+03	0.0000E+00	0.0000E+00	1.7061E+00
3.6140E+03	0.0000E+00	0.0000E+00	1.7055E+00
3.6150E+03	0.0000E+00	0.0000E+00	1.7045E+00
3.6160E+03	0.0000E+00	0.0000E+00	1.7064E+00
3.6170E+03	0.0000E+00	0.0000E+00	1.7085E+00
3.6180E+03	0.0000E+00	0.0000E+00	1.7077E+00
3.6190E+03	0.0000E+00	0.0000E+00	1.7057E+00
3.6200E+03	0.0000E+00	0.0000E+00	1.7019E+00
3.6210E+03	0.0000E+00	0.0000E+00	1.6983E+00
3.6220E+03	0.0000E+00	0.0000E+00	1.6960E+00
3.6230E+03	0.0000E+00	0.0000E+00	1.6948E+00
3.6240E+03	0.0000E+00	0.0000E+00	1.6949E+00
3.6250E+03	0.0000E+00	0.0000E+00	1.6949E+00
3.6260E+03	0.0000E+00	0.0000E+00	1.6951E+00
3.6270E+03	0.0000E+00	0.0000E+00	1.6945E+00
3.6280E+03	0.0000E+00	0.0000E+00	1.6953E+00
3.6290E+03	0.0000E+00	0.0000E+00	1.6939E+00
3.6300E+03	0.0000E+00	0.0000E+00	1.6955E+00
3.6310E+03	0.0000E+00	0.0000E+00	1.6979E+00
3.6320E+03	0.0000E+00	0.0000E+00	1.6992E+00
3.6330E+03	0.0000E+00	0.0000E+00	1.6988E+00
3.6340E+03	0.0000E+00	0.0000E+00	1.7021E+00
3.6350E+03	0.0000E+00	0.0000E+00	1.7084E+00
3.6360E+03	0.0000E+00	0.0000E+00	1.7103E+00
3.6370E+03	0.0000E+00	0.0000E+00	1.7112E+00
3.6380E+03	0.0000E+00	0.0000E+00	1.7120E+00
3.6390E+03	0.0000E+00	0.0000E+00	1.7140E+00
3.6400E+03	0.0000E+00	0.0000E+00	1.7158E+00
3.6410E+03	0.0000E+00	0.0000E+00	1.7163E+00
3.6420E+03	0.0000E+00	0.0000E+00	1.7135E+00
3.6430E+03	0.0000E+00	0.0000E+00	1.7123E+00
3.6440E+03	0.0000E+00	0.0000E+00	1.7131E+00
3.6450E+03	0.0000E+00	0.0000E+00	1.7187E+00
3.6460E+03	0.0000E+00	0.0000E+00	1.7196E+00
3.6470E+03	0.0000E+00	0.0000E+00	1.7204E+00
3.6480E+03	0.0000E+00	0.0000E+00	1.7173E+00
3.6490E+03	0.0000E+00	0.0000E+00	1.7155E+00
3.6500E+03	0.0000E+00	0.0000E+00	1.7154E+00
3.6510E+03	0.0000E+00	0.0000E+00	1.7163E+00
3.6520E+03	0.0000E+00	0.0000E+00	1.7145E+00
3.6530E+03	0.0000E+00	0.0000E+00	1.7126E+00
3.6540E+03	0.0000E+00	0.0000E+00	1.7132E+00
3.6550E+03	0.0000E+00	0.0000E+00	1.7125E+00
3.6560E+03	0.0000E+00	0.0000E+00	1.7125E+00
3.6570E+03	0.0000E+00	0.0000E+00	1.7141E+00
3.6580E+03	0.0000E+00	0.0000E+00	1.7141E+00
3.6590E+03	0.0000E+00	0.0000E+00	1.7133E+00
3.6600E+03	0.0000E+00	0.0000E+00	1.7131E+00
3.6610E+03	0.0000E+00	0.0000E+00	1.7110E+00
3.6620E+03	0.0000E+00	0.0000E+00	1.7112E+00
3.6630E+03	0.0000E+00	0.0000E+00	1.7117E+00
3.6640E+03	0.0000E+00	0.0000E+00	1.7104E+00
3.6650E+03	0.0000E+00	0.0000E+00	1.7091E+00
3.6660E+03	0.0000E+00	0.0000E+00	1.7054E+00
3.6670E+03	0.0000E+00	0.0000E+00	1.7014E+00
3.6680E+03	0.0000E+00	0.0000E+00	1.6969E+00
3.6690E+03	0.0000E+00	0.0000E+00	1.6940E+00
3.6700E+03	0.0000E+00	0.0000E+00	1.6966E+00
3.6710E+03	0.0000E+00	0.0000E+00	1.6984E+00
3.6720E+03	0.0000E+00	0.0000E+00	1.6976E+00
3.6730E+03	0.0000E+00	0.0000E+00	1.6971E+00
3.6740E+03	0.0000E+00	0.0000E+00	1.6947E+00
3.6750E+03	0.0000E+00	0.0000E+00	1.6939E+00
3.6760E+03	0.0000E+00	0.0000E+00	1.6960E+00
3.6770E+03	0.0000E+00	0.0000E+00	1.6938E+00
3.6780E+03	0.0000E+00	0.0000E+00	1.6966E+00
3.6790E+03	0.0000E+00	0.0000E+00	1.6947E+00
3.6800E+03	0.0000E+00	0.0000E+00	1.6974E+00
3.6810E+03	0.0000E+00	0.0000E+00	1.6998E+00
3.6820E+03	0.0000E+00	0.0000E+00	1.7008E+00
3.6830E+03	0.0000E+00	0.0000E+00	1.7041E+00
3.6840E+03	0.0000E+00	0.0000E+00	1.7052E+00
3.6850E+03	0.0000E+00	0.0000E+00	1.7048E+00
3.6860E+03	0.0000E+00	0.0000E+00	1.7050E+00
3.6870E+03	0.0000E+00	0.0000E+00	1.7030E+00
3.6880E+03	0.0000E+00	0.0000E+00	1.7041E+00
3.6890E+03	0.0000E+00	0.0000E+00	1.7027E+00
3.6900E+03	0.0000E+00	0.0000E+00	1.7038E+00
3.6910E+03	0.0000E+00	0.0000E+00	1.6989E+00
3.6920E+03	0.0000E+00	0.0000E+00	1.6958E+00
3.6930E+03	0.0000E+00	0.0000E+00	1.6947E+00
3.6940E+03	0.0000E+00	0.0000E+00	1.6946E+00
3.6950E+03	0.0000E+00	0.0000E+00	1.6975E+00
3.6960E+03	0.0000E+00	0.0000E+00	1.6948E+00
3.6970E+03	0.0000E+00	0.0000E+00	1.6940E+00
3.6980E+03	0.0000E+00	0.0000E+00	1.6941E+00
3.6990E+03	0.0000E+00	0.0000E+00	1.6935E+00
3.7000E+03	0.0000E+00	0.0000E+00	1.6926E+00
3.7010E+03	0.0000E+00	0.0000E+00	1.6926E+00
3.7020E+03	0.0000E+00	0.0000E+00	1.6912E+00
3.7030E+03	0.0000E+00	0.0000E+00	1.6905E+00
3.7040E+03	0.0000E+00	0.0000E+00	1.6947E+00
3.7050E+03	0.0000E+00	0.0000E+00	1.6970E+00
3.7060E+03	0.0000E+00	0.0000E+00	1.6993E+00
3.7070E+03	0.0000E+00	0.0000E+00	1.7000E+00
3.7080E+03	0.0000E+00	0.0000E+00	1.7004E+00
3.7090E+03	0.0000E+00	0.0000E+00	1.7016E+00
3.7100E+03	0.0000E+00	0.0000E+00	1.6996E+00
3.7110E+03	0.0000E+00	0.0000E+00	1.7002E+00
3.7120E+03	0.0000E+00	0.0000E+00	1.6983E+00
3.7130E+03	0.0000E+00	0.0000E+00	1.6991E+00
3.7140E+03	0.0000E+00	0.0000E+00	1.6978E+00
3.7150E+03	0.0000E+00	0.0000E+00	1.6958E+00
3.7160E+03	0.0000E+00	0.0000E+00	1.6914E+00
3.7170E+03	0.0000E+00	0.0000E+00	1.6863E+00
3.7180E+03	0.0000E+00	0.0000E+00	1.6863E+00
3.7190E+03	0.0000E+00	0.0000E+00	1.6824E+00
3.7200E+03	0.0000E+00	0.0000E+00	1.6834E+00
3.7210E+03	0.0000E+00	0.0000E+00	1.6865E+00
3.7220E+03	0.0000E+00	0.0000E+00	1.6866E+00
3.7230E+03	0.0000E+00	0.0000E+00	1.6849E+00
3.7240E+03	0.0000E+00	0.0000E+00	1.6843E+00
3.7250E+03	0.0000E+00	0.0000E+00	1.6839E+00
3.7260E+03	0.0000E+00	0.0000E+00	1.6820E+00
3.7270E+03	0.0000E+00	0.0000E+00	1.6807E+00
3.7280E+03	0.0000E+00	0.0000E+00	1.6867E+00
3.7290E+03	0.0000E+00	0.0000E+00	1.6874E+00
3.7300E+03	0.0000E+00	0.0000E+00	1.6903E+00
3.7310E+03	0.0000E+00	0.0000E+00	1.6915E+00
3.7320E+03	0.0000E+00	0.0000E+00	1.6920E+00
3.7330E+03	0.0000E+00	0.0000E+00	1.6931E+00
3.7340E+03	0.0000E+00	0.0000E+00	1.6937E+00
3.7350E+03	0.0000E+00	0.0000E+00	1.6927E+00
3.7360E+03	0.0000E+00	0.0000E+00	1.6935E+00
3.7370E+03	0.0000E+00	0.0000E+00	1.6933E+00
3.7380E+03	0.0000E+00	0.0000E+00	1.6914E+00
3.7390E+03	0.0000E+00	0.0000E+00	1.6896E+00
3.7400E+03	0.0000E+00	0.0000E+00	1.6881E+00
3.7410E+03	0.0000E+00	0.0000E+00	1.6827E+00
3.7420E+03	0.0000E+00	0.0000E+00	1.6801E+00
3.7430E+03	0.0000E+00	0.0000E+00	1.6783E+00
3.7440E+03	0.0000E+00	0.0000E+00	1.6766E+00
3.7450E+03	0.0000E+00	0.0000E+00	1.6779E+00
3.7460E+03	0.0000E+00	0.0000E+00	1.6783E+00
3.7470E+03	0.0000E+00	0.0000E+00	1.6761E+00
3.7480E+03	0.0000E+00	0.0000E+00	1.6752E+00
3.7490E+03	0.0000E+00	0.0000E+00	1.6765E+00
3.7500E+03	0.0000E+00	0.0000E+00	1.6734E+00
3.7510E+03	0.0000E+00	0.0000E+00	1.6766E+00
3.7520E+03	0.0000E+00	0.0000E+00	1.6811E+00
3.7530E+03	0.0000E+00	0.0000E+00	1.6832E+00
3.7540E+03	0.0000E+00	0.0000E+00	1.6876E+00
3.7550E+03	0.0000E+00	0.0000E+00	1.6866E+00
3.7560E+03	0.0000E+00	0.0000E+00	1.6884E+00
3.7570E+03	0.0000E+00	0.0000E+00	1.6866E+00
3.7580E+03	0.0000E+00	0.0000E+00	1.6865E+00
3.7590E+03	0.0000E+00	0.0000E+00	1.6875E+00
3.7600E+03	0.0000E+00	0.0000E+00	1.6864E+00
3.7610E+03	0.0000E+00	0.0000E+00	1.6888E+00
3.7620E+03	0.0000E+00	0.0000E+00	1.6848E+00
3.7630E+03	0.0000E+00	0.0000E+00	1.6834E+00
3.7640E+03	0.0000E+00	0.0000E+00	1.6786E+00
3.7650E+03	0.0000E+00	0.0000E+00	1.6751E+00
3.7660E+03	0.0000E+00	0.0000E+00	1.6747E+00
3.7670E+03	0.0000E+00	0.0000E+00	1.6793E+00
3.7680E+03	0.0000E+00	0.0000E+00	1.6800E+00
3.7690E+03	0.0000E+00	0.0000E+00	1.6782E+00
3.7700E+03	0.0000E+00	0.0000E+00	1.6780E+00
3.7710E+03	0.0000E+00	0.0000E+00	1.6771E+00
3.7720E+03	0.0000E+00	0.0000E+00	1.6757E+00
3.7730E+03	0.0000E+00	0.0000E+00	1.6761E+00
3.7740E+03	0.0000E+00	0.0000E+00	1.6750E+00
3.7750E+03	0.0000E+00	0.0000E+00	1.6761E+00
3.7760E+03	0.0000E+00	0.0000E+00	1.6777E+00
3.7770E+03	0.0000E+00	0.0000E+00	1.6808E+00
3.7780E+03	0.0000E+00	0.0000E+00	1.6845E+00
3.7790E+03	0.0000E+00	0.0000E+00	1.6864E+00
3.7800E+03	0.0000E+00	0.0000E+00	1.6884E+00
3.7810E+03	0.0000E+00	0.0000E+00	1.6871E+00
3.7820E+03	0.0000E+00	0.0000E+00	1.6891E+00
3.7830E+03	0.0000E+00	0.0000E+00	1.6887E+00
3.7840E+03	0.0000E+00	0.0000E+00	1.6892E+00
3.7850E+03	0.0000E+00	0.0000E+00	1.6880E+00
3.7860E+03	0.0000E+00	0.0000E+00	1.6841E+00
3.7870E+03	0.0000E+00	0.0000E+00	1.6805E+00
3.7880E+03	0.0000E+00	0.0000E+00	1.6772E+00
3.7890E+03	0.0000E+00	0.0000E+00	1.6769E+00
3.7900E+03	0.0000E+00	0.0000E+00	1.6786E+00
3.7910E+03	0.0000E+00	0.0000E+00	1.6811E+00
3.7920E+03	0.0000E+00	0.0000E+00	1.6778E+00
3.7930E+03	0.0000E+00	0.0000E+00	1.6757E+00
3.7940E+03	0.0000E+00	0.0000E+00	1.6760E+00
3.7950E+03	0.0000E+00	0.0000E+00	1.6759E+00
3.7960E+03	0.0000E+00	0.0000E+00	1.6734E+00
3.7970E+03	0.0000E+00	0.0000E+00	1.6746E+00
3.7980E+03	0.0000E+00	0.0000E+00	1.6751E+00
3.7990E+03	0.0000E+00	0.0000E+00	1.6734E+00
3.8000E+03	0.0000E+00	0.0000E+00	1.6765E+00
3.8010E+03	0.0000E+00	0.0000E+00	1.6792E+00
3.8020E+03	0.0000E+00	0.0000E+00	1.6827E+00
3.8030E+03	0.0000E+00	0.0000E+00	1.6820E+00
3.8040E+03	0.0000E+00	0.0000E+00	1.6841E+00
3.8050E+03	0.0000E+00	0.0000E+00	1.6843E+00
3.8060E+03	0.0000E+00	0.0000E+00	1.6842E+00
3.8070E+03	0.0000E+00	0.0000E+00	1.6879E+00
3.8080E+03	0.0000E+00	0.0000E+00	1.6871E+00
3.8090E+03	0.0000E+00	0.0000E+00	1.6828E+00
3.8100E+03	0.0000E+00	0.0000E+00	1.6833E+00
3.8110E+03	0.0000E+00	0.0000E+00	1.6788E+00
3.8120E+03	0.0000E+00	0.0000E+00	1.6724E+00
3.8130E+03	0.0000E+00	0.0000E+00	1.6699E+00
3.8140E+03	0.0000E+00	0.0000E+00	1.6735E+00
3.8150E+03	0.0000E+00	0.0000E+00	1.6677E+00
3.8160E+03	0.0000E+00	0.0000E+00	1.6721E+00
3.8170E+03	0.0000E+00	0.0000E+00	1.6720E+00
3.8180E+03	0.0000E+00	0.0000E+00	1.6712E+00
3.8190E+03	0.0000E+00	0.0000E+00	1.6701E+00
3.8200E+03	0.0000E+00	0.0000E+00	1.6687E+00
3.8210E+03	0.0000E+00	0.0000E+00	1.6682E+00
3.8220E+03	0.0000E+00	0.0000E+00	1.6690E+00
3.8230E+03	0.0000E+00	0.0000E+00	1.6673E+00
3.8240E+03	0.0000E+00	0.0000E+00	1.6731E+00
3.8250E+03	0.0000E+00	0.0000E+00	1.6768E+00
3.8260E+03	0.0000E+00	0.0000E+00	1.6774E+00
3.8270E+03	0.0000E+00	0.0000E+00	1.6799E+00
3.8280E+03	0.0000E+00	0.0000E+00	1.6811E+00
3.8290E+03	0.0000E+00	0.0000E+00	1.6809E+00
3.8300E+03	0.0000E+00	0.0000E+00	1.6816E+00
3.8310E+03	0.0000E+00	0.0000E+00	1.6829E+00
3.8320E+03	0.0000E+00	0.0000E+00	1.6837E+00
3.8330E+03	0.0000E+00	0.0000E+00	1.6814E+00
3.8340E+03	0.0000E+00	0.0000E+00	1.6793E+00
3.8350E+03	0.0000E+00	0.0000E+00	1.6765E+00
3.8360E+03	0.0000E+00	0.0000E+00	1.6737E+00
3.8370E+03	0.0000E+00	0.0000E+00	1.6714E+00
3.8380E+03	0.0000E+00	0.0000E+00	1.6769E+00
3.8390E+03	0.0000E+00	0.0000E+00	1.6754E+00
3.8400E+03	0.0000E+00	0.0000E+00	1.6742E+00
3.8410E+03	0.0000E+00	0.0000E+00	1.6726E+00
3.8420E+03	0.0000E+00	0.0000E+00	1.6720E+00
3.8430E+03	0.0000E+00	0.0000E+00	1.6701E+00
3.8440E+03	0.0000E+00	0.0000E+00	1.6696E+00
3.8450E+03	0.0000E+00	0.0000E+00	1.6693E+00
3.8460E+03	0.0000E+00	0.0000E+00	1.6701E+00
3.8470E+03	0.0000E+00	0.0000E+00	1.6696E+00
3.8480E+03	0.0000E+00	0.0000E+00	1.6723E+00
3.8490E+03	0.0000E+00	0.0000E+00	1.6760E+00
3.8500E+03	0.0000E+00	0.0000E+00	1.6761E+00
3.8510E+03	0.0000E+00	0.0000E+00	1.6783E+00
3.8520E+03	0.0000E+00	0.0000E+00	1.6810E+00
3.8530E+03	0.0000E+00	0.0000E+00	1.6792E+00
3.8540E+03	0.0000E+00	0.0000E+00	1.6796E+00
3.8550E+03	0.0000E+00	0.0000E+00	1.6796E+00
3.8560E+03	0.0000E+00	0.0000E+00	1.6796E+00
3.8570E+03	0.0000E+00	0.0000E+00	1.6801E+00
3.8580E+03	0.0000E+00	0.0000E+00	1.6781E+00
3.8590E+03	0.0000E+00	0.0000E+00	1.6767E+00
3.8600E+03	0.0000E+00	0.0000E+00	1.6725E+00
3.8610E+03	0.0000E+00	0.0000E+00	1.6671E+00
3.8620E+03	0.0000E+00	0.0000E+00	1.6693E+00
3.8630E+03	0.0000E+00	0.0000E+00	1.6729E+00
3.8640E+03	0.0000E+00	0.0000E+00	1.6733E+00
3.8650E+03	0.0000E+00	0.0000E+00	1.6709E+00
3.8660E+03	0.0000E+00	0.0000E+00	1.6716E+00
3.8670E+03	0.0000E+00	0.0000E+00	1.6710E+00
3.8680E+03	0.0000E+00	0.0000E+00	1.6708E+00
3.8690E+03	0.0000E+00	0.0000E+00	1.6693E+00
3.8700E+03	0.0000E+00	0.0000E+00	1.6701E+00
3.8710E+03	0.0000E+00	0.0000E+00	1.6683E+00
3.8720E+03	0.0000E+00	0.0000E+00	1.6718E+00
3.8730E+03	0.0000E+00	0.0000E+00	1.6723E+00
3.8740E+03	0.0000E+00	0.0000E+00	1.6745E+00
3.8750E+03	0.0000E+00	0.0000E+00	1.6793E+00
3.8760E+03	0.0000E+00	0.0000E+00	1.6806E+00
3.8770E+03	0.0000E+00	0.0000E+00	1.6795E+00
3.8780E+03	0.0000E+00	0.0000E+00	1.6807E+00
3.8790E+03	0.0000E+00	0.0000E+00	1.6797E+00
3.8800E+03	0.0000E+00	0.0000E+00	1.6824E+00
3.8810E+03	0.0000E+00	0.0000E+00	1.6801E+00
3.8820E+03	0.0000E+00	0.0000E+00	1.6793E+00
3.8830E+03	0.0000E+00	0.0000E+00	1.6753E+00
3.8840E+03	0.0000E+00	0.0000E+00	1.6716E+00
3.8850E+03	0.0000E+00	0.0000E+00	1.6709E+00
3.8860E+03	0.0000E+00	0.0000E+00	1.6733E+00
3.8870E+03	0.0000E+00	0.0000E+00	1.6745E+00
3.8880E+03	0.0000E+00	0.0000E+00	1.6770E+00
3.8890E+03	0.0000E+00	0.0000E+00	1.6751E+00
3.8900E+03	0.0000E+00	0.0000E+00	1.6740E+00
3.8910E+03	0.0000E+00	0.0000E+00	1.6718E+00
3.8920E+03	0.0000E+00	0.0000E+00	1.6729E+00
3.8930E+03	0.0000E+00	0.0000E+00	1.6720E+00
3.8940E+03	0.0000E+00	0.0000E+00	1.6710E+00
3.8950E+03	0.0000E+00	0.0000E+00	1.6724E+00
3.8960E+03	0.0000E+00	0.0000E+00	1.6758E+00
3.8970E+03	0.0000E+00	0.0000E+00	1.6764E+00
3.8980E+03	0.0000E+00	0.0000E+00	1.6787E+00
3.8990E+03	0.0000E+00	0.0000E+00	1.6801E+00
3.9000E+03	0.0000E+00	0.0000E+00	1.6822E+00
3.9010E+03	0.0000E+00	0.0000E+00	1.6818E+00
3.9020E+03	0.0000E+00	0.0000E+00	1.6807E+00
3.9030E+03	0.0000E+00	0.0000E+00	1.6791E+00
3.9040E+03	0.0000E+00	0.0000E+00	1.6799E+00
3.9050E+03	0.0000E+00	0.0000E+00	1.6789E+00
3.9060E+03	0.0000E+00	0.0000E+00	1.6785E+00
3.9070E+03	0.0000E+00	0.0000E+00	1.6779E+00
3.9080E+03	0.0000E+00	0.0000E+00	1.6784E+00
3.9090E+03	0.0000E+00	0.0000E+00	1.6704E+00
3.9100E+03	0.0000E+00	0.0000E+00	1.6706E+00
3.9110E+03	0.0000E+00	0.0000E+00	1.6718E+00
3.9120E+03	0.0000E+00	0.0000E+00	1.6739E+00
3.9130E+03	0.0000E+00	0.0000E+00	1.6720E+00
3.9140E+03	0.0000E+00	0.0000E+00	1.6702E+00
3.9150E+03	0.0000E+00	0.0000E+00	1.6673E+00
3.9160E+03	0.0000E+00	0.0000E+00	1.6703E+00
3.9170E+03	0.0000E+00	0.0000E+00	1.6691E+00
3.9180E+03	0.0000E+00	0.0000E+00	1.6693E+00
3.9190E+03	0.0000E+00	0.0000E+00	1.6679E+00
3.9200E+03	0.0000E+00	0.0000E+00	1.6712E+00
3.9210E+03	0.0000E+00	0.0000E+00	1.6721E+00
3.9220E+03	0.0000E+00	0.0000E+00	1.6735E+00
3.9230E+03	0.0000E+00	0.0000E+00	1.6729E+00
3.9240E+03	0.0000E+00	0.0000E+00	1.6785E+00
3.9250E+03	0.0000E+00	0.0000E+00	1.6760E+00
3.9260E+03	0.0000E+00	0.0000E+00	1.6769E+00
3.9270E+03	0.0000E+00	0.0000E+00	1.6744E+00
3.9280E+03	0.0000E+00	0.0000E+00	1.6779E+00
3.9290E+03	0.0000E+00	0.0000E+00	1.6754E+00
3.9300E+03	0.0000E+00	0.0000E+00	1.6739E+00
3.9310E+03	0.0000E+00	0.0000E+00	1.6749E+00
3.9320E+03	0.0000E+00	0.0000E+00	1.6711E+00
3.9330E+03	0.0000E+00	0.0000E+00	1.6662E+00
3.9340E+03	0.0000E+00	0.0000E+00	1.6685E+00
3.9350E+03	0.0000E+00	0.0000E+00	1.6670E+00
3.9360E+03	0.0000E+00	0.0000E+00	1.6674E+00
3.9370E+03	0.0000E+00	0.0000E+00	1.6641E+00
3.9380E+03	0.0000E+00	0.0000E+00	1.6663E+00
3.9390E+03	0.0000E+00	0.0000E+00	1.6644E+00
3.9400E+03	0.0000E+00	0.0000E+00	1.6661E+00
3.9410E+03	0.0000E+00	0.0000E+00	1.6638E+00
3.9420E+03	0.0000E+00	0.0000E+00	1.6625E+00
3.9430E+03	0.0000E+00	0.0000E+00	1.6612E+00
3.9440E+03	0.0000E+00	0.0000E+00	1.6665E+00
3.9450E+03	0.0000E+00	0.0000E+00	1.6689E+00
3.9460E+03	0.0000E+00	0.0000E+00	1.6689E+00
3.9470E+03	0.0000E+00	0.0000E+00	1.6706E+00
3.9480E+03	0.0000E+00	0.0000E+00	1.6709E+00
3.9490E+03	0.0000E+00	0.0000E+00	1.6708E+00
3.9500E+03	0.0000E+00	0.0000E+00	1.6718E+00
3.9510E+03	0.0000E+00	0.0000E+00	1.6729E+00
3.9520E+03	0.0000E+00	0.0000E+00	1.6731E+00
3.9530E+03	0.0000E+00	0.0000E+00	1.6707E+00
3.9540E+03	0.0000E+00	0.0000E+00	1.6692E+00
3.9550E+03	0.0000E+00	0.0000E+00	1.6675E+00
3.9560E+03	0.0000E+00	0.0000E+00	1.6634E+00
3.9570E+03	0.0000E+00	0.0000E+00	1.6646E+00
3.9580E+03	0.0000E+00	0.0000E+00	1.6635E+00
3.9590E+03	0.0000E+00	0.0000E+00	1.6636E+00
3.9600E+03	0.0000E+00	0.0000E+00	1.6632E+00
3.9610E+03	0.0000E+00	0.0000E+00	1.6631E+00
3.9620E+03	0.0000E+00	0.0000E+00	1.6634E+00
3.9630E+03	0.0000E+00	0.0000E+00	1.6613E+00
3.9640E+03	0.0000E+00	0.0000E+00	1.6600E+00
3.9650E+03	0.0000E+00	0.0000E+00	1.6594E+00
3.9660E+03	0.0000E+00	0.0000E+00	1.6594E+00
3.9670E+03	0.0000E+00	0.0000E+00	1.6588E+00
3.9680E+03	0.0000E+00	0.0000E+00	1.6641E+00
3.9690E+03	0.0000E+00	0.0000E+00	1.6668E+00
3.9700E+03	0.0000E+00	0.0000E+00	1.6666E+00
3.9710E+03	0.0000E+00	0.0000E+00	1.6689E+00
3.9720E+03	0.0000E+00	0.0000E+00	1.6711E+00
3.9730E+03	0.0000E+00	0.0000E+00	1.6710E+00
3.9740E+03	0.0000E+00	0.0000E+00	1.6690E+00
3.9750E+03	0.0000E+00	0.0000E+00	1.6716E+00
3.9760E+03	0.0000E+00	0.0000E+00	1.6717E+00
3.9770E+03	0.0000E+00	0.0000E+00	1.6705E+00
3.9780E+03	0.0000E+00	0.0000E+00	1.6685E+00
3.9790E+03	0.0000E+00	0.0000E+00	1.6655E+00
3.9800E+03	0.0000E+00	0.0000E+00	1.6631E+00
3.9810E+03	0.0000E+00	0.0000E+00	1.6626E+00
3.9820E+03	0.0000E+00	0.0000E+00	1.6613E+00
3.9830E+03	0.0000E+00	0.0000E+00	1.6601E+00
3.9840E+03	0.0000E+00	0.0000E+00	1.6591E+00
3.9850E+03	0.0000E+00	0.0000E+00	1.6579E+00
3.9860E+03	0.0000E+00	0.0000E+00	1.6591E+00
3.9870E+03	0.0000E+00	0.0000E+00	1.6590E+00
3.9880E+03	0.0000E+00	0.0000E+00	1.6598E+00
3.9890E+03	0.0000E+00	0.0000E+00	1.6616E+00
3.9900E+03	0.0000E+00	0.0000E+00	1.6610E+00
3.9910E+03	0.0000E+00	0.0000E+00	1.6590E+00
3.9920E+03	0.0000E+00	0.0000E+00	1.6619E+00
3.9930E+03	0.0000E+00	0.0000E+00	1.6607E+00
3.9940E+03	0.0000E+00	0.0000E+00	1.6604E+00
