TIME_UNITS h
DATA_UNITS m
!h  x   y   z
0.0000E+00	0.0000E+00	0.0000E+00	1.6772E+00
1.0000E+00	0.0000E+00	0.0000E+00	1.6772E+00
2.0000E+00	0.0000E+00	0.0000E+00	1.7015E+00
3.0000E+00	0.0000E+00	0.0000E+00	1.7234E+00
4.0000E+00	0.0000E+00	0.0000E+00	1.7460E+00
5.0000E+00	0.0000E+00	0.0000E+00	1.7684E+00
6.0000E+00	0.0000E+00	0.0000E+00	1.7897E+00
7.0000E+00	0.0000E+00	0.0000E+00	1.8084E+00
8.0000E+00	0.0000E+00	0.0000E+00	1.8015E+00
9.0000E+00	0.0000E+00	0.0000E+00	1.6448E+00
1.0000E+01	0.0000E+00	0.0000E+00	1.6570E+00
1.1000E+01	0.0000E+00	0.0000E+00	1.6260E+00
1.2000E+01	0.0000E+00	0.0000E+00	1.6349E+00
1.3000E+01	0.0000E+00	0.0000E+00	1.6422E+00
1.4000E+01	0.0000E+00	0.0000E+00	1.6418E+00
1.5000E+01	0.0000E+00	0.0000E+00	1.6484E+00
1.6000E+01	0.0000E+00	0.0000E+00	1.6667E+00
1.7000E+01	0.0000E+00	0.0000E+00	1.6649E+00
1.8000E+01	0.0000E+00	0.0000E+00	1.6747E+00
1.9000E+01	0.0000E+00	0.0000E+00	1.6822E+00
2.0000E+01	0.0000E+00	0.0000E+00	1.6808E+00
2.1000E+01	0.0000E+00	0.0000E+00	1.6796E+00
2.2000E+01	0.0000E+00	0.0000E+00	1.6781E+00
2.3000E+01	0.0000E+00	0.0000E+00	1.6822E+00
2.4000E+01	0.0000E+00	0.0000E+00	1.6915E+00
2.5000E+01	0.0000E+00	0.0000E+00	1.7047E+00
2.6000E+01	0.0000E+00	0.0000E+00	1.7213E+00
2.7000E+01	0.0000E+00	0.0000E+00	1.7392E+00
2.8000E+01	0.0000E+00	0.0000E+00	1.7621E+00
2.9000E+01	0.0000E+00	0.0000E+00	1.7822E+00
3.0000E+01	0.0000E+00	0.0000E+00	1.8060E+00
3.1000E+01	0.0000E+00	0.0000E+00	1.8245E+00
3.2000E+01	0.0000E+00	0.0000E+00	1.8138E+00
3.3000E+01	0.0000E+00	0.0000E+00	1.6758E+00
3.4000E+01	0.0000E+00	0.0000E+00	1.6852E+00
3.5000E+01	0.0000E+00	0.0000E+00	1.6593E+00
3.6000E+01	0.0000E+00	0.0000E+00	1.6644E+00
3.7000E+01	0.0000E+00	0.0000E+00	1.6665E+00
3.8000E+01	0.0000E+00	0.0000E+00	1.6646E+00
3.9000E+01	0.0000E+00	0.0000E+00	1.6701E+00
4.0000E+01	0.0000E+00	0.0000E+00	1.6835E+00
4.1000E+01	0.0000E+00	0.0000E+00	1.6955E+00
4.2000E+01	0.0000E+00	0.0000E+00	1.6937E+00
4.3000E+01	0.0000E+00	0.0000E+00	1.7000E+00
4.4000E+01	0.0000E+00	0.0000E+00	1.6932E+00
4.5000E+01	0.0000E+00	0.0000E+00	1.6900E+00
4.6000E+01	0.0000E+00	0.0000E+00	1.6797E+00
4.7000E+01	0.0000E+00	0.0000E+00	1.6785E+00
4.8000E+01	0.0000E+00	0.0000E+00	1.6769E+00
4.9000E+01	0.0000E+00	0.0000E+00	1.6826E+00
5.0000E+01	0.0000E+00	0.0000E+00	1.7033E+00
5.1000E+01	0.0000E+00	0.0000E+00	1.7214E+00
5.2000E+01	0.0000E+00	0.0000E+00	1.7347E+00
5.3000E+01	0.0000E+00	0.0000E+00	1.7536E+00
5.4000E+01	0.0000E+00	0.0000E+00	1.7657E+00
5.5000E+01	0.0000E+00	0.0000E+00	1.7573E+00
5.6000E+01	0.0000E+00	0.0000E+00	1.7062E+00
5.7000E+01	0.0000E+00	0.0000E+00	1.6730E+00
5.8000E+01	0.0000E+00	0.0000E+00	1.6674E+00
5.9000E+01	0.0000E+00	0.0000E+00	1.6605E+00
6.0000E+01	0.0000E+00	0.0000E+00	1.6590E+00
6.1000E+01	0.0000E+00	0.0000E+00	1.6649E+00
6.2000E+01	0.0000E+00	0.0000E+00	1.6716E+00
6.3000E+01	0.0000E+00	0.0000E+00	1.6846E+00
6.4000E+01	0.0000E+00	0.0000E+00	1.6853E+00
6.5000E+01	0.0000E+00	0.0000E+00	1.6877E+00
6.6000E+01	0.0000E+00	0.0000E+00	1.6891E+00
6.7000E+01	0.0000E+00	0.0000E+00	1.6814E+00
6.8000E+01	0.0000E+00	0.0000E+00	1.6808E+00
6.9000E+01	0.0000E+00	0.0000E+00	1.6776E+00
7.0000E+01	0.0000E+00	0.0000E+00	1.6745E+00
7.1000E+01	0.0000E+00	0.0000E+00	1.6675E+00
7.2000E+01	0.0000E+00	0.0000E+00	1.6849E+00
7.3000E+01	0.0000E+00	0.0000E+00	1.7027E+00
7.4000E+01	0.0000E+00	0.0000E+00	1.7176E+00
7.5000E+01	0.0000E+00	0.0000E+00	1.7330E+00
7.6000E+01	0.0000E+00	0.0000E+00	1.7479E+00
7.7000E+01	0.0000E+00	0.0000E+00	1.7543E+00
7.8000E+01	0.0000E+00	0.0000E+00	1.7693E+00
7.9000E+01	0.0000E+00	0.0000E+00	1.7850E+00
8.0000E+01	0.0000E+00	0.0000E+00	1.7712E+00
8.1000E+01	0.0000E+00	0.0000E+00	1.6723E+00
8.2000E+01	0.0000E+00	0.0000E+00	1.6706E+00
8.3000E+01	0.0000E+00	0.0000E+00	1.6647E+00
8.4000E+01	0.0000E+00	0.0000E+00	1.6748E+00
8.5000E+01	0.0000E+00	0.0000E+00	1.6720E+00
8.6000E+01	0.0000E+00	0.0000E+00	1.6869E+00
8.7000E+01	0.0000E+00	0.0000E+00	1.7131E+00
8.8000E+01	0.0000E+00	0.0000E+00	1.7174E+00
8.9000E+01	0.0000E+00	0.0000E+00	1.7225E+00
9.0000E+01	0.0000E+00	0.0000E+00	1.7235E+00
9.1000E+01	0.0000E+00	0.0000E+00	1.7233E+00
9.2000E+01	0.0000E+00	0.0000E+00	1.7177E+00
9.3000E+01	0.0000E+00	0.0000E+00	1.7162E+00
9.4000E+01	0.0000E+00	0.0000E+00	1.7107E+00
9.5000E+01	0.0000E+00	0.0000E+00	1.7115E+00
9.6000E+01	0.0000E+00	0.0000E+00	1.7097E+00
9.7000E+01	0.0000E+00	0.0000E+00	1.7060E+00
9.8000E+01	0.0000E+00	0.0000E+00	1.7054E+00
9.9000E+01	0.0000E+00	0.0000E+00	1.7057E+00
1.0000E+02	0.0000E+00	0.0000E+00	1.6993E+00
1.0100E+02	0.0000E+00	0.0000E+00	1.7065E+00
1.0200E+02	0.0000E+00	0.0000E+00	1.7187E+00
1.0300E+02	0.0000E+00	0.0000E+00	1.7329E+00
1.0400E+02	0.0000E+00	0.0000E+00	1.7104E+00
1.0500E+02	0.0000E+00	0.0000E+00	1.7030E+00
1.0600E+02	0.0000E+00	0.0000E+00	1.7023E+00
1.0700E+02	0.0000E+00	0.0000E+00	1.7013E+00
1.0800E+02	0.0000E+00	0.0000E+00	1.7081E+00
1.0900E+02	0.0000E+00	0.0000E+00	1.7181E+00
1.1000E+02	0.0000E+00	0.0000E+00	1.7327E+00
1.1100E+02	0.0000E+00	0.0000E+00	1.7353E+00
1.1200E+02	0.0000E+00	0.0000E+00	1.7377E+00
1.1300E+02	0.0000E+00	0.0000E+00	1.7421E+00
1.1400E+02	0.0000E+00	0.0000E+00	1.7522E+00
1.1500E+02	0.0000E+00	0.0000E+00	1.7555E+00
1.1600E+02	0.0000E+00	0.0000E+00	1.7525E+00
1.1700E+02	0.0000E+00	0.0000E+00	1.7451E+00
1.1800E+02	0.0000E+00	0.0000E+00	1.7437E+00
1.1900E+02	0.0000E+00	0.0000E+00	1.7381E+00
1.2000E+02	0.0000E+00	0.0000E+00	1.7421E+00
1.2100E+02	0.0000E+00	0.0000E+00	1.7480E+00
1.2200E+02	0.0000E+00	0.0000E+00	1.7561E+00
1.2300E+02	0.0000E+00	0.0000E+00	1.7660E+00
1.2400E+02	0.0000E+00	0.0000E+00	1.7807E+00
1.2500E+02	0.0000E+00	0.0000E+00	1.7892E+00
1.2600E+02	0.0000E+00	0.0000E+00	1.8016E+00
1.2700E+02	0.0000E+00	0.0000E+00	1.8120E+00
1.2800E+02	0.0000E+00	0.0000E+00	1.7988E+00
1.2900E+02	0.0000E+00	0.0000E+00	1.7394E+00
1.3000E+02	0.0000E+00	0.0000E+00	1.7406E+00
1.3100E+02	0.0000E+00	0.0000E+00	1.7469E+00
1.3200E+02	0.0000E+00	0.0000E+00	1.7515E+00
1.3300E+02	0.0000E+00	0.0000E+00	1.7648E+00
1.3400E+02	0.0000E+00	0.0000E+00	1.7642E+00
1.3500E+02	0.0000E+00	0.0000E+00	1.7539E+00
1.3600E+02	0.0000E+00	0.0000E+00	1.7608E+00
1.3700E+02	0.0000E+00	0.0000E+00	1.7636E+00
1.3800E+02	0.0000E+00	0.0000E+00	1.7716E+00
1.3900E+02	0.0000E+00	0.0000E+00	1.7761E+00
1.4000E+02	0.0000E+00	0.0000E+00	1.7671E+00
1.4100E+02	0.0000E+00	0.0000E+00	1.7736E+00
1.4200E+02	0.0000E+00	0.0000E+00	1.7725E+00
1.4300E+02	0.0000E+00	0.0000E+00	1.7679E+00
1.4400E+02	0.0000E+00	0.0000E+00	1.7661E+00
1.4500E+02	0.0000E+00	0.0000E+00	1.7615E+00
1.4600E+02	0.0000E+00	0.0000E+00	1.7581E+00
1.4700E+02	0.0000E+00	0.0000E+00	1.7536E+00
1.4800E+02	0.0000E+00	0.0000E+00	1.7572E+00
1.4900E+02	0.0000E+00	0.0000E+00	1.7603E+00
1.5000E+02	0.0000E+00	0.0000E+00	1.7518E+00
1.5100E+02	0.0000E+00	0.0000E+00	1.7528E+00
1.5200E+02	0.0000E+00	0.0000E+00	1.7485E+00
1.5300E+02	0.0000E+00	0.0000E+00	1.7476E+00
1.5400E+02	0.0000E+00	0.0000E+00	1.7588E+00
1.5500E+02	0.0000E+00	0.0000E+00	1.7644E+00
1.5600E+02	0.0000E+00	0.0000E+00	1.7664E+00
1.5700E+02	0.0000E+00	0.0000E+00	1.7684E+00
1.5800E+02	0.0000E+00	0.0000E+00	1.7731E+00
1.5900E+02	0.0000E+00	0.0000E+00	1.7904E+00
1.6000E+02	0.0000E+00	0.0000E+00	1.7988E+00
1.6100E+02	0.0000E+00	0.0000E+00	1.8148E+00
1.6200E+02	0.0000E+00	0.0000E+00	1.8370E+00
1.6300E+02	0.0000E+00	0.0000E+00	1.8257E+00
1.6400E+02	0.0000E+00	0.0000E+00	1.8256E+00
1.6500E+02	0.0000E+00	0.0000E+00	1.8349E+00
1.6600E+02	0.0000E+00	0.0000E+00	1.8249E+00
1.6700E+02	0.0000E+00	0.0000E+00	1.8182E+00
1.6800E+02	0.0000E+00	0.0000E+00	1.8187E+00
1.6900E+02	0.0000E+00	0.0000E+00	1.8162E+00
1.7000E+02	0.0000E+00	0.0000E+00	1.8086E+00
1.7100E+02	0.0000E+00	0.0000E+00	1.8228E+00
1.7200E+02	0.0000E+00	0.0000E+00	1.8365E+00
1.7300E+02	0.0000E+00	0.0000E+00	1.8474E+00
1.7400E+02	0.0000E+00	0.0000E+00	1.8604E+00
1.7500E+02	0.0000E+00	0.0000E+00	1.8713E+00
1.7600E+02	0.0000E+00	0.0000E+00	1.8462E+00
1.7700E+02	0.0000E+00	0.0000E+00	1.8127E+00
1.7800E+02	0.0000E+00	0.0000E+00	1.8258E+00
1.7900E+02	0.0000E+00	0.0000E+00	1.8454E+00
1.8000E+02	0.0000E+00	0.0000E+00	1.8238E+00
1.8100E+02	0.0000E+00	0.0000E+00	1.8184E+00
1.8200E+02	0.0000E+00	0.0000E+00	1.8147E+00
1.8300E+02	0.0000E+00	0.0000E+00	1.8237E+00
1.8400E+02	0.0000E+00	0.0000E+00	1.8340E+00
1.8500E+02	0.0000E+00	0.0000E+00	1.8428E+00
1.8600E+02	0.0000E+00	0.0000E+00	1.8413E+00
1.8700E+02	0.0000E+00	0.0000E+00	1.8533E+00
1.8800E+02	0.0000E+00	0.0000E+00	1.8658E+00
1.8900E+02	0.0000E+00	0.0000E+00	1.8735E+00
1.9000E+02	0.0000E+00	0.0000E+00	1.8689E+00
1.9100E+02	0.0000E+00	0.0000E+00	1.8687E+00
1.9200E+02	0.0000E+00	0.0000E+00	1.8733E+00
1.9300E+02	0.0000E+00	0.0000E+00	1.8730E+00
1.9400E+02	0.0000E+00	0.0000E+00	1.8830E+00
1.9500E+02	0.0000E+00	0.0000E+00	1.8877E+00
1.9600E+02	0.0000E+00	0.0000E+00	1.8835E+00
1.9700E+02	0.0000E+00	0.0000E+00	1.8909E+00
1.9800E+02	0.0000E+00	0.0000E+00	1.8897E+00
1.9900E+02	0.0000E+00	0.0000E+00	1.8878E+00
2.0000E+02	0.0000E+00	0.0000E+00	1.8897E+00
2.0100E+02	0.0000E+00	0.0000E+00	1.8780E+00
2.0200E+02	0.0000E+00	0.0000E+00	1.8759E+00
2.0300E+02	0.0000E+00	0.0000E+00	1.8858E+00
2.0400E+02	0.0000E+00	0.0000E+00	1.8801E+00
2.0500E+02	0.0000E+00	0.0000E+00	1.9029E+00
2.0600E+02	0.0000E+00	0.0000E+00	1.9128E+00
2.0700E+02	0.0000E+00	0.0000E+00	1.9062E+00
2.0800E+02	0.0000E+00	0.0000E+00	1.9203E+00
2.0900E+02	0.0000E+00	0.0000E+00	1.9316E+00
2.1000E+02	0.0000E+00	0.0000E+00	1.9439E+00
2.1100E+02	0.0000E+00	0.0000E+00	1.9572E+00
2.1200E+02	0.0000E+00	0.0000E+00	1.9574E+00
2.1300E+02	0.0000E+00	0.0000E+00	1.9597E+00
2.1400E+02	0.0000E+00	0.0000E+00	1.9620E+00
2.1500E+02	0.0000E+00	0.0000E+00	1.9597E+00
2.1600E+02	0.0000E+00	0.0000E+00	1.9514E+00
2.1700E+02	0.0000E+00	0.0000E+00	1.9391E+00
2.1800E+02	0.0000E+00	0.0000E+00	1.9316E+00
2.1900E+02	0.0000E+00	0.0000E+00	1.9291E+00
2.2000E+02	0.0000E+00	0.0000E+00	1.9180E+00
2.2100E+02	0.0000E+00	0.0000E+00	1.9089E+00
2.2200E+02	0.0000E+00	0.0000E+00	1.9034E+00
2.2300E+02	0.0000E+00	0.0000E+00	1.9022E+00
2.2400E+02	0.0000E+00	0.0000E+00	1.8932E+00
2.2500E+02	0.0000E+00	0.0000E+00	1.8944E+00
2.2600E+02	0.0000E+00	0.0000E+00	1.8873E+00
2.2700E+02	0.0000E+00	0.0000E+00	1.8902E+00
2.2800E+02	0.0000E+00	0.0000E+00	1.8863E+00
2.2900E+02	0.0000E+00	0.0000E+00	1.8911E+00
2.3000E+02	0.0000E+00	0.0000E+00	1.8984E+00
2.3100E+02	0.0000E+00	0.0000E+00	1.9078E+00
2.3200E+02	0.0000E+00	0.0000E+00	1.9144E+00
2.3300E+02	0.0000E+00	0.0000E+00	1.9249E+00
2.3400E+02	0.0000E+00	0.0000E+00	1.9277E+00
2.3500E+02	0.0000E+00	0.0000E+00	1.9361E+00
2.3600E+02	0.0000E+00	0.0000E+00	1.9313E+00
2.3700E+02	0.0000E+00	0.0000E+00	1.9412E+00
2.3800E+02	0.0000E+00	0.0000E+00	1.9412E+00
2.3900E+02	0.0000E+00	0.0000E+00	1.9449E+00
2.4000E+02	0.0000E+00	0.0000E+00	1.9460E+00
2.4100E+02	0.0000E+00	0.0000E+00	1.9375E+00
2.4200E+02	0.0000E+00	0.0000E+00	1.9309E+00
2.4300E+02	0.0000E+00	0.0000E+00	1.9295E+00
2.4400E+02	0.0000E+00	0.0000E+00	1.9247E+00
2.4500E+02	0.0000E+00	0.0000E+00	1.9143E+00
2.4600E+02	0.0000E+00	0.0000E+00	1.9131E+00
2.4700E+02	0.0000E+00	0.0000E+00	1.9048E+00
2.4800E+02	0.0000E+00	0.0000E+00	1.8956E+00
2.4900E+02	0.0000E+00	0.0000E+00	1.9042E+00
2.5000E+02	0.0000E+00	0.0000E+00	1.8982E+00
2.5100E+02	0.0000E+00	0.0000E+00	1.8880E+00
2.5200E+02	0.0000E+00	0.0000E+00	1.8890E+00
2.5300E+02	0.0000E+00	0.0000E+00	1.8910E+00
2.5400E+02	0.0000E+00	0.0000E+00	1.8893E+00
2.5500E+02	0.0000E+00	0.0000E+00	1.8875E+00
2.5600E+02	0.0000E+00	0.0000E+00	1.8981E+00
2.5700E+02	0.0000E+00	0.0000E+00	1.8869E+00
2.5800E+02	0.0000E+00	0.0000E+00	1.8956E+00
2.5900E+02	0.0000E+00	0.0000E+00	1.8979E+00
2.6000E+02	0.0000E+00	0.0000E+00	1.8948E+00
2.6100E+02	0.0000E+00	0.0000E+00	1.8997E+00
2.6200E+02	0.0000E+00	0.0000E+00	1.9019E+00
2.6300E+02	0.0000E+00	0.0000E+00	1.9089E+00
2.6400E+02	0.0000E+00	0.0000E+00	1.8983E+00
2.6500E+02	0.0000E+00	0.0000E+00	1.8986E+00
2.6600E+02	0.0000E+00	0.0000E+00	1.8906E+00
2.6700E+02	0.0000E+00	0.0000E+00	1.8801E+00
2.6800E+02	0.0000E+00	0.0000E+00	1.8780E+00
2.6900E+02	0.0000E+00	0.0000E+00	1.8786E+00
2.7000E+02	0.0000E+00	0.0000E+00	1.8694E+00
2.7100E+02	0.0000E+00	0.0000E+00	1.8714E+00
2.7200E+02	0.0000E+00	0.0000E+00	1.8737E+00
2.7300E+02	0.0000E+00	0.0000E+00	1.8596E+00
2.7400E+02	0.0000E+00	0.0000E+00	1.8642E+00
2.7500E+02	0.0000E+00	0.0000E+00	1.8530E+00
2.7600E+02	0.0000E+00	0.0000E+00	1.8609E+00
2.7700E+02	0.0000E+00	0.0000E+00	1.8666E+00
2.7800E+02	0.0000E+00	0.0000E+00	1.8638E+00
2.7900E+02	0.0000E+00	0.0000E+00	1.8628E+00
2.8000E+02	0.0000E+00	0.0000E+00	1.8649E+00
2.8100E+02	0.0000E+00	0.0000E+00	1.8561E+00
2.8200E+02	0.0000E+00	0.0000E+00	1.8527E+00
2.8300E+02	0.0000E+00	0.0000E+00	1.8519E+00
2.8400E+02	0.0000E+00	0.0000E+00	1.8440E+00
2.8500E+02	0.0000E+00	0.0000E+00	1.8441E+00
2.8600E+02	0.0000E+00	0.0000E+00	1.8367E+00
2.8700E+02	0.0000E+00	0.0000E+00	1.8378E+00
2.8800E+02	0.0000E+00	0.0000E+00	1.8378E+00
2.8900E+02	0.0000E+00	0.0000E+00	1.8298E+00
2.9000E+02	0.0000E+00	0.0000E+00	1.8313E+00
2.9100E+02	0.0000E+00	0.0000E+00	1.8260E+00
2.9200E+02	0.0000E+00	0.0000E+00	1.8200E+00
2.9300E+02	0.0000E+00	0.0000E+00	1.8153E+00
2.9400E+02	0.0000E+00	0.0000E+00	1.8034E+00
2.9500E+02	0.0000E+00	0.0000E+00	1.8089E+00
2.9600E+02	0.0000E+00	0.0000E+00	1.8011E+00
2.9700E+02	0.0000E+00	0.0000E+00	1.8021E+00
2.9800E+02	0.0000E+00	0.0000E+00	1.8144E+00
2.9900E+02	0.0000E+00	0.0000E+00	1.8131E+00
3.0000E+02	0.0000E+00	0.0000E+00	1.8181E+00
3.0100E+02	0.0000E+00	0.0000E+00	1.8195E+00
3.0200E+02	0.0000E+00	0.0000E+00	1.8121E+00
3.0300E+02	0.0000E+00	0.0000E+00	1.8085E+00
3.0400E+02	0.0000E+00	0.0000E+00	1.8074E+00
3.0500E+02	0.0000E+00	0.0000E+00	1.7991E+00
3.0600E+02	0.0000E+00	0.0000E+00	1.7962E+00
3.0700E+02	0.0000E+00	0.0000E+00	1.7904E+00
3.0800E+02	0.0000E+00	0.0000E+00	1.7870E+00
3.0900E+02	0.0000E+00	0.0000E+00	1.7785E+00
3.1000E+02	0.0000E+00	0.0000E+00	1.7734E+00
3.1100E+02	0.0000E+00	0.0000E+00	1.7738E+00
3.1200E+02	0.0000E+00	0.0000E+00	1.7634E+00
3.1300E+02	0.0000E+00	0.0000E+00	1.7597E+00
3.1400E+02	0.0000E+00	0.0000E+00	1.7502E+00
3.1500E+02	0.0000E+00	0.0000E+00	1.7547E+00
3.1600E+02	0.0000E+00	0.0000E+00	1.7461E+00
3.1700E+02	0.0000E+00	0.0000E+00	1.7543E+00
3.1800E+02	0.0000E+00	0.0000E+00	1.7565E+00
3.1900E+02	0.0000E+00	0.0000E+00	1.7583E+00
3.2000E+02	0.0000E+00	0.0000E+00	1.7373E+00
3.2100E+02	0.0000E+00	0.0000E+00	1.7536E+00
3.2200E+02	0.0000E+00	0.0000E+00	1.7704E+00
3.2300E+02	0.0000E+00	0.0000E+00	1.7724E+00
3.2400E+02	0.0000E+00	0.0000E+00	1.7753E+00
3.2500E+02	0.0000E+00	0.0000E+00	1.7658E+00
3.2600E+02	0.0000E+00	0.0000E+00	1.7627E+00
3.2700E+02	0.0000E+00	0.0000E+00	1.7664E+00
3.2800E+02	0.0000E+00	0.0000E+00	1.7579E+00
3.2900E+02	0.0000E+00	0.0000E+00	1.7606E+00
3.3000E+02	0.0000E+00	0.0000E+00	1.7591E+00
3.3100E+02	0.0000E+00	0.0000E+00	1.7647E+00
3.3200E+02	0.0000E+00	0.0000E+00	1.7586E+00
3.3300E+02	0.0000E+00	0.0000E+00	1.7577E+00
3.3400E+02	0.0000E+00	0.0000E+00	1.7544E+00
3.3500E+02	0.0000E+00	0.0000E+00	1.7578E+00
3.3600E+02	0.0000E+00	0.0000E+00	1.7483E+00
3.3700E+02	0.0000E+00	0.0000E+00	1.7446E+00
3.3800E+02	0.0000E+00	0.0000E+00	1.7438E+00
3.3900E+02	0.0000E+00	0.0000E+00	1.7408E+00
3.4000E+02	0.0000E+00	0.0000E+00	1.7380E+00
3.4100E+02	0.0000E+00	0.0000E+00	1.7392E+00
3.4200E+02	0.0000E+00	0.0000E+00	1.7319E+00
3.4300E+02	0.0000E+00	0.0000E+00	1.7279E+00
3.4400E+02	0.0000E+00	0.0000E+00	1.7266E+00
3.4500E+02	0.0000E+00	0.0000E+00	1.7259E+00
3.4600E+02	0.0000E+00	0.0000E+00	1.7363E+00
3.4700E+02	0.0000E+00	0.0000E+00	1.7408E+00
3.4800E+02	0.0000E+00	0.0000E+00	1.7489E+00
3.4900E+02	0.0000E+00	0.0000E+00	1.7411E+00
3.5000E+02	0.0000E+00	0.0000E+00	1.7472E+00
3.5100E+02	0.0000E+00	0.0000E+00	1.7472E+00
3.5200E+02	0.0000E+00	0.0000E+00	1.7395E+00
3.5300E+02	0.0000E+00	0.0000E+00	1.7476E+00
3.5400E+02	0.0000E+00	0.0000E+00	1.7494E+00
3.5500E+02	0.0000E+00	0.0000E+00	1.7588E+00
3.5600E+02	0.0000E+00	0.0000E+00	1.7629E+00
3.5700E+02	0.0000E+00	0.0000E+00	1.7585E+00
3.5800E+02	0.0000E+00	0.0000E+00	1.7636E+00
3.5900E+02	0.0000E+00	0.0000E+00	1.7602E+00
3.6000E+02	0.0000E+00	0.0000E+00	1.7546E+00
3.6100E+02	0.0000E+00	0.0000E+00	1.7584E+00
3.6200E+02	0.0000E+00	0.0000E+00	1.7546E+00
3.6300E+02	0.0000E+00	0.0000E+00	1.7528E+00
3.6400E+02	0.0000E+00	0.0000E+00	1.7498E+00
3.6500E+02	0.0000E+00	0.0000E+00	1.7538E+00
3.6600E+02	0.0000E+00	0.0000E+00	1.7413E+00
3.6700E+02	0.0000E+00	0.0000E+00	1.7440E+00
3.6800E+02	0.0000E+00	0.0000E+00	1.7408E+00
3.6900E+02	0.0000E+00	0.0000E+00	1.7386E+00
3.7000E+02	0.0000E+00	0.0000E+00	1.7466E+00
3.7100E+02	0.0000E+00	0.0000E+00	1.7480E+00
3.7200E+02	0.0000E+00	0.0000E+00	1.7452E+00
3.7300E+02	0.0000E+00	0.0000E+00	1.7445E+00
3.7400E+02	0.0000E+00	0.0000E+00	1.7471E+00
3.7500E+02	0.0000E+00	0.0000E+00	1.7478E+00
3.7600E+02	0.0000E+00	0.0000E+00	1.7502E+00
3.7700E+02	0.0000E+00	0.0000E+00	1.7565E+00
3.7800E+02	0.0000E+00	0.0000E+00	1.7626E+00
3.7900E+02	0.0000E+00	0.0000E+00	1.7664E+00
3.8000E+02	0.0000E+00	0.0000E+00	1.7693E+00
3.8100E+02	0.0000E+00	0.0000E+00	1.7718E+00
3.8200E+02	0.0000E+00	0.0000E+00	1.7670E+00
3.8300E+02	0.0000E+00	0.0000E+00	1.7690E+00
3.8400E+02	0.0000E+00	0.0000E+00	1.7650E+00
3.8500E+02	0.0000E+00	0.0000E+00	1.7607E+00
3.8600E+02	0.0000E+00	0.0000E+00	1.7582E+00
3.8700E+02	0.0000E+00	0.0000E+00	1.7573E+00
3.8800E+02	0.0000E+00	0.0000E+00	1.7523E+00
3.8900E+02	0.0000E+00	0.0000E+00	1.7537E+00
3.9000E+02	0.0000E+00	0.0000E+00	1.7512E+00
3.9100E+02	0.0000E+00	0.0000E+00	1.7482E+00
3.9200E+02	0.0000E+00	0.0000E+00	1.7451E+00
3.9300E+02	0.0000E+00	0.0000E+00	1.7525E+00
3.9400E+02	0.0000E+00	0.0000E+00	1.7486E+00
3.9500E+02	0.0000E+00	0.0000E+00	1.7441E+00
3.9600E+02	0.0000E+00	0.0000E+00	1.7526E+00
3.9700E+02	0.0000E+00	0.0000E+00	1.7512E+00
3.9800E+02	0.0000E+00	0.0000E+00	1.7549E+00
3.9900E+02	0.0000E+00	0.0000E+00	1.7680E+00
4.0000E+02	0.0000E+00	0.0000E+00	1.7816E+00
4.0100E+02	0.0000E+00	0.0000E+00	1.8092E+00
4.0200E+02	0.0000E+00	0.0000E+00	1.8240E+00
4.0300E+02	0.0000E+00	0.0000E+00	1.8343E+00
4.0400E+02	0.0000E+00	0.0000E+00	1.8356E+00
4.0500E+02	0.0000E+00	0.0000E+00	1.8321E+00
4.0600E+02	0.0000E+00	0.0000E+00	1.8301E+00
4.0700E+02	0.0000E+00	0.0000E+00	1.8204E+00
4.0800E+02	0.0000E+00	0.0000E+00	1.8205E+00
4.0900E+02	0.0000E+00	0.0000E+00	1.8230E+00
4.1000E+02	0.0000E+00	0.0000E+00	1.8196E+00
4.1100E+02	0.0000E+00	0.0000E+00	1.8120E+00
4.1200E+02	0.0000E+00	0.0000E+00	1.8078E+00
4.1300E+02	0.0000E+00	0.0000E+00	1.7961E+00
4.1400E+02	0.0000E+00	0.0000E+00	1.8030E+00
4.1500E+02	0.0000E+00	0.0000E+00	1.7933E+00
4.1600E+02	0.0000E+00	0.0000E+00	1.7956E+00
4.1700E+02	0.0000E+00	0.0000E+00	1.7951E+00
4.1800E+02	0.0000E+00	0.0000E+00	1.7940E+00
4.1900E+02	0.0000E+00	0.0000E+00	1.7977E+00
4.2000E+02	0.0000E+00	0.0000E+00	1.8011E+00
4.2100E+02	0.0000E+00	0.0000E+00	1.8037E+00
4.2200E+02	0.0000E+00	0.0000E+00	1.8149E+00
4.2300E+02	0.0000E+00	0.0000E+00	1.8264E+00
4.2400E+02	0.0000E+00	0.0000E+00	1.8393E+00
4.2500E+02	0.0000E+00	0.0000E+00	1.8465E+00
4.2600E+02	0.0000E+00	0.0000E+00	1.8502E+00
4.2700E+02	0.0000E+00	0.0000E+00	1.8634E+00
4.2800E+02	0.0000E+00	0.0000E+00	1.8720E+00
4.2900E+02	0.0000E+00	0.0000E+00	1.8698E+00
4.3000E+02	0.0000E+00	0.0000E+00	1.8659E+00
4.3100E+02	0.0000E+00	0.0000E+00	1.8653E+00
4.3200E+02	0.0000E+00	0.0000E+00	1.8606E+00
4.3300E+02	0.0000E+00	0.0000E+00	1.8539E+00
4.3400E+02	0.0000E+00	0.0000E+00	1.8522E+00
4.3500E+02	0.0000E+00	0.0000E+00	1.8485E+00
4.3600E+02	0.0000E+00	0.0000E+00	1.8462E+00
4.3700E+02	0.0000E+00	0.0000E+00	1.8460E+00
4.3800E+02	0.0000E+00	0.0000E+00	1.8397E+00
4.3900E+02	0.0000E+00	0.0000E+00	1.8345E+00
4.4000E+02	0.0000E+00	0.0000E+00	1.8305E+00
4.4100E+02	0.0000E+00	0.0000E+00	1.8329E+00
4.4200E+02	0.0000E+00	0.0000E+00	1.8283E+00
4.4300E+02	0.0000E+00	0.0000E+00	1.8278E+00
4.4400E+02	0.0000E+00	0.0000E+00	1.8371E+00
4.4500E+02	0.0000E+00	0.0000E+00	1.8402E+00
4.4600E+02	0.0000E+00	0.0000E+00	1.8526E+00
4.4700E+02	0.0000E+00	0.0000E+00	1.8579E+00
4.4800E+02	0.0000E+00	0.0000E+00	1.8522E+00
4.4900E+02	0.0000E+00	0.0000E+00	1.8730E+00
4.5000E+02	0.0000E+00	0.0000E+00	1.8791E+00
4.5100E+02	0.0000E+00	0.0000E+00	1.8890E+00
4.5200E+02	0.0000E+00	0.0000E+00	1.8873E+00
4.5300E+02	0.0000E+00	0.0000E+00	1.8971E+00
4.5400E+02	0.0000E+00	0.0000E+00	1.8870E+00
4.5500E+02	0.0000E+00	0.0000E+00	1.8803E+00
4.5600E+02	0.0000E+00	0.0000E+00	1.8693E+00
4.5700E+02	0.0000E+00	0.0000E+00	1.8753E+00
4.5800E+02	0.0000E+00	0.0000E+00	1.8701E+00
4.5900E+02	0.0000E+00	0.0000E+00	1.8593E+00
4.6000E+02	0.0000E+00	0.0000E+00	1.8526E+00
4.6100E+02	0.0000E+00	0.0000E+00	1.8528E+00
4.6200E+02	0.0000E+00	0.0000E+00	1.8513E+00
4.6300E+02	0.0000E+00	0.0000E+00	1.8469E+00
4.6400E+02	0.0000E+00	0.0000E+00	1.8410E+00
4.6500E+02	0.0000E+00	0.0000E+00	1.8472E+00
4.6600E+02	0.0000E+00	0.0000E+00	1.8420E+00
4.6700E+02	0.0000E+00	0.0000E+00	1.8490E+00
4.6800E+02	0.0000E+00	0.0000E+00	1.8380E+00
4.6900E+02	0.0000E+00	0.0000E+00	1.8451E+00
4.7000E+02	0.0000E+00	0.0000E+00	1.8513E+00
4.7100E+02	0.0000E+00	0.0000E+00	1.8505E+00
4.7200E+02	0.0000E+00	0.0000E+00	1.8577E+00
4.7300E+02	0.0000E+00	0.0000E+00	1.8613E+00
4.7400E+02	0.0000E+00	0.0000E+00	1.8601E+00
4.7500E+02	0.0000E+00	0.0000E+00	1.8640E+00
4.7600E+02	0.0000E+00	0.0000E+00	1.8603E+00
4.7700E+02	0.0000E+00	0.0000E+00	1.8576E+00
4.7800E+02	0.0000E+00	0.0000E+00	1.8558E+00
4.7900E+02	0.0000E+00	0.0000E+00	1.8569E+00
4.8000E+02	0.0000E+00	0.0000E+00	1.8421E+00
4.8100E+02	0.0000E+00	0.0000E+00	1.8346E+00
4.8200E+02	0.0000E+00	0.0000E+00	1.8378E+00
4.8300E+02	0.0000E+00	0.0000E+00	1.8345E+00
4.8400E+02	0.0000E+00	0.0000E+00	1.8310E+00
4.8500E+02	0.0000E+00	0.0000E+00	1.8258E+00
4.8600E+02	0.0000E+00	0.0000E+00	1.8273E+00
4.8700E+02	0.0000E+00	0.0000E+00	1.8268E+00
4.8800E+02	0.0000E+00	0.0000E+00	1.8172E+00
4.8900E+02	0.0000E+00	0.0000E+00	1.8158E+00
4.9000E+02	0.0000E+00	0.0000E+00	1.8213E+00
4.9100E+02	0.0000E+00	0.0000E+00	1.8167E+00
4.9200E+02	0.0000E+00	0.0000E+00	1.8138E+00
4.9300E+02	0.0000E+00	0.0000E+00	1.8158E+00
4.9400E+02	0.0000E+00	0.0000E+00	1.8169E+00
4.9500E+02	0.0000E+00	0.0000E+00	1.8155E+00
4.9600E+02	0.0000E+00	0.0000E+00	1.8212E+00
4.9700E+02	0.0000E+00	0.0000E+00	1.8180E+00
4.9800E+02	0.0000E+00	0.0000E+00	1.8207E+00
4.9900E+02	0.0000E+00	0.0000E+00	1.8175E+00
5.0000E+02	0.0000E+00	0.0000E+00	1.8091E+00
5.0100E+02	0.0000E+00	0.0000E+00	1.8054E+00
5.0200E+02	0.0000E+00	0.0000E+00	1.8056E+00
5.0300E+02	0.0000E+00	0.0000E+00	1.7983E+00
5.0400E+02	0.0000E+00	0.0000E+00	1.7975E+00
5.0500E+02	0.0000E+00	0.0000E+00	1.7967E+00
5.0600E+02	0.0000E+00	0.0000E+00	1.7922E+00
5.0700E+02	0.0000E+00	0.0000E+00	1.7919E+00
5.0800E+02	0.0000E+00	0.0000E+00	1.7857E+00
5.0900E+02	0.0000E+00	0.0000E+00	1.7879E+00
5.1000E+02	0.0000E+00	0.0000E+00	1.7827E+00
5.1100E+02	0.0000E+00	0.0000E+00	1.7822E+00
5.1200E+02	0.0000E+00	0.0000E+00	1.7814E+00
5.1300E+02	0.0000E+00	0.0000E+00	1.7858E+00
5.1400E+02	0.0000E+00	0.0000E+00	1.7832E+00
5.1500E+02	0.0000E+00	0.0000E+00	1.7824E+00
5.1600E+02	0.0000E+00	0.0000E+00	1.7818E+00
5.1700E+02	0.0000E+00	0.0000E+00	1.7858E+00
5.1800E+02	0.0000E+00	0.0000E+00	1.7898E+00
5.1900E+02	0.0000E+00	0.0000E+00	1.7981E+00
5.2000E+02	0.0000E+00	0.0000E+00	1.8006E+00
5.2100E+02	0.0000E+00	0.0000E+00	1.8106E+00
5.2200E+02	0.0000E+00	0.0000E+00	1.8163E+00
5.2300E+02	0.0000E+00	0.0000E+00	1.8250E+00
5.2400E+02	0.0000E+00	0.0000E+00	1.8297E+00
5.2500E+02	0.0000E+00	0.0000E+00	1.8250E+00
5.2600E+02	0.0000E+00	0.0000E+00	1.8234E+00
5.2700E+02	0.0000E+00	0.0000E+00	1.8225E+00
5.2800E+02	0.0000E+00	0.0000E+00	1.8089E+00
5.2900E+02	0.0000E+00	0.0000E+00	1.8083E+00
5.3000E+02	0.0000E+00	0.0000E+00	1.8073E+00
5.3100E+02	0.0000E+00	0.0000E+00	1.7973E+00
5.3200E+02	0.0000E+00	0.0000E+00	1.7965E+00
5.3300E+02	0.0000E+00	0.0000E+00	1.7916E+00
5.3400E+02	0.0000E+00	0.0000E+00	1.7893E+00
5.3500E+02	0.0000E+00	0.0000E+00	1.7822E+00
5.3600E+02	0.0000E+00	0.0000E+00	1.7846E+00
5.3700E+02	0.0000E+00	0.0000E+00	1.7795E+00
5.3800E+02	0.0000E+00	0.0000E+00	1.7880E+00
5.3900E+02	0.0000E+00	0.0000E+00	1.7851E+00
5.4000E+02	0.0000E+00	0.0000E+00	1.7812E+00
5.4100E+02	0.0000E+00	0.0000E+00	1.7866E+00
5.4200E+02	0.0000E+00	0.0000E+00	1.8022E+00
5.4300E+02	0.0000E+00	0.0000E+00	1.8091E+00
5.4400E+02	0.0000E+00	0.0000E+00	1.8276E+00
5.4500E+02	0.0000E+00	0.0000E+00	1.8405E+00
5.4600E+02	0.0000E+00	0.0000E+00	1.8587E+00
5.4700E+02	0.0000E+00	0.0000E+00	1.8682E+00
5.4800E+02	0.0000E+00	0.0000E+00	1.8739E+00
5.4900E+02	0.0000E+00	0.0000E+00	1.8756E+00
5.5000E+02	0.0000E+00	0.0000E+00	1.8697E+00
5.5100E+02	0.0000E+00	0.0000E+00	1.8605E+00
5.5200E+02	0.0000E+00	0.0000E+00	1.8532E+00
5.5300E+02	0.0000E+00	0.0000E+00	1.8469E+00
5.5400E+02	0.0000E+00	0.0000E+00	1.8395E+00
5.5500E+02	0.0000E+00	0.0000E+00	1.8373E+00
5.5600E+02	0.0000E+00	0.0000E+00	1.8348E+00
5.5700E+02	0.0000E+00	0.0000E+00	1.8321E+00
5.5800E+02	0.0000E+00	0.0000E+00	1.8260E+00
5.5900E+02	0.0000E+00	0.0000E+00	1.8152E+00
5.6000E+02	0.0000E+00	0.0000E+00	1.8219E+00
5.6100E+02	0.0000E+00	0.0000E+00	1.8216E+00
5.6200E+02	0.0000E+00	0.0000E+00	1.8177E+00
5.6300E+02	0.0000E+00	0.0000E+00	1.8194E+00
5.6400E+02	0.0000E+00	0.0000E+00	1.8239E+00
5.6500E+02	0.0000E+00	0.0000E+00	1.8281E+00
5.6600E+02	0.0000E+00	0.0000E+00	1.8366E+00
5.6700E+02	0.0000E+00	0.0000E+00	1.8634E+00
5.6800E+02	0.0000E+00	0.0000E+00	1.8799E+00
5.6900E+02	0.0000E+00	0.0000E+00	1.9064E+00
5.7000E+02	0.0000E+00	0.0000E+00	1.9315E+00
5.7100E+02	0.0000E+00	0.0000E+00	1.9450E+00
5.7200E+02	0.0000E+00	0.0000E+00	1.9411E+00
5.7300E+02	0.0000E+00	0.0000E+00	1.9404E+00
5.7400E+02	0.0000E+00	0.0000E+00	1.9296E+00
5.7500E+02	0.0000E+00	0.0000E+00	1.9289E+00
5.7600E+02	0.0000E+00	0.0000E+00	1.9200E+00
5.7700E+02	0.0000E+00	0.0000E+00	1.9057E+00
5.7800E+02	0.0000E+00	0.0000E+00	1.9107E+00
5.7900E+02	0.0000E+00	0.0000E+00	1.9033E+00
5.8000E+02	0.0000E+00	0.0000E+00	1.8875E+00
5.8100E+02	0.0000E+00	0.0000E+00	1.8910E+00
5.8200E+02	0.0000E+00	0.0000E+00	1.8885E+00
5.8300E+02	0.0000E+00	0.0000E+00	1.8750E+00
5.8400E+02	0.0000E+00	0.0000E+00	1.8754E+00
5.8500E+02	0.0000E+00	0.0000E+00	1.8731E+00
5.8600E+02	0.0000E+00	0.0000E+00	1.8727E+00
5.8700E+02	0.0000E+00	0.0000E+00	1.8719E+00
5.8800E+02	0.0000E+00	0.0000E+00	1.8782E+00
5.8900E+02	0.0000E+00	0.0000E+00	1.8912E+00
5.9000E+02	0.0000E+00	0.0000E+00	1.9035E+00
5.9100E+02	0.0000E+00	0.0000E+00	1.9174E+00
5.9200E+02	0.0000E+00	0.0000E+00	1.9502E+00
5.9300E+02	0.0000E+00	0.0000E+00	1.9718E+00
5.9400E+02	0.0000E+00	0.0000E+00	1.9926E+00
5.9500E+02	0.0000E+00	0.0000E+00	2.0056E+00
5.9600E+02	0.0000E+00	0.0000E+00	2.0018E+00
5.9700E+02	0.0000E+00	0.0000E+00	2.0083E+00
5.9800E+02	0.0000E+00	0.0000E+00	1.9974E+00
5.9900E+02	0.0000E+00	0.0000E+00	1.9792E+00
6.0000E+02	0.0000E+00	0.0000E+00	1.9818E+00
6.0100E+02	0.0000E+00	0.0000E+00	1.9769E+00
6.0200E+02	0.0000E+00	0.0000E+00	1.9636E+00
6.0300E+02	0.0000E+00	0.0000E+00	1.9573E+00
6.0400E+02	0.0000E+00	0.0000E+00	1.9400E+00
6.0500E+02	0.0000E+00	0.0000E+00	1.9423E+00
6.0600E+02	0.0000E+00	0.0000E+00	1.9441E+00
6.0700E+02	0.0000E+00	0.0000E+00	1.9261E+00
6.0800E+02	0.0000E+00	0.0000E+00	1.9377E+00
6.0900E+02	0.0000E+00	0.0000E+00	1.9289E+00
6.1000E+02	0.0000E+00	0.0000E+00	1.9332E+00
6.1100E+02	0.0000E+00	0.0000E+00	1.9312E+00
6.1200E+02	0.0000E+00	0.0000E+00	1.9400E+00
6.1300E+02	0.0000E+00	0.0000E+00	1.9417E+00
6.1400E+02	0.0000E+00	0.0000E+00	1.9436E+00
6.1500E+02	0.0000E+00	0.0000E+00	1.9740E+00
6.1600E+02	0.0000E+00	0.0000E+00	1.9795E+00
6.1700E+02	0.0000E+00	0.0000E+00	1.9939E+00
6.1800E+02	0.0000E+00	0.0000E+00	2.0004E+00
6.1900E+02	0.0000E+00	0.0000E+00	2.0307E+00
6.2000E+02	0.0000E+00	0.0000E+00	2.0345E+00
6.2100E+02	0.0000E+00	0.0000E+00	2.0334E+00
6.2200E+02	0.0000E+00	0.0000E+00	2.0412E+00
6.2300E+02	0.0000E+00	0.0000E+00	2.0178E+00
6.2400E+02	0.0000E+00	0.0000E+00	2.0167E+00
6.2500E+02	0.0000E+00	0.0000E+00	2.0298E+00
6.2600E+02	0.0000E+00	0.0000E+00	2.0291E+00
6.2700E+02	0.0000E+00	0.0000E+00	2.0244E+00
6.2800E+02	0.0000E+00	0.0000E+00	2.0132E+00
6.2900E+02	0.0000E+00	0.0000E+00	2.0123E+00
6.3000E+02	0.0000E+00	0.0000E+00	2.0005E+00
6.3100E+02	0.0000E+00	0.0000E+00	1.9963E+00
6.3200E+02	0.0000E+00	0.0000E+00	2.0106E+00
6.3300E+02	0.0000E+00	0.0000E+00	1.9910E+00
6.3400E+02	0.0000E+00	0.0000E+00	1.9948E+00
6.3500E+02	0.0000E+00	0.0000E+00	1.9994E+00
6.3600E+02	0.0000E+00	0.0000E+00	2.0059E+00
6.3700E+02	0.0000E+00	0.0000E+00	2.0005E+00
6.3800E+02	0.0000E+00	0.0000E+00	2.0007E+00
6.3900E+02	0.0000E+00	0.0000E+00	2.0053E+00
6.4000E+02	0.0000E+00	0.0000E+00	2.0008E+00
6.4100E+02	0.0000E+00	0.0000E+00	2.0050E+00
6.4200E+02	0.0000E+00	0.0000E+00	2.0279E+00
6.4300E+02	0.0000E+00	0.0000E+00	2.0438E+00
6.4400E+02	0.0000E+00	0.0000E+00	2.0638E+00
6.4500E+02	0.0000E+00	0.0000E+00	2.0671E+00
6.4600E+02	0.0000E+00	0.0000E+00	2.0893E+00
6.4700E+02	0.0000E+00	0.0000E+00	2.0692E+00
6.4800E+02	0.0000E+00	0.0000E+00	2.0543E+00
6.4900E+02	0.0000E+00	0.0000E+00	2.0550E+00
6.5000E+02	0.0000E+00	0.0000E+00	2.0612E+00
6.5100E+02	0.0000E+00	0.0000E+00	2.0520E+00
6.5200E+02	0.0000E+00	0.0000E+00	2.0505E+00
6.5300E+02	0.0000E+00	0.0000E+00	2.0452E+00
6.5400E+02	0.0000E+00	0.0000E+00	2.0270E+00
6.5500E+02	0.0000E+00	0.0000E+00	2.0406E+00
6.5600E+02	0.0000E+00	0.0000E+00	2.0325E+00
6.5700E+02	0.0000E+00	0.0000E+00	2.0105E+00
6.5800E+02	0.0000E+00	0.0000E+00	2.0314E+00
6.5900E+02	0.0000E+00	0.0000E+00	2.0357E+00
6.6000E+02	0.0000E+00	0.0000E+00	2.0243E+00
6.6100E+02	0.0000E+00	0.0000E+00	2.0435E+00
6.6200E+02	0.0000E+00	0.0000E+00	2.0216E+00
6.6300E+02	0.0000E+00	0.0000E+00	2.0315E+00
6.6400E+02	0.0000E+00	0.0000E+00	2.0417E+00
6.6500E+02	0.0000E+00	0.0000E+00	2.0453E+00
6.6600E+02	0.0000E+00	0.0000E+00	2.0672E+00
6.6700E+02	0.0000E+00	0.0000E+00	2.0896E+00
6.6800E+02	0.0000E+00	0.0000E+00	2.1131E+00
6.6900E+02	0.0000E+00	0.0000E+00	2.1268E+00
6.7000E+02	0.0000E+00	0.0000E+00	2.1421E+00
6.7100E+02	0.0000E+00	0.0000E+00	2.1430E+00
6.7200E+02	0.0000E+00	0.0000E+00	2.1389E+00
6.7300E+02	0.0000E+00	0.0000E+00	2.1395E+00
6.7400E+02	0.0000E+00	0.0000E+00	2.1390E+00
6.7500E+02	0.0000E+00	0.0000E+00	2.1457E+00
6.7600E+02	0.0000E+00	0.0000E+00	2.1298E+00
6.7700E+02	0.0000E+00	0.0000E+00	2.1112E+00
6.7800E+02	0.0000E+00	0.0000E+00	2.1207E+00
6.7900E+02	0.0000E+00	0.0000E+00	2.0953E+00
6.8000E+02	0.0000E+00	0.0000E+00	2.1098E+00
6.8100E+02	0.0000E+00	0.0000E+00	2.1014E+00
6.8200E+02	0.0000E+00	0.0000E+00	2.0908E+00
6.8300E+02	0.0000E+00	0.0000E+00	2.0971E+00
6.8400E+02	0.0000E+00	0.0000E+00	2.1031E+00
6.8500E+02	0.0000E+00	0.0000E+00	2.0936E+00
6.8600E+02	0.0000E+00	0.0000E+00	2.0830E+00
6.8700E+02	0.0000E+00	0.0000E+00	2.0815E+00
6.8800E+02	0.0000E+00	0.0000E+00	2.0738E+00
6.8900E+02	0.0000E+00	0.0000E+00	2.0741E+00
6.9000E+02	0.0000E+00	0.0000E+00	2.0571E+00
6.9100E+02	0.0000E+00	0.0000E+00	2.0606E+00
6.9200E+02	0.0000E+00	0.0000E+00	2.0566E+00
6.9300E+02	0.0000E+00	0.0000E+00	2.0576E+00
6.9400E+02	0.0000E+00	0.0000E+00	2.0540E+00
6.9500E+02	0.0000E+00	0.0000E+00	2.0419E+00
6.9600E+02	0.0000E+00	0.0000E+00	2.0328E+00
6.9700E+02	0.0000E+00	0.0000E+00	2.0341E+00
6.9800E+02	0.0000E+00	0.0000E+00	2.0303E+00
6.9900E+02	0.0000E+00	0.0000E+00	2.0183E+00
7.0000E+02	0.0000E+00	0.0000E+00	2.0202E+00
7.0100E+02	0.0000E+00	0.0000E+00	2.0152E+00
7.0200E+02	0.0000E+00	0.0000E+00	2.0178E+00
7.0300E+02	0.0000E+00	0.0000E+00	2.0117E+00
7.0400E+02	0.0000E+00	0.0000E+00	2.0067E+00
7.0500E+02	0.0000E+00	0.0000E+00	1.9987E+00
7.0600E+02	0.0000E+00	0.0000E+00	1.9937E+00
7.0700E+02	0.0000E+00	0.0000E+00	1.9944E+00
7.0800E+02	0.0000E+00	0.0000E+00	1.9978E+00
7.0900E+02	0.0000E+00	0.0000E+00	1.9968E+00
7.1000E+02	0.0000E+00	0.0000E+00	1.9834E+00
7.1100E+02	0.0000E+00	0.0000E+00	1.9913E+00
7.1200E+02	0.0000E+00	0.0000E+00	1.9854E+00
7.1300E+02	0.0000E+00	0.0000E+00	1.9813E+00
7.1400E+02	0.0000E+00	0.0000E+00	1.9869E+00
7.1500E+02	0.0000E+00	0.0000E+00	1.9898E+00
7.1600E+02	0.0000E+00	0.0000E+00	1.9815E+00
7.1700E+02	0.0000E+00	0.0000E+00	1.9771E+00
7.1800E+02	0.0000E+00	0.0000E+00	1.9709E+00
7.1900E+02	0.0000E+00	0.0000E+00	1.9635E+00
7.2000E+02	0.0000E+00	0.0000E+00	1.9570E+00
7.2100E+02	0.0000E+00	0.0000E+00	1.9536E+00
7.2200E+02	0.0000E+00	0.0000E+00	1.9444E+00
7.2300E+02	0.0000E+00	0.0000E+00	1.9445E+00
7.2400E+02	0.0000E+00	0.0000E+00	1.9410E+00
7.2500E+02	0.0000E+00	0.0000E+00	1.9371E+00
7.2600E+02	0.0000E+00	0.0000E+00	1.9372E+00
7.2700E+02	0.0000E+00	0.0000E+00	1.9263E+00
7.2800E+02	0.0000E+00	0.0000E+00	1.9262E+00
7.2900E+02	0.0000E+00	0.0000E+00	1.9275E+00
7.3000E+02	0.0000E+00	0.0000E+00	1.9287E+00
7.3100E+02	0.0000E+00	0.0000E+00	1.9301E+00
7.3200E+02	0.0000E+00	0.0000E+00	1.9279E+00
7.3300E+02	0.0000E+00	0.0000E+00	1.9262E+00
7.3400E+02	0.0000E+00	0.0000E+00	1.9215E+00
7.3500E+02	0.0000E+00	0.0000E+00	1.9249E+00
7.3600E+02	0.0000E+00	0.0000E+00	1.9209E+00
7.3700E+02	0.0000E+00	0.0000E+00	1.9173E+00
7.3800E+02	0.0000E+00	0.0000E+00	1.9095E+00
7.3900E+02	0.0000E+00	0.0000E+00	1.9161E+00
7.4000E+02	0.0000E+00	0.0000E+00	1.9128E+00
7.4100E+02	0.0000E+00	0.0000E+00	1.9046E+00
7.4200E+02	0.0000E+00	0.0000E+00	1.9090E+00
7.4300E+02	0.0000E+00	0.0000E+00	1.9037E+00
7.4400E+02	0.0000E+00	0.0000E+00	1.8978E+00
7.4500E+02	0.0000E+00	0.0000E+00	1.8990E+00
7.4600E+02	0.0000E+00	0.0000E+00	1.8970E+00
7.4700E+02	0.0000E+00	0.0000E+00	1.8929E+00
7.4800E+02	0.0000E+00	0.0000E+00	1.8914E+00
7.4900E+02	0.0000E+00	0.0000E+00	1.8918E+00
7.5000E+02	0.0000E+00	0.0000E+00	1.8873E+00
7.5100E+02	0.0000E+00	0.0000E+00	1.8927E+00
7.5200E+02	0.0000E+00	0.0000E+00	1.8940E+00
7.5300E+02	0.0000E+00	0.0000E+00	1.8933E+00
7.5400E+02	0.0000E+00	0.0000E+00	1.8929E+00
7.5500E+02	0.0000E+00	0.0000E+00	1.8949E+00
7.5600E+02	0.0000E+00	0.0000E+00	1.8914E+00
7.5700E+02	0.0000E+00	0.0000E+00	1.8936E+00
7.5800E+02	0.0000E+00	0.0000E+00	1.8889E+00
7.5900E+02	0.0000E+00	0.0000E+00	1.9008E+00
7.6000E+02	0.0000E+00	0.0000E+00	1.9033E+00
7.6100E+02	0.0000E+00	0.0000E+00	1.9034E+00
7.6200E+02	0.0000E+00	0.0000E+00	1.9039E+00
7.6300E+02	0.0000E+00	0.0000E+00	1.8963E+00
7.6400E+02	0.0000E+00	0.0000E+00	1.8957E+00
7.6500E+02	0.0000E+00	0.0000E+00	1.8897E+00
7.6600E+02	0.0000E+00	0.0000E+00	1.8841E+00
7.6700E+02	0.0000E+00	0.0000E+00	1.8752E+00
7.6800E+02	0.0000E+00	0.0000E+00	1.8678E+00
7.6900E+02	0.0000E+00	0.0000E+00	1.8640E+00
7.7000E+02	0.0000E+00	0.0000E+00	1.8599E+00
7.7100E+02	0.0000E+00	0.0000E+00	1.8575E+00
7.7200E+02	0.0000E+00	0.0000E+00	1.8508E+00
7.7300E+02	0.0000E+00	0.0000E+00	1.8514E+00
7.7400E+02	0.0000E+00	0.0000E+00	1.8499E+00
7.7500E+02	0.0000E+00	0.0000E+00	1.8491E+00
7.7600E+02	0.0000E+00	0.0000E+00	1.8444E+00
7.7700E+02	0.0000E+00	0.0000E+00	1.8464E+00
7.7800E+02	0.0000E+00	0.0000E+00	1.8455E+00
7.7900E+02	0.0000E+00	0.0000E+00	1.8513E+00
7.8000E+02	0.0000E+00	0.0000E+00	1.8537E+00
7.8100E+02	0.0000E+00	0.0000E+00	1.8505E+00
7.8200E+02	0.0000E+00	0.0000E+00	1.8490E+00
7.8300E+02	0.0000E+00	0.0000E+00	1.8497E+00
7.8400E+02	0.0000E+00	0.0000E+00	1.8521E+00
7.8500E+02	0.0000E+00	0.0000E+00	1.8451E+00
7.8600E+02	0.0000E+00	0.0000E+00	1.8457E+00
7.8700E+02	0.0000E+00	0.0000E+00	1.8476E+00
7.8800E+02	0.0000E+00	0.0000E+00	1.8407E+00
7.8900E+02	0.0000E+00	0.0000E+00	1.8368E+00
7.9000E+02	0.0000E+00	0.0000E+00	1.8373E+00
7.9100E+02	0.0000E+00	0.0000E+00	1.8366E+00
7.9200E+02	0.0000E+00	0.0000E+00	1.8375E+00
7.9300E+02	0.0000E+00	0.0000E+00	1.8304E+00
7.9400E+02	0.0000E+00	0.0000E+00	1.8257E+00
7.9500E+02	0.0000E+00	0.0000E+00	1.8282E+00
7.9600E+02	0.0000E+00	0.0000E+00	1.8195E+00
7.9700E+02	0.0000E+00	0.0000E+00	1.8156E+00
7.9800E+02	0.0000E+00	0.0000E+00	1.8205E+00
7.9900E+02	0.0000E+00	0.0000E+00	1.8188E+00
8.0000E+02	0.0000E+00	0.0000E+00	1.8180E+00
8.0100E+02	0.0000E+00	0.0000E+00	1.8158E+00
8.0200E+02	0.0000E+00	0.0000E+00	1.8142E+00
8.0300E+02	0.0000E+00	0.0000E+00	1.8127E+00
8.0400E+02	0.0000E+00	0.0000E+00	1.8148E+00
8.0500E+02	0.0000E+00	0.0000E+00	1.8106E+00
8.0600E+02	0.0000E+00	0.0000E+00	1.8085E+00
8.0700E+02	0.0000E+00	0.0000E+00	1.8075E+00
8.0800E+02	0.0000E+00	0.0000E+00	1.8075E+00
8.0900E+02	0.0000E+00	0.0000E+00	1.8082E+00
8.1000E+02	0.0000E+00	0.0000E+00	1.8085E+00
8.1100E+02	0.0000E+00	0.0000E+00	1.8089E+00
8.1200E+02	0.0000E+00	0.0000E+00	1.8113E+00
8.1300E+02	0.0000E+00	0.0000E+00	1.8039E+00
8.1400E+02	0.0000E+00	0.0000E+00	1.8054E+00
8.1500E+02	0.0000E+00	0.0000E+00	1.8050E+00
8.1600E+02	0.0000E+00	0.0000E+00	1.8048E+00
8.1700E+02	0.0000E+00	0.0000E+00	1.8012E+00
8.1800E+02	0.0000E+00	0.0000E+00	1.8022E+00
8.1900E+02	0.0000E+00	0.0000E+00	1.8003E+00
8.2000E+02	0.0000E+00	0.0000E+00	1.7996E+00
8.2100E+02	0.0000E+00	0.0000E+00	1.7943E+00
8.2200E+02	0.0000E+00	0.0000E+00	1.7920E+00
8.2300E+02	0.0000E+00	0.0000E+00	1.7952E+00
8.2400E+02	0.0000E+00	0.0000E+00	1.7954E+00
8.2500E+02	0.0000E+00	0.0000E+00	1.7968E+00
8.2600E+02	0.0000E+00	0.0000E+00	1.7907E+00
8.2700E+02	0.0000E+00	0.0000E+00	1.7946E+00
8.2800E+02	0.0000E+00	0.0000E+00	1.7928E+00
8.2900E+02	0.0000E+00	0.0000E+00	1.7878E+00
8.3000E+02	0.0000E+00	0.0000E+00	1.7903E+00
8.3100E+02	0.0000E+00	0.0000E+00	1.7858E+00
8.3200E+02	0.0000E+00	0.0000E+00	1.7898E+00
8.3300E+02	0.0000E+00	0.0000E+00	1.7972E+00
8.3400E+02	0.0000E+00	0.0000E+00	1.7994E+00
8.3500E+02	0.0000E+00	0.0000E+00	1.8063E+00
8.3600E+02	0.0000E+00	0.0000E+00	1.8149E+00
8.3700E+02	0.0000E+00	0.0000E+00	1.8069E+00
8.3800E+02	0.0000E+00	0.0000E+00	1.8014E+00
8.3900E+02	0.0000E+00	0.0000E+00	1.8020E+00
8.4000E+02	0.0000E+00	0.0000E+00	1.7970E+00
8.4100E+02	0.0000E+00	0.0000E+00	1.7934E+00
8.4200E+02	0.0000E+00	0.0000E+00	1.7874E+00
8.4300E+02	0.0000E+00	0.0000E+00	1.7877E+00
8.4400E+02	0.0000E+00	0.0000E+00	1.7865E+00
8.4500E+02	0.0000E+00	0.0000E+00	1.7804E+00
8.4600E+02	0.0000E+00	0.0000E+00	1.7752E+00
8.4700E+02	0.0000E+00	0.0000E+00	1.7778E+00
8.4800E+02	0.0000E+00	0.0000E+00	1.7793E+00
8.4900E+02	0.0000E+00	0.0000E+00	1.7753E+00
8.5000E+02	0.0000E+00	0.0000E+00	1.7757E+00
8.5100E+02	0.0000E+00	0.0000E+00	1.7772E+00
8.5200E+02	0.0000E+00	0.0000E+00	1.7777E+00
8.5300E+02	0.0000E+00	0.0000E+00	1.7772E+00
8.5400E+02	0.0000E+00	0.0000E+00	1.7783E+00
8.5500E+02	0.0000E+00	0.0000E+00	1.7735E+00
8.5600E+02	0.0000E+00	0.0000E+00	1.7754E+00
8.5700E+02	0.0000E+00	0.0000E+00	1.7792E+00
8.5800E+02	0.0000E+00	0.0000E+00	1.7804E+00
8.5900E+02	0.0000E+00	0.0000E+00	1.7903E+00
8.6000E+02	0.0000E+00	0.0000E+00	1.7923E+00
8.6100E+02	0.0000E+00	0.0000E+00	1.7935E+00
8.6200E+02	0.0000E+00	0.0000E+00	1.7960E+00
8.6300E+02	0.0000E+00	0.0000E+00	1.7986E+00
8.6400E+02	0.0000E+00	0.0000E+00	1.8007E+00
8.6500E+02	0.0000E+00	0.0000E+00	1.7990E+00
8.6600E+02	0.0000E+00	0.0000E+00	1.7987E+00
8.6700E+02	0.0000E+00	0.0000E+00	1.7919E+00
8.6800E+02	0.0000E+00	0.0000E+00	1.7960E+00
8.6900E+02	0.0000E+00	0.0000E+00	1.7919E+00
8.7000E+02	0.0000E+00	0.0000E+00	1.7863E+00
8.7100E+02	0.0000E+00	0.0000E+00	1.7822E+00
8.7200E+02	0.0000E+00	0.0000E+00	1.7825E+00
8.7300E+02	0.0000E+00	0.0000E+00	1.7806E+00
8.7400E+02	0.0000E+00	0.0000E+00	1.7851E+00
8.7500E+02	0.0000E+00	0.0000E+00	1.7852E+00
8.7600E+02	0.0000E+00	0.0000E+00	1.7838E+00
8.7700E+02	0.0000E+00	0.0000E+00	1.7857E+00
8.7800E+02	0.0000E+00	0.0000E+00	1.7795E+00
8.7900E+02	0.0000E+00	0.0000E+00	1.7816E+00
8.8000E+02	0.0000E+00	0.0000E+00	1.7831E+00
8.8100E+02	0.0000E+00	0.0000E+00	1.7886E+00
8.8200E+02	0.0000E+00	0.0000E+00	1.7958E+00
8.8300E+02	0.0000E+00	0.0000E+00	1.8054E+00
8.8400E+02	0.0000E+00	0.0000E+00	1.8107E+00
8.8500E+02	0.0000E+00	0.0000E+00	1.8172E+00
8.8600E+02	0.0000E+00	0.0000E+00	1.8232E+00
8.8700E+02	0.0000E+00	0.0000E+00	1.8294E+00
8.8800E+02	0.0000E+00	0.0000E+00	1.8324E+00
8.8900E+02	0.0000E+00	0.0000E+00	1.8331E+00
8.9000E+02	0.0000E+00	0.0000E+00	1.8333E+00
8.9100E+02	0.0000E+00	0.0000E+00	1.8275E+00
8.9200E+02	0.0000E+00	0.0000E+00	1.8270E+00
8.9300E+02	0.0000E+00	0.0000E+00	1.8297E+00
8.9400E+02	0.0000E+00	0.0000E+00	1.8242E+00
8.9500E+02	0.0000E+00	0.0000E+00	1.8218E+00
8.9600E+02	0.0000E+00	0.0000E+00	1.8179E+00
8.9700E+02	0.0000E+00	0.0000E+00	1.8162E+00
8.9800E+02	0.0000E+00	0.0000E+00	1.8180E+00
8.9900E+02	0.0000E+00	0.0000E+00	1.8223E+00
9.0000E+02	0.0000E+00	0.0000E+00	1.7565E+00
9.0100E+02	0.0000E+00	0.0000E+00	1.7589E+00
9.0200E+02	0.0000E+00	0.0000E+00	1.7598E+00
9.0300E+02	0.0000E+00	0.0000E+00	1.7587E+00
9.0400E+02	0.0000E+00	0.0000E+00	1.7622E+00
9.0500E+02	0.0000E+00	0.0000E+00	1.7684E+00
9.0600E+02	0.0000E+00	0.0000E+00	1.7733E+00
9.0700E+02	0.0000E+00	0.0000E+00	1.7738E+00
9.0800E+02	0.0000E+00	0.0000E+00	1.7796E+00
9.0900E+02	0.0000E+00	0.0000E+00	1.7818E+00
9.1000E+02	0.0000E+00	0.0000E+00	1.7896E+00
9.1100E+02	0.0000E+00	0.0000E+00	1.7885E+00
9.1200E+02	0.0000E+00	0.0000E+00	1.7840E+00
9.1300E+02	0.0000E+00	0.0000E+00	1.7883E+00
9.1400E+02	0.0000E+00	0.0000E+00	1.7839E+00
9.1500E+02	0.0000E+00	0.0000E+00	1.7824E+00
9.1600E+02	0.0000E+00	0.0000E+00	1.7816E+00
9.1700E+02	0.0000E+00	0.0000E+00	1.7768E+00
9.1800E+02	0.0000E+00	0.0000E+00	1.7761E+00
9.1900E+02	0.0000E+00	0.0000E+00	1.7761E+00
9.2000E+02	0.0000E+00	0.0000E+00	1.7777E+00
9.2100E+02	0.0000E+00	0.0000E+00	1.7778E+00
9.2200E+02	0.0000E+00	0.0000E+00	1.7760E+00
9.2300E+02	0.0000E+00	0.0000E+00	1.7753E+00
9.2400E+02	0.0000E+00	0.0000E+00	1.7700E+00
9.2500E+02	0.0000E+00	0.0000E+00	1.7680E+00
9.2600E+02	0.0000E+00	0.0000E+00	1.7690E+00
9.2700E+02	0.0000E+00	0.0000E+00	1.7685E+00
9.2800E+02	0.0000E+00	0.0000E+00	1.7643E+00
9.2900E+02	0.0000E+00	0.0000E+00	1.7649E+00
9.3000E+02	0.0000E+00	0.0000E+00	1.7693E+00
9.3100E+02	0.0000E+00	0.0000E+00	1.7708E+00
9.3200E+02	0.0000E+00	0.0000E+00	1.7729E+00
9.3300E+02	0.0000E+00	0.0000E+00	1.7759E+00
9.3400E+02	0.0000E+00	0.0000E+00	1.7755E+00
9.3500E+02	0.0000E+00	0.0000E+00	1.7742E+00
9.3600E+02	0.0000E+00	0.0000E+00	1.7759E+00
9.3700E+02	0.0000E+00	0.0000E+00	1.7763E+00
9.3800E+02	0.0000E+00	0.0000E+00	1.7769E+00
9.3900E+02	0.0000E+00	0.0000E+00	1.7737E+00
9.4000E+02	0.0000E+00	0.0000E+00	1.7753E+00
9.4100E+02	0.0000E+00	0.0000E+00	1.7708E+00
9.4200E+02	0.0000E+00	0.0000E+00	1.7697E+00
9.4300E+02	0.0000E+00	0.0000E+00	1.7642E+00
9.4400E+02	0.0000E+00	0.0000E+00	1.7602E+00
9.4500E+02	0.0000E+00	0.0000E+00	1.7662E+00
9.4600E+02	0.0000E+00	0.0000E+00	1.7662E+00
9.4700E+02	0.0000E+00	0.0000E+00	1.7677E+00
9.4800E+02	0.0000E+00	0.0000E+00	1.7649E+00
9.4900E+02	0.0000E+00	0.0000E+00	1.7638E+00
9.5000E+02	0.0000E+00	0.0000E+00	1.7610E+00
9.5100E+02	0.0000E+00	0.0000E+00	1.7652E+00
9.5200E+02	0.0000E+00	0.0000E+00	1.7587E+00
9.5300E+02	0.0000E+00	0.0000E+00	1.7567E+00
9.5400E+02	0.0000E+00	0.0000E+00	1.7612E+00
9.5500E+02	0.0000E+00	0.0000E+00	1.7616E+00
9.5600E+02	0.0000E+00	0.0000E+00	1.7608E+00
9.5700E+02	0.0000E+00	0.0000E+00	1.7630E+00
9.5800E+02	0.0000E+00	0.0000E+00	1.7619E+00
9.5900E+02	0.0000E+00	0.0000E+00	1.7649E+00
9.6000E+02	0.0000E+00	0.0000E+00	1.7639E+00
9.6100E+02	0.0000E+00	0.0000E+00	1.7648E+00
9.6200E+02	0.0000E+00	0.0000E+00	1.7674E+00
9.6300E+02	0.0000E+00	0.0000E+00	1.7682E+00
9.6400E+02	0.0000E+00	0.0000E+00	1.7651E+00
9.6500E+02	0.0000E+00	0.0000E+00	1.7633E+00
9.6600E+02	0.0000E+00	0.0000E+00	1.7617E+00
9.6700E+02	0.0000E+00	0.0000E+00	1.7637E+00
9.6800E+02	0.0000E+00	0.0000E+00	1.7633E+00
9.6900E+02	0.0000E+00	0.0000E+00	1.7587E+00
9.7000E+02	0.0000E+00	0.0000E+00	1.7592E+00
9.7100E+02	0.0000E+00	0.0000E+00	1.7621E+00
9.7200E+02	0.0000E+00	0.0000E+00	1.7614E+00
9.7300E+02	0.0000E+00	0.0000E+00	1.7628E+00
9.7400E+02	0.0000E+00	0.0000E+00	1.7611E+00
9.7500E+02	0.0000E+00	0.0000E+00	1.7623E+00
9.7600E+02	0.0000E+00	0.0000E+00	1.7580E+00
9.7700E+02	0.0000E+00	0.0000E+00	1.7586E+00
9.7800E+02	0.0000E+00	0.0000E+00	1.7606E+00
9.7900E+02	0.0000E+00	0.0000E+00	1.7693E+00
9.8000E+02	0.0000E+00	0.0000E+00	1.7719E+00
9.8100E+02	0.0000E+00	0.0000E+00	1.7753E+00
9.8200E+02	0.0000E+00	0.0000E+00	1.7812E+00
9.8300E+02	0.0000E+00	0.0000E+00	1.7810E+00
9.8400E+02	0.0000E+00	0.0000E+00	1.7784E+00
9.8500E+02	0.0000E+00	0.0000E+00	1.7741E+00
9.8600E+02	0.0000E+00	0.0000E+00	1.7698E+00
9.8700E+02	0.0000E+00	0.0000E+00	1.7691E+00
9.8800E+02	0.0000E+00	0.0000E+00	1.7644E+00
9.8900E+02	0.0000E+00	0.0000E+00	1.7665E+00
9.9000E+02	0.0000E+00	0.0000E+00	1.7590E+00
9.9100E+02	0.0000E+00	0.0000E+00	1.7578E+00
9.9200E+02	0.0000E+00	0.0000E+00	1.7548E+00
9.9300E+02	0.0000E+00	0.0000E+00	1.7587E+00
9.9400E+02	0.0000E+00	0.0000E+00	1.7597E+00
9.9500E+02	0.0000E+00	0.0000E+00	1.7635E+00
9.9600E+02	0.0000E+00	0.0000E+00	1.7549E+00
9.9700E+02	0.0000E+00	0.0000E+00	1.7531E+00
9.9800E+02	0.0000E+00	0.0000E+00	1.7518E+00
9.9900E+02	0.0000E+00	0.0000E+00	1.7557E+00
1.0000E+03	0.0000E+00	0.0000E+00	1.7540E+00
1.0010E+03	0.0000E+00	0.0000E+00	1.7684E+00
1.0020E+03	0.0000E+00	0.0000E+00	1.7734E+00
1.0030E+03	0.0000E+00	0.0000E+00	1.7872E+00
1.0040E+03	0.0000E+00	0.0000E+00	1.7977E+00
1.0050E+03	0.0000E+00	0.0000E+00	1.8058E+00
1.0060E+03	0.0000E+00	0.0000E+00	1.8172E+00
1.0070E+03	0.0000E+00	0.0000E+00	1.8209E+00
1.0080E+03	0.0000E+00	0.0000E+00	1.8221E+00
1.0090E+03	0.0000E+00	0.0000E+00	1.8252E+00
1.0100E+03	0.0000E+00	0.0000E+00	1.8234E+00
1.0110E+03	0.0000E+00	0.0000E+00	1.8195E+00
1.0120E+03	0.0000E+00	0.0000E+00	1.8157E+00
1.0130E+03	0.0000E+00	0.0000E+00	1.8101E+00
1.0140E+03	0.0000E+00	0.0000E+00	1.8098E+00
1.0150E+03	0.0000E+00	0.0000E+00	1.8068E+00
1.0160E+03	0.0000E+00	0.0000E+00	1.8074E+00
1.0170E+03	0.0000E+00	0.0000E+00	1.8072E+00
1.0180E+03	0.0000E+00	0.0000E+00	1.8057E+00
1.0190E+03	0.0000E+00	0.0000E+00	1.8044E+00
1.0200E+03	0.0000E+00	0.0000E+00	1.8010E+00
1.0210E+03	0.0000E+00	0.0000E+00	1.8028E+00
1.0220E+03	0.0000E+00	0.0000E+00	1.8024E+00
1.0230E+03	0.0000E+00	0.0000E+00	1.8015E+00
1.0240E+03	0.0000E+00	0.0000E+00	1.8024E+00
1.0250E+03	0.0000E+00	0.0000E+00	1.8184E+00
1.0260E+03	0.0000E+00	0.0000E+00	1.8228E+00
1.0270E+03	0.0000E+00	0.0000E+00	1.8281E+00
1.0280E+03	0.0000E+00	0.0000E+00	1.8376E+00
1.0290E+03	0.0000E+00	0.0000E+00	1.8450E+00
1.0300E+03	0.0000E+00	0.0000E+00	1.8544E+00
1.0310E+03	0.0000E+00	0.0000E+00	1.8563E+00
1.0320E+03	0.0000E+00	0.0000E+00	1.8581E+00
1.0330E+03	0.0000E+00	0.0000E+00	1.8584E+00
1.0340E+03	0.0000E+00	0.0000E+00	1.8544E+00
1.0350E+03	0.0000E+00	0.0000E+00	1.8504E+00
1.0360E+03	0.0000E+00	0.0000E+00	1.8496E+00
1.0370E+03	0.0000E+00	0.0000E+00	1.8438E+00
1.0380E+03	0.0000E+00	0.0000E+00	1.8455E+00
1.0390E+03	0.0000E+00	0.0000E+00	1.8412E+00
1.0400E+03	0.0000E+00	0.0000E+00	1.8431E+00
1.0410E+03	0.0000E+00	0.0000E+00	1.8417E+00
1.0420E+03	0.0000E+00	0.0000E+00	1.8396E+00
1.0430E+03	0.0000E+00	0.0000E+00	1.8358E+00
1.0440E+03	0.0000E+00	0.0000E+00	1.8399E+00
1.0450E+03	0.0000E+00	0.0000E+00	1.8315E+00
1.0460E+03	0.0000E+00	0.0000E+00	1.8395E+00
1.0470E+03	0.0000E+00	0.0000E+00	1.8463E+00
1.0480E+03	0.0000E+00	0.0000E+00	1.8481E+00
1.0490E+03	0.0000E+00	0.0000E+00	1.8538E+00
1.0500E+03	0.0000E+00	0.0000E+00	1.8665E+00
1.0510E+03	0.0000E+00	0.0000E+00	1.8893E+00
1.0520E+03	0.0000E+00	0.0000E+00	1.9167E+00
1.0530E+03	0.0000E+00	0.0000E+00	1.9385E+00
1.0540E+03	0.0000E+00	0.0000E+00	1.9494E+00
1.0550E+03	0.0000E+00	0.0000E+00	1.9566E+00
1.0560E+03	0.0000E+00	0.0000E+00	1.9568E+00
1.0570E+03	0.0000E+00	0.0000E+00	1.9559E+00
1.0580E+03	0.0000E+00	0.0000E+00	1.9550E+00
1.0590E+03	0.0000E+00	0.0000E+00	1.9515E+00
1.0600E+03	0.0000E+00	0.0000E+00	1.9525E+00
1.0610E+03	0.0000E+00	0.0000E+00	1.9448E+00
1.0620E+03	0.0000E+00	0.0000E+00	1.9507E+00
1.0630E+03	0.0000E+00	0.0000E+00	1.9406E+00
1.0640E+03	0.0000E+00	0.0000E+00	1.9382E+00
1.0650E+03	0.0000E+00	0.0000E+00	1.9349E+00
1.0660E+03	0.0000E+00	0.0000E+00	1.9411E+00
1.0670E+03	0.0000E+00	0.0000E+00	1.9351E+00
1.0680E+03	0.0000E+00	0.0000E+00	1.9311E+00
1.0690E+03	0.0000E+00	0.0000E+00	1.9316E+00
1.0700E+03	0.0000E+00	0.0000E+00	1.9353E+00
1.0710E+03	0.0000E+00	0.0000E+00	1.9360E+00
1.0720E+03	0.0000E+00	0.0000E+00	1.9338E+00
1.0730E+03	0.0000E+00	0.0000E+00	1.9528E+00
1.0740E+03	0.0000E+00	0.0000E+00	1.9512E+00
1.0750E+03	0.0000E+00	0.0000E+00	1.9587E+00
1.0760E+03	0.0000E+00	0.0000E+00	1.9762E+00
1.0770E+03	0.0000E+00	0.0000E+00	1.9792E+00
1.0780E+03	0.0000E+00	0.0000E+00	1.9867E+00
1.0790E+03	0.0000E+00	0.0000E+00	1.9911E+00
1.0800E+03	0.0000E+00	0.0000E+00	1.9989E+00
1.0810E+03	0.0000E+00	0.0000E+00	1.9968E+00
1.0820E+03	0.0000E+00	0.0000E+00	1.9965E+00
1.0830E+03	0.0000E+00	0.0000E+00	1.9934E+00
1.0840E+03	0.0000E+00	0.0000E+00	1.9943E+00
1.0850E+03	0.0000E+00	0.0000E+00	1.9916E+00
1.0860E+03	0.0000E+00	0.0000E+00	1.9887E+00
1.0870E+03	0.0000E+00	0.0000E+00	1.9863E+00
1.0880E+03	0.0000E+00	0.0000E+00	1.9801E+00
1.0890E+03	0.0000E+00	0.0000E+00	1.9739E+00
1.0900E+03	0.0000E+00	0.0000E+00	1.9776E+00
1.0910E+03	0.0000E+00	0.0000E+00	1.9727E+00
1.0920E+03	0.0000E+00	0.0000E+00	1.9760E+00
1.0930E+03	0.0000E+00	0.0000E+00	1.9696E+00
1.0940E+03	0.0000E+00	0.0000E+00	1.9697E+00
1.0950E+03	0.0000E+00	0.0000E+00	1.9719E+00
1.0960E+03	0.0000E+00	0.0000E+00	1.9734E+00
1.0970E+03	0.0000E+00	0.0000E+00	1.9741E+00
1.0980E+03	0.0000E+00	0.0000E+00	1.9794E+00
1.0990E+03	0.0000E+00	0.0000E+00	1.9939E+00
1.1000E+03	0.0000E+00	0.0000E+00	2.0022E+00
1.1010E+03	0.0000E+00	0.0000E+00	2.0098E+00
1.1020E+03	0.0000E+00	0.0000E+00	2.0186E+00
1.1030E+03	0.0000E+00	0.0000E+00	2.0184E+00
1.1040E+03	0.0000E+00	0.0000E+00	2.0252E+00
1.1050E+03	0.0000E+00	0.0000E+00	2.0177E+00
1.1060E+03	0.0000E+00	0.0000E+00	2.0243E+00
1.1070E+03	0.0000E+00	0.0000E+00	2.0117E+00
1.1080E+03	0.0000E+00	0.0000E+00	2.0145E+00
1.1090E+03	0.0000E+00	0.0000E+00	2.0155E+00
1.1100E+03	0.0000E+00	0.0000E+00	2.0081E+00
1.1110E+03	0.0000E+00	0.0000E+00	2.0008E+00
1.1120E+03	0.0000E+00	0.0000E+00	2.0023E+00
1.1130E+03	0.0000E+00	0.0000E+00	2.0015E+00
1.1140E+03	0.0000E+00	0.0000E+00	1.9955E+00
1.1150E+03	0.0000E+00	0.0000E+00	1.9972E+00
1.1160E+03	0.0000E+00	0.0000E+00	1.9913E+00
1.1170E+03	0.0000E+00	0.0000E+00	1.9943E+00
1.1180E+03	0.0000E+00	0.0000E+00	1.9915E+00
1.1190E+03	0.0000E+00	0.0000E+00	1.9870E+00
1.1200E+03	0.0000E+00	0.0000E+00	1.9946E+00
1.1210E+03	0.0000E+00	0.0000E+00	1.9964E+00
1.1220E+03	0.0000E+00	0.0000E+00	2.0009E+00
1.1230E+03	0.0000E+00	0.0000E+00	2.0139E+00
1.1240E+03	0.0000E+00	0.0000E+00	2.0343E+00
1.1250E+03	0.0000E+00	0.0000E+00	2.0419E+00
1.1260E+03	0.0000E+00	0.0000E+00	2.0542E+00
1.1270E+03	0.0000E+00	0.0000E+00	2.0595E+00
1.1280E+03	0.0000E+00	0.0000E+00	2.0607E+00
1.1290E+03	0.0000E+00	0.0000E+00	2.0597E+00
1.1300E+03	0.0000E+00	0.0000E+00	2.0629E+00
1.1310E+03	0.0000E+00	0.0000E+00	2.0541E+00
1.1320E+03	0.0000E+00	0.0000E+00	2.0543E+00
1.1330E+03	0.0000E+00	0.0000E+00	2.0513E+00
1.1340E+03	0.0000E+00	0.0000E+00	2.0508E+00
1.1350E+03	0.0000E+00	0.0000E+00	2.0488E+00
1.1360E+03	0.0000E+00	0.0000E+00	2.0410E+00
1.1370E+03	0.0000E+00	0.0000E+00	2.0391E+00
1.1380E+03	0.0000E+00	0.0000E+00	2.0370E+00
1.1390E+03	0.0000E+00	0.0000E+00	2.0339E+00
1.1400E+03	0.0000E+00	0.0000E+00	2.0294E+00
1.1410E+03	0.0000E+00	0.0000E+00	2.0248E+00
1.1420E+03	0.0000E+00	0.0000E+00	2.0198E+00
1.1430E+03	0.0000E+00	0.0000E+00	2.0213E+00
1.1440E+03	0.0000E+00	0.0000E+00	2.0255E+00
1.1450E+03	0.0000E+00	0.0000E+00	2.0339E+00
1.1460E+03	0.0000E+00	0.0000E+00	2.0496E+00
1.1470E+03	0.0000E+00	0.0000E+00	2.0829E+00
1.1480E+03	0.0000E+00	0.0000E+00	2.1036E+00
1.1490E+03	0.0000E+00	0.0000E+00	2.1297E+00
1.1500E+03	0.0000E+00	0.0000E+00	2.1407E+00
1.1510E+03	0.0000E+00	0.0000E+00	2.1538E+00
1.1520E+03	0.0000E+00	0.0000E+00	2.1626E+00
1.1530E+03	0.0000E+00	0.0000E+00	2.1635E+00
1.1540E+03	0.0000E+00	0.0000E+00	2.1727E+00
1.1550E+03	0.0000E+00	0.0000E+00	2.1832E+00
1.1560E+03	0.0000E+00	0.0000E+00	2.1824E+00
1.1570E+03	0.0000E+00	0.0000E+00	2.1828E+00
1.1580E+03	0.0000E+00	0.0000E+00	2.1844E+00
1.1590E+03	0.0000E+00	0.0000E+00	2.1759E+00
1.1600E+03	0.0000E+00	0.0000E+00	2.1771E+00
1.1610E+03	0.0000E+00	0.0000E+00	2.1688E+00
1.1620E+03	0.0000E+00	0.0000E+00	2.1673E+00
1.1630E+03	0.0000E+00	0.0000E+00	2.1558E+00
1.1640E+03	0.0000E+00	0.0000E+00	2.1520E+00
1.1650E+03	0.0000E+00	0.0000E+00	2.1515E+00
1.1660E+03	0.0000E+00	0.0000E+00	2.1430E+00
1.1670E+03	0.0000E+00	0.0000E+00	2.1388E+00
1.1680E+03	0.0000E+00	0.0000E+00	2.1401E+00
1.1690E+03	0.0000E+00	0.0000E+00	2.1434E+00
1.1700E+03	0.0000E+00	0.0000E+00	2.1562E+00
1.1710E+03	0.0000E+00	0.0000E+00	2.1705E+00
1.1720E+03	0.0000E+00	0.0000E+00	2.1873E+00
1.1730E+03	0.0000E+00	0.0000E+00	2.2033E+00
1.1740E+03	0.0000E+00	0.0000E+00	2.2231E+00
1.1750E+03	0.0000E+00	0.0000E+00	2.2374E+00
1.1760E+03	0.0000E+00	0.0000E+00	2.2470E+00
1.1770E+03	0.0000E+00	0.0000E+00	2.2535E+00
1.1780E+03	0.0000E+00	0.0000E+00	2.2617E+00
1.1790E+03	0.0000E+00	0.0000E+00	2.2682E+00
1.1800E+03	0.0000E+00	0.0000E+00	2.2717E+00
1.1810E+03	0.0000E+00	0.0000E+00	2.2646E+00
1.1820E+03	0.0000E+00	0.0000E+00	2.2601E+00
1.1830E+03	0.0000E+00	0.0000E+00	2.2599E+00
1.1840E+03	0.0000E+00	0.0000E+00	2.2575E+00
1.1850E+03	0.0000E+00	0.0000E+00	2.2496E+00
1.1860E+03	0.0000E+00	0.0000E+00	2.2416E+00
1.1870E+03	0.0000E+00	0.0000E+00	2.2340E+00
1.1880E+03	0.0000E+00	0.0000E+00	2.2282E+00
1.1890E+03	0.0000E+00	0.0000E+00	2.2164E+00
1.1900E+03	0.0000E+00	0.0000E+00	2.2100E+00
1.1910E+03	0.0000E+00	0.0000E+00	2.2027E+00
1.1920E+03	0.0000E+00	0.0000E+00	2.1995E+00
1.1930E+03	0.0000E+00	0.0000E+00	2.1991E+00
1.1940E+03	0.0000E+00	0.0000E+00	2.2041E+00
1.1950E+03	0.0000E+00	0.0000E+00	2.2105E+00
1.1960E+03	0.0000E+00	0.0000E+00	2.2215E+00
1.1970E+03	0.0000E+00	0.0000E+00	2.2307E+00
1.1980E+03	0.0000E+00	0.0000E+00	2.2356E+00
1.1990E+03	0.0000E+00	0.0000E+00	2.2458E+00
1.2000E+03	0.0000E+00	0.0000E+00	2.2532E+00
1.2010E+03	0.0000E+00	0.0000E+00	2.2583E+00
1.2020E+03	0.0000E+00	0.0000E+00	2.2668E+00
1.2030E+03	0.0000E+00	0.0000E+00	2.2696E+00
1.2040E+03	0.0000E+00	0.0000E+00	2.2743E+00
1.2050E+03	0.0000E+00	0.0000E+00	2.2738E+00
1.2060E+03	0.0000E+00	0.0000E+00	2.2739E+00
1.2070E+03	0.0000E+00	0.0000E+00	2.2623E+00
1.2080E+03	0.0000E+00	0.0000E+00	2.2611E+00
1.2090E+03	0.0000E+00	0.0000E+00	2.2556E+00
1.2100E+03	0.0000E+00	0.0000E+00	2.2499E+00
1.2110E+03	0.0000E+00	0.0000E+00	2.2368E+00
1.2120E+03	0.0000E+00	0.0000E+00	2.2356E+00
1.2130E+03	0.0000E+00	0.0000E+00	2.2232E+00
1.2140E+03	0.0000E+00	0.0000E+00	2.2165E+00
1.2150E+03	0.0000E+00	0.0000E+00	2.2064E+00
1.2160E+03	0.0000E+00	0.0000E+00	2.2087E+00
1.2170E+03	0.0000E+00	0.0000E+00	2.2101E+00
1.2180E+03	0.0000E+00	0.0000E+00	2.2131E+00
1.2190E+03	0.0000E+00	0.0000E+00	2.2247E+00
1.2200E+03	0.0000E+00	0.0000E+00	2.2411E+00
1.2210E+03	0.0000E+00	0.0000E+00	2.2579E+00
1.2220E+03	0.0000E+00	0.0000E+00	2.2719E+00
1.2230E+03	0.0000E+00	0.0000E+00	2.2836E+00
1.2240E+03	0.0000E+00	0.0000E+00	2.3039E+00
1.2250E+03	0.0000E+00	0.0000E+00	2.3166E+00
1.2260E+03	0.0000E+00	0.0000E+00	2.3234E+00
1.2270E+03	0.0000E+00	0.0000E+00	2.3347E+00
1.2280E+03	0.0000E+00	0.0000E+00	2.3360E+00
1.2290E+03	0.0000E+00	0.0000E+00	2.3359E+00
1.2300E+03	0.0000E+00	0.0000E+00	2.3285E+00
1.2310E+03	0.0000E+00	0.0000E+00	2.3217E+00
1.2320E+03	0.0000E+00	0.0000E+00	2.3134E+00
1.2330E+03	0.0000E+00	0.0000E+00	2.3067E+00
1.2340E+03	0.0000E+00	0.0000E+00	2.2947E+00
1.2350E+03	0.0000E+00	0.0000E+00	2.2891E+00
1.2360E+03	0.0000E+00	0.0000E+00	2.2752E+00
1.2370E+03	0.0000E+00	0.0000E+00	2.2693E+00
1.2380E+03	0.0000E+00	0.0000E+00	2.2593E+00
1.2390E+03	0.0000E+00	0.0000E+00	2.2459E+00
1.2400E+03	0.0000E+00	0.0000E+00	2.2407E+00
1.2410E+03	0.0000E+00	0.0000E+00	2.2346E+00
1.2420E+03	0.0000E+00	0.0000E+00	2.2330E+00
1.2430E+03	0.0000E+00	0.0000E+00	2.2353E+00
1.2440E+03	0.0000E+00	0.0000E+00	2.2352E+00
1.2450E+03	0.0000E+00	0.0000E+00	2.2418E+00
1.2460E+03	0.0000E+00	0.0000E+00	2.2531E+00
1.2470E+03	0.0000E+00	0.0000E+00	2.2600E+00
1.2480E+03	0.0000E+00	0.0000E+00	2.2646E+00
1.2490E+03	0.0000E+00	0.0000E+00	2.2703E+00
1.2500E+03	0.0000E+00	0.0000E+00	2.2702E+00
1.2510E+03	0.0000E+00	0.0000E+00	2.2709E+00
1.2520E+03	0.0000E+00	0.0000E+00	2.2714E+00
1.2530E+03	0.0000E+00	0.0000E+00	2.2649E+00
1.2540E+03	0.0000E+00	0.0000E+00	2.2628E+00
1.2550E+03	0.0000E+00	0.0000E+00	2.2563E+00
1.2560E+03	0.0000E+00	0.0000E+00	2.2519E+00
1.2570E+03	0.0000E+00	0.0000E+00	2.2442E+00
1.2580E+03	0.0000E+00	0.0000E+00	2.2400E+00
1.2590E+03	0.0000E+00	0.0000E+00	2.2253E+00
1.2600E+03	0.0000E+00	0.0000E+00	2.2214E+00
1.2610E+03	0.0000E+00	0.0000E+00	2.2165E+00
1.2620E+03	0.0000E+00	0.0000E+00	2.2045E+00
1.2630E+03	0.0000E+00	0.0000E+00	2.1960E+00
1.2640E+03	0.0000E+00	0.0000E+00	2.1911E+00
1.2650E+03	0.0000E+00	0.0000E+00	2.1863E+00
1.2660E+03	0.0000E+00	0.0000E+00	2.1915E+00
1.2670E+03	0.0000E+00	0.0000E+00	2.1947E+00
1.2680E+03	0.0000E+00	0.0000E+00	2.2003E+00
1.2690E+03	0.0000E+00	0.0000E+00	2.2106E+00
1.2700E+03	0.0000E+00	0.0000E+00	2.2192E+00
1.2710E+03	0.0000E+00	0.0000E+00	2.2242E+00
1.2720E+03	0.0000E+00	0.0000E+00	2.2326E+00
1.2730E+03	0.0000E+00	0.0000E+00	2.2426E+00
1.2740E+03	0.0000E+00	0.0000E+00	2.2412E+00
1.2750E+03	0.0000E+00	0.0000E+00	2.2478E+00
1.2760E+03	0.0000E+00	0.0000E+00	2.2482E+00
1.2770E+03	0.0000E+00	0.0000E+00	2.2474E+00
1.2780E+03	0.0000E+00	0.0000E+00	2.2404E+00
1.2790E+03	0.0000E+00	0.0000E+00	2.2345E+00
1.2800E+03	0.0000E+00	0.0000E+00	2.2300E+00
1.2810E+03	0.0000E+00	0.0000E+00	2.2231E+00
1.2820E+03	0.0000E+00	0.0000E+00	2.2192E+00
1.2830E+03	0.0000E+00	0.0000E+00	2.2099E+00
1.2840E+03	0.0000E+00	0.0000E+00	2.2055E+00
1.2850E+03	0.0000E+00	0.0000E+00	2.1906E+00
1.2860E+03	0.0000E+00	0.0000E+00	2.1857E+00
1.2870E+03	0.0000E+00	0.0000E+00	2.1731E+00
1.2880E+03	0.0000E+00	0.0000E+00	2.1686E+00
1.2890E+03	0.0000E+00	0.0000E+00	2.1581E+00
1.2900E+03	0.0000E+00	0.0000E+00	2.1628E+00
1.2910E+03	0.0000E+00	0.0000E+00	2.1704E+00
1.2920E+03	0.0000E+00	0.0000E+00	2.1755E+00
1.2930E+03	0.0000E+00	0.0000E+00	2.1855E+00
1.2940E+03	0.0000E+00	0.0000E+00	2.1941E+00
1.2950E+03	0.0000E+00	0.0000E+00	2.2037E+00
1.2960E+03	0.0000E+00	0.0000E+00	2.2117E+00
1.2970E+03	0.0000E+00	0.0000E+00	2.2134E+00
1.2980E+03	0.0000E+00	0.0000E+00	2.2190E+00
1.2990E+03	0.0000E+00	0.0000E+00	2.2233E+00
1.3000E+03	0.0000E+00	0.0000E+00	2.2244E+00
1.3010E+03	0.0000E+00	0.0000E+00	2.2187E+00
1.3020E+03	0.0000E+00	0.0000E+00	2.2200E+00
1.3030E+03	0.0000E+00	0.0000E+00	2.2122E+00
1.3040E+03	0.0000E+00	0.0000E+00	2.2108E+00
1.3050E+03	0.0000E+00	0.0000E+00	2.2034E+00
1.3060E+03	0.0000E+00	0.0000E+00	2.1975E+00
1.3070E+03	0.0000E+00	0.0000E+00	2.1935E+00
1.3080E+03	0.0000E+00	0.0000E+00	2.1843E+00
1.3090E+03	0.0000E+00	0.0000E+00	2.1753E+00
1.3100E+03	0.0000E+00	0.0000E+00	2.1677E+00
1.3110E+03	0.0000E+00	0.0000E+00	2.1611E+00
1.3120E+03	0.0000E+00	0.0000E+00	2.1543E+00
1.3130E+03	0.0000E+00	0.0000E+00	2.1525E+00
1.3140E+03	0.0000E+00	0.0000E+00	2.1579E+00
1.3150E+03	0.0000E+00	0.0000E+00	2.1654E+00
1.3160E+03	0.0000E+00	0.0000E+00	2.1823E+00
1.3170E+03	0.0000E+00	0.0000E+00	2.1947E+00
1.3180E+03	0.0000E+00	0.0000E+00	2.2092E+00
1.3190E+03	0.0000E+00	0.0000E+00	2.2246E+00
1.3200E+03	0.0000E+00	0.0000E+00	2.2346E+00
1.3210E+03	0.0000E+00	0.0000E+00	2.2464E+00
1.3220E+03	0.0000E+00	0.0000E+00	2.2610E+00
1.3230E+03	0.0000E+00	0.0000E+00	2.2696E+00
1.3240E+03	0.0000E+00	0.0000E+00	2.2774E+00
1.3250E+03	0.0000E+00	0.0000E+00	2.2810E+00
1.3260E+03	0.0000E+00	0.0000E+00	2.2824E+00
1.3270E+03	0.0000E+00	0.0000E+00	2.2792E+00
1.3280E+03	0.0000E+00	0.0000E+00	2.2797E+00
1.3290E+03	0.0000E+00	0.0000E+00	2.2764E+00
1.3300E+03	0.0000E+00	0.0000E+00	2.2661E+00
1.3310E+03	0.0000E+00	0.0000E+00	2.2603E+00
1.3320E+03	0.0000E+00	0.0000E+00	2.2521E+00
1.3330E+03	0.0000E+00	0.0000E+00	2.2438E+00
1.3340E+03	0.0000E+00	0.0000E+00	2.2314E+00
1.3350E+03	0.0000E+00	0.0000E+00	2.2262E+00
1.3360E+03	0.0000E+00	0.0000E+00	2.2191E+00
1.3370E+03	0.0000E+00	0.0000E+00	2.2162E+00
1.3380E+03	0.0000E+00	0.0000E+00	2.2128E+00
1.3390E+03	0.0000E+00	0.0000E+00	2.2190E+00
1.3400E+03	0.0000E+00	0.0000E+00	2.2261E+00
1.3410E+03	0.0000E+00	0.0000E+00	2.2360E+00
1.3420E+03	0.0000E+00	0.0000E+00	2.2504E+00
1.3430E+03	0.0000E+00	0.0000E+00	2.2693E+00
1.3440E+03	0.0000E+00	0.0000E+00	2.2861E+00
1.3450E+03	0.0000E+00	0.0000E+00	2.3006E+00
1.3460E+03	0.0000E+00	0.0000E+00	2.3192E+00
1.3470E+03	0.0000E+00	0.0000E+00	2.3289E+00
1.3480E+03	0.0000E+00	0.0000E+00	2.3419E+00
1.3490E+03	0.0000E+00	0.0000E+00	2.3487E+00
1.3500E+03	0.0000E+00	0.0000E+00	2.3531E+00
1.3510E+03	0.0000E+00	0.0000E+00	2.3541E+00
1.3520E+03	0.0000E+00	0.0000E+00	2.3527E+00
1.3530E+03	0.0000E+00	0.0000E+00	2.3530E+00
1.3540E+03	0.0000E+00	0.0000E+00	2.3450E+00
1.3550E+03	0.0000E+00	0.0000E+00	2.3409E+00
1.3560E+03	0.0000E+00	0.0000E+00	2.3342E+00
1.3570E+03	0.0000E+00	0.0000E+00	2.3234E+00
1.3580E+03	0.0000E+00	0.0000E+00	2.3140E+00
1.3590E+03	0.0000E+00	0.0000E+00	2.3057E+00
1.3600E+03	0.0000E+00	0.0000E+00	2.2919E+00
1.3610E+03	0.0000E+00	0.0000E+00	2.2847E+00
1.3620E+03	0.0000E+00	0.0000E+00	2.2812E+00
1.3630E+03	0.0000E+00	0.0000E+00	2.2755E+00
1.3640E+03	0.0000E+00	0.0000E+00	2.2786E+00
1.3650E+03	0.0000E+00	0.0000E+00	2.2879E+00
1.3660E+03	0.0000E+00	0.0000E+00	2.2979E+00
1.3670E+03	0.0000E+00	0.0000E+00	2.3192E+00
1.3680E+03	0.0000E+00	0.0000E+00	2.3332E+00
1.3690E+03	0.0000E+00	0.0000E+00	2.3508E+00
1.3700E+03	0.0000E+00	0.0000E+00	2.3637E+00
1.3710E+03	0.0000E+00	0.0000E+00	2.3712E+00
1.3720E+03	0.0000E+00	0.0000E+00	2.3699E+00
1.3730E+03	0.0000E+00	0.0000E+00	2.3725E+00
1.3740E+03	0.0000E+00	0.0000E+00	2.3657E+00
1.3750E+03	0.0000E+00	0.0000E+00	2.3589E+00
1.3760E+03	0.0000E+00	0.0000E+00	2.3515E+00
1.3770E+03	0.0000E+00	0.0000E+00	2.3413E+00
1.3780E+03	0.0000E+00	0.0000E+00	2.3297E+00
1.3790E+03	0.0000E+00	0.0000E+00	2.3276E+00
1.3800E+03	0.0000E+00	0.0000E+00	2.3166E+00
1.3810E+03	0.0000E+00	0.0000E+00	2.3044E+00
1.3820E+03	0.0000E+00	0.0000E+00	2.2982E+00
1.3830E+03	0.0000E+00	0.0000E+00	2.2837E+00
1.3840E+03	0.0000E+00	0.0000E+00	2.2750E+00
1.3850E+03	0.0000E+00	0.0000E+00	2.2653E+00
1.3860E+03	0.0000E+00	0.0000E+00	2.2567E+00
1.3870E+03	0.0000E+00	0.0000E+00	2.2525E+00
1.3880E+03	0.0000E+00	0.0000E+00	2.2511E+00
1.3890E+03	0.0000E+00	0.0000E+00	2.2500E+00
1.3900E+03	0.0000E+00	0.0000E+00	2.2620E+00
1.3910E+03	0.0000E+00	0.0000E+00	2.2730E+00
1.3920E+03	0.0000E+00	0.0000E+00	2.2774E+00
1.3930E+03	0.0000E+00	0.0000E+00	2.2903E+00
1.3940E+03	0.0000E+00	0.0000E+00	2.2968E+00
1.3950E+03	0.0000E+00	0.0000E+00	2.2997E+00
1.3960E+03	0.0000E+00	0.0000E+00	2.3062E+00
1.3970E+03	0.0000E+00	0.0000E+00	2.2978E+00
1.3980E+03	0.0000E+00	0.0000E+00	2.2954E+00
1.3990E+03	0.0000E+00	0.0000E+00	2.2929E+00
1.4000E+03	0.0000E+00	0.0000E+00	2.2862E+00
1.4010E+03	0.0000E+00	0.0000E+00	2.2807E+00
1.4020E+03	0.0000E+00	0.0000E+00	2.2732E+00
1.4030E+03	0.0000E+00	0.0000E+00	2.2678E+00
1.4040E+03	0.0000E+00	0.0000E+00	2.2607E+00
1.4050E+03	0.0000E+00	0.0000E+00	2.2532E+00
1.4060E+03	0.0000E+00	0.0000E+00	2.2408E+00
1.4070E+03	0.0000E+00	0.0000E+00	2.2290E+00
1.4080E+03	0.0000E+00	0.0000E+00	2.2230E+00
1.4090E+03	0.0000E+00	0.0000E+00	2.2139E+00
1.4100E+03	0.0000E+00	0.0000E+00	2.2131E+00
1.4110E+03	0.0000E+00	0.0000E+00	2.2091E+00
1.4120E+03	0.0000E+00	0.0000E+00	2.2189E+00
1.4130E+03	0.0000E+00	0.0000E+00	2.2237E+00
1.4140E+03	0.0000E+00	0.0000E+00	2.2299E+00
1.4150E+03	0.0000E+00	0.0000E+00	2.2454E+00
1.4160E+03	0.0000E+00	0.0000E+00	2.2533E+00
1.4170E+03	0.0000E+00	0.0000E+00	2.2657E+00
1.4180E+03	0.0000E+00	0.0000E+00	2.2757E+00
1.4190E+03	0.0000E+00	0.0000E+00	2.2808E+00
1.4200E+03	0.0000E+00	0.0000E+00	2.2851E+00
1.4210E+03	0.0000E+00	0.0000E+00	2.2863E+00
1.4220E+03	0.0000E+00	0.0000E+00	2.2833E+00
1.4230E+03	0.0000E+00	0.0000E+00	2.2807E+00
1.4240E+03	0.0000E+00	0.0000E+00	2.2758E+00
1.4250E+03	0.0000E+00	0.0000E+00	2.2763E+00
1.4260E+03	0.0000E+00	0.0000E+00	2.2701E+00
1.4270E+03	0.0000E+00	0.0000E+00	2.2588E+00
1.4280E+03	0.0000E+00	0.0000E+00	2.2509E+00
1.4290E+03	0.0000E+00	0.0000E+00	2.2440E+00
1.4300E+03	0.0000E+00	0.0000E+00	2.2332E+00
1.4310E+03	0.0000E+00	0.0000E+00	2.2290E+00
1.4320E+03	0.0000E+00	0.0000E+00	2.2214E+00
1.4330E+03	0.0000E+00	0.0000E+00	2.2139E+00
1.4340E+03	0.0000E+00	0.0000E+00	2.2097E+00
1.4350E+03	0.0000E+00	0.0000E+00	2.2059E+00
1.4360E+03	0.0000E+00	0.0000E+00	2.2103E+00
1.4370E+03	0.0000E+00	0.0000E+00	2.2146E+00
1.4380E+03	0.0000E+00	0.0000E+00	2.2202E+00
1.4390E+03	0.0000E+00	0.0000E+00	2.2295E+00
1.4400E+03	0.0000E+00	0.0000E+00	2.2391E+00
1.4410E+03	0.0000E+00	0.0000E+00	2.2363E+00
1.4420E+03	0.0000E+00	0.0000E+00	2.2388E+00
1.4430E+03	0.0000E+00	0.0000E+00	2.2362E+00
1.4440E+03	0.0000E+00	0.0000E+00	2.2355E+00
1.4450E+03	0.0000E+00	0.0000E+00	2.2363E+00
1.4460E+03	0.0000E+00	0.0000E+00	2.2273E+00
1.4470E+03	0.0000E+00	0.0000E+00	2.2267E+00
1.4480E+03	0.0000E+00	0.0000E+00	2.2175E+00
1.4490E+03	0.0000E+00	0.0000E+00	2.2149E+00
1.4500E+03	0.0000E+00	0.0000E+00	2.2113E+00
1.4510E+03	0.0000E+00	0.0000E+00	2.2051E+00
1.4520E+03	0.0000E+00	0.0000E+00	2.1966E+00
1.4530E+03	0.0000E+00	0.0000E+00	2.1899E+00
1.4540E+03	0.0000E+00	0.0000E+00	2.1875E+00
1.4550E+03	0.0000E+00	0.0000E+00	2.1786E+00
1.4560E+03	0.0000E+00	0.0000E+00	2.1794E+00
1.4570E+03	0.0000E+00	0.0000E+00	2.1741E+00
1.4580E+03	0.0000E+00	0.0000E+00	2.1737E+00
1.4590E+03	0.0000E+00	0.0000E+00	2.1753E+00
1.4600E+03	0.0000E+00	0.0000E+00	2.1832E+00
1.4610E+03	0.0000E+00	0.0000E+00	2.1849E+00
1.4620E+03	0.0000E+00	0.0000E+00	2.1860E+00
1.4630E+03	0.0000E+00	0.0000E+00	2.1893E+00
1.4640E+03	0.0000E+00	0.0000E+00	2.1917E+00
1.4650E+03	0.0000E+00	0.0000E+00	2.1960E+00
1.4660E+03	0.0000E+00	0.0000E+00	2.1927E+00
1.4670E+03	0.0000E+00	0.0000E+00	2.1982E+00
1.4680E+03	0.0000E+00	0.0000E+00	2.1983E+00
1.4690E+03	0.0000E+00	0.0000E+00	2.2034E+00
1.4700E+03	0.0000E+00	0.0000E+00	2.1985E+00
1.4710E+03	0.0000E+00	0.0000E+00	2.1959E+00
1.4720E+03	0.0000E+00	0.0000E+00	2.1926E+00
1.4730E+03	0.0000E+00	0.0000E+00	2.1897E+00
1.4740E+03	0.0000E+00	0.0000E+00	2.1846E+00
1.4750E+03	0.0000E+00	0.0000E+00	2.1757E+00
1.4760E+03	0.0000E+00	0.0000E+00	2.1700E+00
1.4770E+03	0.0000E+00	0.0000E+00	2.1626E+00
1.4780E+03	0.0000E+00	0.0000E+00	2.1496E+00
1.4790E+03	0.0000E+00	0.0000E+00	2.1469E+00
1.4800E+03	0.0000E+00	0.0000E+00	2.1488E+00
1.4810E+03	0.0000E+00	0.0000E+00	2.1428E+00
1.4820E+03	0.0000E+00	0.0000E+00	2.1366E+00
1.4830E+03	0.0000E+00	0.0000E+00	2.1431E+00
1.4840E+03	0.0000E+00	0.0000E+00	2.1562E+00
1.4850E+03	0.0000E+00	0.0000E+00	2.1654E+00
1.4860E+03	0.0000E+00	0.0000E+00	2.1791E+00
1.4870E+03	0.0000E+00	0.0000E+00	2.1882E+00
1.4880E+03	0.0000E+00	0.0000E+00	2.2053E+00
1.4890E+03	0.0000E+00	0.0000E+00	2.2137E+00
1.4900E+03	0.0000E+00	0.0000E+00	2.2209E+00
1.4910E+03	0.0000E+00	0.0000E+00	2.2302E+00
1.4920E+03	0.0000E+00	0.0000E+00	2.2374E+00
1.4930E+03	0.0000E+00	0.0000E+00	2.2335E+00
1.4940E+03	0.0000E+00	0.0000E+00	2.2344E+00
1.4950E+03	0.0000E+00	0.0000E+00	2.2321E+00
1.4960E+03	0.0000E+00	0.0000E+00	2.2238E+00
1.4970E+03	0.0000E+00	0.0000E+00	2.2204E+00
1.4980E+03	0.0000E+00	0.0000E+00	2.2157E+00
1.4990E+03	0.0000E+00	0.0000E+00	2.2070E+00
1.5000E+03	0.0000E+00	0.0000E+00	2.2005E+00
1.5010E+03	0.0000E+00	0.0000E+00	2.1876E+00
1.5020E+03	0.0000E+00	0.0000E+00	2.1805E+00
1.5030E+03	0.0000E+00	0.0000E+00	2.1716E+00
1.5040E+03	0.0000E+00	0.0000E+00	2.1715E+00
1.5050E+03	0.0000E+00	0.0000E+00	2.1637E+00
1.5060E+03	0.0000E+00	0.0000E+00	2.1614E+00
1.5070E+03	0.0000E+00	0.0000E+00	2.1699E+00
1.5080E+03	0.0000E+00	0.0000E+00	2.1763E+00
1.5090E+03	0.0000E+00	0.0000E+00	2.1873E+00
1.5100E+03	0.0000E+00	0.0000E+00	2.1982E+00
1.5110E+03	0.0000E+00	0.0000E+00	2.2090E+00
1.5120E+03	0.0000E+00	0.0000E+00	2.2239E+00
1.5130E+03	0.0000E+00	0.0000E+00	2.2351E+00
1.5140E+03	0.0000E+00	0.0000E+00	2.2427E+00
1.5150E+03	0.0000E+00	0.0000E+00	2.2473E+00
1.5160E+03	0.0000E+00	0.0000E+00	2.2559E+00
1.5170E+03	0.0000E+00	0.0000E+00	2.2493E+00
1.5180E+03	0.0000E+00	0.0000E+00	2.2453E+00
1.5190E+03	0.0000E+00	0.0000E+00	2.2446E+00
1.5200E+03	0.0000E+00	0.0000E+00	2.2416E+00
1.5210E+03	0.0000E+00	0.0000E+00	2.2308E+00
1.5220E+03	0.0000E+00	0.0000E+00	2.2215E+00
1.5230E+03	0.0000E+00	0.0000E+00	2.2176E+00
1.5240E+03	0.0000E+00	0.0000E+00	2.2054E+00
1.5250E+03	0.0000E+00	0.0000E+00	2.1946E+00
1.5260E+03	0.0000E+00	0.0000E+00	2.1895E+00
1.5270E+03	0.0000E+00	0.0000E+00	2.1790E+00
1.5280E+03	0.0000E+00	0.0000E+00	2.1688E+00
1.5290E+03	0.0000E+00	0.0000E+00	2.1630E+00
1.5300E+03	0.0000E+00	0.0000E+00	2.1551E+00
1.5310E+03	0.0000E+00	0.0000E+00	2.1574E+00
1.5320E+03	0.0000E+00	0.0000E+00	2.1542E+00
1.5330E+03	0.0000E+00	0.0000E+00	2.1609E+00
1.5340E+03	0.0000E+00	0.0000E+00	2.1710E+00
1.5350E+03	0.0000E+00	0.0000E+00	2.1776E+00
1.5360E+03	0.0000E+00	0.0000E+00	2.1874E+00
1.5370E+03	0.0000E+00	0.0000E+00	2.1976E+00
1.5380E+03	0.0000E+00	0.0000E+00	2.2049E+00
1.5390E+03	0.0000E+00	0.0000E+00	2.2064E+00
1.5400E+03	0.0000E+00	0.0000E+00	2.2122E+00
1.5410E+03	0.0000E+00	0.0000E+00	2.2159E+00
1.5420E+03	0.0000E+00	0.0000E+00	2.2107E+00
1.5430E+03	0.0000E+00	0.0000E+00	2.2075E+00
1.5440E+03	0.0000E+00	0.0000E+00	2.1992E+00
1.5450E+03	0.0000E+00	0.0000E+00	2.2009E+00
1.5460E+03	0.0000E+00	0.0000E+00	2.1954E+00
1.5470E+03	0.0000E+00	0.0000E+00	2.1900E+00
1.5480E+03	0.0000E+00	0.0000E+00	2.1792E+00
1.5490E+03	0.0000E+00	0.0000E+00	2.1707E+00
1.5500E+03	0.0000E+00	0.0000E+00	2.1637E+00
1.5510E+03	0.0000E+00	0.0000E+00	2.1586E+00
1.5520E+03	0.0000E+00	0.0000E+00	2.1579E+00
1.5530E+03	0.0000E+00	0.0000E+00	2.1539E+00
1.5540E+03	0.0000E+00	0.0000E+00	2.1453E+00
1.5550E+03	0.0000E+00	0.0000E+00	2.1519E+00
1.5560E+03	0.0000E+00	0.0000E+00	2.1527E+00
1.5570E+03	0.0000E+00	0.0000E+00	2.1545E+00
1.5580E+03	0.0000E+00	0.0000E+00	2.1518E+00
1.5590E+03	0.0000E+00	0.0000E+00	2.1454E+00
1.5600E+03	0.0000E+00	0.0000E+00	2.1349E+00
1.5610E+03	0.0000E+00	0.0000E+00	2.1237E+00
1.5620E+03	0.0000E+00	0.0000E+00	2.1160E+00
1.5630E+03	0.0000E+00	0.0000E+00	2.1038E+00
1.5640E+03	0.0000E+00	0.0000E+00	2.0969E+00
1.5650E+03	0.0000E+00	0.0000E+00	2.0841E+00
1.5660E+03	0.0000E+00	0.0000E+00	2.0777E+00
1.5670E+03	0.0000E+00	0.0000E+00	2.0724E+00
1.5680E+03	0.0000E+00	0.0000E+00	2.0616E+00
1.5690E+03	0.0000E+00	0.0000E+00	2.0592E+00
1.5700E+03	0.0000E+00	0.0000E+00	2.0540E+00
1.5710E+03	0.0000E+00	0.0000E+00	2.0531E+00
1.5720E+03	0.0000E+00	0.0000E+00	2.0453E+00
1.5730E+03	0.0000E+00	0.0000E+00	2.0370E+00
1.5740E+03	0.0000E+00	0.0000E+00	2.0344E+00
1.5750E+03	0.0000E+00	0.0000E+00	2.0286E+00
1.5760E+03	0.0000E+00	0.0000E+00	2.0322E+00
1.5770E+03	0.0000E+00	0.0000E+00	2.0221E+00
1.5780E+03	0.0000E+00	0.0000E+00	2.0194E+00
1.5790E+03	0.0000E+00	0.0000E+00	2.0127E+00
1.5800E+03	0.0000E+00	0.0000E+00	2.0066E+00
1.5810E+03	0.0000E+00	0.0000E+00	2.0074E+00
1.5820E+03	0.0000E+00	0.0000E+00	1.9983E+00
1.5830E+03	0.0000E+00	0.0000E+00	1.9958E+00
1.5840E+03	0.0000E+00	0.0000E+00	1.9923E+00
1.5850E+03	0.0000E+00	0.0000E+00	1.9918E+00
1.5860E+03	0.0000E+00	0.0000E+00	1.9906E+00
1.5870E+03	0.0000E+00	0.0000E+00	1.9829E+00
1.5880E+03	0.0000E+00	0.0000E+00	1.9812E+00
1.5890E+03	0.0000E+00	0.0000E+00	1.9728E+00
1.5900E+03	0.0000E+00	0.0000E+00	1.9709E+00
1.5910E+03	0.0000E+00	0.0000E+00	1.9622E+00
1.5920E+03	0.0000E+00	0.0000E+00	1.9648E+00
1.5930E+03	0.0000E+00	0.0000E+00	1.9599E+00
1.5940E+03	0.0000E+00	0.0000E+00	1.9579E+00
1.5950E+03	0.0000E+00	0.0000E+00	1.9561E+00
1.5960E+03	0.0000E+00	0.0000E+00	1.9571E+00
1.5970E+03	0.0000E+00	0.0000E+00	1.9520E+00
1.5980E+03	0.0000E+00	0.0000E+00	1.9486E+00
1.5990E+03	0.0000E+00	0.0000E+00	1.9411E+00
1.6000E+03	0.0000E+00	0.0000E+00	1.9400E+00
1.6010E+03	0.0000E+00	0.0000E+00	1.9297E+00
1.6020E+03	0.0000E+00	0.0000E+00	1.9320E+00
1.6030E+03	0.0000E+00	0.0000E+00	1.9354E+00
1.6040E+03	0.0000E+00	0.0000E+00	1.9406E+00
1.6050E+03	0.0000E+00	0.0000E+00	1.9389E+00
1.6060E+03	0.0000E+00	0.0000E+00	1.9508E+00
1.6070E+03	0.0000E+00	0.0000E+00	1.9581E+00
1.6080E+03	0.0000E+00	0.0000E+00	1.9611E+00
1.6090E+03	0.0000E+00	0.0000E+00	1.9612E+00
1.6100E+03	0.0000E+00	0.0000E+00	1.9617E+00
1.6110E+03	0.0000E+00	0.0000E+00	1.9620E+00
1.6120E+03	0.0000E+00	0.0000E+00	1.9600E+00
1.6130E+03	0.0000E+00	0.0000E+00	1.9607E+00
1.6140E+03	0.0000E+00	0.0000E+00	1.9539E+00
1.6150E+03	0.0000E+00	0.0000E+00	1.9514E+00
1.6160E+03	0.0000E+00	0.0000E+00	1.9499E+00
1.6170E+03	0.0000E+00	0.0000E+00	1.9490E+00
1.6180E+03	0.0000E+00	0.0000E+00	1.9482E+00
1.6190E+03	0.0000E+00	0.0000E+00	1.9449E+00
1.6200E+03	0.0000E+00	0.0000E+00	1.9431E+00
1.6210E+03	0.0000E+00	0.0000E+00	1.9409E+00
1.6220E+03	0.0000E+00	0.0000E+00	1.9364E+00
1.6230E+03	0.0000E+00	0.0000E+00	1.9309E+00
1.6240E+03	0.0000E+00	0.0000E+00	1.9320E+00
1.6250E+03	0.0000E+00	0.0000E+00	1.9285E+00
1.6260E+03	0.0000E+00	0.0000E+00	1.9294E+00
1.6270E+03	0.0000E+00	0.0000E+00	1.9308E+00
1.6280E+03	0.0000E+00	0.0000E+00	1.9334E+00
1.6290E+03	0.0000E+00	0.0000E+00	1.9421E+00
1.6300E+03	0.0000E+00	0.0000E+00	1.9576E+00
1.6310E+03	0.0000E+00	0.0000E+00	1.9695E+00
1.6320E+03	0.0000E+00	0.0000E+00	1.9857E+00
1.6330E+03	0.0000E+00	0.0000E+00	1.9931E+00
1.6340E+03	0.0000E+00	0.0000E+00	1.9970E+00
1.6350E+03	0.0000E+00	0.0000E+00	2.0011E+00
1.6360E+03	0.0000E+00	0.0000E+00	1.9991E+00
1.6370E+03	0.0000E+00	0.0000E+00	1.9996E+00
1.6380E+03	0.0000E+00	0.0000E+00	1.9933E+00
1.6390E+03	0.0000E+00	0.0000E+00	1.9950E+00
1.6400E+03	0.0000E+00	0.0000E+00	1.9895E+00
1.6410E+03	0.0000E+00	0.0000E+00	1.9853E+00
1.6420E+03	0.0000E+00	0.0000E+00	1.9809E+00
1.6430E+03	0.0000E+00	0.0000E+00	1.9792E+00
1.6440E+03	0.0000E+00	0.0000E+00	1.9775E+00
1.6450E+03	0.0000E+00	0.0000E+00	1.9672E+00
1.6460E+03	0.0000E+00	0.0000E+00	1.9686E+00
1.6470E+03	0.0000E+00	0.0000E+00	1.9639E+00
1.6480E+03	0.0000E+00	0.0000E+00	1.9587E+00
1.6490E+03	0.0000E+00	0.0000E+00	1.9563E+00
1.6500E+03	0.0000E+00	0.0000E+00	1.9594E+00
1.6510E+03	0.0000E+00	0.0000E+00	1.9681E+00
1.6520E+03	0.0000E+00	0.0000E+00	1.9822E+00
1.6530E+03	0.0000E+00	0.0000E+00	2.0065E+00
1.6540E+03	0.0000E+00	0.0000E+00	2.0290E+00
1.6550E+03	0.0000E+00	0.0000E+00	2.0462E+00
1.6560E+03	0.0000E+00	0.0000E+00	2.0644E+00
1.6570E+03	0.0000E+00	0.0000E+00	2.0767E+00
1.6580E+03	0.0000E+00	0.0000E+00	2.0827E+00
1.6590E+03	0.0000E+00	0.0000E+00	2.0836E+00
1.6600E+03	0.0000E+00	0.0000E+00	2.0807E+00
1.6610E+03	0.0000E+00	0.0000E+00	2.0775E+00
1.6620E+03	0.0000E+00	0.0000E+00	2.0701E+00
1.6630E+03	0.0000E+00	0.0000E+00	2.0686E+00
1.6640E+03	0.0000E+00	0.0000E+00	2.0661E+00
1.6650E+03	0.0000E+00	0.0000E+00	2.0606E+00
1.6660E+03	0.0000E+00	0.0000E+00	2.0492E+00
1.6670E+03	0.0000E+00	0.0000E+00	2.0478E+00
1.6680E+03	0.0000E+00	0.0000E+00	2.0420E+00
1.6690E+03	0.0000E+00	0.0000E+00	2.0344E+00
1.6700E+03	0.0000E+00	0.0000E+00	2.0329E+00
1.6710E+03	0.0000E+00	0.0000E+00	2.0220E+00
1.6720E+03	0.0000E+00	0.0000E+00	2.0207E+00
1.6730E+03	0.0000E+00	0.0000E+00	2.0132E+00
1.6740E+03	0.0000E+00	0.0000E+00	2.0152E+00
1.6750E+03	0.0000E+00	0.0000E+00	2.0321E+00
1.6760E+03	0.0000E+00	0.0000E+00	2.0451E+00
1.6770E+03	0.0000E+00	0.0000E+00	2.0708E+00
1.6780E+03	0.0000E+00	0.0000E+00	2.0943E+00
1.6790E+03	0.0000E+00	0.0000E+00	2.1157E+00
1.6800E+03	0.0000E+00	0.0000E+00	2.1283E+00
1.6810E+03	0.0000E+00	0.0000E+00	2.1395E+00
1.6820E+03	0.0000E+00	0.0000E+00	2.1533E+00
1.6830E+03	0.0000E+00	0.0000E+00	2.1573E+00
1.6840E+03	0.0000E+00	0.0000E+00	2.1606E+00
1.6850E+03	0.0000E+00	0.0000E+00	2.1614E+00
1.6860E+03	0.0000E+00	0.0000E+00	2.1544E+00
1.6870E+03	0.0000E+00	0.0000E+00	2.1469E+00
1.6880E+03	0.0000E+00	0.0000E+00	2.1400E+00
1.6890E+03	0.0000E+00	0.0000E+00	2.1326E+00
1.6900E+03	0.0000E+00	0.0000E+00	2.1245E+00
1.6910E+03	0.0000E+00	0.0000E+00	2.1199E+00
1.6920E+03	0.0000E+00	0.0000E+00	2.1102E+00
1.6930E+03	0.0000E+00	0.0000E+00	2.1051E+00
1.6940E+03	0.0000E+00	0.0000E+00	2.0922E+00
1.6950E+03	0.0000E+00	0.0000E+00	2.0836E+00
1.6960E+03	0.0000E+00	0.0000E+00	2.0754E+00
1.6970E+03	0.0000E+00	0.0000E+00	2.0725E+00
1.6980E+03	0.0000E+00	0.0000E+00	2.0741E+00
1.6990E+03	0.0000E+00	0.0000E+00	2.0861E+00
1.7000E+03	0.0000E+00	0.0000E+00	2.1054E+00
1.7010E+03	0.0000E+00	0.0000E+00	2.1273E+00
1.7020E+03	0.0000E+00	0.0000E+00	2.1484E+00
1.7030E+03	0.0000E+00	0.0000E+00	2.1661E+00
1.7040E+03	0.0000E+00	0.0000E+00	2.1828E+00
1.7050E+03	0.0000E+00	0.0000E+00	2.1995E+00
1.7060E+03	0.0000E+00	0.0000E+00	2.2099E+00
1.7070E+03	0.0000E+00	0.0000E+00	2.2199E+00
1.7080E+03	0.0000E+00	0.0000E+00	2.2254E+00
1.7090E+03	0.0000E+00	0.0000E+00	2.2267E+00
1.7100E+03	0.0000E+00	0.0000E+00	2.2263E+00
1.7110E+03	0.0000E+00	0.0000E+00	2.2237E+00
1.7120E+03	0.0000E+00	0.0000E+00	2.2149E+00
1.7130E+03	0.0000E+00	0.0000E+00	2.2118E+00
1.7140E+03	0.0000E+00	0.0000E+00	2.1982E+00
1.7150E+03	0.0000E+00	0.0000E+00	2.1903E+00
1.7160E+03	0.0000E+00	0.0000E+00	2.1790E+00
1.7170E+03	0.0000E+00	0.0000E+00	2.1654E+00
1.7180E+03	0.0000E+00	0.0000E+00	2.1565E+00
1.7190E+03	0.0000E+00	0.0000E+00	2.1462E+00
1.7200E+03	0.0000E+00	0.0000E+00	2.1422E+00
1.7210E+03	0.0000E+00	0.0000E+00	2.1281E+00
1.7220E+03	0.0000E+00	0.0000E+00	2.1185E+00
1.7230E+03	0.0000E+00	0.0000E+00	2.1297E+00
1.7240E+03	0.0000E+00	0.0000E+00	2.1514E+00
1.7250E+03	0.0000E+00	0.0000E+00	2.1707E+00
1.7260E+03	0.0000E+00	0.0000E+00	2.1898E+00
1.7270E+03	0.0000E+00	0.0000E+00	2.2056E+00
1.7280E+03	0.0000E+00	0.0000E+00	2.2186E+00
1.7290E+03	0.0000E+00	0.0000E+00	2.2270E+00
1.7300E+03	0.0000E+00	0.0000E+00	2.2379E+00
1.7310E+03	0.0000E+00	0.0000E+00	2.2438E+00
1.7320E+03	0.0000E+00	0.0000E+00	2.2419E+00
1.7330E+03	0.0000E+00	0.0000E+00	2.2407E+00
1.7340E+03	0.0000E+00	0.0000E+00	2.2343E+00
1.7350E+03	0.0000E+00	0.0000E+00	2.2242E+00
1.7360E+03	0.0000E+00	0.0000E+00	2.2185E+00
1.7370E+03	0.0000E+00	0.0000E+00	2.2057E+00
1.7380E+03	0.0000E+00	0.0000E+00	2.1955E+00
1.7390E+03	0.0000E+00	0.0000E+00	2.1867E+00
1.7400E+03	0.0000E+00	0.0000E+00	2.1770E+00
1.7410E+03	0.0000E+00	0.0000E+00	2.1689E+00
1.7420E+03	0.0000E+00	0.0000E+00	2.1578E+00
1.7430E+03	0.0000E+00	0.0000E+00	2.1464E+00
1.7440E+03	0.0000E+00	0.0000E+00	2.1385E+00
1.7450E+03	0.0000E+00	0.0000E+00	2.1351E+00
1.7460E+03	0.0000E+00	0.0000E+00	2.1392E+00
1.7470E+03	0.0000E+00	0.0000E+00	2.1474E+00
1.7480E+03	0.0000E+00	0.0000E+00	2.1612E+00
1.7490E+03	0.0000E+00	0.0000E+00	2.1799E+00
1.7500E+03	0.0000E+00	0.0000E+00	2.1983E+00
1.7510E+03	0.0000E+00	0.0000E+00	2.2157E+00
1.7520E+03	0.0000E+00	0.0000E+00	2.2301E+00
1.7530E+03	0.0000E+00	0.0000E+00	2.2467E+00
1.7540E+03	0.0000E+00	0.0000E+00	2.2649E+00
1.7550E+03	0.0000E+00	0.0000E+00	2.2783E+00
1.7560E+03	0.0000E+00	0.0000E+00	2.2786E+00
1.7570E+03	0.0000E+00	0.0000E+00	2.2827E+00
1.7580E+03	0.0000E+00	0.0000E+00	2.2835E+00
1.7590E+03	0.0000E+00	0.0000E+00	2.2773E+00
1.7600E+03	0.0000E+00	0.0000E+00	2.2758E+00
1.7610E+03	0.0000E+00	0.0000E+00	2.2665E+00
1.7620E+03	0.0000E+00	0.0000E+00	2.2597E+00
1.7630E+03	0.0000E+00	0.0000E+00	2.2488E+00
1.7640E+03	0.0000E+00	0.0000E+00	2.2388E+00
1.7650E+03	0.0000E+00	0.0000E+00	2.2301E+00
1.7660E+03	0.0000E+00	0.0000E+00	2.2134E+00
1.7670E+03	0.0000E+00	0.0000E+00	2.2030E+00
1.7680E+03	0.0000E+00	0.0000E+00	2.1901E+00
1.7690E+03	0.0000E+00	0.0000E+00	2.1800E+00
1.7700E+03	0.0000E+00	0.0000E+00	2.1754E+00
1.7710E+03	0.0000E+00	0.0000E+00	2.1786E+00
1.7720E+03	0.0000E+00	0.0000E+00	2.1899E+00
1.7730E+03	0.0000E+00	0.0000E+00	2.2019E+00
1.7740E+03	0.0000E+00	0.0000E+00	2.2163E+00
1.7750E+03	0.0000E+00	0.0000E+00	2.2318E+00
1.7760E+03	0.0000E+00	0.0000E+00	2.2454E+00
1.7770E+03	0.0000E+00	0.0000E+00	2.2608E+00
1.7780E+03	0.0000E+00	0.0000E+00	2.2764E+00
1.7790E+03	0.0000E+00	0.0000E+00	2.2805E+00
1.7800E+03	0.0000E+00	0.0000E+00	2.2858E+00
1.7810E+03	0.0000E+00	0.0000E+00	2.2835E+00
1.7820E+03	0.0000E+00	0.0000E+00	2.2738E+00
1.7830E+03	0.0000E+00	0.0000E+00	2.2646E+00
1.7840E+03	0.0000E+00	0.0000E+00	2.2551E+00
1.7850E+03	0.0000E+00	0.0000E+00	2.2432E+00
1.7860E+03	0.0000E+00	0.0000E+00	2.2332E+00
1.7870E+03	0.0000E+00	0.0000E+00	2.2221E+00
1.7880E+03	0.0000E+00	0.0000E+00	2.2073E+00
1.7890E+03	0.0000E+00	0.0000E+00	2.1948E+00
1.7900E+03	0.0000E+00	0.0000E+00	2.1766E+00
1.7910E+03	0.0000E+00	0.0000E+00	2.1690E+00
1.7920E+03	0.0000E+00	0.0000E+00	2.1592E+00
1.7930E+03	0.0000E+00	0.0000E+00	2.1468E+00
1.7940E+03	0.0000E+00	0.0000E+00	2.1435E+00
1.7950E+03	0.0000E+00	0.0000E+00	2.1457E+00
1.7960E+03	0.0000E+00	0.0000E+00	2.1513E+00
1.7970E+03	0.0000E+00	0.0000E+00	2.1645E+00
1.7980E+03	0.0000E+00	0.0000E+00	2.1784E+00
1.7990E+03	0.0000E+00	0.0000E+00	2.1931E+00
1.8000E+03	0.0000E+00	0.0000E+00	2.2095E+00
1.8010E+03	0.0000E+00	0.0000E+00	2.2206E+00
1.8020E+03	0.0000E+00	0.0000E+00	2.2246E+00
1.8030E+03	0.0000E+00	0.0000E+00	2.2276E+00
1.8040E+03	0.0000E+00	0.0000E+00	2.2250E+00
1.8050E+03	0.0000E+00	0.0000E+00	2.2224E+00
1.8060E+03	0.0000E+00	0.0000E+00	2.2168E+00
1.8070E+03	0.0000E+00	0.0000E+00	2.2089E+00
1.8080E+03	0.0000E+00	0.0000E+00	2.2006E+00
1.8090E+03	0.0000E+00	0.0000E+00	2.1858E+00
1.8100E+03	0.0000E+00	0.0000E+00	2.1833E+00
1.8110E+03	0.0000E+00	0.0000E+00	2.1719E+00
1.8120E+03	0.0000E+00	0.0000E+00	2.1610E+00
1.8130E+03	0.0000E+00	0.0000E+00	2.1489E+00
1.8140E+03	0.0000E+00	0.0000E+00	2.1395E+00
1.8150E+03	0.0000E+00	0.0000E+00	2.1285E+00
1.8160E+03	0.0000E+00	0.0000E+00	2.1196E+00
1.8170E+03	0.0000E+00	0.0000E+00	2.1129E+00
1.8180E+03	0.0000E+00	0.0000E+00	2.1141E+00
1.8190E+03	0.0000E+00	0.0000E+00	2.1195E+00
1.8200E+03	0.0000E+00	0.0000E+00	2.1347E+00
1.8210E+03	0.0000E+00	0.0000E+00	2.1469E+00
1.8220E+03	0.0000E+00	0.0000E+00	2.1615E+00
1.8230E+03	0.0000E+00	0.0000E+00	2.1812E+00
1.8240E+03	0.0000E+00	0.0000E+00	2.1958E+00
1.8250E+03	0.0000E+00	0.0000E+00	2.2043E+00
1.8260E+03	0.0000E+00	0.0000E+00	2.2099E+00
1.8270E+03	0.0000E+00	0.0000E+00	2.2096E+00
1.8280E+03	0.0000E+00	0.0000E+00	2.2115E+00
1.8290E+03	0.0000E+00	0.0000E+00	2.2037E+00
1.8300E+03	0.0000E+00	0.0000E+00	2.1945E+00
1.8310E+03	0.0000E+00	0.0000E+00	2.1839E+00
1.8320E+03	0.0000E+00	0.0000E+00	2.1775E+00
1.8330E+03	0.0000E+00	0.0000E+00	2.1692E+00
1.8340E+03	0.0000E+00	0.0000E+00	2.1578E+00
1.8350E+03	0.0000E+00	0.0000E+00	2.1451E+00
1.8360E+03	0.0000E+00	0.0000E+00	2.1364E+00
1.8370E+03	0.0000E+00	0.0000E+00	2.1251E+00
1.8380E+03	0.0000E+00	0.0000E+00	2.1165E+00
1.8390E+03	0.0000E+00	0.0000E+00	2.1039E+00
1.8400E+03	0.0000E+00	0.0000E+00	2.0977E+00
1.8410E+03	0.0000E+00	0.0000E+00	2.0885E+00
1.8420E+03	0.0000E+00	0.0000E+00	2.0868E+00
1.8430E+03	0.0000E+00	0.0000E+00	2.0903E+00
1.8440E+03	0.0000E+00	0.0000E+00	2.1000E+00
1.8450E+03	0.0000E+00	0.0000E+00	2.1147E+00
1.8460E+03	0.0000E+00	0.0000E+00	2.1287E+00
1.8470E+03	0.0000E+00	0.0000E+00	2.1392E+00
1.8480E+03	0.0000E+00	0.0000E+00	2.1536E+00
1.8490E+03	0.0000E+00	0.0000E+00	2.1623E+00
1.8500E+03	0.0000E+00	0.0000E+00	2.1633E+00
1.8510E+03	0.0000E+00	0.0000E+00	2.1637E+00
1.8520E+03	0.0000E+00	0.0000E+00	2.1605E+00
1.8530E+03	0.0000E+00	0.0000E+00	2.1527E+00
1.8540E+03	0.0000E+00	0.0000E+00	2.1460E+00
1.8550E+03	0.0000E+00	0.0000E+00	2.1363E+00
1.8560E+03	0.0000E+00	0.0000E+00	2.1319E+00
1.8570E+03	0.0000E+00	0.0000E+00	2.1241E+00
1.8580E+03	0.0000E+00	0.0000E+00	2.1150E+00
1.8590E+03	0.0000E+00	0.0000E+00	2.1046E+00
1.8600E+03	0.0000E+00	0.0000E+00	2.0990E+00
1.8610E+03	0.0000E+00	0.0000E+00	2.0876E+00
1.8620E+03	0.0000E+00	0.0000E+00	2.0792E+00
1.8630E+03	0.0000E+00	0.0000E+00	2.0680E+00
1.8640E+03	0.0000E+00	0.0000E+00	2.0638E+00
1.8650E+03	0.0000E+00	0.0000E+00	2.0565E+00
1.8660E+03	0.0000E+00	0.0000E+00	2.0597E+00
1.8670E+03	0.0000E+00	0.0000E+00	2.0658E+00
1.8680E+03	0.0000E+00	0.0000E+00	2.0798E+00
1.8690E+03	0.0000E+00	0.0000E+00	2.0927E+00
1.8700E+03	0.0000E+00	0.0000E+00	2.1069E+00
1.8710E+03	0.0000E+00	0.0000E+00	2.1241E+00
1.8720E+03	0.0000E+00	0.0000E+00	2.1360E+00
1.8730E+03	0.0000E+00	0.0000E+00	2.1403E+00
1.8740E+03	0.0000E+00	0.0000E+00	2.1419E+00
1.8750E+03	0.0000E+00	0.0000E+00	2.1406E+00
1.8760E+03	0.0000E+00	0.0000E+00	2.1329E+00
1.8770E+03	0.0000E+00	0.0000E+00	2.1293E+00
1.8780E+03	0.0000E+00	0.0000E+00	2.1188E+00
1.8790E+03	0.0000E+00	0.0000E+00	2.1066E+00
1.8800E+03	0.0000E+00	0.0000E+00	2.1033E+00
1.8810E+03	0.0000E+00	0.0000E+00	2.0966E+00
1.8820E+03	0.0000E+00	0.0000E+00	2.0874E+00
1.8830E+03	0.0000E+00	0.0000E+00	2.0802E+00
1.8840E+03	0.0000E+00	0.0000E+00	2.0729E+00
1.8850E+03	0.0000E+00	0.0000E+00	2.0632E+00
1.8860E+03	0.0000E+00	0.0000E+00	2.0588E+00
1.8870E+03	0.0000E+00	0.0000E+00	2.0476E+00
1.8880E+03	0.0000E+00	0.0000E+00	2.0387E+00
1.8890E+03	0.0000E+00	0.0000E+00	2.0306E+00
1.8900E+03	0.0000E+00	0.0000E+00	2.0299E+00
1.8910E+03	0.0000E+00	0.0000E+00	2.0319E+00
1.8920E+03	0.0000E+00	0.0000E+00	2.0431E+00
1.8930E+03	0.0000E+00	0.0000E+00	2.0528E+00
1.8940E+03	0.0000E+00	0.0000E+00	2.0650E+00
1.8950E+03	0.0000E+00	0.0000E+00	2.0767E+00
1.8960E+03	0.0000E+00	0.0000E+00	2.0912E+00
1.8970E+03	0.0000E+00	0.0000E+00	2.0948E+00
1.8980E+03	0.0000E+00	0.0000E+00	2.0935E+00
1.8990E+03	0.0000E+00	0.0000E+00	2.0905E+00
1.9000E+03	0.0000E+00	0.0000E+00	2.0879E+00
1.9010E+03	0.0000E+00	0.0000E+00	2.0804E+00
1.9020E+03	0.0000E+00	0.0000E+00	2.0724E+00
1.9030E+03	0.0000E+00	0.0000E+00	2.0679E+00
1.9040E+03	0.0000E+00	0.0000E+00	2.0623E+00
1.9050E+03	0.0000E+00	0.0000E+00	2.0606E+00
1.9060E+03	0.0000E+00	0.0000E+00	2.0498E+00
1.9070E+03	0.0000E+00	0.0000E+00	2.0461E+00
1.9080E+03	0.0000E+00	0.0000E+00	2.0407E+00
1.9090E+03	0.0000E+00	0.0000E+00	2.0374E+00
1.9100E+03	0.0000E+00	0.0000E+00	2.0302E+00
1.9110E+03	0.0000E+00	0.0000E+00	2.0191E+00
1.9120E+03	0.0000E+00	0.0000E+00	2.0127E+00
1.9130E+03	0.0000E+00	0.0000E+00	2.0067E+00
1.9140E+03	0.0000E+00	0.0000E+00	2.0090E+00
1.9150E+03	0.0000E+00	0.0000E+00	2.0145E+00
1.9160E+03	0.0000E+00	0.0000E+00	2.0223E+00
1.9170E+03	0.0000E+00	0.0000E+00	2.0245E+00
1.9180E+03	0.0000E+00	0.0000E+00	2.0346E+00
1.9190E+03	0.0000E+00	0.0000E+00	2.0403E+00
1.9200E+03	0.0000E+00	0.0000E+00	2.0404E+00
1.9210E+03	0.0000E+00	0.0000E+00	2.0448E+00
1.9220E+03	0.0000E+00	0.0000E+00	2.0439E+00
1.9230E+03	0.0000E+00	0.0000E+00	2.0436E+00
1.9240E+03	0.0000E+00	0.0000E+00	2.0358E+00
1.9250E+03	0.0000E+00	0.0000E+00	2.0345E+00
1.9260E+03	0.0000E+00	0.0000E+00	2.0320E+00
1.9270E+03	0.0000E+00	0.0000E+00	2.0241E+00
1.9280E+03	0.0000E+00	0.0000E+00	2.0196E+00
1.9290E+03	0.0000E+00	0.0000E+00	2.0197E+00
1.9300E+03	0.0000E+00	0.0000E+00	2.0150E+00
1.9310E+03	0.0000E+00	0.0000E+00	2.0109E+00
1.9320E+03	0.0000E+00	0.0000E+00	2.0124E+00
1.9330E+03	0.0000E+00	0.0000E+00	2.0136E+00
1.9340E+03	0.0000E+00	0.0000E+00	2.0099E+00
1.9350E+03	0.0000E+00	0.0000E+00	2.0030E+00
1.9360E+03	0.0000E+00	0.0000E+00	2.0011E+00
1.9370E+03	0.0000E+00	0.0000E+00	1.9953E+00
1.9380E+03	0.0000E+00	0.0000E+00	1.9944E+00
1.9390E+03	0.0000E+00	0.0000E+00	1.9997E+00
1.9400E+03	0.0000E+00	0.0000E+00	2.0128E+00
1.9410E+03	0.0000E+00	0.0000E+00	2.0279E+00
1.9420E+03	0.0000E+00	0.0000E+00	2.0408E+00
1.9430E+03	0.0000E+00	0.0000E+00	2.0560E+00
1.9440E+03	0.0000E+00	0.0000E+00	2.0619E+00
1.9450E+03	0.0000E+00	0.0000E+00	2.0661E+00
1.9460E+03	0.0000E+00	0.0000E+00	2.0632E+00
1.9470E+03	0.0000E+00	0.0000E+00	2.0600E+00
1.9480E+03	0.0000E+00	0.0000E+00	2.0591E+00
1.9490E+03	0.0000E+00	0.0000E+00	2.0544E+00
1.9500E+03	0.0000E+00	0.0000E+00	2.0436E+00
1.9510E+03	0.0000E+00	0.0000E+00	2.0353E+00
1.9520E+03	0.0000E+00	0.0000E+00	2.0295E+00
1.9530E+03	0.0000E+00	0.0000E+00	2.0247E+00
1.9540E+03	0.0000E+00	0.0000E+00	2.0176E+00
1.9550E+03	0.0000E+00	0.0000E+00	2.0131E+00
1.9560E+03	0.0000E+00	0.0000E+00	2.0035E+00
1.9570E+03	0.0000E+00	0.0000E+00	1.9962E+00
1.9580E+03	0.0000E+00	0.0000E+00	1.9888E+00
1.9590E+03	0.0000E+00	0.0000E+00	1.9797E+00
1.9600E+03	0.0000E+00	0.0000E+00	1.9728E+00
1.9610E+03	0.0000E+00	0.0000E+00	1.9689E+00
1.9620E+03	0.0000E+00	0.0000E+00	1.9670E+00
1.9630E+03	0.0000E+00	0.0000E+00	1.9711E+00
1.9640E+03	0.0000E+00	0.0000E+00	1.9802E+00
1.9650E+03	0.0000E+00	0.0000E+00	1.9936E+00
1.9660E+03	0.0000E+00	0.0000E+00	2.0045E+00
1.9670E+03	0.0000E+00	0.0000E+00	2.0193E+00
1.9680E+03	0.0000E+00	0.0000E+00	2.0223E+00
1.9690E+03	0.0000E+00	0.0000E+00	2.0232E+00
1.9700E+03	0.0000E+00	0.0000E+00	2.0276E+00
1.9710E+03	0.0000E+00	0.0000E+00	2.0207E+00
1.9720E+03	0.0000E+00	0.0000E+00	2.0164E+00
1.9730E+03	0.0000E+00	0.0000E+00	2.0058E+00
1.9740E+03	0.0000E+00	0.0000E+00	2.0013E+00
1.9750E+03	0.0000E+00	0.0000E+00	1.9967E+00
1.9760E+03	0.0000E+00	0.0000E+00	1.9918E+00
1.9770E+03	0.0000E+00	0.0000E+00	1.9839E+00
1.9780E+03	0.0000E+00	0.0000E+00	1.9822E+00
1.9790E+03	0.0000E+00	0.0000E+00	1.9771E+00
1.9800E+03	0.0000E+00	0.0000E+00	1.9701E+00
1.9810E+03	0.0000E+00	0.0000E+00	1.9628E+00
1.9820E+03	0.0000E+00	0.0000E+00	1.9607E+00
1.9830E+03	0.0000E+00	0.0000E+00	1.9489E+00
1.9840E+03	0.0000E+00	0.0000E+00	1.9452E+00
1.9850E+03	0.0000E+00	0.0000E+00	1.9410E+00
1.9860E+03	0.0000E+00	0.0000E+00	1.9428E+00
1.9870E+03	0.0000E+00	0.0000E+00	1.9481E+00
1.9880E+03	0.0000E+00	0.0000E+00	1.9575E+00
1.9890E+03	0.0000E+00	0.0000E+00	1.9776E+00
1.9900E+03	0.0000E+00	0.0000E+00	1.9943E+00
1.9910E+03	0.0000E+00	0.0000E+00	2.0128E+00
1.9920E+03	0.0000E+00	0.0000E+00	2.0154E+00
1.9930E+03	0.0000E+00	0.0000E+00	2.0227E+00
1.9940E+03	0.0000E+00	0.0000E+00	2.0214E+00
1.9950E+03	0.0000E+00	0.0000E+00	2.0221E+00
1.9960E+03	0.0000E+00	0.0000E+00	2.0144E+00
1.9970E+03	0.0000E+00	0.0000E+00	2.0121E+00
1.9980E+03	0.0000E+00	0.0000E+00	2.0050E+00
1.9990E+03	0.0000E+00	0.0000E+00	1.9974E+00
2.0000E+03	0.0000E+00	0.0000E+00	1.9939E+00
2.0010E+03	0.0000E+00	0.0000E+00	1.9893E+00
2.0020E+03	0.0000E+00	0.0000E+00	1.9793E+00
2.0030E+03	0.0000E+00	0.0000E+00	1.9742E+00
2.0040E+03	0.0000E+00	0.0000E+00	1.9660E+00
2.0050E+03	0.0000E+00	0.0000E+00	1.9591E+00
2.0060E+03	0.0000E+00	0.0000E+00	1.9487E+00
2.0070E+03	0.0000E+00	0.0000E+00	1.9448E+00
2.0080E+03	0.0000E+00	0.0000E+00	1.9378E+00
2.0090E+03	0.0000E+00	0.0000E+00	1.9386E+00
2.0100E+03	0.0000E+00	0.0000E+00	1.9381E+00
2.0110E+03	0.0000E+00	0.0000E+00	1.9492E+00
2.0120E+03	0.0000E+00	0.0000E+00	1.9634E+00
2.0130E+03	0.0000E+00	0.0000E+00	1.9811E+00
2.0140E+03	0.0000E+00	0.0000E+00	1.9954E+00
2.0150E+03	0.0000E+00	0.0000E+00	2.0085E+00
2.0160E+03	0.0000E+00	0.0000E+00	2.0155E+00
2.0170E+03	0.0000E+00	0.0000E+00	2.0175E+00
2.0180E+03	0.0000E+00	0.0000E+00	2.0188E+00
2.0190E+03	0.0000E+00	0.0000E+00	2.0177E+00
2.0200E+03	0.0000E+00	0.0000E+00	2.0095E+00
2.0210E+03	0.0000E+00	0.0000E+00	1.9996E+00
2.0220E+03	0.0000E+00	0.0000E+00	1.9977E+00
2.0230E+03	0.0000E+00	0.0000E+00	1.9893E+00
2.0240E+03	0.0000E+00	0.0000E+00	1.9838E+00
2.0250E+03	0.0000E+00	0.0000E+00	1.9780E+00
2.0260E+03	0.0000E+00	0.0000E+00	1.9736E+00
2.0270E+03	0.0000E+00	0.0000E+00	1.9678E+00
2.0280E+03	0.0000E+00	0.0000E+00	1.9580E+00
2.0290E+03	0.0000E+00	0.0000E+00	1.9525E+00
2.0300E+03	0.0000E+00	0.0000E+00	1.9418E+00
2.0310E+03	0.0000E+00	0.0000E+00	1.9434E+00
2.0320E+03	0.0000E+00	0.0000E+00	1.9373E+00
2.0330E+03	0.0000E+00	0.0000E+00	1.9364E+00
2.0340E+03	0.0000E+00	0.0000E+00	1.9353E+00
2.0350E+03	0.0000E+00	0.0000E+00	1.9392E+00
2.0360E+03	0.0000E+00	0.0000E+00	1.9502E+00
2.0370E+03	0.0000E+00	0.0000E+00	1.9626E+00
2.0380E+03	0.0000E+00	0.0000E+00	1.9775E+00
2.0390E+03	0.0000E+00	0.0000E+00	1.9850E+00
2.0400E+03	0.0000E+00	0.0000E+00	1.9951E+00
2.0410E+03	0.0000E+00	0.0000E+00	2.0025E+00
2.0420E+03	0.0000E+00	0.0000E+00	2.0059E+00
2.0430E+03	0.0000E+00	0.0000E+00	2.0047E+00
2.0440E+03	0.0000E+00	0.0000E+00	2.0008E+00
2.0450E+03	0.0000E+00	0.0000E+00	1.9935E+00
2.0460E+03	0.0000E+00	0.0000E+00	1.9891E+00
2.0470E+03	0.0000E+00	0.0000E+00	1.9797E+00
2.0480E+03	0.0000E+00	0.0000E+00	1.9742E+00
2.0490E+03	0.0000E+00	0.0000E+00	1.9689E+00
2.0500E+03	0.0000E+00	0.0000E+00	1.9636E+00
2.0510E+03	0.0000E+00	0.0000E+00	1.9605E+00
2.0520E+03	0.0000E+00	0.0000E+00	1.9512E+00
2.0530E+03	0.0000E+00	0.0000E+00	1.9465E+00
2.0540E+03	0.0000E+00	0.0000E+00	1.9388E+00
2.0550E+03	0.0000E+00	0.0000E+00	1.9308E+00
2.0560E+03	0.0000E+00	0.0000E+00	1.9263E+00
2.0570E+03	0.0000E+00	0.0000E+00	1.9253E+00
2.0580E+03	0.0000E+00	0.0000E+00	1.9267E+00
2.0590E+03	0.0000E+00	0.0000E+00	1.9377E+00
2.0600E+03	0.0000E+00	0.0000E+00	1.9512E+00
2.0610E+03	0.0000E+00	0.0000E+00	1.9678E+00
2.0620E+03	0.0000E+00	0.0000E+00	1.9792E+00
2.0630E+03	0.0000E+00	0.0000E+00	1.9913E+00
2.0640E+03	0.0000E+00	0.0000E+00	1.9973E+00
2.0650E+03	0.0000E+00	0.0000E+00	1.9948E+00
2.0660E+03	0.0000E+00	0.0000E+00	1.9926E+00
2.0670E+03	0.0000E+00	0.0000E+00	1.9880E+00
2.0680E+03	0.0000E+00	0.0000E+00	1.9873E+00
2.0690E+03	0.0000E+00	0.0000E+00	1.9813E+00
2.0700E+03	0.0000E+00	0.0000E+00	1.9775E+00
2.0710E+03	0.0000E+00	0.0000E+00	1.9679E+00
2.0720E+03	0.0000E+00	0.0000E+00	1.9649E+00
2.0730E+03	0.0000E+00	0.0000E+00	1.9589E+00
2.0740E+03	0.0000E+00	0.0000E+00	1.9550E+00
2.0750E+03	0.0000E+00	0.0000E+00	1.9492E+00
2.0760E+03	0.0000E+00	0.0000E+00	1.9457E+00
2.0770E+03	0.0000E+00	0.0000E+00	1.9366E+00
2.0780E+03	0.0000E+00	0.0000E+00	1.9330E+00
2.0790E+03	0.0000E+00	0.0000E+00	1.9276E+00
2.0800E+03	0.0000E+00	0.0000E+00	1.9236E+00
2.0810E+03	0.0000E+00	0.0000E+00	1.9167E+00
2.0820E+03	0.0000E+00	0.0000E+00	1.9196E+00
2.0830E+03	0.0000E+00	0.0000E+00	1.9247E+00
2.0840E+03	0.0000E+00	0.0000E+00	1.9375E+00
2.0850E+03	0.0000E+00	0.0000E+00	1.9531E+00
2.0860E+03	0.0000E+00	0.0000E+00	1.9726E+00
2.0870E+03	0.0000E+00	0.0000E+00	1.9917E+00
2.0880E+03	0.0000E+00	0.0000E+00	2.0044E+00
2.0890E+03	0.0000E+00	0.0000E+00	2.0080E+00
2.0900E+03	0.0000E+00	0.0000E+00	2.0088E+00
2.0910E+03	0.0000E+00	0.0000E+00	2.0070E+00
2.0920E+03	0.0000E+00	0.0000E+00	2.0031E+00
2.0930E+03	0.0000E+00	0.0000E+00	1.9922E+00
2.0940E+03	0.0000E+00	0.0000E+00	1.9880E+00
2.0950E+03	0.0000E+00	0.0000E+00	1.9816E+00
2.0960E+03	0.0000E+00	0.0000E+00	1.9753E+00
2.0970E+03	0.0000E+00	0.0000E+00	1.9698E+00
2.0980E+03	0.0000E+00	0.0000E+00	1.9631E+00
2.0990E+03	0.0000E+00	0.0000E+00	1.9532E+00
2.1000E+03	0.0000E+00	0.0000E+00	1.9461E+00
2.1010E+03	0.0000E+00	0.0000E+00	1.9404E+00
2.1020E+03	0.0000E+00	0.0000E+00	1.9328E+00
2.1030E+03	0.0000E+00	0.0000E+00	1.9253E+00
2.1040E+03	0.0000E+00	0.0000E+00	1.9197E+00
2.1050E+03	0.0000E+00	0.0000E+00	1.9173E+00
2.1060E+03	0.0000E+00	0.0000E+00	1.9218E+00
2.1070E+03	0.0000E+00	0.0000E+00	1.9293E+00
2.1080E+03	0.0000E+00	0.0000E+00	1.9407E+00
2.1090E+03	0.0000E+00	0.0000E+00	1.9560E+00
2.1100E+03	0.0000E+00	0.0000E+00	1.9749E+00
2.1110E+03	0.0000E+00	0.0000E+00	1.9908E+00
2.1120E+03	0.0000E+00	0.0000E+00	2.0046E+00
2.1130E+03	0.0000E+00	0.0000E+00	2.0118E+00
2.1140E+03	0.0000E+00	0.0000E+00	2.0124E+00
2.1150E+03	0.0000E+00	0.0000E+00	2.0103E+00
2.1160E+03	0.0000E+00	0.0000E+00	2.0021E+00
2.1170E+03	0.0000E+00	0.0000E+00	1.9977E+00
2.1180E+03	0.0000E+00	0.0000E+00	1.9905E+00
2.1190E+03	0.0000E+00	0.0000E+00	1.9780E+00
2.1200E+03	0.0000E+00	0.0000E+00	1.9719E+00
2.1210E+03	0.0000E+00	0.0000E+00	1.9654E+00
2.1220E+03	0.0000E+00	0.0000E+00	1.9541E+00
2.1230E+03	0.0000E+00	0.0000E+00	1.9496E+00
2.1240E+03	0.0000E+00	0.0000E+00	1.9439E+00
2.1250E+03	0.0000E+00	0.0000E+00	1.9353E+00
2.1260E+03	0.0000E+00	0.0000E+00	1.9288E+00
2.1270E+03	0.0000E+00	0.0000E+00	1.9148E+00
2.1280E+03	0.0000E+00	0.0000E+00	1.9108E+00
2.1290E+03	0.0000E+00	0.0000E+00	1.9087E+00
2.1300E+03	0.0000E+00	0.0000E+00	1.9109E+00
2.1310E+03	0.0000E+00	0.0000E+00	1.9220E+00
2.1320E+03	0.0000E+00	0.0000E+00	1.9434E+00
2.1330E+03	0.0000E+00	0.0000E+00	1.9533E+00
2.1340E+03	0.0000E+00	0.0000E+00	1.9708E+00
2.1350E+03	0.0000E+00	0.0000E+00	1.9899E+00
2.1360E+03	0.0000E+00	0.0000E+00	2.0095E+00
2.1370E+03	0.0000E+00	0.0000E+00	2.0090E+00
2.1380E+03	0.0000E+00	0.0000E+00	2.0133E+00
2.1390E+03	0.0000E+00	0.0000E+00	2.0033E+00
2.1400E+03	0.0000E+00	0.0000E+00	2.0015E+00
2.1410E+03	0.0000E+00	0.0000E+00	1.9925E+00
2.1420E+03	0.0000E+00	0.0000E+00	1.9866E+00
2.1430E+03	0.0000E+00	0.0000E+00	1.9739E+00
2.1440E+03	0.0000E+00	0.0000E+00	1.9692E+00
2.1450E+03	0.0000E+00	0.0000E+00	1.9625E+00
2.1460E+03	0.0000E+00	0.0000E+00	1.9578E+00
2.1470E+03	0.0000E+00	0.0000E+00	1.9465E+00
2.1480E+03	0.0000E+00	0.0000E+00	1.9418E+00
2.1490E+03	0.0000E+00	0.0000E+00	1.9357E+00
2.1500E+03	0.0000E+00	0.0000E+00	1.9268E+00
2.1510E+03	0.0000E+00	0.0000E+00	1.9189E+00
2.1520E+03	0.0000E+00	0.0000E+00	1.9121E+00
2.1530E+03	0.0000E+00	0.0000E+00	1.9122E+00
2.1540E+03	0.0000E+00	0.0000E+00	1.9151E+00
2.1550E+03	0.0000E+00	0.0000E+00	1.9291E+00
2.1560E+03	0.0000E+00	0.0000E+00	1.9477E+00
2.1570E+03	0.0000E+00	0.0000E+00	1.9664E+00
2.1580E+03	0.0000E+00	0.0000E+00	1.9809E+00
2.1590E+03	0.0000E+00	0.0000E+00	1.9953E+00
2.1600E+03	0.0000E+00	0.0000E+00	2.0030E+00
2.1610E+03	0.0000E+00	0.0000E+00	2.0018E+00
2.1620E+03	0.0000E+00	0.0000E+00	1.9996E+00
2.1630E+03	0.0000E+00	0.0000E+00	1.9914E+00
2.1640E+03	0.0000E+00	0.0000E+00	1.9881E+00
2.1650E+03	0.0000E+00	0.0000E+00	1.9749E+00
2.1660E+03	0.0000E+00	0.0000E+00	1.9670E+00
2.1670E+03	0.0000E+00	0.0000E+00	1.9545E+00
2.1680E+03	0.0000E+00	0.0000E+00	1.9483E+00
2.1690E+03	0.0000E+00	0.0000E+00	1.9411E+00
2.1700E+03	0.0000E+00	0.0000E+00	1.9299E+00
2.1710E+03	0.0000E+00	0.0000E+00	1.9225E+00
2.1720E+03	0.0000E+00	0.0000E+00	1.9131E+00
2.1730E+03	0.0000E+00	0.0000E+00	1.9038E+00
2.1740E+03	0.0000E+00	0.0000E+00	1.8946E+00
2.1750E+03	0.0000E+00	0.0000E+00	1.8865E+00
2.1760E+03	0.0000E+00	0.0000E+00	1.8765E+00
2.1770E+03	0.0000E+00	0.0000E+00	1.8679E+00
2.1780E+03	0.0000E+00	0.0000E+00	1.8666E+00
2.1790E+03	0.0000E+00	0.0000E+00	1.8711E+00
2.1800E+03	0.0000E+00	0.0000E+00	1.8767E+00
2.1810E+03	0.0000E+00	0.0000E+00	1.8864E+00
2.1820E+03	0.0000E+00	0.0000E+00	1.8951E+00
2.1830E+03	0.0000E+00	0.0000E+00	1.9072E+00
2.1840E+03	0.0000E+00	0.0000E+00	1.9129E+00
2.1850E+03	0.0000E+00	0.0000E+00	1.9162E+00
2.1860E+03	0.0000E+00	0.0000E+00	1.9176E+00
2.1870E+03	0.0000E+00	0.0000E+00	1.9135E+00
2.1880E+03	0.0000E+00	0.0000E+00	1.9103E+00
2.1890E+03	0.0000E+00	0.0000E+00	1.9042E+00
2.1900E+03	0.0000E+00	0.0000E+00	1.8974E+00
2.1910E+03	0.0000E+00	0.0000E+00	1.8900E+00
2.1920E+03	0.0000E+00	0.0000E+00	1.8868E+00
2.1930E+03	0.0000E+00	0.0000E+00	1.8789E+00
2.1940E+03	0.0000E+00	0.0000E+00	1.8721E+00
2.1950E+03	0.0000E+00	0.0000E+00	1.8688E+00
2.1960E+03	0.0000E+00	0.0000E+00	1.8643E+00
2.1970E+03	0.0000E+00	0.0000E+00	1.8571E+00
2.1980E+03	0.0000E+00	0.0000E+00	1.8498E+00
2.1990E+03	0.0000E+00	0.0000E+00	1.8449E+00
2.2000E+03	0.0000E+00	0.0000E+00	1.8373E+00
2.2010E+03	0.0000E+00	0.0000E+00	1.8312E+00
2.2020E+03	0.0000E+00	0.0000E+00	1.8311E+00
2.2030E+03	0.0000E+00	0.0000E+00	1.8348E+00
2.2040E+03	0.0000E+00	0.0000E+00	1.8411E+00
2.2050E+03	0.0000E+00	0.0000E+00	1.8538E+00
2.2060E+03	0.0000E+00	0.0000E+00	1.8667E+00
2.2070E+03	0.0000E+00	0.0000E+00	1.8816E+00
2.2080E+03	0.0000E+00	0.0000E+00	1.8916E+00
2.2090E+03	0.0000E+00	0.0000E+00	1.8979E+00
2.2100E+03	0.0000E+00	0.0000E+00	1.9025E+00
2.2110E+03	0.0000E+00	0.0000E+00	1.9005E+00
2.2120E+03	0.0000E+00	0.0000E+00	1.8941E+00
2.2130E+03	0.0000E+00	0.0000E+00	1.8873E+00
2.2140E+03	0.0000E+00	0.0000E+00	1.8824E+00
2.2150E+03	0.0000E+00	0.0000E+00	1.8746E+00
2.2160E+03	0.0000E+00	0.0000E+00	1.8700E+00
2.2170E+03	0.0000E+00	0.0000E+00	1.8654E+00
2.2180E+03	0.0000E+00	0.0000E+00	1.8594E+00
2.2190E+03	0.0000E+00	0.0000E+00	1.8516E+00
2.2200E+03	0.0000E+00	0.0000E+00	1.8475E+00
2.2210E+03	0.0000E+00	0.0000E+00	1.8390E+00
2.2220E+03	0.0000E+00	0.0000E+00	1.8343E+00
2.2230E+03	0.0000E+00	0.0000E+00	1.8306E+00
2.2240E+03	0.0000E+00	0.0000E+00	1.8330E+00
2.2250E+03	0.0000E+00	0.0000E+00	1.8272E+00
2.2260E+03	0.0000E+00	0.0000E+00	1.8226E+00
2.2270E+03	0.0000E+00	0.0000E+00	1.8310E+00
2.2280E+03	0.0000E+00	0.0000E+00	1.8351E+00
2.2290E+03	0.0000E+00	0.0000E+00	1.8442E+00
2.2300E+03	0.0000E+00	0.0000E+00	1.8549E+00
2.2310E+03	0.0000E+00	0.0000E+00	1.8637E+00
2.2320E+03	0.0000E+00	0.0000E+00	1.8725E+00
2.2330E+03	0.0000E+00	0.0000E+00	1.8735E+00
2.2340E+03	0.0000E+00	0.0000E+00	1.8749E+00
2.2350E+03	0.0000E+00	0.0000E+00	1.8700E+00
2.2360E+03	0.0000E+00	0.0000E+00	1.8704E+00
2.2370E+03	0.0000E+00	0.0000E+00	1.8636E+00
2.2380E+03	0.0000E+00	0.0000E+00	1.8592E+00
2.2390E+03	0.0000E+00	0.0000E+00	1.8513E+00
2.2400E+03	0.0000E+00	0.0000E+00	1.8478E+00
2.2410E+03	0.0000E+00	0.0000E+00	1.8409E+00
2.2420E+03	0.0000E+00	0.0000E+00	1.8358E+00
2.2430E+03	0.0000E+00	0.0000E+00	1.8319E+00
2.2440E+03	0.0000E+00	0.0000E+00	1.8283E+00
2.2450E+03	0.0000E+00	0.0000E+00	1.8216E+00
2.2460E+03	0.0000E+00	0.0000E+00	1.8159E+00
2.2470E+03	0.0000E+00	0.0000E+00	1.8101E+00
2.2480E+03	0.0000E+00	0.0000E+00	1.8002E+00
2.2490E+03	0.0000E+00	0.0000E+00	1.7957E+00
2.2500E+03	0.0000E+00	0.0000E+00	1.7917E+00
2.2510E+03	0.0000E+00	0.0000E+00	1.7938E+00
2.2520E+03	0.0000E+00	0.0000E+00	1.8010E+00
2.2530E+03	0.0000E+00	0.0000E+00	1.8097E+00
2.2540E+03	0.0000E+00	0.0000E+00	1.8223E+00
2.2550E+03	0.0000E+00	0.0000E+00	1.8349E+00
2.2560E+03	0.0000E+00	0.0000E+00	1.8473E+00
2.2570E+03	0.0000E+00	0.0000E+00	1.8523E+00
2.2580E+03	0.0000E+00	0.0000E+00	1.8569E+00
2.2590E+03	0.0000E+00	0.0000E+00	1.8531E+00
2.2600E+03	0.0000E+00	0.0000E+00	1.8488E+00
2.2610E+03	0.0000E+00	0.0000E+00	1.8428E+00
2.2620E+03	0.0000E+00	0.0000E+00	1.8398E+00
2.2630E+03	0.0000E+00	0.0000E+00	1.8327E+00
2.2640E+03	0.0000E+00	0.0000E+00	1.8291E+00
2.2650E+03	0.0000E+00	0.0000E+00	1.8244E+00
2.2660E+03	0.0000E+00	0.0000E+00	1.8190E+00
2.2670E+03	0.0000E+00	0.0000E+00	1.8131E+00
2.2680E+03	0.0000E+00	0.0000E+00	1.8074E+00
2.2690E+03	0.0000E+00	0.0000E+00	1.8043E+00
2.2700E+03	0.0000E+00	0.0000E+00	1.7973E+00
2.2710E+03	0.0000E+00	0.0000E+00	1.7920E+00
2.2720E+03	0.0000E+00	0.0000E+00	1.7891E+00
2.2730E+03	0.0000E+00	0.0000E+00	1.7825E+00
2.2740E+03	0.0000E+00	0.0000E+00	1.7890E+00
2.2750E+03	0.0000E+00	0.0000E+00	1.7967E+00
2.2760E+03	0.0000E+00	0.0000E+00	1.8074E+00
2.2770E+03	0.0000E+00	0.0000E+00	1.8129E+00
2.2780E+03	0.0000E+00	0.0000E+00	1.8213E+00
2.2790E+03	0.0000E+00	0.0000E+00	1.8272E+00
2.2800E+03	0.0000E+00	0.0000E+00	1.8339E+00
2.2810E+03	0.0000E+00	0.0000E+00	1.8347E+00
2.2820E+03	0.0000E+00	0.0000E+00	1.8342E+00
2.2830E+03	0.0000E+00	0.0000E+00	1.8347E+00
2.2840E+03	0.0000E+00	0.0000E+00	1.8320E+00
2.2850E+03	0.0000E+00	0.0000E+00	1.8259E+00
2.2860E+03	0.0000E+00	0.0000E+00	1.8218E+00
2.2870E+03	0.0000E+00	0.0000E+00	1.8149E+00
2.2880E+03	0.0000E+00	0.0000E+00	1.8112E+00
2.2890E+03	0.0000E+00	0.0000E+00	1.8084E+00
2.2900E+03	0.0000E+00	0.0000E+00	1.8047E+00
2.2910E+03	0.0000E+00	0.0000E+00	1.7997E+00
2.2920E+03	0.0000E+00	0.0000E+00	1.7935E+00
2.2930E+03	0.0000E+00	0.0000E+00	1.7853E+00
2.2940E+03	0.0000E+00	0.0000E+00	1.7804E+00
2.2950E+03	0.0000E+00	0.0000E+00	1.7781E+00
2.2960E+03	0.0000E+00	0.0000E+00	1.7717E+00
2.2970E+03	0.0000E+00	0.0000E+00	1.7681E+00
2.2980E+03	0.0000E+00	0.0000E+00	1.7671E+00
2.2990E+03	0.0000E+00	0.0000E+00	1.7660E+00
2.3000E+03	0.0000E+00	0.0000E+00	1.7722E+00
2.3010E+03	0.0000E+00	0.0000E+00	1.7801E+00
2.3020E+03	0.0000E+00	0.0000E+00	1.7915E+00
2.3030E+03	0.0000E+00	0.0000E+00	1.8062E+00
2.3040E+03	0.0000E+00	0.0000E+00	1.8168E+00
2.3050E+03	0.0000E+00	0.0000E+00	1.8231E+00
2.3060E+03	0.0000E+00	0.0000E+00	1.8258E+00
2.3070E+03	0.0000E+00	0.0000E+00	1.8278E+00
2.3080E+03	0.0000E+00	0.0000E+00	1.8246E+00
2.3090E+03	0.0000E+00	0.0000E+00	1.8198E+00
2.3100E+03	0.0000E+00	0.0000E+00	1.8161E+00
2.3110E+03	0.0000E+00	0.0000E+00	1.8089E+00
2.3120E+03	0.0000E+00	0.0000E+00	1.8067E+00
2.3130E+03	0.0000E+00	0.0000E+00	1.8023E+00
2.3140E+03	0.0000E+00	0.0000E+00	1.7977E+00
2.3150E+03	0.0000E+00	0.0000E+00	1.7927E+00
2.3160E+03	0.0000E+00	0.0000E+00	1.7871E+00
2.3170E+03	0.0000E+00	0.0000E+00	1.7823E+00
2.3180E+03	0.0000E+00	0.0000E+00	1.7774E+00
2.3190E+03	0.0000E+00	0.0000E+00	1.7720E+00
2.3200E+03	0.0000E+00	0.0000E+00	1.7672E+00
2.3210E+03	0.0000E+00	0.0000E+00	1.7628E+00
2.3220E+03	0.0000E+00	0.0000E+00	1.7623E+00
2.3230E+03	0.0000E+00	0.0000E+00	1.7655E+00
2.3240E+03	0.0000E+00	0.0000E+00	1.7697E+00
2.3250E+03	0.0000E+00	0.0000E+00	1.7807E+00
2.3260E+03	0.0000E+00	0.0000E+00	1.7889E+00
2.3270E+03	0.0000E+00	0.0000E+00	1.7999E+00
2.3280E+03	0.0000E+00	0.0000E+00	1.8193E+00
2.3290E+03	0.0000E+00	0.0000E+00	1.8340E+00
2.3300E+03	0.0000E+00	0.0000E+00	1.8595E+00
2.3310E+03	0.0000E+00	0.0000E+00	1.8715E+00
2.3320E+03	0.0000E+00	0.0000E+00	1.8722E+00
2.3330E+03	0.0000E+00	0.0000E+00	1.8610E+00
2.3340E+03	0.0000E+00	0.0000E+00	1.8490E+00
2.3350E+03	0.0000E+00	0.0000E+00	1.8396E+00
2.3360E+03	0.0000E+00	0.0000E+00	1.8289E+00
2.3370E+03	0.0000E+00	0.0000E+00	1.8204E+00
2.3380E+03	0.0000E+00	0.0000E+00	1.8119E+00
2.3390E+03	0.0000E+00	0.0000E+00	1.8023E+00
2.3400E+03	0.0000E+00	0.0000E+00	1.7970E+00
2.3410E+03	0.0000E+00	0.0000E+00	1.7931E+00
2.3420E+03	0.0000E+00	0.0000E+00	1.7842E+00
2.3430E+03	0.0000E+00	0.0000E+00	1.7778E+00
2.3440E+03	0.0000E+00	0.0000E+00	1.7696E+00
2.3450E+03	0.0000E+00	0.0000E+00	1.7640E+00
2.3460E+03	0.0000E+00	0.0000E+00	1.7616E+00
2.3470E+03	0.0000E+00	0.0000E+00	1.7878E+00
2.3480E+03	0.0000E+00	0.0000E+00	1.7910E+00
2.3490E+03	0.0000E+00	0.0000E+00	1.7928E+00
2.3500E+03	0.0000E+00	0.0000E+00	1.7987E+00
2.3510E+03	0.0000E+00	0.0000E+00	1.8037E+00
2.3520E+03	0.0000E+00	0.0000E+00	1.8099E+00
2.3530E+03	0.0000E+00	0.0000E+00	1.8153E+00
2.3540E+03	0.0000E+00	0.0000E+00	1.8201E+00
2.3550E+03	0.0000E+00	0.0000E+00	1.8218E+00
2.3560E+03	0.0000E+00	0.0000E+00	1.8201E+00
2.3570E+03	0.0000E+00	0.0000E+00	1.8181E+00
2.3580E+03	0.0000E+00	0.0000E+00	1.8138E+00
2.3590E+03	0.0000E+00	0.0000E+00	1.8110E+00
2.3600E+03	0.0000E+00	0.0000E+00	1.8075E+00
2.3610E+03	0.0000E+00	0.0000E+00	1.8012E+00
2.3620E+03	0.0000E+00	0.0000E+00	1.7995E+00
2.3630E+03	0.0000E+00	0.0000E+00	1.7894E+00
2.3640E+03	0.0000E+00	0.0000E+00	1.7901E+00
2.3650E+03	0.0000E+00	0.0000E+00	1.7916E+00
2.3660E+03	0.0000E+00	0.0000E+00	1.7881E+00
2.3670E+03	0.0000E+00	0.0000E+00	1.7847E+00
2.3680E+03	0.0000E+00	0.0000E+00	1.7765E+00
2.3690E+03	0.0000E+00	0.0000E+00	1.7837E+00
2.3700E+03	0.0000E+00	0.0000E+00	1.7898E+00
2.3710E+03	0.0000E+00	0.0000E+00	1.7906E+00
2.3720E+03	0.0000E+00	0.0000E+00	1.7920E+00
2.3730E+03	0.0000E+00	0.0000E+00	1.8018E+00
2.3740E+03	0.0000E+00	0.0000E+00	1.8109E+00
2.3750E+03	0.0000E+00	0.0000E+00	1.8211E+00
2.3760E+03	0.0000E+00	0.0000E+00	1.8291E+00
2.3770E+03	0.0000E+00	0.0000E+00	1.8318E+00
2.3780E+03	0.0000E+00	0.0000E+00	1.8325E+00
2.3790E+03	0.0000E+00	0.0000E+00	1.8328E+00
2.3800E+03	0.0000E+00	0.0000E+00	1.8285E+00
2.3810E+03	0.0000E+00	0.0000E+00	1.8268E+00
2.3820E+03	0.0000E+00	0.0000E+00	1.8208E+00
2.3830E+03	0.0000E+00	0.0000E+00	1.8126E+00
2.3840E+03	0.0000E+00	0.0000E+00	1.8116E+00
2.3850E+03	0.0000E+00	0.0000E+00	1.8094E+00
2.3860E+03	0.0000E+00	0.0000E+00	1.8043E+00
2.3870E+03	0.0000E+00	0.0000E+00	1.7983E+00
2.3880E+03	0.0000E+00	0.0000E+00	1.8006E+00
2.3890E+03	0.0000E+00	0.0000E+00	1.7944E+00
2.3900E+03	0.0000E+00	0.0000E+00	1.7929E+00
2.3910E+03	0.0000E+00	0.0000E+00	1.7891E+00
2.3920E+03	0.0000E+00	0.0000E+00	1.7857E+00
2.3930E+03	0.0000E+00	0.0000E+00	1.7801E+00
2.3940E+03	0.0000E+00	0.0000E+00	1.7791E+00
2.3950E+03	0.0000E+00	0.0000E+00	1.7874E+00
2.3960E+03	0.0000E+00	0.0000E+00	1.7881E+00
2.3970E+03	0.0000E+00	0.0000E+00	1.7945E+00
2.3980E+03	0.0000E+00	0.0000E+00	1.8020E+00
2.3990E+03	0.0000E+00	0.0000E+00	1.8100E+00
2.4000E+03	0.0000E+00	0.0000E+00	1.8167E+00
2.4010E+03	0.0000E+00	0.0000E+00	1.8237E+00
2.4020E+03	0.0000E+00	0.0000E+00	1.8272E+00
2.4030E+03	0.0000E+00	0.0000E+00	1.8267E+00
2.4040E+03	0.0000E+00	0.0000E+00	1.8249E+00
2.4050E+03	0.0000E+00	0.0000E+00	1.8215E+00
2.4060E+03	0.0000E+00	0.0000E+00	1.8163E+00
2.4070E+03	0.0000E+00	0.0000E+00	1.8143E+00
2.4080E+03	0.0000E+00	0.0000E+00	1.8111E+00
2.4090E+03	0.0000E+00	0.0000E+00	1.8069E+00
2.4100E+03	0.0000E+00	0.0000E+00	1.8039E+00
2.4110E+03	0.0000E+00	0.0000E+00	1.8030E+00
2.4120E+03	0.0000E+00	0.0000E+00	1.7990E+00
2.4130E+03	0.0000E+00	0.0000E+00	1.7926E+00
2.4140E+03	0.0000E+00	0.0000E+00	1.7883E+00
2.4150E+03	0.0000E+00	0.0000E+00	1.7843E+00
2.4160E+03	0.0000E+00	0.0000E+00	1.7781E+00
2.4170E+03	0.0000E+00	0.0000E+00	1.7725E+00
2.4180E+03	0.0000E+00	0.0000E+00	1.7723E+00
2.4190E+03	0.0000E+00	0.0000E+00	1.7711E+00
2.4200E+03	0.0000E+00	0.0000E+00	1.7742E+00
2.4210E+03	0.0000E+00	0.0000E+00	1.7821E+00
2.4220E+03	0.0000E+00	0.0000E+00	1.7881E+00
2.4230E+03	0.0000E+00	0.0000E+00	1.8015E+00
2.4240E+03	0.0000E+00	0.0000E+00	1.8110E+00
2.4250E+03	0.0000E+00	0.0000E+00	1.8195E+00
2.4260E+03	0.0000E+00	0.0000E+00	1.8228E+00
2.4270E+03	0.0000E+00	0.0000E+00	1.8210E+00
2.4280E+03	0.0000E+00	0.0000E+00	1.8167E+00
2.4290E+03	0.0000E+00	0.0000E+00	1.8122E+00
2.4300E+03	0.0000E+00	0.0000E+00	1.8076E+00
2.4310E+03	0.0000E+00	0.0000E+00	1.8038E+00
2.4320E+03	0.0000E+00	0.0000E+00	1.7972E+00
2.4330E+03	0.0000E+00	0.0000E+00	1.7930E+00
2.4340E+03	0.0000E+00	0.0000E+00	1.7855E+00
2.4350E+03	0.0000E+00	0.0000E+00	1.7836E+00
2.4360E+03	0.0000E+00	0.0000E+00	1.7768E+00
2.4370E+03	0.0000E+00	0.0000E+00	1.7736E+00
2.4380E+03	0.0000E+00	0.0000E+00	1.7646E+00
2.4390E+03	0.0000E+00	0.0000E+00	1.7613E+00
2.4400E+03	0.0000E+00	0.0000E+00	1.7536E+00
2.4410E+03	0.0000E+00	0.0000E+00	1.7493E+00
2.4420E+03	0.0000E+00	0.0000E+00	1.7463E+00
2.4430E+03	0.0000E+00	0.0000E+00	1.7482E+00
2.4440E+03	0.0000E+00	0.0000E+00	1.7496E+00
2.4450E+03	0.0000E+00	0.0000E+00	1.7548E+00
2.4460E+03	0.0000E+00	0.0000E+00	1.7680E+00
2.4470E+03	0.0000E+00	0.0000E+00	1.7814E+00
2.4480E+03	0.0000E+00	0.0000E+00	1.7943E+00
2.4490E+03	0.0000E+00	0.0000E+00	1.8015E+00
2.4500E+03	0.0000E+00	0.0000E+00	1.8047E+00
2.4510E+03	0.0000E+00	0.0000E+00	1.8072E+00
2.4520E+03	0.0000E+00	0.0000E+00	1.8026E+00
2.4530E+03	0.0000E+00	0.0000E+00	1.7981E+00
2.4540E+03	0.0000E+00	0.0000E+00	1.7926E+00
2.4550E+03	0.0000E+00	0.0000E+00	1.7877E+00
2.4560E+03	0.0000E+00	0.0000E+00	1.7823E+00
2.4570E+03	0.0000E+00	0.0000E+00	1.7768E+00
2.4580E+03	0.0000E+00	0.0000E+00	1.7727E+00
2.4590E+03	0.0000E+00	0.0000E+00	1.7666E+00
2.4600E+03	0.0000E+00	0.0000E+00	1.7624E+00
2.4610E+03	0.0000E+00	0.0000E+00	1.7603E+00
2.4620E+03	0.0000E+00	0.0000E+00	1.7546E+00
2.4630E+03	0.0000E+00	0.0000E+00	1.7468E+00
2.4640E+03	0.0000E+00	0.0000E+00	1.7421E+00
2.4650E+03	0.0000E+00	0.0000E+00	1.7376E+00
2.4660E+03	0.0000E+00	0.0000E+00	1.7358E+00
2.4670E+03	0.0000E+00	0.0000E+00	1.7392E+00
2.4680E+03	0.0000E+00	0.0000E+00	1.7505E+00
2.4690E+03	0.0000E+00	0.0000E+00	1.7667E+00
2.4700E+03	0.0000E+00	0.0000E+00	1.7834E+00
2.4710E+03	0.0000E+00	0.0000E+00	1.8135E+00
2.4720E+03	0.0000E+00	0.0000E+00	1.8435E+00
2.4730E+03	0.0000E+00	0.0000E+00	1.8670E+00
2.4740E+03	0.0000E+00	0.0000E+00	1.8715E+00
2.4750E+03	0.0000E+00	0.0000E+00	1.8686E+00
2.4760E+03	0.0000E+00	0.0000E+00	1.8640E+00
2.4770E+03	0.0000E+00	0.0000E+00	1.8533E+00
2.4780E+03	0.0000E+00	0.0000E+00	1.8396E+00
2.4790E+03	0.0000E+00	0.0000E+00	1.8313E+00
2.4800E+03	0.0000E+00	0.0000E+00	1.8231E+00
2.4810E+03	0.0000E+00	0.0000E+00	1.8136E+00
2.4820E+03	0.0000E+00	0.0000E+00	1.8066E+00
2.4830E+03	0.0000E+00	0.0000E+00	1.7987E+00
2.4840E+03	0.0000E+00	0.0000E+00	1.7866E+00
2.4850E+03	0.0000E+00	0.0000E+00	1.7843E+00
2.4860E+03	0.0000E+00	0.0000E+00	1.7771E+00
2.4870E+03	0.0000E+00	0.0000E+00	1.7707E+00
2.4880E+03	0.0000E+00	0.0000E+00	1.7682E+00
2.4890E+03	0.0000E+00	0.0000E+00	1.7615E+00
2.4900E+03	0.0000E+00	0.0000E+00	1.7552E+00
2.4910E+03	0.0000E+00	0.0000E+00	1.7557E+00
2.4920E+03	0.0000E+00	0.0000E+00	1.7578E+00
2.4930E+03	0.0000E+00	0.0000E+00	1.7595E+00
2.4940E+03	0.0000E+00	0.0000E+00	1.7691E+00
2.4950E+03	0.0000E+00	0.0000E+00	1.7734E+00
2.4960E+03	0.0000E+00	0.0000E+00	1.7788E+00
2.4970E+03	0.0000E+00	0.0000E+00	1.7822E+00
2.4980E+03	0.0000E+00	0.0000E+00	1.7829E+00
2.4990E+03	0.0000E+00	0.0000E+00	1.7824E+00
2.5000E+03	0.0000E+00	0.0000E+00	1.7770E+00
2.5010E+03	0.0000E+00	0.0000E+00	1.7724E+00
2.5020E+03	0.0000E+00	0.0000E+00	1.7681E+00
2.5030E+03	0.0000E+00	0.0000E+00	1.7647E+00
2.5040E+03	0.0000E+00	0.0000E+00	1.7645E+00
2.5050E+03	0.0000E+00	0.0000E+00	1.7577E+00
2.5060E+03	0.0000E+00	0.0000E+00	1.7562E+00
2.5070E+03	0.0000E+00	0.0000E+00	1.7548E+00
2.5080E+03	0.0000E+00	0.0000E+00	1.7526E+00
2.5090E+03	0.0000E+00	0.0000E+00	1.7485E+00
2.5100E+03	0.0000E+00	0.0000E+00	1.7460E+00
2.5110E+03	0.0000E+00	0.0000E+00	1.7451E+00
2.5120E+03	0.0000E+00	0.0000E+00	1.7405E+00
2.5130E+03	0.0000E+00	0.0000E+00	1.7413E+00
2.5140E+03	0.0000E+00	0.0000E+00	1.7391E+00
2.5150E+03	0.0000E+00	0.0000E+00	1.7522E+00
2.5160E+03	0.0000E+00	0.0000E+00	1.7703E+00
2.5170E+03	0.0000E+00	0.0000E+00	1.7654E+00
2.5180E+03	0.0000E+00	0.0000E+00	1.7626E+00
2.5190E+03	0.0000E+00	0.0000E+00	1.7630E+00
2.5200E+03	0.0000E+00	0.0000E+00	1.7707E+00
2.5210E+03	0.0000E+00	0.0000E+00	1.7780E+00
2.5220E+03	0.0000E+00	0.0000E+00	1.7777E+00
2.5230E+03	0.0000E+00	0.0000E+00	1.7773E+00
2.5240E+03	0.0000E+00	0.0000E+00	1.7752E+00
2.5250E+03	0.0000E+00	0.0000E+00	1.7697E+00
2.5260E+03	0.0000E+00	0.0000E+00	1.7665E+00
2.5270E+03	0.0000E+00	0.0000E+00	1.7636E+00
2.5280E+03	0.0000E+00	0.0000E+00	1.7623E+00
2.5290E+03	0.0000E+00	0.0000E+00	1.7600E+00
2.5300E+03	0.0000E+00	0.0000E+00	1.7528E+00
2.5310E+03	0.0000E+00	0.0000E+00	1.7520E+00
2.5320E+03	0.0000E+00	0.0000E+00	1.7503E+00
2.5330E+03	0.0000E+00	0.0000E+00	1.7450E+00
2.5340E+03	0.0000E+00	0.0000E+00	1.7380E+00
2.5350E+03	0.0000E+00	0.0000E+00	1.7362E+00
2.5360E+03	0.0000E+00	0.0000E+00	1.7298E+00
2.5370E+03	0.0000E+00	0.0000E+00	1.7270E+00
2.5380E+03	0.0000E+00	0.0000E+00	1.7235E+00
2.5390E+03	0.0000E+00	0.0000E+00	1.7179E+00
2.5400E+03	0.0000E+00	0.0000E+00	1.7171E+00
2.5410E+03	0.0000E+00	0.0000E+00	1.7211E+00
2.5420E+03	0.0000E+00	0.0000E+00	1.7279E+00
2.5430E+03	0.0000E+00	0.0000E+00	1.7336E+00
2.5440E+03	0.0000E+00	0.0000E+00	1.7447E+00
2.5450E+03	0.0000E+00	0.0000E+00	1.7570E+00
2.5460E+03	0.0000E+00	0.0000E+00	1.7602E+00
2.5470E+03	0.0000E+00	0.0000E+00	1.7640E+00
2.5480E+03	0.0000E+00	0.0000E+00	1.7616E+00
2.5490E+03	0.0000E+00	0.0000E+00	1.7594E+00
2.5500E+03	0.0000E+00	0.0000E+00	1.7562E+00
2.5510E+03	0.0000E+00	0.0000E+00	1.7512E+00
2.5520E+03	0.0000E+00	0.0000E+00	1.7467E+00
2.5530E+03	0.0000E+00	0.0000E+00	1.7450E+00
2.5540E+03	0.0000E+00	0.0000E+00	1.7409E+00
2.5550E+03	0.0000E+00	0.0000E+00	1.7397E+00
2.5560E+03	0.0000E+00	0.0000E+00	1.7337E+00
2.5570E+03	0.0000E+00	0.0000E+00	1.7303E+00
2.5580E+03	0.0000E+00	0.0000E+00	1.7260E+00
2.5590E+03	0.0000E+00	0.0000E+00	1.7187E+00
2.5600E+03	0.0000E+00	0.0000E+00	1.7167E+00
2.5610E+03	0.0000E+00	0.0000E+00	1.7127E+00
2.5620E+03	0.0000E+00	0.0000E+00	1.7095E+00
2.5630E+03	0.0000E+00	0.0000E+00	1.7061E+00
2.5640E+03	0.0000E+00	0.0000E+00	1.7098E+00
2.5650E+03	0.0000E+00	0.0000E+00	1.7101E+00
2.5660E+03	0.0000E+00	0.0000E+00	1.7191E+00
2.5670E+03	0.0000E+00	0.0000E+00	1.7271E+00
2.5680E+03	0.0000E+00	0.0000E+00	1.7306E+00
2.5690E+03	0.0000E+00	0.0000E+00	1.7337E+00
2.5700E+03	0.0000E+00	0.0000E+00	1.7347E+00
2.5710E+03	0.0000E+00	0.0000E+00	1.7371E+00
2.5720E+03	0.0000E+00	0.0000E+00	1.7354E+00
2.5730E+03	0.0000E+00	0.0000E+00	1.7321E+00
2.5740E+03	0.0000E+00	0.0000E+00	1.7317E+00
2.5750E+03	0.0000E+00	0.0000E+00	1.7248E+00
2.5760E+03	0.0000E+00	0.0000E+00	1.7213E+00
2.5770E+03	0.0000E+00	0.0000E+00	1.7218E+00
2.5780E+03	0.0000E+00	0.0000E+00	1.7183E+00
2.5790E+03	0.0000E+00	0.0000E+00	1.7153E+00
2.5800E+03	0.0000E+00	0.0000E+00	1.7146E+00
2.5810E+03	0.0000E+00	0.0000E+00	1.7119E+00
2.5820E+03	0.0000E+00	0.0000E+00	1.7076E+00
2.5830E+03	0.0000E+00	0.0000E+00	1.7065E+00
2.5840E+03	0.0000E+00	0.0000E+00	1.7018E+00
2.5850E+03	0.0000E+00	0.0000E+00	1.7001E+00
2.5860E+03	0.0000E+00	0.0000E+00	1.7066E+00
2.5870E+03	0.0000E+00	0.0000E+00	1.7269E+00
2.5880E+03	0.0000E+00	0.0000E+00	1.7390E+00
2.5890E+03	0.0000E+00	0.0000E+00	1.7474E+00
2.5900E+03	0.0000E+00	0.0000E+00	1.7583E+00
2.5910E+03	0.0000E+00	0.0000E+00	1.7870E+00
2.5920E+03	0.0000E+00	0.0000E+00	1.8056E+00
2.5930E+03	0.0000E+00	0.0000E+00	1.8105E+00
2.5940E+03	0.0000E+00	0.0000E+00	1.8138E+00
2.5950E+03	0.0000E+00	0.0000E+00	1.8128E+00
2.5960E+03	0.0000E+00	0.0000E+00	1.8036E+00
2.5970E+03	0.0000E+00	0.0000E+00	1.8012E+00
2.5980E+03	0.0000E+00	0.0000E+00	1.7892E+00
2.5990E+03	0.0000E+00	0.0000E+00	1.7830E+00
2.6000E+03	0.0000E+00	0.0000E+00	1.7780E+00
2.6010E+03	0.0000E+00	0.0000E+00	1.7714E+00
2.6020E+03	0.0000E+00	0.0000E+00	1.7692E+00
2.6030E+03	0.0000E+00	0.0000E+00	1.7598E+00
2.6040E+03	0.0000E+00	0.0000E+00	1.7557E+00
2.6050E+03	0.0000E+00	0.0000E+00	1.7495E+00
2.6060E+03	0.0000E+00	0.0000E+00	1.7410E+00
2.6070E+03	0.0000E+00	0.0000E+00	1.7341E+00
2.6080E+03	0.0000E+00	0.0000E+00	1.7297E+00
2.6090E+03	0.0000E+00	0.0000E+00	1.7245E+00
2.6100E+03	0.0000E+00	0.0000E+00	1.7199E+00
2.6110E+03	0.0000E+00	0.0000E+00	1.7167E+00
2.6120E+03	0.0000E+00	0.0000E+00	1.7173E+00
2.6130E+03	0.0000E+00	0.0000E+00	1.7233E+00
2.6140E+03	0.0000E+00	0.0000E+00	1.7280E+00
2.6150E+03	0.0000E+00	0.0000E+00	1.7432E+00
2.6160E+03	0.0000E+00	0.0000E+00	1.7529E+00
2.6170E+03	0.0000E+00	0.0000E+00	1.7535E+00
2.6180E+03	0.0000E+00	0.0000E+00	1.7582E+00
2.6190E+03	0.0000E+00	0.0000E+00	1.7544E+00
2.6200E+03	0.0000E+00	0.0000E+00	1.7520E+00
2.6210E+03	0.0000E+00	0.0000E+00	1.7516E+00
2.6220E+03	0.0000E+00	0.0000E+00	1.7462E+00
2.6230E+03	0.0000E+00	0.0000E+00	1.7399E+00
2.6240E+03	0.0000E+00	0.0000E+00	1.7349E+00
2.6250E+03	0.0000E+00	0.0000E+00	1.7304E+00
2.6260E+03	0.0000E+00	0.0000E+00	1.7287E+00
2.6270E+03	0.0000E+00	0.0000E+00	1.7206E+00
2.6280E+03	0.0000E+00	0.0000E+00	1.7190E+00
2.6290E+03	0.0000E+00	0.0000E+00	1.7113E+00
2.6300E+03	0.0000E+00	0.0000E+00	1.7098E+00
2.6310E+03	0.0000E+00	0.0000E+00	1.7019E+00
2.6320E+03	0.0000E+00	0.0000E+00	1.6988E+00
2.6330E+03	0.0000E+00	0.0000E+00	1.6940E+00
2.6340E+03	0.0000E+00	0.0000E+00	1.6886E+00
2.6350E+03	0.0000E+00	0.0000E+00	1.6896E+00
2.6360E+03	0.0000E+00	0.0000E+00	1.6859E+00
2.6370E+03	0.0000E+00	0.0000E+00	1.6888E+00
2.6380E+03	0.0000E+00	0.0000E+00	1.6903E+00
2.6390E+03	0.0000E+00	0.0000E+00	1.6948E+00
2.6400E+03	0.0000E+00	0.0000E+00	1.7005E+00
2.6410E+03	0.0000E+00	0.0000E+00	1.7085E+00
2.6420E+03	0.0000E+00	0.0000E+00	1.7113E+00
2.6430E+03	0.0000E+00	0.0000E+00	1.7146E+00
2.6440E+03	0.0000E+00	0.0000E+00	1.7162E+00
2.6450E+03	0.0000E+00	0.0000E+00	1.7133E+00
2.6460E+03	0.0000E+00	0.0000E+00	1.7099E+00
2.6470E+03	0.0000E+00	0.0000E+00	1.7067E+00
2.6480E+03	0.0000E+00	0.0000E+00	1.7039E+00
2.6490E+03	0.0000E+00	0.0000E+00	1.6998E+00
2.6500E+03	0.0000E+00	0.0000E+00	1.7017E+00
2.6510E+03	0.0000E+00	0.0000E+00	1.6985E+00
2.6520E+03	0.0000E+00	0.0000E+00	1.6958E+00
2.6530E+03	0.0000E+00	0.0000E+00	1.6898E+00
2.6540E+03	0.0000E+00	0.0000E+00	1.6861E+00
2.6550E+03	0.0000E+00	0.0000E+00	1.6832E+00
2.6560E+03	0.0000E+00	0.0000E+00	1.6850E+00
2.6570E+03	0.0000E+00	0.0000E+00	1.6792E+00
2.6580E+03	0.0000E+00	0.0000E+00	1.6783E+00
2.6590E+03	0.0000E+00	0.0000E+00	1.6756E+00
2.6600E+03	0.0000E+00	0.0000E+00	1.6753E+00
2.6610E+03	0.0000E+00	0.0000E+00	1.6754E+00
2.6620E+03	0.0000E+00	0.0000E+00	1.6815E+00
2.6630E+03	0.0000E+00	0.0000E+00	1.6858E+00
2.6640E+03	0.0000E+00	0.0000E+00	1.6923E+00
2.6650E+03	0.0000E+00	0.0000E+00	1.6993E+00
2.6660E+03	0.0000E+00	0.0000E+00	1.7039E+00
2.6670E+03	0.0000E+00	0.0000E+00	1.7069E+00
2.6680E+03	0.0000E+00	0.0000E+00	1.7083E+00
2.6690E+03	0.0000E+00	0.0000E+00	1.7043E+00
2.6700E+03	0.0000E+00	0.0000E+00	1.7023E+00
2.6710E+03	0.0000E+00	0.0000E+00	1.7012E+00
2.6720E+03	0.0000E+00	0.0000E+00	1.7003E+00
2.6730E+03	0.0000E+00	0.0000E+00	1.6963E+00
2.6740E+03	0.0000E+00	0.0000E+00	1.6939E+00
2.6750E+03	0.0000E+00	0.0000E+00	1.6831E+00
2.6760E+03	0.0000E+00	0.0000E+00	1.6838E+00
2.6770E+03	0.0000E+00	0.0000E+00	1.6789E+00
2.6780E+03	0.0000E+00	0.0000E+00	1.6758E+00
2.6790E+03	0.0000E+00	0.0000E+00	1.6755E+00
2.6800E+03	0.0000E+00	0.0000E+00	1.6701E+00
2.6810E+03	0.0000E+00	0.0000E+00	1.6705E+00
2.6820E+03	0.0000E+00	0.0000E+00	1.6675E+00
2.6830E+03	0.0000E+00	0.0000E+00	1.6670E+00
2.6840E+03	0.0000E+00	0.0000E+00	1.6691E+00
2.6850E+03	0.0000E+00	0.0000E+00	1.6661E+00
2.6860E+03	0.0000E+00	0.0000E+00	1.6661E+00
2.6870E+03	0.0000E+00	0.0000E+00	1.6703E+00
2.6880E+03	0.0000E+00	0.0000E+00	1.6756E+00
2.6890E+03	0.0000E+00	0.0000E+00	1.6833E+00
2.6900E+03	0.0000E+00	0.0000E+00	1.6891E+00
2.6910E+03	0.0000E+00	0.0000E+00	1.7009E+00
2.6920E+03	0.0000E+00	0.0000E+00	1.7036E+00
2.6930E+03	0.0000E+00	0.0000E+00	1.7001E+00
2.6940E+03	0.0000E+00	0.0000E+00	1.6988E+00
2.6950E+03	0.0000E+00	0.0000E+00	1.6967E+00
2.6960E+03	0.0000E+00	0.0000E+00	1.6918E+00
2.6970E+03	0.0000E+00	0.0000E+00	1.6906E+00
2.6980E+03	0.0000E+00	0.0000E+00	1.6895E+00
2.6990E+03	0.0000E+00	0.0000E+00	1.6940E+00
2.7000E+03	0.0000E+00	0.0000E+00	1.6938E+00
2.7010E+03	0.0000E+00	0.0000E+00	1.6911E+00
2.7020E+03	0.0000E+00	0.0000E+00	1.6876E+00
2.7030E+03	0.0000E+00	0.0000E+00	1.6848E+00
2.7040E+03	0.0000E+00	0.0000E+00	1.6828E+00
2.7050E+03	0.0000E+00	0.0000E+00	1.6833E+00
2.7060E+03	0.0000E+00	0.0000E+00	1.6800E+00
2.7070E+03	0.0000E+00	0.0000E+00	1.6780E+00
2.7080E+03	0.0000E+00	0.0000E+00	1.6753E+00
2.7090E+03	0.0000E+00	0.0000E+00	1.6738E+00
2.7100E+03	0.0000E+00	0.0000E+00	1.6791E+00
2.7110E+03	0.0000E+00	0.0000E+00	1.6864E+00
2.7120E+03	0.0000E+00	0.0000E+00	1.6967E+00
2.7130E+03	0.0000E+00	0.0000E+00	1.7050E+00
2.7140E+03	0.0000E+00	0.0000E+00	1.7075E+00
2.7150E+03	0.0000E+00	0.0000E+00	1.7075E+00
2.7160E+03	0.0000E+00	0.0000E+00	1.7099E+00
2.7170E+03	0.0000E+00	0.0000E+00	1.7110E+00
2.7180E+03	0.0000E+00	0.0000E+00	1.7093E+00
2.7190E+03	0.0000E+00	0.0000E+00	1.7083E+00
2.7200E+03	0.0000E+00	0.0000E+00	1.7062E+00
2.7210E+03	0.0000E+00	0.0000E+00	1.7044E+00
2.7220E+03	0.0000E+00	0.0000E+00	1.7022E+00
2.7230E+03	0.0000E+00	0.0000E+00	1.6963E+00
2.7240E+03	0.0000E+00	0.0000E+00	1.6972E+00
2.7250E+03	0.0000E+00	0.0000E+00	1.6976E+00
2.7260E+03	0.0000E+00	0.0000E+00	1.6898E+00
2.7270E+03	0.0000E+00	0.0000E+00	1.6863E+00
2.7280E+03	0.0000E+00	0.0000E+00	1.6812E+00
2.7290E+03	0.0000E+00	0.0000E+00	1.6804E+00
2.7300E+03	0.0000E+00	0.0000E+00	1.6793E+00
2.7310E+03	0.0000E+00	0.0000E+00	1.6750E+00
2.7320E+03	0.0000E+00	0.0000E+00	1.6770E+00
2.7330E+03	0.0000E+00	0.0000E+00	1.6766E+00
2.7340E+03	0.0000E+00	0.0000E+00	1.6783E+00
2.7350E+03	0.0000E+00	0.0000E+00	1.6819E+00
2.7360E+03	0.0000E+00	0.0000E+00	1.6846E+00
2.7370E+03	0.0000E+00	0.0000E+00	1.6895E+00
2.7380E+03	0.0000E+00	0.0000E+00	1.6955E+00
2.7390E+03	0.0000E+00	0.0000E+00	1.6993E+00
2.7400E+03	0.0000E+00	0.0000E+00	1.7015E+00
2.7410E+03	0.0000E+00	0.0000E+00	1.7044E+00
2.7420E+03	0.0000E+00	0.0000E+00	1.7030E+00
2.7430E+03	0.0000E+00	0.0000E+00	1.7020E+00
2.7440E+03	0.0000E+00	0.0000E+00	1.7007E+00
2.7450E+03	0.0000E+00	0.0000E+00	1.6995E+00
2.7460E+03	0.0000E+00	0.0000E+00	1.6959E+00
2.7470E+03	0.0000E+00	0.0000E+00	1.6956E+00
2.7480E+03	0.0000E+00	0.0000E+00	1.6941E+00
2.7490E+03	0.0000E+00	0.0000E+00	1.6984E+00
2.7500E+03	0.0000E+00	0.0000E+00	1.6974E+00
2.7510E+03	0.0000E+00	0.0000E+00	1.6995E+00
2.7520E+03	0.0000E+00	0.0000E+00	1.6980E+00
2.7530E+03	0.0000E+00	0.0000E+00	1.7003E+00
2.7540E+03	0.0000E+00	0.0000E+00	1.7050E+00
2.7550E+03	0.0000E+00	0.0000E+00	1.7101E+00
2.7560E+03	0.0000E+00	0.0000E+00	1.7126E+00
2.7570E+03	0.0000E+00	0.0000E+00	1.7124E+00
2.7580E+03	0.0000E+00	0.0000E+00	1.7087E+00
2.7590E+03	0.0000E+00	0.0000E+00	1.7083E+00
2.7600E+03	0.0000E+00	0.0000E+00	1.7114E+00
2.7610E+03	0.0000E+00	0.0000E+00	1.7098E+00
2.7620E+03	0.0000E+00	0.0000E+00	1.7113E+00
2.7630E+03	0.0000E+00	0.0000E+00	1.7097E+00
2.7640E+03	0.0000E+00	0.0000E+00	1.7078E+00
2.7650E+03	0.0000E+00	0.0000E+00	1.7060E+00
2.7660E+03	0.0000E+00	0.0000E+00	1.7097E+00
2.7670E+03	0.0000E+00	0.0000E+00	1.7092E+00
2.7680E+03	0.0000E+00	0.0000E+00	1.7037E+00
2.7690E+03	0.0000E+00	0.0000E+00	1.7006E+00
2.7700E+03	0.0000E+00	0.0000E+00	1.6965E+00
2.7710E+03	0.0000E+00	0.0000E+00	1.6940E+00
2.7720E+03	0.0000E+00	0.0000E+00	1.6914E+00
2.7730E+03	0.0000E+00	0.0000E+00	1.6895E+00
2.7740E+03	0.0000E+00	0.0000E+00	1.6862E+00
2.7750E+03	0.0000E+00	0.0000E+00	1.6827E+00
2.7760E+03	0.0000E+00	0.0000E+00	1.6797E+00
2.7770E+03	0.0000E+00	0.0000E+00	1.6770E+00
2.7780E+03	0.0000E+00	0.0000E+00	1.6715E+00
2.7790E+03	0.0000E+00	0.0000E+00	1.6710E+00
2.7800E+03	0.0000E+00	0.0000E+00	1.6652E+00
2.7810E+03	0.0000E+00	0.0000E+00	1.6651E+00
2.7820E+03	0.0000E+00	0.0000E+00	1.6639E+00
2.7830E+03	0.0000E+00	0.0000E+00	1.6670E+00
2.7840E+03	0.0000E+00	0.0000E+00	1.6718E+00
2.7850E+03	0.0000E+00	0.0000E+00	1.6778E+00
2.7860E+03	0.0000E+00	0.0000E+00	1.6795E+00
2.7870E+03	0.0000E+00	0.0000E+00	1.6828E+00
2.7880E+03	0.0000E+00	0.0000E+00	1.6829E+00
2.7890E+03	0.0000E+00	0.0000E+00	1.6847E+00
2.7900E+03	0.0000E+00	0.0000E+00	1.6805E+00
2.7910E+03	0.0000E+00	0.0000E+00	1.6778E+00
2.7920E+03	0.0000E+00	0.0000E+00	1.6751E+00
2.7930E+03	0.0000E+00	0.0000E+00	1.6768E+00
2.7940E+03	0.0000E+00	0.0000E+00	1.6746E+00
2.7950E+03	0.0000E+00	0.0000E+00	1.6704E+00
2.7960E+03	0.0000E+00	0.0000E+00	1.6703E+00
2.7970E+03	0.0000E+00	0.0000E+00	1.6686E+00
2.7980E+03	0.0000E+00	0.0000E+00	1.6675E+00
2.7990E+03	0.0000E+00	0.0000E+00	1.6645E+00
2.8000E+03	0.0000E+00	0.0000E+00	1.6632E+00
2.8010E+03	0.0000E+00	0.0000E+00	1.6593E+00
2.8020E+03	0.0000E+00	0.0000E+00	1.6540E+00
2.8030E+03	0.0000E+00	0.0000E+00	1.6525E+00
2.8040E+03	0.0000E+00	0.0000E+00	1.6521E+00
2.8050E+03	0.0000E+00	0.0000E+00	1.6458E+00
2.8060E+03	0.0000E+00	0.0000E+00	1.6455E+00
2.8070E+03	0.0000E+00	0.0000E+00	1.6490E+00
2.8080E+03	0.0000E+00	0.0000E+00	1.6531E+00
2.8090E+03	0.0000E+00	0.0000E+00	1.6539E+00
2.8100E+03	0.0000E+00	0.0000E+00	1.6600E+00
2.8110E+03	0.0000E+00	0.0000E+00	1.6602E+00
2.8120E+03	0.0000E+00	0.0000E+00	1.6615E+00
2.8130E+03	0.0000E+00	0.0000E+00	1.6619E+00
2.8140E+03	0.0000E+00	0.0000E+00	1.6621E+00
2.8150E+03	0.0000E+00	0.0000E+00	1.6591E+00
2.8160E+03	0.0000E+00	0.0000E+00	1.6599E+00
2.8170E+03	0.0000E+00	0.0000E+00	1.6598E+00
2.8180E+03	0.0000E+00	0.0000E+00	1.6612E+00
2.8190E+03	0.0000E+00	0.0000E+00	1.6575E+00
2.8200E+03	0.0000E+00	0.0000E+00	1.6553E+00
2.8210E+03	0.0000E+00	0.0000E+00	1.6567E+00
2.8220E+03	0.0000E+00	0.0000E+00	1.6520E+00
2.8230E+03	0.0000E+00	0.0000E+00	1.6485E+00
2.8240E+03	0.0000E+00	0.0000E+00	1.6486E+00
2.8250E+03	0.0000E+00	0.0000E+00	1.6479E+00
2.8260E+03	0.0000E+00	0.0000E+00	1.6436E+00
2.8270E+03	0.0000E+00	0.0000E+00	1.6447E+00
2.8280E+03	0.0000E+00	0.0000E+00	1.6421E+00
2.8290E+03	0.0000E+00	0.0000E+00	1.6378E+00
2.8300E+03	0.0000E+00	0.0000E+00	1.6370E+00
2.8310E+03	0.0000E+00	0.0000E+00	1.6364E+00
2.8320E+03	0.0000E+00	0.0000E+00	1.6387E+00
2.8330E+03	0.0000E+00	0.0000E+00	1.6394E+00
2.8340E+03	0.0000E+00	0.0000E+00	1.6398E+00
2.8350E+03	0.0000E+00	0.0000E+00	1.6443E+00
2.8360E+03	0.0000E+00	0.0000E+00	1.6492E+00
2.8370E+03	0.0000E+00	0.0000E+00	1.6487E+00
2.8380E+03	0.0000E+00	0.0000E+00	1.6472E+00
2.8390E+03	0.0000E+00	0.0000E+00	1.6463E+00
2.8400E+03	0.0000E+00	0.0000E+00	1.6465E+00
2.8410E+03	0.0000E+00	0.0000E+00	1.6456E+00
2.8420E+03	0.0000E+00	0.0000E+00	1.6461E+00
2.8430E+03	0.0000E+00	0.0000E+00	1.6476E+00
2.8440E+03	0.0000E+00	0.0000E+00	1.6446E+00
2.8450E+03	0.0000E+00	0.0000E+00	1.6444E+00
2.8460E+03	0.0000E+00	0.0000E+00	1.6431E+00
2.8470E+03	0.0000E+00	0.0000E+00	1.6404E+00
2.8480E+03	0.0000E+00	0.0000E+00	1.6388E+00
2.8490E+03	0.0000E+00	0.0000E+00	1.6368E+00
2.8500E+03	0.0000E+00	0.0000E+00	1.6341E+00
2.8510E+03	0.0000E+00	0.0000E+00	1.6352E+00
2.8520E+03	0.0000E+00	0.0000E+00	1.6313E+00
2.8530E+03	0.0000E+00	0.0000E+00	1.6284E+00
2.8540E+03	0.0000E+00	0.0000E+00	1.6274E+00
2.8550E+03	0.0000E+00	0.0000E+00	1.6265E+00
2.8560E+03	0.0000E+00	0.0000E+00	1.6267E+00
2.8570E+03	0.0000E+00	0.0000E+00	1.6330E+00
2.8580E+03	0.0000E+00	0.0000E+00	1.6376E+00
2.8590E+03	0.0000E+00	0.0000E+00	1.6406E+00
2.8600E+03	0.0000E+00	0.0000E+00	1.6440E+00
2.8610E+03	0.0000E+00	0.0000E+00	1.6439E+00
2.8620E+03	0.0000E+00	0.0000E+00	1.6445E+00
2.8630E+03	0.0000E+00	0.0000E+00	1.6404E+00
2.8640E+03	0.0000E+00	0.0000E+00	1.6407E+00
2.8650E+03	0.0000E+00	0.0000E+00	1.6408E+00
2.8660E+03	0.0000E+00	0.0000E+00	1.6398E+00
2.8670E+03	0.0000E+00	0.0000E+00	1.6396E+00
2.8680E+03	0.0000E+00	0.0000E+00	1.6368E+00
2.8690E+03	0.0000E+00	0.0000E+00	1.6360E+00
2.8700E+03	0.0000E+00	0.0000E+00	1.6341E+00
2.8710E+03	0.0000E+00	0.0000E+00	1.6340E+00
2.8720E+03	0.0000E+00	0.0000E+00	1.6320E+00
2.8730E+03	0.0000E+00	0.0000E+00	1.6285E+00
2.8740E+03	0.0000E+00	0.0000E+00	1.6274E+00
2.8750E+03	0.0000E+00	0.0000E+00	1.6279E+00
2.8760E+03	0.0000E+00	0.0000E+00	1.6257E+00
2.8770E+03	0.0000E+00	0.0000E+00	1.6261E+00
2.8780E+03	0.0000E+00	0.0000E+00	1.6246E+00
2.8790E+03	0.0000E+00	0.0000E+00	1.6225E+00
2.8800E+03	0.0000E+00	0.0000E+00	1.6270E+00
2.8810E+03	0.0000E+00	0.0000E+00	1.6266E+00
2.8820E+03	0.0000E+00	0.0000E+00	1.6318E+00
2.8830E+03	0.0000E+00	0.0000E+00	1.6357E+00
2.8840E+03	0.0000E+00	0.0000E+00	1.6364E+00
2.8850E+03	0.0000E+00	0.0000E+00	1.6353E+00
2.8860E+03	0.0000E+00	0.0000E+00	1.6368E+00
2.8870E+03	0.0000E+00	0.0000E+00	1.6323E+00
2.8880E+03	0.0000E+00	0.0000E+00	1.6348E+00
2.8890E+03	0.0000E+00	0.0000E+00	1.6355E+00
2.8900E+03	0.0000E+00	0.0000E+00	1.6356E+00
2.8910E+03	0.0000E+00	0.0000E+00	1.6338E+00
2.8920E+03	0.0000E+00	0.0000E+00	1.6353E+00
2.8930E+03	0.0000E+00	0.0000E+00	1.6296E+00
2.8940E+03	0.0000E+00	0.0000E+00	1.6334E+00
2.8950E+03	0.0000E+00	0.0000E+00	1.6289E+00
2.8960E+03	0.0000E+00	0.0000E+00	1.6245E+00
2.8970E+03	0.0000E+00	0.0000E+00	1.6255E+00
2.8980E+03	0.0000E+00	0.0000E+00	1.6217E+00
2.8990E+03	0.0000E+00	0.0000E+00	1.6227E+00
2.9000E+03	0.0000E+00	0.0000E+00	1.6205E+00
2.9010E+03	0.0000E+00	0.0000E+00	1.6181E+00
2.9020E+03	0.0000E+00	0.0000E+00	1.6160E+00
2.9030E+03	0.0000E+00	0.0000E+00	1.6187E+00
2.9040E+03	0.0000E+00	0.0000E+00	1.6166E+00
2.9050E+03	0.0000E+00	0.0000E+00	1.6186E+00
2.9060E+03	0.0000E+00	0.0000E+00	1.6216E+00
2.9070E+03	0.0000E+00	0.0000E+00	1.6196E+00
2.9080E+03	0.0000E+00	0.0000E+00	1.6274E+00
2.9090E+03	0.0000E+00	0.0000E+00	1.6283E+00
2.9100E+03	0.0000E+00	0.0000E+00	1.6290E+00
2.9110E+03	0.0000E+00	0.0000E+00	1.6280E+00
2.9120E+03	0.0000E+00	0.0000E+00	1.6294E+00
2.9130E+03	0.0000E+00	0.0000E+00	1.6284E+00
2.9140E+03	0.0000E+00	0.0000E+00	1.6282E+00
2.9150E+03	0.0000E+00	0.0000E+00	1.6255E+00
2.9160E+03	0.0000E+00	0.0000E+00	1.6246E+00
2.9170E+03	0.0000E+00	0.0000E+00	1.6225E+00
2.9180E+03	0.0000E+00	0.0000E+00	1.6253E+00
2.9190E+03	0.0000E+00	0.0000E+00	1.6232E+00
2.9200E+03	0.0000E+00	0.0000E+00	1.6204E+00
2.9210E+03	0.0000E+00	0.0000E+00	1.6162E+00
2.9220E+03	0.0000E+00	0.0000E+00	1.5891E+00
2.9230E+03	0.0000E+00	0.0000E+00	1.5866E+00
2.9240E+03	0.0000E+00	0.0000E+00	1.5827E+00
2.9250E+03	0.0000E+00	0.0000E+00	1.5804E+00
2.9260E+03	0.0000E+00	0.0000E+00	1.5787E+00
2.9270E+03	0.0000E+00	0.0000E+00	1.5766E+00
2.9280E+03	0.0000E+00	0.0000E+00	1.5795E+00
2.9290E+03	0.0000E+00	0.0000E+00	1.5803E+00
2.9300E+03	0.0000E+00	0.0000E+00	1.5833E+00
2.9310E+03	0.0000E+00	0.0000E+00	1.5885E+00
2.9320E+03	0.0000E+00	0.0000E+00	1.5931E+00
2.9330E+03	0.0000E+00	0.0000E+00	1.5968E+00
2.9340E+03	0.0000E+00	0.0000E+00	1.5947E+00
2.9350E+03	0.0000E+00	0.0000E+00	1.5939E+00
2.9360E+03	0.0000E+00	0.0000E+00	1.5948E+00
2.9370E+03	0.0000E+00	0.0000E+00	1.5969E+00
2.9380E+03	0.0000E+00	0.0000E+00	1.5925E+00
2.9390E+03	0.0000E+00	0.0000E+00	1.5924E+00
2.9400E+03	0.0000E+00	0.0000E+00	1.5916E+00
2.9410E+03	0.0000E+00	0.0000E+00	1.5916E+00
2.9420E+03	0.0000E+00	0.0000E+00	1.5864E+00
2.9430E+03	0.0000E+00	0.0000E+00	1.5846E+00
2.9440E+03	0.0000E+00	0.0000E+00	1.5825E+00
2.9450E+03	0.0000E+00	0.0000E+00	1.5812E+00
2.9460E+03	0.0000E+00	0.0000E+00	1.5807E+00
2.9470E+03	0.0000E+00	0.0000E+00	1.5799E+00
2.9480E+03	0.0000E+00	0.0000E+00	1.5792E+00
2.9490E+03	0.0000E+00	0.0000E+00	1.5755E+00
2.9500E+03	0.0000E+00	0.0000E+00	1.5748E+00
2.9510E+03	0.0000E+00	0.0000E+00	1.5744E+00
2.9520E+03	0.0000E+00	0.0000E+00	1.5744E+00
2.9530E+03	0.0000E+00	0.0000E+00	1.5784E+00
2.9540E+03	0.0000E+00	0.0000E+00	1.5811E+00
2.9550E+03	0.0000E+00	0.0000E+00	1.5853E+00
2.9560E+03	0.0000E+00	0.0000E+00	1.5846E+00
2.9570E+03	0.0000E+00	0.0000E+00	1.5864E+00
2.9580E+03	0.0000E+00	0.0000E+00	1.5877E+00
2.9590E+03	0.0000E+00	0.0000E+00	1.5881E+00
2.9600E+03	0.0000E+00	0.0000E+00	1.5881E+00
2.9610E+03	0.0000E+00	0.0000E+00	1.5884E+00
2.9620E+03	0.0000E+00	0.0000E+00	1.5869E+00
2.9630E+03	0.0000E+00	0.0000E+00	1.5876E+00
2.9640E+03	0.0000E+00	0.0000E+00	1.5854E+00
2.9650E+03	0.0000E+00	0.0000E+00	1.5833E+00
2.9660E+03	0.0000E+00	0.0000E+00	1.5824E+00
2.9670E+03	0.0000E+00	0.0000E+00	1.5797E+00
2.9680E+03	0.0000E+00	0.0000E+00	1.5746E+00
2.9690E+03	0.0000E+00	0.0000E+00	1.5766E+00
2.9700E+03	0.0000E+00	0.0000E+00	1.5753E+00
2.9710E+03	0.0000E+00	0.0000E+00	1.5763E+00
2.9720E+03	0.0000E+00	0.0000E+00	1.5747E+00
2.9730E+03	0.0000E+00	0.0000E+00	1.5706E+00
2.9740E+03	0.0000E+00	0.0000E+00	1.5674E+00
2.9750E+03	0.0000E+00	0.0000E+00	1.5679E+00
2.9760E+03	0.0000E+00	0.0000E+00	1.5682E+00
2.9770E+03	0.0000E+00	0.0000E+00	1.5697E+00
2.9780E+03	0.0000E+00	0.0000E+00	1.5716E+00
2.9790E+03	0.0000E+00	0.0000E+00	1.5780E+00
2.9800E+03	0.0000E+00	0.0000E+00	1.5821E+00
2.9810E+03	0.0000E+00	0.0000E+00	1.5843E+00
2.9820E+03	0.0000E+00	0.0000E+00	1.5849E+00
2.9830E+03	0.0000E+00	0.0000E+00	1.5843E+00
2.9840E+03	0.0000E+00	0.0000E+00	1.5867E+00
2.9850E+03	0.0000E+00	0.0000E+00	1.5847E+00
2.9860E+03	0.0000E+00	0.0000E+00	1.5855E+00
2.9870E+03	0.0000E+00	0.0000E+00	1.5816E+00
2.9880E+03	0.0000E+00	0.0000E+00	1.5780E+00
2.9890E+03	0.0000E+00	0.0000E+00	1.5777E+00
2.9900E+03	0.0000E+00	0.0000E+00	1.5784E+00
2.9910E+03	0.0000E+00	0.0000E+00	1.5779E+00
2.9920E+03	0.0000E+00	0.0000E+00	1.5751E+00
2.9930E+03	0.0000E+00	0.0000E+00	1.5766E+00
2.9940E+03	0.0000E+00	0.0000E+00	1.5748E+00
2.9950E+03	0.0000E+00	0.0000E+00	1.5741E+00
2.9960E+03	0.0000E+00	0.0000E+00	1.5752E+00
2.9970E+03	0.0000E+00	0.0000E+00	1.5700E+00
2.9980E+03	0.0000E+00	0.0000E+00	1.5717E+00
2.9990E+03	0.0000E+00	0.0000E+00	1.5670E+00
3.0000E+03	0.0000E+00	0.0000E+00	1.5695E+00
3.0010E+03	0.0000E+00	0.0000E+00	1.5684E+00
3.0020E+03	0.0000E+00	0.0000E+00	1.5695E+00
3.0030E+03	0.0000E+00	0.0000E+00	1.5699E+00
3.0040E+03	0.0000E+00	0.0000E+00	1.5712E+00
3.0050E+03	0.0000E+00	0.0000E+00	1.5748E+00
3.0060E+03	0.0000E+00	0.0000E+00	1.5764E+00
3.0070E+03	0.0000E+00	0.0000E+00	1.5776E+00
3.0080E+03	0.0000E+00	0.0000E+00	1.5761E+00
3.0090E+03	0.0000E+00	0.0000E+00	1.5778E+00
3.0100E+03	0.0000E+00	0.0000E+00	1.5767E+00
3.0110E+03	0.0000E+00	0.0000E+00	1.5774E+00
3.0120E+03	0.0000E+00	0.0000E+00	1.5764E+00
3.0130E+03	0.0000E+00	0.0000E+00	1.5763E+00
3.0140E+03	0.0000E+00	0.0000E+00	1.5746E+00
3.0150E+03	0.0000E+00	0.0000E+00	1.5703E+00
3.0160E+03	0.0000E+00	0.0000E+00	1.5688E+00
3.0170E+03	0.0000E+00	0.0000E+00	1.5697E+00
3.0180E+03	0.0000E+00	0.0000E+00	1.5701E+00
3.0190E+03	0.0000E+00	0.0000E+00	1.5694E+00
3.0200E+03	0.0000E+00	0.0000E+00	1.5692E+00
3.0210E+03	0.0000E+00	0.0000E+00	1.5664E+00
3.0220E+03	0.0000E+00	0.0000E+00	1.5653E+00
3.0230E+03	0.0000E+00	0.0000E+00	1.5629E+00
3.0240E+03	0.0000E+00	0.0000E+00	1.5634E+00
3.0250E+03	0.0000E+00	0.0000E+00	1.5677E+00
3.0260E+03	0.0000E+00	0.0000E+00	1.5669E+00
3.0270E+03	0.0000E+00	0.0000E+00	1.5708E+00
3.0280E+03	0.0000E+00	0.0000E+00	1.5726E+00
3.0290E+03	0.0000E+00	0.0000E+00	1.5752E+00
3.0300E+03	0.0000E+00	0.0000E+00	1.5749E+00
3.0310E+03	0.0000E+00	0.0000E+00	1.5740E+00
3.0320E+03	0.0000E+00	0.0000E+00	1.5731E+00
3.0330E+03	0.0000E+00	0.0000E+00	1.5717E+00
3.0340E+03	0.0000E+00	0.0000E+00	1.5733E+00
3.0350E+03	0.0000E+00	0.0000E+00	1.5725E+00
3.0360E+03	0.0000E+00	0.0000E+00	1.5713E+00
3.0370E+03	0.0000E+00	0.0000E+00	1.5749E+00
3.0380E+03	0.0000E+00	0.0000E+00	1.5716E+00
3.0390E+03	0.0000E+00	0.0000E+00	1.5698E+00
3.0400E+03	0.0000E+00	0.0000E+00	1.5685E+00
3.0410E+03	0.0000E+00	0.0000E+00	1.5658E+00
3.0420E+03	0.0000E+00	0.0000E+00	1.5659E+00
3.0430E+03	0.0000E+00	0.0000E+00	1.5645E+00
3.0440E+03	0.0000E+00	0.0000E+00	1.5635E+00
3.0450E+03	0.0000E+00	0.0000E+00	1.5608E+00
3.0460E+03	0.0000E+00	0.0000E+00	1.5584E+00
3.0470E+03	0.0000E+00	0.0000E+00	1.5591E+00
3.0480E+03	0.0000E+00	0.0000E+00	1.5566E+00
3.0490E+03	0.0000E+00	0.0000E+00	1.5598E+00
3.0500E+03	0.0000E+00	0.0000E+00	1.5567E+00
3.0510E+03	0.0000E+00	0.0000E+00	1.5583E+00
3.0520E+03	0.0000E+00	0.0000E+00	1.5575E+00
3.0530E+03	0.0000E+00	0.0000E+00	1.5606E+00
3.0540E+03	0.0000E+00	0.0000E+00	1.5618E+00
3.0550E+03	0.0000E+00	0.0000E+00	1.5638E+00
3.0560E+03	0.0000E+00	0.0000E+00	1.5642E+00
3.0570E+03	0.0000E+00	0.0000E+00	1.5630E+00
3.0580E+03	0.0000E+00	0.0000E+00	1.5642E+00
3.0590E+03	0.0000E+00	0.0000E+00	1.5644E+00
3.0600E+03	0.0000E+00	0.0000E+00	1.5646E+00
3.0610E+03	0.0000E+00	0.0000E+00	1.5622E+00
3.0620E+03	0.0000E+00	0.0000E+00	1.5654E+00
3.0630E+03	0.0000E+00	0.0000E+00	1.5650E+00
3.0640E+03	0.0000E+00	0.0000E+00	1.5638E+00
3.0650E+03	0.0000E+00	0.0000E+00	1.5622E+00
3.0660E+03	0.0000E+00	0.0000E+00	1.5612E+00
3.0670E+03	0.0000E+00	0.0000E+00	1.5607E+00
3.0680E+03	0.0000E+00	0.0000E+00	1.5569E+00
3.0690E+03	0.0000E+00	0.0000E+00	1.5558E+00
3.0700E+03	0.0000E+00	0.0000E+00	1.5539E+00
3.0710E+03	0.0000E+00	0.0000E+00	1.5547E+00
3.0720E+03	0.0000E+00	0.0000E+00	1.5561E+00
3.0730E+03	0.0000E+00	0.0000E+00	1.5553E+00
3.0740E+03	0.0000E+00	0.0000E+00	1.5561E+00
3.0750E+03	0.0000E+00	0.0000E+00	1.5573E+00
3.0760E+03	0.0000E+00	0.0000E+00	1.5627E+00
3.0770E+03	0.0000E+00	0.0000E+00	1.5650E+00
3.0780E+03	0.0000E+00	0.0000E+00	1.5681E+00
3.0790E+03	0.0000E+00	0.0000E+00	1.5653E+00
3.0800E+03	0.0000E+00	0.0000E+00	1.5660E+00
3.0810E+03	0.0000E+00	0.0000E+00	1.5667E+00
3.0820E+03	0.0000E+00	0.0000E+00	1.5678E+00
3.0830E+03	0.0000E+00	0.0000E+00	1.5674E+00
3.0840E+03	0.0000E+00	0.0000E+00	1.5663E+00
3.0850E+03	0.0000E+00	0.0000E+00	1.5637E+00
3.0860E+03	0.0000E+00	0.0000E+00	1.5619E+00
3.0870E+03	0.0000E+00	0.0000E+00	1.5617E+00
3.0880E+03	0.0000E+00	0.0000E+00	1.5604E+00
3.0890E+03	0.0000E+00	0.0000E+00	1.5597E+00
3.0900E+03	0.0000E+00	0.0000E+00	1.5594E+00
3.0910E+03	0.0000E+00	0.0000E+00	1.5580E+00
3.0920E+03	0.0000E+00	0.0000E+00	1.5570E+00
3.0930E+03	0.0000E+00	0.0000E+00	1.5538E+00
3.0940E+03	0.0000E+00	0.0000E+00	1.5523E+00
3.0950E+03	0.0000E+00	0.0000E+00	1.5527E+00
3.0960E+03	0.0000E+00	0.0000E+00	1.5542E+00
3.0970E+03	0.0000E+00	0.0000E+00	1.5559E+00
3.0980E+03	0.0000E+00	0.0000E+00	1.5568E+00
3.0990E+03	0.0000E+00	0.0000E+00	1.5594E+00
3.1000E+03	0.0000E+00	0.0000E+00	1.5612E+00
3.1010E+03	0.0000E+00	0.0000E+00	1.5629E+00
3.1020E+03	0.0000E+00	0.0000E+00	1.5648E+00
3.1030E+03	0.0000E+00	0.0000E+00	1.5649E+00
3.1040E+03	0.0000E+00	0.0000E+00	1.5649E+00
3.1050E+03	0.0000E+00	0.0000E+00	1.5667E+00
3.1060E+03	0.0000E+00	0.0000E+00	1.5666E+00
3.1070E+03	0.0000E+00	0.0000E+00	1.5673E+00
3.1080E+03	0.0000E+00	0.0000E+00	1.5653E+00
3.1090E+03	0.0000E+00	0.0000E+00	1.5637E+00
3.1100E+03	0.0000E+00	0.0000E+00	1.5613E+00
3.1110E+03	0.0000E+00	0.0000E+00	1.5582E+00
3.1120E+03	0.0000E+00	0.0000E+00	1.5597E+00
3.1130E+03	0.0000E+00	0.0000E+00	1.5570E+00
3.1140E+03	0.0000E+00	0.0000E+00	1.5527E+00
3.1150E+03	0.0000E+00	0.0000E+00	1.5498E+00
3.1160E+03	0.0000E+00	0.0000E+00	1.5488E+00
3.1170E+03	0.0000E+00	0.0000E+00	1.5478E+00
3.1180E+03	0.0000E+00	0.0000E+00	1.5453E+00
3.1190E+03	0.0000E+00	0.0000E+00	1.5470E+00
3.1200E+03	0.0000E+00	0.0000E+00	1.5460E+00
3.1210E+03	0.0000E+00	0.0000E+00	1.5452E+00
3.1220E+03	0.0000E+00	0.0000E+00	1.5471E+00
3.1230E+03	0.0000E+00	0.0000E+00	1.5489E+00
3.1240E+03	0.0000E+00	0.0000E+00	1.5507E+00
3.1250E+03	0.0000E+00	0.0000E+00	1.5547E+00
3.1260E+03	0.0000E+00	0.0000E+00	1.5551E+00
3.1270E+03	0.0000E+00	0.0000E+00	1.5551E+00
3.1280E+03	0.0000E+00	0.0000E+00	1.5555E+00
3.1290E+03	0.0000E+00	0.0000E+00	1.5585E+00
3.1300E+03	0.0000E+00	0.0000E+00	1.5583E+00
3.1310E+03	0.0000E+00	0.0000E+00	1.5576E+00
3.1320E+03	0.0000E+00	0.0000E+00	1.5546E+00
3.1330E+03	0.0000E+00	0.0000E+00	1.5562E+00
3.1340E+03	0.0000E+00	0.0000E+00	1.5557E+00
3.1350E+03	0.0000E+00	0.0000E+00	1.5532E+00
3.1360E+03	0.0000E+00	0.0000E+00	1.5510E+00
3.1370E+03	0.0000E+00	0.0000E+00	1.5494E+00
3.1380E+03	0.0000E+00	0.0000E+00	1.5528E+00
3.1390E+03	0.0000E+00	0.0000E+00	1.5509E+00
3.1400E+03	0.0000E+00	0.0000E+00	1.5476E+00
3.1410E+03	0.0000E+00	0.0000E+00	1.5465E+00
3.1420E+03	0.0000E+00	0.0000E+00	1.5440E+00
3.1430E+03	0.0000E+00	0.0000E+00	1.5434E+00
3.1440E+03	0.0000E+00	0.0000E+00	1.5421E+00
3.1450E+03	0.0000E+00	0.0000E+00	1.5458E+00
3.1460E+03	0.0000E+00	0.0000E+00	1.5466E+00
3.1470E+03	0.0000E+00	0.0000E+00	1.5490E+00
3.1480E+03	0.0000E+00	0.0000E+00	1.5506E+00
3.1490E+03	0.0000E+00	0.0000E+00	1.5531E+00
3.1500E+03	0.0000E+00	0.0000E+00	1.5539E+00
3.1510E+03	0.0000E+00	0.0000E+00	1.5548E+00
3.1520E+03	0.0000E+00	0.0000E+00	1.5591E+00
3.1530E+03	0.0000E+00	0.0000E+00	1.5593E+00
3.1540E+03	0.0000E+00	0.0000E+00	1.5605E+00
3.1550E+03	0.0000E+00	0.0000E+00	1.5615E+00
3.1560E+03	0.0000E+00	0.0000E+00	1.5610E+00
3.1570E+03	0.0000E+00	0.0000E+00	1.5563E+00
3.1580E+03	0.0000E+00	0.0000E+00	1.5594E+00
3.1590E+03	0.0000E+00	0.0000E+00	1.5585E+00
3.1600E+03	0.0000E+00	0.0000E+00	1.5582E+00
3.1610E+03	0.0000E+00	0.0000E+00	1.5534E+00
3.1620E+03	0.0000E+00	0.0000E+00	1.5546E+00
3.1630E+03	0.0000E+00	0.0000E+00	1.5528E+00
3.1640E+03	0.0000E+00	0.0000E+00	1.5518E+00
3.1650E+03	0.0000E+00	0.0000E+00	1.5491E+00
3.1660E+03	0.0000E+00	0.0000E+00	1.5474E+00
3.1670E+03	0.0000E+00	0.0000E+00	1.5468E+00
3.1680E+03	0.0000E+00	0.0000E+00	1.5474E+00
3.1690E+03	0.0000E+00	0.0000E+00	1.5465E+00
3.1700E+03	0.0000E+00	0.0000E+00	1.5464E+00
3.1710E+03	0.0000E+00	0.0000E+00	1.5465E+00
3.1720E+03	0.0000E+00	0.0000E+00	1.5487E+00
3.1730E+03	0.0000E+00	0.0000E+00	1.5525E+00
3.1740E+03	0.0000E+00	0.0000E+00	1.5507E+00
3.1750E+03	0.0000E+00	0.0000E+00	1.5542E+00
3.1760E+03	0.0000E+00	0.0000E+00	1.5546E+00
3.1770E+03	0.0000E+00	0.0000E+00	1.5546E+00
3.1780E+03	0.0000E+00	0.0000E+00	1.5562E+00
3.1790E+03	0.0000E+00	0.0000E+00	1.5575E+00
3.1800E+03	0.0000E+00	0.0000E+00	1.5567E+00
3.1810E+03	0.0000E+00	0.0000E+00	1.5574E+00
3.1820E+03	0.0000E+00	0.0000E+00	1.5581E+00
3.1830E+03	0.0000E+00	0.0000E+00	1.5599E+00
3.1840E+03	0.0000E+00	0.0000E+00	1.5579E+00
3.1850E+03	0.0000E+00	0.0000E+00	1.5545E+00
3.1860E+03	0.0000E+00	0.0000E+00	1.5524E+00
3.1870E+03	0.0000E+00	0.0000E+00	1.5531E+00
3.1880E+03	0.0000E+00	0.0000E+00	1.5515E+00
3.1890E+03	0.0000E+00	0.0000E+00	1.5505E+00
3.1900E+03	0.0000E+00	0.0000E+00	1.5516E+00
3.1910E+03	0.0000E+00	0.0000E+00	1.5521E+00
3.1920E+03	0.0000E+00	0.0000E+00	1.5497E+00
3.1930E+03	0.0000E+00	0.0000E+00	1.5501E+00
3.1940E+03	0.0000E+00	0.0000E+00	1.5491E+00
3.1950E+03	0.0000E+00	0.0000E+00	1.5474E+00
3.1960E+03	0.0000E+00	0.0000E+00	1.5468E+00
3.1970E+03	0.0000E+00	0.0000E+00	1.5477E+00
3.1980E+03	0.0000E+00	0.0000E+00	1.5488E+00
3.1990E+03	0.0000E+00	0.0000E+00	1.5479E+00
3.2000E+03	0.0000E+00	0.0000E+00	1.5480E+00
3.2010E+03	0.0000E+00	0.0000E+00	1.5506E+00
3.2020E+03	0.0000E+00	0.0000E+00	1.5507E+00
3.2030E+03	0.0000E+00	0.0000E+00	1.5546E+00
3.2040E+03	0.0000E+00	0.0000E+00	1.5542E+00
3.2050E+03	0.0000E+00	0.0000E+00	1.5535E+00
3.2060E+03	0.0000E+00	0.0000E+00	1.5511E+00
3.2070E+03	0.0000E+00	0.0000E+00	1.5528E+00
3.2080E+03	0.0000E+00	0.0000E+00	1.5529E+00
3.2090E+03	0.0000E+00	0.0000E+00	1.5541E+00
3.2100E+03	0.0000E+00	0.0000E+00	1.5511E+00
3.2110E+03	0.0000E+00	0.0000E+00	1.5501E+00
3.2120E+03	0.0000E+00	0.0000E+00	1.5479E+00
3.2130E+03	0.0000E+00	0.0000E+00	1.5451E+00
3.2140E+03	0.0000E+00	0.0000E+00	1.5443E+00
3.2150E+03	0.0000E+00	0.0000E+00	1.5425E+00
3.2160E+03	0.0000E+00	0.0000E+00	1.5418E+00
3.2170E+03	0.0000E+00	0.0000E+00	1.5422E+00
3.2180E+03	0.0000E+00	0.0000E+00	1.5425E+00
3.2190E+03	0.0000E+00	0.0000E+00	1.5443E+00
3.2200E+03	0.0000E+00	0.0000E+00	1.5461E+00
3.2210E+03	0.0000E+00	0.0000E+00	1.5444E+00
3.2220E+03	0.0000E+00	0.0000E+00	1.5444E+00
3.2230E+03	0.0000E+00	0.0000E+00	1.5464E+00
3.2240E+03	0.0000E+00	0.0000E+00	1.5505E+00
3.2250E+03	0.0000E+00	0.0000E+00	1.5515E+00
3.2260E+03	0.0000E+00	0.0000E+00	1.5538E+00
3.2270E+03	0.0000E+00	0.0000E+00	1.5552E+00
3.2280E+03	0.0000E+00	0.0000E+00	1.5530E+00
3.2290E+03	0.0000E+00	0.0000E+00	1.5531E+00
3.2300E+03	0.0000E+00	0.0000E+00	1.5524E+00
3.2310E+03	0.0000E+00	0.0000E+00	1.5528E+00
3.2320E+03	0.0000E+00	0.0000E+00	1.5522E+00
3.2330E+03	0.0000E+00	0.0000E+00	1.5528E+00
3.2340E+03	0.0000E+00	0.0000E+00	1.5518E+00
3.2350E+03	0.0000E+00	0.0000E+00	1.5485E+00
3.2360E+03	0.0000E+00	0.0000E+00	1.5484E+00
3.2370E+03	0.0000E+00	0.0000E+00	1.5439E+00
3.2380E+03	0.0000E+00	0.0000E+00	1.5434E+00
3.2390E+03	0.0000E+00	0.0000E+00	1.5433E+00
3.2400E+03	0.0000E+00	0.0000E+00	1.5422E+00
3.2410E+03	0.0000E+00	0.0000E+00	1.5434E+00
3.2420E+03	0.0000E+00	0.0000E+00	1.5401E+00
3.2430E+03	0.0000E+00	0.0000E+00	1.5403E+00
3.2440E+03	0.0000E+00	0.0000E+00	1.5438E+00
3.2450E+03	0.0000E+00	0.0000E+00	1.5403E+00
3.2460E+03	0.0000E+00	0.0000E+00	1.5435E+00
3.2470E+03	0.0000E+00	0.0000E+00	1.5463E+00
3.2480E+03	0.0000E+00	0.0000E+00	1.5482E+00
3.2490E+03	0.0000E+00	0.0000E+00	1.5492E+00
3.2500E+03	0.0000E+00	0.0000E+00	1.5514E+00
3.2510E+03	0.0000E+00	0.0000E+00	1.5520E+00
3.2520E+03	0.0000E+00	0.0000E+00	1.5495E+00
3.2530E+03	0.0000E+00	0.0000E+00	1.5524E+00
3.2540E+03	0.0000E+00	0.0000E+00	1.5534E+00
3.2550E+03	0.0000E+00	0.0000E+00	1.5520E+00
3.2560E+03	0.0000E+00	0.0000E+00	1.5489E+00
3.2570E+03	0.0000E+00	0.0000E+00	1.5494E+00
3.2580E+03	0.0000E+00	0.0000E+00	1.5505E+00
3.2590E+03	0.0000E+00	0.0000E+00	1.5486E+00
3.2600E+03	0.0000E+00	0.0000E+00	1.5433E+00
3.2610E+03	0.0000E+00	0.0000E+00	1.5430E+00
3.2620E+03	0.0000E+00	0.0000E+00	1.5411E+00
3.2630E+03	0.0000E+00	0.0000E+00	1.5421E+00
3.2640E+03	0.0000E+00	0.0000E+00	1.5405E+00
3.2650E+03	0.0000E+00	0.0000E+00	1.5408E+00
3.2660E+03	0.0000E+00	0.0000E+00	1.5402E+00
3.2670E+03	0.0000E+00	0.0000E+00	1.5404E+00
3.2680E+03	0.0000E+00	0.0000E+00	1.5434E+00
3.2690E+03	0.0000E+00	0.0000E+00	1.5453E+00
3.2700E+03	0.0000E+00	0.0000E+00	1.5467E+00
3.2710E+03	0.0000E+00	0.0000E+00	1.5481E+00
3.2720E+03	0.0000E+00	0.0000E+00	1.5478E+00
3.2730E+03	0.0000E+00	0.0000E+00	1.5513E+00
3.2740E+03	0.0000E+00	0.0000E+00	1.5512E+00
3.2750E+03	0.0000E+00	0.0000E+00	1.5490E+00
3.2760E+03	0.0000E+00	0.0000E+00	1.5494E+00
3.2770E+03	0.0000E+00	0.0000E+00	1.5509E+00
3.2780E+03	0.0000E+00	0.0000E+00	1.5499E+00
3.2790E+03	0.0000E+00	0.0000E+00	1.5513E+00
3.2800E+03	0.0000E+00	0.0000E+00	1.5481E+00
3.2810E+03	0.0000E+00	0.0000E+00	1.5455E+00
3.2820E+03	0.0000E+00	0.0000E+00	1.5473E+00
3.2830E+03	0.0000E+00	0.0000E+00	1.5439E+00
3.2840E+03	0.0000E+00	0.0000E+00	1.5459E+00
3.2850E+03	0.0000E+00	0.0000E+00	1.5409E+00
3.2860E+03	0.0000E+00	0.0000E+00	1.5393E+00
3.2870E+03	0.0000E+00	0.0000E+00	1.5365E+00
3.2880E+03	0.0000E+00	0.0000E+00	1.5359E+00
3.2890E+03	0.0000E+00	0.0000E+00	1.5363E+00
3.2900E+03	0.0000E+00	0.0000E+00	1.5357E+00
3.2910E+03	0.0000E+00	0.0000E+00	1.5364E+00
3.2920E+03	0.0000E+00	0.0000E+00	1.5374E+00
3.2930E+03	0.0000E+00	0.0000E+00	1.5381E+00
3.2940E+03	0.0000E+00	0.0000E+00	1.5415E+00
3.2950E+03	0.0000E+00	0.0000E+00	1.5421E+00
3.2960E+03	0.0000E+00	0.0000E+00	1.5429E+00
3.2970E+03	0.0000E+00	0.0000E+00	1.5480E+00
3.2980E+03	0.0000E+00	0.0000E+00	1.5470E+00
3.2990E+03	0.0000E+00	0.0000E+00	1.5475E+00
3.3000E+03	0.0000E+00	0.0000E+00	1.5489E+00
3.3010E+03	0.0000E+00	0.0000E+00	1.5472E+00
3.3020E+03	0.0000E+00	0.0000E+00	1.5475E+00
3.3030E+03	0.0000E+00	0.0000E+00	1.5456E+00
3.3040E+03	0.0000E+00	0.0000E+00	1.5470E+00
3.3050E+03	0.0000E+00	0.0000E+00	1.5483E+00
3.3060E+03	0.0000E+00	0.0000E+00	1.5455E+00
3.3070E+03	0.0000E+00	0.0000E+00	1.5427E+00
3.3080E+03	0.0000E+00	0.0000E+00	1.5413E+00
3.3090E+03	0.0000E+00	0.0000E+00	1.5413E+00
3.3100E+03	0.0000E+00	0.0000E+00	1.5412E+00
3.3110E+03	0.0000E+00	0.0000E+00	1.5394E+00
3.3120E+03	0.0000E+00	0.0000E+00	1.5412E+00
3.3130E+03	0.0000E+00	0.0000E+00	1.5421E+00
3.3140E+03	0.0000E+00	0.0000E+00	1.5395E+00
3.3150E+03	0.0000E+00	0.0000E+00	1.5426E+00
3.3160E+03	0.0000E+00	0.0000E+00	1.5407E+00
3.3170E+03	0.0000E+00	0.0000E+00	1.5438E+00
3.3180E+03	0.0000E+00	0.0000E+00	1.5438E+00
3.3190E+03	0.0000E+00	0.0000E+00	1.5474E+00
3.3200E+03	0.0000E+00	0.0000E+00	1.5457E+00
3.3210E+03	0.0000E+00	0.0000E+00	1.5442E+00
3.3220E+03	0.0000E+00	0.0000E+00	1.5439E+00
3.3230E+03	0.0000E+00	0.0000E+00	1.5443E+00
3.3240E+03	0.0000E+00	0.0000E+00	1.5459E+00
3.3250E+03	0.0000E+00	0.0000E+00	1.5479E+00
3.3260E+03	0.0000E+00	0.0000E+00	1.5461E+00
3.3270E+03	0.0000E+00	0.0000E+00	1.5464E+00
3.3280E+03	0.0000E+00	0.0000E+00	1.5464E+00
3.3290E+03	0.0000E+00	0.0000E+00	1.5465E+00
3.3300E+03	0.0000E+00	0.0000E+00	1.5434E+00
3.3310E+03	0.0000E+00	0.0000E+00	1.5424E+00
3.3320E+03	0.0000E+00	0.0000E+00	1.5405E+00
3.3330E+03	0.0000E+00	0.0000E+00	1.5409E+00
3.3340E+03	0.0000E+00	0.0000E+00	1.5391E+00
3.3350E+03	0.0000E+00	0.0000E+00	1.5371E+00
3.3360E+03	0.0000E+00	0.0000E+00	1.5387E+00
3.3370E+03	0.0000E+00	0.0000E+00	1.5391E+00
3.3380E+03	0.0000E+00	0.0000E+00	1.5428E+00
3.3390E+03	0.0000E+00	0.0000E+00	1.5422E+00
3.3400E+03	0.0000E+00	0.0000E+00	1.5420E+00
3.3410E+03	0.0000E+00	0.0000E+00	1.5415E+00
3.3420E+03	0.0000E+00	0.0000E+00	1.5453E+00
3.3430E+03	0.0000E+00	0.0000E+00	1.5469E+00
3.3440E+03	0.0000E+00	0.0000E+00	1.5450E+00
3.3450E+03	0.0000E+00	0.0000E+00	1.5468E+00
3.3460E+03	0.0000E+00	0.0000E+00	1.5485E+00
3.3470E+03	0.0000E+00	0.0000E+00	1.5470E+00
3.3480E+03	0.0000E+00	0.0000E+00	1.5449E+00
3.3490E+03	0.0000E+00	0.0000E+00	1.5455E+00
3.3500E+03	0.0000E+00	0.0000E+00	1.5498E+00
3.3510E+03	0.0000E+00	0.0000E+00	1.5487E+00
3.3520E+03	0.0000E+00	0.0000E+00	1.5470E+00
3.3530E+03	0.0000E+00	0.0000E+00	1.5489E+00
3.3540E+03	0.0000E+00	0.0000E+00	1.5449E+00
3.3550E+03	0.0000E+00	0.0000E+00	1.5476E+00
3.3560E+03	0.0000E+00	0.0000E+00	1.5467E+00
3.3570E+03	0.0000E+00	0.0000E+00	1.5462E+00
3.3580E+03	0.0000E+00	0.0000E+00	1.5444E+00
3.3590E+03	0.0000E+00	0.0000E+00	1.5433E+00
3.3600E+03	0.0000E+00	0.0000E+00	1.5452E+00
3.3610E+03	0.0000E+00	0.0000E+00	1.5444E+00
3.3620E+03	0.0000E+00	0.0000E+00	1.5455E+00
3.3630E+03	0.0000E+00	0.0000E+00	1.5458E+00
3.3640E+03	0.0000E+00	0.0000E+00	1.5472E+00
3.3650E+03	0.0000E+00	0.0000E+00	1.5447E+00
3.3660E+03	0.0000E+00	0.0000E+00	1.5428E+00
3.3670E+03	0.0000E+00	0.0000E+00	1.5437E+00
3.3680E+03	0.0000E+00	0.0000E+00	1.5432E+00
3.3690E+03	0.0000E+00	0.0000E+00	1.5453E+00
3.3700E+03	0.0000E+00	0.0000E+00	1.5463E+00
3.3710E+03	0.0000E+00	0.0000E+00	1.5461E+00
3.3720E+03	0.0000E+00	0.0000E+00	1.5452E+00
3.3730E+03	0.0000E+00	0.0000E+00	1.5469E+00
3.3740E+03	0.0000E+00	0.0000E+00	1.5480E+00
3.3750E+03	0.0000E+00	0.0000E+00	1.5478E+00
3.3760E+03	0.0000E+00	0.0000E+00	1.5499E+00
3.3770E+03	0.0000E+00	0.0000E+00	1.5490E+00
3.3780E+03	0.0000E+00	0.0000E+00	1.5471E+00
3.3790E+03	0.0000E+00	0.0000E+00	1.5455E+00
3.3800E+03	0.0000E+00	0.0000E+00	1.5460E+00
3.3810E+03	0.0000E+00	0.0000E+00	1.5434E+00
3.3820E+03	0.0000E+00	0.0000E+00	1.5393E+00
3.3830E+03	0.0000E+00	0.0000E+00	1.5394E+00
3.3840E+03	0.0000E+00	0.0000E+00	1.5382E+00
3.3850E+03	0.0000E+00	0.0000E+00	1.5413E+00
3.3860E+03	0.0000E+00	0.0000E+00	1.5413E+00
3.3870E+03	0.0000E+00	0.0000E+00	1.5402E+00
3.3880E+03	0.0000E+00	0.0000E+00	1.5421E+00
3.3890E+03	0.0000E+00	0.0000E+00	1.5460E+00
3.3900E+03	0.0000E+00	0.0000E+00	1.5468E+00
3.3910E+03	0.0000E+00	0.0000E+00	1.5468E+00
3.3920E+03	0.0000E+00	0.0000E+00	1.5455E+00
3.3930E+03	0.0000E+00	0.0000E+00	1.5468E+00
3.3940E+03	0.0000E+00	0.0000E+00	1.5476E+00
3.3950E+03	0.0000E+00	0.0000E+00	1.5491E+00
3.3960E+03	0.0000E+00	0.0000E+00	1.5496E+00
3.3970E+03	0.0000E+00	0.0000E+00	1.5494E+00
3.3980E+03	0.0000E+00	0.0000E+00	1.5506E+00
3.3990E+03	0.0000E+00	0.0000E+00	1.5485E+00
3.4000E+03	0.0000E+00	0.0000E+00	1.5491E+00
3.4010E+03	0.0000E+00	0.0000E+00	1.5453E+00
3.4020E+03	0.0000E+00	0.0000E+00	1.5451E+00
3.4030E+03	0.0000E+00	0.0000E+00	1.5432E+00
3.4040E+03	0.0000E+00	0.0000E+00	1.5409E+00
3.4050E+03	0.0000E+00	0.0000E+00	1.5408E+00
3.4060E+03	0.0000E+00	0.0000E+00	1.5376E+00
3.4070E+03	0.0000E+00	0.0000E+00	1.5364E+00
3.4080E+03	0.0000E+00	0.0000E+00	1.5396E+00
3.4090E+03	0.0000E+00	0.0000E+00	1.5366E+00
3.4100E+03	0.0000E+00	0.0000E+00	1.5378E+00
3.4110E+03	0.0000E+00	0.0000E+00	1.5382E+00
3.4120E+03	0.0000E+00	0.0000E+00	1.5384E+00
3.4130E+03	0.0000E+00	0.0000E+00	1.5394E+00
3.4140E+03	0.0000E+00	0.0000E+00	1.5402E+00
3.4150E+03	0.0000E+00	0.0000E+00	1.5389E+00
3.4160E+03	0.0000E+00	0.0000E+00	1.5397E+00
3.4170E+03	0.0000E+00	0.0000E+00	1.5422E+00
3.4180E+03	0.0000E+00	0.0000E+00	1.5433E+00
3.4190E+03	0.0000E+00	0.0000E+00	1.5450E+00
3.4200E+03	0.0000E+00	0.0000E+00	1.5453E+00
3.4210E+03	0.0000E+00	0.0000E+00	1.5429E+00
3.4220E+03	0.0000E+00	0.0000E+00	1.5454E+00
3.4230E+03	0.0000E+00	0.0000E+00	1.5439E+00
3.4240E+03	0.0000E+00	0.0000E+00	1.5506E+00
3.4250E+03	0.0000E+00	0.0000E+00	1.5481E+00
3.4260E+03	0.0000E+00	0.0000E+00	1.5482E+00
3.4270E+03	0.0000E+00	0.0000E+00	1.5462E+00
3.4280E+03	0.0000E+00	0.0000E+00	1.5439E+00
3.4290E+03	0.0000E+00	0.0000E+00	1.5417E+00
3.4300E+03	0.0000E+00	0.0000E+00	1.5410E+00
3.4310E+03	0.0000E+00	0.0000E+00	1.5397E+00
3.4320E+03	0.0000E+00	0.0000E+00	1.5409E+00
3.4330E+03	0.0000E+00	0.0000E+00	1.5412E+00
3.4340E+03	0.0000E+00	0.0000E+00	1.5412E+00
3.4350E+03	0.0000E+00	0.0000E+00	1.5409E+00
3.4360E+03	0.0000E+00	0.0000E+00	1.5421E+00
3.4370E+03	0.0000E+00	0.0000E+00	1.5413E+00
3.4380E+03	0.0000E+00	0.0000E+00	1.5399E+00
3.4390E+03	0.0000E+00	0.0000E+00	1.5418E+00
3.4400E+03	0.0000E+00	0.0000E+00	1.5415E+00
3.4410E+03	0.0000E+00	0.0000E+00	1.5435E+00
3.4420E+03	0.0000E+00	0.0000E+00	1.5454E+00
3.4430E+03	0.0000E+00	0.0000E+00	1.5448E+00
3.4440E+03	0.0000E+00	0.0000E+00	1.5449E+00
3.4450E+03	0.0000E+00	0.0000E+00	1.5468E+00
3.4460E+03	0.0000E+00	0.0000E+00	1.5445E+00
3.4470E+03	0.0000E+00	0.0000E+00	1.5446E+00
3.4480E+03	0.0000E+00	0.0000E+00	1.5440E+00
3.4490E+03	0.0000E+00	0.0000E+00	1.5434E+00
3.4500E+03	0.0000E+00	0.0000E+00	1.5438E+00
3.4510E+03	0.0000E+00	0.0000E+00	1.5392E+00
3.4520E+03	0.0000E+00	0.0000E+00	1.5385E+00
3.4530E+03	0.0000E+00	0.0000E+00	1.5368E+00
3.4540E+03	0.0000E+00	0.0000E+00	1.5348E+00
3.4550E+03	0.0000E+00	0.0000E+00	1.5320E+00
3.4560E+03	0.0000E+00	0.0000E+00	1.5314E+00
3.4570E+03	0.0000E+00	0.0000E+00	1.5333E+00
3.4580E+03	0.0000E+00	0.0000E+00	1.5330E+00
3.4590E+03	0.0000E+00	0.0000E+00	1.5324E+00
3.4600E+03	0.0000E+00	0.0000E+00	1.5319E+00
3.4610E+03	0.0000E+00	0.0000E+00	1.5340E+00
3.4620E+03	0.0000E+00	0.0000E+00	1.5326E+00
3.4630E+03	0.0000E+00	0.0000E+00	1.5329E+00
3.4640E+03	0.0000E+00	0.0000E+00	1.5324E+00
3.4650E+03	0.0000E+00	0.0000E+00	1.5364E+00
3.4660E+03	0.0000E+00	0.0000E+00	1.5389E+00
3.4670E+03	0.0000E+00	0.0000E+00	1.5377E+00
3.4680E+03	0.0000E+00	0.0000E+00	1.5400E+00
3.4690E+03	0.0000E+00	0.0000E+00	1.5381E+00
3.4700E+03	0.0000E+00	0.0000E+00	1.5371E+00
3.4710E+03	0.0000E+00	0.0000E+00	1.5381E+00
3.4720E+03	0.0000E+00	0.0000E+00	1.5405E+00
3.4730E+03	0.0000E+00	0.0000E+00	1.5398E+00
3.4740E+03	0.0000E+00	0.0000E+00	1.5412E+00
3.4750E+03	0.0000E+00	0.0000E+00	1.5386E+00
3.4760E+03	0.0000E+00	0.0000E+00	1.5360E+00
3.4770E+03	0.0000E+00	0.0000E+00	1.5365E+00
3.4780E+03	0.0000E+00	0.0000E+00	1.5351E+00
3.4790E+03	0.0000E+00	0.0000E+00	1.5313E+00
3.4800E+03	0.0000E+00	0.0000E+00	1.5316E+00
3.4810E+03	0.0000E+00	0.0000E+00	1.5305E+00
3.4820E+03	0.0000E+00	0.0000E+00	1.5302E+00
3.4830E+03	0.0000E+00	0.0000E+00	1.5320E+00
3.4840E+03	0.0000E+00	0.0000E+00	1.5328E+00
3.4850E+03	0.0000E+00	0.0000E+00	1.5335E+00
3.4860E+03	0.0000E+00	0.0000E+00	1.5337E+00
3.4870E+03	0.0000E+00	0.0000E+00	1.5307E+00
3.4880E+03	0.0000E+00	0.0000E+00	1.5351E+00
3.4890E+03	0.0000E+00	0.0000E+00	1.5339E+00
3.4900E+03	0.0000E+00	0.0000E+00	1.5367E+00
3.4910E+03	0.0000E+00	0.0000E+00	1.5357E+00
3.4920E+03	0.0000E+00	0.0000E+00	1.5376E+00
3.4930E+03	0.0000E+00	0.0000E+00	1.5352E+00
3.4940E+03	0.0000E+00	0.0000E+00	1.5380E+00
3.4950E+03	0.0000E+00	0.0000E+00	1.5375E+00
3.4960E+03	0.0000E+00	0.0000E+00	1.5358E+00
3.4970E+03	0.0000E+00	0.0000E+00	1.5358E+00
3.4980E+03	0.0000E+00	0.0000E+00	1.5361E+00
3.4990E+03	0.0000E+00	0.0000E+00	1.5375E+00
3.5000E+03	0.0000E+00	0.0000E+00	1.5304E+00
3.5010E+03	0.0000E+00	0.0000E+00	1.5317E+00
3.5020E+03	0.0000E+00	0.0000E+00	1.5322E+00
3.5030E+03	0.0000E+00	0.0000E+00	1.5301E+00
3.5040E+03	0.0000E+00	0.0000E+00	1.5320E+00
3.5050E+03	0.0000E+00	0.0000E+00	1.5306E+00
3.5060E+03	0.0000E+00	0.0000E+00	1.5303E+00
3.5070E+03	0.0000E+00	0.0000E+00	1.5287E+00
3.5080E+03	0.0000E+00	0.0000E+00	1.5293E+00
3.5090E+03	0.0000E+00	0.0000E+00	1.5272E+00
3.5100E+03	0.0000E+00	0.0000E+00	1.5271E+00
3.5110E+03	0.0000E+00	0.0000E+00	1.5286E+00
3.5120E+03	0.0000E+00	0.0000E+00	1.5283E+00
3.5130E+03	0.0000E+00	0.0000E+00	1.5302E+00
3.5140E+03	0.0000E+00	0.0000E+00	1.5297E+00
3.5150E+03	0.0000E+00	0.0000E+00	1.5331E+00
3.5160E+03	0.0000E+00	0.0000E+00	1.5326E+00
3.5170E+03	0.0000E+00	0.0000E+00	1.5331E+00
3.5180E+03	0.0000E+00	0.0000E+00	1.5313E+00
3.5190E+03	0.0000E+00	0.0000E+00	1.5336E+00
3.5200E+03	0.0000E+00	0.0000E+00	1.5318E+00
3.5210E+03	0.0000E+00	0.0000E+00	1.5359E+00
3.5220E+03	0.0000E+00	0.0000E+00	1.5336E+00
3.5230E+03	0.0000E+00	0.0000E+00	1.5347E+00
3.5240E+03	0.0000E+00	0.0000E+00	1.5316E+00
3.5250E+03	0.0000E+00	0.0000E+00	1.5260E+00
3.5260E+03	0.0000E+00	0.0000E+00	1.5268E+00
3.5270E+03	0.0000E+00	0.0000E+00	1.5246E+00
3.5280E+03	0.0000E+00	0.0000E+00	1.5242E+00
3.5290E+03	0.0000E+00	0.0000E+00	1.5234E+00
3.5300E+03	0.0000E+00	0.0000E+00	1.5243E+00
3.5310E+03	0.0000E+00	0.0000E+00	1.5213E+00
3.5320E+03	0.0000E+00	0.0000E+00	1.5226E+00
3.5330E+03	0.0000E+00	0.0000E+00	1.5222E+00
3.5340E+03	0.0000E+00	0.0000E+00	1.5231E+00
3.5350E+03	0.0000E+00	0.0000E+00	1.5216E+00
3.5360E+03	0.0000E+00	0.0000E+00	1.5198E+00
3.5370E+03	0.0000E+00	0.0000E+00	1.5254E+00
3.5380E+03	0.0000E+00	0.0000E+00	1.5287E+00
3.5390E+03	0.0000E+00	0.0000E+00	1.5293E+00
3.5400E+03	0.0000E+00	0.0000E+00	1.5297E+00
3.5410E+03	0.0000E+00	0.0000E+00	1.5304E+00
3.5420E+03	0.0000E+00	0.0000E+00	1.5295E+00
3.5430E+03	0.0000E+00	0.0000E+00	1.5286E+00
3.5440E+03	0.0000E+00	0.0000E+00	1.5324E+00
3.5450E+03	0.0000E+00	0.0000E+00	1.5344E+00
3.5460E+03	0.0000E+00	0.0000E+00	1.5319E+00
3.5470E+03	0.0000E+00	0.0000E+00	1.5302E+00
3.5480E+03	0.0000E+00	0.0000E+00	1.5252E+00
3.5490E+03	0.0000E+00	0.0000E+00	1.5250E+00
3.5500E+03	0.0000E+00	0.0000E+00	1.5231E+00
3.5510E+03	0.0000E+00	0.0000E+00	1.5210E+00
3.5520E+03	0.0000E+00	0.0000E+00	1.5201E+00
3.5530E+03	0.0000E+00	0.0000E+00	1.5204E+00
3.5540E+03	0.0000E+00	0.0000E+00	1.5187E+00
3.5550E+03	0.0000E+00	0.0000E+00	1.5181E+00
3.5560E+03	0.0000E+00	0.0000E+00	1.5163E+00
3.5570E+03	0.0000E+00	0.0000E+00	1.5173E+00
3.5580E+03	0.0000E+00	0.0000E+00	1.5193E+00
3.5590E+03	0.0000E+00	0.0000E+00	1.5176E+00
3.5600E+03	0.0000E+00	0.0000E+00	1.5190E+00
3.5610E+03	0.0000E+00	0.0000E+00	1.5213E+00
3.5620E+03	0.0000E+00	0.0000E+00	1.5261E+00
3.5630E+03	0.0000E+00	0.0000E+00	1.5257E+00
3.5640E+03	0.0000E+00	0.0000E+00	1.5240E+00
3.5650E+03	0.0000E+00	0.0000E+00	1.5234E+00
3.5660E+03	0.0000E+00	0.0000E+00	1.5252E+00
3.5670E+03	0.0000E+00	0.0000E+00	1.5261E+00
3.5680E+03	0.0000E+00	0.0000E+00	1.5264E+00
3.5690E+03	0.0000E+00	0.0000E+00	1.5278E+00
3.5700E+03	0.0000E+00	0.0000E+00	1.5291E+00
3.5710E+03	0.0000E+00	0.0000E+00	1.5276E+00
3.5720E+03	0.0000E+00	0.0000E+00	1.5275E+00
3.5730E+03	0.0000E+00	0.0000E+00	1.5240E+00
3.5740E+03	0.0000E+00	0.0000E+00	1.5218E+00
3.5750E+03	0.0000E+00	0.0000E+00	1.5185E+00
3.5760E+03	0.0000E+00	0.0000E+00	1.5182E+00
3.5770E+03	0.0000E+00	0.0000E+00	1.5181E+00
3.5780E+03	0.0000E+00	0.0000E+00	1.5208E+00
3.5790E+03	0.0000E+00	0.0000E+00	1.5199E+00
3.5800E+03	0.0000E+00	0.0000E+00	1.5196E+00
3.5810E+03	0.0000E+00	0.0000E+00	1.5189E+00
3.5820E+03	0.0000E+00	0.0000E+00	1.5191E+00
3.5830E+03	0.0000E+00	0.0000E+00	1.5216E+00
3.5840E+03	0.0000E+00	0.0000E+00	1.5186E+00
3.5850E+03	0.0000E+00	0.0000E+00	1.5207E+00
3.5860E+03	0.0000E+00	0.0000E+00	1.5246E+00
3.5870E+03	0.0000E+00	0.0000E+00	1.5223E+00
3.5880E+03	0.0000E+00	0.0000E+00	1.5244E+00
3.5890E+03	0.0000E+00	0.0000E+00	1.5239E+00
3.5900E+03	0.0000E+00	0.0000E+00	1.5257E+00
3.5910E+03	0.0000E+00	0.0000E+00	1.5282E+00
3.5920E+03	0.0000E+00	0.0000E+00	1.5277E+00
3.5930E+03	0.0000E+00	0.0000E+00	1.5288E+00
3.5940E+03	0.0000E+00	0.0000E+00	1.5276E+00
3.5950E+03	0.0000E+00	0.0000E+00	1.5254E+00
3.5960E+03	0.0000E+00	0.0000E+00	1.5228E+00
3.5970E+03	0.0000E+00	0.0000E+00	1.5206E+00
3.5980E+03	0.0000E+00	0.0000E+00	1.5197E+00
3.5990E+03	0.0000E+00	0.0000E+00	1.5216E+00
3.6000E+03	0.0000E+00	0.0000E+00	1.5206E+00
3.6010E+03	0.0000E+00	0.0000E+00	1.5221E+00
3.6020E+03	0.0000E+00	0.0000E+00	1.5225E+00
3.6030E+03	0.0000E+00	0.0000E+00	1.5209E+00
3.6040E+03	0.0000E+00	0.0000E+00	1.5218E+00
3.6050E+03	0.0000E+00	0.0000E+00	1.5211E+00
3.6060E+03	0.0000E+00	0.0000E+00	1.5201E+00
3.6070E+03	0.0000E+00	0.0000E+00	1.5211E+00
3.6080E+03	0.0000E+00	0.0000E+00	1.5238E+00
3.6090E+03	0.0000E+00	0.0000E+00	1.5221E+00
3.6100E+03	0.0000E+00	0.0000E+00	1.5212E+00
3.6110E+03	0.0000E+00	0.0000E+00	1.5227E+00
3.6120E+03	0.0000E+00	0.0000E+00	1.5226E+00
3.6130E+03	0.0000E+00	0.0000E+00	1.5244E+00
3.6140E+03	0.0000E+00	0.0000E+00	1.5244E+00
3.6150E+03	0.0000E+00	0.0000E+00	1.5223E+00
3.6160E+03	0.0000E+00	0.0000E+00	1.5216E+00
3.6170E+03	0.0000E+00	0.0000E+00	1.5248E+00
3.6180E+03	0.0000E+00	0.0000E+00	1.5263E+00
3.6190E+03	0.0000E+00	0.0000E+00	1.5252E+00
3.6200E+03	0.0000E+00	0.0000E+00	1.5231E+00
3.6210E+03	0.0000E+00	0.0000E+00	1.5218E+00
3.6220E+03	0.0000E+00	0.0000E+00	1.5221E+00
3.6230E+03	0.0000E+00	0.0000E+00	1.5186E+00
3.6240E+03	0.0000E+00	0.0000E+00	1.5174E+00
3.6250E+03	0.0000E+00	0.0000E+00	1.5162E+00
3.6260E+03	0.0000E+00	0.0000E+00	1.5157E+00
3.6270E+03	0.0000E+00	0.0000E+00	1.5163E+00
3.6280E+03	0.0000E+00	0.0000E+00	1.5166E+00
3.6290E+03	0.0000E+00	0.0000E+00	1.5161E+00
3.6300E+03	0.0000E+00	0.0000E+00	1.5152E+00
3.6310E+03	0.0000E+00	0.0000E+00	1.5177E+00
3.6320E+03	0.0000E+00	0.0000E+00	1.5184E+00
3.6330E+03	0.0000E+00	0.0000E+00	1.5177E+00
3.6340E+03	0.0000E+00	0.0000E+00	1.5198E+00
3.6350E+03	0.0000E+00	0.0000E+00	1.5215E+00
3.6360E+03	0.0000E+00	0.0000E+00	1.5262E+00
3.6370E+03	0.0000E+00	0.0000E+00	1.5254E+00
3.6380E+03	0.0000E+00	0.0000E+00	1.5272E+00
3.6390E+03	0.0000E+00	0.0000E+00	1.5278E+00
3.6400E+03	0.0000E+00	0.0000E+00	1.5265E+00
3.6410E+03	0.0000E+00	0.0000E+00	1.5292E+00
3.6420E+03	0.0000E+00	0.0000E+00	1.5295E+00
3.6430E+03	0.0000E+00	0.0000E+00	1.5300E+00
3.6440E+03	0.0000E+00	0.0000E+00	1.5289E+00
3.6450E+03	0.0000E+00	0.0000E+00	1.5297E+00
3.6460E+03	0.0000E+00	0.0000E+00	1.5336E+00
3.6470E+03	0.0000E+00	0.0000E+00	1.5328E+00
3.6480E+03	0.0000E+00	0.0000E+00	1.5327E+00
3.6490E+03	0.0000E+00	0.0000E+00	1.5308E+00
3.6500E+03	0.0000E+00	0.0000E+00	1.5317E+00
3.6510E+03	0.0000E+00	0.0000E+00	1.5308E+00
3.6520E+03	0.0000E+00	0.0000E+00	1.5303E+00
3.6530E+03	0.0000E+00	0.0000E+00	1.5275E+00
3.6540E+03	0.0000E+00	0.0000E+00	1.5300E+00
3.6550E+03	0.0000E+00	0.0000E+00	1.5295E+00
3.6560E+03	0.0000E+00	0.0000E+00	1.5293E+00
3.6570E+03	0.0000E+00	0.0000E+00	1.5261E+00
3.6580E+03	0.0000E+00	0.0000E+00	1.5287E+00
3.6590E+03	0.0000E+00	0.0000E+00	1.5301E+00
3.6600E+03	0.0000E+00	0.0000E+00	1.5265E+00
3.6610E+03	0.0000E+00	0.0000E+00	1.5275E+00
3.6620E+03	0.0000E+00	0.0000E+00	1.5263E+00
3.6630E+03	0.0000E+00	0.0000E+00	1.5278E+00
3.6640E+03	0.0000E+00	0.0000E+00	1.5264E+00
3.6650E+03	0.0000E+00	0.0000E+00	1.5274E+00
3.6660E+03	0.0000E+00	0.0000E+00	1.5263E+00
3.6670E+03	0.0000E+00	0.0000E+00	1.5243E+00
3.6680E+03	0.0000E+00	0.0000E+00	1.5228E+00
3.6690E+03	0.0000E+00	0.0000E+00	1.5188E+00
3.6700E+03	0.0000E+00	0.0000E+00	1.5168E+00
3.6710E+03	0.0000E+00	0.0000E+00	1.5177E+00
3.6720E+03	0.0000E+00	0.0000E+00	1.5202E+00
3.6730E+03	0.0000E+00	0.0000E+00	1.5208E+00
3.6740E+03	0.0000E+00	0.0000E+00	1.5182E+00
3.6750E+03	0.0000E+00	0.0000E+00	1.5181E+00
3.6760E+03	0.0000E+00	0.0000E+00	1.5165E+00
3.6770E+03	0.0000E+00	0.0000E+00	1.5174E+00
3.6780E+03	0.0000E+00	0.0000E+00	1.5163E+00
3.6790E+03	0.0000E+00	0.0000E+00	1.5171E+00
3.6800E+03	0.0000E+00	0.0000E+00	1.5159E+00
3.6810E+03	0.0000E+00	0.0000E+00	1.5188E+00
3.6820E+03	0.0000E+00	0.0000E+00	1.5195E+00
3.6830E+03	0.0000E+00	0.0000E+00	1.5224E+00
3.6840E+03	0.0000E+00	0.0000E+00	1.5222E+00
3.6850E+03	0.0000E+00	0.0000E+00	1.5235E+00
3.6860E+03	0.0000E+00	0.0000E+00	1.5235E+00
3.6870E+03	0.0000E+00	0.0000E+00	1.5248E+00
3.6880E+03	0.0000E+00	0.0000E+00	1.5222E+00
3.6890E+03	0.0000E+00	0.0000E+00	1.5223E+00
3.6900E+03	0.0000E+00	0.0000E+00	1.5232E+00
3.6910E+03	0.0000E+00	0.0000E+00	1.5235E+00
3.6920E+03	0.0000E+00	0.0000E+00	1.5208E+00
3.6930E+03	0.0000E+00	0.0000E+00	1.5191E+00
3.6940E+03	0.0000E+00	0.0000E+00	1.5166E+00
3.6950E+03	0.0000E+00	0.0000E+00	1.5196E+00
3.6960E+03	0.0000E+00	0.0000E+00	1.5192E+00
3.6970E+03	0.0000E+00	0.0000E+00	1.5177E+00
3.6980E+03	0.0000E+00	0.0000E+00	1.5167E+00
3.6990E+03	0.0000E+00	0.0000E+00	1.5162E+00
3.7000E+03	0.0000E+00	0.0000E+00	1.5166E+00
3.7010E+03	0.0000E+00	0.0000E+00	1.5169E+00
3.7020E+03	0.0000E+00	0.0000E+00	1.5152E+00
3.7030E+03	0.0000E+00	0.0000E+00	1.5138E+00
3.7040E+03	0.0000E+00	0.0000E+00	1.5137E+00
3.7050E+03	0.0000E+00	0.0000E+00	1.5156E+00
3.7060E+03	0.0000E+00	0.0000E+00	1.5196E+00
3.7070E+03	0.0000E+00	0.0000E+00	1.5203E+00
3.7080E+03	0.0000E+00	0.0000E+00	1.5197E+00
3.7090E+03	0.0000E+00	0.0000E+00	1.5222E+00
3.7100E+03	0.0000E+00	0.0000E+00	1.5215E+00
3.7110E+03	0.0000E+00	0.0000E+00	1.5202E+00
3.7120E+03	0.0000E+00	0.0000E+00	1.5217E+00
3.7130E+03	0.0000E+00	0.0000E+00	1.5203E+00
3.7140E+03	0.0000E+00	0.0000E+00	1.5234E+00
3.7150E+03	0.0000E+00	0.0000E+00	1.5204E+00
3.7160E+03	0.0000E+00	0.0000E+00	1.5195E+00
3.7170E+03	0.0000E+00	0.0000E+00	1.5173E+00
3.7180E+03	0.0000E+00	0.0000E+00	1.5136E+00
3.7190E+03	0.0000E+00	0.0000E+00	1.5145E+00
3.7200E+03	0.0000E+00	0.0000E+00	1.5107E+00
3.7210E+03	0.0000E+00	0.0000E+00	1.5107E+00
3.7220E+03	0.0000E+00	0.0000E+00	1.5131E+00
3.7230E+03	0.0000E+00	0.0000E+00	1.5123E+00
3.7240E+03	0.0000E+00	0.0000E+00	1.5111E+00
3.7250E+03	0.0000E+00	0.0000E+00	1.5103E+00
3.7260E+03	0.0000E+00	0.0000E+00	1.5105E+00
3.7270E+03	0.0000E+00	0.0000E+00	1.5087E+00
3.7280E+03	0.0000E+00	0.0000E+00	1.5074E+00
3.7290E+03	0.0000E+00	0.0000E+00	1.5132E+00
3.7300E+03	0.0000E+00	0.0000E+00	1.5124E+00
3.7310E+03	0.0000E+00	0.0000E+00	1.5148E+00
3.7320E+03	0.0000E+00	0.0000E+00	1.5158E+00
3.7330E+03	0.0000E+00	0.0000E+00	1.5180E+00
3.7340E+03	0.0000E+00	0.0000E+00	1.5162E+00
3.7350E+03	0.0000E+00	0.0000E+00	1.5177E+00
3.7360E+03	0.0000E+00	0.0000E+00	1.5169E+00
3.7370E+03	0.0000E+00	0.0000E+00	1.5193E+00
3.7380E+03	0.0000E+00	0.0000E+00	1.5181E+00
3.7390E+03	0.0000E+00	0.0000E+00	1.5169E+00
3.7400E+03	0.0000E+00	0.0000E+00	1.5156E+00
3.7410E+03	0.0000E+00	0.0000E+00	1.5130E+00
3.7420E+03	0.0000E+00	0.0000E+00	1.5092E+00
3.7430E+03	0.0000E+00	0.0000E+00	1.5101E+00
3.7440E+03	0.0000E+00	0.0000E+00	1.5056E+00
3.7450E+03	0.0000E+00	0.0000E+00	1.5071E+00
3.7460E+03	0.0000E+00	0.0000E+00	1.5081E+00
3.7470E+03	0.0000E+00	0.0000E+00	1.5060E+00
3.7480E+03	0.0000E+00	0.0000E+00	1.5068E+00
3.7490E+03	0.0000E+00	0.0000E+00	1.5026E+00
3.7500E+03	0.0000E+00	0.0000E+00	1.5036E+00
3.7510E+03	0.0000E+00	0.0000E+00	1.5011E+00
3.7520E+03	0.0000E+00	0.0000E+00	1.5044E+00
3.7530E+03	0.0000E+00	0.0000E+00	1.5076E+00
3.7540E+03	0.0000E+00	0.0000E+00	1.5115E+00
3.7550E+03	0.0000E+00	0.0000E+00	1.5140E+00
3.7560E+03	0.0000E+00	0.0000E+00	1.5124E+00
3.7570E+03	0.0000E+00	0.0000E+00	1.5138E+00
3.7580E+03	0.0000E+00	0.0000E+00	1.5120E+00
3.7590E+03	0.0000E+00	0.0000E+00	1.5113E+00
3.7600E+03	0.0000E+00	0.0000E+00	1.5152E+00
3.7610E+03	0.0000E+00	0.0000E+00	1.5139E+00
3.7620E+03	0.0000E+00	0.0000E+00	1.5154E+00
3.7630E+03	0.0000E+00	0.0000E+00	1.5121E+00
3.7640E+03	0.0000E+00	0.0000E+00	1.5113E+00
3.7650E+03	0.0000E+00	0.0000E+00	1.5080E+00
3.7660E+03	0.0000E+00	0.0000E+00	1.5062E+00
3.7670E+03	0.0000E+00	0.0000E+00	1.5058E+00
3.7680E+03	0.0000E+00	0.0000E+00	1.5075E+00
3.7690E+03	0.0000E+00	0.0000E+00	1.5070E+00
3.7700E+03	0.0000E+00	0.0000E+00	1.5074E+00
3.7710E+03	0.0000E+00	0.0000E+00	1.5069E+00
3.7720E+03	0.0000E+00	0.0000E+00	1.5043E+00
3.7730E+03	0.0000E+00	0.0000E+00	1.5056E+00
3.7740E+03	0.0000E+00	0.0000E+00	1.5044E+00
3.7750E+03	0.0000E+00	0.0000E+00	1.5044E+00
3.7760E+03	0.0000E+00	0.0000E+00	1.5050E+00
3.7770E+03	0.0000E+00	0.0000E+00	1.5075E+00
3.7780E+03	0.0000E+00	0.0000E+00	1.5106E+00
3.7790E+03	0.0000E+00	0.0000E+00	1.5099E+00
3.7800E+03	0.0000E+00	0.0000E+00	1.5128E+00
3.7810E+03	0.0000E+00	0.0000E+00	1.5141E+00
3.7820E+03	0.0000E+00	0.0000E+00	1.5138E+00
3.7830E+03	0.0000E+00	0.0000E+00	1.5161E+00
3.7840E+03	0.0000E+00	0.0000E+00	1.5132E+00
3.7850E+03	0.0000E+00	0.0000E+00	1.5139E+00
3.7860E+03	0.0000E+00	0.0000E+00	1.5145E+00
3.7870E+03	0.0000E+00	0.0000E+00	1.5121E+00
3.7880E+03	0.0000E+00	0.0000E+00	1.5107E+00
3.7890E+03	0.0000E+00	0.0000E+00	1.5083E+00
3.7900E+03	0.0000E+00	0.0000E+00	1.5073E+00
3.7910E+03	0.0000E+00	0.0000E+00	1.5084E+00
3.7920E+03	0.0000E+00	0.0000E+00	1.5084E+00
3.7930E+03	0.0000E+00	0.0000E+00	1.5068E+00
3.7940E+03	0.0000E+00	0.0000E+00	1.5050E+00
3.7950E+03	0.0000E+00	0.0000E+00	1.5073E+00
3.7960E+03	0.0000E+00	0.0000E+00	1.5065E+00
3.7970E+03	0.0000E+00	0.0000E+00	1.5043E+00
3.7980E+03	0.0000E+00	0.0000E+00	1.5049E+00
3.7990E+03	0.0000E+00	0.0000E+00	1.5050E+00
3.8000E+03	0.0000E+00	0.0000E+00	1.5031E+00
3.8010E+03	0.0000E+00	0.0000E+00	1.5067E+00
3.8020E+03	0.0000E+00	0.0000E+00	1.5096E+00
3.8030E+03	0.0000E+00	0.0000E+00	1.5110E+00
3.8040E+03	0.0000E+00	0.0000E+00	1.5099E+00
3.8050E+03	0.0000E+00	0.0000E+00	1.5101E+00
3.8060E+03	0.0000E+00	0.0000E+00	1.5122E+00
3.8070E+03	0.0000E+00	0.0000E+00	1.5134E+00
3.8080E+03	0.0000E+00	0.0000E+00	1.5148E+00
3.8090E+03	0.0000E+00	0.0000E+00	1.5145E+00
3.8100E+03	0.0000E+00	0.0000E+00	1.5116E+00
3.8110E+03	0.0000E+00	0.0000E+00	1.5128E+00
3.8120E+03	0.0000E+00	0.0000E+00	1.5098E+00
3.8130E+03	0.0000E+00	0.0000E+00	1.5050E+00
3.8140E+03	0.0000E+00	0.0000E+00	1.5052E+00
3.8150E+03	0.0000E+00	0.0000E+00	1.5045E+00
3.8160E+03	0.0000E+00	0.0000E+00	1.5031E+00
3.8170E+03	0.0000E+00	0.0000E+00	1.5042E+00
3.8180E+03	0.0000E+00	0.0000E+00	1.5039E+00
3.8190E+03	0.0000E+00	0.0000E+00	1.5020E+00
3.8200E+03	0.0000E+00	0.0000E+00	1.5016E+00
3.8210E+03	0.0000E+00	0.0000E+00	1.5004E+00
3.8220E+03	0.0000E+00	0.0000E+00	1.5016E+00
3.8230E+03	0.0000E+00	0.0000E+00	1.5027E+00
3.8240E+03	0.0000E+00	0.0000E+00	1.4984E+00
3.8250E+03	0.0000E+00	0.0000E+00	1.5063E+00
3.8260E+03	0.0000E+00	0.0000E+00	1.5071E+00
3.8270E+03	0.0000E+00	0.0000E+00	1.5058E+00
3.8280E+03	0.0000E+00	0.0000E+00	1.5106E+00
3.8290E+03	0.0000E+00	0.0000E+00	1.5093E+00
3.8300E+03	0.0000E+00	0.0000E+00	1.5111E+00
3.8310E+03	0.0000E+00	0.0000E+00	1.5095E+00
3.8320E+03	0.0000E+00	0.0000E+00	1.5140E+00
3.8330E+03	0.0000E+00	0.0000E+00	1.5126E+00
3.8340E+03	0.0000E+00	0.0000E+00	1.5125E+00
3.8350E+03	0.0000E+00	0.0000E+00	1.5120E+00
3.8360E+03	0.0000E+00	0.0000E+00	1.5111E+00
3.8370E+03	0.0000E+00	0.0000E+00	1.5074E+00
3.8380E+03	0.0000E+00	0.0000E+00	1.5059E+00
3.8390E+03	0.0000E+00	0.0000E+00	1.5077E+00
3.8400E+03	0.0000E+00	0.0000E+00	1.5082E+00
3.8410E+03	0.0000E+00	0.0000E+00	1.5057E+00
3.8420E+03	0.0000E+00	0.0000E+00	1.5049E+00
3.8430E+03	0.0000E+00	0.0000E+00	1.5033E+00
3.8440E+03	0.0000E+00	0.0000E+00	1.5038E+00
3.8450E+03	0.0000E+00	0.0000E+00	1.5021E+00
3.8460E+03	0.0000E+00	0.0000E+00	1.5034E+00
3.8470E+03	0.0000E+00	0.0000E+00	1.5026E+00
3.8480E+03	0.0000E+00	0.0000E+00	1.5010E+00
3.8490E+03	0.0000E+00	0.0000E+00	1.5058E+00
3.8500E+03	0.0000E+00	0.0000E+00	1.5055E+00
3.8510E+03	0.0000E+00	0.0000E+00	1.5080E+00
3.8520E+03	0.0000E+00	0.0000E+00	1.5085E+00
3.8530E+03	0.0000E+00	0.0000E+00	1.5102E+00
3.8540E+03	0.0000E+00	0.0000E+00	1.5107E+00
3.8550E+03	0.0000E+00	0.0000E+00	1.5106E+00
3.8560E+03	0.0000E+00	0.0000E+00	1.5110E+00
3.8570E+03	0.0000E+00	0.0000E+00	1.5110E+00
3.8580E+03	0.0000E+00	0.0000E+00	1.5125E+00
3.8590E+03	0.0000E+00	0.0000E+00	1.5111E+00
3.8600E+03	0.0000E+00	0.0000E+00	1.5076E+00
3.8610E+03	0.0000E+00	0.0000E+00	1.5062E+00
3.8620E+03	0.0000E+00	0.0000E+00	1.5029E+00
3.8630E+03	0.0000E+00	0.0000E+00	1.5048E+00
3.8640E+03	0.0000E+00	0.0000E+00	1.5066E+00
3.8650E+03	0.0000E+00	0.0000E+00	1.5068E+00
3.8660E+03	0.0000E+00	0.0000E+00	1.5053E+00
3.8670E+03	0.0000E+00	0.0000E+00	1.5032E+00
3.8680E+03	0.0000E+00	0.0000E+00	1.5024E+00
3.8690E+03	0.0000E+00	0.0000E+00	1.5043E+00
3.8700E+03	0.0000E+00	0.0000E+00	1.5026E+00
3.8710E+03	0.0000E+00	0.0000E+00	1.5032E+00
3.8720E+03	0.0000E+00	0.0000E+00	1.5014E+00
3.8730E+03	0.0000E+00	0.0000E+00	1.5040E+00
3.8740E+03	0.0000E+00	0.0000E+00	1.5065E+00
3.8750E+03	0.0000E+00	0.0000E+00	1.5074E+00
3.8760E+03	0.0000E+00	0.0000E+00	1.5079E+00
3.8770E+03	0.0000E+00	0.0000E+00	1.5128E+00
3.8780E+03	0.0000E+00	0.0000E+00	1.5107E+00
3.8790E+03	0.0000E+00	0.0000E+00	1.5119E+00
3.8800E+03	0.0000E+00	0.0000E+00	1.5108E+00
3.8810E+03	0.0000E+00	0.0000E+00	1.5128E+00
3.8820E+03	0.0000E+00	0.0000E+00	1.5108E+00
3.8830E+03	0.0000E+00	0.0000E+00	1.5104E+00
3.8840E+03	0.0000E+00	0.0000E+00	1.5090E+00
3.8850E+03	0.0000E+00	0.0000E+00	1.5082E+00
3.8860E+03	0.0000E+00	0.0000E+00	1.5055E+00
3.8870E+03	0.0000E+00	0.0000E+00	1.5087E+00
3.8880E+03	0.0000E+00	0.0000E+00	1.5079E+00
3.8890E+03	0.0000E+00	0.0000E+00	1.5089E+00
3.8900E+03	0.0000E+00	0.0000E+00	1.5066E+00
3.8910E+03	0.0000E+00	0.0000E+00	1.5065E+00
3.8920E+03	0.0000E+00	0.0000E+00	1.5050E+00
3.8930E+03	0.0000E+00	0.0000E+00	1.5039E+00
3.8940E+03	0.0000E+00	0.0000E+00	1.5040E+00
3.8950E+03	0.0000E+00	0.0000E+00	1.5036E+00
3.8960E+03	0.0000E+00	0.0000E+00	1.5038E+00
3.8970E+03	0.0000E+00	0.0000E+00	1.5070E+00
3.8980E+03	0.0000E+00	0.0000E+00	1.5088E+00
3.8990E+03	0.0000E+00	0.0000E+00	1.5093E+00
3.9000E+03	0.0000E+00	0.0000E+00	1.5101E+00
3.9010E+03	0.0000E+00	0.0000E+00	1.5119E+00
3.9020E+03	0.0000E+00	0.0000E+00	1.5113E+00
3.9030E+03	0.0000E+00	0.0000E+00	1.5106E+00
3.9040E+03	0.0000E+00	0.0000E+00	1.5108E+00
3.9050E+03	0.0000E+00	0.0000E+00	1.5095E+00
3.9060E+03	0.0000E+00	0.0000E+00	1.5119E+00
3.9070E+03	0.0000E+00	0.0000E+00	1.5107E+00
3.9080E+03	0.0000E+00	0.0000E+00	1.5106E+00
3.9090E+03	0.0000E+00	0.0000E+00	1.5103E+00
3.9100E+03	0.0000E+00	0.0000E+00	1.5064E+00
3.9110E+03	0.0000E+00	0.0000E+00	1.5050E+00
3.9120E+03	0.0000E+00	0.0000E+00	1.5062E+00
3.9130E+03	0.0000E+00	0.0000E+00	1.5083E+00
3.9140E+03	0.0000E+00	0.0000E+00	1.5071E+00
3.9150E+03	0.0000E+00	0.0000E+00	1.5023E+00
3.9160E+03	0.0000E+00	0.0000E+00	1.5039E+00
3.9170E+03	0.0000E+00	0.0000E+00	1.5051E+00
3.9180E+03	0.0000E+00	0.0000E+00	1.5036E+00
3.9190E+03	0.0000E+00	0.0000E+00	1.5031E+00
3.9200E+03	0.0000E+00	0.0000E+00	1.5023E+00
3.9210E+03	0.0000E+00	0.0000E+00	1.5055E+00
3.9220E+03	0.0000E+00	0.0000E+00	1.5052E+00
3.9230E+03	0.0000E+00	0.0000E+00	1.5078E+00
3.9240E+03	0.0000E+00	0.0000E+00	1.5051E+00
3.9250E+03	0.0000E+00	0.0000E+00	1.5078E+00
3.9260E+03	0.0000E+00	0.0000E+00	1.5081E+00
3.9270E+03	0.0000E+00	0.0000E+00	1.5081E+00
3.9280E+03	0.0000E+00	0.0000E+00	1.5088E+00
3.9290E+03	0.0000E+00	0.0000E+00	1.5087E+00
3.9300E+03	0.0000E+00	0.0000E+00	1.5077E+00
3.9310E+03	0.0000E+00	0.0000E+00	1.5093E+00
3.9320E+03	0.0000E+00	0.0000E+00	1.5101E+00
3.9330E+03	0.0000E+00	0.0000E+00	1.5062E+00
3.9340E+03	0.0000E+00	0.0000E+00	1.5044E+00
3.9350E+03	0.0000E+00	0.0000E+00	1.5030E+00
3.9360E+03	0.0000E+00	0.0000E+00	1.5038E+00
3.9370E+03	0.0000E+00	0.0000E+00	1.5020E+00
3.9380E+03	0.0000E+00	0.0000E+00	1.4985E+00
3.9390E+03	0.0000E+00	0.0000E+00	1.5017E+00
3.9400E+03	0.0000E+00	0.0000E+00	1.5034E+00
3.9410E+03	0.0000E+00	0.0000E+00	1.5000E+00
3.9420E+03	0.0000E+00	0.0000E+00	1.4994E+00
3.9430E+03	0.0000E+00	0.0000E+00	1.4996E+00
3.9440E+03	0.0000E+00	0.0000E+00	1.4973E+00
3.9450E+03	0.0000E+00	0.0000E+00	1.5030E+00
3.9460E+03	0.0000E+00	0.0000E+00	1.5018E+00
3.9470E+03	0.0000E+00	0.0000E+00	1.5037E+00
3.9480E+03	0.0000E+00	0.0000E+00	1.5069E+00
3.9490E+03	0.0000E+00	0.0000E+00	1.5042E+00
3.9500E+03	0.0000E+00	0.0000E+00	1.5049E+00
3.9510E+03	0.0000E+00	0.0000E+00	1.5064E+00
3.9520E+03	0.0000E+00	0.0000E+00	1.5053E+00
3.9530E+03	0.0000E+00	0.0000E+00	1.5070E+00
3.9540E+03	0.0000E+00	0.0000E+00	1.5068E+00
3.9550E+03	0.0000E+00	0.0000E+00	1.5054E+00
3.9560E+03	0.0000E+00	0.0000E+00	1.5037E+00
3.9570E+03	0.0000E+00	0.0000E+00	1.5018E+00
3.9580E+03	0.0000E+00	0.0000E+00	1.5008E+00
3.9590E+03	0.0000E+00	0.0000E+00	1.5010E+00
3.9600E+03	0.0000E+00	0.0000E+00	1.4986E+00
3.9610E+03	0.0000E+00	0.0000E+00	1.4994E+00
3.9620E+03	0.0000E+00	0.0000E+00	1.4999E+00
3.9630E+03	0.0000E+00	0.0000E+00	1.4999E+00
3.9640E+03	0.0000E+00	0.0000E+00	1.4979E+00
3.9650E+03	0.0000E+00	0.0000E+00	1.4981E+00
3.9660E+03	0.0000E+00	0.0000E+00	1.4967E+00
3.9670E+03	0.0000E+00	0.0000E+00	1.4975E+00
3.9680E+03	0.0000E+00	0.0000E+00	1.4964E+00
3.9690E+03	0.0000E+00	0.0000E+00	1.5013E+00
3.9700E+03	0.0000E+00	0.0000E+00	1.5025E+00
3.9710E+03	0.0000E+00	0.0000E+00	1.5028E+00
3.9720E+03	0.0000E+00	0.0000E+00	1.5057E+00
3.9730E+03	0.0000E+00	0.0000E+00	1.5057E+00
3.9740E+03	0.0000E+00	0.0000E+00	1.5059E+00
3.9750E+03	0.0000E+00	0.0000E+00	1.5047E+00
3.9760E+03	0.0000E+00	0.0000E+00	1.5071E+00
3.9770E+03	0.0000E+00	0.0000E+00	1.5086E+00
3.9780E+03	0.0000E+00	0.0000E+00	1.5056E+00
3.9790E+03	0.0000E+00	0.0000E+00	1.5060E+00
3.9800E+03	0.0000E+00	0.0000E+00	1.5026E+00
3.9810E+03	0.0000E+00	0.0000E+00	1.4992E+00
3.9820E+03	0.0000E+00	0.0000E+00	1.4997E+00
3.9830E+03	0.0000E+00	0.0000E+00	1.4982E+00
3.9840E+03	0.0000E+00	0.0000E+00	1.4966E+00
3.9850E+03	0.0000E+00	0.0000E+00	1.4950E+00
3.9860E+03	0.0000E+00	0.0000E+00	1.4964E+00
3.9870E+03	0.0000E+00	0.0000E+00	1.4954E+00
3.9880E+03	0.0000E+00	0.0000E+00	1.4968E+00
3.9890E+03	0.0000E+00	0.0000E+00	1.4993E+00
3.9900E+03	0.0000E+00	0.0000E+00	1.4992E+00
3.9910E+03	0.0000E+00	0.0000E+00	1.4993E+00
3.9920E+03	0.0000E+00	0.0000E+00	1.4964E+00
3.9930E+03	0.0000E+00	0.0000E+00	1.4993E+00
3.9940E+03	0.0000E+00	0.0000E+00	1.4974E+00
