TIME_UNITS h
DATA_UNITS m
!h  x   y   z
0.0000E+00	0.0000E+00	0.0000E+00	1.8932E+00
1.0000E+00	0.0000E+00	0.0000E+00	1.8932E+00
2.0000E+00	0.0000E+00	0.0000E+00	1.9063E+00
3.0000E+00	0.0000E+00	0.0000E+00	1.9149E+00
4.0000E+00	0.0000E+00	0.0000E+00	1.9279E+00
5.0000E+00	0.0000E+00	0.0000E+00	1.9364E+00
6.0000E+00	0.0000E+00	0.0000E+00	1.9454E+00
7.0000E+00	0.0000E+00	0.0000E+00	1.9542E+00
8.0000E+00	0.0000E+00	0.0000E+00	1.9615E+00
9.0000E+00	0.0000E+00	0.0000E+00	1.9428E+00
1.0000E+01	0.0000E+00	0.0000E+00	1.9105E+00
1.1000E+01	0.0000E+00	0.0000E+00	1.8545E+00
1.2000E+01	0.0000E+00	0.0000E+00	1.8795E+00
1.3000E+01	0.0000E+00	0.0000E+00	1.8844E+00
1.4000E+01	0.0000E+00	0.0000E+00	1.8856E+00
1.5000E+01	0.0000E+00	0.0000E+00	1.8950E+00
1.6000E+01	0.0000E+00	0.0000E+00	1.9337E+00
1.7000E+01	0.0000E+00	0.0000E+00	1.9141E+00
1.8000E+01	0.0000E+00	0.0000E+00	1.9391E+00
1.9000E+01	0.0000E+00	0.0000E+00	1.9402E+00
2.0000E+01	0.0000E+00	0.0000E+00	1.9372E+00
2.1000E+01	0.0000E+00	0.0000E+00	1.9317E+00
2.2000E+01	0.0000E+00	0.0000E+00	1.9282E+00
2.3000E+01	0.0000E+00	0.0000E+00	1.9261E+00
2.4000E+01	0.0000E+00	0.0000E+00	1.9311E+00
2.5000E+01	0.0000E+00	0.0000E+00	1.9383E+00
2.6000E+01	0.0000E+00	0.0000E+00	1.9450E+00
2.7000E+01	0.0000E+00	0.0000E+00	1.9535E+00
2.8000E+01	0.0000E+00	0.0000E+00	1.9684E+00
2.9000E+01	0.0000E+00	0.0000E+00	1.9784E+00
3.0000E+01	0.0000E+00	0.0000E+00	1.9894E+00
3.1000E+01	0.0000E+00	0.0000E+00	1.9970E+00
3.2000E+01	0.0000E+00	0.0000E+00	1.9969E+00
3.3000E+01	0.0000E+00	0.0000E+00	1.9773E+00
3.4000E+01	0.0000E+00	0.0000E+00	1.9422E+00
3.5000E+01	0.0000E+00	0.0000E+00	1.9011E+00
3.6000E+01	0.0000E+00	0.0000E+00	1.9138E+00
3.7000E+01	0.0000E+00	0.0000E+00	1.9178E+00
3.8000E+01	0.0000E+00	0.0000E+00	1.9120E+00
3.9000E+01	0.0000E+00	0.0000E+00	1.9238E+00
4.0000E+01	0.0000E+00	0.0000E+00	1.9442E+00
4.1000E+01	0.0000E+00	0.0000E+00	1.9588E+00
4.2000E+01	0.0000E+00	0.0000E+00	1.9567E+00
4.3000E+01	0.0000E+00	0.0000E+00	1.9554E+00
4.4000E+01	0.0000E+00	0.0000E+00	1.9500E+00
4.5000E+01	0.0000E+00	0.0000E+00	1.9434E+00
4.6000E+01	0.0000E+00	0.0000E+00	1.9357E+00
4.7000E+01	0.0000E+00	0.0000E+00	1.9327E+00
4.8000E+01	0.0000E+00	0.0000E+00	1.9294E+00
4.9000E+01	0.0000E+00	0.0000E+00	1.9309E+00
5.0000E+01	0.0000E+00	0.0000E+00	1.9419E+00
5.1000E+01	0.0000E+00	0.0000E+00	1.9537E+00
5.2000E+01	0.0000E+00	0.0000E+00	1.9597E+00
5.3000E+01	0.0000E+00	0.0000E+00	1.9644E+00
5.4000E+01	0.0000E+00	0.0000E+00	1.9751E+00
5.5000E+01	0.0000E+00	0.0000E+00	1.9737E+00
5.6000E+01	0.0000E+00	0.0000E+00	1.9690E+00
5.7000E+01	0.0000E+00	0.0000E+00	1.9595E+00
5.8000E+01	0.0000E+00	0.0000E+00	1.9154E+00
5.9000E+01	0.0000E+00	0.0000E+00	1.9051E+00
6.0000E+01	0.0000E+00	0.0000E+00	1.9025E+00
6.1000E+01	0.0000E+00	0.0000E+00	1.9105E+00
6.2000E+01	0.0000E+00	0.0000E+00	1.9180E+00
6.3000E+01	0.0000E+00	0.0000E+00	1.9353E+00
6.4000E+01	0.0000E+00	0.0000E+00	1.9441E+00
6.5000E+01	0.0000E+00	0.0000E+00	1.9424E+00
6.6000E+01	0.0000E+00	0.0000E+00	1.9415E+00
6.7000E+01	0.0000E+00	0.0000E+00	1.9401E+00
6.8000E+01	0.0000E+00	0.0000E+00	1.9333E+00
6.9000E+01	0.0000E+00	0.0000E+00	1.9269E+00
7.0000E+01	0.0000E+00	0.0000E+00	1.9217E+00
7.1000E+01	0.0000E+00	0.0000E+00	1.9168E+00
7.2000E+01	0.0000E+00	0.0000E+00	1.9186E+00
7.3000E+01	0.0000E+00	0.0000E+00	1.9341E+00
7.4000E+01	0.0000E+00	0.0000E+00	1.9417E+00
7.5000E+01	0.0000E+00	0.0000E+00	1.9462E+00
7.6000E+01	0.0000E+00	0.0000E+00	1.9568E+00
7.7000E+01	0.0000E+00	0.0000E+00	1.9650E+00
7.8000E+01	0.0000E+00	0.0000E+00	1.9730E+00
7.9000E+01	0.0000E+00	0.0000E+00	1.9790E+00
8.0000E+01	0.0000E+00	0.0000E+00	1.9812E+00
8.1000E+01	0.0000E+00	0.0000E+00	1.9517E+00
8.2000E+01	0.0000E+00	0.0000E+00	1.9215E+00
8.3000E+01	0.0000E+00	0.0000E+00	1.9145E+00
8.4000E+01	0.0000E+00	0.0000E+00	1.9230E+00
8.5000E+01	0.0000E+00	0.0000E+00	1.9216E+00
8.6000E+01	0.0000E+00	0.0000E+00	1.9449E+00
8.7000E+01	0.0000E+00	0.0000E+00	1.9794E+00
8.8000E+01	0.0000E+00	0.0000E+00	1.9864E+00
8.9000E+01	0.0000E+00	0.0000E+00	1.9927E+00
9.0000E+01	0.0000E+00	0.0000E+00	1.9869E+00
9.1000E+01	0.0000E+00	0.0000E+00	1.9830E+00
9.2000E+01	0.0000E+00	0.0000E+00	1.9765E+00
9.3000E+01	0.0000E+00	0.0000E+00	1.9732E+00
9.4000E+01	0.0000E+00	0.0000E+00	1.9672E+00
9.5000E+01	0.0000E+00	0.0000E+00	1.9670E+00
9.6000E+01	0.0000E+00	0.0000E+00	1.9639E+00
9.7000E+01	0.0000E+00	0.0000E+00	1.9587E+00
9.8000E+01	0.0000E+00	0.0000E+00	1.9590E+00
9.9000E+01	0.0000E+00	0.0000E+00	1.9554E+00
1.0000E+02	0.0000E+00	0.0000E+00	1.9537E+00
1.0100E+02	0.0000E+00	0.0000E+00	1.9543E+00
1.0200E+02	0.0000E+00	0.0000E+00	1.9647E+00
1.0300E+02	0.0000E+00	0.0000E+00	1.9757E+00
1.0400E+02	0.0000E+00	0.0000E+00	1.9761E+00
1.0500E+02	0.0000E+00	0.0000E+00	1.9536E+00
1.0600E+02	0.0000E+00	0.0000E+00	1.9562E+00
1.0700E+02	0.0000E+00	0.0000E+00	1.9535E+00
1.0800E+02	0.0000E+00	0.0000E+00	1.9624E+00
1.0900E+02	0.0000E+00	0.0000E+00	1.9717E+00
1.1000E+02	0.0000E+00	0.0000E+00	1.9921E+00
1.1100E+02	0.0000E+00	0.0000E+00	1.9993E+00
1.1200E+02	0.0000E+00	0.0000E+00	2.0111E+00
1.1300E+02	0.0000E+00	0.0000E+00	2.0075E+00
1.1400E+02	0.0000E+00	0.0000E+00	2.0212E+00
1.1500E+02	0.0000E+00	0.0000E+00	2.0202E+00
1.1600E+02	0.0000E+00	0.0000E+00	2.0153E+00
1.1700E+02	0.0000E+00	0.0000E+00	2.0103E+00
1.1800E+02	0.0000E+00	0.0000E+00	2.0058E+00
1.1900E+02	0.0000E+00	0.0000E+00	2.0018E+00
1.2000E+02	0.0000E+00	0.0000E+00	2.0045E+00
1.2100E+02	0.0000E+00	0.0000E+00	2.0118E+00
1.2200E+02	0.0000E+00	0.0000E+00	2.0208E+00
1.2300E+02	0.0000E+00	0.0000E+00	2.0249E+00
1.2400E+02	0.0000E+00	0.0000E+00	2.0349E+00
1.2500E+02	0.0000E+00	0.0000E+00	2.0412E+00
1.2600E+02	0.0000E+00	0.0000E+00	2.0492E+00
1.2700E+02	0.0000E+00	0.0000E+00	2.0580E+00
1.2800E+02	0.0000E+00	0.0000E+00	2.0557E+00
1.2900E+02	0.0000E+00	0.0000E+00	2.0454E+00
1.3000E+02	0.0000E+00	0.0000E+00	2.0052E+00
1.3100E+02	0.0000E+00	0.0000E+00	2.0118E+00
1.3200E+02	0.0000E+00	0.0000E+00	2.0225E+00
1.3300E+02	0.0000E+00	0.0000E+00	2.0397E+00
1.3400E+02	0.0000E+00	0.0000E+00	2.0344E+00
1.3500E+02	0.0000E+00	0.0000E+00	2.0207E+00
1.3600E+02	0.0000E+00	0.0000E+00	2.0279E+00
1.3700E+02	0.0000E+00	0.0000E+00	2.0259E+00
1.3800E+02	0.0000E+00	0.0000E+00	2.0441E+00
1.3900E+02	0.0000E+00	0.0000E+00	2.0498E+00
1.4000E+02	0.0000E+00	0.0000E+00	2.0355E+00
1.4100E+02	0.0000E+00	0.0000E+00	2.0434E+00
1.4200E+02	0.0000E+00	0.0000E+00	2.0432E+00
1.4300E+02	0.0000E+00	0.0000E+00	2.0343E+00
1.4400E+02	0.0000E+00	0.0000E+00	2.0276E+00
1.4500E+02	0.0000E+00	0.0000E+00	2.0280E+00
1.4600E+02	0.0000E+00	0.0000E+00	2.0199E+00
1.4700E+02	0.0000E+00	0.0000E+00	2.0186E+00
1.4800E+02	0.0000E+00	0.0000E+00	2.0188E+00
1.4900E+02	0.0000E+00	0.0000E+00	2.0214E+00
1.5000E+02	0.0000E+00	0.0000E+00	2.0119E+00
1.5100E+02	0.0000E+00	0.0000E+00	2.0122E+00
1.5200E+02	0.0000E+00	0.0000E+00	2.0086E+00
1.5300E+02	0.0000E+00	0.0000E+00	2.0079E+00
1.5400E+02	0.0000E+00	0.0000E+00	2.0222E+00
1.5500E+02	0.0000E+00	0.0000E+00	2.0287E+00
1.5600E+02	0.0000E+00	0.0000E+00	2.0301E+00
1.5700E+02	0.0000E+00	0.0000E+00	2.0316E+00
1.5800E+02	0.0000E+00	0.0000E+00	2.0390E+00
1.5900E+02	0.0000E+00	0.0000E+00	2.0632E+00
1.6000E+02	0.0000E+00	0.0000E+00	2.0704E+00
1.6100E+02	0.0000E+00	0.0000E+00	2.0953E+00
1.6200E+02	0.0000E+00	0.0000E+00	2.1229E+00
1.6300E+02	0.0000E+00	0.0000E+00	2.1046E+00
1.6400E+02	0.0000E+00	0.0000E+00	2.0970E+00
1.6500E+02	0.0000E+00	0.0000E+00	2.1051E+00
1.6600E+02	0.0000E+00	0.0000E+00	2.0934E+00
1.6700E+02	0.0000E+00	0.0000E+00	2.0905E+00
1.6800E+02	0.0000E+00	0.0000E+00	2.0861E+00
1.6900E+02	0.0000E+00	0.0000E+00	2.0795E+00
1.7000E+02	0.0000E+00	0.0000E+00	2.0740E+00
1.7100E+02	0.0000E+00	0.0000E+00	2.0798E+00
1.7200E+02	0.0000E+00	0.0000E+00	2.0881E+00
1.7300E+02	0.0000E+00	0.0000E+00	2.0960E+00
1.7400E+02	0.0000E+00	0.0000E+00	2.1058E+00
1.7500E+02	0.0000E+00	0.0000E+00	2.1143E+00
1.7600E+02	0.0000E+00	0.0000E+00	2.1080E+00
1.7700E+02	0.0000E+00	0.0000E+00	2.0717E+00
1.7800E+02	0.0000E+00	0.0000E+00	2.0892E+00
1.7900E+02	0.0000E+00	0.0000E+00	2.0957E+00
1.8000E+02	0.0000E+00	0.0000E+00	2.0657E+00
1.8100E+02	0.0000E+00	0.0000E+00	2.0651E+00
1.8200E+02	0.0000E+00	0.0000E+00	2.0647E+00
1.8300E+02	0.0000E+00	0.0000E+00	2.0737E+00
1.8400E+02	0.0000E+00	0.0000E+00	2.0805E+00
1.8500E+02	0.0000E+00	0.0000E+00	2.0860E+00
1.8600E+02	0.0000E+00	0.0000E+00	2.0942E+00
1.8700E+02	0.0000E+00	0.0000E+00	2.1083E+00
1.8800E+02	0.0000E+00	0.0000E+00	2.1195E+00
1.8900E+02	0.0000E+00	0.0000E+00	2.1226E+00
1.9000E+02	0.0000E+00	0.0000E+00	2.1198E+00
1.9100E+02	0.0000E+00	0.0000E+00	2.1205E+00
1.9200E+02	0.0000E+00	0.0000E+00	2.1240E+00
1.9300E+02	0.0000E+00	0.0000E+00	2.1284E+00
1.9400E+02	0.0000E+00	0.0000E+00	2.1379E+00
1.9500E+02	0.0000E+00	0.0000E+00	2.1399E+00
1.9600E+02	0.0000E+00	0.0000E+00	2.1403E+00
1.9700E+02	0.0000E+00	0.0000E+00	2.1438E+00
1.9800E+02	0.0000E+00	0.0000E+00	2.1455E+00
1.9900E+02	0.0000E+00	0.0000E+00	2.1373E+00
2.0000E+02	0.0000E+00	0.0000E+00	2.1374E+00
2.0100E+02	0.0000E+00	0.0000E+00	2.1344E+00
2.0200E+02	0.0000E+00	0.0000E+00	2.1285E+00
2.0300E+02	0.0000E+00	0.0000E+00	2.1394E+00
2.0400E+02	0.0000E+00	0.0000E+00	2.1413E+00
2.0500E+02	0.0000E+00	0.0000E+00	2.1654E+00
2.0600E+02	0.0000E+00	0.0000E+00	2.1699E+00
2.0700E+02	0.0000E+00	0.0000E+00	2.1723E+00
2.0800E+02	0.0000E+00	0.0000E+00	2.1843E+00
2.0900E+02	0.0000E+00	0.0000E+00	2.1987E+00
2.1000E+02	0.0000E+00	0.0000E+00	2.2111E+00
2.1100E+02	0.0000E+00	0.0000E+00	2.2166E+00
2.1200E+02	0.0000E+00	0.0000E+00	2.2218E+00
2.1300E+02	0.0000E+00	0.0000E+00	2.2256E+00
2.1400E+02	0.0000E+00	0.0000E+00	2.2233E+00
2.1500E+02	0.0000E+00	0.0000E+00	2.2095E+00
2.1600E+02	0.0000E+00	0.0000E+00	2.2017E+00
2.1700E+02	0.0000E+00	0.0000E+00	2.1944E+00
2.1800E+02	0.0000E+00	0.0000E+00	2.1799E+00
2.1900E+02	0.0000E+00	0.0000E+00	2.1721E+00
2.2000E+02	0.0000E+00	0.0000E+00	2.1673E+00
2.2100E+02	0.0000E+00	0.0000E+00	2.1580E+00
2.2200E+02	0.0000E+00	0.0000E+00	2.1527E+00
2.2300E+02	0.0000E+00	0.0000E+00	2.1452E+00
2.2400E+02	0.0000E+00	0.0000E+00	2.1398E+00
2.2500E+02	0.0000E+00	0.0000E+00	2.1367E+00
2.2600E+02	0.0000E+00	0.0000E+00	2.1341E+00
2.2700E+02	0.0000E+00	0.0000E+00	2.1336E+00
2.2800E+02	0.0000E+00	0.0000E+00	2.1385E+00
2.2900E+02	0.0000E+00	0.0000E+00	2.1368E+00
2.3000E+02	0.0000E+00	0.0000E+00	2.1445E+00
2.3100E+02	0.0000E+00	0.0000E+00	2.1578E+00
2.3200E+02	0.0000E+00	0.0000E+00	2.1620E+00
2.3300E+02	0.0000E+00	0.0000E+00	2.1782E+00
2.3400E+02	0.0000E+00	0.0000E+00	2.1803E+00
2.3500E+02	0.0000E+00	0.0000E+00	2.1859E+00
2.3600E+02	0.0000E+00	0.0000E+00	2.1829E+00
2.3700E+02	0.0000E+00	0.0000E+00	2.1973E+00
2.3800E+02	0.0000E+00	0.0000E+00	2.1959E+00
2.3900E+02	0.0000E+00	0.0000E+00	2.1967E+00
2.4000E+02	0.0000E+00	0.0000E+00	2.1984E+00
2.4100E+02	0.0000E+00	0.0000E+00	2.1920E+00
2.4200E+02	0.0000E+00	0.0000E+00	2.1867E+00
2.4300E+02	0.0000E+00	0.0000E+00	2.1828E+00
2.4400E+02	0.0000E+00	0.0000E+00	2.1727E+00
2.4500E+02	0.0000E+00	0.0000E+00	2.1614E+00
2.4600E+02	0.0000E+00	0.0000E+00	2.1574E+00
2.4700E+02	0.0000E+00	0.0000E+00	2.1535E+00
2.4800E+02	0.0000E+00	0.0000E+00	2.1438E+00
2.4900E+02	0.0000E+00	0.0000E+00	2.1458E+00
2.5000E+02	0.0000E+00	0.0000E+00	2.1383E+00
2.5100E+02	0.0000E+00	0.0000E+00	2.1340E+00
2.5200E+02	0.0000E+00	0.0000E+00	2.1319E+00
2.5300E+02	0.0000E+00	0.0000E+00	2.1363E+00
2.5400E+02	0.0000E+00	0.0000E+00	2.1348E+00
2.5500E+02	0.0000E+00	0.0000E+00	2.1366E+00
2.5600E+02	0.0000E+00	0.0000E+00	2.1426E+00
2.5700E+02	0.0000E+00	0.0000E+00	2.1443E+00
2.5800E+02	0.0000E+00	0.0000E+00	2.1398E+00
2.5900E+02	0.0000E+00	0.0000E+00	2.1414E+00
2.6000E+02	0.0000E+00	0.0000E+00	2.1466E+00
2.6100E+02	0.0000E+00	0.0000E+00	2.1496E+00
2.6200E+02	0.0000E+00	0.0000E+00	2.1451E+00
2.6300E+02	0.0000E+00	0.0000E+00	2.1472E+00
2.6400E+02	0.0000E+00	0.0000E+00	2.1472E+00
2.6500E+02	0.0000E+00	0.0000E+00	2.1483E+00
2.6600E+02	0.0000E+00	0.0000E+00	2.1362E+00
2.6700E+02	0.0000E+00	0.0000E+00	2.1273E+00
2.6800E+02	0.0000E+00	0.0000E+00	2.1249E+00
2.6900E+02	0.0000E+00	0.0000E+00	2.1170E+00
2.7000E+02	0.0000E+00	0.0000E+00	2.1126E+00
2.7100E+02	0.0000E+00	0.0000E+00	2.1130E+00
2.7200E+02	0.0000E+00	0.0000E+00	2.1116E+00
2.7300E+02	0.0000E+00	0.0000E+00	2.1059E+00
2.7400E+02	0.0000E+00	0.0000E+00	2.1036E+00
2.7500E+02	0.0000E+00	0.0000E+00	2.0966E+00
2.7600E+02	0.0000E+00	0.0000E+00	2.1034E+00
2.7700E+02	0.0000E+00	0.0000E+00	2.1047E+00
2.7800E+02	0.0000E+00	0.0000E+00	2.1038E+00
2.7900E+02	0.0000E+00	0.0000E+00	2.1034E+00
2.8000E+02	0.0000E+00	0.0000E+00	2.1020E+00
2.8100E+02	0.0000E+00	0.0000E+00	2.0982E+00
2.8200E+02	0.0000E+00	0.0000E+00	2.0951E+00
2.8300E+02	0.0000E+00	0.0000E+00	2.0878E+00
2.8400E+02	0.0000E+00	0.0000E+00	2.0860E+00
2.8500E+02	0.0000E+00	0.0000E+00	2.0800E+00
2.8600E+02	0.0000E+00	0.0000E+00	2.0795E+00
2.8700E+02	0.0000E+00	0.0000E+00	2.0704E+00
2.8800E+02	0.0000E+00	0.0000E+00	2.0711E+00
2.8900E+02	0.0000E+00	0.0000E+00	2.0667E+00
2.9000E+02	0.0000E+00	0.0000E+00	2.0682E+00
2.9100E+02	0.0000E+00	0.0000E+00	2.0623E+00
2.9200E+02	0.0000E+00	0.0000E+00	2.0581E+00
2.9300E+02	0.0000E+00	0.0000E+00	2.0477E+00
2.9400E+02	0.0000E+00	0.0000E+00	2.0439E+00
2.9500E+02	0.0000E+00	0.0000E+00	2.0391E+00
2.9600E+02	0.0000E+00	0.0000E+00	2.0366E+00
2.9700E+02	0.0000E+00	0.0000E+00	2.0409E+00
2.9800E+02	0.0000E+00	0.0000E+00	2.0512E+00
2.9900E+02	0.0000E+00	0.0000E+00	2.0483E+00
3.0000E+02	0.0000E+00	0.0000E+00	2.0552E+00
3.0100E+02	0.0000E+00	0.0000E+00	2.0591E+00
3.0200E+02	0.0000E+00	0.0000E+00	2.0520E+00
3.0300E+02	0.0000E+00	0.0000E+00	2.0446E+00
3.0400E+02	0.0000E+00	0.0000E+00	2.0415E+00
3.0500E+02	0.0000E+00	0.0000E+00	2.0363E+00
3.0600E+02	0.0000E+00	0.0000E+00	2.0267E+00
3.0700E+02	0.0000E+00	0.0000E+00	2.0237E+00
3.0800E+02	0.0000E+00	0.0000E+00	2.0152E+00
3.0900E+02	0.0000E+00	0.0000E+00	2.0134E+00
3.1000E+02	0.0000E+00	0.0000E+00	2.0066E+00
3.1100E+02	0.0000E+00	0.0000E+00	2.0042E+00
3.1200E+02	0.0000E+00	0.0000E+00	1.9945E+00
3.1300E+02	0.0000E+00	0.0000E+00	1.9917E+00
3.1400E+02	0.0000E+00	0.0000E+00	1.9821E+00
3.1500E+02	0.0000E+00	0.0000E+00	1.9849E+00
3.1600E+02	0.0000E+00	0.0000E+00	1.9750E+00
3.1700E+02	0.0000E+00	0.0000E+00	1.9764E+00
3.1800E+02	0.0000E+00	0.0000E+00	1.9739E+00
3.1900E+02	0.0000E+00	0.0000E+00	1.9718E+00
3.2000E+02	0.0000E+00	0.0000E+00	1.9624E+00
3.2100E+02	0.0000E+00	0.0000E+00	1.9777E+00
3.2200E+02	0.0000E+00	0.0000E+00	1.9997E+00
3.2300E+02	0.0000E+00	0.0000E+00	2.0084E+00
3.2400E+02	0.0000E+00	0.0000E+00	2.0035E+00
3.2500E+02	0.0000E+00	0.0000E+00	1.9926E+00
3.2600E+02	0.0000E+00	0.0000E+00	1.9924E+00
3.2700E+02	0.0000E+00	0.0000E+00	2.0032E+00
3.2800E+02	0.0000E+00	0.0000E+00	1.9911E+00
3.2900E+02	0.0000E+00	0.0000E+00	1.9862E+00
3.3000E+02	0.0000E+00	0.0000E+00	1.9909E+00
3.3100E+02	0.0000E+00	0.0000E+00	1.9924E+00
3.3200E+02	0.0000E+00	0.0000E+00	1.9889E+00
3.3300E+02	0.0000E+00	0.0000E+00	1.9836E+00
3.3400E+02	0.0000E+00	0.0000E+00	1.9858E+00
3.3500E+02	0.0000E+00	0.0000E+00	1.9831E+00
3.3600E+02	0.0000E+00	0.0000E+00	1.9759E+00
3.3700E+02	0.0000E+00	0.0000E+00	1.9754E+00
3.3800E+02	0.0000E+00	0.0000E+00	1.9680E+00
3.3900E+02	0.0000E+00	0.0000E+00	1.9707E+00
3.4000E+02	0.0000E+00	0.0000E+00	1.9640E+00
3.4100E+02	0.0000E+00	0.0000E+00	1.9618E+00
3.4200E+02	0.0000E+00	0.0000E+00	1.9594E+00
3.4300E+02	0.0000E+00	0.0000E+00	1.9449E+00
3.4400E+02	0.0000E+00	0.0000E+00	1.9462E+00
3.4500E+02	0.0000E+00	0.0000E+00	1.9491E+00
3.4600E+02	0.0000E+00	0.0000E+00	1.9584E+00
3.4700E+02	0.0000E+00	0.0000E+00	1.9667E+00
3.4800E+02	0.0000E+00	0.0000E+00	1.9746E+00
3.4900E+02	0.0000E+00	0.0000E+00	1.9649E+00
3.5000E+02	0.0000E+00	0.0000E+00	1.9697E+00
3.5100E+02	0.0000E+00	0.0000E+00	1.9744E+00
3.5200E+02	0.0000E+00	0.0000E+00	1.9683E+00
3.5300E+02	0.0000E+00	0.0000E+00	1.9752E+00
3.5400E+02	0.0000E+00	0.0000E+00	1.9818E+00
3.5500E+02	0.0000E+00	0.0000E+00	1.9931E+00
3.5600E+02	0.0000E+00	0.0000E+00	1.9977E+00
3.5700E+02	0.0000E+00	0.0000E+00	1.9938E+00
3.5800E+02	0.0000E+00	0.0000E+00	1.9943E+00
3.5900E+02	0.0000E+00	0.0000E+00	1.9928E+00
3.6000E+02	0.0000E+00	0.0000E+00	1.9861E+00
3.6100E+02	0.0000E+00	0.0000E+00	1.9876E+00
3.6200E+02	0.0000E+00	0.0000E+00	1.9849E+00
3.6300E+02	0.0000E+00	0.0000E+00	1.9810E+00
3.6400E+02	0.0000E+00	0.0000E+00	1.9802E+00
3.6500E+02	0.0000E+00	0.0000E+00	1.9813E+00
3.6600E+02	0.0000E+00	0.0000E+00	1.9764E+00
3.6700E+02	0.0000E+00	0.0000E+00	1.9739E+00
3.6800E+02	0.0000E+00	0.0000E+00	1.9744E+00
3.6900E+02	0.0000E+00	0.0000E+00	1.9700E+00
3.7000E+02	0.0000E+00	0.0000E+00	1.9730E+00
3.7100E+02	0.0000E+00	0.0000E+00	1.9767E+00
3.7200E+02	0.0000E+00	0.0000E+00	1.9706E+00
3.7300E+02	0.0000E+00	0.0000E+00	1.9739E+00
3.7400E+02	0.0000E+00	0.0000E+00	1.9792E+00
3.7500E+02	0.0000E+00	0.0000E+00	1.9742E+00
3.7600E+02	0.0000E+00	0.0000E+00	1.9791E+00
3.7700E+02	0.0000E+00	0.0000E+00	1.9894E+00
3.7800E+02	0.0000E+00	0.0000E+00	1.9956E+00
3.7900E+02	0.0000E+00	0.0000E+00	1.9996E+00
3.8000E+02	0.0000E+00	0.0000E+00	2.0036E+00
3.8100E+02	0.0000E+00	0.0000E+00	2.0068E+00
3.8200E+02	0.0000E+00	0.0000E+00	2.0018E+00
3.8300E+02	0.0000E+00	0.0000E+00	2.0021E+00
3.8400E+02	0.0000E+00	0.0000E+00	1.9974E+00
3.8500E+02	0.0000E+00	0.0000E+00	1.9945E+00
3.8600E+02	0.0000E+00	0.0000E+00	1.9913E+00
3.8700E+02	0.0000E+00	0.0000E+00	1.9858E+00
3.8800E+02	0.0000E+00	0.0000E+00	1.9837E+00
3.8900E+02	0.0000E+00	0.0000E+00	1.9869E+00
3.9000E+02	0.0000E+00	0.0000E+00	1.9801E+00
3.9100E+02	0.0000E+00	0.0000E+00	1.9788E+00
3.9200E+02	0.0000E+00	0.0000E+00	1.9773E+00
3.9300E+02	0.0000E+00	0.0000E+00	1.9785E+00
3.9400E+02	0.0000E+00	0.0000E+00	1.9771E+00
3.9500E+02	0.0000E+00	0.0000E+00	1.9768E+00
3.9600E+02	0.0000E+00	0.0000E+00	1.9799E+00
3.9700E+02	0.0000E+00	0.0000E+00	1.9822E+00
3.9800E+02	0.0000E+00	0.0000E+00	1.9851E+00
3.9900E+02	0.0000E+00	0.0000E+00	2.0039E+00
4.0000E+02	0.0000E+00	0.0000E+00	2.0204E+00
4.0100E+02	0.0000E+00	0.0000E+00	2.0440E+00
4.0200E+02	0.0000E+00	0.0000E+00	2.0662E+00
4.0300E+02	0.0000E+00	0.0000E+00	2.0752E+00
4.0400E+02	0.0000E+00	0.0000E+00	2.0776E+00
4.0500E+02	0.0000E+00	0.0000E+00	2.0688E+00
4.0600E+02	0.0000E+00	0.0000E+00	2.0688E+00
4.0700E+02	0.0000E+00	0.0000E+00	2.0629E+00
4.0800E+02	0.0000E+00	0.0000E+00	2.0648E+00
4.0900E+02	0.0000E+00	0.0000E+00	2.0634E+00
4.1000E+02	0.0000E+00	0.0000E+00	2.0535E+00
4.1100E+02	0.0000E+00	0.0000E+00	2.0497E+00
4.1200E+02	0.0000E+00	0.0000E+00	2.0408E+00
4.1300E+02	0.0000E+00	0.0000E+00	2.0410E+00
4.1400E+02	0.0000E+00	0.0000E+00	2.0359E+00
4.1500E+02	0.0000E+00	0.0000E+00	2.0342E+00
4.1600E+02	0.0000E+00	0.0000E+00	2.0311E+00
4.1700E+02	0.0000E+00	0.0000E+00	2.0298E+00
4.1800E+02	0.0000E+00	0.0000E+00	2.0280E+00
4.1900E+02	0.0000E+00	0.0000E+00	2.0295E+00
4.2000E+02	0.0000E+00	0.0000E+00	2.0327E+00
4.2100E+02	0.0000E+00	0.0000E+00	2.0367E+00
4.2200E+02	0.0000E+00	0.0000E+00	2.0491E+00
4.2300E+02	0.0000E+00	0.0000E+00	2.0615E+00
4.2400E+02	0.0000E+00	0.0000E+00	2.0789E+00
4.2500E+02	0.0000E+00	0.0000E+00	2.0881E+00
4.2600E+02	0.0000E+00	0.0000E+00	2.0949E+00
4.2700E+02	0.0000E+00	0.0000E+00	2.1052E+00
4.2800E+02	0.0000E+00	0.0000E+00	2.1133E+00
4.2900E+02	0.0000E+00	0.0000E+00	2.1120E+00
4.3000E+02	0.0000E+00	0.0000E+00	2.1143E+00
4.3100E+02	0.0000E+00	0.0000E+00	2.1070E+00
4.3200E+02	0.0000E+00	0.0000E+00	2.1032E+00
4.3300E+02	0.0000E+00	0.0000E+00	2.1003E+00
4.3400E+02	0.0000E+00	0.0000E+00	2.0940E+00
4.3500E+02	0.0000E+00	0.0000E+00	2.0910E+00
4.3600E+02	0.0000E+00	0.0000E+00	2.0887E+00
4.3700E+02	0.0000E+00	0.0000E+00	2.0870E+00
4.3800E+02	0.0000E+00	0.0000E+00	2.0805E+00
4.3900E+02	0.0000E+00	0.0000E+00	2.0812E+00
4.4000E+02	0.0000E+00	0.0000E+00	2.0727E+00
4.4100E+02	0.0000E+00	0.0000E+00	2.0693E+00
4.4200E+02	0.0000E+00	0.0000E+00	2.0685E+00
4.4300E+02	0.0000E+00	0.0000E+00	2.0702E+00
4.4400E+02	0.0000E+00	0.0000E+00	2.0743E+00
4.4500E+02	0.0000E+00	0.0000E+00	2.0801E+00
4.4600E+02	0.0000E+00	0.0000E+00	2.0908E+00
4.4700E+02	0.0000E+00	0.0000E+00	2.0985E+00
4.4800E+02	0.0000E+00	0.0000E+00	2.1034E+00
4.4900E+02	0.0000E+00	0.0000E+00	2.1215E+00
4.5000E+02	0.0000E+00	0.0000E+00	2.1261E+00
4.5100E+02	0.0000E+00	0.0000E+00	2.1356E+00
4.5200E+02	0.0000E+00	0.0000E+00	2.1327E+00
4.5300E+02	0.0000E+00	0.0000E+00	2.1382E+00
4.5400E+02	0.0000E+00	0.0000E+00	2.1313E+00
4.5500E+02	0.0000E+00	0.0000E+00	2.1236E+00
4.5600E+02	0.0000E+00	0.0000E+00	2.1210E+00
4.5700E+02	0.0000E+00	0.0000E+00	2.1177E+00
4.5800E+02	0.0000E+00	0.0000E+00	2.1083E+00
4.5900E+02	0.0000E+00	0.0000E+00	2.1009E+00
4.6000E+02	0.0000E+00	0.0000E+00	2.1016E+00
4.6100E+02	0.0000E+00	0.0000E+00	2.0947E+00
4.6200E+02	0.0000E+00	0.0000E+00	2.0897E+00
4.6300E+02	0.0000E+00	0.0000E+00	2.0825E+00
4.6400E+02	0.0000E+00	0.0000E+00	2.0811E+00
4.6500E+02	0.0000E+00	0.0000E+00	2.0824E+00
4.6600E+02	0.0000E+00	0.0000E+00	2.0807E+00
4.6700E+02	0.0000E+00	0.0000E+00	2.0817E+00
4.6800E+02	0.0000E+00	0.0000E+00	2.0851E+00
4.6900E+02	0.0000E+00	0.0000E+00	2.0890E+00
4.7000E+02	0.0000E+00	0.0000E+00	2.0920E+00
4.7100E+02	0.0000E+00	0.0000E+00	2.0921E+00
4.7200E+02	0.0000E+00	0.0000E+00	2.0973E+00
4.7300E+02	0.0000E+00	0.0000E+00	2.1004E+00
4.7400E+02	0.0000E+00	0.0000E+00	2.1028E+00
4.7500E+02	0.0000E+00	0.0000E+00	2.1001E+00
4.7600E+02	0.0000E+00	0.0000E+00	2.1004E+00
4.7700E+02	0.0000E+00	0.0000E+00	2.0958E+00
4.7800E+02	0.0000E+00	0.0000E+00	2.0899E+00
4.7900E+02	0.0000E+00	0.0000E+00	2.0974E+00
4.8000E+02	0.0000E+00	0.0000E+00	2.0854E+00
4.8100E+02	0.0000E+00	0.0000E+00	2.0803E+00
4.8200E+02	0.0000E+00	0.0000E+00	2.0719E+00
4.8300E+02	0.0000E+00	0.0000E+00	2.0741E+00
4.8400E+02	0.0000E+00	0.0000E+00	2.0665E+00
4.8500E+02	0.0000E+00	0.0000E+00	2.0612E+00
4.8600E+02	0.0000E+00	0.0000E+00	2.0612E+00
4.8700E+02	0.0000E+00	0.0000E+00	2.0614E+00
4.8800E+02	0.0000E+00	0.0000E+00	2.0537E+00
4.8900E+02	0.0000E+00	0.0000E+00	2.0545E+00
4.9000E+02	0.0000E+00	0.0000E+00	2.0535E+00
4.9100E+02	0.0000E+00	0.0000E+00	2.0539E+00
4.9200E+02	0.0000E+00	0.0000E+00	2.0522E+00
4.9300E+02	0.0000E+00	0.0000E+00	2.0547E+00
4.9400E+02	0.0000E+00	0.0000E+00	2.0541E+00
4.9500E+02	0.0000E+00	0.0000E+00	2.0565E+00
4.9600E+02	0.0000E+00	0.0000E+00	2.0606E+00
4.9700E+02	0.0000E+00	0.0000E+00	2.0524E+00
4.9800E+02	0.0000E+00	0.0000E+00	2.0570E+00
4.9900E+02	0.0000E+00	0.0000E+00	2.0532E+00
5.0000E+02	0.0000E+00	0.0000E+00	2.0466E+00
5.0100E+02	0.0000E+00	0.0000E+00	2.0403E+00
5.0200E+02	0.0000E+00	0.0000E+00	2.0378E+00
5.0300E+02	0.0000E+00	0.0000E+00	2.0353E+00
5.0400E+02	0.0000E+00	0.0000E+00	2.0297E+00
5.0500E+02	0.0000E+00	0.0000E+00	2.0268E+00
5.0600E+02	0.0000E+00	0.0000E+00	2.0248E+00
5.0700E+02	0.0000E+00	0.0000E+00	2.0256E+00
5.0800E+02	0.0000E+00	0.0000E+00	2.0206E+00
5.0900E+02	0.0000E+00	0.0000E+00	2.0198E+00
5.1000E+02	0.0000E+00	0.0000E+00	2.0175E+00
5.1100E+02	0.0000E+00	0.0000E+00	2.0187E+00
5.1200E+02	0.0000E+00	0.0000E+00	2.0141E+00
5.1300E+02	0.0000E+00	0.0000E+00	2.0149E+00
5.1400E+02	0.0000E+00	0.0000E+00	2.0154E+00
5.1500E+02	0.0000E+00	0.0000E+00	2.0120E+00
5.1600E+02	0.0000E+00	0.0000E+00	2.0171E+00
5.1700E+02	0.0000E+00	0.0000E+00	2.0167E+00
5.1800E+02	0.0000E+00	0.0000E+00	2.0196E+00
5.1900E+02	0.0000E+00	0.0000E+00	2.0305E+00
5.2000E+02	0.0000E+00	0.0000E+00	2.0393E+00
5.2100E+02	0.0000E+00	0.0000E+00	2.0449E+00
5.2200E+02	0.0000E+00	0.0000E+00	2.0527E+00
5.2300E+02	0.0000E+00	0.0000E+00	2.0589E+00
5.2400E+02	0.0000E+00	0.0000E+00	2.0672E+00
5.2500E+02	0.0000E+00	0.0000E+00	2.0688E+00
5.2600E+02	0.0000E+00	0.0000E+00	2.0620E+00
5.2700E+02	0.0000E+00	0.0000E+00	2.0613E+00
5.2800E+02	0.0000E+00	0.0000E+00	2.0470E+00
5.2900E+02	0.0000E+00	0.0000E+00	2.0455E+00
5.3000E+02	0.0000E+00	0.0000E+00	2.0398E+00
5.3100E+02	0.0000E+00	0.0000E+00	2.0325E+00
5.3200E+02	0.0000E+00	0.0000E+00	2.0278E+00
5.3300E+02	0.0000E+00	0.0000E+00	2.0251E+00
5.3400E+02	0.0000E+00	0.0000E+00	2.0217E+00
5.3500E+02	0.0000E+00	0.0000E+00	2.0149E+00
5.3600E+02	0.0000E+00	0.0000E+00	2.0152E+00
5.3700E+02	0.0000E+00	0.0000E+00	2.0120E+00
5.3800E+02	0.0000E+00	0.0000E+00	2.0166E+00
5.3900E+02	0.0000E+00	0.0000E+00	2.0152E+00
5.4000E+02	0.0000E+00	0.0000E+00	2.0135E+00
5.4100E+02	0.0000E+00	0.0000E+00	2.0206E+00
5.4200E+02	0.0000E+00	0.0000E+00	2.0369E+00
5.4300E+02	0.0000E+00	0.0000E+00	2.0419E+00
5.4400E+02	0.0000E+00	0.0000E+00	2.0623E+00
5.4500E+02	0.0000E+00	0.0000E+00	2.0861E+00
5.4600E+02	0.0000E+00	0.0000E+00	2.1010E+00
5.4700E+02	0.0000E+00	0.0000E+00	2.1117E+00
5.4800E+02	0.0000E+00	0.0000E+00	2.1160E+00
5.4900E+02	0.0000E+00	0.0000E+00	2.1176E+00
5.5000E+02	0.0000E+00	0.0000E+00	2.1127E+00
5.5100E+02	0.0000E+00	0.0000E+00	2.1060E+00
5.5200E+02	0.0000E+00	0.0000E+00	2.0946E+00
5.5300E+02	0.0000E+00	0.0000E+00	2.0880E+00
5.5400E+02	0.0000E+00	0.0000E+00	2.0804E+00
5.5500E+02	0.0000E+00	0.0000E+00	2.0764E+00
5.5600E+02	0.0000E+00	0.0000E+00	2.0715E+00
5.5700E+02	0.0000E+00	0.0000E+00	2.0705E+00
5.5800E+02	0.0000E+00	0.0000E+00	2.0620E+00
5.5900E+02	0.0000E+00	0.0000E+00	2.0537E+00
5.6000E+02	0.0000E+00	0.0000E+00	2.0555E+00
5.6100E+02	0.0000E+00	0.0000E+00	2.0551E+00
5.6200E+02	0.0000E+00	0.0000E+00	2.0544E+00
5.6300E+02	0.0000E+00	0.0000E+00	2.0534E+00
5.6400E+02	0.0000E+00	0.0000E+00	2.0559E+00
5.6500E+02	0.0000E+00	0.0000E+00	2.0646E+00
5.6600E+02	0.0000E+00	0.0000E+00	2.0779E+00
5.6700E+02	0.0000E+00	0.0000E+00	2.0996E+00
5.6800E+02	0.0000E+00	0.0000E+00	2.1239E+00
5.6900E+02	0.0000E+00	0.0000E+00	2.1522E+00
5.7000E+02	0.0000E+00	0.0000E+00	2.1814E+00
5.7100E+02	0.0000E+00	0.0000E+00	2.1928E+00
5.7200E+02	0.0000E+00	0.0000E+00	2.1989E+00
5.7300E+02	0.0000E+00	0.0000E+00	2.1963E+00
5.7400E+02	0.0000E+00	0.0000E+00	2.1880E+00
5.7500E+02	0.0000E+00	0.0000E+00	2.1885E+00
5.7600E+02	0.0000E+00	0.0000E+00	2.1753E+00
5.7700E+02	0.0000E+00	0.0000E+00	2.1632E+00
5.7800E+02	0.0000E+00	0.0000E+00	2.1627E+00
5.7900E+02	0.0000E+00	0.0000E+00	2.1548E+00
5.8000E+02	0.0000E+00	0.0000E+00	2.1450E+00
5.8100E+02	0.0000E+00	0.0000E+00	2.1387E+00
5.8200E+02	0.0000E+00	0.0000E+00	2.1334E+00
5.8300E+02	0.0000E+00	0.0000E+00	2.1244E+00
5.8400E+02	0.0000E+00	0.0000E+00	2.1182E+00
5.8500E+02	0.0000E+00	0.0000E+00	2.1197E+00
5.8600E+02	0.0000E+00	0.0000E+00	2.1168E+00
5.8700E+02	0.0000E+00	0.0000E+00	2.1199E+00
5.8800E+02	0.0000E+00	0.0000E+00	2.1212E+00
5.8900E+02	0.0000E+00	0.0000E+00	2.1344E+00
5.9000E+02	0.0000E+00	0.0000E+00	2.1484E+00
5.9100E+02	0.0000E+00	0.0000E+00	2.1767E+00
5.9200E+02	0.0000E+00	0.0000E+00	2.2097E+00
5.9300E+02	0.0000E+00	0.0000E+00	2.2304E+00
5.9400E+02	0.0000E+00	0.0000E+00	2.2531E+00
5.9500E+02	0.0000E+00	0.0000E+00	2.2654E+00
5.9600E+02	0.0000E+00	0.0000E+00	2.2699E+00
5.9700E+02	0.0000E+00	0.0000E+00	2.2710E+00
5.9800E+02	0.0000E+00	0.0000E+00	2.2542E+00
5.9900E+02	0.0000E+00	0.0000E+00	2.2525E+00
6.0000E+02	0.0000E+00	0.0000E+00	2.2372E+00
6.0100E+02	0.0000E+00	0.0000E+00	2.2334E+00
6.0200E+02	0.0000E+00	0.0000E+00	2.2173E+00
6.0300E+02	0.0000E+00	0.0000E+00	2.2117E+00
6.0400E+02	0.0000E+00	0.0000E+00	2.1980E+00
6.0500E+02	0.0000E+00	0.0000E+00	2.1941E+00
6.0600E+02	0.0000E+00	0.0000E+00	2.1940E+00
6.0700E+02	0.0000E+00	0.0000E+00	2.1833E+00
6.0800E+02	0.0000E+00	0.0000E+00	2.1859E+00
6.0900E+02	0.0000E+00	0.0000E+00	2.1785E+00
6.1000E+02	0.0000E+00	0.0000E+00	2.1800E+00
6.1100E+02	0.0000E+00	0.0000E+00	2.1755E+00
6.1200E+02	0.0000E+00	0.0000E+00	2.1799E+00
6.1300E+02	0.0000E+00	0.0000E+00	2.1895E+00
6.1400E+02	0.0000E+00	0.0000E+00	2.1991E+00
6.1500E+02	0.0000E+00	0.0000E+00	2.2206E+00
6.1600E+02	0.0000E+00	0.0000E+00	2.2408E+00
6.1700E+02	0.0000E+00	0.0000E+00	2.2556E+00
6.1800E+02	0.0000E+00	0.0000E+00	2.2696E+00
6.1900E+02	0.0000E+00	0.0000E+00	2.2871E+00
6.2000E+02	0.0000E+00	0.0000E+00	2.2955E+00
6.2100E+02	0.0000E+00	0.0000E+00	2.2980E+00
6.2200E+02	0.0000E+00	0.0000E+00	2.2980E+00
6.2300E+02	0.0000E+00	0.0000E+00	2.2935E+00
6.2400E+02	0.0000E+00	0.0000E+00	2.2916E+00
6.2500E+02	0.0000E+00	0.0000E+00	2.2881E+00
6.2600E+02	0.0000E+00	0.0000E+00	2.2902E+00
6.2700E+02	0.0000E+00	0.0000E+00	2.2852E+00
6.2800E+02	0.0000E+00	0.0000E+00	2.2750E+00
6.2900E+02	0.0000E+00	0.0000E+00	2.2692E+00
6.3000E+02	0.0000E+00	0.0000E+00	2.2613E+00
6.3100E+02	0.0000E+00	0.0000E+00	2.2632E+00
6.3200E+02	0.0000E+00	0.0000E+00	2.2665E+00
6.3300E+02	0.0000E+00	0.0000E+00	2.2533E+00
6.3400E+02	0.0000E+00	0.0000E+00	2.2569E+00
6.3500E+02	0.0000E+00	0.0000E+00	2.2561E+00
6.3600E+02	0.0000E+00	0.0000E+00	2.2586E+00
6.3700E+02	0.0000E+00	0.0000E+00	2.2542E+00
6.3800E+02	0.0000E+00	0.0000E+00	2.2593E+00
6.3900E+02	0.0000E+00	0.0000E+00	2.2684E+00
6.4000E+02	0.0000E+00	0.0000E+00	2.2706E+00
6.4100E+02	0.0000E+00	0.0000E+00	2.2759E+00
6.4200E+02	0.0000E+00	0.0000E+00	2.3008E+00
6.4300E+02	0.0000E+00	0.0000E+00	2.3164E+00
6.4400E+02	0.0000E+00	0.0000E+00	2.3471E+00
6.4500E+02	0.0000E+00	0.0000E+00	2.3525E+00
6.4600E+02	0.0000E+00	0.0000E+00	2.3583E+00
6.4700E+02	0.0000E+00	0.0000E+00	2.3476E+00
6.4800E+02	0.0000E+00	0.0000E+00	2.3478E+00
6.4900E+02	0.0000E+00	0.0000E+00	2.3504E+00
6.5000E+02	0.0000E+00	0.0000E+00	2.3422E+00
6.5100E+02	0.0000E+00	0.0000E+00	2.3254E+00
6.5200E+02	0.0000E+00	0.0000E+00	2.3236E+00
6.5300E+02	0.0000E+00	0.0000E+00	2.3457E+00
6.5400E+02	0.0000E+00	0.0000E+00	2.3165E+00
6.5500E+02	0.0000E+00	0.0000E+00	2.3149E+00
6.5600E+02	0.0000E+00	0.0000E+00	2.3104E+00
6.5700E+02	0.0000E+00	0.0000E+00	2.3029E+00
6.5800E+02	0.0000E+00	0.0000E+00	2.3167E+00
6.5900E+02	0.0000E+00	0.0000E+00	2.3016E+00
6.6000E+02	0.0000E+00	0.0000E+00	2.2954E+00
6.6100E+02	0.0000E+00	0.0000E+00	2.2996E+00
6.6200E+02	0.0000E+00	0.0000E+00	2.2947E+00
6.6300E+02	0.0000E+00	0.0000E+00	2.3054E+00
6.6400E+02	0.0000E+00	0.0000E+00	2.3176E+00
6.6500E+02	0.0000E+00	0.0000E+00	2.3255E+00
6.6600E+02	0.0000E+00	0.0000E+00	2.3546E+00
6.6700E+02	0.0000E+00	0.0000E+00	2.3628E+00
6.6800E+02	0.0000E+00	0.0000E+00	2.3728E+00
6.6900E+02	0.0000E+00	0.0000E+00	2.3901E+00
6.7000E+02	0.0000E+00	0.0000E+00	2.3970E+00
6.7100E+02	0.0000E+00	0.0000E+00	2.4004E+00
6.7200E+02	0.0000E+00	0.0000E+00	2.3996E+00
6.7300E+02	0.0000E+00	0.0000E+00	2.3975E+00
6.7400E+02	0.0000E+00	0.0000E+00	2.3963E+00
6.7500E+02	0.0000E+00	0.0000E+00	2.4040E+00
6.7600E+02	0.0000E+00	0.0000E+00	2.3870E+00
6.7700E+02	0.0000E+00	0.0000E+00	2.3817E+00
6.7800E+02	0.0000E+00	0.0000E+00	2.3830E+00
6.7900E+02	0.0000E+00	0.0000E+00	2.3701E+00
6.8000E+02	0.0000E+00	0.0000E+00	2.3728E+00
6.8100E+02	0.0000E+00	0.0000E+00	2.3753E+00
6.8200E+02	0.0000E+00	0.0000E+00	2.3646E+00
6.8300E+02	0.0000E+00	0.0000E+00	2.3652E+00
6.8400E+02	0.0000E+00	0.0000E+00	2.3641E+00
6.8500E+02	0.0000E+00	0.0000E+00	2.3600E+00
6.8600E+02	0.0000E+00	0.0000E+00	2.3518E+00
6.8700E+02	0.0000E+00	0.0000E+00	2.3411E+00
6.8800E+02	0.0000E+00	0.0000E+00	2.3490E+00
6.8900E+02	0.0000E+00	0.0000E+00	2.3394E+00
6.9000E+02	0.0000E+00	0.0000E+00	2.3201E+00
6.9100E+02	0.0000E+00	0.0000E+00	2.3274E+00
6.9200E+02	0.0000E+00	0.0000E+00	2.3122E+00
6.9300E+02	0.0000E+00	0.0000E+00	2.3187E+00
6.9400E+02	0.0000E+00	0.0000E+00	2.3003E+00
6.9500E+02	0.0000E+00	0.0000E+00	2.3012E+00
6.9600E+02	0.0000E+00	0.0000E+00	2.2934E+00
6.9700E+02	0.0000E+00	0.0000E+00	2.2959E+00
6.9800E+02	0.0000E+00	0.0000E+00	2.2901E+00
6.9900E+02	0.0000E+00	0.0000E+00	2.2788E+00
7.0000E+02	0.0000E+00	0.0000E+00	2.2682E+00
7.0100E+02	0.0000E+00	0.0000E+00	2.2698E+00
7.0200E+02	0.0000E+00	0.0000E+00	2.2752E+00
7.0300E+02	0.0000E+00	0.0000E+00	2.2606E+00
7.0400E+02	0.0000E+00	0.0000E+00	2.2587E+00
7.0500E+02	0.0000E+00	0.0000E+00	2.2537E+00
7.0600E+02	0.0000E+00	0.0000E+00	2.2507E+00
7.0700E+02	0.0000E+00	0.0000E+00	2.2530E+00
7.0800E+02	0.0000E+00	0.0000E+00	2.2448E+00
7.0900E+02	0.0000E+00	0.0000E+00	2.2444E+00
7.1000E+02	0.0000E+00	0.0000E+00	2.2393E+00
7.1100E+02	0.0000E+00	0.0000E+00	2.2342E+00
7.1200E+02	0.0000E+00	0.0000E+00	2.2313E+00
7.1300E+02	0.0000E+00	0.0000E+00	2.2313E+00
7.1400E+02	0.0000E+00	0.0000E+00	2.2244E+00
7.1500E+02	0.0000E+00	0.0000E+00	2.2404E+00
7.1600E+02	0.0000E+00	0.0000E+00	2.2328E+00
7.1700E+02	0.0000E+00	0.0000E+00	2.2215E+00
7.1800E+02	0.0000E+00	0.0000E+00	2.2239E+00
7.1900E+02	0.0000E+00	0.0000E+00	2.2065E+00
7.2000E+02	0.0000E+00	0.0000E+00	2.1970E+00
7.2100E+02	0.0000E+00	0.0000E+00	2.1914E+00
7.2200E+02	0.0000E+00	0.0000E+00	2.1867E+00
7.2300E+02	0.0000E+00	0.0000E+00	2.1829E+00
7.2400E+02	0.0000E+00	0.0000E+00	2.1883E+00
7.2500E+02	0.0000E+00	0.0000E+00	2.1822E+00
7.2600E+02	0.0000E+00	0.0000E+00	2.1723E+00
7.2700E+02	0.0000E+00	0.0000E+00	2.1660E+00
7.2800E+02	0.0000E+00	0.0000E+00	2.1658E+00
7.2900E+02	0.0000E+00	0.0000E+00	2.1718E+00
7.3000E+02	0.0000E+00	0.0000E+00	2.1721E+00
7.3100E+02	0.0000E+00	0.0000E+00	2.1654E+00
7.3200E+02	0.0000E+00	0.0000E+00	2.1647E+00
7.3300E+02	0.0000E+00	0.0000E+00	2.1689E+00
7.3400E+02	0.0000E+00	0.0000E+00	2.1621E+00
7.3500E+02	0.0000E+00	0.0000E+00	2.1622E+00
7.3600E+02	0.0000E+00	0.0000E+00	2.1535E+00
7.3700E+02	0.0000E+00	0.0000E+00	2.1535E+00
7.3800E+02	0.0000E+00	0.0000E+00	2.1501E+00
7.3900E+02	0.0000E+00	0.0000E+00	2.1501E+00
7.4000E+02	0.0000E+00	0.0000E+00	2.1475E+00
7.4100E+02	0.0000E+00	0.0000E+00	2.1442E+00
7.4200E+02	0.0000E+00	0.0000E+00	2.1419E+00
7.4300E+02	0.0000E+00	0.0000E+00	2.1337E+00
7.4400E+02	0.0000E+00	0.0000E+00	2.1317E+00
7.4500E+02	0.0000E+00	0.0000E+00	2.1316E+00
7.4600E+02	0.0000E+00	0.0000E+00	2.1311E+00
7.4700E+02	0.0000E+00	0.0000E+00	2.1190E+00
7.4800E+02	0.0000E+00	0.0000E+00	2.1211E+00
7.4900E+02	0.0000E+00	0.0000E+00	2.1237E+00
7.5000E+02	0.0000E+00	0.0000E+00	2.1212E+00
7.5100E+02	0.0000E+00	0.0000E+00	2.1316E+00
7.5200E+02	0.0000E+00	0.0000E+00	2.1272E+00
7.5300E+02	0.0000E+00	0.0000E+00	2.1272E+00
7.5400E+02	0.0000E+00	0.0000E+00	2.1264E+00
7.5500E+02	0.0000E+00	0.0000E+00	2.1271E+00
7.5600E+02	0.0000E+00	0.0000E+00	2.1269E+00
7.5700E+02	0.0000E+00	0.0000E+00	2.1293E+00
7.5800E+02	0.0000E+00	0.0000E+00	2.1311E+00
7.5900E+02	0.0000E+00	0.0000E+00	2.1385E+00
7.6000E+02	0.0000E+00	0.0000E+00	2.1364E+00
7.6100E+02	0.0000E+00	0.0000E+00	2.1389E+00
7.6200E+02	0.0000E+00	0.0000E+00	2.1385E+00
7.6300E+02	0.0000E+00	0.0000E+00	2.1343E+00
7.6400E+02	0.0000E+00	0.0000E+00	2.1311E+00
7.6500E+02	0.0000E+00	0.0000E+00	2.1245E+00
7.6600E+02	0.0000E+00	0.0000E+00	2.1141E+00
7.6700E+02	0.0000E+00	0.0000E+00	2.1074E+00
7.6800E+02	0.0000E+00	0.0000E+00	2.1092E+00
7.6900E+02	0.0000E+00	0.0000E+00	2.0972E+00
7.7000E+02	0.0000E+00	0.0000E+00	2.0956E+00
7.7100E+02	0.0000E+00	0.0000E+00	2.0905E+00
7.7200E+02	0.0000E+00	0.0000E+00	2.0857E+00
7.7300E+02	0.0000E+00	0.0000E+00	2.0860E+00
7.7400E+02	0.0000E+00	0.0000E+00	2.0843E+00
7.7500E+02	0.0000E+00	0.0000E+00	2.0828E+00
7.7600E+02	0.0000E+00	0.0000E+00	2.0814E+00
7.7700E+02	0.0000E+00	0.0000E+00	2.0776E+00
7.7800E+02	0.0000E+00	0.0000E+00	2.0808E+00
7.7900E+02	0.0000E+00	0.0000E+00	2.0819E+00
7.8000E+02	0.0000E+00	0.0000E+00	2.0854E+00
7.8100E+02	0.0000E+00	0.0000E+00	2.0853E+00
7.8200E+02	0.0000E+00	0.0000E+00	2.0856E+00
7.8300E+02	0.0000E+00	0.0000E+00	2.0835E+00
7.8400E+02	0.0000E+00	0.0000E+00	2.0843E+00
7.8500E+02	0.0000E+00	0.0000E+00	2.0741E+00
7.8600E+02	0.0000E+00	0.0000E+00	2.0751E+00
7.8700E+02	0.0000E+00	0.0000E+00	2.0751E+00
7.8800E+02	0.0000E+00	0.0000E+00	2.0690E+00
7.8900E+02	0.0000E+00	0.0000E+00	2.0671E+00
7.9000E+02	0.0000E+00	0.0000E+00	2.0621E+00
7.9100E+02	0.0000E+00	0.0000E+00	2.0673E+00
7.9200E+02	0.0000E+00	0.0000E+00	2.0701E+00
7.9300E+02	0.0000E+00	0.0000E+00	2.0593E+00
7.9400E+02	0.0000E+00	0.0000E+00	2.0539E+00
7.9500E+02	0.0000E+00	0.0000E+00	2.0543E+00
7.9600E+02	0.0000E+00	0.0000E+00	2.0496E+00
7.9700E+02	0.0000E+00	0.0000E+00	2.0465E+00
7.9800E+02	0.0000E+00	0.0000E+00	2.0516E+00
7.9900E+02	0.0000E+00	0.0000E+00	2.0497E+00
8.0000E+02	0.0000E+00	0.0000E+00	2.0466E+00
8.0100E+02	0.0000E+00	0.0000E+00	2.0432E+00
8.0200E+02	0.0000E+00	0.0000E+00	2.0437E+00
8.0300E+02	0.0000E+00	0.0000E+00	2.0445E+00
8.0400E+02	0.0000E+00	0.0000E+00	2.0422E+00
8.0500E+02	0.0000E+00	0.0000E+00	2.0398E+00
8.0600E+02	0.0000E+00	0.0000E+00	2.0389E+00
8.0700E+02	0.0000E+00	0.0000E+00	2.0331E+00
8.0800E+02	0.0000E+00	0.0000E+00	2.0345E+00
8.0900E+02	0.0000E+00	0.0000E+00	2.0379E+00
8.1000E+02	0.0000E+00	0.0000E+00	2.0359E+00
8.1100E+02	0.0000E+00	0.0000E+00	2.0370E+00
8.1200E+02	0.0000E+00	0.0000E+00	2.0386E+00
8.1300E+02	0.0000E+00	0.0000E+00	2.0323E+00
8.1400E+02	0.0000E+00	0.0000E+00	2.0314E+00
8.1500E+02	0.0000E+00	0.0000E+00	2.0337E+00
8.1600E+02	0.0000E+00	0.0000E+00	2.0310E+00
8.1700E+02	0.0000E+00	0.0000E+00	2.0360E+00
8.1800E+02	0.0000E+00	0.0000E+00	2.0339E+00
8.1900E+02	0.0000E+00	0.0000E+00	2.0326E+00
8.2000E+02	0.0000E+00	0.0000E+00	2.0301E+00
8.2100E+02	0.0000E+00	0.0000E+00	2.0218E+00
8.2200E+02	0.0000E+00	0.0000E+00	2.0221E+00
8.2300E+02	0.0000E+00	0.0000E+00	2.0227E+00
8.2400E+02	0.0000E+00	0.0000E+00	2.0218E+00
8.2500E+02	0.0000E+00	0.0000E+00	2.0209E+00
8.2600E+02	0.0000E+00	0.0000E+00	2.0232E+00
8.2700E+02	0.0000E+00	0.0000E+00	2.0199E+00
8.2800E+02	0.0000E+00	0.0000E+00	2.0155E+00
8.2900E+02	0.0000E+00	0.0000E+00	2.0191E+00
8.3000E+02	0.0000E+00	0.0000E+00	2.0114E+00
8.3100E+02	0.0000E+00	0.0000E+00	2.0126E+00
8.3200E+02	0.0000E+00	0.0000E+00	2.0192E+00
8.3300E+02	0.0000E+00	0.0000E+00	2.0231E+00
8.3400E+02	0.0000E+00	0.0000E+00	2.0294E+00
8.3500E+02	0.0000E+00	0.0000E+00	2.0310E+00
8.3600E+02	0.0000E+00	0.0000E+00	2.0400E+00
8.3700E+02	0.0000E+00	0.0000E+00	2.0340E+00
8.3800E+02	0.0000E+00	0.0000E+00	2.0308E+00
8.3900E+02	0.0000E+00	0.0000E+00	2.0259E+00
8.4000E+02	0.0000E+00	0.0000E+00	2.0233E+00
8.4100E+02	0.0000E+00	0.0000E+00	2.0173E+00
8.4200E+02	0.0000E+00	0.0000E+00	2.0150E+00
8.4300E+02	0.0000E+00	0.0000E+00	2.0113E+00
8.4400E+02	0.0000E+00	0.0000E+00	2.0096E+00
8.4500E+02	0.0000E+00	0.0000E+00	2.0047E+00
8.4600E+02	0.0000E+00	0.0000E+00	2.0005E+00
8.4700E+02	0.0000E+00	0.0000E+00	1.9998E+00
8.4800E+02	0.0000E+00	0.0000E+00	1.9998E+00
8.4900E+02	0.0000E+00	0.0000E+00	2.0027E+00
8.5000E+02	0.0000E+00	0.0000E+00	2.0059E+00
8.5100E+02	0.0000E+00	0.0000E+00	2.0036E+00
8.5200E+02	0.0000E+00	0.0000E+00	2.0032E+00
8.5300E+02	0.0000E+00	0.0000E+00	2.0058E+00
8.5400E+02	0.0000E+00	0.0000E+00	2.0035E+00
8.5500E+02	0.0000E+00	0.0000E+00	2.0001E+00
8.5600E+02	0.0000E+00	0.0000E+00	2.0015E+00
8.5700E+02	0.0000E+00	0.0000E+00	2.0064E+00
8.5800E+02	0.0000E+00	0.0000E+00	2.0074E+00
8.5900E+02	0.0000E+00	0.0000E+00	2.0113E+00
8.6000E+02	0.0000E+00	0.0000E+00	2.0214E+00
8.6100E+02	0.0000E+00	0.0000E+00	2.0233E+00
8.6200E+02	0.0000E+00	0.0000E+00	2.0288E+00
8.6300E+02	0.0000E+00	0.0000E+00	2.0243E+00
8.6400E+02	0.0000E+00	0.0000E+00	2.0306E+00
8.6500E+02	0.0000E+00	0.0000E+00	2.0282E+00
8.6600E+02	0.0000E+00	0.0000E+00	2.0248E+00
8.6700E+02	0.0000E+00	0.0000E+00	2.0202E+00
8.6800E+02	0.0000E+00	0.0000E+00	2.0207E+00
8.6900E+02	0.0000E+00	0.0000E+00	2.0206E+00
8.7000E+02	0.0000E+00	0.0000E+00	2.0141E+00
8.7100E+02	0.0000E+00	0.0000E+00	2.0099E+00
8.7200E+02	0.0000E+00	0.0000E+00	2.0145E+00
8.7300E+02	0.0000E+00	0.0000E+00	2.0095E+00
8.7400E+02	0.0000E+00	0.0000E+00	2.0126E+00
8.7500E+02	0.0000E+00	0.0000E+00	2.0138E+00
8.7600E+02	0.0000E+00	0.0000E+00	2.0121E+00
8.7700E+02	0.0000E+00	0.0000E+00	2.0100E+00
8.7800E+02	0.0000E+00	0.0000E+00	2.0053E+00
8.7900E+02	0.0000E+00	0.0000E+00	2.0085E+00
8.8000E+02	0.0000E+00	0.0000E+00	2.0119E+00
8.8100E+02	0.0000E+00	0.0000E+00	2.0168E+00
8.8200E+02	0.0000E+00	0.0000E+00	2.0262E+00
8.8300E+02	0.0000E+00	0.0000E+00	2.0337E+00
8.8400E+02	0.0000E+00	0.0000E+00	2.0432E+00
8.8500E+02	0.0000E+00	0.0000E+00	2.0495E+00
8.8600E+02	0.0000E+00	0.0000E+00	2.0549E+00
8.8700E+02	0.0000E+00	0.0000E+00	2.0653E+00
8.8800E+02	0.0000E+00	0.0000E+00	2.0601E+00
8.8900E+02	0.0000E+00	0.0000E+00	2.0721E+00
8.9000E+02	0.0000E+00	0.0000E+00	2.0680E+00
8.9100E+02	0.0000E+00	0.0000E+00	2.0606E+00
8.9200E+02	0.0000E+00	0.0000E+00	2.0553E+00
8.9300E+02	0.0000E+00	0.0000E+00	2.0579E+00
8.9400E+02	0.0000E+00	0.0000E+00	2.0506E+00
8.9500E+02	0.0000E+00	0.0000E+00	2.0427E+00
8.9600E+02	0.0000E+00	0.0000E+00	2.0496E+00
8.9700E+02	0.0000E+00	0.0000E+00	2.0449E+00
8.9800E+02	0.0000E+00	0.0000E+00	2.0472E+00
8.9900E+02	0.0000E+00	0.0000E+00	2.0488E+00
9.0000E+02	0.0000E+00	0.0000E+00	1.9800E+00
9.0100E+02	0.0000E+00	0.0000E+00	1.9803E+00
9.0200E+02	0.0000E+00	0.0000E+00	1.9800E+00
9.0300E+02	0.0000E+00	0.0000E+00	1.9817E+00
9.0400E+02	0.0000E+00	0.0000E+00	1.9853E+00
9.0500E+02	0.0000E+00	0.0000E+00	1.9947E+00
9.0600E+02	0.0000E+00	0.0000E+00	1.9985E+00
9.0700E+02	0.0000E+00	0.0000E+00	1.9986E+00
9.0800E+02	0.0000E+00	0.0000E+00	2.0094E+00
9.0900E+02	0.0000E+00	0.0000E+00	2.0131E+00
9.1000E+02	0.0000E+00	0.0000E+00	2.0130E+00
9.1100E+02	0.0000E+00	0.0000E+00	2.0141E+00
9.1200E+02	0.0000E+00	0.0000E+00	2.0140E+00
9.1300E+02	0.0000E+00	0.0000E+00	2.0123E+00
9.1400E+02	0.0000E+00	0.0000E+00	2.0136E+00
9.1500E+02	0.0000E+00	0.0000E+00	2.0111E+00
9.1600E+02	0.0000E+00	0.0000E+00	2.0122E+00
9.1700E+02	0.0000E+00	0.0000E+00	2.0066E+00
9.1800E+02	0.0000E+00	0.0000E+00	2.0036E+00
9.1900E+02	0.0000E+00	0.0000E+00	2.0004E+00
9.2000E+02	0.0000E+00	0.0000E+00	2.0002E+00
9.2100E+02	0.0000E+00	0.0000E+00	2.0052E+00
9.2200E+02	0.0000E+00	0.0000E+00	2.0027E+00
9.2300E+02	0.0000E+00	0.0000E+00	1.9987E+00
9.2400E+02	0.0000E+00	0.0000E+00	1.9959E+00
9.2500E+02	0.0000E+00	0.0000E+00	1.9935E+00
9.2600E+02	0.0000E+00	0.0000E+00	1.9941E+00
9.2700E+02	0.0000E+00	0.0000E+00	1.9931E+00
9.2800E+02	0.0000E+00	0.0000E+00	1.9873E+00
9.2900E+02	0.0000E+00	0.0000E+00	1.9913E+00
9.3000E+02	0.0000E+00	0.0000E+00	1.9919E+00
9.3100E+02	0.0000E+00	0.0000E+00	1.9972E+00
9.3200E+02	0.0000E+00	0.0000E+00	1.9977E+00
9.3300E+02	0.0000E+00	0.0000E+00	1.9996E+00
9.3400E+02	0.0000E+00	0.0000E+00	1.9992E+00
9.3500E+02	0.0000E+00	0.0000E+00	2.0013E+00
9.3600E+02	0.0000E+00	0.0000E+00	2.0001E+00
9.3700E+02	0.0000E+00	0.0000E+00	2.0031E+00
9.3800E+02	0.0000E+00	0.0000E+00	2.0065E+00
9.3900E+02	0.0000E+00	0.0000E+00	2.0028E+00
9.4000E+02	0.0000E+00	0.0000E+00	2.0016E+00
9.4100E+02	0.0000E+00	0.0000E+00	2.0008E+00
9.4200E+02	0.0000E+00	0.0000E+00	1.9885E+00
9.4300E+02	0.0000E+00	0.0000E+00	1.9881E+00
9.4400E+02	0.0000E+00	0.0000E+00	1.9875E+00
9.4500E+02	0.0000E+00	0.0000E+00	1.9875E+00
9.4600E+02	0.0000E+00	0.0000E+00	1.9876E+00
9.4700E+02	0.0000E+00	0.0000E+00	1.9881E+00
9.4800E+02	0.0000E+00	0.0000E+00	1.9859E+00
9.4900E+02	0.0000E+00	0.0000E+00	1.9878E+00
9.5000E+02	0.0000E+00	0.0000E+00	1.9878E+00
9.5100E+02	0.0000E+00	0.0000E+00	1.9873E+00
9.5200E+02	0.0000E+00	0.0000E+00	1.9826E+00
9.5300E+02	0.0000E+00	0.0000E+00	1.9809E+00
9.5400E+02	0.0000E+00	0.0000E+00	1.9809E+00
9.5500E+02	0.0000E+00	0.0000E+00	1.9829E+00
9.5600E+02	0.0000E+00	0.0000E+00	1.9839E+00
9.5700E+02	0.0000E+00	0.0000E+00	1.9870E+00
9.5800E+02	0.0000E+00	0.0000E+00	1.9832E+00
9.5900E+02	0.0000E+00	0.0000E+00	1.9874E+00
9.6000E+02	0.0000E+00	0.0000E+00	1.9856E+00
9.6100E+02	0.0000E+00	0.0000E+00	1.9906E+00
9.6200E+02	0.0000E+00	0.0000E+00	1.9907E+00
9.6300E+02	0.0000E+00	0.0000E+00	1.9889E+00
9.6400E+02	0.0000E+00	0.0000E+00	1.9864E+00
9.6500E+02	0.0000E+00	0.0000E+00	1.9875E+00
9.6600E+02	0.0000E+00	0.0000E+00	1.9828E+00
9.6700E+02	0.0000E+00	0.0000E+00	1.9855E+00
9.6800E+02	0.0000E+00	0.0000E+00	1.9830E+00
9.6900E+02	0.0000E+00	0.0000E+00	1.9838E+00
9.7000E+02	0.0000E+00	0.0000E+00	1.9811E+00
9.7100E+02	0.0000E+00	0.0000E+00	1.9852E+00
9.7200E+02	0.0000E+00	0.0000E+00	1.9835E+00
9.7300E+02	0.0000E+00	0.0000E+00	1.9831E+00
9.7400E+02	0.0000E+00	0.0000E+00	1.9823E+00
9.7500E+02	0.0000E+00	0.0000E+00	1.9819E+00
9.7600E+02	0.0000E+00	0.0000E+00	1.9794E+00
9.7700E+02	0.0000E+00	0.0000E+00	1.9811E+00
9.7800E+02	0.0000E+00	0.0000E+00	1.9833E+00
9.7900E+02	0.0000E+00	0.0000E+00	1.9898E+00
9.8000E+02	0.0000E+00	0.0000E+00	1.9938E+00
9.8100E+02	0.0000E+00	0.0000E+00	1.9995E+00
9.8200E+02	0.0000E+00	0.0000E+00	2.0058E+00
9.8300E+02	0.0000E+00	0.0000E+00	2.0046E+00
9.8400E+02	0.0000E+00	0.0000E+00	2.0053E+00
9.8500E+02	0.0000E+00	0.0000E+00	1.9956E+00
9.8600E+02	0.0000E+00	0.0000E+00	1.9927E+00
9.8700E+02	0.0000E+00	0.0000E+00	1.9945E+00
9.8800E+02	0.0000E+00	0.0000E+00	1.9902E+00
9.8900E+02	0.0000E+00	0.0000E+00	1.9940E+00
9.9000E+02	0.0000E+00	0.0000E+00	1.9867E+00
9.9100E+02	0.0000E+00	0.0000E+00	1.9817E+00
9.9200E+02	0.0000E+00	0.0000E+00	1.9805E+00
9.9300E+02	0.0000E+00	0.0000E+00	1.9817E+00
9.9400E+02	0.0000E+00	0.0000E+00	1.9806E+00
9.9500E+02	0.0000E+00	0.0000E+00	1.9812E+00
9.9600E+02	0.0000E+00	0.0000E+00	1.9789E+00
9.9700E+02	0.0000E+00	0.0000E+00	1.9771E+00
9.9800E+02	0.0000E+00	0.0000E+00	1.9745E+00
9.9900E+02	0.0000E+00	0.0000E+00	1.9805E+00
1.0000E+03	0.0000E+00	0.0000E+00	1.9802E+00
1.0010E+03	0.0000E+00	0.0000E+00	1.9878E+00
1.0020E+03	0.0000E+00	0.0000E+00	1.9964E+00
1.0030E+03	0.0000E+00	0.0000E+00	2.0103E+00
1.0040E+03	0.0000E+00	0.0000E+00	2.0273E+00
1.0050E+03	0.0000E+00	0.0000E+00	2.0396E+00
1.0060E+03	0.0000E+00	0.0000E+00	2.0454E+00
1.0070E+03	0.0000E+00	0.0000E+00	2.0507E+00
1.0080E+03	0.0000E+00	0.0000E+00	2.0542E+00
1.0090E+03	0.0000E+00	0.0000E+00	2.0523E+00
1.0100E+03	0.0000E+00	0.0000E+00	2.0509E+00
1.0110E+03	0.0000E+00	0.0000E+00	2.0461E+00
1.0120E+03	0.0000E+00	0.0000E+00	2.0417E+00
1.0130E+03	0.0000E+00	0.0000E+00	2.0411E+00
1.0140E+03	0.0000E+00	0.0000E+00	2.0373E+00
1.0150E+03	0.0000E+00	0.0000E+00	2.0391E+00
1.0160E+03	0.0000E+00	0.0000E+00	2.0343E+00
1.0170E+03	0.0000E+00	0.0000E+00	2.0294E+00
1.0180E+03	0.0000E+00	0.0000E+00	2.0330E+00
1.0190E+03	0.0000E+00	0.0000E+00	2.0326E+00
1.0200E+03	0.0000E+00	0.0000E+00	2.0329E+00
1.0210E+03	0.0000E+00	0.0000E+00	2.0320E+00
1.0220E+03	0.0000E+00	0.0000E+00	2.0336E+00
1.0230E+03	0.0000E+00	0.0000E+00	2.0306E+00
1.0240E+03	0.0000E+00	0.0000E+00	2.0346E+00
1.0250E+03	0.0000E+00	0.0000E+00	2.0445E+00
1.0260E+03	0.0000E+00	0.0000E+00	2.0514E+00
1.0270E+03	0.0000E+00	0.0000E+00	2.0593E+00
1.0280E+03	0.0000E+00	0.0000E+00	2.0731E+00
1.0290E+03	0.0000E+00	0.0000E+00	2.0830E+00
1.0300E+03	0.0000E+00	0.0000E+00	2.0832E+00
1.0310E+03	0.0000E+00	0.0000E+00	2.0910E+00
1.0320E+03	0.0000E+00	0.0000E+00	2.0946E+00
1.0330E+03	0.0000E+00	0.0000E+00	2.0888E+00
1.0340E+03	0.0000E+00	0.0000E+00	2.0893E+00
1.0350E+03	0.0000E+00	0.0000E+00	2.0846E+00
1.0360E+03	0.0000E+00	0.0000E+00	2.0814E+00
1.0370E+03	0.0000E+00	0.0000E+00	2.0763E+00
1.0380E+03	0.0000E+00	0.0000E+00	2.0795E+00
1.0390E+03	0.0000E+00	0.0000E+00	2.0726E+00
1.0400E+03	0.0000E+00	0.0000E+00	2.0783E+00
1.0410E+03	0.0000E+00	0.0000E+00	2.0728E+00
1.0420E+03	0.0000E+00	0.0000E+00	2.0707E+00
1.0430E+03	0.0000E+00	0.0000E+00	2.0688E+00
1.0440E+03	0.0000E+00	0.0000E+00	2.0648E+00
1.0450E+03	0.0000E+00	0.0000E+00	2.0607E+00
1.0460E+03	0.0000E+00	0.0000E+00	2.0690E+00
1.0470E+03	0.0000E+00	0.0000E+00	2.0716E+00
1.0480E+03	0.0000E+00	0.0000E+00	2.0783E+00
1.0490E+03	0.0000E+00	0.0000E+00	2.0869E+00
1.0500E+03	0.0000E+00	0.0000E+00	2.1019E+00
1.0510E+03	0.0000E+00	0.0000E+00	2.1251E+00
1.0520E+03	0.0000E+00	0.0000E+00	2.1544E+00
1.0530E+03	0.0000E+00	0.0000E+00	2.1793E+00
1.0540E+03	0.0000E+00	0.0000E+00	2.1907E+00
1.0550E+03	0.0000E+00	0.0000E+00	2.1955E+00
1.0560E+03	0.0000E+00	0.0000E+00	2.2026E+00
1.0570E+03	0.0000E+00	0.0000E+00	2.1961E+00
1.0580E+03	0.0000E+00	0.0000E+00	2.1988E+00
1.0590E+03	0.0000E+00	0.0000E+00	2.1975E+00
1.0600E+03	0.0000E+00	0.0000E+00	2.1917E+00
1.0610E+03	0.0000E+00	0.0000E+00	2.1926E+00
1.0620E+03	0.0000E+00	0.0000E+00	2.1916E+00
1.0630E+03	0.0000E+00	0.0000E+00	2.1825E+00
1.0640E+03	0.0000E+00	0.0000E+00	2.1777E+00
1.0650E+03	0.0000E+00	0.0000E+00	2.1772E+00
1.0660E+03	0.0000E+00	0.0000E+00	2.1747E+00
1.0670E+03	0.0000E+00	0.0000E+00	2.1701E+00
1.0680E+03	0.0000E+00	0.0000E+00	2.1680E+00
1.0690E+03	0.0000E+00	0.0000E+00	2.1725E+00
1.0700E+03	0.0000E+00	0.0000E+00	2.1679E+00
1.0710E+03	0.0000E+00	0.0000E+00	2.1737E+00
1.0720E+03	0.0000E+00	0.0000E+00	2.1741E+00
1.0730E+03	0.0000E+00	0.0000E+00	2.1916E+00
1.0740E+03	0.0000E+00	0.0000E+00	2.1979E+00
1.0750E+03	0.0000E+00	0.0000E+00	2.2087E+00
1.0760E+03	0.0000E+00	0.0000E+00	2.2233E+00
1.0770E+03	0.0000E+00	0.0000E+00	2.2344E+00
1.0780E+03	0.0000E+00	0.0000E+00	2.2423E+00
1.0790E+03	0.0000E+00	0.0000E+00	2.2469E+00
1.0800E+03	0.0000E+00	0.0000E+00	2.2500E+00
1.0810E+03	0.0000E+00	0.0000E+00	2.2468E+00
1.0820E+03	0.0000E+00	0.0000E+00	2.2448E+00
1.0830E+03	0.0000E+00	0.0000E+00	2.2377E+00
1.0840E+03	0.0000E+00	0.0000E+00	2.2447E+00
1.0850E+03	0.0000E+00	0.0000E+00	2.2349E+00
1.0860E+03	0.0000E+00	0.0000E+00	2.2396E+00
1.0870E+03	0.0000E+00	0.0000E+00	2.2341E+00
1.0880E+03	0.0000E+00	0.0000E+00	2.2331E+00
1.0890E+03	0.0000E+00	0.0000E+00	2.2265E+00
1.0900E+03	0.0000E+00	0.0000E+00	2.2179E+00
1.0910E+03	0.0000E+00	0.0000E+00	2.2174E+00
1.0920E+03	0.0000E+00	0.0000E+00	2.2162E+00
1.0930E+03	0.0000E+00	0.0000E+00	2.2156E+00
1.0940E+03	0.0000E+00	0.0000E+00	2.2120E+00
1.0950E+03	0.0000E+00	0.0000E+00	2.2197E+00
1.0960E+03	0.0000E+00	0.0000E+00	2.2189E+00
1.0970E+03	0.0000E+00	0.0000E+00	2.2226E+00
1.0980E+03	0.0000E+00	0.0000E+00	2.2342E+00
1.0990E+03	0.0000E+00	0.0000E+00	2.2428E+00
1.1000E+03	0.0000E+00	0.0000E+00	2.2495E+00
1.1010E+03	0.0000E+00	0.0000E+00	2.2649E+00
1.1020E+03	0.0000E+00	0.0000E+00	2.2633E+00
1.1030E+03	0.0000E+00	0.0000E+00	2.2666E+00
1.1040E+03	0.0000E+00	0.0000E+00	2.2799E+00
1.1050E+03	0.0000E+00	0.0000E+00	2.2781E+00
1.1060E+03	0.0000E+00	0.0000E+00	2.2718E+00
1.1070E+03	0.0000E+00	0.0000E+00	2.2602E+00
1.1080E+03	0.0000E+00	0.0000E+00	2.2622E+00
1.1090E+03	0.0000E+00	0.0000E+00	2.2599E+00
1.1100E+03	0.0000E+00	0.0000E+00	2.2491E+00
1.1110E+03	0.0000E+00	0.0000E+00	2.2483E+00
1.1120E+03	0.0000E+00	0.0000E+00	2.2492E+00
1.1130E+03	0.0000E+00	0.0000E+00	2.2462E+00
1.1140E+03	0.0000E+00	0.0000E+00	2.2451E+00
1.1150E+03	0.0000E+00	0.0000E+00	2.2405E+00
1.1160E+03	0.0000E+00	0.0000E+00	2.2382E+00
1.1170E+03	0.0000E+00	0.0000E+00	2.2350E+00
1.1180E+03	0.0000E+00	0.0000E+00	2.2397E+00
1.1190E+03	0.0000E+00	0.0000E+00	2.2330E+00
1.1200E+03	0.0000E+00	0.0000E+00	2.2417E+00
1.1210E+03	0.0000E+00	0.0000E+00	2.2397E+00
1.1220E+03	0.0000E+00	0.0000E+00	2.2438E+00
1.1230E+03	0.0000E+00	0.0000E+00	2.2619E+00
1.1240E+03	0.0000E+00	0.0000E+00	2.2846E+00
1.1250E+03	0.0000E+00	0.0000E+00	2.2971E+00
1.1260E+03	0.0000E+00	0.0000E+00	2.3164E+00
1.1270E+03	0.0000E+00	0.0000E+00	2.3021E+00
1.1280E+03	0.0000E+00	0.0000E+00	2.3132E+00
1.1290E+03	0.0000E+00	0.0000E+00	2.3051E+00
1.1300E+03	0.0000E+00	0.0000E+00	2.3131E+00
1.1310E+03	0.0000E+00	0.0000E+00	2.3055E+00
1.1320E+03	0.0000E+00	0.0000E+00	2.3011E+00
1.1330E+03	0.0000E+00	0.0000E+00	2.3078E+00
1.1340E+03	0.0000E+00	0.0000E+00	2.2980E+00
1.1350E+03	0.0000E+00	0.0000E+00	2.3029E+00
1.1360E+03	0.0000E+00	0.0000E+00	2.2957E+00
1.1370E+03	0.0000E+00	0.0000E+00	2.2797E+00
1.1380E+03	0.0000E+00	0.0000E+00	2.2850E+00
1.1390E+03	0.0000E+00	0.0000E+00	2.2773E+00
1.1400E+03	0.0000E+00	0.0000E+00	2.2764E+00
1.1410E+03	0.0000E+00	0.0000E+00	2.2726E+00
1.1420E+03	0.0000E+00	0.0000E+00	2.2678E+00
1.1430E+03	0.0000E+00	0.0000E+00	2.2690E+00
1.1440E+03	0.0000E+00	0.0000E+00	2.2704E+00
1.1450E+03	0.0000E+00	0.0000E+00	2.2825E+00
1.1460E+03	0.0000E+00	0.0000E+00	2.2979E+00
1.1470E+03	0.0000E+00	0.0000E+00	2.3502E+00
1.1480E+03	0.0000E+00	0.0000E+00	2.3521E+00
1.1490E+03	0.0000E+00	0.0000E+00	2.3815E+00
1.1500E+03	0.0000E+00	0.0000E+00	2.3810E+00
1.1510E+03	0.0000E+00	0.0000E+00	2.4031E+00
1.1520E+03	0.0000E+00	0.0000E+00	2.4049E+00
1.1530E+03	0.0000E+00	0.0000E+00	2.4255E+00
1.1540E+03	0.0000E+00	0.0000E+00	2.4118E+00
1.1550E+03	0.0000E+00	0.0000E+00	2.4190E+00
1.1560E+03	0.0000E+00	0.0000E+00	2.4252E+00
1.1570E+03	0.0000E+00	0.0000E+00	2.4363E+00
1.1580E+03	0.0000E+00	0.0000E+00	2.4261E+00
1.1590E+03	0.0000E+00	0.0000E+00	2.4138E+00
1.1600E+03	0.0000E+00	0.0000E+00	2.4268E+00
1.1610E+03	0.0000E+00	0.0000E+00	2.4066E+00
1.1620E+03	0.0000E+00	0.0000E+00	2.4105E+00
1.1630E+03	0.0000E+00	0.0000E+00	2.3952E+00
1.1640E+03	0.0000E+00	0.0000E+00	2.3835E+00
1.1650E+03	0.0000E+00	0.0000E+00	2.3925E+00
1.1660E+03	0.0000E+00	0.0000E+00	2.3708E+00
1.1670E+03	0.0000E+00	0.0000E+00	2.3755E+00
1.1680E+03	0.0000E+00	0.0000E+00	2.3907E+00
1.1690E+03	0.0000E+00	0.0000E+00	2.3805E+00
1.1700E+03	0.0000E+00	0.0000E+00	2.4001E+00
1.1710E+03	0.0000E+00	0.0000E+00	2.3982E+00
1.1720E+03	0.0000E+00	0.0000E+00	2.4208E+00
1.1730E+03	0.0000E+00	0.0000E+00	2.4432E+00
1.1740E+03	0.0000E+00	0.0000E+00	2.4545E+00
1.1750E+03	0.0000E+00	0.0000E+00	2.4609E+00
1.1760E+03	0.0000E+00	0.0000E+00	2.4800E+00
1.1770E+03	0.0000E+00	0.0000E+00	2.4800E+00
1.1780E+03	0.0000E+00	0.0000E+00	2.4947E+00
1.1790E+03	0.0000E+00	0.0000E+00	2.5007E+00
1.1800E+03	0.0000E+00	0.0000E+00	2.5047E+00
1.1810E+03	0.0000E+00	0.0000E+00	2.4878E+00
1.1820E+03	0.0000E+00	0.0000E+00	2.4781E+00
1.1830E+03	0.0000E+00	0.0000E+00	2.4889E+00
1.1840E+03	0.0000E+00	0.0000E+00	2.4867E+00
1.1850E+03	0.0000E+00	0.0000E+00	2.4825E+00
1.1860E+03	0.0000E+00	0.0000E+00	2.4703E+00
1.1870E+03	0.0000E+00	0.0000E+00	2.4807E+00
1.1880E+03	0.0000E+00	0.0000E+00	2.4625E+00
1.1890E+03	0.0000E+00	0.0000E+00	2.4607E+00
1.1900E+03	0.0000E+00	0.0000E+00	2.4567E+00
1.1910E+03	0.0000E+00	0.0000E+00	2.4481E+00
1.1920E+03	0.0000E+00	0.0000E+00	2.4380E+00
1.1930E+03	0.0000E+00	0.0000E+00	2.4504E+00
1.1940E+03	0.0000E+00	0.0000E+00	2.4435E+00
1.1950E+03	0.0000E+00	0.0000E+00	2.4480E+00
1.1960E+03	0.0000E+00	0.0000E+00	2.4584E+00
1.1970E+03	0.0000E+00	0.0000E+00	2.4730E+00
1.1980E+03	0.0000E+00	0.0000E+00	2.4643E+00
1.1990E+03	0.0000E+00	0.0000E+00	2.4851E+00
1.2000E+03	0.0000E+00	0.0000E+00	2.4889E+00
1.2010E+03	0.0000E+00	0.0000E+00	2.4767E+00
1.2020E+03	0.0000E+00	0.0000E+00	2.4820E+00
1.2030E+03	0.0000E+00	0.0000E+00	2.4951E+00
1.2040E+03	0.0000E+00	0.0000E+00	2.5056E+00
1.2050E+03	0.0000E+00	0.0000E+00	2.4894E+00
1.2060E+03	0.0000E+00	0.0000E+00	2.5050E+00
1.2070E+03	0.0000E+00	0.0000E+00	2.4829E+00
1.2080E+03	0.0000E+00	0.0000E+00	2.4969E+00
1.2090E+03	0.0000E+00	0.0000E+00	2.4952E+00
1.2100E+03	0.0000E+00	0.0000E+00	2.4657E+00
1.2110E+03	0.0000E+00	0.0000E+00	2.4737E+00
1.2120E+03	0.0000E+00	0.0000E+00	2.4734E+00
1.2130E+03	0.0000E+00	0.0000E+00	2.4541E+00
1.2140E+03	0.0000E+00	0.0000E+00	2.4565E+00
1.2150E+03	0.0000E+00	0.0000E+00	2.4433E+00
1.2160E+03	0.0000E+00	0.0000E+00	2.4532E+00
1.2170E+03	0.0000E+00	0.0000E+00	2.4548E+00
1.2180E+03	0.0000E+00	0.0000E+00	2.4519E+00
1.2190E+03	0.0000E+00	0.0000E+00	2.4750E+00
1.2200E+03	0.0000E+00	0.0000E+00	2.4741E+00
1.2210E+03	0.0000E+00	0.0000E+00	2.4913E+00
1.2220E+03	0.0000E+00	0.0000E+00	2.5063E+00
1.2230E+03	0.0000E+00	0.0000E+00	2.5171E+00
1.2240E+03	0.0000E+00	0.0000E+00	2.5309E+00
1.2250E+03	0.0000E+00	0.0000E+00	2.5229E+00
1.2260E+03	0.0000E+00	0.0000E+00	2.5481E+00
1.2270E+03	0.0000E+00	0.0000E+00	2.5493E+00
1.2280E+03	0.0000E+00	0.0000E+00	2.5473E+00
1.2290E+03	0.0000E+00	0.0000E+00	2.5510E+00
1.2300E+03	0.0000E+00	0.0000E+00	2.5410E+00
1.2310E+03	0.0000E+00	0.0000E+00	2.5391E+00
1.2320E+03	0.0000E+00	0.0000E+00	2.5346E+00
1.2330E+03	0.0000E+00	0.0000E+00	2.5292E+00
1.2340E+03	0.0000E+00	0.0000E+00	2.5178E+00
1.2350E+03	0.0000E+00	0.0000E+00	2.5203E+00
1.2360E+03	0.0000E+00	0.0000E+00	2.4894E+00
1.2370E+03	0.0000E+00	0.0000E+00	2.5126E+00
1.2380E+03	0.0000E+00	0.0000E+00	2.4973E+00
1.2390E+03	0.0000E+00	0.0000E+00	2.4761E+00
1.2400E+03	0.0000E+00	0.0000E+00	2.4893E+00
1.2410E+03	0.0000E+00	0.0000E+00	2.4788E+00
1.2420E+03	0.0000E+00	0.0000E+00	2.4688E+00
1.2430E+03	0.0000E+00	0.0000E+00	2.4954E+00
1.2440E+03	0.0000E+00	0.0000E+00	2.4737E+00
1.2450E+03	0.0000E+00	0.0000E+00	2.4880E+00
1.2460E+03	0.0000E+00	0.0000E+00	2.4859E+00
1.2470E+03	0.0000E+00	0.0000E+00	2.5004E+00
1.2480E+03	0.0000E+00	0.0000E+00	2.5075E+00
1.2490E+03	0.0000E+00	0.0000E+00	2.5011E+00
1.2500E+03	0.0000E+00	0.0000E+00	2.5039E+00
1.2510E+03	0.0000E+00	0.0000E+00	2.4890E+00
1.2520E+03	0.0000E+00	0.0000E+00	2.5022E+00
1.2530E+03	0.0000E+00	0.0000E+00	2.4976E+00
1.2540E+03	0.0000E+00	0.0000E+00	2.5052E+00
1.2550E+03	0.0000E+00	0.0000E+00	2.4956E+00
1.2560E+03	0.0000E+00	0.0000E+00	2.4944E+00
1.2570E+03	0.0000E+00	0.0000E+00	2.4730E+00
1.2580E+03	0.0000E+00	0.0000E+00	2.4913E+00
1.2590E+03	0.0000E+00	0.0000E+00	2.4715E+00
1.2600E+03	0.0000E+00	0.0000E+00	2.4675E+00
1.2610E+03	0.0000E+00	0.0000E+00	2.4648E+00
1.2620E+03	0.0000E+00	0.0000E+00	2.4613E+00
1.2630E+03	0.0000E+00	0.0000E+00	2.4366E+00
1.2640E+03	0.0000E+00	0.0000E+00	2.4345E+00
1.2650E+03	0.0000E+00	0.0000E+00	2.4463E+00
1.2660E+03	0.0000E+00	0.0000E+00	2.4412E+00
1.2670E+03	0.0000E+00	0.0000E+00	2.4453E+00
1.2680E+03	0.0000E+00	0.0000E+00	2.4473E+00
1.2690E+03	0.0000E+00	0.0000E+00	2.4599E+00
1.2700E+03	0.0000E+00	0.0000E+00	2.4685E+00
1.2710E+03	0.0000E+00	0.0000E+00	2.4586E+00
1.2720E+03	0.0000E+00	0.0000E+00	2.4844E+00
1.2730E+03	0.0000E+00	0.0000E+00	2.4903E+00
1.2740E+03	0.0000E+00	0.0000E+00	2.4760E+00
1.2750E+03	0.0000E+00	0.0000E+00	2.4891E+00
1.2760E+03	0.0000E+00	0.0000E+00	2.4818E+00
1.2770E+03	0.0000E+00	0.0000E+00	2.4898E+00
1.2780E+03	0.0000E+00	0.0000E+00	2.4833E+00
1.2790E+03	0.0000E+00	0.0000E+00	2.4819E+00
1.2800E+03	0.0000E+00	0.0000E+00	2.4705E+00
1.2810E+03	0.0000E+00	0.0000E+00	2.4666E+00
1.2820E+03	0.0000E+00	0.0000E+00	2.4673E+00
1.2830E+03	0.0000E+00	0.0000E+00	2.4340E+00
1.2840E+03	0.0000E+00	0.0000E+00	2.4500E+00
1.2850E+03	0.0000E+00	0.0000E+00	2.4506E+00
1.2860E+03	0.0000E+00	0.0000E+00	2.4375E+00
1.2870E+03	0.0000E+00	0.0000E+00	2.4238E+00
1.2880E+03	0.0000E+00	0.0000E+00	2.4221E+00
1.2890E+03	0.0000E+00	0.0000E+00	2.4056E+00
1.2900E+03	0.0000E+00	0.0000E+00	2.4133E+00
1.2910E+03	0.0000E+00	0.0000E+00	2.4194E+00
1.2920E+03	0.0000E+00	0.0000E+00	2.4324E+00
1.2930E+03	0.0000E+00	0.0000E+00	2.4419E+00
1.2940E+03	0.0000E+00	0.0000E+00	2.4405E+00
1.2950E+03	0.0000E+00	0.0000E+00	2.4470E+00
1.2960E+03	0.0000E+00	0.0000E+00	2.4572E+00
1.2970E+03	0.0000E+00	0.0000E+00	2.4523E+00
1.2980E+03	0.0000E+00	0.0000E+00	2.4767E+00
1.2990E+03	0.0000E+00	0.0000E+00	2.4683E+00
1.3000E+03	0.0000E+00	0.0000E+00	2.4760E+00
1.3010E+03	0.0000E+00	0.0000E+00	2.4757E+00
1.3020E+03	0.0000E+00	0.0000E+00	2.4738E+00
1.3030E+03	0.0000E+00	0.0000E+00	2.4611E+00
1.3040E+03	0.0000E+00	0.0000E+00	2.4578E+00
1.3050E+03	0.0000E+00	0.0000E+00	2.4426E+00
1.3060E+03	0.0000E+00	0.0000E+00	2.4414E+00
1.3070E+03	0.0000E+00	0.0000E+00	2.4501E+00
1.3080E+03	0.0000E+00	0.0000E+00	2.4308E+00
1.3090E+03	0.0000E+00	0.0000E+00	2.4357E+00
1.3100E+03	0.0000E+00	0.0000E+00	2.4243E+00
1.3110E+03	0.0000E+00	0.0000E+00	2.4285E+00
1.3120E+03	0.0000E+00	0.0000E+00	2.4072E+00
1.3130E+03	0.0000E+00	0.0000E+00	2.4054E+00
1.3140E+03	0.0000E+00	0.0000E+00	2.4086E+00
1.3150E+03	0.0000E+00	0.0000E+00	2.4166E+00
1.3160E+03	0.0000E+00	0.0000E+00	2.4315E+00
1.3170E+03	0.0000E+00	0.0000E+00	2.4458E+00
1.3180E+03	0.0000E+00	0.0000E+00	2.4677E+00
1.3190E+03	0.0000E+00	0.0000E+00	2.4726E+00
1.3200E+03	0.0000E+00	0.0000E+00	2.4765E+00
1.3210E+03	0.0000E+00	0.0000E+00	2.4889E+00
1.3220E+03	0.0000E+00	0.0000E+00	2.5121E+00
1.3230E+03	0.0000E+00	0.0000E+00	2.5069E+00
1.3240E+03	0.0000E+00	0.0000E+00	2.5187E+00
1.3250E+03	0.0000E+00	0.0000E+00	2.5258E+00
1.3260E+03	0.0000E+00	0.0000E+00	2.5052E+00
1.3270E+03	0.0000E+00	0.0000E+00	2.5151E+00
1.3280E+03	0.0000E+00	0.0000E+00	2.5251E+00
1.3290E+03	0.0000E+00	0.0000E+00	2.5123E+00
1.3300E+03	0.0000E+00	0.0000E+00	2.5130E+00
1.3310E+03	0.0000E+00	0.0000E+00	2.5034E+00
1.3320E+03	0.0000E+00	0.0000E+00	2.5028E+00
1.3330E+03	0.0000E+00	0.0000E+00	2.4804E+00
1.3340E+03	0.0000E+00	0.0000E+00	2.4781E+00
1.3350E+03	0.0000E+00	0.0000E+00	2.4791E+00
1.3360E+03	0.0000E+00	0.0000E+00	2.4618E+00
1.3370E+03	0.0000E+00	0.0000E+00	2.4660E+00
1.3380E+03	0.0000E+00	0.0000E+00	2.4537E+00
1.3390E+03	0.0000E+00	0.0000E+00	2.4762E+00
1.3400E+03	0.0000E+00	0.0000E+00	2.4808E+00
1.3410E+03	0.0000E+00	0.0000E+00	2.4774E+00
1.3420E+03	0.0000E+00	0.0000E+00	2.5003E+00
1.3430E+03	0.0000E+00	0.0000E+00	2.5068E+00
1.3440E+03	0.0000E+00	0.0000E+00	2.5185E+00
1.3450E+03	0.0000E+00	0.0000E+00	2.5439E+00
1.3460E+03	0.0000E+00	0.0000E+00	2.5490E+00
1.3470E+03	0.0000E+00	0.0000E+00	2.5543E+00
1.3480E+03	0.0000E+00	0.0000E+00	2.5535E+00
1.3490E+03	0.0000E+00	0.0000E+00	2.5659E+00
1.3500E+03	0.0000E+00	0.0000E+00	2.5769E+00
1.3510E+03	0.0000E+00	0.0000E+00	2.5766E+00
1.3520E+03	0.0000E+00	0.0000E+00	2.5629E+00
1.3530E+03	0.0000E+00	0.0000E+00	2.5540E+00
1.3540E+03	0.0000E+00	0.0000E+00	2.5648E+00
1.3550E+03	0.0000E+00	0.0000E+00	2.5642E+00
1.3560E+03	0.0000E+00	0.0000E+00	2.5574E+00
1.3570E+03	0.0000E+00	0.0000E+00	2.5639E+00
1.3580E+03	0.0000E+00	0.0000E+00	2.5469E+00
1.3590E+03	0.0000E+00	0.0000E+00	2.5392E+00
1.3600E+03	0.0000E+00	0.0000E+00	2.5425E+00
1.3610E+03	0.0000E+00	0.0000E+00	2.5284E+00
1.3620E+03	0.0000E+00	0.0000E+00	2.5194E+00
1.3630E+03	0.0000E+00	0.0000E+00	2.5177E+00
1.3640E+03	0.0000E+00	0.0000E+00	2.5247E+00
1.3650E+03	0.0000E+00	0.0000E+00	2.5240E+00
1.3660E+03	0.0000E+00	0.0000E+00	2.5379E+00
1.3670E+03	0.0000E+00	0.0000E+00	2.5570E+00
1.3680E+03	0.0000E+00	0.0000E+00	2.5634E+00
1.3690E+03	0.0000E+00	0.0000E+00	2.5814E+00
1.3700E+03	0.0000E+00	0.0000E+00	2.5818E+00
1.3710E+03	0.0000E+00	0.0000E+00	2.5799E+00
1.3720E+03	0.0000E+00	0.0000E+00	2.5648E+00
1.3730E+03	0.0000E+00	0.0000E+00	2.5827E+00
1.3740E+03	0.0000E+00	0.0000E+00	2.5724E+00
1.3750E+03	0.0000E+00	0.0000E+00	2.5759E+00
1.3760E+03	0.0000E+00	0.0000E+00	2.5770E+00
1.3770E+03	0.0000E+00	0.0000E+00	2.5569E+00
1.3780E+03	0.0000E+00	0.0000E+00	2.5488E+00
1.3790E+03	0.0000E+00	0.0000E+00	2.5512E+00
1.3800E+03	0.0000E+00	0.0000E+00	2.5441E+00
1.3810E+03	0.0000E+00	0.0000E+00	2.5448E+00
1.3820E+03	0.0000E+00	0.0000E+00	2.5436E+00
1.3830E+03	0.0000E+00	0.0000E+00	2.5238E+00
1.3840E+03	0.0000E+00	0.0000E+00	2.5306E+00
1.3850E+03	0.0000E+00	0.0000E+00	2.5200E+00
1.3860E+03	0.0000E+00	0.0000E+00	2.5064E+00
1.3870E+03	0.0000E+00	0.0000E+00	2.5113E+00
1.3880E+03	0.0000E+00	0.0000E+00	2.4979E+00
1.3890E+03	0.0000E+00	0.0000E+00	2.4989E+00
1.3900E+03	0.0000E+00	0.0000E+00	2.5141E+00
1.3910E+03	0.0000E+00	0.0000E+00	2.5310E+00
1.3920E+03	0.0000E+00	0.0000E+00	2.5223E+00
1.3930E+03	0.0000E+00	0.0000E+00	2.5292E+00
1.3940E+03	0.0000E+00	0.0000E+00	2.5406E+00
1.3950E+03	0.0000E+00	0.0000E+00	2.5422E+00
1.3960E+03	0.0000E+00	0.0000E+00	2.5454E+00
1.3970E+03	0.0000E+00	0.0000E+00	2.5412E+00
1.3980E+03	0.0000E+00	0.0000E+00	2.5374E+00
1.3990E+03	0.0000E+00	0.0000E+00	2.5339E+00
1.4000E+03	0.0000E+00	0.0000E+00	2.5308E+00
1.4010E+03	0.0000E+00	0.0000E+00	2.5228E+00
1.4020E+03	0.0000E+00	0.0000E+00	2.5173E+00
1.4030E+03	0.0000E+00	0.0000E+00	2.5110E+00
1.4040E+03	0.0000E+00	0.0000E+00	2.5134E+00
1.4050E+03	0.0000E+00	0.0000E+00	2.5010E+00
1.4060E+03	0.0000E+00	0.0000E+00	2.4972E+00
1.4070E+03	0.0000E+00	0.0000E+00	2.4872E+00
1.4080E+03	0.0000E+00	0.0000E+00	2.4862E+00
1.4090E+03	0.0000E+00	0.0000E+00	2.4659E+00
1.4100E+03	0.0000E+00	0.0000E+00	2.4672E+00
1.4110E+03	0.0000E+00	0.0000E+00	2.4558E+00
1.4120E+03	0.0000E+00	0.0000E+00	2.4842E+00
1.4130E+03	0.0000E+00	0.0000E+00	2.4808E+00
1.4140E+03	0.0000E+00	0.0000E+00	2.4719E+00
1.4150E+03	0.0000E+00	0.0000E+00	2.4938E+00
1.4160E+03	0.0000E+00	0.0000E+00	2.5052E+00
1.4170E+03	0.0000E+00	0.0000E+00	2.5144E+00
1.4180E+03	0.0000E+00	0.0000E+00	2.5361E+00
1.4190E+03	0.0000E+00	0.0000E+00	2.5138E+00
1.4200E+03	0.0000E+00	0.0000E+00	2.5220E+00
1.4210E+03	0.0000E+00	0.0000E+00	2.5270E+00
1.4220E+03	0.0000E+00	0.0000E+00	2.5244E+00
1.4230E+03	0.0000E+00	0.0000E+00	2.5213E+00
1.4240E+03	0.0000E+00	0.0000E+00	2.5129E+00
1.4250E+03	0.0000E+00	0.0000E+00	2.5319E+00
1.4260E+03	0.0000E+00	0.0000E+00	2.5292E+00
1.4270E+03	0.0000E+00	0.0000E+00	2.5129E+00
1.4280E+03	0.0000E+00	0.0000E+00	2.5067E+00
1.4290E+03	0.0000E+00	0.0000E+00	2.4952E+00
1.4300E+03	0.0000E+00	0.0000E+00	2.4817E+00
1.4310E+03	0.0000E+00	0.0000E+00	2.4828E+00
1.4320E+03	0.0000E+00	0.0000E+00	2.4723E+00
1.4330E+03	0.0000E+00	0.0000E+00	2.4696E+00
1.4340E+03	0.0000E+00	0.0000E+00	2.4560E+00
1.4350E+03	0.0000E+00	0.0000E+00	2.4592E+00
1.4360E+03	0.0000E+00	0.0000E+00	2.4742E+00
1.4370E+03	0.0000E+00	0.0000E+00	2.4786E+00
1.4380E+03	0.0000E+00	0.0000E+00	2.4635E+00
1.4390E+03	0.0000E+00	0.0000E+00	2.4834E+00
1.4400E+03	0.0000E+00	0.0000E+00	2.4798E+00
1.4410E+03	0.0000E+00	0.0000E+00	2.4884E+00
1.4420E+03	0.0000E+00	0.0000E+00	2.4864E+00
1.4430E+03	0.0000E+00	0.0000E+00	2.4802E+00
1.4440E+03	0.0000E+00	0.0000E+00	2.4849E+00
1.4450E+03	0.0000E+00	0.0000E+00	2.4802E+00
1.4460E+03	0.0000E+00	0.0000E+00	2.4712E+00
1.4470E+03	0.0000E+00	0.0000E+00	2.4802E+00
1.4480E+03	0.0000E+00	0.0000E+00	2.4669E+00
1.4490E+03	0.0000E+00	0.0000E+00	2.4722E+00
1.4500E+03	0.0000E+00	0.0000E+00	2.4740E+00
1.4510E+03	0.0000E+00	0.0000E+00	2.4622E+00
1.4520E+03	0.0000E+00	0.0000E+00	2.4616E+00
1.4530E+03	0.0000E+00	0.0000E+00	2.4510E+00
1.4540E+03	0.0000E+00	0.0000E+00	2.4404E+00
1.4550E+03	0.0000E+00	0.0000E+00	2.4259E+00
1.4560E+03	0.0000E+00	0.0000E+00	2.4307E+00
1.4570E+03	0.0000E+00	0.0000E+00	2.4279E+00
1.4580E+03	0.0000E+00	0.0000E+00	2.4254E+00
1.4590E+03	0.0000E+00	0.0000E+00	2.4374E+00
1.4600E+03	0.0000E+00	0.0000E+00	2.4404E+00
1.4610E+03	0.0000E+00	0.0000E+00	2.4529E+00
1.4620E+03	0.0000E+00	0.0000E+00	2.4493E+00
1.4630E+03	0.0000E+00	0.0000E+00	2.4414E+00
1.4640E+03	0.0000E+00	0.0000E+00	2.4474E+00
1.4650E+03	0.0000E+00	0.0000E+00	2.4566E+00
1.4660E+03	0.0000E+00	0.0000E+00	2.4362E+00
1.4670E+03	0.0000E+00	0.0000E+00	2.4595E+00
1.4680E+03	0.0000E+00	0.0000E+00	2.4513E+00
1.4690E+03	0.0000E+00	0.0000E+00	2.4472E+00
1.4700E+03	0.0000E+00	0.0000E+00	2.4521E+00
1.4710E+03	0.0000E+00	0.0000E+00	2.4510E+00
1.4720E+03	0.0000E+00	0.0000E+00	2.4461E+00
1.4730E+03	0.0000E+00	0.0000E+00	2.4411E+00
1.4740E+03	0.0000E+00	0.0000E+00	2.4285E+00
1.4750E+03	0.0000E+00	0.0000E+00	2.4280E+00
1.4760E+03	0.0000E+00	0.0000E+00	2.4221E+00
1.4770E+03	0.0000E+00	0.0000E+00	2.4071E+00
1.4780E+03	0.0000E+00	0.0000E+00	2.4075E+00
1.4790E+03	0.0000E+00	0.0000E+00	2.4131E+00
1.4800E+03	0.0000E+00	0.0000E+00	2.4131E+00
1.4810E+03	0.0000E+00	0.0000E+00	2.4093E+00
1.4820E+03	0.0000E+00	0.0000E+00	2.4074E+00
1.4830E+03	0.0000E+00	0.0000E+00	2.4074E+00
1.4840E+03	0.0000E+00	0.0000E+00	2.4071E+00
1.4850E+03	0.0000E+00	0.0000E+00	2.4336E+00
1.4860E+03	0.0000E+00	0.0000E+00	2.4299E+00
1.4870E+03	0.0000E+00	0.0000E+00	2.4510E+00
1.4880E+03	0.0000E+00	0.0000E+00	2.4558E+00
1.4890E+03	0.0000E+00	0.0000E+00	2.4637E+00
1.4900E+03	0.0000E+00	0.0000E+00	2.4659E+00
1.4910E+03	0.0000E+00	0.0000E+00	2.4918E+00
1.4920E+03	0.0000E+00	0.0000E+00	2.4936E+00
1.4930E+03	0.0000E+00	0.0000E+00	2.4923E+00
1.4940E+03	0.0000E+00	0.0000E+00	2.4897E+00
1.4950E+03	0.0000E+00	0.0000E+00	2.4745E+00
1.4960E+03	0.0000E+00	0.0000E+00	2.4745E+00
1.4970E+03	0.0000E+00	0.0000E+00	2.4677E+00
1.4980E+03	0.0000E+00	0.0000E+00	2.4533E+00
1.4990E+03	0.0000E+00	0.0000E+00	2.4665E+00
1.5000E+03	0.0000E+00	0.0000E+00	2.4442E+00
1.5010E+03	0.0000E+00	0.0000E+00	2.4507E+00
1.5020E+03	0.0000E+00	0.0000E+00	2.4387E+00
1.5030E+03	0.0000E+00	0.0000E+00	2.4332E+00
1.5040E+03	0.0000E+00	0.0000E+00	2.4392E+00
1.5050E+03	0.0000E+00	0.0000E+00	2.4251E+00
1.5060E+03	0.0000E+00	0.0000E+00	2.4201E+00
1.5070E+03	0.0000E+00	0.0000E+00	2.4212E+00
1.5080E+03	0.0000E+00	0.0000E+00	2.4291E+00
1.5090E+03	0.0000E+00	0.0000E+00	2.4396E+00
1.5100E+03	0.0000E+00	0.0000E+00	2.4517E+00
1.5110E+03	0.0000E+00	0.0000E+00	2.4702E+00
1.5120E+03	0.0000E+00	0.0000E+00	2.4803E+00
1.5130E+03	0.0000E+00	0.0000E+00	2.4908E+00
1.5140E+03	0.0000E+00	0.0000E+00	2.4809E+00
1.5150E+03	0.0000E+00	0.0000E+00	2.5025E+00
1.5160E+03	0.0000E+00	0.0000E+00	2.5053E+00
1.5170E+03	0.0000E+00	0.0000E+00	2.4898E+00
1.5180E+03	0.0000E+00	0.0000E+00	2.5103E+00
1.5190E+03	0.0000E+00	0.0000E+00	2.4856E+00
1.5200E+03	0.0000E+00	0.0000E+00	2.4871E+00
1.5210E+03	0.0000E+00	0.0000E+00	2.4855E+00
1.5220E+03	0.0000E+00	0.0000E+00	2.4689E+00
1.5230E+03	0.0000E+00	0.0000E+00	2.4683E+00
1.5240E+03	0.0000E+00	0.0000E+00	2.4589E+00
1.5250E+03	0.0000E+00	0.0000E+00	2.4583E+00
1.5260E+03	0.0000E+00	0.0000E+00	2.4570E+00
1.5270E+03	0.0000E+00	0.0000E+00	2.4338E+00
1.5280E+03	0.0000E+00	0.0000E+00	2.4255E+00
1.5290E+03	0.0000E+00	0.0000E+00	2.4192E+00
1.5300E+03	0.0000E+00	0.0000E+00	2.4232E+00
1.5310E+03	0.0000E+00	0.0000E+00	2.4219E+00
1.5320E+03	0.0000E+00	0.0000E+00	2.4171E+00
1.5330E+03	0.0000E+00	0.0000E+00	2.4199E+00
1.5340E+03	0.0000E+00	0.0000E+00	2.4303E+00
1.5350E+03	0.0000E+00	0.0000E+00	2.4430E+00
1.5360E+03	0.0000E+00	0.0000E+00	2.4380E+00
1.5370E+03	0.0000E+00	0.0000E+00	2.4548E+00
1.5380E+03	0.0000E+00	0.0000E+00	2.4694E+00
1.5390E+03	0.0000E+00	0.0000E+00	2.4639E+00
1.5400E+03	0.0000E+00	0.0000E+00	2.4618E+00
1.5410E+03	0.0000E+00	0.0000E+00	2.4703E+00
1.5420E+03	0.0000E+00	0.0000E+00	2.4579E+00
1.5430E+03	0.0000E+00	0.0000E+00	2.4623E+00
1.5440E+03	0.0000E+00	0.0000E+00	2.4511E+00
1.5450E+03	0.0000E+00	0.0000E+00	2.4599E+00
1.5460E+03	0.0000E+00	0.0000E+00	2.4507E+00
1.5470E+03	0.0000E+00	0.0000E+00	2.4528E+00
1.5480E+03	0.0000E+00	0.0000E+00	2.4407E+00
1.5490E+03	0.0000E+00	0.0000E+00	2.4322E+00
1.5500E+03	0.0000E+00	0.0000E+00	2.4312E+00
1.5510E+03	0.0000E+00	0.0000E+00	2.4304E+00
1.5520E+03	0.0000E+00	0.0000E+00	2.4192E+00
1.5530E+03	0.0000E+00	0.0000E+00	2.4055E+00
1.5540E+03	0.0000E+00	0.0000E+00	2.4047E+00
1.5550E+03	0.0000E+00	0.0000E+00	2.4153E+00
1.5560E+03	0.0000E+00	0.0000E+00	2.4100E+00
1.5570E+03	0.0000E+00	0.0000E+00	2.4276E+00
1.5580E+03	0.0000E+00	0.0000E+00	2.4121E+00
1.5590E+03	0.0000E+00	0.0000E+00	2.4141E+00
1.5600E+03	0.0000E+00	0.0000E+00	2.3992E+00
1.5610E+03	0.0000E+00	0.0000E+00	2.3796E+00
1.5620E+03	0.0000E+00	0.0000E+00	2.3735E+00
1.5630E+03	0.0000E+00	0.0000E+00	2.3664E+00
1.5640E+03	0.0000E+00	0.0000E+00	2.3631E+00
1.5650E+03	0.0000E+00	0.0000E+00	2.3575E+00
1.5660E+03	0.0000E+00	0.0000E+00	2.3426E+00
1.5670E+03	0.0000E+00	0.0000E+00	2.3312E+00
1.5680E+03	0.0000E+00	0.0000E+00	2.3365E+00
1.5690E+03	0.0000E+00	0.0000E+00	2.3334E+00
1.5700E+03	0.0000E+00	0.0000E+00	2.3212E+00
1.5710E+03	0.0000E+00	0.0000E+00	2.3222E+00
1.5720E+03	0.0000E+00	0.0000E+00	2.3036E+00
1.5730E+03	0.0000E+00	0.0000E+00	2.3139E+00
1.5740E+03	0.0000E+00	0.0000E+00	2.2996E+00
1.5750E+03	0.0000E+00	0.0000E+00	2.3020E+00
1.5760E+03	0.0000E+00	0.0000E+00	2.2952E+00
1.5770E+03	0.0000E+00	0.0000E+00	2.2884E+00
1.5780E+03	0.0000E+00	0.0000E+00	2.2833E+00
1.5790E+03	0.0000E+00	0.0000E+00	2.2826E+00
1.5800E+03	0.0000E+00	0.0000E+00	2.2744E+00
1.5810E+03	0.0000E+00	0.0000E+00	2.2776E+00
1.5820E+03	0.0000E+00	0.0000E+00	2.2631E+00
1.5830E+03	0.0000E+00	0.0000E+00	2.2590E+00
1.5840E+03	0.0000E+00	0.0000E+00	2.2606E+00
1.5850E+03	0.0000E+00	0.0000E+00	2.2556E+00
1.5860E+03	0.0000E+00	0.0000E+00	2.2596E+00
1.5870E+03	0.0000E+00	0.0000E+00	2.2444E+00
1.5880E+03	0.0000E+00	0.0000E+00	2.2423E+00
1.5890E+03	0.0000E+00	0.0000E+00	2.2377E+00
1.5900E+03	0.0000E+00	0.0000E+00	2.2263E+00
1.5910E+03	0.0000E+00	0.0000E+00	2.2271E+00
1.5920E+03	0.0000E+00	0.0000E+00	2.2295E+00
1.5930E+03	0.0000E+00	0.0000E+00	2.2260E+00
1.5940E+03	0.0000E+00	0.0000E+00	2.2234E+00
1.5950E+03	0.0000E+00	0.0000E+00	2.2233E+00
1.5960E+03	0.0000E+00	0.0000E+00	2.2182E+00
1.5970E+03	0.0000E+00	0.0000E+00	2.2197E+00
1.5980E+03	0.0000E+00	0.0000E+00	2.2147E+00
1.5990E+03	0.0000E+00	0.0000E+00	2.2112E+00
1.6000E+03	0.0000E+00	0.0000E+00	2.2030E+00
1.6010E+03	0.0000E+00	0.0000E+00	2.1949E+00
1.6020E+03	0.0000E+00	0.0000E+00	2.1990E+00
1.6030E+03	0.0000E+00	0.0000E+00	2.1980E+00
1.6040E+03	0.0000E+00	0.0000E+00	2.2033E+00
1.6050E+03	0.0000E+00	0.0000E+00	2.2035E+00
1.6060E+03	0.0000E+00	0.0000E+00	2.2135E+00
1.6070E+03	0.0000E+00	0.0000E+00	2.2209E+00
1.6080E+03	0.0000E+00	0.0000E+00	2.2248E+00
1.6090E+03	0.0000E+00	0.0000E+00	2.2303E+00
1.6100E+03	0.0000E+00	0.0000E+00	2.2281E+00
1.6110E+03	0.0000E+00	0.0000E+00	2.2330E+00
1.6120E+03	0.0000E+00	0.0000E+00	2.2325E+00
1.6130E+03	0.0000E+00	0.0000E+00	2.2201E+00
1.6140E+03	0.0000E+00	0.0000E+00	2.2158E+00
1.6150E+03	0.0000E+00	0.0000E+00	2.2136E+00
1.6160E+03	0.0000E+00	0.0000E+00	2.2114E+00
1.6170E+03	0.0000E+00	0.0000E+00	2.2086E+00
1.6180E+03	0.0000E+00	0.0000E+00	2.2128E+00
1.6190E+03	0.0000E+00	0.0000E+00	2.2094E+00
1.6200E+03	0.0000E+00	0.0000E+00	2.2089E+00
1.6210E+03	0.0000E+00	0.0000E+00	2.2020E+00
1.6220E+03	0.0000E+00	0.0000E+00	2.2042E+00
1.6230E+03	0.0000E+00	0.0000E+00	2.1939E+00
1.6240E+03	0.0000E+00	0.0000E+00	2.1936E+00
1.6250E+03	0.0000E+00	0.0000E+00	2.1971E+00
1.6260E+03	0.0000E+00	0.0000E+00	2.1910E+00
1.6270E+03	0.0000E+00	0.0000E+00	2.1937E+00
1.6280E+03	0.0000E+00	0.0000E+00	2.2011E+00
1.6290E+03	0.0000E+00	0.0000E+00	2.2066E+00
1.6300E+03	0.0000E+00	0.0000E+00	2.2221E+00
1.6310E+03	0.0000E+00	0.0000E+00	2.2310E+00
1.6320E+03	0.0000E+00	0.0000E+00	2.2544E+00
1.6330E+03	0.0000E+00	0.0000E+00	2.2655E+00
1.6340E+03	0.0000E+00	0.0000E+00	2.2618E+00
1.6350E+03	0.0000E+00	0.0000E+00	2.2718E+00
1.6360E+03	0.0000E+00	0.0000E+00	2.2650E+00
1.6370E+03	0.0000E+00	0.0000E+00	2.2698E+00
1.6380E+03	0.0000E+00	0.0000E+00	2.2610E+00
1.6390E+03	0.0000E+00	0.0000E+00	2.2622E+00
1.6400E+03	0.0000E+00	0.0000E+00	2.2576E+00
1.6410E+03	0.0000E+00	0.0000E+00	2.2504E+00
1.6420E+03	0.0000E+00	0.0000E+00	2.2510E+00
1.6430E+03	0.0000E+00	0.0000E+00	2.2433E+00
1.6440E+03	0.0000E+00	0.0000E+00	2.2400E+00
1.6450E+03	0.0000E+00	0.0000E+00	2.2384E+00
1.6460E+03	0.0000E+00	0.0000E+00	2.2361E+00
1.6470E+03	0.0000E+00	0.0000E+00	2.2286E+00
1.6480E+03	0.0000E+00	0.0000E+00	2.2197E+00
1.6490E+03	0.0000E+00	0.0000E+00	2.2268E+00
1.6500E+03	0.0000E+00	0.0000E+00	2.2282E+00
1.6510E+03	0.0000E+00	0.0000E+00	2.2298E+00
1.6520E+03	0.0000E+00	0.0000E+00	2.2493E+00
1.6530E+03	0.0000E+00	0.0000E+00	2.2717E+00
1.6540E+03	0.0000E+00	0.0000E+00	2.2976E+00
1.6550E+03	0.0000E+00	0.0000E+00	2.3131E+00
1.6560E+03	0.0000E+00	0.0000E+00	2.3365E+00
1.6570E+03	0.0000E+00	0.0000E+00	2.3412E+00
1.6580E+03	0.0000E+00	0.0000E+00	2.3408E+00
1.6590E+03	0.0000E+00	0.0000E+00	2.3508E+00
1.6600E+03	0.0000E+00	0.0000E+00	2.3512E+00
1.6610E+03	0.0000E+00	0.0000E+00	2.3411E+00
1.6620E+03	0.0000E+00	0.0000E+00	2.3392E+00
1.6630E+03	0.0000E+00	0.0000E+00	2.3463E+00
1.6640E+03	0.0000E+00	0.0000E+00	2.3335E+00
1.6650E+03	0.0000E+00	0.0000E+00	2.3354E+00
1.6660E+03	0.0000E+00	0.0000E+00	2.3256E+00
1.6670E+03	0.0000E+00	0.0000E+00	2.3255E+00
1.6680E+03	0.0000E+00	0.0000E+00	2.3195E+00
1.6690E+03	0.0000E+00	0.0000E+00	2.3062E+00
1.6700E+03	0.0000E+00	0.0000E+00	2.3015E+00
1.6710E+03	0.0000E+00	0.0000E+00	2.2919E+00
1.6720E+03	0.0000E+00	0.0000E+00	2.2881E+00
1.6730E+03	0.0000E+00	0.0000E+00	2.2906E+00
1.6740E+03	0.0000E+00	0.0000E+00	2.2830E+00
1.6750E+03	0.0000E+00	0.0000E+00	2.3002E+00
1.6760E+03	0.0000E+00	0.0000E+00	2.3126E+00
1.6770E+03	0.0000E+00	0.0000E+00	2.3421E+00
1.6780E+03	0.0000E+00	0.0000E+00	2.3699E+00
1.6790E+03	0.0000E+00	0.0000E+00	2.3841E+00
1.6800E+03	0.0000E+00	0.0000E+00	2.3931E+00
1.6810E+03	0.0000E+00	0.0000E+00	2.4084E+00
1.6820E+03	0.0000E+00	0.0000E+00	2.4117E+00
1.6830E+03	0.0000E+00	0.0000E+00	2.4174E+00
1.6840E+03	0.0000E+00	0.0000E+00	2.4199E+00
1.6850E+03	0.0000E+00	0.0000E+00	2.4179E+00
1.6860E+03	0.0000E+00	0.0000E+00	2.4047E+00
1.6870E+03	0.0000E+00	0.0000E+00	2.4117E+00
1.6880E+03	0.0000E+00	0.0000E+00	2.4145E+00
1.6890E+03	0.0000E+00	0.0000E+00	2.3982E+00
1.6900E+03	0.0000E+00	0.0000E+00	2.3908E+00
1.6910E+03	0.0000E+00	0.0000E+00	2.3865E+00
1.6920E+03	0.0000E+00	0.0000E+00	2.3790E+00
1.6930E+03	0.0000E+00	0.0000E+00	2.3715E+00
1.6940E+03	0.0000E+00	0.0000E+00	2.3646E+00
1.6950E+03	0.0000E+00	0.0000E+00	2.3469E+00
1.6960E+03	0.0000E+00	0.0000E+00	2.3374E+00
1.6970E+03	0.0000E+00	0.0000E+00	2.3442E+00
1.6980E+03	0.0000E+00	0.0000E+00	2.3451E+00
1.6990E+03	0.0000E+00	0.0000E+00	2.3579E+00
1.7000E+03	0.0000E+00	0.0000E+00	2.3823E+00
1.7010E+03	0.0000E+00	0.0000E+00	2.3993E+00
1.7020E+03	0.0000E+00	0.0000E+00	2.4088E+00
1.7030E+03	0.0000E+00	0.0000E+00	2.4179E+00
1.7040E+03	0.0000E+00	0.0000E+00	2.4367E+00
1.7050E+03	0.0000E+00	0.0000E+00	2.4647E+00
1.7060E+03	0.0000E+00	0.0000E+00	2.4687E+00
1.7070E+03	0.0000E+00	0.0000E+00	2.4819E+00
1.7080E+03	0.0000E+00	0.0000E+00	2.4853E+00
1.7090E+03	0.0000E+00	0.0000E+00	2.4821E+00
1.7100E+03	0.0000E+00	0.0000E+00	2.4940E+00
1.7110E+03	0.0000E+00	0.0000E+00	2.4829E+00
1.7120E+03	0.0000E+00	0.0000E+00	2.4660E+00
1.7130E+03	0.0000E+00	0.0000E+00	2.4757E+00
1.7140E+03	0.0000E+00	0.0000E+00	2.4538E+00
1.7150E+03	0.0000E+00	0.0000E+00	2.4520E+00
1.7160E+03	0.0000E+00	0.0000E+00	2.4295E+00
1.7170E+03	0.0000E+00	0.0000E+00	2.4262E+00
1.7180E+03	0.0000E+00	0.0000E+00	2.4219E+00
1.7190E+03	0.0000E+00	0.0000E+00	2.4128E+00
1.7200E+03	0.0000E+00	0.0000E+00	2.4142E+00
1.7210E+03	0.0000E+00	0.0000E+00	2.3851E+00
1.7220E+03	0.0000E+00	0.0000E+00	2.3827E+00
1.7230E+03	0.0000E+00	0.0000E+00	2.3859E+00
1.7240E+03	0.0000E+00	0.0000E+00	2.4102E+00
1.7250E+03	0.0000E+00	0.0000E+00	2.4373E+00
1.7260E+03	0.0000E+00	0.0000E+00	2.4460E+00
1.7270E+03	0.0000E+00	0.0000E+00	2.4534E+00
1.7280E+03	0.0000E+00	0.0000E+00	2.4708E+00
1.7290E+03	0.0000E+00	0.0000E+00	2.4693E+00
1.7300E+03	0.0000E+00	0.0000E+00	2.4767E+00
1.7310E+03	0.0000E+00	0.0000E+00	2.4832E+00
1.7320E+03	0.0000E+00	0.0000E+00	2.4956E+00
1.7330E+03	0.0000E+00	0.0000E+00	2.4863E+00
1.7340E+03	0.0000E+00	0.0000E+00	2.4754E+00
1.7350E+03	0.0000E+00	0.0000E+00	2.4591E+00
1.7360E+03	0.0000E+00	0.0000E+00	2.4732E+00
1.7370E+03	0.0000E+00	0.0000E+00	2.4590E+00
1.7380E+03	0.0000E+00	0.0000E+00	2.4355E+00
1.7390E+03	0.0000E+00	0.0000E+00	2.4387E+00
1.7400E+03	0.0000E+00	0.0000E+00	2.4376E+00
1.7410E+03	0.0000E+00	0.0000E+00	2.4355E+00
1.7420E+03	0.0000E+00	0.0000E+00	2.4090E+00
1.7430E+03	0.0000E+00	0.0000E+00	2.4069E+00
1.7440E+03	0.0000E+00	0.0000E+00	2.3920E+00
1.7450E+03	0.0000E+00	0.0000E+00	2.3875E+00
1.7460E+03	0.0000E+00	0.0000E+00	2.3961E+00
1.7470E+03	0.0000E+00	0.0000E+00	2.4170E+00
1.7480E+03	0.0000E+00	0.0000E+00	2.4092E+00
1.7490E+03	0.0000E+00	0.0000E+00	2.4380E+00
1.7500E+03	0.0000E+00	0.0000E+00	2.4601E+00
1.7510E+03	0.0000E+00	0.0000E+00	2.4724E+00
1.7520E+03	0.0000E+00	0.0000E+00	2.4847E+00
1.7530E+03	0.0000E+00	0.0000E+00	2.4849E+00
1.7540E+03	0.0000E+00	0.0000E+00	2.4967E+00
1.7550E+03	0.0000E+00	0.0000E+00	2.5248E+00
1.7560E+03	0.0000E+00	0.0000E+00	2.5087E+00
1.7570E+03	0.0000E+00	0.0000E+00	2.5173E+00
1.7580E+03	0.0000E+00	0.0000E+00	2.5217E+00
1.7590E+03	0.0000E+00	0.0000E+00	2.5105E+00
1.7600E+03	0.0000E+00	0.0000E+00	2.5194E+00
1.7610E+03	0.0000E+00	0.0000E+00	2.5170E+00
1.7620E+03	0.0000E+00	0.0000E+00	2.5023E+00
1.7630E+03	0.0000E+00	0.0000E+00	2.5056E+00
1.7640E+03	0.0000E+00	0.0000E+00	2.4840E+00
1.7650E+03	0.0000E+00	0.0000E+00	2.4889E+00
1.7660E+03	0.0000E+00	0.0000E+00	2.4546E+00
1.7670E+03	0.0000E+00	0.0000E+00	2.4555E+00
1.7680E+03	0.0000E+00	0.0000E+00	2.4428E+00
1.7690E+03	0.0000E+00	0.0000E+00	2.4489E+00
1.7700E+03	0.0000E+00	0.0000E+00	2.4375E+00
1.7710E+03	0.0000E+00	0.0000E+00	2.4314E+00
1.7720E+03	0.0000E+00	0.0000E+00	2.4426E+00
1.7730E+03	0.0000E+00	0.0000E+00	2.4641E+00
1.7740E+03	0.0000E+00	0.0000E+00	2.4647E+00
1.7750E+03	0.0000E+00	0.0000E+00	2.4905E+00
1.7760E+03	0.0000E+00	0.0000E+00	2.5015E+00
1.7770E+03	0.0000E+00	0.0000E+00	2.5156E+00
1.7780E+03	0.0000E+00	0.0000E+00	2.5092E+00
1.7790E+03	0.0000E+00	0.0000E+00	2.5029E+00
1.7800E+03	0.0000E+00	0.0000E+00	2.5092E+00
1.7810E+03	0.0000E+00	0.0000E+00	2.5088E+00
1.7820E+03	0.0000E+00	0.0000E+00	2.5088E+00
1.7830E+03	0.0000E+00	0.0000E+00	2.5082E+00
1.7840E+03	0.0000E+00	0.0000E+00	2.4979E+00
1.7850E+03	0.0000E+00	0.0000E+00	2.4915E+00
1.7860E+03	0.0000E+00	0.0000E+00	2.4807E+00
1.7870E+03	0.0000E+00	0.0000E+00	2.4700E+00
1.7880E+03	0.0000E+00	0.0000E+00	2.4419E+00
1.7890E+03	0.0000E+00	0.0000E+00	2.4461E+00
1.7900E+03	0.0000E+00	0.0000E+00	2.4295E+00
1.7910E+03	0.0000E+00	0.0000E+00	2.4199E+00
1.7920E+03	0.0000E+00	0.0000E+00	2.4208E+00
1.7930E+03	0.0000E+00	0.0000E+00	2.4101E+00
1.7940E+03	0.0000E+00	0.0000E+00	2.4038E+00
1.7950E+03	0.0000E+00	0.0000E+00	2.4040E+00
1.7960E+03	0.0000E+00	0.0000E+00	2.4195E+00
1.7970E+03	0.0000E+00	0.0000E+00	2.4167E+00
1.7980E+03	0.0000E+00	0.0000E+00	2.4297E+00
1.7990E+03	0.0000E+00	0.0000E+00	2.4404E+00
1.8000E+03	0.0000E+00	0.0000E+00	2.4639E+00
1.8010E+03	0.0000E+00	0.0000E+00	2.4627E+00
1.8020E+03	0.0000E+00	0.0000E+00	2.4790E+00
1.8030E+03	0.0000E+00	0.0000E+00	2.4696E+00
1.8040E+03	0.0000E+00	0.0000E+00	2.4740E+00
1.8050E+03	0.0000E+00	0.0000E+00	2.4520E+00
1.8060E+03	0.0000E+00	0.0000E+00	2.4514E+00
1.8070E+03	0.0000E+00	0.0000E+00	2.4552E+00
1.8080E+03	0.0000E+00	0.0000E+00	2.4461E+00
1.8090E+03	0.0000E+00	0.0000E+00	2.4230E+00
1.8100E+03	0.0000E+00	0.0000E+00	2.4355E+00
1.8110E+03	0.0000E+00	0.0000E+00	2.4330E+00
1.8120E+03	0.0000E+00	0.0000E+00	2.4104E+00
1.8130E+03	0.0000E+00	0.0000E+00	2.4027E+00
1.8140E+03	0.0000E+00	0.0000E+00	2.3888E+00
1.8150E+03	0.0000E+00	0.0000E+00	2.3854E+00
1.8160E+03	0.0000E+00	0.0000E+00	2.3717E+00
1.8170E+03	0.0000E+00	0.0000E+00	2.3754E+00
1.8180E+03	0.0000E+00	0.0000E+00	2.3880E+00
1.8190E+03	0.0000E+00	0.0000E+00	2.3863E+00
1.8200E+03	0.0000E+00	0.0000E+00	2.4056E+00
1.8210E+03	0.0000E+00	0.0000E+00	2.4134E+00
1.8220E+03	0.0000E+00	0.0000E+00	2.4381E+00
1.8230E+03	0.0000E+00	0.0000E+00	2.4691E+00
1.8240E+03	0.0000E+00	0.0000E+00	2.4804E+00
1.8250E+03	0.0000E+00	0.0000E+00	2.4810E+00
1.8260E+03	0.0000E+00	0.0000E+00	2.4816E+00
1.8270E+03	0.0000E+00	0.0000E+00	2.4823E+00
1.8280E+03	0.0000E+00	0.0000E+00	2.4973E+00
1.8290E+03	0.0000E+00	0.0000E+00	2.4881E+00
1.8300E+03	0.0000E+00	0.0000E+00	2.4650E+00
1.8310E+03	0.0000E+00	0.0000E+00	2.4518E+00
1.8320E+03	0.0000E+00	0.0000E+00	2.4578E+00
1.8330E+03	0.0000E+00	0.0000E+00	2.4591E+00
1.8340E+03	0.0000E+00	0.0000E+00	2.4437E+00
1.8350E+03	0.0000E+00	0.0000E+00	2.4295E+00
1.8360E+03	0.0000E+00	0.0000E+00	2.4127E+00
1.8370E+03	0.0000E+00	0.0000E+00	2.3980E+00
1.8380E+03	0.0000E+00	0.0000E+00	2.3947E+00
1.8390E+03	0.0000E+00	0.0000E+00	2.3873E+00
1.8400E+03	0.0000E+00	0.0000E+00	2.3760E+00
1.8410E+03	0.0000E+00	0.0000E+00	2.3683E+00
1.8420E+03	0.0000E+00	0.0000E+00	2.3834E+00
1.8430E+03	0.0000E+00	0.0000E+00	2.3845E+00
1.8440E+03	0.0000E+00	0.0000E+00	2.3877E+00
1.8450E+03	0.0000E+00	0.0000E+00	2.4123E+00
1.8460E+03	0.0000E+00	0.0000E+00	2.4171E+00
1.8470E+03	0.0000E+00	0.0000E+00	2.4372E+00
1.8480E+03	0.0000E+00	0.0000E+00	2.4521E+00
1.8490E+03	0.0000E+00	0.0000E+00	2.4503E+00
1.8500E+03	0.0000E+00	0.0000E+00	2.4552E+00
1.8510E+03	0.0000E+00	0.0000E+00	2.4424E+00
1.8520E+03	0.0000E+00	0.0000E+00	2.4387E+00
1.8530E+03	0.0000E+00	0.0000E+00	2.4255E+00
1.8540E+03	0.0000E+00	0.0000E+00	2.4150E+00
1.8550E+03	0.0000E+00	0.0000E+00	2.4143E+00
1.8560E+03	0.0000E+00	0.0000E+00	2.4004E+00
1.8570E+03	0.0000E+00	0.0000E+00	2.4011E+00
1.8580E+03	0.0000E+00	0.0000E+00	2.3993E+00
1.8590E+03	0.0000E+00	0.0000E+00	2.3776E+00
1.8600E+03	0.0000E+00	0.0000E+00	2.3751E+00
1.8610E+03	0.0000E+00	0.0000E+00	2.3595E+00
1.8620E+03	0.0000E+00	0.0000E+00	2.3618E+00
1.8630E+03	0.0000E+00	0.0000E+00	2.3407E+00
1.8640E+03	0.0000E+00	0.0000E+00	2.3439E+00
1.8650E+03	0.0000E+00	0.0000E+00	2.3402E+00
1.8660E+03	0.0000E+00	0.0000E+00	2.3458E+00
1.8670E+03	0.0000E+00	0.0000E+00	2.3689E+00
1.8680E+03	0.0000E+00	0.0000E+00	2.3871E+00
1.8690E+03	0.0000E+00	0.0000E+00	2.3895E+00
1.8700E+03	0.0000E+00	0.0000E+00	2.4030E+00
1.8710E+03	0.0000E+00	0.0000E+00	2.4250E+00
1.8720E+03	0.0000E+00	0.0000E+00	2.4235E+00
1.8730E+03	0.0000E+00	0.0000E+00	2.4158E+00
1.8740E+03	0.0000E+00	0.0000E+00	2.4333E+00
1.8750E+03	0.0000E+00	0.0000E+00	2.4329E+00
1.8760E+03	0.0000E+00	0.0000E+00	2.4181E+00
1.8770E+03	0.0000E+00	0.0000E+00	2.4078E+00
1.8780E+03	0.0000E+00	0.0000E+00	2.4000E+00
1.8790E+03	0.0000E+00	0.0000E+00	2.3895E+00
1.8800E+03	0.0000E+00	0.0000E+00	2.3778E+00
1.8810E+03	0.0000E+00	0.0000E+00	2.3858E+00
1.8820E+03	0.0000E+00	0.0000E+00	2.3766E+00
1.8830E+03	0.0000E+00	0.0000E+00	2.3663E+00
1.8840E+03	0.0000E+00	0.0000E+00	2.3510E+00
1.8850E+03	0.0000E+00	0.0000E+00	2.3369E+00
1.8860E+03	0.0000E+00	0.0000E+00	2.3334E+00
1.8870E+03	0.0000E+00	0.0000E+00	2.3239E+00
1.8880E+03	0.0000E+00	0.0000E+00	2.3123E+00
1.8890E+03	0.0000E+00	0.0000E+00	2.3122E+00
1.8900E+03	0.0000E+00	0.0000E+00	2.3175E+00
1.8910E+03	0.0000E+00	0.0000E+00	2.3234E+00
1.8920E+03	0.0000E+00	0.0000E+00	2.3372E+00
1.8930E+03	0.0000E+00	0.0000E+00	2.3601E+00
1.8940E+03	0.0000E+00	0.0000E+00	2.3725E+00
1.8950E+03	0.0000E+00	0.0000E+00	2.3708E+00
1.8960E+03	0.0000E+00	0.0000E+00	2.3760E+00
1.8970E+03	0.0000E+00	0.0000E+00	2.3846E+00
1.8980E+03	0.0000E+00	0.0000E+00	2.3729E+00
1.8990E+03	0.0000E+00	0.0000E+00	2.3720E+00
1.9000E+03	0.0000E+00	0.0000E+00	2.3747E+00
1.9010E+03	0.0000E+00	0.0000E+00	2.3570E+00
1.9020E+03	0.0000E+00	0.0000E+00	2.3575E+00
1.9030E+03	0.0000E+00	0.0000E+00	2.3527E+00
1.9040E+03	0.0000E+00	0.0000E+00	2.3390E+00
1.9050E+03	0.0000E+00	0.0000E+00	2.3396E+00
1.9060E+03	0.0000E+00	0.0000E+00	2.3408E+00
1.9070E+03	0.0000E+00	0.0000E+00	2.3229E+00
1.9080E+03	0.0000E+00	0.0000E+00	2.3278E+00
1.9090E+03	0.0000E+00	0.0000E+00	2.3125E+00
1.9100E+03	0.0000E+00	0.0000E+00	2.3054E+00
1.9110E+03	0.0000E+00	0.0000E+00	2.2964E+00
1.9120E+03	0.0000E+00	0.0000E+00	2.2952E+00
1.9130E+03	0.0000E+00	0.0000E+00	2.2928E+00
1.9140E+03	0.0000E+00	0.0000E+00	2.2928E+00
1.9150E+03	0.0000E+00	0.0000E+00	2.3012E+00
1.9160E+03	0.0000E+00	0.0000E+00	2.3152E+00
1.9170E+03	0.0000E+00	0.0000E+00	2.3072E+00
1.9180E+03	0.0000E+00	0.0000E+00	2.3188E+00
1.9190E+03	0.0000E+00	0.0000E+00	2.3233E+00
1.9200E+03	0.0000E+00	0.0000E+00	2.3259E+00
1.9210E+03	0.0000E+00	0.0000E+00	2.3250E+00
1.9220E+03	0.0000E+00	0.0000E+00	2.3259E+00
1.9230E+03	0.0000E+00	0.0000E+00	2.3260E+00
1.9240E+03	0.0000E+00	0.0000E+00	2.3093E+00
1.9250E+03	0.0000E+00	0.0000E+00	2.3127E+00
1.9260E+03	0.0000E+00	0.0000E+00	2.3116E+00
1.9270E+03	0.0000E+00	0.0000E+00	2.3003E+00
1.9280E+03	0.0000E+00	0.0000E+00	2.3010E+00
1.9290E+03	0.0000E+00	0.0000E+00	2.3023E+00
1.9300E+03	0.0000E+00	0.0000E+00	2.2983E+00
1.9310E+03	0.0000E+00	0.0000E+00	2.3022E+00
1.9320E+03	0.0000E+00	0.0000E+00	2.3038E+00
1.9330E+03	0.0000E+00	0.0000E+00	2.2977E+00
1.9340E+03	0.0000E+00	0.0000E+00	2.2881E+00
1.9350E+03	0.0000E+00	0.0000E+00	2.2843E+00
1.9360E+03	0.0000E+00	0.0000E+00	2.2736E+00
1.9370E+03	0.0000E+00	0.0000E+00	2.2792E+00
1.9380E+03	0.0000E+00	0.0000E+00	2.2783E+00
1.9390E+03	0.0000E+00	0.0000E+00	2.2877E+00
1.9400E+03	0.0000E+00	0.0000E+00	2.3125E+00
1.9410E+03	0.0000E+00	0.0000E+00	2.3258E+00
1.9420E+03	0.0000E+00	0.0000E+00	2.3416E+00
1.9430E+03	0.0000E+00	0.0000E+00	2.3464E+00
1.9440E+03	0.0000E+00	0.0000E+00	2.3443E+00
1.9450E+03	0.0000E+00	0.0000E+00	2.3549E+00
1.9460E+03	0.0000E+00	0.0000E+00	2.3543E+00
1.9470E+03	0.0000E+00	0.0000E+00	2.3362E+00
1.9480E+03	0.0000E+00	0.0000E+00	2.3441E+00
1.9490E+03	0.0000E+00	0.0000E+00	2.3330E+00
1.9500E+03	0.0000E+00	0.0000E+00	2.3217E+00
1.9510E+03	0.0000E+00	0.0000E+00	2.3191E+00
1.9520E+03	0.0000E+00	0.0000E+00	2.3134E+00
1.9530E+03	0.0000E+00	0.0000E+00	2.3031E+00
1.9540E+03	0.0000E+00	0.0000E+00	2.3040E+00
1.9550E+03	0.0000E+00	0.0000E+00	2.2961E+00
1.9560E+03	0.0000E+00	0.0000E+00	2.2881E+00
1.9570E+03	0.0000E+00	0.0000E+00	2.2775E+00
1.9580E+03	0.0000E+00	0.0000E+00	2.2648E+00
1.9590E+03	0.0000E+00	0.0000E+00	2.2527E+00
1.9600E+03	0.0000E+00	0.0000E+00	2.2532E+00
1.9610E+03	0.0000E+00	0.0000E+00	2.2524E+00
1.9620E+03	0.0000E+00	0.0000E+00	2.2587E+00
1.9630E+03	0.0000E+00	0.0000E+00	2.2604E+00
1.9640E+03	0.0000E+00	0.0000E+00	2.2764E+00
1.9650E+03	0.0000E+00	0.0000E+00	2.2922E+00
1.9660E+03	0.0000E+00	0.0000E+00	2.2962E+00
1.9670E+03	0.0000E+00	0.0000E+00	2.3174E+00
1.9680E+03	0.0000E+00	0.0000E+00	2.3207E+00
1.9690E+03	0.0000E+00	0.0000E+00	2.3076E+00
1.9700E+03	0.0000E+00	0.0000E+00	2.3100E+00
1.9710E+03	0.0000E+00	0.0000E+00	2.2967E+00
1.9720E+03	0.0000E+00	0.0000E+00	2.2967E+00
1.9730E+03	0.0000E+00	0.0000E+00	2.2851E+00
1.9740E+03	0.0000E+00	0.0000E+00	2.2846E+00
1.9750E+03	0.0000E+00	0.0000E+00	2.2776E+00
1.9760E+03	0.0000E+00	0.0000E+00	2.2737E+00
1.9770E+03	0.0000E+00	0.0000E+00	2.2631E+00
1.9780E+03	0.0000E+00	0.0000E+00	2.2682E+00
1.9790E+03	0.0000E+00	0.0000E+00	2.2575E+00
1.9800E+03	0.0000E+00	0.0000E+00	2.2464E+00
1.9810E+03	0.0000E+00	0.0000E+00	2.2402E+00
1.9820E+03	0.0000E+00	0.0000E+00	2.2323E+00
1.9830E+03	0.0000E+00	0.0000E+00	2.2295E+00
1.9840E+03	0.0000E+00	0.0000E+00	2.2228E+00
1.9850E+03	0.0000E+00	0.0000E+00	2.2209E+00
1.9860E+03	0.0000E+00	0.0000E+00	2.2287E+00
1.9870E+03	0.0000E+00	0.0000E+00	2.2346E+00
1.9880E+03	0.0000E+00	0.0000E+00	2.2473E+00
1.9890E+03	0.0000E+00	0.0000E+00	2.2755E+00
1.9900E+03	0.0000E+00	0.0000E+00	2.2860E+00
1.9910E+03	0.0000E+00	0.0000E+00	2.3004E+00
1.9920E+03	0.0000E+00	0.0000E+00	2.3044E+00
1.9930E+03	0.0000E+00	0.0000E+00	2.3047E+00
1.9940E+03	0.0000E+00	0.0000E+00	2.3041E+00
1.9950E+03	0.0000E+00	0.0000E+00	2.3062E+00
1.9960E+03	0.0000E+00	0.0000E+00	2.2906E+00
1.9970E+03	0.0000E+00	0.0000E+00	2.2934E+00
1.9980E+03	0.0000E+00	0.0000E+00	2.2836E+00
1.9990E+03	0.0000E+00	0.0000E+00	2.2706E+00
2.0000E+03	0.0000E+00	0.0000E+00	2.2787E+00
2.0010E+03	0.0000E+00	0.0000E+00	2.2720E+00
2.0020E+03	0.0000E+00	0.0000E+00	2.2546E+00
2.0030E+03	0.0000E+00	0.0000E+00	2.2523E+00
2.0040E+03	0.0000E+00	0.0000E+00	2.2422E+00
2.0050E+03	0.0000E+00	0.0000E+00	2.2348E+00
2.0060E+03	0.0000E+00	0.0000E+00	2.2292E+00
2.0070E+03	0.0000E+00	0.0000E+00	2.2176E+00
2.0080E+03	0.0000E+00	0.0000E+00	2.2169E+00
2.0090E+03	0.0000E+00	0.0000E+00	2.2192E+00
2.0100E+03	0.0000E+00	0.0000E+00	2.2264E+00
2.0110E+03	0.0000E+00	0.0000E+00	2.2440E+00
2.0120E+03	0.0000E+00	0.0000E+00	2.2620E+00
2.0130E+03	0.0000E+00	0.0000E+00	2.2813E+00
2.0140E+03	0.0000E+00	0.0000E+00	2.2863E+00
2.0150E+03	0.0000E+00	0.0000E+00	2.2983E+00
2.0160E+03	0.0000E+00	0.0000E+00	2.2992E+00
2.0170E+03	0.0000E+00	0.0000E+00	2.2971E+00
2.0180E+03	0.0000E+00	0.0000E+00	2.2987E+00
2.0190E+03	0.0000E+00	0.0000E+00	2.2997E+00
2.0200E+03	0.0000E+00	0.0000E+00	2.2893E+00
2.0210E+03	0.0000E+00	0.0000E+00	2.2801E+00
2.0220E+03	0.0000E+00	0.0000E+00	2.2785E+00
2.0230E+03	0.0000E+00	0.0000E+00	2.2696E+00
2.0240E+03	0.0000E+00	0.0000E+00	2.2580E+00
2.0250E+03	0.0000E+00	0.0000E+00	2.2563E+00
2.0260E+03	0.0000E+00	0.0000E+00	2.2478E+00
2.0270E+03	0.0000E+00	0.0000E+00	2.2473E+00
2.0280E+03	0.0000E+00	0.0000E+00	2.2287E+00
2.0290E+03	0.0000E+00	0.0000E+00	2.2290E+00
2.0300E+03	0.0000E+00	0.0000E+00	2.2195E+00
2.0310E+03	0.0000E+00	0.0000E+00	2.2167E+00
2.0320E+03	0.0000E+00	0.0000E+00	2.2093E+00
2.0330E+03	0.0000E+00	0.0000E+00	2.2191E+00
2.0340E+03	0.0000E+00	0.0000E+00	2.2174E+00
2.0350E+03	0.0000E+00	0.0000E+00	2.2264E+00
2.0360E+03	0.0000E+00	0.0000E+00	2.2443E+00
2.0370E+03	0.0000E+00	0.0000E+00	2.2517E+00
2.0380E+03	0.0000E+00	0.0000E+00	2.2754E+00
2.0390E+03	0.0000E+00	0.0000E+00	2.2749E+00
2.0400E+03	0.0000E+00	0.0000E+00	2.2857E+00
2.0410E+03	0.0000E+00	0.0000E+00	2.2877E+00
2.0420E+03	0.0000E+00	0.0000E+00	2.2994E+00
2.0430E+03	0.0000E+00	0.0000E+00	2.2797E+00
2.0440E+03	0.0000E+00	0.0000E+00	2.2775E+00
2.0450E+03	0.0000E+00	0.0000E+00	2.2826E+00
2.0460E+03	0.0000E+00	0.0000E+00	2.2697E+00
2.0470E+03	0.0000E+00	0.0000E+00	2.2587E+00
2.0480E+03	0.0000E+00	0.0000E+00	2.2495E+00
2.0490E+03	0.0000E+00	0.0000E+00	2.2492E+00
2.0500E+03	0.0000E+00	0.0000E+00	2.2361E+00
2.0510E+03	0.0000E+00	0.0000E+00	2.2356E+00
2.0520E+03	0.0000E+00	0.0000E+00	2.2266E+00
2.0530E+03	0.0000E+00	0.0000E+00	2.2170E+00
2.0540E+03	0.0000E+00	0.0000E+00	2.2091E+00
2.0550E+03	0.0000E+00	0.0000E+00	2.2009E+00
2.0560E+03	0.0000E+00	0.0000E+00	2.2047E+00
2.0570E+03	0.0000E+00	0.0000E+00	2.2039E+00
2.0580E+03	0.0000E+00	0.0000E+00	2.2144E+00
2.0590E+03	0.0000E+00	0.0000E+00	2.2270E+00
2.0600E+03	0.0000E+00	0.0000E+00	2.2450E+00
2.0610E+03	0.0000E+00	0.0000E+00	2.2614E+00
2.0620E+03	0.0000E+00	0.0000E+00	2.2703E+00
2.0630E+03	0.0000E+00	0.0000E+00	2.2734E+00
2.0640E+03	0.0000E+00	0.0000E+00	2.2766E+00
2.0650E+03	0.0000E+00	0.0000E+00	2.2752E+00
2.0660E+03	0.0000E+00	0.0000E+00	2.2700E+00
2.0670E+03	0.0000E+00	0.0000E+00	2.2679E+00
2.0680E+03	0.0000E+00	0.0000E+00	2.2681E+00
2.0690E+03	0.0000E+00	0.0000E+00	2.2535E+00
2.0700E+03	0.0000E+00	0.0000E+00	2.2534E+00
2.0710E+03	0.0000E+00	0.0000E+00	2.2472E+00
2.0720E+03	0.0000E+00	0.0000E+00	2.2421E+00
2.0730E+03	0.0000E+00	0.0000E+00	2.2366E+00
2.0740E+03	0.0000E+00	0.0000E+00	2.2305E+00
2.0750E+03	0.0000E+00	0.0000E+00	2.2262E+00
2.0760E+03	0.0000E+00	0.0000E+00	2.2169E+00
2.0770E+03	0.0000E+00	0.0000E+00	2.2119E+00
2.0780E+03	0.0000E+00	0.0000E+00	2.2022E+00
2.0790E+03	0.0000E+00	0.0000E+00	2.1982E+00
2.0800E+03	0.0000E+00	0.0000E+00	2.1945E+00
2.0810E+03	0.0000E+00	0.0000E+00	2.1910E+00
2.0820E+03	0.0000E+00	0.0000E+00	2.1966E+00
2.0830E+03	0.0000E+00	0.0000E+00	2.2105E+00
2.0840E+03	0.0000E+00	0.0000E+00	2.2302E+00
2.0850E+03	0.0000E+00	0.0000E+00	2.2486E+00
2.0860E+03	0.0000E+00	0.0000E+00	2.2660E+00
2.0870E+03	0.0000E+00	0.0000E+00	2.2866E+00
2.0880E+03	0.0000E+00	0.0000E+00	2.2876E+00
2.0890E+03	0.0000E+00	0.0000E+00	2.2844E+00
2.0900E+03	0.0000E+00	0.0000E+00	2.2864E+00
2.0910E+03	0.0000E+00	0.0000E+00	2.2996E+00
2.0920E+03	0.0000E+00	0.0000E+00	2.2744E+00
2.0930E+03	0.0000E+00	0.0000E+00	2.2650E+00
2.0940E+03	0.0000E+00	0.0000E+00	2.2700E+00
2.0950E+03	0.0000E+00	0.0000E+00	2.2630E+00
2.0960E+03	0.0000E+00	0.0000E+00	2.2550E+00
2.0970E+03	0.0000E+00	0.0000E+00	2.2492E+00
2.0980E+03	0.0000E+00	0.0000E+00	2.2360E+00
2.0990E+03	0.0000E+00	0.0000E+00	2.2296E+00
2.1000E+03	0.0000E+00	0.0000E+00	2.2183E+00
2.1010E+03	0.0000E+00	0.0000E+00	2.2056E+00
2.1020E+03	0.0000E+00	0.0000E+00	2.2057E+00
2.1030E+03	0.0000E+00	0.0000E+00	2.1963E+00
2.1040E+03	0.0000E+00	0.0000E+00	2.1860E+00
2.1050E+03	0.0000E+00	0.0000E+00	2.1900E+00
2.1060E+03	0.0000E+00	0.0000E+00	2.2060E+00
2.1070E+03	0.0000E+00	0.0000E+00	2.2179E+00
2.1080E+03	0.0000E+00	0.0000E+00	2.2332E+00
2.1090E+03	0.0000E+00	0.0000E+00	2.2517E+00
2.1100E+03	0.0000E+00	0.0000E+00	2.2685E+00
2.1110E+03	0.0000E+00	0.0000E+00	2.2766E+00
2.1120E+03	0.0000E+00	0.0000E+00	2.2931E+00
2.1130E+03	0.0000E+00	0.0000E+00	2.2952E+00
2.1140E+03	0.0000E+00	0.0000E+00	2.2934E+00
2.1150E+03	0.0000E+00	0.0000E+00	2.2920E+00
2.1160E+03	0.0000E+00	0.0000E+00	2.2833E+00
2.1170E+03	0.0000E+00	0.0000E+00	2.2709E+00
2.1180E+03	0.0000E+00	0.0000E+00	2.2607E+00
2.1190E+03	0.0000E+00	0.0000E+00	2.2572E+00
2.1200E+03	0.0000E+00	0.0000E+00	2.2489E+00
2.1210E+03	0.0000E+00	0.0000E+00	2.2387E+00
2.1220E+03	0.0000E+00	0.0000E+00	2.2323E+00
2.1230E+03	0.0000E+00	0.0000E+00	2.2228E+00
2.1240E+03	0.0000E+00	0.0000E+00	2.2118E+00
2.1250E+03	0.0000E+00	0.0000E+00	2.2025E+00
2.1260E+03	0.0000E+00	0.0000E+00	2.1962E+00
2.1270E+03	0.0000E+00	0.0000E+00	2.1824E+00
2.1280E+03	0.0000E+00	0.0000E+00	2.1854E+00
2.1290E+03	0.0000E+00	0.0000E+00	2.1887E+00
2.1300E+03	0.0000E+00	0.0000E+00	2.1957E+00
2.1310E+03	0.0000E+00	0.0000E+00	2.2155E+00
2.1320E+03	0.0000E+00	0.0000E+00	2.2290E+00
2.1330E+03	0.0000E+00	0.0000E+00	2.2497E+00
2.1340E+03	0.0000E+00	0.0000E+00	2.2731E+00
2.1350E+03	0.0000E+00	0.0000E+00	2.2849E+00
2.1360E+03	0.0000E+00	0.0000E+00	2.2896E+00
2.1370E+03	0.0000E+00	0.0000E+00	2.2983E+00
2.1380E+03	0.0000E+00	0.0000E+00	2.2882E+00
2.1390E+03	0.0000E+00	0.0000E+00	2.2878E+00
2.1400E+03	0.0000E+00	0.0000E+00	2.2855E+00
2.1410E+03	0.0000E+00	0.0000E+00	2.2699E+00
2.1420E+03	0.0000E+00	0.0000E+00	2.2563E+00
2.1430E+03	0.0000E+00	0.0000E+00	2.2444E+00
2.1440E+03	0.0000E+00	0.0000E+00	2.2475E+00
2.1450E+03	0.0000E+00	0.0000E+00	2.2312E+00
2.1460E+03	0.0000E+00	0.0000E+00	2.2281E+00
2.1470E+03	0.0000E+00	0.0000E+00	2.2246E+00
2.1480E+03	0.0000E+00	0.0000E+00	2.2110E+00
2.1490E+03	0.0000E+00	0.0000E+00	2.2077E+00
2.1500E+03	0.0000E+00	0.0000E+00	2.1985E+00
2.1510E+03	0.0000E+00	0.0000E+00	2.1923E+00
2.1520E+03	0.0000E+00	0.0000E+00	2.1812E+00
2.1530E+03	0.0000E+00	0.0000E+00	2.1922E+00
2.1540E+03	0.0000E+00	0.0000E+00	2.2040E+00
2.1550E+03	0.0000E+00	0.0000E+00	2.2289E+00
2.1560E+03	0.0000E+00	0.0000E+00	2.2458E+00
2.1570E+03	0.0000E+00	0.0000E+00	2.2570E+00
2.1580E+03	0.0000E+00	0.0000E+00	2.2712E+00
2.1590E+03	0.0000E+00	0.0000E+00	2.2837E+00
2.1600E+03	0.0000E+00	0.0000E+00	2.2825E+00
2.1610E+03	0.0000E+00	0.0000E+00	2.2744E+00
2.1620E+03	0.0000E+00	0.0000E+00	2.2765E+00
2.1630E+03	0.0000E+00	0.0000E+00	2.2624E+00
2.1640E+03	0.0000E+00	0.0000E+00	2.2646E+00
2.1650E+03	0.0000E+00	0.0000E+00	2.2474E+00
2.1660E+03	0.0000E+00	0.0000E+00	2.2322E+00
2.1670E+03	0.0000E+00	0.0000E+00	2.2239E+00
2.1680E+03	0.0000E+00	0.0000E+00	2.2242E+00
2.1690E+03	0.0000E+00	0.0000E+00	2.2145E+00
2.1700E+03	0.0000E+00	0.0000E+00	2.2017E+00
2.1710E+03	0.0000E+00	0.0000E+00	2.1896E+00
2.1720E+03	0.0000E+00	0.0000E+00	2.1824E+00
2.1730E+03	0.0000E+00	0.0000E+00	2.1684E+00
2.1740E+03	0.0000E+00	0.0000E+00	2.1620E+00
2.1750E+03	0.0000E+00	0.0000E+00	2.1593E+00
2.1760E+03	0.0000E+00	0.0000E+00	2.1402E+00
2.1770E+03	0.0000E+00	0.0000E+00	2.1367E+00
2.1780E+03	0.0000E+00	0.0000E+00	2.1412E+00
2.1790E+03	0.0000E+00	0.0000E+00	2.1525E+00
2.1800E+03	0.0000E+00	0.0000E+00	2.1576E+00
2.1810E+03	0.0000E+00	0.0000E+00	2.1702E+00
2.1820E+03	0.0000E+00	0.0000E+00	2.1797E+00
2.1830E+03	0.0000E+00	0.0000E+00	2.1886E+00
2.1840E+03	0.0000E+00	0.0000E+00	2.1914E+00
2.1850E+03	0.0000E+00	0.0000E+00	2.1950E+00
2.1860E+03	0.0000E+00	0.0000E+00	2.1899E+00
2.1870E+03	0.0000E+00	0.0000E+00	2.1885E+00
2.1880E+03	0.0000E+00	0.0000E+00	2.1725E+00
2.1890E+03	0.0000E+00	0.0000E+00	2.1777E+00
2.1900E+03	0.0000E+00	0.0000E+00	2.1632E+00
2.1910E+03	0.0000E+00	0.0000E+00	2.1582E+00
2.1920E+03	0.0000E+00	0.0000E+00	2.1544E+00
2.1930E+03	0.0000E+00	0.0000E+00	2.1513E+00
2.1940E+03	0.0000E+00	0.0000E+00	2.1430E+00
2.1950E+03	0.0000E+00	0.0000E+00	2.1367E+00
2.1960E+03	0.0000E+00	0.0000E+00	2.1310E+00
2.1970E+03	0.0000E+00	0.0000E+00	2.1243E+00
2.1980E+03	0.0000E+00	0.0000E+00	2.1142E+00
2.1990E+03	0.0000E+00	0.0000E+00	2.1097E+00
2.2000E+03	0.0000E+00	0.0000E+00	2.1050E+00
2.2010E+03	0.0000E+00	0.0000E+00	2.0981E+00
2.2020E+03	0.0000E+00	0.0000E+00	2.1033E+00
2.2030E+03	0.0000E+00	0.0000E+00	2.1118E+00
2.2040E+03	0.0000E+00	0.0000E+00	2.1222E+00
2.2050E+03	0.0000E+00	0.0000E+00	2.1383E+00
2.2060E+03	0.0000E+00	0.0000E+00	2.1499E+00
2.2070E+03	0.0000E+00	0.0000E+00	2.1559E+00
2.2080E+03	0.0000E+00	0.0000E+00	2.1643E+00
2.2090E+03	0.0000E+00	0.0000E+00	2.1746E+00
2.2100E+03	0.0000E+00	0.0000E+00	2.1760E+00
2.2110E+03	0.0000E+00	0.0000E+00	2.1643E+00
2.2120E+03	0.0000E+00	0.0000E+00	2.1651E+00
2.2130E+03	0.0000E+00	0.0000E+00	2.1577E+00
2.2140E+03	0.0000E+00	0.0000E+00	2.1480E+00
2.2150E+03	0.0000E+00	0.0000E+00	2.1404E+00
2.2160E+03	0.0000E+00	0.0000E+00	2.1389E+00
2.2170E+03	0.0000E+00	0.0000E+00	2.1349E+00
2.2180E+03	0.0000E+00	0.0000E+00	2.1261E+00
2.2190E+03	0.0000E+00	0.0000E+00	2.1173E+00
2.2200E+03	0.0000E+00	0.0000E+00	2.1096E+00
2.2210E+03	0.0000E+00	0.0000E+00	2.1050E+00
2.2220E+03	0.0000E+00	0.0000E+00	2.1012E+00
2.2230E+03	0.0000E+00	0.0000E+00	2.1024E+00
2.2240E+03	0.0000E+00	0.0000E+00	2.1001E+00
2.2250E+03	0.0000E+00	0.0000E+00	2.0981E+00
2.2260E+03	0.0000E+00	0.0000E+00	2.0974E+00
2.2270E+03	0.0000E+00	0.0000E+00	2.1061E+00
2.2280E+03	0.0000E+00	0.0000E+00	2.1099E+00
2.2290E+03	0.0000E+00	0.0000E+00	2.1212E+00
2.2300E+03	0.0000E+00	0.0000E+00	2.1342E+00
2.2310E+03	0.0000E+00	0.0000E+00	2.1383E+00
2.2320E+03	0.0000E+00	0.0000E+00	2.1412E+00
2.2330E+03	0.0000E+00	0.0000E+00	2.1427E+00
2.2340E+03	0.0000E+00	0.0000E+00	2.1459E+00
2.2350E+03	0.0000E+00	0.0000E+00	2.1403E+00
2.2360E+03	0.0000E+00	0.0000E+00	2.1410E+00
2.2370E+03	0.0000E+00	0.0000E+00	2.1311E+00
2.2380E+03	0.0000E+00	0.0000E+00	2.1229E+00
2.2390E+03	0.0000E+00	0.0000E+00	2.1178E+00
2.2400E+03	0.0000E+00	0.0000E+00	2.1135E+00
2.2410E+03	0.0000E+00	0.0000E+00	2.1084E+00
2.2420E+03	0.0000E+00	0.0000E+00	2.1044E+00
2.2430E+03	0.0000E+00	0.0000E+00	2.1002E+00
2.2440E+03	0.0000E+00	0.0000E+00	2.0959E+00
2.2450E+03	0.0000E+00	0.0000E+00	2.0882E+00
2.2460E+03	0.0000E+00	0.0000E+00	2.0831E+00
2.2470E+03	0.0000E+00	0.0000E+00	2.0730E+00
2.2480E+03	0.0000E+00	0.0000E+00	2.0644E+00
2.2490E+03	0.0000E+00	0.0000E+00	2.0550E+00
2.2500E+03	0.0000E+00	0.0000E+00	2.0575E+00
2.2510E+03	0.0000E+00	0.0000E+00	2.0622E+00
2.2520E+03	0.0000E+00	0.0000E+00	2.0744E+00
2.2530E+03	0.0000E+00	0.0000E+00	2.0908E+00
2.2540E+03	0.0000E+00	0.0000E+00	2.1002E+00
2.2550E+03	0.0000E+00	0.0000E+00	2.1128E+00
2.2560E+03	0.0000E+00	0.0000E+00	2.1248E+00
2.2570E+03	0.0000E+00	0.0000E+00	2.1250E+00
2.2580E+03	0.0000E+00	0.0000E+00	2.1277E+00
2.2590E+03	0.0000E+00	0.0000E+00	2.1203E+00
2.2600E+03	0.0000E+00	0.0000E+00	2.1154E+00
2.2610E+03	0.0000E+00	0.0000E+00	2.1122E+00
2.2620E+03	0.0000E+00	0.0000E+00	2.1063E+00
2.2630E+03	0.0000E+00	0.0000E+00	2.1022E+00
2.2640E+03	0.0000E+00	0.0000E+00	2.0903E+00
2.2650E+03	0.0000E+00	0.0000E+00	2.0912E+00
2.2660E+03	0.0000E+00	0.0000E+00	2.0833E+00
2.2670E+03	0.0000E+00	0.0000E+00	2.0800E+00
2.2680E+03	0.0000E+00	0.0000E+00	2.0704E+00
2.2690E+03	0.0000E+00	0.0000E+00	2.0679E+00
2.2700E+03	0.0000E+00	0.0000E+00	2.0586E+00
2.2710E+03	0.0000E+00	0.0000E+00	2.0586E+00
2.2720E+03	0.0000E+00	0.0000E+00	2.0477E+00
2.2730E+03	0.0000E+00	0.0000E+00	2.0525E+00
2.2740E+03	0.0000E+00	0.0000E+00	2.0601E+00
2.2750E+03	0.0000E+00	0.0000E+00	2.0687E+00
2.2760E+03	0.0000E+00	0.0000E+00	2.0825E+00
2.2770E+03	0.0000E+00	0.0000E+00	2.0894E+00
2.2780E+03	0.0000E+00	0.0000E+00	2.0951E+00
2.2790E+03	0.0000E+00	0.0000E+00	2.1044E+00
2.2800E+03	0.0000E+00	0.0000E+00	2.1049E+00
2.2810E+03	0.0000E+00	0.0000E+00	2.1022E+00
2.2820E+03	0.0000E+00	0.0000E+00	2.1001E+00
2.2830E+03	0.0000E+00	0.0000E+00	2.1001E+00
2.2840E+03	0.0000E+00	0.0000E+00	2.0956E+00
2.2850E+03	0.0000E+00	0.0000E+00	2.0952E+00
2.2860E+03	0.0000E+00	0.0000E+00	2.0867E+00
2.2870E+03	0.0000E+00	0.0000E+00	2.0817E+00
2.2880E+03	0.0000E+00	0.0000E+00	2.0813E+00
2.2890E+03	0.0000E+00	0.0000E+00	2.0699E+00
2.2900E+03	0.0000E+00	0.0000E+00	2.0656E+00
2.2910E+03	0.0000E+00	0.0000E+00	2.0620E+00
2.2920E+03	0.0000E+00	0.0000E+00	2.0532E+00
2.2930E+03	0.0000E+00	0.0000E+00	2.0466E+00
2.2940E+03	0.0000E+00	0.0000E+00	2.0393E+00
2.2950E+03	0.0000E+00	0.0000E+00	2.0357E+00
2.2960E+03	0.0000E+00	0.0000E+00	2.0321E+00
2.2970E+03	0.0000E+00	0.0000E+00	2.0345E+00
2.2980E+03	0.0000E+00	0.0000E+00	2.0255E+00
2.2990E+03	0.0000E+00	0.0000E+00	2.0291E+00
2.3000E+03	0.0000E+00	0.0000E+00	2.0370E+00
2.3010E+03	0.0000E+00	0.0000E+00	2.0499E+00
2.3020E+03	0.0000E+00	0.0000E+00	2.0678E+00
2.3030E+03	0.0000E+00	0.0000E+00	2.0796E+00
2.3040E+03	0.0000E+00	0.0000E+00	2.0932E+00
2.3050E+03	0.0000E+00	0.0000E+00	2.0930E+00
2.3060E+03	0.0000E+00	0.0000E+00	2.0961E+00
2.3070E+03	0.0000E+00	0.0000E+00	2.0966E+00
2.3080E+03	0.0000E+00	0.0000E+00	2.0895E+00
2.3090E+03	0.0000E+00	0.0000E+00	2.0812E+00
2.3100E+03	0.0000E+00	0.0000E+00	2.0777E+00
2.3110E+03	0.0000E+00	0.0000E+00	2.0707E+00
2.3120E+03	0.0000E+00	0.0000E+00	2.0723E+00
2.3130E+03	0.0000E+00	0.0000E+00	2.0676E+00
2.3140E+03	0.0000E+00	0.0000E+00	2.0632E+00
2.3150E+03	0.0000E+00	0.0000E+00	2.0587E+00
2.3160E+03	0.0000E+00	0.0000E+00	2.0471E+00
2.3170E+03	0.0000E+00	0.0000E+00	2.0430E+00
2.3180E+03	0.0000E+00	0.0000E+00	2.0397E+00
2.3190E+03	0.0000E+00	0.0000E+00	2.0318E+00
2.3200E+03	0.0000E+00	0.0000E+00	2.0285E+00
2.3210E+03	0.0000E+00	0.0000E+00	2.0229E+00
2.3220E+03	0.0000E+00	0.0000E+00	2.0328E+00
2.3230E+03	0.0000E+00	0.0000E+00	2.0313E+00
2.3240E+03	0.0000E+00	0.0000E+00	2.0413E+00
2.3250E+03	0.0000E+00	0.0000E+00	2.0547E+00
2.3260E+03	0.0000E+00	0.0000E+00	2.0669E+00
2.3270E+03	0.0000E+00	0.0000E+00	2.0810E+00
2.3280E+03	0.0000E+00	0.0000E+00	2.1033E+00
2.3290E+03	0.0000E+00	0.0000E+00	2.1270E+00
2.3300E+03	0.0000E+00	0.0000E+00	2.1404E+00
2.3310E+03	0.0000E+00	0.0000E+00	2.1444E+00
2.3320E+03	0.0000E+00	0.0000E+00	2.1341E+00
2.3330E+03	0.0000E+00	0.0000E+00	2.1221E+00
2.3340E+03	0.0000E+00	0.0000E+00	2.1103E+00
2.3350E+03	0.0000E+00	0.0000E+00	2.1037E+00
2.3360E+03	0.0000E+00	0.0000E+00	2.0944E+00
2.3370E+03	0.0000E+00	0.0000E+00	2.0838E+00
2.3380E+03	0.0000E+00	0.0000E+00	2.0699E+00
2.3390E+03	0.0000E+00	0.0000E+00	2.0628E+00
2.3400E+03	0.0000E+00	0.0000E+00	2.0618E+00
2.3410E+03	0.0000E+00	0.0000E+00	2.0511E+00
2.3420E+03	0.0000E+00	0.0000E+00	2.0425E+00
2.3430E+03	0.0000E+00	0.0000E+00	2.0338E+00
2.3440E+03	0.0000E+00	0.0000E+00	2.0264E+00
2.3450E+03	0.0000E+00	0.0000E+00	2.0225E+00
2.3460E+03	0.0000E+00	0.0000E+00	2.0466E+00
2.3470E+03	0.0000E+00	0.0000E+00	2.0542E+00
2.3480E+03	0.0000E+00	0.0000E+00	2.0635E+00
2.3490E+03	0.0000E+00	0.0000E+00	2.0602E+00
2.3500E+03	0.0000E+00	0.0000E+00	2.0700E+00
2.3510E+03	0.0000E+00	0.0000E+00	2.0779E+00
2.3520E+03	0.0000E+00	0.0000E+00	2.0840E+00
2.3530E+03	0.0000E+00	0.0000E+00	2.0846E+00
2.3540E+03	0.0000E+00	0.0000E+00	2.0880E+00
2.3550E+03	0.0000E+00	0.0000E+00	2.0909E+00
2.3560E+03	0.0000E+00	0.0000E+00	2.0879E+00
2.3570E+03	0.0000E+00	0.0000E+00	2.0837E+00
2.3580E+03	0.0000E+00	0.0000E+00	2.0771E+00
2.3590E+03	0.0000E+00	0.0000E+00	2.0828E+00
2.3600E+03	0.0000E+00	0.0000E+00	2.0759E+00
2.3610E+03	0.0000E+00	0.0000E+00	2.0672E+00
2.3620E+03	0.0000E+00	0.0000E+00	2.0638E+00
2.3630E+03	0.0000E+00	0.0000E+00	2.0569E+00
2.3640E+03	0.0000E+00	0.0000E+00	2.0619E+00
2.3650E+03	0.0000E+00	0.0000E+00	2.0542E+00
2.3660E+03	0.0000E+00	0.0000E+00	2.0535E+00
2.3670E+03	0.0000E+00	0.0000E+00	2.0440E+00
2.3680E+03	0.0000E+00	0.0000E+00	2.0501E+00
2.3690E+03	0.0000E+00	0.0000E+00	2.0591E+00
2.3700E+03	0.0000E+00	0.0000E+00	2.0587E+00
2.3710E+03	0.0000E+00	0.0000E+00	2.0584E+00
2.3720E+03	0.0000E+00	0.0000E+00	2.0657E+00
2.3730E+03	0.0000E+00	0.0000E+00	2.0771E+00
2.3740E+03	0.0000E+00	0.0000E+00	2.0909E+00
2.3750E+03	0.0000E+00	0.0000E+00	2.0997E+00
2.3760E+03	0.0000E+00	0.0000E+00	2.1029E+00
2.3770E+03	0.0000E+00	0.0000E+00	2.1025E+00
2.3780E+03	0.0000E+00	0.0000E+00	2.1032E+00
2.3790E+03	0.0000E+00	0.0000E+00	2.1016E+00
2.3800E+03	0.0000E+00	0.0000E+00	2.0923E+00
2.3810E+03	0.0000E+00	0.0000E+00	2.0951E+00
2.3820E+03	0.0000E+00	0.0000E+00	2.0859E+00
2.3830E+03	0.0000E+00	0.0000E+00	2.0778E+00
2.3840E+03	0.0000E+00	0.0000E+00	2.0793E+00
2.3850E+03	0.0000E+00	0.0000E+00	2.0773E+00
2.3860E+03	0.0000E+00	0.0000E+00	2.0669E+00
2.3870E+03	0.0000E+00	0.0000E+00	2.0677E+00
2.3880E+03	0.0000E+00	0.0000E+00	2.0647E+00
2.3890E+03	0.0000E+00	0.0000E+00	2.0553E+00
2.3900E+03	0.0000E+00	0.0000E+00	2.0530E+00
2.3910E+03	0.0000E+00	0.0000E+00	2.0480E+00
2.3920E+03	0.0000E+00	0.0000E+00	2.0460E+00
2.3930E+03	0.0000E+00	0.0000E+00	2.0447E+00
2.3940E+03	0.0000E+00	0.0000E+00	2.0520E+00
2.3950E+03	0.0000E+00	0.0000E+00	2.0539E+00
2.3960E+03	0.0000E+00	0.0000E+00	2.0607E+00
2.3970E+03	0.0000E+00	0.0000E+00	2.0669E+00
2.3980E+03	0.0000E+00	0.0000E+00	2.0774E+00
2.3990E+03	0.0000E+00	0.0000E+00	2.0838E+00
2.4000E+03	0.0000E+00	0.0000E+00	2.0889E+00
2.4010E+03	0.0000E+00	0.0000E+00	2.0931E+00
2.4020E+03	0.0000E+00	0.0000E+00	2.0932E+00
2.4030E+03	0.0000E+00	0.0000E+00	2.0945E+00
2.4040E+03	0.0000E+00	0.0000E+00	2.0898E+00
2.4050E+03	0.0000E+00	0.0000E+00	2.0900E+00
2.4060E+03	0.0000E+00	0.0000E+00	2.0840E+00
2.4070E+03	0.0000E+00	0.0000E+00	2.0793E+00
2.4080E+03	0.0000E+00	0.0000E+00	2.0844E+00
2.4090E+03	0.0000E+00	0.0000E+00	2.0746E+00
2.4100E+03	0.0000E+00	0.0000E+00	2.0736E+00
2.4110E+03	0.0000E+00	0.0000E+00	2.0706E+00
2.4120E+03	0.0000E+00	0.0000E+00	2.0663E+00
2.4130E+03	0.0000E+00	0.0000E+00	2.0573E+00
2.4140E+03	0.0000E+00	0.0000E+00	2.0497E+00
2.4150E+03	0.0000E+00	0.0000E+00	2.0410E+00
2.4160E+03	0.0000E+00	0.0000E+00	2.0341E+00
2.4170E+03	0.0000E+00	0.0000E+00	2.0262E+00
2.4180E+03	0.0000E+00	0.0000E+00	2.0373E+00
2.4190E+03	0.0000E+00	0.0000E+00	2.0313E+00
2.4200E+03	0.0000E+00	0.0000E+00	2.0382E+00
2.4210E+03	0.0000E+00	0.0000E+00	2.0484E+00
2.4220E+03	0.0000E+00	0.0000E+00	2.0616E+00
2.4230E+03	0.0000E+00	0.0000E+00	2.0745E+00
2.4240E+03	0.0000E+00	0.0000E+00	2.0875E+00
2.4250E+03	0.0000E+00	0.0000E+00	2.0893E+00
2.4260E+03	0.0000E+00	0.0000E+00	2.0897E+00
2.4270E+03	0.0000E+00	0.0000E+00	2.0898E+00
2.4280E+03	0.0000E+00	0.0000E+00	2.0796E+00
2.4290E+03	0.0000E+00	0.0000E+00	2.0749E+00
2.4300E+03	0.0000E+00	0.0000E+00	2.0690E+00
2.4310E+03	0.0000E+00	0.0000E+00	2.0640E+00
2.4320E+03	0.0000E+00	0.0000E+00	2.0578E+00
2.4330E+03	0.0000E+00	0.0000E+00	2.0559E+00
2.4340E+03	0.0000E+00	0.0000E+00	2.0491E+00
2.4350E+03	0.0000E+00	0.0000E+00	2.0414E+00
2.4360E+03	0.0000E+00	0.0000E+00	2.0340E+00
2.4370E+03	0.0000E+00	0.0000E+00	2.0339E+00
2.4380E+03	0.0000E+00	0.0000E+00	2.0251E+00
2.4390E+03	0.0000E+00	0.0000E+00	2.0231E+00
2.4400E+03	0.0000E+00	0.0000E+00	2.0136E+00
2.4410E+03	0.0000E+00	0.0000E+00	2.0066E+00
2.4420E+03	0.0000E+00	0.0000E+00	2.0068E+00
2.4430E+03	0.0000E+00	0.0000E+00	2.0158E+00
2.4440E+03	0.0000E+00	0.0000E+00	2.0158E+00
2.4450E+03	0.0000E+00	0.0000E+00	2.0283E+00
2.4460E+03	0.0000E+00	0.0000E+00	2.0411E+00
2.4470E+03	0.0000E+00	0.0000E+00	2.0554E+00
2.4480E+03	0.0000E+00	0.0000E+00	2.0655E+00
2.4490E+03	0.0000E+00	0.0000E+00	2.0763E+00
2.4500E+03	0.0000E+00	0.0000E+00	2.0751E+00
2.4510E+03	0.0000E+00	0.0000E+00	2.0692E+00
2.4520E+03	0.0000E+00	0.0000E+00	2.0601E+00
2.4530E+03	0.0000E+00	0.0000E+00	2.0573E+00
2.4540E+03	0.0000E+00	0.0000E+00	2.0539E+00
2.4550E+03	0.0000E+00	0.0000E+00	2.0506E+00
2.4560E+03	0.0000E+00	0.0000E+00	2.0410E+00
2.4570E+03	0.0000E+00	0.0000E+00	2.0349E+00
2.4580E+03	0.0000E+00	0.0000E+00	2.0359E+00
2.4590E+03	0.0000E+00	0.0000E+00	2.0303E+00
2.4600E+03	0.0000E+00	0.0000E+00	2.0233E+00
2.4610E+03	0.0000E+00	0.0000E+00	2.0165E+00
2.4620E+03	0.0000E+00	0.0000E+00	2.0104E+00
2.4630E+03	0.0000E+00	0.0000E+00	2.0044E+00
2.4640E+03	0.0000E+00	0.0000E+00	1.9952E+00
2.4650E+03	0.0000E+00	0.0000E+00	1.9994E+00
2.4660E+03	0.0000E+00	0.0000E+00	2.0000E+00
2.4670E+03	0.0000E+00	0.0000E+00	2.0094E+00
2.4680E+03	0.0000E+00	0.0000E+00	2.0254E+00
2.4690E+03	0.0000E+00	0.0000E+00	2.0459E+00
2.4700E+03	0.0000E+00	0.0000E+00	2.0796E+00
2.4710E+03	0.0000E+00	0.0000E+00	2.1125E+00
2.4720E+03	0.0000E+00	0.0000E+00	2.1314E+00
2.4730E+03	0.0000E+00	0.0000E+00	2.1493E+00
2.4740E+03	0.0000E+00	0.0000E+00	2.1453E+00
2.4750E+03	0.0000E+00	0.0000E+00	2.1325E+00
2.4760E+03	0.0000E+00	0.0000E+00	2.1255E+00
2.4770E+03	0.0000E+00	0.0000E+00	2.1145E+00
2.4780E+03	0.0000E+00	0.0000E+00	2.1044E+00
2.4790E+03	0.0000E+00	0.0000E+00	2.0949E+00
2.4800E+03	0.0000E+00	0.0000E+00	2.0856E+00
2.4810E+03	0.0000E+00	0.0000E+00	2.0741E+00
2.4820E+03	0.0000E+00	0.0000E+00	2.0696E+00
2.4830E+03	0.0000E+00	0.0000E+00	2.0586E+00
2.4840E+03	0.0000E+00	0.0000E+00	2.0501E+00
2.4850E+03	0.0000E+00	0.0000E+00	2.0430E+00
2.4860E+03	0.0000E+00	0.0000E+00	2.0344E+00
2.4870E+03	0.0000E+00	0.0000E+00	2.0347E+00
2.4880E+03	0.0000E+00	0.0000E+00	2.0233E+00
2.4890E+03	0.0000E+00	0.0000E+00	2.0197E+00
2.4900E+03	0.0000E+00	0.0000E+00	2.0152E+00
2.4910E+03	0.0000E+00	0.0000E+00	2.0162E+00
2.4920E+03	0.0000E+00	0.0000E+00	2.0179E+00
2.4930E+03	0.0000E+00	0.0000E+00	2.0288E+00
2.4940E+03	0.0000E+00	0.0000E+00	2.0391E+00
2.4950E+03	0.0000E+00	0.0000E+00	2.0401E+00
2.4960E+03	0.0000E+00	0.0000E+00	2.0436E+00
2.4970E+03	0.0000E+00	0.0000E+00	2.0442E+00
2.4980E+03	0.0000E+00	0.0000E+00	2.0497E+00
2.4990E+03	0.0000E+00	0.0000E+00	2.0415E+00
2.5000E+03	0.0000E+00	0.0000E+00	2.0376E+00
2.5010E+03	0.0000E+00	0.0000E+00	2.0310E+00
2.5020E+03	0.0000E+00	0.0000E+00	2.0309E+00
2.5030E+03	0.0000E+00	0.0000E+00	2.0255E+00
2.5040E+03	0.0000E+00	0.0000E+00	2.0174E+00
2.5050E+03	0.0000E+00	0.0000E+00	2.0165E+00
2.5060E+03	0.0000E+00	0.0000E+00	2.0139E+00
2.5070E+03	0.0000E+00	0.0000E+00	2.0117E+00
2.5080E+03	0.0000E+00	0.0000E+00	2.0098E+00
2.5090E+03	0.0000E+00	0.0000E+00	2.0094E+00
2.5100E+03	0.0000E+00	0.0000E+00	2.0061E+00
2.5110E+03	0.0000E+00	0.0000E+00	2.0021E+00
2.5120E+03	0.0000E+00	0.0000E+00	1.9986E+00
2.5130E+03	0.0000E+00	0.0000E+00	2.0002E+00
2.5140E+03	0.0000E+00	0.0000E+00	2.0123E+00
2.5150E+03	0.0000E+00	0.0000E+00	2.0326E+00
2.5160E+03	0.0000E+00	0.0000E+00	2.0315E+00
2.5170E+03	0.0000E+00	0.0000E+00	2.0224E+00
2.5180E+03	0.0000E+00	0.0000E+00	2.0259E+00
2.5190E+03	0.0000E+00	0.0000E+00	2.0302E+00
2.5200E+03	0.0000E+00	0.0000E+00	2.0393E+00
2.5210E+03	0.0000E+00	0.0000E+00	2.0409E+00
2.5220E+03	0.0000E+00	0.0000E+00	2.0397E+00
2.5230E+03	0.0000E+00	0.0000E+00	2.0414E+00
2.5240E+03	0.0000E+00	0.0000E+00	2.0333E+00
2.5250E+03	0.0000E+00	0.0000E+00	2.0291E+00
2.5260E+03	0.0000E+00	0.0000E+00	2.0270E+00
2.5270E+03	0.0000E+00	0.0000E+00	2.0234E+00
2.5280E+03	0.0000E+00	0.0000E+00	2.0176E+00
2.5290E+03	0.0000E+00	0.0000E+00	2.0145E+00
2.5300E+03	0.0000E+00	0.0000E+00	2.0122E+00
2.5310E+03	0.0000E+00	0.0000E+00	2.0096E+00
2.5320E+03	0.0000E+00	0.0000E+00	2.0051E+00
2.5330E+03	0.0000E+00	0.0000E+00	2.0005E+00
2.5340E+03	0.0000E+00	0.0000E+00	1.9951E+00
2.5350E+03	0.0000E+00	0.0000E+00	1.9905E+00
2.5360E+03	0.0000E+00	0.0000E+00	1.9858E+00
2.5370E+03	0.0000E+00	0.0000E+00	1.9815E+00
2.5380E+03	0.0000E+00	0.0000E+00	1.9778E+00
2.5390E+03	0.0000E+00	0.0000E+00	1.9762E+00
2.5400E+03	0.0000E+00	0.0000E+00	1.9743E+00
2.5410E+03	0.0000E+00	0.0000E+00	1.9824E+00
2.5420E+03	0.0000E+00	0.0000E+00	1.9914E+00
2.5430E+03	0.0000E+00	0.0000E+00	2.0033E+00
2.5440E+03	0.0000E+00	0.0000E+00	2.0161E+00
2.5450E+03	0.0000E+00	0.0000E+00	2.0190E+00
2.5460E+03	0.0000E+00	0.0000E+00	2.0279E+00
2.5470E+03	0.0000E+00	0.0000E+00	2.0220E+00
2.5480E+03	0.0000E+00	0.0000E+00	2.0217E+00
2.5490E+03	0.0000E+00	0.0000E+00	2.0167E+00
2.5500E+03	0.0000E+00	0.0000E+00	2.0138E+00
2.5510E+03	0.0000E+00	0.0000E+00	2.0120E+00
2.5520E+03	0.0000E+00	0.0000E+00	2.0117E+00
2.5530E+03	0.0000E+00	0.0000E+00	2.0013E+00
2.5540E+03	0.0000E+00	0.0000E+00	1.9992E+00
2.5550E+03	0.0000E+00	0.0000E+00	1.9932E+00
2.5560E+03	0.0000E+00	0.0000E+00	1.9886E+00
2.5570E+03	0.0000E+00	0.0000E+00	1.9854E+00
2.5580E+03	0.0000E+00	0.0000E+00	1.9795E+00
2.5590E+03	0.0000E+00	0.0000E+00	1.9745E+00
2.5600E+03	0.0000E+00	0.0000E+00	1.9729E+00
2.5610E+03	0.0000E+00	0.0000E+00	1.9657E+00
2.5620E+03	0.0000E+00	0.0000E+00	1.9648E+00
2.5630E+03	0.0000E+00	0.0000E+00	1.9642E+00
2.5640E+03	0.0000E+00	0.0000E+00	1.9710E+00
2.5650E+03	0.0000E+00	0.0000E+00	1.9735E+00
2.5660E+03	0.0000E+00	0.0000E+00	1.9801E+00
2.5670E+03	0.0000E+00	0.0000E+00	1.9914E+00
2.5680E+03	0.0000E+00	0.0000E+00	1.9943E+00
2.5690E+03	0.0000E+00	0.0000E+00	1.9967E+00
2.5700E+03	0.0000E+00	0.0000E+00	1.9977E+00
2.5710E+03	0.0000E+00	0.0000E+00	1.9932E+00
2.5720E+03	0.0000E+00	0.0000E+00	1.9929E+00
2.5730E+03	0.0000E+00	0.0000E+00	1.9915E+00
2.5740E+03	0.0000E+00	0.0000E+00	1.9864E+00
2.5750E+03	0.0000E+00	0.0000E+00	1.9791E+00
2.5760E+03	0.0000E+00	0.0000E+00	1.9806E+00
2.5770E+03	0.0000E+00	0.0000E+00	1.9787E+00
2.5780E+03	0.0000E+00	0.0000E+00	1.9737E+00
2.5790E+03	0.0000E+00	0.0000E+00	1.9722E+00
2.5800E+03	0.0000E+00	0.0000E+00	1.9703E+00
2.5810E+03	0.0000E+00	0.0000E+00	1.9666E+00
2.5820E+03	0.0000E+00	0.0000E+00	1.9602E+00
2.5830E+03	0.0000E+00	0.0000E+00	1.9578E+00
2.5840E+03	0.0000E+00	0.0000E+00	1.9597E+00
2.5850E+03	0.0000E+00	0.0000E+00	1.9633E+00
2.5860E+03	0.0000E+00	0.0000E+00	1.9831E+00
2.5870E+03	0.0000E+00	0.0000E+00	1.9992E+00
2.5880E+03	0.0000E+00	0.0000E+00	2.0051E+00
2.5890E+03	0.0000E+00	0.0000E+00	2.0154E+00
2.5900E+03	0.0000E+00	0.0000E+00	2.0431E+00
2.5910E+03	0.0000E+00	0.0000E+00	2.0697E+00
2.5920E+03	0.0000E+00	0.0000E+00	2.0789E+00
2.5930E+03	0.0000E+00	0.0000E+00	2.0790E+00
2.5940E+03	0.0000E+00	0.0000E+00	2.0825E+00
2.5950E+03	0.0000E+00	0.0000E+00	2.0752E+00
2.5960E+03	0.0000E+00	0.0000E+00	2.0702E+00
2.5970E+03	0.0000E+00	0.0000E+00	2.0605E+00
2.5980E+03	0.0000E+00	0.0000E+00	2.0511E+00
2.5990E+03	0.0000E+00	0.0000E+00	2.0442E+00
2.6000E+03	0.0000E+00	0.0000E+00	2.0395E+00
2.6010E+03	0.0000E+00	0.0000E+00	2.0289E+00
2.6020E+03	0.0000E+00	0.0000E+00	2.0244E+00
2.6030E+03	0.0000E+00	0.0000E+00	2.0177E+00
2.6040E+03	0.0000E+00	0.0000E+00	2.0100E+00
2.6050E+03	0.0000E+00	0.0000E+00	2.0029E+00
2.6060E+03	0.0000E+00	0.0000E+00	2.0012E+00
2.6070E+03	0.0000E+00	0.0000E+00	1.9892E+00
2.6080E+03	0.0000E+00	0.0000E+00	1.9801E+00
2.6090E+03	0.0000E+00	0.0000E+00	1.9798E+00
2.6100E+03	0.0000E+00	0.0000E+00	1.9728E+00
2.6110E+03	0.0000E+00	0.0000E+00	1.9736E+00
2.6120E+03	0.0000E+00	0.0000E+00	1.9777E+00
2.6130E+03	0.0000E+00	0.0000E+00	1.9868E+00
2.6140E+03	0.0000E+00	0.0000E+00	1.9989E+00
2.6150E+03	0.0000E+00	0.0000E+00	2.0105E+00
2.6160E+03	0.0000E+00	0.0000E+00	2.0165E+00
2.6170E+03	0.0000E+00	0.0000E+00	2.0169E+00
2.6180E+03	0.0000E+00	0.0000E+00	2.0169E+00
2.6190E+03	0.0000E+00	0.0000E+00	2.0190E+00
2.6200E+03	0.0000E+00	0.0000E+00	2.0045E+00
2.6210E+03	0.0000E+00	0.0000E+00	2.0082E+00
2.6220E+03	0.0000E+00	0.0000E+00	1.9971E+00
2.6230E+03	0.0000E+00	0.0000E+00	1.9936E+00
2.6240E+03	0.0000E+00	0.0000E+00	1.9916E+00
2.6250E+03	0.0000E+00	0.0000E+00	1.9904E+00
2.6260E+03	0.0000E+00	0.0000E+00	1.9825E+00
2.6270E+03	0.0000E+00	0.0000E+00	1.9767E+00
2.6280E+03	0.0000E+00	0.0000E+00	1.9718E+00
2.6290E+03	0.0000E+00	0.0000E+00	1.9616E+00
2.6300E+03	0.0000E+00	0.0000E+00	1.9584E+00
2.6310E+03	0.0000E+00	0.0000E+00	1.9526E+00
2.6320E+03	0.0000E+00	0.0000E+00	1.9486E+00
2.6330E+03	0.0000E+00	0.0000E+00	1.9434E+00
2.6340E+03	0.0000E+00	0.0000E+00	1.9399E+00
2.6350E+03	0.0000E+00	0.0000E+00	1.9389E+00
2.6360E+03	0.0000E+00	0.0000E+00	1.9427E+00
2.6370E+03	0.0000E+00	0.0000E+00	1.9431E+00
2.6380E+03	0.0000E+00	0.0000E+00	1.9479E+00
2.6390E+03	0.0000E+00	0.0000E+00	1.9549E+00
2.6400E+03	0.0000E+00	0.0000E+00	1.9618E+00
2.6410E+03	0.0000E+00	0.0000E+00	1.9716E+00
2.6420E+03	0.0000E+00	0.0000E+00	1.9717E+00
2.6430E+03	0.0000E+00	0.0000E+00	1.9696E+00
2.6440E+03	0.0000E+00	0.0000E+00	1.9678E+00
2.6450E+03	0.0000E+00	0.0000E+00	1.9655E+00
2.6460E+03	0.0000E+00	0.0000E+00	1.9640E+00
2.6470E+03	0.0000E+00	0.0000E+00	1.9567E+00
2.6480E+03	0.0000E+00	0.0000E+00	1.9611E+00
2.6490E+03	0.0000E+00	0.0000E+00	1.9550E+00
2.6500E+03	0.0000E+00	0.0000E+00	1.9521E+00
2.6510E+03	0.0000E+00	0.0000E+00	1.9498E+00
2.6520E+03	0.0000E+00	0.0000E+00	1.9442E+00
2.6530E+03	0.0000E+00	0.0000E+00	1.9431E+00
2.6540E+03	0.0000E+00	0.0000E+00	1.9360E+00
2.6550E+03	0.0000E+00	0.0000E+00	1.9350E+00
2.6560E+03	0.0000E+00	0.0000E+00	1.9281E+00
2.6570E+03	0.0000E+00	0.0000E+00	1.9276E+00
2.6580E+03	0.0000E+00	0.0000E+00	1.9243E+00
2.6590E+03	0.0000E+00	0.0000E+00	1.9223E+00
2.6600E+03	0.0000E+00	0.0000E+00	1.9224E+00
2.6610E+03	0.0000E+00	0.0000E+00	1.9292E+00
2.6620E+03	0.0000E+00	0.0000E+00	1.9342E+00
2.6630E+03	0.0000E+00	0.0000E+00	1.9416E+00
2.6640E+03	0.0000E+00	0.0000E+00	1.9533E+00
2.6650E+03	0.0000E+00	0.0000E+00	1.9602E+00
2.6660E+03	0.0000E+00	0.0000E+00	1.9602E+00
2.6670E+03	0.0000E+00	0.0000E+00	1.9658E+00
2.6680E+03	0.0000E+00	0.0000E+00	1.9649E+00
2.6690E+03	0.0000E+00	0.0000E+00	1.9587E+00
2.6700E+03	0.0000E+00	0.0000E+00	1.9554E+00
2.6710E+03	0.0000E+00	0.0000E+00	1.9546E+00
2.6720E+03	0.0000E+00	0.0000E+00	1.9521E+00
2.6730E+03	0.0000E+00	0.0000E+00	1.9516E+00
2.6740E+03	0.0000E+00	0.0000E+00	1.9363E+00
2.6750E+03	0.0000E+00	0.0000E+00	1.9327E+00
2.6760E+03	0.0000E+00	0.0000E+00	1.9340E+00
2.6770E+03	0.0000E+00	0.0000E+00	1.9247E+00
2.6780E+03	0.0000E+00	0.0000E+00	1.9288E+00
2.6790E+03	0.0000E+00	0.0000E+00	1.9218E+00
2.6800E+03	0.0000E+00	0.0000E+00	1.9193E+00
2.6810E+03	0.0000E+00	0.0000E+00	1.9136E+00
2.6820E+03	0.0000E+00	0.0000E+00	1.9138E+00
2.6830E+03	0.0000E+00	0.0000E+00	1.9139E+00
2.6840E+03	0.0000E+00	0.0000E+00	1.9105E+00
2.6850E+03	0.0000E+00	0.0000E+00	1.9077E+00
2.6860E+03	0.0000E+00	0.0000E+00	1.9156E+00
2.6870E+03	0.0000E+00	0.0000E+00	1.9274E+00
2.6880E+03	0.0000E+00	0.0000E+00	1.9329E+00
2.6890E+03	0.0000E+00	0.0000E+00	1.9390E+00
2.6900E+03	0.0000E+00	0.0000E+00	1.9524E+00
2.6910E+03	0.0000E+00	0.0000E+00	1.9559E+00
2.6920E+03	0.0000E+00	0.0000E+00	1.9533E+00
2.6930E+03	0.0000E+00	0.0000E+00	1.9504E+00
2.6940E+03	0.0000E+00	0.0000E+00	1.9495E+00
2.6950E+03	0.0000E+00	0.0000E+00	1.9492E+00
2.6960E+03	0.0000E+00	0.0000E+00	1.9448E+00
2.6970E+03	0.0000E+00	0.0000E+00	1.9448E+00
2.6980E+03	0.0000E+00	0.0000E+00	1.9482E+00
2.6990E+03	0.0000E+00	0.0000E+00	1.9486E+00
2.7000E+03	0.0000E+00	0.0000E+00	1.9478E+00
2.7010E+03	0.0000E+00	0.0000E+00	1.9415E+00
2.7020E+03	0.0000E+00	0.0000E+00	1.9380E+00
2.7030E+03	0.0000E+00	0.0000E+00	1.9387E+00
2.7040E+03	0.0000E+00	0.0000E+00	1.9293E+00
2.7050E+03	0.0000E+00	0.0000E+00	1.9302E+00
2.7060E+03	0.0000E+00	0.0000E+00	1.9234E+00
2.7070E+03	0.0000E+00	0.0000E+00	1.9229E+00
2.7080E+03	0.0000E+00	0.0000E+00	1.9215E+00
2.7090E+03	0.0000E+00	0.0000E+00	1.9281E+00
2.7100E+03	0.0000E+00	0.0000E+00	1.9344E+00
2.7110E+03	0.0000E+00	0.0000E+00	1.9466E+00
2.7120E+03	0.0000E+00	0.0000E+00	1.9554E+00
2.7130E+03	0.0000E+00	0.0000E+00	1.9596E+00
2.7140E+03	0.0000E+00	0.0000E+00	1.9585E+00
2.7150E+03	0.0000E+00	0.0000E+00	1.9604E+00
2.7160E+03	0.0000E+00	0.0000E+00	1.9622E+00
2.7170E+03	0.0000E+00	0.0000E+00	1.9660E+00
2.7180E+03	0.0000E+00	0.0000E+00	1.9565E+00
2.7190E+03	0.0000E+00	0.0000E+00	1.9579E+00
2.7200E+03	0.0000E+00	0.0000E+00	1.9543E+00
2.7210E+03	0.0000E+00	0.0000E+00	1.9519E+00
2.7220E+03	0.0000E+00	0.0000E+00	1.9474E+00
2.7230E+03	0.0000E+00	0.0000E+00	1.9452E+00
2.7240E+03	0.0000E+00	0.0000E+00	1.9451E+00
2.7250E+03	0.0000E+00	0.0000E+00	1.9414E+00
2.7260E+03	0.0000E+00	0.0000E+00	1.9331E+00
2.7270E+03	0.0000E+00	0.0000E+00	1.9299E+00
2.7280E+03	0.0000E+00	0.0000E+00	1.9292E+00
2.7290E+03	0.0000E+00	0.0000E+00	1.9258E+00
2.7300E+03	0.0000E+00	0.0000E+00	1.9244E+00
2.7310E+03	0.0000E+00	0.0000E+00	1.9205E+00
2.7320E+03	0.0000E+00	0.0000E+00	1.9196E+00
2.7330E+03	0.0000E+00	0.0000E+00	1.9204E+00
2.7340E+03	0.0000E+00	0.0000E+00	1.9249E+00
2.7350E+03	0.0000E+00	0.0000E+00	1.9292E+00
2.7360E+03	0.0000E+00	0.0000E+00	1.9377E+00
2.7370E+03	0.0000E+00	0.0000E+00	1.9432E+00
2.7380E+03	0.0000E+00	0.0000E+00	1.9517E+00
2.7390E+03	0.0000E+00	0.0000E+00	1.9532E+00
2.7400E+03	0.0000E+00	0.0000E+00	1.9518E+00
2.7410E+03	0.0000E+00	0.0000E+00	1.9551E+00
2.7420E+03	0.0000E+00	0.0000E+00	1.9569E+00
2.7430E+03	0.0000E+00	0.0000E+00	1.9540E+00
2.7440E+03	0.0000E+00	0.0000E+00	1.9493E+00
2.7450E+03	0.0000E+00	0.0000E+00	1.9466E+00
2.7460E+03	0.0000E+00	0.0000E+00	1.9442E+00
2.7470E+03	0.0000E+00	0.0000E+00	1.9436E+00
2.7480E+03	0.0000E+00	0.0000E+00	1.9463E+00
2.7490E+03	0.0000E+00	0.0000E+00	1.9516E+00
2.7500E+03	0.0000E+00	0.0000E+00	1.9499E+00
2.7510E+03	0.0000E+00	0.0000E+00	1.9501E+00
2.7520E+03	0.0000E+00	0.0000E+00	1.9487E+00
2.7530E+03	0.0000E+00	0.0000E+00	1.9523E+00
2.7540E+03	0.0000E+00	0.0000E+00	1.9637E+00
2.7550E+03	0.0000E+00	0.0000E+00	1.9664E+00
2.7560E+03	0.0000E+00	0.0000E+00	1.9639E+00
2.7570E+03	0.0000E+00	0.0000E+00	1.9614E+00
2.7580E+03	0.0000E+00	0.0000E+00	1.9600E+00
2.7590E+03	0.0000E+00	0.0000E+00	1.9594E+00
2.7600E+03	0.0000E+00	0.0000E+00	1.9647E+00
2.7610E+03	0.0000E+00	0.0000E+00	1.9649E+00
2.7620E+03	0.0000E+00	0.0000E+00	1.9637E+00
2.7630E+03	0.0000E+00	0.0000E+00	1.9608E+00
2.7640E+03	0.0000E+00	0.0000E+00	1.9558E+00
2.7650E+03	0.0000E+00	0.0000E+00	1.9609E+00
2.7660E+03	0.0000E+00	0.0000E+00	1.9592E+00
2.7670E+03	0.0000E+00	0.0000E+00	1.9599E+00
2.7680E+03	0.0000E+00	0.0000E+00	1.9512E+00
2.7690E+03	0.0000E+00	0.0000E+00	1.9487E+00
2.7700E+03	0.0000E+00	0.0000E+00	1.9452E+00
2.7710E+03	0.0000E+00	0.0000E+00	1.9442E+00
2.7720E+03	0.0000E+00	0.0000E+00	1.9393E+00
2.7730E+03	0.0000E+00	0.0000E+00	1.9359E+00
2.7740E+03	0.0000E+00	0.0000E+00	1.9311E+00
2.7750E+03	0.0000E+00	0.0000E+00	1.9264E+00
2.7760E+03	0.0000E+00	0.0000E+00	1.9207E+00
2.7770E+03	0.0000E+00	0.0000E+00	1.9155E+00
2.7780E+03	0.0000E+00	0.0000E+00	1.9144E+00
2.7790E+03	0.0000E+00	0.0000E+00	1.9079E+00
2.7800E+03	0.0000E+00	0.0000E+00	1.9071E+00
2.7810E+03	0.0000E+00	0.0000E+00	1.9063E+00
2.7820E+03	0.0000E+00	0.0000E+00	1.9085E+00
2.7830E+03	0.0000E+00	0.0000E+00	1.9170E+00
2.7840E+03	0.0000E+00	0.0000E+00	1.9195E+00
2.7850E+03	0.0000E+00	0.0000E+00	1.9262E+00
2.7860E+03	0.0000E+00	0.0000E+00	1.9299E+00
2.7870E+03	0.0000E+00	0.0000E+00	1.9321E+00
2.7880E+03	0.0000E+00	0.0000E+00	1.9295E+00
2.7890E+03	0.0000E+00	0.0000E+00	1.9277E+00
2.7900E+03	0.0000E+00	0.0000E+00	1.9272E+00
2.7910E+03	0.0000E+00	0.0000E+00	1.9212E+00
2.7920E+03	0.0000E+00	0.0000E+00	1.9246E+00
2.7930E+03	0.0000E+00	0.0000E+00	1.9208E+00
2.7940E+03	0.0000E+00	0.0000E+00	1.9191E+00
2.7950E+03	0.0000E+00	0.0000E+00	1.9163E+00
2.7960E+03	0.0000E+00	0.0000E+00	1.9171E+00
2.7970E+03	0.0000E+00	0.0000E+00	1.9105E+00
2.7980E+03	0.0000E+00	0.0000E+00	1.9099E+00
2.7990E+03	0.0000E+00	0.0000E+00	1.9061E+00
2.8000E+03	0.0000E+00	0.0000E+00	1.9049E+00
2.8010E+03	0.0000E+00	0.0000E+00	1.8970E+00
2.8020E+03	0.0000E+00	0.0000E+00	1.8918E+00
2.8030E+03	0.0000E+00	0.0000E+00	1.8908E+00
2.8040E+03	0.0000E+00	0.0000E+00	1.8828E+00
2.8050E+03	0.0000E+00	0.0000E+00	1.8822E+00
2.8060E+03	0.0000E+00	0.0000E+00	1.8845E+00
2.8070E+03	0.0000E+00	0.0000E+00	1.8900E+00
2.8080E+03	0.0000E+00	0.0000E+00	1.8938E+00
2.8090E+03	0.0000E+00	0.0000E+00	1.8995E+00
2.8100E+03	0.0000E+00	0.0000E+00	1.9028E+00
2.8110E+03	0.0000E+00	0.0000E+00	1.9032E+00
2.8120E+03	0.0000E+00	0.0000E+00	1.9030E+00
2.8130E+03	0.0000E+00	0.0000E+00	1.9021E+00
2.8140E+03	0.0000E+00	0.0000E+00	1.9038E+00
2.8150E+03	0.0000E+00	0.0000E+00	1.9012E+00
2.8160E+03	0.0000E+00	0.0000E+00	1.9032E+00
2.8170E+03	0.0000E+00	0.0000E+00	1.9024E+00
2.8180E+03	0.0000E+00	0.0000E+00	1.8997E+00
2.8190E+03	0.0000E+00	0.0000E+00	1.8977E+00
2.8200E+03	0.0000E+00	0.0000E+00	1.8974E+00
2.8210E+03	0.0000E+00	0.0000E+00	1.8955E+00
2.8220E+03	0.0000E+00	0.0000E+00	1.8916E+00
2.8230E+03	0.0000E+00	0.0000E+00	1.8870E+00
2.8240E+03	0.0000E+00	0.0000E+00	1.8833E+00
2.8250E+03	0.0000E+00	0.0000E+00	1.8799E+00
2.8260E+03	0.0000E+00	0.0000E+00	1.8774E+00
2.8270E+03	0.0000E+00	0.0000E+00	1.8737E+00
2.8280E+03	0.0000E+00	0.0000E+00	1.8695E+00
2.8290E+03	0.0000E+00	0.0000E+00	1.8709E+00
2.8300E+03	0.0000E+00	0.0000E+00	1.8705E+00
2.8310E+03	0.0000E+00	0.0000E+00	1.8734E+00
2.8320E+03	0.0000E+00	0.0000E+00	1.8747E+00
2.8330E+03	0.0000E+00	0.0000E+00	1.8752E+00
2.8340E+03	0.0000E+00	0.0000E+00	1.8775E+00
2.8350E+03	0.0000E+00	0.0000E+00	1.8853E+00
2.8360E+03	0.0000E+00	0.0000E+00	1.8884E+00
2.8370E+03	0.0000E+00	0.0000E+00	1.8855E+00
2.8380E+03	0.0000E+00	0.0000E+00	1.8844E+00
2.8390E+03	0.0000E+00	0.0000E+00	1.8849E+00
2.8400E+03	0.0000E+00	0.0000E+00	1.8834E+00
2.8410E+03	0.0000E+00	0.0000E+00	1.8858E+00
2.8420E+03	0.0000E+00	0.0000E+00	1.8875E+00
2.8430E+03	0.0000E+00	0.0000E+00	1.8853E+00
2.8440E+03	0.0000E+00	0.0000E+00	1.8839E+00
2.8450E+03	0.0000E+00	0.0000E+00	1.8810E+00
2.8460E+03	0.0000E+00	0.0000E+00	1.8761E+00
2.8470E+03	0.0000E+00	0.0000E+00	1.8727E+00
2.8480E+03	0.0000E+00	0.0000E+00	1.8695E+00
2.8490E+03	0.0000E+00	0.0000E+00	1.8660E+00
2.8500E+03	0.0000E+00	0.0000E+00	1.8651E+00
2.8510E+03	0.0000E+00	0.0000E+00	1.8633E+00
2.8520E+03	0.0000E+00	0.0000E+00	1.8579E+00
2.8530E+03	0.0000E+00	0.0000E+00	1.8580E+00
2.8540E+03	0.0000E+00	0.0000E+00	1.8596E+00
2.8550E+03	0.0000E+00	0.0000E+00	1.8634E+00
2.8560E+03	0.0000E+00	0.0000E+00	1.8674E+00
2.8570E+03	0.0000E+00	0.0000E+00	1.8728E+00
2.8580E+03	0.0000E+00	0.0000E+00	1.8768E+00
2.8590E+03	0.0000E+00	0.0000E+00	1.8822E+00
2.8600E+03	0.0000E+00	0.0000E+00	1.8846E+00
2.8610E+03	0.0000E+00	0.0000E+00	1.8858E+00
2.8620E+03	0.0000E+00	0.0000E+00	1.8810E+00
2.8630E+03	0.0000E+00	0.0000E+00	1.8804E+00
2.8640E+03	0.0000E+00	0.0000E+00	1.8788E+00
2.8650E+03	0.0000E+00	0.0000E+00	1.8786E+00
2.8660E+03	0.0000E+00	0.0000E+00	1.8765E+00
2.8670E+03	0.0000E+00	0.0000E+00	1.8791E+00
2.8680E+03	0.0000E+00	0.0000E+00	1.8730E+00
2.8690E+03	0.0000E+00	0.0000E+00	1.8705E+00
2.8700E+03	0.0000E+00	0.0000E+00	1.8693E+00
2.8710E+03	0.0000E+00	0.0000E+00	1.8678E+00
2.8720E+03	0.0000E+00	0.0000E+00	1.8624E+00
2.8730E+03	0.0000E+00	0.0000E+00	1.8586E+00
2.8740E+03	0.0000E+00	0.0000E+00	1.8564E+00
2.8750E+03	0.0000E+00	0.0000E+00	1.8532E+00
2.8760E+03	0.0000E+00	0.0000E+00	1.8540E+00
2.8770E+03	0.0000E+00	0.0000E+00	1.8544E+00
2.8780E+03	0.0000E+00	0.0000E+00	1.8532E+00
2.8790E+03	0.0000E+00	0.0000E+00	1.8562E+00
2.8800E+03	0.0000E+00	0.0000E+00	1.8596E+00
2.8810E+03	0.0000E+00	0.0000E+00	1.8655E+00
2.8820E+03	0.0000E+00	0.0000E+00	1.8722E+00
2.8830E+03	0.0000E+00	0.0000E+00	1.8732E+00
2.8840E+03	0.0000E+00	0.0000E+00	1.8734E+00
2.8850E+03	0.0000E+00	0.0000E+00	1.8731E+00
2.8860E+03	0.0000E+00	0.0000E+00	1.8729E+00
2.8870E+03	0.0000E+00	0.0000E+00	1.8705E+00
2.8880E+03	0.0000E+00	0.0000E+00	1.8715E+00
2.8890E+03	0.0000E+00	0.0000E+00	1.8694E+00
2.8900E+03	0.0000E+00	0.0000E+00	1.8693E+00
2.8910E+03	0.0000E+00	0.0000E+00	1.8702E+00
2.8920E+03	0.0000E+00	0.0000E+00	1.8665E+00
2.8930E+03	0.0000E+00	0.0000E+00	1.8676E+00
2.8940E+03	0.0000E+00	0.0000E+00	1.8633E+00
2.8950E+03	0.0000E+00	0.0000E+00	1.8579E+00
2.8960E+03	0.0000E+00	0.0000E+00	1.8559E+00
2.8970E+03	0.0000E+00	0.0000E+00	1.8492E+00
2.8980E+03	0.0000E+00	0.0000E+00	1.8485E+00
2.8990E+03	0.0000E+00	0.0000E+00	1.8476E+00
2.9000E+03	0.0000E+00	0.0000E+00	1.8455E+00
2.9010E+03	0.0000E+00	0.0000E+00	1.8435E+00
2.9020E+03	0.0000E+00	0.0000E+00	1.8440E+00
2.9030E+03	0.0000E+00	0.0000E+00	1.8440E+00
2.9040E+03	0.0000E+00	0.0000E+00	1.8455E+00
2.9050E+03	0.0000E+00	0.0000E+00	1.8506E+00
2.9060E+03	0.0000E+00	0.0000E+00	1.8495E+00
2.9070E+03	0.0000E+00	0.0000E+00	1.8571E+00
2.9080E+03	0.0000E+00	0.0000E+00	1.8621E+00
2.9090E+03	0.0000E+00	0.0000E+00	1.8611E+00
2.9100E+03	0.0000E+00	0.0000E+00	1.8605E+00
2.9110E+03	0.0000E+00	0.0000E+00	1.8613E+00
2.9120E+03	0.0000E+00	0.0000E+00	1.8630E+00
2.9130E+03	0.0000E+00	0.0000E+00	1.8603E+00
2.9140E+03	0.0000E+00	0.0000E+00	1.8578E+00
2.9150E+03	0.0000E+00	0.0000E+00	1.8563E+00
2.9160E+03	0.0000E+00	0.0000E+00	1.8562E+00
2.9170E+03	0.0000E+00	0.0000E+00	1.8560E+00
2.9180E+03	0.0000E+00	0.0000E+00	1.8521E+00
2.9190E+03	0.0000E+00	0.0000E+00	1.8512E+00
2.9200E+03	0.0000E+00	0.0000E+00	1.8459E+00
2.9210E+03	0.0000E+00	0.0000E+00	1.8100E+00
2.9220E+03	0.0000E+00	0.0000E+00	1.8041E+00
2.9230E+03	0.0000E+00	0.0000E+00	1.7992E+00
2.9240E+03	0.0000E+00	0.0000E+00	1.7958E+00
2.9250E+03	0.0000E+00	0.0000E+00	1.7947E+00
2.9260E+03	0.0000E+00	0.0000E+00	1.7933E+00
2.9270E+03	0.0000E+00	0.0000E+00	1.7950E+00
2.9280E+03	0.0000E+00	0.0000E+00	1.7984E+00
2.9290E+03	0.0000E+00	0.0000E+00	1.8034E+00
2.9300E+03	0.0000E+00	0.0000E+00	1.8087E+00
2.9310E+03	0.0000E+00	0.0000E+00	1.8142E+00
2.9320E+03	0.0000E+00	0.0000E+00	1.8165E+00
2.9330E+03	0.0000E+00	0.0000E+00	1.8186E+00
2.9340E+03	0.0000E+00	0.0000E+00	1.8146E+00
2.9350E+03	0.0000E+00	0.0000E+00	1.8160E+00
2.9360E+03	0.0000E+00	0.0000E+00	1.8158E+00
2.9370E+03	0.0000E+00	0.0000E+00	1.8147E+00
2.9380E+03	0.0000E+00	0.0000E+00	1.8122E+00
2.9390E+03	0.0000E+00	0.0000E+00	1.8125E+00
2.9400E+03	0.0000E+00	0.0000E+00	1.8133E+00
2.9410E+03	0.0000E+00	0.0000E+00	1.8074E+00
2.9420E+03	0.0000E+00	0.0000E+00	1.8009E+00
2.9430E+03	0.0000E+00	0.0000E+00	1.8005E+00
2.9440E+03	0.0000E+00	0.0000E+00	1.7980E+00
2.9450E+03	0.0000E+00	0.0000E+00	1.7955E+00
2.9460E+03	0.0000E+00	0.0000E+00	1.7926E+00
2.9470E+03	0.0000E+00	0.0000E+00	1.7924E+00
2.9480E+03	0.0000E+00	0.0000E+00	1.7877E+00
2.9490E+03	0.0000E+00	0.0000E+00	1.7875E+00
2.9500E+03	0.0000E+00	0.0000E+00	1.7881E+00
2.9510E+03	0.0000E+00	0.0000E+00	1.7899E+00
2.9520E+03	0.0000E+00	0.0000E+00	1.7913E+00
2.9530E+03	0.0000E+00	0.0000E+00	1.7982E+00
2.9540E+03	0.0000E+00	0.0000E+00	1.8019E+00
2.9550E+03	0.0000E+00	0.0000E+00	1.8044E+00
2.9560E+03	0.0000E+00	0.0000E+00	1.8043E+00
2.9570E+03	0.0000E+00	0.0000E+00	1.8065E+00
2.9580E+03	0.0000E+00	0.0000E+00	1.8064E+00
2.9590E+03	0.0000E+00	0.0000E+00	1.8080E+00
2.9600E+03	0.0000E+00	0.0000E+00	1.8078E+00
2.9610E+03	0.0000E+00	0.0000E+00	1.8064E+00
2.9620E+03	0.0000E+00	0.0000E+00	1.8061E+00
2.9630E+03	0.0000E+00	0.0000E+00	1.8070E+00
2.9640E+03	0.0000E+00	0.0000E+00	1.8027E+00
2.9650E+03	0.0000E+00	0.0000E+00	1.8015E+00
2.9660E+03	0.0000E+00	0.0000E+00	1.7964E+00
2.9670E+03	0.0000E+00	0.0000E+00	1.7925E+00
2.9680E+03	0.0000E+00	0.0000E+00	1.7919E+00
2.9690E+03	0.0000E+00	0.0000E+00	1.7898E+00
2.9700E+03	0.0000E+00	0.0000E+00	1.7904E+00
2.9710E+03	0.0000E+00	0.0000E+00	1.7868E+00
2.9720E+03	0.0000E+00	0.0000E+00	1.7838E+00
2.9730E+03	0.0000E+00	0.0000E+00	1.7810E+00
2.9740E+03	0.0000E+00	0.0000E+00	1.7771E+00
2.9750E+03	0.0000E+00	0.0000E+00	1.7799E+00
2.9760E+03	0.0000E+00	0.0000E+00	1.7800E+00
2.9770E+03	0.0000E+00	0.0000E+00	1.7847E+00
2.9780E+03	0.0000E+00	0.0000E+00	1.7928E+00
2.9790E+03	0.0000E+00	0.0000E+00	1.7986E+00
2.9800E+03	0.0000E+00	0.0000E+00	1.8020E+00
2.9810E+03	0.0000E+00	0.0000E+00	1.8023E+00
2.9820E+03	0.0000E+00	0.0000E+00	1.8015E+00
2.9830E+03	0.0000E+00	0.0000E+00	1.8028E+00
2.9840E+03	0.0000E+00	0.0000E+00	1.8031E+00
2.9850E+03	0.0000E+00	0.0000E+00	1.8045E+00
2.9860E+03	0.0000E+00	0.0000E+00	1.8012E+00
2.9870E+03	0.0000E+00	0.0000E+00	1.7976E+00
2.9880E+03	0.0000E+00	0.0000E+00	1.7960E+00
2.9890E+03	0.0000E+00	0.0000E+00	1.7946E+00
2.9900E+03	0.0000E+00	0.0000E+00	1.7944E+00
2.9910E+03	0.0000E+00	0.0000E+00	1.7927E+00
2.9920E+03	0.0000E+00	0.0000E+00	1.7912E+00
2.9930E+03	0.0000E+00	0.0000E+00	1.7903E+00
2.9940E+03	0.0000E+00	0.0000E+00	1.7873E+00
2.9950E+03	0.0000E+00	0.0000E+00	1.7865E+00
2.9960E+03	0.0000E+00	0.0000E+00	1.7834E+00
2.9970E+03	0.0000E+00	0.0000E+00	1.7834E+00
2.9980E+03	0.0000E+00	0.0000E+00	1.7800E+00
2.9990E+03	0.0000E+00	0.0000E+00	1.7800E+00
3.0000E+03	0.0000E+00	0.0000E+00	1.7786E+00
3.0010E+03	0.0000E+00	0.0000E+00	1.7803E+00
3.0020E+03	0.0000E+00	0.0000E+00	1.7832E+00
3.0030E+03	0.0000E+00	0.0000E+00	1.7848E+00
3.0040E+03	0.0000E+00	0.0000E+00	1.7867E+00
3.0050E+03	0.0000E+00	0.0000E+00	1.7892E+00
3.0060E+03	0.0000E+00	0.0000E+00	1.7926E+00
3.0070E+03	0.0000E+00	0.0000E+00	1.7922E+00
3.0080E+03	0.0000E+00	0.0000E+00	1.7936E+00
3.0090E+03	0.0000E+00	0.0000E+00	1.7924E+00
3.0100E+03	0.0000E+00	0.0000E+00	1.7931E+00
3.0110E+03	0.0000E+00	0.0000E+00	1.7930E+00
3.0120E+03	0.0000E+00	0.0000E+00	1.7915E+00
3.0130E+03	0.0000E+00	0.0000E+00	1.7911E+00
3.0140E+03	0.0000E+00	0.0000E+00	1.7859E+00
3.0150E+03	0.0000E+00	0.0000E+00	1.7821E+00
3.0160E+03	0.0000E+00	0.0000E+00	1.7798E+00
3.0170E+03	0.0000E+00	0.0000E+00	1.7814E+00
3.0180E+03	0.0000E+00	0.0000E+00	1.7798E+00
3.0190E+03	0.0000E+00	0.0000E+00	1.7790E+00
3.0200E+03	0.0000E+00	0.0000E+00	1.7741E+00
3.0210E+03	0.0000E+00	0.0000E+00	1.7741E+00
3.0220E+03	0.0000E+00	0.0000E+00	1.7713E+00
3.0230E+03	0.0000E+00	0.0000E+00	1.7738E+00
3.0240E+03	0.0000E+00	0.0000E+00	1.7751E+00
3.0250E+03	0.0000E+00	0.0000E+00	1.7787E+00
3.0260E+03	0.0000E+00	0.0000E+00	1.7831E+00
3.0270E+03	0.0000E+00	0.0000E+00	1.7860E+00
3.0280E+03	0.0000E+00	0.0000E+00	1.7889E+00
3.0290E+03	0.0000E+00	0.0000E+00	1.7912E+00
3.0300E+03	0.0000E+00	0.0000E+00	1.7892E+00
3.0310E+03	0.0000E+00	0.0000E+00	1.7885E+00
3.0320E+03	0.0000E+00	0.0000E+00	1.7876E+00
3.0330E+03	0.0000E+00	0.0000E+00	1.7868E+00
3.0340E+03	0.0000E+00	0.0000E+00	1.7861E+00
3.0350E+03	0.0000E+00	0.0000E+00	1.7857E+00
3.0360E+03	0.0000E+00	0.0000E+00	1.7886E+00
3.0370E+03	0.0000E+00	0.0000E+00	1.7855E+00
3.0380E+03	0.0000E+00	0.0000E+00	1.7838E+00
3.0390E+03	0.0000E+00	0.0000E+00	1.7834E+00
3.0400E+03	0.0000E+00	0.0000E+00	1.7751E+00
3.0410E+03	0.0000E+00	0.0000E+00	1.7747E+00
3.0420E+03	0.0000E+00	0.0000E+00	1.7736E+00
3.0430E+03	0.0000E+00	0.0000E+00	1.7730E+00
3.0440E+03	0.0000E+00	0.0000E+00	1.7694E+00
3.0450E+03	0.0000E+00	0.0000E+00	1.7667E+00
3.0460E+03	0.0000E+00	0.0000E+00	1.7653E+00
3.0470E+03	0.0000E+00	0.0000E+00	1.7643E+00
3.0480E+03	0.0000E+00	0.0000E+00	1.7634E+00
3.0490E+03	0.0000E+00	0.0000E+00	1.7652E+00
3.0500E+03	0.0000E+00	0.0000E+00	1.7666E+00
3.0510E+03	0.0000E+00	0.0000E+00	1.7634E+00
3.0520E+03	0.0000E+00	0.0000E+00	1.7675E+00
3.0530E+03	0.0000E+00	0.0000E+00	1.7708E+00
3.0540E+03	0.0000E+00	0.0000E+00	1.7737E+00
3.0550E+03	0.0000E+00	0.0000E+00	1.7747E+00
3.0560E+03	0.0000E+00	0.0000E+00	1.7765E+00
3.0570E+03	0.0000E+00	0.0000E+00	1.7762E+00
3.0580E+03	0.0000E+00	0.0000E+00	1.7760E+00
3.0590E+03	0.0000E+00	0.0000E+00	1.7791E+00
3.0600E+03	0.0000E+00	0.0000E+00	1.7734E+00
3.0610E+03	0.0000E+00	0.0000E+00	1.7763E+00
3.0620E+03	0.0000E+00	0.0000E+00	1.7745E+00
3.0630E+03	0.0000E+00	0.0000E+00	1.7725E+00
3.0640E+03	0.0000E+00	0.0000E+00	1.7727E+00
3.0650E+03	0.0000E+00	0.0000E+00	1.7705E+00
3.0660E+03	0.0000E+00	0.0000E+00	1.7643E+00
3.0670E+03	0.0000E+00	0.0000E+00	1.7602E+00
3.0680E+03	0.0000E+00	0.0000E+00	1.7567E+00
3.0690E+03	0.0000E+00	0.0000E+00	1.7572E+00
3.0700E+03	0.0000E+00	0.0000E+00	1.7558E+00
3.0710E+03	0.0000E+00	0.0000E+00	1.7582E+00
3.0720E+03	0.0000E+00	0.0000E+00	1.7590E+00
3.0730E+03	0.0000E+00	0.0000E+00	1.7604E+00
3.0740E+03	0.0000E+00	0.0000E+00	1.7645E+00
3.0750E+03	0.0000E+00	0.0000E+00	1.7724E+00
3.0760E+03	0.0000E+00	0.0000E+00	1.7762E+00
3.0770E+03	0.0000E+00	0.0000E+00	1.7777E+00
3.0780E+03	0.0000E+00	0.0000E+00	1.7794E+00
3.0790E+03	0.0000E+00	0.0000E+00	1.7758E+00
3.0800E+03	0.0000E+00	0.0000E+00	1.7779E+00
3.0810E+03	0.0000E+00	0.0000E+00	1.7782E+00
3.0820E+03	0.0000E+00	0.0000E+00	1.7786E+00
3.0830E+03	0.0000E+00	0.0000E+00	1.7765E+00
3.0840E+03	0.0000E+00	0.0000E+00	1.7731E+00
3.0850E+03	0.0000E+00	0.0000E+00	1.7732E+00
3.0860E+03	0.0000E+00	0.0000E+00	1.7688E+00
3.0870E+03	0.0000E+00	0.0000E+00	1.7666E+00
3.0880E+03	0.0000E+00	0.0000E+00	1.7665E+00
3.0890E+03	0.0000E+00	0.0000E+00	1.7640E+00
3.0900E+03	0.0000E+00	0.0000E+00	1.7613E+00
3.0910E+03	0.0000E+00	0.0000E+00	1.7594E+00
3.0920E+03	0.0000E+00	0.0000E+00	1.7568E+00
3.0930E+03	0.0000E+00	0.0000E+00	1.7547E+00
3.0940E+03	0.0000E+00	0.0000E+00	1.7549E+00
3.0950E+03	0.0000E+00	0.0000E+00	1.7564E+00
3.0960E+03	0.0000E+00	0.0000E+00	1.7598E+00
3.0970E+03	0.0000E+00	0.0000E+00	1.7617E+00
3.0980E+03	0.0000E+00	0.0000E+00	1.7644E+00
3.0990E+03	0.0000E+00	0.0000E+00	1.7680E+00
3.1000E+03	0.0000E+00	0.0000E+00	1.7703E+00
3.1010E+03	0.0000E+00	0.0000E+00	1.7747E+00
3.1020E+03	0.0000E+00	0.0000E+00	1.7742E+00
3.1030E+03	0.0000E+00	0.0000E+00	1.7746E+00
3.1040E+03	0.0000E+00	0.0000E+00	1.7768E+00
3.1050E+03	0.0000E+00	0.0000E+00	1.7775E+00
3.1060E+03	0.0000E+00	0.0000E+00	1.7775E+00
3.1070E+03	0.0000E+00	0.0000E+00	1.7752E+00
3.1080E+03	0.0000E+00	0.0000E+00	1.7752E+00
3.1090E+03	0.0000E+00	0.0000E+00	1.7706E+00
3.1100E+03	0.0000E+00	0.0000E+00	1.7665E+00
3.1110E+03	0.0000E+00	0.0000E+00	1.7636E+00
3.1120E+03	0.0000E+00	0.0000E+00	1.7615E+00
3.1130E+03	0.0000E+00	0.0000E+00	1.7521E+00
3.1140E+03	0.0000E+00	0.0000E+00	1.7512E+00
3.1150E+03	0.0000E+00	0.0000E+00	1.7465E+00
3.1160E+03	0.0000E+00	0.0000E+00	1.7458E+00
3.1170E+03	0.0000E+00	0.0000E+00	1.7430E+00
3.1180E+03	0.0000E+00	0.0000E+00	1.7434E+00
3.1190E+03	0.0000E+00	0.0000E+00	1.7404E+00
3.1200E+03	0.0000E+00	0.0000E+00	1.7410E+00
3.1210E+03	0.0000E+00	0.0000E+00	1.7432E+00
3.1220E+03	0.0000E+00	0.0000E+00	1.7488E+00
3.1230E+03	0.0000E+00	0.0000E+00	1.7533E+00
3.1240E+03	0.0000E+00	0.0000E+00	1.7568E+00
3.1250E+03	0.0000E+00	0.0000E+00	1.7603E+00
3.1260E+03	0.0000E+00	0.0000E+00	1.7612E+00
3.1270E+03	0.0000E+00	0.0000E+00	1.7593E+00
3.1280E+03	0.0000E+00	0.0000E+00	1.7627E+00
3.1290E+03	0.0000E+00	0.0000E+00	1.7644E+00
3.1300E+03	0.0000E+00	0.0000E+00	1.7624E+00
3.1310E+03	0.0000E+00	0.0000E+00	1.7621E+00
3.1320E+03	0.0000E+00	0.0000E+00	1.7602E+00
3.1330E+03	0.0000E+00	0.0000E+00	1.7587E+00
3.1340E+03	0.0000E+00	0.0000E+00	1.7558E+00
3.1350E+03	0.0000E+00	0.0000E+00	1.7520E+00
3.1360E+03	0.0000E+00	0.0000E+00	1.7508E+00
3.1370E+03	0.0000E+00	0.0000E+00	1.7504E+00
3.1380E+03	0.0000E+00	0.0000E+00	1.7476E+00
3.1390E+03	0.0000E+00	0.0000E+00	1.7454E+00
3.1400E+03	0.0000E+00	0.0000E+00	1.7423E+00
3.1410E+03	0.0000E+00	0.0000E+00	1.7386E+00
3.1420E+03	0.0000E+00	0.0000E+00	1.7381E+00
3.1430E+03	0.0000E+00	0.0000E+00	1.7379E+00
3.1440E+03	0.0000E+00	0.0000E+00	1.7420E+00
3.1450E+03	0.0000E+00	0.0000E+00	1.7439E+00
3.1460E+03	0.0000E+00	0.0000E+00	1.7487E+00
3.1470E+03	0.0000E+00	0.0000E+00	1.7494E+00
3.1480E+03	0.0000E+00	0.0000E+00	1.7552E+00
3.1490E+03	0.0000E+00	0.0000E+00	1.7569E+00
3.1500E+03	0.0000E+00	0.0000E+00	1.7596E+00
3.1510E+03	0.0000E+00	0.0000E+00	1.7614E+00
3.1520E+03	0.0000E+00	0.0000E+00	1.7640E+00
3.1530E+03	0.0000E+00	0.0000E+00	1.7636E+00
3.1540E+03	0.0000E+00	0.0000E+00	1.7671E+00
3.1550E+03	0.0000E+00	0.0000E+00	1.7670E+00
3.1560E+03	0.0000E+00	0.0000E+00	1.7625E+00
3.1570E+03	0.0000E+00	0.0000E+00	1.7637E+00
3.1580E+03	0.0000E+00	0.0000E+00	1.7624E+00
3.1590E+03	0.0000E+00	0.0000E+00	1.7618E+00
3.1600E+03	0.0000E+00	0.0000E+00	1.7547E+00
3.1610E+03	0.0000E+00	0.0000E+00	1.7551E+00
3.1620E+03	0.0000E+00	0.0000E+00	1.7526E+00
3.1630E+03	0.0000E+00	0.0000E+00	1.7505E+00
3.1640E+03	0.0000E+00	0.0000E+00	1.7467E+00
3.1650E+03	0.0000E+00	0.0000E+00	1.7453E+00
3.1660E+03	0.0000E+00	0.0000E+00	1.7428E+00
3.1670E+03	0.0000E+00	0.0000E+00	1.7448E+00
3.1680E+03	0.0000E+00	0.0000E+00	1.7450E+00
3.1690E+03	0.0000E+00	0.0000E+00	1.7445E+00
3.1700E+03	0.0000E+00	0.0000E+00	1.7450E+00
3.1710E+03	0.0000E+00	0.0000E+00	1.7474E+00
3.1720E+03	0.0000E+00	0.0000E+00	1.7524E+00
3.1730E+03	0.0000E+00	0.0000E+00	1.7519E+00
3.1740E+03	0.0000E+00	0.0000E+00	1.7573E+00
3.1750E+03	0.0000E+00	0.0000E+00	1.7580E+00
3.1760E+03	0.0000E+00	0.0000E+00	1.7596E+00
3.1770E+03	0.0000E+00	0.0000E+00	1.7604E+00
3.1780E+03	0.0000E+00	0.0000E+00	1.7630E+00
3.1790E+03	0.0000E+00	0.0000E+00	1.7599E+00
3.1800E+03	0.0000E+00	0.0000E+00	1.7615E+00
3.1810E+03	0.0000E+00	0.0000E+00	1.7609E+00
3.1820E+03	0.0000E+00	0.0000E+00	1.7617E+00
3.1830E+03	0.0000E+00	0.0000E+00	1.7603E+00
3.1840E+03	0.0000E+00	0.0000E+00	1.7547E+00
3.1850E+03	0.0000E+00	0.0000E+00	1.7508E+00
3.1860E+03	0.0000E+00	0.0000E+00	1.7511E+00
3.1870E+03	0.0000E+00	0.0000E+00	1.7491E+00
3.1880E+03	0.0000E+00	0.0000E+00	1.7476E+00
3.1890E+03	0.0000E+00	0.0000E+00	1.7462E+00
3.1900E+03	0.0000E+00	0.0000E+00	1.7461E+00
3.1910E+03	0.0000E+00	0.0000E+00	1.7445E+00
3.1920E+03	0.0000E+00	0.0000E+00	1.7450E+00
3.1930E+03	0.0000E+00	0.0000E+00	1.7438E+00
3.1940E+03	0.0000E+00	0.0000E+00	1.7451E+00
3.1950E+03	0.0000E+00	0.0000E+00	1.7445E+00
3.1960E+03	0.0000E+00	0.0000E+00	1.7453E+00
3.1970E+03	0.0000E+00	0.0000E+00	1.7462E+00
3.1980E+03	0.0000E+00	0.0000E+00	1.7463E+00
3.1990E+03	0.0000E+00	0.0000E+00	1.7460E+00
3.2000E+03	0.0000E+00	0.0000E+00	1.7487E+00
3.2010E+03	0.0000E+00	0.0000E+00	1.7516E+00
3.2020E+03	0.0000E+00	0.0000E+00	1.7538E+00
3.2030E+03	0.0000E+00	0.0000E+00	1.7538E+00
3.2040E+03	0.0000E+00	0.0000E+00	1.7554E+00
3.2050E+03	0.0000E+00	0.0000E+00	1.7516E+00
3.2060E+03	0.0000E+00	0.0000E+00	1.7521E+00
3.2070E+03	0.0000E+00	0.0000E+00	1.7513E+00
3.2080E+03	0.0000E+00	0.0000E+00	1.7525E+00
3.2090E+03	0.0000E+00	0.0000E+00	1.7511E+00
3.2100E+03	0.0000E+00	0.0000E+00	1.7482E+00
3.2110E+03	0.0000E+00	0.0000E+00	1.7433E+00
3.2120E+03	0.0000E+00	0.0000E+00	1.7402E+00
3.2130E+03	0.0000E+00	0.0000E+00	1.7355E+00
3.2140E+03	0.0000E+00	0.0000E+00	1.7353E+00
3.2150E+03	0.0000E+00	0.0000E+00	1.7345E+00
3.2160E+03	0.0000E+00	0.0000E+00	1.7347E+00
3.2170E+03	0.0000E+00	0.0000E+00	1.7369E+00
3.2180E+03	0.0000E+00	0.0000E+00	1.7374E+00
3.2190E+03	0.0000E+00	0.0000E+00	1.7404E+00
3.2200E+03	0.0000E+00	0.0000E+00	1.7429E+00
3.2210E+03	0.0000E+00	0.0000E+00	1.7405E+00
3.2220E+03	0.0000E+00	0.0000E+00	1.7428E+00
3.2230E+03	0.0000E+00	0.0000E+00	1.7476E+00
3.2240E+03	0.0000E+00	0.0000E+00	1.7505E+00
3.2250E+03	0.0000E+00	0.0000E+00	1.7521E+00
3.2260E+03	0.0000E+00	0.0000E+00	1.7534E+00
3.2270E+03	0.0000E+00	0.0000E+00	1.7540E+00
3.2280E+03	0.0000E+00	0.0000E+00	1.7538E+00
3.2290E+03	0.0000E+00	0.0000E+00	1.7530E+00
3.2300E+03	0.0000E+00	0.0000E+00	1.7515E+00
3.2310E+03	0.0000E+00	0.0000E+00	1.7509E+00
3.2320E+03	0.0000E+00	0.0000E+00	1.7502E+00
3.2330E+03	0.0000E+00	0.0000E+00	1.7475E+00
3.2340E+03	0.0000E+00	0.0000E+00	1.7436E+00
3.2350E+03	0.0000E+00	0.0000E+00	1.7430E+00
3.2360E+03	0.0000E+00	0.0000E+00	1.7377E+00
3.2370E+03	0.0000E+00	0.0000E+00	1.7343E+00
3.2380E+03	0.0000E+00	0.0000E+00	1.7333E+00
3.2390E+03	0.0000E+00	0.0000E+00	1.7331E+00
3.2400E+03	0.0000E+00	0.0000E+00	1.7324E+00
3.2410E+03	0.0000E+00	0.0000E+00	1.7318E+00
3.2420E+03	0.0000E+00	0.0000E+00	1.7296E+00
3.2430E+03	0.0000E+00	0.0000E+00	1.7357E+00
3.2440E+03	0.0000E+00	0.0000E+00	1.7340E+00
3.2450E+03	0.0000E+00	0.0000E+00	1.7369E+00
3.2460E+03	0.0000E+00	0.0000E+00	1.7389E+00
3.2470E+03	0.0000E+00	0.0000E+00	1.7456E+00
3.2480E+03	0.0000E+00	0.0000E+00	1.7452E+00
3.2490E+03	0.0000E+00	0.0000E+00	1.7485E+00
3.2500E+03	0.0000E+00	0.0000E+00	1.7503E+00
3.2510E+03	0.0000E+00	0.0000E+00	1.7494E+00
3.2520E+03	0.0000E+00	0.0000E+00	1.7514E+00
3.2530E+03	0.0000E+00	0.0000E+00	1.7518E+00
3.2540E+03	0.0000E+00	0.0000E+00	1.7516E+00
3.2550E+03	0.0000E+00	0.0000E+00	1.7475E+00
3.2560E+03	0.0000E+00	0.0000E+00	1.7462E+00
3.2570E+03	0.0000E+00	0.0000E+00	1.7435E+00
3.2580E+03	0.0000E+00	0.0000E+00	1.7416E+00
3.2590E+03	0.0000E+00	0.0000E+00	1.7379E+00
3.2600E+03	0.0000E+00	0.0000E+00	1.7330E+00
3.2610E+03	0.0000E+00	0.0000E+00	1.7334E+00
3.2620E+03	0.0000E+00	0.0000E+00	1.7322E+00
3.2630E+03	0.0000E+00	0.0000E+00	1.7311E+00
3.2640E+03	0.0000E+00	0.0000E+00	1.7302E+00
3.2650E+03	0.0000E+00	0.0000E+00	1.7313E+00
3.2660E+03	0.0000E+00	0.0000E+00	1.7310E+00
3.2670E+03	0.0000E+00	0.0000E+00	1.7335E+00
3.2680E+03	0.0000E+00	0.0000E+00	1.7372E+00
3.2690E+03	0.0000E+00	0.0000E+00	1.7411E+00
3.2700E+03	0.0000E+00	0.0000E+00	1.7422E+00
3.2710E+03	0.0000E+00	0.0000E+00	1.7452E+00
3.2720E+03	0.0000E+00	0.0000E+00	1.7460E+00
3.2730E+03	0.0000E+00	0.0000E+00	1.7495E+00
3.2740E+03	0.0000E+00	0.0000E+00	1.7497E+00
3.2750E+03	0.0000E+00	0.0000E+00	1.7487E+00
3.2760E+03	0.0000E+00	0.0000E+00	1.7490E+00
3.2770E+03	0.0000E+00	0.0000E+00	1.7487E+00
3.2780E+03	0.0000E+00	0.0000E+00	1.7472E+00
3.2790E+03	0.0000E+00	0.0000E+00	1.7441E+00
3.2800E+03	0.0000E+00	0.0000E+00	1.7405E+00
3.2810E+03	0.0000E+00	0.0000E+00	1.7400E+00
3.2820E+03	0.0000E+00	0.0000E+00	1.7372E+00
3.2830E+03	0.0000E+00	0.0000E+00	1.7358E+00
3.2840E+03	0.0000E+00	0.0000E+00	1.7316E+00
3.2850E+03	0.0000E+00	0.0000E+00	1.7272E+00
3.2860E+03	0.0000E+00	0.0000E+00	1.7246E+00
3.2870E+03	0.0000E+00	0.0000E+00	1.7225E+00
3.2880E+03	0.0000E+00	0.0000E+00	1.7240E+00
3.2890E+03	0.0000E+00	0.0000E+00	1.7218E+00
3.2900E+03	0.0000E+00	0.0000E+00	1.7234E+00
3.2910E+03	0.0000E+00	0.0000E+00	1.7244E+00
3.2920E+03	0.0000E+00	0.0000E+00	1.7276E+00
3.2930E+03	0.0000E+00	0.0000E+00	1.7329E+00
3.2940E+03	0.0000E+00	0.0000E+00	1.7364E+00
3.2950E+03	0.0000E+00	0.0000E+00	1.7364E+00
3.2960E+03	0.0000E+00	0.0000E+00	1.7417E+00
3.2970E+03	0.0000E+00	0.0000E+00	1.7429E+00
3.2980E+03	0.0000E+00	0.0000E+00	1.7434E+00
3.2990E+03	0.0000E+00	0.0000E+00	1.7451E+00
3.3000E+03	0.0000E+00	0.0000E+00	1.7442E+00
3.3010E+03	0.0000E+00	0.0000E+00	1.7437E+00
3.3020E+03	0.0000E+00	0.0000E+00	1.7398E+00
3.3030E+03	0.0000E+00	0.0000E+00	1.7398E+00
3.3040E+03	0.0000E+00	0.0000E+00	1.7418E+00
3.3050E+03	0.0000E+00	0.0000E+00	1.7387E+00
3.3060E+03	0.0000E+00	0.0000E+00	1.7339E+00
3.3070E+03	0.0000E+00	0.0000E+00	1.7315E+00
3.3080E+03	0.0000E+00	0.0000E+00	1.7295E+00
3.3090E+03	0.0000E+00	0.0000E+00	1.7289E+00
3.3100E+03	0.0000E+00	0.0000E+00	1.7263E+00
3.3110E+03	0.0000E+00	0.0000E+00	1.7264E+00
3.3120E+03	0.0000E+00	0.0000E+00	1.7293E+00
3.3130E+03	0.0000E+00	0.0000E+00	1.7277E+00
3.3140E+03	0.0000E+00	0.0000E+00	1.7295E+00
3.3150E+03	0.0000E+00	0.0000E+00	1.7282E+00
3.3160E+03	0.0000E+00	0.0000E+00	1.7313E+00
3.3170E+03	0.0000E+00	0.0000E+00	1.7337E+00
3.3180E+03	0.0000E+00	0.0000E+00	1.7388E+00
3.3190E+03	0.0000E+00	0.0000E+00	1.7383E+00
3.3200E+03	0.0000E+00	0.0000E+00	1.7375E+00
3.3210E+03	0.0000E+00	0.0000E+00	1.7376E+00
3.3220E+03	0.0000E+00	0.0000E+00	1.7380E+00
3.3230E+03	0.0000E+00	0.0000E+00	1.7385E+00
3.3240E+03	0.0000E+00	0.0000E+00	1.7400E+00
3.3250E+03	0.0000E+00	0.0000E+00	1.7396E+00
3.3260E+03	0.0000E+00	0.0000E+00	1.7378E+00
3.3270E+03	0.0000E+00	0.0000E+00	1.7393E+00
3.3280E+03	0.0000E+00	0.0000E+00	1.7364E+00
3.3290E+03	0.0000E+00	0.0000E+00	1.7338E+00
3.3300E+03	0.0000E+00	0.0000E+00	1.7328E+00
3.3310E+03	0.0000E+00	0.0000E+00	1.7296E+00
3.3320E+03	0.0000E+00	0.0000E+00	1.7278E+00
3.3330E+03	0.0000E+00	0.0000E+00	1.7249E+00
3.3340E+03	0.0000E+00	0.0000E+00	1.7222E+00
3.3350E+03	0.0000E+00	0.0000E+00	1.7232E+00
3.3360E+03	0.0000E+00	0.0000E+00	1.7255E+00
3.3370E+03	0.0000E+00	0.0000E+00	1.7275E+00
3.3380E+03	0.0000E+00	0.0000E+00	1.7279E+00
3.3390E+03	0.0000E+00	0.0000E+00	1.7291E+00
3.3400E+03	0.0000E+00	0.0000E+00	1.7303E+00
3.3410E+03	0.0000E+00	0.0000E+00	1.7354E+00
3.3420E+03	0.0000E+00	0.0000E+00	1.7369E+00
3.3430E+03	0.0000E+00	0.0000E+00	1.7358E+00
3.3440E+03	0.0000E+00	0.0000E+00	1.7390E+00
3.3450E+03	0.0000E+00	0.0000E+00	1.7396E+00
3.3460E+03	0.0000E+00	0.0000E+00	1.7415E+00
3.3470E+03	0.0000E+00	0.0000E+00	1.7391E+00
3.3480E+03	0.0000E+00	0.0000E+00	1.7393E+00
3.3490E+03	0.0000E+00	0.0000E+00	1.7423E+00
3.3500E+03	0.0000E+00	0.0000E+00	1.7412E+00
3.3510E+03	0.0000E+00	0.0000E+00	1.7402E+00
3.3520E+03	0.0000E+00	0.0000E+00	1.7367E+00
3.3530E+03	0.0000E+00	0.0000E+00	1.7360E+00
3.3540E+03	0.0000E+00	0.0000E+00	1.7341E+00
3.3550E+03	0.0000E+00	0.0000E+00	1.7364E+00
3.3560E+03	0.0000E+00	0.0000E+00	1.7354E+00
3.3570E+03	0.0000E+00	0.0000E+00	1.7348E+00
3.3580E+03	0.0000E+00	0.0000E+00	1.7322E+00
3.3590E+03	0.0000E+00	0.0000E+00	1.7366E+00
3.3600E+03	0.0000E+00	0.0000E+00	1.7347E+00
3.3610E+03	0.0000E+00	0.0000E+00	1.7364E+00
3.3620E+03	0.0000E+00	0.0000E+00	1.7381E+00
3.3630E+03	0.0000E+00	0.0000E+00	1.7386E+00
3.3640E+03	0.0000E+00	0.0000E+00	1.7384E+00
3.3650E+03	0.0000E+00	0.0000E+00	1.7366E+00
3.3660E+03	0.0000E+00	0.0000E+00	1.7373E+00
3.3670E+03	0.0000E+00	0.0000E+00	1.7359E+00
3.3680E+03	0.0000E+00	0.0000E+00	1.7386E+00
3.3690E+03	0.0000E+00	0.0000E+00	1.7400E+00
3.3700E+03	0.0000E+00	0.0000E+00	1.7401E+00
3.3710E+03	0.0000E+00	0.0000E+00	1.7412E+00
3.3720E+03	0.0000E+00	0.0000E+00	1.7396E+00
3.3730E+03	0.0000E+00	0.0000E+00	1.7417E+00
3.3740E+03	0.0000E+00	0.0000E+00	1.7404E+00
3.3750E+03	0.0000E+00	0.0000E+00	1.7432E+00
3.3760E+03	0.0000E+00	0.0000E+00	1.7414E+00
3.3770E+03	0.0000E+00	0.0000E+00	1.7392E+00
3.3780E+03	0.0000E+00	0.0000E+00	1.7347E+00
3.3790E+03	0.0000E+00	0.0000E+00	1.7367E+00
3.3800E+03	0.0000E+00	0.0000E+00	1.7326E+00
3.3810E+03	0.0000E+00	0.0000E+00	1.7266E+00
3.3820E+03	0.0000E+00	0.0000E+00	1.7266E+00
3.3830E+03	0.0000E+00	0.0000E+00	1.7270E+00
3.3840E+03	0.0000E+00	0.0000E+00	1.7288E+00
3.3850E+03	0.0000E+00	0.0000E+00	1.7298E+00
3.3860E+03	0.0000E+00	0.0000E+00	1.7297E+00
3.3870E+03	0.0000E+00	0.0000E+00	1.7311E+00
3.3880E+03	0.0000E+00	0.0000E+00	1.7359E+00
3.3890E+03	0.0000E+00	0.0000E+00	1.7388E+00
3.3900E+03	0.0000E+00	0.0000E+00	1.7381E+00
3.3910E+03	0.0000E+00	0.0000E+00	1.7385E+00
3.3920E+03	0.0000E+00	0.0000E+00	1.7398E+00
3.3930E+03	0.0000E+00	0.0000E+00	1.7412E+00
3.3940E+03	0.0000E+00	0.0000E+00	1.7417E+00
3.3950E+03	0.0000E+00	0.0000E+00	1.7426E+00
3.3960E+03	0.0000E+00	0.0000E+00	1.7431E+00
3.3970E+03	0.0000E+00	0.0000E+00	1.7435E+00
3.3980E+03	0.0000E+00	0.0000E+00	1.7404E+00
3.3990E+03	0.0000E+00	0.0000E+00	1.7399E+00
3.4000E+03	0.0000E+00	0.0000E+00	1.7380E+00
3.4010E+03	0.0000E+00	0.0000E+00	1.7346E+00
3.4020E+03	0.0000E+00	0.0000E+00	1.7303E+00
3.4030E+03	0.0000E+00	0.0000E+00	1.7264E+00
3.4040E+03	0.0000E+00	0.0000E+00	1.7265E+00
3.4050E+03	0.0000E+00	0.0000E+00	1.7239E+00
3.4060E+03	0.0000E+00	0.0000E+00	1.7203E+00
3.4070E+03	0.0000E+00	0.0000E+00	1.7231E+00
3.4080E+03	0.0000E+00	0.0000E+00	1.7230E+00
3.4090E+03	0.0000E+00	0.0000E+00	1.7206E+00
3.4100E+03	0.0000E+00	0.0000E+00	1.7235E+00
3.4110E+03	0.0000E+00	0.0000E+00	1.7224E+00
3.4120E+03	0.0000E+00	0.0000E+00	1.7241E+00
3.4130E+03	0.0000E+00	0.0000E+00	1.7263E+00
3.4140E+03	0.0000E+00	0.0000E+00	1.7281E+00
3.4150E+03	0.0000E+00	0.0000E+00	1.7272E+00
3.4160E+03	0.0000E+00	0.0000E+00	1.7316E+00
3.4170E+03	0.0000E+00	0.0000E+00	1.7337E+00
3.4180E+03	0.0000E+00	0.0000E+00	1.7352E+00
3.4190E+03	0.0000E+00	0.0000E+00	1.7350E+00
3.4200E+03	0.0000E+00	0.0000E+00	1.7341E+00
3.4210E+03	0.0000E+00	0.0000E+00	1.7342E+00
3.4220E+03	0.0000E+00	0.0000E+00	1.7348E+00
3.4230E+03	0.0000E+00	0.0000E+00	1.7412E+00
3.4240E+03	0.0000E+00	0.0000E+00	1.7430E+00
3.4250E+03	0.0000E+00	0.0000E+00	1.7401E+00
3.4260E+03	0.0000E+00	0.0000E+00	1.7365E+00
3.4270E+03	0.0000E+00	0.0000E+00	1.7322E+00
3.4280E+03	0.0000E+00	0.0000E+00	1.7302E+00
3.4290E+03	0.0000E+00	0.0000E+00	1.7278E+00
3.4300E+03	0.0000E+00	0.0000E+00	1.7273E+00
3.4310E+03	0.0000E+00	0.0000E+00	1.7293E+00
3.4320E+03	0.0000E+00	0.0000E+00	1.7285E+00
3.4330E+03	0.0000E+00	0.0000E+00	1.7299E+00
3.4340E+03	0.0000E+00	0.0000E+00	1.7296E+00
3.4350E+03	0.0000E+00	0.0000E+00	1.7302E+00
3.4360E+03	0.0000E+00	0.0000E+00	1.7306E+00
3.4370E+03	0.0000E+00	0.0000E+00	1.7285E+00
3.4380E+03	0.0000E+00	0.0000E+00	1.7298E+00
3.4390E+03	0.0000E+00	0.0000E+00	1.7315E+00
3.4400E+03	0.0000E+00	0.0000E+00	1.7339E+00
3.4410E+03	0.0000E+00	0.0000E+00	1.7346E+00
3.4420E+03	0.0000E+00	0.0000E+00	1.7350E+00
3.4430E+03	0.0000E+00	0.0000E+00	1.7347E+00
3.4440E+03	0.0000E+00	0.0000E+00	1.7359E+00
3.4450E+03	0.0000E+00	0.0000E+00	1.7346E+00
3.4460E+03	0.0000E+00	0.0000E+00	1.7348E+00
3.4470E+03	0.0000E+00	0.0000E+00	1.7344E+00
3.4480E+03	0.0000E+00	0.0000E+00	1.7309E+00
3.4490E+03	0.0000E+00	0.0000E+00	1.7306E+00
3.4500E+03	0.0000E+00	0.0000E+00	1.7249E+00
3.4510E+03	0.0000E+00	0.0000E+00	1.7222E+00
3.4520E+03	0.0000E+00	0.0000E+00	1.7194E+00
3.4530E+03	0.0000E+00	0.0000E+00	1.7163E+00
3.4540E+03	0.0000E+00	0.0000E+00	1.7146E+00
3.4550E+03	0.0000E+00	0.0000E+00	1.7135E+00
3.4560E+03	0.0000E+00	0.0000E+00	1.7133E+00
3.4570E+03	0.0000E+00	0.0000E+00	1.7152E+00
3.4580E+03	0.0000E+00	0.0000E+00	1.7144E+00
3.4590E+03	0.0000E+00	0.0000E+00	1.7154E+00
3.4600E+03	0.0000E+00	0.0000E+00	1.7166E+00
3.4610E+03	0.0000E+00	0.0000E+00	1.7174E+00
3.4620E+03	0.0000E+00	0.0000E+00	1.7186E+00
3.4630E+03	0.0000E+00	0.0000E+00	1.7160E+00
3.4640E+03	0.0000E+00	0.0000E+00	1.7203E+00
3.4650E+03	0.0000E+00	0.0000E+00	1.7235E+00
3.4660E+03	0.0000E+00	0.0000E+00	1.7245E+00
3.4670E+03	0.0000E+00	0.0000E+00	1.7251E+00
3.4680E+03	0.0000E+00	0.0000E+00	1.7254E+00
3.4690E+03	0.0000E+00	0.0000E+00	1.7239E+00
3.4700E+03	0.0000E+00	0.0000E+00	1.7237E+00
3.4710E+03	0.0000E+00	0.0000E+00	1.7237E+00
3.4720E+03	0.0000E+00	0.0000E+00	1.7248E+00
3.4730E+03	0.0000E+00	0.0000E+00	1.7234E+00
3.4740E+03	0.0000E+00	0.0000E+00	1.7223E+00
3.4750E+03	0.0000E+00	0.0000E+00	1.7188E+00
3.4760E+03	0.0000E+00	0.0000E+00	1.7180E+00
3.4770E+03	0.0000E+00	0.0000E+00	1.7181E+00
3.4780E+03	0.0000E+00	0.0000E+00	1.7124E+00
3.4790E+03	0.0000E+00	0.0000E+00	1.7140E+00
3.4800E+03	0.0000E+00	0.0000E+00	1.7116E+00
3.4810E+03	0.0000E+00	0.0000E+00	1.7110E+00
3.4820E+03	0.0000E+00	0.0000E+00	1.7121E+00
3.4830E+03	0.0000E+00	0.0000E+00	1.7154E+00
3.4840E+03	0.0000E+00	0.0000E+00	1.7141E+00
3.4850E+03	0.0000E+00	0.0000E+00	1.7167E+00
3.4860E+03	0.0000E+00	0.0000E+00	1.7140E+00
3.4870E+03	0.0000E+00	0.0000E+00	1.7162E+00
3.4880E+03	0.0000E+00	0.0000E+00	1.7168E+00
3.4890E+03	0.0000E+00	0.0000E+00	1.7214E+00
3.4900E+03	0.0000E+00	0.0000E+00	1.7238E+00
3.4910E+03	0.0000E+00	0.0000E+00	1.7243E+00
3.4920E+03	0.0000E+00	0.0000E+00	1.7227E+00
3.4930E+03	0.0000E+00	0.0000E+00	1.7234E+00
3.4940E+03	0.0000E+00	0.0000E+00	1.7234E+00
3.4950E+03	0.0000E+00	0.0000E+00	1.7213E+00
3.4960E+03	0.0000E+00	0.0000E+00	1.7221E+00
3.4970E+03	0.0000E+00	0.0000E+00	1.7200E+00
3.4980E+03	0.0000E+00	0.0000E+00	1.7195E+00
3.4990E+03	0.0000E+00	0.0000E+00	1.7135E+00
3.5000E+03	0.0000E+00	0.0000E+00	1.7110E+00
3.5010E+03	0.0000E+00	0.0000E+00	1.7125E+00
3.5020E+03	0.0000E+00	0.0000E+00	1.7106E+00
3.5030E+03	0.0000E+00	0.0000E+00	1.7120E+00
3.5040E+03	0.0000E+00	0.0000E+00	1.7117E+00
3.5050E+03	0.0000E+00	0.0000E+00	1.7113E+00
3.5060E+03	0.0000E+00	0.0000E+00	1.7085E+00
3.5070E+03	0.0000E+00	0.0000E+00	1.7083E+00
3.5080E+03	0.0000E+00	0.0000E+00	1.7090E+00
3.5090E+03	0.0000E+00	0.0000E+00	1.7068E+00
3.5100E+03	0.0000E+00	0.0000E+00	1.7091E+00
3.5110E+03	0.0000E+00	0.0000E+00	1.7083E+00
3.5120E+03	0.0000E+00	0.0000E+00	1.7115E+00
3.5130E+03	0.0000E+00	0.0000E+00	1.7130E+00
3.5140E+03	0.0000E+00	0.0000E+00	1.7171E+00
3.5150E+03	0.0000E+00	0.0000E+00	1.7193E+00
3.5160E+03	0.0000E+00	0.0000E+00	1.7197E+00
3.5170E+03	0.0000E+00	0.0000E+00	1.7173E+00
3.5180E+03	0.0000E+00	0.0000E+00	1.7186E+00
3.5190E+03	0.0000E+00	0.0000E+00	1.7194E+00
3.5200E+03	0.0000E+00	0.0000E+00	1.7179E+00
3.5210E+03	0.0000E+00	0.0000E+00	1.7162E+00
3.5220E+03	0.0000E+00	0.0000E+00	1.7165E+00
3.5230E+03	0.0000E+00	0.0000E+00	1.7128E+00
3.5240E+03	0.0000E+00	0.0000E+00	1.7072E+00
3.5250E+03	0.0000E+00	0.0000E+00	1.7051E+00
3.5260E+03	0.0000E+00	0.0000E+00	1.7035E+00
3.5270E+03	0.0000E+00	0.0000E+00	1.7048E+00
3.5280E+03	0.0000E+00	0.0000E+00	1.7027E+00
3.5290E+03	0.0000E+00	0.0000E+00	1.7033E+00
3.5300E+03	0.0000E+00	0.0000E+00	1.6996E+00
3.5310E+03	0.0000E+00	0.0000E+00	1.6999E+00
3.5320E+03	0.0000E+00	0.0000E+00	1.7002E+00
3.5330E+03	0.0000E+00	0.0000E+00	1.7006E+00
3.5340E+03	0.0000E+00	0.0000E+00	1.6984E+00
3.5350E+03	0.0000E+00	0.0000E+00	1.6982E+00
3.5360E+03	0.0000E+00	0.0000E+00	1.7028E+00
3.5370E+03	0.0000E+00	0.0000E+00	1.7076E+00
3.5380E+03	0.0000E+00	0.0000E+00	1.7096E+00
3.5390E+03	0.0000E+00	0.0000E+00	1.7106E+00
3.5400E+03	0.0000E+00	0.0000E+00	1.7116E+00
3.5410E+03	0.0000E+00	0.0000E+00	1.7112E+00
3.5420E+03	0.0000E+00	0.0000E+00	1.7108E+00
3.5430E+03	0.0000E+00	0.0000E+00	1.7108E+00
3.5440E+03	0.0000E+00	0.0000E+00	1.7132E+00
3.5450E+03	0.0000E+00	0.0000E+00	1.7121E+00
3.5460E+03	0.0000E+00	0.0000E+00	1.7062E+00
3.5470E+03	0.0000E+00	0.0000E+00	1.7021E+00
3.5480E+03	0.0000E+00	0.0000E+00	1.6973E+00
3.5490E+03	0.0000E+00	0.0000E+00	1.6971E+00
3.5500E+03	0.0000E+00	0.0000E+00	1.6951E+00
3.5510E+03	0.0000E+00	0.0000E+00	1.6941E+00
3.5520E+03	0.0000E+00	0.0000E+00	1.6926E+00
3.5530E+03	0.0000E+00	0.0000E+00	1.6929E+00
3.5540E+03	0.0000E+00	0.0000E+00	1.6936E+00
3.5550E+03	0.0000E+00	0.0000E+00	1.6902E+00
3.5560E+03	0.0000E+00	0.0000E+00	1.6898E+00
3.5570E+03	0.0000E+00	0.0000E+00	1.6926E+00
3.5580E+03	0.0000E+00	0.0000E+00	1.6933E+00
3.5590E+03	0.0000E+00	0.0000E+00	1.6930E+00
3.5600E+03	0.0000E+00	0.0000E+00	1.6955E+00
3.5610E+03	0.0000E+00	0.0000E+00	1.7013E+00
3.5620E+03	0.0000E+00	0.0000E+00	1.7037E+00
3.5630E+03	0.0000E+00	0.0000E+00	1.7033E+00
3.5640E+03	0.0000E+00	0.0000E+00	1.7044E+00
3.5650E+03	0.0000E+00	0.0000E+00	1.7042E+00
3.5660E+03	0.0000E+00	0.0000E+00	1.7044E+00
3.5670E+03	0.0000E+00	0.0000E+00	1.7050E+00
3.5680E+03	0.0000E+00	0.0000E+00	1.7041E+00
3.5690E+03	0.0000E+00	0.0000E+00	1.7049E+00
3.5700E+03	0.0000E+00	0.0000E+00	1.7062E+00
3.5710E+03	0.0000E+00	0.0000E+00	1.7021E+00
3.5720E+03	0.0000E+00	0.0000E+00	1.6991E+00
3.5730E+03	0.0000E+00	0.0000E+00	1.6950E+00
3.5740E+03	0.0000E+00	0.0000E+00	1.6925E+00
3.5750E+03	0.0000E+00	0.0000E+00	1.6912E+00
3.5760E+03	0.0000E+00	0.0000E+00	1.6911E+00
3.5770E+03	0.0000E+00	0.0000E+00	1.6935E+00
3.5780E+03	0.0000E+00	0.0000E+00	1.6916E+00
3.5790E+03	0.0000E+00	0.0000E+00	1.6912E+00
3.5800E+03	0.0000E+00	0.0000E+00	1.6927E+00
3.5810E+03	0.0000E+00	0.0000E+00	1.6926E+00
3.5820E+03	0.0000E+00	0.0000E+00	1.6927E+00
3.5830E+03	0.0000E+00	0.0000E+00	1.6941E+00
3.5840E+03	0.0000E+00	0.0000E+00	1.6959E+00
3.5850E+03	0.0000E+00	0.0000E+00	1.6999E+00
3.5860E+03	0.0000E+00	0.0000E+00	1.6996E+00
3.5870E+03	0.0000E+00	0.0000E+00	1.7012E+00
3.5880E+03	0.0000E+00	0.0000E+00	1.7017E+00
3.5890E+03	0.0000E+00	0.0000E+00	1.7030E+00
3.5900E+03	0.0000E+00	0.0000E+00	1.7027E+00
3.5910E+03	0.0000E+00	0.0000E+00	1.7035E+00
3.5920E+03	0.0000E+00	0.0000E+00	1.7025E+00
3.5930E+03	0.0000E+00	0.0000E+00	1.7034E+00
3.5940E+03	0.0000E+00	0.0000E+00	1.6992E+00
3.5950E+03	0.0000E+00	0.0000E+00	1.6956E+00
3.5960E+03	0.0000E+00	0.0000E+00	1.6925E+00
3.5970E+03	0.0000E+00	0.0000E+00	1.6916E+00
3.5980E+03	0.0000E+00	0.0000E+00	1.6902E+00
3.5990E+03	0.0000E+00	0.0000E+00	1.6911E+00
3.6000E+03	0.0000E+00	0.0000E+00	1.6926E+00
3.6010E+03	0.0000E+00	0.0000E+00	1.6944E+00
3.6020E+03	0.0000E+00	0.0000E+00	1.6915E+00
3.6030E+03	0.0000E+00	0.0000E+00	1.6949E+00
3.6040E+03	0.0000E+00	0.0000E+00	1.6927E+00
3.6050E+03	0.0000E+00	0.0000E+00	1.6942E+00
3.6060E+03	0.0000E+00	0.0000E+00	1.6944E+00
3.6070E+03	0.0000E+00	0.0000E+00	1.6964E+00
3.6080E+03	0.0000E+00	0.0000E+00	1.6961E+00
3.6090E+03	0.0000E+00	0.0000E+00	1.6974E+00
3.6100E+03	0.0000E+00	0.0000E+00	1.6973E+00
3.6110E+03	0.0000E+00	0.0000E+00	1.6983E+00
3.6120E+03	0.0000E+00	0.0000E+00	1.6992E+00
3.6130E+03	0.0000E+00	0.0000E+00	1.7000E+00
3.6140E+03	0.0000E+00	0.0000E+00	1.6994E+00
3.6150E+03	0.0000E+00	0.0000E+00	1.6984E+00
3.6160E+03	0.0000E+00	0.0000E+00	1.7003E+00
3.6170E+03	0.0000E+00	0.0000E+00	1.7024E+00
3.6180E+03	0.0000E+00	0.0000E+00	1.7016E+00
3.6190E+03	0.0000E+00	0.0000E+00	1.6997E+00
3.6200E+03	0.0000E+00	0.0000E+00	1.6959E+00
3.6210E+03	0.0000E+00	0.0000E+00	1.6924E+00
3.6220E+03	0.0000E+00	0.0000E+00	1.6902E+00
3.6230E+03	0.0000E+00	0.0000E+00	1.6889E+00
3.6240E+03	0.0000E+00	0.0000E+00	1.6890E+00
3.6250E+03	0.0000E+00	0.0000E+00	1.6889E+00
3.6260E+03	0.0000E+00	0.0000E+00	1.6891E+00
3.6270E+03	0.0000E+00	0.0000E+00	1.6885E+00
3.6280E+03	0.0000E+00	0.0000E+00	1.6893E+00
3.6290E+03	0.0000E+00	0.0000E+00	1.6880E+00
3.6300E+03	0.0000E+00	0.0000E+00	1.6895E+00
3.6310E+03	0.0000E+00	0.0000E+00	1.6919E+00
3.6320E+03	0.0000E+00	0.0000E+00	1.6932E+00
3.6330E+03	0.0000E+00	0.0000E+00	1.6928E+00
3.6340E+03	0.0000E+00	0.0000E+00	1.6960E+00
3.6350E+03	0.0000E+00	0.0000E+00	1.7022E+00
3.6360E+03	0.0000E+00	0.0000E+00	1.7042E+00
3.6370E+03	0.0000E+00	0.0000E+00	1.7050E+00
3.6380E+03	0.0000E+00	0.0000E+00	1.7058E+00
3.6390E+03	0.0000E+00	0.0000E+00	1.7078E+00
3.6400E+03	0.0000E+00	0.0000E+00	1.7094E+00
3.6410E+03	0.0000E+00	0.0000E+00	1.7101E+00
3.6420E+03	0.0000E+00	0.0000E+00	1.7074E+00
3.6430E+03	0.0000E+00	0.0000E+00	1.7062E+00
3.6440E+03	0.0000E+00	0.0000E+00	1.7069E+00
3.6450E+03	0.0000E+00	0.0000E+00	1.7124E+00
3.6460E+03	0.0000E+00	0.0000E+00	1.7134E+00
3.6470E+03	0.0000E+00	0.0000E+00	1.7141E+00
3.6480E+03	0.0000E+00	0.0000E+00	1.7112E+00
3.6490E+03	0.0000E+00	0.0000E+00	1.7094E+00
3.6500E+03	0.0000E+00	0.0000E+00	1.7093E+00
3.6510E+03	0.0000E+00	0.0000E+00	1.7101E+00
3.6520E+03	0.0000E+00	0.0000E+00	1.7084E+00
3.6530E+03	0.0000E+00	0.0000E+00	1.7065E+00
3.6540E+03	0.0000E+00	0.0000E+00	1.7071E+00
3.6550E+03	0.0000E+00	0.0000E+00	1.7064E+00
3.6560E+03	0.0000E+00	0.0000E+00	1.7064E+00
3.6570E+03	0.0000E+00	0.0000E+00	1.7078E+00
3.6580E+03	0.0000E+00	0.0000E+00	1.7079E+00
3.6590E+03	0.0000E+00	0.0000E+00	1.7072E+00
3.6600E+03	0.0000E+00	0.0000E+00	1.7069E+00
3.6610E+03	0.0000E+00	0.0000E+00	1.7049E+00
3.6620E+03	0.0000E+00	0.0000E+00	1.7051E+00
3.6630E+03	0.0000E+00	0.0000E+00	1.7056E+00
3.6640E+03	0.0000E+00	0.0000E+00	1.7042E+00
3.6650E+03	0.0000E+00	0.0000E+00	1.7031E+00
3.6660E+03	0.0000E+00	0.0000E+00	1.6995E+00
3.6670E+03	0.0000E+00	0.0000E+00	1.6955E+00
3.6680E+03	0.0000E+00	0.0000E+00	1.6911E+00
3.6690E+03	0.0000E+00	0.0000E+00	1.6881E+00
3.6700E+03	0.0000E+00	0.0000E+00	1.6906E+00
3.6710E+03	0.0000E+00	0.0000E+00	1.6924E+00
3.6720E+03	0.0000E+00	0.0000E+00	1.6917E+00
3.6730E+03	0.0000E+00	0.0000E+00	1.6913E+00
3.6740E+03	0.0000E+00	0.0000E+00	1.6889E+00
3.6750E+03	0.0000E+00	0.0000E+00	1.6880E+00
3.6760E+03	0.0000E+00	0.0000E+00	1.6901E+00
3.6770E+03	0.0000E+00	0.0000E+00	1.6880E+00
3.6780E+03	0.0000E+00	0.0000E+00	1.6906E+00
3.6790E+03	0.0000E+00	0.0000E+00	1.6887E+00
3.6800E+03	0.0000E+00	0.0000E+00	1.6913E+00
3.6810E+03	0.0000E+00	0.0000E+00	1.6937E+00
3.6820E+03	0.0000E+00	0.0000E+00	1.6948E+00
3.6830E+03	0.0000E+00	0.0000E+00	1.6981E+00
3.6840E+03	0.0000E+00	0.0000E+00	1.6991E+00
3.6850E+03	0.0000E+00	0.0000E+00	1.6988E+00
3.6860E+03	0.0000E+00	0.0000E+00	1.6989E+00
3.6870E+03	0.0000E+00	0.0000E+00	1.6971E+00
3.6880E+03	0.0000E+00	0.0000E+00	1.6980E+00
3.6890E+03	0.0000E+00	0.0000E+00	1.6967E+00
3.6900E+03	0.0000E+00	0.0000E+00	1.6978E+00
3.6910E+03	0.0000E+00	0.0000E+00	1.6931E+00
3.6920E+03	0.0000E+00	0.0000E+00	1.6900E+00
3.6930E+03	0.0000E+00	0.0000E+00	1.6889E+00
3.6940E+03	0.0000E+00	0.0000E+00	1.6887E+00
3.6950E+03	0.0000E+00	0.0000E+00	1.6916E+00
3.6960E+03	0.0000E+00	0.0000E+00	1.6890E+00
3.6970E+03	0.0000E+00	0.0000E+00	1.6881E+00
3.6980E+03	0.0000E+00	0.0000E+00	1.6882E+00
3.6990E+03	0.0000E+00	0.0000E+00	1.6876E+00
3.7000E+03	0.0000E+00	0.0000E+00	1.6867E+00
3.7010E+03	0.0000E+00	0.0000E+00	1.6867E+00
3.7020E+03	0.0000E+00	0.0000E+00	1.6853E+00
3.7030E+03	0.0000E+00	0.0000E+00	1.6847E+00
3.7040E+03	0.0000E+00	0.0000E+00	1.6886E+00
3.7050E+03	0.0000E+00	0.0000E+00	1.6910E+00
3.7060E+03	0.0000E+00	0.0000E+00	1.6933E+00
3.7070E+03	0.0000E+00	0.0000E+00	1.6940E+00
3.7080E+03	0.0000E+00	0.0000E+00	1.6943E+00
3.7090E+03	0.0000E+00	0.0000E+00	1.6956E+00
3.7100E+03	0.0000E+00	0.0000E+00	1.6936E+00
3.7110E+03	0.0000E+00	0.0000E+00	1.6942E+00
3.7120E+03	0.0000E+00	0.0000E+00	1.6924E+00
3.7130E+03	0.0000E+00	0.0000E+00	1.6931E+00
3.7140E+03	0.0000E+00	0.0000E+00	1.6920E+00
3.7150E+03	0.0000E+00	0.0000E+00	1.6899E+00
3.7160E+03	0.0000E+00	0.0000E+00	1.6857E+00
3.7170E+03	0.0000E+00	0.0000E+00	1.6807E+00
3.7180E+03	0.0000E+00	0.0000E+00	1.6806E+00
3.7190E+03	0.0000E+00	0.0000E+00	1.6768E+00
3.7200E+03	0.0000E+00	0.0000E+00	1.6776E+00
3.7210E+03	0.0000E+00	0.0000E+00	1.6806E+00
3.7220E+03	0.0000E+00	0.0000E+00	1.6808E+00
3.7230E+03	0.0000E+00	0.0000E+00	1.6792E+00
3.7240E+03	0.0000E+00	0.0000E+00	1.6785E+00
3.7250E+03	0.0000E+00	0.0000E+00	1.6782E+00
3.7260E+03	0.0000E+00	0.0000E+00	1.6763E+00
3.7270E+03	0.0000E+00	0.0000E+00	1.6749E+00
3.7280E+03	0.0000E+00	0.0000E+00	1.6807E+00
3.7290E+03	0.0000E+00	0.0000E+00	1.6816E+00
3.7300E+03	0.0000E+00	0.0000E+00	1.6844E+00
3.7310E+03	0.0000E+00	0.0000E+00	1.6856E+00
3.7320E+03	0.0000E+00	0.0000E+00	1.6862E+00
3.7330E+03	0.0000E+00	0.0000E+00	1.6872E+00
3.7340E+03	0.0000E+00	0.0000E+00	1.6878E+00
3.7350E+03	0.0000E+00	0.0000E+00	1.6868E+00
3.7360E+03	0.0000E+00	0.0000E+00	1.6876E+00
3.7370E+03	0.0000E+00	0.0000E+00	1.6875E+00
3.7380E+03	0.0000E+00	0.0000E+00	1.6856E+00
3.7390E+03	0.0000E+00	0.0000E+00	1.6838E+00
3.7400E+03	0.0000E+00	0.0000E+00	1.6824E+00
3.7410E+03	0.0000E+00	0.0000E+00	1.6771E+00
3.7420E+03	0.0000E+00	0.0000E+00	1.6744E+00
3.7430E+03	0.0000E+00	0.0000E+00	1.6727E+00
3.7440E+03	0.0000E+00	0.0000E+00	1.6709E+00
3.7450E+03	0.0000E+00	0.0000E+00	1.6722E+00
3.7460E+03	0.0000E+00	0.0000E+00	1.6727E+00
3.7470E+03	0.0000E+00	0.0000E+00	1.6704E+00
3.7480E+03	0.0000E+00	0.0000E+00	1.6696E+00
3.7490E+03	0.0000E+00	0.0000E+00	1.6707E+00
3.7500E+03	0.0000E+00	0.0000E+00	1.6677E+00
3.7510E+03	0.0000E+00	0.0000E+00	1.6707E+00
3.7520E+03	0.0000E+00	0.0000E+00	1.6752E+00
3.7530E+03	0.0000E+00	0.0000E+00	1.6773E+00
3.7540E+03	0.0000E+00	0.0000E+00	1.6817E+00
3.7550E+03	0.0000E+00	0.0000E+00	1.6808E+00
3.7560E+03	0.0000E+00	0.0000E+00	1.6826E+00
3.7570E+03	0.0000E+00	0.0000E+00	1.6809E+00
3.7580E+03	0.0000E+00	0.0000E+00	1.6807E+00
3.7590E+03	0.0000E+00	0.0000E+00	1.6816E+00
3.7600E+03	0.0000E+00	0.0000E+00	1.6807E+00
3.7610E+03	0.0000E+00	0.0000E+00	1.6830E+00
3.7620E+03	0.0000E+00	0.0000E+00	1.6791E+00
3.7630E+03	0.0000E+00	0.0000E+00	1.6777E+00
3.7640E+03	0.0000E+00	0.0000E+00	1.6731E+00
3.7650E+03	0.0000E+00	0.0000E+00	1.6695E+00
3.7660E+03	0.0000E+00	0.0000E+00	1.6690E+00
3.7670E+03	0.0000E+00	0.0000E+00	1.6735E+00
3.7680E+03	0.0000E+00	0.0000E+00	1.6743E+00
3.7690E+03	0.0000E+00	0.0000E+00	1.6725E+00
3.7700E+03	0.0000E+00	0.0000E+00	1.6723E+00
3.7710E+03	0.0000E+00	0.0000E+00	1.6714E+00
3.7720E+03	0.0000E+00	0.0000E+00	1.6700E+00
3.7730E+03	0.0000E+00	0.0000E+00	1.6704E+00
3.7740E+03	0.0000E+00	0.0000E+00	1.6693E+00
3.7750E+03	0.0000E+00	0.0000E+00	1.6704E+00
3.7760E+03	0.0000E+00	0.0000E+00	1.6719E+00
3.7770E+03	0.0000E+00	0.0000E+00	1.6751E+00
3.7780E+03	0.0000E+00	0.0000E+00	1.6787E+00
3.7790E+03	0.0000E+00	0.0000E+00	1.6805E+00
3.7800E+03	0.0000E+00	0.0000E+00	1.6825E+00
3.7810E+03	0.0000E+00	0.0000E+00	1.6814E+00
3.7820E+03	0.0000E+00	0.0000E+00	1.6833E+00
3.7830E+03	0.0000E+00	0.0000E+00	1.6830E+00
3.7840E+03	0.0000E+00	0.0000E+00	1.6834E+00
3.7850E+03	0.0000E+00	0.0000E+00	1.6822E+00
3.7860E+03	0.0000E+00	0.0000E+00	1.6785E+00
3.7870E+03	0.0000E+00	0.0000E+00	1.6749E+00
3.7880E+03	0.0000E+00	0.0000E+00	1.6717E+00
3.7890E+03	0.0000E+00	0.0000E+00	1.6713E+00
3.7900E+03	0.0000E+00	0.0000E+00	1.6729E+00
3.7910E+03	0.0000E+00	0.0000E+00	1.6754E+00
3.7920E+03	0.0000E+00	0.0000E+00	1.6721E+00
3.7930E+03	0.0000E+00	0.0000E+00	1.6701E+00
3.7940E+03	0.0000E+00	0.0000E+00	1.6703E+00
3.7950E+03	0.0000E+00	0.0000E+00	1.6703E+00
3.7960E+03	0.0000E+00	0.0000E+00	1.6678E+00
3.7970E+03	0.0000E+00	0.0000E+00	1.6690E+00
3.7980E+03	0.0000E+00	0.0000E+00	1.6694E+00
3.7990E+03	0.0000E+00	0.0000E+00	1.6678E+00
3.8000E+03	0.0000E+00	0.0000E+00	1.6708E+00
3.8010E+03	0.0000E+00	0.0000E+00	1.6735E+00
3.8020E+03	0.0000E+00	0.0000E+00	1.6769E+00
3.8030E+03	0.0000E+00	0.0000E+00	1.6763E+00
3.8040E+03	0.0000E+00	0.0000E+00	1.6783E+00
3.8050E+03	0.0000E+00	0.0000E+00	1.6785E+00
3.8060E+03	0.0000E+00	0.0000E+00	1.6785E+00
3.8070E+03	0.0000E+00	0.0000E+00	1.6821E+00
3.8080E+03	0.0000E+00	0.0000E+00	1.6814E+00
3.8090E+03	0.0000E+00	0.0000E+00	1.6772E+00
3.8100E+03	0.0000E+00	0.0000E+00	1.6776E+00
3.8110E+03	0.0000E+00	0.0000E+00	1.6732E+00
3.8120E+03	0.0000E+00	0.0000E+00	1.6670E+00
3.8130E+03	0.0000E+00	0.0000E+00	1.6644E+00
3.8140E+03	0.0000E+00	0.0000E+00	1.6679E+00
3.8150E+03	0.0000E+00	0.0000E+00	1.6623E+00
3.8160E+03	0.0000E+00	0.0000E+00	1.6665E+00
3.8170E+03	0.0000E+00	0.0000E+00	1.6664E+00
3.8180E+03	0.0000E+00	0.0000E+00	1.6656E+00
3.8190E+03	0.0000E+00	0.0000E+00	1.6645E+00
3.8200E+03	0.0000E+00	0.0000E+00	1.6631E+00
3.8210E+03	0.0000E+00	0.0000E+00	1.6627E+00
3.8220E+03	0.0000E+00	0.0000E+00	1.6634E+00
3.8230E+03	0.0000E+00	0.0000E+00	1.6618E+00
3.8240E+03	0.0000E+00	0.0000E+00	1.6672E+00
3.8250E+03	0.0000E+00	0.0000E+00	1.6712E+00
3.8260E+03	0.0000E+00	0.0000E+00	1.6717E+00
3.8270E+03	0.0000E+00	0.0000E+00	1.6741E+00
3.8280E+03	0.0000E+00	0.0000E+00	1.6754E+00
3.8290E+03	0.0000E+00	0.0000E+00	1.6752E+00
3.8300E+03	0.0000E+00	0.0000E+00	1.6759E+00
3.8310E+03	0.0000E+00	0.0000E+00	1.6771E+00
3.8320E+03	0.0000E+00	0.0000E+00	1.6781E+00
3.8330E+03	0.0000E+00	0.0000E+00	1.6758E+00
3.8340E+03	0.0000E+00	0.0000E+00	1.6738E+00
3.8350E+03	0.0000E+00	0.0000E+00	1.6710E+00
3.8360E+03	0.0000E+00	0.0000E+00	1.6682E+00
3.8370E+03	0.0000E+00	0.0000E+00	1.6659E+00
3.8380E+03	0.0000E+00	0.0000E+00	1.6712E+00
3.8390E+03	0.0000E+00	0.0000E+00	1.6698E+00
3.8400E+03	0.0000E+00	0.0000E+00	1.6687E+00
3.8410E+03	0.0000E+00	0.0000E+00	1.6670E+00
3.8420E+03	0.0000E+00	0.0000E+00	1.6665E+00
3.8430E+03	0.0000E+00	0.0000E+00	1.6645E+00
3.8440E+03	0.0000E+00	0.0000E+00	1.6641E+00
3.8450E+03	0.0000E+00	0.0000E+00	1.6637E+00
3.8460E+03	0.0000E+00	0.0000E+00	1.6645E+00
3.8470E+03	0.0000E+00	0.0000E+00	1.6640E+00
3.8480E+03	0.0000E+00	0.0000E+00	1.6666E+00
3.8490E+03	0.0000E+00	0.0000E+00	1.6703E+00
3.8500E+03	0.0000E+00	0.0000E+00	1.6704E+00
3.8510E+03	0.0000E+00	0.0000E+00	1.6726E+00
3.8520E+03	0.0000E+00	0.0000E+00	1.6752E+00
3.8530E+03	0.0000E+00	0.0000E+00	1.6736E+00
3.8540E+03	0.0000E+00	0.0000E+00	1.6740E+00
3.8550E+03	0.0000E+00	0.0000E+00	1.6739E+00
3.8560E+03	0.0000E+00	0.0000E+00	1.6740E+00
3.8570E+03	0.0000E+00	0.0000E+00	1.6744E+00
3.8580E+03	0.0000E+00	0.0000E+00	1.6726E+00
3.8590E+03	0.0000E+00	0.0000E+00	1.6712E+00
3.8600E+03	0.0000E+00	0.0000E+00	1.6670E+00
3.8610E+03	0.0000E+00	0.0000E+00	1.6617E+00
3.8620E+03	0.0000E+00	0.0000E+00	1.6638E+00
3.8630E+03	0.0000E+00	0.0000E+00	1.6673E+00
3.8640E+03	0.0000E+00	0.0000E+00	1.6678E+00
3.8650E+03	0.0000E+00	0.0000E+00	1.6655E+00
3.8660E+03	0.0000E+00	0.0000E+00	1.6660E+00
3.8670E+03	0.0000E+00	0.0000E+00	1.6654E+00
3.8680E+03	0.0000E+00	0.0000E+00	1.6652E+00
3.8690E+03	0.0000E+00	0.0000E+00	1.6638E+00
3.8700E+03	0.0000E+00	0.0000E+00	1.6645E+00
3.8710E+03	0.0000E+00	0.0000E+00	1.6628E+00
3.8720E+03	0.0000E+00	0.0000E+00	1.6662E+00
3.8730E+03	0.0000E+00	0.0000E+00	1.6667E+00
3.8740E+03	0.0000E+00	0.0000E+00	1.6689E+00
3.8750E+03	0.0000E+00	0.0000E+00	1.6735E+00
3.8760E+03	0.0000E+00	0.0000E+00	1.6749E+00
3.8770E+03	0.0000E+00	0.0000E+00	1.6739E+00
3.8780E+03	0.0000E+00	0.0000E+00	1.6750E+00
3.8790E+03	0.0000E+00	0.0000E+00	1.6742E+00
3.8800E+03	0.0000E+00	0.0000E+00	1.6766E+00
3.8810E+03	0.0000E+00	0.0000E+00	1.6745E+00
3.8820E+03	0.0000E+00	0.0000E+00	1.6737E+00
3.8830E+03	0.0000E+00	0.0000E+00	1.6698E+00
3.8840E+03	0.0000E+00	0.0000E+00	1.6662E+00
3.8850E+03	0.0000E+00	0.0000E+00	1.6655E+00
3.8860E+03	0.0000E+00	0.0000E+00	1.6677E+00
3.8870E+03	0.0000E+00	0.0000E+00	1.6690E+00
3.8880E+03	0.0000E+00	0.0000E+00	1.6714E+00
3.8890E+03	0.0000E+00	0.0000E+00	1.6696E+00
3.8900E+03	0.0000E+00	0.0000E+00	1.6684E+00
3.8910E+03	0.0000E+00	0.0000E+00	1.6663E+00
3.8920E+03	0.0000E+00	0.0000E+00	1.6673E+00
3.8930E+03	0.0000E+00	0.0000E+00	1.6664E+00
3.8940E+03	0.0000E+00	0.0000E+00	1.6655E+00
3.8950E+03	0.0000E+00	0.0000E+00	1.6668E+00
3.8960E+03	0.0000E+00	0.0000E+00	1.6700E+00
3.8970E+03	0.0000E+00	0.0000E+00	1.6708E+00
3.8980E+03	0.0000E+00	0.0000E+00	1.6730E+00
3.8990E+03	0.0000E+00	0.0000E+00	1.6744E+00
3.9000E+03	0.0000E+00	0.0000E+00	1.6764E+00
3.9010E+03	0.0000E+00	0.0000E+00	1.6762E+00
3.9020E+03	0.0000E+00	0.0000E+00	1.6751E+00
3.9030E+03	0.0000E+00	0.0000E+00	1.6735E+00
3.9040E+03	0.0000E+00	0.0000E+00	1.6743E+00
3.9050E+03	0.0000E+00	0.0000E+00	1.6732E+00
3.9060E+03	0.0000E+00	0.0000E+00	1.6730E+00
3.9070E+03	0.0000E+00	0.0000E+00	1.6724E+00
3.9080E+03	0.0000E+00	0.0000E+00	1.6728E+00
3.9090E+03	0.0000E+00	0.0000E+00	1.6651E+00
3.9100E+03	0.0000E+00	0.0000E+00	1.6651E+00
3.9110E+03	0.0000E+00	0.0000E+00	1.6662E+00
3.9120E+03	0.0000E+00	0.0000E+00	1.6683E+00
3.9130E+03	0.0000E+00	0.0000E+00	1.6666E+00
3.9140E+03	0.0000E+00	0.0000E+00	1.6648E+00
3.9150E+03	0.0000E+00	0.0000E+00	1.6618E+00
3.9160E+03	0.0000E+00	0.0000E+00	1.6648E+00
3.9170E+03	0.0000E+00	0.0000E+00	1.6637E+00
3.9180E+03	0.0000E+00	0.0000E+00	1.6638E+00
3.9190E+03	0.0000E+00	0.0000E+00	1.6624E+00
3.9200E+03	0.0000E+00	0.0000E+00	1.6656E+00
3.9210E+03	0.0000E+00	0.0000E+00	1.6666E+00
3.9220E+03	0.0000E+00	0.0000E+00	1.6679E+00
3.9230E+03	0.0000E+00	0.0000E+00	1.6674E+00
3.9240E+03	0.0000E+00	0.0000E+00	1.6727E+00
3.9250E+03	0.0000E+00	0.0000E+00	1.6704E+00
3.9260E+03	0.0000E+00	0.0000E+00	1.6713E+00
3.9270E+03	0.0000E+00	0.0000E+00	1.6689E+00
3.9280E+03	0.0000E+00	0.0000E+00	1.6723E+00
3.9290E+03	0.0000E+00	0.0000E+00	1.6698E+00
3.9300E+03	0.0000E+00	0.0000E+00	1.6684E+00
3.9310E+03	0.0000E+00	0.0000E+00	1.6694E+00
3.9320E+03	0.0000E+00	0.0000E+00	1.6657E+00
3.9330E+03	0.0000E+00	0.0000E+00	1.6608E+00
3.9340E+03	0.0000E+00	0.0000E+00	1.6630E+00
3.9350E+03	0.0000E+00	0.0000E+00	1.6615E+00
3.9360E+03	0.0000E+00	0.0000E+00	1.6619E+00
3.9370E+03	0.0000E+00	0.0000E+00	1.6587E+00
3.9380E+03	0.0000E+00	0.0000E+00	1.6607E+00
3.9390E+03	0.0000E+00	0.0000E+00	1.6589E+00
3.9400E+03	0.0000E+00	0.0000E+00	1.6607E+00
3.9410E+03	0.0000E+00	0.0000E+00	1.6583E+00
3.9420E+03	0.0000E+00	0.0000E+00	1.6570E+00
3.9430E+03	0.0000E+00	0.0000E+00	1.6558E+00
3.9440E+03	0.0000E+00	0.0000E+00	1.6608E+00
3.9450E+03	0.0000E+00	0.0000E+00	1.6634E+00
3.9460E+03	0.0000E+00	0.0000E+00	1.6633E+00
3.9470E+03	0.0000E+00	0.0000E+00	1.6651E+00
3.9480E+03	0.0000E+00	0.0000E+00	1.6655E+00
3.9490E+03	0.0000E+00	0.0000E+00	1.6653E+00
3.9500E+03	0.0000E+00	0.0000E+00	1.6662E+00
3.9510E+03	0.0000E+00	0.0000E+00	1.6673E+00
3.9520E+03	0.0000E+00	0.0000E+00	1.6676E+00
3.9530E+03	0.0000E+00	0.0000E+00	1.6652E+00
3.9540E+03	0.0000E+00	0.0000E+00	1.6638E+00
3.9550E+03	0.0000E+00	0.0000E+00	1.6621E+00
3.9560E+03	0.0000E+00	0.0000E+00	1.6580E+00
3.9570E+03	0.0000E+00	0.0000E+00	1.6592E+00
3.9580E+03	0.0000E+00	0.0000E+00	1.6581E+00
3.9590E+03	0.0000E+00	0.0000E+00	1.6582E+00
3.9600E+03	0.0000E+00	0.0000E+00	1.6577E+00
3.9610E+03	0.0000E+00	0.0000E+00	1.6577E+00
3.9620E+03	0.0000E+00	0.0000E+00	1.6579E+00
3.9630E+03	0.0000E+00	0.0000E+00	1.6559E+00
3.9640E+03	0.0000E+00	0.0000E+00	1.6546E+00
3.9650E+03	0.0000E+00	0.0000E+00	1.6540E+00
3.9660E+03	0.0000E+00	0.0000E+00	1.6540E+00
3.9670E+03	0.0000E+00	0.0000E+00	1.6534E+00
3.9680E+03	0.0000E+00	0.0000E+00	1.6585E+00
3.9690E+03	0.0000E+00	0.0000E+00	1.6613E+00
3.9700E+03	0.0000E+00	0.0000E+00	1.6612E+00
3.9710E+03	0.0000E+00	0.0000E+00	1.6634E+00
3.9720E+03	0.0000E+00	0.0000E+00	1.6656E+00
3.9730E+03	0.0000E+00	0.0000E+00	1.6655E+00
3.9740E+03	0.0000E+00	0.0000E+00	1.6635E+00
3.9750E+03	0.0000E+00	0.0000E+00	1.6660E+00
3.9760E+03	0.0000E+00	0.0000E+00	1.6662E+00
3.9770E+03	0.0000E+00	0.0000E+00	1.6651E+00
3.9780E+03	0.0000E+00	0.0000E+00	1.6631E+00
3.9790E+03	0.0000E+00	0.0000E+00	1.6602E+00
3.9800E+03	0.0000E+00	0.0000E+00	1.6578E+00
3.9810E+03	0.0000E+00	0.0000E+00	1.6571E+00
3.9820E+03	0.0000E+00	0.0000E+00	1.6559E+00
3.9830E+03	0.0000E+00	0.0000E+00	1.6547E+00
3.9840E+03	0.0000E+00	0.0000E+00	1.6537E+00
3.9850E+03	0.0000E+00	0.0000E+00	1.6525E+00
3.9860E+03	0.0000E+00	0.0000E+00	1.6536E+00
3.9870E+03	0.0000E+00	0.0000E+00	1.6535E+00
3.9880E+03	0.0000E+00	0.0000E+00	1.6544E+00
3.9890E+03	0.0000E+00	0.0000E+00	1.6562E+00
3.9900E+03	0.0000E+00	0.0000E+00	1.6556E+00
3.9910E+03	0.0000E+00	0.0000E+00	1.6537E+00
3.9920E+03	0.0000E+00	0.0000E+00	1.6564E+00
3.9930E+03	0.0000E+00	0.0000E+00	1.6553E+00
3.9940E+03	0.0000E+00	0.0000E+00	1.6550E+00
