TIME_UNITS h
DATA_UNITS m
!h  x   y   z
0.0000E+00	0.0000E+00	0.0000E+00	1.8849E+00
1.0000E+00	0.0000E+00	0.0000E+00	1.8849E+00
2.0000E+00	0.0000E+00	0.0000E+00	1.8984E+00
3.0000E+00	0.0000E+00	0.0000E+00	1.9076E+00
4.0000E+00	0.0000E+00	0.0000E+00	1.9209E+00
5.0000E+00	0.0000E+00	0.0000E+00	1.9300E+00
6.0000E+00	0.0000E+00	0.0000E+00	1.9394E+00
7.0000E+00	0.0000E+00	0.0000E+00	1.9486E+00
8.0000E+00	0.0000E+00	0.0000E+00	1.9553E+00
9.0000E+00	0.0000E+00	0.0000E+00	1.9313E+00
1.0000E+01	0.0000E+00	0.0000E+00	1.9007E+00
1.1000E+01	0.0000E+00	0.0000E+00	1.8457E+00
1.2000E+01	0.0000E+00	0.0000E+00	1.8700E+00
1.3000E+01	0.0000E+00	0.0000E+00	1.8751E+00
1.4000E+01	0.0000E+00	0.0000E+00	1.8762E+00
1.5000E+01	0.0000E+00	0.0000E+00	1.8855E+00
1.6000E+01	0.0000E+00	0.0000E+00	1.9235E+00
1.7000E+01	0.0000E+00	0.0000E+00	1.9045E+00
1.8000E+01	0.0000E+00	0.0000E+00	1.9289E+00
1.9000E+01	0.0000E+00	0.0000E+00	1.9303E+00
2.0000E+01	0.0000E+00	0.0000E+00	1.9273E+00
2.1000E+01	0.0000E+00	0.0000E+00	1.9220E+00
2.2000E+01	0.0000E+00	0.0000E+00	1.9185E+00
2.3000E+01	0.0000E+00	0.0000E+00	1.9167E+00
2.4000E+01	0.0000E+00	0.0000E+00	1.9219E+00
2.5000E+01	0.0000E+00	0.0000E+00	1.9293E+00
2.6000E+01	0.0000E+00	0.0000E+00	1.9364E+00
2.7000E+01	0.0000E+00	0.0000E+00	1.9453E+00
2.8000E+01	0.0000E+00	0.0000E+00	1.9605E+00
2.9000E+01	0.0000E+00	0.0000E+00	1.9708E+00
3.0000E+01	0.0000E+00	0.0000E+00	1.9824E+00
3.1000E+01	0.0000E+00	0.0000E+00	1.9904E+00
3.2000E+01	0.0000E+00	0.0000E+00	1.9899E+00
3.3000E+01	0.0000E+00	0.0000E+00	1.9657E+00
3.4000E+01	0.0000E+00	0.0000E+00	1.9323E+00
3.5000E+01	0.0000E+00	0.0000E+00	1.8918E+00
3.6000E+01	0.0000E+00	0.0000E+00	1.9042E+00
3.7000E+01	0.0000E+00	0.0000E+00	1.9081E+00
3.8000E+01	0.0000E+00	0.0000E+00	1.9025E+00
3.9000E+01	0.0000E+00	0.0000E+00	1.9140E+00
4.0000E+01	0.0000E+00	0.0000E+00	1.9342E+00
4.1000E+01	0.0000E+00	0.0000E+00	1.9487E+00
4.2000E+01	0.0000E+00	0.0000E+00	1.9466E+00
4.3000E+01	0.0000E+00	0.0000E+00	1.9456E+00
4.4000E+01	0.0000E+00	0.0000E+00	1.9401E+00
4.5000E+01	0.0000E+00	0.0000E+00	1.9337E+00
4.6000E+01	0.0000E+00	0.0000E+00	1.9258E+00
4.7000E+01	0.0000E+00	0.0000E+00	1.9229E+00
4.8000E+01	0.0000E+00	0.0000E+00	1.9197E+00
4.9000E+01	0.0000E+00	0.0000E+00	1.9213E+00
5.0000E+01	0.0000E+00	0.0000E+00	1.9327E+00
5.1000E+01	0.0000E+00	0.0000E+00	1.9448E+00
5.2000E+01	0.0000E+00	0.0000E+00	1.9510E+00
5.3000E+01	0.0000E+00	0.0000E+00	1.9563E+00
5.4000E+01	0.0000E+00	0.0000E+00	1.9671E+00
5.5000E+01	0.0000E+00	0.0000E+00	1.9654E+00
5.6000E+01	0.0000E+00	0.0000E+00	1.9588E+00
5.7000E+01	0.0000E+00	0.0000E+00	1.9485E+00
5.8000E+01	0.0000E+00	0.0000E+00	1.9058E+00
5.9000E+01	0.0000E+00	0.0000E+00	1.8956E+00
6.0000E+01	0.0000E+00	0.0000E+00	1.8931E+00
6.1000E+01	0.0000E+00	0.0000E+00	1.9011E+00
6.2000E+01	0.0000E+00	0.0000E+00	1.9085E+00
6.3000E+01	0.0000E+00	0.0000E+00	1.9257E+00
6.4000E+01	0.0000E+00	0.0000E+00	1.9342E+00
6.5000E+01	0.0000E+00	0.0000E+00	1.9326E+00
6.6000E+01	0.0000E+00	0.0000E+00	1.9318E+00
6.7000E+01	0.0000E+00	0.0000E+00	1.9301E+00
6.8000E+01	0.0000E+00	0.0000E+00	1.9236E+00
6.9000E+01	0.0000E+00	0.0000E+00	1.9173E+00
7.0000E+01	0.0000E+00	0.0000E+00	1.9122E+00
7.1000E+01	0.0000E+00	0.0000E+00	1.9072E+00
7.2000E+01	0.0000E+00	0.0000E+00	1.9096E+00
7.3000E+01	0.0000E+00	0.0000E+00	1.9251E+00
7.4000E+01	0.0000E+00	0.0000E+00	1.9331E+00
7.5000E+01	0.0000E+00	0.0000E+00	1.9380E+00
7.6000E+01	0.0000E+00	0.0000E+00	1.9487E+00
7.7000E+01	0.0000E+00	0.0000E+00	1.9568E+00
7.8000E+01	0.0000E+00	0.0000E+00	1.9652E+00
7.9000E+01	0.0000E+00	0.0000E+00	1.9715E+00
8.0000E+01	0.0000E+00	0.0000E+00	1.9731E+00
8.1000E+01	0.0000E+00	0.0000E+00	1.9409E+00
8.2000E+01	0.0000E+00	0.0000E+00	1.9119E+00
8.3000E+01	0.0000E+00	0.0000E+00	1.9049E+00
8.4000E+01	0.0000E+00	0.0000E+00	1.9135E+00
8.5000E+01	0.0000E+00	0.0000E+00	1.9120E+00
8.6000E+01	0.0000E+00	0.0000E+00	1.9350E+00
8.7000E+01	0.0000E+00	0.0000E+00	1.9692E+00
8.8000E+01	0.0000E+00	0.0000E+00	1.9760E+00
8.9000E+01	0.0000E+00	0.0000E+00	1.9823E+00
9.0000E+01	0.0000E+00	0.0000E+00	1.9767E+00
9.1000E+01	0.0000E+00	0.0000E+00	1.9730E+00
9.2000E+01	0.0000E+00	0.0000E+00	1.9666E+00
9.3000E+01	0.0000E+00	0.0000E+00	1.9633E+00
9.4000E+01	0.0000E+00	0.0000E+00	1.9573E+00
9.5000E+01	0.0000E+00	0.0000E+00	1.9571E+00
9.6000E+01	0.0000E+00	0.0000E+00	1.9541E+00
9.7000E+01	0.0000E+00	0.0000E+00	1.9490E+00
9.8000E+01	0.0000E+00	0.0000E+00	1.9492E+00
9.9000E+01	0.0000E+00	0.0000E+00	1.9458E+00
1.0000E+02	0.0000E+00	0.0000E+00	1.9439E+00
1.0100E+02	0.0000E+00	0.0000E+00	1.9448E+00
1.0200E+02	0.0000E+00	0.0000E+00	1.9553E+00
1.0300E+02	0.0000E+00	0.0000E+00	1.9664E+00
1.0400E+02	0.0000E+00	0.0000E+00	1.9658E+00
1.0500E+02	0.0000E+00	0.0000E+00	1.9439E+00
1.0600E+02	0.0000E+00	0.0000E+00	1.9464E+00
1.0700E+02	0.0000E+00	0.0000E+00	1.9438E+00
1.0800E+02	0.0000E+00	0.0000E+00	1.9526E+00
1.0900E+02	0.0000E+00	0.0000E+00	1.9619E+00
1.1000E+02	0.0000E+00	0.0000E+00	1.9821E+00
1.1100E+02	0.0000E+00	0.0000E+00	1.9891E+00
1.1200E+02	0.0000E+00	0.0000E+00	2.0006E+00
1.1300E+02	0.0000E+00	0.0000E+00	1.9973E+00
1.1400E+02	0.0000E+00	0.0000E+00	2.0109E+00
1.1500E+02	0.0000E+00	0.0000E+00	2.0100E+00
1.1600E+02	0.0000E+00	0.0000E+00	2.0051E+00
1.1700E+02	0.0000E+00	0.0000E+00	2.0001E+00
1.1800E+02	0.0000E+00	0.0000E+00	1.9957E+00
1.1900E+02	0.0000E+00	0.0000E+00	1.9916E+00
1.2000E+02	0.0000E+00	0.0000E+00	1.9944E+00
1.2100E+02	0.0000E+00	0.0000E+00	2.0016E+00
1.2200E+02	0.0000E+00	0.0000E+00	2.0106E+00
1.2300E+02	0.0000E+00	0.0000E+00	2.0149E+00
1.2400E+02	0.0000E+00	0.0000E+00	2.0251E+00
1.2500E+02	0.0000E+00	0.0000E+00	2.0315E+00
1.2600E+02	0.0000E+00	0.0000E+00	2.0396E+00
1.2700E+02	0.0000E+00	0.0000E+00	2.0485E+00
1.2800E+02	0.0000E+00	0.0000E+00	2.0458E+00
1.2900E+02	0.0000E+00	0.0000E+00	2.0336E+00
1.3000E+02	0.0000E+00	0.0000E+00	1.9950E+00
1.3100E+02	0.0000E+00	0.0000E+00	2.0016E+00
1.3200E+02	0.0000E+00	0.0000E+00	2.0120E+00
1.3300E+02	0.0000E+00	0.0000E+00	2.0291E+00
1.3400E+02	0.0000E+00	0.0000E+00	2.0240E+00
1.3500E+02	0.0000E+00	0.0000E+00	2.0104E+00
1.3600E+02	0.0000E+00	0.0000E+00	2.0176E+00
1.3700E+02	0.0000E+00	0.0000E+00	2.0158E+00
1.3800E+02	0.0000E+00	0.0000E+00	2.0336E+00
1.3900E+02	0.0000E+00	0.0000E+00	2.0393E+00
1.4000E+02	0.0000E+00	0.0000E+00	2.0251E+00
1.4100E+02	0.0000E+00	0.0000E+00	2.0330E+00
1.4200E+02	0.0000E+00	0.0000E+00	2.0328E+00
1.4300E+02	0.0000E+00	0.0000E+00	2.0241E+00
1.4400E+02	0.0000E+00	0.0000E+00	2.0176E+00
1.4500E+02	0.0000E+00	0.0000E+00	2.0177E+00
1.4600E+02	0.0000E+00	0.0000E+00	2.0098E+00
1.4700E+02	0.0000E+00	0.0000E+00	2.0084E+00
1.4800E+02	0.0000E+00	0.0000E+00	2.0087E+00
1.4900E+02	0.0000E+00	0.0000E+00	2.0114E+00
1.5000E+02	0.0000E+00	0.0000E+00	2.0019E+00
1.5100E+02	0.0000E+00	0.0000E+00	2.0022E+00
1.5200E+02	0.0000E+00	0.0000E+00	1.9986E+00
1.5300E+02	0.0000E+00	0.0000E+00	1.9979E+00
1.5400E+02	0.0000E+00	0.0000E+00	2.0121E+00
1.5500E+02	0.0000E+00	0.0000E+00	2.0185E+00
1.5600E+02	0.0000E+00	0.0000E+00	2.0200E+00
1.5700E+02	0.0000E+00	0.0000E+00	2.0215E+00
1.5800E+02	0.0000E+00	0.0000E+00	2.0287E+00
1.5900E+02	0.0000E+00	0.0000E+00	2.0527E+00
1.6000E+02	0.0000E+00	0.0000E+00	2.0599E+00
1.6100E+02	0.0000E+00	0.0000E+00	2.0845E+00
1.6200E+02	0.0000E+00	0.0000E+00	2.1119E+00
1.6300E+02	0.0000E+00	0.0000E+00	2.0938E+00
1.6400E+02	0.0000E+00	0.0000E+00	2.0866E+00
1.6500E+02	0.0000E+00	0.0000E+00	2.0947E+00
1.6600E+02	0.0000E+00	0.0000E+00	2.0830E+00
1.6700E+02	0.0000E+00	0.0000E+00	2.0800E+00
1.6800E+02	0.0000E+00	0.0000E+00	2.0758E+00
1.6900E+02	0.0000E+00	0.0000E+00	2.0694E+00
1.7000E+02	0.0000E+00	0.0000E+00	2.0637E+00
1.7100E+02	0.0000E+00	0.0000E+00	2.0699E+00
1.7200E+02	0.0000E+00	0.0000E+00	2.0784E+00
1.7300E+02	0.0000E+00	0.0000E+00	2.0865E+00
1.7400E+02	0.0000E+00	0.0000E+00	2.0964E+00
1.7500E+02	0.0000E+00	0.0000E+00	2.1049E+00
1.7600E+02	0.0000E+00	0.0000E+00	2.0979E+00
1.7700E+02	0.0000E+00	0.0000E+00	2.0617E+00
1.7800E+02	0.0000E+00	0.0000E+00	2.0791E+00
1.7900E+02	0.0000E+00	0.0000E+00	2.0860E+00
1.8000E+02	0.0000E+00	0.0000E+00	2.0564E+00
1.8100E+02	0.0000E+00	0.0000E+00	2.0556E+00
1.8200E+02	0.0000E+00	0.0000E+00	2.0551E+00
1.8300E+02	0.0000E+00	0.0000E+00	2.0641E+00
1.8400E+02	0.0000E+00	0.0000E+00	2.0710E+00
1.8500E+02	0.0000E+00	0.0000E+00	2.0766E+00
1.8600E+02	0.0000E+00	0.0000E+00	2.0845E+00
1.8700E+02	0.0000E+00	0.0000E+00	2.0985E+00
1.8800E+02	0.0000E+00	0.0000E+00	2.1098E+00
1.8900E+02	0.0000E+00	0.0000E+00	2.1130E+00
1.9000E+02	0.0000E+00	0.0000E+00	2.1102E+00
1.9100E+02	0.0000E+00	0.0000E+00	2.1108E+00
1.9200E+02	0.0000E+00	0.0000E+00	2.1144E+00
1.9300E+02	0.0000E+00	0.0000E+00	2.1186E+00
1.9400E+02	0.0000E+00	0.0000E+00	2.1281E+00
1.9500E+02	0.0000E+00	0.0000E+00	2.1302E+00
1.9600E+02	0.0000E+00	0.0000E+00	2.1305E+00
1.9700E+02	0.0000E+00	0.0000E+00	2.1340E+00
1.9800E+02	0.0000E+00	0.0000E+00	2.1356E+00
1.9900E+02	0.0000E+00	0.0000E+00	2.1277E+00
2.0000E+02	0.0000E+00	0.0000E+00	2.1278E+00
2.0100E+02	0.0000E+00	0.0000E+00	2.1246E+00
2.0200E+02	0.0000E+00	0.0000E+00	2.1188E+00
2.0300E+02	0.0000E+00	0.0000E+00	2.1297E+00
2.0400E+02	0.0000E+00	0.0000E+00	2.1312E+00
2.0500E+02	0.0000E+00	0.0000E+00	2.1553E+00
2.0600E+02	0.0000E+00	0.0000E+00	2.1600E+00
2.0700E+02	0.0000E+00	0.0000E+00	2.1621E+00
2.0800E+02	0.0000E+00	0.0000E+00	2.1741E+00
2.0900E+02	0.0000E+00	0.0000E+00	2.1884E+00
2.1000E+02	0.0000E+00	0.0000E+00	2.2008E+00
2.1100E+02	0.0000E+00	0.0000E+00	2.2066E+00
2.1200E+02	0.0000E+00	0.0000E+00	2.2116E+00
2.1300E+02	0.0000E+00	0.0000E+00	2.2154E+00
2.1400E+02	0.0000E+00	0.0000E+00	2.2132E+00
2.1500E+02	0.0000E+00	0.0000E+00	2.1999E+00
2.1600E+02	0.0000E+00	0.0000E+00	2.1921E+00
2.1700E+02	0.0000E+00	0.0000E+00	2.1846E+00
2.1800E+02	0.0000E+00	0.0000E+00	2.1703E+00
2.1900E+02	0.0000E+00	0.0000E+00	2.1628E+00
2.2000E+02	0.0000E+00	0.0000E+00	2.1577E+00
2.2100E+02	0.0000E+00	0.0000E+00	2.1484E+00
2.2200E+02	0.0000E+00	0.0000E+00	2.1431E+00
2.2300E+02	0.0000E+00	0.0000E+00	2.1358E+00
2.2400E+02	0.0000E+00	0.0000E+00	2.1303E+00
2.2500E+02	0.0000E+00	0.0000E+00	2.1273E+00
2.2600E+02	0.0000E+00	0.0000E+00	2.1246E+00
2.2700E+02	0.0000E+00	0.0000E+00	2.1242E+00
2.2800E+02	0.0000E+00	0.0000E+00	2.1288E+00
2.2900E+02	0.0000E+00	0.0000E+00	2.1273E+00
2.3000E+02	0.0000E+00	0.0000E+00	2.1350E+00
2.3100E+02	0.0000E+00	0.0000E+00	2.1482E+00
2.3200E+02	0.0000E+00	0.0000E+00	2.1524E+00
2.3300E+02	0.0000E+00	0.0000E+00	2.1684E+00
2.3400E+02	0.0000E+00	0.0000E+00	2.1706E+00
2.3500E+02	0.0000E+00	0.0000E+00	2.1763E+00
2.3600E+02	0.0000E+00	0.0000E+00	2.1732E+00
2.3700E+02	0.0000E+00	0.0000E+00	2.1875E+00
2.3800E+02	0.0000E+00	0.0000E+00	2.1861E+00
2.3900E+02	0.0000E+00	0.0000E+00	2.1870E+00
2.4000E+02	0.0000E+00	0.0000E+00	2.1886E+00
2.4100E+02	0.0000E+00	0.0000E+00	2.1822E+00
2.4200E+02	0.0000E+00	0.0000E+00	2.1768E+00
2.4300E+02	0.0000E+00	0.0000E+00	2.1731E+00
2.4400E+02	0.0000E+00	0.0000E+00	2.1631E+00
2.4500E+02	0.0000E+00	0.0000E+00	2.1518E+00
2.4600E+02	0.0000E+00	0.0000E+00	2.1480E+00
2.4700E+02	0.0000E+00	0.0000E+00	2.1440E+00
2.4800E+02	0.0000E+00	0.0000E+00	2.1343E+00
2.4900E+02	0.0000E+00	0.0000E+00	2.1365E+00
2.5000E+02	0.0000E+00	0.0000E+00	2.1290E+00
2.5100E+02	0.0000E+00	0.0000E+00	2.1245E+00
2.5200E+02	0.0000E+00	0.0000E+00	2.1225E+00
2.5300E+02	0.0000E+00	0.0000E+00	2.1268E+00
2.5400E+02	0.0000E+00	0.0000E+00	2.1253E+00
2.5500E+02	0.0000E+00	0.0000E+00	2.1270E+00
2.5600E+02	0.0000E+00	0.0000E+00	2.1332E+00
2.5700E+02	0.0000E+00	0.0000E+00	2.1344E+00
2.5800E+02	0.0000E+00	0.0000E+00	2.1304E+00
2.5900E+02	0.0000E+00	0.0000E+00	2.1320E+00
2.6000E+02	0.0000E+00	0.0000E+00	2.1369E+00
2.6100E+02	0.0000E+00	0.0000E+00	2.1400E+00
2.6200E+02	0.0000E+00	0.0000E+00	2.1357E+00
2.6300E+02	0.0000E+00	0.0000E+00	2.1381E+00
2.6400E+02	0.0000E+00	0.0000E+00	2.1376E+00
2.6500E+02	0.0000E+00	0.0000E+00	2.1387E+00
2.6600E+02	0.0000E+00	0.0000E+00	2.1267E+00
2.6700E+02	0.0000E+00	0.0000E+00	2.1177E+00
2.6800E+02	0.0000E+00	0.0000E+00	2.1154E+00
2.6900E+02	0.0000E+00	0.0000E+00	2.1078E+00
2.7000E+02	0.0000E+00	0.0000E+00	2.1033E+00
2.7100E+02	0.0000E+00	0.0000E+00	2.1037E+00
2.7200E+02	0.0000E+00	0.0000E+00	2.1025E+00
2.7300E+02	0.0000E+00	0.0000E+00	2.0964E+00
2.7400E+02	0.0000E+00	0.0000E+00	2.0944E+00
2.7500E+02	0.0000E+00	0.0000E+00	2.0872E+00
2.7600E+02	0.0000E+00	0.0000E+00	2.0941E+00
2.7700E+02	0.0000E+00	0.0000E+00	2.0955E+00
2.7800E+02	0.0000E+00	0.0000E+00	2.0946E+00
2.7900E+02	0.0000E+00	0.0000E+00	2.0941E+00
2.8000E+02	0.0000E+00	0.0000E+00	2.0929E+00
2.8100E+02	0.0000E+00	0.0000E+00	2.0889E+00
2.8200E+02	0.0000E+00	0.0000E+00	2.0857E+00
2.8300E+02	0.0000E+00	0.0000E+00	2.0787E+00
2.8400E+02	0.0000E+00	0.0000E+00	2.0767E+00
2.8500E+02	0.0000E+00	0.0000E+00	2.0709E+00
2.8600E+02	0.0000E+00	0.0000E+00	2.0702E+00
2.8700E+02	0.0000E+00	0.0000E+00	2.0614E+00
2.8800E+02	0.0000E+00	0.0000E+00	2.0621E+00
2.8900E+02	0.0000E+00	0.0000E+00	2.0576E+00
2.9000E+02	0.0000E+00	0.0000E+00	2.0591E+00
2.9100E+02	0.0000E+00	0.0000E+00	2.0532E+00
2.9200E+02	0.0000E+00	0.0000E+00	2.0490E+00
2.9300E+02	0.0000E+00	0.0000E+00	2.0387E+00
2.9400E+02	0.0000E+00	0.0000E+00	2.0347E+00
2.9500E+02	0.0000E+00	0.0000E+00	2.0302E+00
2.9600E+02	0.0000E+00	0.0000E+00	2.0275E+00
2.9700E+02	0.0000E+00	0.0000E+00	2.0317E+00
2.9800E+02	0.0000E+00	0.0000E+00	2.0421E+00
2.9900E+02	0.0000E+00	0.0000E+00	2.0392E+00
3.0000E+02	0.0000E+00	0.0000E+00	2.0461E+00
3.0100E+02	0.0000E+00	0.0000E+00	2.0499E+00
3.0200E+02	0.0000E+00	0.0000E+00	2.0428E+00
3.0300E+02	0.0000E+00	0.0000E+00	2.0355E+00
3.0400E+02	0.0000E+00	0.0000E+00	2.0325E+00
3.0500E+02	0.0000E+00	0.0000E+00	2.0272E+00
3.0600E+02	0.0000E+00	0.0000E+00	2.0179E+00
3.0700E+02	0.0000E+00	0.0000E+00	2.0147E+00
3.0800E+02	0.0000E+00	0.0000E+00	2.0064E+00
3.0900E+02	0.0000E+00	0.0000E+00	2.0044E+00
3.1000E+02	0.0000E+00	0.0000E+00	1.9976E+00
3.1100E+02	0.0000E+00	0.0000E+00	1.9954E+00
3.1200E+02	0.0000E+00	0.0000E+00	1.9856E+00
3.1300E+02	0.0000E+00	0.0000E+00	1.9828E+00
3.1400E+02	0.0000E+00	0.0000E+00	1.9731E+00
3.1500E+02	0.0000E+00	0.0000E+00	1.9760E+00
3.1600E+02	0.0000E+00	0.0000E+00	1.9662E+00
3.1700E+02	0.0000E+00	0.0000E+00	1.9679E+00
3.1800E+02	0.0000E+00	0.0000E+00	1.9655E+00
3.1900E+02	0.0000E+00	0.0000E+00	1.9636E+00
3.2000E+02	0.0000E+00	0.0000E+00	1.9538E+00
3.2100E+02	0.0000E+00	0.0000E+00	1.9691E+00
3.2200E+02	0.0000E+00	0.0000E+00	1.9908E+00
3.2300E+02	0.0000E+00	0.0000E+00	1.9993E+00
3.2400E+02	0.0000E+00	0.0000E+00	1.9947E+00
3.2500E+02	0.0000E+00	0.0000E+00	1.9838E+00
3.2600E+02	0.0000E+00	0.0000E+00	1.9835E+00
3.2700E+02	0.0000E+00	0.0000E+00	1.9940E+00
3.2800E+02	0.0000E+00	0.0000E+00	1.9821E+00
3.2900E+02	0.0000E+00	0.0000E+00	1.9775E+00
3.3000E+02	0.0000E+00	0.0000E+00	1.9820E+00
3.3100E+02	0.0000E+00	0.0000E+00	1.9836E+00
3.3200E+02	0.0000E+00	0.0000E+00	1.9801E+00
3.3300E+02	0.0000E+00	0.0000E+00	1.9749E+00
3.3400E+02	0.0000E+00	0.0000E+00	1.9769E+00
3.3500E+02	0.0000E+00	0.0000E+00	1.9744E+00
3.3600E+02	0.0000E+00	0.0000E+00	1.9671E+00
3.3700E+02	0.0000E+00	0.0000E+00	1.9665E+00
3.3800E+02	0.0000E+00	0.0000E+00	1.9593E+00
3.3900E+02	0.0000E+00	0.0000E+00	1.9618E+00
3.4000E+02	0.0000E+00	0.0000E+00	1.9553E+00
3.4100E+02	0.0000E+00	0.0000E+00	1.9532E+00
3.4200E+02	0.0000E+00	0.0000E+00	1.9506E+00
3.4300E+02	0.0000E+00	0.0000E+00	1.9366E+00
3.4400E+02	0.0000E+00	0.0000E+00	1.9377E+00
3.4500E+02	0.0000E+00	0.0000E+00	1.9405E+00
3.4600E+02	0.0000E+00	0.0000E+00	1.9498E+00
3.4700E+02	0.0000E+00	0.0000E+00	1.9580E+00
3.4800E+02	0.0000E+00	0.0000E+00	1.9660E+00
3.4900E+02	0.0000E+00	0.0000E+00	1.9563E+00
3.5000E+02	0.0000E+00	0.0000E+00	1.9612E+00
3.5100E+02	0.0000E+00	0.0000E+00	1.9657E+00
3.5200E+02	0.0000E+00	0.0000E+00	1.9595E+00
3.5300E+02	0.0000E+00	0.0000E+00	1.9664E+00
3.5400E+02	0.0000E+00	0.0000E+00	1.9728E+00
3.5500E+02	0.0000E+00	0.0000E+00	1.9840E+00
3.5600E+02	0.0000E+00	0.0000E+00	1.9887E+00
3.5700E+02	0.0000E+00	0.0000E+00	1.9847E+00
3.5800E+02	0.0000E+00	0.0000E+00	1.9854E+00
3.5900E+02	0.0000E+00	0.0000E+00	1.9839E+00
3.6000E+02	0.0000E+00	0.0000E+00	1.9771E+00
3.6100E+02	0.0000E+00	0.0000E+00	1.9788E+00
3.6200E+02	0.0000E+00	0.0000E+00	1.9760E+00
3.6300E+02	0.0000E+00	0.0000E+00	1.9722E+00
3.6400E+02	0.0000E+00	0.0000E+00	1.9713E+00
3.6500E+02	0.0000E+00	0.0000E+00	1.9725E+00
3.6600E+02	0.0000E+00	0.0000E+00	1.9673E+00
3.6700E+02	0.0000E+00	0.0000E+00	1.9650E+00
3.6800E+02	0.0000E+00	0.0000E+00	1.9654E+00
3.6900E+02	0.0000E+00	0.0000E+00	1.9610E+00
3.7000E+02	0.0000E+00	0.0000E+00	1.9642E+00
3.7100E+02	0.0000E+00	0.0000E+00	1.9679E+00
3.7200E+02	0.0000E+00	0.0000E+00	1.9619E+00
3.7300E+02	0.0000E+00	0.0000E+00	1.9651E+00
3.7400E+02	0.0000E+00	0.0000E+00	1.9703E+00
3.7500E+02	0.0000E+00	0.0000E+00	1.9655E+00
3.7600E+02	0.0000E+00	0.0000E+00	1.9703E+00
3.7700E+02	0.0000E+00	0.0000E+00	1.9804E+00
3.7800E+02	0.0000E+00	0.0000E+00	1.9866E+00
3.7900E+02	0.0000E+00	0.0000E+00	1.9907E+00
3.8000E+02	0.0000E+00	0.0000E+00	1.9945E+00
3.8100E+02	0.0000E+00	0.0000E+00	1.9977E+00
3.8200E+02	0.0000E+00	0.0000E+00	1.9928E+00
3.8300E+02	0.0000E+00	0.0000E+00	1.9931E+00
3.8400E+02	0.0000E+00	0.0000E+00	1.9884E+00
3.8500E+02	0.0000E+00	0.0000E+00	1.9855E+00
3.8600E+02	0.0000E+00	0.0000E+00	1.9823E+00
3.8700E+02	0.0000E+00	0.0000E+00	1.9770E+00
3.8800E+02	0.0000E+00	0.0000E+00	1.9748E+00
3.8900E+02	0.0000E+00	0.0000E+00	1.9779E+00
3.9000E+02	0.0000E+00	0.0000E+00	1.9713E+00
3.9100E+02	0.0000E+00	0.0000E+00	1.9699E+00
3.9200E+02	0.0000E+00	0.0000E+00	1.9684E+00
3.9300E+02	0.0000E+00	0.0000E+00	1.9698E+00
3.9400E+02	0.0000E+00	0.0000E+00	1.9683E+00
3.9500E+02	0.0000E+00	0.0000E+00	1.9678E+00
3.9600E+02	0.0000E+00	0.0000E+00	1.9712E+00
3.9700E+02	0.0000E+00	0.0000E+00	1.9733E+00
3.9800E+02	0.0000E+00	0.0000E+00	1.9762E+00
3.9900E+02	0.0000E+00	0.0000E+00	1.9948E+00
4.0000E+02	0.0000E+00	0.0000E+00	2.0112E+00
4.0100E+02	0.0000E+00	0.0000E+00	2.0349E+00
4.0200E+02	0.0000E+00	0.0000E+00	2.0569E+00
4.0300E+02	0.0000E+00	0.0000E+00	2.0659E+00
4.0400E+02	0.0000E+00	0.0000E+00	2.0683E+00
4.0500E+02	0.0000E+00	0.0000E+00	2.0597E+00
4.0600E+02	0.0000E+00	0.0000E+00	2.0596E+00
4.0700E+02	0.0000E+00	0.0000E+00	2.0536E+00
4.0800E+02	0.0000E+00	0.0000E+00	2.0554E+00
4.0900E+02	0.0000E+00	0.0000E+00	2.0542E+00
4.1000E+02	0.0000E+00	0.0000E+00	2.0445E+00
4.1100E+02	0.0000E+00	0.0000E+00	2.0406E+00
4.1200E+02	0.0000E+00	0.0000E+00	2.0318E+00
4.1300E+02	0.0000E+00	0.0000E+00	2.0316E+00
4.1400E+02	0.0000E+00	0.0000E+00	2.0269E+00
4.1500E+02	0.0000E+00	0.0000E+00	2.0249E+00
4.1600E+02	0.0000E+00	0.0000E+00	2.0220E+00
4.1700E+02	0.0000E+00	0.0000E+00	2.0208E+00
4.1800E+02	0.0000E+00	0.0000E+00	2.0190E+00
4.1900E+02	0.0000E+00	0.0000E+00	2.0206E+00
4.2000E+02	0.0000E+00	0.0000E+00	2.0238E+00
4.2100E+02	0.0000E+00	0.0000E+00	2.0277E+00
4.2200E+02	0.0000E+00	0.0000E+00	2.0401E+00
4.2300E+02	0.0000E+00	0.0000E+00	2.0524E+00
4.2400E+02	0.0000E+00	0.0000E+00	2.0697E+00
4.2500E+02	0.0000E+00	0.0000E+00	2.0788E+00
4.2600E+02	0.0000E+00	0.0000E+00	2.0855E+00
4.2700E+02	0.0000E+00	0.0000E+00	2.0959E+00
4.2800E+02	0.0000E+00	0.0000E+00	2.1040E+00
4.2900E+02	0.0000E+00	0.0000E+00	2.1027E+00
4.3000E+02	0.0000E+00	0.0000E+00	2.1048E+00
4.3100E+02	0.0000E+00	0.0000E+00	2.0977E+00
4.3200E+02	0.0000E+00	0.0000E+00	2.0938E+00
4.3300E+02	0.0000E+00	0.0000E+00	2.0908E+00
4.3400E+02	0.0000E+00	0.0000E+00	2.0847E+00
4.3500E+02	0.0000E+00	0.0000E+00	2.0817E+00
4.3600E+02	0.0000E+00	0.0000E+00	2.0794E+00
4.3700E+02	0.0000E+00	0.0000E+00	2.0777E+00
4.3800E+02	0.0000E+00	0.0000E+00	2.0712E+00
4.3900E+02	0.0000E+00	0.0000E+00	2.0717E+00
4.4000E+02	0.0000E+00	0.0000E+00	2.0633E+00
4.4100E+02	0.0000E+00	0.0000E+00	2.0602E+00
4.4200E+02	0.0000E+00	0.0000E+00	2.0592E+00
4.4300E+02	0.0000E+00	0.0000E+00	2.0608E+00
4.4400E+02	0.0000E+00	0.0000E+00	2.0651E+00
4.4500E+02	0.0000E+00	0.0000E+00	2.0708E+00
4.4600E+02	0.0000E+00	0.0000E+00	2.0816E+00
4.4700E+02	0.0000E+00	0.0000E+00	2.0892E+00
4.4800E+02	0.0000E+00	0.0000E+00	2.0938E+00
4.4900E+02	0.0000E+00	0.0000E+00	2.1119E+00
4.5000E+02	0.0000E+00	0.0000E+00	2.1166E+00
4.5100E+02	0.0000E+00	0.0000E+00	2.1261E+00
4.5200E+02	0.0000E+00	0.0000E+00	2.1233E+00
4.5300E+02	0.0000E+00	0.0000E+00	2.1289E+00
4.5400E+02	0.0000E+00	0.0000E+00	2.1218E+00
4.5500E+02	0.0000E+00	0.0000E+00	2.1142E+00
4.5600E+02	0.0000E+00	0.0000E+00	2.1113E+00
4.5700E+02	0.0000E+00	0.0000E+00	2.1084E+00
4.5800E+02	0.0000E+00	0.0000E+00	2.0991E+00
4.5900E+02	0.0000E+00	0.0000E+00	2.0916E+00
4.6000E+02	0.0000E+00	0.0000E+00	2.0920E+00
4.6100E+02	0.0000E+00	0.0000E+00	2.0854E+00
4.6200E+02	0.0000E+00	0.0000E+00	2.0805E+00
4.6300E+02	0.0000E+00	0.0000E+00	2.0735E+00
4.6400E+02	0.0000E+00	0.0000E+00	2.0718E+00
4.6500E+02	0.0000E+00	0.0000E+00	2.0734E+00
4.6600E+02	0.0000E+00	0.0000E+00	2.0715E+00
4.6700E+02	0.0000E+00	0.0000E+00	2.0728E+00
4.6800E+02	0.0000E+00	0.0000E+00	2.0756E+00
4.6900E+02	0.0000E+00	0.0000E+00	2.0796E+00
4.7000E+02	0.0000E+00	0.0000E+00	2.0827E+00
4.7100E+02	0.0000E+00	0.0000E+00	2.0828E+00
4.7200E+02	0.0000E+00	0.0000E+00	2.0881E+00
4.7300E+02	0.0000E+00	0.0000E+00	2.0912E+00
4.7400E+02	0.0000E+00	0.0000E+00	2.0935E+00
4.7500E+02	0.0000E+00	0.0000E+00	2.0910E+00
4.7600E+02	0.0000E+00	0.0000E+00	2.0911E+00
4.7700E+02	0.0000E+00	0.0000E+00	2.0867E+00
4.7800E+02	0.0000E+00	0.0000E+00	2.0809E+00
4.7900E+02	0.0000E+00	0.0000E+00	2.0881E+00
4.8000E+02	0.0000E+00	0.0000E+00	2.0760E+00
4.8100E+02	0.0000E+00	0.0000E+00	2.0709E+00
4.8200E+02	0.0000E+00	0.0000E+00	2.0629E+00
4.8300E+02	0.0000E+00	0.0000E+00	2.0649E+00
4.8400E+02	0.0000E+00	0.0000E+00	2.0575E+00
4.8500E+02	0.0000E+00	0.0000E+00	2.0521E+00
4.8600E+02	0.0000E+00	0.0000E+00	2.0522E+00
4.8700E+02	0.0000E+00	0.0000E+00	2.0524E+00
4.8800E+02	0.0000E+00	0.0000E+00	2.0446E+00
4.8900E+02	0.0000E+00	0.0000E+00	2.0453E+00
4.9000E+02	0.0000E+00	0.0000E+00	2.0446E+00
4.9100E+02	0.0000E+00	0.0000E+00	2.0448E+00
4.9200E+02	0.0000E+00	0.0000E+00	2.0430E+00
4.9300E+02	0.0000E+00	0.0000E+00	2.0455E+00
4.9400E+02	0.0000E+00	0.0000E+00	2.0449E+00
4.9500E+02	0.0000E+00	0.0000E+00	2.0472E+00
4.9600E+02	0.0000E+00	0.0000E+00	2.0514E+00
4.9700E+02	0.0000E+00	0.0000E+00	2.0434E+00
4.9800E+02	0.0000E+00	0.0000E+00	2.0479E+00
4.9900E+02	0.0000E+00	0.0000E+00	2.0441E+00
5.0000E+02	0.0000E+00	0.0000E+00	2.0375E+00
5.0100E+02	0.0000E+00	0.0000E+00	2.0312E+00
5.0200E+02	0.0000E+00	0.0000E+00	2.0289E+00
5.0300E+02	0.0000E+00	0.0000E+00	2.0262E+00
5.0400E+02	0.0000E+00	0.0000E+00	2.0208E+00
5.0500E+02	0.0000E+00	0.0000E+00	2.0180E+00
5.0600E+02	0.0000E+00	0.0000E+00	2.0158E+00
5.0700E+02	0.0000E+00	0.0000E+00	2.0166E+00
5.0800E+02	0.0000E+00	0.0000E+00	2.0116E+00
5.0900E+02	0.0000E+00	0.0000E+00	2.0109E+00
5.1000E+02	0.0000E+00	0.0000E+00	2.0084E+00
5.1100E+02	0.0000E+00	0.0000E+00	2.0096E+00
5.1200E+02	0.0000E+00	0.0000E+00	2.0052E+00
5.1300E+02	0.0000E+00	0.0000E+00	2.0061E+00
5.1400E+02	0.0000E+00	0.0000E+00	2.0064E+00
5.1500E+02	0.0000E+00	0.0000E+00	2.0031E+00
5.1600E+02	0.0000E+00	0.0000E+00	2.0081E+00
5.1700E+02	0.0000E+00	0.0000E+00	2.0078E+00
5.1800E+02	0.0000E+00	0.0000E+00	2.0108E+00
5.1900E+02	0.0000E+00	0.0000E+00	2.0216E+00
5.2000E+02	0.0000E+00	0.0000E+00	2.0301E+00
5.2100E+02	0.0000E+00	0.0000E+00	2.0359E+00
5.2200E+02	0.0000E+00	0.0000E+00	2.0436E+00
5.2300E+02	0.0000E+00	0.0000E+00	2.0498E+00
5.2400E+02	0.0000E+00	0.0000E+00	2.0581E+00
5.2500E+02	0.0000E+00	0.0000E+00	2.0594E+00
5.2600E+02	0.0000E+00	0.0000E+00	2.0528E+00
5.2700E+02	0.0000E+00	0.0000E+00	2.0521E+00
5.2800E+02	0.0000E+00	0.0000E+00	2.0379E+00
5.2900E+02	0.0000E+00	0.0000E+00	2.0363E+00
5.3000E+02	0.0000E+00	0.0000E+00	2.0308E+00
5.3100E+02	0.0000E+00	0.0000E+00	2.0235E+00
5.3200E+02	0.0000E+00	0.0000E+00	2.0189E+00
5.3300E+02	0.0000E+00	0.0000E+00	2.0161E+00
5.3400E+02	0.0000E+00	0.0000E+00	2.0128E+00
5.3500E+02	0.0000E+00	0.0000E+00	2.0059E+00
5.3600E+02	0.0000E+00	0.0000E+00	2.0063E+00
5.3700E+02	0.0000E+00	0.0000E+00	2.0031E+00
5.3800E+02	0.0000E+00	0.0000E+00	2.0078E+00
5.3900E+02	0.0000E+00	0.0000E+00	2.0063E+00
5.4000E+02	0.0000E+00	0.0000E+00	2.0046E+00
5.4100E+02	0.0000E+00	0.0000E+00	2.0116E+00
5.4200E+02	0.0000E+00	0.0000E+00	2.0279E+00
5.4300E+02	0.0000E+00	0.0000E+00	2.0330E+00
5.4400E+02	0.0000E+00	0.0000E+00	2.0533E+00
5.4500E+02	0.0000E+00	0.0000E+00	2.0766E+00
5.4600E+02	0.0000E+00	0.0000E+00	2.0916E+00
5.4700E+02	0.0000E+00	0.0000E+00	2.1023E+00
5.4800E+02	0.0000E+00	0.0000E+00	2.1067E+00
5.4900E+02	0.0000E+00	0.0000E+00	2.1082E+00
5.5000E+02	0.0000E+00	0.0000E+00	2.1033E+00
5.5100E+02	0.0000E+00	0.0000E+00	2.0965E+00
5.5200E+02	0.0000E+00	0.0000E+00	2.0853E+00
5.5300E+02	0.0000E+00	0.0000E+00	2.0787E+00
5.5400E+02	0.0000E+00	0.0000E+00	2.0711E+00
5.5500E+02	0.0000E+00	0.0000E+00	2.0672E+00
5.5600E+02	0.0000E+00	0.0000E+00	2.0624E+00
5.5700E+02	0.0000E+00	0.0000E+00	2.0613E+00
5.5800E+02	0.0000E+00	0.0000E+00	2.0529E+00
5.5900E+02	0.0000E+00	0.0000E+00	2.0445E+00
5.6000E+02	0.0000E+00	0.0000E+00	2.0465E+00
5.6100E+02	0.0000E+00	0.0000E+00	2.0461E+00
5.6200E+02	0.0000E+00	0.0000E+00	2.0453E+00
5.6300E+02	0.0000E+00	0.0000E+00	2.0444E+00
5.6400E+02	0.0000E+00	0.0000E+00	2.0470E+00
5.6500E+02	0.0000E+00	0.0000E+00	2.0555E+00
5.6600E+02	0.0000E+00	0.0000E+00	2.0686E+00
5.6700E+02	0.0000E+00	0.0000E+00	2.0905E+00
5.6800E+02	0.0000E+00	0.0000E+00	2.1145E+00
5.6900E+02	0.0000E+00	0.0000E+00	2.1428E+00
5.7000E+02	0.0000E+00	0.0000E+00	2.1718E+00
5.7100E+02	0.0000E+00	0.0000E+00	2.1833E+00
5.7200E+02	0.0000E+00	0.0000E+00	2.1890E+00
5.7300E+02	0.0000E+00	0.0000E+00	2.1864E+00
5.7400E+02	0.0000E+00	0.0000E+00	2.1781E+00
5.7500E+02	0.0000E+00	0.0000E+00	2.1785E+00
5.7600E+02	0.0000E+00	0.0000E+00	2.1655E+00
5.7700E+02	0.0000E+00	0.0000E+00	2.1533E+00
5.7800E+02	0.0000E+00	0.0000E+00	2.1530E+00
5.7900E+02	0.0000E+00	0.0000E+00	2.1451E+00
5.8000E+02	0.0000E+00	0.0000E+00	2.1351E+00
5.8100E+02	0.0000E+00	0.0000E+00	2.1291E+00
5.8200E+02	0.0000E+00	0.0000E+00	2.1239E+00
5.8300E+02	0.0000E+00	0.0000E+00	2.1148E+00
5.8400E+02	0.0000E+00	0.0000E+00	2.1089E+00
5.8500E+02	0.0000E+00	0.0000E+00	2.1102E+00
5.8600E+02	0.0000E+00	0.0000E+00	2.1074E+00
5.8700E+02	0.0000E+00	0.0000E+00	2.1104E+00
5.8800E+02	0.0000E+00	0.0000E+00	2.1119E+00
5.8900E+02	0.0000E+00	0.0000E+00	2.1251E+00
5.9000E+02	0.0000E+00	0.0000E+00	2.1390E+00
5.9100E+02	0.0000E+00	0.0000E+00	2.1667E+00
5.9200E+02	0.0000E+00	0.0000E+00	2.1997E+00
5.9300E+02	0.0000E+00	0.0000E+00	2.2204E+00
5.9400E+02	0.0000E+00	0.0000E+00	2.2431E+00
5.9500E+02	0.0000E+00	0.0000E+00	2.2554E+00
5.9600E+02	0.0000E+00	0.0000E+00	2.2596E+00
5.9700E+02	0.0000E+00	0.0000E+00	2.2609E+00
5.9800E+02	0.0000E+00	0.0000E+00	2.2443E+00
5.9900E+02	0.0000E+00	0.0000E+00	2.2420E+00
6.0000E+02	0.0000E+00	0.0000E+00	2.2273E+00
6.0100E+02	0.0000E+00	0.0000E+00	2.2235E+00
6.0200E+02	0.0000E+00	0.0000E+00	2.2075E+00
6.0300E+02	0.0000E+00	0.0000E+00	2.2019E+00
6.0400E+02	0.0000E+00	0.0000E+00	2.1881E+00
6.0500E+02	0.0000E+00	0.0000E+00	2.1844E+00
6.0600E+02	0.0000E+00	0.0000E+00	2.1844E+00
6.0700E+02	0.0000E+00	0.0000E+00	2.1734E+00
6.0800E+02	0.0000E+00	0.0000E+00	2.1763E+00
6.0900E+02	0.0000E+00	0.0000E+00	2.1689E+00
6.1000E+02	0.0000E+00	0.0000E+00	2.1705E+00
6.1100E+02	0.0000E+00	0.0000E+00	2.1661E+00
6.1200E+02	0.0000E+00	0.0000E+00	2.1706E+00
6.1300E+02	0.0000E+00	0.0000E+00	2.1799E+00
6.1400E+02	0.0000E+00	0.0000E+00	2.1893E+00
6.1500E+02	0.0000E+00	0.0000E+00	2.2111E+00
6.1600E+02	0.0000E+00	0.0000E+00	2.2307E+00
6.1700E+02	0.0000E+00	0.0000E+00	2.2455E+00
6.1800E+02	0.0000E+00	0.0000E+00	2.2593E+00
6.1900E+02	0.0000E+00	0.0000E+00	2.2772E+00
6.2000E+02	0.0000E+00	0.0000E+00	2.2855E+00
6.2100E+02	0.0000E+00	0.0000E+00	2.2878E+00
6.2200E+02	0.0000E+00	0.0000E+00	2.2881E+00
6.2300E+02	0.0000E+00	0.0000E+00	2.2829E+00
6.2400E+02	0.0000E+00	0.0000E+00	2.2810E+00
6.2500E+02	0.0000E+00	0.0000E+00	2.2782E+00
6.2600E+02	0.0000E+00	0.0000E+00	2.2801E+00
6.2700E+02	0.0000E+00	0.0000E+00	2.2751E+00
6.2800E+02	0.0000E+00	0.0000E+00	2.2649E+00
6.2900E+02	0.0000E+00	0.0000E+00	2.2594E+00
6.3000E+02	0.0000E+00	0.0000E+00	2.2512E+00
6.3100E+02	0.0000E+00	0.0000E+00	2.2529E+00
6.3200E+02	0.0000E+00	0.0000E+00	2.2567E+00
6.3300E+02	0.0000E+00	0.0000E+00	2.2432E+00
6.3400E+02	0.0000E+00	0.0000E+00	2.2468E+00
6.3500E+02	0.0000E+00	0.0000E+00	2.2463E+00
6.3600E+02	0.0000E+00	0.0000E+00	2.2488E+00
6.3700E+02	0.0000E+00	0.0000E+00	2.2444E+00
6.3800E+02	0.0000E+00	0.0000E+00	2.2493E+00
6.3900E+02	0.0000E+00	0.0000E+00	2.2582E+00
6.4000E+02	0.0000E+00	0.0000E+00	2.2602E+00
6.4100E+02	0.0000E+00	0.0000E+00	2.2655E+00
6.4200E+02	0.0000E+00	0.0000E+00	2.2903E+00
6.4300E+02	0.0000E+00	0.0000E+00	2.3059E+00
6.4400E+02	0.0000E+00	0.0000E+00	2.3362E+00
6.4500E+02	0.0000E+00	0.0000E+00	2.3415E+00
6.4600E+02	0.0000E+00	0.0000E+00	2.3480E+00
6.4700E+02	0.0000E+00	0.0000E+00	2.3369E+00
6.4800E+02	0.0000E+00	0.0000E+00	2.3365E+00
6.4900E+02	0.0000E+00	0.0000E+00	2.3390E+00
6.5000E+02	0.0000E+00	0.0000E+00	2.3314E+00
6.5100E+02	0.0000E+00	0.0000E+00	2.3148E+00
6.5200E+02	0.0000E+00	0.0000E+00	2.3131E+00
6.5300E+02	0.0000E+00	0.0000E+00	2.3341E+00
6.5400E+02	0.0000E+00	0.0000E+00	2.3053E+00
6.5500E+02	0.0000E+00	0.0000E+00	2.3043E+00
6.5600E+02	0.0000E+00	0.0000E+00	2.2997E+00
6.5700E+02	0.0000E+00	0.0000E+00	2.2916E+00
6.5800E+02	0.0000E+00	0.0000E+00	2.3058E+00
6.5900E+02	0.0000E+00	0.0000E+00	2.2913E+00
6.6000E+02	0.0000E+00	0.0000E+00	2.2849E+00
6.6100E+02	0.0000E+00	0.0000E+00	2.2898E+00
6.6200E+02	0.0000E+00	0.0000E+00	2.2842E+00
6.6300E+02	0.0000E+00	0.0000E+00	2.2949E+00
6.6400E+02	0.0000E+00	0.0000E+00	2.3070E+00
6.6500E+02	0.0000E+00	0.0000E+00	2.3147E+00
6.6600E+02	0.0000E+00	0.0000E+00	2.3436E+00
6.6700E+02	0.0000E+00	0.0000E+00	2.3523E+00
6.6800E+02	0.0000E+00	0.0000E+00	2.3628E+00
6.6900E+02	0.0000E+00	0.0000E+00	2.3799E+00
6.7000E+02	0.0000E+00	0.0000E+00	2.3872E+00
6.7100E+02	0.0000E+00	0.0000E+00	2.3905E+00
6.7200E+02	0.0000E+00	0.0000E+00	2.3896E+00
6.7300E+02	0.0000E+00	0.0000E+00	2.3876E+00
6.7400E+02	0.0000E+00	0.0000E+00	2.3864E+00
6.7500E+02	0.0000E+00	0.0000E+00	2.3941E+00
6.7600E+02	0.0000E+00	0.0000E+00	2.3771E+00
6.7700E+02	0.0000E+00	0.0000E+00	2.3713E+00
6.7800E+02	0.0000E+00	0.0000E+00	2.3729E+00
6.7900E+02	0.0000E+00	0.0000E+00	2.3595E+00
6.8000E+02	0.0000E+00	0.0000E+00	2.3627E+00
6.8100E+02	0.0000E+00	0.0000E+00	2.3648E+00
6.8200E+02	0.0000E+00	0.0000E+00	2.3541E+00
6.8300E+02	0.0000E+00	0.0000E+00	2.3549E+00
6.8400E+02	0.0000E+00	0.0000E+00	2.3540E+00
6.8500E+02	0.0000E+00	0.0000E+00	2.3497E+00
6.8600E+02	0.0000E+00	0.0000E+00	2.3414E+00
6.8700E+02	0.0000E+00	0.0000E+00	2.3311E+00
6.8800E+02	0.0000E+00	0.0000E+00	2.3384E+00
6.8900E+02	0.0000E+00	0.0000E+00	2.3292E+00
6.9000E+02	0.0000E+00	0.0000E+00	2.3099E+00
6.9100E+02	0.0000E+00	0.0000E+00	2.3171E+00
6.9200E+02	0.0000E+00	0.0000E+00	2.3023E+00
6.9300E+02	0.0000E+00	0.0000E+00	2.3087E+00
6.9400E+02	0.0000E+00	0.0000E+00	2.2908E+00
6.9500E+02	0.0000E+00	0.0000E+00	2.2912E+00
6.9600E+02	0.0000E+00	0.0000E+00	2.2834E+00
6.9700E+02	0.0000E+00	0.0000E+00	2.2858E+00
6.9800E+02	0.0000E+00	0.0000E+00	2.2801E+00
6.9900E+02	0.0000E+00	0.0000E+00	2.2688E+00
7.0000E+02	0.0000E+00	0.0000E+00	2.2587E+00
7.0100E+02	0.0000E+00	0.0000E+00	2.2600E+00
7.0200E+02	0.0000E+00	0.0000E+00	2.2653E+00
7.0300E+02	0.0000E+00	0.0000E+00	2.2510E+00
7.0400E+02	0.0000E+00	0.0000E+00	2.2490E+00
7.0500E+02	0.0000E+00	0.0000E+00	2.2439E+00
7.0600E+02	0.0000E+00	0.0000E+00	2.2408E+00
7.0700E+02	0.0000E+00	0.0000E+00	2.2430E+00
7.0800E+02	0.0000E+00	0.0000E+00	2.2353E+00
7.0900E+02	0.0000E+00	0.0000E+00	2.2348E+00
7.1000E+02	0.0000E+00	0.0000E+00	2.2294E+00
7.1100E+02	0.0000E+00	0.0000E+00	2.2248E+00
7.1200E+02	0.0000E+00	0.0000E+00	2.2218E+00
7.1300E+02	0.0000E+00	0.0000E+00	2.2217E+00
7.1400E+02	0.0000E+00	0.0000E+00	2.2153E+00
7.1500E+02	0.0000E+00	0.0000E+00	2.2307E+00
7.1600E+02	0.0000E+00	0.0000E+00	2.2231E+00
7.1700E+02	0.0000E+00	0.0000E+00	2.2121E+00
7.1800E+02	0.0000E+00	0.0000E+00	2.2142E+00
7.1900E+02	0.0000E+00	0.0000E+00	2.1971E+00
7.2000E+02	0.0000E+00	0.0000E+00	2.1878E+00
7.2100E+02	0.0000E+00	0.0000E+00	2.1823E+00
7.2200E+02	0.0000E+00	0.0000E+00	2.1773E+00
7.2300E+02	0.0000E+00	0.0000E+00	2.1737E+00
7.2400E+02	0.0000E+00	0.0000E+00	2.1788E+00
7.2500E+02	0.0000E+00	0.0000E+00	2.1727E+00
7.2600E+02	0.0000E+00	0.0000E+00	2.1632E+00
7.2700E+02	0.0000E+00	0.0000E+00	2.1568E+00
7.2800E+02	0.0000E+00	0.0000E+00	2.1566E+00
7.2900E+02	0.0000E+00	0.0000E+00	2.1624E+00
7.3000E+02	0.0000E+00	0.0000E+00	2.1628E+00
7.3100E+02	0.0000E+00	0.0000E+00	2.1564E+00
7.3200E+02	0.0000E+00	0.0000E+00	2.1556E+00
7.3300E+02	0.0000E+00	0.0000E+00	2.1596E+00
7.3400E+02	0.0000E+00	0.0000E+00	2.1528E+00
7.3500E+02	0.0000E+00	0.0000E+00	2.1530E+00
7.3600E+02	0.0000E+00	0.0000E+00	2.1445E+00
7.3700E+02	0.0000E+00	0.0000E+00	2.1444E+00
7.3800E+02	0.0000E+00	0.0000E+00	2.1408E+00
7.3900E+02	0.0000E+00	0.0000E+00	2.1411E+00
7.4000E+02	0.0000E+00	0.0000E+00	2.1385E+00
7.4100E+02	0.0000E+00	0.0000E+00	2.1350E+00
7.4200E+02	0.0000E+00	0.0000E+00	2.1329E+00
7.4300E+02	0.0000E+00	0.0000E+00	2.1249E+00
7.4400E+02	0.0000E+00	0.0000E+00	2.1227E+00
7.4500E+02	0.0000E+00	0.0000E+00	2.1227E+00
7.4600E+02	0.0000E+00	0.0000E+00	2.1221E+00
7.4700E+02	0.0000E+00	0.0000E+00	2.1103E+00
7.4800E+02	0.0000E+00	0.0000E+00	2.1123E+00
7.4900E+02	0.0000E+00	0.0000E+00	2.1148E+00
7.5000E+02	0.0000E+00	0.0000E+00	2.1122E+00
7.5100E+02	0.0000E+00	0.0000E+00	2.1224E+00
7.5200E+02	0.0000E+00	0.0000E+00	2.1182E+00
7.5300E+02	0.0000E+00	0.0000E+00	2.1182E+00
7.5400E+02	0.0000E+00	0.0000E+00	2.1174E+00
7.5500E+02	0.0000E+00	0.0000E+00	2.1182E+00
7.5600E+02	0.0000E+00	0.0000E+00	2.1179E+00
7.5700E+02	0.0000E+00	0.0000E+00	2.1203E+00
7.5800E+02	0.0000E+00	0.0000E+00	2.1218E+00
7.5900E+02	0.0000E+00	0.0000E+00	2.1293E+00
7.6000E+02	0.0000E+00	0.0000E+00	2.1274E+00
7.6100E+02	0.0000E+00	0.0000E+00	2.1298E+00
7.6200E+02	0.0000E+00	0.0000E+00	2.1294E+00
7.6300E+02	0.0000E+00	0.0000E+00	2.1252E+00
7.6400E+02	0.0000E+00	0.0000E+00	2.1220E+00
7.6500E+02	0.0000E+00	0.0000E+00	2.1154E+00
7.6600E+02	0.0000E+00	0.0000E+00	2.1052E+00
7.6700E+02	0.0000E+00	0.0000E+00	2.0984E+00
7.6800E+02	0.0000E+00	0.0000E+00	2.0999E+00
7.6900E+02	0.0000E+00	0.0000E+00	2.0882E+00
7.7000E+02	0.0000E+00	0.0000E+00	2.0865E+00
7.7100E+02	0.0000E+00	0.0000E+00	2.0816E+00
7.7200E+02	0.0000E+00	0.0000E+00	2.0767E+00
7.7300E+02	0.0000E+00	0.0000E+00	2.0770E+00
7.7400E+02	0.0000E+00	0.0000E+00	2.0752E+00
7.7500E+02	0.0000E+00	0.0000E+00	2.0738E+00
7.7600E+02	0.0000E+00	0.0000E+00	2.0723E+00
7.7700E+02	0.0000E+00	0.0000E+00	2.0687E+00
7.7800E+02	0.0000E+00	0.0000E+00	2.0717E+00
7.7900E+02	0.0000E+00	0.0000E+00	2.0730E+00
7.8000E+02	0.0000E+00	0.0000E+00	2.0765E+00
7.8100E+02	0.0000E+00	0.0000E+00	2.0762E+00
7.8200E+02	0.0000E+00	0.0000E+00	2.0765E+00
7.8300E+02	0.0000E+00	0.0000E+00	2.0745E+00
7.8400E+02	0.0000E+00	0.0000E+00	2.0754E+00
7.8500E+02	0.0000E+00	0.0000E+00	2.0653E+00
7.8600E+02	0.0000E+00	0.0000E+00	2.0663E+00
7.8700E+02	0.0000E+00	0.0000E+00	2.0664E+00
7.8800E+02	0.0000E+00	0.0000E+00	2.0602E+00
7.8900E+02	0.0000E+00	0.0000E+00	2.0582E+00
7.9000E+02	0.0000E+00	0.0000E+00	2.0534E+00
7.9100E+02	0.0000E+00	0.0000E+00	2.0584E+00
7.9200E+02	0.0000E+00	0.0000E+00	2.0612E+00
7.9300E+02	0.0000E+00	0.0000E+00	2.0505E+00
7.9400E+02	0.0000E+00	0.0000E+00	2.0451E+00
7.9500E+02	0.0000E+00	0.0000E+00	2.0456E+00
7.9600E+02	0.0000E+00	0.0000E+00	2.0407E+00
7.9700E+02	0.0000E+00	0.0000E+00	2.0376E+00
7.9800E+02	0.0000E+00	0.0000E+00	2.0427E+00
7.9900E+02	0.0000E+00	0.0000E+00	2.0408E+00
8.0000E+02	0.0000E+00	0.0000E+00	2.0378E+00
8.0100E+02	0.0000E+00	0.0000E+00	2.0345E+00
8.0200E+02	0.0000E+00	0.0000E+00	2.0349E+00
8.0300E+02	0.0000E+00	0.0000E+00	2.0356E+00
8.0400E+02	0.0000E+00	0.0000E+00	2.0334E+00
8.0500E+02	0.0000E+00	0.0000E+00	2.0310E+00
8.0600E+02	0.0000E+00	0.0000E+00	2.0300E+00
8.0700E+02	0.0000E+00	0.0000E+00	2.0244E+00
8.0800E+02	0.0000E+00	0.0000E+00	2.0258E+00
8.0900E+02	0.0000E+00	0.0000E+00	2.0291E+00
8.1000E+02	0.0000E+00	0.0000E+00	2.0271E+00
8.1100E+02	0.0000E+00	0.0000E+00	2.0283E+00
8.1200E+02	0.0000E+00	0.0000E+00	2.0299E+00
8.1300E+02	0.0000E+00	0.0000E+00	2.0235E+00
8.1400E+02	0.0000E+00	0.0000E+00	2.0227E+00
8.1500E+02	0.0000E+00	0.0000E+00	2.0249E+00
8.1600E+02	0.0000E+00	0.0000E+00	2.0222E+00
8.1700E+02	0.0000E+00	0.0000E+00	2.0270E+00
8.1800E+02	0.0000E+00	0.0000E+00	2.0250E+00
8.1900E+02	0.0000E+00	0.0000E+00	2.0236E+00
8.2000E+02	0.0000E+00	0.0000E+00	2.0212E+00
8.2100E+02	0.0000E+00	0.0000E+00	2.0130E+00
8.2200E+02	0.0000E+00	0.0000E+00	2.0133E+00
8.2300E+02	0.0000E+00	0.0000E+00	2.0139E+00
8.2400E+02	0.0000E+00	0.0000E+00	2.0131E+00
8.2500E+02	0.0000E+00	0.0000E+00	2.0123E+00
8.2600E+02	0.0000E+00	0.0000E+00	2.0142E+00
8.2700E+02	0.0000E+00	0.0000E+00	2.0112E+00
8.2800E+02	0.0000E+00	0.0000E+00	2.0069E+00
8.2900E+02	0.0000E+00	0.0000E+00	2.0102E+00
8.3000E+02	0.0000E+00	0.0000E+00	2.0029E+00
8.3100E+02	0.0000E+00	0.0000E+00	2.0039E+00
8.3200E+02	0.0000E+00	0.0000E+00	2.0103E+00
8.3300E+02	0.0000E+00	0.0000E+00	2.0144E+00
8.3400E+02	0.0000E+00	0.0000E+00	2.0205E+00
8.3500E+02	0.0000E+00	0.0000E+00	2.0223E+00
8.3600E+02	0.0000E+00	0.0000E+00	2.0314E+00
8.3700E+02	0.0000E+00	0.0000E+00	2.0253E+00
8.3800E+02	0.0000E+00	0.0000E+00	2.0219E+00
8.3900E+02	0.0000E+00	0.0000E+00	2.0172E+00
8.4000E+02	0.0000E+00	0.0000E+00	2.0146E+00
8.4100E+02	0.0000E+00	0.0000E+00	2.0087E+00
8.4200E+02	0.0000E+00	0.0000E+00	2.0063E+00
8.4300E+02	0.0000E+00	0.0000E+00	2.0027E+00
8.4400E+02	0.0000E+00	0.0000E+00	2.0010E+00
8.4500E+02	0.0000E+00	0.0000E+00	1.9961E+00
8.4600E+02	0.0000E+00	0.0000E+00	1.9919E+00
8.4700E+02	0.0000E+00	0.0000E+00	1.9913E+00
8.4800E+02	0.0000E+00	0.0000E+00	1.9913E+00
8.4900E+02	0.0000E+00	0.0000E+00	1.9940E+00
8.5000E+02	0.0000E+00	0.0000E+00	1.9970E+00
8.5100E+02	0.0000E+00	0.0000E+00	1.9949E+00
8.5200E+02	0.0000E+00	0.0000E+00	1.9946E+00
8.5300E+02	0.0000E+00	0.0000E+00	1.9970E+00
8.5400E+02	0.0000E+00	0.0000E+00	1.9948E+00
8.5500E+02	0.0000E+00	0.0000E+00	1.9913E+00
8.5600E+02	0.0000E+00	0.0000E+00	1.9928E+00
8.5700E+02	0.0000E+00	0.0000E+00	1.9977E+00
8.5800E+02	0.0000E+00	0.0000E+00	1.9987E+00
8.5900E+02	0.0000E+00	0.0000E+00	2.0028E+00
8.6000E+02	0.0000E+00	0.0000E+00	2.0126E+00
8.6100E+02	0.0000E+00	0.0000E+00	2.0145E+00
8.6200E+02	0.0000E+00	0.0000E+00	2.0198E+00
8.6300E+02	0.0000E+00	0.0000E+00	2.0156E+00
8.6400E+02	0.0000E+00	0.0000E+00	2.0218E+00
8.6500E+02	0.0000E+00	0.0000E+00	2.0194E+00
8.6600E+02	0.0000E+00	0.0000E+00	2.0161E+00
8.6700E+02	0.0000E+00	0.0000E+00	2.0114E+00
8.6800E+02	0.0000E+00	0.0000E+00	2.0120E+00
8.6900E+02	0.0000E+00	0.0000E+00	2.0118E+00
8.7000E+02	0.0000E+00	0.0000E+00	2.0054E+00
8.7100E+02	0.0000E+00	0.0000E+00	2.0011E+00
8.7200E+02	0.0000E+00	0.0000E+00	2.0056E+00
8.7300E+02	0.0000E+00	0.0000E+00	2.0007E+00
8.7400E+02	0.0000E+00	0.0000E+00	2.0038E+00
8.7500E+02	0.0000E+00	0.0000E+00	2.0050E+00
8.7600E+02	0.0000E+00	0.0000E+00	2.0033E+00
8.7700E+02	0.0000E+00	0.0000E+00	2.0014E+00
8.7800E+02	0.0000E+00	0.0000E+00	1.9966E+00
8.7900E+02	0.0000E+00	0.0000E+00	1.9997E+00
8.8000E+02	0.0000E+00	0.0000E+00	2.0031E+00
8.8100E+02	0.0000E+00	0.0000E+00	2.0081E+00
8.8200E+02	0.0000E+00	0.0000E+00	2.0173E+00
8.8300E+02	0.0000E+00	0.0000E+00	2.0249E+00
8.8400E+02	0.0000E+00	0.0000E+00	2.0343E+00
8.8500E+02	0.0000E+00	0.0000E+00	2.0406E+00
8.8600E+02	0.0000E+00	0.0000E+00	2.0459E+00
8.8700E+02	0.0000E+00	0.0000E+00	2.0562E+00
8.8800E+02	0.0000E+00	0.0000E+00	2.0513E+00
8.8900E+02	0.0000E+00	0.0000E+00	2.0629E+00
8.9000E+02	0.0000E+00	0.0000E+00	2.0589E+00
8.9100E+02	0.0000E+00	0.0000E+00	2.0516E+00
8.9200E+02	0.0000E+00	0.0000E+00	2.0465E+00
8.9300E+02	0.0000E+00	0.0000E+00	2.0491E+00
8.9400E+02	0.0000E+00	0.0000E+00	2.0419E+00
8.9500E+02	0.0000E+00	0.0000E+00	2.0342E+00
8.9600E+02	0.0000E+00	0.0000E+00	2.0407E+00
8.9700E+02	0.0000E+00	0.0000E+00	2.0361E+00
8.9800E+02	0.0000E+00	0.0000E+00	2.0384E+00
8.9900E+02	0.0000E+00	0.0000E+00	2.0401E+00
9.0000E+02	0.0000E+00	0.0000E+00	1.9714E+00
9.0100E+02	0.0000E+00	0.0000E+00	1.9717E+00
9.0200E+02	0.0000E+00	0.0000E+00	1.9715E+00
9.0300E+02	0.0000E+00	0.0000E+00	1.9731E+00
9.0400E+02	0.0000E+00	0.0000E+00	1.9767E+00
9.0500E+02	0.0000E+00	0.0000E+00	1.9860E+00
9.0600E+02	0.0000E+00	0.0000E+00	1.9898E+00
9.0700E+02	0.0000E+00	0.0000E+00	1.9899E+00
9.0800E+02	0.0000E+00	0.0000E+00	2.0005E+00
9.0900E+02	0.0000E+00	0.0000E+00	2.0042E+00
9.1000E+02	0.0000E+00	0.0000E+00	2.0044E+00
9.1100E+02	0.0000E+00	0.0000E+00	2.0054E+00
9.1200E+02	0.0000E+00	0.0000E+00	2.0051E+00
9.1300E+02	0.0000E+00	0.0000E+00	2.0037E+00
9.1400E+02	0.0000E+00	0.0000E+00	2.0047E+00
9.1500E+02	0.0000E+00	0.0000E+00	2.0023E+00
9.1600E+02	0.0000E+00	0.0000E+00	2.0033E+00
9.1700E+02	0.0000E+00	0.0000E+00	1.9978E+00
9.1800E+02	0.0000E+00	0.0000E+00	1.9949E+00
9.1900E+02	0.0000E+00	0.0000E+00	1.9918E+00
9.2000E+02	0.0000E+00	0.0000E+00	1.9917E+00
9.2100E+02	0.0000E+00	0.0000E+00	1.9964E+00
9.2200E+02	0.0000E+00	0.0000E+00	1.9939E+00
9.2300E+02	0.0000E+00	0.0000E+00	1.9901E+00
9.2400E+02	0.0000E+00	0.0000E+00	1.9872E+00
9.2500E+02	0.0000E+00	0.0000E+00	1.9848E+00
9.2600E+02	0.0000E+00	0.0000E+00	1.9855E+00
9.2700E+02	0.0000E+00	0.0000E+00	1.9845E+00
9.2800E+02	0.0000E+00	0.0000E+00	1.9787E+00
9.2900E+02	0.0000E+00	0.0000E+00	1.9826E+00
9.3000E+02	0.0000E+00	0.0000E+00	1.9833E+00
9.3100E+02	0.0000E+00	0.0000E+00	1.9885E+00
9.3200E+02	0.0000E+00	0.0000E+00	1.9890E+00
9.3300E+02	0.0000E+00	0.0000E+00	1.9910E+00
9.3400E+02	0.0000E+00	0.0000E+00	1.9905E+00
9.3500E+02	0.0000E+00	0.0000E+00	1.9926E+00
9.3600E+02	0.0000E+00	0.0000E+00	1.9914E+00
9.3700E+02	0.0000E+00	0.0000E+00	1.9943E+00
9.3800E+02	0.0000E+00	0.0000E+00	1.9977E+00
9.3900E+02	0.0000E+00	0.0000E+00	1.9940E+00
9.4000E+02	0.0000E+00	0.0000E+00	1.9928E+00
9.4100E+02	0.0000E+00	0.0000E+00	1.9920E+00
9.4200E+02	0.0000E+00	0.0000E+00	1.9801E+00
9.4300E+02	0.0000E+00	0.0000E+00	1.9795E+00
9.4400E+02	0.0000E+00	0.0000E+00	1.9787E+00
9.4500E+02	0.0000E+00	0.0000E+00	1.9790E+00
9.4600E+02	0.0000E+00	0.0000E+00	1.9791E+00
9.4700E+02	0.0000E+00	0.0000E+00	1.9796E+00
9.4800E+02	0.0000E+00	0.0000E+00	1.9774E+00
9.4900E+02	0.0000E+00	0.0000E+00	1.9792E+00
9.5000E+02	0.0000E+00	0.0000E+00	1.9790E+00
9.5100E+02	0.0000E+00	0.0000E+00	1.9788E+00
9.5200E+02	0.0000E+00	0.0000E+00	1.9740E+00
9.5300E+02	0.0000E+00	0.0000E+00	1.9723E+00
9.5400E+02	0.0000E+00	0.0000E+00	1.9724E+00
9.5500E+02	0.0000E+00	0.0000E+00	1.9744E+00
9.5600E+02	0.0000E+00	0.0000E+00	1.9753E+00
9.5700E+02	0.0000E+00	0.0000E+00	1.9783E+00
9.5800E+02	0.0000E+00	0.0000E+00	1.9746E+00
9.5900E+02	0.0000E+00	0.0000E+00	1.9788E+00
9.6000E+02	0.0000E+00	0.0000E+00	1.9771E+00
9.6100E+02	0.0000E+00	0.0000E+00	1.9819E+00
9.6200E+02	0.0000E+00	0.0000E+00	1.9821E+00
9.6300E+02	0.0000E+00	0.0000E+00	1.9804E+00
9.6400E+02	0.0000E+00	0.0000E+00	1.9779E+00
9.6500E+02	0.0000E+00	0.0000E+00	1.9789E+00
9.6600E+02	0.0000E+00	0.0000E+00	1.9743E+00
9.6700E+02	0.0000E+00	0.0000E+00	1.9770E+00
9.6800E+02	0.0000E+00	0.0000E+00	1.9745E+00
9.6900E+02	0.0000E+00	0.0000E+00	1.9752E+00
9.7000E+02	0.0000E+00	0.0000E+00	1.9725E+00
9.7100E+02	0.0000E+00	0.0000E+00	1.9766E+00
9.7200E+02	0.0000E+00	0.0000E+00	1.9749E+00
9.7300E+02	0.0000E+00	0.0000E+00	1.9747E+00
9.7400E+02	0.0000E+00	0.0000E+00	1.9738E+00
9.7500E+02	0.0000E+00	0.0000E+00	1.9734E+00
9.7600E+02	0.0000E+00	0.0000E+00	1.9709E+00
9.7700E+02	0.0000E+00	0.0000E+00	1.9726E+00
9.7800E+02	0.0000E+00	0.0000E+00	1.9747E+00
9.7900E+02	0.0000E+00	0.0000E+00	1.9813E+00
9.8000E+02	0.0000E+00	0.0000E+00	1.9853E+00
9.8100E+02	0.0000E+00	0.0000E+00	1.9909E+00
9.8200E+02	0.0000E+00	0.0000E+00	1.9971E+00
9.8300E+02	0.0000E+00	0.0000E+00	1.9960E+00
9.8400E+02	0.0000E+00	0.0000E+00	1.9966E+00
9.8500E+02	0.0000E+00	0.0000E+00	1.9871E+00
9.8600E+02	0.0000E+00	0.0000E+00	1.9841E+00
9.8700E+02	0.0000E+00	0.0000E+00	1.9858E+00
9.8800E+02	0.0000E+00	0.0000E+00	1.9815E+00
9.8900E+02	0.0000E+00	0.0000E+00	1.9852E+00
9.9000E+02	0.0000E+00	0.0000E+00	1.9779E+00
9.9100E+02	0.0000E+00	0.0000E+00	1.9730E+00
9.9200E+02	0.0000E+00	0.0000E+00	1.9719E+00
9.9300E+02	0.0000E+00	0.0000E+00	1.9731E+00
9.9400E+02	0.0000E+00	0.0000E+00	1.9721E+00
9.9500E+02	0.0000E+00	0.0000E+00	1.9728E+00
9.9600E+02	0.0000E+00	0.0000E+00	1.9703E+00
9.9700E+02	0.0000E+00	0.0000E+00	1.9684E+00
9.9800E+02	0.0000E+00	0.0000E+00	1.9659E+00
9.9900E+02	0.0000E+00	0.0000E+00	1.9718E+00
1.0000E+03	0.0000E+00	0.0000E+00	1.9715E+00
1.0010E+03	0.0000E+00	0.0000E+00	1.9794E+00
1.0020E+03	0.0000E+00	0.0000E+00	1.9878E+00
1.0030E+03	0.0000E+00	0.0000E+00	2.0017E+00
1.0040E+03	0.0000E+00	0.0000E+00	2.0185E+00
1.0050E+03	0.0000E+00	0.0000E+00	2.0306E+00
1.0060E+03	0.0000E+00	0.0000E+00	2.0366E+00
1.0070E+03	0.0000E+00	0.0000E+00	2.0418E+00
1.0080E+03	0.0000E+00	0.0000E+00	2.0453E+00
1.0090E+03	0.0000E+00	0.0000E+00	2.0435E+00
1.0100E+03	0.0000E+00	0.0000E+00	2.0422E+00
1.0110E+03	0.0000E+00	0.0000E+00	2.0373E+00
1.0120E+03	0.0000E+00	0.0000E+00	2.0330E+00
1.0130E+03	0.0000E+00	0.0000E+00	2.0322E+00
1.0140E+03	0.0000E+00	0.0000E+00	2.0285E+00
1.0150E+03	0.0000E+00	0.0000E+00	2.0302E+00
1.0160E+03	0.0000E+00	0.0000E+00	2.0255E+00
1.0170E+03	0.0000E+00	0.0000E+00	2.0208E+00
1.0180E+03	0.0000E+00	0.0000E+00	2.0242E+00
1.0190E+03	0.0000E+00	0.0000E+00	2.0238E+00
1.0200E+03	0.0000E+00	0.0000E+00	2.0239E+00
1.0210E+03	0.0000E+00	0.0000E+00	2.0232E+00
1.0220E+03	0.0000E+00	0.0000E+00	2.0247E+00
1.0230E+03	0.0000E+00	0.0000E+00	2.0218E+00
1.0240E+03	0.0000E+00	0.0000E+00	2.0257E+00
1.0250E+03	0.0000E+00	0.0000E+00	2.0358E+00
1.0260E+03	0.0000E+00	0.0000E+00	2.0426E+00
1.0270E+03	0.0000E+00	0.0000E+00	2.0504E+00
1.0280E+03	0.0000E+00	0.0000E+00	2.0640E+00
1.0290E+03	0.0000E+00	0.0000E+00	2.0738E+00
1.0300E+03	0.0000E+00	0.0000E+00	2.0744E+00
1.0310E+03	0.0000E+00	0.0000E+00	2.0820E+00
1.0320E+03	0.0000E+00	0.0000E+00	2.0855E+00
1.0330E+03	0.0000E+00	0.0000E+00	2.0799E+00
1.0340E+03	0.0000E+00	0.0000E+00	2.0803E+00
1.0350E+03	0.0000E+00	0.0000E+00	2.0756E+00
1.0360E+03	0.0000E+00	0.0000E+00	2.0725E+00
1.0370E+03	0.0000E+00	0.0000E+00	2.0673E+00
1.0380E+03	0.0000E+00	0.0000E+00	2.0705E+00
1.0390E+03	0.0000E+00	0.0000E+00	2.0637E+00
1.0400E+03	0.0000E+00	0.0000E+00	2.0693E+00
1.0410E+03	0.0000E+00	0.0000E+00	2.0639E+00
1.0420E+03	0.0000E+00	0.0000E+00	2.0618E+00
1.0430E+03	0.0000E+00	0.0000E+00	2.0599E+00
1.0440E+03	0.0000E+00	0.0000E+00	2.0561E+00
1.0450E+03	0.0000E+00	0.0000E+00	2.0519E+00
1.0460E+03	0.0000E+00	0.0000E+00	2.0602E+00
1.0470E+03	0.0000E+00	0.0000E+00	2.0630E+00
1.0480E+03	0.0000E+00	0.0000E+00	2.0694E+00
1.0490E+03	0.0000E+00	0.0000E+00	2.0779E+00
1.0500E+03	0.0000E+00	0.0000E+00	2.0929E+00
1.0510E+03	0.0000E+00	0.0000E+00	2.1161E+00
1.0520E+03	0.0000E+00	0.0000E+00	2.1453E+00
1.0530E+03	0.0000E+00	0.0000E+00	2.1701E+00
1.0540E+03	0.0000E+00	0.0000E+00	2.1814E+00
1.0550E+03	0.0000E+00	0.0000E+00	2.1863E+00
1.0560E+03	0.0000E+00	0.0000E+00	2.1931E+00
1.0570E+03	0.0000E+00	0.0000E+00	2.1868E+00
1.0580E+03	0.0000E+00	0.0000E+00	2.1894E+00
1.0590E+03	0.0000E+00	0.0000E+00	2.1880E+00
1.0600E+03	0.0000E+00	0.0000E+00	2.1825E+00
1.0610E+03	0.0000E+00	0.0000E+00	2.1831E+00
1.0620E+03	0.0000E+00	0.0000E+00	2.1824E+00
1.0630E+03	0.0000E+00	0.0000E+00	2.1732E+00
1.0640E+03	0.0000E+00	0.0000E+00	2.1685E+00
1.0650E+03	0.0000E+00	0.0000E+00	2.1678E+00
1.0660E+03	0.0000E+00	0.0000E+00	2.1657E+00
1.0670E+03	0.0000E+00	0.0000E+00	2.1610E+00
1.0680E+03	0.0000E+00	0.0000E+00	2.1588E+00
1.0690E+03	0.0000E+00	0.0000E+00	2.1632E+00
1.0700E+03	0.0000E+00	0.0000E+00	2.1590E+00
1.0710E+03	0.0000E+00	0.0000E+00	2.1645E+00
1.0720E+03	0.0000E+00	0.0000E+00	2.1649E+00
1.0730E+03	0.0000E+00	0.0000E+00	2.1824E+00
1.0740E+03	0.0000E+00	0.0000E+00	2.1884E+00
1.0750E+03	0.0000E+00	0.0000E+00	2.1990E+00
1.0760E+03	0.0000E+00	0.0000E+00	2.2138E+00
1.0770E+03	0.0000E+00	0.0000E+00	2.2246E+00
1.0780E+03	0.0000E+00	0.0000E+00	2.2325E+00
1.0790E+03	0.0000E+00	0.0000E+00	2.2370E+00
1.0800E+03	0.0000E+00	0.0000E+00	2.2404E+00
1.0810E+03	0.0000E+00	0.0000E+00	2.2372E+00
1.0820E+03	0.0000E+00	0.0000E+00	2.2353E+00
1.0830E+03	0.0000E+00	0.0000E+00	2.2283E+00
1.0840E+03	0.0000E+00	0.0000E+00	2.2350E+00
1.0850E+03	0.0000E+00	0.0000E+00	2.2255E+00
1.0860E+03	0.0000E+00	0.0000E+00	2.2299E+00
1.0870E+03	0.0000E+00	0.0000E+00	2.2246E+00
1.0880E+03	0.0000E+00	0.0000E+00	2.2234E+00
1.0890E+03	0.0000E+00	0.0000E+00	2.2168E+00
1.0900E+03	0.0000E+00	0.0000E+00	2.2086E+00
1.0910E+03	0.0000E+00	0.0000E+00	2.2079E+00
1.0920E+03	0.0000E+00	0.0000E+00	2.2069E+00
1.0930E+03	0.0000E+00	0.0000E+00	2.2062E+00
1.0940E+03	0.0000E+00	0.0000E+00	2.2026E+00
1.0950E+03	0.0000E+00	0.0000E+00	2.2102E+00
1.0960E+03	0.0000E+00	0.0000E+00	2.2094E+00
1.0970E+03	0.0000E+00	0.0000E+00	2.2131E+00
1.0980E+03	0.0000E+00	0.0000E+00	2.2244E+00
1.0990E+03	0.0000E+00	0.0000E+00	2.2332E+00
1.1000E+03	0.0000E+00	0.0000E+00	2.2400E+00
1.1010E+03	0.0000E+00	0.0000E+00	2.2550E+00
1.1020E+03	0.0000E+00	0.0000E+00	2.2538E+00
1.1030E+03	0.0000E+00	0.0000E+00	2.2570E+00
1.1040E+03	0.0000E+00	0.0000E+00	2.2701E+00
1.1050E+03	0.0000E+00	0.0000E+00	2.2681E+00
1.1060E+03	0.0000E+00	0.0000E+00	2.2623E+00
1.1070E+03	0.0000E+00	0.0000E+00	2.2506E+00
1.1080E+03	0.0000E+00	0.0000E+00	2.2527E+00
1.1090E+03	0.0000E+00	0.0000E+00	2.2505E+00
1.1100E+03	0.0000E+00	0.0000E+00	2.2398E+00
1.1110E+03	0.0000E+00	0.0000E+00	2.2387E+00
1.1120E+03	0.0000E+00	0.0000E+00	2.2397E+00
1.1130E+03	0.0000E+00	0.0000E+00	2.2368E+00
1.1140E+03	0.0000E+00	0.0000E+00	2.2355E+00
1.1150E+03	0.0000E+00	0.0000E+00	2.2311E+00
1.1160E+03	0.0000E+00	0.0000E+00	2.2287E+00
1.1170E+03	0.0000E+00	0.0000E+00	2.2258E+00
1.1180E+03	0.0000E+00	0.0000E+00	2.2302E+00
1.1190E+03	0.0000E+00	0.0000E+00	2.2235E+00
1.1200E+03	0.0000E+00	0.0000E+00	2.2322E+00
1.1210E+03	0.0000E+00	0.0000E+00	2.2303E+00
1.1220E+03	0.0000E+00	0.0000E+00	2.2345E+00
1.1230E+03	0.0000E+00	0.0000E+00	2.2524E+00
1.1240E+03	0.0000E+00	0.0000E+00	2.2749E+00
1.1250E+03	0.0000E+00	0.0000E+00	2.2873E+00
1.1260E+03	0.0000E+00	0.0000E+00	2.3063E+00
1.1270E+03	0.0000E+00	0.0000E+00	2.2927E+00
1.1280E+03	0.0000E+00	0.0000E+00	2.3034E+00
1.1290E+03	0.0000E+00	0.0000E+00	2.2957E+00
1.1300E+03	0.0000E+00	0.0000E+00	2.3035E+00
1.1310E+03	0.0000E+00	0.0000E+00	2.2958E+00
1.1320E+03	0.0000E+00	0.0000E+00	2.2916E+00
1.1330E+03	0.0000E+00	0.0000E+00	2.2979E+00
1.1340E+03	0.0000E+00	0.0000E+00	2.2885E+00
1.1350E+03	0.0000E+00	0.0000E+00	2.2931E+00
1.1360E+03	0.0000E+00	0.0000E+00	2.2858E+00
1.1370E+03	0.0000E+00	0.0000E+00	2.2704E+00
1.1380E+03	0.0000E+00	0.0000E+00	2.2754E+00
1.1390E+03	0.0000E+00	0.0000E+00	2.2679E+00
1.1400E+03	0.0000E+00	0.0000E+00	2.2669E+00
1.1410E+03	0.0000E+00	0.0000E+00	2.2630E+00
1.1420E+03	0.0000E+00	0.0000E+00	2.2583E+00
1.1430E+03	0.0000E+00	0.0000E+00	2.2595E+00
1.1440E+03	0.0000E+00	0.0000E+00	2.2610E+00
1.1450E+03	0.0000E+00	0.0000E+00	2.2729E+00
1.1460E+03	0.0000E+00	0.0000E+00	2.2883E+00
1.1470E+03	0.0000E+00	0.0000E+00	2.3399E+00
1.1480E+03	0.0000E+00	0.0000E+00	2.3426E+00
1.1490E+03	0.0000E+00	0.0000E+00	2.3718E+00
1.1500E+03	0.0000E+00	0.0000E+00	2.3717E+00
1.1510E+03	0.0000E+00	0.0000E+00	2.3935E+00
1.1520E+03	0.0000E+00	0.0000E+00	2.3956E+00
1.1530E+03	0.0000E+00	0.0000E+00	2.4154E+00
1.1540E+03	0.0000E+00	0.0000E+00	2.4025E+00
1.1550E+03	0.0000E+00	0.0000E+00	2.4099E+00
1.1560E+03	0.0000E+00	0.0000E+00	2.4159E+00
1.1570E+03	0.0000E+00	0.0000E+00	2.4266E+00
1.1580E+03	0.0000E+00	0.0000E+00	2.4168E+00
1.1590E+03	0.0000E+00	0.0000E+00	2.4047E+00
1.1600E+03	0.0000E+00	0.0000E+00	2.4172E+00
1.1610E+03	0.0000E+00	0.0000E+00	2.3975E+00
1.1620E+03	0.0000E+00	0.0000E+00	2.4012E+00
1.1630E+03	0.0000E+00	0.0000E+00	2.3860E+00
1.1640E+03	0.0000E+00	0.0000E+00	2.3746E+00
1.1650E+03	0.0000E+00	0.0000E+00	2.3833E+00
1.1660E+03	0.0000E+00	0.0000E+00	2.3621E+00
1.1670E+03	0.0000E+00	0.0000E+00	2.3664E+00
1.1680E+03	0.0000E+00	0.0000E+00	2.3810E+00
1.1690E+03	0.0000E+00	0.0000E+00	2.3713E+00
1.1700E+03	0.0000E+00	0.0000E+00	2.3907E+00
1.1710E+03	0.0000E+00	0.0000E+00	2.3894E+00
1.1720E+03	0.0000E+00	0.0000E+00	2.4118E+00
1.1730E+03	0.0000E+00	0.0000E+00	2.4339E+00
1.1740E+03	0.0000E+00	0.0000E+00	2.4456E+00
1.1750E+03	0.0000E+00	0.0000E+00	2.4523E+00
1.1760E+03	0.0000E+00	0.0000E+00	2.4710E+00
1.1770E+03	0.0000E+00	0.0000E+00	2.4712E+00
1.1780E+03	0.0000E+00	0.0000E+00	2.4858E+00
1.1790E+03	0.0000E+00	0.0000E+00	2.4917E+00
1.1800E+03	0.0000E+00	0.0000E+00	2.4957E+00
1.1810E+03	0.0000E+00	0.0000E+00	2.4792E+00
1.1820E+03	0.0000E+00	0.0000E+00	2.4697E+00
1.1830E+03	0.0000E+00	0.0000E+00	2.4801E+00
1.1840E+03	0.0000E+00	0.0000E+00	2.4779E+00
1.1850E+03	0.0000E+00	0.0000E+00	2.4736E+00
1.1860E+03	0.0000E+00	0.0000E+00	2.4615E+00
1.1870E+03	0.0000E+00	0.0000E+00	2.4712E+00
1.1880E+03	0.0000E+00	0.0000E+00	2.4535E+00
1.1890E+03	0.0000E+00	0.0000E+00	2.4513E+00
1.1900E+03	0.0000E+00	0.0000E+00	2.4472E+00
1.1910E+03	0.0000E+00	0.0000E+00	2.4387E+00
1.1920E+03	0.0000E+00	0.0000E+00	2.4288E+00
1.1930E+03	0.0000E+00	0.0000E+00	2.4407E+00
1.1940E+03	0.0000E+00	0.0000E+00	2.4343E+00
1.1950E+03	0.0000E+00	0.0000E+00	2.4388E+00
1.1960E+03	0.0000E+00	0.0000E+00	2.4493E+00
1.1970E+03	0.0000E+00	0.0000E+00	2.4637E+00
1.1980E+03	0.0000E+00	0.0000E+00	2.4555E+00
1.1990E+03	0.0000E+00	0.0000E+00	2.4759E+00
1.2000E+03	0.0000E+00	0.0000E+00	2.4798E+00
1.2010E+03	0.0000E+00	0.0000E+00	2.4683E+00
1.2020E+03	0.0000E+00	0.0000E+00	2.4737E+00
1.2030E+03	0.0000E+00	0.0000E+00	2.4864E+00
1.2040E+03	0.0000E+00	0.0000E+00	2.4967E+00
1.2050E+03	0.0000E+00	0.0000E+00	2.4811E+00
1.2060E+03	0.0000E+00	0.0000E+00	2.4961E+00
1.2070E+03	0.0000E+00	0.0000E+00	2.4744E+00
1.2080E+03	0.0000E+00	0.0000E+00	2.4878E+00
1.2090E+03	0.0000E+00	0.0000E+00	2.4859E+00
1.2100E+03	0.0000E+00	0.0000E+00	2.4573E+00
1.2110E+03	0.0000E+00	0.0000E+00	2.4646E+00
1.2120E+03	0.0000E+00	0.0000E+00	2.4642E+00
1.2130E+03	0.0000E+00	0.0000E+00	2.4452E+00
1.2140E+03	0.0000E+00	0.0000E+00	2.4473E+00
1.2150E+03	0.0000E+00	0.0000E+00	2.4342E+00
1.2160E+03	0.0000E+00	0.0000E+00	2.4438E+00
1.2170E+03	0.0000E+00	0.0000E+00	2.4454E+00
1.2180E+03	0.0000E+00	0.0000E+00	2.4427E+00
1.2190E+03	0.0000E+00	0.0000E+00	2.4653E+00
1.2200E+03	0.0000E+00	0.0000E+00	2.4651E+00
1.2210E+03	0.0000E+00	0.0000E+00	2.4823E+00
1.2220E+03	0.0000E+00	0.0000E+00	2.4973E+00
1.2230E+03	0.0000E+00	0.0000E+00	2.5081E+00
1.2240E+03	0.0000E+00	0.0000E+00	2.5222E+00
1.2250E+03	0.0000E+00	0.0000E+00	2.5149E+00
1.2260E+03	0.0000E+00	0.0000E+00	2.5394E+00
1.2270E+03	0.0000E+00	0.0000E+00	2.5411E+00
1.2280E+03	0.0000E+00	0.0000E+00	2.5392E+00
1.2290E+03	0.0000E+00	0.0000E+00	2.5427E+00
1.2300E+03	0.0000E+00	0.0000E+00	2.5328E+00
1.2310E+03	0.0000E+00	0.0000E+00	2.5308E+00
1.2320E+03	0.0000E+00	0.0000E+00	2.5261E+00
1.2330E+03	0.0000E+00	0.0000E+00	2.5207E+00
1.2340E+03	0.0000E+00	0.0000E+00	2.5092E+00
1.2350E+03	0.0000E+00	0.0000E+00	2.5114E+00
1.2360E+03	0.0000E+00	0.0000E+00	2.4811E+00
1.2370E+03	0.0000E+00	0.0000E+00	2.5032E+00
1.2380E+03	0.0000E+00	0.0000E+00	2.4881E+00
1.2390E+03	0.0000E+00	0.0000E+00	2.4672E+00
1.2400E+03	0.0000E+00	0.0000E+00	2.4798E+00
1.2410E+03	0.0000E+00	0.0000E+00	2.4694E+00
1.2420E+03	0.0000E+00	0.0000E+00	2.4598E+00
1.2430E+03	0.0000E+00	0.0000E+00	2.4854E+00
1.2440E+03	0.0000E+00	0.0000E+00	2.4645E+00
1.2450E+03	0.0000E+00	0.0000E+00	2.4785E+00
1.2460E+03	0.0000E+00	0.0000E+00	2.4770E+00
1.2470E+03	0.0000E+00	0.0000E+00	2.4911E+00
1.2480E+03	0.0000E+00	0.0000E+00	2.4981E+00
1.2490E+03	0.0000E+00	0.0000E+00	2.4922E+00
1.2500E+03	0.0000E+00	0.0000E+00	2.4949E+00
1.2510E+03	0.0000E+00	0.0000E+00	2.4806E+00
1.2520E+03	0.0000E+00	0.0000E+00	2.4933E+00
1.2530E+03	0.0000E+00	0.0000E+00	2.4886E+00
1.2540E+03	0.0000E+00	0.0000E+00	2.4958E+00
1.2550E+03	0.0000E+00	0.0000E+00	2.4864E+00
1.2560E+03	0.0000E+00	0.0000E+00	2.4851E+00
1.2570E+03	0.0000E+00	0.0000E+00	2.4642E+00
1.2580E+03	0.0000E+00	0.0000E+00	2.4816E+00
1.2590E+03	0.0000E+00	0.0000E+00	2.4620E+00
1.2600E+03	0.0000E+00	0.0000E+00	2.4580E+00
1.2610E+03	0.0000E+00	0.0000E+00	2.4552E+00
1.2620E+03	0.0000E+00	0.0000E+00	2.4514E+00
1.2630E+03	0.0000E+00	0.0000E+00	2.4273E+00
1.2640E+03	0.0000E+00	0.0000E+00	2.4252E+00
1.2650E+03	0.0000E+00	0.0000E+00	2.4363E+00
1.2660E+03	0.0000E+00	0.0000E+00	2.4315E+00
1.2670E+03	0.0000E+00	0.0000E+00	2.4356E+00
1.2680E+03	0.0000E+00	0.0000E+00	2.4378E+00
1.2690E+03	0.0000E+00	0.0000E+00	2.4503E+00
1.2700E+03	0.0000E+00	0.0000E+00	2.4589E+00
1.2710E+03	0.0000E+00	0.0000E+00	2.4496E+00
1.2720E+03	0.0000E+00	0.0000E+00	2.4747E+00
1.2730E+03	0.0000E+00	0.0000E+00	2.4808E+00
1.2740E+03	0.0000E+00	0.0000E+00	2.4670E+00
1.2750E+03	0.0000E+00	0.0000E+00	2.4798E+00
1.2760E+03	0.0000E+00	0.0000E+00	2.4728E+00
1.2770E+03	0.0000E+00	0.0000E+00	2.4804E+00
1.2780E+03	0.0000E+00	0.0000E+00	2.4740E+00
1.2790E+03	0.0000E+00	0.0000E+00	2.4723E+00
1.2800E+03	0.0000E+00	0.0000E+00	2.4612E+00
1.2810E+03	0.0000E+00	0.0000E+00	2.4572E+00
1.2820E+03	0.0000E+00	0.0000E+00	2.4577E+00
1.2830E+03	0.0000E+00	0.0000E+00	2.4253E+00
1.2840E+03	0.0000E+00	0.0000E+00	2.4406E+00
1.2850E+03	0.0000E+00	0.0000E+00	2.4405E+00
1.2860E+03	0.0000E+00	0.0000E+00	2.4278E+00
1.2870E+03	0.0000E+00	0.0000E+00	2.4141E+00
1.2880E+03	0.0000E+00	0.0000E+00	2.4123E+00
1.2890E+03	0.0000E+00	0.0000E+00	2.3961E+00
1.2900E+03	0.0000E+00	0.0000E+00	2.4037E+00
1.2910E+03	0.0000E+00	0.0000E+00	2.4098E+00
1.2920E+03	0.0000E+00	0.0000E+00	2.4225E+00
1.2930E+03	0.0000E+00	0.0000E+00	2.4321E+00
1.2940E+03	0.0000E+00	0.0000E+00	2.4310E+00
1.2950E+03	0.0000E+00	0.0000E+00	2.4377E+00
1.2960E+03	0.0000E+00	0.0000E+00	2.4477E+00
1.2970E+03	0.0000E+00	0.0000E+00	2.4431E+00
1.2980E+03	0.0000E+00	0.0000E+00	2.4668E+00
1.2990E+03	0.0000E+00	0.0000E+00	2.4589E+00
1.3000E+03	0.0000E+00	0.0000E+00	2.4663E+00
1.3010E+03	0.0000E+00	0.0000E+00	2.4658E+00
1.3020E+03	0.0000E+00	0.0000E+00	2.4640E+00
1.3030E+03	0.0000E+00	0.0000E+00	2.4515E+00
1.3040E+03	0.0000E+00	0.0000E+00	2.4483E+00
1.3050E+03	0.0000E+00	0.0000E+00	2.4334E+00
1.3060E+03	0.0000E+00	0.0000E+00	2.4320E+00
1.3070E+03	0.0000E+00	0.0000E+00	2.4403E+00
1.3080E+03	0.0000E+00	0.0000E+00	2.4213E+00
1.3090E+03	0.0000E+00	0.0000E+00	2.4257E+00
1.3100E+03	0.0000E+00	0.0000E+00	2.4145E+00
1.3110E+03	0.0000E+00	0.0000E+00	2.4182E+00
1.3120E+03	0.0000E+00	0.0000E+00	2.3975E+00
1.3130E+03	0.0000E+00	0.0000E+00	2.3956E+00
1.3140E+03	0.0000E+00	0.0000E+00	2.3990E+00
1.3150E+03	0.0000E+00	0.0000E+00	2.4069E+00
1.3160E+03	0.0000E+00	0.0000E+00	2.4219E+00
1.3170E+03	0.0000E+00	0.0000E+00	2.4362E+00
1.3180E+03	0.0000E+00	0.0000E+00	2.4578E+00
1.3190E+03	0.0000E+00	0.0000E+00	2.4631E+00
1.3200E+03	0.0000E+00	0.0000E+00	2.4672E+00
1.3210E+03	0.0000E+00	0.0000E+00	2.4796E+00
1.3220E+03	0.0000E+00	0.0000E+00	2.5025E+00
1.3230E+03	0.0000E+00	0.0000E+00	2.4977E+00
1.3240E+03	0.0000E+00	0.0000E+00	2.5094E+00
1.3250E+03	0.0000E+00	0.0000E+00	2.5164E+00
1.3260E+03	0.0000E+00	0.0000E+00	2.4967E+00
1.3270E+03	0.0000E+00	0.0000E+00	2.5060E+00
1.3280E+03	0.0000E+00	0.0000E+00	2.5157E+00
1.3290E+03	0.0000E+00	0.0000E+00	2.5032E+00
1.3300E+03	0.0000E+00	0.0000E+00	2.5035E+00
1.3310E+03	0.0000E+00	0.0000E+00	2.4940E+00
1.3320E+03	0.0000E+00	0.0000E+00	2.4932E+00
1.3330E+03	0.0000E+00	0.0000E+00	2.4713E+00
1.3340E+03	0.0000E+00	0.0000E+00	2.4686E+00
1.3350E+03	0.0000E+00	0.0000E+00	2.4694E+00
1.3360E+03	0.0000E+00	0.0000E+00	2.4524E+00
1.3370E+03	0.0000E+00	0.0000E+00	2.4564E+00
1.3380E+03	0.0000E+00	0.0000E+00	2.4444E+00
1.3390E+03	0.0000E+00	0.0000E+00	2.4663E+00
1.3400E+03	0.0000E+00	0.0000E+00	2.4710E+00
1.3410E+03	0.0000E+00	0.0000E+00	2.4681E+00
1.3420E+03	0.0000E+00	0.0000E+00	2.4907E+00
1.3430E+03	0.0000E+00	0.0000E+00	2.4977E+00
1.3440E+03	0.0000E+00	0.0000E+00	2.5096E+00
1.3450E+03	0.0000E+00	0.0000E+00	2.5345E+00
1.3460E+03	0.0000E+00	0.0000E+00	2.5401E+00
1.3470E+03	0.0000E+00	0.0000E+00	2.5457E+00
1.3480E+03	0.0000E+00	0.0000E+00	2.5454E+00
1.3490E+03	0.0000E+00	0.0000E+00	2.5575E+00
1.3500E+03	0.0000E+00	0.0000E+00	2.5683E+00
1.3510E+03	0.0000E+00	0.0000E+00	2.5680E+00
1.3520E+03	0.0000E+00	0.0000E+00	2.5548E+00
1.3530E+03	0.0000E+00	0.0000E+00	2.5463E+00
1.3540E+03	0.0000E+00	0.0000E+00	2.5564E+00
1.3550E+03	0.0000E+00	0.0000E+00	2.5556E+00
1.3560E+03	0.0000E+00	0.0000E+00	2.5489E+00
1.3570E+03	0.0000E+00	0.0000E+00	2.5546E+00
1.3580E+03	0.0000E+00	0.0000E+00	2.5379E+00
1.3590E+03	0.0000E+00	0.0000E+00	2.5302E+00
1.3600E+03	0.0000E+00	0.0000E+00	2.5328E+00
1.3610E+03	0.0000E+00	0.0000E+00	2.5190E+00
1.3620E+03	0.0000E+00	0.0000E+00	2.5102E+00
1.3630E+03	0.0000E+00	0.0000E+00	2.5083E+00
1.3640E+03	0.0000E+00	0.0000E+00	2.5153E+00
1.3650E+03	0.0000E+00	0.0000E+00	2.5149E+00
1.3660E+03	0.0000E+00	0.0000E+00	2.5287E+00
1.3670E+03	0.0000E+00	0.0000E+00	2.5478E+00
1.3680E+03	0.0000E+00	0.0000E+00	2.5545E+00
1.3690E+03	0.0000E+00	0.0000E+00	2.5725E+00
1.3700E+03	0.0000E+00	0.0000E+00	2.5734E+00
1.3710E+03	0.0000E+00	0.0000E+00	2.5718E+00
1.3720E+03	0.0000E+00	0.0000E+00	2.5573E+00
1.3730E+03	0.0000E+00	0.0000E+00	2.5746E+00
1.3740E+03	0.0000E+00	0.0000E+00	2.5644E+00
1.3750E+03	0.0000E+00	0.0000E+00	2.5675E+00
1.3760E+03	0.0000E+00	0.0000E+00	2.5683E+00
1.3770E+03	0.0000E+00	0.0000E+00	2.5486E+00
1.3780E+03	0.0000E+00	0.0000E+00	2.5404E+00
1.3790E+03	0.0000E+00	0.0000E+00	2.5426E+00
1.3800E+03	0.0000E+00	0.0000E+00	2.5353E+00
1.3810E+03	0.0000E+00	0.0000E+00	2.5356E+00
1.3820E+03	0.0000E+00	0.0000E+00	2.5341E+00
1.3830E+03	0.0000E+00	0.0000E+00	2.5146E+00
1.3840E+03	0.0000E+00	0.0000E+00	2.5208E+00
1.3850E+03	0.0000E+00	0.0000E+00	2.5101E+00
1.3860E+03	0.0000E+00	0.0000E+00	2.4968E+00
1.3870E+03	0.0000E+00	0.0000E+00	2.5013E+00
1.3880E+03	0.0000E+00	0.0000E+00	2.4884E+00
1.3890E+03	0.0000E+00	0.0000E+00	2.4893E+00
1.3900E+03	0.0000E+00	0.0000E+00	2.5044E+00
1.3910E+03	0.0000E+00	0.0000E+00	2.5211E+00
1.3920E+03	0.0000E+00	0.0000E+00	2.5128E+00
1.3930E+03	0.0000E+00	0.0000E+00	2.5200E+00
1.3940E+03	0.0000E+00	0.0000E+00	2.5312E+00
1.3950E+03	0.0000E+00	0.0000E+00	2.5329E+00
1.3960E+03	0.0000E+00	0.0000E+00	2.5362E+00
1.3970E+03	0.0000E+00	0.0000E+00	2.5318E+00
1.3980E+03	0.0000E+00	0.0000E+00	2.5280E+00
1.3990E+03	0.0000E+00	0.0000E+00	2.5246E+00
1.4000E+03	0.0000E+00	0.0000E+00	2.5214E+00
1.4010E+03	0.0000E+00	0.0000E+00	2.5134E+00
1.4020E+03	0.0000E+00	0.0000E+00	2.5079E+00
1.4030E+03	0.0000E+00	0.0000E+00	2.5016E+00
1.4040E+03	0.0000E+00	0.0000E+00	2.5037E+00
1.4050E+03	0.0000E+00	0.0000E+00	2.4915E+00
1.4060E+03	0.0000E+00	0.0000E+00	2.4873E+00
1.4070E+03	0.0000E+00	0.0000E+00	2.4773E+00
1.4080E+03	0.0000E+00	0.0000E+00	2.4760E+00
1.4090E+03	0.0000E+00	0.0000E+00	2.4562E+00
1.4100E+03	0.0000E+00	0.0000E+00	2.4574E+00
1.4110E+03	0.0000E+00	0.0000E+00	2.4463E+00
1.4120E+03	0.0000E+00	0.0000E+00	2.4740E+00
1.4130E+03	0.0000E+00	0.0000E+00	2.4709E+00
1.4140E+03	0.0000E+00	0.0000E+00	2.4626E+00
1.4150E+03	0.0000E+00	0.0000E+00	2.4842E+00
1.4160E+03	0.0000E+00	0.0000E+00	2.4955E+00
1.4170E+03	0.0000E+00	0.0000E+00	2.5048E+00
1.4180E+03	0.0000E+00	0.0000E+00	2.5261E+00
1.4190E+03	0.0000E+00	0.0000E+00	2.5049E+00
1.4200E+03	0.0000E+00	0.0000E+00	2.5128E+00
1.4210E+03	0.0000E+00	0.0000E+00	2.5178E+00
1.4220E+03	0.0000E+00	0.0000E+00	2.5151E+00
1.4230E+03	0.0000E+00	0.0000E+00	2.5120E+00
1.4240E+03	0.0000E+00	0.0000E+00	2.5038E+00
1.4250E+03	0.0000E+00	0.0000E+00	2.5220E+00
1.4260E+03	0.0000E+00	0.0000E+00	2.5192E+00
1.4270E+03	0.0000E+00	0.0000E+00	2.5031E+00
1.4280E+03	0.0000E+00	0.0000E+00	2.4968E+00
1.4290E+03	0.0000E+00	0.0000E+00	2.4855E+00
1.4300E+03	0.0000E+00	0.0000E+00	2.4721E+00
1.4310E+03	0.0000E+00	0.0000E+00	2.4730E+00
1.4320E+03	0.0000E+00	0.0000E+00	2.4626E+00
1.4330E+03	0.0000E+00	0.0000E+00	2.4598E+00
1.4340E+03	0.0000E+00	0.0000E+00	2.4466E+00
1.4350E+03	0.0000E+00	0.0000E+00	2.4495E+00
1.4360E+03	0.0000E+00	0.0000E+00	2.4640E+00
1.4370E+03	0.0000E+00	0.0000E+00	2.4684E+00
1.4380E+03	0.0000E+00	0.0000E+00	2.4542E+00
1.4390E+03	0.0000E+00	0.0000E+00	2.4736E+00
1.4400E+03	0.0000E+00	0.0000E+00	2.4705E+00
1.4410E+03	0.0000E+00	0.0000E+00	2.4787E+00
1.4420E+03	0.0000E+00	0.0000E+00	2.4769E+00
1.4430E+03	0.0000E+00	0.0000E+00	2.4708E+00
1.4440E+03	0.0000E+00	0.0000E+00	2.4753E+00
1.4450E+03	0.0000E+00	0.0000E+00	2.4708E+00
1.4460E+03	0.0000E+00	0.0000E+00	2.4618E+00
1.4470E+03	0.0000E+00	0.0000E+00	2.4704E+00
1.4480E+03	0.0000E+00	0.0000E+00	2.4573E+00
1.4490E+03	0.0000E+00	0.0000E+00	2.4623E+00
1.4500E+03	0.0000E+00	0.0000E+00	2.4639E+00
1.4510E+03	0.0000E+00	0.0000E+00	2.4523E+00
1.4520E+03	0.0000E+00	0.0000E+00	2.4514E+00
1.4530E+03	0.0000E+00	0.0000E+00	2.4410E+00
1.4540E+03	0.0000E+00	0.0000E+00	2.4307E+00
1.4550E+03	0.0000E+00	0.0000E+00	2.4164E+00
1.4560E+03	0.0000E+00	0.0000E+00	2.4210E+00
1.4570E+03	0.0000E+00	0.0000E+00	2.4181E+00
1.4580E+03	0.0000E+00	0.0000E+00	2.4157E+00
1.4590E+03	0.0000E+00	0.0000E+00	2.4273E+00
1.4600E+03	0.0000E+00	0.0000E+00	2.4305E+00
1.4610E+03	0.0000E+00	0.0000E+00	2.4426E+00
1.4620E+03	0.0000E+00	0.0000E+00	2.4392E+00
1.4630E+03	0.0000E+00	0.0000E+00	2.4317E+00
1.4640E+03	0.0000E+00	0.0000E+00	2.4375E+00
1.4650E+03	0.0000E+00	0.0000E+00	2.4466E+00
1.4660E+03	0.0000E+00	0.0000E+00	2.4268E+00
1.4670E+03	0.0000E+00	0.0000E+00	2.4495E+00
1.4680E+03	0.0000E+00	0.0000E+00	2.4416E+00
1.4690E+03	0.0000E+00	0.0000E+00	2.4378E+00
1.4700E+03	0.0000E+00	0.0000E+00	2.4424E+00
1.4710E+03	0.0000E+00	0.0000E+00	2.4412E+00
1.4720E+03	0.0000E+00	0.0000E+00	2.4364E+00
1.4730E+03	0.0000E+00	0.0000E+00	2.4314E+00
1.4740E+03	0.0000E+00	0.0000E+00	2.4191E+00
1.4750E+03	0.0000E+00	0.0000E+00	2.4182E+00
1.4760E+03	0.0000E+00	0.0000E+00	2.4124E+00
1.4770E+03	0.0000E+00	0.0000E+00	2.3977E+00
1.4780E+03	0.0000E+00	0.0000E+00	2.3975E+00
1.4790E+03	0.0000E+00	0.0000E+00	2.4028E+00
1.4800E+03	0.0000E+00	0.0000E+00	2.4029E+00
1.4810E+03	0.0000E+00	0.0000E+00	2.3990E+00
1.4820E+03	0.0000E+00	0.0000E+00	2.3970E+00
1.4830E+03	0.0000E+00	0.0000E+00	2.3972E+00
1.4840E+03	0.0000E+00	0.0000E+00	2.3975E+00
1.4850E+03	0.0000E+00	0.0000E+00	2.4233E+00
1.4860E+03	0.0000E+00	0.0000E+00	2.4202E+00
1.4870E+03	0.0000E+00	0.0000E+00	2.4408E+00
1.4880E+03	0.0000E+00	0.0000E+00	2.4461E+00
1.4890E+03	0.0000E+00	0.0000E+00	2.4540E+00
1.4900E+03	0.0000E+00	0.0000E+00	2.4565E+00
1.4910E+03	0.0000E+00	0.0000E+00	2.4817E+00
1.4920E+03	0.0000E+00	0.0000E+00	2.4837E+00
1.4930E+03	0.0000E+00	0.0000E+00	2.4823E+00
1.4940E+03	0.0000E+00	0.0000E+00	2.4799E+00
1.4950E+03	0.0000E+00	0.0000E+00	2.4651E+00
1.4960E+03	0.0000E+00	0.0000E+00	2.4648E+00
1.4970E+03	0.0000E+00	0.0000E+00	2.4582E+00
1.4980E+03	0.0000E+00	0.0000E+00	2.4441E+00
1.4990E+03	0.0000E+00	0.0000E+00	2.4565E+00
1.5000E+03	0.0000E+00	0.0000E+00	2.4348E+00
1.5010E+03	0.0000E+00	0.0000E+00	2.4406E+00
1.5020E+03	0.0000E+00	0.0000E+00	2.4288E+00
1.5030E+03	0.0000E+00	0.0000E+00	2.4231E+00
1.5040E+03	0.0000E+00	0.0000E+00	2.4289E+00
1.5050E+03	0.0000E+00	0.0000E+00	2.4150E+00
1.5060E+03	0.0000E+00	0.0000E+00	2.4102E+00
1.5070E+03	0.0000E+00	0.0000E+00	2.4115E+00
1.5080E+03	0.0000E+00	0.0000E+00	2.4193E+00
1.5090E+03	0.0000E+00	0.0000E+00	2.4299E+00
1.5100E+03	0.0000E+00	0.0000E+00	2.4419E+00
1.5110E+03	0.0000E+00	0.0000E+00	2.4601E+00
1.5120E+03	0.0000E+00	0.0000E+00	2.4704E+00
1.5130E+03	0.0000E+00	0.0000E+00	2.4810E+00
1.5140E+03	0.0000E+00	0.0000E+00	2.4717E+00
1.5150E+03	0.0000E+00	0.0000E+00	2.4927E+00
1.5160E+03	0.0000E+00	0.0000E+00	2.4957E+00
1.5170E+03	0.0000E+00	0.0000E+00	2.4805E+00
1.5180E+03	0.0000E+00	0.0000E+00	2.5001E+00
1.5190E+03	0.0000E+00	0.0000E+00	2.4763E+00
1.5200E+03	0.0000E+00	0.0000E+00	2.4776E+00
1.5210E+03	0.0000E+00	0.0000E+00	2.4756E+00
1.5220E+03	0.0000E+00	0.0000E+00	2.4594E+00
1.5230E+03	0.0000E+00	0.0000E+00	2.4586E+00
1.5240E+03	0.0000E+00	0.0000E+00	2.4491E+00
1.5250E+03	0.0000E+00	0.0000E+00	2.4482E+00
1.5260E+03	0.0000E+00	0.0000E+00	2.4467E+00
1.5270E+03	0.0000E+00	0.0000E+00	2.4240E+00
1.5280E+03	0.0000E+00	0.0000E+00	2.4156E+00
1.5290E+03	0.0000E+00	0.0000E+00	2.4093E+00
1.5300E+03	0.0000E+00	0.0000E+00	2.4129E+00
1.5310E+03	0.0000E+00	0.0000E+00	2.4117E+00
1.5320E+03	0.0000E+00	0.0000E+00	2.4070E+00
1.5330E+03	0.0000E+00	0.0000E+00	2.4099E+00
1.5340E+03	0.0000E+00	0.0000E+00	2.4203E+00
1.5350E+03	0.0000E+00	0.0000E+00	2.4328E+00
1.5360E+03	0.0000E+00	0.0000E+00	2.4283E+00
1.5370E+03	0.0000E+00	0.0000E+00	2.4449E+00
1.5380E+03	0.0000E+00	0.0000E+00	2.4592E+00
1.5390E+03	0.0000E+00	0.0000E+00	2.4540E+00
1.5400E+03	0.0000E+00	0.0000E+00	2.4522E+00
1.5410E+03	0.0000E+00	0.0000E+00	2.4605E+00
1.5420E+03	0.0000E+00	0.0000E+00	2.4484E+00
1.5430E+03	0.0000E+00	0.0000E+00	2.4525E+00
1.5440E+03	0.0000E+00	0.0000E+00	2.4414E+00
1.5450E+03	0.0000E+00	0.0000E+00	2.4500E+00
1.5460E+03	0.0000E+00	0.0000E+00	2.4408E+00
1.5470E+03	0.0000E+00	0.0000E+00	2.4427E+00
1.5480E+03	0.0000E+00	0.0000E+00	2.4307E+00
1.5490E+03	0.0000E+00	0.0000E+00	2.4221E+00
1.5500E+03	0.0000E+00	0.0000E+00	2.4209E+00
1.5510E+03	0.0000E+00	0.0000E+00	2.4200E+00
1.5520E+03	0.0000E+00	0.0000E+00	2.4091E+00
1.5530E+03	0.0000E+00	0.0000E+00	2.3958E+00
1.5540E+03	0.0000E+00	0.0000E+00	2.3947E+00
1.5550E+03	0.0000E+00	0.0000E+00	2.4052E+00
1.5560E+03	0.0000E+00	0.0000E+00	2.4001E+00
1.5570E+03	0.0000E+00	0.0000E+00	2.4171E+00
1.5580E+03	0.0000E+00	0.0000E+00	2.4021E+00
1.5590E+03	0.0000E+00	0.0000E+00	2.4038E+00
1.5600E+03	0.0000E+00	0.0000E+00	2.3890E+00
1.5610E+03	0.0000E+00	0.0000E+00	2.3698E+00
1.5620E+03	0.0000E+00	0.0000E+00	2.3636E+00
1.5630E+03	0.0000E+00	0.0000E+00	2.3563E+00
1.5640E+03	0.0000E+00	0.0000E+00	2.3529E+00
1.5650E+03	0.0000E+00	0.0000E+00	2.3470E+00
1.5660E+03	0.0000E+00	0.0000E+00	2.3324E+00
1.5670E+03	0.0000E+00	0.0000E+00	2.3212E+00
1.5680E+03	0.0000E+00	0.0000E+00	2.3260E+00
1.5690E+03	0.0000E+00	0.0000E+00	2.3228E+00
1.5700E+03	0.0000E+00	0.0000E+00	2.3109E+00
1.5710E+03	0.0000E+00	0.0000E+00	2.3118E+00
1.5720E+03	0.0000E+00	0.0000E+00	2.2936E+00
1.5730E+03	0.0000E+00	0.0000E+00	2.3032E+00
1.5740E+03	0.0000E+00	0.0000E+00	2.2894E+00
1.5750E+03	0.0000E+00	0.0000E+00	2.2915E+00
1.5760E+03	0.0000E+00	0.0000E+00	2.2850E+00
1.5770E+03	0.0000E+00	0.0000E+00	2.2781E+00
1.5780E+03	0.0000E+00	0.0000E+00	2.2732E+00
1.5790E+03	0.0000E+00	0.0000E+00	2.2722E+00
1.5800E+03	0.0000E+00	0.0000E+00	2.2641E+00
1.5810E+03	0.0000E+00	0.0000E+00	2.2672E+00
1.5820E+03	0.0000E+00	0.0000E+00	2.2529E+00
1.5830E+03	0.0000E+00	0.0000E+00	2.2489E+00
1.5840E+03	0.0000E+00	0.0000E+00	2.2503E+00
1.5850E+03	0.0000E+00	0.0000E+00	2.2455E+00
1.5860E+03	0.0000E+00	0.0000E+00	2.2492E+00
1.5870E+03	0.0000E+00	0.0000E+00	2.2343E+00
1.5880E+03	0.0000E+00	0.0000E+00	2.2323E+00
1.5890E+03	0.0000E+00	0.0000E+00	2.2275E+00
1.5900E+03	0.0000E+00	0.0000E+00	2.2164E+00
1.5910E+03	0.0000E+00	0.0000E+00	2.2169E+00
1.5920E+03	0.0000E+00	0.0000E+00	2.2193E+00
1.5930E+03	0.0000E+00	0.0000E+00	2.2157E+00
1.5940E+03	0.0000E+00	0.0000E+00	2.2132E+00
1.5950E+03	0.0000E+00	0.0000E+00	2.2130E+00
1.5960E+03	0.0000E+00	0.0000E+00	2.2081E+00
1.5970E+03	0.0000E+00	0.0000E+00	2.2094E+00
1.5980E+03	0.0000E+00	0.0000E+00	2.2045E+00
1.5990E+03	0.0000E+00	0.0000E+00	2.2008E+00
1.6000E+03	0.0000E+00	0.0000E+00	2.1928E+00
1.6010E+03	0.0000E+00	0.0000E+00	2.1847E+00
1.6020E+03	0.0000E+00	0.0000E+00	2.1887E+00
1.6030E+03	0.0000E+00	0.0000E+00	2.1879E+00
1.6040E+03	0.0000E+00	0.0000E+00	2.1932E+00
1.6050E+03	0.0000E+00	0.0000E+00	2.1933E+00
1.6060E+03	0.0000E+00	0.0000E+00	2.2033E+00
1.6070E+03	0.0000E+00	0.0000E+00	2.2108E+00
1.6080E+03	0.0000E+00	0.0000E+00	2.2146E+00
1.6090E+03	0.0000E+00	0.0000E+00	2.2199E+00
1.6100E+03	0.0000E+00	0.0000E+00	2.2178E+00
1.6110E+03	0.0000E+00	0.0000E+00	2.2225E+00
1.6120E+03	0.0000E+00	0.0000E+00	2.2220E+00
1.6130E+03	0.0000E+00	0.0000E+00	2.2101E+00
1.6140E+03	0.0000E+00	0.0000E+00	2.2057E+00
1.6150E+03	0.0000E+00	0.0000E+00	2.2035E+00
1.6160E+03	0.0000E+00	0.0000E+00	2.2013E+00
1.6170E+03	0.0000E+00	0.0000E+00	2.1986E+00
1.6180E+03	0.0000E+00	0.0000E+00	2.2026E+00
1.6190E+03	0.0000E+00	0.0000E+00	2.1992E+00
1.6200E+03	0.0000E+00	0.0000E+00	2.1987E+00
1.6210E+03	0.0000E+00	0.0000E+00	2.1919E+00
1.6220E+03	0.0000E+00	0.0000E+00	2.1939E+00
1.6230E+03	0.0000E+00	0.0000E+00	2.1838E+00
1.6240E+03	0.0000E+00	0.0000E+00	2.1835E+00
1.6250E+03	0.0000E+00	0.0000E+00	2.1867E+00
1.6260E+03	0.0000E+00	0.0000E+00	2.1809E+00
1.6270E+03	0.0000E+00	0.0000E+00	2.1836E+00
1.6280E+03	0.0000E+00	0.0000E+00	2.1908E+00
1.6290E+03	0.0000E+00	0.0000E+00	2.1964E+00
1.6300E+03	0.0000E+00	0.0000E+00	2.2119E+00
1.6310E+03	0.0000E+00	0.0000E+00	2.2210E+00
1.6320E+03	0.0000E+00	0.0000E+00	2.2440E+00
1.6330E+03	0.0000E+00	0.0000E+00	2.2550E+00
1.6340E+03	0.0000E+00	0.0000E+00	2.2516E+00
1.6350E+03	0.0000E+00	0.0000E+00	2.2614E+00
1.6360E+03	0.0000E+00	0.0000E+00	2.2547E+00
1.6370E+03	0.0000E+00	0.0000E+00	2.2594E+00
1.6380E+03	0.0000E+00	0.0000E+00	2.2507E+00
1.6390E+03	0.0000E+00	0.0000E+00	2.2519E+00
1.6400E+03	0.0000E+00	0.0000E+00	2.2473E+00
1.6410E+03	0.0000E+00	0.0000E+00	2.2402E+00
1.6420E+03	0.0000E+00	0.0000E+00	2.2406E+00
1.6430E+03	0.0000E+00	0.0000E+00	2.2332E+00
1.6440E+03	0.0000E+00	0.0000E+00	2.2299E+00
1.6450E+03	0.0000E+00	0.0000E+00	2.2280E+00
1.6460E+03	0.0000E+00	0.0000E+00	2.2258E+00
1.6470E+03	0.0000E+00	0.0000E+00	2.2184E+00
1.6480E+03	0.0000E+00	0.0000E+00	2.2097E+00
1.6490E+03	0.0000E+00	0.0000E+00	2.2164E+00
1.6500E+03	0.0000E+00	0.0000E+00	2.2179E+00
1.6510E+03	0.0000E+00	0.0000E+00	2.2197E+00
1.6520E+03	0.0000E+00	0.0000E+00	2.2390E+00
1.6530E+03	0.0000E+00	0.0000E+00	2.2615E+00
1.6540E+03	0.0000E+00	0.0000E+00	2.2873E+00
1.6550E+03	0.0000E+00	0.0000E+00	2.3028E+00
1.6560E+03	0.0000E+00	0.0000E+00	2.3260E+00
1.6570E+03	0.0000E+00	0.0000E+00	2.3311E+00
1.6580E+03	0.0000E+00	0.0000E+00	2.3309E+00
1.6590E+03	0.0000E+00	0.0000E+00	2.3405E+00
1.6600E+03	0.0000E+00	0.0000E+00	2.3408E+00
1.6610E+03	0.0000E+00	0.0000E+00	2.3310E+00
1.6620E+03	0.0000E+00	0.0000E+00	2.3289E+00
1.6630E+03	0.0000E+00	0.0000E+00	2.3356E+00
1.6640E+03	0.0000E+00	0.0000E+00	2.3232E+00
1.6650E+03	0.0000E+00	0.0000E+00	2.3248E+00
1.6660E+03	0.0000E+00	0.0000E+00	2.3150E+00
1.6670E+03	0.0000E+00	0.0000E+00	2.3148E+00
1.6680E+03	0.0000E+00	0.0000E+00	2.3088E+00
1.6690E+03	0.0000E+00	0.0000E+00	2.2958E+00
1.6700E+03	0.0000E+00	0.0000E+00	2.2912E+00
1.6710E+03	0.0000E+00	0.0000E+00	2.2816E+00
1.6720E+03	0.0000E+00	0.0000E+00	2.2778E+00
1.6730E+03	0.0000E+00	0.0000E+00	2.2799E+00
1.6740E+03	0.0000E+00	0.0000E+00	2.2727E+00
1.6750E+03	0.0000E+00	0.0000E+00	2.2899E+00
1.6760E+03	0.0000E+00	0.0000E+00	2.3023E+00
1.6770E+03	0.0000E+00	0.0000E+00	2.3317E+00
1.6780E+03	0.0000E+00	0.0000E+00	2.3593E+00
1.6790E+03	0.0000E+00	0.0000E+00	2.3737E+00
1.6800E+03	0.0000E+00	0.0000E+00	2.3829E+00
1.6810E+03	0.0000E+00	0.0000E+00	2.3980E+00
1.6820E+03	0.0000E+00	0.0000E+00	2.4017E+00
1.6830E+03	0.0000E+00	0.0000E+00	2.4074E+00
1.6840E+03	0.0000E+00	0.0000E+00	2.4099E+00
1.6850E+03	0.0000E+00	0.0000E+00	2.4080E+00
1.6860E+03	0.0000E+00	0.0000E+00	2.3951E+00
1.6870E+03	0.0000E+00	0.0000E+00	2.4015E+00
1.6880E+03	0.0000E+00	0.0000E+00	2.4039E+00
1.6890E+03	0.0000E+00	0.0000E+00	2.3880E+00
1.6900E+03	0.0000E+00	0.0000E+00	2.3805E+00
1.6910E+03	0.0000E+00	0.0000E+00	2.3762E+00
1.6920E+03	0.0000E+00	0.0000E+00	2.3686E+00
1.6930E+03	0.0000E+00	0.0000E+00	2.3613E+00
1.6940E+03	0.0000E+00	0.0000E+00	2.3541E+00
1.6950E+03	0.0000E+00	0.0000E+00	2.3368E+00
1.6960E+03	0.0000E+00	0.0000E+00	2.3273E+00
1.6970E+03	0.0000E+00	0.0000E+00	2.3337E+00
1.6980E+03	0.0000E+00	0.0000E+00	2.3347E+00
1.6990E+03	0.0000E+00	0.0000E+00	2.3475E+00
1.7000E+03	0.0000E+00	0.0000E+00	2.3717E+00
1.7010E+03	0.0000E+00	0.0000E+00	2.3888E+00
1.7020E+03	0.0000E+00	0.0000E+00	2.3988E+00
1.7030E+03	0.0000E+00	0.0000E+00	2.4082E+00
1.7040E+03	0.0000E+00	0.0000E+00	2.4269E+00
1.7050E+03	0.0000E+00	0.0000E+00	2.4545E+00
1.7060E+03	0.0000E+00	0.0000E+00	2.4587E+00
1.7070E+03	0.0000E+00	0.0000E+00	2.4718E+00
1.7080E+03	0.0000E+00	0.0000E+00	2.4753E+00
1.7090E+03	0.0000E+00	0.0000E+00	2.4722E+00
1.7100E+03	0.0000E+00	0.0000E+00	2.4837E+00
1.7110E+03	0.0000E+00	0.0000E+00	2.4729E+00
1.7120E+03	0.0000E+00	0.0000E+00	2.4563E+00
1.7130E+03	0.0000E+00	0.0000E+00	2.4656E+00
1.7140E+03	0.0000E+00	0.0000E+00	2.4439E+00
1.7150E+03	0.0000E+00	0.0000E+00	2.4419E+00
1.7160E+03	0.0000E+00	0.0000E+00	2.4199E+00
1.7170E+03	0.0000E+00	0.0000E+00	2.4162E+00
1.7180E+03	0.0000E+00	0.0000E+00	2.4117E+00
1.7190E+03	0.0000E+00	0.0000E+00	2.4025E+00
1.7200E+03	0.0000E+00	0.0000E+00	2.4037E+00
1.7210E+03	0.0000E+00	0.0000E+00	2.3752E+00
1.7220E+03	0.0000E+00	0.0000E+00	2.3725E+00
1.7230E+03	0.0000E+00	0.0000E+00	2.3760E+00
1.7240E+03	0.0000E+00	0.0000E+00	2.4002E+00
1.7250E+03	0.0000E+00	0.0000E+00	2.4270E+00
1.7260E+03	0.0000E+00	0.0000E+00	2.4361E+00
1.7270E+03	0.0000E+00	0.0000E+00	2.4439E+00
1.7280E+03	0.0000E+00	0.0000E+00	2.4611E+00
1.7290E+03	0.0000E+00	0.0000E+00	2.4599E+00
1.7300E+03	0.0000E+00	0.0000E+00	2.4675E+00
1.7310E+03	0.0000E+00	0.0000E+00	2.4740E+00
1.7320E+03	0.0000E+00	0.0000E+00	2.4858E+00
1.7330E+03	0.0000E+00	0.0000E+00	2.4768E+00
1.7340E+03	0.0000E+00	0.0000E+00	2.4662E+00
1.7350E+03	0.0000E+00	0.0000E+00	2.4501E+00
1.7360E+03	0.0000E+00	0.0000E+00	2.4634E+00
1.7370E+03	0.0000E+00	0.0000E+00	2.4492E+00
1.7380E+03	0.0000E+00	0.0000E+00	2.4263E+00
1.7390E+03	0.0000E+00	0.0000E+00	2.4290E+00
1.7400E+03	0.0000E+00	0.0000E+00	2.4275E+00
1.7410E+03	0.0000E+00	0.0000E+00	2.4252E+00
1.7420E+03	0.0000E+00	0.0000E+00	2.3993E+00
1.7430E+03	0.0000E+00	0.0000E+00	2.3969E+00
1.7440E+03	0.0000E+00	0.0000E+00	2.3822E+00
1.7450E+03	0.0000E+00	0.0000E+00	2.3778E+00
1.7460E+03	0.0000E+00	0.0000E+00	2.3862E+00
1.7470E+03	0.0000E+00	0.0000E+00	2.4067E+00
1.7480E+03	0.0000E+00	0.0000E+00	2.3997E+00
1.7490E+03	0.0000E+00	0.0000E+00	2.4281E+00
1.7500E+03	0.0000E+00	0.0000E+00	2.4501E+00
1.7510E+03	0.0000E+00	0.0000E+00	2.4625E+00
1.7520E+03	0.0000E+00	0.0000E+00	2.4749E+00
1.7530E+03	0.0000E+00	0.0000E+00	2.4758E+00
1.7540E+03	0.0000E+00	0.0000E+00	2.4877E+00
1.7550E+03	0.0000E+00	0.0000E+00	2.5153E+00
1.7560E+03	0.0000E+00	0.0000E+00	2.4998E+00
1.7570E+03	0.0000E+00	0.0000E+00	2.5083E+00
1.7580E+03	0.0000E+00	0.0000E+00	2.5125E+00
1.7590E+03	0.0000E+00	0.0000E+00	2.5015E+00
1.7600E+03	0.0000E+00	0.0000E+00	2.5100E+00
1.7610E+03	0.0000E+00	0.0000E+00	2.5073E+00
1.7620E+03	0.0000E+00	0.0000E+00	2.4929E+00
1.7630E+03	0.0000E+00	0.0000E+00	2.4957E+00
1.7640E+03	0.0000E+00	0.0000E+00	2.4745E+00
1.7650E+03	0.0000E+00	0.0000E+00	2.4790E+00
1.7660E+03	0.0000E+00	0.0000E+00	2.4453E+00
1.7670E+03	0.0000E+00	0.0000E+00	2.4458E+00
1.7680E+03	0.0000E+00	0.0000E+00	2.4330E+00
1.7690E+03	0.0000E+00	0.0000E+00	2.4386E+00
1.7700E+03	0.0000E+00	0.0000E+00	2.4274E+00
1.7710E+03	0.0000E+00	0.0000E+00	2.4217E+00
1.7720E+03	0.0000E+00	0.0000E+00	2.4329E+00
1.7730E+03	0.0000E+00	0.0000E+00	2.4540E+00
1.7740E+03	0.0000E+00	0.0000E+00	2.4551E+00
1.7750E+03	0.0000E+00	0.0000E+00	2.4805E+00
1.7760E+03	0.0000E+00	0.0000E+00	2.4916E+00
1.7770E+03	0.0000E+00	0.0000E+00	2.5058E+00
1.7780E+03	0.0000E+00	0.0000E+00	2.5002E+00
1.7790E+03	0.0000E+00	0.0000E+00	2.4943E+00
1.7800E+03	0.0000E+00	0.0000E+00	2.5006E+00
1.7810E+03	0.0000E+00	0.0000E+00	2.5002E+00
1.7820E+03	0.0000E+00	0.0000E+00	2.4997E+00
1.7830E+03	0.0000E+00	0.0000E+00	2.4988E+00
1.7840E+03	0.0000E+00	0.0000E+00	2.4886E+00
1.7850E+03	0.0000E+00	0.0000E+00	2.4820E+00
1.7860E+03	0.0000E+00	0.0000E+00	2.4712E+00
1.7870E+03	0.0000E+00	0.0000E+00	2.4605E+00
1.7880E+03	0.0000E+00	0.0000E+00	2.4329E+00
1.7890E+03	0.0000E+00	0.0000E+00	2.4364E+00
1.7900E+03	0.0000E+00	0.0000E+00	2.4198E+00
1.7910E+03	0.0000E+00	0.0000E+00	2.4102E+00
1.7920E+03	0.0000E+00	0.0000E+00	2.4108E+00
1.7930E+03	0.0000E+00	0.0000E+00	2.3999E+00
1.7940E+03	0.0000E+00	0.0000E+00	2.3938E+00
1.7950E+03	0.0000E+00	0.0000E+00	2.3941E+00
1.7960E+03	0.0000E+00	0.0000E+00	2.4092E+00
1.7970E+03	0.0000E+00	0.0000E+00	2.4070E+00
1.7980E+03	0.0000E+00	0.0000E+00	2.4200E+00
1.7990E+03	0.0000E+00	0.0000E+00	2.4308E+00
1.8000E+03	0.0000E+00	0.0000E+00	2.4541E+00
1.8010E+03	0.0000E+00	0.0000E+00	2.4534E+00
1.8020E+03	0.0000E+00	0.0000E+00	2.4692E+00
1.8030E+03	0.0000E+00	0.0000E+00	2.4603E+00
1.8040E+03	0.0000E+00	0.0000E+00	2.4644E+00
1.8050E+03	0.0000E+00	0.0000E+00	2.4432E+00
1.8060E+03	0.0000E+00	0.0000E+00	2.4423E+00
1.8070E+03	0.0000E+00	0.0000E+00	2.4457E+00
1.8080E+03	0.0000E+00	0.0000E+00	2.4366E+00
1.8090E+03	0.0000E+00	0.0000E+00	2.4138E+00
1.8100E+03	0.0000E+00	0.0000E+00	2.4258E+00
1.8110E+03	0.0000E+00	0.0000E+00	2.4229E+00
1.8120E+03	0.0000E+00	0.0000E+00	2.4008E+00
1.8130E+03	0.0000E+00	0.0000E+00	2.3929E+00
1.8140E+03	0.0000E+00	0.0000E+00	2.3792E+00
1.8150E+03	0.0000E+00	0.0000E+00	2.3755E+00
1.8160E+03	0.0000E+00	0.0000E+00	2.3620E+00
1.8170E+03	0.0000E+00	0.0000E+00	2.3653E+00
1.8180E+03	0.0000E+00	0.0000E+00	2.3774E+00
1.8190E+03	0.0000E+00	0.0000E+00	2.3761E+00
1.8200E+03	0.0000E+00	0.0000E+00	2.3952E+00
1.8210E+03	0.0000E+00	0.0000E+00	2.4031E+00
1.8220E+03	0.0000E+00	0.0000E+00	2.4274E+00
1.8230E+03	0.0000E+00	0.0000E+00	2.4580E+00
1.8240E+03	0.0000E+00	0.0000E+00	2.4694E+00
1.8250E+03	0.0000E+00	0.0000E+00	2.4703E+00
1.8260E+03	0.0000E+00	0.0000E+00	2.4712E+00
1.8270E+03	0.0000E+00	0.0000E+00	2.4718E+00
1.8280E+03	0.0000E+00	0.0000E+00	2.4863E+00
1.8290E+03	0.0000E+00	0.0000E+00	2.4771E+00
1.8300E+03	0.0000E+00	0.0000E+00	2.4546E+00
1.8310E+03	0.0000E+00	0.0000E+00	2.4415E+00
1.8320E+03	0.0000E+00	0.0000E+00	2.4470E+00
1.8330E+03	0.0000E+00	0.0000E+00	2.4479E+00
1.8340E+03	0.0000E+00	0.0000E+00	2.4327E+00
1.8350E+03	0.0000E+00	0.0000E+00	2.4186E+00
1.8360E+03	0.0000E+00	0.0000E+00	2.4020E+00
1.8370E+03	0.0000E+00	0.0000E+00	2.3875E+00
1.8380E+03	0.0000E+00	0.0000E+00	2.3840E+00
1.8390E+03	0.0000E+00	0.0000E+00	2.3764E+00
1.8400E+03	0.0000E+00	0.0000E+00	2.3653E+00
1.8410E+03	0.0000E+00	0.0000E+00	2.3575E+00
1.8420E+03	0.0000E+00	0.0000E+00	2.3719E+00
1.8430E+03	0.0000E+00	0.0000E+00	2.3732E+00
1.8440E+03	0.0000E+00	0.0000E+00	2.3766E+00
1.8450E+03	0.0000E+00	0.0000E+00	2.4009E+00
1.8460E+03	0.0000E+00	0.0000E+00	2.4059E+00
1.8470E+03	0.0000E+00	0.0000E+00	2.4257E+00
1.8480E+03	0.0000E+00	0.0000E+00	2.4406E+00
1.8490E+03	0.0000E+00	0.0000E+00	2.4392E+00
1.8500E+03	0.0000E+00	0.0000E+00	2.4440E+00
1.8510E+03	0.0000E+00	0.0000E+00	2.4317E+00
1.8520E+03	0.0000E+00	0.0000E+00	2.4280E+00
1.8530E+03	0.0000E+00	0.0000E+00	2.4150E+00
1.8540E+03	0.0000E+00	0.0000E+00	2.4046E+00
1.8550E+03	0.0000E+00	0.0000E+00	2.4036E+00
1.8560E+03	0.0000E+00	0.0000E+00	2.3901E+00
1.8570E+03	0.0000E+00	0.0000E+00	2.3904E+00
1.8580E+03	0.0000E+00	0.0000E+00	2.3883E+00
1.8590E+03	0.0000E+00	0.0000E+00	2.3671E+00
1.8600E+03	0.0000E+00	0.0000E+00	2.3645E+00
1.8610E+03	0.0000E+00	0.0000E+00	2.3491E+00
1.8620E+03	0.0000E+00	0.0000E+00	2.3509E+00
1.8630E+03	0.0000E+00	0.0000E+00	2.3302E+00
1.8640E+03	0.0000E+00	0.0000E+00	2.3331E+00
1.8650E+03	0.0000E+00	0.0000E+00	2.3293E+00
1.8660E+03	0.0000E+00	0.0000E+00	2.3348E+00
1.8670E+03	0.0000E+00	0.0000E+00	2.3572E+00
1.8680E+03	0.0000E+00	0.0000E+00	2.3753E+00
1.8690E+03	0.0000E+00	0.0000E+00	2.3781E+00
1.8700E+03	0.0000E+00	0.0000E+00	2.3916E+00
1.8710E+03	0.0000E+00	0.0000E+00	2.4134E+00
1.8720E+03	0.0000E+00	0.0000E+00	2.4124E+00
1.8730E+03	0.0000E+00	0.0000E+00	2.4052E+00
1.8740E+03	0.0000E+00	0.0000E+00	2.4220E+00
1.8750E+03	0.0000E+00	0.0000E+00	2.4216E+00
1.8760E+03	0.0000E+00	0.0000E+00	2.4071E+00
1.8770E+03	0.0000E+00	0.0000E+00	2.3971E+00
1.8780E+03	0.0000E+00	0.0000E+00	2.3891E+00
1.8790E+03	0.0000E+00	0.0000E+00	2.3786E+00
1.8800E+03	0.0000E+00	0.0000E+00	2.3673E+00
1.8810E+03	0.0000E+00	0.0000E+00	2.3746E+00
1.8820E+03	0.0000E+00	0.0000E+00	2.3655E+00
1.8830E+03	0.0000E+00	0.0000E+00	2.3552E+00
1.8840E+03	0.0000E+00	0.0000E+00	2.3403E+00
1.8850E+03	0.0000E+00	0.0000E+00	2.3264E+00
1.8860E+03	0.0000E+00	0.0000E+00	2.3228E+00
1.8870E+03	0.0000E+00	0.0000E+00	2.3133E+00
1.8880E+03	0.0000E+00	0.0000E+00	2.3017E+00
1.8890E+03	0.0000E+00	0.0000E+00	2.3013E+00
1.8900E+03	0.0000E+00	0.0000E+00	2.3064E+00
1.8910E+03	0.0000E+00	0.0000E+00	2.3121E+00
1.8920E+03	0.0000E+00	0.0000E+00	2.3259E+00
1.8930E+03	0.0000E+00	0.0000E+00	2.3483E+00
1.8940E+03	0.0000E+00	0.0000E+00	2.3607E+00
1.8950E+03	0.0000E+00	0.0000E+00	2.3594E+00
1.8960E+03	0.0000E+00	0.0000E+00	2.3650E+00
1.8970E+03	0.0000E+00	0.0000E+00	2.3735E+00
1.8980E+03	0.0000E+00	0.0000E+00	2.3621E+00
1.8990E+03	0.0000E+00	0.0000E+00	2.3611E+00
1.9000E+03	0.0000E+00	0.0000E+00	2.3636E+00
1.9010E+03	0.0000E+00	0.0000E+00	2.3463E+00
1.9020E+03	0.0000E+00	0.0000E+00	2.3465E+00
1.9030E+03	0.0000E+00	0.0000E+00	2.3417E+00
1.9040E+03	0.0000E+00	0.0000E+00	2.3284E+00
1.9050E+03	0.0000E+00	0.0000E+00	2.3289E+00
1.9060E+03	0.0000E+00	0.0000E+00	2.3296E+00
1.9070E+03	0.0000E+00	0.0000E+00	2.3122E+00
1.9080E+03	0.0000E+00	0.0000E+00	2.3167E+00
1.9090E+03	0.0000E+00	0.0000E+00	2.3019E+00
1.9100E+03	0.0000E+00	0.0000E+00	2.2948E+00
1.9110E+03	0.0000E+00	0.0000E+00	2.2857E+00
1.9120E+03	0.0000E+00	0.0000E+00	2.2843E+00
1.9130E+03	0.0000E+00	0.0000E+00	2.2818E+00
1.9140E+03	0.0000E+00	0.0000E+00	2.2819E+00
1.9150E+03	0.0000E+00	0.0000E+00	2.2902E+00
1.9160E+03	0.0000E+00	0.0000E+00	2.3039E+00
1.9170E+03	0.0000E+00	0.0000E+00	2.2963E+00
1.9180E+03	0.0000E+00	0.0000E+00	2.3079E+00
1.9190E+03	0.0000E+00	0.0000E+00	2.3124E+00
1.9200E+03	0.0000E+00	0.0000E+00	2.3149E+00
1.9210E+03	0.0000E+00	0.0000E+00	2.3142E+00
1.9220E+03	0.0000E+00	0.0000E+00	2.3151E+00
1.9230E+03	0.0000E+00	0.0000E+00	2.3151E+00
1.9240E+03	0.0000E+00	0.0000E+00	2.2988E+00
1.9250E+03	0.0000E+00	0.0000E+00	2.3020E+00
1.9260E+03	0.0000E+00	0.0000E+00	2.3008E+00
1.9270E+03	0.0000E+00	0.0000E+00	2.2896E+00
1.9280E+03	0.0000E+00	0.0000E+00	2.2902E+00
1.9290E+03	0.0000E+00	0.0000E+00	2.2914E+00
1.9300E+03	0.0000E+00	0.0000E+00	2.2874E+00
1.9310E+03	0.0000E+00	0.0000E+00	2.2910E+00
1.9320E+03	0.0000E+00	0.0000E+00	2.2926E+00
1.9330E+03	0.0000E+00	0.0000E+00	2.2867E+00
1.9340E+03	0.0000E+00	0.0000E+00	2.2774E+00
1.9350E+03	0.0000E+00	0.0000E+00	2.2734E+00
1.9360E+03	0.0000E+00	0.0000E+00	2.2631E+00
1.9370E+03	0.0000E+00	0.0000E+00	2.2683E+00
1.9380E+03	0.0000E+00	0.0000E+00	2.2674E+00
1.9390E+03	0.0000E+00	0.0000E+00	2.2766E+00
1.9400E+03	0.0000E+00	0.0000E+00	2.3010E+00
1.9410E+03	0.0000E+00	0.0000E+00	2.3144E+00
1.9420E+03	0.0000E+00	0.0000E+00	2.3300E+00
1.9430E+03	0.0000E+00	0.0000E+00	2.3352E+00
1.9440E+03	0.0000E+00	0.0000E+00	2.3334E+00
1.9450E+03	0.0000E+00	0.0000E+00	2.3437E+00
1.9460E+03	0.0000E+00	0.0000E+00	2.3431E+00
1.9470E+03	0.0000E+00	0.0000E+00	2.3255E+00
1.9480E+03	0.0000E+00	0.0000E+00	2.3332E+00
1.9490E+03	0.0000E+00	0.0000E+00	2.3223E+00
1.9500E+03	0.0000E+00	0.0000E+00	2.3110E+00
1.9510E+03	0.0000E+00	0.0000E+00	2.3082E+00
1.9520E+03	0.0000E+00	0.0000E+00	2.3025E+00
1.9530E+03	0.0000E+00	0.0000E+00	2.2923E+00
1.9540E+03	0.0000E+00	0.0000E+00	2.2929E+00
1.9550E+03	0.0000E+00	0.0000E+00	2.2852E+00
1.9560E+03	0.0000E+00	0.0000E+00	2.2772E+00
1.9570E+03	0.0000E+00	0.0000E+00	2.2667E+00
1.9580E+03	0.0000E+00	0.0000E+00	2.2542E+00
1.9590E+03	0.0000E+00	0.0000E+00	2.2422E+00
1.9600E+03	0.0000E+00	0.0000E+00	2.2424E+00
1.9610E+03	0.0000E+00	0.0000E+00	2.2415E+00
1.9620E+03	0.0000E+00	0.0000E+00	2.2475E+00
1.9630E+03	0.0000E+00	0.0000E+00	2.2493E+00
1.9640E+03	0.0000E+00	0.0000E+00	2.2650E+00
1.9650E+03	0.0000E+00	0.0000E+00	2.2807E+00
1.9660E+03	0.0000E+00	0.0000E+00	2.2850E+00
1.9670E+03	0.0000E+00	0.0000E+00	2.3059E+00
1.9680E+03	0.0000E+00	0.0000E+00	2.3092E+00
1.9690E+03	0.0000E+00	0.0000E+00	2.2966E+00
1.9700E+03	0.0000E+00	0.0000E+00	2.2991E+00
1.9710E+03	0.0000E+00	0.0000E+00	2.2861E+00
1.9720E+03	0.0000E+00	0.0000E+00	2.2859E+00
1.9730E+03	0.0000E+00	0.0000E+00	2.2744E+00
1.9740E+03	0.0000E+00	0.0000E+00	2.2737E+00
1.9750E+03	0.0000E+00	0.0000E+00	2.2668E+00
1.9760E+03	0.0000E+00	0.0000E+00	2.2628E+00
1.9770E+03	0.0000E+00	0.0000E+00	2.2523E+00
1.9780E+03	0.0000E+00	0.0000E+00	2.2572E+00
1.9790E+03	0.0000E+00	0.0000E+00	2.2467E+00
1.9800E+03	0.0000E+00	0.0000E+00	2.2358E+00
1.9810E+03	0.0000E+00	0.0000E+00	2.2295E+00
1.9820E+03	0.0000E+00	0.0000E+00	2.2219E+00
1.9830E+03	0.0000E+00	0.0000E+00	2.2187E+00
1.9840E+03	0.0000E+00	0.0000E+00	2.2122E+00
1.9850E+03	0.0000E+00	0.0000E+00	2.2101E+00
1.9860E+03	0.0000E+00	0.0000E+00	2.2177E+00
1.9870E+03	0.0000E+00	0.0000E+00	2.2236E+00
1.9880E+03	0.0000E+00	0.0000E+00	2.2361E+00
1.9890E+03	0.0000E+00	0.0000E+00	2.2640E+00
1.9900E+03	0.0000E+00	0.0000E+00	2.2748E+00
1.9910E+03	0.0000E+00	0.0000E+00	2.2893E+00
1.9920E+03	0.0000E+00	0.0000E+00	2.2933E+00
1.9930E+03	0.0000E+00	0.0000E+00	2.2938E+00
1.9940E+03	0.0000E+00	0.0000E+00	2.2933E+00
1.9950E+03	0.0000E+00	0.0000E+00	2.2953E+00
1.9960E+03	0.0000E+00	0.0000E+00	2.2799E+00
1.9970E+03	0.0000E+00	0.0000E+00	2.2826E+00
1.9980E+03	0.0000E+00	0.0000E+00	2.2729E+00
1.9990E+03	0.0000E+00	0.0000E+00	2.2601E+00
2.0000E+03	0.0000E+00	0.0000E+00	2.2677E+00
2.0010E+03	0.0000E+00	0.0000E+00	2.2611E+00
2.0020E+03	0.0000E+00	0.0000E+00	2.2440E+00
2.0030E+03	0.0000E+00	0.0000E+00	2.2416E+00
2.0040E+03	0.0000E+00	0.0000E+00	2.2316E+00
2.0050E+03	0.0000E+00	0.0000E+00	2.2242E+00
2.0060E+03	0.0000E+00	0.0000E+00	2.2184E+00
2.0070E+03	0.0000E+00	0.0000E+00	2.2071E+00
2.0080E+03	0.0000E+00	0.0000E+00	2.2062E+00
2.0090E+03	0.0000E+00	0.0000E+00	2.2084E+00
2.0100E+03	0.0000E+00	0.0000E+00	2.2153E+00
2.0110E+03	0.0000E+00	0.0000E+00	2.2327E+00
2.0120E+03	0.0000E+00	0.0000E+00	2.2505E+00
2.0130E+03	0.0000E+00	0.0000E+00	2.2697E+00
2.0140E+03	0.0000E+00	0.0000E+00	2.2751E+00
2.0150E+03	0.0000E+00	0.0000E+00	2.2872E+00
2.0160E+03	0.0000E+00	0.0000E+00	2.2883E+00
2.0170E+03	0.0000E+00	0.0000E+00	2.2863E+00
2.0180E+03	0.0000E+00	0.0000E+00	2.2880E+00
2.0190E+03	0.0000E+00	0.0000E+00	2.2889E+00
2.0200E+03	0.0000E+00	0.0000E+00	2.2785E+00
2.0210E+03	0.0000E+00	0.0000E+00	2.2693E+00
2.0220E+03	0.0000E+00	0.0000E+00	2.2677E+00
2.0230E+03	0.0000E+00	0.0000E+00	2.2588E+00
2.0240E+03	0.0000E+00	0.0000E+00	2.2475E+00
2.0250E+03	0.0000E+00	0.0000E+00	2.2455E+00
2.0260E+03	0.0000E+00	0.0000E+00	2.2373E+00
2.0270E+03	0.0000E+00	0.0000E+00	2.2366E+00
2.0280E+03	0.0000E+00	0.0000E+00	2.2182E+00
2.0290E+03	0.0000E+00	0.0000E+00	2.2184E+00
2.0300E+03	0.0000E+00	0.0000E+00	2.2088E+00
2.0310E+03	0.0000E+00	0.0000E+00	2.2061E+00
2.0320E+03	0.0000E+00	0.0000E+00	2.1988E+00
2.0330E+03	0.0000E+00	0.0000E+00	2.2082E+00
2.0340E+03	0.0000E+00	0.0000E+00	2.2065E+00
2.0350E+03	0.0000E+00	0.0000E+00	2.2153E+00
2.0360E+03	0.0000E+00	0.0000E+00	2.2330E+00
2.0370E+03	0.0000E+00	0.0000E+00	2.2405E+00
2.0380E+03	0.0000E+00	0.0000E+00	2.2639E+00
2.0390E+03	0.0000E+00	0.0000E+00	2.2637E+00
2.0400E+03	0.0000E+00	0.0000E+00	2.2745E+00
2.0410E+03	0.0000E+00	0.0000E+00	2.2767E+00
2.0420E+03	0.0000E+00	0.0000E+00	2.2881E+00
2.0430E+03	0.0000E+00	0.0000E+00	2.2691E+00
2.0440E+03	0.0000E+00	0.0000E+00	2.2669E+00
2.0450E+03	0.0000E+00	0.0000E+00	2.2714E+00
2.0460E+03	0.0000E+00	0.0000E+00	2.2589E+00
2.0470E+03	0.0000E+00	0.0000E+00	2.2480E+00
2.0480E+03	0.0000E+00	0.0000E+00	2.2389E+00
2.0490E+03	0.0000E+00	0.0000E+00	2.2384E+00
2.0500E+03	0.0000E+00	0.0000E+00	2.2256E+00
2.0510E+03	0.0000E+00	0.0000E+00	2.2250E+00
2.0520E+03	0.0000E+00	0.0000E+00	2.2160E+00
2.0530E+03	0.0000E+00	0.0000E+00	2.2066E+00
2.0540E+03	0.0000E+00	0.0000E+00	2.1987E+00
2.0550E+03	0.0000E+00	0.0000E+00	2.1905E+00
2.0560E+03	0.0000E+00	0.0000E+00	2.1940E+00
2.0570E+03	0.0000E+00	0.0000E+00	2.1931E+00
2.0580E+03	0.0000E+00	0.0000E+00	2.2034E+00
2.0590E+03	0.0000E+00	0.0000E+00	2.2158E+00
2.0600E+03	0.0000E+00	0.0000E+00	2.2337E+00
2.0610E+03	0.0000E+00	0.0000E+00	2.2501E+00
2.0620E+03	0.0000E+00	0.0000E+00	2.2591E+00
2.0630E+03	0.0000E+00	0.0000E+00	2.2625E+00
2.0640E+03	0.0000E+00	0.0000E+00	2.2658E+00
2.0650E+03	0.0000E+00	0.0000E+00	2.2644E+00
2.0660E+03	0.0000E+00	0.0000E+00	2.2593E+00
2.0670E+03	0.0000E+00	0.0000E+00	2.2571E+00
2.0680E+03	0.0000E+00	0.0000E+00	2.2573E+00
2.0690E+03	0.0000E+00	0.0000E+00	2.2430E+00
2.0700E+03	0.0000E+00	0.0000E+00	2.2428E+00
2.0710E+03	0.0000E+00	0.0000E+00	2.2364E+00
2.0720E+03	0.0000E+00	0.0000E+00	2.2315E+00
2.0730E+03	0.0000E+00	0.0000E+00	2.2259E+00
2.0740E+03	0.0000E+00	0.0000E+00	2.2199E+00
2.0750E+03	0.0000E+00	0.0000E+00	2.2156E+00
2.0760E+03	0.0000E+00	0.0000E+00	2.2065E+00
2.0770E+03	0.0000E+00	0.0000E+00	2.2013E+00
2.0780E+03	0.0000E+00	0.0000E+00	2.1918E+00
2.0790E+03	0.0000E+00	0.0000E+00	2.1878E+00
2.0800E+03	0.0000E+00	0.0000E+00	2.1841E+00
2.0810E+03	0.0000E+00	0.0000E+00	2.1805E+00
2.0820E+03	0.0000E+00	0.0000E+00	2.1859E+00
2.0830E+03	0.0000E+00	0.0000E+00	2.1995E+00
2.0840E+03	0.0000E+00	0.0000E+00	2.2189E+00
2.0850E+03	0.0000E+00	0.0000E+00	2.2372E+00
2.0860E+03	0.0000E+00	0.0000E+00	2.2547E+00
2.0870E+03	0.0000E+00	0.0000E+00	2.2753E+00
2.0880E+03	0.0000E+00	0.0000E+00	2.2767E+00
2.0890E+03	0.0000E+00	0.0000E+00	2.2738E+00
2.0900E+03	0.0000E+00	0.0000E+00	2.2757E+00
2.0910E+03	0.0000E+00	0.0000E+00	2.2883E+00
2.0920E+03	0.0000E+00	0.0000E+00	2.2640E+00
2.0930E+03	0.0000E+00	0.0000E+00	2.2545E+00
2.0940E+03	0.0000E+00	0.0000E+00	2.2592E+00
2.0950E+03	0.0000E+00	0.0000E+00	2.2522E+00
2.0960E+03	0.0000E+00	0.0000E+00	2.2443E+00
2.0970E+03	0.0000E+00	0.0000E+00	2.2384E+00
2.0980E+03	0.0000E+00	0.0000E+00	2.2255E+00
2.0990E+03	0.0000E+00	0.0000E+00	2.2189E+00
2.1000E+03	0.0000E+00	0.0000E+00	2.2078E+00
2.1010E+03	0.0000E+00	0.0000E+00	2.1954E+00
2.1020E+03	0.0000E+00	0.0000E+00	2.1952E+00
2.1030E+03	0.0000E+00	0.0000E+00	2.1859E+00
2.1040E+03	0.0000E+00	0.0000E+00	2.1758E+00
2.1050E+03	0.0000E+00	0.0000E+00	2.1795E+00
2.1060E+03	0.0000E+00	0.0000E+00	2.1951E+00
2.1070E+03	0.0000E+00	0.0000E+00	2.2068E+00
2.1080E+03	0.0000E+00	0.0000E+00	2.2219E+00
2.1090E+03	0.0000E+00	0.0000E+00	2.2403E+00
2.1100E+03	0.0000E+00	0.0000E+00	2.2572E+00
2.1110E+03	0.0000E+00	0.0000E+00	2.2656E+00
2.1120E+03	0.0000E+00	0.0000E+00	2.2820E+00
2.1130E+03	0.0000E+00	0.0000E+00	2.2842E+00
2.1140E+03	0.0000E+00	0.0000E+00	2.2826E+00
2.1150E+03	0.0000E+00	0.0000E+00	2.2812E+00
2.1160E+03	0.0000E+00	0.0000E+00	2.2724E+00
2.1170E+03	0.0000E+00	0.0000E+00	2.2604E+00
2.1180E+03	0.0000E+00	0.0000E+00	2.2503E+00
2.1190E+03	0.0000E+00	0.0000E+00	2.2464E+00
2.1200E+03	0.0000E+00	0.0000E+00	2.2382E+00
2.1210E+03	0.0000E+00	0.0000E+00	2.2282E+00
2.1220E+03	0.0000E+00	0.0000E+00	2.2216E+00
2.1230E+03	0.0000E+00	0.0000E+00	2.2123E+00
2.1240E+03	0.0000E+00	0.0000E+00	2.2015E+00
2.1250E+03	0.0000E+00	0.0000E+00	2.1922E+00
2.1260E+03	0.0000E+00	0.0000E+00	2.1859E+00
2.1270E+03	0.0000E+00	0.0000E+00	2.1721E+00
2.1280E+03	0.0000E+00	0.0000E+00	2.1748E+00
2.1290E+03	0.0000E+00	0.0000E+00	2.1779E+00
2.1300E+03	0.0000E+00	0.0000E+00	2.1847E+00
2.1310E+03	0.0000E+00	0.0000E+00	2.2042E+00
2.1320E+03	0.0000E+00	0.0000E+00	2.2180E+00
2.1330E+03	0.0000E+00	0.0000E+00	2.2383E+00
2.1340E+03	0.0000E+00	0.0000E+00	2.2615E+00
2.1350E+03	0.0000E+00	0.0000E+00	2.2735E+00
2.1360E+03	0.0000E+00	0.0000E+00	2.2788E+00
2.1370E+03	0.0000E+00	0.0000E+00	2.2872E+00
2.1380E+03	0.0000E+00	0.0000E+00	2.2776E+00
2.1390E+03	0.0000E+00	0.0000E+00	2.2769E+00
2.1400E+03	0.0000E+00	0.0000E+00	2.2746E+00
2.1410E+03	0.0000E+00	0.0000E+00	2.2592E+00
2.1420E+03	0.0000E+00	0.0000E+00	2.2459E+00
2.1430E+03	0.0000E+00	0.0000E+00	2.2340E+00
2.1440E+03	0.0000E+00	0.0000E+00	2.2368E+00
2.1450E+03	0.0000E+00	0.0000E+00	2.2209E+00
2.1460E+03	0.0000E+00	0.0000E+00	2.2177E+00
2.1470E+03	0.0000E+00	0.0000E+00	2.2139E+00
2.1480E+03	0.0000E+00	0.0000E+00	2.2006E+00
2.1490E+03	0.0000E+00	0.0000E+00	2.1972E+00
2.1500E+03	0.0000E+00	0.0000E+00	2.1880E+00
2.1510E+03	0.0000E+00	0.0000E+00	2.1817E+00
2.1520E+03	0.0000E+00	0.0000E+00	2.1709E+00
2.1530E+03	0.0000E+00	0.0000E+00	2.1815E+00
2.1540E+03	0.0000E+00	0.0000E+00	2.1929E+00
2.1550E+03	0.0000E+00	0.0000E+00	2.2174E+00
2.1560E+03	0.0000E+00	0.0000E+00	2.2343E+00
2.1570E+03	0.0000E+00	0.0000E+00	2.2458E+00
2.1580E+03	0.0000E+00	0.0000E+00	2.2600E+00
2.1590E+03	0.0000E+00	0.0000E+00	2.2726E+00
2.1600E+03	0.0000E+00	0.0000E+00	2.2717E+00
2.1610E+03	0.0000E+00	0.0000E+00	2.2639E+00
2.1620E+03	0.0000E+00	0.0000E+00	2.2659E+00
2.1630E+03	0.0000E+00	0.0000E+00	2.2520E+00
2.1640E+03	0.0000E+00	0.0000E+00	2.2540E+00
2.1650E+03	0.0000E+00	0.0000E+00	2.2369E+00
2.1660E+03	0.0000E+00	0.0000E+00	2.2220E+00
2.1670E+03	0.0000E+00	0.0000E+00	2.2135E+00
2.1680E+03	0.0000E+00	0.0000E+00	2.2136E+00
2.1690E+03	0.0000E+00	0.0000E+00	2.2040E+00
2.1700E+03	0.0000E+00	0.0000E+00	2.1912E+00
2.1710E+03	0.0000E+00	0.0000E+00	2.1793E+00
2.1720E+03	0.0000E+00	0.0000E+00	2.1721E+00
2.1730E+03	0.0000E+00	0.0000E+00	2.1582E+00
2.1740E+03	0.0000E+00	0.0000E+00	2.1517E+00
2.1750E+03	0.0000E+00	0.0000E+00	2.1488E+00
2.1760E+03	0.0000E+00	0.0000E+00	2.1300E+00
2.1770E+03	0.0000E+00	0.0000E+00	2.1263E+00
2.1780E+03	0.0000E+00	0.0000E+00	2.1306E+00
2.1790E+03	0.0000E+00	0.0000E+00	2.1417E+00
2.1800E+03	0.0000E+00	0.0000E+00	2.1468E+00
2.1810E+03	0.0000E+00	0.0000E+00	2.1593E+00
2.1820E+03	0.0000E+00	0.0000E+00	2.1688E+00
2.1830E+03	0.0000E+00	0.0000E+00	2.1778E+00
2.1840E+03	0.0000E+00	0.0000E+00	2.1807E+00
2.1850E+03	0.0000E+00	0.0000E+00	2.1843E+00
2.1860E+03	0.0000E+00	0.0000E+00	2.1795E+00
2.1870E+03	0.0000E+00	0.0000E+00	2.1780E+00
2.1880E+03	0.0000E+00	0.0000E+00	2.1624E+00
2.1890E+03	0.0000E+00	0.0000E+00	2.1671E+00
2.1900E+03	0.0000E+00	0.0000E+00	2.1530E+00
2.1910E+03	0.0000E+00	0.0000E+00	2.1479E+00
2.1920E+03	0.0000E+00	0.0000E+00	2.1441E+00
2.1930E+03	0.0000E+00	0.0000E+00	2.1408E+00
2.1940E+03	0.0000E+00	0.0000E+00	2.1326E+00
2.1950E+03	0.0000E+00	0.0000E+00	2.1264E+00
2.1960E+03	0.0000E+00	0.0000E+00	2.1207E+00
2.1970E+03	0.0000E+00	0.0000E+00	2.1140E+00
2.1980E+03	0.0000E+00	0.0000E+00	2.1040E+00
2.1990E+03	0.0000E+00	0.0000E+00	2.0995E+00
2.2000E+03	0.0000E+00	0.0000E+00	2.0947E+00
2.2010E+03	0.0000E+00	0.0000E+00	2.0878E+00
2.2020E+03	0.0000E+00	0.0000E+00	2.0928E+00
2.2030E+03	0.0000E+00	0.0000E+00	2.1011E+00
2.2040E+03	0.0000E+00	0.0000E+00	2.1113E+00
2.2050E+03	0.0000E+00	0.0000E+00	2.1273E+00
2.2060E+03	0.0000E+00	0.0000E+00	2.1390E+00
2.2070E+03	0.0000E+00	0.0000E+00	2.1453E+00
2.2080E+03	0.0000E+00	0.0000E+00	2.1538E+00
2.2090E+03	0.0000E+00	0.0000E+00	2.1640E+00
2.2100E+03	0.0000E+00	0.0000E+00	2.1655E+00
2.2110E+03	0.0000E+00	0.0000E+00	2.1541E+00
2.2120E+03	0.0000E+00	0.0000E+00	2.1547E+00
2.2130E+03	0.0000E+00	0.0000E+00	2.1473E+00
2.2140E+03	0.0000E+00	0.0000E+00	2.1377E+00
2.2150E+03	0.0000E+00	0.0000E+00	2.1302E+00
2.2160E+03	0.0000E+00	0.0000E+00	2.1285E+00
2.2170E+03	0.0000E+00	0.0000E+00	2.1245E+00
2.2180E+03	0.0000E+00	0.0000E+00	2.1158E+00
2.2190E+03	0.0000E+00	0.0000E+00	2.1071E+00
2.2200E+03	0.0000E+00	0.0000E+00	2.0995E+00
2.2210E+03	0.0000E+00	0.0000E+00	2.0948E+00
2.2220E+03	0.0000E+00	0.0000E+00	2.0909E+00
2.2230E+03	0.0000E+00	0.0000E+00	2.0919E+00
2.2240E+03	0.0000E+00	0.0000E+00	2.0898E+00
2.2250E+03	0.0000E+00	0.0000E+00	2.0877E+00
2.2260E+03	0.0000E+00	0.0000E+00	2.0868E+00
2.2270E+03	0.0000E+00	0.0000E+00	2.0955E+00
2.2280E+03	0.0000E+00	0.0000E+00	2.0994E+00
2.2290E+03	0.0000E+00	0.0000E+00	2.1105E+00
2.2300E+03	0.0000E+00	0.0000E+00	2.1235E+00
2.2310E+03	0.0000E+00	0.0000E+00	2.1278E+00
2.2320E+03	0.0000E+00	0.0000E+00	2.1308E+00
2.2330E+03	0.0000E+00	0.0000E+00	2.1323E+00
2.2340E+03	0.0000E+00	0.0000E+00	2.1354E+00
2.2350E+03	0.0000E+00	0.0000E+00	2.1299E+00
2.2360E+03	0.0000E+00	0.0000E+00	2.1306E+00
2.2370E+03	0.0000E+00	0.0000E+00	2.1208E+00
2.2380E+03	0.0000E+00	0.0000E+00	2.1127E+00
2.2390E+03	0.0000E+00	0.0000E+00	2.1075E+00
2.2400E+03	0.0000E+00	0.0000E+00	2.1033E+00
2.2410E+03	0.0000E+00	0.0000E+00	2.0981E+00
2.2420E+03	0.0000E+00	0.0000E+00	2.0941E+00
2.2430E+03	0.0000E+00	0.0000E+00	2.0899E+00
2.2440E+03	0.0000E+00	0.0000E+00	2.0856E+00
2.2450E+03	0.0000E+00	0.0000E+00	2.0779E+00
2.2460E+03	0.0000E+00	0.0000E+00	2.0728E+00
2.2470E+03	0.0000E+00	0.0000E+00	2.0628E+00
2.2480E+03	0.0000E+00	0.0000E+00	2.0542E+00
2.2490E+03	0.0000E+00	0.0000E+00	2.0450E+00
2.2500E+03	0.0000E+00	0.0000E+00	2.0473E+00
2.2510E+03	0.0000E+00	0.0000E+00	2.0518E+00
2.2520E+03	0.0000E+00	0.0000E+00	2.0639E+00
2.2530E+03	0.0000E+00	0.0000E+00	2.0799E+00
2.2540E+03	0.0000E+00	0.0000E+00	2.0895E+00
2.2550E+03	0.0000E+00	0.0000E+00	2.1021E+00
2.2560E+03	0.0000E+00	0.0000E+00	2.1141E+00
2.2570E+03	0.0000E+00	0.0000E+00	2.1145E+00
2.2580E+03	0.0000E+00	0.0000E+00	2.1172E+00
2.2590E+03	0.0000E+00	0.0000E+00	2.1100E+00
2.2600E+03	0.0000E+00	0.0000E+00	2.1051E+00
2.2610E+03	0.0000E+00	0.0000E+00	2.1019E+00
2.2620E+03	0.0000E+00	0.0000E+00	2.0960E+00
2.2630E+03	0.0000E+00	0.0000E+00	2.0918E+00
2.2640E+03	0.0000E+00	0.0000E+00	2.0803E+00
2.2650E+03	0.0000E+00	0.0000E+00	2.0809E+00
2.2660E+03	0.0000E+00	0.0000E+00	2.0731E+00
2.2670E+03	0.0000E+00	0.0000E+00	2.0697E+00
2.2680E+03	0.0000E+00	0.0000E+00	2.0603E+00
2.2690E+03	0.0000E+00	0.0000E+00	2.0578E+00
2.2700E+03	0.0000E+00	0.0000E+00	2.0486E+00
2.2710E+03	0.0000E+00	0.0000E+00	2.0483E+00
2.2720E+03	0.0000E+00	0.0000E+00	2.0377E+00
2.2730E+03	0.0000E+00	0.0000E+00	2.0421E+00
2.2740E+03	0.0000E+00	0.0000E+00	2.0496E+00
2.2750E+03	0.0000E+00	0.0000E+00	2.0582E+00
2.2760E+03	0.0000E+00	0.0000E+00	2.0719E+00
2.2770E+03	0.0000E+00	0.0000E+00	2.0787E+00
2.2780E+03	0.0000E+00	0.0000E+00	2.0845E+00
2.2790E+03	0.0000E+00	0.0000E+00	2.0938E+00
2.2800E+03	0.0000E+00	0.0000E+00	2.0944E+00
2.2810E+03	0.0000E+00	0.0000E+00	2.0919E+00
2.2820E+03	0.0000E+00	0.0000E+00	2.0898E+00
2.2830E+03	0.0000E+00	0.0000E+00	2.0898E+00
2.2840E+03	0.0000E+00	0.0000E+00	2.0855E+00
2.2850E+03	0.0000E+00	0.0000E+00	2.0848E+00
2.2860E+03	0.0000E+00	0.0000E+00	2.0765E+00
2.2870E+03	0.0000E+00	0.0000E+00	2.0714E+00
2.2880E+03	0.0000E+00	0.0000E+00	2.0709E+00
2.2890E+03	0.0000E+00	0.0000E+00	2.0598E+00
2.2900E+03	0.0000E+00	0.0000E+00	2.0556E+00
2.2910E+03	0.0000E+00	0.0000E+00	2.0519E+00
2.2920E+03	0.0000E+00	0.0000E+00	2.0432E+00
2.2930E+03	0.0000E+00	0.0000E+00	2.0365E+00
2.2940E+03	0.0000E+00	0.0000E+00	2.0294E+00
2.2950E+03	0.0000E+00	0.0000E+00	2.0257E+00
2.2960E+03	0.0000E+00	0.0000E+00	2.0221E+00
2.2970E+03	0.0000E+00	0.0000E+00	2.0242E+00
2.2980E+03	0.0000E+00	0.0000E+00	2.0155E+00
2.2990E+03	0.0000E+00	0.0000E+00	2.0189E+00
2.3000E+03	0.0000E+00	0.0000E+00	2.0269E+00
2.3010E+03	0.0000E+00	0.0000E+00	2.0395E+00
2.3020E+03	0.0000E+00	0.0000E+00	2.0572E+00
2.3030E+03	0.0000E+00	0.0000E+00	2.0690E+00
2.3040E+03	0.0000E+00	0.0000E+00	2.0825E+00
2.3050E+03	0.0000E+00	0.0000E+00	2.0826E+00
2.3060E+03	0.0000E+00	0.0000E+00	2.0857E+00
2.3070E+03	0.0000E+00	0.0000E+00	2.0862E+00
2.3080E+03	0.0000E+00	0.0000E+00	2.0793E+00
2.3090E+03	0.0000E+00	0.0000E+00	2.0712E+00
2.3100E+03	0.0000E+00	0.0000E+00	2.0677E+00
2.3110E+03	0.0000E+00	0.0000E+00	2.0606E+00
2.3120E+03	0.0000E+00	0.0000E+00	2.0620E+00
2.3130E+03	0.0000E+00	0.0000E+00	2.0574E+00
2.3140E+03	0.0000E+00	0.0000E+00	2.0530E+00
2.3150E+03	0.0000E+00	0.0000E+00	2.0485E+00
2.3160E+03	0.0000E+00	0.0000E+00	2.0371E+00
2.3170E+03	0.0000E+00	0.0000E+00	2.0330E+00
2.3180E+03	0.0000E+00	0.0000E+00	2.0296E+00
2.3190E+03	0.0000E+00	0.0000E+00	2.0218E+00
2.3200E+03	0.0000E+00	0.0000E+00	2.0185E+00
2.3210E+03	0.0000E+00	0.0000E+00	2.0129E+00
2.3220E+03	0.0000E+00	0.0000E+00	2.0224E+00
2.3230E+03	0.0000E+00	0.0000E+00	2.0211E+00
2.3240E+03	0.0000E+00	0.0000E+00	2.0308E+00
2.3250E+03	0.0000E+00	0.0000E+00	2.0442E+00
2.3260E+03	0.0000E+00	0.0000E+00	2.0561E+00
2.3270E+03	0.0000E+00	0.0000E+00	2.0702E+00
2.3280E+03	0.0000E+00	0.0000E+00	2.0923E+00
2.3290E+03	0.0000E+00	0.0000E+00	2.1157E+00
2.3300E+03	0.0000E+00	0.0000E+00	2.1296E+00
2.3310E+03	0.0000E+00	0.0000E+00	2.1339E+00
2.3320E+03	0.0000E+00	0.0000E+00	2.1240E+00
2.3330E+03	0.0000E+00	0.0000E+00	2.1120E+00
2.3340E+03	0.0000E+00	0.0000E+00	2.1003E+00
2.3350E+03	0.0000E+00	0.0000E+00	2.0935E+00
2.3360E+03	0.0000E+00	0.0000E+00	2.0842E+00
2.3370E+03	0.0000E+00	0.0000E+00	2.0736E+00
2.3380E+03	0.0000E+00	0.0000E+00	2.0600E+00
2.3390E+03	0.0000E+00	0.0000E+00	2.0527E+00
2.3400E+03	0.0000E+00	0.0000E+00	2.0516E+00
2.3410E+03	0.0000E+00	0.0000E+00	2.0411E+00
2.3420E+03	0.0000E+00	0.0000E+00	2.0325E+00
2.3430E+03	0.0000E+00	0.0000E+00	2.0239E+00
2.3440E+03	0.0000E+00	0.0000E+00	2.0165E+00
2.3450E+03	0.0000E+00	0.0000E+00	2.0126E+00
2.3460E+03	0.0000E+00	0.0000E+00	2.0357E+00
2.3470E+03	0.0000E+00	0.0000E+00	2.0440E+00
2.3480E+03	0.0000E+00	0.0000E+00	2.0530E+00
2.3490E+03	0.0000E+00	0.0000E+00	2.0499E+00
2.3500E+03	0.0000E+00	0.0000E+00	2.0596E+00
2.3510E+03	0.0000E+00	0.0000E+00	2.0674E+00
2.3520E+03	0.0000E+00	0.0000E+00	2.0734E+00
2.3530E+03	0.0000E+00	0.0000E+00	2.0742E+00
2.3540E+03	0.0000E+00	0.0000E+00	2.0777E+00
2.3550E+03	0.0000E+00	0.0000E+00	2.0805E+00
2.3560E+03	0.0000E+00	0.0000E+00	2.0776E+00
2.3570E+03	0.0000E+00	0.0000E+00	2.0735E+00
2.3580E+03	0.0000E+00	0.0000E+00	2.0669E+00
2.3590E+03	0.0000E+00	0.0000E+00	2.0723E+00
2.3600E+03	0.0000E+00	0.0000E+00	2.0655E+00
2.3610E+03	0.0000E+00	0.0000E+00	2.0569E+00
2.3620E+03	0.0000E+00	0.0000E+00	2.0536E+00
2.3630E+03	0.0000E+00	0.0000E+00	2.0466E+00
2.3640E+03	0.0000E+00	0.0000E+00	2.0515E+00
2.3650E+03	0.0000E+00	0.0000E+00	2.0441E+00
2.3660E+03	0.0000E+00	0.0000E+00	2.0433E+00
2.3670E+03	0.0000E+00	0.0000E+00	2.0340E+00
2.3680E+03	0.0000E+00	0.0000E+00	2.0395E+00
2.3690E+03	0.0000E+00	0.0000E+00	2.0485E+00
2.3700E+03	0.0000E+00	0.0000E+00	2.0484E+00
2.3710E+03	0.0000E+00	0.0000E+00	2.0481E+00
2.3720E+03	0.0000E+00	0.0000E+00	2.0552E+00
2.3730E+03	0.0000E+00	0.0000E+00	2.0665E+00
2.3740E+03	0.0000E+00	0.0000E+00	2.0801E+00
2.3750E+03	0.0000E+00	0.0000E+00	2.0889E+00
2.3760E+03	0.0000E+00	0.0000E+00	2.0924E+00
2.3770E+03	0.0000E+00	0.0000E+00	2.0921E+00
2.3780E+03	0.0000E+00	0.0000E+00	2.0928E+00
2.3790E+03	0.0000E+00	0.0000E+00	2.0913E+00
2.3800E+03	0.0000E+00	0.0000E+00	2.0822E+00
2.3810E+03	0.0000E+00	0.0000E+00	2.0847E+00
2.3820E+03	0.0000E+00	0.0000E+00	2.0756E+00
2.3830E+03	0.0000E+00	0.0000E+00	2.0676E+00
2.3840E+03	0.0000E+00	0.0000E+00	2.0690E+00
2.3850E+03	0.0000E+00	0.0000E+00	2.0670E+00
2.3860E+03	0.0000E+00	0.0000E+00	2.0568E+00
2.3870E+03	0.0000E+00	0.0000E+00	2.0573E+00
2.3880E+03	0.0000E+00	0.0000E+00	2.0546E+00
2.3890E+03	0.0000E+00	0.0000E+00	2.0453E+00
2.3900E+03	0.0000E+00	0.0000E+00	2.0430E+00
2.3910E+03	0.0000E+00	0.0000E+00	2.0380E+00
2.3920E+03	0.0000E+00	0.0000E+00	2.0360E+00
2.3930E+03	0.0000E+00	0.0000E+00	2.0345E+00
2.3940E+03	0.0000E+00	0.0000E+00	2.0415E+00
2.3950E+03	0.0000E+00	0.0000E+00	2.0436E+00
2.3960E+03	0.0000E+00	0.0000E+00	2.0502E+00
2.3970E+03	0.0000E+00	0.0000E+00	2.0564E+00
2.3980E+03	0.0000E+00	0.0000E+00	2.0668E+00
2.3990E+03	0.0000E+00	0.0000E+00	2.0733E+00
2.4000E+03	0.0000E+00	0.0000E+00	2.0784E+00
2.4010E+03	0.0000E+00	0.0000E+00	2.0827E+00
2.4020E+03	0.0000E+00	0.0000E+00	2.0830E+00
2.4030E+03	0.0000E+00	0.0000E+00	2.0842E+00
2.4040E+03	0.0000E+00	0.0000E+00	2.0796E+00
2.4050E+03	0.0000E+00	0.0000E+00	2.0797E+00
2.4060E+03	0.0000E+00	0.0000E+00	2.0737E+00
2.4070E+03	0.0000E+00	0.0000E+00	2.0691E+00
2.4080E+03	0.0000E+00	0.0000E+00	2.0739E+00
2.4090E+03	0.0000E+00	0.0000E+00	2.0643E+00
2.4100E+03	0.0000E+00	0.0000E+00	2.0632E+00
2.4110E+03	0.0000E+00	0.0000E+00	2.0603E+00
2.4120E+03	0.0000E+00	0.0000E+00	2.0560E+00
2.4130E+03	0.0000E+00	0.0000E+00	2.0471E+00
2.4140E+03	0.0000E+00	0.0000E+00	2.0396E+00
2.4150E+03	0.0000E+00	0.0000E+00	2.0312E+00
2.4160E+03	0.0000E+00	0.0000E+00	2.0242E+00
2.4170E+03	0.0000E+00	0.0000E+00	2.0164E+00
2.4180E+03	0.0000E+00	0.0000E+00	2.0271E+00
2.4190E+03	0.0000E+00	0.0000E+00	2.0213E+00
2.4200E+03	0.0000E+00	0.0000E+00	2.0280E+00
2.4210E+03	0.0000E+00	0.0000E+00	2.0382E+00
2.4220E+03	0.0000E+00	0.0000E+00	2.0510E+00
2.4230E+03	0.0000E+00	0.0000E+00	2.0640E+00
2.4240E+03	0.0000E+00	0.0000E+00	2.0769E+00
2.4250E+03	0.0000E+00	0.0000E+00	2.0789E+00
2.4260E+03	0.0000E+00	0.0000E+00	2.0795E+00
2.4270E+03	0.0000E+00	0.0000E+00	2.0795E+00
2.4280E+03	0.0000E+00	0.0000E+00	2.0695E+00
2.4290E+03	0.0000E+00	0.0000E+00	2.0648E+00
2.4300E+03	0.0000E+00	0.0000E+00	2.0589E+00
2.4310E+03	0.0000E+00	0.0000E+00	2.0540E+00
2.4320E+03	0.0000E+00	0.0000E+00	2.0478E+00
2.4330E+03	0.0000E+00	0.0000E+00	2.0458E+00
2.4340E+03	0.0000E+00	0.0000E+00	2.0389E+00
2.4350E+03	0.0000E+00	0.0000E+00	2.0315E+00
2.4360E+03	0.0000E+00	0.0000E+00	2.0241E+00
2.4370E+03	0.0000E+00	0.0000E+00	2.0238E+00
2.4380E+03	0.0000E+00	0.0000E+00	2.0151E+00
2.4390E+03	0.0000E+00	0.0000E+00	2.0130E+00
2.4400E+03	0.0000E+00	0.0000E+00	2.0036E+00
2.4410E+03	0.0000E+00	0.0000E+00	1.9967E+00
2.4420E+03	0.0000E+00	0.0000E+00	1.9967E+00
2.4430E+03	0.0000E+00	0.0000E+00	2.0055E+00
2.4440E+03	0.0000E+00	0.0000E+00	2.0055E+00
2.4450E+03	0.0000E+00	0.0000E+00	2.0178E+00
2.4460E+03	0.0000E+00	0.0000E+00	2.0306E+00
2.4470E+03	0.0000E+00	0.0000E+00	2.0449E+00
2.4480E+03	0.0000E+00	0.0000E+00	2.0550E+00
2.4490E+03	0.0000E+00	0.0000E+00	2.0657E+00
2.4500E+03	0.0000E+00	0.0000E+00	2.0647E+00
2.4510E+03	0.0000E+00	0.0000E+00	2.0591E+00
2.4520E+03	0.0000E+00	0.0000E+00	2.0502E+00
2.4530E+03	0.0000E+00	0.0000E+00	2.0473E+00
2.4540E+03	0.0000E+00	0.0000E+00	2.0439E+00
2.4550E+03	0.0000E+00	0.0000E+00	2.0405E+00
2.4560E+03	0.0000E+00	0.0000E+00	2.0311E+00
2.4570E+03	0.0000E+00	0.0000E+00	2.0250E+00
2.4580E+03	0.0000E+00	0.0000E+00	2.0257E+00
2.4590E+03	0.0000E+00	0.0000E+00	2.0201E+00
2.4600E+03	0.0000E+00	0.0000E+00	2.0133E+00
2.4610E+03	0.0000E+00	0.0000E+00	2.0066E+00
2.4620E+03	0.0000E+00	0.0000E+00	2.0005E+00
2.4630E+03	0.0000E+00	0.0000E+00	1.9945E+00
2.4640E+03	0.0000E+00	0.0000E+00	1.9855E+00
2.4650E+03	0.0000E+00	0.0000E+00	1.9893E+00
2.4660E+03	0.0000E+00	0.0000E+00	1.9899E+00
2.4670E+03	0.0000E+00	0.0000E+00	1.9990E+00
2.4680E+03	0.0000E+00	0.0000E+00	2.0148E+00
2.4690E+03	0.0000E+00	0.0000E+00	2.0351E+00
2.4700E+03	0.0000E+00	0.0000E+00	2.0682E+00
2.4710E+03	0.0000E+00	0.0000E+00	2.1010E+00
2.4720E+03	0.0000E+00	0.0000E+00	2.1203E+00
2.4730E+03	0.0000E+00	0.0000E+00	2.1385E+00
2.4740E+03	0.0000E+00	0.0000E+00	2.1348E+00
2.4750E+03	0.0000E+00	0.0000E+00	2.1224E+00
2.4760E+03	0.0000E+00	0.0000E+00	2.1154E+00
2.4770E+03	0.0000E+00	0.0000E+00	2.1045E+00
2.4780E+03	0.0000E+00	0.0000E+00	2.0942E+00
2.4790E+03	0.0000E+00	0.0000E+00	2.0848E+00
2.4800E+03	0.0000E+00	0.0000E+00	2.0755E+00
2.4810E+03	0.0000E+00	0.0000E+00	2.0641E+00
2.4820E+03	0.0000E+00	0.0000E+00	2.0594E+00
2.4830E+03	0.0000E+00	0.0000E+00	2.0486E+00
2.4840E+03	0.0000E+00	0.0000E+00	2.0399E+00
2.4850E+03	0.0000E+00	0.0000E+00	2.0330E+00
2.4860E+03	0.0000E+00	0.0000E+00	2.0245E+00
2.4870E+03	0.0000E+00	0.0000E+00	2.0245E+00
2.4880E+03	0.0000E+00	0.0000E+00	2.0135E+00
2.4890E+03	0.0000E+00	0.0000E+00	2.0098E+00
2.4900E+03	0.0000E+00	0.0000E+00	2.0052E+00
2.4910E+03	0.0000E+00	0.0000E+00	2.0061E+00
2.4920E+03	0.0000E+00	0.0000E+00	2.0079E+00
2.4930E+03	0.0000E+00	0.0000E+00	2.0185E+00
2.4940E+03	0.0000E+00	0.0000E+00	2.0287E+00
2.4950E+03	0.0000E+00	0.0000E+00	2.0298E+00
2.4960E+03	0.0000E+00	0.0000E+00	2.0334E+00
2.4970E+03	0.0000E+00	0.0000E+00	2.0341E+00
2.4980E+03	0.0000E+00	0.0000E+00	2.0394E+00
2.4990E+03	0.0000E+00	0.0000E+00	2.0315E+00
2.5000E+03	0.0000E+00	0.0000E+00	2.0276E+00
2.5010E+03	0.0000E+00	0.0000E+00	2.0211E+00
2.5020E+03	0.0000E+00	0.0000E+00	2.0208E+00
2.5030E+03	0.0000E+00	0.0000E+00	2.0154E+00
2.5040E+03	0.0000E+00	0.0000E+00	2.0077E+00
2.5050E+03	0.0000E+00	0.0000E+00	2.0065E+00
2.5060E+03	0.0000E+00	0.0000E+00	2.0040E+00
2.5070E+03	0.0000E+00	0.0000E+00	2.0018E+00
2.5080E+03	0.0000E+00	0.0000E+00	1.9999E+00
2.5090E+03	0.0000E+00	0.0000E+00	1.9993E+00
2.5100E+03	0.0000E+00	0.0000E+00	1.9960E+00
2.5110E+03	0.0000E+00	0.0000E+00	1.9922E+00
2.5120E+03	0.0000E+00	0.0000E+00	1.9887E+00
2.5130E+03	0.0000E+00	0.0000E+00	1.9902E+00
2.5140E+03	0.0000E+00	0.0000E+00	2.0018E+00
2.5150E+03	0.0000E+00	0.0000E+00	2.0218E+00
2.5160E+03	0.0000E+00	0.0000E+00	2.0214E+00
2.5170E+03	0.0000E+00	0.0000E+00	2.0125E+00
2.5180E+03	0.0000E+00	0.0000E+00	2.0157E+00
2.5190E+03	0.0000E+00	0.0000E+00	2.0199E+00
2.5200E+03	0.0000E+00	0.0000E+00	2.0290E+00
2.5210E+03	0.0000E+00	0.0000E+00	2.0308E+00
2.5220E+03	0.0000E+00	0.0000E+00	2.0296E+00
2.5230E+03	0.0000E+00	0.0000E+00	2.0312E+00
2.5240E+03	0.0000E+00	0.0000E+00	2.0234E+00
2.5250E+03	0.0000E+00	0.0000E+00	2.0192E+00
2.5260E+03	0.0000E+00	0.0000E+00	2.0169E+00
2.5270E+03	0.0000E+00	0.0000E+00	2.0134E+00
2.5280E+03	0.0000E+00	0.0000E+00	2.0078E+00
2.5290E+03	0.0000E+00	0.0000E+00	2.0047E+00
2.5300E+03	0.0000E+00	0.0000E+00	2.0022E+00
2.5310E+03	0.0000E+00	0.0000E+00	1.9997E+00
2.5320E+03	0.0000E+00	0.0000E+00	1.9953E+00
2.5330E+03	0.0000E+00	0.0000E+00	1.9907E+00
2.5340E+03	0.0000E+00	0.0000E+00	1.9852E+00
2.5350E+03	0.0000E+00	0.0000E+00	1.9807E+00
2.5360E+03	0.0000E+00	0.0000E+00	1.9760E+00
2.5370E+03	0.0000E+00	0.0000E+00	1.9717E+00
2.5380E+03	0.0000E+00	0.0000E+00	1.9680E+00
2.5390E+03	0.0000E+00	0.0000E+00	1.9662E+00
2.5400E+03	0.0000E+00	0.0000E+00	1.9644E+00
2.5410E+03	0.0000E+00	0.0000E+00	1.9724E+00
2.5420E+03	0.0000E+00	0.0000E+00	1.9813E+00
2.5430E+03	0.0000E+00	0.0000E+00	1.9929E+00
2.5440E+03	0.0000E+00	0.0000E+00	2.0057E+00
2.5450E+03	0.0000E+00	0.0000E+00	2.0089E+00
2.5460E+03	0.0000E+00	0.0000E+00	2.0176E+00
2.5470E+03	0.0000E+00	0.0000E+00	2.0121E+00
2.5480E+03	0.0000E+00	0.0000E+00	2.0117E+00
2.5490E+03	0.0000E+00	0.0000E+00	2.0068E+00
2.5500E+03	0.0000E+00	0.0000E+00	2.0039E+00
2.5510E+03	0.0000E+00	0.0000E+00	2.0020E+00
2.5520E+03	0.0000E+00	0.0000E+00	2.0015E+00
2.5530E+03	0.0000E+00	0.0000E+00	1.9914E+00
2.5540E+03	0.0000E+00	0.0000E+00	1.9892E+00
2.5550E+03	0.0000E+00	0.0000E+00	1.9834E+00
2.5560E+03	0.0000E+00	0.0000E+00	1.9788E+00
2.5570E+03	0.0000E+00	0.0000E+00	1.9756E+00
2.5580E+03	0.0000E+00	0.0000E+00	1.9698E+00
2.5590E+03	0.0000E+00	0.0000E+00	1.9647E+00
2.5600E+03	0.0000E+00	0.0000E+00	1.9631E+00
2.5610E+03	0.0000E+00	0.0000E+00	1.9559E+00
2.5620E+03	0.0000E+00	0.0000E+00	1.9549E+00
2.5630E+03	0.0000E+00	0.0000E+00	1.9542E+00
2.5640E+03	0.0000E+00	0.0000E+00	1.9610E+00
2.5650E+03	0.0000E+00	0.0000E+00	1.9634E+00
2.5660E+03	0.0000E+00	0.0000E+00	1.9701E+00
2.5670E+03	0.0000E+00	0.0000E+00	1.9812E+00
2.5680E+03	0.0000E+00	0.0000E+00	1.9842E+00
2.5690E+03	0.0000E+00	0.0000E+00	1.9866E+00
2.5700E+03	0.0000E+00	0.0000E+00	1.9875E+00
2.5710E+03	0.0000E+00	0.0000E+00	1.9833E+00
2.5720E+03	0.0000E+00	0.0000E+00	1.9829E+00
2.5730E+03	0.0000E+00	0.0000E+00	1.9815E+00
2.5740E+03	0.0000E+00	0.0000E+00	1.9766E+00
2.5750E+03	0.0000E+00	0.0000E+00	1.9694E+00
2.5760E+03	0.0000E+00	0.0000E+00	1.9706E+00
2.5770E+03	0.0000E+00	0.0000E+00	1.9688E+00
2.5780E+03	0.0000E+00	0.0000E+00	1.9639E+00
2.5790E+03	0.0000E+00	0.0000E+00	1.9623E+00
2.5800E+03	0.0000E+00	0.0000E+00	1.9604E+00
2.5810E+03	0.0000E+00	0.0000E+00	1.9568E+00
2.5820E+03	0.0000E+00	0.0000E+00	1.9505E+00
2.5830E+03	0.0000E+00	0.0000E+00	1.9481E+00
2.5840E+03	0.0000E+00	0.0000E+00	1.9498E+00
2.5850E+03	0.0000E+00	0.0000E+00	1.9531E+00
2.5860E+03	0.0000E+00	0.0000E+00	1.9725E+00
2.5870E+03	0.0000E+00	0.0000E+00	1.9887E+00
2.5880E+03	0.0000E+00	0.0000E+00	1.9949E+00
2.5890E+03	0.0000E+00	0.0000E+00	2.0051E+00
2.5900E+03	0.0000E+00	0.0000E+00	2.0321E+00
2.5910E+03	0.0000E+00	0.0000E+00	2.0588E+00
2.5920E+03	0.0000E+00	0.0000E+00	2.0683E+00
2.5930E+03	0.0000E+00	0.0000E+00	2.0686E+00
2.5940E+03	0.0000E+00	0.0000E+00	2.0722E+00
2.5950E+03	0.0000E+00	0.0000E+00	2.0651E+00
2.5960E+03	0.0000E+00	0.0000E+00	2.0599E+00
2.5970E+03	0.0000E+00	0.0000E+00	2.0505E+00
2.5980E+03	0.0000E+00	0.0000E+00	2.0410E+00
2.5990E+03	0.0000E+00	0.0000E+00	2.0341E+00
2.6000E+03	0.0000E+00	0.0000E+00	2.0294E+00
2.6010E+03	0.0000E+00	0.0000E+00	2.0189E+00
2.6020E+03	0.0000E+00	0.0000E+00	2.0146E+00
2.6030E+03	0.0000E+00	0.0000E+00	2.0077E+00
2.6040E+03	0.0000E+00	0.0000E+00	2.0002E+00
2.6050E+03	0.0000E+00	0.0000E+00	1.9932E+00
2.6060E+03	0.0000E+00	0.0000E+00	1.9912E+00
2.6070E+03	0.0000E+00	0.0000E+00	1.9794E+00
2.6080E+03	0.0000E+00	0.0000E+00	1.9705E+00
2.6090E+03	0.0000E+00	0.0000E+00	1.9699E+00
2.6100E+03	0.0000E+00	0.0000E+00	1.9631E+00
2.6110E+03	0.0000E+00	0.0000E+00	1.9637E+00
2.6120E+03	0.0000E+00	0.0000E+00	1.9677E+00
2.6130E+03	0.0000E+00	0.0000E+00	1.9766E+00
2.6140E+03	0.0000E+00	0.0000E+00	1.9885E+00
2.6150E+03	0.0000E+00	0.0000E+00	2.0002E+00
2.6160E+03	0.0000E+00	0.0000E+00	2.0063E+00
2.6170E+03	0.0000E+00	0.0000E+00	2.0067E+00
2.6180E+03	0.0000E+00	0.0000E+00	2.0070E+00
2.6190E+03	0.0000E+00	0.0000E+00	2.0088E+00
2.6200E+03	0.0000E+00	0.0000E+00	1.9948E+00
2.6210E+03	0.0000E+00	0.0000E+00	1.9984E+00
2.6220E+03	0.0000E+00	0.0000E+00	1.9875E+00
2.6230E+03	0.0000E+00	0.0000E+00	1.9839E+00
2.6240E+03	0.0000E+00	0.0000E+00	1.9817E+00
2.6250E+03	0.0000E+00	0.0000E+00	1.9804E+00
2.6260E+03	0.0000E+00	0.0000E+00	1.9727E+00
2.6270E+03	0.0000E+00	0.0000E+00	1.9669E+00
2.6280E+03	0.0000E+00	0.0000E+00	1.9621E+00
2.6290E+03	0.0000E+00	0.0000E+00	1.9520E+00
2.6300E+03	0.0000E+00	0.0000E+00	1.9488E+00
2.6310E+03	0.0000E+00	0.0000E+00	1.9429E+00
2.6320E+03	0.0000E+00	0.0000E+00	1.9390E+00
2.6330E+03	0.0000E+00	0.0000E+00	1.9338E+00
2.6340E+03	0.0000E+00	0.0000E+00	1.9302E+00
2.6350E+03	0.0000E+00	0.0000E+00	1.9293E+00
2.6360E+03	0.0000E+00	0.0000E+00	1.9328E+00
2.6370E+03	0.0000E+00	0.0000E+00	1.9333E+00
2.6380E+03	0.0000E+00	0.0000E+00	1.9379E+00
2.6390E+03	0.0000E+00	0.0000E+00	1.9449E+00
2.6400E+03	0.0000E+00	0.0000E+00	1.9518E+00
2.6410E+03	0.0000E+00	0.0000E+00	1.9615E+00
2.6420E+03	0.0000E+00	0.0000E+00	1.9617E+00
2.6430E+03	0.0000E+00	0.0000E+00	1.9598E+00
2.6440E+03	0.0000E+00	0.0000E+00	1.9581E+00
2.6450E+03	0.0000E+00	0.0000E+00	1.9557E+00
2.6460E+03	0.0000E+00	0.0000E+00	1.9542E+00
2.6470E+03	0.0000E+00	0.0000E+00	1.9471E+00
2.6480E+03	0.0000E+00	0.0000E+00	1.9512E+00
2.6490E+03	0.0000E+00	0.0000E+00	1.9452E+00
2.6500E+03	0.0000E+00	0.0000E+00	1.9424E+00
2.6510E+03	0.0000E+00	0.0000E+00	1.9401E+00
2.6520E+03	0.0000E+00	0.0000E+00	1.9347E+00
2.6530E+03	0.0000E+00	0.0000E+00	1.9333E+00
2.6540E+03	0.0000E+00	0.0000E+00	1.9264E+00
2.6550E+03	0.0000E+00	0.0000E+00	1.9253E+00
2.6560E+03	0.0000E+00	0.0000E+00	1.9187E+00
2.6570E+03	0.0000E+00	0.0000E+00	1.9180E+00
2.6580E+03	0.0000E+00	0.0000E+00	1.9148E+00
2.6590E+03	0.0000E+00	0.0000E+00	1.9128E+00
2.6600E+03	0.0000E+00	0.0000E+00	1.9129E+00
2.6610E+03	0.0000E+00	0.0000E+00	1.9194E+00
2.6620E+03	0.0000E+00	0.0000E+00	1.9245E+00
2.6630E+03	0.0000E+00	0.0000E+00	1.9318E+00
2.6640E+03	0.0000E+00	0.0000E+00	1.9433E+00
2.6650E+03	0.0000E+00	0.0000E+00	1.9501E+00
2.6660E+03	0.0000E+00	0.0000E+00	1.9504E+00
2.6670E+03	0.0000E+00	0.0000E+00	1.9558E+00
2.6680E+03	0.0000E+00	0.0000E+00	1.9550E+00
2.6690E+03	0.0000E+00	0.0000E+00	1.9489E+00
2.6700E+03	0.0000E+00	0.0000E+00	1.9456E+00
2.6710E+03	0.0000E+00	0.0000E+00	1.9448E+00
2.6720E+03	0.0000E+00	0.0000E+00	1.9424E+00
2.6730E+03	0.0000E+00	0.0000E+00	1.9418E+00
2.6740E+03	0.0000E+00	0.0000E+00	1.9269E+00
2.6750E+03	0.0000E+00	0.0000E+00	1.9231E+00
2.6760E+03	0.0000E+00	0.0000E+00	1.9243E+00
2.6770E+03	0.0000E+00	0.0000E+00	1.9152E+00
2.6780E+03	0.0000E+00	0.0000E+00	1.9191E+00
2.6790E+03	0.0000E+00	0.0000E+00	1.9123E+00
2.6800E+03	0.0000E+00	0.0000E+00	1.9097E+00
2.6810E+03	0.0000E+00	0.0000E+00	1.9043E+00
2.6820E+03	0.0000E+00	0.0000E+00	1.9043E+00
2.6830E+03	0.0000E+00	0.0000E+00	1.9044E+00
2.6840E+03	0.0000E+00	0.0000E+00	1.9012E+00
2.6850E+03	0.0000E+00	0.0000E+00	1.8984E+00
2.6860E+03	0.0000E+00	0.0000E+00	1.9060E+00
2.6870E+03	0.0000E+00	0.0000E+00	1.9175E+00
2.6880E+03	0.0000E+00	0.0000E+00	1.9230E+00
2.6890E+03	0.0000E+00	0.0000E+00	1.9291E+00
2.6900E+03	0.0000E+00	0.0000E+00	1.9423E+00
2.6910E+03	0.0000E+00	0.0000E+00	1.9461E+00
2.6920E+03	0.0000E+00	0.0000E+00	1.9437E+00
2.6930E+03	0.0000E+00	0.0000E+00	1.9408E+00
2.6940E+03	0.0000E+00	0.0000E+00	1.9399E+00
2.6950E+03	0.0000E+00	0.0000E+00	1.9395E+00
2.6960E+03	0.0000E+00	0.0000E+00	1.9351E+00
2.6970E+03	0.0000E+00	0.0000E+00	1.9350E+00
2.6980E+03	0.0000E+00	0.0000E+00	1.9383E+00
2.6990E+03	0.0000E+00	0.0000E+00	1.9388E+00
2.7000E+03	0.0000E+00	0.0000E+00	1.9380E+00
2.7010E+03	0.0000E+00	0.0000E+00	1.9319E+00
2.7020E+03	0.0000E+00	0.0000E+00	1.9283E+00
2.7030E+03	0.0000E+00	0.0000E+00	1.9289E+00
2.7040E+03	0.0000E+00	0.0000E+00	1.9198E+00
2.7050E+03	0.0000E+00	0.0000E+00	1.9207E+00
2.7060E+03	0.0000E+00	0.0000E+00	1.9140E+00
2.7070E+03	0.0000E+00	0.0000E+00	1.9135E+00
2.7080E+03	0.0000E+00	0.0000E+00	1.9120E+00
2.7090E+03	0.0000E+00	0.0000E+00	1.9183E+00
2.7100E+03	0.0000E+00	0.0000E+00	1.9245E+00
2.7110E+03	0.0000E+00	0.0000E+00	1.9366E+00
2.7120E+03	0.0000E+00	0.0000E+00	1.9455E+00
2.7130E+03	0.0000E+00	0.0000E+00	1.9498E+00
2.7140E+03	0.0000E+00	0.0000E+00	1.9488E+00
2.7150E+03	0.0000E+00	0.0000E+00	1.9506E+00
2.7160E+03	0.0000E+00	0.0000E+00	1.9525E+00
2.7170E+03	0.0000E+00	0.0000E+00	1.9561E+00
2.7180E+03	0.0000E+00	0.0000E+00	1.9470E+00
2.7190E+03	0.0000E+00	0.0000E+00	1.9483E+00
2.7200E+03	0.0000E+00	0.0000E+00	1.9447E+00
2.7210E+03	0.0000E+00	0.0000E+00	1.9423E+00
2.7220E+03	0.0000E+00	0.0000E+00	1.9379E+00
2.7230E+03	0.0000E+00	0.0000E+00	1.9356E+00
2.7240E+03	0.0000E+00	0.0000E+00	1.9355E+00
2.7250E+03	0.0000E+00	0.0000E+00	1.9321E+00
2.7260E+03	0.0000E+00	0.0000E+00	1.9237E+00
2.7270E+03	0.0000E+00	0.0000E+00	1.9205E+00
2.7280E+03	0.0000E+00	0.0000E+00	1.9197E+00
2.7290E+03	0.0000E+00	0.0000E+00	1.9164E+00
2.7300E+03	0.0000E+00	0.0000E+00	1.9150E+00
2.7310E+03	0.0000E+00	0.0000E+00	1.9110E+00
2.7320E+03	0.0000E+00	0.0000E+00	1.9102E+00
2.7330E+03	0.0000E+00	0.0000E+00	1.9110E+00
2.7340E+03	0.0000E+00	0.0000E+00	1.9154E+00
2.7350E+03	0.0000E+00	0.0000E+00	1.9197E+00
2.7360E+03	0.0000E+00	0.0000E+00	1.9279E+00
2.7370E+03	0.0000E+00	0.0000E+00	1.9334E+00
2.7380E+03	0.0000E+00	0.0000E+00	1.9418E+00
2.7390E+03	0.0000E+00	0.0000E+00	1.9434E+00
2.7400E+03	0.0000E+00	0.0000E+00	1.9421E+00
2.7410E+03	0.0000E+00	0.0000E+00	1.9454E+00
2.7420E+03	0.0000E+00	0.0000E+00	1.9471E+00
2.7430E+03	0.0000E+00	0.0000E+00	1.9443E+00
2.7440E+03	0.0000E+00	0.0000E+00	1.9397E+00
2.7450E+03	0.0000E+00	0.0000E+00	1.9371E+00
2.7460E+03	0.0000E+00	0.0000E+00	1.9347E+00
2.7470E+03	0.0000E+00	0.0000E+00	1.9341E+00
2.7480E+03	0.0000E+00	0.0000E+00	1.9365E+00
2.7490E+03	0.0000E+00	0.0000E+00	1.9418E+00
2.7500E+03	0.0000E+00	0.0000E+00	1.9401E+00
2.7510E+03	0.0000E+00	0.0000E+00	1.9404E+00
2.7520E+03	0.0000E+00	0.0000E+00	1.9391E+00
2.7530E+03	0.0000E+00	0.0000E+00	1.9426E+00
2.7540E+03	0.0000E+00	0.0000E+00	1.9538E+00
2.7550E+03	0.0000E+00	0.0000E+00	1.9565E+00
2.7560E+03	0.0000E+00	0.0000E+00	1.9542E+00
2.7570E+03	0.0000E+00	0.0000E+00	1.9518E+00
2.7580E+03	0.0000E+00	0.0000E+00	1.9503E+00
2.7590E+03	0.0000E+00	0.0000E+00	1.9497E+00
2.7600E+03	0.0000E+00	0.0000E+00	1.9549E+00
2.7610E+03	0.0000E+00	0.0000E+00	1.9551E+00
2.7620E+03	0.0000E+00	0.0000E+00	1.9540E+00
2.7630E+03	0.0000E+00	0.0000E+00	1.9511E+00
2.7640E+03	0.0000E+00	0.0000E+00	1.9463E+00
2.7650E+03	0.0000E+00	0.0000E+00	1.9511E+00
2.7660E+03	0.0000E+00	0.0000E+00	1.9496E+00
2.7670E+03	0.0000E+00	0.0000E+00	1.9503E+00
2.7680E+03	0.0000E+00	0.0000E+00	1.9416E+00
2.7690E+03	0.0000E+00	0.0000E+00	1.9391E+00
2.7700E+03	0.0000E+00	0.0000E+00	1.9356E+00
2.7710E+03	0.0000E+00	0.0000E+00	1.9346E+00
2.7720E+03	0.0000E+00	0.0000E+00	1.9297E+00
2.7730E+03	0.0000E+00	0.0000E+00	1.9264E+00
2.7740E+03	0.0000E+00	0.0000E+00	1.9217E+00
2.7750E+03	0.0000E+00	0.0000E+00	1.9170E+00
2.7760E+03	0.0000E+00	0.0000E+00	1.9114E+00
2.7770E+03	0.0000E+00	0.0000E+00	1.9063E+00
2.7780E+03	0.0000E+00	0.0000E+00	1.9050E+00
2.7790E+03	0.0000E+00	0.0000E+00	1.8987E+00
2.7800E+03	0.0000E+00	0.0000E+00	1.8978E+00
2.7810E+03	0.0000E+00	0.0000E+00	1.8970E+00
2.7820E+03	0.0000E+00	0.0000E+00	1.8990E+00
2.7830E+03	0.0000E+00	0.0000E+00	1.9074E+00
2.7840E+03	0.0000E+00	0.0000E+00	1.9099E+00
2.7850E+03	0.0000E+00	0.0000E+00	1.9166E+00
2.7860E+03	0.0000E+00	0.0000E+00	1.9203E+00
2.7870E+03	0.0000E+00	0.0000E+00	1.9225E+00
2.7880E+03	0.0000E+00	0.0000E+00	1.9200E+00
2.7890E+03	0.0000E+00	0.0000E+00	1.9183E+00
2.7900E+03	0.0000E+00	0.0000E+00	1.9177E+00
2.7910E+03	0.0000E+00	0.0000E+00	1.9119E+00
2.7920E+03	0.0000E+00	0.0000E+00	1.9150E+00
2.7930E+03	0.0000E+00	0.0000E+00	1.9114E+00
2.7940E+03	0.0000E+00	0.0000E+00	1.9096E+00
2.7950E+03	0.0000E+00	0.0000E+00	1.9068E+00
2.7960E+03	0.0000E+00	0.0000E+00	1.9076E+00
2.7970E+03	0.0000E+00	0.0000E+00	1.9012E+00
2.7980E+03	0.0000E+00	0.0000E+00	1.9006E+00
2.7990E+03	0.0000E+00	0.0000E+00	1.8968E+00
2.8000E+03	0.0000E+00	0.0000E+00	1.8956E+00
2.8010E+03	0.0000E+00	0.0000E+00	1.8878E+00
2.8020E+03	0.0000E+00	0.0000E+00	1.8827E+00
2.8030E+03	0.0000E+00	0.0000E+00	1.8816E+00
2.8040E+03	0.0000E+00	0.0000E+00	1.8739E+00
2.8050E+03	0.0000E+00	0.0000E+00	1.8731E+00
2.8060E+03	0.0000E+00	0.0000E+00	1.8753E+00
2.8070E+03	0.0000E+00	0.0000E+00	1.8807E+00
2.8080E+03	0.0000E+00	0.0000E+00	1.8845E+00
2.8090E+03	0.0000E+00	0.0000E+00	1.8901E+00
2.8100E+03	0.0000E+00	0.0000E+00	1.8935E+00
2.8110E+03	0.0000E+00	0.0000E+00	1.8939E+00
2.8120E+03	0.0000E+00	0.0000E+00	1.8937E+00
2.8130E+03	0.0000E+00	0.0000E+00	1.8929E+00
2.8140E+03	0.0000E+00	0.0000E+00	1.8945E+00
2.8150E+03	0.0000E+00	0.0000E+00	1.8919E+00
2.8160E+03	0.0000E+00	0.0000E+00	1.8938E+00
2.8170E+03	0.0000E+00	0.0000E+00	1.8931E+00
2.8180E+03	0.0000E+00	0.0000E+00	1.8905E+00
2.8190E+03	0.0000E+00	0.0000E+00	1.8884E+00
2.8200E+03	0.0000E+00	0.0000E+00	1.8880E+00
2.8210E+03	0.0000E+00	0.0000E+00	1.8863E+00
2.8220E+03	0.0000E+00	0.0000E+00	1.8823E+00
2.8230E+03	0.0000E+00	0.0000E+00	1.8778E+00
2.8240E+03	0.0000E+00	0.0000E+00	1.8743E+00
2.8250E+03	0.0000E+00	0.0000E+00	1.8710E+00
2.8260E+03	0.0000E+00	0.0000E+00	1.8684E+00
2.8270E+03	0.0000E+00	0.0000E+00	1.8649E+00
2.8280E+03	0.0000E+00	0.0000E+00	1.8608E+00
2.8290E+03	0.0000E+00	0.0000E+00	1.8620E+00
2.8300E+03	0.0000E+00	0.0000E+00	1.8616E+00
2.8310E+03	0.0000E+00	0.0000E+00	1.8642E+00
2.8320E+03	0.0000E+00	0.0000E+00	1.8656E+00
2.8330E+03	0.0000E+00	0.0000E+00	1.8661E+00
2.8340E+03	0.0000E+00	0.0000E+00	1.8683E+00
2.8350E+03	0.0000E+00	0.0000E+00	1.8760E+00
2.8360E+03	0.0000E+00	0.0000E+00	1.8792E+00
2.8370E+03	0.0000E+00	0.0000E+00	1.8764E+00
2.8380E+03	0.0000E+00	0.0000E+00	1.8753E+00
2.8390E+03	0.0000E+00	0.0000E+00	1.8758E+00
2.8400E+03	0.0000E+00	0.0000E+00	1.8743E+00
2.8410E+03	0.0000E+00	0.0000E+00	1.8766E+00
2.8420E+03	0.0000E+00	0.0000E+00	1.8782E+00
2.8430E+03	0.0000E+00	0.0000E+00	1.8762E+00
2.8440E+03	0.0000E+00	0.0000E+00	1.8747E+00
2.8450E+03	0.0000E+00	0.0000E+00	1.8719E+00
2.8460E+03	0.0000E+00	0.0000E+00	1.8671E+00
2.8470E+03	0.0000E+00	0.0000E+00	1.8638E+00
2.8480E+03	0.0000E+00	0.0000E+00	1.8606E+00
2.8490E+03	0.0000E+00	0.0000E+00	1.8572E+00
2.8500E+03	0.0000E+00	0.0000E+00	1.8562E+00
2.8510E+03	0.0000E+00	0.0000E+00	1.8545E+00
2.8520E+03	0.0000E+00	0.0000E+00	1.8492E+00
2.8530E+03	0.0000E+00	0.0000E+00	1.8492E+00
2.8540E+03	0.0000E+00	0.0000E+00	1.8507E+00
2.8550E+03	0.0000E+00	0.0000E+00	1.8543E+00
2.8560E+03	0.0000E+00	0.0000E+00	1.8582E+00
2.8570E+03	0.0000E+00	0.0000E+00	1.8636E+00
2.8580E+03	0.0000E+00	0.0000E+00	1.8676E+00
2.8590E+03	0.0000E+00	0.0000E+00	1.8729E+00
2.8600E+03	0.0000E+00	0.0000E+00	1.8754E+00
2.8610E+03	0.0000E+00	0.0000E+00	1.8765E+00
2.8620E+03	0.0000E+00	0.0000E+00	1.8719E+00
2.8630E+03	0.0000E+00	0.0000E+00	1.8711E+00
2.8640E+03	0.0000E+00	0.0000E+00	1.8697E+00
2.8650E+03	0.0000E+00	0.0000E+00	1.8694E+00
2.8660E+03	0.0000E+00	0.0000E+00	1.8674E+00
2.8670E+03	0.0000E+00	0.0000E+00	1.8698E+00
2.8680E+03	0.0000E+00	0.0000E+00	1.8639E+00
2.8690E+03	0.0000E+00	0.0000E+00	1.8615E+00
2.8700E+03	0.0000E+00	0.0000E+00	1.8602E+00
2.8710E+03	0.0000E+00	0.0000E+00	1.8588E+00
2.8720E+03	0.0000E+00	0.0000E+00	1.8535E+00
2.8730E+03	0.0000E+00	0.0000E+00	1.8497E+00
2.8740E+03	0.0000E+00	0.0000E+00	1.8475E+00
2.8750E+03	0.0000E+00	0.0000E+00	1.8445E+00
2.8760E+03	0.0000E+00	0.0000E+00	1.8452E+00
2.8770E+03	0.0000E+00	0.0000E+00	1.8456E+00
2.8780E+03	0.0000E+00	0.0000E+00	1.8444E+00
2.8790E+03	0.0000E+00	0.0000E+00	1.8472E+00
2.8800E+03	0.0000E+00	0.0000E+00	1.8507E+00
2.8810E+03	0.0000E+00	0.0000E+00	1.8563E+00
2.8820E+03	0.0000E+00	0.0000E+00	1.8629E+00
2.8830E+03	0.0000E+00	0.0000E+00	1.8641E+00
2.8840E+03	0.0000E+00	0.0000E+00	1.8642E+00
2.8850E+03	0.0000E+00	0.0000E+00	1.8639E+00
2.8860E+03	0.0000E+00	0.0000E+00	1.8638E+00
2.8870E+03	0.0000E+00	0.0000E+00	1.8613E+00
2.8880E+03	0.0000E+00	0.0000E+00	1.8624E+00
2.8890E+03	0.0000E+00	0.0000E+00	1.8604E+00
2.8900E+03	0.0000E+00	0.0000E+00	1.8603E+00
2.8910E+03	0.0000E+00	0.0000E+00	1.8611E+00
2.8920E+03	0.0000E+00	0.0000E+00	1.8576E+00
2.8930E+03	0.0000E+00	0.0000E+00	1.8584E+00
2.8940E+03	0.0000E+00	0.0000E+00	1.8544E+00
2.8950E+03	0.0000E+00	0.0000E+00	1.8490E+00
2.8960E+03	0.0000E+00	0.0000E+00	1.8470E+00
2.8970E+03	0.0000E+00	0.0000E+00	1.8406E+00
2.8980E+03	0.0000E+00	0.0000E+00	1.8398E+00
2.8990E+03	0.0000E+00	0.0000E+00	1.8390E+00
2.9000E+03	0.0000E+00	0.0000E+00	1.8368E+00
2.9010E+03	0.0000E+00	0.0000E+00	1.8349E+00
2.9020E+03	0.0000E+00	0.0000E+00	1.8352E+00
2.9030E+03	0.0000E+00	0.0000E+00	1.8353E+00
2.9040E+03	0.0000E+00	0.0000E+00	1.8367E+00
2.9050E+03	0.0000E+00	0.0000E+00	1.8417E+00
2.9060E+03	0.0000E+00	0.0000E+00	1.8407E+00
2.9070E+03	0.0000E+00	0.0000E+00	1.8479E+00
2.9080E+03	0.0000E+00	0.0000E+00	1.8531E+00
2.9090E+03	0.0000E+00	0.0000E+00	1.8521E+00
2.9100E+03	0.0000E+00	0.0000E+00	1.8516E+00
2.9110E+03	0.0000E+00	0.0000E+00	1.8523E+00
2.9120E+03	0.0000E+00	0.0000E+00	1.8540E+00
2.9130E+03	0.0000E+00	0.0000E+00	1.8514E+00
2.9140E+03	0.0000E+00	0.0000E+00	1.8490E+00
2.9150E+03	0.0000E+00	0.0000E+00	1.8474E+00
2.9160E+03	0.0000E+00	0.0000E+00	1.8473E+00
2.9170E+03	0.0000E+00	0.0000E+00	1.8470E+00
2.9180E+03	0.0000E+00	0.0000E+00	1.8434E+00
2.9190E+03	0.0000E+00	0.0000E+00	1.8425E+00
2.9200E+03	0.0000E+00	0.0000E+00	1.8372E+00
2.9210E+03	0.0000E+00	0.0000E+00	1.8025E+00
2.9220E+03	0.0000E+00	0.0000E+00	1.7958E+00
2.9230E+03	0.0000E+00	0.0000E+00	1.7910E+00
2.9240E+03	0.0000E+00	0.0000E+00	1.7876E+00
2.9250E+03	0.0000E+00	0.0000E+00	1.7865E+00
2.9260E+03	0.0000E+00	0.0000E+00	1.7850E+00
2.9270E+03	0.0000E+00	0.0000E+00	1.7866E+00
2.9280E+03	0.0000E+00	0.0000E+00	1.7900E+00
2.9290E+03	0.0000E+00	0.0000E+00	1.7948E+00
2.9300E+03	0.0000E+00	0.0000E+00	1.8000E+00
2.9310E+03	0.0000E+00	0.0000E+00	1.8055E+00
2.9320E+03	0.0000E+00	0.0000E+00	1.8079E+00
2.9330E+03	0.0000E+00	0.0000E+00	1.8101E+00
2.9340E+03	0.0000E+00	0.0000E+00	1.8062E+00
2.9350E+03	0.0000E+00	0.0000E+00	1.8075E+00
2.9360E+03	0.0000E+00	0.0000E+00	1.8073E+00
2.9370E+03	0.0000E+00	0.0000E+00	1.8063E+00
2.9380E+03	0.0000E+00	0.0000E+00	1.8037E+00
2.9390E+03	0.0000E+00	0.0000E+00	1.8040E+00
2.9400E+03	0.0000E+00	0.0000E+00	1.8047E+00
2.9410E+03	0.0000E+00	0.0000E+00	1.7991E+00
2.9420E+03	0.0000E+00	0.0000E+00	1.7927E+00
2.9430E+03	0.0000E+00	0.0000E+00	1.7922E+00
2.9440E+03	0.0000E+00	0.0000E+00	1.7897E+00
2.9450E+03	0.0000E+00	0.0000E+00	1.7872E+00
2.9460E+03	0.0000E+00	0.0000E+00	1.7845E+00
2.9470E+03	0.0000E+00	0.0000E+00	1.7842E+00
2.9480E+03	0.0000E+00	0.0000E+00	1.7796E+00
2.9490E+03	0.0000E+00	0.0000E+00	1.7793E+00
2.9500E+03	0.0000E+00	0.0000E+00	1.7798E+00
2.9510E+03	0.0000E+00	0.0000E+00	1.7816E+00
2.9520E+03	0.0000E+00	0.0000E+00	1.7830E+00
2.9530E+03	0.0000E+00	0.0000E+00	1.7897E+00
2.9540E+03	0.0000E+00	0.0000E+00	1.7934E+00
2.9550E+03	0.0000E+00	0.0000E+00	1.7960E+00
2.9560E+03	0.0000E+00	0.0000E+00	1.7958E+00
2.9570E+03	0.0000E+00	0.0000E+00	1.7980E+00
2.9580E+03	0.0000E+00	0.0000E+00	1.7980E+00
2.9590E+03	0.0000E+00	0.0000E+00	1.7996E+00
2.9600E+03	0.0000E+00	0.0000E+00	1.7993E+00
2.9610E+03	0.0000E+00	0.0000E+00	1.7980E+00
2.9620E+03	0.0000E+00	0.0000E+00	1.7977E+00
2.9630E+03	0.0000E+00	0.0000E+00	1.7986E+00
2.9640E+03	0.0000E+00	0.0000E+00	1.7943E+00
2.9650E+03	0.0000E+00	0.0000E+00	1.7931E+00
2.9660E+03	0.0000E+00	0.0000E+00	1.7881E+00
2.9670E+03	0.0000E+00	0.0000E+00	1.7843E+00
2.9680E+03	0.0000E+00	0.0000E+00	1.7835E+00
2.9690E+03	0.0000E+00	0.0000E+00	1.7816E+00
2.9700E+03	0.0000E+00	0.0000E+00	1.7821E+00
2.9710E+03	0.0000E+00	0.0000E+00	1.7787E+00
2.9720E+03	0.0000E+00	0.0000E+00	1.7758E+00
2.9730E+03	0.0000E+00	0.0000E+00	1.7729E+00
2.9740E+03	0.0000E+00	0.0000E+00	1.7690E+00
2.9750E+03	0.0000E+00	0.0000E+00	1.7718E+00
2.9760E+03	0.0000E+00	0.0000E+00	1.7718E+00
2.9770E+03	0.0000E+00	0.0000E+00	1.7764E+00
2.9780E+03	0.0000E+00	0.0000E+00	1.7842E+00
2.9790E+03	0.0000E+00	0.0000E+00	1.7901E+00
2.9800E+03	0.0000E+00	0.0000E+00	1.7935E+00
2.9810E+03	0.0000E+00	0.0000E+00	1.7939E+00
2.9820E+03	0.0000E+00	0.0000E+00	1.7932E+00
2.9830E+03	0.0000E+00	0.0000E+00	1.7944E+00
2.9840E+03	0.0000E+00	0.0000E+00	1.7947E+00
2.9850E+03	0.0000E+00	0.0000E+00	1.7960E+00
2.9860E+03	0.0000E+00	0.0000E+00	1.7929E+00
2.9870E+03	0.0000E+00	0.0000E+00	1.7892E+00
2.9880E+03	0.0000E+00	0.0000E+00	1.7876E+00
2.9890E+03	0.0000E+00	0.0000E+00	1.7862E+00
2.9900E+03	0.0000E+00	0.0000E+00	1.7861E+00
2.9910E+03	0.0000E+00	0.0000E+00	1.7844E+00
2.9920E+03	0.0000E+00	0.0000E+00	1.7829E+00
2.9930E+03	0.0000E+00	0.0000E+00	1.7821E+00
2.9940E+03	0.0000E+00	0.0000E+00	1.7791E+00
2.9950E+03	0.0000E+00	0.0000E+00	1.7783E+00
2.9960E+03	0.0000E+00	0.0000E+00	1.7754E+00
2.9970E+03	0.0000E+00	0.0000E+00	1.7752E+00
2.9980E+03	0.0000E+00	0.0000E+00	1.7720E+00
2.9990E+03	0.0000E+00	0.0000E+00	1.7718E+00
3.0000E+03	0.0000E+00	0.0000E+00	1.7706E+00
3.0010E+03	0.0000E+00	0.0000E+00	1.7721E+00
3.0020E+03	0.0000E+00	0.0000E+00	1.7749E+00
3.0030E+03	0.0000E+00	0.0000E+00	1.7765E+00
3.0040E+03	0.0000E+00	0.0000E+00	1.7784E+00
3.0050E+03	0.0000E+00	0.0000E+00	1.7810E+00
3.0060E+03	0.0000E+00	0.0000E+00	1.7843E+00
3.0070E+03	0.0000E+00	0.0000E+00	1.7840E+00
3.0080E+03	0.0000E+00	0.0000E+00	1.7853E+00
3.0090E+03	0.0000E+00	0.0000E+00	1.7841E+00
3.0100E+03	0.0000E+00	0.0000E+00	1.7848E+00
3.0110E+03	0.0000E+00	0.0000E+00	1.7847E+00
3.0120E+03	0.0000E+00	0.0000E+00	1.7832E+00
3.0130E+03	0.0000E+00	0.0000E+00	1.7828E+00
3.0140E+03	0.0000E+00	0.0000E+00	1.7778E+00
3.0150E+03	0.0000E+00	0.0000E+00	1.7739E+00
3.0160E+03	0.0000E+00	0.0000E+00	1.7716E+00
3.0170E+03	0.0000E+00	0.0000E+00	1.7733E+00
3.0180E+03	0.0000E+00	0.0000E+00	1.7718E+00
3.0190E+03	0.0000E+00	0.0000E+00	1.7710E+00
3.0200E+03	0.0000E+00	0.0000E+00	1.7662E+00
3.0210E+03	0.0000E+00	0.0000E+00	1.7661E+00
3.0220E+03	0.0000E+00	0.0000E+00	1.7633E+00
3.0230E+03	0.0000E+00	0.0000E+00	1.7657E+00
3.0240E+03	0.0000E+00	0.0000E+00	1.7670E+00
3.0250E+03	0.0000E+00	0.0000E+00	1.7706E+00
3.0260E+03	0.0000E+00	0.0000E+00	1.7748E+00
3.0270E+03	0.0000E+00	0.0000E+00	1.7777E+00
3.0280E+03	0.0000E+00	0.0000E+00	1.7806E+00
3.0290E+03	0.0000E+00	0.0000E+00	1.7829E+00
3.0300E+03	0.0000E+00	0.0000E+00	1.7810E+00
3.0310E+03	0.0000E+00	0.0000E+00	1.7802E+00
3.0320E+03	0.0000E+00	0.0000E+00	1.7793E+00
3.0330E+03	0.0000E+00	0.0000E+00	1.7785E+00
3.0340E+03	0.0000E+00	0.0000E+00	1.7779E+00
3.0350E+03	0.0000E+00	0.0000E+00	1.7775E+00
3.0360E+03	0.0000E+00	0.0000E+00	1.7802E+00
3.0370E+03	0.0000E+00	0.0000E+00	1.7774E+00
3.0380E+03	0.0000E+00	0.0000E+00	1.7756E+00
3.0390E+03	0.0000E+00	0.0000E+00	1.7752E+00
3.0400E+03	0.0000E+00	0.0000E+00	1.7672E+00
3.0410E+03	0.0000E+00	0.0000E+00	1.7667E+00
3.0420E+03	0.0000E+00	0.0000E+00	1.7656E+00
3.0430E+03	0.0000E+00	0.0000E+00	1.7649E+00
3.0440E+03	0.0000E+00	0.0000E+00	1.7614E+00
3.0450E+03	0.0000E+00	0.0000E+00	1.7588E+00
3.0460E+03	0.0000E+00	0.0000E+00	1.7573E+00
3.0470E+03	0.0000E+00	0.0000E+00	1.7564E+00
3.0480E+03	0.0000E+00	0.0000E+00	1.7554E+00
3.0490E+03	0.0000E+00	0.0000E+00	1.7573E+00
3.0500E+03	0.0000E+00	0.0000E+00	1.7585E+00
3.0510E+03	0.0000E+00	0.0000E+00	1.7555E+00
3.0520E+03	0.0000E+00	0.0000E+00	1.7594E+00
3.0530E+03	0.0000E+00	0.0000E+00	1.7627E+00
3.0540E+03	0.0000E+00	0.0000E+00	1.7655E+00
3.0550E+03	0.0000E+00	0.0000E+00	1.7666E+00
3.0560E+03	0.0000E+00	0.0000E+00	1.7684E+00
3.0570E+03	0.0000E+00	0.0000E+00	1.7680E+00
3.0580E+03	0.0000E+00	0.0000E+00	1.7679E+00
3.0590E+03	0.0000E+00	0.0000E+00	1.7708E+00
3.0600E+03	0.0000E+00	0.0000E+00	1.7654E+00
3.0610E+03	0.0000E+00	0.0000E+00	1.7681E+00
3.0620E+03	0.0000E+00	0.0000E+00	1.7665E+00
3.0630E+03	0.0000E+00	0.0000E+00	1.7646E+00
3.0640E+03	0.0000E+00	0.0000E+00	1.7646E+00
3.0650E+03	0.0000E+00	0.0000E+00	1.7625E+00
3.0660E+03	0.0000E+00	0.0000E+00	1.7564E+00
3.0670E+03	0.0000E+00	0.0000E+00	1.7525E+00
3.0680E+03	0.0000E+00	0.0000E+00	1.7490E+00
3.0690E+03	0.0000E+00	0.0000E+00	1.7494E+00
3.0700E+03	0.0000E+00	0.0000E+00	1.7480E+00
3.0710E+03	0.0000E+00	0.0000E+00	1.7503E+00
3.0720E+03	0.0000E+00	0.0000E+00	1.7512E+00
3.0730E+03	0.0000E+00	0.0000E+00	1.7525E+00
3.0740E+03	0.0000E+00	0.0000E+00	1.7565E+00
3.0750E+03	0.0000E+00	0.0000E+00	1.7642E+00
3.0760E+03	0.0000E+00	0.0000E+00	1.7679E+00
3.0770E+03	0.0000E+00	0.0000E+00	1.7696E+00
3.0780E+03	0.0000E+00	0.0000E+00	1.7713E+00
3.0790E+03	0.0000E+00	0.0000E+00	1.7677E+00
3.0800E+03	0.0000E+00	0.0000E+00	1.7698E+00
3.0810E+03	0.0000E+00	0.0000E+00	1.7701E+00
3.0820E+03	0.0000E+00	0.0000E+00	1.7705E+00
3.0830E+03	0.0000E+00	0.0000E+00	1.7685E+00
3.0840E+03	0.0000E+00	0.0000E+00	1.7652E+00
3.0850E+03	0.0000E+00	0.0000E+00	1.7652E+00
3.0860E+03	0.0000E+00	0.0000E+00	1.7609E+00
3.0870E+03	0.0000E+00	0.0000E+00	1.7587E+00
3.0880E+03	0.0000E+00	0.0000E+00	1.7585E+00
3.0890E+03	0.0000E+00	0.0000E+00	1.7561E+00
3.0900E+03	0.0000E+00	0.0000E+00	1.7536E+00
3.0910E+03	0.0000E+00	0.0000E+00	1.7517E+00
3.0920E+03	0.0000E+00	0.0000E+00	1.7491E+00
3.0930E+03	0.0000E+00	0.0000E+00	1.7470E+00
3.0940E+03	0.0000E+00	0.0000E+00	1.7471E+00
3.0950E+03	0.0000E+00	0.0000E+00	1.7485E+00
3.0960E+03	0.0000E+00	0.0000E+00	1.7519E+00
3.0970E+03	0.0000E+00	0.0000E+00	1.7538E+00
3.0980E+03	0.0000E+00	0.0000E+00	1.7564E+00
3.0990E+03	0.0000E+00	0.0000E+00	1.7599E+00
3.1000E+03	0.0000E+00	0.0000E+00	1.7622E+00
3.1010E+03	0.0000E+00	0.0000E+00	1.7665E+00
3.1020E+03	0.0000E+00	0.0000E+00	1.7661E+00
3.1030E+03	0.0000E+00	0.0000E+00	1.7665E+00
3.1040E+03	0.0000E+00	0.0000E+00	1.7687E+00
3.1050E+03	0.0000E+00	0.0000E+00	1.7693E+00
3.1060E+03	0.0000E+00	0.0000E+00	1.7694E+00
3.1070E+03	0.0000E+00	0.0000E+00	1.7672E+00
3.1080E+03	0.0000E+00	0.0000E+00	1.7671E+00
3.1090E+03	0.0000E+00	0.0000E+00	1.7626E+00
3.1100E+03	0.0000E+00	0.0000E+00	1.7586E+00
3.1110E+03	0.0000E+00	0.0000E+00	1.7557E+00
3.1120E+03	0.0000E+00	0.0000E+00	1.7537E+00
3.1130E+03	0.0000E+00	0.0000E+00	1.7446E+00
3.1140E+03	0.0000E+00	0.0000E+00	1.7436E+00
3.1150E+03	0.0000E+00	0.0000E+00	1.7390E+00
3.1160E+03	0.0000E+00	0.0000E+00	1.7382E+00
3.1170E+03	0.0000E+00	0.0000E+00	1.7355E+00
3.1180E+03	0.0000E+00	0.0000E+00	1.7358E+00
3.1190E+03	0.0000E+00	0.0000E+00	1.7329E+00
3.1200E+03	0.0000E+00	0.0000E+00	1.7335E+00
3.1210E+03	0.0000E+00	0.0000E+00	1.7356E+00
3.1220E+03	0.0000E+00	0.0000E+00	1.7411E+00
3.1230E+03	0.0000E+00	0.0000E+00	1.7455E+00
3.1240E+03	0.0000E+00	0.0000E+00	1.7488E+00
3.1250E+03	0.0000E+00	0.0000E+00	1.7524E+00
3.1260E+03	0.0000E+00	0.0000E+00	1.7533E+00
3.1270E+03	0.0000E+00	0.0000E+00	1.7514E+00
3.1280E+03	0.0000E+00	0.0000E+00	1.7547E+00
3.1290E+03	0.0000E+00	0.0000E+00	1.7564E+00
3.1300E+03	0.0000E+00	0.0000E+00	1.7545E+00
3.1310E+03	0.0000E+00	0.0000E+00	1.7542E+00
3.1320E+03	0.0000E+00	0.0000E+00	1.7523E+00
3.1330E+03	0.0000E+00	0.0000E+00	1.7509E+00
3.1340E+03	0.0000E+00	0.0000E+00	1.7481E+00
3.1350E+03	0.0000E+00	0.0000E+00	1.7444E+00
3.1360E+03	0.0000E+00	0.0000E+00	1.7431E+00
3.1370E+03	0.0000E+00	0.0000E+00	1.7427E+00
3.1380E+03	0.0000E+00	0.0000E+00	1.7401E+00
3.1390E+03	0.0000E+00	0.0000E+00	1.7379E+00
3.1400E+03	0.0000E+00	0.0000E+00	1.7348E+00
3.1410E+03	0.0000E+00	0.0000E+00	1.7312E+00
3.1420E+03	0.0000E+00	0.0000E+00	1.7306E+00
3.1430E+03	0.0000E+00	0.0000E+00	1.7304E+00
3.1440E+03	0.0000E+00	0.0000E+00	1.7343E+00
3.1450E+03	0.0000E+00	0.0000E+00	1.7363E+00
3.1460E+03	0.0000E+00	0.0000E+00	1.7409E+00
3.1470E+03	0.0000E+00	0.0000E+00	1.7417E+00
3.1480E+03	0.0000E+00	0.0000E+00	1.7473E+00
3.1490E+03	0.0000E+00	0.0000E+00	1.7491E+00
3.1500E+03	0.0000E+00	0.0000E+00	1.7517E+00
3.1510E+03	0.0000E+00	0.0000E+00	1.7535E+00
3.1520E+03	0.0000E+00	0.0000E+00	1.7561E+00
3.1530E+03	0.0000E+00	0.0000E+00	1.7557E+00
3.1540E+03	0.0000E+00	0.0000E+00	1.7591E+00
3.1550E+03	0.0000E+00	0.0000E+00	1.7591E+00
3.1560E+03	0.0000E+00	0.0000E+00	1.7547E+00
3.1570E+03	0.0000E+00	0.0000E+00	1.7557E+00
3.1580E+03	0.0000E+00	0.0000E+00	1.7546E+00
3.1590E+03	0.0000E+00	0.0000E+00	1.7539E+00
3.1600E+03	0.0000E+00	0.0000E+00	1.7472E+00
3.1610E+03	0.0000E+00	0.0000E+00	1.7473E+00
3.1620E+03	0.0000E+00	0.0000E+00	1.7450E+00
3.1630E+03	0.0000E+00	0.0000E+00	1.7429E+00
3.1640E+03	0.0000E+00	0.0000E+00	1.7392E+00
3.1650E+03	0.0000E+00	0.0000E+00	1.7378E+00
3.1660E+03	0.0000E+00	0.0000E+00	1.7352E+00
3.1670E+03	0.0000E+00	0.0000E+00	1.7371E+00
3.1680E+03	0.0000E+00	0.0000E+00	1.7374E+00
3.1690E+03	0.0000E+00	0.0000E+00	1.7368E+00
3.1700E+03	0.0000E+00	0.0000E+00	1.7374E+00
3.1710E+03	0.0000E+00	0.0000E+00	1.7397E+00
3.1720E+03	0.0000E+00	0.0000E+00	1.7445E+00
3.1730E+03	0.0000E+00	0.0000E+00	1.7442E+00
3.1740E+03	0.0000E+00	0.0000E+00	1.7493E+00
3.1750E+03	0.0000E+00	0.0000E+00	1.7501E+00
3.1760E+03	0.0000E+00	0.0000E+00	1.7517E+00
3.1770E+03	0.0000E+00	0.0000E+00	1.7525E+00
3.1780E+03	0.0000E+00	0.0000E+00	1.7551E+00
3.1790E+03	0.0000E+00	0.0000E+00	1.7521E+00
3.1800E+03	0.0000E+00	0.0000E+00	1.7536E+00
3.1810E+03	0.0000E+00	0.0000E+00	1.7530E+00
3.1820E+03	0.0000E+00	0.0000E+00	1.7538E+00
3.1830E+03	0.0000E+00	0.0000E+00	1.7526E+00
3.1840E+03	0.0000E+00	0.0000E+00	1.7471E+00
3.1850E+03	0.0000E+00	0.0000E+00	1.7433E+00
3.1860E+03	0.0000E+00	0.0000E+00	1.7435E+00
3.1870E+03	0.0000E+00	0.0000E+00	1.7415E+00
3.1880E+03	0.0000E+00	0.0000E+00	1.7401E+00
3.1890E+03	0.0000E+00	0.0000E+00	1.7386E+00
3.1900E+03	0.0000E+00	0.0000E+00	1.7386E+00
3.1910E+03	0.0000E+00	0.0000E+00	1.7371E+00
3.1920E+03	0.0000E+00	0.0000E+00	1.7375E+00
3.1930E+03	0.0000E+00	0.0000E+00	1.7364E+00
3.1940E+03	0.0000E+00	0.0000E+00	1.7375E+00
3.1950E+03	0.0000E+00	0.0000E+00	1.7369E+00
3.1960E+03	0.0000E+00	0.0000E+00	1.7377E+00
3.1970E+03	0.0000E+00	0.0000E+00	1.7385E+00
3.1980E+03	0.0000E+00	0.0000E+00	1.7387E+00
3.1990E+03	0.0000E+00	0.0000E+00	1.7384E+00
3.2000E+03	0.0000E+00	0.0000E+00	1.7410E+00
3.2010E+03	0.0000E+00	0.0000E+00	1.7439E+00
3.2020E+03	0.0000E+00	0.0000E+00	1.7460E+00
3.2030E+03	0.0000E+00	0.0000E+00	1.7461E+00
3.2040E+03	0.0000E+00	0.0000E+00	1.7476E+00
3.2050E+03	0.0000E+00	0.0000E+00	1.7439E+00
3.2060E+03	0.0000E+00	0.0000E+00	1.7444E+00
3.2070E+03	0.0000E+00	0.0000E+00	1.7436E+00
3.2080E+03	0.0000E+00	0.0000E+00	1.7448E+00
3.2090E+03	0.0000E+00	0.0000E+00	1.7435E+00
3.2100E+03	0.0000E+00	0.0000E+00	1.7406E+00
3.2110E+03	0.0000E+00	0.0000E+00	1.7359E+00
3.2120E+03	0.0000E+00	0.0000E+00	1.7328E+00
3.2130E+03	0.0000E+00	0.0000E+00	1.7282E+00
3.2140E+03	0.0000E+00	0.0000E+00	1.7280E+00
3.2150E+03	0.0000E+00	0.0000E+00	1.7271E+00
3.2160E+03	0.0000E+00	0.0000E+00	1.7273E+00
3.2170E+03	0.0000E+00	0.0000E+00	1.7294E+00
3.2180E+03	0.0000E+00	0.0000E+00	1.7299E+00
3.2190E+03	0.0000E+00	0.0000E+00	1.7328E+00
3.2200E+03	0.0000E+00	0.0000E+00	1.7353E+00
3.2210E+03	0.0000E+00	0.0000E+00	1.7329E+00
3.2220E+03	0.0000E+00	0.0000E+00	1.7352E+00
3.2230E+03	0.0000E+00	0.0000E+00	1.7399E+00
3.2240E+03	0.0000E+00	0.0000E+00	1.7428E+00
3.2250E+03	0.0000E+00	0.0000E+00	1.7444E+00
3.2260E+03	0.0000E+00	0.0000E+00	1.7457E+00
3.2270E+03	0.0000E+00	0.0000E+00	1.7463E+00
3.2280E+03	0.0000E+00	0.0000E+00	1.7461E+00
3.2290E+03	0.0000E+00	0.0000E+00	1.7453E+00
3.2300E+03	0.0000E+00	0.0000E+00	1.7438E+00
3.2310E+03	0.0000E+00	0.0000E+00	1.7433E+00
3.2320E+03	0.0000E+00	0.0000E+00	1.7426E+00
3.2330E+03	0.0000E+00	0.0000E+00	1.7400E+00
3.2340E+03	0.0000E+00	0.0000E+00	1.7362E+00
3.2350E+03	0.0000E+00	0.0000E+00	1.7355E+00
3.2360E+03	0.0000E+00	0.0000E+00	1.7304E+00
3.2370E+03	0.0000E+00	0.0000E+00	1.7269E+00
3.2380E+03	0.0000E+00	0.0000E+00	1.7259E+00
3.2390E+03	0.0000E+00	0.0000E+00	1.7257E+00
3.2400E+03	0.0000E+00	0.0000E+00	1.7251E+00
3.2410E+03	0.0000E+00	0.0000E+00	1.7246E+00
3.2420E+03	0.0000E+00	0.0000E+00	1.7223E+00
3.2430E+03	0.0000E+00	0.0000E+00	1.7282E+00
3.2440E+03	0.0000E+00	0.0000E+00	1.7267E+00
3.2450E+03	0.0000E+00	0.0000E+00	1.7293E+00
3.2460E+03	0.0000E+00	0.0000E+00	1.7314E+00
3.2470E+03	0.0000E+00	0.0000E+00	1.7379E+00
3.2480E+03	0.0000E+00	0.0000E+00	1.7376E+00
3.2490E+03	0.0000E+00	0.0000E+00	1.7408E+00
3.2500E+03	0.0000E+00	0.0000E+00	1.7426E+00
3.2510E+03	0.0000E+00	0.0000E+00	1.7418E+00
3.2520E+03	0.0000E+00	0.0000E+00	1.7437E+00
3.2530E+03	0.0000E+00	0.0000E+00	1.7441E+00
3.2540E+03	0.0000E+00	0.0000E+00	1.7439E+00
3.2550E+03	0.0000E+00	0.0000E+00	1.7400E+00
3.2560E+03	0.0000E+00	0.0000E+00	1.7386E+00
3.2570E+03	0.0000E+00	0.0000E+00	1.7360E+00
3.2580E+03	0.0000E+00	0.0000E+00	1.7343E+00
3.2590E+03	0.0000E+00	0.0000E+00	1.7306E+00
3.2600E+03	0.0000E+00	0.0000E+00	1.7257E+00
3.2610E+03	0.0000E+00	0.0000E+00	1.7261E+00
3.2620E+03	0.0000E+00	0.0000E+00	1.7248E+00
3.2630E+03	0.0000E+00	0.0000E+00	1.7238E+00
3.2640E+03	0.0000E+00	0.0000E+00	1.7229E+00
3.2650E+03	0.0000E+00	0.0000E+00	1.7239E+00
3.2660E+03	0.0000E+00	0.0000E+00	1.7237E+00
3.2670E+03	0.0000E+00	0.0000E+00	1.7260E+00
3.2680E+03	0.0000E+00	0.0000E+00	1.7297E+00
3.2690E+03	0.0000E+00	0.0000E+00	1.7336E+00
3.2700E+03	0.0000E+00	0.0000E+00	1.7347E+00
3.2710E+03	0.0000E+00	0.0000E+00	1.7376E+00
3.2720E+03	0.0000E+00	0.0000E+00	1.7384E+00
3.2730E+03	0.0000E+00	0.0000E+00	1.7419E+00
3.2740E+03	0.0000E+00	0.0000E+00	1.7421E+00
3.2750E+03	0.0000E+00	0.0000E+00	1.7410E+00
3.2760E+03	0.0000E+00	0.0000E+00	1.7413E+00
3.2770E+03	0.0000E+00	0.0000E+00	1.7410E+00
3.2780E+03	0.0000E+00	0.0000E+00	1.7396E+00
3.2790E+03	0.0000E+00	0.0000E+00	1.7367E+00
3.2800E+03	0.0000E+00	0.0000E+00	1.7330E+00
3.2810E+03	0.0000E+00	0.0000E+00	1.7325E+00
3.2820E+03	0.0000E+00	0.0000E+00	1.7299E+00
3.2830E+03	0.0000E+00	0.0000E+00	1.7284E+00
3.2840E+03	0.0000E+00	0.0000E+00	1.7244E+00
3.2850E+03	0.0000E+00	0.0000E+00	1.7200E+00
3.2860E+03	0.0000E+00	0.0000E+00	1.7175E+00
3.2870E+03	0.0000E+00	0.0000E+00	1.7153E+00
3.2880E+03	0.0000E+00	0.0000E+00	1.7167E+00
3.2890E+03	0.0000E+00	0.0000E+00	1.7147E+00
3.2900E+03	0.0000E+00	0.0000E+00	1.7162E+00
3.2910E+03	0.0000E+00	0.0000E+00	1.7171E+00
3.2920E+03	0.0000E+00	0.0000E+00	1.7202E+00
3.2930E+03	0.0000E+00	0.0000E+00	1.7254E+00
3.2940E+03	0.0000E+00	0.0000E+00	1.7289E+00
3.2950E+03	0.0000E+00	0.0000E+00	1.7289E+00
3.2960E+03	0.0000E+00	0.0000E+00	1.7341E+00
3.2970E+03	0.0000E+00	0.0000E+00	1.7354E+00
3.2980E+03	0.0000E+00	0.0000E+00	1.7359E+00
3.2990E+03	0.0000E+00	0.0000E+00	1.7375E+00
3.3000E+03	0.0000E+00	0.0000E+00	1.7367E+00
3.3010E+03	0.0000E+00	0.0000E+00	1.7361E+00
3.3020E+03	0.0000E+00	0.0000E+00	1.7324E+00
3.3030E+03	0.0000E+00	0.0000E+00	1.7323E+00
3.3040E+03	0.0000E+00	0.0000E+00	1.7343E+00
3.3050E+03	0.0000E+00	0.0000E+00	1.7313E+00
3.3060E+03	0.0000E+00	0.0000E+00	1.7266E+00
3.3070E+03	0.0000E+00	0.0000E+00	1.7243E+00
3.3080E+03	0.0000E+00	0.0000E+00	1.7223E+00
3.3090E+03	0.0000E+00	0.0000E+00	1.7216E+00
3.3100E+03	0.0000E+00	0.0000E+00	1.7192E+00
3.3110E+03	0.0000E+00	0.0000E+00	1.7192E+00
3.3120E+03	0.0000E+00	0.0000E+00	1.7220E+00
3.3130E+03	0.0000E+00	0.0000E+00	1.7206E+00
3.3140E+03	0.0000E+00	0.0000E+00	1.7221E+00
3.3150E+03	0.0000E+00	0.0000E+00	1.7210E+00
3.3160E+03	0.0000E+00	0.0000E+00	1.7239E+00
3.3170E+03	0.0000E+00	0.0000E+00	1.7263E+00
3.3180E+03	0.0000E+00	0.0000E+00	1.7313E+00
3.3190E+03	0.0000E+00	0.0000E+00	1.7310E+00
3.3200E+03	0.0000E+00	0.0000E+00	1.7301E+00
3.3210E+03	0.0000E+00	0.0000E+00	1.7301E+00
3.3220E+03	0.0000E+00	0.0000E+00	1.7305E+00
3.3230E+03	0.0000E+00	0.0000E+00	1.7310E+00
3.3240E+03	0.0000E+00	0.0000E+00	1.7325E+00
3.3250E+03	0.0000E+00	0.0000E+00	1.7322E+00
3.3260E+03	0.0000E+00	0.0000E+00	1.7305E+00
3.3270E+03	0.0000E+00	0.0000E+00	1.7319E+00
3.3280E+03	0.0000E+00	0.0000E+00	1.7291E+00
3.3290E+03	0.0000E+00	0.0000E+00	1.7266E+00
3.3300E+03	0.0000E+00	0.0000E+00	1.7255E+00
3.3310E+03	0.0000E+00	0.0000E+00	1.7224E+00
3.3320E+03	0.0000E+00	0.0000E+00	1.7206E+00
3.3330E+03	0.0000E+00	0.0000E+00	1.7179E+00
3.3340E+03	0.0000E+00	0.0000E+00	1.7151E+00
3.3350E+03	0.0000E+00	0.0000E+00	1.7160E+00
3.3360E+03	0.0000E+00	0.0000E+00	1.7183E+00
3.3370E+03	0.0000E+00	0.0000E+00	1.7203E+00
3.3380E+03	0.0000E+00	0.0000E+00	1.7208E+00
3.3390E+03	0.0000E+00	0.0000E+00	1.7219E+00
3.3400E+03	0.0000E+00	0.0000E+00	1.7231E+00
3.3410E+03	0.0000E+00	0.0000E+00	1.7280E+00
3.3420E+03	0.0000E+00	0.0000E+00	1.7295E+00
3.3430E+03	0.0000E+00	0.0000E+00	1.7285E+00
3.3440E+03	0.0000E+00	0.0000E+00	1.7315E+00
3.3450E+03	0.0000E+00	0.0000E+00	1.7321E+00
3.3460E+03	0.0000E+00	0.0000E+00	1.7341E+00
3.3470E+03	0.0000E+00	0.0000E+00	1.7317E+00
3.3480E+03	0.0000E+00	0.0000E+00	1.7318E+00
3.3490E+03	0.0000E+00	0.0000E+00	1.7348E+00
3.3500E+03	0.0000E+00	0.0000E+00	1.7338E+00
3.3510E+03	0.0000E+00	0.0000E+00	1.7329E+00
3.3520E+03	0.0000E+00	0.0000E+00	1.7294E+00
3.3530E+03	0.0000E+00	0.0000E+00	1.7288E+00
3.3540E+03	0.0000E+00	0.0000E+00	1.7268E+00
3.3550E+03	0.0000E+00	0.0000E+00	1.7292E+00
3.3560E+03	0.0000E+00	0.0000E+00	1.7281E+00
3.3570E+03	0.0000E+00	0.0000E+00	1.7276E+00
3.3580E+03	0.0000E+00	0.0000E+00	1.7249E+00
3.3590E+03	0.0000E+00	0.0000E+00	1.7291E+00
3.3600E+03	0.0000E+00	0.0000E+00	1.7274E+00
3.3610E+03	0.0000E+00	0.0000E+00	1.7290E+00
3.3620E+03	0.0000E+00	0.0000E+00	1.7307E+00
3.3630E+03	0.0000E+00	0.0000E+00	1.7312E+00
3.3640E+03	0.0000E+00	0.0000E+00	1.7310E+00
3.3650E+03	0.0000E+00	0.0000E+00	1.7292E+00
3.3660E+03	0.0000E+00	0.0000E+00	1.7298E+00
3.3670E+03	0.0000E+00	0.0000E+00	1.7285E+00
3.3680E+03	0.0000E+00	0.0000E+00	1.7311E+00
3.3690E+03	0.0000E+00	0.0000E+00	1.7325E+00
3.3700E+03	0.0000E+00	0.0000E+00	1.7327E+00
3.3710E+03	0.0000E+00	0.0000E+00	1.7337E+00
3.3720E+03	0.0000E+00	0.0000E+00	1.7321E+00
3.3730E+03	0.0000E+00	0.0000E+00	1.7342E+00
3.3740E+03	0.0000E+00	0.0000E+00	1.7330E+00
3.3750E+03	0.0000E+00	0.0000E+00	1.7356E+00
3.3760E+03	0.0000E+00	0.0000E+00	1.7340E+00
3.3770E+03	0.0000E+00	0.0000E+00	1.7319E+00
3.3780E+03	0.0000E+00	0.0000E+00	1.7275E+00
3.3790E+03	0.0000E+00	0.0000E+00	1.7293E+00
3.3800E+03	0.0000E+00	0.0000E+00	1.7254E+00
3.3810E+03	0.0000E+00	0.0000E+00	1.7196E+00
3.3820E+03	0.0000E+00	0.0000E+00	1.7194E+00
3.3830E+03	0.0000E+00	0.0000E+00	1.7198E+00
3.3840E+03	0.0000E+00	0.0000E+00	1.7215E+00
3.3850E+03	0.0000E+00	0.0000E+00	1.7225E+00
3.3860E+03	0.0000E+00	0.0000E+00	1.7224E+00
3.3870E+03	0.0000E+00	0.0000E+00	1.7237E+00
3.3880E+03	0.0000E+00	0.0000E+00	1.7284E+00
3.3890E+03	0.0000E+00	0.0000E+00	1.7314E+00
3.3900E+03	0.0000E+00	0.0000E+00	1.7308E+00
3.3910E+03	0.0000E+00	0.0000E+00	1.7311E+00
3.3920E+03	0.0000E+00	0.0000E+00	1.7323E+00
3.3930E+03	0.0000E+00	0.0000E+00	1.7337E+00
3.3940E+03	0.0000E+00	0.0000E+00	1.7342E+00
3.3950E+03	0.0000E+00	0.0000E+00	1.7351E+00
3.3960E+03	0.0000E+00	0.0000E+00	1.7356E+00
3.3970E+03	0.0000E+00	0.0000E+00	1.7360E+00
3.3980E+03	0.0000E+00	0.0000E+00	1.7331E+00
3.3990E+03	0.0000E+00	0.0000E+00	1.7326E+00
3.4000E+03	0.0000E+00	0.0000E+00	1.7308E+00
3.4010E+03	0.0000E+00	0.0000E+00	1.7273E+00
3.4020E+03	0.0000E+00	0.0000E+00	1.7232E+00
3.4030E+03	0.0000E+00	0.0000E+00	1.7194E+00
3.4040E+03	0.0000E+00	0.0000E+00	1.7194E+00
3.4050E+03	0.0000E+00	0.0000E+00	1.7168E+00
3.4060E+03	0.0000E+00	0.0000E+00	1.7133E+00
3.4070E+03	0.0000E+00	0.0000E+00	1.7159E+00
3.4080E+03	0.0000E+00	0.0000E+00	1.7160E+00
3.4090E+03	0.0000E+00	0.0000E+00	1.7135E+00
3.4100E+03	0.0000E+00	0.0000E+00	1.7163E+00
3.4110E+03	0.0000E+00	0.0000E+00	1.7153E+00
3.4120E+03	0.0000E+00	0.0000E+00	1.7169E+00
3.4130E+03	0.0000E+00	0.0000E+00	1.7191E+00
3.4140E+03	0.0000E+00	0.0000E+00	1.7208E+00
3.4150E+03	0.0000E+00	0.0000E+00	1.7199E+00
3.4160E+03	0.0000E+00	0.0000E+00	1.7242E+00
3.4170E+03	0.0000E+00	0.0000E+00	1.7263E+00
3.4180E+03	0.0000E+00	0.0000E+00	1.7278E+00
3.4190E+03	0.0000E+00	0.0000E+00	1.7276E+00
3.4200E+03	0.0000E+00	0.0000E+00	1.7268E+00
3.4210E+03	0.0000E+00	0.0000E+00	1.7269E+00
3.4220E+03	0.0000E+00	0.0000E+00	1.7275E+00
3.4230E+03	0.0000E+00	0.0000E+00	1.7336E+00
3.4240E+03	0.0000E+00	0.0000E+00	1.7356E+00
3.4250E+03	0.0000E+00	0.0000E+00	1.7327E+00
3.4260E+03	0.0000E+00	0.0000E+00	1.7292E+00
3.4270E+03	0.0000E+00	0.0000E+00	1.7250E+00
3.4280E+03	0.0000E+00	0.0000E+00	1.7231E+00
3.4290E+03	0.0000E+00	0.0000E+00	1.7207E+00
3.4300E+03	0.0000E+00	0.0000E+00	1.7201E+00
3.4310E+03	0.0000E+00	0.0000E+00	1.7220E+00
3.4320E+03	0.0000E+00	0.0000E+00	1.7213E+00
3.4330E+03	0.0000E+00	0.0000E+00	1.7227E+00
3.4340E+03	0.0000E+00	0.0000E+00	1.7223E+00
3.4350E+03	0.0000E+00	0.0000E+00	1.7229E+00
3.4360E+03	0.0000E+00	0.0000E+00	1.7233E+00
3.4370E+03	0.0000E+00	0.0000E+00	1.7213E+00
3.4380E+03	0.0000E+00	0.0000E+00	1.7225E+00
3.4390E+03	0.0000E+00	0.0000E+00	1.7242E+00
3.4400E+03	0.0000E+00	0.0000E+00	1.7265E+00
3.4410E+03	0.0000E+00	0.0000E+00	1.7272E+00
3.4420E+03	0.0000E+00	0.0000E+00	1.7277E+00
3.4430E+03	0.0000E+00	0.0000E+00	1.7274E+00
3.4440E+03	0.0000E+00	0.0000E+00	1.7285E+00
3.4450E+03	0.0000E+00	0.0000E+00	1.7274E+00
3.4460E+03	0.0000E+00	0.0000E+00	1.7275E+00
3.4470E+03	0.0000E+00	0.0000E+00	1.7271E+00
3.4480E+03	0.0000E+00	0.0000E+00	1.7237E+00
3.4490E+03	0.0000E+00	0.0000E+00	1.7234E+00
3.4500E+03	0.0000E+00	0.0000E+00	1.7180E+00
3.4510E+03	0.0000E+00	0.0000E+00	1.7152E+00
3.4520E+03	0.0000E+00	0.0000E+00	1.7124E+00
3.4530E+03	0.0000E+00	0.0000E+00	1.7094E+00
3.4540E+03	0.0000E+00	0.0000E+00	1.7077E+00
3.4550E+03	0.0000E+00	0.0000E+00	1.7065E+00
3.4560E+03	0.0000E+00	0.0000E+00	1.7063E+00
3.4570E+03	0.0000E+00	0.0000E+00	1.7082E+00
3.4580E+03	0.0000E+00	0.0000E+00	1.7074E+00
3.4590E+03	0.0000E+00	0.0000E+00	1.7083E+00
3.4600E+03	0.0000E+00	0.0000E+00	1.7095E+00
3.4610E+03	0.0000E+00	0.0000E+00	1.7104E+00
3.4620E+03	0.0000E+00	0.0000E+00	1.7114E+00
3.4630E+03	0.0000E+00	0.0000E+00	1.7089E+00
3.4640E+03	0.0000E+00	0.0000E+00	1.7131E+00
3.4650E+03	0.0000E+00	0.0000E+00	1.7163E+00
3.4660E+03	0.0000E+00	0.0000E+00	1.7174E+00
3.4670E+03	0.0000E+00	0.0000E+00	1.7179E+00
3.4680E+03	0.0000E+00	0.0000E+00	1.7183E+00
3.4690E+03	0.0000E+00	0.0000E+00	1.7168E+00
3.4700E+03	0.0000E+00	0.0000E+00	1.7166E+00
3.4710E+03	0.0000E+00	0.0000E+00	1.7165E+00
3.4720E+03	0.0000E+00	0.0000E+00	1.7177E+00
3.4730E+03	0.0000E+00	0.0000E+00	1.7163E+00
3.4740E+03	0.0000E+00	0.0000E+00	1.7153E+00
3.4750E+03	0.0000E+00	0.0000E+00	1.7119E+00
3.4760E+03	0.0000E+00	0.0000E+00	1.7110E+00
3.4770E+03	0.0000E+00	0.0000E+00	1.7111E+00
3.4780E+03	0.0000E+00	0.0000E+00	1.7056E+00
3.4790E+03	0.0000E+00	0.0000E+00	1.7070E+00
3.4800E+03	0.0000E+00	0.0000E+00	1.7047E+00
3.4810E+03	0.0000E+00	0.0000E+00	1.7041E+00
3.4820E+03	0.0000E+00	0.0000E+00	1.7051E+00
3.4830E+03	0.0000E+00	0.0000E+00	1.7083E+00
3.4840E+03	0.0000E+00	0.0000E+00	1.7071E+00
3.4850E+03	0.0000E+00	0.0000E+00	1.7097E+00
3.4860E+03	0.0000E+00	0.0000E+00	1.7071E+00
3.4870E+03	0.0000E+00	0.0000E+00	1.7091E+00
3.4880E+03	0.0000E+00	0.0000E+00	1.7098E+00
3.4890E+03	0.0000E+00	0.0000E+00	1.7142E+00
3.4900E+03	0.0000E+00	0.0000E+00	1.7166E+00
3.4910E+03	0.0000E+00	0.0000E+00	1.7171E+00
3.4920E+03	0.0000E+00	0.0000E+00	1.7155E+00
3.4930E+03	0.0000E+00	0.0000E+00	1.7162E+00
3.4940E+03	0.0000E+00	0.0000E+00	1.7163E+00
3.4950E+03	0.0000E+00	0.0000E+00	1.7142E+00
3.4960E+03	0.0000E+00	0.0000E+00	1.7149E+00
3.4970E+03	0.0000E+00	0.0000E+00	1.7129E+00
3.4980E+03	0.0000E+00	0.0000E+00	1.7124E+00
3.4990E+03	0.0000E+00	0.0000E+00	1.7067E+00
3.5000E+03	0.0000E+00	0.0000E+00	1.7040E+00
3.5010E+03	0.0000E+00	0.0000E+00	1.7055E+00
3.5020E+03	0.0000E+00	0.0000E+00	1.7038E+00
3.5030E+03	0.0000E+00	0.0000E+00	1.7050E+00
3.5040E+03	0.0000E+00	0.0000E+00	1.7048E+00
3.5050E+03	0.0000E+00	0.0000E+00	1.7043E+00
3.5060E+03	0.0000E+00	0.0000E+00	1.7017E+00
3.5070E+03	0.0000E+00	0.0000E+00	1.7013E+00
3.5080E+03	0.0000E+00	0.0000E+00	1.7021E+00
3.5090E+03	0.0000E+00	0.0000E+00	1.6999E+00
3.5100E+03	0.0000E+00	0.0000E+00	1.7021E+00
3.5110E+03	0.0000E+00	0.0000E+00	1.7014E+00
3.5120E+03	0.0000E+00	0.0000E+00	1.7045E+00
3.5130E+03	0.0000E+00	0.0000E+00	1.7059E+00
3.5140E+03	0.0000E+00	0.0000E+00	1.7098E+00
3.5150E+03	0.0000E+00	0.0000E+00	1.7122E+00
3.5160E+03	0.0000E+00	0.0000E+00	1.7125E+00
3.5170E+03	0.0000E+00	0.0000E+00	1.7102E+00
3.5180E+03	0.0000E+00	0.0000E+00	1.7114E+00
3.5190E+03	0.0000E+00	0.0000E+00	1.7123E+00
3.5200E+03	0.0000E+00	0.0000E+00	1.7107E+00
3.5210E+03	0.0000E+00	0.0000E+00	1.7093E+00
3.5220E+03	0.0000E+00	0.0000E+00	1.7095E+00
3.5230E+03	0.0000E+00	0.0000E+00	1.7059E+00
3.5240E+03	0.0000E+00	0.0000E+00	1.7004E+00
3.5250E+03	0.0000E+00	0.0000E+00	1.6982E+00
3.5260E+03	0.0000E+00	0.0000E+00	1.6967E+00
3.5270E+03	0.0000E+00	0.0000E+00	1.6979E+00
3.5280E+03	0.0000E+00	0.0000E+00	1.6958E+00
3.5290E+03	0.0000E+00	0.0000E+00	1.6964E+00
3.5300E+03	0.0000E+00	0.0000E+00	1.6928E+00
3.5310E+03	0.0000E+00	0.0000E+00	1.6930E+00
3.5320E+03	0.0000E+00	0.0000E+00	1.6934E+00
3.5330E+03	0.0000E+00	0.0000E+00	1.6938E+00
3.5340E+03	0.0000E+00	0.0000E+00	1.6916E+00
3.5350E+03	0.0000E+00	0.0000E+00	1.6914E+00
3.5360E+03	0.0000E+00	0.0000E+00	1.6958E+00
3.5370E+03	0.0000E+00	0.0000E+00	1.7006E+00
3.5380E+03	0.0000E+00	0.0000E+00	1.7026E+00
3.5390E+03	0.0000E+00	0.0000E+00	1.7036E+00
3.5400E+03	0.0000E+00	0.0000E+00	1.7046E+00
3.5410E+03	0.0000E+00	0.0000E+00	1.7042E+00
3.5420E+03	0.0000E+00	0.0000E+00	1.7038E+00
3.5430E+03	0.0000E+00	0.0000E+00	1.7038E+00
3.5440E+03	0.0000E+00	0.0000E+00	1.7062E+00
3.5450E+03	0.0000E+00	0.0000E+00	1.7053E+00
3.5460E+03	0.0000E+00	0.0000E+00	1.6995E+00
3.5470E+03	0.0000E+00	0.0000E+00	1.6955E+00
3.5480E+03	0.0000E+00	0.0000E+00	1.6907E+00
3.5490E+03	0.0000E+00	0.0000E+00	1.6905E+00
3.5500E+03	0.0000E+00	0.0000E+00	1.6885E+00
3.5510E+03	0.0000E+00	0.0000E+00	1.6874E+00
3.5520E+03	0.0000E+00	0.0000E+00	1.6859E+00
3.5530E+03	0.0000E+00	0.0000E+00	1.6863E+00
3.5540E+03	0.0000E+00	0.0000E+00	1.6868E+00
3.5550E+03	0.0000E+00	0.0000E+00	1.6836E+00
3.5560E+03	0.0000E+00	0.0000E+00	1.6831E+00
3.5570E+03	0.0000E+00	0.0000E+00	1.6858E+00
3.5580E+03	0.0000E+00	0.0000E+00	1.6866E+00
3.5590E+03	0.0000E+00	0.0000E+00	1.6863E+00
3.5600E+03	0.0000E+00	0.0000E+00	1.6887E+00
3.5610E+03	0.0000E+00	0.0000E+00	1.6944E+00
3.5620E+03	0.0000E+00	0.0000E+00	1.6969E+00
3.5630E+03	0.0000E+00	0.0000E+00	1.6964E+00
3.5640E+03	0.0000E+00	0.0000E+00	1.6975E+00
3.5650E+03	0.0000E+00	0.0000E+00	1.6973E+00
3.5660E+03	0.0000E+00	0.0000E+00	1.6975E+00
3.5670E+03	0.0000E+00	0.0000E+00	1.6981E+00
3.5680E+03	0.0000E+00	0.0000E+00	1.6972E+00
3.5690E+03	0.0000E+00	0.0000E+00	1.6981E+00
3.5700E+03	0.0000E+00	0.0000E+00	1.6994E+00
3.5710E+03	0.0000E+00	0.0000E+00	1.6954E+00
3.5720E+03	0.0000E+00	0.0000E+00	1.6925E+00
3.5730E+03	0.0000E+00	0.0000E+00	1.6884E+00
3.5740E+03	0.0000E+00	0.0000E+00	1.6859E+00
3.5750E+03	0.0000E+00	0.0000E+00	1.6845E+00
3.5760E+03	0.0000E+00	0.0000E+00	1.6845E+00
3.5770E+03	0.0000E+00	0.0000E+00	1.6868E+00
3.5780E+03	0.0000E+00	0.0000E+00	1.6850E+00
3.5790E+03	0.0000E+00	0.0000E+00	1.6846E+00
3.5800E+03	0.0000E+00	0.0000E+00	1.6861E+00
3.5810E+03	0.0000E+00	0.0000E+00	1.6859E+00
3.5820E+03	0.0000E+00	0.0000E+00	1.6860E+00
3.5830E+03	0.0000E+00	0.0000E+00	1.6874E+00
3.5840E+03	0.0000E+00	0.0000E+00	1.6891E+00
3.5850E+03	0.0000E+00	0.0000E+00	1.6930E+00
3.5860E+03	0.0000E+00	0.0000E+00	1.6929E+00
3.5870E+03	0.0000E+00	0.0000E+00	1.6943E+00
3.5880E+03	0.0000E+00	0.0000E+00	1.6949E+00
3.5890E+03	0.0000E+00	0.0000E+00	1.6961E+00
3.5900E+03	0.0000E+00	0.0000E+00	1.6959E+00
3.5910E+03	0.0000E+00	0.0000E+00	1.6967E+00
3.5920E+03	0.0000E+00	0.0000E+00	1.6957E+00
3.5930E+03	0.0000E+00	0.0000E+00	1.6967E+00
3.5940E+03	0.0000E+00	0.0000E+00	1.6926E+00
3.5950E+03	0.0000E+00	0.0000E+00	1.6890E+00
3.5960E+03	0.0000E+00	0.0000E+00	1.6860E+00
3.5970E+03	0.0000E+00	0.0000E+00	1.6850E+00
3.5980E+03	0.0000E+00	0.0000E+00	1.6837E+00
3.5990E+03	0.0000E+00	0.0000E+00	1.6845E+00
3.6000E+03	0.0000E+00	0.0000E+00	1.6860E+00
3.6010E+03	0.0000E+00	0.0000E+00	1.6878E+00
3.6020E+03	0.0000E+00	0.0000E+00	1.6850E+00
3.6030E+03	0.0000E+00	0.0000E+00	1.6882E+00
3.6040E+03	0.0000E+00	0.0000E+00	1.6861E+00
3.6050E+03	0.0000E+00	0.0000E+00	1.6876E+00
3.6060E+03	0.0000E+00	0.0000E+00	1.6877E+00
3.6070E+03	0.0000E+00	0.0000E+00	1.6897E+00
3.6080E+03	0.0000E+00	0.0000E+00	1.6894E+00
3.6090E+03	0.0000E+00	0.0000E+00	1.6906E+00
3.6100E+03	0.0000E+00	0.0000E+00	1.6905E+00
3.6110E+03	0.0000E+00	0.0000E+00	1.6915E+00
3.6120E+03	0.0000E+00	0.0000E+00	1.6924E+00
3.6130E+03	0.0000E+00	0.0000E+00	1.6933E+00
3.6140E+03	0.0000E+00	0.0000E+00	1.6927E+00
3.6150E+03	0.0000E+00	0.0000E+00	1.6916E+00
3.6160E+03	0.0000E+00	0.0000E+00	1.6934E+00
3.6170E+03	0.0000E+00	0.0000E+00	1.6955E+00
3.6180E+03	0.0000E+00	0.0000E+00	1.6949E+00
3.6190E+03	0.0000E+00	0.0000E+00	1.6930E+00
3.6200E+03	0.0000E+00	0.0000E+00	1.6893E+00
3.6210E+03	0.0000E+00	0.0000E+00	1.6859E+00
3.6220E+03	0.0000E+00	0.0000E+00	1.6837E+00
3.6230E+03	0.0000E+00	0.0000E+00	1.6824E+00
3.6240E+03	0.0000E+00	0.0000E+00	1.6824E+00
3.6250E+03	0.0000E+00	0.0000E+00	1.6823E+00
3.6260E+03	0.0000E+00	0.0000E+00	1.6824E+00
3.6270E+03	0.0000E+00	0.0000E+00	1.6819E+00
3.6280E+03	0.0000E+00	0.0000E+00	1.6827E+00
3.6290E+03	0.0000E+00	0.0000E+00	1.6814E+00
3.6300E+03	0.0000E+00	0.0000E+00	1.6828E+00
3.6310E+03	0.0000E+00	0.0000E+00	1.6852E+00
3.6320E+03	0.0000E+00	0.0000E+00	1.6865E+00
3.6330E+03	0.0000E+00	0.0000E+00	1.6861E+00
3.6340E+03	0.0000E+00	0.0000E+00	1.6892E+00
3.6350E+03	0.0000E+00	0.0000E+00	1.6952E+00
3.6360E+03	0.0000E+00	0.0000E+00	1.6974E+00
3.6370E+03	0.0000E+00	0.0000E+00	1.6981E+00
3.6380E+03	0.0000E+00	0.0000E+00	1.6989E+00
3.6390E+03	0.0000E+00	0.0000E+00	1.7008E+00
3.6400E+03	0.0000E+00	0.0000E+00	1.7024E+00
3.6410E+03	0.0000E+00	0.0000E+00	1.7031E+00
3.6420E+03	0.0000E+00	0.0000E+00	1.7005E+00
3.6430E+03	0.0000E+00	0.0000E+00	1.6994E+00
3.6440E+03	0.0000E+00	0.0000E+00	1.7001E+00
3.6450E+03	0.0000E+00	0.0000E+00	1.7053E+00
3.6460E+03	0.0000E+00	0.0000E+00	1.7065E+00
3.6470E+03	0.0000E+00	0.0000E+00	1.7071E+00
3.6480E+03	0.0000E+00	0.0000E+00	1.7043E+00
3.6490E+03	0.0000E+00	0.0000E+00	1.7025E+00
3.6500E+03	0.0000E+00	0.0000E+00	1.7025E+00
3.6510E+03	0.0000E+00	0.0000E+00	1.7032E+00
3.6520E+03	0.0000E+00	0.0000E+00	1.7015E+00
3.6530E+03	0.0000E+00	0.0000E+00	1.6996E+00
3.6540E+03	0.0000E+00	0.0000E+00	1.7003E+00
3.6550E+03	0.0000E+00	0.0000E+00	1.6996E+00
3.6560E+03	0.0000E+00	0.0000E+00	1.6995E+00
3.6570E+03	0.0000E+00	0.0000E+00	1.7008E+00
3.6580E+03	0.0000E+00	0.0000E+00	1.7010E+00
3.6590E+03	0.0000E+00	0.0000E+00	1.7003E+00
3.6600E+03	0.0000E+00	0.0000E+00	1.7000E+00
3.6610E+03	0.0000E+00	0.0000E+00	1.6980E+00
3.6620E+03	0.0000E+00	0.0000E+00	1.6982E+00
3.6630E+03	0.0000E+00	0.0000E+00	1.6987E+00
3.6640E+03	0.0000E+00	0.0000E+00	1.6974E+00
3.6650E+03	0.0000E+00	0.0000E+00	1.6963E+00
3.6660E+03	0.0000E+00	0.0000E+00	1.6928E+00
3.6670E+03	0.0000E+00	0.0000E+00	1.6889E+00
3.6680E+03	0.0000E+00	0.0000E+00	1.6846E+00
3.6690E+03	0.0000E+00	0.0000E+00	1.6816E+00
3.6700E+03	0.0000E+00	0.0000E+00	1.6839E+00
3.6710E+03	0.0000E+00	0.0000E+00	1.6857E+00
3.6720E+03	0.0000E+00	0.0000E+00	1.6851E+00
3.6730E+03	0.0000E+00	0.0000E+00	1.6847E+00
3.6740E+03	0.0000E+00	0.0000E+00	1.6823E+00
3.6750E+03	0.0000E+00	0.0000E+00	1.6815E+00
3.6760E+03	0.0000E+00	0.0000E+00	1.6834E+00
3.6770E+03	0.0000E+00	0.0000E+00	1.6814E+00
3.6780E+03	0.0000E+00	0.0000E+00	1.6839E+00
3.6790E+03	0.0000E+00	0.0000E+00	1.6821E+00
3.6800E+03	0.0000E+00	0.0000E+00	1.6846E+00
3.6810E+03	0.0000E+00	0.0000E+00	1.6870E+00
3.6820E+03	0.0000E+00	0.0000E+00	1.6880E+00
3.6830E+03	0.0000E+00	0.0000E+00	1.6913E+00
3.6840E+03	0.0000E+00	0.0000E+00	1.6923E+00
3.6850E+03	0.0000E+00	0.0000E+00	1.6920E+00
3.6860E+03	0.0000E+00	0.0000E+00	1.6922E+00
3.6870E+03	0.0000E+00	0.0000E+00	1.6904E+00
3.6880E+03	0.0000E+00	0.0000E+00	1.6913E+00
3.6890E+03	0.0000E+00	0.0000E+00	1.6900E+00
3.6900E+03	0.0000E+00	0.0000E+00	1.6911E+00
3.6910E+03	0.0000E+00	0.0000E+00	1.6866E+00
3.6920E+03	0.0000E+00	0.0000E+00	1.6835E+00
3.6930E+03	0.0000E+00	0.0000E+00	1.6823E+00
3.6940E+03	0.0000E+00	0.0000E+00	1.6820E+00
3.6950E+03	0.0000E+00	0.0000E+00	1.6849E+00
3.6960E+03	0.0000E+00	0.0000E+00	1.6824E+00
3.6970E+03	0.0000E+00	0.0000E+00	1.6815E+00
3.6980E+03	0.0000E+00	0.0000E+00	1.6816E+00
3.6990E+03	0.0000E+00	0.0000E+00	1.6810E+00
3.7000E+03	0.0000E+00	0.0000E+00	1.6802E+00
3.7010E+03	0.0000E+00	0.0000E+00	1.6802E+00
3.7020E+03	0.0000E+00	0.0000E+00	1.6788E+00
3.7030E+03	0.0000E+00	0.0000E+00	1.6781E+00
3.7040E+03	0.0000E+00	0.0000E+00	1.6819E+00
3.7050E+03	0.0000E+00	0.0000E+00	1.6843E+00
3.7060E+03	0.0000E+00	0.0000E+00	1.6866E+00
3.7070E+03	0.0000E+00	0.0000E+00	1.6873E+00
3.7080E+03	0.0000E+00	0.0000E+00	1.6876E+00
3.7090E+03	0.0000E+00	0.0000E+00	1.6889E+00
3.7100E+03	0.0000E+00	0.0000E+00	1.6870E+00
3.7110E+03	0.0000E+00	0.0000E+00	1.6875E+00
3.7120E+03	0.0000E+00	0.0000E+00	1.6858E+00
3.7130E+03	0.0000E+00	0.0000E+00	1.6864E+00
3.7140E+03	0.0000E+00	0.0000E+00	1.6855E+00
3.7150E+03	0.0000E+00	0.0000E+00	1.6834E+00
3.7160E+03	0.0000E+00	0.0000E+00	1.6793E+00
3.7170E+03	0.0000E+00	0.0000E+00	1.6744E+00
3.7180E+03	0.0000E+00	0.0000E+00	1.6742E+00
3.7190E+03	0.0000E+00	0.0000E+00	1.6706E+00
3.7200E+03	0.0000E+00	0.0000E+00	1.6712E+00
3.7210E+03	0.0000E+00	0.0000E+00	1.6741E+00
3.7220E+03	0.0000E+00	0.0000E+00	1.6744E+00
3.7230E+03	0.0000E+00	0.0000E+00	1.6727E+00
3.7240E+03	0.0000E+00	0.0000E+00	1.6721E+00
3.7250E+03	0.0000E+00	0.0000E+00	1.6717E+00
3.7260E+03	0.0000E+00	0.0000E+00	1.6699E+00
3.7270E+03	0.0000E+00	0.0000E+00	1.6685E+00
3.7280E+03	0.0000E+00	0.0000E+00	1.6741E+00
3.7290E+03	0.0000E+00	0.0000E+00	1.6751E+00
3.7300E+03	0.0000E+00	0.0000E+00	1.6778E+00
3.7310E+03	0.0000E+00	0.0000E+00	1.6790E+00
3.7320E+03	0.0000E+00	0.0000E+00	1.6796E+00
3.7330E+03	0.0000E+00	0.0000E+00	1.6807E+00
3.7340E+03	0.0000E+00	0.0000E+00	1.6812E+00
3.7350E+03	0.0000E+00	0.0000E+00	1.6803E+00
3.7360E+03	0.0000E+00	0.0000E+00	1.6810E+00
3.7370E+03	0.0000E+00	0.0000E+00	1.6810E+00
3.7380E+03	0.0000E+00	0.0000E+00	1.6791E+00
3.7390E+03	0.0000E+00	0.0000E+00	1.6774E+00
3.7400E+03	0.0000E+00	0.0000E+00	1.6759E+00
3.7410E+03	0.0000E+00	0.0000E+00	1.6707E+00
3.7420E+03	0.0000E+00	0.0000E+00	1.6681E+00
3.7430E+03	0.0000E+00	0.0000E+00	1.6664E+00
3.7440E+03	0.0000E+00	0.0000E+00	1.6645E+00
3.7450E+03	0.0000E+00	0.0000E+00	1.6659E+00
3.7460E+03	0.0000E+00	0.0000E+00	1.6663E+00
3.7470E+03	0.0000E+00	0.0000E+00	1.6641E+00
3.7480E+03	0.0000E+00	0.0000E+00	1.6633E+00
3.7490E+03	0.0000E+00	0.0000E+00	1.6643E+00
3.7500E+03	0.0000E+00	0.0000E+00	1.6614E+00
3.7510E+03	0.0000E+00	0.0000E+00	1.6642E+00
3.7520E+03	0.0000E+00	0.0000E+00	1.6686E+00
3.7530E+03	0.0000E+00	0.0000E+00	1.6708E+00
3.7540E+03	0.0000E+00	0.0000E+00	1.6752E+00
3.7550E+03	0.0000E+00	0.0000E+00	1.6744E+00
3.7560E+03	0.0000E+00	0.0000E+00	1.6760E+00
3.7570E+03	0.0000E+00	0.0000E+00	1.6744E+00
3.7580E+03	0.0000E+00	0.0000E+00	1.6742E+00
3.7590E+03	0.0000E+00	0.0000E+00	1.6750E+00
3.7600E+03	0.0000E+00	0.0000E+00	1.6743E+00
3.7610E+03	0.0000E+00	0.0000E+00	1.6765E+00
3.7620E+03	0.0000E+00	0.0000E+00	1.6728E+00
3.7630E+03	0.0000E+00	0.0000E+00	1.6713E+00
3.7640E+03	0.0000E+00	0.0000E+00	1.6668E+00
3.7650E+03	0.0000E+00	0.0000E+00	1.6633E+00
3.7660E+03	0.0000E+00	0.0000E+00	1.6628E+00
3.7670E+03	0.0000E+00	0.0000E+00	1.6670E+00
3.7680E+03	0.0000E+00	0.0000E+00	1.6679E+00
3.7690E+03	0.0000E+00	0.0000E+00	1.6661E+00
3.7700E+03	0.0000E+00	0.0000E+00	1.6659E+00
3.7710E+03	0.0000E+00	0.0000E+00	1.6651E+00
3.7720E+03	0.0000E+00	0.0000E+00	1.6636E+00
3.7730E+03	0.0000E+00	0.0000E+00	1.6641E+00
3.7740E+03	0.0000E+00	0.0000E+00	1.6630E+00
3.7750E+03	0.0000E+00	0.0000E+00	1.6640E+00
3.7760E+03	0.0000E+00	0.0000E+00	1.6655E+00
3.7770E+03	0.0000E+00	0.0000E+00	1.6686E+00
3.7780E+03	0.0000E+00	0.0000E+00	1.6722E+00
3.7790E+03	0.0000E+00	0.0000E+00	1.6739E+00
3.7800E+03	0.0000E+00	0.0000E+00	1.6760E+00
3.7810E+03	0.0000E+00	0.0000E+00	1.6749E+00
3.7820E+03	0.0000E+00	0.0000E+00	1.6768E+00
3.7830E+03	0.0000E+00	0.0000E+00	1.6765E+00
3.7840E+03	0.0000E+00	0.0000E+00	1.6768E+00
3.7850E+03	0.0000E+00	0.0000E+00	1.6758E+00
3.7860E+03	0.0000E+00	0.0000E+00	1.6722E+00
3.7870E+03	0.0000E+00	0.0000E+00	1.6686E+00
3.7880E+03	0.0000E+00	0.0000E+00	1.6655E+00
3.7890E+03	0.0000E+00	0.0000E+00	1.6650E+00
3.7900E+03	0.0000E+00	0.0000E+00	1.6665E+00
3.7910E+03	0.0000E+00	0.0000E+00	1.6690E+00
3.7920E+03	0.0000E+00	0.0000E+00	1.6658E+00
3.7930E+03	0.0000E+00	0.0000E+00	1.6638E+00
3.7940E+03	0.0000E+00	0.0000E+00	1.6640E+00
3.7950E+03	0.0000E+00	0.0000E+00	1.6641E+00
3.7960E+03	0.0000E+00	0.0000E+00	1.6616E+00
3.7970E+03	0.0000E+00	0.0000E+00	1.6626E+00
3.7980E+03	0.0000E+00	0.0000E+00	1.6631E+00
3.7990E+03	0.0000E+00	0.0000E+00	1.6615E+00
3.8000E+03	0.0000E+00	0.0000E+00	1.6643E+00
3.8010E+03	0.0000E+00	0.0000E+00	1.6671E+00
3.8020E+03	0.0000E+00	0.0000E+00	1.6705E+00
3.8030E+03	0.0000E+00	0.0000E+00	1.6699E+00
3.8040E+03	0.0000E+00	0.0000E+00	1.6719E+00
3.8050E+03	0.0000E+00	0.0000E+00	1.6720E+00
3.8060E+03	0.0000E+00	0.0000E+00	1.6721E+00
3.8070E+03	0.0000E+00	0.0000E+00	1.6756E+00
3.8080E+03	0.0000E+00	0.0000E+00	1.6750E+00
3.8090E+03	0.0000E+00	0.0000E+00	1.6710E+00
3.8100E+03	0.0000E+00	0.0000E+00	1.6712E+00
3.8110E+03	0.0000E+00	0.0000E+00	1.6671E+00
3.8120E+03	0.0000E+00	0.0000E+00	1.6609E+00
3.8130E+03	0.0000E+00	0.0000E+00	1.6582E+00
3.8140E+03	0.0000E+00	0.0000E+00	1.6616E+00
3.8150E+03	0.0000E+00	0.0000E+00	1.6562E+00
3.8160E+03	0.0000E+00	0.0000E+00	1.6602E+00
3.8170E+03	0.0000E+00	0.0000E+00	1.6602E+00
3.8180E+03	0.0000E+00	0.0000E+00	1.6594E+00
3.8190E+03	0.0000E+00	0.0000E+00	1.6583E+00
3.8200E+03	0.0000E+00	0.0000E+00	1.6569E+00
3.8210E+03	0.0000E+00	0.0000E+00	1.6564E+00
3.8220E+03	0.0000E+00	0.0000E+00	1.6572E+00
3.8230E+03	0.0000E+00	0.0000E+00	1.6557E+00
3.8240E+03	0.0000E+00	0.0000E+00	1.6607E+00
3.8250E+03	0.0000E+00	0.0000E+00	1.6648E+00
3.8260E+03	0.0000E+00	0.0000E+00	1.6654E+00
3.8270E+03	0.0000E+00	0.0000E+00	1.6676E+00
3.8280E+03	0.0000E+00	0.0000E+00	1.6691E+00
3.8290E+03	0.0000E+00	0.0000E+00	1.6688E+00
3.8300E+03	0.0000E+00	0.0000E+00	1.6696E+00
3.8310E+03	0.0000E+00	0.0000E+00	1.6706E+00
3.8320E+03	0.0000E+00	0.0000E+00	1.6717E+00
3.8330E+03	0.0000E+00	0.0000E+00	1.6695E+00
3.8340E+03	0.0000E+00	0.0000E+00	1.6676E+00
3.8350E+03	0.0000E+00	0.0000E+00	1.6649E+00
3.8360E+03	0.0000E+00	0.0000E+00	1.6622E+00
3.8370E+03	0.0000E+00	0.0000E+00	1.6598E+00
3.8380E+03	0.0000E+00	0.0000E+00	1.6648E+00
3.8390E+03	0.0000E+00	0.0000E+00	1.6636E+00
3.8400E+03	0.0000E+00	0.0000E+00	1.6625E+00
3.8410E+03	0.0000E+00	0.0000E+00	1.6608E+00
3.8420E+03	0.0000E+00	0.0000E+00	1.6602E+00
3.8430E+03	0.0000E+00	0.0000E+00	1.6583E+00
3.8440E+03	0.0000E+00	0.0000E+00	1.6579E+00
3.8450E+03	0.0000E+00	0.0000E+00	1.6575E+00
3.8460E+03	0.0000E+00	0.0000E+00	1.6583E+00
3.8470E+03	0.0000E+00	0.0000E+00	1.6578E+00
3.8480E+03	0.0000E+00	0.0000E+00	1.6602E+00
3.8490E+03	0.0000E+00	0.0000E+00	1.6640E+00
3.8500E+03	0.0000E+00	0.0000E+00	1.6641E+00
3.8510E+03	0.0000E+00	0.0000E+00	1.6663E+00
3.8520E+03	0.0000E+00	0.0000E+00	1.6688E+00
3.8530E+03	0.0000E+00	0.0000E+00	1.6673E+00
3.8540E+03	0.0000E+00	0.0000E+00	1.6677E+00
3.8550E+03	0.0000E+00	0.0000E+00	1.6676E+00
3.8560E+03	0.0000E+00	0.0000E+00	1.6677E+00
3.8570E+03	0.0000E+00	0.0000E+00	1.6681E+00
3.8580E+03	0.0000E+00	0.0000E+00	1.6664E+00
3.8590E+03	0.0000E+00	0.0000E+00	1.6650E+00
3.8600E+03	0.0000E+00	0.0000E+00	1.6609E+00
3.8610E+03	0.0000E+00	0.0000E+00	1.6558E+00
3.8620E+03	0.0000E+00	0.0000E+00	1.6576E+00
3.8630E+03	0.0000E+00	0.0000E+00	1.6610E+00
3.8640E+03	0.0000E+00	0.0000E+00	1.6616E+00
3.8650E+03	0.0000E+00	0.0000E+00	1.6593E+00
3.8660E+03	0.0000E+00	0.0000E+00	1.6598E+00
3.8670E+03	0.0000E+00	0.0000E+00	1.6592E+00
3.8680E+03	0.0000E+00	0.0000E+00	1.6589E+00
3.8690E+03	0.0000E+00	0.0000E+00	1.6576E+00
3.8700E+03	0.0000E+00	0.0000E+00	1.6583E+00
3.8710E+03	0.0000E+00	0.0000E+00	1.6567E+00
3.8720E+03	0.0000E+00	0.0000E+00	1.6598E+00
3.8730E+03	0.0000E+00	0.0000E+00	1.6605E+00
3.8740E+03	0.0000E+00	0.0000E+00	1.6627E+00
3.8750E+03	0.0000E+00	0.0000E+00	1.6671E+00
3.8760E+03	0.0000E+00	0.0000E+00	1.6684E+00
3.8770E+03	0.0000E+00	0.0000E+00	1.6677E+00
3.8780E+03	0.0000E+00	0.0000E+00	1.6687E+00
3.8790E+03	0.0000E+00	0.0000E+00	1.6679E+00
3.8800E+03	0.0000E+00	0.0000E+00	1.6703E+00
3.8810E+03	0.0000E+00	0.0000E+00	1.6683E+00
3.8820E+03	0.0000E+00	0.0000E+00	1.6674E+00
3.8830E+03	0.0000E+00	0.0000E+00	1.6637E+00
3.8840E+03	0.0000E+00	0.0000E+00	1.6601E+00
3.8850E+03	0.0000E+00	0.0000E+00	1.6594E+00
3.8860E+03	0.0000E+00	0.0000E+00	1.6614E+00
3.8870E+03	0.0000E+00	0.0000E+00	1.6628E+00
3.8880E+03	0.0000E+00	0.0000E+00	1.6651E+00
3.8890E+03	0.0000E+00	0.0000E+00	1.6634E+00
3.8900E+03	0.0000E+00	0.0000E+00	1.6622E+00
3.8910E+03	0.0000E+00	0.0000E+00	1.6602E+00
3.8920E+03	0.0000E+00	0.0000E+00	1.6611E+00
3.8930E+03	0.0000E+00	0.0000E+00	1.6601E+00
3.8940E+03	0.0000E+00	0.0000E+00	1.6592E+00
3.8950E+03	0.0000E+00	0.0000E+00	1.6605E+00
3.8960E+03	0.0000E+00	0.0000E+00	1.6636E+00
3.8970E+03	0.0000E+00	0.0000E+00	1.6645E+00
3.8980E+03	0.0000E+00	0.0000E+00	1.6667E+00
3.8990E+03	0.0000E+00	0.0000E+00	1.6680E+00
3.9000E+03	0.0000E+00	0.0000E+00	1.6700E+00
3.9010E+03	0.0000E+00	0.0000E+00	1.6699E+00
3.9020E+03	0.0000E+00	0.0000E+00	1.6688E+00
3.9030E+03	0.0000E+00	0.0000E+00	1.6672E+00
3.9040E+03	0.0000E+00	0.0000E+00	1.6680E+00
3.9050E+03	0.0000E+00	0.0000E+00	1.6669E+00
3.9060E+03	0.0000E+00	0.0000E+00	1.6668E+00
3.9070E+03	0.0000E+00	0.0000E+00	1.6661E+00
3.9080E+03	0.0000E+00	0.0000E+00	1.6665E+00
3.9090E+03	0.0000E+00	0.0000E+00	1.6591E+00
3.9100E+03	0.0000E+00	0.0000E+00	1.6590E+00
3.9110E+03	0.0000E+00	0.0000E+00	1.6600E+00
3.9120E+03	0.0000E+00	0.0000E+00	1.6621E+00
3.9130E+03	0.0000E+00	0.0000E+00	1.6605E+00
3.9140E+03	0.0000E+00	0.0000E+00	1.6587E+00
3.9150E+03	0.0000E+00	0.0000E+00	1.6557E+00
3.9160E+03	0.0000E+00	0.0000E+00	1.6586E+00
3.9170E+03	0.0000E+00	0.0000E+00	1.6575E+00
3.9180E+03	0.0000E+00	0.0000E+00	1.6576E+00
3.9190E+03	0.0000E+00	0.0000E+00	1.6562E+00
3.9200E+03	0.0000E+00	0.0000E+00	1.6593E+00
3.9210E+03	0.0000E+00	0.0000E+00	1.6604E+00
3.9220E+03	0.0000E+00	0.0000E+00	1.6616E+00
3.9230E+03	0.0000E+00	0.0000E+00	1.6612E+00
3.9240E+03	0.0000E+00	0.0000E+00	1.6662E+00
3.9250E+03	0.0000E+00	0.0000E+00	1.6642E+00
3.9260E+03	0.0000E+00	0.0000E+00	1.6650E+00
3.9270E+03	0.0000E+00	0.0000E+00	1.6627E+00
3.9280E+03	0.0000E+00	0.0000E+00	1.6660E+00
3.9290E+03	0.0000E+00	0.0000E+00	1.6636E+00
3.9300E+03	0.0000E+00	0.0000E+00	1.6622E+00
3.9310E+03	0.0000E+00	0.0000E+00	1.6633E+00
3.9320E+03	0.0000E+00	0.0000E+00	1.6597E+00
3.9330E+03	0.0000E+00	0.0000E+00	1.6549E+00
3.9340E+03	0.0000E+00	0.0000E+00	1.6569E+00
3.9350E+03	0.0000E+00	0.0000E+00	1.6554E+00
3.9360E+03	0.0000E+00	0.0000E+00	1.6558E+00
3.9370E+03	0.0000E+00	0.0000E+00	1.6527E+00
3.9380E+03	0.0000E+00	0.0000E+00	1.6545E+00
3.9390E+03	0.0000E+00	0.0000E+00	1.6529E+00
3.9400E+03	0.0000E+00	0.0000E+00	1.6546E+00
3.9410E+03	0.0000E+00	0.0000E+00	1.6522E+00
3.9420E+03	0.0000E+00	0.0000E+00	1.6510E+00
3.9430E+03	0.0000E+00	0.0000E+00	1.6498E+00
3.9440E+03	0.0000E+00	0.0000E+00	1.6545E+00
3.9450E+03	0.0000E+00	0.0000E+00	1.6572E+00
3.9460E+03	0.0000E+00	0.0000E+00	1.6571E+00
3.9470E+03	0.0000E+00	0.0000E+00	1.6589E+00
3.9480E+03	0.0000E+00	0.0000E+00	1.6594E+00
3.9490E+03	0.0000E+00	0.0000E+00	1.6591E+00
3.9500E+03	0.0000E+00	0.0000E+00	1.6600E+00
3.9510E+03	0.0000E+00	0.0000E+00	1.6611E+00
3.9520E+03	0.0000E+00	0.0000E+00	1.6613E+00
3.9530E+03	0.0000E+00	0.0000E+00	1.6592E+00
3.9540E+03	0.0000E+00	0.0000E+00	1.6577E+00
3.9550E+03	0.0000E+00	0.0000E+00	1.6561E+00
3.9560E+03	0.0000E+00	0.0000E+00	1.6521E+00
3.9570E+03	0.0000E+00	0.0000E+00	1.6531E+00
3.9580E+03	0.0000E+00	0.0000E+00	1.6521E+00
3.9590E+03	0.0000E+00	0.0000E+00	1.6522E+00
3.9600E+03	0.0000E+00	0.0000E+00	1.6516E+00
3.9610E+03	0.0000E+00	0.0000E+00	1.6516E+00
3.9620E+03	0.0000E+00	0.0000E+00	1.6519E+00
3.9630E+03	0.0000E+00	0.0000E+00	1.6499E+00
3.9640E+03	0.0000E+00	0.0000E+00	1.6485E+00
3.9650E+03	0.0000E+00	0.0000E+00	1.6480E+00
3.9660E+03	0.0000E+00	0.0000E+00	1.6480E+00
3.9670E+03	0.0000E+00	0.0000E+00	1.6474E+00
3.9680E+03	0.0000E+00	0.0000E+00	1.6523E+00
3.9690E+03	0.0000E+00	0.0000E+00	1.6551E+00
3.9700E+03	0.0000E+00	0.0000E+00	1.6551E+00
3.9710E+03	0.0000E+00	0.0000E+00	1.6572E+00
3.9720E+03	0.0000E+00	0.0000E+00	1.6594E+00
3.9730E+03	0.0000E+00	0.0000E+00	1.6594E+00
3.9740E+03	0.0000E+00	0.0000E+00	1.6575E+00
3.9750E+03	0.0000E+00	0.0000E+00	1.6598E+00
3.9760E+03	0.0000E+00	0.0000E+00	1.6601E+00
3.9770E+03	0.0000E+00	0.0000E+00	1.6591E+00
3.9780E+03	0.0000E+00	0.0000E+00	1.6570E+00
3.9790E+03	0.0000E+00	0.0000E+00	1.6543E+00
3.9800E+03	0.0000E+00	0.0000E+00	1.6518E+00
3.9810E+03	0.0000E+00	0.0000E+00	1.6511E+00
3.9820E+03	0.0000E+00	0.0000E+00	1.6499E+00
3.9830E+03	0.0000E+00	0.0000E+00	1.6487E+00
3.9840E+03	0.0000E+00	0.0000E+00	1.6476E+00
3.9850E+03	0.0000E+00	0.0000E+00	1.6464E+00
3.9860E+03	0.0000E+00	0.0000E+00	1.6476E+00
3.9870E+03	0.0000E+00	0.0000E+00	1.6474E+00
3.9880E+03	0.0000E+00	0.0000E+00	1.6483E+00
3.9890E+03	0.0000E+00	0.0000E+00	1.6501E+00
3.9900E+03	0.0000E+00	0.0000E+00	1.6495E+00
3.9910E+03	0.0000E+00	0.0000E+00	1.6478E+00
3.9920E+03	0.0000E+00	0.0000E+00	1.6502E+00
3.9930E+03	0.0000E+00	0.0000E+00	1.6493E+00
3.9940E+03	0.0000E+00	0.0000E+00	1.6489E+00
