TIME_UNITS h
DATA_UNITS m
!h  x   y   z
0.0000E+00	0.0000E+00	0.0000E+00	1.8376E+00
1.0000E+00	0.0000E+00	0.0000E+00	1.8376E+00
2.0000E+00	0.0000E+00	0.0000E+00	1.8536E+00
3.0000E+00	0.0000E+00	0.0000E+00	1.8656E+00
4.0000E+00	0.0000E+00	0.0000E+00	1.8811E+00
5.0000E+00	0.0000E+00	0.0000E+00	1.8932E+00
6.0000E+00	0.0000E+00	0.0000E+00	1.9053E+00
7.0000E+00	0.0000E+00	0.0000E+00	1.9167E+00
8.0000E+00	0.0000E+00	0.0000E+00	1.9203E+00
9.0000E+00	0.0000E+00	0.0000E+00	1.8661E+00
1.0000E+01	0.0000E+00	0.0000E+00	1.8453E+00
1.1000E+01	0.0000E+00	0.0000E+00	1.7957E+00
1.2000E+01	0.0000E+00	0.0000E+00	1.8165E+00
1.3000E+01	0.0000E+00	0.0000E+00	1.8221E+00
1.4000E+01	0.0000E+00	0.0000E+00	1.8228E+00
1.5000E+01	0.0000E+00	0.0000E+00	1.8315E+00
1.6000E+01	0.0000E+00	0.0000E+00	1.8650E+00
1.7000E+01	0.0000E+00	0.0000E+00	1.8500E+00
1.8000E+01	0.0000E+00	0.0000E+00	1.8711E+00
1.9000E+01	0.0000E+00	0.0000E+00	1.8738E+00
2.0000E+01	0.0000E+00	0.0000E+00	1.8712E+00
2.1000E+01	0.0000E+00	0.0000E+00	1.8668E+00
2.2000E+01	0.0000E+00	0.0000E+00	1.8638E+00
2.3000E+01	0.0000E+00	0.0000E+00	1.8633E+00
2.4000E+01	0.0000E+00	0.0000E+00	1.8694E+00
2.5000E+01	0.0000E+00	0.0000E+00	1.8782E+00
2.6000E+01	0.0000E+00	0.0000E+00	1.8874E+00
2.7000E+01	0.0000E+00	0.0000E+00	1.8984E+00
2.8000E+01	0.0000E+00	0.0000E+00	1.9153E+00
2.9000E+01	0.0000E+00	0.0000E+00	1.9279E+00
3.0000E+01	0.0000E+00	0.0000E+00	1.9422E+00
3.1000E+01	0.0000E+00	0.0000E+00	1.9526E+00
3.2000E+01	0.0000E+00	0.0000E+00	1.9498E+00
3.3000E+01	0.0000E+00	0.0000E+00	1.8997E+00
3.4000E+01	0.0000E+00	0.0000E+00	1.8760E+00
3.5000E+01	0.0000E+00	0.0000E+00	1.8389E+00
3.6000E+01	0.0000E+00	0.0000E+00	1.8496E+00
3.7000E+01	0.0000E+00	0.0000E+00	1.8531E+00
3.8000E+01	0.0000E+00	0.0000E+00	1.8483E+00
3.9000E+01	0.0000E+00	0.0000E+00	1.8585E+00
4.0000E+01	0.0000E+00	0.0000E+00	1.8771E+00
4.1000E+01	0.0000E+00	0.0000E+00	1.8911E+00
4.2000E+01	0.0000E+00	0.0000E+00	1.8890E+00
4.3000E+01	0.0000E+00	0.0000E+00	1.8897E+00
4.4000E+01	0.0000E+00	0.0000E+00	1.8839E+00
4.5000E+01	0.0000E+00	0.0000E+00	1.8782E+00
4.6000E+01	0.0000E+00	0.0000E+00	1.8698E+00
4.7000E+01	0.0000E+00	0.0000E+00	1.8673E+00
4.8000E+01	0.0000E+00	0.0000E+00	1.8644E+00
4.9000E+01	0.0000E+00	0.0000E+00	1.8670E+00
5.0000E+01	0.0000E+00	0.0000E+00	1.8805E+00
5.1000E+01	0.0000E+00	0.0000E+00	1.8939E+00
5.2000E+01	0.0000E+00	0.0000E+00	1.9018E+00
5.3000E+01	0.0000E+00	0.0000E+00	1.9102E+00
5.4000E+01	0.0000E+00	0.0000E+00	1.9212E+00
5.5000E+01	0.0000E+00	0.0000E+00	1.9180E+00
5.6000E+01	0.0000E+00	0.0000E+00	1.9013E+00
5.7000E+01	0.0000E+00	0.0000E+00	1.8858E+00
5.8000E+01	0.0000E+00	0.0000E+00	1.8515E+00
5.9000E+01	0.0000E+00	0.0000E+00	1.8421E+00
6.0000E+01	0.0000E+00	0.0000E+00	1.8398E+00
6.1000E+01	0.0000E+00	0.0000E+00	1.8473E+00
6.2000E+01	0.0000E+00	0.0000E+00	1.8546E+00
6.3000E+01	0.0000E+00	0.0000E+00	1.8708E+00
6.4000E+01	0.0000E+00	0.0000E+00	1.8775E+00
6.5000E+01	0.0000E+00	0.0000E+00	1.8769E+00
6.6000E+01	0.0000E+00	0.0000E+00	1.8765E+00
6.7000E+01	0.0000E+00	0.0000E+00	1.8735E+00
6.8000E+01	0.0000E+00	0.0000E+00	1.8683E+00
6.9000E+01	0.0000E+00	0.0000E+00	1.8627E+00
7.0000E+01	0.0000E+00	0.0000E+00	1.8581E+00
7.1000E+01	0.0000E+00	0.0000E+00	1.8526E+00
7.2000E+01	0.0000E+00	0.0000E+00	1.8585E+00
7.3000E+01	0.0000E+00	0.0000E+00	1.8745E+00
7.4000E+01	0.0000E+00	0.0000E+00	1.8840E+00
7.5000E+01	0.0000E+00	0.0000E+00	1.8914E+00
7.6000E+01	0.0000E+00	0.0000E+00	1.9030E+00
7.7000E+01	0.0000E+00	0.0000E+00	1.9107E+00
7.8000E+01	0.0000E+00	0.0000E+00	1.9206E+00
7.9000E+01	0.0000E+00	0.0000E+00	1.9291E+00
8.0000E+01	0.0000E+00	0.0000E+00	1.9271E+00
8.1000E+01	0.0000E+00	0.0000E+00	1.8798E+00
8.2000E+01	0.0000E+00	0.0000E+00	1.8569E+00
8.3000E+01	0.0000E+00	0.0000E+00	1.8502E+00
8.4000E+01	0.0000E+00	0.0000E+00	1.8591E+00
8.5000E+01	0.0000E+00	0.0000E+00	1.8574E+00
8.6000E+01	0.0000E+00	0.0000E+00	1.8785E+00
8.7000E+01	0.0000E+00	0.0000E+00	1.9109E+00
8.8000E+01	0.0000E+00	0.0000E+00	1.9171E+00
8.9000E+01	0.0000E+00	0.0000E+00	1.9232E+00
9.0000E+01	0.0000E+00	0.0000E+00	1.9191E+00
9.1000E+01	0.0000E+00	0.0000E+00	1.9161E+00
9.2000E+01	0.0000E+00	0.0000E+00	1.9099E+00
9.3000E+01	0.0000E+00	0.0000E+00	1.9070E+00
9.4000E+01	0.0000E+00	0.0000E+00	1.9012E+00
9.5000E+01	0.0000E+00	0.0000E+00	1.9012E+00
9.6000E+01	0.0000E+00	0.0000E+00	1.8985E+00
9.7000E+01	0.0000E+00	0.0000E+00	1.8937E+00
9.8000E+01	0.0000E+00	0.0000E+00	1.8937E+00
9.9000E+01	0.0000E+00	0.0000E+00	1.8911E+00
1.0000E+02	0.0000E+00	0.0000E+00	1.8882E+00
1.0100E+02	0.0000E+00	0.0000E+00	1.8905E+00
1.0200E+02	0.0000E+00	0.0000E+00	1.9014E+00
1.0300E+02	0.0000E+00	0.0000E+00	1.9132E+00
1.0400E+02	0.0000E+00	0.0000E+00	1.9077E+00
1.0500E+02	0.0000E+00	0.0000E+00	1.8891E+00
1.0600E+02	0.0000E+00	0.0000E+00	1.8908E+00
1.0700E+02	0.0000E+00	0.0000E+00	1.8886E+00
1.0800E+02	0.0000E+00	0.0000E+00	1.8970E+00
1.0900E+02	0.0000E+00	0.0000E+00	1.9064E+00
1.1000E+02	0.0000E+00	0.0000E+00	1.9254E+00
1.1100E+02	0.0000E+00	0.0000E+00	1.9314E+00
1.1200E+02	0.0000E+00	0.0000E+00	1.9407E+00
1.1300E+02	0.0000E+00	0.0000E+00	1.9392E+00
1.1400E+02	0.0000E+00	0.0000E+00	1.9520E+00
1.1500E+02	0.0000E+00	0.0000E+00	1.9520E+00
1.1600E+02	0.0000E+00	0.0000E+00	1.9476E+00
1.1700E+02	0.0000E+00	0.0000E+00	1.9421E+00
1.1800E+02	0.0000E+00	0.0000E+00	1.9383E+00
1.1900E+02	0.0000E+00	0.0000E+00	1.9339E+00
1.2000E+02	0.0000E+00	0.0000E+00	1.9370E+00
1.2100E+02	0.0000E+00	0.0000E+00	1.9439E+00
1.2200E+02	0.0000E+00	0.0000E+00	1.9526E+00
1.2300E+02	0.0000E+00	0.0000E+00	1.9582E+00
1.2400E+02	0.0000E+00	0.0000E+00	1.9695E+00
1.2500E+02	0.0000E+00	0.0000E+00	1.9763E+00
1.2600E+02	0.0000E+00	0.0000E+00	1.9854E+00
1.2700E+02	0.0000E+00	0.0000E+00	1.9946E+00
1.2800E+02	0.0000E+00	0.0000E+00	1.9896E+00
1.2900E+02	0.0000E+00	0.0000E+00	1.9666E+00
1.3000E+02	0.0000E+00	0.0000E+00	1.9371E+00
1.3100E+02	0.0000E+00	0.0000E+00	1.9436E+00
1.3200E+02	0.0000E+00	0.0000E+00	1.9527E+00
1.3300E+02	0.0000E+00	0.0000E+00	1.9689E+00
1.3400E+02	0.0000E+00	0.0000E+00	1.9648E+00
1.3500E+02	0.0000E+00	0.0000E+00	1.9520E+00
1.3600E+02	0.0000E+00	0.0000E+00	1.9591E+00
1.3700E+02	0.0000E+00	0.0000E+00	1.9584E+00
1.3800E+02	0.0000E+00	0.0000E+00	1.9739E+00
1.3900E+02	0.0000E+00	0.0000E+00	1.9794E+00
1.4000E+02	0.0000E+00	0.0000E+00	1.9664E+00
1.4100E+02	0.0000E+00	0.0000E+00	1.9739E+00
1.4200E+02	0.0000E+00	0.0000E+00	1.9735E+00
1.4300E+02	0.0000E+00	0.0000E+00	1.9658E+00
1.4400E+02	0.0000E+00	0.0000E+00	1.9603E+00
1.4500E+02	0.0000E+00	0.0000E+00	1.9594E+00
1.4600E+02	0.0000E+00	0.0000E+00	1.9525E+00
1.4700E+02	0.0000E+00	0.0000E+00	1.9504E+00
1.4800E+02	0.0000E+00	0.0000E+00	1.9514E+00
1.4900E+02	0.0000E+00	0.0000E+00	1.9542E+00
1.5000E+02	0.0000E+00	0.0000E+00	1.9450E+00
1.5100E+02	0.0000E+00	0.0000E+00	1.9454E+00
1.5200E+02	0.0000E+00	0.0000E+00	1.9416E+00
1.5300E+02	0.0000E+00	0.0000E+00	1.9409E+00
1.5400E+02	0.0000E+00	0.0000E+00	1.9544E+00
1.5500E+02	0.0000E+00	0.0000E+00	1.9607E+00
1.5600E+02	0.0000E+00	0.0000E+00	1.9623E+00
1.5700E+02	0.0000E+00	0.0000E+00	1.9638E+00
1.5800E+02	0.0000E+00	0.0000E+00	1.9705E+00
1.5900E+02	0.0000E+00	0.0000E+00	1.9930E+00
1.6000E+02	0.0000E+00	0.0000E+00	2.0005E+00
1.6100E+02	0.0000E+00	0.0000E+00	2.0231E+00
1.6200E+02	0.0000E+00	0.0000E+00	2.0493E+00
1.6300E+02	0.0000E+00	0.0000E+00	2.0328E+00
1.6400E+02	0.0000E+00	0.0000E+00	2.0272E+00
1.6500E+02	0.0000E+00	0.0000E+00	2.0356E+00
1.6600E+02	0.0000E+00	0.0000E+00	2.0242E+00
1.6700E+02	0.0000E+00	0.0000E+00	2.0204E+00
1.6800E+02	0.0000E+00	0.0000E+00	2.0172E+00
1.6900E+02	0.0000E+00	0.0000E+00	2.0117E+00
1.7000E+02	0.0000E+00	0.0000E+00	2.0056E+00
1.7100E+02	0.0000E+00	0.0000E+00	2.0137E+00
1.7200E+02	0.0000E+00	0.0000E+00	2.0233E+00
1.7300E+02	0.0000E+00	0.0000E+00	2.0320E+00
1.7400E+02	0.0000E+00	0.0000E+00	2.0426E+00
1.7500E+02	0.0000E+00	0.0000E+00	2.0517E+00
1.7600E+02	0.0000E+00	0.0000E+00	2.0406E+00
1.7700E+02	0.0000E+00	0.0000E+00	2.0050E+00
1.7800E+02	0.0000E+00	0.0000E+00	2.0214E+00
1.7900E+02	0.0000E+00	0.0000E+00	2.0312E+00
1.8000E+02	0.0000E+00	0.0000E+00	2.0034E+00
1.8100E+02	0.0000E+00	0.0000E+00	2.0016E+00
1.8200E+02	0.0000E+00	0.0000E+00	2.0004E+00
1.8300E+02	0.0000E+00	0.0000E+00	2.0094E+00
1.8400E+02	0.0000E+00	0.0000E+00	2.0171E+00
1.8500E+02	0.0000E+00	0.0000E+00	2.0234E+00
1.8600E+02	0.0000E+00	0.0000E+00	2.0291E+00
1.8700E+02	0.0000E+00	0.0000E+00	2.0427E+00
1.8800E+02	0.0000E+00	0.0000E+00	2.0542E+00
1.8900E+02	0.0000E+00	0.0000E+00	2.0585E+00
1.9000E+02	0.0000E+00	0.0000E+00	2.0552E+00
1.9100E+02	0.0000E+00	0.0000E+00	2.0557E+00
1.9200E+02	0.0000E+00	0.0000E+00	2.0595E+00
1.9300E+02	0.0000E+00	0.0000E+00	2.0627E+00
1.9400E+02	0.0000E+00	0.0000E+00	2.0723E+00
1.9500E+02	0.0000E+00	0.0000E+00	2.0750E+00
1.9600E+02	0.0000E+00	0.0000E+00	2.0742E+00
1.9700E+02	0.0000E+00	0.0000E+00	2.0787E+00
1.9800E+02	0.0000E+00	0.0000E+00	2.0796E+00
1.9900E+02	0.0000E+00	0.0000E+00	2.0731E+00
2.0000E+02	0.0000E+00	0.0000E+00	2.0736E+00
2.0100E+02	0.0000E+00	0.0000E+00	2.0684E+00
2.0200E+02	0.0000E+00	0.0000E+00	2.0635E+00
2.0300E+02	0.0000E+00	0.0000E+00	2.0742E+00
2.0400E+02	0.0000E+00	0.0000E+00	2.0741E+00
2.0500E+02	0.0000E+00	0.0000E+00	2.0979E+00
2.0600E+02	0.0000E+00	0.0000E+00	2.1037E+00
2.0700E+02	0.0000E+00	0.0000E+00	2.1038E+00
2.0800E+02	0.0000E+00	0.0000E+00	2.1163E+00
2.0900E+02	0.0000E+00	0.0000E+00	2.1300E+00
2.1000E+02	0.0000E+00	0.0000E+00	2.1423E+00
2.1100E+02	0.0000E+00	0.0000E+00	2.1498E+00
2.1200E+02	0.0000E+00	0.0000E+00	2.1537E+00
2.1300E+02	0.0000E+00	0.0000E+00	2.1572E+00
2.1400E+02	0.0000E+00	0.0000E+00	2.1560E+00
2.1500E+02	0.0000E+00	0.0000E+00	2.1452E+00
2.1600E+02	0.0000E+00	0.0000E+00	2.1373E+00
2.1700E+02	0.0000E+00	0.0000E+00	2.1287E+00
2.1800E+02	0.0000E+00	0.0000E+00	2.1159E+00
2.1900E+02	0.0000E+00	0.0000E+00	2.1096E+00
2.2000E+02	0.0000E+00	0.0000E+00	2.1031E+00
2.2100E+02	0.0000E+00	0.0000E+00	2.0939E+00
2.2200E+02	0.0000E+00	0.0000E+00	2.0885E+00
2.2300E+02	0.0000E+00	0.0000E+00	2.0826E+00
2.2400E+02	0.0000E+00	0.0000E+00	2.0763E+00
2.2500E+02	0.0000E+00	0.0000E+00	2.0743E+00
2.2600E+02	0.0000E+00	0.0000E+00	2.0706E+00
2.2700E+02	0.0000E+00	0.0000E+00	2.0709E+00
2.2800E+02	0.0000E+00	0.0000E+00	2.0736E+00
2.2900E+02	0.0000E+00	0.0000E+00	2.0735E+00
2.3000E+02	0.0000E+00	0.0000E+00	2.0812E+00
2.3100E+02	0.0000E+00	0.0000E+00	2.0935E+00
2.3200E+02	0.0000E+00	0.0000E+00	2.0982E+00
2.3300E+02	0.0000E+00	0.0000E+00	2.1130E+00
2.3400E+02	0.0000E+00	0.0000E+00	2.1153E+00
2.3500E+02	0.0000E+00	0.0000E+00	2.1216E+00
2.3600E+02	0.0000E+00	0.0000E+00	2.1181E+00
2.3700E+02	0.0000E+00	0.0000E+00	2.1314E+00
2.3800E+02	0.0000E+00	0.0000E+00	2.1303E+00
2.3900E+02	0.0000E+00	0.0000E+00	2.1319E+00
2.4000E+02	0.0000E+00	0.0000E+00	2.1334E+00
2.4100E+02	0.0000E+00	0.0000E+00	2.1265E+00
2.4200E+02	0.0000E+00	0.0000E+00	2.1208E+00
2.4300E+02	0.0000E+00	0.0000E+00	2.1176E+00
2.4400E+02	0.0000E+00	0.0000E+00	2.1089E+00
2.4500E+02	0.0000E+00	0.0000E+00	2.0978E+00
2.4600E+02	0.0000E+00	0.0000E+00	2.0945E+00
2.4700E+02	0.0000E+00	0.0000E+00	2.0895E+00
2.4800E+02	0.0000E+00	0.0000E+00	2.0799E+00
2.4900E+02	0.0000E+00	0.0000E+00	2.0836E+00
2.5000E+02	0.0000E+00	0.0000E+00	2.0765E+00
2.5100E+02	0.0000E+00	0.0000E+00	2.0707E+00
2.5200E+02	0.0000E+00	0.0000E+00	2.0694E+00
2.5300E+02	0.0000E+00	0.0000E+00	2.0731E+00
2.5400E+02	0.0000E+00	0.0000E+00	2.0716E+00
2.5500E+02	0.0000E+00	0.0000E+00	2.0725E+00
2.5600E+02	0.0000E+00	0.0000E+00	2.0797E+00
2.5700E+02	0.0000E+00	0.0000E+00	2.0780E+00
2.5800E+02	0.0000E+00	0.0000E+00	2.0770E+00
2.5900E+02	0.0000E+00	0.0000E+00	2.0787E+00
2.6000E+02	0.0000E+00	0.0000E+00	2.0818E+00
2.6100E+02	0.0000E+00	0.0000E+00	2.0853E+00
2.6200E+02	0.0000E+00	0.0000E+00	2.0825E+00
2.6300E+02	0.0000E+00	0.0000E+00	2.0859E+00
2.6400E+02	0.0000E+00	0.0000E+00	2.0831E+00
2.6500E+02	0.0000E+00	0.0000E+00	2.0840E+00
2.6600E+02	0.0000E+00	0.0000E+00	2.0729E+00
2.6700E+02	0.0000E+00	0.0000E+00	2.0636E+00
2.6800E+02	0.0000E+00	0.0000E+00	2.0613E+00
2.6900E+02	0.0000E+00	0.0000E+00	2.0557E+00
2.7000E+02	0.0000E+00	0.0000E+00	2.0500E+00
2.7100E+02	0.0000E+00	0.0000E+00	2.0508E+00
2.7200E+02	0.0000E+00	0.0000E+00	2.0504E+00
2.7300E+02	0.0000E+00	0.0000E+00	2.0425E+00
2.7400E+02	0.0000E+00	0.0000E+00	2.0420E+00
2.7500E+02	0.0000E+00	0.0000E+00	2.0339E+00
2.7600E+02	0.0000E+00	0.0000E+00	2.0410E+00
2.7700E+02	0.0000E+00	0.0000E+00	2.0434E+00
2.7800E+02	0.0000E+00	0.0000E+00	2.0420E+00
2.7900E+02	0.0000E+00	0.0000E+00	2.0415E+00
2.8000E+02	0.0000E+00	0.0000E+00	2.0410E+00
2.8100E+02	0.0000E+00	0.0000E+00	2.0359E+00
2.8200E+02	0.0000E+00	0.0000E+00	2.0327E+00
2.8300E+02	0.0000E+00	0.0000E+00	2.0271E+00
2.8400E+02	0.0000E+00	0.0000E+00	2.0237E+00
2.8500E+02	0.0000E+00	0.0000E+00	2.0193E+00
2.8600E+02	0.0000E+00	0.0000E+00	2.0170E+00
2.8700E+02	0.0000E+00	0.0000E+00	2.0105E+00
2.8800E+02	0.0000E+00	0.0000E+00	2.0111E+00
2.8900E+02	0.0000E+00	0.0000E+00	2.0057E+00
2.9000E+02	0.0000E+00	0.0000E+00	2.0072E+00
2.9100E+02	0.0000E+00	0.0000E+00	2.0015E+00
2.9200E+02	0.0000E+00	0.0000E+00	1.9968E+00
2.9300E+02	0.0000E+00	0.0000E+00	1.9878E+00
2.9400E+02	0.0000E+00	0.0000E+00	1.9820E+00
2.9500E+02	0.0000E+00	0.0000E+00	1.9798E+00
2.9600E+02	0.0000E+00	0.0000E+00	1.9760E+00
2.9700E+02	0.0000E+00	0.0000E+00	1.9795E+00
2.9800E+02	0.0000E+00	0.0000E+00	1.9902E+00
2.9900E+02	0.0000E+00	0.0000E+00	1.9877E+00
3.0000E+02	0.0000E+00	0.0000E+00	1.9942E+00
3.0100E+02	0.0000E+00	0.0000E+00	1.9974E+00
3.0200E+02	0.0000E+00	0.0000E+00	1.9903E+00
3.0300E+02	0.0000E+00	0.0000E+00	1.9838E+00
3.0400E+02	0.0000E+00	0.0000E+00	1.9812E+00
3.0500E+02	0.0000E+00	0.0000E+00	1.9752E+00
3.0600E+02	0.0000E+00	0.0000E+00	1.9674E+00
3.0700E+02	0.0000E+00	0.0000E+00	1.9636E+00
3.0800E+02	0.0000E+00	0.0000E+00	1.9565E+00
3.0900E+02	0.0000E+00	0.0000E+00	1.9530E+00
3.1000E+02	0.0000E+00	0.0000E+00	1.9466E+00
3.1100E+02	0.0000E+00	0.0000E+00	1.9449E+00
3.1200E+02	0.0000E+00	0.0000E+00	1.9350E+00
3.1300E+02	0.0000E+00	0.0000E+00	1.9320E+00
3.1400E+02	0.0000E+00	0.0000E+00	1.9224E+00
3.1500E+02	0.0000E+00	0.0000E+00	1.9257E+00
3.1600E+02	0.0000E+00	0.0000E+00	1.9161E+00
3.1700E+02	0.0000E+00	0.0000E+00	1.9192E+00
3.1800E+02	0.0000E+00	0.0000E+00	1.9179E+00
3.1900E+02	0.0000E+00	0.0000E+00	1.9168E+00
3.2000E+02	0.0000E+00	0.0000E+00	1.9045E+00
3.2100E+02	0.0000E+00	0.0000E+00	1.9201E+00
3.2200E+02	0.0000E+00	0.0000E+00	1.9406E+00
3.2300E+02	0.0000E+00	0.0000E+00	1.9476E+00
3.2400E+02	0.0000E+00	0.0000E+00	1.9447E+00
3.2500E+02	0.0000E+00	0.0000E+00	1.9342E+00
3.2600E+02	0.0000E+00	0.0000E+00	1.9333E+00
3.2700E+02	0.0000E+00	0.0000E+00	1.9422E+00
3.2800E+02	0.0000E+00	0.0000E+00	1.9311E+00
3.2900E+02	0.0000E+00	0.0000E+00	1.9281E+00
3.3000E+02	0.0000E+00	0.0000E+00	1.9312E+00
3.3100E+02	0.0000E+00	0.0000E+00	1.9338E+00
3.3200E+02	0.0000E+00	0.0000E+00	1.9297E+00
3.3300E+02	0.0000E+00	0.0000E+00	1.9255E+00
3.3400E+02	0.0000E+00	0.0000E+00	1.9262E+00
3.3500E+02	0.0000E+00	0.0000E+00	1.9251E+00
3.3600E+02	0.0000E+00	0.0000E+00	1.9173E+00
3.3700E+02	0.0000E+00	0.0000E+00	1.9160E+00
3.3800E+02	0.0000E+00	0.0000E+00	1.9103E+00
3.3900E+02	0.0000E+00	0.0000E+00	1.9115E+00
3.4000E+02	0.0000E+00	0.0000E+00	1.9058E+00
3.4100E+02	0.0000E+00	0.0000E+00	1.9045E+00
3.4200E+02	0.0000E+00	0.0000E+00	1.9008E+00
3.4300E+02	0.0000E+00	0.0000E+00	1.8891E+00
3.4400E+02	0.0000E+00	0.0000E+00	1.8897E+00
3.4500E+02	0.0000E+00	0.0000E+00	1.8916E+00
3.4600E+02	0.0000E+00	0.0000E+00	1.9012E+00
3.4700E+02	0.0000E+00	0.0000E+00	1.9085E+00
3.4800E+02	0.0000E+00	0.0000E+00	1.9165E+00
3.4900E+02	0.0000E+00	0.0000E+00	1.9073E+00
3.5000E+02	0.0000E+00	0.0000E+00	1.9125E+00
3.5100E+02	0.0000E+00	0.0000E+00	1.9160E+00
3.5200E+02	0.0000E+00	0.0000E+00	1.9094E+00
3.5300E+02	0.0000E+00	0.0000E+00	1.9166E+00
3.5400E+02	0.0000E+00	0.0000E+00	1.9220E+00
3.5500E+02	0.0000E+00	0.0000E+00	1.9328E+00
3.5600E+02	0.0000E+00	0.0000E+00	1.9373E+00
3.5700E+02	0.0000E+00	0.0000E+00	1.9332E+00
3.5800E+02	0.0000E+00	0.0000E+00	1.9349E+00
3.5900E+02	0.0000E+00	0.0000E+00	1.9330E+00
3.6000E+02	0.0000E+00	0.0000E+00	1.9265E+00
3.6100E+02	0.0000E+00	0.0000E+00	1.9286E+00
3.6200E+02	0.0000E+00	0.0000E+00	1.9256E+00
3.6300E+02	0.0000E+00	0.0000E+00	1.9222E+00
3.6400E+02	0.0000E+00	0.0000E+00	1.9209E+00
3.6500E+02	0.0000E+00	0.0000E+00	1.9227E+00
3.6600E+02	0.0000E+00	0.0000E+00	1.9159E+00
3.6700E+02	0.0000E+00	0.0000E+00	1.9147E+00
3.6800E+02	0.0000E+00	0.0000E+00	1.9143E+00
3.6900E+02	0.0000E+00	0.0000E+00	1.9104E+00
3.7000E+02	0.0000E+00	0.0000E+00	1.9147E+00
3.7100E+02	0.0000E+00	0.0000E+00	1.9178E+00
3.7200E+02	0.0000E+00	0.0000E+00	1.9126E+00
3.7300E+02	0.0000E+00	0.0000E+00	1.9149E+00
3.7400E+02	0.0000E+00	0.0000E+00	1.9195E+00
3.7500E+02	0.0000E+00	0.0000E+00	1.9159E+00
3.7600E+02	0.0000E+00	0.0000E+00	1.9202E+00
3.7700E+02	0.0000E+00	0.0000E+00	1.9294E+00
3.7800E+02	0.0000E+00	0.0000E+00	1.9356E+00
3.7900E+02	0.0000E+00	0.0000E+00	1.9396E+00
3.8000E+02	0.0000E+00	0.0000E+00	1.9433E+00
3.8100E+02	0.0000E+00	0.0000E+00	1.9463E+00
3.8200E+02	0.0000E+00	0.0000E+00	1.9414E+00
3.8300E+02	0.0000E+00	0.0000E+00	1.9421E+00
3.8400E+02	0.0000E+00	0.0000E+00	1.9376E+00
3.8500E+02	0.0000E+00	0.0000E+00	1.9343E+00
3.8600E+02	0.0000E+00	0.0000E+00	1.9313E+00
3.8700E+02	0.0000E+00	0.0000E+00	1.9270E+00
3.8800E+02	0.0000E+00	0.0000E+00	1.9241E+00
3.8900E+02	0.0000E+00	0.0000E+00	1.9268E+00
3.9000E+02	0.0000E+00	0.0000E+00	1.9212E+00
3.9100E+02	0.0000E+00	0.0000E+00	1.9194E+00
3.9200E+02	0.0000E+00	0.0000E+00	1.9175E+00
3.9300E+02	0.0000E+00	0.0000E+00	1.9203E+00
3.9400E+02	0.0000E+00	0.0000E+00	1.9183E+00
3.9500E+02	0.0000E+00	0.0000E+00	1.9169E+00
3.9600E+02	0.0000E+00	0.0000E+00	1.9214E+00
3.9700E+02	0.0000E+00	0.0000E+00	1.9227E+00
3.9800E+02	0.0000E+00	0.0000E+00	1.9259E+00
3.9900E+02	0.0000E+00	0.0000E+00	1.9432E+00
4.0000E+02	0.0000E+00	0.0000E+00	1.9589E+00
4.0100E+02	0.0000E+00	0.0000E+00	1.9835E+00
4.0200E+02	0.0000E+00	0.0000E+00	2.0039E+00
4.0300E+02	0.0000E+00	0.0000E+00	2.0132E+00
4.0400E+02	0.0000E+00	0.0000E+00	2.0153E+00
4.0500E+02	0.0000E+00	0.0000E+00	2.0079E+00
4.0600E+02	0.0000E+00	0.0000E+00	2.0074E+00
4.0700E+02	0.0000E+00	0.0000E+00	2.0005E+00
4.0800E+02	0.0000E+00	0.0000E+00	2.0019E+00
4.0900E+02	0.0000E+00	0.0000E+00	2.0016E+00
4.1000E+02	0.0000E+00	0.0000E+00	1.9933E+00
4.1100E+02	0.0000E+00	0.0000E+00	1.9885E+00
4.1200E+02	0.0000E+00	0.0000E+00	1.9808E+00
4.1300E+02	0.0000E+00	0.0000E+00	1.9780E+00
4.1400E+02	0.0000E+00	0.0000E+00	1.9760E+00
4.1500E+02	0.0000E+00	0.0000E+00	1.9722E+00
4.1600E+02	0.0000E+00	0.0000E+00	1.9705E+00
4.1700E+02	0.0000E+00	0.0000E+00	1.9694E+00
4.1800E+02	0.0000E+00	0.0000E+00	1.9678E+00
4.1900E+02	0.0000E+00	0.0000E+00	1.9698E+00
4.2000E+02	0.0000E+00	0.0000E+00	1.9731E+00
4.2100E+02	0.0000E+00	0.0000E+00	1.9767E+00
4.2200E+02	0.0000E+00	0.0000E+00	1.9888E+00
4.2300E+02	0.0000E+00	0.0000E+00	2.0010E+00
4.2400E+02	0.0000E+00	0.0000E+00	2.0172E+00
4.2500E+02	0.0000E+00	0.0000E+00	2.0259E+00
4.2600E+02	0.0000E+00	0.0000E+00	2.0319E+00
4.2700E+02	0.0000E+00	0.0000E+00	2.0429E+00
4.2800E+02	0.0000E+00	0.0000E+00	2.0512E+00
4.2900E+02	0.0000E+00	0.0000E+00	2.0497E+00
4.3000E+02	0.0000E+00	0.0000E+00	2.0504E+00
4.3100E+02	0.0000E+00	0.0000E+00	2.0448E+00
4.3200E+02	0.0000E+00	0.0000E+00	2.0407E+00
4.3300E+02	0.0000E+00	0.0000E+00	2.0369E+00
4.3400E+02	0.0000E+00	0.0000E+00	2.0318E+00
4.3500E+02	0.0000E+00	0.0000E+00	2.0286E+00
4.3600E+02	0.0000E+00	0.0000E+00	2.0263E+00
4.3700E+02	0.0000E+00	0.0000E+00	2.0250E+00
4.3800E+02	0.0000E+00	0.0000E+00	2.0185E+00
4.3900E+02	0.0000E+00	0.0000E+00	2.0177E+00
4.4000E+02	0.0000E+00	0.0000E+00	2.0103E+00
4.4100E+02	0.0000E+00	0.0000E+00	2.0085E+00
4.4200E+02	0.0000E+00	0.0000E+00	2.0067E+00
4.4300E+02	0.0000E+00	0.0000E+00	2.0078E+00
4.4400E+02	0.0000E+00	0.0000E+00	2.0132E+00
4.4500E+02	0.0000E+00	0.0000E+00	2.0183E+00
4.4600E+02	0.0000E+00	0.0000E+00	2.0295E+00
4.4700E+02	0.0000E+00	0.0000E+00	2.0366E+00
4.4800E+02	0.0000E+00	0.0000E+00	2.0388E+00
4.4900E+02	0.0000E+00	0.0000E+00	2.0575E+00
4.5000E+02	0.0000E+00	0.0000E+00	2.0625E+00
4.5100E+02	0.0000E+00	0.0000E+00	2.0722E+00
4.5200E+02	0.0000E+00	0.0000E+00	2.0696E+00
4.5300E+02	0.0000E+00	0.0000E+00	2.0761E+00
4.5400E+02	0.0000E+00	0.0000E+00	2.0684E+00
4.5500E+02	0.0000E+00	0.0000E+00	2.0610E+00
4.5600E+02	0.0000E+00	0.0000E+00	2.0562E+00
4.5700E+02	0.0000E+00	0.0000E+00	2.0553E+00
4.5800E+02	0.0000E+00	0.0000E+00	2.0470E+00
4.5900E+02	0.0000E+00	0.0000E+00	2.0387E+00
4.6000E+02	0.0000E+00	0.0000E+00	2.0375E+00
4.6100E+02	0.0000E+00	0.0000E+00	2.0325E+00
4.6200E+02	0.0000E+00	0.0000E+00	2.0283E+00
4.6300E+02	0.0000E+00	0.0000E+00	2.0219E+00
4.6400E+02	0.0000E+00	0.0000E+00	2.0193E+00
4.6500E+02	0.0000E+00	0.0000E+00	2.0219E+00
4.6600E+02	0.0000E+00	0.0000E+00	2.0192E+00
4.6700E+02	0.0000E+00	0.0000E+00	2.0218E+00
4.6800E+02	0.0000E+00	0.0000E+00	2.0215E+00
4.6900E+02	0.0000E+00	0.0000E+00	2.0262E+00
4.7000E+02	0.0000E+00	0.0000E+00	2.0300E+00
4.7100E+02	0.0000E+00	0.0000E+00	2.0299E+00
4.7200E+02	0.0000E+00	0.0000E+00	2.0356E+00
4.7300E+02	0.0000E+00	0.0000E+00	2.0389E+00
4.7400E+02	0.0000E+00	0.0000E+00	2.0404E+00
4.7500E+02	0.0000E+00	0.0000E+00	2.0393E+00
4.7600E+02	0.0000E+00	0.0000E+00	2.0386E+00
4.7700E+02	0.0000E+00	0.0000E+00	2.0345E+00
4.7800E+02	0.0000E+00	0.0000E+00	2.0297E+00
4.7900E+02	0.0000E+00	0.0000E+00	2.0355E+00
4.8000E+02	0.0000E+00	0.0000E+00	2.0228E+00
4.8100E+02	0.0000E+00	0.0000E+00	2.0171E+00
4.8200E+02	0.0000E+00	0.0000E+00	2.0117E+00
4.8300E+02	0.0000E+00	0.0000E+00	2.0124E+00
4.8400E+02	0.0000E+00	0.0000E+00	2.0059E+00
4.8500E+02	0.0000E+00	0.0000E+00	2.0006E+00
4.8600E+02	0.0000E+00	0.0000E+00	2.0010E+00
4.8700E+02	0.0000E+00	0.0000E+00	2.0010E+00
4.8800E+02	0.0000E+00	0.0000E+00	1.9928E+00
4.8900E+02	0.0000E+00	0.0000E+00	1.9930E+00
4.9000E+02	0.0000E+00	0.0000E+00	1.9937E+00
4.9100E+02	0.0000E+00	0.0000E+00	1.9929E+00
4.9200E+02	0.0000E+00	0.0000E+00	1.9908E+00
4.9300E+02	0.0000E+00	0.0000E+00	1.9932E+00
4.9400E+02	0.0000E+00	0.0000E+00	1.9930E+00
4.9500E+02	0.0000E+00	0.0000E+00	1.9945E+00
4.9600E+02	0.0000E+00	0.0000E+00	1.9990E+00
4.9700E+02	0.0000E+00	0.0000E+00	1.9921E+00
4.9800E+02	0.0000E+00	0.0000E+00	1.9962E+00
4.9900E+02	0.0000E+00	0.0000E+00	1.9925E+00
5.0000E+02	0.0000E+00	0.0000E+00	1.9855E+00
5.0100E+02	0.0000E+00	0.0000E+00	1.9798E+00
5.0200E+02	0.0000E+00	0.0000E+00	1.9780E+00
5.0300E+02	0.0000E+00	0.0000E+00	1.9743E+00
5.0400E+02	0.0000E+00	0.0000E+00	1.9700E+00
5.0500E+02	0.0000E+00	0.0000E+00	1.9676E+00
5.0600E+02	0.0000E+00	0.0000E+00	1.9649E+00
5.0700E+02	0.0000E+00	0.0000E+00	1.9654E+00
5.0800E+02	0.0000E+00	0.0000E+00	1.9601E+00
5.0900E+02	0.0000E+00	0.0000E+00	1.9601E+00
5.1000E+02	0.0000E+00	0.0000E+00	1.9570E+00
5.1100E+02	0.0000E+00	0.0000E+00	1.9578E+00
5.1200E+02	0.0000E+00	0.0000E+00	1.9542E+00
5.1300E+02	0.0000E+00	0.0000E+00	1.9559E+00
5.1400E+02	0.0000E+00	0.0000E+00	1.9556E+00
5.1500E+02	0.0000E+00	0.0000E+00	1.9529E+00
5.1600E+02	0.0000E+00	0.0000E+00	1.9565E+00
5.1700E+02	0.0000E+00	0.0000E+00	1.9572E+00
5.1800E+02	0.0000E+00	0.0000E+00	1.9605E+00
5.1900E+02	0.0000E+00	0.0000E+00	1.9707E+00
5.2000E+02	0.0000E+00	0.0000E+00	1.9778E+00
5.2100E+02	0.0000E+00	0.0000E+00	1.9846E+00
5.2200E+02	0.0000E+00	0.0000E+00	1.9918E+00
5.2300E+02	0.0000E+00	0.0000E+00	1.9987E+00
5.2400E+02	0.0000E+00	0.0000E+00	2.0061E+00
5.2500E+02	0.0000E+00	0.0000E+00	2.0060E+00
5.2600E+02	0.0000E+00	0.0000E+00	2.0006E+00
5.2700E+02	0.0000E+00	0.0000E+00	1.9999E+00
5.2800E+02	0.0000E+00	0.0000E+00	1.9857E+00
5.2900E+02	0.0000E+00	0.0000E+00	1.9844E+00
5.3000E+02	0.0000E+00	0.0000E+00	1.9800E+00
5.3100E+02	0.0000E+00	0.0000E+00	1.9720E+00
5.3200E+02	0.0000E+00	0.0000E+00	1.9683E+00
5.3300E+02	0.0000E+00	0.0000E+00	1.9650E+00
5.3400E+02	0.0000E+00	0.0000E+00	1.9619E+00
5.3500E+02	0.0000E+00	0.0000E+00	1.9550E+00
5.3600E+02	0.0000E+00	0.0000E+00	1.9559E+00
5.3700E+02	0.0000E+00	0.0000E+00	1.9522E+00
5.3800E+02	0.0000E+00	0.0000E+00	1.9577E+00
5.3900E+02	0.0000E+00	0.0000E+00	1.9560E+00
5.4000E+02	0.0000E+00	0.0000E+00	1.9537E+00
5.4100E+02	0.0000E+00	0.0000E+00	1.9603E+00
5.4200E+02	0.0000E+00	0.0000E+00	1.9765E+00
5.4300E+02	0.0000E+00	0.0000E+00	1.9820E+00
5.4400E+02	0.0000E+00	0.0000E+00	2.0019E+00
5.4500E+02	0.0000E+00	0.0000E+00	2.0229E+00
5.4600E+02	0.0000E+00	0.0000E+00	2.0386E+00
5.4700E+02	0.0000E+00	0.0000E+00	2.0490E+00
5.4800E+02	0.0000E+00	0.0000E+00	2.0537E+00
5.4900E+02	0.0000E+00	0.0000E+00	2.0553E+00
5.5000E+02	0.0000E+00	0.0000E+00	2.0501E+00
5.5100E+02	0.0000E+00	0.0000E+00	2.0428E+00
5.5200E+02	0.0000E+00	0.0000E+00	2.0325E+00
5.5300E+02	0.0000E+00	0.0000E+00	2.0259E+00
5.5400E+02	0.0000E+00	0.0000E+00	2.0184E+00
5.5500E+02	0.0000E+00	0.0000E+00	2.0148E+00
5.5600E+02	0.0000E+00	0.0000E+00	2.0106E+00
5.5700E+02	0.0000E+00	0.0000E+00	2.0092E+00
5.5800E+02	0.0000E+00	0.0000E+00	2.0012E+00
5.5900E+02	0.0000E+00	0.0000E+00	1.9923E+00
5.6000E+02	0.0000E+00	0.0000E+00	1.9953E+00
5.6100E+02	0.0000E+00	0.0000E+00	1.9950E+00
5.6200E+02	0.0000E+00	0.0000E+00	1.9935E+00
5.6300E+02	0.0000E+00	0.0000E+00	1.9932E+00
5.6400E+02	0.0000E+00	0.0000E+00	1.9962E+00
5.6500E+02	0.0000E+00	0.0000E+00	2.0037E+00
5.6600E+02	0.0000E+00	0.0000E+00	2.0157E+00
5.6700E+02	0.0000E+00	0.0000E+00	2.0388E+00
5.6800E+02	0.0000E+00	0.0000E+00	2.0611E+00
5.6900E+02	0.0000E+00	0.0000E+00	2.0890E+00
5.7000E+02	0.0000E+00	0.0000E+00	2.1171E+00
5.7100E+02	0.0000E+00	0.0000E+00	2.1290E+00
5.7200E+02	0.0000E+00	0.0000E+00	2.1325E+00
5.7300E+02	0.0000E+00	0.0000E+00	2.1304E+00
5.7400E+02	0.0000E+00	0.0000E+00	2.1215E+00
5.7500E+02	0.0000E+00	0.0000E+00	2.1217E+00
5.7600E+02	0.0000E+00	0.0000E+00	2.1096E+00
5.7700E+02	0.0000E+00	0.0000E+00	2.0969E+00
5.7800E+02	0.0000E+00	0.0000E+00	2.0978E+00
5.7900E+02	0.0000E+00	0.0000E+00	2.0900E+00
5.8000E+02	0.0000E+00	0.0000E+00	2.0787E+00
5.8100E+02	0.0000E+00	0.0000E+00	2.0749E+00
5.8200E+02	0.0000E+00	0.0000E+00	2.0703E+00
5.8300E+02	0.0000E+00	0.0000E+00	2.0602E+00
5.8400E+02	0.0000E+00	0.0000E+00	2.0557E+00
5.8500E+02	0.0000E+00	0.0000E+00	2.0562E+00
5.8600E+02	0.0000E+00	0.0000E+00	2.0540E+00
5.8700E+02	0.0000E+00	0.0000E+00	2.0561E+00
5.8800E+02	0.0000E+00	0.0000E+00	2.0587E+00
5.8900E+02	0.0000E+00	0.0000E+00	2.0718E+00
5.9000E+02	0.0000E+00	0.0000E+00	2.0854E+00
5.9100E+02	0.0000E+00	0.0000E+00	2.1099E+00
5.9200E+02	0.0000E+00	0.0000E+00	2.1429E+00
5.9300E+02	0.0000E+00	0.0000E+00	2.1638E+00
5.9400E+02	0.0000E+00	0.0000E+00	2.1860E+00
5.9500E+02	0.0000E+00	0.0000E+00	2.1985E+00
5.9600E+02	0.0000E+00	0.0000E+00	2.2009E+00
5.9700E+02	0.0000E+00	0.0000E+00	2.2034E+00
5.9800E+02	0.0000E+00	0.0000E+00	2.1881E+00
5.9900E+02	0.0000E+00	0.0000E+00	2.1822E+00
6.0000E+02	0.0000E+00	0.0000E+00	2.1714E+00
6.0100E+02	0.0000E+00	0.0000E+00	2.1674E+00
6.0200E+02	0.0000E+00	0.0000E+00	2.1520E+00
6.0300E+02	0.0000E+00	0.0000E+00	2.1462E+00
6.0400E+02	0.0000E+00	0.0000E+00	2.1316E+00
6.0500E+02	0.0000E+00	0.0000E+00	2.1293E+00
6.0600E+02	0.0000E+00	0.0000E+00	2.1296E+00
6.0700E+02	0.0000E+00	0.0000E+00	2.1171E+00
6.0800E+02	0.0000E+00	0.0000E+00	2.1220E+00
6.0900E+02	0.0000E+00	0.0000E+00	2.1143E+00
6.1000E+02	0.0000E+00	0.0000E+00	2.1164E+00
6.1100E+02	0.0000E+00	0.0000E+00	2.1126E+00
6.1200E+02	0.0000E+00	0.0000E+00	2.1181E+00
6.1300E+02	0.0000E+00	0.0000E+00	2.1257E+00
6.1400E+02	0.0000E+00	0.0000E+00	2.1333E+00
6.1500E+02	0.0000E+00	0.0000E+00	2.1571E+00
6.1600E+02	0.0000E+00	0.0000E+00	2.1735E+00
6.1700E+02	0.0000E+00	0.0000E+00	2.1882E+00
6.1800E+02	0.0000E+00	0.0000E+00	2.2003E+00
6.1900E+02	0.0000E+00	0.0000E+00	2.2211E+00
6.2000E+02	0.0000E+00	0.0000E+00	2.2283E+00
6.2100E+02	0.0000E+00	0.0000E+00	2.2299E+00
6.2200E+02	0.0000E+00	0.0000E+00	2.2319E+00
6.2300E+02	0.0000E+00	0.0000E+00	2.2226E+00
6.2400E+02	0.0000E+00	0.0000E+00	2.2208E+00
6.2500E+02	0.0000E+00	0.0000E+00	2.2216E+00
6.2600E+02	0.0000E+00	0.0000E+00	2.2230E+00
6.2700E+02	0.0000E+00	0.0000E+00	2.2181E+00
6.2800E+02	0.0000E+00	0.0000E+00	2.2076E+00
6.2900E+02	0.0000E+00	0.0000E+00	2.2031E+00
6.3000E+02	0.0000E+00	0.0000E+00	2.1941E+00
6.3100E+02	0.0000E+00	0.0000E+00	2.1945E+00
6.3200E+02	0.0000E+00	0.0000E+00	2.2006E+00
6.3300E+02	0.0000E+00	0.0000E+00	2.1858E+00
6.3400E+02	0.0000E+00	0.0000E+00	2.1894E+00
6.3500E+02	0.0000E+00	0.0000E+00	2.1901E+00
6.3600E+02	0.0000E+00	0.0000E+00	2.1935E+00
6.3700E+02	0.0000E+00	0.0000E+00	2.1889E+00
6.3800E+02	0.0000E+00	0.0000E+00	2.1927E+00
6.3900E+02	0.0000E+00	0.0000E+00	2.2007E+00
6.4000E+02	0.0000E+00	0.0000E+00	2.2011E+00
6.4100E+02	0.0000E+00	0.0000E+00	2.2062E+00
6.4200E+02	0.0000E+00	0.0000E+00	2.2305E+00
6.4300E+02	0.0000E+00	0.0000E+00	2.2462E+00
6.4400E+02	0.0000E+00	0.0000E+00	2.2741E+00
6.4500E+02	0.0000E+00	0.0000E+00	2.2791E+00
6.4600E+02	0.0000E+00	0.0000E+00	2.2891E+00
6.4700E+02	0.0000E+00	0.0000E+00	2.2759E+00
6.4800E+02	0.0000E+00	0.0000E+00	2.2723E+00
6.4900E+02	0.0000E+00	0.0000E+00	2.2743E+00
6.5000E+02	0.0000E+00	0.0000E+00	2.2699E+00
6.5100E+02	0.0000E+00	0.0000E+00	2.2550E+00
6.5200E+02	0.0000E+00	0.0000E+00	2.2533E+00
6.5300E+02	0.0000E+00	0.0000E+00	2.2684E+00
6.5400E+02	0.0000E+00	0.0000E+00	2.2420E+00
6.5500E+02	0.0000E+00	0.0000E+00	2.2443E+00
6.5600E+02	0.0000E+00	0.0000E+00	2.2389E+00
6.5700E+02	0.0000E+00	0.0000E+00	2.2276E+00
6.5800E+02	0.0000E+00	0.0000E+00	2.2433E+00
6.5900E+02	0.0000E+00	0.0000E+00	2.2331E+00
6.6000E+02	0.0000E+00	0.0000E+00	2.2256E+00
6.6100E+02	0.0000E+00	0.0000E+00	2.2337E+00
6.6200E+02	0.0000E+00	0.0000E+00	2.2244E+00
6.6300E+02	0.0000E+00	0.0000E+00	2.2349E+00
6.6400E+02	0.0000E+00	0.0000E+00	2.2466E+00
6.6500E+02	0.0000E+00	0.0000E+00	2.2534E+00
6.6600E+02	0.0000E+00	0.0000E+00	2.2806E+00
6.6700E+02	0.0000E+00	0.0000E+00	2.2925E+00
6.6800E+02	0.0000E+00	0.0000E+00	2.3059E+00
6.6900E+02	0.0000E+00	0.0000E+00	2.3223E+00
6.7000E+02	0.0000E+00	0.0000E+00	2.3314E+00
6.7100E+02	0.0000E+00	0.0000E+00	2.3341E+00
6.7200E+02	0.0000E+00	0.0000E+00	2.3325E+00
6.7300E+02	0.0000E+00	0.0000E+00	2.3311E+00
6.7400E+02	0.0000E+00	0.0000E+00	2.3301E+00
6.7500E+02	0.0000E+00	0.0000E+00	2.3375E+00
6.7600E+02	0.0000E+00	0.0000E+00	2.3208E+00
6.7700E+02	0.0000E+00	0.0000E+00	2.3121E+00
6.7800E+02	0.0000E+00	0.0000E+00	2.3155E+00
6.7900E+02	0.0000E+00	0.0000E+00	2.2994E+00
6.8000E+02	0.0000E+00	0.0000E+00	2.3051E+00
6.8100E+02	0.0000E+00	0.0000E+00	2.3048E+00
6.8200E+02	0.0000E+00	0.0000E+00	2.2941E+00
6.8300E+02	0.0000E+00	0.0000E+00	2.2962E+00
6.8400E+02	0.0000E+00	0.0000E+00	2.2969E+00
6.8500E+02	0.0000E+00	0.0000E+00	2.2914E+00
6.8600E+02	0.0000E+00	0.0000E+00	2.2826E+00
6.8700E+02	0.0000E+00	0.0000E+00	2.2743E+00
6.8800E+02	0.0000E+00	0.0000E+00	2.2782E+00
6.8900E+02	0.0000E+00	0.0000E+00	2.2711E+00
6.9000E+02	0.0000E+00	0.0000E+00	2.2524E+00
6.9100E+02	0.0000E+00	0.0000E+00	2.2587E+00
6.9200E+02	0.0000E+00	0.0000E+00	2.2464E+00
6.9300E+02	0.0000E+00	0.0000E+00	2.2515E+00
6.9400E+02	0.0000E+00	0.0000E+00	2.2369E+00
6.9500E+02	0.0000E+00	0.0000E+00	2.2345E+00
6.9600E+02	0.0000E+00	0.0000E+00	2.2263E+00
6.9700E+02	0.0000E+00	0.0000E+00	2.2285E+00
6.9800E+02	0.0000E+00	0.0000E+00	2.2232E+00
6.9900E+02	0.0000E+00	0.0000E+00	2.2117E+00
7.0000E+02	0.0000E+00	0.0000E+00	2.2044E+00
7.0100E+02	0.0000E+00	0.0000E+00	2.2043E+00
7.0200E+02	0.0000E+00	0.0000E+00	2.2089E+00
7.0300E+02	0.0000E+00	0.0000E+00	2.1965E+00
7.0400E+02	0.0000E+00	0.0000E+00	2.1939E+00
7.0500E+02	0.0000E+00	0.0000E+00	2.1881E+00
7.0600E+02	0.0000E+00	0.0000E+00	2.1845E+00
7.0700E+02	0.0000E+00	0.0000E+00	2.1864E+00
7.0800E+02	0.0000E+00	0.0000E+00	2.1812E+00
7.0900E+02	0.0000E+00	0.0000E+00	2.1806E+00
7.1000E+02	0.0000E+00	0.0000E+00	2.1734E+00
7.1100E+02	0.0000E+00	0.0000E+00	2.1717E+00
7.1200E+02	0.0000E+00	0.0000E+00	2.1680E+00
7.1300E+02	0.0000E+00	0.0000E+00	2.1669E+00
7.1400E+02	0.0000E+00	0.0000E+00	2.1633E+00
7.1500E+02	0.0000E+00	0.0000E+00	2.1759E+00
7.1600E+02	0.0000E+00	0.0000E+00	2.1681E+00
7.1700E+02	0.0000E+00	0.0000E+00	2.1586E+00
7.1800E+02	0.0000E+00	0.0000E+00	2.1588E+00
7.1900E+02	0.0000E+00	0.0000E+00	2.1439E+00
7.2000E+02	0.0000E+00	0.0000E+00	2.1353E+00
7.2100E+02	0.0000E+00	0.0000E+00	2.1302E+00
7.2200E+02	0.0000E+00	0.0000E+00	2.1243E+00
7.2300E+02	0.0000E+00	0.0000E+00	2.1216E+00
7.2400E+02	0.0000E+00	0.0000E+00	2.1247E+00
7.2500E+02	0.0000E+00	0.0000E+00	2.1191E+00
7.2600E+02	0.0000E+00	0.0000E+00	2.1118E+00
7.2700E+02	0.0000E+00	0.0000E+00	2.1043E+00
7.2800E+02	0.0000E+00	0.0000E+00	2.1041E+00
7.2900E+02	0.0000E+00	0.0000E+00	2.1089E+00
7.3000E+02	0.0000E+00	0.0000E+00	2.1095E+00
7.3100E+02	0.0000E+00	0.0000E+00	2.1048E+00
7.3200E+02	0.0000E+00	0.0000E+00	2.1037E+00
7.3300E+02	0.0000E+00	0.0000E+00	2.1065E+00
7.3400E+02	0.0000E+00	0.0000E+00	2.1002E+00
7.3500E+02	0.0000E+00	0.0000E+00	2.1011E+00
7.3600E+02	0.0000E+00	0.0000E+00	2.0936E+00
7.3700E+02	0.0000E+00	0.0000E+00	2.0927E+00
7.3800E+02	0.0000E+00	0.0000E+00	2.0882E+00
7.3900E+02	0.0000E+00	0.0000E+00	2.0899E+00
7.4000E+02	0.0000E+00	0.0000E+00	2.0871E+00
7.4100E+02	0.0000E+00	0.0000E+00	2.0825E+00
7.4200E+02	0.0000E+00	0.0000E+00	2.0819E+00
7.4300E+02	0.0000E+00	0.0000E+00	2.0745E+00
7.4400E+02	0.0000E+00	0.0000E+00	2.0715E+00
7.4500E+02	0.0000E+00	0.0000E+00	2.0718E+00
7.4600E+02	0.0000E+00	0.0000E+00	2.0709E+00
7.4700E+02	0.0000E+00	0.0000E+00	2.0608E+00
7.4800E+02	0.0000E+00	0.0000E+00	2.0620E+00
7.4900E+02	0.0000E+00	0.0000E+00	2.0640E+00
7.5000E+02	0.0000E+00	0.0000E+00	2.0610E+00
7.5100E+02	0.0000E+00	0.0000E+00	2.0701E+00
7.5200E+02	0.0000E+00	0.0000E+00	2.0672E+00
7.5300E+02	0.0000E+00	0.0000E+00	2.0670E+00
7.5400E+02	0.0000E+00	0.0000E+00	2.0663E+00
7.5500E+02	0.0000E+00	0.0000E+00	2.0674E+00
7.5600E+02	0.0000E+00	0.0000E+00	2.0663E+00
7.5700E+02	0.0000E+00	0.0000E+00	2.0687E+00
7.5800E+02	0.0000E+00	0.0000E+00	2.0688E+00
7.5900E+02	0.0000E+00	0.0000E+00	2.0773E+00
7.6000E+02	0.0000E+00	0.0000E+00	2.0764E+00
7.6100E+02	0.0000E+00	0.0000E+00	2.0783E+00
7.6200E+02	0.0000E+00	0.0000E+00	2.0781E+00
7.6300E+02	0.0000E+00	0.0000E+00	2.0731E+00
7.6400E+02	0.0000E+00	0.0000E+00	2.0705E+00
7.6500E+02	0.0000E+00	0.0000E+00	2.0640E+00
7.6600E+02	0.0000E+00	0.0000E+00	2.0549E+00
7.6700E+02	0.0000E+00	0.0000E+00	2.0476E+00
7.6800E+02	0.0000E+00	0.0000E+00	2.0471E+00
7.6900E+02	0.0000E+00	0.0000E+00	2.0371E+00
7.7000E+02	0.0000E+00	0.0000E+00	2.0349E+00
7.7100E+02	0.0000E+00	0.0000E+00	2.0306E+00
7.7200E+02	0.0000E+00	0.0000E+00	2.0253E+00
7.7300E+02	0.0000E+00	0.0000E+00	2.0256E+00
7.7400E+02	0.0000E+00	0.0000E+00	2.0239E+00
7.7500E+02	0.0000E+00	0.0000E+00	2.0227E+00
7.7600E+02	0.0000E+00	0.0000E+00	2.0204E+00
7.7700E+02	0.0000E+00	0.0000E+00	2.0181E+00
7.7800E+02	0.0000E+00	0.0000E+00	2.0202E+00
7.7900E+02	0.0000E+00	0.0000E+00	2.0225E+00
7.8000E+02	0.0000E+00	0.0000E+00	2.0258E+00
7.8100E+02	0.0000E+00	0.0000E+00	2.0248E+00
7.8200E+02	0.0000E+00	0.0000E+00	2.0247E+00
7.8300E+02	0.0000E+00	0.0000E+00	2.0233E+00
7.8400E+02	0.0000E+00	0.0000E+00	2.0245E+00
7.8500E+02	0.0000E+00	0.0000E+00	2.0151E+00
7.8600E+02	0.0000E+00	0.0000E+00	2.0161E+00
7.8700E+02	0.0000E+00	0.0000E+00	2.0166E+00
7.8800E+02	0.0000E+00	0.0000E+00	2.0102E+00
7.8900E+02	0.0000E+00	0.0000E+00	2.0078E+00
7.9000E+02	0.0000E+00	0.0000E+00	2.0042E+00
7.9100E+02	0.0000E+00	0.0000E+00	2.0079E+00
7.9200E+02	0.0000E+00	0.0000E+00	2.0102E+00
7.9300E+02	0.0000E+00	0.0000E+00	2.0004E+00
7.9400E+02	0.0000E+00	0.0000E+00	1.9952E+00
7.9500E+02	0.0000E+00	0.0000E+00	1.9961E+00
7.9600E+02	0.0000E+00	0.0000E+00	1.9903E+00
7.9700E+02	0.0000E+00	0.0000E+00	1.9871E+00
7.9800E+02	0.0000E+00	0.0000E+00	1.9921E+00
7.9900E+02	0.0000E+00	0.0000E+00	1.9903E+00
8.0000E+02	0.0000E+00	0.0000E+00	1.9877E+00
8.0100E+02	0.0000E+00	0.0000E+00	1.9847E+00
8.0200E+02	0.0000E+00	0.0000E+00	1.9846E+00
8.0300E+02	0.0000E+00	0.0000E+00	1.9848E+00
8.0400E+02	0.0000E+00	0.0000E+00	1.9837E+00
8.0500E+02	0.0000E+00	0.0000E+00	1.9808E+00
8.0600E+02	0.0000E+00	0.0000E+00	1.9796E+00
8.0700E+02	0.0000E+00	0.0000E+00	1.9750E+00
8.0800E+02	0.0000E+00	0.0000E+00	1.9761E+00
8.0900E+02	0.0000E+00	0.0000E+00	1.9788E+00
8.1000E+02	0.0000E+00	0.0000E+00	1.9773E+00
8.1100E+02	0.0000E+00	0.0000E+00	1.9783E+00
8.1200E+02	0.0000E+00	0.0000E+00	1.9801E+00
8.1300E+02	0.0000E+00	0.0000E+00	1.9735E+00
8.1400E+02	0.0000E+00	0.0000E+00	1.9732E+00
8.1500E+02	0.0000E+00	0.0000E+00	1.9748E+00
8.1600E+02	0.0000E+00	0.0000E+00	1.9727E+00
8.1700E+02	0.0000E+00	0.0000E+00	1.9756E+00
8.1800E+02	0.0000E+00	0.0000E+00	1.9743E+00
8.1900E+02	0.0000E+00	0.0000E+00	1.9728E+00
8.2000E+02	0.0000E+00	0.0000E+00	1.9708E+00
8.2100E+02	0.0000E+00	0.0000E+00	1.9632E+00
8.2200E+02	0.0000E+00	0.0000E+00	1.9629E+00
8.2300E+02	0.0000E+00	0.0000E+00	1.9641E+00
8.2400E+02	0.0000E+00	0.0000E+00	1.9635E+00
8.2500E+02	0.0000E+00	0.0000E+00	1.9632E+00
8.2600E+02	0.0000E+00	0.0000E+00	1.9633E+00
8.2700E+02	0.0000E+00	0.0000E+00	1.9619E+00
8.2800E+02	0.0000E+00	0.0000E+00	1.9581E+00
8.2900E+02	0.0000E+00	0.0000E+00	1.9596E+00
8.3000E+02	0.0000E+00	0.0000E+00	1.9545E+00
8.3100E+02	0.0000E+00	0.0000E+00	1.9542E+00
8.3200E+02	0.0000E+00	0.0000E+00	1.9601E+00
8.3300E+02	0.0000E+00	0.0000E+00	1.9650E+00
8.3400E+02	0.0000E+00	0.0000E+00	1.9702E+00
8.3500E+02	0.0000E+00	0.0000E+00	1.9731E+00
8.3600E+02	0.0000E+00	0.0000E+00	1.9821E+00
8.3700E+02	0.0000E+00	0.0000E+00	1.9755E+00
8.3800E+02	0.0000E+00	0.0000E+00	1.9717E+00
8.3900E+02	0.0000E+00	0.0000E+00	1.9682E+00
8.4000E+02	0.0000E+00	0.0000E+00	1.9650E+00
8.4100E+02	0.0000E+00	0.0000E+00	1.9597E+00
8.4200E+02	0.0000E+00	0.0000E+00	1.9564E+00
8.4300E+02	0.0000E+00	0.0000E+00	1.9538E+00
8.4400E+02	0.0000E+00	0.0000E+00	1.9521E+00
8.4500E+02	0.0000E+00	0.0000E+00	1.9470E+00
8.4600E+02	0.0000E+00	0.0000E+00	1.9425E+00
8.4700E+02	0.0000E+00	0.0000E+00	1.9427E+00
8.4800E+02	0.0000E+00	0.0000E+00	1.9430E+00
8.4900E+02	0.0000E+00	0.0000E+00	1.9442E+00
8.5000E+02	0.0000E+00	0.0000E+00	1.9467E+00
8.5100E+02	0.0000E+00	0.0000E+00	1.9453E+00
8.5200E+02	0.0000E+00	0.0000E+00	1.9452E+00
8.5300E+02	0.0000E+00	0.0000E+00	1.9469E+00
8.5400E+02	0.0000E+00	0.0000E+00	1.9455E+00
8.5500E+02	0.0000E+00	0.0000E+00	1.9417E+00
8.5600E+02	0.0000E+00	0.0000E+00	1.9433E+00
8.5700E+02	0.0000E+00	0.0000E+00	1.9479E+00
8.5800E+02	0.0000E+00	0.0000E+00	1.9490E+00
8.5900E+02	0.0000E+00	0.0000E+00	1.9544E+00
8.6000E+02	0.0000E+00	0.0000E+00	1.9624E+00
8.6100E+02	0.0000E+00	0.0000E+00	1.9641E+00
8.6200E+02	0.0000E+00	0.0000E+00	1.9689E+00
8.6300E+02	0.0000E+00	0.0000E+00	1.9662E+00
8.6400E+02	0.0000E+00	0.0000E+00	1.9715E+00
8.6500E+02	0.0000E+00	0.0000E+00	1.9692E+00
8.6600E+02	0.0000E+00	0.0000E+00	1.9666E+00
8.6700E+02	0.0000E+00	0.0000E+00	1.9614E+00
8.6800E+02	0.0000E+00	0.0000E+00	1.9628E+00
8.6900E+02	0.0000E+00	0.0000E+00	1.9617E+00
8.7000E+02	0.0000E+00	0.0000E+00	1.9555E+00
8.7100E+02	0.0000E+00	0.0000E+00	1.9513E+00
8.7200E+02	0.0000E+00	0.0000E+00	1.9548E+00
8.7300E+02	0.0000E+00	0.0000E+00	1.9506E+00
8.7400E+02	0.0000E+00	0.0000E+00	1.9540E+00
8.7500E+02	0.0000E+00	0.0000E+00	1.9550E+00
8.7600E+02	0.0000E+00	0.0000E+00	1.9534E+00
8.7700E+02	0.0000E+00	0.0000E+00	1.9523E+00
8.7800E+02	0.0000E+00	0.0000E+00	1.9472E+00
8.7900E+02	0.0000E+00	0.0000E+00	1.9501E+00
8.8000E+02	0.0000E+00	0.0000E+00	1.9530E+00
8.8100E+02	0.0000E+00	0.0000E+00	1.9581E+00
8.8200E+02	0.0000E+00	0.0000E+00	1.9668E+00
8.8300E+02	0.0000E+00	0.0000E+00	1.9749E+00
8.8400E+02	0.0000E+00	0.0000E+00	1.9834E+00
8.8500E+02	0.0000E+00	0.0000E+00	1.9897E+00
8.8600E+02	0.0000E+00	0.0000E+00	1.9952E+00
8.8700E+02	0.0000E+00	0.0000E+00	2.0045E+00
8.8800E+02	0.0000E+00	0.0000E+00	2.0015E+00
8.8900E+02	0.0000E+00	0.0000E+00	2.0106E+00
8.9000E+02	0.0000E+00	0.0000E+00	2.0076E+00
8.9100E+02	0.0000E+00	0.0000E+00	2.0006E+00
8.9200E+02	0.0000E+00	0.0000E+00	1.9965E+00
8.9300E+02	0.0000E+00	0.0000E+00	1.9991E+00
8.9400E+02	0.0000E+00	0.0000E+00	1.9923E+00
8.9500E+02	0.0000E+00	0.0000E+00	1.9858E+00
8.9600E+02	0.0000E+00	0.0000E+00	1.9900E+00
8.9700E+02	0.0000E+00	0.0000E+00	1.9860E+00
8.9800E+02	0.0000E+00	0.0000E+00	1.9882E+00
8.9900E+02	0.0000E+00	0.0000E+00	1.9905E+00
9.0000E+02	0.0000E+00	0.0000E+00	1.9225E+00
9.0100E+02	0.0000E+00	0.0000E+00	1.9233E+00
9.0200E+02	0.0000E+00	0.0000E+00	1.9233E+00
9.0300E+02	0.0000E+00	0.0000E+00	1.9243E+00
9.0400E+02	0.0000E+00	0.0000E+00	1.9279E+00
9.0500E+02	0.0000E+00	0.0000E+00	1.9364E+00
9.0600E+02	0.0000E+00	0.0000E+00	1.9405E+00
9.0700E+02	0.0000E+00	0.0000E+00	1.9407E+00
9.0800E+02	0.0000E+00	0.0000E+00	1.9502E+00
9.0900E+02	0.0000E+00	0.0000E+00	1.9535E+00
9.1000E+02	0.0000E+00	0.0000E+00	1.9555E+00
9.1100E+02	0.0000E+00	0.0000E+00	1.9561E+00
9.1200E+02	0.0000E+00	0.0000E+00	1.9548E+00
9.1300E+02	0.0000E+00	0.0000E+00	1.9547E+00
9.1400E+02	0.0000E+00	0.0000E+00	1.9544E+00
9.1500E+02	0.0000E+00	0.0000E+00	1.9522E+00
9.1600E+02	0.0000E+00	0.0000E+00	1.9529E+00
9.1700E+02	0.0000E+00	0.0000E+00	1.9475E+00
9.1800E+02	0.0000E+00	0.0000E+00	1.9451E+00
9.1900E+02	0.0000E+00	0.0000E+00	1.9427E+00
9.2000E+02	0.0000E+00	0.0000E+00	1.9430E+00
9.2100E+02	0.0000E+00	0.0000E+00	1.9467E+00
9.2200E+02	0.0000E+00	0.0000E+00	1.9443E+00
9.2300E+02	0.0000E+00	0.0000E+00	1.9412E+00
9.2400E+02	0.0000E+00	0.0000E+00	1.9378E+00
9.2500E+02	0.0000E+00	0.0000E+00	1.9354E+00
9.2600E+02	0.0000E+00	0.0000E+00	1.9362E+00
9.2700E+02	0.0000E+00	0.0000E+00	1.9353E+00
9.2800E+02	0.0000E+00	0.0000E+00	1.9299E+00
9.2900E+02	0.0000E+00	0.0000E+00	1.9330E+00
9.3000E+02	0.0000E+00	0.0000E+00	1.9346E+00
9.3100E+02	0.0000E+00	0.0000E+00	1.9390E+00
9.3200E+02	0.0000E+00	0.0000E+00	1.9398E+00
9.3300E+02	0.0000E+00	0.0000E+00	1.9421E+00
9.3400E+02	0.0000E+00	0.0000E+00	1.9416E+00
9.3500E+02	0.0000E+00	0.0000E+00	1.9429E+00
9.3600E+02	0.0000E+00	0.0000E+00	1.9424E+00
9.3700E+02	0.0000E+00	0.0000E+00	1.9447E+00
9.3800E+02	0.0000E+00	0.0000E+00	1.9474E+00
9.3900E+02	0.0000E+00	0.0000E+00	1.9438E+00
9.4000E+02	0.0000E+00	0.0000E+00	1.9433E+00
9.4100E+02	0.0000E+00	0.0000E+00	1.9416E+00
9.4200E+02	0.0000E+00	0.0000E+00	1.9322E+00
9.4300E+02	0.0000E+00	0.0000E+00	1.9305E+00
9.4400E+02	0.0000E+00	0.0000E+00	1.9290E+00
9.4500E+02	0.0000E+00	0.0000E+00	1.9306E+00
9.4600E+02	0.0000E+00	0.0000E+00	1.9306E+00
9.4700E+02	0.0000E+00	0.0000E+00	1.9314E+00
9.4800E+02	0.0000E+00	0.0000E+00	1.9290E+00
9.4900E+02	0.0000E+00	0.0000E+00	1.9302E+00
9.5000E+02	0.0000E+00	0.0000E+00	1.9294E+00
9.5100E+02	0.0000E+00	0.0000E+00	1.9302E+00
9.5200E+02	0.0000E+00	0.0000E+00	1.9250E+00
9.5300E+02	0.0000E+00	0.0000E+00	1.9232E+00
9.5400E+02	0.0000E+00	0.0000E+00	1.9243E+00
9.5500E+02	0.0000E+00	0.0000E+00	1.9260E+00
9.5600E+02	0.0000E+00	0.0000E+00	1.9264E+00
9.5700E+02	0.0000E+00	0.0000E+00	1.9293E+00
9.5800E+02	0.0000E+00	0.0000E+00	1.9262E+00
9.5900E+02	0.0000E+00	0.0000E+00	1.9301E+00
9.6000E+02	0.0000E+00	0.0000E+00	1.9285E+00
9.6100E+02	0.0000E+00	0.0000E+00	1.9325E+00
9.6200E+02	0.0000E+00	0.0000E+00	1.9332E+00
9.6300E+02	0.0000E+00	0.0000E+00	1.9321E+00
9.6400E+02	0.0000E+00	0.0000E+00	1.9294E+00
9.6500E+02	0.0000E+00	0.0000E+00	1.9298E+00
9.6600E+02	0.0000E+00	0.0000E+00	1.9259E+00
9.6700E+02	0.0000E+00	0.0000E+00	1.9284E+00
9.6800E+02	0.0000E+00	0.0000E+00	1.9264E+00
9.6900E+02	0.0000E+00	0.0000E+00	1.9259E+00
9.7000E+02	0.0000E+00	0.0000E+00	1.9240E+00
9.7100E+02	0.0000E+00	0.0000E+00	1.9278E+00
9.7200E+02	0.0000E+00	0.0000E+00	1.9263E+00
9.7300E+02	0.0000E+00	0.0000E+00	1.9264E+00
9.7400E+02	0.0000E+00	0.0000E+00	1.9254E+00
9.7500E+02	0.0000E+00	0.0000E+00	1.9254E+00
9.7600E+02	0.0000E+00	0.0000E+00	1.9224E+00
9.7700E+02	0.0000E+00	0.0000E+00	1.9239E+00
9.7800E+02	0.0000E+00	0.0000E+00	1.9260E+00
9.7900E+02	0.0000E+00	0.0000E+00	1.9330E+00
9.8000E+02	0.0000E+00	0.0000E+00	1.9367E+00
9.8100E+02	0.0000E+00	0.0000E+00	1.9418E+00
9.8200E+02	0.0000E+00	0.0000E+00	1.9480E+00
9.8300E+02	0.0000E+00	0.0000E+00	1.9470E+00
9.8400E+02	0.0000E+00	0.0000E+00	1.9469E+00
9.8500E+02	0.0000E+00	0.0000E+00	1.9386E+00
9.8600E+02	0.0000E+00	0.0000E+00	1.9353E+00
9.8700E+02	0.0000E+00	0.0000E+00	1.9365E+00
9.8800E+02	0.0000E+00	0.0000E+00	1.9321E+00
9.8900E+02	0.0000E+00	0.0000E+00	1.9354E+00
9.9000E+02	0.0000E+00	0.0000E+00	1.9281E+00
9.9100E+02	0.0000E+00	0.0000E+00	1.9240E+00
9.9200E+02	0.0000E+00	0.0000E+00	1.9224E+00
9.9300E+02	0.0000E+00	0.0000E+00	1.9243E+00
9.9400E+02	0.0000E+00	0.0000E+00	1.9237E+00
9.9500E+02	0.0000E+00	0.0000E+00	1.9251E+00
9.9600E+02	0.0000E+00	0.0000E+00	1.9212E+00
9.9700E+02	0.0000E+00	0.0000E+00	1.9194E+00
9.9800E+02	0.0000E+00	0.0000E+00	1.9171E+00
9.9900E+02	0.0000E+00	0.0000E+00	1.9226E+00
1.0000E+03	0.0000E+00	0.0000E+00	1.9220E+00
1.0010E+03	0.0000E+00	0.0000E+00	1.9314E+00
1.0020E+03	0.0000E+00	0.0000E+00	1.9390E+00
1.0030E+03	0.0000E+00	0.0000E+00	1.9529E+00
1.0040E+03	0.0000E+00	0.0000E+00	1.9682E+00
1.0050E+03	0.0000E+00	0.0000E+00	1.9794E+00
1.0060E+03	0.0000E+00	0.0000E+00	1.9866E+00
1.0070E+03	0.0000E+00	0.0000E+00	1.9915E+00
1.0080E+03	0.0000E+00	0.0000E+00	1.9945E+00
1.0090E+03	0.0000E+00	0.0000E+00	1.9938E+00
1.0100E+03	0.0000E+00	0.0000E+00	1.9924E+00
1.0110E+03	0.0000E+00	0.0000E+00	1.9877E+00
1.0120E+03	0.0000E+00	0.0000E+00	1.9835E+00
1.0130E+03	0.0000E+00	0.0000E+00	1.9816E+00
1.0140E+03	0.0000E+00	0.0000E+00	1.9787E+00
1.0150E+03	0.0000E+00	0.0000E+00	1.9793E+00
1.0160E+03	0.0000E+00	0.0000E+00	1.9759E+00
1.0170E+03	0.0000E+00	0.0000E+00	1.9722E+00
1.0180E+03	0.0000E+00	0.0000E+00	1.9745E+00
1.0190E+03	0.0000E+00	0.0000E+00	1.9738E+00
1.0200E+03	0.0000E+00	0.0000E+00	1.9732E+00
1.0210E+03	0.0000E+00	0.0000E+00	1.9730E+00
1.0220E+03	0.0000E+00	0.0000E+00	1.9741E+00
1.0230E+03	0.0000E+00	0.0000E+00	1.9717E+00
1.0240E+03	0.0000E+00	0.0000E+00	1.9749E+00
1.0250E+03	0.0000E+00	0.0000E+00	1.9863E+00
1.0260E+03	0.0000E+00	0.0000E+00	1.9926E+00
1.0270E+03	0.0000E+00	0.0000E+00	1.9998E+00
1.0280E+03	0.0000E+00	0.0000E+00	2.0125E+00
1.0290E+03	0.0000E+00	0.0000E+00	2.0217E+00
1.0300E+03	0.0000E+00	0.0000E+00	2.0243E+00
1.0310E+03	0.0000E+00	0.0000E+00	2.0306E+00
1.0320E+03	0.0000E+00	0.0000E+00	2.0337E+00
1.0330E+03	0.0000E+00	0.0000E+00	2.0295E+00
1.0340E+03	0.0000E+00	0.0000E+00	2.0288E+00
1.0350E+03	0.0000E+00	0.0000E+00	2.0243E+00
1.0360E+03	0.0000E+00	0.0000E+00	2.0218E+00
1.0370E+03	0.0000E+00	0.0000E+00	2.0164E+00
1.0380E+03	0.0000E+00	0.0000E+00	2.0193E+00
1.0390E+03	0.0000E+00	0.0000E+00	2.0131E+00
1.0400E+03	0.0000E+00	0.0000E+00	2.0178E+00
1.0410E+03	0.0000E+00	0.0000E+00	2.0133E+00
1.0420E+03	0.0000E+00	0.0000E+00	2.0112E+00
1.0430E+03	0.0000E+00	0.0000E+00	2.0089E+00
1.0440E+03	0.0000E+00	0.0000E+00	2.0069E+00
1.0450E+03	0.0000E+00	0.0000E+00	2.0017E+00
1.0460E+03	0.0000E+00	0.0000E+00	2.0099E+00
1.0470E+03	0.0000E+00	0.0000E+00	2.0136E+00
1.0480E+03	0.0000E+00	0.0000E+00	2.0190E+00
1.0490E+03	0.0000E+00	0.0000E+00	2.0269E+00
1.0500E+03	0.0000E+00	0.0000E+00	2.0413E+00
1.0510E+03	0.0000E+00	0.0000E+00	2.0644E+00
1.0520E+03	0.0000E+00	0.0000E+00	2.0932E+00
1.0530E+03	0.0000E+00	0.0000E+00	2.1173E+00
1.0540E+03	0.0000E+00	0.0000E+00	2.1285E+00
1.0550E+03	0.0000E+00	0.0000E+00	2.1340E+00
1.0560E+03	0.0000E+00	0.0000E+00	2.1393E+00
1.0570E+03	0.0000E+00	0.0000E+00	2.1343E+00
1.0580E+03	0.0000E+00	0.0000E+00	2.1360E+00
1.0590E+03	0.0000E+00	0.0000E+00	2.1342E+00
1.0600E+03	0.0000E+00	0.0000E+00	2.1302E+00
1.0610E+03	0.0000E+00	0.0000E+00	2.1288E+00
1.0620E+03	0.0000E+00	0.0000E+00	2.1296E+00
1.0630E+03	0.0000E+00	0.0000E+00	2.1202E+00
1.0640E+03	0.0000E+00	0.0000E+00	2.1160E+00
1.0650E+03	0.0000E+00	0.0000E+00	2.1148E+00
1.0660E+03	0.0000E+00	0.0000E+00	2.1146E+00
1.0670E+03	0.0000E+00	0.0000E+00	2.1096E+00
1.0680E+03	0.0000E+00	0.0000E+00	2.1070E+00
1.0690E+03	0.0000E+00	0.0000E+00	2.1105E+00
1.0700E+03	0.0000E+00	0.0000E+00	2.1080E+00
1.0710E+03	0.0000E+00	0.0000E+00	2.1125E+00
1.0720E+03	0.0000E+00	0.0000E+00	2.1123E+00
1.0730E+03	0.0000E+00	0.0000E+00	2.1301E+00
1.0740E+03	0.0000E+00	0.0000E+00	2.1344E+00
1.0750E+03	0.0000E+00	0.0000E+00	2.1443E+00
1.0760E+03	0.0000E+00	0.0000E+00	2.1597E+00
1.0770E+03	0.0000E+00	0.0000E+00	2.1687E+00
1.0780E+03	0.0000E+00	0.0000E+00	2.1765E+00
1.0790E+03	0.0000E+00	0.0000E+00	2.1810E+00
1.0800E+03	0.0000E+00	0.0000E+00	2.1854E+00
1.0810E+03	0.0000E+00	0.0000E+00	2.1824E+00
1.0820E+03	0.0000E+00	0.0000E+00	2.1809E+00
1.0830E+03	0.0000E+00	0.0000E+00	2.1748E+00
1.0840E+03	0.0000E+00	0.0000E+00	2.1802E+00
1.0850E+03	0.0000E+00	0.0000E+00	2.1723E+00
1.0860E+03	0.0000E+00	0.0000E+00	2.1750E+00
1.0870E+03	0.0000E+00	0.0000E+00	2.1703E+00
1.0880E+03	0.0000E+00	0.0000E+00	2.1680E+00
1.0890E+03	0.0000E+00	0.0000E+00	2.1615E+00
1.0900E+03	0.0000E+00	0.0000E+00	2.1560E+00
1.0910E+03	0.0000E+00	0.0000E+00	2.1544E+00
1.0920E+03	0.0000E+00	0.0000E+00	2.1543E+00
1.0930E+03	0.0000E+00	0.0000E+00	2.1523E+00
1.0940E+03	0.0000E+00	0.0000E+00	2.1496E+00
1.0950E+03	0.0000E+00	0.0000E+00	2.1559E+00
1.0960E+03	0.0000E+00	0.0000E+00	2.1557E+00
1.0970E+03	0.0000E+00	0.0000E+00	2.1587E+00
1.0980E+03	0.0000E+00	0.0000E+00	2.1686E+00
1.0990E+03	0.0000E+00	0.0000E+00	2.1787E+00
1.1000E+03	0.0000E+00	0.0000E+00	2.1858E+00
1.1010E+03	0.0000E+00	0.0000E+00	2.1992E+00
1.1020E+03	0.0000E+00	0.0000E+00	2.2003E+00
1.1030E+03	0.0000E+00	0.0000E+00	2.2027E+00
1.1040E+03	0.0000E+00	0.0000E+00	2.2143E+00
1.1050E+03	0.0000E+00	0.0000E+00	2.2111E+00
1.1060E+03	0.0000E+00	0.0000E+00	2.2081E+00
1.1070E+03	0.0000E+00	0.0000E+00	2.1962E+00
1.1080E+03	0.0000E+00	0.0000E+00	2.1984E+00
1.1090E+03	0.0000E+00	0.0000E+00	2.1970E+00
1.1100E+03	0.0000E+00	0.0000E+00	2.1870E+00
1.1110E+03	0.0000E+00	0.0000E+00	2.1846E+00
1.1120E+03	0.0000E+00	0.0000E+00	2.1857E+00
1.1130E+03	0.0000E+00	0.0000E+00	2.1832E+00
1.1140E+03	0.0000E+00	0.0000E+00	2.1808E+00
1.1150E+03	0.0000E+00	0.0000E+00	2.1779E+00
1.1160E+03	0.0000E+00	0.0000E+00	2.1746E+00
1.1170E+03	0.0000E+00	0.0000E+00	2.1731E+00
1.1180E+03	0.0000E+00	0.0000E+00	2.1759E+00
1.1190E+03	0.0000E+00	0.0000E+00	2.1697E+00
1.1200E+03	0.0000E+00	0.0000E+00	2.1781E+00
1.1210E+03	0.0000E+00	0.0000E+00	2.1771E+00
1.1220E+03	0.0000E+00	0.0000E+00	2.1813E+00
1.1230E+03	0.0000E+00	0.0000E+00	2.1981E+00
1.1240E+03	0.0000E+00	0.0000E+00	2.2201E+00
1.1250E+03	0.0000E+00	0.0000E+00	2.2314E+00
1.1260E+03	0.0000E+00	0.0000E+00	2.2489E+00
1.1270E+03	0.0000E+00	0.0000E+00	2.2396E+00
1.1280E+03	0.0000E+00	0.0000E+00	2.2482E+00
1.1290E+03	0.0000E+00	0.0000E+00	2.2420E+00
1.1300E+03	0.0000E+00	0.0000E+00	2.2487E+00
1.1310E+03	0.0000E+00	0.0000E+00	2.2408E+00
1.1320E+03	0.0000E+00	0.0000E+00	2.2376E+00
1.1330E+03	0.0000E+00	0.0000E+00	2.2418E+00
1.1340E+03	0.0000E+00	0.0000E+00	2.2344E+00
1.1350E+03	0.0000E+00	0.0000E+00	2.2375E+00
1.1360E+03	0.0000E+00	0.0000E+00	2.2301E+00
1.1370E+03	0.0000E+00	0.0000E+00	2.2177E+00
1.1380E+03	0.0000E+00	0.0000E+00	2.2211E+00
1.1390E+03	0.0000E+00	0.0000E+00	2.2146E+00
1.1400E+03	0.0000E+00	0.0000E+00	2.2128E+00
1.1410E+03	0.0000E+00	0.0000E+00	2.2088E+00
1.1420E+03	0.0000E+00	0.0000E+00	2.2040E+00
1.1430E+03	0.0000E+00	0.0000E+00	2.2053E+00
1.1440E+03	0.0000E+00	0.0000E+00	2.2074E+00
1.1450E+03	0.0000E+00	0.0000E+00	2.2185E+00
1.1460E+03	0.0000E+00	0.0000E+00	2.2340E+00
1.1470E+03	0.0000E+00	0.0000E+00	2.2814E+00
1.1480E+03	0.0000E+00	0.0000E+00	2.2882E+00
1.1490E+03	0.0000E+00	0.0000E+00	2.3167E+00
1.1500E+03	0.0000E+00	0.0000E+00	2.3191E+00
1.1510E+03	0.0000E+00	0.0000E+00	2.3389E+00
1.1520E+03	0.0000E+00	0.0000E+00	2.3425E+00
1.1530E+03	0.0000E+00	0.0000E+00	2.3580E+00
1.1540E+03	0.0000E+00	0.0000E+00	2.3502E+00
1.1550E+03	0.0000E+00	0.0000E+00	2.3583E+00
1.1560E+03	0.0000E+00	0.0000E+00	2.3627E+00
1.1570E+03	0.0000E+00	0.0000E+00	2.3711E+00
1.1580E+03	0.0000E+00	0.0000E+00	2.3639E+00
1.1590E+03	0.0000E+00	0.0000E+00	2.3526E+00
1.1600E+03	0.0000E+00	0.0000E+00	2.3625E+00
1.1610E+03	0.0000E+00	0.0000E+00	2.3454E+00
1.1620E+03	0.0000E+00	0.0000E+00	2.3479E+00
1.1630E+03	0.0000E+00	0.0000E+00	2.3336E+00
1.1640E+03	0.0000E+00	0.0000E+00	2.3239E+00
1.1650E+03	0.0000E+00	0.0000E+00	2.3305E+00
1.1660E+03	0.0000E+00	0.0000E+00	2.3122E+00
1.1670E+03	0.0000E+00	0.0000E+00	2.3146E+00
1.1680E+03	0.0000E+00	0.0000E+00	2.3262E+00
1.1690E+03	0.0000E+00	0.0000E+00	2.3194E+00
1.1700E+03	0.0000E+00	0.0000E+00	2.3373E+00
1.1710E+03	0.0000E+00	0.0000E+00	2.3396E+00
1.1720E+03	0.0000E+00	0.0000E+00	2.3607E+00
1.1730E+03	0.0000E+00	0.0000E+00	2.3814E+00
1.1740E+03	0.0000E+00	0.0000E+00	2.3949E+00
1.1750E+03	0.0000E+00	0.0000E+00	2.4034E+00
1.1760E+03	0.0000E+00	0.0000E+00	2.4200E+00
1.1770E+03	0.0000E+00	0.0000E+00	2.4217E+00
1.1780E+03	0.0000E+00	0.0000E+00	2.4347E+00
1.1790E+03	0.0000E+00	0.0000E+00	2.4409E+00
1.1800E+03	0.0000E+00	0.0000E+00	2.4447E+00
1.1810E+03	0.0000E+00	0.0000E+00	2.4304E+00
1.1820E+03	0.0000E+00	0.0000E+00	2.4220E+00
1.1830E+03	0.0000E+00	0.0000E+00	2.4299E+00
1.1840E+03	0.0000E+00	0.0000E+00	2.4277E+00
1.1850E+03	0.0000E+00	0.0000E+00	2.4226E+00
1.1860E+03	0.0000E+00	0.0000E+00	2.4114E+00
1.1870E+03	0.0000E+00	0.0000E+00	2.4172E+00
1.1880E+03	0.0000E+00	0.0000E+00	2.4022E+00
1.1890E+03	0.0000E+00	0.0000E+00	2.3978E+00
1.1900E+03	0.0000E+00	0.0000E+00	2.3932E+00
1.1910E+03	0.0000E+00	0.0000E+00	2.3850E+00
1.1920E+03	0.0000E+00	0.0000E+00	2.3766E+00
1.1930E+03	0.0000E+00	0.0000E+00	2.3857E+00
1.1940E+03	0.0000E+00	0.0000E+00	2.3819E+00
1.1950E+03	0.0000E+00	0.0000E+00	2.3869E+00
1.1960E+03	0.0000E+00	0.0000E+00	2.3974E+00
1.1970E+03	0.0000E+00	0.0000E+00	2.4107E+00
1.1980E+03	0.0000E+00	0.0000E+00	2.4054E+00
1.1990E+03	0.0000E+00	0.0000E+00	2.4235E+00
1.2000E+03	0.0000E+00	0.0000E+00	2.4282E+00
1.2010E+03	0.0000E+00	0.0000E+00	2.4205E+00
1.2020E+03	0.0000E+00	0.0000E+00	2.4266E+00
1.2030E+03	0.0000E+00	0.0000E+00	2.4370E+00
1.2040E+03	0.0000E+00	0.0000E+00	2.4461E+00
1.2050E+03	0.0000E+00	0.0000E+00	2.4339E+00
1.2060E+03	0.0000E+00	0.0000E+00	2.4455E+00
1.2070E+03	0.0000E+00	0.0000E+00	2.4261E+00
1.2080E+03	0.0000E+00	0.0000E+00	2.4362E+00
1.2090E+03	0.0000E+00	0.0000E+00	2.4335E+00
1.2100E+03	0.0000E+00	0.0000E+00	2.4101E+00
1.2110E+03	0.0000E+00	0.0000E+00	2.4127E+00
1.2120E+03	0.0000E+00	0.0000E+00	2.4122E+00
1.2130E+03	0.0000E+00	0.0000E+00	2.3947E+00
1.2140E+03	0.0000E+00	0.0000E+00	2.3947E+00
1.2150E+03	0.0000E+00	0.0000E+00	2.3823E+00
1.2160E+03	0.0000E+00	0.0000E+00	2.3903E+00
1.2170E+03	0.0000E+00	0.0000E+00	2.3918E+00
1.2180E+03	0.0000E+00	0.0000E+00	2.3904E+00
1.2190E+03	0.0000E+00	0.0000E+00	2.4106E+00
1.2200E+03	0.0000E+00	0.0000E+00	2.4141E+00
1.2210E+03	0.0000E+00	0.0000E+00	2.4312E+00
1.2220E+03	0.0000E+00	0.0000E+00	2.4459E+00
1.2230E+03	0.0000E+00	0.0000E+00	2.4570E+00
1.2240E+03	0.0000E+00	0.0000E+00	2.4725E+00
1.2250E+03	0.0000E+00	0.0000E+00	2.4698E+00
1.2260E+03	0.0000E+00	0.0000E+00	2.4902E+00
1.2270E+03	0.0000E+00	0.0000E+00	2.4941E+00
1.2280E+03	0.0000E+00	0.0000E+00	2.4929E+00
1.2290E+03	0.0000E+00	0.0000E+00	2.4956E+00
1.2300E+03	0.0000E+00	0.0000E+00	2.4863E+00
1.2310E+03	0.0000E+00	0.0000E+00	2.4832E+00
1.2320E+03	0.0000E+00	0.0000E+00	2.4777E+00
1.2330E+03	0.0000E+00	0.0000E+00	2.4720E+00
1.2340E+03	0.0000E+00	0.0000E+00	2.4604E+00
1.2350E+03	0.0000E+00	0.0000E+00	2.4608E+00
1.2360E+03	0.0000E+00	0.0000E+00	2.4342E+00
1.2370E+03	0.0000E+00	0.0000E+00	2.4500E+00
1.2380E+03	0.0000E+00	0.0000E+00	2.4360E+00
1.2390E+03	0.0000E+00	0.0000E+00	2.4168E+00
1.2400E+03	0.0000E+00	0.0000E+00	2.4253E+00
1.2410E+03	0.0000E+00	0.0000E+00	2.4160E+00
1.2420E+03	0.0000E+00	0.0000E+00	2.4082E+00
1.2430E+03	0.0000E+00	0.0000E+00	2.4284E+00
1.2440E+03	0.0000E+00	0.0000E+00	2.4123E+00
1.2450E+03	0.0000E+00	0.0000E+00	2.4246E+00
1.2460E+03	0.0000E+00	0.0000E+00	2.4260E+00
1.2470E+03	0.0000E+00	0.0000E+00	2.4385E+00
1.2480E+03	0.0000E+00	0.0000E+00	2.4450E+00
1.2490E+03	0.0000E+00	0.0000E+00	2.4417E+00
1.2500E+03	0.0000E+00	0.0000E+00	2.4437E+00
1.2510E+03	0.0000E+00	0.0000E+00	2.4329E+00
1.2520E+03	0.0000E+00	0.0000E+00	2.4428E+00
1.2530E+03	0.0000E+00	0.0000E+00	2.4377E+00
1.2540E+03	0.0000E+00	0.0000E+00	2.4428E+00
1.2550E+03	0.0000E+00	0.0000E+00	2.4340E+00
1.2560E+03	0.0000E+00	0.0000E+00	2.4320E+00
1.2570E+03	0.0000E+00	0.0000E+00	2.4141E+00
1.2580E+03	0.0000E+00	0.0000E+00	2.4266E+00
1.2590E+03	0.0000E+00	0.0000E+00	2.4081E+00
1.2600E+03	0.0000E+00	0.0000E+00	2.4042E+00
1.2610E+03	0.0000E+00	0.0000E+00	2.4009E+00
1.2620E+03	0.0000E+00	0.0000E+00	2.3952E+00
1.2630E+03	0.0000E+00	0.0000E+00	2.3747E+00
1.2640E+03	0.0000E+00	0.0000E+00	2.3719E+00
1.2650E+03	0.0000E+00	0.0000E+00	2.3794E+00
1.2660E+03	0.0000E+00	0.0000E+00	2.3769E+00
1.2670E+03	0.0000E+00	0.0000E+00	2.3808E+00
1.2680E+03	0.0000E+00	0.0000E+00	2.3837E+00
1.2690E+03	0.0000E+00	0.0000E+00	2.3957E+00
1.2700E+03	0.0000E+00	0.0000E+00	2.4043E+00
1.2710E+03	0.0000E+00	0.0000E+00	2.3983E+00
1.2720E+03	0.0000E+00	0.0000E+00	2.4195E+00
1.2730E+03	0.0000E+00	0.0000E+00	2.4266E+00
1.2740E+03	0.0000E+00	0.0000E+00	2.4156E+00
1.2750E+03	0.0000E+00	0.0000E+00	2.4270E+00
1.2760E+03	0.0000E+00	0.0000E+00	2.4217E+00
1.2770E+03	0.0000E+00	0.0000E+00	2.4274E+00
1.2780E+03	0.0000E+00	0.0000E+00	2.4208E+00
1.2790E+03	0.0000E+00	0.0000E+00	2.4182E+00
1.2800E+03	0.0000E+00	0.0000E+00	2.4086E+00
1.2810E+03	0.0000E+00	0.0000E+00	2.4039E+00
1.2820E+03	0.0000E+00	0.0000E+00	2.4034E+00
1.2830E+03	0.0000E+00	0.0000E+00	2.3763E+00
1.2840E+03	0.0000E+00	0.0000E+00	2.3871E+00
1.2850E+03	0.0000E+00	0.0000E+00	2.3836E+00
1.2860E+03	0.0000E+00	0.0000E+00	2.3727E+00
1.2870E+03	0.0000E+00	0.0000E+00	2.3593E+00
1.2880E+03	0.0000E+00	0.0000E+00	2.3568E+00
1.2890E+03	0.0000E+00	0.0000E+00	2.3419E+00
1.2900E+03	0.0000E+00	0.0000E+00	2.3488E+00
1.2910E+03	0.0000E+00	0.0000E+00	2.3553E+00
1.2920E+03	0.0000E+00	0.0000E+00	2.3663E+00
1.2930E+03	0.0000E+00	0.0000E+00	2.3759E+00
1.2940E+03	0.0000E+00	0.0000E+00	2.3771E+00
1.2950E+03	0.0000E+00	0.0000E+00	2.3844E+00
1.2960E+03	0.0000E+00	0.0000E+00	2.3940E+00
1.2970E+03	0.0000E+00	0.0000E+00	2.3908E+00
1.2980E+03	0.0000E+00	0.0000E+00	2.4104E+00
1.2990E+03	0.0000E+00	0.0000E+00	2.4052E+00
1.3000E+03	0.0000E+00	0.0000E+00	2.4113E+00
1.3010E+03	0.0000E+00	0.0000E+00	2.4095E+00
1.3020E+03	0.0000E+00	0.0000E+00	2.4085E+00
1.3030E+03	0.0000E+00	0.0000E+00	2.3970E+00
1.3040E+03	0.0000E+00	0.0000E+00	2.3942E+00
1.3050E+03	0.0000E+00	0.0000E+00	2.3811E+00
1.3060E+03	0.0000E+00	0.0000E+00	2.3786E+00
1.3070E+03	0.0000E+00	0.0000E+00	2.3841E+00
1.3080E+03	0.0000E+00	0.0000E+00	2.3674E+00
1.3090E+03	0.0000E+00	0.0000E+00	2.3687E+00
1.3100E+03	0.0000E+00	0.0000E+00	2.3583E+00
1.3110E+03	0.0000E+00	0.0000E+00	2.3597E+00
1.3120E+03	0.0000E+00	0.0000E+00	2.3421E+00
1.3130E+03	0.0000E+00	0.0000E+00	2.3403E+00
1.3140E+03	0.0000E+00	0.0000E+00	2.3441E+00
1.3150E+03	0.0000E+00	0.0000E+00	2.3519E+00
1.3160E+03	0.0000E+00	0.0000E+00	2.3673E+00
1.3170E+03	0.0000E+00	0.0000E+00	2.3812E+00
1.3180E+03	0.0000E+00	0.0000E+00	2.4012E+00
1.3190E+03	0.0000E+00	0.0000E+00	2.4088E+00
1.3200E+03	0.0000E+00	0.0000E+00	2.4142E+00
1.3210E+03	0.0000E+00	0.0000E+00	2.4265E+00
1.3220E+03	0.0000E+00	0.0000E+00	2.4475E+00
1.3230E+03	0.0000E+00	0.0000E+00	2.4458E+00
1.3240E+03	0.0000E+00	0.0000E+00	2.4566E+00
1.3250E+03	0.0000E+00	0.0000E+00	2.4628E+00
1.3260E+03	0.0000E+00	0.0000E+00	2.4479E+00
1.3270E+03	0.0000E+00	0.0000E+00	2.4544E+00
1.3280E+03	0.0000E+00	0.0000E+00	2.4620E+00
1.3290E+03	0.0000E+00	0.0000E+00	2.4516E+00
1.3300E+03	0.0000E+00	0.0000E+00	2.4495E+00
1.3310E+03	0.0000E+00	0.0000E+00	2.4408E+00
1.3320E+03	0.0000E+00	0.0000E+00	2.4383E+00
1.3330E+03	0.0000E+00	0.0000E+00	2.4195E+00
1.3340E+03	0.0000E+00	0.0000E+00	2.4146E+00
1.3350E+03	0.0000E+00	0.0000E+00	2.4140E+00
1.3360E+03	0.0000E+00	0.0000E+00	2.3993E+00
1.3370E+03	0.0000E+00	0.0000E+00	2.4017E+00
1.3380E+03	0.0000E+00	0.0000E+00	2.3917E+00
1.3390E+03	0.0000E+00	0.0000E+00	2.4100E+00
1.3400E+03	0.0000E+00	0.0000E+00	2.4152E+00
1.3410E+03	0.0000E+00	0.0000E+00	2.4153E+00
1.3420E+03	0.0000E+00	0.0000E+00	2.4360E+00
1.3430E+03	0.0000E+00	0.0000E+00	2.4457E+00
1.3440E+03	0.0000E+00	0.0000E+00	2.4587E+00
1.3450E+03	0.0000E+00	0.0000E+00	2.4813E+00
1.3460E+03	0.0000E+00	0.0000E+00	2.4899E+00
1.3470E+03	0.0000E+00	0.0000E+00	2.4963E+00
1.3480E+03	0.0000E+00	0.0000E+00	2.4991E+00
1.3490E+03	0.0000E+00	0.0000E+00	2.5100E+00
1.3500E+03	0.0000E+00	0.0000E+00	2.5193E+00
1.3510E+03	0.0000E+00	0.0000E+00	2.5193E+00
1.3520E+03	0.0000E+00	0.0000E+00	2.5088E+00
1.3530E+03	0.0000E+00	0.0000E+00	2.5023E+00
1.3540E+03	0.0000E+00	0.0000E+00	2.5082E+00
1.3550E+03	0.0000E+00	0.0000E+00	2.5067E+00
1.3560E+03	0.0000E+00	0.0000E+00	2.5000E+00
1.3570E+03	0.0000E+00	0.0000E+00	2.5020E+00
1.3580E+03	0.0000E+00	0.0000E+00	2.4869E+00
1.3590E+03	0.0000E+00	0.0000E+00	2.4791E+00
1.3600E+03	0.0000E+00	0.0000E+00	2.4780E+00
1.3610E+03	0.0000E+00	0.0000E+00	2.4657E+00
1.3620E+03	0.0000E+00	0.0000E+00	2.4581E+00
1.3630E+03	0.0000E+00	0.0000E+00	2.4553E+00
1.3640E+03	0.0000E+00	0.0000E+00	2.4614E+00
1.3650E+03	0.0000E+00	0.0000E+00	2.4632E+00
1.3660E+03	0.0000E+00	0.0000E+00	2.4761E+00
1.3670E+03	0.0000E+00	0.0000E+00	2.4958E+00
1.3680E+03	0.0000E+00	0.0000E+00	2.5042E+00
1.3690E+03	0.0000E+00	0.0000E+00	2.5220E+00
1.3700E+03	0.0000E+00	0.0000E+00	2.5257E+00
1.3710E+03	0.0000E+00	0.0000E+00	2.5262E+00
1.3720E+03	0.0000E+00	0.0000E+00	2.5147E+00
1.3730E+03	0.0000E+00	0.0000E+00	2.5286E+00
1.3740E+03	0.0000E+00	0.0000E+00	2.5192E+00
1.3750E+03	0.0000E+00	0.0000E+00	2.5200E+00
1.3760E+03	0.0000E+00	0.0000E+00	2.5189E+00
1.3770E+03	0.0000E+00	0.0000E+00	2.5014E+00
1.3780E+03	0.0000E+00	0.0000E+00	2.4924E+00
1.3790E+03	0.0000E+00	0.0000E+00	2.4936E+00
1.3800E+03	0.0000E+00	0.0000E+00	2.4855E+00
1.3810E+03	0.0000E+00	0.0000E+00	2.4830E+00
1.3820E+03	0.0000E+00	0.0000E+00	2.4804E+00
1.3830E+03	0.0000E+00	0.0000E+00	2.4620E+00
1.3840E+03	0.0000E+00	0.0000E+00	2.4648E+00
1.3850E+03	0.0000E+00	0.0000E+00	2.4544E+00
1.3860E+03	0.0000E+00	0.0000E+00	2.4422E+00
1.3870E+03	0.0000E+00	0.0000E+00	2.4447E+00
1.3880E+03	0.0000E+00	0.0000E+00	2.4344E+00
1.3890E+03	0.0000E+00	0.0000E+00	2.4348E+00
1.3900E+03	0.0000E+00	0.0000E+00	2.4492E+00
1.3910E+03	0.0000E+00	0.0000E+00	2.4646E+00
1.3920E+03	0.0000E+00	0.0000E+00	2.4592E+00
1.3930E+03	0.0000E+00	0.0000E+00	2.4677E+00
1.3940E+03	0.0000E+00	0.0000E+00	2.4778E+00
1.3950E+03	0.0000E+00	0.0000E+00	2.4798E+00
1.3960E+03	0.0000E+00	0.0000E+00	2.4839E+00
1.3970E+03	0.0000E+00	0.0000E+00	2.4785E+00
1.3980E+03	0.0000E+00	0.0000E+00	2.4751E+00
1.3990E+03	0.0000E+00	0.0000E+00	2.4719E+00
1.4000E+03	0.0000E+00	0.0000E+00	2.4678E+00
1.4010E+03	0.0000E+00	0.0000E+00	2.4605E+00
1.4020E+03	0.0000E+00	0.0000E+00	2.4545E+00
1.4030E+03	0.0000E+00	0.0000E+00	2.4484E+00
1.4040E+03	0.0000E+00	0.0000E+00	2.4484E+00
1.4050E+03	0.0000E+00	0.0000E+00	2.4372E+00
1.4060E+03	0.0000E+00	0.0000E+00	2.4312E+00
1.4070E+03	0.0000E+00	0.0000E+00	2.4208E+00
1.4080E+03	0.0000E+00	0.0000E+00	2.4184E+00
1.4090E+03	0.0000E+00	0.0000E+00	2.4011E+00
1.4100E+03	0.0000E+00	0.0000E+00	2.4018E+00
1.4110E+03	0.0000E+00	0.0000E+00	2.3923E+00
1.4120E+03	0.0000E+00	0.0000E+00	2.4159E+00
1.4130E+03	0.0000E+00	0.0000E+00	2.4146E+00
1.4140E+03	0.0000E+00	0.0000E+00	2.4096E+00
1.4150E+03	0.0000E+00	0.0000E+00	2.4298E+00
1.4160E+03	0.0000E+00	0.0000E+00	2.4404E+00
1.4170E+03	0.0000E+00	0.0000E+00	2.4504E+00
1.4180E+03	0.0000E+00	0.0000E+00	2.4691E+00
1.4190E+03	0.0000E+00	0.0000E+00	2.4539E+00
1.4200E+03	0.0000E+00	0.0000E+00	2.4610E+00
1.4210E+03	0.0000E+00	0.0000E+00	2.4651E+00
1.4220E+03	0.0000E+00	0.0000E+00	2.4623E+00
1.4230E+03	0.0000E+00	0.0000E+00	2.4593E+00
1.4240E+03	0.0000E+00	0.0000E+00	2.4519E+00
1.4250E+03	0.0000E+00	0.0000E+00	2.4661E+00
1.4260E+03	0.0000E+00	0.0000E+00	2.4625E+00
1.4270E+03	0.0000E+00	0.0000E+00	2.4475E+00
1.4280E+03	0.0000E+00	0.0000E+00	2.4408E+00
1.4290E+03	0.0000E+00	0.0000E+00	2.4305E+00
1.4300E+03	0.0000E+00	0.0000E+00	2.4177E+00
1.4310E+03	0.0000E+00	0.0000E+00	2.4175E+00
1.4320E+03	0.0000E+00	0.0000E+00	2.4077E+00
1.4330E+03	0.0000E+00	0.0000E+00	2.4038E+00
1.4340E+03	0.0000E+00	0.0000E+00	2.3926E+00
1.4350E+03	0.0000E+00	0.0000E+00	2.3940E+00
1.4360E+03	0.0000E+00	0.0000E+00	2.4063E+00
1.4370E+03	0.0000E+00	0.0000E+00	2.4106E+00
1.4380E+03	0.0000E+00	0.0000E+00	2.4009E+00
1.4390E+03	0.0000E+00	0.0000E+00	2.4180E+00
1.4400E+03	0.0000E+00	0.0000E+00	2.4178E+00
1.4410E+03	0.0000E+00	0.0000E+00	2.4235E+00
1.4420E+03	0.0000E+00	0.0000E+00	2.4227E+00
1.4430E+03	0.0000E+00	0.0000E+00	2.4174E+00
1.4440E+03	0.0000E+00	0.0000E+00	2.4207E+00
1.4450E+03	0.0000E+00	0.0000E+00	2.4174E+00
1.4460E+03	0.0000E+00	0.0000E+00	2.4084E+00
1.4470E+03	0.0000E+00	0.0000E+00	2.4149E+00
1.4480E+03	0.0000E+00	0.0000E+00	2.4027E+00
1.4490E+03	0.0000E+00	0.0000E+00	2.4060E+00
1.4500E+03	0.0000E+00	0.0000E+00	2.4064E+00
1.4510E+03	0.0000E+00	0.0000E+00	2.3960E+00
1.4520E+03	0.0000E+00	0.0000E+00	2.3934E+00
1.4530E+03	0.0000E+00	0.0000E+00	2.3838E+00
1.4540E+03	0.0000E+00	0.0000E+00	2.3753E+00
1.4550E+03	0.0000E+00	0.0000E+00	2.3622E+00
1.4560E+03	0.0000E+00	0.0000E+00	2.3660E+00
1.4570E+03	0.0000E+00	0.0000E+00	2.3626E+00
1.4580E+03	0.0000E+00	0.0000E+00	2.3606E+00
1.4590E+03	0.0000E+00	0.0000E+00	2.3700E+00
1.4600E+03	0.0000E+00	0.0000E+00	2.3742E+00
1.4610E+03	0.0000E+00	0.0000E+00	2.3839E+00
1.4620E+03	0.0000E+00	0.0000E+00	2.3815E+00
1.4630E+03	0.0000E+00	0.0000E+00	2.3766E+00
1.4640E+03	0.0000E+00	0.0000E+00	2.3816E+00
1.4650E+03	0.0000E+00	0.0000E+00	2.3895E+00
1.4660E+03	0.0000E+00	0.0000E+00	2.3735E+00
1.4670E+03	0.0000E+00	0.0000E+00	2.3923E+00
1.4680E+03	0.0000E+00	0.0000E+00	2.3862E+00
1.4690E+03	0.0000E+00	0.0000E+00	2.3845E+00
1.4700E+03	0.0000E+00	0.0000E+00	2.3869E+00
1.4710E+03	0.0000E+00	0.0000E+00	2.3853E+00
1.4720E+03	0.0000E+00	0.0000E+00	2.3809E+00
1.4730E+03	0.0000E+00	0.0000E+00	2.3764E+00
1.4740E+03	0.0000E+00	0.0000E+00	2.3657E+00
1.4750E+03	0.0000E+00	0.0000E+00	2.3630E+00
1.4760E+03	0.0000E+00	0.0000E+00	2.3572E+00
1.4770E+03	0.0000E+00	0.0000E+00	2.3442E+00
1.4780E+03	0.0000E+00	0.0000E+00	2.3411E+00
1.4790E+03	0.0000E+00	0.0000E+00	2.3446E+00
1.4800E+03	0.0000E+00	0.0000E+00	2.3451E+00
1.4810E+03	0.0000E+00	0.0000E+00	2.3407E+00
1.4820E+03	0.0000E+00	0.0000E+00	2.3377E+00
1.4830E+03	0.0000E+00	0.0000E+00	2.3394E+00
1.4840E+03	0.0000E+00	0.0000E+00	2.3425E+00
1.4850E+03	0.0000E+00	0.0000E+00	2.3645E+00
1.4860E+03	0.0000E+00	0.0000E+00	2.3654E+00
1.4870E+03	0.0000E+00	0.0000E+00	2.3833E+00
1.4880E+03	0.0000E+00	0.0000E+00	2.3913E+00
1.4890E+03	0.0000E+00	0.0000E+00	2.3993E+00
1.4900E+03	0.0000E+00	0.0000E+00	2.4028E+00
1.4910E+03	0.0000E+00	0.0000E+00	2.4245E+00
1.4920E+03	0.0000E+00	0.0000E+00	2.4277E+00
1.4930E+03	0.0000E+00	0.0000E+00	2.4257E+00
1.4940E+03	0.0000E+00	0.0000E+00	2.4240E+00
1.4950E+03	0.0000E+00	0.0000E+00	2.4121E+00
1.4960E+03	0.0000E+00	0.0000E+00	2.4100E+00
1.4970E+03	0.0000E+00	0.0000E+00	2.4040E+00
1.4980E+03	0.0000E+00	0.0000E+00	2.3921E+00
1.4990E+03	0.0000E+00	0.0000E+00	2.3997E+00
1.5000E+03	0.0000E+00	0.0000E+00	2.3815E+00
1.5010E+03	0.0000E+00	0.0000E+00	2.3830E+00
1.5020E+03	0.0000E+00	0.0000E+00	2.3722E+00
1.5030E+03	0.0000E+00	0.0000E+00	2.3658E+00
1.5040E+03	0.0000E+00	0.0000E+00	2.3703E+00
1.5050E+03	0.0000E+00	0.0000E+00	2.3578E+00
1.5060E+03	0.0000E+00	0.0000E+00	2.3535E+00
1.5070E+03	0.0000E+00	0.0000E+00	2.3565E+00
1.5080E+03	0.0000E+00	0.0000E+00	2.3640E+00
1.5090E+03	0.0000E+00	0.0000E+00	2.3746E+00
1.5100E+03	0.0000E+00	0.0000E+00	2.3864E+00
1.5110E+03	0.0000E+00	0.0000E+00	2.4029E+00
1.5120E+03	0.0000E+00	0.0000E+00	2.4143E+00
1.5130E+03	0.0000E+00	0.0000E+00	2.4250E+00
1.5140E+03	0.0000E+00	0.0000E+00	2.4196E+00
1.5150E+03	0.0000E+00	0.0000E+00	2.4368E+00
1.5160E+03	0.0000E+00	0.0000E+00	2.4411E+00
1.5170E+03	0.0000E+00	0.0000E+00	2.4279E+00
1.5180E+03	0.0000E+00	0.0000E+00	2.4421E+00
1.5190E+03	0.0000E+00	0.0000E+00	2.4235E+00
1.5200E+03	0.0000E+00	0.0000E+00	2.4239E+00
1.5210E+03	0.0000E+00	0.0000E+00	2.4199E+00
1.5220E+03	0.0000E+00	0.0000E+00	2.4052E+00
1.5230E+03	0.0000E+00	0.0000E+00	2.4037E+00
1.5240E+03	0.0000E+00	0.0000E+00	2.3936E+00
1.5250E+03	0.0000E+00	0.0000E+00	2.3904E+00
1.5260E+03	0.0000E+00	0.0000E+00	2.3881E+00
1.5270E+03	0.0000E+00	0.0000E+00	2.3683E+00
1.5280E+03	0.0000E+00	0.0000E+00	2.3594E+00
1.5290E+03	0.0000E+00	0.0000E+00	2.3532E+00
1.5300E+03	0.0000E+00	0.0000E+00	2.3542E+00
1.5310E+03	0.0000E+00	0.0000E+00	2.3538E+00
1.5320E+03	0.0000E+00	0.0000E+00	2.3494E+00
1.5330E+03	0.0000E+00	0.0000E+00	2.3532E+00
1.5340E+03	0.0000E+00	0.0000E+00	2.3635E+00
1.5350E+03	0.0000E+00	0.0000E+00	2.3747E+00
1.5360E+03	0.0000E+00	0.0000E+00	2.3735E+00
1.5370E+03	0.0000E+00	0.0000E+00	2.3886E+00
1.5380E+03	0.0000E+00	0.0000E+00	2.4013E+00
1.5390E+03	0.0000E+00	0.0000E+00	2.3976E+00
1.5400E+03	0.0000E+00	0.0000E+00	2.3975E+00
1.5410E+03	0.0000E+00	0.0000E+00	2.4049E+00
1.5420E+03	0.0000E+00	0.0000E+00	2.3943E+00
1.5430E+03	0.0000E+00	0.0000E+00	2.3967E+00
1.5440E+03	0.0000E+00	0.0000E+00	2.3862E+00
1.5450E+03	0.0000E+00	0.0000E+00	2.3933E+00
1.5460E+03	0.0000E+00	0.0000E+00	2.3850E+00
1.5470E+03	0.0000E+00	0.0000E+00	2.3852E+00
1.5480E+03	0.0000E+00	0.0000E+00	2.3734E+00
1.5490E+03	0.0000E+00	0.0000E+00	2.3649E+00
1.5500E+03	0.0000E+00	0.0000E+00	2.3623E+00
1.5510E+03	0.0000E+00	0.0000E+00	2.3605E+00
1.5520E+03	0.0000E+00	0.0000E+00	2.3519E+00
1.5530E+03	0.0000E+00	0.0000E+00	2.3407E+00
1.5540E+03	0.0000E+00	0.0000E+00	2.3379E+00
1.5550E+03	0.0000E+00	0.0000E+00	2.3475E+00
1.5560E+03	0.0000E+00	0.0000E+00	2.3438E+00
1.5570E+03	0.0000E+00	0.0000E+00	2.3573E+00
1.5580E+03	0.0000E+00	0.0000E+00	2.3451E+00
1.5590E+03	0.0000E+00	0.0000E+00	2.3449E+00
1.5600E+03	0.0000E+00	0.0000E+00	2.3312E+00
1.5610E+03	0.0000E+00	0.0000E+00	2.3137E+00
1.5620E+03	0.0000E+00	0.0000E+00	2.3072E+00
1.5630E+03	0.0000E+00	0.0000E+00	2.2988E+00
1.5640E+03	0.0000E+00	0.0000E+00	2.2946E+00
1.5650E+03	0.0000E+00	0.0000E+00	2.2871E+00
1.5660E+03	0.0000E+00	0.0000E+00	2.2744E+00
1.5670E+03	0.0000E+00	0.0000E+00	2.2646E+00
1.5680E+03	0.0000E+00	0.0000E+00	2.2658E+00
1.5690E+03	0.0000E+00	0.0000E+00	2.2628E+00
1.5700E+03	0.0000E+00	0.0000E+00	2.2524E+00
1.5710E+03	0.0000E+00	0.0000E+00	2.2529E+00
1.5720E+03	0.0000E+00	0.0000E+00	2.2371E+00
1.5730E+03	0.0000E+00	0.0000E+00	2.2426E+00
1.5740E+03	0.0000E+00	0.0000E+00	2.2313E+00
1.5750E+03	0.0000E+00	0.0000E+00	2.2316E+00
1.5760E+03	0.0000E+00	0.0000E+00	2.2275E+00
1.5770E+03	0.0000E+00	0.0000E+00	2.2198E+00
1.5780E+03	0.0000E+00	0.0000E+00	2.2154E+00
1.5790E+03	0.0000E+00	0.0000E+00	2.2131E+00
1.5800E+03	0.0000E+00	0.0000E+00	2.2055E+00
1.5810E+03	0.0000E+00	0.0000E+00	2.2080E+00
1.5820E+03	0.0000E+00	0.0000E+00	2.1949E+00
1.5830E+03	0.0000E+00	0.0000E+00	2.1913E+00
1.5840E+03	0.0000E+00	0.0000E+00	2.1915E+00
1.5850E+03	0.0000E+00	0.0000E+00	2.1877E+00
1.5860E+03	0.0000E+00	0.0000E+00	2.1903E+00
1.5870E+03	0.0000E+00	0.0000E+00	2.1771E+00
1.5880E+03	0.0000E+00	0.0000E+00	2.1751E+00
1.5890E+03	0.0000E+00	0.0000E+00	2.1695E+00
1.5900E+03	0.0000E+00	0.0000E+00	2.1605E+00
1.5910E+03	0.0000E+00	0.0000E+00	2.1589E+00
1.5920E+03	0.0000E+00	0.0000E+00	2.1614E+00
1.5930E+03	0.0000E+00	0.0000E+00	2.1575E+00
1.5940E+03	0.0000E+00	0.0000E+00	2.1551E+00
1.5950E+03	0.0000E+00	0.0000E+00	2.1545E+00
1.5960E+03	0.0000E+00	0.0000E+00	2.1510E+00
1.5970E+03	0.0000E+00	0.0000E+00	2.1508E+00
1.5980E+03	0.0000E+00	0.0000E+00	2.1462E+00
1.5990E+03	0.0000E+00	0.0000E+00	2.1417E+00
1.6000E+03	0.0000E+00	0.0000E+00	2.1353E+00
1.6010E+03	0.0000E+00	0.0000E+00	2.1266E+00
1.6020E+03	0.0000E+00	0.0000E+00	2.1303E+00
1.6030E+03	0.0000E+00	0.0000E+00	2.1304E+00
1.6040E+03	0.0000E+00	0.0000E+00	2.1357E+00
1.6050E+03	0.0000E+00	0.0000E+00	2.1354E+00
1.6060E+03	0.0000E+00	0.0000E+00	2.1459E+00
1.6070E+03	0.0000E+00	0.0000E+00	2.1532E+00
1.6080E+03	0.0000E+00	0.0000E+00	2.1569E+00
1.6090E+03	0.0000E+00	0.0000E+00	2.1610E+00
1.6100E+03	0.0000E+00	0.0000E+00	2.1595E+00
1.6110E+03	0.0000E+00	0.0000E+00	2.1632E+00
1.6120E+03	0.0000E+00	0.0000E+00	2.1624E+00
1.6130E+03	0.0000E+00	0.0000E+00	2.1533E+00
1.6140E+03	0.0000E+00	0.0000E+00	2.1484E+00
1.6150E+03	0.0000E+00	0.0000E+00	2.1461E+00
1.6160E+03	0.0000E+00	0.0000E+00	2.1441E+00
1.6170E+03	0.0000E+00	0.0000E+00	2.1418E+00
1.6180E+03	0.0000E+00	0.0000E+00	2.1447E+00
1.6190E+03	0.0000E+00	0.0000E+00	2.1413E+00
1.6200E+03	0.0000E+00	0.0000E+00	2.1405E+00
1.6210E+03	0.0000E+00	0.0000E+00	2.1348E+00
1.6220E+03	0.0000E+00	0.0000E+00	2.1353E+00
1.6230E+03	0.0000E+00	0.0000E+00	2.1262E+00
1.6240E+03	0.0000E+00	0.0000E+00	2.1263E+00
1.6250E+03	0.0000E+00	0.0000E+00	2.1279E+00
1.6260E+03	0.0000E+00	0.0000E+00	2.1236E+00
1.6270E+03	0.0000E+00	0.0000E+00	2.1260E+00
1.6280E+03	0.0000E+00	0.0000E+00	2.1322E+00
1.6290E+03	0.0000E+00	0.0000E+00	2.1385E+00
1.6300E+03	0.0000E+00	0.0000E+00	2.1540E+00
1.6310E+03	0.0000E+00	0.0000E+00	2.1637E+00
1.6320E+03	0.0000E+00	0.0000E+00	2.1852E+00
1.6330E+03	0.0000E+00	0.0000E+00	2.1954E+00
1.6340E+03	0.0000E+00	0.0000E+00	2.1937E+00
1.6350E+03	0.0000E+00	0.0000E+00	2.2021E+00
1.6360E+03	0.0000E+00	0.0000E+00	2.1966E+00
1.6370E+03	0.0000E+00	0.0000E+00	2.2002E+00
1.6380E+03	0.0000E+00	0.0000E+00	2.1921E+00
1.6390E+03	0.0000E+00	0.0000E+00	2.1934E+00
1.6400E+03	0.0000E+00	0.0000E+00	2.1886E+00
1.6410E+03	0.0000E+00	0.0000E+00	2.1821E+00
1.6420E+03	0.0000E+00	0.0000E+00	2.1815E+00
1.6430E+03	0.0000E+00	0.0000E+00	2.1753E+00
1.6440E+03	0.0000E+00	0.0000E+00	2.1724E+00
1.6450E+03	0.0000E+00	0.0000E+00	2.1686E+00
1.6460E+03	0.0000E+00	0.0000E+00	2.1672E+00
1.6470E+03	0.0000E+00	0.0000E+00	2.1605E+00
1.6480E+03	0.0000E+00	0.0000E+00	2.1525E+00
1.6490E+03	0.0000E+00	0.0000E+00	2.1572E+00
1.6500E+03	0.0000E+00	0.0000E+00	2.1590E+00
1.6510E+03	0.0000E+00	0.0000E+00	2.1624E+00
1.6520E+03	0.0000E+00	0.0000E+00	2.1806E+00
1.6530E+03	0.0000E+00	0.0000E+00	2.2034E+00
1.6540E+03	0.0000E+00	0.0000E+00	2.2285E+00
1.6550E+03	0.0000E+00	0.0000E+00	2.2444E+00
1.6560E+03	0.0000E+00	0.0000E+00	2.2664E+00
1.6570E+03	0.0000E+00	0.0000E+00	2.2731E+00
1.6580E+03	0.0000E+00	0.0000E+00	2.2743E+00
1.6590E+03	0.0000E+00	0.0000E+00	2.2820E+00
1.6600E+03	0.0000E+00	0.0000E+00	2.2816E+00
1.6610E+03	0.0000E+00	0.0000E+00	2.2733E+00
1.6620E+03	0.0000E+00	0.0000E+00	2.2700E+00
1.6630E+03	0.0000E+00	0.0000E+00	2.2748E+00
1.6640E+03	0.0000E+00	0.0000E+00	2.2647E+00
1.6650E+03	0.0000E+00	0.0000E+00	2.2646E+00
1.6660E+03	0.0000E+00	0.0000E+00	2.2545E+00
1.6670E+03	0.0000E+00	0.0000E+00	2.2540E+00
1.6680E+03	0.0000E+00	0.0000E+00	2.2480E+00
1.6690E+03	0.0000E+00	0.0000E+00	2.2363E+00
1.6700E+03	0.0000E+00	0.0000E+00	2.2324E+00
1.6710E+03	0.0000E+00	0.0000E+00	2.2225E+00
1.6720E+03	0.0000E+00	0.0000E+00	2.2193E+00
1.6730E+03	0.0000E+00	0.0000E+00	2.2192E+00
1.6740E+03	0.0000E+00	0.0000E+00	2.2141E+00
1.6750E+03	0.0000E+00	0.0000E+00	2.2312E+00
1.6760E+03	0.0000E+00	0.0000E+00	2.2438E+00
1.6770E+03	0.0000E+00	0.0000E+00	2.2723E+00
1.6780E+03	0.0000E+00	0.0000E+00	2.2989E+00
1.6790E+03	0.0000E+00	0.0000E+00	2.3150E+00
1.6800E+03	0.0000E+00	0.0000E+00	2.3249E+00
1.6810E+03	0.0000E+00	0.0000E+00	2.3392E+00
1.6820E+03	0.0000E+00	0.0000E+00	2.3452E+00
1.6830E+03	0.0000E+00	0.0000E+00	2.3504E+00
1.6840E+03	0.0000E+00	0.0000E+00	2.3531E+00
1.6850E+03	0.0000E+00	0.0000E+00	2.3518E+00
1.6860E+03	0.0000E+00	0.0000E+00	2.3403E+00
1.6870E+03	0.0000E+00	0.0000E+00	2.3435E+00
1.6880E+03	0.0000E+00	0.0000E+00	2.3438E+00
1.6890E+03	0.0000E+00	0.0000E+00	2.3299E+00
1.6900E+03	0.0000E+00	0.0000E+00	2.3222E+00
1.6910E+03	0.0000E+00	0.0000E+00	2.3179E+00
1.6920E+03	0.0000E+00	0.0000E+00	2.3098E+00
1.6930E+03	0.0000E+00	0.0000E+00	2.3029E+00
1.6940E+03	0.0000E+00	0.0000E+00	2.2945E+00
1.6950E+03	0.0000E+00	0.0000E+00	2.2791E+00
1.6960E+03	0.0000E+00	0.0000E+00	2.2700E+00
1.6970E+03	0.0000E+00	0.0000E+00	2.2742E+00
1.6980E+03	0.0000E+00	0.0000E+00	2.2754E+00
1.6990E+03	0.0000E+00	0.0000E+00	2.2880E+00
1.7000E+03	0.0000E+00	0.0000E+00	2.3111E+00
1.7010E+03	0.0000E+00	0.0000E+00	2.3293E+00
1.7020E+03	0.0000E+00	0.0000E+00	2.3418E+00
1.7030E+03	0.0000E+00	0.0000E+00	2.3531E+00
1.7040E+03	0.0000E+00	0.0000E+00	2.3714E+00
1.7050E+03	0.0000E+00	0.0000E+00	2.3965E+00
1.7060E+03	0.0000E+00	0.0000E+00	2.4021E+00
1.7070E+03	0.0000E+00	0.0000E+00	2.4144E+00
1.7080E+03	0.0000E+00	0.0000E+00	2.4184E+00
1.7090E+03	0.0000E+00	0.0000E+00	2.4163E+00
1.7100E+03	0.0000E+00	0.0000E+00	2.4251E+00
1.7110E+03	0.0000E+00	0.0000E+00	2.4161E+00
1.7120E+03	0.0000E+00	0.0000E+00	2.4013E+00
1.7130E+03	0.0000E+00	0.0000E+00	2.4078E+00
1.7140E+03	0.0000E+00	0.0000E+00	2.3880E+00
1.7150E+03	0.0000E+00	0.0000E+00	2.3847E+00
1.7160E+03	0.0000E+00	0.0000E+00	2.3651E+00
1.7170E+03	0.0000E+00	0.0000E+00	2.3591E+00
1.7180E+03	0.0000E+00	0.0000E+00	2.3536E+00
1.7190E+03	0.0000E+00	0.0000E+00	2.3442E+00
1.7200E+03	0.0000E+00	0.0000E+00	2.3442E+00
1.7210E+03	0.0000E+00	0.0000E+00	2.3190E+00
1.7220E+03	0.0000E+00	0.0000E+00	2.3147E+00
1.7230E+03	0.0000E+00	0.0000E+00	2.3200E+00
1.7240E+03	0.0000E+00	0.0000E+00	2.3436E+00
1.7250E+03	0.0000E+00	0.0000E+00	2.3687E+00
1.7260E+03	0.0000E+00	0.0000E+00	2.3800E+00
1.7270E+03	0.0000E+00	0.0000E+00	2.3896E+00
1.7280E+03	0.0000E+00	0.0000E+00	2.4059E+00
1.7290E+03	0.0000E+00	0.0000E+00	2.4069E+00
1.7300E+03	0.0000E+00	0.0000E+00	2.4152E+00
1.7310E+03	0.0000E+00	0.0000E+00	2.4216E+00
1.7320E+03	0.0000E+00	0.0000E+00	2.4303E+00
1.7330E+03	0.0000E+00	0.0000E+00	2.4231E+00
1.7340E+03	0.0000E+00	0.0000E+00	2.4134E+00
1.7350E+03	0.0000E+00	0.0000E+00	2.3987E+00
1.7360E+03	0.0000E+00	0.0000E+00	2.4077E+00
1.7370E+03	0.0000E+00	0.0000E+00	2.3938E+00
1.7380E+03	0.0000E+00	0.0000E+00	2.3737E+00
1.7390E+03	0.0000E+00	0.0000E+00	2.3738E+00
1.7400E+03	0.0000E+00	0.0000E+00	2.3705E+00
1.7410E+03	0.0000E+00	0.0000E+00	2.3669E+00
1.7420E+03	0.0000E+00	0.0000E+00	2.3444E+00
1.7430E+03	0.0000E+00	0.0000E+00	2.3398E+00
1.7440E+03	0.0000E+00	0.0000E+00	2.3267E+00
1.7450E+03	0.0000E+00	0.0000E+00	2.3226E+00
1.7460E+03	0.0000E+00	0.0000E+00	2.3300E+00
1.7470E+03	0.0000E+00	0.0000E+00	2.3476E+00
1.7480E+03	0.0000E+00	0.0000E+00	2.3454E+00
1.7490E+03	0.0000E+00	0.0000E+00	2.3716E+00
1.7500E+03	0.0000E+00	0.0000E+00	2.3927E+00
1.7510E+03	0.0000E+00	0.0000E+00	2.4063E+00
1.7520E+03	0.0000E+00	0.0000E+00	2.4192E+00
1.7530E+03	0.0000E+00	0.0000E+00	2.4236E+00
1.7540E+03	0.0000E+00	0.0000E+00	2.4370E+00
1.7550E+03	0.0000E+00	0.0000E+00	2.4613E+00
1.7560E+03	0.0000E+00	0.0000E+00	2.4495E+00
1.7570E+03	0.0000E+00	0.0000E+00	2.4569E+00
1.7580E+03	0.0000E+00	0.0000E+00	2.4604E+00
1.7590E+03	0.0000E+00	0.0000E+00	2.4505E+00
1.7600E+03	0.0000E+00	0.0000E+00	2.4567E+00
1.7610E+03	0.0000E+00	0.0000E+00	2.4525E+00
1.7620E+03	0.0000E+00	0.0000E+00	2.4398E+00
1.7630E+03	0.0000E+00	0.0000E+00	2.4395E+00
1.7640E+03	0.0000E+00	0.0000E+00	2.4209E+00
1.7650E+03	0.0000E+00	0.0000E+00	2.4223E+00
1.7660E+03	0.0000E+00	0.0000E+00	2.3925E+00
1.7670E+03	0.0000E+00	0.0000E+00	2.3905E+00
1.7680E+03	0.0000E+00	0.0000E+00	2.3777E+00
1.7690E+03	0.0000E+00	0.0000E+00	2.3797E+00
1.7700E+03	0.0000E+00	0.0000E+00	2.3701E+00
1.7710E+03	0.0000E+00	0.0000E+00	2.3663E+00
1.7720E+03	0.0000E+00	0.0000E+00	2.3776E+00
1.7730E+03	0.0000E+00	0.0000E+00	2.3966E+00
1.7740E+03	0.0000E+00	0.0000E+00	2.4007E+00
1.7750E+03	0.0000E+00	0.0000E+00	2.4239E+00
1.7760E+03	0.0000E+00	0.0000E+00	2.4355E+00
1.7770E+03	0.0000E+00	0.0000E+00	2.4500E+00
1.7780E+03	0.0000E+00	0.0000E+00	2.4493E+00
1.7790E+03	0.0000E+00	0.0000E+00	2.4456E+00
1.7800E+03	0.0000E+00	0.0000E+00	2.4517E+00
1.7810E+03	0.0000E+00	0.0000E+00	2.4508E+00
1.7820E+03	0.0000E+00	0.0000E+00	2.4483E+00
1.7830E+03	0.0000E+00	0.0000E+00	2.4455E+00
1.7840E+03	0.0000E+00	0.0000E+00	2.4354E+00
1.7850E+03	0.0000E+00	0.0000E+00	2.4276E+00
1.7860E+03	0.0000E+00	0.0000E+00	2.4170E+00
1.7870E+03	0.0000E+00	0.0000E+00	2.4062E+00
1.7880E+03	0.0000E+00	0.0000E+00	2.3815E+00
1.7890E+03	0.0000E+00	0.0000E+00	2.3814E+00
1.7900E+03	0.0000E+00	0.0000E+00	2.3644E+00
1.7910E+03	0.0000E+00	0.0000E+00	2.3553E+00
1.7920E+03	0.0000E+00	0.0000E+00	2.3535E+00
1.7930E+03	0.0000E+00	0.0000E+00	2.3423E+00
1.7940E+03	0.0000E+00	0.0000E+00	2.3368E+00
1.7950E+03	0.0000E+00	0.0000E+00	2.3375E+00
1.7960E+03	0.0000E+00	0.0000E+00	2.3505E+00
1.7970E+03	0.0000E+00	0.0000E+00	2.3518E+00
1.7980E+03	0.0000E+00	0.0000E+00	2.3650E+00
1.7990E+03	0.0000E+00	0.0000E+00	2.3767E+00
1.8000E+03	0.0000E+00	0.0000E+00	2.3984E+00
1.8010E+03	0.0000E+00	0.0000E+00	2.4004E+00
1.8020E+03	0.0000E+00	0.0000E+00	2.4135E+00
1.8030E+03	0.0000E+00	0.0000E+00	2.4074E+00
1.8040E+03	0.0000E+00	0.0000E+00	2.4099E+00
1.8050E+03	0.0000E+00	0.0000E+00	2.3929E+00
1.8060E+03	0.0000E+00	0.0000E+00	2.3910E+00
1.8070E+03	0.0000E+00	0.0000E+00	2.3918E+00
1.8080E+03	0.0000E+00	0.0000E+00	2.3829E+00
1.8090E+03	0.0000E+00	0.0000E+00	2.3619E+00
1.8100E+03	0.0000E+00	0.0000E+00	2.3706E+00
1.8110E+03	0.0000E+00	0.0000E+00	2.3658E+00
1.8120E+03	0.0000E+00	0.0000E+00	2.3462E+00
1.8130E+03	0.0000E+00	0.0000E+00	2.3374E+00
1.8140E+03	0.0000E+00	0.0000E+00	2.3246E+00
1.8150E+03	0.0000E+00	0.0000E+00	2.3193E+00
1.8160E+03	0.0000E+00	0.0000E+00	2.3068E+00
1.8170E+03	0.0000E+00	0.0000E+00	2.3078E+00
1.8180E+03	0.0000E+00	0.0000E+00	2.3175E+00
1.8190E+03	0.0000E+00	0.0000E+00	2.3176E+00
1.8200E+03	0.0000E+00	0.0000E+00	2.3359E+00
1.8210E+03	0.0000E+00	0.0000E+00	2.3448E+00
1.8220E+03	0.0000E+00	0.0000E+00	2.3669E+00
1.8230E+03	0.0000E+00	0.0000E+00	2.3950E+00
1.8240E+03	0.0000E+00	0.0000E+00	2.4072E+00
1.8250E+03	0.0000E+00	0.0000E+00	2.4098E+00
1.8260E+03	0.0000E+00	0.0000E+00	2.4117E+00
1.8270E+03	0.0000E+00	0.0000E+00	2.4121E+00
1.8280E+03	0.0000E+00	0.0000E+00	2.4237E+00
1.8290E+03	0.0000E+00	0.0000E+00	2.4149E+00
1.8300E+03	0.0000E+00	0.0000E+00	2.3954E+00
1.8310E+03	0.0000E+00	0.0000E+00	2.3828E+00
1.8320E+03	0.0000E+00	0.0000E+00	2.3856E+00
1.8330E+03	0.0000E+00	0.0000E+00	2.3844E+00
1.8340E+03	0.0000E+00	0.0000E+00	2.3701E+00
1.8350E+03	0.0000E+00	0.0000E+00	2.3563E+00
1.8360E+03	0.0000E+00	0.0000E+00	2.3415E+00
1.8370E+03	0.0000E+00	0.0000E+00	2.3277E+00
1.8380E+03	0.0000E+00	0.0000E+00	2.3231E+00
1.8390E+03	0.0000E+00	0.0000E+00	2.3144E+00
1.8400E+03	0.0000E+00	0.0000E+00	2.3044E+00
1.8410E+03	0.0000E+00	0.0000E+00	2.2963E+00
1.8420E+03	0.0000E+00	0.0000E+00	2.3070E+00
1.8430E+03	0.0000E+00	0.0000E+00	2.3088E+00
1.8440E+03	0.0000E+00	0.0000E+00	2.3137E+00
1.8450E+03	0.0000E+00	0.0000E+00	2.3357E+00
1.8460E+03	0.0000E+00	0.0000E+00	2.3428E+00
1.8470E+03	0.0000E+00	0.0000E+00	2.3605E+00
1.8480E+03	0.0000E+00	0.0000E+00	2.3753E+00
1.8490E+03	0.0000E+00	0.0000E+00	2.3762E+00
1.8500E+03	0.0000E+00	0.0000E+00	2.3801E+00
1.8510E+03	0.0000E+00	0.0000E+00	2.3707E+00
1.8520E+03	0.0000E+00	0.0000E+00	2.3671E+00
1.8530E+03	0.0000E+00	0.0000E+00	2.3553E+00
1.8540E+03	0.0000E+00	0.0000E+00	2.3457E+00
1.8550E+03	0.0000E+00	0.0000E+00	2.3428E+00
1.8560E+03	0.0000E+00	0.0000E+00	2.3313E+00
1.8570E+03	0.0000E+00	0.0000E+00	2.3298E+00
1.8580E+03	0.0000E+00	0.0000E+00	2.3261E+00
1.8590E+03	0.0000E+00	0.0000E+00	2.3073E+00
1.8600E+03	0.0000E+00	0.0000E+00	2.3040E+00
1.8610E+03	0.0000E+00	0.0000E+00	2.2895E+00
1.8620E+03	0.0000E+00	0.0000E+00	2.2891E+00
1.8630E+03	0.0000E+00	0.0000E+00	2.2705E+00
1.8640E+03	0.0000E+00	0.0000E+00	2.2718E+00
1.8650E+03	0.0000E+00	0.0000E+00	2.2672E+00
1.8660E+03	0.0000E+00	0.0000E+00	2.2722E+00
1.8670E+03	0.0000E+00	0.0000E+00	2.2909E+00
1.8680E+03	0.0000E+00	0.0000E+00	2.3080E+00
1.8690E+03	0.0000E+00	0.0000E+00	2.3131E+00
1.8700E+03	0.0000E+00	0.0000E+00	2.3268E+00
1.8710E+03	0.0000E+00	0.0000E+00	2.3475E+00
1.8720E+03	0.0000E+00	0.0000E+00	2.3495E+00
1.8730E+03	0.0000E+00	0.0000E+00	2.3449E+00
1.8740E+03	0.0000E+00	0.0000E+00	2.3583E+00
1.8750E+03	0.0000E+00	0.0000E+00	2.3576E+00
1.8760E+03	0.0000E+00	0.0000E+00	2.3446E+00
1.8770E+03	0.0000E+00	0.0000E+00	2.3361E+00
1.8780E+03	0.0000E+00	0.0000E+00	2.3276E+00
1.8790E+03	0.0000E+00	0.0000E+00	2.3167E+00
1.8800E+03	0.0000E+00	0.0000E+00	2.3072E+00
1.8810E+03	0.0000E+00	0.0000E+00	2.3113E+00
1.8820E+03	0.0000E+00	0.0000E+00	2.3022E+00
1.8830E+03	0.0000E+00	0.0000E+00	2.2926E+00
1.8840E+03	0.0000E+00	0.0000E+00	2.2795E+00
1.8850E+03	0.0000E+00	0.0000E+00	2.2664E+00
1.8860E+03	0.0000E+00	0.0000E+00	2.2627E+00
1.8870E+03	0.0000E+00	0.0000E+00	2.2528E+00
1.8880E+03	0.0000E+00	0.0000E+00	2.2418E+00
1.8890E+03	0.0000E+00	0.0000E+00	2.2397E+00
1.8900E+03	0.0000E+00	0.0000E+00	2.2434E+00
1.8910E+03	0.0000E+00	0.0000E+00	2.2483E+00
1.8920E+03	0.0000E+00	0.0000E+00	2.2615E+00
1.8930E+03	0.0000E+00	0.0000E+00	2.2810E+00
1.8940E+03	0.0000E+00	0.0000E+00	2.2934E+00
1.8950E+03	0.0000E+00	0.0000E+00	2.2951E+00
1.8960E+03	0.0000E+00	0.0000E+00	2.3027E+00
1.8970E+03	0.0000E+00	0.0000E+00	2.3100E+00
1.8980E+03	0.0000E+00	0.0000E+00	2.3010E+00
1.8990E+03	0.0000E+00	0.0000E+00	2.2995E+00
1.9000E+03	0.0000E+00	0.0000E+00	2.3009E+00
1.9010E+03	0.0000E+00	0.0000E+00	2.2858E+00
1.9020E+03	0.0000E+00	0.0000E+00	2.2841E+00
1.9030E+03	0.0000E+00	0.0000E+00	2.2794E+00
1.9040E+03	0.0000E+00	0.0000E+00	2.2678E+00
1.9050E+03	0.0000E+00	0.0000E+00	2.2678E+00
1.9060E+03	0.0000E+00	0.0000E+00	2.2659E+00
1.9070E+03	0.0000E+00	0.0000E+00	2.2516E+00
1.9080E+03	0.0000E+00	0.0000E+00	2.2539E+00
1.9090E+03	0.0000E+00	0.0000E+00	2.2417E+00
1.9100E+03	0.0000E+00	0.0000E+00	2.2346E+00
1.9110E+03	0.0000E+00	0.0000E+00	2.2250E+00
1.9120E+03	0.0000E+00	0.0000E+00	2.2225E+00
1.9130E+03	0.0000E+00	0.0000E+00	2.2192E+00
1.9140E+03	0.0000E+00	0.0000E+00	2.2198E+00
1.9150E+03	0.0000E+00	0.0000E+00	2.2274E+00
1.9160E+03	0.0000E+00	0.0000E+00	2.2398E+00
1.9170E+03	0.0000E+00	0.0000E+00	2.2345E+00
1.9180E+03	0.0000E+00	0.0000E+00	2.2456E+00
1.9190E+03	0.0000E+00	0.0000E+00	2.2504E+00
1.9200E+03	0.0000E+00	0.0000E+00	2.2524E+00
1.9210E+03	0.0000E+00	0.0000E+00	2.2529E+00
1.9220E+03	0.0000E+00	0.0000E+00	2.2533E+00
1.9230E+03	0.0000E+00	0.0000E+00	2.2533E+00
1.9240E+03	0.0000E+00	0.0000E+00	2.2389E+00
1.9250E+03	0.0000E+00	0.0000E+00	2.2411E+00
1.9260E+03	0.0000E+00	0.0000E+00	2.2396E+00
1.9270E+03	0.0000E+00	0.0000E+00	2.2292E+00
1.9280E+03	0.0000E+00	0.0000E+00	2.2286E+00
1.9290E+03	0.0000E+00	0.0000E+00	2.2295E+00
1.9300E+03	0.0000E+00	0.0000E+00	2.2254E+00
1.9310E+03	0.0000E+00	0.0000E+00	2.2272E+00
1.9320E+03	0.0000E+00	0.0000E+00	2.2288E+00
1.9330E+03	0.0000E+00	0.0000E+00	2.2246E+00
1.9340E+03	0.0000E+00	0.0000E+00	2.2165E+00
1.9350E+03	0.0000E+00	0.0000E+00	2.2119E+00
1.9360E+03	0.0000E+00	0.0000E+00	2.2035E+00
1.9370E+03	0.0000E+00	0.0000E+00	2.2061E+00
1.9380E+03	0.0000E+00	0.0000E+00	2.2052E+00
1.9390E+03	0.0000E+00	0.0000E+00	2.2136E+00
1.9400E+03	0.0000E+00	0.0000E+00	2.2354E+00
1.9410E+03	0.0000E+00	0.0000E+00	2.2491E+00
1.9420E+03	0.0000E+00	0.0000E+00	2.2642E+00
1.9430E+03	0.0000E+00	0.0000E+00	2.2716E+00
1.9440E+03	0.0000E+00	0.0000E+00	2.2716E+00
1.9450E+03	0.0000E+00	0.0000E+00	2.2805E+00
1.9460E+03	0.0000E+00	0.0000E+00	2.2794E+00
1.9470E+03	0.0000E+00	0.0000E+00	2.2651E+00
1.9480E+03	0.0000E+00	0.0000E+00	2.2708E+00
1.9490E+03	0.0000E+00	0.0000E+00	2.2613E+00
1.9500E+03	0.0000E+00	0.0000E+00	2.2501E+00
1.9510E+03	0.0000E+00	0.0000E+00	2.2461E+00
1.9520E+03	0.0000E+00	0.0000E+00	2.2403E+00
1.9530E+03	0.0000E+00	0.0000E+00	2.2314E+00
1.9540E+03	0.0000E+00	0.0000E+00	2.2303E+00
1.9550E+03	0.0000E+00	0.0000E+00	2.2233E+00
1.9560E+03	0.0000E+00	0.0000E+00	2.2149E+00
1.9570E+03	0.0000E+00	0.0000E+00	2.2051E+00
1.9580E+03	0.0000E+00	0.0000E+00	2.1938E+00
1.9590E+03	0.0000E+00	0.0000E+00	2.1824E+00
1.9600E+03	0.0000E+00	0.0000E+00	2.1810E+00
1.9610E+03	0.0000E+00	0.0000E+00	2.1794E+00
1.9620E+03	0.0000E+00	0.0000E+00	2.1836E+00
1.9630E+03	0.0000E+00	0.0000E+00	2.1860E+00
1.9640E+03	0.0000E+00	0.0000E+00	2.2001E+00
1.9650E+03	0.0000E+00	0.0000E+00	2.2154E+00
1.9660E+03	0.0000E+00	0.0000E+00	2.2211E+00
1.9670E+03	0.0000E+00	0.0000E+00	2.2406E+00
1.9680E+03	0.0000E+00	0.0000E+00	2.2439E+00
1.9690E+03	0.0000E+00	0.0000E+00	2.2344E+00
1.9700E+03	0.0000E+00	0.0000E+00	2.2373E+00
1.9710E+03	0.0000E+00	0.0000E+00	2.2257E+00
1.9720E+03	0.0000E+00	0.0000E+00	2.2246E+00
1.9730E+03	0.0000E+00	0.0000E+00	2.2132E+00
1.9740E+03	0.0000E+00	0.0000E+00	2.2117E+00
1.9750E+03	0.0000E+00	0.0000E+00	2.2053E+00
1.9760E+03	0.0000E+00	0.0000E+00	2.2011E+00
1.9770E+03	0.0000E+00	0.0000E+00	2.1912E+00
1.9780E+03	0.0000E+00	0.0000E+00	2.1946E+00
1.9790E+03	0.0000E+00	0.0000E+00	2.1853E+00
1.9800E+03	0.0000E+00	0.0000E+00	2.1753E+00
1.9810E+03	0.0000E+00	0.0000E+00	2.1688E+00
1.9820E+03	0.0000E+00	0.0000E+00	2.1624E+00
1.9830E+03	0.0000E+00	0.0000E+00	2.1572E+00
1.9840E+03	0.0000E+00	0.0000E+00	2.1514E+00
1.9850E+03	0.0000E+00	0.0000E+00	2.1489E+00
1.9860E+03	0.0000E+00	0.0000E+00	2.1551E+00
1.9870E+03	0.0000E+00	0.0000E+00	2.1608E+00
1.9880E+03	0.0000E+00	0.0000E+00	2.1727E+00
1.9890E+03	0.0000E+00	0.0000E+00	2.1988E+00
1.9900E+03	0.0000E+00	0.0000E+00	2.2109E+00
1.9910E+03	0.0000E+00	0.0000E+00	2.2263E+00
1.9920E+03	0.0000E+00	0.0000E+00	2.2300E+00
1.9930E+03	0.0000E+00	0.0000E+00	2.2321E+00
1.9940E+03	0.0000E+00	0.0000E+00	2.2314E+00
1.9950E+03	0.0000E+00	0.0000E+00	2.2331E+00
1.9960E+03	0.0000E+00	0.0000E+00	2.2195E+00
1.9970E+03	0.0000E+00	0.0000E+00	2.2210E+00
1.9980E+03	0.0000E+00	0.0000E+00	2.2119E+00
1.9990E+03	0.0000E+00	0.0000E+00	2.2003E+00
2.0000E+03	0.0000E+00	0.0000E+00	2.2054E+00
2.0010E+03	0.0000E+00	0.0000E+00	2.1992E+00
2.0020E+03	0.0000E+00	0.0000E+00	2.1838E+00
2.0030E+03	0.0000E+00	0.0000E+00	2.1807E+00
2.0040E+03	0.0000E+00	0.0000E+00	2.1711E+00
2.0050E+03	0.0000E+00	0.0000E+00	2.1638E+00
2.0060E+03	0.0000E+00	0.0000E+00	2.1570E+00
2.0070E+03	0.0000E+00	0.0000E+00	2.1474E+00
2.0080E+03	0.0000E+00	0.0000E+00	2.1451E+00
2.0090E+03	0.0000E+00	0.0000E+00	2.1470E+00
2.0100E+03	0.0000E+00	0.0000E+00	2.1522E+00
2.0110E+03	0.0000E+00	0.0000E+00	2.1681E+00
2.0120E+03	0.0000E+00	0.0000E+00	2.1852E+00
2.0130E+03	0.0000E+00	0.0000E+00	2.2040E+00
2.0140E+03	0.0000E+00	0.0000E+00	2.2114E+00
2.0150E+03	0.0000E+00	0.0000E+00	2.2237E+00
2.0160E+03	0.0000E+00	0.0000E+00	2.2262E+00
2.0170E+03	0.0000E+00	0.0000E+00	2.2251E+00
2.0180E+03	0.0000E+00	0.0000E+00	2.2267E+00
2.0190E+03	0.0000E+00	0.0000E+00	2.2271E+00
2.0200E+03	0.0000E+00	0.0000E+00	2.2173E+00
2.0210E+03	0.0000E+00	0.0000E+00	2.2079E+00
2.0220E+03	0.0000E+00	0.0000E+00	2.2062E+00
2.0230E+03	0.0000E+00	0.0000E+00	2.1974E+00
2.0240E+03	0.0000E+00	0.0000E+00	2.1874E+00
2.0250E+03	0.0000E+00	0.0000E+00	2.1846E+00
2.0260E+03	0.0000E+00	0.0000E+00	2.1772E+00
2.0270E+03	0.0000E+00	0.0000E+00	2.1754E+00
2.0280E+03	0.0000E+00	0.0000E+00	2.1590E+00
2.0290E+03	0.0000E+00	0.0000E+00	2.1578E+00
2.0300E+03	0.0000E+00	0.0000E+00	2.1480E+00
2.0310E+03	0.0000E+00	0.0000E+00	2.1463E+00
2.0320E+03	0.0000E+00	0.0000E+00	2.1393E+00
2.0330E+03	0.0000E+00	0.0000E+00	2.1463E+00
2.0340E+03	0.0000E+00	0.0000E+00	2.1448E+00
2.0350E+03	0.0000E+00	0.0000E+00	2.1524E+00
2.0360E+03	0.0000E+00	0.0000E+00	2.1686E+00
2.0370E+03	0.0000E+00	0.0000E+00	2.1773E+00
2.0380E+03	0.0000E+00	0.0000E+00	2.1987E+00
2.0390E+03	0.0000E+00	0.0000E+00	2.2002E+00
2.0400E+03	0.0000E+00	0.0000E+00	2.2109E+00
2.0410E+03	0.0000E+00	0.0000E+00	2.2143E+00
2.0420E+03	0.0000E+00	0.0000E+00	2.2238E+00
2.0430E+03	0.0000E+00	0.0000E+00	2.2089E+00
2.0440E+03	0.0000E+00	0.0000E+00	2.2063E+00
2.0450E+03	0.0000E+00	0.0000E+00	2.2082E+00
2.0460E+03	0.0000E+00	0.0000E+00	2.1975E+00
2.0470E+03	0.0000E+00	0.0000E+00	2.1869E+00
2.0480E+03	0.0000E+00	0.0000E+00	2.1787E+00
2.0490E+03	0.0000E+00	0.0000E+00	2.1770E+00
2.0500E+03	0.0000E+00	0.0000E+00	2.1660E+00
2.0510E+03	0.0000E+00	0.0000E+00	2.1648E+00
2.0520E+03	0.0000E+00	0.0000E+00	2.1557E+00
2.0530E+03	0.0000E+00	0.0000E+00	2.1474E+00
2.0540E+03	0.0000E+00	0.0000E+00	2.1395E+00
2.0550E+03	0.0000E+00	0.0000E+00	2.1314E+00
2.0560E+03	0.0000E+00	0.0000E+00	2.1330E+00
2.0570E+03	0.0000E+00	0.0000E+00	2.1322E+00
2.0580E+03	0.0000E+00	0.0000E+00	2.1404E+00
2.0590E+03	0.0000E+00	0.0000E+00	2.1525E+00
2.0600E+03	0.0000E+00	0.0000E+00	2.1694E+00
2.0610E+03	0.0000E+00	0.0000E+00	2.1858E+00
2.0620E+03	0.0000E+00	0.0000E+00	2.1954E+00
2.0630E+03	0.0000E+00	0.0000E+00	2.2008E+00
2.0640E+03	0.0000E+00	0.0000E+00	2.2047E+00
2.0650E+03	0.0000E+00	0.0000E+00	2.2030E+00
2.0660E+03	0.0000E+00	0.0000E+00	2.1986E+00
2.0670E+03	0.0000E+00	0.0000E+00	2.1958E+00
2.0680E+03	0.0000E+00	0.0000E+00	2.1958E+00
2.0690E+03	0.0000E+00	0.0000E+00	2.1834E+00
2.0700E+03	0.0000E+00	0.0000E+00	2.1824E+00
2.0710E+03	0.0000E+00	0.0000E+00	2.1753E+00
2.0720E+03	0.0000E+00	0.0000E+00	2.1708E+00
2.0730E+03	0.0000E+00	0.0000E+00	2.1651E+00
2.0740E+03	0.0000E+00	0.0000E+00	2.1595E+00
2.0750E+03	0.0000E+00	0.0000E+00	2.1549E+00
2.0760E+03	0.0000E+00	0.0000E+00	2.1471E+00
2.0770E+03	0.0000E+00	0.0000E+00	2.1411E+00
2.0780E+03	0.0000E+00	0.0000E+00	2.1329E+00
2.0790E+03	0.0000E+00	0.0000E+00	2.1285E+00
2.0800E+03	0.0000E+00	0.0000E+00	2.1248E+00
2.0810E+03	0.0000E+00	0.0000E+00	2.1204E+00
2.0820E+03	0.0000E+00	0.0000E+00	2.1253E+00
2.0830E+03	0.0000E+00	0.0000E+00	2.1369E+00
2.0840E+03	0.0000E+00	0.0000E+00	2.1548E+00
2.0850E+03	0.0000E+00	0.0000E+00	2.1725E+00
2.0860E+03	0.0000E+00	0.0000E+00	2.1904E+00
2.0870E+03	0.0000E+00	0.0000E+00	2.2107E+00
2.0880E+03	0.0000E+00	0.0000E+00	2.2147E+00
2.0890E+03	0.0000E+00	0.0000E+00	2.2133E+00
2.0900E+03	0.0000E+00	0.0000E+00	2.2149E+00
2.0910E+03	0.0000E+00	0.0000E+00	2.2243E+00
2.0920E+03	0.0000E+00	0.0000E+00	2.2046E+00
2.0930E+03	0.0000E+00	0.0000E+00	2.1948E+00
2.0940E+03	0.0000E+00	0.0000E+00	2.1974E+00
2.0950E+03	0.0000E+00	0.0000E+00	2.1906E+00
2.0960E+03	0.0000E+00	0.0000E+00	2.1830E+00
2.0970E+03	0.0000E+00	0.0000E+00	2.1773E+00
2.0980E+03	0.0000E+00	0.0000E+00	2.1658E+00
2.0990E+03	0.0000E+00	0.0000E+00	2.1584E+00
2.1000E+03	0.0000E+00	0.0000E+00	2.1482E+00
2.1010E+03	0.0000E+00	0.0000E+00	2.1373E+00
2.1020E+03	0.0000E+00	0.0000E+00	2.1355E+00
2.1030E+03	0.0000E+00	0.0000E+00	2.1266E+00
2.1040E+03	0.0000E+00	0.0000E+00	2.1175E+00
2.1050E+03	0.0000E+00	0.0000E+00	2.1198E+00
2.1060E+03	0.0000E+00	0.0000E+00	2.1328E+00
2.1070E+03	0.0000E+00	0.0000E+00	2.1436E+00
2.1080E+03	0.0000E+00	0.0000E+00	2.1579E+00
2.1090E+03	0.0000E+00	0.0000E+00	2.1756E+00
2.1100E+03	0.0000E+00	0.0000E+00	2.1929E+00
2.1110E+03	0.0000E+00	0.0000E+00	2.2031E+00
2.1120E+03	0.0000E+00	0.0000E+00	2.2189E+00
2.1130E+03	0.0000E+00	0.0000E+00	2.2222E+00
2.1140E+03	0.0000E+00	0.0000E+00	2.2211E+00
2.1150E+03	0.0000E+00	0.0000E+00	2.2195E+00
2.1160E+03	0.0000E+00	0.0000E+00	2.2109E+00
2.1170E+03	0.0000E+00	0.0000E+00	2.2006E+00
2.1180E+03	0.0000E+00	0.0000E+00	2.1911E+00
2.1190E+03	0.0000E+00	0.0000E+00	2.1853E+00
2.1200E+03	0.0000E+00	0.0000E+00	2.1776E+00
2.1210E+03	0.0000E+00	0.0000E+00	2.1683E+00
2.1220E+03	0.0000E+00	0.0000E+00	2.1607E+00
2.1230E+03	0.0000E+00	0.0000E+00	2.1525E+00
2.1240E+03	0.0000E+00	0.0000E+00	2.1429E+00
2.1250E+03	0.0000E+00	0.0000E+00	2.1337E+00
2.1260E+03	0.0000E+00	0.0000E+00	2.1274E+00
2.1270E+03	0.0000E+00	0.0000E+00	2.1135E+00
2.1280E+03	0.0000E+00	0.0000E+00	2.1147E+00
2.1290E+03	0.0000E+00	0.0000E+00	2.1166E+00
2.1300E+03	0.0000E+00	0.0000E+00	2.1224E+00
2.1310E+03	0.0000E+00	0.0000E+00	2.1400E+00
2.1320E+03	0.0000E+00	0.0000E+00	2.1555E+00
2.1330E+03	0.0000E+00	0.0000E+00	2.1734E+00
2.1340E+03	0.0000E+00	0.0000E+00	2.1953E+00
2.1350E+03	0.0000E+00	0.0000E+00	2.2089E+00
2.1360E+03	0.0000E+00	0.0000E+00	2.2175E+00
2.1370E+03	0.0000E+00	0.0000E+00	2.2239E+00
2.1380E+03	0.0000E+00	0.0000E+00	2.2174E+00
2.1390E+03	0.0000E+00	0.0000E+00	2.2146E+00
2.1400E+03	0.0000E+00	0.0000E+00	2.2124E+00
2.1410E+03	0.0000E+00	0.0000E+00	2.1985E+00
2.1420E+03	0.0000E+00	0.0000E+00	2.1869E+00
2.1430E+03	0.0000E+00	0.0000E+00	2.1748E+00
2.1440E+03	0.0000E+00	0.0000E+00	2.1759E+00
2.1450E+03	0.0000E+00	0.0000E+00	2.1620E+00
2.1460E+03	0.0000E+00	0.0000E+00	2.1585E+00
2.1470E+03	0.0000E+00	0.0000E+00	2.1530E+00
2.1480E+03	0.0000E+00	0.0000E+00	2.1417E+00
2.1490E+03	0.0000E+00	0.0000E+00	2.1377E+00
2.1500E+03	0.0000E+00	0.0000E+00	2.1285E+00
2.1510E+03	0.0000E+00	0.0000E+00	2.1219E+00
2.1520E+03	0.0000E+00	0.0000E+00	2.1120E+00
2.1530E+03	0.0000E+00	0.0000E+00	2.1202E+00
2.1540E+03	0.0000E+00	0.0000E+00	2.1296E+00
2.1550E+03	0.0000E+00	0.0000E+00	2.1518E+00
2.1560E+03	0.0000E+00	0.0000E+00	2.1690E+00
2.1570E+03	0.0000E+00	0.0000E+00	2.1822E+00
2.1580E+03	0.0000E+00	0.0000E+00	2.1965E+00
2.1590E+03	0.0000E+00	0.0000E+00	2.2095E+00
2.1600E+03	0.0000E+00	0.0000E+00	2.2106E+00
2.1610E+03	0.0000E+00	0.0000E+00	2.2042E+00
2.1620E+03	0.0000E+00	0.0000E+00	2.2053E+00
2.1630E+03	0.0000E+00	0.0000E+00	2.1927E+00
2.1640E+03	0.0000E+00	0.0000E+00	2.1934E+00
2.1650E+03	0.0000E+00	0.0000E+00	2.1773E+00
2.1660E+03	0.0000E+00	0.0000E+00	2.1639E+00
2.1670E+03	0.0000E+00	0.0000E+00	2.1546E+00
2.1680E+03	0.0000E+00	0.0000E+00	2.1532E+00
2.1690E+03	0.0000E+00	0.0000E+00	2.1441E+00
2.1700E+03	0.0000E+00	0.0000E+00	2.1317E+00
2.1710E+03	0.0000E+00	0.0000E+00	2.1209E+00
2.1720E+03	0.0000E+00	0.0000E+00	2.1131E+00
2.1730E+03	0.0000E+00	0.0000E+00	2.1003E+00
2.1740E+03	0.0000E+00	0.0000E+00	2.0931E+00
2.1750E+03	0.0000E+00	0.0000E+00	2.0891E+00
2.1760E+03	0.0000E+00	0.0000E+00	2.0723E+00
2.1770E+03	0.0000E+00	0.0000E+00	2.0675E+00
2.1780E+03	0.0000E+00	0.0000E+00	2.0705E+00
2.1790E+03	0.0000E+00	0.0000E+00	2.0801E+00
2.1800E+03	0.0000E+00	0.0000E+00	2.0853E+00
2.1810E+03	0.0000E+00	0.0000E+00	2.0972E+00
2.1820E+03	0.0000E+00	0.0000E+00	2.1065E+00
2.1830E+03	0.0000E+00	0.0000E+00	2.1162E+00
2.1840E+03	0.0000E+00	0.0000E+00	2.1198E+00
2.1850E+03	0.0000E+00	0.0000E+00	2.1233E+00
2.1860E+03	0.0000E+00	0.0000E+00	2.1198E+00
2.1870E+03	0.0000E+00	0.0000E+00	2.1178E+00
2.1880E+03	0.0000E+00	0.0000E+00	2.1050E+00
2.1890E+03	0.0000E+00	0.0000E+00	2.1073E+00
2.1900E+03	0.0000E+00	0.0000E+00	2.0948E+00
2.1910E+03	0.0000E+00	0.0000E+00	2.0892E+00
2.1920E+03	0.0000E+00	0.0000E+00	2.0855E+00
2.1930E+03	0.0000E+00	0.0000E+00	2.0812E+00
2.1940E+03	0.0000E+00	0.0000E+00	2.0733E+00
2.1950E+03	0.0000E+00	0.0000E+00	2.0678E+00
2.1960E+03	0.0000E+00	0.0000E+00	2.0623E+00
2.1970E+03	0.0000E+00	0.0000E+00	2.0555E+00
2.1980E+03	0.0000E+00	0.0000E+00	2.0461E+00
2.1990E+03	0.0000E+00	0.0000E+00	2.0415E+00
2.2000E+03	0.0000E+00	0.0000E+00	2.0361E+00
2.2010E+03	0.0000E+00	0.0000E+00	2.0294E+00
2.2020E+03	0.0000E+00	0.0000E+00	2.0332E+00
2.2030E+03	0.0000E+00	0.0000E+00	2.0405E+00
2.2040E+03	0.0000E+00	0.0000E+00	2.0498E+00
2.2050E+03	0.0000E+00	0.0000E+00	2.0651E+00
2.2060E+03	0.0000E+00	0.0000E+00	2.0770E+00
2.2070E+03	0.0000E+00	0.0000E+00	2.0852E+00
2.2080E+03	0.0000E+00	0.0000E+00	2.0941E+00
2.2090E+03	0.0000E+00	0.0000E+00	2.1034E+00
2.2100E+03	0.0000E+00	0.0000E+00	2.1056E+00
2.2110E+03	0.0000E+00	0.0000E+00	2.0964E+00
2.2120E+03	0.0000E+00	0.0000E+00	2.0954E+00
2.2130E+03	0.0000E+00	0.0000E+00	2.0881E+00
2.2140E+03	0.0000E+00	0.0000E+00	2.0796E+00
2.2150E+03	0.0000E+00	0.0000E+00	2.0720E+00
2.2160E+03	0.0000E+00	0.0000E+00	2.0697E+00
2.2170E+03	0.0000E+00	0.0000E+00	2.0655E+00
2.2180E+03	0.0000E+00	0.0000E+00	2.0574E+00
2.2190E+03	0.0000E+00	0.0000E+00	2.0489E+00
2.2200E+03	0.0000E+00	0.0000E+00	2.0422E+00
2.2210E+03	0.0000E+00	0.0000E+00	2.0366E+00
2.2220E+03	0.0000E+00	0.0000E+00	2.0325E+00
2.2230E+03	0.0000E+00	0.0000E+00	2.0324E+00
2.2240E+03	0.0000E+00	0.0000E+00	2.0313E+00
2.2250E+03	0.0000E+00	0.0000E+00	2.0284E+00
2.2260E+03	0.0000E+00	0.0000E+00	2.0267E+00
2.2270E+03	0.0000E+00	0.0000E+00	2.0353E+00
2.2280E+03	0.0000E+00	0.0000E+00	2.0392E+00
2.2290E+03	0.0000E+00	0.0000E+00	2.0499E+00
2.2300E+03	0.0000E+00	0.0000E+00	2.0623E+00
2.2310E+03	0.0000E+00	0.0000E+00	2.0677E+00
2.2320E+03	0.0000E+00	0.0000E+00	2.0720E+00
2.2330E+03	0.0000E+00	0.0000E+00	2.0734E+00
2.2340E+03	0.0000E+00	0.0000E+00	2.0761E+00
2.2350E+03	0.0000E+00	0.0000E+00	2.0707E+00
2.2360E+03	0.0000E+00	0.0000E+00	2.0714E+00
2.2370E+03	0.0000E+00	0.0000E+00	2.0623E+00
2.2380E+03	0.0000E+00	0.0000E+00	2.0550E+00
2.2390E+03	0.0000E+00	0.0000E+00	2.0492E+00
2.2400E+03	0.0000E+00	0.0000E+00	2.0451E+00
2.2410E+03	0.0000E+00	0.0000E+00	2.0395E+00
2.2420E+03	0.0000E+00	0.0000E+00	2.0353E+00
2.2430E+03	0.0000E+00	0.0000E+00	2.0312E+00
2.2440E+03	0.0000E+00	0.0000E+00	2.0270E+00
2.2450E+03	0.0000E+00	0.0000E+00	2.0196E+00
2.2460E+03	0.0000E+00	0.0000E+00	2.0143E+00
2.2470E+03	0.0000E+00	0.0000E+00	2.0053E+00
2.2480E+03	0.0000E+00	0.0000E+00	1.9964E+00
2.2490E+03	0.0000E+00	0.0000E+00	1.9882E+00
2.2500E+03	0.0000E+00	0.0000E+00	1.9891E+00
2.2510E+03	0.0000E+00	0.0000E+00	1.9931E+00
2.2520E+03	0.0000E+00	0.0000E+00	2.0041E+00
2.2530E+03	0.0000E+00	0.0000E+00	2.0184E+00
2.2540E+03	0.0000E+00	0.0000E+00	2.0287E+00
2.2550E+03	0.0000E+00	0.0000E+00	2.0413E+00
2.2560E+03	0.0000E+00	0.0000E+00	2.0533E+00
2.2570E+03	0.0000E+00	0.0000E+00	2.0548E+00
2.2580E+03	0.0000E+00	0.0000E+00	2.0580E+00
2.2590E+03	0.0000E+00	0.0000E+00	2.0515E+00
2.2600E+03	0.0000E+00	0.0000E+00	2.0468E+00
2.2610E+03	0.0000E+00	0.0000E+00	2.0429E+00
2.2620E+03	0.0000E+00	0.0000E+00	2.0377E+00
2.2630E+03	0.0000E+00	0.0000E+00	2.0328E+00
2.2640E+03	0.0000E+00	0.0000E+00	2.0231E+00
2.2650E+03	0.0000E+00	0.0000E+00	2.0225E+00
2.2660E+03	0.0000E+00	0.0000E+00	2.0152E+00
2.2670E+03	0.0000E+00	0.0000E+00	2.0113E+00
2.2680E+03	0.0000E+00	0.0000E+00	2.0027E+00
2.2690E+03	0.0000E+00	0.0000E+00	2.0000E+00
2.2700E+03	0.0000E+00	0.0000E+00	1.9914E+00
2.2710E+03	0.0000E+00	0.0000E+00	1.9900E+00
2.2720E+03	0.0000E+00	0.0000E+00	1.9811E+00
2.2730E+03	0.0000E+00	0.0000E+00	1.9830E+00
2.2740E+03	0.0000E+00	0.0000E+00	1.9903E+00
2.2750E+03	0.0000E+00	0.0000E+00	1.9987E+00
2.2760E+03	0.0000E+00	0.0000E+00	2.0117E+00
2.2770E+03	0.0000E+00	0.0000E+00	2.0182E+00
2.2780E+03	0.0000E+00	0.0000E+00	2.0246E+00
2.2790E+03	0.0000E+00	0.0000E+00	2.0331E+00
2.2800E+03	0.0000E+00	0.0000E+00	2.0351E+00
2.2810E+03	0.0000E+00	0.0000E+00	2.0334E+00
2.2820E+03	0.0000E+00	0.0000E+00	2.0316E+00
2.2830E+03	0.0000E+00	0.0000E+00	2.0318E+00
2.2840E+03	0.0000E+00	0.0000E+00	2.0278E+00
2.2850E+03	0.0000E+00	0.0000E+00	2.0259E+00
2.2860E+03	0.0000E+00	0.0000E+00	2.0185E+00
2.2870E+03	0.0000E+00	0.0000E+00	2.0130E+00
2.2880E+03	0.0000E+00	0.0000E+00	2.0118E+00
2.2890E+03	0.0000E+00	0.0000E+00	2.0026E+00
2.2900E+03	0.0000E+00	0.0000E+00	1.9985E+00
2.2910E+03	0.0000E+00	0.0000E+00	1.9944E+00
2.2920E+03	0.0000E+00	0.0000E+00	1.9864E+00
2.2930E+03	0.0000E+00	0.0000E+00	1.9793E+00
2.2940E+03	0.0000E+00	0.0000E+00	1.9727E+00
2.2950E+03	0.0000E+00	0.0000E+00	1.9693E+00
2.2960E+03	0.0000E+00	0.0000E+00	1.9651E+00
2.2970E+03	0.0000E+00	0.0000E+00	1.9659E+00
2.2980E+03	0.0000E+00	0.0000E+00	1.9590E+00
2.2990E+03	0.0000E+00	0.0000E+00	1.9613E+00
2.3000E+03	0.0000E+00	0.0000E+00	1.9689E+00
2.3010E+03	0.0000E+00	0.0000E+00	1.9804E+00
2.3020E+03	0.0000E+00	0.0000E+00	1.9967E+00
2.3030E+03	0.0000E+00	0.0000E+00	2.0092E+00
2.3040E+03	0.0000E+00	0.0000E+00	2.0220E+00
2.3050E+03	0.0000E+00	0.0000E+00	2.0235E+00
2.3060E+03	0.0000E+00	0.0000E+00	2.0266E+00
2.3070E+03	0.0000E+00	0.0000E+00	2.0274E+00
2.3080E+03	0.0000E+00	0.0000E+00	2.0213E+00
2.3090E+03	0.0000E+00	0.0000E+00	2.0139E+00
2.3100E+03	0.0000E+00	0.0000E+00	2.0104E+00
2.3110E+03	0.0000E+00	0.0000E+00	2.0033E+00
2.3120E+03	0.0000E+00	0.0000E+00	2.0039E+00
2.3130E+03	0.0000E+00	0.0000E+00	1.9993E+00
2.3140E+03	0.0000E+00	0.0000E+00	1.9949E+00
2.3150E+03	0.0000E+00	0.0000E+00	1.9903E+00
2.3160E+03	0.0000E+00	0.0000E+00	1.9802E+00
2.3170E+03	0.0000E+00	0.0000E+00	1.9759E+00
2.3180E+03	0.0000E+00	0.0000E+00	1.9722E+00
2.3190E+03	0.0000E+00	0.0000E+00	1.9649E+00
2.3200E+03	0.0000E+00	0.0000E+00	1.9613E+00
2.3210E+03	0.0000E+00	0.0000E+00	1.9559E+00
2.3220E+03	0.0000E+00	0.0000E+00	1.9632E+00
2.3230E+03	0.0000E+00	0.0000E+00	1.9629E+00
2.3240E+03	0.0000E+00	0.0000E+00	1.9714E+00
2.3250E+03	0.0000E+00	0.0000E+00	1.9842E+00
2.3260E+03	0.0000E+00	0.0000E+00	1.9953E+00
2.3270E+03	0.0000E+00	0.0000E+00	2.0087E+00
2.3280E+03	0.0000E+00	0.0000E+00	2.0302E+00
2.3290E+03	0.0000E+00	0.0000E+00	2.0516E+00
2.3300E+03	0.0000E+00	0.0000E+00	2.0681E+00
2.3310E+03	0.0000E+00	0.0000E+00	2.0742E+00
2.3320E+03	0.0000E+00	0.0000E+00	2.0667E+00
2.3330E+03	0.0000E+00	0.0000E+00	2.0549E+00
2.3340E+03	0.0000E+00	0.0000E+00	2.0431E+00
2.3350E+03	0.0000E+00	0.0000E+00	2.0357E+00
2.3360E+03	0.0000E+00	0.0000E+00	2.0261E+00
2.3370E+03	0.0000E+00	0.0000E+00	2.0160E+00
2.3380E+03	0.0000E+00	0.0000E+00	2.0035E+00
2.3390E+03	0.0000E+00	0.0000E+00	1.9957E+00
2.3400E+03	0.0000E+00	0.0000E+00	1.9937E+00
2.3410E+03	0.0000E+00	0.0000E+00	1.9847E+00
2.3420E+03	0.0000E+00	0.0000E+00	1.9760E+00
2.3430E+03	0.0000E+00	0.0000E+00	1.9679E+00
2.3440E+03	0.0000E+00	0.0000E+00	1.9603E+00
2.3450E+03	0.0000E+00	0.0000E+00	1.9560E+00
2.3460E+03	0.0000E+00	0.0000E+00	1.9733E+00
2.3470E+03	0.0000E+00	0.0000E+00	1.9856E+00
2.3480E+03	0.0000E+00	0.0000E+00	1.9933E+00
2.3490E+03	0.0000E+00	0.0000E+00	1.9914E+00
2.3500E+03	0.0000E+00	0.0000E+00	2.0002E+00
2.3510E+03	0.0000E+00	0.0000E+00	2.0074E+00
2.3520E+03	0.0000E+00	0.0000E+00	2.0135E+00
2.3530E+03	0.0000E+00	0.0000E+00	2.0153E+00
2.3540E+03	0.0000E+00	0.0000E+00	2.0190E+00
2.3550E+03	0.0000E+00	0.0000E+00	2.0216E+00
2.3560E+03	0.0000E+00	0.0000E+00	2.0190E+00
2.3570E+03	0.0000E+00	0.0000E+00	2.0153E+00
2.3580E+03	0.0000E+00	0.0000E+00	2.0093E+00
2.3590E+03	0.0000E+00	0.0000E+00	2.0128E+00
2.3600E+03	0.0000E+00	0.0000E+00	2.0068E+00
2.3610E+03	0.0000E+00	0.0000E+00	1.9987E+00
2.3620E+03	0.0000E+00	0.0000E+00	1.9958E+00
2.3630E+03	0.0000E+00	0.0000E+00	1.9880E+00
2.3640E+03	0.0000E+00	0.0000E+00	1.9920E+00
2.3650E+03	0.0000E+00	0.0000E+00	1.9866E+00
2.3660E+03	0.0000E+00	0.0000E+00	1.9852E+00
2.3670E+03	0.0000E+00	0.0000E+00	1.9772E+00
2.3680E+03	0.0000E+00	0.0000E+00	1.9796E+00
2.3690E+03	0.0000E+00	0.0000E+00	1.9882E+00
2.3700E+03	0.0000E+00	0.0000E+00	1.9895E+00
2.3710E+03	0.0000E+00	0.0000E+00	1.9895E+00
2.3720E+03	0.0000E+00	0.0000E+00	1.9952E+00
2.3730E+03	0.0000E+00	0.0000E+00	2.0062E+00
2.3740E+03	0.0000E+00	0.0000E+00	2.0188E+00
2.3750E+03	0.0000E+00	0.0000E+00	2.0280E+00
2.3760E+03	0.0000E+00	0.0000E+00	2.0324E+00
2.3770E+03	0.0000E+00	0.0000E+00	2.0328E+00
2.3780E+03	0.0000E+00	0.0000E+00	2.0335E+00
2.3790E+03	0.0000E+00	0.0000E+00	2.0324E+00
2.3800E+03	0.0000E+00	0.0000E+00	2.0244E+00
2.3810E+03	0.0000E+00	0.0000E+00	2.0260E+00
2.3820E+03	0.0000E+00	0.0000E+00	2.0176E+00
2.3830E+03	0.0000E+00	0.0000E+00	2.0095E+00
2.3840E+03	0.0000E+00	0.0000E+00	2.0104E+00
2.3850E+03	0.0000E+00	0.0000E+00	2.0083E+00
2.3860E+03	0.0000E+00	0.0000E+00	1.9993E+00
2.3870E+03	0.0000E+00	0.0000E+00	1.9983E+00
2.3880E+03	0.0000E+00	0.0000E+00	1.9968E+00
2.3890E+03	0.0000E+00	0.0000E+00	1.9882E+00
2.3900E+03	0.0000E+00	0.0000E+00	1.9860E+00
2.3910E+03	0.0000E+00	0.0000E+00	1.9814E+00
2.3920E+03	0.0000E+00	0.0000E+00	1.9790E+00
2.3930E+03	0.0000E+00	0.0000E+00	1.9766E+00
2.3940E+03	0.0000E+00	0.0000E+00	1.9818E+00
2.3950E+03	0.0000E+00	0.0000E+00	1.9853E+00
2.3960E+03	0.0000E+00	0.0000E+00	1.9906E+00
2.3970E+03	0.0000E+00	0.0000E+00	1.9968E+00
2.3980E+03	0.0000E+00	0.0000E+00	2.0065E+00
2.3990E+03	0.0000E+00	0.0000E+00	2.0134E+00
2.4000E+03	0.0000E+00	0.0000E+00	2.0188E+00
2.4010E+03	0.0000E+00	0.0000E+00	2.0237E+00
2.4020E+03	0.0000E+00	0.0000E+00	2.0247E+00
2.4030E+03	0.0000E+00	0.0000E+00	2.0256E+00
2.4040E+03	0.0000E+00	0.0000E+00	2.0216E+00
2.4050E+03	0.0000E+00	0.0000E+00	2.0209E+00
2.4060E+03	0.0000E+00	0.0000E+00	2.0151E+00
2.4070E+03	0.0000E+00	0.0000E+00	2.0111E+00
2.4080E+03	0.0000E+00	0.0000E+00	2.0140E+00
2.4090E+03	0.0000E+00	0.0000E+00	2.0057E+00
2.4100E+03	0.0000E+00	0.0000E+00	2.0042E+00
2.4110E+03	0.0000E+00	0.0000E+00	2.0017E+00
2.4120E+03	0.0000E+00	0.0000E+00	1.9975E+00
2.4130E+03	0.0000E+00	0.0000E+00	1.9892E+00
2.4140E+03	0.0000E+00	0.0000E+00	1.9824E+00
2.4150E+03	0.0000E+00	0.0000E+00	1.9750E+00
2.4160E+03	0.0000E+00	0.0000E+00	1.9682E+00
2.4170E+03	0.0000E+00	0.0000E+00	1.9609E+00
2.4180E+03	0.0000E+00	0.0000E+00	1.9691E+00
2.4190E+03	0.0000E+00	0.0000E+00	1.9643E+00
2.4200E+03	0.0000E+00	0.0000E+00	1.9702E+00
2.4210E+03	0.0000E+00	0.0000E+00	1.9799E+00
2.4220E+03	0.0000E+00	0.0000E+00	1.9912E+00
2.4230E+03	0.0000E+00	0.0000E+00	2.0042E+00
2.4240E+03	0.0000E+00	0.0000E+00	2.0163E+00
2.4250E+03	0.0000E+00	0.0000E+00	2.0198E+00
2.4260E+03	0.0000E+00	0.0000E+00	2.0210E+00
2.4270E+03	0.0000E+00	0.0000E+00	2.0206E+00
2.4280E+03	0.0000E+00	0.0000E+00	2.0119E+00
2.4290E+03	0.0000E+00	0.0000E+00	2.0073E+00
2.4300E+03	0.0000E+00	0.0000E+00	2.0017E+00
2.4310E+03	0.0000E+00	0.0000E+00	1.9971E+00
2.4320E+03	0.0000E+00	0.0000E+00	1.9907E+00
2.4330E+03	0.0000E+00	0.0000E+00	1.9882E+00
2.4340E+03	0.0000E+00	0.0000E+00	1.9812E+00
2.4350E+03	0.0000E+00	0.0000E+00	1.9750E+00
2.4360E+03	0.0000E+00	0.0000E+00	1.9678E+00
2.4370E+03	0.0000E+00	0.0000E+00	1.9669E+00
2.4380E+03	0.0000E+00	0.0000E+00	1.9581E+00
2.4390E+03	0.0000E+00	0.0000E+00	1.9557E+00
2.4400E+03	0.0000E+00	0.0000E+00	1.9467E+00
2.4410E+03	0.0000E+00	0.0000E+00	1.9404E+00
2.4420E+03	0.0000E+00	0.0000E+00	1.9397E+00
2.4430E+03	0.0000E+00	0.0000E+00	1.9469E+00
2.4440E+03	0.0000E+00	0.0000E+00	1.9472E+00
2.4450E+03	0.0000E+00	0.0000E+00	1.9579E+00
2.4460E+03	0.0000E+00	0.0000E+00	1.9708E+00
2.4470E+03	0.0000E+00	0.0000E+00	1.9849E+00
2.4480E+03	0.0000E+00	0.0000E+00	1.9957E+00
2.4490E+03	0.0000E+00	0.0000E+00	2.0056E+00
2.4500E+03	0.0000E+00	0.0000E+00	2.0055E+00
2.4510E+03	0.0000E+00	0.0000E+00	2.0017E+00
2.4520E+03	0.0000E+00	0.0000E+00	1.9938E+00
2.4530E+03	0.0000E+00	0.0000E+00	1.9906E+00
2.4540E+03	0.0000E+00	0.0000E+00	1.9867E+00
2.4550E+03	0.0000E+00	0.0000E+00	1.9829E+00
2.4560E+03	0.0000E+00	0.0000E+00	1.9744E+00
2.4570E+03	0.0000E+00	0.0000E+00	1.9685E+00
2.4580E+03	0.0000E+00	0.0000E+00	1.9681E+00
2.4590E+03	0.0000E+00	0.0000E+00	1.9624E+00
2.4600E+03	0.0000E+00	0.0000E+00	1.9562E+00
2.4610E+03	0.0000E+00	0.0000E+00	1.9505E+00
2.4620E+03	0.0000E+00	0.0000E+00	1.9445E+00
2.4630E+03	0.0000E+00	0.0000E+00	1.9381E+00
2.4640E+03	0.0000E+00	0.0000E+00	1.9301E+00
2.4650E+03	0.0000E+00	0.0000E+00	1.9320E+00
2.4660E+03	0.0000E+00	0.0000E+00	1.9320E+00
2.4670E+03	0.0000E+00	0.0000E+00	1.9398E+00
2.4680E+03	0.0000E+00	0.0000E+00	1.9546E+00
2.4690E+03	0.0000E+00	0.0000E+00	1.9740E+00
2.4700E+03	0.0000E+00	0.0000E+00	2.0033E+00
2.4710E+03	0.0000E+00	0.0000E+00	2.0356E+00
2.4720E+03	0.0000E+00	0.0000E+00	2.0573E+00
2.4730E+03	0.0000E+00	0.0000E+00	2.0767E+00
2.4740E+03	0.0000E+00	0.0000E+00	2.0749E+00
2.4750E+03	0.0000E+00	0.0000E+00	2.0646E+00
2.4760E+03	0.0000E+00	0.0000E+00	2.0582E+00
2.4770E+03	0.0000E+00	0.0000E+00	2.0473E+00
2.4780E+03	0.0000E+00	0.0000E+00	2.0362E+00
2.4790E+03	0.0000E+00	0.0000E+00	2.0271E+00
2.4800E+03	0.0000E+00	0.0000E+00	2.0180E+00
2.4810E+03	0.0000E+00	0.0000E+00	2.0070E+00
2.4820E+03	0.0000E+00	0.0000E+00	2.0019E+00
2.4830E+03	0.0000E+00	0.0000E+00	1.9917E+00
2.4840E+03	0.0000E+00	0.0000E+00	1.9823E+00
2.4850E+03	0.0000E+00	0.0000E+00	1.9764E+00
2.4860E+03	0.0000E+00	0.0000E+00	1.9682E+00
2.4870E+03	0.0000E+00	0.0000E+00	1.9667E+00
2.4880E+03	0.0000E+00	0.0000E+00	1.9576E+00
2.4890E+03	0.0000E+00	0.0000E+00	1.9532E+00
2.4900E+03	0.0000E+00	0.0000E+00	1.9483E+00
2.4910E+03	0.0000E+00	0.0000E+00	1.9491E+00
2.4920E+03	0.0000E+00	0.0000E+00	1.9509E+00
2.4930E+03	0.0000E+00	0.0000E+00	1.9595E+00
2.4940E+03	0.0000E+00	0.0000E+00	1.9696E+00
2.4950E+03	0.0000E+00	0.0000E+00	1.9715E+00
2.4960E+03	0.0000E+00	0.0000E+00	1.9754E+00
2.4970E+03	0.0000E+00	0.0000E+00	1.9767E+00
2.4980E+03	0.0000E+00	0.0000E+00	1.9810E+00
2.4990E+03	0.0000E+00	0.0000E+00	1.9748E+00
2.5000E+03	0.0000E+00	0.0000E+00	1.9705E+00
2.5010E+03	0.0000E+00	0.0000E+00	1.9645E+00
2.5020E+03	0.0000E+00	0.0000E+00	1.9633E+00
2.5030E+03	0.0000E+00	0.0000E+00	1.9584E+00
2.5040E+03	0.0000E+00	0.0000E+00	1.9523E+00
2.5050E+03	0.0000E+00	0.0000E+00	1.9499E+00
2.5060E+03	0.0000E+00	0.0000E+00	1.9476E+00
2.5070E+03	0.0000E+00	0.0000E+00	1.9455E+00
2.5080E+03	0.0000E+00	0.0000E+00	1.9436E+00
2.5090E+03	0.0000E+00	0.0000E+00	1.9422E+00
2.5100E+03	0.0000E+00	0.0000E+00	1.9391E+00
2.5110E+03	0.0000E+00	0.0000E+00	1.9359E+00
2.5120E+03	0.0000E+00	0.0000E+00	1.9322E+00
2.5130E+03	0.0000E+00	0.0000E+00	1.9336E+00
2.5140E+03	0.0000E+00	0.0000E+00	1.9420E+00
2.5150E+03	0.0000E+00	0.0000E+00	1.9604E+00
2.5160E+03	0.0000E+00	0.0000E+00	1.9643E+00
2.5170E+03	0.0000E+00	0.0000E+00	1.9562E+00
2.5180E+03	0.0000E+00	0.0000E+00	1.9581E+00
2.5190E+03	0.0000E+00	0.0000E+00	1.9614E+00
2.5200E+03	0.0000E+00	0.0000E+00	1.9702E+00
2.5210E+03	0.0000E+00	0.0000E+00	1.9732E+00
2.5220E+03	0.0000E+00	0.0000E+00	1.9723E+00
2.5230E+03	0.0000E+00	0.0000E+00	1.9734E+00
2.5240E+03	0.0000E+00	0.0000E+00	1.9669E+00
2.5250E+03	0.0000E+00	0.0000E+00	1.9624E+00
2.5260E+03	0.0000E+00	0.0000E+00	1.9599E+00
2.5270E+03	0.0000E+00	0.0000E+00	1.9565E+00
2.5280E+03	0.0000E+00	0.0000E+00	1.9519E+00
2.5290E+03	0.0000E+00	0.0000E+00	1.9490E+00
2.5300E+03	0.0000E+00	0.0000E+00	1.9454E+00
2.5310E+03	0.0000E+00	0.0000E+00	1.9433E+00
2.5320E+03	0.0000E+00	0.0000E+00	1.9395E+00
2.5330E+03	0.0000E+00	0.0000E+00	1.9348E+00
2.5340E+03	0.0000E+00	0.0000E+00	1.9289E+00
2.5350E+03	0.0000E+00	0.0000E+00	1.9250E+00
2.5360E+03	0.0000E+00	0.0000E+00	1.9199E+00
2.5370E+03	0.0000E+00	0.0000E+00	1.9160E+00
2.5380E+03	0.0000E+00	0.0000E+00	1.9124E+00
2.5390E+03	0.0000E+00	0.0000E+00	1.9097E+00
2.5400E+03	0.0000E+00	0.0000E+00	1.9081E+00
2.5410E+03	0.0000E+00	0.0000E+00	1.9152E+00
2.5420E+03	0.0000E+00	0.0000E+00	1.9236E+00
2.5430E+03	0.0000E+00	0.0000E+00	1.9338E+00
2.5440E+03	0.0000E+00	0.0000E+00	1.9463E+00
2.5450E+03	0.0000E+00	0.0000E+00	1.9516E+00
2.5460E+03	0.0000E+00	0.0000E+00	1.9590E+00
2.5470E+03	0.0000E+00	0.0000E+00	1.9556E+00
2.5480E+03	0.0000E+00	0.0000E+00	1.9547E+00
2.5490E+03	0.0000E+00	0.0000E+00	1.9505E+00
2.5500E+03	0.0000E+00	0.0000E+00	1.9475E+00
2.5510E+03	0.0000E+00	0.0000E+00	1.9449E+00
2.5520E+03	0.0000E+00	0.0000E+00	1.9435E+00
2.5530E+03	0.0000E+00	0.0000E+00	1.9353E+00
2.5540E+03	0.0000E+00	0.0000E+00	1.9327E+00
2.5550E+03	0.0000E+00	0.0000E+00	1.9279E+00
2.5560E+03	0.0000E+00	0.0000E+00	1.9230E+00
2.5570E+03	0.0000E+00	0.0000E+00	1.9197E+00
2.5580E+03	0.0000E+00	0.0000E+00	1.9143E+00
2.5590E+03	0.0000E+00	0.0000E+00	1.9087E+00
2.5600E+03	0.0000E+00	0.0000E+00	1.9070E+00
2.5610E+03	0.0000E+00	0.0000E+00	1.9006E+00
2.5620E+03	0.0000E+00	0.0000E+00	1.8991E+00
2.5630E+03	0.0000E+00	0.0000E+00	1.8977E+00
2.5640E+03	0.0000E+00	0.0000E+00	1.9038E+00
2.5650E+03	0.0000E+00	0.0000E+00	1.9057E+00
2.5660E+03	0.0000E+00	0.0000E+00	1.9129E+00
2.5670E+03	0.0000E+00	0.0000E+00	1.9233E+00
2.5680E+03	0.0000E+00	0.0000E+00	1.9265E+00
2.5690E+03	0.0000E+00	0.0000E+00	1.9290E+00
2.5700E+03	0.0000E+00	0.0000E+00	1.9300E+00
2.5710E+03	0.0000E+00	0.0000E+00	1.9273E+00
2.5720E+03	0.0000E+00	0.0000E+00	1.9266E+00
2.5730E+03	0.0000E+00	0.0000E+00	1.9247E+00
2.5740E+03	0.0000E+00	0.0000E+00	1.9209E+00
2.5750E+03	0.0000E+00	0.0000E+00	1.9137E+00
2.5760E+03	0.0000E+00	0.0000E+00	1.9139E+00
2.5770E+03	0.0000E+00	0.0000E+00	1.9126E+00
2.5780E+03	0.0000E+00	0.0000E+00	1.9080E+00
2.5790E+03	0.0000E+00	0.0000E+00	1.9060E+00
2.5800E+03	0.0000E+00	0.0000E+00	1.9045E+00
2.5810E+03	0.0000E+00	0.0000E+00	1.9011E+00
2.5820E+03	0.0000E+00	0.0000E+00	1.8952E+00
2.5830E+03	0.0000E+00	0.0000E+00	1.8931E+00
2.5840E+03	0.0000E+00	0.0000E+00	1.8933E+00
2.5850E+03	0.0000E+00	0.0000E+00	1.8955E+00
2.5860E+03	0.0000E+00	0.0000E+00	1.9119E+00
2.5870E+03	0.0000E+00	0.0000E+00	1.9291E+00
2.5880E+03	0.0000E+00	0.0000E+00	1.9366E+00
2.5890E+03	0.0000E+00	0.0000E+00	1.9465E+00
2.5900E+03	0.0000E+00	0.0000E+00	1.9698E+00
2.5910E+03	0.0000E+00	0.0000E+00	1.9969E+00
2.5920E+03	0.0000E+00	0.0000E+00	2.0085E+00
2.5930E+03	0.0000E+00	0.0000E+00	2.0099E+00
2.5940E+03	0.0000E+00	0.0000E+00	2.0133E+00
2.5950E+03	0.0000E+00	0.0000E+00	2.0077E+00
2.5960E+03	0.0000E+00	0.0000E+00	2.0016E+00
2.5970E+03	0.0000E+00	0.0000E+00	1.9938E+00
2.5980E+03	0.0000E+00	0.0000E+00	1.9837E+00
2.5990E+03	0.0000E+00	0.0000E+00	1.9770E+00
2.6000E+03	0.0000E+00	0.0000E+00	1.9722E+00
2.6010E+03	0.0000E+00	0.0000E+00	1.9626E+00
2.6020E+03	0.0000E+00	0.0000E+00	1.9587E+00
2.6030E+03	0.0000E+00	0.0000E+00	1.9513E+00
2.6040E+03	0.0000E+00	0.0000E+00	1.9446E+00
2.6050E+03	0.0000E+00	0.0000E+00	1.9377E+00
2.6060E+03	0.0000E+00	0.0000E+00	1.9343E+00
2.6070E+03	0.0000E+00	0.0000E+00	1.9235E+00
2.6080E+03	0.0000E+00	0.0000E+00	1.9157E+00
2.6090E+03	0.0000E+00	0.0000E+00	1.9141E+00
2.6100E+03	0.0000E+00	0.0000E+00	1.9077E+00
2.6110E+03	0.0000E+00	0.0000E+00	1.9075E+00
2.6120E+03	0.0000E+00	0.0000E+00	1.9107E+00
2.6130E+03	0.0000E+00	0.0000E+00	1.9189E+00
2.6140E+03	0.0000E+00	0.0000E+00	1.9292E+00
2.6150E+03	0.0000E+00	0.0000E+00	1.9417E+00
2.6160E+03	0.0000E+00	0.0000E+00	1.9486E+00
2.6170E+03	0.0000E+00	0.0000E+00	1.9491E+00
2.6180E+03	0.0000E+00	0.0000E+00	1.9503E+00
2.6190E+03	0.0000E+00	0.0000E+00	1.9509E+00
2.6200E+03	0.0000E+00	0.0000E+00	1.9395E+00
2.6210E+03	0.0000E+00	0.0000E+00	1.9422E+00
2.6220E+03	0.0000E+00	0.0000E+00	1.9325E+00
2.6230E+03	0.0000E+00	0.0000E+00	1.9283E+00
2.6240E+03	0.0000E+00	0.0000E+00	1.9255E+00
2.6250E+03	0.0000E+00	0.0000E+00	1.9235E+00
2.6260E+03	0.0000E+00	0.0000E+00	1.9172E+00
2.6270E+03	0.0000E+00	0.0000E+00	1.9108E+00
2.6280E+03	0.0000E+00	0.0000E+00	1.9067E+00
2.6290E+03	0.0000E+00	0.0000E+00	1.8972E+00
2.6300E+03	0.0000E+00	0.0000E+00	1.8944E+00
2.6310E+03	0.0000E+00	0.0000E+00	1.8881E+00
2.6320E+03	0.0000E+00	0.0000E+00	1.8843E+00
2.6330E+03	0.0000E+00	0.0000E+00	1.8792E+00
2.6340E+03	0.0000E+00	0.0000E+00	1.8752E+00
2.6350E+03	0.0000E+00	0.0000E+00	1.8748E+00
2.6360E+03	0.0000E+00	0.0000E+00	1.8766E+00
2.6370E+03	0.0000E+00	0.0000E+00	1.8776E+00
2.6380E+03	0.0000E+00	0.0000E+00	1.8816E+00
2.6390E+03	0.0000E+00	0.0000E+00	1.8880E+00
2.6400E+03	0.0000E+00	0.0000E+00	1.8946E+00
2.6410E+03	0.0000E+00	0.0000E+00	1.9039E+00
2.6420E+03	0.0000E+00	0.0000E+00	1.9047E+00
2.6430E+03	0.0000E+00	0.0000E+00	1.9040E+00
2.6440E+03	0.0000E+00	0.0000E+00	1.9030E+00
2.6450E+03	0.0000E+00	0.0000E+00	1.9006E+00
2.6460E+03	0.0000E+00	0.0000E+00	1.8986E+00
2.6470E+03	0.0000E+00	0.0000E+00	1.8924E+00
2.6480E+03	0.0000E+00	0.0000E+00	1.8949E+00
2.6490E+03	0.0000E+00	0.0000E+00	1.8893E+00
2.6500E+03	0.0000E+00	0.0000E+00	1.8876E+00
2.6510E+03	0.0000E+00	0.0000E+00	1.8851E+00
2.6520E+03	0.0000E+00	0.0000E+00	1.8803E+00
2.6530E+03	0.0000E+00	0.0000E+00	1.8779E+00
2.6540E+03	0.0000E+00	0.0000E+00	1.8717E+00
2.6550E+03	0.0000E+00	0.0000E+00	1.8702E+00
2.6560E+03	0.0000E+00	0.0000E+00	1.8655E+00
2.6570E+03	0.0000E+00	0.0000E+00	1.8636E+00
2.6580E+03	0.0000E+00	0.0000E+00	1.8610E+00
2.6590E+03	0.0000E+00	0.0000E+00	1.8588E+00
2.6600E+03	0.0000E+00	0.0000E+00	1.8588E+00
2.6610E+03	0.0000E+00	0.0000E+00	1.8639E+00
2.6620E+03	0.0000E+00	0.0000E+00	1.8692E+00
2.6630E+03	0.0000E+00	0.0000E+00	1.8758E+00
2.6640E+03	0.0000E+00	0.0000E+00	1.8861E+00
2.6650E+03	0.0000E+00	0.0000E+00	1.8930E+00
2.6660E+03	0.0000E+00	0.0000E+00	1.8943E+00
2.6670E+03	0.0000E+00	0.0000E+00	1.8992E+00
2.6680E+03	0.0000E+00	0.0000E+00	1.8988E+00
2.6690E+03	0.0000E+00	0.0000E+00	1.8932E+00
2.6700E+03	0.0000E+00	0.0000E+00	1.8902E+00
2.6710E+03	0.0000E+00	0.0000E+00	1.8894E+00
2.6720E+03	0.0000E+00	0.0000E+00	1.8873E+00
2.6730E+03	0.0000E+00	0.0000E+00	1.8859E+00
2.6740E+03	0.0000E+00	0.0000E+00	1.8739E+00
2.6750E+03	0.0000E+00	0.0000E+00	1.8685E+00
2.6760E+03	0.0000E+00	0.0000E+00	1.8696E+00
2.6770E+03	0.0000E+00	0.0000E+00	1.8614E+00
2.6780E+03	0.0000E+00	0.0000E+00	1.8637E+00
2.6790E+03	0.0000E+00	0.0000E+00	1.8584E+00
2.6800E+03	0.0000E+00	0.0000E+00	1.8552E+00
2.6810E+03	0.0000E+00	0.0000E+00	1.8510E+00
2.6820E+03	0.0000E+00	0.0000E+00	1.8504E+00
2.6830E+03	0.0000E+00	0.0000E+00	1.8503E+00
2.6840E+03	0.0000E+00	0.0000E+00	1.8484E+00
2.6850E+03	0.0000E+00	0.0000E+00	1.8455E+00
2.6860E+03	0.0000E+00	0.0000E+00	1.8514E+00
2.6870E+03	0.0000E+00	0.0000E+00	1.8613E+00
2.6880E+03	0.0000E+00	0.0000E+00	1.8667E+00
2.6890E+03	0.0000E+00	0.0000E+00	1.8732E+00
2.6900E+03	0.0000E+00	0.0000E+00	1.8846E+00
2.6910E+03	0.0000E+00	0.0000E+00	1.8903E+00
2.6920E+03	0.0000E+00	0.0000E+00	1.8890E+00
2.6930E+03	0.0000E+00	0.0000E+00	1.8860E+00
2.6940E+03	0.0000E+00	0.0000E+00	1.8850E+00
2.6950E+03	0.0000E+00	0.0000E+00	1.8842E+00
2.6960E+03	0.0000E+00	0.0000E+00	1.8797E+00
2.6970E+03	0.0000E+00	0.0000E+00	1.8794E+00
2.6980E+03	0.0000E+00	0.0000E+00	1.8816E+00
2.6990E+03	0.0000E+00	0.0000E+00	1.8830E+00
2.7000E+03	0.0000E+00	0.0000E+00	1.8824E+00
2.7010E+03	0.0000E+00	0.0000E+00	1.8771E+00
2.7020E+03	0.0000E+00	0.0000E+00	1.8735E+00
2.7030E+03	0.0000E+00	0.0000E+00	1.8733E+00
2.7040E+03	0.0000E+00	0.0000E+00	1.8659E+00
2.7050E+03	0.0000E+00	0.0000E+00	1.8666E+00
2.7060E+03	0.0000E+00	0.0000E+00	1.8607E+00
2.7070E+03	0.0000E+00	0.0000E+00	1.8599E+00
2.7080E+03	0.0000E+00	0.0000E+00	1.8581E+00
2.7090E+03	0.0000E+00	0.0000E+00	1.8627E+00
2.7100E+03	0.0000E+00	0.0000E+00	1.8687E+00
2.7110E+03	0.0000E+00	0.0000E+00	1.8797E+00
2.7120E+03	0.0000E+00	0.0000E+00	1.8888E+00
2.7130E+03	0.0000E+00	0.0000E+00	1.8941E+00
2.7140E+03	0.0000E+00	0.0000E+00	1.8939E+00
2.7150E+03	0.0000E+00	0.0000E+00	1.8953E+00
2.7160E+03	0.0000E+00	0.0000E+00	1.8973E+00
2.7170E+03	0.0000E+00	0.0000E+00	1.9003E+00
2.7180E+03	0.0000E+00	0.0000E+00	1.8929E+00
2.7190E+03	0.0000E+00	0.0000E+00	1.8937E+00
2.7200E+03	0.0000E+00	0.0000E+00	1.8904E+00
2.7210E+03	0.0000E+00	0.0000E+00	1.8882E+00
2.7220E+03	0.0000E+00	0.0000E+00	1.8842E+00
2.7230E+03	0.0000E+00	0.0000E+00	1.8811E+00
2.7240E+03	0.0000E+00	0.0000E+00	1.8812E+00
2.7250E+03	0.0000E+00	0.0000E+00	1.8787E+00
2.7260E+03	0.0000E+00	0.0000E+00	1.8705E+00
2.7270E+03	0.0000E+00	0.0000E+00	1.8672E+00
2.7280E+03	0.0000E+00	0.0000E+00	1.8654E+00
2.7290E+03	0.0000E+00	0.0000E+00	1.8626E+00
2.7300E+03	0.0000E+00	0.0000E+00	1.8613E+00
2.7310E+03	0.0000E+00	0.0000E+00	1.8573E+00
2.7320E+03	0.0000E+00	0.0000E+00	1.8572E+00
2.7330E+03	0.0000E+00	0.0000E+00	1.8576E+00
2.7340E+03	0.0000E+00	0.0000E+00	1.8614E+00
2.7350E+03	0.0000E+00	0.0000E+00	1.8655E+00
2.7360E+03	0.0000E+00	0.0000E+00	1.8725E+00
2.7370E+03	0.0000E+00	0.0000E+00	1.8779E+00
2.7380E+03	0.0000E+00	0.0000E+00	1.8858E+00
2.7390E+03	0.0000E+00	0.0000E+00	1.8879E+00
2.7400E+03	0.0000E+00	0.0000E+00	1.8873E+00
2.7410E+03	0.0000E+00	0.0000E+00	1.8906E+00
2.7420E+03	0.0000E+00	0.0000E+00	1.8915E+00
2.7430E+03	0.0000E+00	0.0000E+00	1.8891E+00
2.7440E+03	0.0000E+00	0.0000E+00	1.8853E+00
2.7450E+03	0.0000E+00	0.0000E+00	1.8830E+00
2.7460E+03	0.0000E+00	0.0000E+00	1.8803E+00
2.7470E+03	0.0000E+00	0.0000E+00	1.8798E+00
2.7480E+03	0.0000E+00	0.0000E+00	1.8813E+00
2.7490E+03	0.0000E+00	0.0000E+00	1.8864E+00
2.7500E+03	0.0000E+00	0.0000E+00	1.8849E+00
2.7510E+03	0.0000E+00	0.0000E+00	1.8856E+00
2.7520E+03	0.0000E+00	0.0000E+00	1.8842E+00
2.7530E+03	0.0000E+00	0.0000E+00	1.8874E+00
2.7540E+03	0.0000E+00	0.0000E+00	1.8971E+00
2.7550E+03	0.0000E+00	0.0000E+00	1.9004E+00
2.7560E+03	0.0000E+00	0.0000E+00	1.8992E+00
2.7570E+03	0.0000E+00	0.0000E+00	1.8973E+00
2.7580E+03	0.0000E+00	0.0000E+00	1.8953E+00
2.7590E+03	0.0000E+00	0.0000E+00	1.8948E+00
2.7600E+03	0.0000E+00	0.0000E+00	1.8995E+00
2.7610E+03	0.0000E+00	0.0000E+00	1.8992E+00
2.7620E+03	0.0000E+00	0.0000E+00	1.8988E+00
2.7630E+03	0.0000E+00	0.0000E+00	1.8961E+00
2.7640E+03	0.0000E+00	0.0000E+00	1.8920E+00
2.7650E+03	0.0000E+00	0.0000E+00	1.8953E+00
2.7660E+03	0.0000E+00	0.0000E+00	1.8949E+00
2.7670E+03	0.0000E+00	0.0000E+00	1.8954E+00
2.7680E+03	0.0000E+00	0.0000E+00	1.8875E+00
2.7690E+03	0.0000E+00	0.0000E+00	1.8848E+00
2.7700E+03	0.0000E+00	0.0000E+00	1.8812E+00
2.7710E+03	0.0000E+00	0.0000E+00	1.8798E+00
2.7720E+03	0.0000E+00	0.0000E+00	1.8755E+00
2.7730E+03	0.0000E+00	0.0000E+00	1.8725E+00
2.7740E+03	0.0000E+00	0.0000E+00	1.8681E+00
2.7750E+03	0.0000E+00	0.0000E+00	1.8637E+00
2.7760E+03	0.0000E+00	0.0000E+00	1.8587E+00
2.7770E+03	0.0000E+00	0.0000E+00	1.8541E+00
2.7780E+03	0.0000E+00	0.0000E+00	1.8519E+00
2.7790E+03	0.0000E+00	0.0000E+00	1.8469E+00
2.7800E+03	0.0000E+00	0.0000E+00	1.8448E+00
2.7810E+03	0.0000E+00	0.0000E+00	1.8442E+00
2.7820E+03	0.0000E+00	0.0000E+00	1.8455E+00
2.7830E+03	0.0000E+00	0.0000E+00	1.8527E+00
2.7840E+03	0.0000E+00	0.0000E+00	1.8557E+00
2.7850E+03	0.0000E+00	0.0000E+00	1.8623E+00
2.7860E+03	0.0000E+00	0.0000E+00	1.8655E+00
2.7870E+03	0.0000E+00	0.0000E+00	1.8679E+00
2.7880E+03	0.0000E+00	0.0000E+00	1.8660E+00
2.7890E+03	0.0000E+00	0.0000E+00	1.8651E+00
2.7900E+03	0.0000E+00	0.0000E+00	1.8637E+00
2.7910E+03	0.0000E+00	0.0000E+00	1.8586E+00
2.7920E+03	0.0000E+00	0.0000E+00	1.8604E+00
2.7930E+03	0.0000E+00	0.0000E+00	1.8580E+00
2.7940E+03	0.0000E+00	0.0000E+00	1.8561E+00
2.7950E+03	0.0000E+00	0.0000E+00	1.8530E+00
2.7960E+03	0.0000E+00	0.0000E+00	1.8536E+00
2.7970E+03	0.0000E+00	0.0000E+00	1.8483E+00
2.7980E+03	0.0000E+00	0.0000E+00	1.8475E+00
2.7990E+03	0.0000E+00	0.0000E+00	1.8439E+00
2.8000E+03	0.0000E+00	0.0000E+00	1.8427E+00
2.8010E+03	0.0000E+00	0.0000E+00	1.8358E+00
2.8020E+03	0.0000E+00	0.0000E+00	1.8306E+00
2.8030E+03	0.0000E+00	0.0000E+00	1.8295E+00
2.8040E+03	0.0000E+00	0.0000E+00	1.8234E+00
2.8050E+03	0.0000E+00	0.0000E+00	1.8213E+00
2.8060E+03	0.0000E+00	0.0000E+00	1.8230E+00
2.8070E+03	0.0000E+00	0.0000E+00	1.8280E+00
2.8080E+03	0.0000E+00	0.0000E+00	1.8318E+00
2.8090E+03	0.0000E+00	0.0000E+00	1.8363E+00
2.8100E+03	0.0000E+00	0.0000E+00	1.8403E+00
2.8110E+03	0.0000E+00	0.0000E+00	1.8407E+00
2.8120E+03	0.0000E+00	0.0000E+00	1.8408E+00
2.8130E+03	0.0000E+00	0.0000E+00	1.8403E+00
2.8140E+03	0.0000E+00	0.0000E+00	1.8416E+00
2.8150E+03	0.0000E+00	0.0000E+00	1.8389E+00
2.8160E+03	0.0000E+00	0.0000E+00	1.8406E+00
2.8170E+03	0.0000E+00	0.0000E+00	1.8400E+00
2.8180E+03	0.0000E+00	0.0000E+00	1.8383E+00
2.8190E+03	0.0000E+00	0.0000E+00	1.8358E+00
2.8200E+03	0.0000E+00	0.0000E+00	1.8350E+00
2.8210E+03	0.0000E+00	0.0000E+00	1.8341E+00
2.8220E+03	0.0000E+00	0.0000E+00	1.8299E+00
2.8230E+03	0.0000E+00	0.0000E+00	1.8256E+00
2.8240E+03	0.0000E+00	0.0000E+00	1.8229E+00
2.8250E+03	0.0000E+00	0.0000E+00	1.8202E+00
2.8260E+03	0.0000E+00	0.0000E+00	1.8172E+00
2.8270E+03	0.0000E+00	0.0000E+00	1.8147E+00
2.8280E+03	0.0000E+00	0.0000E+00	1.8110E+00
2.8290E+03	0.0000E+00	0.0000E+00	1.8109E+00
2.8300E+03	0.0000E+00	0.0000E+00	1.8104E+00
2.8310E+03	0.0000E+00	0.0000E+00	1.8124E+00
2.8320E+03	0.0000E+00	0.0000E+00	1.8140E+00
2.8330E+03	0.0000E+00	0.0000E+00	1.8145E+00
2.8340E+03	0.0000E+00	0.0000E+00	1.8163E+00
2.8350E+03	0.0000E+00	0.0000E+00	1.8233E+00
2.8360E+03	0.0000E+00	0.0000E+00	1.8268E+00
2.8370E+03	0.0000E+00	0.0000E+00	1.8246E+00
2.8380E+03	0.0000E+00	0.0000E+00	1.8234E+00
2.8390E+03	0.0000E+00	0.0000E+00	1.8235E+00
2.8400E+03	0.0000E+00	0.0000E+00	1.8224E+00
2.8410E+03	0.0000E+00	0.0000E+00	1.8240E+00
2.8420E+03	0.0000E+00	0.0000E+00	1.8254E+00
2.8430E+03	0.0000E+00	0.0000E+00	1.8241E+00
2.8440E+03	0.0000E+00	0.0000E+00	1.8223E+00
2.8450E+03	0.0000E+00	0.0000E+00	1.8201E+00
2.8460E+03	0.0000E+00	0.0000E+00	1.8161E+00
2.8470E+03	0.0000E+00	0.0000E+00	1.8129E+00
2.8480E+03	0.0000E+00	0.0000E+00	1.8101E+00
2.8490E+03	0.0000E+00	0.0000E+00	1.8070E+00
2.8500E+03	0.0000E+00	0.0000E+00	1.8056E+00
2.8510E+03	0.0000E+00	0.0000E+00	1.8046E+00
2.8520E+03	0.0000E+00	0.0000E+00	1.7996E+00
2.8530E+03	0.0000E+00	0.0000E+00	1.7989E+00
2.8540E+03	0.0000E+00	0.0000E+00	1.7998E+00
2.8550E+03	0.0000E+00	0.0000E+00	1.8024E+00
2.8560E+03	0.0000E+00	0.0000E+00	1.8055E+00
2.8570E+03	0.0000E+00	0.0000E+00	1.8111E+00
2.8580E+03	0.0000E+00	0.0000E+00	1.8152E+00
2.8590E+03	0.0000E+00	0.0000E+00	1.8200E+00
2.8600E+03	0.0000E+00	0.0000E+00	1.8227E+00
2.8610E+03	0.0000E+00	0.0000E+00	1.8235E+00
2.8620E+03	0.0000E+00	0.0000E+00	1.8201E+00
2.8630E+03	0.0000E+00	0.0000E+00	1.8186E+00
2.8640E+03	0.0000E+00	0.0000E+00	1.8175E+00
2.8650E+03	0.0000E+00	0.0000E+00	1.8174E+00
2.8660E+03	0.0000E+00	0.0000E+00	1.8156E+00
2.8670E+03	0.0000E+00	0.0000E+00	1.8174E+00
2.8680E+03	0.0000E+00	0.0000E+00	1.8122E+00
2.8690E+03	0.0000E+00	0.0000E+00	1.8102E+00
2.8700E+03	0.0000E+00	0.0000E+00	1.8087E+00
2.8710E+03	0.0000E+00	0.0000E+00	1.8076E+00
2.8720E+03	0.0000E+00	0.0000E+00	1.8030E+00
2.8730E+03	0.0000E+00	0.0000E+00	1.7994E+00
2.8740E+03	0.0000E+00	0.0000E+00	1.7974E+00
2.8750E+03	0.0000E+00	0.0000E+00	1.7952E+00
2.8760E+03	0.0000E+00	0.0000E+00	1.7952E+00
2.8770E+03	0.0000E+00	0.0000E+00	1.7957E+00
2.8780E+03	0.0000E+00	0.0000E+00	1.7943E+00
2.8790E+03	0.0000E+00	0.0000E+00	1.7961E+00
2.8800E+03	0.0000E+00	0.0000E+00	1.7998E+00
2.8810E+03	0.0000E+00	0.0000E+00	1.8040E+00
2.8820E+03	0.0000E+00	0.0000E+00	1.8103E+00
2.8830E+03	0.0000E+00	0.0000E+00	1.8121E+00
2.8840E+03	0.0000E+00	0.0000E+00	1.8124E+00
2.8850E+03	0.0000E+00	0.0000E+00	1.8119E+00
2.8860E+03	0.0000E+00	0.0000E+00	1.8121E+00
2.8870E+03	0.0000E+00	0.0000E+00	1.8092E+00
2.8880E+03	0.0000E+00	0.0000E+00	1.8106E+00
2.8890E+03	0.0000E+00	0.0000E+00	1.8092E+00
2.8900E+03	0.0000E+00	0.0000E+00	1.8091E+00
2.8910E+03	0.0000E+00	0.0000E+00	1.8094E+00
2.8920E+03	0.0000E+00	0.0000E+00	1.8070E+00
2.8930E+03	0.0000E+00	0.0000E+00	1.8063E+00
2.8940E+03	0.0000E+00	0.0000E+00	1.8041E+00
2.8950E+03	0.0000E+00	0.0000E+00	1.7989E+00
2.8960E+03	0.0000E+00	0.0000E+00	1.7963E+00
2.8970E+03	0.0000E+00	0.0000E+00	1.7916E+00
2.8980E+03	0.0000E+00	0.0000E+00	1.7902E+00
2.8990E+03	0.0000E+00	0.0000E+00	1.7897E+00
2.9000E+03	0.0000E+00	0.0000E+00	1.7876E+00
2.9010E+03	0.0000E+00	0.0000E+00	1.7855E+00
2.9020E+03	0.0000E+00	0.0000E+00	1.7853E+00
2.9030E+03	0.0000E+00	0.0000E+00	1.7860E+00
2.9040E+03	0.0000E+00	0.0000E+00	1.7866E+00
2.9050E+03	0.0000E+00	0.0000E+00	1.7909E+00
2.9060E+03	0.0000E+00	0.0000E+00	1.7908E+00
2.9070E+03	0.0000E+00	0.0000E+00	1.7959E+00
2.9080E+03	0.0000E+00	0.0000E+00	1.8017E+00
2.9090E+03	0.0000E+00	0.0000E+00	1.8012E+00
2.9100E+03	0.0000E+00	0.0000E+00	1.8009E+00
2.9110E+03	0.0000E+00	0.0000E+00	1.8013E+00
2.9120E+03	0.0000E+00	0.0000E+00	1.8028E+00
2.9130E+03	0.0000E+00	0.0000E+00	1.8006E+00
2.9140E+03	0.0000E+00	0.0000E+00	1.7987E+00
2.9150E+03	0.0000E+00	0.0000E+00	1.7969E+00
2.9160E+03	0.0000E+00	0.0000E+00	1.7966E+00
2.9170E+03	0.0000E+00	0.0000E+00	1.7959E+00
2.9180E+03	0.0000E+00	0.0000E+00	1.7937E+00
2.9190E+03	0.0000E+00	0.0000E+00	1.7925E+00
2.9200E+03	0.0000E+00	0.0000E+00	1.7878E+00
2.9210E+03	0.0000E+00	0.0000E+00	1.7601E+00
2.9220E+03	0.0000E+00	0.0000E+00	1.7488E+00
2.9230E+03	0.0000E+00	0.0000E+00	1.7445E+00
2.9240E+03	0.0000E+00	0.0000E+00	1.7410E+00
2.9250E+03	0.0000E+00	0.0000E+00	1.7396E+00
2.9260E+03	0.0000E+00	0.0000E+00	1.7380E+00
2.9270E+03	0.0000E+00	0.0000E+00	1.7388E+00
2.9280E+03	0.0000E+00	0.0000E+00	1.7421E+00
2.9290E+03	0.0000E+00	0.0000E+00	1.7460E+00
2.9300E+03	0.0000E+00	0.0000E+00	1.7507E+00
2.9310E+03	0.0000E+00	0.0000E+00	1.7561E+00
2.9320E+03	0.0000E+00	0.0000E+00	1.7590E+00
2.9330E+03	0.0000E+00	0.0000E+00	1.7615E+00
2.9340E+03	0.0000E+00	0.0000E+00	1.7580E+00
2.9350E+03	0.0000E+00	0.0000E+00	1.7588E+00
2.9360E+03	0.0000E+00	0.0000E+00	1.7589E+00
2.9370E+03	0.0000E+00	0.0000E+00	1.7587E+00
2.9380E+03	0.0000E+00	0.0000E+00	1.7556E+00
2.9390E+03	0.0000E+00	0.0000E+00	1.7558E+00
2.9400E+03	0.0000E+00	0.0000E+00	1.7562E+00
2.9410E+03	0.0000E+00	0.0000E+00	1.7518E+00
2.9420E+03	0.0000E+00	0.0000E+00	1.7457E+00
2.9430E+03	0.0000E+00	0.0000E+00	1.7450E+00
2.9440E+03	0.0000E+00	0.0000E+00	1.7426E+00
2.9450E+03	0.0000E+00	0.0000E+00	1.7403E+00
2.9460E+03	0.0000E+00	0.0000E+00	1.7381E+00
2.9470E+03	0.0000E+00	0.0000E+00	1.7377E+00
2.9480E+03	0.0000E+00	0.0000E+00	1.7340E+00
2.9490E+03	0.0000E+00	0.0000E+00	1.7329E+00
2.9500E+03	0.0000E+00	0.0000E+00	1.7332E+00
2.9510E+03	0.0000E+00	0.0000E+00	1.7344E+00
2.9520E+03	0.0000E+00	0.0000E+00	1.7355E+00
2.9530E+03	0.0000E+00	0.0000E+00	1.7416E+00
2.9540E+03	0.0000E+00	0.0000E+00	1.7451E+00
2.9550E+03	0.0000E+00	0.0000E+00	1.7480E+00
2.9560E+03	0.0000E+00	0.0000E+00	1.7478E+00
2.9570E+03	0.0000E+00	0.0000E+00	1.7498E+00
2.9580E+03	0.0000E+00	0.0000E+00	1.7501E+00
2.9590E+03	0.0000E+00	0.0000E+00	1.7514E+00
2.9600E+03	0.0000E+00	0.0000E+00	1.7512E+00
2.9610E+03	0.0000E+00	0.0000E+00	1.7503E+00
2.9620E+03	0.0000E+00	0.0000E+00	1.7497E+00
2.9630E+03	0.0000E+00	0.0000E+00	1.7505E+00
2.9640E+03	0.0000E+00	0.0000E+00	1.7467E+00
2.9650E+03	0.0000E+00	0.0000E+00	1.7453E+00
2.9660E+03	0.0000E+00	0.0000E+00	1.7413E+00
2.9670E+03	0.0000E+00	0.0000E+00	1.7377E+00
2.9680E+03	0.0000E+00	0.0000E+00	1.7360E+00
2.9690E+03	0.0000E+00	0.0000E+00	1.7349E+00
2.9700E+03	0.0000E+00	0.0000E+00	1.7350E+00
2.9710E+03	0.0000E+00	0.0000E+00	1.7326E+00
2.9720E+03	0.0000E+00	0.0000E+00	1.7300E+00
2.9730E+03	0.0000E+00	0.0000E+00	1.7269E+00
2.9740E+03	0.0000E+00	0.0000E+00	1.7231E+00
2.9750E+03	0.0000E+00	0.0000E+00	1.7254E+00
2.9760E+03	0.0000E+00	0.0000E+00	1.7255E+00
2.9770E+03	0.0000E+00	0.0000E+00	1.7294E+00
2.9780E+03	0.0000E+00	0.0000E+00	1.7358E+00
2.9790E+03	0.0000E+00	0.0000E+00	1.7418E+00
2.9800E+03	0.0000E+00	0.0000E+00	1.7454E+00
2.9810E+03	0.0000E+00	0.0000E+00	1.7462E+00
2.9820E+03	0.0000E+00	0.0000E+00	1.7457E+00
2.9830E+03	0.0000E+00	0.0000E+00	1.7466E+00
2.9840E+03	0.0000E+00	0.0000E+00	1.7474E+00
2.9850E+03	0.0000E+00	0.0000E+00	1.7479E+00
2.9860E+03	0.0000E+00	0.0000E+00	1.7457E+00
2.9870E+03	0.0000E+00	0.0000E+00	1.7420E+00
2.9880E+03	0.0000E+00	0.0000E+00	1.7399E+00
2.9890E+03	0.0000E+00	0.0000E+00	1.7388E+00
2.9900E+03	0.0000E+00	0.0000E+00	1.7388E+00
2.9910E+03	0.0000E+00	0.0000E+00	1.7374E+00
2.9920E+03	0.0000E+00	0.0000E+00	1.7356E+00
2.9930E+03	0.0000E+00	0.0000E+00	1.7353E+00
2.9940E+03	0.0000E+00	0.0000E+00	1.7326E+00
2.9950E+03	0.0000E+00	0.0000E+00	1.7318E+00
2.9960E+03	0.0000E+00	0.0000E+00	1.7298E+00
2.9970E+03	0.0000E+00	0.0000E+00	1.7285E+00
2.9980E+03	0.0000E+00	0.0000E+00	1.7264E+00
2.9990E+03	0.0000E+00	0.0000E+00	1.7252E+00
3.0000E+03	0.0000E+00	0.0000E+00	1.7248E+00
3.0010E+03	0.0000E+00	0.0000E+00	1.7257E+00
3.0020E+03	0.0000E+00	0.0000E+00	1.7281E+00
3.0030E+03	0.0000E+00	0.0000E+00	1.7295E+00
3.0040E+03	0.0000E+00	0.0000E+00	1.7312E+00
3.0050E+03	0.0000E+00	0.0000E+00	1.7340E+00
3.0060E+03	0.0000E+00	0.0000E+00	1.7370E+00
3.0070E+03	0.0000E+00	0.0000E+00	1.7370E+00
3.0080E+03	0.0000E+00	0.0000E+00	1.7376E+00
3.0090E+03	0.0000E+00	0.0000E+00	1.7371E+00
3.0100E+03	0.0000E+00	0.0000E+00	1.7374E+00
3.0110E+03	0.0000E+00	0.0000E+00	1.7375E+00
3.0120E+03	0.0000E+00	0.0000E+00	1.7361E+00
3.0130E+03	0.0000E+00	0.0000E+00	1.7358E+00
3.0140E+03	0.0000E+00	0.0000E+00	1.7315E+00
3.0150E+03	0.0000E+00	0.0000E+00	1.7275E+00
3.0160E+03	0.0000E+00	0.0000E+00	1.7255E+00
3.0170E+03	0.0000E+00	0.0000E+00	1.7269E+00
3.0180E+03	0.0000E+00	0.0000E+00	1.7259E+00
3.0190E+03	0.0000E+00	0.0000E+00	1.7251E+00
3.0200E+03	0.0000E+00	0.0000E+00	1.7213E+00
3.0210E+03	0.0000E+00	0.0000E+00	1.7206E+00
3.0220E+03	0.0000E+00	0.0000E+00	1.7183E+00
3.0230E+03	0.0000E+00	0.0000E+00	1.7195E+00
3.0240E+03	0.0000E+00	0.0000E+00	1.7206E+00
3.0250E+03	0.0000E+00	0.0000E+00	1.7244E+00
3.0260E+03	0.0000E+00	0.0000E+00	1.7275E+00
3.0270E+03	0.0000E+00	0.0000E+00	1.7306E+00
3.0280E+03	0.0000E+00	0.0000E+00	1.7332E+00
3.0290E+03	0.0000E+00	0.0000E+00	1.7356E+00
3.0300E+03	0.0000E+00	0.0000E+00	1.7341E+00
3.0310E+03	0.0000E+00	0.0000E+00	1.7333E+00
3.0320E+03	0.0000E+00	0.0000E+00	1.7324E+00
3.0330E+03	0.0000E+00	0.0000E+00	1.7315E+00
3.0340E+03	0.0000E+00	0.0000E+00	1.7313E+00
3.0350E+03	0.0000E+00	0.0000E+00	1.7308E+00
3.0360E+03	0.0000E+00	0.0000E+00	1.7327E+00
3.0370E+03	0.0000E+00	0.0000E+00	1.7313E+00
3.0380E+03	0.0000E+00	0.0000E+00	1.7292E+00
3.0390E+03	0.0000E+00	0.0000E+00	1.7284E+00
3.0400E+03	0.0000E+00	0.0000E+00	1.7219E+00
3.0410E+03	0.0000E+00	0.0000E+00	1.7209E+00
3.0420E+03	0.0000E+00	0.0000E+00	1.7202E+00
3.0430E+03	0.0000E+00	0.0000E+00	1.7193E+00
3.0440E+03	0.0000E+00	0.0000E+00	1.7164E+00
3.0450E+03	0.0000E+00	0.0000E+00	1.7137E+00
3.0460E+03	0.0000E+00	0.0000E+00	1.7120E+00
3.0470E+03	0.0000E+00	0.0000E+00	1.7115E+00
3.0480E+03	0.0000E+00	0.0000E+00	1.7101E+00
3.0490E+03	0.0000E+00	0.0000E+00	1.7123E+00
3.0500E+03	0.0000E+00	0.0000E+00	1.7126E+00
3.0510E+03	0.0000E+00	0.0000E+00	1.7106E+00
3.0520E+03	0.0000E+00	0.0000E+00	1.7135E+00
3.0530E+03	0.0000E+00	0.0000E+00	1.7167E+00
3.0540E+03	0.0000E+00	0.0000E+00	1.7191E+00
3.0550E+03	0.0000E+00	0.0000E+00	1.7204E+00
3.0560E+03	0.0000E+00	0.0000E+00	1.7219E+00
3.0570E+03	0.0000E+00	0.0000E+00	1.7213E+00
3.0580E+03	0.0000E+00	0.0000E+00	1.7215E+00
3.0590E+03	0.0000E+00	0.0000E+00	1.7238E+00
3.0600E+03	0.0000E+00	0.0000E+00	1.7196E+00
3.0610E+03	0.0000E+00	0.0000E+00	1.7212E+00
3.0620E+03	0.0000E+00	0.0000E+00	1.7207E+00
3.0630E+03	0.0000E+00	0.0000E+00	1.7191E+00
3.0640E+03	0.0000E+00	0.0000E+00	1.7189E+00
3.0650E+03	0.0000E+00	0.0000E+00	1.7169E+00
3.0660E+03	0.0000E+00	0.0000E+00	1.7120E+00
3.0670E+03	0.0000E+00	0.0000E+00	1.7089E+00
3.0680E+03	0.0000E+00	0.0000E+00	1.7053E+00
3.0690E+03	0.0000E+00	0.0000E+00	1.7053E+00
3.0700E+03	0.0000E+00	0.0000E+00	1.7038E+00
3.0710E+03	0.0000E+00	0.0000E+00	1.7058E+00
3.0720E+03	0.0000E+00	0.0000E+00	1.7068E+00
3.0730E+03	0.0000E+00	0.0000E+00	1.7076E+00
3.0740E+03	0.0000E+00	0.0000E+00	1.7109E+00
3.0750E+03	0.0000E+00	0.0000E+00	1.7171E+00
3.0760E+03	0.0000E+00	0.0000E+00	1.7212E+00
3.0770E+03	0.0000E+00	0.0000E+00	1.7230E+00
3.0780E+03	0.0000E+00	0.0000E+00	1.7250E+00
3.0790E+03	0.0000E+00	0.0000E+00	1.7216E+00
3.0800E+03	0.0000E+00	0.0000E+00	1.7234E+00
3.0810E+03	0.0000E+00	0.0000E+00	1.7238E+00
3.0820E+03	0.0000E+00	0.0000E+00	1.7243E+00
3.0830E+03	0.0000E+00	0.0000E+00	1.7227E+00
3.0840E+03	0.0000E+00	0.0000E+00	1.7199E+00
3.0850E+03	0.0000E+00	0.0000E+00	1.7193E+00
3.0860E+03	0.0000E+00	0.0000E+00	1.7156E+00
3.0870E+03	0.0000E+00	0.0000E+00	1.7138E+00
3.0880E+03	0.0000E+00	0.0000E+00	1.7134E+00
3.0890E+03	0.0000E+00	0.0000E+00	1.7114E+00
3.0900E+03	0.0000E+00	0.0000E+00	1.7094E+00
3.0910E+03	0.0000E+00	0.0000E+00	1.7076E+00
3.0920E+03	0.0000E+00	0.0000E+00	1.7054E+00
3.0930E+03	0.0000E+00	0.0000E+00	1.7030E+00
3.0940E+03	0.0000E+00	0.0000E+00	1.7027E+00
3.0950E+03	0.0000E+00	0.0000E+00	1.7039E+00
3.0960E+03	0.0000E+00	0.0000E+00	1.7069E+00
3.0970E+03	0.0000E+00	0.0000E+00	1.7087E+00
3.0980E+03	0.0000E+00	0.0000E+00	1.7110E+00
3.0990E+03	0.0000E+00	0.0000E+00	1.7143E+00
3.1000E+03	0.0000E+00	0.0000E+00	1.7165E+00
3.1010E+03	0.0000E+00	0.0000E+00	1.7202E+00
3.1020E+03	0.0000E+00	0.0000E+00	1.7203E+00
3.1030E+03	0.0000E+00	0.0000E+00	1.7206E+00
3.1040E+03	0.0000E+00	0.0000E+00	1.7223E+00
3.1050E+03	0.0000E+00	0.0000E+00	1.7232E+00
3.1060E+03	0.0000E+00	0.0000E+00	1.7232E+00
3.1070E+03	0.0000E+00	0.0000E+00	1.7217E+00
3.1080E+03	0.0000E+00	0.0000E+00	1.7212E+00
3.1090E+03	0.0000E+00	0.0000E+00	1.7173E+00
3.1100E+03	0.0000E+00	0.0000E+00	1.7137E+00
3.1110E+03	0.0000E+00	0.0000E+00	1.7108E+00
3.1120E+03	0.0000E+00	0.0000E+00	1.7095E+00
3.1130E+03	0.0000E+00	0.0000E+00	1.7019E+00
3.1140E+03	0.0000E+00	0.0000E+00	1.7001E+00
3.1150E+03	0.0000E+00	0.0000E+00	1.6959E+00
3.1160E+03	0.0000E+00	0.0000E+00	1.6951E+00
3.1170E+03	0.0000E+00	0.0000E+00	1.6928E+00
3.1180E+03	0.0000E+00	0.0000E+00	1.6924E+00
3.1190E+03	0.0000E+00	0.0000E+00	1.6906E+00
3.1200E+03	0.0000E+00	0.0000E+00	1.6908E+00
3.1210E+03	0.0000E+00	0.0000E+00	1.6922E+00
3.1220E+03	0.0000E+00	0.0000E+00	1.6969E+00
3.1230E+03	0.0000E+00	0.0000E+00	1.7007E+00
3.1240E+03	0.0000E+00	0.0000E+00	1.7037E+00
3.1250E+03	0.0000E+00	0.0000E+00	1.7074E+00
3.1260E+03	0.0000E+00	0.0000E+00	1.7082E+00
3.1270E+03	0.0000E+00	0.0000E+00	1.7067E+00
3.1280E+03	0.0000E+00	0.0000E+00	1.7093E+00
3.1290E+03	0.0000E+00	0.0000E+00	1.7114E+00
3.1300E+03	0.0000E+00	0.0000E+00	1.7099E+00
3.1310E+03	0.0000E+00	0.0000E+00	1.7094E+00
3.1320E+03	0.0000E+00	0.0000E+00	1.7073E+00
3.1330E+03	0.0000E+00	0.0000E+00	1.7066E+00
3.1340E+03	0.0000E+00	0.0000E+00	1.7043E+00
3.1350E+03	0.0000E+00	0.0000E+00	1.7008E+00
3.1360E+03	0.0000E+00	0.0000E+00	1.6994E+00
3.1370E+03	0.0000E+00	0.0000E+00	1.6987E+00
3.1380E+03	0.0000E+00	0.0000E+00	1.6974E+00
3.1390E+03	0.0000E+00	0.0000E+00	1.6953E+00
3.1400E+03	0.0000E+00	0.0000E+00	1.6922E+00
3.1410E+03	0.0000E+00	0.0000E+00	1.6891E+00
3.1420E+03	0.0000E+00	0.0000E+00	1.6881E+00
3.1430E+03	0.0000E+00	0.0000E+00	1.6878E+00
3.1440E+03	0.0000E+00	0.0000E+00	1.6905E+00
3.1450E+03	0.0000E+00	0.0000E+00	1.6929E+00
3.1460E+03	0.0000E+00	0.0000E+00	1.6967E+00
3.1470E+03	0.0000E+00	0.0000E+00	1.6979E+00
3.1480E+03	0.0000E+00	0.0000E+00	1.7025E+00
3.1490E+03	0.0000E+00	0.0000E+00	1.7045E+00
3.1500E+03	0.0000E+00	0.0000E+00	1.7066E+00
3.1510E+03	0.0000E+00	0.0000E+00	1.7082E+00
3.1520E+03	0.0000E+00	0.0000E+00	1.7112E+00
3.1530E+03	0.0000E+00	0.0000E+00	1.7110E+00
3.1540E+03	0.0000E+00	0.0000E+00	1.7139E+00
3.1550E+03	0.0000E+00	0.0000E+00	1.7141E+00
3.1560E+03	0.0000E+00	0.0000E+00	1.7106E+00
3.1570E+03	0.0000E+00	0.0000E+00	1.7103E+00
3.1580E+03	0.0000E+00	0.0000E+00	1.7102E+00
3.1590E+03	0.0000E+00	0.0000E+00	1.7094E+00
3.1600E+03	0.0000E+00	0.0000E+00	1.7042E+00
3.1610E+03	0.0000E+00	0.0000E+00	1.7032E+00
3.1620E+03	0.0000E+00	0.0000E+00	1.7016E+00
3.1630E+03	0.0000E+00	0.0000E+00	1.6996E+00
3.1640E+03	0.0000E+00	0.0000E+00	1.6966E+00
3.1650E+03	0.0000E+00	0.0000E+00	1.6948E+00
3.1660E+03	0.0000E+00	0.0000E+00	1.6925E+00
3.1670E+03	0.0000E+00	0.0000E+00	1.6938E+00
3.1680E+03	0.0000E+00	0.0000E+00	1.6942E+00
3.1690E+03	0.0000E+00	0.0000E+00	1.6935E+00
3.1700E+03	0.0000E+00	0.0000E+00	1.6939E+00
3.1710E+03	0.0000E+00	0.0000E+00	1.6957E+00
3.1720E+03	0.0000E+00	0.0000E+00	1.7000E+00
3.1730E+03	0.0000E+00	0.0000E+00	1.7006E+00
3.1740E+03	0.0000E+00	0.0000E+00	1.7041E+00
3.1750E+03	0.0000E+00	0.0000E+00	1.7055E+00
3.1760E+03	0.0000E+00	0.0000E+00	1.7068E+00
3.1770E+03	0.0000E+00	0.0000E+00	1.7074E+00
3.1780E+03	0.0000E+00	0.0000E+00	1.7098E+00
3.1790E+03	0.0000E+00	0.0000E+00	1.7078E+00
3.1800E+03	0.0000E+00	0.0000E+00	1.7088E+00
3.1810E+03	0.0000E+00	0.0000E+00	1.7085E+00
3.1820E+03	0.0000E+00	0.0000E+00	1.7093E+00
3.1830E+03	0.0000E+00	0.0000E+00	1.7087E+00
3.1840E+03	0.0000E+00	0.0000E+00	1.7040E+00
3.1850E+03	0.0000E+00	0.0000E+00	1.7003E+00
3.1860E+03	0.0000E+00	0.0000E+00	1.7000E+00
3.1870E+03	0.0000E+00	0.0000E+00	1.6986E+00
3.1880E+03	0.0000E+00	0.0000E+00	1.6971E+00
3.1890E+03	0.0000E+00	0.0000E+00	1.6958E+00
3.1900E+03	0.0000E+00	0.0000E+00	1.6961E+00
3.1910E+03	0.0000E+00	0.0000E+00	1.6950E+00
3.1920E+03	0.0000E+00	0.0000E+00	1.6948E+00
3.1930E+03	0.0000E+00	0.0000E+00	1.6940E+00
3.1940E+03	0.0000E+00	0.0000E+00	1.6946E+00
3.1950E+03	0.0000E+00	0.0000E+00	1.6937E+00
3.1960E+03	0.0000E+00	0.0000E+00	1.6942E+00
3.1970E+03	0.0000E+00	0.0000E+00	1.6951E+00
3.1980E+03	0.0000E+00	0.0000E+00	1.6955E+00
3.1990E+03	0.0000E+00	0.0000E+00	1.6951E+00
3.2000E+03	0.0000E+00	0.0000E+00	1.6971E+00
3.2010E+03	0.0000E+00	0.0000E+00	1.6999E+00
3.2020E+03	0.0000E+00	0.0000E+00	1.7015E+00
3.2030E+03	0.0000E+00	0.0000E+00	1.7025E+00
3.2040E+03	0.0000E+00	0.0000E+00	1.7036E+00
3.2050E+03	0.0000E+00	0.0000E+00	1.7006E+00
3.2060E+03	0.0000E+00	0.0000E+00	1.7004E+00
3.2070E+03	0.0000E+00	0.0000E+00	1.7002E+00
3.2080E+03	0.0000E+00	0.0000E+00	1.7011E+00
3.2090E+03	0.0000E+00	0.0000E+00	1.7004E+00
3.2100E+03	0.0000E+00	0.0000E+00	1.6975E+00
3.2110E+03	0.0000E+00	0.0000E+00	1.6936E+00
3.2120E+03	0.0000E+00	0.0000E+00	1.6907E+00
3.2130E+03	0.0000E+00	0.0000E+00	1.6865E+00
3.2140E+03	0.0000E+00	0.0000E+00	1.6862E+00
3.2150E+03	0.0000E+00	0.0000E+00	1.6851E+00
3.2160E+03	0.0000E+00	0.0000E+00	1.6851E+00
3.2170E+03	0.0000E+00	0.0000E+00	1.6868E+00
3.2180E+03	0.0000E+00	0.0000E+00	1.6873E+00
3.2190E+03	0.0000E+00	0.0000E+00	1.6899E+00
3.2200E+03	0.0000E+00	0.0000E+00	1.6922E+00
3.2210E+03	0.0000E+00	0.0000E+00	1.6900E+00
3.2220E+03	0.0000E+00	0.0000E+00	1.6917E+00
3.2230E+03	0.0000E+00	0.0000E+00	1.6958E+00
3.2240E+03	0.0000E+00	0.0000E+00	1.6991E+00
3.2250E+03	0.0000E+00	0.0000E+00	1.7005E+00
3.2260E+03	0.0000E+00	0.0000E+00	1.7020E+00
3.2270E+03	0.0000E+00	0.0000E+00	1.7028E+00
3.2280E+03	0.0000E+00	0.0000E+00	1.7021E+00
3.2290E+03	0.0000E+00	0.0000E+00	1.7015E+00
3.2300E+03	0.0000E+00	0.0000E+00	1.7002E+00
3.2310E+03	0.0000E+00	0.0000E+00	1.7000E+00
3.2320E+03	0.0000E+00	0.0000E+00	1.6993E+00
3.2330E+03	0.0000E+00	0.0000E+00	1.6974E+00
3.2340E+03	0.0000E+00	0.0000E+00	1.6943E+00
3.2350E+03	0.0000E+00	0.0000E+00	1.6929E+00
3.2360E+03	0.0000E+00	0.0000E+00	1.6890E+00
3.2370E+03	0.0000E+00	0.0000E+00	1.6853E+00
3.2380E+03	0.0000E+00	0.0000E+00	1.6844E+00
3.2390E+03	0.0000E+00	0.0000E+00	1.6842E+00
3.2400E+03	0.0000E+00	0.0000E+00	1.6835E+00
3.2410E+03	0.0000E+00	0.0000E+00	1.6833E+00
3.2420E+03	0.0000E+00	0.0000E+00	1.6808E+00
3.2430E+03	0.0000E+00	0.0000E+00	1.6854E+00
3.2440E+03	0.0000E+00	0.0000E+00	1.6850E+00
3.2450E+03	0.0000E+00	0.0000E+00	1.6863E+00
3.2460E+03	0.0000E+00	0.0000E+00	1.6886E+00
3.2470E+03	0.0000E+00	0.0000E+00	1.6943E+00
3.2480E+03	0.0000E+00	0.0000E+00	1.6945E+00
3.2490E+03	0.0000E+00	0.0000E+00	1.6972E+00
3.2500E+03	0.0000E+00	0.0000E+00	1.6991E+00
3.2510E+03	0.0000E+00	0.0000E+00	1.6985E+00
3.2520E+03	0.0000E+00	0.0000E+00	1.6995E+00
3.2530E+03	0.0000E+00	0.0000E+00	1.7005E+00
3.2540E+03	0.0000E+00	0.0000E+00	1.7006E+00
3.2550E+03	0.0000E+00	0.0000E+00	1.6972E+00
3.2560E+03	0.0000E+00	0.0000E+00	1.6954E+00
3.2570E+03	0.0000E+00	0.0000E+00	1.6935E+00
3.2580E+03	0.0000E+00	0.0000E+00	1.6924E+00
3.2590E+03	0.0000E+00	0.0000E+00	1.6892E+00
3.2600E+03	0.0000E+00	0.0000E+00	1.6841E+00
3.2610E+03	0.0000E+00	0.0000E+00	1.6844E+00
3.2620E+03	0.0000E+00	0.0000E+00	1.6830E+00
3.2630E+03	0.0000E+00	0.0000E+00	1.6824E+00
3.2640E+03	0.0000E+00	0.0000E+00	1.6814E+00
3.2650E+03	0.0000E+00	0.0000E+00	1.6822E+00
3.2660E+03	0.0000E+00	0.0000E+00	1.6819E+00
3.2670E+03	0.0000E+00	0.0000E+00	1.6838E+00
3.2680E+03	0.0000E+00	0.0000E+00	1.6873E+00
3.2690E+03	0.0000E+00	0.0000E+00	1.6907E+00
3.2700E+03	0.0000E+00	0.0000E+00	1.6919E+00
3.2710E+03	0.0000E+00	0.0000E+00	1.6945E+00
3.2720E+03	0.0000E+00	0.0000E+00	1.6950E+00
3.2730E+03	0.0000E+00	0.0000E+00	1.6985E+00
3.2740E+03	0.0000E+00	0.0000E+00	1.6986E+00
3.2750E+03	0.0000E+00	0.0000E+00	1.6973E+00
3.2760E+03	0.0000E+00	0.0000E+00	1.6976E+00
3.2770E+03	0.0000E+00	0.0000E+00	1.6978E+00
3.2780E+03	0.0000E+00	0.0000E+00	1.6964E+00
3.2790E+03	0.0000E+00	0.0000E+00	1.6945E+00
3.2800E+03	0.0000E+00	0.0000E+00	1.6909E+00
3.2810E+03	0.0000E+00	0.0000E+00	1.6899E+00
3.2820E+03	0.0000E+00	0.0000E+00	1.6883E+00
3.2830E+03	0.0000E+00	0.0000E+00	1.6864E+00
3.2840E+03	0.0000E+00	0.0000E+00	1.6838E+00
3.2850E+03	0.0000E+00	0.0000E+00	1.6792E+00
3.2860E+03	0.0000E+00	0.0000E+00	1.6769E+00
3.2870E+03	0.0000E+00	0.0000E+00	1.6746E+00
3.2880E+03	0.0000E+00	0.0000E+00	1.6755E+00
3.2890E+03	0.0000E+00	0.0000E+00	1.6741E+00
3.2900E+03	0.0000E+00	0.0000E+00	1.6751E+00
3.2910E+03	0.0000E+00	0.0000E+00	1.6760E+00
3.2920E+03	0.0000E+00	0.0000E+00	1.6786E+00
3.2930E+03	0.0000E+00	0.0000E+00	1.6827E+00
3.2940E+03	0.0000E+00	0.0000E+00	1.6863E+00
3.2950E+03	0.0000E+00	0.0000E+00	1.6864E+00
3.2960E+03	0.0000E+00	0.0000E+00	1.6905E+00
3.2970E+03	0.0000E+00	0.0000E+00	1.6927E+00
3.2980E+03	0.0000E+00	0.0000E+00	1.6929E+00
3.2990E+03	0.0000E+00	0.0000E+00	1.6943E+00
3.3000E+03	0.0000E+00	0.0000E+00	1.6939E+00
3.3010E+03	0.0000E+00	0.0000E+00	1.6931E+00
3.3020E+03	0.0000E+00	0.0000E+00	1.6903E+00
3.3030E+03	0.0000E+00	0.0000E+00	1.6898E+00
3.3040E+03	0.0000E+00	0.0000E+00	1.6917E+00
3.3050E+03	0.0000E+00	0.0000E+00	1.6897E+00
3.3060E+03	0.0000E+00	0.0000E+00	1.6854E+00
3.3070E+03	0.0000E+00	0.0000E+00	1.6829E+00
3.3080E+03	0.0000E+00	0.0000E+00	1.6811E+00
3.3090E+03	0.0000E+00	0.0000E+00	1.6806E+00
3.3100E+03	0.0000E+00	0.0000E+00	1.6787E+00
3.3110E+03	0.0000E+00	0.0000E+00	1.6783E+00
3.3120E+03	0.0000E+00	0.0000E+00	1.6808E+00
3.3130E+03	0.0000E+00	0.0000E+00	1.6800E+00
3.3140E+03	0.0000E+00	0.0000E+00	1.6806E+00
3.3150E+03	0.0000E+00	0.0000E+00	1.6804E+00
3.3160E+03	0.0000E+00	0.0000E+00	1.6822E+00
3.3170E+03	0.0000E+00	0.0000E+00	1.6848E+00
3.3180E+03	0.0000E+00	0.0000E+00	1.6886E+00
3.3190E+03	0.0000E+00	0.0000E+00	1.6892E+00
3.3200E+03	0.0000E+00	0.0000E+00	1.6881E+00
3.3210E+03	0.0000E+00	0.0000E+00	1.6878E+00
3.3220E+03	0.0000E+00	0.0000E+00	1.6880E+00
3.3230E+03	0.0000E+00	0.0000E+00	1.6885E+00
3.3240E+03	0.0000E+00	0.0000E+00	1.6900E+00
3.3250E+03	0.0000E+00	0.0000E+00	1.6902E+00
3.3260E+03	0.0000E+00	0.0000E+00	1.6885E+00
3.3270E+03	0.0000E+00	0.0000E+00	1.6897E+00
3.3280E+03	0.0000E+00	0.0000E+00	1.6875E+00
3.3290E+03	0.0000E+00	0.0000E+00	1.6856E+00
3.3300E+03	0.0000E+00	0.0000E+00	1.6840E+00
3.3310E+03	0.0000E+00	0.0000E+00	1.6815E+00
3.3320E+03	0.0000E+00	0.0000E+00	1.6796E+00
3.3330E+03	0.0000E+00	0.0000E+00	1.6776E+00
3.3340E+03	0.0000E+00	0.0000E+00	1.6751E+00
3.3350E+03	0.0000E+00	0.0000E+00	1.6753E+00
3.3360E+03	0.0000E+00	0.0000E+00	1.6774E+00
3.3370E+03	0.0000E+00	0.0000E+00	1.6790E+00
3.3380E+03	0.0000E+00	0.0000E+00	1.6803E+00
3.3390E+03	0.0000E+00	0.0000E+00	1.6810E+00
3.3400E+03	0.0000E+00	0.0000E+00	1.6819E+00
3.3410E+03	0.0000E+00	0.0000E+00	1.6855E+00
3.3420E+03	0.0000E+00	0.0000E+00	1.6876E+00
3.3430E+03	0.0000E+00	0.0000E+00	1.6872E+00
3.3440E+03	0.0000E+00	0.0000E+00	1.6891E+00
3.3450E+03	0.0000E+00	0.0000E+00	1.6899E+00
3.3460E+03	0.0000E+00	0.0000E+00	1.6919E+00
3.3470E+03	0.0000E+00	0.0000E+00	1.6897E+00
3.3480E+03	0.0000E+00	0.0000E+00	1.6893E+00
3.3490E+03	0.0000E+00	0.0000E+00	1.6917E+00
3.3500E+03	0.0000E+00	0.0000E+00	1.6919E+00
3.3510E+03	0.0000E+00	0.0000E+00	1.6909E+00
3.3520E+03	0.0000E+00	0.0000E+00	1.6879E+00
3.3530E+03	0.0000E+00	0.0000E+00	1.6878E+00
3.3540E+03	0.0000E+00	0.0000E+00	1.6854E+00
3.3550E+03	0.0000E+00	0.0000E+00	1.6878E+00
3.3560E+03	0.0000E+00	0.0000E+00	1.6868E+00
3.3570E+03	0.0000E+00	0.0000E+00	1.6863E+00
3.3580E+03	0.0000E+00	0.0000E+00	1.6838E+00
3.3590E+03	0.0000E+00	0.0000E+00	1.6868E+00
3.3600E+03	0.0000E+00	0.0000E+00	1.6859E+00
3.3610E+03	0.0000E+00	0.0000E+00	1.6869E+00
3.3620E+03	0.0000E+00	0.0000E+00	1.6885E+00
3.3630E+03	0.0000E+00	0.0000E+00	1.6890E+00
3.3640E+03	0.0000E+00	0.0000E+00	1.6892E+00
3.3650E+03	0.0000E+00	0.0000E+00	1.6872E+00
3.3660E+03	0.0000E+00	0.0000E+00	1.6872E+00
3.3670E+03	0.0000E+00	0.0000E+00	1.6864E+00
3.3680E+03	0.0000E+00	0.0000E+00	1.6883E+00
3.3690E+03	0.0000E+00	0.0000E+00	1.6899E+00
3.3700E+03	0.0000E+00	0.0000E+00	1.6902E+00
3.3710E+03	0.0000E+00	0.0000E+00	1.6910E+00
3.3720E+03	0.0000E+00	0.0000E+00	1.6896E+00
3.3730E+03	0.0000E+00	0.0000E+00	1.6916E+00
3.3740E+03	0.0000E+00	0.0000E+00	1.6909E+00
3.3750E+03	0.0000E+00	0.0000E+00	1.6929E+00
3.3760E+03	0.0000E+00	0.0000E+00	1.6921E+00
3.3770E+03	0.0000E+00	0.0000E+00	1.6902E+00
3.3780E+03	0.0000E+00	0.0000E+00	1.6864E+00
3.3790E+03	0.0000E+00	0.0000E+00	1.6875E+00
3.3800E+03	0.0000E+00	0.0000E+00	1.6846E+00
3.3810E+03	0.0000E+00	0.0000E+00	1.6795E+00
3.3820E+03	0.0000E+00	0.0000E+00	1.6784E+00
3.3830E+03	0.0000E+00	0.0000E+00	1.6787E+00
3.3840E+03	0.0000E+00	0.0000E+00	1.6798E+00
3.3850E+03	0.0000E+00	0.0000E+00	1.6813E+00
3.3860E+03	0.0000E+00	0.0000E+00	1.6812E+00
3.3870E+03	0.0000E+00	0.0000E+00	1.6820E+00
3.3880E+03	0.0000E+00	0.0000E+00	1.6860E+00
3.3890E+03	0.0000E+00	0.0000E+00	1.6892E+00
3.3900E+03	0.0000E+00	0.0000E+00	1.6889E+00
3.3910E+03	0.0000E+00	0.0000E+00	1.6891E+00
3.3920E+03	0.0000E+00	0.0000E+00	1.6898E+00
3.3930E+03	0.0000E+00	0.0000E+00	1.6911E+00
3.3940E+03	0.0000E+00	0.0000E+00	1.6917E+00
3.3950E+03	0.0000E+00	0.0000E+00	1.6928E+00
3.3960E+03	0.0000E+00	0.0000E+00	1.6933E+00
3.3970E+03	0.0000E+00	0.0000E+00	1.6935E+00
3.3980E+03	0.0000E+00	0.0000E+00	1.6916E+00
3.3990E+03	0.0000E+00	0.0000E+00	1.6907E+00
3.4000E+03	0.0000E+00	0.0000E+00	1.6894E+00
3.4010E+03	0.0000E+00	0.0000E+00	1.6859E+00
3.4020E+03	0.0000E+00	0.0000E+00	1.6826E+00
3.4030E+03	0.0000E+00	0.0000E+00	1.6793E+00
3.4040E+03	0.0000E+00	0.0000E+00	1.6787E+00
3.4050E+03	0.0000E+00	0.0000E+00	1.6768E+00
3.4060E+03	0.0000E+00	0.0000E+00	1.6733E+00
3.4070E+03	0.0000E+00	0.0000E+00	1.6750E+00
3.4080E+03	0.0000E+00	0.0000E+00	1.6758E+00
3.4090E+03	0.0000E+00	0.0000E+00	1.6732E+00
3.4100E+03	0.0000E+00	0.0000E+00	1.6757E+00
3.4110E+03	0.0000E+00	0.0000E+00	1.6750E+00
3.4120E+03	0.0000E+00	0.0000E+00	1.6763E+00
3.4130E+03	0.0000E+00	0.0000E+00	1.6782E+00
3.4140E+03	0.0000E+00	0.0000E+00	1.6797E+00
3.4150E+03	0.0000E+00	0.0000E+00	1.6787E+00
3.4160E+03	0.0000E+00	0.0000E+00	1.6822E+00
3.4170E+03	0.0000E+00	0.0000E+00	1.6844E+00
3.4180E+03	0.0000E+00	0.0000E+00	1.6858E+00
3.4190E+03	0.0000E+00	0.0000E+00	1.6861E+00
3.4200E+03	0.0000E+00	0.0000E+00	1.6855E+00
3.4210E+03	0.0000E+00	0.0000E+00	1.6850E+00
3.4220E+03	0.0000E+00	0.0000E+00	1.6860E+00
3.4230E+03	0.0000E+00	0.0000E+00	1.6904E+00
3.4240E+03	0.0000E+00	0.0000E+00	1.6935E+00
3.4250E+03	0.0000E+00	0.0000E+00	1.6907E+00
3.4260E+03	0.0000E+00	0.0000E+00	1.6880E+00
3.4270E+03	0.0000E+00	0.0000E+00	1.6843E+00
3.4280E+03	0.0000E+00	0.0000E+00	1.6823E+00
3.4290E+03	0.0000E+00	0.0000E+00	1.6799E+00
3.4300E+03	0.0000E+00	0.0000E+00	1.6793E+00
3.4310E+03	0.0000E+00	0.0000E+00	1.6805E+00
3.4320E+03	0.0000E+00	0.0000E+00	1.6802E+00
3.4330E+03	0.0000E+00	0.0000E+00	1.6814E+00
3.4340E+03	0.0000E+00	0.0000E+00	1.6811E+00
3.4350E+03	0.0000E+00	0.0000E+00	1.6815E+00
3.4360E+03	0.0000E+00	0.0000E+00	1.6821E+00
3.4370E+03	0.0000E+00	0.0000E+00	1.6803E+00
3.4380E+03	0.0000E+00	0.0000E+00	1.6809E+00
3.4390E+03	0.0000E+00	0.0000E+00	1.6827E+00
3.4400E+03	0.0000E+00	0.0000E+00	1.6844E+00
3.4410E+03	0.0000E+00	0.0000E+00	1.6854E+00
3.4420E+03	0.0000E+00	0.0000E+00	1.6862E+00
3.4430E+03	0.0000E+00	0.0000E+00	1.6858E+00
3.4440E+03	0.0000E+00	0.0000E+00	1.6867E+00
3.4450E+03	0.0000E+00	0.0000E+00	1.6863E+00
3.4460E+03	0.0000E+00	0.0000E+00	1.6858E+00
3.4470E+03	0.0000E+00	0.0000E+00	1.6855E+00
3.4480E+03	0.0000E+00	0.0000E+00	1.6828E+00
3.4490E+03	0.0000E+00	0.0000E+00	1.6824E+00
3.4500E+03	0.0000E+00	0.0000E+00	1.6783E+00
3.4510E+03	0.0000E+00	0.0000E+00	1.6751E+00
3.4520E+03	0.0000E+00	0.0000E+00	1.6728E+00
3.4530E+03	0.0000E+00	0.0000E+00	1.6701E+00
3.4540E+03	0.0000E+00	0.0000E+00	1.6683E+00
3.4550E+03	0.0000E+00	0.0000E+00	1.6668E+00
3.4560E+03	0.0000E+00	0.0000E+00	1.6665E+00
3.4570E+03	0.0000E+00	0.0000E+00	1.6684E+00
3.4580E+03	0.0000E+00	0.0000E+00	1.6677E+00
3.4590E+03	0.0000E+00	0.0000E+00	1.6683E+00
3.4600E+03	0.0000E+00	0.0000E+00	1.6691E+00
3.4610E+03	0.0000E+00	0.0000E+00	1.6702E+00
3.4620E+03	0.0000E+00	0.0000E+00	1.6707E+00
3.4630E+03	0.0000E+00	0.0000E+00	1.6688E+00
3.4640E+03	0.0000E+00	0.0000E+00	1.6719E+00
3.4650E+03	0.0000E+00	0.0000E+00	1.6754E+00
3.4660E+03	0.0000E+00	0.0000E+00	1.6767E+00
3.4670E+03	0.0000E+00	0.0000E+00	1.6769E+00
3.4680E+03	0.0000E+00	0.0000E+00	1.6777E+00
3.4690E+03	0.0000E+00	0.0000E+00	1.6761E+00
3.4700E+03	0.0000E+00	0.0000E+00	1.6757E+00
3.4710E+03	0.0000E+00	0.0000E+00	1.6759E+00
3.4720E+03	0.0000E+00	0.0000E+00	1.6773E+00
3.4730E+03	0.0000E+00	0.0000E+00	1.6761E+00
3.4740E+03	0.0000E+00	0.0000E+00	1.6757E+00
3.4750E+03	0.0000E+00	0.0000E+00	1.6724E+00
3.4760E+03	0.0000E+00	0.0000E+00	1.6712E+00
3.4770E+03	0.0000E+00	0.0000E+00	1.6713E+00
3.4780E+03	0.0000E+00	0.0000E+00	1.6668E+00
3.4790E+03	0.0000E+00	0.0000E+00	1.6670E+00
3.4800E+03	0.0000E+00	0.0000E+00	1.6653E+00
3.4810E+03	0.0000E+00	0.0000E+00	1.6646E+00
3.4820E+03	0.0000E+00	0.0000E+00	1.6653E+00
3.4830E+03	0.0000E+00	0.0000E+00	1.6682E+00
3.4840E+03	0.0000E+00	0.0000E+00	1.6674E+00
3.4850E+03	0.0000E+00	0.0000E+00	1.6696E+00
3.4860E+03	0.0000E+00	0.0000E+00	1.6676E+00
3.4870E+03	0.0000E+00	0.0000E+00	1.6685E+00
3.4880E+03	0.0000E+00	0.0000E+00	1.6700E+00
3.4890E+03	0.0000E+00	0.0000E+00	1.6731E+00
3.4900E+03	0.0000E+00	0.0000E+00	1.6756E+00
3.4910E+03	0.0000E+00	0.0000E+00	1.6758E+00
3.4920E+03	0.0000E+00	0.0000E+00	1.6750E+00
3.4930E+03	0.0000E+00	0.0000E+00	1.6750E+00
3.4940E+03	0.0000E+00	0.0000E+00	1.6757E+00
3.4950E+03	0.0000E+00	0.0000E+00	1.6740E+00
3.4960E+03	0.0000E+00	0.0000E+00	1.6741E+00
3.4970E+03	0.0000E+00	0.0000E+00	1.6726E+00
3.4980E+03	0.0000E+00	0.0000E+00	1.6723E+00
3.4990E+03	0.0000E+00	0.0000E+00	1.6682E+00
3.5000E+03	0.0000E+00	0.0000E+00	1.6645E+00
3.5010E+03	0.0000E+00	0.0000E+00	1.6659E+00
3.5020E+03	0.0000E+00	0.0000E+00	1.6647E+00
3.5030E+03	0.0000E+00	0.0000E+00	1.6652E+00
3.5040E+03	0.0000E+00	0.0000E+00	1.6654E+00
3.5050E+03	0.0000E+00	0.0000E+00	1.6648E+00
3.5060E+03	0.0000E+00	0.0000E+00	1.6627E+00
3.5070E+03	0.0000E+00	0.0000E+00	1.6620E+00
3.5080E+03	0.0000E+00	0.0000E+00	1.6628E+00
3.5090E+03	0.0000E+00	0.0000E+00	1.6606E+00
3.5100E+03	0.0000E+00	0.0000E+00	1.6622E+00
3.5110E+03	0.0000E+00	0.0000E+00	1.6621E+00
3.5120E+03	0.0000E+00	0.0000E+00	1.6644E+00
3.5130E+03	0.0000E+00	0.0000E+00	1.6659E+00
3.5140E+03	0.0000E+00	0.0000E+00	1.6688E+00
3.5150E+03	0.0000E+00	0.0000E+00	1.6714E+00
3.5160E+03	0.0000E+00	0.0000E+00	1.6715E+00
3.5170E+03	0.0000E+00	0.0000E+00	1.6699E+00
3.5180E+03	0.0000E+00	0.0000E+00	1.6704E+00
3.5190E+03	0.0000E+00	0.0000E+00	1.6716E+00
3.5200E+03	0.0000E+00	0.0000E+00	1.6700E+00
3.5210E+03	0.0000E+00	0.0000E+00	1.6698E+00
3.5220E+03	0.0000E+00	0.0000E+00	1.6694E+00
3.5230E+03	0.0000E+00	0.0000E+00	1.6669E+00
3.5240E+03	0.0000E+00	0.0000E+00	1.6620E+00
3.5250E+03	0.0000E+00	0.0000E+00	1.6590E+00
3.5260E+03	0.0000E+00	0.0000E+00	1.6580E+00
3.5270E+03	0.0000E+00	0.0000E+00	1.6584E+00
3.5280E+03	0.0000E+00	0.0000E+00	1.6568E+00
3.5290E+03	0.0000E+00	0.0000E+00	1.6570E+00
3.5300E+03	0.0000E+00	0.0000E+00	1.6545E+00
3.5310E+03	0.0000E+00	0.0000E+00	1.6539E+00
3.5320E+03	0.0000E+00	0.0000E+00	1.6545E+00
3.5330E+03	0.0000E+00	0.0000E+00	1.6547E+00
3.5340E+03	0.0000E+00	0.0000E+00	1.6532E+00
3.5350E+03	0.0000E+00	0.0000E+00	1.6528E+00
3.5360E+03	0.0000E+00	0.0000E+00	1.6557E+00
3.5370E+03	0.0000E+00	0.0000E+00	1.6607E+00
3.5380E+03	0.0000E+00	0.0000E+00	1.6630E+00
3.5390E+03	0.0000E+00	0.0000E+00	1.6639E+00
3.5400E+03	0.0000E+00	0.0000E+00	1.6648E+00
3.5410E+03	0.0000E+00	0.0000E+00	1.6646E+00
3.5420E+03	0.0000E+00	0.0000E+00	1.6641E+00
3.5430E+03	0.0000E+00	0.0000E+00	1.6639E+00
3.5440E+03	0.0000E+00	0.0000E+00	1.6667E+00
3.5450E+03	0.0000E+00	0.0000E+00	1.6664E+00
3.5460E+03	0.0000E+00	0.0000E+00	1.6613E+00
3.5470E+03	0.0000E+00	0.0000E+00	1.6578E+00
3.5480E+03	0.0000E+00	0.0000E+00	1.6530E+00
3.5490E+03	0.0000E+00	0.0000E+00	1.6528E+00
3.5500E+03	0.0000E+00	0.0000E+00	1.6508E+00
3.5510E+03	0.0000E+00	0.0000E+00	1.6495E+00
3.5520E+03	0.0000E+00	0.0000E+00	1.6482E+00
3.5530E+03	0.0000E+00	0.0000E+00	1.6485E+00
3.5540E+03	0.0000E+00	0.0000E+00	1.6485E+00
3.5550E+03	0.0000E+00	0.0000E+00	1.6459E+00
3.5560E+03	0.0000E+00	0.0000E+00	1.6451E+00
3.5570E+03	0.0000E+00	0.0000E+00	1.6475E+00
3.5580E+03	0.0000E+00	0.0000E+00	1.6485E+00
3.5590E+03	0.0000E+00	0.0000E+00	1.6479E+00
3.5600E+03	0.0000E+00	0.0000E+00	1.6500E+00
3.5610E+03	0.0000E+00	0.0000E+00	1.6550E+00
3.5620E+03	0.0000E+00	0.0000E+00	1.6580E+00
3.5630E+03	0.0000E+00	0.0000E+00	1.6576E+00
3.5640E+03	0.0000E+00	0.0000E+00	1.6580E+00
3.5650E+03	0.0000E+00	0.0000E+00	1.6577E+00
3.5660E+03	0.0000E+00	0.0000E+00	1.6583E+00
3.5670E+03	0.0000E+00	0.0000E+00	1.6590E+00
3.5680E+03	0.0000E+00	0.0000E+00	1.6583E+00
3.5690E+03	0.0000E+00	0.0000E+00	1.6593E+00
3.5700E+03	0.0000E+00	0.0000E+00	1.6606E+00
3.5710E+03	0.0000E+00	0.0000E+00	1.6572E+00
3.5720E+03	0.0000E+00	0.0000E+00	1.6550E+00
3.5730E+03	0.0000E+00	0.0000E+00	1.6510E+00
3.5740E+03	0.0000E+00	0.0000E+00	1.6486E+00
3.5750E+03	0.0000E+00	0.0000E+00	1.6467E+00
3.5760E+03	0.0000E+00	0.0000E+00	1.6466E+00
3.5770E+03	0.0000E+00	0.0000E+00	1.6484E+00
3.5780E+03	0.0000E+00	0.0000E+00	1.6476E+00
3.5790E+03	0.0000E+00	0.0000E+00	1.6471E+00
3.5800E+03	0.0000E+00	0.0000E+00	1.6482E+00
3.5810E+03	0.0000E+00	0.0000E+00	1.6479E+00
3.5820E+03	0.0000E+00	0.0000E+00	1.6480E+00
3.5830E+03	0.0000E+00	0.0000E+00	1.6497E+00
3.5840E+03	0.0000E+00	0.0000E+00	1.6503E+00
3.5850E+03	0.0000E+00	0.0000E+00	1.6538E+00
3.5860E+03	0.0000E+00	0.0000E+00	1.6546E+00
3.5870E+03	0.0000E+00	0.0000E+00	1.6551E+00
3.5880E+03	0.0000E+00	0.0000E+00	1.6561E+00
3.5890E+03	0.0000E+00	0.0000E+00	1.6569E+00
3.5900E+03	0.0000E+00	0.0000E+00	1.6571E+00
3.5910E+03	0.0000E+00	0.0000E+00	1.6583E+00
3.5920E+03	0.0000E+00	0.0000E+00	1.6575E+00
3.5930E+03	0.0000E+00	0.0000E+00	1.6585E+00
3.5940E+03	0.0000E+00	0.0000E+00	1.6550E+00
3.5950E+03	0.0000E+00	0.0000E+00	1.6518E+00
3.5960E+03	0.0000E+00	0.0000E+00	1.6488E+00
3.5970E+03	0.0000E+00	0.0000E+00	1.6476E+00
3.5980E+03	0.0000E+00	0.0000E+00	1.6463E+00
3.5990E+03	0.0000E+00	0.0000E+00	1.6474E+00
3.6000E+03	0.0000E+00	0.0000E+00	1.6483E+00
3.6010E+03	0.0000E+00	0.0000E+00	1.6501E+00
3.6020E+03	0.0000E+00	0.0000E+00	1.6480E+00
3.6030E+03	0.0000E+00	0.0000E+00	1.6501E+00
3.6040E+03	0.0000E+00	0.0000E+00	1.6487E+00
3.6050E+03	0.0000E+00	0.0000E+00	1.6497E+00
3.6060E+03	0.0000E+00	0.0000E+00	1.6495E+00
3.6070E+03	0.0000E+00	0.0000E+00	1.6513E+00
3.6080E+03	0.0000E+00	0.0000E+00	1.6517E+00
3.6090E+03	0.0000E+00	0.0000E+00	1.6523E+00
3.6100E+03	0.0000E+00	0.0000E+00	1.6520E+00
3.6110E+03	0.0000E+00	0.0000E+00	1.6531E+00
3.6120E+03	0.0000E+00	0.0000E+00	1.6537E+00
3.6130E+03	0.0000E+00	0.0000E+00	1.6548E+00
3.6140E+03	0.0000E+00	0.0000E+00	1.6544E+00
3.6150E+03	0.0000E+00	0.0000E+00	1.6531E+00
3.6160E+03	0.0000E+00	0.0000E+00	1.6543E+00
3.6170E+03	0.0000E+00	0.0000E+00	1.6567E+00
3.6180E+03	0.0000E+00	0.0000E+00	1.6565E+00
3.6190E+03	0.0000E+00	0.0000E+00	1.6548E+00
3.6200E+03	0.0000E+00	0.0000E+00	1.6514E+00
3.6210E+03	0.0000E+00	0.0000E+00	1.6485E+00
3.6220E+03	0.0000E+00	0.0000E+00	1.6469E+00
3.6230E+03	0.0000E+00	0.0000E+00	1.6451E+00
3.6240E+03	0.0000E+00	0.0000E+00	1.6448E+00
3.6250E+03	0.0000E+00	0.0000E+00	1.6445E+00
3.6260E+03	0.0000E+00	0.0000E+00	1.6444E+00
3.6270E+03	0.0000E+00	0.0000E+00	1.6442E+00
3.6280E+03	0.0000E+00	0.0000E+00	1.6449E+00
3.6290E+03	0.0000E+00	0.0000E+00	1.6438E+00
3.6300E+03	0.0000E+00	0.0000E+00	1.6447E+00
3.6310E+03	0.0000E+00	0.0000E+00	1.6470E+00
3.6320E+03	0.0000E+00	0.0000E+00	1.6482E+00
3.6330E+03	0.0000E+00	0.0000E+00	1.6477E+00
3.6340E+03	0.0000E+00	0.0000E+00	1.6507E+00
3.6350E+03	0.0000E+00	0.0000E+00	1.6557E+00
3.6360E+03	0.0000E+00	0.0000E+00	1.6584E+00
3.6370E+03	0.0000E+00	0.0000E+00	1.6587E+00
3.6380E+03	0.0000E+00	0.0000E+00	1.6598E+00
3.6390E+03	0.0000E+00	0.0000E+00	1.6615E+00
3.6400E+03	0.0000E+00	0.0000E+00	1.6623E+00
3.6410E+03	0.0000E+00	0.0000E+00	1.6636E+00
3.6420E+03	0.0000E+00	0.0000E+00	1.6616E+00
3.6430E+03	0.0000E+00	0.0000E+00	1.6609E+00
3.6440E+03	0.0000E+00	0.0000E+00	1.6611E+00
3.6450E+03	0.0000E+00	0.0000E+00	1.6654E+00
3.6460E+03	0.0000E+00	0.0000E+00	1.6671E+00
3.6470E+03	0.0000E+00	0.0000E+00	1.6675E+00
3.6480E+03	0.0000E+00	0.0000E+00	1.6652E+00
3.6490E+03	0.0000E+00	0.0000E+00	1.6634E+00
3.6500E+03	0.0000E+00	0.0000E+00	1.6636E+00
3.6510E+03	0.0000E+00	0.0000E+00	1.6640E+00
3.6520E+03	0.0000E+00	0.0000E+00	1.6625E+00
3.6530E+03	0.0000E+00	0.0000E+00	1.6604E+00
3.6540E+03	0.0000E+00	0.0000E+00	1.6615E+00
3.6550E+03	0.0000E+00	0.0000E+00	1.6609E+00
3.6560E+03	0.0000E+00	0.0000E+00	1.6608E+00
3.6570E+03	0.0000E+00	0.0000E+00	1.6610E+00
3.6580E+03	0.0000E+00	0.0000E+00	1.6618E+00
3.6590E+03	0.0000E+00	0.0000E+00	1.6616E+00
3.6600E+03	0.0000E+00	0.0000E+00	1.6605E+00
3.6610E+03	0.0000E+00	0.0000E+00	1.6592E+00
3.6620E+03	0.0000E+00	0.0000E+00	1.6591E+00
3.6630E+03	0.0000E+00	0.0000E+00	1.6598E+00
3.6640E+03	0.0000E+00	0.0000E+00	1.6585E+00
3.6650E+03	0.0000E+00	0.0000E+00	1.6579E+00
3.6660E+03	0.0000E+00	0.0000E+00	1.6549E+00
3.6670E+03	0.0000E+00	0.0000E+00	1.6514E+00
3.6680E+03	0.0000E+00	0.0000E+00	1.6478E+00
3.6690E+03	0.0000E+00	0.0000E+00	1.6445E+00
3.6700E+03	0.0000E+00	0.0000E+00	1.6459E+00
3.6710E+03	0.0000E+00	0.0000E+00	1.6474E+00
3.6720E+03	0.0000E+00	0.0000E+00	1.6476E+00
3.6730E+03	0.0000E+00	0.0000E+00	1.6474E+00
3.6740E+03	0.0000E+00	0.0000E+00	1.6449E+00
3.6750E+03	0.0000E+00	0.0000E+00	1.6443E+00
3.6760E+03	0.0000E+00	0.0000E+00	1.6454E+00
3.6770E+03	0.0000E+00	0.0000E+00	1.6441E+00
3.6780E+03	0.0000E+00	0.0000E+00	1.6457E+00
3.6790E+03	0.0000E+00	0.0000E+00	1.6446E+00
3.6800E+03	0.0000E+00	0.0000E+00	1.6462E+00
3.6810E+03	0.0000E+00	0.0000E+00	1.6487E+00
3.6820E+03	0.0000E+00	0.0000E+00	1.6497E+00
3.6830E+03	0.0000E+00	0.0000E+00	1.6529E+00
3.6840E+03	0.0000E+00	0.0000E+00	1.6536E+00
3.6850E+03	0.0000E+00	0.0000E+00	1.6537E+00
3.6860E+03	0.0000E+00	0.0000E+00	1.6538E+00
3.6870E+03	0.0000E+00	0.0000E+00	1.6527E+00
3.6880E+03	0.0000E+00	0.0000E+00	1.6528E+00
3.6890E+03	0.0000E+00	0.0000E+00	1.6518E+00
3.6900E+03	0.0000E+00	0.0000E+00	1.6529E+00
3.6910E+03	0.0000E+00	0.0000E+00	1.6494E+00
3.6920E+03	0.0000E+00	0.0000E+00	1.6465E+00
3.6930E+03	0.0000E+00	0.0000E+00	1.6452E+00
3.6940E+03	0.0000E+00	0.0000E+00	1.6444E+00
3.6950E+03	0.0000E+00	0.0000E+00	1.6473E+00
3.6960E+03	0.0000E+00	0.0000E+00	1.6453E+00
3.6970E+03	0.0000E+00	0.0000E+00	1.6442E+00
3.6980E+03	0.0000E+00	0.0000E+00	1.6441E+00
3.6990E+03	0.0000E+00	0.0000E+00	1.6435E+00
3.7000E+03	0.0000E+00	0.0000E+00	1.6429E+00
3.7010E+03	0.0000E+00	0.0000E+00	1.6430E+00
3.7020E+03	0.0000E+00	0.0000E+00	1.6415E+00
3.7030E+03	0.0000E+00	0.0000E+00	1.6407E+00
3.7040E+03	0.0000E+00	0.0000E+00	1.6436E+00
3.7050E+03	0.0000E+00	0.0000E+00	1.6459E+00
3.7060E+03	0.0000E+00	0.0000E+00	1.6486E+00
3.7070E+03	0.0000E+00	0.0000E+00	1.6493E+00
3.7080E+03	0.0000E+00	0.0000E+00	1.6494E+00
3.7090E+03	0.0000E+00	0.0000E+00	1.6510E+00
3.7100E+03	0.0000E+00	0.0000E+00	1.6493E+00
3.7110E+03	0.0000E+00	0.0000E+00	1.6494E+00
3.7120E+03	0.0000E+00	0.0000E+00	1.6485E+00
3.7130E+03	0.0000E+00	0.0000E+00	1.6486E+00
3.7140E+03	0.0000E+00	0.0000E+00	1.6486E+00
3.7150E+03	0.0000E+00	0.0000E+00	1.6463E+00
3.7160E+03	0.0000E+00	0.0000E+00	1.6429E+00
3.7170E+03	0.0000E+00	0.0000E+00	1.6386E+00
3.7180E+03	0.0000E+00	0.0000E+00	1.6376E+00
3.7190E+03	0.0000E+00	0.0000E+00	1.6350E+00
3.7200E+03	0.0000E+00	0.0000E+00	1.6347E+00
3.7210E+03	0.0000E+00	0.0000E+00	1.6369E+00
3.7220E+03	0.0000E+00	0.0000E+00	1.6377E+00
3.7230E+03	0.0000E+00	0.0000E+00	1.6362E+00
3.7240E+03	0.0000E+00	0.0000E+00	1.6354E+00
3.7250E+03	0.0000E+00	0.0000E+00	1.6350E+00
3.7260E+03	0.0000E+00	0.0000E+00	1.6336E+00
3.7270E+03	0.0000E+00	0.0000E+00	1.6322E+00
3.7280E+03	0.0000E+00	0.0000E+00	1.6361E+00
3.7290E+03	0.0000E+00	0.0000E+00	1.6383E+00
3.7300E+03	0.0000E+00	0.0000E+00	1.6401E+00
3.7310E+03	0.0000E+00	0.0000E+00	1.6416E+00
3.7320E+03	0.0000E+00	0.0000E+00	1.6423E+00
3.7330E+03	0.0000E+00	0.0000E+00	1.6437E+00
3.7340E+03	0.0000E+00	0.0000E+00	1.6436E+00
3.7350E+03	0.0000E+00	0.0000E+00	1.6433E+00
3.7360E+03	0.0000E+00	0.0000E+00	1.6437E+00
3.7370E+03	0.0000E+00	0.0000E+00	1.6442E+00
3.7380E+03	0.0000E+00	0.0000E+00	1.6425E+00
3.7390E+03	0.0000E+00	0.0000E+00	1.6409E+00
3.7400E+03	0.0000E+00	0.0000E+00	1.6394E+00
3.7410E+03	0.0000E+00	0.0000E+00	1.6348E+00
3.7420E+03	0.0000E+00	0.0000E+00	1.6319E+00
3.7430E+03	0.0000E+00	0.0000E+00	1.6308E+00
3.7440E+03	0.0000E+00	0.0000E+00	1.6283E+00
3.7450E+03	0.0000E+00	0.0000E+00	1.6297E+00
3.7460E+03	0.0000E+00	0.0000E+00	1.6303E+00
3.7470E+03	0.0000E+00	0.0000E+00	1.6281E+00
3.7480E+03	0.0000E+00	0.0000E+00	1.6277E+00
3.7490E+03	0.0000E+00	0.0000E+00	1.6275E+00
3.7500E+03	0.0000E+00	0.0000E+00	1.6255E+00
3.7510E+03	0.0000E+00	0.0000E+00	1.6271E+00
3.7520E+03	0.0000E+00	0.0000E+00	1.6312E+00
3.7530E+03	0.0000E+00	0.0000E+00	1.6336E+00
3.7540E+03	0.0000E+00	0.0000E+00	1.6379E+00
3.7550E+03	0.0000E+00	0.0000E+00	1.6379E+00
3.7560E+03	0.0000E+00	0.0000E+00	1.6388E+00
3.7570E+03	0.0000E+00	0.0000E+00	1.6379E+00
3.7580E+03	0.0000E+00	0.0000E+00	1.6373E+00
3.7590E+03	0.0000E+00	0.0000E+00	1.6378E+00
3.7600E+03	0.0000E+00	0.0000E+00	1.6381E+00
3.7610E+03	0.0000E+00	0.0000E+00	1.6395E+00
3.7620E+03	0.0000E+00	0.0000E+00	1.6370E+00
3.7630E+03	0.0000E+00	0.0000E+00	1.6351E+00
3.7640E+03	0.0000E+00	0.0000E+00	1.6314E+00
3.7650E+03	0.0000E+00	0.0000E+00	1.6280E+00
3.7660E+03	0.0000E+00	0.0000E+00	1.6271E+00
3.7670E+03	0.0000E+00	0.0000E+00	1.6303E+00
3.7680E+03	0.0000E+00	0.0000E+00	1.6314E+00
3.7690E+03	0.0000E+00	0.0000E+00	1.6299E+00
3.7700E+03	0.0000E+00	0.0000E+00	1.6298E+00
3.7710E+03	0.0000E+00	0.0000E+00	1.6291E+00
3.7720E+03	0.0000E+00	0.0000E+00	1.6273E+00
3.7730E+03	0.0000E+00	0.0000E+00	1.6280E+00
3.7740E+03	0.0000E+00	0.0000E+00	1.6269E+00
3.7750E+03	0.0000E+00	0.0000E+00	1.6277E+00
3.7760E+03	0.0000E+00	0.0000E+00	1.6290E+00
3.7770E+03	0.0000E+00	0.0000E+00	1.6319E+00
3.7780E+03	0.0000E+00	0.0000E+00	1.6354E+00
3.7790E+03	0.0000E+00	0.0000E+00	1.6366E+00
3.7800E+03	0.0000E+00	0.0000E+00	1.6388E+00
3.7810E+03	0.0000E+00	0.0000E+00	1.6383E+00
3.7820E+03	0.0000E+00	0.0000E+00	1.6397E+00
3.7830E+03	0.0000E+00	0.0000E+00	1.6400E+00
3.7840E+03	0.0000E+00	0.0000E+00	1.6396E+00
3.7850E+03	0.0000E+00	0.0000E+00	1.6389E+00
3.7860E+03	0.0000E+00	0.0000E+00	1.6363E+00
3.7870E+03	0.0000E+00	0.0000E+00	1.6330E+00
3.7880E+03	0.0000E+00	0.0000E+00	1.6303E+00
3.7890E+03	0.0000E+00	0.0000E+00	1.6293E+00
3.7900E+03	0.0000E+00	0.0000E+00	1.6303E+00
3.7910E+03	0.0000E+00	0.0000E+00	1.6324E+00
3.7920E+03	0.0000E+00	0.0000E+00	1.6300E+00
3.7930E+03	0.0000E+00	0.0000E+00	1.6280E+00
3.7940E+03	0.0000E+00	0.0000E+00	1.6278E+00
3.7950E+03	0.0000E+00	0.0000E+00	1.6284E+00
3.7960E+03	0.0000E+00	0.0000E+00	1.6263E+00
3.7970E+03	0.0000E+00	0.0000E+00	1.6266E+00
3.7980E+03	0.0000E+00	0.0000E+00	1.6271E+00
3.7990E+03	0.0000E+00	0.0000E+00	1.6259E+00
3.8000E+03	0.0000E+00	0.0000E+00	1.6276E+00
3.8010E+03	0.0000E+00	0.0000E+00	1.6306E+00
3.8020E+03	0.0000E+00	0.0000E+00	1.6339E+00
3.8030E+03	0.0000E+00	0.0000E+00	1.6337E+00
3.8040E+03	0.0000E+00	0.0000E+00	1.6350E+00
3.8050E+03	0.0000E+00	0.0000E+00	1.6351E+00
3.8060E+03	0.0000E+00	0.0000E+00	1.6357E+00
3.8070E+03	0.0000E+00	0.0000E+00	1.6387E+00
3.8080E+03	0.0000E+00	0.0000E+00	1.6385E+00
3.8090E+03	0.0000E+00	0.0000E+00	1.6353E+00
3.8100E+03	0.0000E+00	0.0000E+00	1.6349E+00
3.8110E+03	0.0000E+00	0.0000E+00	1.6320E+00
3.8120E+03	0.0000E+00	0.0000E+00	1.6265E+00
3.8130E+03	0.0000E+00	0.0000E+00	1.6234E+00
3.8140E+03	0.0000E+00	0.0000E+00	1.6260E+00
3.8150E+03	0.0000E+00	0.0000E+00	1.6217E+00
3.8160E+03	0.0000E+00	0.0000E+00	1.6244E+00
3.8170E+03	0.0000E+00	0.0000E+00	1.6247E+00
3.8180E+03	0.0000E+00	0.0000E+00	1.6240E+00
3.8190E+03	0.0000E+00	0.0000E+00	1.6227E+00
3.8200E+03	0.0000E+00	0.0000E+00	1.6215E+00
3.8210E+03	0.0000E+00	0.0000E+00	1.6209E+00
3.8220E+03	0.0000E+00	0.0000E+00	1.6218E+00
3.8230E+03	0.0000E+00	0.0000E+00	1.6209E+00
3.8240E+03	0.0000E+00	0.0000E+00	1.6238E+00
3.8250E+03	0.0000E+00	0.0000E+00	1.6287E+00
3.8260E+03	0.0000E+00	0.0000E+00	1.6293E+00
3.8270E+03	0.0000E+00	0.0000E+00	1.6308E+00
3.8280E+03	0.0000E+00	0.0000E+00	1.6330E+00
3.8290E+03	0.0000E+00	0.0000E+00	1.6325E+00
3.8300E+03	0.0000E+00	0.0000E+00	1.6335E+00
3.8310E+03	0.0000E+00	0.0000E+00	1.6339E+00
3.8320E+03	0.0000E+00	0.0000E+00	1.6358E+00
3.8330E+03	0.0000E+00	0.0000E+00	1.6338E+00
3.8340E+03	0.0000E+00	0.0000E+00	1.6323E+00
3.8350E+03	0.0000E+00	0.0000E+00	1.6301E+00
3.8360E+03	0.0000E+00	0.0000E+00	1.6278E+00
3.8370E+03	0.0000E+00	0.0000E+00	1.6251E+00
3.8380E+03	0.0000E+00	0.0000E+00	1.6286E+00
3.8390E+03	0.0000E+00	0.0000E+00	1.6281E+00
3.8400E+03	0.0000E+00	0.0000E+00	1.6274E+00
3.8410E+03	0.0000E+00	0.0000E+00	1.6255E+00
3.8420E+03	0.0000E+00	0.0000E+00	1.6249E+00
3.8430E+03	0.0000E+00	0.0000E+00	1.6230E+00
3.8440E+03	0.0000E+00	0.0000E+00	1.6228E+00
3.8450E+03	0.0000E+00	0.0000E+00	1.6221E+00
3.8460E+03	0.0000E+00	0.0000E+00	1.6230E+00
3.8470E+03	0.0000E+00	0.0000E+00	1.6225E+00
3.8480E+03	0.0000E+00	0.0000E+00	1.6240E+00
3.8490E+03	0.0000E+00	0.0000E+00	1.6280E+00
3.8500E+03	0.0000E+00	0.0000E+00	1.6280E+00
3.8510E+03	0.0000E+00	0.0000E+00	1.6303E+00
3.8520E+03	0.0000E+00	0.0000E+00	1.6323E+00
3.8530E+03	0.0000E+00	0.0000E+00	1.6316E+00
3.8540E+03	0.0000E+00	0.0000E+00	1.6319E+00
3.8550E+03	0.0000E+00	0.0000E+00	1.6319E+00
3.8560E+03	0.0000E+00	0.0000E+00	1.6320E+00
3.8570E+03	0.0000E+00	0.0000E+00	1.6323E+00
3.8580E+03	0.0000E+00	0.0000E+00	1.6314E+00
3.8590E+03	0.0000E+00	0.0000E+00	1.6300E+00
3.8600E+03	0.0000E+00	0.0000E+00	1.6260E+00
3.8610E+03	0.0000E+00	0.0000E+00	1.6217E+00
3.8620E+03	0.0000E+00	0.0000E+00	1.6223E+00
3.8630E+03	0.0000E+00	0.0000E+00	1.6254E+00
3.8640E+03	0.0000E+00	0.0000E+00	1.6263E+00
3.8650E+03	0.0000E+00	0.0000E+00	1.6246E+00
3.8660E+03	0.0000E+00	0.0000E+00	1.6247E+00
3.8670E+03	0.0000E+00	0.0000E+00	1.6237E+00
3.8680E+03	0.0000E+00	0.0000E+00	1.6233E+00
3.8690E+03	0.0000E+00	0.0000E+00	1.6227E+00
3.8700E+03	0.0000E+00	0.0000E+00	1.6228E+00
3.8710E+03	0.0000E+00	0.0000E+00	1.6217E+00
3.8720E+03	0.0000E+00	0.0000E+00	1.6238E+00
3.8730E+03	0.0000E+00	0.0000E+00	1.6249E+00
3.8740E+03	0.0000E+00	0.0000E+00	1.6271E+00
3.8750E+03	0.0000E+00	0.0000E+00	1.6308E+00
3.8760E+03	0.0000E+00	0.0000E+00	1.6319E+00
3.8770E+03	0.0000E+00	0.0000E+00	1.6324E+00
3.8780E+03	0.0000E+00	0.0000E+00	1.6327E+00
3.8790E+03	0.0000E+00	0.0000E+00	1.6324E+00
3.8800E+03	0.0000E+00	0.0000E+00	1.6339E+00
3.8810E+03	0.0000E+00	0.0000E+00	1.6329E+00
3.8820E+03	0.0000E+00	0.0000E+00	1.6318E+00
3.8830E+03	0.0000E+00	0.0000E+00	1.6288E+00
3.8840E+03	0.0000E+00	0.0000E+00	1.6257E+00
3.8850E+03	0.0000E+00	0.0000E+00	1.6250E+00
3.8860E+03	0.0000E+00	0.0000E+00	1.6259E+00
3.8870E+03	0.0000E+00	0.0000E+00	1.6277E+00
3.8880E+03	0.0000E+00	0.0000E+00	1.6293E+00
3.8890E+03	0.0000E+00	0.0000E+00	1.6282E+00
3.8900E+03	0.0000E+00	0.0000E+00	1.6268E+00
3.8910E+03	0.0000E+00	0.0000E+00	1.6252E+00
3.8920E+03	0.0000E+00	0.0000E+00	1.6256E+00
3.8930E+03	0.0000E+00	0.0000E+00	1.6246E+00
3.8940E+03	0.0000E+00	0.0000E+00	1.6239E+00
3.8950E+03	0.0000E+00	0.0000E+00	1.6248E+00
3.8960E+03	0.0000E+00	0.0000E+00	1.6273E+00
3.8970E+03	0.0000E+00	0.0000E+00	1.6286E+00
3.8980E+03	0.0000E+00	0.0000E+00	1.6307E+00
3.8990E+03	0.0000E+00	0.0000E+00	1.6319E+00
3.9000E+03	0.0000E+00	0.0000E+00	1.6336E+00
3.9010E+03	0.0000E+00	0.0000E+00	1.6339E+00
3.9020E+03	0.0000E+00	0.0000E+00	1.6329E+00
3.9030E+03	0.0000E+00	0.0000E+00	1.6316E+00
3.9040E+03	0.0000E+00	0.0000E+00	1.6322E+00
3.9050E+03	0.0000E+00	0.0000E+00	1.6311E+00
3.9060E+03	0.0000E+00	0.0000E+00	1.6315E+00
3.9070E+03	0.0000E+00	0.0000E+00	1.6307E+00
3.9080E+03	0.0000E+00	0.0000E+00	1.6310E+00
3.9090E+03	0.0000E+00	0.0000E+00	1.6252E+00
3.9100E+03	0.0000E+00	0.0000E+00	1.6243E+00
3.9110E+03	0.0000E+00	0.0000E+00	1.6247E+00
3.9120E+03	0.0000E+00	0.0000E+00	1.6266E+00
3.9130E+03	0.0000E+00	0.0000E+00	1.6258E+00
3.9140E+03	0.0000E+00	0.0000E+00	1.6242E+00
3.9150E+03	0.0000E+00	0.0000E+00	1.6208E+00
3.9160E+03	0.0000E+00	0.0000E+00	1.6234E+00
3.9170E+03	0.0000E+00	0.0000E+00	1.6228E+00
3.9180E+03	0.0000E+00	0.0000E+00	1.6226E+00
3.9190E+03	0.0000E+00	0.0000E+00	1.6214E+00
3.9200E+03	0.0000E+00	0.0000E+00	1.6235E+00
3.9210E+03	0.0000E+00	0.0000E+00	1.6251E+00
3.9220E+03	0.0000E+00	0.0000E+00	1.6260E+00
3.9230E+03	0.0000E+00	0.0000E+00	1.6263E+00
3.9240E+03	0.0000E+00	0.0000E+00	1.6296E+00
3.9250E+03	0.0000E+00	0.0000E+00	1.6286E+00
3.9260E+03	0.0000E+00	0.0000E+00	1.6293E+00
3.9270E+03	0.0000E+00	0.0000E+00	1.6275E+00
3.9280E+03	0.0000E+00	0.0000E+00	1.6302E+00
3.9290E+03	0.0000E+00	0.0000E+00	1.6284E+00
3.9300E+03	0.0000E+00	0.0000E+00	1.6270E+00
3.9310E+03	0.0000E+00	0.0000E+00	1.6282E+00
3.9320E+03	0.0000E+00	0.0000E+00	1.6257E+00
3.9330E+03	0.0000E+00	0.0000E+00	1.6210E+00
3.9340E+03	0.0000E+00	0.0000E+00	1.6222E+00
3.9350E+03	0.0000E+00	0.0000E+00	1.6207E+00
3.9360E+03	0.0000E+00	0.0000E+00	1.6212E+00
3.9370E+03	0.0000E+00	0.0000E+00	1.6184E+00
3.9380E+03	0.0000E+00	0.0000E+00	1.6190E+00
3.9390E+03	0.0000E+00	0.0000E+00	1.6184E+00
3.9400E+03	0.0000E+00	0.0000E+00	1.6202E+00
3.9410E+03	0.0000E+00	0.0000E+00	1.6176E+00
3.9420E+03	0.0000E+00	0.0000E+00	1.6165E+00
3.9430E+03	0.0000E+00	0.0000E+00	1.6156E+00
3.9440E+03	0.0000E+00	0.0000E+00	1.6187E+00
3.9450E+03	0.0000E+00	0.0000E+00	1.6221E+00
3.9460E+03	0.0000E+00	0.0000E+00	1.6217E+00
3.9470E+03	0.0000E+00	0.0000E+00	1.6235E+00
3.9480E+03	0.0000E+00	0.0000E+00	1.6246E+00
3.9490E+03	0.0000E+00	0.0000E+00	1.6238E+00
3.9500E+03	0.0000E+00	0.0000E+00	1.6247E+00
3.9510E+03	0.0000E+00	0.0000E+00	1.6259E+00
3.9520E+03	0.0000E+00	0.0000E+00	1.6258E+00
3.9530E+03	0.0000E+00	0.0000E+00	1.6245E+00
3.9540E+03	0.0000E+00	0.0000E+00	1.6234E+00
3.9550E+03	0.0000E+00	0.0000E+00	1.6218E+00
3.9560E+03	0.0000E+00	0.0000E+00	1.6183E+00
3.9570E+03	0.0000E+00	0.0000E+00	1.6187E+00
3.9580E+03	0.0000E+00	0.0000E+00	1.6176E+00
3.9590E+03	0.0000E+00	0.0000E+00	1.6178E+00
3.9600E+03	0.0000E+00	0.0000E+00	1.6167E+00
3.9610E+03	0.0000E+00	0.0000E+00	1.6169E+00
3.9620E+03	0.0000E+00	0.0000E+00	1.6173E+00
3.9630E+03	0.0000E+00	0.0000E+00	1.6158E+00
3.9640E+03	0.0000E+00	0.0000E+00	1.6143E+00
3.9650E+03	0.0000E+00	0.0000E+00	1.6139E+00
3.9660E+03	0.0000E+00	0.0000E+00	1.6135E+00
3.9670E+03	0.0000E+00	0.0000E+00	1.6133E+00
3.9680E+03	0.0000E+00	0.0000E+00	1.6168E+00
3.9690E+03	0.0000E+00	0.0000E+00	1.6201E+00
3.9700E+03	0.0000E+00	0.0000E+00	1.6203E+00
3.9710E+03	0.0000E+00	0.0000E+00	1.6221E+00
3.9720E+03	0.0000E+00	0.0000E+00	1.6244E+00
3.9730E+03	0.0000E+00	0.0000E+00	1.6244E+00
3.9740E+03	0.0000E+00	0.0000E+00	1.6230E+00
3.9750E+03	0.0000E+00	0.0000E+00	1.6245E+00
3.9760E+03	0.0000E+00	0.0000E+00	1.6252E+00
3.9770E+03	0.0000E+00	0.0000E+00	1.6248E+00
3.9780E+03	0.0000E+00	0.0000E+00	1.6226E+00
3.9790E+03	0.0000E+00	0.0000E+00	1.6205E+00
3.9800E+03	0.0000E+00	0.0000E+00	1.6178E+00
3.9810E+03	0.0000E+00	0.0000E+00	1.6165E+00
3.9820E+03	0.0000E+00	0.0000E+00	1.6157E+00
3.9830E+03	0.0000E+00	0.0000E+00	1.6144E+00
3.9840E+03	0.0000E+00	0.0000E+00	1.6133E+00
3.9850E+03	0.0000E+00	0.0000E+00	1.6119E+00
3.9860E+03	0.0000E+00	0.0000E+00	1.6132E+00
3.9870E+03	0.0000E+00	0.0000E+00	1.6128E+00
3.9880E+03	0.0000E+00	0.0000E+00	1.6138E+00
3.9890E+03	0.0000E+00	0.0000E+00	1.6158E+00
3.9900E+03	0.0000E+00	0.0000E+00	1.6153E+00
3.9910E+03	0.0000E+00	0.0000E+00	1.6140E+00
3.9920E+03	0.0000E+00	0.0000E+00	1.6152E+00
3.9930E+03	0.0000E+00	0.0000E+00	1.6152E+00
3.9940E+03	0.0000E+00	0.0000E+00	1.6144E+00
