DateTime,ds,us,dh
12/3/17 12:00,2722.65545,2723.023178,0.367728
12/3/17 13:00,2722.668607,2723.040925,0.372318
12/3/17 14:00,2722.71379,2723.114359,0.400569
12/3/17 15:00,2722.711342,2723.104058,0.392716
12/3/17 16:00,2722.703081,2723.094675,0.391594
12/3/17 17:00,2722.700531,2723.085597,0.385066
12/3/17 18:00,2722.685742,2723.062139,0.376397
12/3/17 19:00,2722.681255,2723.058467,0.377212
12/3/17 20:00,2722.691964,2723.069483,0.377519
12/3/17 21:00,2722.68462,2723.062649,0.378029
12/3/17 22:00,2722.679215,2723.04786,0.368645
12/3/17 23:00,2722.680337,2723.031643,0.351306
12/4/17 0:00,2722.665038,2723.017262,0.352224
12/4/17 1:00,2722.658816,2723.012265,0.353449
12/4/17 2:00,2722.652799,2723.006247,0.353448
12/4/17 3:00,2722.649025,2722.9936,0.344575
12/4/17 4:00,2722.658,2722.9987,0.3407
12/4/17 5:00,2722.657184,2722.999822,0.342638
12/4/17 6:00,2722.659224,2723.00278,0.343556
12/4/17 7:00,2722.668403,2723.005533,0.33713
12/4/17 8:00,2722.673911,2723.003901,0.32999
12/4/17 9:00,2722.658,2722.993498,0.335498
12/4/17 10:00,2722.674523,2722.976874,0.302351
12/4/17 11:00,2722.632502,2722.990337,0.357835
12/4/17 12:00,2722.646883,2723.007471,0.360588
12/4/17 13:00,2722.631686,2722.983503,0.351817
12/4/17 14:00,2722.652697,2723.019302,0.366605
12/4/17 15:00,2722.647087,2723.007063,0.359976
12/4/17 16:00,2722.656572,2723.023484,0.366912
12/4/17 17:00,2722.643415,2722.999924,0.356509
12/4/17 18:00,2722.660958,2722.973508,0.31255
12/4/17 19:00,2722.662896,2722.958413,0.295517
12/4/17 20:00,2722.659836,2722.94903,0.289194
12/4/17 21:00,2722.648107,2722.943624,0.295517
12/4/17 22:00,2722.643823,2722.944848,0.301025
12/4/17 23:00,2722.651881,2722.960963,0.309082
12/5/17 0:00,2722.66667,2722.960147,0.293477
12/5/17 1:00,2722.658816,2722.94699,0.288174
12/5/17 2:00,2722.642905,2722.931997,0.289092
12/5/17 3:00,2722.633114,2722.925469,0.292355
12/5/17 4:00,2722.633318,2722.926081,0.292763
12/5/17 5:00,2722.63036,2722.924348,0.293988
12/5/17 6:00,2722.63138,2722.927815,0.296435
12/5/17 7:00,2722.64056,2722.928631,0.288071
12/5/17 8:00,2722.650453,2722.929345,0.278892
12/5/17 9:00,2722.652697,2722.947704,0.295007
12/5/17 10:00,2722.63954,2722.965552,0.326012
12/5/17 11:00,2722.654023,2722.985135,0.331112
12/5/17 12:00,2722.654941,2722.989521,0.33458
12/5/17 13:00,2722.627403,2722.977791,0.350388
12/5/17 14:00,2722.623935,2722.979117,0.355182
12/5/17 15:00,2722.626281,2722.980851,0.35457
12/5/17 16:00,2722.617815,2722.970346,0.352531
12/5/17 17:00,2722.610064,2722.956985,0.346921
12/5/17 18:00,2722.598233,2722.942094,0.343861
12/5/17 19:00,2722.590583,2722.929141,0.338558
12/5/17 20:00,2722.592215,2722.91986,0.327645
12/5/17 21:00,2722.600987,2722.921492,0.320505
12/5/17 22:00,2722.619447,2722.933935,0.314488
12/5/17 23:00,2722.627199,2722.936077,0.308878
12/6/17 0:00,2722.627505,2722.930671,0.303166
12/6/17 1:00,2722.625057,2722.923124,0.298067
12/6/17 2:00,2722.620875,2722.913536,0.292661
12/6/17 3:00,2722.614246,2722.908437,0.294191
12/6/17 4:00,2722.607616,2722.903745,0.296129
12/6/17 5:00,2722.600579,2722.89834,0.297761
12/6/17 6:00,2722.598233,2722.900787,0.302554
12/6/17 7:00,2722.596703,2722.897728,0.301025
12/6/17 8:00,2722.597417,2722.902113,0.304696
12/6/17 9:00,2722.592419,2722.91833,0.325911
12/6/17 10:00,2722.601599,2722.94342,0.341821
12/6/17 11:00,2722.601599,2722.948622,0.347023
12/6/17 12:00,2722.608126,2722.969122,0.360996
12/6/17 13:00,2722.614042,2722.975752,0.36171
12/6/17 14:00,2722.623833,2722.989623,0.36579
12/6/17 15:00,2722.628423,2722.990846,0.362423
12/6/17 16:00,2722.621589,2722.978811,0.357222
12/6/17 17:00,2722.616795,2722.968714,0.351919
12/6/17 18:00,2722.618325,2722.964838,0.346513
12/6/17 19:00,2722.64056,2722.963309,0.322749
12/6/17 20:00,2722.661672,2722.962391,0.300719
12/6/17 21:00,2722.666568,2722.950356,0.283788
12/6/17 22:00,2722.667996,2722.94036,0.272364
12/6/17 23:00,2722.672687,2722.934037,0.26135
12/7/17 0:00,2722.676155,2722.932201,0.256046
12/7/17 1:00,2722.678195,2722.932099,0.253904
12/7/17 2:00,2722.681866,2722.937097,0.255231
12/7/17 3:00,2722.678705,2722.936077,0.257372
12/7/17 4:00,2722.668098,2722.931487,0.263389
12/7/17 5:00,2722.655858,2722.926387,0.270529
12/7/17 6:00,2722.637092,2722.919758,0.282666
12/7/17 7:00,2722.621079,2722.912822,0.291743
12/7/17 8:00,2722.611084,2722.908131,0.297047
12/7/17 9:00,2722.60884,2722.925265,0.316425
12/7/17 10:00,2722.614144,2722.940666,0.326522
12/7/17 11:00,2722.61139,2722.952089,0.340699
12/7/17 12:00,2722.612308,2722.957801,0.345493
12/7/17 13:00,2722.605474,2722.956169,0.350695
12/7/17 14:00,2722.60374,2722.959739,0.355999
12/7/17 15:00,2722.605678,2722.962289,0.356611
12/7/17 16:00,2722.601803,2722.962595,0.360792
12/7/17 17:00,2722.60374,2722.960963,0.357223
12/7/17 18:00,2722.601395,2722.956577,0.355182
12/7/17 19:00,2722.600885,2722.956679,0.355794
12/7/17 20:00,2722.603434,2722.962595,0.359161
12/7/17 21:00,2722.602007,2722.957597,0.35559
12/7/17 22:00,2722.601701,2722.957597,0.355896
12/7/17 23:00,2722.598335,2722.951885,0.35355
12/8/17 0:00,2722.597825,2722.94954,0.351715
12/8/17 1:00,2722.598233,2722.950866,0.352633
12/8/17 2:00,2722.599763,2722.952293,0.35253
12/8/17 3:00,2722.598437,2722.95107,0.352633
12/8/17 4:00,2722.596193,2722.94903,0.352837
12/8/17 5:00,2722.595173,2722.950968,0.355795
12/8/17 6:00,2722.594765,2722.950866,0.356101
12/8/17 7:00,2722.595071,2722.951171,0.3561
12/8/17 8:00,2722.592623,2722.94852,0.355897
12/8/17 9:00,2722.598845,2722.958923,0.360078
12/8/17 10:00,2722.601905,2722.965858,0.363953
12/8/17 11:00,2722.606494,2722.971978,0.365484
12/8/17 12:00,2722.610472,2722.977587,0.367115
12/8/17 13:00,2722.612818,2722.981157,0.368339
12/8/17 14:00,2722.619549,2722.983911,0.364362
12/8/17 15:00,2722.622711,2722.989215,0.366504
12/8/17 16:00,2722.625363,2722.988501,0.363138
12/8/17 17:00,2722.625465,2722.990235,0.36477
12/8/17 18:00,2722.63087,2722.997578,0.366708
12/8/17 19:00,2722.638316,2723.005839,0.367523
12/8/17 20:00,2722.638418,2723.000536,0.362118
12/8/17 21:00,2722.631482,2722.991764,0.360282
12/8/17 22:00,2722.632298,2722.989929,0.357631
12/8/17 23:00,2722.628423,2722.979933,0.35151
12/9/17 0:00,2722.624853,2722.967796,0.342943
12/9/17 1:00,2722.623425,2722.959433,0.336008
12/9/17 2:00,2722.628015,2722.957495,0.32948
12/9/17 3:00,2722.63087,2722.955659,0.324789
12/9/17 4:00,2722.638724,2722.958923,0.320199
12/9/17 5:00,2722.641987,2722.958617,0.31663
12/9/17 6:00,2722.644435,2722.960147,0.315712
12/9/17 7:00,2722.646985,2722.959331,0.312346
12/9/17 8:00,2722.647393,2722.964023,0.31663
12/9/17 9:00,2722.642191,2722.982381,0.34019
12/9/17 10:00,2722.637806,2723.00176,0.363954
12/9/17 11:00,2722.635766,2723.006451,0.370685
12/9/17 12:00,2722.644741,2723.027666,0.382925
12/9/17 13:00,2722.660142,2723.039905,0.379763
12/9/17 14:00,2722.652085,2723.025932,0.373847
12/9/17 15:00,2722.649025,2723.020526,0.371501
12/9/17 16:00,2722.646883,2723.020526,0.373643
12/9/17 17:00,2722.638928,2723.007369,0.368441
12/9/17 18:00,2722.634746,2723.000128,0.365382
12/9/17 19:00,2722.624241,2722.989929,0.365688
12/9/17 20:00,2722.625975,2722.986053,0.360078
12/9/17 21:00,2722.626077,2722.979219,0.353142
12/9/17 22:00,2722.63036,2722.973814,0.343454
12/9/17 23:00,2722.637602,2722.97004,0.332438
12/10/17 0:00,2722.640662,2722.964328,0.323666
12/10/17 1:00,2722.645455,2722.960147,0.314692
12/10/17 2:00,2722.647903,2722.958413,0.31051
12/10/17 3:00,2722.654227,2722.962901,0.308674
12/10/17 4:00,2722.659734,2722.962391,0.302657
12/10/17 5:00,2722.663508,2722.964532,0.301024
12/10/17 6:00,2722.665242,2722.961983,0.296741
12/10/17 7:00,2722.662896,2722.958617,0.295721
12/10/17 8:00,2722.66055,2722.955353,0.294803
12/10/17 9:00,2722.647087,2722.970346,0.323259
12/10/17 10:00,2722.644231,2723.000026,0.355795
12/10/17 11:00,2722.633624,2723.002984,0.36936
12/10/17 12:00,2722.630972,2722.992682,0.36171
12/10/17 13:00,2722.619549,2722.985441,0.365892
12/10/17 14:00,2722.619957,2722.979729,0.359772
12/10/17 15:00,2722.620365,2722.980137,0.359772
12/10/17 16:00,2722.621691,2722.982177,0.360486
12/10/17 17:00,2722.616897,2722.978607,0.36171
12/10/17 18:00,2722.616387,2722.97667,0.360283
12/10/17 19:00,2722.614348,2722.974732,0.360384
12/10/17 20:00,2722.618325,2722.97055,0.352225
12/10/17 21:00,2722.625057,2722.971366,0.346309
12/10/17 22:00,2722.633216,2722.971978,0.338762
12/10/17 23:00,2722.637908,2722.966164,0.328256
12/11/17 0:00,2722.638826,2722.957495,0.318669
12/11/17 1:00,2722.644333,2722.955149,0.310816
12/11/17 2:00,2722.646781,2722.95056,0.303779
12/11/17 3:00,2722.649841,2722.94852,0.298679
12/11/17 4:00,2722.652799,2722.945358,0.292559
12/11/17 5:00,2722.650963,2722.940258,0.289295
12/11/17 6:00,2722.649841,2722.935771,0.28593
12/11/17 7:00,2722.646475,2722.933323,0.286848
12/11/17 8:00,2722.644027,2722.932099,0.288072
12/11/17 9:00,2722.634848,2722.95005,0.315202
12/11/17 10:00,2722.624037,2722.977689,0.353652
12/11/17 11:00,2722.619141,2722.977791,0.35865
12/11/17 12:00,2722.611798,2722.973916,0.362118
12/11/17 13:00,2722.614348,2722.973406,0.359058
12/11/17 14:00,2722.614858,2722.971876,0.357018
12/11/17 15:00,2722.614246,2722.97514,0.360894
12/11/17 16:00,2722.618121,2722.980851,0.36273
12/11/17 17:00,2722.619855,2722.983299,0.363444
12/11/17 18:00,2722.618325,2722.982279,0.363954
12/11/17 19:00,2722.618427,2722.983605,0.365178
12/11/17 20:00,2722.617917,2722.981055,0.363138
12/11/17 21:00,2722.616897,2722.977995,0.361098
12/11/17 22:00,2722.621385,2722.976874,0.355489
12/11/17 23:00,2722.624751,2722.975956,0.351205
12/12/17 0:00,2722.63189,2722.976772,0.344882
12/12/17 1:00,2722.636072,2722.975344,0.339272
12/12/17 2:00,2722.643211,2722.97463,0.331419
12/12/17 3:00,2722.65749,2722.977893,0.320403
12/12/17 4:00,2722.680133,2722.979321,0.299188
12/12/17 5:00,2722.71532,2722.981565,0.266245
12/12/17 6:00,2722.745612,2722.981259,0.235647
12/12/17 7:00,2722.766418,2722.978505,0.212087
12/12/17 8:00,2722.778555,2722.979015,0.20046
12/12/17 9:00,2722.726131,2722.99156,0.265429
12/12/17 10:00,2722.644333,2722.999108,0.354775
12/12/17 11:00,2722.628525,2723.000026,0.371501
12/12/17 12:00,2722.631584,2723.00176,0.370176
12/12/17 13:00,2722.63342,2722.989929,0.356509
12/12/17 14:00,2722.628932,2722.989521,0.360589
12/12/17 15:00,2722.629748,2722.990337,0.360589
12/12/17 16:00,2722.625975,2722.983605,0.35763
12/12/17 17:00,2722.627403,2722.987991,0.360588
12/12/17 18:00,2722.627505,2722.987787,0.360282
12/12/17 19:00,2722.625975,2722.988297,0.362322
12/12/17 20:00,2722.626587,2722.989011,0.362424
12/12/17 21:00,2722.63087,2722.993294,0.362424
12/12/17 22:00,2722.640662,2722.998394,0.357732
12/12/17 23:00,2722.648719,2722.999108,0.350389
12/13/17 0:00,2722.657694,2722.999924,0.34223
12/13/17 1:00,2722.671871,2723.001454,0.329583
12/13/17 2:00,2722.682682,2723.000536,0.317854
12/13/17 3:00,2722.69176,2723.002474,0.310714
12/13/17 4:00,2722.697471,2723.004309,0.306838
12/13/17 5:00,2722.705937,2723.001556,0.295619
12/13/17 6:00,2722.703489,2722.979423,0.275934
12/13/17 7:00,2722.690842,2722.953619,0.262777
12/13/17 8:00,2722.695533,2722.947602,0.252069
12/13/17 9:00,2722.677379,2722.959433,0.282054
12/13/17 10:00,2722.641682,2722.978199,0.336517
12/13/17 11:00,2722.614144,2722.970652,0.356508
12/13/17 12:00,2722.614552,2722.968,0.353448
12/13/17 13:00,2722.612818,2722.964125,0.351307
12/13/17 14:00,2722.612512,2722.965552,0.35304
12/13/17 15:00,2722.61343,2722.966878,0.353448
12/13/17 16:00,2722.616081,2722.968714,0.352633
12/13/17 17:00,2722.61547,2722.970142,0.354672
12/13/17 18:00,2722.617917,2722.97208,0.354163
12/13/17 19:00,2722.619345,2722.976364,0.357019
12/13/17 20:00,2722.620977,2722.982381,0.361404
12/13/17 21:00,2722.621487,2722.985441,0.363954
12/13/17 22:00,2722.622711,2722.989725,0.367014
12/13/17 23:00,2722.625771,2722.994314,0.368543
12/14/17 0:00,2722.627913,2722.998802,0.370889
12/14/17 1:00,2722.631074,2723.001862,0.370788
12/14/17 2:00,2722.63087,2723.005227,0.374357
12/14/17 3:00,2722.632502,2723.006757,0.374255
12/14/17 4:00,2722.634644,2723.009613,0.374969
12/14/17 5:00,2722.636072,2723.012673,0.376601
12/14/17 6:00,2722.636684,2723.015223,0.378539
12/14/17 7:00,2722.632808,2723.004105,0.371297
12/14/17 8:00,2722.624241,2722.985339,0.361098
12/14/17 9:00,2722.617407,2722.975446,0.358039
12/14/17 10:00,2722.618121,2722.973916,0.355795
12/14/17 11:00,2722.615979,2722.973406,0.357427
12/14/17 12:00,2722.619447,2722.974426,0.354979
12/14/17 13:00,2722.618937,2722.971978,0.353041
12/14/17 14:00,2722.616183,2722.971468,0.355285
12/14/17 15:00,2722.616285,2722.969224,0.352939
12/14/17 16:00,2722.618529,2722.971366,0.352837
12/14/17 17:00,2722.617101,2722.970346,0.353245
12/14/17 18:00,2722.623833,2722.966266,0.342433
12/14/17 19:00,2722.661978,2722.974528,0.31255
12/14/17 20:00,2722.686762,2722.975956,0.289194
12/14/17 21:00,2722.706957,2722.977282,0.270325
12/14/17 22:00,2722.727967,2722.977587,0.24962
12/14/17 23:00,2722.741328,2722.97565,0.234322
12/15/17 0:00,2722.747549,2722.96902,0.221471
12/15/17 1:00,2722.749895,2722.963513,0.213618
12/15/17 2:00,2722.753261,2722.958413,0.205152
12/15/17 3:00,2722.748875,2722.954027,0.205152
12/15/17 4:00,2722.739594,2722.95056,0.210966
12/15/17 5:00,2722.738268,2722.960963,0.222695
12/15/17 6:00,2722.729803,2722.955251,0.225448
12/15/17 7:00,2722.720726,2722.953823,0.233097
12/15/17 8:00,2722.715728,2722.962799,0.247071
12/15/17 9:00,2722.71022,2722.998496,0.288276
12/15/17 10:00,2722.676563,2723.031337,0.354774
12/15/17 11:00,2722.648209,2723.026544,0.378335
12/15/17 12:00,2722.643211,2723.023178,0.379967
12/15/17 13:00,2722.632808,2723.014203,0.381395
12/15/17 14:00,2722.628627,2723.009511,0.380884
12/15/17 15:00,2722.626893,2723.007573,0.38068
12/15/17 16:00,2722.627607,2723.006553,0.378946
12/15/17 17:00,2722.626077,2723.006859,0.380782
12/15/17 18:00,2722.623935,2723.005635,0.3817
12/15/17 19:00,2722.626485,2723.008491,0.382006
12/15/17 20:00,2722.627811,2723.005329,0.377518
12/15/17 21:00,2722.630054,2723.005941,0.375887
12/15/17 22:00,2722.636582,2723.004411,0.367829
12/15/17 23:00,2722.641987,2723.002882,0.360895
12/16/17 0:00,2722.647087,2723.002474,0.355387
12/16/17 1:00,2722.649025,2722.994314,0.345289
12/16/17 2:00,2722.648719,2722.982891,0.334172
12/16/17 3:00,2722.648413,2722.971876,0.323463
12/16/17 4:00,2722.647597,2722.96443,0.316833
12/16/17 5:00,2722.651575,2722.963411,0.311836
12/16/17 6:00,2722.653105,2722.968918,0.315813
12/16/17 7:00,2722.649841,2722.961371,0.31153
12/16/17 8:00,2722.645863,2722.963411,0.317548
12/16/17 9:00,2722.631788,2722.96749,0.335702
12/16/17 10:00,2722.621793,2722.979627,0.357834
12/16/17 11:00,2722.611186,2722.977485,0.366299
12/16/17 12:00,2722.609146,2722.97412,0.364974
12/16/17 13:00,2722.612614,2722.976364,0.36375
12/16/17 14:00,2722.610778,2722.978199,0.367421
12/16/17 15:00,2722.612716,2722.981973,0.369257
12/16/17 16:00,2722.619447,2722.992376,0.372929
12/16/17 17:00,2722.619345,2722.993906,0.374561
12/16/17 18:00,2722.617305,2722.99615,0.378845
12/16/17 19:00,2722.618121,2722.999108,0.380987
12/16/17 20:00,2722.619651,2723.002372,0.382721
12/16/17 21:00,2722.622915,2723.006145,0.38323
12/16/17 22:00,2722.623221,2723.007573,0.384352
12/16/17 23:00,2722.623731,2723.008593,0.384862
12/17/17 0:00,2722.622609,2723.009205,0.386596
12/17/17 1:00,2722.625873,2723.012061,0.386188
12/17/17 2:00,2722.625363,2723.012265,0.386902
12/17/17 3:00,2722.623017,2723.009817,0.3868
12/17/17 4:00,2722.624241,2723.001964,0.377723
12/17/17 5:00,2722.630258,2722.989827,0.359569
12/17/17 6:00,2722.635562,2722.980545,0.344983
12/17/17 7:00,2722.642395,2722.97361,0.331215
12/17/17 8:00,2722.648617,2722.968204,0.319587
12/17/17 9:00,2722.642599,2722.980239,0.33764
12/17/17 10:00,2722.621997,2723.007981,0.385984
12/17/17 11:00,2722.625159,2723.014611,0.389452
12/17/17 12:00,2722.619345,2722.992376,0.373031
12/17/17 13:00,2722.619753,2722.991662,0.371909
12/17/17 14:00,2722.619651,2722.99105,0.371399
12/17/17 15:00,2722.620773,2722.995232,0.374459
12/17/17 16:00,2722.619447,2722.99666,0.377213
12/17/17 17:00,2722.620569,2723.00074,0.380171
12/17/17 18:00,2722.621793,2723.002984,0.381191
12/17/17 19:00,2722.619549,2723.001862,0.382313
12/17/17 20:00,2722.620977,2722.993804,0.372827
12/17/17 21:00,2722.63138,2722.991356,0.359976
12/17/17 22:00,2722.636684,2722.983197,0.346513
12/17/17 23:00,2722.648413,2722.979831,0.331418
12/18/17 0:00,2722.673605,2722.990948,0.317343
12/18/17 1:00,2722.721337,2722.988399,0.267062
12/18/17 2:00,2722.756933,2722.975752,0.218819
12/18/17 3:00,2722.780289,2722.963309,0.18302
12/18/17 4:00,2722.778351,2722.954027,0.175676
12/18/17 5:00,2722.755301,2722.953211,0.19791
12/18/17 6:00,2722.732353,2722.958005,0.225652
12/18/17 7:00,2722.707263,2722.959535,0.252272
12/18/17 8:00,2722.687476,2722.963105,0.275629
12/18/17 9:00,2722.651473,2722.964023,0.31255
12/18/17 10:00,2722.640152,2722.991458,0.351306
12/18/17 11:00,2722.630768,2723.006451,0.375683
12/18/17 12:00,2722.619243,2722.995436,0.376193
12/18/17 13:00,2722.611594,2722.991152,0.379558
12/18/17 14:00,2722.614246,2722.987277,0.373031
12/18/17 15:00,2722.61394,2722.987583,0.373643
12/18/17 16:00,2722.619141,2722.990744,0.371603
12/18/17 17:00,2722.615673,2722.99207,0.376397
12/18/17 18:00,2722.616999,2722.995742,0.378743
12/18/17 19:00,2722.620977,2723.002984,0.382007
12/18/17 20:00,2722.619549,2723.004309,0.38476
12/18/17 21:00,2722.621385,2723.009001,0.387616
12/18/17 22:00,2722.622303,2723.010327,0.388024
12/18/17 23:00,2722.623935,2723.007879,0.383944
12/19/17 0:00,2722.624241,2723.002474,0.378233
12/19/17 1:00,2722.626281,2722.997476,0.371195
12/19/17 2:00,2722.630768,2722.996558,0.36579
12/19/17 3:00,2722.633522,2722.988705,0.355183
12/19/17 4:00,2722.63138,2722.975446,0.344066
12/19/17 5:00,2722.63138,2722.966878,0.335498
12/19/17 6:00,2722.636684,2722.964838,0.328154
12/19/17 7:00,2722.648923,2722.971774,0.322851
12/19/17 8:00,2722.663508,2722.979219,0.315711
12/19/17 9:00,2722.650759,2722.986767,0.336008
12/19/17 10:00,2722.621691,2722.998802,0.377111
12/19/17 11:00,2722.61547,2722.990948,0.375478
12/19/17 12:00,2722.611696,2722.984013,0.372317
12/19/17 13:00,2722.613736,2722.987787,0.374051
12/19/17 14:00,2722.612104,2722.988297,0.376193
12/19/17 15:00,2722.615571,2722.994824,0.379253
12/19/17 16:00,2722.620263,2723.00023,0.379967
12/19/17 17:00,2722.619753,2723.000026,0.380273
12/19/17 18:00,2722.620569,2723.006961,0.386392
12/19/17 19:00,2722.620977,2723.009511,0.388534
12/19/17 20:00,2722.618529,2723.008797,0.390268
12/19/17 21:00,2722.622201,2723.013693,0.391492
12/19/17 22:00,2722.62934,2723.014509,0.385169
12/19/17 23:00,2722.631992,2723.010327,0.378335
12/20/17 0:00,2722.638928,2723.005329,0.366401
12/20/17 1:00,2722.64005,2722.997272,0.357222
12/20/17 2:00,2722.642599,2722.990337,0.347738
12/20/17 3:00,2722.641478,2722.975344,0.333866
12/20/17 4:00,2722.645761,2722.969938,0.324177
12/20/17 5:00,2722.651473,2722.96902,0.317547
12/20/17 6:00,2722.660958,2722.974732,0.313774
12/20/17 7:00,2722.667894,2722.982177,0.314283
12/20/17 8:00,2722.668301,2722.993906,0.325605
12/20/17 9:00,2722.650759,2723.002678,0.351919
12/20/17 10:00,2722.624649,2723.008287,0.383638
12/20/17 11:00,2722.615673,2722.994722,0.379049
12/20/17 12:00,2722.615164,2722.991254,0.37609
12/20/17 13:00,2722.616081,2722.992988,0.376907
12/20/17 14:00,2722.616591,2722.994926,0.378335
12/20/17 15:00,2722.615775,2722.99615,0.380375
12/20/17 16:00,2722.620161,2723.000638,0.380477
12/20/17 17:00,2722.621079,2723.006349,0.38527
12/20/17 18:00,2722.623017,2723.012163,0.389146
12/20/17 19:00,2722.623629,2723.014203,0.390574
12/20/17 20:00,2722.626383,2723.017874,0.391491
12/20/17 21:00,2722.625669,2723.018894,0.393225
12/20/17 22:00,2722.625975,2723.021954,0.395979
12/20/17 23:00,2722.627607,2723.02379,0.396183
12/21/17 0:00,2722.625975,2723.021852,0.395877
12/21/17 1:00,2722.628219,2723.0243,0.396081
12/21/17 2:00,2722.630054,2723.027258,0.397204
12/21/17 3:00,2722.627505,2723.027768,0.400263
12/21/17 4:00,2722.62934,2723.032051,0.402711
12/21/17 5:00,2722.630768,2723.033071,0.402303
12/21/17 6:00,2722.629646,2723.032663,0.403017
12/21/17 7:00,2722.628728,2723.034703,0.405975
12/21/17 8:00,2722.631584,2723.038069,0.406485
12/21/17 9:00,2722.630258,2723.039905,0.409647
12/21/17 10:00,2722.629238,2723.041231,0.411993
12/21/17 11:00,2722.634644,2723.046432,0.411788
12/21/17 12:00,2722.63648,2723.049492,0.413012
12/21/17 13:00,2722.64056,2723.053572,0.413012
12/21/17 14:00,2722.641987,2723.056427,0.41444
12/21/17 15:00,2722.638418,2723.055408,0.41699
12/21/17 16:00,2722.637704,2723.05092,0.413216
12/21/17 17:00,2722.636786,2723.04582,0.409034
12/21/17 18:00,2722.63954,2723.040925,0.401385
12/21/17 19:00,2722.640764,2723.041027,0.400263
12/21/17 20:00,2722.63903,2723.036437,0.397407
12/21/17 21:00,2722.640356,2723.035213,0.394857
12/21/17 22:00,2722.652391,2723.02685,0.374459
12/21/17 23:00,2722.659836,2723.012571,0.352735
12/22/17 0:00,2722.656266,2722.981565,0.325299
12/22/17 1:00,2722.659734,2722.968204,0.30847
12/22/17 2:00,2722.671871,2722.963003,0.291132
12/22/17 3:00,2722.685538,2722.952395,0.266857
12/22/17 4:00,2722.699817,2722.943522,0.243705
12/22/17 5:00,2722.705733,2722.938116,0.232383
12/22/17 6:00,2722.710526,2722.935057,0.224531
12/22/17 7:00,2722.702673,2722.928529,0.225856
12/22/17 8:00,2722.695431,2722.930671,0.23524
12/22/17 9:00,2722.697471,2722.952599,0.255128
12/22/17 10:00,2722.673707,2722.973406,0.299699
12/22/17 11:00,2722.655144,2722.989113,0.333969
12/22/17 12:00,2722.637092,2722.993396,0.356304
12/22/17 13:00,2722.622303,2722.986053,0.36375
12/22/17 14:00,2722.614144,2722.982483,0.368339
12/22/17 15:00,2722.616591,2722.988093,0.371502
12/22/17 16:00,2722.613634,2722.989929,0.376295
12/22/17 17:00,2722.614348,2722.992784,0.378436
12/22/17 18:00,2722.612614,2722.991968,0.379354
12/22/17 19:00,2722.615571,2722.996354,0.380783
12/22/17 20:00,2722.615266,2722.997272,0.382006
12/22/17 21:00,2722.617101,2723.001046,0.383945
12/22/17 22:00,2722.621895,2723.005431,0.383536
12/22/17 23:00,2722.618733,2723.010123,0.39139
12/23/17 0:00,2722.620365,2723.013285,0.39292
12/23/17 1:00,2722.620467,2723.010837,0.39037
12/23/17 2:00,2722.620569,2723.009103,0.388534
12/23/17 3:00,2722.622099,2723.008695,0.386596
12/23/17 4:00,2722.625567,2723.011245,0.385678
12/23/17 5:00,2722.628321,2723.013081,0.38476
12/23/17 6:00,2722.632502,2723.017874,0.385372
12/23/17 7:00,2722.628627,2723.018384,0.389757
12/23/17 8:00,2722.628525,2723.022362,0.393837
12/23/17 9:00,2722.626179,2723.024198,0.398019
12/23/17 10:00,2722.624241,2723.026034,0.401793
12/23/17 11:00,2722.628015,2723.029094,0.401079
12/23/17 12:00,2722.627607,2723.028686,0.401079
12/23/17 13:00,2722.629952,2723.032153,0.402201
12/23/17 14:00,2722.632196,2723.034703,0.402507
12/23/17 15:00,2722.63138,2723.035519,0.404139
12/23/17 16:00,2722.630972,2723.035417,0.404445
12/23/17 17:00,2722.630258,2723.035621,0.405363
12/23/17 18:00,2722.63648,2723.036539,0.400059
12/23/17 19:00,2722.636378,2723.017976,0.381598
12/23/17 20:00,2722.629748,2722.998598,0.36885
12/23/17 21:00,2722.631788,2722.99768,0.365892
12/23/17 22:00,2722.634542,2722.995742,0.3612
12/23/17 23:00,2722.64107,2723.000128,0.359058
12/24/17 0:00,2722.653411,2723.005431,0.35202
12/24/17 1:00,2722.661876,2723.007471,0.345595
12/24/17 2:00,2722.676563,2723.006757,0.330194
12/24/17 3:00,2722.680439,2723.002984,0.322545
12/24/17 4:00,2722.683294,2722.995232,0.311938
12/24/17 5:00,2722.688598,2722.991968,0.30337
12/24/17 6:00,2722.695125,2722.988297,0.293172
12/24/17 7:00,2722.697777,2722.986257,0.28848
12/24/17 8:00,2722.697573,2722.985849,0.288276
12/24/17 9:00,2722.674727,2722.995232,0.320505
12/24/17 10:00,2722.644027,2723.010327,0.3663
12/24/17 11:00,2722.636276,2723.025218,0.388942
12/24/17 12:00,2722.636684,2723.033785,0.397101
12/24/17 13:00,2722.63801,2723.041537,0.403527
12/24/17 14:00,2722.637908,2723.04429,0.406382
12/24/17 15:00,2722.637296,2723.042251,0.404955
12/24/17 16:00,2722.639948,2723.047044,0.407096
12/24/17 17:00,2722.638928,2723.045106,0.406178
12/24/17 18:00,2722.635154,2723.043678,0.408524
12/24/17 19:00,2722.636786,2723.046024,0.409238
12/24/17 20:00,2722.63954,2723.049492,0.409952
12/24/17 21:00,2722.64107,2723.051226,0.410156
12/24/17 22:00,2722.643415,2723.051634,0.408219
12/24/17 23:00,2722.647189,2723.054388,0.407199
12/25/17 0:00,2722.645761,2723.05551,0.409749
12/25/17 1:00,2722.644537,2723.050104,0.405567
12/25/17 2:00,2722.648005,2723.043474,0.395469
12/25/17 3:00,2722.652595,2723.039395,0.3868
12/25/17 4:00,2722.670035,2723.042251,0.372216
12/25/17 5:00,2722.675951,2723.043576,0.367625
12/25/17 6:00,2722.685946,2723.04684,0.360894
12/25/17 7:00,2722.68768,2723.051226,0.363546
12/25/17 8:00,2722.704305,2723.05347,0.349165
12/25/17 9:00,2722.693188,2723.060303,0.367115
12/25/17 10:00,2722.680337,2723.062649,0.382312
12/25/17 11:00,2722.674217,2723.071318,0.397101
12/25/17 12:00,2722.672687,2723.072338,0.399651
12/25/17 13:00,2722.670035,2723.07397,0.403935
12/25/17 14:00,2722.670953,2723.07397,0.403017
12/25/17 15:00,2722.673605,2723.07703,0.403425
12/25/17 16:00,2722.672993,2723.079988,0.406995
12/25/17 17:00,2722.671565,2723.078356,0.406791
12/25/17 18:00,2722.670239,2723.07652,0.406281
12/25/17 19:00,2722.670647,2723.078458,0.407811
12/25/17 20:00,2722.671055,2723.077846,0.406791
12/25/17 21:00,2722.669729,2723.077744,0.408015
12/25/17 22:00,2722.671055,2723.077948,0.406893
12/25/17 23:00,2722.670341,2723.07703,0.406689
12/26/17 0:00,2722.666466,2723.070298,0.403832
12/26/17 1:00,2722.668098,2723.07193,0.403832
12/26/17 2:00,2722.66718,2723.072848,0.405668
12/26/17 3:00,2722.670239,2723.075398,0.405159
12/26/17 4:00,2722.669525,2723.074684,0.405159
12/26/17 5:00,2722.669831,2723.072746,0.402915
12/26/17 6:00,2722.6682,2723.069177,0.400977
12/26/17 7:00,2722.666874,2723.065709,0.398835
12/26/17 8:00,2722.664732,2723.062241,0.397509
12/26/17 9:00,2722.66514,2723.062343,0.397203
12/26/17 10:00,2722.662488,2723.065913,0.403425
12/26/17 11:00,2722.66361,2723.067137,0.403527
12/26/17 12:00,2722.660142,2723.064587,0.404445
12/26/17 13:00,2722.663916,2723.067953,0.404037
12/26/17 14:00,2722.659836,2723.065505,0.405669
12/26/17 15:00,2722.66055,2723.065811,0.405261
12/26/17 16:00,2722.658,2723.062037,0.404037
12/26/17 17:00,2722.657898,2723.061425,0.403527
12/26/17 18:00,2722.652595,2723.056224,0.403629
12/26/17 19:00,2722.651983,2723.055408,0.403425
12/26/17 20:00,2722.651983,2723.055918,0.403935
12/26/17 21:00,2722.653717,2723.054898,0.401181
12/26/17 22:00,2722.649433,2723.049696,0.400263
12/26/17 23:00,2722.649229,2723.048064,0.398835
12/27/17 0:00,2722.650555,2723.047962,0.397407
12/27/17 1:00,2722.654125,2723.050002,0.395877
12/27/17 2:00,2722.649841,2723.045208,0.395367
12/27/17 3:00,2722.652289,2723.045922,0.393633
12/27/17 4:00,2722.657184,2723.051838,0.394654
12/27/17 5:00,2722.661978,2723.061833,0.399855
12/27/17 6:00,2722.659938,2723.056631,0.396693
12/27/17 7:00,2722.656368,2723.052654,0.396286
12/27/17 8:00,2722.652289,2723.046432,0.394143
12/27/17 9:00,2722.660244,2723.055714,0.39547
12/27/17 10:00,2722.658,2723.058161,0.400161
12/27/17 11:00,2722.658918,2723.060507,0.401589
12/27/17 12:00,2722.659938,2723.059589,0.399651
12/27/17 13:00,2722.659836,2723.060609,0.400773
12/27/17 14:00,2722.660958,2723.059385,0.398427
12/27/17 15:00,2722.660958,2723.062955,0.401997
12/27/17 16:00,2722.659836,2723.061527,0.401691
12/27/17 17:00,2722.658612,2723.060099,0.401487
12/27/17 18:00,2722.658714,2723.061323,0.402609
12/27/17 19:00,2722.658714,2723.061017,0.402303
12/27/17 20:00,2722.66208,2723.063159,0.401079
12/27/17 21:00,2722.662794,2723.064587,0.401793
12/27/17 22:00,2722.663508,2723.065913,0.402405
12/27/17 23:00,2722.664834,2723.067953,0.403119
12/28/17 0:00,2722.664018,2723.069992,0.405974
12/28/17 1:00,2722.663202,2723.068361,0.405159
12/28/17 2:00,2722.668403,2723.073052,0.404649
12/28/17 3:00,2722.668811,2723.075602,0.406791
12/28/17 4:00,2722.669831,2723.074276,0.404445
12/28/17 5:00,2722.663814,2723.072542,0.408728
12/28/17 6:00,2722.664018,2723.07295,0.408932
12/28/17 7:00,2722.657082,2723.063159,0.406077
12/28/17 8:00,2722.653105,2723.05602,0.402915
12/28/17 9:00,2722.658612,2723.056326,0.397714
12/28/17 10:00,2722.660142,2723.059079,0.398937
12/28/17 11:00,2722.666466,2723.062853,0.396387
12/28/17 12:00,2722.66616,2723.060813,0.394653
12/28/17 13:00,2722.664222,2723.061629,0.397407
12/28/17 14:00,2722.662284,2723.056529,0.394245
12/28/17 15:00,2722.662386,2723.05449,0.392104
12/28/17 16:00,2722.658612,2723.05194,0.393328
12/28/17 17:00,2722.656572,2723.047656,0.391084
12/28/17 18:00,2722.649841,2723.041537,0.391696
12/28/17 19:00,2722.646883,2723.037253,0.39037
12/28/17 20:00,2722.648413,2723.041129,0.392716
12/28/17 21:00,2722.650861,2723.042761,0.3919
12/28/17 22:00,2722.650045,2723.042761,0.392716
12/28/17 23:00,2722.651881,2723.043372,0.391491
12/29/17 0:00,2722.654125,2723.046636,0.392511
12/29/17 1:00,2722.654635,2723.050818,0.396183
12/29/17 2:00,2722.65698,2723.053878,0.396898
12/29/17 3:00,2722.659428,2723.053266,0.393838
12/29/17 4:00,2722.649433,2723.032153,0.38272
12/29/17 5:00,2722.642293,2723.017874,0.375581
12/29/17 6:00,2722.637806,2723.013693,0.375887
12/29/17 7:00,2722.640866,2723.013591,0.372725
12/29/17 8:00,2722.641682,2723.014203,0.372521
12/29/17 9:00,2722.652187,2723.025116,0.372929
12/29/17 10:00,2722.65902,2723.035009,0.375989
12/29/17 11:00,2722.667384,2723.046024,0.37864
12/29/17 12:00,2722.671565,2723.052246,0.380681
12/29/17 13:00,2722.668811,2723.052042,0.383231
12/29/17 14:00,2722.668607,2723.05347,0.384863
12/29/17 15:00,2722.672177,2723.058875,0.386698
12/29/17 16:00,2722.672075,2723.060609,0.388534
12/29/17 17:00,2722.671871,2723.061425,0.389554
12/29/17 18:00,2722.669627,2723.061425,0.391798
12/29/17 19:00,2722.670851,2723.061221,0.39037
12/29/17 20:00,2722.66769,2723.060099,0.392409
12/29/17 21:00,2722.667384,2723.061425,0.394041
12/29/17 22:00,2722.667486,2723.063363,0.395877
12/29/17 23:00,2722.668301,2723.064179,0.395878
12/30/17 0:00,2722.669015,2723.066117,0.397102
12/30/17 1:00,2722.672585,2723.070706,0.398121
12/30/17 2:00,2722.675849,2723.072032,0.396183
12/30/17 3:00,2722.679725,2723.076622,0.396897
12/30/17 4:00,2722.678807,2723.075092,0.396285
12/30/17 5:00,2722.677379,2723.075092,0.397713
12/30/17 6:00,2722.68156,2723.0755,0.39394
12/30/17 7:00,2722.673707,2723.057447,0.38374
12/30/17 8:00,2722.667078,2723.044494,0.377416
12/30/17 9:00,2722.661774,2723.036743,0.374969
12/30/17 10:00,2722.664834,2723.034703,0.369869
12/30/17 11:00,2722.662692,2723.035315,0.372623
12/30/17 12:00,2722.660856,2723.034091,0.373235
12/30/17 13:00,2722.66055,2723.034601,0.374051
12/30/17 14:00,2722.662896,2723.038069,0.375173
12/30/17 15:00,2722.658714,2723.037967,0.379253
12/30/17 16:00,2722.66208,2723.040823,0.378743
12/30/17 17:00,2722.665854,2723.046534,0.38068
12/30/17 18:00,2722.664834,2723.048064,0.38323
12/30/17 19:00,2722.666874,2723.051736,0.384862
12/30/17 20:00,2722.669117,2723.054694,0.385577
12/30/17 21:00,2722.671157,2723.060507,0.38935
12/30/17 22:00,2722.677175,2723.065913,0.388738
12/30/17 23:00,2722.677583,2723.068871,0.391288
12/31/17 0:00,2722.675747,2723.06989,0.394143
12/31/17 1:00,2722.674115,2723.070604,0.396489
12/31/17 2:00,2722.677073,2723.073052,0.395979
12/31/17 3:00,2722.675747,2723.072746,0.396999
12/31/17 4:00,2722.676257,2723.07346,0.397203
12/31/17 5:00,2722.677481,2723.077234,0.399753
12/31/17 6:00,2722.678603,2723.07703,0.398427
12/31/17 7:00,2722.677889,2723.077948,0.400059
12/31/17 8:00,2722.680643,2723.080192,0.399549
12/31/17 9:00,2722.679419,2723.078254,0.398835
12/31/17 10:00,2722.675339,2723.075908,0.400569
12/31/17 11:00,2722.671157,2723.063159,0.392002
12/31/17 12:00,2722.667792,2723.053572,0.38578
12/31/17 13:00,2722.663406,2723.046942,0.383536
12/31/17 14:00,2722.660346,2723.041741,0.381395
12/31/17 15:00,2722.662488,2723.043882,0.381394
12/31/17 16:00,2722.659632,2723.042047,0.382415
12/31/17 17:00,2722.66106,2723.043576,0.382516
12/31/17 18:00,2722.65698,2723.042047,0.385067
12/31/17 19:00,2722.657184,2723.045412,0.388228
12/31/17 20:00,2722.656878,2723.048472,0.391594
12/31/17 21:00,2722.659122,2723.05296,0.393838
12/31/17 22:00,2722.655348,2723.048574,0.393226
12/31/17 23:00,2722.653309,2723.043474,0.390165
1/1/18 0:00,2722.646781,2723.033479,0.386698
1/1/18 1:00,2722.644231,2723.024504,0.380273
1/1/18 2:00,2722.635664,2723.004309,0.368645
1/1/18 3:00,2722.634542,2722.9987,0.364158
1/1/18 4:00,2722.635358,2722.998394,0.363036
1/1/18 5:00,2722.63954,2723.007879,0.368339
1/1/18 6:00,2722.646373,2723.025932,0.379559
1/1/18 7:00,2722.645047,2723.021648,0.376601
1/1/18 8:00,2722.63597,2723.003901,0.367931
1/1/18 9:00,2722.639948,2723.007777,0.367829
1/1/18 10:00,2722.648413,2723.024096,0.375683
1/1/18 11:00,2722.659938,2723.038069,0.378131
1/1/18 12:00,2722.65749,2723.02991,0.37242
1/1/18 13:00,2722.655654,2723.026544,0.37089
1/1/18 14:00,2722.653207,2723.023892,0.370685
1/1/18 15:00,2722.655654,2723.02685,0.371196
1/1/18 16:00,2722.65545,2723.024096,0.368646
1/1/18 17:00,2722.652187,2723.020118,0.367931
1/1/18 18:00,2722.652391,2723.020934,0.368543
1/1/18 19:00,2722.656878,2723.02889,0.372012
1/1/18 20:00,2722.658714,2723.034193,0.375479
1/1/18 21:00,2722.655654,2723.037457,0.381803
1/1/18 22:00,2722.656878,2723.040823,0.383945
1/1/18 23:00,2722.658816,2723.045412,0.386596
1/2/18 0:00,2722.652697,2723.042659,0.389962
1/2/18 1:00,2722.649637,2723.030012,0.380375
1/2/18 2:00,2722.640968,2723.010735,0.369767
1/2/18 3:00,2722.637704,2723.003698,0.365994
1/2/18 4:00,2722.63801,2723.005431,0.367421
1/2/18 5:00,2722.640356,2723.009307,0.368951
1/2/18 6:00,2722.639948,2723.013387,0.373439
1/2/18 7:00,2722.640968,2723.014611,0.373643
1/2/18 8:00,2722.639642,2723.017772,0.37813
1/2/18 9:00,2722.654533,2723.04531,0.390777
1/2/18 10:00,2722.661264,2723.059691,0.398427
1/2/18 11:00,2722.669525,2723.068055,0.39853
1/2/18 12:00,2722.668709,2723.064587,0.395878
1/2/18 13:00,2722.670035,2723.065913,0.395878
1/2/18 14:00,2722.668403,2723.061119,0.392716
1/2/18 15:00,2722.667282,2723.059283,0.392001
1/2/18 16:00,2722.668403,2723.060507,0.392104
1/2/18 17:00,2722.660142,2723.051124,0.390982
1/2/18 18:00,2722.654431,2723.049696,0.395265
1/2/18 19:00,2722.651065,2723.042251,0.391186
1/2/18 20:00,2722.644435,2723.028176,0.383741
1/2/18 21:00,2722.643007,2723.025728,0.382721
1/2/18 22:00,2722.642803,2723.030827,0.388024
1/2/18 23:00,2722.640356,2723.029094,0.388738
1/3/18 0:00,2722.64005,2723.026034,0.385984
1/3/18 1:00,2722.636582,2723.01818,0.381598
1/3/18 2:00,2722.638418,2723.026646,0.388228
1/3/18 3:00,2722.647189,2723.043474,0.396285
1/3/18 4:00,2722.653003,2723.052348,0.399345
1/3/18 5:00,2722.63699,2723.020118,0.383128
1/3/18 6:00,2722.635664,2723.016549,0.380885
1/3/18 7:00,2722.63342,2723.015223,0.381803
1/3/18 8:00,2722.63495,2723.016447,0.381497
1/3/18 9:00,2722.642803,2723.029604,0.386801
1/3/18 10:00,2722.654227,2723.043984,0.389757
1/3/18 11:00,2722.660448,2723.050716,0.390268
1/3/18 12:00,2722.659632,2723.042557,0.382925
1/3/18 13:00,2722.659326,2723.037559,0.378233
1/3/18 14:00,2722.658,2723.036539,0.378539
1/3/18 15:00,2722.657694,2723.035927,0.378233
1/3/18 16:00,2722.66259,2723.044392,0.381802
1/3/18 17:00,2722.658204,2723.041741,0.383537
1/3/18 18:00,2722.656164,2723.042557,0.386393
1/3/18 19:00,2722.65698,2723.04582,0.38884
1/3/18 20:00,2722.658408,2723.05194,0.393532
1/3/18 21:00,2722.65953,2723.056631,0.397101
1/3/18 22:00,2722.657898,2723.055918,0.39802
1/3/18 23:00,2722.654839,2723.057549,0.40271
1/4/18 0:00,2722.655654,2723.064077,0.408423
1/4/18 1:00,2722.655756,2723.065811,0.410055
1/4/18 2:00,2722.654839,2723.068973,0.414134
1/4/18 3:00,2722.651167,2723.061527,0.41036
1/4/18 4:00,2722.642191,2723.04837,0.406179
1/4/18 5:00,2722.637908,2723.046942,0.409034
1/4/18 6:00,2722.637704,2723.04837,0.410666
1/4/18 7:00,2722.637806,2723.046432,0.408626
1/4/18 8:00,2722.635052,2723.044392,0.40934
1/4/18 9:00,2722.644435,2723.054082,0.409647
1/4/18 10:00,2722.653411,2723.062445,0.409034
1/4/18 11:00,2722.66106,2723.068157,0.407097
1/4/18 12:00,2722.661468,2723.055306,0.393838
1/4/18 13:00,2722.661672,2723.047962,0.38629
1/4/18 14:00,2722.66055,2723.04735,0.3868
1/4/18 15:00,2722.66208,2723.049288,0.387208
1/4/18 16:00,2722.663814,2723.055,0.391186
1/4/18 17:00,2722.659632,2723.051328,0.391696
1/4/18 18:00,2722.658612,2723.05143,0.392818
1/4/18 19:00,2722.656572,2723.053572,0.397
1/4/18 20:00,2722.656266,2723.054592,0.398326
1/4/18 21:00,2722.65596,2723.055918,0.399958
1/4/18 22:00,2722.655246,2723.057345,0.402099
1/4/18 23:00,2722.658408,2723.062751,0.404343
1/5/18 0:00,2722.656062,2723.066117,0.410055
1/5/18 1:00,2722.65596,2723.069992,0.414032
1/5/18 2:00,2722.654737,2723.072644,0.417907
1/5/18 3:00,2722.657388,2723.079274,0.421886
1/5/18 4:00,2722.657592,2723.080702,0.42311
1/5/18 5:00,2722.660244,2723.086107,0.425863
1/5/18 6:00,2722.661672,2723.091411,0.429739
1/5/18 7:00,2722.661774,2723.095083,0.433309
1/5/18 8:00,2722.660652,2723.09753,0.436878
1/5/18 9:00,2722.665344,2723.102018,0.436674
1/5/18 10:00,2722.669321,2723.106608,0.437287
1/5/18 11:00,2722.674319,2723.107118,0.432799
1/5/18 12:00,2722.673707,2723.099774,0.426067
1/5/18 13:00,2722.675441,2723.094879,0.419438
1/5/18 14:00,2722.672177,2723.087739,0.415562
1/5/18 15:00,2722.673911,2723.085801,0.41189
1/5/18 16:00,2722.674319,2723.084781,0.410462
1/5/18 17:00,2722.670953,2723.082436,0.411483
1/5/18 18:00,2722.671565,2723.081314,0.409749
1/5/18 19:00,2722.668607,2723.078254,0.409647
1/5/18 20:00,2722.666466,2723.076724,0.410258
1/5/18 21:00,2722.66565,2723.07703,0.41138
1/5/18 22:00,2722.662794,2723.07601,0.413216
1/5/18 23:00,2722.663712,2723.079376,0.415664
1/6/18 0:00,2722.665956,2723.083047,0.417091
1/6/18 1:00,2722.669525,2723.086617,0.417092
1/6/18 2:00,2722.671055,2723.091513,0.420458
1/6/18 3:00,2722.671667,2723.094573,0.422906
1/6/18 4:00,2722.669423,2723.096102,0.426679
1/6/18 5:00,2722.670443,2723.098958,0.428515
1/6/18 6:00,2722.676665,2723.107118,0.430453
1/6/18 7:00,2722.672789,2723.107118,0.434329
1/6/18 8:00,2722.673605,2723.112421,0.438816
1/6/18 9:00,2722.679011,2723.117317,0.438306
1/6/18 10:00,2722.677583,2723.116195,0.438612
1/6/18 11:00,2722.677787,2723.115175,0.437388
1/6/18 12:00,2722.677991,2723.10875,0.430759
1/6/18 13:00,2722.680949,2723.104466,0.423517
1/6/18 14:00,2722.678705,2723.100386,0.421681
1/6/18 15:00,2722.679215,2723.101202,0.421987
1/6/18 16:00,2722.676971,2723.098754,0.421783
1/6/18 17:00,2722.68411,2723.10212,0.41801
1/6/18 18:00,2722.685742,2723.099774,0.414032
1/6/18 19:00,2722.686456,2723.103038,0.416582
1/6/18 20:00,2722.696043,2723.105282,0.409239
1/6/18 21:00,2722.695023,2723.107118,0.412095
1/6/18 22:00,2722.696043,2723.109259,0.413216
1/6/18 23:00,2722.698287,2723.109667,0.41138
1/7/18 0:00,2722.701041,2723.111197,0.410156
1/7/18 1:00,2722.700021,2723.109769,0.409748
1/7/18 2:00,2722.701959,2723.110279,0.40832
1/7/18 3:00,2722.699409,2723.108648,0.409239
1/7/18 4:00,2722.699919,2723.107934,0.408015
1/7/18 5:00,2722.696145,2723.105996,0.409851
1/7/18 6:00,2722.694208,2723.104058,0.40985
1/7/18 7:00,2722.697471,2723.103956,0.406485
1/7/18 8:00,2722.693596,2723.102324,0.408728
1/7/18 9:00,2722.6938,2723.100692,0.406892
1/7/18 10:00,2722.694004,2723.103344,0.40934
1/7/18 11:00,2722.697675,2723.107322,0.409647
1/7/18 12:00,2722.694615,2723.106302,0.411687
1/7/18 13:00,2722.69329,2723.107832,0.414542
1/7/18 14:00,2722.692576,2723.108138,0.415562
1/7/18 15:00,2722.697777,2723.10773,0.409953
1/7/18 16:00,2722.699919,2723.106812,0.406893
1/7/18 17:00,2722.695329,2723.102834,0.407505
1/7/18 18:00,2722.690026,2723.098244,0.408218
1/7/18 19:00,2722.68819,2723.095287,0.407097
1/7/18 20:00,2722.689822,2723.095287,0.405465
1/7/18 21:00,2722.69125,2723.096918,0.405668
1/7/18 22:00,2722.68768,2723.093145,0.405465
1/7/18 23:00,2722.686864,2723.093553,0.406689
1/8/18 0:00,2722.68717,2723.091921,0.404751
1/8/18 1:00,2722.685742,2723.091003,0.405261
1/8/18 2:00,2722.686864,2723.089881,0.403017
1/8/18 3:00,2722.686048,2723.089269,0.403221
1/8/18 4:00,2722.685028,2723.090799,0.405771
1/8/18 5:00,2722.683294,2723.086209,0.402915
1/8/18 6:00,2722.682886,2723.085393,0.402507
1/8/18 7:00,2722.683804,2723.084883,0.401079
1/8/18 8:00,2722.685946,2723.087127,0.401181
1/8/18 9:00,2722.691352,2723.092329,0.400977
1/8/18 10:00,2722.697063,2723.100896,0.403833
1/8/18 11:00,2722.700021,2723.106302,0.406281
1/8/18 12:00,2722.700735,2723.10722,0.406485
1/8/18 13:00,2722.707569,2723.112931,0.405362
1/8/18 14:00,2722.704509,2723.112115,0.407606
1/8/18 15:00,2722.703081,2723.112115,0.409034
1/8/18 16:00,2722.705019,2723.115175,0.410156
1/8/18 17:00,2722.704509,2723.111605,0.407096
1/8/18 18:00,2722.702775,2723.113645,0.41087
1/8/18 19:00,2722.705631,2723.113747,0.408116
1/8/18 20:00,2722.706855,2723.115685,0.40883
1/8/18 21:00,2722.707161,2723.115277,0.408116
1/8/18 22:00,2722.705733,2723.116807,0.411074
1/8/18 23:00,2722.706243,2723.115889,0.409646
1/9/18 0:00,2722.708078,2723.116195,0.408117
1/9/18 1:00,2722.70869,2723.119153,0.410463
1/9/18 2:00,2722.712464,2723.120785,0.408321
1/9/18 3:00,2722.716034,2723.123538,0.407504
1/9/18 4:00,2722.71685,2723.123334,0.406484
1/9/18 5:00,2722.719094,2723.126598,0.407504
1/9/18 6:00,2722.722051,2723.129352,0.407301
1/9/18 7:00,2722.722459,2723.129148,0.406689
1/9/18 8:00,2722.725111,2723.132412,0.407301
1/9/18 9:00,2722.722663,2723.132718,0.410055
1/9/18 10:00,2722.721949,2723.13486,0.412911
1/9/18 11:00,2722.724091,2723.135981,0.41189
1/9/18 12:00,2722.721949,2723.139347,0.417398
1/9/18 13:00,2722.727967,2723.153422,0.425455
1/9/18 14:00,2722.73582,2723.161684,0.425864
1/9/18 15:00,2722.738268,2723.178716,0.440448
1/9/18 16:00,2722.738778,2723.183918,0.44514
1/9/18 17:00,2722.74092,2723.199727,0.458807
1/9/18 18:00,2722.747447,2723.216861,0.469414
1/9/18 19:00,2722.749181,2723.225531,0.47635
1/9/18 20:00,2722.745204,2723.216657,0.471453
1/9/18 21:00,2722.743266,2723.210028,0.466762
1/9/18 22:00,2722.739186,2723.202786,0.4636
1/9/18 23:00,2722.737146,2723.193913,0.456767
1/10/18 0:00,2722.733067,2723.190547,0.45748
1/10/18 1:00,2722.732047,2723.187182,0.455135
1/10/18 2:00,2722.729701,2723.18351,0.453809
1/10/18 3:00,2722.730007,2723.180654,0.450647
1/10/18 4:00,2722.729701,2723.178512,0.448811
1/10/18 5:00,2722.727253,2723.177492,0.450239
1/10/18 6:00,2722.726437,2723.178002,0.451565
1/10/18 7:00,2722.724091,2723.174535,0.450444
1/10/18 8:00,2722.724805,2723.173719,0.448914
1/10/18 9:00,2722.727049,2723.173107,0.446058
1/10/18 10:00,2722.728069,2723.172189,0.44412
1/10/18 11:00,2722.730313,2723.176982,0.446669
1/10/18 12:00,2722.728987,2723.175452,0.446465
1/10/18 13:00,2722.727457,2723.175044,0.447587
1/10/18 14:00,2722.728171,2723.177594,0.449423
1/10/18 15:00,2722.729293,2723.177798,0.448505
1/10/18 16:00,2722.728987,2723.175044,0.446057
1/10/18 17:00,2722.729089,2723.174637,0.445548
1/10/18 18:00,2722.731231,2723.174535,0.443304
1/10/18 19:00,2722.730109,2723.168415,0.438306
1/10/18 20:00,2722.732047,2723.167293,0.435246
1/10/18 21:00,2722.727355,2723.162907,0.435552
1/10/18 22:00,2722.722969,2723.155054,0.432085
1/10/18 23:00,2722.722459,2723.152708,0.430249
1/11/18 0:00,2722.724193,2723.155054,0.430861
1/11/18 1:00,2722.723887,2723.151994,0.428107
1/11/18 2:00,2722.723785,2723.153524,0.429739
1/11/18 3:00,2722.726233,2723.154136,0.427903
1/11/18 4:00,2722.722765,2723.151586,0.428821
1/11/18 5:00,2722.721643,2723.150056,0.428413
1/11/18 6:00,2722.724703,2723.147303,0.4226
1/11/18 7:00,2722.72042,2723.142101,0.421681
1/11/18 8:00,2722.715524,2723.135879,0.420355
1/11/18 9:00,2722.717972,2723.136287,0.418315
1/11/18 10:00,2722.718584,2723.138633,0.420049
1/11/18 11:00,2722.71787,2723.143427,0.425557
1/11/18 12:00,2722.71634,2723.142917,0.426577
1/11/18 13:00,2722.71634,2723.144243,0.427903
1/11/18 14:00,2722.719196,2723.150872,0.431676
1/11/18 15:00,2722.717258,2723.153014,0.435756
1/11/18 16:00,2722.71991,2723.155258,0.435348
1/11/18 17:00,2722.716238,2723.151382,0.435144
1/11/18 18:00,2722.71481,2723.151892,0.437082
1/11/18 19:00,2722.713586,2723.15026,0.436674
1/11/18 20:00,2722.716034,2723.154034,0.438
1/11/18 21:00,2722.715524,2723.15536,0.439836
1/11/18 22:00,2722.717564,2723.156788,0.439224
1/11/18 23:00,2722.71889,2723.15791,0.43902
1/12/18 0:00,2722.719604,2723.157502,0.437898
1/12/18 1:00,2722.718686,2723.154136,0.43545
1/12/18 2:00,2722.716136,2723.150158,0.434022
1/12/18 3:00,2722.71787,2723.14975,0.43188
1/12/18 4:00,2722.717156,2723.147813,0.430657
1/12/18 5:00,2722.71736,2723.146691,0.429331
1/12/18 6:00,2722.715728,2723.145263,0.429535
1/12/18 7:00,2722.716646,2723.144141,0.427495
1/12/18 8:00,2722.71787,2723.142407,0.424537
1/12/18 9:00,2722.7194,2723.143019,0.423619
1/12/18 10:00,2722.717768,2723.141387,0.423619
1/12/18 11:00,2722.717156,2723.141489,0.424333
1/12/18 12:00,2722.71685,2723.139347,0.422497
1/12/18 13:00,2722.719094,2723.139551,0.420457
1/12/18 14:00,2722.717972,2723.140367,0.422395
1/12/18 15:00,2722.71991,2723.140877,0.420967
1/12/18 16:00,2722.720726,2723.141999,0.421273
1/12/18 17:00,2722.715728,2723.138633,0.422905
1/12/18 18:00,2722.714708,2723.136593,0.421885
1/12/18 19:00,2722.713994,2723.135064,0.42107
1/12/18 20:00,2722.710832,2723.133738,0.422906
1/12/18 21:00,2722.706039,2723.129352,0.423313
1/12/18 22:00,2722.701755,2723.123538,0.421783
1/12/18 23:00,2722.696451,2723.120173,0.423722
1/13/18 0:00,2722.698797,2723.120581,0.421784
1/13/18 1:00,2722.692882,2723.114053,0.421171
1/13/18 2:00,2722.690332,2723.108546,0.418214
1/13/18 3:00,2722.69278,2723.108342,0.415562
1/13/18 4:00,2722.69329,2723.108138,0.414848
1/13/18 5:00,2722.694106,2723.108342,0.414236
1/13/18 6:00,2722.693698,2723.108852,0.415154
1/13/18 7:00,2722.697471,2723.111095,0.413624
1/13/18 8:00,2722.696247,2723.109565,0.413318
1/13/18 9:00,2722.707263,2723.121193,0.41393
1/13/18 10:00,2722.711444,2723.125986,0.414542
1/13/18 11:00,2722.716442,2723.13129,0.414848
1/13/18 12:00,2722.71685,2723.131596,0.414746
1/13/18 13:00,2722.718992,2723.133636,0.414644
1/13/18 14:00,2722.718686,2723.138633,0.419947
1/13/18 15:00,2722.722357,2723.141591,0.419234
1/13/18 16:00,2722.720318,2723.143121,0.422803
1/13/18 17:00,2722.719502,2723.140571,0.421069
1/13/18 18:00,2722.721541,2723.141693,0.420152
1/13/18 19:00,2722.718074,2723.138837,0.420763
1/13/18 20:00,2722.71685,2723.135166,0.418316
1/13/18 21:00,2722.716442,2723.135471,0.419029
1/13/18 22:00,2722.707772,2723.1267,0.418928
1/13/18 23:00,2722.704713,2723.121499,0.416786
1/14/18 0:00,2722.702367,2723.114155,0.411788
1/14/18 1:00,2722.699715,2723.109259,0.409544
1/14/18 2:00,2722.698797,2723.103344,0.404547
1/14/18 3:00,2722.693596,2723.094063,0.400467
1/14/18 4:00,2722.692984,2723.090085,0.397101
1/14/18 5:00,2722.692984,2723.087331,0.394347
1/14/18 6:00,2722.691658,2723.084985,0.393327
1/14/18 7:00,2722.691964,2723.084883,0.392919
1/14/18 8:00,2722.692372,2723.088963,0.396591
1/14/18 9:00,2722.703693,2723.099672,0.395979
1/14/18 10:00,2722.711444,2723.107934,0.39649
1/14/18 11:00,2722.71634,2723.114767,0.398427
1/14/18 12:00,2722.717564,2723.117521,0.399957
1/14/18 13:00,2722.722153,2723.124252,0.402099
1/14/18 14:00,2722.722357,2723.128026,0.405669
1/14/18 15:00,2722.723071,2723.131698,0.408627
1/14/18 16:00,2722.724805,2723.13486,0.410055
1/14/18 17:00,2722.721133,2723.13027,0.409137
1/14/18 18:00,2722.716034,2723.12721,0.411176
1/14/18 19:00,2722.713076,2723.12415,0.411074
1/14/18 20:00,2722.710934,2723.119357,0.408423
1/14/18 21:00,2722.711138,2723.114971,0.403833
1/14/18 22:00,2722.707467,2723.107832,0.400365
1/14/18 23:00,2722.702469,2723.098652,0.396183
1/15/18 0:00,2722.702469,2723.096306,0.393837
1/15/18 1:00,2722.702061,2723.093655,0.391594
1/15/18 2:00,2722.702163,2723.093553,0.39139
1/15/18 3:00,2722.700327,2723.090085,0.389758
1/15/18 4:00,2722.704611,2723.094369,0.389758
1/15/18 5:00,2722.704101,2723.095185,0.391084
1/15/18 6:00,2722.708384,2723.097632,0.389248
1/15/18 7:00,2722.706141,2723.09804,0.391899
1/15/18 8:00,2722.708486,2723.098958,0.390472
1/15/18 9:00,2722.718278,2723.108648,0.39037
1/15/18 10:00,2722.724601,2723.115277,0.390676
1/15/18 11:00,2722.727559,2723.122009,0.39445
1/15/18 12:00,2722.730211,2723.12466,0.394449
1/15/18 13:00,2722.729497,2723.128332,0.398835
1/15/18 14:00,2722.732047,2723.131188,0.399141
1/15/18 15:00,2722.730313,2723.132922,0.402609
1/15/18 16:00,2722.733883,2723.133432,0.399549
1/15/18 17:00,2722.728681,2723.126088,0.397407
1/15/18 18:00,2722.725009,2723.120989,0.39598
1/15/18 19:00,2722.723581,2723.118133,0.394552
1/15/18 20:00,2722.722459,2723.110789,0.38833
1/15/18 21:00,2722.719298,2723.110483,0.391185
1/15/18 22:00,2722.715524,2723.105078,0.389554
1/15/18 23:00,2722.709404,2723.097836,0.388432
1/16/18 0:00,2722.705937,2723.093655,0.387718
1/16/18 1:00,2722.705325,2723.091003,0.385678
1/16/18 2:00,2722.700021,2723.084169,0.384148
1/16/18 3:00,2722.697879,2723.080906,0.383027
1/16/18 4:00,2722.694717,2723.07754,0.382823
1/16/18 5:00,2722.691964,2723.07142,0.379456
1/16/18 6:00,2722.688292,2723.067443,0.379151
1/16/18 7:00,2722.688598,2723.065301,0.376703
1/16/18 8:00,2722.68819,2723.063669,0.375479
1/16/18 9:00,2722.707976,2723.083047,0.375071
1/16/18 10:00,2722.718074,2723.095695,0.377621
1/16/18 11:00,2722.730313,2723.108546,0.378233
1/16/18 12:00,2722.730619,2723.115889,0.38527
1/16/18 13:00,2722.734188,2723.122213,0.388025
1/16/18 14:00,2722.734698,2723.125986,0.391288
1/16/18 15:00,2722.731741,2723.122722,0.390981
1/16/18 16:00,2722.729293,2723.113033,0.38374
1/16/18 17:00,2722.716544,2723.093859,0.377315
1/16/18 18:00,2722.70869,2723.081212,0.372522
1/16/18 19:00,2722.701347,2723.072848,0.371501
1/16/18 20:00,2722.701857,2723.070298,0.368441
1/16/18 21:00,2722.700735,2723.068871,0.368136
1/16/18 22:00,2722.696961,2723.067545,0.370584
1/16/18 23:00,2722.700327,2723.070298,0.369971
1/17/18 0:00,2722.696349,2723.067341,0.370992
1/17/18 1:00,2722.696451,2723.066525,0.370074
1/17/18 2:00,2722.690128,2723.060711,0.370583
1/17/18 3:00,2722.691658,2723.062037,0.370379
1/17/18 4:00,2722.688088,2723.060609,0.372521
1/17/18 5:00,2722.69023,2723.060813,0.370583
1/17/18 6:00,2722.685946,2723.057345,0.371399
1/17/18 7:00,2722.68564,2723.057549,0.371909
1/17/18 8:00,2722.692168,2723.064179,0.372011
1/17/18 9:00,2722.714606,2723.086617,0.372011
1/17/18 10:00,2722.725417,2723.099264,0.373847
1/17/18 11:00,2722.734392,2723.109871,0.375479
1/17/18 12:00,2722.736942,2723.115175,0.378233
1/17/18 13:00,2722.73582,2723.112625,0.376805
1/17/18 14:00,2722.736024,2723.110381,0.374357
1/17/18 15:00,2722.728885,2723.101202,0.372317
1/17/18 16:00,2722.728171,2723.095695,0.367524
1/17/18 17:00,2722.718788,2723.085087,0.366299
1/17/18 18:00,2722.717054,2723.079172,0.362118
1/17/18 19:00,2722.710628,2723.077234,0.366606
1/17/18 20:00,2722.711648,2723.077336,0.365688
1/17/18 21:00,2722.710016,2723.076418,0.366402
1/17/18 22:00,2722.705631,2723.075806,0.370175
1/17/18 23:00,2722.708588,2723.075398,0.36681
1/18/18 0:00,2722.710016,2723.07754,0.367524
1/18/18 1:00,2722.708996,2723.079478,0.370482
1/18/18 2:00,2722.711648,2723.08111,0.369462
1/18/18 3:00,2722.710322,2723.081722,0.3714
1/18/18 4:00,2722.707365,2723.081212,0.373847
1/18/18 5:00,2722.707671,2723.079886,0.372215
1/18/18 6:00,2722.704305,2723.079478,0.375173
1/18/18 7:00,2722.711138,2723.087127,0.375989
1/18/18 8:00,2722.713484,2723.089983,0.376499
1/18/18 9:00,2722.721031,2723.097428,0.376397
1/18/18 10:00,2722.730007,2723.108138,0.378131
1/18/18 11:00,2722.733271,2723.113849,0.380578
1/18/18 12:00,2722.732353,2723.115175,0.382822
1/18/18 13:00,2722.73786,2723.120683,0.382823
1/18/18 14:00,2722.739288,2723.126802,0.387514
1/18/18 15:00,2722.74194,2723.128536,0.386596
1/18/18 16:00,2722.743572,2723.12925,0.385678
1/18/18 17:00,2722.735004,2723.122009,0.387005
1/18/18 18:00,2722.733679,2723.119357,0.385678
1/18/18 19:00,2722.727865,2723.114869,0.387004
1/18/18 20:00,2722.727151,2723.113135,0.385984
1/18/18 21:00,2722.727865,2723.113849,0.385984
1/18/18 22:00,2722.725009,2723.111095,0.386086
1/18/18 23:00,2722.726539,2723.112931,0.386392
1/19/18 0:00,2722.727661,2723.113135,0.385474
1/19/18 1:00,2722.725111,2723.111503,0.386392
1/19/18 2:00,2722.727049,2723.112625,0.385576
1/19/18 3:00,2722.726845,2723.113747,0.386902
1/19/18 4:00,2722.724805,2723.111299,0.386494
1/19/18 5:00,2722.725417,2723.111707,0.38629
1/19/18 6:00,2722.724193,2723.114155,0.389962
1/19/18 7:00,2722.721031,2723.110177,0.389146
1/19/18 8:00,2722.721847,2723.111911,0.390064
1/19/18 9:00,2722.726437,2723.117113,0.390676
1/19/18 10:00,2722.732965,2723.12568,0.392715
1/19/18 11:00,2722.735922,2723.128128,0.392206
1/19/18 12:00,2722.737656,2723.128128,0.390472
1/19/18 13:00,2722.738982,2723.129862,0.39088
1/19/18 14:00,2722.739084,2723.128842,0.389758
1/19/18 15:00,2722.740104,2723.127108,0.387004
1/19/18 16:00,2722.742144,2723.131086,0.388942
1/19/18 17:00,2722.738778,2723.130066,0.391288
1/19/18 18:00,2722.735106,2723.125476,0.39037
1/19/18 19:00,2722.732149,2723.123232,0.391083
1/19/18 20:00,2722.734392,2723.122926,0.388534
1/19/18 21:00,2722.731129,2723.12364,0.392511
1/19/18 22:00,2722.732251,2723.12364,0.391389
1/19/18 23:00,2722.730313,2723.120173,0.38986
1/20/18 0:00,2722.730007,2723.120479,0.390472
1/20/18 1:00,2722.726029,2723.118031,0.392002
1/20/18 2:00,2722.727967,2723.119867,0.3919
1/20/18 3:00,2722.726131,2723.118337,0.392206
1/20/18 4:00,2722.725315,2723.118847,0.393532
1/20/18 5:00,2722.724907,2723.119765,0.394858
1/20/18 6:00,2722.724601,2723.119153,0.394552
1/20/18 7:00,2722.727253,2723.120989,0.393736
1/20/18 8:00,2722.728273,2723.122213,0.39394
1/20/18 9:00,2722.732149,2723.123742,0.391593
1/20/18 10:00,2722.734188,2723.125068,0.39088
1/20/18 11:00,2722.733781,2723.127924,0.394143
1/20/18 12:00,2722.732659,2723.125272,0.392613
1/20/18 13:00,2722.736126,2723.128638,0.392512
1/20/18 14:00,2722.734086,2723.126904,0.392818
1/20/18 15:00,2722.736942,2723.128944,0.392002
1/20/18 16:00,2722.736636,2723.12874,0.392104
1/20/18 17:00,2722.733985,2723.126496,0.392511
1/20/18 18:00,2722.734086,2723.12772,0.393634
1/20/18 19:00,2722.733883,2723.127006,0.393123
1/20/18 20:00,2722.731231,2723.12517,0.393939
1/20/18 21:00,2722.730517,2723.124456,0.393939
1/20/18 22:00,2722.727865,2723.120887,0.393022
1/20/18 23:00,2722.736126,2723.122518,0.386392
1/21/18 0:00,2722.731945,2723.118949,0.387004
1/21/18 1:00,2722.732251,2723.117011,0.38476
1/21/18 2:00,2722.733679,2723.116195,0.382516
1/21/18 3:00,2722.733169,2723.115175,0.382006
1/21/18 4:00,2722.731741,2723.116195,0.384454
1/21/18 5:00,2722.727457,2723.111809,0.384352
1/21/18 6:00,2722.727355,2723.109667,0.382312
1/21/18 7:00,2722.727457,2723.10875,0.381293
1/21/18 8:00,2722.729089,2723.110075,0.380986
1/21/18 9:00,2722.727967,2723.110585,0.382618
1/21/18 10:00,2722.729191,2723.111197,0.382006
1/21/18 11:00,2722.730007,2723.110585,0.380578
1/21/18 12:00,2722.728987,2723.111197,0.38221
1/21/18 13:00,2722.731333,2723.110381,0.379048
1/21/18 14:00,2722.728681,2723.109056,0.380375
1/21/18 15:00,2722.727661,2723.106812,0.379151
1/21/18 16:00,2722.726845,2723.105792,0.378947
1/21/18 17:00,2722.728987,2723.107118,0.378131
1/21/18 18:00,2722.727865,2723.10722,0.379355
1/21/18 19:00,2722.727559,2723.105486,0.377927
1/21/18 20:00,2722.726641,2723.105894,0.379253
1/21/18 21:00,2722.726641,2723.104466,0.377825
1/21/18 22:00,2722.723683,2723.100182,0.376499
1/21/18 23:00,2722.722765,2723.09957,0.376805
1/22/18 0:00,2722.721745,2723.099162,0.377417
1/22/18 1:00,2722.722153,2723.097428,0.375275
1/22/18 2:00,2722.718686,2723.094369,0.375683
1/22/18 3:00,2722.712872,2723.087127,0.374255
1/22/18 4:00,2722.70869,2723.081518,0.372828
1/22/18 5:00,2722.706243,2723.079172,0.372929
1/22/18 6:00,2722.696757,2723.066831,0.370074
1/22/18 7:00,2722.696451,2723.061119,0.364668
1/22/18 8:00,2722.68513,2723.050614,0.365484
1/22/18 9:00,2722.700633,2723.066321,0.365688
1/22/18 10:00,2722.708792,2723.07601,0.367218
1/22/18 11:00,2722.719706,2723.086413,0.366707
1/22/18 12:00,2722.721643,2723.090187,0.368544
1/22/18 13:00,2722.722969,2723.092125,0.369156
1/22/18 14:00,2722.722459,2723.092839,0.37038
1/22/18 15:00,2722.723683,2723.095287,0.371604
1/22/18 16:00,2722.720318,2723.091105,0.370787
1/22/18 17:00,2722.711954,2723.080498,0.368544
1/22/18 18:00,2722.702163,2723.069483,0.36732
1/22/18 19:00,2722.695227,2723.060609,0.365382
1/22/18 20:00,2722.695635,2723.060915,0.36528
1/22/18 21:00,2722.697267,2723.058569,0.361302
1/22/18 22:00,2722.703081,2723.064383,0.361302
1/22/18 23:00,2722.706141,2723.065403,0.359262
1/23/18 0:00,2722.706243,2723.067239,0.360996
1/23/18 1:00,2722.706039,2723.065199,0.35916
1/23/18 2:00,2722.706243,2723.066525,0.360282
1/23/18 3:00,2722.703387,2723.063057,0.35967
1/23/18 4:00,2722.699919,2723.058365,0.358446
1/23/18 5:00,2722.694615,2723.053062,0.358447
1/23/18 6:00,2722.688088,2723.047452,0.359364
1/23/18 7:00,2722.691046,2723.046126,0.35508
1/23/18 8:00,2722.690842,2723.043576,0.352734
1/23/18 9:00,2722.699001,2723.049288,0.350287
1/23/18 10:00,2722.708078,2723.060405,0.352327
1/23/18 11:00,2722.717156,2723.069483,0.352327
1/23/18 12:00,2722.723887,2723.07652,0.352633
1/23/18 13:00,2722.726335,2723.081416,0.355081
1/23/18 14:00,2722.725111,2723.081722,0.356611
1/23/18 15:00,2722.725927,2723.083455,0.357528
1/23/18 16:00,2722.723989,2723.082538,0.358549
1/23/18 17:00,2722.71583,2723.074786,0.358956
1/23/18 18:00,2722.706141,2723.064383,0.358242
1/23/18 19:00,2722.701041,2723.058059,0.357018
1/23/18 20:00,2722.695227,2723.05194,0.356713
1/23/18 21:00,2722.691964,2723.04429,0.352326
1/23/18 22:00,2722.689312,2723.044392,0.35508
1/23/18 23:00,2722.685538,2723.037661,0.352123
1/24/18 0:00,2722.687068,2723.036947,0.349879
1/24/18 1:00,2722.676563,2723.023892,0.347329
1/24/18 2:00,2722.671973,2723.016447,0.344474
1/24/18 3:00,2722.672993,2723.017364,0.344371
1/24/18 4:00,2722.672483,2723.019506,0.347023
1/24/18 5:00,2722.678807,2723.025524,0.346717
1/24/18 6:00,2722.678297,2723.02634,0.348043
1/24/18 7:00,2722.678297,2723.02634,0.348043
1/24/18 8:00,2722.684926,2723.030317,0.345391
1/24/18 9:00,2722.704305,2723.050206,0.345901
1/24/18 10:00,2722.71481,2723.061935,0.347125
1/24/18 11:00,2722.722357,2723.071114,0.348757
1/24/18 12:00,2722.723989,2723.071726,0.347737
1/24/18 13:00,2722.724499,2723.072848,0.348349
1/24/18 14:00,2722.720828,2723.071012,0.350184
1/24/18 15:00,2722.7194,2723.069177,0.349777
1/24/18 16:00,2722.718686,2723.066831,0.348145
1/24/18 17:00,2722.713178,2723.061119,0.347941
1/24/18 18:00,2722.701653,2723.050512,0.348859
1/24/18 19:00,2722.696043,2723.044902,0.348859
1/24/18 20:00,2722.694208,2723.041537,0.347329
1/24/18 21:00,2722.69023,2723.037151,0.346921
1/24/18 22:00,2722.683906,2723.030827,0.346921
1/24/18 23:00,2722.682682,2723.028584,0.345902
1/25/18 0:00,2722.684722,2723.029196,0.344474
1/25/18 1:00,2722.684212,2723.028482,0.34427
1/25/18 2:00,2722.683192,2723.027564,0.344372
1/25/18 3:00,2722.683192,2723.027258,0.344066
1/25/18 4:00,2722.679623,2723.022464,0.342841
1/25/18 5:00,2722.677583,2723.020934,0.343351
1/25/18 6:00,2722.677889,2723.020934,0.343045
1/25/18 7:00,2722.682784,2723.02583,0.343046
1/25/18 8:00,2722.6887,2723.030929,0.342229
1/25/18 9:00,2722.698185,2723.040619,0.342434
1/25/18 10:00,2722.701857,2723.047452,0.345595
1/25/18 11:00,2722.706039,2723.050512,0.344473
1/25/18 12:00,2722.714198,2723.056122,0.341924
1/25/18 13:00,2722.717768,2723.061425,0.343657
1/25/18 14:00,2722.713994,2723.061323,0.347329
1/25/18 15:00,2722.71685,2723.063363,0.346513
1/25/18 16:00,2722.717564,2723.066219,0.348655
1/25/18 17:00,2722.712668,2723.061017,0.348349
1/25/18 18:00,2722.709608,2723.059793,0.350185
1/25/18 19:00,2722.710628,2723.058671,0.348043
1/25/18 20:00,2722.708384,2723.057039,0.348655
1/25/18 21:00,2722.702367,2723.052246,0.349879
1/25/18 22:00,2722.703591,2723.053878,0.350287
1/25/18 23:00,2722.702877,2723.05245,0.349573
1/26/18 0:00,2722.708384,2723.057039,0.348655
1/26/18 1:00,2722.71073,2723.059895,0.349165
1/26/18 2:00,2722.706039,2723.053776,0.347737
1/26/18 3:00,2722.706957,2723.055102,0.348145
1/26/18 4:00,2722.707365,2723.055612,0.348247
1/26/18 5:00,2722.706447,2723.054796,0.348349
1/26/18 6:00,2722.706753,2723.055,0.348247
1/26/18 7:00,2722.703897,2723.052246,0.348349
1/26/18 8:00,2722.704713,2723.053164,0.348451
1/26/18 9:00,2722.703999,2723.05092,0.346921
1/26/18 10:00,2722.703081,2723.050818,0.347737
1/26/18 11:00,2722.701755,2723.051124,0.349369
1/26/18 12:00,2722.701755,2723.050818,0.349063
1/26/18 13:00,2722.703693,2723.051634,0.347941
1/26/18 14:00,2722.700837,2723.051634,0.350797
1/26/18 15:00,2722.702469,2723.052552,0.350083
1/26/18 16:00,2722.703897,2723.054286,0.350389
1/26/18 17:00,2722.700429,2723.050206,0.349777
1/26/18 18:00,2722.694819,2723.045514,0.350695
1/26/18 19:00,2722.689618,2723.042557,0.352939
1/26/18 20:00,2722.679725,2723.034295,0.35457
1/26/18 21:00,2722.670137,2723.0243,0.354163
1/26/18 22:00,2722.668403,2723.022158,0.353755
1/26/18 23:00,2722.65851,2723.010225,0.351715
1/27/18 0:00,2722.65545,2723.007063,0.351613
1/27/18 1:00,2722.647903,2723.003392,0.355489
1/27/18 2:00,2722.648719,2723.003698,0.354979
1/27/18 3:00,2722.642191,2722.995844,0.353653
1/27/18 4:00,2722.639234,2722.993906,0.354672
1/27/18 5:00,2722.63852,2722.992682,0.354162
1/27/18 6:00,2722.635052,2722.988807,0.353755
1/27/18 7:00,2722.625465,2722.979219,0.353754
1/27/18 8:00,2722.630258,2722.983809,0.353551
1/27/18 9:00,2722.666058,2723.018282,0.352224
1/27/18 10:00,2722.683804,2723.035825,0.352021
1/27/18 11:00,2722.688292,2723.039701,0.351409
1/27/18 12:00,2722.692168,2723.04531,0.353142
1/27/18 13:00,2722.697777,2723.048166,0.350389
1/27/18 14:00,2722.695839,2723.04888,0.353041
1/27/18 15:00,2722.697471,2723.051838,0.354367
1/27/18 16:00,2722.695635,2723.050716,0.355081
1/27/18 17:00,2722.695533,2723.051226,0.355693
1/27/18 18:00,2722.694208,2723.049798,0.35559
1/27/18 19:00,2722.693494,2723.050818,0.357324
1/27/18 20:00,2722.68666,2723.042455,0.355795
1/27/18 21:00,2722.683804,2723.041129,0.357325
1/27/18 22:00,2722.674115,2723.032153,0.358038
1/27/18 23:00,2722.671259,2723.026952,0.355693
1/28/18 0:00,2722.671361,2723.028686,0.357325
1/28/18 1:00,2722.669015,2723.02634,0.357325
1/28/18 2:00,2722.664732,2723.02022,0.355488
1/28/18 3:00,2722.665242,2723.02226,0.357018
1/28/18 4:00,2722.663406,2723.01971,0.356304
1/28/18 5:00,2722.66361,2723.018792,0.355182
1/28/18 6:00,2722.660448,2723.016243,0.355795
1/28/18 7:00,2722.662896,2723.015019,0.352123
1/28/18 8:00,2722.664834,2723.017466,0.352632
1/28/18 9:00,2722.673911,2723.02532,0.351409
1/28/18 10:00,2722.681458,2723.033581,0.352123
1/28/18 11:00,2722.688292,2723.040415,0.352123
1/28/18 12:00,2722.690842,2723.040313,0.349471
1/28/18 13:00,2722.690128,2723.042149,0.352021
1/28/18 14:00,2722.689108,2723.045514,0.356406
1/28/18 15:00,2722.691862,2723.044698,0.352836
1/28/18 16:00,2722.691046,2723.047452,0.356406
1/28/18 17:00,2722.687272,2723.041231,0.353959
1/28/18 18:00,2722.683192,2723.039599,0.356407
1/28/18 19:00,2722.682478,2723.038987,0.356509
1/28/18 20:00,2722.677379,2723.033275,0.355896
1/28/18 21:00,2722.675237,2723.031847,0.35661
1/28/18 22:00,2722.674421,2723.030419,0.355998
1/28/18 23:00,2722.674319,2723.032255,0.357936
1/29/18 0:00,2722.670137,2723.026748,0.356611
1/29/18 1:00,2722.666976,2723.02583,0.358854
1/29/18 2:00,2722.666568,2723.024402,0.357834
1/29/18 3:00,2722.669117,2723.022872,0.353755
1/29/18 4:00,2722.666976,2723.021954,0.354978
1/29/18 5:00,2722.663406,2723.01971,0.356304
1/29/18 6:00,2722.664018,2723.02124,0.357222
1/29/18 7:00,2722.66361,2723.019506,0.355896
1/29/18 8:00,2722.664324,2723.018792,0.354468
1/29/18 9:00,2722.675135,2723.029196,0.354061
1/29/18 10:00,2722.674421,2723.032561,0.35814
1/29/18 11:00,2722.682784,2723.036131,0.353347
1/29/18 12:00,2722.684008,2723.038375,0.354367
1/29/18 13:00,2722.680847,2723.037559,0.356712
1/29/18 14:00,2722.682988,2723.040517,0.357529
1/29/18 15:00,2722.684926,2723.041843,0.356917
1/29/18 16:00,2722.686966,2723.04531,0.358344
1/29/18 17:00,2722.679827,2723.040211,0.360384
1/29/18 18:00,2722.673197,2723.035213,0.362016
1/29/18 19:00,2722.671973,2723.031541,0.359568
1/29/18 20:00,2722.670545,2723.030419,0.359874
1/29/18 21:00,2722.66769,2723.029094,0.361404
1/29/18 22:00,2722.669525,2723.02787,0.358345
1/29/18 23:00,2722.670239,2723.028482,0.358243
1/30/18 0:00,2722.667588,2723.026136,0.358548
1/30/18 1:00,2722.663916,2723.026034,0.362118
1/30/18 2:00,2722.665242,2723.025728,0.360486
1/30/18 3:00,2722.665242,2723.02226,0.357018
1/30/18 4:00,2722.666262,2723.02481,0.358548
1/30/18 5:00,2722.660448,2723.019506,0.359058
1/30/18 6:00,2722.658102,2723.01818,0.360078
1/30/18 7:00,2722.658612,2723.017058,0.358446
1/30/18 8:00,2722.66157,2723.019812,0.358242
1/30/18 9:00,2722.669117,2723.02481,0.355693
1/30/18 10:00,2722.675033,2723.032255,0.357222
1/30/18 11:00,2722.680541,2723.036539,0.355998
1/30/18 12:00,2722.679929,2723.038273,0.358344
1/30/18 13:00,2722.677583,2723.038171,0.360588
1/30/18 14:00,2722.678501,2723.038885,0.360384
1/30/18 15:00,2722.676767,2723.040415,0.363648
1/30/18 16:00,2722.677481,2723.041231,0.36375
1/30/18 17:00,2722.679929,2723.042761,0.362832
1/30/18 18:00,2722.677175,2723.040517,0.363342
1/30/18 19:00,2722.676665,2723.038477,0.361812
1/30/18 20:00,2722.673197,2723.035825,0.362628
1/30/18 21:00,2722.674931,2723.036029,0.361098
1/30/18 22:00,2722.673707,2723.037049,0.363342
1/30/18 23:00,2722.673605,2723.036131,0.362526
1/31/18 0:00,2722.673197,2723.035927,0.36273
1/31/18 1:00,2722.669423,2723.033683,0.36426
1/31/18 2:00,2722.668098,2723.031643,0.363545
1/31/18 3:00,2722.666874,2723.029502,0.362628
1/31/18 4:00,2722.666874,2723.030113,0.363239
1/31/18 5:00,2722.668403,2723.029196,0.360793
1/31/18 6:00,2722.668709,2723.030623,0.361914
1/31/18 7:00,2722.672687,2723.034703,0.362016
1/31/18 8:00,2722.671667,2723.033683,0.362016
1/31/18 9:00,2722.673095,2723.033989,0.360894
1/31/18 10:00,2722.673809,2723.037967,0.364158
1/31/18 11:00,2722.671769,2723.035213,0.363444
1/31/18 12:00,2722.670749,2723.037865,0.367116
1/31/18 13:00,2722.680235,2723.037865,0.35763
1/31/18 14:00,2722.681153,2723.040517,0.359364
1/31/18 15:00,2722.676665,2723.040007,0.363342
1/31/18 16:00,2722.674625,2723.038987,0.364362
1/31/18 17:00,2722.673299,2723.039599,0.3663
1/31/18 18:00,2722.671667,2723.037253,0.365586
1/31/18 19:00,2722.671361,2723.034601,0.36324
1/31/18 20:00,2722.669219,2723.036233,0.367014
1/31/18 21:00,2722.666364,2723.032663,0.366299
1/31/18 22:00,2722.665854,2723.033479,0.367625
1/31/18 23:00,2722.665956,2723.033275,0.367319
2/1/18 0:00,2722.664732,2723.033581,0.368849
2/1/18 1:00,2722.665956,2723.034091,0.368135
2/1/18 2:00,2722.667486,2723.035723,0.368237
2/1/18 3:00,2722.666976,2723.037049,0.370073
2/1/18 4:00,2722.665344,2723.033071,0.367727
2/1/18 5:00,2722.663712,2723.033173,0.369461
2/1/18 6:00,2722.663304,2723.035417,0.372113
2/1/18 7:00,2722.665956,2723.034601,0.368645
2/1/18 8:00,2722.665344,2723.033989,0.368645
2/1/18 9:00,2722.662692,2723.031337,0.368645
2/1/18 10:00,2722.66463,2723.034601,0.369971
2/1/18 11:00,2722.666262,2723.035519,0.369257
2/1/18 12:00,2722.663508,2723.035213,0.371705
2/1/18 13:00,2722.661672,2723.033785,0.372113
2/1/18 14:00,2722.66514,2723.036233,0.371093
2/1/18 15:00,2722.66514,2723.035111,0.369971
2/1/18 16:00,2722.66412,2723.035825,0.371705
2/1/18 17:00,2722.66361,2723.035825,0.372215
2/1/18 18:00,2722.663406,2723.036437,0.373031
2/1/18 19:00,2722.661774,2723.035213,0.373439
2/1/18 20:00,2722.66106,2723.032357,0.371297
2/1/18 21:00,2722.658306,2723.030419,0.372113
2/1/18 22:00,2722.65851,2723.028482,0.369972
2/1/18 23:00,2722.658918,2723.029604,0.370686
2/2/18 0:00,2722.658,2723.02736,0.36936
2/2/18 1:00,2722.657694,2723.025422,0.367728
2/2/18 2:00,2722.65698,2723.025728,0.368748
2/2/18 3:00,2722.65902,2723.025932,0.366912
2/2/18 4:00,2722.658816,2723.026952,0.368136
2/2/18 5:00,2722.656368,2723.023586,0.367218
2/2/18 6:00,2722.656062,2723.02634,0.370278
2/2/18 7:00,2722.656266,2723.024402,0.368136
2/2/18 8:00,2722.655348,2723.0243,0.368952
2/2/18 9:00,2722.65545,2723.023892,0.368442
2/2/18 10:00,2722.656878,2723.027156,0.370278
2/2/18 11:00,2722.661978,2723.029604,0.367626
2/2/18 12:00,2722.660754,2723.031031,0.370277
2/2/18 13:00,2722.66361,2723.030521,0.366911
2/2/18 14:00,2722.65749,2723.029502,0.372012
2/2/18 15:00,2722.658918,2723.031133,0.372215
2/2/18 16:00,2722.663202,2723.032153,0.368951
2/2/18 17:00,2722.662488,2723.032255,0.369767
2/2/18 18:00,2722.660652,2723.031745,0.371093
2/2/18 19:00,2722.65851,2723.0294,0.37089
2/2/18 20:00,2722.658918,2723.030623,0.371705
2/2/18 21:00,2722.657286,2723.029298,0.372012
2/2/18 22:00,2722.65749,2723.027972,0.370482
2/2/18 23:00,2722.655348,2723.024504,0.369156
2/3/18 0:00,2722.652595,2723.021852,0.369257
2/3/18 1:00,2722.653105,2723.02124,0.368135
2/3/18 2:00,2722.653717,2723.022158,0.368441
2/3/18 3:00,2722.652187,2723.020322,0.368135
2/3/18 4:00,2722.650963,2723.018588,0.367625
2/3/18 5:00,2722.653309,2723.020832,0.367523
2/3/18 6:00,2722.654737,2723.02226,0.367523
2/3/18 7:00,2722.655144,2723.024198,0.369054
2/3/18 8:00,2722.656164,2723.02379,0.367626
2/3/18 9:00,2722.655756,2723.022056,0.3663
2/3/18 10:00,2722.656368,2723.023892,0.367524
2/3/18 11:00,2722.656878,2723.027768,0.37089
2/3/18 12:00,2722.654023,2723.026034,0.372011
2/3/18 13:00,2722.654533,2723.028074,0.373541
2/3/18 14:00,2722.652799,2723.02634,0.373541
2/3/18 15:00,2722.655246,2723.028686,0.37344
2/3/18 16:00,2722.65545,2723.029808,0.374358
2/3/18 17:00,2722.656062,2723.029298,0.373236
2/3/18 18:00,2722.654329,2723.028992,0.374663
2/3/18 19:00,2722.653513,2723.028686,0.375173
2/3/18 20:00,2722.651269,2723.02736,0.376091
2/3/18 21:00,2722.650555,2723.025524,0.374969
2/3/18 22:00,2722.651575,2723.021954,0.370379
2/3/18 23:00,2722.653921,2723.022056,0.368135
2/4/18 0:00,2722.646475,2723.017772,0.371297
2/4/18 1:00,2722.646373,2723.016753,0.37038
2/4/18 2:00,2722.648107,2723.018282,0.370175
2/4/18 3:00,2722.648005,2723.017364,0.369359
2/4/18 4:00,2722.648209,2723.017058,0.368849
2/4/18 5:00,2722.647699,2723.017466,0.369767
2/4/18 6:00,2722.645761,2723.015631,0.36987
2/4/18 7:00,2722.646577,2723.013795,0.367218
2/4/18 8:00,2722.647801,2723.015121,0.36732
2/4/18 9:00,2722.643517,2723.014203,0.370686
2/4/18 10:00,2722.650963,2723.016753,0.36579
2/4/18 11:00,2722.650249,2723.018078,0.367829
2/4/18 12:00,2722.650759,2723.020424,0.369665
2/4/18 13:00,2722.650045,2723.022668,0.372623
2/4/18 14:00,2722.647699,2723.022362,0.374663
2/4/18 15:00,2722.646883,2723.02328,0.376397
2/4/18 16:00,2722.647495,2723.023586,0.376091
2/4/18 17:00,2722.649025,2723.025014,0.375989
2/4/18 18:00,2722.649331,2723.023892,0.374561
2/4/18 19:00,2722.645761,2723.020526,0.374765
2/4/18 20:00,2722.643109,2723.016141,0.373032
2/4/18 21:00,2722.640458,2723.013999,0.373541
2/4/18 22:00,2722.637704,2723.008797,0.371093
2/4/18 23:00,2722.637296,2723.006043,0.368747
2/5/18 0:00,2722.641172,2723.010021,0.368849
2/5/18 1:00,2722.641682,2723.012265,0.370583
2/5/18 2:00,2722.643007,2723.012265,0.369258
2/5/18 3:00,2722.642089,2723.014203,0.372114
2/5/18 4:00,2722.642701,2723.013693,0.370992
2/5/18 5:00,2722.640356,2723.014203,0.373847
2/5/18 6:00,2722.644333,2723.013999,0.369666
2/5/18 7:00,2722.641478,2723.012979,0.371501
2/5/18 8:00,2722.639234,2723.011041,0.371807
2/5/18 9:00,2722.642497,2723.012673,0.370176
2/5/18 10:00,2722.642497,2723.016141,0.373644
2/5/18 11:00,2722.645047,2723.017466,0.372419
2/5/18 12:00,2722.642905,2723.01767,0.374765
2/5/18 13:00,2722.643823,2723.019302,0.375479
2/5/18 14:00,2722.642089,2723.019098,0.377009
2/5/18 15:00,2722.643211,2723.015835,0.372624
2/5/18 16:00,2722.644435,2723.017874,0.373439
2/5/18 17:00,2722.645557,2723.018384,0.372827
2/5/18 18:00,2722.644435,2723.018792,0.374357
2/5/18 19:00,2722.642293,2723.015937,0.373644
2/5/18 20:00,2722.63954,2723.011755,0.372215
2/5/18 21:00,2722.640662,2723.010429,0.369767
2/5/18 22:00,2722.641784,2723.011143,0.369359
2/5/18 23:00,2722.641784,2723.010735,0.368951
2/6/18 0:00,2722.644333,2723.014407,0.370074
2/6/18 1:00,2722.646679,2723.011959,0.36528
2/6/18 2:00,2722.649637,2723.011347,0.36171
2/6/18 3:00,2722.647495,2723.011653,0.364158
2/6/18 4:00,2722.646475,2723.011959,0.365484
2/6/18 5:00,2722.645761,2723.015019,0.369258
2/6/18 6:00,2722.645863,2723.015121,0.369258
2/6/18 7:00,2722.644333,2723.012265,0.367932
2/6/18 8:00,2722.639642,2723.006451,0.366809
2/6/18 9:00,2722.638214,2723.007471,0.369257
2/6/18 10:00,2722.640662,2723.012061,0.371399
2/6/18 11:00,2722.643925,2723.016651,0.372726
2/6/18 12:00,2722.640662,2723.007267,0.366605
2/6/18 13:00,2722.644027,2723.012265,0.368238
2/6/18 14:00,2722.641274,2723.010735,0.369461
2/6/18 15:00,2722.641987,2723.013081,0.371094
2/6/18 16:00,2722.641784,2723.015223,0.373439
2/6/18 17:00,2722.642395,2723.012673,0.370278
2/6/18 18:00,2722.643415,2723.012877,0.369462
2/6/18 19:00,2722.642701,2723.008797,0.366096
2/6/18 20:00,2722.637398,2722.99717,0.359772
2/6/18 21:00,2722.636378,2722.99258,0.356202
2/6/18 22:00,2722.622813,2722.976058,0.353245
2/6/18 23:00,2722.620161,2722.967388,0.347227
2/7/18 0:00,2722.618121,2722.965756,0.347635
2/7/18 1:00,2722.618223,2722.967388,0.349165
2/7/18 2:00,2722.618631,2722.968612,0.349981
2/7/18 3:00,2722.621283,2722.969224,0.347941
2/7/18 4:00,2722.621487,2722.97106,0.349573
2/7/18 5:00,2722.617305,2722.967082,0.349777
2/7/18 6:00,2722.619345,2722.962799,0.343454
2/7/18 7:00,2722.615775,2722.961473,0.345698
2/7/18 8:00,2722.613736,2722.957495,0.343759
2/7/18 9:00,2722.620263,2722.963411,0.343148
2/7/18 10:00,2722.631074,2722.979219,0.348145
2/7/18 11:00,2722.639948,2722.993396,0.353448
2/7/18 12:00,2722.641784,2723.003799,0.362015
2/7/18 13:00,2722.644435,2723.00329,0.358855
2/7/18 14:00,2722.64158,2722.998496,0.356916
2/7/18 15:00,2722.638622,2722.991968,0.353346
2/7/18 16:00,2722.641987,2722.998496,0.356509
2/7/18 17:00,2722.640866,2723.000332,0.359466
2/7/18 18:00,2722.641274,2723.001148,0.359874
2/7/18 19:00,2722.640254,2722.998598,0.358344
2/7/18 20:00,2722.635562,2722.992478,0.356916
2/7/18 21:00,2722.633318,2722.988807,0.355489
2/7/18 22:00,2722.63291,2722.987379,0.354469
2/7/18 23:00,2722.632808,2722.988093,0.355285
2/8/18 0:00,2722.63036,2722.981565,0.351205
2/8/18 1:00,2722.626689,2722.977282,0.350593
2/8/18 2:00,2722.626281,2722.978301,0.35202
2/8/18 3:00,2722.625057,2722.979015,0.353958
2/8/18 4:00,2722.624547,2722.980647,0.3561
2/8/18 5:00,2722.625975,2722.977995,0.35202
2/8/18 6:00,2722.626281,2722.979321,0.35304
2/8/18 7:00,2722.626689,2722.978709,0.35202
2/8/18 8:00,2722.627913,2722.981667,0.353754
2/8/18 9:00,2722.637194,2722.992376,0.355182
2/8/18 10:00,2722.646169,2723.005737,0.359568
2/8/18 11:00,2722.649637,2723.014305,0.364668
2/8/18 12:00,2722.648923,2723.014713,0.36579
2/8/18 13:00,2722.646475,2723.014407,0.367932
2/8/18 14:00,2722.645761,2723.010225,0.364464
2/8/18 15:00,2722.646373,2723.009511,0.363138
2/8/18 16:00,2722.644843,2723.009001,0.364158
2/8/18 17:00,2722.646883,2723.010123,0.36324
2/8/18 18:00,2722.647291,2723.010531,0.36324
2/8/18 19:00,2722.641784,2723.005125,0.363341
2/8/18 20:00,2722.639336,2723.002066,0.36273
2/8/18 21:00,2722.639846,2723.002066,0.36222
2/8/18 22:00,2722.639234,2722.9987,0.359466
2/8/18 23:00,2722.639132,2722.997986,0.358854
2/9/18 0:00,2722.634236,2722.99156,0.357324
2/9/18 1:00,2722.63342,2722.989419,0.355999
2/9/18 2:00,2722.631686,2722.987991,0.356305
2/9/18 3:00,2722.630768,2722.986359,0.355591
2/9/18 4:00,2722.633828,2722.986869,0.353041
2/9/18 5:00,2722.63393,2722.988195,0.354265
2/9/18 6:00,2722.633318,2722.985849,0.352531
2/9/18 7:00,2722.635154,2722.986665,0.351511
2/9/18 8:00,2722.636276,2722.993702,0.357426
2/9/18 9:00,2722.643823,2723.000026,0.356203
2/9/18 10:00,2722.646475,2723.006655,0.36018
2/9/18 11:00,2722.647495,2723.011755,0.36426
2/9/18 12:00,2722.647393,2723.014407,0.367014
2/9/18 13:00,2722.648311,2723.02022,0.371909
2/9/18 14:00,2722.648311,2723.02022,0.371909
2/9/18 15:00,2722.648413,2723.017262,0.368849
2/9/18 16:00,2722.645863,2723.015427,0.369564
2/9/18 17:00,2722.646169,2723.014509,0.36834
2/9/18 18:00,2722.645557,2723.016447,0.37089
2/9/18 19:00,2722.644231,2723.011347,0.367116
2/9/18 20:00,2722.63903,2723.005125,0.366095
2/9/18 21:00,2722.639948,2723.00329,0.363342
2/9/18 22:00,2722.637602,2723.000842,0.36324
2/9/18 23:00,2722.639846,2723.00227,0.362424
2/10/18 0:00,2722.64158,2723.002474,0.360894
2/10/18 1:00,2722.639438,2723.000536,0.361098
2/10/18 2:00,2722.639948,2723.003188,0.36324
2/10/18 3:00,2722.63954,2723.005431,0.365891
2/10/18 4:00,2722.64005,2723.004513,0.364463
2/10/18 5:00,2722.637194,2723.004411,0.367217
2/10/18 6:00,2722.637398,2723.002474,0.365076
2/10/18 7:00,2722.638724,2723.00329,0.364566
2/10/18 8:00,2722.637092,2723.004003,0.366911
2/10/18 9:00,2722.636786,2723.004411,0.367625
2/10/18 10:00,2722.638112,2723.003392,0.36528
2/10/18 11:00,2722.636378,2723.004207,0.367829
2/10/18 12:00,2722.639438,2723.008695,0.369257
2/10/18 13:00,2722.639948,2723.005941,0.365993
2/10/18 14:00,2722.644639,2723.007573,0.362934
2/10/18 15:00,2722.647291,2723.005227,0.357936
2/10/18 16:00,2722.647189,2723.008491,0.361302
2/10/18 17:00,2722.645455,2723.006757,0.361302
2/10/18 18:00,2722.643415,2722.99768,0.354265
2/10/18 19:00,2722.638112,2722.993396,0.355284
2/10/18 20:00,2722.636276,2722.990337,0.354061
2/10/18 21:00,2722.636378,2722.987583,0.351205
2/10/18 22:00,2722.623323,2722.965858,0.342535
2/10/18 23:00,2722.621385,2722.963003,0.341618
2/11/18 0:00,2722.618937,2722.959229,0.340292
2/11/18 1:00,2722.620569,2722.955863,0.335294
2/11/18 2:00,2722.622915,2722.954129,0.331214
2/11/18 3:00,2722.621895,2722.950254,0.328359
2/11/18 4:00,2722.609656,2722.937403,0.327747
2/11/18 5:00,2722.600783,2722.926795,0.326012
2/11/18 6:00,2722.598641,2722.923532,0.324891
2/11/18 7:00,2722.598131,2722.920676,0.322545
2/11/18 8:00,2722.595071,2722.91884,0.323769
2/11/18 9:00,2722.616897,2722.949948,0.333051
2/11/18 10:00,2722.624751,2722.963921,0.33917
2/11/18 11:00,2722.638214,2722.984319,0.346105
2/11/18 12:00,2722.642395,2722.989215,0.34682
2/11/18 13:00,2722.635154,2722.975242,0.340088
2/11/18 14:00,2722.634338,2722.968714,0.334376
2/11/18 15:00,2722.633318,2722.971978,0.33866
2/11/18 16:00,2722.640662,2722.980953,0.340291
2/11/18 17:00,2722.631074,2722.975854,0.34478
2/11/18 18:00,2722.625567,2722.968816,0.343249
2/11/18 19:00,2722.620569,2722.958107,0.337538
2/11/18 20:00,2722.616285,2722.94852,0.332235
2/11/18 21:00,2722.616897,2722.94801,0.331113
2/11/18 22:00,2722.620059,2722.950968,0.330909
2/11/18 23:00,2722.624751,2722.958719,0.333968
2/12/18 0:00,2722.626689,2722.964838,0.338149
2/12/18 1:00,2722.62883,2722.969632,0.340802
2/12/18 2:00,2722.636174,2722.972794,0.33662
2/12/18 3:00,2722.640254,2722.978607,0.338353
2/12/18 4:00,2722.641478,2722.980545,0.339067
2/12/18 5:00,2722.644741,2722.985747,0.341006
2/12/18 6:00,2722.647903,2722.990846,0.342943
2/12/18 7:00,2722.649739,2722.993294,0.343555
2/12/18 8:00,2722.650759,2722.995334,0.344575
2/12/18 9:00,2722.651065,2722.996354,0.345289
2/12/18 10:00,2722.656776,2723.000026,0.34325
2/12/18 11:00,2722.659428,2723.005329,0.345901
2/12/18 12:00,2722.660958,2723.011347,0.350389
2/12/18 13:00,2722.660652,2723.018792,0.35814
2/12/18 14:00,2722.660244,2723.019914,0.35967
2/12/18 15:00,2722.659836,2723.015529,0.355693
2/12/18 16:00,2722.660142,2723.011653,0.351511
2/12/18 17:00,2722.658816,2723.012265,0.353449
2/12/18 18:00,2722.65647,2723.008797,0.352327
2/12/18 19:00,2722.658306,2723.009511,0.351205
2/12/18 20:00,2722.65953,2723.010021,0.350491
2/12/18 21:00,2722.659326,2723.009205,0.349879
2/12/18 22:00,2722.656572,2723.007063,0.350491
2/12/18 23:00,2722.654023,2723.002066,0.348043
2/13/18 0:00,2722.657184,2723.005533,0.348349
2/13/18 1:00,2722.658918,2723.005023,0.346105
2/13/18 2:00,2722.656164,2723.004921,0.348757
2/13/18 3:00,2722.65545,2723.004819,0.349369
2/13/18 4:00,2722.656368,2723.005533,0.349165
2/13/18 5:00,2722.653513,2723.000944,0.347431
2/13/18 6:00,2722.653207,2723.001454,0.348247
2/13/18 7:00,2722.657286,2723.00227,0.344984
2/13/18 8:00,2722.655858,2723.002984,0.347126
2/13/18 9:00,2722.65749,2723.005227,0.347737
2/13/18 10:00,2722.658714,2723.006961,0.348247
2/13/18 11:00,2722.658102,2723.007471,0.349369
2/13/18 12:00,2722.658,2723.009001,0.351001
2/13/18 13:00,2722.660346,2723.010837,0.350491
2/13/18 14:00,2722.656878,2723.010837,0.353959
2/13/18 15:00,2722.65545,2723.007675,0.352225
2/13/18 16:00,2722.654023,2723.011245,0.357222
2/13/18 17:00,2722.655552,2723.010225,0.354673
2/13/18 18:00,2722.65545,2723.009001,0.353551
2/13/18 19:00,2722.649229,2723.006859,0.35763
2/13/18 20:00,2722.645965,2723.004513,0.358548
2/13/18 21:00,2722.646577,2722.999822,0.353245
2/13/18 22:00,2722.646373,2723.00176,0.355387
2/13/18 23:00,2722.647087,2723.004309,0.357222
2/14/18 0:00,2722.647393,2723.003901,0.356508
2/14/18 1:00,2722.646985,2723.007471,0.360486
2/14/18 2:00,2722.646169,2723.008185,0.362016
2/14/18 3:00,2722.646169,2723.006961,0.360792
2/14/18 4:00,2722.646577,2723.008593,0.362016
2/14/18 5:00,2722.646373,2723.009511,0.363138
2/14/18 6:00,2722.644231,2723.007879,0.363648
2/14/18 7:00,2722.643619,2723.008491,0.364872
2/14/18 8:00,2722.646169,2723.010531,0.364362
2/14/18 9:00,2722.646067,2723.010735,0.364668
2/14/18 10:00,2722.642701,2723.008083,0.365382
2/14/18 11:00,2722.644537,2723.011041,0.366504
2/14/18 12:00,2722.641784,2723.009511,0.367727
2/14/18 13:00,2722.64158,2723.008593,0.367013
2/14/18 14:00,2722.644537,2723.011857,0.36732
2/14/18 15:00,2722.645353,2723.010735,0.365382
2/14/18 16:00,2722.645863,2723.009205,0.363342
2/14/18 17:00,2722.642599,2723.006043,0.363444
2/14/18 18:00,2722.641885,2723.00074,0.358855
2/14/18 19:00,2722.641682,2722.997782,0.3561
2/14/18 20:00,2722.641987,2722.99615,0.354163
2/14/18 21:00,2722.641376,2722.99768,0.356304
2/14/18 22:00,2722.643109,2722.998598,0.355489
2/14/18 23:00,2722.644027,2722.998496,0.354469
2/15/18 0:00,2722.648719,2722.995742,0.347023
2/15/18 1:00,2722.651269,2722.99768,0.346411
2/15/18 2:00,2722.661774,2723.002372,0.340598
2/15/18 3:00,2722.669627,2723.002168,0.332541
2/15/18 4:00,2722.680133,2723.006961,0.326828
2/15/18 5:00,2722.678501,2723.001658,0.323157
2/15/18 6:00,2722.674931,2723.008389,0.333458
2/15/18 7:00,2722.674931,2723.006247,0.331316
2/15/18 8:00,2722.669219,2723.005431,0.336212
2/15/18 9:00,2722.6631,2723.007777,0.344677
2/15/18 10:00,2722.663304,2723.012571,0.349267
2/15/18 11:00,2722.660958,2723.012061,0.351103
2/15/18 12:00,2722.65596,2723.007573,0.351613
2/15/18 13:00,2722.654431,2723.004819,0.350388
2/15/18 14:00,2722.652595,2723.003188,0.350593
2/15/18 15:00,2722.653615,2723.001454,0.347839
2/15/18 16:00,2722.648821,2722.990541,0.34172
2/15/18 17:00,2722.647291,2722.984013,0.336722
2/15/18 18:00,2722.642701,2722.974324,0.331623
2/15/18 19:00,2722.637806,2722.964328,0.326522
2/15/18 20:00,2722.644129,2722.97616,0.332031
2/15/18 21:00,2722.647189,2722.977995,0.330806
2/15/18 22:00,2722.649637,2722.980239,0.330602
2/15/18 23:00,2722.651881,2722.982687,0.330806
2/16/18 0:00,2722.653921,2722.985033,0.331112
2/16/18 1:00,2722.654023,2722.981769,0.327746
2/16/18 2:00,2722.654941,2722.973202,0.318261
2/16/18 3:00,2722.659836,2722.971876,0.31204
2/16/18 4:00,2722.66361,2722.956169,0.292559
2/16/18 5:00,2722.670851,2722.945562,0.274711
2/16/18 6:00,2722.681968,2722.944746,0.262778
2/16/18 7:00,2722.687986,2722.941074,0.253088
2/16/18 8:00,2722.69329,2722.943828,0.250538
2/16/18 9:00,2722.690128,2722.963411,0.273283
2/16/18 10:00,2722.665752,2722.983707,0.317955
2/16/18 11:00,2722.663712,2723.004615,0.340903
2/16/18 12:00,2722.660754,2723.005329,0.344575
2/16/18 13:00,2722.65545,2722.998088,0.342638
2/16/18 14:00,2722.650759,2722.990439,0.33968
2/16/18 15:00,2722.646067,2722.984829,0.338762
2/16/18 16:00,2722.644741,2722.982585,0.337844
2/16/18 17:00,2722.642089,2722.980953,0.338864
2/16/18 18:00,2722.63699,2722.971978,0.334988
2/16/18 19:00,2722.635664,2722.96953,0.333866
2/16/18 20:00,2722.637092,2722.971264,0.334172
2/16/18 21:00,2722.640662,2722.977587,0.336925
2/16/18 22:00,2722.638724,2722.975242,0.336518
2/16/18 23:00,2722.642599,2722.976466,0.333867
2/17/18 0:00,2722.645047,2722.987175,0.342128
2/17/18 1:00,2722.644741,2722.984523,0.339782
2/17/18 2:00,2722.644333,2722.983299,0.338966
2/17/18 3:00,2722.643721,2722.982381,0.33866
2/17/18 4:00,2722.643823,2722.980851,0.337028
2/17/18 5:00,2722.644741,2722.983197,0.338456
2/17/18 6:00,2722.646271,2722.980443,0.334172
2/17/18 7:00,2722.630564,2722.954435,0.323871
2/17/18 8:00,2722.622507,2722.936383,0.313876
2/17/18 9:00,2722.623221,2722.939748,0.316527
2/17/18 10:00,2722.631686,2722.955149,0.323463
2/17/18 11:00,2722.636582,2722.965552,0.32897
2/17/18 12:00,2722.628219,2722.95005,0.321831
2/17/18 13:00,2722.624343,2722.94648,0.322137
2/17/18 14:00,2722.624343,2722.94954,0.325197
2/17/18 15:00,2722.625159,2722.953823,0.328664
2/17/18 16:00,2722.625363,2722.959535,0.334172
2/17/18 17:00,2722.628219,2722.960657,0.332438
2/17/18 18:00,2722.624955,2722.958107,0.333152
2/17/18 19:00,2722.621997,2722.955863,0.333866
2/17/18 20:00,2722.616897,2722.944746,0.327849
2/17/18 21:00,2722.619753,2722.947602,0.327849
2/17/18 22:00,2722.622201,2722.950866,0.328665
2/17/18 23:00,2722.625261,2722.951477,0.326216
2/18/18 0:00,2722.627301,2722.955761,0.32846
2/18/18 1:00,2722.633522,2722.956577,0.323055
2/18/18 2:00,2722.63801,2722.961473,0.323463
2/18/18 3:00,2722.639948,2722.962901,0.322953
2/18/18 4:00,2722.64158,2722.961881,0.320301
2/18/18 5:00,2722.645149,2722.96443,0.319281
2/18/18 6:00,2722.644945,2722.96545,0.320505
2/18/18 7:00,2722.646985,2722.965756,0.318771
2/18/18 8:00,2722.652289,2722.972794,0.320505
2/18/18 9:00,2722.650351,2722.985645,0.335294
2/18/18 10:00,2722.653921,2723.006043,0.352122
2/18/18 11:00,2722.656776,2723.014815,0.358039
2/18/18 12:00,2722.657898,2723.022056,0.364158
2/18/18 13:00,2722.655144,2723.018996,0.363852
2/18/18 14:00,2722.644537,2723.003392,0.358855
2/18/18 15:00,2722.644537,2723.00329,0.358753
2/18/18 16:00,2722.640764,2722.998394,0.35763
2/18/18 17:00,2722.643313,2722.999108,0.355795
2/18/18 18:00,2722.644639,2722.9987,0.354061
2/18/18 19:00,2722.644741,2722.998088,0.353347
2/18/18 20:00,2722.641987,2722.996864,0.354877
2/18/18 21:00,2722.644333,2722.997782,0.353449
2/18/18 22:00,2722.644435,2722.998088,0.353653
2/18/18 23:00,2722.639846,2722.994212,0.354366
2/19/18 0:00,2722.638724,2722.992784,0.35406
2/19/18 1:00,2722.640968,2722.994314,0.353346
2/19/18 2:00,2722.64056,2722.995742,0.355182
2/19/18 3:00,2722.644741,2722.99717,0.352429
2/19/18 4:00,2722.645047,2722.996966,0.351919
2/19/18 5:00,2722.643109,2722.99462,0.351511
2/19/18 6:00,2722.646373,2722.996456,0.350083
2/19/18 7:00,2722.643517,2722.995232,0.351715
2/19/18 8:00,2722.645251,2722.997272,0.352021
2/19/18 9:00,2722.644027,2722.999108,0.355081
2/19/18 10:00,2722.647189,2723.001454,0.354265
2/19/18 11:00,2722.643925,2723.003086,0.359161
2/19/18 12:00,2722.645455,2723.00176,0.356305
2/19/18 13:00,2722.64158,2722.99921,0.35763
2/19/18 14:00,2722.642599,2723.002066,0.359467
2/19/18 15:00,2722.643109,2723.000638,0.357529
2/19/18 16:00,2722.643619,2723.00227,0.358651
2/19/18 17:00,2722.645659,2723.001148,0.355489
2/19/18 18:00,2722.655552,2722.99411,0.338558
2/19/18 19:00,2722.667894,2722.984727,0.316833
2/19/18 20:00,2722.678501,2722.978403,0.299902
2/19/18 21:00,2722.677787,2722.973202,0.295415
2/19/18 22:00,2722.675747,2722.97259,0.296843
2/19/18 23:00,2722.681357,2722.979627,0.29827
2/20/18 0:00,2722.681458,2722.976364,0.294906
2/20/18 1:00,2722.687374,2722.978505,0.291131
2/20/18 2:00,2722.68819,2722.975038,0.286848
2/20/18 3:00,2722.685334,2722.974936,0.289602
2/20/18 4:00,2722.683702,2722.97208,0.288378
2/20/18 5:00,2722.69074,2722.976364,0.285624
2/20/18 6:00,2722.69023,2722.976772,0.286542
2/20/18 7:00,2722.687986,2722.976058,0.288072
2/20/18 8:00,2722.684518,2722.971978,0.28746
2/20/18 9:00,2722.675237,2722.981871,0.306634
2/20/18 10:00,2722.667384,2722.988501,0.321117
2/20/18 11:00,2722.665446,2723.00023,0.334784
2/20/18 12:00,2722.662692,2723.008287,0.345595
2/20/18 13:00,2722.65545,2723.00074,0.34529
2/20/18 14:00,2722.652085,2722.995028,0.342943
2/20/18 15:00,2722.646577,2722.981973,0.335396
2/20/18 16:00,2722.647699,2722.975956,0.328257
2/20/18 17:00,2722.645455,2722.973814,0.328359
2/20/18 18:00,2722.645149,2722.980647,0.335498
2/20/18 19:00,2722.637704,2722.967388,0.329684
2/20/18 20:00,2722.625261,2722.952395,0.327134
2/20/18 21:00,2722.618121,2722.940972,0.322851
2/20/18 22:00,2722.605984,2722.92445,0.318466
2/20/18 23:00,2722.600579,2722.918432,0.317853
2/21/18 0:00,2722.611696,2722.927917,0.316221
2/21/18 1:00,2722.602313,2722.920166,0.317853
2/21/18 2:00,2722.590583,2722.908029,0.317446
2/21/18 3:00,2722.595173,2722.91527,0.320097
2/21/18 4:00,2722.609758,2722.939034,0.329276
2/21/18 5:00,2722.587116,2722.906907,0.319791
2/21/18 6:00,2722.586708,2722.905479,0.318771
2/21/18 7:00,2722.586504,2722.905581,0.319077
2/21/18 8:00,2722.610676,2722.928631,0.317955
2/21/18 9:00,2722.64005,2722.961983,0.321933
2/21/18 10:00,2722.655348,2722.982891,0.327543
2/21/18 11:00,2722.667486,2723.003596,0.33611
2/21/18 12:00,2722.668607,2723.007165,0.338558
2/21/18 13:00,2722.665752,2723.004105,0.338353
2/21/18 14:00,2722.66565,2723.00125,0.3356
2/21/18 15:00,2722.662998,2722.991152,0.328154
2/21/18 16:00,2722.659326,2722.983605,0.324279
2/21/18 17:00,2722.658,2722.979423,0.321423
2/21/18 18:00,2722.656878,2722.977384,0.320506
2/21/18 19:00,2722.655246,2722.976058,0.320812
2/21/18 20:00,2722.652901,2722.976874,0.323973
2/21/18 21:00,2722.647903,2722.973508,0.325605
2/21/18 22:00,2722.645761,2722.968816,0.323055
2/21/18 23:00,2722.647087,2722.974834,0.327747
2/22/18 0:00,2722.649739,2722.977485,0.327746
2/22/18 1:00,2722.654329,2722.985237,0.330908
2/22/18 2:00,2722.660856,2722.993396,0.33254
2/22/18 3:00,2722.661264,2722.994416,0.333152
2/22/18 4:00,2722.661978,2722.995436,0.333458
2/22/18 5:00,2722.66463,2722.998292,0.333662
2/22/18 6:00,2722.666262,2722.99972,0.333458
2/22/18 7:00,2722.667384,2723.002474,0.33509
2/22/18 8:00,2722.667792,2723.004513,0.336721
2/22/18 9:00,2722.669117,2723.003698,0.334581
2/22/18 10:00,2722.670137,2723.005125,0.334988
2/22/18 11:00,2722.669933,2723.005839,0.335906
2/22/18 12:00,2722.673503,2723.007573,0.33407
2/22/18 13:00,2722.669933,2723.007573,0.33764
2/22/18 14:00,2722.669831,2723.011347,0.341516
2/22/18 15:00,2722.668811,2723.010735,0.341924
2/22/18 16:00,2722.670647,2723.012367,0.34172
2/22/18 17:00,2722.669015,2723.006961,0.337946
2/22/18 18:00,2722.666874,2723.00074,0.333866
2/22/18 19:00,2722.670953,2722.992784,0.321831
2/22/18 20:00,2722.669219,2722.989113,0.319894
2/22/18 21:00,2722.671769,2722.993396,0.321627
2/22/18 22:00,2722.673707,2722.996864,0.323157
2/22/18 23:00,2722.675849,2722.99921,0.323361
2/23/18 0:00,2722.676053,2723.001964,0.325911
2/23/18 1:00,2722.677787,2723.003698,0.325911
2/23/18 2:00,2722.675135,2722.999108,0.323973
2/23/18 3:00,2722.675033,2722.999312,0.324279
2/23/18 4:00,2722.674319,2722.995946,0.321627
2/23/18 5:00,2722.675543,2722.995946,0.320403
2/23/18 6:00,2722.675237,2722.999312,0.324075
2/23/18 7:00,2722.674319,2722.997476,0.323157
2/23/18 8:00,2722.673095,2722.996252,0.323157
2/23/18 9:00,2722.676767,2723.003392,0.326625
2/23/18 10:00,2722.680745,2723.004717,0.323972
2/23/18 11:00,2722.678909,2723.002372,0.323463
2/23/18 12:00,2722.678807,2723.003086,0.324279
2/23/18 13:00,2722.679011,2723.00278,0.323769
2/23/18 14:00,2722.676665,2723.003188,0.326523
2/23/18 15:00,2722.678705,2723.003494,0.324789
2/23/18 16:00,2722.674931,2722.999516,0.324585
2/23/18 17:00,2722.672075,2722.988501,0.316426
2/23/18 18:00,2722.669627,2722.984829,0.315202
2/23/18 19:00,2722.667792,2722.980443,0.312651
2/23/18 20:00,2722.66616,2722.974834,0.308674
2/23/18 21:00,2722.66412,2722.97412,0.31
2/23/18 22:00,2722.667078,2722.983503,0.316425
2/23/18 23:00,2722.669933,2722.987685,0.317752
2/24/18 0:00,2722.670239,2722.987073,0.316834
2/24/18 1:00,2722.661162,2722.96902,0.307858
2/24/18 2:00,2722.662488,2722.975242,0.312754
2/24/18 3:00,2722.674727,2722.999006,0.324279
2/24/18 4:00,2722.673707,2722.989521,0.315814
2/24/18 5:00,2722.673197,2722.991866,0.318669
2/24/18 6:00,2722.672585,2722.983605,0.31102
2/24/18 7:00,2722.671769,2722.980341,0.308572
2/24/18 8:00,2722.672075,2722.983809,0.311734
2/24/18 9:00,2722.681662,2722.996864,0.315202
2/24/18 10:00,2722.688904,2723.022566,0.333662
2/24/18 11:00,2722.68615,2723.01869,0.33254
2/24/18 12:00,2722.682274,2723.015631,0.333357
2/24/18 13:00,2722.684416,2723.01767,0.333254
2/24/18 14:00,2722.682478,2723.013387,0.330909
2/24/18 15:00,2722.683192,2723.013999,0.330807
2/24/18 16:00,2722.682172,2723.011857,0.329685
2/24/18 17:00,2722.673503,2722.99411,0.320607
2/24/18 18:00,2722.6682,2722.982483,0.314283
2/24/18 19:00,2722.665038,2722.968918,0.30388
2/24/18 20:00,2722.664528,2722.969224,0.304696
2/24/18 21:00,2722.669117,2722.982483,0.313366
2/24/18 22:00,2722.670239,2722.979831,0.309592
2/24/18 23:00,2722.671259,2722.981871,0.310612
2/25/18 0:00,2722.676053,2722.988399,0.312346
2/25/18 1:00,2722.678909,2722.992988,0.314079
2/25/18 2:00,2722.681051,2722.99717,0.316119
2/25/18 3:00,2722.682784,2722.996048,0.313264
2/25/18 4:00,2722.681458,2722.99258,0.311122
2/25/18 5:00,2722.683804,2722.994314,0.31051
2/25/18 6:00,2722.682988,2722.991254,0.308266
2/25/18 7:00,2722.690842,2722.998904,0.308062
2/25/18 8:00,2722.693188,2723.000842,0.307654
2/25/18 9:00,2722.700837,2723.009001,0.308164
2/25/18 10:00,2722.703693,2723.016447,0.312754
2/25/18 11:00,2722.703183,2723.014203,0.31102
2/25/18 12:00,2722.697573,2723.012571,0.314998
2/25/18 13:00,2722.697165,2723.011143,0.313978
2/25/18 14:00,2722.694819,2723.011653,0.316834
2/25/18 15:00,2722.692678,2723.014101,0.321423
2/25/18 16:00,2722.692168,2723.012367,0.320199
2/25/18 17:00,2722.685028,2722.992988,0.30796
2/25/18 18:00,2722.672381,2722.973406,0.301025
2/25/18 19:00,2722.659632,2722.952905,0.293273
2/25/18 20:00,2722.652697,2722.944134,0.291437
2/25/18 21:00,2722.656776,2722.944746,0.28797
2/25/18 22:00,2722.65902,2722.949948,0.290928
2/25/18 23:00,2722.66514,2722.958515,0.293375
2/26/18 0:00,2722.666568,2722.963105,0.296537
2/26/18 1:00,2722.661468,2722.962085,0.300617
2/26/18 2:00,2722.65596,2722.955455,0.299495
2/26/18 3:00,2722.648515,2722.94954,0.301025
2/26/18 4:00,2722.644231,2722.944134,0.299903
2/26/18 5:00,2722.640662,2722.94138,0.300718
2/26/18 6:00,2722.640254,2722.938626,0.298372
2/26/18 7:00,2722.637296,2722.933527,0.296231
2/26/18 8:00,2722.66055,2722.958413,0.297863
2/26/18 9:00,2722.686966,2722.988807,0.301841
2/26/18 10:00,2722.699205,2723.011551,0.312346
2/26/18 11:00,2722.699511,2723.017364,0.317853
2/26/18 12:00,2722.703591,2723.011245,0.307654
2/26/18 13:00,2722.702877,2723.009715,0.306838
2/26/18 14:00,2722.698593,2723.008695,0.310102
2/26/18 15:00,2722.698389,2723.010021,0.311632
2/26/18 16:00,2722.700531,2723.006961,0.30643
2/26/18 17:00,2722.696553,2722.997782,0.301229
2/26/18 18:00,2722.695125,2722.997782,0.302657
2/26/18 19:00,2722.693086,2722.999006,0.30592
2/26/18 20:00,2722.691454,2723.004513,0.313059
2/26/18 21:00,2722.68972,2722.999618,0.309898
2/26/18 22:00,2722.685436,2722.993192,0.307756
2/26/18 23:00,2722.68513,2722.988195,0.303065
2/27/18 0:00,2722.682376,2722.987583,0.305207
2/27/18 1:00,2722.689108,2722.996558,0.30745
2/27/18 2:00,2722.688496,2722.995946,0.30745
2/27/18 3:00,2722.685028,2722.988399,0.303371
2/27/18 4:00,2722.686558,2722.988705,0.302147
2/27/18 5:00,2722.683804,2722.986155,0.302351
2/27/18 6:00,2722.684008,2722.985849,0.301841
2/27/18 7:00,2722.686354,2722.987583,0.301229
2/27/18 8:00,2722.684008,2722.985135,0.301127
2/27/18 9:00,2722.701653,2723.012163,0.31051
2/27/18 10:00,2722.709302,2723.031235,0.321933
2/27/18 11:00,2722.705325,2723.021546,0.316221
2/27/18 12:00,2722.704407,2723.015835,0.311428
2/27/18 13:00,2722.703795,2723.013387,0.309592
2/27/18 14:00,2722.702265,2723.013897,0.311632
2/27/18 15:00,2722.703795,2723.014815,0.31102
2/27/18 16:00,2722.697573,2723.016855,0.319282
2/27/18 17:00,2722.699715,2723.021648,0.321933
2/27/18 18:00,2722.695227,2723.012979,0.317752
2/27/18 19:00,2722.68207,2722.988603,0.306533
2/27/18 20:00,2722.674625,2722.972896,0.298271
2/27/18 21:00,2722.677787,2722.978301,0.300514
2/27/18 22:00,2722.677379,2722.984727,0.307348
2/27/18 23:00,2722.686048,2722.994008,0.30796
2/28/18 0:00,2722.691964,2723.001658,0.309694
2/28/18 1:00,2722.689006,2723.00278,0.313774
2/28/18 2:00,2722.687068,2722.997272,0.310204
2/28/18 3:00,2722.689006,2723.000842,0.311836
2/28/18 4:00,2722.6938,2723.004615,0.310815
2/28/18 5:00,2722.695737,2723.005431,0.309694
2/28/18 6:00,2722.697267,2723.006247,0.30898
2/28/18 7:00,2722.691352,2723.001658,0.310306
2/28/18 8:00,2722.695125,2723.007573,0.312448
2/28/18 9:00,2722.700021,2723.015223,0.315202
2/28/18 10:00,2722.702163,2723.020016,0.317853
2/28/18 11:00,2722.700327,2723.015325,0.314998
2/28/18 12:00,2722.699205,2723.012469,0.313264
2/28/18 13:00,2722.696145,2723.011449,0.315304
2/28/18 14:00,2722.698491,2723.013999,0.315508
2/28/18 15:00,2722.696859,2723.013387,0.316528
2/28/18 16:00,2722.696553,2723.011857,0.315304
2/28/18 17:00,2722.694717,2723.011245,0.316528
2/28/18 18:00,2722.690332,2723.001556,0.311224
2/28/18 19:00,2722.679317,2722.982279,0.302962
2/28/18 20:00,2722.670137,2722.966266,0.296129
2/28/18 21:00,2722.663814,2722.958413,0.294599
2/28/18 22:00,2722.666058,2722.959025,0.292967
2/28/18 23:00,2722.672993,2722.973406,0.300413
3/1/18 0:00,2722.675033,2722.976364,0.301331
3/1/18 1:00,2722.670443,2722.973814,0.303371
3/1/18 2:00,2722.673401,2722.975752,0.302351
3/1/18 3:00,2722.673707,2722.975854,0.302147
3/1/18 4:00,2722.669525,2722.971978,0.302453
3/1/18 5:00,2722.669525,2722.973406,0.303881
3/1/18 6:00,2722.672075,2722.974936,0.302861
3/1/18 7:00,2722.670545,2722.973406,0.302861
3/1/18 8:00,2722.682886,2722.982993,0.300107
3/1/18 9:00,2722.702265,2723.013795,0.31153
3/1/18 10:00,2722.71532,2723.046228,0.330908
3/1/18 11:00,2722.716544,2723.054184,0.33764
3/1/18 12:00,2722.708588,2723.033479,0.324891
3/1/18 13:00,2722.703897,2723.022362,0.318465
3/1/18 14:00,2722.699307,2723.017976,0.318669
3/1/18 15:00,2722.704101,2723.020322,0.316221
3/1/18 16:00,2722.700633,2723.017262,0.316629
3/1/18 17:00,2722.69329,2723.00125,0.30796
3/1/18 18:00,2722.689924,2722.990846,0.300922
3/1/18 19:00,2722.694514,2723.002474,0.30796
3/1/18 20:00,2722.697267,2723.010939,0.313672
3/1/18 21:00,2722.697369,2723.009409,0.31204
3/1/18 22:00,2722.696961,2723.012775,0.315814
3/1/18 23:00,2722.694615,2723.011041,0.316426
3/2/18 0:00,2722.690026,2723.003901,0.313875
3/2/18 1:00,2722.679113,2722.984217,0.305104
3/2/18 2:00,2722.673911,2722.978097,0.304186
3/2/18 3:00,2722.669219,2722.967286,0.298067
3/2/18 4:00,2722.667384,2722.967082,0.299698
3/2/18 5:00,2722.668301,2722.969632,0.301331
3/2/18 6:00,2722.672585,2722.977995,0.30541
3/2/18 7:00,2722.677379,2722.982789,0.30541
3/2/18 8:00,2722.683396,2722.99615,0.312754
3/2/18 9:00,2722.703897,2723.036131,0.332234
3/2/18 10:00,2722.708894,2723.054184,0.34529
3/2/18 11:00,2722.707874,2723.046432,0.338558
3/2/18 12:00,2722.698695,2723.023892,0.325197
3/2/18 13:00,2722.697981,2723.020832,0.322851
3/2/18 14:00,2722.694412,2723.016447,0.322035
3/2/18 15:00,2722.693392,2723.014203,0.320811
3/2/18 16:00,2722.686864,2722.999414,0.31255
3/2/18 17:00,2722.68819,2723.000944,0.312754
3/2/18 18:00,2722.686762,2723.002678,0.315916
3/2/18 19:00,2722.68462,2722.997578,0.312958
3/2/18 20:00,2722.681866,2722.995436,0.31357
3/2/18 21:00,2722.678603,2722.989929,0.311326
3/2/18 22:00,2722.672789,2722.984013,0.311224
3/2/18 23:00,2722.671055,2722.978301,0.307246
3/3/18 0:00,2722.668607,2722.976058,0.307451
3/3/18 1:00,2722.672075,2722.979831,0.307756
3/3/18 2:00,2722.673299,2722.980545,0.307246
3/3/18 3:00,2722.671259,2722.980749,0.30949
3/3/18 4:00,2722.66616,2722.97565,0.30949
3/3/18 5:00,2722.664528,2722.974834,0.310306
3/3/18 6:00,2722.668098,2722.978811,0.310713
3/3/18 7:00,2722.667282,2722.979525,0.312243
3/3/18 8:00,2722.670545,2722.985135,0.31459
3/3/18 9:00,2722.686558,2723.008797,0.322239
3/3/18 10:00,2722.704509,2723.05245,0.347941
3/3/18 11:00,2722.707569,2723.060507,0.352938
3/3/18 12:00,2722.702979,2723.04429,0.341311
3/3/18 13:00,2722.695227,2723.024402,0.329175
3/3/18 14:00,2722.691454,2723.018384,0.32693
3/3/18 15:00,2722.692168,2723.021546,0.329378
3/3/18 16:00,2722.689516,2723.011449,0.321933
3/3/18 17:00,2722.687476,2723.003799,0.316323
3/3/18 18:00,2722.686252,2722.998598,0.312346
3/3/18 19:00,2722.68513,2723.00074,0.31561
3/3/18 20:00,2722.677889,2722.990948,0.313059
3/3/18 21:00,2722.672687,2722.980443,0.307756
3/3/18 22:00,2722.670239,2722.979219,0.30898
3/3/18 23:00,2722.674217,2722.982381,0.308164
3/4/18 0:00,2722.675135,2722.987277,0.312142
3/4/18 1:00,2722.669525,2722.976874,0.307349
3/4/18 2:00,2722.661264,2722.967592,0.306328
3/4/18 3:00,2722.681051,2722.997884,0.316833
3/4/18 4:00,2722.671157,2722.983911,0.312754
3/4/18 5:00,2722.668098,2722.980851,0.312753
3/4/18 6:00,2722.661264,2722.971978,0.310714
3/4/18 7:00,2722.660958,2722.972488,0.31153
3/4/18 8:00,2722.66565,2722.977587,0.311937
3/4/18 9:00,2722.679317,2723.002066,0.322749
3/4/18 10:00,2722.694208,2723.042965,0.348757
3/4/18 11:00,2722.700123,2723.047962,0.347839
3/4/18 12:00,2722.698899,2723.044596,0.345697
3/4/18 13:00,2722.687578,2723.024096,0.336518
3/4/18 14:00,2722.686864,2723.019302,0.332438
3/4/18 15:00,2722.68411,2723.016345,0.332235
3/4/18 16:00,2722.683804,2723.014101,0.330297
3/4/18 17:00,2722.677073,2723.003901,0.326828
3/4/18 18:00,2722.670035,2722.991254,0.321219
3/4/18 19:00,2722.66616,2722.982279,0.316119
3/4/18 20:00,2722.667078,2722.962697,0.295619
3/4/18 21:00,2722.661264,2722.967898,0.306634
3/4/18 22:00,2722.669831,2722.978505,0.308674
3/4/18 23:00,2722.66208,2722.963921,0.301841
3/5/18 0:00,2722.665548,2722.977689,0.312141
3/5/18 1:00,2722.664018,2722.972794,0.308776
3/5/18 2:00,2722.656266,2722.969632,0.313366
3/5/18 3:00,2722.650759,2722.966368,0.315609
3/5/18 4:00,2722.658816,2722.977587,0.318771
3/5/18 5:00,2722.661264,2722.986155,0.324891
3/5/18 6:00,2722.66667,2722.990744,0.324074
3/5/18 7:00,2722.666976,2722.99309,0.326114
3/5/18 8:00,2722.66514,2722.993804,0.328664
3/5/18 9:00,2722.678501,2723.023688,0.345187
3/5/18 10:00,2722.696553,2723.046432,0.349879
3/5/18 11:00,2722.692168,2723.037151,0.344983
3/5/18 12:00,2722.685844,2723.027156,0.341312
3/5/18 13:00,2722.684314,2723.019914,0.3356
3/5/18 14:00,2722.680541,2723.016141,0.3356
3/5/18 15:00,2722.680235,2723.016549,0.336314
3/5/18 16:00,2722.678195,2723.018894,0.340699
3/5/18 17:00,2722.681662,2723.017466,0.335804
3/5/18 18:00,2722.673707,2723.002372,0.328665
3/5/18 19:00,2722.66412,2722.988807,0.324687
3/5/18 20:00,2722.651269,2722.96698,0.315711
3/5/18 21:00,2722.656878,2722.977587,0.320709
3/5/18 22:00,2722.660754,2722.982993,0.322239
3/5/18 23:00,2722.664018,2722.983707,0.319689
3/6/18 0:00,2722.659428,2722.979117,0.319689
3/6/18 1:00,2722.660754,2722.980647,0.319893
3/6/18 2:00,2722.656164,2722.978199,0.322035
3/6/18 3:00,2722.657796,2722.980137,0.322341
3/6/18 4:00,2722.652187,2722.973406,0.321219
3/6/18 5:00,2722.65698,2722.984115,0.327135
3/6/18 6:00,2722.647903,2722.969428,0.321525
3/6/18 7:00,2722.63648,2722.954843,0.318363
3/6/18 8:00,2722.650147,2722.969836,0.319689
3/6/18 9:00,2722.672075,2723.001148,0.329073
3/6/18 10:00,2722.690638,2723.038885,0.348247
3/6/18 11:00,2722.694819,2723.048574,0.353755
3/6/18 12:00,2722.687578,2723.0243,0.336722
3/6/18 13:00,2722.679113,2723.003188,0.324075
3/6/18 14:00,2722.677787,2723.002678,0.324891
3/6/18 15:00,2722.680031,2723.007573,0.327542
3/6/18 16:00,2722.675237,2722.999618,0.324381
3/6/18 17:00,2722.673503,2722.999312,0.325809
3/6/18 18:00,2722.672279,2722.996864,0.324585
3/6/18 19:00,2722.671055,2722.997986,0.326931
3/6/18 20:00,2722.650147,2722.959331,0.309184
3/6/18 21:00,2722.646475,2722.958413,0.311938
3/6/18 22:00,2722.647189,2722.965246,0.318057
3/6/18 23:00,2722.648311,2722.96698,0.318669
3/7/18 0:00,2722.650861,2722.970142,0.319281
3/7/18 1:00,2722.652289,2722.97157,0.319281
3/7/18 2:00,2722.65698,2722.981667,0.324687
3/7/18 3:00,2722.656674,2722.981565,0.324891
3/7/18 4:00,2722.651473,2722.974834,0.323361
3/7/18 5:00,2722.645353,2722.965654,0.320301
3/7/18 6:00,2722.631584,2722.953007,0.321423
3/7/18 7:00,2722.630564,2722.949234,0.31867
3/7/18 8:00,2722.642905,2722.963003,0.320098
3/7/18 9:00,2722.670137,2723.004921,0.334784
3/7/18 10:00,2722.69074,2723.043067,0.352327
3/7/18 11:00,2722.697981,2723.054898,0.356917
3/7/18 12:00,2722.684008,2723.022056,0.338048
3/7/18 13:00,2722.680847,2723.010531,0.329684
3/7/18 14:00,2722.677175,2723.006859,0.329684
3/7/18 15:00,2722.679725,2723.009409,0.329684
3/7/18 16:00,2722.680031,2723.005737,0.325706
3/7/18 17:00,2722.678297,2723.004411,0.326114
3/7/18 18:00,2722.673503,2723.002168,0.328665
3/7/18 19:00,2722.673197,2722.99972,0.326523
3/7/18 20:00,2722.66259,2722.988501,0.325911
3/7/18 21:00,2722.660958,2722.978607,0.317649
3/7/18 22:00,2722.659428,2722.97616,0.316732
3/7/18 23:00,2722.653207,2722.969632,0.316425
3/8/18 0:00,2722.655756,2722.9731,0.317344
3/8/18 1:00,2722.656368,2722.970754,0.314386
3/8/18 2:00,2722.656878,2722.977282,0.320404
3/8/18 3:00,2722.660142,2722.982075,0.321933
3/8/18 4:00,2722.657184,2722.982075,0.324891
3/8/18 5:00,2722.656878,2722.980239,0.323361
3/8/18 6:00,2722.656878,2722.977689,0.320811
3/8/18 7:00,2722.65902,2722.981361,0.322341
3/8/18 8:00,2722.66769,2722.994824,0.327134
3/8/18 9:00,2722.681662,2723.02022,0.338558
3/8/18 10:00,2722.693698,2723.046534,0.352836
3/8/18 11:00,2722.695431,2723.051634,0.356203
3/8/18 12:00,2722.691454,2723.042251,0.350797
3/8/18 13:00,2722.68309,2723.021444,0.338354
3/8/18 14:00,2722.679623,2723.015121,0.335498
3/8/18 15:00,2722.679827,2723.014407,0.33458
3/8/18 16:00,2722.676257,2723.006961,0.330704
3/8/18 17:00,2722.670953,2722.998496,0.327543
3/8/18 18:00,2722.666058,2722.992172,0.326114
3/8/18 19:00,2722.668913,2723.000332,0.331419
3/8/18 20:00,2722.669627,2723.00074,0.331113
3/8/18 21:00,2722.658306,2722.988807,0.330501
3/8/18 22:00,2722.654737,2722.983299,0.328562
3/8/18 23:00,2722.651881,2722.973406,0.321525
3/9/18 0:00,2722.650657,2722.97361,0.322953
3/9/18 1:00,2722.651677,2722.977995,0.326318
3/9/18 2:00,2722.653003,2722.977078,0.324075
3/9/18 3:00,2722.654329,2722.979627,0.325298
3/9/18 4:00,2722.650963,2722.979219,0.328256
3/9/18 5:00,2722.655246,2722.980239,0.324993
3/9/18 6:00,2722.650861,2722.973814,0.322953
3/9/18 7:00,2722.651677,2722.975446,0.323769
3/9/18 8:00,2722.653513,2722.978607,0.325094
3/9/18 9:00,2722.671259,2723.006349,0.33509
3/9/18 10:00,2722.683294,2723.043067,0.359773
3/9/18 11:00,2722.685844,2723.04429,0.358446
3/9/18 12:00,2722.687578,2723.04378,0.356202
3/9/18 13:00,2722.675951,2723.018384,0.342433
3/9/18 14:00,2722.672993,2723.018078,0.345085
3/9/18 15:00,2722.669831,2723.007369,0.337538
3/9/18 16:00,2722.663916,2722.998292,0.334376
3/9/18 17:00,2722.661672,2722.994416,0.332744
3/9/18 18:00,2722.665038,2722.999414,0.334376
3/9/18 19:00,2722.665242,2723.001964,0.336722
3/9/18 20:00,2722.664528,2723.003392,0.338864
3/9/18 21:00,2722.665344,2723.002066,0.336722
3/9/18 22:00,2722.665242,2723.003392,0.33815
3/9/18 23:00,2722.664426,2723.003596,0.33917
3/10/18 0:00,2722.658918,2722.998598,0.33968
3/10/18 1:00,2722.661468,2723.001046,0.339578
3/10/18 2:00,2722.66259,2723.00329,0.3407
3/10/18 3:00,2722.661264,2723.00125,0.339986
3/10/18 4:00,2722.660754,2723.00074,0.339986
3/10/18 5:00,2722.660448,2723.000536,0.340088
3/10/18 6:00,2722.659632,2722.99615,0.336518
3/10/18 7:00,2722.657184,2722.994314,0.33713
3/10/18 8:00,2722.655756,2722.994314,0.338558
3/10/18 9:00,2722.660754,2722.997782,0.337028
3/10/18 10:00,2722.661468,2723.005533,0.344065
3/10/18 11:00,2722.662386,2723.003392,0.341006
3/10/18 12:00,2722.66004,2722.999516,0.339476
3/10/18 13:00,2722.657184,2722.999924,0.34274
3/10/18 14:00,2722.655246,2723.000434,0.345188
3/10/18 15:00,2722.653615,2722.996048,0.342433
3/10/18 16:00,2722.655144,2722.995334,0.34019
3/10/18 17:00,2722.644945,2722.981361,0.336416
3/10/18 18:00,2722.646985,2722.981769,0.334784
3/10/18 19:00,2722.647699,2722.987175,0.339476
3/10/18 20:00,2722.648515,2722.984625,0.33611
3/10/18 21:00,2722.63597,2722.959127,0.323157
3/10/18 22:00,2722.627403,2722.948316,0.320913
3/10/18 23:00,2722.627199,2722.947398,0.320199
3/11/18 0:00,2722.624445,2722.945358,0.320913
3/11/18 1:00,2722.622201,2722.94291,0.320709
3/11/18 2:00,2722.621487,2722.943726,0.322239
3/11/18 3:00,2722.624241,2722.941482,0.317241
3/11/18 4:00,2722.624547,2722.948112,0.323565
3/11/18 5:00,2722.630564,2722.953823,0.323259
3/11/18 6:00,2722.627403,2722.949744,0.322341
3/11/18 7:00,2722.625975,2722.947296,0.321321
3/11/18 8:00,2722.627709,2722.951783,0.324074
3/11/18 9:00,2722.638826,2722.97565,0.336824
3/11/18 10:00,2722.659632,2723.017364,0.357732
3/11/18 11:00,2722.662794,2723.032765,0.369971
3/11/18 12:00,2722.667894,2723.034193,0.366299
3/11/18 13:00,2722.660448,2723.017772,0.357324
3/11/18 14:00,2722.648005,2722.996252,0.348247
3/11/18 15:00,2722.653207,2722.999924,0.346717
3/11/18 16:00,2722.651881,2722.998496,0.346615
3/11/18 17:00,2722.649331,2722.993804,0.344473
3/11/18 18:00,2722.651983,2722.999618,0.347635
3/11/18 19:00,2722.646985,2722.992376,0.345391
3/11/18 20:00,2722.645455,2722.989011,0.343556
3/11/18 21:00,2722.639132,2722.975038,0.335906
3/11/18 22:00,2722.626587,2722.954333,0.327746
3/11/18 23:00,2722.621487,2722.948622,0.327135
3/12/18 0:00,2722.623833,2722.949642,0.325809
3/12/18 1:00,2722.623935,2722.94852,0.324585
3/12/18 2:00,2722.627913,2722.956679,0.328766
3/12/18 3:00,2722.633012,2722.960453,0.327441
3/12/18 4:00,2722.630972,2722.956577,0.325605
3/12/18 5:00,2722.628219,2722.952089,0.32387
3/12/18 6:00,2722.626485,2722.952395,0.32591
3/12/18 7:00,2722.632808,2722.967796,0.334988
3/12/18 8:00,2722.642803,2722.980545,0.337742
3/12/18 9:00,2722.647801,2722.995334,0.347533
3/12/18 10:00,2722.656572,2723.02532,0.368748
3/12/18 11:00,2722.658,2723.034499,0.376499
3/12/18 12:00,2722.656164,2723.023484,0.36732
3/12/18 13:00,2722.643823,2722.992682,0.348859
3/12/18 14:00,2722.640356,2722.990744,0.350388
3/12/18 15:00,2722.64005,2722.994314,0.354264
3/12/18 16:00,2722.640866,2722.991764,0.350898
3/12/18 17:00,2722.640152,2722.991764,0.351612
3/12/18 18:00,2722.640866,2722.993294,0.352428
3/12/18 19:00,2722.638928,2722.992376,0.353448
3/12/18 20:00,2722.639132,2722.990439,0.351307
3/12/18 21:00,2722.639234,2722.997068,0.357834
3/12/18 22:00,2722.638928,2722.996762,0.357834
3/12/18 23:00,2722.637704,2722.9936,0.355896
3/13/18 0:00,2722.631074,2722.980239,0.349165
3/13/18 1:00,2722.625975,2722.968714,0.342739
3/13/18 2:00,2722.624751,2722.968102,0.343351
3/13/18 3:00,2722.623425,2722.959535,0.33611
3/13/18 4:00,2722.626383,2722.954129,0.327746
3/13/18 5:00,2722.619447,2722.939544,0.320097
3/13/18 6:00,2722.616387,2722.928121,0.311734
3/13/18 7:00,2722.61241,2722.912108,0.299698
3/13/18 8:00,2722.60425,2722.922002,0.317752
3/13/18 9:00,2722.641376,2723.018588,0.377212
3/13/18 10:00,2722.663712,2723.033581,0.369869
3/13/18 11:00,2722.658,2723.035825,0.377825
3/13/18 12:00,2722.659326,2723.036131,0.376805
3/13/18 13:00,2722.633828,2723.014917,0.381089
3/13/18 14:00,2722.626179,2722.996558,0.370379
3/13/18 15:00,2722.623629,2722.999618,0.375989
3/13/18 16:00,2722.637398,2723.002474,0.365076
3/13/18 17:00,2722.63903,2723.006553,0.367523
3/13/18 18:00,2722.6324,2722.992988,0.360588
3/13/18 19:00,2722.63444,2723.004003,0.369563
3/13/18 20:00,2722.635766,2723.003086,0.36732
3/13/18 21:00,2722.633522,2722.993294,0.359772
3/13/18 22:00,2722.63342,2722.995436,0.362016
3/13/18 23:00,2722.63597,2722.997884,0.361914
3/14/18 0:00,2722.634848,2723.003596,0.368748
3/14/18 1:00,2722.632808,2722.999924,0.367116
3/14/18 2:00,2722.63189,2722.997578,0.365688
3/14/18 3:00,2722.63138,2722.999006,0.367626
3/14/18 4:00,2722.63291,2723.004513,0.371603
3/14/18 5:00,2722.63138,2723.001148,0.369768
3/14/18 6:00,2722.631584,2723.000638,0.369054
3/14/18 7:00,2722.631686,2723.001658,0.369972
3/14/18 8:00,2722.630564,2723.000842,0.370278
3/14/18 9:00,2722.630258,2723.006145,0.375887
3/14/18 10:00,2722.629748,2723.002474,0.372726
3/14/18 11:00,2722.629034,2723.001454,0.37242
3/14/18 12:00,2722.624037,2722.997986,0.373949
3/14/18 13:00,2722.623935,2723.00176,0.377825
3/14/18 14:00,2722.622711,2723.002474,0.379763
3/14/18 15:00,2722.621079,2722.996048,0.374969
3/14/18 16:00,2722.627709,2723.00023,0.372521
3/14/18 17:00,2722.628728,2723.003392,0.374664
3/14/18 18:00,2722.625159,2722.996252,0.371093
3/14/18 19:00,2722.625975,2722.999924,0.373949
3/14/18 20:00,2722.623221,2722.999924,0.376703
3/14/18 21:00,2722.621181,2722.989317,0.368136
3/14/18 22:00,2722.625873,2722.99666,0.370787
3/14/18 23:00,2722.622303,2722.992376,0.370073
3/15/18 0:00,2722.622303,2722.996252,0.373949
3/15/18 1:00,2722.624649,2722.997068,0.372419
3/15/18 2:00,2722.620875,2722.996048,0.375173
3/15/18 3:00,2722.620875,2722.996252,0.375377
3/15/18 4:00,2722.622405,2722.99921,0.376805
3/15/18 5:00,2722.623935,2722.996966,0.373031
3/15/18 6:00,2722.625465,2723.00023,0.374765
3/15/18 7:00,2722.621385,2722.997068,0.375683
3/15/18 8:00,2722.620569,2722.997068,0.376499
3/15/18 9:00,2722.621283,2722.996354,0.375071
3/15/18 10:00,2722.624241,2723.001352,0.377111
3/15/18 11:00,2722.624343,2722.999312,0.374969
3/15/18 12:00,2722.633522,2722.998088,0.364566
3/15/18 13:00,2722.628117,2722.9987,0.370583
3/15/18 14:00,2722.625669,2722.998904,0.373235
3/15/18 15:00,2722.625669,2723.000128,0.374459
3/15/18 16:00,2722.623221,2722.998292,0.375071
3/15/18 17:00,2722.625057,2722.99564,0.370583
3/15/18 18:00,2722.626689,2722.996762,0.370073
3/15/18 19:00,2722.631278,2722.999312,0.368034
3/15/18 20:00,2722.631686,2723.009001,0.377315
3/15/18 21:00,2722.645863,2723.015427,0.369564
3/15/18 22:00,2722.650351,2723.015121,0.36477
3/15/18 23:00,2722.651881,2723.016855,0.364974
3/16/18 0:00,2722.651779,2723.012367,0.360588
3/16/18 1:00,2722.650453,2723.007981,0.357528
3/16/18 2:00,2722.662794,2723.008389,0.345595
3/16/18 3:00,2722.661162,2723.008797,0.347635
3/16/18 4:00,2722.671361,2723.007369,0.336008
3/16/18 5:00,2722.671463,2723.002066,0.330603
3/16/18 6:00,2722.678705,2723.006247,0.327542
3/16/18 7:00,2722.682376,2723.007675,0.325299
3/16/18 8:00,2722.654431,2723.011755,0.357324
3/16/18 9:00,2722.629952,2723.012469,0.382517
3/16/18 10:00,2722.627709,2723.015733,0.388024
3/16/18 11:00,2722.625771,2723.002882,0.377111
3/16/18 12:00,2722.622915,2722.99972,0.376805
3/16/18 13:00,2722.620569,2723.014815,0.394246
3/16/18 14:00,2722.620365,2723.001556,0.381191
3/16/18 15:00,2722.627811,2722.987583,0.359772
3/16/18 16:00,2722.623833,2722.991866,0.368033
3/16/18 17:00,2722.622201,2722.981463,0.359262
3/16/18 18:00,2722.624445,2722.980545,0.3561
3/16/18 19:00,2722.642701,2722.973916,0.331215
3/16/18 20:00,2722.668098,2722.953517,0.285419
3/16/18 21:00,2722.68258,2722.94138,0.2588
3/16/18 22:00,2722.707161,2722.939646,0.232485
3/16/18 23:00,2722.705325,2722.911191,0.205866
3/17/18 0:00,2722.703693,2722.900175,0.196482
3/17/18 1:00,2722.714912,2722.925163,0.210251
3/17/18 2:00,2722.713892,2722.933323,0.219431
3/17/18 3:00,2722.711852,2722.9424,0.230548
3/17/18 4:00,2722.725621,2722.980953,0.255332
3/17/18 5:00,2722.725927,2722.973508,0.247581
3/17/18 6:00,2722.704815,2722.952293,0.247478
3/17/18 7:00,2722.689516,2722.939442,0.249926
3/17/18 8:00,2722.682274,2722.944848,0.262574
3/17/18 9:00,2722.683906,2722.994008,0.310102
3/17/18 10:00,2722.667384,2723.038783,0.371399
3/17/18 11:00,2722.63699,2723.042965,0.405975
3/17/18 12:00,2722.632094,2723.041843,0.409749
3/17/18 13:00,2722.631788,2723.032357,0.400569
3/17/18 14:00,2722.623527,2723.00023,0.376703
3/17/18 15:00,2722.621895,2722.99921,0.377315
3/17/18 16:00,2722.625261,2723.014101,0.38884
3/17/18 17:00,2722.624547,2723.013591,0.389044
3/17/18 18:00,2722.622099,2723.010021,0.387922
3/17/18 19:00,2722.623323,2723.010021,0.386698
3/17/18 20:00,2722.622915,2723.008389,0.385474
3/17/18 21:00,2722.619957,2722.992274,0.372317
3/17/18 22:00,2722.625261,2722.984421,0.35916
3/17/18 23:00,2722.640356,2722.958413,0.318057
3/18/18 0:00,2722.672279,2722.955047,0.282768
3/18/18 1:00,2722.706753,2722.958719,0.251966
3/18/18 2:00,2722.726539,2722.948418,0.221879
3/18/18 3:00,2722.728579,2722.929753,0.201174
3/18/18 4:00,2722.723887,2722.917718,0.193831
3/18/18 5:00,2722.721745,2722.920982,0.199237
3/18/18 6:00,2722.719604,2722.922002,0.202398
3/18/18 7:00,2722.706345,2722.913128,0.206783
3/18/18 8:00,2722.674013,2722.925775,0.251762
3/18/18 9:00,2722.650147,2723.032663,0.382516
3/18/18 10:00,2722.6324,2723.055102,0.422702
3/18/18 11:00,2722.629442,2723.058161,0.428719
3/18/18 12:00,2722.633726,2723.062853,0.429127
3/18/18 13:00,2722.634236,2723.060507,0.426271
3/18/18 14:00,2722.642395,2723.066933,0.424538
3/18/18 15:00,2722.630054,2723.055306,0.425252
3/18/18 16:00,2722.62934,2723.043882,0.414542
3/18/18 17:00,2722.627913,2723.032153,0.40424
3/18/18 18:00,2722.624241,2723.019608,0.395367
3/18/18 19:00,2722.630972,2723.015325,0.384353
3/18/18 20:00,2722.635256,2723.004717,0.369461
3/18/18 21:00,2722.650351,2723.000536,0.350185
3/18/18 22:00,2722.663814,2722.986257,0.322443
3/18/18 23:00,2722.674217,2722.97565,0.301433
3/19/18 0:00,2722.675441,2722.957597,0.282156
3/19/18 1:00,2722.675849,2722.939238,0.263389
3/19/18 2:00,2722.694208,2722.951885,0.257677
3/19/18 3:00,2722.697471,2722.949234,0.251763
3/19/18 4:00,2722.694208,2722.944848,0.25064
3/19/18 5:00,2722.688394,2722.940666,0.252272
3/19/18 6:00,2722.686966,2722.941686,0.25472
3/19/18 7:00,2722.686252,2722.944746,0.258494
3/19/18 8:00,2722.677889,2722.980035,0.302146
3/19/18 9:00,2722.668913,2723.011143,0.34223
3/19/18 10:00,2722.667282,2723.050104,0.382822
3/19/18 11:00,2722.670239,2723.059385,0.389146
3/19/18 12:00,2722.637398,2723.060609,0.423211
3/19/18 13:00,2722.633216,2723.055306,0.42209
3/19/18 14:00,2722.630972,2723.042965,0.411993
3/19/18 15:00,2722.630054,2723.024708,0.394654
3/19/18 16:00,2722.623323,2723.007165,0.383842
3/19/18 17:00,2722.620875,2723.000842,0.379967
3/19/18 18:00,2722.621589,2723.000332,0.378743
3/19/18 19:00,2722.626179,2722.999618,0.373439
3/19/18 20:00,2722.633522,2722.976364,0.342842
3/19/18 21:00,2722.640866,2722.941482,0.300616
3/19/18 22:00,2722.664222,2722.941482,0.27726
3/19/18 23:00,2722.680031,2722.936689,0.256658
3/20/18 0:00,2722.682376,2722.916086,0.23371
3/20/18 1:00,2722.671769,2722.886508,0.214739
3/20/18 2:00,2722.68411,2722.907927,0.223817
3/20/18 3:00,2722.697471,2722.92139,0.223919
3/20/18 4:00,2722.706753,2722.931895,0.225142
3/20/18 5:00,2722.706345,2722.947602,0.241257
3/20/18 6:00,2722.703693,2722.962289,0.258596
3/20/18 7:00,2722.694412,2722.974222,0.27981
3/20/18 8:00,2722.6836,2723.012163,0.328563
3/20/18 9:00,2722.674829,2723.050104,0.375275
3/20/18 10:00,2722.655756,2723.060099,0.404343
3/20/18 11:00,2722.645047,2723.059283,0.414236
3/20/18 12:00,2722.633522,2723.057549,0.424027
3/20/18 13:00,2722.633216,2723.053062,0.419846
3/20/18 14:00,2722.633012,2723.043576,0.410564
3/20/18 15:00,2722.629238,2723.042863,0.413625
3/20/18 16:00,2722.626179,2723.014407,0.388228
3/20/18 17:00,2722.624955,2723.013183,0.388228
3/20/18 18:00,2722.625567,2723.010939,0.385372
3/20/18 19:00,2722.621895,2723.004207,0.382312
3/20/18 20:00,2722.619855,2723.000842,0.380987
3/20/18 21:00,2722.621283,2722.987583,0.3663
3/20/18 22:00,2722.628423,2722.958923,0.3305
3/20/18 23:00,2722.642497,2722.93883,0.296333
3/21/18 0:00,2722.653513,2722.915372,0.261859
3/21/18 1:00,2722.659938,2722.899563,0.239625
3/21/18 2:00,2722.677277,2722.918738,0.241461
3/21/18 3:00,2722.700939,2722.942196,0.241257
3/21/18 4:00,2722.708282,2722.943828,0.235546
3/21/18 5:00,2722.718176,2722.948112,0.229936
3/21/18 6:00,2722.712464,2722.945154,0.23269
3/21/18 7:00,2722.702775,2722.945562,0.242787
3/21/18 8:00,2722.682988,2722.965654,0.282666
3/21/18 9:00,2722.669117,2723.034193,0.365076
3/21/18 10:00,2722.663304,2723.05143,0.388126
3/21/18 11:00,2722.646577,2723.056122,0.409545
3/21/18 12:00,2722.638316,2723.055816,0.4175
3/21/18 13:00,2722.636174,2723.051532,0.415358
3/21/18 14:00,2722.636378,2723.036947,0.400569
3/21/18 15:00,2722.630054,2723.014509,0.384455
3/21/18 16:00,2722.626893,2723.005737,0.378844
3/21/18 17:00,2722.629136,2723.002372,0.373236
3/21/18 18:00,2722.625159,2723.002882,0.377723
3/21/18 19:00,2722.624343,2723.000026,0.375683
3/21/18 20:00,2722.624649,2722.998088,0.373439
3/21/18 21:00,2722.624139,2722.996456,0.372317
3/21/18 22:00,2722.620671,2722.993906,0.373235
3/21/18 23:00,2722.618529,2722.985237,0.366708
3/22/18 0:00,2722.615775,2722.972998,0.357223
3/22/18 1:00,2722.616489,2722.968816,0.352327
3/22/18 2:00,2722.61445,2722.954741,0.340291
3/22/18 3:00,2722.617917,2722.938422,0.320505
3/22/18 4:00,2722.622099,2722.915168,0.293069
3/22/18 5:00,2722.634338,2722.915576,0.281238
3/22/18 6:00,2722.648923,2722.91374,0.264817
3/22/18 7:00,2722.639642,2722.909865,0.270223
3/22/18 8:00,2722.623935,2722.97157,0.347635
3/22/18 9:00,2722.627403,2723.024198,0.396795
3/22/18 10:00,2722.629748,2723.035111,0.405363
3/22/18 11:00,2722.63648,2723.042455,0.405975
3/22/18 12:00,2722.63597,2723.045718,0.409748
3/22/18 13:00,2722.639948,2723.042965,0.403017
3/22/18 14:00,2722.637806,2723.028074,0.390268
3/22/18 15:00,2722.631278,2723.005737,0.374459
3/22/18 16:00,2722.631686,2723.007471,0.375785
3/22/18 17:00,2722.632196,2723.006145,0.373949
3/22/18 18:00,2722.630666,2723.002678,0.372012
3/22/18 19:00,2722.630564,2723.004105,0.373541
3/22/18 20:00,2722.630258,2723.007573,0.377315
3/22/18 21:00,2722.629136,2723.005839,0.376703
3/22/18 22:00,2722.62934,2723.004309,0.374969
3/22/18 23:00,2722.627811,2722.999924,0.372113
3/23/18 0:00,2722.628015,2722.997986,0.369971
3/23/18 1:00,2722.626485,2722.996864,0.370379
3/23/18 2:00,2722.625975,2722.997272,0.371297
3/23/18 3:00,2722.628321,2722.999414,0.371093
3/23/18 4:00,2722.627097,2722.997068,0.369971
3/23/18 5:00,2722.625873,2722.99666,0.370787
3/23/18 6:00,2722.626179,2722.994722,0.368543
3/23/18 7:00,2722.625057,2722.999924,0.374867
3/23/18 8:00,2722.624241,2722.996762,0.372521
3/23/18 9:00,2722.630972,2723.006247,0.375275
3/23/18 10:00,2722.626179,2722.998904,0.372725
3/23/18 11:00,2722.627607,2723.009613,0.382006
3/23/18 12:00,2722.637602,2723.019098,0.381496
3/23/18 13:00,2722.622915,2722.985339,0.362424
3/23/18 14:00,2722.630666,2723.009409,0.378743
3/23/18 15:00,2722.63138,2723.001862,0.370482
3/23/18 16:00,2722.628627,2723.007063,0.378436
3/23/18 17:00,2722.629646,2723.010633,0.380987
3/23/18 18:00,2722.631176,2723.010327,0.379151
3/23/18 19:00,2722.629646,2723.011347,0.381701
3/23/18 20:00,2722.628627,2723.007777,0.37915
3/23/18 21:00,2722.628932,2723.009409,0.380477
3/23/18 22:00,2722.629646,2723.002882,0.373236
3/23/18 23:00,2722.631992,2722.992478,0.360486
3/24/18 0:00,2722.64056,2722.984013,0.343453
3/24/18 1:00,2722.651065,2722.970958,0.319893
3/24/18 2:00,2722.649127,2722.947296,0.298169
3/24/18 3:00,2722.652493,2722.94546,0.292967
3/24/18 4:00,2722.655043,2722.924857,0.269814
3/24/18 5:00,2722.662386,2722.932405,0.270019
3/24/18 6:00,2722.675849,2722.948724,0.272875
3/24/18 7:00,2722.68666,2722.959331,0.272671
3/24/18 8:00,2722.687986,2722.989521,0.301535
3/24/18 9:00,2722.640764,2723.05296,0.412196
3/24/18 10:00,2722.63597,2723.050614,0.414644
3/24/18 11:00,2722.638316,2723.05551,0.417194
3/24/18 12:00,2722.6375,2723.053266,0.415766
3/24/18 13:00,2722.639642,2723.048064,0.408422
3/24/18 14:00,2722.636786,2723.035927,0.399141
3/24/18 15:00,2722.63342,2723.014713,0.381293
3/24/18 16:00,2722.631278,2723.002372,0.371094
3/24/18 17:00,2722.630972,2722.99921,0.368238
3/24/18 18:00,2722.628117,2722.990744,0.362627
3/24/18 19:00,2722.628423,2722.992376,0.363953
3/24/18 20:00,2722.626383,2722.990031,0.363648
3/24/18 21:00,2722.625873,2722.988807,0.362934
3/24/18 22:00,2722.624037,2722.986461,0.362424
3/24/18 23:00,2722.625669,2722.986155,0.360486
3/25/18 0:00,2722.618835,2722.961371,0.342536
3/25/18 1:00,2722.626077,2722.947296,0.321219
3/25/18 2:00,2722.64158,2722.936689,0.295109
3/25/18 3:00,2722.659428,2722.928223,0.268795
3/25/18 4:00,2722.664324,2722.905989,0.241665
3/25/18 5:00,2722.668913,2722.888854,0.219941
3/25/18 6:00,2722.68513,2722.894974,0.209844
3/25/18 7:00,2722.695737,2722.911599,0.215862
3/25/18 8:00,2722.670035,2722.972284,0.302249
3/25/18 9:00,2722.643109,2723.031847,0.388738
3/25/18 10:00,2722.638826,2723.045004,0.406178
3/25/18 11:00,2722.640764,2723.051328,0.410564
3/25/18 12:00,2722.641172,2723.055204,0.414032
3/25/18 13:00,2722.642497,2723.052654,0.410157
3/25/18 14:00,2722.639642,2723.035213,0.395571
3/25/18 15:00,2722.637602,2723.018792,0.38119
3/25/18 16:00,2722.631788,2723.02787,0.396082
3/25/18 17:00,2722.630972,2723.016753,0.385781
3/25/18 18:00,2722.628728,2723.008491,0.379763
3/25/18 19:00,2722.629544,2723.007879,0.378335
3/25/18 20:00,2722.627301,2723.005329,0.378028
3/25/18 21:00,2722.627097,2723.00329,0.376193
3/25/18 22:00,2722.627607,2723.00023,0.372623
3/25/18 23:00,2722.625057,2722.997374,0.372317
3/26/18 0:00,2722.625873,2722.997884,0.372011
3/26/18 1:00,2722.625057,2722.984829,0.359772
3/26/18 2:00,2722.627607,2722.985543,0.357936
3/26/18 3:00,2722.63546,2722.984115,0.348655
3/26/18 4:00,2722.645761,2722.96953,0.323769
3/26/18 5:00,2722.670749,2722.957393,0.286644
3/26/18 6:00,2722.700225,2722.942808,0.242583
3/26/18 7:00,2722.714606,2722.908131,0.193525
3/26/18 8:00,2722.647597,2722.934343,0.286746
3/26/18 9:00,2722.63291,2723.031031,0.398121
3/26/18 10:00,2722.63801,2723.050614,0.412604
3/26/18 11:00,2722.64056,2723.054184,0.413624
3/26/18 12:00,2722.643721,2723.045922,0.402201
3/26/18 13:00,2722.633318,2723.005023,0.371705
3/26/18 14:00,2722.630666,2722.99462,0.363954
3/26/18 15:00,2722.630972,2722.992274,0.361302
3/26/18 16:00,2722.628219,2722.986869,0.35865
3/26/18 17:00,2722.63087,2722.986971,0.356101
3/26/18 18:00,2722.632706,2722.986971,0.354265
3/26/18 19:00,2722.628423,2722.981565,0.353142
3/26/18 20:00,2722.626689,2722.976772,0.350083
3/26/18 21:00,2722.63495,2722.979933,0.344983
3/26/18 22:00,2722.649025,2722.964838,0.315813
3/26/18 23:00,2722.672177,2722.945868,0.273691
3/27/18 0:00,2722.700123,2722.925571,0.225448
3/27/18 1:00,2722.721541,2722.920166,0.198625
3/27/18 2:00,2722.770294,2722.94648,0.176186
3/27/18 3:00,2722.801197,2722.942298,0.141101
3/27/18 4:00,2722.822208,2722.939238,0.11703
3/27/18 5:00,2722.827001,2722.942298,0.115297
3/27/18 6:00,2722.825676,2722.965348,0.139672
3/27/18 7:00,2722.801707,2722.977689,0.175982
3/27/18 8:00,2722.735718,2722.993804,0.258086
3/27/18 9:00,2722.686558,2723.026034,0.339476
3/27/18 10:00,2722.654737,2723.040415,0.385678
3/27/18 11:00,2722.647495,2723.043169,0.395674
3/27/18 12:00,2722.645557,2723.038375,0.392818
3/27/18 13:00,2722.631686,2722.990337,0.358651
3/27/18 14:00,2722.633012,2722.985237,0.352225
3/27/18 15:00,2722.633522,2722.985645,0.352123
3/27/18 16:00,2722.631686,2722.986461,0.354775
3/27/18 17:00,2722.632604,2722.979015,0.346411
3/27/18 18:00,2722.634338,2722.981565,0.347227
3/27/18 19:00,2722.631278,2722.982279,0.351001
3/27/18 20:00,2722.632196,2722.977587,0.345391
3/27/18 21:00,2722.637296,2722.976058,0.338762
3/27/18 22:00,2722.645251,2722.962085,0.316834
3/27/18 23:00,2722.66616,2722.948928,0.282768
3/28/18 0:00,2722.695329,2722.931691,0.236362
3/28/18 1:00,2722.733169,2722.925265,0.192096
3/28/18 2:00,2722.766724,2722.931691,0.164967
3/28/18 3:00,2722.802931,2722.95005,0.147119
3/28/18 4:00,2722.822922,2722.959331,0.136409
3/28/18 5:00,2722.831693,2722.969938,0.138245
3/28/18 6:00,2722.837813,2722.984523,0.14671
3/28/18 7:00,2722.828225,2723.001046,0.172821
3/28/18 8:00,2722.789468,2723.025422,0.235954
3/28/18 9:00,2722.748161,2723.04582,0.297659
3/28/18 10:00,2722.691454,2723.050308,0.358854
3/28/18 11:00,2722.653411,2723.050716,0.397305
3/28/18 12:00,2722.653309,2723.049186,0.395877
3/28/18 13:00,2722.633726,2722.975446,0.34172
3/28/18 14:00,2722.628321,2722.966164,0.337843
3/28/18 15:00,2722.632094,2722.986257,0.354163
3/28/18 16:00,2722.631686,2722.979627,0.347941
3/28/18 17:00,2722.632604,2722.981667,0.349063
3/28/18 18:00,2722.629238,2722.972998,0.34376
3/28/18 19:00,2722.62985,2722.975854,0.346004
3/28/18 20:00,2722.628932,2722.967694,0.338762
3/28/18 21:00,2722.642701,2722.967184,0.324483
3/28/18 22:00,2722.660958,2722.958617,0.297659
3/28/18 23:00,2722.668301,2722.937403,0.269102
3/29/18 0:00,2722.676563,2722.929549,0.252986
3/29/18 1:00,2722.684314,2722.929549,0.245235
3/29/18 2:00,2722.690536,2722.941686,0.25115
3/29/18 3:00,2722.711036,2722.971672,0.260636
3/29/18 4:00,2722.724397,2722.979015,0.254618
3/29/18 5:00,2722.726437,2722.973712,0.247275
3/29/18 6:00,2722.737758,2722.978709,0.240951
3/29/18 7:00,2722.74143,2722.982381,0.240951
3/29/18 8:00,2722.734086,2723.007981,0.273895
3/29/18 9:00,2722.667996,2723.020628,0.352632
3/29/18 10:00,2722.660346,2723.041945,0.381599
3/29/18 11:00,2722.65596,2723.058773,0.402813
3/29/18 12:00,2722.653003,2723.039395,0.386392
3/29/18 13:00,2722.634848,2722.983299,0.348451
3/29/18 14:00,2722.633114,2722.972896,0.339782
3/29/18 15:00,2722.630768,2722.973304,0.342536
3/29/18 16:00,2722.629952,2722.97565,0.345698
3/29/18 17:00,2722.635664,2722.983401,0.347737
3/29/18 18:00,2722.6324,2722.976364,0.343964
3/29/18 19:00,2722.629544,2722.972386,0.342842
3/29/18 20:00,2722.631176,2722.973508,0.342332
3/29/18 21:00,2722.630054,2722.96698,0.336926
3/29/18 22:00,2722.631584,2722.949846,0.318262
3/29/18 23:00,2722.644537,2722.941686,0.297149
3/30/18 0:00,2722.671871,2722.934955,0.263084
3/30/18 1:00,2722.705529,2722.929957,0.224428
3/30/18 2:00,2722.729497,2722.924042,0.194545
3/30/18 3:00,2722.748161,2722.928631,0.18047
3/30/18 4:00,2722.768458,2722.944746,0.176288
3/30/18 5:00,2722.78957,2722.950866,0.161296
3/30/18 6:00,2722.805583,2722.949948,0.144365
3/30/18 7:00,2722.803543,2722.95056,0.147017
3/30/18 8:00,2722.731843,2722.965552,0.233709
3/30/18 9:00,2722.706855,2723.02634,0.319485
3/30/18 10:00,2722.670953,2723.080498,0.409545
3/30/18 11:00,2722.655246,2723.036233,0.380987
3/30/18 12:00,2722.638724,2722.988603,0.349879
3/30/18 13:00,2722.631176,2722.969836,0.33866
3/30/18 14:00,2722.627403,2722.965042,0.337639
3/30/18 15:00,2722.626383,2722.967082,0.340699
3/30/18 16:00,2722.634542,2722.977689,0.343147
3/30/18 17:00,2722.631584,2722.973406,0.341822
3/30/18 18:00,2722.631686,2722.969938,0.338252
3/30/18 19:00,2722.633522,2722.969326,0.335804
3/30/18 20:00,2722.62985,2722.963207,0.333357
3/30/18 21:00,2722.63138,2722.963513,0.332133
3/30/18 22:00,2722.631176,2722.964125,0.332949
3/30/18 23:00,2722.628627,2722.962901,0.334274
3/31/18 0:00,2722.625159,2722.951375,0.326216
3/31/18 1:00,2722.621997,2722.940156,0.318159
3/31/18 2:00,2722.6324,2722.928325,0.295925
3/31/18 3:00,2722.664732,2722.923532,0.2588
3/31/18 4:00,2722.694004,2722.930875,0.236871
3/31/18 5:00,2722.719604,2722.936893,0.217289
3/31/18 6:00,2722.740206,2722.9424,0.202194
3/31/18 7:00,2722.746428,2722.950764,0.204336
3/31/18 8:00,2722.694921,2722.960147,0.265226
3/31/18 9:00,2722.671157,2723.042455,0.371298
3/31/18 10:00,2722.669015,2723.073664,0.404649
3/31/18 11:00,2722.636582,2722.975242,0.33866
3/31/18 12:00,2722.634134,2722.969938,0.335804
3/31/18 13:00,2722.618325,2722.966776,0.348451
3/31/18 14:00,2722.64005,2722.99309,0.35304
3/31/18 15:00,2722.649025,2723.004921,0.355896
3/31/18 16:00,2722.648311,2722.997884,0.349573
3/31/18 17:00,2722.65545,2723.013489,0.358039
3/31/18 18:00,2722.642395,2722.987175,0.34478
3/31/18 19:00,2722.649943,2723.004207,0.354264
3/31/18 20:00,2722.648923,2723.000332,0.351409
3/31/18 21:00,2722.649229,2722.994926,0.345697
3/31/18 22:00,2722.644945,2722.991458,0.346513
3/31/18 23:00,2722.649127,2722.99156,0.342433
4/1/18 0:00,2722.644639,2722.986869,0.34223
4/1/18 1:00,2722.640764,2722.984013,0.343249
4/1/18 2:00,2722.641172,2722.980035,0.338863
4/1/18 3:00,2722.639642,2722.980851,0.341209
4/1/18 4:00,2722.642701,2722.982789,0.340088
4/1/18 5:00,2722.638316,2722.980545,0.342229
4/1/18 6:00,2722.640254,2722.979933,0.339679
4/1/18 7:00,2722.64056,2722.978709,0.338149
4/1/18 8:00,2722.63903,2722.980851,0.341821
4/1/18 9:00,2722.639642,2722.980137,0.340495
4/1/18 10:00,2722.640968,2722.984115,0.343147
4/1/18 11:00,2722.64056,2722.987583,0.347023
4/1/18 12:00,2722.643415,2722.989827,0.346412
4/1/18 13:00,2722.650351,2722.9987,0.348349
4/1/18 14:00,2722.658102,2723.013081,0.354979
4/1/18 15:00,2722.666466,2723.015325,0.348859
4/1/18 16:00,2722.659224,2723.043984,0.38476
4/1/18 17:00,2722.675033,2723.067545,0.392512
4/1/18 18:00,2722.683702,2723.051532,0.36783
4/1/18 19:00,2722.677991,2723.134962,0.456971
4/1/18 20:00,2722.674013,2723.078356,0.404343
4/1/18 21:00,2722.671361,2723.054388,0.383027
4/1/18 22:00,2722.6631,2723.037661,0.374561
4/1/18 23:00,2722.672381,2723.036743,0.364362
4/2/18 0:00,2722.686762,2723.026952,0.34019
4/2/18 1:00,2722.697981,2723.02583,0.327849
4/2/18 2:00,2722.702571,2723.02175,0.319179
4/2/18 3:00,2722.712464,2723.02277,0.310306
4/2/18 4:00,2722.721847,2723.02022,0.298373
4/2/18 5:00,2722.733985,2723.02379,0.289805
4/2/18 6:00,2722.743674,2723.025014,0.28134
4/2/18 7:00,2722.746836,2723.032357,0.285521
4/2/18 8:00,2722.694004,2723.061731,0.367727
4/2/18 9:00,2722.688394,2723.163825,0.475431
4/2/18 10:00,2722.6836,2723.103548,0.419948
4/2/18 11:00,2722.654125,2723.053776,0.399651
4/2/18 12:00,2722.693392,2723.09855,0.405158
4/2/18 13:00,2722.68615,2723.094165,0.408015
4/2/18 14:00,2722.697063,2723.063363,0.3663
4/2/18 15:00,2722.681458,2723.042557,0.361099
4/2/18 16:00,2722.686864,2723.055408,0.368544
4/2/18 17:00,2722.685844,2723.054388,0.368544
4/2/18 18:00,2722.687884,2723.047554,0.35967
4/2/18 19:00,2722.68513,2723.044902,0.359772
4/2/18 20:00,2722.681255,2723.033071,0.351816
4/2/18 21:00,2722.684518,2723.046738,0.36222
4/2/18 22:00,2722.690944,2723.053674,0.36273
4/2/18 23:00,2722.690128,2723.055408,0.36528
4/3/18 0:00,2722.69329,2723.051532,0.358242
4/3/18 1:00,2722.710832,2723.04531,0.334478
4/3/18 2:00,2722.741124,2723.036947,0.295823
4/3/18 3:00,2722.762848,2723.032969,0.270121
4/3/18 4:00,2722.765194,2723.031847,0.266653
4/3/18 5:00,2722.741124,2723.023178,0.282054
4/3/18 6:00,2722.723581,2723.025218,0.301637
4/3/18 7:00,2722.716034,2723.033275,0.317241
4/3/18 8:00,2722.68564,2723.039293,0.353653
4/3/18 9:00,2722.688394,2723.048778,0.360384
4/3/18 10:00,2722.678501,2723.033479,0.354978
4/3/18 11:00,2722.667486,2723.018486,0.351
4/3/18 12:00,2722.684314,2723.044494,0.36018
4/3/18 13:00,2722.682682,2723.034295,0.351613
4/3/18 14:00,2722.679419,2723.02991,0.350491
4/3/18 15:00,2722.677583,2723.030113,0.35253
4/3/18 16:00,2722.671871,2723.034601,0.36273
4/3/18 17:00,2722.676155,2723.025932,0.349777
4/3/18 18:00,2722.674319,2723.017976,0.343657
4/3/18 19:00,2722.671769,2723.017568,0.345799
4/3/18 20:00,2722.667078,2723.012877,0.345799
4/3/18 21:00,2722.659122,2722.99972,0.340598
4/3/18 22:00,2722.654125,2722.992784,0.338659
4/3/18 23:00,2722.670137,2722.987787,0.31765
4/4/18 0:00,2722.68156,2722.994926,0.313366
4/4/18 1:00,2722.69278,2723.00227,0.30949
4/4/18 2:00,2722.704203,2723.008695,0.304492
4/4/18 3:00,2722.720624,2723.01869,0.298066
4/4/18 4:00,2722.726845,2723.02481,0.297965
4/4/18 5:00,2722.737962,2723.032663,0.294701
4/4/18 6:00,2722.759687,2723.046534,0.286847
4/4/18 7:00,2722.778555,2723.059487,0.280932
4/4/18 8:00,2722.665446,2723.054592,0.389146
4/4/18 9:00,2722.68666,2723.056835,0.370175
4/4/18 10:00,2722.689312,2723.049492,0.36018
4/4/18 11:00,2722.663814,2723.002984,0.33917
4/4/18 12:00,2722.650249,2722.981463,0.331214
4/4/18 13:00,2722.650759,2722.985747,0.334988
4/4/18 14:00,2722.652595,2722.990031,0.337436
4/4/18 15:00,2722.652901,2722.989215,0.336314
4/4/18 16:00,2722.65647,2722.992682,0.336212
4/4/18 17:00,2722.658408,2722.997986,0.339578
4/4/18 18:00,2722.690434,2723.045208,0.354774
4/4/18 19:00,2722.681051,2723.04582,0.364769
4/4/18 20:00,2722.680439,2723.029094,0.348655
4/4/18 21:00,2722.675237,2723.021036,0.345799
4/4/18 22:00,2722.666568,2723.011041,0.344473
4/4/18 23:00,2722.668709,2723.006145,0.337436
4/5/18 0:00,2722.682784,2722.997884,0.3151
4/5/18 1:00,2722.688904,2722.998394,0.30949
4/5/18 2:00,2722.691862,2722.999516,0.307654
4/5/18 3:00,2722.699307,2723.003901,0.304594
4/5/18 4:00,2722.702163,2723.002576,0.300413
4/5/18 5:00,2722.708588,2723.004411,0.295823
4/5/18 6:00,2722.71226,2723.008695,0.296435
4/5/18 7:00,2722.730517,2723.020118,0.289601
4/5/18 8:00,2722.69074,2723.039191,0.348451
4/5/18 9:00,2722.696757,2723.060099,0.363342
4/5/18 10:00,2722.691148,2723.044086,0.352938
4/5/18 11:00,2722.655654,2722.989215,0.333561
4/5/18 12:00,2722.65698,2722.997374,0.340394
4/5/18 13:00,2722.669219,2723.014305,0.345086
4/5/18 14:00,2722.662998,2723.002474,0.339476
4/5/18 15:00,2722.662488,2723.000944,0.338456
4/5/18 16:00,2722.663814,2723.007267,0.343453
4/5/18 17:00,2722.68258,2723.031439,0.348859
4/5/18 18:00,2722.697981,2723.05602,0.358039
4/5/18 19:00,2722.68921,2723.057141,0.367931
4/5/18 20:00,2722.681458,2723.042557,0.361099
4/5/18 21:00,2722.680133,2723.034499,0.354366
4/5/18 22:00,2722.675645,2723.024198,0.348553
4/5/18 23:00,2722.677175,2723.02583,0.348655
4/6/18 0:00,2722.678297,2723.026442,0.348145
4/6/18 1:00,2722.682172,2723.028788,0.346616
4/6/18 2:00,2722.678705,2723.027462,0.348757
4/6/18 3:00,2722.677889,2723.025218,0.347329
4/6/18 4:00,2722.671769,2723.017976,0.346207
4/6/18 5:00,2722.669627,2723.013693,0.344066
4/6/18 6:00,2722.66667,2723.009205,0.342535
4/6/18 7:00,2722.662488,2723.006553,0.344065
4/6/18 8:00,2722.663508,2723.006553,0.343045
4/6/18 9:00,2722.660856,2723.004819,0.343963
4/6/18 10:00,2722.661876,2723.002984,0.341108
4/6/18 11:00,2722.658612,2722.99972,0.341108
4/6/18 12:00,2722.658612,2722.998802,0.34019
4/6/18 13:00,2722.657286,2723.00074,0.343454
4/6/18 14:00,2722.659632,2723.000638,0.341006
4/6/18 15:00,2722.659734,2722.999006,0.339272
4/6/18 16:00,2722.660448,2722.99972,0.339272
4/6/18 17:00,2722.660448,2722.999108,0.33866
4/6/18 18:00,2722.66055,2722.999006,0.338456
4/6/18 19:00,2722.659428,2722.99819,0.338762
4/6/18 20:00,2722.658714,2722.997272,0.338558
4/6/18 21:00,2722.659734,2722.99615,0.336416
4/6/18 22:00,2722.66055,2722.999312,0.338762
4/6/18 23:00,2722.661366,2722.997986,0.33662
4/7/18 0:00,2722.662896,2723.001556,0.33866
4/7/18 1:00,2722.663712,2723.001658,0.337946
4/7/18 2:00,2722.661366,2723.004411,0.343045
4/7/18 3:00,2722.662386,2723.004411,0.342025
4/7/18 4:00,2722.66055,2723.004615,0.344065
4/7/18 5:00,2722.659734,2723.003494,0.34376
4/7/18 6:00,2722.66106,2723.00329,0.34223
4/7/18 7:00,2722.660652,2723.003392,0.34274
4/7/18 8:00,2722.658306,2722.995946,0.33764
4/7/18 9:00,2722.659632,2722.997068,0.337436
4/7/18 10:00,2722.660346,2722.998802,0.338456
4/7/18 11:00,2722.663508,2723.005941,0.342433
4/7/18 12:00,2722.66667,2723.008593,0.341923
4/7/18 13:00,2722.674319,2723.01818,0.343861
4/7/18 14:00,2722.676869,2723.022668,0.345799
4/7/18 15:00,2722.682478,2723.031541,0.349063
4/7/18 16:00,2722.692168,2723.043678,0.35151
4/7/18 17:00,2722.699205,2723.056427,0.357222
4/7/18 18:00,2722.707365,2723.087637,0.380272
4/7/18 19:00,2722.722561,2723.09855,0.375989
4/7/18 20:00,2722.732863,2723.110279,0.377416
4/7/18 21:00,2722.743878,2723.13027,0.386392
4/7/18 22:00,2722.779167,2723.135064,0.355897
4/7/18 23:00,2722.774781,2723.138837,0.364056
4/8/18 0:00,2722.762236,2723.136797,0.374561
4/8/18 1:00,2722.752139,2723.13231,0.380171
4/8/18 2:00,2722.754791,2723.13027,0.375479
4/8/18 3:00,2722.744286,2723.123232,0.378946
4/8/18 4:00,2722.742756,2723.141285,0.398529
4/8/18 5:00,2722.744592,2723.129352,0.38476
4/8/18 6:00,2722.742246,2723.12874,0.386494
4/8/18 7:00,2722.742246,2723.126496,0.38425
4/8/18 8:00,2722.740512,2723.115889,0.375377
4/8/18 9:00,2722.734902,2723.117623,0.382721
4/8/18 10:00,2722.73633,2723.1011,0.36477
4/8/18 11:00,2722.749895,2723.134146,0.384251
4/8/18 12:00,2722.755607,2723.141591,0.385984
4/8/18 13:00,2722.774985,2723.164845,0.38986
4/8/18 14:00,2722.778147,2723.167803,0.389656
4/8/18 15:00,2722.77111,2723.16097,0.38986
4/8/18 16:00,2722.778657,2723.170659,0.392002
4/8/18 17:00,2722.771212,2723.155462,0.38425
4/8/18 18:00,2722.76958,2723.157094,0.387514
4/8/18 19:00,2722.767744,2723.154442,0.386698
4/8/18 20:00,2722.758259,2723.138633,0.380374
4/8/18 21:00,2722.752241,2723.131188,0.378947
4/8/18 22:00,2722.741634,2723.121193,0.379559
4/8/18 23:00,2722.736126,2723.116501,0.380375
4/9/18 0:00,2722.731333,2723.108342,0.377009
4/9/18 1:00,2722.729803,2723.1011,0.371297
4/9/18 2:00,2722.717768,2723.092839,0.375071
4/9/18 3:00,2722.7143,2723.089473,0.375173
4/9/18 4:00,2722.709404,2723.085087,0.375683
4/9/18 5:00,2722.707976,2723.082742,0.374766
4/9/18 6:00,2722.70818,2723.085801,0.377621
4/9/18 7:00,2722.704101,2723.079274,0.375173
4/9/18 8:00,2722.704815,2723.071318,0.366503
4/9/18 9:00,2722.709506,2723.074582,0.365076
4/9/18 10:00,2722.715524,2723.084373,0.368849
4/9/18 11:00,2722.715626,2723.081416,0.36579
4/9/18 12:00,2722.720114,2723.090391,0.370277
4/9/18 13:00,2722.723683,2723.090493,0.36681
4/9/18 14:00,2722.738064,2723.112421,0.374357
4/9/18 15:00,2722.732659,2723.102222,0.369563
4/9/18 16:00,2722.727457,2723.09702,0.369563
4/9/18 17:00,2722.733067,2723.104262,0.371195
4/9/18 18:00,2722.737146,2723.108342,0.371196
4/9/18 19:00,2722.734086,2723.109361,0.375275
4/9/18 20:00,2722.734392,2723.110075,0.375683
4/9/18 21:00,2722.727151,2723.098142,0.370991
4/9/18 22:00,2722.719094,2723.086005,0.366911
4/9/18 23:00,2722.722357,2723.078968,0.356611
4/10/18 0:00,2722.729599,2723.074786,0.345187
4/10/18 1:00,2722.73735,2723.073256,0.335906
4/10/18 2:00,2722.740308,2723.0704,0.330092
4/10/18 3:00,2722.735922,2723.064587,0.328665
4/10/18 4:00,2722.735514,2723.059793,0.324279
4/10/18 5:00,2722.733373,2723.057753,0.32438
4/10/18 6:00,2722.730517,2723.052858,0.322341
4/10/18 7:00,2722.710628,2723.052756,0.342128
4/10/18 8:00,2722.683906,2723.034295,0.350389
4/10/18 9:00,2722.705733,2723.073868,0.368135
4/10/18 10:00,2722.715932,2723.083353,0.367421
4/10/18 11:00,2722.704509,2723.065505,0.360996
4/10/18 12:00,2722.699409,2723.054796,0.355387
4/10/18 13:00,2722.693086,2723.05449,0.361404
4/10/18 14:00,2722.761012,2723.144345,0.383333
4/10/18 15:00,2722.74245,2723.121907,0.379457
4/10/18 16:00,2722.73888,2723.112115,0.373235
4/10/18 17:00,2722.750711,2723.126496,0.375785
4/10/18 18:00,2722.761318,2723.143223,0.381905
4/10/18 19:00,2722.761624,2723.145365,0.383741
4/10/18 20:00,2722.755709,2723.133738,0.378029
4/10/18 21:00,2722.752241,2723.132514,0.380273
4/10/18 22:00,2722.747142,2723.121907,0.374765
4/10/18 23:00,2722.736024,2723.107934,0.37191
4/11/18 0:00,2722.725519,2723.089371,0.363852
4/11/18 1:00,2722.725519,2723.080396,0.354877
4/11/18 2:00,2722.733781,2723.083863,0.350082
4/11/18 3:00,2722.736942,2723.085189,0.348247
4/11/18 4:00,2722.737248,2723.08111,0.343862
4/11/18 5:00,2722.739696,2723.0806,0.340904
4/11/18 6:00,2722.736636,2723.080396,0.34376
4/11/18 7:00,2722.703591,2723.078356,0.374765
4/11/18 8:00,2722.699307,2723.07295,0.373643
4/11/18 9:00,2722.729599,2723.105282,0.375683
4/11/18 10:00,2722.726335,2723.091513,0.365178
4/11/18 11:00,2722.73633,2723.108852,0.372522
4/11/18 12:00,2722.736126,2723.109667,0.373541
4/11/18 13:00,2722.74245,2723.117317,0.374867
4/11/18 14:00,2722.735616,2723.106812,0.371196
4/11/18 15:00,2722.755403,2723.13435,0.378947
4/11/18 16:00,2722.797016,2723.195749,0.398733
4/11/18 17:00,2722.805379,2723.200135,0.394756
4/11/18 18:00,2722.804665,2723.203704,0.399039
4/11/18 19:00,2722.802625,2723.196055,0.39343
4/11/18 20:00,2722.790386,2723.182184,0.391798
4/11/18 21:00,2722.781309,2723.165865,0.384556
4/11/18 22:00,2722.779065,2723.167191,0.388126
4/11/18 23:00,2722.769172,2723.155258,0.386086
4/12/18 0:00,2722.76244,2723.143733,0.381293
4/12/18 1:00,2722.757443,2723.137103,0.37966
4/12/18 2:00,2722.752037,2723.127822,0.375785
4/12/18 3:00,2722.74704,2723.121601,0.374561
4/12/18 4:00,2722.741838,2723.113543,0.371705
4/12/18 5:00,2722.727151,2723.099672,0.372521
4/12/18 6:00,2722.723275,2723.09702,0.373745
4/12/18 7:00,2722.724499,2723.096408,0.371909
4/12/18 8:00,2722.733577,2723.100692,0.367115
4/12/18 9:00,2722.727355,2723.096102,0.368747
4/12/18 10:00,2722.736228,2723.109056,0.372828
4/12/18 11:00,2722.732047,2723.100692,0.368645
4/12/18 12:00,2722.74092,2723.115583,0.374663
4/12/18 13:00,2722.726947,2723.097122,0.370175
4/12/18 14:00,2722.726539,2723.096408,0.369869
4/12/18 15:00,2722.73429,2723.102528,0.368238
4/12/18 16:00,2722.738676,2723.109871,0.371195
4/12/18 17:00,2722.741124,2723.112727,0.371603
4/12/18 18:00,2722.737452,2723.110789,0.373337
4/12/18 19:00,2722.73939,2723.112727,0.373337
4/12/18 20:00,2722.735412,2723.109769,0.374357
4/12/18 21:00,2722.729803,2723.10059,0.370787
4/12/18 22:00,2722.726029,2723.096408,0.370379
4/12/18 23:00,2722.724907,2723.090085,0.365178
4/13/18 0:00,2722.720624,2723.086719,0.366095
4/13/18 1:00,2722.715728,2723.079784,0.364056
4/13/18 2:00,2722.710424,2723.076724,0.3663
4/13/18 3:00,2722.703081,2723.066525,0.363444
4/13/18 4:00,2722.704407,2723.04327,0.338863
4/13/18 5:00,2722.730109,2723.048982,0.318873
4/13/18 6:00,2722.754383,2723.053674,0.299291
4/13/18 7:00,2722.77264,2723.045208,0.272568
4/13/18 8:00,2722.76907,2723.02022,0.25115
4/13/18 9:00,2722.766622,2723.049084,0.282462
4/13/18 10:00,2722.708792,2723.05143,0.342638
4/13/18 11:00,2722.699205,2723.061425,0.36222
4/13/18 12:00,2722.713586,2723.080804,0.367218
4/13/18 13:00,2722.71838,2723.086311,0.367931
4/13/18 14:00,2722.711546,2723.077234,0.365688
4/13/18 15:00,2722.704713,2723.063669,0.358956
4/13/18 16:00,2722.698287,2723.062037,0.36375
4/13/18 17:00,2722.705733,2723.068769,0.363036
4/13/18 18:00,2722.708588,2723.07193,0.363342
4/13/18 19:00,2722.705529,2723.069585,0.364056
4/13/18 20:00,2722.704815,2723.065811,0.360996
4/13/18 21:00,2722.701347,2723.065505,0.364158
4/13/18 22:00,2722.698389,2723.060405,0.362016
4/13/18 23:00,2722.693392,2723.05245,0.359058
4/14/18 0:00,2722.692576,2723.047146,0.35457
4/14/18 1:00,2722.688292,2723.042455,0.354163
4/14/18 2:00,2722.686558,2723.037661,0.351103
4/14/18 3:00,2722.678909,2723.028992,0.350083
4/14/18 4:00,2722.671157,2723.01869,0.347533
4/14/18 5:00,2722.669729,2723.010327,0.340598
4/14/18 6:00,2722.669627,2723.007369,0.337742
4/14/18 7:00,2722.666364,2722.996354,0.32999
4/14/18 8:00,2722.664834,2722.997578,0.332744
4/14/18 9:00,2722.664732,2723.008899,0.344167
4/14/18 10:00,2722.66412,2723.009307,0.345187
4/14/18 11:00,2722.671667,2723.020628,0.348961
4/14/18 12:00,2722.69023,2723.04633,0.3561
4/14/18 13:00,2722.692678,2723.051736,0.359058
4/14/18 14:00,2722.689414,2723.04633,0.356916
4/14/18 15:00,2722.6887,2723.042761,0.354061
4/14/18 16:00,2722.693902,2723.054592,0.36069
4/14/18 17:00,2722.715626,2723.084577,0.368951
4/14/18 18:00,2722.717666,2723.083455,0.365789
4/14/18 19:00,2722.716136,2723.0806,0.364464
4/14/18 20:00,2722.709506,2723.076316,0.36681
4/14/18 21:00,2722.705937,2723.065811,0.359874
4/14/18 22:00,2722.698389,2723.058365,0.359976
4/14/18 23:00,2722.695227,2723.052552,0.357325
4/15/18 0:00,2722.691658,2723.048574,0.356916
4/15/18 1:00,2722.686456,2723.043169,0.356713
4/15/18 2:00,2722.688802,2723.042455,0.353653
4/15/18 3:00,2722.684722,2723.039701,0.354979
4/15/18 4:00,2722.684416,2723.038375,0.353959
4/15/18 5:00,2722.679113,2723.029604,0.350491
4/15/18 6:00,2722.676971,2723.029604,0.352633
4/15/18 7:00,2722.66769,2723.012877,0.345187
4/15/18 8:00,2722.663916,2723.007471,0.343555
4/15/18 9:00,2722.666466,2723.010021,0.343555
4/15/18 10:00,2722.670545,2723.016243,0.345698
4/15/18 11:00,2722.682988,2723.039599,0.356611
4/15/18 12:00,2722.707467,2723.07346,0.365993
4/15/18 13:00,2722.708078,2723.069686,0.361608
4/15/18 14:00,2722.698389,2723.059181,0.360792
4/15/18 15:00,2722.704203,2723.064485,0.360282
4/15/18 16:00,2722.728069,2723.101916,0.373847
4/15/18 17:00,2722.740206,2723.113033,0.372827
4/15/18 18:00,2722.746938,2723.121601,0.374663
4/15/18 19:00,2722.749589,2723.123538,0.373949
4/15/18 20:00,2722.749487,2723.12466,0.375173
4/15/18 21:00,2722.74398,2723.117419,0.373439
4/15/18 22:00,2722.739696,2723.114767,0.375071
4/15/18 23:00,2722.739798,2723.111809,0.372011
4/16/18 0:00,2722.736432,2723.107934,0.371502
4/16/18 1:00,2722.733067,2723.103548,0.370481
4/16/18 2:00,2722.729191,2723.098856,0.369665
4/16/18 3:00,2722.723377,2723.093247,0.36987
4/16/18 4:00,2722.719604,2723.088147,0.368543
4/16/18 5:00,2722.716442,2723.081722,0.36528
4/16/18 6:00,2722.712362,2723.077642,0.36528
4/16/18 7:00,2722.709608,2723.074684,0.365076
4/16/18 8:00,2722.710832,2723.075908,0.365076
4/16/18 9:00,2722.711036,2723.073562,0.362526
4/16/18 10:00,2722.714708,2723.07907,0.364362
4/16/18 11:00,2722.716136,2723.082436,0.3663
4/16/18 12:00,2722.717768,2723.084985,0.367217
4/16/18 13:00,2722.721439,2723.089065,0.367626
4/16/18 14:00,2722.725111,2723.094369,0.369258
4/16/18 15:00,2722.731435,2723.100794,0.369359
4/16/18 16:00,2722.733067,2723.103956,0.370889
4/16/18 17:00,2722.73633,2723.104976,0.368646
4/16/18 18:00,2722.73633,2723.10671,0.37038
4/16/18 19:00,2722.736432,2723.105996,0.369564
4/16/18 20:00,2722.735616,2723.107424,0.371808
4/16/18 21:00,2722.735004,2723.104262,0.369258
4/16/18 22:00,2722.731333,2723.100488,0.369155
4/16/18 23:00,2722.730619,2723.10008,0.369461
4/17/18 0:00,2722.729191,2723.095695,0.366504
4/17/18 1:00,2722.725213,2723.092023,0.36681
4/17/18 2:00,2722.722153,2723.087433,0.36528
4/17/18 3:00,2722.71685,2723.081314,0.364464
4/17/18 4:00,2722.712158,2723.078254,0.366096
4/17/18 5:00,2722.712974,2723.076112,0.363138
4/17/18 6:00,2722.708996,2723.073154,0.364158
4/17/18 7:00,2722.706957,2723.067647,0.36069
4/17/18 8:00,2722.701857,2723.061629,0.359772
4/17/18 9:00,2722.703081,2723.062649,0.359568
4/17/18 10:00,2722.702265,2723.064281,0.362016
4/17/18 11:00,2722.709302,2723.075398,0.366096
4/17/18 12:00,2722.709404,2723.073154,0.36375
4/17/18 13:00,2722.701857,2723.066831,0.364974
4/17/18 14:00,2722.698287,2723.056733,0.358446
4/17/18 15:00,2722.702571,2723.069075,0.366504
4/17/18 16:00,2722.712872,2723.078866,0.365994
4/17/18 17:00,2722.702979,2723.064995,0.362016
4/17/18 18:00,2722.701755,2723.064689,0.362934
4/17/18 19:00,2722.697879,2723.058467,0.360588
4/17/18 20:00,2722.696859,2723.056937,0.360078
4/17/18 21:00,2722.692066,2723.051226,0.35916
4/17/18 22:00,2722.690536,2723.048268,0.357732
4/17/18 23:00,2722.686966,2723.043372,0.356406
4/18/18 0:00,2722.683294,2723.040007,0.356713
4/18/18 1:00,2722.670239,2723.015427,0.345188
4/18/18 2:00,2722.660448,2722.990235,0.329787
4/18/18 3:00,2722.675033,2722.996558,0.321525
4/18/18 4:00,2722.681255,2722.989827,0.308572
4/18/18 5:00,2722.702673,2722.979015,0.276342
4/18/18 6:00,2722.772436,2722.968306,0.19587
4/18/18 7:00,2722.820066,2722.961677,0.141611
4/18/18 8:00,2722.785491,2722.972794,0.187303
4/18/18 9:00,2722.690026,2722.983911,0.293885
4/18/18 10:00,2722.646373,2722.979219,0.332846
4/18/18 11:00,2722.666976,2723.014611,0.347635
4/18/18 12:00,2722.700735,2723.068157,0.367422
4/18/18 13:00,2722.717258,2723.086821,0.369563
4/18/18 14:00,2722.716442,2723.083965,0.367523
4/18/18 15:00,2722.713382,2723.076418,0.363036
4/18/18 16:00,2722.747345,2723.127516,0.380171
4/18/18 17:00,2722.751425,2723.127924,0.376499
4/18/18 18:00,2722.749487,2723.122314,0.372827
4/18/18 19:00,2722.74245,2723.117521,0.375071
4/18/18 20:00,2722.736024,2723.107526,0.371502
4/18/18 21:00,2722.727763,2723.097326,0.369563
4/18/18 22:00,2722.721235,2723.087127,0.365892
4/18/18 23:00,2722.715218,2723.081314,0.366096
4/19/18 0:00,2722.713688,2723.076928,0.36324
4/19/18 1:00,2722.709812,2723.074072,0.36426
4/19/18 2:00,2722.71022,2723.072236,0.362016
4/19/18 3:00,2722.706549,2723.066627,0.360078
4/19/18 4:00,2722.702673,2723.062649,0.359976
4/19/18 5:00,2722.694208,2723.04684,0.352632
4/19/18 6:00,2722.680031,2723.030419,0.350388
4/19/18 7:00,2722.678603,2723.030725,0.352122
4/19/18 8:00,2722.679521,2723.031235,0.351714
4/19/18 9:00,2722.676359,2723.026136,0.349777
4/19/18 10:00,2722.680337,2723.033275,0.352938
4/19/18 11:00,2722.6938,2723.052144,0.358344
4/19/18 12:00,2722.71685,2723.085189,0.368339
4/19/18 13:00,2722.715932,2723.077846,0.361914
4/19/18 14:00,2722.709404,2723.074072,0.364668
4/19/18 15:00,2722.723581,2723.095593,0.372012
4/19/18 16:00,2722.747753,2723.122111,0.374358
4/19/18 17:00,2722.739696,2723.109463,0.369767
4/19/18 18:00,2722.733883,2723.106914,0.373031
4/19/18 19:00,2722.733373,2723.101814,0.368441
4/19/18 20:00,2722.729395,2723.09906,0.369665
4/19/18 21:00,2722.726743,2723.096918,0.370175
4/19/18 22:00,2722.727661,2723.093655,0.365994
4/19/18 23:00,2722.727355,2723.095083,0.367728
4/20/18 0:00,2722.725621,2723.093349,0.367728
4/20/18 1:00,2722.726539,2723.094675,0.368136
4/20/18 2:00,2722.725009,2723.092431,0.367422
4/20/18 3:00,2722.722969,2723.093553,0.370584
4/20/18 4:00,2722.724805,2723.094063,0.369258
4/20/18 5:00,2722.718584,2723.087331,0.368747
4/20/18 6:00,2722.719706,2723.087127,0.367421
4/20/18 7:00,2722.719808,2723.085801,0.365993
4/20/18 8:00,2722.71634,2723.082334,0.365994
4/20/18 9:00,2722.717054,2723.084271,0.367217
4/20/18 10:00,2722.713484,2723.078458,0.364974
4/20/18 11:00,2722.710526,2723.075908,0.365382
4/20/18 12:00,2722.710832,2723.075602,0.36477
4/20/18 13:00,2722.718686,2723.083761,0.365075
4/20/18 14:00,2722.721439,2723.087229,0.36579
4/20/18 15:00,2722.723479,2723.092431,0.368952
4/20/18 16:00,2722.730619,2723.103242,0.372623
4/20/18 17:00,2722.729599,2723.100998,0.371399
4/20/18 18:00,2722.729191,2723.097326,0.368135
4/20/18 19:00,2722.725417,2723.096,0.370583
4/20/18 20:00,2722.721643,2723.087535,0.365892
4/20/18 21:00,2722.718176,2723.086311,0.368135
4/20/18 22:00,2722.717156,2723.083659,0.366503
4/20/18 23:00,2722.715932,2723.079172,0.36324
4/21/18 0:00,2722.71226,2723.078152,0.365892
4/21/18 1:00,2722.71175,2723.075908,0.364158
4/21/18 2:00,2722.710526,2723.073052,0.362526
4/21/18 3:00,2722.706753,2723.072644,0.365891
4/21/18 4:00,2722.704407,2723.068055,0.363648
4/21/18 5:00,2722.698899,2723.062139,0.36324
4/21/18 6:00,2722.694717,2723.054592,0.359875
4/21/18 7:00,2722.692576,2723.049696,0.35712
4/21/18 8:00,2722.694412,2723.052144,0.357732
4/21/18 9:00,2722.695431,2723.056122,0.360691
4/21/18 10:00,2722.698287,2723.05551,0.357223
4/21/18 11:00,2722.697879,2723.058467,0.360588
4/21/18 12:00,2722.698695,2723.059997,0.361302
4/21/18 13:00,2722.700837,2723.059487,0.35865
4/21/18 14:00,2722.701041,2723.062343,0.361302
4/21/18 15:00,2722.703285,2723.068157,0.364872
4/21/18 16:00,2722.711954,2723.076826,0.364872
4/21/18 17:00,2722.710118,2723.076622,0.366504
4/21/18 18:00,2722.71685,2723.081416,0.364566
4/21/18 19:00,2722.7194,2723.082945,0.363545
4/21/18 20:00,2722.716238,2723.080498,0.36426
4/21/18 21:00,2722.715422,2723.083761,0.368339
4/21/18 22:00,2722.71481,2723.078764,0.363954
4/21/18 23:00,2722.71022,2723.07397,0.36375
4/22/18 0:00,2722.708588,2723.071624,0.363036
4/22/18 1:00,2722.704101,2723.067749,0.363648
4/22/18 2:00,2722.703183,2723.063465,0.360282
4/22/18 3:00,2722.701143,2723.060915,0.359772
4/22/18 4:00,2722.697573,2723.057141,0.359568
4/22/18 5:00,2722.694412,2723.052756,0.358344
4/22/18 6:00,2722.69329,2723.052144,0.358854
4/22/18 7:00,2722.689108,2723.048064,0.358956
4/22/18 8:00,2722.687476,2723.042965,0.355489
4/22/18 9:00,2722.686558,2723.039395,0.352837
4/22/18 10:00,2722.687782,2723.043372,0.35559
4/22/18 11:00,2722.693698,2723.048574,0.354876
4/22/18 12:00,2722.696859,2723.057141,0.360282
4/22/18 13:00,2722.697063,2723.054898,0.357835
4/22/18 14:00,2722.696043,2723.054898,0.358855
4/22/18 15:00,2722.701347,2723.062547,0.3612
4/22/18 16:00,2722.729803,2723.100182,0.370379
4/22/18 17:00,2722.725927,2723.094675,0.368748
4/22/18 18:00,2722.727253,2723.095593,0.36834
4/22/18 19:00,2722.731537,2723.100896,0.369359
4/22/18 20:00,2722.736126,2723.10824,0.372114
4/22/18 21:00,2722.740002,2723.114461,0.374459
4/22/18 22:00,2722.745918,2723.120683,0.374765
4/22/18 23:00,2722.750813,2723.130882,0.380069
4/23/18 0:00,2722.755301,2723.136797,0.381496
4/23/18 1:00,2722.751935,2723.133432,0.381497
4/23/18 2:00,2722.750303,2723.12874,0.378437
4/23/18 3:00,2722.747855,2723.12517,0.377315
4/23/18 4:00,2722.744184,2723.122111,0.377927
4/23/18 5:00,2722.743062,2723.118745,0.375683
4/23/18 6:00,2722.739186,2723.115379,0.376193
4/23/18 7:00,2722.736534,2723.110075,0.373541
4/23/18 8:00,2722.736942,2723.109361,0.372419
4/23/18 9:00,2722.735106,2723.108036,0.37293
4/23/18 10:00,2722.7348,2723.111095,0.376295
4/23/18 11:00,2722.7348,2723.108036,0.373236
4/23/18 12:00,2722.731537,2723.103956,0.372419
4/23/18 13:00,2722.730925,2723.102222,0.371297
4/23/18 14:00,2722.738676,2723.111197,0.372521
4/23/18 15:00,2722.740818,2723.116093,0.375275
4/23/18 16:00,2722.740818,2723.115787,0.374969
4/23/18 17:00,2722.750303,2723.128332,0.378029
4/23/18 18:00,2722.755913,2723.136083,0.38017
4/23/18 19:00,2722.763256,2723.146793,0.383537
4/23/18 20:00,2722.769988,2723.15842,0.388432
4/23/18 21:00,2722.780697,2723.177186,0.396489
4/23/18 22:00,2722.787428,2723.18045,0.393022
4/23/18 23:00,2722.78855,2723.183918,0.395368
4/24/18 0:00,2722.788856,2723.184326,0.39547
4/24/18 1:00,2722.785287,2723.179634,0.394347
4/24/18 2:00,2722.782329,2723.176268,0.393939
4/24/18 3:00,2722.781411,2723.173413,0.392002
4/24/18 4:00,2722.775597,2723.168211,0.392614
4/24/18 5:00,2722.777025,2723.169231,0.392206
4/24/18 6:00,2722.773354,2723.165253,0.391899
4/24/18 7:00,2722.771518,2723.156584,0.385066
4/24/18 8:00,2722.770396,2723.157196,0.3868
4/24/18 9:00,2722.769274,2723.157094,0.38782
4/24/18 10:00,2722.767948,2723.154544,0.386596
4/24/18 11:00,2722.765602,2723.15128,0.385678
4/24/18 12:00,2722.764276,2723.146997,0.382721
4/24/18 13:00,2722.764888,2723.152708,0.38782
4/24/18 14:00,2722.766724,2723.151382,0.384658
4/24/18 15:00,2722.763868,2723.151688,0.38782
4/24/18 16:00,2722.766724,2723.160562,0.393838
4/24/18 17:00,2722.777535,2723.166579,0.389044
4/24/18 18:00,2722.781513,2723.174942,0.393429
4/24/18 19:00,2722.784165,2723.180654,0.396489
4/24/18 20:00,2722.788958,2723.183102,0.394144
4/24/18 21:00,2722.78855,2723.18555,0.397
4/24/18 22:00,2722.787632,2723.183612,0.39598
4/24/18 23:00,2722.780697,2723.178512,0.397815
4/25/18 0:00,2722.779473,2723.175248,0.395775
4/25/18 1:00,2722.774577,2723.165967,0.39139
4/25/18 2:00,2722.770804,2723.161072,0.390268
4/25/18 3:00,2722.767438,2723.155462,0.388024
4/25/18 4:00,2722.762236,2723.147303,0.385067
4/25/18 5:00,2722.755199,2723.135573,0.380374
4/25/18 6:00,2722.734392,2723.10824,0.373848
4/25/18 7:00,2722.733679,2723.106914,0.373235
4/25/18 8:00,2722.734596,2723.108444,0.373848
4/25/18 9:00,2722.73888,2723.116909,0.378029
4/25/18 10:00,2722.745816,2723.124252,0.378436
4/25/18 11:00,2722.761216,2723.145365,0.384149
4/25/18 12:00,2722.76652,2723.153116,0.386596
4/25/18 13:00,2722.752649,2723.133228,0.380579
4/25/18 14:00,2722.768458,2723.157502,0.389044
4/25/18 15:00,2722.787734,2723.184836,0.397102
4/25/18 16:00,2722.772946,2723.163927,0.390981
4/25/18 17:00,2722.767642,2723.15893,0.391288
4/25/18 18:00,2722.775699,2723.164233,0.388534
4/25/18 19:00,2722.782737,2723.171781,0.389044
4/25/18 20:00,2722.786714,2723.18504,0.398326
4/25/18 21:00,2722.79518,2723.195749,0.400569
4/25/18 22:00,2722.802727,2723.209314,0.406587
4/25/18 23:00,2722.802013,2723.208192,0.406179
4/26/18 0:00,2722.802115,2723.205438,0.403323
4/26/18 1:00,2722.801401,2723.203194,0.401793
4/26/18 2:00,2722.793956,2723.197381,0.403425
4/26/18 3:00,2722.791916,2723.192383,0.400467
4/26/18 4:00,2722.788346,2723.189833,0.401487
4/26/18 5:00,2722.786001,2723.183306,0.397305
4/26/18 6:00,2722.780697,2723.177084,0.396387
4/26/18 7:00,2722.76958,2723.155462,0.385882
4/26/18 8:00,2722.771926,2723.162805,0.390879
4/26/18 9:00,2722.772538,2723.166069,0.393531
4/26/18 10:00,2722.779575,2723.179226,0.399651
4/26/18 11:00,2722.790692,2723.187794,0.397102
4/26/18 12:00,2722.779983,2723.171475,0.391492
4/26/18 13:00,2722.778963,2723.172087,0.393124
4/26/18 14:00,2722.793242,2723.192689,0.399447
4/26/18 15:00,2722.781513,2723.174637,0.393124
4/26/18 16:00,2722.778045,2723.176064,0.398019
4/26/18 17:00,2722.785185,2723.179736,0.394551
4/26/18 18:00,2722.794262,2723.191363,0.397101
4/26/18 19:00,2722.799362,2723.203398,0.404036
4/26/18 20:00,2722.814864,2723.223797,0.408933
4/26/18 21:00,2722.828327,2723.241951,0.413624
4/26/18 22:00,2722.833223,2723.245725,0.412502
4/26/18 23:00,2722.833223,2723.244603,0.41138
4/27/18 0:00,2722.833529,2723.246949,0.41342
4/27/18 1:00,2722.832305,2723.241033,0.408728
4/27/18 2:00,2722.832509,2723.240727,0.408218
4/27/18 3:00,2722.824758,2723.235424,0.410666
4/27/18 4:00,2722.820984,2723.230528,0.409544
4/27/18 5:00,2722.818944,2723.228488,0.409544
4/27/18 6:00,2722.811703,2723.21268,0.400977
4/27/18 7:00,2722.797934,2723.200237,0.402303
4/27/18 8:00,2722.79926,2723.200339,0.401079
4/27/18 9:00,2722.800789,2723.204418,0.403629
4/27/18 10:00,2722.810989,2723.216351,0.405362
4/27/18 11:00,2722.809969,2723.216351,0.406382
4/27/18 12:00,2722.803135,2723.206356,0.403221
4/27/18 13:00,2722.808847,2723.217269,0.408422
4/27/18 14:00,2722.819658,2723.225123,0.405465
4/27/18 15:00,2722.801911,2723.207274,0.405363
4/27/18 16:00,2722.806501,2723.21013,0.403629
4/27/18 17:00,2722.816598,2723.228386,0.411788
4/27/18 18:00,2722.829347,2723.239606,0.410259
4/27/18 19:00,2722.846584,2723.259188,0.412604
4/27/18 20:00,2722.867186,2723.285094,0.417908
4/27/18 21:00,2722.883199,2723.305085,0.421886
4/27/18 22:00,2722.890543,2723.315284,0.424741
4/27/18 23:00,2722.891359,2723.321913,0.430554
4/28/18 0:00,2722.888809,2723.315182,0.426373
4/28/18 1:00,2722.888197,2723.308042,0.419845
4/28/18 2:00,2722.883709,2723.303351,0.419642
4/28/18 3:00,2722.873612,2723.297231,0.423619
4/28/18 4:00,2722.868002,2723.287134,0.419132
4/28/18 5:00,2722.865147,2723.287746,0.422599
4/28/18 6:00,2722.856171,2723.271121,0.41495
4/28/18 7:00,2722.855967,2723.269081,0.413114
4/28/18 8:00,2722.85148,2723.268775,0.417295
4/28/18 9:00,2722.852907,2723.274385,0.421478
4/28/18 10:00,2722.850562,2723.263268,0.412706
4/28/18 11:00,2722.846992,2723.263166,0.416174
4/28/18 12:00,2722.849644,2723.265206,0.415562
4/28/18 13:00,2722.848522,2723.26286,0.414338
4/28/18 14:00,2722.847502,2723.270407,0.422905
4/28/18 15:00,2722.849032,2723.26184,0.412808
4/28/18 16:00,2722.85148,2723.265818,0.414338
4/28/18 17:00,2722.860659,2723.273773,0.413114
4/28/18 18:00,2722.874224,2723.288766,0.414542
4/28/18 19:00,2722.884933,2723.304575,0.419642
4/28/18 20:00,2722.896254,2723.326095,0.429841
4/28/18 21:00,2722.911145,2723.335886,0.424741
4/28/18 22:00,2722.919814,2723.341496,0.421682
4/28/18 23:00,2722.915021,2723.345066,0.430045
4/29/18 0:00,2722.916245,2723.353735,0.43749
4/29/18 1:00,2722.916143,2723.341394,0.425251
4/29/18 2:00,2722.918896,2723.342822,0.423926
4/29/18 3:00,2722.912165,2723.33711,0.424945
4/29/18 4:00,2722.908187,2723.33405,0.425863
4/29/18 5:00,2722.906147,2723.333744,0.427597
4/29/18 6:00,2722.894316,2723.317528,0.423212
4/29/18 7:00,2722.89401,2723.314264,0.420254
4/29/18 8:00,2722.887993,2723.313448,0.425455
4/29/18 9:00,2722.887381,2723.307328,0.419947
4/29/18 10:00,2722.882485,2723.301719,0.419234
4/29/18 11:00,2722.881363,2723.297333,0.41597
4/29/18 12:00,2722.879323,2723.297537,0.418214
4/29/18 13:00,2722.87555,2723.29305,0.4175
4/29/18 14:00,2722.877182,2723.297333,0.420151
4/29/18 15:00,2722.880649,2723.303861,0.423212
4/29/18 16:00,2722.888401,2723.308756,0.420355
4/29/18 17:00,2722.89605,2723.324157,0.428107
4/29/18 18:00,2722.907371,2723.334458,0.427087
4/29/18 19:00,2722.916653,2723.346289,0.429636
4/29/18 20:00,2722.921446,2723.360874,0.439428
4/29/18 21:00,2722.926342,2723.356693,0.430351
4/29/18 22:00,2722.927056,2723.36067,0.433614
4/29/18 23:00,2722.9242,2723.352307,0.428107
4/30/18 0:00,2722.92012,2723.348227,0.428107
4/30/18 1:00,2722.917061,2723.344556,0.427495
4/30/18 2:00,2722.912675,2723.342618,0.429943
4/30/18 3:00,2722.90472,2723.340578,0.435858
4/30/18 4:00,2722.903598,2723.328849,0.425251
4/30/18 5:00,2722.8986,2723.321811,0.423211
4/30/18 6:00,2722.897376,2723.320077,0.422701
4/30/18 7:00,2722.891869,2723.313244,0.421375
4/30/18 8:00,2722.890135,2723.315182,0.425047
4/30/18 9:00,2722.888299,2723.308858,0.420559
4/30/18 10:00,2722.883199,2723.306207,0.423008
4/30/18 11:00,2722.881057,2723.298965,0.417908
4/30/18 12:00,2722.856579,2723.272855,0.416276
4/30/18 13:00,2722.850562,2723.268673,0.418111
4/30/18 14:00,2722.852092,2723.26643,0.414338
4/30/18 15:00,2722.853927,2723.269999,0.416072
4/30/18 16:00,2722.861985,2723.282034,0.420049
4/30/18 17:00,2722.872796,2723.292132,0.419336
4/30/18 18:00,2722.878202,2723.305799,0.427597
4/30/18 19:00,2722.893296,2723.324769,0.431473
4/30/18 20:00,2722.901354,2723.326095,0.424741
4/30/18 21:00,2722.903904,2723.327115,0.423211
4/30/18 22:00,2722.905331,2723.332011,0.42668
4/30/18 23:00,2722.900436,2723.325483,0.425047
5/1/18 0:00,2722.894418,2723.323035,0.428617
5/1/18 1:00,2722.888809,2723.310694,0.421885
5/1/18 2:00,2722.884933,2723.303249,0.418316
5/1/18 3:00,2722.883301,2723.301107,0.417806
5/1/18 4:00,2722.875958,2723.292336,0.416378
5/1/18 5:00,2722.86892,2723.286726,0.417806
5/1/18 6:00,2722.868308,2723.286216,0.417908
5/1/18 7:00,2722.862801,2723.276833,0.414032
5/1/18 8:00,2722.857803,2723.279077,0.421274
5/1/18 9:00,2722.862393,2723.272243,0.40985
5/1/18 10:00,2722.858007,2723.274487,0.41648
5/1/18 11:00,2722.857089,2723.271121,0.414032
5/1/18 12:00,2722.84995,2723.271121,0.421171
5/1/18 13:00,2722.850256,2723.263574,0.413318
5/1/18 14:00,2722.847502,2723.261126,0.413624
5/1/18 15:00,2722.845564,2723.260514,0.41495
5/1/18 16:00,2722.842708,2723.259596,0.416888
5/1/18 17:00,2722.845666,2723.256434,0.410768
5/1/18 18:00,2722.849746,2723.258984,0.409238
5/1/18 19:00,2722.850664,2723.260514,0.40985
5/1/18 20:00,2722.848828,2723.263676,0.414848
5/1/18 21:00,2722.849236,2723.265002,0.415766
5/1/18 22:00,2722.84791,2723.262146,0.414236
5/1/18 23:00,2722.845768,2723.253477,0.407709
5/2/18 0:00,2722.839648,2723.252559,0.412911
5/2/18 1:00,2722.837405,2723.249499,0.412094
5/2/18 2:00,2722.832407,2723.244093,0.411686
5/2/18 3:00,2722.834141,2723.241849,0.407708
5/2/18 4:00,2722.828327,2723.237158,0.408831
5/2/18 5:00,2722.826899,2723.232568,0.405669
5/2/18 6:00,2722.824554,2723.2342,0.409646
5/2/18 7:00,2722.824962,2723.231752,0.40679
5/2/18 8:00,2722.82333,2723.228386,0.405056
5/2/18 9:00,2722.82384,2723.230732,0.406892
5/2/18 10:00,2722.823534,2723.228182,0.404648
5/2/18 11:00,2722.821902,2723.227265,0.405363
5/2/18 12:00,2722.797526,2723.194729,0.397203
5/2/18 13:00,2722.79671,2723.195443,0.398733
5/2/18 14:00,2722.795486,2723.189629,0.394143
5/2/18 15:00,2722.795588,2723.190853,0.395265
5/2/18 16:00,2722.79518,2723.193199,0.398019
5/2/18 17:00,2722.796098,2723.195341,0.399243
5/2/18 18:00,2722.79569,2723.194525,0.398835
5/2/18 19:00,2722.799056,2723.201155,0.402099
5/2/18 20:00,2722.799668,2723.199115,0.399447
5/2/18 21:00,2722.7962,2723.198911,0.402711
5/2/18 22:00,2722.794364,2723.195749,0.401385
5/2/18 23:00,2722.791712,2723.194015,0.402303
5/3/18 0:00,2722.790692,2723.193709,0.403017
5/3/18 1:00,2722.792732,2723.194015,0.401283
5/3/18 2:00,2722.79263,2723.188711,0.396081
5/3/18 3:00,2722.787734,2723.187284,0.39955
5/3/18 4:00,2722.78753,2723.183714,0.396184
5/3/18 5:00,2722.784471,2723.180654,0.396183
5/3/18 6:00,2722.784777,2723.178818,0.394041
5/3/18 7:00,2722.780595,2723.176064,0.395469
5/3/18 8:00,2722.779677,2723.172597,0.39292
5/3/18 9:00,2722.773965,2723.167293,0.393328
5/3/18 10:00,2722.775393,2723.161989,0.386596
5/3/18 11:00,2722.761522,2723.146487,0.384965
5/3/18 12:00,2722.761318,2723.147099,0.385781
5/3/18 13:00,2722.763868,2723.150362,0.386494
5/3/18 14:00,2722.76244,2723.148221,0.385781
5/3/18 15:00,2722.760604,2723.144141,0.383537
5/3/18 16:00,2722.76295,2723.14873,0.38578
5/3/18 17:00,2722.759891,2723.147507,0.387616
5/3/18 18:00,2722.763154,2723.148628,0.385474
5/3/18 19:00,2722.758871,2723.144243,0.385372
5/3/18 20:00,2722.759177,2723.142611,0.383434
5/3/18 21:00,2722.759177,2723.146181,0.387004
5/3/18 22:00,2722.757749,2723.145161,0.387412
5/3/18 23:00,2722.758157,2723.144039,0.385882
5/4/18 0:00,2722.757545,2723.141693,0.384148
5/4/18 1:00,2722.757443,2723.141285,0.383842
5/4/18 2:00,2722.753363,2723.134656,0.381293
5/4/18 3:00,2722.749691,2723.132514,0.382823
5/4/18 4:00,2722.745816,2723.126292,0.380476
5/4/18 5:00,2722.742144,2723.121601,0.379457
5/4/18 6:00,2722.741838,2723.121805,0.379967
5/4/18 7:00,2722.740206,2723.119765,0.379559
5/4/18 8:00,2722.737758,2723.116705,0.378947
5/4/18 9:00,2722.737758,2723.115991,0.378233
5/4/18 10:00,2722.739492,2723.117623,0.378131
5/4/18 11:00,2722.731231,2723.104262,0.373031
5/4/18 12:00,2722.731027,2723.10518,0.374153
5/4/18 13:00,2722.730619,2723.104466,0.373847
5/4/18 14:00,2722.728273,2723.10365,0.375377
5/4/18 15:00,2722.730823,2723.102834,0.372011
5/4/18 16:00,2722.730517,2723.105384,0.374867
5/4/18 17:00,2722.735208,2723.107832,0.372624
5/4/18 18:00,2722.747753,2723.123334,0.375581
5/4/18 19:00,2722.754689,2723.138429,0.38374
5/4/18 20:00,2722.76652,2723.159134,0.392614
5/4/18 21:00,2722.777739,2723.169741,0.392002
5/4/18 22:00,2722.783655,2723.179226,0.395571
5/4/18 23:00,2722.786205,2723.181164,0.394959
5/5/18 0:00,2722.784369,2723.176676,0.392307
5/5/18 1:00,2722.781921,2723.174535,0.392614
5/5/18 2:00,2722.778249,2723.166375,0.388126
5/5/18 3:00,2722.772436,2723.163519,0.391083
5/5/18 4:00,2722.766724,2723.158624,0.3919
5/5/18 5:00,2722.762848,2723.153932,0.391084
5/5/18 6:00,2722.761318,2723.145773,0.384455
5/5/18 7:00,2722.759789,2723.144855,0.385066
5/5/18 8:00,2722.756627,2723.141387,0.38476
5/5/18 9:00,2722.757647,2723.142713,0.385066
5/5/18 10:00,2722.756117,2723.141591,0.385474
5/5/18 11:00,2722.753057,2723.137817,0.38476
5/5/18 12:00,2722.754893,2723.137715,0.382822
5/5/18 13:00,2722.752649,2723.135675,0.383026
5/5/18 14:00,2722.754893,2723.135166,0.380273
5/5/18 15:00,2722.753057,2723.137205,0.384148
5/5/18 16:00,2722.758157,2723.141897,0.38374
5/5/18 17:00,2722.76703,2723.15179,0.38476
5/5/18 18:00,2722.777433,2723.171271,0.393838
5/5/18 19:00,2722.800891,2723.20197,0.401079
5/5/18 20:00,2722.81874,2723.227061,0.408321
5/5/18 21:00,2722.834855,2723.249907,0.415052
5/5/18 22:00,2722.8474,2723.265614,0.418214
5/5/18 23:00,2722.854947,2723.272141,0.417194
5/6/18 0:00,2722.854335,2723.274385,0.42005
5/6/18 1:00,2722.851174,2723.267857,0.416683
5/6/18 2:00,2722.847196,2723.257352,0.410156
5/6/18 3:00,2722.838731,2723.251131,0.4124
5/6/18 4:00,2722.834753,2723.245725,0.410972
5/6/18 5:00,2722.829245,2723.236342,0.407097
5/6/18 6:00,2722.825166,2723.231344,0.406178
5/6/18 7:00,2722.822514,2723.230834,0.40832
5/6/18 8:00,2722.82129,2723.22961,0.40832
5/6/18 9:00,2722.8167,2723.220227,0.403527
5/6/18 10:00,2722.812009,2723.217269,0.40526
5/6/18 11:00,2722.811703,2723.215127,0.403424
5/6/18 12:00,2722.810275,2723.213598,0.403323
5/6/18 13:00,2722.806909,2723.211558,0.404649
5/6/18 14:00,2722.804767,2723.203194,0.398427
5/6/18 15:00,2722.810173,2723.21013,0.399957
5/6/18 16:00,2722.807419,2723.205948,0.398529
5/6/18 17:00,2722.815578,2723.220431,0.404853
5/6/18 18:00,2722.830571,2723.236546,0.405975
5/6/18 19:00,2722.84842,2723.264288,0.415868
5/6/18 20:00,2722.86688,2723.287032,0.420152
5/6/18 21:00,2722.884117,2723.30692,0.422803
5/6/18 22:00,2722.893398,2723.316814,0.423416
5/6/18 23:00,2722.897784,2723.324055,0.426271
5/7/18 0:00,2722.897784,2723.317018,0.419234
5/7/18 1:00,2722.895846,2723.318242,0.422396
5/7/18 2:00,2722.889625,2723.312122,0.422497
5/7/18 3:00,2722.887891,2723.309368,0.421477
5/7/18 4:00,2722.87657,2723.299679,0.423109
5/7/18 5:00,2722.877386,2723.297027,0.419641
5/7/18 6:00,2722.874224,2723.288358,0.414134
5/7/18 7:00,2722.866676,2723.288154,0.421478
5/7/18 8:00,2722.865758,2723.288562,0.422804
5/7/18 9:00,2722.860965,2723.281932,0.420967
5/7/18 10:00,2722.859945,2723.274691,0.414746
5/7/18 11:00,2722.855151,2723.270509,0.415358
5/7/18 12:00,2722.855865,2723.273059,0.417194
5/7/18 13:00,2722.851888,2723.268775,0.416887
5/7/18 14:00,2722.849746,2723.26133,0.411584
5/7/18 15:00,2722.847502,2723.260412,0.41291
5/7/18 16:00,2722.850358,2723.268061,0.417703
5/7/18 17:00,2722.859333,2723.276119,0.416786
5/7/18 18:00,2722.87249,2723.295803,0.423313
5/7/18 19:00,2722.888197,2723.308144,0.419947
5/7/18 20:00,2722.893806,2723.320383,0.426577
5/7/18 21:00,2722.905637,2723.332419,0.426782
5/7/18 22:00,2722.909819,2723.336702,0.426883
5/7/18 23:00,2722.910227,2723.334764,0.424537
5/8/18 0:00,2722.907779,2723.329461,0.421682
5/8/18 1:00,2722.908187,2723.340272,0.432085
5/8/18 2:00,2722.90472,2723.328033,0.423313
5/8/18 3:00,2722.901762,2723.329563,0.427801
5/8/18 4:00,2722.90064,2723.322321,0.421681
5/8/18 5:00,2722.894724,2723.322933,0.428209
5/8/18 6:00,2722.890747,2723.312632,0.421885
5/8/18 7:00,2722.889421,2723.30947,0.420049
5/8/18 8:00,2722.885749,2723.305085,0.419336
5/8/18 9:00,2722.884525,2723.302025,0.4175
5/8/18 10:00,2722.883505,2723.301107,0.417602
5/8/18 11:00,2722.8781,2723.297639,0.419539
5/8/18 12:00,2722.871674,2723.290908,0.419234
5/8/18 13:00,2722.87147,2723.289684,0.418214
5/8/18 14:00,2722.869634,2723.288562,0.418928
5/8/18 15:00,2722.868002,2723.290296,0.422294
5/8/18 16:00,2722.87555,2723.294885,0.419335
5/8/18 17:00,2722.889523,2723.308246,0.418723
5/8/18 18:00,2722.914613,2723.347717,0.433104
5/8/18 19:00,2722.950514,2723.380253,0.429739
5/8/18 20:00,2722.971116,2723.407791,0.436675
5/8/18 21:00,2722.993351,2723.432983,0.439632
5/8/18 22:00,2722.998144,2723.438184,0.44004
5/8/18 23:00,2723.008038,2723.454911,0.446873
5/9/18 0:00,2723.003448,2723.449098,0.44565
5/9/18 1:00,2723.001102,2723.438286,0.437184
5/9/18 2:00,2722.994983,2723.433799,0.438816
5/9/18 3:00,2722.988761,2723.427781,0.43902
5/9/18 4:00,2722.985803,2723.413094,0.427291
5/9/18 5:00,2722.979378,2723.411463,0.432085
5/9/18 6:00,2722.968567,2723.404425,0.435858
5/9/18 7:00,2722.962141,2723.398713,0.436572
5/9/18 8:00,2722.952962,2723.394124,0.441162
5/9/18 9:00,2722.948066,2723.380967,0.432901
5/9/18 10:00,2722.947046,2723.375867,0.428821
5/9/18 11:00,2722.939295,2723.364852,0.425557
5/9/18 12:00,2722.939397,2723.361588,0.422191
5/9/18 13:00,2722.931747,2723.36322,0.431473
5/9/18 14:00,2722.92828,2723.359446,0.431166
5/9/18 15:00,2722.92369,2723.354551,0.430861
5/9/18 16:00,2722.925934,2723.354551,0.428617
5/9/18 17:00,2722.92981,2723.357917,0.428107
5/9/18 18:00,2722.941233,2723.368728,0.427495
5/9/18 19:00,2722.951942,2723.385455,0.433513
5/9/18 20:00,2722.962549,2723.39392,0.431371
5/9/18 21:00,2722.971932,2723.404425,0.432493
5/9/18 22:00,2722.976012,2723.42054,0.444528
5/9/18 23:00,2722.983356,2723.419214,0.435858
5/10/18 0:00,2722.987231,2723.422478,0.435247
5/10/18 1:00,2722.982438,2723.423906,0.441468
5/10/18 2:00,2722.976624,2723.413604,0.43698
5/10/18 3:00,2722.972238,2723.410239,0.438001
5/10/18 4:00,2722.969995,2723.403813,0.433818
5/10/18 5:00,2722.963671,2723.404323,0.440652
5/10/18 6:00,2722.960305,2723.386066,0.425761
5/10/18 7:00,2722.950616,2723.391064,0.440448
5/10/18 8:00,2722.949596,2723.380355,0.430759
5/10/18 9:00,2722.94572,2723.375765,0.430045
5/10/18 10:00,2722.944395,2723.378009,0.433614
5/10/18 11:00,2722.938989,2723.36322,0.424231
5/10/18 12:00,2722.930932,2723.36424,0.433308
5/10/18 13:00,2722.929912,2723.357815,0.427903
5/10/18 14:00,2722.930218,2723.358019,0.427801
5/10/18 15:00,2722.915429,2723.349859,0.43443
5/10/18 16:00,2722.921854,2723.351287,0.429433
5/10/18 17:00,2722.932359,2723.356489,0.42413
5/10/18 18:00,2722.950004,2723.386066,0.436062
5/10/18 19:00,2722.978256,2723.416664,0.438408
5/10/18 20:00,2722.997838,2723.439714,0.441876
5/10/18 21:00,2723.018339,2723.458685,0.440346
5/10/18 22:00,2723.028028,2723.462663,0.434635
5/10/18 23:00,2723.031088,2723.469802,0.438714
5/11/18 0:00,2723.025274,2723.469904,0.44463
5/11/18 1:00,2723.026498,2723.47072,0.444222
5/11/18 2:00,2723.027518,2723.467558,0.44004
5/11/18 3:00,2723.018339,2723.462357,0.444018
5/11/18 4:00,2723.00916,2723.448792,0.439632
5/11/18 5:00,2723.006712,2723.447058,0.440346
5/11/18 6:00,2723.001102,2723.434207,0.433105
5/11/18 7:00,2722.993045,2723.436859,0.443814
5/11/18 8:00,2722.992943,2723.432167,0.439224
5/11/18 9:00,2722.991107,2723.427373,0.436266
5/11/18 10:00,2722.980806,2723.41952,0.438714
5/11/18 11:00,2722.976726,2723.409933,0.433207
5/11/18 12:00,2722.971728,2723.406465,0.434737
5/11/18 13:00,2722.962345,2723.398408,0.436063
5/11/18 14:00,2722.959489,2723.393818,0.434329
5/11/18 15:00,2722.957246,2723.384639,0.427393
5/11/18 16:00,2722.956736,2723.38678,0.430044
5/11/18 17:00,2722.95694,2723.39341,0.43647
5/11/18 18:00,2722.967547,2723.405037,0.43749
5/11/18 19:00,2722.977032,2723.409627,0.432595
5/11/18 20:00,2722.987537,2723.427781,0.440244
5/11/18 21:00,2722.995493,2723.429005,0.433512
5/11/18 22:00,2722.993249,2723.428597,0.435348
5/11/18 23:00,2722.998552,2723.440428,0.441876
5/12/18 0:00,2722.996615,2723.437267,0.440652
5/12/18 1:00,2722.994779,2723.427271,0.432492
5/12/18 2:00,2722.991107,2723.425027,0.43392
5/12/18 3:00,2722.987741,2723.419724,0.431983
5/12/18 4:00,2722.980704,2723.421152,0.440448
5/12/18 5:00,2722.976726,2723.410749,0.434023
5/12/18 6:00,2722.967139,2723.403201,0.436062
5/12/18 7:00,2722.966731,2723.396266,0.429535
5/12/18 8:00,2722.960203,2723.392186,0.431983
5/12/18 9:00,2722.957756,2723.394022,0.436266
5/12/18 10:00,2722.954798,2723.384537,0.429739
5/12/18 11:00,2722.95235,2723.379743,0.427393
5/12/18 12:00,2722.945108,2723.374439,0.429331
5/12/18 13:00,2722.947658,2723.369646,0.421988
5/12/18 14:00,2722.937663,2723.370768,0.433105
5/12/18 15:00,2722.936235,2723.362506,0.426271
5/12/18 16:00,2722.930422,2723.352001,0.421579
5/12/18 17:00,2722.929708,2723.357203,0.427495
5/12/18 18:00,2722.931442,2723.358019,0.426577
5/12/18 19:00,2722.939193,2723.367912,0.428719
5/12/18 20:00,2722.948882,2723.377805,0.428923
5/12/18 21:00,2722.953982,2723.38678,0.432798
5/12/18 22:00,2722.956022,2723.393104,0.437082
5/12/18 23:00,2722.959693,2723.38576,0.426067
5/13/18 0:00,2722.958673,2723.392186,0.433513
5/13/18 1:00,2722.954798,2723.389024,0.434226
5/13/18 2:00,2722.947352,2723.383517,0.436165
5/13/18 3:00,2722.944293,2723.375969,0.431676
5/13/18 4:00,2722.942253,2723.369952,0.427699
5/13/18 5:00,2722.938683,2723.364852,0.426169
5/13/18 6:00,2722.932971,2723.359446,0.426475
5/13/18 7:00,2722.92879,2723.3622,0.43341
5/13/18 8:00,2722.92624,2723.359446,0.433206
5/13/18 9:00,2722.921242,2723.355367,0.434125
5/13/18 10:00,2722.920936,2723.34476,0.423824
5/13/18 11:00,2722.919916,2723.340578,0.420662
5/13/18 12:00,2722.913287,2723.33558,0.422293
5/13/18 13:00,2722.913185,2723.339354,0.426169
5/13/18 14:00,2722.905026,2723.329869,0.424843
5/13/18 15:00,2722.905841,2723.325585,0.419744
5/13/18 16:00,2722.902068,2723.324973,0.422905
5/13/18 17:00,2722.906861,2723.325687,0.418826
5/13/18 18:00,2722.907269,2723.333336,0.426067
5/13/18 19:00,2722.919508,2723.344964,0.425456
5/13/18 20:00,2722.93083,2723.362302,0.431472
5/13/18 21:00,2722.939397,2723.384741,0.445344
5/13/18 22:00,2722.960305,2723.395246,0.434941
5/13/18 23:00,2722.958979,2723.396572,0.437593
5/14/18 0:00,2722.958775,2723.391676,0.432901
5/14/18 1:00,2722.958061,2723.388106,0.430045
5/14/18 2:00,2722.959591,2723.391982,0.432391
5/14/18 3:00,2722.950208,2723.382191,0.431983
5/14/18 4:00,2722.944089,2723.370156,0.426067
5/14/18 5:00,2722.941947,2723.369034,0.427087
5/14/18 6:00,2722.928586,2723.362404,0.433818
5/14/18 7:00,2722.930422,2723.367912,0.43749
5/14/18 8:00,2722.929198,2723.363934,0.434736
5/14/18 9:00,2722.926036,2723.351899,0.425863
5/14/18 10:00,2722.92012,2723.353837,0.433717
5/14/18 11:00,2722.917571,2723.343944,0.426373
5/14/18 12:00,2722.917265,2723.346595,0.42933
5/14/18 13:00,2722.913899,2723.344046,0.430147
5/14/18 14:00,2722.907473,2723.337824,0.430351
5/14/18 15:00,2722.901762,2723.328441,0.426679
5/14/18 16:00,2722.90319,2723.329359,0.426169
5/14/18 17:00,2722.902374,2723.329665,0.427291
5/14/18 18:00,2722.913695,2723.338742,0.425047
5/14/18 19:00,2722.92573,2723.358937,0.433207
5/14/18 20:00,2722.943375,2723.376071,0.432696
5/14/18 21:00,2722.953166,2723.398,0.444834
5/14/18 22:00,2722.967853,2723.402895,0.435042
5/14/18 23:00,2722.97234,2723.407179,0.434839
5/15/18 0:00,2722.97285,2723.405955,0.433105
5/15/18 1:00,2722.971116,2723.401365,0.430249
5/15/18 2:00,2722.961019,2723.404833,0.443814
5/15/18 3:00,2722.959591,2723.395144,0.435553
5/15/18 4:00,2722.957552,2723.393002,0.43545
5/15/18 5:00,2722.952044,2723.388106,0.436062
5/15/18 6:00,2722.942355,2723.374541,0.432186
5/15/18 7:00,2722.941947,2723.378111,0.436164
5/15/18 8:00,2722.938989,2723.369442,0.430453
5/15/18 9:00,2722.938071,2723.369442,0.431371
5/15/18 10:00,2722.931951,2723.36934,0.437389
5/15/18 11:00,2722.931034,2723.357917,0.426883
5/15/18 12:00,2722.927362,2723.352613,0.425251
5/15/18 13:00,2722.925628,2723.353735,0.428107
5/15/18 14:00,2722.918386,2723.344148,0.425762
5/15/18 15:00,2722.914001,2723.338232,0.424231
5/15/18 16:00,2722.910227,2723.34017,0.429943
5/15/18 17:00,2722.914715,2723.336804,0.422089
5/15/18 18:00,2722.919712,2723.345984,0.426272
5/15/18 19:00,2722.933889,2723.364954,0.431065
5/15/18 20:00,2722.952656,2723.390146,0.43749
5/15/18 21:00,2722.967751,2723.407383,0.439632
5/15/18 22:00,2722.982336,2723.416664,0.434328
5/15/18 23:00,2722.988047,2723.430331,0.442284
5/16/18 0:00,2722.996309,2723.429923,0.433614
5/16/18 1:00,2722.989985,2723.427883,0.437898
5/16/18 2:00,2722.987231,2723.422478,0.435247
5/16/18 3:00,2722.97897,2723.411769,0.432799
5/16/18 4:00,2722.975298,2723.408709,0.433411
5/16/18 5:00,2722.968363,2723.406567,0.438204
5/16/18 6:00,2722.960509,2723.39443,0.433921
5/16/18 7:00,2722.958775,2723.393818,0.435043
5/16/18 8:00,2722.95694,2723.38831,0.43137
5/16/18 9:00,2722.94776,2723.378621,0.430861
5/16/18 10:00,2722.944497,2723.381783,0.437286
5/16/18 11:00,2722.941947,2723.379335,0.437388
5/16/18 12:00,2722.938377,2723.368728,0.430351
5/16/18 13:00,2722.935419,2723.368626,0.433207
5/16/18 14:00,2722.930932,2723.359242,0.42831
5/16/18 15:00,2722.925322,2723.357203,0.431881
5/16/18 16:00,2722.924404,2723.363526,0.439122
5/16/18 17:00,2722.925832,2723.348737,0.422905
5/16/18 18:00,2722.938887,2723.36934,0.430453
5/16/18 19:00,2722.957552,2723.388004,0.430452
5/16/18 20:00,2722.977338,2723.420948,0.44361
5/16/18 21:00,2722.995391,2723.434207,0.438816
5/16/18 22:00,2723.010791,2723.446854,0.436063
5/16/18 23:00,2723.018339,2723.452769,0.43443
5/17/18 0:00,2723.023744,2723.458073,0.434329
5/17/18 1:00,2723.017319,2723.458991,0.441672
5/17/18 2:00,2723.018033,2723.454095,0.436062
5/17/18 3:00,2723.010078,2723.448486,0.438408
5/17/18 4:00,2723.003754,2723.444916,0.441162
5/17/18 5:00,2723.002122,2723.436145,0.434023
5/17/18 6:00,2722.989271,2723.430535,0.441264
5/17/18 7:00,2722.988557,2723.423396,0.434839
5/17/18 8:00,2722.986415,2723.428393,0.441978
5/17/18 9:00,2722.977542,2723.415338,0.437796
5/17/18 10:00,2722.975604,2723.411972,0.436368
5/17/18 11:00,2722.970913,2723.409729,0.438816
5/17/18 12:00,2722.963671,2723.407689,0.444018
5/17/18 13:00,2722.961325,2723.397592,0.436267
5/17/18 14:00,2722.954696,2723.393104,0.438408
5/17/18 15:00,2722.947658,2723.381273,0.433615
5/17/18 16:00,2722.948066,2723.375051,0.426985
5/17/18 17:00,2722.947352,2723.379539,0.432187
5/17/18 18:00,2722.964385,2723.397286,0.432901
5/17/18 19:00,2722.979174,2723.414522,0.435348
5/17/18 20:00,2722.994677,2723.434921,0.440244
5/17/18 21:00,2723.013647,2723.454095,0.440448
5/17/18 22:00,2723.025478,2723.474188,0.44871
5/17/18 23:00,2723.031394,2723.475922,0.444528
5/18/18 0:00,2723.036392,2723.472148,0.435756
5/18/18 1:00,2723.028844,2723.468272,0.439428
5/18/18 2:00,2723.029048,2723.460623,0.431575
5/18/18 3:00,2723.023642,2723.463173,0.439531
5/18/18 4:00,2723.015381,2723.455115,0.439734
5/18/18 5:00,2723.010078,2723.442978,0.4329
5/18/18 6:00,2723.00253,2723.436145,0.433615
5/18/18 7:00,2722.997532,2723.433187,0.435655
5/18/18 8:00,2722.995697,2723.430637,0.43494
5/18/18 9:00,2722.994167,2723.427169,0.433002
5/18/18 10:00,2722.983254,2723.414522,0.431268
5/18/18 11:00,2722.977644,2723.418092,0.440448
5/18/18 12:00,2722.97693,2723.41238,0.43545
5/18/18 13:00,2722.966221,2723.403099,0.436878
5/18/18 14:00,2722.964283,2723.392084,0.427801
5/18/18 15:00,2722.957246,2723.394328,0.437082
5/18/18 16:00,2722.955002,2723.382293,0.427291
5/18/18 17:00,2722.956736,2723.388208,0.431472
5/18/18 18:00,2722.964589,2723.394532,0.429943
5/18/18 19:00,2722.969995,2723.412992,0.442997
5/18/18 20:00,2722.97897,2723.412788,0.433818
5/18/18 21:00,2722.988251,2723.419622,0.431371
5/18/18 22:00,2722.996207,2723.428495,0.432288
5/18/18 23:00,2723.002224,2723.436859,0.434635
5/19/18 0:00,2723.003346,2723.439612,0.436266
5/19/18 1:00,2723.000388,2723.434207,0.433819
5/19/18 2:00,2722.996003,2723.432371,0.436368
5/19/18 3:00,2722.994065,2723.427373,0.433308
5/19/18 4:00,2722.987129,2723.424824,0.437695
5/19/18 5:00,2722.983866,2723.427985,0.444119
5/19/18 6:00,2722.97489,2723.409423,0.434533
5/19/18 7:00,2722.970199,2723.408199,0.438
5/19/18 8:00,2722.968261,2723.402589,0.434328
5/19/18 9:00,2722.960611,2723.396164,0.435553
5/19/18 10:00,2722.961733,2723.400957,0.439224
5/19/18 11:00,2722.958571,2723.392084,0.433513
5/19/18 12:00,2722.954696,2723.396062,0.441366
5/19/18 13:00,2722.942967,2723.374337,0.43137
5/19/18 14:00,2722.941641,2723.370156,0.428515
5/19/18 15:00,2722.937561,2723.37036,0.432799
5/19/18 16:00,2722.935827,2723.364036,0.428209
5/19/18 17:00,2722.931442,2723.36781,0.436368
5/19/18 18:00,2722.933991,2723.370258,0.436267
5/19/18 19:00,2722.941845,2723.374031,0.432186
5/19/18 20:00,2722.945516,2723.379641,0.434125
5/19/18 21:00,2722.960305,2723.394328,0.434023
5/19/18 22:00,2722.965201,2723.404221,0.43902
5/19/18 23:00,2722.972034,2723.412176,0.440142
5/20/18 0:00,2722.97693,2723.405955,0.429025
5/20/18 1:00,2722.975298,2723.406465,0.431167
5/20/18 2:00,2722.969893,2723.410851,0.440958
5/20/18 3:00,2722.964691,2723.401365,0.436674
5/20/18 4:00,2722.963467,2723.39443,0.430963
5/20/18 5:00,2722.957959,2723.382395,0.424436
5/20/18 6:00,2722.951432,2723.378315,0.426883
5/20/18 7:00,2722.943681,2723.376785,0.433104
5/20/18 8:00,2722.939703,2723.36934,0.429637
5/20/18 9:00,2722.941539,2723.37138,0.429841
5/20/18 10:00,2722.937357,2723.36832,0.430963
5/20/18 11:00,2722.934297,2723.36424,0.429943
5/20/18 12:00,2722.930626,2723.364546,0.43392
5/20/18 13:00,2722.931543,2723.358631,0.427088
5/20/18 14:00,2722.929096,2723.358529,0.429433
5/20/18 15:00,2722.927158,2723.360568,0.43341
5/20/18 16:00,2722.91961,2723.352205,0.432595
5/20/18 17:00,2722.919712,2723.348839,0.429127
5/20/18 18:00,2722.923996,2723.356489,0.432493
5/20/18 19:00,2722.93083,2723.358529,0.427699
5/20/18 20:00,2722.933379,2723.365158,0.431779
5/20/18 21:00,2722.93134,2723.360568,0.429228
5/20/18 22:00,2722.928586,2723.355061,0.426475
5/20/18 23:00,2722.92369,2723.358223,0.434533
5/21/18 0:00,2722.925118,2723.352103,0.426985
5/21/18 1:00,2722.922262,2723.353429,0.431167
5/21/18 2:00,2722.915735,2723.345882,0.430147
5/21/18 3:00,2722.915429,2723.342924,0.427495
5/21/18 4:00,2722.913185,2723.340476,0.427291
5/21/18 5:00,2722.909411,2723.332419,0.423008
5/21/18 6:00,2722.903496,2723.328951,0.425455
5/21/18 7:00,2722.903904,2723.328339,0.424435
5/21/18 8:00,2722.903292,2723.332113,0.428821
5/21/18 9:00,2722.904618,2723.324361,0.419743
5/21/18 10:00,2722.89911,2723.326299,0.427189
5/21/18 11:00,2722.901048,2723.323749,0.422701
5/21/18 12:00,2722.895132,2723.320689,0.425557
5/21/18 13:00,2722.893398,2723.319466,0.426068
5/21/18 14:00,2722.886157,2723.310286,0.424129
5/21/18 15:00,2722.887177,2723.309776,0.422599
5/21/18 16:00,2722.888401,2723.306309,0.417908
5/21/18 17:00,2722.890339,2723.30947,0.419131
5/21/18 18:00,2722.893908,2723.317426,0.423518
5/21/18 19:00,2722.902272,2723.332725,0.430453
5/21/18 20:00,2722.915123,2723.34476,0.429637
5/21/18 21:00,2722.921038,2723.346799,0.425761
5/21/18 22:00,2722.929096,2723.361384,0.432288
5/21/18 23:00,2722.936643,2723.371686,0.435043
5/22/18 0:00,2722.932155,2723.367708,0.435553
5/22/18 1:00,2722.934501,2723.367606,0.433105
5/22/18 2:00,2722.936235,2723.37087,0.434635
5/22/18 3:00,2722.933277,2723.361792,0.428515
5/22/18 4:00,2722.927158,2723.359446,0.432288
5/22/18 5:00,2722.925016,2723.349553,0.424537
5/22/18 6:00,2722.917877,2723.346697,0.42882
5/22/18 7:00,2722.915531,2723.343638,0.428107
5/22/18 8:00,2722.913389,2723.34527,0.431881
5/22/18 9:00,2722.911859,2723.336192,0.424333
5/22/18 10:00,2722.910533,2723.334968,0.424435
5/22/18 11:00,2722.906963,2723.330787,0.423824
5/22/18 12:00,2722.900742,2723.328951,0.428209
5/22/18 13:00,2722.90166,2723.322831,0.421171
5/22/18 14:00,2722.89707,2723.318344,0.421274
5/22/18 15:00,2722.891869,2723.318242,0.426373
5/22/18 16:00,2722.889523,2723.318446,0.428923
5/22/18 17:00,2722.895336,2723.322933,0.427597
5/22/18 18:00,2722.906351,2723.333234,0.426883
5/22/18 19:00,2722.914103,2723.338232,0.424129
5/22/18 20:00,2722.918794,2723.353531,0.434737
5/22/18 21:00,2722.928484,2723.355673,0.427189
5/22/18 22:00,2722.929606,2723.363628,0.434022
5/22/18 23:00,2722.933787,2723.36424,0.430453
5/23/18 0:00,2722.934807,2723.366688,0.431881
5/23/18 1:00,2722.933277,2723.36118,0.427903
5/23/18 2:00,2722.938785,2723.361078,0.422293
5/23/18 3:00,2722.930728,2723.36271,0.431982
5/23/18 4:00,2722.930116,2723.355367,0.425251
5/23/18 5:00,2722.924812,2723.353735,0.428923
5/23/18 6:00,2722.918998,2723.345066,0.426068
5/23/18 7:00,2722.917367,2723.3417,0.424333
5/23/18 8:00,2722.914103,2723.344658,0.430555
5/23/18 9:00,2722.911349,2723.336804,0.425455
5/23/18 10:00,2722.912063,2723.330481,0.418418
5/23/18 11:00,2722.906147,2723.327523,0.421376
5/23/18 12:00,2722.905331,2723.334968,0.429637
5/23/18 13:00,2722.90166,2723.328645,0.426985
5/23/18 14:00,2722.894112,2723.315488,0.421376
5/23/18 15:00,2722.895438,2723.310592,0.415154
5/23/18 16:00,2722.887687,2723.312224,0.424537
5/23/18 17:00,2722.892174,2723.31559,0.423416
5/23/18 18:00,2722.891359,2723.312836,0.421477
5/23/18 19:00,2722.900844,2723.320893,0.420049
5/23/18 20:00,2722.912777,2723.33966,0.426883
5/23/18 21:00,2722.931543,2723.359854,0.428311
5/23/18 22:00,2722.945108,2723.380355,0.435247
5/23/18 23:00,2722.954288,2723.387494,0.433206
5/24/18 0:00,2722.959081,2723.39188,0.432799
5/24/18 1:00,2722.958673,2723.393104,0.434431
5/24/18 2:00,2722.958061,2723.385251,0.42719
5/24/18 3:00,2722.952248,2723.380355,0.428107
5/24/18 4:00,2722.947556,2723.375357,0.427801
5/24/18 5:00,2722.939091,2723.374643,0.435552
5/24/18 6:00,2722.934909,2723.362914,0.428005
5/24/18 7:00,2722.929198,2723.359752,0.430554
5/24/18 8:00,2722.925934,2723.357407,0.431473
5/24/18 9:00,2722.925424,2723.353531,0.428107
5/24/18 10:00,2722.921344,2723.350675,0.429331
5/24/18 11:00,2722.912267,2723.34323,0.430963
5/24/18 12:00,2722.913491,2723.344352,0.430861
5/24/18 13:00,2722.906861,2723.333642,0.426781
5/24/18 14:00,2722.905026,2723.326299,0.421273
5/24/18 15:00,2722.894928,2723.315896,0.420968
5/24/18 16:00,2722.893908,2723.315998,0.42209
5/24/18 17:00,2722.896764,2723.322525,0.425761
5/24/18 18:00,2722.909615,2723.334764,0.425149
5/24/18 19:00,2722.926342,2723.361894,0.435552
5/24/18 20:00,2722.948372,2723.3878,0.439428
5/24/18 21:00,2722.973972,2723.409117,0.435145
5/24/18 22:00,2722.987945,2723.424518,0.436573
5/24/18 23:00,2722.99743,2723.430739,0.433309
5/25/18 0:00,2723.003244,2723.447466,0.444222
5/25/18 1:00,2722.999368,2723.431555,0.432187
5/25/18 2:00,2722.992535,2723.431657,0.439122
5/25/18 3:00,2722.987435,2723.419214,0.431779
5/25/18 4:00,2722.984477,2723.419826,0.435349
5/25/18 5:00,2722.975502,2723.411769,0.436267
5/25/18 6:00,2722.971116,2723.401059,0.429943
5/25/18 7:00,2722.963671,2723.400243,0.436572
5/25/18 8:00,2722.958673,2723.39596,0.437287
5/25/18 9:00,2722.956634,2723.39086,0.434226
5/25/18 10:00,2722.950718,2723.378315,0.427597
5/25/18 11:00,2722.94725,2723.372298,0.425048
5/25/18 12:00,2722.939499,2723.374643,0.435144
5/25/18 13:00,2722.933787,2723.363832,0.430045
5/25/18 14:00,2722.931136,2723.357917,0.426781
5/25/18 15:00,2722.921038,2723.354245,0.433207
5/25/18 16:00,2722.917877,2723.345984,0.428107
5/25/18 17:00,2722.92471,2723.349247,0.424537
5/25/18 18:00,2722.942151,2723.37036,0.428209
5/25/18 19:00,2722.966323,2723.393002,0.426679
5/25/18 20:00,2722.989883,2723.421254,0.431371
5/25/18 21:00,2723.00916,2723.44563,0.43647
5/25/18 22:00,2723.023744,2723.467762,0.444018
5/25/18 23:00,2723.03374,2723.473882,0.440142
5/26/18 0:00,2723.044653,2723.484285,0.439632
5/26/18 1:00,2723.038737,2723.482347,0.44361
5/26/18 2:00,2723.03221,2723.472454,0.440244
5/26/18 3:00,2723.023642,2723.461541,0.437899
5/26/18 4:00,2723.018135,2723.459909,0.441774
5/26/18 5:00,2723.009262,2723.44206,0.432798
5/26/18 6:00,2723.002122,2723.435737,0.433615
5/26/18 7:00,2722.996921,2723.433595,0.436674
5/26/18 8:00,2722.992739,2723.425129,0.43239
5/26/18 9:00,2722.982234,2723.418398,0.436164
5/26/18 10:00,2722.980092,2723.415032,0.43494
5/26/18 11:00,2722.971728,2723.408403,0.436675
5/26/18 12:00,2722.968363,2723.401569,0.433206
5/26/18 13:00,2722.962345,2723.391676,0.429331
5/26/18 14:00,2722.95694,2723.392798,0.435858
5/26/18 15:00,2722.951228,2723.378213,0.426985
5/26/18 16:00,2722.949494,2723.376173,0.426679
5/26/18 17:00,2722.95184,2723.378417,0.426577
5/26/18 18:00,2722.946332,2723.384333,0.438001
5/26/18 19:00,2722.953676,2723.389024,0.435348
5/26/18 20:00,2722.962753,2723.394634,0.431881
5/26/18 21:00,2722.962753,2723.390554,0.427801
5/26/18 22:00,2722.964997,2723.391982,0.426985
5/26/18 23:00,2722.962753,2723.388616,0.425863
5/27/18 0:00,2722.958265,2723.389942,0.431677
5/27/18 1:00,2722.958877,2723.388004,0.429127
5/27/18 2:00,2722.957552,2723.389738,0.432186
5/27/18 3:00,2722.953778,2723.378315,0.424537
5/27/18 4:00,2722.948576,2723.372094,0.423518
5/27/18 5:00,2722.945618,2723.365668,0.42005
5/27/18 6:00,2722.937867,2723.362302,0.424435
5/27/18 7:00,2722.939091,2723.355775,0.416684
5/27/18 8:00,2722.932461,2723.362302,0.429841
5/27/18 9:00,2722.927668,2723.356183,0.428515
5/27/18 10:00,2722.925118,2723.351593,0.426475
5/27/18 11:00,2722.924098,2723.352817,0.428719
5/27/18 12:00,2722.91961,2723.3417,0.42209
5/27/18 13:00,2722.913491,2723.335274,0.421783
5/27/18 14:00,2722.909207,2723.330787,0.42158
5/27/18 15:00,2722.907983,2723.330175,0.422192
5/27/18 16:00,2722.906759,2723.328441,0.421682
5/27/18 17:00,2722.904516,2723.332215,0.427699
5/27/18 18:00,2722.908289,2723.328849,0.42056
5/27/18 19:00,2722.924506,2723.354041,0.429535
5/27/18 20:00,2722.945516,2723.376479,0.430963
5/27/18 21:00,2722.964181,2723.401875,0.437694
5/27/18 22:00,2722.980296,2723.41901,0.438714
5/27/18 23:00,2722.986007,2723.416358,0.430351
5/28/18 0:00,2722.988455,2723.428903,0.440448
5/28/18 1:00,2722.985599,2723.425537,0.439938
5/28/18 2:00,2722.9805,2723.414012,0.433512
5/28/18 3:00,2722.978052,2723.411769,0.433717
5/28/18 4:00,2722.965813,2723.402997,0.437184
5/28/18 5:00,2722.961019,2723.394226,0.433207
5/28/18 6:00,2722.957144,2723.386066,0.428922
5/28/18 7:00,2722.948576,2723.390044,0.441468
5/28/18 8:00,2722.9498,2723.383925,0.434125
5/28/18 9:00,2722.943885,2723.376377,0.432492
5/28/18 10:00,2722.936439,2723.371074,0.434635
5/28/18 11:00,2722.937969,2723.366076,0.428107
5/28/18 12:00,2722.933889,2723.363424,0.429535
5/28/18 13:00,2722.930014,2723.358529,0.428515
5/28/18 14:00,2722.926036,2723.36016,0.434124
5/28/18 15:00,2722.928484,2723.352205,0.423721
5/28/18 16:00,2722.931034,2723.359141,0.428107
5/28/18 17:00,2722.92624,2723.356183,0.429943
5/28/18 18:00,2722.924302,2723.350165,0.425863
5/28/18 19:00,2722.920528,2723.354755,0.434227
5/28/18 20:00,2722.925424,2723.357713,0.432289
5/28/18 21:00,2722.927872,2723.356081,0.428209
5/28/18 22:00,2722.933379,2723.363322,0.429943
5/28/18 23:00,2722.930422,2723.363118,0.432696
5/29/18 0:00,2722.931951,2723.355673,0.423722
5/29/18 1:00,2722.930524,2723.352817,0.422293
5/29/18 2:00,2722.922874,2723.355163,0.432289
5/29/18 3:00,2722.920018,2723.353531,0.433513
5/29/18 4:00,2722.916653,2723.349757,0.433104
5/29/18 5:00,2722.914001,2723.341904,0.427903
5/29/18 6:00,2722.909105,2723.343026,0.433921
5/29/18 7:00,2722.903598,2723.336804,0.433206
5/29/18 8:00,2722.904414,2723.330685,0.426271
5/29/18 9:00,2722.90115,2723.325177,0.424027
5/29/18 10:00,2722.89962,2723.322729,0.423109
5/29/18 11:00,2722.89503,2723.324361,0.429331
5/29/18 12:00,2722.8935,2723.319262,0.425762
5/29/18 13:00,2722.889625,2723.315182,0.425557
5/29/18 14:00,2722.881465,2723.304065,0.4226
5/29/18 15:00,2722.880241,2723.299883,0.419642
5/29/18 16:00,2722.878202,2723.303555,0.425353
5/29/18 17:00,2722.877998,2723.300087,0.422089
5/29/18 18:00,2722.880139,2723.303555,0.423416
5/29/18 19:00,2722.884015,2723.303453,0.419438
5/29/18 20:00,2722.889625,2723.320383,0.430758
5/29/18 21:00,2722.893806,2723.314672,0.420866
5/29/18 22:00,2722.901354,2723.327625,0.426271
5/29/18 23:00,2722.907269,2723.332011,0.424742
5/30/18 0:00,2722.913593,2723.345066,0.431473
5/30/18 1:00,2722.917469,2723.346595,0.429126
5/30/18 2:00,2722.912573,2723.346901,0.434328
5/30/18 3:00,2722.908493,2723.336294,0.427801
5/30/18 4:00,2722.907881,2723.335478,0.427597
5/30/18 5:00,2722.903598,2723.336702,0.433104
5/30/18 6:00,2722.897478,2723.323953,0.426475
5/30/18 7:00,2722.896866,2723.324667,0.427801
5/30/18 8:00,2722.893092,2723.324871,0.431779
5/30/18 9:00,2722.890747,2723.31967,0.428923
5/30/18 10:00,2722.890033,2723.31151,0.421477
5/30/18 11:00,2722.886055,2723.315284,0.429229
5/30/18 12:00,2722.883505,2723.310898,0.427393
5/30/18 13:00,2722.881669,2723.305595,0.423926
5/30/18 14:00,2722.879629,2723.303759,0.42413
5/30/18 15:00,2722.880343,2723.295803,0.41546
5/30/18 16:00,2722.875346,2723.299067,0.423721
5/30/18 17:00,2722.877896,2723.296721,0.418825
5/30/18 18:00,2722.883199,2723.303453,0.420254
5/30/18 19:00,2722.896662,2723.321811,0.425149
5/30/18 20:00,2722.922568,2723.350981,0.428413
5/30/18 21:00,2722.94776,2723.382905,0.435145
5/30/18 22:00,2722.969791,2723.412482,0.442691
5/30/18 23:00,2722.978052,2723.41187,0.433818
5/31/18 0:00,2722.969077,2723.407077,0.438
5/31/18 1:00,2722.971932,2723.405751,0.433819
5/31/18 2:00,2722.959999,2723.395756,0.435757
5/31/18 3:00,2722.957959,2723.385658,0.427699
5/31/18 4:00,2722.949086,2723.381987,0.432901
5/31/18 5:00,2722.935827,2723.368932,0.433105
5/31/18 6:00,2722.930728,2723.365158,0.43443
5/31/18 7:00,2722.92522,2723.351797,0.426577
5/31/18 8:00,2722.920222,2723.351593,0.431371
5/31/18 9:00,2722.917265,2723.343638,0.426373
5/31/18 10:00,2722.914817,2723.338334,0.423517
5/31/18 11:00,2722.912267,2723.332521,0.420254
5/31/18 12:00,2722.903088,2723.328747,0.425659
5/31/18 13:00,2722.897274,2723.325279,0.428005
5/31/18 14:00,2722.895744,2723.31712,0.421376
5/31/18 15:00,2722.890237,2723.310592,0.420355
5/31/18 16:00,2722.888503,2723.31304,0.424537
5/31/18 17:00,2722.884729,2723.30998,0.425251
5/31/18 18:00,2722.897886,2723.321097,0.423211
5/31/18 19:00,2722.917469,2723.34272,0.425251
5/31/18 20:00,2722.935929,2723.375051,0.439122
5/31/18 21:00,2722.955716,2723.390554,0.434838
5/31/18 22:00,2722.966833,2723.401161,0.434328
5/31/18 23:00,2722.980704,2723.41901,0.438306
6/1/18 0:00,2722.989577,2723.424212,0.434635
6/1/18 1:00,2722.985905,2723.4236,0.437695
6/1/18 2:00,2722.982948,2723.418806,0.435858
6/1/18 3:00,2722.974176,2723.413808,0.439632
6/1/18 4:00,2722.964997,2723.398408,0.433411
6/1/18 5:00,2722.963569,2723.396062,0.432493
6/1/18 6:00,2722.952248,2723.378213,0.425965
6/1/18 7:00,2722.943069,2723.373929,0.43086
6/1/18 8:00,2722.934603,2723.36679,0.432187
6/1/18 9:00,2722.928178,2723.356693,0.428515
6/1/18 10:00,2722.923384,2723.353021,0.429637
6/1/18 11:00,2722.91961,2723.348737,0.429127
6/1/18 12:00,2722.914307,2723.338028,0.423721
6/1/18 13:00,2722.906555,2723.329053,0.422498
6/1/18 14:00,2722.903802,2723.324667,0.420865
6/1/18 15:00,2722.894826,2723.319364,0.424538
6/1/18 16:00,2722.892174,2723.314774,0.4226
6/1/18 17:00,2722.886259,2723.308246,0.421987
6/1/18 18:00,2722.890645,2723.320077,0.429432
6/1/18 19:00,2722.900844,2723.326911,0.426067
6/1/18 20:00,2722.916857,2723.337518,0.420661
6/1/18 21:00,2722.924914,2723.355469,0.430555
6/1/18 22:00,2722.939601,2723.370462,0.430861
6/1/18 23:00,2722.943171,2723.37189,0.428719
6/2/18 0:00,2722.947148,2723.373113,0.425965
6/2/18 1:00,2722.943273,2723.375867,0.432594
6/2/18 2:00,2722.938071,2723.365872,0.427801
6/2/18 3:00,2722.935215,2723.368014,0.432799
6/2/18 4:00,2722.928994,2723.355877,0.426883
6/2/18 5:00,2722.922466,2723.349043,0.426577
6/2/18 6:00,2722.916245,2723.33762,0.421375
6/2/18 7:00,2722.916041,2723.334356,0.418315
6/2/18 8:00,2722.905433,2723.331297,0.425864
6/2/18 9:00,2722.905637,2723.330073,0.424436
6/2/18 10:00,2722.900232,2723.324871,0.424639
6/2/18 11:00,2722.900028,2723.322219,0.422191
6/2/18 12:00,2722.896968,2723.31304,0.416072
6/2/18 13:00,2722.889727,2723.30743,0.417703
6/2/18 14:00,2722.889217,2723.304167,0.41495
6/2/18 15:00,2722.882485,2723.301311,0.418826
6/2/18 16:00,2722.876774,2723.296109,0.419335
6/2/18 17:00,2722.874122,2723.296823,0.422701
6/2/18 18:00,2722.879833,2723.298047,0.418214
6/2/18 19:00,2722.888911,2723.313652,0.424741
6/2/18 20:00,2722.901048,2723.326299,0.425251
6/2/18 21:00,2722.916041,2723.344148,0.428107
6/2/18 22:00,2722.932461,2723.360058,0.427597
6/2/18 23:00,2722.939907,2723.369442,0.429535
6/3/18 0:00,2722.944599,2723.374337,0.429738
6/3/18 1:00,2722.946332,2723.372909,0.426577
6/3/18 2:00,2722.937561,2723.371992,0.434431
6/3/18 3:00,2722.935521,2723.366892,0.431371
6/3/18 4:00,2722.93134,2723.359446,0.428106
6/3/18 5:00,2722.922466,2723.353939,0.431473
6/3/18 6:00,2722.916347,2723.348227,0.43188
6/3/18 7:00,2722.911757,2723.334458,0.422701
6/3/18 8:00,2722.906249,2723.329971,0.423722
6/3/18 9:00,2722.907167,2723.330889,0.423722
6/3/18 10:00,2722.900334,2723.319975,0.419641
6/3/18 11:00,2722.900232,2723.317528,0.417296
6/3/18 12:00,2722.898192,2723.317732,0.41954
6/3/18 13:00,2722.888401,2723.306105,0.417704
6/3/18 14:00,2722.881873,2723.299577,0.417704
6/3/18 15:00,2722.881873,2723.297843,0.41597
6/3/18 16:00,2722.880241,2723.293559,0.413318
6/3/18 17:00,2722.875244,2723.287746,0.412502
6/3/18 18:00,2722.874326,2723.294783,0.420457
6/3/18 19:00,2722.873816,2723.29101,0.417194
6/3/18 20:00,2722.879221,2723.295905,0.416684
6/3/18 21:00,2722.888095,2723.310286,0.422191
6/3/18 22:00,2722.891461,2723.315692,0.424231
6/3/18 23:00,2722.899722,2723.319873,0.420151
6/4/18 0:00,2722.898396,2723.326707,0.428311
6/4/18 1:00,2722.896254,2723.325177,0.428923
6/4/18 2:00,2722.895438,2723.316202,0.420764
6/4/18 3:00,2722.892684,2723.311204,0.41852
6/4/18 4:00,2722.885545,2723.308144,0.422599
6/4/18 5:00,2722.886871,2723.307736,0.420865
6/4/18 6:00,2722.880547,2723.299985,0.419438
6/4/18 7:00,2722.875754,2723.294783,0.419029
6/4/18 8:00,2722.873612,2723.291112,0.4175
6/4/18 9:00,2722.872388,2723.292642,0.420254
6/4/18 10:00,2722.871164,2723.287134,0.41597
6/4/18 11:00,2722.868002,2723.284482,0.41648
6/4/18 12:00,2722.864025,2723.2803,0.416275
6/4/18 13:00,2722.859027,2723.272243,0.413216
6/4/18 14:00,2722.858517,2723.271427,0.41291
6/4/18 15:00,2722.84995,2723.258882,0.408932
6/4/18 16:00,2722.846176,2723.259086,0.41291
6/4/18 17:00,2722.848012,2723.260208,0.412196
6/4/18 18:00,2722.84995,2723.264084,0.414134
6/4/18 19:00,2722.861883,2723.283666,0.421783
6/4/18 20:00,2722.879119,2723.299577,0.420458
6/4/18 21:00,2722.890951,2723.315182,0.424231
6/4/18 22:00,2722.9037,2723.322219,0.418519
6/4/18 23:00,2722.906861,2723.34017,0.433309
6/5/18 0:00,2722.915837,2723.350063,0.434226
6/5/18 1:00,2722.917265,2723.342822,0.425557
6/5/18 2:00,2722.912573,2723.335478,0.422905
6/5/18 3:00,2722.906351,2723.328849,0.422498
6/5/18 4:00,2722.901558,2723.326095,0.424537
6/5/18 5:00,2722.896152,2723.322627,0.426475
6/5/18 6:00,2722.889727,2723.309164,0.419437
6/5/18 7:00,2722.887177,2723.31151,0.424333
6/5/18 8:00,2722.884729,2723.304167,0.419438
6/5/18 9:00,2722.884015,2723.302127,0.418112
6/5/18 10:00,2722.877794,2723.292234,0.41444
6/5/18 11:00,2722.87402,2723.28897,0.41495
6/5/18 12:00,2722.868716,2723.285604,0.416888
6/5/18 13:00,2722.864535,2723.278873,0.414338
6/5/18 14:00,2722.859741,2723.276731,0.41699
6/5/18 15:00,2722.857497,2723.271427,0.41393
6/5/18 16:00,2722.848318,2723.260718,0.4124
6/5/18 17:00,2722.849338,2723.26031,0.410972
6/5/18 18:00,2722.852601,2723.26235,0.409749
6/5/18 19:00,2722.864229,2723.276629,0.4124
6/5/18 20:00,2722.876978,2723.295293,0.418315
6/5/18 21:00,2722.890237,2723.309674,0.419437
6/5/18 22:00,2722.905331,2723.328033,0.422702
6/5/18 23:00,2722.915327,2723.340476,0.425149
6/6/18 0:00,2722.924608,2723.355163,0.430555
6/6/18 1:00,2722.922874,2723.354959,0.432085
6/6/18 2:00,2722.92369,2723.345882,0.422192
6/6/18 3:00,2722.916245,2723.334968,0.418723
6/6/18 4:00,2722.910227,2723.330277,0.42005
6/6/18 5:00,2722.902476,2723.323239,0.420763
6/6/18 6:00,2722.895642,2723.320893,0.425251
6/6/18 7:00,2722.892684,2723.311816,0.419132
6/6/18 8:00,2722.884729,2723.306411,0.421682
6/6/18 9:00,2722.883709,2723.301107,0.417398
6/6/18 10:00,2722.879323,2723.294579,0.415256
6/6/18 11:00,2722.872388,2723.290296,0.417908
6/6/18 12:00,2722.870348,2723.286318,0.41597
6/6/18 13:00,2722.863413,2723.277241,0.413828
6/6/18 14:00,2722.856783,2723.268163,0.41138
6/6/18 15:00,2722.850766,2723.262044,0.411278
6/6/18 16:00,2722.852296,2723.258882,0.406586
6/6/18 17:00,2722.84332,2723.260514,0.417194
6/6/18 18:00,2722.844442,2723.25776,0.413318
6/6/18 19:00,2722.856069,2723.267653,0.411584
6/6/18 20:00,2722.867186,2723.28999,0.422804
6/6/18 21:00,2722.87657,2723.295395,0.418825
6/6/18 22:00,2722.886157,2723.305799,0.419642
6/6/18 23:00,2722.892582,2723.314978,0.422396
6/7/18 0:00,2722.895948,2723.325483,0.429535
6/7/18 1:00,2722.899008,2723.320995,0.421987
6/7/18 2:00,2722.895438,2723.314162,0.418724
6/7/18 3:00,2722.890543,2723.308858,0.418315
6/7/18 4:00,2722.886259,2723.311102,0.424843
6/7/18 5:00,2722.881261,2723.297333,0.416072
6/7/18 6:00,2722.873102,2723.294579,0.421477
6/7/18 7:00,2722.871164,2723.284584,0.41342
6/7/18 8:00,2722.866472,2723.279281,0.412809
6/7/18 9:00,2722.864433,2723.28336,0.418927
6/7/18 10:00,2722.859435,2723.272345,0.41291
6/7/18 11:00,2722.854947,2723.271223,0.416276
6/7/18 12:00,2722.851276,2723.268979,0.417703
6/7/18 13:00,2722.848624,2723.260412,0.411788
6/7/18 14:00,2722.843116,2723.255618,0.412502
6/7/18 15:00,2722.838221,2723.245113,0.406892
6/7/18 16:00,2722.831183,2723.243379,0.412196
6/7/18 17:00,2722.824554,2723.232364,0.40781
6/7/18 18:00,2722.828327,2723.238892,0.410565
6/7/18 19:00,2722.836385,2723.246745,0.41036
6/7/18 20:00,2722.850664,2723.267653,0.416989
6/7/18 21:00,2722.864433,2723.281422,0.416989
6/7/18 22:00,2722.880955,2723.301923,0.420968
6/7/18 23:00,2722.885851,2723.31457,0.428719
6/8/18 0:00,2722.893296,2723.315896,0.4226
6/8/18 1:00,2722.891971,2723.327013,0.435042
6/8/18 2:00,2722.891971,2723.315998,0.424027
6/8/18 3:00,2722.886565,2723.307838,0.421273
6/8/18 4:00,2722.881057,2723.303249,0.422192
6/8/18 5:00,2722.874836,2723.29203,0.417194
6/8/18 6:00,2722.867084,2723.290908,0.423824
6/8/18 7:00,2722.865656,2723.283054,0.417398
6/8/18 8:00,2722.861475,2723.276221,0.414746
6/8/18 9:00,2722.858109,2723.275711,0.417602
6/8/18 10:00,2722.854539,2723.268979,0.41444
6/8/18 11:00,2722.848114,2723.261024,0.41291
6/8/18 12:00,2722.843932,2723.26031,0.416378
6/8/18 13:00,2722.84281,2723.254292,0.411482
6/8/18 14:00,2722.834651,2723.245521,0.41087
6/8/18 15:00,2722.829245,2723.240014,0.410769
6/8/18 16:00,2722.82282,2723.228284,0.405464
6/8/18 17:00,2722.818434,2723.223695,0.405261
6/8/18 18:00,2722.817312,2723.224001,0.406689
6/8/18 19:00,2722.824146,2723.23063,0.406484
6/8/18 20:00,2722.833427,2723.246439,0.413012
6/8/18 21:00,2722.851276,2723.265104,0.413828
6/8/18 22:00,2722.861169,2723.282646,0.421477
6/8/18 23:00,2722.874836,2723.299475,0.424639
6/9/18 0:00,2722.877794,2723.303249,0.425455
6/9/18 1:00,2722.880139,2723.304473,0.424334
6/9/18 2:00,2722.878712,2723.304881,0.426169
6/9/18 3:00,2722.871776,2723.295191,0.423415
6/9/18 4:00,2722.866268,2723.287848,0.42158
6/9/18 5:00,2722.859435,2723.2803,0.420865
6/9/18 6:00,2722.854539,2723.270509,0.41597
6/9/18 7:00,2722.84995,2723.268469,0.418519
6/9/18 8:00,2722.844442,2723.260718,0.416276
6/9/18 9:00,2722.843932,2723.261942,0.41801
6/9/18 10:00,2722.839139,2723.250417,0.411278
6/9/18 11:00,2722.832611,2723.249805,0.417194
6/9/18 12:00,2722.829959,2723.240931,0.410972
6/9/18 13:00,2722.826797,2723.238076,0.411279
6/9/18 14:00,2722.821902,2723.229916,0.408014
6/9/18 15:00,2722.813742,2723.223695,0.409953
6/9/18 16:00,2722.811091,2723.215841,0.40475
6/9/18 17:00,2722.806807,2723.215127,0.40832
6/9/18 18:00,2722.807623,2723.217473,0.40985
6/9/18 19:00,2722.814354,2723.220635,0.406281
6/9/18 20:00,2722.8218,2723.23267,0.41087
6/9/18 21:00,2722.836283,2723.248581,0.412298
6/9/18 22:00,2722.850562,2723.267347,0.416785
6/9/18 23:00,2722.862393,2723.283462,0.421069
6/10/18 0:00,2722.866982,2723.291418,0.424436
6/10/18 1:00,2722.869736,2723.291826,0.42209
6/10/18 2:00,2722.86586,2723.28642,0.42056
6/10/18 3:00,2722.865045,2723.28387,0.418825
6/10/18 4:00,2722.859129,2723.273467,0.414338
6/10/18 5:00,2722.855763,2723.274385,0.418622
6/10/18 6:00,2722.844748,2723.261738,0.41699
6/10/18 7:00,2722.843422,2723.255312,0.41189
6/10/18 8:00,2722.84383,2723.258882,0.415052
6/10/18 9:00,2722.836079,2723.252049,0.41597
6/10/18 10:00,2722.831285,2723.241951,0.410666
6/10/18 11:00,2722.82537,2723.23675,0.41138
6/10/18 12:00,2722.82435,2723.232466,0.408116
6/10/18 13:00,2722.817618,2723.221961,0.404343
6/10/18 14:00,2722.812213,2723.220533,0.40832
6/10/18 15:00,2722.805685,2723.207478,0.401793
6/10/18 16:00,2722.802217,2723.202174,0.399957
6/10/18 17:00,2722.79824,2723.198605,0.400365
6/10/18 18:00,2722.797424,2723.196361,0.398937
6/10/18 19:00,2722.800177,2723.201868,0.401691
6/10/18 20:00,2722.798648,2723.207274,0.408626
6/10/18 21:00,2722.810581,2723.218697,0.408116
6/10/18 22:00,2722.823126,2723.226143,0.403017
6/10/18 23:00,2722.833427,2723.242359,0.408932
6/11/18 0:00,2722.839648,2723.253069,0.413421
6/11/18 1:00,2722.842402,2723.249295,0.406893
6/11/18 2:00,2722.842912,2723.251437,0.408525
6/11/18 3:00,2722.84026,2723.250723,0.410463
6/11/18 4:00,2722.836997,2723.242359,0.405362
6/11/18 5:00,2722.832305,2723.242767,0.410462
6/11/18 6:00,2722.822514,2723.234302,0.411788
6/11/18 7:00,2722.82333,2723.226755,0.403425
6/11/18 8:00,2722.819964,2723.227061,0.407097
6/11/18 9:00,2722.81721,2723.222267,0.405057
6/11/18 10:00,2722.811295,2723.211864,0.400569
6/11/18 11:00,2722.808949,2723.211864,0.402915
6/11/18 12:00,2722.801197,2723.199013,0.397816
6/11/18 13:00,2722.798036,2723.199421,0.401385
6/11/18 14:00,2722.795486,2723.193199,0.397713
6/11/18 15:00,2722.789876,2723.190343,0.400467
6/11/18 16:00,2722.787224,2723.180246,0.393022
6/11/18 17:00,2722.781003,2723.175758,0.394755
6/11/18 18:00,2722.780187,2723.173413,0.393226
6/11/18 19:00,2722.778351,2723.167701,0.38935
6/11/18 20:00,2722.782023,2723.177696,0.395673
6/11/18 21:00,2722.785083,2723.185346,0.400263
6/11/18 22:00,2722.7962,2723.196667,0.400467
6/11/18 23:00,2722.802931,2723.210436,0.407505
6/12/18 0:00,2722.815272,2723.218901,0.403629
6/12/18 1:00,2722.821494,2723.226041,0.404547
6/12/18 2:00,2722.829041,2723.23267,0.403629
6/12/18 3:00,2722.828123,2723.233384,0.405261
6/12/18 4:00,2722.823636,2723.228896,0.40526
6/12/18 5:00,2722.817006,2723.218289,0.401283
6/12/18 6:00,2722.809969,2723.212986,0.403017
6/12/18 7:00,2722.810377,2723.218901,0.408524
6/12/18 8:00,2722.808337,2723.212884,0.404547
6/12/18 9:00,2722.803339,2723.207784,0.404445
6/12/18 10:00,2722.801707,2723.198911,0.397204
6/12/18 11:00,2722.79671,2723.191567,0.394857
6/12/18 12:00,2722.791202,2723.188303,0.397101
6/12/18 13:00,2722.785899,2723.181062,0.395163
6/12/18 14:00,2722.780799,2723.175452,0.394653
6/12/18 15:00,2722.777943,2723.168211,0.390268
6/12/18 16:00,2722.773761,2723.165661,0.3919
6/12/18 17:00,2722.77111,2723.162193,0.391083
6/12/18 18:00,2722.770702,2723.15842,0.387718
6/12/18 19:00,2722.773965,2723.162703,0.388738
6/12/18 20:00,2722.776413,2723.172903,0.39649
6/12/18 21:00,2722.788856,2723.187386,0.39853
6/12/18 22:00,2722.79875,2723.20299,0.40424
6/12/18 23:00,2722.807623,2723.214515,0.406892
6/13/18 0:00,2722.815374,2723.221247,0.405873
6/13/18 1:00,2722.817006,2723.226245,0.409239
6/13/18 2:00,2722.814762,2723.222777,0.408015
6/13/18 3:00,2722.811091,2723.220023,0.408932
6/13/18 4:00,2722.810479,2723.213904,0.403425
6/13/18 5:00,2722.802115,2723.20554,0.403425
6/13/18 6:00,2722.799871,2723.201868,0.401997
6/13/18 7:00,2722.795792,2723.198605,0.402813
6/13/18 8:00,2722.79467,2723.197177,0.402507
6/13/18 9:00,2722.792426,2723.191771,0.399345
6/13/18 10:00,2722.787122,2723.191057,0.403935
6/13/18 11:00,2722.779371,2723.178614,0.399243
6/13/18 12:00,2722.774271,2723.169741,0.39547
6/13/18 13:00,2722.77264,2723.165661,0.393021
6/13/18 14:00,2722.770498,2723.15995,0.389452
6/13/18 15:00,2722.763766,2723.155156,0.39139
6/13/18 16:00,2722.759177,2723.145773,0.386596
6/13/18 17:00,2722.753363,2723.138429,0.385066
6/13/18 18:00,2722.756117,2723.138021,0.381904
6/13/18 19:00,2722.758463,2723.142101,0.383638
6/13/18 20:00,2722.766724,2723.16097,0.394246
6/13/18 21:00,2722.778963,2723.17943,0.400467
6/13/18 22:00,2722.794772,2723.20197,0.407198
6/13/18 23:00,2722.806603,2723.213088,0.406485
6/14/18 0:00,2722.815068,2723.221145,0.406077
6/14/18 1:00,2722.814252,2723.224919,0.410667
6/14/18 2:00,2722.815782,2723.226653,0.410871
6/14/18 3:00,2722.814864,2723.218901,0.404037
6/14/18 4:00,2722.809357,2723.216249,0.406892
6/14/18 5:00,2722.803339,2723.210538,0.407199
6/14/18 6:00,2722.798444,2723.20656,0.408116
6/14/18 7:00,2722.793038,2723.193913,0.400875
6/14/18 8:00,2722.791916,2723.196157,0.404241
6/14/18 9:00,2722.789468,2723.187692,0.398224
6/14/18 10:00,2722.782125,2723.181572,0.399447
6/14/18 11:00,2722.778045,2723.17688,0.398835
6/14/18 12:00,2722.775087,2723.171781,0.396694
6/14/18 13:00,2722.769682,2723.163213,0.393531
6/14/18 14:00,2722.765704,2723.158624,0.39292
6/14/18 15:00,2722.76091,2723.146385,0.385475
6/14/18 16:00,2722.757647,2723.146283,0.388636
6/14/18 17:00,2722.755607,2723.141897,0.38629
6/14/18 18:00,2722.755097,2723.137307,0.38221
6/14/18 19:00,2722.761012,2723.146181,0.385169
6/14/18 20:00,2722.767846,2723.160766,0.39292
6/14/18 21:00,2722.779371,2723.17586,0.396489
6/14/18 22:00,2722.790794,2723.193607,0.402813
6/14/18 23:00,2722.800279,2723.203194,0.402915
6/15/18 0:00,2722.806093,2723.209926,0.403833
6/15/18 1:00,2722.806399,2723.21217,0.405771
6/15/18 2:00,2722.808337,2723.209212,0.400875
6/15/18 3:00,2722.803543,2723.205948,0.402405
6/15/18 4:00,2722.799566,2723.201053,0.401487
6/15/18 5:00,2722.796098,2723.197483,0.401385
6/15/18 6:00,2722.791406,2723.189425,0.398019
6/15/18 7:00,2722.79008,2723.190445,0.400365
6/15/18 8:00,2722.767234,2723.159338,0.392104
6/15/18 9:00,2722.76346,2723.150974,0.387514
6/15/18 10:00,2722.763358,2723.15383,0.390472
6/15/18 11:00,2722.759177,2723.142815,0.383638
6/15/18 12:00,2722.756321,2723.140367,0.384046
6/15/18 13:00,2722.748977,2723.134146,0.385169
6/15/18 14:00,2722.743266,2723.126394,0.383128
6/15/18 15:00,2722.743674,2723.122314,0.37864
6/15/18 16:00,2722.735412,2723.113339,0.377927
6/15/18 17:00,2722.730313,2723.10671,0.376397
6/15/18 18:00,2722.730925,2723.105282,0.374357
6/15/18 19:00,2722.730925,2723.110483,0.379558
6/15/18 20:00,2722.741022,2723.120275,0.379253
6/15/18 21:00,2722.749793,2723.136185,0.386392
6/15/18 22:00,2722.764888,2723.154544,0.389656
6/15/18 23:00,2722.773659,2723.168517,0.394858
6/16/18 0:00,2722.779269,2723.173209,0.39394
6/16/18 1:00,2722.782839,2723.182898,0.400059
6/16/18 2:00,2722.784675,2723.183408,0.398733
6/16/18 3:00,2722.783451,2723.182592,0.399141
6/16/18 4:00,2722.780391,2723.177798,0.397407
6/16/18 5:00,2722.776413,2723.170557,0.394144
6/16/18 6:00,2722.766826,2723.164743,0.397917
6/16/18 7:00,2722.765806,2723.160256,0.39445
6/16/18 8:00,2722.763358,2723.156176,0.392818
6/16/18 9:00,2722.760604,2723.14873,0.388126
6/16/18 10:00,2722.757035,2723.140673,0.383638
6/16/18 11:00,2722.751527,2723.138225,0.386698
6/16/18 12:00,2722.751731,2723.134044,0.382313
6/16/18 13:00,2722.742246,2723.129556,0.38731
6/16/18 14:00,2722.744694,2723.128128,0.383434
6/16/18 15:00,2722.742246,2723.123844,0.381598
6/16/18 16:00,2722.737656,2723.118847,0.381191
6/16/18 17:00,2722.73786,2723.119459,0.381599
6/16/18 18:00,2722.740002,2723.119459,0.379457
6/16/18 19:00,2722.744898,2723.128536,0.383638
6/16/18 20:00,2722.752853,2723.139347,0.386494
6/16/18 21:00,2722.759177,2723.145365,0.386188
6/16/18 22:00,2722.764582,2723.154952,0.39037
6/16/18 23:00,2722.769376,2723.15944,0.390064
6/17/18 0:00,2722.769478,2723.161072,0.391594
6/17/18 1:00,2722.76958,2723.163111,0.393531
6/17/18 2:00,2722.772232,2723.165355,0.393123
6/17/18 3:00,2722.77111,2723.163417,0.392307
6/17/18 4:00,2722.770294,2723.16148,0.391186
6/17/18 5:00,2722.775801,2723.173719,0.397918
6/17/18 6:00,2722.789162,2723.188303,0.399141
6/17/18 7:00,2722.792426,2723.194729,0.402303
6/17/18 8:00,2722.814762,2723.222879,0.408117
6/17/18 9:00,2722.850868,2723.263472,0.412604
6/17/18 10:00,2722.879323,2723.303045,0.423722
6/17/18 11:00,2722.896662,2723.323443,0.426781
6/17/18 12:00,2722.897784,2723.320587,0.422803
6/17/18 13:00,2722.887279,2723.303657,0.416378
6/17/18 14:00,2722.87708,2723.295089,0.418009
6/17/18 15:00,2722.86841,2723.283666,0.415256
6/17/18 16:00,2722.859639,2723.278159,0.41852
6/17/18 17:00,2722.855253,2723.269285,0.414032
6/17/18 18:00,2722.844442,2723.256638,0.412196
6/17/18 19:00,2722.838935,2723.253477,0.414542
6/17/18 20:00,2722.838833,2723.254496,0.415663
6/17/18 21:00,2722.843932,2723.253884,0.409952
6/17/18 22:00,2722.84842,2723.260616,0.412196
6/17/18 23:00,2722.849746,2723.2598,0.410054
6/18/18 0:00,2722.845972,2723.260004,0.414032
6/18/18 1:00,2722.840974,2723.250009,0.409035
6/18/18 2:00,2722.836487,2723.242257,0.40577
6/18/18 3:00,2722.829041,2723.237566,0.408525
6/18/18 4:00,2722.826389,2723.234302,0.407913
6/18/18 5:00,2722.82537,2723.234302,0.408932
6/18/18 6:00,2722.825676,2723.22859,0.402914
6/18/18 7:00,2722.819454,2723.221757,0.402303
6/18/18 8:00,2722.816292,2723.219309,0.403017
6/18/18 9:00,2722.810683,2723.214617,0.403934
6/18/18 10:00,2722.810581,2723.210742,0.400161
6/18/18 11:00,2722.804155,2723.207682,0.403527
6/18/18 12:00,2722.800789,2723.196361,0.395572
6/18/18 13:00,2722.796302,2723.189221,0.392919
6/18/18 14:00,2722.786918,2723.180654,0.393736
6/18/18 15:00,2722.782737,2723.174127,0.39139
6/18/18 16:00,2722.776209,2723.166885,0.390676
6/18/18 17:00,2722.770192,2723.15944,0.389248
6/18/18 18:00,2722.771722,2723.160766,0.389044
6/18/18 19:00,2722.769376,2723.156788,0.387412
6/18/18 20:00,2722.768152,2723.161174,0.393022
6/18/18 21:00,2722.774781,2723.168313,0.393532
6/18/18 22:00,2722.782227,2723.175452,0.393225
6/18/18 23:00,2722.787428,2723.183816,0.396388
6/19/18 0:00,2722.79263,2723.190037,0.397407
6/19/18 1:00,2722.796302,2723.196259,0.399957
6/19/18 2:00,2722.794364,2723.192485,0.398121
6/19/18 3:00,2722.789876,2723.186366,0.39649
6/19/18 4:00,2722.78753,2723.185142,0.397612
6/19/18 5:00,2722.779371,2723.176064,0.396693
6/19/18 6:00,2722.774679,2723.169945,0.395266
6/19/18 7:00,2722.773048,2723.167089,0.394041
6/19/18 8:00,2722.77264,2723.163723,0.391083
6/19/18 9:00,2722.768458,2723.156686,0.388228
6/19/18 10:00,2722.766724,2723.15944,0.392716
6/19/18 11:00,2722.763664,2723.149036,0.385372
6/19/18 12:00,2722.754995,2723.142917,0.387922
6/19/18 13:00,2722.751119,2723.137511,0.386392
6/19/18 14:00,2722.751119,2723.130066,0.378947
6/19/18 15:00,2722.746428,2723.124456,0.378028
6/19/18 16:00,2722.74347,2723.117929,0.374459
6/19/18 17:00,2722.734902,2723.109667,0.374765
6/19/18 18:00,2722.733169,2723.104874,0.371705
6/19/18 19:00,2722.728681,2723.101916,0.373235
6/19/18 20:00,2722.729905,2723.104364,0.374459
6/19/18 21:00,2722.733577,2723.109769,0.376192
6/19/18 22:00,2722.740002,2723.118133,0.378131
6/19/18 23:00,2722.750915,2723.132106,0.381191
6/20/18 0:00,2722.754179,2723.140265,0.386086
6/20/18 1:00,2722.758769,2723.143325,0.384556
6/20/18 2:00,2722.757545,2723.144447,0.386902
6/20/18 3:00,2722.757239,2723.143937,0.386698
6/20/18 4:00,2722.753057,2723.136083,0.383026
6/20/18 5:00,2722.751017,2723.131494,0.380477
6/20/18 6:00,2722.746224,2723.126292,0.380068
6/20/18 7:00,2722.743266,2723.126598,0.383332
6/20/18 8:00,2722.742246,2723.123232,0.380986
6/20/18 9:00,2722.739696,2723.119459,0.379763
6/20/18 10:00,2722.738472,2723.116705,0.378233
6/20/18 11:00,2722.734902,2723.114971,0.380069
6/20/18 12:00,2722.731027,2723.107628,0.376601
6/20/18 13:00,2722.727967,2723.104874,0.376907
6/20/18 14:00,2722.723989,2723.100284,0.376295
6/20/18 15:00,2722.724703,2723.096918,0.372215
6/20/18 16:00,2722.720012,2723.089167,0.369155
6/20/18 17:00,2722.714912,2723.080498,0.365586
6/20/18 18:00,2722.713688,2723.082028,0.36834
6/20/18 19:00,2722.713382,2723.078152,0.36477
6/20/18 20:00,2722.71022,2723.075398,0.365178
6/20/18 21:00,2722.709302,2723.0755,0.366198
6/20/18 22:00,2722.7143,2723.083863,0.369563
6/20/18 23:00,2722.722969,2723.098448,0.375479
6/21/18 0:00,2722.730925,2723.108036,0.377111
6/21/18 1:00,2722.73684,2723.117623,0.380783
6/21/18 2:00,2722.73939,2723.121193,0.381803
6/21/18 3:00,2722.737758,2723.120479,0.382721
6/21/18 4:00,2722.738676,2723.117929,0.379253
6/21/18 5:00,2722.732863,2723.110789,0.377926
6/21/18 6:00,2722.730823,2723.111197,0.380374
6/21/18 7:00,2722.728681,2723.104364,0.375683
6/21/18 8:00,2722.729701,2723.105078,0.375377
6/21/18 9:00,2722.726539,2723.1011,0.374561
6/21/18 10:00,2722.725825,2723.099672,0.373847
6/21/18 11:00,2722.721439,2723.093859,0.37242
6/21/18 12:00,2722.717258,2723.087025,0.369767
6/21/18 13:00,2722.715626,2723.083863,0.368237
6/21/18 14:00,2722.713178,2723.080294,0.367116
6/21/18 15:00,2722.711138,2723.076622,0.365484
6/21/18 16:00,2722.705937,2723.069483,0.363546
6/21/18 17:00,2722.698083,2723.062139,0.364056
6/21/18 18:00,2722.701041,2723.059589,0.358548
6/21/18 19:00,2722.696451,2723.05551,0.359059
6/21/18 20:00,2722.69227,2723.050818,0.358548
6/21/18 21:00,2722.69227,2723.053164,0.360894
6/21/18 22:00,2722.702775,2723.065811,0.363036
6/21/18 23:00,2722.709098,2723.07805,0.368952
6/22/18 0:00,2722.713076,2723.085903,0.372827
6/22/18 1:00,2722.723377,2723.096306,0.372929
6/22/18 2:00,2722.724601,2723.09804,0.373439
6/22/18 3:00,2722.726029,2723.1011,0.375071
6/22/18 4:00,2722.720828,2723.095797,0.374969
6/22/18 5:00,2722.71634,2723.089167,0.372827
6/22/18 6:00,2722.714708,2723.087331,0.372623
6/22/18 7:00,2722.7143,2723.084781,0.370481
6/22/18 8:00,2722.711852,2723.084067,0.372215
6/22/18 9:00,2722.713586,2723.085189,0.371603
6/22/18 10:00,2722.71022,2723.079274,0.369054
6/22/18 11:00,2722.708894,2723.074888,0.365994
6/22/18 12:00,2722.705325,2723.068769,0.363444
6/22/18 13:00,2722.704611,2723.067239,0.362628
6/22/18 14:00,2722.699919,2723.062853,0.362934
6/22/18 15:00,2722.697777,2723.058263,0.360486
6/22/18 16:00,2722.694819,2723.049696,0.354877
6/22/18 17:00,2722.689924,2723.046228,0.356304
6/22/18 18:00,2722.688496,2723.041639,0.353143
6/22/18 19:00,2722.685946,2723.037253,0.351307
6/22/18 20:00,2722.683294,2723.038069,0.354775
6/22/18 21:00,2722.68411,2723.037763,0.353653
6/22/18 22:00,2722.681866,2723.035825,0.353959
6/22/18 23:00,2722.683294,2723.039497,0.356203
6/23/18 0:00,2722.683498,2723.038273,0.354775
6/23/18 1:00,2722.686354,2723.042353,0.355999
6/23/18 2:00,2722.690332,2723.047554,0.357222
6/23/18 3:00,2722.690842,2723.047656,0.356814
6/23/18 4:00,2722.68666,2723.046024,0.359364
6/23/18 5:00,2722.686354,2723.046126,0.359772
6/23/18 6:00,2722.686558,2723.043474,0.356916
6/23/18 7:00,2722.686966,2723.044494,0.357528
6/23/18 8:00,2722.688292,2723.045106,0.356814
6/23/18 9:00,2722.689006,2723.043882,0.354876
6/23/18 10:00,2722.686762,2723.044596,0.357834
6/23/18 11:00,2722.68513,2723.041027,0.355897
6/23/18 12:00,2722.684518,2723.038477,0.353959
6/23/18 13:00,2722.684008,2723.037457,0.353449
6/23/18 14:00,2722.681153,2723.031847,0.350694
6/23/18 15:00,2722.679929,2723.030521,0.350592
6/23/18 16:00,2722.678501,2723.028176,0.349675
6/23/18 17:00,2722.675135,2723.021546,0.346411
6/23/18 18:00,2722.671361,2723.018078,0.346717
6/23/18 19:00,2722.672279,2723.018486,0.346207
6/23/18 20:00,2722.668607,2723.014509,0.345902
6/23/18 21:00,2722.667588,2723.011857,0.344269
6/23/18 22:00,2722.666976,2723.012979,0.346003
6/23/18 23:00,2722.669831,2723.01818,0.348349
6/24/18 0:00,2722.670749,2723.023178,0.352429
6/24/18 1:00,2722.678909,2723.033071,0.354162
6/24/18 2:00,2722.682988,2723.039803,0.356815
6/24/18 3:00,2722.68513,2723.041537,0.356407
6/24/18 4:00,2722.687578,2723.043882,0.356304
6/24/18 5:00,2722.682988,2723.040007,0.357019
6/24/18 6:00,2722.682988,2723.039803,0.356815
6/24/18 7:00,2722.683906,2723.039395,0.355489
6/24/18 8:00,2722.680439,2723.036029,0.35559
6/24/18 9:00,2722.683906,2723.034601,0.350695
6/24/18 10:00,2722.678501,2723.032051,0.35355
6/24/18 11:00,2722.676767,2723.029808,0.353041
6/24/18 12:00,2722.677685,2723.030012,0.352327
6/24/18 13:00,2722.676155,2723.027666,0.351511
6/24/18 14:00,2722.673095,2723.021954,0.348859
6/24/18 15:00,2722.672585,2723.020118,0.347533
6/24/18 16:00,2722.668098,2723.014407,0.346309
6/24/18 17:00,2722.666262,2723.011143,0.344881
6/24/18 18:00,2722.664018,2723.011347,0.347329
6/24/18 19:00,2722.666058,2723.011449,0.345391
6/24/18 20:00,2722.66157,2723.006961,0.345391
6/24/18 21:00,2722.66004,2723.003392,0.343352
6/24/18 22:00,2722.659224,2723.001352,0.342128
6/24/18 23:00,2722.6631,2723.004513,0.341413
6/25/18 0:00,2722.660346,2723.005329,0.344983
6/25/18 1:00,2722.663406,2723.010633,0.347227
6/25/18 2:00,2722.664324,2723.012979,0.348655
6/25/18 3:00,2722.664324,2723.014203,0.349879
6/25/18 4:00,2722.666466,2723.013285,0.346819
6/25/18 5:00,2722.66667,2723.013387,0.346717
6/25/18 6:00,2722.666874,2723.014509,0.347635
6/25/18 7:00,2722.667282,2723.014815,0.347533
6/25/18 8:00,2722.668098,2723.015325,0.347227
6/25/18 9:00,2722.668098,2723.016447,0.348349
6/25/18 10:00,2722.668505,2723.014101,0.345596
6/25/18 11:00,2722.66361,2723.008083,0.344473
6/25/18 12:00,2722.664018,2723.006349,0.342331
6/25/18 13:00,2722.66259,2723.005023,0.342433
6/25/18 14:00,2722.663304,2723.006145,0.342841
6/25/18 15:00,2722.664732,2723.004309,0.339577
6/25/18 16:00,2722.657082,2722.998394,0.341312
6/25/18 17:00,2722.65953,2722.996864,0.337334
6/25/18 18:00,2722.657796,2722.995334,0.337538
6/25/18 19:00,2722.65749,2722.995436,0.337946
6/25/18 20:00,2722.653309,2722.990235,0.336926
6/25/18 21:00,2722.647291,2722.986359,0.339068
6/25/18 22:00,2722.650555,2722.988807,0.338252
6/25/18 23:00,2722.654125,2722.992682,0.338557
6/26/18 0:00,2722.655043,2722.999516,0.344473
6/26/18 1:00,2722.66412,2723.008899,0.344779
6/26/18 2:00,2722.669117,2723.017466,0.348349
6/26/18 3:00,2722.670137,2723.020832,0.350695
6/26/18 4:00,2722.670443,2723.020934,0.350491
6/26/18 5:00,2722.668403,2723.020934,0.352531
6/26/18 6:00,2722.666976,2723.01767,0.350694
6/26/18 7:00,2722.669423,2723.01869,0.349267
6/26/18 8:00,2722.670443,2723.018588,0.348145
6/26/18 9:00,2722.667996,2723.014815,0.346819
6/26/18 10:00,2722.668403,2723.016141,0.347738
6/26/18 11:00,2722.667792,2723.011755,0.343963
6/26/18 12:00,2722.663814,2723.006859,0.343045
6/26/18 13:00,2722.662284,2723.005227,0.342943
6/26/18 14:00,2722.65749,2723.000536,0.343046
6/26/18 15:00,2722.656776,2722.999006,0.34223
6/26/18 16:00,2722.65749,2722.995844,0.338354
6/26/18 17:00,2722.653717,2722.992172,0.338455
6/26/18 18:00,2722.65596,2722.992274,0.336314
6/26/18 19:00,2722.649739,2722.983503,0.333764
6/26/18 20:00,2722.648413,2722.981871,0.333458
6/26/18 21:00,2722.642905,2722.975038,0.332133
6/26/18 22:00,2722.645047,2722.978301,0.333254
6/26/18 23:00,2722.648209,2722.984421,0.336212
6/27/18 0:00,2722.655043,2722.994722,0.339679
6/27/18 1:00,2722.661468,2723.004819,0.343351
6/27/18 2:00,2722.66463,2723.010633,0.346003
6/27/18 3:00,2722.6682,2723.016141,0.347941
6/27/18 4:00,2722.66667,2723.017772,0.351102
6/27/18 5:00,2722.667282,2723.016753,0.349471
6/27/18 6:00,2722.6631,2723.010531,0.347431
6/27/18 7:00,2722.663814,2723.011755,0.347941
6/27/18 8:00,2722.668607,2723.014509,0.345902
6/27/18 9:00,2722.664528,2723.009817,0.345289
6/27/18 10:00,2722.662794,2723.007063,0.344269
6/27/18 11:00,2722.662692,2723.005023,0.342331
6/27/18 12:00,2722.657592,2722.996456,0.338864
6/27/18 13:00,2722.660244,2722.999312,0.339068
6/27/18 14:00,2722.658408,2722.997782,0.339374
6/27/18 15:00,2722.654533,2722.993396,0.338863
6/27/18 16:00,2722.648719,2722.986767,0.338048
6/27/18 17:00,2722.647903,2722.981871,0.333968
6/27/18 18:00,2722.647291,2722.980851,0.33356
6/27/18 19:00,2722.650249,2722.980545,0.330296
6/27/18 20:00,2722.647393,2722.978301,0.330908
6/27/18 21:00,2722.642191,2722.97514,0.332949
6/27/18 22:00,2722.645761,2722.979219,0.333458
6/27/18 23:00,2722.644843,2722.979525,0.334682
6/28/18 0:00,2722.649637,2722.984421,0.334784
6/28/18 1:00,2722.654431,2722.99513,0.340699
6/28/18 2:00,2722.657592,2723.000128,0.342536
6/28/18 3:00,2722.659428,2723.003698,0.34427
6/28/18 4:00,2722.664324,2723.008899,0.344575
6/28/18 5:00,2722.662794,2723.007777,0.344983
6/28/18 6:00,2722.65953,2723.006655,0.347125
6/28/18 7:00,2722.662794,2723.006247,0.343453
6/28/18 8:00,2722.662386,2723.006451,0.344065
6/28/18 9:00,2722.659632,2723.000944,0.341312
6/28/18 10:00,2722.65749,2722.996762,0.339272
6/28/18 11:00,2722.656674,2722.994824,0.33815
6/28/18 12:00,2722.656266,2722.995028,0.338762
6/28/18 13:00,2722.651575,2722.991356,0.339781
6/28/18 14:00,2722.653309,2722.990031,0.336722
6/28/18 15:00,2722.656776,2722.994314,0.337538
6/28/18 16:00,2722.654635,2722.989317,0.334682
6/28/18 17:00,2722.649841,2722.984931,0.33509
6/28/18 18:00,2722.647903,2722.980137,0.332234
6/28/18 19:00,2722.644027,2722.976568,0.332541
6/28/18 20:00,2722.643925,2722.975038,0.331113
6/28/18 21:00,2722.643109,2722.974528,0.331419
6/28/18 22:00,2722.638928,2722.970448,0.33152
6/28/18 23:00,2722.63954,2722.97259,0.33305
6/29/18 0:00,2722.643823,2722.974018,0.330195
6/29/18 1:00,2722.649841,2722.987175,0.337334
6/29/18 2:00,2722.652493,2722.993804,0.341311
6/29/18 3:00,2722.655858,2722.997884,0.342026
6/29/18 4:00,2722.655858,2722.997884,0.342026
6/29/18 5:00,2722.657286,2722.998598,0.341312
6/29/18 6:00,2722.654329,2722.995742,0.341413
6/29/18 7:00,2722.651779,2722.991866,0.340087
6/29/18 8:00,2722.654023,2722.994008,0.339985
6/29/18 9:00,2722.654125,2722.993294,0.339169
6/29/18 10:00,2722.653411,2722.992376,0.338965
6/29/18 11:00,2722.652901,2722.990846,0.337945
6/29/18 12:00,2722.650759,2722.989011,0.338252
6/29/18 13:00,2722.651779,2722.988399,0.33662
6/29/18 14:00,2722.647189,2722.981871,0.334682
6/29/18 15:00,2722.645455,2722.97565,0.330195
6/29/18 16:00,2722.642293,2722.973406,0.331113
6/29/18 17:00,2722.638724,2722.96749,0.328766
6/29/18 18:00,2722.638724,2722.966368,0.327644
6/29/18 19:00,2722.635154,2722.962595,0.327441
6/29/18 20:00,2722.631686,2722.955761,0.324075
6/29/18 21:00,2722.63036,2722.956373,0.326013
6/29/18 22:00,2722.6324,2722.957291,0.324891
6/29/18 23:00,2722.627097,2722.950764,0.323667
6/30/18 0:00,2722.629034,2722.953211,0.324177
6/30/18 1:00,2722.631482,2722.958209,0.326727
6/30/18 2:00,2722.638418,2722.969734,0.331316
6/30/18 3:00,2722.641682,2722.974834,0.333152
6/30/18 4:00,2722.644231,2722.976874,0.332643
6/30/18 5:00,2722.643313,2722.976874,0.333561
6/30/18 6:00,2722.641784,2722.97565,0.333866
6/30/18 7:00,2722.644231,2722.979321,0.33509
6/30/18 8:00,2722.645761,2722.980137,0.334376
6/30/18 9:00,2722.647597,2722.980953,0.333356
6/30/18 10:00,2722.642293,2722.97565,0.333357
6/30/18 11:00,2722.645557,2722.977995,0.332438
6/30/18 12:00,2722.641478,2722.974732,0.333254
6/30/18 13:00,2722.644945,2722.976262,0.331317
6/30/18 14:00,2722.640458,2722.97055,0.330092
6/30/18 15:00,2722.63648,2722.965144,0.328664
6/30/18 16:00,2722.638214,2722.968,0.329786
6/30/18 17:00,2722.63393,2722.958617,0.324687
6/30/18 18:00,2722.632604,2722.957597,0.324993
6/30/18 19:00,2722.63189,2722.955761,0.323871
6/30/18 20:00,2722.631482,2722.953619,0.322137
6/30/18 21:00,2722.62883,2722.953109,0.324279
6/30/18 22:00,2722.628321,2722.948826,0.320505
6/30/18 23:00,2722.625057,2722.948928,0.323871
7/1/18 0:00,2722.628627,2722.951375,0.322748
7/1/18 1:00,2722.630156,2722.955761,0.325605
7/1/18 2:00,2722.63189,2722.960351,0.328461
7/1/18 3:00,2722.634848,2722.965756,0.330908
7/1/18 4:00,2722.636786,2722.96749,0.330704
7/1/18 5:00,2722.636786,2722.969224,0.332438
7/1/18 6:00,2722.637602,2722.968918,0.331316
7/1/18 7:00,2722.637602,2722.968,0.330398
7/1/18 8:00,2722.640764,2722.97106,0.330296
7/1/18 9:00,2722.638928,2722.969122,0.330194
7/1/18 10:00,2722.638826,2722.96902,0.330194
7/1/18 11:00,2722.635766,2722.963105,0.327339
7/1/18 12:00,2722.634848,2722.962697,0.327849
7/1/18 13:00,2722.634032,2722.960963,0.326931
7/1/18 14:00,2722.63393,2722.959739,0.325809
7/1/18 15:00,2722.633216,2722.957087,0.323871
7/1/18 16:00,2722.621283,2722.932405,0.311122
7/1/18 17:00,2722.623731,2722.94189,0.318159
7/1/18 18:00,2722.624241,2722.940768,0.316527
7/1/18 19:00,2722.623527,2722.941278,0.317751
7/1/18 20:00,2722.619651,2722.936485,0.316834
7/1/18 21:00,2722.613634,2722.931793,0.318159
7/1/18 22:00,2722.614654,2722.930671,0.316017
7/1/18 23:00,2722.614348,2722.930467,0.316119
7/2/18 0:00,2722.612308,2722.929141,0.316833
7/2/18 1:00,2722.616795,2722.931997,0.315202
7/2/18 2:00,2722.616693,2722.935159,0.318466
7/2/18 3:00,2722.622915,2722.945256,0.322341
7/2/18 4:00,2722.625261,2722.949132,0.323871
7/2/18 5:00,2722.628219,2722.952191,0.323972
7/2/18 6:00,2722.629136,2722.953619,0.324483
7/2/18 7:00,2722.63087,2722.954537,0.323667
7/2/18 8:00,2722.630768,2722.955965,0.325197
7/2/18 9:00,2722.630462,2722.955761,0.325299
7/2/18 10:00,2722.633012,2722.956067,0.323055
7/2/18 11:00,2722.628423,2722.953415,0.324992
7/2/18 12:00,2722.632094,2722.954435,0.322341
7/2/18 13:00,2722.63189,2722.954027,0.322137
7/2/18 14:00,2722.626893,2722.944746,0.317853
7/2/18 15:00,2722.624241,2722.939646,0.315405
7/2/18 16:00,2722.623119,2722.941686,0.318567
7/2/18 17:00,2722.621589,2722.942502,0.320913
7/2/18 18:00,2722.623425,2722.940258,0.316833
7/2/18 19:00,2722.625057,2722.939544,0.314487
7/2/18 20:00,2722.621487,2722.934751,0.313264
7/2/18 21:00,2722.616489,2722.931079,0.31459
7/2/18 22:00,2722.613736,2722.926591,0.312855
7/2/18 23:00,2722.610166,2722.92241,0.312244
7/3/18 0:00,2722.612512,2722.924144,0.311632
7/3/18 1:00,2722.615368,2722.928835,0.313467
7/3/18 2:00,2722.617305,2722.934649,0.317344
7/3/18 3:00,2722.619549,2722.940564,0.321015
7/3/18 4:00,2722.624445,2722.945154,0.320709
7/3/18 5:00,2722.624751,2722.949132,0.324381
7/3/18 6:00,2722.626893,2722.950764,0.323871
7/3/18 7:00,2722.629034,2722.951579,0.322545
7/3/18 8:00,2722.632196,2722.953925,0.321729
7/3/18 9:00,2722.63138,2722.954639,0.323259
7/3/18 10:00,2722.632094,2722.953313,0.321219
7/3/18 11:00,2722.631176,2722.953211,0.322035
7/3/18 12:00,2722.632502,2722.953415,0.320913
7/3/18 13:00,2722.628015,2722.947602,0.319587
7/3/18 14:00,2722.629646,2722.947806,0.31816
7/3/18 15:00,2722.624139,2722.9424,0.318261
7/3/18 16:00,2722.626077,2722.9424,0.316323
7/3/18 17:00,2722.626791,2722.9424,0.315609
7/3/18 18:00,2722.624853,2722.940972,0.316119
7/3/18 19:00,2722.623119,2722.938014,0.314895
7/3/18 20:00,2722.622813,2722.935873,0.31306
7/3/18 21:00,2722.616693,2722.930059,0.313366
7/3/18 22:00,2722.619549,2722.930365,0.310816
7/3/18 23:00,2722.617203,2722.929039,0.311836
7/4/18 0:00,2722.616795,2722.930671,0.313876
7/4/18 1:00,2722.615877,2722.930671,0.314794
7/4/18 2:00,2722.618121,2722.934241,0.31612
7/4/18 3:00,2722.618937,2722.936893,0.317956
7/4/18 4:00,2722.620161,2722.937811,0.31765
7/4/18 5:00,2722.620059,2722.936281,0.316222
7/4/18 6:00,2722.617305,2722.933629,0.316324
7/4/18 7:00,2722.621793,2722.94036,0.318567
7/4/18 8:00,2722.623323,2722.942094,0.318771
7/4/18 9:00,2722.628015,2722.946582,0.318567
7/4/18 10:00,2722.62985,2722.95056,0.32071
7/4/18 11:00,2722.628321,2722.948928,0.320607
7/4/18 12:00,2722.629646,2722.950866,0.32122
7/4/18 13:00,2722.625771,2722.945766,0.319995
7/4/18 14:00,2722.625363,2722.944134,0.318771
7/4/18 15:00,2722.624649,2722.941584,0.316935
7/4/18 16:00,2722.623527,2722.941584,0.318057
7/4/18 17:00,2722.623119,2722.940564,0.317445
7/4/18 18:00,2722.624445,2722.939442,0.314997
7/4/18 19:00,2722.620161,2722.934037,0.313876
7/4/18 20:00,2722.616183,2722.932507,0.316324
7/4/18 21:00,2722.616387,2722.928937,0.31255
7/4/18 22:00,2722.614042,2722.92292,0.308878
7/4/18 23:00,2722.61139,2722.92139,0.31
7/5/18 0:00,2722.61088,2722.923634,0.312754
7/5/18 1:00,2722.613532,2722.924959,0.311427
7/5/18 2:00,2722.615164,2722.928325,0.313161
7/5/18 3:00,2722.615673,2722.931283,0.31561
7/5/18 4:00,2722.618325,2722.931895,0.31357
7/5/18 5:00,2722.618937,2722.933425,0.314488
7/5/18 6:00,2722.614756,2722.928835,0.314079
7/5/18 7:00,2722.621997,2722.937097,0.3151
7/5/18 8:00,2722.621385,2722.939238,0.317853
7/5/18 9:00,2722.625261,2722.9424,0.317139
7/5/18 10:00,2722.624751,2722.939748,0.314997
7/5/18 11:00,2722.624649,2722.941074,0.316425
7/5/18 12:00,2722.623017,2722.935873,0.312856
7/5/18 13:00,2722.620569,2722.932507,0.311938
7/5/18 14:00,2722.620977,2722.933119,0.312142
7/5/18 15:00,2722.621385,2722.933935,0.31255
7/5/18 16:00,2722.621079,2722.933527,0.312448
7/5/18 17:00,2722.620773,2722.930263,0.30949
7/5/18 18:00,2722.622507,2722.933935,0.311428
7/5/18 19:00,2722.617713,2722.928937,0.311224
7/5/18 20:00,2722.619753,2722.928325,0.308572
7/5/18 21:00,2722.616795,2722.926183,0.309388
7/5/18 22:00,2722.615673,2722.926387,0.310714
7/5/18 23:00,2722.610982,2722.921288,0.310306
7/6/18 0:00,2722.610472,2722.919452,0.30898
7/6/18 1:00,2722.614144,2722.925265,0.311121
7/6/18 2:00,2722.614348,2722.927611,0.313263
7/6/18 3:00,2722.616795,2722.928121,0.311326
7/6/18 4:00,2722.617203,2722.931283,0.31408
7/6/18 5:00,2722.619243,2722.934853,0.31561
7/6/18 6:00,2722.617101,2722.932507,0.315406
7/6/18 7:00,2722.622099,2722.93883,0.316731
7/6/18 8:00,2722.621997,2722.939238,0.317241
7/6/18 9:00,2722.622711,2722.939748,0.317037
7/6/18 10:00,2722.625465,2722.940258,0.314793
7/6/18 11:00,2722.625567,2722.941584,0.316017
7/6/18 12:00,2722.626485,2722.942604,0.316119
7/6/18 13:00,2722.627097,2722.938932,0.311835
7/6/18 14:00,2722.623629,2722.935669,0.31204
7/6/18 15:00,2722.623425,2722.935771,0.312346
7/6/18 16:00,2722.620671,2722.930671,0.31
7/6/18 17:00,2722.618325,2722.929549,0.311224
7/6/18 18:00,2722.615571,2722.926693,0.311122
7/6/18 19:00,2722.615062,2722.924756,0.309694
7/6/18 20:00,2722.61394,2722.921798,0.307858
7/6/18 21:00,2722.612002,2722.922104,0.310102
7/6/18 22:00,2722.611696,2722.91935,0.307654
7/6/18 23:00,2722.60731,2722.913128,0.305818
7/7/18 0:00,2722.604658,2722.912924,0.308266
7/7/18 1:00,2722.608534,2722.91527,0.306736
7/7/18 2:00,2722.611492,2722.920574,0.309082
7/7/18 3:00,2722.615368,2722.925163,0.309795
7/7/18 4:00,2722.617713,2722.930263,0.31255
7/7/18 5:00,2722.622507,2722.937097,0.31459
7/7/18 6:00,2722.621487,2722.937913,0.316426
7/7/18 7:00,2722.623425,2722.93985,0.316425
7/7/18 8:00,2722.627097,2722.942706,0.315609
7/7/18 9:00,2722.626791,2722.943624,0.316833
7/7/18 10:00,2722.628117,2722.945052,0.316935
7/7/18 11:00,2722.62934,2722.944542,0.315202
7/7/18 12:00,2722.626179,2722.942808,0.316629
7/7/18 13:00,2722.627403,2722.942094,0.314691
7/7/18 14:00,2722.626689,2722.940462,0.313773
7/7/18 15:00,2722.627709,2722.941686,0.313977
7/7/18 16:00,2722.623119,2722.935771,0.312652
7/7/18 17:00,2722.621283,2722.933731,0.312448
7/7/18 18:00,2722.624445,2722.938218,0.313773
7/7/18 19:00,2722.622711,2722.936077,0.313366
7/7/18 20:00,2722.625159,2722.938014,0.312855
7/7/18 21:00,2722.621589,2722.935567,0.313978
7/7/18 22:00,2722.621589,2722.934139,0.31255
7/7/18 23:00,2722.621895,2722.932201,0.310306
7/8/18 0:00,2722.617101,2722.932099,0.314998
7/8/18 1:00,2722.619549,2722.933833,0.314284
7/8/18 2:00,2722.623935,2722.940258,0.316323
7/8/18 3:00,2722.627199,2722.947602,0.320403
7/8/18 4:00,2722.630462,2722.949948,0.319486
7/8/18 5:00,2722.629952,2722.948418,0.318466
7/8/18 6:00,2722.626383,2722.943522,0.317139
7/8/18 7:00,2722.624853,2722.943216,0.318363
7/8/18 8:00,2722.629034,2722.944746,0.315712
7/8/18 9:00,2722.63087,2722.948316,0.317446
7/8/18 10:00,2722.63138,2722.946786,0.315406
7/8/18 11:00,2722.631992,2722.947398,0.315406
7/8/18 12:00,2722.630258,2722.946072,0.315814
7/8/18 13:00,2722.631788,2722.949234,0.317446
7/8/18 14:00,2722.650555,2722.97667,0.326115
7/8/18 15:00,2722.647699,2722.969224,0.321525
7/8/18 16:00,2722.646373,2722.969224,0.322851
7/8/18 17:00,2722.65749,2722.984625,0.327135
7/8/18 18:00,2722.651983,2722.976874,0.324891
7/8/18 19:00,2722.653105,2722.980035,0.32693
7/8/18 20:00,2722.644129,2722.965246,0.321117
7/8/18 21:00,2722.640254,2722.958005,0.317751
7/8/18 22:00,2722.636174,2722.955455,0.319281
7/8/18 23:00,2722.631482,2722.949336,0.317854
7/9/18 0:00,2722.632604,2722.94903,0.316426
7/9/18 1:00,2722.633318,2722.952191,0.318873
7/9/18 2:00,2722.634236,2722.956271,0.322035
7/9/18 3:00,2722.6375,2722.956679,0.319179
7/9/18 4:00,2722.634644,2722.954843,0.320199
7/9/18 5:00,2722.634338,2722.953313,0.318975
7/9/18 6:00,2722.633624,2722.953109,0.319485
7/9/18 7:00,2722.634848,2722.954741,0.319893
7/9/18 8:00,2722.637806,2722.956475,0.318669
7/9/18 9:00,2722.63597,2722.954639,0.318669
7/9/18 10:00,2722.634848,2722.954129,0.319281
7/9/18 11:00,2722.635256,2722.953721,0.318465
7/9/18 12:00,2722.63699,2722.953007,0.316017
7/9/18 13:00,2722.6324,2722.947908,0.315508
7/9/18 14:00,2722.63138,2722.944746,0.313366
7/9/18 15:00,2722.626689,2722.939034,0.312345
7/9/18 16:00,2722.625873,2722.93832,0.312447
7/9/18 17:00,2722.624751,2722.938626,0.313875
7/9/18 18:00,2722.627709,2722.938422,0.310713
7/9/18 19:00,2722.625567,2722.934853,0.309286
7/9/18 20:00,2722.625057,2722.934547,0.30949
7/9/18 21:00,2722.622813,2722.932099,0.309286
7/9/18 22:00,2722.620671,2722.929549,0.308878
7/9/18 23:00,2722.618529,2722.925571,0.307042
7/10/18 0:00,2722.616081,2722.925265,0.309184
7/10/18 1:00,2722.61445,2722.923328,0.308878
7/10/18 2:00,2722.616693,2722.925571,0.308878
7/10/18 3:00,2722.616795,2722.925673,0.308878
7/10/18 4:00,2722.620161,2722.930977,0.310816
7/10/18 5:00,2722.622201,2722.932813,0.310612
7/10/18 6:00,2722.621793,2722.932711,0.310918
7/10/18 7:00,2722.621691,2722.933629,0.311938
7/10/18 8:00,2722.623119,2722.936281,0.313162
7/10/18 9:00,2722.624037,2722.936893,0.312856
7/10/18 10:00,2722.623119,2722.935975,0.312856
7/10/18 11:00,2722.624751,2722.936893,0.312142
7/10/18 12:00,2722.624037,2722.935669,0.311632
7/10/18 13:00,2722.624037,2722.934547,0.31051
7/10/18 14:00,2722.629952,2722.941278,0.311326
7/10/18 15:00,2722.63954,2722.955659,0.316119
7/10/18 16:00,2722.642701,2722.963819,0.321118
7/10/18 17:00,2722.638928,2722.955659,0.316731
7/10/18 18:00,2722.63495,2722.952293,0.317343
7/10/18 19:00,2722.639642,2722.952293,0.312651
7/10/18 20:00,2722.635052,2722.949132,0.31408
7/10/18 21:00,2722.637908,2722.953619,0.315711
7/10/18 22:00,2722.630564,2722.94648,0.315916
7/10/18 23:00,2722.63036,2722.943012,0.312652
7/11/18 0:00,2722.629442,2722.943318,0.313876
7/11/18 1:00,2722.630972,2722.946072,0.3151
7/11/18 2:00,2722.635766,2722.957393,0.321627
7/11/18 3:00,2722.645455,2722.969326,0.323871
7/11/18 4:00,2722.641885,2722.965348,0.323463
7/11/18 5:00,2722.643313,2722.96494,0.321627
7/11/18 6:00,2722.64107,2722.963819,0.322749
7/11/18 7:00,2722.643721,2722.962799,0.319078
7/11/18 8:00,2722.642395,2722.96545,0.323055
7/11/18 9:00,2722.643109,2722.963411,0.320302
7/11/18 10:00,2722.641682,2722.962289,0.320607
7/11/18 11:00,2722.642701,2722.960963,0.318262
7/11/18 12:00,2722.639438,2722.957597,0.318159
7/11/18 13:00,2722.639948,2722.958209,0.318261
7/11/18 14:00,2722.641987,2722.960963,0.318976
7/11/18 15:00,2722.66361,2722.99258,0.32897
7/11/18 16:00,2722.656266,2722.977282,0.321016
7/11/18 17:00,2722.643109,2722.961779,0.31867
7/11/18 18:00,2722.646781,2722.96596,0.319179
7/11/18 19:00,2722.640968,2722.959229,0.318261
7/11/18 20:00,2722.6375,2722.953415,0.315915
7/11/18 21:00,2722.633726,2722.950152,0.316426
7/11/18 22:00,2722.63291,2722.948214,0.315304
7/11/18 23:00,2722.629952,2722.945664,0.315712
7/12/18 0:00,2722.631074,2722.9424,0.311326
7/12/18 1:00,2722.628321,2722.94087,0.312549
7/12/18 2:00,2722.628932,2722.94189,0.312958
7/12/18 3:00,2722.627505,2722.941584,0.314079
7/12/18 4:00,2722.628015,2722.941686,0.313671
7/12/18 5:00,2722.627505,2722.941074,0.313569
7/12/18 6:00,2722.628932,2722.939748,0.310816
7/12/18 7:00,2722.624445,2722.937607,0.313162
7/12/18 8:00,2722.627199,2722.940564,0.313365
7/12/18 9:00,2722.628423,2722.941992,0.313569
7/12/18 10:00,2722.631992,2722.943114,0.311122
7/12/18 11:00,2722.632094,2722.94495,0.312856
7/12/18 12:00,2722.630768,2722.94597,0.315202
7/12/18 13:00,2722.62883,2722.94189,0.31306
7/12/18 14:00,2722.629442,2722.942502,0.31306
7/12/18 15:00,2722.626689,2722.93934,0.312651
7/12/18 16:00,2722.624955,2722.93934,0.314385
7/12/18 17:00,2722.669321,2723.005941,0.33662
7/12/18 18:00,2722.672891,2723.005329,0.332438
7/12/18 19:00,2722.670341,2723.00278,0.332439
7/12/18 20:00,2722.670035,2723.004513,0.334478
7/12/18 21:00,2722.679419,2723.015733,0.336314
7/12/18 22:00,2722.692474,2723.031949,0.339475
7/12/18 23:00,2722.69431,2723.037457,0.343147
7/13/18 0:00,2722.698695,2723.042047,0.343352
7/13/18 1:00,2722.696757,2723.032765,0.336008
7/13/18 2:00,2722.687986,2723.02634,0.338354
7/13/18 3:00,2722.689618,2723.025422,0.335804
7/13/18 4:00,2722.68717,2723.024504,0.337334
7/13/18 5:00,2722.682682,2723.019404,0.336722
7/13/18 6:00,2722.681357,2723.016855,0.335498
7/13/18 7:00,2722.681357,2723.015223,0.333866
7/13/18 8:00,2722.682988,2723.018486,0.335498
7/13/18 9:00,2722.686048,2723.023994,0.337946
7/13/18 10:00,2722.68768,2723.023382,0.335702
7/13/18 11:00,2722.686864,2723.02481,0.337946
7/13/18 12:00,2722.684416,2723.020934,0.336518
7/13/18 13:00,2722.684008,2723.01869,0.334682
7/13/18 14:00,2722.68309,2723.017364,0.334274
7/13/18 15:00,2722.68972,2723.023382,0.333662
7/13/18 16:00,2722.682784,2723.017058,0.334274
7/13/18 17:00,2722.680235,2723.013183,0.332948
7/13/18 18:00,2722.677991,2723.009715,0.331724
7/13/18 19:00,2722.672993,2723.004105,0.331112
7/13/18 20:00,2722.672891,2723.005737,0.332846
7/13/18 21:00,2722.670545,2722.999618,0.329073
7/13/18 22:00,2722.668811,2722.999108,0.330297
7/13/18 23:00,2722.669321,2722.999618,0.330297
7/14/18 0:00,2722.666772,2722.996558,0.329786
7/14/18 1:00,2722.66616,2722.995334,0.329174
7/14/18 2:00,2722.66667,2722.996966,0.330296
7/14/18 3:00,2722.670953,2723.002168,0.331215
7/14/18 4:00,2722.671157,2723.001658,0.330501
7/14/18 5:00,2722.670239,2723.001658,0.331419
7/14/18 6:00,2722.669117,2722.998292,0.329175
7/14/18 7:00,2722.670953,2723.00074,0.329787
7/14/18 8:00,2722.671361,2723.001148,0.329787
7/14/18 9:00,2722.669423,2722.997986,0.328563
7/14/18 10:00,2722.670749,2723.000332,0.329583
7/14/18 11:00,2722.669423,2722.99972,0.330297
7/14/18 12:00,2722.668403,2722.998394,0.329991
7/14/18 13:00,2722.663916,2722.99513,0.331214
7/14/18 14:00,2722.665956,2722.992886,0.32693
7/14/18 15:00,2722.664936,2722.99564,0.330704
7/14/18 16:00,2722.663508,2722.994926,0.331418
7/14/18 17:00,2722.661264,2722.992988,0.331724
7/14/18 18:00,2722.657592,2722.987277,0.329685
7/14/18 19:00,2722.655348,2722.985849,0.330501
7/14/18 20:00,2722.653921,2722.981055,0.327134
7/14/18 21:00,2722.650555,2722.976568,0.326013
7/14/18 22:00,2722.651983,2722.977893,0.32591
7/14/18 23:00,2722.648107,2722.971876,0.323769
7/15/18 0:00,2722.647597,2722.972182,0.324585
7/15/18 1:00,2722.648005,2722.97565,0.327645
7/15/18 2:00,2722.648311,2722.973304,0.324993
7/15/18 3:00,2722.651779,2722.977791,0.326012
7/15/18 4:00,2722.654125,2722.981259,0.327134
7/15/18 5:00,2722.656368,2722.982687,0.326319
7/15/18 6:00,2722.654533,2722.980647,0.326114
7/15/18 7:00,2722.655348,2722.982177,0.326829
7/15/18 8:00,2722.656878,2722.983503,0.326625
7/15/18 9:00,2722.654839,2722.982075,0.327236
7/15/18 10:00,2722.655144,2722.982993,0.327849
7/15/18 11:00,2722.656368,2722.982687,0.326319
7/15/18 12:00,2722.653819,2722.981973,0.328154
7/15/18 13:00,2722.654023,2722.980953,0.32693
7/15/18 14:00,2722.654431,2722.982993,0.328562
7/15/18 15:00,2722.658714,2722.985237,0.326523
7/15/18 16:00,2722.654635,2722.984727,0.330092
7/15/18 17:00,2722.655552,2722.983911,0.328359
7/15/18 18:00,2722.654839,2722.982381,0.327542
7/15/18 19:00,2722.653513,2722.980443,0.32693
7/15/18 20:00,2722.650657,2722.975344,0.324687
7/15/18 21:00,2722.648617,2722.974528,0.325911
7/15/18 22:00,2722.648719,2722.975548,0.326829
7/15/18 23:00,2722.649943,2722.97514,0.325197
7/16/18 0:00,2722.651269,2722.97565,0.324381
7/16/18 1:00,2722.652799,2722.977689,0.32489
7/16/18 2:00,2722.654329,2722.982585,0.328256
7/16/18 3:00,2722.662488,2722.993396,0.330908
7/16/18 4:00,2722.666058,2722.99666,0.330602
7/16/18 5:00,2722.667588,2722.99972,0.332132
7/16/18 6:00,2722.665344,2722.997476,0.332132
7/16/18 7:00,2722.666262,2722.99666,0.330398
7/16/18 8:00,2722.665548,2722.99615,0.330602
7/16/18 9:00,2722.665956,2722.995436,0.32948
7/16/18 10:00,2722.666262,2722.996558,0.330296
7/16/18 11:00,2722.666874,2722.994926,0.328052
7/16/18 12:00,2722.665344,2722.992886,0.327542
7/16/18 13:00,2722.659326,2722.985849,0.326523
7/16/18 14:00,2722.657592,2722.983911,0.326319
7/16/18 15:00,2722.658102,2722.984115,0.326013
7/16/18 16:00,2722.65698,2722.984115,0.327135
7/16/18 17:00,2722.654737,2722.981973,0.327236
7/16/18 18:00,2722.653411,2722.978505,0.325094
7/16/18 19:00,2722.656266,2722.984727,0.328461
7/16/18 20:00,2722.657694,2722.981565,0.323871
7/16/18 21:00,2722.653207,2722.978913,0.325706
7/16/18 22:00,2722.652391,2722.974834,0.322443
7/16/18 23:00,2722.649433,2722.973814,0.324381
7/17/18 0:00,2722.650249,2722.972488,0.322239
7/17/18 1:00,2722.646679,2722.969326,0.322647
7/17/18 2:00,2722.649229,2722.973508,0.324279
7/17/18 3:00,2722.651983,2722.974936,0.322953
7/17/18 4:00,2722.649331,2722.976364,0.327033
7/17/18 5:00,2722.652187,2722.974426,0.322239
7/17/18 6:00,2722.649025,2722.973916,0.324891
7/17/18 7:00,2722.650759,2722.976364,0.325605
7/17/18 8:00,2722.650555,2722.976058,0.325503
7/17/18 9:00,2722.653411,2722.977995,0.324584
7/17/18 10:00,2722.653513,2722.978709,0.325196
7/17/18 11:00,2722.653615,2722.979525,0.32591
7/17/18 12:00,2722.654023,2722.978505,0.324482
7/17/18 13:00,2722.651473,2722.975956,0.324483
7/17/18 14:00,2722.653513,2722.976568,0.323055
7/17/18 15:00,2722.649127,2722.97259,0.323463
7/17/18 16:00,2722.649127,2722.974018,0.324891
7/17/18 17:00,2722.645353,2722.965144,0.319791
7/17/18 18:00,2722.645659,2722.96851,0.322851
7/17/18 19:00,2722.644639,2722.965858,0.321219
7/17/18 20:00,2722.645149,2722.967694,0.322545
7/17/18 21:00,2722.644129,2722.964125,0.319996
7/17/18 22:00,2722.641274,2722.964125,0.322851
7/17/18 23:00,2722.641172,2722.961677,0.320505
7/18/18 0:00,2722.637092,2722.957189,0.320097
7/18/18 1:00,2722.637194,2722.956271,0.319077
7/18/18 2:00,2722.638112,2722.960249,0.322137
7/18/18 3:00,2722.63954,2722.961677,0.322137
7/18/18 4:00,2722.64158,2722.963819,0.322239
7/18/18 5:00,2722.641274,2722.965348,0.324074
7/18/18 6:00,2722.642497,2722.965246,0.322749
7/18/18 7:00,2722.643007,2722.965858,0.322851
7/18/18 8:00,2722.647699,2722.969122,0.321423
7/18/18 9:00,2722.648821,2722.972794,0.323973
7/18/18 10:00,2722.645761,2722.968408,0.322647
7/18/18 11:00,2722.647597,2722.970448,0.322851
7/18/18 12:00,2722.647699,2722.966776,0.319077
7/18/18 13:00,2722.646985,2722.967898,0.320913
7/18/18 14:00,2722.644027,2722.96494,0.320913
7/18/18 15:00,2722.641784,2722.961983,0.320199
7/18/18 16:00,2722.639642,2722.958923,0.319281
7/18/18 17:00,2722.638826,2722.956373,0.317547
7/18/18 18:00,2722.634644,2722.953211,0.318567
7/18/18 19:00,2722.638418,2722.960657,0.322239
7/18/18 20:00,2722.637806,2722.956985,0.319179
7/18/18 21:00,2722.637602,2722.954741,0.317139
7/18/18 22:00,2722.636582,2722.953517,0.316935
7/18/18 23:00,2722.634848,2722.952395,0.317547
7/19/18 0:00,2722.634236,2722.952395,0.318159
7/19/18 1:00,2722.634746,2722.952803,0.318057
7/19/18 2:00,2722.634542,2722.949948,0.315406
7/19/18 3:00,2722.635256,2722.951783,0.316527
7/19/18 4:00,2722.632298,2722.950356,0.318058
7/19/18 5:00,2722.635256,2722.953007,0.317751
7/19/18 6:00,2722.632808,2722.951171,0.318363
7/19/18 7:00,2722.633624,2722.950866,0.317242
7/19/18 8:00,2722.635358,2722.954129,0.318771
7/19/18 9:00,2722.639846,2722.959127,0.319281
7/19/18 10:00,2722.639642,2722.958515,0.318873
7/19/18 11:00,2722.640866,2722.960453,0.319587
7/19/18 12:00,2722.639438,2722.959025,0.319587
7/19/18 13:00,2722.635868,2722.952293,0.316425
7/19/18 14:00,2722.635052,2722.949132,0.31408
7/19/18 15:00,2722.633114,2722.948214,0.3151
7/19/18 16:00,2722.634542,2722.948724,0.314182
7/19/18 17:00,2722.631992,2722.948928,0.316936
7/19/18 18:00,2722.635052,2722.948826,0.313774
7/19/18 19:00,2722.634746,2722.948826,0.31408
7/19/18 20:00,2722.631176,2722.94495,0.313774
7/19/18 21:00,2722.628728,2722.941788,0.31306
7/19/18 22:00,2722.626383,2722.937505,0.311122
7/19/18 23:00,2722.628015,2722.939646,0.311631
7/20/18 0:00,2722.626587,2722.93883,0.312243
7/20/18 1:00,2722.624751,2722.938422,0.313671
7/20/18 2:00,2722.628015,2722.938422,0.310407
7/20/18 3:00,2722.627811,2722.941482,0.313671
7/20/18 4:00,2722.631176,2722.942196,0.31102
7/20/18 5:00,2722.628627,2722.943726,0.315099
7/20/18 6:00,2722.630054,2722.944746,0.314692
7/20/18 7:00,2722.633828,2722.95005,0.316222
7/20/18 8:00,2722.633216,2722.949234,0.316018
7/20/18 9:00,2722.634746,2722.952497,0.317751
7/20/18 10:00,2722.63699,2722.954435,0.317445
7/20/18 11:00,2722.635664,2722.953925,0.318261
7/20/18 12:00,2722.63546,2722.950152,0.314692
7/20/18 13:00,2722.631278,2722.946786,0.315508
7/20/18 14:00,2722.635562,2722.948928,0.313366
7/20/18 15:00,2722.628423,2722.942298,0.313875
7/20/18 16:00,2722.63342,2722.946582,0.313162
7/20/18 17:00,2722.631176,2722.94648,0.315304
7/20/18 18:00,2722.631992,2722.946684,0.314692
7/20/18 19:00,2722.6324,2722.946786,0.314386
7/20/18 20:00,2722.629034,2722.943012,0.313978
7/20/18 21:00,2722.628117,2722.941992,0.313875
7/20/18 22:00,2722.627709,2722.939952,0.312243
7/20/18 23:00,2722.624853,2722.936995,0.312142
7/21/18 0:00,2722.624547,2722.936077,0.31153
7/21/18 1:00,2722.620671,2722.931079,0.310408
7/21/18 2:00,2722.618835,2722.930773,0.311938
7/21/18 3:00,2722.623527,2722.934547,0.31102
7/21/18 4:00,2722.623119,2722.934955,0.311836
7/21/18 5:00,2722.624547,2722.937097,0.31255
7/21/18 6:00,2722.627199,2722.940054,0.312855
7/21/18 7:00,2722.627811,2722.940666,0.312855
7/21/18 8:00,2722.630054,2722.942706,0.312652
7/21/18 9:00,2722.633114,2722.948622,0.315508
7/21/18 10:00,2722.63036,2722.945766,0.315406
7/21/18 11:00,2722.633012,2722.948112,0.3151
7/21/18 12:00,2722.633624,2722.94903,0.315406
7/21/18 13:00,2722.632094,2722.944848,0.312754
7/21/18 14:00,2722.631278,2722.947092,0.315814
7/21/18 15:00,2722.632196,2722.944848,0.312652
7/21/18 16:00,2722.628423,2722.944542,0.316119
7/21/18 17:00,2722.626281,2722.936281,0.31
7/21/18 18:00,2722.624037,2722.933833,0.309796
7/21/18 19:00,2722.626179,2722.938728,0.312549
7/21/18 20:00,2722.627607,2722.93985,0.312243
7/21/18 21:00,2722.628321,2722.939442,0.311121
7/21/18 22:00,2722.626179,2722.935567,0.309388
7/21/18 23:00,2722.623935,2722.936383,0.312448
7/22/18 0:00,2722.624139,2722.932813,0.308674
7/22/18 1:00,2722.619957,2722.929549,0.309592
7/22/18 2:00,2722.622507,2722.930161,0.307654
7/22/18 3:00,2722.619447,2722.928529,0.309082
7/22/18 4:00,2722.622507,2722.932303,0.309796
7/22/18 5:00,2722.622813,2722.933629,0.310816
7/22/18 6:00,2722.619141,2722.927917,0.308776
7/22/18 7:00,2722.619447,2722.926489,0.307042
7/22/18 8:00,2722.622915,2722.933323,0.310408
7/22/18 9:00,2722.627709,2722.940768,0.313059
7/22/18 10:00,2722.627097,2722.939748,0.312651
7/22/18 11:00,2722.626791,2722.940462,0.313671
7/22/18 12:00,2722.627607,2722.941788,0.314181
7/22/18 13:00,2722.624343,2722.939136,0.314793
7/22/18 14:00,2722.624955,2722.936791,0.311836
7/22/18 15:00,2722.624649,2722.937403,0.312754
7/22/18 16:00,2722.620977,2722.928733,0.307756
7/22/18 17:00,2722.624853,2722.934037,0.309184
7/22/18 18:00,2722.619651,2722.926081,0.30643
7/22/18 19:00,2722.617611,2722.92343,0.305819
7/22/18 20:00,2722.615877,2722.922206,0.306329
7/22/18 21:00,2722.619039,2722.928325,0.309286
7/22/18 22:00,2722.621487,2722.928937,0.30745
7/22/18 23:00,2722.622405,2722.930773,0.308368
7/23/18 0:00,2722.619447,2722.928835,0.309388
7/23/18 1:00,2722.622813,2722.929345,0.306532
7/23/18 2:00,2722.617713,2722.926081,0.308368
7/23/18 3:00,2722.616897,2722.925775,0.308878
7/23/18 4:00,2722.619855,2722.928631,0.308776
7/23/18 5:00,2722.618631,2722.928427,0.309796
7/23/18 6:00,2722.620263,2722.928223,0.30796
7/23/18 7:00,2722.624037,2722.935261,0.311224
7/23/18 8:00,2722.626791,2722.937607,0.310816
7/23/18 9:00,2722.62985,2722.942808,0.312958
7/23/18 10:00,2722.632196,2722.94546,0.313264
7/23/18 11:00,2722.633726,2722.94852,0.314794
7/23/18 12:00,2722.625363,2722.933935,0.308572
7/23/18 13:00,2722.629646,2722.941482,0.311836
7/23/18 14:00,2722.628015,2722.941074,0.313059
7/23/18 15:00,2722.628219,2722.939442,0.311223
7/23/18 16:00,2722.624751,2722.936689,0.311938
7/23/18 17:00,2722.624037,2722.936383,0.312346
7/23/18 18:00,2722.624445,2722.933425,0.30898
7/23/18 19:00,2722.621181,2722.929651,0.30847
7/23/18 20:00,2722.626485,2722.935261,0.308776
7/23/18 21:00,2722.628627,2722.939442,0.310815
7/23/18 22:00,2722.625669,2722.936179,0.31051
7/23/18 23:00,2722.620059,2722.930161,0.310102
7/24/18 0:00,2722.618733,2722.927101,0.308368
7/24/18 1:00,2722.617407,2722.926387,0.30898
7/24/18 2:00,2722.613634,2722.924042,0.310408
7/24/18 3:00,2722.61343,2722.923226,0.309796
7/24/18 4:00,2722.615775,2722.925979,0.310204
7/24/18 5:00,2722.617305,2722.926795,0.30949
7/24/18 6:00,2722.616999,2722.927815,0.310816
7/24/18 7:00,2722.619549,2722.928019,0.30847
7/24/18 8:00,2722.616387,2722.926081,0.309694
7/24/18 9:00,2722.623119,2722.934853,0.311734
7/24/18 10:00,2722.624853,2722.938218,0.313365
7/24/18 11:00,2722.625465,2722.939952,0.314487
7/24/18 12:00,2722.628321,2722.94087,0.312549
7/24/18 13:00,2722.623629,2722.932813,0.309184
7/24/18 14:00,2722.620977,2722.929957,0.30898
7/24/18 15:00,2722.620977,2722.929549,0.308572
7/24/18 16:00,2722.620671,2722.931079,0.310408
7/24/18 17:00,2722.620977,2722.928325,0.307348
7/24/18 18:00,2722.620977,2722.930365,0.309388
7/24/18 19:00,2722.620773,2722.930059,0.309286
7/24/18 20:00,2722.618733,2722.926897,0.308164
7/24/18 21:00,2722.617101,2722.924552,0.307451
7/24/18 22:00,2722.613124,2722.9219,0.308776
7/24/18 23:00,2722.61394,2722.919452,0.305512
7/25/18 0:00,2722.609452,2722.913434,0.303982
7/25/18 1:00,2722.611186,2722.918228,0.307042
7/25/18 2:00,2722.614552,2722.921186,0.306634
7/25/18 3:00,2722.612308,2722.920472,0.308164
7/25/18 4:00,2722.61394,2722.920982,0.307042
7/25/18 5:00,2722.617917,2722.924654,0.306737
7/25/18 6:00,2722.615266,2722.924654,0.309388
7/25/18 7:00,2722.618325,2722.926081,0.307756
7/25/18 8:00,2722.622507,2722.931997,0.30949
7/25/18 9:00,2722.622201,2722.931793,0.309592
7/25/18 10:00,2722.623221,2722.929855,0.306634
7/25/18 11:00,2722.625261,2722.933323,0.308062
7/25/18 12:00,2722.622303,2722.932813,0.31051
7/25/18 13:00,2722.620977,2722.932711,0.311734
7/25/18 14:00,2722.621385,2722.932711,0.311326
7/25/18 15:00,2722.622609,2722.931793,0.309184
7/25/18 16:00,2722.625669,2722.936689,0.31102
7/25/18 17:00,2722.624343,2722.934751,0.310408
7/25/18 18:00,2722.623731,2722.933017,0.309286
7/25/18 19:00,2722.622507,2722.929855,0.307348
7/25/18 20:00,2722.619957,2722.929141,0.309184
7/25/18 21:00,2722.615979,2722.924857,0.308878
7/25/18 22:00,2722.618427,2722.923328,0.304901
7/25/18 23:00,2722.617203,2722.926795,0.309592
7/26/18 0:00,2722.615673,2722.924348,0.308675
7/26/18 1:00,2722.615266,2722.924654,0.309388
7/26/18 2:00,2722.614246,2722.922104,0.307858
7/26/18 3:00,2722.616285,2722.923838,0.307553
7/26/18 4:00,2722.61394,2722.92394,0.31
7/26/18 5:00,2722.615164,2722.927713,0.312549
7/26/18 6:00,2722.617407,2722.928223,0.310816
7/26/18 7:00,2722.619141,2722.930671,0.31153
7/26/18 8:00,2722.619753,2722.931487,0.311734
7/26/18 9:00,2722.619957,2722.933221,0.313264
7/26/18 10:00,2722.621589,2722.935771,0.314182
7/26/18 11:00,2722.624751,2722.938218,0.313467
7/26/18 12:00,2722.619651,2722.930161,0.31051
7/26/18 13:00,2722.617917,2722.929651,0.311734
7/26/18 14:00,2722.618325,2722.926387,0.308062
7/26/18 15:00,2722.614348,2722.924654,0.310306
7/26/18 16:00,2722.615877,2722.923634,0.307757
7/26/18 17:00,2722.614042,2722.924144,0.310102
7/26/18 18:00,2722.614246,2722.923736,0.30949
7/26/18 19:00,2722.61292,2722.921696,0.308776
7/26/18 20:00,2722.61241,2722.92139,0.30898
7/26/18 21:00,2722.611696,2722.920676,0.30898
7/26/18 22:00,2722.612308,2722.919656,0.307348
7/26/18 23:00,2722.609758,2722.917718,0.30796
7/27/18 0:00,2722.60782,2722.915678,0.307858
7/27/18 1:00,2722.606086,2722.914352,0.308266
7/27/18 2:00,2722.605066,2722.911191,0.306125
7/27/18 3:00,2722.602313,2722.906193,0.30388
7/27/18 4:00,2722.599355,2722.903949,0.304594
7/27/18 5:00,2722.604862,2722.912924,0.308062
7/27/18 6:00,2722.608432,2722.914556,0.306124
7/27/18 7:00,2722.612206,2722.919146,0.30694
7/27/18 8:00,2722.614348,2722.92241,0.308062
7/27/18 9:00,2722.615979,2722.925877,0.309898
7/27/18 10:00,2722.618529,2722.929141,0.310612
7/27/18 11:00,2722.620671,2722.929855,0.309184
7/27/18 12:00,2722.620467,2722.931385,0.310918
7/27/18 13:00,2722.619651,2722.929753,0.310102
7/27/18 14:00,2722.616489,2722.926489,0.31
7/27/18 15:00,2722.617611,2722.923124,0.305513
7/27/18 16:00,2722.614654,2722.91986,0.305206
7/27/18 17:00,2722.612104,2722.919248,0.307144
7/27/18 18:00,2722.616897,2722.923736,0.306839
7/27/18 19:00,2722.615979,2722.924654,0.308675
7/27/18 20:00,2722.618019,2722.924552,0.306533
7/27/18 21:00,2722.613532,2722.92088,0.307348
7/27/18 22:00,2722.61139,2722.919554,0.308164
7/27/18 23:00,2722.60782,2722.917412,0.309592
7/28/18 0:00,2722.607514,2722.915576,0.308062
7/28/18 1:00,2722.607616,2722.920268,0.312652
7/28/18 2:00,2722.605678,2722.921288,0.31561
7/28/18 3:00,2722.608432,2722.926795,0.318363
7/28/18 4:00,2722.608126,2722.925571,0.317445
7/28/18 5:00,2722.60884,2722.931691,0.322851
7/28/18 6:00,2722.61343,2722.937199,0.323769
7/28/18 7:00,2722.616081,2722.940156,0.324075
7/28/18 8:00,2722.617305,2722.943216,0.325911
7/28/18 9:00,2722.618529,2722.94291,0.324381
7/28/18 10:00,2722.613532,2722.933119,0.319587
7/28/18 11:00,2722.595785,2722.903745,0.30796
7/28/18 12:00,2722.587218,2722.896096,0.308878
7/28/18 13:00,2722.589869,2722.898849,0.30898
7/28/18 14:00,2722.590481,2722.898951,0.30847
7/28/18 15:00,2722.591399,2722.899053,0.307654
7/28/18 16:00,2722.593439,2722.901603,0.308164
7/28/18 17:00,2722.593745,2722.903235,0.30949
7/28/18 18:00,2722.589665,2722.901399,0.311734
7/28/18 19:00,2722.589563,2722.899461,0.309898
7/28/18 20:00,2722.58681,2722.895178,0.308368
7/28/18 21:00,2722.58324,2722.891914,0.308674
7/28/18 22:00,2722.58681,2722.899257,0.312447
7/28/18 23:00,2722.587116,2722.900583,0.313467
7/29/18 0:00,2722.587422,2722.904459,0.317037
7/29/18 1:00,2722.586504,2722.909355,0.322851
7/29/18 2:00,2722.587218,2722.911802,0.324584
7/29/18 3:00,2722.589054,2722.915372,0.326318
7/29/18 4:00,2722.590379,2722.927407,0.337028
7/29/18 5:00,2722.590685,2722.929039,0.338354
7/29/18 6:00,2722.592011,2722.932303,0.340292
7/29/18 7:00,2722.595581,2722.936587,0.341006
7/29/18 8:00,2722.601599,2722.94036,0.338761
7/29/18 9:00,2722.599763,2722.939544,0.339781
7/29/18 10:00,2722.601599,2722.940462,0.338863
7/29/18 11:00,2722.603128,2722.941584,0.338456
7/29/18 12:00,2722.604862,2722.9424,0.337538
7/29/18 13:00,2722.602211,2722.943114,0.340903
7/29/18 14:00,2722.596601,2722.935873,0.339272
7/29/18 15:00,2722.600375,2722.940462,0.340087
7/29/18 16:00,2722.600069,2722.939544,0.339475
7/29/18 17:00,2722.602414,2722.944236,0.341822
7/29/18 18:00,2722.605372,2722.94597,0.340598
7/29/18 19:00,2722.602822,2722.943624,0.340802
7/29/18 20:00,2722.592929,2722.932201,0.339272
7/29/18 21:00,2722.591909,2722.933935,0.342026
7/29/18 22:00,2722.592011,2722.94291,0.350899
7/29/18 23:00,2722.595683,2722.955761,0.360078
7/30/18 0:00,2722.594765,2722.958209,0.363444
7/30/18 1:00,2722.592725,2722.957903,0.365178
7/30/18 2:00,2722.590889,2722.958821,0.367932
7/30/18 3:00,2722.590175,2722.964227,0.374052
7/30/18 4:00,2722.592011,2722.969938,0.377927
7/30/18 5:00,2722.594459,2722.975446,0.380987
7/30/18 6:00,2722.591603,2722.976466,0.384863
7/30/18 7:00,2722.593439,2722.977587,0.384148
7/30/18 8:00,2722.595887,2722.978709,0.382822
7/30/18 9:00,2722.599253,2722.981973,0.38272
7/30/18 10:00,2722.600375,2722.984625,0.38425
7/30/18 11:00,2722.600273,2722.983707,0.383434
7/30/18 12:00,2722.596499,2722.979729,0.38323
7/30/18 13:00,2722.592827,2722.972794,0.379967
7/30/18 14:00,2722.591501,2722.973508,0.382007
7/30/18 15:00,2722.588544,2722.970958,0.382414
7/30/18 16:00,2722.589767,2722.972794,0.383027
7/30/18 17:00,2722.589054,2722.971978,0.382924
7/30/18 18:00,2722.589563,2722.970652,0.381089
7/30/18 19:00,2722.589767,2722.969836,0.380069
7/30/18 20:00,2722.58732,2722.968102,0.380782
7/30/18 21:00,2722.580792,2722.961983,0.381191
7/30/18 22:00,2722.580996,2722.961677,0.380681
7/30/18 23:00,2722.580486,2722.96749,0.387004
7/31/18 0:00,2722.579568,2722.975446,0.395878
7/31/18 1:00,2722.577732,2722.982177,0.404445
7/31/18 2:00,2722.58069,2722.985543,0.404853
7/31/18 3:00,2722.58069,2722.992274,0.411584
7/31/18 4:00,2722.580384,2722.996966,0.416582
7/31/18 5:00,2722.579058,2723.004207,0.425149
7/31/18 6:00,2722.579976,2723.009409,0.429433
7/31/18 7:00,2722.584668,2723.012571,0.427903
7/31/18 8:00,2722.587932,2723.018996,0.431064
7/31/18 9:00,2722.590277,2723.018078,0.427801
7/31/18 10:00,2722.593439,2723.023484,0.430045
7/31/18 11:00,2722.594867,2723.026136,0.431269
7/31/18 12:00,2722.595683,2723.027564,0.431881
7/31/18 13:00,2722.594663,2723.02838,0.433717
7/31/18 14:00,2722.595377,2723.028686,0.433309
7/31/18 15:00,2722.593031,2723.022362,0.429331
7/31/18 16:00,2722.588442,2723.016549,0.428107
7/31/18 17:00,2722.58426,2723.014509,0.430249
7/31/18 18:00,2722.584566,2723.015937,0.431371
7/31/18 19:00,2722.584872,2723.02073,0.435858
7/31/18 20:00,2722.582832,2723.025422,0.44259
7/31/18 21:00,2722.58222,2723.033377,0.451157
7/31/18 22:00,2722.58426,2723.040109,0.455849
7/31/18 23:00,2722.583648,2723.041639,0.457991
8/1/18 0:00,2722.583036,2723.041741,0.458705
8/1/18 1:00,2722.582424,2723.04531,0.462886
8/1/18 2:00,2722.57763,2723.04837,0.47074
8/1/18 3:00,2722.575387,2723.04633,0.470943
8/1/18 4:00,2722.572429,2723.04888,0.476451
8/1/18 5:00,2722.572735,2723.055816,0.483081
8/1/18 6:00,2722.575489,2723.059283,0.483794
8/1/18 7:00,2722.581608,2723.065199,0.483591
8/1/18 8:00,2722.58732,2723.069992,0.482672
8/1/18 9:00,2722.590277,2723.07346,0.483183
8/1/18 10:00,2722.592521,2723.078356,0.485835
8/1/18 11:00,2722.596499,2723.079988,0.483489
8/1/18 12:00,2722.595173,2723.082843,0.48767
8/1/18 13:00,2722.594969,2723.082028,0.487059
8/1/18 14:00,2722.592623,2723.084067,0.491444
8/1/18 15:00,2722.593643,2723.083047,0.489404
8/1/18 16:00,2722.592521,2723.081824,0.489303
8/1/18 17:00,2722.597213,2723.083965,0.486752
8/1/18 18:00,2722.597723,2723.086617,0.488894
8/1/18 19:00,2722.594459,2723.084169,0.48971
8/1/18 20:00,2722.593031,2723.084577,0.491546
8/1/18 21:00,2722.587728,2723.082945,0.495217
8/1/18 22:00,2722.587524,2723.087637,0.500113
8/1/18 23:00,2722.588136,2723.094471,0.506335
8/2/18 0:00,2722.589971,2723.096918,0.506947
8/2/18 1:00,2722.589971,2723.097734,0.507763
8/2/18 2:00,2722.586504,2723.099162,0.512658
8/2/18 3:00,2722.584566,2723.102834,0.518268
8/2/18 4:00,2722.583036,2723.105588,0.522552
8/2/18 5:00,2722.585076,2723.110381,0.525305
8/2/18 6:00,2722.583648,2723.113441,0.529793
8/2/18 7:00,2722.589971,2723.117215,0.527244
8/2/18 8:00,2722.588544,2723.117317,0.528773
8/2/18 9:00,2722.58783,2723.112727,0.524897
8/2/18 10:00,2722.587626,2723.113543,0.525917
8/2/18 11:00,2722.592215,2723.122926,0.530711
8/2/18 12:00,2722.591297,2723.12313,0.531833
8/2/18 13:00,2722.596193,2723.128128,0.531935
8/2/18 14:00,2722.592725,2723.123028,0.530303
8/2/18 15:00,2722.586096,2723.114563,0.528467
8/2/18 16:00,2722.587422,2723.116093,0.528671
8/2/18 17:00,2722.58426,2723.112829,0.528569
8/2/18 18:00,2722.587116,2723.119867,0.532751
8/2/18 19:00,2722.586402,2723.119663,0.533261
8/2/18 20:00,2722.587524,2723.122009,0.534485
8/2/18 21:00,2722.583036,2723.122416,0.53938
8/2/18 22:00,2722.581914,2723.124048,0.542134
8/2/18 23:00,2722.58426,2723.126088,0.541828
8/3/18 0:00,2722.582832,2723.12568,0.542848
8/3/18 1:00,2722.582628,2723.12517,0.542542
8/3/18 2:00,2722.581404,2723.12874,0.547336
8/3/18 3:00,2722.581404,2723.13282,0.551416
8/3/18 4:00,2722.586708,2723.139041,0.552333
8/3/18 5:00,2722.589869,2723.143835,0.553966
8/3/18 6:00,2722.589971,2723.145059,0.555088
8/3/18 7:00,2722.592725,2723.145671,0.552946
8/3/18 8:00,2722.593031,2723.146691,0.55366
8/3/18 9:00,2722.591603,2723.144855,0.553252
8/3/18 10:00,2722.594459,2723.148934,0.554475
8/3/18 11:00,2722.595071,2723.149138,0.554067
8/3/18 12:00,2722.603434,2723.159236,0.555802
8/3/18 13:00,2722.602414,2723.156482,0.554068
8/3/18 14:00,2722.603944,2723.155666,0.551722
8/3/18 15:00,2722.602414,2723.152096,0.549682
8/3/18 16:00,2722.601701,2723.150872,0.549171
8/3/18 17:00,2722.597723,2723.145977,0.548254
8/3/18 18:00,2722.597519,2723.143937,0.546418
8/3/18 19:00,2722.595785,2723.144345,0.54856
8/3/18 20:00,2722.596907,2723.147813,0.550906
8/3/18 21:00,2722.599661,2723.156482,0.556821
8/3/18 22:00,2722.598131,2723.164845,0.566714
8/3/18 23:00,2722.601905,2723.170659,0.568754
8/4/18 0:00,2722.603842,2723.173617,0.569775
8/4/18 1:00,2722.608636,2723.182082,0.573446
8/4/18 2:00,2722.609656,2723.188303,0.578647
8/4/18 3:00,2722.613226,2723.194831,0.581605
8/4/18 4:00,2722.612818,2723.197585,0.584767
8/4/18 5:00,2722.614246,2723.202582,0.588336
8/4/18 6:00,2722.611288,2723.199421,0.588133
8/4/18 7:00,2722.611492,2723.201562,0.59007
8/4/18 8:00,2722.612716,2723.202378,0.589662
8/4/18 9:00,2722.614552,2723.203092,0.58854
8/4/18 10:00,2722.612716,2723.201358,0.588642
8/4/18 11:00,2722.613838,2723.201053,0.587215
8/4/18 12:00,2722.61445,2723.200237,0.585787
8/4/18 13:00,2722.609962,2723.197279,0.587317
8/4/18 14:00,2722.610778,2723.198809,0.588031
8/4/18 15:00,2722.611696,2723.196361,0.584665
8/4/18 16:00,2722.610268,2723.196769,0.586501
8/4/18 17:00,2722.607004,2723.190445,0.583441
8/4/18 18:00,2722.602109,2723.186162,0.584053
8/4/18 19:00,2722.602822,2723.189629,0.586807
8/4/18 20:00,2722.602211,2723.189833,0.587622
8/4/18 21:00,2722.60272,2723.191873,0.589153
8/4/18 22:00,2722.602822,2723.192179,0.589357
8/4/18 23:00,2722.599559,2723.190547,0.590988
8/5/18 0:00,2722.598641,2723.190037,0.591396
8/5/18 1:00,2722.597315,2723.189731,0.592416
8/5/18 2:00,2722.595683,2723.190853,0.59517
8/5/18 3:00,2722.593847,2723.190853,0.597006
8/5/18 4:00,2722.594459,2723.193913,0.599454
8/5/18 5:00,2722.595683,2723.197381,0.601698
8/5/18 6:00,2722.602211,2723.20248,0.600269
8/5/18 7:00,2722.599151,2723.198299,0.599148
8/5/18 8:00,2722.599151,2723.198707,0.599556
8/5/18 9:00,2722.601293,2723.202174,0.600881
8/5/18 10:00,2722.609656,2723.21013,0.600474
8/5/18 11:00,2722.609962,2723.212476,0.602514
8/5/18 12:00,2722.611696,2723.211354,0.599658
8/5/18 13:00,2722.61037,2723.214108,0.603738
8/5/18 14:00,2722.611696,2723.213088,0.601392
8/5/18 15:00,2722.609044,2723.207478,0.598434
8/5/18 16:00,2722.603434,2723.202276,0.598842
8/5/18 17:00,2722.600885,2723.200441,0.599556
8/5/18 18:00,2722.60272,2723.206254,0.603534
8/5/18 19:00,2722.605576,2723.211558,0.605982
8/5/18 20:00,2722.608228,2723.211252,0.603024
8/5/18 21:00,2722.608636,2723.2137,0.605064
8/5/18 22:00,2722.609248,2723.21217,0.602922
8/5/18 23:00,2722.606698,2723.212578,0.60588
8/6/18 0:00,2722.604352,2723.213292,0.60894
8/6/18 1:00,2722.602822,2723.212782,0.60996
8/6/18 2:00,2722.601395,2723.213598,0.612203
8/6/18 3:00,2722.600579,2723.215025,0.614446
8/6/18 4:00,2722.597111,2723.211252,0.614141
8/6/18 5:00,2722.594459,2723.212272,0.617813
8/6/18 6:00,2722.590175,2723.208498,0.618323
8/6/18 7:00,2722.589563,2723.206968,0.617405
8/6/18 8:00,2722.592929,2723.210844,0.617915
8/6/18 9:00,2722.598947,2723.216555,0.617608
8/6/18 10:00,2722.601701,2723.221247,0.619546
8/6/18 11:00,2722.608942,2723.224817,0.615875
8/6/18 12:00,2722.602414,2723.223287,0.620873
8/6/18 13:00,2722.603128,2723.225633,0.622505
8/6/18 14:00,2722.595275,2723.218391,0.623116
8/6/18 15:00,2722.597723,2723.219105,0.621382
8/6/18 16:00,2722.595989,2723.212884,0.616895
8/6/18 17:00,2722.595173,2723.211864,0.616691
8/6/18 18:00,2722.589665,2723.207478,0.617813
8/6/18 19:00,2722.592827,2723.210946,0.618119
8/6/18 20:00,2722.587626,2723.210028,0.622402
8/6/18 21:00,2722.589971,2723.210232,0.620261
8/6/18 22:00,2722.587932,2723.210334,0.622402
8/6/18 23:00,2722.589054,2723.209926,0.620872
8/7/18 0:00,2722.587422,2723.207784,0.620362
8/7/18 1:00,2722.580894,2723.202174,0.62128
8/7/18 2:00,2722.580384,2723.203296,0.622912
8/7/18 3:00,2722.58222,2723.206662,0.624442
8/7/18 4:00,2722.583342,2723.20809,0.624748
8/7/18 5:00,2722.58528,2723.209518,0.624238
8/7/18 6:00,2722.587116,2723.210946,0.62383
8/7/18 7:00,2722.590481,2723.210946,0.620465
8/7/18 8:00,2722.592827,2723.212782,0.619955
8/7/18 9:00,2722.593745,2723.215025,0.62128
8/7/18 10:00,2722.596295,2723.218085,0.62179
8/7/18 11:00,2722.599355,2723.220431,0.621076
8/7/18 12:00,2722.600477,2723.224613,0.624136
8/7/18 13:00,2722.598845,2723.221655,0.62281
8/7/18 14:00,2722.596397,2723.217983,0.621586
8/7/18 15:00,2722.598743,2723.219105,0.620362
8/7/18 16:00,2722.593337,2723.212476,0.619139
8/7/18 17:00,2722.590685,2723.20809,0.617405
8/7/18 18:00,2722.588952,2723.208702,0.61975
8/7/18 19:00,2722.586402,2723.208498,0.622096
8/7/18 20:00,2722.584464,2723.208192,0.623728
8/7/18 21:00,2722.585382,2723.213394,0.628012
8/7/18 22:00,2722.584566,2723.213292,0.628726
8/7/18 23:00,2722.583954,2723.214413,0.630459
8/8/18 0:00,2722.582526,2723.210946,0.62842
8/8/18 1:00,2722.578344,2723.207886,0.629542
8/8/18 2:00,2722.574265,2723.20503,0.630765
8/8/18 3:00,2722.573959,2723.204826,0.630867
8/8/18 4:00,2722.574367,2723.208294,0.633927
8/8/18 5:00,2722.572021,2723.20962,0.637599
8/8/18 6:00,2722.573551,2723.213598,0.640047
8/8/18 7:00,2722.582832,2723.222063,0.639231
8/8/18 8:00,2722.588952,2723.228182,0.63923
8/8/18 9:00,2722.597009,2723.232874,0.635865
8/8/18 10:00,2722.598233,2723.232568,0.634335
8/8/18 11:00,2722.602414,2723.236138,0.633724
8/8/18 12:00,2722.598233,2723.234812,0.636579
8/8/18 13:00,2722.599457,2723.237056,0.637599
8/8/18 14:00,2722.601293,2723.23879,0.637497
8/8/18 15:00,2722.599661,2723.23573,0.636069
8/8/18 16:00,2722.599967,2723.235832,0.635865
8/8/18 17:00,2722.600987,2723.234098,0.633111
8/8/18 18:00,2722.600885,2723.234608,0.633723
8/8/18 19:00,2722.594153,2723.23063,0.636477
8/8/18 20:00,2722.591705,2723.228386,0.636681
8/8/18 21:00,2722.587014,2723.229814,0.6428
8/8/18 22:00,2722.589461,2723.235322,0.645861
8/8/18 23:00,2722.593337,2723.23471,0.641373
8/9/18 0:00,2722.591909,2723.235628,0.643719
8/9/18 1:00,2722.592113,2723.23726,0.645147
8/9/18 2:00,2722.589767,2723.234608,0.644841
8/9/18 3:00,2722.585994,2723.23879,0.652796
8/9/18 4:00,2722.587422,2723.241135,0.653713
8/9/18 5:00,2722.588442,2723.245725,0.657283
8/9/18 6:00,2722.590073,2723.249295,0.659222
8/9/18 7:00,2722.594969,2723.252355,0.657386
8/9/18 8:00,2722.598539,2723.255924,0.657385
8/9/18 9:00,2722.60272,2723.258678,0.655958
8/9/18 10:00,2722.602211,2723.25929,0.657079
8/9/18 11:00,2722.605372,2723.26082,0.655448
8/9/18 12:00,2722.605882,2723.262656,0.656774
8/9/18 13:00,2722.602007,2723.258168,0.656161
8/9/18 14:00,2722.600477,2723.255312,0.654835
8/9/18 15:00,2722.600171,2723.256026,0.655855
8/9/18 16:00,2722.600681,2723.2547,0.654019
8/9/18 17:00,2722.599559,2723.254088,0.654529
8/9/18 18:00,2722.599253,2723.255924,0.656671
8/9/18 19:00,2722.598641,2723.257658,0.659017
8/9/18 20:00,2722.598947,2723.260412,0.661465
8/9/18 21:00,2722.598641,2723.26235,0.663709
8/9/18 22:00,2722.596397,2723.261738,0.665341
8/9/18 23:00,2722.591705,2723.260514,0.668809
8/10/18 0:00,2722.594051,2723.263676,0.669625
8/10/18 1:00,2722.593337,2723.265512,0.672175
8/10/18 2:00,2722.597213,2723.270305,0.673092
8/10/18 3:00,2722.595887,2723.271733,0.675846
8/10/18 4:00,2722.594459,2723.273773,0.679314
8/10/18 5:00,2722.594051,2723.274079,0.680028
8/10/18 6:00,2722.595989,2723.274385,0.678396
8/10/18 7:00,2722.599967,2723.274487,0.67452
8/10/18 8:00,2722.602313,2723.276629,0.674316
8/10/18 9:00,2722.602618,2723.279893,0.677275
8/10/18 10:00,2722.603638,2723.279077,0.675439
8/10/18 11:00,2722.60731,2723.281116,0.673806
8/10/18 12:00,2722.60782,2723.282442,0.674622
8/10/18 13:00,2722.605576,2723.2803,0.674724
8/10/18 14:00,2722.60527,2723.282136,0.676866
8/10/18 15:00,2722.603536,2723.280402,0.676866
8/10/18 16:00,2722.602414,2723.281116,0.678702
8/10/18 17:00,2722.600375,2723.277343,0.676968
8/10/18 18:00,2722.600375,2723.277139,0.676764
8/10/18 19:00,2722.601497,2723.279281,0.677784
8/10/18 20:00,2722.601293,2723.278159,0.676866
8/10/18 21:00,2722.601701,2723.277139,0.675438
8/10/18 22:00,2722.593643,2723.267347,0.673704
8/10/18 23:00,2722.585076,2723.25725,0.672174
8/11/18 0:00,2722.580384,2723.254088,0.673704
8/11/18 1:00,2722.575795,2723.250825,0.67503
8/11/18 2:00,2722.573755,2723.248275,0.67452
8/11/18 3:00,2722.574775,2723.249295,0.67452
8/11/18 4:00,2722.572531,2723.249397,0.676866
8/11/18 5:00,2722.570491,2723.249499,0.679008
8/11/18 6:00,2722.572735,2723.252253,0.679518
8/11/18 7:00,2722.573245,2723.253579,0.680334
8/11/18 8:00,2722.577018,2723.256842,0.679824
8/11/18 9:00,2722.579262,2723.258882,0.67962
8/11/18 10:00,2722.5812,2723.26133,0.68013
8/11/18 11:00,2722.582832,2723.262656,0.679824
8/11/18 12:00,2722.578956,2723.261738,0.682782
8/11/18 13:00,2722.58171,2723.265818,0.684108
8/11/18 14:00,2722.581812,2723.26541,0.683598
8/11/18 15:00,2722.581506,2723.26184,0.680334
8/11/18 16:00,2722.579466,2723.262248,0.682782
8/11/18 17:00,2722.585382,2723.268673,0.683291
8/11/18 18:00,2722.580486,2723.266022,0.685536
8/11/18 19:00,2722.58018,2723.265512,0.685332
8/11/18 20:00,2722.578752,2723.265512,0.68676
8/11/18 21:00,2722.578344,2723.263574,0.68523
8/11/18 22:00,2722.577936,2723.263574,0.685638
8/11/18 23:00,2722.576916,2723.263574,0.686658
8/12/18 0:00,2722.575489,2723.263064,0.687575
8/12/18 1:00,2722.574979,2723.261738,0.686759
8/12/18 2:00,2722.573449,2723.26133,0.687881
8/12/18 3:00,2722.570083,2723.26133,0.691247
8/12/18 4:00,2722.571409,2723.263778,0.692369
8/12/18 5:00,2722.572225,2723.264594,0.692369
8/12/18 6:00,2722.571613,2723.267041,0.695428
8/12/18 7:00,2722.574979,2723.267449,0.69247
8/12/18 8:00,2722.57865,2723.270407,0.691757
8/12/18 9:00,2722.578752,2723.269897,0.691145
8/12/18 10:00,2722.579568,2723.271733,0.692165
8/12/18 11:00,2722.584464,2723.276119,0.691655
8/12/18 12:00,2722.583138,2723.274589,0.691451
8/12/18 13:00,2722.5812,2723.277037,0.695837
8/12/18 14:00,2722.581302,2723.279281,0.697979
8/12/18 15:00,2722.579058,2723.274079,0.695021
8/12/18 16:00,2722.58426,2723.278159,0.693899
8/12/18 17:00,2722.58426,2723.278669,0.694409
8/12/18 18:00,2722.587626,2723.279281,0.691655
8/12/18 19:00,2722.581098,2723.278567,0.697469
8/12/18 20:00,2722.579364,2723.275201,0.695837
8/12/18 21:00,2722.581608,2723.281422,0.699814
8/12/18 22:00,2722.582934,2723.28132,0.698386
8/12/18 23:00,2722.580588,2723.28081,0.700222
8/13/18 0:00,2722.58069,2723.282748,0.702058
8/13/18 1:00,2722.583648,2723.282748,0.6991
8/13/18 2:00,2722.580282,2723.279791,0.699509
8/13/18 3:00,2722.580486,2723.281116,0.70063
8/13/18 4:00,2722.575999,2723.278975,0.702976
8/13/18 5:00,2722.573245,2723.275405,0.70216
8/13/18 6:00,2722.572327,2723.272549,0.700222
8/13/18 7:00,2722.571511,2723.271733,0.700222
8/13/18 8:00,2722.573653,2723.274181,0.700528
8/13/18 9:00,2722.576814,2723.278057,0.701243
8/13/18 10:00,2722.575387,2723.278771,0.703384
8/13/18 11:00,2722.57967,2723.283972,0.704302
8/13/18 12:00,2722.575897,2723.279893,0.703996
8/13/18 13:00,2722.579976,2723.282034,0.702058
8/13/18 14:00,2722.579058,2723.282136,0.703078
8/13/18 15:00,2722.57916,2723.283054,0.703894
8/13/18 16:00,2722.578446,2723.279281,0.700835
8/13/18 17:00,2722.576304,2723.277955,0.701651
8/13/18 18:00,2722.576712,2723.277751,0.701039
8/13/18 19:00,2722.574673,2723.277955,0.703282
8/13/18 20:00,2722.575081,2723.276833,0.701752
8/13/18 21:00,2722.575795,2723.280402,0.704607
8/13/18 22:00,2722.576508,2723.282238,0.70573
8/13/18 23:00,2722.574163,2723.279791,0.705628
8/14/18 0:00,2722.573755,2723.278159,0.704404
8/14/18 1:00,2722.570695,2723.278057,0.707362
8/14/18 2:00,2722.567839,2723.278669,0.71083
8/14/18 3:00,2722.569777,2723.281626,0.711849
8/14/18 4:00,2722.569981,2723.28285,0.712869
8/14/18 5:00,2722.572327,2723.282748,0.710421
8/14/18 6:00,2722.573551,2723.282034,0.708483
8/14/18 7:00,2722.574367,2723.281524,0.707157
8/14/18 8:00,2722.577426,2723.283054,0.705628
8/14/18 9:00,2722.581404,2723.285706,0.704302
8/14/18 10:00,2722.583546,2723.287032,0.703486
8/14/18 11:00,2722.581506,2723.288052,0.706546
8/14/18 12:00,2722.579772,2723.289684,0.709912
8/14/18 13:00,2722.583444,2723.293355,0.709911
8/14/18 14:00,2722.578344,2723.289276,0.710932
8/14/18 15:00,2722.587116,2723.293559,0.706443
8/14/18 16:00,2722.580078,2723.290908,0.71083
8/14/18 17:00,2722.578344,2723.289072,0.710728
8/14/18 18:00,2722.578854,2723.284788,0.705934
8/14/18 19:00,2722.575999,2723.282238,0.706239
8/14/18 20:00,2722.573041,2723.278669,0.705628
8/14/18 21:00,2722.570491,2723.279485,0.708994
8/14/18 22:00,2722.565289,2723.276221,0.710932
8/14/18 23:00,2722.568043,2723.279281,0.711238
8/15/18 0:00,2722.566411,2723.278159,0.711748
8/15/18 1:00,2722.567329,2723.278363,0.711034
8/15/18 2:00,2722.565901,2723.281116,0.715215
8/15/18 3:00,2722.566717,2723.279485,0.712768
8/15/18 4:00,2722.565289,2723.280912,0.715623
8/15/18 5:00,2722.56274,2723.277955,0.715215
8/15/18 6:00,2722.561312,2723.274385,0.713073
8/15/18 7:00,2722.560394,2723.273161,0.712767
8/15/18 8:00,2722.562434,2723.277139,0.714705
8/15/18 9:00,2722.565697,2723.280097,0.7144
8/15/18 10:00,2722.566309,2723.2803,0.713991
8/15/18 11:00,2722.569471,2723.284278,0.714807
8/15/18 12:00,2722.567431,2723.2803,0.712869
8/15/18 14:00,2722.574367,2723.28489,0.710523
8/15/18 15:00,2722.572735,2723.286114,0.713379
8/15/18 16:00,2722.572021,2723.28387,0.711849
8/15/18 17:00,2722.574775,2723.284686,0.709911
8/15/18 18:00,2722.5761,2723.28846,0.71236
8/15/18 19:00,2722.576814,2723.290908,0.714094
8/15/18 20:00,2722.578548,2723.289888,0.71134
8/15/18 21:00,2722.573347,2723.28744,0.714093
8/15/18 22:00,2722.575693,2723.290092,0.714399
8/15/18 23:00,2722.576202,2723.28948,0.713278
8/16/18 0:00,2722.573857,2723.290296,0.716439
8/16/18 1:00,2722.574163,2723.289888,0.715725
8/16/18 2:00,2722.571511,2723.287746,0.716235
8/16/18 3:00,2722.573551,2723.289684,0.716133
8/16/18 4:00,2722.572633,2723.28999,0.717357
8/16/18 5:00,2722.569063,2723.2854,0.716337
8/16/18 6:00,2722.571205,2723.284992,0.713787
8/16/18 7:00,2722.571715,2723.284584,0.712869
8/16/18 8:00,2722.574163,2723.287644,0.713481
8/16/18 9:00,2722.573755,2723.287032,0.713277
8/16/18 10:00,2722.573755,2723.287338,0.713583
8/16/18 11:00,2722.574775,2723.287032,0.712257
8/16/18 12:00,2722.574571,2723.288256,0.713685
8/16/18 13:00,2722.575081,2723.290806,0.715725
8/16/18 14:00,2722.575285,2723.294171,0.718886
8/16/18 15:00,2722.578242,2723.294375,0.716133
8/16/18 16:00,2722.576916,2723.295089,0.718173
8/16/18 17:00,2722.584464,2723.303147,0.718683
8/16/18 18:00,2722.583444,2723.305901,0.722457
8/16/18 19:00,2722.602516,2723.327625,0.725109
8/16/18 20:00,2722.607718,2723.325483,0.717765
8/16/18 21:00,2722.605984,2723.321709,0.715725
8/16/18 22:00,2722.602007,2723.319771,0.717764
8/16/18 23:00,2722.599049,2723.319262,0.720213
8/17/18 0:00,2722.597621,2723.31814,0.720519
8/17/18 1:00,2722.594663,2723.31661,0.721947
8/17/18 2:00,2722.592215,2723.315386,0.723171
8/17/18 3:00,2722.593541,2723.31406,0.720519
8/17/18 4:00,2722.590175,2723.313142,0.722967
8/17/18 5:00,2722.591603,2723.315386,0.723783
8/17/18 6:00,2722.590481,2723.318446,0.727965
8/17/18 7:00,2722.593949,2723.320281,0.726332
8/17/18 8:00,2722.595989,2723.322117,0.726128
8/17/18 9:00,2722.600273,2723.325585,0.725312
8/17/18 10:00,2722.599967,2723.326911,0.726944
8/17/18 11:00,2722.601701,2723.325177,0.723476
8/17/18 12:00,2722.601395,2723.327931,0.726536
8/17/18 13:00,2722.605372,2723.329359,0.723987
8/17/18 14:00,2722.603128,2723.329767,0.726639
8/17/18 15:00,2722.604658,2723.332521,0.727863
8/17/18 16:00,2722.602211,2723.330277,0.728066
8/17/18 17:00,2722.600069,2723.326605,0.726536
8/17/18 18:00,2722.599355,2723.328849,0.729494
8/17/18 19:00,2722.598641,2723.329665,0.731024
8/17/18 20:00,2722.596295,2723.328645,0.73235
8/17/18 21:00,2722.600171,2723.332827,0.732656
8/17/18 22:00,2722.599865,2723.332928,0.733063
8/17/18 23:00,2722.600783,2723.331705,0.730922
8/18/18 0:00,2722.599355,2723.330685,0.73133
8/18/18 1:00,2722.599355,2723.333642,0.734287
8/18/18 2:00,2722.596703,2723.334662,0.737959
8/18/18 3:00,2722.598743,2723.335376,0.736633
8/18/18 4:00,2722.595377,2723.335478,0.740101
8/18/18 5:00,2722.592215,2723.333642,0.741427
8/18/18 6:00,2722.592317,2723.331501,0.739184
8/18/18 7:00,2722.594867,2723.335886,0.741019
8/18/18 8:00,2722.596397,2723.339864,0.743467
8/18/18 9:00,2722.601701,2723.342108,0.740407
8/18/18 10:00,2722.603638,2723.34527,0.741632
8/18/18 11:00,2722.605882,2723.344658,0.738776
8/18/18 12:00,2722.607004,2723.346391,0.739387
8/18/18 13:00,2722.606494,2723.347411,0.740917
8/18/18 14:00,2722.60935,2723.349043,0.739693
8/18/18 15:00,2722.606902,2723.349451,0.742549
8/18/18 16:00,2722.609962,2723.350777,0.740815
8/18/18 17:00,2722.606902,2723.347921,0.741019
8/18/18 18:00,2722.608432,2723.351389,0.742957
8/18/18 19:00,2722.60884,2723.353633,0.744793
8/18/18 20:00,2722.611798,2723.358631,0.746833
8/18/18 21:00,2722.612002,2723.361792,0.74979
8/18/18 22:00,2722.613736,2723.365566,0.75183
8/18/18 23:00,2722.614144,2723.36679,0.752646
8/19/18 0:00,2722.613532,2723.368524,0.754992
8/19/18 1:00,2722.610574,2723.367198,0.756624
8/19/18 2:00,2722.613022,2723.36883,0.755808
8/19/18 3:00,2722.613022,2723.369034,0.756012
8/19/18 4:00,2722.611492,2723.370972,0.75948
8/19/18 5:00,2722.610574,2723.36985,0.759276
8/19/18 6:00,2722.609656,2723.372298,0.762642
8/19/18 7:00,2722.606902,2723.369034,0.762132
8/19/18 8:00,2722.608024,2723.368524,0.7605
8/19/18 9:00,2722.607514,2723.367402,0.759888
8/19/18 10:00,2722.604964,2723.367708,0.762744
8/19/18 11:00,2722.606698,2723.36679,0.760092
8/19/18 12:00,2722.60323,2723.36526,0.76203
8/19/18 13:00,2722.60731,2723.365158,0.757848
8/19/18 14:00,2722.604148,2723.362812,0.758664
8/19/18 15:00,2722.601905,2723.358937,0.757032
8/19/18 16:00,2722.601293,2723.357509,0.756216
8/19/18 17:00,2722.597723,2723.353837,0.756114
8/19/18 18:00,2722.595785,2723.351491,0.755706
8/19/18 19:00,2722.595887,2723.354041,0.758154
8/19/18 20:00,2722.593133,2723.347513,0.75438
8/19/18 21:00,2722.588034,2723.344862,0.756828
8/19/18 22:00,2722.584974,2723.344148,0.759174
8/19/18 23:00,2722.58885,2723.351185,0.762335
8/20/18 0:00,2722.587218,2723.353225,0.766007
8/20/18 1:00,2722.586504,2723.353123,0.766619
8/20/18 2:00,2722.589156,2723.353531,0.764375
8/20/18 3:00,2722.589971,2723.351695,0.761724
8/20/18 4:00,2722.590175,2723.353837,0.763662
8/20/18 5:00,2722.587116,2723.352409,0.765293
8/20/18 6:00,2722.595173,2723.343332,0.748159
8/20/18 7:00,2722.590379,2723.3366,0.746221
8/20/18 8:00,2722.591093,2723.335682,0.744589
8/20/18 9:00,2722.590787,2723.335376,0.744589
8/20/18 10:00,2722.589257,2723.334764,0.745507
8/20/18 11:00,2722.592419,2723.33507,0.742651
8/20/18 12:00,2722.592317,2723.335886,0.743569
8/20/18 13:00,2722.58885,2723.335988,0.747138
8/20/18 14:00,2722.587218,2723.33354,0.746322
8/20/18 15:00,2722.591093,2723.33558,0.744487
8/20/18 16:00,2722.591603,2723.335478,0.743875
8/20/18 17:00,2722.58885,2723.333846,0.744996
8/20/18 18:00,2722.585382,2723.329665,0.744283
8/20/18 19:00,2722.583342,2723.326809,0.743467
8/20/18 20:00,2722.579058,2723.324361,0.745303
8/20/18 21:00,2722.578854,2723.321709,0.742855
8/20/18 22:00,2722.574367,2723.323239,0.748872
8/20/18 23:00,2722.574775,2723.327931,0.753156
8/21/18 0:00,2722.576916,2723.332521,0.755605
8/21/18 1:00,2722.576304,2723.332317,0.756013
8/21/18 2:00,2722.575999,2723.330685,0.754686
8/21/18 3:00,2722.577018,2723.332827,0.755809
8/21/18 4:00,2722.574673,2723.334458,0.759785
8/21/18 5:00,2722.575387,2723.335784,0.760397
8/21/18 6:00,2722.576916,2723.340884,0.763968
8/21/18 7:00,2722.578854,2723.343332,0.764478
8/21/18 8:00,2722.580282,2723.343638,0.763356
8/21/18 9:00,2722.584566,2723.348941,0.764375
8/21/18 10:00,2722.585076,2723.349757,0.764681
8/21/18 11:00,2722.585178,2723.352001,0.766823
8/21/18 12:00,2722.585484,2723.351695,0.766211
8/21/18 13:00,2722.589257,2723.362404,0.773147
8/21/18 14:00,2722.603536,2723.374439,0.770903
8/21/18 15:00,2722.612308,2723.382497,0.770189
8/21/18 16:00,2722.615571,2723.383721,0.76815
8/21/18 17:00,2722.613736,2723.382905,0.769169
8/21/18 18:00,2722.614348,2723.382293,0.767945
8/21/18 19:00,2722.610064,2723.378927,0.768863
8/21/18 20:00,2722.610574,2723.379845,0.769271
8/21/18 21:00,2722.607208,2723.376377,0.769169
8/21/18 22:00,2722.606494,2723.375561,0.769067
8/21/18 23:00,2722.602414,2723.373929,0.771515
8/22/18 0:00,2722.60374,2723.379029,0.775289
8/22/18 1:00,2722.607922,2723.380763,0.772841
8/22/18 2:00,2722.610574,2723.384945,0.774371
8/22/18 3:00,2722.612206,2723.384231,0.772025
8/22/18 4:00,2722.615673,2723.393308,0.777635
8/22/18 5:00,2722.619855,2723.39443,0.774575
8/22/18 6:00,2722.621589,2723.399325,0.777736
8/22/18 7:00,2722.625057,2723.404629,0.779572
8/22/18 8:00,2722.629646,2723.407485,0.777839
8/22/18 9:00,2722.631584,2723.409933,0.778349
8/22/18 10:00,2722.635868,2723.41187,0.776002
8/22/18 11:00,2722.635358,2723.413604,0.778246
8/22/18 12:00,2722.633012,2723.409933,0.776921
8/22/18 13:00,2722.635052,2723.412074,0.777022
8/22/18 14:00,2722.630156,2723.410137,0.779981
8/22/18 15:00,2722.63444,2723.412992,0.778552
8/22/18 16:00,2722.635562,2723.414726,0.779164
8/22/18 17:00,2722.636888,2723.416256,0.779368
8/22/18 18:00,2722.646475,2723.42309,0.776615
8/22/18 19:00,2722.645047,2723.423804,0.778757
8/22/18 20:00,2722.642191,2723.426149,0.783958
8/22/18 21:00,2722.644129,2723.428189,0.78406
8/22/18 22:00,2722.644129,2723.426251,0.782122
8/22/18 23:00,2722.64056,2723.425741,0.785181
8/23/18 0:00,2722.645557,2723.428087,0.78253
8/23/18 1:00,2722.640662,2723.42411,0.783448
8/23/18 2:00,2722.642293,2723.42462,0.782327
8/23/18 3:00,2722.63852,2723.418806,0.780286
8/23/18 4:00,2722.634032,2723.418194,0.784162
8/23/18 5:00,2722.636786,2723.420846,0.78406
8/23/18 6:00,2722.638622,2723.426557,0.787935
8/23/18 7:00,2722.638214,2723.425231,0.787017
8/23/18 8:00,2722.642293,2723.429107,0.786814
8/23/18 9:00,2722.646067,2723.431759,0.785692
8/23/18 10:00,2722.645353,2723.433085,0.787732
8/23/18 11:00,2722.644027,2723.432065,0.788038
8/23/18 12:00,2722.646271,2723.431759,0.785488
8/23/18 13:00,2722.644129,2723.431351,0.787222
8/23/18 14:00,2722.64107,2723.428087,0.787017
8/23/18 15:00,2722.63954,2723.427577,0.788037
8/23/18 16:00,2722.639438,2723.425231,0.785793
8/23/18 17:00,2722.638724,2723.424008,0.785284
8/23/18 18:00,2722.639234,2723.427373,0.788139
8/23/18 19:00,2722.642497,2723.429617,0.78712
8/23/18 20:00,2722.639948,2723.431249,0.791301
8/23/18 21:00,2722.642089,2723.432779,0.79069
8/23/18 22:00,2722.641885,2723.434513,0.792628
8/23/18 23:00,2722.643721,2723.434309,0.790588
8/24/18 0:00,2722.641987,2723.431861,0.789874
8/24/18 1:00,2722.642497,2723.432269,0.789772
8/24/18 2:00,2722.641784,2723.431657,0.789873
8/24/18 3:00,2722.637194,2723.427679,0.790485
8/24/18 4:00,2722.64005,2723.430127,0.790077
8/24/18 5:00,2722.636888,2723.428597,0.791709
8/24/18 6:00,2722.635868,2723.427373,0.791505
8/24/18 7:00,2722.63597,2723.429719,0.793749
8/24/18 8:00,2722.637092,2723.430025,0.792933
8/24/18 9:00,2722.635868,2723.427475,0.791607
8/24/18 10:00,2722.635256,2723.427781,0.792525
8/24/18 11:00,2722.629544,2723.424008,0.794464
8/24/18 12:00,2722.631482,2723.42054,0.789058
8/24/18 13:00,2722.628321,2723.419826,0.791505
8/24/18 14:00,2722.626587,2723.41646,0.789873
8/24/18 15:00,2722.625873,2723.417174,0.791301
8/24/18 16:00,2722.624241,2723.414318,0.790077
8/24/18 17:00,2722.621589,2723.411667,0.790078
8/24/18 18:00,2722.620365,2723.409321,0.788956
8/24/18 19:00,2722.618835,2723.406975,0.78814
8/24/18 20:00,2722.614654,2723.405241,0.790587
8/24/18 21:00,2722.612512,2723.404425,0.791913
8/24/18 22:00,2722.611594,2723.405037,0.793443
8/24/18 23:00,2722.612206,2723.405139,0.792933
8/25/18 0:00,2722.613634,2723.408097,0.794463
8/25/18 1:00,2722.616591,2723.408811,0.79222
8/25/18 2:00,2722.616489,2723.408199,0.79171
8/25/18 3:00,2722.613022,2723.407587,0.794565
8/25/18 4:00,2722.610982,2723.403813,0.792831
8/25/18 5:00,2722.613328,2723.405547,0.792219
8/25/18 6:00,2722.608126,2723.403405,0.795279
8/25/18 7:00,2722.612206,2723.405343,0.793137
8/25/18 8:00,2722.61139,2723.400447,0.789057
8/25/18 9:00,2722.612614,2723.403507,0.790893
8/25/18 10:00,2722.611798,2723.403915,0.792117
8/25/18 11:00,2722.61343,2723.405445,0.792015
8/25/18 12:00,2722.612104,2723.406363,0.794259
8/25/18 13:00,2722.611696,2723.404527,0.792831
8/25/18 14:00,2722.615368,2723.406975,0.791607
8/25/18 15:00,2722.622405,2723.407689,0.785284
8/25/18 16:00,2722.614654,2723.407995,0.793341
8/25/18 17:00,2722.615571,2723.407893,0.792322
8/25/18 18:00,2722.615062,2723.407281,0.792219
8/25/18 19:00,2722.612716,2723.406771,0.794055
8/25/18 20:00,2722.611798,2723.406567,0.794769
8/25/18 21:00,2722.611492,2723.406567,0.795075
8/25/18 22:00,2722.610166,2723.406873,0.796707
8/25/18 23:00,2722.609044,2723.408913,0.799869
8/26/18 0:00,2722.610982,2723.408811,0.797829
8/26/18 1:00,2722.608942,2723.407893,0.798951
8/26/18 2:00,2722.608024,2723.407383,0.799359
8/26/18 3:00,2722.610472,2723.407281,0.796809
8/26/18 4:00,2722.609044,2723.404425,0.795381
8/26/18 5:00,2722.6068,2723.405241,0.798441
8/26/18 6:00,2722.607616,2723.403405,0.795789
8/26/18 7:00,2722.605372,2723.402793,0.797421
8/26/18 8:00,2722.60374,2723.399427,0.795687
8/26/18 9:00,2722.603638,2723.399427,0.795789
8/26/18 10:00,2722.602007,2723.399223,0.797216
8/26/18 11:00,2722.600987,2723.39749,0.796503
8/26/18 12:00,2722.599763,2723.398,0.798237
8/26/18 13:00,2722.600375,2723.396878,0.796503
8/26/18 14:00,2722.598947,2723.396674,0.797727
8/26/18 15:00,2722.601089,2723.400447,0.799358
8/26/18 16:00,2722.602516,2723.397898,0.795382
8/26/18 17:00,2722.600477,2723.399223,0.798746
8/26/18 18:00,2722.603842,2723.401773,0.797931
8/26/18 19:00,2722.603128,2723.402895,0.799767
8/26/18 20:00,2722.604046,2723.408301,0.804255
8/26/18 21:00,2722.612512,2723.41391,0.801398
8/26/18 22:00,2722.617407,2723.419928,0.802521
8/26/18 23:00,2722.619243,2723.418908,0.799665
8/27/18 0:00,2722.615368,2723.414624,0.799256
8/27/18 1:00,2722.615673,2723.4185,0.802827
8/27/18 2:00,2722.619651,2723.421254,0.801603
8/27/18 3:00,2722.617203,2723.420846,0.803643
8/27/18 4:00,2722.616081,2723.419724,0.803643
8/27/18 5:00,2722.616081,2723.419112,0.803031
8/27/18 6:00,2722.616897,2723.420438,0.803541
8/27/18 7:00,2722.616183,2723.419214,0.803031
8/27/18 8:00,2722.616897,2723.419928,0.803031
8/27/18 9:00,2722.618121,2723.420744,0.802623
8/27/18 10:00,2722.622813,2723.424008,0.801195
8/27/18 11:00,2722.626791,2723.429107,0.802316
8/27/18 12:00,2722.625669,2723.428597,0.802928
8/27/18 13:00,2722.625975,2723.428801,0.802826
8/27/18 14:00,2722.625975,2723.429515,0.80354
8/27/18 15:00,2722.625159,2723.427475,0.802316
8/27/18 16:00,2722.625159,2723.426659,0.8015
8/27/18 17:00,2722.626077,2723.426149,0.800072
8/27/18 18:00,2722.623833,2723.427373,0.80354
8/27/18 19:00,2722.621691,2723.425537,0.803846
8/27/18 20:00,2722.618427,2723.420948,0.802521
8/27/18 21:00,2722.614042,2723.417276,0.803234
8/27/18 22:00,2722.611696,2723.416256,0.80456
8/27/18 23:00,2722.611288,2723.416766,0.805478
8/28/18 0:00,2722.61241,2723.420336,0.807926
8/28/18 1:00,2722.615062,2723.421866,0.806804
8/28/18 2:00,2722.61496,2723.421968,0.807008
8/28/18 3:00,2722.612818,2723.420438,0.80762
8/28/18 4:00,2722.61445,2723.420336,0.805886
8/28/18 5:00,2722.614348,2723.420132,0.805784
8/28/18 6:00,2722.614858,2723.420846,0.805988
8/28/18 7:00,2722.612716,2723.417378,0.804662
8/28/18 8:00,2722.616183,2723.419214,0.803031
8/28/18 9:00,2722.615979,2723.419826,0.803847
8/28/18 10:00,2722.615775,2723.421458,0.805683
8/28/18 11:00,2722.61496,2723.419724,0.804764
8/28/18 12:00,2722.617713,2723.420336,0.802623
8/28/18 13:00,2722.614756,2723.419316,0.80456
8/28/18 14:00,2722.612308,2723.414522,0.802214
8/28/18 15:00,2722.614348,2723.417276,0.802928
8/28/18 16:00,2722.610982,2723.415746,0.804764
8/28/18 17:00,2722.614552,2723.414624,0.800072
8/28/18 18:00,2722.610676,2723.409117,0.798441
8/28/18 19:00,2722.607208,2723.405853,0.798645
8/28/18 20:00,2722.599049,2723.399325,0.800276
8/28/18 21:00,2722.600375,2723.398102,0.797727
8/28/18 22:00,2722.597213,2723.396164,0.798951
8/28/18 23:00,2722.598743,2723.396164,0.797421
8/29/18 0:00,2722.596397,2723.395552,0.799155
8/29/18 1:00,2722.601089,2723.400855,0.799766
8/29/18 2:00,2722.600885,2723.402385,0.8015
8/29/18 3:00,2722.603944,2723.405445,0.801501
8/29/18 4:00,2722.60476,2723.407383,0.802623
8/29/18 5:00,2722.605576,2723.407281,0.801705
8/29/18 6:00,2722.605882,2723.407281,0.801399
8/29/18 7:00,2722.60425,2723.405343,0.801093
8/29/18 8:00,2722.604352,2723.404527,0.800175
8/29/18 9:00,2722.605066,2723.406057,0.800991
8/29/18 10:00,2722.60629,2723.408403,0.802113
8/29/18 11:00,2722.605576,2723.408199,0.802623
8/29/18 12:00,2722.606086,2723.407893,0.801807
8/29/18 13:00,2722.604556,2723.409627,0.805071
8/29/18 14:00,2722.604454,2723.407077,0.802623
8/29/18 15:00,2722.605576,2723.407485,0.801909
8/29/18 16:00,2722.6068,2723.407383,0.800583
8/29/18 17:00,2722.605372,2723.408301,0.802929
8/29/18 18:00,2722.605372,2723.411055,0.805683
8/29/18 19:00,2722.602822,2723.410239,0.807417
8/29/18 20:00,2722.605984,2723.410953,0.804969
8/29/18 21:00,2722.602822,2723.409933,0.807111
8/29/18 22:00,2722.603638,2723.409831,0.806193
8/29/18 23:00,2722.601191,2723.408913,0.807722
8/30/18 0:00,2722.604148,2723.413808,0.80966
8/30/18 1:00,2722.602822,2723.4134,0.810578
8/30/18 2:00,2722.602007,2723.410851,0.808844
8/30/18 3:00,2722.602414,2723.41187,0.809456
8/30/18 4:00,2722.599967,2723.414522,0.814555
8/30/18 5:00,2722.605576,2723.42156,0.815984
8/30/18 6:00,2722.608024,2723.422172,0.814148
8/30/18 7:00,2722.607412,2723.422274,0.814862
8/30/18 8:00,2722.6119,2723.423906,0.812006
8/30/18 9:00,2722.612104,2723.424416,0.812312
8/30/18 10:00,2722.614756,2723.428495,0.813739
8/30/18 11:00,2722.618529,2723.429005,0.810476
8/30/18 12:00,2722.622609,2723.427577,0.804968
8/30/18 13:00,2722.616591,2723.428087,0.811496
8/30/18 14:00,2722.61292,2723.430127,0.817207
8/30/18 15:00,2722.615164,2723.427577,0.812413
8/30/18 16:00,2722.615673,2723.429719,0.814046
8/30/18 17:00,2722.615266,2723.429617,0.814351
8/30/18 18:00,2722.616795,2723.429617,0.812822
8/30/18 19:00,2722.614756,2723.427679,0.812923
8/30/18 20:00,2722.60884,2723.422478,0.813638
8/30/18 21:00,2722.608738,2723.420846,0.812108
8/30/18 22:00,2722.60782,2723.42105,0.81323
8/30/18 23:00,2722.607208,2723.425537,0.818329
8/31/18 0:00,2722.613532,2723.432371,0.818839
8/31/18 1:00,2722.614144,2723.431759,0.817615
8/31/18 2:00,2722.612002,2723.432167,0.820165
8/31/18 3:00,2722.612308,2723.432065,0.819757
8/31/18 4:00,2722.613124,2723.434105,0.820981
8/31/18 5:00,2722.615673,2723.437369,0.821696
8/31/18 6:00,2722.616285,2723.438184,0.821899
8/31/18 7:00,2722.618019,2723.43849,0.820471
8/31/18 8:00,2722.617917,2723.439102,0.821185
8/31/18 9:00,2722.618937,2723.44002,0.821083
8/31/18 10:00,2722.619753,2723.441958,0.822205
8/31/18 11:00,2722.624547,2723.443692,0.819145
8/31/18 12:00,2722.623017,2723.44155,0.818533
8/31/18 13:00,2722.623221,2723.44563,0.822409
8/31/18 14:00,2722.616489,2723.437879,0.82139
8/31/18 15:00,2722.619345,2723.436043,0.816698
8/31/18 16:00,2722.616489,2723.437777,0.821288
8/31/18 17:00,2722.61445,2723.435227,0.820777
8/31/18 18:00,2722.61343,2723.437879,0.824449
8/31/18 19:00,2722.614552,2723.437981,0.823429
8/31/18 20:00,2722.61445,2723.437981,0.823531
8/31/18 21:00,2722.61241,2723.433085,0.820675
8/31/18 22:00,2722.607718,2723.425435,0.817717
8/31/18 23:00,2722.603842,2723.420846,0.817004
9/1/18 0:00,2722.597723,2723.414012,0.816289
9/1/18 1:00,2722.593847,2723.413604,0.819757
9/1/18 2:00,2722.592521,2723.41442,0.821899
9/1/18 3:00,2722.590685,2723.413604,0.822919
9/1/18 4:00,2722.591399,2723.41442,0.823021
9/1/18 5:00,2722.587728,2723.411972,0.824244
9/1/18 6:00,2722.586708,2723.411463,0.824755
9/1/18 7:00,2722.587218,2723.411667,0.824449
9/1/18 8:00,2722.58732,2723.41238,0.82506
9/1/18 9:00,2722.589869,2723.416154,0.826285
9/1/18 10:00,2722.591297,2723.415134,0.823837
9/1/18 11:00,2722.596703,2723.4185,0.821797
9/1/18 12:00,2722.595071,2723.419928,0.824857
9/1/18 13:00,2722.591603,2723.420846,0.829243
9/1/18 14:00,2722.595377,2723.419622,0.824245
9/1/18 15:00,2722.594255,2723.416766,0.822511
9/1/18 16:00,2722.594867,2723.417684,0.822817
9/1/18 17:00,2722.590583,2723.417276,0.826693
9/1/18 18:00,2722.590379,2723.415848,0.825469
9/1/18 19:00,2722.589563,2723.41595,0.826387
9/1/18 20:00,2722.589563,2723.4134,0.823837
9/1/18 21:00,2722.586708,2723.411667,0.824959
9/1/18 22:00,2722.585994,2723.406159,0.820165
9/1/18 23:00,2722.586096,2723.403303,0.817207
9/2/18 0:00,2722.585076,2723.406159,0.821083
9/2/18 1:00,2722.585586,2723.408199,0.822613
9/2/18 2:00,2722.58375,2723.408709,0.824959
9/2/18 3:00,2722.584974,2723.410443,0.825469
9/2/18 4:00,2722.58579,2723.409729,0.823939
9/2/18 5:00,2722.584056,2723.410545,0.826489
9/2/18 6:00,2722.583546,2723.409831,0.826285
9/2/18 7:00,2722.58324,2723.408199,0.824959
9/2/18 8:00,2722.583546,2723.409933,0.826387
9/2/18 9:00,2722.580894,2723.409117,0.828223
9/2/18 10:00,2722.584974,2723.41187,0.826896
9/2/18 11:00,2722.586708,2723.415134,0.828426
9/2/18 12:00,2722.588238,2723.414114,0.825876
9/2/18 13:00,2722.584464,2723.413196,0.828732
9/2/18 14:00,2722.589869,2723.42003,0.830161
9/2/18 15:00,2722.584872,2723.416562,0.83169
9/2/18 16:00,2722.586708,2723.42003,0.833322
9/2/18 17:00,2722.589971,2723.424008,0.834037
9/2/18 18:00,2722.590685,2723.4236,0.832915
9/2/18 19:00,2722.592011,2723.423498,0.831487
9/2/18 20:00,2722.593235,2723.425741,0.832506
9/2/18 21:00,2722.592113,2723.423192,0.831079
9/2/18 22:00,2722.590379,2723.417684,0.827305
9/2/18 23:00,2722.587218,2723.418194,0.830976
9/3/18 0:00,2722.58375,2723.41952,0.83577
9/3/18 1:00,2722.589054,2723.42411,0.835056
9/3/18 2:00,2722.592827,2723.425027,0.8322
9/3/18 3:00,2722.591297,2723.425027,0.83373
9/3/18 4:00,2722.594357,2723.424926,0.830569
9/3/18 5:00,2722.592215,2723.424824,0.832609
9/3/18 6:00,2722.591399,2723.424212,0.832813
9/3/18 7:00,2722.592929,2723.426659,0.83373
9/3/18 8:00,2722.595887,2723.427373,0.831486
9/3/18 9:00,2722.598539,2723.430943,0.832404
9/3/18 10:00,2722.598641,2723.431453,0.832812
9/3/18 11:00,2722.600171,2723.430433,0.830262
9/3/18 12:00,2722.603536,2723.434003,0.830467
9/3/18 13:00,2722.605882,2723.434513,0.828631
9/3/18 14:00,2722.603332,2723.434105,0.830773
9/3/18 15:00,2722.602618,2723.435431,0.832813
9/3/18 16:00,2722.603026,2723.434921,0.831895
9/3/18 17:00,2722.60476,2723.436859,0.832099
9/3/18 18:00,2722.603332,2723.434513,0.831181
9/3/18 19:00,2722.600579,2723.431045,0.830466
9/3/18 20:00,2722.595071,2723.428393,0.833322
9/3/18 21:00,2722.592521,2723.427883,0.835362
9/3/18 22:00,2722.589156,2723.423804,0.834648
9/3/18 23:00,2722.587728,2723.425843,0.838115
9/4/18 0:00,2722.588238,2723.426047,0.837809
9/4/18 1:00,2722.58783,2723.423192,0.835362
9/4/18 2:00,2722.587932,2723.426047,0.838115
9/4/18 3:00,2722.592011,2723.431351,0.83934
9/4/18 4:00,2722.601599,2723.436451,0.834852
9/4/18 5:00,2722.605066,2723.439102,0.834036
9/4/18 6:00,2722.605474,2723.439816,0.834342
9/4/18 7:00,2722.602924,2723.438083,0.835159
9/4/18 8:00,2722.606902,2723.44104,0.834138
9/4/18 9:00,2722.60731,2723.441142,0.833832
9/4/18 10:00,2722.607718,2723.44308,0.835362
9/4/18 11:00,2722.611696,2723.443488,0.831792
9/4/18 12:00,2722.610574,2723.446956,0.836382
9/4/18 13:00,2722.60629,2723.442366,0.836076
9/4/18 14:00,2722.609656,2723.442876,0.83322
9/4/18 15:00,2722.610472,2723.44563,0.835158
9/4/18 16:00,2722.613124,2723.447364,0.83424
9/4/18 17:00,2722.611186,2723.444916,0.83373
9/4/18 18:00,2722.614042,2723.44614,0.832098
9/4/18 19:00,2722.609962,2723.44257,0.832608
9/4/18 20:00,2722.606392,2723.441346,0.834954
9/4/18 21:00,2722.600069,2723.435533,0.835464
9/4/18 22:00,2722.596193,2723.433391,0.837198
9/4/18 23:00,2722.594153,2723.431147,0.836994
9/5/18 0:00,2722.593337,2723.434207,0.84087
9/5/18 1:00,2722.598233,2723.438796,0.840563
9/5/18 2:00,2722.602516,2723.439306,0.83679
9/5/18 3:00,2722.604556,2723.441652,0.837096
9/5/18 4:00,2722.606596,2723.44206,0.835464
9/5/18 5:00,2722.604046,2723.43849,0.834444
9/5/18 6:00,2722.602516,2723.440938,0.838422
9/5/18 7:00,2722.602414,2723.440122,0.837708
9/5/18 8:00,2722.603128,2723.44257,0.839442
9/5/18 9:00,2722.60629,2723.4441,0.83781
9/5/18 10:00,2722.610064,2723.45073,0.840666
9/5/18 11:00,2722.617815,2723.452157,0.834342
9/5/18 12:00,2722.616183,2723.452157,0.835974
9/5/18 13:00,2722.620773,2723.455727,0.834954
9/5/18 14:00,2722.622609,2723.455625,0.833016
9/5/18 15:00,2722.625261,2723.461541,0.83628
9/5/18 16:00,2722.627403,2723.467456,0.840053
9/5/18 17:00,2722.634338,2723.469496,0.835158
9/5/18 18:00,2722.634746,2723.471842,0.837096
9/5/18 19:00,2722.63903,2723.475616,0.836586
9/5/18 20:00,2722.6375,2723.47531,0.83781
9/5/18 21:00,2722.641274,2723.479797,0.838523
9/5/18 22:00,2722.648515,2723.485713,0.837198
9/5/18 23:00,2722.649739,2723.489181,0.839442
9/6/18 0:00,2722.651065,2723.488569,0.837504
9/6/18 1:00,2722.652493,2723.489997,0.837504
9/6/18 2:00,2722.653003,2723.489997,0.836994
9/6/18 3:00,2722.653717,2723.490914,0.837197
9/6/18 4:00,2722.654737,2723.492954,0.838217
9/6/18 5:00,2722.654329,2723.495198,0.840869
9/6/18 6:00,2722.656878,2723.496116,0.839238
9/6/18 7:00,2722.653411,2723.492546,0.839135
9/6/18 8:00,2722.658,2723.49734,0.83934
9/6/18 9:00,2722.658816,2723.493566,0.83475
9/6/18 10:00,2722.652289,2723.491526,0.839237
9/6/18 11:00,2722.654533,2723.493974,0.839441
9/6/18 12:00,2722.650147,2723.490303,0.840156
9/6/18 13:00,2722.648515,2723.489385,0.84087
9/6/18 14:00,2722.645353,2723.486733,0.84138
9/6/18 15:00,2722.642905,2723.483877,0.840972
9/6/18 16:00,2722.643619,2723.483163,0.839544
9/6/18 17:00,2722.643007,2723.482551,0.839544
9/6/18 18:00,2722.638622,2723.477655,0.839033
9/6/18 19:00,2722.63393,2723.474086,0.840156
9/6/18 20:00,2722.632604,2723.473168,0.840564
9/6/18 21:00,2722.632196,2723.47174,0.839544
9/6/18 22:00,2722.631482,2723.472964,0.841482
9/6/18 23:00,2722.632706,2723.474392,0.841686
9/7/18 0:00,2722.632298,2723.476126,0.843828
9/7/18 1:00,2722.632808,2723.473576,0.840768
9/7/18 2:00,2722.633114,2723.474188,0.841074
9/7/18 3:00,2722.63036,2723.474902,0.844542
9/7/18 4:00,2722.629748,2723.473168,0.84342
9/7/18 5:00,2722.628321,2723.473066,0.844745
9/7/18 6:00,2722.627097,2723.47174,0.844643
9/7/18 7:00,2722.623731,2723.470108,0.846377
9/7/18 8:00,2722.625159,2723.468476,0.843317
9/7/18 9:00,2722.628015,2723.471944,0.843929
9/7/18 10:00,2722.626689,2723.471026,0.844337
9/7/18 11:00,2722.626179,2723.47174,0.845561
9/7/18 12:00,2722.625261,2723.47072,0.845459
9/7/18 13:00,2722.623935,2723.469088,0.845153
9/7/18 14:00,2722.626485,2723.470516,0.844031
9/7/18 15:00,2722.623629,2723.468476,0.844847
9/7/18 16:00,2722.621793,2723.46664,0.844847
9/7/18 17:00,2722.623527,2723.468272,0.844745
9/7/18 18:00,2722.622405,2723.465416,0.843011
9/7/18 19:00,2722.615775,2723.463173,0.847398
9/7/18 20:00,2722.612206,2723.454809,0.842603
9/7/18 21:00,2722.605474,2723.448894,0.84342
9/7/18 22:00,2722.602007,2723.447262,0.845255
9/7/18 23:00,2722.600987,2723.448894,0.847907
9/8/18 0:00,2722.601905,2723.451749,0.849844
9/8/18 1:00,2722.603944,2723.453687,0.849743
9/8/18 2:00,2722.605066,2723.454503,0.849437
9/8/18 3:00,2722.603434,2723.452463,0.849029
9/8/18 4:00,2722.604658,2723.452667,0.848009
9/8/18 5:00,2722.605882,2723.453585,0.847703
9/8/18 6:00,2722.601497,2723.453789,0.852292
9/8/18 7:00,2722.602313,2723.451443,0.84913
9/8/18 8:00,2722.602414,2723.45124,0.848826
9/8/18 9:00,2722.604454,2723.451749,0.847295
9/8/18 10:00,2722.606494,2723.452361,0.845867
9/8/18 11:00,2722.605474,2723.454707,0.849233
9/8/18 12:00,2722.60425,2723.453789,0.849539
9/8/18 13:00,2722.604964,2723.452259,0.847295
9/8/18 14:00,2722.602516,2723.452973,0.850457
9/8/18 15:00,2722.601905,2723.453075,0.85117
9/8/18 16:00,2722.599865,2723.450424,0.850559
9/8/18 17:00,2722.603638,2723.453585,0.849947
9/8/18 18:00,2722.602109,2723.452463,0.850354
9/8/18 19:00,2722.600477,2723.449098,0.848621
9/8/18 20:00,2722.598335,2723.447874,0.849539
9/8/18 21:00,2722.599253,2723.450016,0.850763
9/8/18 22:00,2722.597213,2723.451341,0.854128
9/8/18 23:00,2722.602211,2723.452361,0.85015
9/9/18 0:00,2722.599457,2723.450832,0.851375
9/9/18 1:00,2722.599151,2723.454197,0.855046
9/9/18 2:00,2722.600171,2723.454503,0.854332
9/9/18 3:00,2722.601293,2723.455625,0.854332
9/9/18 4:00,2722.600477,2723.455217,0.85474
9/9/18 5:00,2722.602007,2723.457665,0.855658
9/9/18 6:00,2722.601701,2723.457665,0.855964
9/9/18 7:00,2722.600783,2723.457971,0.857188
9/9/18 8:00,2722.600987,2723.459297,0.85831
9/9/18 9:00,2722.602211,2723.456849,0.854638
9/9/18 10:00,2722.601293,2723.456849,0.855556
9/9/18 11:00,2722.602822,2723.456747,0.853925
9/9/18 12:00,2722.602414,2723.457155,0.854741
9/9/18 13:00,2722.602211,2723.460419,0.858208
9/9/18 14:00,2722.601599,2723.461439,0.85984
9/9/18 15:00,2722.598947,2723.459909,0.860962
9/9/18 16:00,2722.599559,2723.461745,0.862186
9/9/18 17:00,2722.602516,2723.464193,0.861677
9/9/18 18:00,2722.60272,2723.462459,0.859739
9/9/18 19:00,2722.599661,2723.459909,0.860248
9/9/18 20:00,2722.598335,2723.458583,0.860248
9/9/18 21:00,2722.596295,2723.457257,0.860962
9/9/18 22:00,2722.597621,2723.461031,0.86341
9/9/18 23:00,2722.600783,2723.463683,0.8629
9/10/18 0:00,2722.600171,2723.463275,0.863104
9/10/18 1:00,2722.602313,2723.464397,0.862084
9/10/18 2:00,2722.600783,2723.464804,0.864021
9/10/18 3:00,2722.602211,2723.4646,0.862389
9/10/18 4:00,2722.598845,2723.462255,0.86341
9/10/18 5:00,2722.598335,2723.463581,0.865246
9/10/18 6:00,2722.598335,2723.462153,0.863818
9/10/18 7:00,2722.596601,2723.457869,0.861268
9/10/18 8:00,2722.599151,2723.461133,0.861982
9/10/18 9:00,2722.596499,2723.461541,0.865042
9/10/18 10:00,2722.597519,2723.462867,0.865348
9/10/18 11:00,2722.597111,2723.461541,0.86443
9/10/18 12:00,2722.598845,2723.461337,0.862492
9/10/18 13:00,2722.598335,2723.461541,0.863206
9/10/18 14:00,2722.597417,2723.461337,0.86392
9/10/18 15:00,2722.597519,2723.460419,0.8629
9/10/18 16:00,2722.594969,2723.459297,0.864328
9/10/18 17:00,2722.599763,2723.463989,0.864226
9/10/18 18:00,2722.597621,2723.461133,0.863512
9/10/18 19:00,2722.592317,2723.454299,0.861982
9/10/18 20:00,2722.588748,2723.451341,0.862593
9/10/18 21:00,2722.5863,2723.447466,0.861166
9/10/18 22:00,2722.5812,2723.44257,0.86137
9/10/18 23:00,2722.579976,2723.44308,0.863104
9/11/18 0:00,2722.579466,2723.445834,0.866368
9/11/18 1:00,2722.58018,2723.453585,0.873405
9/11/18 2:00,2722.587116,2723.461541,0.874425
9/11/18 3:00,2722.590379,2723.460827,0.870448
9/11/18 4:00,2722.597111,2723.462867,0.865756
9/11/18 5:00,2722.594561,2723.462969,0.868408
9/11/18 6:00,2722.595377,2723.46562,0.870243
9/11/18 7:00,2722.595683,2723.466742,0.871059
9/11/18 8:00,2722.597417,2723.467966,0.870549
9/11/18 9:00,2722.600069,2723.468578,0.868509
9/11/18 10:00,2722.602924,2723.471842,0.868918
9/11/18 11:00,2722.603638,2723.470924,0.867286
9/11/18 12:00,2722.602822,2723.473576,0.870754
9/11/18 13:00,2722.603944,2723.473066,0.869122
9/11/18 14:00,2722.599967,2723.473372,0.873405
9/11/18 15:00,2722.599049,2723.471944,0.872895
9/11/18 16:00,2722.599967,2723.471944,0.871977
9/11/18 17:00,2722.601803,2723.473372,0.871569
9/11/18 18:00,2722.598845,2723.470924,0.872079
9/11/18 19:00,2722.595887,2723.467354,0.871467
9/11/18 20:00,2722.589359,2723.463581,0.874222
9/11/18 21:00,2722.591501,2723.462867,0.871366
9/11/18 22:00,2722.587116,2723.463479,0.876363
9/11/18 23:00,2722.585382,2723.463479,0.878097
9/12/18 0:00,2722.587728,2723.46919,0.881462
9/12/18 1:00,2722.594663,2723.474188,0.879525
9/12/18 2:00,2722.597621,2723.474902,0.877281
9/12/18 3:00,2722.599355,2723.479491,0.880136
9/12/18 4:00,2722.604556,2723.481021,0.876465
9/12/18 5:00,2722.604454,2723.480919,0.876465
9/12/18 6:00,2722.606596,2723.482449,0.875853
9/12/18 7:00,2722.604862,2723.481531,0.876669
9/12/18 8:00,2722.606902,2723.483979,0.877077
9/12/18 9:00,2722.608228,2723.486121,0.877893
9/12/18 10:00,2722.610472,2723.487447,0.876975
9/12/18 11:00,2722.609758,2723.483571,0.873813
9/12/18 12:00,2722.602007,2723.475616,0.873609
9/12/18 13:00,2722.595479,2723.467966,0.872487
9/12/18 14:00,2722.587218,2723.462153,0.874935
9/12/18 15:00,2722.580282,2723.460419,0.880137
9/12/18 16:00,2722.578956,2723.457767,0.878811
9/12/18 17:00,2722.57661,2723.456135,0.879525
9/12/18 18:00,2722.576814,2723.457767,0.880953
9/12/18 19:00,2722.573857,2723.454605,0.880748
9/12/18 20:00,2722.569675,2723.453993,0.884318
9/12/18 21:00,2722.567737,2723.449302,0.881565
9/12/18 22:00,2722.564677,2723.447262,0.882585
9/12/18 23:00,2722.563453,2723.44512,0.881667
9/13/18 0:00,2722.562842,2723.447262,0.88442
9/13/18 1:00,2722.562638,2723.450628,0.88799
9/13/18 2:00,2722.562943,2723.450016,0.887073
9/13/18 3:00,2722.56019,2723.451851,0.891661
9/13/18 4:00,2722.562434,2723.451647,0.889213
9/13/18 5:00,2722.561006,2723.452565,0.891559
9/13/18 6:00,2722.561006,2723.451443,0.890437
9/13/18 7:00,2722.56172,2723.450118,0.888398
9/13/18 8:00,2722.564881,2723.453279,0.888398
9/13/18 9:00,2722.566615,2723.455421,0.888806
9/13/18 10:00,2722.567533,2723.458379,0.890846
9/13/18 11:00,2722.569777,2723.459807,0.89003
9/13/18 12:00,2722.568859,2723.456747,0.887888
9/13/18 13:00,2722.570287,2723.457767,0.88748
9/13/18 14:00,2722.566003,2723.457257,0.891254
9/13/18 15:00,2722.564473,2723.451953,0.88748
9/13/18 16:00,2722.563453,2723.452871,0.889418
9/13/18 17:00,2722.563861,2723.455319,0.891458
9/13/18 18:00,2722.561108,2723.452157,0.891049
9/13/18 19:00,2722.557946,2723.449404,0.891458
9/13/18 20:00,2722.559578,2723.448894,0.889316
9/13/18 21:00,2722.555702,2723.448282,0.89258
9/13/18 22:00,2722.555498,2723.4441,0.888602
9/13/18 23:00,2722.553662,2723.439918,0.886256
9/14/18 0:00,2722.55356,2723.439204,0.885644
9/14/18 1:00,2722.552744,2723.435941,0.883197
9/14/18 2:00,2722.551316,2723.436757,0.885441
9/14/18 3:00,2722.551418,2723.439204,0.887786
9/14/18 4:00,2722.553866,2723.442876,0.88901
9/14/18 5:00,2722.55305,2723.444916,0.891866
9/14/18 6:00,2722.553968,2723.445834,0.891866
9/14/18 7:00,2722.554886,2723.44512,0.890234
9/14/18 8:00,2722.561006,2723.450118,0.889112
9/14/18 9:00,2722.563555,2723.455217,0.891662
9/14/18 10:00,2722.565391,2723.458583,0.893192
9/14/18 11:00,2722.569471,2723.462969,0.893498
9/14/18 12:00,2722.569267,2723.462357,0.89309
9/14/18 13:00,2722.570899,2723.465824,0.894925
9/14/18 14:00,2722.575285,2723.465824,0.890539
9/14/18 15:00,2722.571307,2723.465722,0.894415
9/14/18 16:00,2722.572837,2723.46715,0.894313
9/14/18 17:00,2722.571103,2723.46715,0.896047
9/14/18 18:00,2722.569471,2723.466538,0.897067
9/14/18 19:00,2722.566615,2723.465008,0.898393
9/14/18 20:00,2722.561108,2723.457767,0.896659
9/14/18 21:00,2722.559884,2723.455217,0.895333
9/14/18 22:00,2722.556518,2723.449098,0.89258
9/14/18 23:00,2722.554478,2723.446242,0.891764
9/15/18 0:00,2722.556314,2723.448792,0.892478
9/15/18 1:00,2722.555702,2723.457155,0.901453
9/15/18 2:00,2722.562842,2723.465824,0.902982
9/15/18 3:00,2722.567635,2723.47276,0.905125
9/15/18 4:00,2722.573347,2723.476432,0.903085
9/15/18 5:00,2722.577426,2723.477146,0.89972
9/15/18 6:00,2722.580894,2723.479491,0.898597
9/15/18 7:00,2722.580078,2723.477655,0.897577
9/15/18 8:00,2722.583852,2723.480409,0.896557
9/15/18 9:00,2722.586606,2723.483265,0.896659
9/15/18 10:00,2722.588034,2723.483673,0.895639
9/15/18 11:00,2722.587728,2723.483571,0.895843
9/15/18 12:00,2722.589665,2723.483571,0.893906
9/15/18 13:00,2722.589359,2723.483775,0.894416
9/15/18 14:00,2722.587116,2723.483061,0.895945
9/15/18 15:00,2722.590379,2723.485917,0.895538
9/15/18 16:00,2722.587116,2723.482755,0.895639
9/15/18 17:00,2722.586606,2723.484795,0.898189
9/15/18 18:00,2722.587014,2723.486019,0.899005
9/15/18 19:00,2722.579058,2723.479491,0.900433
9/15/18 20:00,2722.571205,2723.471944,0.900739
9/15/18 21:00,2722.561924,2723.463683,0.901759
9/15/18 22:00,2722.561312,2723.459501,0.898189
9/15/18 23:00,2722.557334,2723.452973,0.895639
9/16/18 0:00,2722.55509,2723.447466,0.892376
9/16/18 1:00,2722.55305,2723.446242,0.893192
9/16/18 2:00,2722.555192,2723.445936,0.890744
9/16/18 3:00,2722.55458,2723.447874,0.893294
9/16/18 4:00,2722.553764,2723.44869,0.894926
9/16/18 5:00,2722.55509,2723.456849,0.901759
9/16/18 6:00,2722.558762,2723.465314,0.906552
9/16/18 7:00,2722.562842,2723.468374,0.905532
9/16/18 8:00,2722.570185,2723.47378,0.903595
9/16/18 9:00,2722.575489,2723.478471,0.902982
9/16/18 10:00,2722.577018,2723.477248,0.90023
9/16/18 11:00,2722.576712,2723.476534,0.899822
9/16/18 12:00,2722.577426,2723.476738,0.899312
9/16/18 13:00,2722.576202,2723.479389,0.903187
9/16/18 14:00,2722.57916,2723.482857,0.903697
9/16/18 15:00,2722.581302,2723.479899,0.898597
9/16/18 16:00,2722.581404,2723.479389,0.897985
9/16/18 17:00,2722.580078,2723.483673,0.903595
9/16/18 18:00,2722.578344,2723.484591,0.906247
9/16/18 19:00,2722.581404,2723.484387,0.902983
9/16/18 20:00,2722.576406,2723.481021,0.904615
9/16/18 21:00,2722.572837,2723.479083,0.906246
9/16/18 22:00,2722.569165,2723.476636,0.907471
9/16/18 23:00,2722.566513,2723.475514,0.909001
9/17/18 0:00,2722.565595,2723.479695,0.9141
9/17/18 1:00,2722.573755,2723.491016,0.917261
9/17/18 2:00,2722.586198,2723.501114,0.914916
9/17/18 3:00,2722.596805,2723.503256,0.906451
9/17/18 4:00,2722.600171,2723.502542,0.902371
9/17/18 5:00,2722.60833,2723.508253,0.899923
9/17/18 6:00,2722.612104,2723.512639,0.900535
9/17/18 7:00,2722.615368,2723.511313,0.895945
9/17/18 8:00,2722.620467,2723.516821,0.896354
9/17/18 9:00,2722.621895,2723.516209,0.894314
9/17/18 10:00,2722.618325,2723.512741,0.894416
9/17/18 11:00,2722.616591,2723.512843,0.896252
9/17/18 12:00,2722.61445,2723.511925,0.897475
9/17/18 13:00,2722.617203,2723.513863,0.89666
9/17/18 14:00,2722.616591,2723.512129,0.895538
9/17/18 15:00,2722.61496,2723.510089,0.895129
9/17/18 16:00,2722.614756,2723.512129,0.897373
9/17/18 17:00,2722.616795,2723.514475,0.89768
9/17/18 18:00,2722.616897,2723.514577,0.89768
9/17/18 19:00,2722.611492,2723.512639,0.901147
9/17/18 20:00,2722.60884,2723.508559,0.899719
9/17/18 21:00,2722.605372,2723.508151,0.902779
9/17/18 22:00,2722.60476,2723.507335,0.902575
9/17/18 23:00,2722.603434,2723.507335,0.903901
9/18/18 0:00,2722.604862,2723.510395,0.905533
9/18/18 1:00,2722.607106,2723.512129,0.905023
9/18/18 2:00,2722.612308,2723.516617,0.904309
9/18/18 3:00,2722.615775,2723.519778,0.904003
9/18/18 4:00,2722.61343,2723.516515,0.903085
9/18/18 5:00,2722.614144,2723.51784,0.903696
9/18/18 6:00,2722.615775,2723.518452,0.902677
9/18/18 7:00,2722.61496,2723.516719,0.901759
9/18/18 8:00,2722.619447,2723.520696,0.901249
9/18/18 9:00,2722.619345,2723.521104,0.901759
9/18/18 10:00,2722.619651,2723.520594,0.900943
9/18/18 11:00,2722.625261,2723.522022,0.896761
9/18/18 12:00,2722.617101,2723.521206,0.904105
9/18/18 13:00,2722.61547,2723.52039,0.90492
9/18/18 14:00,2722.619039,2723.521512,0.902473
9/18/18 15:00,2722.619855,2723.519676,0.899821
9/18/18 16:00,2722.616591,2723.521716,0.905125
9/18/18 17:00,2722.618427,2723.521818,0.903391
9/18/18 18:00,2722.619345,2723.522532,0.903187
9/18/18 19:00,2722.61496,2723.522022,0.907062
9/18/18 20:00,2722.61394,2723.519268,0.905328
9/18/18 21:00,2722.610166,2723.518656,0.90849
9/18/18 22:00,2722.611186,2723.519778,0.908592
9/18/18 23:00,2722.605372,2723.515393,0.910021
9/19/18 0:00,2722.610778,2723.520492,0.909714
9/19/18 1:00,2722.61241,2723.52192,0.90951
9/19/18 2:00,2722.616897,2723.526,0.909103
9/19/18 3:00,2722.618427,2723.526102,0.907675
9/19/18 4:00,2722.621487,2723.528754,0.907267
9/19/18 5:00,2722.621385,2723.530182,0.908797
9/19/18 6:00,2722.619447,2723.528958,0.909511
9/19/18 7:00,2722.617917,2723.526204,0.908287
9/19/18 8:00,2722.618631,2723.526612,0.907981
9/19/18 9:00,2722.623425,2723.529468,0.906043
9/19/18 10:00,2722.622711,2723.528856,0.906145
9/19/18 11:00,2722.623731,2723.531405,0.907674
9/19/18 12:00,2722.623119,2723.532731,0.909612
9/19/18 13:00,2722.621997,2723.532629,0.910632
9/19/18 14:00,2722.625771,2723.535995,0.910224
9/19/18 15:00,2722.627097,2723.538239,0.911142
9/19/18 16:00,2722.635052,2723.54446,0.909408
9/19/18 17:00,2722.637806,2723.547622,0.909816
9/19/18 18:00,2722.638826,2723.544256,0.90543
9/19/18 19:00,2722.63852,2723.546806,0.908286
9/19/18 20:00,2722.640254,2723.548438,0.908184
9/19/18 21:00,2722.646169,2723.553844,0.907675
9/19/18 22:00,2722.648515,2723.557719,0.909204
9/19/18 23:00,2722.652187,2723.559249,0.907062
9/20/18 0:00,2722.655552,2723.561595,0.906043
9/20/18 1:00,2722.655144,2723.561493,0.906349
9/20/18 2:00,2722.658,2723.565369,0.907369
9/20/18 3:00,2722.660652,2723.571284,0.910632
9/20/18 4:00,2722.663814,2723.57363,0.909816
9/20/18 5:00,2722.663508,2723.57567,0.912162
9/20/18 6:00,2722.667384,2723.579342,0.911958
9/20/18 7:00,2722.668301,2723.580668,0.912367
9/20/18 8:00,2722.671973,2723.580872,0.908899
9/20/18 9:00,2722.670137,2723.581484,0.911347
9/20/18 10:00,2722.674421,2723.58281,0.908389
9/20/18 11:00,2722.674625,2723.586481,0.911856
9/20/18 12:00,2722.674319,2723.583931,0.909612
9/20/18 13:00,2722.672993,2723.581892,0.908899
9/20/18 14:00,2722.671769,2723.58179,0.910021
9/20/18 15:00,2722.665752,2723.575874,0.910122
9/20/18 16:00,2722.66667,2723.5772,0.91053
9/20/18 17:00,2722.666466,2723.577404,0.910938
9/20/18 18:00,2722.664222,2723.572202,0.90798
9/20/18 19:00,2722.660448,2723.573222,0.912774
9/20/18 20:00,2722.656266,2723.57006,0.913794
9/20/18 21:00,2722.657694,2723.569551,0.911857
9/20/18 22:00,2722.657592,2723.569958,0.912366
9/20/18 23:00,2722.657082,2723.571488,0.914406
9/21/18 0:00,2722.655654,2723.569449,0.913795
9/21/18 1:00,2722.65545,2723.57006,0.91461
9/21/18 2:00,2722.655246,2723.567919,0.912673
9/21/18 3:00,2722.654533,2723.570162,0.915629
9/21/18 4:00,2722.653105,2723.567307,0.914202
9/21/18 5:00,2722.653819,2723.569449,0.91563
9/21/18 6:00,2722.651575,2723.568021,0.916446
9/21/18 7:00,2722.649331,2723.565777,0.916446
9/21/18 8:00,2722.651473,2723.57057,0.919097
9/21/18 9:00,2722.652493,2723.568837,0.916344
9/21/18 10:00,2722.653003,2723.57006,0.917057
9/21/18 11:00,2722.654227,2723.571794,0.917567
9/21/18 12:00,2722.654329,2723.57261,0.918281
9/21/18 13:00,2722.652901,2723.571182,0.918281
9/21/18 14:00,2722.654431,2723.571284,0.916853
9/21/18 15:00,2722.648923,2723.568021,0.919098
9/21/18 16:00,2722.653819,2723.572712,0.918893
9/21/18 17:00,2722.657184,2723.57414,0.916956
9/21/18 18:00,2722.654533,2723.57261,0.918077
9/21/18 19:00,2722.650657,2723.571998,0.921341
9/21/18 20:00,2722.647597,2723.569551,0.921954
9/21/18 21:00,2722.643415,2723.565063,0.921648
9/21/18 22:00,2722.644945,2723.568225,0.92328
9/21/18 23:00,2722.645863,2723.569143,0.92328
9/22/18 0:00,2722.647393,2723.571386,0.923993
9/22/18 1:00,2722.647291,2723.572406,0.925115
9/22/18 2:00,2722.648617,2723.571794,0.923177
9/22/18 3:00,2722.649229,2723.572304,0.923075
9/22/18 4:00,2722.646577,2723.571692,0.925115
9/22/18 5:00,2722.645965,2723.570774,0.924809
9/22/18 6:00,2722.645659,2723.569551,0.923892
9/22/18 7:00,2722.643823,2723.568837,0.925014
9/22/18 8:00,2722.642905,2723.570264,0.927359
9/22/18 9:00,2722.646577,2723.572202,0.925625
9/22/18 10:00,2722.648821,2723.57516,0.926339
9/22/18 11:00,2722.648719,2723.57312,0.924401
9/22/18 12:00,2722.647087,2723.573426,0.926339
9/22/18 13:00,2722.646169,2723.569856,0.923687
9/22/18 14:00,2722.645557,2723.57108,0.925523
9/22/18 15:00,2722.646883,2723.572202,0.925319
9/22/18 16:00,2722.647699,2723.57312,0.925421
9/22/18 17:00,2722.650351,2723.574446,0.924095
9/22/18 18:00,2722.648719,2723.575364,0.926645
9/22/18 19:00,2722.645251,2723.572304,0.927053
9/22/18 20:00,2722.642395,2723.571182,0.928787
9/22/18 21:00,2722.641376,2723.571182,0.929806
9/22/18 22:00,2722.639438,2723.570366,0.930928
9/22/18 23:00,2722.637092,2723.567103,0.930011
9/23/18 0:00,2722.638112,2723.572916,0.934804
9/23/18 1:00,2722.643211,2723.575568,0.932357
9/23/18 2:00,2722.639948,2723.57261,0.932662
9/23/18 3:00,2722.642803,2723.57414,0.931337
9/23/18 4:00,2722.642497,2723.572814,0.930317
9/23/18 5:00,2722.642191,2723.574548,0.932357
9/23/18 6:00,2722.641274,2723.572508,0.931234
9/23/18 7:00,2722.639948,2723.572202,0.932254
9/23/18 8:00,2722.641376,2723.57363,0.932254
9/23/18 9:00,2722.645047,2723.575364,0.930317
9/23/18 10:00,2722.646067,2723.577404,0.931337
9/23/18 11:00,2722.647597,2723.57873,0.931133
9/23/18 12:00,2722.643823,2723.57873,0.934907
9/23/18 13:00,2722.643619,2723.579546,0.935927
9/23/18 14:00,2722.644843,2723.577506,0.932663
9/23/18 15:00,2722.644741,2723.57924,0.934499
9/23/18 16:00,2722.644435,2723.577404,0.932969
9/23/18 17:00,2722.648719,2723.57924,0.930521
9/23/18 18:00,2722.646169,2723.579954,0.933785
9/23/18 19:00,2722.643823,2723.576894,0.933071
9/23/18 20:00,2722.640152,2723.574752,0.9346
9/23/18 21:00,2722.636888,2723.572508,0.93562
9/23/18 22:00,2722.639948,2723.576384,0.936436
9/23/18 23:00,2722.643007,2723.577608,0.934601
9/24/18 0:00,2722.641987,2723.578322,0.936335
9/24/18 1:00,2722.644945,2723.580056,0.935111
9/24/18 2:00,2722.643313,2723.579138,0.935825
9/24/18 3:00,2722.642701,2723.57924,0.936539
9/24/18 4:00,2722.644333,2723.578016,0.933683
9/24/18 5:00,2722.644129,2723.577608,0.933479
9/24/18 6:00,2722.645149,2723.579342,0.934193
9/24/18 7:00,2722.644435,2723.576996,0.932561
9/24/18 8:00,2722.644027,2723.576588,0.932561
9/24/18 9:00,2722.643415,2723.577098,0.933683
9/24/18 10:00,2722.644537,2723.580056,0.935519
9/24/18 11:00,2722.644231,2723.57975,0.935519
9/24/18 12:00,2722.649025,2723.583931,0.934906
9/24/18 13:00,2722.647087,2723.582504,0.935417
9/24/18 14:00,2722.646577,2723.584033,0.937456
9/24/18 15:00,2722.648311,2723.581892,0.933581
9/24/18 16:00,2722.650249,2723.586991,0.936742
9/24/18 17:00,2722.648413,2723.586685,0.938272
9/24/18 18:00,2722.648311,2723.585053,0.936742
9/24/18 19:00,2722.645557,2723.586481,0.940924
9/24/18 20:00,2722.648005,2723.583523,0.935518
9/24/18 21:00,2722.645863,2723.583013,0.93715
9/24/18 22:00,2722.645557,2723.584033,0.938476
9/24/18 23:00,2722.646169,2723.585053,0.938884
9/25/18 0:00,2722.649127,2723.587807,0.93868
9/25/18 1:00,2722.648923,2723.589031,0.940108
9/25/18 2:00,2722.647597,2723.587501,0.939904
9/25/18 3:00,2722.647189,2723.588827,0.941638
9/25/18 4:00,2722.648719,2723.588011,0.939292
9/25/18 5:00,2722.648617,2723.588521,0.939904
9/25/18 6:00,2722.647291,2723.586787,0.939496
9/25/18 7:00,2722.646883,2723.588317,0.941434
9/25/18 8:00,2722.649739,2723.588623,0.938884
9/25/18 9:00,2722.647903,2723.588929,0.941026
9/25/18 10:00,2722.650555,2723.592091,0.941536
9/25/18 11:00,2722.651881,2723.593927,0.942046
9/25/18 12:00,2722.650351,2723.591581,0.94123
9/25/18 13:00,2722.649841,2723.591989,0.942148
9/25/18 14:00,2722.647495,2723.591989,0.944494
9/25/18 15:00,2722.649739,2723.591683,0.941944
9/25/18 16:00,2722.648311,2723.591581,0.94327
9/25/18 17:00,2722.651473,2723.595049,0.943576
9/25/18 18:00,2722.647189,2723.591071,0.943882
9/25/18 19:00,2722.643007,2723.585155,0.942148
9/25/18 20:00,2722.641172,2723.583013,0.941841
9/25/18 21:00,2722.639642,2723.584135,0.944493
9/25/18 22:00,2722.639132,2723.581382,0.94225
9/25/18 23:00,2722.639642,2723.585053,0.945411
9/26/18 0:00,2722.641376,2723.585257,0.943881
9/26/18 1:00,2722.642701,2723.586685,0.943984
9/26/18 2:00,2722.641682,2723.585563,0.943881
9/26/18 3:00,2722.642293,2723.584033,0.94174
9/26/18 4:00,2722.640152,2723.586073,0.945921
9/26/18 5:00,2722.643109,2723.586889,0.94378
9/26/18 6:00,2722.642293,2723.585155,0.942862
9/26/18 7:00,2722.637602,2723.58179,0.944188
9/26/18 8:00,2722.644129,2723.586175,0.942046
9/26/18 9:00,2722.645455,2723.590357,0.944902
9/26/18 10:00,2722.649433,2723.592907,0.943474
9/26/18 11:00,2722.645251,2723.592805,0.947554
9/26/18 12:00,2722.645251,2723.592397,0.947146
9/26/18 13:00,2722.644027,2723.590867,0.94684
9/26/18 14:00,2722.646067,2723.591479,0.945412
9/26/18 15:00,2722.646475,2723.590969,0.944494
9/26/18 16:00,2722.648617,2723.593927,0.94531
9/26/18 17:00,2722.650147,2723.595661,0.945514
9/26/18 18:00,2722.651881,2723.595049,0.943168
9/26/18 19:00,2722.647087,2723.592295,0.945208
9/26/18 20:00,2722.647699,2723.593825,0.946126
9/26/18 21:00,2722.644843,2723.591785,0.946942
9/26/18 22:00,2722.644129,2723.593417,0.949288
9/26/18 23:00,2722.644027,2723.592295,0.948268
9/27/18 0:00,2722.644843,2723.591377,0.946534
9/27/18 1:00,2722.642293,2723.590561,0.948268
9/27/18 2:00,2722.643211,2723.590459,0.947248
9/27/18 3:00,2722.643823,2723.590357,0.946534
9/27/18 4:00,2722.643007,2723.590357,0.94735
9/27/18 5:00,2722.642803,2723.590663,0.94786
9/27/18 6:00,2722.641885,2723.590153,0.948268
9/27/18 7:00,2722.643823,2723.589439,0.945616
9/27/18 8:00,2722.647189,2723.593927,0.946738
9/27/18 9:00,2722.651371,2723.596578,0.945207
9/27/18 10:00,2722.650759,2723.59719,0.946431
9/27/18 11:00,2722.650657,2723.597802,0.947145
9/27/18 12:00,2722.652187,2723.597394,0.945207
9/27/18 13:00,2722.648923,2723.598312,0.949389
9/27/18 14:00,2722.649127,2723.597598,0.948471
9/27/18 15:00,2722.648311,2723.596069,0.947758
9/27/18 16:00,2722.651677,2723.596782,0.945105
9/27/18 17:00,2722.649229,2723.596272,0.947043
9/27/18 18:00,2722.645965,2723.594845,0.94888
9/27/18 19:00,2722.645761,2723.592397,0.946636
9/27/18 20:00,2722.642701,2723.587909,0.945208
9/27/18 21:00,2722.63801,2723.587501,0.949491
9/27/18 22:00,2722.638928,2723.589337,0.950409
9/27/18 23:00,2722.64107,2723.593009,0.951939
9/28/18 0:00,2722.646271,2723.595865,0.949594
9/28/18 1:00,2722.646883,2723.599026,0.952143
9/28/18 2:00,2722.644741,2723.59719,0.952449
9/28/18 3:00,2722.645761,2723.595049,0.949288
9/28/18 4:00,2722.644129,2723.595865,0.951736
9/28/18 5:00,2722.644843,2723.594845,0.950002
9/28/18 6:00,2722.643721,2723.596374,0.952653
9/28/18 7:00,2722.644843,2723.59668,0.951837
9/28/18 8:00,2722.649229,2723.600454,0.951225
9/28/18 9:00,2722.650147,2723.601372,0.951225
9/28/18 10:00,2722.652289,2723.60331,0.951021
9/28/18 11:00,2722.650861,2723.6028,0.951939
9/28/18 12:00,2722.648311,2723.60382,0.955509
9/28/18 13:00,2722.652085,2723.607288,0.955203
9/28/18 14:00,2722.651371,2723.608002,0.956631
9/28/18 15:00,2722.652697,2723.607696,0.954999
9/28/18 16:00,2722.654125,2723.605146,0.951021
9/28/18 17:00,2722.655144,2723.607798,0.952654
9/28/18 18:00,2722.654635,2723.607798,0.953163
9/28/18 19:00,2722.654941,2723.607594,0.952653
9/28/18 20:00,2722.651065,2723.603514,0.952449
9/28/18 21:00,2722.648821,2723.602188,0.953367
9/28/18 22:00,2722.649841,2723.603718,0.953877
9/28/18 23:00,2722.652289,2723.606676,0.954387
9/29/18 0:00,2722.649943,2723.605146,0.955203
9/29/18 1:00,2722.648617,2723.605044,0.956427
9/29/18 2:00,2722.646985,2723.603616,0.956631
9/29/18 3:00,2722.648515,2723.604228,0.955713
9/29/18 4:00,2722.648209,2723.603004,0.954795
9/29/18 5:00,2722.644741,2723.600352,0.955611
9/29/18 6:00,2722.643415,2723.600046,0.956631
9/29/18 7:00,2722.644231,2723.598414,0.954183
9/29/18 8:00,2722.644945,2723.599638,0.954693
9/29/18 9:00,2722.646577,2723.600964,0.954387
9/29/18 10:00,2722.645047,2723.60127,0.956223
9/29/18 11:00,2722.646781,2723.6028,0.956019
9/29/18 12:00,2722.645353,2723.603412,0.958059
9/29/18 13:00,2722.644537,2723.602698,0.958161
9/29/18 14:00,2722.647903,2723.602902,0.954999
9/29/18 15:00,2722.644435,2723.602392,0.957957
9/29/18 16:00,2722.647291,2723.606166,0.958875
9/29/18 17:00,2722.649025,2723.606166,0.957141
9/29/18 18:00,2722.648821,2723.609022,0.960201
9/29/18 19:00,2722.648005,2723.607696,0.959691
9/29/18 20:00,2722.648107,2723.605044,0.956937
9/29/18 21:00,2722.644435,2723.60178,0.957345
9/29/18 22:00,2722.641987,2723.600556,0.958569
9/29/18 23:00,2722.644639,2723.603718,0.959079
9/30/18 0:00,2722.644741,2723.604228,0.959487
9/30/18 1:00,2722.646271,2723.606064,0.959793
9/30/18 2:00,2722.646475,2723.606064,0.959589
9/30/18 3:00,2722.645353,2723.604432,0.959079
9/30/18 4:00,2722.645047,2723.603616,0.958569
9/30/18 5:00,2722.646577,2723.603106,0.956529
9/30/18 6:00,2722.643313,2723.601882,0.958569
9/30/18 7:00,2722.643721,2723.601678,0.957957
9/30/18 8:00,2722.644537,2723.603718,0.959181
9/30/18 9:00,2722.647087,2723.606472,0.959385
9/30/18 10:00,2722.650759,2723.609429,0.95867
9/30/18 11:00,2722.647087,2723.606574,0.959487
9/30/18 12:00,2722.652187,2723.607492,0.955305
9/30/18 13:00,2722.646883,2723.60892,0.962037
9/30/18 14:00,2722.645659,2723.608002,0.962343
9/30/18 15:00,2722.648107,2723.60739,0.959283
9/30/18 16:00,2722.647801,2723.609226,0.961425
9/30/18 17:00,2722.646679,2723.608716,0.962037
9/30/18 18:00,2722.648617,2723.609735,0.961118
9/30/18 19:00,2722.646883,2723.608818,0.961935
9/30/18 20:00,2722.621079,2723.607288,0.986209
9/30/18 21:00,2722.620671,2723.609327,0.988656
9/30/18 22:00,2722.616999,2723.603616,0.986617
9/30/18 23:00,2722.61241,2723.599332,0.986922
10/1/18 0:00,2722.613838,2723.602494,0.988656
10/1/18 1:00,2722.615368,2723.603004,0.987636
10/1/18 2:00,2722.619141,2723.605146,0.986005
10/1/18 3:00,2722.619753,2723.60739,0.987637
10/1/18 4:00,2722.621283,2723.6079,0.986617
10/1/18 5:00,2722.621691,2723.609022,0.987331
10/1/18 6:00,2722.624139,2723.609735,0.985596
10/1/18 7:00,2722.619855,2723.607594,0.987739
10/1/18 8:00,2722.621487,2723.607696,0.986209
10/1/18 9:00,2722.619753,2723.60688,0.987127
10/1/18 10:00,2722.621895,2723.609124,0.987229
10/1/18 11:00,2722.621997,2723.609226,0.987229
10/1/18 12:00,2722.624853,2723.612489,0.987636
10/1/18 13:00,2722.649025,2723.637069,0.988044
10/1/18 14:00,2722.645149,2723.623402,0.978253
10/1/18 15:00,2722.631992,2723.615957,0.983965
10/1/18 16:00,2722.633114,2723.615957,0.982843
10/1/18 17:00,2722.632196,2723.615447,0.983251
10/1/18 18:00,2722.633828,2723.618201,0.984373
10/1/18 19:00,2722.634236,2723.619323,0.985087
10/1/18 20:00,2722.630564,2723.617793,0.987229
10/1/18 21:00,2722.630156,2723.617793,0.987637
10/1/18 22:00,2722.631584,2723.618099,0.986515
10/1/18 23:00,2722.634338,2723.619425,0.985087
10/2/18 0:00,2722.636174,2723.619731,0.983557
10/2/18 1:00,2722.633828,2723.618201,0.984373
10/2/18 2:00,2722.635664,2723.620241,0.984577
10/2/18 3:00,2722.633624,2723.618711,0.985087
10/2/18 4:00,2722.631686,2723.616671,0.984985
10/2/18 5:00,2722.631074,2723.617181,0.986107
10/2/18 6:00,2722.6324,2723.616467,0.984067
10/2/18 7:00,2722.632502,2723.617181,0.984679
10/2/18 8:00,2722.633114,2723.618201,0.985087
10/2/18 9:00,2722.637602,2723.622892,0.98529
10/2/18 10:00,2722.640254,2723.626666,0.986412
10/2/18 11:00,2722.640458,2723.627584,0.987126
10/2/18 12:00,2722.640968,2723.625034,0.984066
10/2/18 13:00,2722.644231,2723.623504,0.979273
10/2/18 14:00,2722.645863,2723.625442,0.979579
10/2/18 15:00,2722.646883,2723.626972,0.980089
10/2/18 16:00,2722.652595,2723.631358,0.978763
10/2/18 17:00,2722.653921,2723.631664,0.977743
10/2/18 18:00,2722.660856,2723.634826,0.97397
10/2/18 19:00,2722.664834,2723.639211,0.974377
10/2/18 20:00,2722.6682,2723.640333,0.972133
10/2/18 21:00,2722.671565,2723.645637,0.974072
10/2/18 22:00,2722.683906,2723.652164,0.968258
10/2/18 23:00,2722.705529,2723.658488,0.952959
10/3/18 0:00,2722.712056,2723.654204,0.942148
10/3/18 1:00,2722.7194,2723.65145,0.93205
10/3/18 2:00,2722.722051,2723.647677,0.925626
10/3/18 3:00,2722.7194,2723.643495,0.924095
10/3/18 4:00,2722.715116,2723.640537,0.925421
10/3/18 5:00,2722.71532,2723.641353,0.926033
10/3/18 6:00,2722.712464,2723.639415,0.926951
10/3/18 7:00,2722.711546,2723.637069,0.925523
10/3/18 8:00,2722.71124,2723.637171,0.925931
10/3/18 9:00,2722.712158,2723.640333,0.928175
10/3/18 10:00,2722.717462,2723.641149,0.923687
10/3/18 11:00,2722.888095,2723.535485,0.64739
10/3/18 12:00,2722.756933,2723.205744,0.448811
10/3/18 13:00,2722.777841,2723.226857,0.449016
10/3/18 14:00,2722.780085,2723.229814,0.449729
10/3/18 15:00,2722.79824,2723.254598,0.456358
10/3/18 16:00,2722.826185,2723.281524,0.455339
10/3/18 17:00,2722.836283,2723.287644,0.451361
10/3/18 18:00,2722.837507,2723.28387,0.446363
10/3/18 19:00,2722.831795,2723.275303,0.443508
10/3/18 20:00,2722.820576,2723.260004,0.439428
10/3/18 21:00,2722.811091,2723.246133,0.435042
10/3/18 22:00,2722.801401,2723.234404,0.433003
10/3/18 23:00,2722.789774,2723.221247,0.431473
10/4/18 0:00,2722.782227,2723.212374,0.430147
10/4/18 1:00,2722.776617,2723.20452,0.427903
10/4/18 2:00,2722.7706,2723.195749,0.425149
10/4/18 3:00,2722.764582,2723.186978,0.422396
10/4/18 4:00,2722.758055,2723.181368,0.423313
10/4/18 5:00,2722.754485,2723.176472,0.421987
10/4/18 6:00,2722.751935,2723.170353,0.418418
10/4/18 7:00,2722.745204,2723.162193,0.416989
10/4/18 8:00,2722.741736,2723.159338,0.417602
10/4/18 9:00,2722.739594,2723.15383,0.414236
10/4/18 10:00,2722.739084,2723.153932,0.414848
10/4/18 11:00,2722.736636,2723.15383,0.417194
10/4/18 12:00,2722.737146,2723.154646,0.4175
10/4/18 13:00,2722.729395,2723.143325,0.41393
10/4/18 14:00,2722.729191,2723.141183,0.411992
10/4/18 15:00,2722.728579,2723.140571,0.411992
10/4/18 16:00,2722.725519,2723.137409,0.41189
10/4/18 17:00,2722.726335,2723.139653,0.413318
10/4/18 18:00,2722.726131,2723.13282,0.406689
10/4/18 19:00,2722.723989,2723.132004,0.408015
10/4/18 20:00,2722.720114,2723.128128,0.408014
10/4/18 21:00,2722.718788,2723.125884,0.407096
10/4/18 22:00,2722.714708,2723.123028,0.40832
10/4/18 23:00,2722.714096,2723.122213,0.408117
10/5/18 0:00,2722.713586,2723.121397,0.407811
10/5/18 1:00,2722.711648,2723.121907,0.410259
10/5/18 2:00,2722.71124,2723.119153,0.407913
10/5/18 3:00,2722.710322,2723.116909,0.406587
10/5/18 4:00,2722.709914,2723.116297,0.406383
10/5/18 5:00,2722.708792,2723.115175,0.406383
10/5/18 6:00,2722.704815,2723.115277,0.410462
10/5/18 7:00,2722.706243,2723.112931,0.406688
10/5/18 8:00,2722.704815,2723.109769,0.404954
10/5/18 9:00,2722.704917,2723.105588,0.400671
10/5/18 10:00,2722.702673,2723.105486,0.402813
10/5/18 11:00,2722.701347,2723.105792,0.404445
10/5/18 12:00,2722.698797,2723.10416,0.405363
10/5/18 13:00,2722.698491,2723.101916,0.403425
10/5/18 16:00,2722.694615,2723.099468,0.404853
10/5/18 17:00,2722.693392,2723.098652,0.40526
10/5/18 18:00,2722.693902,2723.095899,0.401997
10/5/18 19:00,2722.691658,2723.095593,0.403935
10/5/18 20:00,2722.692066,2723.096,0.403934
10/5/18 21:00,2722.694615,2723.097632,0.403017
10/5/18 22:00,2722.6887,2723.094369,0.405669
10/5/18 23:00,2722.690128,2723.093553,0.403425
10/6/18 0:00,2722.688292,2723.091513,0.403221
10/6/18 1:00,2722.687884,2723.091105,0.403221
10/6/18 2:00,2722.68921,2723.090799,0.401589
10/6/18 3:00,2722.686048,2723.089881,0.403833
10/6/18 4:00,2722.68717,2723.088759,0.401589
10/6/18 5:00,2722.687272,2723.091513,0.404241
10/6/18 6:00,2722.687068,2723.090595,0.403527
10/6/18 7:00,2722.686762,2723.088351,0.401589
10/6/18 8:00,2722.682478,2723.087433,0.404955
10/6/18 9:00,2722.68513,2723.087841,0.402711
10/6/18 10:00,2722.685436,2723.088147,0.402711
10/6/18 11:00,2722.687068,2723.086617,0.399549
10/6/18 12:00,2722.684416,2723.084781,0.400365
10/6/18 13:00,2722.683498,2723.083863,0.400365
10/6/18 14:00,2722.682274,2723.082436,0.400162
10/6/18 15:00,2722.681051,2723.082538,0.401487
10/6/18 16:00,2722.680745,2723.082843,0.402098
10/6/18 17:00,2722.680949,2723.079682,0.398733
10/6/18 18:00,2722.678909,2723.081008,0.402099
10/6/18 19:00,2722.679113,2723.07958,0.400467
10/6/18 20:00,2722.678093,2723.077846,0.399753
10/6/18 21:00,2722.676155,2723.077336,0.401181
10/6/18 22:00,2722.677583,2723.077846,0.400263
10/6/18 23:00,2722.676665,2723.076214,0.399549
10/7/18 0:00,2722.676767,2723.075398,0.398631
10/7/18 1:00,2722.673809,2723.074378,0.400569
10/7/18 2:00,2722.674625,2723.074072,0.399447
10/7/18 3:00,2722.673095,2723.075092,0.401997
10/7/18 4:00,2722.672585,2723.072338,0.399753
10/7/18 5:00,2722.674217,2723.072644,0.398427
10/7/18 6:00,2722.673095,2723.072338,0.399243
10/7/18 7:00,2722.673299,2723.070808,0.397509
10/7/18 8:00,2722.671259,2723.069075,0.397816
10/7/18 9:00,2722.679725,2723.074582,0.394857
10/7/18 10:00,2722.677073,2723.070808,0.393735
10/7/18 11:00,2722.676665,2723.071726,0.395061
10/7/18 12:00,2722.677685,2723.072848,0.395163
10/7/18 13:00,2722.674727,2723.071012,0.396285
10/7/18 14:00,2722.675951,2723.06989,0.393939
10/7/18 15:00,2722.677379,2723.06989,0.392511
10/7/18 16:00,2722.675441,2723.071726,0.396285
10/7/18 17:00,2722.674217,2723.068871,0.394654
10/7/18 18:00,2722.671361,2723.067545,0.396184
10/7/18 19:00,2722.670953,2723.064995,0.394042
10/7/18 20:00,2722.671259,2723.064995,0.393736
10/7/18 21:00,2722.670749,2723.066525,0.395776
10/7/18 22:00,2722.671463,2723.066525,0.395062
10/7/18 23:00,2722.669627,2723.067137,0.39751
10/8/18 0:00,2722.668913,2723.065607,0.396694
10/8/18 1:00,2722.673095,2723.068463,0.395368
10/8/18 2:00,2722.668607,2723.066525,0.397918
10/8/18 3:00,2722.669933,2723.066525,0.396592
10/8/18 4:00,2722.667588,2723.064893,0.397305
10/8/18 5:00,2722.665956,2723.064179,0.398223
10/8/18 6:00,2722.666058,2723.064383,0.398325
10/8/18 7:00,2722.668505,2723.065199,0.396694
10/8/18 8:00,2722.666772,2723.063873,0.397101
10/8/18 9:00,2722.668301,2723.064791,0.39649
10/8/18 10:00,2722.671259,2723.066831,0.395572
10/8/18 11:00,2722.668913,2723.068055,0.399142
10/8/18 12:00,2722.667894,2723.067749,0.399855
10/8/18 13:00,2722.667996,2723.068055,0.400059
10/8/18 14:00,2722.667894,2723.064383,0.396489
10/8/18 15:00,2722.667078,2723.068565,0.401487
10/8/18 16:00,2722.668301,2723.068055,0.399754
10/8/18 17:00,2722.6682,2723.064893,0.396693
10/8/18 18:00,2722.667996,2723.065709,0.397713
10/8/18 19:00,2722.667486,2723.065709,0.398223
10/8/18 20:00,2722.66769,2723.063771,0.396081
10/8/18 21:00,2722.667588,2723.064995,0.397407
10/8/18 22:00,2722.666874,2723.065505,0.398631
10/8/18 23:00,2722.666874,2723.063363,0.396489
10/9/18 0:00,2722.664732,2723.061731,0.396999
10/9/18 1:00,2722.6631,2723.061833,0.398733
10/9/18 2:00,2722.664732,2723.060609,0.395877
10/9/18 3:00,2722.664426,2723.059997,0.395571
10/9/18 4:00,2722.66361,2723.059079,0.395469
10/9/18 5:00,2722.661672,2723.058365,0.396693
10/9/18 6:00,2722.665344,2723.059079,0.393735
10/9/18 7:00,2722.664222,2723.057447,0.393225
10/9/18 8:00,2722.661672,2723.055714,0.394042
10/9/18 9:00,2722.664936,2723.058569,0.393633
10/9/18 10:00,2722.66412,2723.058875,0.394755
10/9/18 11:00,2722.664324,2723.058365,0.394041
10/9/18 12:00,2722.663202,2723.058059,0.394857
10/9/18 13:00,2722.66616,2723.061323,0.395163
10/9/18 14:00,2722.667078,2723.063465,0.396387
10/9/18 15:00,2722.665344,2723.060915,0.395571
10/9/18 16:00,2722.66616,2723.060507,0.394347
10/9/18 17:00,2722.665752,2723.061527,0.395775
10/9/18 18:00,2722.662998,2723.061119,0.398121
10/9/18 19:00,2722.6631,2723.058773,0.395673
10/9/18 20:00,2722.661264,2723.054898,0.393634
10/9/18 21:00,2722.661366,2723.058671,0.397305
10/9/18 22:00,2722.665242,2723.061323,0.396081
10/9/18 23:00,2722.66514,2723.061017,0.395877
10/10/18 0:00,2722.662692,2723.058365,0.395673
10/10/18 1:00,2722.659734,2723.055,0.395266
10/10/18 2:00,2722.65953,2723.05602,0.39649
10/10/18 3:00,2722.659938,2723.057957,0.398019
10/10/18 4:00,2722.659734,2723.056122,0.396388
10/10/18 5:00,2722.661366,2723.056326,0.39496
10/10/18 6:00,2722.662386,2723.060303,0.397917
10/10/18 7:00,2722.666058,2723.063465,0.397407
10/10/18 8:00,2722.669219,2723.068565,0.399346
10/10/18 9:00,2722.670341,2723.073052,0.402711
10/10/18 10:00,2722.668913,2723.069585,0.400672
10/10/18 11:00,2722.672789,2723.072746,0.399957
10/10/18 12:00,2722.671259,2723.07244,0.401181
10/10/18 13:00,2722.674217,2723.07448,0.400263
10/10/18 14:00,2722.671361,2723.070706,0.399345
10/10/18 15:00,2722.671769,2723.0704,0.398631
10/10/18 16:00,2722.673095,2723.07448,0.401385
10/10/18 17:00,2722.674217,2723.076418,0.402201
10/10/18 18:00,2722.673605,2723.07193,0.398325
10/10/18 19:00,2722.672075,2723.069992,0.397917
10/10/18 20:00,2722.668301,2723.065301,0.397
10/10/18 21:00,2722.665752,2723.062751,0.396999
10/10/18 22:00,2722.666976,2723.064689,0.397713
10/10/18 23:00,2722.66463,2723.062547,0.397917
10/11/18 0:00,2722.664018,2723.060507,0.396489
10/11/18 1:00,2722.663508,2723.059895,0.396387
10/11/18 2:00,2722.663712,2723.058977,0.395265
10/11/18 3:00,2722.665548,2723.062649,0.397101
10/11/18 4:00,2722.667486,2723.064791,0.397305
10/11/18 5:00,2722.666874,2723.066219,0.399345
10/11/18 6:00,2722.666466,2723.065199,0.398733
10/11/18 7:00,2722.6682,2723.065199,0.396999
10/11/18 8:00,2722.668709,2723.067239,0.39853
10/11/18 9:00,2722.670953,2723.067851,0.396898
10/11/18 10:00,2722.672483,2723.071522,0.399039
10/11/18 11:00,2722.673911,2723.074276,0.400365
10/11/18 12:00,2722.676053,2723.077744,0.401691
10/11/18 13:00,2722.674625,2723.076724,0.402099
10/11/18 14:00,2722.677889,2723.079274,0.401385
10/11/18 15:00,2722.678705,2723.080702,0.401997
10/11/18 16:00,2722.677583,2723.07958,0.401997
10/11/18 17:00,2722.679317,2723.080804,0.401487
10/11/18 18:00,2722.679317,2723.081008,0.401691
10/11/18 19:00,2722.678501,2723.080192,0.401691
10/11/18 20:00,2722.675339,2723.078662,0.403323
10/11/18 21:00,2722.677889,2723.079172,0.401283
10/11/18 22:00,2722.676461,2723.077744,0.401283
10/11/18 23:00,2722.675645,2723.07754,0.401895
10/12/18 0:00,2722.672993,2723.07295,0.399957
10/12/18 1:00,2722.675543,2723.076622,0.401079
10/12/18 2:00,2722.672381,2723.07142,0.399039
10/12/18 3:00,2722.668505,2723.069381,0.400876
10/12/18 4:00,2722.671463,2723.071318,0.399855
10/12/18 5:00,2722.670035,2723.0704,0.400365
10/12/18 6:00,2722.668709,2723.069075,0.400366
10/12/18 7:00,2722.670647,2723.06989,0.399243
10/12/18 8:00,2722.670953,2723.069381,0.398428
10/12/18 9:00,2722.670443,2723.070094,0.399651
10/12/18 10:00,2722.669627,2723.066219,0.396592
10/12/18 11:00,2722.669627,2723.067341,0.397714
10/12/18 12:00,2722.670953,2723.069788,0.398835
10/12/18 13:00,2722.671259,2723.068871,0.397612
10/12/18 14:00,2722.669831,2723.068157,0.398326
10/12/18 15:00,2722.673197,2723.072236,0.399039
10/12/18 16:00,2722.672891,2723.073358,0.400467
10/12/18 17:00,2722.671973,2723.070298,0.398325
10/12/18 18:00,2722.670851,2723.070604,0.399753
10/12/18 19:00,2722.671667,2723.072644,0.400977
10/12/18 20:00,2722.671973,2723.070502,0.398529
10/12/18 21:00,2722.668301,2723.070196,0.401895
10/12/18 22:00,2722.66718,2723.067749,0.400569
10/12/18 23:00,2722.66616,2723.068361,0.402201
10/13/18 0:00,2722.665854,2723.063567,0.397713
10/13/18 1:00,2722.664528,2723.063669,0.399141
10/13/18 2:00,2722.66361,2723.062445,0.398835
10/13/18 3:00,2722.663814,2723.062037,0.398223
10/13/18 4:00,2722.661672,2723.059691,0.398019
10/13/18 5:00,2722.659326,2723.058773,0.399447
10/13/18 6:00,2722.660652,2723.056427,0.395775
10/13/18 7:00,2722.66004,2723.05602,0.39598
10/13/18 8:00,2722.663814,2723.059793,0.395979
10/13/18 9:00,2722.665242,2723.060813,0.395571
10/13/18 10:00,2722.663814,2723.054796,0.390982
10/13/18 11:00,2722.654533,2723.045718,0.391185
10/13/18 12:00,2722.654737,2723.046228,0.391491
10/13/18 13:00,2722.657898,2723.050002,0.392104
10/13/18 14:00,2722.665344,2723.062751,0.397407
10/13/18 15:00,2722.669015,2723.066729,0.397714
10/13/18 16:00,2722.666466,2723.061425,0.394959
10/13/18 17:00,2722.667894,2723.066423,0.398529
10/13/18 18:00,2722.679011,2723.084985,0.405974
10/13/18 19:00,2722.673911,2723.076214,0.402303
10/13/18 20:00,2722.673401,2723.075398,0.401997
10/13/18 21:00,2722.671565,2723.073052,0.401487
10/13/18 22:00,2722.673095,2723.072542,0.399447
10/13/18 23:00,2722.675033,2723.076724,0.401691
10/14/18 0:00,2722.674523,2723.079682,0.405159
10/14/18 1:00,2722.674217,2723.07805,0.403833
10/14/18 2:00,2722.674727,2723.077744,0.403017
10/14/18 3:00,2722.674115,2723.077642,0.403527
10/14/18 4:00,2722.673911,2723.076928,0.403017
10/14/18 5:00,2722.674217,2723.077132,0.402915
10/14/18 6:00,2722.676767,2723.077642,0.400875
10/14/18 7:00,2722.673707,2723.07448,0.400773
10/14/18 8:00,2722.674523,2723.073664,0.399141
10/14/18 9:00,2722.673095,2723.074174,0.401079
10/14/18 10:00,2722.673911,2723.074276,0.400365
10/14/18 11:00,2722.671667,2723.072236,0.400569
10/14/18 12:00,2722.672177,2723.073664,0.401487
10/14/18 13:00,2722.670137,2723.069075,0.398938
10/14/18 14:00,2722.669117,2723.071114,0.401997
10/14/18 15:00,2722.669525,2723.070502,0.400977
10/14/18 16:00,2722.671769,2723.070298,0.398529
10/14/18 17:00,2722.670341,2723.068463,0.398122
10/14/18 18:00,2722.66769,2723.068055,0.400365
10/14/18 19:00,2722.670953,2723.070196,0.399243
10/14/18 20:00,2722.665956,2723.065607,0.399651
10/14/18 21:00,2722.666262,2723.064383,0.398121
10/14/18 22:00,2722.665038,2723.063975,0.398937
10/14/18 23:00,2722.664018,2723.060915,0.396897
10/15/18 0:00,2722.662896,2723.059079,0.396183
10/15/18 1:00,2722.659632,2723.055102,0.39547
10/15/18 2:00,2722.656062,2723.05245,0.396388
10/15/18 3:00,2722.657796,2723.052552,0.394756
10/15/18 4:00,2722.654329,2723.049492,0.395163
10/15/18 5:00,2722.651371,2723.046432,0.395061
10/15/18 6:00,2722.649025,2723.041435,0.39241
10/15/18 7:00,2722.633522,2723.018588,0.385066
10/15/18 8:00,2722.625669,2723.000434,0.374765
10/15/18 9:00,2722.622405,2722.994008,0.371603
10/15/18 10:00,2722.618325,2722.987583,0.369258
10/15/18 11:00,2722.616591,2722.987685,0.371094
10/15/18 12:00,2722.628932,2723.009103,0.380171
10/15/18 13:00,2722.65953,2723.063363,0.403833
10/15/18 14:00,2722.665446,2723.061935,0.396489
10/15/18 15:00,2722.662794,2723.057243,0.394449
10/15/18 16:00,2722.656368,2723.046738,0.39037
10/15/18 17:00,2722.647699,2723.036029,0.38833
10/15/18 18:00,2722.660856,2723.067239,0.406383
10/15/18 19:00,2722.669831,2723.0704,0.400569
10/15/18 20:00,2722.663406,2723.062853,0.399447
10/15/18 21:00,2722.659836,2723.058365,0.398529
10/15/18 22:00,2722.660244,2723.059793,0.399549
10/15/18 23:00,2722.660142,2723.058977,0.398835
10/16/18 0:00,2722.656062,2723.05245,0.396388
10/16/18 1:00,2722.658102,2723.056122,0.39802
10/16/18 2:00,2722.648311,2723.039089,0.390778
10/16/18 3:00,2722.634134,2723.017568,0.383434
10/16/18 4:00,2722.621589,2722.997782,0.376193
10/16/18 5:00,2722.612818,2722.983707,0.370889
10/16/18 6:00,2722.597417,2722.957495,0.360078
10/16/18 7:00,2722.583546,2722.93985,0.356304
10/16/18 8:00,2722.577936,2722.931997,0.354061
10/16/18 9:00,2722.597213,2722.969224,0.372011
10/16/18 10:00,2722.615368,2722.992376,0.377008
10/16/18 11:00,2722.654839,2723.059793,0.404954
10/16/18 12:00,2722.66616,2723.059997,0.393837
10/16/18 13:00,2722.671769,2723.077744,0.405975
10/16/18 14:00,2722.672687,2723.073052,0.400365
10/16/18 15:00,2722.667078,2723.070094,0.403016
10/16/18 16:00,2722.670953,2723.070298,0.399345
10/16/18 17:00,2722.678297,2723.093451,0.415154
10/16/18 18:00,2722.693086,2723.10518,0.412094
10/16/18 19:00,2722.683498,2723.090595,0.407097
10/16/18 20:00,2722.675441,2723.082232,0.406791
10/16/18 21:00,2722.675951,2723.078866,0.402915
10/16/18 22:00,2722.674625,2723.074582,0.399957
10/16/18 23:00,2722.672483,2723.073664,0.401181
10/17/18 0:00,2722.669627,2723.0704,0.400773
10/17/18 1:00,2722.667792,2723.066831,0.399039
10/17/18 2:00,2722.665242,2723.065097,0.399855
10/17/18 3:00,2722.66208,2723.058161,0.396081
10/17/18 4:00,2722.654023,2723.045004,0.390981
10/17/18 5:00,2722.645149,2723.033683,0.388534
10/17/18 6:00,2722.639132,2723.02124,0.382108
10/17/18 7:00,2722.629952,2723.004207,0.374255
10/17/18 8:00,2722.621589,2722.991152,0.369563
10/17/18 9:00,2722.618121,2722.984421,0.3663
10/17/18 10:00,2722.613634,2722.978505,0.364871
10/17/18 11:00,2722.621793,2722.998802,0.377009
10/17/18 12:00,2722.647699,2723.039905,0.392206
10/17/18 13:00,2722.698491,2723.112727,0.414236
10/17/18 14:00,2722.686252,2723.089677,0.403425
10/17/18 15:00,2722.678705,2723.07907,0.400365
10/17/18 16:00,2722.681764,2723.084577,0.402813
10/17/18 17:00,2722.68717,2723.093961,0.406791
10/17/18 18:00,2722.684518,2723.088045,0.403527
10/17/18 19:00,2722.674115,2723.076214,0.402099
10/17/18 20:00,2722.670239,2723.067851,0.397612
10/17/18 21:00,2722.666466,2723.064791,0.398325
10/17/18 22:00,2722.663304,2723.058671,0.395367
10/17/18 23:00,2722.661366,2723.056835,0.395469
10/18/18 0:00,2722.662182,2723.057447,0.395265
10/18/18 1:00,2722.66004,2723.057753,0.397713
10/18/18 2:00,2722.660652,2723.057651,0.396999
10/18/18 3:00,2722.65749,2723.054898,0.397408
10/18/18 4:00,2722.659428,2723.053878,0.39445
10/18/18 5:00,2722.657286,2723.053062,0.395776
10/18/18 6:00,2722.65698,2723.051838,0.394858
10/18/18 7:00,2722.65698,2723.050512,0.393532
10/18/18 8:00,2722.65851,2723.053266,0.394756
10/18/18 9:00,2722.658306,2723.052654,0.394348
10/18/18 10:00,2722.659632,2723.053062,0.39343
10/18/18 11:00,2722.65851,2723.052858,0.394348
10/18/18 12:00,2722.65953,2723.053266,0.393736
10/18/18 13:00,2722.659122,2723.051328,0.392206
10/18/18 14:00,2722.657388,2723.052348,0.39496
10/18/18 15:00,2722.659734,2723.054796,0.395062
10/18/18 16:00,2722.657592,2723.052042,0.39445
10/18/18 17:00,2722.65749,2723.050104,0.392614
10/18/18 18:00,2722.655144,2723.047962,0.392818
10/18/18 19:00,2722.657286,2723.052144,0.394858
10/18/18 20:00,2722.657796,2723.051124,0.393328
10/18/18 21:00,2722.655756,2723.052042,0.396286
10/18/18 22:00,2722.65647,2723.049594,0.393124
10/18/18 23:00,2722.655858,2723.049798,0.39394
10/19/18 0:00,2722.655552,2723.04837,0.392818
10/19/18 1:00,2722.654533,2723.048472,0.393939
10/19/18 2:00,2722.652697,2723.047758,0.395061
10/19/18 3:00,2722.652391,2723.047758,0.395367
10/19/18 4:00,2722.655552,2723.049696,0.394144
10/19/18 5:00,2722.653513,2723.047248,0.393735
10/19/18 6:00,2722.654533,2723.047044,0.392511
10/19/18 7:00,2722.650861,2723.046228,0.395367
10/19/18 8:00,2722.652901,2723.04684,0.393939
10/19/18 9:00,2722.656776,2723.048778,0.392002
10/19/18 10:00,2722.656368,2723.05092,0.394552
10/19/18 11:00,2722.657286,2723.051328,0.394042
10/19/18 12:00,2722.656674,2723.052144,0.39547
10/19/18 13:00,2722.658,2723.052042,0.394042
10/19/18 14:00,2722.65647,2723.051838,0.395368
10/19/18 15:00,2722.659224,2723.053062,0.393838
10/19/18 16:00,2722.656674,2723.053368,0.396694
10/19/18 17:00,2722.657694,2723.052654,0.39496
10/19/18 18:00,2722.655246,2723.049696,0.39445
10/19/18 19:00,2722.653309,2723.046432,0.393123
10/19/18 20:00,2722.652391,2723.046534,0.394143
10/19/18 21:00,2722.650861,2723.045106,0.394245
10/19/18 22:00,2722.649943,2723.046126,0.396183
10/19/18 23:00,2722.649637,2723.044902,0.395265
10/20/18 0:00,2722.650147,2723.045616,0.395469
10/20/18 1:00,2722.651677,2723.04786,0.396183
10/20/18 2:00,2722.651881,2723.045514,0.393633
10/20/18 3:00,2722.650453,2723.04837,0.397917
10/20/18 4:00,2722.651269,2723.04939,0.398121
10/20/18 5:00,2722.652187,2723.049288,0.397101
10/20/18 6:00,2722.652289,2723.048166,0.395877
10/20/18 7:00,2722.649331,2723.04531,0.395979
10/20/18 8:00,2722.654533,2723.048064,0.393531
10/20/18 9:00,2722.655756,2723.053164,0.397408
10/20/18 10:00,2722.656164,2723.050614,0.39445
10/20/18 11:00,2722.657592,2723.052858,0.395266
10/20/18 12:00,2722.660142,2723.056427,0.396285
10/20/18 13:00,2722.659632,2723.054286,0.394654
10/20/18 14:00,2722.659836,2723.05602,0.396184
10/20/18 15:00,2722.658714,2723.056529,0.397815
10/20/18 16:00,2722.659938,2723.056733,0.396795
10/20/18 17:00,2722.656674,2723.053776,0.397102
10/20/18 18:00,2722.655654,2723.05092,0.395266
10/20/18 19:00,2722.651065,2723.04837,0.397305
10/20/18 20:00,2722.648311,2723.046126,0.397815
10/20/18 21:00,2722.649433,2723.045514,0.396081
10/20/18 22:00,2722.647393,2723.041945,0.394552
10/20/18 23:00,2722.649433,2723.044086,0.394653
10/21/18 0:00,2722.650147,2723.04837,0.398223
10/21/18 1:00,2722.651371,2723.047554,0.396183
10/21/18 2:00,2722.650759,2723.04735,0.396591
10/21/18 3:00,2722.651575,2723.04684,0.395265
10/21/18 4:00,2722.649637,2723.04633,0.396693
10/21/18 5:00,2722.650963,2723.04582,0.394857
10/21/18 6:00,2722.649535,2723.046228,0.396693
10/21/18 7:00,2722.648617,2723.04378,0.395163
10/21/18 8:00,2722.652493,2723.045514,0.393021
10/21/18 9:00,2722.655246,2723.049798,0.394552
10/21/18 10:00,2722.657184,2723.052654,0.39547
10/21/18 11:00,2722.65851,2723.052858,0.394348
10/21/18 12:00,2722.657796,2723.053878,0.396082
10/21/18 13:00,2722.65545,2723.05143,0.39598
10/21/18 14:00,2722.656368,2723.05245,0.396082
10/21/18 15:00,2722.655246,2723.04837,0.393124
10/21/18 16:00,2722.65596,2723.051124,0.395164
10/21/18 17:00,2722.656062,2723.050614,0.394552
10/21/18 18:00,2722.654125,2723.048472,0.394347
10/21/18 19:00,2722.653105,2723.04633,0.393225
10/21/18 20:00,2722.650861,2723.04582,0.394959
10/21/18 21:00,2722.650249,2723.045922,0.395673
10/21/18 22:00,2722.649841,2723.044902,0.395061
10/21/18 23:00,2722.651983,2723.046126,0.394143
10/22/18 0:00,2722.649229,2723.045208,0.395979
10/22/18 1:00,2722.651269,2723.045208,0.393939
10/22/18 2:00,2722.651065,2723.047248,0.396183
10/22/18 3:00,2722.651983,2723.04735,0.395367
10/22/18 4:00,2722.650861,2723.047452,0.396591
10/22/18 5:00,2722.653207,2723.048166,0.394959
10/22/18 6:00,2722.652697,2723.046636,0.393939
10/22/18 7:00,2722.652187,2723.047146,0.394959
10/22/18 8:00,2722.651983,2723.046738,0.394755
10/22/18 9:00,2722.656164,2723.050002,0.393838
10/22/18 10:00,2722.65545,2723.051022,0.395572
10/22/18 11:00,2722.658714,2723.053164,0.39445
10/22/18 12:00,2722.659938,2723.053062,0.393124
10/22/18 13:00,2722.657388,2723.053266,0.395878
10/22/18 14:00,2722.66361,2723.056427,0.392817
10/22/18 15:00,2722.660142,2723.057243,0.397101
10/22/18 16:00,2722.659632,2723.052654,0.393022
10/22/18 17:00,2722.661366,2723.055306,0.39394
10/22/18 18:00,2722.655144,2723.046942,0.391798
10/22/18 19:00,2722.651269,2723.042659,0.39139
10/22/18 20:00,2722.655348,2723.048676,0.393328
10/22/18 21:00,2722.655654,2723.048676,0.393022
10/22/18 22:00,2722.65596,2723.047758,0.391798
10/22/18 23:00,2722.656674,2723.048166,0.391492
10/23/18 0:00,2722.66259,2723.05551,0.39292
10/23/18 1:00,2722.6631,2723.057651,0.394551
10/23/18 2:00,2722.66361,2723.060099,0.396489
10/23/18 3:00,2722.665242,2723.061629,0.396387
10/23/18 4:00,2722.66463,2723.061629,0.396999
10/23/18 5:00,2722.662692,2723.062649,0.399957
10/23/18 6:00,2722.665344,2723.063261,0.397917
10/23/18 7:00,2722.66514,2723.062955,0.397815
10/23/18 8:00,2722.6631,2723.060813,0.397713
10/23/18 9:00,2722.666874,2723.065301,0.398427
10/23/18 10:00,2722.666058,2723.065607,0.399549
10/23/18 11:00,2722.66718,2723.064995,0.397815
10/23/18 12:00,2722.664834,2723.064587,0.399753
10/23/18 13:00,2722.665548,2723.064689,0.399141
10/23/18 14:00,2722.665956,2723.064689,0.398733
10/23/18 15:00,2722.665956,2723.063669,0.397713
10/23/18 16:00,2722.670035,2723.064995,0.39496
10/23/18 17:00,2722.66616,2723.064179,0.398019
10/23/18 18:00,2722.66361,2723.061017,0.397407
10/23/18 19:00,2722.658306,2723.052858,0.394552
10/23/18 20:00,2722.658612,2723.05347,0.394858
10/23/18 21:00,2722.661162,2723.060405,0.399243
10/23/18 22:00,2722.663916,2723.059793,0.395877
10/23/18 23:00,2722.662794,2723.063873,0.401079
10/24/18 0:00,2722.662692,2723.065097,0.402405
10/24/18 1:00,2722.666364,2723.067035,0.400671
10/24/18 2:00,2722.669117,2723.06989,0.400773
10/24/18 3:00,2722.670239,2723.072542,0.402303
10/24/18 4:00,2722.672177,2723.073562,0.401385
10/24/18 5:00,2722.672891,2723.073358,0.400467
10/24/18 6:00,2722.671769,2723.076826,0.405057
10/24/18 7:00,2722.673605,2723.075092,0.401487
10/24/18 8:00,2722.671157,2723.074174,0.403017
10/24/18 9:00,2722.669831,2723.074072,0.404241
10/24/18 10:00,2722.671259,2723.073052,0.401793
10/24/18 11:00,2722.670749,2723.075296,0.404547
10/24/18 12:00,2722.670035,2723.073562,0.403527
10/24/18 13:00,2722.670137,2723.07448,0.404343
10/24/18 14:00,2722.669525,2723.069992,0.400467
10/24/18 15:00,2722.665854,2723.064995,0.399141
10/24/18 16:00,2722.667078,2723.070094,0.403016
10/24/18 17:00,2722.668709,2723.070808,0.402099
10/24/18 18:00,2722.665752,2723.068055,0.402303
10/24/18 19:00,2722.666466,2723.064893,0.398427
10/24/18 20:00,2722.663508,2723.066321,0.402813
10/24/18 21:00,2722.663406,2723.063975,0.400569
10/24/18 22:00,2722.66157,2723.062649,0.401079
10/24/18 23:00,2722.661162,2723.061119,0.399957
10/25/18 0:00,2722.663814,2723.064179,0.400365
10/25/18 1:00,2722.661672,2723.061323,0.399651
10/25/18 2:00,2722.665344,2723.064281,0.398937
10/25/18 3:00,2722.662386,2723.062547,0.400161
10/25/18 4:00,2722.661162,2723.060711,0.399549
10/25/18 5:00,2722.66361,2723.063057,0.399447
10/25/18 6:00,2722.663508,2723.062955,0.399447
10/25/18 7:00,2722.662284,2723.061527,0.399243
10/25/18 8:00,2722.660244,2723.059283,0.399039
10/25/18 9:00,2722.661366,2723.058467,0.397101
10/25/18 10:00,2722.66361,2723.060915,0.397305
10/25/18 11:00,2722.660856,2723.061119,0.400263
10/25/18 12:00,2722.662896,2723.059181,0.396285
10/25/18 13:00,2722.659836,2723.060405,0.400569
10/25/18 14:00,2722.663406,2723.061833,0.398427
10/25/18 15:00,2722.663304,2723.060711,0.397407
10/25/18 16:00,2722.661876,2723.059283,0.397407
10/25/18 17:00,2722.66106,2723.058977,0.397917
10/25/18 18:00,2722.659326,2723.056733,0.397407
10/25/18 19:00,2722.655858,2723.05143,0.395572
10/25/18 20:00,2722.657694,2723.054082,0.396388
10/25/18 21:00,2722.656164,2723.054388,0.398224
10/25/18 22:00,2722.653207,2723.052552,0.399345
10/25/18 23:00,2722.65545,2723.051736,0.396286
10/26/18 0:00,2722.655858,2723.053878,0.39802
10/26/18 1:00,2722.654023,2723.052144,0.398121
10/26/18 2:00,2722.651881,2723.051532,0.399651
10/26/18 3:00,2722.653003,2723.051532,0.398529
10/26/18 4:00,2722.651371,2723.050002,0.398631
10/26/18 5:00,2722.652799,2723.049084,0.396285
10/26/18 6:00,2722.651575,2723.0499,0.398325
10/26/18 7:00,2722.651065,2723.04888,0.397815
10/26/18 8:00,2722.650555,2723.049696,0.399141
10/26/18 9:00,2722.654533,2723.051532,0.396999
10/26/18 10:00,2722.654329,2723.049798,0.395469
10/26/18 11:00,2722.654329,2723.0499,0.395571
10/26/18 12:00,2722.658102,2723.052144,0.394042
10/26/18 13:00,2722.651677,2723.043067,0.39139
10/26/18 14:00,2722.649841,2723.04429,0.394449
10/26/18 15:00,2722.650759,2723.04327,0.392511
10/26/18 16:00,2722.649637,2723.04429,0.394653
10/26/18 17:00,2722.649127,2723.041231,0.392104
10/26/18 18:00,2722.649943,2723.043678,0.393735
10/26/18 19:00,2722.653003,2723.04735,0.394347
10/26/18 20:00,2722.649433,2723.04378,0.394347
10/26/18 21:00,2722.648719,2723.041843,0.393124
10/26/18 22:00,2722.646679,2723.040925,0.394246
10/26/18 23:00,2722.649025,2723.041537,0.392512
10/27/18 0:00,2722.644027,2723.039905,0.395878
10/27/18 1:00,2722.646475,2723.041129,0.394654
10/27/18 2:00,2722.645047,2723.040109,0.395062
10/27/18 3:00,2722.643517,2723.038069,0.394552
10/27/18 4:00,2722.646169,2723.040925,0.394756
10/27/18 5:00,2722.644945,2723.036845,0.3919
10/27/18 6:00,2722.642089,2723.036437,0.394348
10/27/18 7:00,2722.641885,2723.037049,0.395164
10/27/18 8:00,2722.644639,2723.038579,0.39394
10/27/18 9:00,2722.649433,2723.041639,0.392206
10/27/18 10:00,2722.648413,2723.042251,0.393838
10/27/18 11:00,2722.650147,2723.04378,0.393633
10/27/18 12:00,2722.651881,2723.04531,0.393429
10/27/18 13:00,2722.650657,2723.04531,0.394653
10/27/18 14:00,2722.648311,2723.043576,0.395265
10/27/18 15:00,2722.650453,2723.042863,0.39241
10/27/18 16:00,2722.651473,2723.045208,0.393735
10/27/18 17:00,2722.653105,2723.045004,0.391899
10/27/18 18:00,2722.648209,2723.040517,0.392308
10/27/18 19:00,2722.645659,2723.037763,0.392104
10/27/18 20:00,2722.646985,2723.039293,0.392308
10/27/18 21:00,2722.644537,2723.036029,0.391492
10/27/18 22:00,2722.645863,2723.036233,0.39037
10/27/18 23:00,2722.646577,2723.038987,0.39241
10/28/18 0:00,2722.647393,2723.039803,0.39241
10/28/18 1:00,2722.647393,2723.042149,0.394756
10/28/18 2:00,2722.645149,2723.040313,0.395164
10/28/18 3:00,2722.648923,2723.041945,0.393022
10/28/18 4:00,2722.645251,2723.039497,0.394246
10/28/18 5:00,2722.644843,2723.037355,0.392512
10/28/18 6:00,2722.643211,2723.035621,0.39241
10/28/18 7:00,2722.642905,2723.035009,0.392104
10/28/18 8:00,2722.644945,2723.038885,0.39394
10/28/18 9:00,2722.647597,2723.039395,0.391798
10/28/18 10:00,2722.648719,2723.040619,0.3919
10/28/18 11:00,2722.651065,2723.041945,0.39088
10/28/18 12:00,2722.651065,2723.04378,0.392715
10/28/18 13:00,2722.651575,2723.044086,0.392511
10/28/18 14:00,2722.649841,2723.043169,0.393328
10/28/18 15:00,2722.652391,2723.045514,0.393123
10/28/18 16:00,2722.654125,2723.047758,0.393633
10/28/18 17:00,2722.652901,2723.046942,0.394041
10/28/18 18:00,2722.648821,2723.042659,0.393838
10/28/18 19:00,2722.645557,2723.040619,0.395062
10/28/18 20:00,2722.646271,2723.040517,0.394246
10/28/18 21:00,2722.645863,2723.039701,0.393838
10/28/18 22:00,2722.645965,2723.038477,0.392512
10/28/18 23:00,2722.643925,2723.038069,0.394144
10/29/18 0:00,2722.643313,2723.037967,0.394654
10/29/18 1:00,2722.645761,2723.040925,0.395164
10/29/18 2:00,2722.645863,2723.038783,0.39292
10/29/18 3:00,2722.644027,2723.036845,0.392818
10/29/18 4:00,2722.644741,2723.037763,0.393022
10/29/18 5:00,2722.642701,2723.038273,0.395572
10/29/18 6:00,2722.642293,2723.036539,0.394246
10/29/18 7:00,2722.643007,2723.037457,0.39445
10/29/18 8:00,2722.644843,2723.038783,0.39394
10/29/18 9:00,2722.647291,2723.040517,0.393226
10/29/18 10:00,2722.647699,2723.041843,0.394144
10/29/18 11:00,2722.650147,2723.044494,0.394347
10/29/18 12:00,2722.644639,2723.043067,0.398428
10/29/18 13:00,2722.651881,2723.047044,0.395163
10/29/18 14:00,2722.650147,2723.044392,0.394245
10/29/18 15:00,2722.648413,2723.044392,0.395979
10/29/18 16:00,2722.652595,2723.04837,0.395775
10/29/18 17:00,2722.651371,2723.043882,0.392511
10/29/18 18:00,2722.647801,2723.041435,0.393634
10/29/18 19:00,2722.646577,2723.041129,0.394552
10/29/18 20:00,2722.644639,2723.041843,0.397204
10/29/18 21:00,2722.644435,2723.039701,0.395266
10/29/18 22:00,2722.644129,2723.040925,0.396796
10/29/18 23:00,2722.645455,2723.040109,0.394654
10/30/18 0:00,2722.645251,2723.039803,0.394552
10/30/18 1:00,2722.646169,2723.038477,0.392308
10/30/18 2:00,2722.641274,2723.035315,0.394041
10/30/18 3:00,2722.642395,2723.037151,0.394756
10/30/18 4:00,2722.64056,2723.037865,0.397305
10/30/18 5:00,2722.644027,2723.035417,0.39139
10/30/18 6:00,2722.644231,2723.037457,0.393226
10/30/18 7:00,2722.644741,2723.038069,0.393328
10/30/18 8:00,2722.645965,2723.039701,0.393736
10/30/18 9:00,2722.646271,2723.041843,0.395572
10/30/18 10:00,2722.646679,2723.040925,0.394246
10/30/18 11:00,2722.648311,2723.042353,0.394042
10/30/18 12:00,2722.645761,2723.041027,0.395266
10/30/18 13:00,2722.647189,2723.041843,0.394654
10/30/18 14:00,2722.646985,2723.042455,0.39547
10/30/18 15:00,2722.650555,2723.048268,0.397713
10/30/18 16:00,2722.653003,2723.048574,0.395571
10/30/18 17:00,2722.652289,2723.051022,0.398733
10/30/18 18:00,2722.653003,2723.04888,0.395877
10/30/18 19:00,2722.651473,2723.048982,0.397509
10/30/18 20:00,2722.651677,2723.048676,0.396999
10/30/18 21:00,2722.653411,2723.050308,0.396897
10/30/18 22:00,2722.654737,2723.053572,0.398835
10/30/18 23:00,2722.651677,2723.052246,0.400569
10/31/18 0:00,2722.651371,2723.050206,0.398835
10/31/18 1:00,2722.652391,2723.04939,0.396999
10/31/18 2:00,2722.653105,2723.048574,0.395469
10/31/18 3:00,2722.651167,2723.046636,0.395469
10/31/18 4:00,2722.650963,2723.045412,0.394449
10/31/18 5:00,2722.648719,2723.043882,0.395163
10/31/18 6:00,2722.647699,2723.042659,0.39496
10/31/18 7:00,2722.644843,2723.040721,0.395878
10/31/18 8:00,2722.645455,2723.039497,0.394042
10/31/18 9:00,2722.646373,2723.041129,0.394756
10/31/18 10:00,2722.643517,2723.037763,0.394246
10/31/18 11:00,2722.645455,2723.041537,0.396082
10/31/18 12:00,2722.646169,2723.039803,0.393634
10/31/18 13:00,2722.646679,2723.039089,0.39241
10/31/18 14:00,2722.645965,2723.039089,0.393124
10/31/18 15:00,2722.645761,2723.039395,0.393634
10/31/18 16:00,2722.642089,2723.035621,0.393532
10/31/18 17:00,2722.642803,2723.035213,0.39241
10/31/18 18:00,2722.641987,2723.034295,0.392308
10/31/18 19:00,2722.643211,2723.036437,0.393226
10/31/18 20:00,2722.640662,2723.034193,0.393531
10/31/18 21:00,2722.6375,2723.028992,0.391492
10/31/18 22:00,2722.636072,2723.027768,0.391696
10/31/18 23:00,2722.633522,2723.025524,0.392002
11/1/18 0:00,2722.63546,2723.026136,0.390676
11/1/18 1:00,2722.631176,2723.01767,0.386494
11/1/18 2:00,2722.625669,2723.010327,0.384658
11/1/18 3:00,2722.621895,2723.006247,0.384352
11/1/18 4:00,2722.622099,2723.004921,0.382822
11/1/18 5:00,2722.620977,2723.003698,0.382721
11/1/18 6:00,2722.61496,2722.990744,0.375784
11/1/18 7:00,2722.608942,2722.985645,0.376703
11/1/18 8:00,2722.607616,2722.980647,0.373031
11/1/18 9:00,2722.601497,2722.973304,0.371807
11/1/18 10:00,2722.601905,2722.970856,0.368951
11/1/18 11:00,2722.602211,2722.972794,0.370583
11/1/18 12:00,2722.600783,2722.970754,0.369971
11/1/18 13:00,2722.601905,2722.967184,0.365279
11/1/18 14:00,2722.600579,2722.973916,0.373337
11/1/18 15:00,2722.625057,2723.012469,0.387412
11/1/18 16:00,2722.635664,2723.033173,0.397509
11/1/18 17:00,2722.643925,2723.040619,0.396694
11/1/18 18:00,2722.645149,2723.042047,0.396898
11/1/18 19:00,2722.646781,2723.04582,0.399039
11/1/18 20:00,2722.649433,2723.046942,0.397509
11/1/18 21:00,2722.647699,2723.044596,0.396897
11/1/18 22:00,2722.644333,2723.040109,0.395776
11/1/18 23:00,2722.644333,2723.039395,0.395062
11/2/18 0:00,2722.64107,2723.028788,0.387718
11/2/18 1:00,2722.618835,2722.986155,0.36732
11/2/18 2:00,2722.623833,2723.041741,0.417908
11/2/18 3:00,2722.628627,2723.013183,0.384556
11/2/18 4:00,2722.608534,2722.982789,0.374255
11/2/18 5:00,2722.593439,2722.959229,0.36579
11/2/18 6:00,2722.581302,2722.940462,0.35916
11/2/18 7:00,2722.566513,2722.9219,0.355387
11/2/18 8:00,2722.559068,2722.913944,0.354876
11/2/18 9:00,2722.566513,2722.929753,0.36324
11/2/18 10:00,2722.647291,2723.061119,0.413828
11/2/18 11:00,2722.723071,2723.165661,0.44259
11/2/18 12:00,2722.71532,2723.142407,0.427087
11/2/18 13:00,2722.69074,2723.101916,0.411176
11/2/18 14:00,2722.668301,2723.067953,0.399652
11/2/18 15:00,2722.657592,2723.053368,0.395776
11/2/18 16:00,2722.653819,2723.049696,0.395877
11/2/18 17:00,2722.654533,2723.047758,0.393225
11/2/18 18:00,2722.651983,2723.048778,0.396795
11/2/18 19:00,2722.652085,2723.048574,0.396489
11/2/18 20:00,2722.650453,2723.046738,0.396285
11/2/18 21:00,2722.650963,2723.049084,0.398121
11/2/18 22:00,2722.651575,2723.048982,0.397407
11/2/18 23:00,2722.654329,2723.052144,0.397815
11/3/18 0:00,2722.653411,2723.054898,0.401487
11/3/18 1:00,2722.657184,2723.056937,0.399753
11/3/18 2:00,2722.657592,2723.058773,0.401181
11/3/18 3:00,2722.65647,2723.058365,0.401895
11/3/18 4:00,2722.657796,2723.060099,0.402303
11/3/18 5:00,2722.65749,2723.058161,0.400671
11/3/18 6:00,2722.658816,2723.060099,0.401283
11/3/18 7:00,2722.656572,2723.057855,0.401283
11/3/18 8:00,2722.654737,2723.05602,0.401283
11/3/18 9:00,2722.653819,2723.054796,0.400977
11/3/18 10:00,2722.652697,2723.05194,0.399243
11/3/18 11:00,2722.649229,2723.052246,0.403017
11/3/18 12:00,2722.652187,2723.051532,0.399345
11/3/18 13:00,2722.652595,2723.05398,0.401385
11/3/18 14:00,2722.651677,2723.050614,0.398937
11/3/18 15:00,2722.651983,2723.053368,0.401385
11/3/18 16:00,2722.653411,2723.053368,0.399957
11/3/18 17:00,2722.649433,2723.047962,0.398529
11/3/18 18:00,2722.648209,2723.048676,0.400467
11/3/18 19:00,2722.647495,2723.048574,0.401079
11/3/18 20:00,2722.646577,2723.047554,0.400977
11/3/18 21:00,2722.647597,2723.04888,0.401283
11/3/18 22:00,2722.646169,2723.047554,0.401385
11/3/18 23:00,2722.643823,2723.042251,0.398428
11/4/18 0:00,2722.638418,2723.035009,0.396591
11/4/18 1:00,2722.634134,2723.026952,0.392818
11/4/18 2:00,2722.629442,2723.017262,0.38782
11/4/18 3:00,2722.624343,2723.012571,0.388228
11/4/18 4:00,2722.623425,2723.010225,0.3868
11/4/18 5:00,2722.617203,2723.003698,0.386495
11/4/18 6:00,2722.60374,2722.97565,0.37191
11/4/18 7:00,2722.593133,2722.957903,0.36477
11/4/18 8:00,2722.585994,2722.948928,0.362934
11/4/18 9:00,2722.577936,2722.94138,0.363444
11/4/18 10:00,2722.605372,2722.981667,0.376295
11/4/18 11:00,2722.599253,2722.968204,0.368951
11/4/18 12:00,2722.593745,2722.962085,0.36834
11/4/18 13:00,2722.601293,2722.97361,0.372317
11/4/18 14:00,2722.598641,2722.968612,0.369971
11/4/18 15:00,2722.640764,2723.058467,0.417703
11/4/18 16:00,2722.662182,2723.069381,0.407199
11/4/18 17:00,2722.654023,2723.054796,0.400773
11/4/18 18:00,2722.657388,2723.065811,0.408423
11/4/18 19:00,2722.671055,2723.085291,0.414236
11/4/18 20:00,2722.668607,2723.075806,0.407199
11/4/18 21:00,2722.667894,2723.067035,0.399141
11/4/18 22:00,2722.667282,2723.060915,0.393633
11/4/18 23:00,2722.658408,2723.053878,0.39547
11/5/18 0:00,2722.655654,2723.045208,0.389554
11/5/18 1:00,2722.651269,2723.040517,0.389248
11/5/18 2:00,2722.647291,2723.034499,0.387208
11/5/18 3:00,2722.647291,2723.037253,0.389962
11/5/18 4:00,2722.642905,2723.030929,0.388024
11/5/18 5:00,2722.643007,2723.029808,0.386801
11/5/18 6:00,2722.641478,2723.026952,0.385474
11/5/18 7:00,2722.639132,2723.02277,0.383638
11/5/18 8:00,2722.63291,2723.012979,0.380069
11/5/18 9:00,2722.643109,2723.034091,0.390982
11/5/18 10:00,2722.649841,2723.043474,0.393633
11/5/18 11:00,2722.653717,2723.056835,0.403118
11/5/18 12:00,2722.66667,2723.070196,0.403526
11/5/18 13:00,2722.663916,2723.069686,0.40577
11/5/18 14:00,2722.665344,2723.069279,0.403935
11/5/18 15:00,2722.66259,2723.064281,0.401691
11/5/18 16:00,2722.656164,2723.055714,0.39955
11/5/18 17:00,2722.653411,2723.051736,0.398325
11/5/18 18:00,2722.650759,2723.052348,0.401589
11/5/18 19:00,2722.649331,2723.051634,0.402303
11/5/18 20:00,2722.651269,2723.050512,0.399243
11/5/18 21:00,2722.645659,2723.042965,0.397306
11/5/18 22:00,2722.639132,2723.032255,0.393123
11/5/18 23:00,2722.635868,2723.026544,0.390676
11/6/18 0:00,2722.631176,2723.021546,0.39037
11/6/18 1:00,2722.627913,2723.017772,0.389859
11/6/18 2:00,2722.622303,2722.997884,0.375581
11/6/18 3:00,2722.604454,2722.97004,0.365586
11/6/18 4:00,2722.584872,2722.939442,0.35457
11/6/18 5:00,2722.565595,2722.914352,0.348757
11/6/18 6:00,2722.548461,2722.89579,0.347329
11/6/18 7:00,2722.539281,2722.888752,0.349471
11/6/18 8:00,2722.541627,2722.891404,0.349777
11/6/18 9:00,2722.548665,2722.897932,0.349267
11/6/18 10:00,2722.596295,2722.975344,0.379049
11/6/18 11:00,2722.597927,2722.960657,0.36273
11/6/18 12:00,2722.578344,2722.934139,0.355795
11/6/18 13:00,2722.605066,2722.979117,0.374051
11/6/18 14:00,2722.603944,2722.968102,0.364158
11/6/18 15:00,2722.658816,2723.07652,0.417704
11/6/18 16:00,2722.664324,2723.075806,0.411482
11/6/18 17:00,2722.66463,2723.0755,0.41087
11/6/18 18:00,2722.684824,2723.105078,0.420254
11/6/18 19:00,2722.678909,2723.093655,0.414746
11/6/18 20:00,2722.665854,2723.074276,0.408422
11/6/18 21:00,2722.657796,2723.060405,0.402609
11/6/18 22:00,2722.641784,2723.036437,0.394653
11/6/18 23:00,2722.630768,2723.009409,0.378641
11/7/18 0:00,2722.633726,2722.990948,0.357222
11/7/18 1:00,2722.635154,2722.964634,0.32948
11/7/18 2:00,2722.622711,2722.938422,0.315711
11/7/18 3:00,2722.607616,2722.912414,0.304798
11/7/18 4:00,2722.595173,2722.895382,0.300209
11/7/18 5:00,2722.571817,2722.884877,0.31306
11/7/18 6:00,2722.548155,2722.877839,0.329684
11/7/18 7:00,2722.539281,2722.876003,0.336722
11/7/18 8:00,2722.540301,2722.880695,0.340394
11/7/18 9:00,2722.540709,2722.889364,0.348655
11/7/18 10:00,2722.563351,2722.939544,0.376193
11/7/18 11:00,2722.611798,2722.989827,0.378029
11/7/18 12:00,2722.605066,2722.966674,0.361608
11/7/18 13:00,2722.599253,2722.969122,0.369869
11/7/18 14:00,2722.600783,2722.964125,0.363342
11/7/18 15:00,2722.590583,2722.948214,0.357631
11/7/18 16:00,2722.580792,2722.936689,0.355897
11/7/18 17:00,2722.582934,2722.965246,0.382312
11/7/18 18:00,2722.664324,2723.0755,0.411176
11/7/18 19:00,2722.654839,2723.060915,0.406076
11/7/18 20:00,2722.637296,2723.035009,0.397713
11/7/18 21:00,2722.63495,2723.031235,0.396285
11/7/18 22:00,2722.625771,2723.019914,0.394143
11/7/18 23:00,2722.607922,2722.997374,0.389452
11/8/18 0:00,2722.587218,2722.967898,0.38068
11/8/18 1:00,2722.577834,2722.95056,0.372726
11/8/18 2:00,2722.572021,2722.926387,0.354366
11/8/18 3:00,2722.552948,2722.895688,0.34274
11/8/18 4:00,2722.534182,2722.881817,0.347635
11/8/18 5:00,2722.527246,2722.871618,0.344372
11/8/18 6:00,2722.522657,2722.864274,0.341617
11/8/18 7:00,2722.521229,2722.865804,0.344575
11/8/18 8:00,2722.531836,2722.895484,0.363648
11/8/18 9:00,2722.559782,2722.9219,0.362118
11/8/18 10:00,2722.592623,2722.97463,0.382007
11/8/18 11:00,2722.630564,2723.022668,0.392104
11/8/18 12:00,2722.630666,2723.012367,0.381701
11/8/18 13:00,2722.646271,2723.054898,0.408627
11/8/18 14:00,2722.651371,2723.043678,0.392307
11/8/18 15:00,2722.652595,2723.065607,0.413012
11/8/18 16:00,2722.675237,2723.086617,0.41138
11/8/18 17:00,2722.663508,2723.068565,0.405057
11/8/18 18:00,2722.650759,2723.050614,0.399855
11/8/18 19:00,2722.633624,2723.001046,0.367422
11/8/18 20:00,2722.623833,2722.986155,0.362322
11/8/18 21:00,2722.636888,2722.998088,0.3612
11/8/18 22:00,2722.63291,2722.968612,0.335702
11/8/18 23:00,2722.618835,2722.938626,0.319791
11/9/18 0:00,2722.606698,2722.916902,0.310204
11/9/18 1:00,2722.592929,2722.898442,0.305513
11/9/18 2:00,2722.583546,2722.892424,0.308878
11/9/18 3:00,2722.575897,2722.888242,0.312345
11/9/18 4:00,2722.565799,2722.884877,0.319078
11/9/18 5:00,2722.555294,2722.881205,0.325911
11/9/18 6:00,2722.546319,2722.877431,0.331112
11/9/18 7:00,2722.542035,2722.876717,0.334682
11/9/18 8:00,2722.545605,2722.882735,0.33713
11/9/18 9:00,2722.557742,2722.901501,0.343759
11/9/18 10:00,2722.562536,2722.922206,0.35967
11/9/18 11:00,2722.593235,2722.965348,0.372113
11/9/18 12:00,2722.621997,2723.002678,0.380681
11/9/18 13:00,2722.624547,2723.011347,0.3868
11/9/18 14:00,2722.635562,2723.02124,0.385678
11/9/18 15:00,2722.622303,2722.998292,0.375989
11/9/18 16:00,2722.60731,2722.971672,0.364362
11/9/18 17:00,2722.590991,2722.950152,0.359161
11/9/18 18:00,2722.5812,2722.948724,0.367524
11/9/18 19:00,2722.612614,2722.987175,0.374561
11/9/18 20:00,2722.598233,2722.953313,0.35508
11/9/18 21:00,2722.584464,2722.924552,0.340088
11/9/18 22:00,2722.587422,2722.917718,0.330296
11/9/18 23:00,2722.594357,2722.92394,0.329583
11/10/18 0:00,2722.60476,2722.929651,0.324891
11/10/18 1:00,2722.60476,2722.925877,0.321117
11/10/18 2:00,2722.595683,2722.91425,0.318567
11/10/18 3:00,2722.58681,2722.907825,0.321015
11/10/18 4:00,2722.573347,2722.898238,0.324891
11/10/18 5:00,2722.561516,2722.892016,0.3305
11/10/18 6:00,2722.556824,2722.889262,0.332438
11/10/18 7:00,2722.55203,2722.886406,0.334376
11/10/18 8:00,2722.554172,2722.89273,0.338558
11/10/18 9:00,2722.567125,2722.913638,0.346513
11/10/18 10:00,2722.580282,2722.935363,0.355081
11/10/18 11:00,2722.602313,2722.967082,0.364769
11/10/18 12:00,2722.614144,2722.973916,0.359772
11/10/18 13:00,2722.614756,2722.983401,0.368645
11/10/18 14:00,2722.623731,2722.992274,0.368543
11/10/18 15:00,2722.614042,2722.97514,0.361098
11/10/18 16:00,2722.605474,2722.959025,0.353551
11/10/18 17:00,2722.619651,2723.011245,0.391594
11/10/18 18:00,2722.642089,2723.023994,0.381905
11/10/18 19:00,2722.62985,2723.007267,0.377417
11/10/18 20:00,2722.626587,2723.003188,0.376601
11/10/18 21:00,2722.631278,2723.014407,0.383129
11/10/18 22:00,2722.637194,2723.020016,0.382822
11/10/18 23:00,2722.631074,2723.008185,0.377111
11/11/18 0:00,2722.622507,2722.992988,0.370481
11/11/18 1:00,2722.61445,2722.977995,0.363545
11/11/18 2:00,2722.605066,2722.962085,0.357019
11/11/18 3:00,2722.602313,2722.951171,0.348858
11/11/18 4:00,2722.594663,2722.939748,0.345085
11/11/18 5:00,2722.590073,2722.930263,0.34019
11/11/18 6:00,2722.58681,2722.923838,0.337028
11/11/18 7:00,2722.578956,2722.914964,0.336008
11/11/18 8:00,2722.575999,2722.917616,0.341617
11/11/18 9:00,2722.571001,2722.920268,0.349267
11/11/18 10:00,2722.581098,2722.936689,0.355591
11/11/18 11:00,2722.598845,2722.964227,0.365382
11/11/18 12:00,2722.617611,2722.990031,0.37242
11/11/18 13:00,2722.629646,2723.007981,0.378335
11/11/18 14:00,2722.642803,2723.035213,0.39241
11/11/18 15:00,2722.658306,2723.057243,0.398937
11/11/18 16:00,2722.676359,2723.08009,0.403731
11/11/18 17:00,2722.660142,2723.05041,0.390268
11/11/18 18:00,2722.639744,2723.016243,0.376499
11/11/18 19:00,2722.62883,2723.004717,0.375887
11/11/18 20:00,2722.624853,2722.998088,0.373235
11/11/18 21:00,2722.622507,2722.992274,0.369767
11/11/18 22:00,2722.623629,2722.995844,0.372215
11/11/18 23:00,2722.623527,2722.990642,0.367115
11/12/18 0:00,2722.619039,2722.982381,0.363342
11/12/18 1:00,2722.612206,2722.972182,0.359976
11/12/18 2:00,2722.605372,2722.957597,0.352225
11/12/18 3:00,2722.596601,2722.950254,0.353653
11/12/18 4:00,2722.588544,2722.942298,0.353754
11/12/18 5:00,2722.582322,2722.932915,0.350593
11/12/18 6:00,2722.57916,2722.927305,0.348145
11/12/18 7:00,2722.595887,2722.915474,0.319587
11/12/18 8:00,2722.616693,2722.912006,0.295313
11/12/18 9:00,2722.583036,2722.925265,0.342229
11/12/18 10:00,2722.579976,2722.93934,0.359364
11/12/18 11:00,2722.600069,2722.968,0.367931
11/12/18 12:00,2722.60833,2722.975548,0.367218
11/12/18 13:00,2722.61241,2722.985849,0.373439
11/12/18 14:00,2722.628423,2723.007777,0.379354
11/12/18 15:00,2722.618223,2722.989521,0.371298
11/12/18 16:00,2722.621181,2722.994824,0.373643
11/12/18 17:00,2722.616489,2722.987277,0.370788
11/12/18 18:00,2722.604046,2722.968102,0.364056
11/12/18 19:00,2722.589257,2722.935465,0.346208
11/12/18 20:00,2722.591603,2722.916188,0.324585
11/12/18 21:00,2722.590583,2722.905275,0.314692
11/12/18 22:00,2722.571511,2722.892016,0.320505
11/12/18 23:00,2722.556416,2722.881817,0.325401
11/13/18 0:00,2722.544993,2722.876207,0.331214
11/13/18 1:00,2722.532346,2722.867232,0.334886
11/13/18 2:00,2722.529082,2722.867436,0.338354
11/13/18 3:00,2722.536629,2722.86713,0.330501
11/13/18 4:00,2722.537445,2722.874167,0.336722
11/13/18 5:00,2722.538669,2722.873351,0.334682
11/13/18 6:00,2722.535712,2722.874473,0.338761
11/13/18 7:00,2722.53,2722.8707,0.3407
11/13/18 8:00,2722.585076,2722.873555,0.288479
11/13/18 9:00,2722.540301,2722.884469,0.344168
11/13/18 10:00,2722.547135,2722.898951,0.351816
11/13/18 11:00,2722.554376,2722.911802,0.357426
11/13/18 12:00,2722.566309,2722.924959,0.35865
11/13/18 13:00,2722.572429,2722.931283,0.358854
11/13/18 14:00,2722.590991,2722.951477,0.360486
11/13/18 15:00,2722.590073,2722.943012,0.352939
11/13/18 16:00,2722.5761,2722.925265,0.349165
11/13/18 17:00,2722.568247,2722.912312,0.344065
11/13/18 18:00,2722.562536,2722.914352,0.351816
11/13/18 19:00,2722.58783,2722.94597,0.35814
11/13/18 20:00,2722.593133,2722.943522,0.350389
11/13/18 21:00,2722.587014,2722.933629,0.346615
11/13/18 22:00,2722.582016,2722.928121,0.346105
11/13/18 23:00,2722.578242,2722.919146,0.340904
11/14/18 0:00,2722.570899,2722.912618,0.341719
11/14/18 1:00,2722.569675,2722.909049,0.339374
11/14/18 2:00,2722.569267,2722.910273,0.341006
11/14/18 3:00,2722.571817,2722.910987,0.33917
11/14/18 4:00,2722.573245,2722.910273,0.337028
11/14/18 5:00,2722.572225,2722.910171,0.337946
11/14/18 6:00,2722.573551,2722.908539,0.334988
11/14/18 7:00,2722.568247,2722.906601,0.338354
11/14/18 8:00,2722.566921,2722.909967,0.343046
11/14/18 9:00,2722.575183,2722.928019,0.352836
11/14/18 10:00,2722.589359,2722.946174,0.356815
11/14/18 11:00,2722.607208,2722.966674,0.359466
11/14/18 12:00,2722.623221,2722.986665,0.363444
11/14/18 13:00,2722.626383,2722.988603,0.36222
11/14/18 14:00,2722.640968,2723.011959,0.370991
11/14/18 15:00,2722.656368,2723.0243,0.367932
11/14/18 16:00,2722.654329,2723.02481,0.370481
11/14/18 17:00,2722.651881,2723.016855,0.364974
11/14/18 18:00,2722.63597,2722.995538,0.359568
11/14/18 19:00,2722.621181,2722.972488,0.351307
11/14/18 20:00,2722.609962,2722.956577,0.346615
11/14/18 21:00,2722.602822,2722.948418,0.345596
11/14/18 22:00,2722.600681,2722.941584,0.340903
11/14/18 23:00,2722.594969,2722.935465,0.340496
11/15/18 0:00,2722.596499,2722.933221,0.336722
11/15/18 1:00,2722.597315,2722.931181,0.333866
11/15/18 2:00,2722.595275,2722.928937,0.333662
11/15/18 3:00,2722.589054,2722.92343,0.334376
11/15/18 4:00,2722.58477,2722.917514,0.332744
11/15/18 5:00,2722.58171,2722.914352,0.332642
11/15/18 6:00,2722.57712,2722.91221,0.33509
11/15/18 7:00,2722.574877,2722.909253,0.334376
11/15/18 8:00,2722.574265,2722.911089,0.336824
11/15/18 9:00,2722.583648,2722.928733,0.345085
11/15/18 10:00,2722.599967,2722.950662,0.350695
11/15/18 11:00,2722.617713,2722.980545,0.362832
11/15/18 12:00,2722.634338,2722.995334,0.360996
11/15/18 13:00,2722.63342,2722.998802,0.365382
11/15/18 14:00,2722.648821,2723.014407,0.365586
11/15/18 15:00,2722.643823,2723.009715,0.365892
11/15/18 16:00,2722.658714,2723.033275,0.374561
11/15/18 17:00,2722.659632,2723.028176,0.368544
11/15/18 18:00,2722.641784,2723.003086,0.361302
11/15/18 19:00,2722.63138,2722.991458,0.360078
11/15/18 20:00,2722.624853,2722.979831,0.354978
11/15/18 21:00,2722.620263,2722.970856,0.350593
11/15/18 22:00,2722.616081,2722.961269,0.345188
11/15/18 23:00,2722.6119,2722.956781,0.344881
11/16/18 0:00,2722.612002,2722.949336,0.337334
11/16/18 1:00,2722.606494,2722.941788,0.335294
11/16/18 2:00,2722.602924,2722.934241,0.331317
11/16/18 3:00,2722.602211,2722.925979,0.323768
11/16/18 4:00,2722.595071,2722.919248,0.324177
11/16/18 5:00,2722.588748,2722.911802,0.323054
11/16/18 6:00,2722.580588,2722.906397,0.325809
11/16/18 7:00,2722.572531,2722.902113,0.329582
11/16/18 8:00,2722.569165,2722.903133,0.333968
11/16/18 9:00,2722.573245,2722.918738,0.345493
11/16/18 10:00,2722.589665,2722.941686,0.352021
11/16/18 11:00,2722.60629,2722.96545,0.35916
11/16/18 12:00,2722.622915,2722.985441,0.362526
11/16/18 13:00,2722.62985,2722.992478,0.362628
11/16/18 14:00,2722.639846,2723.008797,0.368951
11/16/18 15:00,2722.649331,2723.019098,0.369767
11/16/18 16:00,2722.656266,2723.024096,0.36783
11/16/18 17:00,2722.648413,2723.012877,0.364464
11/16/18 18:00,2722.633012,2722.991356,0.358344
11/16/18 19:00,2722.624751,2722.978709,0.353958
11/16/18 20:00,2722.623629,2722.97565,0.352021
11/16/18 21:00,2722.619039,2722.965654,0.346615
11/16/18 22:00,2722.608228,2722.948928,0.3407
11/16/18 23:00,2722.601395,2722.940258,0.338863
11/17/18 0:00,2722.589767,2722.930569,0.340802
11/17/18 1:00,2722.58579,2722.925469,0.339679
11/17/18 2:00,2722.584158,2722.920574,0.336416
11/17/18 3:00,2722.58426,2722.91578,0.33152
11/17/18 4:00,2722.579772,2722.911089,0.331317
11/17/18 5:00,2722.577732,2722.905377,0.327645
11/17/18 6:00,2722.570695,2722.898951,0.328256
11/17/18 7:00,2722.567329,2722.895586,0.328257
11/17/18 8:00,2722.566513,2722.89783,0.331317
11/17/18 9:00,2722.575489,2722.916698,0.341209
11/17/18 10:00,2722.589665,2722.942196,0.352531
11/17/18 11:00,2722.617203,2722.979627,0.362424
11/17/18 12:00,2722.630258,2722.989827,0.359569
11/17/18 13:00,2722.63954,2723.004921,0.365381
11/17/18 14:00,2722.650963,2723.021546,0.370583
11/17/18 15:00,2722.651983,2723.01971,0.367727
11/17/18 16:00,2722.653819,2723.020424,0.366605
11/17/18 17:00,2722.637806,2722.995844,0.358038
11/17/18 18:00,2722.618835,2722.972182,0.353347
11/17/18 19:00,2722.608534,2722.958515,0.349981
11/17/18 20:00,2722.602414,2722.949336,0.346922
11/17/18 21:00,2722.598437,2722.943726,0.345289
11/17/18 22:00,2722.595989,2722.945766,0.349777
11/17/18 23:00,2722.602007,2722.954333,0.352326
11/18/18 0:00,2722.610472,2722.96494,0.354468
11/18/18 1:00,2722.616183,2722.97259,0.356407
11/18/18 2:00,2722.618529,2722.97106,0.352531
11/18/18 3:00,2722.613736,2722.964125,0.350389
11/18/18 4:00,2722.611186,2722.957393,0.346207
11/18/18 5:00,2722.605576,2722.951273,0.345697
11/18/18 6:00,2722.603026,2722.946786,0.34376
11/18/18 7:00,2722.598743,2722.939646,0.340903
11/18/18 8:00,2722.593031,2722.936791,0.34376
11/18/18 9:00,2722.597111,2722.944644,0.347533
11/18/18 10:00,2722.607106,2722.958413,0.351307
11/18/18 11:00,2722.605678,2722.950866,0.345188
11/18/18 12:00,2722.60986,2722.961575,0.351715
11/18/18 13:00,2722.613022,2722.966062,0.35304
11/18/18 14:00,2722.616591,2722.967388,0.350797
11/18/18 15:00,2722.620569,2722.974834,0.354265
11/18/18 16:00,2722.624139,2722.978403,0.354264
11/18/18 17:00,2722.620263,2722.976772,0.356509
11/18/18 18:00,2722.624139,2722.979015,0.354876
11/18/18 19:00,2722.618835,2722.957597,0.338762
11/18/18 20:00,2722.608738,2722.932915,0.324177
11/18/18 21:00,2722.616999,2722.918228,0.301229
11/18/18 22:00,2722.625975,2722.905785,0.27981
11/18/18 23:00,2722.612104,2722.89018,0.278076
11/19/18 0:00,2722.590583,2722.878859,0.288276
11/19/18 1:00,2722.574877,2722.870394,0.295517
11/19/18 2:00,2722.563351,2722.861724,0.298373
11/19/18 3:00,2722.545605,2722.851525,0.30592
11/19/18 4:00,2722.536833,2722.848567,0.311734
11/19/18 5:00,2722.542341,2722.849689,0.307348
11/19/18 6:00,2722.540403,2722.853055,0.312652
11/19/18 7:00,2722.535304,2722.851321,0.316017
11/19/18 8:00,2722.540199,2722.853565,0.313366
11/19/18 9:00,2722.549481,2722.873351,0.32387
11/19/18 10:00,2722.553662,2722.8912,0.337538
11/19/18 11:00,2722.578752,2722.934751,0.355999
11/19/18 12:00,2722.60935,2722.962595,0.353245
11/19/18 13:00,2722.599865,2722.942502,0.342637
11/19/18 14:00,2722.614552,2722.962901,0.348349
11/19/18 15:00,2722.606494,2722.946174,0.33968
11/19/18 16:00,2722.594051,2722.932405,0.338354
11/19/18 17:00,2722.628423,2722.986869,0.358446
11/19/18 18:00,2722.646271,2722.99972,0.353449
11/19/18 19:00,2722.631992,2722.975956,0.343964
11/19/18 20:00,2722.616387,2722.954843,0.338456
11/19/18 21:00,2722.606698,2722.937097,0.330399
11/19/18 22:00,2722.604046,2722.926285,0.322239
11/19/18 23:00,2722.608228,2722.921186,0.312958
11/20/18 0:00,2722.612308,2722.914862,0.302554
11/20/18 1:00,2722.612716,2722.910477,0.297761
11/20/18 2:00,2722.61037,2722.905581,0.295211
11/20/18 3:00,2722.60731,2722.900685,0.293375
11/20/18 4:00,2722.605168,2722.899665,0.294497
11/20/18 5:00,2722.601293,2722.897932,0.296639
11/20/18 6:00,2722.598233,2722.89783,0.299597
11/20/18 7:00,2722.591807,2722.89732,0.305513
11/20/18 8:00,2722.594969,2722.905275,0.310306
11/20/18 9:00,2722.592725,2722.925775,0.33305
11/20/18 10:00,2722.604454,2722.940156,0.335702
11/20/18 11:00,2722.619141,2722.9731,0.353959
11/20/18 12:00,2722.641682,2722.992376,0.350694
11/20/18 13:00,2722.636684,2722.981973,0.345289
11/20/18 14:00,2722.640152,2722.995232,0.35508
11/20/18 15:00,2722.650759,2723.003901,0.353142
11/20/18 16:00,2722.660652,2723.01971,0.359058
11/20/18 17:00,2722.664936,2723.02124,0.356304
11/20/18 18:00,2722.649229,2722.995946,0.346717
11/20/18 19:00,2722.632196,2722.972692,0.340496
11/20/18 20:00,2722.627505,2722.959841,0.332336
11/20/18 21:00,2722.625261,2722.952599,0.327338
11/20/18 22:00,2722.620365,2722.94342,0.323055
11/20/18 23:00,2722.618223,2722.933629,0.315406
11/21/18 0:00,2722.620875,2722.928223,0.307348
11/21/18 1:00,2722.623629,2722.923838,0.300209
11/21/18 2:00,2722.627199,2722.923124,0.295925
11/21/18 3:00,2722.63597,2722.927203,0.291233
11/21/18 4:00,2722.642293,2722.933629,0.291336
11/21/18 5:00,2722.641885,2722.932201,0.290316
11/21/18 6:00,2722.632502,2722.924348,0.291846
11/21/18 7:00,2722.624955,2722.918024,0.293069
11/21/18 8:00,2722.617509,2722.913638,0.296129
11/21/18 9:00,2722.616489,2722.925163,0.308674
11/21/18 10:00,2722.609962,2722.943114,0.333152
11/21/18 11:00,2722.624343,2722.971774,0.347431
11/21/18 12:00,2722.63444,2722.985543,0.351103
11/21/18 13:00,2722.63444,2722.980647,0.346207
11/21/18 14:00,2722.639234,2722.993396,0.354162
11/21/18 15:00,2722.648821,2723.004615,0.355794
11/21/18 16:00,2722.655348,2723.013999,0.358651
11/21/18 17:00,2722.655144,2723.010327,0.355183
11/21/18 18:00,2722.643211,2722.987685,0.344474
11/21/18 19:00,2722.628932,2722.969632,0.3407
11/21/18 20:00,2722.621895,2722.953415,0.33152
11/21/18 21:00,2722.624547,2722.947704,0.323157
11/21/18 22:00,2722.629034,2722.940462,0.311428
11/21/18 23:00,2722.63903,2722.933833,0.294803
11/22/18 0:00,2722.646373,2722.924857,0.278484
11/22/18 1:00,2722.652493,2722.920268,0.267775
11/22/18 2:00,2722.648311,2722.910885,0.262574
11/22/18 3:00,2722.640152,2722.911497,0.271345
11/22/18 4:00,2722.637602,2722.909865,0.272263
11/22/18 5:00,2722.629136,2722.905785,0.276649
11/22/18 6:00,2722.615571,2722.901705,0.286134
11/22/18 7:00,2722.60374,2722.896402,0.292662
11/22/18 8:00,2722.600069,2722.893954,0.293885
11/22/18 9:00,2722.601599,2722.912516,0.310917
11/22/18 10:00,2722.598233,2722.925673,0.32744
11/22/18 11:00,2722.608228,2722.951375,0.343147
11/22/18 12:00,2722.620161,2722.961269,0.341108
11/22/18 13:00,2722.622813,2722.965654,0.342841
11/22/18 14:00,2722.624853,2722.96902,0.344167
11/22/18 15:00,2722.630258,2722.973916,0.343658
11/22/18 16:00,2722.633726,2722.977689,0.343963
11/22/18 17:00,2722.63342,2722.978403,0.344983
11/22/18 18:00,2722.629442,2722.962391,0.332949
11/22/18 19:00,2722.614144,2722.95056,0.336416
11/22/18 20:00,2722.607208,2722.9424,0.335192
11/22/18 21:00,2722.598539,2722.936485,0.337946
11/22/18 22:00,2722.61037,2722.932201,0.321831
11/22/18 23:00,2722.60986,2722.936179,0.326319
11/23/18 0:00,2722.676461,2722.933833,0.257372
11/23/18 1:00,2722.652085,2722.934547,0.282462
11/23/18 2:00,2722.631788,2722.937709,0.305921
11/23/18 3:00,2722.617305,2722.9424,0.325095
11/23/18 4:00,2722.617815,2722.946582,0.328767
11/23/18 5:00,2722.616183,2722.947194,0.331011
11/23/18 6:00,2722.61496,2722.948724,0.333764
11/23/18 7:00,2722.610676,2722.94444,0.333764
11/23/18 8:00,2722.608228,2722.942706,0.334478
11/23/18 9:00,2722.60833,2722.946684,0.338354
11/23/18 10:00,2722.612308,2722.953415,0.341107
11/23/18 11:00,2722.613634,2722.954639,0.341005
11/23/18 12:00,2722.612308,2722.956271,0.343963
11/23/18 13:00,2722.614042,2722.957495,0.343453
11/23/18 14:00,2722.612512,2722.959637,0.347125
11/23/18 15:00,2722.620161,2722.965552,0.345391
11/23/18 16:00,2722.623425,2722.969938,0.346513
11/23/18 17:00,2722.621385,2722.969224,0.347839
11/23/18 18:00,2722.627913,2722.979831,0.351918
11/23/18 19:00,2722.633012,2722.985543,0.352531
11/23/18 20:00,2722.632094,2722.982177,0.350083
11/23/18 21:00,2722.632196,2722.978811,0.346615
11/23/18 22:00,2722.629442,2722.977485,0.348043
11/23/18 23:00,2722.629646,2722.978403,0.348757
11/24/18 0:00,2722.635154,2722.983401,0.348247
11/24/18 1:00,2722.636684,2722.981973,0.345289
11/24/18 2:00,2722.63903,2722.980953,0.341923
11/24/18 3:00,2722.654431,2722.978199,0.323768
11/24/18 4:00,2722.664324,2722.977689,0.313365
11/24/18 5:00,2722.698185,2722.977384,0.279199
11/24/18 6:00,2722.687986,2722.97514,0.287154
11/24/18 7:00,2722.689006,2722.974426,0.28542
11/24/18 8:00,2722.69125,2722.976874,0.285624
11/24/18 9:00,2722.688394,2722.979321,0.290927
11/24/18 10:00,2722.661366,2722.983299,0.321933
11/24/18 11:00,2722.653717,2722.986971,0.333254
11/24/18 12:00,2722.646985,2722.989113,0.342128
11/24/18 13:00,2722.646883,2722.992274,0.345391
11/24/18 14:00,2722.646577,2722.992784,0.346207
11/24/18 15:00,2722.665548,2722.997578,0.33203
11/24/18 16:00,2722.760502,2722.992682,0.23218
11/24/18 17:00,2722.733883,2722.979015,0.245132
11/24/18 18:00,2722.71787,2722.971162,0.253292
11/24/18 19:00,2722.701449,2722.960147,0.258698
11/24/18 20:00,2722.691352,2722.954231,0.262879
11/24/18 21:00,2722.69278,2722.959127,0.266347
11/24/18 22:00,2722.683906,2722.956067,0.272161
11/24/18 23:00,2722.683192,2722.952395,0.269203
11/25/18 0:00,2722.679725,2722.953721,0.273996
11/25/18 1:00,2722.674013,2722.954639,0.280626
11/25/18 2:00,2722.671871,2722.959535,0.287664
11/25/18 3:00,2722.66667,2722.959331,0.292661
11/25/18 4:00,2722.660652,2722.957087,0.296435
11/25/18 5:00,2722.651881,2722.951783,0.299902
11/25/18 6:00,2722.642803,2722.9424,0.299597
11/25/18 7:00,2722.63546,2722.932201,0.296741
11/25/18 8:00,2722.626077,2722.924756,0.298679
11/25/18 9:00,2722.627199,2722.93985,0.312651
11/25/18 10:00,2722.623425,2722.950662,0.327237
11/25/18 11:00,2722.623527,2722.966164,0.342637
11/25/18 12:00,2722.630156,2722.977995,0.347839
11/25/18 13:00,2722.626383,2722.971468,0.345085
11/25/18 14:00,2722.61496,2722.961983,0.347023
11/25/18 15:00,2722.612002,2722.959229,0.347227
11/25/18 16:00,2722.607718,2722.954333,0.346615
11/25/18 17:00,2722.604658,2722.949132,0.344474
11/25/18 18:00,2722.607616,2722.94291,0.335294
11/25/18 19:00,2722.626485,2722.940972,0.314487
11/25/18 20:00,2722.661672,2722.945358,0.283686
11/25/18 21:00,2722.680439,2722.947398,0.266959
11/25/18 22:00,2722.675237,2722.943216,0.267979
11/25/18 23:00,2722.6631,2722.934037,0.270937
11/26/18 0:00,2722.633828,2722.918738,0.28491
11/26/18 1:00,2722.614246,2722.907417,0.293171
11/26/18 2:00,2722.600783,2722.901705,0.300922
11/26/18 3:00,2722.594765,2722.891608,0.296843
11/26/18 4:00,2722.589461,2722.887528,0.298067
11/26/18 5:00,2722.582118,2722.885285,0.303167
11/26/18 6:00,2722.58273,2722.89069,0.30796
11/26/18 7:00,2722.58732,2722.899053,0.311733
11/26/18 8:00,2722.590685,2722.909457,0.318772
11/26/18 9:00,2722.622303,2722.94342,0.321117
11/26/18 10:00,2722.63852,2722.957597,0.319077
11/26/18 11:00,2722.636786,2722.970142,0.333356
11/26/18 12:00,2722.63648,2722.978811,0.342331
11/26/18 13:00,2722.633216,2722.979525,0.346309
11/26/18 14:00,2722.63444,2722.981157,0.346717
11/26/18 15:00,2722.629238,2722.979933,0.350695
11/26/18 16:00,2722.619243,2722.971468,0.352225
11/26/18 17:00,2722.610778,2722.964736,0.353958
11/26/18 18:00,2722.608126,2722.962595,0.354469
11/26/18 19:00,2722.609248,2722.964328,0.35508
11/26/18 20:00,2722.610166,2722.968408,0.358242
11/26/18 21:00,2722.614144,2722.971876,0.357732
11/26/18 22:00,2722.616999,2722.974324,0.357325
11/26/18 23:00,2722.621079,2722.976262,0.355183
11/27/18 0:00,2722.614144,2722.969938,0.355794
11/27/18 1:00,2722.612002,2722.962493,0.350491
11/27/18 2:00,2722.60629,2722.956577,0.350287
11/27/18 3:00,2722.602924,2722.951375,0.348451
11/27/18 4:00,2722.602313,2722.950866,0.348553
11/27/18 5:00,2722.603128,2722.951783,0.348655
11/27/18 6:00,2722.60425,2722.952701,0.348451
11/27/18 7:00,2722.60629,2722.956577,0.350287
11/27/18 8:00,2722.612206,2722.962493,0.350287
11/27/18 9:00,2722.628728,2722.981361,0.352633
11/27/18 10:00,2722.638214,2722.992274,0.35406
11/27/18 11:00,2722.638724,2722.996762,0.358038
11/27/18 12:00,2722.64107,2722.996048,0.354978
11/27/18 13:00,2722.641172,2722.998598,0.357426
11/27/18 14:00,2722.642293,2722.998292,0.355999
11/27/18 15:00,2722.644537,2723.00329,0.358753
11/27/18 16:00,2722.643823,2723.003596,0.359773
11/27/18 17:00,2722.645761,2723.007777,0.362016
11/27/18 18:00,2722.646169,2723.009001,0.362832
11/27/18 19:00,2722.642089,2723.007675,0.365586
11/27/18 20:00,2722.64056,2723.006757,0.366197
11/27/18 21:00,2722.641682,2723.007369,0.365687
11/27/18 22:00,2722.643721,2723.008491,0.36477
11/27/18 23:00,2722.643925,2723.010225,0.3663
11/28/18 0:00,2722.645557,2723.009613,0.364056
11/28/18 1:00,2722.648209,2723.012571,0.364362
11/28/18 2:00,2722.649127,2723.011857,0.36273
11/28/18 3:00,2722.646781,2723.009103,0.362322
11/28/18 4:00,2722.648311,2723.010429,0.362118
11/28/18 5:00,2722.647699,2723.008185,0.360486
11/28/18 6:00,2722.642089,2723.002576,0.360487
11/28/18 7:00,2722.639132,2722.995028,0.355896
11/28/18 8:00,2722.636378,2722.993192,0.356814
11/28/18 9:00,2722.636072,2722.992784,0.356712
11/28/18 10:00,2722.636072,2722.992376,0.356304
11/28/18 11:00,2722.636684,2722.994212,0.357528
11/28/18 12:00,2722.63444,2722.994926,0.360486
11/28/18 13:00,2722.636174,2722.99717,0.360996
11/28/18 14:00,2722.634746,2722.997884,0.363138
11/28/18 15:00,2722.637806,2722.999006,0.3612
11/28/18 16:00,2722.640764,2723.005737,0.364973
11/28/18 17:00,2722.642293,2723.009409,0.367116
11/28/18 18:00,2722.647495,2723.014713,0.367218
11/28/18 19:00,2722.651677,2723.017874,0.366197
11/28/18 20:00,2722.656776,2723.023892,0.367116
11/28/18 21:00,2722.657286,2723.027156,0.36987
11/28/18 22:00,2722.66514,2723.032969,0.367829
11/28/18 23:00,2722.662182,2723.033377,0.371195
11/29/18 0:00,2722.66463,2723.036743,0.372113
11/29/18 1:00,2722.666364,2723.038885,0.372521
11/29/18 2:00,2722.667486,2723.039089,0.371603
11/29/18 3:00,2722.669015,2723.040415,0.3714
11/29/18 4:00,2722.6682,2723.036845,0.368645
11/29/18 5:00,2722.663916,2723.031337,0.367421
11/29/18 6:00,2722.660448,2723.02736,0.366912
11/29/18 7:00,2722.658612,2723.023892,0.36528
11/29/18 8:00,2722.658714,2723.021648,0.362934
11/29/18 9:00,2722.663712,2723.018384,0.354672
11/29/18 10:00,2722.658102,2723.016141,0.358039
11/29/18 11:00,2722.655043,2723.017568,0.362525
11/29/18 12:00,2722.651167,2723.015325,0.364158
11/29/18 13:00,2722.650147,2723.012469,0.362322
11/29/18 14:00,2722.646577,2723.013591,0.367014
11/29/18 15:00,2722.645863,2723.015223,0.36936
11/29/18 16:00,2722.644231,2723.016039,0.371808
11/29/18 17:00,2722.647393,2723.020424,0.373031
11/29/18 18:00,2722.648413,2723.024504,0.376091
11/29/18 19:00,2722.647495,2723.023586,0.376091
11/29/18 20:00,2722.647699,2723.023586,0.375887
11/29/18 21:00,2722.652391,2723.02583,0.373439
11/29/18 22:00,2722.655756,2723.029808,0.374052
11/29/18 23:00,2722.662794,2723.029502,0.366708
11/30/18 0:00,2722.664936,2723.030725,0.365789
11/30/18 1:00,2722.667486,2723.039293,0.371807
11/30/18 2:00,2722.667384,2723.040007,0.372623
11/30/18 3:00,2722.672585,2723.037763,0.365178
11/30/18 4:00,2722.666466,2723.031643,0.365177
11/30/18 5:00,2722.65902,2723.022872,0.363852
11/30/18 6:00,2722.648821,2723.012265,0.363444
11/30/18 7:00,2722.645149,2723.008083,0.362934
11/30/18 8:00,2722.642497,2723.005329,0.362832
11/30/18 9:00,2722.639642,2723.006451,0.366809
11/30/18 10:00,2722.639336,2723.007165,0.367829
11/30/18 11:00,2722.635562,2723.006349,0.370787
11/30/18 12:00,2722.634338,2723.005023,0.370685
11/30/18 13:00,2722.633726,2723.005737,0.372011
11/30/18 14:00,2722.633114,2723.003596,0.370482
11/30/18 15:00,2722.63342,2723.005533,0.372113
11/30/18 16:00,2722.633114,2723.004513,0.371399
11/30/18 17:00,2722.633114,2723.005125,0.372011
11/30/18 18:00,2722.634848,2723.006859,0.372011
11/30/18 19:00,2722.641376,2723.016855,0.375479
11/30/18 20:00,2722.648005,2723.026136,0.378131
11/30/18 21:00,2722.650045,2723.028992,0.378947
11/30/18 22:00,2722.650963,2723.028278,0.377315
11/30/18 23:00,2722.653717,2723.032459,0.378742
12/1/18 0:00,2722.659428,2723.036845,0.377417
12/1/18 1:00,2722.665548,2723.039905,0.374357
12/1/18 2:00,2722.657082,2723.028584,0.371502
12/1/18 3:00,2722.651473,2723.020016,0.368543
12/1/18 4:00,2722.642191,2723.004411,0.36222
12/1/18 5:00,2722.635664,2722.993294,0.35763
12/1/18 6:00,2722.634032,2722.990133,0.356101
12/1/18 7:00,2722.631584,2722.988909,0.357325
12/1/18 8:00,2722.630156,2722.988603,0.358447
12/1/18 9:00,2722.628627,2722.993192,0.364565
12/1/18 10:00,2722.632196,2722.994926,0.36273
12/1/18 11:00,2722.632604,2722.99768,0.365076
12/1/18 12:00,2722.634338,2722.998292,0.363954
12/1/18 13:00,2722.630054,2722.995334,0.36528
12/1/18 14:00,2722.630666,2722.994212,0.363546
12/1/18 15:00,2722.626689,2722.99105,0.364361
12/1/18 16:00,2722.627301,2722.991662,0.364361
12/1/18 17:00,2722.625261,2722.986053,0.360792
12/1/18 18:00,2722.621691,2722.978913,0.357222
12/1/18 19:00,2722.619141,2722.972998,0.353857
12/1/18 20:00,2722.616693,2722.962391,0.345698
12/1/18 21:00,2722.612206,2722.948316,0.33611
12/1/18 22:00,2722.628627,2722.94138,0.312753
12/1/18 23:00,2722.632196,2722.932303,0.300107
12/2/18 0:00,2722.624241,2722.935975,0.311734
12/2/18 1:00,2722.627913,2722.938014,0.310101
12/2/18 2:00,2722.630666,2722.947092,0.316426
12/2/18 3:00,2722.628117,2722.951171,0.323054
12/2/18 4:00,2722.610574,2722.939748,0.329174
12/2/18 5:00,2722.600987,2722.929243,0.328256
12/2/18 6:00,2722.608126,2722.930059,0.321933
12/2/18 7:00,2722.604046,2722.930977,0.326931
12/2/18 8:00,2722.603332,2722.934037,0.330705
12/2/18 9:00,2722.618631,2722.950356,0.331725
12/2/18 10:00,2722.624241,2722.961575,0.337334
12/2/18 11:00,2722.626077,2722.970754,0.344677
12/2/18 12:00,2722.632094,2722.980341,0.348247
12/2/18 13:00,2722.625873,2722.974222,0.348349
12/2/18 14:00,2722.625771,2722.969734,0.343963
12/2/18 15:00,2722.621895,2722.96647,0.344575
12/2/18 16:00,2722.618529,2722.963921,0.345392
12/2/18 17:00,2722.618121,2722.966572,0.348451
12/2/18 18:00,2722.622201,2722.969224,0.347023
12/2/18 19:00,2722.621487,2722.97361,0.352123
12/2/18 20:00,2722.621385,2722.973406,0.352021
12/2/18 21:00,2722.619039,2722.971162,0.352123
12/2/18 22:00,2722.619549,2722.972182,0.352633
12/2/18 23:00,2722.620263,2722.97565,0.355387
12/3/18 0:00,2722.621283,2722.976058,0.354775
12/3/18 1:00,2722.621079,2722.980545,0.359466
12/3/18 2:00,2722.621181,2722.979933,0.358752
12/3/18 3:00,2722.623629,2722.984013,0.360384
12/3/18 4:00,2722.624241,2722.984217,0.359976
12/3/18 5:00,2722.626281,2722.988705,0.362424
12/3/18 6:00,2722.625567,2722.990439,0.364872
12/3/18 7:00,2722.626995,2722.992172,0.365177
12/3/18 8:00,2722.626689,2722.99411,0.367421
12/3/18 9:00,2722.631074,2722.996558,0.365484
12/3/18 10:00,2722.634338,2723.001352,0.367014
12/3/18 11:00,2722.638214,2723.006043,0.367829
12/3/18 12:00,2722.639846,2723.004819,0.364973
12/3/18 13:00,2722.642293,2723.008593,0.3663
12/3/18 14:00,2722.643109,2723.006859,0.36375
12/3/18 15:00,2722.639336,2723.005839,0.366503
12/3/18 16:00,2722.636378,2723.003188,0.36681
12/3/18 17:00,2722.637296,2723.00227,0.364974
12/3/18 18:00,2722.634236,2723.001454,0.367218
12/3/18 19:00,2722.634338,2723.003188,0.36885
12/3/18 20:00,2722.634746,2723.005227,0.370481
12/3/18 21:00,2722.630972,2723.001046,0.370074
12/3/18 22:00,2722.631686,2723.002168,0.370482
12/3/18 23:00,2722.63342,2723.005329,0.371909
12/4/18 0:00,2722.633828,2723.004309,0.370481
12/4/18 1:00,2722.625975,2722.999618,0.373643
12/4/18 2:00,2722.624445,2722.992172,0.367727
12/4/18 3:00,2722.620467,2722.985237,0.36477
12/4/18 4:00,2722.60731,2722.96749,0.36018
12/4/18 5:00,2722.592827,2722.953415,0.360588
12/4/18 6:00,2722.579058,2722.937709,0.358651
12/4/18 7:00,2722.573857,2722.929141,0.355284
12/4/18 8:00,2722.582016,2722.934853,0.352837
12/4/18 9:00,2722.606698,2722.958821,0.352123
12/4/18 10:00,2722.617203,2722.971774,0.354571
12/4/18 11:00,2722.624649,2722.980647,0.355998
12/4/18 12:00,2722.624037,2722.977078,0.353041
12/4/18 13:00,2722.623629,2722.977282,0.353653
12/4/18 14:00,2722.623833,2722.978301,0.354468
12/4/18 15:00,2722.622609,2722.978913,0.356304
12/4/18 16:00,2722.611084,2722.968102,0.357018
12/4/18 17:00,2722.599151,2722.958413,0.359262
12/4/18 18:00,2722.587626,2722.946378,0.358752
12/4/18 19:00,2722.588646,2722.946786,0.35814
12/4/18 20:00,2722.583342,2722.942706,0.359364
12/4/18 21:00,2722.574163,2722.932813,0.35865
12/4/18 22:00,2722.575897,2722.934139,0.358242
12/4/18 23:00,2722.566003,2722.921696,0.355693
12/5/18 0:00,2722.561312,2722.915168,0.353856
12/5/18 1:00,2722.579364,2722.935975,0.356611
12/5/18 2:00,2722.590991,2722.951477,0.360486
12/5/18 3:00,2722.607514,2722.969836,0.362322
12/5/18 4:00,2722.618019,2722.977893,0.359874
12/5/18 5:00,2722.625261,2722.981463,0.356202
12/5/18 6:00,2722.625975,2722.982585,0.35661
12/5/18 7:00,2722.625159,2722.978199,0.35304
12/5/18 8:00,2722.621385,2722.972998,0.351613
12/5/18 9:00,2722.617713,2722.966776,0.349063
12/5/18 10:00,2722.619447,2722.969734,0.350287
12/5/18 11:00,2722.620467,2722.970448,0.349981
12/5/18 12:00,2722.621079,2722.972182,0.351103
12/5/18 13:00,2722.618835,2722.971162,0.352327
12/5/18 14:00,2722.620365,2722.975344,0.354979
12/5/18 15:00,2722.618937,2722.976262,0.357325
12/5/18 16:00,2722.619957,2722.979933,0.359976
12/5/18 17:00,2722.621181,2722.982381,0.3612
12/5/18 18:00,2722.620365,2722.983911,0.363546
12/5/18 19:00,2722.622711,2722.986155,0.363444
12/5/18 20:00,2722.623221,2722.987277,0.364056
12/5/18 21:00,2722.624241,2722.989725,0.365484
12/5/18 22:00,2722.625567,2722.992478,0.366911
12/5/18 23:00,2722.625873,2722.99258,0.366707
12/6/18 0:00,2722.627709,2722.99615,0.368441
12/6/18 1:00,2722.626179,2722.99564,0.369461
12/6/18 2:00,2722.626485,2722.995844,0.369359
12/6/18 3:00,2722.625669,2722.994824,0.369155
12/6/18 4:00,2722.629034,2722.997884,0.36885
12/6/18 5:00,2722.629748,2722.998598,0.36885
12/6/18 6:00,2722.63036,2722.998802,0.368442
12/6/18 7:00,2722.63138,2723.00227,0.37089
12/6/18 8:00,2722.632706,2723.003086,0.37038
12/6/18 9:00,2722.634542,2723.004411,0.369869
12/6/18 10:00,2722.634236,2723.005737,0.371501
12/6/18 11:00,2722.641478,2723.009001,0.367523
12/6/18 12:00,2722.641274,2723.011347,0.370073
12/6/18 13:00,2722.641172,2723.010939,0.369767
12/6/18 14:00,2722.641274,2723.012367,0.371093
12/6/18 15:00,2722.636582,2723.012571,0.375989
12/6/18 16:00,2722.641274,2723.017772,0.376498
12/6/18 17:00,2722.64158,2723.0192,0.37762
12/6/18 18:00,2722.643211,2723.019302,0.376091
12/6/18 19:00,2722.643211,2723.022056,0.378845
12/6/18 20:00,2722.640662,2723.023178,0.382516
12/6/18 21:00,2722.644945,2723.025116,0.380171
12/6/18 22:00,2722.643517,2723.025218,0.381701
12/6/18 23:00,2722.644639,2723.026646,0.382007
12/7/18 0:00,2722.645047,2723.026136,0.381089
12/7/18 1:00,2722.642089,2723.02532,0.383231
12/7/18 2:00,2722.644639,2723.025422,0.380783
12/7/18 3:00,2722.643721,2723.024504,0.380783
12/7/18 4:00,2722.645659,2723.026136,0.380477
12/7/18 5:00,2722.646577,2723.028686,0.382109
12/7/18 6:00,2722.643415,2723.027156,0.383741
12/7/18 7:00,2722.646373,2723.028482,0.382109
12/7/18 8:00,2722.644435,2723.027258,0.382823
12/7/18 9:00,2722.646067,2723.028584,0.382517
12/7/18 10:00,2722.648719,2723.035519,0.3868
12/7/18 11:00,2722.649943,2723.037049,0.387106
12/7/18 12:00,2722.650351,2723.039395,0.389044
12/7/18 13:00,2722.650249,2723.042455,0.392206
12/7/18 14:00,2722.651065,2723.044494,0.393429
12/7/18 15:00,2722.657388,2723.052858,0.39547
12/7/18 16:00,2722.656062,2723.051532,0.39547
12/7/18 17:00,2722.654023,2723.048574,0.394551
12/7/18 18:00,2722.655144,2723.04786,0.392716
12/7/18 19:00,2722.659632,2723.05092,0.391288
12/7/18 20:00,2722.658816,2723.046534,0.387718
12/7/18 21:00,2722.654227,2723.040313,0.386086
12/7/18 22:00,2722.653921,2723.037151,0.38323
12/7/18 23:00,2722.652391,2723.033479,0.381088
12/8/18 0:00,2722.650453,2723.028992,0.378539
12/8/18 1:00,2722.652187,2723.030317,0.37813
12/8/18 2:00,2722.650453,2723.024912,0.374459
12/8/18 3:00,2722.647495,2723.023994,0.376499
12/8/18 4:00,2722.645965,2723.02379,0.377825
12/8/18 5:00,2722.649127,2723.02787,0.378743
12/8/18 6:00,2722.650555,2723.031949,0.381394
12/8/18 7:00,2722.651677,2723.033683,0.382006
12/8/18 8:00,2722.651473,2723.033071,0.381598
12/8/18 9:00,2722.653105,2723.036335,0.38323
12/8/18 10:00,2722.654329,2723.034499,0.38017
12/8/18 11:00,2722.654839,2723.034397,0.379558
12/8/18 12:00,2722.652901,2723.032765,0.379864
12/8/18 13:00,2722.649127,2723.02991,0.380783
12/8/18 14:00,2722.646373,2723.027564,0.381191
12/8/18 15:00,2722.647393,2723.027768,0.380375
12/8/18 16:00,2722.638724,2723.020934,0.38221
12/8/18 17:00,2722.635664,2723.017772,0.382108
12/8/18 18:00,2722.634236,2723.012979,0.378743
12/8/18 19:00,2722.631074,2723.010021,0.378947
12/8/18 20:00,2722.631074,2723.009613,0.378539
12/8/18 21:00,2722.630564,2723.010123,0.379559
12/8/18 22:00,2722.631686,2723.011857,0.380171
12/8/18 23:00,2722.63138,2723.009001,0.377621
12/9/18 0:00,2722.629136,2723.008287,0.379151
12/9/18 1:00,2722.63036,2723.006961,0.376601
12/9/18 2:00,2722.625975,2723.002678,0.376703
12/9/18 3:00,2722.626689,2723.000434,0.373745
12/9/18 4:00,2722.623731,2722.999516,0.375785
12/9/18 5:00,2722.628525,2723.002984,0.374459
12/9/18 6:00,2722.627811,2723.002882,0.375071
12/9/18 7:00,2722.628728,2723.00227,0.373542
12/9/18 8:00,2722.626383,2723.000026,0.373643
12/9/18 9:00,2722.638112,2723.008185,0.370073
12/9/18 10:00,2722.643619,2723.013693,0.370074
12/9/18 11:00,2722.647597,2723.019608,0.372011
12/9/18 12:00,2722.648515,2723.023688,0.375173
12/9/18 13:00,2722.648311,2723.022056,0.373745
12/9/18 14:00,2722.646067,2723.016753,0.370686
12/9/18 15:00,2722.643823,2723.013591,0.369768
12/9/18 16:00,2722.637092,2723.009511,0.372419
12/9/18 17:00,2722.638826,2723.012673,0.373847
12/9/18 18:00,2722.63342,2723.006553,0.373133
12/9/18 19:00,2722.625873,2722.998394,0.372521
12/9/18 20:00,2722.619447,2722.993294,0.373847
12/9/18 21:00,2722.614144,2722.990642,0.376498
12/9/18 22:00,2722.614042,2722.991152,0.37711
12/9/18 23:00,2722.613532,2722.990235,0.376703
12/10/18 0:00,2722.611492,2722.988297,0.376805
12/10/18 1:00,2722.605066,2722.983707,0.378641
12/10/18 2:00,2722.606494,2722.984115,0.377621
12/10/18 3:00,2722.597213,2722.978301,0.381088
12/10/18 4:00,2722.609248,2722.993192,0.383944
12/10/18 5:00,2722.606596,2722.991866,0.38527
12/10/18 6:00,2722.608534,2722.992682,0.384148
12/10/18 7:00,2722.602313,2722.988195,0.385882
12/10/18 8:00,2722.604046,2722.988705,0.384659
12/10/18 9:00,2722.640866,2723.025014,0.384148
12/10/18 10:00,2722.651677,2723.035009,0.383332
12/10/18 11:00,2722.661978,2723.044596,0.382618
12/10/18 12:00,2722.668505,2723.052756,0.384251
12/10/18 13:00,2722.671361,2723.058161,0.3868
12/10/18 14:00,2722.673095,2723.061629,0.388534
12/10/18 15:00,2722.668709,2723.056427,0.387718
12/10/18 16:00,2722.659326,2723.042965,0.383639
12/10/18 17:00,2722.643415,2723.024504,0.381089
12/10/18 18:00,2722.636174,2723.013387,0.377213
12/10/18 19:00,2722.633012,2723.010531,0.377519
12/10/18 20:00,2722.631176,2723.007165,0.375989
12/10/18 21:00,2722.630666,2723.006859,0.376193
12/10/18 22:00,2722.630564,2723.006961,0.376397
12/10/18 23:00,2722.632706,2723.009511,0.376805
12/11/18 0:00,2722.63495,2723.012367,0.377417
12/11/18 1:00,2722.642395,2723.019608,0.377213
12/11/18 2:00,2722.646475,2723.022668,0.376193
12/11/18 3:00,2722.645455,2723.025422,0.379967
12/11/18 4:00,2722.646883,2723.025932,0.379049
12/11/18 5:00,2722.649127,2723.028176,0.379049
12/11/18 6:00,2722.653411,2723.030929,0.377518
12/11/18 7:00,2722.655348,2723.034193,0.378845
12/11/18 8:00,2722.65647,2723.036437,0.379967
12/11/18 9:00,2722.659938,2723.040007,0.380069
12/11/18 10:00,2722.663508,2723.045616,0.382108
12/11/18 11:00,2722.669933,2723.049186,0.379253
12/11/18 12:00,2722.671565,2723.05194,0.380375
12/11/18 13:00,2722.671871,2723.05551,0.383639
12/11/18 14:00,2722.675237,2723.059079,0.383842
12/11/18 15:00,2722.674523,2723.059589,0.385066
12/11/18 16:00,2722.672075,2723.056835,0.38476
12/11/18 17:00,2722.665446,2723.053266,0.38782
12/11/18 18:00,2722.663202,2723.049594,0.386392
12/11/18 19:00,2722.657286,2723.048574,0.391288
12/11/18 20:00,2722.65698,2723.048064,0.391084
12/11/18 21:00,2722.657184,2723.048472,0.391288
12/11/18 22:00,2722.657796,2723.048268,0.390472
12/11/18 23:00,2722.658102,2723.049492,0.39139
12/12/18 0:00,2722.653717,2723.046024,0.392307
12/12/18 1:00,2722.651269,2723.045718,0.394449
12/12/18 2:00,2722.649739,2723.045514,0.395775
12/12/18 3:00,2722.650861,2723.045004,0.394143
12/12/18 4:00,2722.651167,2723.045106,0.393939
12/12/18 5:00,2722.649535,2723.043067,0.393532
12/12/18 6:00,2722.643925,2723.041741,0.397816
12/12/18 7:00,2722.64005,2723.038477,0.398427
12/12/18 8:00,2722.644435,2723.042251,0.397816
12/12/18 9:00,2722.661366,2723.058569,0.397203
12/12/18 10:00,2722.671361,2723.067035,0.395674
12/12/18 11:00,2722.676665,2723.070706,0.394041
12/12/18 12:00,2722.679215,2723.073664,0.394449
12/12/18 13:00,2722.677889,2723.071624,0.393735
12/12/18 14:00,2722.680949,2723.071522,0.390573
12/12/18 15:00,2722.679623,2723.07091,0.391287
12/12/18 16:00,2722.678501,2723.070196,0.391695
12/12/18 17:00,2722.682784,2723.07142,0.388636
12/12/18 18:00,2722.687578,2723.07295,0.385372
12/12/18 19:00,2722.694208,2723.076826,0.382618
12/12/18 20:00,2722.693596,2723.07907,0.385474
12/12/18 21:00,2722.69278,2723.080498,0.387718
12/12/18 22:00,2722.689618,2723.079274,0.389656
12/12/18 23:00,2722.689924,2723.078968,0.389044
12/13/18 0:00,2722.688802,2723.079376,0.390574
12/13/18 1:00,2722.690128,2723.080702,0.390574
12/13/18 2:00,2722.681458,2723.076928,0.39547
12/13/18 3:00,2722.680439,2723.07397,0.393531
12/13/18 4:00,2722.680133,2723.074378,0.394245
12/13/18 5:00,2722.677481,2723.069788,0.392307
12/13/18 6:00,2722.673401,2723.064587,0.391186
12/13/18 7:00,2722.666772,2723.059181,0.392409
12/13/18 8:00,2722.667078,2723.060711,0.393633
12/13/18 9:00,2722.673197,2723.067035,0.393838
12/13/18 10:00,2722.680541,2723.072542,0.392001
12/13/18 11:00,2722.685028,2723.07601,0.390982
12/13/18 12:00,2722.686354,2723.079988,0.393634
12/13/18 13:00,2722.685538,2723.07856,0.393022
12/13/18 14:00,2722.686048,2723.079784,0.393736
12/13/18 15:00,2722.68615,2723.079784,0.393634
12/13/18 16:00,2722.675339,2723.070706,0.395367
12/13/18 17:00,2722.665854,2723.059691,0.393837
12/13/18 18:00,2722.660448,2723.057651,0.397203
12/13/18 19:00,2722.655756,2723.05347,0.397714
12/13/18 20:00,2722.656674,2723.053062,0.396388
12/13/18 21:00,2722.657592,2723.055816,0.398224
12/13/18 22:00,2722.658,2723.056733,0.398733
12/13/18 23:00,2722.651269,2723.04837,0.397101
12/14/18 0:00,2722.649433,2723.04735,0.397917
12/14/18 1:00,2722.649331,2723.047044,0.397713
12/14/18 2:00,2722.647291,2723.045004,0.397713
12/14/18 3:00,2722.646883,2723.04531,0.398427
12/14/18 4:00,2722.648515,2723.045922,0.397407
12/14/18 5:00,2722.648719,2723.046024,0.397305
12/14/18 6:00,2722.649331,2723.046636,0.397305
12/14/18 7:00,2722.648821,2723.048166,0.399345
12/14/18 8:00,2722.650555,2723.048676,0.398121
12/14/18 9:00,2722.671055,2723.067239,0.396184
12/14/18 10:00,2722.681255,2723.0755,0.394245
12/14/18 11:00,2722.685742,2723.081824,0.396082
12/14/18 12:00,2722.69125,2723.084169,0.392919
12/14/18 13:00,2722.691148,2723.085903,0.394755
12/14/18 14:00,2722.688904,2723.085393,0.396489
12/14/18 15:00,2722.68921,2723.086719,0.397509
12/14/18 16:00,2722.68564,2723.082232,0.396592
12/14/18 17:00,2722.674421,2723.071216,0.396795
12/14/18 18:00,2722.668913,2723.067851,0.398938
12/14/18 19:00,2722.664732,2723.066627,0.401895
12/14/18 20:00,2722.669525,2723.068463,0.398938
12/14/18 21:00,2722.667894,2723.065913,0.398019
12/14/18 22:00,2722.663406,2723.064383,0.400977
12/14/18 23:00,2722.663508,2723.064791,0.401283
12/15/18 0:00,2722.66106,2723.062751,0.401691
12/15/18 1:00,2722.662998,2723.065607,0.402609
12/15/18 2:00,2722.661876,2723.066219,0.404343
12/15/18 3:00,2722.668098,2723.071318,0.40322
12/15/18 4:00,2722.668301,2723.071012,0.402711
12/15/18 5:00,2722.671667,2723.072032,0.400365
12/15/18 6:00,2722.670341,2723.074174,0.403833
12/15/18 7:00,2722.668403,2723.071318,0.402915
12/15/18 8:00,2722.665344,2723.070298,0.404954
12/15/18 9:00,2722.678603,2723.081008,0.402405
12/15/18 10:00,2722.687782,2723.087229,0.399447
12/15/18 11:00,2722.69278,2723.090595,0.397815
12/15/18 12:00,2722.692678,2723.092737,0.400059
12/15/18 13:00,2722.691658,2723.090799,0.399141
12/15/18 14:00,2722.692474,2723.090187,0.397713
12/15/18 15:00,2722.692882,2723.092329,0.399447
12/15/18 16:00,2722.689312,2723.089779,0.400467
12/15/18 17:00,2722.682172,2723.085087,0.402915
12/15/18 18:00,2722.676869,2723.07805,0.401181
12/15/18 19:00,2722.674115,2723.07652,0.402405
12/15/18 20:00,2722.673503,2723.07652,0.403017
12/15/18 21:00,2722.673503,2723.079988,0.406485
12/15/18 22:00,2722.671259,2723.076316,0.405057
12/15/18 23:00,2722.670137,2723.075704,0.405567
12/16/18 0:00,2722.669831,2723.076316,0.406485
12/16/18 1:00,2722.668811,2723.077234,0.408423
12/16/18 2:00,2722.669117,2723.075602,0.406485
12/16/18 3:00,2722.670239,2723.074582,0.404343
12/16/18 4:00,2722.664018,2723.070298,0.40628
12/16/18 5:00,2722.664834,2723.072746,0.407912
12/16/18 6:00,2722.659122,2723.068157,0.409035
12/16/18 7:00,2722.66157,2723.070298,0.408728
12/16/18 8:00,2722.66157,2723.071216,0.409646
12/16/18 9:00,2722.675441,2723.080498,0.405057
12/16/18 10:00,2722.683294,2723.087331,0.404037
12/16/18 11:00,2722.690026,2723.092737,0.402711
12/16/18 12:00,2722.691556,2723.091309,0.399753
12/16/18 13:00,2722.694208,2723.093451,0.399243
12/16/18 14:00,2722.691862,2723.093043,0.401181
12/16/18 15:00,2722.690536,2723.090901,0.400365
12/16/18 16:00,2722.685436,2723.088759,0.403323
12/16/18 17:00,2722.672177,2723.078764,0.406587
12/16/18 18:00,2722.667588,2723.074786,0.407198
12/16/18 19:00,2722.66463,2723.072644,0.408014
12/16/18 20:00,2722.66055,2723.069585,0.409035
12/16/18 21:00,2722.661774,2723.07244,0.410666
12/16/18 22:00,2722.660958,2723.070196,0.409238
12/16/18 23:00,2722.659938,2723.071216,0.411278
12/17/18 0:00,2722.659326,2723.072134,0.412808
12/17/18 1:00,2722.65953,2723.06989,0.41036
12/17/18 2:00,2722.655246,2723.067035,0.411789
12/17/18 3:00,2722.653921,2723.065709,0.411788
12/17/18 4:00,2722.658408,2723.070706,0.412298
12/17/18 5:00,2722.662692,2723.074072,0.41138
12/17/18 6:00,2722.662692,2723.075194,0.412502
12/17/18 7:00,2722.660244,2723.072032,0.411788
12/17/18 8:00,2722.664222,2723.07601,0.411788
12/17/18 9:00,2722.677379,2723.085291,0.407912
12/17/18 10:00,2722.68156,2723.088861,0.407301
12/17/18 11:00,2722.68666,2723.092125,0.405465
12/17/18 12:00,2722.689006,2723.094471,0.405465
12/17/18 13:00,2722.690128,2723.094573,0.404445
12/17/18 14:00,2722.68717,2723.093145,0.405975
12/17/18 15:00,2722.690128,2723.093247,0.403119
12/17/18 16:00,2722.688394,2723.093655,0.405261
12/17/18 17:00,2722.684212,2723.088759,0.404547
12/17/18 18:00,2722.681764,2723.087433,0.405669
12/17/18 19:00,2722.678705,2723.083557,0.404852
12/17/18 20:00,2722.679215,2723.085393,0.406178
12/17/18 21:00,2722.677787,2723.084169,0.406382
12/17/18 22:00,2722.678297,2723.084781,0.406484
12/17/18 23:00,2722.677991,2723.085495,0.407504
12/18/18 0:00,2722.675645,2723.0806,0.404955
12/18/18 1:00,2722.674319,2723.081824,0.407505
12/18/18 2:00,2722.671259,2723.07958,0.408321
12/18/18 3:00,2722.670851,2723.078356,0.407505
12/18/18 4:00,2722.666874,2723.076418,0.409544
12/18/18 5:00,2722.661468,2723.073256,0.411788
12/18/18 6:00,2722.660244,2723.072644,0.4124
12/18/18 7:00,2722.662386,2723.076418,0.414032
12/18/18 8:00,2722.660244,2723.075296,0.415052
12/18/18 9:00,2722.669729,2723.083965,0.414236
12/18/18 10:00,2722.674319,2723.087841,0.413522
12/18/18 11:00,2722.680133,2723.091105,0.410972
12/18/18 12:00,2722.677583,2723.090391,0.412808
12/18/18 13:00,2722.678705,2723.093145,0.41444
12/18/18 14:00,2722.686966,2723.094777,0.407811
12/18/18 15:00,2722.683192,2723.096408,0.413216
12/18/18 16:00,2722.679827,2723.092839,0.413012
12/18/18 17:00,2722.68258,2723.094063,0.411483
12/18/18 18:00,2722.680949,2723.094369,0.41342
12/18/18 19:00,2722.677073,2723.091309,0.414236
12/18/18 20:00,2722.676359,2723.092635,0.416276
12/18/18 21:00,2722.676461,2723.093859,0.417398
12/18/18 22:00,2722.674625,2723.094573,0.419948
12/18/18 23:00,2722.680949,2723.095593,0.414644
12/19/18 0:00,2722.677685,2723.094777,0.417092
12/19/18 1:00,2722.679317,2723.093655,0.414338
12/19/18 2:00,2722.681662,2723.094471,0.412809
12/19/18 3:00,2722.678807,2723.093451,0.414644
12/19/18 4:00,2722.676461,2723.092941,0.41648
12/19/18 5:00,2722.675135,2723.089983,0.414848
12/19/18 6:00,2722.675849,2723.088555,0.412706
12/19/18 7:00,2722.674421,2723.087127,0.412706
12/19/18 8:00,2722.676359,2723.090187,0.413828
12/19/18 9:00,2722.675441,2723.087841,0.4124
12/19/18 10:00,2722.677685,2723.092125,0.41444
12/19/18 11:00,2722.675645,2723.089473,0.413828
12/19/18 12:00,2722.679827,2723.090799,0.410972
12/19/18 13:00,2722.681255,2723.091003,0.409748
12/19/18 14:00,2722.684926,2723.091921,0.406995
12/19/18 15:00,2722.688394,2723.088963,0.400569
12/19/18 16:00,2722.691556,2723.092533,0.400977
12/19/18 17:00,2722.69125,2723.092431,0.401181
12/19/18 18:00,2722.686354,2723.089983,0.403629
12/19/18 19:00,2722.68411,2723.089575,0.405465
12/19/18 20:00,2722.678093,2723.086821,0.408728
12/19/18 21:00,2722.679113,2723.088045,0.408932
12/19/18 22:00,2722.680337,2723.089167,0.40883
12/19/18 23:00,2722.674727,2723.086311,0.411584
12/20/18 0:00,2722.676665,2723.087433,0.410768
12/20/18 1:00,2722.674013,2723.088555,0.414542
12/20/18 2:00,2722.674625,2723.090697,0.416072
12/20/18 3:00,2722.674829,2723.091513,0.416684
12/20/18 4:00,2722.671157,2723.088249,0.417092
12/20/18 5:00,2722.659734,2723.075806,0.416072
12/20/18 6:00,2722.655654,2723.071216,0.415562
12/20/18 7:00,2722.653615,2723.070604,0.416989
12/20/18 8:00,2722.650963,2723.070298,0.419335
12/20/18 9:00,2722.657388,2723.078356,0.420968
12/20/18 10:00,2722.669015,2723.088657,0.419642
12/20/18 11:00,2722.673911,2723.093349,0.419438
12/20/18 12:00,2722.673809,2723.092635,0.418826
12/20/18 13:00,2722.674931,2723.094573,0.419642
12/20/18 14:00,2722.675237,2723.095491,0.420254
12/20/18 15:00,2722.677991,2723.098244,0.420253
12/20/18 16:00,2722.675339,2723.093349,0.41801
12/20/18 17:00,2722.665752,2723.086209,0.420457
12/20/18 18:00,2722.665038,2723.083659,0.418621
12/20/18 19:00,2722.66004,2723.077642,0.417602
12/20/18 20:00,2722.65851,2723.078356,0.419846
12/20/18 21:00,2722.657796,2723.07907,0.421274
12/20/18 22:00,2722.657388,2723.08162,0.424232
12/20/18 23:00,2722.65647,2723.079172,0.422702
12/21/18 0:00,2722.65596,2723.078764,0.422804
12/21/18 1:00,2722.654227,2723.080906,0.426679
12/21/18 2:00,2722.655246,2723.080702,0.425456
12/21/18 3:00,2722.653819,2723.078254,0.424435
12/21/18 4:00,2722.653411,2723.075908,0.422497
12/21/18 5:00,2722.655043,2723.07907,0.424027
12/21/18 6:00,2722.656878,2723.079988,0.42311
12/21/18 7:00,2722.655756,2723.082028,0.426272
12/21/18 8:00,2722.656776,2723.082538,0.425762
12/21/18 9:00,2722.659734,2723.086005,0.426271
12/21/18 10:00,2722.664834,2723.089269,0.424435
12/21/18 11:00,2722.668403,2723.091513,0.42311
12/21/18 12:00,2722.670035,2723.091921,0.421886
12/21/18 13:00,2722.668607,2723.093349,0.424742
12/21/18 14:00,2722.672891,2723.097938,0.425047
12/21/18 15:00,2722.677379,2723.096,0.418621
12/21/18 16:00,2722.676767,2723.095083,0.418316
12/21/18 17:00,2722.674625,2723.096102,0.421477
12/21/18 18:00,2722.673197,2723.094573,0.421376
12/21/18 19:00,2722.673197,2723.093961,0.420764
12/21/18 20:00,2722.674115,2723.094879,0.420764
12/21/18 21:00,2722.672483,2723.092635,0.420152
12/21/18 22:00,2722.672177,2723.091921,0.419744
12/21/18 23:00,2722.671463,2723.092227,0.420764
12/22/18 0:00,2722.672381,2723.091003,0.418622
12/22/18 1:00,2722.671055,2723.091411,0.420356
12/22/18 2:00,2722.670851,2723.089983,0.419132
12/22/18 3:00,2722.668403,2723.089269,0.420866
12/22/18 4:00,2722.667486,2723.087841,0.420355
12/22/18 5:00,2722.668098,2723.089677,0.421579
12/22/18 6:00,2722.669933,2723.089065,0.419132
12/22/18 7:00,2722.668811,2723.089269,0.420458
12/22/18 8:00,2722.672381,2723.092431,0.42005
12/22/18 9:00,2722.673095,2723.091717,0.418622
12/22/18 10:00,2722.672177,2723.092941,0.420764
12/22/18 11:00,2722.674013,2723.093349,0.419336
12/22/18 12:00,2722.673605,2723.091513,0.417908
12/22/18 13:00,2722.674217,2723.094165,0.419948
12/22/18 14:00,2722.674727,2723.093859,0.419132
12/22/18 15:00,2722.672075,2723.091921,0.419846
12/22/18 16:00,2722.669627,2723.090595,0.420968
12/22/18 17:00,2722.662386,2723.080702,0.418316
12/22/18 18:00,2722.656266,2723.0704,0.414134
12/22/18 19:00,2722.658102,2723.07346,0.415358
12/22/18 20:00,2722.650657,2723.066321,0.415664
12/22/18 21:00,2722.643313,2723.060711,0.417398
12/22/18 22:00,2722.646271,2723.061935,0.415664
12/22/18 23:00,2722.643619,2723.059385,0.415766
12/23/18 0:00,2722.64056,2723.059487,0.418927
12/23/18 1:00,2722.63291,2723.05092,0.41801
12/23/18 2:00,2722.633522,2723.052858,0.419336
12/23/18 3:00,2722.632094,2723.05041,0.418316
12/23/18 4:00,2722.628423,2723.04684,0.418417
12/23/18 5:00,2722.627505,2723.045004,0.417499
12/23/18 6:00,2722.633726,2723.05296,0.419234
12/23/18 7:00,2722.642905,2723.063771,0.420866
12/23/18 8:00,2722.646577,2723.066831,0.420254
12/23/18 9:00,2722.655654,2723.07448,0.418826
12/23/18 10:00,2722.657694,2723.07856,0.420866
12/23/18 11:00,2722.662896,2723.086617,0.423721
12/23/18 12:00,2722.668403,2723.092737,0.424334
12/23/18 13:00,2722.673911,2723.096918,0.423007
12/23/18 14:00,2722.674421,2723.096612,0.422191
12/23/18 15:00,2722.669423,2723.092329,0.422906
12/23/18 16:00,2722.66106,2723.080702,0.419642
12/23/18 17:00,2722.659122,2723.075908,0.416786
12/23/18 18:00,2722.657694,2723.074174,0.41648
12/23/18 19:00,2722.65749,2723.07193,0.41444
12/23/18 20:00,2722.658,2723.07142,0.41342
12/23/18 21:00,2722.654431,2723.068157,0.413726
12/23/18 22:00,2722.653717,2723.066525,0.412808
12/23/18 23:00,2722.654635,2723.065199,0.410564
12/24/18 0:00,2722.651065,2723.063363,0.412298
12/24/18 1:00,2722.651779,2723.064179,0.4124
12/24/18 2:00,2722.654533,2723.066219,0.411686
12/24/18 3:00,2722.657082,2723.065403,0.408321
12/24/18 4:00,2722.657592,2723.068667,0.411075
12/24/18 5:00,2722.656266,2723.068769,0.412503
12/24/18 6:00,2722.654533,2723.067035,0.412502
12/24/18 7:00,2722.65647,2723.069075,0.412605
12/24/18 8:00,2722.657694,2723.068157,0.410463
12/24/18 9:00,2722.660448,2723.071726,0.411278
12/24/18 10:00,2722.660856,2723.074072,0.413216
12/24/18 11:00,2722.661264,2723.075296,0.414032
12/24/18 12:00,2722.666262,2723.07907,0.412808
12/24/18 13:00,2722.667384,2723.078356,0.410972
12/24/18 14:00,2722.668505,2723.078152,0.409647
12/24/18 15:00,2722.671361,2723.078662,0.407301
12/24/18 16:00,2722.674013,2723.078866,0.404853
12/24/18 17:00,2722.675441,2723.078968,0.403527
12/24/18 18:00,2722.671055,2723.072338,0.401283
12/24/18 19:00,2722.669933,2723.069381,0.399448
12/24/18 20:00,2722.670647,2723.070604,0.399957
12/24/18 21:00,2722.666262,2723.064485,0.398223
12/24/18 22:00,2722.665038,2723.060303,0.395265
12/24/18 23:00,2722.6631,2723.058467,0.395367
12/25/18 0:00,2722.662386,2723.057753,0.395367
12/25/18 1:00,2722.66616,2723.058671,0.392511
12/25/18 2:00,2722.672891,2723.064077,0.391186
12/25/18 3:00,2722.680643,2723.069686,0.389043
12/25/18 4:00,2722.681968,2723.07193,0.389962
12/25/18 5:00,2722.679827,2723.069177,0.38935
12/25/18 6:00,2722.679011,2723.066627,0.387616
12/25/18 7:00,2722.679113,2723.068361,0.389248
12/25/18 8:00,2722.678807,2723.068871,0.390064
12/25/18 9:00,2722.681764,2723.073358,0.391594
12/25/18 10:00,2722.688394,2723.077132,0.388738
12/25/18 11:00,2722.689006,2723.081824,0.392818
12/25/18 12:00,2722.687476,2723.082742,0.395266
12/25/18 13:00,2722.6836,2723.083047,0.399447
12/25/18 14:00,2722.687272,2723.087331,0.400059
12/25/18 15:00,2722.68819,2723.087229,0.399039
12/25/18 16:00,2722.685538,2723.087331,0.401793
12/25/18 17:00,2722.683294,2723.084373,0.401079
12/25/18 18:00,2722.679419,2723.0806,0.401181
12/25/18 19:00,2722.678297,2723.08009,0.401793
12/25/18 20:00,2722.675441,2723.078764,0.403323
12/25/18 21:00,2722.675645,2723.081518,0.405873
12/25/18 22:00,2722.675747,2723.080294,0.404547
12/25/18 23:00,2722.676767,2723.079376,0.402609
12/26/18 0:00,2722.678501,2723.083965,0.405464
12/26/18 1:00,2722.677073,2723.084475,0.407402
12/26/18 2:00,2722.676869,2723.080396,0.403527
12/26/18 3:00,2722.677073,2723.082334,0.405261
12/26/18 4:00,2722.679011,2723.083761,0.40475
12/26/18 5:00,2722.675645,2723.081518,0.405873
12/26/18 6:00,2722.676053,2723.080804,0.404751
12/26/18 7:00,2722.677277,2723.08264,0.405363
12/26/18 8:00,2722.676869,2723.082742,0.405873
12/26/18 9:00,2722.678705,2723.084271,0.405566
12/26/18 10:00,2722.677685,2723.087535,0.40985
12/26/18 11:00,2722.681764,2723.088351,0.406587
12/26/18 12:00,2722.679827,2723.086515,0.406688
12/26/18 13:00,2722.678705,2723.087229,0.408524
12/26/18 14:00,2722.677481,2723.086617,0.409136
12/26/18 15:00,2722.674319,2723.085291,0.410972
12/26/18 16:00,2722.676155,2723.087841,0.411686
12/26/18 17:00,2722.675033,2723.085189,0.410156
12/26/18 18:00,2722.675747,2723.084373,0.408626
12/26/18 19:00,2722.668811,2723.078968,0.410157
12/26/18 20:00,2722.664732,2723.073052,0.40832
12/26/18 21:00,2722.66361,2723.073766,0.410156
12/26/18 22:00,2722.65647,2723.064179,0.407709
12/26/18 23:00,2722.655246,2723.061629,0.406383
12/27/18 0:00,2722.650351,2723.058977,0.408626
12/27/18 1:00,2722.647291,2723.053674,0.406383
12/27/18 2:00,2722.646373,2723.05092,0.404547
12/27/18 3:00,2722.645557,2723.049492,0.403935
12/27/18 4:00,2722.634032,2723.038477,0.404445
12/27/18 5:00,2722.631176,2723.032255,0.401079
12/27/18 6:00,2722.626893,2723.028176,0.401283
12/27/18 7:00,2722.623833,2723.02481,0.400977
12/27/18 8:00,2722.622405,2723.022158,0.399753
12/27/18 9:00,2722.650351,2723.051124,0.400773
12/27/18 10:00,2722.66412,2723.063465,0.399345
12/27/18 11:00,2722.66769,2723.06989,0.4022
12/27/18 12:00,2722.672483,2723.07397,0.401487
12/27/18 13:00,2722.670545,2723.075296,0.404751
12/27/18 14:00,2722.674931,2723.077846,0.402915
12/27/18 15:00,2722.673809,2723.080498,0.406689
12/27/18 16:00,2722.66514,2723.070604,0.405464
12/27/18 17:00,2722.657184,2723.062241,0.405057
12/27/18 18:00,2722.653819,2723.057243,0.403424
12/27/18 19:00,2722.648923,2723.054592,0.405669
12/27/18 20:00,2722.656878,2723.059589,0.402711
12/27/18 21:00,2722.660346,2723.061323,0.400977
12/27/18 22:00,2722.659224,2723.058365,0.399141
12/27/18 23:00,2722.655858,2723.054082,0.398224
12/28/18 0:00,2722.650657,2723.051328,0.400671
12/28/18 1:00,2722.655552,2723.052756,0.397204
12/28/18 2:00,2722.650657,2723.048778,0.398121
12/28/18 3:00,2722.644231,2723.043576,0.399345
12/28/18 4:00,2722.646781,2723.046942,0.400161
12/28/18 5:00,2722.649025,2723.04633,0.397305
12/28/18 6:00,2722.647801,2723.046432,0.398631
12/28/18 7:00,2722.649739,2723.047452,0.397713
12/28/18 8:00,2722.648719,2723.047962,0.399243
12/28/18 9:00,2722.651779,2723.051226,0.399447
12/28/18 10:00,2722.65545,2723.054592,0.399142
12/28/18 11:00,2722.659326,2723.059079,0.399753
12/28/18 12:00,2722.66259,2723.064179,0.401589
12/28/18 13:00,2722.666772,2723.069279,0.402507
12/28/18 14:00,2722.666058,2723.068973,0.402915
12/28/18 15:00,2722.669117,2723.070502,0.401385
12/28/18 16:00,2722.665446,2723.069483,0.404037
12/28/18 17:00,2722.666262,2723.067647,0.401385
12/28/18 18:00,2722.666262,2723.067647,0.401385
12/28/18 19:00,2722.66412,2723.065913,0.401793
12/28/18 20:00,2722.664834,2723.065301,0.400467
12/28/18 21:00,2722.661774,2723.064893,0.403119
12/28/18 22:00,2722.662896,2723.065301,0.402405
12/28/18 23:00,2722.663304,2723.063159,0.399855
12/29/18 0:00,2722.661366,2723.060915,0.399549
12/29/18 1:00,2722.655552,2723.05551,0.399958
12/29/18 2:00,2722.655654,2723.054286,0.398632
12/29/18 3:00,2722.653819,2723.054184,0.400365
12/29/18 4:00,2722.652901,2723.052144,0.399243
12/29/18 5:00,2722.639642,2723.038681,0.399039
12/29/18 6:00,2722.617611,2723.018588,0.400977
12/29/18 7:00,2722.607412,2723.005839,0.398427
12/29/18 8:00,2722.602822,2723.001352,0.39853
12/29/18 9:00,2722.633012,2723.032255,0.399243
12/29/18 10:00,2722.649943,2723.047146,0.397203
12/29/18 11:00,2722.65545,2723.054898,0.399448
12/29/18 12:00,2722.659428,2723.060711,0.401283
12/29/18 13:00,2722.664528,2723.067035,0.402507
12/29/18 14:00,2722.66565,2723.065403,0.399753
12/29/18 15:00,2722.666568,2723.067545,0.400977
12/29/18 16:00,2722.654635,2723.054694,0.400059
12/29/18 17:00,2722.639948,2723.040721,0.400773
12/29/18 18:00,2722.626587,2723.025116,0.398529
12/29/18 19:00,2722.623017,2723.021444,0.398427
12/29/18 20:00,2722.624547,2723.02124,0.396693
12/29/18 21:00,2722.623323,2723.02124,0.397917
12/29/18 22:00,2722.621181,2723.018384,0.397203
12/29/18 23:00,2722.625057,2723.02175,0.396693
12/30/18 0:00,2722.620671,2723.015937,0.395266
12/30/18 1:00,2722.624853,2723.02022,0.395367
12/30/18 2:00,2722.618121,2723.014407,0.396286
12/30/18 3:00,2722.619039,2723.015937,0.396898
12/30/18 4:00,2722.619651,2723.015223,0.395572
12/30/18 5:00,2722.620671,2723.016855,0.396184
12/30/18 6:00,2722.620671,2723.013999,0.393328
12/30/18 7:00,2722.615673,2723.012163,0.39649
12/30/18 8:00,2722.617305,2723.012367,0.395062
12/30/18 9:00,2722.637704,2723.034601,0.396897
12/30/18 10:00,2722.651881,2723.049798,0.397917
12/30/18 11:00,2722.658306,2723.054388,0.396082
12/30/18 12:00,2722.660448,2723.058671,0.398223
12/30/18 13:00,2722.665242,2723.061425,0.396183
12/30/18 14:00,2722.660958,2723.057141,0.396183
12/30/18 15:00,2722.660244,2723.055816,0.395572
12/30/18 16:00,2722.652289,2723.047248,0.394959
12/30/18 17:00,2722.647495,2723.043678,0.396183
12/30/18 18:00,2722.645761,2723.041027,0.395266
12/30/18 19:00,2722.63699,2723.032561,0.395571
12/30/18 20:00,2722.639846,2723.034703,0.394857
12/30/18 21:00,2722.645047,2723.040007,0.39496
12/30/18 22:00,2722.641987,2723.036335,0.394348
12/30/18 23:00,2722.637704,2723.033377,0.395673
12/31/18 0:00,2722.641784,2723.035927,0.394143
12/31/18 1:00,2722.643517,2723.038885,0.395368
12/31/18 2:00,2722.644333,2723.041231,0.396898
12/31/18 3:00,2722.649331,2723.042761,0.39343
12/31/18 4:00,2722.648311,2723.042557,0.394246
12/31/18 5:00,2722.649841,2723.044698,0.394857
12/31/18 6:00,2722.650963,2723.045616,0.394653
12/31/18 7:00,2722.651881,2723.047146,0.395265
12/31/18 8:00,2722.653513,2723.047146,0.393633
12/31/18 9:00,2722.655552,2723.051532,0.39598
12/31/18 10:00,2722.658102,2723.052144,0.394042
12/31/18 11:00,2722.656878,2723.049084,0.392206
12/31/18 12:00,2722.658102,2723.05245,0.394348
12/31/18 13:00,2722.66361,2723.053266,0.389656
12/31/18 14:00,2722.662182,2723.054082,0.3919
12/31/18 15:00,2722.660652,2723.052756,0.392104
12/31/18 16:00,2722.66055,2723.054796,0.394246
12/31/18 17:00,2722.663202,2723.057549,0.394347
12/31/18 18:00,2722.66463,2723.056122,0.391492
12/31/18 19:00,2722.667078,2723.055816,0.388738
12/31/18 20:00,2722.66667,2723.054898,0.388228
12/31/18 21:00,2722.669525,2723.057039,0.387514
12/31/18 22:00,2722.668505,2723.057039,0.388534
12/31/18 23:00,2722.668098,2723.055612,0.387514
1/1/19 0:00,2722.66718,2723.05398,0.3868
1/1/19 1:00,2722.664426,2723.05194,0.387514
1/1/19 2:00,2722.665344,2723.051328,0.385984
1/1/19 3:00,2722.667078,2723.051124,0.384046
1/1/19 4:00,2722.662794,2723.050308,0.387514
1/1/19 5:00,2722.66514,2723.047656,0.382516
1/1/19 6:00,2722.667282,2723.05143,0.384148
1/1/19 7:00,2722.666874,2723.049696,0.382822
1/1/19 8:00,2722.664732,2723.049798,0.385066
1/1/19 9:00,2722.664222,2723.04888,0.384658
1/1/19 10:00,2722.66463,2723.055102,0.390472
1/1/19 11:00,2722.668607,2723.05347,0.384863
1/1/19 12:00,2722.667282,2723.056631,0.389349
1/1/19 13:00,2722.671259,2723.056224,0.384965
1/1/19 14:00,2722.672483,2723.057549,0.385066
1/1/19 15:00,2722.672687,2723.059895,0.387208
1/1/19 16:00,2722.66361,2723.048982,0.385372
1/1/19 17:00,2722.653513,2723.038069,0.384556
1/1/19 18:00,2722.646169,2723.030521,0.384352
1/1/19 19:00,2722.641376,2723.024708,0.383332
1/1/19 20:00,2722.635766,2723.020526,0.38476
1/1/19 21:00,2722.631482,2723.015121,0.383639
1/1/19 22:00,2722.622813,2723.006757,0.383944
1/1/19 23:00,2722.63342,2723.015223,0.381803
1/2/19 0:00,2722.621589,2723.005023,0.383434
1/2/19 1:00,2722.613022,2722.996558,0.383536
1/2/19 2:00,2722.601089,2722.984421,0.383332
1/2/19 3:00,2722.601803,2722.983605,0.381802
1/2/19 4:00,2722.601803,2722.984625,0.382822
1/2/19 5:00,2722.603026,2722.988195,0.385169
1/2/19 6:00,2722.599763,2722.982483,0.38272
1/2/19 7:00,2722.599967,2722.981463,0.381496
1/2/19 8:00,2722.594459,2722.977893,0.383434
1/2/19 9:00,2722.633624,2723.015733,0.382109
1/2/19 10:00,2722.650453,2723.031337,0.380884
1/2/19 11:00,2722.660346,2723.040925,0.380579
1/2/19 12:00,2722.666874,2723.052042,0.385168
1/2/19 13:00,2722.674829,2723.058161,0.383332
1/2/19 14:00,2722.671973,2723.057243,0.38527
1/2/19 15:00,2722.674217,2723.055102,0.380885
1/2/19 16:00,2722.66208,2723.044392,0.382312
1/2/19 17:00,2722.646373,2723.029502,0.383129
1/2/19 18:00,2722.634848,2723.015427,0.380579
1/2/19 19:00,2722.628423,2723.009103,0.38068
1/2/19 20:00,2722.622507,2723.001862,0.379355
1/2/19 21:00,2722.621283,2723.001454,0.380171
1/2/19 22:00,2722.617917,2722.995742,0.377825
1/2/19 23:00,2722.615368,2722.993396,0.378028
1/3/19 0:00,2722.621079,2722.99819,0.377111
1/3/19 1:00,2722.618325,2722.99513,0.376805
1/3/19 2:00,2722.616387,2722.989725,0.373338
1/3/19 3:00,2722.619243,2722.99258,0.373337
1/3/19 4:00,2722.621589,2722.994008,0.372419
1/3/19 5:00,2722.616897,2722.990642,0.373745
1/3/19 6:00,2722.617509,2722.992988,0.375479
1/3/19 7:00,2722.622507,2722.994416,0.371909
1/3/19 8:00,2722.623935,2722.997068,0.373133
1/3/19 9:00,2722.648515,2723.022056,0.373541
1/3/19 10:00,2722.659428,2723.031949,0.372521
1/3/19 11:00,2722.664732,2723.040211,0.375479
1/3/19 12:00,2722.670851,2723.045922,0.375071
1/3/19 13:00,2722.674829,2723.049696,0.374867
1/3/19 14:00,2722.678807,2723.05194,0.373133
1/3/19 15:00,2722.679317,2723.055306,0.375989
1/3/19 16:00,2722.665956,2723.044086,0.37813
1/3/19 17:00,2722.65698,2723.036743,0.379763
1/3/19 18:00,2722.653921,2723.031133,0.377212
1/3/19 19:00,2722.651779,2723.027768,0.375989
1/3/19 20:00,2722.650249,2723.027768,0.377519
1/3/19 21:00,2722.652391,2723.029706,0.377315
1/3/19 22:00,2722.650351,2723.02634,0.375989
1/3/19 23:00,2722.648821,2723.025116,0.376295
1/4/19 0:00,2722.647291,2723.01971,0.372419
1/4/19 1:00,2722.643619,2723.016956,0.373337
1/4/19 2:00,2722.640458,2723.011347,0.370889
1/4/19 3:00,2722.638622,2723.007981,0.369359
1/4/19 4:00,2722.63546,2723.007063,0.371603
1/4/19 5:00,2722.639234,2723.008185,0.368951
1/4/19 6:00,2722.637602,2723.007369,0.369767
1/4/19 7:00,2722.636276,2723.006655,0.370379
1/4/19 8:00,2722.637092,2723.007981,0.370889
1/4/19 9:00,2722.650963,2723.021138,0.370175
1/4/19 10:00,2722.658816,2723.029604,0.370788
1/4/19 11:00,2722.66616,2723.037457,0.371297
1/4/19 12:00,2722.668811,2723.042455,0.373644
1/4/19 13:00,2722.671463,2723.046432,0.374969
1/4/19 14:00,2722.674319,2723.046534,0.372215
1/4/19 15:00,2722.674319,2723.049492,0.375173
1/4/19 16:00,2722.667078,2723.04327,0.376192
1/4/19 17:00,2722.660856,2723.037763,0.376907
1/4/19 18:00,2722.658,2723.034805,0.376805
1/4/19 19:00,2722.651473,2723.028278,0.376805
1/4/19 20:00,2722.649127,2723.02787,0.378743
1/4/19 21:00,2722.648617,2723.027156,0.378539
1/4/19 22:00,2722.649331,2723.028788,0.379457
1/4/19 23:00,2722.647699,2723.0243,0.376601
1/5/19 0:00,2722.647495,2723.021546,0.374051
1/5/19 1:00,2722.644027,2723.02022,0.376193
1/5/19 2:00,2722.642395,2723.016039,0.373644
1/5/19 3:00,2722.64005,2723.015733,0.375683
1/5/19 4:00,2722.64107,2723.016345,0.375275
1/5/19 5:00,2722.639336,2723.014917,0.375581
1/5/19 6:00,2722.639336,2723.015223,0.375887
1/5/19 7:00,2722.63903,2723.016651,0.377621
1/5/19 8:00,2722.639336,2723.014713,0.375377
1/5/19 9:00,2722.649331,2723.025626,0.376295
1/5/19 10:00,2722.658714,2723.036233,0.377519
1/5/19 11:00,2722.665344,2723.041333,0.375989
1/5/19 12:00,2722.6682,2723.044086,0.375886
1/5/19 13:00,2722.670647,2723.046432,0.375785
1/5/19 14:00,2722.673503,2723.048166,0.374663
1/5/19 15:00,2722.672279,2723.04786,0.375581
1/5/19 16:00,2722.670239,2723.047554,0.377315
1/5/19 17:00,2722.669525,2723.046942,0.377417
1/5/19 18:00,2722.669219,2723.045718,0.376499
1/5/19 19:00,2722.66616,2723.044494,0.378334
1/5/19 20:00,2722.663406,2723.042659,0.379253
1/5/19 21:00,2722.66208,2723.041027,0.378947
1/5/19 22:00,2722.665344,2723.042965,0.377621
1/5/19 23:00,2722.6631,2723.040517,0.377417
1/6/19 0:00,2722.660142,2723.038375,0.378233
1/6/19 1:00,2722.662794,2723.039803,0.377009
1/6/19 2:00,2722.662794,2723.038273,0.375479
1/6/19 3:00,2722.660754,2723.037763,0.377009
1/6/19 4:00,2722.661264,2723.037457,0.376193
1/6/19 5:00,2722.661366,2723.038987,0.377621
1/6/19 6:00,2722.663406,2723.040007,0.376601
1/6/19 7:00,2722.663916,2723.040619,0.376703
1/6/19 8:00,2722.662896,2723.041843,0.378947
1/6/19 9:00,2722.664324,2723.043372,0.379048
1/6/19 10:00,2722.664936,2723.044902,0.379966
1/6/19 11:00,2722.667282,2723.048574,0.381292
1/6/19 12:00,2722.668607,2723.051124,0.382517
1/6/19 13:00,2722.668301,2723.049186,0.380885
1/6/19 14:00,2722.66769,2723.04888,0.38119
1/6/19 15:00,2722.669525,2723.051328,0.381803
1/6/19 16:00,2722.670239,2723.05143,0.381191
1/6/19 17:00,2722.670035,2723.05398,0.383945
1/6/19 18:00,2722.674523,2723.056835,0.382312
1/6/19 19:00,2722.674217,2723.055816,0.381599
1/6/19 20:00,2722.681357,2723.057957,0.3766
1/6/19 21:00,2722.680439,2723.057753,0.377314
1/6/19 22:00,2722.685436,2723.061221,0.375785
1/6/19 23:00,2722.68921,2723.059691,0.370481
1/7/19 0:00,2722.688598,2723.059691,0.371093
1/7/19 1:00,2722.688904,2723.058161,0.369257
1/7/19 2:00,2722.690434,2723.058569,0.368135
1/7/19 3:00,2722.689924,2723.058569,0.368645
1/7/19 4:00,2722.687782,2723.056631,0.368849
1/7/19 5:00,2722.688802,2723.055408,0.366606
1/7/19 6:00,2722.687476,2723.055408,0.367932
1/7/19 7:00,2722.687068,2723.054082,0.367014
1/7/19 8:00,2722.695839,2723.058467,0.362628
1/7/19 9:00,2722.695635,2723.057957,0.362322
1/7/19 10:00,2722.6938,2723.054592,0.360792
1/7/19 11:00,2722.691964,2723.054592,0.362628
1/7/19 12:00,2722.692882,2723.057039,0.364157
1/7/19 13:00,2722.697369,2723.059997,0.362628
1/7/19 14:00,2722.696043,2723.060201,0.364158
1/7/19 15:00,2722.698695,2723.060711,0.362016
1/7/19 16:00,2722.701041,2723.063363,0.362322
1/7/19 17:00,2722.701653,2723.063057,0.361404
1/7/19 18:00,2722.705223,2723.064893,0.35967
1/7/19 19:00,2722.701347,2723.059997,0.35865
1/7/19 20:00,2722.701959,2723.060507,0.358548
1/7/19 21:00,2722.699409,2723.060405,0.360996
1/7/19 22:00,2722.702571,2723.061731,0.35916
1/7/19 23:00,2722.702571,2723.063873,0.361302
1/8/19 0:00,2722.703183,2723.062751,0.359568
1/8/19 1:00,2722.702979,2723.062139,0.35916
1/8/19 2:00,2722.700633,2723.059181,0.358548
1/8/19 3:00,2722.698797,2723.056427,0.35763
1/8/19 4:00,2722.694921,2723.052552,0.357631
1/8/19 5:00,2722.692576,2723.050818,0.358242
1/8/19 6:00,2722.691964,2723.048778,0.356814
1/8/19 7:00,2722.691046,2723.048472,0.357426
1/8/19 8:00,2722.688598,2723.048778,0.36018
1/8/19 9:00,2722.684722,2723.046534,0.361812
1/8/19 10:00,2722.686048,2723.044698,0.35865
1/8/19 11:00,2722.686456,2723.049186,0.36273
1/8/19 12:00,2722.69125,2723.056529,0.365279
1/8/19 13:00,2722.692168,2723.061527,0.369359
1/8/19 14:00,2722.69176,2723.063057,0.371297
1/8/19 15:00,2722.693188,2723.064689,0.371501
1/8/19 16:00,2722.692984,2723.065607,0.372623
1/8/19 17:00,2722.690434,2723.063057,0.372623
1/8/19 18:00,2722.687476,2723.059079,0.371603
1/8/19 19:00,2722.68462,2723.05551,0.37089
1/8/19 20:00,2722.681968,2723.051532,0.369564
1/8/19 21:00,2722.680031,2723.05041,0.370379
1/8/19 22:00,2722.679113,2723.052348,0.373235
1/8/19 23:00,2722.678093,2723.050308,0.372215
1/9/19 0:00,2722.675951,2723.047452,0.371501
1/9/19 1:00,2722.677889,2723.05143,0.373541
1/9/19 2:00,2722.673605,2723.047044,0.373439
1/9/19 3:00,2722.679623,2723.050614,0.370991
1/9/19 4:00,2722.677379,2723.048982,0.371603
1/9/19 5:00,2722.677583,2723.051328,0.373745
1/9/19 6:00,2722.679011,2723.050614,0.371603
1/9/19 7:00,2722.678297,2723.049186,0.370889
1/9/19 8:00,2722.675033,2723.046636,0.371603
1/9/19 9:00,2722.675135,2723.048064,0.372929
1/9/19 10:00,2722.676461,2723.048574,0.372113
1/9/19 11:00,2722.678807,2723.053776,0.374969
1/9/19 12:00,2722.684416,2723.061119,0.376703
1/9/19 13:00,2722.684212,2723.061221,0.377009
1/9/19 14:00,2722.685334,2723.064077,0.378743
1/9/19 15:00,2722.686252,2723.066831,0.380579
1/9/19 16:00,2722.688802,2723.070604,0.381802
1/9/19 17:00,2722.687374,2723.065403,0.378029
1/9/19 18:00,2722.684008,2723.062139,0.378131
1/9/19 19:00,2722.680541,2723.062445,0.381904
1/9/19 20:00,2722.679827,2723.059487,0.37966
1/9/19 21:00,2722.677175,2723.058773,0.381598
1/9/19 22:00,2722.671463,2723.053266,0.381803
1/9/19 23:00,2722.673299,2723.057039,0.38374
1/10/19 0:00,2722.672177,2723.054592,0.382415
1/10/19 1:00,2722.671055,2723.05449,0.383435
1/10/19 2:00,2722.6682,2723.047758,0.379558
1/10/19 3:00,2722.669423,2723.050002,0.380579
1/10/19 4:00,2722.668709,2723.050818,0.382109
1/10/19 5:00,2722.667486,2723.048064,0.380578
1/10/19 6:00,2722.667078,2723.046942,0.379864
1/10/19 7:00,2722.666772,2723.04939,0.382618
1/10/19 8:00,2722.670137,2723.051328,0.381191
1/10/19 9:00,2722.671871,2723.055714,0.383843
1/10/19 10:00,2722.677991,2723.060099,0.382108
1/10/19 11:00,2722.679827,2723.062955,0.383128
1/10/19 12:00,2722.682682,2723.068055,0.385373
1/10/19 13:00,2722.68411,2723.071012,0.386902
1/10/19 14:00,2722.682478,2723.072338,0.38986
1/10/19 15:00,2722.684212,2723.072338,0.388126
1/10/19 16:00,2722.681764,2723.072542,0.390778
1/10/19 17:00,2722.685334,2723.073766,0.388432
1/10/19 18:00,2722.684416,2723.072542,0.388126
1/10/19 19:00,2722.682682,2723.070196,0.387514
1/10/19 20:00,2722.68207,2723.071828,0.389758
1/10/19 21:00,2722.685232,2723.073052,0.38782
1/10/19 22:00,2722.689822,2723.0755,0.385678
1/10/19 23:00,2722.687476,2723.074684,0.387208
1/11/19 0:00,2722.68513,2723.072032,0.386902
1/11/19 1:00,2722.68768,2723.073868,0.386188
1/11/19 2:00,2722.690638,2723.073766,0.383128
1/11/19 3:00,2722.691046,2723.072848,0.381802
1/11/19 4:00,2722.688904,2723.072338,0.383434
1/11/19 5:00,2722.69125,2723.07499,0.38374
1/11/19 6:00,2722.694412,2723.07601,0.381598
1/11/19 7:00,2722.695227,2723.075092,0.379865
1/11/19 8:00,2722.695533,2723.07448,0.378947
1/11/19 9:00,2722.693188,2723.069992,0.376804
1/11/19 10:00,2722.692678,2723.072644,0.379966
1/11/19 11:00,2722.69125,2723.071726,0.380476
1/11/19 12:00,2722.691046,2723.071624,0.380578
1/11/19 13:00,2722.68921,2723.07244,0.38323
1/11/19 14:00,2722.687884,2723.071114,0.38323
1/11/19 15:00,2722.690026,2723.074582,0.384556
1/11/19 16:00,2722.691352,2723.072746,0.381394
1/11/19 17:00,2722.6887,2723.073868,0.385168
1/11/19 18:00,2722.690536,2723.076724,0.386188
1/11/19 19:00,2722.688598,2723.075194,0.386596
1/11/19 20:00,2722.687476,2723.071726,0.38425
1/11/19 21:00,2722.686252,2723.068973,0.382721
1/11/19 22:00,2722.684008,2723.067443,0.383435
1/11/19 23:00,2722.678807,2723.063873,0.385066
1/12/19 0:00,2722.679623,2723.063771,0.384148
1/12/19 1:00,2722.678195,2723.062649,0.384454
1/12/19 2:00,2722.679113,2723.063159,0.384046
1/12/19 3:00,2722.68156,2723.066321,0.384761
1/12/19 4:00,2722.682172,2723.064383,0.382211
1/12/19 5:00,2722.679317,2723.062751,0.383434
1/12/19 6:00,2722.678195,2723.061323,0.383128
1/12/19 7:00,2722.676971,2723.060099,0.383128
1/12/19 8:00,2722.679011,2723.060609,0.381598
1/12/19 9:00,2722.678297,2723.061221,0.382924
1/12/19 10:00,2722.681153,2723.062445,0.381292
1/12/19 11:00,2722.683906,2723.065403,0.381497
1/12/19 12:00,2722.682274,2723.065403,0.383129
1/12/19 13:00,2722.682988,2723.066525,0.383537
1/12/19 14:00,2722.679623,2723.065301,0.385678
1/12/19 15:00,2722.682886,2723.064383,0.381497
1/12/19 16:00,2722.682784,2723.069279,0.386495
1/12/19 17:00,2722.681968,2723.069279,0.387311
1/12/19 18:00,2722.679113,2723.064995,0.385882
1/12/19 19:00,2722.676257,2723.061935,0.385678
1/12/19 20:00,2722.677991,2723.061527,0.383536
1/12/19 21:00,2722.676461,2723.059079,0.382618
1/12/19 22:00,2722.675033,2723.056529,0.381496
1/12/19 23:00,2722.674931,2723.057447,0.382516
1/13/19 0:00,2722.672279,2723.055204,0.382925
1/13/19 1:00,2722.675645,2723.056326,0.380681
1/13/19 2:00,2722.672177,2723.054796,0.382619
1/13/19 3:00,2722.674625,2723.05398,0.379355
1/13/19 4:00,2722.672177,2723.055714,0.383537
1/13/19 5:00,2722.672585,2723.05449,0.381905
1/13/19 6:00,2722.672585,2723.057243,0.384658
1/13/19 7:00,2722.674013,2723.053674,0.379661
1/13/19 8:00,2722.673095,2723.055306,0.382211
1/13/19 9:00,2722.670851,2723.053368,0.382517
1/13/19 10:00,2722.670851,2723.052042,0.381191
1/13/19 11:00,2722.671667,2723.054286,0.382619
1/13/19 12:00,2722.674421,2723.058365,0.383944
1/13/19 13:00,2722.677379,2723.057447,0.380068
1/13/19 14:00,2722.676461,2723.057957,0.381496
1/13/19 15:00,2722.678909,2723.061221,0.382312
1/13/19 16:00,2722.677787,2723.060303,0.382516
1/13/19 17:00,2722.672483,2723.058467,0.385984
1/13/19 18:00,2722.668709,2723.050206,0.381497
1/13/19 19:00,2722.658918,2723.041435,0.382517
1/13/19 20:00,2722.654431,2723.033173,0.378742
1/13/19 21:00,2722.652493,2723.030827,0.378334
1/13/19 22:00,2722.650147,2723.025116,0.374969
1/13/19 23:00,2722.642497,2723.018384,0.375887
1/14/19 0:00,2722.640152,2723.011449,0.371297
1/14/19 1:00,2722.638622,2723.013591,0.374969
1/14/19 2:00,2722.638622,2723.010123,0.371501
1/14/19 3:00,2722.639744,2723.015427,0.375683
1/14/19 4:00,2722.640356,2723.018486,0.37813
1/14/19 5:00,2722.641987,2723.022566,0.380579
1/14/19 6:00,2722.641885,2723.026748,0.384863
1/14/19 7:00,2722.648209,2723.035111,0.386902
1/14/19 8:00,2722.647393,2723.036437,0.389044
1/14/19 9:00,2722.650351,2723.038375,0.388024
1/14/19 10:00,2722.657184,2723.042455,0.385271
1/14/19 11:00,2722.665854,2723.044494,0.37864
1/14/19 12:00,2722.676665,2723.064383,0.387718
1/14/19 13:00,2722.677991,2723.068769,0.390778
1/14/19 14:00,2722.680031,2723.067647,0.387616
1/14/19 15:00,2722.680031,2723.062649,0.382618
1/14/19 16:00,2722.674319,2723.05296,0.378641
1/14/19 17:00,2722.66157,2723.033581,0.372011
1/14/19 18:00,2722.650351,2723.01869,0.368339
1/14/19 19:00,2722.642191,2723.007165,0.364974
1/14/19 20:00,2722.636072,2722.999924,0.363852
1/14/19 21:00,2722.634032,2722.99513,0.361098
1/14/19 22:00,2722.638418,2723.00278,0.364362
1/14/19 23:00,2722.643517,2723.011653,0.368136
1/15/19 0:00,2722.644945,2723.016855,0.37191
1/15/19 1:00,2722.643313,2723.016243,0.37293
1/15/19 2:00,2722.645353,2723.018792,0.373439
1/15/19 3:00,2722.651371,2723.027054,0.375683
1/15/19 4:00,2722.652289,2723.025422,0.373133
1/15/19 5:00,2722.652391,2723.029604,0.377213
1/15/19 6:00,2722.651983,2723.031133,0.37915
1/15/19 7:00,2722.659224,2723.036029,0.376805
1/15/19 8:00,2722.667996,2723.04684,0.378844
1/15/19 9:00,2722.672075,2723.050716,0.378641
1/15/19 10:00,2722.678501,2723.060507,0.382006
1/15/19 11:00,2722.681764,2723.067851,0.386087
1/15/19 12:00,2722.684722,2723.072644,0.387922
1/15/19 13:00,2722.687476,2723.076826,0.38935
1/15/19 14:00,2722.685742,2723.073664,0.387922
1/15/19 15:00,2722.68666,2723.072032,0.385372
1/15/19 16:00,2722.682886,2723.070196,0.38731
1/15/19 17:00,2722.68258,2723.069483,0.386903
1/15/19 18:00,2722.684926,2723.069992,0.385066
1/15/19 19:00,2722.681255,2723.067545,0.38629
1/15/19 20:00,2722.679725,2723.064179,0.384454
1/15/19 21:00,2722.680337,2723.063363,0.383026
1/15/19 22:00,2722.677073,2723.058365,0.381292
1/15/19 23:00,2722.677685,2723.057957,0.380272
1/16/19 0:00,2722.674625,2723.054592,0.379967
1/16/19 1:00,2722.676053,2723.056631,0.380578
1/16/19 2:00,2722.675645,2723.058467,0.382822
1/16/19 3:00,2722.678399,2723.060303,0.381904
1/16/19 4:00,2722.678195,2723.057753,0.379558
1/16/19 5:00,2722.679521,2723.060303,0.380782
1/16/19 6:00,2722.683396,2723.066729,0.383333
1/16/19 7:00,2722.689516,2723.074582,0.385066
1/16/19 8:00,2722.691964,2723.079478,0.387514
1/16/19 9:00,2722.694514,2723.077642,0.383128
1/16/19 10:00,2722.693188,2723.078458,0.38527
1/16/19 11:00,2722.696553,2723.082232,0.385679
1/16/19 12:00,2722.699307,2723.085903,0.386596
1/16/19 13:00,2722.702265,2723.089167,0.386902
1/16/19 14:00,2722.702571,2723.090187,0.387616
1/16/19 15:00,2722.703183,2723.093655,0.390472
1/16/19 16:00,2722.703387,2723.092329,0.388942
1/16/19 17:00,2722.703591,2723.091411,0.38782
1/16/19 18:00,2722.707161,2723.093247,0.386086
1/16/19 19:00,2722.706345,2723.095287,0.388942
1/16/19 20:00,2722.706243,2723.095287,0.389044
1/16/19 21:00,2722.707059,2723.095491,0.388432
1/16/19 22:00,2722.707467,2723.096408,0.388941
1/16/19 23:00,2722.710424,2723.093757,0.383333
1/17/19 0:00,2722.711648,2723.093145,0.381497
1/17/19 1:00,2722.712668,2723.091309,0.378641
1/17/19 2:00,2722.711852,2723.091411,0.379559
1/17/19 3:00,2722.715422,2723.093859,0.378437
1/17/19 4:00,2722.714708,2723.093043,0.378335
1/17/19 5:00,2722.713178,2723.090901,0.377723
1/17/19 6:00,2722.713994,2723.092533,0.378539
1/17/19 7:00,2722.712158,2723.087025,0.374867
1/17/19 8:00,2722.708894,2723.085087,0.376193
1/17/19 9:00,2722.707874,2723.084475,0.376601
1/17/19 10:00,2722.706957,2723.083761,0.376804
1/17/19 11:00,2722.707671,2723.087433,0.379762
1/17/19 12:00,2722.707161,2723.090901,0.38374
1/17/19 13:00,2722.706345,2723.089473,0.383128
1/17/19 14:00,2722.703183,2723.088249,0.385066
1/17/19 15:00,2722.702061,2723.088861,0.3868
1/17/19 16:00,2722.701653,2723.088963,0.38731
1/17/19 17:00,2722.701245,2723.090187,0.388942
1/17/19 18:00,2722.706243,2723.095389,0.389146
1/17/19 19:00,2722.706549,2723.093247,0.386698
1/17/19 20:00,2722.709608,2723.095695,0.386087
1/17/19 21:00,2722.710322,2723.096204,0.385882
1/17/19 22:00,2722.712974,2723.097632,0.384658
1/17/19 23:00,2722.717054,2723.09906,0.382006
1/18/19 0:00,2722.715524,2723.09957,0.384046
1/18/19 1:00,2722.722561,2723.10569,0.383129
1/18/19 2:00,2722.729701,2723.10875,0.379049
1/18/19 3:00,2722.689618,2723.057141,0.367523
1/18/19 4:00,2722.701143,2723.085495,0.384352
1/18/19 5:00,2722.721133,2723.116807,0.395674
1/18/19 6:00,2722.734086,2723.145773,0.411687
1/18/19 7:00,2722.743674,2723.166171,0.422497
1/18/19 8:00,2722.751323,2723.179124,0.427801
1/18/19 9:00,2722.751527,2723.183816,0.432289
1/18/19 10:00,2722.748467,2723.184326,0.435859
1/18/19 11:00,2722.752751,2723.187794,0.435043
1/18/19 12:00,2722.752343,2723.187896,0.435553
1/18/19 13:00,2722.750099,2723.190343,0.440244
1/18/19 14:00,2722.755811,2723.197381,0.44157
1/18/19 15:00,2722.756117,2723.200441,0.444324
1/18/19 16:00,2722.753567,2723.199829,0.446262
1/18/19 17:00,2722.752241,2723.195749,0.443508
1/18/19 18:00,2722.751731,2723.187794,0.436063
1/18/19 19:00,2722.749487,2723.177084,0.427597
1/18/19 20:00,2722.743674,2723.166477,0.422803
1/18/19 21:00,2722.737962,2723.155054,0.417092
1/18/19 22:00,2722.731639,2723.143223,0.411584
1/18/19 23:00,2722.727253,2723.135471,0.408218
1/19/19 0:00,2722.722459,2723.130678,0.408219
1/19/19 1:00,2722.721133,2723.130882,0.409749
1/19/19 2:00,2722.721337,2723.131902,0.410565
1/19/19 3:00,2722.725213,2723.135981,0.410768
1/19/19 4:00,2722.722765,2723.137307,0.414542
1/19/19 5:00,2722.725417,2723.139449,0.414032
1/19/19 6:00,2722.723275,2723.136185,0.41291
1/19/19 7:00,2722.722867,2723.1318,0.408933
1/19/19 8:00,2722.718176,2723.126292,0.408116
1/19/19 9:00,2722.717972,2723.123742,0.40577
1/19/19 10:00,2722.716544,2723.124762,0.408218
1/19/19 11:00,2722.717972,2723.129556,0.411584
1/19/19 12:00,2722.718482,2723.138633,0.420151
1/19/19 13:00,2722.719094,2723.143529,0.424435
1/19/19 14:00,2722.720726,2723.148323,0.427597
1/19/19 15:00,2722.720012,2723.149954,0.429942
1/19/19 16:00,2722.718788,2723.149342,0.430554
1/19/19 17:00,2722.717462,2723.14873,0.431268
1/19/19 18:00,2722.718788,2723.146079,0.427291
1/19/19 19:00,2722.71685,2723.142101,0.425251
1/19/19 20:00,2722.71634,2723.139347,0.423007
1/19/19 21:00,2722.713586,2723.133738,0.420152
1/19/19 22:00,2722.711546,2723.129352,0.417806
1/19/19 23:00,2722.708792,2723.124762,0.41597
1/20/19 0:00,2722.707059,2723.116807,0.409748
1/20/19 1:00,2722.703795,2723.112523,0.408728
1/20/19 2:00,2722.703081,2723.110177,0.407096
1/20/19 3:00,2722.704305,2723.114257,0.409952
1/20/19 4:00,2722.704305,2723.113849,0.409544
1/20/19 5:00,2722.704713,2723.116297,0.411584
1/20/19 6:00,2722.704917,2723.117419,0.412502
1/20/19 7:00,2722.70818,2723.120683,0.412503
1/20/19 8:00,2722.707569,2723.121703,0.414134
1/20/19 9:00,2722.707874,2723.120071,0.412197
1/20/19 10:00,2722.707059,2723.121091,0.414032
1/20/19 11:00,2722.708894,2723.121295,0.412401
1/20/19 12:00,2722.707976,2723.122518,0.414542
1/20/19 13:00,2722.708996,2723.125374,0.416378
1/20/19 14:00,2722.71022,2723.129556,0.419336
1/20/19 15:00,2722.708282,2723.128332,0.42005
1/20/19 16:00,2722.707569,2723.127414,0.419845
1/20/19 17:00,2722.706855,2723.12466,0.417805
1/20/19 18:00,2722.708078,2723.125986,0.417908
1/20/19 19:00,2722.709098,2723.125068,0.41597
1/20/19 20:00,2722.707569,2723.125374,0.417805
1/20/19 21:00,2722.706345,2723.12415,0.417805
1/20/19 22:00,2722.704917,2723.122009,0.417092
1/20/19 23:00,2722.705937,2723.122518,0.416581
1/21/19 0:00,2722.704407,2723.120989,0.416582
1/21/19 1:00,2722.703999,2723.120683,0.416684
1/21/19 2:00,2722.703897,2723.120377,0.41648
1/21/19 3:00,2722.704713,2723.120581,0.415868
1/21/19 4:00,2722.704305,2723.119969,0.415664
1/21/19 5:00,2722.702571,2723.118541,0.41597
1/21/19 6:00,2722.703285,2723.118847,0.415562
1/21/19 7:00,2722.704305,2723.120377,0.416072
1/21/19 8:00,2722.703897,2723.118847,0.41495
1/21/19 9:00,2722.702265,2723.119051,0.416786
1/21/19 10:00,2722.701347,2723.117929,0.416582
1/21/19 11:00,2722.700735,2723.116195,0.41546
1/21/19 12:00,2722.700531,2723.116399,0.415868
1/21/19 13:00,2722.703591,2723.120989,0.417398
1/21/19 14:00,2722.702571,2723.119663,0.417092
1/21/19 15:00,2722.700633,2723.118949,0.418316
1/21/19 16:00,2722.702265,2723.119051,0.416786
1/21/19 17:00,2722.702163,2723.119561,0.417398
1/21/19 18:00,2722.702163,2723.121193,0.41903
1/21/19 19:00,2722.702163,2723.117419,0.415256
1/21/19 20:00,2722.703081,2723.116909,0.413828
1/21/19 21:00,2722.701041,2723.116807,0.415766
1/21/19 22:00,2722.702265,2723.118745,0.41648
1/21/19 23:00,2722.701347,2723.120377,0.41903
1/22/19 0:00,2722.703591,2723.122314,0.418723
1/22/19 1:00,2722.702571,2723.122111,0.41954
1/22/19 2:00,2722.704101,2723.119969,0.415868
1/22/19 3:00,2722.703489,2723.120377,0.416888
1/22/19 4:00,2722.703591,2723.118949,0.415358
1/22/19 5:00,2722.704815,2723.116603,0.411788
1/22/19 6:00,2722.703387,2723.117827,0.41444
1/22/19 7:00,2722.704509,2723.115889,0.41138
1/22/19 8:00,2722.704101,2723.116399,0.412298
1/22/19 9:00,2722.702367,2723.114971,0.412604
1/22/19 10:00,2722.704101,2723.114563,0.410462
1/22/19 11:00,2722.703591,2723.114359,0.410768
1/22/19 12:00,2722.704101,2723.115787,0.411686
1/22/19 13:00,2722.704713,2723.115379,0.410666
1/22/19 14:00,2722.702877,2723.116807,0.41393
1/22/19 15:00,2722.703897,2723.115073,0.411176
1/22/19 16:00,2722.703081,2723.114869,0.411788
1/22/19 17:00,2722.705733,2723.116705,0.410972
1/22/19 18:00,2722.707365,2723.116603,0.409238
1/22/19 19:00,2722.707874,2723.116705,0.408831
1/22/19 20:00,2722.707467,2723.114971,0.407504
1/22/19 21:00,2722.705121,2723.111401,0.40628
1/22/19 22:00,2722.704815,2723.111707,0.406892
1/22/19 23:00,2722.704203,2723.110687,0.406484
1/23/19 0:00,2722.704815,2723.110075,0.40526
1/23/19 1:00,2722.703285,2723.106812,0.403527
1/23/19 2:00,2722.703795,2723.107322,0.403527
1/23/19 3:00,2722.702061,2723.104874,0.402813
1/23/19 4:00,2722.696451,2723.100488,0.404037
1/23/19 5:00,2722.694717,2723.097122,0.402405
1/23/19 6:00,2722.694106,2723.094879,0.400773
1/23/19 7:00,2722.692984,2723.093961,0.400977
1/23/19 8:00,2722.69431,2723.097938,0.403628
1/23/19 9:00,2722.697777,2723.103344,0.405567
1/23/19 10:00,2722.699613,2723.107424,0.407811
1/23/19 11:00,2722.700327,2723.109259,0.408932
1/23/19 12:00,2722.700531,2723.112421,0.41189
1/23/19 13:00,2722.700225,2723.112319,0.412094
1/23/19 14:00,2722.700939,2723.117011,0.416072
1/23/19 15:00,2722.700225,2723.115685,0.41546
1/23/19 16:00,2722.700021,2723.115175,0.415154
1/23/19 17:00,2722.701551,2723.118031,0.41648
1/23/19 18:00,2722.701857,2723.118745,0.416888
1/23/19 19:00,2722.702979,2723.120581,0.417602
1/23/19 20:00,2722.702469,2723.120479,0.41801
1/23/19 21:00,2722.702367,2723.115379,0.413012
1/23/19 22:00,2722.702673,2723.114767,0.412094
1/23/19 23:00,2722.698695,2723.114563,0.415868
1/24/19 0:00,2722.697675,2723.108852,0.411177
1/24/19 1:00,2722.698695,2723.108138,0.409443
1/24/19 2:00,2722.692576,2723.105384,0.412808
1/24/19 3:00,2722.695839,2723.101406,0.405567
1/24/19 4:00,2722.692576,2723.101406,0.40883
1/24/19 5:00,2722.69074,2723.098448,0.407708
1/24/19 6:00,2722.693188,2723.097734,0.404546
1/24/19 7:00,2722.692474,2723.09651,0.404036
1/24/19 8:00,2722.691454,2723.096204,0.40475
1/24/19 9:00,2722.693596,2723.094981,0.401385
1/24/19 10:00,2722.692678,2723.094471,0.401793
1/24/19 11:00,2722.690944,2723.095491,0.404547
1/24/19 12:00,2722.691862,2723.094879,0.403017
1/24/19 13:00,2722.694106,2723.095287,0.401181
1/24/19 14:00,2722.69074,2723.094165,0.403425
1/24/19 15:00,2722.690638,2723.092329,0.401691
1/24/19 16:00,2722.69074,2723.093145,0.402405
1/24/19 17:00,2722.69278,2723.095185,0.402405
1/24/19 18:00,2722.692984,2723.097224,0.40424
1/24/19 19:00,2722.69227,2723.09651,0.40424
1/24/19 20:00,2722.691658,2723.094165,0.402507
1/24/19 21:00,2722.690638,2723.092635,0.401997
1/24/19 22:00,2722.688904,2723.092125,0.403221
1/24/19 23:00,2722.686966,2723.090493,0.403527
1/25/19 0:00,2722.688394,2723.090697,0.402303
1/25/19 1:00,2722.68972,2723.091819,0.402099
1/25/19 2:00,2722.69074,2723.089881,0.399141
1/25/19 3:00,2722.690332,2723.089575,0.399243
1/25/19 4:00,2722.688292,2723.088453,0.400161
1/25/19 5:00,2722.687578,2723.085801,0.398223
1/25/19 6:00,2722.685742,2723.084679,0.398937
1/25/19 7:00,2722.688292,2723.086515,0.398223
1/25/19 8:00,2722.687578,2723.087127,0.399549
1/25/19 9:00,2722.687782,2723.087127,0.399345
1/25/19 10:00,2722.684212,2723.085903,0.401691
1/25/19 11:00,2722.686456,2723.086515,0.400059
1/25/19 12:00,2722.686762,2723.087331,0.400569
1/25/19 13:00,2722.687986,2723.087127,0.399141
1/25/19 14:00,2722.688598,2723.090085,0.401487
1/25/19 15:00,2722.687068,2723.089779,0.402711
1/25/19 16:00,2722.688088,2723.093553,0.405465
1/25/19 17:00,2722.689618,2723.091819,0.402201
1/25/19 18:00,2722.690128,2723.090697,0.400569
1/25/19 19:00,2722.688598,2723.088861,0.400263
1/25/19 20:00,2722.68921,2723.088045,0.398835
1/25/19 21:00,2722.686456,2723.086311,0.399855
1/25/19 22:00,2722.685742,2723.086617,0.400875
1/25/19 23:00,2722.686456,2723.083863,0.397407
1/26/19 0:00,2722.687782,2723.084169,0.396387
1/26/19 1:00,2722.685946,2723.082334,0.396388
1/26/19 2:00,2722.683294,2723.079988,0.396694
1/26/19 3:00,2722.683906,2723.079478,0.395572
1/26/19 4:00,2722.681866,2723.078968,0.397102
1/26/19 5:00,2722.683498,2723.081212,0.397714
1/26/19 6:00,2722.68462,2723.079274,0.394654
1/26/19 7:00,2722.686864,2723.079682,0.392818
1/26/19 8:00,2722.68615,2723.076928,0.390778
1/26/19 9:00,2722.684518,2723.077948,0.39343
1/26/19 10:00,2722.68462,2723.078356,0.393736
1/26/19 11:00,2722.686558,2723.08213,0.395572
1/26/19 12:00,2722.686048,2723.084475,0.398427
1/26/19 13:00,2722.688088,2723.087841,0.399753
1/26/19 14:00,2722.6887,2723.087943,0.399243
1/26/19 15:00,2722.6887,2723.092533,0.403833
1/26/19 16:00,2722.687374,2723.091513,0.404139
1/26/19 17:00,2722.688088,2723.087841,0.399753
1/26/19 18:00,2722.686966,2723.084985,0.398019
1/26/19 19:00,2722.690944,2723.089065,0.398121
1/26/19 20:00,2722.689924,2723.083863,0.393939
1/26/19 21:00,2722.687476,2723.078356,0.39088
1/26/19 22:00,2722.681866,2723.069585,0.387719
1/26/19 23:00,2722.679623,2723.066831,0.387208
1/27/19 0:00,2722.680439,2723.067545,0.387106
1/27/19 1:00,2722.679113,2723.068259,0.389146
1/27/19 2:00,2722.680031,2723.069177,0.389146
1/27/19 3:00,2722.682376,2723.070808,0.388432
1/27/19 4:00,2722.681051,2723.072542,0.391491
1/27/19 5:00,2722.681764,2723.073256,0.391492
1/27/19 6:00,2722.680235,2723.071726,0.391491
1/27/19 7:00,2722.681764,2723.074174,0.39241
1/27/19 8:00,2722.680235,2723.072746,0.392511
1/27/19 9:00,2722.680439,2723.071318,0.390879
1/27/19 10:00,2722.679827,2723.072236,0.392409
1/27/19 11:00,2722.680133,2723.071522,0.391389
1/27/19 12:00,2722.681255,2723.074378,0.393123
1/27/19 13:00,2722.679215,2723.077234,0.398019
1/27/19 14:00,2722.684314,2723.082028,0.397714
1/27/19 15:00,2722.683702,2723.080396,0.396694
1/27/19 16:00,2722.681764,2723.080396,0.398632
1/27/19 17:00,2722.681255,2723.079784,0.398529
1/27/19 18:00,2722.683498,2723.077336,0.393838
1/27/19 19:00,2722.677583,2723.067953,0.39037
1/27/19 20:00,2722.672993,2723.058875,0.385882
1/27/19 21:00,2722.669729,2723.051736,0.382007
1/27/19 22:00,2722.667792,2723.049186,0.381394
1/27/19 23:00,2722.66667,2723.04939,0.38272
1/28/19 0:00,2722.667894,2723.05143,0.383536
1/28/19 1:00,2722.669831,2723.054388,0.384557
1/28/19 2:00,2722.673197,2723.058467,0.38527
1/28/19 3:00,2722.675747,2723.060915,0.385168
1/28/19 4:00,2722.675237,2723.060507,0.38527
1/28/19 5:00,2722.674931,2723.062139,0.387208
1/28/19 6:00,2722.675339,2723.063669,0.38833
1/28/19 7:00,2722.676155,2723.064179,0.388024
1/28/19 8:00,2722.676665,2723.064689,0.388024
1/28/19 9:00,2722.677685,2723.067137,0.389452
1/28/19 10:00,2722.677685,2723.070604,0.392919
1/28/19 11:00,2722.676971,2723.070706,0.393735
1/28/19 12:00,2722.679521,2723.063771,0.38425
1/28/19 13:00,2722.684314,2723.067443,0.383129
1/28/19 14:00,2722.686864,2723.076622,0.389758
1/28/19 15:00,2722.689312,2723.078356,0.389044
1/28/19 16:00,2722.68972,2723.078866,0.389146
1/28/19 17:00,2722.690434,2723.079988,0.389554
1/28/19 18:00,2722.691046,2723.0755,0.384454
1/28/19 19:00,2722.692474,2723.075398,0.382924
1/28/19 20:00,2722.688292,2723.067647,0.379355
1/28/19 21:00,2722.680745,2723.055,0.374255
1/28/19 22:00,2722.674319,2723.04531,0.370991
1/28/19 23:00,2722.668607,2723.038171,0.369564
1/29/19 0:00,2722.669729,2723.042455,0.372726
1/29/19 1:00,2722.670035,2723.042659,0.372624
1/29/19 2:00,2722.670443,2723.045922,0.375479
1/29/19 3:00,2722.671463,2723.0499,0.378437
1/29/19 4:00,2722.670953,2723.054694,0.383741
1/29/19 5:00,2722.671361,2723.058161,0.3868
1/29/19 6:00,2722.671871,2723.062547,0.390676
1/29/19 7:00,2722.673095,2723.065301,0.392206
1/29/19 8:00,2722.673503,2723.068565,0.395062
1/29/19 9:00,2722.675645,2723.071624,0.395979
1/29/19 10:00,2722.676971,2723.07397,0.396999
1/29/19 11:00,2722.678501,2723.075194,0.396693
1/29/19 12:00,2722.680337,2723.07958,0.399243
1/29/19 13:00,2722.680745,2723.081518,0.400773
1/29/19 14:00,2722.680847,2723.078764,0.397917
1/29/19 15:00,2722.679725,2723.077438,0.397713
1/29/19 16:00,2722.677889,2723.074072,0.396183
1/29/19 17:00,2722.678603,2723.076826,0.398223
1/29/19 18:00,2722.678297,2723.071624,0.393327
1/29/19 19:00,2722.677787,2723.069992,0.392205
1/29/19 20:00,2722.674523,2723.066219,0.391696
1/29/19 21:00,2722.669321,2723.057957,0.388636
1/29/19 22:00,2722.665752,2723.048574,0.382822
1/29/19 23:00,2722.661876,2723.041741,0.379865
1/30/19 0:00,2722.660142,2723.039701,0.379559
1/30/19 1:00,2722.658306,2723.044494,0.386188
1/30/19 2:00,2722.658204,2723.05092,0.392716
1/30/19 3:00,2722.659122,2723.056326,0.397204
1/30/19 4:00,2722.661774,2723.066933,0.405159
1/30/19 5:00,2722.663508,2723.073052,0.409544
1/30/19 6:00,2722.664324,2723.078356,0.414032
1/30/19 7:00,2722.662896,2723.082538,0.419642
1/30/19 8:00,2722.664834,2723.088555,0.423721
1/30/19 9:00,2722.663814,2723.091411,0.427597
1/30/19 10:00,2722.665548,2723.093655,0.428107
1/30/19 11:00,2722.666874,2723.095695,0.428821
1/30/19 12:00,2722.672891,2723.100488,0.427597
1/30/19 13:00,2722.677991,2723.105894,0.427903
1/30/19 14:00,2722.682784,2723.107016,0.424232
1/30/19 15:00,2722.683498,2723.106914,0.423416
1/30/19 16:00,2722.681866,2723.106506,0.42464
1/30/19 17:00,2722.682376,2723.109157,0.426781
1/30/19 18:00,2722.68411,2723.109769,0.425659
1/30/19 19:00,2722.68258,2723.107016,0.424436
1/30/19 20:00,2722.680439,2723.100182,0.419743
1/30/19 21:00,2722.676155,2723.093553,0.417398
1/30/19 22:00,2722.671667,2723.08213,0.410463
1/30/19 23:00,2722.668913,2723.07652,0.407607
1/31/19 0:00,2722.666058,2723.075908,0.40985
1/31/19 1:00,2722.667894,2723.07958,0.411686
1/31/19 2:00,2722.66769,2723.084169,0.416479
1/31/19 3:00,2722.667078,2723.088453,0.421375
1/31/19 4:00,2722.669015,2723.094063,0.425048
1/31/19 5:00,2722.66667,2723.097326,0.430656
1/31/19 6:00,2722.66616,2723.10212,0.43596
1/31/19 7:00,2722.6682,2723.106098,0.437898
1/31/19 8:00,2722.671463,2723.110075,0.438612
1/31/19 9:00,2722.672177,2723.114461,0.442284
1/31/19 10:00,2722.672381,2723.114359,0.441978
1/31/19 11:00,2722.671871,2723.109769,0.437898
1/31/19 12:00,2722.675951,2723.114155,0.438204
1/31/19 13:00,2722.680133,2723.114461,0.434328
1/31/19 14:00,2722.680745,2723.114767,0.434022
1/31/19 15:00,2722.686354,2723.117725,0.431371
1/31/19 16:00,2722.681764,2723.118949,0.437185
1/31/19 17:00,2722.684314,2723.119969,0.435655
1/31/19 18:00,2722.684212,2723.120581,0.436369
1/31/19 19:00,2722.6836,2723.119663,0.436063
1/31/19 20:00,2722.681866,2723.116705,0.434839
1/31/19 21:00,2722.677481,2723.112319,0.434838
1/31/19 22:00,2722.674523,2723.109361,0.434838
1/31/19 23:00,2722.673401,2723.105384,0.431983
2/1/19 0:00,2722.670341,2723.104976,0.434635
2/1/19 1:00,2722.668913,2723.106812,0.437899
2/1/19 2:00,2722.668403,2723.10722,0.438817
2/1/19 3:00,2722.666976,2723.10773,0.440754
2/1/19 4:00,2722.664222,2723.110789,0.446567
2/1/19 5:00,2722.666976,2723.114155,0.447179
2/1/19 6:00,2722.664528,2723.114563,0.450035
2/1/19 7:00,2722.667996,2723.117623,0.449627
2/1/19 8:00,2722.667894,2723.119867,0.451973
2/1/19 9:00,2722.670545,2723.121193,0.450648
2/1/19 10:00,2722.669525,2723.121091,0.451566
2/1/19 11:00,2722.672789,2723.121193,0.448404
2/1/19 12:00,2722.672381,2723.118847,0.446466
2/1/19 13:00,2722.675033,2723.120377,0.445344
2/1/19 14:00,2722.676869,2723.119765,0.442896
2/1/19 15:00,2722.682274,2723.122416,0.440142
2/1/19 16:00,2722.681968,2723.121703,0.439735
2/1/19 17:00,2722.683498,2723.125884,0.442386
2/1/19 18:00,2722.682274,2723.12364,0.441366
2/1/19 19:00,2722.677787,2723.118337,0.44055
2/1/19 20:00,2722.675849,2723.113543,0.437694
2/1/19 21:00,2722.671259,2723.104466,0.433207
2/1/19 22:00,2722.664426,2723.093145,0.428719
2/1/19 23:00,2722.661468,2723.089473,0.428005
2/2/19 0:00,2722.661366,2723.092023,0.430657
2/2/19 1:00,2722.662386,2723.099366,0.43698
2/2/19 2:00,2722.663202,2723.105792,0.44259
2/2/19 3:00,2722.664936,2723.112931,0.447995
2/2/19 4:00,2722.667282,2723.120479,0.453197
2/2/19 5:00,2722.66565,2723.123742,0.458092
2/2/19 6:00,2722.664936,2723.125884,0.460948
2/2/19 7:00,2722.669525,2723.130474,0.460949
2/2/19 8:00,2722.668913,2723.132412,0.463499
2/2/19 9:00,2722.667282,2723.130474,0.463192
2/2/19 10:00,2722.669117,2723.130678,0.461561
2/2/19 11:00,2722.670647,2723.128434,0.457787
2/2/19 12:00,2722.673605,2723.127312,0.453707
2/2/19 13:00,2722.675849,2723.128638,0.452789
2/2/19 14:00,2722.682886,2723.128536,0.44565
2/2/19 15:00,2722.679317,2723.125884,0.446567
2/2/19 16:00,2722.679725,2723.127618,0.447893
2/2/19 17:00,2722.679113,2723.127516,0.448403
2/2/19 18:00,2722.679011,2723.126598,0.447587
2/2/19 19:00,2722.679011,2723.127822,0.448811
2/2/19 20:00,2722.675849,2723.123028,0.447179
2/2/19 21:00,2722.676155,2723.12262,0.446465
2/2/19 22:00,2722.674217,2723.119867,0.44565
2/2/19 23:00,2722.670239,2723.116297,0.446058
2/3/19 0:00,2722.671055,2723.114971,0.443916
2/3/19 1:00,2722.672075,2723.115379,0.443304
2/3/19 2:00,2722.671055,2723.115889,0.444834
2/3/19 3:00,2722.670749,2723.113645,0.442896
2/3/19 4:00,2722.672789,2723.115175,0.442386
2/3/19 5:00,2722.670647,2723.114767,0.44412
2/3/19 6:00,2722.668709,2723.112217,0.443508
2/3/19 7:00,2722.673197,2723.114053,0.440856
2/3/19 8:00,2722.674931,2723.112931,0.438
2/3/19 9:00,2722.674523,2723.112523,0.438
2/3/19 10:00,2722.675849,2723.111809,0.43596
2/3/19 11:00,2722.676869,2723.114767,0.437898
2/3/19 12:00,2722.680235,2723.113135,0.4329
2/3/19 13:00,2722.679113,2723.114767,0.435654
2/3/19 14:00,2722.678399,2723.112625,0.434226
2/3/19 15:00,2722.678093,2723.110585,0.432492
2/3/19 16:00,2722.677277,2723.108036,0.430759
2/3/19 17:00,2722.680235,2723.10773,0.427495
2/3/19 18:00,2722.674625,2723.101916,0.427291
2/3/19 19:00,2722.677073,2723.101202,0.424129
2/3/19 20:00,2722.675033,2723.09906,0.424027
2/3/19 21:00,2722.679623,2723.099366,0.419743
2/3/19 22:00,2722.678807,2723.097224,0.418417
2/3/19 23:00,2722.677991,2723.095083,0.417092
2/4/19 0:00,2722.674931,2723.089371,0.41444
2/4/19 1:00,2722.675951,2723.088351,0.4124
2/4/19 2:00,2722.675135,2723.085495,0.41036
2/4/19 3:00,2722.674319,2723.082742,0.408423
2/4/19 4:00,2722.676563,2723.083659,0.407096
2/4/19 5:00,2722.675645,2723.082436,0.406791
2/4/19 6:00,2722.678093,2723.082843,0.40475
2/4/19 7:00,2722.679215,2723.083557,0.404342
2/4/19 8:00,2722.679521,2723.082843,0.403322
2/4/19 9:00,2722.679521,2723.082843,0.403322
2/4/19 10:00,2722.679317,2723.082028,0.402711
2/4/19 11:00,2722.680847,2723.083557,0.40271
2/4/19 12:00,2722.680847,2723.08264,0.401793
2/4/19 13:00,2722.68156,2723.084475,0.402915
2/4/19 14:00,2722.682376,2723.083353,0.400977
2/4/19 15:00,2722.682886,2723.083353,0.400467
2/4/19 16:00,2722.681662,2723.08213,0.400468
2/4/19 17:00,2722.681764,2723.0806,0.398836
2/4/19 18:00,2722.6836,2723.078968,0.395368
2/4/19 19:00,2722.685028,2723.078152,0.393124
2/4/19 20:00,2722.682886,2723.077336,0.39445
2/4/19 21:00,2722.685028,2723.079172,0.394144
2/4/19 22:00,2722.682886,2723.078254,0.395368
2/4/19 23:00,2722.682682,2723.073766,0.391084
2/5/19 0:00,2722.680541,2723.07091,0.390369
2/5/19 1:00,2722.680439,2723.069686,0.389247
2/5/19 2:00,2722.682274,2723.071726,0.389452
2/5/19 3:00,2722.682988,2723.072134,0.389146
2/5/19 4:00,2722.68462,2723.070604,0.385984
2/5/19 5:00,2722.684824,2723.070502,0.385678
2/5/19 6:00,2722.685946,2723.070298,0.384352
2/5/19 7:00,2722.687374,2723.071828,0.384454
2/5/19 8:00,2722.687782,2723.070094,0.382312
2/5/19 9:00,2722.6887,2723.070604,0.381904
2/5/19 10:00,2722.690128,2723.069381,0.379253
2/5/19 11:00,2722.688496,2723.067749,0.379253
2/5/19 12:00,2722.688598,2723.067341,0.378743
2/5/19 13:00,2722.687782,2723.065199,0.377417
2/5/19 14:00,2722.68564,2723.063975,0.378335
2/5/19 15:00,2722.689006,2723.069585,0.380579
2/5/19 16:00,2722.690026,2723.071216,0.38119
2/5/19 17:00,2722.68921,2723.070298,0.381088
2/5/19 18:00,2722.690638,2723.071726,0.381088
2/5/19 19:00,2722.690842,2723.069279,0.378437
2/5/19 20:00,2722.691046,2723.068565,0.377519
2/5/19 21:00,2722.691454,2723.067545,0.376091
2/5/19 22:00,2722.690536,2723.068769,0.378233
2/5/19 23:00,2722.69074,2723.067239,0.376499
2/6/19 0:00,2722.691658,2723.066933,0.375275
2/6/19 1:00,2722.690332,2723.065097,0.374765
2/6/19 2:00,2722.690128,2723.064893,0.374765
2/6/19 3:00,2722.689108,2723.065199,0.376091
2/6/19 4:00,2722.691862,2723.064791,0.372929
2/6/19 5:00,2722.691862,2723.065199,0.373337
2/6/19 6:00,2722.691658,2723.063363,0.371705
2/6/19 7:00,2722.694514,2723.065607,0.371093
2/6/19 8:00,2722.696655,2723.064689,0.368034
2/6/19 9:00,2722.698899,2723.067341,0.368442
2/6/19 10:00,2722.700123,2723.065811,0.365688
2/6/19 11:00,2722.704713,2723.064587,0.359874
2/6/19 12:00,2722.702979,2723.061833,0.358854
2/6/19 13:00,2722.702469,2723.062853,0.360384
2/6/19 14:00,2722.703081,2723.065301,0.36222
2/6/19 15:00,2722.705937,2723.066831,0.360894
2/6/19 16:00,2722.706957,2723.067545,0.360588
2/6/19 17:00,2722.707874,2723.068055,0.360181
2/6/19 18:00,2722.710118,2723.067137,0.357019
2/6/19 19:00,2722.710628,2723.064179,0.353551
2/6/19 20:00,2722.709098,2723.062241,0.353143
2/6/19 21:00,2722.707467,2723.057651,0.350184
2/6/19 22:00,2722.705733,2723.05602,0.350287
2/6/19 23:00,2722.705019,2723.055306,0.350287
2/7/19 0:00,2722.704509,2723.054286,0.349777
2/7/19 1:00,2722.706141,2723.052348,0.346207
2/7/19 2:00,2722.703591,2723.049288,0.345697
2/7/19 3:00,2722.703183,2723.049186,0.346003
2/7/19 4:00,2722.699613,2723.045412,0.345799
2/7/19 5:00,2722.697165,2723.043169,0.346004
2/7/19 6:00,2722.701143,2723.045922,0.344779
2/7/19 7:00,2722.700837,2723.046636,0.345799
2/7/19 8:00,2722.699409,2723.045514,0.346105
2/7/19 9:00,2722.702061,2723.047248,0.345187
2/7/19 10:00,2722.701245,2723.047962,0.346717
2/7/19 11:00,2722.702469,2723.051226,0.348757
2/7/19 12:00,2722.705529,2723.058365,0.352836
2/7/19 13:00,2722.704509,2723.056937,0.352428
2/7/19 14:00,2722.704509,2723.062343,0.357834
2/7/19 15:00,2722.705733,2723.060711,0.354978
2/7/19 16:00,2722.703285,2723.056427,0.353142
2/7/19 17:00,2722.703999,2723.057141,0.353142
2/7/19 18:00,2722.702673,2723.056937,0.354264
2/7/19 19:00,2722.704305,2723.053572,0.349267
2/7/19 20:00,2722.699715,2723.049594,0.349879
2/7/19 21:00,2722.698491,2723.048778,0.350287
2/7/19 22:00,2722.696757,2723.044086,0.347329
2/7/19 23:00,2722.693188,2723.038783,0.345595
2/8/19 0:00,2722.693902,2723.039191,0.345289
2/8/19 1:00,2722.693392,2723.037661,0.344269
2/8/19 2:00,2722.693086,2723.034499,0.341413
2/8/19 3:00,2722.690434,2723.032153,0.341719
2/8/19 4:00,2722.689924,2723.030725,0.340801
2/8/19 5:00,2722.694412,2723.037967,0.343555
2/8/19 6:00,2722.696247,2723.040517,0.34427
2/8/19 7:00,2722.697879,2723.041843,0.343964
2/8/19 8:00,2722.700531,2723.045208,0.344677
2/8/19 9:00,2722.703081,2723.045718,0.342637
2/8/19 10:00,2722.700837,2723.04531,0.344473
2/8/19 11:00,2722.701551,2723.048268,0.346717
2/8/19 12:00,2722.702673,2723.05245,0.349777
2/8/19 13:00,2722.701755,2723.054694,0.352939
2/8/19 14:00,2722.701857,2723.055612,0.353755
2/8/19 15:00,2722.702163,2723.05449,0.352327
2/8/19 16:00,2722.701755,2723.05347,0.351715
2/8/19 17:00,2722.703693,2723.054388,0.350695
2/8/19 18:00,2722.701857,2723.047554,0.345697
2/8/19 19:00,2722.697165,2723.039089,0.341924
2/8/19 20:00,2722.689108,2723.028788,0.33968
2/8/19 21:00,2722.686252,2723.0243,0.338048
2/8/19 22:00,2722.683498,2723.0243,0.340802
2/8/19 23:00,2722.685844,2723.024606,0.338762
2/9/19 0:00,2722.687068,2723.026748,0.33968
2/9/19 1:00,2722.690638,2723.029808,0.33917
2/9/19 2:00,2722.690944,2723.030827,0.339883
2/9/19 3:00,2722.69431,2723.033071,0.338761
2/9/19 4:00,2722.696349,2723.034397,0.338048
2/9/19 5:00,2722.697879,2723.036845,0.338966
2/9/19 6:00,2722.698287,2723.037967,0.33968
2/9/19 7:00,2722.699511,2723.040007,0.340496
2/9/19 8:00,2722.702061,2723.042557,0.340496
2/9/19 9:00,2722.701041,2723.042557,0.341516
2/9/19 10:00,2722.700939,2723.042557,0.341618
2/9/19 11:00,2722.703183,2723.045718,0.342535
2/9/19 12:00,2722.705325,2723.047962,0.342637
2/9/19 13:00,2722.703999,2723.050104,0.346105
2/9/19 14:00,2722.701653,2723.035111,0.333458
2/9/19 15:00,2722.700021,2723.048166,0.348145
2/9/19 16:00,2722.701857,2723.053062,0.351205
2/9/19 17:00,2722.701041,2723.051838,0.350797
2/9/19 18:00,2722.705121,2723.053368,0.348247
2/9/19 19:00,2722.708078,2723.055408,0.34733
2/9/19 20:00,2722.706039,2723.055,0.348961
2/9/19 21:00,2722.706651,2723.052144,0.345493
2/9/19 22:00,2722.702571,2723.047758,0.345187
2/9/19 23:00,2722.701449,2723.042149,0.3407
2/10/19 0:00,2722.696043,2723.034193,0.33815
2/10/19 1:00,2722.695023,2723.035111,0.340088
2/10/19 2:00,2722.695329,2723.035927,0.340598
2/10/19 3:00,2722.696757,2723.035927,0.33917
2/10/19 4:00,2722.698185,2723.037049,0.338864
2/10/19 5:00,2722.698695,2723.037967,0.339272
2/10/19 6:00,2722.699613,2723.037253,0.33764
2/10/19 7:00,2722.696145,2723.037355,0.34121
2/10/19 8:00,2722.700225,2723.042659,0.342434
2/10/19 9:00,2722.702673,2723.041129,0.338456
2/10/19 10:00,2722.698185,2723.039293,0.341108
2/10/19 11:00,2722.700531,2723.042965,0.342434
2/10/19 12:00,2722.700939,2723.045412,0.344473
2/10/19 13:00,2722.701041,2723.047758,0.346717
2/10/19 14:00,2722.701449,2723.049084,0.347635
2/10/19 15:00,2722.701347,2723.04939,0.348043
2/10/19 16:00,2722.701143,2723.052144,0.351001
2/10/19 17:00,2722.701041,2723.051736,0.350695
2/10/19 18:00,2722.702265,2723.049186,0.346921
2/10/19 19:00,2722.701857,2723.046636,0.344779
2/10/19 20:00,2722.698287,2723.043576,0.345289
2/10/19 21:00,2722.698695,2723.038987,0.340292
2/10/19 22:00,2722.691964,2723.030113,0.338149
2/10/19 23:00,2722.691556,2723.031031,0.339475
2/11/19 0:00,2722.6887,2723.028686,0.339986
2/11/19 1:00,2722.693188,2723.032255,0.339067
2/11/19 2:00,2722.692576,2723.033173,0.340597
2/11/19 3:00,2722.693086,2723.032765,0.339679
2/11/19 4:00,2722.695227,2723.035417,0.34019
2/11/19 5:00,2722.698797,2723.035927,0.33713
2/11/19 6:00,2722.694921,2723.036131,0.34121
2/11/19 7:00,2722.699205,2723.040721,0.341516
2/11/19 8:00,2722.701347,2723.042251,0.340904
2/11/19 9:00,2722.699613,2723.040721,0.341108
2/11/19 10:00,2722.699205,2723.041537,0.342332
2/11/19 11:00,2722.700633,2723.044392,0.343759
2/11/19 12:00,2722.700735,2723.044902,0.344167
2/11/19 13:00,2722.698899,2723.047248,0.348349
2/11/19 14:00,2722.701347,2723.04888,0.347533
2/11/19 15:00,2722.699307,2723.046126,0.346819
2/11/19 16:00,2722.698287,2723.048166,0.349879
2/11/19 17:00,2722.699919,2723.047554,0.347635
2/11/19 18:00,2722.698797,2723.041435,0.342638
2/11/19 19:00,2722.694819,2723.040415,0.345596
2/11/19 20:00,2722.691964,2723.034805,0.342841
2/11/19 21:00,2722.691046,2723.031337,0.340291
2/11/19 22:00,2722.689006,2723.0294,0.340394
2/11/19 23:00,2722.686762,2723.025218,0.338456
2/12/19 0:00,2722.687374,2723.025524,0.33815
2/12/19 1:00,2722.68921,2723.026748,0.337538
2/12/19 2:00,2722.692066,2723.028074,0.336008
2/12/19 3:00,2722.691658,2723.029298,0.33764
2/12/19 4:00,2722.69125,2723.028788,0.337538
2/12/19 5:00,2722.691046,2723.031745,0.340699
2/12/19 6:00,2722.692882,2723.031133,0.338251
2/12/19 7:00,2722.694717,2723.030317,0.3356
2/12/19 8:00,2722.697573,2723.033581,0.336008
2/12/19 9:00,2722.695023,2723.029808,0.334785
2/12/19 10:00,2722.695533,2723.033479,0.337946
2/12/19 11:00,2722.695941,2723.034703,0.338762
2/12/19 12:00,2722.696859,2723.038681,0.341822
2/12/19 13:00,2722.699307,2723.040721,0.341414
2/12/19 14:00,2722.696655,2723.040619,0.343964
2/12/19 15:00,2722.695533,2723.041639,0.346106
2/12/19 16:00,2722.694514,2723.042353,0.347839
2/12/19 17:00,2722.695839,2723.042251,0.346412
2/12/19 18:00,2722.698491,2723.042557,0.344066
2/12/19 19:00,2722.692066,2723.035213,0.343147
2/12/19 20:00,2722.689414,2723.029502,0.340088
2/12/19 21:00,2722.686354,2723.0243,0.337946
2/12/19 22:00,2722.683498,2723.020016,0.336518
2/12/19 23:00,2722.682988,2723.022056,0.339068
2/13/19 0:00,2722.682988,2723.021546,0.338558
2/13/19 1:00,2722.684926,2723.023076,0.33815
2/13/19 2:00,2722.686966,2723.025422,0.338456
2/13/19 3:00,2722.688598,2723.02583,0.337232
2/13/19 4:00,2722.68768,2723.025728,0.338048
2/13/19 5:00,2722.688292,2723.029502,0.34121
2/13/19 6:00,2722.68921,2723.029502,0.340292
2/13/19 7:00,2722.691964,2723.029502,0.337538
2/13/19 8:00,2722.69074,2723.031031,0.340291
2/13/19 9:00,2722.692372,2723.031031,0.338659
2/13/19 10:00,2722.693086,2723.033581,0.340495
2/13/19 11:00,2722.691862,2723.034601,0.342739
2/13/19 12:00,2722.69227,2723.037865,0.345595
2/13/19 13:00,2722.69278,2723.039191,0.346411
2/13/19 14:00,2722.691964,2723.038069,0.346105
2/13/19 15:00,2722.692168,2723.038069,0.345901
2/13/19 16:00,2722.69227,2723.035519,0.343249
2/13/19 17:00,2722.694208,2723.037151,0.342943
2/13/19 18:00,2722.692372,2723.036029,0.343657
2/13/19 19:00,2722.692678,2723.034805,0.342127
2/13/19 20:00,2722.692372,2723.033173,0.340801
2/13/19 21:00,2722.690128,2723.02991,0.339782
2/13/19 22:00,2722.689924,2723.030113,0.340189
2/13/19 23:00,2722.688496,2723.028584,0.340088
2/14/19 0:00,2722.683294,2723.017058,0.333764
2/14/19 1:00,2722.68411,2723.020118,0.336008
2/14/19 2:00,2722.684926,2723.021852,0.336926
2/14/19 3:00,2722.686048,2723.020832,0.334784
2/14/19 4:00,2722.682886,2723.019812,0.336926
2/14/19 5:00,2722.687272,2723.024504,0.337232
2/14/19 6:00,2722.689414,2723.02634,0.336926
2/14/19 7:00,2722.688496,2723.023892,0.335396
2/14/19 8:00,2722.690944,2723.027462,0.336518
2/14/19 9:00,2722.693392,2723.02583,0.332438
2/14/19 10:00,2722.694004,2723.030521,0.336517
2/14/19 11:00,2722.694412,2723.029502,0.33509
2/14/19 12:00,2722.696859,2723.031745,0.334886
2/14/19 13:00,2722.700633,2723.032765,0.332132
2/14/19 14:00,2722.704203,2723.033785,0.329582
2/14/19 15:00,2722.703795,2723.035417,0.331622
2/14/19 16:00,2722.708282,2723.036743,0.328461
2/14/19 17:00,2722.70818,2723.034907,0.326727
2/14/19 18:00,2722.711036,2723.037661,0.326625
2/14/19 19:00,2722.716442,2723.038375,0.321933
2/14/19 20:00,2722.720624,2723.040007,0.319383
2/14/19 21:00,2722.725621,2723.039293,0.313672
2/14/19 22:00,2722.729905,2723.041843,0.311938
2/14/19 23:00,2722.733985,2723.039599,0.305614
2/15/19 0:00,2722.739492,2723.044188,0.304696
2/15/19 1:00,2722.741022,2723.042761,0.301739
2/15/19 2:00,2722.744184,2723.040313,0.296129
2/15/19 3:00,2722.742348,2723.041945,0.299597
2/15/19 4:00,2722.751323,2723.047248,0.295925
2/15/19 5:00,2722.731333,2722.987175,0.255842
2/15/19 6:00,2722.695941,2722.967184,0.271243
2/15/19 7:00,2722.690638,2722.984931,0.294293
2/15/19 8:00,2722.704305,2723.00227,0.297965
2/15/19 9:00,2722.717156,2723.020424,0.303268
2/15/19 10:00,2722.725213,2723.030317,0.305104
2/15/19 11:00,2722.729395,2723.036641,0.307246
2/15/19 12:00,2722.730007,2723.041231,0.311224
2/15/19 13:00,2722.729803,2723.047146,0.317343
2/15/19 14:00,2722.734494,2723.050002,0.315508
2/15/19 15:00,2722.732251,2723.051022,0.318771
2/15/19 16:00,2722.733067,2723.054694,0.321627
2/15/19 17:00,2722.735208,2723.057549,0.322341
2/15/19 18:00,2722.736126,2723.061323,0.325197
2/15/19 19:00,2722.73837,2723.064179,0.325809
2/15/19 20:00,2722.740308,2723.067137,0.326829
2/15/19 21:00,2722.742042,2723.068361,0.326319
2/15/19 22:00,2722.742858,2723.069483,0.326625
2/15/19 23:00,2722.74143,2723.0704,0.32897
2/16/19 0:00,2722.740614,2723.069075,0.328461
2/16/19 1:00,2722.735922,2723.065811,0.329889
2/16/19 2:00,2722.73531,2723.063363,0.328053
2/16/19 3:00,2722.729599,2723.057753,0.328154
2/16/19 4:00,2722.725621,2723.053674,0.328053
2/16/19 5:00,2722.721031,2723.050206,0.329175
2/16/19 6:00,2722.719808,2723.047452,0.327644
2/16/19 7:00,2722.721745,2723.047656,0.325911
2/16/19 8:00,2722.717462,2723.047146,0.329684
2/16/19 9:00,2722.718176,2723.047452,0.329276
2/16/19 10:00,2722.721133,2723.051022,0.329889
2/16/19 11:00,2722.722459,2723.051634,0.329175
2/16/19 12:00,2722.723581,2723.053572,0.329991
2/16/19 13:00,2722.732863,2723.056529,0.323666
2/16/19 14:00,2722.728171,2723.055,0.326829
2/16/19 15:00,2722.728375,2723.057855,0.32948
2/16/19 16:00,2722.729701,2723.059385,0.329684
2/16/19 17:00,2722.733067,2723.062037,0.32897
2/16/19 18:00,2722.731741,2723.062751,0.33101
2/16/19 19:00,2722.735208,2723.065301,0.330093
2/16/19 20:00,2722.732251,2723.066015,0.333764
2/16/19 21:00,2722.73684,2723.068463,0.331623
2/16/19 22:00,2722.738166,2723.071114,0.332948
2/16/19 23:00,2722.737248,2723.071114,0.333866
2/17/19 0:00,2722.73735,2723.071012,0.333662
2/17/19 1:00,2722.73837,2723.072848,0.334478
2/17/19 2:00,2722.740716,2723.073664,0.332948
2/17/19 3:00,2722.74041,2723.074888,0.334478
2/17/19 4:00,2722.74041,2723.073868,0.333458
2/17/19 5:00,2722.739594,2723.073052,0.333458
2/17/19 6:00,2722.74194,2723.074888,0.332948
2/17/19 7:00,2722.74092,2723.075704,0.334784
2/17/19 8:00,2722.741226,2723.077336,0.33611
2/17/19 9:00,2722.739594,2723.075194,0.3356
2/17/19 10:00,2722.743572,2723.078254,0.334682
2/17/19 11:00,2722.743572,2723.078254,0.334682
2/17/19 12:00,2722.741124,2723.079376,0.338252
2/17/19 13:00,2722.742858,2723.0806,0.337742
2/17/19 14:00,2722.74143,2723.081824,0.340394
2/17/19 15:00,2722.741532,2723.081824,0.340292
2/17/19 16:00,2722.742654,2723.084067,0.341413
2/17/19 17:00,2722.742756,2723.083965,0.341209
2/17/19 18:00,2722.745204,2723.086005,0.340801
2/17/19 19:00,2722.742552,2723.085495,0.342943
2/17/19 20:00,2722.744592,2723.087535,0.342943
2/17/19 21:00,2722.741634,2723.087229,0.345595
2/17/19 22:00,2722.743878,2723.089167,0.345289
2/17/19 23:00,2722.74398,2723.090391,0.346411
2/18/19 0:00,2722.743878,2723.092227,0.348349
2/18/19 1:00,2722.743062,2723.091207,0.348145
2/18/19 2:00,2722.746122,2723.094165,0.348043
2/18/19 3:00,2722.74602,2723.095083,0.349063
2/18/19 4:00,2722.747243,2723.095899,0.348656
2/18/19 5:00,2722.748467,2723.097122,0.348655
2/18/19 6:00,2722.750813,2723.09804,0.347227
2/18/19 7:00,2722.749793,2723.100692,0.350899
2/18/19 8:00,2722.752139,2723.10059,0.348451
2/18/19 9:00,2722.748161,2723.101304,0.353143
2/18/19 10:00,2722.750303,2723.102222,0.351919
2/18/19 11:00,2722.750099,2723.103242,0.353143
2/18/19 12:00,2722.748569,2723.101406,0.352837
2/18/19 13:00,2722.748161,2723.101712,0.353551
2/18/19 14:00,2722.749895,2723.102018,0.352123
2/18/19 15:00,2722.745612,2723.10212,0.356508
2/18/19 16:00,2722.744388,2723.101304,0.356916
2/18/19 17:00,2722.748263,2723.103548,0.355285
2/18/19 18:00,2722.749589,2723.105588,0.355999
2/18/19 19:00,2722.748977,2723.105282,0.356305
2/18/19 20:00,2722.748977,2723.10518,0.356203
2/18/19 21:00,2722.747957,2723.10518,0.357223
2/18/19 22:00,2722.751935,2723.109157,0.357222
2/18/19 23:00,2722.748773,2723.10722,0.358447
2/19/19 0:00,2722.749691,2723.111197,0.361506
2/19/19 1:00,2722.748467,2723.110279,0.361812
2/19/19 2:00,2722.748161,2723.109667,0.361506
2/19/19 3:00,2722.749181,2723.108852,0.359671
2/19/19 4:00,2722.749997,2723.110891,0.360894
2/19/19 5:00,2722.750813,2723.111095,0.360282
2/19/19 6:00,2722.752751,2723.111197,0.358446
2/19/19 7:00,2722.752649,2723.112319,0.35967
2/19/19 8:00,2722.753771,2723.112217,0.358446
2/19/19 9:00,2722.754791,2723.113135,0.358344
2/19/19 10:00,2722.753771,2723.113237,0.359466
2/19/19 11:00,2722.756525,2723.113135,0.35661
2/19/19 12:00,2722.755097,2723.113441,0.358344
2/19/19 13:00,2722.755709,2723.113849,0.35814
2/19/19 14:00,2722.756219,2723.113849,0.35763
2/19/19 15:00,2722.757239,2723.114869,0.35763
2/19/19 16:00,2722.755199,2723.114767,0.359568
2/19/19 17:00,2722.758361,2723.114869,0.356508
2/19/19 18:00,2722.758463,2723.113747,0.355284
2/19/19 19:00,2722.756627,2723.114359,0.357732
2/19/19 20:00,2722.758769,2723.115379,0.35661
2/19/19 21:00,2722.758769,2723.116297,0.357528
2/19/19 22:00,2722.756831,2723.113339,0.356508
2/19/19 23:00,2722.757647,2723.115379,0.357732
2/20/19 0:00,2722.758463,2723.116603,0.35814
2/20/19 1:00,2722.757341,2723.118643,0.361302
2/20/19 2:00,2722.758157,2723.117827,0.35967
2/20/19 3:00,2722.758973,2723.118949,0.359976
2/20/19 4:00,2722.758973,2723.119765,0.360792
2/20/19 5:00,2722.761216,2723.119867,0.358651
2/20/19 6:00,2722.762644,2723.120377,0.357733
2/20/19 7:00,2722.760706,2723.121193,0.360487
2/20/19 8:00,2722.761114,2723.120785,0.359671
2/20/19 9:00,2722.760299,2723.120581,0.360282
2/20/19 10:00,2722.76244,2723.122416,0.359976
2/20/19 11:00,2722.760502,2723.121499,0.360997
2/20/19 12:00,2722.760502,2723.12262,0.362118
2/20/19 13:00,2722.756933,2723.120581,0.363648
2/20/19 14:00,2722.756627,2723.122722,0.366095
2/20/19 15:00,2722.753261,2723.12262,0.369359
2/20/19 16:00,2722.756423,2723.120683,0.36426
2/20/19 17:00,2722.755301,2723.122824,0.367523
2/20/19 18:00,2722.755709,2723.122824,0.367115
2/20/19 19:00,2722.757341,2723.122416,0.365075
2/20/19 20:00,2722.756525,2723.122213,0.365688
2/20/19 21:00,2722.755301,2723.12313,0.367829
2/20/19 22:00,2722.755199,2723.122416,0.367217
2/20/19 23:00,2722.758361,2723.123436,0.365075
2/21/19 0:00,2722.756219,2723.124558,0.368339
2/21/19 1:00,2722.756015,2723.124762,0.368747
2/21/19 2:00,2722.754893,2723.124966,0.370073
2/21/19 3:00,2722.755709,2723.127006,0.371297
2/21/19 4:00,2722.755607,2723.128128,0.372521
2/21/19 5:00,2722.756627,2723.12721,0.370583
2/21/19 6:00,2722.757749,2723.128128,0.370379
2/21/19 7:00,2722.757749,2723.127006,0.369257
2/21/19 8:00,2722.759075,2723.127822,0.368747
2/21/19 9:00,2722.757035,2723.1267,0.369665
2/21/19 10:00,2722.753873,2723.124864,0.370991
2/21/19 11:00,2722.753975,2723.12415,0.370175
2/21/19 12:00,2722.749487,2723.122926,0.373439
2/21/19 13:00,2722.749181,2723.122213,0.373032
2/21/19 14:00,2722.748875,2723.124048,0.375173
2/21/19 15:00,2722.747651,2723.125068,0.377417
2/21/19 16:00,2722.745714,2723.121907,0.376193
2/21/19 17:00,2722.745816,2723.122722,0.376906
2/21/19 18:00,2722.747142,2723.124354,0.377212
2/21/19 19:00,2722.750609,2723.124966,0.374357
2/21/19 20:00,2722.749793,2723.119153,0.36936
2/21/19 21:00,2722.748875,2723.122009,0.373134
2/21/19 22:00,2722.749793,2723.123946,0.374153
2/21/19 23:00,2722.751833,2723.124048,0.372215
2/22/19 0:00,2722.752853,2723.12313,0.370277
2/22/19 1:00,2722.754791,2723.125068,0.370277
2/22/19 2:00,2722.755097,2723.122111,0.367014
2/22/19 3:00,2722.753975,2723.124048,0.370073
2/22/19 4:00,2722.755913,2723.125884,0.369971
2/22/19 5:00,2722.756117,2723.125884,0.369767
2/22/19 6:00,2722.756117,2723.126802,0.370685
2/22/19 7:00,2722.756321,2723.124762,0.368441
2/22/19 8:00,2722.757647,2723.123538,0.365891
2/22/19 9:00,2722.756627,2723.123538,0.366911
2/22/19 10:00,2722.756219,2723.123538,0.367319
2/22/19 11:00,2722.755199,2723.124252,0.369053
2/22/19 12:00,2722.754995,2723.124456,0.369461
2/22/19 13:00,2722.753363,2723.124558,0.371195
2/22/19 14:00,2722.752343,2723.124558,0.372215
2/22/19 15:00,2722.752343,2723.126496,0.374153
2/22/19 16:00,2722.752649,2723.12619,0.373541
2/22/19 17:00,2722.752547,2723.126292,0.373745
2/22/19 18:00,2722.754791,2723.129046,0.374255
2/22/19 19:00,2722.753975,2723.125884,0.371909
2/22/19 20:00,2722.754281,2723.12568,0.371399
2/22/19 21:00,2722.757443,2723.12568,0.368237
2/22/19 22:00,2722.755301,2723.128434,0.373133
2/22/19 23:00,2722.756117,2723.128638,0.372521
2/23/19 0:00,2722.757749,2723.125884,0.368135
2/23/19 1:00,2722.756933,2723.1267,0.369767
2/23/19 2:00,2722.760197,2723.126598,0.366401
2/23/19 3:00,2722.755097,2723.122722,0.367625
2/23/19 4:00,2722.753261,2723.120479,0.367218
2/23/19 5:00,2722.754587,2723.119255,0.364668
2/23/19 6:00,2722.751119,2723.119663,0.368544
2/23/19 7:00,2722.750711,2723.116195,0.365484
2/23/19 8:00,2722.746428,2723.110789,0.364361
2/23/19 9:00,2722.745204,2723.111299,0.366095
2/23/19 10:00,2722.744694,2723.113033,0.368339
2/23/19 11:00,2722.744796,2723.115379,0.370583
2/23/19 12:00,2722.744898,2723.119867,0.374969
2/23/19 13:00,2722.744694,2723.119663,0.374969
2/23/19 14:00,2722.743878,2723.119357,0.375479
2/23/19 15:00,2722.742858,2723.116501,0.373643
2/23/19 16:00,2722.73735,2723.113033,0.375683
2/23/19 17:00,2722.738574,2723.115583,0.377009
2/23/19 18:00,2722.736126,2723.116195,0.380069
2/23/19 19:00,2722.740716,2723.119663,0.378947
2/23/19 20:00,2722.7399,2723.122314,0.382414
2/23/19 21:00,2722.743368,2723.12313,0.379762
2/23/19 22:00,2722.744796,2723.12262,0.377824
2/23/19 23:00,2722.74092,2723.119663,0.378743
2/24/19 0:00,2722.739084,2723.116909,0.377825
2/24/19 1:00,2722.737248,2723.113849,0.376601
2/24/19 2:00,2722.734188,2723.112829,0.378641
2/24/19 3:00,2722.736126,2723.114767,0.378641
2/24/19 4:00,2722.73633,2723.115991,0.379661
2/24/19 5:00,2722.735514,2723.114971,0.379457
2/24/19 6:00,2722.732557,2723.110891,0.378334
2/24/19 7:00,2722.730721,2723.110177,0.379456
2/24/19 8:00,2722.729905,2723.109871,0.379966
2/24/19 9:00,2722.729905,2723.112829,0.382924
2/24/19 10:00,2722.730925,2723.113033,0.382108
2/24/19 11:00,2722.731945,2723.115991,0.384046
2/24/19 12:00,2722.732863,2723.120275,0.387412
2/24/19 13:00,2722.735514,2723.12262,0.387106
2/24/19 14:00,2722.734188,2723.125986,0.391798
2/24/19 15:00,2722.734698,2723.127006,0.392308
2/24/19 16:00,2722.733883,2723.129148,0.395265
2/24/19 17:00,2722.735718,2723.130984,0.395266
2/24/19 18:00,2722.738166,2723.13129,0.393124
2/24/19 19:00,2722.738472,2723.132208,0.393736
2/24/19 20:00,2722.738472,2723.134146,0.395674
2/24/19 21:00,2722.738676,2723.132106,0.39343
2/24/19 22:00,2722.735514,2723.126496,0.390982
2/24/19 23:00,2722.729293,2723.119153,0.38986
2/25/19 0:00,2722.725315,2723.110585,0.38527
2/25/19 1:00,2722.720012,2723.103956,0.383944
2/25/19 2:00,2722.721235,2723.103242,0.382007
2/25/19 3:00,2722.718074,2723.101406,0.383332
2/25/19 4:00,2722.720318,2723.102732,0.382414
2/25/19 5:00,2722.719298,2723.104568,0.38527
2/25/19 6:00,2722.719196,2723.106812,0.387616
2/25/19 7:00,2722.723377,2723.108852,0.385475
2/25/19 8:00,2722.721745,2723.109769,0.388024
2/25/19 9:00,2722.723887,2723.113543,0.389656
2/25/19 10:00,2722.724295,2723.114767,0.390472
2/25/19 11:00,2722.724193,2723.117725,0.393532
2/25/19 12:00,2722.723173,2723.121499,0.398326
2/25/19 13:00,2722.726947,2723.12568,0.398733
2/25/19 14:00,2722.726845,2723.1267,0.399855
2/25/19 15:00,2722.725825,2723.130474,0.404649
2/25/19 16:00,2722.725621,2723.132412,0.406791
2/25/19 17:00,2722.728477,2723.136287,0.40781
2/25/19 18:00,2722.727865,2723.136389,0.408524
2/25/19 19:00,2722.729191,2723.139959,0.410768
2/25/19 20:00,2722.729599,2723.138939,0.40934
2/25/19 21:00,2722.727763,2723.13129,0.403527
2/25/19 22:00,2722.723785,2723.121601,0.397816
2/25/19 23:00,2722.720522,2723.114155,0.393633
2/26/19 0:00,2722.716442,2723.110177,0.393735
2/26/19 1:00,2722.7143,2723.110177,0.395877
2/26/19 2:00,2722.716646,2723.109056,0.39241
2/26/19 3:00,2722.714504,2723.109973,0.395469
2/26/19 4:00,2722.716646,2723.112013,0.395367
2/26/19 5:00,2722.716646,2723.113849,0.397203
2/26/19 6:00,2722.718788,2723.115685,0.396897
2/26/19 7:00,2722.717054,2723.116705,0.399651
2/26/19 8:00,2722.71838,2723.117419,0.399039
2/26/19 9:00,2722.720828,2723.119255,0.398427
2/26/19 10:00,2722.719808,2723.120173,0.400365
2/26/19 11:00,2722.721439,2723.123742,0.402303
2/26/19 12:00,2722.723479,2723.129454,0.405975
2/26/19 13:00,2722.723071,2723.131392,0.408321
2/26/19 14:00,2722.721541,2723.133534,0.411993
2/26/19 15:00,2722.720522,2723.137307,0.416785
2/26/19 16:00,2722.722153,2723.138429,0.416276
2/26/19 17:00,2722.723173,2723.139653,0.41648
2/26/19 18:00,2722.725621,2723.142203,0.416582
2/26/19 19:00,2722.722867,2723.139857,0.41699
2/26/19 20:00,2722.722153,2723.132106,0.409953
2/26/19 21:00,2722.71685,2723.116807,0.399957
2/26/19 22:00,2722.70971,2723.105282,0.395572
2/26/19 23:00,2722.704407,2723.097836,0.393429
2/27/19 0:00,2722.704509,2723.098652,0.394143
2/27/19 1:00,2722.704713,2723.101406,0.396693
2/27/19 2:00,2722.705835,2723.105078,0.399243
2/27/19 3:00,2722.70869,2723.106302,0.397612
2/27/19 4:00,2722.707671,2723.1062,0.398529
2/27/19 5:00,2722.70971,2723.110075,0.400365
2/27/19 6:00,2722.712158,2723.113135,0.400977
2/27/19 7:00,2722.712974,2723.117113,0.404139
2/27/19 8:00,2722.71226,2723.116909,0.404649
2/27/19 9:00,2722.712464,2723.118847,0.406383
2/27/19 10:00,2722.713382,2723.120887,0.407505
2/27/19 11:00,2722.714402,2723.121091,0.406689
2/27/19 12:00,2722.715014,2723.126292,0.411278
2/27/19 13:00,2722.714504,2723.127312,0.412808
2/27/19 14:00,2722.712668,2723.129352,0.416684
2/27/19 15:00,2722.71481,2723.132718,0.417908
2/27/19 16:00,2722.715932,2723.134554,0.418622
2/27/19 17:00,2722.716442,2723.13384,0.417398
2/27/19 18:00,2722.715422,2723.1318,0.416378
2/27/19 19:00,2722.715626,2723.131596,0.41597
2/27/19 20:00,2722.712464,2723.124048,0.411584
2/27/19 21:00,2722.709302,2723.114563,0.405261
2/27/19 22:00,2722.703183,2723.10314,0.399957
2/27/19 23:00,2722.696451,2723.094471,0.39802
2/28/19 0:00,2722.696451,2723.095287,0.398836
2/28/19 1:00,2722.697369,2723.097938,0.400569
2/28/19 2:00,2722.701551,2723.101712,0.400161
2/28/19 3:00,2722.700429,2723.101814,0.401385
2/28/19 4:00,2722.701959,2723.10467,0.402711
2/28/19 5:00,2722.702979,2723.107526,0.404547
2/28/19 6:00,2722.705223,2723.109259,0.404036
2/28/19 7:00,2722.705937,2723.111095,0.405158
2/28/19 8:00,2722.706243,2723.112115,0.405872
2/28/19 9:00,2722.705019,2723.113747,0.408728
2/28/19 10:00,2722.706651,2723.115073,0.408422
2/28/19 11:00,2722.706447,2723.115073,0.408626
2/28/19 12:00,2722.702979,2723.113747,0.410768
2/28/19 13:00,2722.702571,2723.115889,0.413318
2/28/19 14:00,2722.701245,2723.116603,0.415358
2/28/19 15:00,2722.703693,2723.120479,0.416786
2/28/19 16:00,2722.702673,2723.119459,0.416786
2/28/19 17:00,2722.702061,2723.117827,0.415766
2/28/19 18:00,2722.702877,2723.117725,0.414848
2/28/19 19:00,2722.699715,2723.111095,0.41138
2/28/19 20:00,2722.696349,2723.102528,0.406179
2/28/19 21:00,2722.692168,2723.091105,0.398937
2/28/19 22:00,2722.687884,2723.087331,0.399447
2/28/19 23:00,2722.685334,2723.086311,0.400977
3/1/19 0:00,2722.689312,2723.093043,0.403731
3/1/19 1:00,2722.693596,2723.095797,0.402201
3/1/19 2:00,2722.695431,2723.09855,0.403119
3/1/19 3:00,2722.695227,2723.096816,0.401589
3/1/19 4:00,2722.699409,2723.10161,0.402201
3/1/19 5:00,2722.701449,2723.102222,0.400773
3/1/19 6:00,2722.704407,2723.104262,0.399855
3/1/19 7:00,2722.704203,2723.107016,0.402813
3/1/19 8:00,2722.707976,2723.10773,0.399754
3/1/19 9:00,2722.71022,2723.110993,0.400773
3/1/19 10:00,2722.712668,2723.112523,0.399855
3/1/19 11:00,2722.715218,2723.114053,0.398835
3/1/19 12:00,2722.717258,2723.119357,0.402099
3/1/19 13:00,2722.720216,2723.121397,0.401181
3/1/19 14:00,2722.721439,2723.122518,0.401079
3/1/19 15:00,2722.722051,2723.123436,0.401385
3/1/19 16:00,2722.722969,2723.116807,0.393838
3/1/19 17:00,2722.719808,2723.116603,0.396795
3/1/19 18:00,2722.720828,2723.119459,0.398631
3/1/19 19:00,2722.725213,2723.121295,0.396082
3/1/19 20:00,2722.720726,2723.106302,0.385576
3/1/19 21:00,2722.712974,2723.091105,0.378131
3/1/19 22:00,2722.706651,2723.082436,0.375785
3/1/19 23:00,2722.700225,2723.082742,0.382517
3/2/19 0:00,2722.707365,2723.089473,0.382108
3/2/19 1:00,2722.71022,2723.093553,0.383333
3/2/19 2:00,2722.713892,2723.097326,0.383434
3/2/19 3:00,2722.718788,2723.100692,0.381904
3/2/19 4:00,2722.721745,2723.10365,0.381905
3/2/19 5:00,2722.720929,2723.102426,0.381497
3/2/19 6:00,2722.724193,2723.104874,0.380681
3/2/19 7:00,2722.722153,2723.104568,0.382415
3/2/19 8:00,2722.723479,2723.106302,0.382823
3/2/19 9:00,2722.725111,2723.106098,0.380987
3/2/19 10:00,2722.725009,2723.104262,0.379253
3/2/19 11:00,2722.722765,2723.104262,0.381497
3/2/19 12:00,2722.722153,2723.105792,0.383639
3/2/19 13:00,2722.719604,2723.101406,0.381802
3/2/19 14:00,2722.719502,2723.10314,0.383638
3/2/19 15:00,2722.717768,2723.10416,0.386392
3/2/19 16:00,2722.717972,2723.10467,0.386698
3/2/19 17:00,2722.717972,2723.105792,0.38782
3/2/19 18:00,2722.723785,2723.103242,0.379457
3/2/19 19:00,2722.724805,2723.097632,0.372827
3/2/19 20:00,2722.727763,2723.095695,0.367932
3/2/19 21:00,2722.749997,2723.101304,0.351307
3/2/19 22:00,2722.747243,2723.093247,0.346004
3/2/19 23:00,2722.748977,2723.087637,0.33866
3/3/19 0:00,2722.74194,2723.086617,0.344677
3/3/19 1:00,2722.738982,2723.085189,0.346207
3/3/19 2:00,2722.738472,2723.091513,0.353041
3/3/19 3:00,2722.744694,2723.093145,0.348451
3/3/19 4:00,2722.745102,2723.092941,0.347839
3/3/19 5:00,2722.744388,2723.087841,0.343453
3/3/19 6:00,2722.747753,2723.088657,0.340904
3/3/19 7:00,2722.748569,2723.092635,0.344066
3/3/19 8:00,2722.749793,2723.093961,0.344168
3/3/19 9:00,2722.750813,2723.095797,0.344984
3/3/19 10:00,2722.751833,2723.099672,0.347839
3/3/19 11:00,2722.749487,2723.097938,0.348451
3/3/19 12:00,2722.752139,2723.100284,0.348145
3/3/19 13:00,2722.754077,2723.10263,0.348553
3/3/19 14:00,2722.753261,2723.10263,0.349369
3/3/19 15:00,2722.749283,2723.10161,0.352327
3/3/19 16:00,2722.752751,2723.105078,0.352327
3/3/19 17:00,2722.754791,2723.106098,0.351307
3/3/19 18:00,2722.755709,2723.105996,0.350287
3/3/19 19:00,2722.74245,2723.118949,0.376499
3/3/19 20:00,2722.74449,2723.124252,0.379762
3/3/19 21:00,2722.751833,2723.124252,0.372419
3/3/19 22:00,2722.747855,2723.118439,0.370584
3/3/19 23:00,2722.746734,2723.110891,0.364157
3/4/19 0:00,2722.743572,2723.107118,0.363546
3/4/19 1:00,2722.743572,2723.10518,0.361608
3/4/19 2:00,2722.742348,2723.104976,0.362628
3/4/19 3:00,2722.737962,2723.098448,0.360486
3/4/19 4:00,2722.731639,2723.084169,0.35253
3/4/19 5:00,2722.718074,2723.064281,0.346207
3/4/19 6:00,2722.703489,2723.04531,0.341821
3/4/19 7:00,2722.690842,2723.033887,0.343045
3/4/19 8:00,2722.684722,2723.025116,0.340394
3/4/19 9:00,2722.670341,2723.011449,0.341108
3/4/19 10:00,2722.665446,2723.004819,0.339373
3/4/19 11:00,2722.657694,2722.99819,0.340496
3/4/19 12:00,2722.652187,2722.996252,0.344065
3/4/19 13:00,2722.646781,2722.987583,0.340802
3/4/19 14:00,2722.641376,2722.981973,0.340597
3/4/19 15:00,2722.635766,2722.977995,0.342229
3/4/19 16:00,2722.630258,2722.971978,0.34172
3/4/19 17:00,2722.626077,2722.963309,0.337232
3/4/19 18:00,2722.619141,2722.955557,0.336416
3/4/19 19:00,2722.610982,2722.945766,0.334784
3/4/19 20:00,2722.6068,2722.939952,0.333152
3/4/19 21:00,2722.600783,2722.933119,0.332336
3/4/19 22:00,2722.594153,2722.925877,0.331724
3/4/19 23:00,2722.593031,2722.922818,0.329787
3/5/19 0:00,2722.587932,2722.916086,0.328154
3/5/19 1:00,2722.58273,2722.910375,0.327645
3/5/19 2:00,2722.58834,2722.92037,0.33203
3/5/19 3:00,2722.594561,2722.92394,0.329379
3/5/19 4:00,2722.593541,2722.923838,0.330297
3/5/19 5:00,2722.592929,2722.923532,0.330603
3/5/19 6:00,2722.595275,2722.926081,0.330806
3/5/19 7:00,2722.594561,2722.924857,0.330296
3/5/19 8:00,2722.595785,2722.925673,0.329888
3/5/19 9:00,2722.594255,2722.922512,0.328257
3/5/19 10:00,2722.592725,2722.921492,0.328767
3/5/19 11:00,2722.593847,2722.927407,0.33356
3/5/19 12:00,2722.598131,2722.935975,0.337844
3/5/19 13:00,2722.610778,2722.958005,0.347227
3/5/19 14:00,2722.628321,2722.978913,0.350592
3/5/19 15:00,2722.646169,2722.999108,0.352939
3/5/19 16:00,2722.658102,2723.012469,0.354367
3/5/19 17:00,2722.66769,2723.018078,0.350388
3/5/19 18:00,2722.667588,2723.009409,0.341821
3/5/19 19:00,2722.65749,2723.000944,0.343454
3/5/19 20:00,2722.651167,2722.997986,0.346819
3/5/19 21:00,2722.652391,2722.999924,0.347533
3/5/19 22:00,2722.651371,2723.001658,0.350287
3/5/19 23:00,2722.653207,2723.002882,0.349675
3/6/19 0:00,2722.656368,2723.008593,0.352225
3/6/19 1:00,2722.660652,2723.016039,0.355387
3/6/19 2:00,2722.669831,2723.024912,0.355081
3/6/19 3:00,2722.678807,2723.032867,0.35406
3/6/19 4:00,2722.685742,2723.039803,0.354061
3/6/19 5:00,2722.691964,2723.045718,0.353754
3/6/19 6:00,2722.693086,2723.05041,0.357324
3/6/19 7:00,2722.698389,2723.051226,0.352837
3/6/19 8:00,2722.706855,2723.055102,0.348247
3/6/19 9:00,2722.703693,2723.047554,0.343861
3/6/19 10:00,2722.700429,2723.04888,0.348451
3/6/19 11:00,2722.700327,2723.049798,0.349471
3/6/19 12:00,2722.702061,2723.049084,0.347023
3/6/19 13:00,2722.700225,2723.047656,0.347431
3/6/19 14:00,2722.696655,2723.049084,0.352429
3/6/19 15:00,2722.703081,2723.0499,0.346819
3/6/19 16:00,2722.707772,2723.05245,0.344678
3/6/19 17:00,2722.70869,2723.051532,0.342842
3/6/19 18:00,2722.710526,2723.041333,0.330807
3/6/19 19:00,2722.699613,2723.02481,0.325197
3/6/19 20:00,2722.683906,2723.015223,0.331317
3/6/19 21:00,2722.682988,2723.010327,0.327339
3/6/19 22:00,2722.679725,2723.013285,0.33356
3/6/19 23:00,2722.689312,2723.023586,0.334274
3/7/19 0:00,2722.695635,2723.033071,0.337436
3/7/19 1:00,2722.702265,2723.042149,0.339884
3/7/19 2:00,2722.71073,2723.04786,0.33713
3/7/19 3:00,2722.71889,2723.04633,0.32744
3/7/19 4:00,2722.721031,2723.048982,0.327951
3/7/19 5:00,2722.725213,2723.052858,0.327645
3/7/19 6:00,2722.723377,2723.088453,0.365076
3/7/19 7:00,2722.730823,2723.117623,0.3868
3/7/19 8:00,2722.752649,2723.139653,0.387004
3/7/19 9:00,2722.765194,2723.148119,0.382925
3/7/19 10:00,2722.775801,2723.149138,0.373337
3/7/19 11:00,2722.785287,2723.146283,0.360996
3/7/19 12:00,2722.789774,2723.143223,0.353449
3/7/19 13:00,2722.79722,2723.139551,0.342331
3/7/19 14:00,2722.799056,2723.132412,0.333356
3/7/19 15:00,2722.79824,2723.125578,0.327338
3/7/19 16:00,2722.79824,2723.120785,0.322545
3/7/19 17:00,2722.79212,2723.116909,0.324789
3/7/19 18:00,2722.78906,2723.112931,0.323871
3/7/19 19:00,2722.785083,2723.109871,0.324788
3/7/19 20:00,2722.782125,2723.105996,0.323871
3/7/19 21:00,2722.784063,2723.107016,0.322953
3/7/19 22:00,2722.786307,2723.105996,0.319689
3/7/19 23:00,2722.784063,2723.10416,0.320097
3/8/19 0:00,2722.782941,2723.103344,0.320403
3/8/19 1:00,2722.778351,2723.101814,0.323463
3/8/19 2:00,2722.784267,2723.104058,0.319791
3/8/19 3:00,2722.783757,2723.103446,0.319689
3/8/19 4:00,2722.784369,2723.102936,0.318567
3/8/19 5:00,2722.784471,2723.10467,0.320199
3/8/19 6:00,2722.786103,2723.104874,0.318771
3/8/19 7:00,2722.786205,2723.10365,0.317445
3/8/19 8:00,2722.784777,2723.104976,0.320199
3/8/19 9:00,2722.787632,2723.105282,0.31765
3/8/19 10:00,2722.786307,2723.105588,0.319281
3/8/19 11:00,2722.785593,2723.10518,0.319587
3/8/19 12:00,2722.786816,2723.107934,0.321118
3/8/19 13:00,2722.780697,2723.109463,0.328766
3/8/19 14:00,2722.778759,2723.109463,0.330704
3/8/19 15:00,2722.777025,2723.109667,0.332642
3/8/19 16:00,2722.774679,2723.110687,0.336008
3/8/19 17:00,2722.774883,2723.109667,0.334784
3/8/19 18:00,2722.775801,2723.111605,0.335804
3/8/19 19:00,2722.777331,2723.113033,0.335702
3/8/19 20:00,2722.781003,2723.112727,0.331724
3/8/19 21:00,2722.785083,2723.112727,0.327644
3/8/19 22:00,2722.777943,2723.106914,0.328971
3/8/19 23:00,2722.777637,2723.100488,0.322851
3/9/19 0:00,2722.768152,2723.088147,0.319995
3/9/19 1:00,2722.753567,2723.067341,0.313774
3/9/19 2:00,2722.736942,2723.048064,0.311122
3/9/19 3:00,2722.725111,2723.04378,0.318669
3/9/19 4:00,2722.721643,2723.037865,0.316222
3/9/19 5:00,2722.712974,2723.033173,0.320199
3/9/19 6:00,2722.709302,2723.027768,0.318466
3/9/19 7:00,2722.707569,2723.02736,0.319791
3/9/19 8:00,2722.707467,2723.025014,0.317547
3/9/19 9:00,2722.705631,2723.020832,0.315201
3/9/19 10:00,2722.702775,2723.023382,0.320607
3/9/19 11:00,2722.708078,2723.031949,0.323871
3/9/19 12:00,2722.719706,2723.040313,0.320607
3/9/19 13:00,2722.727151,2723.047044,0.319893
3/9/19 14:00,2722.729089,2723.047146,0.318057
3/9/19 15:00,2722.726845,2723.05194,0.325095
3/9/19 16:00,2722.727967,2723.055612,0.327645
3/9/19 17:00,2722.730007,2723.05449,0.324483
3/9/19 18:00,2722.730211,2723.049492,0.319281
3/9/19 19:00,2722.716952,2723.035825,0.318873
3/9/19 20:00,2722.703081,2723.017568,0.314487
3/9/19 21:00,2722.687476,2723.004105,0.316629
3/9/19 22:00,2722.675033,2722.994416,0.319383
3/9/19 23:00,2722.665446,2722.985951,0.320505
3/10/19 0:00,2722.660142,2722.984217,0.324075
3/10/19 1:00,2722.657694,2722.981667,0.323973
3/10/19 2:00,2722.658816,2722.987277,0.328461
3/10/19 3:00,2722.669321,2722.999618,0.330297
3/10/19 4:00,2722.679827,2723.010939,0.331112
3/10/19 5:00,2722.690842,2723.01818,0.327338
3/10/19 6:00,2722.699205,2723.02532,0.326115
3/10/19 7:00,2722.705631,2723.031031,0.3254
3/10/19 8:00,2722.713076,2723.034703,0.321627
3/10/19 9:00,2722.716646,2723.035519,0.318873
3/10/19 10:00,2722.71481,2723.034499,0.319689
3/10/19 11:00,2722.718482,2723.040313,0.321831
3/10/19 12:00,2722.719808,2723.045106,0.325298
3/10/19 13:00,2722.718788,2723.047044,0.328256
3/10/19 14:00,2722.719604,2723.052042,0.332438
3/10/19 15:00,2722.717258,2723.052654,0.335396
3/10/19 16:00,2722.71787,2723.056224,0.338354
3/10/19 17:00,2722.717768,2723.058059,0.340291
3/10/19 18:00,2722.718788,2723.059487,0.340699
3/10/19 19:00,2722.721439,2723.060915,0.339476
3/10/19 20:00,2722.719706,2723.057651,0.337945
3/10/19 21:00,2722.715422,2723.053878,0.338456
3/10/19 22:00,2722.707467,2723.043169,0.335702
3/10/19 23:00,2722.699103,2723.033479,0.334376
3/11/19 0:00,2722.691658,2723.028788,0.33713
3/11/19 1:00,2722.680235,2723.017364,0.337129
3/11/19 2:00,2722.674829,2723.014509,0.33968
3/11/19 3:00,2722.671565,2723.013693,0.342128
3/11/19 4:00,2722.674727,2723.018486,0.343759
3/11/19 5:00,2722.679011,2723.023076,0.344065
3/11/19 6:00,2722.685334,2723.030623,0.345289
3/11/19 7:00,2722.690944,2723.036029,0.345085
3/11/19 8:00,2722.696553,2723.043169,0.346616
3/11/19 9:00,2722.701347,2723.04684,0.345493
3/11/19 10:00,2722.704305,2723.051838,0.347533
3/11/19 11:00,2722.708384,2723.056835,0.348451
3/11/19 12:00,2722.708792,2723.056529,0.347737
3/11/19 13:00,2722.710628,2723.061527,0.350899
3/11/19 14:00,2722.712158,2723.062649,0.350491
3/11/19 15:00,2722.710322,2723.064485,0.354163
3/11/19 16:00,2722.708588,2723.064383,0.355795
3/11/19 17:00,2722.707976,2723.068157,0.360181
3/11/19 18:00,2722.70869,2723.070196,0.361506
3/11/19 19:00,2722.709812,2723.072542,0.36273
3/11/19 20:00,2722.713994,2723.073766,0.359772
3/11/19 21:00,2722.71379,2723.073766,0.359976
3/11/19 22:00,2722.716034,2723.076622,0.360588
3/11/19 23:00,2722.718992,2723.078968,0.359976
3/12/19 0:00,2722.71838,2723.080192,0.361812
3/12/19 1:00,2722.718686,2723.079274,0.360588
3/12/19 2:00,2722.720318,2723.078356,0.358038
3/12/19 3:00,2722.71991,2723.078764,0.358854
3/12/19 4:00,2722.7194,2723.081212,0.361812
3/12/19 5:00,2722.720318,2723.081212,0.360894
3/12/19 6:00,2722.723377,2723.083251,0.359874
3/12/19 7:00,2722.726335,2723.084271,0.357936
3/12/19 8:00,2722.729701,2723.086413,0.356712
3/12/19 9:00,2722.729497,2723.086515,0.357018
3/12/19 10:00,2722.731231,2723.087739,0.356508
3/12/19 11:00,2722.731231,2723.087433,0.356202
3/12/19 12:00,2722.730211,2723.087739,0.357528
3/12/19 13:00,2722.729599,2723.088453,0.358854
3/12/19 14:00,2722.728375,2723.091921,0.363546
3/12/19 15:00,2722.726233,2723.088657,0.362424
3/12/19 16:00,2722.724499,2723.091207,0.366708
3/12/19 17:00,2722.722867,2723.089881,0.367014
3/12/19 18:00,2722.722765,2723.089269,0.366504
3/12/19 19:00,2722.724193,2723.090595,0.366402
3/12/19 20:00,2722.724499,2723.092329,0.36783
3/12/19 21:00,2722.726743,2723.094777,0.368034
3/12/19 22:00,2722.723989,2723.094369,0.37038
3/12/19 23:00,2722.731945,2723.095899,0.363954
3/13/19 0:00,2722.731129,2723.097428,0.366299
3/13/19 1:00,2722.735922,2723.097938,0.362016
3/13/19 2:00,2722.737146,2723.098754,0.361608
3/13/19 3:00,2722.738472,2723.09957,0.361098
3/13/19 4:00,2722.739186,2723.098856,0.35967
3/13/19 5:00,2722.737044,2723.09702,0.359976
3/13/19 6:00,2722.736636,2723.095389,0.358753
3/13/19 7:00,2722.736636,2723.094369,0.357733
3/13/19 8:00,2722.736942,2723.094471,0.357529
3/13/19 9:00,2722.736126,2723.094369,0.358243
3/13/19 10:00,2722.733577,2723.093145,0.359568
3/13/19 11:00,2722.732455,2723.093145,0.36069
3/13/19 12:00,2722.728069,2723.091003,0.362934
3/13/19 13:00,2722.724397,2723.089575,0.365178
3/13/19 14:00,2722.722255,2723.090901,0.368646
3/13/19 15:00,2722.719094,2723.093043,0.373949
3/13/19 16:00,2722.718278,2723.094165,0.375887
3/13/19 17:00,2722.717972,2723.093349,0.375377
3/13/19 18:00,2722.717462,2723.093247,0.375785
3/13/19 19:00,2722.71736,2723.088453,0.371093
3/13/19 20:00,2722.721235,2723.091717,0.370482
3/13/19 21:00,2722.723989,2723.092941,0.368952
3/13/19 22:00,2722.726743,2723.097122,0.370379
3/13/19 23:00,2722.731435,2723.098652,0.367217
3/14/19 0:00,2722.733883,2723.099366,0.365483
3/14/19 1:00,2722.734596,2723.098754,0.364158
3/14/19 2:00,2722.736942,2723.100488,0.363546
3/14/19 3:00,2722.737044,2723.09651,0.359466
3/14/19 4:00,2722.734086,2723.093451,0.359365
3/14/19 5:00,2722.732353,2723.090289,0.357936
3/14/19 6:00,2722.730619,2723.087229,0.35661
3/14/19 7:00,2722.728069,2723.081008,0.352939
3/14/19 8:00,2722.724499,2723.079478,0.354979
3/14/19 9:00,2722.718176,2723.074276,0.3561
3/14/19 10:00,2722.714708,2723.073868,0.35916
3/14/19 11:00,2722.711138,2723.074582,0.363444
3/14/19 12:00,2722.707569,2723.077132,0.369563
3/14/19 13:00,2722.702877,2723.07805,0.375173
3/14/19 14:00,2722.701857,2723.079886,0.378029
3/14/19 15:00,2722.698593,2723.077642,0.379049
3/14/19 16:00,2722.695125,2723.08213,0.387005
3/14/19 17:00,2722.695941,2723.084679,0.388738
3/14/19 18:00,2722.695839,2723.085393,0.389554
3/14/19 19:00,2722.695941,2723.087739,0.391798
3/14/19 20:00,2722.697471,2723.089269,0.391798
3/14/19 21:00,2722.696451,2723.088963,0.392512
3/14/19 22:00,2722.697777,2723.090697,0.39292
3/14/19 23:00,2722.699919,2723.093349,0.39343
3/15/19 0:00,2722.702061,2723.095287,0.393226
3/15/19 1:00,2722.703285,2723.09702,0.393735
3/15/19 2:00,2722.704713,2723.099468,0.394755
3/15/19 3:00,2722.703387,2723.10059,0.397203
3/15/19 4:00,2722.708894,2723.101508,0.392614
3/15/19 5:00,2722.708384,2723.103242,0.394858
3/15/19 6:00,2722.711852,2723.102936,0.391084
3/15/19 7:00,2722.71226,2723.103446,0.391186
3/15/19 8:00,2722.709608,2723.099468,0.38986
3/15/19 9:00,2722.711036,2723.10059,0.389554
3/15/19 10:00,2722.710628,2723.098856,0.388228
3/15/19 11:00,2722.706549,2723.097938,0.391389
3/15/19 12:00,2722.702877,2723.096918,0.394041
3/15/19 13:00,2722.702775,2723.099366,0.396591
3/15/19 14:00,2722.695431,2723.098754,0.403323
3/15/19 15:00,2722.694615,2723.098958,0.404343
3/15/19 16:00,2722.688496,2723.096102,0.407606
3/15/19 17:00,2722.686966,2723.094165,0.407199
3/15/19 18:00,2722.686864,2723.097122,0.410258
3/15/19 19:00,2722.687986,2723.097938,0.409952
3/15/19 20:00,2722.68921,2723.10059,0.41138
3/15/19 21:00,2722.688496,2723.098448,0.409952
3/15/19 22:00,2722.692678,2723.102222,0.409544
3/15/19 23:00,2722.69278,2723.103956,0.411176
3/16/19 0:00,2722.69278,2723.102936,0.410156
3/16/19 1:00,2722.695125,2723.102018,0.406893
3/16/19 2:00,2722.699511,2723.105078,0.405567
3/16/19 3:00,2722.696145,2723.103242,0.407097
3/16/19 4:00,2722.696349,2723.106098,0.409749
3/16/19 5:00,2722.697675,2723.103854,0.406179
3/16/19 6:00,2722.698797,2723.10467,0.405873
3/16/19 7:00,2722.701959,2723.106506,0.404547
3/16/19 8:00,2722.702877,2723.10722,0.404343
3/16/19 9:00,2722.703591,2723.107424,0.403833
3/16/19 10:00,2722.704101,2723.108546,0.404445
3/16/19 11:00,2722.702265,2723.10875,0.406485
3/16/19 12:00,2722.700225,2723.1062,0.405975
3/16/19 13:00,2722.696655,2723.105588,0.408933
3/16/19 14:00,2722.694615,2723.109769,0.415154
3/16/19 15:00,2722.690536,2723.10722,0.416684
3/16/19 16:00,2722.686558,2723.108138,0.42158
3/16/19 17:00,2722.685844,2723.10824,0.422396
3/16/19 18:00,2722.68972,2723.10824,0.41852
3/16/19 19:00,2722.6938,2723.109973,0.416173
3/16/19 20:00,2722.69431,2723.109973,0.415663
3/16/19 21:00,2722.693392,2723.109871,0.416479
3/16/19 22:00,2722.695635,2723.109667,0.414032
3/16/19 23:00,2722.697879,2723.110687,0.412808
3/17/19 0:00,2722.698083,2723.111707,0.413624
3/17/19 1:00,2722.697267,2723.110789,0.413522
3/17/19 2:00,2722.699307,2723.109769,0.410462
3/17/19 3:00,2722.699103,2723.110891,0.411788
3/17/19 4:00,2722.701245,2723.113747,0.412502
3/17/19 5:00,2722.700735,2723.112727,0.411992
3/17/19 6:00,2722.703795,2723.116603,0.412808
3/17/19 7:00,2722.706039,2723.116399,0.41036
3/17/19 8:00,2722.706549,2723.117419,0.41087
3/17/19 9:00,2722.703897,2723.117419,0.413522
3/17/19 10:00,2722.701653,2723.116399,0.414746
3/17/19 11:00,2722.696757,2723.114869,0.418112
3/17/19 12:00,2722.693902,2723.114155,0.420253
3/17/19 13:00,2722.689924,2723.115481,0.425557
3/17/19 14:00,2722.687986,2723.113951,0.425965
3/17/19 15:00,2722.684824,2723.114971,0.430147
3/17/19 16:00,2722.683396,2723.119051,0.435655
3/17/19 17:00,2722.680337,2723.116195,0.435858
3/17/19 18:00,2722.682172,2723.116195,0.434023
3/17/19 19:00,2722.680031,2723.114155,0.434124
3/17/19 20:00,2722.681153,2723.114869,0.433716
3/17/19 21:00,2722.6836,2723.118847,0.435247
3/17/19 22:00,2722.684926,2723.118745,0.433819
3/17/19 23:00,2722.686048,2723.117725,0.431677
3/18/19 0:00,2722.682784,2723.117827,0.435043
3/18/19 1:00,2722.686864,2723.119663,0.432799
3/18/19 2:00,2722.687884,2723.117827,0.429943
3/18/19 3:00,2722.687782,2723.118439,0.430657
3/18/19 4:00,2722.68564,2723.118439,0.432799
3/18/19 5:00,2722.688802,2723.120377,0.431575
3/18/19 6:00,2722.688904,2723.119153,0.430249
3/18/19 7:00,2722.691148,2723.121091,0.429943
3/18/19 8:00,2722.692882,2723.123844,0.430962
3/18/19 9:00,2722.689414,2723.122009,0.432595
3/18/19 10:00,2722.690434,2723.125272,0.434838
3/18/19 11:00,2722.687374,2723.123538,0.436164
3/18/19 12:00,2722.684824,2723.122926,0.438102
3/18/19 13:00,2722.678501,2723.120275,0.441774
3/18/19 14:00,2722.680643,2723.123538,0.442895
3/18/19 15:00,2722.675747,2723.120683,0.444936
3/18/19 16:00,2722.672177,2723.121805,0.449628
3/18/19 17:00,2722.673095,2723.123844,0.450749
3/18/19 18:00,2722.672687,2723.123844,0.451157
3/18/19 19:00,2722.674625,2723.12364,0.449015
3/18/19 20:00,2722.674523,2723.12466,0.450137
3/18/19 21:00,2722.675747,2723.124558,0.448811
3/18/19 22:00,2722.678807,2723.125578,0.446771
3/18/19 23:00,2722.679011,2723.123946,0.444935
3/19/19 0:00,2722.678705,2723.127006,0.448301
3/19/19 1:00,2722.678909,2723.126088,0.447179
3/19/19 2:00,2722.679929,2723.123232,0.443303
3/19/19 3:00,2722.681764,2723.122518,0.440754
3/19/19 4:00,2722.681764,2723.125374,0.44361
3/19/19 5:00,2722.681968,2723.125068,0.4431
3/19/19 6:00,2722.684314,2723.124456,0.440142
3/19/19 7:00,2722.68258,2723.125986,0.443406
3/19/19 8:00,2722.684212,2723.126904,0.442692
3/19/19 9:00,2722.680847,2723.127822,0.446975
3/19/19 10:00,2722.677787,2723.129658,0.451871
3/19/19 11:00,2722.675849,2723.128638,0.452789
3/19/19 12:00,2722.672279,2723.127618,0.455339
3/19/19 13:00,2722.667894,2723.123946,0.456052
3/19/19 14:00,2722.666364,2723.123232,0.456868
3/19/19 15:00,2722.664018,2723.12517,0.461152
3/19/19 16:00,2722.659734,2723.12415,0.464416
3/19/19 17:00,2722.659938,2723.124048,0.46411
3/19/19 18:00,2722.663814,2723.123742,0.459928
3/19/19 19:00,2722.663916,2723.123436,0.45952
3/19/19 20:00,2722.671463,2723.127108,0.455645
3/19/19 21:00,2722.673809,2723.126802,0.452993
3/19/19 22:00,2722.685742,2723.129352,0.44361
3/19/19 23:00,2722.692168,2723.129148,0.43698
3/20/19 0:00,2722.697471,2723.130168,0.432697
3/20/19 1:00,2722.704101,2723.132922,0.428821
3/20/19 2:00,2722.702163,2723.132004,0.429841
3/20/19 3:00,2722.696553,2723.132718,0.436165
3/20/19 4:00,2722.692372,2723.135471,0.443099
3/20/19 5:00,2722.689414,2723.134248,0.444834
3/20/19 6:00,2722.688598,2723.134044,0.445446
3/20/19 7:00,2722.688904,2723.134758,0.445854
3/20/19 8:00,2722.682988,2723.134758,0.45177
3/20/19 9:00,2722.676359,2723.134758,0.458399
3/20/19 10:00,2722.671769,2723.138633,0.466864
3/20/19 11:00,2722.668403,2723.138837,0.470434
3/20/19 12:00,2722.665344,2723.138021,0.472677
3/20/19 13:00,2722.6631,2723.136389,0.473289
3/20/19 14:00,2722.660346,2723.139449,0.479103
3/20/19 15:00,2722.656878,2723.134656,0.477778
3/20/19 16:00,2722.658306,2723.135879,0.477573
3/20/19 17:00,2722.655858,2723.134758,0.4789
3/20/19 18:00,2722.65749,2723.134656,0.477166
3/20/19 19:00,2722.658408,2723.133738,0.47533
3/20/19 20:00,2722.663916,2723.136389,0.472473
3/20/19 21:00,2722.669219,2723.136389,0.46717
3/20/19 22:00,2722.671157,2723.138327,0.46717
3/20/19 23:00,2722.676359,2723.139449,0.46309
3/21/19 0:00,2722.675135,2723.137511,0.462376
3/21/19 1:00,2722.676359,2723.139347,0.462988
3/21/19 2:00,2722.679623,2723.139857,0.460234
3/21/19 3:00,2722.678399,2723.138939,0.46054
3/21/19 4:00,2722.680235,2723.140163,0.459928
3/21/19 5:00,2722.680031,2723.139347,0.459316
3/21/19 6:00,2722.688394,2723.141387,0.452993
3/21/19 7:00,2722.687272,2723.141693,0.454421
3/21/19 8:00,2722.678603,2723.144753,0.46615
3/21/19 9:00,2722.672585,2723.144855,0.47227
3/21/19 10:00,2722.668403,2723.143631,0.475228
3/21/19 11:00,2722.666976,2723.143325,0.476349
3/21/19 12:00,2722.66412,2723.139857,0.475737
3/21/19 13:00,2722.66106,2723.142407,0.481347
3/21/19 14:00,2722.663814,2723.144345,0.480531
3/21/19 15:00,2722.663916,2723.144957,0.481041
3/21/19 16:00,2722.663406,2723.146487,0.483081
3/21/19 17:00,2722.659428,2723.144447,0.485019
3/21/19 18:00,2722.659938,2723.143427,0.483489
3/21/19 19:00,2722.663202,2723.146283,0.483081
3/21/19 20:00,2722.671463,2723.146181,0.474718
3/21/19 21:00,2722.670647,2723.145161,0.474514
3/21/19 22:00,2722.671667,2723.146079,0.474412
3/21/19 23:00,2722.671667,2723.146181,0.474514
3/22/19 0:00,2722.669423,2723.145773,0.47635
3/22/19 1:00,2722.671361,2723.144855,0.473494
3/22/19 2:00,2722.672075,2723.146181,0.474106
3/22/19 3:00,2722.671769,2723.146385,0.474616
3/22/19 4:00,2722.678807,2723.147507,0.4687
3/22/19 5:00,2722.675951,2723.146487,0.470536
3/22/19 6:00,2722.675747,2723.144753,0.469006
3/22/19 7:00,2722.675747,2723.146691,0.470944
3/22/19 8:00,2722.675033,2723.147711,0.472678
3/22/19 9:00,2722.669831,2723.145773,0.475942
3/22/19 10:00,2722.666466,2723.147609,0.481143
3/22/19 11:00,2722.662488,2723.148832,0.486344
3/22/19 12:00,2722.660856,2723.150056,0.4892
3/22/19 13:00,2722.65596,2723.148628,0.492668
3/22/19 14:00,2722.650555,2723.147609,0.497054
3/22/19 15:00,2722.649433,2723.148527,0.499094
3/22/19 16:00,2722.648821,2723.146691,0.49787
3/22/19 17:00,2722.646781,2723.150464,0.503683
3/22/19 18:00,2722.649229,2723.151178,0.501949
3/22/19 19:00,2722.650351,2723.150974,0.500623
3/22/19 20:00,2722.657592,2723.152708,0.495116
3/22/19 21:00,2722.658306,2723.151484,0.493178
3/22/19 22:00,2722.660448,2723.152402,0.491954
3/22/19 23:00,2722.661468,2723.154238,0.49277
3/23/19 0:00,2722.663406,2723.15536,0.491954
3/23/19 1:00,2722.667384,2723.153422,0.486038
3/23/19 2:00,2722.668403,2723.15638,0.487977
3/23/19 3:00,2722.669219,2723.155462,0.486243
3/23/19 4:00,2722.669525,2723.156482,0.486957
3/23/19 5:00,2722.669321,2723.157298,0.487977
3/23/19 6:00,2722.670647,2723.157094,0.486447
3/23/19 7:00,2722.670035,2723.15791,0.487875
3/23/19 8:00,2722.66157,2723.157604,0.496034
3/23/19 9:00,2722.659428,2723.157502,0.498074
3/23/19 10:00,2722.657694,2723.15842,0.500726
3/23/19 11:00,2722.65596,2723.159542,0.503582
3/23/19 12:00,2722.652085,2723.159542,0.507457
3/23/19 13:00,2722.650963,2723.160664,0.509701
3/23/19 14:00,2722.649229,2723.160562,0.511333
3/23/19 15:00,2722.650555,2723.159848,0.509293
3/23/19 16:00,2722.647291,2723.15587,0.508579
3/23/19 17:00,2722.648107,2723.156482,0.508375
3/23/19 18:00,2722.646781,2723.159236,0.512455
3/23/19 19:00,2722.649025,2723.160052,0.511027
3/23/19 20:00,2722.646373,2723.159644,0.513271
3/23/19 21:00,2722.651371,2723.162499,0.511128
3/23/19 22:00,2722.655246,2723.162397,0.507151
3/23/19 23:00,2722.654941,2723.16148,0.506539
3/24/19 0:00,2722.659938,2723.161378,0.50144
3/24/19 1:00,2722.664528,2723.163213,0.498685
3/24/19 2:00,2722.660244,2723.16148,0.501236
3/24/19 3:00,2722.66106,2723.16148,0.50042
3/24/19 4:00,2722.65902,2723.162397,0.503377
3/24/19 5:00,2722.658102,2723.162499,0.504397
3/24/19 6:00,2722.660142,2723.164335,0.504193
3/24/19 7:00,2722.658408,2723.164947,0.506539
3/24/19 8:00,2722.656164,2723.164845,0.508681
3/24/19 9:00,2722.651983,2723.163417,0.511434
3/24/19 10:00,2722.653819,2723.164437,0.510618
3/24/19 11:00,2722.651167,2723.166579,0.515412
3/24/19 12:00,2722.651779,2723.166171,0.514392
3/24/19 13:00,2722.649025,2723.165049,0.516024
3/24/19 14:00,2722.645557,2723.164233,0.518676
3/24/19 15:00,2722.646577,2723.167089,0.520512
3/24/19 16:00,2722.652799,2723.165763,0.512964
3/24/19 17:00,2722.652595,2723.164335,0.51174
3/24/19 18:00,2722.653717,2723.164131,0.510414
3/24/19 19:00,2722.652901,2723.164947,0.512046
3/24/19 20:00,2722.656062,2723.166477,0.510415
3/24/19 21:00,2722.655348,2723.164335,0.508987
3/24/19 22:00,2722.657388,2723.163111,0.505723
3/24/19 23:00,2722.659326,2723.162907,0.503581
3/25/19 0:00,2722.659734,2723.164845,0.505111
3/25/19 1:00,2722.660652,2723.165763,0.505111
3/25/19 2:00,2722.658612,2723.166681,0.508069
3/25/19 3:00,2722.662284,2723.167497,0.505213
3/25/19 4:00,2722.666262,2723.167497,0.501235
3/25/19 5:00,2722.675033,2723.167191,0.492158
3/25/19 6:00,2722.685742,2723.168109,0.482367
3/25/19 7:00,2722.692474,2723.168721,0.476247
3/25/19 8:00,2722.678705,2723.168619,0.489914
3/25/19 9:00,2722.661264,2723.170353,0.509089
3/25/19 10:00,2722.656062,2723.172087,0.516025
3/25/19 11:00,2722.652289,2723.170965,0.518676
3/25/19 12:00,2722.651779,2723.172087,0.520308
3/25/19 13:00,2722.650759,2723.174127,0.523368
3/25/19 14:00,2722.647087,2723.171373,0.524286
3/25/19 15:00,2722.646679,2723.167599,0.52092
3/25/19 16:00,2722.643415,2723.158114,0.514699
3/25/19 17:00,2722.643415,2723.161989,0.518574
3/25/19 18:00,2722.647597,2723.163519,0.515922
3/25/19 19:00,2722.646169,2723.164233,0.518064
3/25/19 20:00,2722.651473,2723.165865,0.514392
3/25/19 21:00,2722.657694,2723.165865,0.508171
3/25/19 22:00,2722.66412,2723.165763,0.501643
3/25/19 23:00,2722.670443,2723.167803,0.49736
3/26/19 0:00,2722.674523,2723.165865,0.491342
3/26/19 1:00,2722.680541,2723.166783,0.486242
3/26/19 2:00,2722.690332,2723.169741,0.479409
3/26/19 3:00,2722.698389,2723.170149,0.47176
3/26/19 4:00,2722.705529,2723.168925,0.463396
3/26/19 5:00,2722.712056,2723.167905,0.455849
3/26/19 6:00,2722.71736,2723.168721,0.451361
3/26/19 7:00,2722.721541,2723.173515,0.451974
3/26/19 8:00,2722.693596,2723.173617,0.480021
3/26/19 9:00,2722.66565,2723.174637,0.508987
3/26/19 10:00,2722.659326,2723.174841,0.515515
3/26/19 11:00,2722.657082,2723.177186,0.520104
3/26/19 12:00,2722.655144,2723.17841,0.523266
3/26/19 13:00,2722.651881,2723.17586,0.523979
3/26/19 14:00,2722.651065,2723.173515,0.52245
3/26/19 15:00,2722.653411,2723.172903,0.519492
3/26/19 16:00,2722.648005,2723.172087,0.524082
3/26/19 17:00,2722.648107,2723.174942,0.526835
3/26/19 18:00,2722.647801,2723.173821,0.52602
3/26/19 19:00,2722.647291,2723.172087,0.524796
3/26/19 20:00,2722.648209,2723.170965,0.522756
3/26/19 21:00,2722.650351,2723.169945,0.519594
3/26/19 22:00,2722.651371,2723.170965,0.519594
3/26/19 23:00,2722.654227,2723.171985,0.517758
3/27/19 0:00,2722.655246,2723.170149,0.514903
3/27/19 1:00,2722.658918,2723.172189,0.513271
3/27/19 2:00,2722.66004,2723.171373,0.511333
3/27/19 3:00,2722.66208,2723.173413,0.511333
3/27/19 4:00,2722.665038,2723.172393,0.507355
3/27/19 5:00,2722.668403,2723.174127,0.505724
3/27/19 6:00,2722.671667,2723.174025,0.502358
3/27/19 7:00,2722.672177,2723.174942,0.502765
3/27/19 8:00,2722.658816,2723.175758,0.516942
3/27/19 9:00,2722.653411,2723.176574,0.523163
3/27/19 10:00,2722.652391,2723.174739,0.522348
3/27/19 11:00,2722.651167,2723.17688,0.525713
3/27/19 12:00,2722.651065,2723.178308,0.527243
3/27/19 13:00,2722.650045,2723.180348,0.530303
3/27/19 14:00,2722.650351,2723.179634,0.529283
3/27/19 15:00,2722.647801,2723.178716,0.530915
3/27/19 16:00,2722.648617,2723.186264,0.537647
3/27/19 17:00,2722.649841,2723.18708,0.537239
3/27/19 18:00,2722.647699,2723.185856,0.538157
3/27/19 19:00,2722.647087,2723.184734,0.537647
3/27/19 20:00,2722.649433,2723.185346,0.535913
3/27/19 21:00,2722.651371,2723.184326,0.532955
3/27/19 22:00,2722.651065,2723.184326,0.533261
3/27/19 23:00,2722.650351,2723.183,0.532649
3/28/19 0:00,2722.649739,2723.183408,0.533669
3/28/19 1:00,2722.650249,2723.18555,0.535301
3/28/19 2:00,2722.653513,2723.188201,0.534688
3/28/19 3:00,2722.656368,2723.185448,0.52908
3/28/19 4:00,2722.658306,2723.185142,0.526836
3/28/19 5:00,2722.661672,2723.185958,0.524286
3/28/19 6:00,2722.666976,2723.184938,0.517962
3/28/19 7:00,2722.670545,2723.185856,0.515311
3/28/19 8:00,2722.658306,2723.187488,0.529182
3/28/19 9:00,2722.651269,2723.187692,0.536423
3/28/19 10:00,2722.651065,2723.188915,0.53785
3/28/19 11:00,2722.649535,2723.189833,0.540298
3/28/19 12:00,2722.649841,2723.190139,0.540298
3/28/19 13:00,2722.650249,2723.196055,0.545806
3/28/19 14:00,2722.651473,2723.197075,0.545602
3/28/19 15:00,2722.648617,2723.189425,0.540808
3/28/19 16:00,2722.645863,2723.195137,0.549274
3/28/19 17:00,2722.64005,2723.190547,0.550497
3/28/19 18:00,2722.639234,2723.194423,0.555189
3/28/19 19:00,2722.636684,2723.199013,0.562329
3/28/19 20:00,2722.634542,2723.197687,0.563145
3/28/19 21:00,2722.633318,2723.201562,0.568244
3/28/19 22:00,2722.633522,2723.204826,0.571304
3/28/19 23:00,2722.636174,2723.206968,0.570794
3/29/19 0:00,2722.636888,2723.21013,0.573242
3/29/19 1:00,2722.640458,2723.212986,0.572528
3/29/19 2:00,2722.645557,2723.213292,0.567735
3/29/19 3:00,2722.651677,2723.215433,0.563756
3/29/19 4:00,2722.655654,2723.221349,0.565695
3/29/19 5:00,2722.658816,2723.222267,0.563451
3/29/19 6:00,2722.664732,2723.226041,0.561309
3/29/19 7:00,2722.663304,2723.226551,0.563247
3/29/19 8:00,2722.647495,2723.230018,0.582523
3/29/19 9:00,2722.637398,2723.232262,0.594864
3/29/19 10:00,2722.635868,2723.233588,0.59772
3/29/19 11:00,2722.635358,2723.234812,0.599454
3/29/19 12:00,2722.63546,2723.233894,0.598434
3/29/19 13:00,2722.635358,2723.235934,0.600576
3/29/19 14:00,2722.633522,2723.236954,0.603432
3/29/19 15:00,2722.634032,2723.238484,0.604452
3/29/19 16:00,2722.641682,2723.238076,0.596394
3/29/19 17:00,2722.636786,2723.239606,0.60282
3/29/19 18:00,2722.638622,2723.237362,0.59874
3/29/19 19:00,2722.638826,2723.23828,0.599454
3/29/19 20:00,2722.645251,2723.240727,0.595476
3/29/19 21:00,2722.648719,2723.237566,0.588847
3/29/19 22:00,2722.65953,2723.24032,0.58079
3/29/19 23:00,2722.669831,2723.240218,0.570387
3/30/19 0:00,2722.678501,2723.241951,0.56345
3/30/19 1:00,2722.688904,2723.245623,0.556719
3/30/19 2:00,2722.694208,2723.245419,0.551211
3/30/19 3:00,2722.705121,2723.248173,0.543052
3/30/19 4:00,2722.713688,2723.250927,0.537239
3/30/19 5:00,2722.717768,2723.253681,0.535913
3/30/19 6:00,2722.718584,2723.25521,0.536626
3/30/19 7:00,2722.711444,2723.257862,0.546418
3/30/19 8:00,2722.684722,2723.257556,0.572834
3/30/19 9:00,2722.653819,2723.258474,0.604655
3/30/19 10:00,2722.650453,2723.260514,0.610061
3/30/19 11:00,2722.647189,2723.259698,0.612509
3/30/19 12:00,2722.645761,2723.26082,0.615059
3/30/19 13:00,2722.64056,2723.261126,0.620566
3/30/19 14:00,2722.636378,2723.26031,0.623932
3/30/19 15:00,2722.634746,2723.257658,0.622912
3/30/19 16:00,2722.633828,2723.256842,0.623014
3/30/19 17:00,2722.63342,2723.255924,0.622504
3/30/19 18:00,2722.635052,2723.253884,0.618832
3/30/19 19:00,2722.63495,2723.252865,0.617915
3/30/19 20:00,2722.639846,2723.252661,0.612815
3/30/19 21:00,2722.644435,2723.253375,0.60894
3/30/19 22:00,2722.651575,2723.252355,0.60078
3/30/19 23:00,2722.657796,2723.253375,0.595579
3/31/19 0:00,2722.664018,2723.253375,0.589357
3/31/19 1:00,2722.671463,2723.251539,0.580076
3/31/19 2:00,2722.679725,2723.251437,0.571712
3/31/19 3:00,2722.680235,2723.250825,0.57059
3/31/19 4:00,2722.689006,2723.249805,0.560799
3/31/19 5:00,2722.697369,2723.250009,0.55264
3/31/19 6:00,2722.702877,2723.249805,0.546928
3/31/19 7:00,2722.696553,2723.250723,0.55417
3/31/19 8:00,2722.672993,2723.246337,0.573344
3/31/19 9:00,2722.655043,2723.245419,0.590376
3/31/19 10:00,2722.649331,2723.244603,0.595272
3/31/19 11:00,2722.646169,2723.241237,0.595068
3/31/19 12:00,2722.642701,2723.23777,0.595069
3/31/19 13:00,2722.642191,2723.2342,0.592009
3/31/19 14:00,2722.640458,2723.23165,0.591192
3/31/19 15:00,2722.642701,2723.228896,0.586195
3/31/19 16:00,2722.643109,2723.226245,0.583136
3/31/19 17:00,2722.64158,2723.225225,0.583645
3/31/19 18:00,2722.639642,2723.223389,0.583747
3/31/19 19:00,2722.643313,2723.222369,0.579056
3/31/19 20:00,2722.646985,2723.223797,0.576812
3/31/19 21:00,2722.648413,2723.218697,0.570284
3/31/19 22:00,2722.656164,2723.218901,0.562737
3/31/19 23:00,2722.66004,2723.217065,0.557025
4/1/19 0:00,2722.666466,2723.217983,0.551517
4/1/19 1:00,2722.670647,2723.216045,0.545398
4/1/19 2:00,2722.676971,2723.218085,0.541114
4/1/19 3:00,2722.690638,2723.217983,0.527345
4/1/19 4:00,2722.70869,2723.219003,0.510313
4/1/19 5:00,2722.724907,2723.219003,0.494096
4/1/19 6:00,2722.741022,2723.220023,0.479001
4/1/19 7:00,2722.743164,2723.220839,0.477675
4/1/19 8:00,2722.705427,2723.221145,0.515718
4/1/19 9:00,2722.667996,2723.218493,0.550497
4/1/19 10:00,2722.654941,2723.216657,0.561716
4/1/19 11:00,2722.649331,2723.215229,0.565898
4/1/19 12:00,2722.648617,2723.21268,0.564063
4/1/19 13:00,2722.641376,2723.211966,0.57059
4/1/19 14:00,2722.638928,2723.208294,0.569366
4/1/19 15:00,2722.639438,2723.20758,0.568142
4/1/19 16:00,2722.637806,2723.204826,0.56702
4/1/19 17:00,2722.637398,2723.202888,0.56549
4/1/19 18:00,2722.637194,2723.201155,0.563961
4/1/19 19:00,2722.63597,2723.199115,0.563145
4/1/19 20:00,2722.639336,2723.200951,0.561615
4/1/19 21:00,2722.639336,2723.197891,0.558555
4/1/19 22:00,2722.641478,2723.198911,0.557433
4/1/19 23:00,2722.641478,2723.199013,0.557535
4/2/19 0:00,2722.641478,2723.198095,0.556617
4/2/19 1:00,2722.641478,2723.198095,0.556617
4/2/19 2:00,2722.642293,2723.198197,0.555904
4/2/19 3:00,2722.644027,2723.195545,0.551518
4/2/19 4:00,2722.643109,2723.196565,0.553456
4/2/19 5:00,2722.641987,2723.198605,0.556618
4/2/19 6:00,2722.643007,2723.197687,0.55468
4/2/19 7:00,2722.642293,2723.197483,0.55519
4/2/19 8:00,2722.64005,2723.196463,0.556413
4/2/19 9:00,2722.639438,2723.198401,0.558963
4/2/19 10:00,2722.639744,2723.200441,0.560697
4/2/19 11:00,2722.639642,2723.199727,0.560085
4/2/19 12:00,2722.640662,2723.199217,0.558555
4/2/19 13:00,2722.639234,2723.195443,0.556209
4/2/19 14:00,2722.640764,2723.193913,0.553149
4/2/19 15:00,2722.63954,2723.199523,0.559983
4/2/19 16:00,2722.64158,2723.205336,0.563756
4/2/19 17:00,2722.640152,2723.205234,0.565082
4/2/19 18:00,2722.641274,2723.204928,0.563654
4/2/19 19:00,2722.64158,2723.208396,0.566816
4/2/19 20:00,2722.645863,2723.206152,0.560289
4/2/19 21:00,2722.646169,2723.209008,0.562839
4/2/19 22:00,2722.646781,2723.21268,0.565899
4/2/19 23:00,2722.646475,2723.211864,0.565389
4/3/19 0:00,2722.645455,2723.209926,0.564471
4/3/19 1:00,2722.646985,2723.211048,0.564063
4/3/19 2:00,2722.650963,2723.214108,0.563145
4/3/19 3:00,2722.647699,2723.212068,0.564369
4/3/19 4:00,2722.652697,2723.21115,0.558453
4/3/19 5:00,2722.66004,2723.211252,0.551212
4/3/19 6:00,2722.659632,2723.212986,0.553354
4/3/19 7:00,2722.66106,2723.213802,0.552742
4/3/19 8:00,2722.653207,2723.213802,0.560595
4/3/19 9:00,2722.649025,2723.209518,0.560493
4/3/19 10:00,2722.650963,2723.2086,0.557637
4/3/19 11:00,2722.649739,2723.2086,0.558861
4/3/19 12:00,2722.649637,2723.20656,0.556923
4/3/19 13:00,2722.646475,2723.201766,0.555291
4/3/19 14:00,2722.644639,2723.199319,0.55468
4/3/19 15:00,2722.648107,2723.195137,0.54703
4/3/19 16:00,2722.645965,2723.191057,0.545092
4/3/19 17:00,2722.645251,2723.189527,0.544276
4/3/19 18:00,2722.648311,2723.193097,0.544786
4/3/19 19:00,2722.648005,2723.192893,0.544888
4/3/19 20:00,2722.648617,2723.192077,0.54346
4/3/19 21:00,2722.649127,2723.192689,0.543562
4/3/19 22:00,2722.650045,2723.192587,0.542542
4/3/19 23:00,2722.653309,2723.191363,0.538054
4/4/19 0:00,2722.658918,2723.190241,0.531323
4/4/19 1:00,2722.660448,2723.193811,0.533363
4/4/19 2:00,2722.657184,2723.193403,0.536219
4/4/19 3:00,2722.654227,2723.192383,0.538156
4/4/19 4:00,2722.655043,2723.191363,0.53632
4/4/19 5:00,2722.657184,2723.192281,0.535097
4/4/19 6:00,2722.660346,2723.194117,0.533771
4/4/19 7:00,2722.661978,2723.191057,0.529079
4/4/19 8:00,2722.655144,2723.191057,0.535913
4/4/19 9:00,2722.653411,2723.192077,0.538666
4/4/19 10:00,2722.652187,2723.189833,0.537646
4/4/19 11:00,2722.652799,2723.190139,0.53734
4/4/19 12:00,2722.651881,2723.187386,0.535505
4/4/19 13:00,2722.651575,2723.188711,0.537136
4/4/19 14:00,2722.650045,2723.183204,0.533159
4/4/19 15:00,2722.650555,2723.179532,0.528977
4/4/19 16:00,2722.653921,2723.184632,0.530711
4/4/19 17:00,2722.652595,2723.185142,0.532547
4/4/19 18:00,2722.650963,2723.186162,0.535199
4/4/19 19:00,2722.650861,2723.18606,0.535199
4/4/19 20:00,2722.651983,2723.18504,0.533057
4/4/19 21:00,2722.651983,2723.185142,0.533159
4/4/19 22:00,2722.654023,2723.187998,0.533975
4/4/19 23:00,2722.653717,2723.190853,0.537136
4/5/19 0:00,2722.654635,2723.189017,0.534382
4/5/19 1:00,2722.657796,2723.190037,0.532241
4/5/19 2:00,2722.658408,2723.190343,0.531935
4/5/19 3:00,2722.663508,2723.194321,0.530813
4/5/19 4:00,2722.670953,2723.194321,0.523368
4/5/19 5:00,2722.680541,2723.192179,0.511638
4/5/19 6:00,2722.697471,2723.194117,0.496646
4/5/19 7:00,2722.7092,2723.193913,0.484713
4/5/19 8:00,2722.671667,2723.196973,0.525306
4/5/19 9:00,2722.657082,2723.193403,0.536321
4/5/19 10:00,2722.65851,2723.196565,0.538055
4/5/19 11:00,2722.657592,2723.191975,0.534383
4/5/19 12:00,2722.659122,2723.190445,0.531323
4/5/19 13:00,2722.657184,2723.183,0.525816
4/5/19 14:00,2722.65698,2723.183102,0.526122
4/5/19 15:00,2722.65698,2723.187998,0.531018
4/5/19 16:00,2722.658816,2723.199421,0.540605
4/5/19 17:00,2722.662488,2723.197483,0.534995
4/5/19 18:00,2722.664222,2723.201155,0.536933
4/5/19 19:00,2722.663916,2723.206662,0.542746
4/5/19 20:00,2722.665548,2723.212782,0.547234
4/5/19 21:00,2722.666568,2723.218391,0.551823
4/5/19 22:00,2722.666364,2723.223899,0.557535
4/5/19 23:00,2722.668505,2723.228692,0.560187
4/6/19 0:00,2722.671667,2723.231548,0.559881
4/6/19 1:00,2722.673503,2723.236444,0.562941
4/6/19 2:00,2722.676563,2723.239504,0.562941
4/6/19 3:00,2722.679725,2723.241441,0.561716
4/6/19 4:00,2722.686966,2723.245317,0.558351
4/6/19 5:00,2722.690434,2723.246031,0.555597
4/6/19 6:00,2722.701245,2723.248683,0.547438
4/6/19 7:00,2722.701755,2723.251335,0.54958
4/6/19 8:00,2722.680337,2723.25521,0.574873
4/6/19 9:00,2722.674115,2723.256944,0.582829
4/6/19 10:00,2722.672789,2723.256332,0.583543
4/6/19 11:00,2722.671871,2723.251335,0.579464
4/6/19 12:00,2722.671259,2723.244909,0.57365
4/6/19 13:00,2722.672075,2723.239198,0.567123
4/6/19 14:00,2722.673707,2723.233588,0.559881
4/6/19 15:00,2722.675033,2723.225123,0.55009
4/6/19 16:00,2722.674013,2723.224919,0.550906
4/6/19 17:00,2722.683192,2723.239708,0.556516
4/6/19 18:00,2722.688802,2723.252253,0.563451
4/6/19 19:00,2722.695329,2723.270203,0.574874
4/6/19 20:00,2722.698491,2723.282136,0.583645
4/6/19 21:00,2722.696757,2723.294171,0.597414
4/6/19 22:00,2722.701959,2723.305595,0.603636
4/6/19 23:00,2722.701755,2723.306818,0.605063
4/7/19 0:00,2722.698797,2723.314264,0.615467
4/7/19 1:00,2722.703693,2723.319873,0.61618
4/7/19 2:00,2722.707059,2723.324565,0.617506
4/7/19 3:00,2722.706549,2723.329053,0.622504
4/7/19 4:00,2722.705835,2723.330481,0.624646
4/7/19 5:00,2722.707874,2723.33609,0.628216
4/7/19 6:00,2722.712362,2723.339762,0.6274
4/7/19 7:00,2722.712974,2723.341292,0.628318
4/7/19 8:00,2722.70869,2723.345168,0.636478
4/7/19 9:00,2722.704407,2723.34323,0.638823
4/7/19 10:00,2722.704305,2723.340578,0.636273
4/7/19 11:00,2722.69278,2723.33303,0.64025
4/7/19 12:00,2722.691148,2723.320791,0.629643
4/7/19 13:00,2722.69329,2723.308552,0.615262
4/7/19 14:00,2722.690536,2723.292438,0.601902
4/7/19 15:00,2722.691964,2723.287848,0.595884
4/7/19 16:00,2722.689516,2723.283054,0.593538
4/7/19 17:00,2722.690536,2723.2803,0.589764
4/7/19 18:00,2722.689516,2723.282952,0.593436
4/7/19 19:00,2722.688598,2723.279791,0.591193
4/7/19 20:00,2722.692678,2723.285196,0.592518
4/7/19 21:00,2722.702469,2723.291622,0.589153
4/7/19 22:00,2722.712158,2723.295395,0.583237
4/7/19 23:00,2722.718686,2723.298863,0.580177
4/8/19 0:00,2722.71889,2723.306411,0.587521
4/8/19 1:00,2722.71226,2723.30947,0.59721
4/8/19 2:00,2722.71226,2723.317018,0.604758
4/8/19 3:00,2722.71226,2723.321811,0.609551
4/8/19 4:00,2722.716442,2723.326605,0.610163
4/8/19 5:00,2722.718584,2723.329359,0.610775
4/8/19 6:00,2722.723887,2723.334152,0.610265
4/8/19 7:00,2722.719298,2723.337722,0.618424
4/8/19 8:00,2722.705325,2723.339864,0.634539
4/8/19 9:00,2722.696043,2723.330481,0.634438
4/8/19 10:00,2722.696655,2723.320179,0.623524
4/8/19 11:00,2722.699001,2723.307124,0.608123
4/8/19 12:00,2722.696757,2723.280606,0.583849
4/8/19 13:00,2722.698797,2723.265512,0.566715
4/8/19 14:00,2722.697267,2723.257046,0.559779
4/8/19 15:00,2722.695329,2723.251641,0.556312
4/8/19 16:00,2722.699511,2723.252559,0.553048
4/8/19 17:00,2722.694717,2723.254394,0.559677
4/8/19 18:00,2722.697165,2723.264696,0.567531
4/8/19 19:00,2722.701347,2723.269387,0.56804
4/8/19 20:00,2722.699307,2723.275915,0.576608
4/8/19 21:00,2722.704509,2723.280504,0.575995
4/8/19 22:00,2722.710526,2723.289276,0.57875
4/8/19 23:00,2722.717666,2723.297027,0.579361
4/9/19 0:00,2722.721745,2723.301821,0.580076
4/9/19 1:00,2722.725723,2723.309674,0.583951
4/9/19 2:00,2722.725417,2723.31559,0.590173
4/9/19 3:00,2722.722867,2723.322627,0.59976
4/9/19 4:00,2722.721643,2723.325687,0.604044
4/9/19 5:00,2722.720318,2723.324973,0.604655
4/9/19 6:00,2722.721133,2723.326911,0.605778
4/9/19 7:00,2722.718176,2723.324463,0.606287
4/9/19 8:00,2722.708384,2723.315488,0.607104
4/9/19 9:00,2722.704101,2723.300699,0.596598
4/9/19 10:00,2722.705529,2723.282238,0.576709
4/9/19 11:00,2722.703999,2723.266532,0.562533
4/9/19 12:00,2722.702877,2723.262452,0.559575
4/9/19 13:00,2722.704917,2723.254394,0.549477
4/9/19 14:00,2722.703285,2723.243277,0.539992
4/9/19 15:00,2722.702367,2723.229304,0.526937
4/9/19 16:00,2722.700531,2723.23318,0.532649
4/9/19 17:00,2722.705937,2723.238178,0.532241
4/9/19 18:00,2722.708588,2723.244195,0.535607
4/9/19 19:00,2722.709098,2723.248377,0.539279
4/9/19 20:00,2722.709812,2723.254292,0.54448
4/9/19 21:00,2722.711546,2723.258984,0.547438
4/9/19 22:00,2722.713484,2723.265206,0.551722
4/9/19 23:00,2722.71379,2723.268265,0.554475
4/10/19 0:00,2722.716646,2723.267755,0.551109
4/10/19 1:00,2722.716238,2723.266124,0.549886
4/10/19 2:00,2722.71583,2723.265716,0.549886
4/10/19 3:00,2722.712974,2723.265308,0.552334
4/10/19 4:00,2722.714504,2723.262962,0.548458
4/10/19 5:00,2722.716238,2723.25929,0.543052
4/10/19 6:00,2722.713892,2723.251029,0.537137
4/10/19 7:00,2722.714708,2723.257352,0.542644
4/10/19 8:00,2722.714402,2723.254598,0.540196
4/10/19 9:00,2722.721541,2723.257556,0.536015
4/10/19 10:00,2722.717156,2723.258882,0.541726
4/10/19 11:00,2722.713484,2723.261024,0.54754
4/10/19 12:00,2722.71634,2723.251845,0.535505
4/10/19 13:00,2722.716544,2723.258066,0.541522
4/10/19 14:00,2722.718482,2723.253477,0.534995
4/10/19 15:00,2722.715524,2723.242971,0.527447
4/10/19 16:00,2722.717258,2723.23522,0.517962
4/10/19 17:00,2722.71787,2723.235934,0.518064
4/10/19 18:00,2722.718584,2723.236648,0.518064
4/10/19 19:00,2722.723887,2723.240218,0.516331
4/10/19 20:00,2722.731639,2723.244603,0.512964
4/10/19 21:00,2722.74245,2723.247153,0.504703
4/10/19 22:00,2722.747957,2723.251845,0.503888
4/10/19 23:00,2722.753363,2723.255312,0.501949
4/11/19 0:00,2722.757545,2723.258882,0.501337
4/11/19 1:00,2722.759993,2723.261738,0.501745
4/11/19 2:00,2722.757545,2723.264594,0.507049
4/11/19 3:00,2722.76346,2723.260514,0.497054
4/11/19 4:00,2722.763358,2723.263268,0.49991
4/11/19 5:00,2722.764684,2723.2649,0.500216
4/11/19 6:00,2722.763664,2723.26286,0.499196
4/11/19 7:00,2722.757953,2723.261636,0.503683
4/11/19 8:00,2722.745408,2723.26184,0.516432
4/11/19 9:00,2722.732965,2723.263778,0.530813
4/11/19 10:00,2722.732455,2723.26592,0.533465
4/11/19 11:00,2722.732047,2723.261126,0.529079
4/11/19 12:00,2722.725723,2723.248785,0.523062
4/11/19 13:00,2722.726539,2723.244909,0.51837
4/11/19 14:00,2722.726947,2723.244807,0.51786
4/11/19 15:00,2722.730313,2723.246541,0.516228
4/11/19 16:00,2722.726437,2723.248989,0.522552
4/11/19 17:00,2722.728477,2723.254598,0.526121
4/11/19 18:00,2722.729089,2723.258168,0.529079
4/11/19 19:00,2722.73837,2723.266736,0.528366
4/11/19 20:00,2722.781717,2723.275099,0.493382
4/11/19 21:00,2722.792834,2723.279791,0.486957
4/11/19 22:00,2722.793854,2723.285604,0.49175
4/11/19 23:00,2722.779575,2723.285706,0.506131
4/12/19 0:00,2722.77111,2723.286726,0.515616
4/12/19 1:00,2722.768968,2723.287746,0.518778
4/12/19 2:00,2722.769784,2723.284992,0.515208
4/12/19 3:00,2722.773965,2723.284992,0.511027
4/12/19 4:00,2722.769274,2723.281014,0.51174
4/12/19 5:00,2722.770294,2723.280912,0.510618
4/12/19 6:00,2722.774883,2723.282544,0.507661
4/12/19 7:00,2722.767744,2723.2803,0.512556
4/12/19 8:00,2722.745816,2723.283054,0.537238
4/12/19 9:00,2722.735004,2723.280504,0.5455
4/12/19 10:00,2722.736942,2723.276629,0.539687
4/12/19 11:00,2722.735208,2723.268877,0.533669
4/12/19 12:00,2722.735922,2723.275711,0.539789
4/12/19 13:00,2722.737452,2723.268265,0.530813
4/12/19 14:00,2722.741328,2723.26643,0.525102
4/12/19 15:00,2722.741634,2723.270203,0.528569
4/12/19 16:00,2722.742654,2723.287236,0.544582
4/12/19 17:00,2722.74602,2723.289786,0.543766
4/12/19 18:00,2722.744796,2723.281932,0.537136
4/12/19 19:00,2722.753261,2723.279791,0.52653
4/12/19 20:00,2722.808643,2723.281524,0.472881
4/12/19 21:00,2722.827919,2723.279383,0.451464
4/12/19 22:00,2722.840668,2723.274691,0.434023
4/12/19 23:00,2722.849236,2723.271733,0.422497
4/13/19 0:00,2722.852499,2723.262044,0.409545
4/13/19 1:00,2722.853723,2723.248785,0.395062
4/13/19 2:00,2722.852499,2723.238484,0.385985
4/13/19 3:00,2722.843116,2723.227061,0.383945
4/13/19 4:00,2722.830469,2723.214821,0.384352
4/13/19 5:00,2722.811499,2723.205132,0.393633
4/13/19 6:00,2722.790794,2723.197279,0.406485
4/13/19 7:00,2722.779677,2723.192281,0.412604
4/13/19 8:00,2722.76346,2723.189221,0.425761
4/13/19 9:00,2722.74041,2723.18555,0.44514
4/13/19 10:00,2722.734188,2723.1779,0.443712
4/13/19 11:00,2722.733781,2723.180858,0.447077
4/13/19 12:00,2722.735208,2723.194831,0.459623
4/13/19 13:00,2722.74143,2723.223287,0.481857
4/13/19 14:00,2722.751017,2723.251539,0.500522
4/13/19 15:00,2722.752649,2723.257964,0.505315
4/13/19 16:00,2722.756117,2723.250519,0.494402
4/13/19 17:00,2722.754077,2723.241747,0.48767
4/13/19 18:00,2722.749895,2723.233078,0.483183
4/13/19 19:00,2722.755301,2723.225429,0.470128
4/13/19 20:00,2722.801809,2723.217677,0.415868
4/13/19 21:00,2722.847502,2723.207988,0.360486
4/13/19 22:00,2722.865555,2723.201256,0.335701
4/13/19 23:00,2722.875142,2723.189833,0.314691
4/14/19 0:00,2722.881669,2723.178512,0.296843
4/14/19 1:00,2722.881465,2723.167191,0.285726
4/14/19 2:00,2722.875958,2723.156992,0.281034
4/14/19 3:00,2722.870858,2723.150464,0.279606
4/14/19 4:00,2722.861271,2723.143019,0.281748
4/14/19 5:00,2722.846482,2723.137205,0.290723
4/14/19 6:00,2722.833835,2723.129658,0.295823
4/14/19 7:00,2722.79161,2723.128638,0.337028
4/14/19 8:00,2722.760502,2723.126292,0.36579
4/14/19 9:00,2722.736228,2723.115073,0.378845
4/14/19 10:00,2722.729395,2723.113339,0.383944
4/14/19 11:00,2722.732863,2723.139041,0.406178
4/14/19 12:00,2722.744694,2723.197483,0.452789
4/14/19 13:00,2722.757341,2723.272345,0.515004
4/14/19 14:00,2722.760502,2723.277139,0.516637
4/14/19 15:00,2722.760299,2723.2547,0.494401
4/14/19 16:00,2722.755811,2723.209416,0.453605
4/14/19 17:00,2722.747549,2723.187488,0.439939
4/14/19 18:00,2722.747447,2723.18351,0.436063
4/14/19 19:00,2722.748059,2723.183612,0.435553
4/14/19 20:00,2722.747243,2723.183408,0.436165
4/14/19 21:00,2722.745408,2723.17841,0.433002
4/14/19 22:00,2722.744388,2723.174637,0.430249
4/14/19 23:00,2722.745408,2723.170965,0.425557
4/15/19 0:00,2722.744286,2723.173821,0.429535
4/15/19 1:00,2722.745204,2723.169129,0.423925
4/15/19 2:00,2722.745714,2723.169333,0.423619
4/15/19 3:00,2722.822106,2723.167599,0.345493
4/15/19 4:00,2722.861271,2723.166579,0.305308
4/15/19 5:00,2722.86892,2723.162703,0.293783
4/15/19 6:00,2722.87759,2723.159644,0.282054
4/15/19 7:00,2722.845972,2723.156686,0.310714
4/15/19 8:00,2722.73735,2723.153932,0.416582
4/15/19 9:00,2722.73888,2723.155156,0.416276
4/15/19 10:00,2722.740512,2723.15689,0.416378
4/15/19 11:00,2722.73837,2723.188201,0.449831
4/15/19 12:00,2722.741226,2723.204316,0.46309
4/15/19 13:00,2722.747447,2723.194729,0.447282
4/15/19 14:00,2722.749895,2723.222267,0.472372
4/15/19 15:00,2722.751935,2723.238484,0.486549
4/15/19 16:00,2722.754689,2723.274385,0.519696
4/15/19 17:00,2722.7604,2723.284686,0.524286
4/15/19 18:00,2722.758973,2723.284482,0.525509
4/15/19 19:00,2722.752649,2723.252355,0.499706
4/15/19 20:00,2722.772946,2723.25878,0.485834
4/15/19 21:00,2722.807113,2723.2547,0.447587
4/15/19 22:00,2722.849338,2723.249193,0.399855
4/15/19 23:00,2722.876672,2723.239708,0.363036
4/16/19 0:00,2722.923996,2723.236036,0.31204
4/16/19 1:00,2722.961019,2723.232262,0.271243
4/16/19 2:00,2722.97795,2723.227672,0.249722
4/16/19 3:00,2722.97693,2723.227774,0.250844
4/16/19 4:00,2722.929198,2723.231752,0.302554
4/16/19 5:00,2722.873204,2723.236342,0.363138
4/16/19 6:00,2722.815068,2723.23624,0.421172
4/16/19 7:00,2722.762338,2723.239198,0.47686
4/16/19 8:00,2722.752343,2723.238382,0.486039
4/16/19 9:00,2722.755709,2723.23471,0.479001
4/16/19 10:00,2722.756933,2723.2393,0.482367
4/16/19 11:00,2722.754281,2723.2035,0.449219
4/16/19 12:00,2722.753873,2723.185856,0.431983
4/16/19 13:00,2722.749895,2723.167599,0.417704
4/16/19 14:00,2722.748977,2723.161887,0.41291
4/16/19 15:00,2722.753975,2723.187692,0.433717
4/16/19 16:00,2722.752649,2723.164947,0.412298
4/16/19 17:00,2722.754383,2723.148017,0.393634
4/16/19 18:00,2722.755403,2723.152606,0.397203
4/16/19 19:00,2722.757749,2723.147609,0.38986
4/16/19 20:00,2722.765398,2723.141693,0.376295
4/16/19 21:00,2722.803645,2723.135675,0.33203
4/16/19 22:00,2722.860863,2723.13078,0.269917
4/16/19 23:00,2722.900946,2723.13282,0.231874
4/17/19 0:00,2722.937969,2723.1318,0.193831
4/17/19 1:00,2722.962141,2723.130066,0.167925
4/17/19 2:00,2722.972646,2723.132208,0.159562
4/17/19 3:00,2722.976828,2723.135064,0.158236
4/17/19 4:00,2722.981112,2723.140571,0.159459
4/17/19 5:00,2722.979582,2723.145059,0.165477
4/17/19 6:00,2722.958673,2723.161072,0.202399
4/17/19 7:00,2722.875142,2723.176778,0.301636
4/17/19 8:00,2722.770192,2723.196667,0.426475
4/17/19 9:00,2722.774373,2723.228896,0.454523
4/17/19 10:00,2722.782023,2723.214515,0.432492
4/17/19 11:00,2722.768968,2723.149036,0.380068
4/17/19 12:00,2722.758871,2723.101304,0.342433
4/17/19 13:00,2722.758463,2723.123742,0.365279
4/17/19 14:00,2722.765704,2723.096306,0.330602
4/17/19 15:00,2722.76754,2723.119357,0.351817
4/17/19 16:00,2722.784267,2723.144243,0.359976
4/17/19 17:00,2722.790692,2723.095287,0.304595
4/17/19 18:00,2722.79263,2723.084679,0.292049
4/17/19 19:00,2722.793548,2723.097122,0.303574
4/17/19 20:00,2722.790284,2723.079376,0.289092
4/17/19 21:00,2722.787326,2723.066423,0.279097
4/17/19 22:00,2722.816802,2723.060507,0.243705
4/17/19 23:00,2722.878202,2723.052858,0.174656
4/18/19 0:00,2722.926138,2723.0499,0.123762
4/18/19 1:00,2722.976012,2723.053572,0.07756
4/18/19 2:00,2723.01018,2723.056224,0.046044
4/18/19 3:00,2723.064031,2723.062853,-0.001178
4/18/19 4:00,2723.110846,2723.071216,-0.03963
4/18/19 5:00,2723.125125,2723.079274,-0.045851
4/18/19 6:00,2723.131856,2723.084577,-0.047279
4/18/19 7:00,2723.10391,2723.089881,-0.014029
4/18/19 8:00,2722.851378,2723.10773,0.256352
4/18/19 9:00,2722.822922,2723.16148,0.338558
4/18/19 10:00,2722.797832,2723.073052,0.27522
4/18/19 11:00,2722.76856,2723.093859,0.325299
4/18/19 12:00,2722.795792,2723.136695,0.340903
4/18/19 13:00,2722.815986,2723.155258,0.339272
4/18/19 14:00,2722.816292,2723.154748,0.338456
4/18/19 15:00,2722.824044,2723.162601,0.338557
4/18/19 16:00,2722.823636,2723.158318,0.334682
4/18/19 17:00,2722.827307,2723.151586,0.324279
4/18/19 18:00,2722.82231,2723.142305,0.319995
4/18/19 19:00,2722.817924,2723.132106,0.314182
4/18/19 20:00,2722.81313,2723.12262,0.30949
4/18/19 21:00,2722.807521,2723.114461,0.30694
4/18/19 22:00,2722.816802,2723.118133,0.301331
4/18/19 23:00,2722.836079,2723.129658,0.293579
4/19/19 0:00,2722.859027,2723.140061,0.281034
4/19/19 1:00,2722.884219,2723.150668,0.266449
4/19/19 2:00,2722.907269,2723.156482,0.249213
4/19/19 3:00,2722.930626,2723.167395,0.236769
4/19/19 4:00,2722.954186,2723.172903,0.218717
4/19/19 5:00,2722.976522,2723.179226,0.202704
4/19/19 6:00,2722.996105,2723.185856,0.189751
4/19/19 7:00,2722.988047,2723.196157,0.20811
4/19/19 8:00,2722.819658,2723.207376,0.387718
4/19/19 9:00,2722.835671,2723.165457,0.329786
4/19/19 10:00,2722.806705,2723.104058,0.297353
4/19/19 11:00,2722.814252,2723.132514,0.318262
4/19/19 12:00,2722.8218,2723.136899,0.315099
4/19/19 13:00,2722.82129,2723.138429,0.317139
4/19/19 14:00,2722.827613,2723.148425,0.320812
4/19/19 15:00,2722.844136,2723.191669,0.347533
4/19/19 16:00,2722.84383,2723.168211,0.324381
4/19/19 17:00,2722.852398,2723.196463,0.344065
4/19/19 18:00,2722.860455,2723.196157,0.335702
4/19/19 19:00,2722.859129,2723.192791,0.333662
4/19/19 20:00,2722.858313,2723.186366,0.328053
4/19/19 21:00,2722.856987,2723.182388,0.325401
4/19/19 22:00,2722.861577,2723.179022,0.317445
4/19/19 23:00,2722.871266,2723.183102,0.311836
4/20/19 0:00,2722.885035,2723.188915,0.30388
4/20/19 1:00,2722.902476,2723.193505,0.291029
4/20/19 2:00,2722.92114,2723.200033,0.278893
4/20/19 3:00,2722.9447,2723.21319,0.26849
4/20/19 4:00,2722.965609,2723.220941,0.255332
4/20/19 5:00,2722.990495,2723.229202,0.238707
4/20/19 6:00,2723.009976,2723.234404,0.224428
4/20/19 7:00,2722.998348,2723.236648,0.2383
4/20/19 8:00,2722.850358,2723.242665,0.392307
4/20/19 9:00,2722.863515,2723.197891,0.334376
4/20/19 10:00,2722.838935,2723.153524,0.314589
4/20/19 11:00,2722.84332,2723.167905,0.324585
4/20/19 12:00,2722.845258,2723.172291,0.327033
4/20/19 13:00,2722.843728,2723.165661,0.321933
4/20/19 14:00,2722.848726,2723.178818,0.330092
4/20/19 15:00,2722.861475,2723.200747,0.339272
4/20/19 16:00,2722.873306,2723.215943,0.342637
4/20/19 17:00,2722.87147,2723.213802,0.342332
4/20/19 18:00,2722.878406,2723.210844,0.332438
4/20/19 19:00,2722.871572,2723.205642,0.33407
4/20/19 20:00,2722.868614,2723.198401,0.329787
4/20/19 21:00,2722.858109,2723.191159,0.33305
4/20/19 22:00,2722.857089,2723.187794,0.330705
4/20/19 23:00,2722.855661,2723.184122,0.328461
4/21/19 0:00,2722.861679,2723.184734,0.323055
4/21/19 1:00,2722.883199,2723.193607,0.310408
4/21/19 2:00,2722.901762,2723.204112,0.30235
4/21/19 3:00,2722.915735,2723.208498,0.292763
4/21/19 4:00,2722.935827,2723.21013,0.274303
4/21/19 5:00,2722.948066,2723.220533,0.272467
4/21/19 6:00,2722.939091,2723.220635,0.281544
4/21/19 7:00,2722.884015,2723.225939,0.341924
4/21/19 8:00,2722.848828,2723.221655,0.372827
4/21/19 9:00,2722.846482,2723.169129,0.322647
4/21/19 10:00,2722.839852,2723.158114,0.318262
4/21/19 11:00,2722.838425,2723.155258,0.316833
4/21/19 12:00,2722.844136,2723.163825,0.319689
4/21/19 13:00,2722.850868,2723.171373,0.320505
4/21/19 14:00,2722.863413,2723.189731,0.326318
4/21/19 15:00,2722.863515,2723.200237,0.336722
4/21/19 16:00,2722.866166,2723.197687,0.331521
4/21/19 17:00,2722.867798,2723.196259,0.328461
4/21/19 18:00,2722.859537,2723.196157,0.33662
4/21/19 19:00,2722.859537,2723.188099,0.328562
4/21/19 20:00,2722.856579,2723.18096,0.324381
4/21/19 21:00,2722.853621,2723.17535,0.321729
4/21/19 22:00,2722.846482,2723.170863,0.324381
4/21/19 23:00,2722.865147,2723.169333,0.304186
4/22/19 0:00,2722.883199,2723.184224,0.301025
4/22/19 1:00,2722.898702,2723.190343,0.291641
4/22/19 2:00,2722.915021,2723.192485,0.277464
4/22/19 3:00,2722.93032,2723.202072,0.271752
4/22/19 4:00,2722.936541,2723.21064,0.274099
4/22/19 5:00,2722.952146,2723.217167,0.265021
4/22/19 6:00,2722.968669,2723.221043,0.252374
4/22/19 7:00,2722.953472,2723.226755,0.273283
4/22/19 8:00,2722.848726,2723.212272,0.363546
4/22/19 9:00,2722.84944,2723.175962,0.326522
4/22/19 10:00,2722.843626,2723.168721,0.325095
4/22/19 11:00,2722.853825,2723.17688,0.323055
4/22/19 12:00,2722.85097,2723.175758,0.324788
4/22/19 13:00,2722.865147,2723.200849,0.335702
4/22/19 14:00,2722.890645,2723.237158,0.346513
4/22/19 15:00,2722.894724,2723.244705,0.349981
4/22/19 16:00,2722.899722,2723.251335,0.351613
4/22/19 17:00,2722.901252,2723.243991,0.342739
4/22/19 18:00,2722.901354,2723.2393,0.337946
4/22/19 19:00,2722.895846,2723.23267,0.336824
4/22/19 20:00,2722.89452,2723.228896,0.334376
4/22/19 21:00,2722.889115,2723.222777,0.333662
4/22/19 22:00,2722.889931,2723.222369,0.332438
4/22/19 23:00,2722.888299,2723.219003,0.330704
4/23/19 0:00,2722.884729,2723.213496,0.328767
4/23/19 1:00,2722.884015,2723.214006,0.329991
4/23/19 2:00,2722.884627,2723.209518,0.324891
4/23/19 3:00,2722.877794,2723.208906,0.331112
4/23/19 4:00,2722.885545,2723.20809,0.322545
4/23/19 5:00,2722.897988,2723.218085,0.320097
4/23/19 6:00,2722.912471,2723.228386,0.315915
4/23/19 7:00,2722.887993,2723.23369,0.345697
4/23/19 8:00,2722.881873,2723.207886,0.326013
4/23/19 9:00,2722.880853,2723.211252,0.330399
4/23/19 10:00,2722.880037,2723.208192,0.328155
4/23/19 11:00,2722.886667,2723.217575,0.330908
4/23/19 12:00,2722.896764,2723.226653,0.329889
4/23/19 13:00,2722.910839,2723.248377,0.337538
4/23/19 14:00,2722.913083,2723.256536,0.343453
4/23/19 15:00,2722.914613,2723.270407,0.355794
4/23/19 16:00,2722.919712,2723.265104,0.345392
4/23/19 17:00,2722.929504,2723.279587,0.350083
4/23/19 18:00,2722.933175,2723.277547,0.344372
4/23/19 19:00,2722.93032,2723.272243,0.341923
4/23/19 20:00,2722.922772,2723.267857,0.345085
4/23/19 21:00,2722.921548,2723.262656,0.341108
4/23/19 22:00,2722.915837,2723.258984,0.343147
4/23/19 23:00,2722.919916,2723.261432,0.341516
4/24/19 0:00,2722.92573,2723.268979,0.343249
4/24/19 1:00,2722.933787,2723.278159,0.344372
4/24/19 2:00,2722.944191,2723.281014,0.336823
4/24/19 3:00,2722.959285,2723.28999,0.330705
4/24/19 4:00,2722.967955,2723.295803,0.327848
4/24/19 5:00,2722.980704,2723.302841,0.322137
4/24/19 6:00,2722.991209,2723.311306,0.320097
4/24/19 7:00,2722.977134,2723.311408,0.334274
4/24/19 8:00,2722.913593,2723.311714,0.398121
4/24/19 9:00,2722.918285,2723.262554,0.344269
4/24/19 10:00,2722.924506,2723.269285,0.344779
4/24/19 11:00,2722.928688,2723.281218,0.35253
4/24/19 12:00,2722.941641,2723.299271,0.35763
4/24/19 13:00,2722.941437,2723.292948,0.351511
4/24/19 14:00,2722.931442,2723.278567,0.347125
4/24/19 15:00,2722.938275,2723.285808,0.347533
4/24/19 16:00,2722.941437,2723.28285,0.341413
4/24/19 17:00,2722.948576,2723.303147,0.354571
4/24/19 18:00,2722.953064,2723.309164,0.3561
4/24/19 19:00,2722.944497,2723.293661,0.349164
4/24/19 20:00,2722.95082,2723.301923,0.351103
4/24/19 21:00,2722.949698,2723.301923,0.352225
4/24/19 22:00,2722.945414,2723.292132,0.346718
4/24/19 23:00,2722.943987,2723.28438,0.340393
4/25/19 0:00,2722.938989,2723.285808,0.346819
4/25/19 1:00,2722.936031,2723.276629,0.340598
4/25/19 2:00,2722.931238,2723.276017,0.344779
4/25/19 3:00,2722.935113,2723.275507,0.340394
4/25/19 4:00,2722.938275,2723.278057,0.339782
4/25/19 5:00,2722.92981,2723.268367,0.338557
4/25/19 6:00,2722.930932,2723.268469,0.337537
4/25/19 7:00,2722.926546,2723.265002,0.338456
4/25/19 8:00,2722.925628,2723.26439,0.338762
4/25/19 9:00,2722.936541,2723.279383,0.342842
4/25/19 10:00,2722.942151,2723.286012,0.343861
4/25/19 11:00,2722.944191,2723.287338,0.343147
4/25/19 12:00,2722.94623,2723.288664,0.342434
4/25/19 13:00,2722.950718,2723.296619,0.345901
4/25/19 14:00,2722.967343,2723.322423,0.35508
4/25/19 15:00,2722.97591,2723.329257,0.353347
4/25/19 16:00,2722.991107,2723.356183,0.365076
4/25/19 17:00,2723.012933,2723.384945,0.372012
4/25/19 18:00,2723.002224,2723.365056,0.362832
4/25/19 19:00,2723.002734,2723.355877,0.353143
4/25/19 20:00,2723.012117,2723.36373,0.351613
4/25/19 21:00,2723.002224,2723.351593,0.349369
4/25/19 22:00,2722.995187,2723.349553,0.354366
4/25/19 23:00,2722.996105,2723.344046,0.347941
4/26/19 0:00,2722.993963,2723.3366,0.342637
4/26/19 1:00,2722.986211,2723.331501,0.34529
4/26/19 2:00,2723.001102,2723.33558,0.334478
4/26/19 3:00,2723.015279,2723.342618,0.327339
4/26/19 4:00,2723.026396,2723.349961,0.323565
4/26/19 5:00,2723.039655,2723.359039,0.319384
4/26/19 6:00,2723.050772,2723.366994,0.316222
4/26/19 7:00,2723.024152,2723.36475,0.340598
4/26/19 8:00,2722.990903,2723.327829,0.336926
4/26/19 9:00,2723.00355,2723.346391,0.342841
4/26/19 10:00,2723.024254,2723.349961,0.325707
4/26/19 11:00,2723.003448,2723.31814,0.314692
4/26/19 12:00,2722.997634,2723.318548,0.320914
4/26/19 13:00,2722.993657,2723.318956,0.325299
4/26/19 14:00,2723.002632,2723.327931,0.325299
4/26/19 15:00,2723.013239,2723.333948,0.320709
4/26/19 16:00,2723.022317,2723.338742,0.316425
4/26/19 17:00,2723.019971,2723.349043,0.329072
4/26/19 18:00,2723.031802,2723.363628,0.331826
4/26/19 19:00,2723.044449,2723.374541,0.330092
4/26/19 20:00,2723.052506,2723.376581,0.324075
4/26/19 21:00,2723.047713,2723.374235,0.326522
4/26/19 22:00,2723.047407,2723.375153,0.327746
4/26/19 23:00,2723.0522,2723.378417,0.326217
4/27/19 0:00,2723.051486,2723.383823,0.332337
4/27/19 1:00,2723.061482,2723.393206,0.331724
4/27/19 2:00,2723.066479,2723.394634,0.328155
4/27/19 3:00,2723.061788,2723.396062,0.334274
4/27/19 4:00,2723.069539,2723.398612,0.329073
4/27/19 5:00,2723.068111,2723.400957,0.332846
4/27/19 6:00,2723.066785,2723.39137,0.324585
4/27/19 7:00,2723.068825,2723.391064,0.322239
4/27/19 8:00,2723.056382,2723.390044,0.333662
4/27/19 9:00,2723.054546,2723.383313,0.328767
4/27/19 10:00,2723.064439,2723.39443,0.329991
4/27/19 11:00,2723.058116,2723.397898,0.339782
4/27/19 12:00,2723.080758,2723.422376,0.341618
4/27/19 13:00,2723.091161,2723.425639,0.334478
4/27/19 14:00,2723.083716,2723.430025,0.346309
4/27/19 15:00,2723.097995,2723.44155,0.343555
4/27/19 16:00,2723.109112,2723.456645,0.347533
4/27/19 17:00,2723.121351,2723.468986,0.347635
4/27/19 18:00,2723.135324,2723.472862,0.337538
4/27/19 19:00,2723.13512,2723.479083,0.343963
4/27/19 20:00,2723.137262,2723.483265,0.346003
4/27/19 21:00,2723.140016,2723.479899,0.339883
4/27/19 22:00,2723.138588,2723.463683,0.325095
4/27/19 23:00,2723.130326,2723.456033,0.325707
4/28/19 0:00,2723.117577,2723.449812,0.332235
4/28/19 1:00,2723.110642,2723.433697,0.323055
4/28/19 2:00,2723.108602,2723.424824,0.316222
4/28/19 3:00,2723.096975,2723.421356,0.324381
4/28/19 4:00,2723.087898,2723.412074,0.324176
4/28/19 5:00,2723.08239,2723.406771,0.324381
4/28/19 6:00,2723.081676,2723.397898,0.316222
4/28/19 7:00,2723.072395,2723.393308,0.320913
4/28/19 8:00,2723.073925,2723.389228,0.315303
4/28/19 9:00,2723.066479,2723.387596,0.321117
4/28/19 10:00,2723.069641,2723.386372,0.316731
4/28/19 11:00,2723.065051,2723.393206,0.328155
4/28/19 12:00,2723.070355,2723.390044,0.319689
4/28/19 13:00,2723.077596,2723.397898,0.320302
4/28/19 14:00,2723.086674,2723.412074,0.3254
4/28/19 15:00,2723.093507,2723.415644,0.322137
4/28/19 16:00,2723.103502,2723.433085,0.329583
4/28/19 17:00,2723.106358,2723.435125,0.328767
4/28/19 18:00,2723.115028,2723.440122,0.325094
4/28/19 19:00,2723.11003,2723.437471,0.327441
4/28/19 20:00,2723.119617,2723.452871,0.333254
4/28/19 21:00,2723.119719,2723.451138,0.331419
4/28/19 22:00,2723.123697,2723.451341,0.327644
4/28/19 23:00,2723.124717,2723.453075,0.328358
4/29/19 0:00,2723.116047,2723.44716,0.331113
4/29/19 1:00,2723.109316,2723.442162,0.332846
4/29/19 2:00,2723.108092,2723.437777,0.329685
4/29/19 3:00,2723.103808,2723.426455,0.322647
4/29/19 4:00,2723.093507,2723.41493,0.321423
4/29/19 5:00,2723.092487,2723.410341,0.317854
4/29/19 6:00,2723.083818,2723.407485,0.323667
4/29/19 7:00,2723.074639,2723.397694,0.323055
4/29/19 8:00,2723.083818,2723.398204,0.314386
4/29/19 9:00,2723.078004,2723.39035,0.312346
4/29/19 10:00,2723.067295,2723.38729,0.319995
4/29/19 11:00,2723.068519,2723.384537,0.316018
4/29/19 12:00,2723.070355,2723.389432,0.319077
4/29/19 13:00,2723.068621,2723.388004,0.319383
4/29/19 14:00,2723.066479,2723.390656,0.324177
4/29/19 15:00,2723.077494,2723.395654,0.31816
4/29/19 16:00,2723.065153,2723.400141,0.334988
4/29/19 17:00,2723.075047,2723.392798,0.317751
4/29/19 18:00,2723.077392,2723.394226,0.316834
4/29/19 19:00,2723.073517,2723.401263,0.327746
4/29/19 20:00,2723.078616,2723.403813,0.325197
4/29/19 21:00,2723.08137,2723.397796,0.316426
4/29/19 22:00,2723.088816,2723.398917,0.310101
4/29/19 23:00,2723.07729,2723.401161,0.323871
4/30/19 0:00,2723.077494,2723.402487,0.324993
4/30/19 1:00,2723.069845,2723.389432,0.319587
4/30/19 2:00,2723.059238,2723.380865,0.321627
4/30/19 3:00,2723.057198,2723.378417,0.321219
4/30/19 4:00,2723.058524,2723.368728,0.310204
4/30/19 5:00,2723.048937,2723.365362,0.316425
4/30/19 6:00,2723.050976,2723.365464,0.314488
4/30/19 7:00,2723.053628,2723.36322,0.309592
4/30/19 8:00,2723.038839,2723.359344,0.320505
4/30/19 9:00,2723.044041,2723.355571,0.31153
4/30/19 10:00,2723.032414,2723.349451,0.317037
4/30/19 11:00,2723.040471,2723.355979,0.315508
4/30/19 12:00,2723.046489,2723.356285,0.309796
4/30/19 13:00,2723.043531,2723.355877,0.312346
4/30/19 14:00,2723.042511,2723.355571,0.31306
4/30/19 15:00,2723.044857,2723.353429,0.308572
4/30/19 16:00,2723.035678,2723.350675,0.314997
4/30/19 17:00,2723.03221,2723.347615,0.315405
4/30/19 18:00,2723.032006,2723.338946,0.30694
4/30/19 19:00,2723.023642,2723.338436,0.314794
4/30/19 20:00,2723.024152,2723.331195,0.307043
4/30/19 21:00,2723.016197,2723.332215,0.316018
4/30/19 22:00,2723.018237,2723.320791,0.302554
4/30/19 23:00,2723.018135,2723.321709,0.303574
5/1/19 0:00,2723.009772,2723.31814,0.308368
5/1/19 1:00,2723.011301,2723.319568,0.308267
5/1/19 2:00,2723.0061,2723.31355,0.30745
5/1/19 3:00,2722.999878,2723.309776,0.309898
5/1/19 4:00,2722.995697,2723.298047,0.30235
5/1/19 5:00,2722.983152,2723.296109,0.312957
5/1/19 6:00,2722.989475,2723.28897,0.299495
5/1/19 7:00,2722.981214,2723.287644,0.30643
5/1/19 8:00,2722.981928,2723.292744,0.310816
5/1/19 9:00,2722.994473,2723.302535,0.308062
5/1/19 10:00,2722.993249,2723.299271,0.306022
5/1/19 11:00,2722.998144,2723.306614,0.30847
5/1/19 12:00,2722.999266,2723.311102,0.311836
5/1/19 13:00,2722.991821,2723.304065,0.312244
5/1/19 14:00,2722.988557,2723.295803,0.307246
5/1/19 15:00,2722.987639,2723.292234,0.304595
5/1/19 16:00,2722.979072,2723.287746,0.308674
5/1/19 17:00,2722.976726,2723.276731,0.300005
5/1/19 18:00,2722.970709,2723.274283,0.303574
5/1/19 19:00,2722.967751,2723.264696,0.296945
5/1/19 20:00,2722.958673,2723.26439,0.305717
5/1/19 21:00,2722.953778,2723.257148,0.30337
5/1/19 22:00,2722.95439,2723.25419,0.2998
5/1/19 23:00,2722.943885,2723.244603,0.300718
5/2/19 0:00,2722.940111,2723.242053,0.301942
5/2/19 1:00,2722.930626,2723.232364,0.301738
5/2/19 2:00,2722.935317,2723.234812,0.299495
5/2/19 3:00,2722.926852,2723.224613,0.297761
5/2/19 4:00,2722.935521,2723.224613,0.289092
5/2/19 5:00,2722.938173,2723.221043,0.28287
5/2/19 6:00,2722.940315,2723.218085,0.27777
5/2/19 7:00,2722.918285,2723.211252,0.292967
5/2/19 8:00,2722.934705,2723.226347,0.291642
5/2/19 9:00,2722.951024,2723.249397,0.298373
5/2/19 10:00,2722.952452,2723.259596,0.307144
5/2/19 11:00,2722.956022,2723.252967,0.296945
5/2/19 12:00,2722.946638,2723.241747,0.295109
5/2/19 13:00,2722.943375,2723.242155,0.29878
5/2/19 14:00,2722.946434,2723.254496,0.308062
5/2/19 15:00,2722.938275,2723.241645,0.30337
5/2/19 16:00,2722.941539,2723.235118,0.293579
5/2/19 17:00,2722.939601,2723.241135,0.301534
5/2/19 18:00,2722.945516,2723.241747,0.296231
5/2/19 19:00,2722.939193,2723.238892,0.299699
5/2/19 20:00,2722.938683,2723.232568,0.293885
5/2/19 21:00,2722.934909,2723.235934,0.301025
5/2/19 22:00,2722.938785,2723.231956,0.293171
5/2/19 23:00,2722.929096,2723.225225,0.296129
5/3/19 0:00,2722.925118,2723.225429,0.300311
5/3/19 1:00,2722.924914,2723.216555,0.291641
5/3/19 2:00,2722.921446,2723.220533,0.299087
5/3/19 3:00,2722.918896,2723.212986,0.29409
5/3/19 4:00,2722.920426,2723.210028,0.289602
5/3/19 5:00,2722.912675,2723.208702,0.296027
5/3/19 6:00,2722.909615,2723.191975,0.28236
5/3/19 7:00,2722.908085,2723.193811,0.285726
5/3/19 8:00,2722.907065,2723.197483,0.290418
5/3/19 9:00,2722.917571,2723.20656,0.288989
5/3/19 10:00,2722.921752,2723.215637,0.293885
5/3/19 11:00,2722.929912,2723.223593,0.293681
5/3/19 12:00,2722.922262,2723.213394,0.291132
5/3/19 13:00,2722.928484,2723.217983,0.289499
5/3/19 14:00,2722.928076,2723.223695,0.295619
5/3/19 15:00,2722.920222,2723.217881,0.297659
5/3/19 16:00,2722.928382,2723.224511,0.296129
5/3/19 17:00,2722.92981,2723.23216,0.30235
5/3/19 18:00,2722.938989,2723.243889,0.3049
5/3/19 19:00,2722.943069,2723.248683,0.305614
5/3/19 20:00,2722.938683,2723.244807,0.306124
5/3/19 21:00,2722.944191,2723.244297,0.300106
5/3/19 22:00,2722.940621,2723.243277,0.302656
5/3/19 23:00,2722.935113,2723.23624,0.301127
5/4/19 0:00,2722.939091,2723.237362,0.298271
5/4/19 1:00,2722.935215,2723.234812,0.299597
5/4/19 2:00,2722.933583,2723.230426,0.296843
5/4/19 3:00,2722.930422,2723.23012,0.299698
5/4/19 4:00,2722.934603,2723.23063,0.296027
5/4/19 5:00,2722.921446,2723.227367,0.305921
5/4/19 6:00,2722.924608,2723.223695,0.299087
5/4/19 7:00,2722.92114,2723.225021,0.303881
5/4/19 8:00,2722.9191,2723.220125,0.301025
5/4/19 9:00,2722.927464,2723.222063,0.294599
5/4/19 10:00,2722.928688,2723.226245,0.297557
5/4/19 11:00,2722.926138,2723.219513,0.293375
5/4/19 12:00,2722.925118,2723.223695,0.298577
5/4/19 13:00,2722.927566,2723.229508,0.301942
5/4/19 14:00,2722.928688,2723.223287,0.294599
5/4/19 15:00,2722.930932,2723.228692,0.29776
5/4/19 16:00,2722.936847,2723.239912,0.303065
5/4/19 17:00,2722.942967,2723.246133,0.303166
5/4/19 18:00,2722.94674,2723.250213,0.303473
5/4/19 19:00,2722.949494,2723.254394,0.3049
5/4/19 20:00,2722.951942,2723.25776,0.305818
5/4/19 21:00,2722.947148,2723.252763,0.305615
5/4/19 22:00,2722.949392,2723.252661,0.303269
5/4/19 23:00,2722.945414,2723.247765,0.302351
5/5/19 0:00,2722.940927,2723.245215,0.304288
5/5/19 1:00,2722.938581,2723.241849,0.303268
5/5/19 2:00,2722.938071,2723.235322,0.297251
5/5/19 3:00,2722.932767,2723.233894,0.301127
5/5/19 4:00,2722.933991,2723.237464,0.303473
5/5/19 5:00,2722.931951,2723.229712,0.297761
5/5/19 6:00,2722.92879,2723.228794,0.300004
5/5/19 7:00,2722.925526,2723.227672,0.302146
5/5/19 8:00,2722.933481,2723.227469,0.293988
5/5/19 9:00,2722.9293,2723.226653,0.297353
5/5/19 10:00,2722.924506,2723.227265,0.302759
5/5/19 11:00,2722.933481,2723.229202,0.295721
5/5/19 12:00,2722.931747,2723.232262,0.300515
5/5/19 13:00,2722.935521,2723.235016,0.299495
5/5/19 14:00,2722.948066,2723.255108,0.307042
5/5/19 15:00,2722.961427,2723.272141,0.310714
5/5/19 16:00,2722.989373,2723.294885,0.305512
5/5/19 17:00,2723.00355,2723.318752,0.315202
5/5/19 18:00,2723.013953,2723.327421,0.313468
5/5/19 19:00,2723.015177,2723.330073,0.314896
5/5/19 20:00,2723.012117,2723.320179,0.308062
5/5/19 21:00,2723.009976,2723.320587,0.310611
5/5/19 22:00,2722.99998,2723.315488,0.315508
5/5/19 23:00,2722.999878,2723.317834,0.317956
5/6/19 0:00,2723.002734,2723.31559,0.312856
5/6/19 1:00,2722.999878,2723.304269,0.304391
5/6/19 2:00,2722.991923,2723.301311,0.309388
5/6/19 3:00,2722.988149,2723.291316,0.303167
5/6/19 4:00,2722.9754,2723.294171,0.318771
5/6/19 5:00,2722.983356,2723.28642,0.303064
5/6/19 6:00,2722.972952,2723.28642,0.313468
5/6/19 7:00,2722.975706,2723.282136,0.30643
5/6/19 8:00,2722.975298,2723.280708,0.30541
5/6/19 9:00,2722.974278,2723.278771,0.304493
5/6/19 10:00,2722.978154,2723.279791,0.301637
5/6/19 11:00,2722.98152,2723.282952,0.301432
5/6/19 12:00,2722.98407,2723.287236,0.303166
5/6/19 13:00,2722.995187,2723.299883,0.304696
5/6/19 14:00,2723.00661,2723.312428,0.305818
5/6/19 15:00,2723.019053,2723.330889,0.311836
5/6/19 16:00,2723.02609,2723.340476,0.314386
5/6/19 17:00,2723.029558,2723.348023,0.318465
5/6/19 18:00,2723.043021,2723.357611,0.31459
5/6/19 19:00,2723.05169,2723.365566,0.313876
5/6/19 20:00,2723.049345,2723.364546,0.315201
5/6/19 21:00,2723.044959,2723.368218,0.323259
5/6/19 22:00,2723.044959,2723.359446,0.314487
5/6/19 23:00,2723.040165,2723.355775,0.31561
5/7/19 0:00,2723.033128,2723.353735,0.320607
5/7/19 1:00,2723.031802,2723.346493,0.314691
5/7/19 2:00,2723.028028,2723.343638,0.31561
5/7/19 3:00,2723.025784,2723.341292,0.315508
5/7/19 4:00,2723.025682,2723.339252,0.31357
5/7/19 5:00,2723.019359,2723.332725,0.313366
5/7/19 6:00,2723.013647,2723.334764,0.321117
5/7/19 7:00,2723.010078,2723.325177,0.315099
5/7/19 8:00,2723.012933,2723.320587,0.307654
5/7/19 9:00,2723.008038,2723.320587,0.312549
5/7/19 10:00,2723.007324,2723.322729,0.315405
5/7/19 11:00,2723.017115,2723.325687,0.308572
5/7/19 12:00,2723.019971,2723.332113,0.312142
5/7/19 13:00,2723.032516,2723.342414,0.309898
5/7/19 14:00,2723.037615,2723.350675,0.31306
5/7/19 15:00,2723.030986,2723.357917,0.326931
5/7/19 16:00,2723.051996,2723.375357,0.323361
5/7/19 17:00,2723.05832,2723.379641,0.321321
5/7/19 18:00,2723.068213,2723.389126,0.320913
5/7/19 19:00,2723.066581,2723.385964,0.319383
5/7/19 20:00,2723.07678,2723.390452,0.313672
5/7/19 21:00,2723.066377,2723.384231,0.317854
5/7/19 22:00,2723.059748,2723.376377,0.316629
5/7/19 23:00,2723.048121,2723.375561,0.32744
5/8/19 0:00,2723.054852,2723.370258,0.315406
5/8/19 1:00,2723.049956,2723.359956,0.31
5/8/19 2:00,2723.038941,2723.353327,0.314386
5/8/19 3:00,2723.031598,2723.355571,0.323973
5/8/19 4:00,2723.032414,2723.347207,0.314793
5/8/19 5:00,2723.03119,2723.341394,0.310204
5/8/19 6:00,2723.027008,2723.333642,0.306634
5/8/19 7:00,2723.020787,2723.333132,0.312345
5/8/19 8:00,2723.027314,2723.333438,0.306124
5/8/19 9:00,2723.021909,2723.332419,0.31051
5/8/19 10:00,2723.029354,2723.332215,0.302861
5/8/19 11:00,2723.017115,2723.338742,0.321627
5/8/19 12:00,2723.02456,2723.341904,0.317344
5/8/19 13:00,2723.030986,2723.344148,0.313162
5/8/19 14:00,2723.030068,2723.344556,0.314488
5/8/19 15:00,2723.037513,2723.349247,0.311734
5/8/19 16:00,2723.041083,2723.352307,0.311224
5/8/19 17:00,2723.039655,2723.355469,0.315814
5/8/19 18:00,2723.044143,2723.351287,0.307144
5/8/19 19:00,2723.040063,2723.352409,0.312346
5/8/19 20:00,2723.037513,2723.347513,0.31
5/8/19 21:00,2723.036086,2723.34068,0.304594
5/8/19 22:00,2723.036596,2723.349553,0.312957
5/8/19 23:00,2723.021603,2723.33813,0.316527
5/9/19 0:00,2723.013851,2723.333642,0.319791
5/9/19 1:00,2723.018033,2723.322729,0.304696
5/9/19 2:00,2723.014259,2723.326095,0.311836
5/9/19 3:00,2723.011097,2723.31763,0.306533
5/9/19 4:00,2723.005896,2723.312224,0.306328
5/9/19 5:00,2723.007528,2723.311918,0.30439
5/9/19 6:00,2723.007018,2723.312326,0.305308
5/9/19 7:00,2722.997227,2723.304983,0.307756
5/9/19 8:00,2722.995697,2723.306207,0.31051
5/9/19 9:00,2723.001714,2723.303861,0.302147
5/9/19 10:00,2722.996717,2723.305391,0.308674
5/9/19 11:00,2722.993657,2723.303861,0.310204
5/9/19 12:00,2722.995697,2723.306513,0.310816
5/9/19 13:00,2722.996921,2723.305493,0.308572
5/9/19 14:00,2722.995187,2723.308756,0.313569
5/9/19 15:00,2723.001,2723.31253,0.31153
5/9/19 16:00,2722.998246,2723.303249,0.305003
5/9/19 17:00,2723.000796,2723.308246,0.30745
5/9/19 18:00,2722.997634,2723.304269,0.306635
5/9/19 19:00,2722.989067,2723.298149,0.309082
5/9/19 20:00,2722.985599,2723.291214,0.305615
5/9/19 21:00,2722.986007,2723.288154,0.302147
5/9/19 22:00,2722.978256,2723.286726,0.30847
5/9/19 23:00,2722.97795,2723.280097,0.302147
5/10/19 0:00,2722.977236,2723.276731,0.299495
5/10/19 1:00,2722.972544,2723.275201,0.302657
5/10/19 2:00,2722.972238,2723.276221,0.303983
5/10/19 3:00,2722.965915,2723.271529,0.305614
5/10/19 4:00,2722.968363,2723.270101,0.301738
5/10/19 5:00,2722.962855,2723.268367,0.305512
5/10/19 6:00,2722.962243,2723.269999,0.307756
5/10/19 7:00,2722.961733,2723.264594,0.302861
5/10/19 8:00,2722.966425,2723.264594,0.298169
5/10/19 9:00,2722.963569,2723.265716,0.302147
5/10/19 10:00,2722.963059,2723.261738,0.298679
5/10/19 11:00,2722.961937,2723.268163,0.306226
5/10/19 12:00,2722.966323,2723.266736,0.300413
5/10/19 13:00,2722.970403,2723.269489,0.299086
5/10/19 14:00,2722.97846,2723.280912,0.302452
5/10/19 15:00,2722.9805,2723.29101,0.31051
5/10/19 16:00,2722.990801,2723.295701,0.3049
5/10/19 17:00,2722.996309,2723.303963,0.307654
5/10/19 18:00,2723.005284,2723.309572,0.304288
5/10/19 19:00,2723.00967,2723.318752,0.309082
5/10/19 20:00,2723.004468,2723.321607,0.317139
5/10/19 21:00,2723.003244,2723.313754,0.31051
5/10/19 22:00,2723.002326,2723.313142,0.310816
5/10/19 23:00,2722.988863,2723.298659,0.309796
5/11/19 0:00,2722.988251,2723.296925,0.308674
5/11/19 1:00,2722.987741,2723.290194,0.302453
5/11/19 2:00,2722.97744,2723.283564,0.306124
5/11/19 3:00,2722.977032,2723.277955,0.300923
5/11/19 4:00,2722.971932,2723.275711,0.303779
5/11/19 5:00,2722.969689,2723.272141,0.302452
5/11/19 6:00,2722.962549,2723.265308,0.302759
5/11/19 7:00,2722.965201,2723.265206,0.300005
5/11/19 8:00,2722.959897,2723.262452,0.302555
5/11/19 9:00,2722.968771,2723.266124,0.297353
5/11/19 10:00,2722.965711,2723.265104,0.299393
5/11/19 11:00,2722.961631,2723.26388,0.302249
5/11/19 12:00,2722.966833,2723.271325,0.304492
5/11/19 13:00,2722.982438,2723.287848,0.30541
5/11/19 14:00,2722.989475,2723.292438,0.302963
5/11/19 15:00,2723.007834,2723.313244,0.30541
5/11/19 16:00,2723.019767,2723.339354,0.319587
5/11/19 17:00,2723.038227,2723.353531,0.315304
5/11/19 18:00,2723.047611,2723.364546,0.316935
5/11/19 19:00,2723.053526,2723.368524,0.314998
5/11/19 20:00,2723.055158,2723.370054,0.314896
5/11/19 21:00,2723.049243,2723.365362,0.316119
5/11/19 22:00,2723.039757,2723.359242,0.319485
5/11/19 23:00,2723.032822,2723.347003,0.314181
5/12/19 0:00,2723.0266,2723.340272,0.313672
5/12/19 1:00,2723.019155,2723.332623,0.313468
5/12/19 2:00,2723.017115,2723.328237,0.311122
5/12/19 3:00,2723.014871,2723.322831,0.30796
5/12/19 4:00,2723.012015,2723.322219,0.310204
5/12/19 5:00,2723.0061,2723.313142,0.307042
5/12/19 6:00,2722.995085,2723.305391,0.310306
5/12/19 7:00,2723.002224,2723.306105,0.303881
5/12/19 8:00,2723.001918,2723.305697,0.303779
5/12/19 9:00,2722.997736,2723.305697,0.307961
5/12/19 10:00,2722.999674,2723.304167,0.304493
5/12/19 11:00,2723.004366,2723.306207,0.301841
5/12/19 12:00,2723.00814,2723.315896,0.307756
5/12/19 13:00,2723.016197,2723.330175,0.313978
5/12/19 14:00,2723.043429,2723.350879,0.30745
5/12/19 15:00,2723.05934,2723.376785,0.317445
5/12/19 16:00,2723.085654,2723.405547,0.319893
5/12/19 17:00,2723.110438,2723.435635,0.325197
5/12/19 18:00,2723.124105,2723.446548,0.322443
5/12/19 19:00,2723.119311,2723.454809,0.335498
5/12/19 20:00,2723.118801,2723.451749,0.332948
5/12/19 21:00,2723.107786,2723.4441,0.336314
5/12/19 22:00,2723.10697,2723.444814,0.337844
5/12/19 23:00,2723.098505,2723.430637,0.332132
5/13/19 0:00,2723.084022,2723.41901,0.334988
5/13/19 1:00,2723.089427,2723.417378,0.327951
5/13/19 2:00,2723.082084,2723.409321,0.327237
5/13/19 3:00,2723.065765,2723.400855,0.33509
5/13/19 4:00,2723.070151,2723.39239,0.322239
5/13/19 5:00,2723.067805,2723.386474,0.318669
5/13/19 6:00,2723.053934,2723.378519,0.324585
5/13/19 7:00,2723.054954,2723.37087,0.315916
5/13/19 8:00,2723.052302,2723.373215,0.320913
5/13/19 9:00,2723.052098,2723.369748,0.31765
5/13/19 10:00,2723.050976,2723.373725,0.322749
5/13/19 11:00,2723.057708,2723.373929,0.316221
5/13/19 12:00,2723.070661,2723.387188,0.316527
5/13/19 13:00,2723.082798,2723.401569,0.318771
5/13/19 14:00,2723.095547,2723.432881,0.337334
5/13/19 15:00,2723.128287,2723.466028,0.337741
5/13/19 16:00,2723.150011,2723.486427,0.336416
5/13/19 17:00,2723.170613,2723.509579,0.338966
5/13/19 18:00,2723.183668,2723.521716,0.338048
5/13/19 19:00,2723.179181,2723.52804,0.348859
5/13/19 20:00,2723.186116,2723.527938,0.341822
5/13/19 21:00,2723.175713,2723.509885,0.334172
5/13/19 22:00,2723.15613,2723.511823,0.355693
5/13/19 23:00,2723.16021,2723.492546,0.332336
5/14/19 0:00,2723.155314,2723.488977,0.333663
5/14/19 1:00,2723.142259,2723.47225,0.329991
5/14/19 2:00,2723.135834,2723.466844,0.33101
5/14/19 3:00,2723.118189,2723.453993,0.335804
5/14/19 4:00,2723.121045,2723.44869,0.327645
5/14/19 5:00,2723.122983,2723.44818,0.325197
5/14/19 6:00,2723.10442,2723.439102,0.334682
5/14/19 7:00,2723.116761,2723.439714,0.322953
5/14/19 8:00,2723.107888,2723.432677,0.324789
5/14/19 9:00,2723.112376,2723.433493,0.321117
5/14/19 10:00,2723.110642,2723.428495,0.317853
5/14/19 11:00,2723.119821,2723.431861,0.31204
5/14/19 12:00,2723.120841,2723.443182,0.322341
5/14/19 13:00,2723.122065,2723.454503,0.332438
5/14/19 14:00,2723.153173,2723.474086,0.320913
5/14/19 15:00,2723.157456,2723.497442,0.339986
5/14/19 16:00,2723.171837,2723.512333,0.340496
5/14/19 17:00,2723.177651,2723.52804,0.350389
5/14/19 18:00,2723.209064,2723.542727,0.333663
5/14/19 19:00,2723.212532,2723.55211,0.339578
5/14/19 20:00,2723.211104,2723.555374,0.34427
5/14/19 21:00,2723.21957,2723.55364,0.33407
5/14/19 22:00,2723.194582,2723.553334,0.358752
5/14/19 23:00,2723.193562,2723.551192,0.35763
5/15/19 0:00,2723.208044,2723.544154,0.33611
5/15/19 1:00,2723.207025,2723.546806,0.339781
5/15/19 2:00,2723.202435,2723.541707,0.339272
5/15/19 3:00,2723.191114,2723.531813,0.340699
5/15/19 4:00,2723.190604,2723.52498,0.334376
5/15/19 5:00,2723.178467,2723.51784,0.339373
5/15/19 6:00,2723.173775,2723.521104,0.347329
5/15/19 7:00,2723.188972,2723.522022,0.33305
5/15/19 8:00,2723.168879,2723.510191,0.341312
5/15/19 9:00,2723.172653,2723.513761,0.341108
5/15/19 10:00,2723.177753,2723.511823,0.33407
5/15/19 11:00,2723.184586,2723.513353,0.328767
5/15/19 12:00,2723.179079,2723.509171,0.330092
5/15/19 13:00,2723.178875,2723.515393,0.336518
5/15/19 14:00,2723.183158,2723.525388,0.34223
5/15/19 15:00,2723.178059,2723.52906,0.351001
5/15/19 16:00,2723.182138,2723.534669,0.352531
5/15/19 17:00,2723.204883,2723.559963,0.35508
5/15/19 18:00,2723.220794,2723.575466,0.354672
5/15/19 19:00,2723.239866,2723.608512,0.368646
5/15/19 20:00,2723.243028,2723.614427,0.371399
5/15/19 21:00,2723.266588,2723.616671,0.350083
5/15/19 22:00,2723.24568,2723.608002,0.362322
5/15/19 23:00,2723.229565,2723.611469,0.381904
5/16/19 0:00,2723.230075,2723.614427,0.384352
5/16/19 1:00,2723.23752,2723.603106,0.365586
5/16/19 2:00,2723.228953,2723.584645,0.355692
5/16/19 3:00,2723.227423,2723.58281,0.355387
5/16/19 4:00,2723.219876,2723.610857,0.390981
5/16/19 5:00,2723.202639,2723.57924,0.376601
5/16/19 6:00,2723.217428,2723.574344,0.356916
5/16/19 7:00,2723.209064,2723.570672,0.361608
5/16/19 8:00,2723.18581,2723.566287,0.380477
5/16/19 9:00,2723.207331,2723.578628,0.371297
5/16/19 10:00,2723.213246,2723.559249,0.346003
5/16/19 11:00,2723.201415,2723.55415,0.352735
5/16/19 12:00,2723.221915,2723.55517,0.333255
5/16/19 13:00,2723.198559,2723.553946,0.355387
5/16/19 14:00,2723.20835,2723.564859,0.356509
5/16/19 15:00,2723.218448,2723.577404,0.358956
5/16/19 16:00,2723.221711,2723.586277,0.364566
5/16/19 17:00,2723.242926,2723.616977,0.374051
5/16/19 18:00,2723.266588,2723.622077,0.355489
5/16/19 19:00,2723.291168,2723.629114,0.337946
5/16/19 20:00,2723.304631,2723.647167,0.342536
5/16/19 21:00,2723.320644,2723.652266,0.331622
5/16/19 22:00,2723.321256,2723.656244,0.334988
5/16/19 23:00,2723.31687,2723.656142,0.339272
5/17/19 0:00,2723.317788,2723.65349,0.335702
5/17/19 1:00,2723.317278,2723.652164,0.334886
5/17/19 2:00,2723.323908,2723.660018,0.33611
5/17/19 3:00,2723.308099,2723.642781,0.334682
5/17/19 4:00,2723.288414,2723.640333,0.351919
5/17/19 5:00,2723.298614,2723.639823,0.341209
5/17/19 6:00,2723.272096,2723.629726,0.35763
5/17/19 7:00,2723.287598,2723.629828,0.34223
5/17/19 8:00,2723.278317,2723.634724,0.356407
5/17/19 9:00,2723.26771,2723.624014,0.356304
5/17/19 10:00,2723.274441,2723.623402,0.348961
5/17/19 11:00,2723.281071,2723.620649,0.339578
5/17/19 12:00,2723.271076,2723.617793,0.346717
5/17/19 13:00,2723.260367,2723.610041,0.349674
5/17/19 14:00,2723.259653,2723.597394,0.337741
5/17/19 15:00,2723.250575,2723.608716,0.358141
5/17/19 16:00,2723.251697,2723.596986,0.345289
5/17/19 17:00,2723.234868,2723.577098,0.34223
5/17/19 18:00,2723.238132,2723.585257,0.347125
5/17/19 19:00,2723.235072,2723.567613,0.332541
5/17/19 20:00,2723.235582,2723.575364,0.339782
5/17/19 21:00,2723.233237,2723.553742,0.320505
5/17/19 22:00,2723.22008,2723.557413,0.337333
5/17/19 23:00,2723.210798,2723.549968,0.33917
5/18/19 0:00,2723.212022,2723.55262,0.340598
5/18/19 1:00,2723.20835,2723.5465,0.33815
5/18/19 2:00,2723.196315,2723.535281,0.338966
5/18/19 3:00,2723.199273,2723.522022,0.322749
5/18/19 4:00,2723.193766,2723.52498,0.331214
5/18/19 5:00,2723.196111,2723.530997,0.334886
5/18/19 6:00,2723.190706,2723.514577,0.323871
5/18/19 7:00,2723.185504,2723.513353,0.327849
5/18/19 8:00,2723.177141,2723.509069,0.331928
5/18/19 9:00,2723.172041,2723.506417,0.334376
5/18/19 10:00,2723.172551,2723.509069,0.336518
5/18/19 11:00,2723.176937,2723.49836,0.321423
5/18/19 12:00,2723.175917,2723.498054,0.322137
5/18/19 13:00,2723.161842,2723.49479,0.332948
5/18/19 14:00,2723.170817,2723.486835,0.316018
5/18/19 15:00,2723.164698,2723.484591,0.319893
5/18/19 16:00,2723.16021,2723.485509,0.325299
5/18/19 17:00,2723.16684,2723.475922,0.309082
5/18/19 18:00,2723.168675,2723.494688,0.326013
5/18/19 19:00,2723.160312,2723.487243,0.326931
5/18/19 20:00,2723.156538,2723.474494,0.317956
5/18/19 21:00,2723.149603,2723.478777,0.329174
5/18/19 22:00,2723.142973,2723.459195,0.316222
5/18/19 23:00,2723.136752,2723.449098,0.312346
5/19/19 0:00,2723.13359,2723.442978,0.309388
5/19/19 1:00,2723.124003,2723.439204,0.315201
5/19/19 2:00,2723.124411,2723.434615,0.310204
5/19/19 3:00,2723.120127,2723.441958,0.321831
5/19/19 4:00,2723.116455,2723.435329,0.318874
5/19/19 5:00,2723.117373,2723.423294,0.305921
5/19/19 6:00,2723.106052,2723.41799,0.311938
5/19/19 7:00,2723.10595,2723.417786,0.311836
5/19/19 8:00,2723.106868,2723.424824,0.317956
5/19/19 9:00,2723.108194,2723.424926,0.316732
5/19/19 10:00,2723.110234,2723.41646,0.306226
5/19/19 11:00,2723.107888,2723.416052,0.308164
5/19/19 12:00,2723.105746,2723.42156,0.315814
5/19/19 13:00,2723.101259,2723.414216,0.312957
5/19/19 14:00,2723.10493,2723.413604,0.308674
5/19/19 15:00,2723.101259,2723.403915,0.302656
5/19/19 16:00,2723.097383,2723.404731,0.307348
5/19/19 17:00,2723.089224,2723.402283,0.313059
5/19/19 18:00,2723.096363,2723.400855,0.304492
5/19/19 19:00,2723.092997,2723.398408,0.305411
5/19/19 20:00,2723.08443,2723.396164,0.311734
5/19/19 21:00,2723.089326,2723.39239,0.303064
5/19/19 22:00,2723.084328,2723.383619,0.299291
5/19/19 23:00,2723.078106,2723.382395,0.304289
5/20/19 0:00,2723.079432,2723.382089,0.302657
5/20/19 1:00,2723.07729,2723.381885,0.304595
5/20/19 2:00,2723.073823,2723.368014,0.294191
5/20/19 3:00,2723.071987,2723.370972,0.298985
5/20/19 4:00,2723.072293,2723.374031,0.301738
5/20/19 5:00,2723.067601,2723.37189,0.304289
5/20/19 6:00,2723.072599,2723.383415,0.310816
5/20/19 7:00,2723.074333,2723.377805,0.303472
5/20/19 8:00,2723.073619,2723.377907,0.304288
5/20/19 9:00,2723.073211,2723.376989,0.303778
5/20/19 10:00,2723.075353,2723.377499,0.302146
5/20/19 11:00,2723.071579,2723.378009,0.30643
5/20/19 12:00,2723.073721,2723.380457,0.306736
5/20/19 13:00,2723.068519,2723.383619,0.3151
5/20/19 14:00,2723.080758,2723.390044,0.309286
5/20/19 15:00,2723.083614,2723.386984,0.30337
5/20/19 16:00,2723.083512,2723.389942,0.30643
5/20/19 17:00,2723.084124,2723.38933,0.305206
5/20/19 18:00,2723.07627,2723.385964,0.309694
5/20/19 19:00,2723.075863,2723.382089,0.306226
5/20/19 20:00,2723.069947,2723.375357,0.30541
5/20/19 21:00,2723.064745,2723.363934,0.299189
5/20/19 22:00,2723.055668,2723.357713,0.302045
5/20/19 23:00,2723.047407,2723.361588,0.314181
5/21/19 0:00,2723.044347,2723.347717,0.30337
5/21/19 1:00,2723.040063,2723.346697,0.306634
5/21/19 2:00,2723.037819,2723.341088,0.303269
5/21/19 3:00,2723.030986,2723.336702,0.305716
5/21/19 4:00,2723.031598,2723.336906,0.305308
5/21/19 5:00,2723.03017,2723.33507,0.3049
5/21/19 6:00,2723.029354,2723.33354,0.304186
5/21/19 7:00,2723.024356,2723.332827,0.308471
5/21/19 8:00,2723.026906,2723.327727,0.300821
5/21/19 9:00,2723.025682,2723.331807,0.306125
5/21/19 10:00,2723.031802,2723.331909,0.300107
5/21/19 11:00,2723.034148,2723.335682,0.301534
5/21/19 12:00,2723.03068,2723.336192,0.305512
5/21/19 13:00,2723.029048,2723.336906,0.307858
5/21/19 14:00,2723.029966,2723.334152,0.304186
5/21/19 15:00,2723.032516,2723.334662,0.302146
5/21/19 16:00,2723.025784,2723.323749,0.297965
5/21/19 17:00,2723.026396,2723.324871,0.298475
5/21/19 18:00,2723.028436,2723.324463,0.296027
5/21/19 19:00,2723.021399,2723.318548,0.297149
5/21/19 20:00,2723.017421,2723.317018,0.299597
5/21/19 21:00,2723.018339,2723.310796,0.292457
5/21/19 22:00,2723.017115,2723.317324,0.300209
5/21/19 23:00,2723.017829,2723.320587,0.302758
5/22/19 0:00,2723.011097,2723.30896,0.297863
5/22/19 1:00,2723.006508,2723.303351,0.296843
5/22/19 2:00,2723.00916,2723.303351,0.294191
5/22/19 3:00,2723.000082,2723.299475,0.299393
5/22/19 4:00,2722.996105,2723.296619,0.300514
5/22/19 5:00,2723.001,2723.301719,0.300719
5/22/19 6:00,2722.999368,2723.299781,0.300413
5/22/19 7:00,2722.998756,2723.296109,0.297353
5/22/19 8:00,2722.996615,2723.29254,0.295925
5/22/19 9:00,2722.994881,2723.293457,0.298576
5/22/19 10:00,2722.993147,2723.294783,0.301636
5/22/19 11:00,2722.995595,2723.29152,0.295925
5/22/19 12:00,2722.991311,2723.28948,0.298169
5/22/19 13:00,2722.989067,2723.288868,0.299801
5/22/19 14:00,2722.988455,2723.282034,0.293579
5/22/19 15:00,2722.988353,2723.283768,0.295415
5/22/19 16:00,2722.988863,2723.287746,0.298883
5/22/19 17:00,2722.989271,2723.285196,0.295925
5/22/19 18:00,2722.989679,2723.286522,0.296843
5/22/19 19:00,2722.992127,2723.28795,0.295823
5/22/19 20:00,2722.984681,2723.28183,0.297149
5/22/19 21:00,2722.986313,2723.280402,0.294089
5/22/19 22:00,2722.985701,2723.283258,0.297557
5/22/19 23:00,2722.985701,2723.279995,0.294294
5/23/19 0:00,2722.981418,2723.28693,0.305512
5/23/19 1:00,2722.982642,2723.284176,0.301534
5/23/19 2:00,2722.980704,2723.282952,0.302248
5/23/19 3:00,2722.980194,2723.280097,0.299903
5/23/19 4:00,2722.975094,2723.271121,0.296027
5/23/19 5:00,2722.972544,2723.272039,0.299495
5/23/19 6:00,2722.976012,2723.272039,0.296027
5/23/19 7:00,2722.976318,2723.270917,0.294599
5/23/19 8:00,2722.97795,2723.269489,0.291539
5/23/19 9:00,2722.971116,2723.273569,0.302453
5/23/19 10:00,2722.975604,2723.268775,0.293171
5/23/19 11:00,2722.973972,2723.263778,0.289806
5/23/19 12:00,2722.968261,2723.269285,0.301024
5/23/19 13:00,2722.971626,2723.259392,0.287766
5/23/19 14:00,2722.966629,2723.26184,0.295211
5/23/19 15:00,2722.970505,2723.268877,0.298372
5/23/19 16:00,2722.978154,2723.272141,0.293987
5/23/19 17:00,2722.97999,2723.279281,0.299291
5/23/19 18:00,2722.987333,2723.279689,0.292356
5/23/19 19:00,2722.995901,2723.288868,0.292967
5/23/19 20:00,2722.987741,2723.283258,0.295517
5/23/19 21:00,2722.98203,2723.280504,0.298474
5/23/19 22:00,2722.983152,2723.274385,0.291233
5/23/19 23:00,2722.97795,2723.272345,0.294395
5/24/19 0:00,2722.974482,2723.26592,0.291438
5/24/19 1:00,2722.968159,2723.26439,0.296231
5/24/19 2:00,2722.968873,2723.2598,0.290927
5/24/19 3:00,2722.967649,2723.257964,0.290315
5/24/19 4:00,2722.961529,2723.253375,0.291846
5/24/19 5:00,2722.956226,2723.249397,0.293171
5/24/19 6:00,2722.959081,2723.247969,0.288888
5/24/19 7:00,2722.960713,2723.247561,0.286848
5/24/19 8:00,2722.956124,2723.252049,0.295925
5/24/19 9:00,2722.956328,2723.255822,0.299494
5/24/19 10:00,2722.958061,2723.252763,0.294702
5/24/19 11:00,2722.958673,2723.252151,0.293478
5/24/19 12:00,2722.957959,2723.255312,0.297353
5/24/19 13:00,2722.959285,2723.252355,0.29307
5/24/19 14:00,2722.95439,2723.249193,0.294803
5/24/19 15:00,2722.956328,2723.250519,0.294191
5/24/19 16:00,2722.959999,2723.25572,0.295721
5/24/19 17:00,2722.961223,2723.256638,0.295415
5/24/19 18:00,2722.971626,2723.25929,0.287664
5/24/19 19:00,2722.972952,2723.271121,0.298169
5/24/19 20:00,2722.974074,2723.273161,0.299087
5/24/19 21:00,2722.976318,2723.279281,0.302963
5/24/19 22:00,2722.979582,2723.273263,0.293681
5/24/19 23:00,2722.981316,2723.280504,0.299188
5/25/19 0:00,2722.979684,2723.277955,0.298271
5/25/19 1:00,2722.979684,2723.273773,0.294089
5/25/19 2:00,2722.972646,2723.269693,0.297047
5/25/19 3:00,2722.977032,2723.269387,0.292355
5/25/19 4:00,2722.972646,2723.270203,0.297557
5/25/19 5:00,2722.967037,2723.263574,0.296537
5/25/19 6:00,2722.962957,2723.25929,0.296333
5/25/19 7:00,2722.962957,2723.264798,0.301841
5/25/19 8:00,2722.961325,2723.259188,0.297863
5/25/19 9:00,2722.965915,2723.261942,0.296027
5/25/19 10:00,2722.965915,2723.26337,0.297455
5/25/19 11:00,2722.964589,2723.261636,0.297047
5/25/19 12:00,2722.966833,2723.258678,0.291845
5/25/19 13:00,2722.960407,2723.254292,0.293885
5/25/19 14:00,2722.962447,2723.257658,0.295211
5/25/19 15:00,2722.963773,2723.261534,0.297761
5/25/19 16:00,2722.969383,2723.266328,0.296945
5/25/19 17:00,2722.976318,2723.276119,0.299801
5/25/19 18:00,2722.986109,2723.283156,0.297047
5/25/19 19:00,2722.991107,2723.293661,0.302554
5/25/19 20:00,2722.997634,2723.299883,0.302249
5/25/19 21:00,2723.003652,2723.305085,0.301433
5/25/19 22:00,2723.009466,2723.316406,0.30694
5/25/19 23:00,2723.013239,2723.30947,0.296231
5/26/19 0:00,2723.012933,2723.323953,0.31102
5/26/19 1:00,2723.013545,2723.318854,0.305309
5/26/19 2:00,2723.007834,2723.311102,0.303268
5/26/19 3:00,2723.007732,2723.304779,0.297047
5/26/19 4:00,2723.010485,2723.307328,0.296843
5/26/19 5:00,2723.00508,2723.299679,0.294599
5/26/19 6:00,2723.003142,2723.290602,0.28746
5/26/19 7:00,2722.998348,2723.299883,0.301535
5/26/19 8:00,2722.996921,2723.294477,0.297556
5/26/19 9:00,2722.998654,2723.296925,0.298271
5/26/19 10:00,2723.003244,2723.297945,0.294701
5/26/19 11:00,2722.937663,2723.228488,0.290825
5/26/19 12:00,2722.940213,2723.228284,0.288071
5/26/19 13:00,2722.941233,2723.227774,0.286541
5/26/19 14:00,2722.939907,2723.230018,0.290111
5/26/19 15:00,2722.943375,2723.23369,0.290315
5/26/19 16:00,2722.94929,2723.243787,0.294497
5/26/19 17:00,2722.954288,2723.247357,0.293069
5/26/19 18:00,2722.954798,2723.247357,0.292559
5/26/19 19:00,2722.960203,2723.259188,0.298985
5/26/19 20:00,2722.962243,2723.263268,0.301025
5/26/19 21:00,2722.970811,2723.261432,0.290621
5/26/19 22:00,2722.969485,2723.263064,0.293579
5/26/19 23:00,2722.964589,2723.26388,0.299291
5/27/19 0:00,2722.969383,2723.260922,0.291539
5/27/19 1:00,2722.964487,2723.26337,0.298883
5/27/19 2:00,2722.963059,2723.260718,0.297659
5/27/19 3:00,2722.962141,2723.262248,0.300107
5/27/19 4:00,2722.95745,2723.256434,0.298984
5/27/19 5:00,2722.95694,2723.252967,0.296027
5/27/19 6:00,2722.957144,2723.249091,0.291947
5/27/19 7:00,2722.958979,2723.248479,0.2895
5/27/19 8:00,2722.958673,2723.254496,0.295823
5/27/19 9:00,2722.956838,2723.251845,0.295007
5/27/19 10:00,2722.95643,2723.247153,0.290723
5/27/19 11:00,2722.950922,2723.244909,0.293987
5/27/19 12:00,2722.948984,2723.242359,0.293375
5/27/19 13:00,2722.950004,2723.242971,0.292967
5/27/19 14:00,2722.949596,2723.241849,0.292253
5/27/19 15:00,2722.945516,2723.235628,0.290112
5/27/19 16:00,2722.945822,2723.240422,0.2946
5/27/19 17:00,2722.950514,2723.240116,0.289602
5/27/19 18:00,2722.951738,2723.246337,0.294599
5/27/19 19:00,2722.953982,2723.246439,0.292457
5/27/19 20:00,2722.957042,2723.248173,0.291131
5/27/19 21:00,2722.956634,2723.247663,0.291029
5/27/19 22:00,2722.955002,2723.250621,0.295619
5/27/19 23:00,2722.957042,2723.248683,0.291641
5/28/19 0:00,2722.957144,2723.252253,0.295109
5/28/19 1:00,2722.957552,2723.256332,0.29878
5/28/19 2:00,2722.95439,2723.252457,0.298067
5/28/19 3:00,2722.956226,2723.250621,0.294395
5/28/19 4:00,2722.951432,2723.250723,0.299291
5/28/19 5:00,2722.951228,2723.235934,0.284706
5/28/19 6:00,2722.945312,2723.236648,0.291336
5/28/19 7:00,2722.941029,2723.23675,0.295721
5/28/19 8:00,2722.947556,2723.235526,0.28797
5/28/19 9:00,2722.947556,2723.235628,0.288072
5/28/19 10:00,2722.949086,2723.235934,0.286848
5/28/19 11:00,2722.94623,2723.233792,0.287562
5/28/19 12:00,2722.944904,2723.236444,0.29154
5/28/19 13:00,2722.941845,2723.236954,0.295109
5/28/19 14:00,2722.946434,2723.235526,0.289092
5/28/19 15:00,2722.939805,2723.23114,0.291335
5/28/19 16:00,2722.937765,2723.229508,0.291743
5/28/19 17:00,2722.942661,2723.228488,0.285827
5/28/19 18:00,2722.942967,2723.230936,0.287969
5/28/19 19:00,2722.941947,2723.232262,0.290315
5/28/19 20:00,2722.944089,2723.235526,0.291437
5/28/19 21:00,2722.943273,2723.23114,0.287867
5/28/19 22:00,2722.946128,2723.235628,0.2895
5/28/19 23:00,2722.94521,2723.23369,0.28848
5/29/19 0:00,2722.94572,2723.239606,0.293886
5/29/19 1:00,2722.948576,2723.239096,0.29052
5/29/19 2:00,2722.949596,2723.23675,0.287154
5/29/19 3:00,2722.946434,2723.234404,0.28797
5/29/19 4:00,2722.944395,2723.236138,0.291743
5/29/19 5:00,2722.943069,2723.230732,0.287663
5/29/19 6:00,2722.945006,2723.233588,0.288582
5/29/19 7:00,2722.944802,2723.23063,0.285828
5/29/19 8:00,2722.939703,2723.23267,0.292967
5/29/19 9:00,2722.940519,2723.229202,0.288683
5/29/19 10:00,2722.943273,2723.233588,0.290315
5/29/19 11:00,2722.942661,2723.23165,0.288989
5/29/19 12:00,2722.944191,2723.230936,0.286745
5/29/19 13:00,2722.942457,2723.230324,0.287867
5/29/19 14:00,2722.943783,2723.229508,0.285725
5/29/19 15:00,2722.939295,2723.227469,0.288174
5/29/19 16:00,2722.939805,2723.229406,0.289601
5/29/19 17:00,2722.941845,2723.231548,0.289703
5/29/19 18:00,2722.950718,2723.237566,0.286848
5/29/19 19:00,2722.953166,2723.241951,0.288785
5/29/19 20:00,2722.95643,2723.248173,0.291743
5/29/19 21:00,2722.962243,2723.254496,0.292253
5/29/19 22:00,2722.962141,2723.253069,0.290928
5/29/19 23:00,2722.959285,2723.254496,0.295211
5/30/19 0:00,2722.95541,2723.243685,0.288275
5/30/19 1:00,2722.951024,2723.241033,0.290009
5/30/19 2:00,2722.950106,2723.243379,0.293273
5/30/19 3:00,2722.945312,2723.239198,0.293886
5/30/19 4:00,2722.947352,2723.243277,0.295925
5/30/19 5:00,2722.939805,2723.236036,0.296231
5/30/19 6:00,2722.938887,2723.230222,0.291335
5/30/19 7:00,2722.935725,2723.229508,0.293783
5/30/19 8:00,2722.939907,2723.230018,0.290111
5/30/19 9:00,2722.941029,2723.228488,0.287459
5/30/19 10:00,2722.945108,2723.228386,0.283278
5/30/19 11:00,2722.936031,2723.227469,0.291438
5/30/19 12:00,2722.934195,2723.225633,0.291438
5/30/19 13:00,2722.932971,2723.222777,0.289806
5/30/19 14:00,2722.936745,2723.229202,0.292457
5/30/19 15:00,2722.934909,2723.229304,0.294395
5/30/19 16:00,2722.949902,2723.235424,0.285522
5/30/19 17:00,2722.954594,2723.244705,0.290111
5/30/19 18:00,2722.968363,2723.258678,0.290315
5/30/19 19:00,2722.978358,2723.277139,0.298781
5/30/19 20:00,2722.986109,2723.290296,0.304187
5/30/19 21:00,2722.99794,2723.294885,0.296945
5/30/19 22:00,2723.00151,2723.300495,0.298985
5/30/19 23:00,2723.00253,2723.304575,0.302045
5/31/19 0:00,2723.0061,2723.301515,0.295415
5/31/19 1:00,2723.004162,2723.300291,0.296129
5/31/19 2:00,2723.000388,2723.295191,0.294803
5/31/19 3:00,2722.996615,2723.290704,0.294089
5/31/19 4:00,2722.990597,2723.291214,0.300617
5/31/19 5:00,2722.990597,2723.286624,0.296027
5/31/19 6:00,2722.987231,2723.28948,0.302249
5/31/19 7:00,2722.988251,2723.283462,0.295211
5/31/19 8:00,2722.988455,2723.277547,0.289092
5/31/19 9:00,2722.986517,2723.282238,0.295721
5/31/19 10:00,2722.985191,2723.282034,0.296843
5/31/19 11:00,2722.981418,2723.283156,0.301738
5/31/19 12:00,2722.983458,2723.281728,0.29827
5/31/19 13:00,2722.982948,2723.283768,0.30082
5/31/19 14:00,2722.982234,2723.2803,0.298066
5/31/19 15:00,2722.982846,2723.284992,0.302146
5/31/19 16:00,2722.999368,2723.293559,0.294191
5/31/19 17:00,2723.00355,2723.301005,0.297455
5/31/19 18:00,2723.00865,2723.309368,0.300718
5/31/19 19:00,2723.017727,2723.324157,0.30643
5/31/19 20:00,2723.024968,2723.33456,0.309592
5/31/19 21:00,2723.035066,2723.332827,0.297761
5/31/19 22:00,2723.036494,2723.341904,0.30541
5/31/19 23:00,2723.038125,2723.345882,0.307757
6/1/19 0:00,2723.038941,2723.338742,0.299801
6/1/19 1:00,2723.034556,2723.340272,0.305716
6/1/19 2:00,2723.03068,2723.335376,0.304696
6/1/19 3:00,2723.030068,2723.331705,0.301637
6/1/19 4:00,2723.024152,2723.326707,0.302555
6/1/19 5:00,2723.025784,2723.330277,0.304493
6/1/19 6:00,2723.021705,2723.322831,0.301126
6/1/19 7:00,2723.023235,2723.329359,0.306124
6/1/19 8:00,2723.022215,2723.322933,0.300718
6/1/19 9:00,2723.020073,2723.320791,0.300718
6/1/19 10:00,2723.016197,2723.319364,0.303167
6/1/19 11:00,2723.020889,2723.31355,0.292661
6/1/19 12:00,2723.012117,2723.310388,0.298271
6/1/19 13:00,2723.020175,2723.318752,0.298577
6/1/19 14:00,2723.027314,2723.320485,0.293171
6/1/19 15:00,2723.02864,2723.328237,0.299597
6/1/19 16:00,2723.034148,2723.337416,0.303268
6/1/19 17:00,2723.046591,2723.353021,0.30643
6/1/19 18:00,2723.069437,2723.376275,0.306838
6/1/19 19:00,2723.096669,2723.405955,0.309286
6/1/19 20:00,2723.118189,2723.431555,0.313366
6/1/19 21:00,2723.129,2723.442978,0.313978
6/1/19 22:00,2723.136446,2723.447262,0.310816
6/1/19 23:00,2723.136038,2723.455931,0.319893
6/2/19 0:00,2723.13563,2723.44818,0.31255
6/2/19 1:00,2723.134406,2723.451647,0.317241
6/2/19 2:00,2723.130734,2723.450832,0.320098
6/2/19 3:00,2723.132366,2723.44359,0.311224
6/2/19 4:00,2723.123901,2723.446344,0.322443
6/2/19 5:00,2723.130326,2723.443896,0.31357
6/2/19 6:00,2723.120229,2723.434921,0.314692
6/2/19 7:00,2723.117985,2723.429617,0.311632
6/2/19 8:00,2723.114416,2723.429719,0.315303
6/2/19 9:00,2723.121453,2723.425333,0.30388
6/2/19 10:00,2723.115232,2723.42105,0.305818
6/2/19 11:00,2723.111152,2723.419316,0.308164
6/2/19 12:00,2723.111254,2723.424722,0.313468
6/2/19 13:00,2723.11564,2723.418398,0.302758
6/2/19 14:00,2723.115945,2723.425231,0.309286
6/2/19 15:00,2723.113498,2723.426251,0.312753
6/2/19 16:00,2723.132672,2723.443386,0.310714
6/2/19 17:00,2723.130428,2723.451443,0.321015
6/2/19 18:00,2723.13767,2723.462867,0.325197
6/2/19 19:00,2723.155314,2723.476942,0.321628
6/2/19 20:00,2723.15766,2723.489793,0.332133
6/2/19 21:00,2723.165106,2723.497748,0.332642
6/2/19 22:00,2723.169491,2723.502338,0.332847
6/2/19 23:00,2723.177753,2723.504479,0.326726
6/3/19 0:00,2723.175713,2723.501012,0.325299
6/3/19 1:00,2723.175611,2723.498666,0.323055
6/3/19 2:00,2723.172755,2723.490711,0.317956
6/3/19 3:00,2723.173163,2723.498972,0.325809
6/3/19 4:00,2723.171123,2723.487651,0.316528
6/3/19 5:00,2723.167554,2723.493974,0.32642
6/3/19 6:00,2723.165412,2723.487855,0.322443
6/3/19 7:00,2723.158782,2723.487957,0.329175
6/3/19 8:00,2723.152561,2723.481327,0.328766
6/3/19 9:00,2723.157354,2723.470006,0.312652
6/3/19 10:00,2723.152051,2723.470414,0.318363
6/3/19 11:00,2723.155722,2723.468272,0.31255
6/3/19 12:00,2723.148889,2723.468986,0.320097
6/3/19 13:00,2723.149297,2723.464498,0.315201
6/3/19 14:00,2723.151031,2723.473474,0.322443
6/3/19 15:00,2723.152663,2723.472148,0.319485
6/3/19 16:00,2723.153173,2723.476534,0.323361
6/3/19 17:00,2723.157864,2723.489487,0.331623
6/3/19 18:00,2723.172857,2723.496728,0.323871
6/3/19 19:00,2723.181323,2723.503154,0.321831
6/3/19 20:00,2723.188258,2723.520186,0.331928
6/3/19 21:00,2723.197947,2723.516311,0.318364
6/3/19 22:00,2723.197437,2723.52039,0.322953
6/3/19 23:00,2723.203761,2723.535077,0.331316
6/4/19 0:00,2723.195703,2723.534567,0.338864
6/4/19 1:00,2723.203455,2723.52549,0.322035
6/4/19 2:00,2723.190706,2723.514067,0.323361
6/4/19 3:00,2723.193664,2723.515903,0.322239
6/4/19 4:00,2723.194887,2723.512945,0.318058
6/4/19 5:00,2723.187748,2723.501318,0.31357
6/4/19 6:00,2723.179895,2723.50193,0.322035
6/4/19 7:00,2723.181527,2723.502746,0.321219
6/4/19 8:00,2723.180813,2723.499278,0.318465
6/4/19 9:00,2723.174489,2723.499176,0.324687
6/4/19 10:00,2723.176733,2723.49326,0.316527
6/4/19 11:00,2723.170511,2723.49173,0.321219
6/4/19 12:00,2723.173979,2723.487243,0.313264
6/4/19 13:00,2723.170613,2723.493566,0.322953
6/4/19 14:00,2723.166228,2723.486325,0.320097
6/4/19 15:00,2723.173775,2723.4953,0.321525
6/4/19 16:00,2723.175917,2723.492444,0.316527
6/4/19 17:00,2723.180405,2723.496524,0.316119
6/4/19 18:00,2723.19295,2723.515699,0.322749
6/4/19 19:00,2723.213144,2723.538851,0.325707
6/4/19 20:00,2723.220386,2723.552416,0.33203
6/4/19 21:00,2723.232115,2723.573222,0.341107
6/4/19 22:00,2723.23905,2723.55466,0.31561
6/4/19 23:00,2723.239356,2723.567919,0.328563
6/5/19 0:00,2723.23905,2723.558331,0.319281
6/5/19 1:00,2723.241804,2723.567409,0.325605
6/5/19 2:00,2723.232931,2723.559963,0.327032
6/5/19 3:00,2723.233441,2723.55466,0.321219
6/5/19 4:00,2723.229667,2723.563431,0.333764
6/5/19 5:00,2723.229973,2723.5516,0.321627
6/5/19 6:00,2723.227321,2723.558025,0.330704
6/5/19 7:00,2723.219468,2723.550886,0.331418
6/5/19 8:00,2723.218856,2723.531813,0.312957
6/5/19 9:00,2723.216102,2723.538749,0.322647
6/5/19 10:00,2723.213348,2723.53008,0.316732
6/5/19 11:00,2723.208554,2723.529978,0.321424
6/5/19 12:00,2723.203863,2723.526306,0.322443
6/5/19 13:00,2723.198865,2723.521614,0.322749
6/5/19 14:00,2723.200395,2723.522736,0.322341
6/5/19 15:00,2723.204883,2723.523552,0.318669
6/5/19 16:00,2723.21294,2723.536403,0.323463
6/5/19 17:00,2723.228647,2723.551702,0.323055
6/5/19 18:00,2723.260367,2723.608206,0.347839
6/5/19 19:00,2723.282601,2723.606064,0.323463
6/5/19 20:00,2723.308405,2723.636151,0.327746
6/5/19 21:00,2723.32044,2723.633092,0.312652
6/5/19 22:00,2723.332781,2723.657162,0.324381
6/5/19 23:00,2723.342164,2723.657468,0.315304
6/6/19 0:00,2723.34145,2723.682252,0.340802
6/6/19 1:00,2723.352568,2723.663587,0.311019
6/6/19 2:00,2723.363277,2723.670115,0.306838
6/6/19 3:00,2723.361951,2723.677866,0.315915
6/6/19 4:00,2723.361441,2723.691329,0.329888
6/6/19 5:00,2723.363991,2723.678478,0.314487
6/6/19 6:00,2723.355831,2723.665423,0.309592
6/6/19 7:00,2723.356035,2723.680926,0.324891
6/6/19 8:00,2723.348794,2723.658182,0.309388
6/6/19 9:00,2723.346754,2723.663281,0.316527
6/6/19 10:00,2723.335637,2723.647167,0.31153
6/6/19 11:00,2723.332475,2723.633704,0.301229
6/6/19 12:00,2723.331149,2723.644821,0.313672
6/6/19 13:00,2723.323806,2723.620241,0.296435
6/6/19 14:00,2723.318808,2723.62687,0.308062
6/6/19 15:00,2723.319012,2723.645025,0.326013
6/6/19 16:00,2723.323398,2723.631868,0.30847
6/6/19 17:00,2723.335637,2723.65298,0.317343
6/6/19 18:00,2723.351344,2723.647575,0.296231
6/6/19 19:00,2723.36756,2723.671441,0.303881
6/6/19 20:00,2723.383063,2723.695205,0.312142
6/6/19 21:00,2723.403564,2723.70469,0.301126
6/6/19 22:00,2723.418556,2723.709382,0.290826
6/6/19 23:00,2723.427328,2723.730494,0.303166
6/7/19 0:00,2723.434365,2723.729066,0.294701
6/7/19 1:00,2723.442015,2723.745283,0.303268
6/7/19 2:00,2723.448644,2723.751097,0.302453
6/7/19 3:00,2723.45201,2723.755176,0.303166
6/7/19 4:00,2723.445788,2723.736206,0.290418
6/7/19 5:00,2723.441709,2723.725395,0.283686
6/7/19 6:00,2723.440587,2723.738552,0.297965
6/7/19 7:00,2723.438139,2723.73641,0.298271
6/7/19 8:00,2723.42998,2723.733044,0.303064
6/7/19 9:00,2723.42233,2723.719887,0.297557
6/7/19 10:00,2723.413151,2723.734166,0.321015
6/7/19 11:00,2723.408459,2723.71336,0.304901
6/7/19 12:00,2723.395812,2723.713666,0.317854
6/7/19 13:00,2723.389183,2723.710198,0.321015
6/7/19 14:00,2723.382043,2723.701325,0.319282
6/7/19 15:00,2723.379391,2723.689697,0.310306
6/7/19 16:00,2723.377964,2723.704894,0.32693
6/7/19 17:00,2723.383879,2723.695409,0.31153
6/7/19 18:00,2723.390509,2723.699489,0.30898
6/7/19 19:00,2723.401524,2723.70979,0.308266
6/7/19 20:00,2723.410295,2723.725599,0.315304
6/7/19 21:00,2723.416313,2723.71387,0.297557
6/7/19 22:00,2723.425594,2723.737022,0.311428
6/7/19 23:00,2723.433345,2723.73998,0.306635
6/8/19 0:00,2723.439873,2723.724069,0.284196
6/8/19 1:00,2723.448644,2723.728658,0.280014
6/8/19 2:00,2723.450582,2723.743957,0.293375
6/8/19 3:00,2723.454764,2723.755788,0.301024
6/8/19 4:00,2723.45558,2723.736206,0.280626
6/8/19 5:00,2723.454356,2723.755176,0.30082
6/8/19 6:00,2723.443647,2723.7308,0.287153
6/8/19 7:00,2723.441199,2723.748037,0.306838
6/8/19 8:00,2723.435385,2723.747119,0.311734
6/8/19 9:00,2723.431713,2723.712442,0.280729
6/8/19 10:00,2723.416823,2723.725089,0.308266
6/8/19 11:00,2723.415497,2723.724987,0.30949
6/8/19 12:00,2723.403768,2723.70418,0.300412
6/8/19 13:00,2723.39622,2723.708566,0.312346
6/8/19 14:00,2723.386429,2723.694695,0.308266
6/8/19 15:00,2723.388061,2723.70622,0.318159
6/8/19 16:00,2723.389489,2723.707852,0.318363
6/8/19 17:00,2723.392956,2723.70367,0.310714
6/8/19 18:00,2723.403564,2723.72927,0.325706
6/8/19 19:00,2723.421412,2723.724579,0.303167
6/8/19 20:00,2723.438241,2723.741917,0.303676
6/8/19 21:00,2723.452112,2723.757114,0.305002
6/8/19 22:00,2723.463943,2723.767721,0.303778
6/8/19 23:00,2723.484749,2723.780165,0.295416
6/9/19 0:00,2723.499232,2723.767619,0.268387
6/9/19 1:00,2723.504434,2723.796789,0.292355
6/9/19 2:00,2723.516571,2723.795871,0.2793
6/9/19 3:00,2723.518203,2723.793118,0.274915
6/9/19 4:00,2723.517795,2723.797605,0.27981
6/9/19 5:00,2723.510554,2723.7871,0.276546
6/9/19 6:00,2723.503414,2723.786284,0.28287
6/9/19 7:00,2723.494745,2723.782612,0.287867
6/9/19 8:00,2723.487911,2723.777513,0.289602
6/9/19 9:00,2723.475876,2723.766192,0.290316
6/9/19 10:00,2723.469553,2723.770475,0.300922
6/9/19 11:00,2723.45711,2723.735798,0.278688
6/9/19 12:00,2723.448746,2723.765376,0.31663
6/9/19 13:00,2723.439261,2723.748853,0.309592
6/9/19 14:00,2723.426512,2723.726007,0.299495
6/9/19 15:00,2723.41978,2723.743243,0.323463
6/9/19 16:00,2723.413967,2723.73182,0.317853
6/9/19 17:00,2723.413151,2723.719989,0.306838
6/9/19 18:00,2723.413355,2723.751811,0.338456
6/9/19 19:00,2723.415089,2723.725395,0.310306
6/9/19 20:00,2723.421004,2723.741407,0.320403
6/9/19 21:00,2723.433447,2723.73641,0.302963
6/9/19 22:00,2723.439771,2723.752525,0.312754
6/9/19 23:00,2723.444157,2723.760174,0.316017
6/10/19 0:00,2723.450888,2723.751097,0.300209
6/10/19 1:00,2723.45048,2723.754564,0.304084
6/10/19 2:00,2723.45252,2723.736308,0.283788
6/10/19 3:00,2723.451908,2723.752219,0.300311
6/10/19 4:00,2723.445278,2723.748037,0.302759
6/10/19 5:00,2723.442321,2723.757726,0.315405
6/10/19 6:00,2723.436099,2723.747527,0.311428
6/10/19 7:00,2723.431408,2723.747017,0.315609
6/10/19 8:00,2723.42488,2723.722641,0.297761
6/10/19 9:00,2723.41876,2723.745793,0.327033
6/10/19 10:00,2723.404584,2723.724885,0.320301
6/10/19 11:00,2723.400606,2723.720907,0.320301
6/10/19 12:00,2723.395506,2723.718663,0.323157
6/10/19 13:00,2723.382859,2723.716929,0.33407
6/10/19 14:00,2723.37572,2723.688779,0.313059
6/10/19 15:00,2723.370518,2723.687352,0.316834
6/10/19 16:00,2723.364399,2723.70265,0.338251
6/10/19 17:00,2723.370416,2723.695307,0.324891
6/10/19 18:00,2723.373578,2723.699591,0.326013
6/10/19 19:00,2723.379493,2723.700815,0.321322
6/10/19 20:00,2723.389591,2723.713972,0.324381
6/10/19 21:00,2723.398158,2723.722539,0.324381
6/10/19 22:00,2723.404482,2723.709484,0.305002
6/10/19 23:00,2723.411315,2723.73896,0.327645
6/11/19 0:00,2723.421718,2723.744059,0.322341
6/11/19 1:00,2723.421412,2723.726925,0.305513
6/11/19 2:00,2723.42743,2723.741407,0.313977
6/11/19 3:00,2723.428552,2723.732432,0.30388
6/11/19 4:00,2723.42692,2723.742325,0.315405
6/11/19 5:00,2723.419882,2723.736002,0.31612
6/11/19 6:00,2723.413661,2723.735492,0.321831
6/11/19 7:00,2723.409683,2723.722641,0.312958
6/11/19 8:00,2723.402544,2723.719377,0.316833
6/11/19 9:00,2723.39826,2723.721111,0.322851
6/11/19 10:00,2723.391019,2723.682558,0.291539
6/11/19 11:00,2723.384899,2723.703058,0.318159
6/11/19 12:00,2723.368682,2723.706934,0.338252
6/11/19 13:00,2723.364501,2723.692145,0.327644
6/11/19 14:00,2723.351956,2723.678172,0.326216
6/11/19 15:00,2723.347264,2723.67705,0.329786
6/11/19 16:00,2723.337269,2723.659304,0.322035
6/11/19 17:00,2723.341654,2723.667667,0.326013
6/11/19 18:00,2723.349406,2723.673379,0.323973
6/11/19 19:00,2723.353791,2723.688168,0.334377
6/11/19 20:00,2723.363889,2723.697551,0.333662
6/11/19 21:00,2723.373374,2723.693879,0.320505
6/11/19 22:00,2723.383165,2723.699795,0.31663
6/11/19 23:00,2723.391019,2723.710402,0.319383
6/12/19 0:00,2723.393262,2723.704078,0.310816
6/12/19 1:00,2723.39724,2723.732636,0.335396
6/12/19 2:00,2723.402646,2723.721417,0.318771
6/12/19 3:00,2723.403156,2723.730596,0.32744
6/12/19 4:00,2723.397036,2723.731412,0.334376
6/12/19 5:00,2723.398566,2723.728862,0.330296
6/12/19 6:00,2723.391223,2723.715093,0.32387
6/12/19 7:00,2723.389999,2723.71132,0.321321
6/12/19 8:00,2723.383267,2723.694491,0.311224
6/12/19 9:00,2723.376944,2723.694287,0.317343
6/12/19 10:00,2723.371844,2723.705812,0.333968
6/12/19 11:00,2723.363481,2723.684292,0.320811
6/12/19 12:00,2723.353383,2723.692145,0.338762
6/12/19 13:00,2723.34604,2723.680008,0.333968
6/12/19 14:00,2723.338595,2723.686434,0.347839
6/12/19 15:00,2723.332985,2723.662057,0.329072
6/12/19 16:00,2723.331149,2723.660222,0.329073
6/12/19 17:00,2723.336759,2723.662975,0.326216
6/12/19 18:00,2723.344204,2723.671033,0.326829
6/12/19 19:00,2723.361237,2723.685516,0.324279
6/12/19 20:00,2723.373476,2723.700305,0.326829
6/12/19 21:00,2723.387449,2723.723763,0.336314
6/12/19 22:00,2723.403666,2723.726415,0.322749
6/12/19 23:00,2723.414171,2723.728964,0.314793
6/13/19 0:00,2723.426002,2723.741509,0.315507
6/13/19 1:00,2723.439771,2723.7666,0.326829
6/13/19 2:00,2723.449562,2723.758338,0.308776
6/13/19 3:00,2723.457008,2723.771087,0.314079
6/13/19 4:00,2723.460373,2723.778941,0.318568
6/13/19 5:00,2723.463637,2723.753545,0.289908
6/13/19 6:00,2723.459353,2723.766192,0.306839
6/13/19 7:00,2723.459047,2723.778329,0.319282
6/13/19 8:00,2723.456498,2723.763438,0.30694
6/13/19 9:00,2723.445278,2723.7666,0.321322
6/13/19 10:00,2723.439771,2723.756094,0.316323
6/13/19 11:00,2723.430898,2723.757216,0.326318
6/13/19 12:00,2723.42386,2723.731718,0.307858
6/13/19 13:00,2723.410601,2723.731616,0.321015
6/13/19 14:00,2723.40489,2723.733962,0.329072
6/13/19 15:00,2723.398668,2723.71438,0.315712
6/13/19 16:00,2723.395098,2723.720193,0.325095
6/13/19 17:00,2723.392446,2723.705914,0.313468
6/13/19 18:00,2723.397342,2723.731922,0.33458
6/13/19 19:00,2723.404584,2723.736002,0.331418
6/13/19 20:00,2723.415599,2723.72978,0.314181
6/13/19 21:00,2723.429266,2723.754564,0.325298
6/13/19 22:00,2723.449256,2723.758338,0.309082
6/13/19 23:00,2723.466493,2723.768945,0.302452
6/14/19 0:00,2723.480058,2723.796687,0.316629
6/14/19 1:00,2723.499844,2723.798829,0.298985
6/14/19 2:00,2723.509942,2723.803215,0.293273
6/14/19 3:00,2723.524016,2723.799441,0.275425
6/14/19 4:00,2723.53034,2723.813006,0.282666
6/14/19 5:00,2723.534216,2723.825449,0.291233
6/14/19 6:00,2723.535338,2723.824837,0.289499
6/14/19 7:00,2723.53493,2723.808518,0.273588
6/14/19 8:00,2723.536052,2723.797605,0.261553
6/14/19 9:00,2723.526464,2723.812496,0.286032
6/14/19 10:00,2723.522079,2723.812598,0.290519
6/14/19 11:00,2723.515347,2723.805867,0.29052
6/14/19 12:00,2723.503108,2723.816066,0.312958
6/14/19 13:00,2723.494337,2723.797401,0.303064
6/14/19 14:00,2723.485973,2723.789854,0.303881
6/14/19 15:00,2723.470777,2723.796789,0.326012
6/14/19 16:00,2723.464147,2723.781286,0.317139
6/14/19 17:00,2723.461087,2723.771087,0.31
6/14/19 18:00,2723.45507,2723.770169,0.315099
6/14/19 19:00,2723.457824,2723.778125,0.320301
6/14/19 20:00,2723.468023,2723.775167,0.307144
6/14/19 21:00,2723.47761,2723.789956,0.312346
6/14/19 22:00,2723.49913,2723.808518,0.309388
6/14/19 23:00,2723.513817,2723.813312,0.299495
6/15/19 0:00,2723.53136,2723.831365,0.300005
6/15/19 1:00,2723.545333,2723.829121,0.283788
6/15/19 2:00,2723.553594,2723.825143,0.271549
6/15/19 3:00,2723.553492,2723.80709,0.253598
6/15/19 4:00,2723.554818,2723.828305,0.273487
6/15/19 5:00,2723.548291,2723.817188,0.268897
6/15/19 6:00,2723.540641,2723.822899,0.282258
6/15/19 7:00,2723.532482,2723.825857,0.293375
6/15/19 8:00,2723.523099,2723.803623,0.280524
6/15/19 9:00,2723.511165,2723.796381,0.285216
6/15/19 10:00,2723.508718,2723.799645,0.290927
6/15/19 11:00,2723.497397,2723.793424,0.296027
6/15/19 12:00,2723.484138,2723.796993,0.312855
6/15/19 13:00,2723.477508,2723.796789,0.319281
6/15/19 14:00,2723.463433,2723.775881,0.312448
6/15/19 15:00,2723.453438,2723.78608,0.332642
6/15/19 16:00,2723.443851,2723.775167,0.331316
6/15/19 17:00,2723.435691,2723.760582,0.324891
6/15/19 18:00,2723.430694,2723.767415,0.336721
6/15/19 19:00,2723.430286,2723.751403,0.321117
6/15/19 20:00,2723.429062,2723.752831,0.323769
6/15/19 21:00,2723.440791,2723.768741,0.32795
6/15/19 22:00,2723.451194,2723.786998,0.335804
6/15/19 23:00,2723.456702,2723.775371,0.318669
6/16/19 0:00,2723.470165,2723.78098,0.310815
6/16/19 1:00,2723.476284,2723.793424,0.31714
6/16/19 2:00,2723.479242,2723.794851,0.315609
6/16/19 3:00,2723.486075,2723.797299,0.311224
6/16/19 4:00,2723.477304,2723.793933,0.316629
6/16/19 5:00,2723.474958,2723.789854,0.314896
6/16/19 6:00,2723.472612,2723.786182,0.31357
6/16/19 7:00,2723.465575,2723.783836,0.318261
6/16/19 8:00,2723.460271,2723.775269,0.314998
6/16/19 9:00,2723.452622,2723.770271,0.317649
6/16/19 10:00,2723.447318,2723.763744,0.316426
6/16/19 11:00,2723.439363,2723.768231,0.328868
6/16/19 12:00,2723.432325,2723.754768,0.322443
6/16/19 13:00,2723.419168,2723.752831,0.333663
6/16/19 14:00,2723.407235,2723.743243,0.336008
6/16/19 15:00,2723.40081,2723.743243,0.342433
6/16/19 16:00,2723.39265,2723.720601,0.327951
6/16/19 17:00,2723.391631,2723.722335,0.330704
6/16/19 18:00,2723.388265,2723.70928,0.321015
6/16/19 19:00,2723.396526,2723.741713,0.345187
6/16/19 20:00,2723.402034,2723.736512,0.334478
6/16/19 21:00,2723.409479,2723.724375,0.314896
6/16/19 22:00,2723.424472,2723.747629,0.323157
6/16/19 23:00,2723.432019,2723.759868,0.327849
6/17/19 0:00,2723.444769,2723.768333,0.323564
6/17/19 1:00,2723.453744,2723.792608,0.338864
6/17/19 2:00,2723.461189,2723.764356,0.303167
6/17/19 3:00,2723.465167,2723.773331,0.308164
6/17/19 4:00,2723.465983,2723.779247,0.313264
6/17/19 5:00,2723.462923,2723.776697,0.313774
6/17/19 6:00,2723.460373,2723.773433,0.31306
6/17/19 7:00,2723.455784,2723.764356,0.308572
6/17/19 8:00,2723.454764,2723.787304,0.33254
6/17/19 9:00,2723.448236,2723.785366,0.33713
6/17/19 10:00,2723.437323,2723.768027,0.330704
6/17/19 11:00,2723.429368,2723.762112,0.332744
6/17/19 12:00,2723.42284,2723.749669,0.326829
6/17/19 13:00,2723.412233,2723.735594,0.323361
6/17/19 14:00,2723.407643,2723.737838,0.330195
6/17/19 15:00,2723.400198,2723.726721,0.326523
6/17/19 16:00,2723.392344,2723.725089,0.332745
6/17/19 17:00,2723.388877,2723.709484,0.320607
6/17/19 18:00,2723.384491,2723.714176,0.329685
6/17/19 19:00,2723.388061,2723.731412,0.343351
6/17/19 20:00,2723.392344,2723.735798,0.343454
6/17/19 21:00,2723.399688,2723.716317,0.316629
6/17/19 22:00,2723.408051,2723.73845,0.330399
6/17/19 23:00,2723.41876,2723.732024,0.313264
6/18/19 0:00,2723.415089,2723.743039,0.32795
6/18/19 1:00,2723.417945,2723.740082,0.322137
6/18/19 2:00,2723.415599,2723.733146,0.317547
6/18/19 3:00,2723.414477,2723.73896,0.324483
6/18/19 4:00,2723.415701,2723.733044,0.317343
6/18/19 5:00,2723.406725,2723.724069,0.317344
6/18/19 6:00,2723.405298,2723.735186,0.329888
6/18/19 7:00,2723.396424,2723.721009,0.324585
6/18/19 8:00,2723.39316,2723.728046,0.334886
6/18/19 9:00,2723.389183,2723.731004,0.341821
6/18/19 10:00,2723.383369,2723.717949,0.33458
6/18/19 11:00,2723.374292,2723.719071,0.344779
6/18/19 12:00,2723.367866,2723.707648,0.339782
6/18/19 13:00,2723.366132,2723.695307,0.329175
6/18/19 14:00,2723.357769,2723.679498,0.321729
6/18/19 15:00,2723.358177,2723.68521,0.327033
6/18/19 16:00,2723.35267,2723.682966,0.330296
6/18/19 17:00,2723.352466,2723.680008,0.327542
6/18/19 18:00,2723.353179,2723.694287,0.341108
6/18/19 19:00,2723.361543,2723.696225,0.334682
6/18/19 20:00,2723.362257,2723.711014,0.348757
6/18/19 21:00,2723.363787,2723.706424,0.342637
6/18/19 22:00,2723.36807,2723.696123,0.328053
6/18/19 23:00,2723.37011,2723.702854,0.332744
6/19/19 0:00,2723.373986,2723.713156,0.33917
6/19/19 1:00,2723.37215,2723.688983,0.316833
6/19/19 2:00,2723.376128,2723.716215,0.340087
6/19/19 3:00,2723.376944,2723.70622,0.329276
6/19/19 4:00,2723.382859,2723.700101,0.317242
6/19/19 5:00,2723.377148,2723.707138,0.32999
6/19/19 6:00,2723.374394,2723.706322,0.331928
6/19/19 7:00,2723.371232,2723.701121,0.329889
6/19/19 8:00,2723.368478,2723.695613,0.327135
6/19/19 9:00,2723.363991,2723.681436,0.317445
6/19/19 10:00,2723.354403,2723.68266,0.328257
6/19/19 11:00,2723.348692,2723.676744,0.328052
6/19/19 12:00,2723.34196,2723.66012,0.31816
6/19/19 13:00,2723.327885,2723.663383,0.335498
6/19/19 14:00,2723.324418,2723.670829,0.346411
6/19/19 15:00,2723.326457,2723.670421,0.343964
6/19/19 16:00,2723.320338,2723.667055,0.346717
6/19/19 17:00,2723.31381,2723.666137,0.352327
6/19/19 18:00,2723.320848,2723.664709,0.343861
6/19/19 19:00,2723.335025,2723.661548,0.326523
6/19/19 20:00,2723.342776,2723.691737,0.348961
6/19/19 21:00,2723.357973,2723.684292,0.326319
6/19/19 22:00,2723.36603,2723.707954,0.341924
6/19/19 23:00,2723.384185,2723.710096,0.325911
6/20/19 0:00,2723.39265,2723.717847,0.325197
6/20/19 1:00,2723.400198,2723.719071,0.318873
6/20/19 2:00,2723.408153,2723.748547,0.340394
6/20/19 3:00,2723.415803,2723.749159,0.333356
6/20/19 4:00,2723.411621,2723.748445,0.336824
6/20/19 5:00,2723.412845,2723.745079,0.332234
6/20/19 6:00,2723.411621,2723.727027,0.315406
6/20/19 7:00,2723.402646,2723.728862,0.326216
6/20/19 8:00,2723.399586,2723.721315,0.321729
6/20/19 9:00,2723.39571,2723.704792,0.309082
6/20/19 10:00,2723.385103,2723.722743,0.33764
6/20/19 11:00,2723.380003,2723.697041,0.317038
6/20/19 12:00,2723.365419,2723.70775,0.342331
6/20/19 13:00,2723.358687,2723.694695,0.336008
6/20/19 14:00,2723.349508,2723.689901,0.340393
6/20/19 15:00,2723.348896,2723.697245,0.348349
6/20/19 16:00,2723.341654,2723.681742,0.340088
6/20/19 17:00,2723.339614,2723.676234,0.33662
6/20/19 18:00,2723.348692,2723.675724,0.327032
6/20/19 19:00,2723.355015,2723.683884,0.328869
6/20/19 20:00,2723.36603,2723.694287,0.328257
6/20/19 21:00,2723.376842,2723.706628,0.329786
6/20/19 22:00,2723.386939,2723.726823,0.339884
6/20/19 23:00,2723.402238,2723.7359,0.333662
6/21/19 0:00,2723.413559,2723.746303,0.332744
6/21/19 1:00,2723.422636,2723.732534,0.309898
6/21/19 2:00,2723.425798,2723.757828,0.33203
6/21/19 3:00,2723.434875,2723.759358,0.324483
6/21/19 4:00,2723.429062,2723.741917,0.312855
6/21/19 5:00,2723.422942,2723.767823,0.344881
6/21/19 6:00,2723.424268,2723.737838,0.31357
6/21/19 7:00,2723.420902,2723.740286,0.319384
6/21/19 8:00,2723.409275,2723.740694,0.331419
6/21/19 9:00,2723.400606,2723.722539,0.321933
6/21/19 10:00,2723.396424,2723.722641,0.326217
6/21/19 11:00,2723.383981,2723.71387,0.329889
6/21/19 12:00,2723.372354,2723.715501,0.343147
6/21/19 13:00,2723.366948,2723.714991,0.348043
6/21/19 14:00,2723.357565,2723.689085,0.33152
6/21/19 15:00,2723.347162,2723.68113,0.333968
6/21/19 16:00,2723.341348,2723.674705,0.333357
6/21/19 17:00,2723.332475,2723.681334,0.348859
6/21/19 18:00,2723.335127,2723.679294,0.344167
6/21/19 19:00,2723.332067,2723.674093,0.342026
6/21/19 20:00,2723.339105,2723.67603,0.336925
6/21/19 21:00,2723.3491,2723.686536,0.337436
6/21/19 22:00,2723.355219,2723.700611,0.345392
6/21/19 23:00,2723.366234,2723.692349,0.326115
6/22/19 0:00,2723.375924,2723.710606,0.334682
6/22/19 1:00,2723.382553,2723.726721,0.344168
6/22/19 2:00,2723.384695,2723.719785,0.33509
6/22/19 3:00,2723.391121,2723.715909,0.324788
6/22/19 4:00,2723.394486,2723.725497,0.331011
6/22/19 5:00,2723.389795,2723.711524,0.321729
6/22/19 6:00,2723.386021,2723.717541,0.33152
6/22/19 7:00,2723.377964,2723.70571,0.327746
6/22/19 8:00,2723.379085,2723.716113,0.337028
6/22/19 9:00,2723.373884,2723.706016,0.332132
6/22/19 10:00,2723.367866,2723.70979,0.341924
6/22/19 11:00,2723.357157,2723.697449,0.340292
6/22/19 12:00,2723.348692,2723.688881,0.340189
6/22/19 13:00,2723.341144,2723.689187,0.348043
6/22/19 14:00,2723.335637,2723.689391,0.353754
6/22/19 15:00,2723.335841,2723.675826,0.339985
6/22/19 16:00,2723.332679,2723.660018,0.327339
6/22/19 17:00,2723.323398,2723.660936,0.337538
6/22/19 18:00,2723.329721,2723.672461,0.34274
6/22/19 19:00,2723.330945,2723.665831,0.334886
6/22/19 20:00,2723.331455,2723.686842,0.355387
6/22/19 21:00,2723.329823,2723.668585,0.338762
6/22/19 22:00,2723.322786,2723.672359,0.349573
6/22/19 23:00,2723.312587,2723.65655,0.343963
6/23/19 0:00,2723.302081,2723.635132,0.333051
6/23/19 1:00,2723.29433,2723.629318,0.334988
6/23/19 2:00,2723.281683,2723.623402,0.341719
6/23/19 3:00,2723.274441,2723.620853,0.346412
6/23/19 4:00,2723.26108,2723.616773,0.355693
6/23/19 5:00,2723.255369,2723.600046,0.344677
6/23/19 6:00,2723.250575,2723.587297,0.336722
6/23/19 7:00,2723.238438,2723.59617,0.357732
6/23/19 8:00,2723.236092,2723.592805,0.356713
6/23/19 9:00,2723.231503,2723.579138,0.347635
6/23/19 10:00,2723.230381,2723.580566,0.350185
6/23/19 11:00,2723.223547,2723.559555,0.336008
6/23/19 12:00,2723.213654,2723.573936,0.360282
6/23/19 13:00,2723.212022,2723.557107,0.345085
6/23/19 14:00,2723.205495,2723.561289,0.355794
6/23/19 15:00,2723.209982,2723.552212,0.34223
6/23/19 16:00,2723.199681,2723.546092,0.346411
6/23/19 17:00,2723.197131,2723.540585,0.343454
6/23/19 18:00,2723.189992,2723.541095,0.351103
6/23/19 19:00,2723.183974,2723.532527,0.348553
6/23/19 20:00,2723.184586,2723.536199,0.351613
6/23/19 21:00,2723.175917,2723.520492,0.344575
6/23/19 22:00,2723.173571,2723.516107,0.342536
6/23/19 23:00,2723.169695,2723.518758,0.349063
6/24/19 0:00,2723.169593,2723.512843,0.34325
6/24/19 1:00,2723.16786,2723.517942,0.350082
6/24/19 2:00,2723.160822,2723.501114,0.340292
6/24/19 3:00,2723.15919,2723.498972,0.339782
6/24/19 4:00,2723.150419,2723.495096,0.344677
6/24/19 5:00,2723.149399,2723.481633,0.332234
6/24/19 6:00,2723.139812,2723.484591,0.344779
6/24/19 7:00,2723.142463,2723.486937,0.344474
6/24/19 8:00,2723.137466,2723.483673,0.346207
6/24/19 9:00,2723.135528,2723.481021,0.345493
6/24/19 10:00,2723.13359,2723.481225,0.347635
6/24/19 11:00,2723.13512,2723.4748,0.33968
6/24/19 12:00,2723.129408,2723.477757,0.348349
6/24/19 13:00,2723.126145,2723.472454,0.346309
6/24/19 14:00,2723.118291,2723.469802,0.351511
6/24/19 15:00,2723.117781,2723.460011,0.34223
6/24/19 16:00,2723.107276,2723.452463,0.345187
6/24/19 17:00,2723.10952,2723.456849,0.347329
6/24/19 18:00,2723.113294,2723.454911,0.341617
6/24/19 19:00,2723.118393,2723.460317,0.341924
6/24/19 20:00,2723.116557,2723.460929,0.344372
6/24/19 21:00,2723.128695,2723.470414,0.341719
6/24/19 22:00,2723.135936,2723.477859,0.341923
6/24/19 23:00,2723.138894,2723.481939,0.343045
6/25/19 0:00,2723.138486,2723.488671,0.350185
6/25/19 1:00,2723.1392,2723.485815,0.346615
6/25/19 2:00,2723.139098,2723.49173,0.352632
6/25/19 3:00,2723.137058,2723.491628,0.35457
6/25/19 4:00,2723.138792,2723.47633,0.337538
6/25/19 5:00,2723.131856,2723.472556,0.3407
6/25/19 6:00,2723.129306,2723.470414,0.341108
6/25/19 7:00,2723.127879,2723.468068,0.340189
6/25/19 8:00,2723.127063,2723.464906,0.337843
6/25/19 9:00,2723.125839,2723.47021,0.344371
6/25/19 10:00,2723.122575,2723.466742,0.344167
6/25/19 11:00,2723.120637,2723.466538,0.345901
6/25/19 12:00,2723.118903,2723.458583,0.33968
6/25/19 13:00,2723.113804,2723.462255,0.348451
6/25/19 14:00,2723.108704,2723.450934,0.34223
6/25/19 15:00,2723.109928,2723.450322,0.340394
6/25/19 16:00,2723.105848,2723.455319,0.349471
6/25/19 17:00,2723.107378,2723.44767,0.340292
6/25/19 18:00,2723.108602,2723.45073,0.342128
6/25/19 19:00,2723.110846,2723.459195,0.348349
6/25/19 20:00,2723.119821,2723.463989,0.344168
6/25/19 21:00,2723.135324,2723.479491,0.344167
6/25/19 22:00,2723.147461,2723.487753,0.340292
6/25/19 23:00,2723.163066,2723.512639,0.349573
6/26/19 0:00,2723.170103,2723.524572,0.354469
6/26/19 1:00,2723.174693,2723.519268,0.344575
6/26/19 2:00,2723.178263,2723.530487,0.352224
6/26/19 3:00,2723.176733,2723.522634,0.345901
6/26/19 4:00,2723.176835,2723.528346,0.351511
6/26/19 5:00,2723.170715,2723.519064,0.348349
6/26/19 6:00,2723.172449,2723.520186,0.347737
6/26/19 7:00,2723.16684,2723.515801,0.348961
6/26/19 8:00,2723.162964,2723.507845,0.344881
6/26/19 9:00,2723.15817,2723.509579,0.351409
6/26/19 10:00,2723.156946,2723.500604,0.343658
6/26/19 11:00,2723.155314,2723.496932,0.341618
6/26/19 12:00,2723.144299,2723.497238,0.352939
6/26/19 13:00,2723.146033,2723.494076,0.348043
6/26/19 14:00,2723.141546,2723.486019,0.344473
6/26/19 15:00,2723.13665,2723.47633,0.33968
6/26/19 16:00,2723.133488,2723.485509,0.352021
6/26/19 17:00,2723.136752,2723.486529,0.349777
6/26/19 18:00,2723.146033,2723.486529,0.340496
6/26/19 19:00,2723.1597,2723.507233,0.347533
6/26/19 20:00,2723.184076,2723.529264,0.345188
6/26/19 21:00,2723.206311,2723.555884,0.349573
6/26/19 22:00,2723.223649,2723.570978,0.347329
6/26/19 23:00,2723.241498,2723.595457,0.353959
6/27/19 0:00,2723.254349,2723.598618,0.344269
6/27/19 1:00,2723.260876,2723.596782,0.335906
6/27/19 2:00,2723.26108,2723.608716,0.347636
6/27/19 3:00,2723.257919,2723.609837,0.351918
6/27/19 4:00,2723.255267,2723.598312,0.343045
6/27/19 5:00,2723.247413,2723.597598,0.350185
6/27/19 6:00,2723.24517,2723.606472,0.361302
6/27/19 7:00,2723.243538,2723.591479,0.347941
6/27/19 8:00,2723.237418,2723.594947,0.357529
6/27/19 9:00,2723.225893,2723.585563,0.35967
6/27/19 10:00,2723.224363,2723.585767,0.361404
6/27/19 11:00,2723.21855,2723.579648,0.361098
6/27/19 12:00,2723.211512,2723.565165,0.353653
6/27/19 13:00,2723.210288,2723.559759,0.349471
6/27/19 14:00,2723.199273,2723.550478,0.351205
6/27/19 15:00,2723.198151,2723.546092,0.347941
6/27/19 16:00,2723.189788,2723.550784,0.360996
6/27/19 17:00,2723.192644,2723.541095,0.348451
6/27/19 18:00,2723.209472,2723.558331,0.348859
6/27/19 19:00,2723.222527,2723.570672,0.348145
6/27/19 20:00,2723.247923,2723.600964,0.353041
6/27/19 21:00,2723.271076,2723.629624,0.358548
6/27/19 22:00,2723.293106,2723.642271,0.349165
6/27/19 23:00,2723.305957,2723.650532,0.344575
6/28/19 0:00,2723.31687,2723.666647,0.349777
6/28/19 1:00,2723.331557,2723.667667,0.33611
6/28/19 2:00,2723.335331,2723.673787,0.338456
6/28/19 3:00,2723.338697,2723.676132,0.337435
6/28/19 4:00,2723.339716,2723.673481,0.333765
6/28/19 5:00,2723.333291,2723.658998,0.325707
6/28/19 6:00,2723.32452,2723.669095,0.344575
6/28/19 7:00,2723.31687,2723.673991,0.357121
6/28/19 8:00,2723.310241,2723.655836,0.345595
6/28/19 9:00,2723.302081,2723.648493,0.346412
6/28/19 10:00,2723.29739,2723.644311,0.346921
6/28/19 11:00,2723.287496,2723.637273,0.349777
6/28/19 12:00,2723.282601,2723.629318,0.346717
6/28/19 13:00,2723.26924,2723.623708,0.354468
6/28/19 14:00,2723.261386,2723.604024,0.342638
6/28/19 15:00,2723.253329,2723.594233,0.340904
6/28/19 16:00,2723.249555,2723.603106,0.353551
6/28/19 17:00,2723.251289,2723.603922,0.352633
6/28/19 18:00,2723.263222,2723.616875,0.353653
6/28/19 19:00,2723.282091,2723.642373,0.360282
6/28/19 20:00,2723.304325,2723.658284,0.353959
6/28/19 21:00,2723.326457,2723.665321,0.338864
6/28/19 22:00,2723.344816,2723.672563,0.327747
6/28/19 23:00,2723.361441,2723.691737,0.330296
6/29/19 0:00,2723.377148,2723.722233,0.345085
6/29/19 1:00,2723.388061,2723.724783,0.336722
6/29/19 2:00,2723.397852,2723.738654,0.340802
6/29/19 3:00,2723.403462,2723.741713,0.338251
6/29/19 4:00,2723.405196,2723.73743,0.332234
6/29/19 5:00,2723.403768,2723.752015,0.348247
6/29/19 6:00,2723.40183,2723.739062,0.337232
6/29/19 7:00,2723.393772,2723.720397,0.326625
6/29/19 8:00,2723.389591,2723.732942,0.343351
6/29/19 9:00,2723.376638,2723.709178,0.33254
6/29/19 10:00,2723.368274,2723.70877,0.340496
6/29/19 11:00,2723.357871,2723.683884,0.326013
6/29/19 12:00,2723.343388,2723.682762,0.339374
6/29/19 13:00,2723.334107,2723.679498,0.345391
6/29/19 14:00,2723.323704,2723.670625,0.346921
6/29/19 15:00,2723.319216,2723.673175,0.353959
6/29/19 16:00,2723.306467,2723.640843,0.334376
6/29/19 17:00,2723.296268,2723.639925,0.343657
6/29/19 18:00,2723.308099,2723.641455,0.333356
6/29/19 19:00,2723.329517,2723.666341,0.336824
6/29/19 20:00,2723.348182,2723.695103,0.346921
6/29/19 21:00,2723.368172,2723.701528,0.333356
6/29/19 22:00,2723.384695,2723.707138,0.322443
6/29/19 23:00,2723.397342,2723.725497,0.328155
6/30/19 0:00,2723.406521,2723.721825,0.315304
6/30/19 1:00,2723.417741,2723.728454,0.310713
6/30/19 2:00,2723.423656,2723.735084,0.311428
6/30/19 3:00,2723.420494,2723.750587,0.330093
6/30/19 4:00,2723.419984,2723.739572,0.319588
6/30/19 5:00,2723.413967,2723.72774,0.313773
6/30/19 6:00,2723.40438,2723.710096,0.305716
6/30/19 7:00,2723.397036,2723.728454,0.331418
6/30/19 8:00,2723.384389,2723.71387,0.329481
6/30/19 9:00,2723.375312,2723.687556,0.312244
6/30/19 10:00,2723.365419,2723.693369,0.32795
6/30/19 11:00,2723.355015,2723.694083,0.339068
6/30/19 12:00,2723.346448,2723.693267,0.346819
6/30/19 13:00,2723.336657,2723.663485,0.326828
6/30/19 14:00,2723.324418,2723.663383,0.338965
6/30/19 15:00,2723.317074,2723.646963,0.329889
6/30/19 16:00,2723.31381,2723.642271,0.328461
6/30/19 17:00,2723.317584,2723.651756,0.334172
6/30/19 18:00,2723.324622,2723.67552,0.350898
6/30/19 19:00,2723.340328,2723.662975,0.322647
6/30/19 20:00,2723.358177,2723.693981,0.335804
6/30/19 21:00,2723.37623,2723.716929,0.340699
6/30/19 22:00,2723.394078,2723.728046,0.333968
6/30/19 23:00,2723.408663,2723.739878,0.331215
7/1/19 0:00,2723.426614,2723.736614,0.31
7/1/19 1:00,2723.44538,2723.746915,0.301535
7/1/19 2:00,2723.457518,2723.778227,0.320709
7/1/19 3:00,2723.459251,2723.758542,0.299291
7/1/19 4:00,2723.462923,2723.768231,0.305308
7/1/19 5:00,2723.463433,2723.773331,0.309898
7/1/19 6:00,2723.45762,2723.761092,0.303472
7/1/19 7:00,2723.455274,2723.772209,0.316935
7/1/19 8:00,2723.44538,2723.771291,0.325911
7/1/19 9:00,2723.439261,2723.75487,0.315609
7/1/19 10:00,2723.427124,2723.761296,0.334172
7/1/19 11:00,2723.418149,2723.737124,0.318975
7/1/19 12:00,2723.408255,2723.745079,0.336824
7/1/19 13:00,2723.393058,2723.706934,0.313876
7/1/19 14:00,2723.381737,2723.7103,0.328563
7/1/19 15:00,2723.368784,2723.697551,0.328767
7/1/19 16:00,2723.357361,2723.70724,0.349879
7/1/19 17:00,2723.353281,2723.694389,0.341108
7/1/19 18:00,2723.357259,2723.68623,0.328971
7/1/19 19:00,2723.36858,2723.697449,0.328869
7/1/19 20:00,2723.379799,2723.721009,0.34121
7/1/19 21:00,2723.395302,2723.718561,0.323259
7/1/19 22:00,2723.409989,2723.746609,0.33662
7/1/19 23:00,2723.423758,2723.757012,0.333254
7/2/19 0:00,2723.439363,2723.770883,0.33152
7/2/19 1:00,2723.456804,2723.759664,0.30286
7/2/19 2:00,2723.461699,2723.751097,0.289398
7/2/19 3:00,2723.467003,2723.757624,0.290621
7/2/19 4:00,2723.464453,2723.757726,0.293273
7/2/19 5:00,2723.453948,2723.759766,0.305818
7/2/19 6:00,2723.444055,2723.76099,0.316935
7/2/19 7:00,2723.434671,2723.750587,0.315916
7/2/19 8:00,2723.422228,2723.745385,0.323157
7/2/19 9:00,2723.412335,2723.73437,0.322035
7/2/19 10:00,2723.401218,2723.723763,0.322545
7/2/19 11:00,2723.387551,2723.692757,0.305206
7/2/19 12:00,2723.373578,2723.700611,0.327033
7/2/19 13:00,2723.355321,2723.684394,0.329073
7/2/19 14:00,2723.347876,2723.674297,0.326421
7/2/19 15:00,2723.337167,2723.67756,0.340393
7/2/19 16:00,2723.324622,2723.667157,0.342535
7/2/19 17:00,2723.321562,2723.660222,0.33866
7/2/19 18:00,2723.323908,2723.660018,0.33611
7/2/19 19:00,2723.328701,2723.677662,0.348961
7/2/19 20:00,2723.343184,2723.671441,0.328257
7/2/19 21:00,2723.357259,2723.68419,0.326931
7/2/19 22:00,2723.372252,2723.693981,0.321729
7/2/19 23:00,2723.388061,2723.719071,0.33101
7/3/19 0:00,2723.400198,2723.715195,0.314997
7/3/19 1:00,2723.403156,2723.734166,0.33101
7/3/19 2:00,2723.407235,2723.722131,0.314896
7/3/19 3:00,2723.403972,2723.728046,0.324074
7/3/19 4:00,2723.403054,2723.701834,0.29878
7/3/19 5:00,2723.397036,2723.702242,0.305206
7/3/19 6:00,2723.388163,2723.708566,0.320403
7/3/19 7:00,2723.379901,2723.699285,0.319384
7/3/19 8:00,2723.365827,2723.674399,0.308572
7/3/19 9:00,2723.362053,2723.690207,0.328154
7/3/19 10:00,2723.349916,2723.689595,0.339679
7/3/19 11:00,2723.33992,2723.664505,0.324585
7/3/19 12:00,2723.327477,2723.657774,0.330297
7/3/19 13:00,2723.318502,2723.642883,0.324381
7/3/19 14:00,2723.306875,2723.641149,0.334274
7/3/19 15:00,2723.298308,2723.62636,0.328052
7/3/19 16:00,2723.29076,2723.632276,0.341516
7/3/19 17:00,2723.290964,2723.647371,0.356407
7/3/19 18:00,2723.296982,2723.644209,0.347227
7/3/19 19:00,2723.311873,2723.664403,0.35253
7/3/19 20:00,2723.324418,2723.671135,0.346717
7/3/19 21:00,2723.338187,2723.698061,0.359874
7/3/19 22:00,2723.356953,2723.731514,0.374561
7/3/19 23:00,2723.371844,2723.742121,0.370277
7/4/19 0:00,2723.380921,2723.740999,0.360078
7/4/19 1:00,2723.386939,2723.740591,0.353652
7/4/19 2:00,2723.386633,2723.741407,0.354774
7/4/19 3:00,2723.387449,2723.759256,0.371807
7/4/19 4:00,2723.379697,2723.749771,0.370074
7/4/19 5:00,2723.37164,2723.723661,0.352021
7/4/19 6:00,2723.361339,2723.709892,0.348553
7/4/19 7:00,2723.353893,2723.718561,0.364668
7/4/19 8:00,2723.344714,2723.721927,0.377213
7/4/19 9:00,2723.333699,2723.70571,0.372011
7/4/19 10:00,2723.321154,2723.691227,0.370073
7/4/19 11:00,2723.313097,2723.672563,0.359466
7/4/19 12:00,2723.302081,2723.657162,0.355081
7/4/19 13:00,2723.293004,2723.65502,0.362016
7/4/19 14:00,2723.279949,2723.648798,0.368849
7/4/19 15:00,2723.274237,2723.636355,0.362118
7/4/19 16:00,2723.264956,2723.62891,0.363954
7/4/19 17:00,2723.261794,2723.647677,0.385883
7/4/19 18:00,2723.265466,2723.648288,0.382822
7/4/19 19:00,2723.275767,2723.650124,0.374357
7/4/19 20:00,2723.289638,2723.676846,0.387208
7/4/19 21:00,2723.304325,2723.6796,0.375275
7/4/19 22:00,2723.314116,2723.701834,0.387718
7/4/19 23:00,2723.328395,2723.716827,0.388432
7/5/19 0:00,2723.337983,2723.712748,0.374765
7/5/19 1:00,2723.338697,2723.718561,0.379864
7/5/19 2:00,2723.340226,2723.702854,0.362628
7/5/19 3:00,2723.337065,2723.699081,0.362016
7/5/19 4:00,2723.329721,2723.684598,0.354877
7/5/19 5:00,2723.323296,2723.673277,0.349981
7/5/19 6:00,2723.312893,2723.674602,0.361709
7/5/19 7:00,2723.309221,2723.658692,0.349471
7/5/19 8:00,2723.300755,2723.661139,0.360384
7/5/19 9:00,2723.291066,2723.660936,0.36987
7/5/19 10:00,2723.281581,2723.636763,0.355182
7/5/19 11:00,2723.275665,2723.635029,0.359364
7/5/19 12:00,2723.26465,2723.618507,0.353857
7/5/19 13:00,2723.255369,2723.623096,0.367727
7/5/19 14:00,2723.244966,2723.599842,0.354876
7/5/19 15:00,2723.240172,2723.604636,0.364464
7/5/19 16:00,2723.232523,2723.60178,0.369257
7/5/19 17:00,2723.235582,2723.6079,0.372318
7/5/19 18:00,2723.240274,2723.634622,0.394348
7/5/19 19:00,2723.253839,2723.653796,0.399957
7/5/19 20:00,2723.26771,2723.653898,0.386188
7/5/19 21:00,2723.281887,2723.667259,0.385372
7/5/19 22:00,2723.298716,2723.690207,0.391491
7/5/19 23:00,2723.311771,2723.685822,0.374051
7/6/19 0:00,2723.317074,2723.67552,0.358446
7/6/19 1:00,2723.31738,2723.696429,0.379049
7/6/19 2:00,2723.315952,2723.696225,0.380273
7/6/19 3:00,2723.308813,2723.679906,0.371093
7/6/19 4:00,2723.305855,2723.668177,0.362322
7/6/19 5:00,2723.295044,2723.660936,0.365892
7/6/19 6:00,2723.282703,2723.650838,0.368135
7/6/19 7:00,2723.280153,2723.637375,0.357222
7/6/19 8:00,2723.272198,2723.648492,0.376294
7/6/19 9:00,2723.263018,2723.639313,0.376295
7/6/19 10:00,2723.256083,2723.628298,0.372215
7/6/19 11:00,2723.249453,2723.611367,0.361914
7/6/19 12:00,2723.24007,2723.596272,0.356202
7/6/19 13:00,2723.235684,2723.592907,0.357223
7/6/19 14:00,2723.224261,2723.583829,0.359568
7/6/19 15:00,2723.215592,2723.57159,0.355998
7/6/19 16:00,2723.206821,2723.573222,0.366401
7/6/19 17:00,2723.205597,2723.579852,0.374255
7/6/19 18:00,2723.207331,2723.586583,0.379252
7/6/19 19:00,2723.218346,2723.600964,0.382618
7/6/19 20:00,2723.226913,2723.626768,0.399855
7/6/19 21:00,2723.23905,2723.639211,0.400161
7/6/19 22:00,2723.251901,2723.63452,0.382619
7/6/19 23:00,2723.2672,2723.637783,0.370583
7/7/19 0:00,2723.270362,2723.647473,0.377111
7/7/19 1:00,2723.269954,2723.6335,0.363546
7/7/19 2:00,2723.266792,2723.63299,0.366198
7/7/19 3:00,2723.263732,2723.636865,0.373133
7/7/19 4:00,2723.257103,2723.616977,0.359874
7/7/19 5:00,2723.248331,2723.619323,0.370992
7/7/19 6:00,2723.243844,2723.614427,0.370583
7/7/19 7:00,2723.238948,2723.599026,0.360078
7/7/19 8:00,2723.237112,2723.600148,0.363036
7/7/19 9:00,2723.225281,2723.603922,0.378641
7/7/19 10:00,2723.222731,2723.582911,0.36018
7/7/19 11:00,2723.21651,2723.590051,0.373541
7/7/19 12:00,2723.214164,2723.572202,0.358038
7/7/19 13:00,2723.207025,2723.565063,0.358038
7/7/19 14:00,2723.195703,2723.556495,0.360792
7/7/19 15:00,2723.18887,2723.556495,0.367625
7/7/19 16:00,2723.182546,2723.554864,0.372318
7/7/19 17:00,2723.185096,2723.554354,0.369258
7/7/19 18:00,2723.190298,2723.563431,0.373133
7/7/19 19:00,2723.197641,2723.57873,0.381089
7/7/19 20:00,2723.200701,2723.568531,0.36783
7/7/19 21:00,2723.210594,2723.580464,0.36987
7/7/19 22:00,2723.216408,2723.584645,0.368237
7/7/19 23:00,2723.216306,2723.587807,0.371501
7/8/19 0:00,2723.221201,2723.585767,0.364566
7/8/19 1:00,2723.22008,2723.587093,0.367013
7/8/19 2:00,2723.219774,2723.587195,0.367421
7/8/19 3:00,2723.212736,2723.568633,0.355897
7/8/19 4:00,2723.211002,2723.573018,0.362016
7/8/19 5:00,2723.208452,2723.572202,0.36375
7/8/19 6:00,2723.200803,2723.560167,0.359364
7/8/19 7:00,2723.195907,2723.562003,0.366096
7/8/19 8:00,2723.195907,2723.563533,0.367626
7/8/19 9:00,2723.191114,2723.559759,0.368645
7/8/19 10:00,2723.18632,2723.565369,0.379049
7/8/19 11:00,2723.18785,2723.567001,0.379151
7/8/19 12:00,2723.189686,2723.559249,0.369563
7/8/19 13:00,2723.186422,2723.548438,0.362016
7/8/19 14:00,2723.179283,2723.545276,0.365993
7/8/19 15:00,2723.178161,2723.532731,0.35457
7/8/19 16:00,2723.171327,2723.540789,0.369462
7/8/19 17:00,2723.170409,2723.539871,0.369462
7/8/19 18:00,2723.175407,2723.550172,0.374765
7/8/19 19:00,2723.187544,2723.577506,0.389962
7/8/19 20:00,2723.202741,2723.590459,0.387718
7/8/19 21:00,2723.215388,2723.60688,0.391492
7/8/19 22:00,2723.231503,2723.609327,0.377824
7/8/19 23:00,2723.23803,2723.605554,0.367524
7/9/19 0:00,2723.241702,2723.617487,0.375785
7/9/19 1:00,2723.238642,2723.617487,0.378845
7/9/19 2:00,2723.236704,2723.596068,0.359364
7/9/19 3:00,2723.235072,2723.605962,0.37089
7/9/19 4:00,2723.230891,2723.593417,0.362526
7/9/19 5:00,2723.220182,2723.581994,0.361812
7/9/19 6:00,2723.21141,2723.580668,0.369258
7/9/19 7:00,2723.205597,2723.574956,0.369359
7/9/19 8:00,2723.201211,2723.563431,0.36222
7/9/19 9:00,2723.19346,2723.566083,0.372623
7/9/19 10:00,2723.189278,2723.557515,0.368237
7/9/19 11:00,2723.179487,2723.549866,0.370379
7/9/19 12:00,2723.172449,2723.538545,0.366096
7/9/19 13:00,2723.165514,2723.524674,0.35916
7/9/19 14:00,2723.15664,2723.511925,0.355285
7/9/19 15:00,2723.149195,2723.513965,0.36477
7/9/19 16:00,2723.145013,2723.513863,0.36885
7/9/19 17:00,2723.142361,2723.522022,0.379661
7/9/19 18:00,2723.146747,2723.523144,0.376397
7/9/19 19:00,2723.155213,2723.540585,0.385372
7/9/19 20:00,2723.16837,2723.557005,0.388635
7/9/19 21:00,2723.179895,2723.559453,0.379558
7/9/19 22:00,2723.194174,2723.581994,0.38782
7/9/19 23:00,2723.197131,2723.585359,0.388228
7/10/19 0:00,2723.199273,2723.569244,0.369971
7/10/19 1:00,2723.203761,2723.571284,0.367523
7/10/19 2:00,2723.197437,2723.556597,0.35916
7/10/19 3:00,2723.192746,2723.557515,0.364769
7/10/19 4:00,2723.18224,2723.545684,0.363444
7/10/19 5:00,2723.177447,2723.546092,0.368645
7/10/19 6:00,2723.172959,2723.538545,0.365586
7/10/19 7:00,2723.168064,2723.534771,0.366707
7/10/19 8:00,2723.160312,2723.523654,0.363342
7/10/19 9:00,2723.158068,2723.530283,0.372215
7/10/19 10:00,2723.153479,2723.518248,0.364769
7/10/19 11:00,2723.146849,2723.506315,0.359466
7/10/19 12:00,2723.139404,2723.5004,0.360996
7/10/19 13:00,2723.137772,2723.49122,0.353448
7/10/19 14:00,2723.125227,2723.490302,0.365075
7/10/19 15:00,2723.121759,2723.483061,0.361302
7/10/19 16:00,2723.117373,2723.481633,0.36426
7/10/19 17:00,2723.118699,2723.49071,0.372011
7/10/19 18:00,2723.123901,2723.496728,0.372827
7/10/19 19:00,2723.13308,2723.510089,0.377009
7/10/19 20:00,2723.152459,2723.540075,0.387616
7/10/19 21:00,2723.169695,2723.549254,0.379559
7/10/19 22:00,2723.188564,2723.562717,0.374153
7/10/19 23:00,2723.191012,2723.567103,0.376091
7/11/19 0:00,2723.198865,2723.565879,0.367014
7/11/19 1:00,2723.197539,2723.565471,0.367932
7/11/19 2:00,2723.198151,2723.567817,0.369666
7/11/19 3:00,2723.191114,2723.550478,0.359364
7/11/19 4:00,2723.18836,2723.554456,0.366096
7/11/19 5:00,2723.181527,2723.544052,0.362525
7/11/19 6:00,2723.174387,2723.529875,0.355488
7/11/19 7:00,2723.169899,2723.540483,0.370584
7/11/19 8:00,2723.165412,2723.533343,0.367931
7/11/19 9:00,2723.156028,2723.514373,0.358345
7/11/19 10:00,2723.150725,2723.512639,0.361914
7/11/19 11:00,2723.142667,2723.502134,0.359467
7/11/19 12:00,2723.135834,2723.494586,0.358752
7/11/19 13:00,2723.125023,2723.489996,0.364973
7/11/19 14:00,2723.121759,2723.476738,0.354979
7/11/19 15:00,2723.114212,2723.477451,0.363239
7/11/19 16:00,2723.114926,2723.480103,0.365177
7/11/19 17:00,2723.113804,2723.488977,0.375173
7/11/19 18:00,2723.124309,2723.507947,0.383638
7/11/19 19:00,2723.13818,2723.526816,0.388636
7/11/19 20:00,2723.155824,2723.546398,0.390574
7/11/19 21:00,2723.170919,2723.549356,0.378437
7/11/19 22:00,2723.184076,2723.561187,0.377111
7/11/19 23:00,2723.191522,2723.560779,0.369257
7/12/19 0:00,2723.193868,2723.557719,0.363851
7/12/19 1:00,2723.195193,2723.559453,0.36426
7/12/19 2:00,2723.193868,2723.560881,0.367013
7/12/19 3:00,2723.185912,2723.549968,0.364056
7/12/19 4:00,2723.175917,2723.540891,0.364974
7/12/19 5:00,2723.173979,2723.539463,0.365484
7/12/19 6:00,2723.165616,2723.530385,0.364769
7/12/19 7:00,2723.160618,2723.517534,0.356916
7/12/19 8:00,2723.154499,2723.516616,0.362117
7/12/19 9:00,2723.150419,2723.507335,0.356916
7/12/19 10:00,2723.144197,2723.507947,0.36375
7/12/19 11:00,2723.135222,2723.487345,0.352123
7/12/19 12:00,2723.129204,2723.488977,0.359773
7/12/19 13:00,2723.118393,2723.479695,0.361302
7/12/19 14:00,2723.120331,2723.475922,0.355591
7/12/19 15:00,2723.114314,2723.468272,0.353958
7/12/19 16:00,2723.11258,2723.480409,0.367829
7/12/19 17:00,2723.11156,2723.478573,0.367013
7/12/19 18:00,2723.114926,2723.488671,0.373745
7/12/19 19:00,2723.125431,2723.508049,0.382618
7/12/19 20:00,2723.13818,2723.514373,0.376193
7/12/19 21:00,2723.152357,2723.539973,0.387616
7/12/19 22:00,2723.160516,2723.537729,0.377213
7/12/19 23:00,2723.170613,2723.548744,0.378131
7/13/19 0:00,2723.178467,2723.54956,0.371093
7/13/19 1:00,2723.181119,2723.563023,0.381904
7/13/19 2:00,2723.181527,2723.539361,0.357834
7/13/19 3:00,2723.177447,2723.537525,0.360078
7/13/19 4:00,2723.169083,2723.545276,0.376193
7/13/19 5:00,2723.165412,2723.530589,0.365177
7/13/19 6:00,2723.15613,2723.519268,0.363138
7/13/19 7:00,2723.150929,2723.509273,0.358344
7/13/19 8:00,2723.145217,2723.509987,0.36477
7/13/19 9:00,2723.140628,2723.495198,0.35457
7/13/19 10:00,2723.137262,2723.4953,0.358038
7/13/19 11:00,2723.127981,2723.486325,0.358344
7/13/19 12:00,2723.123697,2723.475718,0.352021
7/13/19 13:00,2723.116047,2723.46766,0.351613
7/13/19 14:00,2723.10799,2723.459501,0.351511
7/13/19 15:00,2723.102788,2723.46511,0.362322
7/13/19 16:00,2723.101769,2723.464294,0.362525
7/13/19 17:00,2723.102483,2723.476839,0.374356
7/13/19 18:00,2723.113294,2723.489691,0.376397
7/13/19 19:00,2723.126451,2723.508763,0.382312
7/13/19 20:00,2723.143075,2723.525082,0.382007
7/13/19 21:00,2723.154601,2723.533445,0.378844
7/13/19 22:00,2723.167554,2723.534567,0.367013
7/13/19 23:00,2723.173775,2723.537117,0.363342
7/14/19 0:00,2723.171123,2723.535995,0.364872
7/14/19 1:00,2723.169185,2723.530181,0.360996
7/14/19 2:00,2723.164392,2723.52855,0.364158
7/14/19 3:00,2723.163576,2723.52906,0.365484
7/14/19 4:00,2723.158374,2723.512537,0.354163
7/14/19 5:00,2723.154193,2723.513251,0.359058
7/14/19 6:00,2723.144299,2723.507743,0.363444
7/14/19 7:00,2723.141546,2723.502236,0.36069
7/14/19 8:00,2723.135426,2723.49683,0.361404
7/14/19 9:00,2723.131754,2723.4902,0.358446
7/14/19 10:00,2723.125839,2723.486325,0.360486
7/14/19 11:00,2723.122881,2723.475718,0.352837
7/14/19 12:00,2723.113396,2723.471638,0.358242
7/14/19 13:00,2723.110336,2723.460521,0.350185
7/14/19 14:00,2723.104828,2723.456849,0.352021
7/14/19 15:00,2723.100749,2723.453279,0.35253
7/14/19 16:00,2723.093507,2723.450525,0.357018
7/14/19 17:00,2723.096261,2723.456645,0.360384
7/14/19 18:00,2723.100647,2723.472454,0.371807
7/14/19 19:00,2723.112784,2723.493668,0.380884
7/14/19 20:00,2723.128185,2723.512639,0.384454
7/14/19 21:00,2723.147869,2723.529569,0.3817
7/14/19 22:00,2723.16684,2723.55058,0.38374
7/14/19 23:00,2723.180507,2723.54905,0.368543
7/15/19 0:00,2723.184688,2723.544358,0.35967
7/15/19 1:00,2723.185402,2723.546602,0.3612
7/15/19 2:00,2723.182342,2723.563023,0.380681
7/15/19 3:00,2723.180201,2723.533241,0.35304
7/15/19 4:00,2723.169185,2723.524164,0.354979
7/15/19 5:00,2723.164188,2723.531201,0.367013
7/15/19 6:00,2723.157864,2723.524062,0.366198
7/15/19 7:00,2723.151745,2723.515699,0.363954
7/15/19 8:00,2723.146237,2723.509783,0.363546
7/15/19 9:00,2723.140118,2723.495198,0.35508
7/15/19 10:00,2723.129918,2723.489487,0.359569
7/15/19 11:00,2723.123085,2723.477349,0.354264
7/15/19 12:00,2723.118087,2723.463071,0.344984
7/15/19 13:00,2723.109826,2723.464906,0.35508
7/15/19 14:00,2723.102483,2723.455115,0.352632
7/15/19 15:00,2723.097281,2723.443794,0.346513
7/15/19 16:00,2723.094323,2723.449098,0.354775
7/15/19 17:00,2723.097791,2723.46766,0.369869
7/15/19 18:00,2723.10493,2723.480511,0.375581
7/15/19 19:00,2723.116047,2723.496626,0.380579
7/15/19 20:00,2723.13104,2723.515801,0.384761
7/15/19 21:00,2723.150113,2723.532221,0.382108
7/15/19 22:00,2723.166636,2723.538647,0.372011
7/15/19 23:00,2723.180303,2723.55568,0.375377
7/16/19 0:00,2723.187952,2723.556597,0.368645
7/16/19 1:00,2723.188666,2723.554354,0.365688
7/16/19 2:00,2723.186524,2723.55313,0.366606
7/16/19 3:00,2723.178365,2723.544256,0.365891
7/16/19 4:00,2723.174693,2723.530181,0.355488
7/16/19 5:00,2723.167758,2723.519268,0.35151
7/16/19 6:00,2723.154499,2723.517738,0.363239
7/16/19 7:00,2723.148583,2723.508967,0.360384
7/16/19 8:00,2723.142361,2723.497952,0.355591
7/16/19 9:00,2723.130632,2723.492648,0.362016
7/16/19 10:00,2723.126553,2723.482041,0.355488
7/16/19 11:00,2723.121351,2723.469904,0.348553
7/16/19 12:00,2723.112784,2723.460419,0.347635
7/16/19 13:00,2723.106256,2723.454197,0.347941
7/16/19 14:00,2723.092283,2723.440428,0.348145
7/16/19 15:00,2723.087592,2723.444916,0.357324
7/16/19 16:00,2723.085144,2723.449404,0.36426
7/16/19 17:00,2723.086878,2723.457461,0.370583
7/16/19 18:00,2723.097281,2723.479185,0.381904
7/16/19 19:00,2723.119311,2723.490914,0.371603
7/16/19 20:00,2723.128287,2723.513965,0.385678
7/16/19 21:00,2723.145319,2723.538647,0.393328
7/16/19 22:00,2723.165004,2723.548846,0.383842
7/16/19 23:00,2723.185912,2723.550376,0.364464
7/17/19 0:00,2723.184586,2723.561085,0.376499
7/17/19 1:00,2723.190094,2723.547826,0.357732
7/17/19 2:00,2723.179283,2723.54956,0.370277
7/17/19 3:00,2723.177549,2723.547112,0.369563
7/17/19 4:00,2723.169083,2723.530079,0.360996
7/17/19 5:00,2723.163882,2723.514781,0.350899
7/17/19 6:00,2723.151133,2723.503052,0.351919
7/17/19 7:00,2723.145727,2723.507845,0.362118
7/17/19 8:00,2723.139812,2723.489487,0.349675
7/17/19 9:00,2723.135018,2723.486733,0.351715
7/17/19 10:00,2723.123085,2723.484897,0.361812
7/17/19 11:00,2723.119107,2723.469394,0.350287
7/17/19 12:00,2723.112784,2723.46664,0.353856
7/17/19 13:00,2723.10391,2723.457359,0.353449
7/17/19 14:00,2723.095853,2723.451545,0.355692
7/17/19 15:00,2723.089427,2723.439612,0.350185
7/17/19 16:00,2723.088612,2723.452973,0.364361
7/17/19 17:00,2723.090753,2723.46664,0.375887
7/17/19 18:00,2723.103808,2723.493974,0.390166
7/17/19 19:00,2723.122575,2723.510395,0.38782
7/17/19 20:00,2723.141852,2723.520084,0.378232
7/17/19 21:00,2723.156436,2723.534159,0.377723
7/17/19 22:00,2723.170919,2723.546296,0.375377
7/17/19 23:00,2723.179385,2723.543134,0.363749
7/18/19 0:00,2723.178773,2723.533547,0.354774
7/18/19 1:00,2723.176223,2723.536607,0.360384
7/18/19 2:00,2723.168573,2723.521206,0.352633
7/18/19 3:00,2723.1648,2723.524572,0.359772
7/18/19 4:00,2723.151949,2723.506519,0.35457
7/18/19 5:00,2723.144605,2723.489691,0.345086
7/18/19 6:00,2723.131754,2723.482347,0.350593
7/18/19 7:00,2723.125023,2723.484081,0.359058
7/18/19 8:00,2723.118087,2723.47378,0.355693
7/18/19 9:00,2723.10697,2723.460623,0.353653
7/18/19 10:00,2723.099933,2723.447568,0.347635
7/18/19 11:00,2723.090345,2723.440836,0.350491
7/18/19 12:00,2723.081472,2723.425741,0.344269
7/18/19 13:00,2723.072089,2723.419928,0.347839
7/18/19 14:00,2723.063521,2723.418398,0.354877
7/18/19 15:00,2723.05424,2723.397388,0.343148
7/18/19 16:00,2723.045265,2723.39494,0.349675
7/18/19 17:00,2723.043429,2723.400753,0.357324
7/18/19 18:00,2723.047407,2723.413502,0.366095
7/18/19 19:00,2723.053016,2723.4185,0.365484
7/18/19 20:00,2723.062502,2723.431759,0.369257
7/18/19 21:00,2723.071069,2723.441448,0.370379
7/18/19 22:00,2723.083512,2723.449608,0.366096
7/18/19 23:00,2723.089427,2723.451851,0.362424
7/19/19 0:00,2723.092691,2723.455523,0.362832
7/19/19 1:00,2723.094629,2723.448996,0.354367
7/19/19 2:00,2723.090345,2723.44818,0.357835
7/19/19 3:00,2723.088204,2723.429413,0.341209
7/19/19 4:00,2723.081166,2723.436961,0.355795
7/19/19 5:00,2723.074945,2723.420846,0.345901
7/19/19 6:00,2723.067397,2723.416358,0.348961
7/19/19 7:00,2723.064235,2723.41238,0.348145
7/19/19 8:00,2723.055974,2723.410341,0.354367
7/19/19 9:00,2723.049243,2723.401773,0.35253
7/19/19 10:00,2723.046183,2723.394838,0.348655
7/19/19 11:00,2723.041797,2723.38882,0.347023
7/19/19 12:00,2723.034556,2723.382191,0.347635
7/19/19 13:00,2723.027518,2723.371482,0.343964
7/19/19 14:00,2723.022521,2723.367096,0.344575
7/19/19 15:00,2723.014667,2723.363118,0.348451
7/19/19 16:00,2723.00865,2723.355979,0.347329
7/19/19 17:00,2723.00814,2723.362302,0.354162
7/19/19 18:00,2723.011403,2723.371889,0.360486
7/19/19 19:00,2723.017421,2723.383109,0.365688
7/19/19 20:00,2723.029864,2723.399937,0.370073
7/19/19 21:00,2723.042817,2723.41136,0.368543
7/19/19 22:00,2723.058422,2723.415338,0.356916
7/19/19 23:00,2723.068621,2723.423396,0.354775
7/20/19 0:00,2723.074537,2723.434615,0.360078
7/20/19 1:00,2723.079432,2723.435329,0.355897
7/20/19 2:00,2723.078208,2723.421458,0.34325
7/20/19 3:00,2723.071273,2723.423906,0.352633
7/20/19 4:00,2723.064541,2723.416358,0.351817
7/20/19 5:00,2723.060054,2723.405547,0.345493
7/20/19 6:00,2723.0522,2723.398101,0.345901
7/20/19 7:00,2723.047305,2723.397184,0.349879
7/20/19 8:00,2723.042715,2723.393308,0.350593
7/20/19 9:00,2723.036901,2723.383925,0.347024
7/20/19 10:00,2723.02915,2723.374949,0.345799
7/20/19 11:00,2723.025376,2723.366484,0.341108
7/20/19 12:00,2723.016605,2723.36271,0.346105
7/20/19 13:00,2723.011811,2723.359038,0.347227
7/20/19 14:00,2723.007732,2723.361282,0.35355
7/20/19 15:00,2723.010485,2723.358019,0.347534
7/20/19 16:00,2723.004366,2723.356897,0.352531
7/20/19 17:00,2722.99947,2723.356999,0.357529
7/20/19 18:00,2723.007834,2723.36577,0.357936
7/20/19 19:00,2723.011913,2723.369544,0.357631
7/20/19 20:00,2723.020787,2723.381273,0.360486
7/20/19 21:00,2723.031292,2723.394838,0.363546
7/20/19 22:00,2723.040573,2723.397897,0.357324
7/20/19 23:00,2723.049855,2723.399427,0.349572
7/21/19 0:00,2723.050772,2723.401059,0.350287
7/21/19 1:00,2723.051996,2723.404629,0.352633
7/21/19 2:00,2723.047203,2723.398917,0.351714
7/21/19 3:00,2723.047611,2723.399733,0.352122
7/21/19 4:00,2723.041083,2723.389126,0.348043
7/21/19 5:00,2723.037003,2723.380049,0.343046
7/21/19 6:00,2723.028844,2723.375561,0.346717
7/21/19 7:00,2723.025376,2723.371176,0.3458
7/21/19 8:00,2723.018339,2723.366382,0.348043
7/21/19 9:00,2723.013137,2723.36271,0.349573
7/21/19 10:00,2723.009262,2723.358426,0.349164
7/21/19 11:00,2723.005692,2723.353939,0.348247
7/21/19 12:00,2722.999164,2723.345983,0.346819
7/21/19 13:00,2722.993351,2723.341088,0.347737
7/21/19 14:00,2722.987945,2723.329971,0.342026
7/21/19 15:00,2722.97795,2723.321709,0.343759
7/21/19 16:00,2722.97387,2723.311204,0.337334
7/21/19 17:00,2722.969281,2723.315182,0.345901
7/21/19 18:00,2722.971116,2723.320383,0.349267
7/21/19 19:00,2722.97795,2723.333744,0.355794
7/21/19 20:00,2722.986007,2723.351695,0.365688
7/21/19 21:00,2722.998858,2723.360466,0.361608
7/21/19 22:00,2723.011505,2723.373113,0.361608
7/21/19 23:00,2723.023846,2723.384944,0.361098
7/22/19 0:00,2723.029252,2723.384129,0.354877
7/22/19 1:00,2723.034046,2723.386372,0.352326
7/22/19 2:00,2723.030578,2723.378213,0.347635
7/22/19 3:00,2723.026294,2723.373215,0.346921
7/22/19 4:00,2723.020073,2723.370666,0.350593
7/22/19 5:00,2723.017319,2723.364036,0.346717
7/22/19 6:00,2723.009976,2723.36067,0.350694
7/22/19 7:00,2723.007018,2723.347003,0.339985
7/22/19 8:00,2723.001918,2723.349043,0.347125
7/22/19 9:00,2722.996717,2723.340578,0.343861
7/22/19 10:00,2722.990597,2723.337824,0.347227
7/22/19 11:00,2722.985191,2723.327421,0.34223
7/22/19 12:00,2722.98203,2723.325075,0.343045
7/22/19 13:00,2722.975298,2723.315284,0.339986
7/22/19 14:00,2722.969485,2723.316406,0.346921
7/22/19 15:00,2722.967343,2723.303759,0.336416
7/22/19 16:00,2722.959693,2723.311102,0.351409
7/22/19 17:00,2722.966119,2723.318854,0.352735
7/22/19 18:00,2722.973768,2723.327625,0.353857
7/22/19 19:00,2722.984171,2723.34221,0.358039
7/22/19 20:00,2722.989577,2723.349349,0.359772
7/22/19 21:00,2722.998246,2723.354449,0.356203
7/22/19 22:00,2723.003856,2723.364546,0.36069
7/22/19 23:00,2723.010995,2723.363628,0.352633
7/23/19 0:00,2723.012117,2723.360262,0.348145
7/23/19 1:00,2723.011811,2723.357713,0.345902
7/23/19 2:00,2723.012321,2723.357611,0.34529
7/23/19 3:00,2723.009772,2723.352817,0.343045
7/23/19 4:00,2723.003142,2723.353633,0.350491
7/23/19 5:00,2722.99947,2723.344148,0.344678
7/23/19 6:00,2722.992433,2723.339558,0.347125
7/23/19 7:00,2722.988455,2723.339864,0.351409
7/23/19 8:00,2722.986313,2723.326605,0.340292
7/23/19 9:00,2722.982744,2723.322219,0.339475
7/23/19 10:00,2722.977542,2723.318854,0.341312
7/23/19 11:00,2722.971626,2723.309572,0.337946
7/23/19 12:00,2722.963263,2723.303249,0.339986
7/23/19 13:00,2722.958571,2723.295497,0.336926
7/23/19 14:00,2722.956328,2723.29152,0.335192
7/23/19 15:00,2722.949698,2723.288562,0.338864
7/23/19 16:00,2722.945618,2723.292234,0.346616
7/23/19 17:00,2722.945312,2723.281524,0.336212
7/23/19 18:00,2722.943783,2723.286114,0.342331
7/23/19 19:00,2722.949902,2723.294477,0.344575
7/23/19 20:00,2722.957348,2723.308348,0.351
7/23/19 21:00,2722.968159,2723.327727,0.359568
7/23/19 22:00,2722.983152,2723.338844,0.355692
7/23/19 23:00,2722.993453,2723.353123,0.35967
7/24/19 0:00,2723.000388,2723.351491,0.351103
7/24/19 1:00,2723.00304,2723.354755,0.351715
7/24/19 2:00,2723.005182,2723.354857,0.349675
7/24/19 3:00,2723.002224,2723.346901,0.344677
7/24/19 4:00,2722.997736,2723.337926,0.34019
7/24/19 5:00,2722.994065,2723.334458,0.340393
7/24/19 6:00,2722.986823,2723.327421,0.340598
7/24/19 7:00,2722.984273,2723.329869,0.345596
7/24/19 8:00,2722.979888,2723.325177,0.345289
7/24/19 9:00,2722.975298,2723.320791,0.345493
7/24/19 10:00,2722.970301,2723.316406,0.346105
7/24/19 11:00,2722.965201,2723.303453,0.338252
7/24/19 12:00,2722.960305,2723.299577,0.339272
7/24/19 13:00,2722.955308,2723.296619,0.341311
7/24/19 14:00,2722.950106,2723.288154,0.338048
7/24/19 15:00,2722.94521,2723.285196,0.339986
7/24/19 16:00,2722.940825,2723.279281,0.338456
7/24/19 17:00,2722.939499,2723.291418,0.351919
7/24/19 18:00,2722.943069,2723.28897,0.345901
7/24/19 19:00,2722.946842,2723.300189,0.353347
7/24/19 20:00,2722.957552,2723.314162,0.35661
7/24/19 21:00,2722.965507,2723.327115,0.361608
7/24/19 22:00,2722.976216,2723.342006,0.36579
7/24/19 23:00,2722.995391,2723.364852,0.369461
7/25/19 0:00,2723.009262,2723.390554,0.381292
7/25/19 1:00,2723.03578,2723.401365,0.365585
7/25/19 2:00,2723.048529,2723.403609,0.35508
7/25/19 3:00,2723.05016,2723.39086,0.3407
7/25/19 4:00,2723.038941,2723.378723,0.339782
7/25/19 5:00,2723.027008,2723.366994,0.339986
7/25/19 6:00,2723.017319,2723.360976,0.343657
7/25/19 7:00,2723.006508,2723.352001,0.345493
7/25/19 8:00,2722.998144,2723.340884,0.34274
7/25/19 9:00,2722.990087,2723.325891,0.335804
7/25/19 10:00,2722.980296,2723.319261,0.338965
7/25/19 11:00,2722.974686,2723.319261,0.344575
7/25/19 12:00,2722.97132,2723.307022,0.335702
7/25/19 13:00,2722.962447,2723.298455,0.336008
7/25/19 14:00,2722.956226,2723.289276,0.33305
7/25/19 15:00,2722.947964,2723.282034,0.33407
7/25/19 16:00,2722.942253,2723.278567,0.336314
7/25/19 17:00,2722.937561,2723.30845,0.370889
7/25/19 18:00,2722.965303,2723.31202,0.346717
7/25/19 19:00,2722.968057,2723.322525,0.354468
7/25/19 20:00,2722.970199,2723.318242,0.348043
7/25/19 21:00,2722.975808,2723.328849,0.353041
7/25/19 22:00,2722.980602,2723.337416,0.356814
7/25/19 23:00,2722.986823,2723.343434,0.356611
7/26/19 0:00,2722.992535,2723.343026,0.350491
7/26/19 1:00,2722.997532,2723.346085,0.348553
7/26/19 2:00,2722.999062,2723.349247,0.350185
7/26/19 3:00,2722.997532,2723.345983,0.348451
7/26/19 4:00,2722.995697,2723.341292,0.345595
7/26/19 5:00,2722.991617,2723.334152,0.342535
7/26/19 6:00,2722.988047,2723.3417,0.353653
7/26/19 7:00,2722.984885,2723.33405,0.349165
7/26/19 8:00,2722.978766,2723.324871,0.346105
7/26/19 9:00,2722.977236,2723.321097,0.343861
7/26/19 10:00,2722.966833,2723.314876,0.348043
7/26/19 11:00,2722.967139,2723.320893,0.353754
7/26/19 12:00,2722.969485,2723.311102,0.341617
7/26/19 13:00,2722.965711,2723.311102,0.345391
7/26/19 14:00,2722.962855,2723.300189,0.337334
7/26/19 15:00,2722.953472,2723.309368,0.355896
7/26/19 16:00,2722.960509,2723.318854,0.358345
7/26/19 17:00,2722.967139,2723.317018,0.349879
7/26/19 18:00,2722.968057,2723.316508,0.348451
7/26/19 19:00,2722.968873,2723.325075,0.356202
7/26/19 20:00,2722.978562,2723.336804,0.358242
7/26/19 21:00,2722.987333,2723.351593,0.36426
7/26/19 22:00,2722.997634,2723.360058,0.362424
7/26/19 23:00,2723.005998,2723.362302,0.356304
7/27/19 0:00,2723.008956,2723.36118,0.352224
7/27/19 1:00,2723.00967,2723.361894,0.352224
7/27/19 2:00,2723.010078,2723.359956,0.349878
7/27/19 3:00,2723.006304,2723.349553,0.343249
7/27/19 4:00,2723.004162,2723.353225,0.349063
7/27/19 5:00,2722.99845,2723.343332,0.344882
7/27/19 6:00,2722.990291,2723.335274,0.344983
7/27/19 7:00,2722.989067,2723.337314,0.348247
7/27/19 8:00,2722.986823,2723.335376,0.348553
7/27/19 9:00,2722.982132,2723.323851,0.341719
7/27/19 10:00,2722.975604,2723.326095,0.350491
7/27/19 11:00,2722.978358,2723.322015,0.343657
7/27/19 12:00,2722.972442,2723.311918,0.339476
7/27/19 13:00,2722.971014,2723.309368,0.338354
7/27/19 14:00,2722.967241,2723.304167,0.336926
7/27/19 15:00,2722.963773,2723.302433,0.33866
7/27/19 16:00,2722.957756,2723.302127,0.344371
7/27/19 17:00,2722.956124,2723.311204,0.35508
7/27/19 18:00,2722.964895,2723.311714,0.346819
7/27/19 19:00,2722.965099,2723.319873,0.354774
7/27/19 20:00,2722.971524,2723.325993,0.354469
7/27/19 21:00,2722.978766,2723.33711,0.358344
7/27/19 22:00,2722.986925,2723.34323,0.356305
7/27/19 23:00,2722.993759,2723.347921,0.354162
7/28/19 0:00,2723.001,2723.351491,0.350491
7/28/19 1:00,2723.004774,2723.350879,0.346105
7/28/19 2:00,2723.004162,2723.352613,0.348451
7/28/19 3:00,2723.00253,2723.347309,0.344779
7/28/19 4:00,2722.998858,2723.348227,0.349369
7/28/19 5:00,2722.993759,2723.342006,0.348247
7/28/19 6:00,2722.991923,2723.336804,0.344881
7/28/19 7:00,2722.988047,2723.343638,0.355591
7/28/19 8:00,2722.984273,2723.332724,0.348451
7/28/19 9:00,2722.981112,2723.332112,0.351
7/28/19 10:00,2722.980398,2723.328645,0.348247
7/28/19 11:00,2722.97642,2723.324259,0.347839
7/28/19 12:00,2722.970301,2723.314672,0.344371
7/28/19 13:00,2722.966221,2723.30641,0.340189
7/28/19 14:00,2722.962651,2723.296721,0.33407
7/28/19 15:00,2722.956532,2723.289582,0.33305
7/28/19 16:00,2722.951126,2723.281218,0.330092
7/28/19 17:00,2722.949902,2723.294783,0.344881
7/28/19 18:00,2722.949188,2723.287746,0.338558
7/28/19 19:00,2722.951942,2723.295395,0.343453
7/28/19 20:00,2722.959591,2723.306206,0.346615
7/28/19 21:00,2722.964997,2723.320893,0.355896
7/28/19 22:00,2722.97846,2723.333744,0.355284
7/28/19 23:00,2722.987639,2723.347513,0.359874
7/29/19 0:00,2722.996717,2723.347819,0.351102
7/29/19 1:00,2723.000286,2723.347615,0.347329
7/29/19 2:00,2722.998348,2723.348125,0.349777
7/29/19 3:00,2722.994575,2723.3366,0.342025
7/29/19 4:00,2722.990087,2723.331909,0.341822
7/29/19 5:00,2722.985599,2723.325687,0.340088
7/29/19 6:00,2722.981826,2723.320485,0.338659
7/29/19 7:00,2722.975196,2723.314366,0.33917
7/29/19 8:00,2722.970811,2723.312938,0.342127
7/29/19 9:00,2722.963263,2723.306206,0.342943
7/29/19 10:00,2722.961835,2723.297333,0.335498
7/29/19 11:00,2722.955104,2723.289786,0.334682
7/29/19 12:00,2722.951636,2723.290296,0.33866
7/29/19 13:00,2722.942661,2723.281626,0.338965
7/29/19 14:00,2722.939193,2723.279892,0.340699
7/29/19 15:00,2722.931645,2723.269999,0.338354
7/29/19 16:00,2722.927566,2723.262452,0.334886
7/29/19 17:00,2722.924302,2723.263268,0.338966
7/29/19 18:00,2722.925628,2723.273875,0.348247
7/29/19 19:00,2722.927158,2723.273467,0.346309
7/29/19 20:00,2722.931747,2723.287644,0.355897
7/29/19 21:00,2722.945006,2723.300291,0.355285
7/29/19 22:00,2722.958265,2723.314876,0.356611
7/29/19 23:00,2722.971422,2723.324259,0.352837
7/30/19 0:00,2722.978358,2723.335886,0.357528
7/30/19 1:00,2722.981928,2723.333744,0.351816
7/30/19 2:00,2722.985089,2723.325993,0.340904
7/30/19 3:00,2722.980908,2723.315896,0.334988
7/30/19 4:00,2722.976216,2723.31355,0.337334
7/30/19 5:00,2722.970607,2723.310592,0.339985
7/30/19 6:00,2722.965507,2723.307634,0.342127
7/30/19 7:00,2722.960509,2723.297129,0.33662
7/30/19 8:00,2722.955002,2723.290908,0.335906
7/30/19 9:00,2722.950514,2723.292947,0.342433
7/30/19 10:00,2722.944395,2723.28744,0.343045
7/30/19 11:00,2722.940417,2723.279892,0.339475
7/30/19 12:00,2722.938683,2723.272039,0.333356
7/30/19 13:00,2722.933073,2723.265818,0.332745
7/30/19 14:00,2722.925118,2723.26031,0.335192
7/30/19 15:00,2722.920732,2723.250111,0.329379
7/30/19 16:00,2722.915531,2723.256128,0.340597
7/30/19 17:00,2722.913491,2723.257352,0.343861
7/30/19 18:00,2722.916449,2723.267959,0.35151
7/30/19 19:00,2722.927362,2723.284992,0.35763
7/30/19 20:00,2722.943171,2723.30641,0.363239
7/30/19 21:00,2722.958367,2723.343842,0.385475
7/30/19 22:00,2722.988251,2723.377397,0.389146
7/30/19 23:00,2723.019257,2723.393818,0.374561
7/31/19 0:00,2723.043225,2723.410545,0.36732
7/31/19 1:00,2723.048427,2723.404731,0.356304
7/31/19 2:00,2723.046387,2723.389738,0.343351
7/31/19 3:00,2723.041899,2723.382191,0.340292
7/31/19 4:00,2723.031292,2723.371176,0.339884
7/31/19 5:00,2723.017217,2723.361792,0.344575
7/31/19 6:00,2723.009058,2723.352103,0.343045
7/31/19 7:00,2723.001,2723.342516,0.341516
7/31/19 8:00,2722.991617,2723.330583,0.338966
7/31/19 9:00,2722.984375,2723.326605,0.34223
7/31/19 10:00,2722.976726,2723.314978,0.338252
7/31/19 11:00,2722.964385,2723.307226,0.342841
7/31/19 12:00,2722.962447,2723.299067,0.33662
7/31/19 13:00,2722.95541,2723.290194,0.334784
7/31/19 14:00,2722.948474,2723.291928,0.343454
7/31/19 15:00,2722.946638,2723.278669,0.332031
7/31/19 16:00,2722.939703,2723.275711,0.336008
7/31/19 17:00,2722.933277,2723.271631,0.338354
7/31/19 18:00,2722.933685,2723.272651,0.338966
7/31/19 19:00,2722.935827,2723.274283,0.338456
7/31/19 20:00,2722.936745,2723.287236,0.350491
7/31/19 21:00,2722.946332,2723.297639,0.351307
7/31/19 22:00,2722.950922,2723.297945,0.347023
7/31/19 23:00,2722.95643,2723.301005,0.344575
8/1/19 0:00,2722.960101,2723.301005,0.340904
8/1/19 1:00,2722.960407,2723.307532,0.347125
8/1/19 2:00,2722.960509,2723.297639,0.33713
8/1/19 3:00,2722.955002,2723.294171,0.339169
8/1/19 4:00,2722.950616,2723.287134,0.336518
8/1/19 5:00,2722.945924,2723.28795,0.342026
8/1/19 6:00,2722.942763,2723.282034,0.339271
8/1/19 7:00,2722.943171,2723.272243,0.329072
8/1/19 8:00,2722.935827,2723.272651,0.336824
8/1/19 9:00,2722.934501,2723.269795,0.335294
8/1/19 10:00,2722.933175,2723.267347,0.334172
8/1/19 11:00,2722.930932,2723.265614,0.334682
8/1/19 12:00,2722.926546,2723.26592,0.339374
8/1/19 13:00,2722.924098,2723.262452,0.338354
8/1/19 14:00,2722.923384,2723.257862,0.334478
8/1/19 15:00,2722.918692,2723.254598,0.335906
8/1/19 16:00,2722.919508,2723.256332,0.336824
8/1/19 17:00,2722.916041,2723.271529,0.355488
8/1/19 18:00,2722.928586,2723.293355,0.364769
8/1/19 19:00,2722.94827,2723.288154,0.339884
8/1/19 20:00,2722.943681,2723.278159,0.334478
8/1/19 21:00,2722.940417,2723.282952,0.342535
8/1/19 22:00,2722.940417,2723.288154,0.347737
8/1/19 23:00,2722.948066,2723.297537,0.349471
8/2/19 0:00,2722.955818,2723.297945,0.342127
8/2/19 1:00,2722.955614,2723.296517,0.340903
8/2/19 2:00,2722.955002,2723.298659,0.343657
8/2/19 3:00,2722.953472,2723.289276,0.335804
8/2/19 4:00,2722.947862,2723.2854,0.337538
8/2/19 5:00,2722.944497,2723.283462,0.338965
8/2/19 6:00,2722.941641,2723.27979,0.338149
8/2/19 7:00,2722.940723,2723.272957,0.332234
8/2/19 8:00,2722.938581,2723.269693,0.331112
8/2/19 9:00,2722.930932,2723.268469,0.337537
8/2/19 10:00,2722.93032,2723.265512,0.335192
8/2/19 11:00,2722.92879,2723.260412,0.331622
8/2/19 12:00,2722.923486,2723.255924,0.332438
8/2/19 13:00,2722.916347,2723.250825,0.334478
8/2/19 14:00,2722.914715,2723.245623,0.330908
8/2/19 15:00,2722.908187,2723.241339,0.333152
8/2/19 16:00,2722.905535,2723.236648,0.331113
8/2/19 17:00,2722.902068,2723.232976,0.330908
8/2/19 18:00,2722.896152,2723.23216,0.336008
8/2/19 19:00,2722.895438,2723.23012,0.334682
8/2/19 20:00,2722.89911,2723.239096,0.339986
8/2/19 21:00,2722.905637,2723.248581,0.342944
8/2/19 22:00,2722.910839,2723.261738,0.350899
8/2/19 23:00,2722.921854,2723.274997,0.353143
8/3/19 0:00,2722.934909,2723.275813,0.340904
8/3/19 1:00,2722.937663,2723.28591,0.348247
8/3/19 2:00,2722.942253,2723.277955,0.335702
8/3/19 3:00,2722.939703,2723.278057,0.338354
8/3/19 4:00,2722.937663,2723.272549,0.334886
8/3/19 5:00,2722.934501,2723.269693,0.335192
8/3/19 6:00,2722.929198,2723.268571,0.339373
8/3/19 7:00,2722.924302,2723.269183,0.344881
8/3/19 8:00,2722.923384,2723.256842,0.333458
8/3/19 9:00,2722.9191,2723.25521,0.33611
8/3/19 10:00,2722.918285,2723.248173,0.329888
8/3/19 11:00,2722.912165,2723.243889,0.331724
8/3/19 12:00,2722.908799,2723.240727,0.331928
8/3/19 13:00,2722.904618,2723.234506,0.329888
8/3/19 14:00,2722.89707,2723.230018,0.332948
8/3/19 15:00,2722.895132,2723.228488,0.333356
8/3/19 16:00,2722.891359,2723.220533,0.329174
8/3/19 17:00,2722.887993,2723.220125,0.332132
8/3/19 18:00,2722.884321,2723.220125,0.335804
8/3/19 19:00,2722.887789,2723.227672,0.339883
8/3/19 20:00,2722.887891,2723.23063,0.342739
8/3/19 21:00,2722.89707,2723.23675,0.33968
8/3/19 22:00,2722.904822,2723.248683,0.343861
8/3/19 23:00,2722.908391,2723.251539,0.343148
8/4/19 0:00,2722.911553,2723.253782,0.342229
8/4/19 1:00,2722.912471,2723.2547,0.342229
8/4/19 2:00,2722.915531,2723.248683,0.333152
8/4/19 3:00,2722.913695,2723.248683,0.334988
8/4/19 4:00,2722.910227,2723.247765,0.337538
8/4/19 5:00,2722.910227,2723.241645,0.331418
8/4/19 6:00,2722.903394,2723.234302,0.330908
8/4/19 7:00,2722.899416,2723.236852,0.337436
8/4/19 8:00,2722.90013,2723.234404,0.334274
8/4/19 9:00,2722.896764,2723.2291,0.332336
8/4/19 10:00,2722.893602,2723.227876,0.334274
8/4/19 11:00,2722.89299,2723.225735,0.332745
8/4/19 12:00,2722.890441,2723.221859,0.331418
8/4/19 13:00,2722.886259,2723.215025,0.328766
8/4/19 14:00,2722.885341,2723.212272,0.326931
8/4/19 15:00,2722.880037,2723.215637,0.3356
8/4/19 16:00,2722.877896,2723.220329,0.342433
8/4/19 17:00,2722.883301,2723.243073,0.359772
8/4/19 18:00,2722.903904,2723.25827,0.354366
8/4/19 19:00,2722.916551,2723.26286,0.346309
8/4/19 20:00,2722.924812,2723.273569,0.348757
8/4/19 21:00,2722.934297,2723.304881,0.370584
8/4/19 22:00,2722.963161,2723.330991,0.36783
8/4/19 23:00,2722.98254,2723.33813,0.35559
8/5/19 0:00,2722.987843,2723.337212,0.349369
8/5/19 1:00,2722.991107,2723.340782,0.349675
8/5/19 2:00,2722.990699,2723.332112,0.341413
8/5/19 3:00,2722.981112,2723.328033,0.346921
8/5/19 4:00,2722.979378,2723.316712,0.337334
8/5/19 5:00,2722.967139,2723.307838,0.340699
8/5/19 6:00,2722.961019,2723.300801,0.339782
8/5/19 7:00,2722.95592,2723.296211,0.340291
8/5/19 8:00,2722.949698,2723.284686,0.334988
8/5/19 9:00,2722.947658,2723.27979,0.332132
8/5/19 10:00,2722.938071,2723.273569,0.335498
8/5/19 11:00,2722.934195,2723.265206,0.331011
8/5/19 12:00,2722.928178,2723.257862,0.329684
8/5/19 13:00,2722.9191,2723.257658,0.338558
8/5/19 14:00,2722.912573,2723.244501,0.331928
8/5/19 15:00,2722.908595,2723.234404,0.325809
8/5/19 16:00,2722.902986,2723.235118,0.332132
8/5/19 17:00,2722.8986,2723.227672,0.329072
8/5/19 18:00,2722.89503,2723.229304,0.334274
8/5/19 19:00,2722.895336,2723.2342,0.338864
8/5/19 20:00,2722.901048,2723.243889,0.342841
8/5/19 21:00,2722.905128,2723.257658,0.35253
8/5/19 22:00,2722.92063,2723.268469,0.347839
8/5/19 23:00,2722.930626,2723.273671,0.343045
8/6/19 0:00,2722.93134,2723.273977,0.342637
8/6/19 1:00,2722.936337,2723.273059,0.336722
8/6/19 2:00,2722.932053,2723.276425,0.344372
8/6/19 3:00,2722.930728,2723.25929,0.328562
8/6/19 4:00,2722.930014,2723.26388,0.333866
8/6/19 5:00,2722.925016,2723.251539,0.326523
8/6/19 6:00,2722.918488,2723.248683,0.330195
8/6/19 7:00,2722.913287,2723.247255,0.333968
8/6/19 8:00,2722.908493,2723.246745,0.338252
8/6/19 9:00,2722.907269,2723.237566,0.330297
8/6/19 10:00,2722.899008,2723.232262,0.333254
8/6/19 11:00,2722.897682,2723.226653,0.328971
8/6/19 12:00,2722.890135,2723.215943,0.325808
8/6/19 13:00,2722.888809,2723.212272,0.323463
8/6/19 14:00,2722.880751,2723.206968,0.326217
8/6/19 15:00,2722.877692,2723.202786,0.325094
8/6/19 16:00,2722.873,2723.197483,0.324483
8/6/19 17:00,2722.86739,2723.194423,0.327033
8/6/19 18:00,2722.868614,2723.192995,0.324381
8/6/19 19:00,2722.864229,2723.198401,0.334172
8/6/19 20:00,2722.86739,2723.198197,0.330807
8/6/19 21:00,2722.868614,2723.203704,0.33509
8/6/19 22:00,2722.872898,2723.211354,0.338456
8/6/19 23:00,2722.878508,2723.218493,0.339985
8/7/19 0:00,2722.886259,2723.228692,0.342433
8/7/19 1:00,2722.889319,2723.228182,0.338863
8/7/19 2:00,2722.893092,2723.224919,0.331827
8/7/19 3:00,2722.894928,2723.222369,0.327441
8/7/19 4:00,2722.892072,2723.220125,0.328053
8/7/19 5:00,2722.888503,2723.219105,0.330602
8/7/19 6:00,2722.885647,2723.210946,0.325299
8/7/19 7:00,2722.882179,2723.216861,0.334682
8/7/19 8:00,2722.878304,2723.210334,0.33203
8/7/19 9:00,2722.880547,2723.206356,0.325809
8/7/19 10:00,2722.877284,2723.204316,0.327032
8/7/19 11:00,2722.874836,2723.198095,0.323259
8/7/19 12:00,2722.86841,2723.197993,0.329583
8/7/19 13:00,2722.865045,2723.190241,0.325196
8/7/19 14:00,2722.861985,2723.189629,0.327644
8/7/19 15:00,2722.864535,2723.180756,0.316221
8/7/19 16:00,2722.858211,2723.18147,0.323259
8/7/19 17:00,2722.857599,2723.177594,0.319995
8/7/19 18:00,2722.854845,2723.175758,0.320913
8/7/19 19:00,2722.854437,2723.175962,0.321525
8/7/19 20:00,2722.854029,2723.184224,0.330195
8/7/19 21:00,2722.860149,2723.189017,0.328868
8/7/19 22:00,2722.864229,2723.197075,0.332846
8/7/19 23:00,2722.870246,2723.209926,0.33968
8/8/19 0:00,2722.877284,2723.216759,0.339475
8/8/19 1:00,2722.882281,2723.215841,0.33356
8/8/19 2:00,2722.885035,2723.221961,0.336926
8/8/19 3:00,2722.886667,2723.220533,0.333866
8/8/19 4:00,2722.882791,2723.213903,0.331112
8/8/19 5:00,2722.880955,2723.210232,0.329277
8/8/19 6:00,2722.879833,2723.209518,0.329685
8/8/19 7:00,2722.879017,2723.206764,0.327747
8/8/19 8:00,2722.874734,2723.206968,0.332234
8/8/19 9:00,2722.87351,2723.188813,0.315303
8/8/19 10:00,2722.862087,2723.186876,0.324789
8/8/19 11:00,2722.862699,2723.188201,0.325502
8/8/19 12:00,2722.858211,2723.178002,0.319791
8/8/19 13:00,2722.854437,2723.183714,0.329277
8/8/19 14:00,2722.854743,2723.175248,0.320505
8/8/19 15:00,2722.849134,2723.173311,0.324177
8/8/19 16:00,2722.84995,2723.166375,0.316425
8/8/19 17:00,2722.846686,2723.167191,0.320505
8/8/19 18:00,2722.846176,2723.167395,0.321219
8/8/19 19:00,2722.848726,2723.162907,0.314181
8/8/19 20:00,2722.845666,2723.160154,0.314488
8/8/19 21:00,2722.845054,2723.169741,0.324687
8/8/19 22:00,2722.848624,2723.183204,0.33458
8/8/19 23:00,2722.853927,2723.188711,0.334784
8/9/19 0:00,2722.861781,2723.194423,0.332642
8/9/19 1:00,2722.86688,2723.209518,0.342638
8/9/19 2:00,2722.879425,2723.211252,0.331827
8/9/19 3:00,2722.882485,2723.207478,0.324993
8/9/19 4:00,2722.879017,2723.204724,0.325707
8/9/19 5:00,2722.877692,2723.203908,0.326216
8/9/19 6:00,2722.875346,2723.20401,0.328664
8/9/19 7:00,2722.87045,2723.199727,0.329277
8/9/19 8:00,2722.869124,2723.199931,0.330807
8/9/19 9:00,2722.867696,2723.204316,0.33662
8/9/19 10:00,2722.87249,2723.203806,0.331316
8/9/19 11:00,2722.872388,2723.202888,0.3305
8/9/19 12:00,2722.86994,2723.195851,0.325911
8/9/19 13:00,2722.866472,2723.192281,0.325809
8/9/19 14:00,2722.863413,2723.193709,0.330296
8/9/19 15:00,2722.861985,2723.182796,0.320811
8/9/19 16:00,2722.862495,2723.183714,0.321219
8/9/19 17:00,2722.859435,2723.176166,0.316731
8/9/19 18:00,2722.857293,2723.176064,0.318771
8/9/19 19:00,2722.854539,2723.17484,0.320301
8/9/19 20:00,2722.852296,2723.183306,0.33101
8/9/19 21:00,2722.857599,2723.189731,0.332132
8/9/19 22:00,2722.864433,2723.203092,0.338659
8/9/19 23:00,2722.874836,2723.211558,0.336722
8/10/19 0:00,2722.883505,2723.214821,0.331316
8/10/19 1:00,2722.886361,2723.212884,0.326523
8/10/19 2:00,2722.886157,2723.215229,0.329072
8/10/19 3:00,2722.888605,2723.216963,0.328358
8/10/19 4:00,2722.889523,2723.221247,0.331724
8/10/19 5:00,2722.888503,2723.21013,0.321627
8/10/19 6:00,2722.887279,2723.212068,0.324789
8/10/19 7:00,2722.885239,2723.20809,0.322851
8/10/19 8:00,2722.883505,2723.20554,0.322035
8/10/19 9:00,2722.881465,2723.200542,0.319077
8/10/19 10:00,2722.875346,2723.199115,0.323769
8/10/19 11:00,2722.876264,2723.198809,0.322545
8/10/19 12:00,2722.87708,2723.194321,0.317241
8/10/19 13:00,2722.869226,2723.185856,0.31663
8/10/19 14:00,2722.865758,2723.182694,0.316936
8/10/19 15:00,2722.860251,2723.183,0.322749
8/10/19 16:00,2722.859741,2723.179022,0.319281
8/10/19 17:00,2722.858619,2723.177594,0.318975
8/10/19 18:00,2722.854335,2723.173719,0.319384
8/10/19 19:00,2722.856579,2723.172189,0.31561
8/10/19 20:00,2722.856069,2723.173209,0.31714
8/10/19 21:00,2722.857497,2723.17841,0.320913
8/10/19 22:00,2722.861067,2723.182796,0.321729
8/10/19 23:00,2722.863209,2723.192587,0.329378
8/11/19 0:00,2722.868104,2723.198197,0.330093
8/11/19 1:00,2722.873918,2723.207274,0.333356
8/11/19 2:00,2722.877896,2723.208294,0.330398
8/11/19 3:00,2722.880343,2723.20605,0.325707
8/11/19 4:00,2722.883301,2723.209416,0.326115
8/11/19 5:00,2722.881567,2723.211966,0.330399
8/11/19 6:00,2722.880751,2723.2086,0.327849
8/11/19 7:00,2722.879731,2723.203194,0.323463
8/11/19 8:00,2722.878712,2723.200135,0.321423
8/11/19 9:00,2722.874938,2723.198095,0.323157
8/11/19 10:00,2722.874734,2723.197381,0.322647
8/11/19 11:00,2722.872796,2723.20095,0.328154
8/11/19 12:00,2722.87708,2723.206458,0.329378
8/11/19 13:00,2722.87606,2723.204622,0.328562
8/11/19 14:00,2722.878406,2723.204418,0.326012
8/11/19 15:00,2722.876876,2723.203092,0.326216
8/11/19 16:00,2722.879017,2723.206968,0.327951
8/11/19 17:00,2722.883199,2723.219819,0.33662
8/11/19 18:00,2722.888503,2723.221961,0.333458
8/11/19 19:00,2722.891359,2723.218391,0.327032
8/11/19 20:00,2722.891359,2723.215433,0.324074
8/11/19 21:00,2722.887483,2723.214515,0.327032
8/11/19 22:00,2722.887177,2723.213801,0.326624
8/11/19 23:00,2722.890033,2723.219615,0.329582
8/12/19 0:00,2722.888299,2723.220227,0.331928
8/12/19 1:00,2722.890033,2723.218493,0.32846
8/12/19 2:00,2722.888503,2723.215229,0.326726
8/12/19 3:00,2722.886871,2723.20962,0.322749
8/12/19 4:00,2722.884525,2723.216147,0.331622
8/12/19 5:00,2722.888605,2723.213292,0.324687
8/12/19 6:00,2722.888095,2723.214311,0.326216
8/12/19 7:00,2722.882791,2723.204826,0.322035
8/12/19 8:00,2722.879629,2723.20248,0.322851
8/12/19 9:00,2722.87555,2723.199115,0.323565
8/12/19 10:00,2722.872898,2723.198503,0.325605
8/12/19 11:00,2722.870552,2723.192995,0.322443
8/12/19 12:00,2722.868716,2723.189323,0.320607
8/12/19 13:00,2722.865555,2723.184224,0.318669
8/12/19 14:00,2722.862189,2723.179226,0.317037
8/12/19 15:00,2722.859333,2723.173005,0.313672
8/12/19 16:00,2722.856885,2723.167191,0.310306
8/12/19 17:00,2722.85097,2723.167089,0.316119
8/12/19 18:00,2722.85097,2723.159236,0.308266
8/12/19 19:00,2722.84485,2723.159542,0.314692
8/12/19 20:00,2722.844748,2723.158624,0.313876
8/12/19 21:00,2722.84332,2723.161479,0.318159
8/12/19 22:00,2722.84587,2723.171271,0.325401
8/12/19 23:00,2722.850868,2723.173209,0.322341
8/13/19 0:00,2722.856885,2723.180042,0.323157
8/13/19 1:00,2722.858415,2723.184224,0.325809
8/13/19 2:00,2722.861781,2723.186162,0.324381
8/13/19 3:00,2722.862087,2723.183,0.320913
8/13/19 4:00,2722.864229,2723.180348,0.316119
8/13/19 5:00,2722.859639,2723.180756,0.321117
8/13/19 6:00,2722.857293,2723.174025,0.316732
8/13/19 7:00,2722.854029,2723.178716,0.324687
8/13/19 8:00,2722.856171,2723.173719,0.317548
8/13/19 9:00,2722.853927,2723.172087,0.31816
8/13/19 10:00,2722.849644,2723.169639,0.319995
8/13/19 11:00,2722.84944,2723.170659,0.321219
8/13/19 12:00,2722.848216,2723.163009,0.314793
8/13/19 13:00,2722.847094,2723.162499,0.315405
8/13/19 14:00,2722.844136,2723.158522,0.314386
8/13/19 15:00,2722.84281,2723.157298,0.314488
8/13/19 16:00,2722.839241,2723.148526,0.309285
8/13/19 17:00,2722.833937,2723.143427,0.30949
8/13/19 18:00,2722.832407,2723.142509,0.310102
8/13/19 19:00,2722.832611,2723.13282,0.300209
8/13/19 20:00,2722.82588,2723.133432,0.307552
8/13/19 21:00,2722.82537,2723.136287,0.310917
8/13/19 22:00,2722.828633,2723.142305,0.313672
8/13/19 23:00,2722.832815,2723.145977,0.313162
8/14/19 0:00,2722.833223,2723.15281,0.319587
8/14/19 1:00,2722.839546,2723.155462,0.315916
8/14/19 2:00,2722.839648,2723.155972,0.316324
8/14/19 3:00,2722.841076,2723.15536,0.314284
8/14/19 4:00,2722.841688,2723.154238,0.31255
8/14/19 5:00,2722.841688,2723.156278,0.31459
8/14/19 6:00,2722.838629,2723.153728,0.315099
8/14/19 7:00,2722.839342,2723.155972,0.31663
8/14/19 8:00,2722.839342,2723.155054,0.315712
8/14/19 9:00,2722.841076,2723.151382,0.310306
8/14/19 10:00,2722.837201,2723.14975,0.312549
8/14/19 11:00,2722.834855,2723.149852,0.314997
8/14/19 12:00,2722.836589,2723.147303,0.310714
8/14/19 13:00,2722.831795,2723.143529,0.311734
8/14/19 14:00,2722.828429,2723.138735,0.310306
8/14/19 15:00,2722.828837,2723.134248,0.305411
8/14/19 16:00,2722.828327,2723.13027,0.301943
8/14/19 17:00,2722.82384,2723.128128,0.304288
8/14/19 18:00,2722.82537,2723.123334,0.297964
8/14/19 19:00,2722.822922,2723.118847,0.295925
8/14/19 20:00,2722.818128,2723.121498,0.30337
8/14/19 21:00,2722.817312,2723.121193,0.303881
8/14/19 22:00,2722.816394,2723.124762,0.308368
8/14/19 23:00,2722.818842,2723.125884,0.307042
8/15/19 0:00,2722.819556,2723.126292,0.306736
8/15/19 1:00,2722.81976,2723.129046,0.309286
8/15/19 2:00,2722.823942,2723.137613,0.313671
8/15/19 3:00,2722.829041,2723.140265,0.311224
8/15/19 4:00,2722.828735,2723.136899,0.308164
8/15/19 5:00,2722.827205,2723.135879,0.308674
8/15/19 6:00,2722.826185,2723.136695,0.31051
8/15/19 7:00,2722.826491,2723.134757,0.308266
8/15/19 8:00,2722.82537,2723.137919,0.312549
8/15/19 9:00,2722.825778,2723.139857,0.314079
8/15/19 10:00,2722.827511,2723.136899,0.309388
8/15/19 11:00,2722.824452,2723.135777,0.311325
8/15/19 12:00,2722.824452,2723.13231,0.307858
8/15/19 13:00,2722.823432,2723.126598,0.303166
8/15/19 14:00,2722.82078,2723.12313,0.30235
8/15/19 15:00,2722.819352,2723.119561,0.300209
8/15/19 16:00,2722.817516,2723.115685,0.298169
8/15/19 17:00,2722.81466,2723.115175,0.300515
8/15/19 18:00,2722.815986,2723.112727,0.296741
8/15/19 19:00,2722.812213,2723.107016,0.294803
8/15/19 20:00,2722.809051,2723.107832,0.298781
8/15/19 21:00,2722.807827,2723.109973,0.302146
8/15/19 22:00,2722.806501,2723.114767,0.308266
8/15/19 23:00,2722.806399,2723.119663,0.313264
8/16/19 0:00,2722.812723,2723.124864,0.312141
8/16/19 1:00,2722.817414,2723.128638,0.311224
8/16/19 2:00,2722.820168,2723.134655,0.314487
8/16/19 3:00,2722.823738,2723.136797,0.313059
8/16/19 4:00,2722.823534,2723.138225,0.314691
8/16/19 5:00,2722.824554,2723.13231,0.307756
8/16/19 6:00,2722.820168,2723.132412,0.312244
8/16/19 7:00,2722.820576,2723.130474,0.309898
8/16/19 8:00,2722.82078,2723.130168,0.309388
8/16/19 9:00,2722.819862,2723.127822,0.30796
8/16/19 10:00,2722.819454,2723.130984,0.31153
8/16/19 11:00,2722.816904,2723.124252,0.307348
8/16/19 12:00,2722.81619,2723.121397,0.305207
8/16/19 13:00,2722.814252,2723.120275,0.306023
8/16/19 14:00,2722.814252,2723.118541,0.304289
8/16/19 15:00,2722.812519,2723.112319,0.2998
8/16/19 16:00,2722.809153,2723.108443,0.29929
8/16/19 17:00,2722.808133,2723.105996,0.297863
8/16/19 18:00,2722.808949,2723.102018,0.293069
8/16/19 19:00,2722.806501,2723.103446,0.296945
8/16/19 20:00,2722.806807,2723.103956,0.297149
8/16/19 21:00,2722.805277,2723.102732,0.297455
8/16/19 22:00,2722.802829,2723.106914,0.304085
8/16/19 23:00,2722.807419,2723.110075,0.302656
8/17/19 0:00,2722.806501,2723.117317,0.310816
8/17/19 1:00,2722.811499,2723.124354,0.312855
8/17/19 2:00,2722.81568,2723.124762,0.309082
8/17/19 3:00,2722.816394,2723.124762,0.308368
8/17/19 4:00,2722.815272,2723.12466,0.309388
8/17/19 5:00,2722.816904,2723.124048,0.307144
8/17/19 6:00,2722.812213,2723.12211,0.309897
8/17/19 7:00,2722.814864,2723.122824,0.30796
8/17/19 8:00,2722.815782,2723.120173,0.304391
8/17/19 9:00,2722.815884,2723.119969,0.304085
8/17/19 10:00,2722.813844,2723.121498,0.307654
8/17/19 11:00,2722.815782,2723.116603,0.300821
8/17/19 12:00,2722.809561,2723.119153,0.309592
8/17/19 13:00,2722.814048,2723.113135,0.299087
8/17/19 14:00,2722.809561,2723.107526,0.297965
8/17/19 15:00,2722.804971,2723.106098,0.301127
8/17/19 16:00,2722.806603,2723.097734,0.291131
8/17/19 17:00,2722.802625,2723.097734,0.295109
8/17/19 18:00,2722.803747,2723.096408,0.292661
8/17/19 19:00,2722.801503,2723.094267,0.292764
8/17/19 20:00,2722.799056,2723.092431,0.293375
8/17/19 21:00,2722.796812,2723.093451,0.296639
8/17/19 22:00,2722.799668,2723.092839,0.293171
8/17/19 23:00,2722.797322,2723.095184,0.297862
8/18/19 0:00,2722.799056,2723.100896,0.30184
8/18/19 1:00,2722.802421,2723.098856,0.296435
8/18/19 2:00,2722.799566,2723.108545,0.308979
8/18/19 3:00,2722.807623,2723.113033,0.30541
8/18/19 4:00,2722.808643,2723.111605,0.302962
8/18/19 5:00,2722.809459,2723.110687,0.301228
8/18/19 6:00,2722.808337,2723.111911,0.303574
8/18/19 7:00,2722.809663,2723.113645,0.303982
8/18/19 8:00,2722.808847,2723.110585,0.301738
8/18/19 9:00,2722.808847,2723.107628,0.298781
8/18/19 10:00,2722.805991,2723.106404,0.300413
8/18/19 11:00,2722.805073,2723.106404,0.301331
8/18/19 12:00,2722.802829,2723.106608,0.303779
8/18/19 13:00,2722.806195,2723.101304,0.295109
8/18/19 14:00,2722.803951,2723.100692,0.296741
8/18/19 15:00,2722.801401,2723.094777,0.293376
8/18/19 16:00,2722.799871,2723.052042,0.252171
8/18/19 17:00,2722.771008,2723.050716,0.279708
8/18/19 18:00,2722.768662,2723.04531,0.276648
8/18/19 19:00,2722.764684,2723.042047,0.277363
8/18/19 20:00,2722.762338,2723.041231,0.278893
8/18/19 21:00,2722.760604,2723.039803,0.279199
8/18/19 22:00,2722.758157,2723.042353,0.284196
8/18/19 23:00,2722.761012,2723.045922,0.28491
8/19/19 0:00,2722.761522,2723.051736,0.290214
8/19/19 1:00,2722.764276,2723.057549,0.293273
8/19/19 2:00,2722.769478,2723.063159,0.293681
8/19/19 3:00,2722.774271,2723.064995,0.290724
8/19/19 4:00,2722.778045,2723.066729,0.288684
8/19/19 5:00,2722.776107,2723.062343,0.286236
8/19/19 6:00,2722.775189,2723.064179,0.28899
8/19/19 7:00,2722.776107,2723.063771,0.287664
8/19/19 8:00,2722.778555,2723.061935,0.28338
8/19/19 9:00,2722.773965,2723.059793,0.285828
8/19/19 10:00,2722.773863,2723.060201,0.286338
8/19/19 11:00,2722.772946,2723.061323,0.288377
8/19/19 12:00,2722.773354,2723.054184,0.28083
8/19/19 13:00,2722.768356,2723.047452,0.279096
8/19/19 14:00,2722.766418,2723.04735,0.280932
8/19/19 15:00,2722.764276,2723.0448,0.280524
8/19/19 16:00,2722.763154,2723.041945,0.278791
8/19/19 17:00,2722.762848,2723.038579,0.275731
8/19/19 18:00,2722.76193,2723.038477,0.276547
8/19/19 19:00,2722.761624,2723.032867,0.271243
8/19/19 20:00,2722.757647,2723.033479,0.275832
8/19/19 21:00,2722.756831,2723.034295,0.277464
8/19/19 22:00,2722.756219,2723.036641,0.280422
8/19/19 23:00,2722.756117,2723.038375,0.282258
8/20/19 0:00,2722.759891,2723.04582,0.285929
8/20/19 1:00,2722.76244,2723.049798,0.287358
8/20/19 2:00,2722.766826,2723.05194,0.285114
8/20/19 3:00,2722.766112,2723.05194,0.285828
8/20/19 4:00,2722.767846,2723.054184,0.286338
8/20/19 5:00,2722.769274,2723.053878,0.284604
8/20/19 6:00,2722.76958,2723.055713,0.286133
8/20/19 7:00,2722.76958,2723.055408,0.285828
8/20/19 8:00,2722.769988,2723.053674,0.283686
8/20/19 9:00,2722.768458,2723.053674,0.285216
8/20/19 10:00,2722.76907,2723.054592,0.285522
8/20/19 11:00,2722.76703,2723.049798,0.282768
8/20/19 12:00,2722.764888,2723.048778,0.28389
8/20/19 13:00,2722.764378,2723.04276,0.278382
8/20/19 14:00,2722.761726,2723.038681,0.276955
8/20/19 15:00,2722.756321,2723.038987,0.282666
8/20/19 16:00,2722.758667,2723.036029,0.277362
8/20/19 17:00,2722.757137,2723.037049,0.279912
8/20/19 18:00,2722.758565,2723.032459,0.273894
8/20/19 19:00,2722.757035,2723.029196,0.272161
8/20/19 20:00,2722.752853,2723.026646,0.273793
8/20/19 21:00,2722.749691,2723.022566,0.272875
8/20/19 22:00,2722.749997,2723.025932,0.275935
8/20/19 23:00,2722.750303,2723.025932,0.275629
8/21/19 0:00,2722.751527,2723.031337,0.27981
8/21/19 1:00,2722.752955,2723.040721,0.287766
8/21/19 2:00,2722.759381,2723.046432,0.287051
8/21/19 3:00,2722.763562,2723.049696,0.286134
8/21/19 4:00,2722.765908,2723.049594,0.283686
8/21/19 5:00,2722.766622,2723.048472,0.28185
8/21/19 6:00,2722.765908,2723.050206,0.284298
8/21/19 7:00,2722.768458,2723.050002,0.281544
8/21/19 8:00,2722.766214,2723.052144,0.28593
8/21/19 9:00,2722.767336,2723.047962,0.280626
8/21/19 10:00,2722.763358,2723.044392,0.281034
8/21/19 11:00,2722.759585,2723.04327,0.283685
8/21/19 12:00,2722.759381,2723.041639,0.282258
8/21/19 13:00,2722.760197,2723.041231,0.281034
8/21/19 14:00,2722.759789,2723.039293,0.279504
8/21/19 15:00,2722.756831,2723.038069,0.281238
8/21/19 16:00,2722.758565,2723.036641,0.278076
8/21/19 17:00,2722.756933,2723.033377,0.276444
8/21/19 18:00,2722.756219,2723.032561,0.276342
8/21/19 19:00,2722.757647,2723.028584,0.270937
8/21/19 20:00,2722.752037,2723.029705,0.277668
8/21/19 21:00,2722.754077,2723.025218,0.271141
8/21/19 22:00,2722.749079,2723.026238,0.277159
8/21/19 23:00,2722.751833,2723.023994,0.272161
8/22/19 0:00,2722.750507,2723.026238,0.275731
8/22/19 1:00,2722.751425,2723.029501,0.278076
8/22/19 2:00,2722.751731,2723.031439,0.279708
8/22/19 3:00,2722.753057,2723.033377,0.28032
8/22/19 4:00,2722.756729,2723.035723,0.278994
8/22/19 5:00,2722.758157,2723.039497,0.28134
8/22/19 6:00,2722.759483,2723.038783,0.2793
8/22/19 7:00,2722.757749,2723.040823,0.283074
8/22/19 8:00,2722.759687,2723.038885,0.279198
8/22/19 9:00,2722.758463,2723.040007,0.281544
8/22/19 10:00,2722.759177,2723.039803,0.280626
8/22/19 11:00,2722.758259,2723.038171,0.279912
8/22/19 12:00,2722.758157,2723.037661,0.279504
8/22/19 13:00,2722.756729,2723.031745,0.275016
8/22/19 14:00,2722.752445,2723.027972,0.275527
8/22/19 15:00,2722.751017,2723.025524,0.274507
8/22/19 16:00,2722.751833,2723.02736,0.275527
8/22/19 17:00,2722.752445,2723.02532,0.272875
8/22/19 18:00,2722.751731,2723.024504,0.272773
8/22/19 19:00,2722.751935,2723.018486,0.266551
8/22/19 20:00,2722.748875,2723.019098,0.270223
8/22/19 21:00,2722.747957,2723.015937,0.26798
8/22/19 22:00,2722.745102,2723.019506,0.274404
8/22/19 23:00,2722.74551,2723.021036,0.275526
8/23/19 0:00,2722.749895,2723.024504,0.274609
8/23/19 1:00,2722.748671,2723.030011,0.28134
8/23/19 2:00,2722.752649,2723.032663,0.280014
8/23/19 3:00,2722.754383,2723.035825,0.281442
8/23/19 4:00,2722.756933,2723.038069,0.281136
8/23/19 5:00,2722.756831,2723.035723,0.278892
8/23/19 6:00,2722.755913,2723.035009,0.279096
8/23/19 7:00,2722.754995,2723.034091,0.279096
8/23/19 8:00,2722.753567,2723.033479,0.279912
8/23/19 9:00,2722.755301,2723.032255,0.276954
8/23/19 10:00,2722.754485,2723.031949,0.277464
8/23/19 11:00,2722.752955,2723.035723,0.282768
8/23/19 12:00,2722.757137,2723.031133,0.273996
8/23/19 13:00,2722.753669,2723.029807,0.276138
8/23/19 14:00,2722.751833,2723.029705,0.277872
8/23/19 15:00,2722.751119,2723.019914,0.268795
8/23/19 16:00,2722.748161,2723.020016,0.271855
8/23/19 17:00,2722.748365,2723.01869,0.270325
8/23/19 18:00,2722.746938,2723.01818,0.271242
8/23/19 19:00,2722.746122,2723.013999,0.267877
8/23/19 20:00,2722.74347,2723.011347,0.267877
8/23/19 21:00,2722.74092,2723.010123,0.269203
8/23/19 22:00,2722.741838,2723.008797,0.266959
8/23/19 23:00,2722.739186,2723.008185,0.268999
8/24/19 0:00,2722.74245,2723.009715,0.267265
8/24/19 1:00,2722.738982,2723.012163,0.273181
8/24/19 2:00,2722.741022,2723.007879,0.266857
8/24/19 3:00,2722.739798,2723.013081,0.273283
8/24/19 4:00,2722.742858,2723.016344,0.273486
8/24/19 5:00,2722.74398,2723.019608,0.275628
8/24/19 6:00,2722.74602,2723.020424,0.274404
8/24/19 7:00,2722.746326,2723.022566,0.27624
8/24/19 8:00,2722.745,2723.022464,0.277464
8/24/19 9:00,2722.746326,2723.021954,0.275628
8/24/19 10:00,2722.746326,2723.025626,0.2793
8/24/19 11:00,2722.746938,2723.01869,0.271752
8/24/19 12:00,2722.744184,2723.02277,0.278586
8/24/19 13:00,2722.747753,2723.019914,0.272161
8/24/19 14:00,2722.747447,2723.017568,0.270121
8/24/19 15:00,2722.746224,2723.017976,0.271752
8/24/19 16:00,2722.744592,2723.015733,0.271141
8/24/19 17:00,2722.744082,2723.008287,0.264205
8/24/19 18:00,2722.743878,2723.003493,0.259615
8/24/19 19:00,2722.740104,2723.000026,0.259922
8/24/19 20:00,2722.738778,2723.000842,0.262064
8/24/19 21:00,2722.73684,2722.999618,0.262778
8/24/19 22:00,2722.737554,2723.00227,0.264716
8/24/19 23:00,2722.738982,2723.002983,0.264001
8/25/19 0:00,2722.737962,2723.004921,0.266959
8/25/19 1:00,2722.738472,2723.009715,0.271243
8/25/19 2:00,2722.739186,2723.019098,0.279912
8/25/19 3:00,2722.744694,2723.022464,0.27777
8/25/19 4:00,2722.74704,2723.023892,0.276852
8/25/19 5:00,2722.750303,2723.025218,0.274915
8/25/19 6:00,2722.747549,2723.021444,0.273895
8/25/19 7:00,2722.748161,2723.023892,0.275731
8/25/19 8:00,2722.748875,2723.024096,0.275221
8/25/19 9:00,2722.749997,2723.0243,0.274303
8/25/19 10:00,2722.749793,2723.021852,0.272059
8/25/19 11:00,2722.748875,2723.017976,0.269101
8/25/19 12:00,2722.74602,2723.01869,0.27267
8/25/19 13:00,2722.74449,2723.013693,0.269203
8/25/19 14:00,2722.744388,2723.011041,0.266653
8/25/19 15:00,2722.743062,2723.011143,0.268081
8/25/19 16:00,2722.74245,2723.008287,0.265837
8/25/19 17:00,2722.742348,2723.005125,0.262777
8/25/19 18:00,2722.741022,2723.003085,0.262063
8/25/19 19:00,2722.740104,2723.000128,0.260024
8/25/19 20:00,2722.73684,2722.998292,0.261452
8/25/19 21:00,2722.735208,2722.998802,0.263594
8/25/19 22:00,2722.735514,2723.000536,0.265022
8/25/19 23:00,2722.73684,2723.004411,0.267571
8/26/19 0:00,2722.738574,2723.006349,0.267775
8/26/19 1:00,2722.739288,2723.009409,0.270121
8/26/19 2:00,2722.741838,2723.013183,0.271345
8/26/19 3:00,2722.743572,2723.015631,0.272059
8/26/19 4:00,2722.745,2723.020628,0.275628
8/26/19 5:00,2722.747142,2723.019608,0.272466
8/26/19 6:00,2722.747243,2723.020016,0.272773
8/26/19 7:00,2722.74704,2723.02277,0.27573
8/26/19 8:00,2722.748875,2723.023178,0.274303
8/26/19 9:00,2722.748773,2723.02328,0.274507
8/26/19 10:00,2722.749793,2723.020322,0.270529
8/26/19 11:00,2722.747549,2723.02073,0.273181
8/26/19 12:00,2722.746224,2723.015427,0.269203
8/26/19 13:00,2722.74398,2723.011041,0.267061
8/26/19 14:00,2722.74092,2723.008185,0.267265
8/26/19 15:00,2722.742654,2723.005227,0.262573
8/26/19 16:00,2722.740512,2722.994416,0.253904
8/26/19 17:00,2722.735922,2722.994314,0.258392
8/26/19 18:00,2722.733169,2722.989215,0.256046
8/26/19 19:00,2722.732149,2722.988501,0.256352
8/26/19 20:00,2722.731333,2722.985339,0.254006
8/26/19 21:00,2722.728579,2722.986359,0.25778
8/26/19 22:00,2722.730721,2722.982279,0.251558
8/26/19 23:00,2722.729497,2722.983299,0.253802
8/27/19 0:00,2722.728477,2722.986155,0.257678
8/27/19 1:00,2722.730109,2722.99258,0.262471
8/27/19 2:00,2722.731639,2722.99768,0.266041
8/27/19 3:00,2722.733373,2723.001454,0.268081
8/27/19 4:00,2722.73735,2723.004921,0.267571
8/27/19 5:00,2722.737758,2723.005941,0.268183
8/27/19 6:00,2722.73786,2723.003595,0.265735
8/27/19 7:00,2722.738064,2723.007573,0.269509
8/27/19 8:00,2722.741124,2723.009001,0.267877
8/27/19 9:00,2722.741124,2723.006655,0.265531
8/27/19 10:00,2722.740308,2723.006451,0.266143
8/27/19 11:00,2722.737248,2723.004819,0.267571
8/27/19 12:00,2722.739084,2723.002678,0.263594
8/27/19 13:00,2722.738778,2722.99921,0.260432
8/27/19 14:00,2722.736432,2722.99513,0.258698
8/27/19 15:00,2722.734188,2722.99411,0.259922
8/27/19 16:00,2722.732455,2722.994008,0.261553
8/27/19 17:00,2722.73633,2722.989826,0.253496
8/27/19 18:00,2722.734494,2722.987583,0.253089
8/27/19 19:00,2722.731129,2722.984523,0.253394
8/27/19 20:00,2722.730313,2722.980239,0.249926
8/27/19 21:00,2722.727661,2722.980137,0.252476
8/27/19 22:00,2722.727049,2722.980035,0.252986
8/27/19 23:00,2722.725213,2722.985339,0.260126
8/28/19 0:00,2722.729089,2722.986869,0.25778
8/28/19 1:00,2722.729599,2722.992478,0.262879
8/28/19 2:00,2722.732149,2722.992886,0.260737
8/28/19 3:00,2722.733373,2722.999516,0.266143
8/28/19 4:00,2722.735922,2723.001148,0.265226
8/28/19 5:00,2722.736534,2723.004207,0.267673
8/28/19 6:00,2722.73735,2723.006247,0.268897
8/28/19 7:00,2722.741838,2723.008389,0.266551
8/28/19 8:00,2722.742042,2723.007879,0.265837
8/28/19 9:00,2722.743062,2723.011857,0.268795
8/28/19 10:00,2722.744184,2723.011551,0.267367
8/28/19 11:00,2722.74398,2723.006145,0.262165
8/28/19 12:00,2722.738778,2723.008695,0.269917
8/28/19 13:00,2722.742246,2723.006451,0.264205
8/28/19 14:00,2722.741328,2723.005839,0.264511
8/28/19 15:00,2722.741634,2722.997374,0.25574
8/28/19 16:00,2722.736432,2722.998802,0.26237
8/28/19 17:00,2722.73786,2722.995538,0.257678
8/28/19 18:00,2722.736126,2722.993396,0.25727
8/28/19 19:00,2722.735412,2722.989011,0.253599
8/28/19 20:00,2722.732557,2722.987889,0.255332
8/28/19 21:00,2722.730925,2722.985135,0.25421
8/28/19 22:00,2722.730109,2722.987685,0.257576
8/28/19 23:00,2722.730721,2722.987889,0.257168
8/29/19 0:00,2722.729803,2722.987379,0.257576
8/29/19 1:00,2722.729701,2722.988093,0.258392
8/29/19 2:00,2722.729599,2722.990948,0.261349
8/29/19 3:00,2722.731537,2722.996558,0.265021
8/29/19 4:00,2722.735718,2722.99513,0.259412
8/29/19 5:00,2722.733271,2723.002066,0.268795
8/29/19 6:00,2722.737044,2723.002168,0.265124
8/29/19 7:00,2722.73735,2723.004003,0.266653
8/29/19 8:00,2722.737248,2723.005023,0.267775
8/29/19 9:00,2722.738778,2723.007879,0.269101
8/29/19 10:00,2722.74041,2723.003799,0.263389
8/29/19 11:00,2722.73939,2723.005941,0.266551
8/29/19 12:00,2722.740206,2723.005023,0.264817
8/29/19 13:00,2722.74092,2723.005839,0.264919
8/29/19 14:00,2722.74296,2723.003799,0.260839
8/29/19 15:00,2722.741328,2722.997374,0.256046
8/29/19 16:00,2722.737962,2722.993396,0.255434
8/29/19 17:00,2722.735616,2722.994212,0.258596
8/29/19 18:00,2722.736534,2722.99156,0.255026
8/29/19 19:00,2722.735004,2722.990132,0.255128
8/29/19 20:00,2722.733985,2722.988603,0.254618
8/29/19 21:00,2722.735208,2722.988297,0.253089
8/29/19 22:00,2722.73582,2722.986257,0.250437
8/29/19 23:00,2722.733271,2722.987379,0.254108
8/30/19 0:00,2722.733781,2722.985849,0.252068
8/30/19 1:00,2722.732557,2722.987583,0.255026
8/30/19 2:00,2722.730823,2722.987175,0.256352
8/30/19 3:00,2722.730007,2722.988399,0.258392
8/30/19 4:00,2722.730925,2722.989215,0.25829
8/30/19 5:00,2722.732149,2722.989113,0.256964
8/30/19 6:00,2722.731231,2722.989011,0.25778
8/30/19 7:00,2722.731027,2722.992274,0.261247
8/30/19 8:00,2722.733679,2722.995232,0.261553
8/30/19 9:00,2722.733577,2722.997884,0.264307
8/30/19 10:00,2722.737758,2722.996966,0.259208
8/30/19 11:00,2722.737248,2722.999006,0.261758
8/30/19 12:00,2722.73684,2722.994518,0.257678
8/30/19 13:00,2722.734188,2722.995742,0.261554
8/30/19 14:00,2722.736024,2722.994314,0.25829
8/30/19 15:00,2722.736024,2722.995742,0.259718
8/30/19 16:00,2722.737452,2722.993804,0.256352
8/30/19 17:00,2722.734494,2722.990948,0.256454
8/30/19 18:00,2722.733781,2722.985237,0.251456
8/30/19 19:00,2722.731639,2722.981871,0.250232
8/30/19 20:00,2722.729089,2722.976771,0.247682
8/30/19 21:00,2722.728171,2722.976771,0.2486
8/30/19 22:00,2722.726335,2722.97616,0.249825
8/30/19 23:00,2722.725519,2722.976568,0.251049
8/31/19 0:00,2722.725825,2722.979117,0.253292
8/31/19 1:00,2722.726029,2722.979729,0.2537
8/31/19 2:00,2722.727763,2722.982891,0.255128
8/31/19 3:00,2722.729497,2722.985543,0.256046
8/31/19 4:00,2722.727865,2722.982993,0.255128
8/31/19 5:00,2722.727661,2722.985849,0.258188
8/31/19 6:00,2722.729395,2722.991254,0.261859
8/31/19 7:00,2722.733679,2722.993906,0.260227
8/31/19 8:00,2722.734596,2722.99564,0.261044
8/31/19 9:00,2722.736942,2722.99666,0.259718
8/31/19 10:00,2722.738472,2722.997068,0.258596
8/31/19 11:00,2722.736024,2722.997374,0.26135
8/31/19 12:00,2722.736228,2722.996354,0.260126
8/31/19 13:00,2722.735616,2722.99462,0.259004
8/31/19 14:00,2722.736126,2722.993906,0.25778
8/31/19 15:00,2722.735514,2722.993192,0.257678
8/31/19 16:00,2722.73633,2722.989725,0.253395
8/31/19 17:00,2722.735616,2722.985237,0.249621
8/31/19 18:00,2722.732047,2722.985135,0.253088
8/31/19 19:00,2722.732455,2722.978709,0.246254
8/31/19 20:00,2722.727865,2722.975548,0.247683
8/31/19 21:00,2722.727355,2722.974426,0.247071
8/31/19 22:00,2722.727253,2722.974222,0.246969
8/31/19 23:00,2722.726131,2722.973712,0.247581
9/1/19 0:00,2722.727457,2722.972692,0.245235
9/1/19 1:00,2722.724091,2722.970754,0.246663
9/1/19 2:00,2722.723785,2722.978097,0.254312
9/1/19 3:00,2722.727763,2722.975242,0.247479
9/1/19 4:00,2722.723683,2722.979525,0.255842
9/1/19 5:00,2722.727049,2722.981259,0.25421
9/1/19 6:00,2722.729497,2722.988807,0.25931
9/1/19 7:00,2722.731537,2722.987889,0.256352
9/1/19 8:00,2722.732353,2722.991764,0.259411
9/1/19 9:00,2722.734596,2722.993396,0.2588
9/1/19 10:00,2722.73531,2722.992172,0.256862
9/1/19 11:00,2722.732455,2722.995232,0.262777
9/1/19 12:00,2722.735616,2722.995028,0.259412
9/1/19 13:00,2722.736738,2722.994518,0.25778
9/1/19 14:00,2722.735514,2722.989928,0.254414
9/1/19 15:00,2722.732251,2722.989011,0.25676
9/1/19 16:00,2722.733067,2722.985543,0.252476
9/1/19 17:00,2722.734392,2722.983095,0.248703
9/1/19 18:00,2722.732659,2722.978913,0.246254
9/1/19 19:00,2722.727253,2722.97412,0.246867
9/1/19 20:00,2722.726947,2722.974732,0.247785
9/1/19 21:00,2722.725009,2722.97361,0.248601
9/1/19 22:00,2722.726131,2722.97208,0.245949
9/1/19 23:00,2722.724499,2722.971366,0.246867
9/2/19 0:00,2722.724703,2722.97259,0.247887
9/2/19 1:00,2722.724091,2722.972386,0.248295
9/2/19 2:00,2722.724091,2722.975344,0.251253
9/2/19 3:00,2722.727049,2722.979219,0.25217
9/2/19 4:00,2722.728783,2722.983605,0.254822
9/2/19 5:00,2722.730211,2722.984625,0.254414
9/2/19 6:00,2722.731435,2722.987991,0.256556
9/2/19 7:00,2722.731129,2722.989011,0.257882
9/2/19 8:00,2722.734596,2722.992478,0.257882
9/2/19 9:00,2722.734494,2722.992784,0.25829
9/2/19 10:00,2722.732149,2722.991968,0.259819
9/2/19 11:00,2722.732557,2722.992274,0.259717
9/2/19 12:00,2722.734188,2722.99156,0.257372
9/2/19 13:00,2722.733271,2722.989928,0.256657
9/2/19 14:00,2722.735004,2722.985951,0.250947
9/2/19 15:00,2722.731843,2722.982177,0.250334
9/2/19 16:00,2722.729089,2722.982177,0.253088
9/2/19 17:00,2722.731231,2722.978403,0.247172
9/2/19 18:00,2722.727763,2722.977383,0.24962
9/2/19 19:00,2722.730211,2722.971876,0.241665
9/2/19 20:00,2722.725213,2722.967592,0.242379
9/2/19 21:00,2722.723683,2722.964838,0.241155
9/2/19 22:00,2722.720828,2722.962799,0.241971
9/2/19 23:00,2722.720012,2722.964736,0.244724
9/3/19 0:00,2722.720624,2722.962085,0.241461
9/3/19 1:00,2722.71991,2722.964124,0.244214
9/3/19 2:00,2722.720522,2722.965144,0.244622
9/3/19 3:00,2722.721337,2722.968816,0.247479
9/3/19 4:00,2722.721643,2722.97514,0.253497
9/3/19 5:00,2722.725111,2722.978709,0.253598
9/3/19 6:00,2722.725723,2722.978505,0.252782
9/3/19 7:00,2722.726131,2722.984829,0.258698
9/3/19 8:00,2722.731537,2722.985135,0.253598
9/3/19 9:00,2722.730415,2722.986053,0.255638
9/3/19 10:00,2722.730823,2722.987991,0.257168
9/3/19 11:00,2722.732455,2722.986563,0.254108
9/3/19 12:00,2722.730619,2722.986257,0.255638
9/3/19 13:00,2722.731231,2722.981565,0.250334
9/3/19 14:00,2722.729191,2722.981871,0.25268
9/3/19 15:00,2722.730619,2722.984013,0.253394
9/3/19 16:00,2722.732251,2722.979933,0.247682
9/3/19 17:00,2722.729599,2722.974732,0.245133
9/3/19 18:00,2722.726743,2722.972488,0.245745
9/3/19 19:00,2722.725417,2722.970346,0.244929
9/3/19 20:00,2722.725519,2722.96953,0.244011
9/3/19 21:00,2722.725621,2722.96647,0.240849
9/3/19 22:00,2722.723581,2722.96698,0.243399
9/3/19 23:00,2722.725315,2722.97004,0.244725
9/4/19 0:00,2722.726437,2722.968,0.241563
9/4/19 1:00,2722.723479,2722.970652,0.247173
9/4/19 2:00,2722.726947,2722.968408,0.241461
9/4/19 3:00,2722.724601,2722.97259,0.247989
9/4/19 4:00,2722.727763,2722.974834,0.247071
9/4/19 5:00,2722.727355,2722.981055,0.2537
9/4/19 6:00,2722.731333,2722.979729,0.248396
9/4/19 7:00,2722.729497,2722.979117,0.24962
9/4/19 8:00,2722.727865,2722.979525,0.25166
9/4/19 9:00,2722.727559,2722.980035,0.252476
9/4/19 10:00,2722.727865,2722.980647,0.252782
9/4/19 11:00,2722.729497,2722.982075,0.252578
9/4/19 12:00,2722.731741,2722.981157,0.249416
9/4/19 13:00,2722.729905,2722.979423,0.249518
9/4/19 14:00,2722.730109,2722.981157,0.251048
9/4/19 15:00,2722.730415,2722.977587,0.247172
9/4/19 16:00,2722.730721,2722.974426,0.243705
9/4/19 17:00,2722.727457,2722.973814,0.246357
9/4/19 18:00,2722.726641,2722.970244,0.243603
9/4/19 19:00,2722.724703,2722.968408,0.243705
9/4/19 20:00,2722.725417,2722.964838,0.239421
9/4/19 21:00,2722.723683,2722.961881,0.238198
9/4/19 22:00,2722.721439,2722.963512,0.242073
9/4/19 23:00,2722.722969,2722.96596,0.242991
9/5/19 0:00,2722.723173,2722.968408,0.245235
9/5/19 1:00,2722.727151,2722.968102,0.240951
9/5/19 2:00,2722.726437,2722.969632,0.243195
9/5/19 3:00,2722.726131,2722.971162,0.245031
9/5/19 4:00,2722.725111,2722.977485,0.252374
9/5/19 5:00,2722.729191,2722.978403,0.249212
9/5/19 6:00,2722.730925,2722.976771,0.245846
9/5/19 7:00,2722.728681,2722.981055,0.252374
9/5/19 8:00,2722.730517,2722.981361,0.250844
9/5/19 9:00,2722.732251,2722.983401,0.25115
9/5/19 10:00,2722.730823,2722.980749,0.249926
9/5/19 11:00,2722.728477,2722.981463,0.252986
9/5/19 12:00,2722.728885,2722.985033,0.256148
9/5/19 13:00,2722.733679,2722.982687,0.249008
9/5/19 14:00,2722.732557,2722.981769,0.249212
9/5/19 15:00,2722.731027,2722.977893,0.246866
9/5/19 16:00,2722.733067,2722.976568,0.243501
9/5/19 17:00,2722.728987,2722.97514,0.246153
9/5/19 18:00,2722.731639,2722.977383,0.245744
9/5/19 19:00,2722.730823,2722.976262,0.245439
9/5/19 20:00,2722.730313,2722.975752,0.245439
9/5/19 21:00,2722.728579,2722.972896,0.244317
9/5/19 22:00,2722.726947,2722.978505,0.251558
9/5/19 23:00,2722.729191,2722.975752,0.246561
9/6/19 0:00,2722.728171,2722.977995,0.249824
9/6/19 1:00,2722.729293,2722.979831,0.250538
9/6/19 2:00,2722.729497,2722.980443,0.250946
9/6/19 3:00,2722.731129,2722.979831,0.248702
9/6/19 4:00,2722.728477,2722.978199,0.249722
9/6/19 5:00,2722.726335,2722.979525,0.25319
9/6/19 6:00,2722.727457,2722.977587,0.25013
9/6/19 7:00,2722.726743,2722.980953,0.25421
9/6/19 8:00,2722.728885,2722.982177,0.253292
9/6/19 9:00,2722.729905,2722.982177,0.252272
9/6/19 10:00,2722.729599,2722.983503,0.253904
9/6/19 11:00,2722.728783,2722.981769,0.252986
9/6/19 12:00,2722.730517,2722.983911,0.253394
9/6/19 13:00,2722.731741,2722.982177,0.250436
9/6/19 14:00,2722.731333,2722.985543,0.25421
9/6/19 15:00,2722.733781,2722.982891,0.24911
9/6/19 16:00,2722.732965,2722.980443,0.247478
9/6/19 17:00,2722.731333,2722.975344,0.244011
9/6/19 18:00,2722.729395,2722.978097,0.248702
9/6/19 19:00,2722.730313,2722.9731,0.242787
9/6/19 20:00,2722.727967,2722.966368,0.238401
9/6/19 21:00,2722.723479,2722.967184,0.243705
9/6/19 22:00,2722.723581,2722.967694,0.244113
9/6/19 23:00,2722.722153,2722.970142,0.247989
9/7/19 0:00,2722.725417,2722.970652,0.245235
9/7/19 1:00,2722.725417,2722.97055,0.245133
9/7/19 2:00,2722.724091,2722.972488,0.248397
9/7/19 3:00,2722.725723,2722.977893,0.25217
9/7/19 4:00,2722.729701,2722.980647,0.250946
9/7/19 5:00,2722.730619,2722.979627,0.249008
9/7/19 6:00,2722.730619,2722.980035,0.249416
9/7/19 7:00,2722.729089,2722.981973,0.252884
9/7/19 8:00,2722.730415,2722.983299,0.252884
9/7/19 9:00,2722.731231,2722.983809,0.252578
9/7/19 10:00,2722.732761,2722.984523,0.251762
9/7/19 11:00,2722.733271,2722.985033,0.251762
9/7/19 12:00,2722.733067,2722.985543,0.252476
9/7/19 13:00,2722.734596,2722.981565,0.246969
9/7/19 14:00,2722.732353,2722.981463,0.24911
9/7/19 15:00,2722.733169,2722.979015,0.245846
9/7/19 16:00,2722.729293,2722.97565,0.246357
9/7/19 17:00,2722.729497,2722.970448,0.240951
9/7/19 18:00,2722.727763,2722.966164,0.238401
9/7/19 19:00,2722.725213,2722.966776,0.241563
9/7/19 20:00,2722.725315,2722.963614,0.238299
9/7/19 21:00,2722.722153,2722.959943,0.23779
9/7/19 22:00,2722.720624,2722.963614,0.24299
9/7/19 23:00,2722.724091,2722.962799,0.238708
9/8/19 0:00,2722.721133,2722.960453,0.23932
9/8/19 1:00,2722.722153,2722.963716,0.241563
9/8/19 2:00,2722.722663,2722.962391,0.239728
9/8/19 3:00,2722.722765,2722.964328,0.241563
9/8/19 4:00,2722.723683,2722.966776,0.243093
9/8/19 5:00,2722.724397,2722.968816,0.244419
9/8/19 6:00,2722.723071,2722.968,0.244929
9/8/19 7:00,2722.723479,2722.973202,0.249723
9/8/19 8:00,2722.726029,2722.975242,0.249213
9/8/19 9:00,2722.727151,2722.976771,0.24962
9/8/19 10:00,2722.728987,2722.97616,0.247173
9/8/19 11:00,2722.729395,2722.975038,0.245643
9/8/19 12:00,2722.726743,2722.975752,0.249009
9/8/19 13:00,2722.729395,2722.975854,0.246459
9/8/19 14:00,2722.727253,2722.984013,0.25676
9/8/19 15:00,2722.734392,2722.984727,0.250335
9/8/19 16:00,2722.731945,2722.981667,0.249722
9/8/19 17:00,2722.732353,2722.977281,0.244928
9/8/19 18:00,2722.730517,2722.972488,0.241971
9/8/19 19:00,2722.728171,2722.970652,0.242481
9/8/19 20:00,2722.726029,2722.968204,0.242175
9/8/19 21:00,2722.725315,2722.967694,0.242379
9/8/19 22:00,2722.723683,2722.970448,0.246765
9/8/19 23:00,2722.725111,2722.969224,0.244113
9/9/19 0:00,2722.725315,2722.970856,0.245541
9/9/19 1:00,2722.725315,2722.970448,0.245133
9/9/19 2:00,2722.724907,2722.971264,0.246357
9/9/19 3:00,2722.726233,2722.971468,0.245235
9/9/19 4:00,2722.725519,2722.969122,0.243603
9/9/19 5:00,2722.723887,2722.970958,0.247071
9/9/19 6:00,2722.725825,2722.972692,0.246867
9/9/19 7:00,2722.725315,2722.97565,0.250335
9/9/19 8:00,2722.727355,2722.976058,0.248703
9/9/19 9:00,2722.729395,2722.97616,0.246765
9/9/19 10:00,2722.728783,2722.975854,0.247071
9/9/19 11:00,2722.728783,2722.977281,0.248498
9/9/19 12:00,2722.730925,2722.975344,0.244419
9/9/19 13:00,2722.728477,2722.976058,0.247581
9/9/19 14:00,2722.728579,2722.975548,0.246969
9/9/19 15:00,2722.728273,2722.971366,0.243093
9/9/19 16:00,2722.727559,2722.971264,0.243705
9/9/19 17:00,2722.728477,2722.964226,0.235749
9/9/19 18:00,2722.723785,2722.961881,0.238096
9/9/19 19:00,2722.723275,2722.958617,0.235342
9/9/19 20:00,2722.721643,2722.955251,0.233608
9/9/19 21:00,2722.719604,2722.953619,0.234015
9/9/19 22:00,2722.716748,2722.952803,0.236055
9/9/19 23:00,2722.716034,2722.952803,0.236769
9/10/19 0:00,2722.717972,2722.954639,0.236667
9/10/19 1:00,2722.717666,2722.953721,0.236055
9/10/19 2:00,2722.716952,2722.955047,0.238095
9/10/19 3:00,2722.71634,2722.956679,0.240339
9/10/19 4:00,2722.718584,2722.957189,0.238605
9/10/19 5:00,2722.716952,2722.958923,0.241971
9/10/19 6:00,2722.717462,2722.955659,0.238197
9/10/19 7:00,2722.716544,2722.961065,0.244521
9/10/19 8:00,2722.720624,2722.964124,0.2435
9/10/19 9:00,2722.723275,2722.964736,0.241461
9/10/19 10:00,2722.721847,2722.965756,0.243909
9/10/19 11:00,2722.724397,2722.965654,0.241257
9/10/19 12:00,2722.722459,2722.964226,0.241767
9/10/19 13:00,2722.721337,2722.964226,0.242889
9/10/19 14:00,2722.722459,2722.96392,0.241461
9/10/19 15:00,2722.724907,2722.964736,0.239829
9/10/19 16:00,2722.724295,2722.963207,0.238912
9/10/19 17:00,2722.725927,2722.961575,0.235648
9/10/19 18:00,2722.723377,2722.957903,0.234526
9/10/19 19:00,2722.720624,2722.957495,0.236871
9/10/19 20:00,2722.721133,2722.957495,0.236362
9/10/19 21:00,2722.720114,2722.950865,0.230751
9/10/19 22:00,2722.715932,2722.953619,0.237687
9/10/19 23:00,2722.716442,2722.950661,0.234219
9/11/19 0:00,2722.71532,2722.950152,0.234832
9/11/19 1:00,2722.714912,2722.951477,0.236565
9/11/19 2:00,2722.716544,2722.955149,0.238605
9/11/19 3:00,2722.717462,2722.953415,0.235953
9/11/19 4:00,2722.718074,2722.956475,0.238401
9/11/19 5:00,2722.718482,2722.953109,0.234627
9/11/19 6:00,2722.715014,2722.956475,0.241461
9/11/19 7:00,2722.719808,2722.956169,0.236361
9/11/19 8:00,2722.718074,2722.962085,0.244011
9/11/19 9:00,2722.720929,2722.964328,0.243399
9/11/19 10:00,2722.719808,2722.965246,0.245438
9/11/19 11:00,2722.721949,2722.962799,0.24085
9/11/19 12:00,2722.719298,2722.964226,0.244928
9/11/19 13:00,2722.722357,2722.963614,0.241257
9/11/19 14:00,2722.722051,2722.961167,0.239116
9/11/19 15:00,2722.720114,2722.962493,0.242379
9/11/19 16:00,2722.720216,2722.959943,0.239727
9/11/19 17:00,2722.720624,2722.959229,0.238605
9/11/19 18:00,2722.722663,2722.951681,0.229018
9/11/19 19:00,2722.715218,2722.950152,0.234934
9/11/19 20:00,2722.716442,2722.951681,0.235239
9/11/19 21:00,2722.717156,2722.949336,0.23218
9/11/19 22:00,2722.71481,2722.951375,0.236565
9/11/19 23:00,2722.71685,2722.950661,0.233811
9/12/19 0:00,2722.71532,2722.950457,0.235137
9/12/19 1:00,2722.71532,2722.947194,0.231874
9/12/19 2:00,2722.713586,2722.947194,0.233608
9/12/19 3:00,2722.714096,2722.94801,0.233914
9/12/19 4:00,2722.712056,2722.945766,0.23371
9/12/19 5:00,2722.71175,2722.94852,0.23677
9/12/19 6:00,2722.713484,2722.947296,0.233812
9/12/19 7:00,2722.712872,2722.951273,0.238401
9/12/19 8:00,2722.71481,2722.952599,0.237789
9/12/19 9:00,2722.713892,2722.957699,0.243807
9/12/19 10:00,2722.71736,2722.959739,0.242379
9/12/19 11:00,2722.71685,2722.960249,0.243399
9/12/19 12:00,2722.717564,2722.957291,0.239727
9/12/19 13:00,2722.715524,2722.959229,0.243705
9/12/19 14:00,2722.717972,2722.959739,0.241767
9/12/19 15:00,2722.716136,2722.958209,0.242073
9/12/19 16:00,2722.720726,2722.955353,0.234627
9/12/19 17:00,2722.718176,2722.956169,0.237993
9/12/19 18:00,2722.719706,2722.951375,0.231669
9/12/19 19:00,2722.716748,2722.945256,0.228508
9/12/19 20:00,2722.710934,2722.94393,0.232996
9/12/19 21:00,2722.711852,2722.941788,0.229936
9/12/19 22:00,2722.709404,2722.94393,0.234526
9/12/19 23:00,2722.7092,2722.94138,0.23218
9/13/19 0:00,2722.708282,2722.942298,0.234016
9/13/19 1:00,2722.709506,2722.937606,0.2281
9/13/19 2:00,2722.706243,2722.938626,0.232383
9/13/19 3:00,2722.707671,2722.938728,0.231057
9/13/19 4:00,2722.707161,2722.93934,0.232179
9/13/19 5:00,2722.708282,2722.936383,0.228101
9/13/19 6:00,2722.706753,2722.936485,0.229732
9/13/19 7:00,2722.704407,2722.942502,0.238095
9/13/19 8:00,2722.710016,2722.947092,0.237076
9/13/19 9:00,2722.713484,2722.948826,0.235342
9/13/19 10:00,2722.713994,2722.949948,0.235954
9/13/19 11:00,2722.714402,2722.951069,0.236667
9/13/19 12:00,2722.715116,2722.950355,0.235239
9/13/19 13:00,2722.714198,2722.950152,0.235954
9/13/19 14:00,2722.713178,2722.950355,0.237177
9/13/19 15:00,2722.717156,2722.952395,0.235239
9/13/19 16:00,2722.7194,2722.950661,0.231261
9/13/19 17:00,2722.717156,2722.944032,0.226876
9/13/19 18:00,2722.715728,2722.93934,0.223612
9/13/19 19:00,2722.71073,2722.934649,0.223919
9/13/19 20:00,2722.710526,2722.934445,0.223919
9/13/19 21:00,2722.708588,2722.932405,0.223817
9/13/19 22:00,2722.706447,2722.931589,0.225142
9/13/19 23:00,2722.705529,2722.929957,0.224428
9/14/19 0:00,2722.705835,2722.930365,0.22453
9/14/19 1:00,2722.703897,2722.931487,0.22759
9/14/19 2:00,2722.703591,2722.927509,0.223918
9/14/19 3:00,2722.701653,2722.927407,0.225754
9/14/19 4:00,2722.702571,2722.930569,0.227998
9/14/19 5:00,2722.704611,2722.931079,0.226468
9/14/19 6:00,2722.702775,2722.931079,0.228304
9/14/19 7:00,2722.704101,2722.933731,0.22963
9/14/19 8:00,2722.706141,2722.94036,0.234219
9/14/19 9:00,2722.711138,2722.942196,0.231058
9/14/19 10:00,2722.71073,2722.941788,0.231058
9/14/19 11:00,2722.708792,2722.943522,0.23473
9/14/19 12:00,2722.70818,2722.94342,0.23524
9/14/19 13:00,2722.710118,2722.943216,0.233098
9/14/19 14:00,2722.711036,2722.943828,0.232792
9/14/19 15:00,2722.711444,2722.942604,0.23116
9/14/19 16:00,2722.712872,2722.943318,0.230446
9/14/19 17:00,2722.714198,2722.944644,0.230446
9/14/19 18:00,2722.712872,2722.939952,0.22708
9/14/19 19:00,2722.712974,2722.936383,0.223409
9/14/19 20:00,2722.709608,2722.932099,0.222491
9/14/19 21:00,2722.707365,2722.929549,0.222184
9/14/19 22:00,2722.703897,2722.928631,0.224734
9/14/19 23:00,2722.703591,2722.928631,0.22504
9/15/19 0:00,2722.703285,2722.931589,0.228304
9/15/19 1:00,2722.706345,2722.928631,0.222286
9/15/19 2:00,2722.705427,2722.928325,0.222898
9/15/19 3:00,2722.705019,2722.930263,0.225244
9/15/19 4:00,2722.704203,2722.930263,0.22606
9/15/19 5:00,2722.704407,2722.930365,0.225958
9/15/19 6:00,2722.707059,2722.931487,0.224428
9/15/19 7:00,2722.703693,2722.934343,0.23065
9/15/19 8:00,2722.705631,2722.938728,0.233097
9/15/19 9:00,2722.709812,2722.937606,0.227794
9/15/19 10:00,2722.707263,2722.939952,0.232689
9/15/19 11:00,2722.709404,2722.940156,0.230752
9/15/19 12:00,2722.708792,2722.941788,0.232996
9/15/19 13:00,2722.71073,2722.941074,0.230344
9/15/19 14:00,2722.713382,2722.941482,0.2281
9/15/19 15:00,2722.712974,2722.94036,0.227386
9/15/19 16:00,2722.714096,2722.941278,0.227182
9/15/19 17:00,2722.713076,2722.936383,0.223307
9/15/19 18:00,2722.711036,2722.932507,0.221471
9/15/19 19:00,2722.708486,2722.929345,0.220859
9/15/19 20:00,2722.706141,2722.928733,0.222592
9/15/19 21:00,2722.705325,2722.927203,0.221878
9/15/19 22:00,2722.707263,2722.927815,0.220552
9/15/19 23:00,2722.706039,2722.929957,0.223918
9/16/19 0:00,2722.707569,2722.931793,0.224224
9/16/19 1:00,2722.708282,2722.928121,0.219839
9/16/19 2:00,2722.706243,2722.932609,0.226366
9/16/19 3:00,2722.707365,2722.929753,0.222388
9/16/19 4:00,2722.706447,2722.931793,0.225346
9/16/19 5:00,2722.705427,2722.932201,0.226774
9/16/19 6:00,2722.706345,2722.934445,0.2281
9/16/19 7:00,2722.709302,2722.933425,0.224123
9/16/19 8:00,2722.707365,2722.935363,0.227998
9/16/19 9:00,2722.706345,2722.935465,0.22912
9/16/19 10:00,2722.707874,2722.936383,0.228509
9/16/19 11:00,2722.707671,2722.937504,0.229833
9/16/19 12:00,2722.709608,2722.938116,0.228508
9/16/19 13:00,2722.709608,2722.937402,0.227794
9/16/19 14:00,2722.707467,2722.936587,0.22912
9/16/19 15:00,2722.706549,2722.939034,0.232485
9/16/19 16:00,2722.709812,2722.94087,0.231058
9/16/19 17:00,2722.711546,2722.939646,0.2281
9/16/19 18:00,2722.710526,2722.937504,0.226978
9/16/19 19:00,2722.708486,2722.933425,0.224939
9/16/19 20:00,2722.707365,2722.929447,0.222082
9/16/19 21:00,2722.707874,2722.926693,0.218819
9/16/19 22:00,2722.704203,2722.925877,0.221674
9/16/19 23:00,2722.702877,2722.926183,0.223306
9/17/19 0:00,2722.701653,2722.926387,0.224734
9/17/19 1:00,2722.701041,2722.926693,0.225652
9/17/19 2:00,2722.701755,2722.925877,0.224122
9/17/19 3:00,2722.702061,2722.926795,0.224734
9/17/19 4:00,2722.701653,2722.925265,0.223612
9/17/19 5:00,2722.700531,2722.927305,0.226774
9/17/19 6:00,2722.702979,2722.929651,0.226672
9/17/19 7:00,2722.703693,2722.931079,0.227386
9/17/19 8:00,2722.702979,2722.930773,0.227794
9/17/19 9:00,2722.704917,2722.934241,0.229324
9/17/19 10:00,2722.706243,2722.94138,0.235137
9/17/19 11:00,2722.71124,2722.942808,0.231568
9/17/19 12:00,2722.71022,2722.94393,0.23371
9/17/19 13:00,2722.712158,2722.944542,0.232384
9/17/19 14:00,2722.712668,2722.946786,0.234118
9/17/19 15:00,2722.711036,2722.949132,0.238096
9/17/19 16:00,2722.713994,2722.949336,0.235342
9/17/19 17:00,2722.714504,2722.94597,0.231466
9/17/19 18:00,2722.715116,2722.94444,0.229324
9/17/19 19:00,2722.713892,2722.945562,0.23167
9/17/19 20:00,2722.7143,2722.951987,0.237687
9/17/19 21:00,2722.718482,2722.952395,0.233913
9/17/19 22:00,2722.717564,2722.953415,0.235851
9/17/19 23:00,2722.717666,2722.949846,0.23218
9/18/19 0:00,2722.715728,2722.948112,0.232384
9/18/19 1:00,2722.716748,2722.947806,0.231058
9/18/19 2:00,2722.715626,2722.94903,0.233404
9/18/19 3:00,2722.71532,2722.94699,0.23167
9/18/19 4:00,2722.712464,2722.945256,0.232792
9/18/19 5:00,2722.715116,2722.94546,0.230344
9/18/19 6:00,2722.714606,2722.944746,0.23014
9/18/19 7:00,2722.714402,2722.944746,0.230344
9/18/19 8:00,2722.710832,2722.947194,0.236362
9/18/19 9:00,2722.713586,2722.946786,0.2332
9/18/19 10:00,2722.715116,2722.945562,0.230446
9/18/19 11:00,2722.71124,2722.946072,0.234832
9/18/19 12:00,2722.712566,2722.943318,0.230752
9/18/19 13:00,2722.71124,2722.943828,0.232588
9/18/19 14:00,2722.71277,2722.944134,0.231364
9/18/19 15:00,2722.711444,2722.942808,0.231364
9/18/19 16:00,2722.712566,2722.941176,0.22861
9/18/19 17:00,2722.71175,2722.936995,0.225245
9/18/19 18:00,2722.709914,2722.932609,0.222695
9/18/19 19:00,2722.708588,2722.927611,0.219023
9/18/19 20:00,2722.704509,2722.924857,0.220348
9/18/19 21:00,2722.702163,2722.928325,0.226162
9/18/19 22:00,2722.702979,2722.930263,0.227284
9/18/19 23:00,2722.705733,2722.928937,0.223204
9/19/19 0:00,2722.706447,2722.928223,0.221776
9/19/19 1:00,2722.703795,2722.925877,0.222082
9/19/19 2:00,2722.703795,2722.924857,0.221062
9/19/19 3:00,2722.701857,2722.927713,0.225856
9/19/19 4:00,2722.702979,2722.924959,0.22198
9/19/19 5:00,2722.701551,2722.928427,0.226876
9/19/19 6:00,2722.702571,2722.925979,0.223408
9/19/19 7:00,2722.701143,2722.929345,0.228202
9/19/19 8:00,2722.703999,2722.931691,0.227692
9/19/19 9:00,2722.704713,2722.932813,0.2281
9/19/19 10:00,2722.707569,2722.936179,0.22861
9/19/19 11:00,2722.707263,2722.937504,0.230241
9/19/19 12:00,2722.70869,2722.936791,0.228101
9/19/19 13:00,2722.70869,2722.936995,0.228305
9/19/19 14:00,2722.71022,2722.934445,0.224225
9/19/19 15:00,2722.707365,2722.936179,0.228814
9/19/19 16:00,2722.707569,2722.934547,0.226978
9/19/19 17:00,2722.708486,2722.935669,0.227183
9/19/19 18:00,2722.7092,2722.929855,0.220655
9/19/19 19:00,2722.706549,2722.926693,0.220144
9/19/19 20:00,2722.704815,2722.925673,0.220858
9/19/19 21:00,2722.702061,2722.925979,0.223918
9/19/19 22:00,2722.705121,2722.928835,0.223714
9/19/19 23:00,2722.704917,2722.925775,0.220858
9/20/19 0:00,2722.703285,2722.925061,0.221776
9/20/19 1:00,2722.702265,2722.925367,0.223102
9/20/19 2:00,2722.701755,2722.924755,0.223
9/20/19 3:00,2722.702265,2722.923634,0.221369
9/20/19 4:00,2722.702571,2722.923532,0.220961
9/20/19 5:00,2722.700837,2722.922206,0.221369
9/20/19 6:00,2722.699409,2722.921696,0.222287
9/20/19 7:00,2722.698899,2722.926591,0.227692
9/20/19 8:00,2722.700837,2722.929039,0.228202
9/20/19 9:00,2722.704917,2722.930977,0.22606
9/20/19 10:00,2722.705631,2722.931691,0.22606
9/20/19 11:00,2722.705019,2722.932201,0.227182
9/20/19 12:00,2722.707569,2722.933221,0.225652
9/20/19 13:00,2722.706957,2722.930977,0.22402
9/20/19 14:00,2722.705529,2722.931895,0.226366
9/20/19 15:00,2722.707263,2722.929447,0.222184
9/20/19 16:00,2722.705733,2722.930569,0.224836
9/20/19 17:00,2722.7092,2722.928529,0.219329
9/20/19 18:00,2722.706141,2722.926693,0.220552
9/20/19 19:00,2722.705529,2722.921696,0.216167
9/20/19 20:00,2722.703489,2722.916086,0.212597
9/20/19 21:00,2722.699511,2722.9168,0.217289
9/20/19 22:00,2722.700837,2722.912006,0.211169
9/20/19 23:00,2722.696655,2722.913842,0.217187
9/21/19 0:00,2722.696349,2722.917514,0.221165
9/21/19 1:00,2722.699001,2722.917208,0.218207
9/21/19 2:00,2722.698185,2722.915372,0.217187
9/21/19 3:00,2722.696961,2722.914862,0.217901
9/21/19 4:00,2722.696145,2722.914556,0.218411
9/21/19 5:00,2722.696553,2722.91221,0.215657
9/21/19 6:00,2722.694717,2722.910986,0.216269
9/21/19 7:00,2722.69278,2722.91833,0.22555
9/21/19 8:00,2722.699001,2722.918126,0.219125
9/21/19 9:00,2722.697879,2722.921696,0.223817
9/21/19 10:00,2722.700429,2722.922614,0.222185
9/21/19 11:00,2722.701449,2722.923124,0.221675
9/21/19 12:00,2722.703693,2722.92394,0.220247
9/21/19 13:00,2722.701755,2722.924959,0.223204
9/21/19 14:00,2722.703387,2722.923532,0.220145
9/21/19 15:00,2722.702469,2722.924653,0.222184
9/21/19 16:00,2722.705121,2722.92394,0.218819
9/21/19 17:00,2722.703999,2722.9219,0.217901
9/21/19 18:00,2722.702775,2722.920064,0.217289
9/21/19 19:00,2722.701551,2722.918534,0.216983
9/21/19 20:00,2722.699205,2722.912618,0.213413
9/21/19 21:00,2722.695227,2722.910273,0.215046
9/21/19 22:00,2722.696349,2722.907927,0.211578
9/21/19 23:00,2722.691658,2722.906703,0.215045
9/22/19 0:00,2722.693188,2722.908029,0.214841
9/22/19 1:00,2722.694208,2722.908335,0.214127
9/22/19 2:00,2722.692168,2722.906091,0.213923
9/22/19 3:00,2722.693086,2722.904867,0.211781
9/22/19 4:00,2722.688394,2722.907213,0.218819
9/22/19 5:00,2722.68972,2722.903337,0.213617
9/22/19 6:00,2722.686762,2722.907519,0.220757
9/22/19 7:00,2722.690026,2722.91221,0.222184
9/22/19 8:00,2722.69329,2722.914148,0.220858
9/22/19 9:00,2722.697165,2722.918636,0.221471
9/22/19 10:00,2722.699919,2722.917004,0.217085
9/22/19 11:00,2722.698083,2722.919452,0.221369
9/22/19 12:00,2722.699715,2722.917106,0.217391
9/22/19 13:00,2722.697777,2722.91731,0.219533
9/22/19 14:00,2722.696961,2722.918534,0.221573
9/22/19 15:00,2722.701245,2722.916596,0.215351
9/22/19 16:00,2722.699613,2722.919656,0.220043
9/22/19 17:00,2722.701551,2722.914658,0.213107
9/22/19 18:00,2722.698083,2722.913638,0.215555
9/22/19 19:00,2722.697675,2722.908131,0.210456
9/22/19 20:00,2722.694412,2722.904561,0.210149
9/22/19 21:00,2722.692474,2722.904357,0.211883
9/22/19 22:00,2722.691658,2722.909865,0.218207
9/22/19 23:00,2722.693392,2722.910477,0.217085
9/23/19 0:00,2722.693086,2722.908335,0.215249
9/23/19 1:00,2722.693494,2722.908029,0.214535
9/23/19 2:00,2722.692984,2722.907111,0.214127
9/23/19 3:00,2722.690332,2722.905887,0.215555
9/23/19 4:00,2722.691658,2722.906193,0.214535
9/23/19 5:00,2722.690536,2722.905071,0.214535
9/23/19 6:00,2722.690434,2722.906397,0.215963
9/23/19 7:00,2722.690944,2722.908131,0.217187
9/23/19 8:00,2722.693392,2722.911394,0.218002
9/23/19 9:00,2722.696451,2722.915168,0.218717
9/23/19 10:00,2722.695533,2722.917514,0.221981
9/23/19 11:00,2722.698491,2722.91935,0.220859
9/23/19 12:00,2722.700021,2722.917616,0.217595
9/23/19 13:00,2722.699511,2722.920064,0.220553
9/23/19 14:00,2722.702061,2722.919146,0.217085
9/23/19 15:00,2722.698899,2722.920268,0.221369
9/23/19 16:00,2722.699715,2722.918738,0.219023
9/23/19 17:00,2722.700633,2722.914046,0.213413
9/23/19 18:00,2722.698389,2722.910171,0.211782
9/23/19 19:00,2722.697165,2722.906601,0.209436
9/23/19 20:00,2722.694514,2722.906601,0.212087
9/23/19 21:00,2722.69329,2722.908845,0.215555
9/23/19 22:00,2722.69431,2722.911598,0.217288
9/23/19 23:00,2722.694615,2722.907621,0.213006
9/24/19 0:00,2722.692984,2722.905479,0.212495
9/24/19 1:00,2722.691046,2722.906193,0.215147
9/24/19 2:00,2722.693596,2722.905683,0.212087
9/24/19 3:00,2722.692882,2722.902827,0.209945
9/24/19 4:00,2722.690434,2722.904663,0.214229
9/24/19 5:00,2722.691046,2722.905071,0.214025
9/24/19 6:00,2722.69125,2722.903133,0.211883
9/24/19 7:00,2722.689006,2722.907111,0.218105
9/24/19 8:00,2722.692678,2722.909661,0.216983
9/24/19 9:00,2722.695533,2722.91323,0.217697
9/24/19 10:00,2722.697063,2722.912108,0.215045
9/24/19 11:00,2722.695737,2722.914862,0.219125
9/24/19 12:00,2722.695941,2722.914964,0.219023
9/24/19 13:00,2722.698185,2722.914556,0.216371
9/24/19 14:00,2722.699205,2722.918636,0.219431
9/24/19 15:00,2722.700735,2722.917514,0.216779
9/24/19 16:00,2722.700735,2722.912516,0.211781
9/24/19 17:00,2722.697573,2722.913638,0.216065
9/24/19 18:00,2722.699307,2722.908029,0.208722
9/24/19 19:00,2722.696553,2722.901093,0.20454
9/24/19 20:00,2722.691556,2722.898951,0.207395
9/24/19 21:00,2722.691454,2722.903133,0.211679
9/24/19 22:00,2722.691148,2722.896504,0.205356
9/24/19 23:00,2722.689312,2722.901909,0.212597
9/25/19 0:00,2722.690536,2722.901603,0.211067
9/25/19 1:00,2722.69023,2722.900685,0.210455
9/25/19 2:00,2722.688292,2722.899767,0.211475
9/25/19 3:00,2722.687986,2722.898135,0.210149
9/25/19 4:00,2722.686762,2722.897829,0.211067
9/25/19 5:00,2722.687986,2722.898543,0.210557
9/25/19 6:00,2722.689312,2722.8963,0.206988
9/25/19 7:00,2722.684212,2722.903847,0.219635
9/25/19 8:00,2722.692372,2722.906907,0.214535
9/25/19 9:00,2722.693188,2722.907417,0.214229
9/25/19 10:00,2722.691658,2722.910579,0.218921
9/25/19 11:00,2722.696655,2722.91119,0.214535
9/25/19 12:00,2722.695329,2722.91119,0.215861
9/25/19 13:00,2722.697165,2722.9117,0.214535
9/25/19 14:00,2722.695329,2722.913434,0.218105
9/25/19 15:00,2722.700123,2722.913638,0.213515
9/25/19 16:00,2722.698797,2722.91119,0.212393
9/25/19 17:00,2722.698899,2722.908743,0.209844
9/25/19 18:00,2722.698593,2722.905479,0.206886
9/25/19 19:00,2722.697879,2722.902317,0.204438
9/25/19 20:00,2722.694004,2722.900277,0.206273
9/25/19 21:00,2722.691964,2722.907009,0.215045
9/25/19 22:00,2722.694004,2722.904969,0.210965
9/25/19 23:00,2722.694717,2722.903439,0.208722
9/26/19 0:00,2722.692066,2722.902011,0.209945
9/26/19 1:00,2722.69125,2722.901501,0.210251
9/26/19 2:00,2722.68972,2722.899461,0.209741
9/26/19 3:00,2722.690332,2722.898849,0.208517
9/26/19 4:00,2722.688496,2722.898747,0.210251
9/26/19 5:00,2722.689822,2722.899461,0.209639
9/26/19 6:00,2722.689006,2722.899053,0.210047
9/26/19 7:00,2722.687068,2722.902521,0.215453
9/26/19 8:00,2722.691964,2722.905989,0.214025
9/26/19 9:00,2722.691556,2722.906193,0.214637
9/26/19 10:00,2722.694106,2722.908335,0.214229
9/26/19 11:00,2722.694412,2722.911394,0.216982
9/26/19 12:00,2722.696451,2722.909049,0.212598
9/26/19 13:00,2722.696961,2722.909355,0.212394
9/26/19 14:00,2722.696859,2722.909355,0.212496
9/26/19 15:00,2722.697267,2722.909355,0.212088
9/26/19 16:00,2722.697165,2722.909865,0.2127
9/26/19 17:00,2722.699001,2722.907315,0.208314
9/26/19 18:00,2722.697573,2722.905887,0.208314
9/26/19 19:00,2722.694106,2722.901603,0.207497
9/26/19 20:00,2722.693086,2722.895484,0.202398
9/26/19 21:00,2722.689312,2722.898645,0.209333
9/26/19 22:00,2722.691046,2722.902521,0.211475
9/26/19 23:00,2722.692984,2722.902725,0.209741
9/27/19 0:00,2722.693392,2722.899869,0.206477
9/27/19 1:00,2722.69176,2722.900889,0.209129
9/27/19 2:00,2722.689516,2722.900583,0.211067
9/27/19 3:00,2722.6887,2722.900481,0.211781
9/27/19 4:00,2722.690842,2722.898339,0.207497
9/27/19 5:00,2722.688904,2722.899665,0.210761
9/27/19 6:00,2722.68972,2722.897422,0.207702
9/27/19 7:00,2722.687476,2722.901909,0.214433
9/27/19 8:00,2722.690332,2722.902011,0.211679
9/27/19 9:00,2722.69278,2722.904153,0.211373
9/27/19 10:00,2722.693392,2722.909559,0.216167
9/27/19 11:00,2722.6938,2722.911088,0.217288
9/27/19 12:00,2722.699205,2722.908845,0.20964
9/27/19 13:00,2722.696859,2722.910681,0.213822
9/27/19 14:00,2722.698185,2722.909355,0.21117
9/27/19 15:00,2722.696757,2722.912618,0.215861
9/27/19 16:00,2722.699205,2722.909559,0.210354
9/27/19 17:00,2722.697063,2722.909049,0.211986
9/27/19 18:00,2722.696961,2722.904357,0.207396
9/27/19 19:00,2722.695737,2722.900277,0.20454
9/27/19 20:00,2722.694921,2722.899563,0.204642
9/27/19 21:00,2722.691862,2722.902827,0.210965
9/27/19 22:00,2722.695227,2722.903745,0.208518
9/27/19 23:00,2722.694106,2722.906805,0.212699
9/28/19 0:00,2722.695329,2722.904459,0.20913
9/28/19 1:00,2722.692984,2722.903541,0.210557
9/28/19 2:00,2722.692984,2722.900991,0.208007
9/28/19 3:00,2722.691352,2722.902521,0.211169
9/28/19 4:00,2722.69023,2722.901603,0.211373
9/28/19 5:00,2722.690332,2722.900481,0.210149
9/28/19 6:00,2722.689822,2722.902215,0.212393
9/28/19 7:00,2722.689822,2722.906091,0.216269
9/28/19 8:00,2722.693188,2722.906295,0.213107
9/28/19 9:00,2722.694921,2722.908641,0.21372
9/28/19 10:00,2722.695329,2722.910171,0.214842
9/28/19 11:00,2722.696043,2722.912516,0.216473
9/28/19 12:00,2722.698083,2722.911802,0.213719
9/28/19 13:00,2722.697471,2722.910579,0.213108
9/28/19 14:00,2722.696859,2722.908845,0.211986
9/28/19 15:00,2722.696961,2722.909763,0.212802
9/28/19 16:00,2722.695737,2722.908743,0.213006
9/28/19 17:00,2722.698287,2722.907927,0.20964
9/28/19 18:00,2722.697063,2722.907417,0.210354
9/28/19 19:00,2722.696961,2722.907927,0.210966
9/28/19 20:00,2722.697267,2722.898645,0.201378
9/28/19 21:00,2722.692984,2722.899563,0.206579
9/28/19 22:00,2722.691454,2722.901195,0.209741
9/28/19 23:00,2722.692576,2722.903439,0.210863
9/29/19 0:00,2722.694921,2722.900889,0.205968
9/29/19 1:00,2722.6938,2722.898951,0.205151
9/29/19 2:00,2722.688904,2722.896402,0.207498
9/29/19 3:00,2722.690332,2722.899665,0.209333
9/29/19 4:00,2722.69176,2722.898033,0.206273
9/29/19 5:00,2722.690128,2722.898543,0.208415
9/29/19 6:00,2722.689618,2722.896912,0.207294
9/29/19 7:00,2722.688496,2722.900991,0.212495
9/29/19 8:00,2722.691964,2722.901501,0.209537
9/29/19 9:00,2722.691454,2722.903133,0.211679
9/29/19 10:00,2722.69431,2722.902011,0.207701
9/29/19 11:00,2722.690944,2722.909049,0.218105
9/29/19 12:00,2722.694106,2722.905683,0.211577
9/29/19 13:00,2722.69431,2722.906703,0.212393
9/29/19 14:00,2722.694514,2722.903745,0.209231
9/29/19 15:00,2722.695023,2722.907723,0.2127
9/29/19 16:00,2722.695125,2722.904765,0.20964
9/29/19 17:00,2722.694106,2722.903235,0.209129
9/29/19 18:00,2722.695839,2722.904153,0.208314
9/29/19 19:00,2722.696961,2722.899461,0.2025
9/29/19 20:00,2722.693188,2722.894362,0.201174
9/29/19 21:00,2722.691046,2722.897422,0.206376
9/29/19 22:00,2722.689618,2722.895892,0.206274
9/29/19 23:00,2722.690434,2722.896198,0.205764
9/30/19 0:00,2722.688802,2722.89273,0.203928
9/30/19 1:00,2722.684824,2722.895892,0.211068
9/30/19 2:00,2722.688394,2722.893036,0.204642
9/30/19 3:00,2722.690128,2722.89477,0.204642
9/30/19 4:00,2722.68666,2722.892628,0.205968
9/30/19 5:00,2722.68615,2722.8912,0.20505
9/30/19 6:00,2722.686456,2722.88967,0.203214
9/30/19 7:00,2722.683498,2722.8963,0.212802
9/30/19 8:00,2722.689516,2722.898135,0.208619
9/30/19 9:00,2722.68819,2722.898339,0.210149
9/30/19 10:00,2722.690128,2722.900073,0.209945
9/30/19 11:00,2722.693494,2722.899869,0.206375
9/30/19 12:00,2722.690638,2722.900175,0.209537
9/30/19 13:00,2722.69125,2722.901195,0.209945
9/30/19 14:00,2722.692882,2722.902215,0.209333
9/30/19 15:00,2722.691658,2722.902725,0.211067
9/30/19 16:00,2722.693698,2722.899563,0.205865
9/30/19 17:00,2722.693596,2722.897829,0.204233
9/30/19 18:00,2722.692168,2722.896096,0.203928
9/30/19 19:00,2722.690638,2722.891506,0.200868
9/30/19 20:00,2722.688496,2722.893342,0.204846
9/30/19 21:00,2722.687578,2722.89222,0.204642
9/30/19 22:00,2722.687782,2722.892322,0.20454
9/30/19 23:00,2722.68513,2722.89222,0.20709
10/1/19 0:00,2722.686048,2722.892016,0.205968
10/1/19 1:00,2722.686558,2722.89222,0.205662
10/1/19 2:00,2722.686762,2722.889772,0.20301
10/1/19 3:00,2722.684722,2722.888548,0.203826
10/1/19 4:00,2722.684926,2722.887834,0.202908
10/1/19 5:00,2722.683396,2722.88814,0.204744
10/1/19 6:00,2722.684314,2722.887222,0.202908
10/1/19 7:00,2722.682784,2722.893648,0.210864
10/1/19 8:00,2722.687782,2722.895994,0.208212
10/1/19 9:00,2722.689108,2722.895586,0.206478
10/1/19 10:00,2722.68921,2722.898237,0.209027
10/1/19 11:00,2722.692168,2722.900277,0.208109
10/1/19 12:00,2722.69227,2722.900175,0.207905
10/1/19 13:00,2722.692576,2722.897727,0.205151
10/1/19 14:00,2722.691046,2722.900991,0.209945
10/1/19 15:00,2722.693698,2722.900685,0.206987
10/1/19 16:00,2722.695431,2722.899053,0.203622
10/1/19 17:00,2722.692372,2722.897218,0.204846
10/1/19 18:00,2722.692984,2722.893648,0.200664
10/1/19 19:00,2722.689516,2722.891404,0.201888
10/1/19 20:00,2722.685844,2722.891404,0.20556
10/1/19 21:00,2722.686558,2722.889772,0.203214
10/1/19 22:00,2722.685028,2722.88865,0.203622
10/1/19 23:00,2722.683396,2722.887732,0.204336
10/2/19 0:00,2722.681764,2722.88661,0.204846
10/2/19 1:00,2722.683192,2722.887732,0.20454
10/2/19 2:00,2722.68207,2722.887834,0.205764
10/2/19 3:00,2722.683498,2722.888548,0.20505
10/2/19 4:00,2722.686048,2722.89018,0.204132
10/2/19 5:00,2722.686048,2722.889466,0.203418
10/2/19 6:00,2722.686252,2722.887222,0.20097
10/2/19 7:00,2722.682886,2722.891098,0.208212
10/2/19 8:00,2722.68615,2722.88916,0.20301
10/2/19 9:00,2722.68411,2722.88916,0.20505