TIME_UNITS h
DATA_UNITS m
!h  x   y   z
0.0000E+00	0.0000E+00	0.0000E+00	9.8106E-01
1.0000E+00	0.0000E+00	0.0000E+00	9.8106E-01
2.0000E+00	0.0000E+00	0.0000E+00	9.9032E-01
3.0000E+00	0.0000E+00	0.0000E+00	1.0048E+00
4.0000E+00	0.0000E+00	0.0000E+00	1.0160E+00
5.0000E+00	0.0000E+00	0.0000E+00	1.0206E+00
6.0000E+00	0.0000E+00	0.0000E+00	1.0304E+00
7.0000E+00	0.0000E+00	0.0000E+00	1.0398E+00
8.0000E+00	0.0000E+00	0.0000E+00	1.0520E+00
9.0000E+00	0.0000E+00	0.0000E+00	1.0617E+00
1.0000E+01	0.0000E+00	0.0000E+00	1.0648E+00
1.1000E+01	0.0000E+00	0.0000E+00	1.0120E+00
1.2000E+01	0.0000E+00	0.0000E+00	1.0063E+00
1.3000E+01	0.0000E+00	0.0000E+00	1.0016E+00
1.4000E+01	0.0000E+00	0.0000E+00	9.7206E-01
1.5000E+01	0.0000E+00	0.0000E+00	1.0113E+00
1.6000E+01	0.0000E+00	0.0000E+00	1.0041E+00
1.7000E+01	0.0000E+00	0.0000E+00	1.0151E+00
1.8000E+01	0.0000E+00	0.0000E+00	9.9941E-01
1.9000E+01	0.0000E+00	0.0000E+00	1.0049E+00
2.0000E+01	0.0000E+00	0.0000E+00	1.0038E+00
2.1000E+01	0.0000E+00	0.0000E+00	1.0059E+00
2.2000E+01	0.0000E+00	0.0000E+00	1.0031E+00
2.3000E+01	0.0000E+00	0.0000E+00	9.9923E-01
2.4000E+01	0.0000E+00	0.0000E+00	1.0024E+00
2.5000E+01	0.0000E+00	0.0000E+00	1.0089E+00
2.6000E+01	0.0000E+00	0.0000E+00	1.0081E+00
2.7000E+01	0.0000E+00	0.0000E+00	1.0112E+00
2.8000E+01	0.0000E+00	0.0000E+00	1.0288E+00
2.9000E+01	0.0000E+00	0.0000E+00	1.0591E+00
3.0000E+01	0.0000E+00	0.0000E+00	1.0808E+00
3.1000E+01	0.0000E+00	0.0000E+00	1.0831E+00
3.2000E+01	0.0000E+00	0.0000E+00	1.0591E+00
3.3000E+01	0.0000E+00	0.0000E+00	1.0416E+00
3.4000E+01	0.0000E+00	0.0000E+00	1.0340E+00
3.5000E+01	0.0000E+00	0.0000E+00	1.0036E+00
3.6000E+01	0.0000E+00	0.0000E+00	1.0063E+00
3.7000E+01	0.0000E+00	0.0000E+00	9.9641E-01
3.8000E+01	0.0000E+00	0.0000E+00	9.8552E-01
3.9000E+01	0.0000E+00	0.0000E+00	1.0022E+00
4.0000E+01	0.0000E+00	0.0000E+00	1.0007E+00
4.1000E+01	0.0000E+00	0.0000E+00	9.9732E-01
4.2000E+01	0.0000E+00	0.0000E+00	9.9561E-01
4.3000E+01	0.0000E+00	0.0000E+00	9.8988E-01
4.4000E+01	0.0000E+00	0.0000E+00	9.9415E-01
4.5000E+01	0.0000E+00	0.0000E+00	9.9223E-01
4.6000E+01	0.0000E+00	0.0000E+00	9.8979E-01
4.7000E+01	0.0000E+00	0.0000E+00	9.8506E-01
4.8000E+01	0.0000E+00	0.0000E+00	9.7706E-01
4.9000E+01	0.0000E+00	0.0000E+00	9.7206E-01
5.0000E+01	0.0000E+00	0.0000E+00	9.8806E-01
5.1000E+01	0.0000E+00	0.0000E+00	9.9961E-01
5.2000E+01	0.0000E+00	0.0000E+00	1.0108E+00
5.3000E+01	0.0000E+00	0.0000E+00	1.0221E+00
5.4000E+01	0.0000E+00	0.0000E+00	1.0386E+00
5.5000E+01	0.0000E+00	0.0000E+00	1.0448E+00
5.6000E+01	0.0000E+00	0.0000E+00	1.0560E+00
5.7000E+01	0.0000E+00	0.0000E+00	1.0777E+00
5.8000E+01	0.0000E+00	0.0000E+00	1.0966E+00
5.9000E+01	0.0000E+00	0.0000E+00	9.8332E-01
6.0000E+01	0.0000E+00	0.0000E+00	1.0047E+00
6.1000E+01	0.0000E+00	0.0000E+00	1.0072E+00
6.2000E+01	0.0000E+00	0.0000E+00	9.8179E-01
6.3000E+01	0.0000E+00	0.0000E+00	9.6815E-01
6.4000E+01	0.0000E+00	0.0000E+00	9.6879E-01
6.5000E+01	0.0000E+00	0.0000E+00	9.7061E-01
6.6000E+01	0.0000E+00	0.0000E+00	9.7088E-01
6.7000E+01	0.0000E+00	0.0000E+00	9.7441E-01
6.8000E+01	0.0000E+00	0.0000E+00	9.7632E-01
6.9000E+01	0.0000E+00	0.0000E+00	1.0083E+00
7.0000E+01	0.0000E+00	0.0000E+00	9.9906E-01
7.1000E+01	0.0000E+00	0.0000E+00	9.9832E-01
7.2000E+01	0.0000E+00	0.0000E+00	9.9315E-01
7.3000E+01	0.0000E+00	0.0000E+00	9.8461E-01
7.4000E+01	0.0000E+00	0.0000E+00	9.8670E-01
7.5000E+01	0.0000E+00	0.0000E+00	1.0008E+00
7.6000E+01	0.0000E+00	0.0000E+00	1.0069E+00
7.7000E+01	0.0000E+00	0.0000E+00	1.0099E+00
7.8000E+01	0.0000E+00	0.0000E+00	1.0172E+00
7.9000E+01	0.0000E+00	0.0000E+00	1.0201E+00
8.0000E+01	0.0000E+00	0.0000E+00	1.0266E+00
8.1000E+01	0.0000E+00	0.0000E+00	1.0302E+00
8.2000E+01	0.0000E+00	0.0000E+00	1.0484E+00
8.3000E+01	0.0000E+00	0.0000E+00	1.0087E+00
8.4000E+01	0.0000E+00	0.0000E+00	1.0148E+00
8.5000E+01	0.0000E+00	0.0000E+00	1.0091E+00
8.6000E+01	0.0000E+00	0.0000E+00	9.7370E-01
8.7000E+01	0.0000E+00	0.0000E+00	9.7497E-01
8.8000E+01	0.0000E+00	0.0000E+00	9.8715E-01
8.9000E+01	0.0000E+00	0.0000E+00	9.8097E-01
9.0000E+01	0.0000E+00	0.0000E+00	9.8041E-01
9.1000E+01	0.0000E+00	0.0000E+00	9.8179E-01
9.2000E+01	0.0000E+00	0.0000E+00	1.0006E+00
9.3000E+01	0.0000E+00	0.0000E+00	1.0160E+00
9.4000E+01	0.0000E+00	0.0000E+00	1.0071E+00
9.5000E+01	0.0000E+00	0.0000E+00	9.9941E-01
9.6000E+01	0.0000E+00	0.0000E+00	9.9806E-01
9.7000E+01	0.0000E+00	0.0000E+00	9.9361E-01
9.8000E+01	0.0000E+00	0.0000E+00	9.9515E-01
9.9000E+01	0.0000E+00	0.0000E+00	9.9623E-01
1.0000E+02	0.0000E+00	0.0000E+00	1.0001E+00
1.0100E+02	0.0000E+00	0.0000E+00	9.9670E-01
1.0200E+02	0.0000E+00	0.0000E+00	9.9588E-01
1.0300E+02	0.0000E+00	0.0000E+00	9.8979E-01
1.0400E+02	0.0000E+00	0.0000E+00	9.8761E-01
1.0500E+02	0.0000E+00	0.0000E+00	9.8470E-01
1.0600E+02	0.0000E+00	0.0000E+00	9.8041E-01
1.0700E+02	0.0000E+00	0.0000E+00	9.8152E-01
1.0800E+02	0.0000E+00	0.0000E+00	9.7888E-01
1.0900E+02	0.0000E+00	0.0000E+00	9.7988E-01
1.1000E+02	0.0000E+00	0.0000E+00	9.7661E-01
1.1100E+02	0.0000E+00	0.0000E+00	9.7661E-01
1.1200E+02	0.0000E+00	0.0000E+00	9.7523E-01
1.1300E+02	0.0000E+00	0.0000E+00	9.7761E-01
1.1400E+02	0.0000E+00	0.0000E+00	9.7770E-01
1.1500E+02	0.0000E+00	0.0000E+00	9.7832E-01
1.1600E+02	0.0000E+00	0.0000E+00	9.7832E-01
1.1700E+02	0.0000E+00	0.0000E+00	9.7861E-01
1.1800E+02	0.0000E+00	0.0000E+00	9.7732E-01
1.1900E+02	0.0000E+00	0.0000E+00	9.7670E-01
1.2000E+02	0.0000E+00	0.0000E+00	9.7770E-01
1.2100E+02	0.0000E+00	0.0000E+00	9.7861E-01
1.2200E+02	0.0000E+00	0.0000E+00	9.7932E-01
1.2300E+02	0.0000E+00	0.0000E+00	9.8088E-01
1.2400E+02	0.0000E+00	0.0000E+00	9.8170E-01
1.2500E+02	0.0000E+00	0.0000E+00	9.7932E-01
1.2600E+02	0.0000E+00	0.0000E+00	9.8032E-01
1.2700E+02	0.0000E+00	0.0000E+00	9.7861E-01
1.2800E+02	0.0000E+00	0.0000E+00	9.7770E-01
1.2900E+02	0.0000E+00	0.0000E+00	9.7906E-01
1.3000E+02	0.0000E+00	0.0000E+00	9.7870E-01
1.3100E+02	0.0000E+00	0.0000E+00	9.7623E-01
1.3200E+02	0.0000E+00	0.0000E+00	9.7761E-01
1.3300E+02	0.0000E+00	0.0000E+00	9.7823E-01
1.3400E+02	0.0000E+00	0.0000E+00	9.8152E-01
1.3500E+02	0.0000E+00	0.0000E+00	9.8470E-01
1.3600E+02	0.0000E+00	0.0000E+00	9.9223E-01
1.3700E+02	0.0000E+00	0.0000E+00	9.9488E-01
1.3800E+02	0.0000E+00	0.0000E+00	1.0004E+00
1.3900E+02	0.0000E+00	0.0000E+00	1.0101E+00
1.4000E+02	0.0000E+00	0.0000E+00	1.0171E+00
1.4100E+02	0.0000E+00	0.0000E+00	1.0253E+00
1.4200E+02	0.0000E+00	0.0000E+00	1.0406E+00
1.4300E+02	0.0000E+00	0.0000E+00	1.0509E+00
1.4400E+02	0.0000E+00	0.0000E+00	1.0619E+00
1.4500E+02	0.0000E+00	0.0000E+00	1.0971E+00
1.4600E+02	0.0000E+00	0.0000E+00	1.0928E+00
1.4700E+02	0.0000E+00	0.0000E+00	1.0801E+00
1.4800E+02	0.0000E+00	0.0000E+00	1.0701E+00
1.4900E+02	0.0000E+00	0.0000E+00	1.0728E+00
1.5000E+02	0.0000E+00	0.0000E+00	1.0622E+00
1.5100E+02	0.0000E+00	0.0000E+00	1.0608E+00
1.5200E+02	0.0000E+00	0.0000E+00	1.0626E+00
1.5300E+02	0.0000E+00	0.0000E+00	1.0601E+00
1.5400E+02	0.0000E+00	0.0000E+00	1.0601E+00
1.5500E+02	0.0000E+00	0.0000E+00	1.0584E+00
1.5600E+02	0.0000E+00	0.0000E+00	1.0529E+00
1.5700E+02	0.0000E+00	0.0000E+00	1.0542E+00
1.5800E+02	0.0000E+00	0.0000E+00	1.0679E+00
1.5900E+02	0.0000E+00	0.0000E+00	1.0736E+00
1.6000E+02	0.0000E+00	0.0000E+00	1.0930E+00
1.6100E+02	0.0000E+00	0.0000E+00	1.0961E+00
1.6200E+02	0.0000E+00	0.0000E+00	1.0891E+00
1.6300E+02	0.0000E+00	0.0000E+00	1.0967E+00
1.6400E+02	0.0000E+00	0.0000E+00	1.0891E+00
1.6500E+02	0.0000E+00	0.0000E+00	1.0876E+00
1.6600E+02	0.0000E+00	0.0000E+00	1.0857E+00
1.6700E+02	0.0000E+00	0.0000E+00	1.0762E+00
1.6800E+02	0.0000E+00	0.0000E+00	1.0701E+00
1.6900E+02	0.0000E+00	0.0000E+00	1.0596E+00
1.7000E+02	0.0000E+00	0.0000E+00	1.0541E+00
1.7100E+02	0.0000E+00	0.0000E+00	1.0492E+00
1.7200E+02	0.0000E+00	0.0000E+00	1.0478E+00
1.7300E+02	0.0000E+00	0.0000E+00	1.0358E+00
1.7400E+02	0.0000E+00	0.0000E+00	1.0322E+00
1.7500E+02	0.0000E+00	0.0000E+00	1.0273E+00
1.7600E+02	0.0000E+00	0.0000E+00	1.0260E+00
1.7700E+02	0.0000E+00	0.0000E+00	1.0261E+00
1.7800E+02	0.0000E+00	0.0000E+00	1.0221E+00
1.7900E+02	0.0000E+00	0.0000E+00	1.0228E+00
1.8000E+02	0.0000E+00	0.0000E+00	1.0274E+00
1.8100E+02	0.0000E+00	0.0000E+00	1.0335E+00
1.8200E+02	0.0000E+00	0.0000E+00	1.0336E+00
1.8300E+02	0.0000E+00	0.0000E+00	1.0381E+00
1.8400E+02	0.0000E+00	0.0000E+00	1.0417E+00
1.8500E+02	0.0000E+00	0.0000E+00	1.0561E+00
1.8600E+02	0.0000E+00	0.0000E+00	1.0507E+00
1.8700E+02	0.0000E+00	0.0000E+00	1.0455E+00
1.8800E+02	0.0000E+00	0.0000E+00	1.0511E+00
1.8900E+02	0.0000E+00	0.0000E+00	1.0551E+00
1.9000E+02	0.0000E+00	0.0000E+00	1.0521E+00
1.9100E+02	0.0000E+00	0.0000E+00	1.0523E+00
1.9200E+02	0.0000E+00	0.0000E+00	1.0451E+00
1.9300E+02	0.0000E+00	0.0000E+00	1.0371E+00
1.9400E+02	0.0000E+00	0.0000E+00	1.0403E+00
1.9500E+02	0.0000E+00	0.0000E+00	1.0476E+00
1.9600E+02	0.0000E+00	0.0000E+00	1.0553E+00
1.9700E+02	0.0000E+00	0.0000E+00	1.0582E+00
1.9800E+02	0.0000E+00	0.0000E+00	1.0539E+00
1.9900E+02	0.0000E+00	0.0000E+00	1.0535E+00
2.0000E+02	0.0000E+00	0.0000E+00	1.0513E+00
2.0100E+02	0.0000E+00	0.0000E+00	1.0484E+00
2.0200E+02	0.0000E+00	0.0000E+00	1.0286E+00
2.0300E+02	0.0000E+00	0.0000E+00	1.0019E+00
2.0400E+02	0.0000E+00	0.0000E+00	1.0237E+00
2.0500E+02	0.0000E+00	0.0000E+00	1.0339E+00
2.0600E+02	0.0000E+00	0.0000E+00	1.0224E+00
2.0700E+02	0.0000E+00	0.0000E+00	1.0173E+00
2.0800E+02	0.0000E+00	0.0000E+00	1.0111E+00
2.0900E+02	0.0000E+00	0.0000E+00	1.0790E+00
2.1000E+02	0.0000E+00	0.0000E+00	1.0604E+00
2.1100E+02	0.0000E+00	0.0000E+00	1.0569E+00
2.1200E+02	0.0000E+00	0.0000E+00	1.0687E+00
2.1300E+02	0.0000E+00	0.0000E+00	1.0792E+00
2.1400E+02	0.0000E+00	0.0000E+00	1.0796E+00
2.1500E+02	0.0000E+00	0.0000E+00	1.0737E+00
2.1600E+02	0.0000E+00	0.0000E+00	1.0701E+00
2.1700E+02	0.0000E+00	0.0000E+00	1.0651E+00
2.1800E+02	0.0000E+00	0.0000E+00	1.0540E+00
2.1900E+02	0.0000E+00	0.0000E+00	1.0434E+00
2.2000E+02	0.0000E+00	0.0000E+00	1.0434E+00
2.2100E+02	0.0000E+00	0.0000E+00	1.0518E+00
2.2200E+02	0.0000E+00	0.0000E+00	1.0549E+00
2.2300E+02	0.0000E+00	0.0000E+00	1.0551E+00
2.2400E+02	0.0000E+00	0.0000E+00	1.0577E+00
2.2500E+02	0.0000E+00	0.0000E+00	1.0546E+00
2.2600E+02	0.0000E+00	0.0000E+00	1.0216E+00
2.2700E+02	0.0000E+00	0.0000E+00	1.0172E+00
2.2800E+02	0.0000E+00	0.0000E+00	1.0476E+00
2.2900E+02	0.0000E+00	0.0000E+00	1.0442E+00
2.3000E+02	0.0000E+00	0.0000E+00	1.0542E+00
2.3100E+02	0.0000E+00	0.0000E+00	1.0541E+00
2.3200E+02	0.0000E+00	0.0000E+00	1.0604E+00
2.3300E+02	0.0000E+00	0.0000E+00	1.0536E+00
2.3400E+02	0.0000E+00	0.0000E+00	1.0733E+00
2.3500E+02	0.0000E+00	0.0000E+00	1.1150E+00
2.3600E+02	0.0000E+00	0.0000E+00	1.1230E+00
2.3700E+02	0.0000E+00	0.0000E+00	1.1230E+00
2.3800E+02	0.0000E+00	0.0000E+00	1.1210E+00
2.3900E+02	0.0000E+00	0.0000E+00	1.1083E+00
2.4000E+02	0.0000E+00	0.0000E+00	1.0992E+00
2.4100E+02	0.0000E+00	0.0000E+00	1.0971E+00
2.4200E+02	0.0000E+00	0.0000E+00	1.0871E+00
2.4300E+02	0.0000E+00	0.0000E+00	1.0803E+00
2.4400E+02	0.0000E+00	0.0000E+00	1.0753E+00
2.4500E+02	0.0000E+00	0.0000E+00	1.0700E+00
2.4600E+02	0.0000E+00	0.0000E+00	1.0650E+00
2.4700E+02	0.0000E+00	0.0000E+00	1.0598E+00
2.4800E+02	0.0000E+00	0.0000E+00	1.0451E+00
2.4900E+02	0.0000E+00	0.0000E+00	1.0412E+00
2.5000E+02	0.0000E+00	0.0000E+00	1.0424E+00
2.5100E+02	0.0000E+00	0.0000E+00	1.0516E+00
2.5200E+02	0.0000E+00	0.0000E+00	1.0453E+00
2.5300E+02	0.0000E+00	0.0000E+00	1.0541E+00
2.5400E+02	0.0000E+00	0.0000E+00	1.0500E+00
2.5500E+02	0.0000E+00	0.0000E+00	1.0589E+00
2.5600E+02	0.0000E+00	0.0000E+00	1.0449E+00
2.5700E+02	0.0000E+00	0.0000E+00	1.0444E+00
2.5800E+02	0.0000E+00	0.0000E+00	1.0522E+00
2.5900E+02	0.0000E+00	0.0000E+00	1.0567E+00
2.6000E+02	0.0000E+00	0.0000E+00	1.0591E+00
2.6100E+02	0.0000E+00	0.0000E+00	1.0554E+00
2.6200E+02	0.0000E+00	0.0000E+00	1.0573E+00
2.6300E+02	0.0000E+00	0.0000E+00	1.0533E+00
2.6400E+02	0.0000E+00	0.0000E+00	1.0478E+00
2.6500E+02	0.0000E+00	0.0000E+00	1.0440E+00
2.6600E+02	0.0000E+00	0.0000E+00	1.0429E+00
2.6700E+02	0.0000E+00	0.0000E+00	1.0386E+00
2.6800E+02	0.0000E+00	0.0000E+00	1.0337E+00
2.6900E+02	0.0000E+00	0.0000E+00	1.0283E+00
2.7000E+02	0.0000E+00	0.0000E+00	1.0211E+00
2.7100E+02	0.0000E+00	0.0000E+00	1.0223E+00
2.7200E+02	0.0000E+00	0.0000E+00	1.0481E+00
2.7300E+02	0.0000E+00	0.0000E+00	1.0723E+00
2.7400E+02	0.0000E+00	0.0000E+00	1.0906E+00
2.7500E+02	0.0000E+00	0.0000E+00	1.0871E+00
2.7600E+02	0.0000E+00	0.0000E+00	1.0846E+00
2.7700E+02	0.0000E+00	0.0000E+00	1.0268E+00
2.7800E+02	0.0000E+00	0.0000E+00	1.0171E+00
2.7900E+02	0.0000E+00	0.0000E+00	1.0316E+00
2.8000E+02	0.0000E+00	0.0000E+00	1.0363E+00
2.8100E+02	0.0000E+00	0.0000E+00	1.0295E+00
2.8200E+02	0.0000E+00	0.0000E+00	1.0227E+00
2.8300E+02	0.0000E+00	0.0000E+00	1.0162E+00
2.8400E+02	0.0000E+00	0.0000E+00	1.0237E+00
2.8500E+02	0.0000E+00	0.0000E+00	1.0266E+00
2.8600E+02	0.0000E+00	0.0000E+00	1.0234E+00
2.8700E+02	0.0000E+00	0.0000E+00	1.0228E+00
2.8800E+02	0.0000E+00	0.0000E+00	1.0192E+00
2.8900E+02	0.0000E+00	0.0000E+00	1.0163E+00
2.9000E+02	0.0000E+00	0.0000E+00	1.0113E+00
2.9100E+02	0.0000E+00	0.0000E+00	1.0106E+00
2.9200E+02	0.0000E+00	0.0000E+00	1.0062E+00
2.9300E+02	0.0000E+00	0.0000E+00	1.0046E+00
2.9400E+02	0.0000E+00	0.0000E+00	9.9688E-01
2.9500E+02	0.0000E+00	0.0000E+00	9.8915E-01
2.9600E+02	0.0000E+00	0.0000E+00	9.8770E-01
2.9700E+02	0.0000E+00	0.0000E+00	9.8761E-01
2.9800E+02	0.0000E+00	0.0000E+00	9.8432E-01
2.9900E+02	0.0000E+00	0.0000E+00	9.8279E-01
3.0000E+02	0.0000E+00	0.0000E+00	9.8270E-01
3.0100E+02	0.0000E+00	0.0000E+00	9.8206E-01
3.0200E+02	0.0000E+00	0.0000E+00	9.8970E-01
3.0300E+02	0.0000E+00	0.0000E+00	1.0081E+00
3.0400E+02	0.0000E+00	0.0000E+00	1.0107E+00
3.0500E+02	0.0000E+00	0.0000E+00	1.0073E+00
3.0600E+02	0.0000E+00	0.0000E+00	1.0067E+00
3.0700E+02	0.0000E+00	0.0000E+00	1.0119E+00
3.0800E+02	0.0000E+00	0.0000E+00	1.0336E+00
3.0900E+02	0.0000E+00	0.0000E+00	1.0357E+00
3.1000E+02	0.0000E+00	0.0000E+00	1.0341E+00
3.1100E+02	0.0000E+00	0.0000E+00	1.0274E+00
3.1200E+02	0.0000E+00	0.0000E+00	1.0239E+00
3.1300E+02	0.0000E+00	0.0000E+00	1.0163E+00
3.1400E+02	0.0000E+00	0.0000E+00	1.0131E+00
3.1500E+02	0.0000E+00	0.0000E+00	1.0097E+00
3.1600E+02	0.0000E+00	0.0000E+00	1.0044E+00
3.1700E+02	0.0000E+00	0.0000E+00	1.0068E+00
3.1800E+02	0.0000E+00	0.0000E+00	1.0027E+00
3.1900E+02	0.0000E+00	0.0000E+00	1.0023E+00
3.2000E+02	0.0000E+00	0.0000E+00	9.9706E-01
3.2100E+02	0.0000E+00	0.0000E+00	9.9497E-01
3.2200E+02	0.0000E+00	0.0000E+00	9.8570E-01
3.2300E+02	0.0000E+00	0.0000E+00	9.8188E-01
3.2400E+02	0.0000E+00	0.0000E+00	9.8441E-01
3.2500E+02	0.0000E+00	0.0000E+00	9.8841E-01
3.2600E+02	0.0000E+00	0.0000E+00	1.0010E+00
3.2700E+02	0.0000E+00	0.0000E+00	1.0255E+00
3.2800E+02	0.0000E+00	0.0000E+00	1.0261E+00
3.2900E+02	0.0000E+00	0.0000E+00	1.0163E+00
3.3000E+02	0.0000E+00	0.0000E+00	1.0221E+00
3.3100E+02	0.0000E+00	0.0000E+00	1.0461E+00
3.3200E+02	0.0000E+00	0.0000E+00	1.0581E+00
3.3300E+02	0.0000E+00	0.0000E+00	1.0649E+00
3.3400E+02	0.0000E+00	0.0000E+00	1.0676E+00
3.3500E+02	0.0000E+00	0.0000E+00	1.0674E+00
3.3600E+02	0.0000E+00	0.0000E+00	1.0620E+00
3.3700E+02	0.0000E+00	0.0000E+00	1.0577E+00
3.3800E+02	0.0000E+00	0.0000E+00	1.0578E+00
3.3900E+02	0.0000E+00	0.0000E+00	1.0543E+00
3.4000E+02	0.0000E+00	0.0000E+00	1.0511E+00
3.4100E+02	0.0000E+00	0.0000E+00	1.0471E+00
3.4200E+02	0.0000E+00	0.0000E+00	1.0413E+00
3.4300E+02	0.0000E+00	0.0000E+00	1.0376E+00
3.4400E+02	0.0000E+00	0.0000E+00	1.0343E+00
3.4500E+02	0.0000E+00	0.0000E+00	1.0303E+00
3.4600E+02	0.0000E+00	0.0000E+00	1.0276E+00
3.4700E+02	0.0000E+00	0.0000E+00	1.0288E+00
3.4800E+02	0.0000E+00	0.0000E+00	1.0290E+00
3.4900E+02	0.0000E+00	0.0000E+00	1.0327E+00
3.5000E+02	0.0000E+00	0.0000E+00	1.0341E+00
3.5100E+02	0.0000E+00	0.0000E+00	1.0358E+00
3.5200E+02	0.0000E+00	0.0000E+00	1.0393E+00
3.5300E+02	0.0000E+00	0.0000E+00	1.0431E+00
3.5400E+02	0.0000E+00	0.0000E+00	1.0493E+00
3.5500E+02	0.0000E+00	0.0000E+00	1.0511E+00
3.5600E+02	0.0000E+00	0.0000E+00	1.0542E+00
3.5700E+02	0.0000E+00	0.0000E+00	1.0542E+00
3.5800E+02	0.0000E+00	0.0000E+00	1.0543E+00
3.5900E+02	0.0000E+00	0.0000E+00	1.0536E+00
3.6000E+02	0.0000E+00	0.0000E+00	1.0530E+00
3.6100E+02	0.0000E+00	0.0000E+00	1.0492E+00
3.6200E+02	0.0000E+00	0.0000E+00	1.0486E+00
3.6300E+02	0.0000E+00	0.0000E+00	1.0471E+00
3.6400E+02	0.0000E+00	0.0000E+00	1.0431E+00
3.6500E+02	0.0000E+00	0.0000E+00	1.0401E+00
3.6600E+02	0.0000E+00	0.0000E+00	1.0348E+00
3.6700E+02	0.0000E+00	0.0000E+00	1.0301E+00
3.6800E+02	0.0000E+00	0.0000E+00	1.0310E+00
3.6900E+02	0.0000E+00	0.0000E+00	1.0270E+00
3.7000E+02	0.0000E+00	0.0000E+00	1.0250E+00
3.7100E+02	0.0000E+00	0.0000E+00	1.0199E+00
3.7200E+02	0.0000E+00	0.0000E+00	1.0211E+00
3.7300E+02	0.0000E+00	0.0000E+00	1.0202E+00
3.7400E+02	0.0000E+00	0.0000E+00	1.0272E+00
3.7500E+02	0.0000E+00	0.0000E+00	1.0273E+00
3.7600E+02	0.0000E+00	0.0000E+00	1.0199E+00
3.7700E+02	0.0000E+00	0.0000E+00	1.0162E+00
3.7800E+02	0.0000E+00	0.0000E+00	1.0206E+00
3.7900E+02	0.0000E+00	0.0000E+00	1.0309E+00
3.8000E+02	0.0000E+00	0.0000E+00	1.0210E+00
3.8100E+02	0.0000E+00	0.0000E+00	1.0198E+00
3.8200E+02	0.0000E+00	0.0000E+00	1.0159E+00
3.8300E+02	0.0000E+00	0.0000E+00	1.0149E+00
3.8400E+02	0.0000E+00	0.0000E+00	1.0101E+00
3.8500E+02	0.0000E+00	0.0000E+00	1.0084E+00
3.8600E+02	0.0000E+00	0.0000E+00	1.0050E+00
3.8700E+02	0.0000E+00	0.0000E+00	1.0012E+00
3.8800E+02	0.0000E+00	0.0000E+00	9.8815E-01
3.8900E+02	0.0000E+00	0.0000E+00	9.7832E-01
3.9000E+02	0.0000E+00	0.0000E+00	9.9297E-01
3.9100E+02	0.0000E+00	0.0000E+00	9.9923E-01
3.9200E+02	0.0000E+00	0.0000E+00	1.0207E+00
3.9300E+02	0.0000E+00	0.0000E+00	1.0903E+00
3.9400E+02	0.0000E+00	0.0000E+00	1.1380E+00
3.9500E+02	0.0000E+00	0.0000E+00	1.1034E+00
3.9600E+02	0.0000E+00	0.0000E+00	1.0080E+00
3.9700E+02	0.0000E+00	0.0000E+00	9.6432E-01
3.9800E+02	0.0000E+00	0.0000E+00	9.8497E-01
3.9900E+02	0.0000E+00	0.0000E+00	1.0187E+00
4.0000E+02	0.0000E+00	0.0000E+00	1.0352E+00
4.0100E+02	0.0000E+00	0.0000E+00	1.0343E+00
4.0200E+02	0.0000E+00	0.0000E+00	1.0313E+00
4.0300E+02	0.0000E+00	0.0000E+00	1.0652E+00
4.0400E+02	0.0000E+00	0.0000E+00	1.0693E+00
4.0500E+02	0.0000E+00	0.0000E+00	1.0674E+00
4.0600E+02	0.0000E+00	0.0000E+00	1.0604E+00
4.0700E+02	0.0000E+00	0.0000E+00	1.0540E+00
4.0800E+02	0.0000E+00	0.0000E+00	1.0458E+00
4.0900E+02	0.0000E+00	0.0000E+00	1.0391E+00
4.1000E+02	0.0000E+00	0.0000E+00	1.0331E+00
4.1100E+02	0.0000E+00	0.0000E+00	1.0317E+00
4.1200E+02	0.0000E+00	0.0000E+00	1.0278E+00
4.1300E+02	0.0000E+00	0.0000E+00	1.0281E+00
4.1400E+02	0.0000E+00	0.0000E+00	1.0244E+00
4.1500E+02	0.0000E+00	0.0000E+00	1.0207E+00
4.1600E+02	0.0000E+00	0.0000E+00	1.0121E+00
4.1700E+02	0.0000E+00	0.0000E+00	9.9797E-01
4.1800E+02	0.0000E+00	0.0000E+00	9.9661E-01
4.1900E+02	0.0000E+00	0.0000E+00	9.9752E-01
4.2000E+02	0.0000E+00	0.0000E+00	9.9432E-01
4.2100E+02	0.0000E+00	0.0000E+00	9.9823E-01
4.2200E+02	0.0000E+00	0.0000E+00	1.0118E+00
4.2300E+02	0.0000E+00	0.0000E+00	1.0348E+00
4.2400E+02	0.0000E+00	0.0000E+00	1.0339E+00
4.2500E+02	0.0000E+00	0.0000E+00	1.0273E+00
4.2600E+02	0.0000E+00	0.0000E+00	1.0416E+00
4.2700E+02	0.0000E+00	0.0000E+00	1.0658E+00
4.2800E+02	0.0000E+00	0.0000E+00	1.0577E+00
4.2900E+02	0.0000E+00	0.0000E+00	1.0519E+00
4.3000E+02	0.0000E+00	0.0000E+00	1.0513E+00
4.3100E+02	0.0000E+00	0.0000E+00	1.0473E+00
4.3200E+02	0.0000E+00	0.0000E+00	1.0447E+00
4.3300E+02	0.0000E+00	0.0000E+00	1.0457E+00
4.3400E+02	0.0000E+00	0.0000E+00	1.0453E+00
4.3500E+02	0.0000E+00	0.0000E+00	1.0436E+00
4.3600E+02	0.0000E+00	0.0000E+00	1.0444E+00
4.3700E+02	0.0000E+00	0.0000E+00	1.0430E+00
4.3800E+02	0.0000E+00	0.0000E+00	1.0410E+00
4.3900E+02	0.0000E+00	0.0000E+00	1.0428E+00
4.4000E+02	0.0000E+00	0.0000E+00	1.0366E+00
4.4100E+02	0.0000E+00	0.0000E+00	1.0377E+00
4.4200E+02	0.0000E+00	0.0000E+00	1.0378E+00
4.4300E+02	0.0000E+00	0.0000E+00	1.0342E+00
4.4400E+02	0.0000E+00	0.0000E+00	1.0351E+00
4.4500E+02	0.0000E+00	0.0000E+00	1.0314E+00
4.4600E+02	0.0000E+00	0.0000E+00	1.0284E+00
4.4700E+02	0.0000E+00	0.0000E+00	1.0288E+00
4.4800E+02	0.0000E+00	0.0000E+00	1.0367E+00
4.4900E+02	0.0000E+00	0.0000E+00	1.0393E+00
4.5000E+02	0.0000E+00	0.0000E+00	1.0415E+00
4.5100E+02	0.0000E+00	0.0000E+00	1.0486E+00
4.5200E+02	0.0000E+00	0.0000E+00	1.0476E+00
4.5300E+02	0.0000E+00	0.0000E+00	1.0471E+00
4.5400E+02	0.0000E+00	0.0000E+00	1.0433E+00
4.5500E+02	0.0000E+00	0.0000E+00	1.0396E+00
4.5600E+02	0.0000E+00	0.0000E+00	1.0361E+00
4.5700E+02	0.0000E+00	0.0000E+00	1.0351E+00
4.5800E+02	0.0000E+00	0.0000E+00	1.0339E+00
4.5900E+02	0.0000E+00	0.0000E+00	1.0302E+00
4.6000E+02	0.0000E+00	0.0000E+00	1.0298E+00
4.6100E+02	0.0000E+00	0.0000E+00	1.0284E+00
4.6200E+02	0.0000E+00	0.0000E+00	1.0248E+00
4.6300E+02	0.0000E+00	0.0000E+00	1.0223E+00
4.6400E+02	0.0000E+00	0.0000E+00	1.0169E+00
4.6500E+02	0.0000E+00	0.0000E+00	1.0127E+00
4.6600E+02	0.0000E+00	0.0000E+00	1.0106E+00
4.6700E+02	0.0000E+00	0.0000E+00	1.0123E+00
4.6800E+02	0.0000E+00	0.0000E+00	1.0133E+00
4.6900E+02	0.0000E+00	0.0000E+00	1.0162E+00
4.7000E+02	0.0000E+00	0.0000E+00	1.0159E+00
4.7100E+02	0.0000E+00	0.0000E+00	1.0167E+00
4.7200E+02	0.0000E+00	0.0000E+00	1.0188E+00
4.7300E+02	0.0000E+00	0.0000E+00	1.0190E+00
4.7400E+02	0.0000E+00	0.0000E+00	1.0212E+00
4.7500E+02	0.0000E+00	0.0000E+00	1.0300E+00
4.7600E+02	0.0000E+00	0.0000E+00	1.0281E+00
4.7700E+02	0.0000E+00	0.0000E+00	1.0348E+00
4.7800E+02	0.0000E+00	0.0000E+00	1.0373E+00
4.7900E+02	0.0000E+00	0.0000E+00	1.0341E+00
4.8000E+02	0.0000E+00	0.0000E+00	1.0333E+00
4.8100E+02	0.0000E+00	0.0000E+00	1.0328E+00
4.8200E+02	0.0000E+00	0.0000E+00	1.0281E+00
4.8300E+02	0.0000E+00	0.0000E+00	1.0266E+00
4.8400E+02	0.0000E+00	0.0000E+00	1.0221E+00
4.8500E+02	0.0000E+00	0.0000E+00	1.0213E+00
4.8600E+02	0.0000E+00	0.0000E+00	1.0192E+00
4.8700E+02	0.0000E+00	0.0000E+00	1.0156E+00
4.8800E+02	0.0000E+00	0.0000E+00	1.0124E+00
4.8900E+02	0.0000E+00	0.0000E+00	1.0113E+00
4.9000E+02	0.0000E+00	0.0000E+00	1.0072E+00
4.9100E+02	0.0000E+00	0.0000E+00	1.0055E+00
4.9200E+02	0.0000E+00	0.0000E+00	1.0047E+00
4.9300E+02	0.0000E+00	0.0000E+00	1.0059E+00
4.9400E+02	0.0000E+00	0.0000E+00	1.0118E+00
4.9500E+02	0.0000E+00	0.0000E+00	1.0150E+00
4.9600E+02	0.0000E+00	0.0000E+00	1.0152E+00
4.9700E+02	0.0000E+00	0.0000E+00	1.0141E+00
4.9800E+02	0.0000E+00	0.0000E+00	1.0194E+00
4.9900E+02	0.0000E+00	0.0000E+00	1.0479E+00
5.0000E+02	0.0000E+00	0.0000E+00	1.0441E+00
5.0100E+02	0.0000E+00	0.0000E+00	1.0454E+00
5.0200E+02	0.0000E+00	0.0000E+00	1.0496E+00
5.0300E+02	0.0000E+00	0.0000E+00	1.0543E+00
5.0400E+02	0.0000E+00	0.0000E+00	1.0582E+00
5.0500E+02	0.0000E+00	0.0000E+00	1.0641E+00
5.0600E+02	0.0000E+00	0.0000E+00	1.0690E+00
5.0700E+02	0.0000E+00	0.0000E+00	1.0736E+00
5.0800E+02	0.0000E+00	0.0000E+00	1.0701E+00
5.0900E+02	0.0000E+00	0.0000E+00	1.0686E+00
5.1000E+02	0.0000E+00	0.0000E+00	1.0661E+00
5.1100E+02	0.0000E+00	0.0000E+00	1.0625E+00
5.1200E+02	0.0000E+00	0.0000E+00	1.0614E+00
5.1300E+02	0.0000E+00	0.0000E+00	1.0575E+00
5.1400E+02	0.0000E+00	0.0000E+00	1.0547E+00
5.1500E+02	0.0000E+00	0.0000E+00	1.0552E+00
5.1600E+02	0.0000E+00	0.0000E+00	1.0534E+00
5.1700E+02	0.0000E+00	0.0000E+00	1.0531E+00
5.1800E+02	0.0000E+00	0.0000E+00	1.0531E+00
5.1900E+02	0.0000E+00	0.0000E+00	1.0498E+00
5.2000E+02	0.0000E+00	0.0000E+00	1.0492E+00
5.2100E+02	0.0000E+00	0.0000E+00	1.0570E+00
5.2200E+02	0.0000E+00	0.0000E+00	1.0591E+00
5.2300E+02	0.0000E+00	0.0000E+00	1.0591E+00
5.2400E+02	0.0000E+00	0.0000E+00	1.0687E+00
5.2500E+02	0.0000E+00	0.0000E+00	1.0743E+00
5.2600E+02	0.0000E+00	0.0000E+00	1.0817E+00
5.2700E+02	0.0000E+00	0.0000E+00	1.0884E+00
5.2800E+02	0.0000E+00	0.0000E+00	1.0991E+00
5.2900E+02	0.0000E+00	0.0000E+00	1.1059E+00
5.3000E+02	0.0000E+00	0.0000E+00	1.1070E+00
5.3100E+02	0.0000E+00	0.0000E+00	1.1073E+00
5.3200E+02	0.0000E+00	0.0000E+00	1.1038E+00
5.3300E+02	0.0000E+00	0.0000E+00	1.1008E+00
5.3400E+02	0.0000E+00	0.0000E+00	1.0999E+00
5.3500E+02	0.0000E+00	0.0000E+00	1.0940E+00
5.3600E+02	0.0000E+00	0.0000E+00	1.0955E+00
5.3700E+02	0.0000E+00	0.0000E+00	1.0919E+00
5.3800E+02	0.0000E+00	0.0000E+00	1.0901E+00
5.3900E+02	0.0000E+00	0.0000E+00	1.0890E+00
5.4000E+02	0.0000E+00	0.0000E+00	1.0878E+00
5.4100E+02	0.0000E+00	0.0000E+00	1.0864E+00
5.4200E+02	0.0000E+00	0.0000E+00	1.0841E+00
5.4300E+02	0.0000E+00	0.0000E+00	1.0829E+00
5.4400E+02	0.0000E+00	0.0000E+00	1.0834E+00
5.4500E+02	0.0000E+00	0.0000E+00	1.0852E+00
5.4600E+02	0.0000E+00	0.0000E+00	1.0825E+00
5.4700E+02	0.0000E+00	0.0000E+00	1.0853E+00
5.4800E+02	0.0000E+00	0.0000E+00	1.0961E+00
5.4900E+02	0.0000E+00	0.0000E+00	1.1001E+00
5.5000E+02	0.0000E+00	0.0000E+00	1.1028E+00
5.5100E+02	0.0000E+00	0.0000E+00	1.1076E+00
5.5200E+02	0.0000E+00	0.0000E+00	1.1073E+00
5.5300E+02	0.0000E+00	0.0000E+00	1.1063E+00
5.5400E+02	0.0000E+00	0.0000E+00	1.0993E+00
5.5500E+02	0.0000E+00	0.0000E+00	1.0982E+00
5.5600E+02	0.0000E+00	0.0000E+00	1.0933E+00
5.5700E+02	0.0000E+00	0.0000E+00	1.0894E+00
5.5800E+02	0.0000E+00	0.0000E+00	1.0861E+00
5.5900E+02	0.0000E+00	0.0000E+00	1.0809E+00
5.6000E+02	0.0000E+00	0.0000E+00	1.0739E+00
5.6100E+02	0.0000E+00	0.0000E+00	1.0531E+00
5.6200E+02	0.0000E+00	0.0000E+00	1.0525E+00
5.6300E+02	0.0000E+00	0.0000E+00	1.0534E+00
5.6400E+02	0.0000E+00	0.0000E+00	1.0576E+00
5.6500E+02	0.0000E+00	0.0000E+00	1.0645E+00
5.6600E+02	0.0000E+00	0.0000E+00	1.0800E+00
5.6700E+02	0.0000E+00	0.0000E+00	1.0853E+00
5.6800E+02	0.0000E+00	0.0000E+00	1.0714E+00
5.6900E+02	0.0000E+00	0.0000E+00	1.0873E+00
5.7000E+02	0.0000E+00	0.0000E+00	1.1066E+00
5.7100E+02	0.0000E+00	0.0000E+00	1.0917E+00
5.7200E+02	0.0000E+00	0.0000E+00	1.0865E+00
5.7300E+02	0.0000E+00	0.0000E+00	1.0946E+00
5.7400E+02	0.0000E+00	0.0000E+00	1.1016E+00
5.7500E+02	0.0000E+00	0.0000E+00	1.1056E+00
5.7600E+02	0.0000E+00	0.0000E+00	1.1141E+00
5.7700E+02	0.0000E+00	0.0000E+00	1.1218E+00
5.7800E+02	0.0000E+00	0.0000E+00	1.1209E+00
5.7900E+02	0.0000E+00	0.0000E+00	1.1209E+00
5.8000E+02	0.0000E+00	0.0000E+00	1.1199E+00
5.8100E+02	0.0000E+00	0.0000E+00	1.1129E+00
5.8200E+02	0.0000E+00	0.0000E+00	1.1108E+00
5.8300E+02	0.0000E+00	0.0000E+00	1.1072E+00
5.8400E+02	0.0000E+00	0.0000E+00	1.1049E+00
5.8500E+02	0.0000E+00	0.0000E+00	1.0997E+00
5.8600E+02	0.0000E+00	0.0000E+00	1.0886E+00
5.8700E+02	0.0000E+00	0.0000E+00	1.0908E+00
5.8800E+02	0.0000E+00	0.0000E+00	1.0915E+00
5.8900E+02	0.0000E+00	0.0000E+00	1.0986E+00
5.9000E+02	0.0000E+00	0.0000E+00	1.1097E+00
5.9100E+02	0.0000E+00	0.0000E+00	1.0990E+00
5.9200E+02	0.0000E+00	0.0000E+00	1.0980E+00
5.9300E+02	0.0000E+00	0.0000E+00	1.1122E+00
5.9400E+02	0.0000E+00	0.0000E+00	1.1005E+00
5.9500E+02	0.0000E+00	0.0000E+00	1.0970E+00
5.9600E+02	0.0000E+00	0.0000E+00	1.1042E+00
5.9700E+02	0.0000E+00	0.0000E+00	1.1134E+00
5.9800E+02	0.0000E+00	0.0000E+00	1.1185E+00
5.9900E+02	0.0000E+00	0.0000E+00	1.1340E+00
6.0000E+02	0.0000E+00	0.0000E+00	1.1471E+00
6.0100E+02	0.0000E+00	0.0000E+00	1.1521E+00
6.0200E+02	0.0000E+00	0.0000E+00	1.1521E+00
6.0300E+02	0.0000E+00	0.0000E+00	1.1530E+00
6.0400E+02	0.0000E+00	0.0000E+00	1.1511E+00
6.0500E+02	0.0000E+00	0.0000E+00	1.1520E+00
6.0600E+02	0.0000E+00	0.0000E+00	1.1441E+00
6.0700E+02	0.0000E+00	0.0000E+00	1.1401E+00
6.0800E+02	0.0000E+00	0.0000E+00	1.1381E+00
6.0900E+02	0.0000E+00	0.0000E+00	1.1311E+00
6.1000E+02	0.0000E+00	0.0000E+00	1.1171E+00
6.1100E+02	0.0000E+00	0.0000E+00	1.1185E+00
6.1200E+02	0.0000E+00	0.0000E+00	1.1201E+00
6.1300E+02	0.0000E+00	0.0000E+00	1.1303E+00
6.1400E+02	0.0000E+00	0.0000E+00	1.1293E+00
6.1500E+02	0.0000E+00	0.0000E+00	1.1223E+00
6.1600E+02	0.0000E+00	0.0000E+00	1.1283E+00
6.1700E+02	0.0000E+00	0.0000E+00	1.1393E+00
6.1800E+02	0.0000E+00	0.0000E+00	1.1213E+00
6.1900E+02	0.0000E+00	0.0000E+00	1.1254E+00
6.2000E+02	0.0000E+00	0.0000E+00	1.1363E+00
6.2100E+02	0.0000E+00	0.0000E+00	1.1484E+00
6.2200E+02	0.0000E+00	0.0000E+00	1.1663E+00
6.2300E+02	0.0000E+00	0.0000E+00	1.1864E+00
6.2400E+02	0.0000E+00	0.0000E+00	1.2024E+00
6.2500E+02	0.0000E+00	0.0000E+00	1.2103E+00
6.2600E+02	0.0000E+00	0.0000E+00	1.2104E+00
6.2700E+02	0.0000E+00	0.0000E+00	1.2084E+00
6.2800E+02	0.0000E+00	0.0000E+00	1.2074E+00
6.2900E+02	0.0000E+00	0.0000E+00	1.2034E+00
6.3000E+02	0.0000E+00	0.0000E+00	1.1934E+00
6.3100E+02	0.0000E+00	0.0000E+00	1.1874E+00
6.3200E+02	0.0000E+00	0.0000E+00	1.1844E+00
6.3300E+02	0.0000E+00	0.0000E+00	1.1755E+00
6.3400E+02	0.0000E+00	0.0000E+00	1.1755E+00
6.3500E+02	0.0000E+00	0.0000E+00	1.1705E+00
6.3600E+02	0.0000E+00	0.0000E+00	1.1725E+00
6.3700E+02	0.0000E+00	0.0000E+00	1.1704E+00
6.3800E+02	0.0000E+00	0.0000E+00	1.1665E+00
6.3900E+02	0.0000E+00	0.0000E+00	1.1695E+00
6.4000E+02	0.0000E+00	0.0000E+00	1.1685E+00
6.4100E+02	0.0000E+00	0.0000E+00	1.1666E+00
6.4200E+02	0.0000E+00	0.0000E+00	1.1685E+00
6.4300E+02	0.0000E+00	0.0000E+00	1.1706E+00
6.4400E+02	0.0000E+00	0.0000E+00	1.1805E+00
6.4500E+02	0.0000E+00	0.0000E+00	1.1936E+00
6.4600E+02	0.0000E+00	0.0000E+00	1.2045E+00
6.4700E+02	0.0000E+00	0.0000E+00	1.2156E+00
6.4800E+02	0.0000E+00	0.0000E+00	1.2306E+00
6.4900E+02	0.0000E+00	0.0000E+00	1.2396E+00
6.5000E+02	0.0000E+00	0.0000E+00	1.2346E+00
6.5100E+02	0.0000E+00	0.0000E+00	1.2356E+00
6.5200E+02	0.0000E+00	0.0000E+00	1.2356E+00
6.5300E+02	0.0000E+00	0.0000E+00	1.2386E+00
6.5400E+02	0.0000E+00	0.0000E+00	1.2317E+00
6.5500E+02	0.0000E+00	0.0000E+00	1.2277E+00
6.5600E+02	0.0000E+00	0.0000E+00	1.2257E+00
6.5700E+02	0.0000E+00	0.0000E+00	1.2137E+00
6.5800E+02	0.0000E+00	0.0000E+00	1.2137E+00
6.5900E+02	0.0000E+00	0.0000E+00	1.2077E+00
6.6000E+02	0.0000E+00	0.0000E+00	1.2067E+00
6.6100E+02	0.0000E+00	0.0000E+00	1.2026E+00
6.6200E+02	0.0000E+00	0.0000E+00	1.2007E+00
6.6300E+02	0.0000E+00	0.0000E+00	1.1987E+00
6.6400E+02	0.0000E+00	0.0000E+00	1.1957E+00
6.6500E+02	0.0000E+00	0.0000E+00	1.1967E+00
6.6600E+02	0.0000E+00	0.0000E+00	1.2007E+00
6.6700E+02	0.0000E+00	0.0000E+00	1.2078E+00
6.6800E+02	0.0000E+00	0.0000E+00	1.2158E+00
6.6900E+02	0.0000E+00	0.0000E+00	1.2268E+00
6.7000E+02	0.0000E+00	0.0000E+00	1.2367E+00
6.7100E+02	0.0000E+00	0.0000E+00	1.2408E+00
6.7200E+02	0.0000E+00	0.0000E+00	1.2458E+00
6.7300E+02	0.0000E+00	0.0000E+00	1.2468E+00
6.7400E+02	0.0000E+00	0.0000E+00	1.2438E+00
6.7500E+02	0.0000E+00	0.0000E+00	1.2398E+00
6.7600E+02	0.0000E+00	0.0000E+00	1.2368E+00
6.7700E+02	0.0000E+00	0.0000E+00	1.2328E+00
6.7800E+02	0.0000E+00	0.0000E+00	1.2248E+00
6.7900E+02	0.0000E+00	0.0000E+00	1.2238E+00
6.8000E+02	0.0000E+00	0.0000E+00	1.2188E+00
6.8100E+02	0.0000E+00	0.0000E+00	1.2169E+00
6.8200E+02	0.0000E+00	0.0000E+00	1.2119E+00
6.8300E+02	0.0000E+00	0.0000E+00	1.2099E+00
6.8400E+02	0.0000E+00	0.0000E+00	1.2079E+00
6.8500E+02	0.0000E+00	0.0000E+00	1.2029E+00
6.8600E+02	0.0000E+00	0.0000E+00	1.2009E+00
6.8700E+02	0.0000E+00	0.0000E+00	1.1769E+00
6.8800E+02	0.0000E+00	0.0000E+00	1.1709E+00
6.8900E+02	0.0000E+00	0.0000E+00	1.1720E+00
6.9000E+02	0.0000E+00	0.0000E+00	1.1739E+00
6.9100E+02	0.0000E+00	0.0000E+00	1.1820E+00
6.9200E+02	0.0000E+00	0.0000E+00	1.1929E+00
6.9300E+02	0.0000E+00	0.0000E+00	1.1980E+00
6.9400E+02	0.0000E+00	0.0000E+00	1.2130E+00
6.9500E+02	0.0000E+00	0.0000E+00	1.2210E+00
6.9600E+02	0.0000E+00	0.0000E+00	1.2240E+00
6.9700E+02	0.0000E+00	0.0000E+00	1.2250E+00
6.9800E+02	0.0000E+00	0.0000E+00	1.2201E+00
6.9900E+02	0.0000E+00	0.0000E+00	1.2141E+00
7.0000E+02	0.0000E+00	0.0000E+00	1.2090E+00
7.0100E+02	0.0000E+00	0.0000E+00	1.2050E+00
7.0200E+02	0.0000E+00	0.0000E+00	1.2031E+00
7.0300E+02	0.0000E+00	0.0000E+00	1.1961E+00
7.0400E+02	0.0000E+00	0.0000E+00	1.1891E+00
7.0500E+02	0.0000E+00	0.0000E+00	1.1881E+00
7.0600E+02	0.0000E+00	0.0000E+00	1.1831E+00
7.0700E+02	0.0000E+00	0.0000E+00	1.1781E+00
7.0800E+02	0.0000E+00	0.0000E+00	1.1822E+00
7.0900E+02	0.0000E+00	0.0000E+00	1.1781E+00
7.1000E+02	0.0000E+00	0.0000E+00	1.1771E+00
7.1100E+02	0.0000E+00	0.0000E+00	1.1701E+00
7.1200E+02	0.0000E+00	0.0000E+00	1.1702E+00
7.1300E+02	0.0000E+00	0.0000E+00	1.1672E+00
7.1400E+02	0.0000E+00	0.0000E+00	1.1661E+00
7.1500E+02	0.0000E+00	0.0000E+00	1.1631E+00
7.1600E+02	0.0000E+00	0.0000E+00	1.1662E+00
7.1700E+02	0.0000E+00	0.0000E+00	1.1702E+00
7.1800E+02	0.0000E+00	0.0000E+00	1.1712E+00
7.1900E+02	0.0000E+00	0.0000E+00	1.1692E+00
7.2000E+02	0.0000E+00	0.0000E+00	1.1692E+00
7.2100E+02	0.0000E+00	0.0000E+00	1.1682E+00
7.2200E+02	0.0000E+00	0.0000E+00	1.1662E+00
7.2300E+02	0.0000E+00	0.0000E+00	1.1602E+00
7.2400E+02	0.0000E+00	0.0000E+00	1.1573E+00
7.2500E+02	0.0000E+00	0.0000E+00	1.1523E+00
7.2600E+02	0.0000E+00	0.0000E+00	1.1543E+00
7.2700E+02	0.0000E+00	0.0000E+00	1.1483E+00
7.2800E+02	0.0000E+00	0.0000E+00	1.1473E+00
7.2900E+02	0.0000E+00	0.0000E+00	1.1453E+00
7.3000E+02	0.0000E+00	0.0000E+00	1.1453E+00
7.3100E+02	0.0000E+00	0.0000E+00	1.1433E+00
7.3200E+02	0.0000E+00	0.0000E+00	1.1443E+00
7.3300E+02	0.0000E+00	0.0000E+00	1.1434E+00
7.3400E+02	0.0000E+00	0.0000E+00	1.1423E+00
7.3500E+02	0.0000E+00	0.0000E+00	1.1179E+00
7.3600E+02	0.0000E+00	0.0000E+00	1.1171E+00
7.3700E+02	0.0000E+00	0.0000E+00	1.1159E+00
7.3800E+02	0.0000E+00	0.0000E+00	1.1160E+00
7.3900E+02	0.0000E+00	0.0000E+00	1.1156E+00
7.4000E+02	0.0000E+00	0.0000E+00	1.1165E+00
7.4100E+02	0.0000E+00	0.0000E+00	1.1162E+00
7.4200E+02	0.0000E+00	0.0000E+00	1.1195E+00
7.4300E+02	0.0000E+00	0.0000E+00	1.1202E+00
7.4400E+02	0.0000E+00	0.0000E+00	1.1167E+00
7.4500E+02	0.0000E+00	0.0000E+00	1.1149E+00
7.4600E+02	0.0000E+00	0.0000E+00	1.1122E+00
7.4700E+02	0.0000E+00	0.0000E+00	1.1112E+00
7.4800E+02	0.0000E+00	0.0000E+00	1.1132E+00
7.4900E+02	0.0000E+00	0.0000E+00	1.1131E+00
7.5000E+02	0.0000E+00	0.0000E+00	1.1083E+00
7.5100E+02	0.0000E+00	0.0000E+00	1.1080E+00
7.5200E+02	0.0000E+00	0.0000E+00	1.1051E+00
7.5300E+02	0.0000E+00	0.0000E+00	1.1054E+00
7.5400E+02	0.0000E+00	0.0000E+00	1.1012E+00
7.5500E+02	0.0000E+00	0.0000E+00	1.1003E+00
7.5600E+02	0.0000E+00	0.0000E+00	1.0945E+00
7.5700E+02	0.0000E+00	0.0000E+00	1.0960E+00
7.5800E+02	0.0000E+00	0.0000E+00	1.0821E+00
7.5900E+02	0.0000E+00	0.0000E+00	1.0819E+00
7.6000E+02	0.0000E+00	0.0000E+00	1.0846E+00
7.6100E+02	0.0000E+00	0.0000E+00	1.0830E+00
7.6200E+02	0.0000E+00	0.0000E+00	1.0813E+00
7.6300E+02	0.0000E+00	0.0000E+00	1.0837E+00
7.6400E+02	0.0000E+00	0.0000E+00	1.0806E+00
7.6500E+02	0.0000E+00	0.0000E+00	1.0838E+00
7.6600E+02	0.0000E+00	0.0000E+00	1.0796E+00
7.6700E+02	0.0000E+00	0.0000E+00	1.0799E+00
7.6800E+02	0.0000E+00	0.0000E+00	1.0799E+00
7.6900E+02	0.0000E+00	0.0000E+00	1.0784E+00
7.7000E+02	0.0000E+00	0.0000E+00	1.0789E+00
7.7100E+02	0.0000E+00	0.0000E+00	1.0782E+00
7.7200E+02	0.0000E+00	0.0000E+00	1.0781E+00
7.7300E+02	0.0000E+00	0.0000E+00	1.0741E+00
7.7400E+02	0.0000E+00	0.0000E+00	1.0705E+00
7.7500E+02	0.0000E+00	0.0000E+00	1.0666E+00
7.7600E+02	0.0000E+00	0.0000E+00	1.0628E+00
7.7700E+02	0.0000E+00	0.0000E+00	1.0626E+00
7.7800E+02	0.0000E+00	0.0000E+00	1.0610E+00
7.7900E+02	0.0000E+00	0.0000E+00	1.0586E+00
7.8000E+02	0.0000E+00	0.0000E+00	1.0586E+00
7.8100E+02	0.0000E+00	0.0000E+00	1.0603E+00
7.8200E+02	0.0000E+00	0.0000E+00	1.0520E+00
7.8300E+02	0.0000E+00	0.0000E+00	1.0519E+00
7.8400E+02	0.0000E+00	0.0000E+00	1.0515E+00
7.8500E+02	0.0000E+00	0.0000E+00	1.0491E+00
7.8600E+02	0.0000E+00	0.0000E+00	1.0517E+00
7.8700E+02	0.0000E+00	0.0000E+00	1.0514E+00
7.8800E+02	0.0000E+00	0.0000E+00	1.0560E+00
7.8900E+02	0.0000E+00	0.0000E+00	1.0687E+00
7.9000E+02	0.0000E+00	0.0000E+00	1.0756E+00
7.9100E+02	0.0000E+00	0.0000E+00	1.0874E+00
7.9200E+02	0.0000E+00	0.0000E+00	1.0986E+00
7.9300E+02	0.0000E+00	0.0000E+00	1.1046E+00
7.9400E+02	0.0000E+00	0.0000E+00	1.1072E+00
7.9500E+02	0.0000E+00	0.0000E+00	1.1053E+00
7.9600E+02	0.0000E+00	0.0000E+00	1.1029E+00
7.9700E+02	0.0000E+00	0.0000E+00	1.0992E+00
7.9800E+02	0.0000E+00	0.0000E+00	1.0934E+00
7.9900E+02	0.0000E+00	0.0000E+00	1.0877E+00
8.0000E+02	0.0000E+00	0.0000E+00	1.0838E+00
8.0100E+02	0.0000E+00	0.0000E+00	1.0824E+00
8.0200E+02	0.0000E+00	0.0000E+00	1.0808E+00
8.0300E+02	0.0000E+00	0.0000E+00	1.0776E+00
8.0400E+02	0.0000E+00	0.0000E+00	1.0786E+00
8.0500E+02	0.0000E+00	0.0000E+00	1.0772E+00
8.0600E+02	0.0000E+00	0.0000E+00	1.0742E+00
8.0700E+02	0.0000E+00	0.0000E+00	1.0760E+00
8.0800E+02	0.0000E+00	0.0000E+00	1.0737E+00
8.0900E+02	0.0000E+00	0.0000E+00	1.0760E+00
8.1000E+02	0.0000E+00	0.0000E+00	1.0742E+00
8.1100E+02	0.0000E+00	0.0000E+00	1.0794E+00
8.1200E+02	0.0000E+00	0.0000E+00	1.0881E+00
8.1300E+02	0.0000E+00	0.0000E+00	1.0985E+00
8.1400E+02	0.0000E+00	0.0000E+00	1.1222E+00
8.1500E+02	0.0000E+00	0.0000E+00	1.1401E+00
8.1600E+02	0.0000E+00	0.0000E+00	1.1562E+00
8.1700E+02	0.0000E+00	0.0000E+00	1.1682E+00
8.1800E+02	0.0000E+00	0.0000E+00	1.1762E+00
8.1900E+02	0.0000E+00	0.0000E+00	1.1752E+00
8.2000E+02	0.0000E+00	0.0000E+00	1.1722E+00
8.2100E+02	0.0000E+00	0.0000E+00	1.1682E+00
8.2200E+02	0.0000E+00	0.0000E+00	1.1602E+00
8.2300E+02	0.0000E+00	0.0000E+00	1.1562E+00
8.2400E+02	0.0000E+00	0.0000E+00	1.1503E+00
8.2500E+02	0.0000E+00	0.0000E+00	1.1463E+00
8.2600E+02	0.0000E+00	0.0000E+00	1.1433E+00
8.2700E+02	0.0000E+00	0.0000E+00	1.1423E+00
8.2800E+02	0.0000E+00	0.0000E+00	1.1383E+00
8.2900E+02	0.0000E+00	0.0000E+00	1.1333E+00
8.3000E+02	0.0000E+00	0.0000E+00	1.1333E+00
8.3100E+02	0.0000E+00	0.0000E+00	1.1313E+00
8.3200E+02	0.0000E+00	0.0000E+00	1.1283E+00
8.3300E+02	0.0000E+00	0.0000E+00	1.1263E+00
8.3400E+02	0.0000E+00	0.0000E+00	1.1314E+00
8.3500E+02	0.0000E+00	0.0000E+00	1.1284E+00
8.3600E+02	0.0000E+00	0.0000E+00	1.1373E+00
8.3700E+02	0.0000E+00	0.0000E+00	1.1523E+00
8.3800E+02	0.0000E+00	0.0000E+00	1.1694E+00
8.3900E+02	0.0000E+00	0.0000E+00	1.1884E+00
8.4000E+02	0.0000E+00	0.0000E+00	1.2054E+00
8.4100E+02	0.0000E+00	0.0000E+00	1.2144E+00
8.4200E+02	0.0000E+00	0.0000E+00	1.2194E+00
8.4300E+02	0.0000E+00	0.0000E+00	1.2194E+00
8.4400E+02	0.0000E+00	0.0000E+00	1.2174E+00
8.4500E+02	0.0000E+00	0.0000E+00	1.2114E+00
8.4600E+02	0.0000E+00	0.0000E+00	1.2094E+00
8.4700E+02	0.0000E+00	0.0000E+00	1.1984E+00
8.4800E+02	0.0000E+00	0.0000E+00	1.1985E+00
8.4900E+02	0.0000E+00	0.0000E+00	1.1955E+00
8.5000E+02	0.0000E+00	0.0000E+00	1.1885E+00
8.5100E+02	0.0000E+00	0.0000E+00	1.1875E+00
8.5200E+02	0.0000E+00	0.0000E+00	1.1825E+00
8.5300E+02	0.0000E+00	0.0000E+00	1.1815E+00
8.5400E+02	0.0000E+00	0.0000E+00	1.1765E+00
8.5500E+02	0.0000E+00	0.0000E+00	1.1775E+00
8.5600E+02	0.0000E+00	0.0000E+00	1.1735E+00
8.5700E+02	0.0000E+00	0.0000E+00	1.1715E+00
8.5800E+02	0.0000E+00	0.0000E+00	1.1686E+00
8.5900E+02	0.0000E+00	0.0000E+00	1.1716E+00
8.6000E+02	0.0000E+00	0.0000E+00	1.1806E+00
8.6100E+02	0.0000E+00	0.0000E+00	1.1945E+00
8.6200E+02	0.0000E+00	0.0000E+00	1.2096E+00
8.6300E+02	0.0000E+00	0.0000E+00	1.2156E+00
8.6400E+02	0.0000E+00	0.0000E+00	1.2276E+00
8.6500E+02	0.0000E+00	0.0000E+00	1.2316E+00
8.6600E+02	0.0000E+00	0.0000E+00	1.2317E+00
8.6700E+02	0.0000E+00	0.0000E+00	1.2296E+00
8.6800E+02	0.0000E+00	0.0000E+00	1.2297E+00
8.6900E+02	0.0000E+00	0.0000E+00	1.2266E+00
8.7000E+02	0.0000E+00	0.0000E+00	1.2237E+00
8.7100E+02	0.0000E+00	0.0000E+00	1.2226E+00
8.7200E+02	0.0000E+00	0.0000E+00	1.2167E+00
8.7300E+02	0.0000E+00	0.0000E+00	1.2127E+00
8.7400E+02	0.0000E+00	0.0000E+00	1.2107E+00
8.7500E+02	0.0000E+00	0.0000E+00	1.2077E+00
8.7600E+02	0.0000E+00	0.0000E+00	1.2067E+00
8.7700E+02	0.0000E+00	0.0000E+00	1.2048E+00
8.7800E+02	0.0000E+00	0.0000E+00	1.1998E+00
8.7900E+02	0.0000E+00	0.0000E+00	1.1937E+00
8.8000E+02	0.0000E+00	0.0000E+00	1.1928E+00
8.8100E+02	0.0000E+00	0.0000E+00	1.1917E+00
8.8200E+02	0.0000E+00	0.0000E+00	1.1898E+00
8.8300E+02	0.0000E+00	0.0000E+00	1.1977E+00
8.8400E+02	0.0000E+00	0.0000E+00	1.2117E+00
8.8500E+02	0.0000E+00	0.0000E+00	1.2368E+00
8.8600E+02	0.0000E+00	0.0000E+00	1.2728E+00
8.8700E+02	0.0000E+00	0.0000E+00	1.2928E+00
8.8800E+02	0.0000E+00	0.0000E+00	1.3149E+00
8.8900E+02	0.0000E+00	0.0000E+00	1.3199E+00
8.9000E+02	0.0000E+00	0.0000E+00	1.3299E+00
8.9100E+02	0.0000E+00	0.0000E+00	1.3249E+00
8.9200E+02	0.0000E+00	0.0000E+00	1.3229E+00
8.9300E+02	0.0000E+00	0.0000E+00	1.3169E+00
8.9400E+02	0.0000E+00	0.0000E+00	1.3109E+00
8.9500E+02	0.0000E+00	0.0000E+00	1.3079E+00
8.9600E+02	0.0000E+00	0.0000E+00	1.3009E+00
8.9700E+02	0.0000E+00	0.0000E+00	1.2909E+00
8.9800E+02	0.0000E+00	0.0000E+00	1.2839E+00
8.9900E+02	0.0000E+00	0.0000E+00	1.2749E+00
9.0000E+02	0.0000E+00	0.0000E+00	1.2700E+00
9.0100E+02	0.0000E+00	0.0000E+00	1.2690E+00
9.0200E+02	0.0000E+00	0.0000E+00	1.2610E+00
9.0300E+02	0.0000E+00	0.0000E+00	1.2610E+00
9.0400E+02	0.0000E+00	0.0000E+00	1.2539E+00
9.0500E+02	0.0000E+00	0.0000E+00	1.2500E+00
9.0600E+02	0.0000E+00	0.0000E+00	1.2460E+00
9.0700E+02	0.0000E+00	0.0000E+00	1.2480E+00
9.0800E+02	0.0000E+00	0.0000E+00	1.2520E+00
9.0900E+02	0.0000E+00	0.0000E+00	1.2630E+00
9.1000E+02	0.0000E+00	0.0000E+00	1.2740E+00
9.1100E+02	0.0000E+00	0.0000E+00	1.2850E+00
9.1200E+02	0.0000E+00	0.0000E+00	1.2940E+00
9.1300E+02	0.0000E+00	0.0000E+00	1.2982E+00
9.1400E+02	0.0000E+00	0.0000E+00	1.3052E+00
9.1500E+02	0.0000E+00	0.0000E+00	1.3092E+00
9.1600E+02	0.0000E+00	0.0000E+00	1.3042E+00
9.1700E+02	0.0000E+00	0.0000E+00	1.2992E+00
9.1800E+02	0.0000E+00	0.0000E+00	1.2942E+00
9.1900E+02	0.0000E+00	0.0000E+00	1.2922E+00
9.2000E+02	0.0000E+00	0.0000E+00	1.2862E+00
9.2100E+02	0.0000E+00	0.0000E+00	1.2823E+00
9.2200E+02	0.0000E+00	0.0000E+00	1.2732E+00
9.2300E+02	0.0000E+00	0.0000E+00	1.2722E+00
9.2400E+02	0.0000E+00	0.0000E+00	1.2682E+00
9.2500E+02	0.0000E+00	0.0000E+00	1.2663E+00
9.2600E+02	0.0000E+00	0.0000E+00	1.2613E+00
9.2700E+02	0.0000E+00	0.0000E+00	1.2533E+00
9.2800E+02	0.0000E+00	0.0000E+00	1.2523E+00
9.2900E+02	0.0000E+00	0.0000E+00	1.2523E+00
9.3000E+02	0.0000E+00	0.0000E+00	1.2374E+00
9.3100E+02	0.0000E+00	0.0000E+00	1.2443E+00
9.3200E+02	0.0000E+00	0.0000E+00	1.2544E+00
9.3300E+02	0.0000E+00	0.0000E+00	1.2723E+00
9.3400E+02	0.0000E+00	0.0000E+00	1.3004E+00
9.3500E+02	0.0000E+00	0.0000E+00	1.3203E+00
9.3600E+02	0.0000E+00	0.0000E+00	1.3404E+00
9.3700E+02	0.0000E+00	0.0000E+00	1.3504E+00
9.3800E+02	0.0000E+00	0.0000E+00	1.3534E+00
9.3900E+02	0.0000E+00	0.0000E+00	1.3474E+00
9.4000E+02	0.0000E+00	0.0000E+00	1.3494E+00
9.4100E+02	0.0000E+00	0.0000E+00	1.3504E+00
9.4200E+02	0.0000E+00	0.0000E+00	1.3405E+00
9.4300E+02	0.0000E+00	0.0000E+00	1.3315E+00
9.4400E+02	0.0000E+00	0.0000E+00	1.3294E+00
9.4500E+02	0.0000E+00	0.0000E+00	1.3235E+00
9.4600E+02	0.0000E+00	0.0000E+00	1.3155E+00
9.4700E+02	0.0000E+00	0.0000E+00	1.3155E+00
9.4800E+02	0.0000E+00	0.0000E+00	1.3135E+00
9.4900E+02	0.0000E+00	0.0000E+00	1.3035E+00
9.5000E+02	0.0000E+00	0.0000E+00	1.2995E+00
9.5100E+02	0.0000E+00	0.0000E+00	1.2945E+00
9.5200E+02	0.0000E+00	0.0000E+00	1.2845E+00
9.5300E+02	0.0000E+00	0.0000E+00	1.2816E+00
9.5400E+02	0.0000E+00	0.0000E+00	1.2796E+00
9.5500E+02	0.0000E+00	0.0000E+00	1.2795E+00
9.5600E+02	0.0000E+00	0.0000E+00	1.2795E+00
9.5700E+02	0.0000E+00	0.0000E+00	1.2896E+00
9.5800E+02	0.0000E+00	0.0000E+00	1.2996E+00
9.5900E+02	0.0000E+00	0.0000E+00	1.3105E+00
9.6000E+02	0.0000E+00	0.0000E+00	1.3185E+00
9.6100E+02	0.0000E+00	0.0000E+00	1.3156E+00
9.6200E+02	0.0000E+00	0.0000E+00	1.3216E+00
9.6300E+02	0.0000E+00	0.0000E+00	1.3196E+00
9.6400E+02	0.0000E+00	0.0000E+00	1.3176E+00
9.6500E+02	0.0000E+00	0.0000E+00	1.3136E+00
9.6600E+02	0.0000E+00	0.0000E+00	1.3106E+00
9.6700E+02	0.0000E+00	0.0000E+00	1.3036E+00
9.6800E+02	0.0000E+00	0.0000E+00	1.2996E+00
9.6900E+02	0.0000E+00	0.0000E+00	1.2897E+00
9.7000E+02	0.0000E+00	0.0000E+00	1.2897E+00
9.7100E+02	0.0000E+00	0.0000E+00	1.2827E+00
9.7200E+02	0.0000E+00	0.0000E+00	1.2807E+00
9.7300E+02	0.0000E+00	0.0000E+00	1.2777E+00
9.7400E+02	0.0000E+00	0.0000E+00	1.2748E+00
9.7500E+02	0.0000E+00	0.0000E+00	1.2677E+00
9.7600E+02	0.0000E+00	0.0000E+00	1.2707E+00
9.7700E+02	0.0000E+00	0.0000E+00	1.2607E+00
9.7800E+02	0.0000E+00	0.0000E+00	1.2588E+00
9.7900E+02	0.0000E+00	0.0000E+00	1.2528E+00
9.8000E+02	0.0000E+00	0.0000E+00	1.2527E+00
9.8100E+02	0.0000E+00	0.0000E+00	1.2538E+00
9.8200E+02	0.0000E+00	0.0000E+00	1.2618E+00
9.8300E+02	0.0000E+00	0.0000E+00	1.2718E+00
9.8400E+02	0.0000E+00	0.0000E+00	1.2768E+00
9.8500E+02	0.0000E+00	0.0000E+00	1.2788E+00
9.8600E+02	0.0000E+00	0.0000E+00	1.2828E+00
9.8700E+02	0.0000E+00	0.0000E+00	1.2818E+00
9.8800E+02	0.0000E+00	0.0000E+00	1.2778E+00
9.8900E+02	0.0000E+00	0.0000E+00	1.2699E+00
9.9000E+02	0.0000E+00	0.0000E+00	1.2669E+00
9.9100E+02	0.0000E+00	0.0000E+00	1.2649E+00
9.9200E+02	0.0000E+00	0.0000E+00	1.2619E+00
9.9300E+02	0.0000E+00	0.0000E+00	1.2559E+00
9.9400E+02	0.0000E+00	0.0000E+00	1.2519E+00
9.9500E+02	0.0000E+00	0.0000E+00	1.2489E+00
9.9600E+02	0.0000E+00	0.0000E+00	1.2439E+00
9.9700E+02	0.0000E+00	0.0000E+00	1.2439E+00
9.9800E+02	0.0000E+00	0.0000E+00	1.2429E+00
9.9900E+02	0.0000E+00	0.0000E+00	1.2360E+00
1.0000E+03	0.0000E+00	0.0000E+00	1.2360E+00
1.0010E+03	0.0000E+00	0.0000E+00	1.2280E+00
1.0020E+03	0.0000E+00	0.0000E+00	1.2290E+00
1.0030E+03	0.0000E+00	0.0000E+00	1.2250E+00
1.0040E+03	0.0000E+00	0.0000E+00	1.2300E+00
1.0050E+03	0.0000E+00	0.0000E+00	1.2300E+00
1.0060E+03	0.0000E+00	0.0000E+00	1.2421E+00
1.0070E+03	0.0000E+00	0.0000E+00	1.2540E+00
1.0080E+03	0.0000E+00	0.0000E+00	1.2621E+00
1.0090E+03	0.0000E+00	0.0000E+00	1.2831E+00
1.0100E+03	0.0000E+00	0.0000E+00	1.2820E+00
1.0110E+03	0.0000E+00	0.0000E+00	1.2820E+00
1.0120E+03	0.0000E+00	0.0000E+00	1.2811E+00
1.0130E+03	0.0000E+00	0.0000E+00	1.2830E+00
1.0140E+03	0.0000E+00	0.0000E+00	1.2731E+00
1.0150E+03	0.0000E+00	0.0000E+00	1.2671E+00
1.0160E+03	0.0000E+00	0.0000E+00	1.2651E+00
1.0170E+03	0.0000E+00	0.0000E+00	1.2521E+00
1.0180E+03	0.0000E+00	0.0000E+00	1.2532E+00
1.0190E+03	0.0000E+00	0.0000E+00	1.2521E+00
1.0200E+03	0.0000E+00	0.0000E+00	1.2491E+00
1.0210E+03	0.0000E+00	0.0000E+00	1.2432E+00
1.0220E+03	0.0000E+00	0.0000E+00	1.2411E+00
1.0230E+03	0.0000E+00	0.0000E+00	1.2402E+00
1.0240E+03	0.0000E+00	0.0000E+00	1.2372E+00
1.0250E+03	0.0000E+00	0.0000E+00	1.2302E+00
1.0260E+03	0.0000E+00	0.0000E+00	1.2252E+00
1.0270E+03	0.0000E+00	0.0000E+00	1.2262E+00
1.0280E+03	0.0000E+00	0.0000E+00	1.2253E+00
1.0290E+03	0.0000E+00	0.0000E+00	1.2372E+00
1.0300E+03	0.0000E+00	0.0000E+00	1.2492E+00
1.0310E+03	0.0000E+00	0.0000E+00	1.2663E+00
1.0320E+03	0.0000E+00	0.0000E+00	1.2763E+00
1.0330E+03	0.0000E+00	0.0000E+00	1.2912E+00
1.0340E+03	0.0000E+00	0.0000E+00	1.2953E+00
1.0350E+03	0.0000E+00	0.0000E+00	1.2963E+00
1.0360E+03	0.0000E+00	0.0000E+00	1.2943E+00
1.0370E+03	0.0000E+00	0.0000E+00	1.2843E+00
1.0380E+03	0.0000E+00	0.0000E+00	1.2833E+00
1.0390E+03	0.0000E+00	0.0000E+00	1.2813E+00
1.0400E+03	0.0000E+00	0.0000E+00	1.2753E+00
1.0410E+03	0.0000E+00	0.0000E+00	1.2654E+00
1.0420E+03	0.0000E+00	0.0000E+00	1.2653E+00
1.0430E+03	0.0000E+00	0.0000E+00	1.2623E+00
1.0440E+03	0.0000E+00	0.0000E+00	1.2614E+00
1.0450E+03	0.0000E+00	0.0000E+00	1.2554E+00
1.0460E+03	0.0000E+00	0.0000E+00	1.2544E+00
1.0470E+03	0.0000E+00	0.0000E+00	1.2504E+00
1.0480E+03	0.0000E+00	0.0000E+00	1.2494E+00
1.0490E+03	0.0000E+00	0.0000E+00	1.2414E+00
1.0500E+03	0.0000E+00	0.0000E+00	1.2374E+00
1.0510E+03	0.0000E+00	0.0000E+00	1.2334E+00
1.0520E+03	0.0000E+00	0.0000E+00	1.2384E+00
1.0530E+03	0.0000E+00	0.0000E+00	1.2434E+00
1.0540E+03	0.0000E+00	0.0000E+00	1.2574E+00
1.0550E+03	0.0000E+00	0.0000E+00	1.2764E+00
1.0560E+03	0.0000E+00	0.0000E+00	1.2914E+00
1.0570E+03	0.0000E+00	0.0000E+00	1.3056E+00
1.0580E+03	0.0000E+00	0.0000E+00	1.3116E+00
1.0590E+03	0.0000E+00	0.0000E+00	1.3196E+00
1.0600E+03	0.0000E+00	0.0000E+00	1.3136E+00
1.0610E+03	0.0000E+00	0.0000E+00	1.3106E+00
1.0620E+03	0.0000E+00	0.0000E+00	1.3026E+00
1.0630E+03	0.0000E+00	0.0000E+00	1.2987E+00
1.0640E+03	0.0000E+00	0.0000E+00	1.2917E+00
1.0650E+03	0.0000E+00	0.0000E+00	1.2837E+00
1.0660E+03	0.0000E+00	0.0000E+00	1.2826E+00
1.0670E+03	0.0000E+00	0.0000E+00	1.2807E+00
1.0680E+03	0.0000E+00	0.0000E+00	1.2717E+00
1.0690E+03	0.0000E+00	0.0000E+00	1.2677E+00
1.0700E+03	0.0000E+00	0.0000E+00	1.2657E+00
1.0710E+03	0.0000E+00	0.0000E+00	1.2617E+00
1.0720E+03	0.0000E+00	0.0000E+00	1.2588E+00
1.0730E+03	0.0000E+00	0.0000E+00	1.2547E+00
1.0740E+03	0.0000E+00	0.0000E+00	1.2488E+00
1.0750E+03	0.0000E+00	0.0000E+00	1.2478E+00
1.0760E+03	0.0000E+00	0.0000E+00	1.2497E+00
1.0770E+03	0.0000E+00	0.0000E+00	1.2628E+00
1.0780E+03	0.0000E+00	0.0000E+00	1.2817E+00
1.0790E+03	0.0000E+00	0.0000E+00	1.3008E+00
1.0800E+03	0.0000E+00	0.0000E+00	1.3188E+00
1.0810E+03	0.0000E+00	0.0000E+00	1.3348E+00
1.0820E+03	0.0000E+00	0.0000E+00	1.3418E+00
1.0830E+03	0.0000E+00	0.0000E+00	1.3478E+00
1.0840E+03	0.0000E+00	0.0000E+00	1.3409E+00
1.0850E+03	0.0000E+00	0.0000E+00	1.3418E+00
1.0860E+03	0.0000E+00	0.0000E+00	1.3339E+00
1.0870E+03	0.0000E+00	0.0000E+00	1.3278E+00
1.0880E+03	0.0000E+00	0.0000E+00	1.3259E+00
1.0890E+03	0.0000E+00	0.0000E+00	1.3129E+00
1.0900E+03	0.0000E+00	0.0000E+00	1.3128E+00
1.0910E+03	0.0000E+00	0.0000E+00	1.3099E+00
1.0920E+03	0.0000E+00	0.0000E+00	1.3019E+00
1.0930E+03	0.0000E+00	0.0000E+00	1.2999E+00
1.0940E+03	0.0000E+00	0.0000E+00	1.2949E+00
1.0950E+03	0.0000E+00	0.0000E+00	1.2879E+00
1.0960E+03	0.0000E+00	0.0000E+00	1.2850E+00
1.0970E+03	0.0000E+00	0.0000E+00	1.2789E+00
1.0980E+03	0.0000E+00	0.0000E+00	1.2719E+00
1.0990E+03	0.0000E+00	0.0000E+00	1.2720E+00
1.1000E+03	0.0000E+00	0.0000E+00	1.2710E+00
1.1010E+03	0.0000E+00	0.0000E+00	1.2880E+00
1.1020E+03	0.0000E+00	0.0000E+00	1.3030E+00
1.1030E+03	0.0000E+00	0.0000E+00	1.3190E+00
1.1040E+03	0.0000E+00	0.0000E+00	1.3380E+00
1.1050E+03	0.0000E+00	0.0000E+00	1.3491E+00
1.1060E+03	0.0000E+00	0.0000E+00	1.3551E+00
1.1070E+03	0.0000E+00	0.0000E+00	1.3601E+00
1.1080E+03	0.0000E+00	0.0000E+00	1.3530E+00
1.1090E+03	0.0000E+00	0.0000E+00	1.3531E+00
1.1100E+03	0.0000E+00	0.0000E+00	1.3480E+00
1.1110E+03	0.0000E+00	0.0000E+00	1.3391E+00
1.1120E+03	0.0000E+00	0.0000E+00	1.3341E+00
1.1130E+03	0.0000E+00	0.0000E+00	1.3270E+00
1.1140E+03	0.0000E+00	0.0000E+00	1.3221E+00
1.1150E+03	0.0000E+00	0.0000E+00	1.3201E+00
1.1160E+03	0.0000E+00	0.0000E+00	1.3181E+00
1.1170E+03	0.0000E+00	0.0000E+00	1.3072E+00
1.1180E+03	0.0000E+00	0.0000E+00	1.3021E+00
1.1190E+03	0.0000E+00	0.0000E+00	1.3011E+00
1.1200E+03	0.0000E+00	0.0000E+00	1.2902E+00
1.1210E+03	0.0000E+00	0.0000E+00	1.2882E+00
1.1220E+03	0.0000E+00	0.0000E+00	1.2812E+00
1.1230E+03	0.0000E+00	0.0000E+00	1.2792E+00
1.1240E+03	0.0000E+00	0.0000E+00	1.2812E+00
1.1250E+03	0.0000E+00	0.0000E+00	1.2892E+00
1.1260E+03	0.0000E+00	0.0000E+00	1.2942E+00
1.1270E+03	0.0000E+00	0.0000E+00	1.3032E+00
1.1280E+03	0.0000E+00	0.0000E+00	1.3123E+00
1.1290E+03	0.0000E+00	0.0000E+00	1.3203E+00
1.1300E+03	0.0000E+00	0.0000E+00	1.3263E+00
1.1310E+03	0.0000E+00	0.0000E+00	1.3273E+00
1.1320E+03	0.0000E+00	0.0000E+00	1.3243E+00
1.1330E+03	0.0000E+00	0.0000E+00	1.3203E+00
1.1340E+03	0.0000E+00	0.0000E+00	1.3183E+00
1.1350E+03	0.0000E+00	0.0000E+00	1.3113E+00
1.1360E+03	0.0000E+00	0.0000E+00	1.3083E+00
1.1370E+03	0.0000E+00	0.0000E+00	1.2993E+00
1.1380E+03	0.0000E+00	0.0000E+00	1.2943E+00
1.1390E+03	0.0000E+00	0.0000E+00	1.2924E+00
1.1400E+03	0.0000E+00	0.0000E+00	1.2853E+00
1.1410E+03	0.0000E+00	0.0000E+00	1.2863E+00
1.1420E+03	0.0000E+00	0.0000E+00	1.2833E+00
1.1430E+03	0.0000E+00	0.0000E+00	1.2793E+00
1.1440E+03	0.0000E+00	0.0000E+00	1.2674E+00
1.1450E+03	0.0000E+00	0.0000E+00	1.2664E+00
1.1460E+03	0.0000E+00	0.0000E+00	1.2624E+00
1.1470E+03	0.0000E+00	0.0000E+00	1.2604E+00
1.1480E+03	0.0000E+00	0.0000E+00	1.2555E+00
1.1490E+03	0.0000E+00	0.0000E+00	1.2584E+00
1.1500E+03	0.0000E+00	0.0000E+00	1.2664E+00
1.1510E+03	0.0000E+00	0.0000E+00	1.2704E+00
1.1520E+03	0.0000E+00	0.0000E+00	1.2845E+00
1.1530E+03	0.0000E+00	0.0000E+00	1.2895E+00
1.1540E+03	0.0000E+00	0.0000E+00	1.2965E+00
1.1550E+03	0.0000E+00	0.0000E+00	1.3015E+00
1.1560E+03	0.0000E+00	0.0000E+00	1.2995E+00
1.1570E+03	0.0000E+00	0.0000E+00	1.2945E+00
1.1580E+03	0.0000E+00	0.0000E+00	1.2895E+00
1.1590E+03	0.0000E+00	0.0000E+00	1.2876E+00
1.1600E+03	0.0000E+00	0.0000E+00	1.2825E+00
1.1610E+03	0.0000E+00	0.0000E+00	1.2756E+00
1.1620E+03	0.0000E+00	0.0000E+00	1.2685E+00
1.1630E+03	0.0000E+00	0.0000E+00	1.2645E+00
1.1640E+03	0.0000E+00	0.0000E+00	1.2665E+00
1.1650E+03	0.0000E+00	0.0000E+00	1.2616E+00
1.1660E+03	0.0000E+00	0.0000E+00	1.2586E+00
1.1670E+03	0.0000E+00	0.0000E+00	1.2556E+00
1.1680E+03	0.0000E+00	0.0000E+00	1.2557E+00
1.1690E+03	0.0000E+00	0.0000E+00	1.2536E+00
1.1700E+03	0.0000E+00	0.0000E+00	1.2516E+00
1.1710E+03	0.0000E+00	0.0000E+00	1.2446E+00
1.1720E+03	0.0000E+00	0.0000E+00	1.2446E+00
1.1730E+03	0.0000E+00	0.0000E+00	1.2486E+00
1.1740E+03	0.0000E+00	0.0000E+00	1.2556E+00
1.1750E+03	0.0000E+00	0.0000E+00	1.2577E+00
1.1760E+03	0.0000E+00	0.0000E+00	1.2557E+00
1.1770E+03	0.0000E+00	0.0000E+00	1.2536E+00
1.1780E+03	0.0000E+00	0.0000E+00	1.2487E+00
1.1790E+03	0.0000E+00	0.0000E+00	1.2497E+00
1.1800E+03	0.0000E+00	0.0000E+00	1.2467E+00
1.1810E+03	0.0000E+00	0.0000E+00	1.2407E+00
1.1820E+03	0.0000E+00	0.0000E+00	1.2398E+00
1.1830E+03	0.0000E+00	0.0000E+00	1.2378E+00
1.1840E+03	0.0000E+00	0.0000E+00	1.2338E+00
1.1850E+03	0.0000E+00	0.0000E+00	1.2278E+00
1.1860E+03	0.0000E+00	0.0000E+00	1.2288E+00
1.1870E+03	0.0000E+00	0.0000E+00	1.2278E+00
1.1880E+03	0.0000E+00	0.0000E+00	1.2297E+00
1.1890E+03	0.0000E+00	0.0000E+00	1.2238E+00
1.1900E+03	0.0000E+00	0.0000E+00	1.2258E+00
1.1910E+03	0.0000E+00	0.0000E+00	1.2198E+00
1.1920E+03	0.0000E+00	0.0000E+00	1.2180E+00
1.1930E+03	0.0000E+00	0.0000E+00	1.2110E+00
1.1940E+03	0.0000E+00	0.0000E+00	1.2120E+00
1.1950E+03	0.0000E+00	0.0000E+00	1.2130E+00
1.1960E+03	0.0000E+00	0.0000E+00	1.2150E+00
1.1970E+03	0.0000E+00	0.0000E+00	1.2190E+00
1.1980E+03	0.0000E+00	0.0000E+00	1.2270E+00
1.1990E+03	0.0000E+00	0.0000E+00	1.2400E+00
1.2000E+03	0.0000E+00	0.0000E+00	1.2460E+00
1.2010E+03	0.0000E+00	0.0000E+00	1.2540E+00
1.2020E+03	0.0000E+00	0.0000E+00	1.2618E+00
1.2030E+03	0.0000E+00	0.0000E+00	1.2570E+00
1.2040E+03	0.0000E+00	0.0000E+00	1.2598E+00
1.2050E+03	0.0000E+00	0.0000E+00	1.2608E+00
1.2060E+03	0.0000E+00	0.0000E+00	1.2578E+00
1.2070E+03	0.0000E+00	0.0000E+00	1.2518E+00
1.2080E+03	0.0000E+00	0.0000E+00	1.2497E+00
1.2090E+03	0.0000E+00	0.0000E+00	1.2427E+00
1.2100E+03	0.0000E+00	0.0000E+00	1.2397E+00
1.2110E+03	0.0000E+00	0.0000E+00	1.2377E+00
1.2120E+03	0.0000E+00	0.0000E+00	1.2366E+00
1.2130E+03	0.0000E+00	0.0000E+00	1.2356E+00
1.2140E+03	0.0000E+00	0.0000E+00	1.2316E+00
1.2150E+03	0.0000E+00	0.0000E+00	1.2256E+00
1.2160E+03	0.0000E+00	0.0000E+00	1.2265E+00
1.2170E+03	0.0000E+00	0.0000E+00	1.2216E+00
1.2180E+03	0.0000E+00	0.0000E+00	1.2165E+00
1.2190E+03	0.0000E+00	0.0000E+00	1.2145E+00
1.2200E+03	0.0000E+00	0.0000E+00	1.2195E+00
1.2210E+03	0.0000E+00	0.0000E+00	1.2305E+00
1.2220E+03	0.0000E+00	0.0000E+00	1.2385E+00
1.2230E+03	0.0000E+00	0.0000E+00	1.2434E+00
1.2240E+03	0.0000E+00	0.0000E+00	1.2524E+00
1.2250E+03	0.0000E+00	0.0000E+00	1.2543E+00
1.2260E+03	0.0000E+00	0.0000E+00	1.2583E+00
1.2270E+03	0.0000E+00	0.0000E+00	1.2593E+00
1.2280E+03	0.0000E+00	0.0000E+00	1.2573E+00
1.2290E+03	0.0000E+00	0.0000E+00	1.2633E+00
1.2300E+03	0.0000E+00	0.0000E+00	1.2552E+00
1.2310E+03	0.0000E+00	0.0000E+00	1.2543E+00
1.2320E+03	0.0000E+00	0.0000E+00	1.2492E+00
1.2330E+03	0.0000E+00	0.0000E+00	1.2432E+00
1.2340E+03	0.0000E+00	0.0000E+00	1.2412E+00
1.2350E+03	0.0000E+00	0.0000E+00	1.2382E+00
1.2360E+03	0.0000E+00	0.0000E+00	1.2352E+00
1.2370E+03	0.0000E+00	0.0000E+00	1.2361E+00
1.2380E+03	0.0000E+00	0.0000E+00	1.2301E+00
1.2390E+03	0.0000E+00	0.0000E+00	1.2291E+00
1.2400E+03	0.0000E+00	0.0000E+00	1.2260E+00
1.2410E+03	0.0000E+00	0.0000E+00	1.2181E+00
1.2420E+03	0.0000E+00	0.0000E+00	1.2191E+00
1.2430E+03	0.0000E+00	0.0000E+00	1.2120E+00
1.2440E+03	0.0000E+00	0.0000E+00	1.2160E+00
1.2450E+03	0.0000E+00	0.0000E+00	1.2150E+00
1.2460E+03	0.0000E+00	0.0000E+00	1.2249E+00
1.2470E+03	0.0000E+00	0.0000E+00	1.2369E+00
1.2480E+03	0.0000E+00	0.0000E+00	1.2550E+00
1.2490E+03	0.0000E+00	0.0000E+00	1.2689E+00
1.2500E+03	0.0000E+00	0.0000E+00	1.2779E+00
1.2510E+03	0.0000E+00	0.0000E+00	1.2828E+00
1.2520E+03	0.0000E+00	0.0000E+00	1.2828E+00
1.2530E+03	0.0000E+00	0.0000E+00	1.2818E+00
1.2540E+03	0.0000E+00	0.0000E+00	1.2758E+00
1.2550E+03	0.0000E+00	0.0000E+00	1.2717E+00
1.2560E+03	0.0000E+00	0.0000E+00	1.2627E+00
1.2570E+03	0.0000E+00	0.0000E+00	1.2587E+00
1.2580E+03	0.0000E+00	0.0000E+00	1.2527E+00
1.2590E+03	0.0000E+00	0.0000E+00	1.2497E+00
1.2600E+03	0.0000E+00	0.0000E+00	1.2487E+00
1.2610E+03	0.0000E+00	0.0000E+00	1.2447E+00
1.2620E+03	0.0000E+00	0.0000E+00	1.2356E+00
1.2630E+03	0.0000E+00	0.0000E+00	1.2374E+00
1.2640E+03	0.0000E+00	0.0000E+00	1.2306E+00
1.2650E+03	0.0000E+00	0.0000E+00	1.2284E+00
1.2660E+03	0.0000E+00	0.0000E+00	1.2184E+00
1.2670E+03	0.0000E+00	0.0000E+00	1.2174E+00
1.2680E+03	0.0000E+00	0.0000E+00	1.2204E+00
1.2690E+03	0.0000E+00	0.0000E+00	1.2333E+00
1.2700E+03	0.0000E+00	0.0000E+00	1.2494E+00
1.2710E+03	0.0000E+00	0.0000E+00	1.2714E+00
1.2720E+03	0.0000E+00	0.0000E+00	1.2973E+00
1.2730E+03	0.0000E+00	0.0000E+00	1.3113E+00
1.2740E+03	0.0000E+00	0.0000E+00	1.3203E+00
1.2750E+03	0.0000E+00	0.0000E+00	1.3263E+00
1.2760E+03	0.0000E+00	0.0000E+00	1.3223E+00
1.2770E+03	0.0000E+00	0.0000E+00	1.3152E+00
1.2780E+03	0.0000E+00	0.0000E+00	1.3102E+00
1.2790E+03	0.0000E+00	0.0000E+00	1.3072E+00
1.2800E+03	0.0000E+00	0.0000E+00	1.2982E+00
1.2810E+03	0.0000E+00	0.0000E+00	1.2941E+00
1.2820E+03	0.0000E+00	0.0000E+00	1.2871E+00
1.2830E+03	0.0000E+00	0.0000E+00	1.2820E+00
1.2840E+03	0.0000E+00	0.0000E+00	1.2800E+00
1.2850E+03	0.0000E+00	0.0000E+00	1.2740E+00
1.2860E+03	0.0000E+00	0.0000E+00	1.2700E+00
1.2870E+03	0.0000E+00	0.0000E+00	1.2620E+00
1.2880E+03	0.0000E+00	0.0000E+00	1.2570E+00
1.2890E+03	0.0000E+00	0.0000E+00	1.2540E+00
1.2900E+03	0.0000E+00	0.0000E+00	1.2439E+00
1.2910E+03	0.0000E+00	0.0000E+00	1.2409E+00
1.2920E+03	0.0000E+00	0.0000E+00	1.2479E+00
1.2930E+03	0.0000E+00	0.0000E+00	1.2649E+00
1.2940E+03	0.0000E+00	0.0000E+00	1.2889E+00
1.2950E+03	0.0000E+00	0.0000E+00	1.3128E+00
1.2960E+03	0.0000E+00	0.0000E+00	1.3318E+00
1.2970E+03	0.0000E+00	0.0000E+00	1.3468E+00
1.2980E+03	0.0000E+00	0.0000E+00	1.3567E+00
1.2990E+03	0.0000E+00	0.0000E+00	1.3677E+00
1.3000E+03	0.0000E+00	0.0000E+00	1.3617E+00
1.3010E+03	0.0000E+00	0.0000E+00	1.3547E+00
1.3020E+03	0.0000E+00	0.0000E+00	1.3466E+00
1.3030E+03	0.0000E+00	0.0000E+00	1.3407E+00
1.3040E+03	0.0000E+00	0.0000E+00	1.3317E+00
1.3050E+03	0.0000E+00	0.0000E+00	1.3246E+00
1.3060E+03	0.0000E+00	0.0000E+00	1.3196E+00
1.3070E+03	0.0000E+00	0.0000E+00	1.3156E+00
1.3080E+03	0.0000E+00	0.0000E+00	1.3046E+00
1.3090E+03	0.0000E+00	0.0000E+00	1.3026E+00
1.3100E+03	0.0000E+00	0.0000E+00	1.2945E+00
1.3110E+03	0.0000E+00	0.0000E+00	1.2905E+00
1.3120E+03	0.0000E+00	0.0000E+00	1.2845E+00
1.3130E+03	0.0000E+00	0.0000E+00	1.2794E+00
1.3140E+03	0.0000E+00	0.0000E+00	1.2735E+00
1.3150E+03	0.0000E+00	0.0000E+00	1.2724E+00
1.3160E+03	0.0000E+00	0.0000E+00	1.2744E+00
1.3170E+03	0.0000E+00	0.0000E+00	1.2684E+00
1.3180E+03	0.0000E+00	0.0000E+00	1.2763E+00
1.3190E+03	0.0000E+00	0.0000E+00	1.2853E+00
1.3200E+03	0.0000E+00	0.0000E+00	1.2853E+00
1.3210E+03	0.0000E+00	0.0000E+00	1.2873E+00
1.3220E+03	0.0000E+00	0.0000E+00	1.2853E+00
1.3230E+03	0.0000E+00	0.0000E+00	1.2803E+00
1.3240E+03	0.0000E+00	0.0000E+00	1.2812E+00
1.3250E+03	0.0000E+00	0.0000E+00	1.2802E+00
1.3260E+03	0.0000E+00	0.0000E+00	1.2762E+00
1.3270E+03	0.0000E+00	0.0000E+00	1.2710E+00
1.3280E+03	0.0000E+00	0.0000E+00	1.2680E+00
1.3290E+03	0.0000E+00	0.0000E+00	1.2600E+00
1.3300E+03	0.0000E+00	0.0000E+00	1.2610E+00
1.3310E+03	0.0000E+00	0.0000E+00	1.2540E+00
1.3320E+03	0.0000E+00	0.0000E+00	1.2499E+00
1.3330E+03	0.0000E+00	0.0000E+00	1.2470E+00
1.3340E+03	0.0000E+00	0.0000E+00	1.2459E+00
1.3350E+03	0.0000E+00	0.0000E+00	1.2419E+00
1.3360E+03	0.0000E+00	0.0000E+00	1.2358E+00
1.3370E+03	0.0000E+00	0.0000E+00	1.2309E+00
1.3380E+03	0.0000E+00	0.0000E+00	1.2298E+00
1.3390E+03	0.0000E+00	0.0000E+00	1.2288E+00
1.3400E+03	0.0000E+00	0.0000E+00	1.2259E+00
1.3410E+03	0.0000E+00	0.0000E+00	1.2298E+00
1.3420E+03	0.0000E+00	0.0000E+00	1.2458E+00
1.3430E+03	0.0000E+00	0.0000E+00	1.2677E+00
1.3440E+03	0.0000E+00	0.0000E+00	1.2857E+00
1.3450E+03	0.0000E+00	0.0000E+00	1.3017E+00
1.3460E+03	0.0000E+00	0.0000E+00	1.3077E+00
1.3470E+03	0.0000E+00	0.0000E+00	1.3097E+00
1.3480E+03	0.0000E+00	0.0000E+00	1.3076E+00
1.3490E+03	0.0000E+00	0.0000E+00	1.3017E+00
1.3500E+03	0.0000E+00	0.0000E+00	1.2996E+00
1.3510E+03	0.0000E+00	0.0000E+00	1.2876E+00
1.3520E+03	0.0000E+00	0.0000E+00	1.2826E+00
1.3530E+03	0.0000E+00	0.0000E+00	1.2786E+00
1.3540E+03	0.0000E+00	0.0000E+00	1.2705E+00
1.3550E+03	0.0000E+00	0.0000E+00	1.2715E+00
1.3560E+03	0.0000E+00	0.0000E+00	1.2655E+00
1.3570E+03	0.0000E+00	0.0000E+00	1.2575E+00
1.3580E+03	0.0000E+00	0.0000E+00	1.2594E+00
1.3590E+03	0.0000E+00	0.0000E+00	1.2554E+00
1.3600E+03	0.0000E+00	0.0000E+00	1.2514E+00
1.3610E+03	0.0000E+00	0.0000E+00	1.2474E+00
1.3620E+03	0.0000E+00	0.0000E+00	1.2494E+00
1.3630E+03	0.0000E+00	0.0000E+00	1.2523E+00
1.3640E+03	0.0000E+00	0.0000E+00	1.2473E+00
1.3650E+03	0.0000E+00	0.0000E+00	1.2453E+00
1.3660E+03	0.0000E+00	0.0000E+00	1.2413E+00
1.3670E+03	0.0000E+00	0.0000E+00	1.2463E+00
1.3680E+03	0.0000E+00	0.0000E+00	1.2492E+00
1.3690E+03	0.0000E+00	0.0000E+00	1.2543E+00
1.3700E+03	0.0000E+00	0.0000E+00	1.2512E+00
1.3710E+03	0.0000E+00	0.0000E+00	1.2532E+00
1.3720E+03	0.0000E+00	0.0000E+00	1.2521E+00
1.3730E+03	0.0000E+00	0.0000E+00	1.2441E+00
1.3740E+03	0.0000E+00	0.0000E+00	1.2411E+00
1.3750E+03	0.0000E+00	0.0000E+00	1.2381E+00
1.3760E+03	0.0000E+00	0.0000E+00	1.2351E+00
1.3770E+03	0.0000E+00	0.0000E+00	1.2301E+00
1.3780E+03	0.0000E+00	0.0000E+00	1.2250E+00
1.3790E+03	0.0000E+00	0.0000E+00	1.2251E+00
1.3800E+03	0.0000E+00	0.0000E+00	1.2220E+00
1.3810E+03	0.0000E+00	0.0000E+00	1.2209E+00
1.3820E+03	0.0000E+00	0.0000E+00	1.2160E+00
1.3830E+03	0.0000E+00	0.0000E+00	1.2149E+00
1.3840E+03	0.0000E+00	0.0000E+00	1.2109E+00
1.3850E+03	0.0000E+00	0.0000E+00	1.2028E+00
1.3860E+03	0.0000E+00	0.0000E+00	1.2009E+00
1.3870E+03	0.0000E+00	0.0000E+00	1.1989E+00
1.3880E+03	0.0000E+00	0.0000E+00	1.1988E+00
1.3890E+03	0.0000E+00	0.0000E+00	1.2008E+00
1.3900E+03	0.0000E+00	0.0000E+00	1.2048E+00
1.3910E+03	0.0000E+00	0.0000E+00	1.2107E+00
1.3920E+03	0.0000E+00	0.0000E+00	1.2147E+00
1.3930E+03	0.0000E+00	0.0000E+00	1.2218E+00
1.3940E+03	0.0000E+00	0.0000E+00	1.2277E+00
1.3950E+03	0.0000E+00	0.0000E+00	1.2345E+00
1.3960E+03	0.0000E+00	0.0000E+00	1.2385E+00
1.3970E+03	0.0000E+00	0.0000E+00	1.2335E+00
1.3980E+03	0.0000E+00	0.0000E+00	1.2287E+00
1.3990E+03	0.0000E+00	0.0000E+00	1.2285E+00
1.4000E+03	0.0000E+00	0.0000E+00	1.2244E+00
1.4010E+03	0.0000E+00	0.0000E+00	1.2184E+00
1.4020E+03	0.0000E+00	0.0000E+00	1.2174E+00
1.4030E+03	0.0000E+00	0.0000E+00	1.2134E+00
1.4040E+03	0.0000E+00	0.0000E+00	1.2114E+00
1.4050E+03	0.0000E+00	0.0000E+00	1.2104E+00
1.4060E+03	0.0000E+00	0.0000E+00	1.2064E+00
1.4070E+03	0.0000E+00	0.0000E+00	1.2034E+00
1.4080E+03	0.0000E+00	0.0000E+00	1.2023E+00
1.4090E+03	0.0000E+00	0.0000E+00	1.2003E+00
1.4100E+03	0.0000E+00	0.0000E+00	1.2003E+00
1.4110E+03	0.0000E+00	0.0000E+00	1.1953E+00
1.4120E+03	0.0000E+00	0.0000E+00	1.1982E+00
1.4130E+03	0.0000E+00	0.0000E+00	1.2032E+00
1.4140E+03	0.0000E+00	0.0000E+00	1.2172E+00
1.4150E+03	0.0000E+00	0.0000E+00	1.2431E+00
1.4160E+03	0.0000E+00	0.0000E+00	1.2681E+00
1.4170E+03	0.0000E+00	0.0000E+00	1.2901E+00
1.4180E+03	0.0000E+00	0.0000E+00	1.2981E+00
1.4190E+03	0.0000E+00	0.0000E+00	1.2891E+00
1.4200E+03	0.0000E+00	0.0000E+00	1.2921E+00
1.4210E+03	0.0000E+00	0.0000E+00	1.2801E+00
1.4220E+03	0.0000E+00	0.0000E+00	1.2780E+00
1.4230E+03	0.0000E+00	0.0000E+00	1.2690E+00
1.4240E+03	0.0000E+00	0.0000E+00	1.2560E+00
1.4250E+03	0.0000E+00	0.0000E+00	1.2510E+00
1.4260E+03	0.0000E+00	0.0000E+00	1.2450E+00
1.4270E+03	0.0000E+00	0.0000E+00	1.2400E+00
1.4280E+03	0.0000E+00	0.0000E+00	1.2370E+00
1.4290E+03	0.0000E+00	0.0000E+00	1.2349E+00
1.4300E+03	0.0000E+00	0.0000E+00	1.2319E+00
1.4310E+03	0.0000E+00	0.0000E+00	1.2229E+00
1.4320E+03	0.0000E+00	0.0000E+00	1.2169E+00
1.4330E+03	0.0000E+00	0.0000E+00	1.2158E+00
1.4340E+03	0.0000E+00	0.0000E+00	1.2098E+00
1.4350E+03	0.0000E+00	0.0000E+00	1.2078E+00
1.4360E+03	0.0000E+00	0.0000E+00	1.2047E+00
1.4370E+03	0.0000E+00	0.0000E+00	1.2177E+00
1.4380E+03	0.0000E+00	0.0000E+00	1.2377E+00
1.4390E+03	0.0000E+00	0.0000E+00	1.2557E+00
1.4400E+03	0.0000E+00	0.0000E+00	1.2757E+00
1.4410E+03	0.0000E+00	0.0000E+00	1.2866E+00
1.4420E+03	0.0000E+00	0.0000E+00	1.3006E+00
1.4430E+03	0.0000E+00	0.0000E+00	1.3096E+00
1.4440E+03	0.0000E+00	0.0000E+00	1.3056E+00
1.4450E+03	0.0000E+00	0.0000E+00	1.3026E+00
1.4460E+03	0.0000E+00	0.0000E+00	1.2936E+00
1.4470E+03	0.0000E+00	0.0000E+00	1.2845E+00
1.4480E+03	0.0000E+00	0.0000E+00	1.2835E+00
1.4490E+03	0.0000E+00	0.0000E+00	1.2715E+00
1.4500E+03	0.0000E+00	0.0000E+00	1.2625E+00
1.4510E+03	0.0000E+00	0.0000E+00	1.2544E+00
1.4520E+03	0.0000E+00	0.0000E+00	1.2475E+00
1.4530E+03	0.0000E+00	0.0000E+00	1.2425E+00
1.4540E+03	0.0000E+00	0.0000E+00	1.2394E+00
1.4550E+03	0.0000E+00	0.0000E+00	1.2334E+00
1.4560E+03	0.0000E+00	0.0000E+00	1.2263E+00
1.4570E+03	0.0000E+00	0.0000E+00	1.2233E+00
1.4580E+03	0.0000E+00	0.0000E+00	1.2143E+00
1.4590E+03	0.0000E+00	0.0000E+00	1.2113E+00
1.4600E+03	0.0000E+00	0.0000E+00	1.2053E+00
1.4610E+03	0.0000E+00	0.0000E+00	1.2101E+00
1.4620E+03	0.0000E+00	0.0000E+00	1.2201E+00
1.4630E+03	0.0000E+00	0.0000E+00	1.2361E+00
1.4640E+03	0.0000E+00	0.0000E+00	1.2441E+00
1.4650E+03	0.0000E+00	0.0000E+00	1.2590E+00
1.4660E+03	0.0000E+00	0.0000E+00	1.2621E+00
1.4670E+03	0.0000E+00	0.0000E+00	1.2661E+00
1.4680E+03	0.0000E+00	0.0000E+00	1.2621E+00
1.4690E+03	0.0000E+00	0.0000E+00	1.2570E+00
1.4700E+03	0.0000E+00	0.0000E+00	1.2540E+00
1.4710E+03	0.0000E+00	0.0000E+00	1.2480E+00
1.4720E+03	0.0000E+00	0.0000E+00	1.2419E+00
1.4730E+03	0.0000E+00	0.0000E+00	1.2349E+00
1.4740E+03	0.0000E+00	0.0000E+00	1.2349E+00
1.4750E+03	0.0000E+00	0.0000E+00	1.2239E+00
1.4760E+03	0.0000E+00	0.0000E+00	1.2248E+00
1.4770E+03	0.0000E+00	0.0000E+00	1.2189E+00
1.4780E+03	0.0000E+00	0.0000E+00	1.2188E+00
1.4790E+03	0.0000E+00	0.0000E+00	1.2158E+00
1.4800E+03	0.0000E+00	0.0000E+00	1.2088E+00
1.4810E+03	0.0000E+00	0.0000E+00	1.2078E+00
1.4820E+03	0.0000E+00	0.0000E+00	1.2017E+00
1.4830E+03	0.0000E+00	0.0000E+00	1.1957E+00
1.4840E+03	0.0000E+00	0.0000E+00	1.1927E+00
1.4850E+03	0.0000E+00	0.0000E+00	1.1987E+00
1.4860E+03	0.0000E+00	0.0000E+00	1.2077E+00
1.4870E+03	0.0000E+00	0.0000E+00	1.2196E+00
1.4880E+03	0.0000E+00	0.0000E+00	1.2346E+00
1.4890E+03	0.0000E+00	0.0000E+00	1.2507E+00
1.4900E+03	0.0000E+00	0.0000E+00	1.2586E+00
1.4910E+03	0.0000E+00	0.0000E+00	1.2635E+00
1.4920E+03	0.0000E+00	0.0000E+00	1.2646E+00
1.4930E+03	0.0000E+00	0.0000E+00	1.2565E+00
1.4940E+03	0.0000E+00	0.0000E+00	1.2536E+00
1.4950E+03	0.0000E+00	0.0000E+00	1.2495E+00
1.4960E+03	0.0000E+00	0.0000E+00	1.2414E+00
1.4970E+03	0.0000E+00	0.0000E+00	1.2345E+00
1.4980E+03	0.0000E+00	0.0000E+00	1.2304E+00
1.4990E+03	0.0000E+00	0.0000E+00	1.2244E+00
1.5000E+03	0.0000E+00	0.0000E+00	1.2254E+00
1.5010E+03	0.0000E+00	0.0000E+00	1.2184E+00
1.5020E+03	0.0000E+00	0.0000E+00	1.2184E+00
1.5030E+03	0.0000E+00	0.0000E+00	1.2163E+00
1.5040E+03	0.0000E+00	0.0000E+00	1.2063E+00
1.5050E+03	0.0000E+00	0.0000E+00	1.2003E+00
1.5060E+03	0.0000E+00	0.0000E+00	1.2003E+00
1.5070E+03	0.0000E+00	0.0000E+00	1.1983E+00
1.5080E+03	0.0000E+00	0.0000E+00	1.1932E+00
1.5090E+03	0.0000E+00	0.0000E+00	1.1922E+00
1.5100E+03	0.0000E+00	0.0000E+00	1.1922E+00
1.5110E+03	0.0000E+00	0.0000E+00	1.1972E+00
1.5120E+03	0.0000E+00	0.0000E+00	1.2062E+00
1.5130E+03	0.0000E+00	0.0000E+00	1.2092E+00
1.5140E+03	0.0000E+00	0.0000E+00	1.2181E+00
1.5150E+03	0.0000E+00	0.0000E+00	1.2161E+00
1.5160E+03	0.0000E+00	0.0000E+00	1.2141E+00
1.5170E+03	0.0000E+00	0.0000E+00	1.2131E+00
1.5180E+03	0.0000E+00	0.0000E+00	1.2110E+00
1.5190E+03	0.0000E+00	0.0000E+00	1.2040E+00
1.5200E+03	0.0000E+00	0.0000E+00	1.2050E+00
1.5210E+03	0.0000E+00	0.0000E+00	1.1989E+00
1.5220E+03	0.0000E+00	0.0000E+00	1.1939E+00
1.5230E+03	0.0000E+00	0.0000E+00	1.1919E+00
1.5240E+03	0.0000E+00	0.0000E+00	1.1900E+00
1.5250E+03	0.0000E+00	0.0000E+00	1.1889E+00
1.5260E+03	0.0000E+00	0.0000E+00	1.1859E+00
1.5270E+03	0.0000E+00	0.0000E+00	1.1819E+00
1.5280E+03	0.0000E+00	0.0000E+00	1.1768E+00
1.5290E+03	0.0000E+00	0.0000E+00	1.1759E+00
1.5300E+03	0.0000E+00	0.0000E+00	1.1678E+00
1.5310E+03	0.0000E+00	0.0000E+00	1.1638E+00
1.5320E+03	0.0000E+00	0.0000E+00	1.1658E+00
1.5330E+03	0.0000E+00	0.0000E+00	1.1676E+00
1.5340E+03	0.0000E+00	0.0000E+00	1.1796E+00
1.5350E+03	0.0000E+00	0.0000E+00	1.1966E+00
1.5360E+03	0.0000E+00	0.0000E+00	1.2086E+00
1.5370E+03	0.0000E+00	0.0000E+00	1.2215E+00
1.5380E+03	0.0000E+00	0.0000E+00	1.2245E+00
1.5390E+03	0.0000E+00	0.0000E+00	1.2335E+00
1.5400E+03	0.0000E+00	0.0000E+00	1.2345E+00
1.5410E+03	0.0000E+00	0.0000E+00	1.2304E+00
1.5420E+03	0.0000E+00	0.0000E+00	1.2235E+00
1.5430E+03	0.0000E+00	0.0000E+00	1.2194E+00
1.5440E+03	0.0000E+00	0.0000E+00	1.2134E+00
1.5450E+03	0.0000E+00	0.0000E+00	1.2074E+00
1.5460E+03	0.0000E+00	0.0000E+00	1.2044E+00
1.5470E+03	0.0000E+00	0.0000E+00	1.2023E+00
1.5480E+03	0.0000E+00	0.0000E+00	1.2013E+00
1.5490E+03	0.0000E+00	0.0000E+00	1.1953E+00
1.5500E+03	0.0000E+00	0.0000E+00	1.1913E+00
1.5510E+03	0.0000E+00	0.0000E+00	1.1862E+00
1.5520E+03	0.0000E+00	0.0000E+00	1.1822E+00
1.5530E+03	0.0000E+00	0.0000E+00	1.1772E+00
1.5540E+03	0.0000E+00	0.0000E+00	1.1752E+00
1.5550E+03	0.0000E+00	0.0000E+00	1.1652E+00
1.5560E+03	0.0000E+00	0.0000E+00	1.1662E+00
1.5570E+03	0.0000E+00	0.0000E+00	1.1701E+00
1.5580E+03	0.0000E+00	0.0000E+00	1.1812E+00
1.5590E+03	0.0000E+00	0.0000E+00	1.1941E+00
1.5600E+03	0.0000E+00	0.0000E+00	1.2071E+00
1.5610E+03	0.0000E+00	0.0000E+00	1.2221E+00
1.5620E+03	0.0000E+00	0.0000E+00	1.2321E+00
1.5630E+03	0.0000E+00	0.0000E+00	1.2420E+00
1.5640E+03	0.0000E+00	0.0000E+00	1.2400E+00
1.5650E+03	0.0000E+00	0.0000E+00	1.2410E+00
1.5660E+03	0.0000E+00	0.0000E+00	1.2330E+00
1.5670E+03	0.0000E+00	0.0000E+00	1.2270E+00
1.5680E+03	0.0000E+00	0.0000E+00	1.2199E+00
1.5690E+03	0.0000E+00	0.0000E+00	1.2129E+00
1.5700E+03	0.0000E+00	0.0000E+00	1.2099E+00
1.5710E+03	0.0000E+00	0.0000E+00	1.2019E+00
1.5720E+03	0.0000E+00	0.0000E+00	1.2008E+00
1.5730E+03	0.0000E+00	0.0000E+00	1.1959E+00
1.5740E+03	0.0000E+00	0.0000E+00	1.1889E+00
1.5750E+03	0.0000E+00	0.0000E+00	1.1868E+00
1.5760E+03	0.0000E+00	0.0000E+00	1.1798E+00
1.5770E+03	0.0000E+00	0.0000E+00	1.1737E+00
1.5780E+03	0.0000E+00	0.0000E+00	1.1677E+00
1.5790E+03	0.0000E+00	0.0000E+00	1.1688E+00
1.5800E+03	0.0000E+00	0.0000E+00	1.1597E+00
1.5810E+03	0.0000E+00	0.0000E+00	1.1607E+00
1.5820E+03	0.0000E+00	0.0000E+00	1.1727E+00
1.5830E+03	0.0000E+00	0.0000E+00	1.1837E+00
1.5840E+03	0.0000E+00	0.0000E+00	1.1936E+00
1.5850E+03	0.0000E+00	0.0000E+00	1.2026E+00
1.5860E+03	0.0000E+00	0.0000E+00	1.2096E+00
1.5870E+03	0.0000E+00	0.0000E+00	1.2126E+00
1.5880E+03	0.0000E+00	0.0000E+00	1.2156E+00
1.5890E+03	0.0000E+00	0.0000E+00	1.2116E+00
1.5900E+03	0.0000E+00	0.0000E+00	1.2075E+00
1.5910E+03	0.0000E+00	0.0000E+00	1.2025E+00
1.5920E+03	0.0000E+00	0.0000E+00	1.1975E+00
1.5930E+03	0.0000E+00	0.0000E+00	1.1895E+00
1.5940E+03	0.0000E+00	0.0000E+00	1.1875E+00
1.5950E+03	0.0000E+00	0.0000E+00	1.1834E+00
1.5960E+03	0.0000E+00	0.0000E+00	1.1804E+00
1.5970E+03	0.0000E+00	0.0000E+00	1.1754E+00
1.5980E+03	0.0000E+00	0.0000E+00	1.1712E+00
1.5990E+03	0.0000E+00	0.0000E+00	1.1674E+00
1.6000E+03	0.0000E+00	0.0000E+00	1.1652E+00
1.6010E+03	0.0000E+00	0.0000E+00	1.1592E+00
1.6020E+03	0.0000E+00	0.0000E+00	1.1542E+00
1.6030E+03	0.0000E+00	0.0000E+00	1.1472E+00
1.6040E+03	0.0000E+00	0.0000E+00	1.1411E+00
1.6050E+03	0.0000E+00	0.0000E+00	1.1442E+00
1.6060E+03	0.0000E+00	0.0000E+00	1.1521E+00
1.6070E+03	0.0000E+00	0.0000E+00	1.1671E+00
1.6080E+03	0.0000E+00	0.0000E+00	1.1801E+00
1.6090E+03	0.0000E+00	0.0000E+00	1.1970E+00
1.6100E+03	0.0000E+00	0.0000E+00	1.2020E+00
1.6110E+03	0.0000E+00	0.0000E+00	1.2090E+00
1.6120E+03	0.0000E+00	0.0000E+00	1.2080E+00
1.6130E+03	0.0000E+00	0.0000E+00	1.2080E+00
1.6140E+03	0.0000E+00	0.0000E+00	1.2029E+00
1.6150E+03	0.0000E+00	0.0000E+00	1.1969E+00
1.6160E+03	0.0000E+00	0.0000E+00	1.1909E+00
1.6170E+03	0.0000E+00	0.0000E+00	1.1829E+00
1.6180E+03	0.0000E+00	0.0000E+00	1.1818E+00
1.6190E+03	0.0000E+00	0.0000E+00	1.1778E+00
1.6200E+03	0.0000E+00	0.0000E+00	1.1738E+00
1.6210E+03	0.0000E+00	0.0000E+00	1.1699E+00
1.6220E+03	0.0000E+00	0.0000E+00	1.1638E+00
1.6230E+03	0.0000E+00	0.0000E+00	1.1598E+00
1.6240E+03	0.0000E+00	0.0000E+00	1.1587E+00
1.6250E+03	0.0000E+00	0.0000E+00	1.1507E+00
1.6260E+03	0.0000E+00	0.0000E+00	1.1447E+00
1.6270E+03	0.0000E+00	0.0000E+00	1.1387E+00
1.6280E+03	0.0000E+00	0.0000E+00	1.1337E+00
1.6290E+03	0.0000E+00	0.0000E+00	1.1327E+00
1.6300E+03	0.0000E+00	0.0000E+00	1.1396E+00
1.6310E+03	0.0000E+00	0.0000E+00	1.1487E+00
1.6320E+03	0.0000E+00	0.0000E+00	1.1666E+00
1.6330E+03	0.0000E+00	0.0000E+00	1.1766E+00
1.6340E+03	0.0000E+00	0.0000E+00	1.1905E+00
1.6350E+03	0.0000E+00	0.0000E+00	1.1935E+00
1.6360E+03	0.0000E+00	0.0000E+00	1.1955E+00
1.6370E+03	0.0000E+00	0.0000E+00	1.1945E+00
1.6380E+03	0.0000E+00	0.0000E+00	1.1875E+00
1.6390E+03	0.0000E+00	0.0000E+00	1.1815E+00
1.6400E+03	0.0000E+00	0.0000E+00	1.1745E+00
1.6410E+03	0.0000E+00	0.0000E+00	1.1695E+00
1.6420E+03	0.0000E+00	0.0000E+00	1.1654E+00
1.6430E+03	0.0000E+00	0.0000E+00	1.1594E+00
1.6440E+03	0.0000E+00	0.0000E+00	1.1594E+00
1.6450E+03	0.0000E+00	0.0000E+00	1.1544E+00
1.6460E+03	0.0000E+00	0.0000E+00	1.1483E+00
1.6470E+03	0.0000E+00	0.0000E+00	1.1453E+00
1.6480E+03	0.0000E+00	0.0000E+00	1.1423E+00
1.6490E+03	0.0000E+00	0.0000E+00	1.1373E+00
1.6500E+03	0.0000E+00	0.0000E+00	1.1292E+00
1.6510E+03	0.0000E+00	0.0000E+00	1.1262E+00
1.6520E+03	0.0000E+00	0.0000E+00	1.1222E+00
1.6530E+03	0.0000E+00	0.0000E+00	1.1232E+00
1.6540E+03	0.0000E+00	0.0000E+00	1.1292E+00
1.6550E+03	0.0000E+00	0.0000E+00	1.1371E+00
1.6560E+03	0.0000E+00	0.0000E+00	1.1512E+00
1.6570E+03	0.0000E+00	0.0000E+00	1.1661E+00
1.6580E+03	0.0000E+00	0.0000E+00	1.1771E+00
1.6590E+03	0.0000E+00	0.0000E+00	1.1821E+00
1.6600E+03	0.0000E+00	0.0000E+00	1.1850E+00
1.6610E+03	0.0000E+00	0.0000E+00	1.1810E+00
1.6620E+03	0.0000E+00	0.0000E+00	1.1800E+00
1.6630E+03	0.0000E+00	0.0000E+00	1.1740E+00
1.6640E+03	0.0000E+00	0.0000E+00	1.1710E+00
1.6650E+03	0.0000E+00	0.0000E+00	1.1599E+00
1.6660E+03	0.0000E+00	0.0000E+00	1.1580E+00
1.6670E+03	0.0000E+00	0.0000E+00	1.1589E+00
1.6680E+03	0.0000E+00	0.0000E+00	1.1509E+00
1.6690E+03	0.0000E+00	0.0000E+00	1.1459E+00
1.6700E+03	0.0000E+00	0.0000E+00	1.1399E+00
1.6710E+03	0.0000E+00	0.0000E+00	1.1389E+00
1.6720E+03	0.0000E+00	0.0000E+00	1.1327E+00
1.6730E+03	0.0000E+00	0.0000E+00	1.1267E+00
1.6740E+03	0.0000E+00	0.0000E+00	1.1207E+00
1.6750E+03	0.0000E+00	0.0000E+00	1.1167E+00
1.6760E+03	0.0000E+00	0.0000E+00	1.1129E+00
1.6770E+03	0.0000E+00	0.0000E+00	1.1121E+00
1.6780E+03	0.0000E+00	0.0000E+00	1.1146E+00
1.6790E+03	0.0000E+00	0.0000E+00	1.1133E+00
1.6800E+03	0.0000E+00	0.0000E+00	1.1255E+00
1.6810E+03	0.0000E+00	0.0000E+00	1.1376E+00
1.6820E+03	0.0000E+00	0.0000E+00	1.1476E+00
1.6830E+03	0.0000E+00	0.0000E+00	1.1545E+00
1.6840E+03	0.0000E+00	0.0000E+00	1.1565E+00
1.6850E+03	0.0000E+00	0.0000E+00	1.1575E+00
1.6860E+03	0.0000E+00	0.0000E+00	1.1545E+00
1.6870E+03	0.0000E+00	0.0000E+00	1.1514E+00
1.6880E+03	0.0000E+00	0.0000E+00	1.1464E+00
1.6890E+03	0.0000E+00	0.0000E+00	1.1365E+00
1.6900E+03	0.0000E+00	0.0000E+00	1.1374E+00
1.6910E+03	0.0000E+00	0.0000E+00	1.1344E+00
1.6920E+03	0.0000E+00	0.0000E+00	1.1314E+00
1.6930E+03	0.0000E+00	0.0000E+00	1.1254E+00
1.6940E+03	0.0000E+00	0.0000E+00	1.1233E+00
1.6950E+03	0.0000E+00	0.0000E+00	1.1153E+00
1.6960E+03	0.0000E+00	0.0000E+00	1.1123E+00
1.6970E+03	0.0000E+00	0.0000E+00	1.1098E+00
1.6980E+03	0.0000E+00	0.0000E+00	1.1041E+00
1.6990E+03	0.0000E+00	0.0000E+00	1.1014E+00
1.7000E+03	0.0000E+00	0.0000E+00	1.0952E+00
1.7010E+03	0.0000E+00	0.0000E+00	1.0944E+00
1.7020E+03	0.0000E+00	0.0000E+00	1.0926E+00
1.7030E+03	0.0000E+00	0.0000E+00	1.0961E+00
1.7040E+03	0.0000E+00	0.0000E+00	1.0992E+00
1.7050E+03	0.0000E+00	0.0000E+00	1.1103E+00
1.7060E+03	0.0000E+00	0.0000E+00	1.1171E+00
1.7070E+03	0.0000E+00	0.0000E+00	1.1291E+00
1.7080E+03	0.0000E+00	0.0000E+00	1.1360E+00
1.7090E+03	0.0000E+00	0.0000E+00	1.1430E+00
1.7100E+03	0.0000E+00	0.0000E+00	1.1420E+00
1.7110E+03	0.0000E+00	0.0000E+00	1.1379E+00
1.7120E+03	0.0000E+00	0.0000E+00	1.1310E+00
1.7130E+03	0.0000E+00	0.0000E+00	1.1239E+00
1.7140E+03	0.0000E+00	0.0000E+00	1.1240E+00
1.7150E+03	0.0000E+00	0.0000E+00	1.1219E+00
1.7160E+03	0.0000E+00	0.0000E+00	1.1169E+00
1.7170E+03	0.0000E+00	0.0000E+00	1.1158E+00
1.7180E+03	0.0000E+00	0.0000E+00	1.1105E+00
1.7190E+03	0.0000E+00	0.0000E+00	1.1050E+00
1.7200E+03	0.0000E+00	0.0000E+00	1.0997E+00
1.7210E+03	0.0000E+00	0.0000E+00	1.0946E+00
1.7220E+03	0.0000E+00	0.0000E+00	1.0917E+00
1.7230E+03	0.0000E+00	0.0000E+00	1.0875E+00
1.7240E+03	0.0000E+00	0.0000E+00	1.0848E+00
1.7250E+03	0.0000E+00	0.0000E+00	1.0844E+00
1.7260E+03	0.0000E+00	0.0000E+00	1.0877E+00
1.7270E+03	0.0000E+00	0.0000E+00	1.0900E+00
1.7280E+03	0.0000E+00	0.0000E+00	1.1025E+00
1.7290E+03	0.0000E+00	0.0000E+00	1.1124E+00
1.7300E+03	0.0000E+00	0.0000E+00	1.1216E+00
1.7310E+03	0.0000E+00	0.0000E+00	1.1286E+00
1.7320E+03	0.0000E+00	0.0000E+00	1.1306E+00
1.7330E+03	0.0000E+00	0.0000E+00	1.1285E+00
1.7340E+03	0.0000E+00	0.0000E+00	1.1246E+00
1.7350E+03	0.0000E+00	0.0000E+00	1.1236E+00
1.7360E+03	0.0000E+00	0.0000E+00	1.1155E+00
1.7370E+03	0.0000E+00	0.0000E+00	1.1134E+00
1.7380E+03	0.0000E+00	0.0000E+00	1.1092E+00
1.7390E+03	0.0000E+00	0.0000E+00	1.1081E+00
1.7400E+03	0.0000E+00	0.0000E+00	1.1058E+00
1.7410E+03	0.0000E+00	0.0000E+00	1.1004E+00
1.7420E+03	0.0000E+00	0.0000E+00	1.0927E+00
1.7430E+03	0.0000E+00	0.0000E+00	1.0876E+00
1.7440E+03	0.0000E+00	0.0000E+00	1.0859E+00
1.7450E+03	0.0000E+00	0.0000E+00	1.0838E+00
1.7460E+03	0.0000E+00	0.0000E+00	1.0771E+00
1.7470E+03	0.0000E+00	0.0000E+00	1.0724E+00
1.7480E+03	0.0000E+00	0.0000E+00	1.0666E+00
1.7490E+03	0.0000E+00	0.0000E+00	1.0693E+00
1.7500E+03	0.0000E+00	0.0000E+00	1.0717E+00
1.7510E+03	0.0000E+00	0.0000E+00	1.0799E+00
1.7520E+03	0.0000E+00	0.0000E+00	1.0921E+00
1.7530E+03	0.0000E+00	0.0000E+00	1.1080E+00
1.7540E+03	0.0000E+00	0.0000E+00	1.1200E+00
1.7550E+03	0.0000E+00	0.0000E+00	1.1281E+00
1.7560E+03	0.0000E+00	0.0000E+00	1.1271E+00
1.7570E+03	0.0000E+00	0.0000E+00	1.1290E+00
1.7580E+03	0.0000E+00	0.0000E+00	1.1280E+00
1.7590E+03	0.0000E+00	0.0000E+00	1.1220E+00
1.7600E+03	0.0000E+00	0.0000E+00	1.1160E+00
1.7610E+03	0.0000E+00	0.0000E+00	1.1114E+00
1.7620E+03	0.0000E+00	0.0000E+00	1.1059E+00
1.7630E+03	0.0000E+00	0.0000E+00	1.1048E+00
1.7640E+03	0.0000E+00	0.0000E+00	1.1024E+00
1.7650E+03	0.0000E+00	0.0000E+00	1.0950E+00
1.7660E+03	0.0000E+00	0.0000E+00	1.0908E+00
1.7670E+03	0.0000E+00	0.0000E+00	1.0879E+00
1.7680E+03	0.0000E+00	0.0000E+00	1.0825E+00
1.7690E+03	0.0000E+00	0.0000E+00	1.0784E+00
1.7700E+03	0.0000E+00	0.0000E+00	1.0736E+00
1.7710E+03	0.0000E+00	0.0000E+00	1.0703E+00
1.7720E+03	0.0000E+00	0.0000E+00	1.0683E+00
1.7730E+03	0.0000E+00	0.0000E+00	1.0678E+00
1.7740E+03	0.0000E+00	0.0000E+00	1.0737E+00
1.7750E+03	0.0000E+00	0.0000E+00	1.0804E+00
1.7760E+03	0.0000E+00	0.0000E+00	1.0921E+00
1.7770E+03	0.0000E+00	0.0000E+00	1.1034E+00
1.7780E+03	0.0000E+00	0.0000E+00	1.1126E+00
1.7790E+03	0.0000E+00	0.0000E+00	1.1186E+00
1.7800E+03	0.0000E+00	0.0000E+00	1.1186E+00
1.7810E+03	0.0000E+00	0.0000E+00	1.1206E+00
1.7820E+03	0.0000E+00	0.0000E+00	1.1156E+00
1.7830E+03	0.0000E+00	0.0000E+00	1.1121E+00
1.7840E+03	0.0000E+00	0.0000E+00	1.1086E+00
1.7850E+03	0.0000E+00	0.0000E+00	1.1038E+00
1.7860E+03	0.0000E+00	0.0000E+00	1.1026E+00
1.7870E+03	0.0000E+00	0.0000E+00	1.0797E+00
1.7880E+03	0.0000E+00	0.0000E+00	1.0759E+00
1.7890E+03	0.0000E+00	0.0000E+00	1.0757E+00
1.7900E+03	0.0000E+00	0.0000E+00	1.0716E+00
1.7910E+03	0.0000E+00	0.0000E+00	1.0686E+00
1.7920E+03	0.0000E+00	0.0000E+00	1.0613E+00
1.7930E+03	0.0000E+00	0.0000E+00	1.0556E+00
1.7940E+03	0.0000E+00	0.0000E+00	1.0560E+00
1.7950E+03	0.0000E+00	0.0000E+00	1.0476E+00
1.7960E+03	0.0000E+00	0.0000E+00	1.0425E+00
1.7970E+03	0.0000E+00	0.0000E+00	1.0431E+00
1.7980E+03	0.0000E+00	0.0000E+00	1.0431E+00
1.7990E+03	0.0000E+00	0.0000E+00	1.0532E+00
1.8000E+03	0.0000E+00	0.0000E+00	1.0620E+00
1.8010E+03	0.0000E+00	0.0000E+00	1.0771E+00
1.8020E+03	0.0000E+00	0.0000E+00	1.0858E+00
1.8030E+03	0.0000E+00	0.0000E+00	1.0914E+00
1.8040E+03	0.0000E+00	0.0000E+00	1.0949E+00
1.8050E+03	0.0000E+00	0.0000E+00	1.0968E+00
1.8060E+03	0.0000E+00	0.0000E+00	1.0955E+00
1.8070E+03	0.0000E+00	0.0000E+00	1.0924E+00
1.8080E+03	0.0000E+00	0.0000E+00	1.0884E+00
1.8090E+03	0.0000E+00	0.0000E+00	1.0788E+00
1.8100E+03	0.0000E+00	0.0000E+00	1.0778E+00
1.8110E+03	0.0000E+00	0.0000E+00	1.0753E+00
1.8120E+03	0.0000E+00	0.0000E+00	1.0725E+00
1.8130E+03	0.0000E+00	0.0000E+00	1.0688E+00
1.8140E+03	0.0000E+00	0.0000E+00	1.0634E+00
1.8150E+03	0.0000E+00	0.0000E+00	1.0636E+00
1.8160E+03	0.0000E+00	0.0000E+00	1.0540E+00
1.8170E+03	0.0000E+00	0.0000E+00	1.0565E+00
1.8180E+03	0.0000E+00	0.0000E+00	1.0540E+00
1.8190E+03	0.0000E+00	0.0000E+00	1.0495E+00
1.8200E+03	0.0000E+00	0.0000E+00	1.0496E+00
1.8210E+03	0.0000E+00	0.0000E+00	1.0517E+00
1.8220E+03	0.0000E+00	0.0000E+00	1.0566E+00
1.8230E+03	0.0000E+00	0.0000E+00	1.0646E+00
1.8240E+03	0.0000E+00	0.0000E+00	1.0709E+00
1.8250E+03	0.0000E+00	0.0000E+00	1.0763E+00
1.8260E+03	0.0000E+00	0.0000E+00	1.0810E+00
1.8270E+03	0.0000E+00	0.0000E+00	1.0811E+00
1.8280E+03	0.0000E+00	0.0000E+00	1.0812E+00
1.8290E+03	0.0000E+00	0.0000E+00	1.0838E+00
1.8300E+03	0.0000E+00	0.0000E+00	1.0826E+00
1.8310E+03	0.0000E+00	0.0000E+00	1.0818E+00
1.8320E+03	0.0000E+00	0.0000E+00	1.0873E+00
1.8330E+03	0.0000E+00	0.0000E+00	1.1007E+00
1.8340E+03	0.0000E+00	0.0000E+00	1.1039E+00
1.8350E+03	0.0000E+00	0.0000E+00	1.1264E+00
1.8360E+03	0.0000E+00	0.0000E+00	1.1624E+00
1.8370E+03	0.0000E+00	0.0000E+00	1.1904E+00
1.8380E+03	0.0000E+00	0.0000E+00	1.2084E+00
1.8390E+03	0.0000E+00	0.0000E+00	1.2093E+00
1.8400E+03	0.0000E+00	0.0000E+00	1.1984E+00
1.8410E+03	0.0000E+00	0.0000E+00	1.1883E+00
1.8420E+03	0.0000E+00	0.0000E+00	1.1793E+00
1.8430E+03	0.0000E+00	0.0000E+00	1.1712E+00
1.8440E+03	0.0000E+00	0.0000E+00	1.1663E+00
1.8450E+03	0.0000E+00	0.0000E+00	1.1553E+00
1.8460E+03	0.0000E+00	0.0000E+00	1.1502E+00
1.8470E+03	0.0000E+00	0.0000E+00	1.1502E+00
1.8480E+03	0.0000E+00	0.0000E+00	1.1552E+00
1.8490E+03	0.0000E+00	0.0000E+00	1.1592E+00
1.8500E+03	0.0000E+00	0.0000E+00	1.1611E+00
1.8510E+03	0.0000E+00	0.0000E+00	1.1571E+00
1.8520E+03	0.0000E+00	0.0000E+00	1.1521E+00
1.8530E+03	0.0000E+00	0.0000E+00	1.1481E+00
1.8540E+03	0.0000E+00	0.0000E+00	1.1401E+00
1.8550E+03	0.0000E+00	0.0000E+00	1.1371E+00
1.8560E+03	0.0000E+00	0.0000E+00	1.1361E+00
1.8570E+03	0.0000E+00	0.0000E+00	1.1370E+00
1.8580E+03	0.0000E+00	0.0000E+00	1.1301E+00
1.8590E+03	0.0000E+00	0.0000E+00	1.1270E+00
1.8600E+03	0.0000E+00	0.0000E+00	1.1219E+00
1.8610E+03	0.0000E+00	0.0000E+00	1.1219E+00
1.8620E+03	0.0000E+00	0.0000E+00	1.1150E+00
1.8630E+03	0.0000E+00	0.0000E+00	1.1119E+00
1.8640E+03	0.0000E+00	0.0000E+00	1.1071E+00
1.8650E+03	0.0000E+00	0.0000E+00	1.0978E+00
1.8660E+03	0.0000E+00	0.0000E+00	1.0935E+00
1.8670E+03	0.0000E+00	0.0000E+00	1.0871E+00
1.8680E+03	0.0000E+00	0.0000E+00	1.0809E+00
1.8690E+03	0.0000E+00	0.0000E+00	1.0825E+00
1.8700E+03	0.0000E+00	0.0000E+00	1.0801E+00
1.8710E+03	0.0000E+00	0.0000E+00	1.0789E+00
1.8720E+03	0.0000E+00	0.0000E+00	1.0855E+00
1.8730E+03	0.0000E+00	0.0000E+00	1.0929E+00
1.8740E+03	0.0000E+00	0.0000E+00	1.0981E+00
1.8750E+03	0.0000E+00	0.0000E+00	1.1033E+00
1.8760E+03	0.0000E+00	0.0000E+00	1.1069E+00
1.8770E+03	0.0000E+00	0.0000E+00	1.1050E+00
1.8780E+03	0.0000E+00	0.0000E+00	1.1005E+00
1.8790E+03	0.0000E+00	0.0000E+00	1.0981E+00
1.8800E+03	0.0000E+00	0.0000E+00	1.0899E+00
1.8810E+03	0.0000E+00	0.0000E+00	1.0853E+00
1.8820E+03	0.0000E+00	0.0000E+00	1.0836E+00
1.8830E+03	0.0000E+00	0.0000E+00	1.0831E+00
1.8840E+03	0.0000E+00	0.0000E+00	1.0790E+00
1.8850E+03	0.0000E+00	0.0000E+00	1.0772E+00
1.8860E+03	0.0000E+00	0.0000E+00	1.0742E+00
1.8870E+03	0.0000E+00	0.0000E+00	1.0654E+00
1.8880E+03	0.0000E+00	0.0000E+00	1.0615E+00
1.8890E+03	0.0000E+00	0.0000E+00	1.0614E+00
1.8900E+03	0.0000E+00	0.0000E+00	1.0568E+00
1.8910E+03	0.0000E+00	0.0000E+00	1.0538E+00
1.8920E+03	0.0000E+00	0.0000E+00	1.0452E+00
1.8930E+03	0.0000E+00	0.0000E+00	1.0435E+00
1.8940E+03	0.0000E+00	0.0000E+00	1.0390E+00
1.8950E+03	0.0000E+00	0.0000E+00	1.0401E+00
1.8960E+03	0.0000E+00	0.0000E+00	1.0439E+00
1.8970E+03	0.0000E+00	0.0000E+00	1.0502E+00
1.8980E+03	0.0000E+00	0.0000E+00	1.0611E+00
1.8990E+03	0.0000E+00	0.0000E+00	1.0644E+00
1.9000E+03	0.0000E+00	0.0000E+00	1.0689E+00
1.9010E+03	0.0000E+00	0.0000E+00	1.0677E+00
1.9020E+03	0.0000E+00	0.0000E+00	1.0673E+00
1.9030E+03	0.0000E+00	0.0000E+00	1.0632E+00
1.9040E+03	0.0000E+00	0.0000E+00	1.0611E+00
1.9050E+03	0.0000E+00	0.0000E+00	1.0563E+00
1.9060E+03	0.0000E+00	0.0000E+00	1.0534E+00
1.9070E+03	0.0000E+00	0.0000E+00	1.0522E+00
1.9080E+03	0.0000E+00	0.0000E+00	1.0497E+00
1.9090E+03	0.0000E+00	0.0000E+00	1.0485E+00
1.9100E+03	0.0000E+00	0.0000E+00	1.0448E+00
1.9110E+03	0.0000E+00	0.0000E+00	1.0409E+00
1.9120E+03	0.0000E+00	0.0000E+00	1.0379E+00
1.9130E+03	0.0000E+00	0.0000E+00	1.0339E+00
1.9140E+03	0.0000E+00	0.0000E+00	1.0345E+00
1.9150E+03	0.0000E+00	0.0000E+00	1.0299E+00
1.9160E+03	0.0000E+00	0.0000E+00	1.0247E+00
1.9170E+03	0.0000E+00	0.0000E+00	1.0235E+00
1.9180E+03	0.0000E+00	0.0000E+00	1.0232E+00
1.9190E+03	0.0000E+00	0.0000E+00	1.0200E+00
1.9200E+03	0.0000E+00	0.0000E+00	1.0191E+00
1.9210E+03	0.0000E+00	0.0000E+00	1.0241E+00
1.9220E+03	0.0000E+00	0.0000E+00	1.0327E+00
1.9230E+03	0.0000E+00	0.0000E+00	1.0406E+00
1.9240E+03	0.0000E+00	0.0000E+00	1.0465E+00
1.9250E+03	0.0000E+00	0.0000E+00	1.0491E+00
1.9260E+03	0.0000E+00	0.0000E+00	1.0474E+00
1.9270E+03	0.0000E+00	0.0000E+00	1.0483E+00
1.9280E+03	0.0000E+00	0.0000E+00	1.0425E+00
1.9290E+03	0.0000E+00	0.0000E+00	1.0404E+00
1.9300E+03	0.0000E+00	0.0000E+00	1.0382E+00
1.9310E+03	0.0000E+00	0.0000E+00	1.0392E+00
1.9320E+03	0.0000E+00	0.0000E+00	1.0360E+00
1.9330E+03	0.0000E+00	0.0000E+00	1.0353E+00
1.9340E+03	0.0000E+00	0.0000E+00	1.0308E+00
1.9350E+03	0.0000E+00	0.0000E+00	1.0267E+00
1.9360E+03	0.0000E+00	0.0000E+00	1.0250E+00
1.9370E+03	0.0000E+00	0.0000E+00	1.0227E+00
1.9380E+03	0.0000E+00	0.0000E+00	1.0205E+00
1.9390E+03	0.0000E+00	0.0000E+00	1.0153E+00
1.9400E+03	0.0000E+00	0.0000E+00	1.0075E+00
1.9410E+03	0.0000E+00	0.0000E+00	1.0104E+00
1.9420E+03	0.0000E+00	0.0000E+00	1.0058E+00
1.9430E+03	0.0000E+00	0.0000E+00	1.0016E+00
1.9440E+03	0.0000E+00	0.0000E+00	1.0016E+00
1.9450E+03	0.0000E+00	0.0000E+00	1.0121E+00
1.9460E+03	0.0000E+00	0.0000E+00	1.0184E+00
1.9470E+03	0.0000E+00	0.0000E+00	1.0224E+00
1.9480E+03	0.0000E+00	0.0000E+00	1.0326E+00
1.9490E+03	0.0000E+00	0.0000E+00	1.0338E+00
1.9500E+03	0.0000E+00	0.0000E+00	1.0352E+00
1.9510E+03	0.0000E+00	0.0000E+00	1.0300E+00
1.9520E+03	0.0000E+00	0.0000E+00	1.0254E+00
1.9530E+03	0.0000E+00	0.0000E+00	1.0238E+00
1.9540E+03	0.0000E+00	0.0000E+00	1.0234E+00
1.9550E+03	0.0000E+00	0.0000E+00	1.0210E+00
1.9560E+03	0.0000E+00	0.0000E+00	1.0227E+00
1.9570E+03	0.0000E+00	0.0000E+00	1.0192E+00
1.9580E+03	0.0000E+00	0.0000E+00	1.0180E+00
1.9590E+03	0.0000E+00	0.0000E+00	1.0143E+00
1.9600E+03	0.0000E+00	0.0000E+00	1.0136E+00
1.9610E+03	0.0000E+00	0.0000E+00	1.0089E+00
1.9620E+03	0.0000E+00	0.0000E+00	1.0068E+00
1.9630E+03	0.0000E+00	0.0000E+00	1.0038E+00
1.9640E+03	0.0000E+00	0.0000E+00	9.9875E-01
1.9650E+03	0.0000E+00	0.0000E+00	9.9739E-01
1.9660E+03	0.0000E+00	0.0000E+00	9.9475E-01
1.9670E+03	0.0000E+00	0.0000E+00	9.9210E-01
1.9680E+03	0.0000E+00	0.0000E+00	9.9292E-01
1.9690E+03	0.0000E+00	0.0000E+00	9.9075E-01
1.9700E+03	0.0000E+00	0.0000E+00	9.9210E-01
1.9710E+03	0.0000E+00	0.0000E+00	9.9228E-01
1.9720E+03	0.0000E+00	0.0000E+00	9.9519E-01
1.9730E+03	0.0000E+00	0.0000E+00	9.9900E-01
1.9740E+03	0.0000E+00	0.0000E+00	9.9955E-01
1.9750E+03	0.0000E+00	0.0000E+00	9.9535E-01
1.9760E+03	0.0000E+00	0.0000E+00	9.9508E-01
1.9770E+03	0.0000E+00	0.0000E+00	9.9526E-01
1.9780E+03	0.0000E+00	0.0000E+00	9.9562E-01
1.9790E+03	0.0000E+00	0.0000E+00	9.9689E-01
1.9800E+03	0.0000E+00	0.0000E+00	9.9762E-01
1.9810E+03	0.0000E+00	0.0000E+00	9.9533E-01
1.9820E+03	0.0000E+00	0.0000E+00	9.9360E-01
1.9830E+03	0.0000E+00	0.0000E+00	9.9307E-01
1.9840E+03	0.0000E+00	0.0000E+00	9.9251E-01
1.9850E+03	0.0000E+00	0.0000E+00	9.8969E-01
1.9860E+03	0.0000E+00	0.0000E+00	9.8832E-01
1.9870E+03	0.0000E+00	0.0000E+00	9.8696E-01
1.9880E+03	0.0000E+00	0.0000E+00	9.8349E-01
1.9890E+03	0.0000E+00	0.0000E+00	9.7976E-01
1.9900E+03	0.0000E+00	0.0000E+00	9.8067E-01
1.9910E+03	0.0000E+00	0.0000E+00	9.7694E-01
1.9920E+03	0.0000E+00	0.0000E+00	9.7594E-01
1.9930E+03	0.0000E+00	0.0000E+00	9.7530E-01
1.9940E+03	0.0000E+00	0.0000E+00	9.7812E-01
1.9950E+03	0.0000E+00	0.0000E+00	9.7903E-01
1.9960E+03	0.0000E+00	0.0000E+00	9.8721E-01
1.9970E+03	0.0000E+00	0.0000E+00	9.9130E-01
1.9980E+03	0.0000E+00	0.0000E+00	9.9328E-01
1.9990E+03	0.0000E+00	0.0000E+00	9.9583E-01
2.0000E+03	0.0000E+00	0.0000E+00	9.9119E-01
2.0010E+03	0.0000E+00	0.0000E+00	9.9119E-01
2.0020E+03	0.0000E+00	0.0000E+00	9.9210E-01
2.0030E+03	0.0000E+00	0.0000E+00	9.8855E-01
2.0040E+03	0.0000E+00	0.0000E+00	9.9210E-01
2.0050E+03	0.0000E+00	0.0000E+00	9.8674E-01
2.0060E+03	0.0000E+00	0.0000E+00	9.8501E-01
2.0070E+03	0.0000E+00	0.0000E+00	9.8592E-01
2.0080E+03	0.0000E+00	0.0000E+00	9.8437E-01
2.0090E+03	0.0000E+00	0.0000E+00	9.8128E-01
2.0100E+03	0.0000E+00	0.0000E+00	9.8083E-01
2.0110E+03	0.0000E+00	0.0000E+00	9.7628E-01
2.0120E+03	0.0000E+00	0.0000E+00	9.7446E-01
2.0130E+03	0.0000E+00	0.0000E+00	9.7219E-01
2.0140E+03	0.0000E+00	0.0000E+00	9.7428E-01
2.0150E+03	0.0000E+00	0.0000E+00	9.6983E-01
2.0160E+03	0.0000E+00	0.0000E+00	9.6819E-01
2.0170E+03	0.0000E+00	0.0000E+00	9.6737E-01
2.0180E+03	0.0000E+00	0.0000E+00	9.7128E-01
2.0190E+03	0.0000E+00	0.0000E+00	9.6846E-01
2.0200E+03	0.0000E+00	0.0000E+00	9.7155E-01
2.0210E+03	0.0000E+00	0.0000E+00	9.7246E-01
2.0220E+03	0.0000E+00	0.0000E+00	9.7246E-01
2.0230E+03	0.0000E+00	0.0000E+00	9.7474E-01
2.0240E+03	0.0000E+00	0.0000E+00	9.7492E-01
2.0250E+03	0.0000E+00	0.0000E+00	9.7510E-01
2.0260E+03	0.0000E+00	0.0000E+00	9.7546E-01
2.0270E+03	0.0000E+00	0.0000E+00	9.7628E-01
2.0280E+03	0.0000E+00	0.0000E+00	9.7628E-01
2.0290E+03	0.0000E+00	0.0000E+00	9.7674E-01
2.0300E+03	0.0000E+00	0.0000E+00	9.7183E-01
2.0310E+03	0.0000E+00	0.0000E+00	9.7219E-01
2.0320E+03	0.0000E+00	0.0000E+00	9.7083E-01
2.0330E+03	0.0000E+00	0.0000E+00	9.7146E-01
2.0340E+03	0.0000E+00	0.0000E+00	9.7292E-01
2.0350E+03	0.0000E+00	0.0000E+00	9.6528E-01
2.0360E+03	0.0000E+00	0.0000E+00	9.6774E-01
2.0370E+03	0.0000E+00	0.0000E+00	9.6601E-01
2.0380E+03	0.0000E+00	0.0000E+00	9.6574E-01
2.0390E+03	0.0000E+00	0.0000E+00	9.6146E-01
2.0400E+03	0.0000E+00	0.0000E+00	9.5546E-01
2.0410E+03	0.0000E+00	0.0000E+00	9.5883E-01
2.0420E+03	0.0000E+00	0.0000E+00	9.6228E-01
2.0430E+03	0.0000E+00	0.0000E+00	9.6319E-01
2.0440E+03	0.0000E+00	0.0000E+00	9.7228E-01
2.0450E+03	0.0000E+00	0.0000E+00	9.7728E-01
2.0460E+03	0.0000E+00	0.0000E+00	9.7828E-01
2.0470E+03	0.0000E+00	0.0000E+00	9.7855E-01
2.0480E+03	0.0000E+00	0.0000E+00	9.7655E-01
2.0490E+03	0.0000E+00	0.0000E+00	9.7519E-01
2.0500E+03	0.0000E+00	0.0000E+00	9.7755E-01
2.0510E+03	0.0000E+00	0.0000E+00	9.7855E-01
2.0520E+03	0.0000E+00	0.0000E+00	9.7619E-01
2.0530E+03	0.0000E+00	0.0000E+00	9.7655E-01
2.0540E+03	0.0000E+00	0.0000E+00	9.7601E-01
2.0550E+03	0.0000E+00	0.0000E+00	9.7201E-01
2.0560E+03	0.0000E+00	0.0000E+00	9.7046E-01
2.0570E+03	0.0000E+00	0.0000E+00	9.6574E-01
2.0580E+03	0.0000E+00	0.0000E+00	9.6501E-01
2.0590E+03	0.0000E+00	0.0000E+00	9.6574E-01
2.0600E+03	0.0000E+00	0.0000E+00	9.6192E-01
2.0610E+03	0.0000E+00	0.0000E+00	9.6419E-01
2.0620E+03	0.0000E+00	0.0000E+00	9.5792E-01
2.0630E+03	0.0000E+00	0.0000E+00	9.5655E-01
2.0640E+03	0.0000E+00	0.0000E+00	9.5110E-01
2.0650E+03	0.0000E+00	0.0000E+00	9.5319E-01
2.0660E+03	0.0000E+00	0.0000E+00	9.5637E-01
2.0670E+03	0.0000E+00	0.0000E+00	9.6319E-01
2.0680E+03	0.0000E+00	0.0000E+00	9.6974E-01
2.0690E+03	0.0000E+00	0.0000E+00	9.7283E-01
2.0700E+03	0.0000E+00	0.0000E+00	9.7637E-01
2.0710E+03	0.0000E+00	0.0000E+00	9.7492E-01
2.0720E+03	0.0000E+00	0.0000E+00	9.7546E-01
2.0730E+03	0.0000E+00	0.0000E+00	9.7128E-01
2.0740E+03	0.0000E+00	0.0000E+00	9.7201E-01
2.0750E+03	0.0000E+00	0.0000E+00	9.7683E-01
2.0760E+03	0.0000E+00	0.0000E+00	9.7274E-01
2.0770E+03	0.0000E+00	0.0000E+00	9.7101E-01
2.0780E+03	0.0000E+00	0.0000E+00	9.7092E-01
2.0790E+03	0.0000E+00	0.0000E+00	9.6583E-01
2.0800E+03	0.0000E+00	0.0000E+00	9.6837E-01
2.0810E+03	0.0000E+00	0.0000E+00	9.6655E-01
2.0820E+03	0.0000E+00	0.0000E+00	9.6274E-01
2.0830E+03	0.0000E+00	0.0000E+00	9.5692E-01
2.0840E+03	0.0000E+00	0.0000E+00	9.5610E-01
2.0850E+03	0.0000E+00	0.0000E+00	9.5546E-01
2.0860E+03	0.0000E+00	0.0000E+00	9.5837E-01
2.0870E+03	0.0000E+00	0.0000E+00	9.5555E-01
2.0880E+03	0.0000E+00	0.0000E+00	9.5037E-01
2.0890E+03	0.0000E+00	0.0000E+00	9.5401E-01
2.0900E+03	0.0000E+00	0.0000E+00	9.5301E-01
2.0910E+03	0.0000E+00	0.0000E+00	9.5783E-01
2.0920E+03	0.0000E+00	0.0000E+00	9.6255E-01
2.0930E+03	0.0000E+00	0.0000E+00	9.6583E-01
2.0940E+03	0.0000E+00	0.0000E+00	9.6755E-01
2.0950E+03	0.0000E+00	0.0000E+00	9.7246E-01
2.0960E+03	0.0000E+00	0.0000E+00	9.7101E-01
2.0970E+03	0.0000E+00	0.0000E+00	9.6774E-01
2.0980E+03	0.0000E+00	0.0000E+00	9.7101E-01
2.0990E+03	0.0000E+00	0.0000E+00	9.7055E-01
2.1000E+03	0.0000E+00	0.0000E+00	9.6783E-01
2.1010E+03	0.0000E+00	0.0000E+00	9.6574E-01
2.1020E+03	0.0000E+00	0.0000E+00	9.6492E-01
2.1030E+03	0.0000E+00	0.0000E+00	9.6446E-01
2.1040E+03	0.0000E+00	0.0000E+00	9.5983E-01
2.1050E+03	0.0000E+00	0.0000E+00	9.6146E-01
2.1060E+03	0.0000E+00	0.0000E+00	9.6501E-01
2.1070E+03	0.0000E+00	0.0000E+00	9.6283E-01
2.1080E+03	0.0000E+00	0.0000E+00	9.5801E-01
2.1090E+03	0.0000E+00	0.0000E+00	9.5610E-01
2.1100E+03	0.0000E+00	0.0000E+00	9.5219E-01
2.1110E+03	0.0000E+00	0.0000E+00	9.5210E-01
2.1120E+03	0.0000E+00	0.0000E+00	9.5128E-01
2.1130E+03	0.0000E+00	0.0000E+00	9.4710E-01
2.1140E+03	0.0000E+00	0.0000E+00	9.4774E-01
2.1150E+03	0.0000E+00	0.0000E+00	9.5201E-01
2.1160E+03	0.0000E+00	0.0000E+00	9.5801E-01
2.1170E+03	0.0000E+00	0.0000E+00	9.6074E-01
2.1180E+03	0.0000E+00	0.0000E+00	9.6410E-01
2.1190E+03	0.0000E+00	0.0000E+00	9.6410E-01
2.1200E+03	0.0000E+00	0.0000E+00	9.6546E-01
2.1210E+03	0.0000E+00	0.0000E+00	9.6246E-01
2.1220E+03	0.0000E+00	0.0000E+00	9.6001E-01
2.1230E+03	0.0000E+00	0.0000E+00	9.6219E-01
2.1240E+03	0.0000E+00	0.0000E+00	9.6228E-01
2.1250E+03	0.0000E+00	0.0000E+00	9.6155E-01
2.1260E+03	0.0000E+00	0.0000E+00	9.6110E-01
2.1270E+03	0.0000E+00	0.0000E+00	9.5901E-01
2.1280E+03	0.0000E+00	0.0000E+00	9.6001E-01
2.1290E+03	0.0000E+00	0.0000E+00	9.5537E-01
2.1300E+03	0.0000E+00	0.0000E+00	9.5374E-01
2.1310E+03	0.0000E+00	0.0000E+00	9.5046E-01
2.1320E+03	0.0000E+00	0.0000E+00	9.4692E-01
2.1330E+03	0.0000E+00	0.0000E+00	9.4692E-01
2.1340E+03	0.0000E+00	0.0000E+00	9.4337E-01
2.1350E+03	0.0000E+00	0.0000E+00	9.3992E-01
2.1360E+03	0.0000E+00	0.0000E+00	9.3855E-01
2.1370E+03	0.0000E+00	0.0000E+00	9.4055E-01
2.1380E+03	0.0000E+00	0.0000E+00	9.3528E-01
2.1390E+03	0.0000E+00	0.0000E+00	9.3719E-01
2.1400E+03	0.0000E+00	0.0000E+00	9.3974E-01
2.1410E+03	0.0000E+00	0.0000E+00	9.4655E-01
2.1420E+03	0.0000E+00	0.0000E+00	9.4992E-01
2.1430E+03	0.0000E+00	0.0000E+00	9.5237E-01
2.1440E+03	0.0000E+00	0.0000E+00	9.5146E-01
2.1450E+03	0.0000E+00	0.0000E+00	9.5001E-01
2.1460E+03	0.0000E+00	0.0000E+00	9.5237E-01
2.1470E+03	0.0000E+00	0.0000E+00	9.5401E-01
2.1480E+03	0.0000E+00	0.0000E+00	9.5583E-01
2.1490E+03	0.0000E+00	0.0000E+00	9.5046E-01
2.1500E+03	0.0000E+00	0.0000E+00	9.5383E-01
2.1510E+03	0.0000E+00	0.0000E+00	9.4974E-01
2.1520E+03	0.0000E+00	0.0000E+00	9.5310E-01
2.1530E+03	0.0000E+00	0.0000E+00	9.4874E-01
2.1540E+03	0.0000E+00	0.0000E+00	9.4474E-01
2.1550E+03	0.0000E+00	0.0000E+00	9.4637E-01
2.1560E+03	0.0000E+00	0.0000E+00	9.4210E-01
2.1570E+03	0.0000E+00	0.0000E+00	9.4083E-01
2.1580E+03	0.0000E+00	0.0000E+00	9.4010E-01
2.1590E+03	0.0000E+00	0.0000E+00	9.3974E-01
2.1600E+03	0.0000E+00	0.0000E+00	9.3701E-01
2.1610E+03	0.0000E+00	0.0000E+00	9.3646E-01
2.1620E+03	0.0000E+00	0.0000E+00	9.3328E-01
2.1630E+03	0.0000E+00	0.0000E+00	9.3683E-01
2.1640E+03	0.0000E+00	0.0000E+00	9.3837E-01
2.1650E+03	0.0000E+00	0.0000E+00	9.4010E-01
2.1660E+03	0.0000E+00	0.0000E+00	9.4301E-01
2.1670E+03	0.0000E+00	0.0000E+00	9.4501E-01
2.1680E+03	0.0000E+00	0.0000E+00	9.4501E-01
2.1690E+03	0.0000E+00	0.0000E+00	9.4583E-01
2.1700E+03	0.0000E+00	0.0000E+00	9.4583E-01
2.1710E+03	0.0000E+00	0.0000E+00	9.4901E-01
2.1720E+03	0.0000E+00	0.0000E+00	9.4710E-01
2.1730E+03	0.0000E+00	0.0000E+00	9.4701E-01
2.1740E+03	0.0000E+00	0.0000E+00	9.4401E-01
2.1750E+03	0.0000E+00	0.0000E+00	9.4301E-01
2.1760E+03	0.0000E+00	0.0000E+00	9.4219E-01
2.1770E+03	0.0000E+00	0.0000E+00	9.4210E-01
2.1780E+03	0.0000E+00	0.0000E+00	9.4137E-01
2.1790E+03	0.0000E+00	0.0000E+00	9.2946E-01
2.1800E+03	0.0000E+00	0.0000E+00	9.3192E-01
2.1810E+03	0.0000E+00	0.0000E+00	9.3237E-01
2.1820E+03	0.0000E+00	0.0000E+00	9.3174E-01
2.1830E+03	0.0000E+00	0.0000E+00	9.2792E-01
2.1840E+03	0.0000E+00	0.0000E+00	9.2183E-01
2.1850E+03	0.0000E+00	0.0000E+00	9.2292E-01
2.1860E+03	0.0000E+00	0.0000E+00	9.2246E-01
2.1870E+03	0.0000E+00	0.0000E+00	9.2046E-01
2.1880E+03	0.0000E+00	0.0000E+00	9.2501E-01
2.1890E+03	0.0000E+00	0.0000E+00	9.2492E-01
2.1900E+03	0.0000E+00	0.0000E+00	9.3110E-01
2.1910E+03	0.0000E+00	0.0000E+00	9.3346E-01
2.1920E+03	0.0000E+00	0.0000E+00	9.3637E-01
2.1930E+03	0.0000E+00	0.0000E+00	9.3728E-01
2.1940E+03	0.0000E+00	0.0000E+00	9.3910E-01
2.1950E+03	0.0000E+00	0.0000E+00	9.3901E-01
2.1960E+03	0.0000E+00	0.0000E+00	9.3874E-01
2.1970E+03	0.0000E+00	0.0000E+00	9.4119E-01
2.1980E+03	0.0000E+00	0.0000E+00	9.3655E-01
2.1990E+03	0.0000E+00	0.0000E+00	9.4028E-01
2.2000E+03	0.0000E+00	0.0000E+00	9.4010E-01
2.2010E+03	0.0000E+00	0.0000E+00	9.3510E-01
2.2020E+03	0.0000E+00	0.0000E+00	9.3237E-01
2.2030E+03	0.0000E+00	0.0000E+00	9.3128E-01
2.2040E+03	0.0000E+00	0.0000E+00	9.2983E-01
2.2050E+03	0.0000E+00	0.0000E+00	9.3155E-01
2.2060E+03	0.0000E+00	0.0000E+00	9.3328E-01
2.2070E+03	0.0000E+00	0.0000E+00	9.2974E-01
2.2080E+03	0.0000E+00	0.0000E+00	9.2474E-01
2.2090E+03	0.0000E+00	0.0000E+00	9.2192E-01
2.2100E+03	0.0000E+00	0.0000E+00	9.1837E-01
2.2110E+03	0.0000E+00	0.0000E+00	9.2074E-01
2.2120E+03	0.0000E+00	0.0000E+00	9.2355E-01
2.2130E+03	0.0000E+00	0.0000E+00	9.2546E-01
2.2140E+03	0.0000E+00	0.0000E+00	9.2774E-01
2.2150E+03	0.0000E+00	0.0000E+00	9.3255E-01
2.2160E+03	0.0000E+00	0.0000E+00	9.3301E-01
2.2170E+03	0.0000E+00	0.0000E+00	9.3510E-01
2.2180E+03	0.0000E+00	0.0000E+00	9.3719E-01
2.2190E+03	0.0000E+00	0.0000E+00	9.4037E-01
2.2200E+03	0.0000E+00	0.0000E+00	9.3955E-01
2.2210E+03	0.0000E+00	0.0000E+00	9.4028E-01
2.2220E+03	0.0000E+00	0.0000E+00	9.3937E-01
2.2230E+03	0.0000E+00	0.0000E+00	9.4074E-01
2.2240E+03	0.0000E+00	0.0000E+00	9.3619E-01
2.2250E+03	0.0000E+00	0.0000E+00	9.3783E-01
2.2260E+03	0.0000E+00	0.0000E+00	9.3228E-01
2.2270E+03	0.0000E+00	0.0000E+00	9.3428E-01
2.2280E+03	0.0000E+00	0.0000E+00	9.3501E-01
2.2290E+03	0.0000E+00	0.0000E+00	9.3310E-01
2.2300E+03	0.0000E+00	0.0000E+00	9.3128E-01
2.2310E+03	0.0000E+00	0.0000E+00	9.3101E-01
2.2320E+03	0.0000E+00	0.0000E+00	9.2492E-01
2.2330E+03	0.0000E+00	0.0000E+00	9.2774E-01
2.2340E+03	0.0000E+00	0.0000E+00	9.2537E-01
2.2350E+03	0.0000E+00	0.0000E+00	9.2501E-01
2.2360E+03	0.0000E+00	0.0000E+00	9.2410E-01
2.2370E+03	0.0000E+00	0.0000E+00	9.2628E-01
2.2380E+03	0.0000E+00	0.0000E+00	9.2710E-01
2.2390E+03	0.0000E+00	0.0000E+00	9.2837E-01
2.2400E+03	0.0000E+00	0.0000E+00	9.2828E-01
2.2410E+03	0.0000E+00	0.0000E+00	9.2546E-01
2.2420E+03	0.0000E+00	0.0000E+00	9.3001E-01
2.2430E+03	0.0000E+00	0.0000E+00	9.3146E-01
2.2440E+03	0.0000E+00	0.0000E+00	9.3619E-01
2.2450E+03	0.0000E+00	0.0000E+00	9.3801E-01
2.2460E+03	0.0000E+00	0.0000E+00	9.3646E-01
2.2470E+03	0.0000E+00	0.0000E+00	9.3783E-01
2.2480E+03	0.0000E+00	0.0000E+00	9.3401E-01
2.2490E+03	0.0000E+00	0.0000E+00	9.3355E-01
2.2500E+03	0.0000E+00	0.0000E+00	9.3283E-01
2.2510E+03	0.0000E+00	0.0000E+00	9.3174E-01
2.2520E+03	0.0000E+00	0.0000E+00	9.3128E-01
2.2530E+03	0.0000E+00	0.0000E+00	9.3255E-01
2.2540E+03	0.0000E+00	0.0000E+00	9.2837E-01
2.2550E+03	0.0000E+00	0.0000E+00	9.2437E-01
2.2560E+03	0.0000E+00	0.0000E+00	9.2455E-01
2.2570E+03	0.0000E+00	0.0000E+00	9.2219E-01
2.2580E+03	0.0000E+00	0.0000E+00	9.1955E-01
2.2590E+03	0.0000E+00	0.0000E+00	9.1910E-01
2.2600E+03	0.0000E+00	0.0000E+00	9.2174E-01
2.2610E+03	0.0000E+00	0.0000E+00	9.2337E-01
2.2620E+03	0.0000E+00	0.0000E+00	9.2392E-01
2.2630E+03	0.0000E+00	0.0000E+00	9.2646E-01
2.2640E+03	0.0000E+00	0.0000E+00	9.2710E-01
2.2650E+03	0.0000E+00	0.0000E+00	9.2301E-01
2.2660E+03	0.0000E+00	0.0000E+00	9.3019E-01
2.2670E+03	0.0000E+00	0.0000E+00	9.2955E-01
2.2680E+03	0.0000E+00	0.0000E+00	9.3346E-01
2.2690E+03	0.0000E+00	0.0000E+00	9.3301E-01
2.2700E+03	0.0000E+00	0.0000E+00	9.3283E-01
2.2710E+03	0.0000E+00	0.0000E+00	9.3119E-01
2.2720E+03	0.0000E+00	0.0000E+00	9.2883E-01
2.2730E+03	0.0000E+00	0.0000E+00	9.2919E-01
2.2740E+03	0.0000E+00	0.0000E+00	9.2955E-01
2.2750E+03	0.0000E+00	0.0000E+00	9.2928E-01
2.2760E+03	0.0000E+00	0.0000E+00	9.2901E-01
2.2770E+03	0.0000E+00	0.0000E+00	9.3074E-01
2.2780E+03	0.0000E+00	0.0000E+00	9.2592E-01
2.2790E+03	0.0000E+00	0.0000E+00	9.2801E-01
2.2800E+03	0.0000E+00	0.0000E+00	9.2501E-01
2.2810E+03	0.0000E+00	0.0000E+00	9.2392E-01
2.2820E+03	0.0000E+00	0.0000E+00	9.1919E-01
2.2830E+03	0.0000E+00	0.0000E+00	9.1874E-01
2.2840E+03	0.0000E+00	0.0000E+00	9.2228E-01
2.2850E+03	0.0000E+00	0.0000E+00	9.2246E-01
2.2860E+03	0.0000E+00	0.0000E+00	9.2501E-01
2.2870E+03	0.0000E+00	0.0000E+00	9.2537E-01
2.2880E+03	0.0000E+00	0.0000E+00	9.2737E-01
2.2890E+03	0.0000E+00	0.0000E+00	9.2528E-01
2.2900E+03	0.0000E+00	0.0000E+00	9.3028E-01
2.2910E+03	0.0000E+00	0.0000E+00	9.3019E-01
2.2920E+03	0.0000E+00	0.0000E+00	9.3092E-01
2.2930E+03	0.0000E+00	0.0000E+00	9.3374E-01
2.2940E+03	0.0000E+00	0.0000E+00	9.3383E-01
2.2950E+03	0.0000E+00	0.0000E+00	9.3474E-01
2.2960E+03	0.0000E+00	0.0000E+00	9.3528E-01
2.2970E+03	0.0000E+00	0.0000E+00	9.3183E-01
2.2980E+03	0.0000E+00	0.0000E+00	9.3155E-01
2.2990E+03	0.0000E+00	0.0000E+00	9.2892E-01
2.3000E+03	0.0000E+00	0.0000E+00	9.2646E-01
2.3010E+03	0.0000E+00	0.0000E+00	9.2383E-01
2.3020E+03	0.0000E+00	0.0000E+00	9.2328E-01
2.3030E+03	0.0000E+00	0.0000E+00	9.2210E-01
2.3040E+03	0.0000E+00	0.0000E+00	9.2019E-01
2.3050E+03	0.0000E+00	0.0000E+00	9.1992E-01
2.3060E+03	0.0000E+00	0.0000E+00	9.1546E-01
2.3070E+03	0.0000E+00	0.0000E+00	9.1292E-01
2.3080E+03	0.0000E+00	0.0000E+00	9.1674E-01
2.3090E+03	0.0000E+00	0.0000E+00	9.1974E-01
2.3100E+03	0.0000E+00	0.0000E+00	9.2355E-01
2.3110E+03	0.0000E+00	0.0000E+00	9.2592E-01
2.3120E+03	0.0000E+00	0.0000E+00	9.3074E-01
2.3130E+03	0.0000E+00	0.0000E+00	9.2974E-01
2.3140E+03	0.0000E+00	0.0000E+00	9.3155E-01
2.3150E+03	0.0000E+00	0.0000E+00	9.3528E-01
2.3160E+03	0.0000E+00	0.0000E+00	9.3501E-01
2.3170E+03	0.0000E+00	0.0000E+00	9.3628E-01
2.3180E+03	0.0000E+00	0.0000E+00	9.3746E-01
2.3190E+03	0.0000E+00	0.0000E+00	9.3437E-01
2.3200E+03	0.0000E+00	0.0000E+00	9.3555E-01
2.3210E+03	0.0000E+00	0.0000E+00	9.3492E-01
2.3220E+03	0.0000E+00	0.0000E+00	9.3592E-01
2.3230E+03	0.0000E+00	0.0000E+00	9.3128E-01
2.3240E+03	0.0000E+00	0.0000E+00	9.2946E-01
2.3250E+03	0.0000E+00	0.0000E+00	9.3255E-01
2.3260E+03	0.0000E+00	0.0000E+00	9.3092E-01
2.3270E+03	0.0000E+00	0.0000E+00	9.3337E-01
2.3280E+03	0.0000E+00	0.0000E+00	9.2983E-01
2.3290E+03	0.0000E+00	0.0000E+00	9.2983E-01
2.3300E+03	0.0000E+00	0.0000E+00	9.3010E-01
2.3310E+03	0.0000E+00	0.0000E+00	9.2528E-01
2.3320E+03	0.0000E+00	0.0000E+00	9.2774E-01
2.3330E+03	0.0000E+00	0.0000E+00	9.3210E-01
2.3340E+03	0.0000E+00	0.0000E+00	9.3537E-01
2.3350E+03	0.0000E+00	0.0000E+00	9.3874E-01
2.3360E+03	0.0000E+00	0.0000E+00	9.3819E-01
2.3370E+03	0.0000E+00	0.0000E+00	9.3455E-01
2.3380E+03	0.0000E+00	0.0000E+00	9.3310E-01
2.3390E+03	0.0000E+00	0.0000E+00	9.3719E-01
2.3400E+03	0.0000E+00	0.0000E+00	9.3910E-01
2.3410E+03	0.0000E+00	0.0000E+00	9.3955E-01
2.3420E+03	0.0000E+00	0.0000E+00	9.4019E-01
2.3430E+03	0.0000E+00	0.0000E+00	9.3846E-01
2.3440E+03	0.0000E+00	0.0000E+00	9.4001E-01
2.3450E+03	0.0000E+00	0.0000E+00	9.5883E-01
2.3460E+03	0.0000E+00	0.0000E+00	9.5592E-01
2.3470E+03	0.0000E+00	0.0000E+00	9.5455E-01
2.3480E+03	0.0000E+00	0.0000E+00	9.6574E-01
2.3490E+03	0.0000E+00	0.0000E+00	9.6019E-01
2.3500E+03	0.0000E+00	0.0000E+00	9.6128E-01
2.3510E+03	0.0000E+00	0.0000E+00	9.5228E-01
2.3520E+03	0.0000E+00	0.0000E+00	9.4846E-01
2.3530E+03	0.0000E+00	0.0000E+00	9.4437E-01
2.3540E+03	0.0000E+00	0.0000E+00	9.3974E-01
2.3550E+03	0.0000E+00	0.0000E+00	9.4083E-01
2.3560E+03	0.0000E+00	0.0000E+00	9.4146E-01
2.3570E+03	0.0000E+00	0.0000E+00	9.4237E-01
2.3580E+03	0.0000E+00	0.0000E+00	9.4574E-01
2.3590E+03	0.0000E+00	0.0000E+00	9.4283E-01
2.3600E+03	0.0000E+00	0.0000E+00	9.4246E-01
2.3610E+03	0.0000E+00	0.0000E+00	9.4183E-01
2.3620E+03	0.0000E+00	0.0000E+00	9.4301E-01
2.3630E+03	0.0000E+00	0.0000E+00	9.4601E-01
2.3640E+03	0.0000E+00	0.0000E+00	9.4419E-01
2.3650E+03	0.0000E+00	0.0000E+00	9.4301E-01
2.3660E+03	0.0000E+00	0.0000E+00	9.4346E-01
2.3670E+03	0.0000E+00	0.0000E+00	9.4519E-01
2.3680E+03	0.0000E+00	0.0000E+00	9.4055E-01
2.3690E+03	0.0000E+00	0.0000E+00	9.3955E-01
2.3700E+03	0.0000E+00	0.0000E+00	9.3492E-01
2.3710E+03	0.0000E+00	0.0000E+00	9.3410E-01
2.3720E+03	0.0000E+00	0.0000E+00	9.3301E-01
2.3730E+03	0.0000E+00	0.0000E+00	9.3592E-01
2.3740E+03	0.0000E+00	0.0000E+00	9.3383E-01
2.3750E+03	0.0000E+00	0.0000E+00	9.3328E-01
2.3760E+03	0.0000E+00	0.0000E+00	9.3101E-01
2.3770E+03	0.0000E+00	0.0000E+00	9.2892E-01
2.3780E+03	0.0000E+00	0.0000E+00	9.2674E-01
2.3790E+03	0.0000E+00	0.0000E+00	9.2428E-01
2.3800E+03	0.0000E+00	0.0000E+00	9.2274E-01
2.3810E+03	0.0000E+00	0.0000E+00	9.2492E-01
2.3820E+03	0.0000E+00	0.0000E+00	9.2501E-01
2.3830E+03	0.0000E+00	0.0000E+00	9.2837E-01
2.3840E+03	0.0000E+00	0.0000E+00	9.3037E-01
2.3850E+03	0.0000E+00	0.0000E+00	9.3001E-01
2.3860E+03	0.0000E+00	0.0000E+00	9.2992E-01
2.3870E+03	0.0000E+00	0.0000E+00	9.3128E-01
2.3880E+03	0.0000E+00	0.0000E+00	9.3219E-01
2.3890E+03	0.0000E+00	0.0000E+00	9.3128E-01
2.3900E+03	0.0000E+00	0.0000E+00	9.3301E-01
2.3910E+03	0.0000E+00	0.0000E+00	9.3219E-01
2.3920E+03	0.0000E+00	0.0000E+00	9.3219E-01
2.3930E+03	0.0000E+00	0.0000E+00	9.3819E-01
2.3940E+03	0.0000E+00	0.0000E+00	9.4774E-01
2.3950E+03	0.0000E+00	0.0000E+00	9.5092E-01
2.3960E+03	0.0000E+00	0.0000E+00	9.4710E-01
2.3970E+03	0.0000E+00	0.0000E+00	9.4319E-01
2.3980E+03	0.0000E+00	0.0000E+00	9.4783E-01
2.3990E+03	0.0000E+00	0.0000E+00	9.4328E-01
2.4000E+03	0.0000E+00	0.0000E+00	9.4610E-01
2.4010E+03	0.0000E+00	0.0000E+00	9.3883E-01
2.4020E+03	0.0000E+00	0.0000E+00	9.3855E-01
2.4030E+03	0.0000E+00	0.0000E+00	9.3755E-01
2.4040E+03	0.0000E+00	0.0000E+00	9.3919E-01
2.4050E+03	0.0000E+00	0.0000E+00	9.4401E-01
2.4060E+03	0.0000E+00	0.0000E+00	9.5374E-01
2.4070E+03	0.0000E+00	0.0000E+00	9.5010E-01
2.4080E+03	0.0000E+00	0.0000E+00	9.5146E-01
2.4090E+03	0.0000E+00	0.0000E+00	9.4928E-01
2.4100E+03	0.0000E+00	0.0000E+00	9.5192E-01
2.4110E+03	0.0000E+00	0.0000E+00	9.5055E-01
2.4120E+03	0.0000E+00	0.0000E+00	9.5128E-01
2.4130E+03	0.0000E+00	0.0000E+00	9.4992E-01
2.4140E+03	0.0000E+00	0.0000E+00	9.5092E-01
2.4150E+03	0.0000E+00	0.0000E+00	9.4755E-01
2.4160E+03	0.0000E+00	0.0000E+00	9.4810E-01
2.4170E+03	0.0000E+00	0.0000E+00	9.5019E-01
2.4180E+03	0.0000E+00	0.0000E+00	9.7183E-01
2.4190E+03	0.0000E+00	0.0000E+00	9.6446E-01
2.4200E+03	0.0000E+00	0.0000E+00	9.5128E-01
2.4210E+03	0.0000E+00	0.0000E+00	9.5501E-01
2.4220E+03	0.0000E+00	0.0000E+00	9.4919E-01
2.4230E+03	0.0000E+00	0.0000E+00	9.4574E-01
2.4240E+03	0.0000E+00	0.0000E+00	9.4192E-01
2.4250E+03	0.0000E+00	0.0000E+00	9.4110E-01
2.4260E+03	0.0000E+00	0.0000E+00	9.3819E-01
2.4270E+03	0.0000E+00	0.0000E+00	9.3928E-01
2.4280E+03	0.0000E+00	0.0000E+00	9.3646E-01
2.4290E+03	0.0000E+00	0.0000E+00	9.3710E-01
2.4300E+03	0.0000E+00	0.0000E+00	9.3574E-01
2.4310E+03	0.0000E+00	0.0000E+00	9.3619E-01
2.4320E+03	0.0000E+00	0.0000E+00	9.3574E-01
2.4330E+03	0.0000E+00	0.0000E+00	9.3710E-01
2.4340E+03	0.0000E+00	0.0000E+00	9.3255E-01
2.4350E+03	0.0000E+00	0.0000E+00	9.3537E-01
2.4360E+03	0.0000E+00	0.0000E+00	9.3655E-01
2.4370E+03	0.0000E+00	0.0000E+00	9.4019E-01
2.4380E+03	0.0000E+00	0.0000E+00	9.4028E-01
2.4390E+03	0.0000E+00	0.0000E+00	9.3901E-01
2.4400E+03	0.0000E+00	0.0000E+00	9.3701E-01
2.4410E+03	0.0000E+00	0.0000E+00	9.3755E-01
2.4420E+03	0.0000E+00	0.0000E+00	9.3492E-01
2.4430E+03	0.0000E+00	0.0000E+00	9.3319E-01
2.4440E+03	0.0000E+00	0.0000E+00	9.7746E-01
2.4450E+03	0.0000E+00	0.0000E+00	9.8110E-01
2.4460E+03	0.0000E+00	0.0000E+00	9.7846E-01
2.4470E+03	0.0000E+00	0.0000E+00	9.7819E-01
2.4480E+03	0.0000E+00	0.0000E+00	9.8755E-01
2.4490E+03	0.0000E+00	0.0000E+00	1.0007E+00
2.4500E+03	0.0000E+00	0.0000E+00	1.0025E+00
2.4510E+03	0.0000E+00	0.0000E+00	1.0069E+00
2.4520E+03	0.0000E+00	0.0000E+00	1.0050E+00
2.4530E+03	0.0000E+00	0.0000E+00	9.9619E-01
2.4540E+03	0.0000E+00	0.0000E+00	9.9783E-01
2.4550E+03	0.0000E+00	0.0000E+00	9.9537E-01
2.4560E+03	0.0000E+00	0.0000E+00	9.9092E-01
2.4570E+03	0.0000E+00	0.0000E+00	9.8955E-01
2.4580E+03	0.0000E+00	0.0000E+00	9.8955E-01
2.4590E+03	0.0000E+00	0.0000E+00	9.9119E-01
2.4600E+03	0.0000E+00	0.0000E+00	9.9419E-01
2.4610E+03	0.0000E+00	0.0000E+00	9.9592E-01
2.4620E+03	0.0000E+00	0.0000E+00	9.9510E-01
2.4630E+03	0.0000E+00	0.0000E+00	9.9255E-01
2.4640E+03	0.0000E+00	0.0000E+00	9.9219E-01
2.4650E+03	0.0000E+00	0.0000E+00	9.9128E-01
2.4660E+03	0.0000E+00	0.0000E+00	9.9792E-01
2.4670E+03	0.0000E+00	0.0000E+00	9.9101E-01
2.4680E+03	0.0000E+00	0.0000E+00	9.8837E-01
2.4690E+03	0.0000E+00	0.0000E+00	9.8619E-01
2.4700E+03	0.0000E+00	0.0000E+00	9.8119E-01
2.4710E+03	0.0000E+00	0.0000E+00	9.8110E-01
2.4720E+03	0.0000E+00	0.0000E+00	9.7874E-01
2.4730E+03	0.0000E+00	0.0000E+00	9.7701E-01
2.4740E+03	0.0000E+00	0.0000E+00	9.7746E-01
2.4750E+03	0.0000E+00	0.0000E+00	9.7501E-01
2.4760E+03	0.0000E+00	0.0000E+00	9.7437E-01
2.4770E+03	0.0000E+00	0.0000E+00	9.7492E-01
2.4780E+03	0.0000E+00	0.0000E+00	9.7919E-01
2.4790E+03	0.0000E+00	0.0000E+00	9.7937E-01
2.4800E+03	0.0000E+00	0.0000E+00	9.7837E-01
2.4810E+03	0.0000E+00	0.0000E+00	9.7728E-01
2.4820E+03	0.0000E+00	0.0000E+00	9.7919E-01
2.4830E+03	0.0000E+00	0.0000E+00	9.7955E-01
2.4840E+03	0.0000E+00	0.0000E+00	9.7755E-01
2.4850E+03	0.0000E+00	0.0000E+00	9.7892E-01
2.4860E+03	0.0000E+00	0.0000E+00	9.7755E-01
2.4870E+03	0.0000E+00	0.0000E+00	9.7655E-01
2.4880E+03	0.0000E+00	0.0000E+00	9.7210E-01
2.4890E+03	0.0000E+00	0.0000E+00	9.7419E-01
2.4900E+03	0.0000E+00	0.0000E+00	9.7310E-01
2.4910E+03	0.0000E+00	0.0000E+00	9.7174E-01
2.4920E+03	0.0000E+00	0.0000E+00	9.6946E-01
2.4930E+03	0.0000E+00	0.0000E+00	9.6583E-01
2.4940E+03	0.0000E+00	0.0000E+00	9.6346E-01
2.4950E+03	0.0000E+00	0.0000E+00	9.6210E-01
2.4960E+03	0.0000E+00	0.0000E+00	9.5883E-01
2.4970E+03	0.0000E+00	0.0000E+00	9.6019E-01
2.4980E+03	0.0000E+00	0.0000E+00	9.5628E-01
2.4990E+03	0.0000E+00	0.0000E+00	9.5583E-01
2.5000E+03	0.0000E+00	0.0000E+00	9.5619E-01
2.5010E+03	0.0000E+00	0.0000E+00	9.5646E-01
2.5020E+03	0.0000E+00	0.0000E+00	9.6001E-01
2.5030E+03	0.0000E+00	0.0000E+00	9.6228E-01
2.5040E+03	0.0000E+00	0.0000E+00	9.6455E-01
2.5050E+03	0.0000E+00	0.0000E+00	9.6274E-01
2.5060E+03	0.0000E+00	0.0000E+00	9.6346E-01
2.5070E+03	0.0000E+00	0.0000E+00	9.6510E-01
2.5080E+03	0.0000E+00	0.0000E+00	9.6301E-01
2.5090E+03	0.0000E+00	0.0000E+00	9.6328E-01
2.5100E+03	0.0000E+00	0.0000E+00	9.6455E-01
2.5110E+03	0.0000E+00	0.0000E+00	9.6201E-01
2.5120E+03	0.0000E+00	0.0000E+00	9.6219E-01
2.5130E+03	0.0000E+00	0.0000E+00	9.6255E-01
2.5140E+03	0.0000E+00	0.0000E+00	9.6692E-01
2.5150E+03	0.0000E+00	0.0000E+00	9.6283E-01
2.5160E+03	0.0000E+00	0.0000E+00	9.6383E-01
2.5170E+03	0.0000E+00	0.0000E+00	9.6301E-01
2.5180E+03	0.0000E+00	0.0000E+00	9.6174E-01
2.5190E+03	0.0000E+00	0.0000E+00	9.5892E-01
2.5200E+03	0.0000E+00	0.0000E+00	9.5683E-01
2.5210E+03	0.0000E+00	0.0000E+00	9.5692E-01
2.5220E+03	0.0000E+00	0.0000E+00	9.5810E-01
2.5230E+03	0.0000E+00	0.0000E+00	9.5946E-01
2.5240E+03	0.0000E+00	0.0000E+00	9.6101E-01
2.5250E+03	0.0000E+00	0.0000E+00	9.6246E-01
2.5260E+03	0.0000E+00	0.0000E+00	9.7074E-01
2.5270E+03	0.0000E+00	0.0000E+00	9.7428E-01
2.5280E+03	0.0000E+00	0.0000E+00	9.7583E-01
2.5290E+03	0.0000E+00	0.0000E+00	9.7346E-01
2.5300E+03	0.0000E+00	0.0000E+00	9.7446E-01
2.5310E+03	0.0000E+00	0.0000E+00	9.7374E-01
2.5320E+03	0.0000E+00	0.0000E+00	9.7419E-01
2.5330E+03	0.0000E+00	0.0000E+00	9.7446E-01
2.5340E+03	0.0000E+00	0.0000E+00	9.7510E-01
2.5350E+03	0.0000E+00	0.0000E+00	9.7346E-01
2.5360E+03	0.0000E+00	0.0000E+00	9.6746E-01
2.5370E+03	0.0000E+00	0.0000E+00	9.6583E-01
2.5380E+03	0.0000E+00	0.0000E+00	9.6628E-01
2.5390E+03	0.0000E+00	0.0000E+00	9.6519E-01
2.5400E+03	0.0000E+00	0.0000E+00	9.6292E-01
2.5410E+03	0.0000E+00	0.0000E+00	9.6155E-01
2.5420E+03	0.0000E+00	0.0000E+00	9.6446E-01
2.5430E+03	0.0000E+00	0.0000E+00	9.6592E-01
2.5440E+03	0.0000E+00	0.0000E+00	9.6137E-01
2.5450E+03	0.0000E+00	0.0000E+00	9.6055E-01
2.5460E+03	0.0000E+00	0.0000E+00	9.5755E-01
2.5470E+03	0.0000E+00	0.0000E+00	9.5837E-01
2.5480E+03	0.0000E+00	0.0000E+00	9.5492E-01
2.5490E+03	0.0000E+00	0.0000E+00	9.5737E-01
2.5500E+03	0.0000E+00	0.0000E+00	9.6019E-01
2.5510E+03	0.0000E+00	0.0000E+00	9.5746E-01
2.5520E+03	0.0000E+00	0.0000E+00	9.6037E-01
2.5530E+03	0.0000E+00	0.0000E+00	9.5719E-01
2.5540E+03	0.0000E+00	0.0000E+00	9.5901E-01
2.5550E+03	0.0000E+00	0.0000E+00	9.5883E-01
2.5560E+03	0.0000E+00	0.0000E+00	9.6155E-01
2.5570E+03	0.0000E+00	0.0000E+00	9.6174E-01
2.5580E+03	0.0000E+00	0.0000E+00	9.6183E-01
2.5590E+03	0.0000E+00	0.0000E+00	9.6219E-01
2.5600E+03	0.0000E+00	0.0000E+00	9.5974E-01
2.5610E+03	0.0000E+00	0.0000E+00	9.6174E-01
2.5620E+03	0.0000E+00	0.0000E+00	9.5728E-01
2.5630E+03	0.0000E+00	0.0000E+00	9.5728E-01
2.5640E+03	0.0000E+00	0.0000E+00	9.5355E-01
2.5650E+03	0.0000E+00	0.0000E+00	9.5392E-01
2.5660E+03	0.0000E+00	0.0000E+00	9.5283E-01
2.5670E+03	0.0000E+00	0.0000E+00	9.5328E-01
2.5680E+03	0.0000E+00	0.0000E+00	9.5228E-01
2.5690E+03	0.0000E+00	0.0000E+00	9.4946E-01
2.5700E+03	0.0000E+00	0.0000E+00	9.4937E-01
2.5710E+03	0.0000E+00	0.0000E+00	9.4528E-01
2.5720E+03	0.0000E+00	0.0000E+00	9.4537E-01
2.5730E+03	0.0000E+00	0.0000E+00	9.4628E-01
2.5740E+03	0.0000E+00	0.0000E+00	9.4774E-01
2.5750E+03	0.0000E+00	0.0000E+00	9.4983E-01
2.5760E+03	0.0000E+00	0.0000E+00	9.4946E-01
2.5770E+03	0.0000E+00	0.0000E+00	9.5074E-01
2.5780E+03	0.0000E+00	0.0000E+00	9.5119E-01
2.5790E+03	0.0000E+00	0.0000E+00	9.5592E-01
2.5800E+03	0.0000E+00	0.0000E+00	9.5701E-01
2.5810E+03	0.0000E+00	0.0000E+00	9.5401E-01
2.5820E+03	0.0000E+00	0.0000E+00	9.5583E-01
2.5830E+03	0.0000E+00	0.0000E+00	9.5592E-01
2.5840E+03	0.0000E+00	0.0000E+00	9.5519E-01
2.5850E+03	0.0000E+00	0.0000E+00	9.5219E-01
2.5860E+03	0.0000E+00	0.0000E+00	9.5001E-01
2.5870E+03	0.0000E+00	0.0000E+00	9.4783E-01
2.5880E+03	0.0000E+00	0.0000E+00	9.4701E-01
2.5890E+03	0.0000E+00	0.0000E+00	9.4283E-01
2.5900E+03	0.0000E+00	0.0000E+00	9.4655E-01
2.5910E+03	0.0000E+00	0.0000E+00	9.4601E-01
2.5920E+03	0.0000E+00	0.0000E+00	9.4583E-01
2.5930E+03	0.0000E+00	0.0000E+00	9.4483E-01
2.5940E+03	0.0000E+00	0.0000E+00	9.4301E-01
2.5950E+03	0.0000E+00	0.0000E+00	9.4237E-01
2.5960E+03	0.0000E+00	0.0000E+00	9.4292E-01
2.5970E+03	0.0000E+00	0.0000E+00	9.4274E-01
2.5980E+03	0.0000E+00	0.0000E+00	9.4346E-01
2.5990E+03	0.0000E+00	0.0000E+00	9.4046E-01
2.6000E+03	0.0000E+00	0.0000E+00	9.4346E-01
2.6010E+03	0.0000E+00	0.0000E+00	9.4101E-01
2.6020E+03	0.0000E+00	0.0000E+00	9.4183E-01
2.6030E+03	0.0000E+00	0.0000E+00	9.4355E-01
2.6040E+03	0.0000E+00	0.0000E+00	9.4801E-01
2.6050E+03	0.0000E+00	0.0000E+00	9.4783E-01
2.6060E+03	0.0000E+00	0.0000E+00	9.4910E-01
2.6070E+03	0.0000E+00	0.0000E+00	9.4755E-01
2.6080E+03	0.0000E+00	0.0000E+00	9.4410E-01
2.6090E+03	0.0000E+00	0.0000E+00	9.4328E-01
2.6100E+03	0.0000E+00	0.0000E+00	9.4128E-01
2.6110E+03	0.0000E+00	0.0000E+00	9.4274E-01
2.6120E+03	0.0000E+00	0.0000E+00	9.4019E-01
2.6130E+03	0.0000E+00	0.0000E+00	9.4328E-01
2.6140E+03	0.0000E+00	0.0000E+00	9.4292E-01
2.6150E+03	0.0000E+00	0.0000E+00	9.3937E-01
2.6160E+03	0.0000E+00	0.0000E+00	9.3692E-01
2.6170E+03	0.0000E+00	0.0000E+00	9.3455E-01
2.6180E+03	0.0000E+00	0.0000E+00	9.3619E-01
2.6190E+03	0.0000E+00	0.0000E+00	9.3483E-01
2.6200E+03	0.0000E+00	0.0000E+00	9.3301E-01
2.6210E+03	0.0000E+00	0.0000E+00	9.3619E-01
2.6220E+03	0.0000E+00	0.0000E+00	9.3601E-01
2.6230E+03	0.0000E+00	0.0000E+00	9.3937E-01
2.6240E+03	0.0000E+00	0.0000E+00	9.3683E-01
2.6250E+03	0.0000E+00	0.0000E+00	9.3828E-01
2.6260E+03	0.0000E+00	0.0000E+00	9.4201E-01
2.6270E+03	0.0000E+00	0.0000E+00	9.4137E-01
2.6280E+03	0.0000E+00	0.0000E+00	9.4292E-01
2.6290E+03	0.0000E+00	0.0000E+00	9.4519E-01
2.6300E+03	0.0000E+00	0.0000E+00	9.4392E-01
2.6310E+03	0.0000E+00	0.0000E+00	9.4374E-01
2.6320E+03	0.0000E+00	0.0000E+00	9.3946E-01
2.6330E+03	0.0000E+00	0.0000E+00	9.4383E-01
2.6340E+03	0.0000E+00	0.0000E+00	9.3655E-01
2.6350E+03	0.0000E+00	0.0000E+00	9.4155E-01
2.6360E+03	0.0000E+00	0.0000E+00	9.3937E-01
2.6370E+03	0.0000E+00	0.0000E+00	9.4019E-01
2.6380E+03	0.0000E+00	0.0000E+00	9.4055E-01
2.6390E+03	0.0000E+00	0.0000E+00	9.3719E-01
2.6400E+03	0.0000E+00	0.0000E+00	9.3628E-01
2.6410E+03	0.0000E+00	0.0000E+00	9.3592E-01
2.6420E+03	0.0000E+00	0.0000E+00	9.3310E-01
2.6430E+03	0.0000E+00	0.0000E+00	9.3274E-01
2.6440E+03	0.0000E+00	0.0000E+00	9.2892E-01
2.6450E+03	0.0000E+00	0.0000E+00	9.2701E-01
2.6460E+03	0.0000E+00	0.0000E+00	9.3174E-01
2.6470E+03	0.0000E+00	0.0000E+00	9.3128E-01
2.6480E+03	0.0000E+00	0.0000E+00	9.3274E-01
2.6490E+03	0.0000E+00	0.0000E+00	9.3537E-01
2.6500E+03	0.0000E+00	0.0000E+00	9.3601E-01
2.6510E+03	0.0000E+00	0.0000E+00	9.3828E-01
2.6520E+03	0.0000E+00	0.0000E+00	9.4128E-01
2.6530E+03	0.0000E+00	0.0000E+00	9.3855E-01
2.6540E+03	0.0000E+00	0.0000E+00	9.4119E-01
2.6550E+03	0.0000E+00	0.0000E+00	9.4183E-01
2.6560E+03	0.0000E+00	0.0000E+00	9.4028E-01
2.6570E+03	0.0000E+00	0.0000E+00	9.3946E-01
2.6580E+03	0.0000E+00	0.0000E+00	9.4037E-01
2.6590E+03	0.0000E+00	0.0000E+00	9.3655E-01
2.6600E+03	0.0000E+00	0.0000E+00	9.3446E-01
2.6610E+03	0.0000E+00	0.0000E+00	9.3219E-01
2.6620E+03	0.0000E+00	0.0000E+00	9.3437E-01
2.6630E+03	0.0000E+00	0.0000E+00	9.3583E-01
2.6640E+03	0.0000E+00	0.0000E+00	9.3646E-01
2.6650E+03	0.0000E+00	0.0000E+00	9.3437E-01
2.6660E+03	0.0000E+00	0.0000E+00	9.3210E-01
2.6670E+03	0.0000E+00	0.0000E+00	9.3228E-01
2.6680E+03	0.0000E+00	0.0000E+00	9.2819E-01
2.6690E+03	0.0000E+00	0.0000E+00	9.3074E-01
2.6700E+03	0.0000E+00	0.0000E+00	9.2755E-01
2.6710E+03	0.0000E+00	0.0000E+00	9.3074E-01
2.6720E+03	0.0000E+00	0.0000E+00	9.3101E-01
2.6730E+03	0.0000E+00	0.0000E+00	9.2728E-01
2.6740E+03	0.0000E+00	0.0000E+00	9.2755E-01
2.6750E+03	0.0000E+00	0.0000E+00	9.3110E-01
2.6760E+03	0.0000E+00	0.0000E+00	9.3592E-01
2.6770E+03	0.0000E+00	0.0000E+00	9.3528E-01
2.6780E+03	0.0000E+00	0.0000E+00	9.3501E-01
2.6790E+03	0.0000E+00	0.0000E+00	9.3583E-01
2.6800E+03	0.0000E+00	0.0000E+00	9.3246E-01
2.6810E+03	0.0000E+00	0.0000E+00	9.3319E-01
2.6820E+03	0.0000E+00	0.0000E+00	9.3283E-01
2.6830E+03	0.0000E+00	0.0000E+00	9.2919E-01
2.6840E+03	0.0000E+00	0.0000E+00	9.3310E-01
2.6850E+03	0.0000E+00	0.0000E+00	9.2792E-01
2.6860E+03	0.0000E+00	0.0000E+00	9.2583E-01
2.6870E+03	0.0000E+00	0.0000E+00	9.2410E-01
2.6880E+03	0.0000E+00	0.0000E+00	9.2719E-01
2.6890E+03	0.0000E+00	0.0000E+00	9.2974E-01
2.6900E+03	0.0000E+00	0.0000E+00	9.3055E-01
2.6910E+03	0.0000E+00	0.0000E+00	9.2755E-01
2.6920E+03	0.0000E+00	0.0000E+00	9.3101E-01
2.6930E+03	0.0000E+00	0.0000E+00	9.2592E-01
2.6940E+03	0.0000E+00	0.0000E+00	9.2510E-01
2.6950E+03	0.0000E+00	0.0000E+00	9.2810E-01
2.6960E+03	0.0000E+00	0.0000E+00	9.2683E-01
2.6970E+03	0.0000E+00	0.0000E+00	9.2846E-01
2.6980E+03	0.0000E+00	0.0000E+00	9.3219E-01
2.6990E+03	0.0000E+00	0.0000E+00	9.3501E-01
2.7000E+03	0.0000E+00	0.0000E+00	9.3801E-01
2.7010E+03	0.0000E+00	0.0000E+00	9.4037E-01
2.7020E+03	0.0000E+00	0.0000E+00	9.4192E-01
2.7030E+03	0.0000E+00	0.0000E+00	9.3355E-01
2.7040E+03	0.0000E+00	0.0000E+00	9.3783E-01
2.7050E+03	0.0000E+00	0.0000E+00	9.3619E-01
2.7060E+03	0.0000E+00	0.0000E+00	9.3637E-01
2.7070E+03	0.0000E+00	0.0000E+00	9.3301E-01
2.7080E+03	0.0000E+00	0.0000E+00	9.3219E-01
2.7090E+03	0.0000E+00	0.0000E+00	9.3255E-01
2.7100E+03	0.0000E+00	0.0000E+00	9.2937E-01
2.7110E+03	0.0000E+00	0.0000E+00	9.3474E-01
2.7120E+03	0.0000E+00	0.0000E+00	9.3683E-01
2.7130E+03	0.0000E+00	0.0000E+00	9.3392E-01
2.7140E+03	0.0000E+00	0.0000E+00	9.2828E-01
2.7150E+03	0.0000E+00	0.0000E+00	9.2692E-01
2.7160E+03	0.0000E+00	0.0000E+00	9.2555E-01
2.7170E+03	0.0000E+00	0.0000E+00	9.2183E-01
2.7180E+03	0.0000E+00	0.0000E+00	9.2155E-01
2.7190E+03	0.0000E+00	0.0000E+00	9.2401E-01
2.7200E+03	0.0000E+00	0.0000E+00	9.2546E-01
2.7210E+03	0.0000E+00	0.0000E+00	9.2519E-01
2.7220E+03	0.0000E+00	0.0000E+00	9.2774E-01
2.7230E+03	0.0000E+00	0.0000E+00	9.2455E-01
2.7240E+03	0.0000E+00	0.0000E+00	9.3128E-01
2.7250E+03	0.0000E+00	0.0000E+00	9.3310E-01
2.7260E+03	0.0000E+00	0.0000E+00	9.3374E-01
2.7270E+03	0.0000E+00	0.0000E+00	9.3646E-01
2.7280E+03	0.0000E+00	0.0000E+00	9.3183E-01
2.7290E+03	0.0000E+00	0.0000E+00	9.2919E-01
2.7300E+03	0.0000E+00	0.0000E+00	9.2919E-01
2.7310E+03	0.0000E+00	0.0000E+00	9.2892E-01
2.7320E+03	0.0000E+00	0.0000E+00	9.2919E-01
2.7330E+03	0.0000E+00	0.0000E+00	9.2919E-01
2.7340E+03	0.0000E+00	0.0000E+00	9.2901E-01
2.7350E+03	0.0000E+00	0.0000E+00	9.2692E-01
2.7360E+03	0.0000E+00	0.0000E+00	9.2528E-01
2.7370E+03	0.0000E+00	0.0000E+00	9.2128E-01
2.7380E+03	0.0000E+00	0.0000E+00	9.2210E-01
2.7390E+03	0.0000E+00	0.0000E+00	9.1774E-01
2.7400E+03	0.0000E+00	0.0000E+00	9.1937E-01
2.7410E+03	0.0000E+00	0.0000E+00	9.2283E-01
2.7420E+03	0.0000E+00	0.0000E+00	9.2046E-01
2.7430E+03	0.0000E+00	0.0000E+00	9.2210E-01
2.7440E+03	0.0000E+00	0.0000E+00	9.2610E-01
2.7450E+03	0.0000E+00	0.0000E+00	9.2346E-01
2.7460E+03	0.0000E+00	0.0000E+00	9.2646E-01
2.7470E+03	0.0000E+00	0.0000E+00	9.3074E-01
2.7480E+03	0.0000E+00	0.0000E+00	9.3037E-01
2.7490E+03	0.0000E+00	0.0000E+00	9.3137E-01
2.7500E+03	0.0000E+00	0.0000E+00	9.3346E-01
2.7510E+03	0.0000E+00	0.0000E+00	9.3046E-01
2.7520E+03	0.0000E+00	0.0000E+00	9.2919E-01
2.7530E+03	0.0000E+00	0.0000E+00	9.2955E-01
2.7540E+03	0.0000E+00	0.0000E+00	9.3083E-01
2.7550E+03	0.0000E+00	0.0000E+00	9.3392E-01
2.7560E+03	0.0000E+00	0.0000E+00	9.3246E-01
2.7570E+03	0.0000E+00	0.0000E+00	9.3192E-01
2.7580E+03	0.0000E+00	0.0000E+00	9.3074E-01
2.7590E+03	0.0000E+00	0.0000E+00	9.2819E-01
2.7600E+03	0.0000E+00	0.0000E+00	9.2419E-01
2.7610E+03	0.0000E+00	0.0000E+00	9.2655E-01
2.7620E+03	0.0000E+00	0.0000E+00	9.2537E-01
2.7630E+03	0.0000E+00	0.0000E+00	9.2392E-01
2.7640E+03	0.0000E+00	0.0000E+00	9.2346E-01
2.7650E+03	0.0000E+00	0.0000E+00	9.2237E-01
2.7660E+03	0.0000E+00	0.0000E+00	9.2446E-01
2.7670E+03	0.0000E+00	0.0000E+00	9.2210E-01
2.7680E+03	0.0000E+00	0.0000E+00	9.2337E-01
2.7690E+03	0.0000E+00	0.0000E+00	9.2555E-01
2.7700E+03	0.0000E+00	0.0000E+00	9.2728E-01
2.7710E+03	0.0000E+00	0.0000E+00	9.2801E-01
2.7720E+03	0.0000E+00	0.0000E+00	9.2819E-01
2.7730E+03	0.0000E+00	0.0000E+00	9.2983E-01
2.7740E+03	0.0000E+00	0.0000E+00	9.3301E-01
2.7750E+03	0.0000E+00	0.0000E+00	9.2792E-01
2.7760E+03	0.0000E+00	0.0000E+00	9.2610E-01
2.7770E+03	0.0000E+00	0.0000E+00	9.2646E-01
2.7780E+03	0.0000E+00	0.0000E+00	9.2246E-01
2.7790E+03	0.0000E+00	0.0000E+00	9.2410E-01
2.7800E+03	0.0000E+00	0.0000E+00	9.2219E-01
2.7810E+03	0.0000E+00	0.0000E+00	9.2237E-01
2.7820E+03	0.0000E+00	0.0000E+00	9.2110E-01
2.7830E+03	0.0000E+00	0.0000E+00	9.2055E-01
2.7840E+03	0.0000E+00	0.0000E+00	9.1992E-01
2.7850E+03	0.0000E+00	0.0000E+00	9.2046E-01
2.7860E+03	0.0000E+00	0.0000E+00	9.1801E-01
2.7870E+03	0.0000E+00	0.0000E+00	9.1601E-01
2.7880E+03	0.0000E+00	0.0000E+00	9.1428E-01
2.7890E+03	0.0000E+00	0.0000E+00	9.1328E-01
2.7900E+03	0.0000E+00	0.0000E+00	9.1046E-01
2.7910E+03	0.0000E+00	0.0000E+00	9.0755E-01
2.7920E+03	0.0000E+00	0.0000E+00	9.1310E-01
2.7930E+03	0.0000E+00	0.0000E+00	9.1655E-01
2.7940E+03	0.0000E+00	0.0000E+00	9.2037E-01
2.7950E+03	0.0000E+00	0.0000E+00	9.2246E-01
2.7960E+03	0.0000E+00	0.0000E+00	9.2419E-01
2.7970E+03	0.0000E+00	0.0000E+00	9.2674E-01
2.7980E+03	0.0000E+00	0.0000E+00	9.2892E-01
2.7990E+03	0.0000E+00	0.0000E+00	9.2874E-01
2.8000E+03	0.0000E+00	0.0000E+00	9.2792E-01
2.8010E+03	0.0000E+00	0.0000E+00	9.2474E-01
2.8020E+03	0.0000E+00	0.0000E+00	9.2583E-01
2.8030E+03	0.0000E+00	0.0000E+00	9.2292E-01
2.8040E+03	0.0000E+00	0.0000E+00	9.2028E-01
2.8050E+03	0.0000E+00	0.0000E+00	9.2510E-01
2.8060E+03	0.0000E+00	0.0000E+00	9.2419E-01
2.8070E+03	0.0000E+00	0.0000E+00	9.2619E-01
2.8080E+03	0.0000E+00	0.0000E+00	9.2174E-01
2.8090E+03	0.0000E+00	0.0000E+00	9.1955E-01
2.8100E+03	0.0000E+00	0.0000E+00	9.1601E-01
2.8110E+03	0.0000E+00	0.0000E+00	9.1574E-01
2.8120E+03	0.0000E+00	0.0000E+00	9.1583E-01
2.8130E+03	0.0000E+00	0.0000E+00	9.1392E-01
2.8140E+03	0.0000E+00	0.0000E+00	9.1655E-01
2.8150E+03	0.0000E+00	0.0000E+00	9.1628E-01
2.8160E+03	0.0000E+00	0.0000E+00	9.1701E-01
2.8170E+03	0.0000E+00	0.0000E+00	9.2155E-01
2.8180E+03	0.0000E+00	0.0000E+00	9.2428E-01
2.8190E+03	0.0000E+00	0.0000E+00	9.2546E-01
2.8200E+03	0.0000E+00	0.0000E+00	9.2674E-01
2.8210E+03	0.0000E+00	0.0000E+00	9.2174E-01
2.8220E+03	0.0000E+00	0.0000E+00	9.0401E-01
2.8230E+03	0.0000E+00	0.0000E+00	8.9537E-01
2.8240E+03	0.0000E+00	0.0000E+00	8.9810E-01
2.8250E+03	0.0000E+00	0.0000E+00	8.9874E-01
2.8260E+03	0.0000E+00	0.0000E+00	8.9955E-01
2.8270E+03	0.0000E+00	0.0000E+00	9.0155E-01
2.8280E+03	0.0000E+00	0.0000E+00	9.0192E-01
2.8290E+03	0.0000E+00	0.0000E+00	8.9792E-01
2.8300E+03	0.0000E+00	0.0000E+00	8.9783E-01
2.8310E+03	0.0000E+00	0.0000E+00	8.9501E-01
2.8320E+03	0.0000E+00	0.0000E+00	8.9137E-01
2.8330E+03	0.0000E+00	0.0000E+00	8.9501E-01
2.8340E+03	0.0000E+00	0.0000E+00	8.9528E-01
2.8350E+03	0.0000E+00	0.0000E+00	8.9555E-01
2.8360E+03	0.0000E+00	0.0000E+00	8.9474E-01
2.8370E+03	0.0000E+00	0.0000E+00	8.9537E-01
2.8380E+03	0.0000E+00	0.0000E+00	8.9728E-01
2.8390E+03	0.0000E+00	0.0000E+00	8.9855E-01
2.8400E+03	0.0000E+00	0.0000E+00	8.9892E-01
2.8410E+03	0.0000E+00	0.0000E+00	9.0019E-01
2.8420E+03	0.0000E+00	0.0000E+00	9.0383E-01
2.8430E+03	0.0000E+00	0.0000E+00	9.0983E-01
2.8440E+03	0.0000E+00	0.0000E+00	9.0801E-01
2.8450E+03	0.0000E+00	0.0000E+00	9.0983E-01
2.8460E+03	0.0000E+00	0.0000E+00	9.1128E-01
2.8470E+03	0.0000E+00	0.0000E+00	9.1310E-01
2.8480E+03	0.0000E+00	0.0000E+00	9.1037E-01
2.8490E+03	0.0000E+00	0.0000E+00	9.0483E-01
2.8500E+03	0.0000E+00	0.0000E+00	9.0855E-01
2.8510E+03	0.0000E+00	0.0000E+00	9.0828E-01
2.8520E+03	0.0000E+00	0.0000E+00	9.1055E-01
2.8530E+03	0.0000E+00	0.0000E+00	9.1355E-01
2.8540E+03	0.0000E+00	0.0000E+00	9.1101E-01
2.8550E+03	0.0000E+00	0.0000E+00	9.0110E-01
2.8560E+03	0.0000E+00	0.0000E+00	9.0010E-01
2.8570E+03	0.0000E+00	0.0000E+00	9.0019E-01
2.8580E+03	0.0000E+00	0.0000E+00	9.0392E-01
2.8590E+03	0.0000E+00	0.0000E+00	9.0301E-01
2.8600E+03	0.0000E+00	0.0000E+00	9.0092E-01
2.8610E+03	0.0000E+00	0.0000E+00	8.9910E-01
2.8620E+03	0.0000E+00	0.0000E+00	8.9837E-01
2.8630E+03	0.0000E+00	0.0000E+00	9.0019E-01
2.8640E+03	0.0000E+00	0.0000E+00	9.0274E-01
2.8650E+03	0.0000E+00	0.0000E+00	8.9983E-01
2.8660E+03	0.0000E+00	0.0000E+00	9.0155E-01
2.8670E+03	0.0000E+00	0.0000E+00	9.0410E-01
2.8680E+03	0.0000E+00	0.0000E+00	9.0746E-01
2.8690E+03	0.0000E+00	0.0000E+00	9.0855E-01
2.8700E+03	0.0000E+00	0.0000E+00	9.0846E-01
2.8710E+03	0.0000E+00	0.0000E+00	9.0474E-01
2.8720E+03	0.0000E+00	0.0000E+00	9.0101E-01
2.8730E+03	0.0000E+00	0.0000E+00	8.9974E-01
2.8740E+03	0.0000E+00	0.0000E+00	8.9674E-01
2.8750E+03	0.0000E+00	0.0000E+00	8.9801E-01
2.8760E+03	0.0000E+00	0.0000E+00	8.9728E-01
2.8770E+03	0.0000E+00	0.0000E+00	8.9783E-01
2.8780E+03	0.0000E+00	0.0000E+00	8.9801E-01
2.8790E+03	0.0000E+00	0.0000E+00	8.9546E-01
2.8800E+03	0.0000E+00	0.0000E+00	8.8901E-01
2.8810E+03	0.0000E+00	0.0000E+00	8.8919E-01
2.8820E+03	0.0000E+00	0.0000E+00	8.8874E-01
2.8830E+03	0.0000E+00	0.0000E+00	8.8783E-01
2.8840E+03	0.0000E+00	0.0000E+00	8.8592E-01
2.8850E+03	0.0000E+00	0.0000E+00	8.8892E-01
2.8860E+03	0.0000E+00	0.0000E+00	8.8892E-01
2.8870E+03	0.0000E+00	0.0000E+00	8.8855E-01
2.8880E+03	0.0000E+00	0.0000E+00	8.8728E-01
2.8890E+03	0.0000E+00	0.0000E+00	8.8819E-01
2.8900E+03	0.0000E+00	0.0000E+00	8.9292E-01
2.8910E+03	0.0000E+00	0.0000E+00	8.9610E-01
2.8920E+03	0.0000E+00	0.0000E+00	8.9846E-01
2.8930E+03	0.0000E+00	0.0000E+00	9.0155E-01
2.8940E+03	0.0000E+00	0.0000E+00	9.0310E-01
2.8950E+03	0.0000E+00	0.0000E+00	9.0392E-01
2.8960E+03	0.0000E+00	0.0000E+00	9.0292E-01
2.8970E+03	0.0000E+00	0.0000E+00	9.0355E-01
2.8980E+03	0.0000E+00	0.0000E+00	9.0119E-01
2.8990E+03	0.0000E+00	0.0000E+00	8.9655E-01
2.9000E+03	0.0000E+00	0.0000E+00	8.9246E-01
2.9010E+03	0.0000E+00	0.0000E+00	8.9283E-01
2.9020E+03	0.0000E+00	0.0000E+00	8.9310E-01
2.9030E+03	0.0000E+00	0.0000E+00	8.9101E-01
2.9040E+03	0.0000E+00	0.0000E+00	8.9037E-01
2.9050E+03	0.0000E+00	0.0000E+00	8.9246E-01
2.9060E+03	0.0000E+00	0.0000E+00	8.9183E-01
2.9070E+03	0.0000E+00	0.0000E+00	8.9119E-01
2.9080E+03	0.0000E+00	0.0000E+00	8.9055E-01
2.9090E+03	0.0000E+00	0.0000E+00	8.8583E-01
2.9100E+03	0.0000E+00	0.0000E+00	8.8355E-01
2.9110E+03	0.0000E+00	0.0000E+00	8.8055E-01
2.9120E+03	0.0000E+00	0.0000E+00	8.8092E-01
2.9130E+03	0.0000E+00	0.0000E+00	8.8374E-01
2.9140E+03	0.0000E+00	0.0000E+00	8.8983E-01
2.9150E+03	0.0000E+00	0.0000E+00	8.9546E-01
2.9160E+03	0.0000E+00	0.0000E+00	8.9846E-01
2.9170E+03	0.0000E+00	0.0000E+00	9.0074E-01
2.9180E+03	0.0000E+00	0.0000E+00	9.0474E-01
2.9190E+03	0.0000E+00	0.0000E+00	9.0337E-01
2.9200E+03	0.0000E+00	0.0000E+00	9.0319E-01
2.9210E+03	0.0000E+00	0.0000E+00	9.0083E-01
2.9220E+03	0.0000E+00	0.0000E+00	9.0183E-01
2.9230E+03	0.0000E+00	0.0000E+00	9.0074E-01
2.9240E+03	0.0000E+00	0.0000E+00	9.0537E-01
2.9250E+03	0.0000E+00	0.0000E+00	9.0592E-01
2.9260E+03	0.0000E+00	0.0000E+00	9.0274E-01
2.9270E+03	0.0000E+00	0.0000E+00	9.0119E-01
2.9280E+03	0.0000E+00	0.0000E+00	8.9592E-01
2.9290E+03	0.0000E+00	0.0000E+00	8.9574E-01
2.9300E+03	0.0000E+00	0.0000E+00	8.9628E-01
2.9310E+03	0.0000E+00	0.0000E+00	8.9819E-01
2.9320E+03	0.0000E+00	0.0000E+00	8.9819E-01
2.9330E+03	0.0000E+00	0.0000E+00	8.9474E-01
2.9340E+03	0.0000E+00	0.0000E+00	8.9283E-01
2.9350E+03	0.0000E+00	0.0000E+00	8.9119E-01
2.9360E+03	0.0000E+00	0.0000E+00	8.9328E-01
2.9370E+03	0.0000E+00	0.0000E+00	8.9183E-01
2.9380E+03	0.0000E+00	0.0000E+00	8.9819E-01
2.9390E+03	0.0000E+00	0.0000E+00	8.9674E-01
2.9400E+03	0.0000E+00	0.0000E+00	8.9601E-01
2.9410E+03	0.0000E+00	0.0000E+00	8.9583E-01
2.9420E+03	0.0000E+00	0.0000E+00	9.0037E-01
2.9430E+03	0.0000E+00	0.0000E+00	8.9946E-01
2.9440E+03	0.0000E+00	0.0000E+00	9.0437E-01
2.9450E+03	0.0000E+00	0.0000E+00	9.0092E-01
2.9460E+03	0.0000E+00	0.0000E+00	8.9428E-01
2.9470E+03	0.0000E+00	0.0000E+00	8.9555E-01
2.9480E+03	0.0000E+00	0.0000E+00	8.9246E-01
2.9490E+03	0.0000E+00	0.0000E+00	8.9528E-01
2.9500E+03	0.0000E+00	0.0000E+00	8.9455E-01
2.9510E+03	0.0000E+00	0.0000E+00	8.9574E-01
2.9520E+03	0.0000E+00	0.0000E+00	8.9119E-01
2.9530E+03	0.0000E+00	0.0000E+00	8.9010E-01
2.9540E+03	0.0000E+00	0.0000E+00	8.9246E-01
2.9550E+03	0.0000E+00	0.0000E+00	8.9101E-01
2.9560E+03	0.0000E+00	0.0000E+00	8.9083E-01
2.9570E+03	0.0000E+00	0.0000E+00	8.8955E-01
2.9580E+03	0.0000E+00	0.0000E+00	8.8955E-01
2.9590E+03	0.0000E+00	0.0000E+00	8.9492E-01
2.9600E+03	0.0000E+00	0.0000E+00	8.9810E-01
2.9610E+03	0.0000E+00	0.0000E+00	8.9819E-01
2.9620E+03	0.0000E+00	0.0000E+00	9.0092E-01
2.9630E+03	0.0000E+00	0.0000E+00	9.0119E-01
2.9640E+03	0.0000E+00	0.0000E+00	8.9983E-01
2.9650E+03	0.0000E+00	0.0000E+00	9.0274E-01
2.9660E+03	0.0000E+00	0.0000E+00	9.0328E-01
2.9670E+03	0.0000E+00	0.0000E+00	9.1155E-01
2.9680E+03	0.0000E+00	0.0000E+00	9.1055E-01
2.9690E+03	0.0000E+00	0.0000E+00	9.1210E-01
2.9700E+03	0.0000E+00	0.0000E+00	9.1055E-01
2.9710E+03	0.0000E+00	0.0000E+00	9.0992E-01
2.9720E+03	0.0000E+00	0.0000E+00	9.0592E-01
2.9730E+03	0.0000E+00	0.0000E+00	9.0574E-01
2.9740E+03	0.0000E+00	0.0000E+00	9.0401E-01
2.9750E+03	0.0000E+00	0.0000E+00	9.0510E-01
2.9760E+03	0.0000E+00	0.0000E+00	9.0792E-01
2.9770E+03	0.0000E+00	0.0000E+00	9.0628E-01
2.9780E+03	0.0000E+00	0.0000E+00	9.1010E-01
2.9790E+03	0.0000E+00	0.0000E+00	9.1201E-01
2.9800E+03	0.0000E+00	0.0000E+00	9.1683E-01
2.9810E+03	0.0000E+00	0.0000E+00	9.1792E-01
2.9820E+03	0.0000E+00	0.0000E+00	9.2137E-01
2.9830E+03	0.0000E+00	0.0000E+00	9.2101E-01
2.9840E+03	0.0000E+00	0.0000E+00	9.2237E-01
2.9850E+03	0.0000E+00	0.0000E+00	9.1946E-01
2.9860E+03	0.0000E+00	0.0000E+00	9.1974E-01
2.9870E+03	0.0000E+00	0.0000E+00	9.2092E-01
2.9880E+03	0.0000E+00	0.0000E+00	9.2283E-01
2.9890E+03	0.0000E+00	0.0000E+00	9.2092E-01
2.9900E+03	0.0000E+00	0.0000E+00	9.2201E-01
2.9910E+03	0.0000E+00	0.0000E+00	9.2274E-01
2.9920E+03	0.0000E+00	0.0000E+00	9.1819E-01
2.9930E+03	0.0000E+00	0.0000E+00	9.1901E-01
2.9940E+03	0.0000E+00	0.0000E+00	9.1992E-01
2.9950E+03	0.0000E+00	0.0000E+00	9.1846E-01
2.9960E+03	0.0000E+00	0.0000E+00	9.1519E-01
2.9970E+03	0.0000E+00	0.0000E+00	9.1028E-01
2.9980E+03	0.0000E+00	0.0000E+00	9.1101E-01
2.9990E+03	0.0000E+00	0.0000E+00	9.1037E-01
3.0000E+03	0.0000E+00	0.0000E+00	9.1092E-01
3.0010E+03	0.0000E+00	0.0000E+00	9.1101E-01
3.0020E+03	0.0000E+00	0.0000E+00	9.0783E-01
3.0030E+03	0.0000E+00	0.0000E+00	9.0683E-01
3.0040E+03	0.0000E+00	0.0000E+00	9.0546E-01
3.0050E+03	0.0000E+00	0.0000E+00	9.0392E-01
3.0060E+03	0.0000E+00	0.0000E+00	9.0201E-01
3.0070E+03	0.0000E+00	0.0000E+00	9.0274E-01
3.0080E+03	0.0000E+00	0.0000E+00	9.0392E-01
3.0090E+03	0.0000E+00	0.0000E+00	9.1037E-01
3.0100E+03	0.0000E+00	0.0000E+00	9.0737E-01
3.0110E+03	0.0000E+00	0.0000E+00	9.0737E-01
3.0120E+03	0.0000E+00	0.0000E+00	9.0946E-01
3.0130E+03	0.0000E+00	0.0000E+00	9.1792E-01
3.0140E+03	0.0000E+00	0.0000E+00	9.1819E-01
3.0150E+03	0.0000E+00	0.0000E+00	9.1992E-01
3.0160E+03	0.0000E+00	0.0000E+00	9.1855E-01
3.0170E+03	0.0000E+00	0.0000E+00	9.1992E-01
3.0180E+03	0.0000E+00	0.0000E+00	9.1719E-01
3.0190E+03	0.0000E+00	0.0000E+00	9.1155E-01
3.0200E+03	0.0000E+00	0.0000E+00	9.0910E-01
3.0210E+03	0.0000E+00	0.0000E+00	9.1092E-01
3.0220E+03	0.0000E+00	0.0000E+00	9.1383E-01
3.0230E+03	0.0000E+00	0.0000E+00	9.1637E-01
3.0240E+03	0.0000E+00	0.0000E+00	9.1683E-01
3.0250E+03	0.0000E+00	0.0000E+00	9.1737E-01
3.0260E+03	0.0000E+00	0.0000E+00	9.1492E-01
3.0270E+03	0.0000E+00	0.0000E+00	9.1255E-01
3.0280E+03	0.0000E+00	0.0000E+00	9.1101E-01
3.0290E+03	0.0000E+00	0.0000E+00	9.0955E-01
3.0300E+03	0.0000E+00	0.0000E+00	9.0883E-01
3.0310E+03	0.0000E+00	0.0000E+00	9.0528E-01
3.0320E+03	0.0000E+00	0.0000E+00	9.0274E-01
3.0330E+03	0.0000E+00	0.0000E+00	8.9837E-01
3.0340E+03	0.0000E+00	0.0000E+00	8.9783E-01
3.0350E+03	0.0000E+00	0.0000E+00	9.0110E-01
3.0360E+03	0.0000E+00	0.0000E+00	9.0710E-01
3.0370E+03	0.0000E+00	0.0000E+00	9.0992E-01
3.0380E+03	0.0000E+00	0.0000E+00	9.1710E-01
3.0390E+03	0.0000E+00	0.0000E+00	9.1055E-01
3.0400E+03	0.0000E+00	0.0000E+00	9.1128E-01
3.0410E+03	0.0000E+00	0.0000E+00	9.0346E-01
3.0420E+03	0.0000E+00	0.0000E+00	9.0592E-01
3.0430E+03	0.0000E+00	0.0000E+00	9.0419E-01
3.0440E+03	0.0000E+00	0.0000E+00	9.0337E-01
3.0450E+03	0.0000E+00	0.0000E+00	8.9792E-01
3.0460E+03	0.0000E+00	0.0000E+00	9.0101E-01
3.0470E+03	0.0000E+00	0.0000E+00	8.9583E-01
3.0480E+03	0.0000E+00	0.0000E+00	8.9819E-01
3.0490E+03	0.0000E+00	0.0000E+00	8.9610E-01
3.0500E+03	0.0000E+00	0.0000E+00	8.9728E-01
3.0510E+03	0.0000E+00	0.0000E+00	8.9555E-01
3.0520E+03	0.0000E+00	0.0000E+00	8.8910E-01
3.0530E+03	0.0000E+00	0.0000E+00	8.8855E-01
3.0540E+03	0.0000E+00	0.0000E+00	8.9037E-01
3.0550E+03	0.0000E+00	0.0000E+00	8.9146E-01
3.0560E+03	0.0000E+00	0.0000E+00	8.9346E-01
3.0570E+03	0.0000E+00	0.0000E+00	8.9528E-01
3.0580E+03	0.0000E+00	0.0000E+00	8.9874E-01
3.0590E+03	0.0000E+00	0.0000E+00	9.0101E-01
3.0600E+03	0.0000E+00	0.0000E+00	9.0192E-01
3.0610E+03	0.0000E+00	0.0000E+00	9.0446E-01
3.0620E+03	0.0000E+00	0.0000E+00	9.0755E-01
3.0630E+03	0.0000E+00	0.0000E+00	9.0874E-01
3.0640E+03	0.0000E+00	0.0000E+00	9.0701E-01
3.0650E+03	0.0000E+00	0.0000E+00	9.0455E-01
3.0660E+03	0.0000E+00	0.0000E+00	9.0692E-01
3.0670E+03	0.0000E+00	0.0000E+00	9.0146E-01
3.0680E+03	0.0000E+00	0.0000E+00	8.9892E-01
3.0690E+03	0.0000E+00	0.0000E+00	8.9719E-01
3.0700E+03	0.0000E+00	0.0000E+00	8.9455E-01
3.0710E+03	0.0000E+00	0.0000E+00	8.9274E-01
3.0720E+03	0.0000E+00	0.0000E+00	8.9355E-01
3.0730E+03	0.0000E+00	0.0000E+00	8.9283E-01
3.0740E+03	0.0000E+00	0.0000E+00	8.9219E-01
3.0750E+03	0.0000E+00	0.0000E+00	8.9074E-01
3.0760E+03	0.0000E+00	0.0000E+00	8.8646E-01
3.0770E+03	0.0000E+00	0.0000E+00	8.8246E-01
3.0780E+03	0.0000E+00	0.0000E+00	8.8219E-01
3.0790E+03	0.0000E+00	0.0000E+00	8.8255E-01
3.0800E+03	0.0000E+00	0.0000E+00	8.8019E-01
3.0810E+03	0.0000E+00	0.0000E+00	8.8183E-01
3.0820E+03	0.0000E+00	0.0000E+00	8.9101E-01
3.0830E+03	0.0000E+00	0.0000E+00	8.9719E-01
3.0840E+03	0.0000E+00	0.0000E+00	9.0519E-01
3.0850E+03	0.0000E+00	0.0000E+00	9.0637E-01
3.0860E+03	0.0000E+00	0.0000E+00	9.1055E-01
3.0870E+03	0.0000E+00	0.0000E+00	9.0637E-01
3.0880E+03	0.0000E+00	0.0000E+00	9.0774E-01
3.0890E+03	0.0000E+00	0.0000E+00	9.0946E-01
3.0900E+03	0.0000E+00	0.0000E+00	9.0792E-01
3.0910E+03	0.0000E+00	0.0000E+00	9.0819E-01
3.0920E+03	0.0000E+00	0.0000E+00	9.0919E-01
3.0930E+03	0.0000E+00	0.0000E+00	9.0910E-01
3.0940E+03	0.0000E+00	0.0000E+00	9.0237E-01
3.0950E+03	0.0000E+00	0.0000E+00	8.9992E-01
3.0960E+03	0.0000E+00	0.0000E+00	8.9519E-01
3.0970E+03	0.0000E+00	0.0000E+00	8.9774E-01
3.0980E+03	0.0000E+00	0.0000E+00	9.0146E-01
3.0990E+03	0.0000E+00	0.0000E+00	9.0010E-01
3.1000E+03	0.0000E+00	0.0000E+00	9.0028E-01
3.1010E+03	0.0000E+00	0.0000E+00	8.9801E-01
3.1020E+03	0.0000E+00	0.0000E+00	8.9419E-01
3.1030E+03	0.0000E+00	0.0000E+00	8.9555E-01
3.1040E+03	0.0000E+00	0.0000E+00	8.9655E-01
3.1050E+03	0.0000E+00	0.0000E+00	8.9828E-01
3.1060E+03	0.0000E+00	0.0000E+00	9.0319E-01
3.1070E+03	0.0000E+00	0.0000E+00	9.0674E-01
3.1080E+03	0.0000E+00	0.0000E+00	9.1092E-01
3.1090E+03	0.0000E+00	0.0000E+00	9.1037E-01
3.1100E+03	0.0000E+00	0.0000E+00	9.1355E-01
3.1110E+03	0.0000E+00	0.0000E+00	9.1410E-01
3.1120E+03	0.0000E+00	0.0000E+00	9.1019E-01
3.1130E+03	0.0000E+00	0.0000E+00	9.0874E-01
3.1140E+03	0.0000E+00	0.0000E+00	9.0837E-01
3.1150E+03	0.0000E+00	0.0000E+00	9.0892E-01
3.1160E+03	0.0000E+00	0.0000E+00	9.0783E-01
3.1170E+03	0.0000E+00	0.0000E+00	9.0746E-01
3.1180E+03	0.0000E+00	0.0000E+00	9.0683E-01
3.1190E+03	0.0000E+00	0.0000E+00	9.0710E-01
3.1200E+03	0.0000E+00	0.0000E+00	9.0683E-01
3.1210E+03	0.0000E+00	0.0000E+00	9.0455E-01
3.1220E+03	0.0000E+00	0.0000E+00	8.9992E-01
3.1230E+03	0.0000E+00	0.0000E+00	9.0228E-01
3.1240E+03	0.0000E+00	0.0000E+00	9.0146E-01
3.1250E+03	0.0000E+00	0.0000E+00	9.0537E-01
3.1260E+03	0.0000E+00	0.0000E+00	9.0410E-01
3.1270E+03	0.0000E+00	0.0000E+00	9.0274E-01
3.1280E+03	0.0000E+00	0.0000E+00	9.0228E-01
3.1290E+03	0.0000E+00	0.0000E+00	9.0419E-01
3.1300E+03	0.0000E+00	0.0000E+00	9.0819E-01
3.1310E+03	0.0000E+00	0.0000E+00	9.1046E-01
3.1320E+03	0.0000E+00	0.0000E+00	9.1083E-01
3.1330E+03	0.0000E+00	0.0000E+00	9.1183E-01
3.1340E+03	0.0000E+00	0.0000E+00	9.1546E-01
3.1350E+03	0.0000E+00	0.0000E+00	9.1601E-01
3.1360E+03	0.0000E+00	0.0000E+00	9.1383E-01
3.1370E+03	0.0000E+00	0.0000E+00	9.1346E-01
3.1380E+03	0.0000E+00	0.0000E+00	9.1174E-01
3.1390E+03	0.0000E+00	0.0000E+00	9.1055E-01
3.1400E+03	0.0000E+00	0.0000E+00	9.0855E-01
3.1410E+03	0.0000E+00	0.0000E+00	9.0855E-01
3.1420E+03	0.0000E+00	0.0000E+00	9.0974E-01
3.1430E+03	0.0000E+00	0.0000E+00	9.0946E-01
3.1440E+03	0.0000E+00	0.0000E+00	9.0992E-01
3.1450E+03	0.0000E+00	0.0000E+00	9.0183E-01
3.1460E+03	0.0000E+00	0.0000E+00	8.9328E-01
3.1470E+03	0.0000E+00	0.0000E+00	8.8855E-01
3.1480E+03	0.0000E+00	0.0000E+00	8.8401E-01
3.1490E+03	0.0000E+00	0.0000E+00	8.8201E-01
3.1500E+03	0.0000E+00	0.0000E+00	8.8301E-01
3.1510E+03	0.0000E+00	0.0000E+00	8.8074E-01
3.1520E+03	0.0000E+00	0.0000E+00	8.7874E-01
3.1530E+03	0.0000E+00	0.0000E+00	8.8092E-01
3.1540E+03	0.0000E+00	0.0000E+00	8.8137E-01
3.1550E+03	0.0000E+00	0.0000E+00	8.8519E-01
3.1560E+03	0.0000E+00	0.0000E+00	8.8746E-01
3.1570E+03	0.0000E+00	0.0000E+00	8.8937E-01
3.1580E+03	0.0000E+00	0.0000E+00	8.9101E-01
3.1590E+03	0.0000E+00	0.0000E+00	8.8719E-01
3.1600E+03	0.0000E+00	0.0000E+00	8.8992E-01
3.1610E+03	0.0000E+00	0.0000E+00	8.9001E-01
3.1620E+03	0.0000E+00	0.0000E+00	8.8974E-01
3.1630E+03	0.0000E+00	0.0000E+00	8.8774E-01
3.1640E+03	0.0000E+00	0.0000E+00	8.9355E-01
3.1650E+03	0.0000E+00	0.0000E+00	8.8874E-01
3.1660E+03	0.0000E+00	0.0000E+00	8.8837E-01
3.1670E+03	0.0000E+00	0.0000E+00	8.8701E-01
3.1680E+03	0.0000E+00	0.0000E+00	8.8646E-01
3.1690E+03	0.0000E+00	0.0000E+00	8.8610E-01
3.1700E+03	0.0000E+00	0.0000E+00	8.8510E-01
3.1710E+03	0.0000E+00	0.0000E+00	8.8374E-01
3.1720E+03	0.0000E+00	0.0000E+00	8.8319E-01
3.1730E+03	0.0000E+00	0.0000E+00	8.8155E-01
3.1740E+03	0.0000E+00	0.0000E+00	8.7828E-01
3.1750E+03	0.0000E+00	0.0000E+00	8.7955E-01
3.1760E+03	0.0000E+00	0.0000E+00	8.8037E-01
3.1770E+03	0.0000E+00	0.0000E+00	8.7983E-01
3.1780E+03	0.0000E+00	0.0000E+00	8.8319E-01
3.1790E+03	0.0000E+00	0.0000E+00	8.8692E-01
3.1800E+03	0.0000E+00	0.0000E+00	8.8701E-01
3.1810E+03	0.0000E+00	0.0000E+00	8.8783E-01
3.1820E+03	0.0000E+00	0.0000E+00	8.9274E-01
3.1830E+03	0.0000E+00	0.0000E+00	8.9128E-01
3.1840E+03	0.0000E+00	0.0000E+00	8.8937E-01
3.1850E+03	0.0000E+00	0.0000E+00	8.8946E-01
3.1860E+03	0.0000E+00	0.0000E+00	8.8728E-01
3.1870E+03	0.0000E+00	0.0000E+00	8.9246E-01
3.1880E+03	0.0000E+00	0.0000E+00	8.9246E-01
3.1890E+03	0.0000E+00	0.0000E+00	8.9583E-01
3.1900E+03	0.0000E+00	0.0000E+00	8.8928E-01
3.1910E+03	0.0000E+00	0.0000E+00	8.8755E-01
3.1920E+03	0.0000E+00	0.0000E+00	8.8983E-01
3.1930E+03	0.0000E+00	0.0000E+00	8.9110E-01
3.1940E+03	0.0000E+00	0.0000E+00	8.8883E-01
3.1950E+03	0.0000E+00	0.0000E+00	8.8892E-01
3.1960E+03	0.0000E+00	0.0000E+00	8.9183E-01
3.1970E+03	0.0000E+00	0.0000E+00	8.8846E-01
3.1980E+03	0.0000E+00	0.0000E+00	8.8874E-01
3.1990E+03	0.0000E+00	0.0000E+00	8.8419E-01
3.2000E+03	0.0000E+00	0.0000E+00	8.8137E-01
3.2010E+03	0.0000E+00	0.0000E+00	8.8046E-01
3.2020E+03	0.0000E+00	0.0000E+00	8.7974E-01
3.2030E+03	0.0000E+00	0.0000E+00	8.8192E-01
3.2040E+03	0.0000E+00	0.0000E+00	8.8501E-01
3.2050E+03	0.0000E+00	0.0000E+00	8.8355E-01
3.2060E+03	0.0000E+00	0.0000E+00	8.8792E-01
3.2070E+03	0.0000E+00	0.0000E+00	8.8410E-01
3.2080E+03	0.0000E+00	0.0000E+00	8.8819E-01
3.2090E+03	0.0000E+00	0.0000E+00	8.8728E-01
3.2100E+03	0.0000E+00	0.0000E+00	8.8737E-01
3.2110E+03	0.0000E+00	0.0000E+00	8.8655E-01
3.2120E+03	0.0000E+00	0.0000E+00	8.8446E-01
3.2130E+03	0.0000E+00	0.0000E+00	8.8492E-01
3.2140E+03	0.0000E+00	0.0000E+00	8.8292E-01
3.2150E+03	0.0000E+00	0.0000E+00	8.8328E-01
3.2160E+03	0.0000E+00	0.0000E+00	8.8401E-01
3.2170E+03	0.0000E+00	0.0000E+00	8.8474E-01
3.2180E+03	0.0000E+00	0.0000E+00	8.8237E-01
3.2190E+03	0.0000E+00	0.0000E+00	8.8201E-01
3.2200E+03	0.0000E+00	0.0000E+00	8.7892E-01
3.2210E+03	0.0000E+00	0.0000E+00	8.7601E-01
3.2220E+03	0.0000E+00	0.0000E+00	8.7801E-01
3.2230E+03	0.0000E+00	0.0000E+00	8.7819E-01
3.2240E+03	0.0000E+00	0.0000E+00	8.8046E-01
3.2250E+03	0.0000E+00	0.0000E+00	8.8183E-01
3.2260E+03	0.0000E+00	0.0000E+00	8.8255E-01
3.2270E+03	0.0000E+00	0.0000E+00	8.8555E-01
3.2280E+03	0.0000E+00	0.0000E+00	8.8955E-01
3.2290E+03	0.0000E+00	0.0000E+00	8.9174E-01
3.2300E+03	0.0000E+00	0.0000E+00	8.8974E-01
3.2310E+03	0.0000E+00	0.0000E+00	8.8801E-01
3.2320E+03	0.0000E+00	0.0000E+00	8.9155E-01
3.2330E+03	0.0000E+00	0.0000E+00	8.8646E-01
3.2340E+03	0.0000E+00	0.0000E+00	8.9528E-01
3.2350E+03	0.0000E+00	0.0000E+00	8.8828E-01
3.2360E+03	0.0000E+00	0.0000E+00	8.8646E-01
3.2370E+03	0.0000E+00	0.0000E+00	8.8710E-01
3.2380E+03	0.0000E+00	0.0000E+00	8.8419E-01
3.2390E+03	0.0000E+00	0.0000E+00	8.8119E-01
3.2400E+03	0.0000E+00	0.0000E+00	8.7874E-01
3.2410E+03	0.0000E+00	0.0000E+00	8.7346E-01
3.2420E+03	0.0000E+00	0.0000E+00	8.7619E-01
3.2430E+03	0.0000E+00	0.0000E+00	8.7455E-01
3.2440E+03	0.0000E+00	0.0000E+00	8.7546E-01
3.2450E+03	0.0000E+00	0.0000E+00	8.7410E-01
3.2460E+03	0.0000E+00	0.0000E+00	8.7492E-01
3.2470E+03	0.0000E+00	0.0000E+00	8.7346E-01
3.2480E+03	0.0000E+00	0.0000E+00	8.7092E-01
3.2490E+03	0.0000E+00	0.0000E+00	8.6946E-01
3.2500E+03	0.0000E+00	0.0000E+00	8.6855E-01
3.2510E+03	0.0000E+00	0.0000E+00	8.7055E-01
3.2520E+03	0.0000E+00	0.0000E+00	8.7392E-01
3.2530E+03	0.0000E+00	0.0000E+00	8.7446E-01
3.2540E+03	0.0000E+00	0.0000E+00	8.7774E-01
3.2550E+03	0.0000E+00	0.0000E+00	8.7555E-01
3.2560E+03	0.0000E+00	0.0000E+00	8.8255E-01
3.2570E+03	0.0000E+00	0.0000E+00	8.8092E-01
3.2580E+03	0.0000E+00	0.0000E+00	8.8019E-01
3.2590E+03	0.0000E+00	0.0000E+00	8.8301E-01
3.2600E+03	0.0000E+00	0.0000E+00	8.8428E-01
3.2610E+03	0.0000E+00	0.0000E+00	8.8501E-01
3.2620E+03	0.0000E+00	0.0000E+00	8.8674E-01
3.2630E+03	0.0000E+00	0.0000E+00	8.8146E-01
3.2640E+03	0.0000E+00	0.0000E+00	8.8392E-01
3.2650E+03	0.0000E+00	0.0000E+00	8.8437E-01
3.2660E+03	0.0000E+00	0.0000E+00	8.8210E-01
3.2670E+03	0.0000E+00	0.0000E+00	8.8237E-01
3.2680E+03	0.0000E+00	0.0000E+00	8.7974E-01
3.2690E+03	0.0000E+00	0.0000E+00	8.8183E-01
3.2700E+03	0.0000E+00	0.0000E+00	8.8083E-01
3.2710E+03	0.0000E+00	0.0000E+00	8.7728E-01
3.2720E+03	0.0000E+00	0.0000E+00	8.7937E-01
3.2730E+03	0.0000E+00	0.0000E+00	8.7992E-01
3.2740E+03	0.0000E+00	0.0000E+00	8.8237E-01
3.2750E+03	0.0000E+00	0.0000E+00	8.8201E-01
3.2760E+03	0.0000E+00	0.0000E+00	8.8201E-01
3.2770E+03	0.0000E+00	0.0000E+00	8.8301E-01
3.2780E+03	0.0000E+00	0.0000E+00	8.8283E-01
3.2790E+03	0.0000E+00	0.0000E+00	8.8328E-01
3.2800E+03	0.0000E+00	0.0000E+00	8.8346E-01
3.2810E+03	0.0000E+00	0.0000E+00	8.8637E-01
3.2820E+03	0.0000E+00	0.0000E+00	8.8510E-01
3.2830E+03	0.0000E+00	0.0000E+00	8.9274E-01
3.2840E+03	0.0000E+00	0.0000E+00	8.9155E-01
3.2850E+03	0.0000E+00	0.0000E+00	9.1074E-01
3.2860E+03	0.0000E+00	0.0000E+00	9.1592E-01
3.2870E+03	0.0000E+00	0.0000E+00	9.1419E-01
3.2880E+03	0.0000E+00	0.0000E+00	9.1019E-01
3.2890E+03	0.0000E+00	0.0000E+00	9.0719E-01
3.2900E+03	0.0000E+00	0.0000E+00	9.0583E-01
3.2910E+03	0.0000E+00	0.0000E+00	9.0292E-01
3.2920E+03	0.0000E+00	0.0000E+00	9.0037E-01
3.2930E+03	0.0000E+00	0.0000E+00	9.0174E-01
3.2940E+03	0.0000E+00	0.0000E+00	8.9837E-01
3.2950E+03	0.0000E+00	0.0000E+00	8.9983E-01
3.2960E+03	0.0000E+00	0.0000E+00	8.9874E-01
3.2970E+03	0.0000E+00	0.0000E+00	9.0210E-01
3.2980E+03	0.0000E+00	0.0000E+00	9.0419E-01
3.2990E+03	0.0000E+00	0.0000E+00	9.0846E-01
3.3000E+03	0.0000E+00	0.0000E+00	9.0819E-01
3.3010E+03	0.0000E+00	0.0000E+00	9.0992E-01
3.3020E+03	0.0000E+00	0.0000E+00	9.0955E-01
3.3030E+03	0.0000E+00	0.0000E+00	9.1355E-01
3.3040E+03	0.0000E+00	0.0000E+00	9.1128E-01
3.3050E+03	0.0000E+00	0.0000E+00	9.1292E-01
3.3060E+03	0.0000E+00	0.0000E+00	9.1037E-01
3.3070E+03	0.0000E+00	0.0000E+00	9.0828E-01
3.3080E+03	0.0000E+00	0.0000E+00	9.0755E-01
3.3090E+03	0.0000E+00	0.0000E+00	9.0683E-01
3.3100E+03	0.0000E+00	0.0000E+00	9.0446E-01
3.3110E+03	0.0000E+00	0.0000E+00	9.0837E-01
3.3120E+03	0.0000E+00	0.0000E+00	9.0810E-01
3.3130E+03	0.0000E+00	0.0000E+00	9.0901E-01
3.3140E+03	0.0000E+00	0.0000E+00	9.0755E-01
3.3150E+03	0.0000E+00	0.0000E+00	9.0755E-01
3.3160E+03	0.0000E+00	0.0000E+00	9.0492E-01
3.3170E+03	0.0000E+00	0.0000E+00	9.0692E-01
3.3180E+03	0.0000E+00	0.0000E+00	9.0355E-01
3.3190E+03	0.0000E+00	0.0000E+00	9.0037E-01
3.3200E+03	0.0000E+00	0.0000E+00	9.0046E-01
3.3210E+03	0.0000E+00	0.0000E+00	9.0310E-01
3.3220E+03	0.0000E+00	0.0000E+00	9.0455E-01
3.3230E+03	0.0000E+00	0.0000E+00	9.0992E-01
3.3240E+03	0.0000E+00	0.0000E+00	9.1183E-01
3.3250E+03	0.0000E+00	0.0000E+00	9.1410E-01
3.3260E+03	0.0000E+00	0.0000E+00	9.1519E-01
3.3270E+03	0.0000E+00	0.0000E+00	9.1474E-01
3.3280E+03	0.0000E+00	0.0000E+00	9.1755E-01
3.3290E+03	0.0000E+00	0.0000E+00	9.1510E-01
3.3300E+03	0.0000E+00	0.0000E+00	9.1819E-01
3.3310E+03	0.0000E+00	0.0000E+00	9.1510E-01
3.3320E+03	0.0000E+00	0.0000E+00	9.1655E-01
3.3330E+03	0.0000E+00	0.0000E+00	9.1701E-01
3.3340E+03	0.0000E+00	0.0000E+00	9.2001E-01
3.3350E+03	0.0000E+00	0.0000E+00	9.2019E-01
3.3360E+03	0.0000E+00	0.0000E+00	9.2192E-01
3.3370E+03	0.0000E+00	0.0000E+00	9.2228E-01
3.3380E+03	0.0000E+00	0.0000E+00	9.2174E-01
3.3390E+03	0.0000E+00	0.0000E+00	9.1883E-01
3.3400E+03	0.0000E+00	0.0000E+00	9.2119E-01
3.3410E+03	0.0000E+00	0.0000E+00	9.2119E-01
3.3420E+03	0.0000E+00	0.0000E+00	9.1974E-01
3.3430E+03	0.0000E+00	0.0000E+00	9.1883E-01
3.3440E+03	0.0000E+00	0.0000E+00	9.1792E-01
3.3450E+03	0.0000E+00	0.0000E+00	9.1510E-01
3.3460E+03	0.0000E+00	0.0000E+00	9.1619E-01
3.3470E+03	0.0000E+00	0.0000E+00	9.1574E-01
3.3480E+03	0.0000E+00	0.0000E+00	9.1319E-01
3.3490E+03	0.0000E+00	0.0000E+00	9.1492E-01
3.3500E+03	0.0000E+00	0.0000E+00	9.1137E-01
3.3510E+03	0.0000E+00	0.0000E+00	9.1546E-01
3.3520E+03	0.0000E+00	0.0000E+00	9.1228E-01
3.3530E+03	0.0000E+00	0.0000E+00	9.1010E-01
3.3540E+03	0.0000E+00	0.0000E+00	9.0946E-01
3.3550E+03	0.0000E+00	0.0000E+00	9.0592E-01
3.3560E+03	0.0000E+00	0.0000E+00	9.0401E-01
3.3570E+03	0.0000E+00	0.0000E+00	9.0410E-01
3.3580E+03	0.0000E+00	0.0000E+00	9.0128E-01
3.3590E+03	0.0000E+00	0.0000E+00	8.9619E-01
3.3600E+03	0.0000E+00	0.0000E+00	8.9319E-01
3.3610E+03	0.0000E+00	0.0000E+00	8.9710E-01
3.3620E+03	0.0000E+00	0.0000E+00	8.9537E-01
3.3630E+03	0.0000E+00	0.0000E+00	8.9474E-01
3.3640E+03	0.0000E+00	0.0000E+00	8.9737E-01
3.3650E+03	0.0000E+00	0.0000E+00	8.9819E-01
3.3660E+03	0.0000E+00	0.0000E+00	8.9837E-01
3.3670E+03	0.0000E+00	0.0000E+00	8.9528E-01
3.3680E+03	0.0000E+00	0.0000E+00	9.0337E-01
3.3690E+03	0.0000E+00	0.0000E+00	8.9855E-01
3.3700E+03	0.0000E+00	0.0000E+00	8.9928E-01
3.3710E+03	0.0000E+00	0.0000E+00	8.9901E-01
3.3720E+03	0.0000E+00	0.0000E+00	8.9746E-01
3.3730E+03	0.0000E+00	0.0000E+00	9.0055E-01
3.3740E+03	0.0000E+00	0.0000E+00	9.0046E-01
3.3750E+03	0.0000E+00	0.0000E+00	8.9710E-01
3.3760E+03	0.0000E+00	0.0000E+00	8.9537E-01
3.3770E+03	0.0000E+00	0.0000E+00	8.9928E-01
3.3780E+03	0.0000E+00	0.0000E+00	8.9983E-01
3.3790E+03	0.0000E+00	0.0000E+00	8.9710E-01
3.3800E+03	0.0000E+00	0.0000E+00	8.9355E-01
3.3810E+03	0.0000E+00	0.0000E+00	8.9146E-01
3.3820E+03	0.0000E+00	0.0000E+00	8.8728E-01
3.3830E+03	0.0000E+00	0.0000E+00	8.8710E-01
3.3840E+03	0.0000E+00	0.0000E+00	8.8255E-01
3.3850E+03	0.0000E+00	0.0000E+00	8.8301E-01
3.3860E+03	0.0000E+00	0.0000E+00	8.8510E-01
3.3870E+03	0.0000E+00	0.0000E+00	8.8446E-01
3.3880E+03	0.0000E+00	0.0000E+00	8.8419E-01
3.3890E+03	0.0000E+00	0.0000E+00	8.8519E-01
3.3900E+03	0.0000E+00	0.0000E+00	8.8292E-01
3.3910E+03	0.0000E+00	0.0000E+00	8.8355E-01
3.3920E+03	0.0000E+00	0.0000E+00	8.8510E-01
3.3930E+03	0.0000E+00	0.0000E+00	8.8710E-01
3.3940E+03	0.0000E+00	0.0000E+00	8.8846E-01
3.3950E+03	0.0000E+00	0.0000E+00	8.9283E-01
3.3960E+03	0.0000E+00	0.0000E+00	8.9328E-01
3.3970E+03	0.0000E+00	0.0000E+00	8.9337E-01
3.3980E+03	0.0000E+00	0.0000E+00	8.9374E-01
3.3990E+03	0.0000E+00	0.0000E+00	8.9746E-01
3.4000E+03	0.0000E+00	0.0000E+00	9.1174E-01
3.4010E+03	0.0000E+00	0.0000E+00	9.2046E-01
3.4020E+03	0.0000E+00	0.0000E+00	9.2383E-01
3.4030E+03	0.0000E+00	0.0000E+00	9.2192E-01
3.4040E+03	0.0000E+00	0.0000E+00	9.2246E-01
3.4050E+03	0.0000E+00	0.0000E+00	9.1828E-01
3.4060E+03	0.0000E+00	0.0000E+00	9.1883E-01
3.4070E+03	0.0000E+00	0.0000E+00	9.1537E-01
3.4080E+03	0.0000E+00	0.0000E+00	9.1474E-01
3.4090E+03	0.0000E+00	0.0000E+00	9.1055E-01
3.4100E+03	0.0000E+00	0.0000E+00	9.1192E-01
3.4110E+03	0.0000E+00	0.0000E+00	9.1610E-01
3.4120E+03	0.0000E+00	0.0000E+00	9.1883E-01
3.4130E+03	0.0000E+00	0.0000E+00	9.2037E-01
3.4140E+03	0.0000E+00	0.0000E+00	9.2392E-01
3.4150E+03	0.0000E+00	0.0000E+00	9.2810E-01
3.4160E+03	0.0000E+00	0.0000E+00	9.2983E-01
3.4170E+03	0.0000E+00	0.0000E+00	9.3328E-01
3.4180E+03	0.0000E+00	0.0000E+00	9.3783E-01
3.4190E+03	0.0000E+00	0.0000E+00	9.3983E-01
3.4200E+03	0.0000E+00	0.0000E+00	9.4410E-01
3.4210E+03	0.0000E+00	0.0000E+00	9.4355E-01
3.4220E+03	0.0000E+00	0.0000E+00	9.4119E-01
3.4230E+03	0.0000E+00	0.0000E+00	9.4328E-01
3.4240E+03	0.0000E+00	0.0000E+00	9.3837E-01
3.4250E+03	0.0000E+00	0.0000E+00	9.4255E-01
3.4260E+03	0.0000E+00	0.0000E+00	9.4383E-01
3.4270E+03	0.0000E+00	0.0000E+00	9.4510E-01
3.4280E+03	0.0000E+00	0.0000E+00	9.5474E-01
3.4290E+03	0.0000E+00	0.0000E+00	9.5319E-01
3.4300E+03	0.0000E+00	0.0000E+00	9.5037E-01
3.4310E+03	0.0000E+00	0.0000E+00	9.5228E-01
3.4320E+03	0.0000E+00	0.0000E+00	9.5228E-01
3.4330E+03	0.0000E+00	0.0000E+00	9.4883E-01
3.4340E+03	0.0000E+00	0.0000E+00	9.5383E-01
3.4350E+03	0.0000E+00	0.0000E+00	9.4892E-01
3.4360E+03	0.0000E+00	0.0000E+00	9.5046E-01
3.4370E+03	0.0000E+00	0.0000E+00	9.4674E-01
3.4380E+03	0.0000E+00	0.0000E+00	9.4219E-01
3.4390E+03	0.0000E+00	0.0000E+00	9.4501E-01
3.4400E+03	0.0000E+00	0.0000E+00	9.4683E-01
3.4410E+03	0.0000E+00	0.0000E+00	9.4637E-01
3.4420E+03	0.0000E+00	0.0000E+00	9.5046E-01
3.4430E+03	0.0000E+00	0.0000E+00	9.5428E-01
3.4440E+03	0.0000E+00	0.0000E+00	9.5355E-01
3.4450E+03	0.0000E+00	0.0000E+00	9.5219E-01
3.4460E+03	0.0000E+00	0.0000E+00	9.5446E-01
3.4470E+03	0.0000E+00	0.0000E+00	9.5228E-01
3.4480E+03	0.0000E+00	0.0000E+00	9.4928E-01
3.4490E+03	0.0000E+00	0.0000E+00	9.4774E-01
3.4500E+03	0.0000E+00	0.0000E+00	9.4755E-01
3.4510E+03	0.0000E+00	0.0000E+00	9.4692E-01
3.4520E+03	0.0000E+00	0.0000E+00	9.4737E-01
3.4530E+03	0.0000E+00	0.0000E+00	9.5074E-01
3.4540E+03	0.0000E+00	0.0000E+00	9.4810E-01
3.4550E+03	0.0000E+00	0.0000E+00	9.5028E-01
3.4560E+03	0.0000E+00	0.0000E+00	9.5010E-01
3.4570E+03	0.0000E+00	0.0000E+00	9.5192E-01
3.4580E+03	0.0000E+00	0.0000E+00	9.5019E-01
3.4590E+03	0.0000E+00	0.0000E+00	9.5074E-01
3.4600E+03	0.0000E+00	0.0000E+00	9.5001E-01
3.4610E+03	0.0000E+00	0.0000E+00	9.4537E-01
3.4620E+03	0.0000E+00	0.0000E+00	9.4828E-01
3.4630E+03	0.0000E+00	0.0000E+00	9.4510E-01
3.4640E+03	0.0000E+00	0.0000E+00	9.4410E-01
3.4650E+03	0.0000E+00	0.0000E+00	9.4419E-01
3.4660E+03	0.0000E+00	0.0000E+00	9.4528E-01
3.4670E+03	0.0000E+00	0.0000E+00	9.4410E-01
3.4680E+03	0.0000E+00	0.0000E+00	9.4346E-01
3.4690E+03	0.0000E+00	0.0000E+00	9.3774E-01
3.4700E+03	0.0000E+00	0.0000E+00	9.3974E-01
3.4710E+03	0.0000E+00	0.0000E+00	9.3646E-01
3.4720E+03	0.0000E+00	0.0000E+00	9.3483E-01
3.4730E+03	0.0000E+00	0.0000E+00	9.3410E-01
3.4740E+03	0.0000E+00	0.0000E+00	9.3237E-01
3.4750E+03	0.0000E+00	0.0000E+00	9.2983E-01
3.4760E+03	0.0000E+00	0.0000E+00	9.2855E-01
3.4770E+03	0.0000E+00	0.0000E+00	9.2701E-01
3.4780E+03	0.0000E+00	0.0000E+00	9.2292E-01
3.4790E+03	0.0000E+00	0.0000E+00	9.2074E-01
3.4800E+03	0.0000E+00	0.0000E+00	9.1983E-01
3.4810E+03	0.0000E+00	0.0000E+00	9.2037E-01
3.4820E+03	0.0000E+00	0.0000E+00	9.2183E-01
3.4830E+03	0.0000E+00	0.0000E+00	9.2483E-01
3.4840E+03	0.0000E+00	0.0000E+00	9.2474E-01
3.4850E+03	0.0000E+00	0.0000E+00	9.2119E-01
3.4860E+03	0.0000E+00	0.0000E+00	9.1919E-01
3.4870E+03	0.0000E+00	0.0000E+00	9.2146E-01
3.4880E+03	0.0000E+00	0.0000E+00	9.1628E-01
3.4890E+03	0.0000E+00	0.0000E+00	9.2037E-01
3.4900E+03	0.0000E+00	0.0000E+00	9.1955E-01
3.4910E+03	0.0000E+00	0.0000E+00	9.2083E-01
3.4920E+03	0.0000E+00	0.0000E+00	9.2001E-01
3.4930E+03	0.0000E+00	0.0000E+00	9.2155E-01
3.4940E+03	0.0000E+00	0.0000E+00	9.2028E-01
3.4950E+03	0.0000E+00	0.0000E+00	9.1992E-01
3.4960E+03	0.0000E+00	0.0000E+00	9.2355E-01
3.4970E+03	0.0000E+00	0.0000E+00	9.3055E-01
3.4980E+03	0.0000E+00	0.0000E+00	9.2292E-01
3.4990E+03	0.0000E+00	0.0000E+00	9.2383E-01
3.5000E+03	0.0000E+00	0.0000E+00	9.2328E-01
3.5010E+03	0.0000E+00	0.0000E+00	9.2092E-01
3.5020E+03	0.0000E+00	0.0000E+00	9.2001E-01
3.5030E+03	0.0000E+00	0.0000E+00	9.1974E-01
3.5040E+03	0.0000E+00	0.0000E+00	9.1837E-01
3.5050E+03	0.0000E+00	0.0000E+00	9.1719E-01
3.5060E+03	0.0000E+00	0.0000E+00	9.1919E-01
3.5070E+03	0.0000E+00	0.0000E+00	9.1710E-01
3.5080E+03	0.0000E+00	0.0000E+00	9.1619E-01
3.5090E+03	0.0000E+00	0.0000E+00	9.1874E-01
3.5100E+03	0.0000E+00	0.0000E+00	9.1719E-01
3.5110E+03	0.0000E+00	0.0000E+00	9.1501E-01
3.5120E+03	0.0000E+00	0.0000E+00	9.1583E-01
3.5130E+03	0.0000E+00	0.0000E+00	9.1355E-01
3.5140E+03	0.0000E+00	0.0000E+00	9.1192E-01
3.5150E+03	0.0000E+00	0.0000E+00	9.1183E-01
3.5160E+03	0.0000E+00	0.0000E+00	9.1019E-01
3.5170E+03	0.0000E+00	0.0000E+00	9.0919E-01
3.5180E+03	0.0000E+00	0.0000E+00	9.0801E-01
3.5190E+03	0.0000E+00	0.0000E+00	9.0855E-01
3.5200E+03	0.0000E+00	0.0000E+00	9.0710E-01
3.5210E+03	0.0000E+00	0.0000E+00	9.0928E-01
3.5220E+03	0.0000E+00	0.0000E+00	9.1074E-01
3.5230E+03	0.0000E+00	0.0000E+00	9.0874E-01
3.5240E+03	0.0000E+00	0.0000E+00	9.1201E-01
3.5250E+03	0.0000E+00	0.0000E+00	9.1128E-01
3.5260E+03	0.0000E+00	0.0000E+00	9.1219E-01
3.5270E+03	0.0000E+00	0.0000E+00	9.2074E-01
3.5280E+03	0.0000E+00	0.0000E+00	9.2555E-01
3.5290E+03	0.0000E+00	0.0000E+00	9.2737E-01
3.5300E+03	0.0000E+00	0.0000E+00	9.2355E-01
3.5310E+03	0.0000E+00	0.0000E+00	9.2392E-01
3.5320E+03	0.0000E+00	0.0000E+00	9.2792E-01
3.5330E+03	0.0000E+00	0.0000E+00	9.2537E-01
3.5340E+03	0.0000E+00	0.0000E+00	9.2428E-01
3.5350E+03	0.0000E+00	0.0000E+00	9.2428E-01
3.5360E+03	0.0000E+00	0.0000E+00	9.2510E-01
3.5370E+03	0.0000E+00	0.0000E+00	9.2437E-01
3.5380E+03	0.0000E+00	0.0000E+00	9.2510E-01
3.5390E+03	0.0000E+00	0.0000E+00	9.2628E-01
3.5400E+03	0.0000E+00	0.0000E+00	9.3101E-01
3.5410E+03	0.0000E+00	0.0000E+00	9.3501E-01
3.5420E+03	0.0000E+00	0.0000E+00	9.3392E-01
3.5430E+03	0.0000E+00	0.0000E+00	9.3419E-01
3.5440E+03	0.0000E+00	0.0000E+00	9.3419E-01
3.5450E+03	0.0000E+00	0.0000E+00	9.3337E-01
3.5460E+03	0.0000E+00	0.0000E+00	9.3337E-01
3.5470E+03	0.0000E+00	0.0000E+00	9.3428E-01
3.5480E+03	0.0000E+00	0.0000E+00	9.3201E-01
3.5490E+03	0.0000E+00	0.0000E+00	9.2992E-01
3.5500E+03	0.0000E+00	0.0000E+00	9.2655E-01
3.5510E+03	0.0000E+00	0.0000E+00	9.2219E-01
3.5520E+03	0.0000E+00	0.0000E+00	9.1992E-01
3.5530E+03	0.0000E+00	0.0000E+00	9.1946E-01
3.5540E+03	0.0000E+00	0.0000E+00	9.2055E-01
3.5550E+03	0.0000E+00	0.0000E+00	9.2328E-01
3.5560E+03	0.0000E+00	0.0000E+00	9.2319E-01
3.5570E+03	0.0000E+00	0.0000E+00	9.2101E-01
3.5580E+03	0.0000E+00	0.0000E+00	9.2274E-01
3.5590E+03	0.0000E+00	0.0000E+00	9.2246E-01
3.5600E+03	0.0000E+00	0.0000E+00	9.2310E-01
3.5610E+03	0.0000E+00	0.0000E+00	9.2092E-01
3.5620E+03	0.0000E+00	0.0000E+00	9.2437E-01
3.5630E+03	0.0000E+00	0.0000E+00	9.2419E-01
3.5640E+03	0.0000E+00	0.0000E+00	9.2401E-01
3.5650E+03	0.0000E+00	0.0000E+00	9.2319E-01
3.5660E+03	0.0000E+00	0.0000E+00	9.2592E-01
3.5670E+03	0.0000E+00	0.0000E+00	9.2301E-01
3.5680E+03	0.0000E+00	0.0000E+00	9.2046E-01
3.5690E+03	0.0000E+00	0.0000E+00	9.2246E-01
3.5700E+03	0.0000E+00	0.0000E+00	9.1919E-01
3.5710E+03	0.0000E+00	0.0000E+00	9.2283E-01
3.5720E+03	0.0000E+00	0.0000E+00	9.1892E-01
3.5730E+03	0.0000E+00	0.0000E+00	9.1537E-01
3.5740E+03	0.0000E+00	0.0000E+00	9.0719E-01
3.5750E+03	0.0000E+00	0.0000E+00	9.0855E-01
3.5760E+03	0.0000E+00	0.0000E+00	9.0537E-01
3.5770E+03	0.0000E+00	0.0000E+00	9.0692E-01
3.5780E+03	0.0000E+00	0.0000E+00	9.0455E-01
3.5790E+03	0.0000E+00	0.0000E+00	9.0928E-01
3.5800E+03	0.0000E+00	0.0000E+00	9.0910E-01
3.5810E+03	0.0000E+00	0.0000E+00	9.1210E-01
3.5820E+03	0.0000E+00	0.0000E+00	9.1301E-01
3.5830E+03	0.0000E+00	0.0000E+00	9.1383E-01
3.5840E+03	0.0000E+00	0.0000E+00	9.1410E-01
3.5850E+03	0.0000E+00	0.0000E+00	9.1246E-01
3.5860E+03	0.0000E+00	0.0000E+00	9.1255E-01
3.5870E+03	0.0000E+00	0.0000E+00	9.1328E-01
3.5880E+03	0.0000E+00	0.0000E+00	9.1446E-01
3.5890E+03	0.0000E+00	0.0000E+00	9.1383E-01
3.5900E+03	0.0000E+00	0.0000E+00	9.1428E-01
3.5910E+03	0.0000E+00	0.0000E+00	9.1283E-01
3.5920E+03	0.0000E+00	0.0000E+00	9.1274E-01
3.5930E+03	0.0000E+00	0.0000E+00	9.1383E-01
3.5940E+03	0.0000E+00	0.0000E+00	9.1501E-01
3.5950E+03	0.0000E+00	0.0000E+00	9.1355E-01
3.5960E+03	0.0000E+00	0.0000E+00	9.1355E-01
3.5970E+03	0.0000E+00	0.0000E+00	9.1101E-01
3.5980E+03	0.0000E+00	0.0000E+00	9.1419E-01
3.5990E+03	0.0000E+00	0.0000E+00	9.1101E-01
3.6000E+03	0.0000E+00	0.0000E+00	9.1183E-01
3.6010E+03	0.0000E+00	0.0000E+00	9.0937E-01
3.6020E+03	0.0000E+00	0.0000E+00	9.1228E-01
3.6030E+03	0.0000E+00	0.0000E+00	9.1101E-01
3.6040E+03	0.0000E+00	0.0000E+00	9.1019E-01
3.6050E+03	0.0000E+00	0.0000E+00	9.1055E-01
3.6060E+03	0.0000E+00	0.0000E+00	9.0819E-01
3.6070E+03	0.0000E+00	0.0000E+00	9.1383E-01
3.6080E+03	0.0000E+00	0.0000E+00	9.1619E-01
3.6090E+03	0.0000E+00	0.0000E+00	9.1555E-01
3.6100E+03	0.0000E+00	0.0000E+00	9.2010E-01
3.6110E+03	0.0000E+00	0.0000E+00	9.2028E-01
3.6120E+03	0.0000E+00	0.0000E+00	9.2301E-01
3.6130E+03	0.0000E+00	0.0000E+00	9.2674E-01
3.6140E+03	0.0000E+00	0.0000E+00	9.3083E-01
3.6150E+03	0.0000E+00	0.0000E+00	9.2483E-01
3.6160E+03	0.0000E+00	0.0000E+00	9.2110E-01
3.6170E+03	0.0000E+00	0.0000E+00	9.2337E-01
3.6180E+03	0.0000E+00	0.0000E+00	9.2392E-01
3.6190E+03	0.0000E+00	0.0000E+00	9.2346E-01
3.6200E+03	0.0000E+00	0.0000E+00	9.2501E-01
3.6210E+03	0.0000E+00	0.0000E+00	9.2301E-01
3.6220E+03	0.0000E+00	0.0000E+00	9.1701E-01
3.6230E+03	0.0000E+00	0.0000E+00	9.1692E-01
3.6240E+03	0.0000E+00	0.0000E+00	9.1601E-01
3.6250E+03	0.0000E+00	0.0000E+00	9.1537E-01
3.6260E+03	0.0000E+00	0.0000E+00	9.2174E-01
3.6270E+03	0.0000E+00	0.0000E+00	9.2228E-01
3.6280E+03	0.0000E+00	0.0000E+00	9.2019E-01
3.6290E+03	0.0000E+00	0.0000E+00	9.2046E-01
3.6300E+03	0.0000E+00	0.0000E+00	9.2128E-01
3.6310E+03	0.0000E+00	0.0000E+00	9.2392E-01
3.6320E+03	0.0000E+00	0.0000E+00	9.2446E-01
3.6330E+03	0.0000E+00	0.0000E+00	9.2619E-01
3.6340E+03	0.0000E+00	0.0000E+00	9.2610E-01
3.6350E+03	0.0000E+00	0.0000E+00	9.2710E-01
3.6360E+03	0.0000E+00	0.0000E+00	9.2801E-01
3.6370E+03	0.0000E+00	0.0000E+00	9.3274E-01
3.6380E+03	0.0000E+00	0.0000E+00	9.3119E-01
3.6390E+03	0.0000E+00	0.0000E+00	9.3137E-01
3.6400E+03	0.0000E+00	0.0000E+00	9.2474E-01
3.6410E+03	0.0000E+00	0.0000E+00	9.2746E-01
3.6420E+03	0.0000E+00	0.0000E+00	9.2474E-01
3.6430E+03	0.0000E+00	0.0000E+00	9.2274E-01
3.6440E+03	0.0000E+00	0.0000E+00	9.2155E-01
3.6450E+03	0.0000E+00	0.0000E+00	9.2283E-01
3.6460E+03	0.0000E+00	0.0000E+00	9.2274E-01
3.6470E+03	0.0000E+00	0.0000E+00	9.2055E-01
3.6480E+03	0.0000E+00	0.0000E+00	9.1592E-01
3.6490E+03	0.0000E+00	0.0000E+00	9.1201E-01
3.6500E+03	0.0000E+00	0.0000E+00	9.0592E-01
3.6510E+03	0.0000E+00	0.0000E+00	9.0201E-01
3.6520E+03	0.0000E+00	0.0000E+00	9.0074E-01
3.6530E+03	0.0000E+00	0.0000E+00	8.9892E-01
3.6540E+03	0.0000E+00	0.0000E+00	8.9955E-01
3.6550E+03	0.0000E+00	0.0000E+00	8.9592E-01
3.6560E+03	0.0000E+00	0.0000E+00	8.9492E-01
3.6570E+03	0.0000E+00	0.0000E+00	8.9537E-01
3.6580E+03	0.0000E+00	0.0000E+00	8.9546E-01
3.6590E+03	0.0000E+00	0.0000E+00	8.9810E-01
3.6600E+03	0.0000E+00	0.0000E+00	8.9946E-01
3.6610E+03	0.0000E+00	0.0000E+00	9.0492E-01
3.6620E+03	0.0000E+00	0.0000E+00	9.0328E-01
3.6630E+03	0.0000E+00	0.0000E+00	8.9983E-01
3.6640E+03	0.0000E+00	0.0000E+00	9.0355E-01
3.6650E+03	0.0000E+00	0.0000E+00	9.0246E-01
3.6660E+03	0.0000E+00	0.0000E+00	9.0310E-01
3.6670E+03	0.0000E+00	0.0000E+00	8.9883E-01
3.6680E+03	0.0000E+00	0.0000E+00	8.9855E-01
3.6690E+03	0.0000E+00	0.0000E+00	8.9783E-01
3.6700E+03	0.0000E+00	0.0000E+00	8.9783E-01
3.6710E+03	0.0000E+00	0.0000E+00	8.9492E-01
3.6720E+03	0.0000E+00	0.0000E+00	8.9419E-01
3.6730E+03	0.0000E+00	0.0000E+00	8.9428E-01
3.6740E+03	0.0000E+00	0.0000E+00	8.9328E-01
3.6750E+03	0.0000E+00	0.0000E+00	8.9383E-01
3.6760E+03	0.0000E+00	0.0000E+00	8.9192E-01
3.6770E+03	0.0000E+00	0.0000E+00	8.9319E-01
3.6780E+03	0.0000E+00	0.0000E+00	8.9401E-01
3.6790E+03	0.0000E+00	0.0000E+00	8.9228E-01
3.6800E+03	0.0000E+00	0.0000E+00	8.9174E-01
3.6810E+03	0.0000E+00	0.0000E+00	8.9137E-01
3.6820E+03	0.0000E+00	0.0000E+00	8.9174E-01
3.6830E+03	0.0000E+00	0.0000E+00	8.8910E-01
3.6840E+03	0.0000E+00	0.0000E+00	8.9319E-01
3.6850E+03	0.0000E+00	0.0000E+00	8.9492E-01
3.6860E+03	0.0000E+00	0.0000E+00	8.9637E-01
3.6870E+03	0.0000E+00	0.0000E+00	8.9274E-01
3.6880E+03	0.0000E+00	0.0000E+00	8.9810E-01
3.6890E+03	0.0000E+00	0.0000E+00	8.9310E-01
3.6900E+03	0.0000E+00	0.0000E+00	8.9492E-01
3.6910E+03	0.0000E+00	0.0000E+00	8.9819E-01
3.6920E+03	0.0000E+00	0.0000E+00	8.9892E-01
3.6930E+03	0.0000E+00	0.0000E+00	9.0019E-01
3.6940E+03	0.0000E+00	0.0000E+00	9.0137E-01
3.6950E+03	0.0000E+00	0.0000E+00	9.0028E-01
3.6960E+03	0.0000E+00	0.0000E+00	8.9855E-01
3.6970E+03	0.0000E+00	0.0000E+00	8.9537E-01
3.6980E+03	0.0000E+00	0.0000E+00	8.9192E-01
3.6990E+03	0.0000E+00	0.0000E+00	8.9728E-01
3.7000E+03	0.0000E+00	0.0000E+00	9.0101E-01
3.7010E+03	0.0000E+00	0.0000E+00	8.9946E-01
3.7020E+03	0.0000E+00	0.0000E+00	9.0255E-01
3.7030E+03	0.0000E+00	0.0000E+00	9.0037E-01
3.7040E+03	0.0000E+00	0.0000E+00	8.9955E-01
3.7050E+03	0.0000E+00	0.0000E+00	9.0110E-01
3.7060E+03	0.0000E+00	0.0000E+00	9.0410E-01
3.7070E+03	0.0000E+00	0.0000E+00	9.0674E-01
3.7080E+03	0.0000E+00	0.0000E+00	9.0683E-01
3.7090E+03	0.0000E+00	0.0000E+00	9.0837E-01
3.7100E+03	0.0000E+00	0.0000E+00	9.1174E-01
3.7110E+03	0.0000E+00	0.0000E+00	9.1410E-01
3.7120E+03	0.0000E+00	0.0000E+00	9.1146E-01
3.7130E+03	0.0000E+00	0.0000E+00	9.1083E-01
3.7140E+03	0.0000E+00	0.0000E+00	9.1119E-01
3.7150E+03	0.0000E+00	0.0000E+00	9.1301E-01
3.7160E+03	0.0000E+00	0.0000E+00	9.1146E-01
3.7170E+03	0.0000E+00	0.0000E+00	9.0883E-01
3.7180E+03	0.0000E+00	0.0000E+00	9.0328E-01
3.7190E+03	0.0000E+00	0.0000E+00	9.0074E-01
3.7200E+03	0.0000E+00	0.0000E+00	8.9737E-01
3.7210E+03	0.0000E+00	0.0000E+00	8.9592E-01
3.7220E+03	0.0000E+00	0.0000E+00	8.9637E-01
3.7230E+03	0.0000E+00	0.0000E+00	8.9601E-01
3.7240E+03	0.0000E+00	0.0000E+00	8.9610E-01
3.7250E+03	0.0000E+00	0.0000E+00	9.0019E-01
3.7260E+03	0.0000E+00	0.0000E+00	9.0983E-01
3.7270E+03	0.0000E+00	0.0000E+00	9.1328E-01
3.7280E+03	0.0000E+00	0.0000E+00	9.1374E-01
3.7290E+03	0.0000E+00	0.0000E+00	9.1110E-01
3.7300E+03	0.0000E+00	0.0000E+00	9.1510E-01
3.7310E+03	0.0000E+00	0.0000E+00	9.1546E-01
3.7320E+03	0.0000E+00	0.0000E+00	9.1592E-01
3.7330E+03	0.0000E+00	0.0000E+00	9.1992E-01
3.7340E+03	0.0000E+00	0.0000E+00	9.1883E-01
3.7350E+03	0.0000E+00	0.0000E+00	9.1446E-01
3.7360E+03	0.0000E+00	0.0000E+00	9.1792E-01
3.7370E+03	0.0000E+00	0.0000E+00	9.1874E-01
3.7380E+03	0.0000E+00	0.0000E+00	9.2128E-01
3.7390E+03	0.0000E+00	0.0000E+00	9.1937E-01
3.7400E+03	0.0000E+00	0.0000E+00	9.2219E-01
3.7410E+03	0.0000E+00	0.0000E+00	9.1819E-01
3.7420E+03	0.0000E+00	0.0000E+00	9.1455E-01
3.7430E+03	0.0000E+00	0.0000E+00	9.0828E-01
3.7440E+03	0.0000E+00	0.0000E+00	9.0437E-01
3.7450E+03	0.0000E+00	0.0000E+00	9.0237E-01
3.7460E+03	0.0000E+00	0.0000E+00	9.0146E-01
3.7470E+03	0.0000E+00	0.0000E+00	9.0637E-01
3.7480E+03	0.0000E+00	0.0000E+00	9.1074E-01
3.7490E+03	0.0000E+00	0.0000E+00	9.1283E-01
3.7500E+03	0.0000E+00	0.0000E+00	9.1483E-01
3.7510E+03	0.0000E+00	0.0000E+00	9.1219E-01
3.7520E+03	0.0000E+00	0.0000E+00	9.1074E-01
3.7530E+03	0.0000E+00	0.0000E+00	9.1055E-01
3.7540E+03	0.0000E+00	0.0000E+00	9.1128E-01
3.7550E+03	0.0000E+00	0.0000E+00	9.1446E-01
3.7560E+03	0.0000E+00	0.0000E+00	9.1828E-01
3.7570E+03	0.0000E+00	0.0000E+00	9.2601E-01
3.7580E+03	0.0000E+00	0.0000E+00	9.2437E-01
3.7590E+03	0.0000E+00	0.0000E+00	9.2901E-01
3.7600E+03	0.0000E+00	0.0000E+00	9.3083E-01
3.7610E+03	0.0000E+00	0.0000E+00	9.3346E-01
3.7620E+03	0.0000E+00	0.0000E+00	9.3555E-01
3.7630E+03	0.0000E+00	0.0000E+00	9.4246E-01
3.7640E+03	0.0000E+00	0.0000E+00	9.4292E-01
3.7650E+03	0.0000E+00	0.0000E+00	9.4719E-01
3.7660E+03	0.0000E+00	0.0000E+00	9.4574E-01
3.7670E+03	0.0000E+00	0.0000E+00	9.4946E-01
3.7680E+03	0.0000E+00	0.0000E+00	9.5674E-01
3.7690E+03	0.0000E+00	0.0000E+00	9.5792E-01
3.7700E+03	0.0000E+00	0.0000E+00	9.5928E-01
3.7710E+03	0.0000E+00	0.0000E+00	9.6074E-01
3.7720E+03	0.0000E+00	0.0000E+00	9.6119E-01
3.7730E+03	0.0000E+00	0.0000E+00	9.6192E-01
3.7740E+03	0.0000E+00	0.0000E+00	9.6292E-01
3.7750E+03	0.0000E+00	0.0000E+00	9.6246E-01
3.7760E+03	0.0000E+00	0.0000E+00	9.6510E-01
3.7770E+03	0.0000E+00	0.0000E+00	9.6155E-01
3.7780E+03	0.0000E+00	0.0000E+00	9.6619E-01
3.7790E+03	0.0000E+00	0.0000E+00	9.6701E-01
3.7800E+03	0.0000E+00	0.0000E+00	9.6046E-01
3.7810E+03	0.0000E+00	0.0000E+00	9.6274E-01
3.7820E+03	0.0000E+00	0.0000E+00	9.5828E-01
3.7830E+03	0.0000E+00	0.0000E+00	9.5674E-01
3.7840E+03	0.0000E+00	0.0000E+00	9.5355E-01
3.7850E+03	0.0000E+00	0.0000E+00	9.5110E-01
3.7860E+03	0.0000E+00	0.0000E+00	9.5183E-01
3.7870E+03	0.0000E+00	0.0000E+00	9.5119E-01
3.7880E+03	0.0000E+00	0.0000E+00	9.4683E-01
3.7890E+03	0.0000E+00	0.0000E+00	9.4210E-01
3.7900E+03	0.0000E+00	0.0000E+00	9.4083E-01
3.7910E+03	0.0000E+00	0.0000E+00	9.4037E-01
3.7920E+03	0.0000E+00	0.0000E+00	9.3974E-01
3.7930E+03	0.0000E+00	0.0000E+00	9.4092E-01
3.7940E+03	0.0000E+00	0.0000E+00	9.4046E-01
3.7950E+03	0.0000E+00	0.0000E+00	9.4101E-01
3.7960E+03	0.0000E+00	0.0000E+00	9.4128E-01
3.7970E+03	0.0000E+00	0.0000E+00	9.3855E-01
3.7980E+03	0.0000E+00	0.0000E+00	9.3792E-01
3.7990E+03	0.0000E+00	0.0000E+00	9.3646E-01
3.8000E+03	0.0000E+00	0.0000E+00	9.3528E-01
3.8010E+03	0.0000E+00	0.0000E+00	9.3192E-01
3.8020E+03	0.0000E+00	0.0000E+00	9.3337E-01
3.8030E+03	0.0000E+00	0.0000E+00	9.3619E-01
3.8040E+03	0.0000E+00	0.0000E+00	9.3492E-01
3.8050E+03	0.0000E+00	0.0000E+00	9.3437E-01
3.8060E+03	0.0000E+00	0.0000E+00	9.3346E-01
3.8070E+03	0.0000E+00	0.0000E+00	9.3210E-01
3.8080E+03	0.0000E+00	0.0000E+00	9.3474E-01
3.8090E+03	0.0000E+00	0.0000E+00	9.3183E-01
3.8100E+03	0.0000E+00	0.0000E+00	9.3001E-01
3.8110E+03	0.0000E+00	0.0000E+00	9.3174E-01
3.8120E+03	0.0000E+00	0.0000E+00	9.3055E-01
3.8130E+03	0.0000E+00	0.0000E+00	9.2401E-01
3.8140E+03	0.0000E+00	0.0000E+00	9.2037E-01
3.8150E+03	0.0000E+00	0.0000E+00	9.1374E-01
3.8160E+03	0.0000E+00	0.0000E+00	9.1019E-01
3.8170E+03	0.0000E+00	0.0000E+00	9.0919E-01
3.8180E+03	0.0000E+00	0.0000E+00	9.1010E-01
3.8190E+03	0.0000E+00	0.0000E+00	9.1210E-01
3.8200E+03	0.0000E+00	0.0000E+00	9.1328E-01
3.8210E+03	0.0000E+00	0.0000E+00	9.1155E-01
3.8220E+03	0.0000E+00	0.0000E+00	9.1292E-01
3.8230E+03	0.0000E+00	0.0000E+00	9.1410E-01
3.8240E+03	0.0000E+00	0.0000E+00	9.0974E-01
3.8250E+03	0.0000E+00	0.0000E+00	9.1046E-01
3.8260E+03	0.0000E+00	0.0000E+00	9.1055E-01
3.8270E+03	0.0000E+00	0.0000E+00	9.1274E-01
3.8280E+03	0.0000E+00	0.0000E+00	9.1474E-01
3.8290E+03	0.0000E+00	0.0000E+00	9.1374E-01
3.8300E+03	0.0000E+00	0.0000E+00	9.1246E-01
3.8310E+03	0.0000E+00	0.0000E+00	9.1319E-01
3.8320E+03	0.0000E+00	0.0000E+00	9.1074E-01
3.8330E+03	0.0000E+00	0.0000E+00	9.1010E-01
3.8340E+03	0.0000E+00	0.0000E+00	9.0810E-01
3.8350E+03	0.0000E+00	0.0000E+00	9.1183E-01
3.8360E+03	0.0000E+00	0.0000E+00	9.1028E-01
3.8370E+03	0.0000E+00	0.0000E+00	9.0874E-01
3.8380E+03	0.0000E+00	0.0000E+00	9.0646E-01
3.8390E+03	0.0000E+00	0.0000E+00	9.0746E-01
3.8400E+03	0.0000E+00	0.0000E+00	9.0537E-01
3.8410E+03	0.0000E+00	0.0000E+00	9.1037E-01
3.8420E+03	0.0000E+00	0.0000E+00	9.0774E-01
3.8430E+03	0.0000E+00	0.0000E+00	9.0737E-01
3.8440E+03	0.0000E+00	0.0000E+00	9.0837E-01
3.8450E+03	0.0000E+00	0.0000E+00	9.0946E-01
3.8460E+03	0.0000E+00	0.0000E+00	9.0874E-01
3.8470E+03	0.0000E+00	0.0000E+00	9.1019E-01
3.8480E+03	0.0000E+00	0.0000E+00	9.0992E-01
3.8490E+03	0.0000E+00	0.0000E+00	9.0901E-01
3.8500E+03	0.0000E+00	0.0000E+00	9.0919E-01
3.8510E+03	0.0000E+00	0.0000E+00	9.1037E-01
3.8520E+03	0.0000E+00	0.0000E+00	9.0946E-01
3.8530E+03	0.0000E+00	0.0000E+00	9.1101E-01
3.8540E+03	0.0000E+00	0.0000E+00	9.1055E-01
3.8550E+03	0.0000E+00	0.0000E+00	9.1037E-01
3.8560E+03	0.0000E+00	0.0000E+00	9.0983E-01
3.8570E+03	0.0000E+00	0.0000E+00	9.0710E-01
3.8580E+03	0.0000E+00	0.0000E+00	9.0783E-01
3.8590E+03	0.0000E+00	0.0000E+00	9.1074E-01
3.8600E+03	0.0000E+00	0.0000E+00	9.1092E-01
3.8610E+03	0.0000E+00	0.0000E+00	9.0792E-01
3.8620E+03	0.0000E+00	0.0000E+00	9.0646E-01
3.8630E+03	0.0000E+00	0.0000E+00	9.0446E-01
3.8640E+03	0.0000E+00	0.0000E+00	9.0583E-01
3.8650E+03	0.0000E+00	0.0000E+00	9.0901E-01
3.8660E+03	0.0000E+00	0.0000E+00	9.0837E-01
3.8670E+03	0.0000E+00	0.0000E+00	9.1046E-01
3.8680E+03	0.0000E+00	0.0000E+00	9.0901E-01
3.8690E+03	0.0000E+00	0.0000E+00	9.1037E-01
3.8700E+03	0.0000E+00	0.0000E+00	9.0701E-01
3.8710E+03	0.0000E+00	0.0000E+00	9.0646E-01
3.8720E+03	0.0000E+00	0.0000E+00	9.0646E-01
3.8730E+03	0.0000E+00	0.0000E+00	9.0483E-01
3.8740E+03	0.0000E+00	0.0000E+00	9.0737E-01
3.8750E+03	0.0000E+00	0.0000E+00	9.0474E-01
3.8760E+03	0.0000E+00	0.0000E+00	9.0574E-01
3.8770E+03	0.0000E+00	0.0000E+00	9.0528E-01
3.8780E+03	0.0000E+00	0.0000E+00	9.0701E-01
3.8790E+03	0.0000E+00	0.0000E+00	9.0646E-01
3.8800E+03	0.0000E+00	0.0000E+00	9.0555E-01
3.8810E+03	0.0000E+00	0.0000E+00	9.0574E-01
3.8820E+03	0.0000E+00	0.0000E+00	9.0319E-01
3.8830E+03	0.0000E+00	0.0000E+00	9.0801E-01
3.8840E+03	0.0000E+00	0.0000E+00	9.0583E-01
3.8850E+03	0.0000E+00	0.0000E+00	9.0046E-01
3.8860E+03	0.0000E+00	0.0000E+00	8.9692E-01
3.8870E+03	0.0000E+00	0.0000E+00	8.9446E-01
3.8880E+03	0.0000E+00	0.0000E+00	8.8937E-01
3.8890E+03	0.0000E+00	0.0000E+00	8.8819E-01
3.8900E+03	0.0000E+00	0.0000E+00	8.8774E-01
3.8910E+03	0.0000E+00	0.0000E+00	8.8837E-01
3.8920E+03	0.0000E+00	0.0000E+00	8.9528E-01
3.8930E+03	0.0000E+00	0.0000E+00	8.9855E-01
3.8940E+03	0.0000E+00	0.0000E+00	9.0528E-01
3.8950E+03	0.0000E+00	0.0000E+00	9.0283E-01
3.8960E+03	0.0000E+00	0.0000E+00	9.0355E-01
3.8970E+03	0.0000E+00	0.0000E+00	9.0392E-01
3.8980E+03	0.0000E+00	0.0000E+00	9.0555E-01
3.8990E+03	0.0000E+00	0.0000E+00	9.0828E-01
3.9000E+03	0.0000E+00	0.0000E+00	9.1110E-01
3.9010E+03	0.0000E+00	0.0000E+00	9.1183E-01
3.9020E+03	0.0000E+00	0.0000E+00	9.1101E-01
3.9030E+03	0.0000E+00	0.0000E+00	9.1210E-01
3.9040E+03	0.0000E+00	0.0000E+00	9.0819E-01
3.9050E+03	0.0000E+00	0.0000E+00	9.0719E-01
3.9060E+03	0.0000E+00	0.0000E+00	9.0819E-01
3.9070E+03	0.0000E+00	0.0000E+00	9.1001E-01
3.9080E+03	0.0000E+00	0.0000E+00	9.0701E-01
3.9090E+03	0.0000E+00	0.0000E+00	9.0410E-01
3.9100E+03	0.0000E+00	0.0000E+00	8.9755E-01
3.9110E+03	0.0000E+00	0.0000E+00	8.9974E-01
3.9120E+03	0.0000E+00	0.0000E+00	8.9528E-01
3.9130E+03	0.0000E+00	0.0000E+00	8.9355E-01
3.9140E+03	0.0000E+00	0.0000E+00	8.9592E-01
3.9150E+03	0.0000E+00	0.0000E+00	9.0292E-01
3.9160E+03	0.0000E+00	0.0000E+00	9.0583E-01
3.9170E+03	0.0000E+00	0.0000E+00	9.0755E-01
3.9180E+03	0.0000E+00	0.0000E+00	9.1283E-01
3.9190E+03	0.0000E+00	0.0000E+00	9.1274E-01
3.9200E+03	0.0000E+00	0.0000E+00	9.1483E-01
3.9210E+03	0.0000E+00	0.0000E+00	9.1310E-01
3.9220E+03	0.0000E+00	0.0000E+00	9.1510E-01
3.9230E+03	0.0000E+00	0.0000E+00	9.1637E-01
3.9240E+03	0.0000E+00	0.0000E+00	9.1874E-01
3.9250E+03	0.0000E+00	0.0000E+00	9.1801E-01
3.9260E+03	0.0000E+00	0.0000E+00	9.1019E-01
3.9270E+03	0.0000E+00	0.0000E+00	9.0374E-01
3.9280E+03	0.0000E+00	0.0000E+00	8.9537E-01
3.9290E+03	0.0000E+00	0.0000E+00	8.8846E-01
3.9300E+03	0.0000E+00	0.0000E+00	8.8719E-01
3.9310E+03	0.0000E+00	0.0000E+00	8.8483E-01
3.9320E+03	0.0000E+00	0.0000E+00	8.8501E-01
3.9330E+03	0.0000E+00	0.0000E+00	8.8210E-01
3.9340E+03	0.0000E+00	0.0000E+00	8.7792E-01
3.9350E+03	0.0000E+00	0.0000E+00	8.7592E-01
3.9360E+03	0.0000E+00	0.0000E+00	8.7292E-01
3.9370E+03	0.0000E+00	0.0000E+00	8.7174E-01
3.9380E+03	0.0000E+00	0.0000E+00	8.7101E-01
3.9390E+03	0.0000E+00	0.0000E+00	8.7083E-01
3.9400E+03	0.0000E+00	0.0000E+00	8.7110E-01
3.9410E+03	0.0000E+00	0.0000E+00	8.6837E-01
3.9420E+03	0.0000E+00	0.0000E+00	8.7055E-01
3.9430E+03	0.0000E+00	0.0000E+00	8.6919E-01
3.9440E+03	0.0000E+00	0.0000E+00	8.6919E-01
3.9450E+03	0.0000E+00	0.0000E+00	8.6992E-01
3.9460E+03	0.0000E+00	0.0000E+00	8.7310E-01
3.9470E+03	0.0000E+00	0.0000E+00	8.7483E-01
3.9480E+03	0.0000E+00	0.0000E+00	8.7574E-01
3.9490E+03	0.0000E+00	0.0000E+00	8.7801E-01
3.9500E+03	0.0000E+00	0.0000E+00	8.7710E-01
3.9510E+03	0.0000E+00	0.0000E+00	8.7846E-01
3.9520E+03	0.0000E+00	0.0000E+00	8.7419E-01
3.9530E+03	0.0000E+00	0.0000E+00	8.7274E-01
3.9540E+03	0.0000E+00	0.0000E+00	8.7174E-01
3.9550E+03	0.0000E+00	0.0000E+00	8.7210E-01
3.9560E+03	0.0000E+00	0.0000E+00	8.6928E-01
3.9570E+03	0.0000E+00	0.0000E+00	8.6610E-01
3.9580E+03	0.0000E+00	0.0000E+00	8.6783E-01
3.9590E+03	0.0000E+00	0.0000E+00	8.6392E-01
3.9600E+03	0.0000E+00	0.0000E+00	8.6374E-01
3.9610E+03	0.0000E+00	0.0000E+00	8.6192E-01
3.9620E+03	0.0000E+00	0.0000E+00	8.6183E-01
3.9630E+03	0.0000E+00	0.0000E+00	8.6092E-01
3.9640E+03	0.0000E+00	0.0000E+00	8.5946E-01
3.9650E+03	0.0000E+00	0.0000E+00	8.5955E-01
3.9660E+03	0.0000E+00	0.0000E+00	8.6210E-01
3.9670E+03	0.0000E+00	0.0000E+00	8.6128E-01
3.9680E+03	0.0000E+00	0.0000E+00	8.6219E-01
3.9690E+03	0.0000E+00	0.0000E+00	8.6310E-01
3.9700E+03	0.0000E+00	0.0000E+00	8.6919E-01
3.9710E+03	0.0000E+00	0.0000E+00	8.7183E-01
3.9720E+03	0.0000E+00	0.0000E+00	8.7355E-01
3.9730E+03	0.0000E+00	0.0000E+00	8.7774E-01
3.9740E+03	0.0000E+00	0.0000E+00	8.7746E-01
3.9750E+03	0.0000E+00	0.0000E+00	8.7910E-01
3.9760E+03	0.0000E+00	0.0000E+00	8.8346E-01
3.9770E+03	0.0000E+00	0.0000E+00	8.7946E-01
3.9780E+03	0.0000E+00	0.0000E+00	8.8101E-01
3.9790E+03	0.0000E+00	0.0000E+00	8.7928E-01
3.9800E+03	0.0000E+00	0.0000E+00	8.7774E-01
3.9810E+03	0.0000E+00	0.0000E+00	8.7483E-01
3.9820E+03	0.0000E+00	0.0000E+00	8.6928E-01
3.9830E+03	0.0000E+00	0.0000E+00	8.6810E-01
3.9840E+03	0.0000E+00	0.0000E+00	8.6474E-01
3.9850E+03	0.0000E+00	0.0000E+00	8.6274E-01
3.9860E+03	0.0000E+00	0.0000E+00	8.6446E-01
3.9870E+03	0.0000E+00	0.0000E+00	8.6392E-01
3.9880E+03	0.0000E+00	0.0000E+00	8.7101E-01
3.9890E+03	0.0000E+00	0.0000E+00	8.7583E-01
3.9900E+03	0.0000E+00	0.0000E+00	8.8146E-01
3.9910E+03	0.0000E+00	0.0000E+00	8.8555E-01
3.9920E+03	0.0000E+00	0.0000E+00	8.8910E-01
3.9930E+03	0.0000E+00	0.0000E+00	8.8828E-01
3.9940E+03	0.0000E+00	0.0000E+00	8.9210E-01
3.9950E+03	0.0000E+00	0.0000E+00	8.9483E-01
3.9960E+03	0.0000E+00	0.0000E+00	8.9619E-01
3.9970E+03	0.0000E+00	0.0000E+00	8.9592E-01
3.9980E+03	0.0000E+00	0.0000E+00	8.9792E-01
3.9990E+03	0.0000E+00	0.0000E+00	8.9755E-01
4.0000E+03	0.0000E+00	0.0000E+00	8.9528E-01
4.0010E+03	0.0000E+00	0.0000E+00	8.9855E-01
4.0020E+03	0.0000E+00	0.0000E+00	8.9528E-01
4.0030E+03	0.0000E+00	0.0000E+00	8.9483E-01
4.0040E+03	0.0000E+00	0.0000E+00	8.9519E-01
4.0050E+03	0.0000E+00	0.0000E+00	8.8728E-01
4.0060E+03	0.0000E+00	0.0000E+00	8.7937E-01
4.0070E+03	0.0000E+00	0.0000E+00	8.7010E-01
4.0080E+03	0.0000E+00	0.0000E+00	8.6946E-01
4.0090E+03	0.0000E+00	0.0000E+00	8.6546E-01
4.0100E+03	0.0000E+00	0.0000E+00	8.6328E-01
4.0110E+03	0.0000E+00	0.0000E+00	8.6128E-01
4.0120E+03	0.0000E+00	0.0000E+00	8.6337E-01
4.0130E+03	0.0000E+00	0.0000E+00	8.6283E-01
4.0140E+03	0.0000E+00	0.0000E+00	8.6201E-01
4.0150E+03	0.0000E+00	0.0000E+00	8.6328E-01
4.0160E+03	0.0000E+00	0.0000E+00	8.6701E-01
4.0170E+03	0.0000E+00	0.0000E+00	8.7101E-01
4.0180E+03	0.0000E+00	0.0000E+00	8.7837E-01
4.0190E+03	0.0000E+00	0.0000E+00	8.8374E-01
4.0200E+03	0.0000E+00	0.0000E+00	8.8519E-01
4.0210E+03	0.0000E+00	0.0000E+00	8.8492E-01
4.0220E+03	0.0000E+00	0.0000E+00	8.8555E-01
4.0230E+03	0.0000E+00	0.0000E+00	8.8437E-01
4.0240E+03	0.0000E+00	0.0000E+00	8.8737E-01
4.0250E+03	0.0000E+00	0.0000E+00	8.8946E-01
4.0260E+03	0.0000E+00	0.0000E+00	8.8955E-01
4.0270E+03	0.0000E+00	0.0000E+00	8.8828E-01
4.0280E+03	0.0000E+00	0.0000E+00	8.8646E-01
4.0290E+03	0.0000E+00	0.0000E+00	8.8955E-01
4.0300E+03	0.0000E+00	0.0000E+00	8.8455E-01
4.0310E+03	0.0000E+00	0.0000E+00	8.8101E-01
4.0320E+03	0.0000E+00	0.0000E+00	8.7737E-01
4.0330E+03	0.0000E+00	0.0000E+00	8.7474E-01
4.0340E+03	0.0000E+00	0.0000E+00	8.7383E-01
4.0350E+03	0.0000E+00	0.0000E+00	8.8201E-01
4.0360E+03	0.0000E+00	0.0000E+00	8.9437E-01
4.0370E+03	0.0000E+00	0.0000E+00	9.0501E-01
4.0380E+03	0.0000E+00	0.0000E+00	9.0837E-01
4.0390E+03	0.0000E+00	0.0000E+00	9.1646E-01
4.0400E+03	0.0000E+00	0.0000E+00	9.2028E-01
4.0410E+03	0.0000E+00	0.0000E+00	9.2355E-01
4.0420E+03	0.0000E+00	0.0000E+00	9.2874E-01
4.0430E+03	0.0000E+00	0.0000E+00	9.3010E-01
4.0440E+03	0.0000E+00	0.0000E+00	9.2646E-01
4.0450E+03	0.0000E+00	0.0000E+00	9.2483E-01
4.0460E+03	0.0000E+00	0.0000E+00	9.2274E-01
4.0470E+03	0.0000E+00	0.0000E+00	9.2537E-01
4.0480E+03	0.0000E+00	0.0000E+00	9.2483E-01
4.0490E+03	0.0000E+00	0.0000E+00	9.2319E-01
4.0500E+03	0.0000E+00	0.0000E+00	9.2301E-01
4.0510E+03	0.0000E+00	0.0000E+00	9.2501E-01
4.0520E+03	0.0000E+00	0.0000E+00	9.2510E-01
4.0530E+03	0.0000E+00	0.0000E+00	9.1974E-01
4.0540E+03	0.0000E+00	0.0000E+00	9.1701E-01
4.0550E+03	0.0000E+00	0.0000E+00	9.1355E-01
4.0560E+03	0.0000E+00	0.0000E+00	9.1301E-01
4.0570E+03	0.0000E+00	0.0000E+00	9.1155E-01
4.0580E+03	0.0000E+00	0.0000E+00	9.1310E-01
4.0590E+03	0.0000E+00	0.0000E+00	9.1528E-01
4.0600E+03	0.0000E+00	0.0000E+00	9.2046E-01
4.0610E+03	0.0000E+00	0.0000E+00	9.2401E-01
4.0620E+03	0.0000E+00	0.0000E+00	9.2155E-01
4.0630E+03	0.0000E+00	0.0000E+00	9.2228E-01
4.0640E+03	0.0000E+00	0.0000E+00	9.2401E-01
4.0650E+03	0.0000E+00	0.0000E+00	9.2319E-01
4.0660E+03	0.0000E+00	0.0000E+00	9.2755E-01
4.0670E+03	0.0000E+00	0.0000E+00	9.2746E-01
4.0680E+03	0.0000E+00	0.0000E+00	9.2792E-01
4.0690E+03	0.0000E+00	0.0000E+00	9.3346E-01
4.0700E+03	0.0000E+00	0.0000E+00	9.2528E-01
4.0710E+03	0.0000E+00	0.0000E+00	9.2374E-01
4.0720E+03	0.0000E+00	0.0000E+00	9.2719E-01
4.0730E+03	0.0000E+00	0.0000E+00	9.2810E-01
4.0740E+03	0.0000E+00	0.0000E+00	9.2483E-01
4.0750E+03	0.0000E+00	0.0000E+00	9.2655E-01
4.0760E+03	0.0000E+00	0.0000E+00	9.2746E-01
4.0770E+03	0.0000E+00	0.0000E+00	9.2319E-01
4.0780E+03	0.0000E+00	0.0000E+00	9.2210E-01
4.0790E+03	0.0000E+00	0.0000E+00	9.1837E-01
4.0800E+03	0.0000E+00	0.0000E+00	9.1937E-01
4.0810E+03	0.0000E+00	0.0000E+00	9.1355E-01
4.0820E+03	0.0000E+00	0.0000E+00	9.1901E-01
4.0830E+03	0.0000E+00	0.0000E+00	9.2055E-01
4.0840E+03	0.0000E+00	0.0000E+00	9.2510E-01
4.0850E+03	0.0000E+00	0.0000E+00	9.2655E-01
4.0860E+03	0.0000E+00	0.0000E+00	9.2974E-01
4.0870E+03	0.0000E+00	0.0000E+00	9.2955E-01
4.0880E+03	0.0000E+00	0.0000E+00	9.2755E-01
4.0890E+03	0.0000E+00	0.0000E+00	9.2610E-01
4.0900E+03	0.0000E+00	0.0000E+00	9.2683E-01
4.0910E+03	0.0000E+00	0.0000E+00	9.3155E-01
4.0920E+03	0.0000E+00	0.0000E+00	9.3092E-01
4.0930E+03	0.0000E+00	0.0000E+00	9.3192E-01
4.0940E+03	0.0000E+00	0.0000E+00	9.3128E-01
4.0950E+03	0.0000E+00	0.0000E+00	9.3019E-01
4.0960E+03	0.0000E+00	0.0000E+00	9.3401E-01
4.0970E+03	0.0000E+00	0.0000E+00	9.3528E-01
4.0980E+03	0.0000E+00	0.0000E+00	9.4328E-01
4.0990E+03	0.0000E+00	0.0000E+00	9.4601E-01
4.1000E+03	0.0000E+00	0.0000E+00	9.4701E-01
4.1010E+03	0.0000E+00	0.0000E+00	9.4674E-01
4.1020E+03	0.0000E+00	0.0000E+00	9.4846E-01
4.1030E+03	0.0000E+00	0.0000E+00	9.5437E-01
4.1040E+03	0.0000E+00	0.0000E+00	9.5674E-01
4.1050E+03	0.0000E+00	0.0000E+00	9.6037E-01
4.1060E+03	0.0000E+00	0.0000E+00	9.6383E-01
4.1070E+03	0.0000E+00	0.0000E+00	9.6328E-01
4.1080E+03	0.0000E+00	0.0000E+00	9.6619E-01
4.1090E+03	0.0000E+00	0.0000E+00	9.6892E-01
4.1100E+03	0.0000E+00	0.0000E+00	9.7201E-01
4.1110E+03	0.0000E+00	0.0000E+00	9.7174E-01
4.1120E+03	0.0000E+00	0.0000E+00	9.7555E-01
4.1130E+03	0.0000E+00	0.0000E+00	9.7646E-01
4.1140E+03	0.0000E+00	0.0000E+00	9.8019E-01
4.1150E+03	0.0000E+00	0.0000E+00	9.7828E-01
4.1160E+03	0.0000E+00	0.0000E+00	9.8255E-01
4.1170E+03	0.0000E+00	0.0000E+00	9.8283E-01
4.1180E+03	0.0000E+00	0.0000E+00	9.8246E-01
4.1190E+03	0.0000E+00	0.0000E+00	9.8119E-01
4.1200E+03	0.0000E+00	0.0000E+00	9.8001E-01
4.1210E+03	0.0000E+00	0.0000E+00	9.7401E-01
4.1220E+03	0.0000E+00	0.0000E+00	9.7492E-01
4.1230E+03	0.0000E+00	0.0000E+00	9.7474E-01
4.1240E+03	0.0000E+00	0.0000E+00	9.7237E-01
4.1250E+03	0.0000E+00	0.0000E+00	9.6855E-01
4.1260E+03	0.0000E+00	0.0000E+00	9.6446E-01
4.1270E+03	0.0000E+00	0.0000E+00	9.6592E-01
4.1280E+03	0.0000E+00	0.0000E+00	9.6583E-01
4.1290E+03	0.0000E+00	0.0000E+00	9.6528E-01
4.1300E+03	0.0000E+00	0.0000E+00	9.6392E-01
4.1310E+03	0.0000E+00	0.0000E+00	9.6374E-01
4.1320E+03	0.0000E+00	0.0000E+00	9.6337E-01
4.1330E+03	0.0000E+00	0.0000E+00	9.6274E-01
4.1340E+03	0.0000E+00	0.0000E+00	9.6128E-01
4.1350E+03	0.0000E+00	0.0000E+00	9.6201E-01
4.1360E+03	0.0000E+00	0.0000E+00	9.5983E-01
4.1370E+03	0.0000E+00	0.0000E+00	9.5746E-01
4.1380E+03	0.0000E+00	0.0000E+00	9.5974E-01
4.1390E+03	0.0000E+00	0.0000E+00	9.6074E-01
4.1400E+03	0.0000E+00	0.0000E+00	9.6119E-01
4.1410E+03	0.0000E+00	0.0000E+00	9.6237E-01
4.1420E+03	0.0000E+00	0.0000E+00	9.6246E-01
4.1430E+03	0.0000E+00	0.0000E+00	9.6110E-01
4.1440E+03	0.0000E+00	0.0000E+00	9.6255E-01
4.1450E+03	0.0000E+00	0.0000E+00	9.5710E-01
4.1460E+03	0.0000E+00	0.0000E+00	9.6201E-01
4.1470E+03	0.0000E+00	0.0000E+00	9.6537E-01
4.1480E+03	0.0000E+00	0.0000E+00	9.6274E-01
4.1490E+03	0.0000E+00	0.0000E+00	9.5892E-01
4.1500E+03	0.0000E+00	0.0000E+00	9.5583E-01
4.1510E+03	0.0000E+00	0.0000E+00	9.5155E-01
4.1520E+03	0.0000E+00	0.0000E+00	9.5310E-01
4.1530E+03	0.0000E+00	0.0000E+00	9.5410E-01
4.1540E+03	0.0000E+00	0.0000E+00	9.5555E-01
4.1550E+03	0.0000E+00	0.0000E+00	9.5546E-01
4.1560E+03	0.0000E+00	0.0000E+00	9.5683E-01
4.1570E+03	0.0000E+00	0.0000E+00	9.5737E-01
4.1580E+03	0.0000E+00	0.0000E+00	9.5483E-01
4.1590E+03	0.0000E+00	0.0000E+00	9.5419E-01
4.1600E+03	0.0000E+00	0.0000E+00	9.5392E-01
4.1610E+03	0.0000E+00	0.0000E+00	9.5201E-01
4.1620E+03	0.0000E+00	0.0000E+00	9.5110E-01
4.1630E+03	0.0000E+00	0.0000E+00	9.5483E-01
4.1640E+03	0.0000E+00	0.0000E+00	9.5701E-01
4.1650E+03	0.0000E+00	0.0000E+00	9.5692E-01
4.1660E+03	0.0000E+00	0.0000E+00	9.5528E-01
4.1670E+03	0.0000E+00	0.0000E+00	9.5437E-01
4.1680E+03	0.0000E+00	0.0000E+00	9.5383E-01
4.1690E+03	0.0000E+00	0.0000E+00	9.5510E-01
4.1700E+03	0.0000E+00	0.0000E+00	9.5592E-01
4.1710E+03	0.0000E+00	0.0000E+00	9.5855E-01
4.1720E+03	0.0000E+00	0.0000E+00	9.5692E-01
4.1730E+03	0.0000E+00	0.0000E+00	9.5346E-01
4.1740E+03	0.0000E+00	0.0000E+00	9.5055E-01
4.1750E+03	0.0000E+00	0.0000E+00	9.4955E-01
4.1760E+03	0.0000E+00	0.0000E+00	9.4755E-01
4.1770E+03	0.0000E+00	0.0000E+00	9.4528E-01
4.1780E+03	0.0000E+00	0.0000E+00	9.4628E-01
4.1790E+03	0.0000E+00	0.0000E+00	9.5137E-01
4.1800E+03	0.0000E+00	0.0000E+00	9.4810E-01
4.1810E+03	0.0000E+00	0.0000E+00	9.5101E-01
4.1820E+03	0.0000E+00	0.0000E+00	9.5074E-01
4.1830E+03	0.0000E+00	0.0000E+00	9.5037E-01
4.1840E+03	0.0000E+00	0.0000E+00	9.4946E-01
4.1850E+03	0.0000E+00	0.0000E+00	9.4810E-01
4.1860E+03	0.0000E+00	0.0000E+00	9.4955E-01
4.1870E+03	0.0000E+00	0.0000E+00	9.5319E-01
4.1880E+03	0.0000E+00	0.0000E+00	9.5428E-01
4.1890E+03	0.0000E+00	0.0000E+00	9.5583E-01
4.1900E+03	0.0000E+00	0.0000E+00	9.5201E-01
4.1910E+03	0.0000E+00	0.0000E+00	9.5183E-01
4.1920E+03	0.0000E+00	0.0000E+00	9.5301E-01
4.1930E+03	0.0000E+00	0.0000E+00	9.5292E-01
4.1940E+03	0.0000E+00	0.0000E+00	9.5255E-01
4.1950E+03	0.0000E+00	0.0000E+00	9.5692E-01
4.1960E+03	0.0000E+00	0.0000E+00	9.5437E-01
4.1970E+03	0.0000E+00	0.0000E+00	9.5201E-01
4.1980E+03	0.0000E+00	0.0000E+00	9.4837E-01
4.1990E+03	0.0000E+00	0.0000E+00	9.4510E-01
4.2000E+03	0.0000E+00	0.0000E+00	9.4810E-01
4.2010E+03	0.0000E+00	0.0000E+00	9.5119E-01
4.2020E+03	0.0000E+00	0.0000E+00	9.5019E-01
4.2030E+03	0.0000E+00	0.0000E+00	9.5310E-01
4.2040E+03	0.0000E+00	0.0000E+00	9.5146E-01
4.2050E+03	0.0000E+00	0.0000E+00	9.5092E-01
4.2060E+03	0.0000E+00	0.0000E+00	9.5246E-01
4.2070E+03	0.0000E+00	0.0000E+00	9.5228E-01
4.2080E+03	0.0000E+00	0.0000E+00	9.5328E-01
4.2090E+03	0.0000E+00	0.0000E+00	9.5255E-01
4.2100E+03	0.0000E+00	0.0000E+00	9.5219E-01
4.2110E+03	0.0000E+00	0.0000E+00	9.5155E-01
4.2120E+03	0.0000E+00	0.0000E+00	9.5274E-01
4.2130E+03	0.0000E+00	0.0000E+00	9.5237E-01
4.2140E+03	0.0000E+00	0.0000E+00	9.5719E-01
4.2150E+03	0.0000E+00	0.0000E+00	9.5528E-01
4.2160E+03	0.0000E+00	0.0000E+00	9.5483E-01
4.2170E+03	0.0000E+00	0.0000E+00	9.5646E-01
4.2180E+03	0.0000E+00	0.0000E+00	9.5837E-01
4.2190E+03	0.0000E+00	0.0000E+00	9.5655E-01
4.2200E+03	0.0000E+00	0.0000E+00	9.5646E-01
4.2210E+03	0.0000E+00	0.0000E+00	9.5383E-01
4.2220E+03	0.0000E+00	0.0000E+00	9.5619E-01
4.2230E+03	0.0000E+00	0.0000E+00	9.5410E-01
4.2240E+03	0.0000E+00	0.0000E+00	9.5383E-01
4.2250E+03	0.0000E+00	0.0000E+00	9.5437E-01
4.2260E+03	0.0000E+00	0.0000E+00	9.5728E-01
4.2270E+03	0.0000E+00	0.0000E+00	9.5710E-01
4.2280E+03	0.0000E+00	0.0000E+00	9.5583E-01
4.2290E+03	0.0000E+00	0.0000E+00	9.5537E-01
4.2300E+03	0.0000E+00	0.0000E+00	9.5692E-01
4.2310E+03	0.0000E+00	0.0000E+00	9.5683E-01
4.2320E+03	0.0000E+00	0.0000E+00	9.5546E-01
4.2330E+03	0.0000E+00	0.0000E+00	9.5510E-01
4.2340E+03	0.0000E+00	0.0000E+00	9.5792E-01
4.2350E+03	0.0000E+00	0.0000E+00	9.5610E-01
4.2360E+03	0.0000E+00	0.0000E+00	9.5883E-01
4.2370E+03	0.0000E+00	0.0000E+00	9.6010E-01
4.2380E+03	0.0000E+00	0.0000E+00	9.5855E-01
4.2390E+03	0.0000E+00	0.0000E+00	9.5801E-01
4.2400E+03	0.0000E+00	0.0000E+00	9.5574E-01
4.2410E+03	0.0000E+00	0.0000E+00	9.5792E-01
4.2420E+03	0.0000E+00	0.0000E+00	9.5646E-01
4.2430E+03	0.0000E+00	0.0000E+00	9.5974E-01
4.2440E+03	0.0000E+00	0.0000E+00	9.5537E-01
4.2450E+03	0.0000E+00	0.0000E+00	9.5119E-01
4.2460E+03	0.0000E+00	0.0000E+00	9.4937E-01
4.2470E+03	0.0000E+00	0.0000E+00	9.4783E-01
4.2480E+03	0.0000E+00	0.0000E+00	9.4728E-01
4.2490E+03	0.0000E+00	0.0000E+00	9.4783E-01
4.2500E+03	0.0000E+00	0.0000E+00	9.4955E-01
4.2510E+03	0.0000E+00	0.0000E+00	9.5092E-01
4.2520E+03	0.0000E+00	0.0000E+00	9.4992E-01
4.2530E+03	0.0000E+00	0.0000E+00	9.5046E-01
4.2540E+03	0.0000E+00	0.0000E+00	9.4837E-01
4.2550E+03	0.0000E+00	0.0000E+00	9.5128E-01
4.2560E+03	0.0000E+00	0.0000E+00	9.5046E-01
4.2570E+03	0.0000E+00	0.0000E+00	9.4583E-01
4.2580E+03	0.0000E+00	0.0000E+00	9.5228E-01
4.2590E+03	0.0000E+00	0.0000E+00	9.5374E-01
4.2600E+03	0.0000E+00	0.0000E+00	9.5755E-01
4.2610E+03	0.0000E+00	0.0000E+00	9.5346E-01
4.2620E+03	0.0000E+00	0.0000E+00	9.5346E-01
4.2630E+03	0.0000E+00	0.0000E+00	9.5219E-01
4.2640E+03	0.0000E+00	0.0000E+00	9.5428E-01
4.2650E+03	0.0000E+00	0.0000E+00	9.5474E-01
4.2660E+03	0.0000E+00	0.0000E+00	9.5683E-01
4.2670E+03	0.0000E+00	0.0000E+00	9.5828E-01
4.2680E+03	0.0000E+00	0.0000E+00	9.6010E-01
4.2690E+03	0.0000E+00	0.0000E+00	9.5528E-01
4.2700E+03	0.0000E+00	0.0000E+00	9.5592E-01
4.2710E+03	0.0000E+00	0.0000E+00	9.5301E-01
4.2720E+03	0.0000E+00	0.0000E+00	9.5228E-01
4.2730E+03	0.0000E+00	0.0000E+00	9.5219E-01
4.2740E+03	0.0000E+00	0.0000E+00	9.5301E-01
4.2750E+03	0.0000E+00	0.0000E+00	9.5046E-01
4.2760E+03	0.0000E+00	0.0000E+00	9.5137E-01
4.2770E+03	0.0000E+00	0.0000E+00	9.5201E-01
4.2780E+03	0.0000E+00	0.0000E+00	9.5119E-01
4.2790E+03	0.0000E+00	0.0000E+00	9.5101E-01
4.2800E+03	0.0000E+00	0.0000E+00	9.5010E-01
4.2810E+03	0.0000E+00	0.0000E+00	9.5201E-01
4.2820E+03	0.0000E+00	0.0000E+00	9.5537E-01
4.2830E+03	0.0000E+00	0.0000E+00	9.5955E-01
4.2840E+03	0.0000E+00	0.0000E+00	9.5901E-01
4.2850E+03	0.0000E+00	0.0000E+00	9.5892E-01
4.2860E+03	0.0000E+00	0.0000E+00	9.6037E-01
4.2870E+03	0.0000E+00	0.0000E+00	9.5710E-01
4.2880E+03	0.0000E+00	0.0000E+00	9.5728E-01
4.2890E+03	0.0000E+00	0.0000E+00	9.5646E-01
4.2900E+03	0.0000E+00	0.0000E+00	9.5992E-01
4.2910E+03	0.0000E+00	0.0000E+00	9.5737E-01
4.2920E+03	0.0000E+00	0.0000E+00	9.5419E-01
4.2930E+03	0.0000E+00	0.0000E+00	9.5401E-01
4.2940E+03	0.0000E+00	0.0000E+00	9.5092E-01
4.2950E+03	0.0000E+00	0.0000E+00	9.4619E-01
4.2960E+03	0.0000E+00	0.0000E+00	9.4710E-01
4.2970E+03	0.0000E+00	0.0000E+00	9.4928E-01
4.2980E+03	0.0000E+00	0.0000E+00	9.5446E-01
4.2990E+03	0.0000E+00	0.0000E+00	9.5510E-01
4.3000E+03	0.0000E+00	0.0000E+00	9.5292E-01
4.3010E+03	0.0000E+00	0.0000E+00	9.5401E-01
4.3020E+03	0.0000E+00	0.0000E+00	9.5228E-01
4.3030E+03	0.0000E+00	0.0000E+00	9.5301E-01
4.3040E+03	0.0000E+00	0.0000E+00	9.5192E-01
4.3050E+03	0.0000E+00	0.0000E+00	9.5301E-01
4.3060E+03	0.0000E+00	0.0000E+00	9.5737E-01
4.3070E+03	0.0000E+00	0.0000E+00	9.5828E-01
4.3080E+03	0.0000E+00	0.0000E+00	9.6046E-01
4.3090E+03	0.0000E+00	0.0000E+00	9.5910E-01
4.3100E+03	0.0000E+00	0.0000E+00	9.5646E-01
4.3110E+03	0.0000E+00	0.0000E+00	9.6028E-01
4.3120E+03	0.0000E+00	0.0000E+00	9.5955E-01
4.3130E+03	0.0000E+00	0.0000E+00	9.6092E-01
4.3140E+03	0.0000E+00	0.0000E+00	9.6228E-01
4.3150E+03	0.0000E+00	0.0000E+00	9.6328E-01
4.3160E+03	0.0000E+00	0.0000E+00	9.6283E-01
4.3170E+03	0.0000E+00	0.0000E+00	9.6310E-01
4.3180E+03	0.0000E+00	0.0000E+00	9.5928E-01
4.3190E+03	0.0000E+00	0.0000E+00	9.5701E-01
4.3200E+03	0.0000E+00	0.0000E+00	9.5801E-01
4.3210E+03	0.0000E+00	0.0000E+00	9.6046E-01
4.3220E+03	0.0000E+00	0.0000E+00	9.5810E-01
4.3230E+03	0.0000E+00	0.0000E+00	9.5683E-01
4.3240E+03	0.0000E+00	0.0000E+00	9.5519E-01
4.3250E+03	0.0000E+00	0.0000E+00	9.5674E-01
4.3260E+03	0.0000E+00	0.0000E+00	9.5637E-01
4.3270E+03	0.0000E+00	0.0000E+00	9.5292E-01
4.3280E+03	0.0000E+00	0.0000E+00	9.5155E-01
4.3290E+03	0.0000E+00	0.0000E+00	9.5237E-01
4.3300E+03	0.0000E+00	0.0000E+00	9.5310E-01
4.3310E+03	0.0000E+00	0.0000E+00	9.5483E-01
4.3320E+03	0.0000E+00	0.0000E+00	9.5319E-01
4.3330E+03	0.0000E+00	0.0000E+00	9.5501E-01
4.3340E+03	0.0000E+00	0.0000E+00	9.5355E-01
4.3350E+03	0.0000E+00	0.0000E+00	9.5274E-01
4.3360E+03	0.0000E+00	0.0000E+00	9.5610E-01
4.3370E+03	0.0000E+00	0.0000E+00	9.5255E-01
4.3380E+03	0.0000E+00	0.0000E+00	9.5546E-01
4.3390E+03	0.0000E+00	0.0000E+00	9.5719E-01
4.3400E+03	0.0000E+00	0.0000E+00	9.5701E-01
4.3410E+03	0.0000E+00	0.0000E+00	9.5619E-01
4.3420E+03	0.0000E+00	0.0000E+00	9.5628E-01
4.3430E+03	0.0000E+00	0.0000E+00	9.5255E-01
4.3440E+03	0.0000E+00	0.0000E+00	9.5019E-01
4.3450E+03	0.0000E+00	0.0000E+00	9.5283E-01
4.3460E+03	0.0000E+00	0.0000E+00	9.5292E-01
4.3470E+03	0.0000E+00	0.0000E+00	9.5446E-01
4.3480E+03	0.0000E+00	0.0000E+00	9.5474E-01
4.3490E+03	0.0000E+00	0.0000E+00	9.5355E-01
4.3500E+03	0.0000E+00	0.0000E+00	9.5319E-01
4.3510E+03	0.0000E+00	0.0000E+00	9.5483E-01
4.3520E+03	0.0000E+00	0.0000E+00	9.5146E-01
4.3530E+03	0.0000E+00	0.0000E+00	9.5192E-01
4.3540E+03	0.0000E+00	0.0000E+00	9.5274E-01
4.3550E+03	0.0000E+00	0.0000E+00	9.5528E-01
4.3560E+03	0.0000E+00	0.0000E+00	9.5901E-01
4.3570E+03	0.0000E+00	0.0000E+00	9.5528E-01
4.3580E+03	0.0000E+00	0.0000E+00	9.6037E-01
4.3590E+03	0.0000E+00	0.0000E+00	9.5510E-01
4.3600E+03	0.0000E+00	0.0000E+00	9.5392E-01
4.3610E+03	0.0000E+00	0.0000E+00	9.5628E-01
4.3620E+03	0.0000E+00	0.0000E+00	9.5601E-01
4.3630E+03	0.0000E+00	0.0000E+00	9.5492E-01
4.3640E+03	0.0000E+00	0.0000E+00	9.5683E-01
4.3650E+03	0.0000E+00	0.0000E+00	9.5510E-01
4.3660E+03	0.0000E+00	0.0000E+00	9.2928E-01
4.3670E+03	0.0000E+00	0.0000E+00	9.2892E-01
4.3680E+03	0.0000E+00	0.0000E+00	9.2519E-01
4.3690E+03	0.0000E+00	0.0000E+00	9.2055E-01
4.3700E+03	0.0000E+00	0.0000E+00	9.2201E-01
4.3710E+03	0.0000E+00	0.0000E+00	9.2355E-01
4.3720E+03	0.0000E+00	0.0000E+00	9.2728E-01
4.3730E+03	0.0000E+00	0.0000E+00	9.2801E-01
4.3740E+03	0.0000E+00	0.0000E+00	9.2946E-01
4.3750E+03	0.0000E+00	0.0000E+00	9.2992E-01
4.3760E+03	0.0000E+00	0.0000E+00	9.3228E-01
4.3770E+03	0.0000E+00	0.0000E+00	9.2810E-01
4.3780E+03	0.0000E+00	0.0000E+00	9.2974E-01
4.3790E+03	0.0000E+00	0.0000E+00	9.2801E-01
4.3800E+03	0.0000E+00	0.0000E+00	9.3010E-01
4.3810E+03	0.0000E+00	0.0000E+00	9.3019E-01
4.3820E+03	0.0000E+00	0.0000E+00	9.3310E-01
4.3830E+03	0.0000E+00	0.0000E+00	9.5719E-01
4.3840E+03	0.0000E+00	0.0000E+00	9.5328E-01
4.3850E+03	0.0000E+00	0.0000E+00	9.4019E-01
4.3860E+03	0.0000E+00	0.0000E+00	9.4128E-01
4.3870E+03	0.0000E+00	0.0000E+00	9.4037E-01
4.3880E+03	0.0000E+00	0.0000E+00	9.4201E-01
4.3890E+03	0.0000E+00	0.0000E+00	9.4237E-01
4.3900E+03	0.0000E+00	0.0000E+00	9.3883E-01
4.3910E+03	0.0000E+00	0.0000E+00	9.3837E-01
4.3920E+03	0.0000E+00	0.0000E+00	9.3983E-01
4.3930E+03	0.0000E+00	0.0000E+00	9.4246E-01
4.3940E+03	0.0000E+00	0.0000E+00	9.4437E-01
4.3950E+03	0.0000E+00	0.0000E+00	9.4201E-01
4.3960E+03	0.0000E+00	0.0000E+00	9.4392E-01
4.3970E+03	0.0000E+00	0.0000E+00	9.4183E-01
4.3980E+03	0.0000E+00	0.0000E+00	9.3992E-01
4.3990E+03	0.0000E+00	0.0000E+00	9.3928E-01
4.4000E+03	0.0000E+00	0.0000E+00	9.4055E-01
4.4010E+03	0.0000E+00	0.0000E+00	9.4074E-01
4.4020E+03	0.0000E+00	0.0000E+00	9.4128E-01
4.4030E+03	0.0000E+00	0.0000E+00	9.4583E-01
4.4040E+03	0.0000E+00	0.0000E+00	9.4846E-01
4.4050E+03	0.0000E+00	0.0000E+00	9.4874E-01
4.4060E+03	0.0000E+00	0.0000E+00	9.4919E-01
4.4070E+03	0.0000E+00	0.0000E+00	9.5237E-01
4.4080E+03	0.0000E+00	0.0000E+00	9.5410E-01
4.4090E+03	0.0000E+00	0.0000E+00	9.5510E-01
4.4100E+03	0.0000E+00	0.0000E+00	9.6083E-01
4.4110E+03	0.0000E+00	0.0000E+00	9.6210E-01
4.4120E+03	0.0000E+00	0.0000E+00	9.6910E-01
4.4130E+03	0.0000E+00	0.0000E+00	9.7301E-01
4.4140E+03	0.0000E+00	0.0000E+00	9.7637E-01
4.4150E+03	0.0000E+00	0.0000E+00	9.7983E-01
4.4160E+03	0.0000E+00	0.0000E+00	9.9210E-01
4.4170E+03	0.0000E+00	0.0000E+00	1.0137E+00
4.4180E+03	0.0000E+00	0.0000E+00	1.0203E+00
4.4190E+03	0.0000E+00	0.0000E+00	1.0275E+00
4.4200E+03	0.0000E+00	0.0000E+00	1.0303E+00
4.4210E+03	0.0000E+00	0.0000E+00	1.0275E+00
4.4220E+03	0.0000E+00	0.0000E+00	1.0233E+00
4.4230E+03	0.0000E+00	0.0000E+00	1.0235E+00
4.4240E+03	0.0000E+00	0.0000E+00	1.0207E+00
4.4250E+03	0.0000E+00	0.0000E+00	1.0197E+00
4.4260E+03	0.0000E+00	0.0000E+00	1.0194E+00
4.4270E+03	0.0000E+00	0.0000E+00	1.0204E+00
4.4280E+03	0.0000E+00	0.0000E+00	1.0257E+00
4.4290E+03	0.0000E+00	0.0000E+00	1.1962E+00
4.4300E+03	0.0000E+00	0.0000E+00	1.0651E+00
4.4310E+03	0.0000E+00	0.0000E+00	1.0860E+00
4.4320E+03	0.0000E+00	0.0000E+00	1.0883E+00
4.4330E+03	0.0000E+00	0.0000E+00	1.1064E+00
4.4340E+03	0.0000E+00	0.0000E+00	1.1342E+00
4.4350E+03	0.0000E+00	0.0000E+00	1.1442E+00
4.4360E+03	0.0000E+00	0.0000E+00	1.1462E+00
4.4370E+03	0.0000E+00	0.0000E+00	1.1402E+00
4.4380E+03	0.0000E+00	0.0000E+00	1.1292E+00
4.4390E+03	0.0000E+00	0.0000E+00	1.1192E+00
4.4400E+03	0.0000E+00	0.0000E+00	1.1092E+00
4.4410E+03	0.0000E+00	0.0000E+00	1.0980E+00
4.4420E+03	0.0000E+00	0.0000E+00	1.0904E+00
4.4430E+03	0.0000E+00	0.0000E+00	1.0848E+00
4.4440E+03	0.0000E+00	0.0000E+00	1.0788E+00
4.4450E+03	0.0000E+00	0.0000E+00	1.0728E+00
4.4460E+03	0.0000E+00	0.0000E+00	1.0663E+00
4.4470E+03	0.0000E+00	0.0000E+00	1.0627E+00
4.4480E+03	0.0000E+00	0.0000E+00	1.0601E+00
4.4490E+03	0.0000E+00	0.0000E+00	1.0534E+00
4.4500E+03	0.0000E+00	0.0000E+00	1.0499E+00
4.4510E+03	0.0000E+00	0.0000E+00	1.0478E+00
4.4520E+03	0.0000E+00	0.0000E+00	1.0473E+00
4.4530E+03	0.0000E+00	0.0000E+00	1.0448E+00
4.4540E+03	0.0000E+00	0.0000E+00	1.0453E+00
4.4550E+03	0.0000E+00	0.0000E+00	1.0375E+00
4.4560E+03	0.0000E+00	0.0000E+00	1.0374E+00
4.4570E+03	0.0000E+00	0.0000E+00	1.0368E+00
4.4580E+03	0.0000E+00	0.0000E+00	1.0337E+00
4.4590E+03	0.0000E+00	0.0000E+00	1.0345E+00
4.4600E+03	0.0000E+00	0.0000E+00	1.0343E+00
4.4610E+03	0.0000E+00	0.0000E+00	1.0322E+00
4.4620E+03	0.0000E+00	0.0000E+00	1.0283E+00
4.4630E+03	0.0000E+00	0.0000E+00	1.0270E+00
4.4640E+03	0.0000E+00	0.0000E+00	1.0229E+00
4.4650E+03	0.0000E+00	0.0000E+00	1.0223E+00
4.4660E+03	0.0000E+00	0.0000E+00	1.0218E+00
4.4670E+03	0.0000E+00	0.0000E+00	1.0198E+00
4.4680E+03	0.0000E+00	0.0000E+00	1.0194E+00
4.4690E+03	0.0000E+00	0.0000E+00	1.0185E+00
4.4700E+03	0.0000E+00	0.0000E+00	1.0181E+00
4.4710E+03	0.0000E+00	0.0000E+00	1.0170E+00
4.4720E+03	0.0000E+00	0.0000E+00	1.0130E+00
4.4730E+03	0.0000E+00	0.0000E+00	1.0144E+00
4.4740E+03	0.0000E+00	0.0000E+00	1.0130E+00
4.4750E+03	0.0000E+00	0.0000E+00	1.0131E+00
4.4760E+03	0.0000E+00	0.0000E+00	1.0109E+00
4.4770E+03	0.0000E+00	0.0000E+00	1.0095E+00
4.4780E+03	0.0000E+00	0.0000E+00	1.0070E+00
4.4790E+03	0.0000E+00	0.0000E+00	1.0067E+00
4.4800E+03	0.0000E+00	0.0000E+00	1.0028E+00
4.4810E+03	0.0000E+00	0.0000E+00	1.0015E+00
4.4820E+03	0.0000E+00	0.0000E+00	1.0021E+00
4.4830E+03	0.0000E+00	0.0000E+00	9.9992E-01
4.4840E+03	0.0000E+00	0.0000E+00	1.0003E+00
4.4850E+03	0.0000E+00	0.0000E+00	1.0028E+00
4.4860E+03	0.0000E+00	0.0000E+00	9.9692E-01
4.4870E+03	0.0000E+00	0.0000E+00	9.9828E-01
4.4880E+03	0.0000E+00	0.0000E+00	9.9646E-01
4.4890E+03	0.0000E+00	0.0000E+00	9.9610E-01
4.4900E+03	0.0000E+00	0.0000E+00	9.9737E-01
4.4910E+03	0.0000E+00	0.0000E+00	9.9419E-01
4.4920E+03	0.0000E+00	0.0000E+00	9.9537E-01
4.4930E+03	0.0000E+00	0.0000E+00	9.9546E-01
4.4940E+03	0.0000E+00	0.0000E+00	9.9528E-01
4.4950E+03	0.0000E+00	0.0000E+00	9.9501E-01
4.4960E+03	0.0000E+00	0.0000E+00	9.9074E-01
4.4970E+03	0.0000E+00	0.0000E+00	9.9328E-01
4.4980E+03	0.0000E+00	0.0000E+00	9.9355E-01
4.4990E+03	0.0000E+00	0.0000E+00	9.9528E-01
4.5000E+03	0.0000E+00	0.0000E+00	9.9255E-01
4.5010E+03	0.0000E+00	0.0000E+00	9.9174E-01
4.5020E+03	0.0000E+00	0.0000E+00	9.9046E-01
4.5030E+03	0.0000E+00	0.0000E+00	9.8928E-01
4.5040E+03	0.0000E+00	0.0000E+00	9.8892E-01
4.5050E+03	0.0000E+00	0.0000E+00	9.8910E-01
4.5060E+03	0.0000E+00	0.0000E+00	9.8710E-01
4.5070E+03	0.0000E+00	0.0000E+00	9.8728E-01
4.5080E+03	0.0000E+00	0.0000E+00	9.8628E-01
4.5090E+03	0.0000E+00	0.0000E+00	9.8437E-01
4.5100E+03	0.0000E+00	0.0000E+00	9.8583E-01
4.5110E+03	0.0000E+00	0.0000E+00	9.8492E-01
4.5120E+03	0.0000E+00	0.0000E+00	9.8501E-01
4.5130E+03	0.0000E+00	0.0000E+00	9.8201E-01
4.5140E+03	0.0000E+00	0.0000E+00	9.8283E-01
4.5150E+03	0.0000E+00	0.0000E+00	9.8128E-01
4.5160E+03	0.0000E+00	0.0000E+00	9.8083E-01
4.5170E+03	0.0000E+00	0.0000E+00	9.8237E-01
4.5180E+03	0.0000E+00	0.0000E+00	9.8128E-01
4.5190E+03	0.0000E+00	0.0000E+00	9.8146E-01
4.5200E+03	0.0000E+00	0.0000E+00	9.7946E-01
4.5210E+03	0.0000E+00	0.0000E+00	9.8792E-01
4.5220E+03	0.0000E+00	0.0000E+00	9.8528E-01
4.5230E+03	0.0000E+00	0.0000E+00	9.8492E-01
4.5240E+03	0.0000E+00	0.0000E+00	9.8592E-01
4.5250E+03	0.0000E+00	0.0000E+00	9.8292E-01
4.5260E+03	0.0000E+00	0.0000E+00	9.8419E-01
4.5270E+03	0.0000E+00	0.0000E+00	9.8555E-01
4.5280E+03	0.0000E+00	0.0000E+00	9.8355E-01
4.5290E+03	0.0000E+00	0.0000E+00	9.8237E-01
4.5300E+03	0.0000E+00	0.0000E+00	9.7955E-01
4.5310E+03	0.0000E+00	0.0000E+00	9.7919E-01
4.5320E+03	0.0000E+00	0.0000E+00	9.7946E-01
4.5330E+03	0.0000E+00	0.0000E+00	9.7892E-01
4.5340E+03	0.0000E+00	0.0000E+00	9.7974E-01
4.5350E+03	0.0000E+00	0.0000E+00	9.7783E-01
4.5360E+03	0.0000E+00	0.0000E+00	9.7710E-01
4.5370E+03	0.0000E+00	0.0000E+00	9.8128E-01
4.5380E+03	0.0000E+00	0.0000E+00	9.7683E-01
4.5390E+03	0.0000E+00	0.0000E+00	9.7810E-01
4.5400E+03	0.0000E+00	0.0000E+00	9.7583E-01
4.5410E+03	0.0000E+00	0.0000E+00	9.7419E-01
4.5420E+03	0.0000E+00	0.0000E+00	9.7428E-01
4.5430E+03	0.0000E+00	0.0000E+00	9.7674E-01
4.5440E+03	0.0000E+00	0.0000E+00	9.7501E-01
4.5450E+03	0.0000E+00	0.0000E+00	9.7646E-01
4.5460E+03	0.0000E+00	0.0000E+00	9.7946E-01
4.5470E+03	0.0000E+00	0.0000E+00	9.7710E-01
4.5480E+03	0.0000E+00	0.0000E+00	9.7610E-01
4.5490E+03	0.0000E+00	0.0000E+00	9.7619E-01
4.5500E+03	0.0000E+00	0.0000E+00	9.7610E-01
4.5510E+03	0.0000E+00	0.0000E+00	9.7528E-01
4.5520E+03	0.0000E+00	0.0000E+00	9.7646E-01
4.5530E+03	0.0000E+00	0.0000E+00	9.7637E-01
4.5540E+03	0.0000E+00	0.0000E+00	9.7619E-01
4.5550E+03	0.0000E+00	0.0000E+00	9.7574E-01
4.5560E+03	0.0000E+00	0.0000E+00	9.7592E-01
4.5570E+03	0.0000E+00	0.0000E+00	9.7583E-01
4.5580E+03	0.0000E+00	0.0000E+00	9.7510E-01
4.5590E+03	0.0000E+00	0.0000E+00	9.7510E-01
4.5600E+03	0.0000E+00	0.0000E+00	9.7292E-01
4.5610E+03	0.0000E+00	0.0000E+00	9.7128E-01
4.5620E+03	0.0000E+00	0.0000E+00	9.7292E-01
4.5630E+03	0.0000E+00	0.0000E+00	9.7255E-01
4.5640E+03	0.0000E+00	0.0000E+00	9.7183E-01
4.5650E+03	0.0000E+00	0.0000E+00	9.6992E-01
4.5660E+03	0.0000E+00	0.0000E+00	9.7346E-01
4.5670E+03	0.0000E+00	0.0000E+00	9.7237E-01
4.5680E+03	0.0000E+00	0.0000E+00	9.6992E-01
4.5690E+03	0.0000E+00	0.0000E+00	9.7310E-01
4.5700E+03	0.0000E+00	0.0000E+00	9.7228E-01
4.5710E+03	0.0000E+00	0.0000E+00	9.7246E-01
4.5720E+03	0.0000E+00	0.0000E+00	9.7137E-01
4.5730E+03	0.0000E+00	0.0000E+00	9.7437E-01
4.5740E+03	0.0000E+00	0.0000E+00	9.7528E-01
4.5750E+03	0.0000E+00	0.0000E+00	9.7346E-01
4.5760E+03	0.0000E+00	0.0000E+00	9.7437E-01
4.5770E+03	0.0000E+00	0.0000E+00	9.7401E-01
4.5780E+03	0.0000E+00	0.0000E+00	9.7119E-01
4.5790E+03	0.0000E+00	0.0000E+00	9.7128E-01
4.5800E+03	0.0000E+00	0.0000E+00	9.6946E-01
4.5810E+03	0.0000E+00	0.0000E+00	9.6955E-01
4.5820E+03	0.0000E+00	0.0000E+00	9.7337E-01
4.5830E+03	0.0000E+00	0.0000E+00	9.7328E-01
4.5840E+03	0.0000E+00	0.0000E+00	9.7092E-01
4.5850E+03	0.0000E+00	0.0000E+00	9.6792E-01
4.5860E+03	0.0000E+00	0.0000E+00	9.6774E-01
4.5870E+03	0.0000E+00	0.0000E+00	9.6810E-01
4.5880E+03	0.0000E+00	0.0000E+00	9.6792E-01
4.5890E+03	0.0000E+00	0.0000E+00	9.6955E-01
4.5900E+03	0.0000E+00	0.0000E+00	9.7055E-01
4.5910E+03	0.0000E+00	0.0000E+00	9.7428E-01
4.5920E+03	0.0000E+00	0.0000E+00	9.7737E-01
4.5930E+03	0.0000E+00	0.0000E+00	9.7846E-01
4.5940E+03	0.0000E+00	0.0000E+00	9.7710E-01
4.5950E+03	0.0000E+00	0.0000E+00	9.8101E-01
4.5960E+03	0.0000E+00	0.0000E+00	9.7946E-01
4.5970E+03	0.0000E+00	0.0000E+00	9.8237E-01
4.5980E+03	0.0000E+00	0.0000E+00	9.7955E-01
4.5990E+03	0.0000E+00	0.0000E+00	9.8001E-01
4.6000E+03	0.0000E+00	0.0000E+00	9.8128E-01
4.6010E+03	0.0000E+00	0.0000E+00	9.8237E-01
4.6020E+03	0.0000E+00	0.0000E+00	9.8183E-01
4.6030E+03	0.0000E+00	0.0000E+00	9.8028E-01
4.6040E+03	0.0000E+00	0.0000E+00	9.7646E-01
4.6050E+03	0.0000E+00	0.0000E+00	9.7401E-01
4.6060E+03	0.0000E+00	0.0000E+00	9.7519E-01
4.6070E+03	0.0000E+00	0.0000E+00	9.7283E-01
4.6080E+03	0.0000E+00	0.0000E+00	9.7219E-01
4.6090E+03	0.0000E+00	0.0000E+00	9.7174E-01
4.6100E+03	0.0000E+00	0.0000E+00	9.7192E-01
4.6110E+03	0.0000E+00	0.0000E+00	9.7374E-01
4.6120E+03	0.0000E+00	0.0000E+00	9.7574E-01
4.6130E+03	0.0000E+00	0.0000E+00	9.7510E-01
4.6140E+03	0.0000E+00	0.0000E+00	9.7474E-01
4.6150E+03	0.0000E+00	0.0000E+00	9.7637E-01
4.6160E+03	0.0000E+00	0.0000E+00	9.7692E-01
4.6170E+03	0.0000E+00	0.0000E+00	9.7919E-01
4.6180E+03	0.0000E+00	0.0000E+00	9.8074E-01
4.6190E+03	0.0000E+00	0.0000E+00	9.8210E-01
4.6200E+03	0.0000E+00	0.0000E+00	9.8428E-01
4.6210E+03	0.0000E+00	0.0000E+00	9.8283E-01
4.6220E+03	0.0000E+00	0.0000E+00	9.8610E-01
4.6230E+03	0.0000E+00	0.0000E+00	9.8692E-01
4.6240E+03	0.0000E+00	0.0000E+00	9.8583E-01
4.6250E+03	0.0000E+00	0.0000E+00	9.8746E-01
4.6260E+03	0.0000E+00	0.0000E+00	9.8746E-01
4.6270E+03	0.0000E+00	0.0000E+00	9.8674E-01
4.6280E+03	0.0000E+00	0.0000E+00	9.8346E-01
4.6290E+03	0.0000E+00	0.0000E+00	9.8610E-01
4.6300E+03	0.0000E+00	0.0000E+00	9.8474E-01
4.6310E+03	0.0000E+00	0.0000E+00	9.8383E-01
4.6320E+03	0.0000E+00	0.0000E+00	9.8119E-01
4.6330E+03	0.0000E+00	0.0000E+00	9.8374E-01
4.6340E+03	0.0000E+00	0.0000E+00	9.8055E-01
4.6350E+03	0.0000E+00	0.0000E+00	9.7674E-01
4.6360E+03	0.0000E+00	0.0000E+00	9.7974E-01
4.6370E+03	0.0000E+00	0.0000E+00	9.7819E-01
4.6380E+03	0.0000E+00	0.0000E+00	9.7692E-01
4.6390E+03	0.0000E+00	0.0000E+00	9.7883E-01
4.6400E+03	0.0000E+00	0.0000E+00	9.7919E-01
4.6410E+03	0.0000E+00	0.0000E+00	9.7855E-01
4.6420E+03	0.0000E+00	0.0000E+00	9.7783E-01
4.6430E+03	0.0000E+00	0.0000E+00	9.7783E-01
4.6440E+03	0.0000E+00	0.0000E+00	9.7919E-01
4.6450E+03	0.0000E+00	0.0000E+00	9.7946E-01
4.6460E+03	0.0000E+00	0.0000E+00	9.7801E-01
4.6470E+03	0.0000E+00	0.0000E+00	9.8137E-01
4.6480E+03	0.0000E+00	0.0000E+00	9.8110E-01
4.6490E+03	0.0000E+00	0.0000E+00	9.8019E-01
4.6500E+03	0.0000E+00	0.0000E+00	9.7910E-01
4.6510E+03	0.0000E+00	0.0000E+00	9.7992E-01
4.6520E+03	0.0000E+00	0.0000E+00	9.8019E-01
4.6530E+03	0.0000E+00	0.0000E+00	9.7646E-01
4.6540E+03	0.0000E+00	0.0000E+00	9.7537E-01
4.6550E+03	0.0000E+00	0.0000E+00	9.7437E-01
4.6560E+03	0.0000E+00	0.0000E+00	9.7410E-01
4.6570E+03	0.0000E+00	0.0000E+00	9.7274E-01
4.6580E+03	0.0000E+00	0.0000E+00	9.7183E-01
4.6590E+03	0.0000E+00	0.0000E+00	9.7201E-01
4.6600E+03	0.0000E+00	0.0000E+00	9.6992E-01
4.6610E+03	0.0000E+00	0.0000E+00	9.6746E-01
4.6620E+03	0.0000E+00	0.0000E+00	9.6892E-01
4.6630E+03	0.0000E+00	0.0000E+00	9.6819E-01
4.6640E+03	0.0000E+00	0.0000E+00	9.7201E-01
4.6650E+03	0.0000E+00	0.0000E+00	9.7337E-01
4.6660E+03	0.0000E+00	0.0000E+00	9.7201E-01
4.6670E+03	0.0000E+00	0.0000E+00	9.6274E-01
4.6680E+03	0.0000E+00	0.0000E+00	9.6292E-01
4.6690E+03	0.0000E+00	0.0000E+00	9.6610E-01
4.6700E+03	0.0000E+00	0.0000E+00	9.7346E-01
4.6710E+03	0.0000E+00	0.0000E+00	9.7719E-01
4.6720E+03	0.0000E+00	0.0000E+00	9.7474E-01
4.6730E+03	0.0000E+00	0.0000E+00	9.7610E-01
4.6740E+03	0.0000E+00	0.0000E+00	9.8719E-01
4.6750E+03	0.0000E+00	0.0000E+00	9.8210E-01
4.6760E+03	0.0000E+00	0.0000E+00	9.8155E-01
4.6770E+03	0.0000E+00	0.0000E+00	9.7983E-01
4.6780E+03	0.0000E+00	0.0000E+00	9.8128E-01
4.6790E+03	0.0000E+00	0.0000E+00	9.8319E-01
4.6800E+03	0.0000E+00	0.0000E+00	9.8274E-01
4.6810E+03	0.0000E+00	0.0000E+00	9.8237E-01
4.6820E+03	0.0000E+00	0.0000E+00	9.8292E-01
4.6830E+03	0.0000E+00	0.0000E+00	9.8228E-01
4.6840E+03	0.0000E+00	0.0000E+00	9.8210E-01
4.6850E+03	0.0000E+00	0.0000E+00	9.8237E-01
4.6860E+03	0.0000E+00	0.0000E+00	9.8501E-01
4.6870E+03	0.0000E+00	0.0000E+00	9.8192E-01
4.6880E+03	0.0000E+00	0.0000E+00	9.8274E-01
4.6890E+03	0.0000E+00	0.0000E+00	9.8128E-01
4.6900E+03	0.0000E+00	0.0000E+00	9.8210E-01
4.6910E+03	0.0000E+00	0.0000E+00	9.7992E-01
4.6920E+03	0.0000E+00	0.0000E+00	9.8037E-01
4.6930E+03	0.0000E+00	0.0000E+00	9.7828E-01
4.6940E+03	0.0000E+00	0.0000E+00	9.7728E-01
4.6950E+03	0.0000E+00	0.0000E+00	9.7774E-01
4.6960E+03	0.0000E+00	0.0000E+00	9.8001E-01
4.6970E+03	0.0000E+00	0.0000E+00	9.7846E-01
4.6980E+03	0.0000E+00	0.0000E+00	9.7592E-01
4.6990E+03	0.0000E+00	0.0000E+00	9.7919E-01
4.7000E+03	0.0000E+00	0.0000E+00	9.7419E-01
4.7010E+03	0.0000E+00	0.0000E+00	9.7446E-01
4.7020E+03	0.0000E+00	0.0000E+00	9.7319E-01
4.7030E+03	0.0000E+00	0.0000E+00	9.7219E-01
4.7040E+03	0.0000E+00	0.0000E+00	9.7110E-01
4.7050E+03	0.0000E+00	0.0000E+00	9.6783E-01
4.7060E+03	0.0000E+00	0.0000E+00	9.6428E-01
4.7070E+03	0.0000E+00	0.0000E+00	9.6601E-01
4.7080E+03	0.0000E+00	0.0000E+00	9.6246E-01
4.7090E+03	0.0000E+00	0.0000E+00	9.5955E-01
4.7100E+03	0.0000E+00	0.0000E+00	9.5719E-01
4.7110E+03	0.0000E+00	0.0000E+00	9.4174E-01
4.7120E+03	0.0000E+00	0.0000E+00	9.3392E-01
4.7130E+03	0.0000E+00	0.0000E+00	9.3055E-01
4.7140E+03	0.0000E+00	0.0000E+00	9.2646E-01
4.7150E+03	0.0000E+00	0.0000E+00	9.2483E-01
4.7160E+03	0.0000E+00	0.0000E+00	9.3710E-01
4.7170E+03	0.0000E+00	0.0000E+00	9.6774E-01
4.7180E+03	0.0000E+00	0.0000E+00	9.7355E-01
4.7190E+03	0.0000E+00	0.0000E+00	9.7101E-01
4.7200E+03	0.0000E+00	0.0000E+00	9.6455E-01
4.7210E+03	0.0000E+00	0.0000E+00	9.5592E-01
4.7220E+03	0.0000E+00	0.0000E+00	9.6910E-01
4.7230E+03	0.0000E+00	0.0000E+00	9.7801E-01
4.7240E+03	0.0000E+00	0.0000E+00	9.7155E-01
4.7250E+03	0.0000E+00	0.0000E+00	9.6801E-01
4.7260E+03	0.0000E+00	0.0000E+00	9.6837E-01
4.7270E+03	0.0000E+00	0.0000E+00	9.6828E-01
4.7280E+03	0.0000E+00	0.0000E+00	9.6428E-01
4.7290E+03	0.0000E+00	0.0000E+00	9.6628E-01
4.7300E+03	0.0000E+00	0.0000E+00	9.5646E-01
4.7310E+03	0.0000E+00	0.0000E+00	9.4228E-01
4.7320E+03	0.0000E+00	0.0000E+00	9.2983E-01
4.7330E+03	0.0000E+00	0.0000E+00	9.2101E-01
4.7340E+03	0.0000E+00	0.0000E+00	9.0555E-01
4.7350E+03	0.0000E+00	0.0000E+00	8.9174E-01
4.7360E+03	0.0000E+00	0.0000E+00	8.8610E-01
4.7370E+03	0.0000E+00	0.0000E+00	9.0537E-01
4.7380E+03	0.0000E+00	0.0000E+00	9.2355E-01
4.7390E+03	0.0000E+00	0.0000E+00	9.6301E-01
4.7400E+03	0.0000E+00	0.0000E+00	9.7437E-01
4.7410E+03	0.0000E+00	0.0000E+00	9.8001E-01
4.7420E+03	0.0000E+00	0.0000E+00	9.8092E-01
4.7430E+03	0.0000E+00	0.0000E+00	9.7528E-01
4.7440E+03	0.0000E+00	0.0000E+00	9.7919E-01
4.7450E+03	0.0000E+00	0.0000E+00	9.8646E-01
4.7460E+03	0.0000E+00	0.0000E+00	1.0013E+00
4.7470E+03	0.0000E+00	0.0000E+00	9.9174E-01
4.7480E+03	0.0000E+00	0.0000E+00	9.8355E-01
4.7490E+03	0.0000E+00	0.0000E+00	9.8419E-01
4.7500E+03	0.0000E+00	0.0000E+00	9.8283E-01
4.7510E+03	0.0000E+00	0.0000E+00	9.8074E-01
4.7520E+03	0.0000E+00	0.0000E+00	9.7783E-01
4.7530E+03	0.0000E+00	0.0000E+00	9.7601E-01
4.7540E+03	0.0000E+00	0.0000E+00	9.7337E-01
4.7550E+03	0.0000E+00	0.0000E+00	9.7028E-01
4.7560E+03	0.0000E+00	0.0000E+00	9.6219E-01
4.7570E+03	0.0000E+00	0.0000E+00	9.5328E-01
4.7580E+03	0.0000E+00	0.0000E+00	9.4728E-01
4.7590E+03	0.0000E+00	0.0000E+00	9.3819E-01
4.7600E+03	0.0000E+00	0.0000E+00	9.2983E-01
4.7610E+03	0.0000E+00	0.0000E+00	9.2628E-01
4.7620E+03	0.0000E+00	0.0000E+00	9.2183E-01
4.7630E+03	0.0000E+00	0.0000E+00	9.3001E-01
4.7640E+03	0.0000E+00	0.0000E+00	9.5592E-01
4.7650E+03	0.0000E+00	0.0000E+00	1.0067E+00
4.7660E+03	0.0000E+00	0.0000E+00	9.9446E-01
4.7670E+03	0.0000E+00	0.0000E+00	9.8692E-01
4.7680E+03	0.0000E+00	0.0000E+00	9.9001E-01
4.7690E+03	0.0000E+00	0.0000E+00	9.9537E-01
4.7700E+03	0.0000E+00	0.0000E+00	9.9274E-01
4.7710E+03	0.0000E+00	0.0000E+00	9.8228E-01
4.7720E+03	0.0000E+00	0.0000E+00	9.7837E-01
4.7730E+03	0.0000E+00	0.0000E+00	9.7474E-01
4.7740E+03	0.0000E+00	0.0000E+00	9.7146E-01
4.7750E+03	0.0000E+00	0.0000E+00	9.6955E-01
4.7760E+03	0.0000E+00	0.0000E+00	9.7037E-01
4.7770E+03	0.0000E+00	0.0000E+00	9.6819E-01
4.7780E+03	0.0000E+00	0.0000E+00	9.6892E-01
4.7790E+03	0.0000E+00	0.0000E+00	9.6574E-01
4.7800E+03	0.0000E+00	0.0000E+00	9.6755E-01
4.7810E+03	0.0000E+00	0.0000E+00	9.6546E-01
4.7820E+03	0.0000E+00	0.0000E+00	9.6519E-01
4.7830E+03	0.0000E+00	0.0000E+00	9.6519E-01
4.7840E+03	0.0000E+00	0.0000E+00	9.6674E-01
4.7850E+03	0.0000E+00	0.0000E+00	9.6646E-01
4.7860E+03	0.0000E+00	0.0000E+00	9.6783E-01
4.7870E+03	0.0000E+00	0.0000E+00	9.6674E-01
4.7880E+03	0.0000E+00	0.0000E+00	9.6774E-01
4.7890E+03	0.0000E+00	0.0000E+00	9.6728E-01
4.7900E+03	0.0000E+00	0.0000E+00	9.6555E-01
4.7910E+03	0.0000E+00	0.0000E+00	9.6792E-01
4.7920E+03	0.0000E+00	0.0000E+00	9.6583E-01
4.7930E+03	0.0000E+00	0.0000E+00	9.6574E-01
4.7940E+03	0.0000E+00	0.0000E+00	9.6328E-01
4.7950E+03	0.0000E+00	0.0000E+00	9.6546E-01
4.7960E+03	0.0000E+00	0.0000E+00	9.6601E-01
4.7970E+03	0.0000E+00	0.0000E+00	9.6401E-01
4.7980E+03	0.0000E+00	0.0000E+00	9.6474E-01
4.7990E+03	0.0000E+00	0.0000E+00	9.6410E-01
4.8000E+03	0.0000E+00	0.0000E+00	9.6383E-01
4.8010E+03	0.0000E+00	0.0000E+00	9.6274E-01
4.8020E+03	0.0000E+00	0.0000E+00	9.6092E-01
4.8030E+03	0.0000E+00	0.0000E+00	9.6055E-01
4.8040E+03	0.0000E+00	0.0000E+00	9.6383E-01
4.8050E+03	0.0000E+00	0.0000E+00	9.6174E-01
4.8060E+03	0.0000E+00	0.0000E+00	9.6274E-01
4.8070E+03	0.0000E+00	0.0000E+00	9.5910E-01
4.8080E+03	0.0000E+00	0.0000E+00	9.6110E-01
4.8090E+03	0.0000E+00	0.0000E+00	9.6501E-01
4.8100E+03	0.0000E+00	0.0000E+00	9.6455E-01
4.8110E+03	0.0000E+00	0.0000E+00	9.6546E-01
4.8120E+03	0.0000E+00	0.0000E+00	9.6492E-01
4.8130E+03	0.0000E+00	0.0000E+00	9.6619E-01
4.8140E+03	0.0000E+00	0.0000E+00	9.6474E-01
4.8150E+03	0.0000E+00	0.0000E+00	9.6737E-01
4.8160E+03	0.0000E+00	0.0000E+00	9.6492E-01
4.8170E+03	0.0000E+00	0.0000E+00	9.6592E-01
4.8180E+03	0.0000E+00	0.0000E+00	9.6337E-01
4.8190E+03	0.0000E+00	0.0000E+00	9.6146E-01
4.8200E+03	0.0000E+00	0.0000E+00	9.6055E-01
4.8210E+03	0.0000E+00	0.0000E+00	9.5910E-01
4.8220E+03	0.0000E+00	0.0000E+00	9.5810E-01
4.8230E+03	0.0000E+00	0.0000E+00	9.5783E-01
4.8240E+03	0.0000E+00	0.0000E+00	9.5828E-01
4.8250E+03	0.0000E+00	0.0000E+00	9.5992E-01
4.8260E+03	0.0000E+00	0.0000E+00	9.6010E-01
4.8270E+03	0.0000E+00	0.0000E+00	9.5874E-01
4.8280E+03	0.0000E+00	0.0000E+00	9.5946E-01
4.8290E+03	0.0000E+00	0.0000E+00	9.6037E-01
4.8300E+03	0.0000E+00	0.0000E+00	9.6046E-01
4.8310E+03	0.0000E+00	0.0000E+00	9.5746E-01
4.8320E+03	0.0000E+00	0.0000E+00	9.6274E-01
4.8330E+03	0.0000E+00	0.0000E+00	9.6401E-01
4.8340E+03	0.0000E+00	0.0000E+00	9.6437E-01
4.8350E+03	0.0000E+00	0.0000E+00	9.6583E-01
4.8360E+03	0.0000E+00	0.0000E+00	9.6828E-01
4.8370E+03	0.0000E+00	0.0000E+00	9.6783E-01
4.8380E+03	0.0000E+00	0.0000E+00	9.6801E-01
4.8390E+03	0.0000E+00	0.0000E+00	9.6692E-01
4.8400E+03	0.0000E+00	0.0000E+00	9.6810E-01
4.8410E+03	0.0000E+00	0.0000E+00	9.6492E-01
4.8420E+03	0.0000E+00	0.0000E+00	9.6392E-01
4.8430E+03	0.0000E+00	0.0000E+00	9.5928E-01
4.8440E+03	0.0000E+00	0.0000E+00	9.5646E-01
4.8450E+03	0.0000E+00	0.0000E+00	9.5755E-01
4.8460E+03	0.0000E+00	0.0000E+00	9.5555E-01
4.8470E+03	0.0000E+00	0.0000E+00	9.5755E-01
4.8480E+03	0.0000E+00	0.0000E+00	9.5828E-01
4.8490E+03	0.0000E+00	0.0000E+00	9.5955E-01
4.8500E+03	0.0000E+00	0.0000E+00	9.5901E-01
4.8510E+03	0.0000E+00	0.0000E+00	9.5983E-01
4.8520E+03	0.0000E+00	0.0000E+00	9.5783E-01
4.8530E+03	0.0000E+00	0.0000E+00	9.5919E-01
4.8540E+03	0.0000E+00	0.0000E+00	9.5774E-01
4.8550E+03	0.0000E+00	0.0000E+00	9.5683E-01
4.8560E+03	0.0000E+00	0.0000E+00	9.6074E-01
4.8570E+03	0.0000E+00	0.0000E+00	9.6337E-01
4.8580E+03	0.0000E+00	0.0000E+00	9.6537E-01
4.8590E+03	0.0000E+00	0.0000E+00	9.6674E-01
4.8600E+03	0.0000E+00	0.0000E+00	9.6601E-01
4.8610E+03	0.0000E+00	0.0000E+00	9.6374E-01
4.8620E+03	0.0000E+00	0.0000E+00	9.6455E-01
4.8630E+03	0.0000E+00	0.0000E+00	9.6337E-01
4.8640E+03	0.0000E+00	0.0000E+00	9.6419E-01
4.8650E+03	0.0000E+00	0.0000E+00	9.6428E-01
4.8660E+03	0.0000E+00	0.0000E+00	9.6228E-01
4.8670E+03	0.0000E+00	0.0000E+00	9.6128E-01
4.8680E+03	0.0000E+00	0.0000E+00	9.5910E-01
4.8690E+03	0.0000E+00	0.0000E+00	9.5837E-01
4.8700E+03	0.0000E+00	0.0000E+00	9.5801E-01
4.8710E+03	0.0000E+00	0.0000E+00	9.6019E-01
4.8720E+03	0.0000E+00	0.0000E+00	9.5737E-01
4.8730E+03	0.0000E+00	0.0000E+00	9.5946E-01
4.8740E+03	0.0000E+00	0.0000E+00	9.5928E-01
4.8750E+03	0.0000E+00	0.0000E+00	9.6019E-01
4.8760E+03	0.0000E+00	0.0000E+00	9.5910E-01
4.8770E+03	0.0000E+00	0.0000E+00	9.6137E-01
4.8780E+03	0.0000E+00	0.0000E+00	9.6092E-01
4.8790E+03	0.0000E+00	0.0000E+00	9.6037E-01
4.8800E+03	0.0000E+00	0.0000E+00	9.6019E-01
4.8810E+03	0.0000E+00	0.0000E+00	9.6437E-01
4.8820E+03	0.0000E+00	0.0000E+00	9.6374E-01
4.8830E+03	0.0000E+00	0.0000E+00	9.6692E-01
4.8840E+03	0.0000E+00	0.0000E+00	9.6810E-01
4.8850E+03	0.0000E+00	0.0000E+00	9.6555E-01
4.8860E+03	0.0000E+00	0.0000E+00	9.7183E-01
4.8870E+03	0.0000E+00	0.0000E+00	9.6828E-01
4.8880E+03	0.0000E+00	0.0000E+00	9.6783E-01
4.8890E+03	0.0000E+00	0.0000E+00	9.6955E-01
4.8900E+03	0.0000E+00	0.0000E+00	9.6328E-01
4.8910E+03	0.0000E+00	0.0000E+00	9.5946E-01
4.8920E+03	0.0000E+00	0.0000E+00	9.6346E-01
4.8930E+03	0.0000E+00	0.0000E+00	9.6392E-01
4.8940E+03	0.0000E+00	0.0000E+00	9.6419E-01
4.8950E+03	0.0000E+00	0.0000E+00	9.6492E-01
4.8960E+03	0.0000E+00	0.0000E+00	9.7083E-01
4.8970E+03	0.0000E+00	0.0000E+00	9.7128E-01
4.8980E+03	0.0000E+00	0.0000E+00	9.7183E-01
4.8990E+03	0.0000E+00	0.0000E+00	9.7337E-01
4.9000E+03	0.0000E+00	0.0000E+00	9.7283E-01
4.9010E+03	0.0000E+00	0.0000E+00	9.7092E-01
4.9020E+03	0.0000E+00	0.0000E+00	9.7346E-01
4.9030E+03	0.0000E+00	0.0000E+00	9.7328E-01
4.9040E+03	0.0000E+00	0.0000E+00	9.7128E-01
4.9050E+03	0.0000E+00	0.0000E+00	9.7510E-01
4.9060E+03	0.0000E+00	0.0000E+00	9.7428E-01
4.9070E+03	0.0000E+00	0.0000E+00	9.7537E-01
4.9080E+03	0.0000E+00	0.0000E+00	9.7301E-01
4.9090E+03	0.0000E+00	0.0000E+00	9.7374E-01
4.9100E+03	0.0000E+00	0.0000E+00	9.7419E-01
4.9110E+03	0.0000E+00	0.0000E+00	9.7419E-01
4.9120E+03	0.0000E+00	0.0000E+00	9.7819E-01
4.9130E+03	0.0000E+00	0.0000E+00	9.7437E-01
4.9140E+03	0.0000E+00	0.0000E+00	9.7183E-01
4.9150E+03	0.0000E+00	0.0000E+00	9.6646E-01
4.9160E+03	0.0000E+00	0.0000E+00	9.6683E-01
4.9170E+03	0.0000E+00	0.0000E+00	9.6937E-01
4.9180E+03	0.0000E+00	0.0000E+00	9.7210E-01
4.9190E+03	0.0000E+00	0.0000E+00	9.7101E-01
4.9200E+03	0.0000E+00	0.0000E+00	9.7092E-01
4.9210E+03	0.0000E+00	0.0000E+00	9.7455E-01
4.9220E+03	0.0000E+00	0.0000E+00	9.7728E-01
4.9230E+03	0.0000E+00	0.0000E+00	9.7837E-01
4.9240E+03	0.0000E+00	0.0000E+00	9.8037E-01
4.9250E+03	0.0000E+00	0.0000E+00	9.8110E-01
4.9260E+03	0.0000E+00	0.0000E+00	9.8001E-01
4.9270E+03	0.0000E+00	0.0000E+00	9.8183E-01
4.9280E+03	0.0000E+00	0.0000E+00	9.7937E-01
4.9290E+03	0.0000E+00	0.0000E+00	9.7801E-01
4.9300E+03	0.0000E+00	0.0000E+00	9.7946E-01
4.9310E+03	0.0000E+00	0.0000E+00	9.7892E-01
4.9320E+03	0.0000E+00	0.0000E+00	9.7819E-01
4.9330E+03	0.0000E+00	0.0000E+00	9.7828E-01
4.9340E+03	0.0000E+00	0.0000E+00	9.7774E-01
4.9350E+03	0.0000E+00	0.0000E+00	9.7410E-01
4.9360E+03	0.0000E+00	0.0000E+00	9.7528E-01
4.9370E+03	0.0000E+00	0.0000E+00	9.7692E-01
4.9380E+03	0.0000E+00	0.0000E+00	9.7401E-01
4.9390E+03	0.0000E+00	0.0000E+00	9.7474E-01
4.9400E+03	0.0000E+00	0.0000E+00	9.7174E-01
4.9410E+03	0.0000E+00	0.0000E+00	9.7155E-01
4.9420E+03	0.0000E+00	0.0000E+00	9.6983E-01
4.9430E+03	0.0000E+00	0.0000E+00	9.6937E-01
4.9440E+03	0.0000E+00	0.0000E+00	9.7201E-01
4.9450E+03	0.0000E+00	0.0000E+00	9.6992E-01
4.9460E+03	0.0000E+00	0.0000E+00	9.7346E-01
4.9470E+03	0.0000E+00	0.0000E+00	9.7055E-01
4.9480E+03	0.0000E+00	0.0000E+00	9.6937E-01
4.9490E+03	0.0000E+00	0.0000E+00	9.7183E-01
4.9500E+03	0.0000E+00	0.0000E+00	9.7174E-01
4.9510E+03	0.0000E+00	0.0000E+00	9.7046E-01
4.9520E+03	0.0000E+00	0.0000E+00	9.6837E-01
4.9530E+03	0.0000E+00	0.0000E+00	9.6955E-01
4.9540E+03	0.0000E+00	0.0000E+00	9.7183E-01
4.9550E+03	0.0000E+00	0.0000E+00	9.6910E-01
4.9560E+03	0.0000E+00	0.0000E+00	9.7110E-01
4.9570E+03	0.0000E+00	0.0000E+00	9.6801E-01
4.9580E+03	0.0000E+00	0.0000E+00	9.7155E-01
4.9590E+03	0.0000E+00	0.0000E+00	9.7146E-01
4.9600E+03	0.0000E+00	0.0000E+00	9.7010E-01
4.9610E+03	0.0000E+00	0.0000E+00	9.6928E-01
4.9620E+03	0.0000E+00	0.0000E+00	9.6746E-01
4.9630E+03	0.0000E+00	0.0000E+00	9.6410E-01
4.9640E+03	0.0000E+00	0.0000E+00	9.6592E-01
4.9650E+03	0.0000E+00	0.0000E+00	9.6437E-01
4.9660E+03	0.0000E+00	0.0000E+00	9.6137E-01
4.9670E+03	0.0000E+00	0.0000E+00	9.6374E-01
4.9680E+03	0.0000E+00	0.0000E+00	9.6410E-01
4.9690E+03	0.0000E+00	0.0000E+00	9.6219E-01
4.9700E+03	0.0000E+00	0.0000E+00	9.6010E-01
4.9710E+03	0.0000E+00	0.0000E+00	9.6119E-01
4.9720E+03	0.0000E+00	0.0000E+00	9.5955E-01
4.9730E+03	0.0000E+00	0.0000E+00	9.6101E-01
4.9740E+03	0.0000E+00	0.0000E+00	9.5983E-01
4.9750E+03	0.0000E+00	0.0000E+00	9.5928E-01
4.9760E+03	0.0000E+00	0.0000E+00	9.5883E-01
4.9770E+03	0.0000E+00	0.0000E+00	9.6274E-01
4.9780E+03	0.0000E+00	0.0000E+00	9.6246E-01
4.9790E+03	0.0000E+00	0.0000E+00	9.6246E-01
4.9800E+03	0.0000E+00	0.0000E+00	9.6628E-01
4.9810E+03	0.0000E+00	0.0000E+00	9.5992E-01
4.9820E+03	0.0000E+00	0.0000E+00	9.5801E-01
4.9830E+03	0.0000E+00	0.0000E+00	9.5901E-01
4.9840E+03	0.0000E+00	0.0000E+00	9.5783E-01
4.9850E+03	0.0000E+00	0.0000E+00	9.5728E-01
4.9860E+03	0.0000E+00	0.0000E+00	9.5810E-01
4.9870E+03	0.0000E+00	0.0000E+00	9.6119E-01
4.9880E+03	0.0000E+00	0.0000E+00	9.5755E-01
4.9890E+03	0.0000E+00	0.0000E+00	9.5692E-01
4.9900E+03	0.0000E+00	0.0000E+00	9.5492E-01
4.9910E+03	0.0000E+00	0.0000E+00	9.5719E-01
4.9920E+03	0.0000E+00	0.0000E+00	9.5219E-01
4.9930E+03	0.0000E+00	0.0000E+00	9.5474E-01
4.9940E+03	0.0000E+00	0.0000E+00	9.5319E-01
4.9950E+03	0.0000E+00	0.0000E+00	9.5174E-01
4.9960E+03	0.0000E+00	0.0000E+00	9.5437E-01
4.9970E+03	0.0000E+00	0.0000E+00	9.5310E-01
4.9980E+03	0.0000E+00	0.0000E+00	9.5028E-01
4.9990E+03	0.0000E+00	0.0000E+00	9.5010E-01
5.0000E+03	0.0000E+00	0.0000E+00	9.5283E-01
5.0010E+03	0.0000E+00	0.0000E+00	9.5755E-01
5.0020E+03	0.0000E+00	0.0000E+00	9.5655E-01
5.0030E+03	0.0000E+00	0.0000E+00	9.5828E-01
5.0040E+03	0.0000E+00	0.0000E+00	9.6010E-01
5.0050E+03	0.0000E+00	0.0000E+00	9.5892E-01
5.0060E+03	0.0000E+00	0.0000E+00	9.5646E-01
5.0070E+03	0.0000E+00	0.0000E+00	9.5874E-01
5.0080E+03	0.0000E+00	0.0000E+00	9.5974E-01
5.0090E+03	0.0000E+00	0.0000E+00	9.6128E-01
5.0100E+03	0.0000E+00	0.0000E+00	9.5637E-01
5.0110E+03	0.0000E+00	0.0000E+00	9.5392E-01
5.0120E+03	0.0000E+00	0.0000E+00	9.5519E-01
5.0130E+03	0.0000E+00	0.0000E+00	9.5274E-01
5.0140E+03	0.0000E+00	0.0000E+00	9.5410E-01
5.0150E+03	0.0000E+00	0.0000E+00	9.5483E-01
5.0160E+03	0.0000E+00	0.0000E+00	9.5555E-01
5.0170E+03	0.0000E+00	0.0000E+00	9.5555E-01
5.0180E+03	0.0000E+00	0.0000E+00	9.5328E-01
5.0190E+03	0.0000E+00	0.0000E+00	9.5710E-01
5.0200E+03	0.0000E+00	0.0000E+00	9.5346E-01
5.0210E+03	0.0000E+00	0.0000E+00	9.5301E-01
5.0220E+03	0.0000E+00	0.0000E+00	9.5137E-01
5.0230E+03	0.0000E+00	0.0000E+00	9.5110E-01
5.0240E+03	0.0000E+00	0.0000E+00	9.5310E-01
5.0250E+03	0.0000E+00	0.0000E+00	9.5583E-01
5.0260E+03	0.0000E+00	0.0000E+00	9.5692E-01
5.0270E+03	0.0000E+00	0.0000E+00	9.5928E-01
5.0280E+03	0.0000E+00	0.0000E+00	9.5928E-01
5.0290E+03	0.0000E+00	0.0000E+00	9.5983E-01
5.0300E+03	0.0000E+00	0.0000E+00	9.5801E-01
5.0310E+03	0.0000E+00	0.0000E+00	9.6055E-01
5.0320E+03	0.0000E+00	0.0000E+00	9.6228E-01
5.0330E+03	0.0000E+00	0.0000E+00	9.6110E-01
5.0340E+03	0.0000E+00	0.0000E+00	9.5701E-01
5.0350E+03	0.0000E+00	0.0000E+00	9.5383E-01
5.0360E+03	0.0000E+00	0.0000E+00	9.5446E-01
5.0370E+03	0.0000E+00	0.0000E+00	9.5410E-01
5.0380E+03	0.0000E+00	0.0000E+00	9.5419E-01
5.0390E+03	0.0000E+00	0.0000E+00	9.5210E-01
5.0400E+03	0.0000E+00	0.0000E+00	9.5146E-01
5.0410E+03	0.0000E+00	0.0000E+00	9.5401E-01
5.0420E+03	0.0000E+00	0.0000E+00	9.5410E-01
5.0430E+03	0.0000E+00	0.0000E+00	9.5219E-01
5.0440E+03	0.0000E+00	0.0000E+00	9.5292E-01
5.0450E+03	0.0000E+00	0.0000E+00	9.5092E-01
5.0460E+03	0.0000E+00	0.0000E+00	9.5046E-01
5.0470E+03	0.0000E+00	0.0000E+00	9.5119E-01
5.0480E+03	0.0000E+00	0.0000E+00	9.5301E-01
5.0490E+03	0.0000E+00	0.0000E+00	9.5546E-01
5.0500E+03	0.0000E+00	0.0000E+00	9.5592E-01
5.0510E+03	0.0000E+00	0.0000E+00	9.5828E-01
5.0520E+03	0.0000E+00	0.0000E+00	9.5283E-01
5.0530E+03	0.0000E+00	0.0000E+00	9.6010E-01
5.0540E+03	0.0000E+00	0.0000E+00	9.5828E-01
5.0550E+03	0.0000E+00	0.0000E+00	9.5655E-01
5.0560E+03	0.0000E+00	0.0000E+00	9.6083E-01
5.0570E+03	0.0000E+00	0.0000E+00	9.5955E-01
5.0580E+03	0.0000E+00	0.0000E+00	9.5601E-01
5.0590E+03	0.0000E+00	0.0000E+00	9.5483E-01
5.0600E+03	0.0000E+00	0.0000E+00	9.5283E-01
5.0610E+03	0.0000E+00	0.0000E+00	9.5255E-01
5.0620E+03	0.0000E+00	0.0000E+00	9.5228E-01
5.0630E+03	0.0000E+00	0.0000E+00	9.5374E-01
5.0640E+03	0.0000E+00	0.0000E+00	9.5346E-01
5.0650E+03	0.0000E+00	0.0000E+00	9.5437E-01
5.0660E+03	0.0000E+00	0.0000E+00	9.4946E-01
5.0670E+03	0.0000E+00	0.0000E+00	9.5055E-01
5.0680E+03	0.0000E+00	0.0000E+00	9.4883E-01
5.0690E+03	0.0000E+00	0.0000E+00	9.5219E-01
5.0700E+03	0.0000E+00	0.0000E+00	9.5237E-01
5.0710E+03	0.0000E+00	0.0000E+00	9.5292E-01
5.0720E+03	0.0000E+00	0.0000E+00	9.5419E-01
5.0730E+03	0.0000E+00	0.0000E+00	9.5446E-01
5.0740E+03	0.0000E+00	0.0000E+00	9.5492E-01
5.0750E+03	0.0000E+00	0.0000E+00	9.5646E-01
5.0760E+03	0.0000E+00	0.0000E+00	9.5401E-01
5.0770E+03	0.0000E+00	0.0000E+00	9.5537E-01
5.0780E+03	0.0000E+00	0.0000E+00	9.5519E-01
5.0790E+03	0.0000E+00	0.0000E+00	9.5883E-01
5.0800E+03	0.0000E+00	0.0000E+00	9.6119E-01
5.0810E+03	0.0000E+00	0.0000E+00	9.6046E-01
5.0820E+03	0.0000E+00	0.0000E+00	9.6119E-01
5.0830E+03	0.0000E+00	0.0000E+00	9.5974E-01
5.0840E+03	0.0000E+00	0.0000E+00	9.5992E-01
5.0850E+03	0.0000E+00	0.0000E+00	9.6155E-01
5.0860E+03	0.0000E+00	0.0000E+00	9.6292E-01
5.0870E+03	0.0000E+00	0.0000E+00	9.5992E-01
5.0880E+03	0.0000E+00	0.0000E+00	9.5955E-01
5.0890E+03	0.0000E+00	0.0000E+00	9.6055E-01
5.0900E+03	0.0000E+00	0.0000E+00	9.6128E-01
5.0910E+03	0.0000E+00	0.0000E+00	9.5937E-01
5.0920E+03	0.0000E+00	0.0000E+00	9.5919E-01
5.0930E+03	0.0000E+00	0.0000E+00	9.5692E-01
5.0940E+03	0.0000E+00	0.0000E+00	9.5592E-01
5.0950E+03	0.0000E+00	0.0000E+00	9.5301E-01
5.0960E+03	0.0000E+00	0.0000E+00	9.5374E-01
5.0970E+03	0.0000E+00	0.0000E+00	9.5455E-01
5.0980E+03	0.0000E+00	0.0000E+00	9.5174E-01
5.0990E+03	0.0000E+00	0.0000E+00	9.5374E-01
5.1000E+03	0.0000E+00	0.0000E+00	9.5437E-01
5.1010E+03	0.0000E+00	0.0000E+00	9.5492E-01
5.1020E+03	0.0000E+00	0.0000E+00	9.5419E-01
5.1030E+03	0.0000E+00	0.0000E+00	9.5401E-01
5.1040E+03	0.0000E+00	0.0000E+00	9.5028E-01
5.1050E+03	0.0000E+00	0.0000E+00	9.5101E-01
5.1060E+03	0.0000E+00	0.0000E+00	9.5019E-01
5.1070E+03	0.0000E+00	0.0000E+00	9.5137E-01
5.1080E+03	0.0000E+00	0.0000E+00	9.4892E-01
5.1090E+03	0.0000E+00	0.0000E+00	9.4574E-01
5.1100E+03	0.0000E+00	0.0000E+00	9.4428E-01
5.1110E+03	0.0000E+00	0.0000E+00	9.4174E-01
5.1120E+03	0.0000E+00	0.0000E+00	9.4374E-01
5.1130E+03	0.0000E+00	0.0000E+00	9.3937E-01
5.1140E+03	0.0000E+00	0.0000E+00	9.3392E-01
5.1150E+03	0.0000E+00	0.0000E+00	9.3010E-01
5.1160E+03	0.0000E+00	0.0000E+00	9.3028E-01
5.1170E+03	0.0000E+00	0.0000E+00	9.2919E-01
5.1180E+03	0.0000E+00	0.0000E+00	9.2319E-01
5.1190E+03	0.0000E+00	0.0000E+00	9.1710E-01
5.1200E+03	0.0000E+00	0.0000E+00	9.1583E-01
5.1210E+03	0.0000E+00	0.0000E+00	9.0974E-01
5.1220E+03	0.0000E+00	0.0000E+00	9.1010E-01
5.1230E+03	0.0000E+00	0.0000E+00	9.1037E-01
5.1240E+03	0.0000E+00	0.0000E+00	9.0901E-01
5.1250E+03	0.0000E+00	0.0000E+00	9.1010E-01
5.1260E+03	0.0000E+00	0.0000E+00	9.0883E-01
5.1270E+03	0.0000E+00	0.0000E+00	9.3328E-01
5.1280E+03	0.0000E+00	0.0000E+00	9.4392E-01
5.1290E+03	0.0000E+00	0.0000E+00	9.5210E-01
5.1300E+03	0.0000E+00	0.0000E+00	9.5328E-01
5.1310E+03	0.0000E+00	0.0000E+00	9.5501E-01
