TIME_UNITS h
DATA_UNITS m
!h  x   y   z
0.0000E+00	0.0000E+00	0.0000E+00	8.8125E-01
1.0000E+00	0.0000E+00	0.0000E+00	8.8125E-01
2.0000E+00	0.0000E+00	0.0000E+00	8.9054E-01
3.0000E+00	0.0000E+00	0.0000E+00	9.0495E-01
4.0000E+00	0.0000E+00	0.0000E+00	9.1615E-01
5.0000E+00	0.0000E+00	0.0000E+00	9.2076E-01
6.0000E+00	0.0000E+00	0.0000E+00	9.3064E-01
7.0000E+00	0.0000E+00	0.0000E+00	9.3995E-01
8.0000E+00	0.0000E+00	0.0000E+00	9.5215E-01
9.0000E+00	0.0000E+00	0.0000E+00	9.6185E-01
1.0000E+01	0.0000E+00	0.0000E+00	9.6495E-01
1.1000E+01	0.0000E+00	0.0000E+00	9.1215E-01
1.2000E+01	0.0000E+00	0.0000E+00	9.0654E-01
1.3000E+01	0.0000E+00	0.0000E+00	9.0176E-01
1.4000E+01	0.0000E+00	0.0000E+00	8.7225E-01
1.5000E+01	0.0000E+00	0.0000E+00	9.1154E-01
1.6000E+01	0.0000E+00	0.0000E+00	9.0435E-01
1.7000E+01	0.0000E+00	0.0000E+00	9.1525E-01
1.8000E+01	0.0000E+00	0.0000E+00	8.9964E-01
1.9000E+01	0.0000E+00	0.0000E+00	9.0505E-01
2.0000E+01	0.0000E+00	0.0000E+00	9.0395E-01
2.1000E+01	0.0000E+00	0.0000E+00	9.0605E-01
2.2000E+01	0.0000E+00	0.0000E+00	9.0325E-01
2.3000E+01	0.0000E+00	0.0000E+00	8.9944E-01
2.4000E+01	0.0000E+00	0.0000E+00	9.0264E-01
2.5000E+01	0.0000E+00	0.0000E+00	9.0905E-01
2.6000E+01	0.0000E+00	0.0000E+00	9.0825E-01
2.7000E+01	0.0000E+00	0.0000E+00	9.1144E-01
2.8000E+01	0.0000E+00	0.0000E+00	9.2895E-01
2.9000E+01	0.0000E+00	0.0000E+00	9.5925E-01
3.0000E+01	0.0000E+00	0.0000E+00	9.8095E-01
3.1000E+01	0.0000E+00	0.0000E+00	9.8335E-01
3.2000E+01	0.0000E+00	0.0000E+00	9.5925E-01
3.3000E+01	0.0000E+00	0.0000E+00	9.4176E-01
3.4000E+01	0.0000E+00	0.0000E+00	9.3415E-01
3.5000E+01	0.0000E+00	0.0000E+00	9.0376E-01
3.6000E+01	0.0000E+00	0.0000E+00	9.0654E-01
3.7000E+01	0.0000E+00	0.0000E+00	8.9664E-01
3.8000E+01	0.0000E+00	0.0000E+00	8.8566E-01
3.9000E+01	0.0000E+00	0.0000E+00	9.0244E-01
4.0000E+01	0.0000E+00	0.0000E+00	9.0085E-01
4.1000E+01	0.0000E+00	0.0000E+00	8.9754E-01
4.2000E+01	0.0000E+00	0.0000E+00	8.9576E-01
4.3000E+01	0.0000E+00	0.0000E+00	8.9005E-01
4.4000E+01	0.0000E+00	0.0000E+00	8.9435E-01
4.5000E+01	0.0000E+00	0.0000E+00	8.9244E-01
4.6000E+01	0.0000E+00	0.0000E+00	8.8995E-01
4.7000E+01	0.0000E+00	0.0000E+00	8.8525E-01
4.8000E+01	0.0000E+00	0.0000E+00	8.7725E-01
4.9000E+01	0.0000E+00	0.0000E+00	8.7225E-01
5.0000E+01	0.0000E+00	0.0000E+00	8.8825E-01
5.1000E+01	0.0000E+00	0.0000E+00	8.9976E-01
5.2000E+01	0.0000E+00	0.0000E+00	9.1095E-01
5.3000E+01	0.0000E+00	0.0000E+00	9.2235E-01
5.4000E+01	0.0000E+00	0.0000E+00	9.3876E-01
5.5000E+01	0.0000E+00	0.0000E+00	9.4495E-01
5.6000E+01	0.0000E+00	0.0000E+00	9.5615E-01
5.7000E+01	0.0000E+00	0.0000E+00	9.7785E-01
5.8000E+01	0.0000E+00	0.0000E+00	9.9676E-01
5.9000E+01	0.0000E+00	0.0000E+00	8.8354E-01
6.0000E+01	0.0000E+00	0.0000E+00	9.0485E-01
6.1000E+01	0.0000E+00	0.0000E+00	9.0744E-01
6.2000E+01	0.0000E+00	0.0000E+00	8.8195E-01
6.3000E+01	0.0000E+00	0.0000E+00	8.6835E-01
6.4000E+01	0.0000E+00	0.0000E+00	8.6895E-01
6.5000E+01	0.0000E+00	0.0000E+00	8.7076E-01
6.6000E+01	0.0000E+00	0.0000E+00	8.7105E-01
6.7000E+01	0.0000E+00	0.0000E+00	8.7464E-01
6.8000E+01	0.0000E+00	0.0000E+00	8.7654E-01
6.9000E+01	0.0000E+00	0.0000E+00	9.0854E-01
7.0000E+01	0.0000E+00	0.0000E+00	8.9925E-01
7.1000E+01	0.0000E+00	0.0000E+00	8.9854E-01
7.2000E+01	0.0000E+00	0.0000E+00	8.9335E-01
7.3000E+01	0.0000E+00	0.0000E+00	8.8476E-01
7.4000E+01	0.0000E+00	0.0000E+00	8.8685E-01
7.5000E+01	0.0000E+00	0.0000E+00	9.0095E-01
7.6000E+01	0.0000E+00	0.0000E+00	9.0705E-01
7.7000E+01	0.0000E+00	0.0000E+00	9.1005E-01
7.8000E+01	0.0000E+00	0.0000E+00	9.1744E-01
7.9000E+01	0.0000E+00	0.0000E+00	9.2035E-01
8.0000E+01	0.0000E+00	0.0000E+00	9.2676E-01
8.1000E+01	0.0000E+00	0.0000E+00	9.3044E-01
8.2000E+01	0.0000E+00	0.0000E+00	9.4864E-01
8.3000E+01	0.0000E+00	0.0000E+00	9.0885E-01
8.4000E+01	0.0000E+00	0.0000E+00	9.1495E-01
8.5000E+01	0.0000E+00	0.0000E+00	9.0925E-01
8.6000E+01	0.0000E+00	0.0000E+00	8.7385E-01
8.7000E+01	0.0000E+00	0.0000E+00	8.7515E-01
8.8000E+01	0.0000E+00	0.0000E+00	8.8735E-01
8.9000E+01	0.0000E+00	0.0000E+00	8.8115E-01
9.0000E+01	0.0000E+00	0.0000E+00	8.8064E-01
9.1000E+01	0.0000E+00	0.0000E+00	8.8195E-01
9.2000E+01	0.0000E+00	0.0000E+00	9.0076E-01
9.3000E+01	0.0000E+00	0.0000E+00	9.1615E-01
9.4000E+01	0.0000E+00	0.0000E+00	9.0735E-01
9.5000E+01	0.0000E+00	0.0000E+00	8.9964E-01
9.6000E+01	0.0000E+00	0.0000E+00	8.9825E-01
9.7000E+01	0.0000E+00	0.0000E+00	8.9376E-01
9.8000E+01	0.0000E+00	0.0000E+00	8.9535E-01
9.9000E+01	0.0000E+00	0.0000E+00	8.9644E-01
1.0000E+02	0.0000E+00	0.0000E+00	9.0035E-01
1.0100E+02	0.0000E+00	0.0000E+00	8.9685E-01
1.0200E+02	0.0000E+00	0.0000E+00	8.9605E-01
1.0300E+02	0.0000E+00	0.0000E+00	8.8995E-01
1.0400E+02	0.0000E+00	0.0000E+00	8.8776E-01
1.0500E+02	0.0000E+00	0.0000E+00	8.8485E-01
1.0600E+02	0.0000E+00	0.0000E+00	8.8064E-01
1.0700E+02	0.0000E+00	0.0000E+00	8.8166E-01
1.0800E+02	0.0000E+00	0.0000E+00	8.7905E-01
1.0900E+02	0.0000E+00	0.0000E+00	8.8005E-01
1.1000E+02	0.0000E+00	0.0000E+00	8.7676E-01
1.1100E+02	0.0000E+00	0.0000E+00	8.7676E-01
1.1200E+02	0.0000E+00	0.0000E+00	8.7544E-01
1.1300E+02	0.0000E+00	0.0000E+00	8.7776E-01
1.1400E+02	0.0000E+00	0.0000E+00	8.7785E-01
1.1500E+02	0.0000E+00	0.0000E+00	8.7854E-01
1.1600E+02	0.0000E+00	0.0000E+00	8.7854E-01
1.1700E+02	0.0000E+00	0.0000E+00	8.7876E-01
1.1800E+02	0.0000E+00	0.0000E+00	8.7754E-01
1.1900E+02	0.0000E+00	0.0000E+00	8.7685E-01
1.2000E+02	0.0000E+00	0.0000E+00	8.7785E-01
1.2100E+02	0.0000E+00	0.0000E+00	8.7876E-01
1.2200E+02	0.0000E+00	0.0000E+00	8.7954E-01
1.2300E+02	0.0000E+00	0.0000E+00	8.8105E-01
1.2400E+02	0.0000E+00	0.0000E+00	8.8185E-01
1.2500E+02	0.0000E+00	0.0000E+00	8.7954E-01
1.2600E+02	0.0000E+00	0.0000E+00	8.8054E-01
1.2700E+02	0.0000E+00	0.0000E+00	8.7876E-01
1.2800E+02	0.0000E+00	0.0000E+00	8.7785E-01
1.2900E+02	0.0000E+00	0.0000E+00	8.7925E-01
1.3000E+02	0.0000E+00	0.0000E+00	8.7885E-01
1.3100E+02	0.0000E+00	0.0000E+00	8.7644E-01
1.3200E+02	0.0000E+00	0.0000E+00	8.7776E-01
1.3300E+02	0.0000E+00	0.0000E+00	8.7844E-01
1.3400E+02	0.0000E+00	0.0000E+00	8.8166E-01
1.3500E+02	0.0000E+00	0.0000E+00	8.8485E-01
1.3600E+02	0.0000E+00	0.0000E+00	8.9244E-01
1.3700E+02	0.0000E+00	0.0000E+00	8.9505E-01
1.3800E+02	0.0000E+00	0.0000E+00	9.0064E-01
1.3900E+02	0.0000E+00	0.0000E+00	9.1035E-01
1.4000E+02	0.0000E+00	0.0000E+00	9.1735E-01
1.4100E+02	0.0000E+00	0.0000E+00	9.2554E-01
1.4200E+02	0.0000E+00	0.0000E+00	9.4076E-01
1.4300E+02	0.0000E+00	0.0000E+00	9.5105E-01
1.4400E+02	0.0000E+00	0.0000E+00	9.6205E-01
1.4500E+02	0.0000E+00	0.0000E+00	9.9735E-01
1.4600E+02	0.0000E+00	0.0000E+00	9.9295E-01
1.4700E+02	0.0000E+00	0.0000E+00	9.8035E-01
1.4800E+02	0.0000E+00	0.0000E+00	9.7025E-01
1.4900E+02	0.0000E+00	0.0000E+00	9.7295E-01
1.5000E+02	0.0000E+00	0.0000E+00	9.6244E-01
1.5100E+02	0.0000E+00	0.0000E+00	9.6095E-01
1.5200E+02	0.0000E+00	0.0000E+00	9.6276E-01
1.5300E+02	0.0000E+00	0.0000E+00	9.6035E-01
1.5400E+02	0.0000E+00	0.0000E+00	9.6035E-01
1.5500E+02	0.0000E+00	0.0000E+00	9.5864E-01
1.5600E+02	0.0000E+00	0.0000E+00	9.5305E-01
1.5700E+02	0.0000E+00	0.0000E+00	9.5444E-01
1.5800E+02	0.0000E+00	0.0000E+00	9.6805E-01
1.5900E+02	0.0000E+00	0.0000E+00	9.7376E-01
1.6000E+02	0.0000E+00	0.0000E+00	9.9315E-01
1.6100E+02	0.0000E+00	0.0000E+00	9.9625E-01
1.6200E+02	0.0000E+00	0.0000E+00	9.8925E-01
1.6300E+02	0.0000E+00	0.0000E+00	9.9685E-01
1.6400E+02	0.0000E+00	0.0000E+00	9.8935E-01
1.6500E+02	0.0000E+00	0.0000E+00	9.8776E-01
1.6600E+02	0.0000E+00	0.0000E+00	9.8585E-01
1.6700E+02	0.0000E+00	0.0000E+00	9.7644E-01
1.6800E+02	0.0000E+00	0.0000E+00	9.7035E-01
1.6900E+02	0.0000E+00	0.0000E+00	9.5976E-01
1.7000E+02	0.0000E+00	0.0000E+00	9.5425E-01
1.7100E+02	0.0000E+00	0.0000E+00	9.4944E-01
1.7200E+02	0.0000E+00	0.0000E+00	9.4795E-01
1.7300E+02	0.0000E+00	0.0000E+00	9.3595E-01
1.7400E+02	0.0000E+00	0.0000E+00	9.3244E-01
1.7500E+02	0.0000E+00	0.0000E+00	9.2754E-01
1.7600E+02	0.0000E+00	0.0000E+00	9.2615E-01
1.7700E+02	0.0000E+00	0.0000E+00	9.2635E-01
1.7800E+02	0.0000E+00	0.0000E+00	9.2225E-01
1.7900E+02	0.0000E+00	0.0000E+00	9.2295E-01
1.8000E+02	0.0000E+00	0.0000E+00	9.2764E-01
1.8100E+02	0.0000E+00	0.0000E+00	9.3366E-01
1.8200E+02	0.0000E+00	0.0000E+00	9.3376E-01
1.8300E+02	0.0000E+00	0.0000E+00	9.3825E-01
1.8400E+02	0.0000E+00	0.0000E+00	9.4185E-01
1.8500E+02	0.0000E+00	0.0000E+00	9.5625E-01
1.8600E+02	0.0000E+00	0.0000E+00	9.5085E-01
1.8700E+02	0.0000E+00	0.0000E+00	9.4566E-01
1.8800E+02	0.0000E+00	0.0000E+00	9.5125E-01
1.8900E+02	0.0000E+00	0.0000E+00	9.5525E-01
1.9000E+02	0.0000E+00	0.0000E+00	9.5225E-01
1.9100E+02	0.0000E+00	0.0000E+00	9.5254E-01
1.9200E+02	0.0000E+00	0.0000E+00	9.4535E-01
1.9300E+02	0.0000E+00	0.0000E+00	9.3725E-01
1.9400E+02	0.0000E+00	0.0000E+00	9.4054E-01
1.9500E+02	0.0000E+00	0.0000E+00	9.4776E-01
1.9600E+02	0.0000E+00	0.0000E+00	9.5554E-01
1.9700E+02	0.0000E+00	0.0000E+00	9.5844E-01
1.9800E+02	0.0000E+00	0.0000E+00	9.5405E-01
1.9900E+02	0.0000E+00	0.0000E+00	9.5366E-01
2.0000E+02	0.0000E+00	0.0000E+00	9.5154E-01
2.0100E+02	0.0000E+00	0.0000E+00	9.4864E-01
2.0200E+02	0.0000E+00	0.0000E+00	9.2876E-01
2.0300E+02	0.0000E+00	0.0000E+00	9.0205E-01
2.0400E+02	0.0000E+00	0.0000E+00	9.2385E-01
2.0500E+02	0.0000E+00	0.0000E+00	9.3405E-01
2.0600E+02	0.0000E+00	0.0000E+00	9.2264E-01
2.0700E+02	0.0000E+00	0.0000E+00	9.1754E-01
2.0800E+02	0.0000E+00	0.0000E+00	9.1125E-01
2.0900E+02	0.0000E+00	0.0000E+00	9.7915E-01
2.1000E+02	0.0000E+00	0.0000E+00	9.6064E-01
2.1100E+02	0.0000E+00	0.0000E+00	9.5705E-01
2.1200E+02	0.0000E+00	0.0000E+00	9.6885E-01
2.1300E+02	0.0000E+00	0.0000E+00	9.7944E-01
2.1400E+02	0.0000E+00	0.0000E+00	9.7976E-01
2.1500E+02	0.0000E+00	0.0000E+00	9.7385E-01
2.1600E+02	0.0000E+00	0.0000E+00	9.7035E-01
2.1700E+02	0.0000E+00	0.0000E+00	9.6525E-01
2.1800E+02	0.0000E+00	0.0000E+00	9.5415E-01
2.1900E+02	0.0000E+00	0.0000E+00	9.4364E-01
2.2000E+02	0.0000E+00	0.0000E+00	9.4364E-01
2.2100E+02	0.0000E+00	0.0000E+00	9.5195E-01
2.2200E+02	0.0000E+00	0.0000E+00	9.5505E-01
2.2300E+02	0.0000E+00	0.0000E+00	9.5535E-01
2.2400E+02	0.0000E+00	0.0000E+00	9.5785E-01
2.2500E+02	0.0000E+00	0.0000E+00	9.5476E-01
2.2600E+02	0.0000E+00	0.0000E+00	9.2176E-01
2.2700E+02	0.0000E+00	0.0000E+00	9.1744E-01
2.2800E+02	0.0000E+00	0.0000E+00	9.4776E-01
2.2900E+02	0.0000E+00	0.0000E+00	9.4444E-01
2.3000E+02	0.0000E+00	0.0000E+00	9.5444E-01
2.3100E+02	0.0000E+00	0.0000E+00	9.5425E-01
2.3200E+02	0.0000E+00	0.0000E+00	9.6064E-01
2.3300E+02	0.0000E+00	0.0000E+00	9.5376E-01
2.3400E+02	0.0000E+00	0.0000E+00	9.7354E-01
2.3500E+02	0.0000E+00	0.0000E+00	1.0151E+00
2.3600E+02	0.0000E+00	0.0000E+00	1.0231E+00
2.3700E+02	0.0000E+00	0.0000E+00	1.0231E+00
2.3800E+02	0.0000E+00	0.0000E+00	1.0211E+00
2.3900E+02	0.0000E+00	0.0000E+00	1.0085E+00
2.4000E+02	0.0000E+00	0.0000E+00	9.9944E-01
2.4100E+02	0.0000E+00	0.0000E+00	9.9725E-01
2.4200E+02	0.0000E+00	0.0000E+00	9.8735E-01
2.4300E+02	0.0000E+00	0.0000E+00	9.8054E-01
2.4400E+02	0.0000E+00	0.0000E+00	9.7554E-01
2.4500E+02	0.0000E+00	0.0000E+00	9.7015E-01
2.4600E+02	0.0000E+00	0.0000E+00	9.6515E-01
2.4700E+02	0.0000E+00	0.0000E+00	9.5995E-01
2.4800E+02	0.0000E+00	0.0000E+00	9.4535E-01
2.4900E+02	0.0000E+00	0.0000E+00	9.4144E-01
2.5000E+02	0.0000E+00	0.0000E+00	9.4264E-01
2.5100E+02	0.0000E+00	0.0000E+00	9.5176E-01
2.5200E+02	0.0000E+00	0.0000E+00	9.4554E-01
2.5300E+02	0.0000E+00	0.0000E+00	9.5435E-01
2.5400E+02	0.0000E+00	0.0000E+00	9.5015E-01
2.5500E+02	0.0000E+00	0.0000E+00	9.5905E-01
2.5600E+02	0.0000E+00	0.0000E+00	9.4505E-01
2.5700E+02	0.0000E+00	0.0000E+00	9.4464E-01
2.5800E+02	0.0000E+00	0.0000E+00	9.5244E-01
2.5900E+02	0.0000E+00	0.0000E+00	9.5685E-01
2.6000E+02	0.0000E+00	0.0000E+00	9.5925E-01
2.6100E+02	0.0000E+00	0.0000E+00	9.5564E-01
2.6200E+02	0.0000E+00	0.0000E+00	9.5754E-01
2.6300E+02	0.0000E+00	0.0000E+00	9.5354E-01
2.6400E+02	0.0000E+00	0.0000E+00	9.4795E-01
2.6500E+02	0.0000E+00	0.0000E+00	9.4415E-01
2.6600E+02	0.0000E+00	0.0000E+00	9.4305E-01
2.6700E+02	0.0000E+00	0.0000E+00	9.3876E-01
2.6800E+02	0.0000E+00	0.0000E+00	9.3385E-01
2.6900E+02	0.0000E+00	0.0000E+00	9.2854E-01
2.7000E+02	0.0000E+00	0.0000E+00	9.2125E-01
2.7100E+02	0.0000E+00	0.0000E+00	9.2254E-01
2.7200E+02	0.0000E+00	0.0000E+00	9.4825E-01
2.7300E+02	0.0000E+00	0.0000E+00	9.7254E-01
2.7400E+02	0.0000E+00	0.0000E+00	9.9076E-01
2.7500E+02	0.0000E+00	0.0000E+00	9.8725E-01
2.7600E+02	0.0000E+00	0.0000E+00	9.8476E-01
2.7700E+02	0.0000E+00	0.0000E+00	9.2695E-01
2.7800E+02	0.0000E+00	0.0000E+00	9.1735E-01
2.7900E+02	0.0000E+00	0.0000E+00	9.3176E-01
2.8000E+02	0.0000E+00	0.0000E+00	9.3654E-01
2.8100E+02	0.0000E+00	0.0000E+00	9.2966E-01
2.8200E+02	0.0000E+00	0.0000E+00	9.2285E-01
2.8300E+02	0.0000E+00	0.0000E+00	9.1644E-01
2.8400E+02	0.0000E+00	0.0000E+00	9.2385E-01
2.8500E+02	0.0000E+00	0.0000E+00	9.2676E-01
2.8600E+02	0.0000E+00	0.0000E+00	9.2364E-01
2.8700E+02	0.0000E+00	0.0000E+00	9.2295E-01
2.8800E+02	0.0000E+00	0.0000E+00	9.1944E-01
2.8900E+02	0.0000E+00	0.0000E+00	9.1654E-01
2.9000E+02	0.0000E+00	0.0000E+00	9.1154E-01
2.9100E+02	0.0000E+00	0.0000E+00	9.1076E-01
2.9200E+02	0.0000E+00	0.0000E+00	9.0644E-01
2.9300E+02	0.0000E+00	0.0000E+00	9.0476E-01
2.9400E+02	0.0000E+00	0.0000E+00	8.9705E-01
2.9500E+02	0.0000E+00	0.0000E+00	8.8935E-01
2.9600E+02	0.0000E+00	0.0000E+00	8.8785E-01
2.9700E+02	0.0000E+00	0.0000E+00	8.8776E-01
2.9800E+02	0.0000E+00	0.0000E+00	8.8454E-01
2.9900E+02	0.0000E+00	0.0000E+00	8.8295E-01
3.0000E+02	0.0000E+00	0.0000E+00	8.8285E-01
3.0100E+02	0.0000E+00	0.0000E+00	8.8225E-01
3.0200E+02	0.0000E+00	0.0000E+00	8.8985E-01
3.0300E+02	0.0000E+00	0.0000E+00	9.0835E-01
3.0400E+02	0.0000E+00	0.0000E+00	9.1085E-01
3.0500E+02	0.0000E+00	0.0000E+00	9.0754E-01
3.0600E+02	0.0000E+00	0.0000E+00	9.0685E-01
3.0700E+02	0.0000E+00	0.0000E+00	9.1205E-01
3.0800E+02	0.0000E+00	0.0000E+00	9.3376E-01
3.0900E+02	0.0000E+00	0.0000E+00	9.3585E-01
3.1000E+02	0.0000E+00	0.0000E+00	9.3425E-01
3.1100E+02	0.0000E+00	0.0000E+00	9.2764E-01
3.1200E+02	0.0000E+00	0.0000E+00	9.2405E-01
3.1300E+02	0.0000E+00	0.0000E+00	9.1654E-01
3.1400E+02	0.0000E+00	0.0000E+00	9.1335E-01
3.1500E+02	0.0000E+00	0.0000E+00	9.0985E-01
3.1600E+02	0.0000E+00	0.0000E+00	9.0464E-01
3.1700E+02	0.0000E+00	0.0000E+00	9.0695E-01
3.1800E+02	0.0000E+00	0.0000E+00	9.0285E-01
3.1900E+02	0.0000E+00	0.0000E+00	9.0254E-01
3.2000E+02	0.0000E+00	0.0000E+00	8.9725E-01
3.2100E+02	0.0000E+00	0.0000E+00	8.9515E-01
3.2200E+02	0.0000E+00	0.0000E+00	8.8585E-01
3.2300E+02	0.0000E+00	0.0000E+00	8.8205E-01
3.2400E+02	0.0000E+00	0.0000E+00	8.8464E-01
3.2500E+02	0.0000E+00	0.0000E+00	8.8864E-01
3.2600E+02	0.0000E+00	0.0000E+00	9.0115E-01
3.2700E+02	0.0000E+00	0.0000E+00	9.2566E-01
3.2800E+02	0.0000E+00	0.0000E+00	9.2625E-01
3.2900E+02	0.0000E+00	0.0000E+00	9.1654E-01
3.3000E+02	0.0000E+00	0.0000E+00	9.2235E-01
3.3100E+02	0.0000E+00	0.0000E+00	9.4625E-01
3.3200E+02	0.0000E+00	0.0000E+00	9.5835E-01
3.3300E+02	0.0000E+00	0.0000E+00	9.6505E-01
3.3400E+02	0.0000E+00	0.0000E+00	9.6776E-01
3.3500E+02	0.0000E+00	0.0000E+00	9.6764E-01
3.3600E+02	0.0000E+00	0.0000E+00	9.6215E-01
3.3700E+02	0.0000E+00	0.0000E+00	9.5785E-01
3.3800E+02	0.0000E+00	0.0000E+00	9.5795E-01
3.3900E+02	0.0000E+00	0.0000E+00	9.5454E-01
3.4000E+02	0.0000E+00	0.0000E+00	9.5125E-01
3.4100E+02	0.0000E+00	0.0000E+00	9.4735E-01
3.4200E+02	0.0000E+00	0.0000E+00	9.4154E-01
3.4300E+02	0.0000E+00	0.0000E+00	9.3776E-01
3.4400E+02	0.0000E+00	0.0000E+00	9.3454E-01
3.4500E+02	0.0000E+00	0.0000E+00	9.3054E-01
3.4600E+02	0.0000E+00	0.0000E+00	9.2776E-01
3.4700E+02	0.0000E+00	0.0000E+00	9.2895E-01
3.4800E+02	0.0000E+00	0.0000E+00	9.2915E-01
3.4900E+02	0.0000E+00	0.0000E+00	9.3285E-01
3.5000E+02	0.0000E+00	0.0000E+00	9.3425E-01
3.5100E+02	0.0000E+00	0.0000E+00	9.3595E-01
3.5200E+02	0.0000E+00	0.0000E+00	9.3954E-01
3.5300E+02	0.0000E+00	0.0000E+00	9.4325E-01
3.5400E+02	0.0000E+00	0.0000E+00	9.4954E-01
3.5500E+02	0.0000E+00	0.0000E+00	9.5125E-01
3.5600E+02	0.0000E+00	0.0000E+00	9.5444E-01
3.5700E+02	0.0000E+00	0.0000E+00	9.5444E-01
3.5800E+02	0.0000E+00	0.0000E+00	9.5454E-01
3.5900E+02	0.0000E+00	0.0000E+00	9.5376E-01
3.6000E+02	0.0000E+00	0.0000E+00	9.5315E-01
3.6100E+02	0.0000E+00	0.0000E+00	9.4944E-01
3.6200E+02	0.0000E+00	0.0000E+00	9.4876E-01
3.6300E+02	0.0000E+00	0.0000E+00	9.4735E-01
3.6400E+02	0.0000E+00	0.0000E+00	9.4335E-01
3.6500E+02	0.0000E+00	0.0000E+00	9.4035E-01
3.6600E+02	0.0000E+00	0.0000E+00	9.3495E-01
3.6700E+02	0.0000E+00	0.0000E+00	9.3035E-01
3.6800E+02	0.0000E+00	0.0000E+00	9.3115E-01
3.6900E+02	0.0000E+00	0.0000E+00	9.2715E-01
3.7000E+02	0.0000E+00	0.0000E+00	9.2515E-01
3.7100E+02	0.0000E+00	0.0000E+00	9.2005E-01
3.7200E+02	0.0000E+00	0.0000E+00	9.2125E-01
3.7300E+02	0.0000E+00	0.0000E+00	9.2044E-01
3.7400E+02	0.0000E+00	0.0000E+00	9.2744E-01
3.7500E+02	0.0000E+00	0.0000E+00	9.2754E-01
3.7600E+02	0.0000E+00	0.0000E+00	9.2005E-01
3.7700E+02	0.0000E+00	0.0000E+00	9.1644E-01
3.7800E+02	0.0000E+00	0.0000E+00	9.2076E-01
3.7900E+02	0.0000E+00	0.0000E+00	9.3105E-01
3.8000E+02	0.0000E+00	0.0000E+00	9.2115E-01
3.8100E+02	0.0000E+00	0.0000E+00	9.1995E-01
3.8200E+02	0.0000E+00	0.0000E+00	9.1605E-01
3.8300E+02	0.0000E+00	0.0000E+00	9.1505E-01
3.8400E+02	0.0000E+00	0.0000E+00	9.1025E-01
3.8500E+02	0.0000E+00	0.0000E+00	9.0864E-01
3.8600E+02	0.0000E+00	0.0000E+00	9.0515E-01
3.8700E+02	0.0000E+00	0.0000E+00	9.0144E-01
3.8800E+02	0.0000E+00	0.0000E+00	8.8835E-01
3.8900E+02	0.0000E+00	0.0000E+00	8.7854E-01
3.9000E+02	0.0000E+00	0.0000E+00	8.9315E-01
3.9100E+02	0.0000E+00	0.0000E+00	8.9944E-01
3.9200E+02	0.0000E+00	0.0000E+00	9.2085E-01
3.9300E+02	0.0000E+00	0.0000E+00	9.9054E-01
3.9400E+02	0.0000E+00	0.0000E+00	1.0381E+00
3.9500E+02	0.0000E+00	0.0000E+00	1.0036E+00
3.9600E+02	0.0000E+00	0.0000E+00	9.0815E-01
3.9700E+02	0.0000E+00	0.0000E+00	8.6454E-01
3.9800E+02	0.0000E+00	0.0000E+00	8.8515E-01
3.9900E+02	0.0000E+00	0.0000E+00	9.1885E-01
4.0000E+02	0.0000E+00	0.0000E+00	9.3544E-01
4.0100E+02	0.0000E+00	0.0000E+00	9.3454E-01
4.0200E+02	0.0000E+00	0.0000E+00	9.3154E-01
4.0300E+02	0.0000E+00	0.0000E+00	9.6544E-01
4.0400E+02	0.0000E+00	0.0000E+00	9.6954E-01
4.0500E+02	0.0000E+00	0.0000E+00	9.6764E-01
4.0600E+02	0.0000E+00	0.0000E+00	9.6064E-01
4.0700E+02	0.0000E+00	0.0000E+00	9.5415E-01
4.0800E+02	0.0000E+00	0.0000E+00	9.4595E-01
4.0900E+02	0.0000E+00	0.0000E+00	9.3935E-01
4.1000E+02	0.0000E+00	0.0000E+00	9.3335E-01
4.1100E+02	0.0000E+00	0.0000E+00	9.3185E-01
4.1200E+02	0.0000E+00	0.0000E+00	9.2795E-01
4.1300E+02	0.0000E+00	0.0000E+00	9.2835E-01
4.1400E+02	0.0000E+00	0.0000E+00	9.2464E-01
4.1500E+02	0.0000E+00	0.0000E+00	9.2085E-01
4.1600E+02	0.0000E+00	0.0000E+00	9.1235E-01
4.1700E+02	0.0000E+00	0.0000E+00	8.9815E-01
4.1800E+02	0.0000E+00	0.0000E+00	8.9676E-01
4.1900E+02	0.0000E+00	0.0000E+00	8.9766E-01
4.2000E+02	0.0000E+00	0.0000E+00	8.9454E-01
4.2100E+02	0.0000E+00	0.0000E+00	8.9844E-01
4.2200E+02	0.0000E+00	0.0000E+00	9.1195E-01
4.2300E+02	0.0000E+00	0.0000E+00	9.3495E-01
4.2400E+02	0.0000E+00	0.0000E+00	9.3405E-01
4.2500E+02	0.0000E+00	0.0000E+00	9.2754E-01
4.2600E+02	0.0000E+00	0.0000E+00	9.4176E-01
4.2700E+02	0.0000E+00	0.0000E+00	9.6595E-01
4.2800E+02	0.0000E+00	0.0000E+00	9.5785E-01
4.2900E+02	0.0000E+00	0.0000E+00	9.5205E-01
4.3000E+02	0.0000E+00	0.0000E+00	9.5154E-01
4.3100E+02	0.0000E+00	0.0000E+00	9.4754E-01
4.3200E+02	0.0000E+00	0.0000E+00	9.4485E-01
4.3300E+02	0.0000E+00	0.0000E+00	9.4585E-01
4.3400E+02	0.0000E+00	0.0000E+00	9.4554E-01
4.3500E+02	0.0000E+00	0.0000E+00	9.4376E-01
4.3600E+02	0.0000E+00	0.0000E+00	9.4464E-01
4.3700E+02	0.0000E+00	0.0000E+00	9.4315E-01
4.3800E+02	0.0000E+00	0.0000E+00	9.4115E-01
4.3900E+02	0.0000E+00	0.0000E+00	9.4295E-01
4.4000E+02	0.0000E+00	0.0000E+00	9.3676E-01
4.4100E+02	0.0000E+00	0.0000E+00	9.3785E-01
4.4200E+02	0.0000E+00	0.0000E+00	9.3795E-01
4.4300E+02	0.0000E+00	0.0000E+00	9.3444E-01
4.4400E+02	0.0000E+00	0.0000E+00	9.3525E-01
4.4500E+02	0.0000E+00	0.0000E+00	9.3164E-01
4.4600E+02	0.0000E+00	0.0000E+00	9.2864E-01
4.4700E+02	0.0000E+00	0.0000E+00	9.2895E-01
4.4800E+02	0.0000E+00	0.0000E+00	9.3685E-01
4.4900E+02	0.0000E+00	0.0000E+00	9.3954E-01
4.5000E+02	0.0000E+00	0.0000E+00	9.4166E-01
4.5100E+02	0.0000E+00	0.0000E+00	9.4876E-01
4.5200E+02	0.0000E+00	0.0000E+00	9.4776E-01
4.5300E+02	0.0000E+00	0.0000E+00	9.4735E-01
4.5400E+02	0.0000E+00	0.0000E+00	9.4354E-01
4.5500E+02	0.0000E+00	0.0000E+00	9.3976E-01
4.5600E+02	0.0000E+00	0.0000E+00	9.3635E-01
4.5700E+02	0.0000E+00	0.0000E+00	9.3535E-01
4.5800E+02	0.0000E+00	0.0000E+00	9.3405E-01
4.5900E+02	0.0000E+00	0.0000E+00	9.3044E-01
4.6000E+02	0.0000E+00	0.0000E+00	9.2995E-01
4.6100E+02	0.0000E+00	0.0000E+00	9.2864E-01
4.6200E+02	0.0000E+00	0.0000E+00	9.2495E-01
4.6300E+02	0.0000E+00	0.0000E+00	9.2254E-01
4.6400E+02	0.0000E+00	0.0000E+00	9.1705E-01
4.6500E+02	0.0000E+00	0.0000E+00	9.1285E-01
4.6600E+02	0.0000E+00	0.0000E+00	9.1076E-01
4.6700E+02	0.0000E+00	0.0000E+00	9.1254E-01
4.6800E+02	0.0000E+00	0.0000E+00	9.1354E-01
4.6900E+02	0.0000E+00	0.0000E+00	9.1644E-01
4.7000E+02	0.0000E+00	0.0000E+00	9.1605E-01
4.7100E+02	0.0000E+00	0.0000E+00	9.1685E-01
4.7200E+02	0.0000E+00	0.0000E+00	9.1895E-01
4.7300E+02	0.0000E+00	0.0000E+00	9.1915E-01
4.7400E+02	0.0000E+00	0.0000E+00	9.2144E-01
4.7500E+02	0.0000E+00	0.0000E+00	9.3015E-01
4.7600E+02	0.0000E+00	0.0000E+00	9.2825E-01
4.7700E+02	0.0000E+00	0.0000E+00	9.3495E-01
4.7800E+02	0.0000E+00	0.0000E+00	9.3754E-01
4.7900E+02	0.0000E+00	0.0000E+00	9.3435E-01
4.8000E+02	0.0000E+00	0.0000E+00	9.3354E-01
4.8100E+02	0.0000E+00	0.0000E+00	9.3295E-01
4.8200E+02	0.0000E+00	0.0000E+00	9.2835E-01
4.8300E+02	0.0000E+00	0.0000E+00	9.2676E-01
4.8400E+02	0.0000E+00	0.0000E+00	9.2225E-01
4.8500E+02	0.0000E+00	0.0000E+00	9.2136E-01
4.8600E+02	0.0000E+00	0.0000E+00	9.1926E-01
4.8700E+02	0.0000E+00	0.0000E+00	9.1576E-01
4.8800E+02	0.0000E+00	0.0000E+00	9.1256E-01
4.8900E+02	0.0000E+00	0.0000E+00	9.1146E-01
4.9000E+02	0.0000E+00	0.0000E+00	9.0726E-01
4.9100E+02	0.0000E+00	0.0000E+00	9.0566E-01
4.9200E+02	0.0000E+00	0.0000E+00	9.0477E-01
4.9300E+02	0.0000E+00	0.0000E+00	9.0597E-01
4.9400E+02	0.0000E+00	0.0000E+00	9.1187E-01
4.9500E+02	0.0000E+00	0.0000E+00	9.1507E-01
4.9600E+02	0.0000E+00	0.0000E+00	9.1526E-01
4.9700E+02	0.0000E+00	0.0000E+00	9.1417E-01
4.9800E+02	0.0000E+00	0.0000E+00	9.1948E-01
4.9900E+02	0.0000E+00	0.0000E+00	9.4797E-01
5.0000E+02	0.0000E+00	0.0000E+00	9.4408E-01
5.0100E+02	0.0000E+00	0.0000E+00	9.4548E-01
5.0200E+02	0.0000E+00	0.0000E+00	9.4967E-01
5.0300E+02	0.0000E+00	0.0000E+00	9.5428E-01
5.0400E+02	0.0000E+00	0.0000E+00	9.5818E-01
5.0500E+02	0.0000E+00	0.0000E+00	9.6408E-01
5.0600E+02	0.0000E+00	0.0000E+00	9.6899E-01
5.0700E+02	0.0000E+00	0.0000E+00	9.7349E-01
5.0800E+02	0.0000E+00	0.0000E+00	9.7008E-01
5.0900E+02	0.0000E+00	0.0000E+00	9.6849E-01
5.1000E+02	0.0000E+00	0.0000E+00	9.6608E-01
5.1100E+02	0.0000E+00	0.0000E+00	9.6240E-01
5.1200E+02	0.0000E+00	0.0000E+00	9.6130E-01
5.1300E+02	0.0000E+00	0.0000E+00	9.5740E-01
5.1400E+02	0.0000E+00	0.0000E+00	9.5469E-01
5.1500E+02	0.0000E+00	0.0000E+00	9.5510E-01
5.1600E+02	0.0000E+00	0.0000E+00	9.5330E-01
5.1700E+02	0.0000E+00	0.0000E+00	9.5300E-01
5.1800E+02	0.0000E+00	0.0000E+00	9.5300E-01
5.1900E+02	0.0000E+00	0.0000E+00	9.4971E-01
5.2000E+02	0.0000E+00	0.0000E+00	9.4910E-01
5.2100E+02	0.0000E+00	0.0000E+00	9.5690E-01
5.2200E+02	0.0000E+00	0.0000E+00	9.5900E-01
5.2300E+02	0.0000E+00	0.0000E+00	9.5900E-01
5.2400E+02	0.0000E+00	0.0000E+00	9.6851E-01
5.2500E+02	0.0000E+00	0.0000E+00	9.7412E-01
5.2600E+02	0.0000E+00	0.0000E+00	9.8151E-01
5.2700E+02	0.0000E+00	0.0000E+00	9.8821E-01
5.2800E+02	0.0000E+00	0.0000E+00	9.9892E-01
5.2900E+02	0.0000E+00	0.0000E+00	1.0056E+00
5.3000E+02	0.0000E+00	0.0000E+00	1.0068E+00
5.3100E+02	0.0000E+00	0.0000E+00	1.0071E+00
5.3200E+02	0.0000E+00	0.0000E+00	1.0035E+00
5.3300E+02	0.0000E+00	0.0000E+00	1.0005E+00
5.3400E+02	0.0000E+00	0.0000E+00	9.9962E-01
5.3500E+02	0.0000E+00	0.0000E+00	9.9382E-01
5.3600E+02	0.0000E+00	0.0000E+00	9.9523E-01
5.3700E+02	0.0000E+00	0.0000E+00	9.9162E-01
5.3800E+02	0.0000E+00	0.0000E+00	9.8974E-01
5.3900E+02	0.0000E+00	0.0000E+00	9.8864E-01
5.4000E+02	0.0000E+00	0.0000E+00	9.8753E-01
5.4100E+02	0.0000E+00	0.0000E+00	9.8613E-01
5.4200E+02	0.0000E+00	0.0000E+00	9.8384E-01
5.4300E+02	0.0000E+00	0.0000E+00	9.8254E-01
5.4400E+02	0.0000E+00	0.0000E+00	9.8313E-01
5.4500E+02	0.0000E+00	0.0000E+00	9.8494E-01
5.4600E+02	0.0000E+00	0.0000E+00	9.8215E-01
5.4700E+02	0.0000E+00	0.0000E+00	9.8495E-01
5.4800E+02	0.0000E+00	0.0000E+00	9.9574E-01
5.4900E+02	0.0000E+00	0.0000E+00	9.9974E-01
5.5000E+02	0.0000E+00	0.0000E+00	1.0024E+00
5.5100E+02	0.0000E+00	0.0000E+00	1.0072E+00
5.5200E+02	0.0000E+00	0.0000E+00	1.0069E+00
5.5300E+02	0.0000E+00	0.0000E+00	1.0059E+00
5.5400E+02	0.0000E+00	0.0000E+00	9.9895E-01
5.5500E+02	0.0000E+00	0.0000E+00	9.9776E-01
5.5600E+02	0.0000E+00	0.0000E+00	9.9285E-01
5.5700E+02	0.0000E+00	0.0000E+00	9.8905E-01
5.5800E+02	0.0000E+00	0.0000E+00	9.8566E-01
5.5900E+02	0.0000E+00	0.0000E+00	9.8046E-01
5.6000E+02	0.0000E+00	0.0000E+00	9.7346E-01
5.6100E+02	0.0000E+00	0.0000E+00	9.5266E-01
5.6200E+02	0.0000E+00	0.0000E+00	9.5197E-01
5.6300E+02	0.0000E+00	0.0000E+00	9.5287E-01
5.6400E+02	0.0000E+00	0.0000E+00	9.5717E-01
5.6500E+02	0.0000E+00	0.0000E+00	9.6407E-01
5.6600E+02	0.0000E+00	0.0000E+00	9.7948E-01
5.6700E+02	0.0000E+00	0.0000E+00	9.8477E-01
5.6800E+02	0.0000E+00	0.0000E+00	9.7087E-01
5.6900E+02	0.0000E+00	0.0000E+00	9.8677E-01
5.7000E+02	0.0000E+00	0.0000E+00	1.0060E+00
5.7100E+02	0.0000E+00	0.0000E+00	9.9118E-01
5.7200E+02	0.0000E+00	0.0000E+00	9.8589E-01
5.7300E+02	0.0000E+00	0.0000E+00	9.9399E-01
5.7400E+02	0.0000E+00	0.0000E+00	1.0010E+00
5.7500E+02	0.0000E+00	0.0000E+00	1.0050E+00
5.7600E+02	0.0000E+00	0.0000E+00	1.0135E+00
5.7700E+02	0.0000E+00	0.0000E+00	1.0213E+00
5.7800E+02	0.0000E+00	0.0000E+00	1.0203E+00
5.7900E+02	0.0000E+00	0.0000E+00	1.0203E+00
5.8000E+02	0.0000E+00	0.0000E+00	1.0193E+00
5.8100E+02	0.0000E+00	0.0000E+00	1.0123E+00
5.8200E+02	0.0000E+00	0.0000E+00	1.0102E+00
5.8300E+02	0.0000E+00	0.0000E+00	1.0066E+00
5.8400E+02	0.0000E+00	0.0000E+00	1.0043E+00
5.8500E+02	0.0000E+00	0.0000E+00	9.9900E-01
5.8600E+02	0.0000E+00	0.0000E+00	9.8790E-01
5.8700E+02	0.0000E+00	0.0000E+00	9.9020E-01
5.8800E+02	0.0000E+00	0.0000E+00	9.9081E-01
5.8900E+02	0.0000E+00	0.0000E+00	9.9790E-01
5.9000E+02	0.0000E+00	0.0000E+00	1.0090E+00
5.9100E+02	0.0000E+00	0.0000E+00	9.9831E-01
5.9200E+02	0.0000E+00	0.0000E+00	9.9731E-01
5.9300E+02	0.0000E+00	0.0000E+00	1.0115E+00
5.9400E+02	0.0000E+00	0.0000E+00	9.9981E-01
5.9500E+02	0.0000E+00	0.0000E+00	9.9631E-01
5.9600E+02	0.0000E+00	0.0000E+00	1.0035E+00
5.9700E+02	0.0000E+00	0.0000E+00	1.0126E+00
5.9800E+02	0.0000E+00	0.0000E+00	1.0177E+00
5.9900E+02	0.0000E+00	0.0000E+00	1.0333E+00
6.0000E+02	0.0000E+00	0.0000E+00	1.0463E+00
6.0100E+02	0.0000E+00	0.0000E+00	1.0513E+00
6.0200E+02	0.0000E+00	0.0000E+00	1.0513E+00
6.0300E+02	0.0000E+00	0.0000E+00	1.0523E+00
6.0400E+02	0.0000E+00	0.0000E+00	1.0503E+00
6.0500E+02	0.0000E+00	0.0000E+00	1.0513E+00
6.0600E+02	0.0000E+00	0.0000E+00	1.0433E+00
6.0700E+02	0.0000E+00	0.0000E+00	1.0393E+00
6.0800E+02	0.0000E+00	0.0000E+00	1.0373E+00
6.0900E+02	0.0000E+00	0.0000E+00	1.0303E+00
6.1000E+02	0.0000E+00	0.0000E+00	1.0162E+00
6.1100E+02	0.0000E+00	0.0000E+00	1.0176E+00
6.1200E+02	0.0000E+00	0.0000E+00	1.0193E+00
6.1300E+02	0.0000E+00	0.0000E+00	1.0293E+00
6.1400E+02	0.0000E+00	0.0000E+00	1.0283E+00
6.1500E+02	0.0000E+00	0.0000E+00	1.0213E+00
6.1600E+02	0.0000E+00	0.0000E+00	1.0273E+00
6.1700E+02	0.0000E+00	0.0000E+00	1.0383E+00
6.1800E+02	0.0000E+00	0.0000E+00	1.0203E+00
6.1900E+02	0.0000E+00	0.0000E+00	1.0244E+00
6.2000E+02	0.0000E+00	0.0000E+00	1.0353E+00
6.2100E+02	0.0000E+00	0.0000E+00	1.0474E+00
6.2200E+02	0.0000E+00	0.0000E+00	1.0653E+00
6.2300E+02	0.0000E+00	0.0000E+00	1.0854E+00
6.2400E+02	0.0000E+00	0.0000E+00	1.1014E+00
6.2500E+02	0.0000E+00	0.0000E+00	1.1093E+00
6.2600E+02	0.0000E+00	0.0000E+00	1.1094E+00
6.2700E+02	0.0000E+00	0.0000E+00	1.1074E+00
6.2800E+02	0.0000E+00	0.0000E+00	1.1064E+00
6.2900E+02	0.0000E+00	0.0000E+00	1.1024E+00
6.3000E+02	0.0000E+00	0.0000E+00	1.0924E+00
6.3100E+02	0.0000E+00	0.0000E+00	1.0864E+00
6.3200E+02	0.0000E+00	0.0000E+00	1.0834E+00
6.3300E+02	0.0000E+00	0.0000E+00	1.0744E+00
6.3400E+02	0.0000E+00	0.0000E+00	1.0744E+00
6.3500E+02	0.0000E+00	0.0000E+00	1.0694E+00
6.3600E+02	0.0000E+00	0.0000E+00	1.0714E+00
6.3700E+02	0.0000E+00	0.0000E+00	1.0694E+00
6.3800E+02	0.0000E+00	0.0000E+00	1.0654E+00
6.3900E+02	0.0000E+00	0.0000E+00	1.0684E+00
6.4000E+02	0.0000E+00	0.0000E+00	1.0674E+00
6.4100E+02	0.0000E+00	0.0000E+00	1.0654E+00
6.4200E+02	0.0000E+00	0.0000E+00	1.0674E+00
6.4300E+02	0.0000E+00	0.0000E+00	1.0694E+00
6.4400E+02	0.0000E+00	0.0000E+00	1.0794E+00
6.4500E+02	0.0000E+00	0.0000E+00	1.0924E+00
6.4600E+02	0.0000E+00	0.0000E+00	1.1034E+00
6.4700E+02	0.0000E+00	0.0000E+00	1.1144E+00
6.4800E+02	0.0000E+00	0.0000E+00	1.1294E+00
6.4900E+02	0.0000E+00	0.0000E+00	1.1384E+00
6.5000E+02	0.0000E+00	0.0000E+00	1.1334E+00
6.5100E+02	0.0000E+00	0.0000E+00	1.1344E+00
6.5200E+02	0.0000E+00	0.0000E+00	1.1344E+00
6.5300E+02	0.0000E+00	0.0000E+00	1.1374E+00
6.5400E+02	0.0000E+00	0.0000E+00	1.1304E+00
6.5500E+02	0.0000E+00	0.0000E+00	1.1264E+00
6.5600E+02	0.0000E+00	0.0000E+00	1.1244E+00
6.5700E+02	0.0000E+00	0.0000E+00	1.1124E+00
6.5800E+02	0.0000E+00	0.0000E+00	1.1124E+00
6.5900E+02	0.0000E+00	0.0000E+00	1.1064E+00
6.6000E+02	0.0000E+00	0.0000E+00	1.1054E+00
6.6100E+02	0.0000E+00	0.0000E+00	1.1014E+00
6.6200E+02	0.0000E+00	0.0000E+00	1.0994E+00
6.6300E+02	0.0000E+00	0.0000E+00	1.0974E+00
6.6400E+02	0.0000E+00	0.0000E+00	1.0944E+00
6.6500E+02	0.0000E+00	0.0000E+00	1.0954E+00
6.6600E+02	0.0000E+00	0.0000E+00	1.0994E+00
6.6700E+02	0.0000E+00	0.0000E+00	1.1064E+00
6.6800E+02	0.0000E+00	0.0000E+00	1.1144E+00
6.6900E+02	0.0000E+00	0.0000E+00	1.1254E+00
6.7000E+02	0.0000E+00	0.0000E+00	1.1354E+00
6.7100E+02	0.0000E+00	0.0000E+00	1.1394E+00
6.7200E+02	0.0000E+00	0.0000E+00	1.1444E+00
6.7300E+02	0.0000E+00	0.0000E+00	1.1454E+00
6.7400E+02	0.0000E+00	0.0000E+00	1.1424E+00
6.7500E+02	0.0000E+00	0.0000E+00	1.1384E+00
6.7600E+02	0.0000E+00	0.0000E+00	1.1354E+00
6.7700E+02	0.0000E+00	0.0000E+00	1.1314E+00
6.7800E+02	0.0000E+00	0.0000E+00	1.1234E+00
6.7900E+02	0.0000E+00	0.0000E+00	1.1224E+00
6.8000E+02	0.0000E+00	0.0000E+00	1.1174E+00
6.8100E+02	0.0000E+00	0.0000E+00	1.1154E+00
6.8200E+02	0.0000E+00	0.0000E+00	1.1104E+00
6.8300E+02	0.0000E+00	0.0000E+00	1.1084E+00
6.8400E+02	0.0000E+00	0.0000E+00	1.1064E+00
6.8500E+02	0.0000E+00	0.0000E+00	1.1014E+00
6.8600E+02	0.0000E+00	0.0000E+00	1.0994E+00
6.8700E+02	0.0000E+00	0.0000E+00	1.0754E+00
6.8800E+02	0.0000E+00	0.0000E+00	1.0694E+00
6.8900E+02	0.0000E+00	0.0000E+00	1.0705E+00
6.9000E+02	0.0000E+00	0.0000E+00	1.0724E+00
6.9100E+02	0.0000E+00	0.0000E+00	1.0805E+00
6.9200E+02	0.0000E+00	0.0000E+00	1.0914E+00
6.9300E+02	0.0000E+00	0.0000E+00	1.0965E+00
6.9400E+02	0.0000E+00	0.0000E+00	1.1115E+00
6.9500E+02	0.0000E+00	0.0000E+00	1.1195E+00
6.9600E+02	0.0000E+00	0.0000E+00	1.1225E+00
6.9700E+02	0.0000E+00	0.0000E+00	1.1235E+00
6.9800E+02	0.0000E+00	0.0000E+00	1.1185E+00
6.9900E+02	0.0000E+00	0.0000E+00	1.1125E+00
7.0000E+02	0.0000E+00	0.0000E+00	1.1075E+00
7.0100E+02	0.0000E+00	0.0000E+00	1.1035E+00
7.0200E+02	0.0000E+00	0.0000E+00	1.1015E+00
7.0300E+02	0.0000E+00	0.0000E+00	1.0945E+00
7.0400E+02	0.0000E+00	0.0000E+00	1.0875E+00
7.0500E+02	0.0000E+00	0.0000E+00	1.0865E+00
7.0600E+02	0.0000E+00	0.0000E+00	1.0815E+00
7.0700E+02	0.0000E+00	0.0000E+00	1.0765E+00
7.0800E+02	0.0000E+00	0.0000E+00	1.0805E+00
7.0900E+02	0.0000E+00	0.0000E+00	1.0765E+00
7.1000E+02	0.0000E+00	0.0000E+00	1.0755E+00
7.1100E+02	0.0000E+00	0.0000E+00	1.0685E+00
7.1200E+02	0.0000E+00	0.0000E+00	1.0685E+00
7.1300E+02	0.0000E+00	0.0000E+00	1.0655E+00
7.1400E+02	0.0000E+00	0.0000E+00	1.0645E+00
7.1500E+02	0.0000E+00	0.0000E+00	1.0615E+00
7.1600E+02	0.0000E+00	0.0000E+00	1.0645E+00
7.1700E+02	0.0000E+00	0.0000E+00	1.0685E+00
7.1800E+02	0.0000E+00	0.0000E+00	1.0695E+00
7.1900E+02	0.0000E+00	0.0000E+00	1.0675E+00
7.2000E+02	0.0000E+00	0.0000E+00	1.0675E+00
7.2100E+02	0.0000E+00	0.0000E+00	1.0665E+00
7.2200E+02	0.0000E+00	0.0000E+00	1.0645E+00
7.2300E+02	0.0000E+00	0.0000E+00	1.0585E+00
7.2400E+02	0.0000E+00	0.0000E+00	1.0555E+00
7.2500E+02	0.0000E+00	0.0000E+00	1.0505E+00
7.2600E+02	0.0000E+00	0.0000E+00	1.0525E+00
7.2700E+02	0.0000E+00	0.0000E+00	1.0465E+00
7.2800E+02	0.0000E+00	0.0000E+00	1.0455E+00
7.2900E+02	0.0000E+00	0.0000E+00	1.0435E+00
7.3000E+02	0.0000E+00	0.0000E+00	1.0435E+00
7.3100E+02	0.0000E+00	0.0000E+00	1.0415E+00
7.3200E+02	0.0000E+00	0.0000E+00	1.0425E+00
7.3300E+02	0.0000E+00	0.0000E+00	1.0415E+00
7.3400E+02	0.0000E+00	0.0000E+00	1.0405E+00
7.3500E+02	0.0000E+00	0.0000E+00	1.0160E+00
7.3600E+02	0.0000E+00	0.0000E+00	1.0152E+00
7.3700E+02	0.0000E+00	0.0000E+00	1.0140E+00
7.3800E+02	0.0000E+00	0.0000E+00	1.0141E+00
7.3900E+02	0.0000E+00	0.0000E+00	1.0137E+00
7.4000E+02	0.0000E+00	0.0000E+00	1.0146E+00
7.4100E+02	0.0000E+00	0.0000E+00	1.0142E+00
7.4200E+02	0.0000E+00	0.0000E+00	1.0176E+00
7.4300E+02	0.0000E+00	0.0000E+00	1.0182E+00
7.4400E+02	0.0000E+00	0.0000E+00	1.0147E+00
7.4500E+02	0.0000E+00	0.0000E+00	1.0129E+00
7.4600E+02	0.0000E+00	0.0000E+00	1.0102E+00
7.4700E+02	0.0000E+00	0.0000E+00	1.0092E+00
7.4800E+02	0.0000E+00	0.0000E+00	1.0112E+00
7.4900E+02	0.0000E+00	0.0000E+00	1.0111E+00
7.5000E+02	0.0000E+00	0.0000E+00	1.0063E+00
7.5100E+02	0.0000E+00	0.0000E+00	1.0060E+00
7.5200E+02	0.0000E+00	0.0000E+00	1.0031E+00
7.5300E+02	0.0000E+00	0.0000E+00	1.0033E+00
7.5400E+02	0.0000E+00	0.0000E+00	9.9915E-01
7.5500E+02	0.0000E+00	0.0000E+00	9.9825E-01
7.5600E+02	0.0000E+00	0.0000E+00	9.9255E-01
7.5700E+02	0.0000E+00	0.0000E+00	9.9396E-01
7.5800E+02	0.0000E+00	0.0000E+00	9.8005E-01
7.5900E+02	0.0000E+00	0.0000E+00	9.7986E-01
7.6000E+02	0.0000E+00	0.0000E+00	9.8246E-01
7.6100E+02	0.0000E+00	0.0000E+00	9.8096E-01
7.6200E+02	0.0000E+00	0.0000E+00	9.7917E-01
7.6300E+02	0.0000E+00	0.0000E+00	9.8156E-01
7.6400E+02	0.0000E+00	0.0000E+00	9.7846E-01
7.6500E+02	0.0000E+00	0.0000E+00	9.8176E-01
7.6600E+02	0.0000E+00	0.0000E+00	9.7746E-01
7.6700E+02	0.0000E+00	0.0000E+00	9.7778E-01
7.6800E+02	0.0000E+00	0.0000E+00	9.7778E-01
7.6900E+02	0.0000E+00	0.0000E+00	9.7627E-01
7.7000E+02	0.0000E+00	0.0000E+00	9.7678E-01
7.7100E+02	0.0000E+00	0.0000E+00	9.7607E-01
7.7200E+02	0.0000E+00	0.0000E+00	9.7597E-01
7.7300E+02	0.0000E+00	0.0000E+00	9.7197E-01
7.7400E+02	0.0000E+00	0.0000E+00	9.6828E-01
7.7500E+02	0.0000E+00	0.0000E+00	9.6438E-01
7.7600E+02	0.0000E+00	0.0000E+00	9.6068E-01
7.7700E+02	0.0000E+00	0.0000E+00	9.6038E-01
7.7800E+02	0.0000E+00	0.0000E+00	9.5879E-01
7.7900E+02	0.0000E+00	0.0000E+00	9.5638E-01
7.8000E+02	0.0000E+00	0.0000E+00	9.5638E-01
7.8100E+02	0.0000E+00	0.0000E+00	9.5809E-01
7.8200E+02	0.0000E+00	0.0000E+00	9.4979E-01
7.8300E+02	0.0000E+00	0.0000E+00	9.4960E-01
7.8400E+02	0.0000E+00	0.0000E+00	9.4920E-01
7.8500E+02	0.0000E+00	0.0000E+00	9.4689E-01
7.8600E+02	0.0000E+00	0.0000E+00	9.4940E-01
7.8700E+02	0.0000E+00	0.0000E+00	9.4910E-01
7.8800E+02	0.0000E+00	0.0000E+00	9.5379E-01
7.8900E+02	0.0000E+00	0.0000E+00	9.6640E-01
7.9000E+02	0.0000E+00	0.0000E+00	9.7330E-01
7.9100E+02	0.0000E+00	0.0000E+00	9.8510E-01
7.9200E+02	0.0000E+00	0.0000E+00	9.9630E-01
7.9300E+02	0.0000E+00	0.0000E+00	1.0023E+00
7.9400E+02	0.0000E+00	0.0000E+00	1.0048E+00
7.9500E+02	0.0000E+00	0.0000E+00	1.0030E+00
7.9600E+02	0.0000E+00	0.0000E+00	1.0005E+00
7.9700E+02	0.0000E+00	0.0000E+00	9.9681E-01
7.9800E+02	0.0000E+00	0.0000E+00	9.9102E-01
7.9900E+02	0.0000E+00	0.0000E+00	9.8532E-01
8.0000E+02	0.0000E+00	0.0000E+00	9.8141E-01
8.0100E+02	0.0000E+00	0.0000E+00	9.7992E-01
8.0200E+02	0.0000E+00	0.0000E+00	9.7841E-01
8.0300E+02	0.0000E+00	0.0000E+00	9.7522E-01
8.0400E+02	0.0000E+00	0.0000E+00	9.7622E-01
8.0500E+02	0.0000E+00	0.0000E+00	9.7473E-01
8.0600E+02	0.0000E+00	0.0000E+00	9.7173E-01
8.0700E+02	0.0000E+00	0.0000E+00	9.7353E-01
8.0800E+02	0.0000E+00	0.0000E+00	9.7123E-01
8.0900E+02	0.0000E+00	0.0000E+00	9.7353E-01
8.1000E+02	0.0000E+00	0.0000E+00	9.7173E-01
8.1100E+02	0.0000E+00	0.0000E+00	9.7684E-01
8.1200E+02	0.0000E+00	0.0000E+00	9.8563E-01
8.1300E+02	0.0000E+00	0.0000E+00	9.9604E-01
8.1400E+02	0.0000E+00	0.0000E+00	1.0196E+00
8.1500E+02	0.0000E+00	0.0000E+00	1.0376E+00
8.1600E+02	0.0000E+00	0.0000E+00	1.0536E+00
8.1700E+02	0.0000E+00	0.0000E+00	1.0656E+00
8.1800E+02	0.0000E+00	0.0000E+00	1.0736E+00
8.1900E+02	0.0000E+00	0.0000E+00	1.0726E+00
8.2000E+02	0.0000E+00	0.0000E+00	1.0696E+00
8.2100E+02	0.0000E+00	0.0000E+00	1.0656E+00
8.2200E+02	0.0000E+00	0.0000E+00	1.0576E+00
8.2300E+02	0.0000E+00	0.0000E+00	1.0536E+00
8.2400E+02	0.0000E+00	0.0000E+00	1.0477E+00
8.2500E+02	0.0000E+00	0.0000E+00	1.0437E+00
8.2600E+02	0.0000E+00	0.0000E+00	1.0407E+00
8.2700E+02	0.0000E+00	0.0000E+00	1.0397E+00
8.2800E+02	0.0000E+00	0.0000E+00	1.0357E+00
8.2900E+02	0.0000E+00	0.0000E+00	1.0307E+00
8.3000E+02	0.0000E+00	0.0000E+00	1.0307E+00
8.3100E+02	0.0000E+00	0.0000E+00	1.0287E+00
8.3200E+02	0.0000E+00	0.0000E+00	1.0257E+00
8.3300E+02	0.0000E+00	0.0000E+00	1.0237E+00
8.3400E+02	0.0000E+00	0.0000E+00	1.0287E+00
8.3500E+02	0.0000E+00	0.0000E+00	1.0257E+00
8.3600E+02	0.0000E+00	0.0000E+00	1.0347E+00
8.3700E+02	0.0000E+00	0.0000E+00	1.0497E+00
8.3800E+02	0.0000E+00	0.0000E+00	1.0667E+00
8.3900E+02	0.0000E+00	0.0000E+00	1.0857E+00
8.4000E+02	0.0000E+00	0.0000E+00	1.1027E+00
8.4100E+02	0.0000E+00	0.0000E+00	1.1117E+00
8.4200E+02	0.0000E+00	0.0000E+00	1.1167E+00
8.4300E+02	0.0000E+00	0.0000E+00	1.1167E+00
8.4400E+02	0.0000E+00	0.0000E+00	1.1147E+00
8.4500E+02	0.0000E+00	0.0000E+00	1.1087E+00
8.4600E+02	0.0000E+00	0.0000E+00	1.1067E+00
8.4700E+02	0.0000E+00	0.0000E+00	1.0957E+00
8.4800E+02	0.0000E+00	0.0000E+00	1.0957E+00
8.4900E+02	0.0000E+00	0.0000E+00	1.0927E+00
8.5000E+02	0.0000E+00	0.0000E+00	1.0857E+00
8.5100E+02	0.0000E+00	0.0000E+00	1.0847E+00
8.5200E+02	0.0000E+00	0.0000E+00	1.0797E+00
8.5300E+02	0.0000E+00	0.0000E+00	1.0787E+00
8.5400E+02	0.0000E+00	0.0000E+00	1.0737E+00
8.5500E+02	0.0000E+00	0.0000E+00	1.0747E+00
8.5600E+02	0.0000E+00	0.0000E+00	1.0707E+00
8.5700E+02	0.0000E+00	0.0000E+00	1.0687E+00
8.5800E+02	0.0000E+00	0.0000E+00	1.0657E+00
8.5900E+02	0.0000E+00	0.0000E+00	1.0687E+00
8.6000E+02	0.0000E+00	0.0000E+00	1.0777E+00
8.6100E+02	0.0000E+00	0.0000E+00	1.0917E+00
8.6200E+02	0.0000E+00	0.0000E+00	1.1067E+00
8.6300E+02	0.0000E+00	0.0000E+00	1.1127E+00
8.6400E+02	0.0000E+00	0.0000E+00	1.1247E+00
8.6500E+02	0.0000E+00	0.0000E+00	1.1287E+00
8.6600E+02	0.0000E+00	0.0000E+00	1.1287E+00
8.6700E+02	0.0000E+00	0.0000E+00	1.1267E+00
8.6800E+02	0.0000E+00	0.0000E+00	1.1267E+00
8.6900E+02	0.0000E+00	0.0000E+00	1.1237E+00
8.7000E+02	0.0000E+00	0.0000E+00	1.1207E+00
8.7100E+02	0.0000E+00	0.0000E+00	1.1197E+00
8.7200E+02	0.0000E+00	0.0000E+00	1.1137E+00
8.7300E+02	0.0000E+00	0.0000E+00	1.1097E+00
8.7400E+02	0.0000E+00	0.0000E+00	1.1077E+00
8.7500E+02	0.0000E+00	0.0000E+00	1.1047E+00
8.7600E+02	0.0000E+00	0.0000E+00	1.1037E+00
8.7700E+02	0.0000E+00	0.0000E+00	1.1017E+00
8.7800E+02	0.0000E+00	0.0000E+00	1.0967E+00
8.7900E+02	0.0000E+00	0.0000E+00	1.0907E+00
8.8000E+02	0.0000E+00	0.0000E+00	1.0897E+00
8.8100E+02	0.0000E+00	0.0000E+00	1.0887E+00
8.8200E+02	0.0000E+00	0.0000E+00	1.0867E+00
8.8300E+02	0.0000E+00	0.0000E+00	1.0947E+00
8.8400E+02	0.0000E+00	0.0000E+00	1.1087E+00
8.8500E+02	0.0000E+00	0.0000E+00	1.1337E+00
8.8600E+02	0.0000E+00	0.0000E+00	1.1697E+00
8.8700E+02	0.0000E+00	0.0000E+00	1.1897E+00
8.8800E+02	0.0000E+00	0.0000E+00	1.2118E+00
8.8900E+02	0.0000E+00	0.0000E+00	1.2168E+00
8.9000E+02	0.0000E+00	0.0000E+00	1.2268E+00
8.9100E+02	0.0000E+00	0.0000E+00	1.2218E+00
8.9200E+02	0.0000E+00	0.0000E+00	1.2198E+00
8.9300E+02	0.0000E+00	0.0000E+00	1.2138E+00
8.9400E+02	0.0000E+00	0.0000E+00	1.2078E+00
8.9500E+02	0.0000E+00	0.0000E+00	1.2048E+00
8.9600E+02	0.0000E+00	0.0000E+00	1.1978E+00
8.9700E+02	0.0000E+00	0.0000E+00	1.1878E+00
8.9800E+02	0.0000E+00	0.0000E+00	1.1808E+00
8.9900E+02	0.0000E+00	0.0000E+00	1.1718E+00
9.0000E+02	0.0000E+00	0.0000E+00	1.1668E+00
9.0100E+02	0.0000E+00	0.0000E+00	1.1658E+00
9.0200E+02	0.0000E+00	0.0000E+00	1.1578E+00
9.0300E+02	0.0000E+00	0.0000E+00	1.1578E+00
9.0400E+02	0.0000E+00	0.0000E+00	1.1508E+00
9.0500E+02	0.0000E+00	0.0000E+00	1.1468E+00
9.0600E+02	0.0000E+00	0.0000E+00	1.1428E+00
9.0700E+02	0.0000E+00	0.0000E+00	1.1448E+00
9.0800E+02	0.0000E+00	0.0000E+00	1.1488E+00
9.0900E+02	0.0000E+00	0.0000E+00	1.1598E+00
9.1000E+02	0.0000E+00	0.0000E+00	1.1708E+00
9.1100E+02	0.0000E+00	0.0000E+00	1.1818E+00
9.1200E+02	0.0000E+00	0.0000E+00	1.1908E+00
9.1300E+02	0.0000E+00	0.0000E+00	1.1948E+00
9.1400E+02	0.0000E+00	0.0000E+00	1.2018E+00
9.1500E+02	0.0000E+00	0.0000E+00	1.2058E+00
9.1600E+02	0.0000E+00	0.0000E+00	1.2008E+00
9.1700E+02	0.0000E+00	0.0000E+00	1.1958E+00
9.1800E+02	0.0000E+00	0.0000E+00	1.1908E+00
9.1900E+02	0.0000E+00	0.0000E+00	1.1888E+00
9.2000E+02	0.0000E+00	0.0000E+00	1.1828E+00
9.2100E+02	0.0000E+00	0.0000E+00	1.1788E+00
9.2200E+02	0.0000E+00	0.0000E+00	1.1698E+00
9.2300E+02	0.0000E+00	0.0000E+00	1.1688E+00
9.2400E+02	0.0000E+00	0.0000E+00	1.1648E+00
9.2500E+02	0.0000E+00	0.0000E+00	1.1628E+00
9.2600E+02	0.0000E+00	0.0000E+00	1.1578E+00
9.2700E+02	0.0000E+00	0.0000E+00	1.1498E+00
9.2800E+02	0.0000E+00	0.0000E+00	1.1488E+00
9.2900E+02	0.0000E+00	0.0000E+00	1.1488E+00
9.3000E+02	0.0000E+00	0.0000E+00	1.1338E+00
9.3100E+02	0.0000E+00	0.0000E+00	1.1408E+00
9.3200E+02	0.0000E+00	0.0000E+00	1.1508E+00
9.3300E+02	0.0000E+00	0.0000E+00	1.1688E+00
9.3400E+02	0.0000E+00	0.0000E+00	1.1968E+00
9.3500E+02	0.0000E+00	0.0000E+00	1.2168E+00
9.3600E+02	0.0000E+00	0.0000E+00	1.2368E+00
9.3700E+02	0.0000E+00	0.0000E+00	1.2468E+00
9.3800E+02	0.0000E+00	0.0000E+00	1.2498E+00
9.3900E+02	0.0000E+00	0.0000E+00	1.2438E+00
9.4000E+02	0.0000E+00	0.0000E+00	1.2458E+00
9.4100E+02	0.0000E+00	0.0000E+00	1.2468E+00
9.4200E+02	0.0000E+00	0.0000E+00	1.2368E+00
9.4300E+02	0.0000E+00	0.0000E+00	1.2278E+00
9.4400E+02	0.0000E+00	0.0000E+00	1.2258E+00
9.4500E+02	0.0000E+00	0.0000E+00	1.2198E+00
9.4600E+02	0.0000E+00	0.0000E+00	1.2118E+00
9.4700E+02	0.0000E+00	0.0000E+00	1.2118E+00
9.4800E+02	0.0000E+00	0.0000E+00	1.2098E+00
9.4900E+02	0.0000E+00	0.0000E+00	1.1998E+00
9.5000E+02	0.0000E+00	0.0000E+00	1.1958E+00
9.5100E+02	0.0000E+00	0.0000E+00	1.1908E+00
9.5200E+02	0.0000E+00	0.0000E+00	1.1808E+00
9.5300E+02	0.0000E+00	0.0000E+00	1.1779E+00
9.5400E+02	0.0000E+00	0.0000E+00	1.1759E+00
9.5500E+02	0.0000E+00	0.0000E+00	1.1758E+00
9.5600E+02	0.0000E+00	0.0000E+00	1.1758E+00
9.5700E+02	0.0000E+00	0.0000E+00	1.1859E+00
9.5800E+02	0.0000E+00	0.0000E+00	1.1959E+00
9.5900E+02	0.0000E+00	0.0000E+00	1.2068E+00
9.6000E+02	0.0000E+00	0.0000E+00	1.2148E+00
9.6100E+02	0.0000E+00	0.0000E+00	1.2119E+00
9.6200E+02	0.0000E+00	0.0000E+00	1.2179E+00
9.6300E+02	0.0000E+00	0.0000E+00	1.2159E+00
9.6400E+02	0.0000E+00	0.0000E+00	1.2139E+00
9.6500E+02	0.0000E+00	0.0000E+00	1.2099E+00
9.6600E+02	0.0000E+00	0.0000E+00	1.2069E+00
9.6700E+02	0.0000E+00	0.0000E+00	1.1999E+00
9.6800E+02	0.0000E+00	0.0000E+00	1.1959E+00
9.6900E+02	0.0000E+00	0.0000E+00	1.1859E+00
9.7000E+02	0.0000E+00	0.0000E+00	1.1859E+00
9.7100E+02	0.0000E+00	0.0000E+00	1.1789E+00
9.7200E+02	0.0000E+00	0.0000E+00	1.1769E+00
9.7300E+02	0.0000E+00	0.0000E+00	1.1739E+00
9.7400E+02	0.0000E+00	0.0000E+00	1.1709E+00
9.7500E+02	0.0000E+00	0.0000E+00	1.1639E+00
9.7600E+02	0.0000E+00	0.0000E+00	1.1669E+00
9.7700E+02	0.0000E+00	0.0000E+00	1.1569E+00
9.7800E+02	0.0000E+00	0.0000E+00	1.1549E+00
9.7900E+02	0.0000E+00	0.0000E+00	1.1489E+00
9.8000E+02	0.0000E+00	0.0000E+00	1.1489E+00
9.8100E+02	0.0000E+00	0.0000E+00	1.1499E+00
9.8200E+02	0.0000E+00	0.0000E+00	1.1579E+00
9.8300E+02	0.0000E+00	0.0000E+00	1.1679E+00
9.8400E+02	0.0000E+00	0.0000E+00	1.1729E+00
9.8500E+02	0.0000E+00	0.0000E+00	1.1749E+00
9.8600E+02	0.0000E+00	0.0000E+00	1.1789E+00
9.8700E+02	0.0000E+00	0.0000E+00	1.1779E+00
9.8800E+02	0.0000E+00	0.0000E+00	1.1739E+00
9.8900E+02	0.0000E+00	0.0000E+00	1.1659E+00
9.9000E+02	0.0000E+00	0.0000E+00	1.1629E+00
9.9100E+02	0.0000E+00	0.0000E+00	1.1609E+00
9.9200E+02	0.0000E+00	0.0000E+00	1.1579E+00
9.9300E+02	0.0000E+00	0.0000E+00	1.1519E+00
9.9400E+02	0.0000E+00	0.0000E+00	1.1479E+00
9.9500E+02	0.0000E+00	0.0000E+00	1.1449E+00
9.9600E+02	0.0000E+00	0.0000E+00	1.1399E+00
9.9700E+02	0.0000E+00	0.0000E+00	1.1399E+00
9.9800E+02	0.0000E+00	0.0000E+00	1.1389E+00
9.9900E+02	0.0000E+00	0.0000E+00	1.1319E+00
1.0000E+03	0.0000E+00	0.0000E+00	1.1319E+00
1.0010E+03	0.0000E+00	0.0000E+00	1.1239E+00
1.0020E+03	0.0000E+00	0.0000E+00	1.1249E+00
1.0030E+03	0.0000E+00	0.0000E+00	1.1209E+00
1.0040E+03	0.0000E+00	0.0000E+00	1.1259E+00
1.0050E+03	0.0000E+00	0.0000E+00	1.1259E+00
1.0060E+03	0.0000E+00	0.0000E+00	1.1379E+00
1.0070E+03	0.0000E+00	0.0000E+00	1.1499E+00
1.0080E+03	0.0000E+00	0.0000E+00	1.1579E+00
1.0090E+03	0.0000E+00	0.0000E+00	1.1789E+00
1.0100E+03	0.0000E+00	0.0000E+00	1.1779E+00
1.0110E+03	0.0000E+00	0.0000E+00	1.1779E+00
1.0120E+03	0.0000E+00	0.0000E+00	1.1769E+00
1.0130E+03	0.0000E+00	0.0000E+00	1.1789E+00
1.0140E+03	0.0000E+00	0.0000E+00	1.1689E+00
1.0150E+03	0.0000E+00	0.0000E+00	1.1629E+00
1.0160E+03	0.0000E+00	0.0000E+00	1.1609E+00
1.0170E+03	0.0000E+00	0.0000E+00	1.1479E+00
1.0180E+03	0.0000E+00	0.0000E+00	1.1490E+00
1.0190E+03	0.0000E+00	0.0000E+00	1.1479E+00
1.0200E+03	0.0000E+00	0.0000E+00	1.1449E+00
1.0210E+03	0.0000E+00	0.0000E+00	1.1390E+00
1.0220E+03	0.0000E+00	0.0000E+00	1.1369E+00
1.0230E+03	0.0000E+00	0.0000E+00	1.1360E+00
1.0240E+03	0.0000E+00	0.0000E+00	1.1330E+00
1.0250E+03	0.0000E+00	0.0000E+00	1.1260E+00
1.0260E+03	0.0000E+00	0.0000E+00	1.1210E+00
1.0270E+03	0.0000E+00	0.0000E+00	1.1220E+00
1.0280E+03	0.0000E+00	0.0000E+00	1.1210E+00
1.0290E+03	0.0000E+00	0.0000E+00	1.1330E+00
1.0300E+03	0.0000E+00	0.0000E+00	1.1450E+00
1.0310E+03	0.0000E+00	0.0000E+00	1.1620E+00
1.0320E+03	0.0000E+00	0.0000E+00	1.1720E+00
1.0330E+03	0.0000E+00	0.0000E+00	1.1870E+00
1.0340E+03	0.0000E+00	0.0000E+00	1.1910E+00
1.0350E+03	0.0000E+00	0.0000E+00	1.1920E+00
1.0360E+03	0.0000E+00	0.0000E+00	1.1900E+00
1.0370E+03	0.0000E+00	0.0000E+00	1.1800E+00
1.0380E+03	0.0000E+00	0.0000E+00	1.1790E+00
1.0390E+03	0.0000E+00	0.0000E+00	1.1770E+00
1.0400E+03	0.0000E+00	0.0000E+00	1.1710E+00
1.0410E+03	0.0000E+00	0.0000E+00	1.1610E+00
1.0420E+03	0.0000E+00	0.0000E+00	1.1610E+00
1.0430E+03	0.0000E+00	0.0000E+00	1.1580E+00
1.0440E+03	0.0000E+00	0.0000E+00	1.1570E+00
1.0450E+03	0.0000E+00	0.0000E+00	1.1510E+00
1.0460E+03	0.0000E+00	0.0000E+00	1.1500E+00
1.0470E+03	0.0000E+00	0.0000E+00	1.1460E+00
1.0480E+03	0.0000E+00	0.0000E+00	1.1450E+00
1.0490E+03	0.0000E+00	0.0000E+00	1.1370E+00
1.0500E+03	0.0000E+00	0.0000E+00	1.1330E+00
1.0510E+03	0.0000E+00	0.0000E+00	1.1290E+00
1.0520E+03	0.0000E+00	0.0000E+00	1.1340E+00
1.0530E+03	0.0000E+00	0.0000E+00	1.1390E+00
1.0540E+03	0.0000E+00	0.0000E+00	1.1530E+00
1.0550E+03	0.0000E+00	0.0000E+00	1.1720E+00
1.0560E+03	0.0000E+00	0.0000E+00	1.1870E+00
1.0570E+03	0.0000E+00	0.0000E+00	1.2010E+00
1.0580E+03	0.0000E+00	0.0000E+00	1.2070E+00
1.0590E+03	0.0000E+00	0.0000E+00	1.2150E+00
1.0600E+03	0.0000E+00	0.0000E+00	1.2090E+00
1.0610E+03	0.0000E+00	0.0000E+00	1.2060E+00
1.0620E+03	0.0000E+00	0.0000E+00	1.1980E+00
1.0630E+03	0.0000E+00	0.0000E+00	1.1940E+00
1.0640E+03	0.0000E+00	0.0000E+00	1.1870E+00
1.0650E+03	0.0000E+00	0.0000E+00	1.1790E+00
1.0660E+03	0.0000E+00	0.0000E+00	1.1780E+00
1.0670E+03	0.0000E+00	0.0000E+00	1.1760E+00
1.0680E+03	0.0000E+00	0.0000E+00	1.1670E+00
1.0690E+03	0.0000E+00	0.0000E+00	1.1630E+00
1.0700E+03	0.0000E+00	0.0000E+00	1.1610E+00
1.0710E+03	0.0000E+00	0.0000E+00	1.1570E+00
1.0720E+03	0.0000E+00	0.0000E+00	1.1540E+00
1.0730E+03	0.0000E+00	0.0000E+00	1.1500E+00
1.0740E+03	0.0000E+00	0.0000E+00	1.1440E+00
1.0750E+03	0.0000E+00	0.0000E+00	1.1430E+00
1.0760E+03	0.0000E+00	0.0000E+00	1.1450E+00
1.0770E+03	0.0000E+00	0.0000E+00	1.1580E+00
1.0780E+03	0.0000E+00	0.0000E+00	1.1770E+00
1.0790E+03	0.0000E+00	0.0000E+00	1.1960E+00
1.0800E+03	0.0000E+00	0.0000E+00	1.2140E+00
1.0810E+03	0.0000E+00	0.0000E+00	1.2300E+00
1.0820E+03	0.0000E+00	0.0000E+00	1.2370E+00
1.0830E+03	0.0000E+00	0.0000E+00	1.2430E+00
1.0840E+03	0.0000E+00	0.0000E+00	1.2361E+00
1.0850E+03	0.0000E+00	0.0000E+00	1.2370E+00
1.0860E+03	0.0000E+00	0.0000E+00	1.2291E+00
1.0870E+03	0.0000E+00	0.0000E+00	1.2230E+00
1.0880E+03	0.0000E+00	0.0000E+00	1.2211E+00
1.0890E+03	0.0000E+00	0.0000E+00	1.2081E+00
1.0900E+03	0.0000E+00	0.0000E+00	1.2080E+00
1.0910E+03	0.0000E+00	0.0000E+00	1.2051E+00
1.0920E+03	0.0000E+00	0.0000E+00	1.1971E+00
1.0930E+03	0.0000E+00	0.0000E+00	1.1951E+00
1.0940E+03	0.0000E+00	0.0000E+00	1.1901E+00
1.0950E+03	0.0000E+00	0.0000E+00	1.1831E+00
1.0960E+03	0.0000E+00	0.0000E+00	1.1801E+00
1.0970E+03	0.0000E+00	0.0000E+00	1.1741E+00
1.0980E+03	0.0000E+00	0.0000E+00	1.1671E+00
1.0990E+03	0.0000E+00	0.0000E+00	1.1671E+00
1.1000E+03	0.0000E+00	0.0000E+00	1.1661E+00
1.1010E+03	0.0000E+00	0.0000E+00	1.1831E+00
1.1020E+03	0.0000E+00	0.0000E+00	1.1981E+00
1.1030E+03	0.0000E+00	0.0000E+00	1.2141E+00
1.1040E+03	0.0000E+00	0.0000E+00	1.2331E+00
1.1050E+03	0.0000E+00	0.0000E+00	1.2441E+00
1.1060E+03	0.0000E+00	0.0000E+00	1.2501E+00
1.1070E+03	0.0000E+00	0.0000E+00	1.2551E+00
1.1080E+03	0.0000E+00	0.0000E+00	1.2481E+00
1.1090E+03	0.0000E+00	0.0000E+00	1.2481E+00
1.1100E+03	0.0000E+00	0.0000E+00	1.2431E+00
1.1110E+03	0.0000E+00	0.0000E+00	1.2341E+00
1.1120E+03	0.0000E+00	0.0000E+00	1.2291E+00
1.1130E+03	0.0000E+00	0.0000E+00	1.2221E+00
1.1140E+03	0.0000E+00	0.0000E+00	1.2171E+00
1.1150E+03	0.0000E+00	0.0000E+00	1.2151E+00
1.1160E+03	0.0000E+00	0.0000E+00	1.2131E+00
1.1170E+03	0.0000E+00	0.0000E+00	1.2021E+00
1.1180E+03	0.0000E+00	0.0000E+00	1.1971E+00
1.1190E+03	0.0000E+00	0.0000E+00	1.1961E+00
1.1200E+03	0.0000E+00	0.0000E+00	1.1851E+00
1.1210E+03	0.0000E+00	0.0000E+00	1.1831E+00
1.1220E+03	0.0000E+00	0.0000E+00	1.1761E+00
1.1230E+03	0.0000E+00	0.0000E+00	1.1741E+00
1.1240E+03	0.0000E+00	0.0000E+00	1.1761E+00
1.1250E+03	0.0000E+00	0.0000E+00	1.1841E+00
1.1260E+03	0.0000E+00	0.0000E+00	1.1891E+00
1.1270E+03	0.0000E+00	0.0000E+00	1.1981E+00
1.1280E+03	0.0000E+00	0.0000E+00	1.2071E+00
1.1290E+03	0.0000E+00	0.0000E+00	1.2151E+00
1.1300E+03	0.0000E+00	0.0000E+00	1.2211E+00
1.1310E+03	0.0000E+00	0.0000E+00	1.2221E+00
1.1320E+03	0.0000E+00	0.0000E+00	1.2191E+00
1.1330E+03	0.0000E+00	0.0000E+00	1.2151E+00
1.1340E+03	0.0000E+00	0.0000E+00	1.2131E+00
1.1350E+03	0.0000E+00	0.0000E+00	1.2061E+00
1.1360E+03	0.0000E+00	0.0000E+00	1.2031E+00
1.1370E+03	0.0000E+00	0.0000E+00	1.1941E+00
1.1380E+03	0.0000E+00	0.0000E+00	1.1891E+00
1.1390E+03	0.0000E+00	0.0000E+00	1.1871E+00
1.1400E+03	0.0000E+00	0.0000E+00	1.1801E+00
1.1410E+03	0.0000E+00	0.0000E+00	1.1811E+00
1.1420E+03	0.0000E+00	0.0000E+00	1.1781E+00
1.1430E+03	0.0000E+00	0.0000E+00	1.1741E+00
1.1440E+03	0.0000E+00	0.0000E+00	1.1621E+00
1.1450E+03	0.0000E+00	0.0000E+00	1.1611E+00
1.1460E+03	0.0000E+00	0.0000E+00	1.1571E+00
1.1470E+03	0.0000E+00	0.0000E+00	1.1551E+00
1.1480E+03	0.0000E+00	0.0000E+00	1.1502E+00
1.1490E+03	0.0000E+00	0.0000E+00	1.1531E+00
1.1500E+03	0.0000E+00	0.0000E+00	1.1611E+00
1.1510E+03	0.0000E+00	0.0000E+00	1.1651E+00
1.1520E+03	0.0000E+00	0.0000E+00	1.1792E+00
1.1530E+03	0.0000E+00	0.0000E+00	1.1842E+00
1.1540E+03	0.0000E+00	0.0000E+00	1.1912E+00
1.1550E+03	0.0000E+00	0.0000E+00	1.1962E+00
1.1560E+03	0.0000E+00	0.0000E+00	1.1942E+00
1.1570E+03	0.0000E+00	0.0000E+00	1.1892E+00
1.1580E+03	0.0000E+00	0.0000E+00	1.1842E+00
1.1590E+03	0.0000E+00	0.0000E+00	1.1822E+00
1.1600E+03	0.0000E+00	0.0000E+00	1.1772E+00
1.1610E+03	0.0000E+00	0.0000E+00	1.1702E+00
1.1620E+03	0.0000E+00	0.0000E+00	1.1632E+00
1.1630E+03	0.0000E+00	0.0000E+00	1.1592E+00
1.1640E+03	0.0000E+00	0.0000E+00	1.1612E+00
1.1650E+03	0.0000E+00	0.0000E+00	1.1562E+00
1.1660E+03	0.0000E+00	0.0000E+00	1.1532E+00
1.1670E+03	0.0000E+00	0.0000E+00	1.1502E+00
1.1680E+03	0.0000E+00	0.0000E+00	1.1502E+00
1.1690E+03	0.0000E+00	0.0000E+00	1.1482E+00
1.1700E+03	0.0000E+00	0.0000E+00	1.1462E+00
1.1710E+03	0.0000E+00	0.0000E+00	1.1392E+00
1.1720E+03	0.0000E+00	0.0000E+00	1.1392E+00
1.1730E+03	0.0000E+00	0.0000E+00	1.1432E+00
1.1740E+03	0.0000E+00	0.0000E+00	1.1502E+00
1.1750E+03	0.0000E+00	0.0000E+00	1.1522E+00
1.1760E+03	0.0000E+00	0.0000E+00	1.1502E+00
1.1770E+03	0.0000E+00	0.0000E+00	1.1482E+00
1.1780E+03	0.0000E+00	0.0000E+00	1.1432E+00
1.1790E+03	0.0000E+00	0.0000E+00	1.1442E+00
1.1800E+03	0.0000E+00	0.0000E+00	1.1412E+00
1.1810E+03	0.0000E+00	0.0000E+00	1.1352E+00
1.1820E+03	0.0000E+00	0.0000E+00	1.1342E+00
1.1830E+03	0.0000E+00	0.0000E+00	1.1322E+00
1.1840E+03	0.0000E+00	0.0000E+00	1.1282E+00
1.1850E+03	0.0000E+00	0.0000E+00	1.1222E+00
1.1860E+03	0.0000E+00	0.0000E+00	1.1232E+00
1.1870E+03	0.0000E+00	0.0000E+00	1.1222E+00
1.1880E+03	0.0000E+00	0.0000E+00	1.1242E+00
1.1890E+03	0.0000E+00	0.0000E+00	1.1182E+00
1.1900E+03	0.0000E+00	0.0000E+00	1.1202E+00
1.1910E+03	0.0000E+00	0.0000E+00	1.1142E+00
1.1920E+03	0.0000E+00	0.0000E+00	1.1122E+00
1.1930E+03	0.0000E+00	0.0000E+00	1.1052E+00
1.1940E+03	0.0000E+00	0.0000E+00	1.1062E+00
1.1950E+03	0.0000E+00	0.0000E+00	1.1072E+00
1.1960E+03	0.0000E+00	0.0000E+00	1.1092E+00
1.1970E+03	0.0000E+00	0.0000E+00	1.1132E+00
1.1980E+03	0.0000E+00	0.0000E+00	1.1212E+00
1.1990E+03	0.0000E+00	0.0000E+00	1.1342E+00
1.2000E+03	0.0000E+00	0.0000E+00	1.1402E+00
1.2010E+03	0.0000E+00	0.0000E+00	1.1482E+00
1.2020E+03	0.0000E+00	0.0000E+00	1.1562E+00
1.2030E+03	0.0000E+00	0.0000E+00	1.1512E+00
1.2040E+03	0.0000E+00	0.0000E+00	1.1542E+00
1.2050E+03	0.0000E+00	0.0000E+00	1.1552E+00
1.2060E+03	0.0000E+00	0.0000E+00	1.1522E+00
1.2070E+03	0.0000E+00	0.0000E+00	1.1462E+00
1.2080E+03	0.0000E+00	0.0000E+00	1.1442E+00
1.2090E+03	0.0000E+00	0.0000E+00	1.1372E+00
1.2100E+03	0.0000E+00	0.0000E+00	1.1342E+00
1.2110E+03	0.0000E+00	0.0000E+00	1.1322E+00
1.2120E+03	0.0000E+00	0.0000E+00	1.1312E+00
1.2130E+03	0.0000E+00	0.0000E+00	1.1302E+00
1.2140E+03	0.0000E+00	0.0000E+00	1.1262E+00
1.2150E+03	0.0000E+00	0.0000E+00	1.1202E+00
1.2160E+03	0.0000E+00	0.0000E+00	1.1212E+00
1.2170E+03	0.0000E+00	0.0000E+00	1.1162E+00
1.2180E+03	0.0000E+00	0.0000E+00	1.1112E+00
1.2190E+03	0.0000E+00	0.0000E+00	1.1092E+00
1.2200E+03	0.0000E+00	0.0000E+00	1.1142E+00
1.2210E+03	0.0000E+00	0.0000E+00	1.1252E+00
1.2220E+03	0.0000E+00	0.0000E+00	1.1332E+00
1.2230E+03	0.0000E+00	0.0000E+00	1.1381E+00
1.2240E+03	0.0000E+00	0.0000E+00	1.1471E+00
1.2250E+03	0.0000E+00	0.0000E+00	1.1491E+00
1.2260E+03	0.0000E+00	0.0000E+00	1.1531E+00
1.2270E+03	0.0000E+00	0.0000E+00	1.1541E+00
1.2280E+03	0.0000E+00	0.0000E+00	1.1521E+00
1.2290E+03	0.0000E+00	0.0000E+00	1.1581E+00
1.2300E+03	0.0000E+00	0.0000E+00	1.1501E+00
1.2310E+03	0.0000E+00	0.0000E+00	1.1491E+00
1.2320E+03	0.0000E+00	0.0000E+00	1.1441E+00
1.2330E+03	0.0000E+00	0.0000E+00	1.1381E+00
1.2340E+03	0.0000E+00	0.0000E+00	1.1361E+00
1.2350E+03	0.0000E+00	0.0000E+00	1.1331E+00
1.2360E+03	0.0000E+00	0.0000E+00	1.1301E+00
1.2370E+03	0.0000E+00	0.0000E+00	1.1311E+00
1.2380E+03	0.0000E+00	0.0000E+00	1.1251E+00
1.2390E+03	0.0000E+00	0.0000E+00	1.1241E+00
1.2400E+03	0.0000E+00	0.0000E+00	1.1211E+00
1.2410E+03	0.0000E+00	0.0000E+00	1.1131E+00
1.2420E+03	0.0000E+00	0.0000E+00	1.1141E+00
1.2430E+03	0.0000E+00	0.0000E+00	1.1071E+00
1.2440E+03	0.0000E+00	0.0000E+00	1.1111E+00
1.2450E+03	0.0000E+00	0.0000E+00	1.1101E+00
1.2460E+03	0.0000E+00	0.0000E+00	1.1201E+00
1.2470E+03	0.0000E+00	0.0000E+00	1.1321E+00
1.2480E+03	0.0000E+00	0.0000E+00	1.1501E+00
1.2490E+03	0.0000E+00	0.0000E+00	1.1641E+00
1.2500E+03	0.0000E+00	0.0000E+00	1.1731E+00
1.2510E+03	0.0000E+00	0.0000E+00	1.1780E+00
1.2520E+03	0.0000E+00	0.0000E+00	1.1780E+00
1.2530E+03	0.0000E+00	0.0000E+00	1.1770E+00
1.2540E+03	0.0000E+00	0.0000E+00	1.1710E+00
1.2550E+03	0.0000E+00	0.0000E+00	1.1670E+00
1.2560E+03	0.0000E+00	0.0000E+00	1.1580E+00
1.2570E+03	0.0000E+00	0.0000E+00	1.1540E+00
1.2580E+03	0.0000E+00	0.0000E+00	1.1480E+00
1.2590E+03	0.0000E+00	0.0000E+00	1.1450E+00
1.2600E+03	0.0000E+00	0.0000E+00	1.1440E+00
1.2610E+03	0.0000E+00	0.0000E+00	1.1400E+00
1.2620E+03	0.0000E+00	0.0000E+00	1.1310E+00
1.2630E+03	0.0000E+00	0.0000E+00	1.1330E+00
1.2640E+03	0.0000E+00	0.0000E+00	1.1260E+00
1.2650E+03	0.0000E+00	0.0000E+00	1.1240E+00
1.2660E+03	0.0000E+00	0.0000E+00	1.1140E+00
1.2670E+03	0.0000E+00	0.0000E+00	1.1130E+00
1.2680E+03	0.0000E+00	0.0000E+00	1.1160E+00
1.2690E+03	0.0000E+00	0.0000E+00	1.1290E+00
1.2700E+03	0.0000E+00	0.0000E+00	1.1450E+00
1.2710E+03	0.0000E+00	0.0000E+00	1.1670E+00
1.2720E+03	0.0000E+00	0.0000E+00	1.1930E+00
1.2730E+03	0.0000E+00	0.0000E+00	1.2070E+00
1.2740E+03	0.0000E+00	0.0000E+00	1.2160E+00
1.2750E+03	0.0000E+00	0.0000E+00	1.2220E+00
1.2760E+03	0.0000E+00	0.0000E+00	1.2180E+00
1.2770E+03	0.0000E+00	0.0000E+00	1.2110E+00
1.2780E+03	0.0000E+00	0.0000E+00	1.2060E+00
1.2790E+03	0.0000E+00	0.0000E+00	1.2030E+00
1.2800E+03	0.0000E+00	0.0000E+00	1.1940E+00
1.2810E+03	0.0000E+00	0.0000E+00	1.1899E+00
1.2820E+03	0.0000E+00	0.0000E+00	1.1829E+00
1.2830E+03	0.0000E+00	0.0000E+00	1.1779E+00
1.2840E+03	0.0000E+00	0.0000E+00	1.1759E+00
1.2850E+03	0.0000E+00	0.0000E+00	1.1699E+00
1.2860E+03	0.0000E+00	0.0000E+00	1.1659E+00
1.2870E+03	0.0000E+00	0.0000E+00	1.1579E+00
1.2880E+03	0.0000E+00	0.0000E+00	1.1529E+00
1.2890E+03	0.0000E+00	0.0000E+00	1.1499E+00
1.2900E+03	0.0000E+00	0.0000E+00	1.1399E+00
1.2910E+03	0.0000E+00	0.0000E+00	1.1369E+00
1.2920E+03	0.0000E+00	0.0000E+00	1.1439E+00
1.2930E+03	0.0000E+00	0.0000E+00	1.1609E+00
1.2940E+03	0.0000E+00	0.0000E+00	1.1849E+00
1.2950E+03	0.0000E+00	0.0000E+00	1.2089E+00
1.2960E+03	0.0000E+00	0.0000E+00	1.2279E+00
1.2970E+03	0.0000E+00	0.0000E+00	1.2429E+00
1.2980E+03	0.0000E+00	0.0000E+00	1.2529E+00
1.2990E+03	0.0000E+00	0.0000E+00	1.2639E+00
1.3000E+03	0.0000E+00	0.0000E+00	1.2579E+00
1.3010E+03	0.0000E+00	0.0000E+00	1.2509E+00
1.3020E+03	0.0000E+00	0.0000E+00	1.2429E+00
1.3030E+03	0.0000E+00	0.0000E+00	1.2369E+00
1.3040E+03	0.0000E+00	0.0000E+00	1.2279E+00
1.3050E+03	0.0000E+00	0.0000E+00	1.2209E+00
1.3060E+03	0.0000E+00	0.0000E+00	1.2159E+00
1.3070E+03	0.0000E+00	0.0000E+00	1.2119E+00
1.3080E+03	0.0000E+00	0.0000E+00	1.2009E+00
1.3090E+03	0.0000E+00	0.0000E+00	1.1989E+00
1.3100E+03	0.0000E+00	0.0000E+00	1.1908E+00
1.3110E+03	0.0000E+00	0.0000E+00	1.1868E+00
1.3120E+03	0.0000E+00	0.0000E+00	1.1808E+00
1.3130E+03	0.0000E+00	0.0000E+00	1.1758E+00
1.3140E+03	0.0000E+00	0.0000E+00	1.1698E+00
1.3150E+03	0.0000E+00	0.0000E+00	1.1688E+00
1.3160E+03	0.0000E+00	0.0000E+00	1.1708E+00
1.3170E+03	0.0000E+00	0.0000E+00	1.1648E+00
1.3180E+03	0.0000E+00	0.0000E+00	1.1728E+00
1.3190E+03	0.0000E+00	0.0000E+00	1.1818E+00
1.3200E+03	0.0000E+00	0.0000E+00	1.1818E+00
1.3210E+03	0.0000E+00	0.0000E+00	1.1838E+00
1.3220E+03	0.0000E+00	0.0000E+00	1.1818E+00
1.3230E+03	0.0000E+00	0.0000E+00	1.1768E+00
1.3240E+03	0.0000E+00	0.0000E+00	1.1778E+00
1.3250E+03	0.0000E+00	0.0000E+00	1.1768E+00
1.3260E+03	0.0000E+00	0.0000E+00	1.1728E+00
1.3270E+03	0.0000E+00	0.0000E+00	1.1678E+00
1.3280E+03	0.0000E+00	0.0000E+00	1.1648E+00
1.3290E+03	0.0000E+00	0.0000E+00	1.1568E+00
1.3300E+03	0.0000E+00	0.0000E+00	1.1578E+00
1.3310E+03	0.0000E+00	0.0000E+00	1.1508E+00
1.3320E+03	0.0000E+00	0.0000E+00	1.1468E+00
1.3330E+03	0.0000E+00	0.0000E+00	1.1438E+00
1.3340E+03	0.0000E+00	0.0000E+00	1.1428E+00
1.3350E+03	0.0000E+00	0.0000E+00	1.1388E+00
1.3360E+03	0.0000E+00	0.0000E+00	1.1327E+00
1.3370E+03	0.0000E+00	0.0000E+00	1.1278E+00
1.3380E+03	0.0000E+00	0.0000E+00	1.1267E+00
1.3390E+03	0.0000E+00	0.0000E+00	1.1257E+00
1.3400E+03	0.0000E+00	0.0000E+00	1.1228E+00
1.3410E+03	0.0000E+00	0.0000E+00	1.1267E+00
1.3420E+03	0.0000E+00	0.0000E+00	1.1427E+00
1.3430E+03	0.0000E+00	0.0000E+00	1.1647E+00
1.3440E+03	0.0000E+00	0.0000E+00	1.1827E+00
1.3450E+03	0.0000E+00	0.0000E+00	1.1987E+00
1.3460E+03	0.0000E+00	0.0000E+00	1.2047E+00
1.3470E+03	0.0000E+00	0.0000E+00	1.2067E+00
1.3480E+03	0.0000E+00	0.0000E+00	1.2047E+00
1.3490E+03	0.0000E+00	0.0000E+00	1.1987E+00
1.3500E+03	0.0000E+00	0.0000E+00	1.1967E+00
1.3510E+03	0.0000E+00	0.0000E+00	1.1847E+00
1.3520E+03	0.0000E+00	0.0000E+00	1.1797E+00
1.3530E+03	0.0000E+00	0.0000E+00	1.1757E+00
1.3540E+03	0.0000E+00	0.0000E+00	1.1677E+00
1.3550E+03	0.0000E+00	0.0000E+00	1.1687E+00
1.3560E+03	0.0000E+00	0.0000E+00	1.1627E+00
1.3570E+03	0.0000E+00	0.0000E+00	1.1547E+00
1.3580E+03	0.0000E+00	0.0000E+00	1.1567E+00
1.3590E+03	0.0000E+00	0.0000E+00	1.1527E+00
1.3600E+03	0.0000E+00	0.0000E+00	1.1487E+00
1.3610E+03	0.0000E+00	0.0000E+00	1.1447E+00
1.3620E+03	0.0000E+00	0.0000E+00	1.1467E+00
1.3630E+03	0.0000E+00	0.0000E+00	1.1497E+00
1.3640E+03	0.0000E+00	0.0000E+00	1.1447E+00
1.3650E+03	0.0000E+00	0.0000E+00	1.1427E+00
1.3660E+03	0.0000E+00	0.0000E+00	1.1387E+00
1.3670E+03	0.0000E+00	0.0000E+00	1.1437E+00
1.3680E+03	0.0000E+00	0.0000E+00	1.1466E+00
1.3690E+03	0.0000E+00	0.0000E+00	1.1517E+00
1.3700E+03	0.0000E+00	0.0000E+00	1.1486E+00
1.3710E+03	0.0000E+00	0.0000E+00	1.1506E+00
1.3720E+03	0.0000E+00	0.0000E+00	1.1496E+00
1.3730E+03	0.0000E+00	0.0000E+00	1.1416E+00
1.3740E+03	0.0000E+00	0.0000E+00	1.1386E+00
1.3750E+03	0.0000E+00	0.0000E+00	1.1356E+00
1.3760E+03	0.0000E+00	0.0000E+00	1.1326E+00
1.3770E+03	0.0000E+00	0.0000E+00	1.1276E+00
1.3780E+03	0.0000E+00	0.0000E+00	1.1226E+00
1.3790E+03	0.0000E+00	0.0000E+00	1.1226E+00
1.3800E+03	0.0000E+00	0.0000E+00	1.1196E+00
1.3810E+03	0.0000E+00	0.0000E+00	1.1186E+00
1.3820E+03	0.0000E+00	0.0000E+00	1.1136E+00
1.3830E+03	0.0000E+00	0.0000E+00	1.1126E+00
1.3840E+03	0.0000E+00	0.0000E+00	1.1086E+00
1.3850E+03	0.0000E+00	0.0000E+00	1.1006E+00
1.3860E+03	0.0000E+00	0.0000E+00	1.0986E+00
1.3870E+03	0.0000E+00	0.0000E+00	1.0966E+00
1.3880E+03	0.0000E+00	0.0000E+00	1.0966E+00
1.3890E+03	0.0000E+00	0.0000E+00	1.0986E+00
1.3900E+03	0.0000E+00	0.0000E+00	1.1026E+00
1.3910E+03	0.0000E+00	0.0000E+00	1.1086E+00
1.3920E+03	0.0000E+00	0.0000E+00	1.1126E+00
1.3930E+03	0.0000E+00	0.0000E+00	1.1196E+00
1.3940E+03	0.0000E+00	0.0000E+00	1.1256E+00
1.3950E+03	0.0000E+00	0.0000E+00	1.1325E+00
1.3960E+03	0.0000E+00	0.0000E+00	1.1365E+00
1.3970E+03	0.0000E+00	0.0000E+00	1.1315E+00
1.3980E+03	0.0000E+00	0.0000E+00	1.1266E+00
1.3990E+03	0.0000E+00	0.0000E+00	1.1265E+00
1.4000E+03	0.0000E+00	0.0000E+00	1.1225E+00
1.4010E+03	0.0000E+00	0.0000E+00	1.1165E+00
1.4020E+03	0.0000E+00	0.0000E+00	1.1155E+00
1.4030E+03	0.0000E+00	0.0000E+00	1.1115E+00
1.4040E+03	0.0000E+00	0.0000E+00	1.1095E+00
1.4050E+03	0.0000E+00	0.0000E+00	1.1085E+00
1.4060E+03	0.0000E+00	0.0000E+00	1.1045E+00
1.4070E+03	0.0000E+00	0.0000E+00	1.1015E+00
1.4080E+03	0.0000E+00	0.0000E+00	1.1005E+00
1.4090E+03	0.0000E+00	0.0000E+00	1.0985E+00
1.4100E+03	0.0000E+00	0.0000E+00	1.0985E+00
1.4110E+03	0.0000E+00	0.0000E+00	1.0935E+00
1.4120E+03	0.0000E+00	0.0000E+00	1.0965E+00
1.4130E+03	0.0000E+00	0.0000E+00	1.1015E+00
1.4140E+03	0.0000E+00	0.0000E+00	1.1155E+00
1.4150E+03	0.0000E+00	0.0000E+00	1.1415E+00
1.4160E+03	0.0000E+00	0.0000E+00	1.1665E+00
1.4170E+03	0.0000E+00	0.0000E+00	1.1885E+00
1.4180E+03	0.0000E+00	0.0000E+00	1.1965E+00
1.4190E+03	0.0000E+00	0.0000E+00	1.1875E+00
1.4200E+03	0.0000E+00	0.0000E+00	1.1905E+00
1.4210E+03	0.0000E+00	0.0000E+00	1.1785E+00
1.4220E+03	0.0000E+00	0.0000E+00	1.1765E+00
1.4230E+03	0.0000E+00	0.0000E+00	1.1675E+00
1.4240E+03	0.0000E+00	0.0000E+00	1.1545E+00
1.4250E+03	0.0000E+00	0.0000E+00	1.1495E+00
1.4260E+03	0.0000E+00	0.0000E+00	1.1435E+00
1.4270E+03	0.0000E+00	0.0000E+00	1.1385E+00
1.4280E+03	0.0000E+00	0.0000E+00	1.1355E+00
1.4290E+03	0.0000E+00	0.0000E+00	1.1334E+00
1.4300E+03	0.0000E+00	0.0000E+00	1.1304E+00
1.4310E+03	0.0000E+00	0.0000E+00	1.1214E+00
1.4320E+03	0.0000E+00	0.0000E+00	1.1154E+00
1.4330E+03	0.0000E+00	0.0000E+00	1.1144E+00
1.4340E+03	0.0000E+00	0.0000E+00	1.1084E+00
1.4350E+03	0.0000E+00	0.0000E+00	1.1064E+00
1.4360E+03	0.0000E+00	0.0000E+00	1.1034E+00
1.4370E+03	0.0000E+00	0.0000E+00	1.1164E+00
1.4380E+03	0.0000E+00	0.0000E+00	1.1364E+00
1.4390E+03	0.0000E+00	0.0000E+00	1.1544E+00
1.4400E+03	0.0000E+00	0.0000E+00	1.1744E+00
1.4410E+03	0.0000E+00	0.0000E+00	1.1854E+00
1.4420E+03	0.0000E+00	0.0000E+00	1.1994E+00
1.4430E+03	0.0000E+00	0.0000E+00	1.2084E+00
1.4440E+03	0.0000E+00	0.0000E+00	1.2044E+00
1.4450E+03	0.0000E+00	0.0000E+00	1.2014E+00
1.4460E+03	0.0000E+00	0.0000E+00	1.1924E+00
1.4470E+03	0.0000E+00	0.0000E+00	1.1834E+00
1.4480E+03	0.0000E+00	0.0000E+00	1.1824E+00
1.4490E+03	0.0000E+00	0.0000E+00	1.1704E+00
1.4500E+03	0.0000E+00	0.0000E+00	1.1614E+00
1.4510E+03	0.0000E+00	0.0000E+00	1.1534E+00
1.4520E+03	0.0000E+00	0.0000E+00	1.1464E+00
1.4530E+03	0.0000E+00	0.0000E+00	1.1414E+00
1.4540E+03	0.0000E+00	0.0000E+00	1.1384E+00
1.4550E+03	0.0000E+00	0.0000E+00	1.1324E+00
1.4560E+03	0.0000E+00	0.0000E+00	1.1253E+00
1.4570E+03	0.0000E+00	0.0000E+00	1.1223E+00
1.4580E+03	0.0000E+00	0.0000E+00	1.1133E+00
1.4590E+03	0.0000E+00	0.0000E+00	1.1103E+00
1.4600E+03	0.0000E+00	0.0000E+00	1.1043E+00
1.4610E+03	0.0000E+00	0.0000E+00	1.1093E+00
1.4620E+03	0.0000E+00	0.0000E+00	1.1193E+00
1.4630E+03	0.0000E+00	0.0000E+00	1.1353E+00
1.4640E+03	0.0000E+00	0.0000E+00	1.1433E+00
1.4650E+03	0.0000E+00	0.0000E+00	1.1583E+00
1.4660E+03	0.0000E+00	0.0000E+00	1.1613E+00
1.4670E+03	0.0000E+00	0.0000E+00	1.1653E+00
1.4680E+03	0.0000E+00	0.0000E+00	1.1613E+00
1.4690E+03	0.0000E+00	0.0000E+00	1.1563E+00
1.4700E+03	0.0000E+00	0.0000E+00	1.1533E+00
1.4710E+03	0.0000E+00	0.0000E+00	1.1473E+00
1.4720E+03	0.0000E+00	0.0000E+00	1.1413E+00
1.4730E+03	0.0000E+00	0.0000E+00	1.1343E+00
1.4740E+03	0.0000E+00	0.0000E+00	1.1343E+00
1.4750E+03	0.0000E+00	0.0000E+00	1.1233E+00
1.4760E+03	0.0000E+00	0.0000E+00	1.1243E+00
1.4770E+03	0.0000E+00	0.0000E+00	1.1183E+00
1.4780E+03	0.0000E+00	0.0000E+00	1.1183E+00
1.4790E+03	0.0000E+00	0.0000E+00	1.1153E+00
1.4800E+03	0.0000E+00	0.0000E+00	1.1083E+00
1.4810E+03	0.0000E+00	0.0000E+00	1.1073E+00
1.4820E+03	0.0000E+00	0.0000E+00	1.1013E+00
1.4830E+03	0.0000E+00	0.0000E+00	1.0953E+00
1.4840E+03	0.0000E+00	0.0000E+00	1.0923E+00
1.4850E+03	0.0000E+00	0.0000E+00	1.0983E+00
1.4860E+03	0.0000E+00	0.0000E+00	1.1073E+00
1.4870E+03	0.0000E+00	0.0000E+00	1.1192E+00
1.4880E+03	0.0000E+00	0.0000E+00	1.1342E+00
1.4890E+03	0.0000E+00	0.0000E+00	1.1503E+00
1.4900E+03	0.0000E+00	0.0000E+00	1.1582E+00
1.4910E+03	0.0000E+00	0.0000E+00	1.1632E+00
1.4920E+03	0.0000E+00	0.0000E+00	1.1642E+00
1.4930E+03	0.0000E+00	0.0000E+00	1.1562E+00
1.4940E+03	0.0000E+00	0.0000E+00	1.1532E+00
1.4950E+03	0.0000E+00	0.0000E+00	1.1492E+00
1.4960E+03	0.0000E+00	0.0000E+00	1.1412E+00
1.4970E+03	0.0000E+00	0.0000E+00	1.1342E+00
1.4980E+03	0.0000E+00	0.0000E+00	1.1302E+00
1.4990E+03	0.0000E+00	0.0000E+00	1.1242E+00
1.5000E+03	0.0000E+00	0.0000E+00	1.1252E+00
1.5010E+03	0.0000E+00	0.0000E+00	1.1182E+00
1.5020E+03	0.0000E+00	0.0000E+00	1.1182E+00
1.5030E+03	0.0000E+00	0.0000E+00	1.1162E+00
1.5040E+03	0.0000E+00	0.0000E+00	1.1062E+00
1.5050E+03	0.0000E+00	0.0000E+00	1.1002E+00
1.5060E+03	0.0000E+00	0.0000E+00	1.1002E+00
1.5070E+03	0.0000E+00	0.0000E+00	1.0982E+00
1.5080E+03	0.0000E+00	0.0000E+00	1.0932E+00
1.5090E+03	0.0000E+00	0.0000E+00	1.0922E+00
1.5100E+03	0.0000E+00	0.0000E+00	1.0922E+00
1.5110E+03	0.0000E+00	0.0000E+00	1.0972E+00
1.5120E+03	0.0000E+00	0.0000E+00	1.1062E+00
1.5130E+03	0.0000E+00	0.0000E+00	1.1092E+00
1.5140E+03	0.0000E+00	0.0000E+00	1.1182E+00
1.5150E+03	0.0000E+00	0.0000E+00	1.1162E+00
1.5160E+03	0.0000E+00	0.0000E+00	1.1142E+00
1.5170E+03	0.0000E+00	0.0000E+00	1.1132E+00
1.5180E+03	0.0000E+00	0.0000E+00	1.1111E+00
1.5190E+03	0.0000E+00	0.0000E+00	1.1041E+00
1.5200E+03	0.0000E+00	0.0000E+00	1.1051E+00
1.5210E+03	0.0000E+00	0.0000E+00	1.0991E+00
1.5220E+03	0.0000E+00	0.0000E+00	1.0941E+00
1.5230E+03	0.0000E+00	0.0000E+00	1.0921E+00
1.5240E+03	0.0000E+00	0.0000E+00	1.0901E+00
1.5250E+03	0.0000E+00	0.0000E+00	1.0891E+00
1.5260E+03	0.0000E+00	0.0000E+00	1.0861E+00
1.5270E+03	0.0000E+00	0.0000E+00	1.0821E+00
1.5280E+03	0.0000E+00	0.0000E+00	1.0771E+00
1.5290E+03	0.0000E+00	0.0000E+00	1.0761E+00
1.5300E+03	0.0000E+00	0.0000E+00	1.0681E+00
1.5310E+03	0.0000E+00	0.0000E+00	1.0641E+00
1.5320E+03	0.0000E+00	0.0000E+00	1.0661E+00
1.5330E+03	0.0000E+00	0.0000E+00	1.0681E+00
1.5340E+03	0.0000E+00	0.0000E+00	1.0801E+00
1.5350E+03	0.0000E+00	0.0000E+00	1.0971E+00
1.5360E+03	0.0000E+00	0.0000E+00	1.1091E+00
1.5370E+03	0.0000E+00	0.0000E+00	1.1221E+00
1.5380E+03	0.0000E+00	0.0000E+00	1.1251E+00
1.5390E+03	0.0000E+00	0.0000E+00	1.1341E+00
1.5400E+03	0.0000E+00	0.0000E+00	1.1351E+00
1.5410E+03	0.0000E+00	0.0000E+00	1.1311E+00
1.5420E+03	0.0000E+00	0.0000E+00	1.1241E+00
1.5430E+03	0.0000E+00	0.0000E+00	1.1201E+00
1.5440E+03	0.0000E+00	0.0000E+00	1.1141E+00
1.5450E+03	0.0000E+00	0.0000E+00	1.1081E+00
1.5460E+03	0.0000E+00	0.0000E+00	1.1051E+00
1.5470E+03	0.0000E+00	0.0000E+00	1.1030E+00
1.5480E+03	0.0000E+00	0.0000E+00	1.1020E+00
1.5490E+03	0.0000E+00	0.0000E+00	1.0960E+00
1.5500E+03	0.0000E+00	0.0000E+00	1.0920E+00
1.5510E+03	0.0000E+00	0.0000E+00	1.0870E+00
1.5520E+03	0.0000E+00	0.0000E+00	1.0830E+00
1.5530E+03	0.0000E+00	0.0000E+00	1.0780E+00
1.5540E+03	0.0000E+00	0.0000E+00	1.0760E+00
1.5550E+03	0.0000E+00	0.0000E+00	1.0660E+00
1.5560E+03	0.0000E+00	0.0000E+00	1.0670E+00
1.5570E+03	0.0000E+00	0.0000E+00	1.0710E+00
1.5580E+03	0.0000E+00	0.0000E+00	1.0820E+00
1.5590E+03	0.0000E+00	0.0000E+00	1.0950E+00
1.5600E+03	0.0000E+00	0.0000E+00	1.1080E+00
1.5610E+03	0.0000E+00	0.0000E+00	1.1230E+00
1.5620E+03	0.0000E+00	0.0000E+00	1.1330E+00
1.5630E+03	0.0000E+00	0.0000E+00	1.1430E+00
1.5640E+03	0.0000E+00	0.0000E+00	1.1410E+00
1.5650E+03	0.0000E+00	0.0000E+00	1.1420E+00
1.5660E+03	0.0000E+00	0.0000E+00	1.1340E+00
1.5670E+03	0.0000E+00	0.0000E+00	1.1280E+00
1.5680E+03	0.0000E+00	0.0000E+00	1.1210E+00
1.5690E+03	0.0000E+00	0.0000E+00	1.1140E+00
1.5700E+03	0.0000E+00	0.0000E+00	1.1110E+00
1.5710E+03	0.0000E+00	0.0000E+00	1.1030E+00
1.5720E+03	0.0000E+00	0.0000E+00	1.1020E+00
1.5730E+03	0.0000E+00	0.0000E+00	1.0970E+00
1.5740E+03	0.0000E+00	0.0000E+00	1.0900E+00
1.5750E+03	0.0000E+00	0.0000E+00	1.0880E+00
1.5760E+03	0.0000E+00	0.0000E+00	1.0810E+00
1.5770E+03	0.0000E+00	0.0000E+00	1.0750E+00
1.5780E+03	0.0000E+00	0.0000E+00	1.0690E+00
1.5790E+03	0.0000E+00	0.0000E+00	1.0700E+00
1.5800E+03	0.0000E+00	0.0000E+00	1.0610E+00
1.5810E+03	0.0000E+00	0.0000E+00	1.0620E+00
1.5820E+03	0.0000E+00	0.0000E+00	1.0740E+00
1.5830E+03	0.0000E+00	0.0000E+00	1.0850E+00
1.5840E+03	0.0000E+00	0.0000E+00	1.0949E+00
1.5850E+03	0.0000E+00	0.0000E+00	1.1039E+00
1.5860E+03	0.0000E+00	0.0000E+00	1.1109E+00
1.5870E+03	0.0000E+00	0.0000E+00	1.1139E+00
1.5880E+03	0.0000E+00	0.0000E+00	1.1169E+00
1.5890E+03	0.0000E+00	0.0000E+00	1.1129E+00
1.5900E+03	0.0000E+00	0.0000E+00	1.1089E+00
1.5910E+03	0.0000E+00	0.0000E+00	1.1039E+00
1.5920E+03	0.0000E+00	0.0000E+00	1.0989E+00
1.5930E+03	0.0000E+00	0.0000E+00	1.0909E+00
1.5940E+03	0.0000E+00	0.0000E+00	1.0889E+00
1.5950E+03	0.0000E+00	0.0000E+00	1.0849E+00
1.5960E+03	0.0000E+00	0.0000E+00	1.0819E+00
1.5970E+03	0.0000E+00	0.0000E+00	1.0769E+00
1.5980E+03	0.0000E+00	0.0000E+00	1.0729E+00
1.5990E+03	0.0000E+00	0.0000E+00	1.0689E+00
1.6000E+03	0.0000E+00	0.0000E+00	1.0669E+00
1.6010E+03	0.0000E+00	0.0000E+00	1.0609E+00
1.6020E+03	0.0000E+00	0.0000E+00	1.0559E+00
1.6030E+03	0.0000E+00	0.0000E+00	1.0489E+00
1.6040E+03	0.0000E+00	0.0000E+00	1.0429E+00
1.6050E+03	0.0000E+00	0.0000E+00	1.0459E+00
1.6060E+03	0.0000E+00	0.0000E+00	1.0539E+00
1.6070E+03	0.0000E+00	0.0000E+00	1.0689E+00
1.6080E+03	0.0000E+00	0.0000E+00	1.0819E+00
1.6090E+03	0.0000E+00	0.0000E+00	1.0989E+00
1.6100E+03	0.0000E+00	0.0000E+00	1.1039E+00
1.6110E+03	0.0000E+00	0.0000E+00	1.1109E+00
1.6120E+03	0.0000E+00	0.0000E+00	1.1099E+00
1.6130E+03	0.0000E+00	0.0000E+00	1.1099E+00
1.6140E+03	0.0000E+00	0.0000E+00	1.1048E+00
1.6150E+03	0.0000E+00	0.0000E+00	1.0988E+00
1.6160E+03	0.0000E+00	0.0000E+00	1.0928E+00
1.6170E+03	0.0000E+00	0.0000E+00	1.0848E+00
1.6180E+03	0.0000E+00	0.0000E+00	1.0838E+00
1.6190E+03	0.0000E+00	0.0000E+00	1.0798E+00
1.6200E+03	0.0000E+00	0.0000E+00	1.0758E+00
1.6210E+03	0.0000E+00	0.0000E+00	1.0718E+00
1.6220E+03	0.0000E+00	0.0000E+00	1.0658E+00
1.6230E+03	0.0000E+00	0.0000E+00	1.0618E+00
1.6240E+03	0.0000E+00	0.0000E+00	1.0608E+00
1.6250E+03	0.0000E+00	0.0000E+00	1.0528E+00
1.6260E+03	0.0000E+00	0.0000E+00	1.0468E+00
1.6270E+03	0.0000E+00	0.0000E+00	1.0408E+00
1.6280E+03	0.0000E+00	0.0000E+00	1.0358E+00
1.6290E+03	0.0000E+00	0.0000E+00	1.0348E+00
1.6300E+03	0.0000E+00	0.0000E+00	1.0418E+00
1.6310E+03	0.0000E+00	0.0000E+00	1.0508E+00
1.6320E+03	0.0000E+00	0.0000E+00	1.0688E+00
1.6330E+03	0.0000E+00	0.0000E+00	1.0788E+00
1.6340E+03	0.0000E+00	0.0000E+00	1.0928E+00
1.6350E+03	0.0000E+00	0.0000E+00	1.0958E+00
1.6360E+03	0.0000E+00	0.0000E+00	1.0978E+00
1.6370E+03	0.0000E+00	0.0000E+00	1.0968E+00
1.6380E+03	0.0000E+00	0.0000E+00	1.0898E+00
1.6390E+03	0.0000E+00	0.0000E+00	1.0838E+00
1.6400E+03	0.0000E+00	0.0000E+00	1.0768E+00
1.6410E+03	0.0000E+00	0.0000E+00	1.0718E+00
1.6420E+03	0.0000E+00	0.0000E+00	1.0678E+00
1.6430E+03	0.0000E+00	0.0000E+00	1.0618E+00
1.6440E+03	0.0000E+00	0.0000E+00	1.0618E+00
1.6450E+03	0.0000E+00	0.0000E+00	1.0568E+00
1.6460E+03	0.0000E+00	0.0000E+00	1.0507E+00
1.6470E+03	0.0000E+00	0.0000E+00	1.0477E+00
1.6480E+03	0.0000E+00	0.0000E+00	1.0447E+00
1.6490E+03	0.0000E+00	0.0000E+00	1.0397E+00
1.6500E+03	0.0000E+00	0.0000E+00	1.0317E+00
1.6510E+03	0.0000E+00	0.0000E+00	1.0287E+00
1.6520E+03	0.0000E+00	0.0000E+00	1.0247E+00
1.6530E+03	0.0000E+00	0.0000E+00	1.0257E+00
1.6540E+03	0.0000E+00	0.0000E+00	1.0317E+00
1.6550E+03	0.0000E+00	0.0000E+00	1.0397E+00
1.6560E+03	0.0000E+00	0.0000E+00	1.0537E+00
1.6570E+03	0.0000E+00	0.0000E+00	1.0687E+00
1.6580E+03	0.0000E+00	0.0000E+00	1.0797E+00
1.6590E+03	0.0000E+00	0.0000E+00	1.0847E+00
1.6600E+03	0.0000E+00	0.0000E+00	1.0877E+00
1.6610E+03	0.0000E+00	0.0000E+00	1.0837E+00
1.6620E+03	0.0000E+00	0.0000E+00	1.0827E+00
1.6630E+03	0.0000E+00	0.0000E+00	1.0767E+00
1.6640E+03	0.0000E+00	0.0000E+00	1.0737E+00
1.6650E+03	0.0000E+00	0.0000E+00	1.0627E+00
1.6660E+03	0.0000E+00	0.0000E+00	1.0607E+00
1.6670E+03	0.0000E+00	0.0000E+00	1.0617E+00
1.6680E+03	0.0000E+00	0.0000E+00	1.0537E+00
1.6690E+03	0.0000E+00	0.0000E+00	1.0487E+00
1.6700E+03	0.0000E+00	0.0000E+00	1.0427E+00
1.6710E+03	0.0000E+00	0.0000E+00	1.0417E+00
1.6720E+03	0.0000E+00	0.0000E+00	1.0357E+00
1.6730E+03	0.0000E+00	0.0000E+00	1.0297E+00
1.6740E+03	0.0000E+00	0.0000E+00	1.0237E+00
1.6750E+03	0.0000E+00	0.0000E+00	1.0197E+00
1.6760E+03	0.0000E+00	0.0000E+00	1.0158E+00
1.6770E+03	0.0000E+00	0.0000E+00	1.0150E+00
1.6780E+03	0.0000E+00	0.0000E+00	1.0176E+00
1.6790E+03	0.0000E+00	0.0000E+00	1.0162E+00
1.6800E+03	0.0000E+00	0.0000E+00	1.0286E+00
1.6810E+03	0.0000E+00	0.0000E+00	1.0406E+00
1.6820E+03	0.0000E+00	0.0000E+00	1.0506E+00
1.6830E+03	0.0000E+00	0.0000E+00	1.0576E+00
1.6840E+03	0.0000E+00	0.0000E+00	1.0596E+00
1.6850E+03	0.0000E+00	0.0000E+00	1.0606E+00
1.6860E+03	0.0000E+00	0.0000E+00	1.0576E+00
1.6870E+03	0.0000E+00	0.0000E+00	1.0546E+00
1.6880E+03	0.0000E+00	0.0000E+00	1.0496E+00
1.6890E+03	0.0000E+00	0.0000E+00	1.0396E+00
1.6900E+03	0.0000E+00	0.0000E+00	1.0406E+00
1.6910E+03	0.0000E+00	0.0000E+00	1.0376E+00
1.6920E+03	0.0000E+00	0.0000E+00	1.0346E+00
1.6930E+03	0.0000E+00	0.0000E+00	1.0286E+00
1.6940E+03	0.0000E+00	0.0000E+00	1.0266E+00
1.6950E+03	0.0000E+00	0.0000E+00	1.0186E+00
1.6960E+03	0.0000E+00	0.0000E+00	1.0156E+00
1.6970E+03	0.0000E+00	0.0000E+00	1.0131E+00
1.6980E+03	0.0000E+00	0.0000E+00	1.0075E+00
1.6990E+03	0.0000E+00	0.0000E+00	1.0048E+00
1.7000E+03	0.0000E+00	0.0000E+00	9.9857E-01
1.7010E+03	0.0000E+00	0.0000E+00	9.9777E-01
1.7020E+03	0.0000E+00	0.0000E+00	9.9596E-01
1.7030E+03	0.0000E+00	0.0000E+00	9.9955E-01
1.7040E+03	0.0000E+00	0.0000E+00	1.0027E+00
1.7050E+03	0.0000E+00	0.0000E+00	1.0138E+00
1.7060E+03	0.0000E+00	0.0000E+00	1.0206E+00
1.7070E+03	0.0000E+00	0.0000E+00	1.0326E+00
1.7080E+03	0.0000E+00	0.0000E+00	1.0395E+00
1.7090E+03	0.0000E+00	0.0000E+00	1.0465E+00
1.7100E+03	0.0000E+00	0.0000E+00	1.0455E+00
1.7110E+03	0.0000E+00	0.0000E+00	1.0415E+00
1.7120E+03	0.0000E+00	0.0000E+00	1.0345E+00
1.7130E+03	0.0000E+00	0.0000E+00	1.0275E+00
1.7140E+03	0.0000E+00	0.0000E+00	1.0275E+00
1.7150E+03	0.0000E+00	0.0000E+00	1.0255E+00
1.7160E+03	0.0000E+00	0.0000E+00	1.0205E+00
1.7170E+03	0.0000E+00	0.0000E+00	1.0195E+00
1.7180E+03	0.0000E+00	0.0000E+00	1.0142E+00
1.7190E+03	0.0000E+00	0.0000E+00	1.0087E+00
1.7200E+03	0.0000E+00	0.0000E+00	1.0034E+00
1.7210E+03	0.0000E+00	0.0000E+00	9.9831E-01
1.7220E+03	0.0000E+00	0.0000E+00	9.9541E-01
1.7230E+03	0.0000E+00	0.0000E+00	9.9129E-01
1.7240E+03	0.0000E+00	0.0000E+00	9.8859E-01
1.7250E+03	0.0000E+00	0.0000E+00	9.8819E-01
1.7260E+03	0.0000E+00	0.0000E+00	9.9149E-01
1.7270E+03	0.0000E+00	0.0000E+00	9.9388E-01
1.7280E+03	0.0000E+00	0.0000E+00	1.0064E+00
1.7290E+03	0.0000E+00	0.0000E+00	1.0163E+00
1.7300E+03	0.0000E+00	0.0000E+00	1.0255E+00
1.7310E+03	0.0000E+00	0.0000E+00	1.0325E+00
1.7320E+03	0.0000E+00	0.0000E+00	1.0345E+00
1.7330E+03	0.0000E+00	0.0000E+00	1.0325E+00
1.7340E+03	0.0000E+00	0.0000E+00	1.0285E+00
1.7350E+03	0.0000E+00	0.0000E+00	1.0275E+00
1.7360E+03	0.0000E+00	0.0000E+00	1.0195E+00
1.7370E+03	0.0000E+00	0.0000E+00	1.0174E+00
1.7380E+03	0.0000E+00	0.0000E+00	1.0132E+00
1.7390E+03	0.0000E+00	0.0000E+00	1.0121E+00
1.7400E+03	0.0000E+00	0.0000E+00	1.0098E+00
1.7410E+03	0.0000E+00	0.0000E+00	1.0045E+00
1.7420E+03	0.0000E+00	0.0000E+00	9.9683E-01
1.7430E+03	0.0000E+00	0.0000E+00	9.9173E-01
1.7440E+03	0.0000E+00	0.0000E+00	9.9003E-01
1.7450E+03	0.0000E+00	0.0000E+00	9.8793E-01
1.7460E+03	0.0000E+00	0.0000E+00	9.8122E-01
1.7470E+03	0.0000E+00	0.0000E+00	9.7662E-01
1.7480E+03	0.0000E+00	0.0000E+00	9.7081E-01
1.7490E+03	0.0000E+00	0.0000E+00	9.7352E-01
1.7500E+03	0.0000E+00	0.0000E+00	9.7591E-01
1.7510E+03	0.0000E+00	0.0000E+00	9.8411E-01
1.7520E+03	0.0000E+00	0.0000E+00	9.9640E-01
1.7530E+03	0.0000E+00	0.0000E+00	1.0122E+00
1.7540E+03	0.0000E+00	0.0000E+00	1.0244E+00
1.7550E+03	0.0000E+00	0.0000E+00	1.0324E+00
1.7560E+03	0.0000E+00	0.0000E+00	1.0314E+00
1.7570E+03	0.0000E+00	0.0000E+00	1.0334E+00
1.7580E+03	0.0000E+00	0.0000E+00	1.0324E+00
1.7590E+03	0.0000E+00	0.0000E+00	1.0264E+00
1.7600E+03	0.0000E+00	0.0000E+00	1.0204E+00
1.7610E+03	0.0000E+00	0.0000E+00	1.0158E+00
1.7620E+03	0.0000E+00	0.0000E+00	1.0104E+00
1.7630E+03	0.0000E+00	0.0000E+00	1.0093E+00
1.7640E+03	0.0000E+00	0.0000E+00	1.0069E+00
1.7650E+03	0.0000E+00	0.0000E+00	9.9947E-01
1.7660E+03	0.0000E+00	0.0000E+00	9.9536E-01
1.7670E+03	0.0000E+00	0.0000E+00	9.9245E-01
1.7680E+03	0.0000E+00	0.0000E+00	9.8706E-01
1.7690E+03	0.0000E+00	0.0000E+00	9.8304E-01
1.7700E+03	0.0000E+00	0.0000E+00	9.7824E-01
1.7710E+03	0.0000E+00	0.0000E+00	9.7495E-01
1.7720E+03	0.0000E+00	0.0000E+00	9.7295E-01
1.7730E+03	0.0000E+00	0.0000E+00	9.7244E-01
1.7740E+03	0.0000E+00	0.0000E+00	9.7834E-01
1.7750E+03	0.0000E+00	0.0000E+00	9.8513E-01
1.7760E+03	0.0000E+00	0.0000E+00	9.9673E-01
1.7770E+03	0.0000E+00	0.0000E+00	1.0081E+00
1.7780E+03	0.0000E+00	0.0000E+00	1.0173E+00
1.7790E+03	0.0000E+00	0.0000E+00	1.0233E+00
1.7800E+03	0.0000E+00	0.0000E+00	1.0233E+00
1.7810E+03	0.0000E+00	0.0000E+00	1.0253E+00
1.7820E+03	0.0000E+00	0.0000E+00	1.0203E+00
1.7830E+03	0.0000E+00	0.0000E+00	1.0169E+00
1.7840E+03	0.0000E+00	0.0000E+00	1.0134E+00
1.7850E+03	0.0000E+00	0.0000E+00	1.0087E+00
1.7860E+03	0.0000E+00	0.0000E+00	1.0074E+00
1.7870E+03	0.0000E+00	0.0000E+00	9.8450E-01
1.7880E+03	0.0000E+00	0.0000E+00	9.8080E-01
1.7890E+03	0.0000E+00	0.0000E+00	9.8068E-01
1.7900E+03	0.0000E+00	0.0000E+00	9.7649E-01
1.7910E+03	0.0000E+00	0.0000E+00	9.7358E-01
1.7920E+03	0.0000E+00	0.0000E+00	9.6627E-01
1.7930E+03	0.0000E+00	0.0000E+00	9.6058E-01
1.7940E+03	0.0000E+00	0.0000E+00	9.6098E-01
1.7950E+03	0.0000E+00	0.0000E+00	9.5267E-01
1.7960E+03	0.0000E+00	0.0000E+00	9.4757E-01
1.7970E+03	0.0000E+00	0.0000E+00	9.4816E-01
1.7980E+03	0.0000E+00	0.0000E+00	9.4816E-01
1.7990E+03	0.0000E+00	0.0000E+00	9.5826E-01
1.8000E+03	0.0000E+00	0.0000E+00	9.6706E-01
1.8010E+03	0.0000E+00	0.0000E+00	9.8216E-01
1.8020E+03	0.0000E+00	0.0000E+00	9.9094E-01
1.8030E+03	0.0000E+00	0.0000E+00	9.9655E-01
1.8040E+03	0.0000E+00	0.0000E+00	1.0000E+00
1.8050E+03	0.0000E+00	0.0000E+00	1.0019E+00
1.8060E+03	0.0000E+00	0.0000E+00	1.0007E+00
1.8070E+03	0.0000E+00	0.0000E+00	9.9763E-01
1.8080E+03	0.0000E+00	0.0000E+00	9.9363E-01
1.8090E+03	0.0000E+00	0.0000E+00	9.8403E-01
1.8100E+03	0.0000E+00	0.0000E+00	9.8303E-01
1.8110E+03	0.0000E+00	0.0000E+00	9.8062E-01
1.8120E+03	0.0000E+00	0.0000E+00	9.7781E-01
1.8130E+03	0.0000E+00	0.0000E+00	9.7421E-01
1.8140E+03	0.0000E+00	0.0000E+00	9.6871E-01
1.8150E+03	0.0000E+00	0.0000E+00	9.6891E-01
1.8160E+03	0.0000E+00	0.0000E+00	9.5940E-01
1.8170E+03	0.0000E+00	0.0000E+00	9.6190E-01
1.8180E+03	0.0000E+00	0.0000E+00	9.5940E-01
1.8190E+03	0.0000E+00	0.0000E+00	9.5490E-01
1.8200E+03	0.0000E+00	0.0000E+00	9.5509E-01
1.8210E+03	0.0000E+00	0.0000E+00	9.5719E-01
1.8220E+03	0.0000E+00	0.0000E+00	9.6209E-01
1.8230E+03	0.0000E+00	0.0000E+00	9.7009E-01
1.8240E+03	0.0000E+00	0.0000E+00	9.7639E-01
1.8250E+03	0.0000E+00	0.0000E+00	9.8178E-01
1.8260E+03	0.0000E+00	0.0000E+00	9.8657E-01
1.8270E+03	0.0000E+00	0.0000E+00	9.8667E-01
1.8280E+03	0.0000E+00	0.0000E+00	9.8676E-01
1.8290E+03	0.0000E+00	0.0000E+00	9.8937E-01
1.8300E+03	0.0000E+00	0.0000E+00	9.8826E-01
1.8310E+03	0.0000E+00	0.0000E+00	9.8745E-01
1.8320E+03	0.0000E+00	0.0000E+00	9.9296E-01
1.8330E+03	0.0000E+00	0.0000E+00	1.0064E+00
1.8340E+03	0.0000E+00	0.0000E+00	1.0096E+00
1.8350E+03	0.0000E+00	0.0000E+00	1.0321E+00
1.8360E+03	0.0000E+00	0.0000E+00	1.0681E+00
1.8370E+03	0.0000E+00	0.0000E+00	1.0961E+00
1.8380E+03	0.0000E+00	0.0000E+00	1.1141E+00
1.8390E+03	0.0000E+00	0.0000E+00	1.1151E+00
1.8400E+03	0.0000E+00	0.0000E+00	1.1041E+00
1.8410E+03	0.0000E+00	0.0000E+00	1.0941E+00
1.8420E+03	0.0000E+00	0.0000E+00	1.0851E+00
1.8430E+03	0.0000E+00	0.0000E+00	1.0771E+00
1.8440E+03	0.0000E+00	0.0000E+00	1.0721E+00
1.8450E+03	0.0000E+00	0.0000E+00	1.0611E+00
1.8460E+03	0.0000E+00	0.0000E+00	1.0561E+00
1.8470E+03	0.0000E+00	0.0000E+00	1.0561E+00
1.8480E+03	0.0000E+00	0.0000E+00	1.0611E+00
1.8490E+03	0.0000E+00	0.0000E+00	1.0651E+00
1.8500E+03	0.0000E+00	0.0000E+00	1.0671E+00
1.8510E+03	0.0000E+00	0.0000E+00	1.0631E+00
1.8520E+03	0.0000E+00	0.0000E+00	1.0581E+00
1.8530E+03	0.0000E+00	0.0000E+00	1.0541E+00
1.8540E+03	0.0000E+00	0.0000E+00	1.0461E+00
1.8550E+03	0.0000E+00	0.0000E+00	1.0431E+00
1.8560E+03	0.0000E+00	0.0000E+00	1.0421E+00
1.8570E+03	0.0000E+00	0.0000E+00	1.0431E+00
1.8580E+03	0.0000E+00	0.0000E+00	1.0361E+00
1.8590E+03	0.0000E+00	0.0000E+00	1.0331E+00
1.8600E+03	0.0000E+00	0.0000E+00	1.0281E+00
1.8610E+03	0.0000E+00	0.0000E+00	1.0281E+00
1.8620E+03	0.0000E+00	0.0000E+00	1.0211E+00
1.8630E+03	0.0000E+00	0.0000E+00	1.0181E+00
1.8640E+03	0.0000E+00	0.0000E+00	1.0134E+00
1.8650E+03	0.0000E+00	0.0000E+00	1.0040E+00
1.8660E+03	0.0000E+00	0.0000E+00	9.9975E-01
1.8670E+03	0.0000E+00	0.0000E+00	9.9325E-01
1.8680E+03	0.0000E+00	0.0000E+00	9.8724E-01
1.8690E+03	0.0000E+00	0.0000E+00	9.8875E-01
1.8700E+03	0.0000E+00	0.0000E+00	9.8643E-01
1.8710E+03	0.0000E+00	0.0000E+00	9.8524E-01
1.8720E+03	0.0000E+00	0.0000E+00	9.9183E-01
1.8730E+03	0.0000E+00	0.0000E+00	9.9924E-01
1.8740E+03	0.0000E+00	0.0000E+00	1.0044E+00
1.8750E+03	0.0000E+00	0.0000E+00	1.0096E+00
1.8760E+03	0.0000E+00	0.0000E+00	1.0133E+00
1.8770E+03	0.0000E+00	0.0000E+00	1.0114E+00
1.8780E+03	0.0000E+00	0.0000E+00	1.0069E+00
1.8790E+03	0.0000E+00	0.0000E+00	1.0045E+00
1.8800E+03	0.0000E+00	0.0000E+00	9.9640E-01
1.8810E+03	0.0000E+00	0.0000E+00	9.9171E-01
1.8820E+03	0.0000E+00	0.0000E+00	9.9001E-01
1.8830E+03	0.0000E+00	0.0000E+00	9.8960E-01
1.8840E+03	0.0000E+00	0.0000E+00	9.8550E-01
1.8850E+03	0.0000E+00	0.0000E+00	9.8370E-01
1.8860E+03	0.0000E+00	0.0000E+00	9.8070E-01
1.8870E+03	0.0000E+00	0.0000E+00	9.7199E-01
1.8880E+03	0.0000E+00	0.0000E+00	9.6809E-01
1.8890E+03	0.0000E+00	0.0000E+00	9.6807E-01
1.8900E+03	0.0000E+00	0.0000E+00	9.6339E-01
1.8910E+03	0.0000E+00	0.0000E+00	9.6047E-01
1.8920E+03	0.0000E+00	0.0000E+00	9.5188E-01
1.8930E+03	0.0000E+00	0.0000E+00	9.5017E-01
1.8940E+03	0.0000E+00	0.0000E+00	9.4566E-01
1.8950E+03	0.0000E+00	0.0000E+00	9.4686E-01
1.8960E+03	0.0000E+00	0.0000E+00	9.5057E-01
1.8970E+03	0.0000E+00	0.0000E+00	9.5696E-01
1.8980E+03	0.0000E+00	0.0000E+00	9.6786E-01
1.8990E+03	0.0000E+00	0.0000E+00	9.7116E-01
1.9000E+03	0.0000E+00	0.0000E+00	9.7575E-01
1.9010E+03	0.0000E+00	0.0000E+00	9.7445E-01
1.9020E+03	0.0000E+00	0.0000E+00	9.7414E-01
1.9030E+03	0.0000E+00	0.0000E+00	9.7004E-01
1.9040E+03	0.0000E+00	0.0000E+00	9.6794E-01
1.9050E+03	0.0000E+00	0.0000E+00	9.6314E-01
1.9060E+03	0.0000E+00	0.0000E+00	9.6024E-01
1.9070E+03	0.0000E+00	0.0000E+00	9.5912E-01
1.9080E+03	0.0000E+00	0.0000E+00	9.5663E-01
1.9090E+03	0.0000E+00	0.0000E+00	9.5542E-01
1.9100E+03	0.0000E+00	0.0000E+00	9.5181E-01
1.9110E+03	0.0000E+00	0.0000E+00	9.4791E-01
1.9120E+03	0.0000E+00	0.0000E+00	9.4491E-01
1.9130E+03	0.0000E+00	0.0000E+00	9.4091E-01
1.9140E+03	0.0000E+00	0.0000E+00	9.4160E-01
1.9150E+03	0.0000E+00	0.0000E+00	9.3691E-01
1.9160E+03	0.0000E+00	0.0000E+00	9.3179E-01
1.9170E+03	0.0000E+00	0.0000E+00	9.3060E-01
1.9180E+03	0.0000E+00	0.0000E+00	9.3029E-01
1.9190E+03	0.0000E+00	0.0000E+00	9.2709E-01
1.9200E+03	0.0000E+00	0.0000E+00	9.2619E-01
1.9210E+03	0.0000E+00	0.0000E+00	9.3119E-01
1.9220E+03	0.0000E+00	0.0000E+00	9.3988E-01
1.9230E+03	0.0000E+00	0.0000E+00	9.4778E-01
1.9240E+03	0.0000E+00	0.0000E+00	9.5368E-01
1.9250E+03	0.0000E+00	0.0000E+00	9.5627E-01
1.9260E+03	0.0000E+00	0.0000E+00	9.5466E-01
1.9270E+03	0.0000E+00	0.0000E+00	9.5556E-01
1.9280E+03	0.0000E+00	0.0000E+00	9.4976E-01
1.9290E+03	0.0000E+00	0.0000E+00	9.4766E-01
1.9300E+03	0.0000E+00	0.0000E+00	9.4555E-01
1.9310E+03	0.0000E+00	0.0000E+00	9.4655E-01
1.9320E+03	0.0000E+00	0.0000E+00	9.4335E-01
1.9330E+03	0.0000E+00	0.0000E+00	9.4265E-01
1.9340E+03	0.0000E+00	0.0000E+00	9.3824E-01
1.9350E+03	0.0000E+00	0.0000E+00	9.3414E-01
1.9360E+03	0.0000E+00	0.0000E+00	9.3243E-01
1.9370E+03	0.0000E+00	0.0000E+00	9.3004E-01
1.9380E+03	0.0000E+00	0.0000E+00	9.2792E-01
1.9390E+03	0.0000E+00	0.0000E+00	9.2273E-01
1.9400E+03	0.0000E+00	0.0000E+00	9.1492E-01
1.9410E+03	0.0000E+00	0.0000E+00	9.1783E-01
1.9420E+03	0.0000E+00	0.0000E+00	9.1332E-01
1.9430E+03	0.0000E+00	0.0000E+00	9.0912E-01
1.9440E+03	0.0000E+00	0.0000E+00	9.0912E-01
1.9450E+03	0.0000E+00	0.0000E+00	9.1961E-01
1.9460E+03	0.0000E+00	0.0000E+00	9.2591E-01
1.9470E+03	0.0000E+00	0.0000E+00	9.2991E-01
1.9480E+03	0.0000E+00	0.0000E+00	9.4020E-01
1.9490E+03	0.0000E+00	0.0000E+00	9.4140E-01
1.9500E+03	0.0000E+00	0.0000E+00	9.4279E-01
1.9510E+03	0.0000E+00	0.0000E+00	9.3760E-01
1.9520E+03	0.0000E+00	0.0000E+00	9.3309E-01
1.9530E+03	0.0000E+00	0.0000E+00	9.3148E-01
1.9540E+03	0.0000E+00	0.0000E+00	9.3109E-01
1.9550E+03	0.0000E+00	0.0000E+00	9.2868E-01
1.9560E+03	0.0000E+00	0.0000E+00	9.3038E-01
1.9570E+03	0.0000E+00	0.0000E+00	9.2697E-01
1.9580E+03	0.0000E+00	0.0000E+00	9.2568E-01
1.9590E+03	0.0000E+00	0.0000E+00	9.2207E-01
1.9600E+03	0.0000E+00	0.0000E+00	9.2137E-01
1.9610E+03	0.0000E+00	0.0000E+00	9.1666E-01
1.9620E+03	0.0000E+00	0.0000E+00	9.1456E-01
1.9630E+03	0.0000E+00	0.0000E+00	9.1156E-01
1.9640E+03	0.0000E+00	0.0000E+00	9.0665E-01
1.9650E+03	0.0000E+00	0.0000E+00	9.0525E-01
1.9660E+03	0.0000E+00	0.0000E+00	9.0265E-01
1.9670E+03	0.0000E+00	0.0000E+00	9.0004E-01
1.9680E+03	0.0000E+00	0.0000E+00	9.0084E-01
1.9690E+03	0.0000E+00	0.0000E+00	8.9865E-01
1.9700E+03	0.0000E+00	0.0000E+00	9.0004E-01
1.9710E+03	0.0000E+00	0.0000E+00	9.0024E-01
1.9720E+03	0.0000E+00	0.0000E+00	9.0314E-01
1.9730E+03	0.0000E+00	0.0000E+00	9.0702E-01
1.9740E+03	0.0000E+00	0.0000E+00	9.0753E-01
1.9750E+03	0.0000E+00	0.0000E+00	9.0342E-01
1.9760E+03	0.0000E+00	0.0000E+00	9.0312E-01
1.9770E+03	0.0000E+00	0.0000E+00	9.0332E-01
1.9780E+03	0.0000E+00	0.0000E+00	9.0371E-01
1.9790E+03	0.0000E+00	0.0000E+00	9.0501E-01
1.9800E+03	0.0000E+00	0.0000E+00	9.0571E-01
1.9810E+03	0.0000E+00	0.0000E+00	9.0350E-01
1.9820E+03	0.0000E+00	0.0000E+00	9.0179E-01
1.9830E+03	0.0000E+00	0.0000E+00	9.0120E-01
1.9840E+03	0.0000E+00	0.0000E+00	9.0069E-01
1.9850E+03	0.0000E+00	0.0000E+00	8.9789E-01
1.9860E+03	0.0000E+00	0.0000E+00	8.9658E-01
1.9870E+03	0.0000E+00	0.0000E+00	8.9519E-01
1.9880E+03	0.0000E+00	0.0000E+00	8.9178E-01
1.9890E+03	0.0000E+00	0.0000E+00	8.8807E-01
1.9900E+03	0.0000E+00	0.0000E+00	8.8897E-01
1.9910E+03	0.0000E+00	0.0000E+00	8.8527E-01
1.9920E+03	0.0000E+00	0.0000E+00	8.8427E-01
1.9930E+03	0.0000E+00	0.0000E+00	8.8366E-01
1.9940E+03	0.0000E+00	0.0000E+00	8.8646E-01
1.9950E+03	0.0000E+00	0.0000E+00	8.8737E-01
1.9960E+03	0.0000E+00	0.0000E+00	8.9556E-01
1.9970E+03	0.0000E+00	0.0000E+00	8.9966E-01
1.9980E+03	0.0000E+00	0.0000E+00	9.0174E-01
1.9990E+03	0.0000E+00	0.0000E+00	9.0425E-01
2.0000E+03	0.0000E+00	0.0000E+00	8.9964E-01
2.0010E+03	0.0000E+00	0.0000E+00	8.9964E-01
2.0020E+03	0.0000E+00	0.0000E+00	9.0055E-01
2.0030E+03	0.0000E+00	0.0000E+00	8.9704E-01
2.0040E+03	0.0000E+00	0.0000E+00	9.0055E-01
2.0050E+03	0.0000E+00	0.0000E+00	8.9515E-01
2.0060E+03	0.0000E+00	0.0000E+00	8.9345E-01
2.0070E+03	0.0000E+00	0.0000E+00	8.9435E-01
2.0080E+03	0.0000E+00	0.0000E+00	8.9284E-01
2.0090E+03	0.0000E+00	0.0000E+00	8.8974E-01
2.0100E+03	0.0000E+00	0.0000E+00	8.8925E-01
2.0110E+03	0.0000E+00	0.0000E+00	8.8474E-01
2.0120E+03	0.0000E+00	0.0000E+00	8.8294E-01
2.0130E+03	0.0000E+00	0.0000E+00	8.8064E-01
2.0140E+03	0.0000E+00	0.0000E+00	8.8274E-01
2.0150E+03	0.0000E+00	0.0000E+00	8.7825E-01
2.0160E+03	0.0000E+00	0.0000E+00	8.7664E-01
2.0170E+03	0.0000E+00	0.0000E+00	8.7584E-01
2.0180E+03	0.0000E+00	0.0000E+00	8.7974E-01
2.0190E+03	0.0000E+00	0.0000E+00	8.7694E-01
2.0200E+03	0.0000E+00	0.0000E+00	8.8004E-01
2.0210E+03	0.0000E+00	0.0000E+00	8.8094E-01
2.0220E+03	0.0000E+00	0.0000E+00	8.8094E-01
2.0230E+03	0.0000E+00	0.0000E+00	8.8315E-01
2.0240E+03	0.0000E+00	0.0000E+00	8.8335E-01
2.0250E+03	0.0000E+00	0.0000E+00	8.8355E-01
2.0260E+03	0.0000E+00	0.0000E+00	8.8394E-01
2.0270E+03	0.0000E+00	0.0000E+00	8.8474E-01
2.0280E+03	0.0000E+00	0.0000E+00	8.8474E-01
2.0290E+03	0.0000E+00	0.0000E+00	8.8515E-01
2.0300E+03	0.0000E+00	0.0000E+00	8.8025E-01
2.0310E+03	0.0000E+00	0.0000E+00	8.8064E-01
2.0320E+03	0.0000E+00	0.0000E+00	8.7925E-01
2.0330E+03	0.0000E+00	0.0000E+00	8.7994E-01
2.0340E+03	0.0000E+00	0.0000E+00	8.8135E-01
2.0350E+03	0.0000E+00	0.0000E+00	8.7374E-01
2.0360E+03	0.0000E+00	0.0000E+00	8.7615E-01
2.0370E+03	0.0000E+00	0.0000E+00	8.7445E-01
2.0380E+03	0.0000E+00	0.0000E+00	8.7415E-01
2.0390E+03	0.0000E+00	0.0000E+00	8.6994E-01
2.0400E+03	0.0000E+00	0.0000E+00	8.6394E-01
2.0410E+03	0.0000E+00	0.0000E+00	8.6725E-01
2.0420E+03	0.0000E+00	0.0000E+00	8.7074E-01
2.0430E+03	0.0000E+00	0.0000E+00	8.7164E-01
2.0440E+03	0.0000E+00	0.0000E+00	8.8074E-01
2.0450E+03	0.0000E+00	0.0000E+00	8.8574E-01
2.0460E+03	0.0000E+00	0.0000E+00	8.8674E-01
2.0470E+03	0.0000E+00	0.0000E+00	8.8704E-01
2.0480E+03	0.0000E+00	0.0000E+00	8.8504E-01
2.0490E+03	0.0000E+00	0.0000E+00	8.8364E-01
2.0500E+03	0.0000E+00	0.0000E+00	8.8604E-01
2.0510E+03	0.0000E+00	0.0000E+00	8.8704E-01
2.0520E+03	0.0000E+00	0.0000E+00	8.8464E-01
2.0530E+03	0.0000E+00	0.0000E+00	8.8504E-01
2.0540E+03	0.0000E+00	0.0000E+00	8.8445E-01
2.0550E+03	0.0000E+00	0.0000E+00	8.8045E-01
2.0560E+03	0.0000E+00	0.0000E+00	8.7894E-01
2.0570E+03	0.0000E+00	0.0000E+00	8.7415E-01
2.0580E+03	0.0000E+00	0.0000E+00	8.7345E-01
2.0590E+03	0.0000E+00	0.0000E+00	8.7415E-01
2.0600E+03	0.0000E+00	0.0000E+00	8.7035E-01
2.0610E+03	0.0000E+00	0.0000E+00	8.7264E-01
2.0620E+03	0.0000E+00	0.0000E+00	8.6635E-01
2.0630E+03	0.0000E+00	0.0000E+00	8.6504E-01
2.0640E+03	0.0000E+00	0.0000E+00	8.5955E-01
2.0650E+03	0.0000E+00	0.0000E+00	8.6164E-01
2.0660E+03	0.0000E+00	0.0000E+00	8.6484E-01
2.0670E+03	0.0000E+00	0.0000E+00	8.7164E-01
2.0680E+03	0.0000E+00	0.0000E+00	8.7815E-01
2.0690E+03	0.0000E+00	0.0000E+00	8.8125E-01
2.0700E+03	0.0000E+00	0.0000E+00	8.8484E-01
2.0710E+03	0.0000E+00	0.0000E+00	8.8335E-01
2.0720E+03	0.0000E+00	0.0000E+00	8.8394E-01
2.0730E+03	0.0000E+00	0.0000E+00	8.7974E-01
2.0740E+03	0.0000E+00	0.0000E+00	8.8045E-01
2.0750E+03	0.0000E+00	0.0000E+00	8.8525E-01
2.0760E+03	0.0000E+00	0.0000E+00	8.8115E-01
2.0770E+03	0.0000E+00	0.0000E+00	8.7945E-01
2.0780E+03	0.0000E+00	0.0000E+00	8.7935E-01
2.0790E+03	0.0000E+00	0.0000E+00	8.7425E-01
2.0800E+03	0.0000E+00	0.0000E+00	8.7684E-01
2.0810E+03	0.0000E+00	0.0000E+00	8.7504E-01
2.0820E+03	0.0000E+00	0.0000E+00	8.7115E-01
2.0830E+03	0.0000E+00	0.0000E+00	8.6535E-01
2.0840E+03	0.0000E+00	0.0000E+00	8.6455E-01
2.0850E+03	0.0000E+00	0.0000E+00	8.6394E-01
2.0860E+03	0.0000E+00	0.0000E+00	8.6684E-01
2.0870E+03	0.0000E+00	0.0000E+00	8.6404E-01
2.0880E+03	0.0000E+00	0.0000E+00	8.5884E-01
2.0890E+03	0.0000E+00	0.0000E+00	8.6245E-01
2.0900E+03	0.0000E+00	0.0000E+00	8.6145E-01
2.0910E+03	0.0000E+00	0.0000E+00	8.6625E-01
2.0920E+03	0.0000E+00	0.0000E+00	8.7104E-01
2.0930E+03	0.0000E+00	0.0000E+00	8.7425E-01
2.0940E+03	0.0000E+00	0.0000E+00	8.7604E-01
2.0950E+03	0.0000E+00	0.0000E+00	8.8094E-01
2.0960E+03	0.0000E+00	0.0000E+00	8.7945E-01
2.0970E+03	0.0000E+00	0.0000E+00	8.7615E-01
2.0980E+03	0.0000E+00	0.0000E+00	8.7945E-01
2.0990E+03	0.0000E+00	0.0000E+00	8.7904E-01
2.1000E+03	0.0000E+00	0.0000E+00	8.7625E-01
2.1010E+03	0.0000E+00	0.0000E+00	8.7415E-01
2.1020E+03	0.0000E+00	0.0000E+00	8.7335E-01
2.1030E+03	0.0000E+00	0.0000E+00	8.7294E-01
2.1040E+03	0.0000E+00	0.0000E+00	8.6825E-01
2.1050E+03	0.0000E+00	0.0000E+00	8.6994E-01
2.1060E+03	0.0000E+00	0.0000E+00	8.7345E-01
2.1070E+03	0.0000E+00	0.0000E+00	8.7125E-01
2.1080E+03	0.0000E+00	0.0000E+00	8.6645E-01
2.1090E+03	0.0000E+00	0.0000E+00	8.6455E-01
2.1100E+03	0.0000E+00	0.0000E+00	8.6064E-01
2.1110E+03	0.0000E+00	0.0000E+00	8.6055E-01
2.1120E+03	0.0000E+00	0.0000E+00	8.5974E-01
2.1130E+03	0.0000E+00	0.0000E+00	8.5555E-01
2.1140E+03	0.0000E+00	0.0000E+00	8.5615E-01
2.1150E+03	0.0000E+00	0.0000E+00	8.6045E-01
2.1160E+03	0.0000E+00	0.0000E+00	8.6645E-01
2.1170E+03	0.0000E+00	0.0000E+00	8.6915E-01
2.1180E+03	0.0000E+00	0.0000E+00	8.7255E-01
2.1190E+03	0.0000E+00	0.0000E+00	8.7255E-01
2.1200E+03	0.0000E+00	0.0000E+00	8.7394E-01
2.1210E+03	0.0000E+00	0.0000E+00	8.7094E-01
2.1220E+03	0.0000E+00	0.0000E+00	8.6845E-01
2.1230E+03	0.0000E+00	0.0000E+00	8.7064E-01
2.1240E+03	0.0000E+00	0.0000E+00	8.7074E-01
2.1250E+03	0.0000E+00	0.0000E+00	8.7004E-01
2.1260E+03	0.0000E+00	0.0000E+00	8.6955E-01
2.1270E+03	0.0000E+00	0.0000E+00	8.6745E-01
2.1280E+03	0.0000E+00	0.0000E+00	8.6845E-01
2.1290E+03	0.0000E+00	0.0000E+00	8.6384E-01
2.1300E+03	0.0000E+00	0.0000E+00	8.6215E-01
2.1310E+03	0.0000E+00	0.0000E+00	8.5894E-01
2.1320E+03	0.0000E+00	0.0000E+00	8.5535E-01
2.1330E+03	0.0000E+00	0.0000E+00	8.5535E-01
2.1340E+03	0.0000E+00	0.0000E+00	8.5184E-01
2.1350E+03	0.0000E+00	0.0000E+00	8.4835E-01
2.1360E+03	0.0000E+00	0.0000E+00	8.4704E-01
2.1370E+03	0.0000E+00	0.0000E+00	8.4904E-01
2.1380E+03	0.0000E+00	0.0000E+00	8.4374E-01
2.1390E+03	0.0000E+00	0.0000E+00	8.4564E-01
2.1400E+03	0.0000E+00	0.0000E+00	8.4815E-01
2.1410E+03	0.0000E+00	0.0000E+00	8.5504E-01
2.1420E+03	0.0000E+00	0.0000E+00	8.5835E-01
2.1430E+03	0.0000E+00	0.0000E+00	8.6084E-01
2.1440E+03	0.0000E+00	0.0000E+00	8.5994E-01
2.1450E+03	0.0000E+00	0.0000E+00	8.5845E-01
2.1460E+03	0.0000E+00	0.0000E+00	8.6084E-01
2.1470E+03	0.0000E+00	0.0000E+00	8.6245E-01
2.1480E+03	0.0000E+00	0.0000E+00	8.6425E-01
2.1490E+03	0.0000E+00	0.0000E+00	8.5894E-01
2.1500E+03	0.0000E+00	0.0000E+00	8.6225E-01
2.1510E+03	0.0000E+00	0.0000E+00	8.5815E-01
2.1520E+03	0.0000E+00	0.0000E+00	8.6155E-01
2.1530E+03	0.0000E+00	0.0000E+00	8.5715E-01
2.1540E+03	0.0000E+00	0.0000E+00	8.5315E-01
2.1550E+03	0.0000E+00	0.0000E+00	8.5484E-01
2.1560E+03	0.0000E+00	0.0000E+00	8.5055E-01
2.1570E+03	0.0000E+00	0.0000E+00	8.4925E-01
2.1580E+03	0.0000E+00	0.0000E+00	8.4855E-01
2.1590E+03	0.0000E+00	0.0000E+00	8.4815E-01
2.1600E+03	0.0000E+00	0.0000E+00	8.4545E-01
2.1610E+03	0.0000E+00	0.0000E+00	8.4494E-01
2.1620E+03	0.0000E+00	0.0000E+00	8.4174E-01
2.1630E+03	0.0000E+00	0.0000E+00	8.4525E-01
2.1640E+03	0.0000E+00	0.0000E+00	8.4684E-01
2.1650E+03	0.0000E+00	0.0000E+00	8.4855E-01
2.1660E+03	0.0000E+00	0.0000E+00	8.5145E-01
2.1670E+03	0.0000E+00	0.0000E+00	8.5345E-01
2.1680E+03	0.0000E+00	0.0000E+00	8.5345E-01
2.1690E+03	0.0000E+00	0.0000E+00	8.5425E-01
2.1700E+03	0.0000E+00	0.0000E+00	8.5425E-01
2.1710E+03	0.0000E+00	0.0000E+00	8.5745E-01
2.1720E+03	0.0000E+00	0.0000E+00	8.5555E-01
2.1730E+03	0.0000E+00	0.0000E+00	8.5545E-01
2.1740E+03	0.0000E+00	0.0000E+00	8.5245E-01
2.1750E+03	0.0000E+00	0.0000E+00	8.5145E-01
2.1760E+03	0.0000E+00	0.0000E+00	8.5064E-01
2.1770E+03	0.0000E+00	0.0000E+00	8.5055E-01
2.1780E+03	0.0000E+00	0.0000E+00	8.4984E-01
2.1790E+03	0.0000E+00	0.0000E+00	8.3794E-01
2.1800E+03	0.0000E+00	0.0000E+00	8.4035E-01
2.1810E+03	0.0000E+00	0.0000E+00	8.4084E-01
2.1820E+03	0.0000E+00	0.0000E+00	8.4015E-01
2.1830E+03	0.0000E+00	0.0000E+00	8.3635E-01
2.1840E+03	0.0000E+00	0.0000E+00	8.3025E-01
2.1850E+03	0.0000E+00	0.0000E+00	8.3135E-01
2.1860E+03	0.0000E+00	0.0000E+00	8.3094E-01
2.1870E+03	0.0000E+00	0.0000E+00	8.2894E-01
2.1880E+03	0.0000E+00	0.0000E+00	8.3345E-01
2.1890E+03	0.0000E+00	0.0000E+00	8.3335E-01
2.1900E+03	0.0000E+00	0.0000E+00	8.3955E-01
2.1910E+03	0.0000E+00	0.0000E+00	8.4194E-01
2.1920E+03	0.0000E+00	0.0000E+00	8.4484E-01
2.1930E+03	0.0000E+00	0.0000E+00	8.4574E-01
2.1940E+03	0.0000E+00	0.0000E+00	8.4755E-01
2.1950E+03	0.0000E+00	0.0000E+00	8.4745E-01
2.1960E+03	0.0000E+00	0.0000E+00	8.4715E-01
2.1970E+03	0.0000E+00	0.0000E+00	8.4964E-01
2.1980E+03	0.0000E+00	0.0000E+00	8.4504E-01
2.1990E+03	0.0000E+00	0.0000E+00	8.4874E-01
2.2000E+03	0.0000E+00	0.0000E+00	8.4855E-01
2.2010E+03	0.0000E+00	0.0000E+00	8.4355E-01
2.2020E+03	0.0000E+00	0.0000E+00	8.4084E-01
2.2030E+03	0.0000E+00	0.0000E+00	8.3974E-01
2.2040E+03	0.0000E+00	0.0000E+00	8.3825E-01
2.2050E+03	0.0000E+00	0.0000E+00	8.4004E-01
2.2060E+03	0.0000E+00	0.0000E+00	8.4174E-01
2.2070E+03	0.0000E+00	0.0000E+00	8.3815E-01
2.2080E+03	0.0000E+00	0.0000E+00	8.3315E-01
2.2090E+03	0.0000E+00	0.0000E+00	8.3035E-01
2.2100E+03	0.0000E+00	0.0000E+00	8.2684E-01
2.2110E+03	0.0000E+00	0.0000E+00	8.2915E-01
2.2120E+03	0.0000E+00	0.0000E+00	8.3204E-01
2.2130E+03	0.0000E+00	0.0000E+00	8.3394E-01
2.2140E+03	0.0000E+00	0.0000E+00	8.3615E-01
2.2150E+03	0.0000E+00	0.0000E+00	8.4104E-01
2.2160E+03	0.0000E+00	0.0000E+00	8.4145E-01
2.2170E+03	0.0000E+00	0.0000E+00	8.4355E-01
2.2180E+03	0.0000E+00	0.0000E+00	8.4564E-01
2.2190E+03	0.0000E+00	0.0000E+00	8.4884E-01
2.2200E+03	0.0000E+00	0.0000E+00	8.4804E-01
2.2210E+03	0.0000E+00	0.0000E+00	8.4874E-01
2.2220E+03	0.0000E+00	0.0000E+00	8.4784E-01
2.2230E+03	0.0000E+00	0.0000E+00	8.4915E-01
2.2240E+03	0.0000E+00	0.0000E+00	8.4464E-01
2.2250E+03	0.0000E+00	0.0000E+00	8.4625E-01
2.2260E+03	0.0000E+00	0.0000E+00	8.4074E-01
2.2270E+03	0.0000E+00	0.0000E+00	8.4274E-01
2.2280E+03	0.0000E+00	0.0000E+00	8.4345E-01
2.2290E+03	0.0000E+00	0.0000E+00	8.4155E-01
2.2300E+03	0.0000E+00	0.0000E+00	8.3974E-01
2.2310E+03	0.0000E+00	0.0000E+00	8.3945E-01
2.2320E+03	0.0000E+00	0.0000E+00	8.3335E-01
2.2330E+03	0.0000E+00	0.0000E+00	8.3615E-01
2.2340E+03	0.0000E+00	0.0000E+00	8.3384E-01
2.2350E+03	0.0000E+00	0.0000E+00	8.3345E-01
2.2360E+03	0.0000E+00	0.0000E+00	8.3255E-01
2.2370E+03	0.0000E+00	0.0000E+00	8.3474E-01
2.2380E+03	0.0000E+00	0.0000E+00	8.3555E-01
2.2390E+03	0.0000E+00	0.0000E+00	8.3684E-01
2.2400E+03	0.0000E+00	0.0000E+00	8.3674E-01
2.2410E+03	0.0000E+00	0.0000E+00	8.3394E-01
2.2420E+03	0.0000E+00	0.0000E+00	8.3845E-01
2.2430E+03	0.0000E+00	0.0000E+00	8.3994E-01
2.2440E+03	0.0000E+00	0.0000E+00	8.4464E-01
2.2450E+03	0.0000E+00	0.0000E+00	8.4645E-01
2.2460E+03	0.0000E+00	0.0000E+00	8.4494E-01
2.2470E+03	0.0000E+00	0.0000E+00	8.4625E-01
2.2480E+03	0.0000E+00	0.0000E+00	8.4245E-01
2.2490E+03	0.0000E+00	0.0000E+00	8.4204E-01
2.2500E+03	0.0000E+00	0.0000E+00	8.4125E-01
2.2510E+03	0.0000E+00	0.0000E+00	8.4015E-01
2.2520E+03	0.0000E+00	0.0000E+00	8.3974E-01
2.2530E+03	0.0000E+00	0.0000E+00	8.4104E-01
2.2540E+03	0.0000E+00	0.0000E+00	8.3684E-01
2.2550E+03	0.0000E+00	0.0000E+00	8.3284E-01
2.2560E+03	0.0000E+00	0.0000E+00	8.3304E-01
2.2570E+03	0.0000E+00	0.0000E+00	8.3064E-01
2.2580E+03	0.0000E+00	0.0000E+00	8.2804E-01
2.2590E+03	0.0000E+00	0.0000E+00	8.2755E-01
2.2600E+03	0.0000E+00	0.0000E+00	8.3015E-01
2.2610E+03	0.0000E+00	0.0000E+00	8.3184E-01
2.2620E+03	0.0000E+00	0.0000E+00	8.3235E-01
2.2630E+03	0.0000E+00	0.0000E+00	8.3494E-01
2.2640E+03	0.0000E+00	0.0000E+00	8.3555E-01
2.2650E+03	0.0000E+00	0.0000E+00	8.3145E-01
2.2660E+03	0.0000E+00	0.0000E+00	8.3864E-01
2.2670E+03	0.0000E+00	0.0000E+00	8.3804E-01
2.2680E+03	0.0000E+00	0.0000E+00	8.4194E-01
2.2690E+03	0.0000E+00	0.0000E+00	8.4145E-01
2.2700E+03	0.0000E+00	0.0000E+00	8.4125E-01
2.2710E+03	0.0000E+00	0.0000E+00	8.3964E-01
2.2720E+03	0.0000E+00	0.0000E+00	8.3725E-01
2.2730E+03	0.0000E+00	0.0000E+00	8.3764E-01
2.2740E+03	0.0000E+00	0.0000E+00	8.3804E-01
2.2750E+03	0.0000E+00	0.0000E+00	8.3774E-01
2.2760E+03	0.0000E+00	0.0000E+00	8.3745E-01
2.2770E+03	0.0000E+00	0.0000E+00	8.3915E-01
2.2780E+03	0.0000E+00	0.0000E+00	8.3435E-01
2.2790E+03	0.0000E+00	0.0000E+00	8.3645E-01
2.2800E+03	0.0000E+00	0.0000E+00	8.3345E-01
2.2810E+03	0.0000E+00	0.0000E+00	8.3235E-01
2.2820E+03	0.0000E+00	0.0000E+00	8.2764E-01
2.2830E+03	0.0000E+00	0.0000E+00	8.2715E-01
2.2840E+03	0.0000E+00	0.0000E+00	8.3074E-01
2.2850E+03	0.0000E+00	0.0000E+00	8.3094E-01
2.2860E+03	0.0000E+00	0.0000E+00	8.3345E-01
2.2870E+03	0.0000E+00	0.0000E+00	8.3384E-01
2.2880E+03	0.0000E+00	0.0000E+00	8.3584E-01
2.2890E+03	0.0000E+00	0.0000E+00	8.3374E-01
2.2900E+03	0.0000E+00	0.0000E+00	8.3874E-01
2.2910E+03	0.0000E+00	0.0000E+00	8.3864E-01
2.2920E+03	0.0000E+00	0.0000E+00	8.3935E-01
2.2930E+03	0.0000E+00	0.0000E+00	8.4215E-01
2.2940E+03	0.0000E+00	0.0000E+00	8.4225E-01
2.2950E+03	0.0000E+00	0.0000E+00	8.4315E-01
2.2960E+03	0.0000E+00	0.0000E+00	8.4374E-01
2.2970E+03	0.0000E+00	0.0000E+00	8.4025E-01
2.2980E+03	0.0000E+00	0.0000E+00	8.4004E-01
2.2990E+03	0.0000E+00	0.0000E+00	8.3735E-01
2.3000E+03	0.0000E+00	0.0000E+00	8.3494E-01
2.3010E+03	0.0000E+00	0.0000E+00	8.3225E-01
2.3020E+03	0.0000E+00	0.0000E+00	8.3174E-01
2.3030E+03	0.0000E+00	0.0000E+00	8.3055E-01
2.3040E+03	0.0000E+00	0.0000E+00	8.2864E-01
2.3050E+03	0.0000E+00	0.0000E+00	8.2835E-01
2.3060E+03	0.0000E+00	0.0000E+00	8.2394E-01
2.3070E+03	0.0000E+00	0.0000E+00	8.2135E-01
2.3080E+03	0.0000E+00	0.0000E+00	8.2515E-01
2.3090E+03	0.0000E+00	0.0000E+00	8.2815E-01
2.3100E+03	0.0000E+00	0.0000E+00	8.3204E-01
2.3110E+03	0.0000E+00	0.0000E+00	8.3435E-01
2.3120E+03	0.0000E+00	0.0000E+00	8.3915E-01
2.3130E+03	0.0000E+00	0.0000E+00	8.3815E-01
2.3140E+03	0.0000E+00	0.0000E+00	8.4004E-01
2.3150E+03	0.0000E+00	0.0000E+00	8.4374E-01
2.3160E+03	0.0000E+00	0.0000E+00	8.4345E-01
2.3170E+03	0.0000E+00	0.0000E+00	8.4474E-01
2.3180E+03	0.0000E+00	0.0000E+00	8.4594E-01
2.3190E+03	0.0000E+00	0.0000E+00	8.4284E-01
2.3200E+03	0.0000E+00	0.0000E+00	8.4404E-01
2.3210E+03	0.0000E+00	0.0000E+00	8.4335E-01
2.3220E+03	0.0000E+00	0.0000E+00	8.4435E-01
2.3230E+03	0.0000E+00	0.0000E+00	8.3974E-01
2.3240E+03	0.0000E+00	0.0000E+00	8.3794E-01
2.3250E+03	0.0000E+00	0.0000E+00	8.4104E-01
2.3260E+03	0.0000E+00	0.0000E+00	8.3935E-01
2.3270E+03	0.0000E+00	0.0000E+00	8.4184E-01
2.3280E+03	0.0000E+00	0.0000E+00	8.3825E-01
2.3290E+03	0.0000E+00	0.0000E+00	8.3825E-01
2.3300E+03	0.0000E+00	0.0000E+00	8.3855E-01
2.3310E+03	0.0000E+00	0.0000E+00	8.3374E-01
2.3320E+03	0.0000E+00	0.0000E+00	8.3615E-01
2.3330E+03	0.0000E+00	0.0000E+00	8.4055E-01
2.3340E+03	0.0000E+00	0.0000E+00	8.4384E-01
2.3350E+03	0.0000E+00	0.0000E+00	8.4715E-01
2.3360E+03	0.0000E+00	0.0000E+00	8.4664E-01
2.3370E+03	0.0000E+00	0.0000E+00	8.4304E-01
2.3380E+03	0.0000E+00	0.0000E+00	8.4155E-01
2.3390E+03	0.0000E+00	0.0000E+00	8.4564E-01
2.3400E+03	0.0000E+00	0.0000E+00	8.4755E-01
2.3410E+03	0.0000E+00	0.0000E+00	8.4804E-01
2.3420E+03	0.0000E+00	0.0000E+00	8.4864E-01
2.3430E+03	0.0000E+00	0.0000E+00	8.4694E-01
2.3440E+03	0.0000E+00	0.0000E+00	8.4845E-01
2.3450E+03	0.0000E+00	0.0000E+00	8.6725E-01
2.3460E+03	0.0000E+00	0.0000E+00	8.6435E-01
2.3470E+03	0.0000E+00	0.0000E+00	8.6304E-01
2.3480E+03	0.0000E+00	0.0000E+00	8.7415E-01
2.3490E+03	0.0000E+00	0.0000E+00	8.6864E-01
2.3500E+03	0.0000E+00	0.0000E+00	8.6974E-01
2.3510E+03	0.0000E+00	0.0000E+00	8.6074E-01
2.3520E+03	0.0000E+00	0.0000E+00	8.5694E-01
2.3530E+03	0.0000E+00	0.0000E+00	8.5284E-01
2.3540E+03	0.0000E+00	0.0000E+00	8.4815E-01
2.3550E+03	0.0000E+00	0.0000E+00	8.4925E-01
2.3560E+03	0.0000E+00	0.0000E+00	8.4994E-01
2.3570E+03	0.0000E+00	0.0000E+00	8.5084E-01
2.3580E+03	0.0000E+00	0.0000E+00	8.5415E-01
2.3590E+03	0.0000E+00	0.0000E+00	8.5125E-01
2.3600E+03	0.0000E+00	0.0000E+00	8.5094E-01
2.3610E+03	0.0000E+00	0.0000E+00	8.5025E-01
2.3620E+03	0.0000E+00	0.0000E+00	8.5145E-01
2.3630E+03	0.0000E+00	0.0000E+00	8.5445E-01
2.3640E+03	0.0000E+00	0.0000E+00	8.5264E-01
2.3650E+03	0.0000E+00	0.0000E+00	8.5145E-01
2.3660E+03	0.0000E+00	0.0000E+00	8.5194E-01
2.3670E+03	0.0000E+00	0.0000E+00	8.5364E-01
2.3680E+03	0.0000E+00	0.0000E+00	8.4904E-01
2.3690E+03	0.0000E+00	0.0000E+00	8.4804E-01
2.3700E+03	0.0000E+00	0.0000E+00	8.4335E-01
2.3710E+03	0.0000E+00	0.0000E+00	8.4255E-01
2.3720E+03	0.0000E+00	0.0000E+00	8.4145E-01
2.3730E+03	0.0000E+00	0.0000E+00	8.4435E-01
2.3740E+03	0.0000E+00	0.0000E+00	8.4225E-01
2.3750E+03	0.0000E+00	0.0000E+00	8.4174E-01
2.3760E+03	0.0000E+00	0.0000E+00	8.3945E-01
2.3770E+03	0.0000E+00	0.0000E+00	8.3735E-01
2.3780E+03	0.0000E+00	0.0000E+00	8.3515E-01
2.3790E+03	0.0000E+00	0.0000E+00	8.3274E-01
2.3800E+03	0.0000E+00	0.0000E+00	8.3115E-01
2.3810E+03	0.0000E+00	0.0000E+00	8.3335E-01
2.3820E+03	0.0000E+00	0.0000E+00	8.3345E-01
2.3830E+03	0.0000E+00	0.0000E+00	8.3684E-01
2.3840E+03	0.0000E+00	0.0000E+00	8.3884E-01
2.3850E+03	0.0000E+00	0.0000E+00	8.3845E-01
2.3860E+03	0.0000E+00	0.0000E+00	8.3835E-01
2.3870E+03	0.0000E+00	0.0000E+00	8.3974E-01
2.3880E+03	0.0000E+00	0.0000E+00	8.4064E-01
2.3890E+03	0.0000E+00	0.0000E+00	8.3974E-01
2.3900E+03	0.0000E+00	0.0000E+00	8.4145E-01
2.3910E+03	0.0000E+00	0.0000E+00	8.4064E-01
2.3920E+03	0.0000E+00	0.0000E+00	8.4064E-01
2.3930E+03	0.0000E+00	0.0000E+00	8.4664E-01
2.3940E+03	0.0000E+00	0.0000E+00	8.5615E-01
2.3950E+03	0.0000E+00	0.0000E+00	8.5935E-01
2.3960E+03	0.0000E+00	0.0000E+00	8.5555E-01
2.3970E+03	0.0000E+00	0.0000E+00	8.5164E-01
2.3980E+03	0.0000E+00	0.0000E+00	8.5625E-01
2.3990E+03	0.0000E+00	0.0000E+00	8.5174E-01
2.4000E+03	0.0000E+00	0.0000E+00	8.5455E-01
2.4010E+03	0.0000E+00	0.0000E+00	8.4725E-01
2.4020E+03	0.0000E+00	0.0000E+00	8.4704E-01
2.4030E+03	0.0000E+00	0.0000E+00	8.4604E-01
2.4040E+03	0.0000E+00	0.0000E+00	8.4764E-01
2.4050E+03	0.0000E+00	0.0000E+00	8.5245E-01
2.4060E+03	0.0000E+00	0.0000E+00	8.6215E-01
2.4070E+03	0.0000E+00	0.0000E+00	8.5855E-01
2.4080E+03	0.0000E+00	0.0000E+00	8.5994E-01
2.4090E+03	0.0000E+00	0.0000E+00	8.5774E-01
2.4100E+03	0.0000E+00	0.0000E+00	8.6035E-01
2.4110E+03	0.0000E+00	0.0000E+00	8.5904E-01
2.4120E+03	0.0000E+00	0.0000E+00	8.5974E-01
2.4130E+03	0.0000E+00	0.0000E+00	8.5835E-01
2.4140E+03	0.0000E+00	0.0000E+00	8.5935E-01
2.4150E+03	0.0000E+00	0.0000E+00	8.5604E-01
2.4160E+03	0.0000E+00	0.0000E+00	8.5655E-01
2.4170E+03	0.0000E+00	0.0000E+00	8.5864E-01
2.4180E+03	0.0000E+00	0.0000E+00	8.8025E-01
2.4190E+03	0.0000E+00	0.0000E+00	8.7294E-01
2.4200E+03	0.0000E+00	0.0000E+00	8.5974E-01
2.4210E+03	0.0000E+00	0.0000E+00	8.6345E-01
2.4220E+03	0.0000E+00	0.0000E+00	8.5764E-01
2.4230E+03	0.0000E+00	0.0000E+00	8.5415E-01
2.4240E+03	0.0000E+00	0.0000E+00	8.5035E-01
2.4250E+03	0.0000E+00	0.0000E+00	8.4955E-01
2.4260E+03	0.0000E+00	0.0000E+00	8.4664E-01
2.4270E+03	0.0000E+00	0.0000E+00	8.4774E-01
2.4280E+03	0.0000E+00	0.0000E+00	8.4494E-01
2.4290E+03	0.0000E+00	0.0000E+00	8.4555E-01
2.4300E+03	0.0000E+00	0.0000E+00	8.4415E-01
2.4310E+03	0.0000E+00	0.0000E+00	8.4464E-01
2.4320E+03	0.0000E+00	0.0000E+00	8.4415E-01
2.4330E+03	0.0000E+00	0.0000E+00	8.4555E-01
2.4340E+03	0.0000E+00	0.0000E+00	8.4104E-01
2.4350E+03	0.0000E+00	0.0000E+00	8.4384E-01
2.4360E+03	0.0000E+00	0.0000E+00	8.4504E-01
2.4370E+03	0.0000E+00	0.0000E+00	8.4864E-01
2.4380E+03	0.0000E+00	0.0000E+00	8.4874E-01
2.4390E+03	0.0000E+00	0.0000E+00	8.4745E-01
2.4400E+03	0.0000E+00	0.0000E+00	8.4545E-01
2.4410E+03	0.0000E+00	0.0000E+00	8.4604E-01
2.4420E+03	0.0000E+00	0.0000E+00	8.4335E-01
2.4430E+03	0.0000E+00	0.0000E+00	8.4164E-01
2.4440E+03	0.0000E+00	0.0000E+00	8.8594E-01
2.4450E+03	0.0000E+00	0.0000E+00	8.8955E-01
2.4460E+03	0.0000E+00	0.0000E+00	8.8694E-01
2.4470E+03	0.0000E+00	0.0000E+00	8.8664E-01
2.4480E+03	0.0000E+00	0.0000E+00	8.9604E-01
2.4490E+03	0.0000E+00	0.0000E+00	9.0915E-01
2.4500E+03	0.0000E+00	0.0000E+00	9.1094E-01
2.4510E+03	0.0000E+00	0.0000E+00	9.1535E-01
2.4520E+03	0.0000E+00	0.0000E+00	9.1345E-01
2.4530E+03	0.0000E+00	0.0000E+00	9.0464E-01
2.4540E+03	0.0000E+00	0.0000E+00	9.0625E-01
2.4550E+03	0.0000E+00	0.0000E+00	9.0384E-01
2.4560E+03	0.0000E+00	0.0000E+00	8.9935E-01
2.4570E+03	0.0000E+00	0.0000E+00	8.9804E-01
2.4580E+03	0.0000E+00	0.0000E+00	8.9804E-01
2.4590E+03	0.0000E+00	0.0000E+00	8.9964E-01
2.4600E+03	0.0000E+00	0.0000E+00	9.0264E-01
2.4610E+03	0.0000E+00	0.0000E+00	9.0435E-01
2.4620E+03	0.0000E+00	0.0000E+00	9.0355E-01
2.4630E+03	0.0000E+00	0.0000E+00	9.0104E-01
2.4640E+03	0.0000E+00	0.0000E+00	9.0064E-01
2.4650E+03	0.0000E+00	0.0000E+00	8.9974E-01
2.4660E+03	0.0000E+00	0.0000E+00	9.0635E-01
2.4670E+03	0.0000E+00	0.0000E+00	8.9945E-01
2.4680E+03	0.0000E+00	0.0000E+00	8.9684E-01
2.4690E+03	0.0000E+00	0.0000E+00	8.9464E-01
2.4700E+03	0.0000E+00	0.0000E+00	8.8964E-01
2.4710E+03	0.0000E+00	0.0000E+00	8.8955E-01
2.4720E+03	0.0000E+00	0.0000E+00	8.8715E-01
2.4730E+03	0.0000E+00	0.0000E+00	8.8545E-01
2.4740E+03	0.0000E+00	0.0000E+00	8.8594E-01
2.4750E+03	0.0000E+00	0.0000E+00	8.8345E-01
2.4760E+03	0.0000E+00	0.0000E+00	8.8284E-01
2.4770E+03	0.0000E+00	0.0000E+00	8.8335E-01
2.4780E+03	0.0000E+00	0.0000E+00	8.8764E-01
2.4790E+03	0.0000E+00	0.0000E+00	8.8784E-01
2.4800E+03	0.0000E+00	0.0000E+00	8.8684E-01
2.4810E+03	0.0000E+00	0.0000E+00	8.8574E-01
2.4820E+03	0.0000E+00	0.0000E+00	8.8764E-01
2.4830E+03	0.0000E+00	0.0000E+00	8.8804E-01
2.4840E+03	0.0000E+00	0.0000E+00	8.8604E-01
2.4850E+03	0.0000E+00	0.0000E+00	8.8735E-01
2.4860E+03	0.0000E+00	0.0000E+00	8.8604E-01
2.4870E+03	0.0000E+00	0.0000E+00	8.8504E-01
2.4880E+03	0.0000E+00	0.0000E+00	8.8055E-01
2.4890E+03	0.0000E+00	0.0000E+00	8.8264E-01
2.4900E+03	0.0000E+00	0.0000E+00	8.8155E-01
2.4910E+03	0.0000E+00	0.0000E+00	8.8015E-01
2.4920E+03	0.0000E+00	0.0000E+00	8.7794E-01
2.4930E+03	0.0000E+00	0.0000E+00	8.7425E-01
2.4940E+03	0.0000E+00	0.0000E+00	8.7194E-01
2.4950E+03	0.0000E+00	0.0000E+00	8.7055E-01
2.4960E+03	0.0000E+00	0.0000E+00	8.6725E-01
2.4970E+03	0.0000E+00	0.0000E+00	8.6864E-01
2.4980E+03	0.0000E+00	0.0000E+00	8.6474E-01
2.4990E+03	0.0000E+00	0.0000E+00	8.6425E-01
2.5000E+03	0.0000E+00	0.0000E+00	8.6464E-01
2.5010E+03	0.0000E+00	0.0000E+00	8.6494E-01
2.5020E+03	0.0000E+00	0.0000E+00	8.6845E-01
2.5030E+03	0.0000E+00	0.0000E+00	8.7074E-01
2.5040E+03	0.0000E+00	0.0000E+00	8.7304E-01
2.5050E+03	0.0000E+00	0.0000E+00	8.7115E-01
2.5060E+03	0.0000E+00	0.0000E+00	8.7194E-01
2.5070E+03	0.0000E+00	0.0000E+00	8.7355E-01
2.5080E+03	0.0000E+00	0.0000E+00	8.7145E-01
2.5090E+03	0.0000E+00	0.0000E+00	8.7174E-01
2.5100E+03	0.0000E+00	0.0000E+00	8.7304E-01
2.5110E+03	0.0000E+00	0.0000E+00	8.7045E-01
2.5120E+03	0.0000E+00	0.0000E+00	8.7064E-01
2.5130E+03	0.0000E+00	0.0000E+00	8.7104E-01
2.5140E+03	0.0000E+00	0.0000E+00	8.7535E-01
2.5150E+03	0.0000E+00	0.0000E+00	8.7125E-01
2.5160E+03	0.0000E+00	0.0000E+00	8.7225E-01
2.5170E+03	0.0000E+00	0.0000E+00	8.7145E-01
2.5180E+03	0.0000E+00	0.0000E+00	8.7015E-01
2.5190E+03	0.0000E+00	0.0000E+00	8.6735E-01
2.5200E+03	0.0000E+00	0.0000E+00	8.6525E-01
2.5210E+03	0.0000E+00	0.0000E+00	8.6535E-01
2.5220E+03	0.0000E+00	0.0000E+00	8.6655E-01
2.5230E+03	0.0000E+00	0.0000E+00	8.6794E-01
2.5240E+03	0.0000E+00	0.0000E+00	8.6945E-01
2.5250E+03	0.0000E+00	0.0000E+00	8.7094E-01
2.5260E+03	0.0000E+00	0.0000E+00	8.7915E-01
2.5270E+03	0.0000E+00	0.0000E+00	8.8274E-01
2.5280E+03	0.0000E+00	0.0000E+00	8.8425E-01
2.5290E+03	0.0000E+00	0.0000E+00	8.8194E-01
2.5300E+03	0.0000E+00	0.0000E+00	8.8294E-01
2.5310E+03	0.0000E+00	0.0000E+00	8.8215E-01
2.5320E+03	0.0000E+00	0.0000E+00	8.8264E-01
2.5330E+03	0.0000E+00	0.0000E+00	8.8294E-01
2.5340E+03	0.0000E+00	0.0000E+00	8.8355E-01
2.5350E+03	0.0000E+00	0.0000E+00	8.8194E-01
2.5360E+03	0.0000E+00	0.0000E+00	8.7594E-01
2.5370E+03	0.0000E+00	0.0000E+00	8.7425E-01
2.5380E+03	0.0000E+00	0.0000E+00	8.7474E-01
2.5390E+03	0.0000E+00	0.0000E+00	8.7364E-01
2.5400E+03	0.0000E+00	0.0000E+00	8.7135E-01
2.5410E+03	0.0000E+00	0.0000E+00	8.7004E-01
2.5420E+03	0.0000E+00	0.0000E+00	8.7294E-01
2.5430E+03	0.0000E+00	0.0000E+00	8.7435E-01
2.5440E+03	0.0000E+00	0.0000E+00	8.6984E-01
2.5450E+03	0.0000E+00	0.0000E+00	8.6904E-01
2.5460E+03	0.0000E+00	0.0000E+00	8.6604E-01
2.5470E+03	0.0000E+00	0.0000E+00	8.6684E-01
2.5480E+03	0.0000E+00	0.0000E+00	8.6335E-01
2.5490E+03	0.0000E+00	0.0000E+00	8.6584E-01
2.5500E+03	0.0000E+00	0.0000E+00	8.6864E-01
2.5510E+03	0.0000E+00	0.0000E+00	8.6594E-01
2.5520E+03	0.0000E+00	0.0000E+00	8.6884E-01
2.5530E+03	0.0000E+00	0.0000E+00	8.6564E-01
2.5540E+03	0.0000E+00	0.0000E+00	8.6745E-01
2.5550E+03	0.0000E+00	0.0000E+00	8.6725E-01
2.5560E+03	0.0000E+00	0.0000E+00	8.7004E-01
2.5570E+03	0.0000E+00	0.0000E+00	8.7015E-01
2.5580E+03	0.0000E+00	0.0000E+00	8.7025E-01
2.5590E+03	0.0000E+00	0.0000E+00	8.7064E-01
2.5600E+03	0.0000E+00	0.0000E+00	8.6815E-01
2.5610E+03	0.0000E+00	0.0000E+00	8.7015E-01
2.5620E+03	0.0000E+00	0.0000E+00	8.6574E-01
2.5630E+03	0.0000E+00	0.0000E+00	8.6574E-01
2.5640E+03	0.0000E+00	0.0000E+00	8.6204E-01
2.5650E+03	0.0000E+00	0.0000E+00	8.6235E-01
2.5660E+03	0.0000E+00	0.0000E+00	8.6125E-01
2.5670E+03	0.0000E+00	0.0000E+00	8.6174E-01
2.5680E+03	0.0000E+00	0.0000E+00	8.6074E-01
2.5690E+03	0.0000E+00	0.0000E+00	8.5794E-01
2.5700E+03	0.0000E+00	0.0000E+00	8.5784E-01
2.5710E+03	0.0000E+00	0.0000E+00	8.5374E-01
2.5720E+03	0.0000E+00	0.0000E+00	8.5384E-01
2.5730E+03	0.0000E+00	0.0000E+00	8.5474E-01
2.5740E+03	0.0000E+00	0.0000E+00	8.5615E-01
2.5750E+03	0.0000E+00	0.0000E+00	8.5825E-01
2.5760E+03	0.0000E+00	0.0000E+00	8.5794E-01
2.5770E+03	0.0000E+00	0.0000E+00	8.5915E-01
2.5780E+03	0.0000E+00	0.0000E+00	8.5964E-01
2.5790E+03	0.0000E+00	0.0000E+00	8.6435E-01
2.5800E+03	0.0000E+00	0.0000E+00	8.6545E-01
2.5810E+03	0.0000E+00	0.0000E+00	8.6245E-01
2.5820E+03	0.0000E+00	0.0000E+00	8.6425E-01
2.5830E+03	0.0000E+00	0.0000E+00	8.6435E-01
2.5840E+03	0.0000E+00	0.0000E+00	8.6364E-01
2.5850E+03	0.0000E+00	0.0000E+00	8.6064E-01
2.5860E+03	0.0000E+00	0.0000E+00	8.5845E-01
2.5870E+03	0.0000E+00	0.0000E+00	8.5625E-01
2.5880E+03	0.0000E+00	0.0000E+00	8.5545E-01
2.5890E+03	0.0000E+00	0.0000E+00	8.5125E-01
2.5900E+03	0.0000E+00	0.0000E+00	8.5504E-01
2.5910E+03	0.0000E+00	0.0000E+00	8.5445E-01
2.5920E+03	0.0000E+00	0.0000E+00	8.5425E-01
2.5930E+03	0.0000E+00	0.0000E+00	8.5325E-01
2.5940E+03	0.0000E+00	0.0000E+00	8.5145E-01
2.5950E+03	0.0000E+00	0.0000E+00	8.5084E-01
2.5960E+03	0.0000E+00	0.0000E+00	8.5135E-01
2.5970E+03	0.0000E+00	0.0000E+00	8.5115E-01
2.5980E+03	0.0000E+00	0.0000E+00	8.5194E-01
2.5990E+03	0.0000E+00	0.0000E+00	8.4894E-01
2.6000E+03	0.0000E+00	0.0000E+00	8.5194E-01
2.6010E+03	0.0000E+00	0.0000E+00	8.4945E-01
2.6020E+03	0.0000E+00	0.0000E+00	8.5025E-01
2.6030E+03	0.0000E+00	0.0000E+00	8.5204E-01
2.6040E+03	0.0000E+00	0.0000E+00	8.5645E-01
2.6050E+03	0.0000E+00	0.0000E+00	8.5625E-01
2.6060E+03	0.0000E+00	0.0000E+00	8.5755E-01
2.6070E+03	0.0000E+00	0.0000E+00	8.5604E-01
2.6080E+03	0.0000E+00	0.0000E+00	8.5255E-01
2.6090E+03	0.0000E+00	0.0000E+00	8.5174E-01
2.6100E+03	0.0000E+00	0.0000E+00	8.4974E-01
2.6110E+03	0.0000E+00	0.0000E+00	8.5115E-01
2.6120E+03	0.0000E+00	0.0000E+00	8.4864E-01
2.6130E+03	0.0000E+00	0.0000E+00	8.5174E-01
2.6140E+03	0.0000E+00	0.0000E+00	8.5135E-01
2.6150E+03	0.0000E+00	0.0000E+00	8.4784E-01
2.6160E+03	0.0000E+00	0.0000E+00	8.4535E-01
2.6170E+03	0.0000E+00	0.0000E+00	8.4304E-01
2.6180E+03	0.0000E+00	0.0000E+00	8.4464E-01
2.6190E+03	0.0000E+00	0.0000E+00	8.4325E-01
2.6200E+03	0.0000E+00	0.0000E+00	8.4145E-01
2.6210E+03	0.0000E+00	0.0000E+00	8.4464E-01
2.6220E+03	0.0000E+00	0.0000E+00	8.4445E-01
2.6230E+03	0.0000E+00	0.0000E+00	8.4784E-01
2.6240E+03	0.0000E+00	0.0000E+00	8.4525E-01
2.6250E+03	0.0000E+00	0.0000E+00	8.4674E-01
2.6260E+03	0.0000E+00	0.0000E+00	8.5045E-01
2.6270E+03	0.0000E+00	0.0000E+00	8.4984E-01
2.6280E+03	0.0000E+00	0.0000E+00	8.5135E-01
2.6290E+03	0.0000E+00	0.0000E+00	8.5364E-01
2.6300E+03	0.0000E+00	0.0000E+00	8.5235E-01
2.6310E+03	0.0000E+00	0.0000E+00	8.5215E-01
2.6320E+03	0.0000E+00	0.0000E+00	8.4794E-01
2.6330E+03	0.0000E+00	0.0000E+00	8.5225E-01
2.6340E+03	0.0000E+00	0.0000E+00	8.4504E-01
2.6350E+03	0.0000E+00	0.0000E+00	8.5004E-01
2.6360E+03	0.0000E+00	0.0000E+00	8.4784E-01
2.6370E+03	0.0000E+00	0.0000E+00	8.4864E-01
2.6380E+03	0.0000E+00	0.0000E+00	8.4904E-01
2.6390E+03	0.0000E+00	0.0000E+00	8.4564E-01
2.6400E+03	0.0000E+00	0.0000E+00	8.4474E-01
2.6410E+03	0.0000E+00	0.0000E+00	8.4435E-01
2.6420E+03	0.0000E+00	0.0000E+00	8.4155E-01
2.6430E+03	0.0000E+00	0.0000E+00	8.4115E-01
2.6440E+03	0.0000E+00	0.0000E+00	8.3735E-01
2.6450E+03	0.0000E+00	0.0000E+00	8.3545E-01
2.6460E+03	0.0000E+00	0.0000E+00	8.4015E-01
2.6470E+03	0.0000E+00	0.0000E+00	8.3974E-01
2.6480E+03	0.0000E+00	0.0000E+00	8.4115E-01
2.6490E+03	0.0000E+00	0.0000E+00	8.4384E-01
2.6500E+03	0.0000E+00	0.0000E+00	8.4445E-01
2.6510E+03	0.0000E+00	0.0000E+00	8.4674E-01
2.6520E+03	0.0000E+00	0.0000E+00	8.4974E-01
2.6530E+03	0.0000E+00	0.0000E+00	8.4704E-01
2.6540E+03	0.0000E+00	0.0000E+00	8.4964E-01
2.6550E+03	0.0000E+00	0.0000E+00	8.5025E-01
2.6560E+03	0.0000E+00	0.0000E+00	8.4874E-01
2.6570E+03	0.0000E+00	0.0000E+00	8.4794E-01
2.6580E+03	0.0000E+00	0.0000E+00	8.4884E-01
2.6590E+03	0.0000E+00	0.0000E+00	8.4504E-01
2.6600E+03	0.0000E+00	0.0000E+00	8.4294E-01
2.6610E+03	0.0000E+00	0.0000E+00	8.4064E-01
2.6620E+03	0.0000E+00	0.0000E+00	8.4284E-01
2.6630E+03	0.0000E+00	0.0000E+00	8.4425E-01
2.6640E+03	0.0000E+00	0.0000E+00	8.4494E-01
2.6650E+03	0.0000E+00	0.0000E+00	8.4284E-01
2.6660E+03	0.0000E+00	0.0000E+00	8.4055E-01
2.6670E+03	0.0000E+00	0.0000E+00	8.4074E-01
2.6680E+03	0.0000E+00	0.0000E+00	8.3664E-01
2.6690E+03	0.0000E+00	0.0000E+00	8.3915E-01
2.6700E+03	0.0000E+00	0.0000E+00	8.3604E-01
2.6710E+03	0.0000E+00	0.0000E+00	8.3915E-01
2.6720E+03	0.0000E+00	0.0000E+00	8.3945E-01
2.6730E+03	0.0000E+00	0.0000E+00	8.3574E-01
2.6740E+03	0.0000E+00	0.0000E+00	8.3604E-01
2.6750E+03	0.0000E+00	0.0000E+00	8.3955E-01
2.6760E+03	0.0000E+00	0.0000E+00	8.4435E-01
2.6770E+03	0.0000E+00	0.0000E+00	8.4374E-01
2.6780E+03	0.0000E+00	0.0000E+00	8.4345E-01
2.6790E+03	0.0000E+00	0.0000E+00	8.4425E-01
2.6800E+03	0.0000E+00	0.0000E+00	8.4094E-01
2.6810E+03	0.0000E+00	0.0000E+00	8.4164E-01
2.6820E+03	0.0000E+00	0.0000E+00	8.4125E-01
2.6830E+03	0.0000E+00	0.0000E+00	8.3764E-01
2.6840E+03	0.0000E+00	0.0000E+00	8.4155E-01
2.6850E+03	0.0000E+00	0.0000E+00	8.3635E-01
2.6860E+03	0.0000E+00	0.0000E+00	8.3425E-01
2.6870E+03	0.0000E+00	0.0000E+00	8.3255E-01
2.6880E+03	0.0000E+00	0.0000E+00	8.3564E-01
2.6890E+03	0.0000E+00	0.0000E+00	8.3815E-01
2.6900E+03	0.0000E+00	0.0000E+00	8.3904E-01
2.6910E+03	0.0000E+00	0.0000E+00	8.3604E-01
2.6920E+03	0.0000E+00	0.0000E+00	8.3945E-01
2.6930E+03	0.0000E+00	0.0000E+00	8.3435E-01
2.6940E+03	0.0000E+00	0.0000E+00	8.3355E-01
2.6950E+03	0.0000E+00	0.0000E+00	8.3655E-01
2.6960E+03	0.0000E+00	0.0000E+00	8.3525E-01
2.6970E+03	0.0000E+00	0.0000E+00	8.3694E-01
2.6980E+03	0.0000E+00	0.0000E+00	8.4064E-01
2.6990E+03	0.0000E+00	0.0000E+00	8.4345E-01
2.7000E+03	0.0000E+00	0.0000E+00	8.4645E-01
2.7010E+03	0.0000E+00	0.0000E+00	8.4884E-01
2.7020E+03	0.0000E+00	0.0000E+00	8.5035E-01
2.7030E+03	0.0000E+00	0.0000E+00	8.4204E-01
2.7040E+03	0.0000E+00	0.0000E+00	8.4625E-01
2.7050E+03	0.0000E+00	0.0000E+00	8.4464E-01
2.7060E+03	0.0000E+00	0.0000E+00	8.4484E-01
2.7070E+03	0.0000E+00	0.0000E+00	8.4145E-01
2.7080E+03	0.0000E+00	0.0000E+00	8.4064E-01
2.7090E+03	0.0000E+00	0.0000E+00	8.4104E-01
2.7100E+03	0.0000E+00	0.0000E+00	8.3784E-01
2.7110E+03	0.0000E+00	0.0000E+00	8.4315E-01
2.7120E+03	0.0000E+00	0.0000E+00	8.4525E-01
2.7130E+03	0.0000E+00	0.0000E+00	8.4235E-01
2.7140E+03	0.0000E+00	0.0000E+00	8.3674E-01
2.7150E+03	0.0000E+00	0.0000E+00	8.3535E-01
2.7160E+03	0.0000E+00	0.0000E+00	8.3404E-01
2.7170E+03	0.0000E+00	0.0000E+00	8.3025E-01
2.7180E+03	0.0000E+00	0.0000E+00	8.3004E-01
2.7190E+03	0.0000E+00	0.0000E+00	8.3245E-01
2.7200E+03	0.0000E+00	0.0000E+00	8.3394E-01
2.7210E+03	0.0000E+00	0.0000E+00	8.3364E-01
2.7220E+03	0.0000E+00	0.0000E+00	8.3615E-01
2.7230E+03	0.0000E+00	0.0000E+00	8.3304E-01
2.7240E+03	0.0000E+00	0.0000E+00	8.3974E-01
2.7250E+03	0.0000E+00	0.0000E+00	8.4155E-01
2.7260E+03	0.0000E+00	0.0000E+00	8.4215E-01
2.7270E+03	0.0000E+00	0.0000E+00	8.4494E-01
2.7280E+03	0.0000E+00	0.0000E+00	8.4025E-01
2.7290E+03	0.0000E+00	0.0000E+00	8.3764E-01
2.7300E+03	0.0000E+00	0.0000E+00	8.3764E-01
2.7310E+03	0.0000E+00	0.0000E+00	8.3735E-01
2.7320E+03	0.0000E+00	0.0000E+00	8.3764E-01
2.7330E+03	0.0000E+00	0.0000E+00	8.3764E-01
2.7340E+03	0.0000E+00	0.0000E+00	8.3745E-01
2.7350E+03	0.0000E+00	0.0000E+00	8.3535E-01
2.7360E+03	0.0000E+00	0.0000E+00	8.3374E-01
2.7370E+03	0.0000E+00	0.0000E+00	8.2974E-01
2.7380E+03	0.0000E+00	0.0000E+00	8.3055E-01
2.7390E+03	0.0000E+00	0.0000E+00	8.2615E-01
2.7400E+03	0.0000E+00	0.0000E+00	8.2784E-01
2.7410E+03	0.0000E+00	0.0000E+00	8.3125E-01
2.7420E+03	0.0000E+00	0.0000E+00	8.2894E-01
2.7430E+03	0.0000E+00	0.0000E+00	8.3055E-01
2.7440E+03	0.0000E+00	0.0000E+00	8.3455E-01
2.7450E+03	0.0000E+00	0.0000E+00	8.3194E-01
2.7460E+03	0.0000E+00	0.0000E+00	8.3494E-01
2.7470E+03	0.0000E+00	0.0000E+00	8.3915E-01
2.7480E+03	0.0000E+00	0.0000E+00	8.3884E-01
2.7490E+03	0.0000E+00	0.0000E+00	8.3984E-01
2.7500E+03	0.0000E+00	0.0000E+00	8.4194E-01
2.7510E+03	0.0000E+00	0.0000E+00	8.3894E-01
2.7520E+03	0.0000E+00	0.0000E+00	8.3764E-01
2.7530E+03	0.0000E+00	0.0000E+00	8.3804E-01
2.7540E+03	0.0000E+00	0.0000E+00	8.3925E-01
2.7550E+03	0.0000E+00	0.0000E+00	8.4235E-01
2.7560E+03	0.0000E+00	0.0000E+00	8.4094E-01
2.7570E+03	0.0000E+00	0.0000E+00	8.4035E-01
2.7580E+03	0.0000E+00	0.0000E+00	8.3915E-01
2.7590E+03	0.0000E+00	0.0000E+00	8.3664E-01
2.7600E+03	0.0000E+00	0.0000E+00	8.3264E-01
2.7610E+03	0.0000E+00	0.0000E+00	8.3504E-01
2.7620E+03	0.0000E+00	0.0000E+00	8.3384E-01
2.7630E+03	0.0000E+00	0.0000E+00	8.3235E-01
2.7640E+03	0.0000E+00	0.0000E+00	8.3194E-01
2.7650E+03	0.0000E+00	0.0000E+00	8.3084E-01
2.7660E+03	0.0000E+00	0.0000E+00	8.3294E-01
2.7670E+03	0.0000E+00	0.0000E+00	8.3055E-01
2.7680E+03	0.0000E+00	0.0000E+00	8.3184E-01
2.7690E+03	0.0000E+00	0.0000E+00	8.3404E-01
2.7700E+03	0.0000E+00	0.0000E+00	8.3574E-01
2.7710E+03	0.0000E+00	0.0000E+00	8.3645E-01
2.7720E+03	0.0000E+00	0.0000E+00	8.3664E-01
2.7730E+03	0.0000E+00	0.0000E+00	8.3825E-01
2.7740E+03	0.0000E+00	0.0000E+00	8.4145E-01
2.7750E+03	0.0000E+00	0.0000E+00	8.3635E-01
2.7760E+03	0.0000E+00	0.0000E+00	8.3455E-01
2.7770E+03	0.0000E+00	0.0000E+00	8.3494E-01
2.7780E+03	0.0000E+00	0.0000E+00	8.3094E-01
2.7790E+03	0.0000E+00	0.0000E+00	8.3255E-01
2.7800E+03	0.0000E+00	0.0000E+00	8.3064E-01
2.7810E+03	0.0000E+00	0.0000E+00	8.3084E-01
2.7820E+03	0.0000E+00	0.0000E+00	8.2955E-01
2.7830E+03	0.0000E+00	0.0000E+00	8.2904E-01
2.7840E+03	0.0000E+00	0.0000E+00	8.2835E-01
2.7850E+03	0.0000E+00	0.0000E+00	8.2894E-01
2.7860E+03	0.0000E+00	0.0000E+00	8.2645E-01
2.7870E+03	0.0000E+00	0.0000E+00	8.2445E-01
2.7880E+03	0.0000E+00	0.0000E+00	8.2274E-01
2.7890E+03	0.0000E+00	0.0000E+00	8.2174E-01
2.7900E+03	0.0000E+00	0.0000E+00	8.1894E-01
2.7910E+03	0.0000E+00	0.0000E+00	8.1604E-01
2.7920E+03	0.0000E+00	0.0000E+00	8.2155E-01
2.7930E+03	0.0000E+00	0.0000E+00	8.2504E-01
2.7940E+03	0.0000E+00	0.0000E+00	8.2884E-01
2.7950E+03	0.0000E+00	0.0000E+00	8.3094E-01
2.7960E+03	0.0000E+00	0.0000E+00	8.3264E-01
2.7970E+03	0.0000E+00	0.0000E+00	8.3515E-01
2.7980E+03	0.0000E+00	0.0000E+00	8.3735E-01
2.7990E+03	0.0000E+00	0.0000E+00	8.3715E-01
2.8000E+03	0.0000E+00	0.0000E+00	8.3635E-01
2.8010E+03	0.0000E+00	0.0000E+00	8.3315E-01
2.8020E+03	0.0000E+00	0.0000E+00	8.3425E-01
2.8030E+03	0.0000E+00	0.0000E+00	8.3135E-01
2.8040E+03	0.0000E+00	0.0000E+00	8.2874E-01
2.8050E+03	0.0000E+00	0.0000E+00	8.3355E-01
2.8060E+03	0.0000E+00	0.0000E+00	8.3264E-01
2.8070E+03	0.0000E+00	0.0000E+00	8.3464E-01
2.8080E+03	0.0000E+00	0.0000E+00	8.3015E-01
2.8090E+03	0.0000E+00	0.0000E+00	8.2804E-01
2.8100E+03	0.0000E+00	0.0000E+00	8.2445E-01
2.8110E+03	0.0000E+00	0.0000E+00	8.2415E-01
2.8120E+03	0.0000E+00	0.0000E+00	8.2425E-01
2.8130E+03	0.0000E+00	0.0000E+00	8.2235E-01
2.8140E+03	0.0000E+00	0.0000E+00	8.2504E-01
2.8150E+03	0.0000E+00	0.0000E+00	8.2474E-01
2.8160E+03	0.0000E+00	0.0000E+00	8.2545E-01
2.8170E+03	0.0000E+00	0.0000E+00	8.3004E-01
2.8180E+03	0.0000E+00	0.0000E+00	8.3274E-01
2.8190E+03	0.0000E+00	0.0000E+00	8.3394E-01
2.8200E+03	0.0000E+00	0.0000E+00	8.3515E-01
2.8210E+03	0.0000E+00	0.0000E+00	8.3015E-01
2.8220E+03	0.0000E+00	0.0000E+00	8.1245E-01
2.8230E+03	0.0000E+00	0.0000E+00	8.0384E-01
2.8240E+03	0.0000E+00	0.0000E+00	8.0655E-01
2.8250E+03	0.0000E+00	0.0000E+00	8.0715E-01
2.8260E+03	0.0000E+00	0.0000E+00	8.0804E-01
2.8270E+03	0.0000E+00	0.0000E+00	8.1004E-01
2.8280E+03	0.0000E+00	0.0000E+00	8.1035E-01
2.8290E+03	0.0000E+00	0.0000E+00	8.0635E-01
2.8300E+03	0.0000E+00	0.0000E+00	8.0625E-01
2.8310E+03	0.0000E+00	0.0000E+00	8.0345E-01
2.8320E+03	0.0000E+00	0.0000E+00	7.9984E-01
2.8330E+03	0.0000E+00	0.0000E+00	8.0345E-01
2.8340E+03	0.0000E+00	0.0000E+00	8.0374E-01
2.8350E+03	0.0000E+00	0.0000E+00	8.0404E-01
2.8360E+03	0.0000E+00	0.0000E+00	8.0315E-01
2.8370E+03	0.0000E+00	0.0000E+00	8.0384E-01
2.8380E+03	0.0000E+00	0.0000E+00	8.0574E-01
2.8390E+03	0.0000E+00	0.0000E+00	8.0704E-01
2.8400E+03	0.0000E+00	0.0000E+00	8.0735E-01
2.8410E+03	0.0000E+00	0.0000E+00	8.0864E-01
2.8420E+03	0.0000E+00	0.0000E+00	8.1225E-01
2.8430E+03	0.0000E+00	0.0000E+00	8.1825E-01
2.8440E+03	0.0000E+00	0.0000E+00	8.1645E-01
2.8450E+03	0.0000E+00	0.0000E+00	8.1825E-01
2.8460E+03	0.0000E+00	0.0000E+00	8.1974E-01
2.8470E+03	0.0000E+00	0.0000E+00	8.2155E-01
2.8480E+03	0.0000E+00	0.0000E+00	8.1884E-01
2.8490E+03	0.0000E+00	0.0000E+00	8.1325E-01
2.8500E+03	0.0000E+00	0.0000E+00	8.1704E-01
2.8510E+03	0.0000E+00	0.0000E+00	8.1674E-01
2.8520E+03	0.0000E+00	0.0000E+00	8.1904E-01
2.8530E+03	0.0000E+00	0.0000E+00	8.2204E-01
2.8540E+03	0.0000E+00	0.0000E+00	8.1945E-01
2.8550E+03	0.0000E+00	0.0000E+00	8.0955E-01
2.8560E+03	0.0000E+00	0.0000E+00	8.0855E-01
2.8570E+03	0.0000E+00	0.0000E+00	8.0864E-01
2.8580E+03	0.0000E+00	0.0000E+00	8.1235E-01
2.8590E+03	0.0000E+00	0.0000E+00	8.1145E-01
2.8600E+03	0.0000E+00	0.0000E+00	8.0935E-01
2.8610E+03	0.0000E+00	0.0000E+00	8.0755E-01
2.8620E+03	0.0000E+00	0.0000E+00	8.0684E-01
2.8630E+03	0.0000E+00	0.0000E+00	8.0864E-01
2.8640E+03	0.0000E+00	0.0000E+00	8.1115E-01
2.8650E+03	0.0000E+00	0.0000E+00	8.0825E-01
2.8660E+03	0.0000E+00	0.0000E+00	8.1004E-01
2.8670E+03	0.0000E+00	0.0000E+00	8.1255E-01
2.8680E+03	0.0000E+00	0.0000E+00	8.1594E-01
2.8690E+03	0.0000E+00	0.0000E+00	8.1704E-01
2.8700E+03	0.0000E+00	0.0000E+00	8.1694E-01
2.8710E+03	0.0000E+00	0.0000E+00	8.1315E-01
2.8720E+03	0.0000E+00	0.0000E+00	8.0945E-01
2.8730E+03	0.0000E+00	0.0000E+00	8.0815E-01
2.8740E+03	0.0000E+00	0.0000E+00	8.0515E-01
2.8750E+03	0.0000E+00	0.0000E+00	8.0645E-01
2.8760E+03	0.0000E+00	0.0000E+00	8.0574E-01
2.8770E+03	0.0000E+00	0.0000E+00	8.0625E-01
2.8780E+03	0.0000E+00	0.0000E+00	8.0645E-01
2.8790E+03	0.0000E+00	0.0000E+00	8.0394E-01
2.8800E+03	0.0000E+00	0.0000E+00	7.9745E-01
2.8810E+03	0.0000E+00	0.0000E+00	7.9764E-01
2.8820E+03	0.0000E+00	0.0000E+00	7.9715E-01
2.8830E+03	0.0000E+00	0.0000E+00	7.9625E-01
2.8840E+03	0.0000E+00	0.0000E+00	7.9435E-01
2.8850E+03	0.0000E+00	0.0000E+00	7.9735E-01
2.8860E+03	0.0000E+00	0.0000E+00	7.9735E-01
2.8870E+03	0.0000E+00	0.0000E+00	7.9704E-01
2.8880E+03	0.0000E+00	0.0000E+00	7.9574E-01
2.8890E+03	0.0000E+00	0.0000E+00	7.9664E-01
2.8900E+03	0.0000E+00	0.0000E+00	8.0135E-01
2.8910E+03	0.0000E+00	0.0000E+00	8.0455E-01
2.8920E+03	0.0000E+00	0.0000E+00	8.0694E-01
2.8930E+03	0.0000E+00	0.0000E+00	8.1004E-01
2.8940E+03	0.0000E+00	0.0000E+00	8.1155E-01
2.8950E+03	0.0000E+00	0.0000E+00	8.1235E-01
2.8960E+03	0.0000E+00	0.0000E+00	8.1135E-01
2.8970E+03	0.0000E+00	0.0000E+00	8.1204E-01
2.8980E+03	0.0000E+00	0.0000E+00	8.0964E-01
2.8990E+03	0.0000E+00	0.0000E+00	8.0504E-01
2.9000E+03	0.0000E+00	0.0000E+00	8.0094E-01
2.9010E+03	0.0000E+00	0.0000E+00	8.0125E-01
2.9020E+03	0.0000E+00	0.0000E+00	8.0155E-01
2.9030E+03	0.0000E+00	0.0000E+00	7.9945E-01
2.9040E+03	0.0000E+00	0.0000E+00	7.9884E-01
2.9050E+03	0.0000E+00	0.0000E+00	8.0094E-01
2.9060E+03	0.0000E+00	0.0000E+00	8.0025E-01
2.9070E+03	0.0000E+00	0.0000E+00	7.9964E-01
2.9080E+03	0.0000E+00	0.0000E+00	7.9904E-01
2.9090E+03	0.0000E+00	0.0000E+00	7.9425E-01
2.9100E+03	0.0000E+00	0.0000E+00	7.9204E-01
2.9110E+03	0.0000E+00	0.0000E+00	7.8904E-01
2.9120E+03	0.0000E+00	0.0000E+00	7.8935E-01
2.9130E+03	0.0000E+00	0.0000E+00	7.9215E-01
2.9140E+03	0.0000E+00	0.0000E+00	7.9825E-01
2.9150E+03	0.0000E+00	0.0000E+00	8.0394E-01
2.9160E+03	0.0000E+00	0.0000E+00	8.0694E-01
2.9170E+03	0.0000E+00	0.0000E+00	8.0915E-01
2.9180E+03	0.0000E+00	0.0000E+00	8.1315E-01
2.9190E+03	0.0000E+00	0.0000E+00	8.1184E-01
2.9200E+03	0.0000E+00	0.0000E+00	8.1164E-01
2.9210E+03	0.0000E+00	0.0000E+00	8.0925E-01
2.9220E+03	0.0000E+00	0.0000E+00	8.1025E-01
2.9230E+03	0.0000E+00	0.0000E+00	8.0915E-01
2.9240E+03	0.0000E+00	0.0000E+00	8.1384E-01
2.9250E+03	0.0000E+00	0.0000E+00	8.1435E-01
2.9260E+03	0.0000E+00	0.0000E+00	8.1115E-01
2.9270E+03	0.0000E+00	0.0000E+00	8.0964E-01
2.9280E+03	0.0000E+00	0.0000E+00	8.0435E-01
2.9290E+03	0.0000E+00	0.0000E+00	8.0415E-01
2.9300E+03	0.0000E+00	0.0000E+00	8.0474E-01
2.9310E+03	0.0000E+00	0.0000E+00	8.0664E-01
2.9320E+03	0.0000E+00	0.0000E+00	8.0664E-01
2.9330E+03	0.0000E+00	0.0000E+00	8.0315E-01
2.9340E+03	0.0000E+00	0.0000E+00	8.0125E-01
2.9350E+03	0.0000E+00	0.0000E+00	7.9964E-01
2.9360E+03	0.0000E+00	0.0000E+00	8.0174E-01
2.9370E+03	0.0000E+00	0.0000E+00	8.0025E-01
2.9380E+03	0.0000E+00	0.0000E+00	8.0664E-01
2.9390E+03	0.0000E+00	0.0000E+00	8.0515E-01
2.9400E+03	0.0000E+00	0.0000E+00	8.0445E-01
2.9410E+03	0.0000E+00	0.0000E+00	8.0425E-01
2.9420E+03	0.0000E+00	0.0000E+00	8.0884E-01
2.9430E+03	0.0000E+00	0.0000E+00	8.0794E-01
2.9440E+03	0.0000E+00	0.0000E+00	8.1284E-01
2.9450E+03	0.0000E+00	0.0000E+00	8.0935E-01
2.9460E+03	0.0000E+00	0.0000E+00	8.0274E-01
2.9470E+03	0.0000E+00	0.0000E+00	8.0404E-01
2.9480E+03	0.0000E+00	0.0000E+00	8.0094E-01
2.9490E+03	0.0000E+00	0.0000E+00	8.0374E-01
2.9500E+03	0.0000E+00	0.0000E+00	8.0304E-01
2.9510E+03	0.0000E+00	0.0000E+00	8.0415E-01
2.9520E+03	0.0000E+00	0.0000E+00	7.9964E-01
2.9530E+03	0.0000E+00	0.0000E+00	7.9855E-01
2.9540E+03	0.0000E+00	0.0000E+00	8.0094E-01
2.9550E+03	0.0000E+00	0.0000E+00	7.9945E-01
2.9560E+03	0.0000E+00	0.0000E+00	7.9925E-01
2.9570E+03	0.0000E+00	0.0000E+00	7.9804E-01
2.9580E+03	0.0000E+00	0.0000E+00	7.9804E-01
2.9590E+03	0.0000E+00	0.0000E+00	8.0335E-01
2.9600E+03	0.0000E+00	0.0000E+00	8.0655E-01
2.9610E+03	0.0000E+00	0.0000E+00	8.0664E-01
2.9620E+03	0.0000E+00	0.0000E+00	8.0935E-01
2.9630E+03	0.0000E+00	0.0000E+00	8.0964E-01
2.9640E+03	0.0000E+00	0.0000E+00	8.0825E-01
2.9650E+03	0.0000E+00	0.0000E+00	8.1115E-01
2.9660E+03	0.0000E+00	0.0000E+00	8.1174E-01
2.9670E+03	0.0000E+00	0.0000E+00	8.2004E-01
2.9680E+03	0.0000E+00	0.0000E+00	8.1904E-01
2.9690E+03	0.0000E+00	0.0000E+00	8.2055E-01
2.9700E+03	0.0000E+00	0.0000E+00	8.1904E-01
2.9710E+03	0.0000E+00	0.0000E+00	8.1835E-01
2.9720E+03	0.0000E+00	0.0000E+00	8.1435E-01
2.9730E+03	0.0000E+00	0.0000E+00	8.1415E-01
2.9740E+03	0.0000E+00	0.0000E+00	8.1245E-01
2.9750E+03	0.0000E+00	0.0000E+00	8.1355E-01
2.9760E+03	0.0000E+00	0.0000E+00	8.1635E-01
2.9770E+03	0.0000E+00	0.0000E+00	8.1474E-01
2.9780E+03	0.0000E+00	0.0000E+00	8.1855E-01
2.9790E+03	0.0000E+00	0.0000E+00	8.2045E-01
2.9800E+03	0.0000E+00	0.0000E+00	8.2525E-01
2.9810E+03	0.0000E+00	0.0000E+00	8.2635E-01
2.9820E+03	0.0000E+00	0.0000E+00	8.2984E-01
2.9830E+03	0.0000E+00	0.0000E+00	8.2945E-01
2.9840E+03	0.0000E+00	0.0000E+00	8.3084E-01
2.9850E+03	0.0000E+00	0.0000E+00	8.2794E-01
2.9860E+03	0.0000E+00	0.0000E+00	8.2815E-01
2.9870E+03	0.0000E+00	0.0000E+00	8.2935E-01
2.9880E+03	0.0000E+00	0.0000E+00	8.3125E-01
2.9890E+03	0.0000E+00	0.0000E+00	8.2935E-01
2.9900E+03	0.0000E+00	0.0000E+00	8.3045E-01
2.9910E+03	0.0000E+00	0.0000E+00	8.3115E-01
2.9920E+03	0.0000E+00	0.0000E+00	8.2664E-01
2.9930E+03	0.0000E+00	0.0000E+00	8.2745E-01
2.9940E+03	0.0000E+00	0.0000E+00	8.2835E-01
2.9950E+03	0.0000E+00	0.0000E+00	8.2694E-01
2.9960E+03	0.0000E+00	0.0000E+00	8.2364E-01
2.9970E+03	0.0000E+00	0.0000E+00	8.1874E-01
2.9980E+03	0.0000E+00	0.0000E+00	8.1945E-01
2.9990E+03	0.0000E+00	0.0000E+00	8.1884E-01
3.0000E+03	0.0000E+00	0.0000E+00	8.1935E-01
3.0010E+03	0.0000E+00	0.0000E+00	8.1945E-01
3.0020E+03	0.0000E+00	0.0000E+00	8.1625E-01
3.0030E+03	0.0000E+00	0.0000E+00	8.1525E-01
3.0040E+03	0.0000E+00	0.0000E+00	8.1394E-01
3.0050E+03	0.0000E+00	0.0000E+00	8.1235E-01
3.0060E+03	0.0000E+00	0.0000E+00	8.1045E-01
3.0070E+03	0.0000E+00	0.0000E+00	8.1115E-01
3.0080E+03	0.0000E+00	0.0000E+00	8.1235E-01
3.0090E+03	0.0000E+00	0.0000E+00	8.1884E-01
3.0100E+03	0.0000E+00	0.0000E+00	8.1584E-01
3.0110E+03	0.0000E+00	0.0000E+00	8.1584E-01
3.0120E+03	0.0000E+00	0.0000E+00	8.1794E-01
3.0130E+03	0.0000E+00	0.0000E+00	8.2635E-01
3.0140E+03	0.0000E+00	0.0000E+00	8.2664E-01
3.0150E+03	0.0000E+00	0.0000E+00	8.2835E-01
3.0160E+03	0.0000E+00	0.0000E+00	8.2704E-01
3.0170E+03	0.0000E+00	0.0000E+00	8.2835E-01
3.0180E+03	0.0000E+00	0.0000E+00	8.2564E-01
3.0190E+03	0.0000E+00	0.0000E+00	8.2004E-01
3.0200E+03	0.0000E+00	0.0000E+00	8.1755E-01
3.0210E+03	0.0000E+00	0.0000E+00	8.1935E-01
3.0220E+03	0.0000E+00	0.0000E+00	8.2225E-01
3.0230E+03	0.0000E+00	0.0000E+00	8.2484E-01
3.0240E+03	0.0000E+00	0.0000E+00	8.2525E-01
3.0250E+03	0.0000E+00	0.0000E+00	8.2584E-01
3.0260E+03	0.0000E+00	0.0000E+00	8.2335E-01
3.0270E+03	0.0000E+00	0.0000E+00	8.2104E-01
3.0280E+03	0.0000E+00	0.0000E+00	8.1945E-01
3.0290E+03	0.0000E+00	0.0000E+00	8.1804E-01
3.0300E+03	0.0000E+00	0.0000E+00	8.1725E-01
3.0310E+03	0.0000E+00	0.0000E+00	8.1374E-01
3.0320E+03	0.0000E+00	0.0000E+00	8.1115E-01
3.0330E+03	0.0000E+00	0.0000E+00	8.0684E-01
3.0340E+03	0.0000E+00	0.0000E+00	8.0625E-01
3.0350E+03	0.0000E+00	0.0000E+00	8.0955E-01
3.0360E+03	0.0000E+00	0.0000E+00	8.1555E-01
3.0370E+03	0.0000E+00	0.0000E+00	8.1835E-01
3.0380E+03	0.0000E+00	0.0000E+00	8.2555E-01
3.0390E+03	0.0000E+00	0.0000E+00	8.1904E-01
3.0400E+03	0.0000E+00	0.0000E+00	8.1974E-01
3.0410E+03	0.0000E+00	0.0000E+00	8.1194E-01
3.0420E+03	0.0000E+00	0.0000E+00	8.1435E-01
3.0430E+03	0.0000E+00	0.0000E+00	8.1264E-01
3.0440E+03	0.0000E+00	0.0000E+00	8.1184E-01
3.0450E+03	0.0000E+00	0.0000E+00	8.0635E-01
3.0460E+03	0.0000E+00	0.0000E+00	8.0945E-01
3.0470E+03	0.0000E+00	0.0000E+00	8.0425E-01
3.0480E+03	0.0000E+00	0.0000E+00	8.0664E-01
3.0490E+03	0.0000E+00	0.0000E+00	8.0455E-01
3.0500E+03	0.0000E+00	0.0000E+00	8.0574E-01
3.0510E+03	0.0000E+00	0.0000E+00	8.0404E-01
3.0520E+03	0.0000E+00	0.0000E+00	7.9755E-01
3.0530E+03	0.0000E+00	0.0000E+00	7.9704E-01
3.0540E+03	0.0000E+00	0.0000E+00	7.9884E-01
3.0550E+03	0.0000E+00	0.0000E+00	7.9994E-01
3.0560E+03	0.0000E+00	0.0000E+00	8.0194E-01
3.0570E+03	0.0000E+00	0.0000E+00	8.0374E-01
3.0580E+03	0.0000E+00	0.0000E+00	8.0715E-01
3.0590E+03	0.0000E+00	0.0000E+00	8.0945E-01
3.0600E+03	0.0000E+00	0.0000E+00	8.1035E-01
3.0610E+03	0.0000E+00	0.0000E+00	8.1294E-01
3.0620E+03	0.0000E+00	0.0000E+00	8.1604E-01
3.0630E+03	0.0000E+00	0.0000E+00	8.1715E-01
3.0640E+03	0.0000E+00	0.0000E+00	8.1545E-01
3.0650E+03	0.0000E+00	0.0000E+00	8.1304E-01
3.0660E+03	0.0000E+00	0.0000E+00	8.1535E-01
3.0670E+03	0.0000E+00	0.0000E+00	8.0994E-01
3.0680E+03	0.0000E+00	0.0000E+00	8.0735E-01
3.0690E+03	0.0000E+00	0.0000E+00	8.0564E-01
3.0700E+03	0.0000E+00	0.0000E+00	8.0304E-01
3.0710E+03	0.0000E+00	0.0000E+00	8.0115E-01
3.0720E+03	0.0000E+00	0.0000E+00	8.0204E-01
3.0730E+03	0.0000E+00	0.0000E+00	8.0125E-01
3.0740E+03	0.0000E+00	0.0000E+00	8.0064E-01
3.0750E+03	0.0000E+00	0.0000E+00	7.9915E-01
3.0760E+03	0.0000E+00	0.0000E+00	7.9494E-01
3.0770E+03	0.0000E+00	0.0000E+00	7.9094E-01
3.0780E+03	0.0000E+00	0.0000E+00	7.9064E-01
3.0790E+03	0.0000E+00	0.0000E+00	7.9104E-01
3.0800E+03	0.0000E+00	0.0000E+00	7.8864E-01
3.0810E+03	0.0000E+00	0.0000E+00	7.9025E-01
3.0820E+03	0.0000E+00	0.0000E+00	7.9945E-01
3.0830E+03	0.0000E+00	0.0000E+00	8.0564E-01
3.0840E+03	0.0000E+00	0.0000E+00	8.1364E-01
3.0850E+03	0.0000E+00	0.0000E+00	8.1484E-01
3.0860E+03	0.0000E+00	0.0000E+00	8.1904E-01
3.0870E+03	0.0000E+00	0.0000E+00	8.1484E-01
3.0880E+03	0.0000E+00	0.0000E+00	8.1615E-01
3.0890E+03	0.0000E+00	0.0000E+00	8.1794E-01
3.0900E+03	0.0000E+00	0.0000E+00	8.1635E-01
3.0910E+03	0.0000E+00	0.0000E+00	8.1664E-01
3.0920E+03	0.0000E+00	0.0000E+00	8.1764E-01
3.0930E+03	0.0000E+00	0.0000E+00	8.1755E-01
3.0940E+03	0.0000E+00	0.0000E+00	8.1084E-01
3.0950E+03	0.0000E+00	0.0000E+00	8.0835E-01
3.0960E+03	0.0000E+00	0.0000E+00	8.0364E-01
3.0970E+03	0.0000E+00	0.0000E+00	8.0615E-01
3.0980E+03	0.0000E+00	0.0000E+00	8.0994E-01
3.0990E+03	0.0000E+00	0.0000E+00	8.0855E-01
3.1000E+03	0.0000E+00	0.0000E+00	8.0874E-01
3.1010E+03	0.0000E+00	0.0000E+00	8.0645E-01
3.1020E+03	0.0000E+00	0.0000E+00	8.0264E-01
3.1030E+03	0.0000E+00	0.0000E+00	8.0404E-01
3.1040E+03	0.0000E+00	0.0000E+00	8.0504E-01
3.1050E+03	0.0000E+00	0.0000E+00	8.0674E-01
3.1060E+03	0.0000E+00	0.0000E+00	8.1164E-01
3.1070E+03	0.0000E+00	0.0000E+00	8.1515E-01
3.1080E+03	0.0000E+00	0.0000E+00	8.1935E-01
3.1090E+03	0.0000E+00	0.0000E+00	8.1884E-01
3.1100E+03	0.0000E+00	0.0000E+00	8.2204E-01
3.1110E+03	0.0000E+00	0.0000E+00	8.2255E-01
3.1120E+03	0.0000E+00	0.0000E+00	8.1864E-01
3.1130E+03	0.0000E+00	0.0000E+00	8.1715E-01
3.1140E+03	0.0000E+00	0.0000E+00	8.1684E-01
3.1150E+03	0.0000E+00	0.0000E+00	8.1735E-01
3.1160E+03	0.0000E+00	0.0000E+00	8.1625E-01
3.1170E+03	0.0000E+00	0.0000E+00	8.1594E-01
3.1180E+03	0.0000E+00	0.0000E+00	8.1525E-01
3.1190E+03	0.0000E+00	0.0000E+00	8.1555E-01
3.1200E+03	0.0000E+00	0.0000E+00	8.1525E-01
3.1210E+03	0.0000E+00	0.0000E+00	8.1304E-01
3.1220E+03	0.0000E+00	0.0000E+00	8.0835E-01
3.1230E+03	0.0000E+00	0.0000E+00	8.1074E-01
3.1240E+03	0.0000E+00	0.0000E+00	8.0994E-01
3.1250E+03	0.0000E+00	0.0000E+00	8.1384E-01
3.1260E+03	0.0000E+00	0.0000E+00	8.1255E-01
3.1270E+03	0.0000E+00	0.0000E+00	8.1115E-01
3.1280E+03	0.0000E+00	0.0000E+00	8.1074E-01
3.1290E+03	0.0000E+00	0.0000E+00	8.1264E-01
3.1300E+03	0.0000E+00	0.0000E+00	8.1664E-01
3.1310E+03	0.0000E+00	0.0000E+00	8.1894E-01
3.1320E+03	0.0000E+00	0.0000E+00	8.1925E-01
3.1330E+03	0.0000E+00	0.0000E+00	8.2025E-01
3.1340E+03	0.0000E+00	0.0000E+00	8.2394E-01
3.1350E+03	0.0000E+00	0.0000E+00	8.2445E-01
3.1360E+03	0.0000E+00	0.0000E+00	8.2225E-01
3.1370E+03	0.0000E+00	0.0000E+00	8.2194E-01
3.1380E+03	0.0000E+00	0.0000E+00	8.2015E-01
3.1390E+03	0.0000E+00	0.0000E+00	8.1904E-01
3.1400E+03	0.0000E+00	0.0000E+00	8.1704E-01
3.1410E+03	0.0000E+00	0.0000E+00	8.1704E-01
3.1420E+03	0.0000E+00	0.0000E+00	8.1815E-01
3.1430E+03	0.0000E+00	0.0000E+00	8.1794E-01
3.1440E+03	0.0000E+00	0.0000E+00	8.1835E-01
3.1450E+03	0.0000E+00	0.0000E+00	8.1025E-01
3.1460E+03	0.0000E+00	0.0000E+00	8.0174E-01
3.1470E+03	0.0000E+00	0.0000E+00	7.9704E-01
3.1480E+03	0.0000E+00	0.0000E+00	7.9245E-01
3.1490E+03	0.0000E+00	0.0000E+00	7.9045E-01
3.1500E+03	0.0000E+00	0.0000E+00	7.9145E-01
3.1510E+03	0.0000E+00	0.0000E+00	7.8915E-01
3.1520E+03	0.0000E+00	0.0000E+00	7.8715E-01
3.1530E+03	0.0000E+00	0.0000E+00	7.8935E-01
3.1540E+03	0.0000E+00	0.0000E+00	7.8984E-01
3.1550E+03	0.0000E+00	0.0000E+00	7.9364E-01
3.1560E+03	0.0000E+00	0.0000E+00	7.9594E-01
3.1570E+03	0.0000E+00	0.0000E+00	7.9784E-01
3.1580E+03	0.0000E+00	0.0000E+00	7.9945E-01
3.1590E+03	0.0000E+00	0.0000E+00	7.9564E-01
3.1600E+03	0.0000E+00	0.0000E+00	7.9835E-01
3.1610E+03	0.0000E+00	0.0000E+00	7.9845E-01
3.1620E+03	0.0000E+00	0.0000E+00	7.9815E-01
3.1630E+03	0.0000E+00	0.0000E+00	7.9615E-01
3.1640E+03	0.0000E+00	0.0000E+00	8.0204E-01
3.1650E+03	0.0000E+00	0.0000E+00	7.9715E-01
3.1660E+03	0.0000E+00	0.0000E+00	7.9684E-01
3.1670E+03	0.0000E+00	0.0000E+00	7.9545E-01
3.1680E+03	0.0000E+00	0.0000E+00	7.9494E-01
3.1690E+03	0.0000E+00	0.0000E+00	7.9455E-01
3.1700E+03	0.0000E+00	0.0000E+00	7.9355E-01
3.1710E+03	0.0000E+00	0.0000E+00	7.9215E-01
3.1720E+03	0.0000E+00	0.0000E+00	7.9164E-01
3.1730E+03	0.0000E+00	0.0000E+00	7.9004E-01
3.1740E+03	0.0000E+00	0.0000E+00	7.8674E-01
3.1750E+03	0.0000E+00	0.0000E+00	7.8804E-01
3.1760E+03	0.0000E+00	0.0000E+00	7.8884E-01
3.1770E+03	0.0000E+00	0.0000E+00	7.8825E-01
3.1780E+03	0.0000E+00	0.0000E+00	7.9164E-01
3.1790E+03	0.0000E+00	0.0000E+00	7.9535E-01
3.1800E+03	0.0000E+00	0.0000E+00	7.9545E-01
3.1810E+03	0.0000E+00	0.0000E+00	7.9625E-01
3.1820E+03	0.0000E+00	0.0000E+00	8.0115E-01
3.1830E+03	0.0000E+00	0.0000E+00	7.9974E-01
3.1840E+03	0.0000E+00	0.0000E+00	7.9784E-01
3.1850E+03	0.0000E+00	0.0000E+00	7.9794E-01
3.1860E+03	0.0000E+00	0.0000E+00	7.9574E-01
3.1870E+03	0.0000E+00	0.0000E+00	8.0094E-01
3.1880E+03	0.0000E+00	0.0000E+00	8.0094E-01
3.1890E+03	0.0000E+00	0.0000E+00	8.0425E-01
3.1900E+03	0.0000E+00	0.0000E+00	7.9774E-01
3.1910E+03	0.0000E+00	0.0000E+00	7.9604E-01
3.1920E+03	0.0000E+00	0.0000E+00	7.9825E-01
3.1930E+03	0.0000E+00	0.0000E+00	7.9955E-01
3.1940E+03	0.0000E+00	0.0000E+00	7.9725E-01
3.1950E+03	0.0000E+00	0.0000E+00	7.9735E-01
3.1960E+03	0.0000E+00	0.0000E+00	8.0025E-01
3.1970E+03	0.0000E+00	0.0000E+00	7.9694E-01
3.1980E+03	0.0000E+00	0.0000E+00	7.9715E-01
3.1990E+03	0.0000E+00	0.0000E+00	7.9264E-01
3.2000E+03	0.0000E+00	0.0000E+00	7.8984E-01
3.2010E+03	0.0000E+00	0.0000E+00	7.8894E-01
3.2020E+03	0.0000E+00	0.0000E+00	7.8815E-01
3.2030E+03	0.0000E+00	0.0000E+00	7.9035E-01
3.2040E+03	0.0000E+00	0.0000E+00	7.9345E-01
3.2050E+03	0.0000E+00	0.0000E+00	7.9204E-01
3.2060E+03	0.0000E+00	0.0000E+00	7.9635E-01
3.2070E+03	0.0000E+00	0.0000E+00	7.9255E-01
3.2080E+03	0.0000E+00	0.0000E+00	7.9664E-01
3.2090E+03	0.0000E+00	0.0000E+00	7.9574E-01
3.2100E+03	0.0000E+00	0.0000E+00	7.9584E-01
3.2110E+03	0.0000E+00	0.0000E+00	7.9504E-01
3.2120E+03	0.0000E+00	0.0000E+00	7.9294E-01
3.2130E+03	0.0000E+00	0.0000E+00	7.9335E-01
3.2140E+03	0.0000E+00	0.0000E+00	7.9135E-01
3.2150E+03	0.0000E+00	0.0000E+00	7.9174E-01
3.2160E+03	0.0000E+00	0.0000E+00	7.9245E-01
3.2170E+03	0.0000E+00	0.0000E+00	7.9315E-01
3.2180E+03	0.0000E+00	0.0000E+00	7.9084E-01
3.2190E+03	0.0000E+00	0.0000E+00	7.9045E-01
3.2200E+03	0.0000E+00	0.0000E+00	7.8735E-01
3.2210E+03	0.0000E+00	0.0000E+00	7.8445E-01
3.2220E+03	0.0000E+00	0.0000E+00	7.8645E-01
3.2230E+03	0.0000E+00	0.0000E+00	7.8664E-01
3.2240E+03	0.0000E+00	0.0000E+00	7.8894E-01
3.2250E+03	0.0000E+00	0.0000E+00	7.9025E-01
3.2260E+03	0.0000E+00	0.0000E+00	7.9104E-01
3.2270E+03	0.0000E+00	0.0000E+00	7.9404E-01
3.2280E+03	0.0000E+00	0.0000E+00	7.9804E-01
3.2290E+03	0.0000E+00	0.0000E+00	8.0015E-01
3.2300E+03	0.0000E+00	0.0000E+00	7.9815E-01
3.2310E+03	0.0000E+00	0.0000E+00	7.9645E-01
3.2320E+03	0.0000E+00	0.0000E+00	8.0004E-01
3.2330E+03	0.0000E+00	0.0000E+00	7.9494E-01
3.2340E+03	0.0000E+00	0.0000E+00	8.0374E-01
3.2350E+03	0.0000E+00	0.0000E+00	7.9674E-01
3.2360E+03	0.0000E+00	0.0000E+00	7.9494E-01
3.2370E+03	0.0000E+00	0.0000E+00	7.9555E-01
3.2380E+03	0.0000E+00	0.0000E+00	7.9264E-01
3.2390E+03	0.0000E+00	0.0000E+00	7.8964E-01
3.2400E+03	0.0000E+00	0.0000E+00	7.8715E-01
3.2410E+03	0.0000E+00	0.0000E+00	7.8194E-01
3.2420E+03	0.0000E+00	0.0000E+00	7.8464E-01
3.2430E+03	0.0000E+00	0.0000E+00	7.8304E-01
3.2440E+03	0.0000E+00	0.0000E+00	7.8394E-01
3.2450E+03	0.0000E+00	0.0000E+00	7.8255E-01
3.2460E+03	0.0000E+00	0.0000E+00	7.8335E-01
3.2470E+03	0.0000E+00	0.0000E+00	7.8194E-01
3.2480E+03	0.0000E+00	0.0000E+00	7.7935E-01
3.2490E+03	0.0000E+00	0.0000E+00	7.7794E-01
3.2500E+03	0.0000E+00	0.0000E+00	7.7704E-01
3.2510E+03	0.0000E+00	0.0000E+00	7.7904E-01
3.2520E+03	0.0000E+00	0.0000E+00	7.8235E-01
3.2530E+03	0.0000E+00	0.0000E+00	7.8294E-01
3.2540E+03	0.0000E+00	0.0000E+00	7.8615E-01
3.2550E+03	0.0000E+00	0.0000E+00	7.8404E-01
3.2560E+03	0.0000E+00	0.0000E+00	7.9104E-01
3.2570E+03	0.0000E+00	0.0000E+00	7.8935E-01
3.2580E+03	0.0000E+00	0.0000E+00	7.8864E-01
3.2590E+03	0.0000E+00	0.0000E+00	7.9145E-01
3.2600E+03	0.0000E+00	0.0000E+00	7.9274E-01
3.2610E+03	0.0000E+00	0.0000E+00	7.9345E-01
3.2620E+03	0.0000E+00	0.0000E+00	7.9515E-01
3.2630E+03	0.0000E+00	0.0000E+00	7.8994E-01
3.2640E+03	0.0000E+00	0.0000E+00	7.9235E-01
3.2650E+03	0.0000E+00	0.0000E+00	7.9284E-01
3.2660E+03	0.0000E+00	0.0000E+00	7.9055E-01
3.2670E+03	0.0000E+00	0.0000E+00	7.9084E-01
3.2680E+03	0.0000E+00	0.0000E+00	7.8815E-01
3.2690E+03	0.0000E+00	0.0000E+00	7.9025E-01
3.2700E+03	0.0000E+00	0.0000E+00	7.8925E-01
3.2710E+03	0.0000E+00	0.0000E+00	7.8574E-01
3.2720E+03	0.0000E+00	0.0000E+00	7.8784E-01
3.2730E+03	0.0000E+00	0.0000E+00	7.8835E-01
3.2740E+03	0.0000E+00	0.0000E+00	7.9084E-01
3.2750E+03	0.0000E+00	0.0000E+00	7.9045E-01
3.2760E+03	0.0000E+00	0.0000E+00	7.9045E-01
3.2770E+03	0.0000E+00	0.0000E+00	7.9145E-01
3.2780E+03	0.0000E+00	0.0000E+00	7.9125E-01
3.2790E+03	0.0000E+00	0.0000E+00	7.9174E-01
3.2800E+03	0.0000E+00	0.0000E+00	7.9194E-01
3.2810E+03	0.0000E+00	0.0000E+00	7.9484E-01
3.2820E+03	0.0000E+00	0.0000E+00	7.9355E-01
3.2830E+03	0.0000E+00	0.0000E+00	8.0115E-01
3.2840E+03	0.0000E+00	0.0000E+00	8.0004E-01
3.2850E+03	0.0000E+00	0.0000E+00	8.1915E-01
3.2860E+03	0.0000E+00	0.0000E+00	8.2435E-01
3.2870E+03	0.0000E+00	0.0000E+00	8.2264E-01
3.2880E+03	0.0000E+00	0.0000E+00	8.1864E-01
3.2890E+03	0.0000E+00	0.0000E+00	8.1564E-01
3.2900E+03	0.0000E+00	0.0000E+00	8.1425E-01
3.2910E+03	0.0000E+00	0.0000E+00	8.1135E-01
3.2920E+03	0.0000E+00	0.0000E+00	8.0884E-01
3.2930E+03	0.0000E+00	0.0000E+00	8.1015E-01
3.2940E+03	0.0000E+00	0.0000E+00	8.0684E-01
3.2950E+03	0.0000E+00	0.0000E+00	8.0825E-01
3.2960E+03	0.0000E+00	0.0000E+00	8.0715E-01
3.2970E+03	0.0000E+00	0.0000E+00	8.1055E-01
3.2980E+03	0.0000E+00	0.0000E+00	8.1264E-01
3.2990E+03	0.0000E+00	0.0000E+00	8.1694E-01
3.3000E+03	0.0000E+00	0.0000E+00	8.1664E-01
3.3010E+03	0.0000E+00	0.0000E+00	8.1835E-01
3.3020E+03	0.0000E+00	0.0000E+00	8.1804E-01
3.3030E+03	0.0000E+00	0.0000E+00	8.2204E-01
3.3040E+03	0.0000E+00	0.0000E+00	8.1974E-01
3.3050E+03	0.0000E+00	0.0000E+00	8.2135E-01
3.3060E+03	0.0000E+00	0.0000E+00	8.1884E-01
3.3070E+03	0.0000E+00	0.0000E+00	8.1674E-01
3.3080E+03	0.0000E+00	0.0000E+00	8.1604E-01
3.3090E+03	0.0000E+00	0.0000E+00	8.1525E-01
3.3100E+03	0.0000E+00	0.0000E+00	8.1294E-01
3.3110E+03	0.0000E+00	0.0000E+00	8.1684E-01
3.3120E+03	0.0000E+00	0.0000E+00	8.1655E-01
3.3130E+03	0.0000E+00	0.0000E+00	8.1745E-01
3.3140E+03	0.0000E+00	0.0000E+00	8.1604E-01
3.3150E+03	0.0000E+00	0.0000E+00	8.1604E-01
3.3160E+03	0.0000E+00	0.0000E+00	8.1335E-01
3.3170E+03	0.0000E+00	0.0000E+00	8.1535E-01
3.3180E+03	0.0000E+00	0.0000E+00	8.1204E-01
3.3190E+03	0.0000E+00	0.0000E+00	8.0884E-01
3.3200E+03	0.0000E+00	0.0000E+00	8.0894E-01
3.3210E+03	0.0000E+00	0.0000E+00	8.1155E-01
3.3220E+03	0.0000E+00	0.0000E+00	8.1304E-01
3.3230E+03	0.0000E+00	0.0000E+00	8.1835E-01
3.3240E+03	0.0000E+00	0.0000E+00	8.2025E-01
3.3250E+03	0.0000E+00	0.0000E+00	8.2255E-01
3.3260E+03	0.0000E+00	0.0000E+00	8.2364E-01
3.3270E+03	0.0000E+00	0.0000E+00	8.2315E-01
3.3280E+03	0.0000E+00	0.0000E+00	8.2604E-01
3.3290E+03	0.0000E+00	0.0000E+00	8.2355E-01
3.3300E+03	0.0000E+00	0.0000E+00	8.2664E-01
3.3310E+03	0.0000E+00	0.0000E+00	8.2355E-01
3.3320E+03	0.0000E+00	0.0000E+00	8.2504E-01
3.3330E+03	0.0000E+00	0.0000E+00	8.2545E-01
3.3340E+03	0.0000E+00	0.0000E+00	8.2845E-01
3.3350E+03	0.0000E+00	0.0000E+00	8.2864E-01
3.3360E+03	0.0000E+00	0.0000E+00	8.3035E-01
3.3370E+03	0.0000E+00	0.0000E+00	8.3074E-01
3.3380E+03	0.0000E+00	0.0000E+00	8.3015E-01
3.3390E+03	0.0000E+00	0.0000E+00	8.2725E-01
3.3400E+03	0.0000E+00	0.0000E+00	8.2964E-01
3.3410E+03	0.0000E+00	0.0000E+00	8.2964E-01
3.3420E+03	0.0000E+00	0.0000E+00	8.2815E-01
3.3430E+03	0.0000E+00	0.0000E+00	8.2725E-01
3.3440E+03	0.0000E+00	0.0000E+00	8.2635E-01
3.3450E+03	0.0000E+00	0.0000E+00	8.2355E-01
3.3460E+03	0.0000E+00	0.0000E+00	8.2464E-01
3.3470E+03	0.0000E+00	0.0000E+00	8.2415E-01
3.3480E+03	0.0000E+00	0.0000E+00	8.2164E-01
3.3490E+03	0.0000E+00	0.0000E+00	8.2335E-01
3.3500E+03	0.0000E+00	0.0000E+00	8.1984E-01
3.3510E+03	0.0000E+00	0.0000E+00	8.2394E-01
3.3520E+03	0.0000E+00	0.0000E+00	8.2074E-01
3.3530E+03	0.0000E+00	0.0000E+00	8.1855E-01
3.3540E+03	0.0000E+00	0.0000E+00	8.1794E-01
3.3550E+03	0.0000E+00	0.0000E+00	8.1435E-01
3.3560E+03	0.0000E+00	0.0000E+00	8.1245E-01
3.3570E+03	0.0000E+00	0.0000E+00	8.1255E-01
3.3580E+03	0.0000E+00	0.0000E+00	8.0974E-01
3.3590E+03	0.0000E+00	0.0000E+00	8.0464E-01
3.3600E+03	0.0000E+00	0.0000E+00	8.0164E-01
3.3610E+03	0.0000E+00	0.0000E+00	8.0555E-01
3.3620E+03	0.0000E+00	0.0000E+00	8.0384E-01
3.3630E+03	0.0000E+00	0.0000E+00	8.0315E-01
3.3640E+03	0.0000E+00	0.0000E+00	8.0584E-01
3.3650E+03	0.0000E+00	0.0000E+00	8.0664E-01
3.3660E+03	0.0000E+00	0.0000E+00	8.0684E-01
3.3670E+03	0.0000E+00	0.0000E+00	8.0374E-01
3.3680E+03	0.0000E+00	0.0000E+00	8.1184E-01
3.3690E+03	0.0000E+00	0.0000E+00	8.0704E-01
3.3700E+03	0.0000E+00	0.0000E+00	8.0774E-01
3.3710E+03	0.0000E+00	0.0000E+00	8.0745E-01
3.3720E+03	0.0000E+00	0.0000E+00	8.0594E-01
3.3730E+03	0.0000E+00	0.0000E+00	8.0904E-01
3.3740E+03	0.0000E+00	0.0000E+00	8.0894E-01
3.3750E+03	0.0000E+00	0.0000E+00	8.0555E-01
3.3760E+03	0.0000E+00	0.0000E+00	8.0384E-01
3.3770E+03	0.0000E+00	0.0000E+00	8.0774E-01
3.3780E+03	0.0000E+00	0.0000E+00	8.0825E-01
3.3790E+03	0.0000E+00	0.0000E+00	8.0555E-01
3.3800E+03	0.0000E+00	0.0000E+00	8.0204E-01
3.3810E+03	0.0000E+00	0.0000E+00	7.9994E-01
3.3820E+03	0.0000E+00	0.0000E+00	7.9574E-01
3.3830E+03	0.0000E+00	0.0000E+00	7.9555E-01
3.3840E+03	0.0000E+00	0.0000E+00	7.9104E-01
3.3850E+03	0.0000E+00	0.0000E+00	7.9145E-01
3.3860E+03	0.0000E+00	0.0000E+00	7.9355E-01
3.3870E+03	0.0000E+00	0.0000E+00	7.9294E-01
3.3880E+03	0.0000E+00	0.0000E+00	7.9264E-01
3.3890E+03	0.0000E+00	0.0000E+00	7.9364E-01
3.3900E+03	0.0000E+00	0.0000E+00	7.9135E-01
3.3910E+03	0.0000E+00	0.0000E+00	7.9204E-01
3.3920E+03	0.0000E+00	0.0000E+00	7.9355E-01
3.3930E+03	0.0000E+00	0.0000E+00	7.9555E-01
3.3940E+03	0.0000E+00	0.0000E+00	7.9694E-01
3.3950E+03	0.0000E+00	0.0000E+00	8.0125E-01
3.3960E+03	0.0000E+00	0.0000E+00	8.0174E-01
3.3970E+03	0.0000E+00	0.0000E+00	8.0184E-01
3.3980E+03	0.0000E+00	0.0000E+00	8.0215E-01
3.3990E+03	0.0000E+00	0.0000E+00	8.0594E-01
3.4000E+03	0.0000E+00	0.0000E+00	8.2015E-01
3.4010E+03	0.0000E+00	0.0000E+00	8.2894E-01
3.4020E+03	0.0000E+00	0.0000E+00	8.3225E-01
3.4030E+03	0.0000E+00	0.0000E+00	8.3035E-01
3.4040E+03	0.0000E+00	0.0000E+00	8.3094E-01
3.4050E+03	0.0000E+00	0.0000E+00	8.2674E-01
3.4060E+03	0.0000E+00	0.0000E+00	8.2725E-01
3.4070E+03	0.0000E+00	0.0000E+00	8.2384E-01
3.4080E+03	0.0000E+00	0.0000E+00	8.2315E-01
3.4090E+03	0.0000E+00	0.0000E+00	8.1904E-01
3.4100E+03	0.0000E+00	0.0000E+00	8.2035E-01
3.4110E+03	0.0000E+00	0.0000E+00	8.2455E-01
3.4120E+03	0.0000E+00	0.0000E+00	8.2725E-01
3.4130E+03	0.0000E+00	0.0000E+00	8.2884E-01
3.4140E+03	0.0000E+00	0.0000E+00	8.3235E-01
3.4150E+03	0.0000E+00	0.0000E+00	8.3655E-01
3.4160E+03	0.0000E+00	0.0000E+00	8.3825E-01
3.4170E+03	0.0000E+00	0.0000E+00	8.4174E-01
3.4180E+03	0.0000E+00	0.0000E+00	8.4625E-01
3.4190E+03	0.0000E+00	0.0000E+00	8.4825E-01
3.4200E+03	0.0000E+00	0.0000E+00	8.5255E-01
3.4210E+03	0.0000E+00	0.0000E+00	8.5204E-01
3.4220E+03	0.0000E+00	0.0000E+00	8.4964E-01
3.4230E+03	0.0000E+00	0.0000E+00	8.5174E-01
3.4240E+03	0.0000E+00	0.0000E+00	8.4684E-01
3.4250E+03	0.0000E+00	0.0000E+00	8.5104E-01
3.4260E+03	0.0000E+00	0.0000E+00	8.5225E-01
3.4270E+03	0.0000E+00	0.0000E+00	8.5355E-01
3.4280E+03	0.0000E+00	0.0000E+00	8.6315E-01
3.4290E+03	0.0000E+00	0.0000E+00	8.6164E-01
3.4300E+03	0.0000E+00	0.0000E+00	8.5884E-01
3.4310E+03	0.0000E+00	0.0000E+00	8.6074E-01
3.4320E+03	0.0000E+00	0.0000E+00	8.6074E-01
3.4330E+03	0.0000E+00	0.0000E+00	8.5725E-01
3.4340E+03	0.0000E+00	0.0000E+00	8.6225E-01
3.4350E+03	0.0000E+00	0.0000E+00	8.5735E-01
3.4360E+03	0.0000E+00	0.0000E+00	8.5894E-01
3.4370E+03	0.0000E+00	0.0000E+00	8.5515E-01
3.4380E+03	0.0000E+00	0.0000E+00	8.5064E-01
3.4390E+03	0.0000E+00	0.0000E+00	8.5345E-01
3.4400E+03	0.0000E+00	0.0000E+00	8.5525E-01
3.4410E+03	0.0000E+00	0.0000E+00	8.5484E-01
3.4420E+03	0.0000E+00	0.0000E+00	8.5894E-01
3.4430E+03	0.0000E+00	0.0000E+00	8.6274E-01
3.4440E+03	0.0000E+00	0.0000E+00	8.6204E-01
3.4450E+03	0.0000E+00	0.0000E+00	8.6064E-01
3.4460E+03	0.0000E+00	0.0000E+00	8.6294E-01
3.4470E+03	0.0000E+00	0.0000E+00	8.6074E-01
3.4480E+03	0.0000E+00	0.0000E+00	8.5774E-01
3.4490E+03	0.0000E+00	0.0000E+00	8.5615E-01
3.4500E+03	0.0000E+00	0.0000E+00	8.5604E-01
3.4510E+03	0.0000E+00	0.0000E+00	8.5535E-01
3.4520E+03	0.0000E+00	0.0000E+00	8.5584E-01
3.4530E+03	0.0000E+00	0.0000E+00	8.5915E-01
3.4540E+03	0.0000E+00	0.0000E+00	8.5655E-01
3.4550E+03	0.0000E+00	0.0000E+00	8.5874E-01
3.4560E+03	0.0000E+00	0.0000E+00	8.5855E-01
3.4570E+03	0.0000E+00	0.0000E+00	8.6035E-01
3.4580E+03	0.0000E+00	0.0000E+00	8.5864E-01
3.4590E+03	0.0000E+00	0.0000E+00	8.5915E-01
3.4600E+03	0.0000E+00	0.0000E+00	8.5845E-01
3.4610E+03	0.0000E+00	0.0000E+00	8.5384E-01
3.4620E+03	0.0000E+00	0.0000E+00	8.5674E-01
3.4630E+03	0.0000E+00	0.0000E+00	8.5355E-01
3.4640E+03	0.0000E+00	0.0000E+00	8.5255E-01
3.4650E+03	0.0000E+00	0.0000E+00	8.5264E-01
3.4660E+03	0.0000E+00	0.0000E+00	8.5374E-01
3.4670E+03	0.0000E+00	0.0000E+00	8.5255E-01
3.4680E+03	0.0000E+00	0.0000E+00	8.5194E-01
3.4690E+03	0.0000E+00	0.0000E+00	8.4615E-01
3.4700E+03	0.0000E+00	0.0000E+00	8.4815E-01
3.4710E+03	0.0000E+00	0.0000E+00	8.4494E-01
3.4720E+03	0.0000E+00	0.0000E+00	8.4325E-01
3.4730E+03	0.0000E+00	0.0000E+00	8.4255E-01
3.4740E+03	0.0000E+00	0.0000E+00	8.4084E-01
3.4750E+03	0.0000E+00	0.0000E+00	8.3825E-01
3.4760E+03	0.0000E+00	0.0000E+00	8.3704E-01
3.4770E+03	0.0000E+00	0.0000E+00	8.3545E-01
3.4780E+03	0.0000E+00	0.0000E+00	8.3135E-01
3.4790E+03	0.0000E+00	0.0000E+00	8.2915E-01
3.4800E+03	0.0000E+00	0.0000E+00	8.2825E-01
3.4810E+03	0.0000E+00	0.0000E+00	8.2884E-01
3.4820E+03	0.0000E+00	0.0000E+00	8.3025E-01
3.4830E+03	0.0000E+00	0.0000E+00	8.3325E-01
3.4840E+03	0.0000E+00	0.0000E+00	8.3315E-01
3.4850E+03	0.0000E+00	0.0000E+00	8.2964E-01
3.4860E+03	0.0000E+00	0.0000E+00	8.2764E-01
3.4870E+03	0.0000E+00	0.0000E+00	8.2994E-01
3.4880E+03	0.0000E+00	0.0000E+00	8.2474E-01
3.4890E+03	0.0000E+00	0.0000E+00	8.2884E-01
3.4900E+03	0.0000E+00	0.0000E+00	8.2804E-01
3.4910E+03	0.0000E+00	0.0000E+00	8.2925E-01
3.4920E+03	0.0000E+00	0.0000E+00	8.2845E-01
3.4930E+03	0.0000E+00	0.0000E+00	8.3004E-01
3.4940E+03	0.0000E+00	0.0000E+00	8.2874E-01
3.4950E+03	0.0000E+00	0.0000E+00	8.2835E-01
3.4960E+03	0.0000E+00	0.0000E+00	8.3204E-01
3.4970E+03	0.0000E+00	0.0000E+00	8.3904E-01
3.4980E+03	0.0000E+00	0.0000E+00	8.3135E-01
3.4990E+03	0.0000E+00	0.0000E+00	8.3225E-01
3.5000E+03	0.0000E+00	0.0000E+00	8.3174E-01
3.5010E+03	0.0000E+00	0.0000E+00	8.2935E-01
3.5020E+03	0.0000E+00	0.0000E+00	8.2845E-01
3.5030E+03	0.0000E+00	0.0000E+00	8.2815E-01
3.5040E+03	0.0000E+00	0.0000E+00	8.2684E-01
3.5050E+03	0.0000E+00	0.0000E+00	8.2564E-01
3.5060E+03	0.0000E+00	0.0000E+00	8.2764E-01
3.5070E+03	0.0000E+00	0.0000E+00	8.2555E-01
3.5080E+03	0.0000E+00	0.0000E+00	8.2464E-01
3.5090E+03	0.0000E+00	0.0000E+00	8.2715E-01
3.5100E+03	0.0000E+00	0.0000E+00	8.2564E-01
3.5110E+03	0.0000E+00	0.0000E+00	8.2345E-01
3.5120E+03	0.0000E+00	0.0000E+00	8.2425E-01
3.5130E+03	0.0000E+00	0.0000E+00	8.2204E-01
3.5140E+03	0.0000E+00	0.0000E+00	8.2035E-01
3.5150E+03	0.0000E+00	0.0000E+00	8.2025E-01
3.5160E+03	0.0000E+00	0.0000E+00	8.1864E-01
3.5170E+03	0.0000E+00	0.0000E+00	8.1764E-01
3.5180E+03	0.0000E+00	0.0000E+00	8.1645E-01
3.5190E+03	0.0000E+00	0.0000E+00	8.1704E-01
3.5200E+03	0.0000E+00	0.0000E+00	8.1555E-01
3.5210E+03	0.0000E+00	0.0000E+00	8.1774E-01
3.5220E+03	0.0000E+00	0.0000E+00	8.1915E-01
3.5230E+03	0.0000E+00	0.0000E+00	8.1715E-01
3.5240E+03	0.0000E+00	0.0000E+00	8.2045E-01
3.5250E+03	0.0000E+00	0.0000E+00	8.1974E-01
3.5260E+03	0.0000E+00	0.0000E+00	8.2064E-01
3.5270E+03	0.0000E+00	0.0000E+00	8.2915E-01
3.5280E+03	0.0000E+00	0.0000E+00	8.3404E-01
3.5290E+03	0.0000E+00	0.0000E+00	8.3584E-01
3.5300E+03	0.0000E+00	0.0000E+00	8.3204E-01
3.5310E+03	0.0000E+00	0.0000E+00	8.3235E-01
3.5320E+03	0.0000E+00	0.0000E+00	8.3635E-01
3.5330E+03	0.0000E+00	0.0000E+00	8.3384E-01
3.5340E+03	0.0000E+00	0.0000E+00	8.3274E-01
3.5350E+03	0.0000E+00	0.0000E+00	8.3274E-01
3.5360E+03	0.0000E+00	0.0000E+00	8.3355E-01
3.5370E+03	0.0000E+00	0.0000E+00	8.3284E-01
3.5380E+03	0.0000E+00	0.0000E+00	8.3355E-01
3.5390E+03	0.0000E+00	0.0000E+00	8.3474E-01
3.5400E+03	0.0000E+00	0.0000E+00	8.3945E-01
3.5410E+03	0.0000E+00	0.0000E+00	8.4345E-01
3.5420E+03	0.0000E+00	0.0000E+00	8.4235E-01
3.5430E+03	0.0000E+00	0.0000E+00	8.4264E-01
3.5440E+03	0.0000E+00	0.0000E+00	8.4264E-01
3.5450E+03	0.0000E+00	0.0000E+00	8.4184E-01
3.5460E+03	0.0000E+00	0.0000E+00	8.4184E-01
3.5470E+03	0.0000E+00	0.0000E+00	8.4274E-01
3.5480E+03	0.0000E+00	0.0000E+00	8.4045E-01
3.5490E+03	0.0000E+00	0.0000E+00	8.3835E-01
3.5500E+03	0.0000E+00	0.0000E+00	8.3504E-01
3.5510E+03	0.0000E+00	0.0000E+00	8.3064E-01
3.5520E+03	0.0000E+00	0.0000E+00	8.2835E-01
3.5530E+03	0.0000E+00	0.0000E+00	8.2794E-01
3.5540E+03	0.0000E+00	0.0000E+00	8.2904E-01
3.5550E+03	0.0000E+00	0.0000E+00	8.3174E-01
3.5560E+03	0.0000E+00	0.0000E+00	8.3164E-01
3.5570E+03	0.0000E+00	0.0000E+00	8.2945E-01
3.5580E+03	0.0000E+00	0.0000E+00	8.3115E-01
3.5590E+03	0.0000E+00	0.0000E+00	8.3094E-01
3.5600E+03	0.0000E+00	0.0000E+00	8.3155E-01
3.5610E+03	0.0000E+00	0.0000E+00	8.2935E-01
3.5620E+03	0.0000E+00	0.0000E+00	8.3284E-01
3.5630E+03	0.0000E+00	0.0000E+00	8.3264E-01
3.5640E+03	0.0000E+00	0.0000E+00	8.3245E-01
3.5650E+03	0.0000E+00	0.0000E+00	8.3164E-01
3.5660E+03	0.0000E+00	0.0000E+00	8.3435E-01
3.5670E+03	0.0000E+00	0.0000E+00	8.3145E-01
3.5680E+03	0.0000E+00	0.0000E+00	8.2894E-01
3.5690E+03	0.0000E+00	0.0000E+00	8.3094E-01
3.5700E+03	0.0000E+00	0.0000E+00	8.2764E-01
3.5710E+03	0.0000E+00	0.0000E+00	8.3125E-01
3.5720E+03	0.0000E+00	0.0000E+00	8.2735E-01
3.5730E+03	0.0000E+00	0.0000E+00	8.2384E-01
3.5740E+03	0.0000E+00	0.0000E+00	8.1564E-01
3.5750E+03	0.0000E+00	0.0000E+00	8.1704E-01
3.5760E+03	0.0000E+00	0.0000E+00	8.1384E-01
3.5770E+03	0.0000E+00	0.0000E+00	8.1535E-01
3.5780E+03	0.0000E+00	0.0000E+00	8.1304E-01
3.5790E+03	0.0000E+00	0.0000E+00	8.1774E-01
3.5800E+03	0.0000E+00	0.0000E+00	8.1755E-01
3.5810E+03	0.0000E+00	0.0000E+00	8.2055E-01
3.5820E+03	0.0000E+00	0.0000E+00	8.2145E-01
3.5830E+03	0.0000E+00	0.0000E+00	8.2225E-01
3.5840E+03	0.0000E+00	0.0000E+00	8.2255E-01
3.5850E+03	0.0000E+00	0.0000E+00	8.2094E-01
3.5860E+03	0.0000E+00	0.0000E+00	8.2104E-01
3.5870E+03	0.0000E+00	0.0000E+00	8.2174E-01
3.5880E+03	0.0000E+00	0.0000E+00	8.2294E-01
3.5890E+03	0.0000E+00	0.0000E+00	8.2225E-01
3.5900E+03	0.0000E+00	0.0000E+00	8.2274E-01
3.5910E+03	0.0000E+00	0.0000E+00	8.2125E-01
3.5920E+03	0.0000E+00	0.0000E+00	8.2115E-01
3.5930E+03	0.0000E+00	0.0000E+00	8.2225E-01
3.5940E+03	0.0000E+00	0.0000E+00	8.2345E-01
3.5950E+03	0.0000E+00	0.0000E+00	8.2204E-01
3.5960E+03	0.0000E+00	0.0000E+00	8.2204E-01
3.5970E+03	0.0000E+00	0.0000E+00	8.1945E-01
3.5980E+03	0.0000E+00	0.0000E+00	8.2264E-01
3.5990E+03	0.0000E+00	0.0000E+00	8.1945E-01
3.6000E+03	0.0000E+00	0.0000E+00	8.2025E-01
3.6010E+03	0.0000E+00	0.0000E+00	8.1784E-01
3.6020E+03	0.0000E+00	0.0000E+00	8.2074E-01
3.6030E+03	0.0000E+00	0.0000E+00	8.1945E-01
3.6040E+03	0.0000E+00	0.0000E+00	8.1864E-01
3.6050E+03	0.0000E+00	0.0000E+00	8.1904E-01
3.6060E+03	0.0000E+00	0.0000E+00	8.1664E-01
3.6070E+03	0.0000E+00	0.0000E+00	8.2225E-01
3.6080E+03	0.0000E+00	0.0000E+00	8.2464E-01
3.6090E+03	0.0000E+00	0.0000E+00	8.2404E-01
3.6100E+03	0.0000E+00	0.0000E+00	8.2855E-01
3.6110E+03	0.0000E+00	0.0000E+00	8.2874E-01
3.6120E+03	0.0000E+00	0.0000E+00	8.3145E-01
3.6130E+03	0.0000E+00	0.0000E+00	8.3515E-01
3.6140E+03	0.0000E+00	0.0000E+00	8.3925E-01
3.6150E+03	0.0000E+00	0.0000E+00	8.3325E-01
3.6160E+03	0.0000E+00	0.0000E+00	8.2955E-01
3.6170E+03	0.0000E+00	0.0000E+00	8.3184E-01
3.6180E+03	0.0000E+00	0.0000E+00	8.3235E-01
3.6190E+03	0.0000E+00	0.0000E+00	8.3194E-01
3.6200E+03	0.0000E+00	0.0000E+00	8.3345E-01
3.6210E+03	0.0000E+00	0.0000E+00	8.3145E-01
3.6220E+03	0.0000E+00	0.0000E+00	8.2545E-01
3.6230E+03	0.0000E+00	0.0000E+00	8.2535E-01
3.6240E+03	0.0000E+00	0.0000E+00	8.2445E-01
3.6250E+03	0.0000E+00	0.0000E+00	8.2384E-01
3.6260E+03	0.0000E+00	0.0000E+00	8.3015E-01
3.6270E+03	0.0000E+00	0.0000E+00	8.3074E-01
3.6280E+03	0.0000E+00	0.0000E+00	8.2864E-01
3.6290E+03	0.0000E+00	0.0000E+00	8.2894E-01
3.6300E+03	0.0000E+00	0.0000E+00	8.2974E-01
3.6310E+03	0.0000E+00	0.0000E+00	8.3235E-01
3.6320E+03	0.0000E+00	0.0000E+00	8.3294E-01
3.6330E+03	0.0000E+00	0.0000E+00	8.3464E-01
3.6340E+03	0.0000E+00	0.0000E+00	8.3455E-01
3.6350E+03	0.0000E+00	0.0000E+00	8.3555E-01
3.6360E+03	0.0000E+00	0.0000E+00	8.3645E-01
3.6370E+03	0.0000E+00	0.0000E+00	8.4115E-01
3.6380E+03	0.0000E+00	0.0000E+00	8.3964E-01
3.6390E+03	0.0000E+00	0.0000E+00	8.3984E-01
3.6400E+03	0.0000E+00	0.0000E+00	8.3315E-01
3.6410E+03	0.0000E+00	0.0000E+00	8.3594E-01
3.6420E+03	0.0000E+00	0.0000E+00	8.3315E-01
3.6430E+03	0.0000E+00	0.0000E+00	8.3115E-01
3.6440E+03	0.0000E+00	0.0000E+00	8.3004E-01
3.6450E+03	0.0000E+00	0.0000E+00	8.3125E-01
3.6460E+03	0.0000E+00	0.0000E+00	8.3115E-01
3.6470E+03	0.0000E+00	0.0000E+00	8.2904E-01
3.6480E+03	0.0000E+00	0.0000E+00	8.2435E-01
3.6490E+03	0.0000E+00	0.0000E+00	8.2045E-01
3.6500E+03	0.0000E+00	0.0000E+00	8.1435E-01
3.6510E+03	0.0000E+00	0.0000E+00	8.1045E-01
3.6520E+03	0.0000E+00	0.0000E+00	8.0915E-01
3.6530E+03	0.0000E+00	0.0000E+00	8.0735E-01
3.6540E+03	0.0000E+00	0.0000E+00	8.0804E-01
3.6550E+03	0.0000E+00	0.0000E+00	8.0435E-01
3.6560E+03	0.0000E+00	0.0000E+00	8.0335E-01
3.6570E+03	0.0000E+00	0.0000E+00	8.0384E-01
3.6580E+03	0.0000E+00	0.0000E+00	8.0394E-01
3.6590E+03	0.0000E+00	0.0000E+00	8.0655E-01
3.6600E+03	0.0000E+00	0.0000E+00	8.0794E-01
3.6610E+03	0.0000E+00	0.0000E+00	8.1335E-01
3.6620E+03	0.0000E+00	0.0000E+00	8.1174E-01
3.6630E+03	0.0000E+00	0.0000E+00	8.0825E-01
3.6640E+03	0.0000E+00	0.0000E+00	8.1204E-01
3.6650E+03	0.0000E+00	0.0000E+00	8.1094E-01
3.6660E+03	0.0000E+00	0.0000E+00	8.1155E-01
3.6670E+03	0.0000E+00	0.0000E+00	8.0725E-01
3.6680E+03	0.0000E+00	0.0000E+00	8.0704E-01
3.6690E+03	0.0000E+00	0.0000E+00	8.0625E-01
3.6700E+03	0.0000E+00	0.0000E+00	8.0625E-01
3.6710E+03	0.0000E+00	0.0000E+00	8.0335E-01
3.6720E+03	0.0000E+00	0.0000E+00	8.0264E-01
3.6730E+03	0.0000E+00	0.0000E+00	8.0274E-01
3.6740E+03	0.0000E+00	0.0000E+00	8.0174E-01
3.6750E+03	0.0000E+00	0.0000E+00	8.0225E-01
3.6760E+03	0.0000E+00	0.0000E+00	8.0035E-01
3.6770E+03	0.0000E+00	0.0000E+00	8.0164E-01
3.6780E+03	0.0000E+00	0.0000E+00	8.0245E-01
3.6790E+03	0.0000E+00	0.0000E+00	8.0074E-01
3.6800E+03	0.0000E+00	0.0000E+00	8.0015E-01
3.6810E+03	0.0000E+00	0.0000E+00	7.9984E-01
3.6820E+03	0.0000E+00	0.0000E+00	8.0015E-01
3.6830E+03	0.0000E+00	0.0000E+00	7.9755E-01
3.6840E+03	0.0000E+00	0.0000E+00	8.0164E-01
3.6850E+03	0.0000E+00	0.0000E+00	8.0335E-01
3.6860E+03	0.0000E+00	0.0000E+00	8.0484E-01
3.6870E+03	0.0000E+00	0.0000E+00	8.0115E-01
3.6880E+03	0.0000E+00	0.0000E+00	8.0655E-01
3.6890E+03	0.0000E+00	0.0000E+00	8.0155E-01
3.6900E+03	0.0000E+00	0.0000E+00	8.0335E-01
3.6910E+03	0.0000E+00	0.0000E+00	8.0664E-01
3.6920E+03	0.0000E+00	0.0000E+00	8.0735E-01
3.6930E+03	0.0000E+00	0.0000E+00	8.0864E-01
3.6940E+03	0.0000E+00	0.0000E+00	8.0984E-01
3.6950E+03	0.0000E+00	0.0000E+00	8.0874E-01
3.6960E+03	0.0000E+00	0.0000E+00	8.0704E-01
3.6970E+03	0.0000E+00	0.0000E+00	8.0384E-01
3.6980E+03	0.0000E+00	0.0000E+00	8.0035E-01
3.6990E+03	0.0000E+00	0.0000E+00	8.0574E-01
3.7000E+03	0.0000E+00	0.0000E+00	8.0945E-01
3.7010E+03	0.0000E+00	0.0000E+00	8.0794E-01
3.7020E+03	0.0000E+00	0.0000E+00	8.1104E-01
3.7030E+03	0.0000E+00	0.0000E+00	8.0884E-01
3.7040E+03	0.0000E+00	0.0000E+00	8.0804E-01
3.7050E+03	0.0000E+00	0.0000E+00	8.0955E-01
3.7060E+03	0.0000E+00	0.0000E+00	8.1255E-01
3.7070E+03	0.0000E+00	0.0000E+00	8.1515E-01
3.7080E+03	0.0000E+00	0.0000E+00	8.1525E-01
3.7090E+03	0.0000E+00	0.0000E+00	8.1684E-01
3.7100E+03	0.0000E+00	0.0000E+00	8.2015E-01
3.7110E+03	0.0000E+00	0.0000E+00	8.2255E-01
3.7120E+03	0.0000E+00	0.0000E+00	8.1994E-01
3.7130E+03	0.0000E+00	0.0000E+00	8.1925E-01
3.7140E+03	0.0000E+00	0.0000E+00	8.1964E-01
3.7150E+03	0.0000E+00	0.0000E+00	8.2145E-01
3.7160E+03	0.0000E+00	0.0000E+00	8.1994E-01
3.7170E+03	0.0000E+00	0.0000E+00	8.1725E-01
3.7180E+03	0.0000E+00	0.0000E+00	8.1174E-01
3.7190E+03	0.0000E+00	0.0000E+00	8.0915E-01
3.7200E+03	0.0000E+00	0.0000E+00	8.0584E-01
3.7210E+03	0.0000E+00	0.0000E+00	8.0435E-01
3.7220E+03	0.0000E+00	0.0000E+00	8.0484E-01
3.7230E+03	0.0000E+00	0.0000E+00	8.0445E-01
3.7240E+03	0.0000E+00	0.0000E+00	8.0455E-01
3.7250E+03	0.0000E+00	0.0000E+00	8.0864E-01
3.7260E+03	0.0000E+00	0.0000E+00	8.1825E-01
3.7270E+03	0.0000E+00	0.0000E+00	8.2174E-01
3.7280E+03	0.0000E+00	0.0000E+00	8.2215E-01
3.7290E+03	0.0000E+00	0.0000E+00	8.1955E-01
3.7300E+03	0.0000E+00	0.0000E+00	8.2355E-01
3.7310E+03	0.0000E+00	0.0000E+00	8.2394E-01
3.7320E+03	0.0000E+00	0.0000E+00	8.2435E-01
3.7330E+03	0.0000E+00	0.0000E+00	8.2835E-01
3.7340E+03	0.0000E+00	0.0000E+00	8.2725E-01
3.7350E+03	0.0000E+00	0.0000E+00	8.2294E-01
3.7360E+03	0.0000E+00	0.0000E+00	8.2635E-01
3.7370E+03	0.0000E+00	0.0000E+00	8.2715E-01
3.7380E+03	0.0000E+00	0.0000E+00	8.2974E-01
3.7390E+03	0.0000E+00	0.0000E+00	8.2784E-01
3.7400E+03	0.0000E+00	0.0000E+00	8.3064E-01
3.7410E+03	0.0000E+00	0.0000E+00	8.2664E-01
3.7420E+03	0.0000E+00	0.0000E+00	8.2304E-01
3.7430E+03	0.0000E+00	0.0000E+00	8.1674E-01
3.7440E+03	0.0000E+00	0.0000E+00	8.1284E-01
3.7450E+03	0.0000E+00	0.0000E+00	8.1084E-01
3.7460E+03	0.0000E+00	0.0000E+00	8.0994E-01
3.7470E+03	0.0000E+00	0.0000E+00	8.1484E-01
3.7480E+03	0.0000E+00	0.0000E+00	8.1915E-01
3.7490E+03	0.0000E+00	0.0000E+00	8.2125E-01
3.7500E+03	0.0000E+00	0.0000E+00	8.2325E-01
3.7510E+03	0.0000E+00	0.0000E+00	8.2064E-01
3.7520E+03	0.0000E+00	0.0000E+00	8.1915E-01
3.7530E+03	0.0000E+00	0.0000E+00	8.1904E-01
3.7540E+03	0.0000E+00	0.0000E+00	8.1974E-01
3.7550E+03	0.0000E+00	0.0000E+00	8.2294E-01
3.7560E+03	0.0000E+00	0.0000E+00	8.2674E-01
3.7570E+03	0.0000E+00	0.0000E+00	8.3445E-01
3.7580E+03	0.0000E+00	0.0000E+00	8.3284E-01
3.7590E+03	0.0000E+00	0.0000E+00	8.3745E-01
3.7600E+03	0.0000E+00	0.0000E+00	8.3925E-01
3.7610E+03	0.0000E+00	0.0000E+00	8.4194E-01
3.7620E+03	0.0000E+00	0.0000E+00	8.4404E-01
3.7630E+03	0.0000E+00	0.0000E+00	8.5094E-01
3.7640E+03	0.0000E+00	0.0000E+00	8.5135E-01
3.7650E+03	0.0000E+00	0.0000E+00	8.5564E-01
3.7660E+03	0.0000E+00	0.0000E+00	8.5415E-01
3.7670E+03	0.0000E+00	0.0000E+00	8.5794E-01
3.7680E+03	0.0000E+00	0.0000E+00	8.6515E-01
3.7690E+03	0.0000E+00	0.0000E+00	8.6635E-01
3.7700E+03	0.0000E+00	0.0000E+00	8.6774E-01
3.7710E+03	0.0000E+00	0.0000E+00	8.6915E-01
3.7720E+03	0.0000E+00	0.0000E+00	8.6964E-01
3.7730E+03	0.0000E+00	0.0000E+00	8.7035E-01
3.7740E+03	0.0000E+00	0.0000E+00	8.7135E-01
3.7750E+03	0.0000E+00	0.0000E+00	8.7094E-01
3.7760E+03	0.0000E+00	0.0000E+00	8.7355E-01
3.7770E+03	0.0000E+00	0.0000E+00	8.7004E-01
3.7780E+03	0.0000E+00	0.0000E+00	8.7464E-01
3.7790E+03	0.0000E+00	0.0000E+00	8.7545E-01
3.7800E+03	0.0000E+00	0.0000E+00	8.6894E-01
3.7810E+03	0.0000E+00	0.0000E+00	8.7115E-01
3.7820E+03	0.0000E+00	0.0000E+00	8.6674E-01
3.7830E+03	0.0000E+00	0.0000E+00	8.6515E-01
3.7840E+03	0.0000E+00	0.0000E+00	8.6204E-01
3.7850E+03	0.0000E+00	0.0000E+00	8.5955E-01
3.7860E+03	0.0000E+00	0.0000E+00	8.6025E-01
3.7870E+03	0.0000E+00	0.0000E+00	8.5964E-01
3.7880E+03	0.0000E+00	0.0000E+00	8.5525E-01
3.7890E+03	0.0000E+00	0.0000E+00	8.5055E-01
3.7900E+03	0.0000E+00	0.0000E+00	8.4925E-01
3.7910E+03	0.0000E+00	0.0000E+00	8.4884E-01
3.7920E+03	0.0000E+00	0.0000E+00	8.4815E-01
3.7930E+03	0.0000E+00	0.0000E+00	8.4935E-01
3.7940E+03	0.0000E+00	0.0000E+00	8.4894E-01
3.7950E+03	0.0000E+00	0.0000E+00	8.4945E-01
3.7960E+03	0.0000E+00	0.0000E+00	8.4974E-01
3.7970E+03	0.0000E+00	0.0000E+00	8.4704E-01
3.7980E+03	0.0000E+00	0.0000E+00	8.4635E-01
3.7990E+03	0.0000E+00	0.0000E+00	8.4494E-01
3.8000E+03	0.0000E+00	0.0000E+00	8.4374E-01
3.8010E+03	0.0000E+00	0.0000E+00	8.4035E-01
3.8020E+03	0.0000E+00	0.0000E+00	8.4184E-01
3.8030E+03	0.0000E+00	0.0000E+00	8.4464E-01
3.8040E+03	0.0000E+00	0.0000E+00	8.4335E-01
3.8050E+03	0.0000E+00	0.0000E+00	8.4284E-01
3.8060E+03	0.0000E+00	0.0000E+00	8.4194E-01
3.8070E+03	0.0000E+00	0.0000E+00	8.4055E-01
3.8080E+03	0.0000E+00	0.0000E+00	8.4315E-01
3.8090E+03	0.0000E+00	0.0000E+00	8.4025E-01
3.8100E+03	0.0000E+00	0.0000E+00	8.3845E-01
3.8110E+03	0.0000E+00	0.0000E+00	8.4015E-01
3.8120E+03	0.0000E+00	0.0000E+00	8.3904E-01
3.8130E+03	0.0000E+00	0.0000E+00	8.3245E-01
3.8140E+03	0.0000E+00	0.0000E+00	8.2884E-01
3.8150E+03	0.0000E+00	0.0000E+00	8.2215E-01
3.8160E+03	0.0000E+00	0.0000E+00	8.1864E-01
3.8170E+03	0.0000E+00	0.0000E+00	8.1764E-01
3.8180E+03	0.0000E+00	0.0000E+00	8.1855E-01
3.8190E+03	0.0000E+00	0.0000E+00	8.2055E-01
3.8200E+03	0.0000E+00	0.0000E+00	8.2174E-01
3.8210E+03	0.0000E+00	0.0000E+00	8.2004E-01
3.8220E+03	0.0000E+00	0.0000E+00	8.2135E-01
3.8230E+03	0.0000E+00	0.0000E+00	8.2255E-01
3.8240E+03	0.0000E+00	0.0000E+00	8.1815E-01
3.8250E+03	0.0000E+00	0.0000E+00	8.1894E-01
3.8260E+03	0.0000E+00	0.0000E+00	8.1904E-01
3.8270E+03	0.0000E+00	0.0000E+00	8.2115E-01
3.8280E+03	0.0000E+00	0.0000E+00	8.2315E-01
3.8290E+03	0.0000E+00	0.0000E+00	8.2215E-01
3.8300E+03	0.0000E+00	0.0000E+00	8.2094E-01
3.8310E+03	0.0000E+00	0.0000E+00	8.2164E-01
3.8320E+03	0.0000E+00	0.0000E+00	8.1915E-01
3.8330E+03	0.0000E+00	0.0000E+00	8.1855E-01
3.8340E+03	0.0000E+00	0.0000E+00	8.1655E-01
3.8350E+03	0.0000E+00	0.0000E+00	8.2025E-01
3.8360E+03	0.0000E+00	0.0000E+00	8.1874E-01
3.8370E+03	0.0000E+00	0.0000E+00	8.1715E-01
3.8380E+03	0.0000E+00	0.0000E+00	8.1494E-01
3.8390E+03	0.0000E+00	0.0000E+00	8.1594E-01
3.8400E+03	0.0000E+00	0.0000E+00	8.1384E-01
3.8410E+03	0.0000E+00	0.0000E+00	8.1884E-01
3.8420E+03	0.0000E+00	0.0000E+00	8.1615E-01
3.8430E+03	0.0000E+00	0.0000E+00	8.1584E-01
3.8440E+03	0.0000E+00	0.0000E+00	8.1684E-01
3.8450E+03	0.0000E+00	0.0000E+00	8.1794E-01
3.8460E+03	0.0000E+00	0.0000E+00	8.1715E-01
3.8470E+03	0.0000E+00	0.0000E+00	8.1864E-01
3.8480E+03	0.0000E+00	0.0000E+00	8.1835E-01
3.8490E+03	0.0000E+00	0.0000E+00	8.1745E-01
3.8500E+03	0.0000E+00	0.0000E+00	8.1764E-01
3.8510E+03	0.0000E+00	0.0000E+00	8.1884E-01
3.8520E+03	0.0000E+00	0.0000E+00	8.1794E-01
3.8530E+03	0.0000E+00	0.0000E+00	8.1945E-01
3.8540E+03	0.0000E+00	0.0000E+00	8.1904E-01
3.8550E+03	0.0000E+00	0.0000E+00	8.1884E-01
3.8560E+03	0.0000E+00	0.0000E+00	8.1825E-01
3.8570E+03	0.0000E+00	0.0000E+00	8.1555E-01
3.8580E+03	0.0000E+00	0.0000E+00	8.1625E-01
3.8590E+03	0.0000E+00	0.0000E+00	8.1915E-01
3.8600E+03	0.0000E+00	0.0000E+00	8.1935E-01
3.8610E+03	0.0000E+00	0.0000E+00	8.1635E-01
3.8620E+03	0.0000E+00	0.0000E+00	8.1494E-01
3.8630E+03	0.0000E+00	0.0000E+00	8.1294E-01
3.8640E+03	0.0000E+00	0.0000E+00	8.1425E-01
3.8650E+03	0.0000E+00	0.0000E+00	8.1745E-01
3.8660E+03	0.0000E+00	0.0000E+00	8.1684E-01
3.8670E+03	0.0000E+00	0.0000E+00	8.1894E-01
3.8680E+03	0.0000E+00	0.0000E+00	8.1745E-01
3.8690E+03	0.0000E+00	0.0000E+00	8.1884E-01
3.8700E+03	0.0000E+00	0.0000E+00	8.1545E-01
3.8710E+03	0.0000E+00	0.0000E+00	8.1494E-01
3.8720E+03	0.0000E+00	0.0000E+00	8.1494E-01
3.8730E+03	0.0000E+00	0.0000E+00	8.1325E-01
3.8740E+03	0.0000E+00	0.0000E+00	8.1584E-01
3.8750E+03	0.0000E+00	0.0000E+00	8.1315E-01
3.8760E+03	0.0000E+00	0.0000E+00	8.1415E-01
3.8770E+03	0.0000E+00	0.0000E+00	8.1374E-01
3.8780E+03	0.0000E+00	0.0000E+00	8.1545E-01
3.8790E+03	0.0000E+00	0.0000E+00	8.1494E-01
3.8800E+03	0.0000E+00	0.0000E+00	8.1404E-01
3.8810E+03	0.0000E+00	0.0000E+00	8.1415E-01
3.8820E+03	0.0000E+00	0.0000E+00	8.1164E-01
3.8830E+03	0.0000E+00	0.0000E+00	8.1645E-01
3.8840E+03	0.0000E+00	0.0000E+00	8.1425E-01
3.8850E+03	0.0000E+00	0.0000E+00	8.0894E-01
3.8860E+03	0.0000E+00	0.0000E+00	8.0535E-01
3.8870E+03	0.0000E+00	0.0000E+00	8.0294E-01
3.8880E+03	0.0000E+00	0.0000E+00	7.9784E-01
3.8890E+03	0.0000E+00	0.0000E+00	7.9664E-01
3.8900E+03	0.0000E+00	0.0000E+00	7.9615E-01
3.8910E+03	0.0000E+00	0.0000E+00	7.9684E-01
3.8920E+03	0.0000E+00	0.0000E+00	8.0374E-01
3.8930E+03	0.0000E+00	0.0000E+00	8.0704E-01
3.8940E+03	0.0000E+00	0.0000E+00	8.1374E-01
3.8950E+03	0.0000E+00	0.0000E+00	8.1125E-01
3.8960E+03	0.0000E+00	0.0000E+00	8.1204E-01
3.8970E+03	0.0000E+00	0.0000E+00	8.1235E-01
3.8980E+03	0.0000E+00	0.0000E+00	8.1404E-01
3.8990E+03	0.0000E+00	0.0000E+00	8.1674E-01
3.9000E+03	0.0000E+00	0.0000E+00	8.1955E-01
3.9010E+03	0.0000E+00	0.0000E+00	8.2025E-01
3.9020E+03	0.0000E+00	0.0000E+00	8.1945E-01
3.9030E+03	0.0000E+00	0.0000E+00	8.2055E-01
3.9040E+03	0.0000E+00	0.0000E+00	8.1664E-01
3.9050E+03	0.0000E+00	0.0000E+00	8.1564E-01
3.9060E+03	0.0000E+00	0.0000E+00	8.1664E-01
3.9070E+03	0.0000E+00	0.0000E+00	8.1845E-01
3.9080E+03	0.0000E+00	0.0000E+00	8.1545E-01
3.9090E+03	0.0000E+00	0.0000E+00	8.1255E-01
3.9100E+03	0.0000E+00	0.0000E+00	8.0604E-01
3.9110E+03	0.0000E+00	0.0000E+00	8.0815E-01
3.9120E+03	0.0000E+00	0.0000E+00	8.0374E-01
3.9130E+03	0.0000E+00	0.0000E+00	8.0204E-01
3.9140E+03	0.0000E+00	0.0000E+00	8.0435E-01
3.9150E+03	0.0000E+00	0.0000E+00	8.1135E-01
3.9160E+03	0.0000E+00	0.0000E+00	8.1425E-01
3.9170E+03	0.0000E+00	0.0000E+00	8.1604E-01
3.9180E+03	0.0000E+00	0.0000E+00	8.2125E-01
3.9190E+03	0.0000E+00	0.0000E+00	8.2115E-01
3.9200E+03	0.0000E+00	0.0000E+00	8.2325E-01
3.9210E+03	0.0000E+00	0.0000E+00	8.2155E-01
3.9220E+03	0.0000E+00	0.0000E+00	8.2355E-01
3.9230E+03	0.0000E+00	0.0000E+00	8.2484E-01
3.9240E+03	0.0000E+00	0.0000E+00	8.2715E-01
3.9250E+03	0.0000E+00	0.0000E+00	8.2645E-01
3.9260E+03	0.0000E+00	0.0000E+00	8.1864E-01
3.9270E+03	0.0000E+00	0.0000E+00	8.1215E-01
3.9280E+03	0.0000E+00	0.0000E+00	8.0384E-01
3.9290E+03	0.0000E+00	0.0000E+00	7.9694E-01
3.9300E+03	0.0000E+00	0.0000E+00	7.9564E-01
3.9310E+03	0.0000E+00	0.0000E+00	7.9325E-01
3.9320E+03	0.0000E+00	0.0000E+00	7.9345E-01
3.9330E+03	0.0000E+00	0.0000E+00	7.9055E-01
3.9340E+03	0.0000E+00	0.0000E+00	7.8635E-01
3.9350E+03	0.0000E+00	0.0000E+00	7.8435E-01
3.9360E+03	0.0000E+00	0.0000E+00	7.8135E-01
3.9370E+03	0.0000E+00	0.0000E+00	7.8015E-01
3.9380E+03	0.0000E+00	0.0000E+00	7.7945E-01
3.9390E+03	0.0000E+00	0.0000E+00	7.7925E-01
3.9400E+03	0.0000E+00	0.0000E+00	7.7955E-01
3.9410E+03	0.0000E+00	0.0000E+00	7.7684E-01
3.9420E+03	0.0000E+00	0.0000E+00	7.7904E-01
3.9430E+03	0.0000E+00	0.0000E+00	7.7764E-01
3.9440E+03	0.0000E+00	0.0000E+00	7.7764E-01
3.9450E+03	0.0000E+00	0.0000E+00	7.7835E-01
3.9460E+03	0.0000E+00	0.0000E+00	7.8155E-01
3.9470E+03	0.0000E+00	0.0000E+00	7.8325E-01
3.9480E+03	0.0000E+00	0.0000E+00	7.8415E-01
3.9490E+03	0.0000E+00	0.0000E+00	7.8645E-01
3.9500E+03	0.0000E+00	0.0000E+00	7.8555E-01
3.9510E+03	0.0000E+00	0.0000E+00	7.8694E-01
3.9520E+03	0.0000E+00	0.0000E+00	7.8264E-01
3.9530E+03	0.0000E+00	0.0000E+00	7.8115E-01
3.9540E+03	0.0000E+00	0.0000E+00	7.8015E-01
3.9550E+03	0.0000E+00	0.0000E+00	7.8055E-01
3.9560E+03	0.0000E+00	0.0000E+00	7.7774E-01
3.9570E+03	0.0000E+00	0.0000E+00	7.7455E-01
3.9580E+03	0.0000E+00	0.0000E+00	7.7625E-01
3.9590E+03	0.0000E+00	0.0000E+00	7.7235E-01
3.9600E+03	0.0000E+00	0.0000E+00	7.7215E-01
3.9610E+03	0.0000E+00	0.0000E+00	7.7035E-01
3.9620E+03	0.0000E+00	0.0000E+00	7.7025E-01
3.9630E+03	0.0000E+00	0.0000E+00	7.6935E-01
3.9640E+03	0.0000E+00	0.0000E+00	7.6794E-01
3.9650E+03	0.0000E+00	0.0000E+00	7.6804E-01
3.9660E+03	0.0000E+00	0.0000E+00	7.7055E-01
3.9670E+03	0.0000E+00	0.0000E+00	7.6974E-01
3.9680E+03	0.0000E+00	0.0000E+00	7.7064E-01
3.9690E+03	0.0000E+00	0.0000E+00	7.7155E-01
3.9700E+03	0.0000E+00	0.0000E+00	7.7764E-01
3.9710E+03	0.0000E+00	0.0000E+00	7.8025E-01
3.9720E+03	0.0000E+00	0.0000E+00	7.8204E-01
3.9730E+03	0.0000E+00	0.0000E+00	7.8615E-01
3.9740E+03	0.0000E+00	0.0000E+00	7.8594E-01
3.9750E+03	0.0000E+00	0.0000E+00	7.8755E-01
3.9760E+03	0.0000E+00	0.0000E+00	7.9194E-01
3.9770E+03	0.0000E+00	0.0000E+00	7.8794E-01
3.9780E+03	0.0000E+00	0.0000E+00	7.8945E-01
3.9790E+03	0.0000E+00	0.0000E+00	7.8774E-01
3.9800E+03	0.0000E+00	0.0000E+00	7.8615E-01
3.9810E+03	0.0000E+00	0.0000E+00	7.8325E-01
3.9820E+03	0.0000E+00	0.0000E+00	7.7774E-01
3.9830E+03	0.0000E+00	0.0000E+00	7.7655E-01
3.9840E+03	0.0000E+00	0.0000E+00	7.7315E-01
3.9850E+03	0.0000E+00	0.0000E+00	7.7115E-01
3.9860E+03	0.0000E+00	0.0000E+00	7.7294E-01
3.9870E+03	0.0000E+00	0.0000E+00	7.7235E-01
3.9880E+03	0.0000E+00	0.0000E+00	7.7945E-01
3.9890E+03	0.0000E+00	0.0000E+00	7.8425E-01
3.9900E+03	0.0000E+00	0.0000E+00	7.8994E-01
3.9910E+03	0.0000E+00	0.0000E+00	7.9404E-01
3.9920E+03	0.0000E+00	0.0000E+00	7.9755E-01
3.9930E+03	0.0000E+00	0.0000E+00	7.9674E-01
3.9940E+03	0.0000E+00	0.0000E+00	8.0055E-01
3.9950E+03	0.0000E+00	0.0000E+00	8.0325E-01
3.9960E+03	0.0000E+00	0.0000E+00	8.0464E-01
3.9970E+03	0.0000E+00	0.0000E+00	8.0435E-01
3.9980E+03	0.0000E+00	0.0000E+00	8.0635E-01
3.9990E+03	0.0000E+00	0.0000E+00	8.0604E-01
4.0000E+03	0.0000E+00	0.0000E+00	8.0374E-01
4.0010E+03	0.0000E+00	0.0000E+00	8.0704E-01
4.0020E+03	0.0000E+00	0.0000E+00	8.0374E-01
4.0030E+03	0.0000E+00	0.0000E+00	8.0325E-01
4.0040E+03	0.0000E+00	0.0000E+00	8.0364E-01
4.0050E+03	0.0000E+00	0.0000E+00	7.9574E-01
4.0060E+03	0.0000E+00	0.0000E+00	7.8784E-01
4.0070E+03	0.0000E+00	0.0000E+00	7.7855E-01
4.0080E+03	0.0000E+00	0.0000E+00	7.7794E-01
4.0090E+03	0.0000E+00	0.0000E+00	7.7394E-01
4.0100E+03	0.0000E+00	0.0000E+00	7.7174E-01
4.0110E+03	0.0000E+00	0.0000E+00	7.6974E-01
4.0120E+03	0.0000E+00	0.0000E+00	7.7184E-01
4.0130E+03	0.0000E+00	0.0000E+00	7.7125E-01
4.0140E+03	0.0000E+00	0.0000E+00	7.7045E-01
4.0150E+03	0.0000E+00	0.0000E+00	7.7174E-01
4.0160E+03	0.0000E+00	0.0000E+00	7.7545E-01
4.0170E+03	0.0000E+00	0.0000E+00	7.7945E-01
4.0180E+03	0.0000E+00	0.0000E+00	7.8684E-01
4.0190E+03	0.0000E+00	0.0000E+00	7.9215E-01
4.0200E+03	0.0000E+00	0.0000E+00	7.9364E-01
4.0210E+03	0.0000E+00	0.0000E+00	7.9335E-01
4.0220E+03	0.0000E+00	0.0000E+00	7.9404E-01
4.0230E+03	0.0000E+00	0.0000E+00	7.9284E-01
4.0240E+03	0.0000E+00	0.0000E+00	7.9584E-01
4.0250E+03	0.0000E+00	0.0000E+00	7.9794E-01
4.0260E+03	0.0000E+00	0.0000E+00	7.9804E-01
4.0270E+03	0.0000E+00	0.0000E+00	7.9674E-01
4.0280E+03	0.0000E+00	0.0000E+00	7.9494E-01
4.0290E+03	0.0000E+00	0.0000E+00	7.9804E-01
4.0300E+03	0.0000E+00	0.0000E+00	7.9304E-01
4.0310E+03	0.0000E+00	0.0000E+00	7.8945E-01
4.0320E+03	0.0000E+00	0.0000E+00	7.8584E-01
4.0330E+03	0.0000E+00	0.0000E+00	7.8315E-01
4.0340E+03	0.0000E+00	0.0000E+00	7.8225E-01
4.0350E+03	0.0000E+00	0.0000E+00	7.9045E-01
4.0360E+03	0.0000E+00	0.0000E+00	8.0284E-01
4.0370E+03	0.0000E+00	0.0000E+00	8.1345E-01
4.0380E+03	0.0000E+00	0.0000E+00	8.1684E-01
4.0390E+03	0.0000E+00	0.0000E+00	8.2494E-01
4.0400E+03	0.0000E+00	0.0000E+00	8.2874E-01
4.0410E+03	0.0000E+00	0.0000E+00	8.3204E-01
4.0420E+03	0.0000E+00	0.0000E+00	8.3715E-01
4.0430E+03	0.0000E+00	0.0000E+00	8.3855E-01
4.0440E+03	0.0000E+00	0.0000E+00	8.3494E-01
4.0450E+03	0.0000E+00	0.0000E+00	8.3325E-01
4.0460E+03	0.0000E+00	0.0000E+00	8.3115E-01
4.0470E+03	0.0000E+00	0.0000E+00	8.3384E-01
4.0480E+03	0.0000E+00	0.0000E+00	8.3325E-01
4.0490E+03	0.0000E+00	0.0000E+00	8.3164E-01
4.0500E+03	0.0000E+00	0.0000E+00	8.3145E-01
4.0510E+03	0.0000E+00	0.0000E+00	8.3345E-01
4.0520E+03	0.0000E+00	0.0000E+00	8.3355E-01
4.0530E+03	0.0000E+00	0.0000E+00	8.2815E-01
4.0540E+03	0.0000E+00	0.0000E+00	8.2545E-01
4.0550E+03	0.0000E+00	0.0000E+00	8.2204E-01
4.0560E+03	0.0000E+00	0.0000E+00	8.2145E-01
4.0570E+03	0.0000E+00	0.0000E+00	8.2004E-01
4.0580E+03	0.0000E+00	0.0000E+00	8.2155E-01
4.0590E+03	0.0000E+00	0.0000E+00	8.2374E-01
4.0600E+03	0.0000E+00	0.0000E+00	8.2894E-01
4.0610E+03	0.0000E+00	0.0000E+00	8.3245E-01
4.0620E+03	0.0000E+00	0.0000E+00	8.3004E-01
4.0630E+03	0.0000E+00	0.0000E+00	8.3074E-01
4.0640E+03	0.0000E+00	0.0000E+00	8.3245E-01
4.0650E+03	0.0000E+00	0.0000E+00	8.3164E-01
4.0660E+03	0.0000E+00	0.0000E+00	8.3604E-01
4.0670E+03	0.0000E+00	0.0000E+00	8.3594E-01
4.0680E+03	0.0000E+00	0.0000E+00	8.3635E-01
4.0690E+03	0.0000E+00	0.0000E+00	8.4194E-01
4.0700E+03	0.0000E+00	0.0000E+00	8.3374E-01
4.0710E+03	0.0000E+00	0.0000E+00	8.3215E-01
4.0720E+03	0.0000E+00	0.0000E+00	8.3564E-01
4.0730E+03	0.0000E+00	0.0000E+00	8.3655E-01
4.0740E+03	0.0000E+00	0.0000E+00	8.3325E-01
4.0750E+03	0.0000E+00	0.0000E+00	8.3504E-01
4.0760E+03	0.0000E+00	0.0000E+00	8.3594E-01
4.0770E+03	0.0000E+00	0.0000E+00	8.3164E-01
4.0780E+03	0.0000E+00	0.0000E+00	8.3055E-01
4.0790E+03	0.0000E+00	0.0000E+00	8.2684E-01
4.0800E+03	0.0000E+00	0.0000E+00	8.2784E-01
4.0810E+03	0.0000E+00	0.0000E+00	8.2204E-01
4.0820E+03	0.0000E+00	0.0000E+00	8.2745E-01
4.0830E+03	0.0000E+00	0.0000E+00	8.2904E-01
4.0840E+03	0.0000E+00	0.0000E+00	8.3355E-01
4.0850E+03	0.0000E+00	0.0000E+00	8.3504E-01
4.0860E+03	0.0000E+00	0.0000E+00	8.3815E-01
4.0870E+03	0.0000E+00	0.0000E+00	8.3804E-01
4.0880E+03	0.0000E+00	0.0000E+00	8.3604E-01
4.0890E+03	0.0000E+00	0.0000E+00	8.3455E-01
4.0900E+03	0.0000E+00	0.0000E+00	8.3525E-01
4.0910E+03	0.0000E+00	0.0000E+00	8.4004E-01
4.0920E+03	0.0000E+00	0.0000E+00	8.3935E-01
4.0930E+03	0.0000E+00	0.0000E+00	8.4035E-01
4.0940E+03	0.0000E+00	0.0000E+00	8.3974E-01
4.0950E+03	0.0000E+00	0.0000E+00	8.3864E-01
4.0960E+03	0.0000E+00	0.0000E+00	8.4245E-01
4.0970E+03	0.0000E+00	0.0000E+00	8.4374E-01
4.0980E+03	0.0000E+00	0.0000E+00	8.5174E-01
4.0990E+03	0.0000E+00	0.0000E+00	8.5445E-01
4.1000E+03	0.0000E+00	0.0000E+00	8.5545E-01
4.1010E+03	0.0000E+00	0.0000E+00	8.5515E-01
4.1020E+03	0.0000E+00	0.0000E+00	8.5694E-01
4.1030E+03	0.0000E+00	0.0000E+00	8.6284E-01
4.1040E+03	0.0000E+00	0.0000E+00	8.6515E-01
4.1050E+03	0.0000E+00	0.0000E+00	8.6884E-01
4.1060E+03	0.0000E+00	0.0000E+00	8.7225E-01
4.1070E+03	0.0000E+00	0.0000E+00	8.7174E-01
4.1080E+03	0.0000E+00	0.0000E+00	8.7464E-01
4.1090E+03	0.0000E+00	0.0000E+00	8.7735E-01
4.1100E+03	0.0000E+00	0.0000E+00	8.8045E-01
4.1110E+03	0.0000E+00	0.0000E+00	8.8015E-01
4.1120E+03	0.0000E+00	0.0000E+00	8.8404E-01
4.1130E+03	0.0000E+00	0.0000E+00	8.8494E-01
4.1140E+03	0.0000E+00	0.0000E+00	8.8864E-01
4.1150E+03	0.0000E+00	0.0000E+00	8.8674E-01
4.1160E+03	0.0000E+00	0.0000E+00	8.9104E-01
4.1170E+03	0.0000E+00	0.0000E+00	8.9125E-01
4.1180E+03	0.0000E+00	0.0000E+00	8.9094E-01
4.1190E+03	0.0000E+00	0.0000E+00	8.8964E-01
4.1200E+03	0.0000E+00	0.0000E+00	8.8845E-01
4.1210E+03	0.0000E+00	0.0000E+00	8.8245E-01
4.1220E+03	0.0000E+00	0.0000E+00	8.8335E-01
4.1230E+03	0.0000E+00	0.0000E+00	8.8315E-01
4.1240E+03	0.0000E+00	0.0000E+00	8.8084E-01
4.1250E+03	0.0000E+00	0.0000E+00	8.7704E-01
4.1260E+03	0.0000E+00	0.0000E+00	8.7294E-01
4.1270E+03	0.0000E+00	0.0000E+00	8.7435E-01
4.1280E+03	0.0000E+00	0.0000E+00	8.7425E-01
4.1290E+03	0.0000E+00	0.0000E+00	8.7374E-01
4.1300E+03	0.0000E+00	0.0000E+00	8.7235E-01
4.1310E+03	0.0000E+00	0.0000E+00	8.7215E-01
4.1320E+03	0.0000E+00	0.0000E+00	8.7184E-01
4.1330E+03	0.0000E+00	0.0000E+00	8.7115E-01
4.1340E+03	0.0000E+00	0.0000E+00	8.6974E-01
4.1350E+03	0.0000E+00	0.0000E+00	8.7045E-01
4.1360E+03	0.0000E+00	0.0000E+00	8.6825E-01
4.1370E+03	0.0000E+00	0.0000E+00	8.6594E-01
4.1380E+03	0.0000E+00	0.0000E+00	8.6815E-01
4.1390E+03	0.0000E+00	0.0000E+00	8.6915E-01
4.1400E+03	0.0000E+00	0.0000E+00	8.6964E-01
4.1410E+03	0.0000E+00	0.0000E+00	8.7084E-01
4.1420E+03	0.0000E+00	0.0000E+00	8.7094E-01
4.1430E+03	0.0000E+00	0.0000E+00	8.6955E-01
4.1440E+03	0.0000E+00	0.0000E+00	8.7104E-01
4.1450E+03	0.0000E+00	0.0000E+00	8.6555E-01
4.1460E+03	0.0000E+00	0.0000E+00	8.7045E-01
4.1470E+03	0.0000E+00	0.0000E+00	8.7384E-01
4.1480E+03	0.0000E+00	0.0000E+00	8.7115E-01
4.1490E+03	0.0000E+00	0.0000E+00	8.6735E-01
4.1500E+03	0.0000E+00	0.0000E+00	8.6425E-01
4.1510E+03	0.0000E+00	0.0000E+00	8.6004E-01
4.1520E+03	0.0000E+00	0.0000E+00	8.6155E-01
4.1530E+03	0.0000E+00	0.0000E+00	8.6255E-01
4.1540E+03	0.0000E+00	0.0000E+00	8.6404E-01
4.1550E+03	0.0000E+00	0.0000E+00	8.6394E-01
4.1560E+03	0.0000E+00	0.0000E+00	8.6525E-01
4.1570E+03	0.0000E+00	0.0000E+00	8.6584E-01
4.1580E+03	0.0000E+00	0.0000E+00	8.6325E-01
4.1590E+03	0.0000E+00	0.0000E+00	8.6264E-01
4.1600E+03	0.0000E+00	0.0000E+00	8.6235E-01
4.1610E+03	0.0000E+00	0.0000E+00	8.6045E-01
4.1620E+03	0.0000E+00	0.0000E+00	8.5955E-01
4.1630E+03	0.0000E+00	0.0000E+00	8.6325E-01
4.1640E+03	0.0000E+00	0.0000E+00	8.6545E-01
4.1650E+03	0.0000E+00	0.0000E+00	8.6535E-01
4.1660E+03	0.0000E+00	0.0000E+00	8.6374E-01
4.1670E+03	0.0000E+00	0.0000E+00	8.6284E-01
4.1680E+03	0.0000E+00	0.0000E+00	8.6225E-01
4.1690E+03	0.0000E+00	0.0000E+00	8.6355E-01
4.1700E+03	0.0000E+00	0.0000E+00	8.6435E-01
4.1710E+03	0.0000E+00	0.0000E+00	8.6704E-01
4.1720E+03	0.0000E+00	0.0000E+00	8.6535E-01
4.1730E+03	0.0000E+00	0.0000E+00	8.6194E-01
4.1740E+03	0.0000E+00	0.0000E+00	8.5904E-01
4.1750E+03	0.0000E+00	0.0000E+00	8.5804E-01
4.1760E+03	0.0000E+00	0.0000E+00	8.5604E-01
4.1770E+03	0.0000E+00	0.0000E+00	8.5374E-01
4.1780E+03	0.0000E+00	0.0000E+00	8.5474E-01
4.1790E+03	0.0000E+00	0.0000E+00	8.5984E-01
4.1800E+03	0.0000E+00	0.0000E+00	8.5655E-01
4.1810E+03	0.0000E+00	0.0000E+00	8.5945E-01
4.1820E+03	0.0000E+00	0.0000E+00	8.5915E-01
4.1830E+03	0.0000E+00	0.0000E+00	8.5884E-01
4.1840E+03	0.0000E+00	0.0000E+00	8.5794E-01
4.1850E+03	0.0000E+00	0.0000E+00	8.5655E-01
4.1860E+03	0.0000E+00	0.0000E+00	8.5804E-01
4.1870E+03	0.0000E+00	0.0000E+00	8.6164E-01
4.1880E+03	0.0000E+00	0.0000E+00	8.6274E-01
4.1890E+03	0.0000E+00	0.0000E+00	8.6425E-01
4.1900E+03	0.0000E+00	0.0000E+00	8.6045E-01
4.1910E+03	0.0000E+00	0.0000E+00	8.6025E-01
4.1920E+03	0.0000E+00	0.0000E+00	8.6145E-01
4.1930E+03	0.0000E+00	0.0000E+00	8.6135E-01
4.1940E+03	0.0000E+00	0.0000E+00	8.6104E-01
4.1950E+03	0.0000E+00	0.0000E+00	8.6535E-01
4.1960E+03	0.0000E+00	0.0000E+00	8.6284E-01
4.1970E+03	0.0000E+00	0.0000E+00	8.6045E-01
4.1980E+03	0.0000E+00	0.0000E+00	8.5684E-01
4.1990E+03	0.0000E+00	0.0000E+00	8.5355E-01
4.2000E+03	0.0000E+00	0.0000E+00	8.5655E-01
4.2010E+03	0.0000E+00	0.0000E+00	8.5964E-01
4.2020E+03	0.0000E+00	0.0000E+00	8.5864E-01
4.2030E+03	0.0000E+00	0.0000E+00	8.6155E-01
4.2040E+03	0.0000E+00	0.0000E+00	8.5994E-01
4.2050E+03	0.0000E+00	0.0000E+00	8.5935E-01
4.2060E+03	0.0000E+00	0.0000E+00	8.6094E-01
4.2070E+03	0.0000E+00	0.0000E+00	8.6074E-01
4.2080E+03	0.0000E+00	0.0000E+00	8.6174E-01
4.2090E+03	0.0000E+00	0.0000E+00	8.6104E-01
4.2100E+03	0.0000E+00	0.0000E+00	8.6064E-01
4.2110E+03	0.0000E+00	0.0000E+00	8.6004E-01
4.2120E+03	0.0000E+00	0.0000E+00	8.6115E-01
4.2130E+03	0.0000E+00	0.0000E+00	8.6084E-01
4.2140E+03	0.0000E+00	0.0000E+00	8.6564E-01
4.2150E+03	0.0000E+00	0.0000E+00	8.6374E-01
4.2160E+03	0.0000E+00	0.0000E+00	8.6325E-01
4.2170E+03	0.0000E+00	0.0000E+00	8.6494E-01
4.2180E+03	0.0000E+00	0.0000E+00	8.6684E-01
4.2190E+03	0.0000E+00	0.0000E+00	8.6504E-01
4.2200E+03	0.0000E+00	0.0000E+00	8.6494E-01
4.2210E+03	0.0000E+00	0.0000E+00	8.6225E-01
4.2220E+03	0.0000E+00	0.0000E+00	8.6464E-01
4.2230E+03	0.0000E+00	0.0000E+00	8.6255E-01
4.2240E+03	0.0000E+00	0.0000E+00	8.6225E-01
4.2250E+03	0.0000E+00	0.0000E+00	8.6284E-01
4.2260E+03	0.0000E+00	0.0000E+00	8.6574E-01
4.2270E+03	0.0000E+00	0.0000E+00	8.6555E-01
4.2280E+03	0.0000E+00	0.0000E+00	8.6425E-01
4.2290E+03	0.0000E+00	0.0000E+00	8.6384E-01
4.2300E+03	0.0000E+00	0.0000E+00	8.6535E-01
4.2310E+03	0.0000E+00	0.0000E+00	8.6525E-01
4.2320E+03	0.0000E+00	0.0000E+00	8.6394E-01
4.2330E+03	0.0000E+00	0.0000E+00	8.6355E-01
4.2340E+03	0.0000E+00	0.0000E+00	8.6635E-01
4.2350E+03	0.0000E+00	0.0000E+00	8.6455E-01
4.2360E+03	0.0000E+00	0.0000E+00	8.6725E-01
4.2370E+03	0.0000E+00	0.0000E+00	8.6855E-01
4.2380E+03	0.0000E+00	0.0000E+00	8.6704E-01
4.2390E+03	0.0000E+00	0.0000E+00	8.6645E-01
4.2400E+03	0.0000E+00	0.0000E+00	8.6415E-01
4.2410E+03	0.0000E+00	0.0000E+00	8.6635E-01
4.2420E+03	0.0000E+00	0.0000E+00	8.6494E-01
4.2430E+03	0.0000E+00	0.0000E+00	8.6815E-01
4.2440E+03	0.0000E+00	0.0000E+00	8.6384E-01
4.2450E+03	0.0000E+00	0.0000E+00	8.5964E-01
4.2460E+03	0.0000E+00	0.0000E+00	8.5784E-01
4.2470E+03	0.0000E+00	0.0000E+00	8.5625E-01
4.2480E+03	0.0000E+00	0.0000E+00	8.5574E-01
4.2490E+03	0.0000E+00	0.0000E+00	8.5625E-01
4.2500E+03	0.0000E+00	0.0000E+00	8.5804E-01
4.2510E+03	0.0000E+00	0.0000E+00	8.5935E-01
4.2520E+03	0.0000E+00	0.0000E+00	8.5835E-01
4.2530E+03	0.0000E+00	0.0000E+00	8.5894E-01
4.2540E+03	0.0000E+00	0.0000E+00	8.5684E-01
4.2550E+03	0.0000E+00	0.0000E+00	8.5974E-01
4.2560E+03	0.0000E+00	0.0000E+00	8.5894E-01
4.2570E+03	0.0000E+00	0.0000E+00	8.5425E-01
4.2580E+03	0.0000E+00	0.0000E+00	8.6074E-01
4.2590E+03	0.0000E+00	0.0000E+00	8.6215E-01
4.2600E+03	0.0000E+00	0.0000E+00	8.6604E-01
4.2610E+03	0.0000E+00	0.0000E+00	8.6194E-01
4.2620E+03	0.0000E+00	0.0000E+00	8.6194E-01
4.2630E+03	0.0000E+00	0.0000E+00	8.6064E-01
4.2640E+03	0.0000E+00	0.0000E+00	8.6274E-01
4.2650E+03	0.0000E+00	0.0000E+00	8.6315E-01
4.2660E+03	0.0000E+00	0.0000E+00	8.6525E-01
4.2670E+03	0.0000E+00	0.0000E+00	8.6674E-01
4.2680E+03	0.0000E+00	0.0000E+00	8.6855E-01
4.2690E+03	0.0000E+00	0.0000E+00	8.6374E-01
4.2700E+03	0.0000E+00	0.0000E+00	8.6435E-01
4.2710E+03	0.0000E+00	0.0000E+00	8.6145E-01
4.2720E+03	0.0000E+00	0.0000E+00	8.6074E-01
4.2730E+03	0.0000E+00	0.0000E+00	8.6064E-01
4.2740E+03	0.0000E+00	0.0000E+00	8.6145E-01
4.2750E+03	0.0000E+00	0.0000E+00	8.5894E-01
4.2760E+03	0.0000E+00	0.0000E+00	8.5984E-01
4.2770E+03	0.0000E+00	0.0000E+00	8.6045E-01
4.2780E+03	0.0000E+00	0.0000E+00	8.5964E-01
4.2790E+03	0.0000E+00	0.0000E+00	8.5945E-01
4.2800E+03	0.0000E+00	0.0000E+00	8.5855E-01
4.2810E+03	0.0000E+00	0.0000E+00	8.6045E-01
4.2820E+03	0.0000E+00	0.0000E+00	8.6384E-01
4.2830E+03	0.0000E+00	0.0000E+00	8.6804E-01
4.2840E+03	0.0000E+00	0.0000E+00	8.6745E-01
4.2850E+03	0.0000E+00	0.0000E+00	8.6735E-01
4.2860E+03	0.0000E+00	0.0000E+00	8.6884E-01
4.2870E+03	0.0000E+00	0.0000E+00	8.6555E-01
4.2880E+03	0.0000E+00	0.0000E+00	8.6574E-01
4.2890E+03	0.0000E+00	0.0000E+00	8.6494E-01
4.2900E+03	0.0000E+00	0.0000E+00	8.6835E-01
4.2910E+03	0.0000E+00	0.0000E+00	8.6584E-01
4.2920E+03	0.0000E+00	0.0000E+00	8.6264E-01
4.2930E+03	0.0000E+00	0.0000E+00	8.6245E-01
4.2940E+03	0.0000E+00	0.0000E+00	8.5935E-01
4.2950E+03	0.0000E+00	0.0000E+00	8.5464E-01
4.2960E+03	0.0000E+00	0.0000E+00	8.5555E-01
4.2970E+03	0.0000E+00	0.0000E+00	8.5774E-01
4.2980E+03	0.0000E+00	0.0000E+00	8.6294E-01
4.2990E+03	0.0000E+00	0.0000E+00	8.6355E-01
4.3000E+03	0.0000E+00	0.0000E+00	8.6135E-01
4.3010E+03	0.0000E+00	0.0000E+00	8.6245E-01
4.3020E+03	0.0000E+00	0.0000E+00	8.6074E-01
4.3030E+03	0.0000E+00	0.0000E+00	8.6145E-01
4.3040E+03	0.0000E+00	0.0000E+00	8.6035E-01
4.3050E+03	0.0000E+00	0.0000E+00	8.6145E-01
4.3060E+03	0.0000E+00	0.0000E+00	8.6584E-01
4.3070E+03	0.0000E+00	0.0000E+00	8.6674E-01
4.3080E+03	0.0000E+00	0.0000E+00	8.6894E-01
4.3090E+03	0.0000E+00	0.0000E+00	8.6755E-01
4.3100E+03	0.0000E+00	0.0000E+00	8.6494E-01
4.3110E+03	0.0000E+00	0.0000E+00	8.6874E-01
4.3120E+03	0.0000E+00	0.0000E+00	8.6804E-01
4.3130E+03	0.0000E+00	0.0000E+00	8.6935E-01
4.3140E+03	0.0000E+00	0.0000E+00	8.7074E-01
4.3150E+03	0.0000E+00	0.0000E+00	8.7174E-01
4.3160E+03	0.0000E+00	0.0000E+00	8.7125E-01
4.3170E+03	0.0000E+00	0.0000E+00	8.7155E-01
4.3180E+03	0.0000E+00	0.0000E+00	8.6774E-01
4.3190E+03	0.0000E+00	0.0000E+00	8.6545E-01
4.3200E+03	0.0000E+00	0.0000E+00	8.6645E-01
4.3210E+03	0.0000E+00	0.0000E+00	8.6894E-01
4.3220E+03	0.0000E+00	0.0000E+00	8.6655E-01
4.3230E+03	0.0000E+00	0.0000E+00	8.6525E-01
4.3240E+03	0.0000E+00	0.0000E+00	8.6364E-01
4.3250E+03	0.0000E+00	0.0000E+00	8.6515E-01
4.3260E+03	0.0000E+00	0.0000E+00	8.6484E-01
4.3270E+03	0.0000E+00	0.0000E+00	8.6135E-01
4.3280E+03	0.0000E+00	0.0000E+00	8.6004E-01
4.3290E+03	0.0000E+00	0.0000E+00	8.6084E-01
4.3300E+03	0.0000E+00	0.0000E+00	8.6155E-01
4.3310E+03	0.0000E+00	0.0000E+00	8.6325E-01
4.3320E+03	0.0000E+00	0.0000E+00	8.6164E-01
4.3330E+03	0.0000E+00	0.0000E+00	8.6345E-01
4.3340E+03	0.0000E+00	0.0000E+00	8.6204E-01
4.3350E+03	0.0000E+00	0.0000E+00	8.6115E-01
4.3360E+03	0.0000E+00	0.0000E+00	8.6455E-01
4.3370E+03	0.0000E+00	0.0000E+00	8.6104E-01
4.3380E+03	0.0000E+00	0.0000E+00	8.6394E-01
4.3390E+03	0.0000E+00	0.0000E+00	8.6564E-01
4.3400E+03	0.0000E+00	0.0000E+00	8.6545E-01
4.3410E+03	0.0000E+00	0.0000E+00	8.6464E-01
4.3420E+03	0.0000E+00	0.0000E+00	8.6474E-01
4.3430E+03	0.0000E+00	0.0000E+00	8.6104E-01
4.3440E+03	0.0000E+00	0.0000E+00	8.5864E-01
4.3450E+03	0.0000E+00	0.0000E+00	8.6125E-01
4.3460E+03	0.0000E+00	0.0000E+00	8.6135E-01
4.3470E+03	0.0000E+00	0.0000E+00	8.6294E-01
4.3480E+03	0.0000E+00	0.0000E+00	8.6315E-01
4.3490E+03	0.0000E+00	0.0000E+00	8.6204E-01
4.3500E+03	0.0000E+00	0.0000E+00	8.6164E-01
4.3510E+03	0.0000E+00	0.0000E+00	8.6325E-01
4.3520E+03	0.0000E+00	0.0000E+00	8.5994E-01
4.3530E+03	0.0000E+00	0.0000E+00	8.6035E-01
4.3540E+03	0.0000E+00	0.0000E+00	8.6115E-01
4.3550E+03	0.0000E+00	0.0000E+00	8.6374E-01
4.3560E+03	0.0000E+00	0.0000E+00	8.6745E-01
4.3570E+03	0.0000E+00	0.0000E+00	8.6374E-01
4.3580E+03	0.0000E+00	0.0000E+00	8.6884E-01
4.3590E+03	0.0000E+00	0.0000E+00	8.6355E-01
4.3600E+03	0.0000E+00	0.0000E+00	8.6235E-01
4.3610E+03	0.0000E+00	0.0000E+00	8.6474E-01
4.3620E+03	0.0000E+00	0.0000E+00	8.6445E-01
4.3630E+03	0.0000E+00	0.0000E+00	8.6335E-01
4.3640E+03	0.0000E+00	0.0000E+00	8.6525E-01
4.3650E+03	0.0000E+00	0.0000E+00	8.6355E-01
4.3660E+03	0.0000E+00	0.0000E+00	8.3774E-01
4.3670E+03	0.0000E+00	0.0000E+00	8.3735E-01
4.3680E+03	0.0000E+00	0.0000E+00	8.3364E-01
4.3690E+03	0.0000E+00	0.0000E+00	8.2904E-01
4.3700E+03	0.0000E+00	0.0000E+00	8.3045E-01
4.3710E+03	0.0000E+00	0.0000E+00	8.3204E-01
4.3720E+03	0.0000E+00	0.0000E+00	8.3574E-01
4.3730E+03	0.0000E+00	0.0000E+00	8.3645E-01
4.3740E+03	0.0000E+00	0.0000E+00	8.3794E-01
4.3750E+03	0.0000E+00	0.0000E+00	8.3835E-01
4.3760E+03	0.0000E+00	0.0000E+00	8.4074E-01
4.3770E+03	0.0000E+00	0.0000E+00	8.3655E-01
4.3780E+03	0.0000E+00	0.0000E+00	8.3815E-01
4.3790E+03	0.0000E+00	0.0000E+00	8.3645E-01
4.3800E+03	0.0000E+00	0.0000E+00	8.3855E-01
4.3810E+03	0.0000E+00	0.0000E+00	8.3864E-01
4.3820E+03	0.0000E+00	0.0000E+00	8.4155E-01
4.3830E+03	0.0000E+00	0.0000E+00	8.6564E-01
4.3840E+03	0.0000E+00	0.0000E+00	8.6174E-01
4.3850E+03	0.0000E+00	0.0000E+00	8.4864E-01
4.3860E+03	0.0000E+00	0.0000E+00	8.4974E-01
4.3870E+03	0.0000E+00	0.0000E+00	8.4884E-01
4.3880E+03	0.0000E+00	0.0000E+00	8.5045E-01
4.3890E+03	0.0000E+00	0.0000E+00	8.5084E-01
4.3900E+03	0.0000E+00	0.0000E+00	8.4725E-01
4.3910E+03	0.0000E+00	0.0000E+00	8.4684E-01
4.3920E+03	0.0000E+00	0.0000E+00	8.4825E-01
4.3930E+03	0.0000E+00	0.0000E+00	8.5094E-01
4.3940E+03	0.0000E+00	0.0000E+00	8.5284E-01
4.3950E+03	0.0000E+00	0.0000E+00	8.5045E-01
4.3960E+03	0.0000E+00	0.0000E+00	8.5235E-01
4.3970E+03	0.0000E+00	0.0000E+00	8.5025E-01
4.3980E+03	0.0000E+00	0.0000E+00	8.4835E-01
4.3990E+03	0.0000E+00	0.0000E+00	8.4774E-01
4.4000E+03	0.0000E+00	0.0000E+00	8.4904E-01
4.4010E+03	0.0000E+00	0.0000E+00	8.4915E-01
4.4020E+03	0.0000E+00	0.0000E+00	8.4974E-01
4.4030E+03	0.0000E+00	0.0000E+00	8.5425E-01
4.4040E+03	0.0000E+00	0.0000E+00	8.5694E-01
4.4050E+03	0.0000E+00	0.0000E+00	8.5715E-01
4.4060E+03	0.0000E+00	0.0000E+00	8.5764E-01
4.4070E+03	0.0000E+00	0.0000E+00	8.6084E-01
4.4080E+03	0.0000E+00	0.0000E+00	8.6255E-01
4.4090E+03	0.0000E+00	0.0000E+00	8.6355E-01
4.4100E+03	0.0000E+00	0.0000E+00	8.6925E-01
4.4110E+03	0.0000E+00	0.0000E+00	8.7055E-01
4.4120E+03	0.0000E+00	0.0000E+00	8.7755E-01
4.4130E+03	0.0000E+00	0.0000E+00	8.8145E-01
4.4140E+03	0.0000E+00	0.0000E+00	8.8484E-01
4.4150E+03	0.0000E+00	0.0000E+00	8.8825E-01
4.4160E+03	0.0000E+00	0.0000E+00	9.0055E-01
4.4170E+03	0.0000E+00	0.0000E+00	9.2215E-01
4.4180E+03	0.0000E+00	0.0000E+00	9.2874E-01
4.4190E+03	0.0000E+00	0.0000E+00	9.3604E-01
4.4200E+03	0.0000E+00	0.0000E+00	9.3874E-01
4.4210E+03	0.0000E+00	0.0000E+00	9.3604E-01
4.4220E+03	0.0000E+00	0.0000E+00	9.3174E-01
4.4230E+03	0.0000E+00	0.0000E+00	9.3194E-01
4.4240E+03	0.0000E+00	0.0000E+00	9.2915E-01
4.4250E+03	0.0000E+00	0.0000E+00	9.2815E-01
4.4260E+03	0.0000E+00	0.0000E+00	9.2784E-01
4.4270E+03	0.0000E+00	0.0000E+00	9.2884E-01
4.4280E+03	0.0000E+00	0.0000E+00	9.3415E-01
4.4290E+03	0.0000E+00	0.0000E+00	1.1046E+00
4.4300E+03	0.0000E+00	0.0000E+00	9.7355E-01
4.4310E+03	0.0000E+00	0.0000E+00	9.9445E-01
4.4320E+03	0.0000E+00	0.0000E+00	9.9674E-01
4.4330E+03	0.0000E+00	0.0000E+00	1.0148E+00
4.4340E+03	0.0000E+00	0.0000E+00	1.0426E+00
4.4350E+03	0.0000E+00	0.0000E+00	1.0526E+00
4.4360E+03	0.0000E+00	0.0000E+00	1.0546E+00
4.4370E+03	0.0000E+00	0.0000E+00	1.0486E+00
4.4380E+03	0.0000E+00	0.0000E+00	1.0376E+00
4.4390E+03	0.0000E+00	0.0000E+00	1.0276E+00
4.4400E+03	0.0000E+00	0.0000E+00	1.0176E+00
4.4410E+03	0.0000E+00	0.0000E+00	1.0064E+00
4.4420E+03	0.0000E+00	0.0000E+00	9.9884E-01
4.4430E+03	0.0000E+00	0.0000E+00	9.9325E-01
4.4440E+03	0.0000E+00	0.0000E+00	9.8725E-01
4.4450E+03	0.0000E+00	0.0000E+00	9.8125E-01
4.4460E+03	0.0000E+00	0.0000E+00	9.7474E-01
4.4470E+03	0.0000E+00	0.0000E+00	9.7115E-01
4.4480E+03	0.0000E+00	0.0000E+00	9.6855E-01
4.4490E+03	0.0000E+00	0.0000E+00	9.6184E-01
4.4500E+03	0.0000E+00	0.0000E+00	9.5835E-01
4.4510E+03	0.0000E+00	0.0000E+00	9.5625E-01
4.4520E+03	0.0000E+00	0.0000E+00	9.5574E-01
4.4530E+03	0.0000E+00	0.0000E+00	9.5325E-01
4.4540E+03	0.0000E+00	0.0000E+00	9.5374E-01
4.4550E+03	0.0000E+00	0.0000E+00	9.4604E-01
4.4560E+03	0.0000E+00	0.0000E+00	9.4584E-01
4.4570E+03	0.0000E+00	0.0000E+00	9.4525E-01
4.4580E+03	0.0000E+00	0.0000E+00	9.4215E-01
4.4590E+03	0.0000E+00	0.0000E+00	9.4294E-01
4.4600E+03	0.0000E+00	0.0000E+00	9.4274E-01
4.4610E+03	0.0000E+00	0.0000E+00	9.4064E-01
4.4620E+03	0.0000E+00	0.0000E+00	9.3674E-01
4.4630E+03	0.0000E+00	0.0000E+00	9.3545E-01
4.4640E+03	0.0000E+00	0.0000E+00	9.3135E-01
4.4650E+03	0.0000E+00	0.0000E+00	9.3074E-01
4.4660E+03	0.0000E+00	0.0000E+00	9.3025E-01
4.4670E+03	0.0000E+00	0.0000E+00	9.2825E-01
4.4680E+03	0.0000E+00	0.0000E+00	9.2784E-01
4.4690E+03	0.0000E+00	0.0000E+00	9.2694E-01
4.4700E+03	0.0000E+00	0.0000E+00	9.2655E-01
4.4710E+03	0.0000E+00	0.0000E+00	9.2545E-01
4.4720E+03	0.0000E+00	0.0000E+00	9.2145E-01
4.4730E+03	0.0000E+00	0.0000E+00	9.2284E-01
4.4740E+03	0.0000E+00	0.0000E+00	9.2145E-01
4.4750E+03	0.0000E+00	0.0000E+00	9.2155E-01
4.4760E+03	0.0000E+00	0.0000E+00	9.1935E-01
4.4770E+03	0.0000E+00	0.0000E+00	9.1794E-01
4.4780E+03	0.0000E+00	0.0000E+00	9.1545E-01
4.4790E+03	0.0000E+00	0.0000E+00	9.1515E-01
4.4800E+03	0.0000E+00	0.0000E+00	9.1125E-01
4.4810E+03	0.0000E+00	0.0000E+00	9.1004E-01
4.4820E+03	0.0000E+00	0.0000E+00	9.1055E-01
4.4830E+03	0.0000E+00	0.0000E+00	9.0835E-01
4.4840E+03	0.0000E+00	0.0000E+00	9.0874E-01
4.4850E+03	0.0000E+00	0.0000E+00	9.1125E-01
4.4860E+03	0.0000E+00	0.0000E+00	9.0535E-01
4.4870E+03	0.0000E+00	0.0000E+00	9.0674E-01
4.4880E+03	0.0000E+00	0.0000E+00	9.0494E-01
4.4890E+03	0.0000E+00	0.0000E+00	9.0455E-01
4.4900E+03	0.0000E+00	0.0000E+00	9.0584E-01
4.4910E+03	0.0000E+00	0.0000E+00	9.0264E-01
4.4920E+03	0.0000E+00	0.0000E+00	9.0384E-01
4.4930E+03	0.0000E+00	0.0000E+00	9.0394E-01
4.4940E+03	0.0000E+00	0.0000E+00	9.0374E-01
4.4950E+03	0.0000E+00	0.0000E+00	9.0345E-01
4.4960E+03	0.0000E+00	0.0000E+00	8.9915E-01
4.4970E+03	0.0000E+00	0.0000E+00	9.0174E-01
4.4980E+03	0.0000E+00	0.0000E+00	9.0204E-01
4.4990E+03	0.0000E+00	0.0000E+00	9.0374E-01
4.5000E+03	0.0000E+00	0.0000E+00	9.0104E-01
4.5010E+03	0.0000E+00	0.0000E+00	9.0015E-01
4.5020E+03	0.0000E+00	0.0000E+00	8.9894E-01
4.5030E+03	0.0000E+00	0.0000E+00	8.9774E-01
4.5040E+03	0.0000E+00	0.0000E+00	8.9735E-01
4.5050E+03	0.0000E+00	0.0000E+00	8.9755E-01
4.5060E+03	0.0000E+00	0.0000E+00	8.9555E-01
4.5070E+03	0.0000E+00	0.0000E+00	8.9574E-01
4.5080E+03	0.0000E+00	0.0000E+00	8.9474E-01
4.5090E+03	0.0000E+00	0.0000E+00	8.9284E-01
4.5100E+03	0.0000E+00	0.0000E+00	8.9425E-01
4.5110E+03	0.0000E+00	0.0000E+00	8.9335E-01
4.5120E+03	0.0000E+00	0.0000E+00	8.9345E-01
4.5130E+03	0.0000E+00	0.0000E+00	8.9045E-01
4.5140E+03	0.0000E+00	0.0000E+00	8.9125E-01
4.5150E+03	0.0000E+00	0.0000E+00	8.8974E-01
4.5160E+03	0.0000E+00	0.0000E+00	8.8925E-01
4.5170E+03	0.0000E+00	0.0000E+00	8.9084E-01
4.5180E+03	0.0000E+00	0.0000E+00	8.8974E-01
4.5190E+03	0.0000E+00	0.0000E+00	8.8994E-01
4.5200E+03	0.0000E+00	0.0000E+00	8.8794E-01
4.5210E+03	0.0000E+00	0.0000E+00	8.9635E-01
4.5220E+03	0.0000E+00	0.0000E+00	8.9374E-01
4.5230E+03	0.0000E+00	0.0000E+00	8.9335E-01
4.5240E+03	0.0000E+00	0.0000E+00	8.9435E-01
4.5250E+03	0.0000E+00	0.0000E+00	8.9135E-01
4.5260E+03	0.0000E+00	0.0000E+00	8.9264E-01
4.5270E+03	0.0000E+00	0.0000E+00	8.9404E-01
4.5280E+03	0.0000E+00	0.0000E+00	8.9204E-01
4.5290E+03	0.0000E+00	0.0000E+00	8.9084E-01
4.5300E+03	0.0000E+00	0.0000E+00	8.8804E-01
4.5310E+03	0.0000E+00	0.0000E+00	8.8764E-01
4.5320E+03	0.0000E+00	0.0000E+00	8.8794E-01
4.5330E+03	0.0000E+00	0.0000E+00	8.8735E-01
4.5340E+03	0.0000E+00	0.0000E+00	8.8815E-01
4.5350E+03	0.0000E+00	0.0000E+00	8.8625E-01
4.5360E+03	0.0000E+00	0.0000E+00	8.8555E-01
4.5370E+03	0.0000E+00	0.0000E+00	8.8974E-01
4.5380E+03	0.0000E+00	0.0000E+00	8.8525E-01
4.5390E+03	0.0000E+00	0.0000E+00	8.8655E-01
4.5400E+03	0.0000E+00	0.0000E+00	8.8425E-01
4.5410E+03	0.0000E+00	0.0000E+00	8.8264E-01
4.5420E+03	0.0000E+00	0.0000E+00	8.8274E-01
4.5430E+03	0.0000E+00	0.0000E+00	8.8515E-01
4.5440E+03	0.0000E+00	0.0000E+00	8.8345E-01
4.5450E+03	0.0000E+00	0.0000E+00	8.8494E-01
4.5460E+03	0.0000E+00	0.0000E+00	8.8794E-01
4.5470E+03	0.0000E+00	0.0000E+00	8.8555E-01
4.5480E+03	0.0000E+00	0.0000E+00	8.8455E-01
4.5490E+03	0.0000E+00	0.0000E+00	8.8464E-01
4.5500E+03	0.0000E+00	0.0000E+00	8.8455E-01
4.5510E+03	0.0000E+00	0.0000E+00	8.8374E-01
4.5520E+03	0.0000E+00	0.0000E+00	8.8494E-01
4.5530E+03	0.0000E+00	0.0000E+00	8.8484E-01
4.5540E+03	0.0000E+00	0.0000E+00	8.8464E-01
4.5550E+03	0.0000E+00	0.0000E+00	8.8415E-01
4.5560E+03	0.0000E+00	0.0000E+00	8.8435E-01
4.5570E+03	0.0000E+00	0.0000E+00	8.8425E-01
4.5580E+03	0.0000E+00	0.0000E+00	8.8355E-01
4.5590E+03	0.0000E+00	0.0000E+00	8.8355E-01
4.5600E+03	0.0000E+00	0.0000E+00	8.8135E-01
4.5610E+03	0.0000E+00	0.0000E+00	8.7974E-01
4.5620E+03	0.0000E+00	0.0000E+00	8.8135E-01
4.5630E+03	0.0000E+00	0.0000E+00	8.8104E-01
4.5640E+03	0.0000E+00	0.0000E+00	8.8025E-01
4.5650E+03	0.0000E+00	0.0000E+00	8.7835E-01
4.5660E+03	0.0000E+00	0.0000E+00	8.8194E-01
4.5670E+03	0.0000E+00	0.0000E+00	8.8084E-01
4.5680E+03	0.0000E+00	0.0000E+00	8.7835E-01
4.5690E+03	0.0000E+00	0.0000E+00	8.8155E-01
4.5700E+03	0.0000E+00	0.0000E+00	8.8074E-01
4.5710E+03	0.0000E+00	0.0000E+00	8.8094E-01
4.5720E+03	0.0000E+00	0.0000E+00	8.7984E-01
4.5730E+03	0.0000E+00	0.0000E+00	8.8284E-01
4.5740E+03	0.0000E+00	0.0000E+00	8.8374E-01
4.5750E+03	0.0000E+00	0.0000E+00	8.8194E-01
4.5760E+03	0.0000E+00	0.0000E+00	8.8284E-01
4.5770E+03	0.0000E+00	0.0000E+00	8.8245E-01
4.5780E+03	0.0000E+00	0.0000E+00	8.7964E-01
4.5790E+03	0.0000E+00	0.0000E+00	8.7974E-01
4.5800E+03	0.0000E+00	0.0000E+00	8.7794E-01
4.5810E+03	0.0000E+00	0.0000E+00	8.7804E-01
4.5820E+03	0.0000E+00	0.0000E+00	8.8184E-01
4.5830E+03	0.0000E+00	0.0000E+00	8.8174E-01
4.5840E+03	0.0000E+00	0.0000E+00	8.7935E-01
4.5850E+03	0.0000E+00	0.0000E+00	8.7635E-01
4.5860E+03	0.0000E+00	0.0000E+00	8.7615E-01
4.5870E+03	0.0000E+00	0.0000E+00	8.7655E-01
4.5880E+03	0.0000E+00	0.0000E+00	8.7635E-01
4.5890E+03	0.0000E+00	0.0000E+00	8.7804E-01
4.5900E+03	0.0000E+00	0.0000E+00	8.7904E-01
4.5910E+03	0.0000E+00	0.0000E+00	8.8274E-01
4.5920E+03	0.0000E+00	0.0000E+00	8.8584E-01
4.5930E+03	0.0000E+00	0.0000E+00	8.8694E-01
4.5940E+03	0.0000E+00	0.0000E+00	8.8555E-01
4.5950E+03	0.0000E+00	0.0000E+00	8.8945E-01
4.5960E+03	0.0000E+00	0.0000E+00	8.8794E-01
4.5970E+03	0.0000E+00	0.0000E+00	8.9084E-01
4.5980E+03	0.0000E+00	0.0000E+00	8.8804E-01
4.5990E+03	0.0000E+00	0.0000E+00	8.8845E-01
4.6000E+03	0.0000E+00	0.0000E+00	8.8974E-01
4.6010E+03	0.0000E+00	0.0000E+00	8.9084E-01
4.6020E+03	0.0000E+00	0.0000E+00	8.9025E-01
4.6030E+03	0.0000E+00	0.0000E+00	8.8874E-01
4.6040E+03	0.0000E+00	0.0000E+00	8.8494E-01
4.6050E+03	0.0000E+00	0.0000E+00	8.8245E-01
4.6060E+03	0.0000E+00	0.0000E+00	8.8364E-01
4.6070E+03	0.0000E+00	0.0000E+00	8.8125E-01
4.6080E+03	0.0000E+00	0.0000E+00	8.8064E-01
4.6090E+03	0.0000E+00	0.0000E+00	8.8015E-01
4.6100E+03	0.0000E+00	0.0000E+00	8.8035E-01
4.6110E+03	0.0000E+00	0.0000E+00	8.8215E-01
4.6120E+03	0.0000E+00	0.0000E+00	8.8415E-01
4.6130E+03	0.0000E+00	0.0000E+00	8.8355E-01
4.6140E+03	0.0000E+00	0.0000E+00	8.8315E-01
4.6150E+03	0.0000E+00	0.0000E+00	8.8484E-01
4.6160E+03	0.0000E+00	0.0000E+00	8.8535E-01
4.6170E+03	0.0000E+00	0.0000E+00	8.8764E-01
4.6180E+03	0.0000E+00	0.0000E+00	8.8915E-01
4.6190E+03	0.0000E+00	0.0000E+00	8.9055E-01
4.6200E+03	0.0000E+00	0.0000E+00	8.9274E-01
4.6210E+03	0.0000E+00	0.0000E+00	8.9125E-01
4.6220E+03	0.0000E+00	0.0000E+00	8.9455E-01
4.6230E+03	0.0000E+00	0.0000E+00	8.9535E-01
4.6240E+03	0.0000E+00	0.0000E+00	8.9425E-01
4.6250E+03	0.0000E+00	0.0000E+00	8.9594E-01
4.6260E+03	0.0000E+00	0.0000E+00	8.9594E-01
4.6270E+03	0.0000E+00	0.0000E+00	8.9515E-01
4.6280E+03	0.0000E+00	0.0000E+00	8.9194E-01
4.6290E+03	0.0000E+00	0.0000E+00	8.9455E-01
4.6300E+03	0.0000E+00	0.0000E+00	8.9315E-01
4.6310E+03	0.0000E+00	0.0000E+00	8.9225E-01
4.6320E+03	0.0000E+00	0.0000E+00	8.8964E-01
4.6330E+03	0.0000E+00	0.0000E+00	8.9215E-01
4.6340E+03	0.0000E+00	0.0000E+00	8.8904E-01
4.6350E+03	0.0000E+00	0.0000E+00	8.8515E-01
4.6360E+03	0.0000E+00	0.0000E+00	8.8815E-01
4.6370E+03	0.0000E+00	0.0000E+00	8.8664E-01
4.6380E+03	0.0000E+00	0.0000E+00	8.8535E-01
4.6390E+03	0.0000E+00	0.0000E+00	8.8725E-01
4.6400E+03	0.0000E+00	0.0000E+00	8.8764E-01
4.6410E+03	0.0000E+00	0.0000E+00	8.8704E-01
4.6420E+03	0.0000E+00	0.0000E+00	8.8625E-01
4.6430E+03	0.0000E+00	0.0000E+00	8.8625E-01
4.6440E+03	0.0000E+00	0.0000E+00	8.8764E-01
4.6450E+03	0.0000E+00	0.0000E+00	8.8794E-01
4.6460E+03	0.0000E+00	0.0000E+00	8.8645E-01
4.6470E+03	0.0000E+00	0.0000E+00	8.8984E-01
4.6480E+03	0.0000E+00	0.0000E+00	8.8955E-01
4.6490E+03	0.0000E+00	0.0000E+00	8.8864E-01
4.6500E+03	0.0000E+00	0.0000E+00	8.8755E-01
4.6510E+03	0.0000E+00	0.0000E+00	8.8835E-01
4.6520E+03	0.0000E+00	0.0000E+00	8.8864E-01
4.6530E+03	0.0000E+00	0.0000E+00	8.8494E-01
4.6540E+03	0.0000E+00	0.0000E+00	8.8384E-01
4.6550E+03	0.0000E+00	0.0000E+00	8.8284E-01
4.6560E+03	0.0000E+00	0.0000E+00	8.8255E-01
4.6570E+03	0.0000E+00	0.0000E+00	8.8115E-01
4.6580E+03	0.0000E+00	0.0000E+00	8.8025E-01
4.6590E+03	0.0000E+00	0.0000E+00	8.8045E-01
4.6600E+03	0.0000E+00	0.0000E+00	8.7835E-01
4.6610E+03	0.0000E+00	0.0000E+00	8.7594E-01
4.6620E+03	0.0000E+00	0.0000E+00	8.7735E-01
4.6630E+03	0.0000E+00	0.0000E+00	8.7664E-01
4.6640E+03	0.0000E+00	0.0000E+00	8.8045E-01
4.6650E+03	0.0000E+00	0.0000E+00	8.8184E-01
4.6660E+03	0.0000E+00	0.0000E+00	8.8045E-01
4.6670E+03	0.0000E+00	0.0000E+00	8.7115E-01
4.6680E+03	0.0000E+00	0.0000E+00	8.7135E-01
4.6690E+03	0.0000E+00	0.0000E+00	8.7455E-01
4.6700E+03	0.0000E+00	0.0000E+00	8.8194E-01
4.6710E+03	0.0000E+00	0.0000E+00	8.8564E-01
4.6720E+03	0.0000E+00	0.0000E+00	8.8315E-01
4.6730E+03	0.0000E+00	0.0000E+00	8.8455E-01
4.6740E+03	0.0000E+00	0.0000E+00	8.9564E-01
4.6750E+03	0.0000E+00	0.0000E+00	8.9055E-01
4.6760E+03	0.0000E+00	0.0000E+00	8.9004E-01
4.6770E+03	0.0000E+00	0.0000E+00	8.8825E-01
4.6780E+03	0.0000E+00	0.0000E+00	8.8974E-01
4.6790E+03	0.0000E+00	0.0000E+00	8.9164E-01
4.6800E+03	0.0000E+00	0.0000E+00	8.9115E-01
4.6810E+03	0.0000E+00	0.0000E+00	8.9084E-01
4.6820E+03	0.0000E+00	0.0000E+00	8.9135E-01
4.6830E+03	0.0000E+00	0.0000E+00	8.9074E-01
4.6840E+03	0.0000E+00	0.0000E+00	8.9055E-01
4.6850E+03	0.0000E+00	0.0000E+00	8.9084E-01
4.6860E+03	0.0000E+00	0.0000E+00	8.9345E-01
4.6870E+03	0.0000E+00	0.0000E+00	8.9035E-01
4.6880E+03	0.0000E+00	0.0000E+00	8.9115E-01
4.6890E+03	0.0000E+00	0.0000E+00	8.8974E-01
4.6900E+03	0.0000E+00	0.0000E+00	8.9055E-01
4.6910E+03	0.0000E+00	0.0000E+00	8.8835E-01
4.6920E+03	0.0000E+00	0.0000E+00	8.8884E-01
4.6930E+03	0.0000E+00	0.0000E+00	8.8674E-01
4.6940E+03	0.0000E+00	0.0000E+00	8.8574E-01
4.6950E+03	0.0000E+00	0.0000E+00	8.8615E-01
4.6960E+03	0.0000E+00	0.0000E+00	8.8845E-01
4.6970E+03	0.0000E+00	0.0000E+00	8.8694E-01
4.6980E+03	0.0000E+00	0.0000E+00	8.8435E-01
4.6990E+03	0.0000E+00	0.0000E+00	8.8764E-01
4.7000E+03	0.0000E+00	0.0000E+00	8.8264E-01
4.7010E+03	0.0000E+00	0.0000E+00	8.8294E-01
4.7020E+03	0.0000E+00	0.0000E+00	8.8164E-01
4.7030E+03	0.0000E+00	0.0000E+00	8.8064E-01
4.7040E+03	0.0000E+00	0.0000E+00	8.7955E-01
4.7050E+03	0.0000E+00	0.0000E+00	8.7625E-01
4.7060E+03	0.0000E+00	0.0000E+00	8.7274E-01
4.7070E+03	0.0000E+00	0.0000E+00	8.7445E-01
4.7080E+03	0.0000E+00	0.0000E+00	8.7094E-01
4.7090E+03	0.0000E+00	0.0000E+00	8.6804E-01
4.7100E+03	0.0000E+00	0.0000E+00	8.6564E-01
4.7110E+03	0.0000E+00	0.0000E+00	8.5015E-01
4.7120E+03	0.0000E+00	0.0000E+00	8.4235E-01
4.7130E+03	0.0000E+00	0.0000E+00	8.3904E-01
4.7140E+03	0.0000E+00	0.0000E+00	8.3494E-01
4.7150E+03	0.0000E+00	0.0000E+00	8.3325E-01
4.7160E+03	0.0000E+00	0.0000E+00	8.4555E-01
4.7170E+03	0.0000E+00	0.0000E+00	8.7615E-01
4.7180E+03	0.0000E+00	0.0000E+00	8.8204E-01
4.7190E+03	0.0000E+00	0.0000E+00	8.7945E-01
4.7200E+03	0.0000E+00	0.0000E+00	8.7304E-01
4.7210E+03	0.0000E+00	0.0000E+00	8.6435E-01
4.7220E+03	0.0000E+00	0.0000E+00	8.7755E-01
4.7230E+03	0.0000E+00	0.0000E+00	8.8645E-01
4.7240E+03	0.0000E+00	0.0000E+00	8.8004E-01
4.7250E+03	0.0000E+00	0.0000E+00	8.7645E-01
4.7260E+03	0.0000E+00	0.0000E+00	8.7684E-01
4.7270E+03	0.0000E+00	0.0000E+00	8.7674E-01
4.7280E+03	0.0000E+00	0.0000E+00	8.7274E-01
4.7290E+03	0.0000E+00	0.0000E+00	8.7474E-01
4.7300E+03	0.0000E+00	0.0000E+00	8.6494E-01
4.7310E+03	0.0000E+00	0.0000E+00	8.5074E-01
4.7320E+03	0.0000E+00	0.0000E+00	8.3825E-01
4.7330E+03	0.0000E+00	0.0000E+00	8.2945E-01
4.7340E+03	0.0000E+00	0.0000E+00	8.1404E-01
4.7350E+03	0.0000E+00	0.0000E+00	8.0015E-01
4.7360E+03	0.0000E+00	0.0000E+00	7.9455E-01
4.7370E+03	0.0000E+00	0.0000E+00	8.1384E-01
4.7380E+03	0.0000E+00	0.0000E+00	8.3204E-01
4.7390E+03	0.0000E+00	0.0000E+00	8.7145E-01
4.7400E+03	0.0000E+00	0.0000E+00	8.8284E-01
4.7410E+03	0.0000E+00	0.0000E+00	8.8845E-01
4.7420E+03	0.0000E+00	0.0000E+00	8.8935E-01
4.7430E+03	0.0000E+00	0.0000E+00	8.8374E-01
4.7440E+03	0.0000E+00	0.0000E+00	8.8764E-01
4.7450E+03	0.0000E+00	0.0000E+00	8.9494E-01
4.7460E+03	0.0000E+00	0.0000E+00	9.0974E-01
4.7470E+03	0.0000E+00	0.0000E+00	9.0015E-01
4.7480E+03	0.0000E+00	0.0000E+00	8.9204E-01
4.7490E+03	0.0000E+00	0.0000E+00	8.9264E-01
4.7500E+03	0.0000E+00	0.0000E+00	8.9125E-01
4.7510E+03	0.0000E+00	0.0000E+00	8.8915E-01
4.7520E+03	0.0000E+00	0.0000E+00	8.8625E-01
4.7530E+03	0.0000E+00	0.0000E+00	8.8445E-01
4.7540E+03	0.0000E+00	0.0000E+00	8.8184E-01
4.7550E+03	0.0000E+00	0.0000E+00	8.7874E-01
4.7560E+03	0.0000E+00	0.0000E+00	8.7064E-01
4.7570E+03	0.0000E+00	0.0000E+00	8.6174E-01
4.7580E+03	0.0000E+00	0.0000E+00	8.5574E-01
4.7590E+03	0.0000E+00	0.0000E+00	8.4664E-01
4.7600E+03	0.0000E+00	0.0000E+00	8.3825E-01
4.7610E+03	0.0000E+00	0.0000E+00	8.3474E-01
4.7620E+03	0.0000E+00	0.0000E+00	8.3025E-01
4.7630E+03	0.0000E+00	0.0000E+00	8.3845E-01
4.7640E+03	0.0000E+00	0.0000E+00	8.6435E-01
4.7650E+03	0.0000E+00	0.0000E+00	9.1515E-01
4.7660E+03	0.0000E+00	0.0000E+00	9.0294E-01
4.7670E+03	0.0000E+00	0.0000E+00	8.9535E-01
4.7680E+03	0.0000E+00	0.0000E+00	8.9845E-01
4.7690E+03	0.0000E+00	0.0000E+00	9.0384E-01
4.7700E+03	0.0000E+00	0.0000E+00	9.0115E-01
4.7710E+03	0.0000E+00	0.0000E+00	8.9074E-01
4.7720E+03	0.0000E+00	0.0000E+00	8.8684E-01
4.7730E+03	0.0000E+00	0.0000E+00	8.8315E-01
4.7740E+03	0.0000E+00	0.0000E+00	8.7994E-01
4.7750E+03	0.0000E+00	0.0000E+00	8.7804E-01
4.7760E+03	0.0000E+00	0.0000E+00	8.7884E-01
4.7770E+03	0.0000E+00	0.0000E+00	8.7664E-01
4.7780E+03	0.0000E+00	0.0000E+00	8.7735E-01
4.7790E+03	0.0000E+00	0.0000E+00	8.7415E-01
4.7800E+03	0.0000E+00	0.0000E+00	8.7604E-01
4.7810E+03	0.0000E+00	0.0000E+00	8.7394E-01
4.7820E+03	0.0000E+00	0.0000E+00	8.7364E-01
4.7830E+03	0.0000E+00	0.0000E+00	8.7364E-01
4.7840E+03	0.0000E+00	0.0000E+00	8.7515E-01
4.7850E+03	0.0000E+00	0.0000E+00	8.7494E-01
4.7860E+03	0.0000E+00	0.0000E+00	8.7625E-01
4.7870E+03	0.0000E+00	0.0000E+00	8.7515E-01
4.7880E+03	0.0000E+00	0.0000E+00	8.7615E-01
4.7890E+03	0.0000E+00	0.0000E+00	8.7574E-01
4.7900E+03	0.0000E+00	0.0000E+00	8.7404E-01
4.7910E+03	0.0000E+00	0.0000E+00	8.7635E-01
4.7920E+03	0.0000E+00	0.0000E+00	8.7425E-01
4.7930E+03	0.0000E+00	0.0000E+00	8.7415E-01
4.7940E+03	0.0000E+00	0.0000E+00	8.7174E-01
4.7950E+03	0.0000E+00	0.0000E+00	8.7394E-01
4.7960E+03	0.0000E+00	0.0000E+00	8.7445E-01
4.7970E+03	0.0000E+00	0.0000E+00	8.7245E-01
4.7980E+03	0.0000E+00	0.0000E+00	8.7315E-01
4.7990E+03	0.0000E+00	0.0000E+00	8.7255E-01
4.8000E+03	0.0000E+00	0.0000E+00	8.7225E-01
4.8010E+03	0.0000E+00	0.0000E+00	8.7115E-01
4.8020E+03	0.0000E+00	0.0000E+00	8.6935E-01
4.8030E+03	0.0000E+00	0.0000E+00	8.6904E-01
4.8040E+03	0.0000E+00	0.0000E+00	8.7225E-01
4.8050E+03	0.0000E+00	0.0000E+00	8.7015E-01
4.8060E+03	0.0000E+00	0.0000E+00	8.7115E-01
4.8070E+03	0.0000E+00	0.0000E+00	8.6755E-01
4.8080E+03	0.0000E+00	0.0000E+00	8.6955E-01
4.8090E+03	0.0000E+00	0.0000E+00	8.7345E-01
4.8100E+03	0.0000E+00	0.0000E+00	8.7304E-01
4.8110E+03	0.0000E+00	0.0000E+00	8.7394E-01
4.8120E+03	0.0000E+00	0.0000E+00	8.7335E-01
4.8130E+03	0.0000E+00	0.0000E+00	8.7464E-01
4.8140E+03	0.0000E+00	0.0000E+00	8.7315E-01
4.8150E+03	0.0000E+00	0.0000E+00	8.7584E-01
4.8160E+03	0.0000E+00	0.0000E+00	8.7335E-01
4.8170E+03	0.0000E+00	0.0000E+00	8.7435E-01
4.8180E+03	0.0000E+00	0.0000E+00	8.7184E-01
4.8190E+03	0.0000E+00	0.0000E+00	8.6994E-01
4.8200E+03	0.0000E+00	0.0000E+00	8.6904E-01
4.8210E+03	0.0000E+00	0.0000E+00	8.6755E-01
4.8220E+03	0.0000E+00	0.0000E+00	8.6655E-01
4.8230E+03	0.0000E+00	0.0000E+00	8.6625E-01
4.8240E+03	0.0000E+00	0.0000E+00	8.6674E-01
4.8250E+03	0.0000E+00	0.0000E+00	8.6835E-01
4.8260E+03	0.0000E+00	0.0000E+00	8.6855E-01
4.8270E+03	0.0000E+00	0.0000E+00	8.6715E-01
4.8280E+03	0.0000E+00	0.0000E+00	8.6794E-01
4.8290E+03	0.0000E+00	0.0000E+00	8.6884E-01
4.8300E+03	0.0000E+00	0.0000E+00	8.6894E-01
4.8310E+03	0.0000E+00	0.0000E+00	8.6594E-01
4.8320E+03	0.0000E+00	0.0000E+00	8.7115E-01
4.8330E+03	0.0000E+00	0.0000E+00	8.7245E-01
4.8340E+03	0.0000E+00	0.0000E+00	8.7284E-01
4.8350E+03	0.0000E+00	0.0000E+00	8.7425E-01
4.8360E+03	0.0000E+00	0.0000E+00	8.7674E-01
4.8370E+03	0.0000E+00	0.0000E+00	8.7625E-01
4.8380E+03	0.0000E+00	0.0000E+00	8.7645E-01
4.8390E+03	0.0000E+00	0.0000E+00	8.7535E-01
4.8400E+03	0.0000E+00	0.0000E+00	8.7655E-01
4.8410E+03	0.0000E+00	0.0000E+00	8.7335E-01
4.8420E+03	0.0000E+00	0.0000E+00	8.7235E-01
4.8430E+03	0.0000E+00	0.0000E+00	8.6774E-01
4.8440E+03	0.0000E+00	0.0000E+00	8.6494E-01
4.8450E+03	0.0000E+00	0.0000E+00	8.6604E-01
4.8460E+03	0.0000E+00	0.0000E+00	8.6404E-01
4.8470E+03	0.0000E+00	0.0000E+00	8.6604E-01
4.8480E+03	0.0000E+00	0.0000E+00	8.6674E-01
4.8490E+03	0.0000E+00	0.0000E+00	8.6804E-01
4.8500E+03	0.0000E+00	0.0000E+00	8.6745E-01
4.8510E+03	0.0000E+00	0.0000E+00	8.6825E-01
4.8520E+03	0.0000E+00	0.0000E+00	8.6625E-01
4.8530E+03	0.0000E+00	0.0000E+00	8.6764E-01
4.8540E+03	0.0000E+00	0.0000E+00	8.6615E-01
4.8550E+03	0.0000E+00	0.0000E+00	8.6525E-01
4.8560E+03	0.0000E+00	0.0000E+00	8.6915E-01
4.8570E+03	0.0000E+00	0.0000E+00	8.7184E-01
4.8580E+03	0.0000E+00	0.0000E+00	8.7384E-01
4.8590E+03	0.0000E+00	0.0000E+00	8.7515E-01
4.8600E+03	0.0000E+00	0.0000E+00	8.7445E-01
4.8610E+03	0.0000E+00	0.0000E+00	8.7215E-01
4.8620E+03	0.0000E+00	0.0000E+00	8.7304E-01
4.8630E+03	0.0000E+00	0.0000E+00	8.7184E-01
4.8640E+03	0.0000E+00	0.0000E+00	8.7264E-01
4.8650E+03	0.0000E+00	0.0000E+00	8.7274E-01
4.8660E+03	0.0000E+00	0.0000E+00	8.7074E-01
4.8670E+03	0.0000E+00	0.0000E+00	8.6974E-01
4.8680E+03	0.0000E+00	0.0000E+00	8.6755E-01
4.8690E+03	0.0000E+00	0.0000E+00	8.6684E-01
4.8700E+03	0.0000E+00	0.0000E+00	8.6645E-01
4.8710E+03	0.0000E+00	0.0000E+00	8.6864E-01
4.8720E+03	0.0000E+00	0.0000E+00	8.6584E-01
4.8730E+03	0.0000E+00	0.0000E+00	8.6794E-01
4.8740E+03	0.0000E+00	0.0000E+00	8.6774E-01
4.8750E+03	0.0000E+00	0.0000E+00	8.6864E-01
4.8760E+03	0.0000E+00	0.0000E+00	8.6755E-01
4.8770E+03	0.0000E+00	0.0000E+00	8.6984E-01
4.8780E+03	0.0000E+00	0.0000E+00	8.6935E-01
4.8790E+03	0.0000E+00	0.0000E+00	8.6884E-01
4.8800E+03	0.0000E+00	0.0000E+00	8.6864E-01
4.8810E+03	0.0000E+00	0.0000E+00	8.7284E-01
4.8820E+03	0.0000E+00	0.0000E+00	8.7215E-01
4.8830E+03	0.0000E+00	0.0000E+00	8.7535E-01
4.8840E+03	0.0000E+00	0.0000E+00	8.7655E-01
4.8850E+03	0.0000E+00	0.0000E+00	8.7404E-01
4.8860E+03	0.0000E+00	0.0000E+00	8.8025E-01
4.8870E+03	0.0000E+00	0.0000E+00	8.7674E-01
4.8880E+03	0.0000E+00	0.0000E+00	8.7625E-01
4.8890E+03	0.0000E+00	0.0000E+00	8.7804E-01
4.8900E+03	0.0000E+00	0.0000E+00	8.7174E-01
4.8910E+03	0.0000E+00	0.0000E+00	8.6794E-01
4.8920E+03	0.0000E+00	0.0000E+00	8.7194E-01
4.8930E+03	0.0000E+00	0.0000E+00	8.7235E-01
4.8940E+03	0.0000E+00	0.0000E+00	8.7264E-01
4.8950E+03	0.0000E+00	0.0000E+00	8.7335E-01
4.8960E+03	0.0000E+00	0.0000E+00	8.7925E-01
4.8970E+03	0.0000E+00	0.0000E+00	8.7974E-01
4.8980E+03	0.0000E+00	0.0000E+00	8.8025E-01
4.8990E+03	0.0000E+00	0.0000E+00	8.8184E-01
4.9000E+03	0.0000E+00	0.0000E+00	8.8125E-01
4.9010E+03	0.0000E+00	0.0000E+00	8.7935E-01
4.9020E+03	0.0000E+00	0.0000E+00	8.8194E-01
4.9030E+03	0.0000E+00	0.0000E+00	8.8174E-01
4.9040E+03	0.0000E+00	0.0000E+00	8.7974E-01
4.9050E+03	0.0000E+00	0.0000E+00	8.8355E-01
4.9060E+03	0.0000E+00	0.0000E+00	8.8274E-01
4.9070E+03	0.0000E+00	0.0000E+00	8.8384E-01
4.9080E+03	0.0000E+00	0.0000E+00	8.8145E-01
4.9090E+03	0.0000E+00	0.0000E+00	8.8215E-01
4.9100E+03	0.0000E+00	0.0000E+00	8.8264E-01
4.9110E+03	0.0000E+00	0.0000E+00	8.8264E-01
4.9120E+03	0.0000E+00	0.0000E+00	8.8664E-01
4.9130E+03	0.0000E+00	0.0000E+00	8.8284E-01
4.9140E+03	0.0000E+00	0.0000E+00	8.8025E-01
4.9150E+03	0.0000E+00	0.0000E+00	8.7494E-01
4.9160E+03	0.0000E+00	0.0000E+00	8.7525E-01
4.9170E+03	0.0000E+00	0.0000E+00	8.7784E-01
4.9180E+03	0.0000E+00	0.0000E+00	8.8055E-01
4.9190E+03	0.0000E+00	0.0000E+00	8.7945E-01
4.9200E+03	0.0000E+00	0.0000E+00	8.7935E-01
4.9210E+03	0.0000E+00	0.0000E+00	8.8304E-01
4.9220E+03	0.0000E+00	0.0000E+00	8.8574E-01
4.9230E+03	0.0000E+00	0.0000E+00	8.8684E-01
4.9240E+03	0.0000E+00	0.0000E+00	8.8884E-01
4.9250E+03	0.0000E+00	0.0000E+00	8.8955E-01
4.9260E+03	0.0000E+00	0.0000E+00	8.8845E-01
4.9270E+03	0.0000E+00	0.0000E+00	8.9025E-01
4.9280E+03	0.0000E+00	0.0000E+00	8.8784E-01
4.9290E+03	0.0000E+00	0.0000E+00	8.8645E-01
4.9300E+03	0.0000E+00	0.0000E+00	8.8794E-01
4.9310E+03	0.0000E+00	0.0000E+00	8.8735E-01
4.9320E+03	0.0000E+00	0.0000E+00	8.8664E-01
4.9330E+03	0.0000E+00	0.0000E+00	8.8674E-01
4.9340E+03	0.0000E+00	0.0000E+00	8.8615E-01
4.9350E+03	0.0000E+00	0.0000E+00	8.8255E-01
4.9360E+03	0.0000E+00	0.0000E+00	8.8374E-01
4.9370E+03	0.0000E+00	0.0000E+00	8.8535E-01
4.9380E+03	0.0000E+00	0.0000E+00	8.8245E-01
4.9390E+03	0.0000E+00	0.0000E+00	8.8315E-01
4.9400E+03	0.0000E+00	0.0000E+00	8.8015E-01
4.9410E+03	0.0000E+00	0.0000E+00	8.8004E-01
4.9420E+03	0.0000E+00	0.0000E+00	8.7825E-01
4.9430E+03	0.0000E+00	0.0000E+00	8.7784E-01
4.9440E+03	0.0000E+00	0.0000E+00	8.8045E-01
4.9450E+03	0.0000E+00	0.0000E+00	8.7835E-01
4.9460E+03	0.0000E+00	0.0000E+00	8.8194E-01
4.9470E+03	0.0000E+00	0.0000E+00	8.7904E-01
4.9480E+03	0.0000E+00	0.0000E+00	8.7784E-01
4.9490E+03	0.0000E+00	0.0000E+00	8.8025E-01
4.9500E+03	0.0000E+00	0.0000E+00	8.8015E-01
4.9510E+03	0.0000E+00	0.0000E+00	8.7894E-01
4.9520E+03	0.0000E+00	0.0000E+00	8.7684E-01
4.9530E+03	0.0000E+00	0.0000E+00	8.7804E-01
4.9540E+03	0.0000E+00	0.0000E+00	8.8025E-01
4.9550E+03	0.0000E+00	0.0000E+00	8.7755E-01
4.9560E+03	0.0000E+00	0.0000E+00	8.7955E-01
4.9570E+03	0.0000E+00	0.0000E+00	8.7645E-01
4.9580E+03	0.0000E+00	0.0000E+00	8.8004E-01
4.9590E+03	0.0000E+00	0.0000E+00	8.7994E-01
4.9600E+03	0.0000E+00	0.0000E+00	8.7855E-01
4.9610E+03	0.0000E+00	0.0000E+00	8.7774E-01
4.9620E+03	0.0000E+00	0.0000E+00	8.7594E-01
4.9630E+03	0.0000E+00	0.0000E+00	8.7255E-01
4.9640E+03	0.0000E+00	0.0000E+00	8.7435E-01
4.9650E+03	0.0000E+00	0.0000E+00	8.7284E-01
4.9660E+03	0.0000E+00	0.0000E+00	8.6984E-01
4.9670E+03	0.0000E+00	0.0000E+00	8.7215E-01
4.9680E+03	0.0000E+00	0.0000E+00	8.7255E-01
4.9690E+03	0.0000E+00	0.0000E+00	8.7064E-01
4.9700E+03	0.0000E+00	0.0000E+00	8.6855E-01
4.9710E+03	0.0000E+00	0.0000E+00	8.6964E-01
4.9720E+03	0.0000E+00	0.0000E+00	8.6804E-01
4.9730E+03	0.0000E+00	0.0000E+00	8.6945E-01
4.9740E+03	0.0000E+00	0.0000E+00	8.6825E-01
4.9750E+03	0.0000E+00	0.0000E+00	8.6774E-01
4.9760E+03	0.0000E+00	0.0000E+00	8.6725E-01
4.9770E+03	0.0000E+00	0.0000E+00	8.7115E-01
4.9780E+03	0.0000E+00	0.0000E+00	8.7094E-01
4.9790E+03	0.0000E+00	0.0000E+00	8.7094E-01
4.9800E+03	0.0000E+00	0.0000E+00	8.7474E-01
4.9810E+03	0.0000E+00	0.0000E+00	8.6835E-01
4.9820E+03	0.0000E+00	0.0000E+00	8.6645E-01
4.9830E+03	0.0000E+00	0.0000E+00	8.6745E-01
4.9840E+03	0.0000E+00	0.0000E+00	8.6625E-01
4.9850E+03	0.0000E+00	0.0000E+00	8.6574E-01
4.9860E+03	0.0000E+00	0.0000E+00	8.6655E-01
4.9870E+03	0.0000E+00	0.0000E+00	8.6964E-01
4.9880E+03	0.0000E+00	0.0000E+00	8.6604E-01
4.9890E+03	0.0000E+00	0.0000E+00	8.6535E-01
4.9900E+03	0.0000E+00	0.0000E+00	8.6335E-01
4.9910E+03	0.0000E+00	0.0000E+00	8.6564E-01
4.9920E+03	0.0000E+00	0.0000E+00	8.6064E-01
4.9930E+03	0.0000E+00	0.0000E+00	8.6315E-01
4.9940E+03	0.0000E+00	0.0000E+00	8.6164E-01
4.9950E+03	0.0000E+00	0.0000E+00	8.6015E-01
4.9960E+03	0.0000E+00	0.0000E+00	8.6284E-01
4.9970E+03	0.0000E+00	0.0000E+00	8.6155E-01
4.9980E+03	0.0000E+00	0.0000E+00	8.5874E-01
4.9990E+03	0.0000E+00	0.0000E+00	8.5855E-01
5.0000E+03	0.0000E+00	0.0000E+00	8.6125E-01
5.0010E+03	0.0000E+00	0.0000E+00	8.6604E-01
5.0020E+03	0.0000E+00	0.0000E+00	8.6504E-01
5.0030E+03	0.0000E+00	0.0000E+00	8.6674E-01
5.0040E+03	0.0000E+00	0.0000E+00	8.6855E-01
5.0050E+03	0.0000E+00	0.0000E+00	8.6735E-01
5.0060E+03	0.0000E+00	0.0000E+00	8.6494E-01
5.0070E+03	0.0000E+00	0.0000E+00	8.6715E-01
5.0080E+03	0.0000E+00	0.0000E+00	8.6815E-01
5.0090E+03	0.0000E+00	0.0000E+00	8.6974E-01
5.0100E+03	0.0000E+00	0.0000E+00	8.6484E-01
5.0110E+03	0.0000E+00	0.0000E+00	8.6235E-01
5.0120E+03	0.0000E+00	0.0000E+00	8.6364E-01
5.0130E+03	0.0000E+00	0.0000E+00	8.6115E-01
5.0140E+03	0.0000E+00	0.0000E+00	8.6255E-01
5.0150E+03	0.0000E+00	0.0000E+00	8.6325E-01
5.0160E+03	0.0000E+00	0.0000E+00	8.6404E-01
5.0170E+03	0.0000E+00	0.0000E+00	8.6404E-01
5.0180E+03	0.0000E+00	0.0000E+00	8.6174E-01
5.0190E+03	0.0000E+00	0.0000E+00	8.6555E-01
5.0200E+03	0.0000E+00	0.0000E+00	8.6194E-01
5.0210E+03	0.0000E+00	0.0000E+00	8.6145E-01
5.0220E+03	0.0000E+00	0.0000E+00	8.5984E-01
5.0230E+03	0.0000E+00	0.0000E+00	8.5955E-01
5.0240E+03	0.0000E+00	0.0000E+00	8.6155E-01
5.0250E+03	0.0000E+00	0.0000E+00	8.6425E-01
5.0260E+03	0.0000E+00	0.0000E+00	8.6535E-01
5.0270E+03	0.0000E+00	0.0000E+00	8.6774E-01
5.0280E+03	0.0000E+00	0.0000E+00	8.6774E-01
5.0290E+03	0.0000E+00	0.0000E+00	8.6825E-01
5.0300E+03	0.0000E+00	0.0000E+00	8.6645E-01
5.0310E+03	0.0000E+00	0.0000E+00	8.6904E-01
5.0320E+03	0.0000E+00	0.0000E+00	8.7074E-01
5.0330E+03	0.0000E+00	0.0000E+00	8.6955E-01
5.0340E+03	0.0000E+00	0.0000E+00	8.6545E-01
5.0350E+03	0.0000E+00	0.0000E+00	8.6225E-01
5.0360E+03	0.0000E+00	0.0000E+00	8.6294E-01
5.0370E+03	0.0000E+00	0.0000E+00	8.6255E-01
5.0380E+03	0.0000E+00	0.0000E+00	8.6264E-01
5.0390E+03	0.0000E+00	0.0000E+00	8.6055E-01
5.0400E+03	0.0000E+00	0.0000E+00	8.5994E-01
5.0410E+03	0.0000E+00	0.0000E+00	8.6245E-01
5.0420E+03	0.0000E+00	0.0000E+00	8.6255E-01
5.0430E+03	0.0000E+00	0.0000E+00	8.6064E-01
5.0440E+03	0.0000E+00	0.0000E+00	8.6135E-01
5.0450E+03	0.0000E+00	0.0000E+00	8.5935E-01
5.0460E+03	0.0000E+00	0.0000E+00	8.5894E-01
5.0470E+03	0.0000E+00	0.0000E+00	8.5964E-01
5.0480E+03	0.0000E+00	0.0000E+00	8.6145E-01
5.0490E+03	0.0000E+00	0.0000E+00	8.6394E-01
5.0500E+03	0.0000E+00	0.0000E+00	8.6435E-01
5.0510E+03	0.0000E+00	0.0000E+00	8.6674E-01
5.0520E+03	0.0000E+00	0.0000E+00	8.6125E-01
5.0530E+03	0.0000E+00	0.0000E+00	8.6855E-01
5.0540E+03	0.0000E+00	0.0000E+00	8.6674E-01
5.0550E+03	0.0000E+00	0.0000E+00	8.6504E-01
5.0560E+03	0.0000E+00	0.0000E+00	8.6925E-01
5.0570E+03	0.0000E+00	0.0000E+00	8.6804E-01
5.0580E+03	0.0000E+00	0.0000E+00	8.6445E-01
5.0590E+03	0.0000E+00	0.0000E+00	8.6325E-01
5.0600E+03	0.0000E+00	0.0000E+00	8.6125E-01
5.0610E+03	0.0000E+00	0.0000E+00	8.6104E-01
5.0620E+03	0.0000E+00	0.0000E+00	8.6074E-01
5.0630E+03	0.0000E+00	0.0000E+00	8.6215E-01
5.0640E+03	0.0000E+00	0.0000E+00	8.6194E-01
5.0650E+03	0.0000E+00	0.0000E+00	8.6284E-01
5.0660E+03	0.0000E+00	0.0000E+00	8.5794E-01
5.0670E+03	0.0000E+00	0.0000E+00	8.5904E-01
5.0680E+03	0.0000E+00	0.0000E+00	8.5725E-01
5.0690E+03	0.0000E+00	0.0000E+00	8.6064E-01
5.0700E+03	0.0000E+00	0.0000E+00	8.6084E-01
5.0710E+03	0.0000E+00	0.0000E+00	8.6135E-01
5.0720E+03	0.0000E+00	0.0000E+00	8.6264E-01
5.0730E+03	0.0000E+00	0.0000E+00	8.6294E-01
5.0740E+03	0.0000E+00	0.0000E+00	8.6335E-01
5.0750E+03	0.0000E+00	0.0000E+00	8.6494E-01
5.0760E+03	0.0000E+00	0.0000E+00	8.6245E-01
5.0770E+03	0.0000E+00	0.0000E+00	8.6384E-01
5.0780E+03	0.0000E+00	0.0000E+00	8.6364E-01
5.0790E+03	0.0000E+00	0.0000E+00	8.6725E-01
5.0800E+03	0.0000E+00	0.0000E+00	8.6964E-01
5.0810E+03	0.0000E+00	0.0000E+00	8.6894E-01
5.0820E+03	0.0000E+00	0.0000E+00	8.6964E-01
5.0830E+03	0.0000E+00	0.0000E+00	8.6815E-01
5.0840E+03	0.0000E+00	0.0000E+00	8.6835E-01
5.0850E+03	0.0000E+00	0.0000E+00	8.7004E-01
5.0860E+03	0.0000E+00	0.0000E+00	8.7135E-01
5.0870E+03	0.0000E+00	0.0000E+00	8.6835E-01
5.0880E+03	0.0000E+00	0.0000E+00	8.6804E-01
5.0890E+03	0.0000E+00	0.0000E+00	8.6904E-01
5.0900E+03	0.0000E+00	0.0000E+00	8.6974E-01
5.0910E+03	0.0000E+00	0.0000E+00	8.6784E-01
5.0920E+03	0.0000E+00	0.0000E+00	8.6764E-01
5.0930E+03	0.0000E+00	0.0000E+00	8.6535E-01
5.0940E+03	0.0000E+00	0.0000E+00	8.6435E-01
5.0950E+03	0.0000E+00	0.0000E+00	8.6145E-01
5.0960E+03	0.0000E+00	0.0000E+00	8.6215E-01
5.0970E+03	0.0000E+00	0.0000E+00	8.6304E-01
5.0980E+03	0.0000E+00	0.0000E+00	8.6015E-01
5.0990E+03	0.0000E+00	0.0000E+00	8.6215E-01
5.1000E+03	0.0000E+00	0.0000E+00	8.6284E-01
5.1010E+03	0.0000E+00	0.0000E+00	8.6335E-01
5.1020E+03	0.0000E+00	0.0000E+00	8.6264E-01
5.1030E+03	0.0000E+00	0.0000E+00	8.6245E-01
5.1040E+03	0.0000E+00	0.0000E+00	8.5874E-01
5.1050E+03	0.0000E+00	0.0000E+00	8.5945E-01
5.1060E+03	0.0000E+00	0.0000E+00	8.5864E-01
5.1070E+03	0.0000E+00	0.0000E+00	8.5984E-01
5.1080E+03	0.0000E+00	0.0000E+00	8.5735E-01
5.1090E+03	0.0000E+00	0.0000E+00	8.5415E-01
5.1100E+03	0.0000E+00	0.0000E+00	8.5274E-01
5.1110E+03	0.0000E+00	0.0000E+00	8.5015E-01
5.1120E+03	0.0000E+00	0.0000E+00	8.5215E-01
5.1130E+03	0.0000E+00	0.0000E+00	8.4784E-01
5.1140E+03	0.0000E+00	0.0000E+00	8.4235E-01
5.1150E+03	0.0000E+00	0.0000E+00	8.3855E-01
5.1160E+03	0.0000E+00	0.0000E+00	8.3874E-01
5.1170E+03	0.0000E+00	0.0000E+00	8.3764E-01
5.1180E+03	0.0000E+00	0.0000E+00	8.3164E-01
5.1190E+03	0.0000E+00	0.0000E+00	8.2555E-01
5.1200E+03	0.0000E+00	0.0000E+00	8.2425E-01
5.1210E+03	0.0000E+00	0.0000E+00	8.1815E-01
5.1220E+03	0.0000E+00	0.0000E+00	8.1855E-01
5.1230E+03	0.0000E+00	0.0000E+00	8.1884E-01
5.1240E+03	0.0000E+00	0.0000E+00	8.1745E-01
5.1250E+03	0.0000E+00	0.0000E+00	8.1855E-01
5.1260E+03	0.0000E+00	0.0000E+00	8.1725E-01
5.1270E+03	0.0000E+00	0.0000E+00	8.4174E-01
5.1280E+03	0.0000E+00	0.0000E+00	8.5235E-01
5.1290E+03	0.0000E+00	0.0000E+00	8.6055E-01
5.1300E+03	0.0000E+00	0.0000E+00	8.6174E-01
5.1310E+03	0.0000E+00	0.0000E+00	8.6345E-01
