TIME_UNITS h
DATA_UNITS m
!h  x   y   z
0.0000E+00	0.0000E+00	0.0000E+00	9.6291E-01
1.0000E+00	0.0000E+00	0.0000E+00	9.6291E-01
2.0000E+00	0.0000E+00	0.0000E+00	9.7218E-01
3.0000E+00	0.0000E+00	0.0000E+00	9.8664E-01
4.0000E+00	0.0000E+00	0.0000E+00	9.9782E-01
5.0000E+00	0.0000E+00	0.0000E+00	1.0025E+00
6.0000E+00	0.0000E+00	0.0000E+00	1.0123E+00
7.0000E+00	0.0000E+00	0.0000E+00	1.0216E+00
8.0000E+00	0.0000E+00	0.0000E+00	1.0338E+00
9.0000E+00	0.0000E+00	0.0000E+00	1.0435E+00
1.0000E+01	0.0000E+00	0.0000E+00	1.0466E+00
1.1000E+01	0.0000E+00	0.0000E+00	9.9382E-01
1.2000E+01	0.0000E+00	0.0000E+00	9.8818E-01
1.3000E+01	0.0000E+00	0.0000E+00	9.8345E-01
1.4000E+01	0.0000E+00	0.0000E+00	9.5391E-01
1.5000E+01	0.0000E+00	0.0000E+00	9.9318E-01
1.6000E+01	0.0000E+00	0.0000E+00	9.8600E-01
1.7000E+01	0.0000E+00	0.0000E+00	9.9691E-01
1.8000E+01	0.0000E+00	0.0000E+00	9.8127E-01
1.9000E+01	0.0000E+00	0.0000E+00	9.8673E-01
2.0000E+01	0.0000E+00	0.0000E+00	9.8564E-01
2.1000E+01	0.0000E+00	0.0000E+00	9.8773E-01
2.2000E+01	0.0000E+00	0.0000E+00	9.8491E-01
2.3000E+01	0.0000E+00	0.0000E+00	9.8109E-01
2.4000E+01	0.0000E+00	0.0000E+00	9.8427E-01
2.5000E+01	0.0000E+00	0.0000E+00	9.9073E-01
2.6000E+01	0.0000E+00	0.0000E+00	9.8991E-01
2.7000E+01	0.0000E+00	0.0000E+00	9.9309E-01
2.8000E+01	0.0000E+00	0.0000E+00	1.0106E+00
2.9000E+01	0.0000E+00	0.0000E+00	1.0409E+00
3.0000E+01	0.0000E+00	0.0000E+00	1.0626E+00
3.1000E+01	0.0000E+00	0.0000E+00	1.0650E+00
3.2000E+01	0.0000E+00	0.0000E+00	1.0409E+00
3.3000E+01	0.0000E+00	0.0000E+00	1.0235E+00
3.4000E+01	0.0000E+00	0.0000E+00	1.0158E+00
3.5000E+01	0.0000E+00	0.0000E+00	9.8545E-01
3.6000E+01	0.0000E+00	0.0000E+00	9.8818E-01
3.7000E+01	0.0000E+00	0.0000E+00	9.7827E-01
3.8000E+01	0.0000E+00	0.0000E+00	9.6736E-01
3.9000E+01	0.0000E+00	0.0000E+00	9.8409E-01
4.0000E+01	0.0000E+00	0.0000E+00	9.8255E-01
4.1000E+01	0.0000E+00	0.0000E+00	9.7918E-01
4.2000E+01	0.0000E+00	0.0000E+00	9.7745E-01
4.3000E+01	0.0000E+00	0.0000E+00	9.7173E-01
4.4000E+01	0.0000E+00	0.0000E+00	9.7600E-01
4.5000E+01	0.0000E+00	0.0000E+00	9.7409E-01
4.6000E+01	0.0000E+00	0.0000E+00	9.7164E-01
4.7000E+01	0.0000E+00	0.0000E+00	9.6691E-01
4.8000E+01	0.0000E+00	0.0000E+00	9.5891E-01
4.9000E+01	0.0000E+00	0.0000E+00	9.5391E-01
5.0000E+01	0.0000E+00	0.0000E+00	9.6991E-01
5.1000E+01	0.0000E+00	0.0000E+00	9.8145E-01
5.2000E+01	0.0000E+00	0.0000E+00	9.9264E-01
5.3000E+01	0.0000E+00	0.0000E+00	1.0040E+00
5.4000E+01	0.0000E+00	0.0000E+00	1.0205E+00
5.5000E+01	0.0000E+00	0.0000E+00	1.0266E+00
5.6000E+01	0.0000E+00	0.0000E+00	1.0378E+00
5.7000E+01	0.0000E+00	0.0000E+00	1.0595E+00
5.8000E+01	0.0000E+00	0.0000E+00	1.0785E+00
5.9000E+01	0.0000E+00	0.0000E+00	9.6518E-01
6.0000E+01	0.0000E+00	0.0000E+00	9.8655E-01
6.1000E+01	0.0000E+00	0.0000E+00	9.8909E-01
6.2000E+01	0.0000E+00	0.0000E+00	9.6364E-01
6.3000E+01	0.0000E+00	0.0000E+00	9.5000E-01
6.4000E+01	0.0000E+00	0.0000E+00	9.5064E-01
6.5000E+01	0.0000E+00	0.0000E+00	9.5245E-01
6.6000E+01	0.0000E+00	0.0000E+00	9.5273E-01
6.7000E+01	0.0000E+00	0.0000E+00	9.5627E-01
6.8000E+01	0.0000E+00	0.0000E+00	9.5818E-01
6.9000E+01	0.0000E+00	0.0000E+00	9.9018E-01
7.0000E+01	0.0000E+00	0.0000E+00	9.8091E-01
7.1000E+01	0.0000E+00	0.0000E+00	9.8018E-01
7.2000E+01	0.0000E+00	0.0000E+00	9.7500E-01
7.3000E+01	0.0000E+00	0.0000E+00	9.6645E-01
7.4000E+01	0.0000E+00	0.0000E+00	9.6855E-01
7.5000E+01	0.0000E+00	0.0000E+00	9.8264E-01
7.6000E+01	0.0000E+00	0.0000E+00	9.8873E-01
7.7000E+01	0.0000E+00	0.0000E+00	9.9173E-01
7.8000E+01	0.0000E+00	0.0000E+00	9.9909E-01
7.9000E+01	0.0000E+00	0.0000E+00	1.0020E+00
8.0000E+01	0.0000E+00	0.0000E+00	1.0085E+00
8.1000E+01	0.0000E+00	0.0000E+00	1.0121E+00
8.2000E+01	0.0000E+00	0.0000E+00	1.0303E+00
8.3000E+01	0.0000E+00	0.0000E+00	9.9055E-01
8.4000E+01	0.0000E+00	0.0000E+00	9.9664E-01
8.5000E+01	0.0000E+00	0.0000E+00	9.9091E-01
8.6000E+01	0.0000E+00	0.0000E+00	9.5555E-01
8.7000E+01	0.0000E+00	0.0000E+00	9.5682E-01
8.8000E+01	0.0000E+00	0.0000E+00	9.6900E-01
8.9000E+01	0.0000E+00	0.0000E+00	9.6282E-01
9.0000E+01	0.0000E+00	0.0000E+00	9.6227E-01
9.1000E+01	0.0000E+00	0.0000E+00	9.6364E-01
9.2000E+01	0.0000E+00	0.0000E+00	9.8245E-01
9.3000E+01	0.0000E+00	0.0000E+00	9.9782E-01
9.4000E+01	0.0000E+00	0.0000E+00	9.8900E-01
9.5000E+01	0.0000E+00	0.0000E+00	9.8127E-01
9.6000E+01	0.0000E+00	0.0000E+00	9.7991E-01
9.7000E+01	0.0000E+00	0.0000E+00	9.7545E-01
9.8000E+01	0.0000E+00	0.0000E+00	9.7700E-01
9.9000E+01	0.0000E+00	0.0000E+00	9.7809E-01
1.0000E+02	0.0000E+00	0.0000E+00	9.8200E-01
1.0100E+02	0.0000E+00	0.0000E+00	9.7855E-01
1.0200E+02	0.0000E+00	0.0000E+00	9.7773E-01
1.0300E+02	0.0000E+00	0.0000E+00	9.7164E-01
1.0400E+02	0.0000E+00	0.0000E+00	9.6945E-01
1.0500E+02	0.0000E+00	0.0000E+00	9.6655E-01
1.0600E+02	0.0000E+00	0.0000E+00	9.6227E-01
1.0700E+02	0.0000E+00	0.0000E+00	9.6336E-01
1.0800E+02	0.0000E+00	0.0000E+00	9.6073E-01
1.0900E+02	0.0000E+00	0.0000E+00	9.6173E-01
1.1000E+02	0.0000E+00	0.0000E+00	9.5845E-01
1.1100E+02	0.0000E+00	0.0000E+00	9.5845E-01
1.1200E+02	0.0000E+00	0.0000E+00	9.5709E-01
1.1300E+02	0.0000E+00	0.0000E+00	9.5945E-01
1.1400E+02	0.0000E+00	0.0000E+00	9.5955E-01
1.1500E+02	0.0000E+00	0.0000E+00	9.6018E-01
1.1600E+02	0.0000E+00	0.0000E+00	9.6018E-01
1.1700E+02	0.0000E+00	0.0000E+00	9.6045E-01
1.1800E+02	0.0000E+00	0.0000E+00	9.5918E-01
1.1900E+02	0.0000E+00	0.0000E+00	9.5855E-01
1.2000E+02	0.0000E+00	0.0000E+00	9.5955E-01
1.2100E+02	0.0000E+00	0.0000E+00	9.6045E-01
1.2200E+02	0.0000E+00	0.0000E+00	9.6118E-01
1.2300E+02	0.0000E+00	0.0000E+00	9.6273E-01
1.2400E+02	0.0000E+00	0.0000E+00	9.6355E-01
1.2500E+02	0.0000E+00	0.0000E+00	9.6118E-01
1.2600E+02	0.0000E+00	0.0000E+00	9.6218E-01
1.2700E+02	0.0000E+00	0.0000E+00	9.6045E-01
1.2800E+02	0.0000E+00	0.0000E+00	9.5955E-01
1.2900E+02	0.0000E+00	0.0000E+00	9.6091E-01
1.3000E+02	0.0000E+00	0.0000E+00	9.6055E-01
1.3100E+02	0.0000E+00	0.0000E+00	9.5809E-01
1.3200E+02	0.0000E+00	0.0000E+00	9.5945E-01
1.3300E+02	0.0000E+00	0.0000E+00	9.6009E-01
1.3400E+02	0.0000E+00	0.0000E+00	9.6336E-01
1.3500E+02	0.0000E+00	0.0000E+00	9.6655E-01
1.3600E+02	0.0000E+00	0.0000E+00	9.7409E-01
1.3700E+02	0.0000E+00	0.0000E+00	9.7673E-01
1.3800E+02	0.0000E+00	0.0000E+00	9.8227E-01
1.3900E+02	0.0000E+00	0.0000E+00	9.9200E-01
1.4000E+02	0.0000E+00	0.0000E+00	9.9900E-01
1.4100E+02	0.0000E+00	0.0000E+00	1.0072E+00
1.4200E+02	0.0000E+00	0.0000E+00	1.0225E+00
1.4300E+02	0.0000E+00	0.0000E+00	1.0327E+00
1.4400E+02	0.0000E+00	0.0000E+00	1.0437E+00
1.4500E+02	0.0000E+00	0.0000E+00	1.0790E+00
1.4600E+02	0.0000E+00	0.0000E+00	1.0746E+00
1.4700E+02	0.0000E+00	0.0000E+00	1.0620E+00
1.4800E+02	0.0000E+00	0.0000E+00	1.0519E+00
1.4900E+02	0.0000E+00	0.0000E+00	1.0546E+00
1.5000E+02	0.0000E+00	0.0000E+00	1.0441E+00
1.5100E+02	0.0000E+00	0.0000E+00	1.0426E+00
1.5200E+02	0.0000E+00	0.0000E+00	1.0445E+00
1.5300E+02	0.0000E+00	0.0000E+00	1.0420E+00
1.5400E+02	0.0000E+00	0.0000E+00	1.0420E+00
1.5500E+02	0.0000E+00	0.0000E+00	1.0403E+00
1.5600E+02	0.0000E+00	0.0000E+00	1.0347E+00
1.5700E+02	0.0000E+00	0.0000E+00	1.0361E+00
1.5800E+02	0.0000E+00	0.0000E+00	1.0497E+00
1.5900E+02	0.0000E+00	0.0000E+00	1.0555E+00
1.6000E+02	0.0000E+00	0.0000E+00	1.0748E+00
1.6100E+02	0.0000E+00	0.0000E+00	1.0779E+00
1.6200E+02	0.0000E+00	0.0000E+00	1.0709E+00
1.6300E+02	0.0000E+00	0.0000E+00	1.0785E+00
1.6400E+02	0.0000E+00	0.0000E+00	1.0710E+00
1.6500E+02	0.0000E+00	0.0000E+00	1.0695E+00
1.6600E+02	0.0000E+00	0.0000E+00	1.0675E+00
1.6700E+02	0.0000E+00	0.0000E+00	1.0581E+00
1.6800E+02	0.0000E+00	0.0000E+00	1.0520E+00
1.6900E+02	0.0000E+00	0.0000E+00	1.0415E+00
1.7000E+02	0.0000E+00	0.0000E+00	1.0359E+00
1.7100E+02	0.0000E+00	0.0000E+00	1.0311E+00
1.7200E+02	0.0000E+00	0.0000E+00	1.0296E+00
1.7300E+02	0.0000E+00	0.0000E+00	1.0176E+00
1.7400E+02	0.0000E+00	0.0000E+00	1.0141E+00
1.7500E+02	0.0000E+00	0.0000E+00	1.0092E+00
1.7600E+02	0.0000E+00	0.0000E+00	1.0078E+00
1.7700E+02	0.0000E+00	0.0000E+00	1.0080E+00
1.7800E+02	0.0000E+00	0.0000E+00	1.0039E+00
1.7900E+02	0.0000E+00	0.0000E+00	1.0046E+00
1.8000E+02	0.0000E+00	0.0000E+00	1.0093E+00
1.8100E+02	0.0000E+00	0.0000E+00	1.0154E+00
1.8200E+02	0.0000E+00	0.0000E+00	1.0155E+00
1.8300E+02	0.0000E+00	0.0000E+00	1.0199E+00
1.8400E+02	0.0000E+00	0.0000E+00	1.0235E+00
1.8500E+02	0.0000E+00	0.0000E+00	1.0379E+00
1.8600E+02	0.0000E+00	0.0000E+00	1.0325E+00
1.8700E+02	0.0000E+00	0.0000E+00	1.0274E+00
1.8800E+02	0.0000E+00	0.0000E+00	1.0329E+00
1.8900E+02	0.0000E+00	0.0000E+00	1.0369E+00
1.9000E+02	0.0000E+00	0.0000E+00	1.0339E+00
1.9100E+02	0.0000E+00	0.0000E+00	1.0342E+00
1.9200E+02	0.0000E+00	0.0000E+00	1.0270E+00
1.9300E+02	0.0000E+00	0.0000E+00	1.0189E+00
1.9400E+02	0.0000E+00	0.0000E+00	1.0222E+00
1.9500E+02	0.0000E+00	0.0000E+00	1.0295E+00
1.9600E+02	0.0000E+00	0.0000E+00	1.0372E+00
1.9700E+02	0.0000E+00	0.0000E+00	1.0401E+00
1.9800E+02	0.0000E+00	0.0000E+00	1.0357E+00
1.9900E+02	0.0000E+00	0.0000E+00	1.0354E+00
2.0000E+02	0.0000E+00	0.0000E+00	1.0332E+00
2.0100E+02	0.0000E+00	0.0000E+00	1.0303E+00
2.0200E+02	0.0000E+00	0.0000E+00	1.0105E+00
2.0300E+02	0.0000E+00	0.0000E+00	9.8373E-01
2.0400E+02	0.0000E+00	0.0000E+00	1.0055E+00
2.0500E+02	0.0000E+00	0.0000E+00	1.0157E+00
2.0600E+02	0.0000E+00	0.0000E+00	1.0043E+00
2.0700E+02	0.0000E+00	0.0000E+00	9.9918E-01
2.0800E+02	0.0000E+00	0.0000E+00	9.9291E-01
2.0900E+02	0.0000E+00	0.0000E+00	1.0608E+00
2.1000E+02	0.0000E+00	0.0000E+00	1.0423E+00
2.1100E+02	0.0000E+00	0.0000E+00	1.0387E+00
2.1200E+02	0.0000E+00	0.0000E+00	1.0505E+00
2.1300E+02	0.0000E+00	0.0000E+00	1.0611E+00
2.1400E+02	0.0000E+00	0.0000E+00	1.0615E+00
2.1500E+02	0.0000E+00	0.0000E+00	1.0555E+00
2.1600E+02	0.0000E+00	0.0000E+00	1.0520E+00
2.1700E+02	0.0000E+00	0.0000E+00	1.0469E+00
2.1800E+02	0.0000E+00	0.0000E+00	1.0358E+00
2.1900E+02	0.0000E+00	0.0000E+00	1.0253E+00
2.2000E+02	0.0000E+00	0.0000E+00	1.0253E+00
2.2100E+02	0.0000E+00	0.0000E+00	1.0336E+00
2.2200E+02	0.0000E+00	0.0000E+00	1.0367E+00
2.2300E+02	0.0000E+00	0.0000E+00	1.0370E+00
2.2400E+02	0.0000E+00	0.0000E+00	1.0395E+00
2.2500E+02	0.0000E+00	0.0000E+00	1.0365E+00
2.2600E+02	0.0000E+00	0.0000E+00	1.0035E+00
2.2700E+02	0.0000E+00	0.0000E+00	9.9909E-01
2.2800E+02	0.0000E+00	0.0000E+00	1.0295E+00
2.2900E+02	0.0000E+00	0.0000E+00	1.0261E+00
2.3000E+02	0.0000E+00	0.0000E+00	1.0361E+00
2.3100E+02	0.0000E+00	0.0000E+00	1.0359E+00
2.3200E+02	0.0000E+00	0.0000E+00	1.0423E+00
2.3300E+02	0.0000E+00	0.0000E+00	1.0355E+00
2.3400E+02	0.0000E+00	0.0000E+00	1.0552E+00
2.3500E+02	0.0000E+00	0.0000E+00	1.0968E+00
2.3600E+02	0.0000E+00	0.0000E+00	1.1048E+00
2.3700E+02	0.0000E+00	0.0000E+00	1.1048E+00
2.3800E+02	0.0000E+00	0.0000E+00	1.1028E+00
2.3900E+02	0.0000E+00	0.0000E+00	1.0902E+00
2.4000E+02	0.0000E+00	0.0000E+00	1.0811E+00
2.4100E+02	0.0000E+00	0.0000E+00	1.0789E+00
2.4200E+02	0.0000E+00	0.0000E+00	1.0690E+00
2.4300E+02	0.0000E+00	0.0000E+00	1.0622E+00
2.4400E+02	0.0000E+00	0.0000E+00	1.0572E+00
2.4500E+02	0.0000E+00	0.0000E+00	1.0518E+00
2.4600E+02	0.0000E+00	0.0000E+00	1.0468E+00
2.4700E+02	0.0000E+00	0.0000E+00	1.0416E+00
2.4800E+02	0.0000E+00	0.0000E+00	1.0270E+00
2.4900E+02	0.0000E+00	0.0000E+00	1.0231E+00
2.5000E+02	0.0000E+00	0.0000E+00	1.0243E+00
2.5100E+02	0.0000E+00	0.0000E+00	1.0335E+00
2.5200E+02	0.0000E+00	0.0000E+00	1.0272E+00
2.5300E+02	0.0000E+00	0.0000E+00	1.0360E+00
2.5400E+02	0.0000E+00	0.0000E+00	1.0318E+00
2.5500E+02	0.0000E+00	0.0000E+00	1.0407E+00
2.5600E+02	0.0000E+00	0.0000E+00	1.0267E+00
2.5700E+02	0.0000E+00	0.0000E+00	1.0263E+00
2.5800E+02	0.0000E+00	0.0000E+00	1.0341E+00
2.5900E+02	0.0000E+00	0.0000E+00	1.0385E+00
2.6000E+02	0.0000E+00	0.0000E+00	1.0409E+00
2.6100E+02	0.0000E+00	0.0000E+00	1.0373E+00
2.6200E+02	0.0000E+00	0.0000E+00	1.0392E+00
2.6300E+02	0.0000E+00	0.0000E+00	1.0352E+00
2.6400E+02	0.0000E+00	0.0000E+00	1.0296E+00
2.6500E+02	0.0000E+00	0.0000E+00	1.0258E+00
2.6600E+02	0.0000E+00	0.0000E+00	1.0247E+00
2.6700E+02	0.0000E+00	0.0000E+00	1.0205E+00
2.6800E+02	0.0000E+00	0.0000E+00	1.0155E+00
2.6900E+02	0.0000E+00	0.0000E+00	1.0102E+00
2.7000E+02	0.0000E+00	0.0000E+00	1.0029E+00
2.7100E+02	0.0000E+00	0.0000E+00	1.0042E+00
2.7200E+02	0.0000E+00	0.0000E+00	1.0299E+00
2.7300E+02	0.0000E+00	0.0000E+00	1.0542E+00
2.7400E+02	0.0000E+00	0.0000E+00	1.0725E+00
2.7500E+02	0.0000E+00	0.0000E+00	1.0689E+00
2.7600E+02	0.0000E+00	0.0000E+00	1.0665E+00
2.7700E+02	0.0000E+00	0.0000E+00	1.0086E+00
2.7800E+02	0.0000E+00	0.0000E+00	9.9900E-01
2.7900E+02	0.0000E+00	0.0000E+00	1.0135E+00
2.8000E+02	0.0000E+00	0.0000E+00	1.0182E+00
2.8100E+02	0.0000E+00	0.0000E+00	1.0114E+00
2.8200E+02	0.0000E+00	0.0000E+00	1.0045E+00
2.8300E+02	0.0000E+00	0.0000E+00	9.9809E-01
2.8400E+02	0.0000E+00	0.0000E+00	1.0055E+00
2.8500E+02	0.0000E+00	0.0000E+00	1.0085E+00
2.8600E+02	0.0000E+00	0.0000E+00	1.0053E+00
2.8700E+02	0.0000E+00	0.0000E+00	1.0046E+00
2.8800E+02	0.0000E+00	0.0000E+00	1.0011E+00
2.8900E+02	0.0000E+00	0.0000E+00	9.9818E-01
2.9000E+02	0.0000E+00	0.0000E+00	9.9318E-01
2.9100E+02	0.0000E+00	0.0000E+00	9.9245E-01
2.9200E+02	0.0000E+00	0.0000E+00	9.8809E-01
2.9300E+02	0.0000E+00	0.0000E+00	9.8645E-01
2.9400E+02	0.0000E+00	0.0000E+00	9.7873E-01
2.9500E+02	0.0000E+00	0.0000E+00	9.7100E-01
2.9600E+02	0.0000E+00	0.0000E+00	9.6955E-01
2.9700E+02	0.0000E+00	0.0000E+00	9.6945E-01
2.9800E+02	0.0000E+00	0.0000E+00	9.6618E-01
2.9900E+02	0.0000E+00	0.0000E+00	9.6464E-01
3.0000E+02	0.0000E+00	0.0000E+00	9.6455E-01
3.0100E+02	0.0000E+00	0.0000E+00	9.6391E-01
3.0200E+02	0.0000E+00	0.0000E+00	9.7155E-01
3.0300E+02	0.0000E+00	0.0000E+00	9.9000E-01
3.0400E+02	0.0000E+00	0.0000E+00	9.9255E-01
3.0500E+02	0.0000E+00	0.0000E+00	9.8918E-01
3.0600E+02	0.0000E+00	0.0000E+00	9.8855E-01
3.0700E+02	0.0000E+00	0.0000E+00	9.9373E-01
3.0800E+02	0.0000E+00	0.0000E+00	1.0155E+00
3.0900E+02	0.0000E+00	0.0000E+00	1.0175E+00
3.1000E+02	0.0000E+00	0.0000E+00	1.0159E+00
3.1100E+02	0.0000E+00	0.0000E+00	1.0093E+00
3.1200E+02	0.0000E+00	0.0000E+00	1.0057E+00
3.1300E+02	0.0000E+00	0.0000E+00	9.9818E-01
3.1400E+02	0.0000E+00	0.0000E+00	9.9500E-01
3.1500E+02	0.0000E+00	0.0000E+00	9.9155E-01
3.1600E+02	0.0000E+00	0.0000E+00	9.8627E-01
3.1700E+02	0.0000E+00	0.0000E+00	9.8864E-01
3.1800E+02	0.0000E+00	0.0000E+00	9.8455E-01
3.1900E+02	0.0000E+00	0.0000E+00	9.8418E-01
3.2000E+02	0.0000E+00	0.0000E+00	9.7891E-01
3.2100E+02	0.0000E+00	0.0000E+00	9.7682E-01
3.2200E+02	0.0000E+00	0.0000E+00	9.6755E-01
3.2300E+02	0.0000E+00	0.0000E+00	9.6373E-01
3.2400E+02	0.0000E+00	0.0000E+00	9.6627E-01
3.2500E+02	0.0000E+00	0.0000E+00	9.7027E-01
3.2600E+02	0.0000E+00	0.0000E+00	9.8282E-01
3.2700E+02	0.0000E+00	0.0000E+00	1.0074E+00
3.2800E+02	0.0000E+00	0.0000E+00	1.0079E+00
3.2900E+02	0.0000E+00	0.0000E+00	9.9818E-01
3.3000E+02	0.0000E+00	0.0000E+00	1.0040E+00
3.3100E+02	0.0000E+00	0.0000E+00	1.0279E+00
3.3200E+02	0.0000E+00	0.0000E+00	1.0400E+00
3.3300E+02	0.0000E+00	0.0000E+00	1.0467E+00
3.3400E+02	0.0000E+00	0.0000E+00	1.0495E+00
3.3500E+02	0.0000E+00	0.0000E+00	1.0493E+00
3.3600E+02	0.0000E+00	0.0000E+00	1.0438E+00
3.3700E+02	0.0000E+00	0.0000E+00	1.0395E+00
3.3800E+02	0.0000E+00	0.0000E+00	1.0396E+00
3.3900E+02	0.0000E+00	0.0000E+00	1.0362E+00
3.4000E+02	0.0000E+00	0.0000E+00	1.0329E+00
3.4100E+02	0.0000E+00	0.0000E+00	1.0290E+00
3.4200E+02	0.0000E+00	0.0000E+00	1.0232E+00
3.4300E+02	0.0000E+00	0.0000E+00	1.0195E+00
3.4400E+02	0.0000E+00	0.0000E+00	1.0162E+00
3.4500E+02	0.0000E+00	0.0000E+00	1.0122E+00
3.4600E+02	0.0000E+00	0.0000E+00	1.0095E+00
3.4700E+02	0.0000E+00	0.0000E+00	1.0106E+00
3.4800E+02	0.0000E+00	0.0000E+00	1.0108E+00
3.4900E+02	0.0000E+00	0.0000E+00	1.0145E+00
3.5000E+02	0.0000E+00	0.0000E+00	1.0159E+00
3.5100E+02	0.0000E+00	0.0000E+00	1.0176E+00
3.5200E+02	0.0000E+00	0.0000E+00	1.0212E+00
3.5300E+02	0.0000E+00	0.0000E+00	1.0249E+00
3.5400E+02	0.0000E+00	0.0000E+00	1.0312E+00
3.5500E+02	0.0000E+00	0.0000E+00	1.0329E+00
3.5600E+02	0.0000E+00	0.0000E+00	1.0361E+00
3.5700E+02	0.0000E+00	0.0000E+00	1.0361E+00
3.5800E+02	0.0000E+00	0.0000E+00	1.0362E+00
3.5900E+02	0.0000E+00	0.0000E+00	1.0355E+00
3.6000E+02	0.0000E+00	0.0000E+00	1.0348E+00
3.6100E+02	0.0000E+00	0.0000E+00	1.0311E+00
3.6200E+02	0.0000E+00	0.0000E+00	1.0305E+00
3.6300E+02	0.0000E+00	0.0000E+00	1.0290E+00
3.6400E+02	0.0000E+00	0.0000E+00	1.0250E+00
3.6500E+02	0.0000E+00	0.0000E+00	1.0220E+00
3.6600E+02	0.0000E+00	0.0000E+00	1.0166E+00
3.6700E+02	0.0000E+00	0.0000E+00	1.0120E+00
3.6800E+02	0.0000E+00	0.0000E+00	1.0128E+00
3.6900E+02	0.0000E+00	0.0000E+00	1.0088E+00
3.7000E+02	0.0000E+00	0.0000E+00	1.0068E+00
3.7100E+02	0.0000E+00	0.0000E+00	1.0017E+00
3.7200E+02	0.0000E+00	0.0000E+00	1.0029E+00
3.7300E+02	0.0000E+00	0.0000E+00	1.0021E+00
3.7400E+02	0.0000E+00	0.0000E+00	1.0091E+00
3.7500E+02	0.0000E+00	0.0000E+00	1.0092E+00
3.7600E+02	0.0000E+00	0.0000E+00	1.0017E+00
3.7700E+02	0.0000E+00	0.0000E+00	9.9809E-01
3.7800E+02	0.0000E+00	0.0000E+00	1.0025E+00
3.7900E+02	0.0000E+00	0.0000E+00	1.0127E+00
3.8000E+02	0.0000E+00	0.0000E+00	1.0028E+00
3.8100E+02	0.0000E+00	0.0000E+00	1.0016E+00
3.8200E+02	0.0000E+00	0.0000E+00	9.9773E-01
3.8300E+02	0.0000E+00	0.0000E+00	9.9673E-01
3.8400E+02	0.0000E+00	0.0000E+00	9.9191E-01
3.8500E+02	0.0000E+00	0.0000E+00	9.9027E-01
3.8600E+02	0.0000E+00	0.0000E+00	9.8682E-01
3.8700E+02	0.0000E+00	0.0000E+00	9.8309E-01
3.8800E+02	0.0000E+00	0.0000E+00	9.7000E-01
3.8900E+02	0.0000E+00	0.0000E+00	9.6018E-01
3.9000E+02	0.0000E+00	0.0000E+00	9.7482E-01
3.9100E+02	0.0000E+00	0.0000E+00	9.8109E-01
3.9200E+02	0.0000E+00	0.0000E+00	1.0025E+00
3.9300E+02	0.0000E+00	0.0000E+00	1.0722E+00
3.9400E+02	0.0000E+00	0.0000E+00	1.1198E+00
3.9500E+02	0.0000E+00	0.0000E+00	1.0853E+00
3.9600E+02	0.0000E+00	0.0000E+00	9.8982E-01
3.9700E+02	0.0000E+00	0.0000E+00	9.4618E-01
3.9800E+02	0.0000E+00	0.0000E+00	9.6682E-01
3.9900E+02	0.0000E+00	0.0000E+00	1.0005E+00
4.0000E+02	0.0000E+00	0.0000E+00	1.0171E+00
4.0100E+02	0.0000E+00	0.0000E+00	1.0162E+00
4.0200E+02	0.0000E+00	0.0000E+00	1.0132E+00
4.0300E+02	0.0000E+00	0.0000E+00	1.0471E+00
4.0400E+02	0.0000E+00	0.0000E+00	1.0512E+00
4.0500E+02	0.0000E+00	0.0000E+00	1.0493E+00
4.0600E+02	0.0000E+00	0.0000E+00	1.0423E+00
4.0700E+02	0.0000E+00	0.0000E+00	1.0358E+00
4.0800E+02	0.0000E+00	0.0000E+00	1.0276E+00
4.0900E+02	0.0000E+00	0.0000E+00	1.0210E+00
4.1000E+02	0.0000E+00	0.0000E+00	1.0150E+00
4.1100E+02	0.0000E+00	0.0000E+00	1.0135E+00
4.1200E+02	0.0000E+00	0.0000E+00	1.0096E+00
4.1300E+02	0.0000E+00	0.0000E+00	1.0100E+00
4.1400E+02	0.0000E+00	0.0000E+00	1.0063E+00
4.1500E+02	0.0000E+00	0.0000E+00	1.0025E+00
4.1600E+02	0.0000E+00	0.0000E+00	9.9400E-01
4.1700E+02	0.0000E+00	0.0000E+00	9.7982E-01
4.1800E+02	0.0000E+00	0.0000E+00	9.7845E-01
4.1900E+02	0.0000E+00	0.0000E+00	9.7936E-01
4.2000E+02	0.0000E+00	0.0000E+00	9.7618E-01
4.2100E+02	0.0000E+00	0.0000E+00	9.8009E-01
4.2200E+02	0.0000E+00	0.0000E+00	9.9364E-01
4.2300E+02	0.0000E+00	0.0000E+00	1.0166E+00
4.2400E+02	0.0000E+00	0.0000E+00	1.0157E+00
4.2500E+02	0.0000E+00	0.0000E+00	1.0092E+00
4.2600E+02	0.0000E+00	0.0000E+00	1.0235E+00
4.2700E+02	0.0000E+00	0.0000E+00	1.0476E+00
4.2800E+02	0.0000E+00	0.0000E+00	1.0395E+00
4.2900E+02	0.0000E+00	0.0000E+00	1.0337E+00
4.3000E+02	0.0000E+00	0.0000E+00	1.0332E+00
4.3100E+02	0.0000E+00	0.0000E+00	1.0292E+00
4.3200E+02	0.0000E+00	0.0000E+00	1.0265E+00
4.3300E+02	0.0000E+00	0.0000E+00	1.0275E+00
4.3400E+02	0.0000E+00	0.0000E+00	1.0272E+00
4.3500E+02	0.0000E+00	0.0000E+00	1.0255E+00
4.3600E+02	0.0000E+00	0.0000E+00	1.0263E+00
4.3700E+02	0.0000E+00	0.0000E+00	1.0248E+00
4.3800E+02	0.0000E+00	0.0000E+00	1.0228E+00
4.3900E+02	0.0000E+00	0.0000E+00	1.0246E+00
4.4000E+02	0.0000E+00	0.0000E+00	1.0185E+00
4.4100E+02	0.0000E+00	0.0000E+00	1.0195E+00
4.4200E+02	0.0000E+00	0.0000E+00	1.0196E+00
4.4300E+02	0.0000E+00	0.0000E+00	1.0161E+00
4.4400E+02	0.0000E+00	0.0000E+00	1.0169E+00
4.4500E+02	0.0000E+00	0.0000E+00	1.0133E+00
4.4600E+02	0.0000E+00	0.0000E+00	1.0103E+00
4.4700E+02	0.0000E+00	0.0000E+00	1.0106E+00
4.4800E+02	0.0000E+00	0.0000E+00	1.0185E+00
4.4900E+02	0.0000E+00	0.0000E+00	1.0212E+00
4.5000E+02	0.0000E+00	0.0000E+00	1.0234E+00
4.5100E+02	0.0000E+00	0.0000E+00	1.0305E+00
4.5200E+02	0.0000E+00	0.0000E+00	1.0295E+00
4.5300E+02	0.0000E+00	0.0000E+00	1.0290E+00
4.5400E+02	0.0000E+00	0.0000E+00	1.0252E+00
4.5500E+02	0.0000E+00	0.0000E+00	1.0215E+00
4.5600E+02	0.0000E+00	0.0000E+00	1.0180E+00
4.5700E+02	0.0000E+00	0.0000E+00	1.0170E+00
4.5800E+02	0.0000E+00	0.0000E+00	1.0157E+00
4.5900E+02	0.0000E+00	0.0000E+00	1.0121E+00
4.6000E+02	0.0000E+00	0.0000E+00	1.0116E+00
4.6100E+02	0.0000E+00	0.0000E+00	1.0103E+00
4.6200E+02	0.0000E+00	0.0000E+00	1.0066E+00
4.6300E+02	0.0000E+00	0.0000E+00	1.0042E+00
4.6400E+02	0.0000E+00	0.0000E+00	9.9873E-01
4.6500E+02	0.0000E+00	0.0000E+00	9.9455E-01
4.6600E+02	0.0000E+00	0.0000E+00	9.9245E-01
4.6700E+02	0.0000E+00	0.0000E+00	9.9418E-01
4.6800E+02	0.0000E+00	0.0000E+00	9.9518E-01
4.6900E+02	0.0000E+00	0.0000E+00	9.9809E-01
4.7000E+02	0.0000E+00	0.0000E+00	9.9773E-01
4.7100E+02	0.0000E+00	0.0000E+00	9.9855E-01
4.7200E+02	0.0000E+00	0.0000E+00	1.0006E+00
4.7300E+02	0.0000E+00	0.0000E+00	1.0008E+00
4.7400E+02	0.0000E+00	0.0000E+00	1.0031E+00
4.7500E+02	0.0000E+00	0.0000E+00	1.0118E+00
4.7600E+02	0.0000E+00	0.0000E+00	1.0099E+00
4.7700E+02	0.0000E+00	0.0000E+00	1.0166E+00
4.7800E+02	0.0000E+00	0.0000E+00	1.0192E+00
4.7900E+02	0.0000E+00	0.0000E+00	1.0160E+00
4.8000E+02	0.0000E+00	0.0000E+00	1.0152E+00
4.8100E+02	0.0000E+00	0.0000E+00	1.0146E+00
4.8200E+02	0.0000E+00	0.0000E+00	1.0100E+00
4.8300E+02	0.0000E+00	0.0000E+00	1.0085E+00
4.8400E+02	0.0000E+00	0.0000E+00	1.0039E+00
4.8500E+02	0.0000E+00	0.0000E+00	1.0031E+00
4.8600E+02	0.0000E+00	0.0000E+00	1.0010E+00
4.8700E+02	0.0000E+00	0.0000E+00	9.9745E-01
4.8800E+02	0.0000E+00	0.0000E+00	9.9427E-01
4.8900E+02	0.0000E+00	0.0000E+00	9.9318E-01
4.9000E+02	0.0000E+00	0.0000E+00	9.8900E-01
4.9100E+02	0.0000E+00	0.0000E+00	9.8736E-01
4.9200E+02	0.0000E+00	0.0000E+00	9.8655E-01
4.9300E+02	0.0000E+00	0.0000E+00	9.8773E-01
4.9400E+02	0.0000E+00	0.0000E+00	9.9364E-01
4.9500E+02	0.0000E+00	0.0000E+00	9.9682E-01
4.9600E+02	0.0000E+00	0.0000E+00	9.9700E-01
4.9700E+02	0.0000E+00	0.0000E+00	9.9591E-01
4.9800E+02	0.0000E+00	0.0000E+00	1.0013E+00
4.9900E+02	0.0000E+00	0.0000E+00	1.0297E+00
5.0000E+02	0.0000E+00	0.0000E+00	1.0259E+00
5.0100E+02	0.0000E+00	0.0000E+00	1.0273E+00
5.0200E+02	0.0000E+00	0.0000E+00	1.0315E+00
5.0300E+02	0.0000E+00	0.0000E+00	1.0361E+00
5.0400E+02	0.0000E+00	0.0000E+00	1.0400E+00
5.0500E+02	0.0000E+00	0.0000E+00	1.0459E+00
5.0600E+02	0.0000E+00	0.0000E+00	1.0508E+00
5.0700E+02	0.0000E+00	0.0000E+00	1.0554E+00
5.0800E+02	0.0000E+00	0.0000E+00	1.0519E+00
5.0900E+02	0.0000E+00	0.0000E+00	1.0504E+00
5.1000E+02	0.0000E+00	0.0000E+00	1.0479E+00
5.1100E+02	0.0000E+00	0.0000E+00	1.0443E+00
5.1200E+02	0.0000E+00	0.0000E+00	1.0432E+00
5.1300E+02	0.0000E+00	0.0000E+00	1.0393E+00
5.1400E+02	0.0000E+00	0.0000E+00	1.0365E+00
5.1500E+02	0.0000E+00	0.0000E+00	1.0370E+00
5.1600E+02	0.0000E+00	0.0000E+00	1.0352E+00
5.1700E+02	0.0000E+00	0.0000E+00	1.0349E+00
5.1800E+02	0.0000E+00	0.0000E+00	1.0349E+00
5.1900E+02	0.0000E+00	0.0000E+00	1.0316E+00
5.2000E+02	0.0000E+00	0.0000E+00	1.0310E+00
5.2100E+02	0.0000E+00	0.0000E+00	1.0388E+00
5.2200E+02	0.0000E+00	0.0000E+00	1.0409E+00
5.2300E+02	0.0000E+00	0.0000E+00	1.0409E+00
5.2400E+02	0.0000E+00	0.0000E+00	1.0505E+00
5.2500E+02	0.0000E+00	0.0000E+00	1.0561E+00
5.2600E+02	0.0000E+00	0.0000E+00	1.0635E+00
5.2700E+02	0.0000E+00	0.0000E+00	1.0702E+00
5.2800E+02	0.0000E+00	0.0000E+00	1.0809E+00
5.2900E+02	0.0000E+00	0.0000E+00	1.0876E+00
5.3000E+02	0.0000E+00	0.0000E+00	1.0888E+00
5.3100E+02	0.0000E+00	0.0000E+00	1.0891E+00
5.3200E+02	0.0000E+00	0.0000E+00	1.0855E+00
5.3300E+02	0.0000E+00	0.0000E+00	1.0825E+00
5.3400E+02	0.0000E+00	0.0000E+00	1.0816E+00
5.3500E+02	0.0000E+00	0.0000E+00	1.0758E+00
5.3600E+02	0.0000E+00	0.0000E+00	1.0773E+00
5.3700E+02	0.0000E+00	0.0000E+00	1.0736E+00
5.3800E+02	0.0000E+00	0.0000E+00	1.0718E+00
5.3900E+02	0.0000E+00	0.0000E+00	1.0707E+00
5.4000E+02	0.0000E+00	0.0000E+00	1.0695E+00
5.4100E+02	0.0000E+00	0.0000E+00	1.0682E+00
5.4200E+02	0.0000E+00	0.0000E+00	1.0659E+00
5.4300E+02	0.0000E+00	0.0000E+00	1.0646E+00
5.4400E+02	0.0000E+00	0.0000E+00	1.0652E+00
5.4500E+02	0.0000E+00	0.0000E+00	1.0670E+00
5.4600E+02	0.0000E+00	0.0000E+00	1.0643E+00
5.4700E+02	0.0000E+00	0.0000E+00	1.0671E+00
5.4800E+02	0.0000E+00	0.0000E+00	1.0778E+00
5.4900E+02	0.0000E+00	0.0000E+00	1.0818E+00
5.5000E+02	0.0000E+00	0.0000E+00	1.0845E+00
5.5100E+02	0.0000E+00	0.0000E+00	1.0894E+00
5.5200E+02	0.0000E+00	0.0000E+00	1.0890E+00
5.5300E+02	0.0000E+00	0.0000E+00	1.0880E+00
5.5400E+02	0.0000E+00	0.0000E+00	1.0811E+00
5.5500E+02	0.0000E+00	0.0000E+00	1.0799E+00
5.5600E+02	0.0000E+00	0.0000E+00	1.0750E+00
5.5700E+02	0.0000E+00	0.0000E+00	1.0712E+00
5.5800E+02	0.0000E+00	0.0000E+00	1.0678E+00
5.5900E+02	0.0000E+00	0.0000E+00	1.0626E+00
5.6000E+02	0.0000E+00	0.0000E+00	1.0556E+00
5.6100E+02	0.0000E+00	0.0000E+00	1.0348E+00
5.6200E+02	0.0000E+00	0.0000E+00	1.0342E+00
5.6300E+02	0.0000E+00	0.0000E+00	1.0351E+00
5.6400E+02	0.0000E+00	0.0000E+00	1.0394E+00
5.6500E+02	0.0000E+00	0.0000E+00	1.0463E+00
5.6600E+02	0.0000E+00	0.0000E+00	1.0617E+00
5.6700E+02	0.0000E+00	0.0000E+00	1.0670E+00
5.6800E+02	0.0000E+00	0.0000E+00	1.0531E+00
5.6900E+02	0.0000E+00	0.0000E+00	1.0690E+00
5.7000E+02	0.0000E+00	0.0000E+00	1.0883E+00
5.7100E+02	0.0000E+00	0.0000E+00	1.0735E+00
5.7200E+02	0.0000E+00	0.0000E+00	1.0682E+00
5.7300E+02	0.0000E+00	0.0000E+00	1.0763E+00
5.7400E+02	0.0000E+00	0.0000E+00	1.0833E+00
5.7500E+02	0.0000E+00	0.0000E+00	1.0873E+00
5.7600E+02	0.0000E+00	0.0000E+00	1.0958E+00
5.7700E+02	0.0000E+00	0.0000E+00	1.1035E+00
5.7800E+02	0.0000E+00	0.0000E+00	1.1026E+00
5.7900E+02	0.0000E+00	0.0000E+00	1.1026E+00
5.8000E+02	0.0000E+00	0.0000E+00	1.1016E+00
5.8100E+02	0.0000E+00	0.0000E+00	1.0946E+00
5.8200E+02	0.0000E+00	0.0000E+00	1.0925E+00
5.8300E+02	0.0000E+00	0.0000E+00	1.0889E+00
5.8400E+02	0.0000E+00	0.0000E+00	1.0866E+00
5.8500E+02	0.0000E+00	0.0000E+00	1.0814E+00
5.8600E+02	0.0000E+00	0.0000E+00	1.0703E+00
5.8700E+02	0.0000E+00	0.0000E+00	1.0725E+00
5.8800E+02	0.0000E+00	0.0000E+00	1.0732E+00
5.8900E+02	0.0000E+00	0.0000E+00	1.0803E+00
5.9000E+02	0.0000E+00	0.0000E+00	1.0914E+00
5.9100E+02	0.0000E+00	0.0000E+00	1.0807E+00
5.9200E+02	0.0000E+00	0.0000E+00	1.0797E+00
5.9300E+02	0.0000E+00	0.0000E+00	1.0939E+00
5.9400E+02	0.0000E+00	0.0000E+00	1.0822E+00
5.9500E+02	0.0000E+00	0.0000E+00	1.0787E+00
5.9600E+02	0.0000E+00	0.0000E+00	1.0859E+00
5.9700E+02	0.0000E+00	0.0000E+00	1.0951E+00
5.9800E+02	0.0000E+00	0.0000E+00	1.1002E+00
5.9900E+02	0.0000E+00	0.0000E+00	1.1157E+00
6.0000E+02	0.0000E+00	0.0000E+00	1.1288E+00
6.0100E+02	0.0000E+00	0.0000E+00	1.1338E+00
6.0200E+02	0.0000E+00	0.0000E+00	1.1338E+00
6.0300E+02	0.0000E+00	0.0000E+00	1.1347E+00
6.0400E+02	0.0000E+00	0.0000E+00	1.1328E+00
6.0500E+02	0.0000E+00	0.0000E+00	1.1337E+00
6.0600E+02	0.0000E+00	0.0000E+00	1.1258E+00
6.0700E+02	0.0000E+00	0.0000E+00	1.1218E+00
6.0800E+02	0.0000E+00	0.0000E+00	1.1198E+00
6.0900E+02	0.0000E+00	0.0000E+00	1.1128E+00
6.1000E+02	0.0000E+00	0.0000E+00	1.0987E+00
6.1100E+02	0.0000E+00	0.0000E+00	1.1002E+00
6.1200E+02	0.0000E+00	0.0000E+00	1.1018E+00
6.1300E+02	0.0000E+00	0.0000E+00	1.1119E+00
6.1400E+02	0.0000E+00	0.0000E+00	1.1109E+00
6.1500E+02	0.0000E+00	0.0000E+00	1.1039E+00
6.1600E+02	0.0000E+00	0.0000E+00	1.1099E+00
6.1700E+02	0.0000E+00	0.0000E+00	1.1209E+00
6.1800E+02	0.0000E+00	0.0000E+00	1.1029E+00
6.1900E+02	0.0000E+00	0.0000E+00	1.1070E+00
6.2000E+02	0.0000E+00	0.0000E+00	1.1179E+00
6.2100E+02	0.0000E+00	0.0000E+00	1.1300E+00
6.2200E+02	0.0000E+00	0.0000E+00	1.1479E+00
6.2300E+02	0.0000E+00	0.0000E+00	1.1680E+00
6.2400E+02	0.0000E+00	0.0000E+00	1.1840E+00
6.2500E+02	0.0000E+00	0.0000E+00	1.1919E+00
6.2600E+02	0.0000E+00	0.0000E+00	1.1920E+00
6.2700E+02	0.0000E+00	0.0000E+00	1.1900E+00
6.2800E+02	0.0000E+00	0.0000E+00	1.1890E+00
6.2900E+02	0.0000E+00	0.0000E+00	1.1850E+00
6.3000E+02	0.0000E+00	0.0000E+00	1.1750E+00
6.3100E+02	0.0000E+00	0.0000E+00	1.1690E+00
6.3200E+02	0.0000E+00	0.0000E+00	1.1660E+00
6.3300E+02	0.0000E+00	0.0000E+00	1.1571E+00
6.3400E+02	0.0000E+00	0.0000E+00	1.1571E+00
6.3500E+02	0.0000E+00	0.0000E+00	1.1521E+00
6.3600E+02	0.0000E+00	0.0000E+00	1.1541E+00
6.3700E+02	0.0000E+00	0.0000E+00	1.1520E+00
6.3800E+02	0.0000E+00	0.0000E+00	1.1481E+00
6.3900E+02	0.0000E+00	0.0000E+00	1.1511E+00
6.4000E+02	0.0000E+00	0.0000E+00	1.1501E+00
6.4100E+02	0.0000E+00	0.0000E+00	1.1482E+00
6.4200E+02	0.0000E+00	0.0000E+00	1.1501E+00
6.4300E+02	0.0000E+00	0.0000E+00	1.1522E+00
6.4400E+02	0.0000E+00	0.0000E+00	1.1621E+00
6.4500E+02	0.0000E+00	0.0000E+00	1.1752E+00
6.4600E+02	0.0000E+00	0.0000E+00	1.1861E+00
6.4700E+02	0.0000E+00	0.0000E+00	1.1972E+00
6.4800E+02	0.0000E+00	0.0000E+00	1.2122E+00
6.4900E+02	0.0000E+00	0.0000E+00	1.2212E+00
6.5000E+02	0.0000E+00	0.0000E+00	1.2162E+00
6.5100E+02	0.0000E+00	0.0000E+00	1.2172E+00
6.5200E+02	0.0000E+00	0.0000E+00	1.2172E+00
6.5300E+02	0.0000E+00	0.0000E+00	1.2202E+00
6.5400E+02	0.0000E+00	0.0000E+00	1.2133E+00
6.5500E+02	0.0000E+00	0.0000E+00	1.2093E+00
6.5600E+02	0.0000E+00	0.0000E+00	1.2073E+00
6.5700E+02	0.0000E+00	0.0000E+00	1.1953E+00
6.5800E+02	0.0000E+00	0.0000E+00	1.1953E+00
6.5900E+02	0.0000E+00	0.0000E+00	1.1893E+00
6.6000E+02	0.0000E+00	0.0000E+00	1.1883E+00
6.6100E+02	0.0000E+00	0.0000E+00	1.1842E+00
6.6200E+02	0.0000E+00	0.0000E+00	1.1823E+00
6.6300E+02	0.0000E+00	0.0000E+00	1.1803E+00
6.6400E+02	0.0000E+00	0.0000E+00	1.1773E+00
6.6500E+02	0.0000E+00	0.0000E+00	1.1783E+00
6.6600E+02	0.0000E+00	0.0000E+00	1.1823E+00
6.6700E+02	0.0000E+00	0.0000E+00	1.1894E+00
6.6800E+02	0.0000E+00	0.0000E+00	1.1974E+00
6.6900E+02	0.0000E+00	0.0000E+00	1.2084E+00
6.7000E+02	0.0000E+00	0.0000E+00	1.2183E+00
6.7100E+02	0.0000E+00	0.0000E+00	1.2224E+00
6.7200E+02	0.0000E+00	0.0000E+00	1.2274E+00
6.7300E+02	0.0000E+00	0.0000E+00	1.2284E+00
6.7400E+02	0.0000E+00	0.0000E+00	1.2254E+00
6.7500E+02	0.0000E+00	0.0000E+00	1.2214E+00
6.7600E+02	0.0000E+00	0.0000E+00	1.2184E+00
6.7700E+02	0.0000E+00	0.0000E+00	1.2144E+00
6.7800E+02	0.0000E+00	0.0000E+00	1.2064E+00
6.7900E+02	0.0000E+00	0.0000E+00	1.2054E+00
6.8000E+02	0.0000E+00	0.0000E+00	1.2004E+00
6.8100E+02	0.0000E+00	0.0000E+00	1.1985E+00
6.8200E+02	0.0000E+00	0.0000E+00	1.1935E+00
6.8300E+02	0.0000E+00	0.0000E+00	1.1915E+00
6.8400E+02	0.0000E+00	0.0000E+00	1.1895E+00
6.8500E+02	0.0000E+00	0.0000E+00	1.1845E+00
6.8600E+02	0.0000E+00	0.0000E+00	1.1825E+00
6.8700E+02	0.0000E+00	0.0000E+00	1.1585E+00
6.8800E+02	0.0000E+00	0.0000E+00	1.1525E+00
6.8900E+02	0.0000E+00	0.0000E+00	1.1535E+00
6.9000E+02	0.0000E+00	0.0000E+00	1.1555E+00
6.9100E+02	0.0000E+00	0.0000E+00	1.1635E+00
6.9200E+02	0.0000E+00	0.0000E+00	1.1745E+00
6.9300E+02	0.0000E+00	0.0000E+00	1.1795E+00
6.9400E+02	0.0000E+00	0.0000E+00	1.1945E+00
6.9500E+02	0.0000E+00	0.0000E+00	1.2025E+00
6.9600E+02	0.0000E+00	0.0000E+00	1.2055E+00
6.9700E+02	0.0000E+00	0.0000E+00	1.2065E+00
6.9800E+02	0.0000E+00	0.0000E+00	1.2016E+00
6.9900E+02	0.0000E+00	0.0000E+00	1.1956E+00
7.0000E+02	0.0000E+00	0.0000E+00	1.1905E+00
7.0100E+02	0.0000E+00	0.0000E+00	1.1865E+00
7.0200E+02	0.0000E+00	0.0000E+00	1.1846E+00
7.0300E+02	0.0000E+00	0.0000E+00	1.1776E+00
7.0400E+02	0.0000E+00	0.0000E+00	1.1706E+00
7.0500E+02	0.0000E+00	0.0000E+00	1.1696E+00
7.0600E+02	0.0000E+00	0.0000E+00	1.1646E+00
7.0700E+02	0.0000E+00	0.0000E+00	1.1596E+00
7.0800E+02	0.0000E+00	0.0000E+00	1.1637E+00
7.0900E+02	0.0000E+00	0.0000E+00	1.1596E+00
7.1000E+02	0.0000E+00	0.0000E+00	1.1586E+00
7.1100E+02	0.0000E+00	0.0000E+00	1.1516E+00
7.1200E+02	0.0000E+00	0.0000E+00	1.1517E+00
7.1300E+02	0.0000E+00	0.0000E+00	1.1487E+00
7.1400E+02	0.0000E+00	0.0000E+00	1.1476E+00
7.1500E+02	0.0000E+00	0.0000E+00	1.1446E+00
7.1600E+02	0.0000E+00	0.0000E+00	1.1477E+00
7.1700E+02	0.0000E+00	0.0000E+00	1.1517E+00
7.1800E+02	0.0000E+00	0.0000E+00	1.1527E+00
7.1900E+02	0.0000E+00	0.0000E+00	1.1507E+00
7.2000E+02	0.0000E+00	0.0000E+00	1.1507E+00
7.2100E+02	0.0000E+00	0.0000E+00	1.1497E+00
7.2200E+02	0.0000E+00	0.0000E+00	1.1477E+00
7.2300E+02	0.0000E+00	0.0000E+00	1.1417E+00
7.2400E+02	0.0000E+00	0.0000E+00	1.1388E+00
7.2500E+02	0.0000E+00	0.0000E+00	1.1338E+00
7.2600E+02	0.0000E+00	0.0000E+00	1.1358E+00
7.2700E+02	0.0000E+00	0.0000E+00	1.1298E+00
7.2800E+02	0.0000E+00	0.0000E+00	1.1288E+00
7.2900E+02	0.0000E+00	0.0000E+00	1.1268E+00
7.3000E+02	0.0000E+00	0.0000E+00	1.1268E+00
7.3100E+02	0.0000E+00	0.0000E+00	1.1248E+00
7.3200E+02	0.0000E+00	0.0000E+00	1.1258E+00
7.3300E+02	0.0000E+00	0.0000E+00	1.1249E+00
7.3400E+02	0.0000E+00	0.0000E+00	1.1238E+00
7.3500E+02	0.0000E+00	0.0000E+00	1.0994E+00
7.3600E+02	0.0000E+00	0.0000E+00	1.0985E+00
7.3700E+02	0.0000E+00	0.0000E+00	1.0974E+00
7.3800E+02	0.0000E+00	0.0000E+00	1.0975E+00
7.3900E+02	0.0000E+00	0.0000E+00	1.0971E+00
7.4000E+02	0.0000E+00	0.0000E+00	1.0980E+00
7.4100E+02	0.0000E+00	0.0000E+00	1.0976E+00
7.4200E+02	0.0000E+00	0.0000E+00	1.1010E+00
7.4300E+02	0.0000E+00	0.0000E+00	1.1016E+00
7.4400E+02	0.0000E+00	0.0000E+00	1.0982E+00
7.4500E+02	0.0000E+00	0.0000E+00	1.0964E+00
7.4600E+02	0.0000E+00	0.0000E+00	1.0936E+00
7.4700E+02	0.0000E+00	0.0000E+00	1.0926E+00
7.4800E+02	0.0000E+00	0.0000E+00	1.0946E+00
7.4900E+02	0.0000E+00	0.0000E+00	1.0945E+00
7.5000E+02	0.0000E+00	0.0000E+00	1.0897E+00
7.5100E+02	0.0000E+00	0.0000E+00	1.0895E+00
7.5200E+02	0.0000E+00	0.0000E+00	1.0865E+00
7.5300E+02	0.0000E+00	0.0000E+00	1.0868E+00
7.5400E+02	0.0000E+00	0.0000E+00	1.0826E+00
7.5500E+02	0.0000E+00	0.0000E+00	1.0817E+00
7.5600E+02	0.0000E+00	0.0000E+00	1.0760E+00
7.5700E+02	0.0000E+00	0.0000E+00	1.0775E+00
7.5800E+02	0.0000E+00	0.0000E+00	1.0635E+00
7.5900E+02	0.0000E+00	0.0000E+00	1.0634E+00
7.6000E+02	0.0000E+00	0.0000E+00	1.0660E+00
7.6100E+02	0.0000E+00	0.0000E+00	1.0645E+00
7.6200E+02	0.0000E+00	0.0000E+00	1.0627E+00
7.6300E+02	0.0000E+00	0.0000E+00	1.0651E+00
7.6400E+02	0.0000E+00	0.0000E+00	1.0620E+00
7.6500E+02	0.0000E+00	0.0000E+00	1.0653E+00
7.6600E+02	0.0000E+00	0.0000E+00	1.0610E+00
7.6700E+02	0.0000E+00	0.0000E+00	1.0614E+00
7.6800E+02	0.0000E+00	0.0000E+00	1.0614E+00
7.6900E+02	0.0000E+00	0.0000E+00	1.0598E+00
7.7000E+02	0.0000E+00	0.0000E+00	1.0604E+00
7.7100E+02	0.0000E+00	0.0000E+00	1.0596E+00
7.7200E+02	0.0000E+00	0.0000E+00	1.0595E+00
7.7300E+02	0.0000E+00	0.0000E+00	1.0555E+00
7.7400E+02	0.0000E+00	0.0000E+00	1.0519E+00
7.7500E+02	0.0000E+00	0.0000E+00	1.0480E+00
7.7600E+02	0.0000E+00	0.0000E+00	1.0443E+00
7.7700E+02	0.0000E+00	0.0000E+00	1.0440E+00
7.7800E+02	0.0000E+00	0.0000E+00	1.0425E+00
7.7900E+02	0.0000E+00	0.0000E+00	1.0400E+00
7.8000E+02	0.0000E+00	0.0000E+00	1.0400E+00
7.8100E+02	0.0000E+00	0.0000E+00	1.0417E+00
7.8200E+02	0.0000E+00	0.0000E+00	1.0335E+00
7.8300E+02	0.0000E+00	0.0000E+00	1.0333E+00
7.8400E+02	0.0000E+00	0.0000E+00	1.0329E+00
7.8500E+02	0.0000E+00	0.0000E+00	1.0305E+00
7.8600E+02	0.0000E+00	0.0000E+00	1.0331E+00
7.8700E+02	0.0000E+00	0.0000E+00	1.0328E+00
7.8800E+02	0.0000E+00	0.0000E+00	1.0375E+00
7.8900E+02	0.0000E+00	0.0000E+00	1.0501E+00
7.9000E+02	0.0000E+00	0.0000E+00	1.0570E+00
7.9100E+02	0.0000E+00	0.0000E+00	1.0688E+00
7.9200E+02	0.0000E+00	0.0000E+00	1.0800E+00
7.9300E+02	0.0000E+00	0.0000E+00	1.0860E+00
7.9400E+02	0.0000E+00	0.0000E+00	1.0885E+00
7.9500E+02	0.0000E+00	0.0000E+00	1.0867E+00
7.9600E+02	0.0000E+00	0.0000E+00	1.0843E+00
7.9700E+02	0.0000E+00	0.0000E+00	1.0805E+00
7.9800E+02	0.0000E+00	0.0000E+00	1.0748E+00
7.9900E+02	0.0000E+00	0.0000E+00	1.0691E+00
8.0000E+02	0.0000E+00	0.0000E+00	1.0652E+00
8.0100E+02	0.0000E+00	0.0000E+00	1.0637E+00
8.0200E+02	0.0000E+00	0.0000E+00	1.0622E+00
8.0300E+02	0.0000E+00	0.0000E+00	1.0590E+00
8.0400E+02	0.0000E+00	0.0000E+00	1.0600E+00
8.0500E+02	0.0000E+00	0.0000E+00	1.0585E+00
8.0600E+02	0.0000E+00	0.0000E+00	1.0555E+00
8.0700E+02	0.0000E+00	0.0000E+00	1.0574E+00
8.0800E+02	0.0000E+00	0.0000E+00	1.0551E+00
8.0900E+02	0.0000E+00	0.0000E+00	1.0574E+00
8.1000E+02	0.0000E+00	0.0000E+00	1.0555E+00
8.1100E+02	0.0000E+00	0.0000E+00	1.0607E+00
8.1200E+02	0.0000E+00	0.0000E+00	1.0695E+00
8.1300E+02	0.0000E+00	0.0000E+00	1.0799E+00
8.1400E+02	0.0000E+00	0.0000E+00	1.1035E+00
8.1500E+02	0.0000E+00	0.0000E+00	1.1215E+00
8.1600E+02	0.0000E+00	0.0000E+00	1.1375E+00
8.1700E+02	0.0000E+00	0.0000E+00	1.1495E+00
8.1800E+02	0.0000E+00	0.0000E+00	1.1575E+00
8.1900E+02	0.0000E+00	0.0000E+00	1.1565E+00
8.2000E+02	0.0000E+00	0.0000E+00	1.1535E+00
8.2100E+02	0.0000E+00	0.0000E+00	1.1495E+00
8.2200E+02	0.0000E+00	0.0000E+00	1.1415E+00
8.2300E+02	0.0000E+00	0.0000E+00	1.1375E+00
8.2400E+02	0.0000E+00	0.0000E+00	1.1316E+00
8.2500E+02	0.0000E+00	0.0000E+00	1.1276E+00
8.2600E+02	0.0000E+00	0.0000E+00	1.1246E+00
8.2700E+02	0.0000E+00	0.0000E+00	1.1236E+00
8.2800E+02	0.0000E+00	0.0000E+00	1.1196E+00
8.2900E+02	0.0000E+00	0.0000E+00	1.1146E+00
8.3000E+02	0.0000E+00	0.0000E+00	1.1146E+00
8.3100E+02	0.0000E+00	0.0000E+00	1.1126E+00
8.3200E+02	0.0000E+00	0.0000E+00	1.1096E+00
8.3300E+02	0.0000E+00	0.0000E+00	1.1076E+00
8.3400E+02	0.0000E+00	0.0000E+00	1.1127E+00
8.3500E+02	0.0000E+00	0.0000E+00	1.1097E+00
8.3600E+02	0.0000E+00	0.0000E+00	1.1186E+00
8.3700E+02	0.0000E+00	0.0000E+00	1.1336E+00
8.3800E+02	0.0000E+00	0.0000E+00	1.1507E+00
8.3900E+02	0.0000E+00	0.0000E+00	1.1697E+00
8.4000E+02	0.0000E+00	0.0000E+00	1.1867E+00
8.4100E+02	0.0000E+00	0.0000E+00	1.1957E+00
8.4200E+02	0.0000E+00	0.0000E+00	1.2007E+00
8.4300E+02	0.0000E+00	0.0000E+00	1.2007E+00
8.4400E+02	0.0000E+00	0.0000E+00	1.1987E+00
8.4500E+02	0.0000E+00	0.0000E+00	1.1927E+00
8.4600E+02	0.0000E+00	0.0000E+00	1.1907E+00
8.4700E+02	0.0000E+00	0.0000E+00	1.1797E+00
8.4800E+02	0.0000E+00	0.0000E+00	1.1798E+00
8.4900E+02	0.0000E+00	0.0000E+00	1.1768E+00
8.5000E+02	0.0000E+00	0.0000E+00	1.1698E+00
8.5100E+02	0.0000E+00	0.0000E+00	1.1688E+00
8.5200E+02	0.0000E+00	0.0000E+00	1.1638E+00
8.5300E+02	0.0000E+00	0.0000E+00	1.1628E+00
8.5400E+02	0.0000E+00	0.0000E+00	1.1578E+00
8.5500E+02	0.0000E+00	0.0000E+00	1.1588E+00
8.5600E+02	0.0000E+00	0.0000E+00	1.1548E+00
8.5700E+02	0.0000E+00	0.0000E+00	1.1528E+00
8.5800E+02	0.0000E+00	0.0000E+00	1.1499E+00
8.5900E+02	0.0000E+00	0.0000E+00	1.1529E+00
8.6000E+02	0.0000E+00	0.0000E+00	1.1619E+00
8.6100E+02	0.0000E+00	0.0000E+00	1.1758E+00
8.6200E+02	0.0000E+00	0.0000E+00	1.1909E+00
8.6300E+02	0.0000E+00	0.0000E+00	1.1969E+00
8.6400E+02	0.0000E+00	0.0000E+00	1.2089E+00
8.6500E+02	0.0000E+00	0.0000E+00	1.2129E+00
8.6600E+02	0.0000E+00	0.0000E+00	1.2130E+00
8.6700E+02	0.0000E+00	0.0000E+00	1.2109E+00
8.6800E+02	0.0000E+00	0.0000E+00	1.2110E+00
8.6900E+02	0.0000E+00	0.0000E+00	1.2079E+00
8.7000E+02	0.0000E+00	0.0000E+00	1.2050E+00
8.7100E+02	0.0000E+00	0.0000E+00	1.2039E+00
8.7200E+02	0.0000E+00	0.0000E+00	1.1980E+00
8.7300E+02	0.0000E+00	0.0000E+00	1.1940E+00
8.7400E+02	0.0000E+00	0.0000E+00	1.1920E+00
8.7500E+02	0.0000E+00	0.0000E+00	1.1890E+00
8.7600E+02	0.0000E+00	0.0000E+00	1.1880E+00
8.7700E+02	0.0000E+00	0.0000E+00	1.1861E+00
8.7800E+02	0.0000E+00	0.0000E+00	1.1811E+00
8.7900E+02	0.0000E+00	0.0000E+00	1.1750E+00
8.8000E+02	0.0000E+00	0.0000E+00	1.1741E+00
8.8100E+02	0.0000E+00	0.0000E+00	1.1730E+00
8.8200E+02	0.0000E+00	0.0000E+00	1.1711E+00
8.8300E+02	0.0000E+00	0.0000E+00	1.1790E+00
8.8400E+02	0.0000E+00	0.0000E+00	1.1930E+00
8.8500E+02	0.0000E+00	0.0000E+00	1.2181E+00
8.8600E+02	0.0000E+00	0.0000E+00	1.2541E+00
8.8700E+02	0.0000E+00	0.0000E+00	1.2741E+00
8.8800E+02	0.0000E+00	0.0000E+00	1.2962E+00
8.8900E+02	0.0000E+00	0.0000E+00	1.3012E+00
8.9000E+02	0.0000E+00	0.0000E+00	1.3112E+00
8.9100E+02	0.0000E+00	0.0000E+00	1.3062E+00
8.9200E+02	0.0000E+00	0.0000E+00	1.3042E+00
8.9300E+02	0.0000E+00	0.0000E+00	1.2982E+00
8.9400E+02	0.0000E+00	0.0000E+00	1.2922E+00
8.9500E+02	0.0000E+00	0.0000E+00	1.2892E+00
8.9600E+02	0.0000E+00	0.0000E+00	1.2822E+00
8.9700E+02	0.0000E+00	0.0000E+00	1.2722E+00
8.9800E+02	0.0000E+00	0.0000E+00	1.2652E+00
8.9900E+02	0.0000E+00	0.0000E+00	1.2562E+00
9.0000E+02	0.0000E+00	0.0000E+00	1.2513E+00
9.0100E+02	0.0000E+00	0.0000E+00	1.2503E+00
9.0200E+02	0.0000E+00	0.0000E+00	1.2423E+00
9.0300E+02	0.0000E+00	0.0000E+00	1.2423E+00
9.0400E+02	0.0000E+00	0.0000E+00	1.2352E+00
9.0500E+02	0.0000E+00	0.0000E+00	1.2313E+00
9.0600E+02	0.0000E+00	0.0000E+00	1.2273E+00
9.0700E+02	0.0000E+00	0.0000E+00	1.2293E+00
9.0800E+02	0.0000E+00	0.0000E+00	1.2333E+00
9.0900E+02	0.0000E+00	0.0000E+00	1.2443E+00
9.1000E+02	0.0000E+00	0.0000E+00	1.2553E+00
9.1100E+02	0.0000E+00	0.0000E+00	1.2663E+00
9.1200E+02	0.0000E+00	0.0000E+00	1.2753E+00
9.1300E+02	0.0000E+00	0.0000E+00	1.2794E+00
9.1400E+02	0.0000E+00	0.0000E+00	1.2864E+00
9.1500E+02	0.0000E+00	0.0000E+00	1.2904E+00
9.1600E+02	0.0000E+00	0.0000E+00	1.2854E+00
9.1700E+02	0.0000E+00	0.0000E+00	1.2804E+00
9.1800E+02	0.0000E+00	0.0000E+00	1.2754E+00
9.1900E+02	0.0000E+00	0.0000E+00	1.2734E+00
9.2000E+02	0.0000E+00	0.0000E+00	1.2674E+00
9.2100E+02	0.0000E+00	0.0000E+00	1.2635E+00
9.2200E+02	0.0000E+00	0.0000E+00	1.2544E+00
9.2300E+02	0.0000E+00	0.0000E+00	1.2534E+00
9.2400E+02	0.0000E+00	0.0000E+00	1.2494E+00
9.2500E+02	0.0000E+00	0.0000E+00	1.2475E+00
9.2600E+02	0.0000E+00	0.0000E+00	1.2425E+00
9.2700E+02	0.0000E+00	0.0000E+00	1.2345E+00
9.2800E+02	0.0000E+00	0.0000E+00	1.2335E+00
9.2900E+02	0.0000E+00	0.0000E+00	1.2335E+00
9.3000E+02	0.0000E+00	0.0000E+00	1.2185E+00
9.3100E+02	0.0000E+00	0.0000E+00	1.2255E+00
9.3200E+02	0.0000E+00	0.0000E+00	1.2355E+00
9.3300E+02	0.0000E+00	0.0000E+00	1.2535E+00
9.3400E+02	0.0000E+00	0.0000E+00	1.2815E+00
9.3500E+02	0.0000E+00	0.0000E+00	1.3015E+00
9.3600E+02	0.0000E+00	0.0000E+00	1.3215E+00
9.3700E+02	0.0000E+00	0.0000E+00	1.3315E+00
9.3800E+02	0.0000E+00	0.0000E+00	1.3345E+00
9.3900E+02	0.0000E+00	0.0000E+00	1.3285E+00
9.4000E+02	0.0000E+00	0.0000E+00	1.3305E+00
9.4100E+02	0.0000E+00	0.0000E+00	1.3315E+00
9.4200E+02	0.0000E+00	0.0000E+00	1.3216E+00
9.4300E+02	0.0000E+00	0.0000E+00	1.3126E+00
9.4400E+02	0.0000E+00	0.0000E+00	1.3105E+00
9.4500E+02	0.0000E+00	0.0000E+00	1.3046E+00
9.4600E+02	0.0000E+00	0.0000E+00	1.2966E+00
9.4700E+02	0.0000E+00	0.0000E+00	1.2966E+00
9.4800E+02	0.0000E+00	0.0000E+00	1.2946E+00
9.4900E+02	0.0000E+00	0.0000E+00	1.2846E+00
9.5000E+02	0.0000E+00	0.0000E+00	1.2806E+00
9.5100E+02	0.0000E+00	0.0000E+00	1.2756E+00
9.5200E+02	0.0000E+00	0.0000E+00	1.2656E+00
9.5300E+02	0.0000E+00	0.0000E+00	1.2627E+00
9.5400E+02	0.0000E+00	0.0000E+00	1.2607E+00
9.5500E+02	0.0000E+00	0.0000E+00	1.2606E+00
9.5600E+02	0.0000E+00	0.0000E+00	1.2606E+00
9.5700E+02	0.0000E+00	0.0000E+00	1.2707E+00
9.5800E+02	0.0000E+00	0.0000E+00	1.2807E+00
9.5900E+02	0.0000E+00	0.0000E+00	1.2916E+00
9.6000E+02	0.0000E+00	0.0000E+00	1.2996E+00
9.6100E+02	0.0000E+00	0.0000E+00	1.2967E+00
9.6200E+02	0.0000E+00	0.0000E+00	1.3027E+00
9.6300E+02	0.0000E+00	0.0000E+00	1.3007E+00
9.6400E+02	0.0000E+00	0.0000E+00	1.2987E+00
9.6500E+02	0.0000E+00	0.0000E+00	1.2947E+00
9.6600E+02	0.0000E+00	0.0000E+00	1.2917E+00
9.6700E+02	0.0000E+00	0.0000E+00	1.2847E+00
9.6800E+02	0.0000E+00	0.0000E+00	1.2807E+00
9.6900E+02	0.0000E+00	0.0000E+00	1.2708E+00
9.7000E+02	0.0000E+00	0.0000E+00	1.2708E+00
9.7100E+02	0.0000E+00	0.0000E+00	1.2638E+00
9.7200E+02	0.0000E+00	0.0000E+00	1.2618E+00
9.7300E+02	0.0000E+00	0.0000E+00	1.2588E+00
9.7400E+02	0.0000E+00	0.0000E+00	1.2559E+00
9.7500E+02	0.0000E+00	0.0000E+00	1.2488E+00
9.7600E+02	0.0000E+00	0.0000E+00	1.2518E+00
9.7700E+02	0.0000E+00	0.0000E+00	1.2418E+00
9.7800E+02	0.0000E+00	0.0000E+00	1.2399E+00
9.7900E+02	0.0000E+00	0.0000E+00	1.2339E+00
9.8000E+02	0.0000E+00	0.0000E+00	1.2338E+00
9.8100E+02	0.0000E+00	0.0000E+00	1.2349E+00
9.8200E+02	0.0000E+00	0.0000E+00	1.2429E+00
9.8300E+02	0.0000E+00	0.0000E+00	1.2529E+00
9.8400E+02	0.0000E+00	0.0000E+00	1.2579E+00
9.8500E+02	0.0000E+00	0.0000E+00	1.2599E+00
9.8600E+02	0.0000E+00	0.0000E+00	1.2639E+00
9.8700E+02	0.0000E+00	0.0000E+00	1.2629E+00
9.8800E+02	0.0000E+00	0.0000E+00	1.2589E+00
9.8900E+02	0.0000E+00	0.0000E+00	1.2510E+00
9.9000E+02	0.0000E+00	0.0000E+00	1.2480E+00
9.9100E+02	0.0000E+00	0.0000E+00	1.2460E+00
9.9200E+02	0.0000E+00	0.0000E+00	1.2430E+00
9.9300E+02	0.0000E+00	0.0000E+00	1.2370E+00
9.9400E+02	0.0000E+00	0.0000E+00	1.2330E+00
9.9500E+02	0.0000E+00	0.0000E+00	1.2300E+00
9.9600E+02	0.0000E+00	0.0000E+00	1.2250E+00
9.9700E+02	0.0000E+00	0.0000E+00	1.2250E+00
9.9800E+02	0.0000E+00	0.0000E+00	1.2240E+00
9.9900E+02	0.0000E+00	0.0000E+00	1.2171E+00
1.0000E+03	0.0000E+00	0.0000E+00	1.2171E+00
1.0010E+03	0.0000E+00	0.0000E+00	1.2091E+00
1.0020E+03	0.0000E+00	0.0000E+00	1.2101E+00
1.0030E+03	0.0000E+00	0.0000E+00	1.2061E+00
1.0040E+03	0.0000E+00	0.0000E+00	1.2111E+00
1.0050E+03	0.0000E+00	0.0000E+00	1.2111E+00
1.0060E+03	0.0000E+00	0.0000E+00	1.2232E+00
1.0070E+03	0.0000E+00	0.0000E+00	1.2351E+00
1.0080E+03	0.0000E+00	0.0000E+00	1.2432E+00
1.0090E+03	0.0000E+00	0.0000E+00	1.2642E+00
1.0100E+03	0.0000E+00	0.0000E+00	1.2631E+00
1.0110E+03	0.0000E+00	0.0000E+00	1.2631E+00
1.0120E+03	0.0000E+00	0.0000E+00	1.2622E+00
1.0130E+03	0.0000E+00	0.0000E+00	1.2641E+00
1.0140E+03	0.0000E+00	0.0000E+00	1.2542E+00
1.0150E+03	0.0000E+00	0.0000E+00	1.2482E+00
1.0160E+03	0.0000E+00	0.0000E+00	1.2462E+00
1.0170E+03	0.0000E+00	0.0000E+00	1.2332E+00
1.0180E+03	0.0000E+00	0.0000E+00	1.2343E+00
1.0190E+03	0.0000E+00	0.0000E+00	1.2332E+00
1.0200E+03	0.0000E+00	0.0000E+00	1.2302E+00
1.0210E+03	0.0000E+00	0.0000E+00	1.2243E+00
1.0220E+03	0.0000E+00	0.0000E+00	1.2222E+00
1.0230E+03	0.0000E+00	0.0000E+00	1.2213E+00
1.0240E+03	0.0000E+00	0.0000E+00	1.2183E+00
1.0250E+03	0.0000E+00	0.0000E+00	1.2113E+00
1.0260E+03	0.0000E+00	0.0000E+00	1.2063E+00
1.0270E+03	0.0000E+00	0.0000E+00	1.2073E+00
1.0280E+03	0.0000E+00	0.0000E+00	1.2064E+00
1.0290E+03	0.0000E+00	0.0000E+00	1.2183E+00
1.0300E+03	0.0000E+00	0.0000E+00	1.2303E+00
1.0310E+03	0.0000E+00	0.0000E+00	1.2474E+00
1.0320E+03	0.0000E+00	0.0000E+00	1.2574E+00
1.0330E+03	0.0000E+00	0.0000E+00	1.2723E+00
1.0340E+03	0.0000E+00	0.0000E+00	1.2764E+00
1.0350E+03	0.0000E+00	0.0000E+00	1.2774E+00
1.0360E+03	0.0000E+00	0.0000E+00	1.2754E+00
1.0370E+03	0.0000E+00	0.0000E+00	1.2654E+00
1.0380E+03	0.0000E+00	0.0000E+00	1.2644E+00
1.0390E+03	0.0000E+00	0.0000E+00	1.2624E+00
1.0400E+03	0.0000E+00	0.0000E+00	1.2564E+00
1.0410E+03	0.0000E+00	0.0000E+00	1.2465E+00
1.0420E+03	0.0000E+00	0.0000E+00	1.2464E+00
1.0430E+03	0.0000E+00	0.0000E+00	1.2434E+00
1.0440E+03	0.0000E+00	0.0000E+00	1.2425E+00
1.0450E+03	0.0000E+00	0.0000E+00	1.2365E+00
1.0460E+03	0.0000E+00	0.0000E+00	1.2355E+00
1.0470E+03	0.0000E+00	0.0000E+00	1.2315E+00
1.0480E+03	0.0000E+00	0.0000E+00	1.2305E+00
1.0490E+03	0.0000E+00	0.0000E+00	1.2225E+00
1.0500E+03	0.0000E+00	0.0000E+00	1.2185E+00
1.0510E+03	0.0000E+00	0.0000E+00	1.2145E+00
1.0520E+03	0.0000E+00	0.0000E+00	1.2195E+00
1.0530E+03	0.0000E+00	0.0000E+00	1.2245E+00
1.0540E+03	0.0000E+00	0.0000E+00	1.2385E+00
1.0550E+03	0.0000E+00	0.0000E+00	1.2575E+00
1.0560E+03	0.0000E+00	0.0000E+00	1.2725E+00
1.0570E+03	0.0000E+00	0.0000E+00	1.2865E+00
1.0580E+03	0.0000E+00	0.0000E+00	1.2925E+00
1.0590E+03	0.0000E+00	0.0000E+00	1.3005E+00
1.0600E+03	0.0000E+00	0.0000E+00	1.2945E+00
1.0610E+03	0.0000E+00	0.0000E+00	1.2915E+00
1.0620E+03	0.0000E+00	0.0000E+00	1.2835E+00
1.0630E+03	0.0000E+00	0.0000E+00	1.2796E+00
1.0640E+03	0.0000E+00	0.0000E+00	1.2726E+00
1.0650E+03	0.0000E+00	0.0000E+00	1.2646E+00
1.0660E+03	0.0000E+00	0.0000E+00	1.2635E+00
1.0670E+03	0.0000E+00	0.0000E+00	1.2616E+00
1.0680E+03	0.0000E+00	0.0000E+00	1.2526E+00
1.0690E+03	0.0000E+00	0.0000E+00	1.2486E+00
1.0700E+03	0.0000E+00	0.0000E+00	1.2466E+00
1.0710E+03	0.0000E+00	0.0000E+00	1.2426E+00
1.0720E+03	0.0000E+00	0.0000E+00	1.2397E+00
1.0730E+03	0.0000E+00	0.0000E+00	1.2356E+00
1.0740E+03	0.0000E+00	0.0000E+00	1.2297E+00
1.0750E+03	0.0000E+00	0.0000E+00	1.2287E+00
1.0760E+03	0.0000E+00	0.0000E+00	1.2306E+00
1.0770E+03	0.0000E+00	0.0000E+00	1.2437E+00
1.0780E+03	0.0000E+00	0.0000E+00	1.2626E+00
1.0790E+03	0.0000E+00	0.0000E+00	1.2817E+00
1.0800E+03	0.0000E+00	0.0000E+00	1.2997E+00
1.0810E+03	0.0000E+00	0.0000E+00	1.3157E+00
1.0820E+03	0.0000E+00	0.0000E+00	1.3227E+00
1.0830E+03	0.0000E+00	0.0000E+00	1.3287E+00
1.0840E+03	0.0000E+00	0.0000E+00	1.3218E+00
1.0850E+03	0.0000E+00	0.0000E+00	1.3227E+00
1.0860E+03	0.0000E+00	0.0000E+00	1.3148E+00
1.0870E+03	0.0000E+00	0.0000E+00	1.3087E+00
1.0880E+03	0.0000E+00	0.0000E+00	1.3068E+00
1.0890E+03	0.0000E+00	0.0000E+00	1.2938E+00
1.0900E+03	0.0000E+00	0.0000E+00	1.2937E+00
1.0910E+03	0.0000E+00	0.0000E+00	1.2908E+00
1.0920E+03	0.0000E+00	0.0000E+00	1.2828E+00
1.0930E+03	0.0000E+00	0.0000E+00	1.2808E+00
1.0940E+03	0.0000E+00	0.0000E+00	1.2758E+00
1.0950E+03	0.0000E+00	0.0000E+00	1.2688E+00
1.0960E+03	0.0000E+00	0.0000E+00	1.2659E+00
1.0970E+03	0.0000E+00	0.0000E+00	1.2598E+00
1.0980E+03	0.0000E+00	0.0000E+00	1.2528E+00
1.0990E+03	0.0000E+00	0.0000E+00	1.2529E+00
1.1000E+03	0.0000E+00	0.0000E+00	1.2519E+00
1.1010E+03	0.0000E+00	0.0000E+00	1.2689E+00
1.1020E+03	0.0000E+00	0.0000E+00	1.2839E+00
1.1030E+03	0.0000E+00	0.0000E+00	1.2999E+00
1.1040E+03	0.0000E+00	0.0000E+00	1.3189E+00
1.1050E+03	0.0000E+00	0.0000E+00	1.3300E+00
1.1060E+03	0.0000E+00	0.0000E+00	1.3360E+00
1.1070E+03	0.0000E+00	0.0000E+00	1.3410E+00
1.1080E+03	0.0000E+00	0.0000E+00	1.3339E+00
1.1090E+03	0.0000E+00	0.0000E+00	1.3340E+00
1.1100E+03	0.0000E+00	0.0000E+00	1.3289E+00
1.1110E+03	0.0000E+00	0.0000E+00	1.3200E+00
1.1120E+03	0.0000E+00	0.0000E+00	1.3150E+00
1.1130E+03	0.0000E+00	0.0000E+00	1.3079E+00
1.1140E+03	0.0000E+00	0.0000E+00	1.3030E+00
1.1150E+03	0.0000E+00	0.0000E+00	1.3010E+00
1.1160E+03	0.0000E+00	0.0000E+00	1.2990E+00
1.1170E+03	0.0000E+00	0.0000E+00	1.2881E+00
1.1180E+03	0.0000E+00	0.0000E+00	1.2830E+00
1.1190E+03	0.0000E+00	0.0000E+00	1.2820E+00
1.1200E+03	0.0000E+00	0.0000E+00	1.2711E+00
1.1210E+03	0.0000E+00	0.0000E+00	1.2691E+00
1.1220E+03	0.0000E+00	0.0000E+00	1.2621E+00
1.1230E+03	0.0000E+00	0.0000E+00	1.2601E+00
1.1240E+03	0.0000E+00	0.0000E+00	1.2621E+00
1.1250E+03	0.0000E+00	0.0000E+00	1.2701E+00
1.1260E+03	0.0000E+00	0.0000E+00	1.2751E+00
1.1270E+03	0.0000E+00	0.0000E+00	1.2841E+00
1.1280E+03	0.0000E+00	0.0000E+00	1.2932E+00
1.1290E+03	0.0000E+00	0.0000E+00	1.3012E+00
1.1300E+03	0.0000E+00	0.0000E+00	1.3072E+00
1.1310E+03	0.0000E+00	0.0000E+00	1.3082E+00
1.1320E+03	0.0000E+00	0.0000E+00	1.3052E+00
1.1330E+03	0.0000E+00	0.0000E+00	1.3012E+00
1.1340E+03	0.0000E+00	0.0000E+00	1.2992E+00
1.1350E+03	0.0000E+00	0.0000E+00	1.2922E+00
1.1360E+03	0.0000E+00	0.0000E+00	1.2892E+00
1.1370E+03	0.0000E+00	0.0000E+00	1.2802E+00
1.1380E+03	0.0000E+00	0.0000E+00	1.2752E+00
1.1390E+03	0.0000E+00	0.0000E+00	1.2733E+00
1.1400E+03	0.0000E+00	0.0000E+00	1.2662E+00
1.1410E+03	0.0000E+00	0.0000E+00	1.2672E+00
1.1420E+03	0.0000E+00	0.0000E+00	1.2642E+00
1.1430E+03	0.0000E+00	0.0000E+00	1.2602E+00
1.1440E+03	0.0000E+00	0.0000E+00	1.2483E+00
1.1450E+03	0.0000E+00	0.0000E+00	1.2473E+00
1.1460E+03	0.0000E+00	0.0000E+00	1.2433E+00
1.1470E+03	0.0000E+00	0.0000E+00	1.2413E+00
1.1480E+03	0.0000E+00	0.0000E+00	1.2364E+00
1.1490E+03	0.0000E+00	0.0000E+00	1.2393E+00
1.1500E+03	0.0000E+00	0.0000E+00	1.2473E+00
1.1510E+03	0.0000E+00	0.0000E+00	1.2513E+00
1.1520E+03	0.0000E+00	0.0000E+00	1.2654E+00
1.1530E+03	0.0000E+00	0.0000E+00	1.2704E+00
1.1540E+03	0.0000E+00	0.0000E+00	1.2774E+00
1.1550E+03	0.0000E+00	0.0000E+00	1.2824E+00
1.1560E+03	0.0000E+00	0.0000E+00	1.2804E+00
1.1570E+03	0.0000E+00	0.0000E+00	1.2754E+00
1.1580E+03	0.0000E+00	0.0000E+00	1.2704E+00
1.1590E+03	0.0000E+00	0.0000E+00	1.2685E+00
1.1600E+03	0.0000E+00	0.0000E+00	1.2634E+00
1.1610E+03	0.0000E+00	0.0000E+00	1.2565E+00
1.1620E+03	0.0000E+00	0.0000E+00	1.2494E+00
1.1630E+03	0.0000E+00	0.0000E+00	1.2454E+00
1.1640E+03	0.0000E+00	0.0000E+00	1.2474E+00
1.1650E+03	0.0000E+00	0.0000E+00	1.2425E+00
1.1660E+03	0.0000E+00	0.0000E+00	1.2395E+00
1.1670E+03	0.0000E+00	0.0000E+00	1.2365E+00
1.1680E+03	0.0000E+00	0.0000E+00	1.2365E+00
1.1690E+03	0.0000E+00	0.0000E+00	1.2345E+00
1.1700E+03	0.0000E+00	0.0000E+00	1.2325E+00
1.1710E+03	0.0000E+00	0.0000E+00	1.2255E+00
1.1720E+03	0.0000E+00	0.0000E+00	1.2255E+00
1.1730E+03	0.0000E+00	0.0000E+00	1.2295E+00
1.1740E+03	0.0000E+00	0.0000E+00	1.2365E+00
1.1750E+03	0.0000E+00	0.0000E+00	1.2385E+00
1.1760E+03	0.0000E+00	0.0000E+00	1.2365E+00
1.1770E+03	0.0000E+00	0.0000E+00	1.2345E+00
1.1780E+03	0.0000E+00	0.0000E+00	1.2295E+00
1.1790E+03	0.0000E+00	0.0000E+00	1.2305E+00
1.1800E+03	0.0000E+00	0.0000E+00	1.2275E+00
1.1810E+03	0.0000E+00	0.0000E+00	1.2215E+00
1.1820E+03	0.0000E+00	0.0000E+00	1.2206E+00
1.1830E+03	0.0000E+00	0.0000E+00	1.2186E+00
1.1840E+03	0.0000E+00	0.0000E+00	1.2146E+00
1.1850E+03	0.0000E+00	0.0000E+00	1.2086E+00
1.1860E+03	0.0000E+00	0.0000E+00	1.2096E+00
1.1870E+03	0.0000E+00	0.0000E+00	1.2086E+00
1.1880E+03	0.0000E+00	0.0000E+00	1.2105E+00
1.1890E+03	0.0000E+00	0.0000E+00	1.2046E+00
1.1900E+03	0.0000E+00	0.0000E+00	1.2066E+00
1.1910E+03	0.0000E+00	0.0000E+00	1.2006E+00
1.1920E+03	0.0000E+00	0.0000E+00	1.1987E+00
1.1930E+03	0.0000E+00	0.0000E+00	1.1917E+00
1.1940E+03	0.0000E+00	0.0000E+00	1.1927E+00
1.1950E+03	0.0000E+00	0.0000E+00	1.1937E+00
1.1960E+03	0.0000E+00	0.0000E+00	1.1957E+00
1.1970E+03	0.0000E+00	0.0000E+00	1.1997E+00
1.1980E+03	0.0000E+00	0.0000E+00	1.2077E+00
1.1990E+03	0.0000E+00	0.0000E+00	1.2207E+00
1.2000E+03	0.0000E+00	0.0000E+00	1.2267E+00
1.2010E+03	0.0000E+00	0.0000E+00	1.2347E+00
1.2020E+03	0.0000E+00	0.0000E+00	1.2426E+00
1.2030E+03	0.0000E+00	0.0000E+00	1.2377E+00
1.2040E+03	0.0000E+00	0.0000E+00	1.2406E+00
1.2050E+03	0.0000E+00	0.0000E+00	1.2416E+00
1.2060E+03	0.0000E+00	0.0000E+00	1.2386E+00
1.2070E+03	0.0000E+00	0.0000E+00	1.2326E+00
1.2080E+03	0.0000E+00	0.0000E+00	1.2305E+00
1.2090E+03	0.0000E+00	0.0000E+00	1.2235E+00
1.2100E+03	0.0000E+00	0.0000E+00	1.2205E+00
1.2110E+03	0.0000E+00	0.0000E+00	1.2185E+00
1.2120E+03	0.0000E+00	0.0000E+00	1.2175E+00
1.2130E+03	0.0000E+00	0.0000E+00	1.2165E+00
1.2140E+03	0.0000E+00	0.0000E+00	1.2125E+00
1.2150E+03	0.0000E+00	0.0000E+00	1.2065E+00
1.2160E+03	0.0000E+00	0.0000E+00	1.2074E+00
1.2170E+03	0.0000E+00	0.0000E+00	1.2025E+00
1.2180E+03	0.0000E+00	0.0000E+00	1.1974E+00
1.2190E+03	0.0000E+00	0.0000E+00	1.1954E+00
1.2200E+03	0.0000E+00	0.0000E+00	1.2004E+00
1.2210E+03	0.0000E+00	0.0000E+00	1.2114E+00
1.2220E+03	0.0000E+00	0.0000E+00	1.2194E+00
1.2230E+03	0.0000E+00	0.0000E+00	1.2243E+00
1.2240E+03	0.0000E+00	0.0000E+00	1.2333E+00
1.2250E+03	0.0000E+00	0.0000E+00	1.2352E+00
1.2260E+03	0.0000E+00	0.0000E+00	1.2392E+00
1.2270E+03	0.0000E+00	0.0000E+00	1.2402E+00
1.2280E+03	0.0000E+00	0.0000E+00	1.2382E+00
1.2290E+03	0.0000E+00	0.0000E+00	1.2442E+00
1.2300E+03	0.0000E+00	0.0000E+00	1.2361E+00
1.2310E+03	0.0000E+00	0.0000E+00	1.2352E+00
1.2320E+03	0.0000E+00	0.0000E+00	1.2301E+00
1.2330E+03	0.0000E+00	0.0000E+00	1.2241E+00
1.2340E+03	0.0000E+00	0.0000E+00	1.2221E+00
1.2350E+03	0.0000E+00	0.0000E+00	1.2191E+00
1.2360E+03	0.0000E+00	0.0000E+00	1.2161E+00
1.2370E+03	0.0000E+00	0.0000E+00	1.2170E+00
1.2380E+03	0.0000E+00	0.0000E+00	1.2110E+00
1.2390E+03	0.0000E+00	0.0000E+00	1.2100E+00
1.2400E+03	0.0000E+00	0.0000E+00	1.2069E+00
1.2410E+03	0.0000E+00	0.0000E+00	1.1990E+00
1.2420E+03	0.0000E+00	0.0000E+00	1.2000E+00
1.2430E+03	0.0000E+00	0.0000E+00	1.1929E+00
1.2440E+03	0.0000E+00	0.0000E+00	1.1969E+00
1.2450E+03	0.0000E+00	0.0000E+00	1.1959E+00
1.2460E+03	0.0000E+00	0.0000E+00	1.2058E+00
1.2470E+03	0.0000E+00	0.0000E+00	1.2178E+00
1.2480E+03	0.0000E+00	0.0000E+00	1.2359E+00
1.2490E+03	0.0000E+00	0.0000E+00	1.2498E+00
1.2500E+03	0.0000E+00	0.0000E+00	1.2588E+00
1.2510E+03	0.0000E+00	0.0000E+00	1.2637E+00
1.2520E+03	0.0000E+00	0.0000E+00	1.2637E+00
1.2530E+03	0.0000E+00	0.0000E+00	1.2627E+00
1.2540E+03	0.0000E+00	0.0000E+00	1.2567E+00
1.2550E+03	0.0000E+00	0.0000E+00	1.2526E+00
1.2560E+03	0.0000E+00	0.0000E+00	1.2436E+00
1.2570E+03	0.0000E+00	0.0000E+00	1.2396E+00
1.2580E+03	0.0000E+00	0.0000E+00	1.2336E+00
1.2590E+03	0.0000E+00	0.0000E+00	1.2306E+00
1.2600E+03	0.0000E+00	0.0000E+00	1.2296E+00
1.2610E+03	0.0000E+00	0.0000E+00	1.2256E+00
1.2620E+03	0.0000E+00	0.0000E+00	1.2165E+00
1.2630E+03	0.0000E+00	0.0000E+00	1.2185E+00
1.2640E+03	0.0000E+00	0.0000E+00	1.2115E+00
1.2650E+03	0.0000E+00	0.0000E+00	1.2095E+00
1.2660E+03	0.0000E+00	0.0000E+00	1.1995E+00
1.2670E+03	0.0000E+00	0.0000E+00	1.1985E+00
1.2680E+03	0.0000E+00	0.0000E+00	1.2015E+00
1.2690E+03	0.0000E+00	0.0000E+00	1.2144E+00
1.2700E+03	0.0000E+00	0.0000E+00	1.2305E+00
1.2710E+03	0.0000E+00	0.0000E+00	1.2525E+00
1.2720E+03	0.0000E+00	0.0000E+00	1.2784E+00
1.2730E+03	0.0000E+00	0.0000E+00	1.2924E+00
1.2740E+03	0.0000E+00	0.0000E+00	1.3014E+00
1.2750E+03	0.0000E+00	0.0000E+00	1.3074E+00
1.2760E+03	0.0000E+00	0.0000E+00	1.3034E+00
1.2770E+03	0.0000E+00	0.0000E+00	1.2963E+00
1.2780E+03	0.0000E+00	0.0000E+00	1.2913E+00
1.2790E+03	0.0000E+00	0.0000E+00	1.2883E+00
1.2800E+03	0.0000E+00	0.0000E+00	1.2793E+00
1.2810E+03	0.0000E+00	0.0000E+00	1.2752E+00
1.2820E+03	0.0000E+00	0.0000E+00	1.2682E+00
1.2830E+03	0.0000E+00	0.0000E+00	1.2631E+00
1.2840E+03	0.0000E+00	0.0000E+00	1.2611E+00
1.2850E+03	0.0000E+00	0.0000E+00	1.2551E+00
1.2860E+03	0.0000E+00	0.0000E+00	1.2511E+00
1.2870E+03	0.0000E+00	0.0000E+00	1.2431E+00
1.2880E+03	0.0000E+00	0.0000E+00	1.2381E+00
1.2890E+03	0.0000E+00	0.0000E+00	1.2351E+00
1.2900E+03	0.0000E+00	0.0000E+00	1.2250E+00
1.2910E+03	0.0000E+00	0.0000E+00	1.2220E+00
1.2920E+03	0.0000E+00	0.0000E+00	1.2290E+00
1.2930E+03	0.0000E+00	0.0000E+00	1.2460E+00
1.2940E+03	0.0000E+00	0.0000E+00	1.2700E+00
1.2950E+03	0.0000E+00	0.0000E+00	1.2939E+00
1.2960E+03	0.0000E+00	0.0000E+00	1.3129E+00
1.2970E+03	0.0000E+00	0.0000E+00	1.3279E+00
1.2980E+03	0.0000E+00	0.0000E+00	1.3378E+00
1.2990E+03	0.0000E+00	0.0000E+00	1.3488E+00
1.3000E+03	0.0000E+00	0.0000E+00	1.3428E+00
1.3010E+03	0.0000E+00	0.0000E+00	1.3358E+00
1.3020E+03	0.0000E+00	0.0000E+00	1.3277E+00
1.3030E+03	0.0000E+00	0.0000E+00	1.3218E+00
1.3040E+03	0.0000E+00	0.0000E+00	1.3128E+00
1.3050E+03	0.0000E+00	0.0000E+00	1.3057E+00
1.3060E+03	0.0000E+00	0.0000E+00	1.3007E+00
1.3070E+03	0.0000E+00	0.0000E+00	1.2967E+00
1.3080E+03	0.0000E+00	0.0000E+00	1.2857E+00
1.3090E+03	0.0000E+00	0.0000E+00	1.2837E+00
1.3100E+03	0.0000E+00	0.0000E+00	1.2756E+00
1.3110E+03	0.0000E+00	0.0000E+00	1.2716E+00
1.3120E+03	0.0000E+00	0.0000E+00	1.2656E+00
1.3130E+03	0.0000E+00	0.0000E+00	1.2605E+00
1.3140E+03	0.0000E+00	0.0000E+00	1.2546E+00
1.3150E+03	0.0000E+00	0.0000E+00	1.2535E+00
1.3160E+03	0.0000E+00	0.0000E+00	1.2555E+00
1.3170E+03	0.0000E+00	0.0000E+00	1.2495E+00
1.3180E+03	0.0000E+00	0.0000E+00	1.2575E+00
1.3190E+03	0.0000E+00	0.0000E+00	1.2665E+00
1.3200E+03	0.0000E+00	0.0000E+00	1.2665E+00
1.3210E+03	0.0000E+00	0.0000E+00	1.2685E+00
1.3220E+03	0.0000E+00	0.0000E+00	1.2665E+00
1.3230E+03	0.0000E+00	0.0000E+00	1.2615E+00
1.3240E+03	0.0000E+00	0.0000E+00	1.2624E+00
1.3250E+03	0.0000E+00	0.0000E+00	1.2614E+00
1.3260E+03	0.0000E+00	0.0000E+00	1.2574E+00
1.3270E+03	0.0000E+00	0.0000E+00	1.2523E+00
1.3280E+03	0.0000E+00	0.0000E+00	1.2493E+00
1.3290E+03	0.0000E+00	0.0000E+00	1.2413E+00
1.3300E+03	0.0000E+00	0.0000E+00	1.2423E+00
1.3310E+03	0.0000E+00	0.0000E+00	1.2353E+00
1.3320E+03	0.0000E+00	0.0000E+00	1.2312E+00
1.3330E+03	0.0000E+00	0.0000E+00	1.2283E+00
1.3340E+03	0.0000E+00	0.0000E+00	1.2272E+00
1.3350E+03	0.0000E+00	0.0000E+00	1.2232E+00
1.3360E+03	0.0000E+00	0.0000E+00	1.2171E+00
1.3370E+03	0.0000E+00	0.0000E+00	1.2122E+00
1.3380E+03	0.0000E+00	0.0000E+00	1.2111E+00
1.3390E+03	0.0000E+00	0.0000E+00	1.2101E+00
1.3400E+03	0.0000E+00	0.0000E+00	1.2072E+00
1.3410E+03	0.0000E+00	0.0000E+00	1.2111E+00
1.3420E+03	0.0000E+00	0.0000E+00	1.2271E+00
1.3430E+03	0.0000E+00	0.0000E+00	1.2490E+00
1.3440E+03	0.0000E+00	0.0000E+00	1.2670E+00
1.3450E+03	0.0000E+00	0.0000E+00	1.2830E+00
1.3460E+03	0.0000E+00	0.0000E+00	1.2890E+00
1.3470E+03	0.0000E+00	0.0000E+00	1.2910E+00
1.3480E+03	0.0000E+00	0.0000E+00	1.2889E+00
1.3490E+03	0.0000E+00	0.0000E+00	1.2830E+00
1.3500E+03	0.0000E+00	0.0000E+00	1.2809E+00
1.3510E+03	0.0000E+00	0.0000E+00	1.2689E+00
1.3520E+03	0.0000E+00	0.0000E+00	1.2639E+00
1.3530E+03	0.0000E+00	0.0000E+00	1.2599E+00
1.3540E+03	0.0000E+00	0.0000E+00	1.2518E+00
1.3550E+03	0.0000E+00	0.0000E+00	1.2528E+00
1.3560E+03	0.0000E+00	0.0000E+00	1.2468E+00
1.3570E+03	0.0000E+00	0.0000E+00	1.2388E+00
1.3580E+03	0.0000E+00	0.0000E+00	1.2407E+00
1.3590E+03	0.0000E+00	0.0000E+00	1.2367E+00
1.3600E+03	0.0000E+00	0.0000E+00	1.2327E+00
1.3610E+03	0.0000E+00	0.0000E+00	1.2287E+00
1.3620E+03	0.0000E+00	0.0000E+00	1.2307E+00
1.3630E+03	0.0000E+00	0.0000E+00	1.2336E+00
1.3640E+03	0.0000E+00	0.0000E+00	1.2286E+00
1.3650E+03	0.0000E+00	0.0000E+00	1.2266E+00
1.3660E+03	0.0000E+00	0.0000E+00	1.2226E+00
1.3670E+03	0.0000E+00	0.0000E+00	1.2276E+00
1.3680E+03	0.0000E+00	0.0000E+00	1.2305E+00
1.3690E+03	0.0000E+00	0.0000E+00	1.2356E+00
1.3700E+03	0.0000E+00	0.0000E+00	1.2325E+00
1.3710E+03	0.0000E+00	0.0000E+00	1.2345E+00
1.3720E+03	0.0000E+00	0.0000E+00	1.2335E+00
1.3730E+03	0.0000E+00	0.0000E+00	1.2255E+00
1.3740E+03	0.0000E+00	0.0000E+00	1.2225E+00
1.3750E+03	0.0000E+00	0.0000E+00	1.2195E+00
1.3760E+03	0.0000E+00	0.0000E+00	1.2165E+00
1.3770E+03	0.0000E+00	0.0000E+00	1.2115E+00
1.3780E+03	0.0000E+00	0.0000E+00	1.2064E+00
1.3790E+03	0.0000E+00	0.0000E+00	1.2065E+00
1.3800E+03	0.0000E+00	0.0000E+00	1.2034E+00
1.3810E+03	0.0000E+00	0.0000E+00	1.2023E+00
1.3820E+03	0.0000E+00	0.0000E+00	1.1974E+00
1.3830E+03	0.0000E+00	0.0000E+00	1.1963E+00
1.3840E+03	0.0000E+00	0.0000E+00	1.1923E+00
1.3850E+03	0.0000E+00	0.0000E+00	1.1842E+00
1.3860E+03	0.0000E+00	0.0000E+00	1.1823E+00
1.3870E+03	0.0000E+00	0.0000E+00	1.1803E+00
1.3880E+03	0.0000E+00	0.0000E+00	1.1802E+00
1.3890E+03	0.0000E+00	0.0000E+00	1.1822E+00
1.3900E+03	0.0000E+00	0.0000E+00	1.1862E+00
1.3910E+03	0.0000E+00	0.0000E+00	1.1921E+00
1.3920E+03	0.0000E+00	0.0000E+00	1.1961E+00
1.3930E+03	0.0000E+00	0.0000E+00	1.2032E+00
1.3940E+03	0.0000E+00	0.0000E+00	1.2091E+00
1.3950E+03	0.0000E+00	0.0000E+00	1.2160E+00
1.3960E+03	0.0000E+00	0.0000E+00	1.2200E+00
1.3970E+03	0.0000E+00	0.0000E+00	1.2150E+00
1.3980E+03	0.0000E+00	0.0000E+00	1.2101E+00
1.3990E+03	0.0000E+00	0.0000E+00	1.2100E+00
1.4000E+03	0.0000E+00	0.0000E+00	1.2059E+00
1.4010E+03	0.0000E+00	0.0000E+00	1.1999E+00
1.4020E+03	0.0000E+00	0.0000E+00	1.1989E+00
1.4030E+03	0.0000E+00	0.0000E+00	1.1949E+00
1.4040E+03	0.0000E+00	0.0000E+00	1.1929E+00
1.4050E+03	0.0000E+00	0.0000E+00	1.1919E+00
1.4060E+03	0.0000E+00	0.0000E+00	1.1879E+00
1.4070E+03	0.0000E+00	0.0000E+00	1.1849E+00
1.4080E+03	0.0000E+00	0.0000E+00	1.1838E+00
1.4090E+03	0.0000E+00	0.0000E+00	1.1818E+00
1.4100E+03	0.0000E+00	0.0000E+00	1.1818E+00
1.4110E+03	0.0000E+00	0.0000E+00	1.1768E+00
1.4120E+03	0.0000E+00	0.0000E+00	1.1797E+00
1.4130E+03	0.0000E+00	0.0000E+00	1.1847E+00
1.4140E+03	0.0000E+00	0.0000E+00	1.1987E+00
1.4150E+03	0.0000E+00	0.0000E+00	1.2246E+00
1.4160E+03	0.0000E+00	0.0000E+00	1.2496E+00
1.4170E+03	0.0000E+00	0.0000E+00	1.2716E+00
1.4180E+03	0.0000E+00	0.0000E+00	1.2796E+00
1.4190E+03	0.0000E+00	0.0000E+00	1.2706E+00
1.4200E+03	0.0000E+00	0.0000E+00	1.2736E+00
1.4210E+03	0.0000E+00	0.0000E+00	1.2616E+00
1.4220E+03	0.0000E+00	0.0000E+00	1.2595E+00
1.4230E+03	0.0000E+00	0.0000E+00	1.2505E+00
1.4240E+03	0.0000E+00	0.0000E+00	1.2375E+00
1.4250E+03	0.0000E+00	0.0000E+00	1.2325E+00
1.4260E+03	0.0000E+00	0.0000E+00	1.2265E+00
1.4270E+03	0.0000E+00	0.0000E+00	1.2215E+00
1.4280E+03	0.0000E+00	0.0000E+00	1.2185E+00
1.4290E+03	0.0000E+00	0.0000E+00	1.2165E+00
1.4300E+03	0.0000E+00	0.0000E+00	1.2135E+00
1.4310E+03	0.0000E+00	0.0000E+00	1.2045E+00
1.4320E+03	0.0000E+00	0.0000E+00	1.1985E+00
1.4330E+03	0.0000E+00	0.0000E+00	1.1974E+00
1.4340E+03	0.0000E+00	0.0000E+00	1.1914E+00
1.4350E+03	0.0000E+00	0.0000E+00	1.1894E+00
1.4360E+03	0.0000E+00	0.0000E+00	1.1863E+00
1.4370E+03	0.0000E+00	0.0000E+00	1.1993E+00
1.4380E+03	0.0000E+00	0.0000E+00	1.2193E+00
1.4390E+03	0.0000E+00	0.0000E+00	1.2373E+00
1.4400E+03	0.0000E+00	0.0000E+00	1.2573E+00
1.4410E+03	0.0000E+00	0.0000E+00	1.2682E+00
1.4420E+03	0.0000E+00	0.0000E+00	1.2822E+00
1.4430E+03	0.0000E+00	0.0000E+00	1.2912E+00
1.4440E+03	0.0000E+00	0.0000E+00	1.2872E+00
1.4450E+03	0.0000E+00	0.0000E+00	1.2842E+00
1.4460E+03	0.0000E+00	0.0000E+00	1.2752E+00
1.4470E+03	0.0000E+00	0.0000E+00	1.2661E+00
1.4480E+03	0.0000E+00	0.0000E+00	1.2651E+00
1.4490E+03	0.0000E+00	0.0000E+00	1.2531E+00
1.4500E+03	0.0000E+00	0.0000E+00	1.2441E+00
1.4510E+03	0.0000E+00	0.0000E+00	1.2360E+00
1.4520E+03	0.0000E+00	0.0000E+00	1.2291E+00
1.4530E+03	0.0000E+00	0.0000E+00	1.2241E+00
1.4540E+03	0.0000E+00	0.0000E+00	1.2210E+00
1.4550E+03	0.0000E+00	0.0000E+00	1.2150E+00
1.4560E+03	0.0000E+00	0.0000E+00	1.2079E+00
1.4570E+03	0.0000E+00	0.0000E+00	1.2049E+00
1.4580E+03	0.0000E+00	0.0000E+00	1.1959E+00
1.4590E+03	0.0000E+00	0.0000E+00	1.1929E+00
1.4600E+03	0.0000E+00	0.0000E+00	1.1869E+00
1.4610E+03	0.0000E+00	0.0000E+00	1.1918E+00
1.4620E+03	0.0000E+00	0.0000E+00	1.2018E+00
1.4630E+03	0.0000E+00	0.0000E+00	1.2178E+00
1.4640E+03	0.0000E+00	0.0000E+00	1.2258E+00
1.4650E+03	0.0000E+00	0.0000E+00	1.2407E+00
1.4660E+03	0.0000E+00	0.0000E+00	1.2438E+00
1.4670E+03	0.0000E+00	0.0000E+00	1.2478E+00
1.4680E+03	0.0000E+00	0.0000E+00	1.2438E+00
1.4690E+03	0.0000E+00	0.0000E+00	1.2387E+00
1.4700E+03	0.0000E+00	0.0000E+00	1.2357E+00
1.4710E+03	0.0000E+00	0.0000E+00	1.2297E+00
1.4720E+03	0.0000E+00	0.0000E+00	1.2236E+00
1.4730E+03	0.0000E+00	0.0000E+00	1.2166E+00
1.4740E+03	0.0000E+00	0.0000E+00	1.2166E+00
1.4750E+03	0.0000E+00	0.0000E+00	1.2056E+00
1.4760E+03	0.0000E+00	0.0000E+00	1.2065E+00
1.4770E+03	0.0000E+00	0.0000E+00	1.2006E+00
1.4780E+03	0.0000E+00	0.0000E+00	1.2005E+00
1.4790E+03	0.0000E+00	0.0000E+00	1.1975E+00
1.4800E+03	0.0000E+00	0.0000E+00	1.1905E+00
1.4810E+03	0.0000E+00	0.0000E+00	1.1895E+00
1.4820E+03	0.0000E+00	0.0000E+00	1.1835E+00
1.4830E+03	0.0000E+00	0.0000E+00	1.1775E+00
1.4840E+03	0.0000E+00	0.0000E+00	1.1745E+00
1.4850E+03	0.0000E+00	0.0000E+00	1.1805E+00
1.4860E+03	0.0000E+00	0.0000E+00	1.1895E+00
1.4870E+03	0.0000E+00	0.0000E+00	1.2014E+00
1.4880E+03	0.0000E+00	0.0000E+00	1.2164E+00
1.4890E+03	0.0000E+00	0.0000E+00	1.2325E+00
1.4900E+03	0.0000E+00	0.0000E+00	1.2404E+00
1.4910E+03	0.0000E+00	0.0000E+00	1.2453E+00
1.4920E+03	0.0000E+00	0.0000E+00	1.2464E+00
1.4930E+03	0.0000E+00	0.0000E+00	1.2383E+00
1.4940E+03	0.0000E+00	0.0000E+00	1.2354E+00
1.4950E+03	0.0000E+00	0.0000E+00	1.2313E+00
1.4960E+03	0.0000E+00	0.0000E+00	1.2232E+00
1.4970E+03	0.0000E+00	0.0000E+00	1.2163E+00
1.4980E+03	0.0000E+00	0.0000E+00	1.2122E+00
1.4990E+03	0.0000E+00	0.0000E+00	1.2062E+00
1.5000E+03	0.0000E+00	0.0000E+00	1.2072E+00
1.5010E+03	0.0000E+00	0.0000E+00	1.2002E+00
1.5020E+03	0.0000E+00	0.0000E+00	1.2002E+00
1.5030E+03	0.0000E+00	0.0000E+00	1.1981E+00
1.5040E+03	0.0000E+00	0.0000E+00	1.1881E+00
1.5050E+03	0.0000E+00	0.0000E+00	1.1821E+00
1.5060E+03	0.0000E+00	0.0000E+00	1.1821E+00
1.5070E+03	0.0000E+00	0.0000E+00	1.1801E+00
1.5080E+03	0.0000E+00	0.0000E+00	1.1750E+00
1.5090E+03	0.0000E+00	0.0000E+00	1.1740E+00
1.5100E+03	0.0000E+00	0.0000E+00	1.1740E+00
1.5110E+03	0.0000E+00	0.0000E+00	1.1790E+00
1.5120E+03	0.0000E+00	0.0000E+00	1.1880E+00
1.5130E+03	0.0000E+00	0.0000E+00	1.1910E+00
1.5140E+03	0.0000E+00	0.0000E+00	1.1999E+00
1.5150E+03	0.0000E+00	0.0000E+00	1.1979E+00
1.5160E+03	0.0000E+00	0.0000E+00	1.1959E+00
1.5170E+03	0.0000E+00	0.0000E+00	1.1949E+00
1.5180E+03	0.0000E+00	0.0000E+00	1.1928E+00
1.5190E+03	0.0000E+00	0.0000E+00	1.1858E+00
1.5200E+03	0.0000E+00	0.0000E+00	1.1868E+00
1.5210E+03	0.0000E+00	0.0000E+00	1.1807E+00
1.5220E+03	0.0000E+00	0.0000E+00	1.1757E+00
1.5230E+03	0.0000E+00	0.0000E+00	1.1737E+00
1.5240E+03	0.0000E+00	0.0000E+00	1.1718E+00
1.5250E+03	0.0000E+00	0.0000E+00	1.1707E+00
1.5260E+03	0.0000E+00	0.0000E+00	1.1677E+00
1.5270E+03	0.0000E+00	0.0000E+00	1.1637E+00
1.5280E+03	0.0000E+00	0.0000E+00	1.1586E+00
1.5290E+03	0.0000E+00	0.0000E+00	1.1577E+00
1.5300E+03	0.0000E+00	0.0000E+00	1.1496E+00
1.5310E+03	0.0000E+00	0.0000E+00	1.1456E+00
1.5320E+03	0.0000E+00	0.0000E+00	1.1476E+00
1.5330E+03	0.0000E+00	0.0000E+00	1.1495E+00
1.5340E+03	0.0000E+00	0.0000E+00	1.1615E+00
1.5350E+03	0.0000E+00	0.0000E+00	1.1785E+00
1.5360E+03	0.0000E+00	0.0000E+00	1.1905E+00
1.5370E+03	0.0000E+00	0.0000E+00	1.2035E+00
1.5380E+03	0.0000E+00	0.0000E+00	1.2065E+00
1.5390E+03	0.0000E+00	0.0000E+00	1.2155E+00
1.5400E+03	0.0000E+00	0.0000E+00	1.2165E+00
1.5410E+03	0.0000E+00	0.0000E+00	1.2124E+00
1.5420E+03	0.0000E+00	0.0000E+00	1.2055E+00
1.5430E+03	0.0000E+00	0.0000E+00	1.2014E+00
1.5440E+03	0.0000E+00	0.0000E+00	1.1954E+00
1.5450E+03	0.0000E+00	0.0000E+00	1.1894E+00
1.5460E+03	0.0000E+00	0.0000E+00	1.1864E+00
1.5470E+03	0.0000E+00	0.0000E+00	1.1843E+00
1.5480E+03	0.0000E+00	0.0000E+00	1.1833E+00
1.5490E+03	0.0000E+00	0.0000E+00	1.1773E+00
1.5500E+03	0.0000E+00	0.0000E+00	1.1733E+00
1.5510E+03	0.0000E+00	0.0000E+00	1.1682E+00
1.5520E+03	0.0000E+00	0.0000E+00	1.1642E+00
1.5530E+03	0.0000E+00	0.0000E+00	1.1592E+00
1.5540E+03	0.0000E+00	0.0000E+00	1.1572E+00
1.5550E+03	0.0000E+00	0.0000E+00	1.1472E+00
1.5560E+03	0.0000E+00	0.0000E+00	1.1482E+00
1.5570E+03	0.0000E+00	0.0000E+00	1.1521E+00
1.5580E+03	0.0000E+00	0.0000E+00	1.1632E+00
1.5590E+03	0.0000E+00	0.0000E+00	1.1761E+00
1.5600E+03	0.0000E+00	0.0000E+00	1.1891E+00
1.5610E+03	0.0000E+00	0.0000E+00	1.2041E+00
1.5620E+03	0.0000E+00	0.0000E+00	1.2141E+00
1.5630E+03	0.0000E+00	0.0000E+00	1.2240E+00
1.5640E+03	0.0000E+00	0.0000E+00	1.2220E+00
1.5650E+03	0.0000E+00	0.0000E+00	1.2230E+00
1.5660E+03	0.0000E+00	0.0000E+00	1.2150E+00
1.5670E+03	0.0000E+00	0.0000E+00	1.2090E+00
1.5680E+03	0.0000E+00	0.0000E+00	1.2019E+00
1.5690E+03	0.0000E+00	0.0000E+00	1.1949E+00
1.5700E+03	0.0000E+00	0.0000E+00	1.1919E+00
1.5710E+03	0.0000E+00	0.0000E+00	1.1839E+00
1.5720E+03	0.0000E+00	0.0000E+00	1.1828E+00
1.5730E+03	0.0000E+00	0.0000E+00	1.1779E+00
1.5740E+03	0.0000E+00	0.0000E+00	1.1709E+00
1.5750E+03	0.0000E+00	0.0000E+00	1.1688E+00
1.5760E+03	0.0000E+00	0.0000E+00	1.1618E+00
1.5770E+03	0.0000E+00	0.0000E+00	1.1557E+00
1.5780E+03	0.0000E+00	0.0000E+00	1.1497E+00
1.5790E+03	0.0000E+00	0.0000E+00	1.1508E+00
1.5800E+03	0.0000E+00	0.0000E+00	1.1417E+00
1.5810E+03	0.0000E+00	0.0000E+00	1.1427E+00
1.5820E+03	0.0000E+00	0.0000E+00	1.1547E+00
1.5830E+03	0.0000E+00	0.0000E+00	1.1657E+00
1.5840E+03	0.0000E+00	0.0000E+00	1.1756E+00
1.5850E+03	0.0000E+00	0.0000E+00	1.1846E+00
1.5860E+03	0.0000E+00	0.0000E+00	1.1916E+00
1.5870E+03	0.0000E+00	0.0000E+00	1.1946E+00
1.5880E+03	0.0000E+00	0.0000E+00	1.1976E+00
1.5890E+03	0.0000E+00	0.0000E+00	1.1936E+00
1.5900E+03	0.0000E+00	0.0000E+00	1.1895E+00
1.5910E+03	0.0000E+00	0.0000E+00	1.1845E+00
1.5920E+03	0.0000E+00	0.0000E+00	1.1795E+00
1.5930E+03	0.0000E+00	0.0000E+00	1.1715E+00
1.5940E+03	0.0000E+00	0.0000E+00	1.1695E+00
1.5950E+03	0.0000E+00	0.0000E+00	1.1655E+00
1.5960E+03	0.0000E+00	0.0000E+00	1.1625E+00
1.5970E+03	0.0000E+00	0.0000E+00	1.1575E+00
1.5980E+03	0.0000E+00	0.0000E+00	1.1534E+00
1.5990E+03	0.0000E+00	0.0000E+00	1.1495E+00
1.6000E+03	0.0000E+00	0.0000E+00	1.1474E+00
1.6010E+03	0.0000E+00	0.0000E+00	1.1414E+00
1.6020E+03	0.0000E+00	0.0000E+00	1.1364E+00
1.6030E+03	0.0000E+00	0.0000E+00	1.1294E+00
1.6040E+03	0.0000E+00	0.0000E+00	1.1233E+00
1.6050E+03	0.0000E+00	0.0000E+00	1.1264E+00
1.6060E+03	0.0000E+00	0.0000E+00	1.1343E+00
1.6070E+03	0.0000E+00	0.0000E+00	1.1493E+00
1.6080E+03	0.0000E+00	0.0000E+00	1.1623E+00
1.6090E+03	0.0000E+00	0.0000E+00	1.1792E+00
1.6100E+03	0.0000E+00	0.0000E+00	1.1842E+00
1.6110E+03	0.0000E+00	0.0000E+00	1.1912E+00
1.6120E+03	0.0000E+00	0.0000E+00	1.1902E+00
1.6130E+03	0.0000E+00	0.0000E+00	1.1902E+00
1.6140E+03	0.0000E+00	0.0000E+00	1.1851E+00
1.6150E+03	0.0000E+00	0.0000E+00	1.1791E+00
1.6160E+03	0.0000E+00	0.0000E+00	1.1731E+00
1.6170E+03	0.0000E+00	0.0000E+00	1.1651E+00
1.6180E+03	0.0000E+00	0.0000E+00	1.1640E+00
1.6190E+03	0.0000E+00	0.0000E+00	1.1600E+00
1.6200E+03	0.0000E+00	0.0000E+00	1.1560E+00
1.6210E+03	0.0000E+00	0.0000E+00	1.1521E+00
1.6220E+03	0.0000E+00	0.0000E+00	1.1460E+00
1.6230E+03	0.0000E+00	0.0000E+00	1.1420E+00
1.6240E+03	0.0000E+00	0.0000E+00	1.1409E+00
1.6250E+03	0.0000E+00	0.0000E+00	1.1329E+00
1.6260E+03	0.0000E+00	0.0000E+00	1.1269E+00
1.6270E+03	0.0000E+00	0.0000E+00	1.1209E+00
1.6280E+03	0.0000E+00	0.0000E+00	1.1159E+00
1.6290E+03	0.0000E+00	0.0000E+00	1.1149E+00
1.6300E+03	0.0000E+00	0.0000E+00	1.1218E+00
1.6310E+03	0.0000E+00	0.0000E+00	1.1309E+00
1.6320E+03	0.0000E+00	0.0000E+00	1.1488E+00
1.6330E+03	0.0000E+00	0.0000E+00	1.1588E+00
1.6340E+03	0.0000E+00	0.0000E+00	1.1727E+00
1.6350E+03	0.0000E+00	0.0000E+00	1.1757E+00
1.6360E+03	0.0000E+00	0.0000E+00	1.1777E+00
1.6370E+03	0.0000E+00	0.0000E+00	1.1767E+00
1.6380E+03	0.0000E+00	0.0000E+00	1.1697E+00
1.6390E+03	0.0000E+00	0.0000E+00	1.1637E+00
1.6400E+03	0.0000E+00	0.0000E+00	1.1567E+00
1.6410E+03	0.0000E+00	0.0000E+00	1.1517E+00
1.6420E+03	0.0000E+00	0.0000E+00	1.1476E+00
1.6430E+03	0.0000E+00	0.0000E+00	1.1416E+00
1.6440E+03	0.0000E+00	0.0000E+00	1.1416E+00
1.6450E+03	0.0000E+00	0.0000E+00	1.1366E+00
1.6460E+03	0.0000E+00	0.0000E+00	1.1305E+00
1.6470E+03	0.0000E+00	0.0000E+00	1.1275E+00
1.6480E+03	0.0000E+00	0.0000E+00	1.1245E+00
1.6490E+03	0.0000E+00	0.0000E+00	1.1195E+00
1.6500E+03	0.0000E+00	0.0000E+00	1.1115E+00
1.6510E+03	0.0000E+00	0.0000E+00	1.1085E+00
1.6520E+03	0.0000E+00	0.0000E+00	1.1045E+00
1.6530E+03	0.0000E+00	0.0000E+00	1.1055E+00
1.6540E+03	0.0000E+00	0.0000E+00	1.1115E+00
1.6550E+03	0.0000E+00	0.0000E+00	1.1194E+00
1.6560E+03	0.0000E+00	0.0000E+00	1.1335E+00
1.6570E+03	0.0000E+00	0.0000E+00	1.1484E+00
1.6580E+03	0.0000E+00	0.0000E+00	1.1594E+00
1.6590E+03	0.0000E+00	0.0000E+00	1.1644E+00
1.6600E+03	0.0000E+00	0.0000E+00	1.1673E+00
1.6610E+03	0.0000E+00	0.0000E+00	1.1633E+00
1.6620E+03	0.0000E+00	0.0000E+00	1.1623E+00
1.6630E+03	0.0000E+00	0.0000E+00	1.1563E+00
1.6640E+03	0.0000E+00	0.0000E+00	1.1533E+00
1.6650E+03	0.0000E+00	0.0000E+00	1.1422E+00
1.6660E+03	0.0000E+00	0.0000E+00	1.1403E+00
1.6670E+03	0.0000E+00	0.0000E+00	1.1412E+00
1.6680E+03	0.0000E+00	0.0000E+00	1.1332E+00
1.6690E+03	0.0000E+00	0.0000E+00	1.1282E+00
1.6700E+03	0.0000E+00	0.0000E+00	1.1222E+00
1.6710E+03	0.0000E+00	0.0000E+00	1.1212E+00
1.6720E+03	0.0000E+00	0.0000E+00	1.1151E+00
1.6730E+03	0.0000E+00	0.0000E+00	1.1091E+00
1.6740E+03	0.0000E+00	0.0000E+00	1.1031E+00
1.6750E+03	0.0000E+00	0.0000E+00	1.0991E+00
1.6760E+03	0.0000E+00	0.0000E+00	1.0953E+00
1.6770E+03	0.0000E+00	0.0000E+00	1.0945E+00
1.6780E+03	0.0000E+00	0.0000E+00	1.0970E+00
1.6790E+03	0.0000E+00	0.0000E+00	1.0956E+00
1.6800E+03	0.0000E+00	0.0000E+00	1.1079E+00
1.6810E+03	0.0000E+00	0.0000E+00	1.1200E+00
1.6820E+03	0.0000E+00	0.0000E+00	1.1300E+00
1.6830E+03	0.0000E+00	0.0000E+00	1.1369E+00
1.6840E+03	0.0000E+00	0.0000E+00	1.1389E+00
1.6850E+03	0.0000E+00	0.0000E+00	1.1399E+00
1.6860E+03	0.0000E+00	0.0000E+00	1.1369E+00
1.6870E+03	0.0000E+00	0.0000E+00	1.1338E+00
1.6880E+03	0.0000E+00	0.0000E+00	1.1288E+00
1.6890E+03	0.0000E+00	0.0000E+00	1.1189E+00
1.6900E+03	0.0000E+00	0.0000E+00	1.1198E+00
1.6910E+03	0.0000E+00	0.0000E+00	1.1168E+00
1.6920E+03	0.0000E+00	0.0000E+00	1.1138E+00
1.6930E+03	0.0000E+00	0.0000E+00	1.1078E+00
1.6940E+03	0.0000E+00	0.0000E+00	1.1057E+00
1.6950E+03	0.0000E+00	0.0000E+00	1.0977E+00
1.6960E+03	0.0000E+00	0.0000E+00	1.0947E+00
1.6970E+03	0.0000E+00	0.0000E+00	1.0922E+00
1.6980E+03	0.0000E+00	0.0000E+00	1.0865E+00
1.6990E+03	0.0000E+00	0.0000E+00	1.0838E+00
1.7000E+03	0.0000E+00	0.0000E+00	1.0776E+00
1.7010E+03	0.0000E+00	0.0000E+00	1.0768E+00
1.7020E+03	0.0000E+00	0.0000E+00	1.0750E+00
1.7030E+03	0.0000E+00	0.0000E+00	1.0785E+00
1.7040E+03	0.0000E+00	0.0000E+00	1.0816E+00
1.7050E+03	0.0000E+00	0.0000E+00	1.0927E+00
1.7060E+03	0.0000E+00	0.0000E+00	1.0995E+00
1.7070E+03	0.0000E+00	0.0000E+00	1.1115E+00
1.7080E+03	0.0000E+00	0.0000E+00	1.1185E+00
1.7090E+03	0.0000E+00	0.0000E+00	1.1255E+00
1.7100E+03	0.0000E+00	0.0000E+00	1.1245E+00
1.7110E+03	0.0000E+00	0.0000E+00	1.1204E+00
1.7120E+03	0.0000E+00	0.0000E+00	1.1135E+00
1.7130E+03	0.0000E+00	0.0000E+00	1.1064E+00
1.7140E+03	0.0000E+00	0.0000E+00	1.1065E+00
1.7150E+03	0.0000E+00	0.0000E+00	1.1044E+00
1.7160E+03	0.0000E+00	0.0000E+00	1.0994E+00
1.7170E+03	0.0000E+00	0.0000E+00	1.0983E+00
1.7180E+03	0.0000E+00	0.0000E+00	1.0930E+00
1.7190E+03	0.0000E+00	0.0000E+00	1.0875E+00
1.7200E+03	0.0000E+00	0.0000E+00	1.0822E+00
1.7210E+03	0.0000E+00	0.0000E+00	1.0771E+00
1.7220E+03	0.0000E+00	0.0000E+00	1.0742E+00
1.7230E+03	0.0000E+00	0.0000E+00	1.0700E+00
1.7240E+03	0.0000E+00	0.0000E+00	1.0673E+00
1.7250E+03	0.0000E+00	0.0000E+00	1.0669E+00
1.7260E+03	0.0000E+00	0.0000E+00	1.0702E+00
1.7270E+03	0.0000E+00	0.0000E+00	1.0725E+00
1.7280E+03	0.0000E+00	0.0000E+00	1.0850E+00
1.7290E+03	0.0000E+00	0.0000E+00	1.0949E+00
1.7300E+03	0.0000E+00	0.0000E+00	1.1041E+00
1.7310E+03	0.0000E+00	0.0000E+00	1.1111E+00
1.7320E+03	0.0000E+00	0.0000E+00	1.1131E+00
1.7330E+03	0.0000E+00	0.0000E+00	1.1110E+00
1.7340E+03	0.0000E+00	0.0000E+00	1.1071E+00
1.7350E+03	0.0000E+00	0.0000E+00	1.1061E+00
1.7360E+03	0.0000E+00	0.0000E+00	1.0980E+00
1.7370E+03	0.0000E+00	0.0000E+00	1.0959E+00
1.7380E+03	0.0000E+00	0.0000E+00	1.0917E+00
1.7390E+03	0.0000E+00	0.0000E+00	1.0906E+00
1.7400E+03	0.0000E+00	0.0000E+00	1.0884E+00
1.7410E+03	0.0000E+00	0.0000E+00	1.0830E+00
1.7420E+03	0.0000E+00	0.0000E+00	1.0753E+00
1.7430E+03	0.0000E+00	0.0000E+00	1.0702E+00
1.7440E+03	0.0000E+00	0.0000E+00	1.0685E+00
1.7450E+03	0.0000E+00	0.0000E+00	1.0664E+00
1.7460E+03	0.0000E+00	0.0000E+00	1.0596E+00
1.7470E+03	0.0000E+00	0.0000E+00	1.0550E+00
1.7480E+03	0.0000E+00	0.0000E+00	1.0492E+00
1.7490E+03	0.0000E+00	0.0000E+00	1.0519E+00
1.7500E+03	0.0000E+00	0.0000E+00	1.0543E+00
1.7510E+03	0.0000E+00	0.0000E+00	1.0625E+00
1.7520E+03	0.0000E+00	0.0000E+00	1.0747E+00
1.7530E+03	0.0000E+00	0.0000E+00	1.0905E+00
1.7540E+03	0.0000E+00	0.0000E+00	1.1026E+00
1.7550E+03	0.0000E+00	0.0000E+00	1.1107E+00
1.7560E+03	0.0000E+00	0.0000E+00	1.1097E+00
1.7570E+03	0.0000E+00	0.0000E+00	1.1116E+00
1.7580E+03	0.0000E+00	0.0000E+00	1.1106E+00
1.7590E+03	0.0000E+00	0.0000E+00	1.1046E+00
1.7600E+03	0.0000E+00	0.0000E+00	1.0986E+00
1.7610E+03	0.0000E+00	0.0000E+00	1.0940E+00
1.7620E+03	0.0000E+00	0.0000E+00	1.0885E+00
1.7630E+03	0.0000E+00	0.0000E+00	1.0875E+00
1.7640E+03	0.0000E+00	0.0000E+00	1.0850E+00
1.7650E+03	0.0000E+00	0.0000E+00	1.0776E+00
1.7660E+03	0.0000E+00	0.0000E+00	1.0735E+00
1.7670E+03	0.0000E+00	0.0000E+00	1.0705E+00
1.7680E+03	0.0000E+00	0.0000E+00	1.0652E+00
1.7690E+03	0.0000E+00	0.0000E+00	1.0611E+00
1.7700E+03	0.0000E+00	0.0000E+00	1.0563E+00
1.7710E+03	0.0000E+00	0.0000E+00	1.0530E+00
1.7720E+03	0.0000E+00	0.0000E+00	1.0510E+00
1.7730E+03	0.0000E+00	0.0000E+00	1.0505E+00
1.7740E+03	0.0000E+00	0.0000E+00	1.0564E+00
1.7750E+03	0.0000E+00	0.0000E+00	1.0631E+00
1.7760E+03	0.0000E+00	0.0000E+00	1.0747E+00
1.7770E+03	0.0000E+00	0.0000E+00	1.0861E+00
1.7780E+03	0.0000E+00	0.0000E+00	1.0953E+00
1.7790E+03	0.0000E+00	0.0000E+00	1.1013E+00
1.7800E+03	0.0000E+00	0.0000E+00	1.1013E+00
1.7810E+03	0.0000E+00	0.0000E+00	1.1033E+00
1.7820E+03	0.0000E+00	0.0000E+00	1.0983E+00
1.7830E+03	0.0000E+00	0.0000E+00	1.0948E+00
1.7840E+03	0.0000E+00	0.0000E+00	1.0913E+00
1.7850E+03	0.0000E+00	0.0000E+00	1.0865E+00
1.7860E+03	0.0000E+00	0.0000E+00	1.0853E+00
1.7870E+03	0.0000E+00	0.0000E+00	1.0624E+00
1.7880E+03	0.0000E+00	0.0000E+00	1.0586E+00
1.7890E+03	0.0000E+00	0.0000E+00	1.0585E+00
1.7900E+03	0.0000E+00	0.0000E+00	1.0543E+00
1.7910E+03	0.0000E+00	0.0000E+00	1.0514E+00
1.7920E+03	0.0000E+00	0.0000E+00	1.0440E+00
1.7930E+03	0.0000E+00	0.0000E+00	1.0384E+00
1.7940E+03	0.0000E+00	0.0000E+00	1.0387E+00
1.7950E+03	0.0000E+00	0.0000E+00	1.0304E+00
1.7960E+03	0.0000E+00	0.0000E+00	1.0253E+00
1.7970E+03	0.0000E+00	0.0000E+00	1.0258E+00
1.7980E+03	0.0000E+00	0.0000E+00	1.0258E+00
1.7990E+03	0.0000E+00	0.0000E+00	1.0359E+00
1.8000E+03	0.0000E+00	0.0000E+00	1.0447E+00
1.8010E+03	0.0000E+00	0.0000E+00	1.0598E+00
1.8020E+03	0.0000E+00	0.0000E+00	1.0685E+00
1.8030E+03	0.0000E+00	0.0000E+00	1.0742E+00
1.8040E+03	0.0000E+00	0.0000E+00	1.0776E+00
1.8050E+03	0.0000E+00	0.0000E+00	1.0795E+00
1.8060E+03	0.0000E+00	0.0000E+00	1.0783E+00
1.8070E+03	0.0000E+00	0.0000E+00	1.0752E+00
1.8080E+03	0.0000E+00	0.0000E+00	1.0712E+00
1.8090E+03	0.0000E+00	0.0000E+00	1.0615E+00
1.8100E+03	0.0000E+00	0.0000E+00	1.0605E+00
1.8110E+03	0.0000E+00	0.0000E+00	1.0581E+00
1.8120E+03	0.0000E+00	0.0000E+00	1.0553E+00
1.8130E+03	0.0000E+00	0.0000E+00	1.0516E+00
1.8140E+03	0.0000E+00	0.0000E+00	1.0462E+00
1.8150E+03	0.0000E+00	0.0000E+00	1.0464E+00
1.8160E+03	0.0000E+00	0.0000E+00	1.0368E+00
1.8170E+03	0.0000E+00	0.0000E+00	1.0393E+00
1.8180E+03	0.0000E+00	0.0000E+00	1.0368E+00
1.8190E+03	0.0000E+00	0.0000E+00	1.0323E+00
1.8200E+03	0.0000E+00	0.0000E+00	1.0325E+00
1.8210E+03	0.0000E+00	0.0000E+00	1.0345E+00
1.8220E+03	0.0000E+00	0.0000E+00	1.0395E+00
1.8230E+03	0.0000E+00	0.0000E+00	1.0475E+00
1.8240E+03	0.0000E+00	0.0000E+00	1.0537E+00
1.8250E+03	0.0000E+00	0.0000E+00	1.0591E+00
1.8260E+03	0.0000E+00	0.0000E+00	1.0638E+00
1.8270E+03	0.0000E+00	0.0000E+00	1.0639E+00
1.8280E+03	0.0000E+00	0.0000E+00	1.0640E+00
1.8290E+03	0.0000E+00	0.0000E+00	1.0666E+00
1.8300E+03	0.0000E+00	0.0000E+00	1.0655E+00
1.8310E+03	0.0000E+00	0.0000E+00	1.0646E+00
1.8320E+03	0.0000E+00	0.0000E+00	1.0702E+00
1.8330E+03	0.0000E+00	0.0000E+00	1.0835E+00
1.8340E+03	0.0000E+00	0.0000E+00	1.0867E+00
1.8350E+03	0.0000E+00	0.0000E+00	1.1093E+00
1.8360E+03	0.0000E+00	0.0000E+00	1.1453E+00
1.8370E+03	0.0000E+00	0.0000E+00	1.1733E+00
1.8380E+03	0.0000E+00	0.0000E+00	1.1913E+00
1.8390E+03	0.0000E+00	0.0000E+00	1.1922E+00
1.8400E+03	0.0000E+00	0.0000E+00	1.1813E+00
1.8410E+03	0.0000E+00	0.0000E+00	1.1712E+00
1.8420E+03	0.0000E+00	0.0000E+00	1.1622E+00
1.8430E+03	0.0000E+00	0.0000E+00	1.1541E+00
1.8440E+03	0.0000E+00	0.0000E+00	1.1492E+00
1.8450E+03	0.0000E+00	0.0000E+00	1.1382E+00
1.8460E+03	0.0000E+00	0.0000E+00	1.1331E+00
1.8470E+03	0.0000E+00	0.0000E+00	1.1331E+00
1.8480E+03	0.0000E+00	0.0000E+00	1.1381E+00
1.8490E+03	0.0000E+00	0.0000E+00	1.1421E+00
1.8500E+03	0.0000E+00	0.0000E+00	1.1440E+00
1.8510E+03	0.0000E+00	0.0000E+00	1.1400E+00
1.8520E+03	0.0000E+00	0.0000E+00	1.1350E+00
1.8530E+03	0.0000E+00	0.0000E+00	1.1310E+00
1.8540E+03	0.0000E+00	0.0000E+00	1.1230E+00
1.8550E+03	0.0000E+00	0.0000E+00	1.1200E+00
1.8560E+03	0.0000E+00	0.0000E+00	1.1190E+00
1.8570E+03	0.0000E+00	0.0000E+00	1.1199E+00
1.8580E+03	0.0000E+00	0.0000E+00	1.1130E+00
1.8590E+03	0.0000E+00	0.0000E+00	1.1099E+00
1.8600E+03	0.0000E+00	0.0000E+00	1.1048E+00
1.8610E+03	0.0000E+00	0.0000E+00	1.1048E+00
1.8620E+03	0.0000E+00	0.0000E+00	1.0979E+00
1.8630E+03	0.0000E+00	0.0000E+00	1.0948E+00
1.8640E+03	0.0000E+00	0.0000E+00	1.0901E+00
1.8650E+03	0.0000E+00	0.0000E+00	1.0807E+00
1.8660E+03	0.0000E+00	0.0000E+00	1.0765E+00
1.8670E+03	0.0000E+00	0.0000E+00	1.0700E+00
1.8680E+03	0.0000E+00	0.0000E+00	1.0639E+00
1.8690E+03	0.0000E+00	0.0000E+00	1.0655E+00
1.8700E+03	0.0000E+00	0.0000E+00	1.0631E+00
1.8710E+03	0.0000E+00	0.0000E+00	1.0619E+00
1.8720E+03	0.0000E+00	0.0000E+00	1.0685E+00
1.8730E+03	0.0000E+00	0.0000E+00	1.0759E+00
1.8740E+03	0.0000E+00	0.0000E+00	1.0811E+00
1.8750E+03	0.0000E+00	0.0000E+00	1.0863E+00
1.8760E+03	0.0000E+00	0.0000E+00	1.0899E+00
1.8770E+03	0.0000E+00	0.0000E+00	1.0880E+00
1.8780E+03	0.0000E+00	0.0000E+00	1.0835E+00
1.8790E+03	0.0000E+00	0.0000E+00	1.0811E+00
1.8800E+03	0.0000E+00	0.0000E+00	1.0729E+00
1.8810E+03	0.0000E+00	0.0000E+00	1.0683E+00
1.8820E+03	0.0000E+00	0.0000E+00	1.0665E+00
1.8830E+03	0.0000E+00	0.0000E+00	1.0661E+00
1.8840E+03	0.0000E+00	0.0000E+00	1.0620E+00
1.8850E+03	0.0000E+00	0.0000E+00	1.0602E+00
1.8860E+03	0.0000E+00	0.0000E+00	1.0572E+00
1.8870E+03	0.0000E+00	0.0000E+00	1.0485E+00
1.8880E+03	0.0000E+00	0.0000E+00	1.0445E+00
1.8890E+03	0.0000E+00	0.0000E+00	1.0445E+00
1.8900E+03	0.0000E+00	0.0000E+00	1.0398E+00
1.8910E+03	0.0000E+00	0.0000E+00	1.0368E+00
1.8920E+03	0.0000E+00	0.0000E+00	1.0283E+00
1.8930E+03	0.0000E+00	0.0000E+00	1.0265E+00
1.8940E+03	0.0000E+00	0.0000E+00	1.0220E+00
1.8950E+03	0.0000E+00	0.0000E+00	1.0232E+00
1.8960E+03	0.0000E+00	0.0000E+00	1.0269E+00
1.8970E+03	0.0000E+00	0.0000E+00	1.0333E+00
1.8980E+03	0.0000E+00	0.0000E+00	1.0442E+00
1.8990E+03	0.0000E+00	0.0000E+00	1.0475E+00
1.9000E+03	0.0000E+00	0.0000E+00	1.0520E+00
1.9010E+03	0.0000E+00	0.0000E+00	1.0507E+00
1.9020E+03	0.0000E+00	0.0000E+00	1.0504E+00
1.9030E+03	0.0000E+00	0.0000E+00	1.0463E+00
1.9040E+03	0.0000E+00	0.0000E+00	1.0442E+00
1.9050E+03	0.0000E+00	0.0000E+00	1.0394E+00
1.9060E+03	0.0000E+00	0.0000E+00	1.0365E+00
1.9070E+03	0.0000E+00	0.0000E+00	1.0353E+00
1.9080E+03	0.0000E+00	0.0000E+00	1.0328E+00
1.9090E+03	0.0000E+00	0.0000E+00	1.0315E+00
1.9100E+03	0.0000E+00	0.0000E+00	1.0279E+00
1.9110E+03	0.0000E+00	0.0000E+00	1.0240E+00
1.9120E+03	0.0000E+00	0.0000E+00	1.0210E+00
1.9130E+03	0.0000E+00	0.0000E+00	1.0170E+00
1.9140E+03	0.0000E+00	0.0000E+00	1.0176E+00
1.9150E+03	0.0000E+00	0.0000E+00	1.0130E+00
1.9160E+03	0.0000E+00	0.0000E+00	1.0078E+00
1.9170E+03	0.0000E+00	0.0000E+00	1.0066E+00
1.9180E+03	0.0000E+00	0.0000E+00	1.0063E+00
1.9190E+03	0.0000E+00	0.0000E+00	1.0031E+00
1.9200E+03	0.0000E+00	0.0000E+00	1.0022E+00
1.9210E+03	0.0000E+00	0.0000E+00	1.0072E+00
1.9220E+03	0.0000E+00	0.0000E+00	1.0158E+00
1.9230E+03	0.0000E+00	0.0000E+00	1.0237E+00
1.9240E+03	0.0000E+00	0.0000E+00	1.0296E+00
1.9250E+03	0.0000E+00	0.0000E+00	1.0322E+00
1.9260E+03	0.0000E+00	0.0000E+00	1.0305E+00
1.9270E+03	0.0000E+00	0.0000E+00	1.0315E+00
1.9280E+03	0.0000E+00	0.0000E+00	1.0256E+00
1.9290E+03	0.0000E+00	0.0000E+00	1.0235E+00
1.9300E+03	0.0000E+00	0.0000E+00	1.0214E+00
1.9310E+03	0.0000E+00	0.0000E+00	1.0224E+00
1.9320E+03	0.0000E+00	0.0000E+00	1.0192E+00
1.9330E+03	0.0000E+00	0.0000E+00	1.0185E+00
1.9340E+03	0.0000E+00	0.0000E+00	1.0140E+00
1.9350E+03	0.0000E+00	0.0000E+00	1.0099E+00
1.9360E+03	0.0000E+00	0.0000E+00	1.0082E+00
1.9370E+03	0.0000E+00	0.0000E+00	1.0058E+00
1.9380E+03	0.0000E+00	0.0000E+00	1.0036E+00
1.9390E+03	0.0000E+00	0.0000E+00	9.9845E-01
1.9400E+03	0.0000E+00	0.0000E+00	9.9064E-01
1.9410E+03	0.0000E+00	0.0000E+00	9.9355E-01
1.9420E+03	0.0000E+00	0.0000E+00	9.8900E-01
1.9430E+03	0.0000E+00	0.0000E+00	9.8482E-01
1.9440E+03	0.0000E+00	0.0000E+00	9.8482E-01
1.9450E+03	0.0000E+00	0.0000E+00	9.9527E-01
1.9460E+03	0.0000E+00	0.0000E+00	1.0015E+00
1.9470E+03	0.0000E+00	0.0000E+00	1.0055E+00
1.9480E+03	0.0000E+00	0.0000E+00	1.0158E+00
1.9490E+03	0.0000E+00	0.0000E+00	1.0170E+00
1.9500E+03	0.0000E+00	0.0000E+00	1.0184E+00
1.9510E+03	0.0000E+00	0.0000E+00	1.0132E+00
1.9520E+03	0.0000E+00	0.0000E+00	1.0086E+00
1.9530E+03	0.0000E+00	0.0000E+00	1.0070E+00
1.9540E+03	0.0000E+00	0.0000E+00	1.0066E+00
1.9550E+03	0.0000E+00	0.0000E+00	1.0042E+00
1.9560E+03	0.0000E+00	0.0000E+00	1.0059E+00
1.9570E+03	0.0000E+00	0.0000E+00	1.0025E+00
1.9580E+03	0.0000E+00	0.0000E+00	1.0012E+00
1.9590E+03	0.0000E+00	0.0000E+00	9.9755E-01
1.9600E+03	0.0000E+00	0.0000E+00	9.9682E-01
1.9610E+03	0.0000E+00	0.0000E+00	9.9209E-01
1.9620E+03	0.0000E+00	0.0000E+00	9.9000E-01
1.9630E+03	0.0000E+00	0.0000E+00	9.8700E-01
1.9640E+03	0.0000E+00	0.0000E+00	9.8200E-01
1.9650E+03	0.0000E+00	0.0000E+00	9.8064E-01
1.9660E+03	0.0000E+00	0.0000E+00	9.7800E-01
1.9670E+03	0.0000E+00	0.0000E+00	9.7536E-01
1.9680E+03	0.0000E+00	0.0000E+00	9.7618E-01
1.9690E+03	0.0000E+00	0.0000E+00	9.7400E-01
1.9700E+03	0.0000E+00	0.0000E+00	9.7536E-01
1.9710E+03	0.0000E+00	0.0000E+00	9.7555E-01
1.9720E+03	0.0000E+00	0.0000E+00	9.7845E-01
1.9730E+03	0.0000E+00	0.0000E+00	9.8227E-01
1.9740E+03	0.0000E+00	0.0000E+00	9.8282E-01
1.9750E+03	0.0000E+00	0.0000E+00	9.7864E-01
1.9760E+03	0.0000E+00	0.0000E+00	9.7836E-01
1.9770E+03	0.0000E+00	0.0000E+00	9.7855E-01
1.9780E+03	0.0000E+00	0.0000E+00	9.7891E-01
1.9790E+03	0.0000E+00	0.0000E+00	9.8018E-01
1.9800E+03	0.0000E+00	0.0000E+00	9.8091E-01
1.9810E+03	0.0000E+00	0.0000E+00	9.7864E-01
1.9820E+03	0.0000E+00	0.0000E+00	9.7691E-01
1.9830E+03	0.0000E+00	0.0000E+00	9.7636E-01
1.9840E+03	0.0000E+00	0.0000E+00	9.7582E-01
1.9850E+03	0.0000E+00	0.0000E+00	9.7300E-01
1.9860E+03	0.0000E+00	0.0000E+00	9.7164E-01
1.9870E+03	0.0000E+00	0.0000E+00	9.7027E-01
1.9880E+03	0.0000E+00	0.0000E+00	9.6682E-01
1.9890E+03	0.0000E+00	0.0000E+00	9.6309E-01
1.9900E+03	0.0000E+00	0.0000E+00	9.6400E-01
1.9910E+03	0.0000E+00	0.0000E+00	9.6027E-01
1.9920E+03	0.0000E+00	0.0000E+00	9.5927E-01
1.9930E+03	0.0000E+00	0.0000E+00	9.5864E-01
1.9940E+03	0.0000E+00	0.0000E+00	9.6145E-01
1.9950E+03	0.0000E+00	0.0000E+00	9.6236E-01
1.9960E+03	0.0000E+00	0.0000E+00	9.7055E-01
1.9970E+03	0.0000E+00	0.0000E+00	9.7464E-01
1.9980E+03	0.0000E+00	0.0000E+00	9.7664E-01
1.9990E+03	0.0000E+00	0.0000E+00	9.7918E-01
2.0000E+03	0.0000E+00	0.0000E+00	9.7455E-01
2.0010E+03	0.0000E+00	0.0000E+00	9.7455E-01
2.0020E+03	0.0000E+00	0.0000E+00	9.7545E-01
2.0030E+03	0.0000E+00	0.0000E+00	9.7191E-01
2.0040E+03	0.0000E+00	0.0000E+00	9.7545E-01
2.0050E+03	0.0000E+00	0.0000E+00	9.7009E-01
2.0060E+03	0.0000E+00	0.0000E+00	9.6836E-01
2.0070E+03	0.0000E+00	0.0000E+00	9.6927E-01
2.0080E+03	0.0000E+00	0.0000E+00	9.6773E-01
2.0090E+03	0.0000E+00	0.0000E+00	9.6464E-01
2.0100E+03	0.0000E+00	0.0000E+00	9.6418E-01
2.0110E+03	0.0000E+00	0.0000E+00	9.5964E-01
2.0120E+03	0.0000E+00	0.0000E+00	9.5782E-01
2.0130E+03	0.0000E+00	0.0000E+00	9.5555E-01
2.0140E+03	0.0000E+00	0.0000E+00	9.5764E-01
2.0150E+03	0.0000E+00	0.0000E+00	9.5318E-01
2.0160E+03	0.0000E+00	0.0000E+00	9.5155E-01
2.0170E+03	0.0000E+00	0.0000E+00	9.5073E-01
2.0180E+03	0.0000E+00	0.0000E+00	9.5464E-01
2.0190E+03	0.0000E+00	0.0000E+00	9.5182E-01
2.0200E+03	0.0000E+00	0.0000E+00	9.5491E-01
2.0210E+03	0.0000E+00	0.0000E+00	9.5582E-01
2.0220E+03	0.0000E+00	0.0000E+00	9.5582E-01
2.0230E+03	0.0000E+00	0.0000E+00	9.5809E-01
2.0240E+03	0.0000E+00	0.0000E+00	9.5827E-01
2.0250E+03	0.0000E+00	0.0000E+00	9.5845E-01
2.0260E+03	0.0000E+00	0.0000E+00	9.5882E-01
2.0270E+03	0.0000E+00	0.0000E+00	9.5964E-01
2.0280E+03	0.0000E+00	0.0000E+00	9.5964E-01
2.0290E+03	0.0000E+00	0.0000E+00	9.6009E-01
2.0300E+03	0.0000E+00	0.0000E+00	9.5518E-01
2.0310E+03	0.0000E+00	0.0000E+00	9.5555E-01
2.0320E+03	0.0000E+00	0.0000E+00	9.5418E-01
2.0330E+03	0.0000E+00	0.0000E+00	9.5482E-01
2.0340E+03	0.0000E+00	0.0000E+00	9.5627E-01
2.0350E+03	0.0000E+00	0.0000E+00	9.4864E-01
2.0360E+03	0.0000E+00	0.0000E+00	9.5109E-01
2.0370E+03	0.0000E+00	0.0000E+00	9.4936E-01
2.0380E+03	0.0000E+00	0.0000E+00	9.4909E-01
2.0390E+03	0.0000E+00	0.0000E+00	9.4482E-01
2.0400E+03	0.0000E+00	0.0000E+00	9.3882E-01
2.0410E+03	0.0000E+00	0.0000E+00	9.4218E-01
2.0420E+03	0.0000E+00	0.0000E+00	9.4564E-01
2.0430E+03	0.0000E+00	0.0000E+00	9.4655E-01
2.0440E+03	0.0000E+00	0.0000E+00	9.5564E-01
2.0450E+03	0.0000E+00	0.0000E+00	9.6064E-01
2.0460E+03	0.0000E+00	0.0000E+00	9.6164E-01
2.0470E+03	0.0000E+00	0.0000E+00	9.6191E-01
2.0480E+03	0.0000E+00	0.0000E+00	9.5991E-01
2.0490E+03	0.0000E+00	0.0000E+00	9.5855E-01
2.0500E+03	0.0000E+00	0.0000E+00	9.6091E-01
2.0510E+03	0.0000E+00	0.0000E+00	9.6191E-01
2.0520E+03	0.0000E+00	0.0000E+00	9.5955E-01
2.0530E+03	0.0000E+00	0.0000E+00	9.5991E-01
2.0540E+03	0.0000E+00	0.0000E+00	9.5936E-01
2.0550E+03	0.0000E+00	0.0000E+00	9.5536E-01
2.0560E+03	0.0000E+00	0.0000E+00	9.5382E-01
2.0570E+03	0.0000E+00	0.0000E+00	9.4909E-01
2.0580E+03	0.0000E+00	0.0000E+00	9.4836E-01
2.0590E+03	0.0000E+00	0.0000E+00	9.4909E-01
2.0600E+03	0.0000E+00	0.0000E+00	9.4527E-01
2.0610E+03	0.0000E+00	0.0000E+00	9.4755E-01
2.0620E+03	0.0000E+00	0.0000E+00	9.4127E-01
2.0630E+03	0.0000E+00	0.0000E+00	9.3991E-01
2.0640E+03	0.0000E+00	0.0000E+00	9.3445E-01
2.0650E+03	0.0000E+00	0.0000E+00	9.3655E-01
2.0660E+03	0.0000E+00	0.0000E+00	9.3973E-01
2.0670E+03	0.0000E+00	0.0000E+00	9.4655E-01
2.0680E+03	0.0000E+00	0.0000E+00	9.5309E-01
2.0690E+03	0.0000E+00	0.0000E+00	9.5618E-01
2.0700E+03	0.0000E+00	0.0000E+00	9.5973E-01
2.0710E+03	0.0000E+00	0.0000E+00	9.5827E-01
2.0720E+03	0.0000E+00	0.0000E+00	9.5882E-01
2.0730E+03	0.0000E+00	0.0000E+00	9.5464E-01
2.0740E+03	0.0000E+00	0.0000E+00	9.5536E-01
2.0750E+03	0.0000E+00	0.0000E+00	9.6018E-01
2.0760E+03	0.0000E+00	0.0000E+00	9.5609E-01
2.0770E+03	0.0000E+00	0.0000E+00	9.5436E-01
2.0780E+03	0.0000E+00	0.0000E+00	9.5427E-01
2.0790E+03	0.0000E+00	0.0000E+00	9.4918E-01
2.0800E+03	0.0000E+00	0.0000E+00	9.5173E-01
2.0810E+03	0.0000E+00	0.0000E+00	9.4991E-01
2.0820E+03	0.0000E+00	0.0000E+00	9.4609E-01
2.0830E+03	0.0000E+00	0.0000E+00	9.4027E-01
2.0840E+03	0.0000E+00	0.0000E+00	9.3945E-01
2.0850E+03	0.0000E+00	0.0000E+00	9.3882E-01
2.0860E+03	0.0000E+00	0.0000E+00	9.4173E-01
2.0870E+03	0.0000E+00	0.0000E+00	9.3891E-01
2.0880E+03	0.0000E+00	0.0000E+00	9.3373E-01
2.0890E+03	0.0000E+00	0.0000E+00	9.3736E-01
2.0900E+03	0.0000E+00	0.0000E+00	9.3636E-01
2.0910E+03	0.0000E+00	0.0000E+00	9.4118E-01
2.0920E+03	0.0000E+00	0.0000E+00	9.4591E-01
2.0930E+03	0.0000E+00	0.0000E+00	9.4918E-01
2.0940E+03	0.0000E+00	0.0000E+00	9.5091E-01
2.0950E+03	0.0000E+00	0.0000E+00	9.5582E-01
2.0960E+03	0.0000E+00	0.0000E+00	9.5436E-01
2.0970E+03	0.0000E+00	0.0000E+00	9.5109E-01
2.0980E+03	0.0000E+00	0.0000E+00	9.5436E-01
2.0990E+03	0.0000E+00	0.0000E+00	9.5391E-01
2.1000E+03	0.0000E+00	0.0000E+00	9.5118E-01
2.1010E+03	0.0000E+00	0.0000E+00	9.4909E-01
2.1020E+03	0.0000E+00	0.0000E+00	9.4827E-01
2.1030E+03	0.0000E+00	0.0000E+00	9.4782E-01
2.1040E+03	0.0000E+00	0.0000E+00	9.4318E-01
2.1050E+03	0.0000E+00	0.0000E+00	9.4482E-01
2.1060E+03	0.0000E+00	0.0000E+00	9.4836E-01
2.1070E+03	0.0000E+00	0.0000E+00	9.4618E-01
2.1080E+03	0.0000E+00	0.0000E+00	9.4136E-01
2.1090E+03	0.0000E+00	0.0000E+00	9.3945E-01
2.1100E+03	0.0000E+00	0.0000E+00	9.3555E-01
2.1110E+03	0.0000E+00	0.0000E+00	9.3545E-01
2.1120E+03	0.0000E+00	0.0000E+00	9.3464E-01
2.1130E+03	0.0000E+00	0.0000E+00	9.3045E-01
2.1140E+03	0.0000E+00	0.0000E+00	9.3109E-01
2.1150E+03	0.0000E+00	0.0000E+00	9.3536E-01
2.1160E+03	0.0000E+00	0.0000E+00	9.4136E-01
2.1170E+03	0.0000E+00	0.0000E+00	9.4409E-01
2.1180E+03	0.0000E+00	0.0000E+00	9.4745E-01
2.1190E+03	0.0000E+00	0.0000E+00	9.4745E-01
2.1200E+03	0.0000E+00	0.0000E+00	9.4882E-01
2.1210E+03	0.0000E+00	0.0000E+00	9.4582E-01
2.1220E+03	0.0000E+00	0.0000E+00	9.4336E-01
2.1230E+03	0.0000E+00	0.0000E+00	9.4555E-01
2.1240E+03	0.0000E+00	0.0000E+00	9.4564E-01
2.1250E+03	0.0000E+00	0.0000E+00	9.4491E-01
2.1260E+03	0.0000E+00	0.0000E+00	9.4445E-01
2.1270E+03	0.0000E+00	0.0000E+00	9.4236E-01
2.1280E+03	0.0000E+00	0.0000E+00	9.4336E-01
2.1290E+03	0.0000E+00	0.0000E+00	9.3873E-01
2.1300E+03	0.0000E+00	0.0000E+00	9.3709E-01
2.1310E+03	0.0000E+00	0.0000E+00	9.3382E-01
2.1320E+03	0.0000E+00	0.0000E+00	9.3027E-01
2.1330E+03	0.0000E+00	0.0000E+00	9.3027E-01
2.1340E+03	0.0000E+00	0.0000E+00	9.2673E-01
2.1350E+03	0.0000E+00	0.0000E+00	9.2327E-01
2.1360E+03	0.0000E+00	0.0000E+00	9.2191E-01
2.1370E+03	0.0000E+00	0.0000E+00	9.2391E-01
2.1380E+03	0.0000E+00	0.0000E+00	9.1864E-01
2.1390E+03	0.0000E+00	0.0000E+00	9.2055E-01
2.1400E+03	0.0000E+00	0.0000E+00	9.2309E-01
2.1410E+03	0.0000E+00	0.0000E+00	9.2991E-01
2.1420E+03	0.0000E+00	0.0000E+00	9.3327E-01
2.1430E+03	0.0000E+00	0.0000E+00	9.3573E-01
2.1440E+03	0.0000E+00	0.0000E+00	9.3482E-01
2.1450E+03	0.0000E+00	0.0000E+00	9.3336E-01
2.1460E+03	0.0000E+00	0.0000E+00	9.3573E-01
2.1470E+03	0.0000E+00	0.0000E+00	9.3736E-01
2.1480E+03	0.0000E+00	0.0000E+00	9.3918E-01
2.1490E+03	0.0000E+00	0.0000E+00	9.3382E-01
2.1500E+03	0.0000E+00	0.0000E+00	9.3718E-01
2.1510E+03	0.0000E+00	0.0000E+00	9.3309E-01
2.1520E+03	0.0000E+00	0.0000E+00	9.3645E-01
2.1530E+03	0.0000E+00	0.0000E+00	9.3209E-01
2.1540E+03	0.0000E+00	0.0000E+00	9.2809E-01
2.1550E+03	0.0000E+00	0.0000E+00	9.2973E-01
2.1560E+03	0.0000E+00	0.0000E+00	9.2545E-01
2.1570E+03	0.0000E+00	0.0000E+00	9.2418E-01
2.1580E+03	0.0000E+00	0.0000E+00	9.2345E-01
2.1590E+03	0.0000E+00	0.0000E+00	9.2309E-01
2.1600E+03	0.0000E+00	0.0000E+00	9.2036E-01
2.1610E+03	0.0000E+00	0.0000E+00	9.1982E-01
2.1620E+03	0.0000E+00	0.0000E+00	9.1664E-01
2.1630E+03	0.0000E+00	0.0000E+00	9.2018E-01
2.1640E+03	0.0000E+00	0.0000E+00	9.2173E-01
2.1650E+03	0.0000E+00	0.0000E+00	9.2345E-01
2.1660E+03	0.0000E+00	0.0000E+00	9.2636E-01
2.1670E+03	0.0000E+00	0.0000E+00	9.2836E-01
2.1680E+03	0.0000E+00	0.0000E+00	9.2836E-01
2.1690E+03	0.0000E+00	0.0000E+00	9.2918E-01
2.1700E+03	0.0000E+00	0.0000E+00	9.2918E-01
2.1710E+03	0.0000E+00	0.0000E+00	9.3236E-01
2.1720E+03	0.0000E+00	0.0000E+00	9.3045E-01
2.1730E+03	0.0000E+00	0.0000E+00	9.3036E-01
2.1740E+03	0.0000E+00	0.0000E+00	9.2736E-01
2.1750E+03	0.0000E+00	0.0000E+00	9.2636E-01
2.1760E+03	0.0000E+00	0.0000E+00	9.2555E-01
2.1770E+03	0.0000E+00	0.0000E+00	9.2545E-01
2.1780E+03	0.0000E+00	0.0000E+00	9.2473E-01
2.1790E+03	0.0000E+00	0.0000E+00	9.1282E-01
2.1800E+03	0.0000E+00	0.0000E+00	9.1527E-01
2.1810E+03	0.0000E+00	0.0000E+00	9.1573E-01
2.1820E+03	0.0000E+00	0.0000E+00	9.1509E-01
2.1830E+03	0.0000E+00	0.0000E+00	9.1127E-01
2.1840E+03	0.0000E+00	0.0000E+00	9.0518E-01
2.1850E+03	0.0000E+00	0.0000E+00	9.0627E-01
2.1860E+03	0.0000E+00	0.0000E+00	9.0582E-01
2.1870E+03	0.0000E+00	0.0000E+00	9.0382E-01
2.1880E+03	0.0000E+00	0.0000E+00	9.0836E-01
2.1890E+03	0.0000E+00	0.0000E+00	9.0827E-01
2.1900E+03	0.0000E+00	0.0000E+00	9.1445E-01
2.1910E+03	0.0000E+00	0.0000E+00	9.1682E-01
2.1920E+03	0.0000E+00	0.0000E+00	9.1973E-01
2.1930E+03	0.0000E+00	0.0000E+00	9.2064E-01
2.1940E+03	0.0000E+00	0.0000E+00	9.2245E-01
2.1950E+03	0.0000E+00	0.0000E+00	9.2236E-01
2.1960E+03	0.0000E+00	0.0000E+00	9.2209E-01
2.1970E+03	0.0000E+00	0.0000E+00	9.2455E-01
2.1980E+03	0.0000E+00	0.0000E+00	9.1991E-01
2.1990E+03	0.0000E+00	0.0000E+00	9.2364E-01
2.2000E+03	0.0000E+00	0.0000E+00	9.2345E-01
2.2010E+03	0.0000E+00	0.0000E+00	9.1845E-01
2.2020E+03	0.0000E+00	0.0000E+00	9.1573E-01
2.2030E+03	0.0000E+00	0.0000E+00	9.1464E-01
2.2040E+03	0.0000E+00	0.0000E+00	9.1318E-01
2.2050E+03	0.0000E+00	0.0000E+00	9.1491E-01
2.2060E+03	0.0000E+00	0.0000E+00	9.1664E-01
2.2070E+03	0.0000E+00	0.0000E+00	9.1309E-01
2.2080E+03	0.0000E+00	0.0000E+00	9.0809E-01
2.2090E+03	0.0000E+00	0.0000E+00	9.0527E-01
2.2100E+03	0.0000E+00	0.0000E+00	9.0173E-01
2.2110E+03	0.0000E+00	0.0000E+00	9.0409E-01
2.2120E+03	0.0000E+00	0.0000E+00	9.0691E-01
2.2130E+03	0.0000E+00	0.0000E+00	9.0882E-01
2.2140E+03	0.0000E+00	0.0000E+00	9.1109E-01
2.2150E+03	0.0000E+00	0.0000E+00	9.1591E-01
2.2160E+03	0.0000E+00	0.0000E+00	9.1636E-01
2.2170E+03	0.0000E+00	0.0000E+00	9.1845E-01
2.2180E+03	0.0000E+00	0.0000E+00	9.2055E-01
2.2190E+03	0.0000E+00	0.0000E+00	9.2373E-01
2.2200E+03	0.0000E+00	0.0000E+00	9.2291E-01
2.2210E+03	0.0000E+00	0.0000E+00	9.2364E-01
2.2220E+03	0.0000E+00	0.0000E+00	9.2273E-01
2.2230E+03	0.0000E+00	0.0000E+00	9.2409E-01
2.2240E+03	0.0000E+00	0.0000E+00	9.1955E-01
2.2250E+03	0.0000E+00	0.0000E+00	9.2118E-01
2.2260E+03	0.0000E+00	0.0000E+00	9.1564E-01
2.2270E+03	0.0000E+00	0.0000E+00	9.1764E-01
2.2280E+03	0.0000E+00	0.0000E+00	9.1836E-01
2.2290E+03	0.0000E+00	0.0000E+00	9.1645E-01
2.2300E+03	0.0000E+00	0.0000E+00	9.1464E-01
2.2310E+03	0.0000E+00	0.0000E+00	9.1436E-01
2.2320E+03	0.0000E+00	0.0000E+00	9.0827E-01
2.2330E+03	0.0000E+00	0.0000E+00	9.1109E-01
2.2340E+03	0.0000E+00	0.0000E+00	9.0873E-01
2.2350E+03	0.0000E+00	0.0000E+00	9.0836E-01
2.2360E+03	0.0000E+00	0.0000E+00	9.0745E-01
2.2370E+03	0.0000E+00	0.0000E+00	9.0964E-01
2.2380E+03	0.0000E+00	0.0000E+00	9.1045E-01
2.2390E+03	0.0000E+00	0.0000E+00	9.1173E-01
2.2400E+03	0.0000E+00	0.0000E+00	9.1164E-01
2.2410E+03	0.0000E+00	0.0000E+00	9.0882E-01
2.2420E+03	0.0000E+00	0.0000E+00	9.1336E-01
2.2430E+03	0.0000E+00	0.0000E+00	9.1482E-01
2.2440E+03	0.0000E+00	0.0000E+00	9.1955E-01
2.2450E+03	0.0000E+00	0.0000E+00	9.2136E-01
2.2460E+03	0.0000E+00	0.0000E+00	9.1982E-01
2.2470E+03	0.0000E+00	0.0000E+00	9.2118E-01
2.2480E+03	0.0000E+00	0.0000E+00	9.1736E-01
2.2490E+03	0.0000E+00	0.0000E+00	9.1691E-01
2.2500E+03	0.0000E+00	0.0000E+00	9.1618E-01
2.2510E+03	0.0000E+00	0.0000E+00	9.1509E-01
2.2520E+03	0.0000E+00	0.0000E+00	9.1464E-01
2.2530E+03	0.0000E+00	0.0000E+00	9.1591E-01
2.2540E+03	0.0000E+00	0.0000E+00	9.1173E-01
2.2550E+03	0.0000E+00	0.0000E+00	9.0773E-01
2.2560E+03	0.0000E+00	0.0000E+00	9.0791E-01
2.2570E+03	0.0000E+00	0.0000E+00	9.0555E-01
2.2580E+03	0.0000E+00	0.0000E+00	9.0291E-01
2.2590E+03	0.0000E+00	0.0000E+00	9.0245E-01
2.2600E+03	0.0000E+00	0.0000E+00	9.0509E-01
2.2610E+03	0.0000E+00	0.0000E+00	9.0673E-01
2.2620E+03	0.0000E+00	0.0000E+00	9.0727E-01
2.2630E+03	0.0000E+00	0.0000E+00	9.0982E-01
2.2640E+03	0.0000E+00	0.0000E+00	9.1045E-01
2.2650E+03	0.0000E+00	0.0000E+00	9.0636E-01
2.2660E+03	0.0000E+00	0.0000E+00	9.1355E-01
2.2670E+03	0.0000E+00	0.0000E+00	9.1291E-01
2.2680E+03	0.0000E+00	0.0000E+00	9.1682E-01
2.2690E+03	0.0000E+00	0.0000E+00	9.1636E-01
2.2700E+03	0.0000E+00	0.0000E+00	9.1618E-01
2.2710E+03	0.0000E+00	0.0000E+00	9.1455E-01
2.2720E+03	0.0000E+00	0.0000E+00	9.1218E-01
2.2730E+03	0.0000E+00	0.0000E+00	9.1255E-01
2.2740E+03	0.0000E+00	0.0000E+00	9.1291E-01
2.2750E+03	0.0000E+00	0.0000E+00	9.1264E-01
2.2760E+03	0.0000E+00	0.0000E+00	9.1236E-01
2.2770E+03	0.0000E+00	0.0000E+00	9.1409E-01
2.2780E+03	0.0000E+00	0.0000E+00	9.0927E-01
2.2790E+03	0.0000E+00	0.0000E+00	9.1136E-01
2.2800E+03	0.0000E+00	0.0000E+00	9.0836E-01
2.2810E+03	0.0000E+00	0.0000E+00	9.0727E-01
2.2820E+03	0.0000E+00	0.0000E+00	9.0255E-01
2.2830E+03	0.0000E+00	0.0000E+00	9.0209E-01
2.2840E+03	0.0000E+00	0.0000E+00	9.0564E-01
2.2850E+03	0.0000E+00	0.0000E+00	9.0582E-01
2.2860E+03	0.0000E+00	0.0000E+00	9.0836E-01
2.2870E+03	0.0000E+00	0.0000E+00	9.0873E-01
2.2880E+03	0.0000E+00	0.0000E+00	9.1073E-01
2.2890E+03	0.0000E+00	0.0000E+00	9.0864E-01
2.2900E+03	0.0000E+00	0.0000E+00	9.1364E-01
2.2910E+03	0.0000E+00	0.0000E+00	9.1355E-01
2.2920E+03	0.0000E+00	0.0000E+00	9.1427E-01
2.2930E+03	0.0000E+00	0.0000E+00	9.1709E-01
2.2940E+03	0.0000E+00	0.0000E+00	9.1718E-01
2.2950E+03	0.0000E+00	0.0000E+00	9.1809E-01
2.2960E+03	0.0000E+00	0.0000E+00	9.1864E-01
2.2970E+03	0.0000E+00	0.0000E+00	9.1518E-01
2.2980E+03	0.0000E+00	0.0000E+00	9.1491E-01
2.2990E+03	0.0000E+00	0.0000E+00	9.1227E-01
2.3000E+03	0.0000E+00	0.0000E+00	9.0982E-01
2.3010E+03	0.0000E+00	0.0000E+00	9.0718E-01
2.3020E+03	0.0000E+00	0.0000E+00	9.0664E-01
2.3030E+03	0.0000E+00	0.0000E+00	9.0545E-01
2.3040E+03	0.0000E+00	0.0000E+00	9.0355E-01
2.3050E+03	0.0000E+00	0.0000E+00	9.0327E-01
2.3060E+03	0.0000E+00	0.0000E+00	8.9882E-01
2.3070E+03	0.0000E+00	0.0000E+00	8.9627E-01
2.3080E+03	0.0000E+00	0.0000E+00	9.0009E-01
2.3090E+03	0.0000E+00	0.0000E+00	9.0309E-01
2.3100E+03	0.0000E+00	0.0000E+00	9.0691E-01
2.3110E+03	0.0000E+00	0.0000E+00	9.0927E-01
2.3120E+03	0.0000E+00	0.0000E+00	9.1409E-01
2.3130E+03	0.0000E+00	0.0000E+00	9.1309E-01
2.3140E+03	0.0000E+00	0.0000E+00	9.1491E-01
2.3150E+03	0.0000E+00	0.0000E+00	9.1864E-01
2.3160E+03	0.0000E+00	0.0000E+00	9.1836E-01
2.3170E+03	0.0000E+00	0.0000E+00	9.1964E-01
2.3180E+03	0.0000E+00	0.0000E+00	9.2082E-01
2.3190E+03	0.0000E+00	0.0000E+00	9.1773E-01
2.3200E+03	0.0000E+00	0.0000E+00	9.1891E-01
2.3210E+03	0.0000E+00	0.0000E+00	9.1827E-01
2.3220E+03	0.0000E+00	0.0000E+00	9.1927E-01
2.3230E+03	0.0000E+00	0.0000E+00	9.1464E-01
2.3240E+03	0.0000E+00	0.0000E+00	9.1282E-01
2.3250E+03	0.0000E+00	0.0000E+00	9.1591E-01
2.3260E+03	0.0000E+00	0.0000E+00	9.1427E-01
2.3270E+03	0.0000E+00	0.0000E+00	9.1673E-01
2.3280E+03	0.0000E+00	0.0000E+00	9.1318E-01
2.3290E+03	0.0000E+00	0.0000E+00	9.1318E-01
2.3300E+03	0.0000E+00	0.0000E+00	9.1345E-01
2.3310E+03	0.0000E+00	0.0000E+00	9.0864E-01
2.3320E+03	0.0000E+00	0.0000E+00	9.1109E-01
2.3330E+03	0.0000E+00	0.0000E+00	9.1545E-01
2.3340E+03	0.0000E+00	0.0000E+00	9.1873E-01
2.3350E+03	0.0000E+00	0.0000E+00	9.2209E-01
2.3360E+03	0.0000E+00	0.0000E+00	9.2155E-01
2.3370E+03	0.0000E+00	0.0000E+00	9.1791E-01
2.3380E+03	0.0000E+00	0.0000E+00	9.1645E-01
2.3390E+03	0.0000E+00	0.0000E+00	9.2055E-01
2.3400E+03	0.0000E+00	0.0000E+00	9.2245E-01
2.3410E+03	0.0000E+00	0.0000E+00	9.2291E-01
2.3420E+03	0.0000E+00	0.0000E+00	9.2355E-01
2.3430E+03	0.0000E+00	0.0000E+00	9.2182E-01
2.3440E+03	0.0000E+00	0.0000E+00	9.2336E-01
2.3450E+03	0.0000E+00	0.0000E+00	9.4218E-01
2.3460E+03	0.0000E+00	0.0000E+00	9.3927E-01
2.3470E+03	0.0000E+00	0.0000E+00	9.3791E-01
2.3480E+03	0.0000E+00	0.0000E+00	9.4909E-01
2.3490E+03	0.0000E+00	0.0000E+00	9.4355E-01
2.3500E+03	0.0000E+00	0.0000E+00	9.4464E-01
2.3510E+03	0.0000E+00	0.0000E+00	9.3564E-01
2.3520E+03	0.0000E+00	0.0000E+00	9.3182E-01
2.3530E+03	0.0000E+00	0.0000E+00	9.2773E-01
2.3540E+03	0.0000E+00	0.0000E+00	9.2309E-01
2.3550E+03	0.0000E+00	0.0000E+00	9.2418E-01
2.3560E+03	0.0000E+00	0.0000E+00	9.2482E-01
2.3570E+03	0.0000E+00	0.0000E+00	9.2573E-01
2.3580E+03	0.0000E+00	0.0000E+00	9.2909E-01
2.3590E+03	0.0000E+00	0.0000E+00	9.2618E-01
2.3600E+03	0.0000E+00	0.0000E+00	9.2582E-01
2.3610E+03	0.0000E+00	0.0000E+00	9.2518E-01
2.3620E+03	0.0000E+00	0.0000E+00	9.2636E-01
2.3630E+03	0.0000E+00	0.0000E+00	9.2936E-01
2.3640E+03	0.0000E+00	0.0000E+00	9.2755E-01
2.3650E+03	0.0000E+00	0.0000E+00	9.2636E-01
2.3660E+03	0.0000E+00	0.0000E+00	9.2682E-01
2.3670E+03	0.0000E+00	0.0000E+00	9.2855E-01
2.3680E+03	0.0000E+00	0.0000E+00	9.2391E-01
2.3690E+03	0.0000E+00	0.0000E+00	9.2291E-01
2.3700E+03	0.0000E+00	0.0000E+00	9.1827E-01
2.3710E+03	0.0000E+00	0.0000E+00	9.1745E-01
2.3720E+03	0.0000E+00	0.0000E+00	9.1636E-01
2.3730E+03	0.0000E+00	0.0000E+00	9.1927E-01
2.3740E+03	0.0000E+00	0.0000E+00	9.1718E-01
2.3750E+03	0.0000E+00	0.0000E+00	9.1664E-01
2.3760E+03	0.0000E+00	0.0000E+00	9.1436E-01
2.3770E+03	0.0000E+00	0.0000E+00	9.1227E-01
2.3780E+03	0.0000E+00	0.0000E+00	9.1009E-01
2.3790E+03	0.0000E+00	0.0000E+00	9.0764E-01
2.3800E+03	0.0000E+00	0.0000E+00	9.0609E-01
2.3810E+03	0.0000E+00	0.0000E+00	9.0827E-01
2.3820E+03	0.0000E+00	0.0000E+00	9.0836E-01
2.3830E+03	0.0000E+00	0.0000E+00	9.1173E-01
2.3840E+03	0.0000E+00	0.0000E+00	9.1373E-01
2.3850E+03	0.0000E+00	0.0000E+00	9.1336E-01
2.3860E+03	0.0000E+00	0.0000E+00	9.1327E-01
2.3870E+03	0.0000E+00	0.0000E+00	9.1464E-01
2.3880E+03	0.0000E+00	0.0000E+00	9.1555E-01
2.3890E+03	0.0000E+00	0.0000E+00	9.1464E-01
2.3900E+03	0.0000E+00	0.0000E+00	9.1636E-01
2.3910E+03	0.0000E+00	0.0000E+00	9.1555E-01
2.3920E+03	0.0000E+00	0.0000E+00	9.1555E-01
2.3930E+03	0.0000E+00	0.0000E+00	9.2155E-01
2.3940E+03	0.0000E+00	0.0000E+00	9.3109E-01
2.3950E+03	0.0000E+00	0.0000E+00	9.3427E-01
2.3960E+03	0.0000E+00	0.0000E+00	9.3045E-01
2.3970E+03	0.0000E+00	0.0000E+00	9.2655E-01
2.3980E+03	0.0000E+00	0.0000E+00	9.3118E-01
2.3990E+03	0.0000E+00	0.0000E+00	9.2664E-01
2.4000E+03	0.0000E+00	0.0000E+00	9.2945E-01
2.4010E+03	0.0000E+00	0.0000E+00	9.2218E-01
2.4020E+03	0.0000E+00	0.0000E+00	9.2191E-01
2.4030E+03	0.0000E+00	0.0000E+00	9.2091E-01
2.4040E+03	0.0000E+00	0.0000E+00	9.2255E-01
2.4050E+03	0.0000E+00	0.0000E+00	9.2736E-01
2.4060E+03	0.0000E+00	0.0000E+00	9.3709E-01
2.4070E+03	0.0000E+00	0.0000E+00	9.3345E-01
2.4080E+03	0.0000E+00	0.0000E+00	9.3482E-01
2.4090E+03	0.0000E+00	0.0000E+00	9.3264E-01
2.4100E+03	0.0000E+00	0.0000E+00	9.3527E-01
2.4110E+03	0.0000E+00	0.0000E+00	9.3391E-01
2.4120E+03	0.0000E+00	0.0000E+00	9.3464E-01
2.4130E+03	0.0000E+00	0.0000E+00	9.3327E-01
2.4140E+03	0.0000E+00	0.0000E+00	9.3427E-01
2.4150E+03	0.0000E+00	0.0000E+00	9.3091E-01
2.4160E+03	0.0000E+00	0.0000E+00	9.3145E-01
2.4170E+03	0.0000E+00	0.0000E+00	9.3355E-01
2.4180E+03	0.0000E+00	0.0000E+00	9.5518E-01
2.4190E+03	0.0000E+00	0.0000E+00	9.4782E-01
2.4200E+03	0.0000E+00	0.0000E+00	9.3464E-01
2.4210E+03	0.0000E+00	0.0000E+00	9.3836E-01
2.4220E+03	0.0000E+00	0.0000E+00	9.3255E-01
2.4230E+03	0.0000E+00	0.0000E+00	9.2909E-01
2.4240E+03	0.0000E+00	0.0000E+00	9.2527E-01
2.4250E+03	0.0000E+00	0.0000E+00	9.2445E-01
2.4260E+03	0.0000E+00	0.0000E+00	9.2155E-01
2.4270E+03	0.0000E+00	0.0000E+00	9.2264E-01
2.4280E+03	0.0000E+00	0.0000E+00	9.1982E-01
2.4290E+03	0.0000E+00	0.0000E+00	9.2045E-01
2.4300E+03	0.0000E+00	0.0000E+00	9.1909E-01
2.4310E+03	0.0000E+00	0.0000E+00	9.1955E-01
2.4320E+03	0.0000E+00	0.0000E+00	9.1909E-01
2.4330E+03	0.0000E+00	0.0000E+00	9.2045E-01
2.4340E+03	0.0000E+00	0.0000E+00	9.1591E-01
2.4350E+03	0.0000E+00	0.0000E+00	9.1873E-01
2.4360E+03	0.0000E+00	0.0000E+00	9.1991E-01
2.4370E+03	0.0000E+00	0.0000E+00	9.2355E-01
2.4380E+03	0.0000E+00	0.0000E+00	9.2364E-01
2.4390E+03	0.0000E+00	0.0000E+00	9.2236E-01
2.4400E+03	0.0000E+00	0.0000E+00	9.2036E-01
2.4410E+03	0.0000E+00	0.0000E+00	9.2091E-01
2.4420E+03	0.0000E+00	0.0000E+00	9.1827E-01
2.4430E+03	0.0000E+00	0.0000E+00	9.1655E-01
2.4440E+03	0.0000E+00	0.0000E+00	9.6082E-01
2.4450E+03	0.0000E+00	0.0000E+00	9.6445E-01
2.4460E+03	0.0000E+00	0.0000E+00	9.6182E-01
2.4470E+03	0.0000E+00	0.0000E+00	9.6155E-01
2.4480E+03	0.0000E+00	0.0000E+00	9.7091E-01
2.4490E+03	0.0000E+00	0.0000E+00	9.8409E-01
2.4500E+03	0.0000E+00	0.0000E+00	9.8582E-01
2.4510E+03	0.0000E+00	0.0000E+00	9.9027E-01
2.4520E+03	0.0000E+00	0.0000E+00	9.8836E-01
2.4530E+03	0.0000E+00	0.0000E+00	9.7955E-01
2.4540E+03	0.0000E+00	0.0000E+00	9.8118E-01
2.4550E+03	0.0000E+00	0.0000E+00	9.7873E-01
2.4560E+03	0.0000E+00	0.0000E+00	9.7427E-01
2.4570E+03	0.0000E+00	0.0000E+00	9.7291E-01
2.4580E+03	0.0000E+00	0.0000E+00	9.7291E-01
2.4590E+03	0.0000E+00	0.0000E+00	9.7455E-01
2.4600E+03	0.0000E+00	0.0000E+00	9.7755E-01
2.4610E+03	0.0000E+00	0.0000E+00	9.7927E-01
2.4620E+03	0.0000E+00	0.0000E+00	9.7845E-01
2.4630E+03	0.0000E+00	0.0000E+00	9.7591E-01
2.4640E+03	0.0000E+00	0.0000E+00	9.7555E-01
2.4650E+03	0.0000E+00	0.0000E+00	9.7464E-01
2.4660E+03	0.0000E+00	0.0000E+00	9.8127E-01
2.4670E+03	0.0000E+00	0.0000E+00	9.7436E-01
2.4680E+03	0.0000E+00	0.0000E+00	9.7173E-01
2.4690E+03	0.0000E+00	0.0000E+00	9.6955E-01
2.4700E+03	0.0000E+00	0.0000E+00	9.6455E-01
2.4710E+03	0.0000E+00	0.0000E+00	9.6445E-01
2.4720E+03	0.0000E+00	0.0000E+00	9.6209E-01
2.4730E+03	0.0000E+00	0.0000E+00	9.6036E-01
2.4740E+03	0.0000E+00	0.0000E+00	9.6082E-01
2.4750E+03	0.0000E+00	0.0000E+00	9.5836E-01
2.4760E+03	0.0000E+00	0.0000E+00	9.5773E-01
2.4770E+03	0.0000E+00	0.0000E+00	9.5827E-01
2.4780E+03	0.0000E+00	0.0000E+00	9.6255E-01
2.4790E+03	0.0000E+00	0.0000E+00	9.6273E-01
2.4800E+03	0.0000E+00	0.0000E+00	9.6173E-01
2.4810E+03	0.0000E+00	0.0000E+00	9.6064E-01
2.4820E+03	0.0000E+00	0.0000E+00	9.6255E-01
2.4830E+03	0.0000E+00	0.0000E+00	9.6291E-01
2.4840E+03	0.0000E+00	0.0000E+00	9.6091E-01
2.4850E+03	0.0000E+00	0.0000E+00	9.6227E-01
2.4860E+03	0.0000E+00	0.0000E+00	9.6091E-01
2.4870E+03	0.0000E+00	0.0000E+00	9.5991E-01
2.4880E+03	0.0000E+00	0.0000E+00	9.5545E-01
2.4890E+03	0.0000E+00	0.0000E+00	9.5755E-01
2.4900E+03	0.0000E+00	0.0000E+00	9.5645E-01
2.4910E+03	0.0000E+00	0.0000E+00	9.5509E-01
2.4920E+03	0.0000E+00	0.0000E+00	9.5282E-01
2.4930E+03	0.0000E+00	0.0000E+00	9.4918E-01
2.4940E+03	0.0000E+00	0.0000E+00	9.4682E-01
2.4950E+03	0.0000E+00	0.0000E+00	9.4545E-01
2.4960E+03	0.0000E+00	0.0000E+00	9.4218E-01
2.4970E+03	0.0000E+00	0.0000E+00	9.4355E-01
2.4980E+03	0.0000E+00	0.0000E+00	9.3964E-01
2.4990E+03	0.0000E+00	0.0000E+00	9.3918E-01
2.5000E+03	0.0000E+00	0.0000E+00	9.3955E-01
2.5010E+03	0.0000E+00	0.0000E+00	9.3982E-01
2.5020E+03	0.0000E+00	0.0000E+00	9.4336E-01
2.5030E+03	0.0000E+00	0.0000E+00	9.4564E-01
2.5040E+03	0.0000E+00	0.0000E+00	9.4791E-01
2.5050E+03	0.0000E+00	0.0000E+00	9.4609E-01
2.5060E+03	0.0000E+00	0.0000E+00	9.4682E-01
2.5070E+03	0.0000E+00	0.0000E+00	9.4845E-01
2.5080E+03	0.0000E+00	0.0000E+00	9.4636E-01
2.5090E+03	0.0000E+00	0.0000E+00	9.4664E-01
2.5100E+03	0.0000E+00	0.0000E+00	9.4791E-01
2.5110E+03	0.0000E+00	0.0000E+00	9.4536E-01
2.5120E+03	0.0000E+00	0.0000E+00	9.4555E-01
2.5130E+03	0.0000E+00	0.0000E+00	9.4591E-01
2.5140E+03	0.0000E+00	0.0000E+00	9.5027E-01
2.5150E+03	0.0000E+00	0.0000E+00	9.4618E-01
2.5160E+03	0.0000E+00	0.0000E+00	9.4718E-01
2.5170E+03	0.0000E+00	0.0000E+00	9.4636E-01
2.5180E+03	0.0000E+00	0.0000E+00	9.4509E-01
2.5190E+03	0.0000E+00	0.0000E+00	9.4227E-01
2.5200E+03	0.0000E+00	0.0000E+00	9.4018E-01
2.5210E+03	0.0000E+00	0.0000E+00	9.4027E-01
2.5220E+03	0.0000E+00	0.0000E+00	9.4145E-01
2.5230E+03	0.0000E+00	0.0000E+00	9.4282E-01
2.5240E+03	0.0000E+00	0.0000E+00	9.4436E-01
2.5250E+03	0.0000E+00	0.0000E+00	9.4582E-01
2.5260E+03	0.0000E+00	0.0000E+00	9.5409E-01
2.5270E+03	0.0000E+00	0.0000E+00	9.5764E-01
2.5280E+03	0.0000E+00	0.0000E+00	9.5918E-01
2.5290E+03	0.0000E+00	0.0000E+00	9.5682E-01
2.5300E+03	0.0000E+00	0.0000E+00	9.5782E-01
2.5310E+03	0.0000E+00	0.0000E+00	9.5709E-01
2.5320E+03	0.0000E+00	0.0000E+00	9.5755E-01
2.5330E+03	0.0000E+00	0.0000E+00	9.5782E-01
2.5340E+03	0.0000E+00	0.0000E+00	9.5845E-01
2.5350E+03	0.0000E+00	0.0000E+00	9.5682E-01
2.5360E+03	0.0000E+00	0.0000E+00	9.5082E-01
2.5370E+03	0.0000E+00	0.0000E+00	9.4918E-01
2.5380E+03	0.0000E+00	0.0000E+00	9.4964E-01
2.5390E+03	0.0000E+00	0.0000E+00	9.4855E-01
2.5400E+03	0.0000E+00	0.0000E+00	9.4627E-01
2.5410E+03	0.0000E+00	0.0000E+00	9.4491E-01
2.5420E+03	0.0000E+00	0.0000E+00	9.4782E-01
2.5430E+03	0.0000E+00	0.0000E+00	9.4927E-01
2.5440E+03	0.0000E+00	0.0000E+00	9.4473E-01
2.5450E+03	0.0000E+00	0.0000E+00	9.4391E-01
2.5460E+03	0.0000E+00	0.0000E+00	9.4091E-01
2.5470E+03	0.0000E+00	0.0000E+00	9.4173E-01
2.5480E+03	0.0000E+00	0.0000E+00	9.3827E-01
2.5490E+03	0.0000E+00	0.0000E+00	9.4073E-01
2.5500E+03	0.0000E+00	0.0000E+00	9.4355E-01
2.5510E+03	0.0000E+00	0.0000E+00	9.4082E-01
2.5520E+03	0.0000E+00	0.0000E+00	9.4373E-01
2.5530E+03	0.0000E+00	0.0000E+00	9.4055E-01
2.5540E+03	0.0000E+00	0.0000E+00	9.4236E-01
2.5550E+03	0.0000E+00	0.0000E+00	9.4218E-01
2.5560E+03	0.0000E+00	0.0000E+00	9.4491E-01
2.5570E+03	0.0000E+00	0.0000E+00	9.4509E-01
2.5580E+03	0.0000E+00	0.0000E+00	9.4518E-01
2.5590E+03	0.0000E+00	0.0000E+00	9.4555E-01
2.5600E+03	0.0000E+00	0.0000E+00	9.4309E-01
2.5610E+03	0.0000E+00	0.0000E+00	9.4509E-01
2.5620E+03	0.0000E+00	0.0000E+00	9.4064E-01
2.5630E+03	0.0000E+00	0.0000E+00	9.4064E-01
2.5640E+03	0.0000E+00	0.0000E+00	9.3691E-01
2.5650E+03	0.0000E+00	0.0000E+00	9.3727E-01
2.5660E+03	0.0000E+00	0.0000E+00	9.3618E-01
2.5670E+03	0.0000E+00	0.0000E+00	9.3664E-01
2.5680E+03	0.0000E+00	0.0000E+00	9.3564E-01
2.5690E+03	0.0000E+00	0.0000E+00	9.3282E-01
2.5700E+03	0.0000E+00	0.0000E+00	9.3273E-01
2.5710E+03	0.0000E+00	0.0000E+00	9.2864E-01
2.5720E+03	0.0000E+00	0.0000E+00	9.2873E-01
2.5730E+03	0.0000E+00	0.0000E+00	9.2964E-01
2.5740E+03	0.0000E+00	0.0000E+00	9.3109E-01
2.5750E+03	0.0000E+00	0.0000E+00	9.3318E-01
2.5760E+03	0.0000E+00	0.0000E+00	9.3282E-01
2.5770E+03	0.0000E+00	0.0000E+00	9.3409E-01
2.5780E+03	0.0000E+00	0.0000E+00	9.3455E-01
2.5790E+03	0.0000E+00	0.0000E+00	9.3927E-01
2.5800E+03	0.0000E+00	0.0000E+00	9.4036E-01
2.5810E+03	0.0000E+00	0.0000E+00	9.3736E-01
2.5820E+03	0.0000E+00	0.0000E+00	9.3918E-01
2.5830E+03	0.0000E+00	0.0000E+00	9.3927E-01
2.5840E+03	0.0000E+00	0.0000E+00	9.3855E-01
2.5850E+03	0.0000E+00	0.0000E+00	9.3555E-01
2.5860E+03	0.0000E+00	0.0000E+00	9.3336E-01
2.5870E+03	0.0000E+00	0.0000E+00	9.3118E-01
2.5880E+03	0.0000E+00	0.0000E+00	9.3036E-01
2.5890E+03	0.0000E+00	0.0000E+00	9.2618E-01
2.5900E+03	0.0000E+00	0.0000E+00	9.2991E-01
2.5910E+03	0.0000E+00	0.0000E+00	9.2936E-01
2.5920E+03	0.0000E+00	0.0000E+00	9.2918E-01
2.5930E+03	0.0000E+00	0.0000E+00	9.2818E-01
2.5940E+03	0.0000E+00	0.0000E+00	9.2636E-01
2.5950E+03	0.0000E+00	0.0000E+00	9.2573E-01
2.5960E+03	0.0000E+00	0.0000E+00	9.2627E-01
2.5970E+03	0.0000E+00	0.0000E+00	9.2609E-01
2.5980E+03	0.0000E+00	0.0000E+00	9.2682E-01
2.5990E+03	0.0000E+00	0.0000E+00	9.2382E-01
2.6000E+03	0.0000E+00	0.0000E+00	9.2682E-01
2.6010E+03	0.0000E+00	0.0000E+00	9.2436E-01
2.6020E+03	0.0000E+00	0.0000E+00	9.2518E-01
2.6030E+03	0.0000E+00	0.0000E+00	9.2691E-01
2.6040E+03	0.0000E+00	0.0000E+00	9.3136E-01
2.6050E+03	0.0000E+00	0.0000E+00	9.3118E-01
2.6060E+03	0.0000E+00	0.0000E+00	9.3245E-01
2.6070E+03	0.0000E+00	0.0000E+00	9.3091E-01
2.6080E+03	0.0000E+00	0.0000E+00	9.2745E-01
2.6090E+03	0.0000E+00	0.0000E+00	9.2664E-01
2.6100E+03	0.0000E+00	0.0000E+00	9.2464E-01
2.6110E+03	0.0000E+00	0.0000E+00	9.2609E-01
2.6120E+03	0.0000E+00	0.0000E+00	9.2355E-01
2.6130E+03	0.0000E+00	0.0000E+00	9.2664E-01
2.6140E+03	0.0000E+00	0.0000E+00	9.2627E-01
2.6150E+03	0.0000E+00	0.0000E+00	9.2273E-01
2.6160E+03	0.0000E+00	0.0000E+00	9.2027E-01
2.6170E+03	0.0000E+00	0.0000E+00	9.1791E-01
2.6180E+03	0.0000E+00	0.0000E+00	9.1955E-01
2.6190E+03	0.0000E+00	0.0000E+00	9.1818E-01
2.6200E+03	0.0000E+00	0.0000E+00	9.1636E-01
2.6210E+03	0.0000E+00	0.0000E+00	9.1955E-01
2.6220E+03	0.0000E+00	0.0000E+00	9.1936E-01
2.6230E+03	0.0000E+00	0.0000E+00	9.2273E-01
2.6240E+03	0.0000E+00	0.0000E+00	9.2018E-01
2.6250E+03	0.0000E+00	0.0000E+00	9.2164E-01
2.6260E+03	0.0000E+00	0.0000E+00	9.2536E-01
2.6270E+03	0.0000E+00	0.0000E+00	9.2473E-01
2.6280E+03	0.0000E+00	0.0000E+00	9.2627E-01
2.6290E+03	0.0000E+00	0.0000E+00	9.2855E-01
2.6300E+03	0.0000E+00	0.0000E+00	9.2727E-01
2.6310E+03	0.0000E+00	0.0000E+00	9.2709E-01
2.6320E+03	0.0000E+00	0.0000E+00	9.2282E-01
2.6330E+03	0.0000E+00	0.0000E+00	9.2718E-01
2.6340E+03	0.0000E+00	0.0000E+00	9.1991E-01
2.6350E+03	0.0000E+00	0.0000E+00	9.2491E-01
2.6360E+03	0.0000E+00	0.0000E+00	9.2273E-01
2.6370E+03	0.0000E+00	0.0000E+00	9.2355E-01
2.6380E+03	0.0000E+00	0.0000E+00	9.2391E-01
2.6390E+03	0.0000E+00	0.0000E+00	9.2055E-01
2.6400E+03	0.0000E+00	0.0000E+00	9.1964E-01
2.6410E+03	0.0000E+00	0.0000E+00	9.1927E-01
2.6420E+03	0.0000E+00	0.0000E+00	9.1645E-01
2.6430E+03	0.0000E+00	0.0000E+00	9.1609E-01
2.6440E+03	0.0000E+00	0.0000E+00	9.1227E-01
2.6450E+03	0.0000E+00	0.0000E+00	9.1036E-01
2.6460E+03	0.0000E+00	0.0000E+00	9.1509E-01
2.6470E+03	0.0000E+00	0.0000E+00	9.1464E-01
2.6480E+03	0.0000E+00	0.0000E+00	9.1609E-01
2.6490E+03	0.0000E+00	0.0000E+00	9.1873E-01
2.6500E+03	0.0000E+00	0.0000E+00	9.1936E-01
2.6510E+03	0.0000E+00	0.0000E+00	9.2164E-01
2.6520E+03	0.0000E+00	0.0000E+00	9.2464E-01
2.6530E+03	0.0000E+00	0.0000E+00	9.2191E-01
2.6540E+03	0.0000E+00	0.0000E+00	9.2455E-01
2.6550E+03	0.0000E+00	0.0000E+00	9.2518E-01
2.6560E+03	0.0000E+00	0.0000E+00	9.2364E-01
2.6570E+03	0.0000E+00	0.0000E+00	9.2282E-01
2.6580E+03	0.0000E+00	0.0000E+00	9.2373E-01
2.6590E+03	0.0000E+00	0.0000E+00	9.1991E-01
2.6600E+03	0.0000E+00	0.0000E+00	9.1782E-01
2.6610E+03	0.0000E+00	0.0000E+00	9.1555E-01
2.6620E+03	0.0000E+00	0.0000E+00	9.1773E-01
2.6630E+03	0.0000E+00	0.0000E+00	9.1918E-01
2.6640E+03	0.0000E+00	0.0000E+00	9.1982E-01
2.6650E+03	0.0000E+00	0.0000E+00	9.1773E-01
2.6660E+03	0.0000E+00	0.0000E+00	9.1545E-01
2.6670E+03	0.0000E+00	0.0000E+00	9.1564E-01
2.6680E+03	0.0000E+00	0.0000E+00	9.1155E-01
2.6690E+03	0.0000E+00	0.0000E+00	9.1409E-01
2.6700E+03	0.0000E+00	0.0000E+00	9.1091E-01
2.6710E+03	0.0000E+00	0.0000E+00	9.1409E-01
2.6720E+03	0.0000E+00	0.0000E+00	9.1436E-01
2.6730E+03	0.0000E+00	0.0000E+00	9.1064E-01
2.6740E+03	0.0000E+00	0.0000E+00	9.1091E-01
2.6750E+03	0.0000E+00	0.0000E+00	9.1445E-01
2.6760E+03	0.0000E+00	0.0000E+00	9.1927E-01
2.6770E+03	0.0000E+00	0.0000E+00	9.1864E-01
2.6780E+03	0.0000E+00	0.0000E+00	9.1836E-01
2.6790E+03	0.0000E+00	0.0000E+00	9.1918E-01
2.6800E+03	0.0000E+00	0.0000E+00	9.1582E-01
2.6810E+03	0.0000E+00	0.0000E+00	9.1655E-01
2.6820E+03	0.0000E+00	0.0000E+00	9.1618E-01
2.6830E+03	0.0000E+00	0.0000E+00	9.1255E-01
2.6840E+03	0.0000E+00	0.0000E+00	9.1645E-01
2.6850E+03	0.0000E+00	0.0000E+00	9.1127E-01
2.6860E+03	0.0000E+00	0.0000E+00	9.0918E-01
2.6870E+03	0.0000E+00	0.0000E+00	9.0745E-01
2.6880E+03	0.0000E+00	0.0000E+00	9.1055E-01
2.6890E+03	0.0000E+00	0.0000E+00	9.1309E-01
2.6900E+03	0.0000E+00	0.0000E+00	9.1391E-01
2.6910E+03	0.0000E+00	0.0000E+00	9.1091E-01
2.6920E+03	0.0000E+00	0.0000E+00	9.1436E-01
2.6930E+03	0.0000E+00	0.0000E+00	9.0927E-01
2.6940E+03	0.0000E+00	0.0000E+00	9.0845E-01
2.6950E+03	0.0000E+00	0.0000E+00	9.1145E-01
2.6960E+03	0.0000E+00	0.0000E+00	9.1018E-01
2.6970E+03	0.0000E+00	0.0000E+00	9.1182E-01
2.6980E+03	0.0000E+00	0.0000E+00	9.1555E-01
2.6990E+03	0.0000E+00	0.0000E+00	9.1836E-01
2.7000E+03	0.0000E+00	0.0000E+00	9.2136E-01
2.7010E+03	0.0000E+00	0.0000E+00	9.2373E-01
2.7020E+03	0.0000E+00	0.0000E+00	9.2527E-01
2.7030E+03	0.0000E+00	0.0000E+00	9.1691E-01
2.7040E+03	0.0000E+00	0.0000E+00	9.2118E-01
2.7050E+03	0.0000E+00	0.0000E+00	9.1955E-01
2.7060E+03	0.0000E+00	0.0000E+00	9.1973E-01
2.7070E+03	0.0000E+00	0.0000E+00	9.1636E-01
2.7080E+03	0.0000E+00	0.0000E+00	9.1555E-01
2.7090E+03	0.0000E+00	0.0000E+00	9.1591E-01
2.7100E+03	0.0000E+00	0.0000E+00	9.1273E-01
2.7110E+03	0.0000E+00	0.0000E+00	9.1809E-01
2.7120E+03	0.0000E+00	0.0000E+00	9.2018E-01
2.7130E+03	0.0000E+00	0.0000E+00	9.1727E-01
2.7140E+03	0.0000E+00	0.0000E+00	9.1164E-01
2.7150E+03	0.0000E+00	0.0000E+00	9.1027E-01
2.7160E+03	0.0000E+00	0.0000E+00	9.0891E-01
2.7170E+03	0.0000E+00	0.0000E+00	9.0518E-01
2.7180E+03	0.0000E+00	0.0000E+00	9.0491E-01
2.7190E+03	0.0000E+00	0.0000E+00	9.0736E-01
2.7200E+03	0.0000E+00	0.0000E+00	9.0882E-01
2.7210E+03	0.0000E+00	0.0000E+00	9.0855E-01
2.7220E+03	0.0000E+00	0.0000E+00	9.1109E-01
2.7230E+03	0.0000E+00	0.0000E+00	9.0791E-01
2.7240E+03	0.0000E+00	0.0000E+00	9.1464E-01
2.7250E+03	0.0000E+00	0.0000E+00	9.1645E-01
2.7260E+03	0.0000E+00	0.0000E+00	9.1709E-01
2.7270E+03	0.0000E+00	0.0000E+00	9.1982E-01
2.7280E+03	0.0000E+00	0.0000E+00	9.1518E-01
2.7290E+03	0.0000E+00	0.0000E+00	9.1255E-01
2.7300E+03	0.0000E+00	0.0000E+00	9.1255E-01
2.7310E+03	0.0000E+00	0.0000E+00	9.1227E-01
2.7320E+03	0.0000E+00	0.0000E+00	9.1255E-01
2.7330E+03	0.0000E+00	0.0000E+00	9.1255E-01
2.7340E+03	0.0000E+00	0.0000E+00	9.1236E-01
2.7350E+03	0.0000E+00	0.0000E+00	9.1027E-01
2.7360E+03	0.0000E+00	0.0000E+00	9.0864E-01
2.7370E+03	0.0000E+00	0.0000E+00	9.0464E-01
2.7380E+03	0.0000E+00	0.0000E+00	9.0545E-01
2.7390E+03	0.0000E+00	0.0000E+00	9.0109E-01
2.7400E+03	0.0000E+00	0.0000E+00	9.0273E-01
2.7410E+03	0.0000E+00	0.0000E+00	9.0618E-01
2.7420E+03	0.0000E+00	0.0000E+00	9.0382E-01
2.7430E+03	0.0000E+00	0.0000E+00	9.0545E-01
2.7440E+03	0.0000E+00	0.0000E+00	9.0945E-01
2.7450E+03	0.0000E+00	0.0000E+00	9.0682E-01
2.7460E+03	0.0000E+00	0.0000E+00	9.0982E-01
2.7470E+03	0.0000E+00	0.0000E+00	9.1409E-01
2.7480E+03	0.0000E+00	0.0000E+00	9.1373E-01
2.7490E+03	0.0000E+00	0.0000E+00	9.1473E-01
2.7500E+03	0.0000E+00	0.0000E+00	9.1682E-01
2.7510E+03	0.0000E+00	0.0000E+00	9.1382E-01
2.7520E+03	0.0000E+00	0.0000E+00	9.1255E-01
2.7530E+03	0.0000E+00	0.0000E+00	9.1291E-01
2.7540E+03	0.0000E+00	0.0000E+00	9.1418E-01
2.7550E+03	0.0000E+00	0.0000E+00	9.1727E-01
2.7560E+03	0.0000E+00	0.0000E+00	9.1582E-01
2.7570E+03	0.0000E+00	0.0000E+00	9.1527E-01
2.7580E+03	0.0000E+00	0.0000E+00	9.1409E-01
2.7590E+03	0.0000E+00	0.0000E+00	9.1155E-01
2.7600E+03	0.0000E+00	0.0000E+00	9.0755E-01
2.7610E+03	0.0000E+00	0.0000E+00	9.0991E-01
2.7620E+03	0.0000E+00	0.0000E+00	9.0873E-01
2.7630E+03	0.0000E+00	0.0000E+00	9.0727E-01
2.7640E+03	0.0000E+00	0.0000E+00	9.0682E-01
2.7650E+03	0.0000E+00	0.0000E+00	9.0573E-01
2.7660E+03	0.0000E+00	0.0000E+00	9.0782E-01
2.7670E+03	0.0000E+00	0.0000E+00	9.0545E-01
2.7680E+03	0.0000E+00	0.0000E+00	9.0673E-01
2.7690E+03	0.0000E+00	0.0000E+00	9.0891E-01
2.7700E+03	0.0000E+00	0.0000E+00	9.1064E-01
2.7710E+03	0.0000E+00	0.0000E+00	9.1136E-01
2.7720E+03	0.0000E+00	0.0000E+00	9.1155E-01
2.7730E+03	0.0000E+00	0.0000E+00	9.1318E-01
2.7740E+03	0.0000E+00	0.0000E+00	9.1636E-01
2.7750E+03	0.0000E+00	0.0000E+00	9.1127E-01
2.7760E+03	0.0000E+00	0.0000E+00	9.0945E-01
2.7770E+03	0.0000E+00	0.0000E+00	9.0982E-01
2.7780E+03	0.0000E+00	0.0000E+00	9.0582E-01
2.7790E+03	0.0000E+00	0.0000E+00	9.0745E-01
2.7800E+03	0.0000E+00	0.0000E+00	9.0555E-01
2.7810E+03	0.0000E+00	0.0000E+00	9.0573E-01
2.7820E+03	0.0000E+00	0.0000E+00	9.0445E-01
2.7830E+03	0.0000E+00	0.0000E+00	9.0391E-01
2.7840E+03	0.0000E+00	0.0000E+00	9.0327E-01
2.7850E+03	0.0000E+00	0.0000E+00	9.0382E-01
2.7860E+03	0.0000E+00	0.0000E+00	9.0136E-01
2.7870E+03	0.0000E+00	0.0000E+00	8.9936E-01
2.7880E+03	0.0000E+00	0.0000E+00	8.9764E-01
2.7890E+03	0.0000E+00	0.0000E+00	8.9664E-01
2.7900E+03	0.0000E+00	0.0000E+00	8.9382E-01
2.7910E+03	0.0000E+00	0.0000E+00	8.9091E-01
2.7920E+03	0.0000E+00	0.0000E+00	8.9645E-01
2.7930E+03	0.0000E+00	0.0000E+00	8.9991E-01
2.7940E+03	0.0000E+00	0.0000E+00	9.0373E-01
2.7950E+03	0.0000E+00	0.0000E+00	9.0582E-01
2.7960E+03	0.0000E+00	0.0000E+00	9.0755E-01
2.7970E+03	0.0000E+00	0.0000E+00	9.1009E-01
2.7980E+03	0.0000E+00	0.0000E+00	9.1227E-01
2.7990E+03	0.0000E+00	0.0000E+00	9.1209E-01
2.8000E+03	0.0000E+00	0.0000E+00	9.1127E-01
2.8010E+03	0.0000E+00	0.0000E+00	9.0809E-01
2.8020E+03	0.0000E+00	0.0000E+00	9.0918E-01
2.8030E+03	0.0000E+00	0.0000E+00	9.0627E-01
2.8040E+03	0.0000E+00	0.0000E+00	9.0364E-01
2.8050E+03	0.0000E+00	0.0000E+00	9.0845E-01
2.8060E+03	0.0000E+00	0.0000E+00	9.0755E-01
2.8070E+03	0.0000E+00	0.0000E+00	9.0955E-01
2.8080E+03	0.0000E+00	0.0000E+00	9.0509E-01
2.8090E+03	0.0000E+00	0.0000E+00	9.0291E-01
2.8100E+03	0.0000E+00	0.0000E+00	8.9936E-01
2.8110E+03	0.0000E+00	0.0000E+00	8.9909E-01
2.8120E+03	0.0000E+00	0.0000E+00	8.9918E-01
2.8130E+03	0.0000E+00	0.0000E+00	8.9727E-01
2.8140E+03	0.0000E+00	0.0000E+00	8.9991E-01
2.8150E+03	0.0000E+00	0.0000E+00	8.9964E-01
2.8160E+03	0.0000E+00	0.0000E+00	9.0036E-01
2.8170E+03	0.0000E+00	0.0000E+00	9.0491E-01
2.8180E+03	0.0000E+00	0.0000E+00	9.0764E-01
2.8190E+03	0.0000E+00	0.0000E+00	9.0882E-01
2.8200E+03	0.0000E+00	0.0000E+00	9.1009E-01
2.8210E+03	0.0000E+00	0.0000E+00	9.0509E-01
2.8220E+03	0.0000E+00	0.0000E+00	8.8736E-01
2.8230E+03	0.0000E+00	0.0000E+00	8.7873E-01
2.8240E+03	0.0000E+00	0.0000E+00	8.8145E-01
2.8250E+03	0.0000E+00	0.0000E+00	8.8209E-01
2.8260E+03	0.0000E+00	0.0000E+00	8.8291E-01
2.8270E+03	0.0000E+00	0.0000E+00	8.8491E-01
2.8280E+03	0.0000E+00	0.0000E+00	8.8527E-01
2.8290E+03	0.0000E+00	0.0000E+00	8.8127E-01
2.8300E+03	0.0000E+00	0.0000E+00	8.8118E-01
2.8310E+03	0.0000E+00	0.0000E+00	8.7836E-01
2.8320E+03	0.0000E+00	0.0000E+00	8.7473E-01
2.8330E+03	0.0000E+00	0.0000E+00	8.7836E-01
2.8340E+03	0.0000E+00	0.0000E+00	8.7864E-01
2.8350E+03	0.0000E+00	0.0000E+00	8.7891E-01
2.8360E+03	0.0000E+00	0.0000E+00	8.7809E-01
2.8370E+03	0.0000E+00	0.0000E+00	8.7873E-01
2.8380E+03	0.0000E+00	0.0000E+00	8.8064E-01
2.8390E+03	0.0000E+00	0.0000E+00	8.8191E-01
2.8400E+03	0.0000E+00	0.0000E+00	8.8227E-01
2.8410E+03	0.0000E+00	0.0000E+00	8.8355E-01
2.8420E+03	0.0000E+00	0.0000E+00	8.8718E-01
2.8430E+03	0.0000E+00	0.0000E+00	8.9318E-01
2.8440E+03	0.0000E+00	0.0000E+00	8.9136E-01
2.8450E+03	0.0000E+00	0.0000E+00	8.9318E-01
2.8460E+03	0.0000E+00	0.0000E+00	8.9464E-01
2.8470E+03	0.0000E+00	0.0000E+00	8.9645E-01
2.8480E+03	0.0000E+00	0.0000E+00	8.9373E-01
2.8490E+03	0.0000E+00	0.0000E+00	8.8818E-01
2.8500E+03	0.0000E+00	0.0000E+00	8.9191E-01
2.8510E+03	0.0000E+00	0.0000E+00	8.9164E-01
2.8520E+03	0.0000E+00	0.0000E+00	8.9391E-01
2.8530E+03	0.0000E+00	0.0000E+00	8.9691E-01
2.8540E+03	0.0000E+00	0.0000E+00	8.9436E-01
2.8550E+03	0.0000E+00	0.0000E+00	8.8445E-01
2.8560E+03	0.0000E+00	0.0000E+00	8.8345E-01
2.8570E+03	0.0000E+00	0.0000E+00	8.8355E-01
2.8580E+03	0.0000E+00	0.0000E+00	8.8727E-01
2.8590E+03	0.0000E+00	0.0000E+00	8.8636E-01
2.8600E+03	0.0000E+00	0.0000E+00	8.8427E-01
2.8610E+03	0.0000E+00	0.0000E+00	8.8245E-01
2.8620E+03	0.0000E+00	0.0000E+00	8.8173E-01
2.8630E+03	0.0000E+00	0.0000E+00	8.8355E-01
2.8640E+03	0.0000E+00	0.0000E+00	8.8609E-01
2.8650E+03	0.0000E+00	0.0000E+00	8.8318E-01
2.8660E+03	0.0000E+00	0.0000E+00	8.8491E-01
2.8670E+03	0.0000E+00	0.0000E+00	8.8745E-01
2.8680E+03	0.0000E+00	0.0000E+00	8.9082E-01
2.8690E+03	0.0000E+00	0.0000E+00	8.9191E-01
2.8700E+03	0.0000E+00	0.0000E+00	8.9182E-01
2.8710E+03	0.0000E+00	0.0000E+00	8.8809E-01
2.8720E+03	0.0000E+00	0.0000E+00	8.8436E-01
2.8730E+03	0.0000E+00	0.0000E+00	8.8309E-01
2.8740E+03	0.0000E+00	0.0000E+00	8.8009E-01
2.8750E+03	0.0000E+00	0.0000E+00	8.8136E-01
2.8760E+03	0.0000E+00	0.0000E+00	8.8064E-01
2.8770E+03	0.0000E+00	0.0000E+00	8.8118E-01
2.8780E+03	0.0000E+00	0.0000E+00	8.8136E-01
2.8790E+03	0.0000E+00	0.0000E+00	8.7882E-01
2.8800E+03	0.0000E+00	0.0000E+00	8.7236E-01
2.8810E+03	0.0000E+00	0.0000E+00	8.7255E-01
2.8820E+03	0.0000E+00	0.0000E+00	8.7209E-01
2.8830E+03	0.0000E+00	0.0000E+00	8.7118E-01
2.8840E+03	0.0000E+00	0.0000E+00	8.6927E-01
2.8850E+03	0.0000E+00	0.0000E+00	8.7227E-01
2.8860E+03	0.0000E+00	0.0000E+00	8.7227E-01
2.8870E+03	0.0000E+00	0.0000E+00	8.7191E-01
2.8880E+03	0.0000E+00	0.0000E+00	8.7064E-01
2.8890E+03	0.0000E+00	0.0000E+00	8.7155E-01
2.8900E+03	0.0000E+00	0.0000E+00	8.7627E-01
2.8910E+03	0.0000E+00	0.0000E+00	8.7945E-01
2.8920E+03	0.0000E+00	0.0000E+00	8.8182E-01
2.8930E+03	0.0000E+00	0.0000E+00	8.8491E-01
2.8940E+03	0.0000E+00	0.0000E+00	8.8645E-01
2.8950E+03	0.0000E+00	0.0000E+00	8.8727E-01
2.8960E+03	0.0000E+00	0.0000E+00	8.8627E-01
2.8970E+03	0.0000E+00	0.0000E+00	8.8691E-01
2.8980E+03	0.0000E+00	0.0000E+00	8.8455E-01
2.8990E+03	0.0000E+00	0.0000E+00	8.7991E-01
2.9000E+03	0.0000E+00	0.0000E+00	8.7582E-01
2.9010E+03	0.0000E+00	0.0000E+00	8.7618E-01
2.9020E+03	0.0000E+00	0.0000E+00	8.7645E-01
2.9030E+03	0.0000E+00	0.0000E+00	8.7436E-01
2.9040E+03	0.0000E+00	0.0000E+00	8.7373E-01
2.9050E+03	0.0000E+00	0.0000E+00	8.7582E-01
2.9060E+03	0.0000E+00	0.0000E+00	8.7518E-01
2.9070E+03	0.0000E+00	0.0000E+00	8.7455E-01
2.9080E+03	0.0000E+00	0.0000E+00	8.7391E-01
2.9090E+03	0.0000E+00	0.0000E+00	8.6918E-01
2.9100E+03	0.0000E+00	0.0000E+00	8.6691E-01
2.9110E+03	0.0000E+00	0.0000E+00	8.6391E-01
2.9120E+03	0.0000E+00	0.0000E+00	8.6427E-01
2.9130E+03	0.0000E+00	0.0000E+00	8.6709E-01
2.9140E+03	0.0000E+00	0.0000E+00	8.7318E-01
2.9150E+03	0.0000E+00	0.0000E+00	8.7882E-01
2.9160E+03	0.0000E+00	0.0000E+00	8.8182E-01
2.9170E+03	0.0000E+00	0.0000E+00	8.8409E-01
2.9180E+03	0.0000E+00	0.0000E+00	8.8809E-01
2.9190E+03	0.0000E+00	0.0000E+00	8.8673E-01
2.9200E+03	0.0000E+00	0.0000E+00	8.8655E-01
2.9210E+03	0.0000E+00	0.0000E+00	8.8418E-01
2.9220E+03	0.0000E+00	0.0000E+00	8.8518E-01
2.9230E+03	0.0000E+00	0.0000E+00	8.8409E-01
2.9240E+03	0.0000E+00	0.0000E+00	8.8873E-01
2.9250E+03	0.0000E+00	0.0000E+00	8.8927E-01
2.9260E+03	0.0000E+00	0.0000E+00	8.8609E-01
2.9270E+03	0.0000E+00	0.0000E+00	8.8455E-01
2.9280E+03	0.0000E+00	0.0000E+00	8.7927E-01
2.9290E+03	0.0000E+00	0.0000E+00	8.7909E-01
2.9300E+03	0.0000E+00	0.0000E+00	8.7964E-01
2.9310E+03	0.0000E+00	0.0000E+00	8.8155E-01
2.9320E+03	0.0000E+00	0.0000E+00	8.8155E-01
2.9330E+03	0.0000E+00	0.0000E+00	8.7809E-01
2.9340E+03	0.0000E+00	0.0000E+00	8.7618E-01
2.9350E+03	0.0000E+00	0.0000E+00	8.7455E-01
2.9360E+03	0.0000E+00	0.0000E+00	8.7664E-01
2.9370E+03	0.0000E+00	0.0000E+00	8.7518E-01
2.9380E+03	0.0000E+00	0.0000E+00	8.8155E-01
2.9390E+03	0.0000E+00	0.0000E+00	8.8009E-01
2.9400E+03	0.0000E+00	0.0000E+00	8.7936E-01
2.9410E+03	0.0000E+00	0.0000E+00	8.7918E-01
2.9420E+03	0.0000E+00	0.0000E+00	8.8373E-01
2.9430E+03	0.0000E+00	0.0000E+00	8.8282E-01
2.9440E+03	0.0000E+00	0.0000E+00	8.8773E-01
2.9450E+03	0.0000E+00	0.0000E+00	8.8427E-01
2.9460E+03	0.0000E+00	0.0000E+00	8.7764E-01
2.9470E+03	0.0000E+00	0.0000E+00	8.7891E-01
2.9480E+03	0.0000E+00	0.0000E+00	8.7582E-01
2.9490E+03	0.0000E+00	0.0000E+00	8.7864E-01
2.9500E+03	0.0000E+00	0.0000E+00	8.7791E-01
2.9510E+03	0.0000E+00	0.0000E+00	8.7909E-01
2.9520E+03	0.0000E+00	0.0000E+00	8.7455E-01
2.9530E+03	0.0000E+00	0.0000E+00	8.7345E-01
2.9540E+03	0.0000E+00	0.0000E+00	8.7582E-01
2.9550E+03	0.0000E+00	0.0000E+00	8.7436E-01
2.9560E+03	0.0000E+00	0.0000E+00	8.7418E-01
2.9570E+03	0.0000E+00	0.0000E+00	8.7291E-01
2.9580E+03	0.0000E+00	0.0000E+00	8.7291E-01
2.9590E+03	0.0000E+00	0.0000E+00	8.7827E-01
2.9600E+03	0.0000E+00	0.0000E+00	8.8145E-01
2.9610E+03	0.0000E+00	0.0000E+00	8.8155E-01
2.9620E+03	0.0000E+00	0.0000E+00	8.8427E-01
2.9630E+03	0.0000E+00	0.0000E+00	8.8455E-01
2.9640E+03	0.0000E+00	0.0000E+00	8.8318E-01
2.9650E+03	0.0000E+00	0.0000E+00	8.8609E-01
2.9660E+03	0.0000E+00	0.0000E+00	8.8664E-01
2.9670E+03	0.0000E+00	0.0000E+00	8.9491E-01
2.9680E+03	0.0000E+00	0.0000E+00	8.9391E-01
2.9690E+03	0.0000E+00	0.0000E+00	8.9545E-01
2.9700E+03	0.0000E+00	0.0000E+00	8.9391E-01
2.9710E+03	0.0000E+00	0.0000E+00	8.9327E-01
2.9720E+03	0.0000E+00	0.0000E+00	8.8927E-01
2.9730E+03	0.0000E+00	0.0000E+00	8.8909E-01
2.9740E+03	0.0000E+00	0.0000E+00	8.8736E-01
2.9750E+03	0.0000E+00	0.0000E+00	8.8845E-01
2.9760E+03	0.0000E+00	0.0000E+00	8.9127E-01
2.9770E+03	0.0000E+00	0.0000E+00	8.8964E-01
2.9780E+03	0.0000E+00	0.0000E+00	8.9345E-01
2.9790E+03	0.0000E+00	0.0000E+00	8.9536E-01
2.9800E+03	0.0000E+00	0.0000E+00	9.0018E-01
2.9810E+03	0.0000E+00	0.0000E+00	9.0127E-01
2.9820E+03	0.0000E+00	0.0000E+00	9.0473E-01
2.9830E+03	0.0000E+00	0.0000E+00	9.0436E-01
2.9840E+03	0.0000E+00	0.0000E+00	9.0573E-01
2.9850E+03	0.0000E+00	0.0000E+00	9.0282E-01
2.9860E+03	0.0000E+00	0.0000E+00	9.0309E-01
2.9870E+03	0.0000E+00	0.0000E+00	9.0427E-01
2.9880E+03	0.0000E+00	0.0000E+00	9.0618E-01
2.9890E+03	0.0000E+00	0.0000E+00	9.0427E-01
2.9900E+03	0.0000E+00	0.0000E+00	9.0536E-01
2.9910E+03	0.0000E+00	0.0000E+00	9.0609E-01
2.9920E+03	0.0000E+00	0.0000E+00	9.0155E-01
2.9930E+03	0.0000E+00	0.0000E+00	9.0236E-01
2.9940E+03	0.0000E+00	0.0000E+00	9.0327E-01
2.9950E+03	0.0000E+00	0.0000E+00	9.0182E-01
2.9960E+03	0.0000E+00	0.0000E+00	8.9855E-01
2.9970E+03	0.0000E+00	0.0000E+00	8.9364E-01
2.9980E+03	0.0000E+00	0.0000E+00	8.9436E-01
2.9990E+03	0.0000E+00	0.0000E+00	8.9373E-01
3.0000E+03	0.0000E+00	0.0000E+00	8.9427E-01
3.0010E+03	0.0000E+00	0.0000E+00	8.9436E-01
3.0020E+03	0.0000E+00	0.0000E+00	8.9118E-01
3.0030E+03	0.0000E+00	0.0000E+00	8.9018E-01
3.0040E+03	0.0000E+00	0.0000E+00	8.8882E-01
3.0050E+03	0.0000E+00	0.0000E+00	8.8727E-01
3.0060E+03	0.0000E+00	0.0000E+00	8.8536E-01
3.0070E+03	0.0000E+00	0.0000E+00	8.8609E-01
3.0080E+03	0.0000E+00	0.0000E+00	8.8727E-01
3.0090E+03	0.0000E+00	0.0000E+00	8.9373E-01
3.0100E+03	0.0000E+00	0.0000E+00	8.9073E-01
3.0110E+03	0.0000E+00	0.0000E+00	8.9073E-01
3.0120E+03	0.0000E+00	0.0000E+00	8.9282E-01
3.0130E+03	0.0000E+00	0.0000E+00	9.0127E-01
3.0140E+03	0.0000E+00	0.0000E+00	9.0155E-01
3.0150E+03	0.0000E+00	0.0000E+00	9.0327E-01
3.0160E+03	0.0000E+00	0.0000E+00	9.0191E-01
3.0170E+03	0.0000E+00	0.0000E+00	9.0327E-01
3.0180E+03	0.0000E+00	0.0000E+00	9.0055E-01
3.0190E+03	0.0000E+00	0.0000E+00	8.9491E-01
3.0200E+03	0.0000E+00	0.0000E+00	8.9245E-01
3.0210E+03	0.0000E+00	0.0000E+00	8.9427E-01
3.0220E+03	0.0000E+00	0.0000E+00	8.9718E-01
3.0230E+03	0.0000E+00	0.0000E+00	8.9973E-01
3.0240E+03	0.0000E+00	0.0000E+00	9.0018E-01
3.0250E+03	0.0000E+00	0.0000E+00	9.0073E-01
3.0260E+03	0.0000E+00	0.0000E+00	8.9827E-01
3.0270E+03	0.0000E+00	0.0000E+00	8.9591E-01
3.0280E+03	0.0000E+00	0.0000E+00	8.9436E-01
3.0290E+03	0.0000E+00	0.0000E+00	8.9291E-01
3.0300E+03	0.0000E+00	0.0000E+00	8.9218E-01
3.0310E+03	0.0000E+00	0.0000E+00	8.8864E-01
3.0320E+03	0.0000E+00	0.0000E+00	8.8609E-01
3.0330E+03	0.0000E+00	0.0000E+00	8.8173E-01
3.0340E+03	0.0000E+00	0.0000E+00	8.8118E-01
3.0350E+03	0.0000E+00	0.0000E+00	8.8445E-01
3.0360E+03	0.0000E+00	0.0000E+00	8.9045E-01
3.0370E+03	0.0000E+00	0.0000E+00	8.9327E-01
3.0380E+03	0.0000E+00	0.0000E+00	9.0045E-01
3.0390E+03	0.0000E+00	0.0000E+00	8.9391E-01
3.0400E+03	0.0000E+00	0.0000E+00	8.9464E-01
3.0410E+03	0.0000E+00	0.0000E+00	8.8682E-01
3.0420E+03	0.0000E+00	0.0000E+00	8.8927E-01
3.0430E+03	0.0000E+00	0.0000E+00	8.8755E-01
3.0440E+03	0.0000E+00	0.0000E+00	8.8673E-01
3.0450E+03	0.0000E+00	0.0000E+00	8.8127E-01
3.0460E+03	0.0000E+00	0.0000E+00	8.8436E-01
3.0470E+03	0.0000E+00	0.0000E+00	8.7918E-01
3.0480E+03	0.0000E+00	0.0000E+00	8.8155E-01
3.0490E+03	0.0000E+00	0.0000E+00	8.7945E-01
3.0500E+03	0.0000E+00	0.0000E+00	8.8064E-01
3.0510E+03	0.0000E+00	0.0000E+00	8.7891E-01
3.0520E+03	0.0000E+00	0.0000E+00	8.7245E-01
3.0530E+03	0.0000E+00	0.0000E+00	8.7191E-01
3.0540E+03	0.0000E+00	0.0000E+00	8.7373E-01
3.0550E+03	0.0000E+00	0.0000E+00	8.7482E-01
3.0560E+03	0.0000E+00	0.0000E+00	8.7682E-01
3.0570E+03	0.0000E+00	0.0000E+00	8.7864E-01
3.0580E+03	0.0000E+00	0.0000E+00	8.8209E-01
3.0590E+03	0.0000E+00	0.0000E+00	8.8436E-01
3.0600E+03	0.0000E+00	0.0000E+00	8.8527E-01
3.0610E+03	0.0000E+00	0.0000E+00	8.8782E-01
3.0620E+03	0.0000E+00	0.0000E+00	8.9091E-01
3.0630E+03	0.0000E+00	0.0000E+00	8.9209E-01
3.0640E+03	0.0000E+00	0.0000E+00	8.9036E-01
3.0650E+03	0.0000E+00	0.0000E+00	8.8791E-01
3.0660E+03	0.0000E+00	0.0000E+00	8.9027E-01
3.0670E+03	0.0000E+00	0.0000E+00	8.8482E-01
3.0680E+03	0.0000E+00	0.0000E+00	8.8227E-01
3.0690E+03	0.0000E+00	0.0000E+00	8.8055E-01
3.0700E+03	0.0000E+00	0.0000E+00	8.7791E-01
3.0710E+03	0.0000E+00	0.0000E+00	8.7609E-01
3.0720E+03	0.0000E+00	0.0000E+00	8.7691E-01
3.0730E+03	0.0000E+00	0.0000E+00	8.7618E-01
3.0740E+03	0.0000E+00	0.0000E+00	8.7555E-01
3.0750E+03	0.0000E+00	0.0000E+00	8.7409E-01
3.0760E+03	0.0000E+00	0.0000E+00	8.6982E-01
3.0770E+03	0.0000E+00	0.0000E+00	8.6582E-01
3.0780E+03	0.0000E+00	0.0000E+00	8.6555E-01
3.0790E+03	0.0000E+00	0.0000E+00	8.6591E-01
3.0800E+03	0.0000E+00	0.0000E+00	8.6355E-01
3.0810E+03	0.0000E+00	0.0000E+00	8.6518E-01
3.0820E+03	0.0000E+00	0.0000E+00	8.7436E-01
3.0830E+03	0.0000E+00	0.0000E+00	8.8055E-01
3.0840E+03	0.0000E+00	0.0000E+00	8.8855E-01
3.0850E+03	0.0000E+00	0.0000E+00	8.8973E-01
3.0860E+03	0.0000E+00	0.0000E+00	8.9391E-01
3.0870E+03	0.0000E+00	0.0000E+00	8.8973E-01
3.0880E+03	0.0000E+00	0.0000E+00	8.9109E-01
3.0890E+03	0.0000E+00	0.0000E+00	8.9282E-01
3.0900E+03	0.0000E+00	0.0000E+00	8.9127E-01
3.0910E+03	0.0000E+00	0.0000E+00	8.9155E-01
3.0920E+03	0.0000E+00	0.0000E+00	8.9255E-01
3.0930E+03	0.0000E+00	0.0000E+00	8.9245E-01
3.0940E+03	0.0000E+00	0.0000E+00	8.8573E-01
3.0950E+03	0.0000E+00	0.0000E+00	8.8327E-01
3.0960E+03	0.0000E+00	0.0000E+00	8.7855E-01
3.0970E+03	0.0000E+00	0.0000E+00	8.8109E-01
3.0980E+03	0.0000E+00	0.0000E+00	8.8482E-01
3.0990E+03	0.0000E+00	0.0000E+00	8.8345E-01
3.1000E+03	0.0000E+00	0.0000E+00	8.8364E-01
3.1010E+03	0.0000E+00	0.0000E+00	8.8136E-01
3.1020E+03	0.0000E+00	0.0000E+00	8.7755E-01
3.1030E+03	0.0000E+00	0.0000E+00	8.7891E-01
3.1040E+03	0.0000E+00	0.0000E+00	8.7991E-01
3.1050E+03	0.0000E+00	0.0000E+00	8.8164E-01
3.1060E+03	0.0000E+00	0.0000E+00	8.8655E-01
3.1070E+03	0.0000E+00	0.0000E+00	8.9009E-01
3.1080E+03	0.0000E+00	0.0000E+00	8.9427E-01
3.1090E+03	0.0000E+00	0.0000E+00	8.9373E-01
3.1100E+03	0.0000E+00	0.0000E+00	8.9691E-01
3.1110E+03	0.0000E+00	0.0000E+00	8.9745E-01
3.1120E+03	0.0000E+00	0.0000E+00	8.9355E-01
3.1130E+03	0.0000E+00	0.0000E+00	8.9209E-01
3.1140E+03	0.0000E+00	0.0000E+00	8.9173E-01
3.1150E+03	0.0000E+00	0.0000E+00	8.9227E-01
3.1160E+03	0.0000E+00	0.0000E+00	8.9118E-01
3.1170E+03	0.0000E+00	0.0000E+00	8.9082E-01
3.1180E+03	0.0000E+00	0.0000E+00	8.9018E-01
3.1190E+03	0.0000E+00	0.0000E+00	8.9045E-01
3.1200E+03	0.0000E+00	0.0000E+00	8.9018E-01
3.1210E+03	0.0000E+00	0.0000E+00	8.8791E-01
3.1220E+03	0.0000E+00	0.0000E+00	8.8327E-01
3.1230E+03	0.0000E+00	0.0000E+00	8.8564E-01
3.1240E+03	0.0000E+00	0.0000E+00	8.8482E-01
3.1250E+03	0.0000E+00	0.0000E+00	8.8873E-01
3.1260E+03	0.0000E+00	0.0000E+00	8.8745E-01
3.1270E+03	0.0000E+00	0.0000E+00	8.8609E-01
3.1280E+03	0.0000E+00	0.0000E+00	8.8564E-01
3.1290E+03	0.0000E+00	0.0000E+00	8.8755E-01
3.1300E+03	0.0000E+00	0.0000E+00	8.9155E-01
3.1310E+03	0.0000E+00	0.0000E+00	8.9382E-01
3.1320E+03	0.0000E+00	0.0000E+00	8.9418E-01
3.1330E+03	0.0000E+00	0.0000E+00	8.9518E-01
3.1340E+03	0.0000E+00	0.0000E+00	8.9882E-01
3.1350E+03	0.0000E+00	0.0000E+00	8.9936E-01
3.1360E+03	0.0000E+00	0.0000E+00	8.9718E-01
3.1370E+03	0.0000E+00	0.0000E+00	8.9682E-01
3.1380E+03	0.0000E+00	0.0000E+00	8.9509E-01
3.1390E+03	0.0000E+00	0.0000E+00	8.9391E-01
3.1400E+03	0.0000E+00	0.0000E+00	8.9191E-01
3.1410E+03	0.0000E+00	0.0000E+00	8.9191E-01
3.1420E+03	0.0000E+00	0.0000E+00	8.9309E-01
3.1430E+03	0.0000E+00	0.0000E+00	8.9282E-01
3.1440E+03	0.0000E+00	0.0000E+00	8.9327E-01
3.1450E+03	0.0000E+00	0.0000E+00	8.8518E-01
3.1460E+03	0.0000E+00	0.0000E+00	8.7664E-01
3.1470E+03	0.0000E+00	0.0000E+00	8.7191E-01
3.1480E+03	0.0000E+00	0.0000E+00	8.6736E-01
3.1490E+03	0.0000E+00	0.0000E+00	8.6536E-01
3.1500E+03	0.0000E+00	0.0000E+00	8.6636E-01
3.1510E+03	0.0000E+00	0.0000E+00	8.6409E-01
3.1520E+03	0.0000E+00	0.0000E+00	8.6209E-01
3.1530E+03	0.0000E+00	0.0000E+00	8.6427E-01
3.1540E+03	0.0000E+00	0.0000E+00	8.6473E-01
3.1550E+03	0.0000E+00	0.0000E+00	8.6855E-01
3.1560E+03	0.0000E+00	0.0000E+00	8.7082E-01
3.1570E+03	0.0000E+00	0.0000E+00	8.7273E-01
3.1580E+03	0.0000E+00	0.0000E+00	8.7436E-01
3.1590E+03	0.0000E+00	0.0000E+00	8.7055E-01
3.1600E+03	0.0000E+00	0.0000E+00	8.7327E-01
3.1610E+03	0.0000E+00	0.0000E+00	8.7336E-01
3.1620E+03	0.0000E+00	0.0000E+00	8.7309E-01
3.1630E+03	0.0000E+00	0.0000E+00	8.7109E-01
3.1640E+03	0.0000E+00	0.0000E+00	8.7691E-01
3.1650E+03	0.0000E+00	0.0000E+00	8.7209E-01
3.1660E+03	0.0000E+00	0.0000E+00	8.7173E-01
3.1670E+03	0.0000E+00	0.0000E+00	8.7036E-01
3.1680E+03	0.0000E+00	0.0000E+00	8.6982E-01
3.1690E+03	0.0000E+00	0.0000E+00	8.6945E-01
3.1700E+03	0.0000E+00	0.0000E+00	8.6845E-01
3.1710E+03	0.0000E+00	0.0000E+00	8.6709E-01
3.1720E+03	0.0000E+00	0.0000E+00	8.6655E-01
3.1730E+03	0.0000E+00	0.0000E+00	8.6491E-01
3.1740E+03	0.0000E+00	0.0000E+00	8.6164E-01
3.1750E+03	0.0000E+00	0.0000E+00	8.6291E-01
3.1760E+03	0.0000E+00	0.0000E+00	8.6373E-01
3.1770E+03	0.0000E+00	0.0000E+00	8.6318E-01
3.1780E+03	0.0000E+00	0.0000E+00	8.6655E-01
3.1790E+03	0.0000E+00	0.0000E+00	8.7027E-01
3.1800E+03	0.0000E+00	0.0000E+00	8.7036E-01
3.1810E+03	0.0000E+00	0.0000E+00	8.7118E-01
3.1820E+03	0.0000E+00	0.0000E+00	8.7609E-01
3.1830E+03	0.0000E+00	0.0000E+00	8.7464E-01
3.1840E+03	0.0000E+00	0.0000E+00	8.7273E-01
3.1850E+03	0.0000E+00	0.0000E+00	8.7282E-01
3.1860E+03	0.0000E+00	0.0000E+00	8.7064E-01
3.1870E+03	0.0000E+00	0.0000E+00	8.7582E-01
3.1880E+03	0.0000E+00	0.0000E+00	8.7582E-01
3.1890E+03	0.0000E+00	0.0000E+00	8.7918E-01
3.1900E+03	0.0000E+00	0.0000E+00	8.7264E-01
3.1910E+03	0.0000E+00	0.0000E+00	8.7091E-01
3.1920E+03	0.0000E+00	0.0000E+00	8.7318E-01
3.1930E+03	0.0000E+00	0.0000E+00	8.7445E-01
3.1940E+03	0.0000E+00	0.0000E+00	8.7218E-01
3.1950E+03	0.0000E+00	0.0000E+00	8.7227E-01
3.1960E+03	0.0000E+00	0.0000E+00	8.7518E-01
3.1970E+03	0.0000E+00	0.0000E+00	8.7182E-01
3.1980E+03	0.0000E+00	0.0000E+00	8.7209E-01
3.1990E+03	0.0000E+00	0.0000E+00	8.6755E-01
3.2000E+03	0.0000E+00	0.0000E+00	8.6473E-01
3.2010E+03	0.0000E+00	0.0000E+00	8.6382E-01
3.2020E+03	0.0000E+00	0.0000E+00	8.6309E-01
3.2030E+03	0.0000E+00	0.0000E+00	8.6527E-01
3.2040E+03	0.0000E+00	0.0000E+00	8.6836E-01
3.2050E+03	0.0000E+00	0.0000E+00	8.6691E-01
3.2060E+03	0.0000E+00	0.0000E+00	8.7127E-01
3.2070E+03	0.0000E+00	0.0000E+00	8.6745E-01
3.2080E+03	0.0000E+00	0.0000E+00	8.7155E-01
3.2090E+03	0.0000E+00	0.0000E+00	8.7064E-01
3.2100E+03	0.0000E+00	0.0000E+00	8.7073E-01
3.2110E+03	0.0000E+00	0.0000E+00	8.6991E-01
3.2120E+03	0.0000E+00	0.0000E+00	8.6782E-01
3.2130E+03	0.0000E+00	0.0000E+00	8.6827E-01
3.2140E+03	0.0000E+00	0.0000E+00	8.6627E-01
3.2150E+03	0.0000E+00	0.0000E+00	8.6664E-01
3.2160E+03	0.0000E+00	0.0000E+00	8.6736E-01
3.2170E+03	0.0000E+00	0.0000E+00	8.6809E-01
3.2180E+03	0.0000E+00	0.0000E+00	8.6573E-01
3.2190E+03	0.0000E+00	0.0000E+00	8.6536E-01
3.2200E+03	0.0000E+00	0.0000E+00	8.6227E-01
3.2210E+03	0.0000E+00	0.0000E+00	8.5936E-01
3.2220E+03	0.0000E+00	0.0000E+00	8.6136E-01
3.2230E+03	0.0000E+00	0.0000E+00	8.6155E-01
3.2240E+03	0.0000E+00	0.0000E+00	8.6382E-01
3.2250E+03	0.0000E+00	0.0000E+00	8.6518E-01
3.2260E+03	0.0000E+00	0.0000E+00	8.6591E-01
3.2270E+03	0.0000E+00	0.0000E+00	8.6891E-01
3.2280E+03	0.0000E+00	0.0000E+00	8.7291E-01
3.2290E+03	0.0000E+00	0.0000E+00	8.7509E-01
3.2300E+03	0.0000E+00	0.0000E+00	8.7309E-01
3.2310E+03	0.0000E+00	0.0000E+00	8.7136E-01
3.2320E+03	0.0000E+00	0.0000E+00	8.7491E-01
3.2330E+03	0.0000E+00	0.0000E+00	8.6982E-01
3.2340E+03	0.0000E+00	0.0000E+00	8.7864E-01
3.2350E+03	0.0000E+00	0.0000E+00	8.7164E-01
3.2360E+03	0.0000E+00	0.0000E+00	8.6982E-01
3.2370E+03	0.0000E+00	0.0000E+00	8.7045E-01
3.2380E+03	0.0000E+00	0.0000E+00	8.6755E-01
3.2390E+03	0.0000E+00	0.0000E+00	8.6455E-01
3.2400E+03	0.0000E+00	0.0000E+00	8.6209E-01
3.2410E+03	0.0000E+00	0.0000E+00	8.5682E-01
3.2420E+03	0.0000E+00	0.0000E+00	8.5955E-01
3.2430E+03	0.0000E+00	0.0000E+00	8.5791E-01
3.2440E+03	0.0000E+00	0.0000E+00	8.5882E-01
3.2450E+03	0.0000E+00	0.0000E+00	8.5745E-01
3.2460E+03	0.0000E+00	0.0000E+00	8.5827E-01
3.2470E+03	0.0000E+00	0.0000E+00	8.5682E-01
3.2480E+03	0.0000E+00	0.0000E+00	8.5427E-01
3.2490E+03	0.0000E+00	0.0000E+00	8.5282E-01
3.2500E+03	0.0000E+00	0.0000E+00	8.5191E-01
3.2510E+03	0.0000E+00	0.0000E+00	8.5391E-01
3.2520E+03	0.0000E+00	0.0000E+00	8.5727E-01
3.2530E+03	0.0000E+00	0.0000E+00	8.5782E-01
3.2540E+03	0.0000E+00	0.0000E+00	8.6109E-01
3.2550E+03	0.0000E+00	0.0000E+00	8.5891E-01
3.2560E+03	0.0000E+00	0.0000E+00	8.6591E-01
3.2570E+03	0.0000E+00	0.0000E+00	8.6427E-01
3.2580E+03	0.0000E+00	0.0000E+00	8.6355E-01
3.2590E+03	0.0000E+00	0.0000E+00	8.6636E-01
3.2600E+03	0.0000E+00	0.0000E+00	8.6764E-01
3.2610E+03	0.0000E+00	0.0000E+00	8.6836E-01
3.2620E+03	0.0000E+00	0.0000E+00	8.7009E-01
3.2630E+03	0.0000E+00	0.0000E+00	8.6482E-01
3.2640E+03	0.0000E+00	0.0000E+00	8.6727E-01
3.2650E+03	0.0000E+00	0.0000E+00	8.6773E-01
3.2660E+03	0.0000E+00	0.0000E+00	8.6545E-01
3.2670E+03	0.0000E+00	0.0000E+00	8.6573E-01
3.2680E+03	0.0000E+00	0.0000E+00	8.6309E-01
3.2690E+03	0.0000E+00	0.0000E+00	8.6518E-01
3.2700E+03	0.0000E+00	0.0000E+00	8.6418E-01
3.2710E+03	0.0000E+00	0.0000E+00	8.6064E-01
3.2720E+03	0.0000E+00	0.0000E+00	8.6273E-01
3.2730E+03	0.0000E+00	0.0000E+00	8.6327E-01
3.2740E+03	0.0000E+00	0.0000E+00	8.6573E-01
3.2750E+03	0.0000E+00	0.0000E+00	8.6536E-01
3.2760E+03	0.0000E+00	0.0000E+00	8.6536E-01
3.2770E+03	0.0000E+00	0.0000E+00	8.6636E-01
3.2780E+03	0.0000E+00	0.0000E+00	8.6618E-01
3.2790E+03	0.0000E+00	0.0000E+00	8.6664E-01
3.2800E+03	0.0000E+00	0.0000E+00	8.6682E-01
3.2810E+03	0.0000E+00	0.0000E+00	8.6973E-01
3.2820E+03	0.0000E+00	0.0000E+00	8.6845E-01
3.2830E+03	0.0000E+00	0.0000E+00	8.7609E-01
3.2840E+03	0.0000E+00	0.0000E+00	8.7491E-01
3.2850E+03	0.0000E+00	0.0000E+00	8.9409E-01
3.2860E+03	0.0000E+00	0.0000E+00	8.9927E-01
3.2870E+03	0.0000E+00	0.0000E+00	8.9755E-01
3.2880E+03	0.0000E+00	0.0000E+00	8.9355E-01
3.2890E+03	0.0000E+00	0.0000E+00	8.9055E-01
3.2900E+03	0.0000E+00	0.0000E+00	8.8918E-01
3.2910E+03	0.0000E+00	0.0000E+00	8.8627E-01
3.2920E+03	0.0000E+00	0.0000E+00	8.8373E-01
3.2930E+03	0.0000E+00	0.0000E+00	8.8509E-01
3.2940E+03	0.0000E+00	0.0000E+00	8.8173E-01
3.2950E+03	0.0000E+00	0.0000E+00	8.8318E-01
3.2960E+03	0.0000E+00	0.0000E+00	8.8209E-01
3.2970E+03	0.0000E+00	0.0000E+00	8.8545E-01
3.2980E+03	0.0000E+00	0.0000E+00	8.8755E-01
3.2990E+03	0.0000E+00	0.0000E+00	8.9182E-01
3.3000E+03	0.0000E+00	0.0000E+00	8.9155E-01
3.3010E+03	0.0000E+00	0.0000E+00	8.9327E-01
3.3020E+03	0.0000E+00	0.0000E+00	8.9291E-01
3.3030E+03	0.0000E+00	0.0000E+00	8.9691E-01
3.3040E+03	0.0000E+00	0.0000E+00	8.9464E-01
3.3050E+03	0.0000E+00	0.0000E+00	8.9627E-01
3.3060E+03	0.0000E+00	0.0000E+00	8.9373E-01
3.3070E+03	0.0000E+00	0.0000E+00	8.9164E-01
3.3080E+03	0.0000E+00	0.0000E+00	8.9091E-01
3.3090E+03	0.0000E+00	0.0000E+00	8.9018E-01
3.3100E+03	0.0000E+00	0.0000E+00	8.8782E-01
3.3110E+03	0.0000E+00	0.0000E+00	8.9173E-01
3.3120E+03	0.0000E+00	0.0000E+00	8.9145E-01
3.3130E+03	0.0000E+00	0.0000E+00	8.9236E-01
3.3140E+03	0.0000E+00	0.0000E+00	8.9091E-01
3.3150E+03	0.0000E+00	0.0000E+00	8.9091E-01
3.3160E+03	0.0000E+00	0.0000E+00	8.8827E-01
3.3170E+03	0.0000E+00	0.0000E+00	8.9027E-01
3.3180E+03	0.0000E+00	0.0000E+00	8.8691E-01
3.3190E+03	0.0000E+00	0.0000E+00	8.8373E-01
3.3200E+03	0.0000E+00	0.0000E+00	8.8382E-01
3.3210E+03	0.0000E+00	0.0000E+00	8.8645E-01
3.3220E+03	0.0000E+00	0.0000E+00	8.8791E-01
3.3230E+03	0.0000E+00	0.0000E+00	8.9327E-01
3.3240E+03	0.0000E+00	0.0000E+00	8.9518E-01
3.3250E+03	0.0000E+00	0.0000E+00	8.9745E-01
3.3260E+03	0.0000E+00	0.0000E+00	8.9855E-01
3.3270E+03	0.0000E+00	0.0000E+00	8.9809E-01
3.3280E+03	0.0000E+00	0.0000E+00	9.0091E-01
3.3290E+03	0.0000E+00	0.0000E+00	8.9845E-01
3.3300E+03	0.0000E+00	0.0000E+00	9.0155E-01
3.3310E+03	0.0000E+00	0.0000E+00	8.9845E-01
3.3320E+03	0.0000E+00	0.0000E+00	8.9991E-01
3.3330E+03	0.0000E+00	0.0000E+00	9.0036E-01
3.3340E+03	0.0000E+00	0.0000E+00	9.0336E-01
3.3350E+03	0.0000E+00	0.0000E+00	9.0355E-01
3.3360E+03	0.0000E+00	0.0000E+00	9.0527E-01
3.3370E+03	0.0000E+00	0.0000E+00	9.0564E-01
3.3380E+03	0.0000E+00	0.0000E+00	9.0509E-01
3.3390E+03	0.0000E+00	0.0000E+00	9.0218E-01
3.3400E+03	0.0000E+00	0.0000E+00	9.0455E-01
3.3410E+03	0.0000E+00	0.0000E+00	9.0455E-01
3.3420E+03	0.0000E+00	0.0000E+00	9.0309E-01
3.3430E+03	0.0000E+00	0.0000E+00	9.0218E-01
3.3440E+03	0.0000E+00	0.0000E+00	9.0127E-01
3.3450E+03	0.0000E+00	0.0000E+00	8.9845E-01
3.3460E+03	0.0000E+00	0.0000E+00	8.9955E-01
3.3470E+03	0.0000E+00	0.0000E+00	8.9909E-01
3.3480E+03	0.0000E+00	0.0000E+00	8.9655E-01
3.3490E+03	0.0000E+00	0.0000E+00	8.9827E-01
3.3500E+03	0.0000E+00	0.0000E+00	8.9473E-01
3.3510E+03	0.0000E+00	0.0000E+00	8.9882E-01
3.3520E+03	0.0000E+00	0.0000E+00	8.9564E-01
3.3530E+03	0.0000E+00	0.0000E+00	8.9345E-01
3.3540E+03	0.0000E+00	0.0000E+00	8.9282E-01
3.3550E+03	0.0000E+00	0.0000E+00	8.8927E-01
3.3560E+03	0.0000E+00	0.0000E+00	8.8736E-01
3.3570E+03	0.0000E+00	0.0000E+00	8.8745E-01
3.3580E+03	0.0000E+00	0.0000E+00	8.8464E-01
3.3590E+03	0.0000E+00	0.0000E+00	8.7955E-01
3.3600E+03	0.0000E+00	0.0000E+00	8.7655E-01
3.3610E+03	0.0000E+00	0.0000E+00	8.8045E-01
3.3620E+03	0.0000E+00	0.0000E+00	8.7873E-01
3.3630E+03	0.0000E+00	0.0000E+00	8.7809E-01
3.3640E+03	0.0000E+00	0.0000E+00	8.8073E-01
3.3650E+03	0.0000E+00	0.0000E+00	8.8155E-01
3.3660E+03	0.0000E+00	0.0000E+00	8.8173E-01
3.3670E+03	0.0000E+00	0.0000E+00	8.7864E-01
3.3680E+03	0.0000E+00	0.0000E+00	8.8673E-01
3.3690E+03	0.0000E+00	0.0000E+00	8.8191E-01
3.3700E+03	0.0000E+00	0.0000E+00	8.8264E-01
3.3710E+03	0.0000E+00	0.0000E+00	8.8236E-01
3.3720E+03	0.0000E+00	0.0000E+00	8.8082E-01
3.3730E+03	0.0000E+00	0.0000E+00	8.8391E-01
3.3740E+03	0.0000E+00	0.0000E+00	8.8382E-01
3.3750E+03	0.0000E+00	0.0000E+00	8.8045E-01
3.3760E+03	0.0000E+00	0.0000E+00	8.7873E-01
3.3770E+03	0.0000E+00	0.0000E+00	8.8264E-01
3.3780E+03	0.0000E+00	0.0000E+00	8.8318E-01
3.3790E+03	0.0000E+00	0.0000E+00	8.8045E-01
3.3800E+03	0.0000E+00	0.0000E+00	8.7691E-01
3.3810E+03	0.0000E+00	0.0000E+00	8.7482E-01
3.3820E+03	0.0000E+00	0.0000E+00	8.7064E-01
3.3830E+03	0.0000E+00	0.0000E+00	8.7045E-01
3.3840E+03	0.0000E+00	0.0000E+00	8.6591E-01
3.3850E+03	0.0000E+00	0.0000E+00	8.6636E-01
3.3860E+03	0.0000E+00	0.0000E+00	8.6845E-01
3.3870E+03	0.0000E+00	0.0000E+00	8.6782E-01
3.3880E+03	0.0000E+00	0.0000E+00	8.6755E-01
3.3890E+03	0.0000E+00	0.0000E+00	8.6855E-01
3.3900E+03	0.0000E+00	0.0000E+00	8.6627E-01
3.3910E+03	0.0000E+00	0.0000E+00	8.6691E-01
3.3920E+03	0.0000E+00	0.0000E+00	8.6845E-01
3.3930E+03	0.0000E+00	0.0000E+00	8.7045E-01
3.3940E+03	0.0000E+00	0.0000E+00	8.7182E-01
3.3950E+03	0.0000E+00	0.0000E+00	8.7618E-01
3.3960E+03	0.0000E+00	0.0000E+00	8.7664E-01
3.3970E+03	0.0000E+00	0.0000E+00	8.7673E-01
3.3980E+03	0.0000E+00	0.0000E+00	8.7709E-01
3.3990E+03	0.0000E+00	0.0000E+00	8.8082E-01
3.4000E+03	0.0000E+00	0.0000E+00	8.9509E-01
3.4010E+03	0.0000E+00	0.0000E+00	9.0382E-01
3.4020E+03	0.0000E+00	0.0000E+00	9.0718E-01
3.4030E+03	0.0000E+00	0.0000E+00	9.0527E-01
3.4040E+03	0.0000E+00	0.0000E+00	9.0582E-01
3.4050E+03	0.0000E+00	0.0000E+00	9.0164E-01
3.4060E+03	0.0000E+00	0.0000E+00	9.0218E-01
3.4070E+03	0.0000E+00	0.0000E+00	8.9873E-01
3.4080E+03	0.0000E+00	0.0000E+00	8.9809E-01
3.4090E+03	0.0000E+00	0.0000E+00	8.9391E-01
3.4100E+03	0.0000E+00	0.0000E+00	8.9527E-01
3.4110E+03	0.0000E+00	0.0000E+00	8.9945E-01
3.4120E+03	0.0000E+00	0.0000E+00	9.0218E-01
3.4130E+03	0.0000E+00	0.0000E+00	9.0373E-01
3.4140E+03	0.0000E+00	0.0000E+00	9.0727E-01
3.4150E+03	0.0000E+00	0.0000E+00	9.1145E-01
3.4160E+03	0.0000E+00	0.0000E+00	9.1318E-01
3.4170E+03	0.0000E+00	0.0000E+00	9.1664E-01
3.4180E+03	0.0000E+00	0.0000E+00	9.2118E-01
3.4190E+03	0.0000E+00	0.0000E+00	9.2318E-01
3.4200E+03	0.0000E+00	0.0000E+00	9.2745E-01
3.4210E+03	0.0000E+00	0.0000E+00	9.2691E-01
3.4220E+03	0.0000E+00	0.0000E+00	9.2455E-01
3.4230E+03	0.0000E+00	0.0000E+00	9.2664E-01
3.4240E+03	0.0000E+00	0.0000E+00	9.2173E-01
3.4250E+03	0.0000E+00	0.0000E+00	9.2591E-01
3.4260E+03	0.0000E+00	0.0000E+00	9.2718E-01
3.4270E+03	0.0000E+00	0.0000E+00	9.2845E-01
3.4280E+03	0.0000E+00	0.0000E+00	9.3809E-01
3.4290E+03	0.0000E+00	0.0000E+00	9.3655E-01
3.4300E+03	0.0000E+00	0.0000E+00	9.3373E-01
3.4310E+03	0.0000E+00	0.0000E+00	9.3564E-01
3.4320E+03	0.0000E+00	0.0000E+00	9.3564E-01
3.4330E+03	0.0000E+00	0.0000E+00	9.3218E-01
3.4340E+03	0.0000E+00	0.0000E+00	9.3718E-01
3.4350E+03	0.0000E+00	0.0000E+00	9.3227E-01
3.4360E+03	0.0000E+00	0.0000E+00	9.3382E-01
3.4370E+03	0.0000E+00	0.0000E+00	9.3009E-01
3.4380E+03	0.0000E+00	0.0000E+00	9.2555E-01
3.4390E+03	0.0000E+00	0.0000E+00	9.2836E-01
3.4400E+03	0.0000E+00	0.0000E+00	9.3018E-01
3.4410E+03	0.0000E+00	0.0000E+00	9.2973E-01
3.4420E+03	0.0000E+00	0.0000E+00	9.3382E-01
3.4430E+03	0.0000E+00	0.0000E+00	9.3764E-01
3.4440E+03	0.0000E+00	0.0000E+00	9.3691E-01
3.4450E+03	0.0000E+00	0.0000E+00	9.3555E-01
3.4460E+03	0.0000E+00	0.0000E+00	9.3782E-01
3.4470E+03	0.0000E+00	0.0000E+00	9.3564E-01
3.4480E+03	0.0000E+00	0.0000E+00	9.3264E-01
3.4490E+03	0.0000E+00	0.0000E+00	9.3109E-01
3.4500E+03	0.0000E+00	0.0000E+00	9.3091E-01
3.4510E+03	0.0000E+00	0.0000E+00	9.3027E-01
3.4520E+03	0.0000E+00	0.0000E+00	9.3073E-01
3.4530E+03	0.0000E+00	0.0000E+00	9.3409E-01
3.4540E+03	0.0000E+00	0.0000E+00	9.3145E-01
3.4550E+03	0.0000E+00	0.0000E+00	9.3364E-01
3.4560E+03	0.0000E+00	0.0000E+00	9.3345E-01
3.4570E+03	0.0000E+00	0.0000E+00	9.3527E-01
3.4580E+03	0.0000E+00	0.0000E+00	9.3355E-01
3.4590E+03	0.0000E+00	0.0000E+00	9.3409E-01
3.4600E+03	0.0000E+00	0.0000E+00	9.3336E-01
3.4610E+03	0.0000E+00	0.0000E+00	9.2873E-01
3.4620E+03	0.0000E+00	0.0000E+00	9.3164E-01
3.4630E+03	0.0000E+00	0.0000E+00	9.2845E-01
3.4640E+03	0.0000E+00	0.0000E+00	9.2745E-01
3.4650E+03	0.0000E+00	0.0000E+00	9.2755E-01
3.4660E+03	0.0000E+00	0.0000E+00	9.2864E-01
3.4670E+03	0.0000E+00	0.0000E+00	9.2745E-01
3.4680E+03	0.0000E+00	0.0000E+00	9.2682E-01
3.4690E+03	0.0000E+00	0.0000E+00	9.2109E-01
3.4700E+03	0.0000E+00	0.0000E+00	9.2309E-01
3.4710E+03	0.0000E+00	0.0000E+00	9.1982E-01
3.4720E+03	0.0000E+00	0.0000E+00	9.1818E-01
3.4730E+03	0.0000E+00	0.0000E+00	9.1745E-01
3.4740E+03	0.0000E+00	0.0000E+00	9.1573E-01
3.4750E+03	0.0000E+00	0.0000E+00	9.1318E-01
3.4760E+03	0.0000E+00	0.0000E+00	9.1191E-01
3.4770E+03	0.0000E+00	0.0000E+00	9.1036E-01
3.4780E+03	0.0000E+00	0.0000E+00	9.0627E-01
3.4790E+03	0.0000E+00	0.0000E+00	9.0409E-01
3.4800E+03	0.0000E+00	0.0000E+00	9.0318E-01
3.4810E+03	0.0000E+00	0.0000E+00	9.0373E-01
3.4820E+03	0.0000E+00	0.0000E+00	9.0518E-01
3.4830E+03	0.0000E+00	0.0000E+00	9.0818E-01
3.4840E+03	0.0000E+00	0.0000E+00	9.0809E-01
3.4850E+03	0.0000E+00	0.0000E+00	9.0455E-01
3.4860E+03	0.0000E+00	0.0000E+00	9.0255E-01
3.4870E+03	0.0000E+00	0.0000E+00	9.0482E-01
3.4880E+03	0.0000E+00	0.0000E+00	8.9964E-01
3.4890E+03	0.0000E+00	0.0000E+00	9.0373E-01
3.4900E+03	0.0000E+00	0.0000E+00	9.0291E-01
3.4910E+03	0.0000E+00	0.0000E+00	9.0418E-01
3.4920E+03	0.0000E+00	0.0000E+00	9.0336E-01
3.4930E+03	0.0000E+00	0.0000E+00	9.0491E-01
3.4940E+03	0.0000E+00	0.0000E+00	9.0364E-01
3.4950E+03	0.0000E+00	0.0000E+00	9.0327E-01
3.4960E+03	0.0000E+00	0.0000E+00	9.0691E-01
3.4970E+03	0.0000E+00	0.0000E+00	9.1391E-01
3.4980E+03	0.0000E+00	0.0000E+00	9.0627E-01
3.4990E+03	0.0000E+00	0.0000E+00	9.0718E-01
3.5000E+03	0.0000E+00	0.0000E+00	9.0664E-01
3.5010E+03	0.0000E+00	0.0000E+00	9.0427E-01
3.5020E+03	0.0000E+00	0.0000E+00	9.0336E-01
3.5030E+03	0.0000E+00	0.0000E+00	9.0309E-01
3.5040E+03	0.0000E+00	0.0000E+00	9.0173E-01
3.5050E+03	0.0000E+00	0.0000E+00	9.0055E-01
3.5060E+03	0.0000E+00	0.0000E+00	9.0255E-01
3.5070E+03	0.0000E+00	0.0000E+00	9.0045E-01
3.5080E+03	0.0000E+00	0.0000E+00	8.9955E-01
3.5090E+03	0.0000E+00	0.0000E+00	9.0209E-01
3.5100E+03	0.0000E+00	0.0000E+00	9.0055E-01
3.5110E+03	0.0000E+00	0.0000E+00	8.9836E-01
3.5120E+03	0.0000E+00	0.0000E+00	8.9918E-01
3.5130E+03	0.0000E+00	0.0000E+00	8.9691E-01
3.5140E+03	0.0000E+00	0.0000E+00	8.9527E-01
3.5150E+03	0.0000E+00	0.0000E+00	8.9518E-01
3.5160E+03	0.0000E+00	0.0000E+00	8.9355E-01
3.5170E+03	0.0000E+00	0.0000E+00	8.9255E-01
3.5180E+03	0.0000E+00	0.0000E+00	8.9136E-01
3.5190E+03	0.0000E+00	0.0000E+00	8.9191E-01
3.5200E+03	0.0000E+00	0.0000E+00	8.9045E-01
3.5210E+03	0.0000E+00	0.0000E+00	8.9264E-01
3.5220E+03	0.0000E+00	0.0000E+00	8.9409E-01
3.5230E+03	0.0000E+00	0.0000E+00	8.9209E-01
3.5240E+03	0.0000E+00	0.0000E+00	8.9536E-01
3.5250E+03	0.0000E+00	0.0000E+00	8.9464E-01
3.5260E+03	0.0000E+00	0.0000E+00	8.9555E-01
3.5270E+03	0.0000E+00	0.0000E+00	9.0409E-01
3.5280E+03	0.0000E+00	0.0000E+00	9.0891E-01
3.5290E+03	0.0000E+00	0.0000E+00	9.1073E-01
3.5300E+03	0.0000E+00	0.0000E+00	9.0691E-01
3.5310E+03	0.0000E+00	0.0000E+00	9.0727E-01
3.5320E+03	0.0000E+00	0.0000E+00	9.1127E-01
3.5330E+03	0.0000E+00	0.0000E+00	9.0873E-01
3.5340E+03	0.0000E+00	0.0000E+00	9.0764E-01
3.5350E+03	0.0000E+00	0.0000E+00	9.0764E-01
3.5360E+03	0.0000E+00	0.0000E+00	9.0845E-01
3.5370E+03	0.0000E+00	0.0000E+00	9.0773E-01
3.5380E+03	0.0000E+00	0.0000E+00	9.0845E-01
3.5390E+03	0.0000E+00	0.0000E+00	9.0964E-01
3.5400E+03	0.0000E+00	0.0000E+00	9.1436E-01
3.5410E+03	0.0000E+00	0.0000E+00	9.1836E-01
3.5420E+03	0.0000E+00	0.0000E+00	9.1727E-01
3.5430E+03	0.0000E+00	0.0000E+00	9.1755E-01
3.5440E+03	0.0000E+00	0.0000E+00	9.1755E-01
3.5450E+03	0.0000E+00	0.0000E+00	9.1673E-01
3.5460E+03	0.0000E+00	0.0000E+00	9.1673E-01
3.5470E+03	0.0000E+00	0.0000E+00	9.1764E-01
3.5480E+03	0.0000E+00	0.0000E+00	9.1536E-01
3.5490E+03	0.0000E+00	0.0000E+00	9.1327E-01
3.5500E+03	0.0000E+00	0.0000E+00	9.0991E-01
3.5510E+03	0.0000E+00	0.0000E+00	9.0555E-01
3.5520E+03	0.0000E+00	0.0000E+00	9.0327E-01
3.5530E+03	0.0000E+00	0.0000E+00	9.0282E-01
3.5540E+03	0.0000E+00	0.0000E+00	9.0391E-01
3.5550E+03	0.0000E+00	0.0000E+00	9.0664E-01
3.5560E+03	0.0000E+00	0.0000E+00	9.0655E-01
3.5570E+03	0.0000E+00	0.0000E+00	9.0436E-01
3.5580E+03	0.0000E+00	0.0000E+00	9.0609E-01
3.5590E+03	0.0000E+00	0.0000E+00	9.0582E-01
3.5600E+03	0.0000E+00	0.0000E+00	9.0645E-01
3.5610E+03	0.0000E+00	0.0000E+00	9.0427E-01
3.5620E+03	0.0000E+00	0.0000E+00	9.0773E-01
3.5630E+03	0.0000E+00	0.0000E+00	9.0755E-01
3.5640E+03	0.0000E+00	0.0000E+00	9.0736E-01
3.5650E+03	0.0000E+00	0.0000E+00	9.0655E-01
3.5660E+03	0.0000E+00	0.0000E+00	9.0927E-01
3.5670E+03	0.0000E+00	0.0000E+00	9.0636E-01
3.5680E+03	0.0000E+00	0.0000E+00	9.0382E-01
3.5690E+03	0.0000E+00	0.0000E+00	9.0582E-01
3.5700E+03	0.0000E+00	0.0000E+00	9.0255E-01
3.5710E+03	0.0000E+00	0.0000E+00	9.0618E-01
3.5720E+03	0.0000E+00	0.0000E+00	9.0227E-01
3.5730E+03	0.0000E+00	0.0000E+00	8.9873E-01
3.5740E+03	0.0000E+00	0.0000E+00	8.9055E-01
3.5750E+03	0.0000E+00	0.0000E+00	8.9191E-01
3.5760E+03	0.0000E+00	0.0000E+00	8.8873E-01
3.5770E+03	0.0000E+00	0.0000E+00	8.9027E-01
3.5780E+03	0.0000E+00	0.0000E+00	8.8791E-01
3.5790E+03	0.0000E+00	0.0000E+00	8.9264E-01
3.5800E+03	0.0000E+00	0.0000E+00	8.9245E-01
3.5810E+03	0.0000E+00	0.0000E+00	8.9545E-01
3.5820E+03	0.0000E+00	0.0000E+00	8.9636E-01
3.5830E+03	0.0000E+00	0.0000E+00	8.9718E-01
3.5840E+03	0.0000E+00	0.0000E+00	8.9745E-01
3.5850E+03	0.0000E+00	0.0000E+00	8.9582E-01
3.5860E+03	0.0000E+00	0.0000E+00	8.9591E-01
3.5870E+03	0.0000E+00	0.0000E+00	8.9664E-01
3.5880E+03	0.0000E+00	0.0000E+00	8.9782E-01
3.5890E+03	0.0000E+00	0.0000E+00	8.9718E-01
3.5900E+03	0.0000E+00	0.0000E+00	8.9764E-01
3.5910E+03	0.0000E+00	0.0000E+00	8.9618E-01
3.5920E+03	0.0000E+00	0.0000E+00	8.9609E-01
3.5930E+03	0.0000E+00	0.0000E+00	8.9718E-01
3.5940E+03	0.0000E+00	0.0000E+00	8.9836E-01
3.5950E+03	0.0000E+00	0.0000E+00	8.9691E-01
3.5960E+03	0.0000E+00	0.0000E+00	8.9691E-01
3.5970E+03	0.0000E+00	0.0000E+00	8.9436E-01
3.5980E+03	0.0000E+00	0.0000E+00	8.9755E-01
3.5990E+03	0.0000E+00	0.0000E+00	8.9436E-01
3.6000E+03	0.0000E+00	0.0000E+00	8.9518E-01
3.6010E+03	0.0000E+00	0.0000E+00	8.9273E-01
3.6020E+03	0.0000E+00	0.0000E+00	8.9564E-01
3.6030E+03	0.0000E+00	0.0000E+00	8.9436E-01
3.6040E+03	0.0000E+00	0.0000E+00	8.9355E-01
3.6050E+03	0.0000E+00	0.0000E+00	8.9391E-01
3.6060E+03	0.0000E+00	0.0000E+00	8.9155E-01
3.6070E+03	0.0000E+00	0.0000E+00	8.9718E-01
3.6080E+03	0.0000E+00	0.0000E+00	8.9955E-01
3.6090E+03	0.0000E+00	0.0000E+00	8.9891E-01
3.6100E+03	0.0000E+00	0.0000E+00	9.0345E-01
3.6110E+03	0.0000E+00	0.0000E+00	9.0364E-01
3.6120E+03	0.0000E+00	0.0000E+00	9.0636E-01
3.6130E+03	0.0000E+00	0.0000E+00	9.1009E-01
3.6140E+03	0.0000E+00	0.0000E+00	9.1418E-01
3.6150E+03	0.0000E+00	0.0000E+00	9.0818E-01
3.6160E+03	0.0000E+00	0.0000E+00	9.0445E-01
3.6170E+03	0.0000E+00	0.0000E+00	9.0673E-01
3.6180E+03	0.0000E+00	0.0000E+00	9.0727E-01
3.6190E+03	0.0000E+00	0.0000E+00	9.0682E-01
3.6200E+03	0.0000E+00	0.0000E+00	9.0836E-01
3.6210E+03	0.0000E+00	0.0000E+00	9.0636E-01
3.6220E+03	0.0000E+00	0.0000E+00	9.0036E-01
3.6230E+03	0.0000E+00	0.0000E+00	9.0027E-01
3.6240E+03	0.0000E+00	0.0000E+00	8.9936E-01
3.6250E+03	0.0000E+00	0.0000E+00	8.9873E-01
3.6260E+03	0.0000E+00	0.0000E+00	9.0509E-01
3.6270E+03	0.0000E+00	0.0000E+00	9.0564E-01
3.6280E+03	0.0000E+00	0.0000E+00	9.0355E-01
3.6290E+03	0.0000E+00	0.0000E+00	9.0382E-01
3.6300E+03	0.0000E+00	0.0000E+00	9.0464E-01
3.6310E+03	0.0000E+00	0.0000E+00	9.0727E-01
3.6320E+03	0.0000E+00	0.0000E+00	9.0782E-01
3.6330E+03	0.0000E+00	0.0000E+00	9.0955E-01
3.6340E+03	0.0000E+00	0.0000E+00	9.0945E-01
3.6350E+03	0.0000E+00	0.0000E+00	9.1045E-01
3.6360E+03	0.0000E+00	0.0000E+00	9.1136E-01
3.6370E+03	0.0000E+00	0.0000E+00	9.1609E-01
3.6380E+03	0.0000E+00	0.0000E+00	9.1455E-01
3.6390E+03	0.0000E+00	0.0000E+00	9.1473E-01
3.6400E+03	0.0000E+00	0.0000E+00	9.0809E-01
3.6410E+03	0.0000E+00	0.0000E+00	9.1082E-01
3.6420E+03	0.0000E+00	0.0000E+00	9.0809E-01
3.6430E+03	0.0000E+00	0.0000E+00	9.0609E-01
3.6440E+03	0.0000E+00	0.0000E+00	9.0491E-01
3.6450E+03	0.0000E+00	0.0000E+00	9.0618E-01
3.6460E+03	0.0000E+00	0.0000E+00	9.0609E-01
3.6470E+03	0.0000E+00	0.0000E+00	9.0391E-01
3.6480E+03	0.0000E+00	0.0000E+00	8.9927E-01
3.6490E+03	0.0000E+00	0.0000E+00	8.9536E-01
3.6500E+03	0.0000E+00	0.0000E+00	8.8927E-01
3.6510E+03	0.0000E+00	0.0000E+00	8.8536E-01
3.6520E+03	0.0000E+00	0.0000E+00	8.8409E-01
3.6530E+03	0.0000E+00	0.0000E+00	8.8227E-01
3.6540E+03	0.0000E+00	0.0000E+00	8.8291E-01
3.6550E+03	0.0000E+00	0.0000E+00	8.7927E-01
3.6560E+03	0.0000E+00	0.0000E+00	8.7827E-01
3.6570E+03	0.0000E+00	0.0000E+00	8.7873E-01
3.6580E+03	0.0000E+00	0.0000E+00	8.7882E-01
3.6590E+03	0.0000E+00	0.0000E+00	8.8145E-01
3.6600E+03	0.0000E+00	0.0000E+00	8.8282E-01
3.6610E+03	0.0000E+00	0.0000E+00	8.8827E-01
3.6620E+03	0.0000E+00	0.0000E+00	8.8664E-01
3.6630E+03	0.0000E+00	0.0000E+00	8.8318E-01
3.6640E+03	0.0000E+00	0.0000E+00	8.8691E-01
3.6650E+03	0.0000E+00	0.0000E+00	8.8582E-01
3.6660E+03	0.0000E+00	0.0000E+00	8.8645E-01
3.6670E+03	0.0000E+00	0.0000E+00	8.8218E-01
3.6680E+03	0.0000E+00	0.0000E+00	8.8191E-01
3.6690E+03	0.0000E+00	0.0000E+00	8.8118E-01
3.6700E+03	0.0000E+00	0.0000E+00	8.8118E-01
3.6710E+03	0.0000E+00	0.0000E+00	8.7827E-01
3.6720E+03	0.0000E+00	0.0000E+00	8.7755E-01
3.6730E+03	0.0000E+00	0.0000E+00	8.7764E-01
3.6740E+03	0.0000E+00	0.0000E+00	8.7664E-01
3.6750E+03	0.0000E+00	0.0000E+00	8.7718E-01
3.6760E+03	0.0000E+00	0.0000E+00	8.7527E-01
3.6770E+03	0.0000E+00	0.0000E+00	8.7655E-01
3.6780E+03	0.0000E+00	0.0000E+00	8.7736E-01
3.6790E+03	0.0000E+00	0.0000E+00	8.7564E-01
3.6800E+03	0.0000E+00	0.0000E+00	8.7509E-01
3.6810E+03	0.0000E+00	0.0000E+00	8.7473E-01
3.6820E+03	0.0000E+00	0.0000E+00	8.7509E-01
3.6830E+03	0.0000E+00	0.0000E+00	8.7245E-01
3.6840E+03	0.0000E+00	0.0000E+00	8.7655E-01
3.6850E+03	0.0000E+00	0.0000E+00	8.7827E-01
3.6860E+03	0.0000E+00	0.0000E+00	8.7973E-01
3.6870E+03	0.0000E+00	0.0000E+00	8.7609E-01
3.6880E+03	0.0000E+00	0.0000E+00	8.8145E-01
3.6890E+03	0.0000E+00	0.0000E+00	8.7645E-01
3.6900E+03	0.0000E+00	0.0000E+00	8.7827E-01
3.6910E+03	0.0000E+00	0.0000E+00	8.8155E-01
3.6920E+03	0.0000E+00	0.0000E+00	8.8227E-01
3.6930E+03	0.0000E+00	0.0000E+00	8.8355E-01
3.6940E+03	0.0000E+00	0.0000E+00	8.8473E-01
3.6950E+03	0.0000E+00	0.0000E+00	8.8364E-01
3.6960E+03	0.0000E+00	0.0000E+00	8.8191E-01
3.6970E+03	0.0000E+00	0.0000E+00	8.7873E-01
3.6980E+03	0.0000E+00	0.0000E+00	8.7527E-01
3.6990E+03	0.0000E+00	0.0000E+00	8.8064E-01
3.7000E+03	0.0000E+00	0.0000E+00	8.8436E-01
3.7010E+03	0.0000E+00	0.0000E+00	8.8282E-01
3.7020E+03	0.0000E+00	0.0000E+00	8.8591E-01
3.7030E+03	0.0000E+00	0.0000E+00	8.8373E-01
3.7040E+03	0.0000E+00	0.0000E+00	8.8291E-01
3.7050E+03	0.0000E+00	0.0000E+00	8.8445E-01
3.7060E+03	0.0000E+00	0.0000E+00	8.8745E-01
3.7070E+03	0.0000E+00	0.0000E+00	8.9009E-01
3.7080E+03	0.0000E+00	0.0000E+00	8.9018E-01
3.7090E+03	0.0000E+00	0.0000E+00	8.9173E-01
3.7100E+03	0.0000E+00	0.0000E+00	8.9509E-01
3.7110E+03	0.0000E+00	0.0000E+00	8.9745E-01
3.7120E+03	0.0000E+00	0.0000E+00	8.9482E-01
3.7130E+03	0.0000E+00	0.0000E+00	8.9418E-01
3.7140E+03	0.0000E+00	0.0000E+00	8.9455E-01
3.7150E+03	0.0000E+00	0.0000E+00	8.9636E-01
3.7160E+03	0.0000E+00	0.0000E+00	8.9482E-01
3.7170E+03	0.0000E+00	0.0000E+00	8.9218E-01
3.7180E+03	0.0000E+00	0.0000E+00	8.8664E-01
3.7190E+03	0.0000E+00	0.0000E+00	8.8409E-01
3.7200E+03	0.0000E+00	0.0000E+00	8.8073E-01
3.7210E+03	0.0000E+00	0.0000E+00	8.7927E-01
3.7220E+03	0.0000E+00	0.0000E+00	8.7973E-01
3.7230E+03	0.0000E+00	0.0000E+00	8.7936E-01
3.7240E+03	0.0000E+00	0.0000E+00	8.7945E-01
3.7250E+03	0.0000E+00	0.0000E+00	8.8355E-01
3.7260E+03	0.0000E+00	0.0000E+00	8.9318E-01
3.7270E+03	0.0000E+00	0.0000E+00	8.9664E-01
3.7280E+03	0.0000E+00	0.0000E+00	8.9709E-01
3.7290E+03	0.0000E+00	0.0000E+00	8.9445E-01
3.7300E+03	0.0000E+00	0.0000E+00	8.9845E-01
3.7310E+03	0.0000E+00	0.0000E+00	8.9882E-01
3.7320E+03	0.0000E+00	0.0000E+00	8.9927E-01
3.7330E+03	0.0000E+00	0.0000E+00	9.0327E-01
3.7340E+03	0.0000E+00	0.0000E+00	9.0218E-01
3.7350E+03	0.0000E+00	0.0000E+00	8.9782E-01
3.7360E+03	0.0000E+00	0.0000E+00	9.0127E-01
3.7370E+03	0.0000E+00	0.0000E+00	9.0209E-01
3.7380E+03	0.0000E+00	0.0000E+00	9.0464E-01
3.7390E+03	0.0000E+00	0.0000E+00	9.0273E-01
3.7400E+03	0.0000E+00	0.0000E+00	9.0555E-01
3.7410E+03	0.0000E+00	0.0000E+00	9.0155E-01
3.7420E+03	0.0000E+00	0.0000E+00	8.9791E-01
3.7430E+03	0.0000E+00	0.0000E+00	8.9164E-01
3.7440E+03	0.0000E+00	0.0000E+00	8.8773E-01
3.7450E+03	0.0000E+00	0.0000E+00	8.8573E-01
3.7460E+03	0.0000E+00	0.0000E+00	8.8482E-01
3.7470E+03	0.0000E+00	0.0000E+00	8.8973E-01
3.7480E+03	0.0000E+00	0.0000E+00	8.9409E-01
3.7490E+03	0.0000E+00	0.0000E+00	8.9618E-01
3.7500E+03	0.0000E+00	0.0000E+00	8.9818E-01
3.7510E+03	0.0000E+00	0.0000E+00	8.9555E-01
3.7520E+03	0.0000E+00	0.0000E+00	8.9409E-01
3.7530E+03	0.0000E+00	0.0000E+00	8.9391E-01
3.7540E+03	0.0000E+00	0.0000E+00	8.9464E-01
3.7550E+03	0.0000E+00	0.0000E+00	8.9782E-01
3.7560E+03	0.0000E+00	0.0000E+00	9.0164E-01
3.7570E+03	0.0000E+00	0.0000E+00	9.0936E-01
3.7580E+03	0.0000E+00	0.0000E+00	9.0773E-01
3.7590E+03	0.0000E+00	0.0000E+00	9.1236E-01
3.7600E+03	0.0000E+00	0.0000E+00	9.1418E-01
3.7610E+03	0.0000E+00	0.0000E+00	9.1682E-01
3.7620E+03	0.0000E+00	0.0000E+00	9.1891E-01
3.7630E+03	0.0000E+00	0.0000E+00	9.2582E-01
3.7640E+03	0.0000E+00	0.0000E+00	9.2627E-01
3.7650E+03	0.0000E+00	0.0000E+00	9.3055E-01
3.7660E+03	0.0000E+00	0.0000E+00	9.2909E-01
3.7670E+03	0.0000E+00	0.0000E+00	9.3282E-01
3.7680E+03	0.0000E+00	0.0000E+00	9.4009E-01
3.7690E+03	0.0000E+00	0.0000E+00	9.4127E-01
3.7700E+03	0.0000E+00	0.0000E+00	9.4264E-01
3.7710E+03	0.0000E+00	0.0000E+00	9.4409E-01
3.7720E+03	0.0000E+00	0.0000E+00	9.4455E-01
3.7730E+03	0.0000E+00	0.0000E+00	9.4527E-01
3.7740E+03	0.0000E+00	0.0000E+00	9.4627E-01
3.7750E+03	0.0000E+00	0.0000E+00	9.4582E-01
3.7760E+03	0.0000E+00	0.0000E+00	9.4845E-01
3.7770E+03	0.0000E+00	0.0000E+00	9.4491E-01
3.7780E+03	0.0000E+00	0.0000E+00	9.4955E-01
3.7790E+03	0.0000E+00	0.0000E+00	9.5036E-01
3.7800E+03	0.0000E+00	0.0000E+00	9.4382E-01
3.7810E+03	0.0000E+00	0.0000E+00	9.4609E-01
3.7820E+03	0.0000E+00	0.0000E+00	9.4164E-01
3.7830E+03	0.0000E+00	0.0000E+00	9.4009E-01
3.7840E+03	0.0000E+00	0.0000E+00	9.3691E-01
3.7850E+03	0.0000E+00	0.0000E+00	9.3445E-01
3.7860E+03	0.0000E+00	0.0000E+00	9.3518E-01
3.7870E+03	0.0000E+00	0.0000E+00	9.3455E-01
3.7880E+03	0.0000E+00	0.0000E+00	9.3018E-01
3.7890E+03	0.0000E+00	0.0000E+00	9.2545E-01
3.7900E+03	0.0000E+00	0.0000E+00	9.2418E-01
3.7910E+03	0.0000E+00	0.0000E+00	9.2373E-01
3.7920E+03	0.0000E+00	0.0000E+00	9.2309E-01
3.7930E+03	0.0000E+00	0.0000E+00	9.2427E-01
3.7940E+03	0.0000E+00	0.0000E+00	9.2382E-01
3.7950E+03	0.0000E+00	0.0000E+00	9.2436E-01
3.7960E+03	0.0000E+00	0.0000E+00	9.2464E-01
3.7970E+03	0.0000E+00	0.0000E+00	9.2191E-01
3.7980E+03	0.0000E+00	0.0000E+00	9.2127E-01
3.7990E+03	0.0000E+00	0.0000E+00	9.1982E-01
3.8000E+03	0.0000E+00	0.0000E+00	9.1864E-01
3.8010E+03	0.0000E+00	0.0000E+00	9.1527E-01
3.8020E+03	0.0000E+00	0.0000E+00	9.1673E-01
3.8030E+03	0.0000E+00	0.0000E+00	9.1955E-01
3.8040E+03	0.0000E+00	0.0000E+00	9.1827E-01
3.8050E+03	0.0000E+00	0.0000E+00	9.1773E-01
3.8060E+03	0.0000E+00	0.0000E+00	9.1682E-01
3.8070E+03	0.0000E+00	0.0000E+00	9.1545E-01
3.8080E+03	0.0000E+00	0.0000E+00	9.1809E-01
3.8090E+03	0.0000E+00	0.0000E+00	9.1518E-01
3.8100E+03	0.0000E+00	0.0000E+00	9.1336E-01
3.8110E+03	0.0000E+00	0.0000E+00	9.1509E-01
3.8120E+03	0.0000E+00	0.0000E+00	9.1391E-01
3.8130E+03	0.0000E+00	0.0000E+00	9.0736E-01
3.8140E+03	0.0000E+00	0.0000E+00	9.0373E-01
3.8150E+03	0.0000E+00	0.0000E+00	8.9709E-01
3.8160E+03	0.0000E+00	0.0000E+00	8.9355E-01
3.8170E+03	0.0000E+00	0.0000E+00	8.9255E-01
3.8180E+03	0.0000E+00	0.0000E+00	8.9345E-01
3.8190E+03	0.0000E+00	0.0000E+00	8.9545E-01
3.8200E+03	0.0000E+00	0.0000E+00	8.9664E-01
3.8210E+03	0.0000E+00	0.0000E+00	8.9491E-01
3.8220E+03	0.0000E+00	0.0000E+00	8.9627E-01
3.8230E+03	0.0000E+00	0.0000E+00	8.9745E-01
3.8240E+03	0.0000E+00	0.0000E+00	8.9309E-01
3.8250E+03	0.0000E+00	0.0000E+00	8.9382E-01
3.8260E+03	0.0000E+00	0.0000E+00	8.9391E-01
3.8270E+03	0.0000E+00	0.0000E+00	8.9609E-01
3.8280E+03	0.0000E+00	0.0000E+00	8.9809E-01
3.8290E+03	0.0000E+00	0.0000E+00	8.9709E-01
3.8300E+03	0.0000E+00	0.0000E+00	8.9582E-01
3.8310E+03	0.0000E+00	0.0000E+00	8.9655E-01
3.8320E+03	0.0000E+00	0.0000E+00	8.9409E-01
3.8330E+03	0.0000E+00	0.0000E+00	8.9345E-01
3.8340E+03	0.0000E+00	0.0000E+00	8.9145E-01
3.8350E+03	0.0000E+00	0.0000E+00	8.9518E-01
3.8360E+03	0.0000E+00	0.0000E+00	8.9364E-01
3.8370E+03	0.0000E+00	0.0000E+00	8.9209E-01
3.8380E+03	0.0000E+00	0.0000E+00	8.8982E-01
3.8390E+03	0.0000E+00	0.0000E+00	8.9082E-01
3.8400E+03	0.0000E+00	0.0000E+00	8.8873E-01
3.8410E+03	0.0000E+00	0.0000E+00	8.9373E-01
3.8420E+03	0.0000E+00	0.0000E+00	8.9109E-01
3.8430E+03	0.0000E+00	0.0000E+00	8.9073E-01
3.8440E+03	0.0000E+00	0.0000E+00	8.9173E-01
3.8450E+03	0.0000E+00	0.0000E+00	8.9282E-01
3.8460E+03	0.0000E+00	0.0000E+00	8.9209E-01
3.8470E+03	0.0000E+00	0.0000E+00	8.9355E-01
3.8480E+03	0.0000E+00	0.0000E+00	8.9327E-01
3.8490E+03	0.0000E+00	0.0000E+00	8.9236E-01
3.8500E+03	0.0000E+00	0.0000E+00	8.9255E-01
3.8510E+03	0.0000E+00	0.0000E+00	8.9373E-01
3.8520E+03	0.0000E+00	0.0000E+00	8.9282E-01
3.8530E+03	0.0000E+00	0.0000E+00	8.9436E-01
3.8540E+03	0.0000E+00	0.0000E+00	8.9391E-01
3.8550E+03	0.0000E+00	0.0000E+00	8.9373E-01
3.8560E+03	0.0000E+00	0.0000E+00	8.9318E-01
3.8570E+03	0.0000E+00	0.0000E+00	8.9045E-01
3.8580E+03	0.0000E+00	0.0000E+00	8.9118E-01
3.8590E+03	0.0000E+00	0.0000E+00	8.9409E-01
3.8600E+03	0.0000E+00	0.0000E+00	8.9427E-01
3.8610E+03	0.0000E+00	0.0000E+00	8.9127E-01
3.8620E+03	0.0000E+00	0.0000E+00	8.8982E-01
3.8630E+03	0.0000E+00	0.0000E+00	8.8782E-01
3.8640E+03	0.0000E+00	0.0000E+00	8.8918E-01
3.8650E+03	0.0000E+00	0.0000E+00	8.9236E-01
3.8660E+03	0.0000E+00	0.0000E+00	8.9173E-01
3.8670E+03	0.0000E+00	0.0000E+00	8.9382E-01
3.8680E+03	0.0000E+00	0.0000E+00	8.9236E-01
3.8690E+03	0.0000E+00	0.0000E+00	8.9373E-01
3.8700E+03	0.0000E+00	0.0000E+00	8.9036E-01
3.8710E+03	0.0000E+00	0.0000E+00	8.8982E-01
3.8720E+03	0.0000E+00	0.0000E+00	8.8982E-01
3.8730E+03	0.0000E+00	0.0000E+00	8.8818E-01
3.8740E+03	0.0000E+00	0.0000E+00	8.9073E-01
3.8750E+03	0.0000E+00	0.0000E+00	8.8809E-01
3.8760E+03	0.0000E+00	0.0000E+00	8.8909E-01
3.8770E+03	0.0000E+00	0.0000E+00	8.8864E-01
3.8780E+03	0.0000E+00	0.0000E+00	8.9036E-01
3.8790E+03	0.0000E+00	0.0000E+00	8.8982E-01
3.8800E+03	0.0000E+00	0.0000E+00	8.8891E-01
3.8810E+03	0.0000E+00	0.0000E+00	8.8909E-01
3.8820E+03	0.0000E+00	0.0000E+00	8.8655E-01
3.8830E+03	0.0000E+00	0.0000E+00	8.9136E-01
3.8840E+03	0.0000E+00	0.0000E+00	8.8918E-01
3.8850E+03	0.0000E+00	0.0000E+00	8.8382E-01
3.8860E+03	0.0000E+00	0.0000E+00	8.8027E-01
3.8870E+03	0.0000E+00	0.0000E+00	8.7782E-01
3.8880E+03	0.0000E+00	0.0000E+00	8.7273E-01
3.8890E+03	0.0000E+00	0.0000E+00	8.7155E-01
3.8900E+03	0.0000E+00	0.0000E+00	8.7109E-01
3.8910E+03	0.0000E+00	0.0000E+00	8.7173E-01
3.8920E+03	0.0000E+00	0.0000E+00	8.7864E-01
3.8930E+03	0.0000E+00	0.0000E+00	8.8191E-01
3.8940E+03	0.0000E+00	0.0000E+00	8.8864E-01
3.8950E+03	0.0000E+00	0.0000E+00	8.8618E-01
3.8960E+03	0.0000E+00	0.0000E+00	8.8691E-01
3.8970E+03	0.0000E+00	0.0000E+00	8.8727E-01
3.8980E+03	0.0000E+00	0.0000E+00	8.8891E-01
3.8990E+03	0.0000E+00	0.0000E+00	8.9164E-01
3.9000E+03	0.0000E+00	0.0000E+00	8.9445E-01
3.9010E+03	0.0000E+00	0.0000E+00	8.9518E-01
3.9020E+03	0.0000E+00	0.0000E+00	8.9436E-01
3.9030E+03	0.0000E+00	0.0000E+00	8.9545E-01
3.9040E+03	0.0000E+00	0.0000E+00	8.9155E-01
3.9050E+03	0.0000E+00	0.0000E+00	8.9055E-01
3.9060E+03	0.0000E+00	0.0000E+00	8.9155E-01
3.9070E+03	0.0000E+00	0.0000E+00	8.9336E-01
3.9080E+03	0.0000E+00	0.0000E+00	8.9036E-01
3.9090E+03	0.0000E+00	0.0000E+00	8.8745E-01
3.9100E+03	0.0000E+00	0.0000E+00	8.8091E-01
3.9110E+03	0.0000E+00	0.0000E+00	8.8309E-01
3.9120E+03	0.0000E+00	0.0000E+00	8.7864E-01
3.9130E+03	0.0000E+00	0.0000E+00	8.7691E-01
3.9140E+03	0.0000E+00	0.0000E+00	8.7927E-01
3.9150E+03	0.0000E+00	0.0000E+00	8.8627E-01
3.9160E+03	0.0000E+00	0.0000E+00	8.8918E-01
3.9170E+03	0.0000E+00	0.0000E+00	8.9091E-01
3.9180E+03	0.0000E+00	0.0000E+00	8.9618E-01
3.9190E+03	0.0000E+00	0.0000E+00	8.9609E-01
3.9200E+03	0.0000E+00	0.0000E+00	8.9818E-01
3.9210E+03	0.0000E+00	0.0000E+00	8.9645E-01
3.9220E+03	0.0000E+00	0.0000E+00	8.9845E-01
3.9230E+03	0.0000E+00	0.0000E+00	8.9973E-01
3.9240E+03	0.0000E+00	0.0000E+00	9.0209E-01
3.9250E+03	0.0000E+00	0.0000E+00	9.0136E-01
3.9260E+03	0.0000E+00	0.0000E+00	8.9355E-01
3.9270E+03	0.0000E+00	0.0000E+00	8.8709E-01
3.9280E+03	0.0000E+00	0.0000E+00	8.7873E-01
3.9290E+03	0.0000E+00	0.0000E+00	8.7182E-01
3.9300E+03	0.0000E+00	0.0000E+00	8.7055E-01
3.9310E+03	0.0000E+00	0.0000E+00	8.6818E-01
3.9320E+03	0.0000E+00	0.0000E+00	8.6836E-01
3.9330E+03	0.0000E+00	0.0000E+00	8.6545E-01
3.9340E+03	0.0000E+00	0.0000E+00	8.6127E-01
3.9350E+03	0.0000E+00	0.0000E+00	8.5927E-01
3.9360E+03	0.0000E+00	0.0000E+00	8.5627E-01
3.9370E+03	0.0000E+00	0.0000E+00	8.5509E-01
3.9380E+03	0.0000E+00	0.0000E+00	8.5436E-01
3.9390E+03	0.0000E+00	0.0000E+00	8.5418E-01
3.9400E+03	0.0000E+00	0.0000E+00	8.5445E-01
3.9410E+03	0.0000E+00	0.0000E+00	8.5173E-01
3.9420E+03	0.0000E+00	0.0000E+00	8.5391E-01
3.9430E+03	0.0000E+00	0.0000E+00	8.5255E-01
3.9440E+03	0.0000E+00	0.0000E+00	8.5255E-01
3.9450E+03	0.0000E+00	0.0000E+00	8.5327E-01
3.9460E+03	0.0000E+00	0.0000E+00	8.5645E-01
3.9470E+03	0.0000E+00	0.0000E+00	8.5818E-01
3.9480E+03	0.0000E+00	0.0000E+00	8.5909E-01
3.9490E+03	0.0000E+00	0.0000E+00	8.6136E-01
3.9500E+03	0.0000E+00	0.0000E+00	8.6045E-01
3.9510E+03	0.0000E+00	0.0000E+00	8.6182E-01
3.9520E+03	0.0000E+00	0.0000E+00	8.5755E-01
3.9530E+03	0.0000E+00	0.0000E+00	8.5609E-01
3.9540E+03	0.0000E+00	0.0000E+00	8.5509E-01
3.9550E+03	0.0000E+00	0.0000E+00	8.5545E-01
3.9560E+03	0.0000E+00	0.0000E+00	8.5264E-01
3.9570E+03	0.0000E+00	0.0000E+00	8.4945E-01
3.9580E+03	0.0000E+00	0.0000E+00	8.5118E-01
3.9590E+03	0.0000E+00	0.0000E+00	8.4727E-01
3.9600E+03	0.0000E+00	0.0000E+00	8.4709E-01
3.9610E+03	0.0000E+00	0.0000E+00	8.4527E-01
3.9620E+03	0.0000E+00	0.0000E+00	8.4518E-01
3.9630E+03	0.0000E+00	0.0000E+00	8.4427E-01
3.9640E+03	0.0000E+00	0.0000E+00	8.4282E-01
3.9650E+03	0.0000E+00	0.0000E+00	8.4291E-01
3.9660E+03	0.0000E+00	0.0000E+00	8.4545E-01
3.9670E+03	0.0000E+00	0.0000E+00	8.4464E-01
3.9680E+03	0.0000E+00	0.0000E+00	8.4555E-01
3.9690E+03	0.0000E+00	0.0000E+00	8.4645E-01
3.9700E+03	0.0000E+00	0.0000E+00	8.5255E-01
3.9710E+03	0.0000E+00	0.0000E+00	8.5518E-01
3.9720E+03	0.0000E+00	0.0000E+00	8.5691E-01
3.9730E+03	0.0000E+00	0.0000E+00	8.6109E-01
3.9740E+03	0.0000E+00	0.0000E+00	8.6082E-01
3.9750E+03	0.0000E+00	0.0000E+00	8.6245E-01
3.9760E+03	0.0000E+00	0.0000E+00	8.6682E-01
3.9770E+03	0.0000E+00	0.0000E+00	8.6282E-01
3.9780E+03	0.0000E+00	0.0000E+00	8.6436E-01
3.9790E+03	0.0000E+00	0.0000E+00	8.6264E-01
3.9800E+03	0.0000E+00	0.0000E+00	8.6109E-01
3.9810E+03	0.0000E+00	0.0000E+00	8.5818E-01
3.9820E+03	0.0000E+00	0.0000E+00	8.5264E-01
3.9830E+03	0.0000E+00	0.0000E+00	8.5145E-01
3.9840E+03	0.0000E+00	0.0000E+00	8.4809E-01
3.9850E+03	0.0000E+00	0.0000E+00	8.4609E-01
3.9860E+03	0.0000E+00	0.0000E+00	8.4782E-01
3.9870E+03	0.0000E+00	0.0000E+00	8.4727E-01
3.9880E+03	0.0000E+00	0.0000E+00	8.5436E-01
3.9890E+03	0.0000E+00	0.0000E+00	8.5918E-01
3.9900E+03	0.0000E+00	0.0000E+00	8.6482E-01
3.9910E+03	0.0000E+00	0.0000E+00	8.6891E-01
3.9920E+03	0.0000E+00	0.0000E+00	8.7245E-01
3.9930E+03	0.0000E+00	0.0000E+00	8.7164E-01
3.9940E+03	0.0000E+00	0.0000E+00	8.7545E-01
3.9950E+03	0.0000E+00	0.0000E+00	8.7818E-01
3.9960E+03	0.0000E+00	0.0000E+00	8.7955E-01
3.9970E+03	0.0000E+00	0.0000E+00	8.7927E-01
3.9980E+03	0.0000E+00	0.0000E+00	8.8127E-01
3.9990E+03	0.0000E+00	0.0000E+00	8.8091E-01
4.0000E+03	0.0000E+00	0.0000E+00	8.7864E-01
4.0010E+03	0.0000E+00	0.0000E+00	8.8191E-01
4.0020E+03	0.0000E+00	0.0000E+00	8.7864E-01
4.0030E+03	0.0000E+00	0.0000E+00	8.7818E-01
4.0040E+03	0.0000E+00	0.0000E+00	8.7855E-01
4.0050E+03	0.0000E+00	0.0000E+00	8.7064E-01
4.0060E+03	0.0000E+00	0.0000E+00	8.6273E-01
4.0070E+03	0.0000E+00	0.0000E+00	8.5345E-01
4.0080E+03	0.0000E+00	0.0000E+00	8.5282E-01
4.0090E+03	0.0000E+00	0.0000E+00	8.4882E-01
4.0100E+03	0.0000E+00	0.0000E+00	8.4664E-01
4.0110E+03	0.0000E+00	0.0000E+00	8.4464E-01
4.0120E+03	0.0000E+00	0.0000E+00	8.4673E-01
4.0130E+03	0.0000E+00	0.0000E+00	8.4618E-01
4.0140E+03	0.0000E+00	0.0000E+00	8.4536E-01
4.0150E+03	0.0000E+00	0.0000E+00	8.4664E-01
4.0160E+03	0.0000E+00	0.0000E+00	8.5036E-01
4.0170E+03	0.0000E+00	0.0000E+00	8.5436E-01
4.0180E+03	0.0000E+00	0.0000E+00	8.6173E-01
4.0190E+03	0.0000E+00	0.0000E+00	8.6709E-01
4.0200E+03	0.0000E+00	0.0000E+00	8.6855E-01
4.0210E+03	0.0000E+00	0.0000E+00	8.6827E-01
4.0220E+03	0.0000E+00	0.0000E+00	8.6891E-01
4.0230E+03	0.0000E+00	0.0000E+00	8.6773E-01
4.0240E+03	0.0000E+00	0.0000E+00	8.7073E-01
4.0250E+03	0.0000E+00	0.0000E+00	8.7282E-01
4.0260E+03	0.0000E+00	0.0000E+00	8.7291E-01
4.0270E+03	0.0000E+00	0.0000E+00	8.7164E-01
4.0280E+03	0.0000E+00	0.0000E+00	8.6982E-01
4.0290E+03	0.0000E+00	0.0000E+00	8.7291E-01
4.0300E+03	0.0000E+00	0.0000E+00	8.6791E-01
4.0310E+03	0.0000E+00	0.0000E+00	8.6436E-01
4.0320E+03	0.0000E+00	0.0000E+00	8.6073E-01
4.0330E+03	0.0000E+00	0.0000E+00	8.5809E-01
4.0340E+03	0.0000E+00	0.0000E+00	8.5718E-01
4.0350E+03	0.0000E+00	0.0000E+00	8.6536E-01
4.0360E+03	0.0000E+00	0.0000E+00	8.7773E-01
4.0370E+03	0.0000E+00	0.0000E+00	8.8836E-01
4.0380E+03	0.0000E+00	0.0000E+00	8.9173E-01
4.0390E+03	0.0000E+00	0.0000E+00	8.9982E-01
4.0400E+03	0.0000E+00	0.0000E+00	9.0364E-01
4.0410E+03	0.0000E+00	0.0000E+00	9.0691E-01
4.0420E+03	0.0000E+00	0.0000E+00	9.1209E-01
4.0430E+03	0.0000E+00	0.0000E+00	9.1345E-01
4.0440E+03	0.0000E+00	0.0000E+00	9.0982E-01
4.0450E+03	0.0000E+00	0.0000E+00	9.0818E-01
4.0460E+03	0.0000E+00	0.0000E+00	9.0609E-01
4.0470E+03	0.0000E+00	0.0000E+00	9.0873E-01
4.0480E+03	0.0000E+00	0.0000E+00	9.0818E-01
4.0490E+03	0.0000E+00	0.0000E+00	9.0655E-01
4.0500E+03	0.0000E+00	0.0000E+00	9.0636E-01
4.0510E+03	0.0000E+00	0.0000E+00	9.0836E-01
4.0520E+03	0.0000E+00	0.0000E+00	9.0845E-01
4.0530E+03	0.0000E+00	0.0000E+00	9.0309E-01
4.0540E+03	0.0000E+00	0.0000E+00	9.0036E-01
4.0550E+03	0.0000E+00	0.0000E+00	8.9691E-01
4.0560E+03	0.0000E+00	0.0000E+00	8.9636E-01
4.0570E+03	0.0000E+00	0.0000E+00	8.9491E-01
4.0580E+03	0.0000E+00	0.0000E+00	8.9645E-01
4.0590E+03	0.0000E+00	0.0000E+00	8.9864E-01
4.0600E+03	0.0000E+00	0.0000E+00	9.0382E-01
4.0610E+03	0.0000E+00	0.0000E+00	9.0736E-01
4.0620E+03	0.0000E+00	0.0000E+00	9.0491E-01
4.0630E+03	0.0000E+00	0.0000E+00	9.0564E-01
4.0640E+03	0.0000E+00	0.0000E+00	9.0736E-01
4.0650E+03	0.0000E+00	0.0000E+00	9.0655E-01
4.0660E+03	0.0000E+00	0.0000E+00	9.1091E-01
4.0670E+03	0.0000E+00	0.0000E+00	9.1082E-01
4.0680E+03	0.0000E+00	0.0000E+00	9.1127E-01
4.0690E+03	0.0000E+00	0.0000E+00	9.1682E-01
4.0700E+03	0.0000E+00	0.0000E+00	9.0864E-01
4.0710E+03	0.0000E+00	0.0000E+00	9.0709E-01
4.0720E+03	0.0000E+00	0.0000E+00	9.1055E-01
4.0730E+03	0.0000E+00	0.0000E+00	9.1145E-01
4.0740E+03	0.0000E+00	0.0000E+00	9.0818E-01
4.0750E+03	0.0000E+00	0.0000E+00	9.0991E-01
4.0760E+03	0.0000E+00	0.0000E+00	9.1082E-01
4.0770E+03	0.0000E+00	0.0000E+00	9.0655E-01
4.0780E+03	0.0000E+00	0.0000E+00	9.0545E-01
4.0790E+03	0.0000E+00	0.0000E+00	9.0173E-01
4.0800E+03	0.0000E+00	0.0000E+00	9.0273E-01
4.0810E+03	0.0000E+00	0.0000E+00	8.9691E-01
4.0820E+03	0.0000E+00	0.0000E+00	9.0236E-01
4.0830E+03	0.0000E+00	0.0000E+00	9.0391E-01
4.0840E+03	0.0000E+00	0.0000E+00	9.0845E-01
4.0850E+03	0.0000E+00	0.0000E+00	9.0991E-01
4.0860E+03	0.0000E+00	0.0000E+00	9.1309E-01
4.0870E+03	0.0000E+00	0.0000E+00	9.1291E-01
4.0880E+03	0.0000E+00	0.0000E+00	9.1091E-01
4.0890E+03	0.0000E+00	0.0000E+00	9.0945E-01
4.0900E+03	0.0000E+00	0.0000E+00	9.1018E-01
4.0910E+03	0.0000E+00	0.0000E+00	9.1491E-01
4.0920E+03	0.0000E+00	0.0000E+00	9.1427E-01
4.0930E+03	0.0000E+00	0.0000E+00	9.1527E-01
4.0940E+03	0.0000E+00	0.0000E+00	9.1464E-01
4.0950E+03	0.0000E+00	0.0000E+00	9.1355E-01
4.0960E+03	0.0000E+00	0.0000E+00	9.1736E-01
4.0970E+03	0.0000E+00	0.0000E+00	9.1864E-01
4.0980E+03	0.0000E+00	0.0000E+00	9.2664E-01
4.0990E+03	0.0000E+00	0.0000E+00	9.2936E-01
4.1000E+03	0.0000E+00	0.0000E+00	9.3036E-01
4.1010E+03	0.0000E+00	0.0000E+00	9.3009E-01
4.1020E+03	0.0000E+00	0.0000E+00	9.3182E-01
4.1030E+03	0.0000E+00	0.0000E+00	9.3773E-01
4.1040E+03	0.0000E+00	0.0000E+00	9.4009E-01
4.1050E+03	0.0000E+00	0.0000E+00	9.4373E-01
4.1060E+03	0.0000E+00	0.0000E+00	9.4718E-01
4.1070E+03	0.0000E+00	0.0000E+00	9.4664E-01
4.1080E+03	0.0000E+00	0.0000E+00	9.4955E-01
4.1090E+03	0.0000E+00	0.0000E+00	9.5227E-01
4.1100E+03	0.0000E+00	0.0000E+00	9.5536E-01
4.1110E+03	0.0000E+00	0.0000E+00	9.5509E-01
4.1120E+03	0.0000E+00	0.0000E+00	9.5891E-01
4.1130E+03	0.0000E+00	0.0000E+00	9.5982E-01
4.1140E+03	0.0000E+00	0.0000E+00	9.6355E-01
4.1150E+03	0.0000E+00	0.0000E+00	9.6164E-01
4.1160E+03	0.0000E+00	0.0000E+00	9.6591E-01
4.1170E+03	0.0000E+00	0.0000E+00	9.6618E-01
4.1180E+03	0.0000E+00	0.0000E+00	9.6582E-01
4.1190E+03	0.0000E+00	0.0000E+00	9.6455E-01
4.1200E+03	0.0000E+00	0.0000E+00	9.6336E-01
4.1210E+03	0.0000E+00	0.0000E+00	9.5736E-01
4.1220E+03	0.0000E+00	0.0000E+00	9.5827E-01
4.1230E+03	0.0000E+00	0.0000E+00	9.5809E-01
4.1240E+03	0.0000E+00	0.0000E+00	9.5573E-01
4.1250E+03	0.0000E+00	0.0000E+00	9.5191E-01
4.1260E+03	0.0000E+00	0.0000E+00	9.4782E-01
4.1270E+03	0.0000E+00	0.0000E+00	9.4927E-01
4.1280E+03	0.0000E+00	0.0000E+00	9.4918E-01
4.1290E+03	0.0000E+00	0.0000E+00	9.4864E-01
4.1300E+03	0.0000E+00	0.0000E+00	9.4727E-01
4.1310E+03	0.0000E+00	0.0000E+00	9.4709E-01
4.1320E+03	0.0000E+00	0.0000E+00	9.4673E-01
4.1330E+03	0.0000E+00	0.0000E+00	9.4609E-01
4.1340E+03	0.0000E+00	0.0000E+00	9.4464E-01
4.1350E+03	0.0000E+00	0.0000E+00	9.4536E-01
4.1360E+03	0.0000E+00	0.0000E+00	9.4318E-01
4.1370E+03	0.0000E+00	0.0000E+00	9.4082E-01
4.1380E+03	0.0000E+00	0.0000E+00	9.4309E-01
4.1390E+03	0.0000E+00	0.0000E+00	9.4409E-01
4.1400E+03	0.0000E+00	0.0000E+00	9.4455E-01
4.1410E+03	0.0000E+00	0.0000E+00	9.4573E-01
4.1420E+03	0.0000E+00	0.0000E+00	9.4582E-01
4.1430E+03	0.0000E+00	0.0000E+00	9.4445E-01
4.1440E+03	0.0000E+00	0.0000E+00	9.4591E-01
4.1450E+03	0.0000E+00	0.0000E+00	9.4045E-01
4.1460E+03	0.0000E+00	0.0000E+00	9.4536E-01
4.1470E+03	0.0000E+00	0.0000E+00	9.4873E-01
4.1480E+03	0.0000E+00	0.0000E+00	9.4609E-01
4.1490E+03	0.0000E+00	0.0000E+00	9.4227E-01
4.1500E+03	0.0000E+00	0.0000E+00	9.3918E-01
4.1510E+03	0.0000E+00	0.0000E+00	9.3491E-01
4.1520E+03	0.0000E+00	0.0000E+00	9.3645E-01
4.1530E+03	0.0000E+00	0.0000E+00	9.3745E-01
4.1540E+03	0.0000E+00	0.0000E+00	9.3891E-01
4.1550E+03	0.0000E+00	0.0000E+00	9.3882E-01
4.1560E+03	0.0000E+00	0.0000E+00	9.4018E-01
4.1570E+03	0.0000E+00	0.0000E+00	9.4073E-01
4.1580E+03	0.0000E+00	0.0000E+00	9.3818E-01
4.1590E+03	0.0000E+00	0.0000E+00	9.3755E-01
4.1600E+03	0.0000E+00	0.0000E+00	9.3727E-01
4.1610E+03	0.0000E+00	0.0000E+00	9.3536E-01
4.1620E+03	0.0000E+00	0.0000E+00	9.3445E-01
4.1630E+03	0.0000E+00	0.0000E+00	9.3818E-01
4.1640E+03	0.0000E+00	0.0000E+00	9.4036E-01
4.1650E+03	0.0000E+00	0.0000E+00	9.4027E-01
4.1660E+03	0.0000E+00	0.0000E+00	9.3864E-01
4.1670E+03	0.0000E+00	0.0000E+00	9.3773E-01
4.1680E+03	0.0000E+00	0.0000E+00	9.3718E-01
4.1690E+03	0.0000E+00	0.0000E+00	9.3845E-01
4.1700E+03	0.0000E+00	0.0000E+00	9.3927E-01
4.1710E+03	0.0000E+00	0.0000E+00	9.4191E-01
4.1720E+03	0.0000E+00	0.0000E+00	9.4027E-01
4.1730E+03	0.0000E+00	0.0000E+00	9.3682E-01
4.1740E+03	0.0000E+00	0.0000E+00	9.3391E-01
4.1750E+03	0.0000E+00	0.0000E+00	9.3291E-01
4.1760E+03	0.0000E+00	0.0000E+00	9.3091E-01
4.1770E+03	0.0000E+00	0.0000E+00	9.2864E-01
4.1780E+03	0.0000E+00	0.0000E+00	9.2964E-01
4.1790E+03	0.0000E+00	0.0000E+00	9.3473E-01
4.1800E+03	0.0000E+00	0.0000E+00	9.3145E-01
4.1810E+03	0.0000E+00	0.0000E+00	9.3436E-01
4.1820E+03	0.0000E+00	0.0000E+00	9.3409E-01
4.1830E+03	0.0000E+00	0.0000E+00	9.3373E-01
4.1840E+03	0.0000E+00	0.0000E+00	9.3282E-01
4.1850E+03	0.0000E+00	0.0000E+00	9.3145E-01
4.1860E+03	0.0000E+00	0.0000E+00	9.3291E-01
4.1870E+03	0.0000E+00	0.0000E+00	9.3655E-01
4.1880E+03	0.0000E+00	0.0000E+00	9.3764E-01
4.1890E+03	0.0000E+00	0.0000E+00	9.3918E-01
4.1900E+03	0.0000E+00	0.0000E+00	9.3536E-01
4.1910E+03	0.0000E+00	0.0000E+00	9.3518E-01
4.1920E+03	0.0000E+00	0.0000E+00	9.3636E-01
4.1930E+03	0.0000E+00	0.0000E+00	9.3627E-01
4.1940E+03	0.0000E+00	0.0000E+00	9.3591E-01
4.1950E+03	0.0000E+00	0.0000E+00	9.4027E-01
4.1960E+03	0.0000E+00	0.0000E+00	9.3773E-01
4.1970E+03	0.0000E+00	0.0000E+00	9.3536E-01
4.1980E+03	0.0000E+00	0.0000E+00	9.3173E-01
4.1990E+03	0.0000E+00	0.0000E+00	9.2845E-01
4.2000E+03	0.0000E+00	0.0000E+00	9.3145E-01
4.2010E+03	0.0000E+00	0.0000E+00	9.3455E-01
4.2020E+03	0.0000E+00	0.0000E+00	9.3355E-01
4.2030E+03	0.0000E+00	0.0000E+00	9.3645E-01
4.2040E+03	0.0000E+00	0.0000E+00	9.3482E-01
4.2050E+03	0.0000E+00	0.0000E+00	9.3427E-01
4.2060E+03	0.0000E+00	0.0000E+00	9.3582E-01
4.2070E+03	0.0000E+00	0.0000E+00	9.3564E-01
4.2080E+03	0.0000E+00	0.0000E+00	9.3664E-01
4.2090E+03	0.0000E+00	0.0000E+00	9.3591E-01
4.2100E+03	0.0000E+00	0.0000E+00	9.3555E-01
4.2110E+03	0.0000E+00	0.0000E+00	9.3491E-01
4.2120E+03	0.0000E+00	0.0000E+00	9.3609E-01
4.2130E+03	0.0000E+00	0.0000E+00	9.3573E-01
4.2140E+03	0.0000E+00	0.0000E+00	9.4055E-01
4.2150E+03	0.0000E+00	0.0000E+00	9.3864E-01
4.2160E+03	0.0000E+00	0.0000E+00	9.3818E-01
4.2170E+03	0.0000E+00	0.0000E+00	9.3982E-01
4.2180E+03	0.0000E+00	0.0000E+00	9.4173E-01
4.2190E+03	0.0000E+00	0.0000E+00	9.3991E-01
4.2200E+03	0.0000E+00	0.0000E+00	9.3982E-01
4.2210E+03	0.0000E+00	0.0000E+00	9.3718E-01
4.2220E+03	0.0000E+00	0.0000E+00	9.3955E-01
4.2230E+03	0.0000E+00	0.0000E+00	9.3745E-01
4.2240E+03	0.0000E+00	0.0000E+00	9.3718E-01
4.2250E+03	0.0000E+00	0.0000E+00	9.3773E-01
4.2260E+03	0.0000E+00	0.0000E+00	9.4064E-01
4.2270E+03	0.0000E+00	0.0000E+00	9.4045E-01
4.2280E+03	0.0000E+00	0.0000E+00	9.3918E-01
4.2290E+03	0.0000E+00	0.0000E+00	9.3873E-01
4.2300E+03	0.0000E+00	0.0000E+00	9.4027E-01
4.2310E+03	0.0000E+00	0.0000E+00	9.4018E-01
4.2320E+03	0.0000E+00	0.0000E+00	9.3882E-01
4.2330E+03	0.0000E+00	0.0000E+00	9.3845E-01
4.2340E+03	0.0000E+00	0.0000E+00	9.4127E-01
4.2350E+03	0.0000E+00	0.0000E+00	9.3945E-01
4.2360E+03	0.0000E+00	0.0000E+00	9.4218E-01
4.2370E+03	0.0000E+00	0.0000E+00	9.4345E-01
4.2380E+03	0.0000E+00	0.0000E+00	9.4191E-01
4.2390E+03	0.0000E+00	0.0000E+00	9.4136E-01
4.2400E+03	0.0000E+00	0.0000E+00	9.3909E-01
4.2410E+03	0.0000E+00	0.0000E+00	9.4127E-01
4.2420E+03	0.0000E+00	0.0000E+00	9.3982E-01
4.2430E+03	0.0000E+00	0.0000E+00	9.4309E-01
4.2440E+03	0.0000E+00	0.0000E+00	9.3873E-01
4.2450E+03	0.0000E+00	0.0000E+00	9.3455E-01
4.2460E+03	0.0000E+00	0.0000E+00	9.3273E-01
4.2470E+03	0.0000E+00	0.0000E+00	9.3118E-01
4.2480E+03	0.0000E+00	0.0000E+00	9.3064E-01
4.2490E+03	0.0000E+00	0.0000E+00	9.3118E-01
4.2500E+03	0.0000E+00	0.0000E+00	9.3291E-01
4.2510E+03	0.0000E+00	0.0000E+00	9.3427E-01
4.2520E+03	0.0000E+00	0.0000E+00	9.3327E-01
4.2530E+03	0.0000E+00	0.0000E+00	9.3382E-01
4.2540E+03	0.0000E+00	0.0000E+00	9.3173E-01
4.2550E+03	0.0000E+00	0.0000E+00	9.3464E-01
4.2560E+03	0.0000E+00	0.0000E+00	9.3382E-01
4.2570E+03	0.0000E+00	0.0000E+00	9.2918E-01
4.2580E+03	0.0000E+00	0.0000E+00	9.3564E-01
4.2590E+03	0.0000E+00	0.0000E+00	9.3709E-01
4.2600E+03	0.0000E+00	0.0000E+00	9.4091E-01
4.2610E+03	0.0000E+00	0.0000E+00	9.3682E-01
4.2620E+03	0.0000E+00	0.0000E+00	9.3682E-01
4.2630E+03	0.0000E+00	0.0000E+00	9.3555E-01
4.2640E+03	0.0000E+00	0.0000E+00	9.3764E-01
4.2650E+03	0.0000E+00	0.0000E+00	9.3809E-01
4.2660E+03	0.0000E+00	0.0000E+00	9.4018E-01
4.2670E+03	0.0000E+00	0.0000E+00	9.4164E-01
4.2680E+03	0.0000E+00	0.0000E+00	9.4345E-01
4.2690E+03	0.0000E+00	0.0000E+00	9.3864E-01
4.2700E+03	0.0000E+00	0.0000E+00	9.3927E-01
4.2710E+03	0.0000E+00	0.0000E+00	9.3636E-01
4.2720E+03	0.0000E+00	0.0000E+00	9.3564E-01
4.2730E+03	0.0000E+00	0.0000E+00	9.3555E-01
4.2740E+03	0.0000E+00	0.0000E+00	9.3636E-01
4.2750E+03	0.0000E+00	0.0000E+00	9.3382E-01
4.2760E+03	0.0000E+00	0.0000E+00	9.3473E-01
4.2770E+03	0.0000E+00	0.0000E+00	9.3536E-01
4.2780E+03	0.0000E+00	0.0000E+00	9.3455E-01
4.2790E+03	0.0000E+00	0.0000E+00	9.3436E-01
4.2800E+03	0.0000E+00	0.0000E+00	9.3345E-01
4.2810E+03	0.0000E+00	0.0000E+00	9.3536E-01
4.2820E+03	0.0000E+00	0.0000E+00	9.3873E-01
4.2830E+03	0.0000E+00	0.0000E+00	9.4291E-01
4.2840E+03	0.0000E+00	0.0000E+00	9.4236E-01
4.2850E+03	0.0000E+00	0.0000E+00	9.4227E-01
4.2860E+03	0.0000E+00	0.0000E+00	9.4373E-01
4.2870E+03	0.0000E+00	0.0000E+00	9.4045E-01
4.2880E+03	0.0000E+00	0.0000E+00	9.4064E-01
4.2890E+03	0.0000E+00	0.0000E+00	9.3982E-01
4.2900E+03	0.0000E+00	0.0000E+00	9.4327E-01
4.2910E+03	0.0000E+00	0.0000E+00	9.4073E-01
4.2920E+03	0.0000E+00	0.0000E+00	9.3755E-01
4.2930E+03	0.0000E+00	0.0000E+00	9.3736E-01
4.2940E+03	0.0000E+00	0.0000E+00	9.3427E-01
4.2950E+03	0.0000E+00	0.0000E+00	9.2955E-01
4.2960E+03	0.0000E+00	0.0000E+00	9.3045E-01
4.2970E+03	0.0000E+00	0.0000E+00	9.3264E-01
4.2980E+03	0.0000E+00	0.0000E+00	9.3782E-01
4.2990E+03	0.0000E+00	0.0000E+00	9.3845E-01
4.3000E+03	0.0000E+00	0.0000E+00	9.3627E-01
4.3010E+03	0.0000E+00	0.0000E+00	9.3736E-01
4.3020E+03	0.0000E+00	0.0000E+00	9.3564E-01
4.3030E+03	0.0000E+00	0.0000E+00	9.3636E-01
4.3040E+03	0.0000E+00	0.0000E+00	9.3527E-01
4.3050E+03	0.0000E+00	0.0000E+00	9.3636E-01
4.3060E+03	0.0000E+00	0.0000E+00	9.4073E-01
4.3070E+03	0.0000E+00	0.0000E+00	9.4164E-01
4.3080E+03	0.0000E+00	0.0000E+00	9.4382E-01
4.3090E+03	0.0000E+00	0.0000E+00	9.4245E-01
4.3100E+03	0.0000E+00	0.0000E+00	9.3982E-01
4.3110E+03	0.0000E+00	0.0000E+00	9.4364E-01
4.3120E+03	0.0000E+00	0.0000E+00	9.4291E-01
4.3130E+03	0.0000E+00	0.0000E+00	9.4427E-01
4.3140E+03	0.0000E+00	0.0000E+00	9.4564E-01
4.3150E+03	0.0000E+00	0.0000E+00	9.4664E-01
4.3160E+03	0.0000E+00	0.0000E+00	9.4618E-01
4.3170E+03	0.0000E+00	0.0000E+00	9.4645E-01
4.3180E+03	0.0000E+00	0.0000E+00	9.4264E-01
4.3190E+03	0.0000E+00	0.0000E+00	9.4036E-01
4.3200E+03	0.0000E+00	0.0000E+00	9.4136E-01
4.3210E+03	0.0000E+00	0.0000E+00	9.4382E-01
4.3220E+03	0.0000E+00	0.0000E+00	9.4145E-01
4.3230E+03	0.0000E+00	0.0000E+00	9.4018E-01
4.3240E+03	0.0000E+00	0.0000E+00	9.3855E-01
4.3250E+03	0.0000E+00	0.0000E+00	9.4009E-01
4.3260E+03	0.0000E+00	0.0000E+00	9.3973E-01
4.3270E+03	0.0000E+00	0.0000E+00	9.3627E-01
4.3280E+03	0.0000E+00	0.0000E+00	9.3491E-01
4.3290E+03	0.0000E+00	0.0000E+00	9.3573E-01
4.3300E+03	0.0000E+00	0.0000E+00	9.3645E-01
4.3310E+03	0.0000E+00	0.0000E+00	9.3818E-01
4.3320E+03	0.0000E+00	0.0000E+00	9.3655E-01
4.3330E+03	0.0000E+00	0.0000E+00	9.3836E-01
4.3340E+03	0.0000E+00	0.0000E+00	9.3691E-01
4.3350E+03	0.0000E+00	0.0000E+00	9.3609E-01
4.3360E+03	0.0000E+00	0.0000E+00	9.3945E-01
4.3370E+03	0.0000E+00	0.0000E+00	9.3591E-01
4.3380E+03	0.0000E+00	0.0000E+00	9.3882E-01
4.3390E+03	0.0000E+00	0.0000E+00	9.4055E-01
4.3400E+03	0.0000E+00	0.0000E+00	9.4036E-01
4.3410E+03	0.0000E+00	0.0000E+00	9.3955E-01
4.3420E+03	0.0000E+00	0.0000E+00	9.3964E-01
4.3430E+03	0.0000E+00	0.0000E+00	9.3591E-01
4.3440E+03	0.0000E+00	0.0000E+00	9.3355E-01
4.3450E+03	0.0000E+00	0.0000E+00	9.3618E-01
4.3460E+03	0.0000E+00	0.0000E+00	9.3627E-01
4.3470E+03	0.0000E+00	0.0000E+00	9.3782E-01
4.3480E+03	0.0000E+00	0.0000E+00	9.3809E-01
4.3490E+03	0.0000E+00	0.0000E+00	9.3691E-01
4.3500E+03	0.0000E+00	0.0000E+00	9.3655E-01
4.3510E+03	0.0000E+00	0.0000E+00	9.3818E-01
4.3520E+03	0.0000E+00	0.0000E+00	9.3482E-01
4.3530E+03	0.0000E+00	0.0000E+00	9.3527E-01
4.3540E+03	0.0000E+00	0.0000E+00	9.3609E-01
4.3550E+03	0.0000E+00	0.0000E+00	9.3864E-01
4.3560E+03	0.0000E+00	0.0000E+00	9.4236E-01
4.3570E+03	0.0000E+00	0.0000E+00	9.3864E-01
4.3580E+03	0.0000E+00	0.0000E+00	9.4373E-01
4.3590E+03	0.0000E+00	0.0000E+00	9.3845E-01
4.3600E+03	0.0000E+00	0.0000E+00	9.3727E-01
4.3610E+03	0.0000E+00	0.0000E+00	9.3964E-01
4.3620E+03	0.0000E+00	0.0000E+00	9.3936E-01
4.3630E+03	0.0000E+00	0.0000E+00	9.3827E-01
4.3640E+03	0.0000E+00	0.0000E+00	9.4018E-01
4.3650E+03	0.0000E+00	0.0000E+00	9.3845E-01
4.3660E+03	0.0000E+00	0.0000E+00	9.1264E-01
4.3670E+03	0.0000E+00	0.0000E+00	9.1227E-01
4.3680E+03	0.0000E+00	0.0000E+00	9.0855E-01
4.3690E+03	0.0000E+00	0.0000E+00	9.0391E-01
4.3700E+03	0.0000E+00	0.0000E+00	9.0536E-01
4.3710E+03	0.0000E+00	0.0000E+00	9.0691E-01
4.3720E+03	0.0000E+00	0.0000E+00	9.1064E-01
4.3730E+03	0.0000E+00	0.0000E+00	9.1136E-01
4.3740E+03	0.0000E+00	0.0000E+00	9.1282E-01
4.3750E+03	0.0000E+00	0.0000E+00	9.1327E-01
4.3760E+03	0.0000E+00	0.0000E+00	9.1564E-01
4.3770E+03	0.0000E+00	0.0000E+00	9.1145E-01
4.3780E+03	0.0000E+00	0.0000E+00	9.1309E-01
4.3790E+03	0.0000E+00	0.0000E+00	9.1136E-01
4.3800E+03	0.0000E+00	0.0000E+00	9.1345E-01
4.3810E+03	0.0000E+00	0.0000E+00	9.1355E-01
4.3820E+03	0.0000E+00	0.0000E+00	9.1645E-01
4.3830E+03	0.0000E+00	0.0000E+00	9.4055E-01
4.3840E+03	0.0000E+00	0.0000E+00	9.3664E-01
4.3850E+03	0.0000E+00	0.0000E+00	9.2355E-01
4.3860E+03	0.0000E+00	0.0000E+00	9.2464E-01
4.3870E+03	0.0000E+00	0.0000E+00	9.2373E-01
4.3880E+03	0.0000E+00	0.0000E+00	9.2536E-01
4.3890E+03	0.0000E+00	0.0000E+00	9.2573E-01
4.3900E+03	0.0000E+00	0.0000E+00	9.2218E-01
4.3910E+03	0.0000E+00	0.0000E+00	9.2173E-01
4.3920E+03	0.0000E+00	0.0000E+00	9.2318E-01
4.3930E+03	0.0000E+00	0.0000E+00	9.2582E-01
4.3940E+03	0.0000E+00	0.0000E+00	9.2773E-01
4.3950E+03	0.0000E+00	0.0000E+00	9.2536E-01
4.3960E+03	0.0000E+00	0.0000E+00	9.2727E-01
4.3970E+03	0.0000E+00	0.0000E+00	9.2518E-01
4.3980E+03	0.0000E+00	0.0000E+00	9.2327E-01
4.3990E+03	0.0000E+00	0.0000E+00	9.2264E-01
4.4000E+03	0.0000E+00	0.0000E+00	9.2391E-01
4.4010E+03	0.0000E+00	0.0000E+00	9.2409E-01
4.4020E+03	0.0000E+00	0.0000E+00	9.2464E-01
4.4030E+03	0.0000E+00	0.0000E+00	9.2918E-01
4.4040E+03	0.0000E+00	0.0000E+00	9.3182E-01
4.4050E+03	0.0000E+00	0.0000E+00	9.3209E-01
4.4060E+03	0.0000E+00	0.0000E+00	9.3255E-01
4.4070E+03	0.0000E+00	0.0000E+00	9.3573E-01
4.4080E+03	0.0000E+00	0.0000E+00	9.3745E-01
4.4090E+03	0.0000E+00	0.0000E+00	9.3845E-01
4.4100E+03	0.0000E+00	0.0000E+00	9.4418E-01
4.4110E+03	0.0000E+00	0.0000E+00	9.4545E-01
4.4120E+03	0.0000E+00	0.0000E+00	9.5245E-01
4.4130E+03	0.0000E+00	0.0000E+00	9.5636E-01
4.4140E+03	0.0000E+00	0.0000E+00	9.5973E-01
4.4150E+03	0.0000E+00	0.0000E+00	9.6318E-01
4.4160E+03	0.0000E+00	0.0000E+00	9.7545E-01
4.4170E+03	0.0000E+00	0.0000E+00	9.9709E-01
4.4180E+03	0.0000E+00	0.0000E+00	1.0036E+00
4.4190E+03	0.0000E+00	0.0000E+00	1.0109E+00
4.4200E+03	0.0000E+00	0.0000E+00	1.0136E+00
4.4210E+03	0.0000E+00	0.0000E+00	1.0109E+00
4.4220E+03	0.0000E+00	0.0000E+00	1.0066E+00
4.4230E+03	0.0000E+00	0.0000E+00	1.0068E+00
4.4240E+03	0.0000E+00	0.0000E+00	1.0041E+00
4.4250E+03	0.0000E+00	0.0000E+00	1.0031E+00
4.4260E+03	0.0000E+00	0.0000E+00	1.0027E+00
4.4270E+03	0.0000E+00	0.0000E+00	1.0037E+00
4.4280E+03	0.0000E+00	0.0000E+00	1.0091E+00
4.4290E+03	0.0000E+00	0.0000E+00	1.1795E+00
4.4300E+03	0.0000E+00	0.0000E+00	1.0485E+00
4.4310E+03	0.0000E+00	0.0000E+00	1.0694E+00
4.4320E+03	0.0000E+00	0.0000E+00	1.0716E+00
4.4330E+03	0.0000E+00	0.0000E+00	1.0897E+00
4.4340E+03	0.0000E+00	0.0000E+00	1.1175E+00
4.4350E+03	0.0000E+00	0.0000E+00	1.1275E+00
4.4360E+03	0.0000E+00	0.0000E+00	1.1295E+00
4.4370E+03	0.0000E+00	0.0000E+00	1.1235E+00
4.4380E+03	0.0000E+00	0.0000E+00	1.1125E+00
4.4390E+03	0.0000E+00	0.0000E+00	1.1025E+00
4.4400E+03	0.0000E+00	0.0000E+00	1.0925E+00
4.4410E+03	0.0000E+00	0.0000E+00	1.0814E+00
4.4420E+03	0.0000E+00	0.0000E+00	1.0737E+00
4.4430E+03	0.0000E+00	0.0000E+00	1.0682E+00
4.4440E+03	0.0000E+00	0.0000E+00	1.0622E+00
4.4450E+03	0.0000E+00	0.0000E+00	1.0562E+00
4.4460E+03	0.0000E+00	0.0000E+00	1.0496E+00
4.4470E+03	0.0000E+00	0.0000E+00	1.0461E+00
4.4480E+03	0.0000E+00	0.0000E+00	1.0435E+00
4.4490E+03	0.0000E+00	0.0000E+00	1.0367E+00
4.4500E+03	0.0000E+00	0.0000E+00	1.0333E+00
4.4510E+03	0.0000E+00	0.0000E+00	1.0312E+00
4.4520E+03	0.0000E+00	0.0000E+00	1.0306E+00
4.4530E+03	0.0000E+00	0.0000E+00	1.0282E+00
4.4540E+03	0.0000E+00	0.0000E+00	1.0286E+00
4.4550E+03	0.0000E+00	0.0000E+00	1.0209E+00
4.4560E+03	0.0000E+00	0.0000E+00	1.0207E+00
4.4570E+03	0.0000E+00	0.0000E+00	1.0202E+00
4.4580E+03	0.0000E+00	0.0000E+00	1.0171E+00
4.4590E+03	0.0000E+00	0.0000E+00	1.0178E+00
4.4600E+03	0.0000E+00	0.0000E+00	1.0176E+00
4.4610E+03	0.0000E+00	0.0000E+00	1.0155E+00
4.4620E+03	0.0000E+00	0.0000E+00	1.0116E+00
4.4630E+03	0.0000E+00	0.0000E+00	1.0104E+00
4.4640E+03	0.0000E+00	0.0000E+00	1.0063E+00
4.4650E+03	0.0000E+00	0.0000E+00	1.0056E+00
4.4660E+03	0.0000E+00	0.0000E+00	1.0052E+00
4.4670E+03	0.0000E+00	0.0000E+00	1.0032E+00
4.4680E+03	0.0000E+00	0.0000E+00	1.0027E+00
4.4690E+03	0.0000E+00	0.0000E+00	1.0018E+00
4.4700E+03	0.0000E+00	0.0000E+00	1.0015E+00
4.4710E+03	0.0000E+00	0.0000E+00	1.0004E+00
4.4720E+03	0.0000E+00	0.0000E+00	9.9636E-01
4.4730E+03	0.0000E+00	0.0000E+00	9.9773E-01
4.4740E+03	0.0000E+00	0.0000E+00	9.9636E-01
4.4750E+03	0.0000E+00	0.0000E+00	9.9645E-01
4.4760E+03	0.0000E+00	0.0000E+00	9.9427E-01
4.4770E+03	0.0000E+00	0.0000E+00	9.9282E-01
4.4780E+03	0.0000E+00	0.0000E+00	9.9036E-01
4.4790E+03	0.0000E+00	0.0000E+00	9.9009E-01
4.4800E+03	0.0000E+00	0.0000E+00	9.8618E-01
4.4810E+03	0.0000E+00	0.0000E+00	9.8491E-01
4.4820E+03	0.0000E+00	0.0000E+00	9.8545E-01
4.4830E+03	0.0000E+00	0.0000E+00	9.8327E-01
4.4840E+03	0.0000E+00	0.0000E+00	9.8364E-01
4.4850E+03	0.0000E+00	0.0000E+00	9.8618E-01
4.4860E+03	0.0000E+00	0.0000E+00	9.8027E-01
4.4870E+03	0.0000E+00	0.0000E+00	9.8164E-01
4.4880E+03	0.0000E+00	0.0000E+00	9.7982E-01
4.4890E+03	0.0000E+00	0.0000E+00	9.7945E-01
4.4900E+03	0.0000E+00	0.0000E+00	9.8073E-01
4.4910E+03	0.0000E+00	0.0000E+00	9.7755E-01
4.4920E+03	0.0000E+00	0.0000E+00	9.7873E-01
4.4930E+03	0.0000E+00	0.0000E+00	9.7882E-01
4.4940E+03	0.0000E+00	0.0000E+00	9.7864E-01
4.4950E+03	0.0000E+00	0.0000E+00	9.7836E-01
4.4960E+03	0.0000E+00	0.0000E+00	9.7409E-01
4.4970E+03	0.0000E+00	0.0000E+00	9.7664E-01
4.4980E+03	0.0000E+00	0.0000E+00	9.7691E-01
4.4990E+03	0.0000E+00	0.0000E+00	9.7864E-01
4.5000E+03	0.0000E+00	0.0000E+00	9.7591E-01
4.5010E+03	0.0000E+00	0.0000E+00	9.7509E-01
4.5020E+03	0.0000E+00	0.0000E+00	9.7382E-01
4.5030E+03	0.0000E+00	0.0000E+00	9.7264E-01
4.5040E+03	0.0000E+00	0.0000E+00	9.7227E-01
4.5050E+03	0.0000E+00	0.0000E+00	9.7245E-01
4.5060E+03	0.0000E+00	0.0000E+00	9.7045E-01
4.5070E+03	0.0000E+00	0.0000E+00	9.7064E-01
4.5080E+03	0.0000E+00	0.0000E+00	9.6964E-01
4.5090E+03	0.0000E+00	0.0000E+00	9.6773E-01
4.5100E+03	0.0000E+00	0.0000E+00	9.6918E-01
4.5110E+03	0.0000E+00	0.0000E+00	9.6827E-01
4.5120E+03	0.0000E+00	0.0000E+00	9.6836E-01
4.5130E+03	0.0000E+00	0.0000E+00	9.6536E-01
4.5140E+03	0.0000E+00	0.0000E+00	9.6618E-01
4.5150E+03	0.0000E+00	0.0000E+00	9.6464E-01
4.5160E+03	0.0000E+00	0.0000E+00	9.6418E-01
4.5170E+03	0.0000E+00	0.0000E+00	9.6573E-01
4.5180E+03	0.0000E+00	0.0000E+00	9.6464E-01
4.5190E+03	0.0000E+00	0.0000E+00	9.6482E-01
4.5200E+03	0.0000E+00	0.0000E+00	9.6282E-01
4.5210E+03	0.0000E+00	0.0000E+00	9.7127E-01
4.5220E+03	0.0000E+00	0.0000E+00	9.6864E-01
4.5230E+03	0.0000E+00	0.0000E+00	9.6827E-01
4.5240E+03	0.0000E+00	0.0000E+00	9.6927E-01
4.5250E+03	0.0000E+00	0.0000E+00	9.6627E-01
4.5260E+03	0.0000E+00	0.0000E+00	9.6755E-01
4.5270E+03	0.0000E+00	0.0000E+00	9.6891E-01
4.5280E+03	0.0000E+00	0.0000E+00	9.6691E-01
4.5290E+03	0.0000E+00	0.0000E+00	9.6573E-01
4.5300E+03	0.0000E+00	0.0000E+00	9.6291E-01
4.5310E+03	0.0000E+00	0.0000E+00	9.6255E-01
4.5320E+03	0.0000E+00	0.0000E+00	9.6282E-01
4.5330E+03	0.0000E+00	0.0000E+00	9.6227E-01
4.5340E+03	0.0000E+00	0.0000E+00	9.6309E-01
4.5350E+03	0.0000E+00	0.0000E+00	9.6118E-01
4.5360E+03	0.0000E+00	0.0000E+00	9.6045E-01
4.5370E+03	0.0000E+00	0.0000E+00	9.6464E-01
4.5380E+03	0.0000E+00	0.0000E+00	9.6018E-01
4.5390E+03	0.0000E+00	0.0000E+00	9.6145E-01
4.5400E+03	0.0000E+00	0.0000E+00	9.5918E-01
4.5410E+03	0.0000E+00	0.0000E+00	9.5755E-01
4.5420E+03	0.0000E+00	0.0000E+00	9.5764E-01
4.5430E+03	0.0000E+00	0.0000E+00	9.6009E-01
4.5440E+03	0.0000E+00	0.0000E+00	9.5836E-01
4.5450E+03	0.0000E+00	0.0000E+00	9.5982E-01
4.5460E+03	0.0000E+00	0.0000E+00	9.6282E-01
4.5470E+03	0.0000E+00	0.0000E+00	9.6045E-01
4.5480E+03	0.0000E+00	0.0000E+00	9.5945E-01
4.5490E+03	0.0000E+00	0.0000E+00	9.5955E-01
4.5500E+03	0.0000E+00	0.0000E+00	9.5945E-01
4.5510E+03	0.0000E+00	0.0000E+00	9.5864E-01
4.5520E+03	0.0000E+00	0.0000E+00	9.5982E-01
4.5530E+03	0.0000E+00	0.0000E+00	9.5973E-01
4.5540E+03	0.0000E+00	0.0000E+00	9.5955E-01
4.5550E+03	0.0000E+00	0.0000E+00	9.5909E-01
4.5560E+03	0.0000E+00	0.0000E+00	9.5927E-01
4.5570E+03	0.0000E+00	0.0000E+00	9.5918E-01
4.5580E+03	0.0000E+00	0.0000E+00	9.5845E-01
4.5590E+03	0.0000E+00	0.0000E+00	9.5845E-01
4.5600E+03	0.0000E+00	0.0000E+00	9.5627E-01
4.5610E+03	0.0000E+00	0.0000E+00	9.5464E-01
4.5620E+03	0.0000E+00	0.0000E+00	9.5627E-01
4.5630E+03	0.0000E+00	0.0000E+00	9.5591E-01
4.5640E+03	0.0000E+00	0.0000E+00	9.5518E-01
4.5650E+03	0.0000E+00	0.0000E+00	9.5327E-01
4.5660E+03	0.0000E+00	0.0000E+00	9.5682E-01
4.5670E+03	0.0000E+00	0.0000E+00	9.5573E-01
4.5680E+03	0.0000E+00	0.0000E+00	9.5327E-01
4.5690E+03	0.0000E+00	0.0000E+00	9.5645E-01
4.5700E+03	0.0000E+00	0.0000E+00	9.5564E-01
4.5710E+03	0.0000E+00	0.0000E+00	9.5582E-01
4.5720E+03	0.0000E+00	0.0000E+00	9.5473E-01
4.5730E+03	0.0000E+00	0.0000E+00	9.5773E-01
4.5740E+03	0.0000E+00	0.0000E+00	9.5864E-01
4.5750E+03	0.0000E+00	0.0000E+00	9.5682E-01
4.5760E+03	0.0000E+00	0.0000E+00	9.5773E-01
4.5770E+03	0.0000E+00	0.0000E+00	9.5736E-01
4.5780E+03	0.0000E+00	0.0000E+00	9.5455E-01
4.5790E+03	0.0000E+00	0.0000E+00	9.5464E-01
4.5800E+03	0.0000E+00	0.0000E+00	9.5282E-01
4.5810E+03	0.0000E+00	0.0000E+00	9.5291E-01
4.5820E+03	0.0000E+00	0.0000E+00	9.5673E-01
4.5830E+03	0.0000E+00	0.0000E+00	9.5664E-01
4.5840E+03	0.0000E+00	0.0000E+00	9.5427E-01
4.5850E+03	0.0000E+00	0.0000E+00	9.5127E-01
4.5860E+03	0.0000E+00	0.0000E+00	9.5109E-01
4.5870E+03	0.0000E+00	0.0000E+00	9.5145E-01
4.5880E+03	0.0000E+00	0.0000E+00	9.5127E-01
4.5890E+03	0.0000E+00	0.0000E+00	9.5291E-01
4.5900E+03	0.0000E+00	0.0000E+00	9.5391E-01
4.5910E+03	0.0000E+00	0.0000E+00	9.5764E-01
4.5920E+03	0.0000E+00	0.0000E+00	9.6073E-01
4.5930E+03	0.0000E+00	0.0000E+00	9.6182E-01
4.5940E+03	0.0000E+00	0.0000E+00	9.6045E-01
4.5950E+03	0.0000E+00	0.0000E+00	9.6436E-01
4.5960E+03	0.0000E+00	0.0000E+00	9.6282E-01
4.5970E+03	0.0000E+00	0.0000E+00	9.6573E-01
4.5980E+03	0.0000E+00	0.0000E+00	9.6291E-01
4.5990E+03	0.0000E+00	0.0000E+00	9.6336E-01
4.6000E+03	0.0000E+00	0.0000E+00	9.6464E-01
4.6010E+03	0.0000E+00	0.0000E+00	9.6573E-01
4.6020E+03	0.0000E+00	0.0000E+00	9.6518E-01
4.6030E+03	0.0000E+00	0.0000E+00	9.6364E-01
4.6040E+03	0.0000E+00	0.0000E+00	9.5982E-01
4.6050E+03	0.0000E+00	0.0000E+00	9.5736E-01
4.6060E+03	0.0000E+00	0.0000E+00	9.5855E-01
4.6070E+03	0.0000E+00	0.0000E+00	9.5618E-01
4.6080E+03	0.0000E+00	0.0000E+00	9.5555E-01
4.6090E+03	0.0000E+00	0.0000E+00	9.5509E-01
4.6100E+03	0.0000E+00	0.0000E+00	9.5527E-01
4.6110E+03	0.0000E+00	0.0000E+00	9.5709E-01
4.6120E+03	0.0000E+00	0.0000E+00	9.5909E-01
4.6130E+03	0.0000E+00	0.0000E+00	9.5845E-01
4.6140E+03	0.0000E+00	0.0000E+00	9.5809E-01
4.6150E+03	0.0000E+00	0.0000E+00	9.5973E-01
4.6160E+03	0.0000E+00	0.0000E+00	9.6027E-01
4.6170E+03	0.0000E+00	0.0000E+00	9.6255E-01
4.6180E+03	0.0000E+00	0.0000E+00	9.6409E-01
4.6190E+03	0.0000E+00	0.0000E+00	9.6545E-01
4.6200E+03	0.0000E+00	0.0000E+00	9.6764E-01
4.6210E+03	0.0000E+00	0.0000E+00	9.6618E-01
4.6220E+03	0.0000E+00	0.0000E+00	9.6945E-01
4.6230E+03	0.0000E+00	0.0000E+00	9.7027E-01
4.6240E+03	0.0000E+00	0.0000E+00	9.6918E-01
4.6250E+03	0.0000E+00	0.0000E+00	9.7082E-01
4.6260E+03	0.0000E+00	0.0000E+00	9.7082E-01
4.6270E+03	0.0000E+00	0.0000E+00	9.7009E-01
4.6280E+03	0.0000E+00	0.0000E+00	9.6682E-01
4.6290E+03	0.0000E+00	0.0000E+00	9.6945E-01
4.6300E+03	0.0000E+00	0.0000E+00	9.6809E-01
4.6310E+03	0.0000E+00	0.0000E+00	9.6718E-01
4.6320E+03	0.0000E+00	0.0000E+00	9.6455E-01
4.6330E+03	0.0000E+00	0.0000E+00	9.6709E-01
4.6340E+03	0.0000E+00	0.0000E+00	9.6391E-01
4.6350E+03	0.0000E+00	0.0000E+00	9.6009E-01
4.6360E+03	0.0000E+00	0.0000E+00	9.6309E-01
4.6370E+03	0.0000E+00	0.0000E+00	9.6155E-01
4.6380E+03	0.0000E+00	0.0000E+00	9.6027E-01
4.6390E+03	0.0000E+00	0.0000E+00	9.6218E-01
4.6400E+03	0.0000E+00	0.0000E+00	9.6255E-01
4.6410E+03	0.0000E+00	0.0000E+00	9.6191E-01
4.6420E+03	0.0000E+00	0.0000E+00	9.6118E-01
4.6430E+03	0.0000E+00	0.0000E+00	9.6118E-01
4.6440E+03	0.0000E+00	0.0000E+00	9.6255E-01
4.6450E+03	0.0000E+00	0.0000E+00	9.6282E-01
4.6460E+03	0.0000E+00	0.0000E+00	9.6136E-01
4.6470E+03	0.0000E+00	0.0000E+00	9.6473E-01
4.6480E+03	0.0000E+00	0.0000E+00	9.6445E-01
4.6490E+03	0.0000E+00	0.0000E+00	9.6355E-01
4.6500E+03	0.0000E+00	0.0000E+00	9.6245E-01
4.6510E+03	0.0000E+00	0.0000E+00	9.6327E-01
4.6520E+03	0.0000E+00	0.0000E+00	9.6355E-01
4.6530E+03	0.0000E+00	0.0000E+00	9.5982E-01
4.6540E+03	0.0000E+00	0.0000E+00	9.5873E-01
4.6550E+03	0.0000E+00	0.0000E+00	9.5773E-01
4.6560E+03	0.0000E+00	0.0000E+00	9.5745E-01
4.6570E+03	0.0000E+00	0.0000E+00	9.5609E-01
4.6580E+03	0.0000E+00	0.0000E+00	9.5518E-01
4.6590E+03	0.0000E+00	0.0000E+00	9.5536E-01
4.6600E+03	0.0000E+00	0.0000E+00	9.5327E-01
4.6610E+03	0.0000E+00	0.0000E+00	9.5082E-01
4.6620E+03	0.0000E+00	0.0000E+00	9.5227E-01
4.6630E+03	0.0000E+00	0.0000E+00	9.5155E-01
4.6640E+03	0.0000E+00	0.0000E+00	9.5536E-01
4.6650E+03	0.0000E+00	0.0000E+00	9.5673E-01
4.6660E+03	0.0000E+00	0.0000E+00	9.5536E-01
4.6670E+03	0.0000E+00	0.0000E+00	9.4609E-01
4.6680E+03	0.0000E+00	0.0000E+00	9.4627E-01
4.6690E+03	0.0000E+00	0.0000E+00	9.4945E-01
4.6700E+03	0.0000E+00	0.0000E+00	9.5682E-01
4.6710E+03	0.0000E+00	0.0000E+00	9.6055E-01
4.6720E+03	0.0000E+00	0.0000E+00	9.5809E-01
4.6730E+03	0.0000E+00	0.0000E+00	9.5945E-01
4.6740E+03	0.0000E+00	0.0000E+00	9.7055E-01
4.6750E+03	0.0000E+00	0.0000E+00	9.6545E-01
4.6760E+03	0.0000E+00	0.0000E+00	9.6491E-01
4.6770E+03	0.0000E+00	0.0000E+00	9.6318E-01
4.6780E+03	0.0000E+00	0.0000E+00	9.6464E-01
4.6790E+03	0.0000E+00	0.0000E+00	9.6655E-01
4.6800E+03	0.0000E+00	0.0000E+00	9.6609E-01
4.6810E+03	0.0000E+00	0.0000E+00	9.6573E-01
4.6820E+03	0.0000E+00	0.0000E+00	9.6627E-01
4.6830E+03	0.0000E+00	0.0000E+00	9.6564E-01
4.6840E+03	0.0000E+00	0.0000E+00	9.6545E-01
4.6850E+03	0.0000E+00	0.0000E+00	9.6573E-01
4.6860E+03	0.0000E+00	0.0000E+00	9.6836E-01
4.6870E+03	0.0000E+00	0.0000E+00	9.6527E-01
4.6880E+03	0.0000E+00	0.0000E+00	9.6609E-01
4.6890E+03	0.0000E+00	0.0000E+00	9.6464E-01
4.6900E+03	0.0000E+00	0.0000E+00	9.6545E-01
4.6910E+03	0.0000E+00	0.0000E+00	9.6327E-01
4.6920E+03	0.0000E+00	0.0000E+00	9.6373E-01
4.6930E+03	0.0000E+00	0.0000E+00	9.6164E-01
4.6940E+03	0.0000E+00	0.0000E+00	9.6064E-01
4.6950E+03	0.0000E+00	0.0000E+00	9.6109E-01
4.6960E+03	0.0000E+00	0.0000E+00	9.6336E-01
4.6970E+03	0.0000E+00	0.0000E+00	9.6182E-01
4.6980E+03	0.0000E+00	0.0000E+00	9.5927E-01
4.6990E+03	0.0000E+00	0.0000E+00	9.6255E-01
4.7000E+03	0.0000E+00	0.0000E+00	9.5755E-01
4.7010E+03	0.0000E+00	0.0000E+00	9.5782E-01
4.7020E+03	0.0000E+00	0.0000E+00	9.5655E-01
4.7030E+03	0.0000E+00	0.0000E+00	9.5555E-01
4.7040E+03	0.0000E+00	0.0000E+00	9.5445E-01
4.7050E+03	0.0000E+00	0.0000E+00	9.5118E-01
4.7060E+03	0.0000E+00	0.0000E+00	9.4764E-01
4.7070E+03	0.0000E+00	0.0000E+00	9.4936E-01
4.7080E+03	0.0000E+00	0.0000E+00	9.4582E-01
4.7090E+03	0.0000E+00	0.0000E+00	9.4291E-01
4.7100E+03	0.0000E+00	0.0000E+00	9.4055E-01
4.7110E+03	0.0000E+00	0.0000E+00	9.2509E-01
4.7120E+03	0.0000E+00	0.0000E+00	9.1727E-01
4.7130E+03	0.0000E+00	0.0000E+00	9.1391E-01
4.7140E+03	0.0000E+00	0.0000E+00	9.0982E-01
4.7150E+03	0.0000E+00	0.0000E+00	9.0818E-01
4.7160E+03	0.0000E+00	0.0000E+00	9.2045E-01
4.7170E+03	0.0000E+00	0.0000E+00	9.5109E-01
4.7180E+03	0.0000E+00	0.0000E+00	9.5691E-01
4.7190E+03	0.0000E+00	0.0000E+00	9.5436E-01
4.7200E+03	0.0000E+00	0.0000E+00	9.4791E-01
4.7210E+03	0.0000E+00	0.0000E+00	9.3927E-01
4.7220E+03	0.0000E+00	0.0000E+00	9.5245E-01
4.7230E+03	0.0000E+00	0.0000E+00	9.6136E-01
4.7240E+03	0.0000E+00	0.0000E+00	9.5491E-01
4.7250E+03	0.0000E+00	0.0000E+00	9.5136E-01
4.7260E+03	0.0000E+00	0.0000E+00	9.5173E-01
4.7270E+03	0.0000E+00	0.0000E+00	9.5164E-01
4.7280E+03	0.0000E+00	0.0000E+00	9.4764E-01
4.7290E+03	0.0000E+00	0.0000E+00	9.4964E-01
4.7300E+03	0.0000E+00	0.0000E+00	9.3982E-01
4.7310E+03	0.0000E+00	0.0000E+00	9.2564E-01
4.7320E+03	0.0000E+00	0.0000E+00	9.1318E-01
4.7330E+03	0.0000E+00	0.0000E+00	9.0436E-01
4.7340E+03	0.0000E+00	0.0000E+00	8.8891E-01
4.7350E+03	0.0000E+00	0.0000E+00	8.7509E-01
4.7360E+03	0.0000E+00	0.0000E+00	8.6945E-01
4.7370E+03	0.0000E+00	0.0000E+00	8.8873E-01
4.7380E+03	0.0000E+00	0.0000E+00	9.0691E-01
4.7390E+03	0.0000E+00	0.0000E+00	9.4636E-01
4.7400E+03	0.0000E+00	0.0000E+00	9.5773E-01
4.7410E+03	0.0000E+00	0.0000E+00	9.6336E-01
4.7420E+03	0.0000E+00	0.0000E+00	9.6427E-01
4.7430E+03	0.0000E+00	0.0000E+00	9.5864E-01
4.7440E+03	0.0000E+00	0.0000E+00	9.6255E-01
4.7450E+03	0.0000E+00	0.0000E+00	9.6982E-01
4.7460E+03	0.0000E+00	0.0000E+00	9.8464E-01
4.7470E+03	0.0000E+00	0.0000E+00	9.7509E-01
4.7480E+03	0.0000E+00	0.0000E+00	9.6691E-01
4.7490E+03	0.0000E+00	0.0000E+00	9.6755E-01
4.7500E+03	0.0000E+00	0.0000E+00	9.6618E-01
4.7510E+03	0.0000E+00	0.0000E+00	9.6409E-01
4.7520E+03	0.0000E+00	0.0000E+00	9.6118E-01
4.7530E+03	0.0000E+00	0.0000E+00	9.5936E-01
4.7540E+03	0.0000E+00	0.0000E+00	9.5673E-01
4.7550E+03	0.0000E+00	0.0000E+00	9.5364E-01
4.7560E+03	0.0000E+00	0.0000E+00	9.4555E-01
4.7570E+03	0.0000E+00	0.0000E+00	9.3664E-01
4.7580E+03	0.0000E+00	0.0000E+00	9.3064E-01
4.7590E+03	0.0000E+00	0.0000E+00	9.2155E-01
4.7600E+03	0.0000E+00	0.0000E+00	9.1318E-01
4.7610E+03	0.0000E+00	0.0000E+00	9.0964E-01
4.7620E+03	0.0000E+00	0.0000E+00	9.0518E-01
4.7630E+03	0.0000E+00	0.0000E+00	9.1336E-01
4.7640E+03	0.0000E+00	0.0000E+00	9.3927E-01
4.7650E+03	0.0000E+00	0.0000E+00	9.9009E-01
4.7660E+03	0.0000E+00	0.0000E+00	9.7782E-01
4.7670E+03	0.0000E+00	0.0000E+00	9.7027E-01
4.7680E+03	0.0000E+00	0.0000E+00	9.7336E-01
4.7690E+03	0.0000E+00	0.0000E+00	9.7873E-01
4.7700E+03	0.0000E+00	0.0000E+00	9.7609E-01
4.7710E+03	0.0000E+00	0.0000E+00	9.6564E-01
4.7720E+03	0.0000E+00	0.0000E+00	9.6173E-01
4.7730E+03	0.0000E+00	0.0000E+00	9.5809E-01
4.7740E+03	0.0000E+00	0.0000E+00	9.5482E-01
4.7750E+03	0.0000E+00	0.0000E+00	9.5291E-01
4.7760E+03	0.0000E+00	0.0000E+00	9.5373E-01
4.7770E+03	0.0000E+00	0.0000E+00	9.5155E-01
4.7780E+03	0.0000E+00	0.0000E+00	9.5227E-01
4.7790E+03	0.0000E+00	0.0000E+00	9.4909E-01
4.7800E+03	0.0000E+00	0.0000E+00	9.5091E-01
4.7810E+03	0.0000E+00	0.0000E+00	9.4882E-01
4.7820E+03	0.0000E+00	0.0000E+00	9.4855E-01
4.7830E+03	0.0000E+00	0.0000E+00	9.4855E-01
4.7840E+03	0.0000E+00	0.0000E+00	9.5009E-01
4.7850E+03	0.0000E+00	0.0000E+00	9.4982E-01
4.7860E+03	0.0000E+00	0.0000E+00	9.5118E-01
4.7870E+03	0.0000E+00	0.0000E+00	9.5009E-01
4.7880E+03	0.0000E+00	0.0000E+00	9.5109E-01
4.7890E+03	0.0000E+00	0.0000E+00	9.5064E-01
4.7900E+03	0.0000E+00	0.0000E+00	9.4891E-01
4.7910E+03	0.0000E+00	0.0000E+00	9.5127E-01
4.7920E+03	0.0000E+00	0.0000E+00	9.4918E-01
4.7930E+03	0.0000E+00	0.0000E+00	9.4909E-01
4.7940E+03	0.0000E+00	0.0000E+00	9.4664E-01
4.7950E+03	0.0000E+00	0.0000E+00	9.4882E-01
4.7960E+03	0.0000E+00	0.0000E+00	9.4936E-01
4.7970E+03	0.0000E+00	0.0000E+00	9.4736E-01
4.7980E+03	0.0000E+00	0.0000E+00	9.4809E-01
4.7990E+03	0.0000E+00	0.0000E+00	9.4745E-01
4.8000E+03	0.0000E+00	0.0000E+00	9.4718E-01
4.8010E+03	0.0000E+00	0.0000E+00	9.4609E-01
4.8020E+03	0.0000E+00	0.0000E+00	9.4427E-01
4.8030E+03	0.0000E+00	0.0000E+00	9.4391E-01
4.8040E+03	0.0000E+00	0.0000E+00	9.4718E-01
4.8050E+03	0.0000E+00	0.0000E+00	9.4509E-01
4.8060E+03	0.0000E+00	0.0000E+00	9.4609E-01
4.8070E+03	0.0000E+00	0.0000E+00	9.4245E-01
4.8080E+03	0.0000E+00	0.0000E+00	9.4445E-01
4.8090E+03	0.0000E+00	0.0000E+00	9.4836E-01
4.8100E+03	0.0000E+00	0.0000E+00	9.4791E-01
4.8110E+03	0.0000E+00	0.0000E+00	9.4882E-01
4.8120E+03	0.0000E+00	0.0000E+00	9.4827E-01
4.8130E+03	0.0000E+00	0.0000E+00	9.4955E-01
4.8140E+03	0.0000E+00	0.0000E+00	9.4809E-01
4.8150E+03	0.0000E+00	0.0000E+00	9.5073E-01
4.8160E+03	0.0000E+00	0.0000E+00	9.4827E-01
4.8170E+03	0.0000E+00	0.0000E+00	9.4927E-01
4.8180E+03	0.0000E+00	0.0000E+00	9.4673E-01
4.8190E+03	0.0000E+00	0.0000E+00	9.4482E-01
4.8200E+03	0.0000E+00	0.0000E+00	9.4391E-01
4.8210E+03	0.0000E+00	0.0000E+00	9.4245E-01
4.8220E+03	0.0000E+00	0.0000E+00	9.4145E-01
4.8230E+03	0.0000E+00	0.0000E+00	9.4118E-01
4.8240E+03	0.0000E+00	0.0000E+00	9.4164E-01
4.8250E+03	0.0000E+00	0.0000E+00	9.4327E-01
4.8260E+03	0.0000E+00	0.0000E+00	9.4345E-01
4.8270E+03	0.0000E+00	0.0000E+00	9.4209E-01
4.8280E+03	0.0000E+00	0.0000E+00	9.4282E-01
4.8290E+03	0.0000E+00	0.0000E+00	9.4373E-01
4.8300E+03	0.0000E+00	0.0000E+00	9.4382E-01
4.8310E+03	0.0000E+00	0.0000E+00	9.4082E-01
4.8320E+03	0.0000E+00	0.0000E+00	9.4609E-01
4.8330E+03	0.0000E+00	0.0000E+00	9.4736E-01
4.8340E+03	0.0000E+00	0.0000E+00	9.4773E-01
4.8350E+03	0.0000E+00	0.0000E+00	9.4918E-01
4.8360E+03	0.0000E+00	0.0000E+00	9.5164E-01
4.8370E+03	0.0000E+00	0.0000E+00	9.5118E-01
4.8380E+03	0.0000E+00	0.0000E+00	9.5136E-01
4.8390E+03	0.0000E+00	0.0000E+00	9.5027E-01
4.8400E+03	0.0000E+00	0.0000E+00	9.5145E-01
4.8410E+03	0.0000E+00	0.0000E+00	9.4827E-01
4.8420E+03	0.0000E+00	0.0000E+00	9.4727E-01
4.8430E+03	0.0000E+00	0.0000E+00	9.4264E-01
4.8440E+03	0.0000E+00	0.0000E+00	9.3982E-01
4.8450E+03	0.0000E+00	0.0000E+00	9.4091E-01
4.8460E+03	0.0000E+00	0.0000E+00	9.3891E-01
4.8470E+03	0.0000E+00	0.0000E+00	9.4091E-01
4.8480E+03	0.0000E+00	0.0000E+00	9.4164E-01
4.8490E+03	0.0000E+00	0.0000E+00	9.4291E-01
4.8500E+03	0.0000E+00	0.0000E+00	9.4236E-01
4.8510E+03	0.0000E+00	0.0000E+00	9.4318E-01
4.8520E+03	0.0000E+00	0.0000E+00	9.4118E-01
4.8530E+03	0.0000E+00	0.0000E+00	9.4255E-01
4.8540E+03	0.0000E+00	0.0000E+00	9.4109E-01
4.8550E+03	0.0000E+00	0.0000E+00	9.4018E-01
4.8560E+03	0.0000E+00	0.0000E+00	9.4409E-01
4.8570E+03	0.0000E+00	0.0000E+00	9.4673E-01
4.8580E+03	0.0000E+00	0.0000E+00	9.4873E-01
4.8590E+03	0.0000E+00	0.0000E+00	9.5009E-01
4.8600E+03	0.0000E+00	0.0000E+00	9.4936E-01
4.8610E+03	0.0000E+00	0.0000E+00	9.4709E-01
4.8620E+03	0.0000E+00	0.0000E+00	9.4791E-01
4.8630E+03	0.0000E+00	0.0000E+00	9.4673E-01
4.8640E+03	0.0000E+00	0.0000E+00	9.4755E-01
4.8650E+03	0.0000E+00	0.0000E+00	9.4764E-01
4.8660E+03	0.0000E+00	0.0000E+00	9.4564E-01
4.8670E+03	0.0000E+00	0.0000E+00	9.4464E-01
4.8680E+03	0.0000E+00	0.0000E+00	9.4245E-01
4.8690E+03	0.0000E+00	0.0000E+00	9.4173E-01
4.8700E+03	0.0000E+00	0.0000E+00	9.4136E-01
4.8710E+03	0.0000E+00	0.0000E+00	9.4355E-01
4.8720E+03	0.0000E+00	0.0000E+00	9.4073E-01
4.8730E+03	0.0000E+00	0.0000E+00	9.4282E-01
4.8740E+03	0.0000E+00	0.0000E+00	9.4264E-01
4.8750E+03	0.0000E+00	0.0000E+00	9.4355E-01
4.8760E+03	0.0000E+00	0.0000E+00	9.4245E-01
4.8770E+03	0.0000E+00	0.0000E+00	9.4473E-01
4.8780E+03	0.0000E+00	0.0000E+00	9.4427E-01
4.8790E+03	0.0000E+00	0.0000E+00	9.4373E-01
4.8800E+03	0.0000E+00	0.0000E+00	9.4355E-01
4.8810E+03	0.0000E+00	0.0000E+00	9.4773E-01
4.8820E+03	0.0000E+00	0.0000E+00	9.4709E-01
4.8830E+03	0.0000E+00	0.0000E+00	9.5027E-01
4.8840E+03	0.0000E+00	0.0000E+00	9.5145E-01
4.8850E+03	0.0000E+00	0.0000E+00	9.4891E-01
4.8860E+03	0.0000E+00	0.0000E+00	9.5518E-01
4.8870E+03	0.0000E+00	0.0000E+00	9.5164E-01
4.8880E+03	0.0000E+00	0.0000E+00	9.5118E-01
4.8890E+03	0.0000E+00	0.0000E+00	9.5291E-01
4.8900E+03	0.0000E+00	0.0000E+00	9.4664E-01
4.8910E+03	0.0000E+00	0.0000E+00	9.4282E-01
4.8920E+03	0.0000E+00	0.0000E+00	9.4682E-01
4.8930E+03	0.0000E+00	0.0000E+00	9.4727E-01
4.8940E+03	0.0000E+00	0.0000E+00	9.4755E-01
4.8950E+03	0.0000E+00	0.0000E+00	9.4827E-01
4.8960E+03	0.0000E+00	0.0000E+00	9.5418E-01
4.8970E+03	0.0000E+00	0.0000E+00	9.5464E-01
4.8980E+03	0.0000E+00	0.0000E+00	9.5518E-01
4.8990E+03	0.0000E+00	0.0000E+00	9.5673E-01
4.9000E+03	0.0000E+00	0.0000E+00	9.5618E-01
4.9010E+03	0.0000E+00	0.0000E+00	9.5427E-01
4.9020E+03	0.0000E+00	0.0000E+00	9.5682E-01
4.9030E+03	0.0000E+00	0.0000E+00	9.5664E-01
4.9040E+03	0.0000E+00	0.0000E+00	9.5464E-01
4.9050E+03	0.0000E+00	0.0000E+00	9.5845E-01
4.9060E+03	0.0000E+00	0.0000E+00	9.5764E-01
4.9070E+03	0.0000E+00	0.0000E+00	9.5873E-01
4.9080E+03	0.0000E+00	0.0000E+00	9.5636E-01
4.9090E+03	0.0000E+00	0.0000E+00	9.5709E-01
4.9100E+03	0.0000E+00	0.0000E+00	9.5755E-01
4.9110E+03	0.0000E+00	0.0000E+00	9.5755E-01
4.9120E+03	0.0000E+00	0.0000E+00	9.6155E-01
4.9130E+03	0.0000E+00	0.0000E+00	9.5773E-01
4.9140E+03	0.0000E+00	0.0000E+00	9.5518E-01
4.9150E+03	0.0000E+00	0.0000E+00	9.4982E-01
4.9160E+03	0.0000E+00	0.0000E+00	9.5018E-01
4.9170E+03	0.0000E+00	0.0000E+00	9.5273E-01
4.9180E+03	0.0000E+00	0.0000E+00	9.5545E-01
4.9190E+03	0.0000E+00	0.0000E+00	9.5436E-01
4.9200E+03	0.0000E+00	0.0000E+00	9.5427E-01
4.9210E+03	0.0000E+00	0.0000E+00	9.5791E-01
4.9220E+03	0.0000E+00	0.0000E+00	9.6064E-01
4.9230E+03	0.0000E+00	0.0000E+00	9.6173E-01
4.9240E+03	0.0000E+00	0.0000E+00	9.6373E-01
4.9250E+03	0.0000E+00	0.0000E+00	9.6445E-01
4.9260E+03	0.0000E+00	0.0000E+00	9.6336E-01
4.9270E+03	0.0000E+00	0.0000E+00	9.6518E-01
4.9280E+03	0.0000E+00	0.0000E+00	9.6273E-01
4.9290E+03	0.0000E+00	0.0000E+00	9.6136E-01
4.9300E+03	0.0000E+00	0.0000E+00	9.6282E-01
4.9310E+03	0.0000E+00	0.0000E+00	9.6227E-01
4.9320E+03	0.0000E+00	0.0000E+00	9.6155E-01
4.9330E+03	0.0000E+00	0.0000E+00	9.6164E-01
4.9340E+03	0.0000E+00	0.0000E+00	9.6109E-01
4.9350E+03	0.0000E+00	0.0000E+00	9.5745E-01
4.9360E+03	0.0000E+00	0.0000E+00	9.5864E-01
4.9370E+03	0.0000E+00	0.0000E+00	9.6027E-01
4.9380E+03	0.0000E+00	0.0000E+00	9.5736E-01
4.9390E+03	0.0000E+00	0.0000E+00	9.5809E-01
4.9400E+03	0.0000E+00	0.0000E+00	9.5509E-01
4.9410E+03	0.0000E+00	0.0000E+00	9.5491E-01
4.9420E+03	0.0000E+00	0.0000E+00	9.5318E-01
4.9430E+03	0.0000E+00	0.0000E+00	9.5273E-01
4.9440E+03	0.0000E+00	0.0000E+00	9.5536E-01
4.9450E+03	0.0000E+00	0.0000E+00	9.5327E-01
4.9460E+03	0.0000E+00	0.0000E+00	9.5682E-01
4.9470E+03	0.0000E+00	0.0000E+00	9.5391E-01
4.9480E+03	0.0000E+00	0.0000E+00	9.5273E-01
4.9490E+03	0.0000E+00	0.0000E+00	9.5518E-01
4.9500E+03	0.0000E+00	0.0000E+00	9.5509E-01
4.9510E+03	0.0000E+00	0.0000E+00	9.5382E-01
4.9520E+03	0.0000E+00	0.0000E+00	9.5173E-01
4.9530E+03	0.0000E+00	0.0000E+00	9.5291E-01
4.9540E+03	0.0000E+00	0.0000E+00	9.5518E-01
4.9550E+03	0.0000E+00	0.0000E+00	9.5245E-01
4.9560E+03	0.0000E+00	0.0000E+00	9.5445E-01
4.9570E+03	0.0000E+00	0.0000E+00	9.5136E-01
4.9580E+03	0.0000E+00	0.0000E+00	9.5491E-01
4.9590E+03	0.0000E+00	0.0000E+00	9.5482E-01
4.9600E+03	0.0000E+00	0.0000E+00	9.5345E-01
4.9610E+03	0.0000E+00	0.0000E+00	9.5264E-01
4.9620E+03	0.0000E+00	0.0000E+00	9.5082E-01
4.9630E+03	0.0000E+00	0.0000E+00	9.4745E-01
4.9640E+03	0.0000E+00	0.0000E+00	9.4927E-01
4.9650E+03	0.0000E+00	0.0000E+00	9.4773E-01
4.9660E+03	0.0000E+00	0.0000E+00	9.4473E-01
4.9670E+03	0.0000E+00	0.0000E+00	9.4709E-01
4.9680E+03	0.0000E+00	0.0000E+00	9.4745E-01
4.9690E+03	0.0000E+00	0.0000E+00	9.4555E-01
4.9700E+03	0.0000E+00	0.0000E+00	9.4345E-01
4.9710E+03	0.0000E+00	0.0000E+00	9.4455E-01
4.9720E+03	0.0000E+00	0.0000E+00	9.4291E-01
4.9730E+03	0.0000E+00	0.0000E+00	9.4436E-01
4.9740E+03	0.0000E+00	0.0000E+00	9.4318E-01
4.9750E+03	0.0000E+00	0.0000E+00	9.4264E-01
4.9760E+03	0.0000E+00	0.0000E+00	9.4218E-01
4.9770E+03	0.0000E+00	0.0000E+00	9.4609E-01
4.9780E+03	0.0000E+00	0.0000E+00	9.4582E-01
4.9790E+03	0.0000E+00	0.0000E+00	9.4582E-01
4.9800E+03	0.0000E+00	0.0000E+00	9.4964E-01
4.9810E+03	0.0000E+00	0.0000E+00	9.4327E-01
4.9820E+03	0.0000E+00	0.0000E+00	9.4136E-01
4.9830E+03	0.0000E+00	0.0000E+00	9.4236E-01
4.9840E+03	0.0000E+00	0.0000E+00	9.4118E-01
4.9850E+03	0.0000E+00	0.0000E+00	9.4064E-01
4.9860E+03	0.0000E+00	0.0000E+00	9.4145E-01
4.9870E+03	0.0000E+00	0.0000E+00	9.4455E-01
4.9880E+03	0.0000E+00	0.0000E+00	9.4091E-01
4.9890E+03	0.0000E+00	0.0000E+00	9.4027E-01
4.9900E+03	0.0000E+00	0.0000E+00	9.3827E-01
4.9910E+03	0.0000E+00	0.0000E+00	9.4055E-01
4.9920E+03	0.0000E+00	0.0000E+00	9.3555E-01
4.9930E+03	0.0000E+00	0.0000E+00	9.3809E-01
4.9940E+03	0.0000E+00	0.0000E+00	9.3655E-01
4.9950E+03	0.0000E+00	0.0000E+00	9.3509E-01
4.9960E+03	0.0000E+00	0.0000E+00	9.3773E-01
4.9970E+03	0.0000E+00	0.0000E+00	9.3645E-01
4.9980E+03	0.0000E+00	0.0000E+00	9.3364E-01
4.9990E+03	0.0000E+00	0.0000E+00	9.3345E-01
5.0000E+03	0.0000E+00	0.0000E+00	9.3618E-01
5.0010E+03	0.0000E+00	0.0000E+00	9.4091E-01
5.0020E+03	0.0000E+00	0.0000E+00	9.3991E-01
5.0030E+03	0.0000E+00	0.0000E+00	9.4164E-01
5.0040E+03	0.0000E+00	0.0000E+00	9.4345E-01
5.0050E+03	0.0000E+00	0.0000E+00	9.4227E-01
5.0060E+03	0.0000E+00	0.0000E+00	9.3982E-01
5.0070E+03	0.0000E+00	0.0000E+00	9.4209E-01
5.0080E+03	0.0000E+00	0.0000E+00	9.4309E-01
5.0090E+03	0.0000E+00	0.0000E+00	9.4464E-01
5.0100E+03	0.0000E+00	0.0000E+00	9.3973E-01
5.0110E+03	0.0000E+00	0.0000E+00	9.3727E-01
5.0120E+03	0.0000E+00	0.0000E+00	9.3855E-01
5.0130E+03	0.0000E+00	0.0000E+00	9.3609E-01
5.0140E+03	0.0000E+00	0.0000E+00	9.3745E-01
5.0150E+03	0.0000E+00	0.0000E+00	9.3818E-01
5.0160E+03	0.0000E+00	0.0000E+00	9.3891E-01
5.0170E+03	0.0000E+00	0.0000E+00	9.3891E-01
5.0180E+03	0.0000E+00	0.0000E+00	9.3664E-01
5.0190E+03	0.0000E+00	0.0000E+00	9.4045E-01
5.0200E+03	0.0000E+00	0.0000E+00	9.3682E-01
5.0210E+03	0.0000E+00	0.0000E+00	9.3636E-01
5.0220E+03	0.0000E+00	0.0000E+00	9.3473E-01
5.0230E+03	0.0000E+00	0.0000E+00	9.3445E-01
5.0240E+03	0.0000E+00	0.0000E+00	9.3645E-01
5.0250E+03	0.0000E+00	0.0000E+00	9.3918E-01
5.0260E+03	0.0000E+00	0.0000E+00	9.4027E-01
5.0270E+03	0.0000E+00	0.0000E+00	9.4264E-01
5.0280E+03	0.0000E+00	0.0000E+00	9.4264E-01
5.0290E+03	0.0000E+00	0.0000E+00	9.4318E-01
5.0300E+03	0.0000E+00	0.0000E+00	9.4136E-01
5.0310E+03	0.0000E+00	0.0000E+00	9.4391E-01
5.0320E+03	0.0000E+00	0.0000E+00	9.4564E-01
5.0330E+03	0.0000E+00	0.0000E+00	9.4445E-01
5.0340E+03	0.0000E+00	0.0000E+00	9.4036E-01
5.0350E+03	0.0000E+00	0.0000E+00	9.3718E-01
5.0360E+03	0.0000E+00	0.0000E+00	9.3782E-01
5.0370E+03	0.0000E+00	0.0000E+00	9.3745E-01
5.0380E+03	0.0000E+00	0.0000E+00	9.3755E-01
5.0390E+03	0.0000E+00	0.0000E+00	9.3545E-01
5.0400E+03	0.0000E+00	0.0000E+00	9.3482E-01
5.0410E+03	0.0000E+00	0.0000E+00	9.3736E-01
5.0420E+03	0.0000E+00	0.0000E+00	9.3745E-01
5.0430E+03	0.0000E+00	0.0000E+00	9.3555E-01
5.0440E+03	0.0000E+00	0.0000E+00	9.3627E-01
5.0450E+03	0.0000E+00	0.0000E+00	9.3427E-01
5.0460E+03	0.0000E+00	0.0000E+00	9.3382E-01
5.0470E+03	0.0000E+00	0.0000E+00	9.3455E-01
5.0480E+03	0.0000E+00	0.0000E+00	9.3636E-01
5.0490E+03	0.0000E+00	0.0000E+00	9.3882E-01
5.0500E+03	0.0000E+00	0.0000E+00	9.3927E-01
5.0510E+03	0.0000E+00	0.0000E+00	9.4164E-01
5.0520E+03	0.0000E+00	0.0000E+00	9.3618E-01
5.0530E+03	0.0000E+00	0.0000E+00	9.4345E-01
5.0540E+03	0.0000E+00	0.0000E+00	9.4164E-01
5.0550E+03	0.0000E+00	0.0000E+00	9.3991E-01
5.0560E+03	0.0000E+00	0.0000E+00	9.4418E-01
5.0570E+03	0.0000E+00	0.0000E+00	9.4291E-01
5.0580E+03	0.0000E+00	0.0000E+00	9.3936E-01
5.0590E+03	0.0000E+00	0.0000E+00	9.3818E-01
5.0600E+03	0.0000E+00	0.0000E+00	9.3618E-01
5.0610E+03	0.0000E+00	0.0000E+00	9.3591E-01
5.0620E+03	0.0000E+00	0.0000E+00	9.3564E-01
5.0630E+03	0.0000E+00	0.0000E+00	9.3709E-01
5.0640E+03	0.0000E+00	0.0000E+00	9.3682E-01
5.0650E+03	0.0000E+00	0.0000E+00	9.3773E-01
5.0660E+03	0.0000E+00	0.0000E+00	9.3282E-01
5.0670E+03	0.0000E+00	0.0000E+00	9.3391E-01
5.0680E+03	0.0000E+00	0.0000E+00	9.3218E-01
5.0690E+03	0.0000E+00	0.0000E+00	9.3555E-01
5.0700E+03	0.0000E+00	0.0000E+00	9.3573E-01
5.0710E+03	0.0000E+00	0.0000E+00	9.3627E-01
5.0720E+03	0.0000E+00	0.0000E+00	9.3755E-01
5.0730E+03	0.0000E+00	0.0000E+00	9.3782E-01
5.0740E+03	0.0000E+00	0.0000E+00	9.3827E-01
5.0750E+03	0.0000E+00	0.0000E+00	9.3982E-01
5.0760E+03	0.0000E+00	0.0000E+00	9.3736E-01
5.0770E+03	0.0000E+00	0.0000E+00	9.3873E-01
5.0780E+03	0.0000E+00	0.0000E+00	9.3855E-01
5.0790E+03	0.0000E+00	0.0000E+00	9.4218E-01
5.0800E+03	0.0000E+00	0.0000E+00	9.4455E-01
5.0810E+03	0.0000E+00	0.0000E+00	9.4382E-01
5.0820E+03	0.0000E+00	0.0000E+00	9.4455E-01
5.0830E+03	0.0000E+00	0.0000E+00	9.4309E-01
5.0840E+03	0.0000E+00	0.0000E+00	9.4327E-01
5.0850E+03	0.0000E+00	0.0000E+00	9.4491E-01
5.0860E+03	0.0000E+00	0.0000E+00	9.4627E-01
5.0870E+03	0.0000E+00	0.0000E+00	9.4327E-01
5.0880E+03	0.0000E+00	0.0000E+00	9.4291E-01
5.0890E+03	0.0000E+00	0.0000E+00	9.4391E-01
5.0900E+03	0.0000E+00	0.0000E+00	9.4464E-01
5.0910E+03	0.0000E+00	0.0000E+00	9.4273E-01
5.0920E+03	0.0000E+00	0.0000E+00	9.4255E-01
5.0930E+03	0.0000E+00	0.0000E+00	9.4027E-01
5.0940E+03	0.0000E+00	0.0000E+00	9.3927E-01
5.0950E+03	0.0000E+00	0.0000E+00	9.3636E-01
5.0960E+03	0.0000E+00	0.0000E+00	9.3709E-01
5.0970E+03	0.0000E+00	0.0000E+00	9.3791E-01
5.0980E+03	0.0000E+00	0.0000E+00	9.3509E-01
5.0990E+03	0.0000E+00	0.0000E+00	9.3709E-01
5.1000E+03	0.0000E+00	0.0000E+00	9.3773E-01
5.1010E+03	0.0000E+00	0.0000E+00	9.3827E-01
5.1020E+03	0.0000E+00	0.0000E+00	9.3755E-01
5.1030E+03	0.0000E+00	0.0000E+00	9.3736E-01
5.1040E+03	0.0000E+00	0.0000E+00	9.3364E-01
5.1050E+03	0.0000E+00	0.0000E+00	9.3436E-01
5.1060E+03	0.0000E+00	0.0000E+00	9.3355E-01
5.1070E+03	0.0000E+00	0.0000E+00	9.3473E-01
5.1080E+03	0.0000E+00	0.0000E+00	9.3227E-01
5.1090E+03	0.0000E+00	0.0000E+00	9.2909E-01
5.1100E+03	0.0000E+00	0.0000E+00	9.2764E-01
5.1110E+03	0.0000E+00	0.0000E+00	9.2509E-01
5.1120E+03	0.0000E+00	0.0000E+00	9.2709E-01
5.1130E+03	0.0000E+00	0.0000E+00	9.2273E-01
5.1140E+03	0.0000E+00	0.0000E+00	9.1727E-01
5.1150E+03	0.0000E+00	0.0000E+00	9.1345E-01
5.1160E+03	0.0000E+00	0.0000E+00	9.1364E-01
5.1170E+03	0.0000E+00	0.0000E+00	9.1255E-01
5.1180E+03	0.0000E+00	0.0000E+00	9.0655E-01
5.1190E+03	0.0000E+00	0.0000E+00	9.0045E-01
5.1200E+03	0.0000E+00	0.0000E+00	8.9918E-01
5.1210E+03	0.0000E+00	0.0000E+00	8.9309E-01
5.1220E+03	0.0000E+00	0.0000E+00	8.9345E-01
5.1230E+03	0.0000E+00	0.0000E+00	8.9373E-01
5.1240E+03	0.0000E+00	0.0000E+00	8.9236E-01
5.1250E+03	0.0000E+00	0.0000E+00	8.9345E-01
5.1260E+03	0.0000E+00	0.0000E+00	8.9218E-01
5.1270E+03	0.0000E+00	0.0000E+00	9.1664E-01
5.1280E+03	0.0000E+00	0.0000E+00	9.2727E-01
5.1290E+03	0.0000E+00	0.0000E+00	9.3545E-01
5.1300E+03	0.0000E+00	0.0000E+00	9.3664E-01
5.1310E+03	0.0000E+00	0.0000E+00	9.3836E-01
