TIME_UNITS h
DATA_UNITS m
!h  x   y   z
0.0000E+00	0.0000E+00	0.0000E+00	1.9247E+00
1.0000E+00	0.0000E+00	0.0000E+00	1.9247E+00
2.0000E+00	0.0000E+00	0.0000E+00	1.9337E+00
3.0000E+00	0.0000E+00	0.0000E+00	1.9487E+00
4.0000E+00	0.0000E+00	0.0000E+00	1.9597E+00
5.0000E+00	0.0000E+00	0.0000E+00	1.9647E+00
6.0000E+00	0.0000E+00	0.0000E+00	1.9737E+00
7.0000E+00	0.0000E+00	0.0000E+00	1.9837E+00
8.0000E+00	0.0000E+00	0.0000E+00	1.9957E+00
9.0000E+00	0.0000E+00	0.0000E+00	2.0057E+00
1.0000E+01	0.0000E+00	0.0000E+00	2.0087E+00
1.1000E+01	0.0000E+00	0.0000E+00	1.9557E+00
1.2000E+01	0.0000E+00	0.0000E+00	1.9497E+00
1.3000E+01	0.0000E+00	0.0000E+00	1.9457E+00
1.4000E+01	0.0000E+00	0.0000E+00	1.9157E+00
1.5000E+01	0.0000E+00	0.0000E+00	1.9547E+00
1.6000E+01	0.0000E+00	0.0000E+00	1.9477E+00
1.7000E+01	0.0000E+00	0.0000E+00	1.9587E+00
1.8000E+01	0.0000E+00	0.0000E+00	1.9427E+00
1.9000E+01	0.0000E+00	0.0000E+00	1.9487E+00
2.0000E+01	0.0000E+00	0.0000E+00	1.9477E+00
2.1000E+01	0.0000E+00	0.0000E+00	1.9497E+00
2.2000E+01	0.0000E+00	0.0000E+00	1.9467E+00
2.3000E+01	0.0000E+00	0.0000E+00	1.9427E+00
2.4000E+01	0.0000E+00	0.0000E+00	1.9457E+00
2.5000E+01	0.0000E+00	0.0000E+00	1.9527E+00
2.6000E+01	0.0000E+00	0.0000E+00	1.9517E+00
2.7000E+01	0.0000E+00	0.0000E+00	1.9547E+00
2.8000E+01	0.0000E+00	0.0000E+00	1.9727E+00
2.9000E+01	0.0000E+00	0.0000E+00	2.0027E+00
3.0000E+01	0.0000E+00	0.0000E+00	2.0247E+00
3.1000E+01	0.0000E+00	0.0000E+00	2.0267E+00
3.2000E+01	0.0000E+00	0.0000E+00	2.0027E+00
3.3000E+01	0.0000E+00	0.0000E+00	1.9857E+00
3.4000E+01	0.0000E+00	0.0000E+00	1.9777E+00
3.5000E+01	0.0000E+00	0.0000E+00	1.9477E+00
3.6000E+01	0.0000E+00	0.0000E+00	1.9497E+00
3.7000E+01	0.0000E+00	0.0000E+00	1.9397E+00
3.8000E+01	0.0000E+00	0.0000E+00	1.9297E+00
3.9000E+01	0.0000E+00	0.0000E+00	1.9457E+00
4.0000E+01	0.0000E+00	0.0000E+00	1.9447E+00
4.1000E+01	0.0000E+00	0.0000E+00	1.9407E+00
4.2000E+01	0.0000E+00	0.0000E+00	1.9397E+00
4.3000E+01	0.0000E+00	0.0000E+00	1.9337E+00
4.4000E+01	0.0000E+00	0.0000E+00	1.9377E+00
4.5000E+01	0.0000E+00	0.0000E+00	1.9357E+00
4.6000E+01	0.0000E+00	0.0000E+00	1.9337E+00
4.7000E+01	0.0000E+00	0.0000E+00	1.9287E+00
4.8000E+01	0.0000E+00	0.0000E+00	1.9207E+00
4.9000E+01	0.0000E+00	0.0000E+00	1.9157E+00
5.0000E+01	0.0000E+00	0.0000E+00	1.9317E+00
5.1000E+01	0.0000E+00	0.0000E+00	1.9437E+00
5.2000E+01	0.0000E+00	0.0000E+00	1.9547E+00
5.3000E+01	0.0000E+00	0.0000E+00	1.9657E+00
5.4000E+01	0.0000E+00	0.0000E+00	1.9827E+00
5.5000E+01	0.0000E+00	0.0000E+00	1.9887E+00
5.6000E+01	0.0000E+00	0.0000E+00	1.9997E+00
5.7000E+01	0.0000E+00	0.0000E+00	2.0217E+00
5.8000E+01	0.0000E+00	0.0000E+00	2.0407E+00
5.9000E+01	0.0000E+00	0.0000E+00	1.9267E+00
6.0000E+01	0.0000E+00	0.0000E+00	1.9487E+00
6.1000E+01	0.0000E+00	0.0000E+00	1.9507E+00
6.2000E+01	0.0000E+00	0.0000E+00	1.9257E+00
6.3000E+01	0.0000E+00	0.0000E+00	1.9117E+00
6.4000E+01	0.0000E+00	0.0000E+00	1.9127E+00
6.5000E+01	0.0000E+00	0.0000E+00	1.9147E+00
6.6000E+01	0.0000E+00	0.0000E+00	1.9147E+00
6.7000E+01	0.0000E+00	0.0000E+00	1.9177E+00
6.8000E+01	0.0000E+00	0.0000E+00	1.9197E+00
6.9000E+01	0.0000E+00	0.0000E+00	1.9517E+00
7.0000E+01	0.0000E+00	0.0000E+00	1.9427E+00
7.1000E+01	0.0000E+00	0.0000E+00	1.9417E+00
7.2000E+01	0.0000E+00	0.0000E+00	1.9367E+00
7.3000E+01	0.0000E+00	0.0000E+00	1.9287E+00
7.4000E+01	0.0000E+00	0.0000E+00	1.9307E+00
7.5000E+01	0.0000E+00	0.0000E+00	1.9447E+00
7.6000E+01	0.0000E+00	0.0000E+00	1.9507E+00
7.7000E+01	0.0000E+00	0.0000E+00	1.9537E+00
7.8000E+01	0.0000E+00	0.0000E+00	1.9607E+00
7.9000E+01	0.0000E+00	0.0000E+00	1.9637E+00
8.0000E+01	0.0000E+00	0.0000E+00	1.9707E+00
8.1000E+01	0.0000E+00	0.0000E+00	1.9737E+00
8.2000E+01	0.0000E+00	0.0000E+00	1.9917E+00
8.3000E+01	0.0000E+00	0.0000E+00	1.9527E+00
8.4000E+01	0.0000E+00	0.0000E+00	1.9587E+00
8.5000E+01	0.0000E+00	0.0000E+00	1.9527E+00
8.6000E+01	0.0000E+00	0.0000E+00	1.9177E+00
8.7000E+01	0.0000E+00	0.0000E+00	1.9187E+00
8.8000E+01	0.0000E+00	0.0000E+00	1.9307E+00
8.9000E+01	0.0000E+00	0.0000E+00	1.9247E+00
9.0000E+01	0.0000E+00	0.0000E+00	1.9237E+00
9.1000E+01	0.0000E+00	0.0000E+00	1.9257E+00
9.2000E+01	0.0000E+00	0.0000E+00	1.9447E+00
9.3000E+01	0.0000E+00	0.0000E+00	1.9597E+00
9.4000E+01	0.0000E+00	0.0000E+00	1.9507E+00
9.5000E+01	0.0000E+00	0.0000E+00	1.9427E+00
9.6000E+01	0.0000E+00	0.0000E+00	1.9417E+00
9.7000E+01	0.0000E+00	0.0000E+00	1.9377E+00
9.8000E+01	0.0000E+00	0.0000E+00	1.9387E+00
9.9000E+01	0.0000E+00	0.0000E+00	1.9397E+00
1.0000E+02	0.0000E+00	0.0000E+00	1.9437E+00
1.0100E+02	0.0000E+00	0.0000E+00	1.9407E+00
1.0200E+02	0.0000E+00	0.0000E+00	1.9397E+00
1.0300E+02	0.0000E+00	0.0000E+00	1.9337E+00
1.0400E+02	0.0000E+00	0.0000E+00	1.9317E+00
1.0500E+02	0.0000E+00	0.0000E+00	1.9287E+00
1.0600E+02	0.0000E+00	0.0000E+00	1.9237E+00
1.0700E+02	0.0000E+00	0.0000E+00	1.9257E+00
1.0800E+02	0.0000E+00	0.0000E+00	1.9227E+00
1.0900E+02	0.0000E+00	0.0000E+00	1.9237E+00
1.1000E+02	0.0000E+00	0.0000E+00	1.9207E+00
1.1100E+02	0.0000E+00	0.0000E+00	1.9207E+00
1.1200E+02	0.0000E+00	0.0000E+00	1.9187E+00
1.1300E+02	0.0000E+00	0.0000E+00	1.9217E+00
1.1400E+02	0.0000E+00	0.0000E+00	1.9217E+00
1.1500E+02	0.0000E+00	0.0000E+00	1.9217E+00
1.1600E+02	0.0000E+00	0.0000E+00	1.9217E+00
1.1700E+02	0.0000E+00	0.0000E+00	1.9227E+00
1.1800E+02	0.0000E+00	0.0000E+00	1.9207E+00
1.1900E+02	0.0000E+00	0.0000E+00	1.9207E+00
1.2000E+02	0.0000E+00	0.0000E+00	1.9217E+00
1.2100E+02	0.0000E+00	0.0000E+00	1.9227E+00
1.2200E+02	0.0000E+00	0.0000E+00	1.9227E+00
1.2300E+02	0.0000E+00	0.0000E+00	1.9247E+00
1.2400E+02	0.0000E+00	0.0000E+00	1.9257E+00
1.2500E+02	0.0000E+00	0.0000E+00	1.9227E+00
1.2600E+02	0.0000E+00	0.0000E+00	1.9237E+00
1.2700E+02	0.0000E+00	0.0000E+00	1.9227E+00
1.2800E+02	0.0000E+00	0.0000E+00	1.9217E+00
1.2900E+02	0.0000E+00	0.0000E+00	1.9227E+00
1.3000E+02	0.0000E+00	0.0000E+00	1.9227E+00
1.3100E+02	0.0000E+00	0.0000E+00	1.9197E+00
1.3200E+02	0.0000E+00	0.0000E+00	1.9217E+00
1.3300E+02	0.0000E+00	0.0000E+00	1.9217E+00
1.3400E+02	0.0000E+00	0.0000E+00	1.9257E+00
1.3500E+02	0.0000E+00	0.0000E+00	1.9287E+00
1.3600E+02	0.0000E+00	0.0000E+00	1.9357E+00
1.3700E+02	0.0000E+00	0.0000E+00	1.9387E+00
1.3800E+02	0.0000E+00	0.0000E+00	1.9437E+00
1.3900E+02	0.0000E+00	0.0000E+00	1.9537E+00
1.4000E+02	0.0000E+00	0.0000E+00	1.9607E+00
1.4100E+02	0.0000E+00	0.0000E+00	1.9687E+00
1.4200E+02	0.0000E+00	0.0000E+00	1.9847E+00
1.4300E+02	0.0000E+00	0.0000E+00	1.9947E+00
1.4400E+02	0.0000E+00	0.0000E+00	2.0057E+00
1.4500E+02	0.0000E+00	0.0000E+00	2.0407E+00
1.4600E+02	0.0000E+00	0.0000E+00	2.0367E+00
1.4700E+02	0.0000E+00	0.0000E+00	2.0237E+00
1.4800E+02	0.0000E+00	0.0000E+00	2.0137E+00
1.4900E+02	0.0000E+00	0.0000E+00	2.0167E+00
1.5000E+02	0.0000E+00	0.0000E+00	2.0057E+00
1.5100E+02	0.0000E+00	0.0000E+00	2.0047E+00
1.5200E+02	0.0000E+00	0.0000E+00	2.0067E+00
1.5300E+02	0.0000E+00	0.0000E+00	2.0037E+00
1.5400E+02	0.0000E+00	0.0000E+00	2.0037E+00
1.5500E+02	0.0000E+00	0.0000E+00	2.0017E+00
1.5600E+02	0.0000E+00	0.0000E+00	1.9967E+00
1.5700E+02	0.0000E+00	0.0000E+00	1.9977E+00
1.5800E+02	0.0000E+00	0.0000E+00	2.0117E+00
1.5900E+02	0.0000E+00	0.0000E+00	2.0177E+00
1.6000E+02	0.0000E+00	0.0000E+00	2.0367E+00
1.6100E+02	0.0000E+00	0.0000E+00	2.0397E+00
1.6200E+02	0.0000E+00	0.0000E+00	2.0327E+00
1.6300E+02	0.0000E+00	0.0000E+00	2.0407E+00
1.6400E+02	0.0000E+00	0.0000E+00	2.0327E+00
1.6500E+02	0.0000E+00	0.0000E+00	2.0317E+00
1.6600E+02	0.0000E+00	0.0000E+00	2.0297E+00
1.6700E+02	0.0000E+00	0.0000E+00	2.0197E+00
1.6800E+02	0.0000E+00	0.0000E+00	2.0137E+00
1.6900E+02	0.0000E+00	0.0000E+00	2.0037E+00
1.7000E+02	0.0000E+00	0.0000E+00	1.9977E+00
1.7100E+02	0.0000E+00	0.0000E+00	1.9927E+00
1.7200E+02	0.0000E+00	0.0000E+00	1.9917E+00
1.7300E+02	0.0000E+00	0.0000E+00	1.9797E+00
1.7400E+02	0.0000E+00	0.0000E+00	1.9757E+00
1.7500E+02	0.0000E+00	0.0000E+00	1.9707E+00
1.7600E+02	0.0000E+00	0.0000E+00	1.9697E+00
1.7700E+02	0.0000E+00	0.0000E+00	1.9697E+00
1.7800E+02	0.0000E+00	0.0000E+00	1.9657E+00
1.7900E+02	0.0000E+00	0.0000E+00	1.9667E+00
1.8000E+02	0.0000E+00	0.0000E+00	1.9707E+00
1.8100E+02	0.0000E+00	0.0000E+00	1.9777E+00
1.8200E+02	0.0000E+00	0.0000E+00	1.9777E+00
1.8300E+02	0.0000E+00	0.0000E+00	1.9817E+00
1.8400E+02	0.0000E+00	0.0000E+00	1.9857E+00
1.8500E+02	0.0000E+00	0.0000E+00	1.9997E+00
1.8600E+02	0.0000E+00	0.0000E+00	1.9947E+00
1.8700E+02	0.0000E+00	0.0000E+00	1.9897E+00
1.8800E+02	0.0000E+00	0.0000E+00	1.9947E+00
1.8900E+02	0.0000E+00	0.0000E+00	1.9987E+00
1.9000E+02	0.0000E+00	0.0000E+00	1.9957E+00
1.9100E+02	0.0000E+00	0.0000E+00	1.9957E+00
1.9200E+02	0.0000E+00	0.0000E+00	1.9887E+00
1.9300E+02	0.0000E+00	0.0000E+00	1.9807E+00
1.9400E+02	0.0000E+00	0.0000E+00	1.9837E+00
1.9500E+02	0.0000E+00	0.0000E+00	1.9917E+00
1.9600E+02	0.0000E+00	0.0000E+00	1.9987E+00
1.9700E+02	0.0000E+00	0.0000E+00	2.0017E+00
1.9800E+02	0.0000E+00	0.0000E+00	1.9977E+00
1.9900E+02	0.0000E+00	0.0000E+00	1.9977E+00
2.0000E+02	0.0000E+00	0.0000E+00	1.9947E+00
2.0100E+02	0.0000E+00	0.0000E+00	1.9917E+00
2.0200E+02	0.0000E+00	0.0000E+00	1.9727E+00
2.0300E+02	0.0000E+00	0.0000E+00	1.9457E+00
2.0400E+02	0.0000E+00	0.0000E+00	1.9677E+00
2.0500E+02	0.0000E+00	0.0000E+00	1.9777E+00
2.0600E+02	0.0000E+00	0.0000E+00	1.9657E+00
2.0700E+02	0.0000E+00	0.0000E+00	1.9607E+00
2.0800E+02	0.0000E+00	0.0000E+00	1.9547E+00
2.0900E+02	0.0000E+00	0.0000E+00	2.0227E+00
2.1000E+02	0.0000E+00	0.0000E+00	2.0037E+00
2.1100E+02	0.0000E+00	0.0000E+00	2.0007E+00
2.1200E+02	0.0000E+00	0.0000E+00	2.0127E+00
2.1300E+02	0.0000E+00	0.0000E+00	2.0227E+00
2.1400E+02	0.0000E+00	0.0000E+00	2.0237E+00
2.1500E+02	0.0000E+00	0.0000E+00	2.0177E+00
2.1600E+02	0.0000E+00	0.0000E+00	2.0137E+00
2.1700E+02	0.0000E+00	0.0000E+00	2.0087E+00
2.1800E+02	0.0000E+00	0.0000E+00	1.9977E+00
2.1900E+02	0.0000E+00	0.0000E+00	1.9867E+00
2.2000E+02	0.0000E+00	0.0000E+00	1.9867E+00
2.2100E+02	0.0000E+00	0.0000E+00	1.9957E+00
2.2200E+02	0.0000E+00	0.0000E+00	1.9987E+00
2.2300E+02	0.0000E+00	0.0000E+00	1.9987E+00
2.2400E+02	0.0000E+00	0.0000E+00	2.0017E+00
2.2500E+02	0.0000E+00	0.0000E+00	1.9987E+00
2.2600E+02	0.0000E+00	0.0000E+00	1.9657E+00
2.2700E+02	0.0000E+00	0.0000E+00	1.9607E+00
2.2800E+02	0.0000E+00	0.0000E+00	1.9917E+00
2.2900E+02	0.0000E+00	0.0000E+00	1.9877E+00
2.3000E+02	0.0000E+00	0.0000E+00	1.9977E+00
2.3100E+02	0.0000E+00	0.0000E+00	1.9977E+00
2.3200E+02	0.0000E+00	0.0000E+00	2.0037E+00
2.3300E+02	0.0000E+00	0.0000E+00	1.9977E+00
2.3400E+02	0.0000E+00	0.0000E+00	2.0167E+00
2.3500E+02	0.0000E+00	0.0000E+00	2.0587E+00
2.3600E+02	0.0000E+00	0.0000E+00	2.0667E+00
2.3700E+02	0.0000E+00	0.0000E+00	2.0667E+00
2.3800E+02	0.0000E+00	0.0000E+00	2.0647E+00
2.3900E+02	0.0000E+00	0.0000E+00	2.0517E+00
2.4000E+02	0.0000E+00	0.0000E+00	2.0427E+00
2.4100E+02	0.0000E+00	0.0000E+00	2.0407E+00
2.4200E+02	0.0000E+00	0.0000E+00	2.0307E+00
2.4300E+02	0.0000E+00	0.0000E+00	2.0237E+00
2.4400E+02	0.0000E+00	0.0000E+00	2.0187E+00
2.4500E+02	0.0000E+00	0.0000E+00	2.0137E+00
2.4600E+02	0.0000E+00	0.0000E+00	2.0087E+00
2.4700E+02	0.0000E+00	0.0000E+00	2.0037E+00
2.4800E+02	0.0000E+00	0.0000E+00	1.9887E+00
2.4900E+02	0.0000E+00	0.0000E+00	1.9847E+00
2.5000E+02	0.0000E+00	0.0000E+00	1.9857E+00
2.5100E+02	0.0000E+00	0.0000E+00	1.9957E+00
2.5200E+02	0.0000E+00	0.0000E+00	1.9887E+00
2.5300E+02	0.0000E+00	0.0000E+00	1.9977E+00
2.5400E+02	0.0000E+00	0.0000E+00	1.9937E+00
2.5500E+02	0.0000E+00	0.0000E+00	2.0027E+00
2.5600E+02	0.0000E+00	0.0000E+00	1.9887E+00
2.5700E+02	0.0000E+00	0.0000E+00	1.9877E+00
2.5800E+02	0.0000E+00	0.0000E+00	1.9957E+00
2.5900E+02	0.0000E+00	0.0000E+00	2.0007E+00
2.6000E+02	0.0000E+00	0.0000E+00	2.0027E+00
2.6100E+02	0.0000E+00	0.0000E+00	1.9987E+00
2.6200E+02	0.0000E+00	0.0000E+00	2.0007E+00
2.6300E+02	0.0000E+00	0.0000E+00	1.9967E+00
2.6400E+02	0.0000E+00	0.0000E+00	1.9917E+00
2.6500E+02	0.0000E+00	0.0000E+00	1.9877E+00
2.6600E+02	0.0000E+00	0.0000E+00	1.9867E+00
2.6700E+02	0.0000E+00	0.0000E+00	1.9827E+00
2.6800E+02	0.0000E+00	0.0000E+00	1.9777E+00
2.6900E+02	0.0000E+00	0.0000E+00	1.9717E+00
2.7000E+02	0.0000E+00	0.0000E+00	1.9647E+00
2.7100E+02	0.0000E+00	0.0000E+00	1.9657E+00
2.7200E+02	0.0000E+00	0.0000E+00	1.9917E+00
2.7300E+02	0.0000E+00	0.0000E+00	2.0157E+00
2.7400E+02	0.0000E+00	0.0000E+00	2.0347E+00
2.7500E+02	0.0000E+00	0.0000E+00	2.0307E+00
2.7600E+02	0.0000E+00	0.0000E+00	2.0287E+00
2.7700E+02	0.0000E+00	0.0000E+00	1.9707E+00
2.7800E+02	0.0000E+00	0.0000E+00	1.9607E+00
2.7900E+02	0.0000E+00	0.0000E+00	1.9757E+00
2.8000E+02	0.0000E+00	0.0000E+00	1.9797E+00
2.8100E+02	0.0000E+00	0.0000E+00	1.9737E+00
2.8200E+02	0.0000E+00	0.0000E+00	1.9667E+00
2.8300E+02	0.0000E+00	0.0000E+00	1.9597E+00
2.8400E+02	0.0000E+00	0.0000E+00	1.9677E+00
2.8500E+02	0.0000E+00	0.0000E+00	1.9707E+00
2.8600E+02	0.0000E+00	0.0000E+00	1.9667E+00
2.8700E+02	0.0000E+00	0.0000E+00	1.9667E+00
2.8800E+02	0.0000E+00	0.0000E+00	1.9627E+00
2.8900E+02	0.0000E+00	0.0000E+00	1.9597E+00
2.9000E+02	0.0000E+00	0.0000E+00	1.9547E+00
2.9100E+02	0.0000E+00	0.0000E+00	1.9547E+00
2.9200E+02	0.0000E+00	0.0000E+00	1.9497E+00
2.9300E+02	0.0000E+00	0.0000E+00	1.9487E+00
2.9400E+02	0.0000E+00	0.0000E+00	1.9407E+00
2.9500E+02	0.0000E+00	0.0000E+00	1.9327E+00
2.9600E+02	0.0000E+00	0.0000E+00	1.9317E+00
2.9700E+02	0.0000E+00	0.0000E+00	1.9317E+00
2.9800E+02	0.0000E+00	0.0000E+00	1.9277E+00
2.9900E+02	0.0000E+00	0.0000E+00	1.9267E+00
3.0000E+02	0.0000E+00	0.0000E+00	1.9267E+00
3.0100E+02	0.0000E+00	0.0000E+00	1.9257E+00
3.0200E+02	0.0000E+00	0.0000E+00	1.9337E+00
3.0300E+02	0.0000E+00	0.0000E+00	1.9517E+00
3.0400E+02	0.0000E+00	0.0000E+00	1.9547E+00
3.0500E+02	0.0000E+00	0.0000E+00	1.9507E+00
3.0600E+02	0.0000E+00	0.0000E+00	1.9507E+00
3.0700E+02	0.0000E+00	0.0000E+00	1.9557E+00
3.0800E+02	0.0000E+00	0.0000E+00	1.9777E+00
3.0900E+02	0.0000E+00	0.0000E+00	1.9797E+00
3.1000E+02	0.0000E+00	0.0000E+00	1.9777E+00
3.1100E+02	0.0000E+00	0.0000E+00	1.9707E+00
3.1200E+02	0.0000E+00	0.0000E+00	1.9677E+00
3.1300E+02	0.0000E+00	0.0000E+00	1.9597E+00
3.1400E+02	0.0000E+00	0.0000E+00	1.9567E+00
3.1500E+02	0.0000E+00	0.0000E+00	1.9537E+00
3.1600E+02	0.0000E+00	0.0000E+00	1.9477E+00
3.1700E+02	0.0000E+00	0.0000E+00	1.9507E+00
3.1800E+02	0.0000E+00	0.0000E+00	1.9467E+00
3.1900E+02	0.0000E+00	0.0000E+00	1.9457E+00
3.2000E+02	0.0000E+00	0.0000E+00	1.9407E+00
3.2100E+02	0.0000E+00	0.0000E+00	1.9387E+00
3.2200E+02	0.0000E+00	0.0000E+00	1.9297E+00
3.2300E+02	0.0000E+00	0.0000E+00	1.9257E+00
3.2400E+02	0.0000E+00	0.0000E+00	1.9277E+00
3.2500E+02	0.0000E+00	0.0000E+00	1.9317E+00
3.2600E+02	0.0000E+00	0.0000E+00	1.9447E+00
3.2700E+02	0.0000E+00	0.0000E+00	1.9697E+00
3.2800E+02	0.0000E+00	0.0000E+00	1.9697E+00
3.2900E+02	0.0000E+00	0.0000E+00	1.9597E+00
3.3000E+02	0.0000E+00	0.0000E+00	1.9657E+00
3.3100E+02	0.0000E+00	0.0000E+00	1.9897E+00
3.3200E+02	0.0000E+00	0.0000E+00	2.0017E+00
3.3300E+02	0.0000E+00	0.0000E+00	2.0087E+00
3.3400E+02	0.0000E+00	0.0000E+00	2.0117E+00
3.3500E+02	0.0000E+00	0.0000E+00	2.0107E+00
3.3600E+02	0.0000E+00	0.0000E+00	2.0057E+00
3.3700E+02	0.0000E+00	0.0000E+00	2.0017E+00
3.3800E+02	0.0000E+00	0.0000E+00	2.0017E+00
3.3900E+02	0.0000E+00	0.0000E+00	1.9977E+00
3.4000E+02	0.0000E+00	0.0000E+00	1.9947E+00
3.4100E+02	0.0000E+00	0.0000E+00	1.9907E+00
3.4200E+02	0.0000E+00	0.0000E+00	1.9847E+00
3.4300E+02	0.0000E+00	0.0000E+00	1.9817E+00
3.4400E+02	0.0000E+00	0.0000E+00	1.9777E+00
3.4500E+02	0.0000E+00	0.0000E+00	1.9737E+00
3.4600E+02	0.0000E+00	0.0000E+00	1.9717E+00
3.4700E+02	0.0000E+00	0.0000E+00	1.9727E+00
3.4800E+02	0.0000E+00	0.0000E+00	1.9727E+00
3.4900E+02	0.0000E+00	0.0000E+00	1.9767E+00
3.5000E+02	0.0000E+00	0.0000E+00	1.9777E+00
3.5100E+02	0.0000E+00	0.0000E+00	1.9797E+00
3.5200E+02	0.0000E+00	0.0000E+00	1.9827E+00
3.5300E+02	0.0000E+00	0.0000E+00	1.9867E+00
3.5400E+02	0.0000E+00	0.0000E+00	1.9927E+00
3.5500E+02	0.0000E+00	0.0000E+00	1.9947E+00
3.5600E+02	0.0000E+00	0.0000E+00	1.9977E+00
3.5700E+02	0.0000E+00	0.0000E+00	1.9977E+00
3.5800E+02	0.0000E+00	0.0000E+00	1.9977E+00
3.5900E+02	0.0000E+00	0.0000E+00	1.9977E+00
3.6000E+02	0.0000E+00	0.0000E+00	1.9967E+00
3.6100E+02	0.0000E+00	0.0000E+00	1.9927E+00
3.6200E+02	0.0000E+00	0.0000E+00	1.9927E+00
3.6300E+02	0.0000E+00	0.0000E+00	1.9907E+00
3.6400E+02	0.0000E+00	0.0000E+00	1.9867E+00
3.6500E+02	0.0000E+00	0.0000E+00	1.9837E+00
3.6600E+02	0.0000E+00	0.0000E+00	1.9787E+00
3.6700E+02	0.0000E+00	0.0000E+00	1.9737E+00
3.6800E+02	0.0000E+00	0.0000E+00	1.9747E+00
3.6900E+02	0.0000E+00	0.0000E+00	1.9707E+00
3.7000E+02	0.0000E+00	0.0000E+00	1.9687E+00
3.7100E+02	0.0000E+00	0.0000E+00	1.9637E+00
3.7200E+02	0.0000E+00	0.0000E+00	1.9647E+00
3.7300E+02	0.0000E+00	0.0000E+00	1.9637E+00
3.7400E+02	0.0000E+00	0.0000E+00	1.9707E+00
3.7500E+02	0.0000E+00	0.0000E+00	1.9707E+00
3.7600E+02	0.0000E+00	0.0000E+00	1.9637E+00
3.7700E+02	0.0000E+00	0.0000E+00	1.9597E+00
3.7800E+02	0.0000E+00	0.0000E+00	1.9647E+00
3.7900E+02	0.0000E+00	0.0000E+00	1.9747E+00
3.8000E+02	0.0000E+00	0.0000E+00	1.9647E+00
3.8100E+02	0.0000E+00	0.0000E+00	1.9637E+00
3.8200E+02	0.0000E+00	0.0000E+00	1.9597E+00
3.8300E+02	0.0000E+00	0.0000E+00	1.9587E+00
3.8400E+02	0.0000E+00	0.0000E+00	1.9537E+00
3.8500E+02	0.0000E+00	0.0000E+00	1.9517E+00
3.8600E+02	0.0000E+00	0.0000E+00	1.9487E+00
3.8700E+02	0.0000E+00	0.0000E+00	1.9447E+00
3.8800E+02	0.0000E+00	0.0000E+00	1.9317E+00
3.8900E+02	0.0000E+00	0.0000E+00	1.9217E+00
3.9000E+02	0.0000E+00	0.0000E+00	1.9367E+00
3.9100E+02	0.0000E+00	0.0000E+00	1.9427E+00
3.9200E+02	0.0000E+00	0.0000E+00	1.9647E+00
3.9300E+02	0.0000E+00	0.0000E+00	2.0337E+00
3.9400E+02	0.0000E+00	0.0000E+00	2.0817E+00
3.9500E+02	0.0000E+00	0.0000E+00	2.0467E+00
3.9600E+02	0.0000E+00	0.0000E+00	1.9517E+00
3.9700E+02	0.0000E+00	0.0000E+00	1.9077E+00
3.9800E+02	0.0000E+00	0.0000E+00	1.9287E+00
3.9900E+02	0.0000E+00	0.0000E+00	1.9627E+00
4.0000E+02	0.0000E+00	0.0000E+00	1.9787E+00
4.0100E+02	0.0000E+00	0.0000E+00	1.9777E+00
4.0200E+02	0.0000E+00	0.0000E+00	1.9747E+00
4.0300E+02	0.0000E+00	0.0000E+00	2.0087E+00
4.0400E+02	0.0000E+00	0.0000E+00	2.0127E+00
4.0500E+02	0.0000E+00	0.0000E+00	2.0107E+00
4.0600E+02	0.0000E+00	0.0000E+00	2.0037E+00
4.0700E+02	0.0000E+00	0.0000E+00	1.9977E+00
4.0800E+02	0.0000E+00	0.0000E+00	1.9897E+00
4.0900E+02	0.0000E+00	0.0000E+00	1.9827E+00
4.1000E+02	0.0000E+00	0.0000E+00	1.9767E+00
4.1100E+02	0.0000E+00	0.0000E+00	1.9757E+00
4.1200E+02	0.0000E+00	0.0000E+00	1.9717E+00
4.1300E+02	0.0000E+00	0.0000E+00	1.9717E+00
4.1400E+02	0.0000E+00	0.0000E+00	1.9677E+00
4.1500E+02	0.0000E+00	0.0000E+00	1.9647E+00
4.1600E+02	0.0000E+00	0.0000E+00	1.9557E+00
4.1700E+02	0.0000E+00	0.0000E+00	1.9417E+00
4.1800E+02	0.0000E+00	0.0000E+00	1.9407E+00
4.1900E+02	0.0000E+00	0.0000E+00	1.9417E+00
4.2000E+02	0.0000E+00	0.0000E+00	1.9377E+00
4.2100E+02	0.0000E+00	0.0000E+00	1.9417E+00
4.2200E+02	0.0000E+00	0.0000E+00	1.9557E+00
4.2300E+02	0.0000E+00	0.0000E+00	1.9787E+00
4.2400E+02	0.0000E+00	0.0000E+00	1.9777E+00
4.2500E+02	0.0000E+00	0.0000E+00	1.9707E+00
4.2600E+02	0.0000E+00	0.0000E+00	1.9857E+00
4.2700E+02	0.0000E+00	0.0000E+00	2.0097E+00
4.2800E+02	0.0000E+00	0.0000E+00	2.0017E+00
4.2900E+02	0.0000E+00	0.0000E+00	1.9957E+00
4.3000E+02	0.0000E+00	0.0000E+00	1.9947E+00
4.3100E+02	0.0000E+00	0.0000E+00	1.9907E+00
4.3200E+02	0.0000E+00	0.0000E+00	1.9887E+00
4.3300E+02	0.0000E+00	0.0000E+00	1.9897E+00
4.3400E+02	0.0000E+00	0.0000E+00	1.9887E+00
4.3500E+02	0.0000E+00	0.0000E+00	1.9877E+00
4.3600E+02	0.0000E+00	0.0000E+00	1.9877E+00
4.3700E+02	0.0000E+00	0.0000E+00	1.9867E+00
4.3800E+02	0.0000E+00	0.0000E+00	1.9847E+00
4.3900E+02	0.0000E+00	0.0000E+00	1.9867E+00
4.4000E+02	0.0000E+00	0.0000E+00	1.9807E+00
4.4100E+02	0.0000E+00	0.0000E+00	1.9817E+00
4.4200E+02	0.0000E+00	0.0000E+00	1.9817E+00
4.4300E+02	0.0000E+00	0.0000E+00	1.9777E+00
4.4400E+02	0.0000E+00	0.0000E+00	1.9787E+00
4.4500E+02	0.0000E+00	0.0000E+00	1.9747E+00
4.4600E+02	0.0000E+00	0.0000E+00	1.9717E+00
4.4700E+02	0.0000E+00	0.0000E+00	1.9727E+00
4.4800E+02	0.0000E+00	0.0000E+00	1.9807E+00
4.4900E+02	0.0000E+00	0.0000E+00	1.9827E+00
4.5000E+02	0.0000E+00	0.0000E+00	1.9857E+00
4.5100E+02	0.0000E+00	0.0000E+00	1.9927E+00
4.5200E+02	0.0000E+00	0.0000E+00	1.9917E+00
4.5300E+02	0.0000E+00	0.0000E+00	1.9907E+00
4.5400E+02	0.0000E+00	0.0000E+00	1.9867E+00
4.5500E+02	0.0000E+00	0.0000E+00	1.9837E+00
4.5600E+02	0.0000E+00	0.0000E+00	1.9797E+00
4.5700E+02	0.0000E+00	0.0000E+00	1.9787E+00
4.5800E+02	0.0000E+00	0.0000E+00	1.9777E+00
4.5900E+02	0.0000E+00	0.0000E+00	1.9737E+00
4.6000E+02	0.0000E+00	0.0000E+00	1.9737E+00
4.6100E+02	0.0000E+00	0.0000E+00	1.9717E+00
4.6200E+02	0.0000E+00	0.0000E+00	1.9687E+00
4.6300E+02	0.0000E+00	0.0000E+00	1.9657E+00
4.6400E+02	0.0000E+00	0.0000E+00	1.9607E+00
4.6500E+02	0.0000E+00	0.0000E+00	1.9567E+00
4.6600E+02	0.0000E+00	0.0000E+00	1.9547E+00
4.6700E+02	0.0000E+00	0.0000E+00	1.9557E+00
4.6800E+02	0.0000E+00	0.0000E+00	1.9567E+00
4.6900E+02	0.0000E+00	0.0000E+00	1.9597E+00
4.7000E+02	0.0000E+00	0.0000E+00	1.9597E+00
4.7100E+02	0.0000E+00	0.0000E+00	1.9607E+00
4.7200E+02	0.0000E+00	0.0000E+00	1.9627E+00
4.7300E+02	0.0000E+00	0.0000E+00	1.9627E+00
4.7400E+02	0.0000E+00	0.0000E+00	1.9647E+00
4.7500E+02	0.0000E+00	0.0000E+00	1.9737E+00
4.7600E+02	0.0000E+00	0.0000E+00	1.9717E+00
4.7700E+02	0.0000E+00	0.0000E+00	1.9787E+00
4.7800E+02	0.0000E+00	0.0000E+00	1.9807E+00
4.7900E+02	0.0000E+00	0.0000E+00	1.9777E+00
4.8000E+02	0.0000E+00	0.0000E+00	1.9767E+00
4.8100E+02	0.0000E+00	0.0000E+00	1.9767E+00
4.8200E+02	0.0000E+00	0.0000E+00	1.9717E+00
4.8300E+02	0.0000E+00	0.0000E+00	1.9707E+00
4.8400E+02	0.0000E+00	0.0000E+00	1.9657E+00
4.8500E+02	0.0000E+00	0.0000E+00	1.9657E+00
4.8600E+02	0.0000E+00	0.0000E+00	1.9637E+00
4.8700E+02	0.0000E+00	0.0000E+00	1.9597E+00
4.8800E+02	0.0000E+00	0.0000E+00	1.9567E+00
4.8900E+02	0.0000E+00	0.0000E+00	1.9557E+00
4.9000E+02	0.0000E+00	0.0000E+00	1.9517E+00
4.9100E+02	0.0000E+00	0.0000E+00	1.9497E+00
4.9200E+02	0.0000E+00	0.0000E+00	1.9497E+00
4.9300E+02	0.0000E+00	0.0000E+00	1.9507E+00
4.9400E+02	0.0000E+00	0.0000E+00	1.9567E+00
4.9500E+02	0.0000E+00	0.0000E+00	1.9597E+00
4.9600E+02	0.0000E+00	0.0000E+00	1.9597E+00
4.9700E+02	0.0000E+00	0.0000E+00	1.9587E+00
4.9800E+02	0.0000E+00	0.0000E+00	1.9646E+00
4.9900E+02	0.0000E+00	0.0000E+00	1.9927E+00
5.0000E+02	0.0000E+00	0.0000E+00	1.9896E+00
5.0100E+02	0.0000E+00	0.0000E+00	1.9906E+00
5.0200E+02	0.0000E+00	0.0000E+00	1.9947E+00
5.0300E+02	0.0000E+00	0.0000E+00	1.9996E+00
5.0400E+02	0.0000E+00	0.0000E+00	2.0036E+00
5.0500E+02	0.0000E+00	0.0000E+00	2.0096E+00
5.0600E+02	0.0000E+00	0.0000E+00	2.0146E+00
5.0700E+02	0.0000E+00	0.0000E+00	2.0196E+00
5.0800E+02	0.0000E+00	0.0000E+00	2.0156E+00
5.0900E+02	0.0000E+00	0.0000E+00	2.0146E+00
5.1000E+02	0.0000E+00	0.0000E+00	2.0116E+00
5.1100E+02	0.0000E+00	0.0000E+00	2.0086E+00
5.1200E+02	0.0000E+00	0.0000E+00	2.0076E+00
5.1300E+02	0.0000E+00	0.0000E+00	2.0036E+00
5.1400E+02	0.0000E+00	0.0000E+00	2.0006E+00
5.1500E+02	0.0000E+00	0.0000E+00	2.0016E+00
5.1600E+02	0.0000E+00	0.0000E+00	1.9996E+00
5.1700E+02	0.0000E+00	0.0000E+00	1.9996E+00
5.1800E+02	0.0000E+00	0.0000E+00	1.9996E+00
5.1900E+02	0.0000E+00	0.0000E+00	1.9966E+00
5.2000E+02	0.0000E+00	0.0000E+00	1.9956E+00
5.2100E+02	0.0000E+00	0.0000E+00	2.0036E+00
5.2200E+02	0.0000E+00	0.0000E+00	2.0056E+00
5.2300E+02	0.0000E+00	0.0000E+00	2.0056E+00
5.2400E+02	0.0000E+00	0.0000E+00	2.0156E+00
5.2500E+02	0.0000E+00	0.0000E+00	2.0216E+00
5.2600E+02	0.0000E+00	0.0000E+00	2.0286E+00
5.2700E+02	0.0000E+00	0.0000E+00	2.0356E+00
5.2800E+02	0.0000E+00	0.0000E+00	2.0466E+00
5.2900E+02	0.0000E+00	0.0000E+00	2.0536E+00
5.3000E+02	0.0000E+00	0.0000E+00	2.0546E+00
5.3100E+02	0.0000E+00	0.0000E+00	2.0546E+00
5.3200E+02	0.0000E+00	0.0000E+00	2.0515E+00
5.3300E+02	0.0000E+00	0.0000E+00	2.0485E+00
5.3400E+02	0.0000E+00	0.0000E+00	2.0476E+00
5.3500E+02	0.0000E+00	0.0000E+00	2.0416E+00
5.3600E+02	0.0000E+00	0.0000E+00	2.0435E+00
5.3700E+02	0.0000E+00	0.0000E+00	2.0396E+00
5.3800E+02	0.0000E+00	0.0000E+00	2.0385E+00
5.3900E+02	0.0000E+00	0.0000E+00	2.0375E+00
5.4000E+02	0.0000E+00	0.0000E+00	2.0355E+00
5.4100E+02	0.0000E+00	0.0000E+00	2.0345E+00
5.4200E+02	0.0000E+00	0.0000E+00	2.0325E+00
5.4300E+02	0.0000E+00	0.0000E+00	2.0315E+00
5.4400E+02	0.0000E+00	0.0000E+00	2.0315E+00
5.4500E+02	0.0000E+00	0.0000E+00	2.0335E+00
5.4600E+02	0.0000E+00	0.0000E+00	2.0315E+00
5.4700E+02	0.0000E+00	0.0000E+00	2.0345E+00
5.4800E+02	0.0000E+00	0.0000E+00	2.0445E+00
5.4900E+02	0.0000E+00	0.0000E+00	2.0485E+00
5.5000E+02	0.0000E+00	0.0000E+00	2.0515E+00
5.5100E+02	0.0000E+00	0.0000E+00	2.0565E+00
5.5200E+02	0.0000E+00	0.0000E+00	2.0565E+00
5.5300E+02	0.0000E+00	0.0000E+00	2.0555E+00
5.5400E+02	0.0000E+00	0.0000E+00	2.0485E+00
5.5500E+02	0.0000E+00	0.0000E+00	2.0475E+00
5.5600E+02	0.0000E+00	0.0000E+00	2.0425E+00
5.5700E+02	0.0000E+00	0.0000E+00	2.0385E+00
5.5800E+02	0.0000E+00	0.0000E+00	2.0355E+00
5.5900E+02	0.0000E+00	0.0000E+00	2.0305E+00
5.6000E+02	0.0000E+00	0.0000E+00	2.0235E+00
5.6100E+02	0.0000E+00	0.0000E+00	2.0025E+00
5.6200E+02	0.0000E+00	0.0000E+00	2.0025E+00
5.6300E+02	0.0000E+00	0.0000E+00	2.0035E+00
5.6400E+02	0.0000E+00	0.0000E+00	2.0075E+00
5.6500E+02	0.0000E+00	0.0000E+00	2.0145E+00
5.6600E+02	0.0000E+00	0.0000E+00	2.0304E+00
5.6700E+02	0.0000E+00	0.0000E+00	2.0355E+00
5.6800E+02	0.0000E+00	0.0000E+00	2.0215E+00
5.6900E+02	0.0000E+00	0.0000E+00	2.0375E+00
5.7000E+02	0.0000E+00	0.0000E+00	2.0574E+00
5.7100E+02	0.0000E+00	0.0000E+00	2.0424E+00
5.7200E+02	0.0000E+00	0.0000E+00	2.0374E+00
5.7300E+02	0.0000E+00	0.0000E+00	2.0454E+00
5.7400E+02	0.0000E+00	0.0000E+00	2.0524E+00
5.7500E+02	0.0000E+00	0.0000E+00	2.0564E+00
5.7600E+02	0.0000E+00	0.0000E+00	2.0654E+00
5.7700E+02	0.0000E+00	0.0000E+00	2.0724E+00
5.7800E+02	0.0000E+00	0.0000E+00	2.0724E+00
5.7900E+02	0.0000E+00	0.0000E+00	2.0724E+00
5.8000E+02	0.0000E+00	0.0000E+00	2.0714E+00
5.8100E+02	0.0000E+00	0.0000E+00	2.0644E+00
5.8200E+02	0.0000E+00	0.0000E+00	2.0624E+00
5.8300E+02	0.0000E+00	0.0000E+00	2.0584E+00
5.8400E+02	0.0000E+00	0.0000E+00	2.0564E+00
5.8500E+02	0.0000E+00	0.0000E+00	2.0514E+00
5.8600E+02	0.0000E+00	0.0000E+00	2.0404E+00
5.8700E+02	0.0000E+00	0.0000E+00	2.0424E+00
5.8800E+02	0.0000E+00	0.0000E+00	2.0434E+00
5.8900E+02	0.0000E+00	0.0000E+00	2.0504E+00
5.9000E+02	0.0000E+00	0.0000E+00	2.0614E+00
5.9100E+02	0.0000E+00	0.0000E+00	2.0514E+00
5.9200E+02	0.0000E+00	0.0000E+00	2.0504E+00
5.9300E+02	0.0000E+00	0.0000E+00	2.0644E+00
5.9400E+02	0.0000E+00	0.0000E+00	2.0524E+00
5.9500E+02	0.0000E+00	0.0000E+00	2.0494E+00
5.9600E+02	0.0000E+00	0.0000E+00	2.0564E+00
5.9700E+02	0.0000E+00	0.0000E+00	2.0663E+00
5.9800E+02	0.0000E+00	0.0000E+00	2.0714E+00
5.9900E+02	0.0000E+00	0.0000E+00	2.0864E+00
6.0000E+02	0.0000E+00	0.0000E+00	2.1003E+00
6.0100E+02	0.0000E+00	0.0000E+00	2.1053E+00
6.0200E+02	0.0000E+00	0.0000E+00	2.1053E+00
6.0300E+02	0.0000E+00	0.0000E+00	2.1054E+00
6.0400E+02	0.0000E+00	0.0000E+00	2.1043E+00
6.0500E+02	0.0000E+00	0.0000E+00	2.1044E+00
6.0600E+02	0.0000E+00	0.0000E+00	2.0973E+00
6.0700E+02	0.0000E+00	0.0000E+00	2.0933E+00
6.0800E+02	0.0000E+00	0.0000E+00	2.0913E+00
6.0900E+02	0.0000E+00	0.0000E+00	2.0843E+00
6.1000E+02	0.0000E+00	0.0000E+00	2.0703E+00
6.1100E+02	0.0000E+00	0.0000E+00	2.0723E+00
6.1200E+02	0.0000E+00	0.0000E+00	2.0733E+00
6.1300E+02	0.0000E+00	0.0000E+00	2.0843E+00
6.1400E+02	0.0000E+00	0.0000E+00	2.0833E+00
6.1500E+02	0.0000E+00	0.0000E+00	2.0763E+00
6.1600E+02	0.0000E+00	0.0000E+00	2.0823E+00
6.1700E+02	0.0000E+00	0.0000E+00	2.0933E+00
6.1800E+02	0.0000E+00	0.0000E+00	2.0753E+00
6.1900E+02	0.0000E+00	0.0000E+00	2.0803E+00
6.2000E+02	0.0000E+00	0.0000E+00	2.0903E+00
6.2100E+02	0.0000E+00	0.0000E+00	2.1033E+00
6.2200E+02	0.0000E+00	0.0000E+00	2.1203E+00
6.2300E+02	0.0000E+00	0.0000E+00	2.1413E+00
6.2400E+02	0.0000E+00	0.0000E+00	2.1573E+00
6.2500E+02	0.0000E+00	0.0000E+00	2.1643E+00
6.2600E+02	0.0000E+00	0.0000E+00	2.1653E+00
6.2700E+02	0.0000E+00	0.0000E+00	2.1633E+00
6.2800E+02	0.0000E+00	0.0000E+00	2.1623E+00
6.2900E+02	0.0000E+00	0.0000E+00	2.1583E+00
6.3000E+02	0.0000E+00	0.0000E+00	2.1483E+00
6.3100E+02	0.0000E+00	0.0000E+00	2.1423E+00
6.3200E+02	0.0000E+00	0.0000E+00	2.1393E+00
6.3300E+02	0.0000E+00	0.0000E+00	2.1312E+00
6.3400E+02	0.0000E+00	0.0000E+00	2.1312E+00
6.3500E+02	0.0000E+00	0.0000E+00	2.1262E+00
6.3600E+02	0.0000E+00	0.0000E+00	2.1282E+00
6.3700E+02	0.0000E+00	0.0000E+00	2.1253E+00
6.3800E+02	0.0000E+00	0.0000E+00	2.1222E+00
6.3900E+02	0.0000E+00	0.0000E+00	2.1252E+00
6.4000E+02	0.0000E+00	0.0000E+00	2.1242E+00
6.4100E+02	0.0000E+00	0.0000E+00	2.1232E+00
6.4200E+02	0.0000E+00	0.0000E+00	2.1242E+00
6.4300E+02	0.0000E+00	0.0000E+00	2.1272E+00
6.4400E+02	0.0000E+00	0.0000E+00	2.1362E+00
6.4500E+02	0.0000E+00	0.0000E+00	2.1502E+00
6.4600E+02	0.0000E+00	0.0000E+00	2.1602E+00
6.4700E+02	0.0000E+00	0.0000E+00	2.1722E+00
6.4800E+02	0.0000E+00	0.0000E+00	2.1872E+00
6.4900E+02	0.0000E+00	0.0000E+00	2.1962E+00
6.5000E+02	0.0000E+00	0.0000E+00	2.1912E+00
6.5100E+02	0.0000E+00	0.0000E+00	2.1922E+00
6.5200E+02	0.0000E+00	0.0000E+00	2.1922E+00
6.5300E+02	0.0000E+00	0.0000E+00	2.1952E+00
6.5400E+02	0.0000E+00	0.0000E+00	2.1892E+00
6.5500E+02	0.0000E+00	0.0000E+00	2.1852E+00
6.5600E+02	0.0000E+00	0.0000E+00	2.1832E+00
6.5700E+02	0.0000E+00	0.0000E+00	2.1712E+00
6.5800E+02	0.0000E+00	0.0000E+00	2.1712E+00
6.5900E+02	0.0000E+00	0.0000E+00	2.1652E+00
6.6000E+02	0.0000E+00	0.0000E+00	2.1642E+00
6.6100E+02	0.0000E+00	0.0000E+00	2.1592E+00
6.6200E+02	0.0000E+00	0.0000E+00	2.1582E+00
6.6300E+02	0.0000E+00	0.0000E+00	2.1562E+00
6.6400E+02	0.0000E+00	0.0000E+00	2.1532E+00
6.6500E+02	0.0000E+00	0.0000E+00	2.1542E+00
6.6600E+02	0.0000E+00	0.0000E+00	2.1582E+00
6.6700E+02	0.0000E+00	0.0000E+00	2.1661E+00
6.6800E+02	0.0000E+00	0.0000E+00	2.1741E+00
6.6900E+02	0.0000E+00	0.0000E+00	2.1851E+00
6.7000E+02	0.0000E+00	0.0000E+00	2.1942E+00
6.7100E+02	0.0000E+00	0.0000E+00	2.1991E+00
6.7200E+02	0.0000E+00	0.0000E+00	2.2041E+00
6.7300E+02	0.0000E+00	0.0000E+00	2.2051E+00
6.7400E+02	0.0000E+00	0.0000E+00	2.2021E+00
6.7500E+02	0.0000E+00	0.0000E+00	2.1981E+00
6.7600E+02	0.0000E+00	0.0000E+00	2.1951E+00
6.7700E+02	0.0000E+00	0.0000E+00	2.1911E+00
6.7800E+02	0.0000E+00	0.0000E+00	2.1831E+00
6.7900E+02	0.0000E+00	0.0000E+00	2.1821E+00
6.8000E+02	0.0000E+00	0.0000E+00	2.1771E+00
6.8100E+02	0.0000E+00	0.0000E+00	2.1761E+00
6.8200E+02	0.0000E+00	0.0000E+00	2.1711E+00
6.8300E+02	0.0000E+00	0.0000E+00	2.1691E+00
6.8400E+02	0.0000E+00	0.0000E+00	2.1671E+00
6.8500E+02	0.0000E+00	0.0000E+00	2.1621E+00
6.8600E+02	0.0000E+00	0.0000E+00	2.1601E+00
6.8700E+02	0.0000E+00	0.0000E+00	2.1361E+00
6.8800E+02	0.0000E+00	0.0000E+00	2.1301E+00
6.8900E+02	0.0000E+00	0.0000E+00	2.1321E+00
6.9000E+02	0.0000E+00	0.0000E+00	2.1331E+00
6.9100E+02	0.0000E+00	0.0000E+00	2.1421E+00
6.9200E+02	0.0000E+00	0.0000E+00	2.1521E+00
6.9300E+02	0.0000E+00	0.0000E+00	2.1581E+00
6.9400E+02	0.0000E+00	0.0000E+00	2.1731E+00
6.9500E+02	0.0000E+00	0.0000E+00	2.1811E+00
6.9600E+02	0.0000E+00	0.0000E+00	2.1841E+00
6.9700E+02	0.0000E+00	0.0000E+00	2.1851E+00
6.9800E+02	0.0000E+00	0.0000E+00	2.1810E+00
6.9900E+02	0.0000E+00	0.0000E+00	2.1750E+00
7.0000E+02	0.0000E+00	0.0000E+00	2.1691E+00
7.0100E+02	0.0000E+00	0.0000E+00	2.1651E+00
7.0200E+02	0.0000E+00	0.0000E+00	2.1640E+00
7.0300E+02	0.0000E+00	0.0000E+00	2.1570E+00
7.0400E+02	0.0000E+00	0.0000E+00	2.1500E+00
7.0500E+02	0.0000E+00	0.0000E+00	2.1490E+00
7.0600E+02	0.0000E+00	0.0000E+00	2.1440E+00
7.0700E+02	0.0000E+00	0.0000E+00	2.1390E+00
7.0800E+02	0.0000E+00	0.0000E+00	2.1440E+00
7.0900E+02	0.0000E+00	0.0000E+00	2.1390E+00
7.1000E+02	0.0000E+00	0.0000E+00	2.1380E+00
7.1100E+02	0.0000E+00	0.0000E+00	2.1310E+00
7.1200E+02	0.0000E+00	0.0000E+00	2.1320E+00
7.1300E+02	0.0000E+00	0.0000E+00	2.1290E+00
7.1400E+02	0.0000E+00	0.0000E+00	2.1270E+00
7.1500E+02	0.0000E+00	0.0000E+00	2.1240E+00
7.1600E+02	0.0000E+00	0.0000E+00	2.1280E+00
7.1700E+02	0.0000E+00	0.0000E+00	2.1320E+00
7.1800E+02	0.0000E+00	0.0000E+00	2.1330E+00
7.1900E+02	0.0000E+00	0.0000E+00	2.1310E+00
7.2000E+02	0.0000E+00	0.0000E+00	2.1310E+00
7.2100E+02	0.0000E+00	0.0000E+00	2.1300E+00
7.2200E+02	0.0000E+00	0.0000E+00	2.1280E+00
7.2300E+02	0.0000E+00	0.0000E+00	2.1220E+00
7.2400E+02	0.0000E+00	0.0000E+00	2.1200E+00
7.2500E+02	0.0000E+00	0.0000E+00	2.1150E+00
7.2600E+02	0.0000E+00	0.0000E+00	2.1170E+00
7.2700E+02	0.0000E+00	0.0000E+00	2.1110E+00
7.2800E+02	0.0000E+00	0.0000E+00	2.1100E+00
7.2900E+02	0.0000E+00	0.0000E+00	2.1080E+00
7.3000E+02	0.0000E+00	0.0000E+00	2.1080E+00
7.3100E+02	0.0000E+00	0.0000E+00	2.1060E+00
7.3200E+02	0.0000E+00	0.0000E+00	2.1070E+00
7.3300E+02	0.0000E+00	0.0000E+00	2.1069E+00
7.3400E+02	0.0000E+00	0.0000E+00	2.1050E+00
7.3500E+02	0.0000E+00	0.0000E+00	2.0810E+00
7.3600E+02	0.0000E+00	0.0000E+00	2.0800E+00
7.3700E+02	0.0000E+00	0.0000E+00	2.0790E+00
7.3800E+02	0.0000E+00	0.0000E+00	2.0790E+00
7.3900E+02	0.0000E+00	0.0000E+00	2.0789E+00
7.4000E+02	0.0000E+00	0.0000E+00	2.0799E+00
7.4100E+02	0.0000E+00	0.0000E+00	2.0799E+00
7.4200E+02	0.0000E+00	0.0000E+00	2.0829E+00
7.4300E+02	0.0000E+00	0.0000E+00	2.0839E+00
7.4400E+02	0.0000E+00	0.0000E+00	2.0809E+00
7.4500E+02	0.0000E+00	0.0000E+00	2.0789E+00
7.4600E+02	0.0000E+00	0.0000E+00	2.0759E+00
7.4700E+02	0.0000E+00	0.0000E+00	2.0749E+00
7.4800E+02	0.0000E+00	0.0000E+00	2.0769E+00
7.4900E+02	0.0000E+00	0.0000E+00	2.0769E+00
7.5000E+02	0.0000E+00	0.0000E+00	2.0729E+00
7.5100E+02	0.0000E+00	0.0000E+00	2.0719E+00
7.5200E+02	0.0000E+00	0.0000E+00	2.0699E+00
7.5300E+02	0.0000E+00	0.0000E+00	2.0699E+00
7.5400E+02	0.0000E+00	0.0000E+00	2.0659E+00
7.5500E+02	0.0000E+00	0.0000E+00	2.0649E+00
7.5600E+02	0.0000E+00	0.0000E+00	2.0589E+00
7.5700E+02	0.0000E+00	0.0000E+00	2.0609E+00
7.5800E+02	0.0000E+00	0.0000E+00	2.0469E+00
7.5900E+02	0.0000E+00	0.0000E+00	2.0469E+00
7.6000E+02	0.0000E+00	0.0000E+00	2.0499E+00
7.6100E+02	0.0000E+00	0.0000E+00	2.0479E+00
7.6200E+02	0.0000E+00	0.0000E+00	2.0469E+00
7.6300E+02	0.0000E+00	0.0000E+00	2.0489E+00
7.6400E+02	0.0000E+00	0.0000E+00	2.0459E+00
7.6500E+02	0.0000E+00	0.0000E+00	2.0489E+00
7.6600E+02	0.0000E+00	0.0000E+00	2.0449E+00
7.6700E+02	0.0000E+00	0.0000E+00	2.0458E+00
7.6800E+02	0.0000E+00	0.0000E+00	2.0458E+00
7.6900E+02	0.0000E+00	0.0000E+00	2.0439E+00
7.7000E+02	0.0000E+00	0.0000E+00	2.0448E+00
7.7100E+02	0.0000E+00	0.0000E+00	2.0439E+00
7.7200E+02	0.0000E+00	0.0000E+00	2.0439E+00
7.7300E+02	0.0000E+00	0.0000E+00	2.0399E+00
7.7400E+02	0.0000E+00	0.0000E+00	2.0368E+00
7.7500E+02	0.0000E+00	0.0000E+00	2.0328E+00
7.7600E+02	0.0000E+00	0.0000E+00	2.0288E+00
7.7700E+02	0.0000E+00	0.0000E+00	2.0288E+00
7.7800E+02	0.0000E+00	0.0000E+00	2.0278E+00
7.7900E+02	0.0000E+00	0.0000E+00	2.0248E+00
7.8000E+02	0.0000E+00	0.0000E+00	2.0248E+00
7.8100E+02	0.0000E+00	0.0000E+00	2.0268E+00
7.8200E+02	0.0000E+00	0.0000E+00	2.0188E+00
7.8300E+02	0.0000E+00	0.0000E+00	2.0188E+00
7.8400E+02	0.0000E+00	0.0000E+00	2.0188E+00
7.8500E+02	0.0000E+00	0.0000E+00	2.0158E+00
7.8600E+02	0.0000E+00	0.0000E+00	2.0188E+00
7.8700E+02	0.0000E+00	0.0000E+00	2.0188E+00
7.8800E+02	0.0000E+00	0.0000E+00	2.0228E+00
7.8900E+02	0.0000E+00	0.0000E+00	2.0358E+00
7.9000E+02	0.0000E+00	0.0000E+00	2.0428E+00
7.9100E+02	0.0000E+00	0.0000E+00	2.0548E+00
7.9200E+02	0.0000E+00	0.0000E+00	2.0658E+00
7.9300E+02	0.0000E+00	0.0000E+00	2.0718E+00
7.9400E+02	0.0000E+00	0.0000E+00	2.0748E+00
7.9500E+02	0.0000E+00	0.0000E+00	2.0728E+00
7.9600E+02	0.0000E+00	0.0000E+00	2.0708E+00
7.9700E+02	0.0000E+00	0.0000E+00	2.0668E+00
7.9800E+02	0.0000E+00	0.0000E+00	2.0618E+00
7.9900E+02	0.0000E+00	0.0000E+00	2.0558E+00
8.0000E+02	0.0000E+00	0.0000E+00	2.0518E+00
8.0100E+02	0.0000E+00	0.0000E+00	2.0508E+00
8.0200E+02	0.0000E+00	0.0000E+00	2.0488E+00
8.0300E+02	0.0000E+00	0.0000E+00	2.0458E+00
8.0400E+02	0.0000E+00	0.0000E+00	2.0468E+00
8.0500E+02	0.0000E+00	0.0000E+00	2.0457E+00
8.0600E+02	0.0000E+00	0.0000E+00	2.0427E+00
8.0700E+02	0.0000E+00	0.0000E+00	2.0447E+00
8.0800E+02	0.0000E+00	0.0000E+00	2.0427E+00
8.0900E+02	0.0000E+00	0.0000E+00	2.0447E+00
8.1000E+02	0.0000E+00	0.0000E+00	2.0427E+00
8.1100E+02	0.0000E+00	0.0000E+00	2.0487E+00
8.1200E+02	0.0000E+00	0.0000E+00	2.0567E+00
8.1300E+02	0.0000E+00	0.0000E+00	2.0677E+00
8.1400E+02	0.0000E+00	0.0000E+00	2.0917E+00
8.1500E+02	0.0000E+00	0.0000E+00	2.1087E+00
8.1600E+02	0.0000E+00	0.0000E+00	2.1257E+00
8.1700E+02	0.0000E+00	0.0000E+00	2.1377E+00
8.1800E+02	0.0000E+00	0.0000E+00	2.1457E+00
8.1900E+02	0.0000E+00	0.0000E+00	2.1447E+00
8.2000E+02	0.0000E+00	0.0000E+00	2.1417E+00
8.2100E+02	0.0000E+00	0.0000E+00	2.1377E+00
8.2200E+02	0.0000E+00	0.0000E+00	2.1297E+00
8.2300E+02	0.0000E+00	0.0000E+00	2.1257E+00
8.2400E+02	0.0000E+00	0.0000E+00	2.1207E+00
8.2500E+02	0.0000E+00	0.0000E+00	2.1167E+00
8.2600E+02	0.0000E+00	0.0000E+00	2.1137E+00
8.2700E+02	0.0000E+00	0.0000E+00	2.1127E+00
8.2800E+02	0.0000E+00	0.0000E+00	2.1087E+00
8.2900E+02	0.0000E+00	0.0000E+00	2.1037E+00
8.3000E+02	0.0000E+00	0.0000E+00	2.1037E+00
8.3100E+02	0.0000E+00	0.0000E+00	2.1017E+00
8.3200E+02	0.0000E+00	0.0000E+00	2.0987E+00
8.3300E+02	0.0000E+00	0.0000E+00	2.0967E+00
8.3400E+02	0.0000E+00	0.0000E+00	2.1026E+00
8.3500E+02	0.0000E+00	0.0000E+00	2.0996E+00
8.3600E+02	0.0000E+00	0.0000E+00	2.1077E+00
8.3700E+02	0.0000E+00	0.0000E+00	2.1227E+00
8.3800E+02	0.0000E+00	0.0000E+00	2.1406E+00
8.3900E+02	0.0000E+00	0.0000E+00	2.1596E+00
8.4000E+02	0.0000E+00	0.0000E+00	2.1766E+00
8.4100E+02	0.0000E+00	0.0000E+00	2.1856E+00
8.4200E+02	0.0000E+00	0.0000E+00	2.1906E+00
8.4300E+02	0.0000E+00	0.0000E+00	2.1906E+00
8.4400E+02	0.0000E+00	0.0000E+00	2.1886E+00
8.4500E+02	0.0000E+00	0.0000E+00	2.1826E+00
8.4600E+02	0.0000E+00	0.0000E+00	2.1806E+00
8.4700E+02	0.0000E+00	0.0000E+00	2.1696E+00
8.4800E+02	0.0000E+00	0.0000E+00	2.1706E+00
8.4900E+02	0.0000E+00	0.0000E+00	2.1676E+00
8.5000E+02	0.0000E+00	0.0000E+00	2.1606E+00
8.5100E+02	0.0000E+00	0.0000E+00	2.1596E+00
8.5200E+02	0.0000E+00	0.0000E+00	2.1546E+00
8.5300E+02	0.0000E+00	0.0000E+00	2.1536E+00
8.5400E+02	0.0000E+00	0.0000E+00	2.1486E+00
8.5500E+02	0.0000E+00	0.0000E+00	2.1496E+00
8.5600E+02	0.0000E+00	0.0000E+00	2.1456E+00
8.5700E+02	0.0000E+00	0.0000E+00	2.1436E+00
8.5800E+02	0.0000E+00	0.0000E+00	2.1416E+00
8.5900E+02	0.0000E+00	0.0000E+00	2.1446E+00
8.6000E+02	0.0000E+00	0.0000E+00	2.1536E+00
8.6100E+02	0.0000E+00	0.0000E+00	2.1666E+00
8.6200E+02	0.0000E+00	0.0000E+00	2.1826E+00
8.6300E+02	0.0000E+00	0.0000E+00	2.1886E+00
8.6400E+02	0.0000E+00	0.0000E+00	2.2006E+00
8.6500E+02	0.0000E+00	0.0000E+00	2.2046E+00
8.6600E+02	0.0000E+00	0.0000E+00	2.2055E+00
8.6700E+02	0.0000E+00	0.0000E+00	2.2026E+00
8.6800E+02	0.0000E+00	0.0000E+00	2.2035E+00
8.6900E+02	0.0000E+00	0.0000E+00	2.1996E+00
8.7000E+02	0.0000E+00	0.0000E+00	2.1975E+00
8.7100E+02	0.0000E+00	0.0000E+00	2.1956E+00
8.7200E+02	0.0000E+00	0.0000E+00	2.1905E+00
8.7300E+02	0.0000E+00	0.0000E+00	2.1865E+00
8.7400E+02	0.0000E+00	0.0000E+00	2.1845E+00
8.7500E+02	0.0000E+00	0.0000E+00	2.1815E+00
8.7600E+02	0.0000E+00	0.0000E+00	2.1805E+00
8.7700E+02	0.0000E+00	0.0000E+00	2.1795E+00
8.7800E+02	0.0000E+00	0.0000E+00	2.1745E+00
8.7900E+02	0.0000E+00	0.0000E+00	2.1675E+00
8.8000E+02	0.0000E+00	0.0000E+00	2.1675E+00
8.8100E+02	0.0000E+00	0.0000E+00	2.1655E+00
8.8200E+02	0.0000E+00	0.0000E+00	2.1645E+00
8.8300E+02	0.0000E+00	0.0000E+00	2.1715E+00
8.8400E+02	0.0000E+00	0.0000E+00	2.1855E+00
8.8500E+02	0.0000E+00	0.0000E+00	2.2115E+00
8.8600E+02	0.0000E+00	0.0000E+00	2.2475E+00
8.8700E+02	0.0000E+00	0.0000E+00	2.2675E+00
8.8800E+02	0.0000E+00	0.0000E+00	2.2905E+00
8.8900E+02	0.0000E+00	0.0000E+00	2.2955E+00
8.9000E+02	0.0000E+00	0.0000E+00	2.3055E+00
8.9100E+02	0.0000E+00	0.0000E+00	2.3005E+00
8.9200E+02	0.0000E+00	0.0000E+00	2.2985E+00
8.9300E+02	0.0000E+00	0.0000E+00	2.2925E+00
8.9400E+02	0.0000E+00	0.0000E+00	2.2865E+00
8.9500E+02	0.0000E+00	0.0000E+00	2.2835E+00
8.9600E+02	0.0000E+00	0.0000E+00	2.2765E+00
8.9700E+02	0.0000E+00	0.0000E+00	2.2665E+00
8.9800E+02	0.0000E+00	0.0000E+00	2.2595E+00
8.9900E+02	0.0000E+00	0.0000E+00	2.2505E+00
9.0000E+02	0.0000E+00	0.0000E+00	2.2464E+00
9.0100E+02	0.0000E+00	0.0000E+00	2.2454E+00
9.0200E+02	0.0000E+00	0.0000E+00	2.2374E+00
9.0300E+02	0.0000E+00	0.0000E+00	2.2374E+00
9.0400E+02	0.0000E+00	0.0000E+00	2.2295E+00
9.0500E+02	0.0000E+00	0.0000E+00	2.2264E+00
9.0600E+02	0.0000E+00	0.0000E+00	2.2224E+00
9.0700E+02	0.0000E+00	0.0000E+00	2.2244E+00
9.0800E+02	0.0000E+00	0.0000E+00	2.2284E+00
9.0900E+02	0.0000E+00	0.0000E+00	2.2394E+00
9.1000E+02	0.0000E+00	0.0000E+00	2.2504E+00
9.1100E+02	0.0000E+00	0.0000E+00	2.2614E+00
9.1200E+02	0.0000E+00	0.0000E+00	2.2704E+00
9.1300E+02	0.0000E+00	0.0000E+00	2.2754E+00
9.1400E+02	0.0000E+00	0.0000E+00	2.2824E+00
9.1500E+02	0.0000E+00	0.0000E+00	2.2864E+00
9.1600E+02	0.0000E+00	0.0000E+00	2.2814E+00
9.1700E+02	0.0000E+00	0.0000E+00	2.2764E+00
9.1800E+02	0.0000E+00	0.0000E+00	2.2714E+00
9.1900E+02	0.0000E+00	0.0000E+00	2.2694E+00
9.2000E+02	0.0000E+00	0.0000E+00	2.2634E+00
9.2100E+02	0.0000E+00	0.0000E+00	2.2604E+00
9.2200E+02	0.0000E+00	0.0000E+00	2.2504E+00
9.2300E+02	0.0000E+00	0.0000E+00	2.2494E+00
9.2400E+02	0.0000E+00	0.0000E+00	2.2454E+00
9.2500E+02	0.0000E+00	0.0000E+00	2.2444E+00
9.2600E+02	0.0000E+00	0.0000E+00	2.2394E+00
9.2700E+02	0.0000E+00	0.0000E+00	2.2314E+00
9.2800E+02	0.0000E+00	0.0000E+00	2.2304E+00
9.2900E+02	0.0000E+00	0.0000E+00	2.2304E+00
9.3000E+02	0.0000E+00	0.0000E+00	2.2163E+00
9.3100E+02	0.0000E+00	0.0000E+00	2.2224E+00
9.3200E+02	0.0000E+00	0.0000E+00	2.2333E+00
9.3300E+02	0.0000E+00	0.0000E+00	2.2504E+00
9.3400E+02	0.0000E+00	0.0000E+00	2.2793E+00
9.3500E+02	0.0000E+00	0.0000E+00	2.2984E+00
9.3600E+02	0.0000E+00	0.0000E+00	2.3193E+00
9.3700E+02	0.0000E+00	0.0000E+00	2.3293E+00
9.3800E+02	0.0000E+00	0.0000E+00	2.3323E+00
9.3900E+02	0.0000E+00	0.0000E+00	2.3263E+00
9.4000E+02	0.0000E+00	0.0000E+00	2.3283E+00
9.4100E+02	0.0000E+00	0.0000E+00	2.3293E+00
9.4200E+02	0.0000E+00	0.0000E+00	2.3203E+00
9.4300E+02	0.0000E+00	0.0000E+00	2.3113E+00
9.4400E+02	0.0000E+00	0.0000E+00	2.3083E+00
9.4500E+02	0.0000E+00	0.0000E+00	2.3033E+00
9.4600E+02	0.0000E+00	0.0000E+00	2.2953E+00
9.4700E+02	0.0000E+00	0.0000E+00	2.2953E+00
9.4800E+02	0.0000E+00	0.0000E+00	2.2933E+00
9.4900E+02	0.0000E+00	0.0000E+00	2.2833E+00
9.5000E+02	0.0000E+00	0.0000E+00	2.2793E+00
9.5100E+02	0.0000E+00	0.0000E+00	2.2743E+00
9.5200E+02	0.0000E+00	0.0000E+00	2.2643E+00
9.5300E+02	0.0000E+00	0.0000E+00	2.2623E+00
9.5400E+02	0.0000E+00	0.0000E+00	2.2603E+00
9.5500E+02	0.0000E+00	0.0000E+00	2.2593E+00
9.5600E+02	0.0000E+00	0.0000E+00	2.2593E+00
9.5700E+02	0.0000E+00	0.0000E+00	2.2703E+00
9.5800E+02	0.0000E+00	0.0000E+00	2.2803E+00
9.5900E+02	0.0000E+00	0.0000E+00	2.2903E+00
9.6000E+02	0.0000E+00	0.0000E+00	2.2983E+00
9.6100E+02	0.0000E+00	0.0000E+00	2.2963E+00
9.6200E+02	0.0000E+00	0.0000E+00	2.3023E+00
9.6300E+02	0.0000E+00	0.0000E+00	2.3003E+00
9.6400E+02	0.0000E+00	0.0000E+00	2.2983E+00
9.6500E+02	0.0000E+00	0.0000E+00	2.2943E+00
9.6600E+02	0.0000E+00	0.0000E+00	2.2913E+00
9.6700E+02	0.0000E+00	0.0000E+00	2.2843E+00
9.6800E+02	0.0000E+00	0.0000E+00	2.2803E+00
9.6900E+02	0.0000E+00	0.0000E+00	2.2712E+00
9.7000E+02	0.0000E+00	0.0000E+00	2.2712E+00
9.7100E+02	0.0000E+00	0.0000E+00	2.2642E+00
9.7200E+02	0.0000E+00	0.0000E+00	2.2622E+00
9.7300E+02	0.0000E+00	0.0000E+00	2.2592E+00
9.7400E+02	0.0000E+00	0.0000E+00	2.2572E+00
9.7500E+02	0.0000E+00	0.0000E+00	2.2492E+00
9.7600E+02	0.0000E+00	0.0000E+00	2.2522E+00
9.7700E+02	0.0000E+00	0.0000E+00	2.2422E+00
9.7800E+02	0.0000E+00	0.0000E+00	2.2412E+00
9.7900E+02	0.0000E+00	0.0000E+00	2.2352E+00
9.8000E+02	0.0000E+00	0.0000E+00	2.2342E+00
9.8100E+02	0.0000E+00	0.0000E+00	2.2362E+00
9.8200E+02	0.0000E+00	0.0000E+00	2.2442E+00
9.8300E+02	0.0000E+00	0.0000E+00	2.2542E+00
9.8400E+02	0.0000E+00	0.0000E+00	2.2592E+00
9.8500E+02	0.0000E+00	0.0000E+00	2.2612E+00
9.8600E+02	0.0000E+00	0.0000E+00	2.2652E+00
9.8700E+02	0.0000E+00	0.0000E+00	2.2642E+00
9.8800E+02	0.0000E+00	0.0000E+00	2.2602E+00
9.8900E+02	0.0000E+00	0.0000E+00	2.2532E+00
9.9000E+02	0.0000E+00	0.0000E+00	2.2502E+00
9.9100E+02	0.0000E+00	0.0000E+00	2.2482E+00
9.9200E+02	0.0000E+00	0.0000E+00	2.2452E+00
9.9300E+02	0.0000E+00	0.0000E+00	2.2392E+00
9.9400E+02	0.0000E+00	0.0000E+00	2.2352E+00
9.9500E+02	0.0000E+00	0.0000E+00	2.2322E+00
9.9600E+02	0.0000E+00	0.0000E+00	2.2272E+00
9.9700E+02	0.0000E+00	0.0000E+00	2.2272E+00
9.9800E+02	0.0000E+00	0.0000E+00	2.2262E+00
9.9900E+02	0.0000E+00	0.0000E+00	2.2201E+00
1.0000E+03	0.0000E+00	0.0000E+00	2.2201E+00
1.0010E+03	0.0000E+00	0.0000E+00	2.2121E+00
1.0020E+03	0.0000E+00	0.0000E+00	2.2131E+00
1.0030E+03	0.0000E+00	0.0000E+00	2.2091E+00
1.0040E+03	0.0000E+00	0.0000E+00	2.2141E+00
1.0050E+03	0.0000E+00	0.0000E+00	2.2141E+00
1.0060E+03	0.0000E+00	0.0000E+00	2.2271E+00
1.0070E+03	0.0000E+00	0.0000E+00	2.2381E+00
1.0080E+03	0.0000E+00	0.0000E+00	2.2471E+00
1.0090E+03	0.0000E+00	0.0000E+00	2.2681E+00
1.0100E+03	0.0000E+00	0.0000E+00	2.2661E+00
1.0110E+03	0.0000E+00	0.0000E+00	2.2661E+00
1.0120E+03	0.0000E+00	0.0000E+00	2.2661E+00
1.0130E+03	0.0000E+00	0.0000E+00	2.2671E+00
1.0140E+03	0.0000E+00	0.0000E+00	2.2581E+00
1.0150E+03	0.0000E+00	0.0000E+00	2.2521E+00
1.0160E+03	0.0000E+00	0.0000E+00	2.2501E+00
1.0170E+03	0.0000E+00	0.0000E+00	2.2371E+00
1.0180E+03	0.0000E+00	0.0000E+00	2.2391E+00
1.0190E+03	0.0000E+00	0.0000E+00	2.2371E+00
1.0200E+03	0.0000E+00	0.0000E+00	2.2341E+00
1.0210E+03	0.0000E+00	0.0000E+00	2.2291E+00
1.0220E+03	0.0000E+00	0.0000E+00	2.2261E+00
1.0230E+03	0.0000E+00	0.0000E+00	2.2261E+00
1.0240E+03	0.0000E+00	0.0000E+00	2.2231E+00
1.0250E+03	0.0000E+00	0.0000E+00	2.2161E+00
1.0260E+03	0.0000E+00	0.0000E+00	2.2111E+00
1.0270E+03	0.0000E+00	0.0000E+00	2.2121E+00
1.0280E+03	0.0000E+00	0.0000E+00	2.2120E+00
1.0290E+03	0.0000E+00	0.0000E+00	2.2231E+00
1.0300E+03	0.0000E+00	0.0000E+00	2.2351E+00
1.0310E+03	0.0000E+00	0.0000E+00	2.2530E+00
1.0320E+03	0.0000E+00	0.0000E+00	2.2630E+00
1.0330E+03	0.0000E+00	0.0000E+00	2.2771E+00
1.0340E+03	0.0000E+00	0.0000E+00	2.2820E+00
1.0350E+03	0.0000E+00	0.0000E+00	2.2830E+00
1.0360E+03	0.0000E+00	0.0000E+00	2.2810E+00
1.0370E+03	0.0000E+00	0.0000E+00	2.2710E+00
1.0380E+03	0.0000E+00	0.0000E+00	2.2700E+00
1.0390E+03	0.0000E+00	0.0000E+00	2.2680E+00
1.0400E+03	0.0000E+00	0.0000E+00	2.2620E+00
1.0410E+03	0.0000E+00	0.0000E+00	2.2530E+00
1.0420E+03	0.0000E+00	0.0000E+00	2.2520E+00
1.0430E+03	0.0000E+00	0.0000E+00	2.2490E+00
1.0440E+03	0.0000E+00	0.0000E+00	2.2490E+00
1.0450E+03	0.0000E+00	0.0000E+00	2.2430E+00
1.0460E+03	0.0000E+00	0.0000E+00	2.2420E+00
1.0470E+03	0.0000E+00	0.0000E+00	2.2380E+00
1.0480E+03	0.0000E+00	0.0000E+00	2.2370E+00
1.0490E+03	0.0000E+00	0.0000E+00	2.2290E+00
1.0500E+03	0.0000E+00	0.0000E+00	2.2250E+00
1.0510E+03	0.0000E+00	0.0000E+00	2.2210E+00
1.0520E+03	0.0000E+00	0.0000E+00	2.2260E+00
1.0530E+03	0.0000E+00	0.0000E+00	2.2310E+00
1.0540E+03	0.0000E+00	0.0000E+00	2.2450E+00
1.0550E+03	0.0000E+00	0.0000E+00	2.2640E+00
1.0560E+03	0.0000E+00	0.0000E+00	2.2790E+00
1.0570E+03	0.0000E+00	0.0000E+00	2.2940E+00
1.0580E+03	0.0000E+00	0.0000E+00	2.3000E+00
1.0590E+03	0.0000E+00	0.0000E+00	2.3080E+00
1.0600E+03	0.0000E+00	0.0000E+00	2.3020E+00
1.0610E+03	0.0000E+00	0.0000E+00	2.2990E+00
1.0620E+03	0.0000E+00	0.0000E+00	2.2910E+00
1.0630E+03	0.0000E+00	0.0000E+00	2.2880E+00
1.0640E+03	0.0000E+00	0.0000E+00	2.2810E+00
1.0650E+03	0.0000E+00	0.0000E+00	2.2730E+00
1.0660E+03	0.0000E+00	0.0000E+00	2.2710E+00
1.0670E+03	0.0000E+00	0.0000E+00	2.2700E+00
1.0680E+03	0.0000E+00	0.0000E+00	2.2610E+00
1.0690E+03	0.0000E+00	0.0000E+00	2.2570E+00
1.0700E+03	0.0000E+00	0.0000E+00	2.2550E+00
1.0710E+03	0.0000E+00	0.0000E+00	2.2510E+00
1.0720E+03	0.0000E+00	0.0000E+00	2.2489E+00
1.0730E+03	0.0000E+00	0.0000E+00	2.2440E+00
1.0740E+03	0.0000E+00	0.0000E+00	2.2389E+00
1.0750E+03	0.0000E+00	0.0000E+00	2.2379E+00
1.0760E+03	0.0000E+00	0.0000E+00	2.2390E+00
1.0770E+03	0.0000E+00	0.0000E+00	2.2529E+00
1.0780E+03	0.0000E+00	0.0000E+00	2.2710E+00
1.0790E+03	0.0000E+00	0.0000E+00	2.2909E+00
1.0800E+03	0.0000E+00	0.0000E+00	2.3089E+00
1.0810E+03	0.0000E+00	0.0000E+00	2.3249E+00
1.0820E+03	0.0000E+00	0.0000E+00	2.3319E+00
1.0830E+03	0.0000E+00	0.0000E+00	2.3379E+00
1.0840E+03	0.0000E+00	0.0000E+00	2.3319E+00
1.0850E+03	0.0000E+00	0.0000E+00	2.3319E+00
1.0860E+03	0.0000E+00	0.0000E+00	2.3249E+00
1.0870E+03	0.0000E+00	0.0000E+00	2.3179E+00
1.0880E+03	0.0000E+00	0.0000E+00	2.3169E+00
1.0890E+03	0.0000E+00	0.0000E+00	2.3039E+00
1.0900E+03	0.0000E+00	0.0000E+00	2.3029E+00
1.0910E+03	0.0000E+00	0.0000E+00	2.3009E+00
1.0920E+03	0.0000E+00	0.0000E+00	2.2929E+00
1.0930E+03	0.0000E+00	0.0000E+00	2.2909E+00
1.0940E+03	0.0000E+00	0.0000E+00	2.2859E+00
1.0950E+03	0.0000E+00	0.0000E+00	2.2789E+00
1.0960E+03	0.0000E+00	0.0000E+00	2.2769E+00
1.0970E+03	0.0000E+00	0.0000E+00	2.2699E+00
1.0980E+03	0.0000E+00	0.0000E+00	2.2629E+00
1.0990E+03	0.0000E+00	0.0000E+00	2.2639E+00
1.1000E+03	0.0000E+00	0.0000E+00	2.2629E+00
1.1010E+03	0.0000E+00	0.0000E+00	2.2799E+00
1.1020E+03	0.0000E+00	0.0000E+00	2.2949E+00
1.1030E+03	0.0000E+00	0.0000E+00	2.3109E+00
1.1040E+03	0.0000E+00	0.0000E+00	2.3299E+00
1.1050E+03	0.0000E+00	0.0000E+00	2.3418E+00
1.1060E+03	0.0000E+00	0.0000E+00	2.3478E+00
1.1070E+03	0.0000E+00	0.0000E+00	2.3528E+00
1.1080E+03	0.0000E+00	0.0000E+00	2.3449E+00
1.1090E+03	0.0000E+00	0.0000E+00	2.3458E+00
1.1100E+03	0.0000E+00	0.0000E+00	2.3399E+00
1.1110E+03	0.0000E+00	0.0000E+00	2.3318E+00
1.1120E+03	0.0000E+00	0.0000E+00	2.3268E+00
1.1130E+03	0.0000E+00	0.0000E+00	2.3189E+00
1.1140E+03	0.0000E+00	0.0000E+00	2.3148E+00
1.1150E+03	0.0000E+00	0.0000E+00	2.3128E+00
1.1160E+03	0.0000E+00	0.0000E+00	2.3108E+00
1.1170E+03	0.0000E+00	0.0000E+00	2.3008E+00
1.1180E+03	0.0000E+00	0.0000E+00	2.2948E+00
1.1190E+03	0.0000E+00	0.0000E+00	2.2938E+00
1.1200E+03	0.0000E+00	0.0000E+00	2.2838E+00
1.1210E+03	0.0000E+00	0.0000E+00	2.2818E+00
1.1220E+03	0.0000E+00	0.0000E+00	2.2748E+00
1.1230E+03	0.0000E+00	0.0000E+00	2.2728E+00
1.1240E+03	0.0000E+00	0.0000E+00	2.2748E+00
1.1250E+03	0.0000E+00	0.0000E+00	2.2828E+00
1.1260E+03	0.0000E+00	0.0000E+00	2.2878E+00
1.1270E+03	0.0000E+00	0.0000E+00	2.2968E+00
1.1280E+03	0.0000E+00	0.0000E+00	2.3068E+00
1.1290E+03	0.0000E+00	0.0000E+00	2.3148E+00
1.1300E+03	0.0000E+00	0.0000E+00	2.3208E+00
1.1310E+03	0.0000E+00	0.0000E+00	2.3218E+00
1.1320E+03	0.0000E+00	0.0000E+00	2.3188E+00
1.1330E+03	0.0000E+00	0.0000E+00	2.3148E+00
1.1340E+03	0.0000E+00	0.0000E+00	2.3128E+00
1.1350E+03	0.0000E+00	0.0000E+00	2.3058E+00
1.1360E+03	0.0000E+00	0.0000E+00	2.3028E+00
1.1370E+03	0.0000E+00	0.0000E+00	2.2938E+00
1.1380E+03	0.0000E+00	0.0000E+00	2.2888E+00
1.1390E+03	0.0000E+00	0.0000E+00	2.2877E+00
1.1400E+03	0.0000E+00	0.0000E+00	2.2798E+00
1.1410E+03	0.0000E+00	0.0000E+00	2.2808E+00
1.1420E+03	0.0000E+00	0.0000E+00	2.2778E+00
1.1430E+03	0.0000E+00	0.0000E+00	2.2738E+00
1.1440E+03	0.0000E+00	0.0000E+00	2.2627E+00
1.1450E+03	0.0000E+00	0.0000E+00	2.2617E+00
1.1460E+03	0.0000E+00	0.0000E+00	2.2577E+00
1.1470E+03	0.0000E+00	0.0000E+00	2.2557E+00
1.1480E+03	0.0000E+00	0.0000E+00	2.2517E+00
1.1490E+03	0.0000E+00	0.0000E+00	2.2537E+00
1.1500E+03	0.0000E+00	0.0000E+00	2.2617E+00
1.1510E+03	0.0000E+00	0.0000E+00	2.2657E+00
1.1520E+03	0.0000E+00	0.0000E+00	2.2807E+00
1.1530E+03	0.0000E+00	0.0000E+00	2.2857E+00
1.1540E+03	0.0000E+00	0.0000E+00	2.2927E+00
1.1550E+03	0.0000E+00	0.0000E+00	2.2977E+00
1.1560E+03	0.0000E+00	0.0000E+00	2.2957E+00
1.1570E+03	0.0000E+00	0.0000E+00	2.2907E+00
1.1580E+03	0.0000E+00	0.0000E+00	2.2857E+00
1.1590E+03	0.0000E+00	0.0000E+00	2.2847E+00
1.1600E+03	0.0000E+00	0.0000E+00	2.2787E+00
1.1610E+03	0.0000E+00	0.0000E+00	2.2727E+00
1.1620E+03	0.0000E+00	0.0000E+00	2.2647E+00
1.1630E+03	0.0000E+00	0.0000E+00	2.2607E+00
1.1640E+03	0.0000E+00	0.0000E+00	2.2627E+00
1.1650E+03	0.0000E+00	0.0000E+00	2.2587E+00
1.1660E+03	0.0000E+00	0.0000E+00	2.2557E+00
1.1670E+03	0.0000E+00	0.0000E+00	2.2527E+00
1.1680E+03	0.0000E+00	0.0000E+00	2.2536E+00
1.1690E+03	0.0000E+00	0.0000E+00	2.2507E+00
1.1700E+03	0.0000E+00	0.0000E+00	2.2487E+00
1.1710E+03	0.0000E+00	0.0000E+00	2.2417E+00
1.1720E+03	0.0000E+00	0.0000E+00	2.2417E+00
1.1730E+03	0.0000E+00	0.0000E+00	2.2457E+00
1.1740E+03	0.0000E+00	0.0000E+00	2.2527E+00
1.1750E+03	0.0000E+00	0.0000E+00	2.2556E+00
1.1760E+03	0.0000E+00	0.0000E+00	2.2536E+00
1.1770E+03	0.0000E+00	0.0000E+00	2.2507E+00
1.1780E+03	0.0000E+00	0.0000E+00	2.2466E+00
1.1790E+03	0.0000E+00	0.0000E+00	2.2476E+00
1.1800E+03	0.0000E+00	0.0000E+00	2.2446E+00
1.1810E+03	0.0000E+00	0.0000E+00	2.2386E+00
1.1820E+03	0.0000E+00	0.0000E+00	2.2386E+00
1.1830E+03	0.0000E+00	0.0000E+00	2.2366E+00
1.1840E+03	0.0000E+00	0.0000E+00	2.2326E+00
1.1850E+03	0.0000E+00	0.0000E+00	2.2266E+00
1.1860E+03	0.0000E+00	0.0000E+00	2.2276E+00
1.1870E+03	0.0000E+00	0.0000E+00	2.2266E+00
1.1880E+03	0.0000E+00	0.0000E+00	2.2276E+00
1.1890E+03	0.0000E+00	0.0000E+00	2.2226E+00
1.1900E+03	0.0000E+00	0.0000E+00	2.2246E+00
1.1910E+03	0.0000E+00	0.0000E+00	2.2186E+00
1.1920E+03	0.0000E+00	0.0000E+00	2.2176E+00
1.1930E+03	0.0000E+00	0.0000E+00	2.2106E+00
1.1940E+03	0.0000E+00	0.0000E+00	2.2116E+00
1.1950E+03	0.0000E+00	0.0000E+00	2.2126E+00
1.1960E+03	0.0000E+00	0.0000E+00	2.2146E+00
1.1970E+03	0.0000E+00	0.0000E+00	2.2186E+00
1.1980E+03	0.0000E+00	0.0000E+00	2.2266E+00
1.1990E+03	0.0000E+00	0.0000E+00	2.2396E+00
1.2000E+03	0.0000E+00	0.0000E+00	2.2456E+00
1.2010E+03	0.0000E+00	0.0000E+00	2.2536E+00
1.2020E+03	0.0000E+00	0.0000E+00	2.2606E+00
1.2030E+03	0.0000E+00	0.0000E+00	2.2566E+00
1.2040E+03	0.0000E+00	0.0000E+00	2.2586E+00
1.2050E+03	0.0000E+00	0.0000E+00	2.2596E+00
1.2060E+03	0.0000E+00	0.0000E+00	2.2566E+00
1.2070E+03	0.0000E+00	0.0000E+00	2.2506E+00
1.2080E+03	0.0000E+00	0.0000E+00	2.2476E+00
1.2090E+03	0.0000E+00	0.0000E+00	2.2406E+00
1.2100E+03	0.0000E+00	0.0000E+00	2.2376E+00
1.2110E+03	0.0000E+00	0.0000E+00	2.2356E+00
1.2120E+03	0.0000E+00	0.0000E+00	2.2337E+00
1.2130E+03	0.0000E+00	0.0000E+00	2.2327E+00
1.2140E+03	0.0000E+00	0.0000E+00	2.2287E+00
1.2150E+03	0.0000E+00	0.0000E+00	2.2227E+00
1.2160E+03	0.0000E+00	0.0000E+00	2.2227E+00
1.2170E+03	0.0000E+00	0.0000E+00	2.2187E+00
1.2180E+03	0.0000E+00	0.0000E+00	2.2127E+00
1.2190E+03	0.0000E+00	0.0000E+00	2.2107E+00
1.2200E+03	0.0000E+00	0.0000E+00	2.2157E+00
1.2210E+03	0.0000E+00	0.0000E+00	2.2267E+00
1.2220E+03	0.0000E+00	0.0000E+00	2.2347E+00
1.2230E+03	0.0000E+00	0.0000E+00	2.2387E+00
1.2240E+03	0.0000E+00	0.0000E+00	2.2477E+00
1.2250E+03	0.0000E+00	0.0000E+00	2.2488E+00
1.2260E+03	0.0000E+00	0.0000E+00	2.2528E+00
1.2270E+03	0.0000E+00	0.0000E+00	2.2538E+00
1.2280E+03	0.0000E+00	0.0000E+00	2.2518E+00
1.2290E+03	0.0000E+00	0.0000E+00	2.2578E+00
1.2300E+03	0.0000E+00	0.0000E+00	2.2488E+00
1.2310E+03	0.0000E+00	0.0000E+00	2.2488E+00
1.2320E+03	0.0000E+00	0.0000E+00	2.2428E+00
1.2330E+03	0.0000E+00	0.0000E+00	2.2368E+00
1.2340E+03	0.0000E+00	0.0000E+00	2.2348E+00
1.2350E+03	0.0000E+00	0.0000E+00	2.2318E+00
1.2360E+03	0.0000E+00	0.0000E+00	2.2288E+00
1.2370E+03	0.0000E+00	0.0000E+00	2.2288E+00
1.2380E+03	0.0000E+00	0.0000E+00	2.2228E+00
1.2390E+03	0.0000E+00	0.0000E+00	2.2218E+00
1.2400E+03	0.0000E+00	0.0000E+00	2.2179E+00
1.2410E+03	0.0000E+00	0.0000E+00	2.2108E+00
1.2420E+03	0.0000E+00	0.0000E+00	2.2118E+00
1.2430E+03	0.0000E+00	0.0000E+00	2.2039E+00
1.2440E+03	0.0000E+00	0.0000E+00	2.2079E+00
1.2450E+03	0.0000E+00	0.0000E+00	2.2069E+00
1.2460E+03	0.0000E+00	0.0000E+00	2.2159E+00
1.2470E+03	0.0000E+00	0.0000E+00	2.2279E+00
1.2480E+03	0.0000E+00	0.0000E+00	2.2469E+00
1.2490E+03	0.0000E+00	0.0000E+00	2.2599E+00
1.2500E+03	0.0000E+00	0.0000E+00	2.2689E+00
1.2510E+03	0.0000E+00	0.0000E+00	2.2729E+00
1.2520E+03	0.0000E+00	0.0000E+00	2.2729E+00
1.2530E+03	0.0000E+00	0.0000E+00	2.2719E+00
1.2540E+03	0.0000E+00	0.0000E+00	2.2659E+00
1.2550E+03	0.0000E+00	0.0000E+00	2.2610E+00
1.2560E+03	0.0000E+00	0.0000E+00	2.2520E+00
1.2570E+03	0.0000E+00	0.0000E+00	2.2480E+00
1.2580E+03	0.0000E+00	0.0000E+00	2.2420E+00
1.2590E+03	0.0000E+00	0.0000E+00	2.2390E+00
1.2600E+03	0.0000E+00	0.0000E+00	2.2380E+00
1.2610E+03	0.0000E+00	0.0000E+00	2.2340E+00
1.2620E+03	0.0000E+00	0.0000E+00	2.2240E+00
1.2630E+03	0.0000E+00	0.0000E+00	2.2250E+00
1.2640E+03	0.0000E+00	0.0000E+00	2.2190E+00
1.2650E+03	0.0000E+00	0.0000E+00	2.2160E+00
1.2660E+03	0.0000E+00	0.0000E+00	2.2060E+00
1.2670E+03	0.0000E+00	0.0000E+00	2.2050E+00
1.2680E+03	0.0000E+00	0.0000E+00	2.2080E+00
1.2690E+03	0.0000E+00	0.0000E+00	2.2200E+00
1.2700E+03	0.0000E+00	0.0000E+00	2.2370E+00
1.2710E+03	0.0000E+00	0.0000E+00	2.2590E+00
1.2720E+03	0.0000E+00	0.0000E+00	2.2840E+00
1.2730E+03	0.0000E+00	0.0000E+00	2.2980E+00
1.2740E+03	0.0000E+00	0.0000E+00	2.3070E+00
1.2750E+03	0.0000E+00	0.0000E+00	2.3130E+00
1.2760E+03	0.0000E+00	0.0000E+00	2.3090E+00
1.2770E+03	0.0000E+00	0.0000E+00	2.3011E+00
1.2780E+03	0.0000E+00	0.0000E+00	2.2961E+00
1.2790E+03	0.0000E+00	0.0000E+00	2.2931E+00
1.2800E+03	0.0000E+00	0.0000E+00	2.2841E+00
1.2810E+03	0.0000E+00	0.0000E+00	2.2791E+00
1.2820E+03	0.0000E+00	0.0000E+00	2.2721E+00
1.2830E+03	0.0000E+00	0.0000E+00	2.2661E+00
1.2840E+03	0.0000E+00	0.0000E+00	2.2641E+00
1.2850E+03	0.0000E+00	0.0000E+00	2.2581E+00
1.2860E+03	0.0000E+00	0.0000E+00	2.2541E+00
1.2870E+03	0.0000E+00	0.0000E+00	2.2461E+00
1.2880E+03	0.0000E+00	0.0000E+00	2.2411E+00
1.2890E+03	0.0000E+00	0.0000E+00	2.2381E+00
1.2900E+03	0.0000E+00	0.0000E+00	2.2272E+00
1.2910E+03	0.0000E+00	0.0000E+00	2.2242E+00
1.2920E+03	0.0000E+00	0.0000E+00	2.2312E+00
1.2930E+03	0.0000E+00	0.0000E+00	2.2482E+00
1.2940E+03	0.0000E+00	0.0000E+00	2.2722E+00
1.2950E+03	0.0000E+00	0.0000E+00	2.2952E+00
1.2960E+03	0.0000E+00	0.0000E+00	2.3142E+00
1.2970E+03	0.0000E+00	0.0000E+00	2.3292E+00
1.2980E+03	0.0000E+00	0.0000E+00	2.3382E+00
1.2990E+03	0.0000E+00	0.0000E+00	2.3492E+00
1.3000E+03	0.0000E+00	0.0000E+00	2.3432E+00
1.3010E+03	0.0000E+00	0.0000E+00	2.3362E+00
1.3020E+03	0.0000E+00	0.0000E+00	2.3273E+00
1.3030E+03	0.0000E+00	0.0000E+00	2.3222E+00
1.3040E+03	0.0000E+00	0.0000E+00	2.3132E+00
1.3050E+03	0.0000E+00	0.0000E+00	2.3053E+00
1.3060E+03	0.0000E+00	0.0000E+00	2.3003E+00
1.3070E+03	0.0000E+00	0.0000E+00	2.2963E+00
1.3080E+03	0.0000E+00	0.0000E+00	2.2853E+00
1.3090E+03	0.0000E+00	0.0000E+00	2.2833E+00
1.3100E+03	0.0000E+00	0.0000E+00	2.2743E+00
1.3110E+03	0.0000E+00	0.0000E+00	2.2703E+00
1.3120E+03	0.0000E+00	0.0000E+00	2.2643E+00
1.3130E+03	0.0000E+00	0.0000E+00	2.2583E+00
1.3140E+03	0.0000E+00	0.0000E+00	2.2533E+00
1.3150E+03	0.0000E+00	0.0000E+00	2.2513E+00
1.3160E+03	0.0000E+00	0.0000E+00	2.2533E+00
1.3170E+03	0.0000E+00	0.0000E+00	2.2473E+00
1.3180E+03	0.0000E+00	0.0000E+00	2.2544E+00
1.3190E+03	0.0000E+00	0.0000E+00	2.2634E+00
1.3200E+03	0.0000E+00	0.0000E+00	2.2634E+00
1.3210E+03	0.0000E+00	0.0000E+00	2.2654E+00
1.3220E+03	0.0000E+00	0.0000E+00	2.2634E+00
1.3230E+03	0.0000E+00	0.0000E+00	2.2584E+00
1.3240E+03	0.0000E+00	0.0000E+00	2.2584E+00
1.3250E+03	0.0000E+00	0.0000E+00	2.2574E+00
1.3260E+03	0.0000E+00	0.0000E+00	2.2534E+00
1.3270E+03	0.0000E+00	0.0000E+00	2.2474E+00
1.3280E+03	0.0000E+00	0.0000E+00	2.2444E+00
1.3290E+03	0.0000E+00	0.0000E+00	2.2364E+00
1.3300E+03	0.0000E+00	0.0000E+00	2.2374E+00
1.3310E+03	0.0000E+00	0.0000E+00	2.2304E+00
1.3320E+03	0.0000E+00	0.0000E+00	2.2255E+00
1.3330E+03	0.0000E+00	0.0000E+00	2.2234E+00
1.3340E+03	0.0000E+00	0.0000E+00	2.2215E+00
1.3350E+03	0.0000E+00	0.0000E+00	2.2175E+00
1.3360E+03	0.0000E+00	0.0000E+00	2.2105E+00
1.3370E+03	0.0000E+00	0.0000E+00	2.2065E+00
1.3380E+03	0.0000E+00	0.0000E+00	2.2045E+00
1.3390E+03	0.0000E+00	0.0000E+00	2.2035E+00
1.3400E+03	0.0000E+00	0.0000E+00	2.2015E+00
1.3410E+03	0.0000E+00	0.0000E+00	2.2045E+00
1.3420E+03	0.0000E+00	0.0000E+00	2.2205E+00
1.3430E+03	0.0000E+00	0.0000E+00	2.2415E+00
1.3440E+03	0.0000E+00	0.0000E+00	2.2595E+00
1.3450E+03	0.0000E+00	0.0000E+00	2.2755E+00
1.3460E+03	0.0000E+00	0.0000E+00	2.2815E+00
1.3470E+03	0.0000E+00	0.0000E+00	2.2835E+00
1.3480E+03	0.0000E+00	0.0000E+00	2.2806E+00
1.3490E+03	0.0000E+00	0.0000E+00	2.2755E+00
1.3500E+03	0.0000E+00	0.0000E+00	2.2726E+00
1.3510E+03	0.0000E+00	0.0000E+00	2.2606E+00
1.3520E+03	0.0000E+00	0.0000E+00	2.2556E+00
1.3530E+03	0.0000E+00	0.0000E+00	2.2516E+00
1.3540E+03	0.0000E+00	0.0000E+00	2.2426E+00
1.3550E+03	0.0000E+00	0.0000E+00	2.2436E+00
1.3560E+03	0.0000E+00	0.0000E+00	2.2376E+00
1.3570E+03	0.0000E+00	0.0000E+00	2.2296E+00
1.3580E+03	0.0000E+00	0.0000E+00	2.2306E+00
1.3590E+03	0.0000E+00	0.0000E+00	2.2266E+00
1.3600E+03	0.0000E+00	0.0000E+00	2.2226E+00
1.3610E+03	0.0000E+00	0.0000E+00	2.2186E+00
1.3620E+03	0.0000E+00	0.0000E+00	2.2206E+00
1.3630E+03	0.0000E+00	0.0000E+00	2.2227E+00
1.3640E+03	0.0000E+00	0.0000E+00	2.2177E+00
1.3650E+03	0.0000E+00	0.0000E+00	2.2157E+00
1.3660E+03	0.0000E+00	0.0000E+00	2.2117E+00
1.3670E+03	0.0000E+00	0.0000E+00	2.2167E+00
1.3680E+03	0.0000E+00	0.0000E+00	2.2187E+00
1.3690E+03	0.0000E+00	0.0000E+00	2.2247E+00
1.3700E+03	0.0000E+00	0.0000E+00	2.2207E+00
1.3710E+03	0.0000E+00	0.0000E+00	2.2227E+00
1.3720E+03	0.0000E+00	0.0000E+00	2.2207E+00
1.3730E+03	0.0000E+00	0.0000E+00	2.2127E+00
1.3740E+03	0.0000E+00	0.0000E+00	2.2097E+00
1.3750E+03	0.0000E+00	0.0000E+00	2.2067E+00
1.3760E+03	0.0000E+00	0.0000E+00	2.2037E+00
1.3770E+03	0.0000E+00	0.0000E+00	2.1987E+00
1.3780E+03	0.0000E+00	0.0000E+00	2.1928E+00
1.3790E+03	0.0000E+00	0.0000E+00	2.1937E+00
1.3800E+03	0.0000E+00	0.0000E+00	2.1898E+00
1.3810E+03	0.0000E+00	0.0000E+00	2.1878E+00
1.3820E+03	0.0000E+00	0.0000E+00	2.1838E+00
1.3830E+03	0.0000E+00	0.0000E+00	2.1818E+00
1.3840E+03	0.0000E+00	0.0000E+00	2.1778E+00
1.3850E+03	0.0000E+00	0.0000E+00	2.1688E+00
1.3860E+03	0.0000E+00	0.0000E+00	2.1678E+00
1.3870E+03	0.0000E+00	0.0000E+00	2.1658E+00
1.3880E+03	0.0000E+00	0.0000E+00	2.1648E+00
1.3890E+03	0.0000E+00	0.0000E+00	2.1668E+00
1.3900E+03	0.0000E+00	0.0000E+00	2.1708E+00
1.3910E+03	0.0000E+00	0.0000E+00	2.1759E+00
1.3920E+03	0.0000E+00	0.0000E+00	2.1799E+00
1.3930E+03	0.0000E+00	0.0000E+00	2.1878E+00
1.3940E+03	0.0000E+00	0.0000E+00	2.1929E+00
1.3950E+03	0.0000E+00	0.0000E+00	2.1989E+00
1.3960E+03	0.0000E+00	0.0000E+00	2.2029E+00
1.3970E+03	0.0000E+00	0.0000E+00	2.1979E+00
1.3980E+03	0.0000E+00	0.0000E+00	2.1939E+00
1.3990E+03	0.0000E+00	0.0000E+00	2.1929E+00
1.4000E+03	0.0000E+00	0.0000E+00	2.1879E+00
1.4010E+03	0.0000E+00	0.0000E+00	2.1819E+00
1.4020E+03	0.0000E+00	0.0000E+00	2.1809E+00
1.4030E+03	0.0000E+00	0.0000E+00	2.1769E+00
1.4040E+03	0.0000E+00	0.0000E+00	2.1749E+00
1.4050E+03	0.0000E+00	0.0000E+00	2.1739E+00
1.4060E+03	0.0000E+00	0.0000E+00	2.1699E+00
1.4070E+03	0.0000E+00	0.0000E+00	2.1669E+00
1.4080E+03	0.0000E+00	0.0000E+00	2.1650E+00
1.4090E+03	0.0000E+00	0.0000E+00	2.1630E+00
1.4100E+03	0.0000E+00	0.0000E+00	2.1630E+00
1.4110E+03	0.0000E+00	0.0000E+00	2.1580E+00
1.4120E+03	0.0000E+00	0.0000E+00	2.1600E+00
1.4130E+03	0.0000E+00	0.0000E+00	2.1650E+00
1.4140E+03	0.0000E+00	0.0000E+00	2.1790E+00
1.4150E+03	0.0000E+00	0.0000E+00	2.2040E+00
1.4160E+03	0.0000E+00	0.0000E+00	2.2290E+00
1.4170E+03	0.0000E+00	0.0000E+00	2.2510E+00
1.4180E+03	0.0000E+00	0.0000E+00	2.2590E+00
1.4190E+03	0.0000E+00	0.0000E+00	2.2500E+00
1.4200E+03	0.0000E+00	0.0000E+00	2.2530E+00
1.4210E+03	0.0000E+00	0.0000E+00	2.2410E+00
1.4220E+03	0.0000E+00	0.0000E+00	2.2381E+00
1.4230E+03	0.0000E+00	0.0000E+00	2.2291E+00
1.4240E+03	0.0000E+00	0.0000E+00	2.2161E+00
1.4250E+03	0.0000E+00	0.0000E+00	2.2111E+00
1.4260E+03	0.0000E+00	0.0000E+00	2.2051E+00
1.4270E+03	0.0000E+00	0.0000E+00	2.2001E+00
1.4280E+03	0.0000E+00	0.0000E+00	2.1971E+00
1.4290E+03	0.0000E+00	0.0000E+00	2.1941E+00
1.4300E+03	0.0000E+00	0.0000E+00	2.1911E+00
1.4310E+03	0.0000E+00	0.0000E+00	2.1821E+00
1.4320E+03	0.0000E+00	0.0000E+00	2.1761E+00
1.4330E+03	0.0000E+00	0.0000E+00	2.1741E+00
1.4340E+03	0.0000E+00	0.0000E+00	2.1681E+00
1.4350E+03	0.0000E+00	0.0000E+00	2.1661E+00
1.4360E+03	0.0000E+00	0.0000E+00	2.1622E+00
1.4370E+03	0.0000E+00	0.0000E+00	2.1752E+00
1.4380E+03	0.0000E+00	0.0000E+00	2.1952E+00
1.4390E+03	0.0000E+00	0.0000E+00	2.2132E+00
1.4400E+03	0.0000E+00	0.0000E+00	2.2332E+00
1.4410E+03	0.0000E+00	0.0000E+00	2.2432E+00
1.4420E+03	0.0000E+00	0.0000E+00	2.2572E+00
1.4430E+03	0.0000E+00	0.0000E+00	2.2662E+00
1.4440E+03	0.0000E+00	0.0000E+00	2.2622E+00
1.4450E+03	0.0000E+00	0.0000E+00	2.2592E+00
1.4460E+03	0.0000E+00	0.0000E+00	2.2502E+00
1.4470E+03	0.0000E+00	0.0000E+00	2.2402E+00
1.4480E+03	0.0000E+00	0.0000E+00	2.2392E+00
1.4490E+03	0.0000E+00	0.0000E+00	2.2272E+00
1.4500E+03	0.0000E+00	0.0000E+00	2.2182E+00
1.4510E+03	0.0000E+00	0.0000E+00	2.2093E+00
1.4520E+03	0.0000E+00	0.0000E+00	2.2032E+00
1.4530E+03	0.0000E+00	0.0000E+00	2.1982E+00
1.4540E+03	0.0000E+00	0.0000E+00	2.1943E+00
1.4550E+03	0.0000E+00	0.0000E+00	2.1883E+00
1.4560E+03	0.0000E+00	0.0000E+00	2.1803E+00
1.4570E+03	0.0000E+00	0.0000E+00	2.1773E+00
1.4580E+03	0.0000E+00	0.0000E+00	2.1683E+00
1.4590E+03	0.0000E+00	0.0000E+00	2.1653E+00
1.4600E+03	0.0000E+00	0.0000E+00	2.1593E+00
1.4610E+03	0.0000E+00	0.0000E+00	2.1633E+00
1.4620E+03	0.0000E+00	0.0000E+00	2.1733E+00
1.4630E+03	0.0000E+00	0.0000E+00	2.1893E+00
1.4640E+03	0.0000E+00	0.0000E+00	2.1973E+00
1.4650E+03	0.0000E+00	0.0000E+00	2.2114E+00
1.4660E+03	0.0000E+00	0.0000E+00	2.2153E+00
1.4670E+03	0.0000E+00	0.0000E+00	2.2193E+00
1.4680E+03	0.0000E+00	0.0000E+00	2.2153E+00
1.4690E+03	0.0000E+00	0.0000E+00	2.2094E+00
1.4700E+03	0.0000E+00	0.0000E+00	2.2064E+00
1.4710E+03	0.0000E+00	0.0000E+00	2.2004E+00
1.4720E+03	0.0000E+00	0.0000E+00	2.1934E+00
1.4730E+03	0.0000E+00	0.0000E+00	2.1864E+00
1.4740E+03	0.0000E+00	0.0000E+00	2.1864E+00
1.4750E+03	0.0000E+00	0.0000E+00	2.1754E+00
1.4760E+03	0.0000E+00	0.0000E+00	2.1754E+00
1.4770E+03	0.0000E+00	0.0000E+00	2.1704E+00
1.4780E+03	0.0000E+00	0.0000E+00	2.1694E+00
1.4790E+03	0.0000E+00	0.0000E+00	2.1664E+00
1.4800E+03	0.0000E+00	0.0000E+00	2.1594E+00
1.4810E+03	0.0000E+00	0.0000E+00	2.1584E+00
1.4820E+03	0.0000E+00	0.0000E+00	2.1515E+00
1.4830E+03	0.0000E+00	0.0000E+00	2.1455E+00
1.4840E+03	0.0000E+00	0.0000E+00	2.1425E+00
1.4850E+03	0.0000E+00	0.0000E+00	2.1485E+00
1.4860E+03	0.0000E+00	0.0000E+00	2.1575E+00
1.4870E+03	0.0000E+00	0.0000E+00	2.1685E+00
1.4880E+03	0.0000E+00	0.0000E+00	2.1835E+00
1.4890E+03	0.0000E+00	0.0000E+00	2.2005E+00
1.4900E+03	0.0000E+00	0.0000E+00	2.2075E+00
1.4910E+03	0.0000E+00	0.0000E+00	2.2115E+00
1.4920E+03	0.0000E+00	0.0000E+00	2.2135E+00
1.4930E+03	0.0000E+00	0.0000E+00	2.2045E+00
1.4940E+03	0.0000E+00	0.0000E+00	2.2025E+00
1.4950E+03	0.0000E+00	0.0000E+00	2.1975E+00
1.4960E+03	0.0000E+00	0.0000E+00	2.1886E+00
1.4970E+03	0.0000E+00	0.0000E+00	2.1825E+00
1.4980E+03	0.0000E+00	0.0000E+00	2.1776E+00
1.4990E+03	0.0000E+00	0.0000E+00	2.1716E+00
1.5000E+03	0.0000E+00	0.0000E+00	2.1726E+00
1.5010E+03	0.0000E+00	0.0000E+00	2.1656E+00
1.5020E+03	0.0000E+00	0.0000E+00	2.1656E+00
1.5030E+03	0.0000E+00	0.0000E+00	2.1626E+00
1.5040E+03	0.0000E+00	0.0000E+00	2.1526E+00
1.5050E+03	0.0000E+00	0.0000E+00	2.1466E+00
1.5060E+03	0.0000E+00	0.0000E+00	2.1466E+00
1.5070E+03	0.0000E+00	0.0000E+00	2.1446E+00
1.5080E+03	0.0000E+00	0.0000E+00	2.1386E+00
1.5090E+03	0.0000E+00	0.0000E+00	2.1376E+00
1.5100E+03	0.0000E+00	0.0000E+00	2.1376E+00
1.5110E+03	0.0000E+00	0.0000E+00	2.1426E+00
1.5120E+03	0.0000E+00	0.0000E+00	2.1516E+00
1.5130E+03	0.0000E+00	0.0000E+00	2.1546E+00
1.5140E+03	0.0000E+00	0.0000E+00	2.1627E+00
1.5150E+03	0.0000E+00	0.0000E+00	2.1607E+00
1.5160E+03	0.0000E+00	0.0000E+00	2.1587E+00
1.5170E+03	0.0000E+00	0.0000E+00	2.1577E+00
1.5180E+03	0.0000E+00	0.0000E+00	2.1547E+00
1.5190E+03	0.0000E+00	0.0000E+00	2.1477E+00
1.5200E+03	0.0000E+00	0.0000E+00	2.1487E+00
1.5210E+03	0.0000E+00	0.0000E+00	2.1417E+00
1.5220E+03	0.0000E+00	0.0000E+00	2.1367E+00
1.5230E+03	0.0000E+00	0.0000E+00	2.1347E+00
1.5240E+03	0.0000E+00	0.0000E+00	2.1337E+00
1.5250E+03	0.0000E+00	0.0000E+00	2.1317E+00
1.5260E+03	0.0000E+00	0.0000E+00	2.1287E+00
1.5270E+03	0.0000E+00	0.0000E+00	2.1247E+00
1.5280E+03	0.0000E+00	0.0000E+00	2.1188E+00
1.5290E+03	0.0000E+00	0.0000E+00	2.1187E+00
1.5300E+03	0.0000E+00	0.0000E+00	2.1098E+00
1.5310E+03	0.0000E+00	0.0000E+00	2.1058E+00
1.5320E+03	0.0000E+00	0.0000E+00	2.1078E+00
1.5330E+03	0.0000E+00	0.0000E+00	2.1088E+00
1.5340E+03	0.0000E+00	0.0000E+00	2.1208E+00
1.5350E+03	0.0000E+00	0.0000E+00	2.1378E+00
1.5360E+03	0.0000E+00	0.0000E+00	2.1498E+00
1.5370E+03	0.0000E+00	0.0000E+00	2.1618E+00
1.5380E+03	0.0000E+00	0.0000E+00	2.1648E+00
1.5390E+03	0.0000E+00	0.0000E+00	2.1738E+00
1.5400E+03	0.0000E+00	0.0000E+00	2.1748E+00
1.5410E+03	0.0000E+00	0.0000E+00	2.1699E+00
1.5420E+03	0.0000E+00	0.0000E+00	2.1638E+00
1.5430E+03	0.0000E+00	0.0000E+00	2.1589E+00
1.5440E+03	0.0000E+00	0.0000E+00	2.1529E+00
1.5450E+03	0.0000E+00	0.0000E+00	2.1469E+00
1.5460E+03	0.0000E+00	0.0000E+00	2.1439E+00
1.5470E+03	0.0000E+00	0.0000E+00	2.1409E+00
1.5480E+03	0.0000E+00	0.0000E+00	2.1399E+00
1.5490E+03	0.0000E+00	0.0000E+00	2.1339E+00
1.5500E+03	0.0000E+00	0.0000E+00	2.1299E+00
1.5510E+03	0.0000E+00	0.0000E+00	2.1239E+00
1.5520E+03	0.0000E+00	0.0000E+00	2.1199E+00
1.5530E+03	0.0000E+00	0.0000E+00	2.1149E+00
1.5540E+03	0.0000E+00	0.0000E+00	2.1129E+00
1.5550E+03	0.0000E+00	0.0000E+00	2.1029E+00
1.5560E+03	0.0000E+00	0.0000E+00	2.1039E+00
1.5570E+03	0.0000E+00	0.0000E+00	2.1070E+00
1.5580E+03	0.0000E+00	0.0000E+00	2.1189E+00
1.5590E+03	0.0000E+00	0.0000E+00	2.1310E+00
1.5600E+03	0.0000E+00	0.0000E+00	2.1440E+00
1.5610E+03	0.0000E+00	0.0000E+00	2.1590E+00
1.5620E+03	0.0000E+00	0.0000E+00	2.1690E+00
1.5630E+03	0.0000E+00	0.0000E+00	2.1780E+00
1.5640E+03	0.0000E+00	0.0000E+00	2.1760E+00
1.5650E+03	0.0000E+00	0.0000E+00	2.1770E+00
1.5660E+03	0.0000E+00	0.0000E+00	2.1690E+00
1.5670E+03	0.0000E+00	0.0000E+00	2.1630E+00
1.5680E+03	0.0000E+00	0.0000E+00	2.1550E+00
1.5690E+03	0.0000E+00	0.0000E+00	2.1480E+00
1.5700E+03	0.0000E+00	0.0000E+00	2.1450E+00
1.5710E+03	0.0000E+00	0.0000E+00	2.1370E+00
1.5720E+03	0.0000E+00	0.0000E+00	2.1351E+00
1.5730E+03	0.0000E+00	0.0000E+00	2.1310E+00
1.5740E+03	0.0000E+00	0.0000E+00	2.1240E+00
1.5750E+03	0.0000E+00	0.0000E+00	2.1211E+00
1.5760E+03	0.0000E+00	0.0000E+00	2.1141E+00
1.5770E+03	0.0000E+00	0.0000E+00	2.1071E+00
1.5780E+03	0.0000E+00	0.0000E+00	2.1011E+00
1.5790E+03	0.0000E+00	0.0000E+00	2.1031E+00
1.5800E+03	0.0000E+00	0.0000E+00	2.0931E+00
1.5810E+03	0.0000E+00	0.0000E+00	2.0941E+00
1.5820E+03	0.0000E+00	0.0000E+00	2.1061E+00
1.5830E+03	0.0000E+00	0.0000E+00	2.1171E+00
1.5840E+03	0.0000E+00	0.0000E+00	2.1261E+00
1.5850E+03	0.0000E+00	0.0000E+00	2.1351E+00
1.5860E+03	0.0000E+00	0.0000E+00	2.1421E+00
1.5870E+03	0.0000E+00	0.0000E+00	2.1451E+00
1.5880E+03	0.0000E+00	0.0000E+00	2.1481E+00
1.5890E+03	0.0000E+00	0.0000E+00	2.1441E+00
1.5900E+03	0.0000E+00	0.0000E+00	2.1392E+00
1.5910E+03	0.0000E+00	0.0000E+00	2.1342E+00
1.5920E+03	0.0000E+00	0.0000E+00	2.1292E+00
1.5930E+03	0.0000E+00	0.0000E+00	2.1212E+00
1.5940E+03	0.0000E+00	0.0000E+00	2.1192E+00
1.5950E+03	0.0000E+00	0.0000E+00	2.1142E+00
1.5960E+03	0.0000E+00	0.0000E+00	2.1112E+00
1.5970E+03	0.0000E+00	0.0000E+00	2.1062E+00
1.5980E+03	0.0000E+00	0.0000E+00	2.1012E+00
1.5990E+03	0.0000E+00	0.0000E+00	2.0982E+00
1.6000E+03	0.0000E+00	0.0000E+00	2.0952E+00
1.6010E+03	0.0000E+00	0.0000E+00	2.0892E+00
1.6020E+03	0.0000E+00	0.0000E+00	2.0842E+00
1.6030E+03	0.0000E+00	0.0000E+00	2.0772E+00
1.6040E+03	0.0000E+00	0.0000E+00	2.0703E+00
1.6050E+03	0.0000E+00	0.0000E+00	2.0742E+00
1.6060E+03	0.0000E+00	0.0000E+00	2.0813E+00
1.6070E+03	0.0000E+00	0.0000E+00	2.0963E+00
1.6080E+03	0.0000E+00	0.0000E+00	2.1093E+00
1.6090E+03	0.0000E+00	0.0000E+00	2.1253E+00
1.6100E+03	0.0000E+00	0.0000E+00	2.1303E+00
1.6110E+03	0.0000E+00	0.0000E+00	2.1373E+00
1.6120E+03	0.0000E+00	0.0000E+00	2.1363E+00
1.6130E+03	0.0000E+00	0.0000E+00	2.1363E+00
1.6140E+03	0.0000E+00	0.0000E+00	2.1303E+00
1.6150E+03	0.0000E+00	0.0000E+00	2.1243E+00
1.6160E+03	0.0000E+00	0.0000E+00	2.1183E+00
1.6170E+03	0.0000E+00	0.0000E+00	2.1103E+00
1.6180E+03	0.0000E+00	0.0000E+00	2.1084E+00
1.6190E+03	0.0000E+00	0.0000E+00	2.1044E+00
1.6200E+03	0.0000E+00	0.0000E+00	2.1004E+00
1.6210E+03	0.0000E+00	0.0000E+00	2.0973E+00
1.6220E+03	0.0000E+00	0.0000E+00	2.0904E+00
1.6230E+03	0.0000E+00	0.0000E+00	2.0864E+00
1.6240E+03	0.0000E+00	0.0000E+00	2.0844E+00
1.6250E+03	0.0000E+00	0.0000E+00	2.0764E+00
1.6260E+03	0.0000E+00	0.0000E+00	2.0704E+00
1.6270E+03	0.0000E+00	0.0000E+00	2.0644E+00
1.6280E+03	0.0000E+00	0.0000E+00	2.0594E+00
1.6290E+03	0.0000E+00	0.0000E+00	2.0584E+00
1.6300E+03	0.0000E+00	0.0000E+00	2.0644E+00
1.6310E+03	0.0000E+00	0.0000E+00	2.0744E+00
1.6320E+03	0.0000E+00	0.0000E+00	2.0914E+00
1.6330E+03	0.0000E+00	0.0000E+00	2.1014E+00
1.6340E+03	0.0000E+00	0.0000E+00	2.1145E+00
1.6350E+03	0.0000E+00	0.0000E+00	2.1175E+00
1.6360E+03	0.0000E+00	0.0000E+00	2.1195E+00
1.6370E+03	0.0000E+00	0.0000E+00	2.1185E+00
1.6380E+03	0.0000E+00	0.0000E+00	2.1115E+00
1.6390E+03	0.0000E+00	0.0000E+00	2.1055E+00
1.6400E+03	0.0000E+00	0.0000E+00	2.0985E+00
1.6410E+03	0.0000E+00	0.0000E+00	2.0935E+00
1.6420E+03	0.0000E+00	0.0000E+00	2.0885E+00
1.6430E+03	0.0000E+00	0.0000E+00	2.0825E+00
1.6440E+03	0.0000E+00	0.0000E+00	2.0825E+00
1.6450E+03	0.0000E+00	0.0000E+00	2.0775E+00
1.6460E+03	0.0000E+00	0.0000E+00	2.0705E+00
1.6470E+03	0.0000E+00	0.0000E+00	2.0675E+00
1.6480E+03	0.0000E+00	0.0000E+00	2.0645E+00
1.6490E+03	0.0000E+00	0.0000E+00	2.0595E+00
1.6500E+03	0.0000E+00	0.0000E+00	2.0506E+00
1.6510E+03	0.0000E+00	0.0000E+00	2.0476E+00
1.6520E+03	0.0000E+00	0.0000E+00	2.0436E+00
1.6530E+03	0.0000E+00	0.0000E+00	2.0446E+00
1.6540E+03	0.0000E+00	0.0000E+00	2.0506E+00
1.6550E+03	0.0000E+00	0.0000E+00	2.0576E+00
1.6560E+03	0.0000E+00	0.0000E+00	2.0726E+00
1.6570E+03	0.0000E+00	0.0000E+00	2.0866E+00
1.6580E+03	0.0000E+00	0.0000E+00	2.0976E+00
1.6590E+03	0.0000E+00	0.0000E+00	2.1026E+00
1.6600E+03	0.0000E+00	0.0000E+00	2.1046E+00
1.6610E+03	0.0000E+00	0.0000E+00	2.1006E+00
1.6620E+03	0.0000E+00	0.0000E+00	2.0996E+00
1.6630E+03	0.0000E+00	0.0000E+00	2.0936E+00
1.6640E+03	0.0000E+00	0.0000E+00	2.0906E+00
1.6650E+03	0.0000E+00	0.0000E+00	2.0787E+00
1.6660E+03	0.0000E+00	0.0000E+00	2.0776E+00
1.6670E+03	0.0000E+00	0.0000E+00	2.0777E+00
1.6680E+03	0.0000E+00	0.0000E+00	2.0697E+00
1.6690E+03	0.0000E+00	0.0000E+00	2.0647E+00
1.6700E+03	0.0000E+00	0.0000E+00	2.0587E+00
1.6710E+03	0.0000E+00	0.0000E+00	2.0577E+00
1.6720E+03	0.0000E+00	0.0000E+00	2.0507E+00
1.6730E+03	0.0000E+00	0.0000E+00	2.0447E+00
1.6740E+03	0.0000E+00	0.0000E+00	2.0387E+00
1.6750E+03	0.0000E+00	0.0000E+00	2.0347E+00
1.6760E+03	0.0000E+00	0.0000E+00	2.0307E+00
1.6770E+03	0.0000E+00	0.0000E+00	2.0297E+00
1.6780E+03	0.0000E+00	0.0000E+00	2.0317E+00
1.6790E+03	0.0000E+00	0.0000E+00	2.0307E+00
1.6800E+03	0.0000E+00	0.0000E+00	2.0418E+00
1.6810E+03	0.0000E+00	0.0000E+00	2.0547E+00
1.6820E+03	0.0000E+00	0.0000E+00	2.0647E+00
1.6830E+03	0.0000E+00	0.0000E+00	2.0708E+00
1.6840E+03	0.0000E+00	0.0000E+00	2.0728E+00
1.6850E+03	0.0000E+00	0.0000E+00	2.0738E+00
1.6860E+03	0.0000E+00	0.0000E+00	2.0708E+00
1.6870E+03	0.0000E+00	0.0000E+00	2.0668E+00
1.6880E+03	0.0000E+00	0.0000E+00	2.0618E+00
1.6890E+03	0.0000E+00	0.0000E+00	2.0528E+00
1.6900E+03	0.0000E+00	0.0000E+00	2.0528E+00
1.6910E+03	0.0000E+00	0.0000E+00	2.0498E+00
1.6920E+03	0.0000E+00	0.0000E+00	2.0468E+00
1.6930E+03	0.0000E+00	0.0000E+00	2.0408E+00
1.6940E+03	0.0000E+00	0.0000E+00	2.0378E+00
1.6950E+03	0.0000E+00	0.0000E+00	2.0298E+00
1.6960E+03	0.0000E+00	0.0000E+00	2.0268E+00
1.6970E+03	0.0000E+00	0.0000E+00	2.0238E+00
1.6980E+03	0.0000E+00	0.0000E+00	2.0179E+00
1.6990E+03	0.0000E+00	0.0000E+00	2.0149E+00
1.7000E+03	0.0000E+00	0.0000E+00	2.0089E+00
1.7010E+03	0.0000E+00	0.0000E+00	2.0079E+00
1.7020E+03	0.0000E+00	0.0000E+00	2.0059E+00
1.7030E+03	0.0000E+00	0.0000E+00	2.0089E+00
1.7040E+03	0.0000E+00	0.0000E+00	2.0119E+00
1.7050E+03	0.0000E+00	0.0000E+00	2.0229E+00
1.7060E+03	0.0000E+00	0.0000E+00	2.0299E+00
1.7070E+03	0.0000E+00	0.0000E+00	2.0419E+00
1.7080E+03	0.0000E+00	0.0000E+00	2.0479E+00
1.7090E+03	0.0000E+00	0.0000E+00	2.0549E+00
1.7100E+03	0.0000E+00	0.0000E+00	2.0539E+00
1.7110E+03	0.0000E+00	0.0000E+00	2.0490E+00
1.7120E+03	0.0000E+00	0.0000E+00	2.0429E+00
1.7130E+03	0.0000E+00	0.0000E+00	2.0350E+00
1.7140E+03	0.0000E+00	0.0000E+00	2.0359E+00
1.7150E+03	0.0000E+00	0.0000E+00	2.0330E+00
1.7160E+03	0.0000E+00	0.0000E+00	2.0280E+00
1.7170E+03	0.0000E+00	0.0000E+00	2.0260E+00
1.7180E+03	0.0000E+00	0.0000E+00	2.0210E+00
1.7190E+03	0.0000E+00	0.0000E+00	2.0150E+00
1.7200E+03	0.0000E+00	0.0000E+00	2.0100E+00
1.7210E+03	0.0000E+00	0.0000E+00	2.0050E+00
1.7220E+03	0.0000E+00	0.0000E+00	2.0020E+00
1.7230E+03	0.0000E+00	0.0000E+00	1.9970E+00
1.7240E+03	0.0000E+00	0.0000E+00	1.9940E+00
1.7250E+03	0.0000E+00	0.0000E+00	1.9940E+00
1.7260E+03	0.0000E+00	0.0000E+00	1.9970E+00
1.7270E+03	0.0000E+00	0.0000E+00	1.9990E+00
1.7280E+03	0.0000E+00	0.0000E+00	2.0111E+00
1.7290E+03	0.0000E+00	0.0000E+00	2.0211E+00
1.7300E+03	0.0000E+00	0.0000E+00	2.0301E+00
1.7310E+03	0.0000E+00	0.0000E+00	2.0371E+00
1.7320E+03	0.0000E+00	0.0000E+00	2.0391E+00
1.7330E+03	0.0000E+00	0.0000E+00	2.0361E+00
1.7340E+03	0.0000E+00	0.0000E+00	2.0331E+00
1.7350E+03	0.0000E+00	0.0000E+00	2.0321E+00
1.7360E+03	0.0000E+00	0.0000E+00	2.0231E+00
1.7370E+03	0.0000E+00	0.0000E+00	2.0211E+00
1.7380E+03	0.0000E+00	0.0000E+00	2.0161E+00
1.7390E+03	0.0000E+00	0.0000E+00	2.0151E+00
1.7400E+03	0.0000E+00	0.0000E+00	2.0131E+00
1.7410E+03	0.0000E+00	0.0000E+00	2.0071E+00
1.7420E+03	0.0000E+00	0.0000E+00	1.9991E+00
1.7430E+03	0.0000E+00	0.0000E+00	1.9941E+00
1.7440E+03	0.0000E+00	0.0000E+00	1.9921E+00
1.7450E+03	0.0000E+00	0.0000E+00	1.9901E+00
1.7460E+03	0.0000E+00	0.0000E+00	1.9832E+00
1.7470E+03	0.0000E+00	0.0000E+00	1.9782E+00
1.7480E+03	0.0000E+00	0.0000E+00	1.9722E+00
1.7490E+03	0.0000E+00	0.0000E+00	1.9752E+00
1.7500E+03	0.0000E+00	0.0000E+00	1.9772E+00
1.7510E+03	0.0000E+00	0.0000E+00	1.9852E+00
1.7520E+03	0.0000E+00	0.0000E+00	1.9972E+00
1.7530E+03	0.0000E+00	0.0000E+00	2.0132E+00
1.7540E+03	0.0000E+00	0.0000E+00	2.0242E+00
1.7550E+03	0.0000E+00	0.0000E+00	2.0332E+00
1.7560E+03	0.0000E+00	0.0000E+00	2.0322E+00
1.7570E+03	0.0000E+00	0.0000E+00	2.0332E+00
1.7580E+03	0.0000E+00	0.0000E+00	2.0322E+00
1.7590E+03	0.0000E+00	0.0000E+00	2.0262E+00
1.7600E+03	0.0000E+00	0.0000E+00	2.0202E+00
1.7610E+03	0.0000E+00	0.0000E+00	2.0152E+00
1.7620E+03	0.0000E+00	0.0000E+00	2.0093E+00
1.7630E+03	0.0000E+00	0.0000E+00	2.0083E+00
1.7640E+03	0.0000E+00	0.0000E+00	2.0053E+00
1.7650E+03	0.0000E+00	0.0000E+00	1.9983E+00
1.7660E+03	0.0000E+00	0.0000E+00	1.9933E+00
1.7670E+03	0.0000E+00	0.0000E+00	1.9903E+00
1.7680E+03	0.0000E+00	0.0000E+00	1.9853E+00
1.7690E+03	0.0000E+00	0.0000E+00	1.9803E+00
1.7700E+03	0.0000E+00	0.0000E+00	1.9753E+00
1.7710E+03	0.0000E+00	0.0000E+00	1.9723E+00
1.7720E+03	0.0000E+00	0.0000E+00	1.9703E+00
1.7730E+03	0.0000E+00	0.0000E+00	1.9693E+00
1.7740E+03	0.0000E+00	0.0000E+00	1.9753E+00
1.7750E+03	0.0000E+00	0.0000E+00	1.9813E+00
1.7760E+03	0.0000E+00	0.0000E+00	1.9933E+00
1.7770E+03	0.0000E+00	0.0000E+00	2.0043E+00
1.7780E+03	0.0000E+00	0.0000E+00	2.0134E+00
1.7790E+03	0.0000E+00	0.0000E+00	2.0194E+00
1.7800E+03	0.0000E+00	0.0000E+00	2.0194E+00
1.7810E+03	0.0000E+00	0.0000E+00	2.0214E+00
1.7820E+03	0.0000E+00	0.0000E+00	2.0164E+00
1.7830E+03	0.0000E+00	0.0000E+00	2.0124E+00
1.7840E+03	0.0000E+00	0.0000E+00	2.0084E+00
1.7850E+03	0.0000E+00	0.0000E+00	2.0034E+00
1.7860E+03	0.0000E+00	0.0000E+00	2.0024E+00
1.7870E+03	0.0000E+00	0.0000E+00	1.9794E+00
1.7880E+03	0.0000E+00	0.0000E+00	1.9754E+00
1.7890E+03	0.0000E+00	0.0000E+00	1.9744E+00
1.7900E+03	0.0000E+00	0.0000E+00	1.9704E+00
1.7910E+03	0.0000E+00	0.0000E+00	1.9674E+00
1.7920E+03	0.0000E+00	0.0000E+00	1.9595E+00
1.7930E+03	0.0000E+00	0.0000E+00	1.9544E+00
1.7940E+03	0.0000E+00	0.0000E+00	1.9544E+00
1.7950E+03	0.0000E+00	0.0000E+00	1.9455E+00
1.7960E+03	0.0000E+00	0.0000E+00	1.9405E+00
1.7970E+03	0.0000E+00	0.0000E+00	1.9405E+00
1.7980E+03	0.0000E+00	0.0000E+00	1.9405E+00
1.7990E+03	0.0000E+00	0.0000E+00	1.9505E+00
1.8000E+03	0.0000E+00	0.0000E+00	1.9595E+00
1.8010E+03	0.0000E+00	0.0000E+00	1.9745E+00
1.8020E+03	0.0000E+00	0.0000E+00	1.9825E+00
1.8030E+03	0.0000E+00	0.0000E+00	1.9885E+00
1.8040E+03	0.0000E+00	0.0000E+00	1.9915E+00
1.8050E+03	0.0000E+00	0.0000E+00	1.9935E+00
1.8060E+03	0.0000E+00	0.0000E+00	1.9915E+00
1.8070E+03	0.0000E+00	0.0000E+00	1.9885E+00
1.8080E+03	0.0000E+00	0.0000E+00	1.9845E+00
1.8090E+03	0.0000E+00	0.0000E+00	1.9745E+00
1.8100E+03	0.0000E+00	0.0000E+00	1.9735E+00
1.8110E+03	0.0000E+00	0.0000E+00	1.9706E+00
1.8120E+03	0.0000E+00	0.0000E+00	1.9676E+00
1.8130E+03	0.0000E+00	0.0000E+00	1.9636E+00
1.8140E+03	0.0000E+00	0.0000E+00	1.9586E+00
1.8150E+03	0.0000E+00	0.0000E+00	1.9586E+00
1.8160E+03	0.0000E+00	0.0000E+00	1.9486E+00
1.8170E+03	0.0000E+00	0.0000E+00	1.9506E+00
1.8180E+03	0.0000E+00	0.0000E+00	1.9486E+00
1.8190E+03	0.0000E+00	0.0000E+00	1.9436E+00
1.8200E+03	0.0000E+00	0.0000E+00	1.9436E+00
1.8210E+03	0.0000E+00	0.0000E+00	1.9456E+00
1.8220E+03	0.0000E+00	0.0000E+00	1.9506E+00
1.8230E+03	0.0000E+00	0.0000E+00	1.9586E+00
1.8240E+03	0.0000E+00	0.0000E+00	1.9646E+00
1.8250E+03	0.0000E+00	0.0000E+00	1.9696E+00
1.8260E+03	0.0000E+00	0.0000E+00	1.9737E+00
1.8270E+03	0.0000E+00	0.0000E+00	1.9737E+00
1.8280E+03	0.0000E+00	0.0000E+00	1.9737E+00
1.8290E+03	0.0000E+00	0.0000E+00	1.9767E+00
1.8300E+03	0.0000E+00	0.0000E+00	1.9747E+00
1.8310E+03	0.0000E+00	0.0000E+00	1.9737E+00
1.8320E+03	0.0000E+00	0.0000E+00	1.9797E+00
1.8330E+03	0.0000E+00	0.0000E+00	1.9927E+00
1.8340E+03	0.0000E+00	0.0000E+00	1.9957E+00
1.8350E+03	0.0000E+00	0.0000E+00	2.0177E+00
1.8360E+03	0.0000E+00	0.0000E+00	2.0537E+00
1.8370E+03	0.0000E+00	0.0000E+00	2.0817E+00
1.8380E+03	0.0000E+00	0.0000E+00	2.0997E+00
1.8390E+03	0.0000E+00	0.0000E+00	2.0998E+00
1.8400E+03	0.0000E+00	0.0000E+00	2.0897E+00
1.8410E+03	0.0000E+00	0.0000E+00	2.0788E+00
1.8420E+03	0.0000E+00	0.0000E+00	2.0698E+00
1.8430E+03	0.0000E+00	0.0000E+00	2.0608E+00
1.8440E+03	0.0000E+00	0.0000E+00	2.0568E+00
1.8450E+03	0.0000E+00	0.0000E+00	2.0458E+00
1.8460E+03	0.0000E+00	0.0000E+00	2.0398E+00
1.8470E+03	0.0000E+00	0.0000E+00	2.0398E+00
1.8480E+03	0.0000E+00	0.0000E+00	2.0448E+00
1.8490E+03	0.0000E+00	0.0000E+00	2.0488E+00
1.8500E+03	0.0000E+00	0.0000E+00	2.0498E+00
1.8510E+03	0.0000E+00	0.0000E+00	2.0458E+00
1.8520E+03	0.0000E+00	0.0000E+00	2.0408E+00
1.8530E+03	0.0000E+00	0.0000E+00	2.0368E+00
1.8540E+03	0.0000E+00	0.0000E+00	2.0288E+00
1.8550E+03	0.0000E+00	0.0000E+00	2.0258E+00
1.8560E+03	0.0000E+00	0.0000E+00	2.0248E+00
1.8570E+03	0.0000E+00	0.0000E+00	2.0249E+00
1.8580E+03	0.0000E+00	0.0000E+00	2.0188E+00
1.8590E+03	0.0000E+00	0.0000E+00	2.0149E+00
1.8600E+03	0.0000E+00	0.0000E+00	2.0089E+00
1.8610E+03	0.0000E+00	0.0000E+00	2.0089E+00
1.8620E+03	0.0000E+00	0.0000E+00	2.0029E+00
1.8630E+03	0.0000E+00	0.0000E+00	1.9989E+00
1.8640E+03	0.0000E+00	0.0000E+00	1.9939E+00
1.8650E+03	0.0000E+00	0.0000E+00	1.9849E+00
1.8660E+03	0.0000E+00	0.0000E+00	1.9799E+00
1.8670E+03	0.0000E+00	0.0000E+00	1.9739E+00
1.8680E+03	0.0000E+00	0.0000E+00	1.9669E+00
1.8690E+03	0.0000E+00	0.0000E+00	1.9689E+00
1.8700E+03	0.0000E+00	0.0000E+00	1.9659E+00
1.8710E+03	0.0000E+00	0.0000E+00	1.9649E+00
1.8720E+03	0.0000E+00	0.0000E+00	1.9709E+00
1.8730E+03	0.0000E+00	0.0000E+00	1.9789E+00
1.8740E+03	0.0000E+00	0.0000E+00	1.9839E+00
1.8750E+03	0.0000E+00	0.0000E+00	1.9889E+00
1.8760E+03	0.0000E+00	0.0000E+00	1.9920E+00
1.8770E+03	0.0000E+00	0.0000E+00	1.9900E+00
1.8780E+03	0.0000E+00	0.0000E+00	1.9850E+00
1.8790E+03	0.0000E+00	0.0000E+00	1.9830E+00
1.8800E+03	0.0000E+00	0.0000E+00	1.9740E+00
1.8810E+03	0.0000E+00	0.0000E+00	1.9700E+00
1.8820E+03	0.0000E+00	0.0000E+00	1.9680E+00
1.8830E+03	0.0000E+00	0.0000E+00	1.9670E+00
1.8840E+03	0.0000E+00	0.0000E+00	1.9630E+00
1.8850E+03	0.0000E+00	0.0000E+00	1.9610E+00
1.8860E+03	0.0000E+00	0.0000E+00	1.9580E+00
1.8870E+03	0.0000E+00	0.0000E+00	1.9490E+00
1.8880E+03	0.0000E+00	0.0000E+00	1.9450E+00
1.8890E+03	0.0000E+00	0.0000E+00	1.9441E+00
1.8900E+03	0.0000E+00	0.0000E+00	1.9400E+00
1.8910E+03	0.0000E+00	0.0000E+00	1.9361E+00
1.8920E+03	0.0000E+00	0.0000E+00	1.9280E+00
1.8930E+03	0.0000E+00	0.0000E+00	1.9261E+00
1.8940E+03	0.0000E+00	0.0000E+00	1.9211E+00
1.8950E+03	0.0000E+00	0.0000E+00	1.9221E+00
1.8960E+03	0.0000E+00	0.0000E+00	1.9261E+00
1.8970E+03	0.0000E+00	0.0000E+00	1.9321E+00
1.8980E+03	0.0000E+00	0.0000E+00	1.9431E+00
1.8990E+03	0.0000E+00	0.0000E+00	1.9461E+00
1.9000E+03	0.0000E+00	0.0000E+00	1.9501E+00
1.9010E+03	0.0000E+00	0.0000E+00	1.9491E+00
1.9020E+03	0.0000E+00	0.0000E+00	1.9481E+00
1.9030E+03	0.0000E+00	0.0000E+00	1.9441E+00
1.9040E+03	0.0000E+00	0.0000E+00	1.9421E+00
1.9050E+03	0.0000E+00	0.0000E+00	1.9371E+00
1.9060E+03	0.0000E+00	0.0000E+00	1.9341E+00
1.9070E+03	0.0000E+00	0.0000E+00	1.9322E+00
1.9080E+03	0.0000E+00	0.0000E+00	1.9301E+00
1.9090E+03	0.0000E+00	0.0000E+00	1.9282E+00
1.9100E+03	0.0000E+00	0.0000E+00	1.9242E+00
1.9110E+03	0.0000E+00	0.0000E+00	1.9202E+00
1.9120E+03	0.0000E+00	0.0000E+00	1.9172E+00
1.9130E+03	0.0000E+00	0.0000E+00	1.9132E+00
1.9140E+03	0.0000E+00	0.0000E+00	1.9132E+00
1.9150E+03	0.0000E+00	0.0000E+00	1.9092E+00
1.9160E+03	0.0000E+00	0.0000E+00	1.9032E+00
1.9170E+03	0.0000E+00	0.0000E+00	1.9022E+00
1.9180E+03	0.0000E+00	0.0000E+00	1.9012E+00
1.9190E+03	0.0000E+00	0.0000E+00	1.8982E+00
1.9200E+03	0.0000E+00	0.0000E+00	1.8972E+00
1.9210E+03	0.0000E+00	0.0000E+00	1.9022E+00
1.9220E+03	0.0000E+00	0.0000E+00	1.9102E+00
1.9230E+03	0.0000E+00	0.0000E+00	1.9182E+00
1.9240E+03	0.0000E+00	0.0000E+00	1.9242E+00
1.9250E+03	0.0000E+00	0.0000E+00	1.9263E+00
1.9260E+03	0.0000E+00	0.0000E+00	1.9243E+00
1.9270E+03	0.0000E+00	0.0000E+00	1.9253E+00
1.9280E+03	0.0000E+00	0.0000E+00	1.9193E+00
1.9290E+03	0.0000E+00	0.0000E+00	1.9173E+00
1.9300E+03	0.0000E+00	0.0000E+00	1.9143E+00
1.9310E+03	0.0000E+00	0.0000E+00	1.9153E+00
1.9320E+03	0.0000E+00	0.0000E+00	1.9123E+00
1.9330E+03	0.0000E+00	0.0000E+00	1.9113E+00
1.9340E+03	0.0000E+00	0.0000E+00	1.9063E+00
1.9350E+03	0.0000E+00	0.0000E+00	1.9023E+00
1.9360E+03	0.0000E+00	0.0000E+00	1.9003E+00
1.9370E+03	0.0000E+00	0.0000E+00	1.8983E+00
1.9380E+03	0.0000E+00	0.0000E+00	1.8954E+00
1.9390E+03	0.0000E+00	0.0000E+00	1.8903E+00
1.9400E+03	0.0000E+00	0.0000E+00	1.8824E+00
1.9410E+03	0.0000E+00	0.0000E+00	1.8853E+00
1.9420E+03	0.0000E+00	0.0000E+00	1.8804E+00
1.9430E+03	0.0000E+00	0.0000E+00	1.8764E+00
1.9440E+03	0.0000E+00	0.0000E+00	1.8764E+00
1.9450E+03	0.0000E+00	0.0000E+00	1.8864E+00
1.9460E+03	0.0000E+00	0.0000E+00	1.8924E+00
1.9470E+03	0.0000E+00	0.0000E+00	1.8964E+00
1.9480E+03	0.0000E+00	0.0000E+00	1.9064E+00
1.9490E+03	0.0000E+00	0.0000E+00	1.9074E+00
1.9500E+03	0.0000E+00	0.0000E+00	1.9084E+00
1.9510E+03	0.0000E+00	0.0000E+00	1.9034E+00
1.9520E+03	0.0000E+00	0.0000E+00	1.8984E+00
1.9530E+03	0.0000E+00	0.0000E+00	1.8964E+00
1.9540E+03	0.0000E+00	0.0000E+00	1.8964E+00
1.9550E+03	0.0000E+00	0.0000E+00	1.8934E+00
1.9560E+03	0.0000E+00	0.0000E+00	1.8954E+00
1.9570E+03	0.0000E+00	0.0000E+00	1.8915E+00
1.9580E+03	0.0000E+00	0.0000E+00	1.8904E+00
1.9590E+03	0.0000E+00	0.0000E+00	1.8865E+00
1.9600E+03	0.0000E+00	0.0000E+00	1.8855E+00
1.9610E+03	0.0000E+00	0.0000E+00	1.8805E+00
1.9620E+03	0.0000E+00	0.0000E+00	1.8785E+00
1.9630E+03	0.0000E+00	0.0000E+00	1.8755E+00
1.9640E+03	0.0000E+00	0.0000E+00	1.8695E+00
1.9650E+03	0.0000E+00	0.0000E+00	1.8685E+00
1.9660E+03	0.0000E+00	0.0000E+00	1.8655E+00
1.9670E+03	0.0000E+00	0.0000E+00	1.8625E+00
1.9680E+03	0.0000E+00	0.0000E+00	1.8635E+00
1.9690E+03	0.0000E+00	0.0000E+00	1.8615E+00
1.9700E+03	0.0000E+00	0.0000E+00	1.8625E+00
1.9710E+03	0.0000E+00	0.0000E+00	1.8625E+00
1.9720E+03	0.0000E+00	0.0000E+00	1.8655E+00
1.9730E+03	0.0000E+00	0.0000E+00	1.8686E+00
1.9740E+03	0.0000E+00	0.0000E+00	1.8695E+00
1.9750E+03	0.0000E+00	0.0000E+00	1.8646E+00
1.9760E+03	0.0000E+00	0.0000E+00	1.8646E+00
1.9770E+03	0.0000E+00	0.0000E+00	1.8646E+00
1.9780E+03	0.0000E+00	0.0000E+00	1.8646E+00
1.9790E+03	0.0000E+00	0.0000E+00	1.8656E+00
1.9800E+03	0.0000E+00	0.0000E+00	1.8666E+00
1.9810E+03	0.0000E+00	0.0000E+00	1.8636E+00
1.9820E+03	0.0000E+00	0.0000E+00	1.8616E+00
1.9830E+03	0.0000E+00	0.0000E+00	1.8616E+00
1.9840E+03	0.0000E+00	0.0000E+00	1.8606E+00
1.9850E+03	0.0000E+00	0.0000E+00	1.8576E+00
1.9860E+03	0.0000E+00	0.0000E+00	1.8556E+00
1.9870E+03	0.0000E+00	0.0000E+00	1.8546E+00
1.9880E+03	0.0000E+00	0.0000E+00	1.8506E+00
1.9890E+03	0.0000E+00	0.0000E+00	1.8467E+00
1.9900E+03	0.0000E+00	0.0000E+00	1.8477E+00
1.9910E+03	0.0000E+00	0.0000E+00	1.8437E+00
1.9920E+03	0.0000E+00	0.0000E+00	1.8427E+00
1.9930E+03	0.0000E+00	0.0000E+00	1.8417E+00
1.9940E+03	0.0000E+00	0.0000E+00	1.8447E+00
1.9950E+03	0.0000E+00	0.0000E+00	1.8457E+00
1.9960E+03	0.0000E+00	0.0000E+00	1.8537E+00
1.9970E+03	0.0000E+00	0.0000E+00	1.8577E+00
1.9980E+03	0.0000E+00	0.0000E+00	1.8587E+00
1.9990E+03	0.0000E+00	0.0000E+00	1.8617E+00
2.0000E+03	0.0000E+00	0.0000E+00	1.8567E+00
2.0010E+03	0.0000E+00	0.0000E+00	1.8567E+00
2.0020E+03	0.0000E+00	0.0000E+00	1.8577E+00
2.0030E+03	0.0000E+00	0.0000E+00	1.8537E+00
2.0040E+03	0.0000E+00	0.0000E+00	1.8577E+00
2.0050E+03	0.0000E+00	0.0000E+00	1.8527E+00
2.0060E+03	0.0000E+00	0.0000E+00	1.8507E+00
2.0070E+03	0.0000E+00	0.0000E+00	1.8517E+00
2.0080E+03	0.0000E+00	0.0000E+00	1.8497E+00
2.0090E+03	0.0000E+00	0.0000E+00	1.8467E+00
2.0100E+03	0.0000E+00	0.0000E+00	1.8467E+00
2.0110E+03	0.0000E+00	0.0000E+00	1.8417E+00
2.0120E+03	0.0000E+00	0.0000E+00	1.8397E+00
2.0130E+03	0.0000E+00	0.0000E+00	1.8377E+00
2.0140E+03	0.0000E+00	0.0000E+00	1.8397E+00
2.0150E+03	0.0000E+00	0.0000E+00	1.8357E+00
2.0160E+03	0.0000E+00	0.0000E+00	1.8337E+00
2.0170E+03	0.0000E+00	0.0000E+00	1.8327E+00
2.0180E+03	0.0000E+00	0.0000E+00	1.8367E+00
2.0190E+03	0.0000E+00	0.0000E+00	1.8337E+00
2.0200E+03	0.0000E+00	0.0000E+00	1.8367E+00
2.0210E+03	0.0000E+00	0.0000E+00	1.8377E+00
2.0220E+03	0.0000E+00	0.0000E+00	1.8377E+00
2.0230E+03	0.0000E+00	0.0000E+00	1.8407E+00
2.0240E+03	0.0000E+00	0.0000E+00	1.8407E+00
2.0250E+03	0.0000E+00	0.0000E+00	1.8407E+00
2.0260E+03	0.0000E+00	0.0000E+00	1.8407E+00
2.0270E+03	0.0000E+00	0.0000E+00	1.8417E+00
2.0280E+03	0.0000E+00	0.0000E+00	1.8417E+00
2.0290E+03	0.0000E+00	0.0000E+00	1.8427E+00
2.0300E+03	0.0000E+00	0.0000E+00	1.8377E+00
2.0310E+03	0.0000E+00	0.0000E+00	1.8377E+00
2.0320E+03	0.0000E+00	0.0000E+00	1.8367E+00
2.0330E+03	0.0000E+00	0.0000E+00	1.8367E+00
2.0340E+03	0.0000E+00	0.0000E+00	1.8387E+00
2.0350E+03	0.0000E+00	0.0000E+00	1.8307E+00
2.0360E+03	0.0000E+00	0.0000E+00	1.8337E+00
2.0370E+03	0.0000E+00	0.0000E+00	1.8317E+00
2.0380E+03	0.0000E+00	0.0000E+00	1.8317E+00
2.0390E+03	0.0000E+00	0.0000E+00	1.8267E+00
2.0400E+03	0.0000E+00	0.0000E+00	1.8207E+00
2.0410E+03	0.0000E+00	0.0000E+00	1.8247E+00
2.0420E+03	0.0000E+00	0.0000E+00	1.8277E+00
2.0430E+03	0.0000E+00	0.0000E+00	1.8287E+00
2.0440E+03	0.0000E+00	0.0000E+00	1.8377E+00
2.0450E+03	0.0000E+00	0.0000E+00	1.8427E+00
2.0460E+03	0.0000E+00	0.0000E+00	1.8437E+00
2.0470E+03	0.0000E+00	0.0000E+00	1.8437E+00
2.0480E+03	0.0000E+00	0.0000E+00	1.8417E+00
2.0490E+03	0.0000E+00	0.0000E+00	1.8407E+00
2.0500E+03	0.0000E+00	0.0000E+00	1.8427E+00
2.0510E+03	0.0000E+00	0.0000E+00	1.8437E+00
2.0520E+03	0.0000E+00	0.0000E+00	1.8417E+00
2.0530E+03	0.0000E+00	0.0000E+00	1.8417E+00
2.0540E+03	0.0000E+00	0.0000E+00	1.8417E+00
2.0550E+03	0.0000E+00	0.0000E+00	1.8377E+00
2.0560E+03	0.0000E+00	0.0000E+00	1.8357E+00
2.0570E+03	0.0000E+00	0.0000E+00	1.8317E+00
2.0580E+03	0.0000E+00	0.0000E+00	1.8307E+00
2.0590E+03	0.0000E+00	0.0000E+00	1.8317E+00
2.0600E+03	0.0000E+00	0.0000E+00	1.8277E+00
2.0610E+03	0.0000E+00	0.0000E+00	1.8297E+00
2.0620E+03	0.0000E+00	0.0000E+00	1.8237E+00
2.0630E+03	0.0000E+00	0.0000E+00	1.8217E+00
2.0640E+03	0.0000E+00	0.0000E+00	1.8167E+00
2.0650E+03	0.0000E+00	0.0000E+00	1.8187E+00
2.0660E+03	0.0000E+00	0.0000E+00	1.8217E+00
2.0670E+03	0.0000E+00	0.0000E+00	1.8287E+00
2.0680E+03	0.0000E+00	0.0000E+00	1.8357E+00
2.0690E+03	0.0000E+00	0.0000E+00	1.8387E+00
2.0700E+03	0.0000E+00	0.0000E+00	1.8417E+00
2.0710E+03	0.0000E+00	0.0000E+00	1.8407E+00
2.0720E+03	0.0000E+00	0.0000E+00	1.8407E+00
2.0730E+03	0.0000E+00	0.0000E+00	1.8367E+00
2.0740E+03	0.0000E+00	0.0000E+00	1.8377E+00
2.0750E+03	0.0000E+00	0.0000E+00	1.8427E+00
2.0760E+03	0.0000E+00	0.0000E+00	1.8387E+00
2.0770E+03	0.0000E+00	0.0000E+00	1.8367E+00
2.0780E+03	0.0000E+00	0.0000E+00	1.8367E+00
2.0790E+03	0.0000E+00	0.0000E+00	1.8317E+00
2.0800E+03	0.0000E+00	0.0000E+00	1.8337E+00
2.0810E+03	0.0000E+00	0.0000E+00	1.8317E+00
2.0820E+03	0.0000E+00	0.0000E+00	1.8287E+00
2.0830E+03	0.0000E+00	0.0000E+00	1.8227E+00
2.0840E+03	0.0000E+00	0.0000E+00	1.8217E+00
2.0850E+03	0.0000E+00	0.0000E+00	1.8207E+00
2.0860E+03	0.0000E+00	0.0000E+00	1.8237E+00
2.0870E+03	0.0000E+00	0.0000E+00	1.8207E+00
2.0880E+03	0.0000E+00	0.0000E+00	1.8157E+00
2.0890E+03	0.0000E+00	0.0000E+00	1.8197E+00
2.0900E+03	0.0000E+00	0.0000E+00	1.8187E+00
2.0910E+03	0.0000E+00	0.0000E+00	1.8237E+00
2.0920E+03	0.0000E+00	0.0000E+00	1.8277E+00
2.0930E+03	0.0000E+00	0.0000E+00	1.8317E+00
2.0940E+03	0.0000E+00	0.0000E+00	1.8327E+00
2.0950E+03	0.0000E+00	0.0000E+00	1.8377E+00
2.0960E+03	0.0000E+00	0.0000E+00	1.8367E+00
2.0970E+03	0.0000E+00	0.0000E+00	1.8337E+00
2.0980E+03	0.0000E+00	0.0000E+00	1.8367E+00
2.0990E+03	0.0000E+00	0.0000E+00	1.8357E+00
2.1000E+03	0.0000E+00	0.0000E+00	1.8337E+00
2.1010E+03	0.0000E+00	0.0000E+00	1.8317E+00
2.1020E+03	0.0000E+00	0.0000E+00	1.8307E+00
2.1030E+03	0.0000E+00	0.0000E+00	1.8297E+00
2.1040E+03	0.0000E+00	0.0000E+00	1.8257E+00
2.1050E+03	0.0000E+00	0.0000E+00	1.8267E+00
2.1060E+03	0.0000E+00	0.0000E+00	1.8307E+00
2.1070E+03	0.0000E+00	0.0000E+00	1.8287E+00
2.1080E+03	0.0000E+00	0.0000E+00	1.8237E+00
2.1090E+03	0.0000E+00	0.0000E+00	1.8217E+00
2.1100E+03	0.0000E+00	0.0000E+00	1.8177E+00
2.1110E+03	0.0000E+00	0.0000E+00	1.8177E+00
2.1120E+03	0.0000E+00	0.0000E+00	1.8167E+00
2.1130E+03	0.0000E+00	0.0000E+00	1.8127E+00
2.1140E+03	0.0000E+00	0.0000E+00	1.8137E+00
2.1150E+03	0.0000E+00	0.0000E+00	1.8177E+00
2.1160E+03	0.0000E+00	0.0000E+00	1.8237E+00
2.1170E+03	0.0000E+00	0.0000E+00	1.8267E+00
2.1180E+03	0.0000E+00	0.0000E+00	1.8297E+00
2.1190E+03	0.0000E+00	0.0000E+00	1.8297E+00
2.1200E+03	0.0000E+00	0.0000E+00	1.8307E+00
2.1210E+03	0.0000E+00	0.0000E+00	1.8277E+00
2.1220E+03	0.0000E+00	0.0000E+00	1.8257E+00
2.1230E+03	0.0000E+00	0.0000E+00	1.8277E+00
2.1240E+03	0.0000E+00	0.0000E+00	1.8277E+00
2.1250E+03	0.0000E+00	0.0000E+00	1.8267E+00
2.1260E+03	0.0000E+00	0.0000E+00	1.8267E+00
2.1270E+03	0.0000E+00	0.0000E+00	1.8247E+00
2.1280E+03	0.0000E+00	0.0000E+00	1.8257E+00
2.1290E+03	0.0000E+00	0.0000E+00	1.8207E+00
2.1300E+03	0.0000E+00	0.0000E+00	1.8197E+00
2.1310E+03	0.0000E+00	0.0000E+00	1.8157E+00
2.1320E+03	0.0000E+00	0.0000E+00	1.8127E+00
2.1330E+03	0.0000E+00	0.0000E+00	1.8127E+00
2.1340E+03	0.0000E+00	0.0000E+00	1.8087E+00
2.1350E+03	0.0000E+00	0.0000E+00	1.8057E+00
2.1360E+03	0.0000E+00	0.0000E+00	1.8037E+00
2.1370E+03	0.0000E+00	0.0000E+00	1.8057E+00
2.1380E+03	0.0000E+00	0.0000E+00	1.8007E+00
2.1390E+03	0.0000E+00	0.0000E+00	1.8027E+00
2.1400E+03	0.0000E+00	0.0000E+00	1.8057E+00
2.1410E+03	0.0000E+00	0.0000E+00	1.8117E+00
2.1420E+03	0.0000E+00	0.0000E+00	1.8157E+00
2.1430E+03	0.0000E+00	0.0000E+00	1.8177E+00
2.1440E+03	0.0000E+00	0.0000E+00	1.8167E+00
2.1450E+03	0.0000E+00	0.0000E+00	1.8157E+00
2.1460E+03	0.0000E+00	0.0000E+00	1.8177E+00
2.1470E+03	0.0000E+00	0.0000E+00	1.8197E+00
2.1480E+03	0.0000E+00	0.0000E+00	1.8217E+00
2.1490E+03	0.0000E+00	0.0000E+00	1.8157E+00
2.1500E+03	0.0000E+00	0.0000E+00	1.8197E+00
2.1510E+03	0.0000E+00	0.0000E+00	1.8157E+00
2.1520E+03	0.0000E+00	0.0000E+00	1.8187E+00
2.1530E+03	0.0000E+00	0.0000E+00	1.8147E+00
2.1540E+03	0.0000E+00	0.0000E+00	1.8107E+00
2.1550E+03	0.0000E+00	0.0000E+00	1.8117E+00
2.1560E+03	0.0000E+00	0.0000E+00	1.8077E+00
2.1570E+03	0.0000E+00	0.0000E+00	1.8067E+00
2.1580E+03	0.0000E+00	0.0000E+00	1.8057E+00
2.1590E+03	0.0000E+00	0.0000E+00	1.8057E+00
2.1600E+03	0.0000E+00	0.0000E+00	1.8027E+00
2.1610E+03	0.0000E+00	0.0000E+00	1.8017E+00
2.1620E+03	0.0000E+00	0.0000E+00	1.7987E+00
2.1630E+03	0.0000E+00	0.0000E+00	1.8027E+00
2.1640E+03	0.0000E+00	0.0000E+00	1.8037E+00
2.1650E+03	0.0000E+00	0.0000E+00	1.8057E+00
2.1660E+03	0.0000E+00	0.0000E+00	1.8087E+00
2.1670E+03	0.0000E+00	0.0000E+00	1.8107E+00
2.1680E+03	0.0000E+00	0.0000E+00	1.8107E+00
2.1690E+03	0.0000E+00	0.0000E+00	1.8117E+00
2.1700E+03	0.0000E+00	0.0000E+00	1.8117E+00
2.1710E+03	0.0000E+00	0.0000E+00	1.8147E+00
2.1720E+03	0.0000E+00	0.0000E+00	1.8127E+00
2.1730E+03	0.0000E+00	0.0000E+00	1.8127E+00
2.1740E+03	0.0000E+00	0.0000E+00	1.8097E+00
2.1750E+03	0.0000E+00	0.0000E+00	1.8087E+00
2.1760E+03	0.0000E+00	0.0000E+00	1.8077E+00
2.1770E+03	0.0000E+00	0.0000E+00	1.8077E+00
2.1780E+03	0.0000E+00	0.0000E+00	1.8067E+00
2.1790E+03	0.0000E+00	0.0000E+00	1.7947E+00
2.1800E+03	0.0000E+00	0.0000E+00	1.7977E+00
2.1810E+03	0.0000E+00	0.0000E+00	1.7977E+00
2.1820E+03	0.0000E+00	0.0000E+00	1.7977E+00
2.1830E+03	0.0000E+00	0.0000E+00	1.7937E+00
2.1840E+03	0.0000E+00	0.0000E+00	1.7877E+00
2.1850E+03	0.0000E+00	0.0000E+00	1.7887E+00
2.1860E+03	0.0000E+00	0.0000E+00	1.7877E+00
2.1870E+03	0.0000E+00	0.0000E+00	1.7857E+00
2.1880E+03	0.0000E+00	0.0000E+00	1.7907E+00
2.1890E+03	0.0000E+00	0.0000E+00	1.7907E+00
2.1900E+03	0.0000E+00	0.0000E+00	1.7967E+00
2.1910E+03	0.0000E+00	0.0000E+00	1.7987E+00
2.1920E+03	0.0000E+00	0.0000E+00	1.8017E+00
2.1930E+03	0.0000E+00	0.0000E+00	1.8027E+00
2.1940E+03	0.0000E+00	0.0000E+00	1.8047E+00
2.1950E+03	0.0000E+00	0.0000E+00	1.8047E+00
2.1960E+03	0.0000E+00	0.0000E+00	1.8047E+00
2.1970E+03	0.0000E+00	0.0000E+00	1.8067E+00
2.1980E+03	0.0000E+00	0.0000E+00	1.8017E+00
2.1990E+03	0.0000E+00	0.0000E+00	1.8057E+00
2.2000E+03	0.0000E+00	0.0000E+00	1.8057E+00
2.2010E+03	0.0000E+00	0.0000E+00	1.8007E+00
2.2020E+03	0.0000E+00	0.0000E+00	1.7977E+00
2.2030E+03	0.0000E+00	0.0000E+00	1.7967E+00
2.2040E+03	0.0000E+00	0.0000E+00	1.7957E+00
2.2050E+03	0.0000E+00	0.0000E+00	1.7967E+00
2.2060E+03	0.0000E+00	0.0000E+00	1.7987E+00
2.2070E+03	0.0000E+00	0.0000E+00	1.7957E+00
2.2080E+03	0.0000E+00	0.0000E+00	1.7907E+00
2.2090E+03	0.0000E+00	0.0000E+00	1.7877E+00
2.2100E+03	0.0000E+00	0.0000E+00	1.7837E+00
2.2110E+03	0.0000E+00	0.0000E+00	1.7867E+00
2.2120E+03	0.0000E+00	0.0000E+00	1.7887E+00
2.2130E+03	0.0000E+00	0.0000E+00	1.7907E+00
2.2140E+03	0.0000E+00	0.0000E+00	1.7937E+00
2.2150E+03	0.0000E+00	0.0000E+00	1.7977E+00
2.2160E+03	0.0000E+00	0.0000E+00	1.7987E+00
2.2170E+03	0.0000E+00	0.0000E+00	1.8007E+00
2.2180E+03	0.0000E+00	0.0000E+00	1.8027E+00
2.2190E+03	0.0000E+00	0.0000E+00	1.8057E+00
2.2200E+03	0.0000E+00	0.0000E+00	1.8047E+00
2.2210E+03	0.0000E+00	0.0000E+00	1.8057E+00
2.2220E+03	0.0000E+00	0.0000E+00	1.8047E+00
2.2230E+03	0.0000E+00	0.0000E+00	1.8067E+00
2.2240E+03	0.0000E+00	0.0000E+00	1.8017E+00
2.2250E+03	0.0000E+00	0.0000E+00	1.8037E+00
2.2260E+03	0.0000E+00	0.0000E+00	1.7977E+00
2.2270E+03	0.0000E+00	0.0000E+00	1.7997E+00
2.2280E+03	0.0000E+00	0.0000E+00	1.8007E+00
2.2290E+03	0.0000E+00	0.0000E+00	1.7987E+00
2.2300E+03	0.0000E+00	0.0000E+00	1.7967E+00
2.2310E+03	0.0000E+00	0.0000E+00	1.7967E+00
2.2320E+03	0.0000E+00	0.0000E+00	1.7907E+00
2.2330E+03	0.0000E+00	0.0000E+00	1.7937E+00
2.2340E+03	0.0000E+00	0.0000E+00	1.7907E+00
2.2350E+03	0.0000E+00	0.0000E+00	1.7907E+00
2.2360E+03	0.0000E+00	0.0000E+00	1.7897E+00
2.2370E+03	0.0000E+00	0.0000E+00	1.7917E+00
2.2380E+03	0.0000E+00	0.0000E+00	1.7927E+00
2.2390E+03	0.0000E+00	0.0000E+00	1.7937E+00
2.2400E+03	0.0000E+00	0.0000E+00	1.7937E+00
2.2410E+03	0.0000E+00	0.0000E+00	1.7907E+00
2.2420E+03	0.0000E+00	0.0000E+00	1.7957E+00
2.2430E+03	0.0000E+00	0.0000E+00	1.7967E+00
2.2440E+03	0.0000E+00	0.0000E+00	1.8017E+00
2.2450E+03	0.0000E+00	0.0000E+00	1.8037E+00
2.2460E+03	0.0000E+00	0.0000E+00	1.8017E+00
2.2470E+03	0.0000E+00	0.0000E+00	1.8037E+00
2.2480E+03	0.0000E+00	0.0000E+00	1.7997E+00
2.2490E+03	0.0000E+00	0.0000E+00	1.7987E+00
2.2500E+03	0.0000E+00	0.0000E+00	1.7987E+00
2.2510E+03	0.0000E+00	0.0000E+00	1.7977E+00
2.2520E+03	0.0000E+00	0.0000E+00	1.7967E+00
2.2530E+03	0.0000E+00	0.0000E+00	1.7977E+00
2.2540E+03	0.0000E+00	0.0000E+00	1.7937E+00
2.2550E+03	0.0000E+00	0.0000E+00	1.7897E+00
2.2560E+03	0.0000E+00	0.0000E+00	1.7897E+00
2.2570E+03	0.0000E+00	0.0000E+00	1.7877E+00
2.2580E+03	0.0000E+00	0.0000E+00	1.7847E+00
2.2590E+03	0.0000E+00	0.0000E+00	1.7847E+00
2.2600E+03	0.0000E+00	0.0000E+00	1.7877E+00
2.2610E+03	0.0000E+00	0.0000E+00	1.7887E+00
2.2620E+03	0.0000E+00	0.0000E+00	1.7897E+00
2.2630E+03	0.0000E+00	0.0000E+00	1.7917E+00
2.2640E+03	0.0000E+00	0.0000E+00	1.7927E+00
2.2650E+03	0.0000E+00	0.0000E+00	1.7887E+00
2.2660E+03	0.0000E+00	0.0000E+00	1.7957E+00
2.2670E+03	0.0000E+00	0.0000E+00	1.7947E+00
2.2680E+03	0.0000E+00	0.0000E+00	1.7987E+00
2.2690E+03	0.0000E+00	0.0000E+00	1.7987E+00
2.2700E+03	0.0000E+00	0.0000E+00	1.7987E+00
2.2710E+03	0.0000E+00	0.0000E+00	1.7967E+00
2.2720E+03	0.0000E+00	0.0000E+00	1.7947E+00
2.2730E+03	0.0000E+00	0.0000E+00	1.7947E+00
2.2740E+03	0.0000E+00	0.0000E+00	1.7947E+00
2.2750E+03	0.0000E+00	0.0000E+00	1.7947E+00
2.2760E+03	0.0000E+00	0.0000E+00	1.7947E+00
2.2770E+03	0.0000E+00	0.0000E+00	1.7967E+00
2.2780E+03	0.0000E+00	0.0000E+00	1.7917E+00
2.2790E+03	0.0000E+00	0.0000E+00	1.7937E+00
2.2800E+03	0.0000E+00	0.0000E+00	1.7907E+00
2.2810E+03	0.0000E+00	0.0000E+00	1.7897E+00
2.2820E+03	0.0000E+00	0.0000E+00	1.7847E+00
2.2830E+03	0.0000E+00	0.0000E+00	1.7847E+00
2.2840E+03	0.0000E+00	0.0000E+00	1.7877E+00
2.2850E+03	0.0000E+00	0.0000E+00	1.7877E+00
2.2860E+03	0.0000E+00	0.0000E+00	1.7907E+00
2.2870E+03	0.0000E+00	0.0000E+00	1.7907E+00
2.2880E+03	0.0000E+00	0.0000E+00	1.7927E+00
2.2890E+03	0.0000E+00	0.0000E+00	1.7907E+00
2.2900E+03	0.0000E+00	0.0000E+00	1.7957E+00
2.2910E+03	0.0000E+00	0.0000E+00	1.7957E+00
2.2920E+03	0.0000E+00	0.0000E+00	1.7967E+00
2.2930E+03	0.0000E+00	0.0000E+00	1.7997E+00
2.2940E+03	0.0000E+00	0.0000E+00	1.7997E+00
2.2950E+03	0.0000E+00	0.0000E+00	1.8007E+00
2.2960E+03	0.0000E+00	0.0000E+00	1.8007E+00
2.2970E+03	0.0000E+00	0.0000E+00	1.7977E+00
2.2980E+03	0.0000E+00	0.0000E+00	1.7967E+00
2.2990E+03	0.0000E+00	0.0000E+00	1.7947E+00
2.3000E+03	0.0000E+00	0.0000E+00	1.7917E+00
2.3010E+03	0.0000E+00	0.0000E+00	1.7897E+00
2.3020E+03	0.0000E+00	0.0000E+00	1.7887E+00
2.3030E+03	0.0000E+00	0.0000E+00	1.7877E+00
2.3040E+03	0.0000E+00	0.0000E+00	1.7857E+00
2.3050E+03	0.0000E+00	0.0000E+00	1.7857E+00
2.3060E+03	0.0000E+00	0.0000E+00	1.7807E+00
2.3070E+03	0.0000E+00	0.0000E+00	1.7787E+00
2.3080E+03	0.0000E+00	0.0000E+00	1.7827E+00
2.3090E+03	0.0000E+00	0.0000E+00	1.7857E+00
2.3100E+03	0.0000E+00	0.0000E+00	1.7887E+00
2.3110E+03	0.0000E+00	0.0000E+00	1.7917E+00
2.3120E+03	0.0000E+00	0.0000E+00	1.7967E+00
2.3130E+03	0.0000E+00	0.0000E+00	1.7957E+00
2.3140E+03	0.0000E+00	0.0000E+00	1.7967E+00
2.3150E+03	0.0000E+00	0.0000E+00	1.8007E+00
2.3160E+03	0.0000E+00	0.0000E+00	1.8007E+00
2.3170E+03	0.0000E+00	0.0000E+00	1.8017E+00
2.3180E+03	0.0000E+00	0.0000E+00	1.8027E+00
2.3190E+03	0.0000E+00	0.0000E+00	1.7997E+00
2.3200E+03	0.0000E+00	0.0000E+00	1.8007E+00
2.3210E+03	0.0000E+00	0.0000E+00	1.8007E+00
2.3220E+03	0.0000E+00	0.0000E+00	1.8017E+00
2.3230E+03	0.0000E+00	0.0000E+00	1.7967E+00
2.3240E+03	0.0000E+00	0.0000E+00	1.7947E+00
2.3250E+03	0.0000E+00	0.0000E+00	1.7977E+00
2.3260E+03	0.0000E+00	0.0000E+00	1.7967E+00
2.3270E+03	0.0000E+00	0.0000E+00	1.7987E+00
2.3280E+03	0.0000E+00	0.0000E+00	1.7957E+00
2.3290E+03	0.0000E+00	0.0000E+00	1.7957E+00
2.3300E+03	0.0000E+00	0.0000E+00	1.7957E+00
2.3310E+03	0.0000E+00	0.0000E+00	1.7907E+00
2.3320E+03	0.0000E+00	0.0000E+00	1.7937E+00
2.3330E+03	0.0000E+00	0.0000E+00	1.7977E+00
2.3340E+03	0.0000E+00	0.0000E+00	1.8007E+00
2.3350E+03	0.0000E+00	0.0000E+00	1.8047E+00
2.3360E+03	0.0000E+00	0.0000E+00	1.8037E+00
2.3370E+03	0.0000E+00	0.0000E+00	1.7997E+00
2.3380E+03	0.0000E+00	0.0000E+00	1.7987E+00
2.3390E+03	0.0000E+00	0.0000E+00	1.8027E+00
2.3400E+03	0.0000E+00	0.0000E+00	1.8047E+00
2.3410E+03	0.0000E+00	0.0000E+00	1.8047E+00
2.3420E+03	0.0000E+00	0.0000E+00	1.8057E+00
2.3430E+03	0.0000E+00	0.0000E+00	1.8037E+00
2.3440E+03	0.0000E+00	0.0000E+00	1.8057E+00
2.3450E+03	0.0000E+00	0.0000E+00	1.8247E+00
2.3460E+03	0.0000E+00	0.0000E+00	1.8217E+00
2.3470E+03	0.0000E+00	0.0000E+00	1.8197E+00
2.3480E+03	0.0000E+00	0.0000E+00	1.8317E+00
2.3490E+03	0.0000E+00	0.0000E+00	1.8257E+00
2.3500E+03	0.0000E+00	0.0000E+00	1.8267E+00
2.3510E+03	0.0000E+00	0.0000E+00	1.8177E+00
2.3520E+03	0.0000E+00	0.0000E+00	1.8137E+00
2.3530E+03	0.0000E+00	0.0000E+00	1.8097E+00
2.3540E+03	0.0000E+00	0.0000E+00	1.8057E+00
2.3550E+03	0.0000E+00	0.0000E+00	1.8067E+00
2.3560E+03	0.0000E+00	0.0000E+00	1.8067E+00
2.3570E+03	0.0000E+00	0.0000E+00	1.8077E+00
2.3580E+03	0.0000E+00	0.0000E+00	1.8117E+00
2.3590E+03	0.0000E+00	0.0000E+00	1.8087E+00
2.3600E+03	0.0000E+00	0.0000E+00	1.8077E+00
2.3610E+03	0.0000E+00	0.0000E+00	1.8077E+00
2.3620E+03	0.0000E+00	0.0000E+00	1.8087E+00
2.3630E+03	0.0000E+00	0.0000E+00	1.8117E+00
2.3640E+03	0.0000E+00	0.0000E+00	1.8097E+00
2.3650E+03	0.0000E+00	0.0000E+00	1.8087E+00
2.3660E+03	0.0000E+00	0.0000E+00	1.8087E+00
2.3670E+03	0.0000E+00	0.0000E+00	1.8107E+00
2.3680E+03	0.0000E+00	0.0000E+00	1.8057E+00
2.3690E+03	0.0000E+00	0.0000E+00	1.8047E+00
2.3700E+03	0.0000E+00	0.0000E+00	1.8007E+00
2.3710E+03	0.0000E+00	0.0000E+00	1.7997E+00
2.3720E+03	0.0000E+00	0.0000E+00	1.7987E+00
2.3730E+03	0.0000E+00	0.0000E+00	1.8017E+00
2.3740E+03	0.0000E+00	0.0000E+00	1.7997E+00
2.3750E+03	0.0000E+00	0.0000E+00	1.7987E+00
2.3760E+03	0.0000E+00	0.0000E+00	1.7967E+00
2.3770E+03	0.0000E+00	0.0000E+00	1.7947E+00
2.3780E+03	0.0000E+00	0.0000E+00	1.7927E+00
2.3790E+03	0.0000E+00	0.0000E+00	1.7897E+00
2.3800E+03	0.0000E+00	0.0000E+00	1.7887E+00
2.3810E+03	0.0000E+00	0.0000E+00	1.7907E+00
2.3820E+03	0.0000E+00	0.0000E+00	1.7907E+00
2.3830E+03	0.0000E+00	0.0000E+00	1.7937E+00
2.3840E+03	0.0000E+00	0.0000E+00	1.7957E+00
2.3850E+03	0.0000E+00	0.0000E+00	1.7957E+00
2.3860E+03	0.0000E+00	0.0000E+00	1.7957E+00
2.3870E+03	0.0000E+00	0.0000E+00	1.7967E+00
2.3880E+03	0.0000E+00	0.0000E+00	1.7977E+00
2.3890E+03	0.0000E+00	0.0000E+00	1.7967E+00
2.3900E+03	0.0000E+00	0.0000E+00	1.7987E+00
2.3910E+03	0.0000E+00	0.0000E+00	1.7977E+00
2.3920E+03	0.0000E+00	0.0000E+00	1.7977E+00
2.3930E+03	0.0000E+00	0.0000E+00	1.8037E+00
2.3940E+03	0.0000E+00	0.0000E+00	1.8137E+00
2.3950E+03	0.0000E+00	0.0000E+00	1.8167E+00
2.3960E+03	0.0000E+00	0.0000E+00	1.8127E+00
2.3970E+03	0.0000E+00	0.0000E+00	1.8087E+00
2.3980E+03	0.0000E+00	0.0000E+00	1.8137E+00
2.3990E+03	0.0000E+00	0.0000E+00	1.8087E+00
2.4000E+03	0.0000E+00	0.0000E+00	1.8117E+00
2.4010E+03	0.0000E+00	0.0000E+00	1.8047E+00
2.4020E+03	0.0000E+00	0.0000E+00	1.8037E+00
2.4030E+03	0.0000E+00	0.0000E+00	1.8027E+00
2.4040E+03	0.0000E+00	0.0000E+00	1.8047E+00
2.4050E+03	0.0000E+00	0.0000E+00	1.8097E+00
2.4060E+03	0.0000E+00	0.0000E+00	1.8197E+00
2.4070E+03	0.0000E+00	0.0000E+00	1.8157E+00
2.4080E+03	0.0000E+00	0.0000E+00	1.8167E+00
2.4090E+03	0.0000E+00	0.0000E+00	1.8147E+00
2.4100E+03	0.0000E+00	0.0000E+00	1.8177E+00
2.4110E+03	0.0000E+00	0.0000E+00	1.8157E+00
2.4120E+03	0.0000E+00	0.0000E+00	1.8167E+00
2.4130E+03	0.0000E+00	0.0000E+00	1.8157E+00
2.4140E+03	0.0000E+00	0.0000E+00	1.8167E+00
2.4150E+03	0.0000E+00	0.0000E+00	1.8127E+00
2.4160E+03	0.0000E+00	0.0000E+00	1.8137E+00
2.4170E+03	0.0000E+00	0.0000E+00	1.8157E+00
2.4180E+03	0.0000E+00	0.0000E+00	1.8377E+00
2.4190E+03	0.0000E+00	0.0000E+00	1.8297E+00
2.4200E+03	0.0000E+00	0.0000E+00	1.8167E+00
2.4210E+03	0.0000E+00	0.0000E+00	1.8207E+00
2.4220E+03	0.0000E+00	0.0000E+00	1.8147E+00
2.4230E+03	0.0000E+00	0.0000E+00	1.8117E+00
2.4240E+03	0.0000E+00	0.0000E+00	1.8077E+00
2.4250E+03	0.0000E+00	0.0000E+00	1.8067E+00
2.4260E+03	0.0000E+00	0.0000E+00	1.8037E+00
2.4270E+03	0.0000E+00	0.0000E+00	1.8047E+00
2.4280E+03	0.0000E+00	0.0000E+00	1.8017E+00
2.4290E+03	0.0000E+00	0.0000E+00	1.8027E+00
2.4300E+03	0.0000E+00	0.0000E+00	1.8017E+00
2.4310E+03	0.0000E+00	0.0000E+00	1.8017E+00
2.4320E+03	0.0000E+00	0.0000E+00	1.8017E+00
2.4330E+03	0.0000E+00	0.0000E+00	1.8027E+00
2.4340E+03	0.0000E+00	0.0000E+00	1.7977E+00
2.4350E+03	0.0000E+00	0.0000E+00	1.8007E+00
2.4360E+03	0.0000E+00	0.0000E+00	1.8017E+00
2.4370E+03	0.0000E+00	0.0000E+00	1.8057E+00
2.4380E+03	0.0000E+00	0.0000E+00	1.8057E+00
2.4390E+03	0.0000E+00	0.0000E+00	1.8047E+00
2.4400E+03	0.0000E+00	0.0000E+00	1.8027E+00
2.4410E+03	0.0000E+00	0.0000E+00	1.8027E+00
2.4420E+03	0.0000E+00	0.0000E+00	1.8007E+00
2.4430E+03	0.0000E+00	0.0000E+00	1.7987E+00
2.4440E+03	0.0000E+00	0.0000E+00	1.8427E+00
2.4450E+03	0.0000E+00	0.0000E+00	1.8467E+00
2.4460E+03	0.0000E+00	0.0000E+00	1.8437E+00
2.4470E+03	0.0000E+00	0.0000E+00	1.8437E+00
2.4480E+03	0.0000E+00	0.0000E+00	1.8527E+00
2.4490E+03	0.0000E+00	0.0000E+00	1.8667E+00
2.4500E+03	0.0000E+00	0.0000E+00	1.8677E+00
2.4510E+03	0.0000E+00	0.0000E+00	1.8727E+00
2.4520E+03	0.0000E+00	0.0000E+00	1.8707E+00
2.4530E+03	0.0000E+00	0.0000E+00	1.8617E+00
2.4540E+03	0.0000E+00	0.0000E+00	1.8637E+00
2.4550E+03	0.0000E+00	0.0000E+00	1.8607E+00
2.4560E+03	0.0000E+00	0.0000E+00	1.8567E+00
2.4570E+03	0.0000E+00	0.0000E+00	1.8547E+00
2.4580E+03	0.0000E+00	0.0000E+00	1.8547E+00
2.4590E+03	0.0000E+00	0.0000E+00	1.8567E+00
2.4600E+03	0.0000E+00	0.0000E+00	1.8597E+00
2.4610E+03	0.0000E+00	0.0000E+00	1.8617E+00
2.4620E+03	0.0000E+00	0.0000E+00	1.8607E+00
2.4630E+03	0.0000E+00	0.0000E+00	1.8577E+00
2.4640E+03	0.0000E+00	0.0000E+00	1.8577E+00
2.4650E+03	0.0000E+00	0.0000E+00	1.8567E+00
2.4660E+03	0.0000E+00	0.0000E+00	1.8637E+00
2.4670E+03	0.0000E+00	0.0000E+00	1.8567E+00
2.4680E+03	0.0000E+00	0.0000E+00	1.8537E+00
2.4690E+03	0.0000E+00	0.0000E+00	1.8517E+00
2.4700E+03	0.0000E+00	0.0000E+00	1.8467E+00
2.4710E+03	0.0000E+00	0.0000E+00	1.8467E+00
2.4720E+03	0.0000E+00	0.0000E+00	1.8447E+00
2.4730E+03	0.0000E+00	0.0000E+00	1.8427E+00
2.4740E+03	0.0000E+00	0.0000E+00	1.8427E+00
2.4750E+03	0.0000E+00	0.0000E+00	1.8407E+00
2.4760E+03	0.0000E+00	0.0000E+00	1.8397E+00
2.4770E+03	0.0000E+00	0.0000E+00	1.8407E+00
2.4780E+03	0.0000E+00	0.0000E+00	1.8447E+00
2.4790E+03	0.0000E+00	0.0000E+00	1.8447E+00
2.4800E+03	0.0000E+00	0.0000E+00	1.8437E+00
2.4810E+03	0.0000E+00	0.0000E+00	1.8427E+00
2.4820E+03	0.0000E+00	0.0000E+00	1.8447E+00
2.4830E+03	0.0000E+00	0.0000E+00	1.8447E+00
2.4840E+03	0.0000E+00	0.0000E+00	1.8427E+00
2.4850E+03	0.0000E+00	0.0000E+00	1.8447E+00
2.4860E+03	0.0000E+00	0.0000E+00	1.8427E+00
2.4870E+03	0.0000E+00	0.0000E+00	1.8417E+00
2.4880E+03	0.0000E+00	0.0000E+00	1.8377E+00
2.4890E+03	0.0000E+00	0.0000E+00	1.8397E+00
2.4900E+03	0.0000E+00	0.0000E+00	1.8387E+00
2.4910E+03	0.0000E+00	0.0000E+00	1.8377E+00
2.4920E+03	0.0000E+00	0.0000E+00	1.8347E+00
2.4930E+03	0.0000E+00	0.0000E+00	1.8317E+00
2.4940E+03	0.0000E+00	0.0000E+00	1.8287E+00
2.4950E+03	0.0000E+00	0.0000E+00	1.8277E+00
2.4960E+03	0.0000E+00	0.0000E+00	1.8247E+00
2.4970E+03	0.0000E+00	0.0000E+00	1.8257E+00
2.4980E+03	0.0000E+00	0.0000E+00	1.8217E+00
2.4990E+03	0.0000E+00	0.0000E+00	1.8217E+00
2.5000E+03	0.0000E+00	0.0000E+00	1.8217E+00
2.5010E+03	0.0000E+00	0.0000E+00	1.8217E+00
2.5020E+03	0.0000E+00	0.0000E+00	1.8257E+00
2.5030E+03	0.0000E+00	0.0000E+00	1.8277E+00
2.5040E+03	0.0000E+00	0.0000E+00	1.8297E+00
2.5050E+03	0.0000E+00	0.0000E+00	1.8287E+00
2.5060E+03	0.0000E+00	0.0000E+00	1.8287E+00
2.5070E+03	0.0000E+00	0.0000E+00	1.8307E+00
2.5080E+03	0.0000E+00	0.0000E+00	1.8287E+00
2.5090E+03	0.0000E+00	0.0000E+00	1.8287E+00
2.5100E+03	0.0000E+00	0.0000E+00	1.8297E+00
2.5110E+03	0.0000E+00	0.0000E+00	1.8277E+00
2.5120E+03	0.0000E+00	0.0000E+00	1.8277E+00
2.5130E+03	0.0000E+00	0.0000E+00	1.8277E+00
2.5140E+03	0.0000E+00	0.0000E+00	1.8327E+00
2.5150E+03	0.0000E+00	0.0000E+00	1.8287E+00
2.5160E+03	0.0000E+00	0.0000E+00	1.8297E+00
2.5170E+03	0.0000E+00	0.0000E+00	1.8287E+00
2.5180E+03	0.0000E+00	0.0000E+00	1.8277E+00
2.5190E+03	0.0000E+00	0.0000E+00	1.8247E+00
2.5200E+03	0.0000E+00	0.0000E+00	1.8227E+00
2.5210E+03	0.0000E+00	0.0000E+00	1.8227E+00
2.5220E+03	0.0000E+00	0.0000E+00	1.8237E+00
2.5230E+03	0.0000E+00	0.0000E+00	1.8247E+00
2.5240E+03	0.0000E+00	0.0000E+00	1.8267E+00
2.5250E+03	0.0000E+00	0.0000E+00	1.8277E+00
2.5260E+03	0.0000E+00	0.0000E+00	1.8367E+00
2.5270E+03	0.0000E+00	0.0000E+00	1.8397E+00
2.5280E+03	0.0000E+00	0.0000E+00	1.8417E+00
2.5290E+03	0.0000E+00	0.0000E+00	1.8387E+00
2.5300E+03	0.0000E+00	0.0000E+00	1.8397E+00
2.5310E+03	0.0000E+00	0.0000E+00	1.8397E+00
2.5320E+03	0.0000E+00	0.0000E+00	1.8397E+00
2.5330E+03	0.0000E+00	0.0000E+00	1.8397E+00
2.5340E+03	0.0000E+00	0.0000E+00	1.8407E+00
2.5350E+03	0.0000E+00	0.0000E+00	1.8387E+00
2.5360E+03	0.0000E+00	0.0000E+00	1.8327E+00
2.5370E+03	0.0000E+00	0.0000E+00	1.8317E+00
2.5380E+03	0.0000E+00	0.0000E+00	1.8317E+00
2.5390E+03	0.0000E+00	0.0000E+00	1.8307E+00
2.5400E+03	0.0000E+00	0.0000E+00	1.8287E+00
2.5410E+03	0.0000E+00	0.0000E+00	1.8267E+00
2.5420E+03	0.0000E+00	0.0000E+00	1.8297E+00
2.5430E+03	0.0000E+00	0.0000E+00	1.8317E+00
2.5440E+03	0.0000E+00	0.0000E+00	1.8267E+00
2.5450E+03	0.0000E+00	0.0000E+00	1.8257E+00
2.5460E+03	0.0000E+00	0.0000E+00	1.8227E+00
2.5470E+03	0.0000E+00	0.0000E+00	1.8237E+00
2.5480E+03	0.0000E+00	0.0000E+00	1.8207E+00
2.5490E+03	0.0000E+00	0.0000E+00	1.8227E+00
2.5500E+03	0.0000E+00	0.0000E+00	1.8257E+00
2.5510E+03	0.0000E+00	0.0000E+00	1.8227E+00
2.5520E+03	0.0000E+00	0.0000E+00	1.8257E+00
2.5530E+03	0.0000E+00	0.0000E+00	1.8227E+00
2.5540E+03	0.0000E+00	0.0000E+00	1.8247E+00
2.5550E+03	0.0000E+00	0.0000E+00	1.8247E+00
2.5560E+03	0.0000E+00	0.0000E+00	1.8267E+00
2.5570E+03	0.0000E+00	0.0000E+00	1.8277E+00
2.5580E+03	0.0000E+00	0.0000E+00	1.8277E+00
2.5590E+03	0.0000E+00	0.0000E+00	1.8277E+00
2.5600E+03	0.0000E+00	0.0000E+00	1.8257E+00
2.5610E+03	0.0000E+00	0.0000E+00	1.8277E+00
2.5620E+03	0.0000E+00	0.0000E+00	1.8227E+00
2.5630E+03	0.0000E+00	0.0000E+00	1.8227E+00
2.5640E+03	0.0000E+00	0.0000E+00	1.8187E+00
2.5650E+03	0.0000E+00	0.0000E+00	1.8197E+00
2.5660E+03	0.0000E+00	0.0000E+00	1.8187E+00
2.5670E+03	0.0000E+00	0.0000E+00	1.8187E+00
2.5680E+03	0.0000E+00	0.0000E+00	1.8177E+00
2.5690E+03	0.0000E+00	0.0000E+00	1.8147E+00
2.5700E+03	0.0000E+00	0.0000E+00	1.8147E+00
2.5710E+03	0.0000E+00	0.0000E+00	1.8107E+00
2.5720E+03	0.0000E+00	0.0000E+00	1.8107E+00
2.5730E+03	0.0000E+00	0.0000E+00	1.8117E+00
2.5740E+03	0.0000E+00	0.0000E+00	1.8137E+00
2.5750E+03	0.0000E+00	0.0000E+00	1.8157E+00
2.5760E+03	0.0000E+00	0.0000E+00	1.8147E+00
2.5770E+03	0.0000E+00	0.0000E+00	1.8167E+00
2.5780E+03	0.0000E+00	0.0000E+00	1.8167E+00
2.5790E+03	0.0000E+00	0.0000E+00	1.8217E+00
2.5800E+03	0.0000E+00	0.0000E+00	1.8227E+00
2.5810E+03	0.0000E+00	0.0000E+00	1.8197E+00
2.5820E+03	0.0000E+00	0.0000E+00	1.8217E+00
2.5830E+03	0.0000E+00	0.0000E+00	1.8217E+00
2.5840E+03	0.0000E+00	0.0000E+00	1.8207E+00
2.5850E+03	0.0000E+00	0.0000E+00	1.8177E+00
2.5860E+03	0.0000E+00	0.0000E+00	1.8157E+00
2.5870E+03	0.0000E+00	0.0000E+00	1.8137E+00
2.5880E+03	0.0000E+00	0.0000E+00	1.8127E+00
2.5890E+03	0.0000E+00	0.0000E+00	1.8087E+00
2.5900E+03	0.0000E+00	0.0000E+00	1.8117E+00
2.5910E+03	0.0000E+00	0.0000E+00	1.8117E+00
2.5920E+03	0.0000E+00	0.0000E+00	1.8117E+00
2.5930E+03	0.0000E+00	0.0000E+00	1.8107E+00
2.5940E+03	0.0000E+00	0.0000E+00	1.8087E+00
2.5950E+03	0.0000E+00	0.0000E+00	1.8077E+00
2.5960E+03	0.0000E+00	0.0000E+00	1.8087E+00
2.5970E+03	0.0000E+00	0.0000E+00	1.8087E+00
2.5980E+03	0.0000E+00	0.0000E+00	1.8087E+00
2.5990E+03	0.0000E+00	0.0000E+00	1.8057E+00
2.6000E+03	0.0000E+00	0.0000E+00	1.8087E+00
2.6010E+03	0.0000E+00	0.0000E+00	1.8067E+00
2.6020E+03	0.0000E+00	0.0000E+00	1.8077E+00
2.6030E+03	0.0000E+00	0.0000E+00	1.8087E+00
2.6040E+03	0.0000E+00	0.0000E+00	1.8137E+00
2.6050E+03	0.0000E+00	0.0000E+00	1.8137E+00
2.6060E+03	0.0000E+00	0.0000E+00	1.8147E+00
2.6070E+03	0.0000E+00	0.0000E+00	1.8127E+00
2.6080E+03	0.0000E+00	0.0000E+00	1.8097E+00
2.6090E+03	0.0000E+00	0.0000E+00	1.8087E+00
2.6100E+03	0.0000E+00	0.0000E+00	1.8067E+00
2.6110E+03	0.0000E+00	0.0000E+00	1.8087E+00
2.6120E+03	0.0000E+00	0.0000E+00	1.8057E+00
2.6130E+03	0.0000E+00	0.0000E+00	1.8087E+00
2.6140E+03	0.0000E+00	0.0000E+00	1.8087E+00
2.6150E+03	0.0000E+00	0.0000E+00	1.8047E+00
2.6160E+03	0.0000E+00	0.0000E+00	1.8027E+00
2.6170E+03	0.0000E+00	0.0000E+00	1.7997E+00
2.6180E+03	0.0000E+00	0.0000E+00	1.8017E+00
2.6190E+03	0.0000E+00	0.0000E+00	1.8007E+00
2.6200E+03	0.0000E+00	0.0000E+00	1.7987E+00
2.6210E+03	0.0000E+00	0.0000E+00	1.8017E+00
2.6220E+03	0.0000E+00	0.0000E+00	1.8017E+00
2.6230E+03	0.0000E+00	0.0000E+00	1.8047E+00
2.6240E+03	0.0000E+00	0.0000E+00	1.8027E+00
2.6250E+03	0.0000E+00	0.0000E+00	1.8037E+00
2.6260E+03	0.0000E+00	0.0000E+00	1.8077E+00
2.6270E+03	0.0000E+00	0.0000E+00	1.8067E+00
2.6280E+03	0.0000E+00	0.0000E+00	1.8087E+00
2.6290E+03	0.0000E+00	0.0000E+00	1.8107E+00
2.6300E+03	0.0000E+00	0.0000E+00	1.8097E+00
2.6310E+03	0.0000E+00	0.0000E+00	1.8097E+00
2.6320E+03	0.0000E+00	0.0000E+00	1.8047E+00
2.6330E+03	0.0000E+00	0.0000E+00	1.8097E+00
2.6340E+03	0.0000E+00	0.0000E+00	1.8017E+00
2.6350E+03	0.0000E+00	0.0000E+00	1.8067E+00
2.6360E+03	0.0000E+00	0.0000E+00	1.8047E+00
2.6370E+03	0.0000E+00	0.0000E+00	1.8057E+00
2.6380E+03	0.0000E+00	0.0000E+00	1.8057E+00
2.6390E+03	0.0000E+00	0.0000E+00	1.8027E+00
2.6400E+03	0.0000E+00	0.0000E+00	1.8017E+00
2.6410E+03	0.0000E+00	0.0000E+00	1.8017E+00
2.6420E+03	0.0000E+00	0.0000E+00	1.7987E+00
2.6430E+03	0.0000E+00	0.0000E+00	1.7987E+00
2.6440E+03	0.0000E+00	0.0000E+00	1.7947E+00
2.6450E+03	0.0000E+00	0.0000E+00	1.7927E+00
2.6460E+03	0.0000E+00	0.0000E+00	1.7977E+00
2.6470E+03	0.0000E+00	0.0000E+00	1.7967E+00
2.6480E+03	0.0000E+00	0.0000E+00	1.7987E+00
2.6490E+03	0.0000E+00	0.0000E+00	1.8007E+00
2.6500E+03	0.0000E+00	0.0000E+00	1.8017E+00
2.6510E+03	0.0000E+00	0.0000E+00	1.8037E+00
2.6520E+03	0.0000E+00	0.0000E+00	1.8067E+00
2.6530E+03	0.0000E+00	0.0000E+00	1.8037E+00
2.6540E+03	0.0000E+00	0.0000E+00	1.8067E+00
2.6550E+03	0.0000E+00	0.0000E+00	1.8077E+00
2.6560E+03	0.0000E+00	0.0000E+00	1.8057E+00
2.6570E+03	0.0000E+00	0.0000E+00	1.8047E+00
2.6580E+03	0.0000E+00	0.0000E+00	1.8057E+00
2.6590E+03	0.0000E+00	0.0000E+00	1.8017E+00
2.6600E+03	0.0000E+00	0.0000E+00	1.7997E+00
2.6610E+03	0.0000E+00	0.0000E+00	1.7977E+00
2.6620E+03	0.0000E+00	0.0000E+00	1.7997E+00
2.6630E+03	0.0000E+00	0.0000E+00	1.8017E+00
2.6640E+03	0.0000E+00	0.0000E+00	1.8017E+00
2.6650E+03	0.0000E+00	0.0000E+00	1.7997E+00
2.6660E+03	0.0000E+00	0.0000E+00	1.7977E+00
2.6670E+03	0.0000E+00	0.0000E+00	1.7977E+00
2.6680E+03	0.0000E+00	0.0000E+00	1.7937E+00
2.6690E+03	0.0000E+00	0.0000E+00	1.7967E+00
2.6700E+03	0.0000E+00	0.0000E+00	1.7927E+00
2.6710E+03	0.0000E+00	0.0000E+00	1.7967E+00
2.6720E+03	0.0000E+00	0.0000E+00	1.7967E+00
2.6730E+03	0.0000E+00	0.0000E+00	1.7927E+00
2.6740E+03	0.0000E+00	0.0000E+00	1.7927E+00
2.6750E+03	0.0000E+00	0.0000E+00	1.7967E+00
2.6760E+03	0.0000E+00	0.0000E+00	1.8017E+00
2.6770E+03	0.0000E+00	0.0000E+00	1.8007E+00
2.6780E+03	0.0000E+00	0.0000E+00	1.8007E+00
2.6790E+03	0.0000E+00	0.0000E+00	1.8017E+00
2.6800E+03	0.0000E+00	0.0000E+00	1.7977E+00
2.6810E+03	0.0000E+00	0.0000E+00	1.7987E+00
2.6820E+03	0.0000E+00	0.0000E+00	1.7987E+00
2.6830E+03	0.0000E+00	0.0000E+00	1.7947E+00
2.6840E+03	0.0000E+00	0.0000E+00	1.7987E+00
2.6850E+03	0.0000E+00	0.0000E+00	1.7937E+00
2.6860E+03	0.0000E+00	0.0000E+00	1.7917E+00
2.6870E+03	0.0000E+00	0.0000E+00	1.7897E+00
2.6880E+03	0.0000E+00	0.0000E+00	1.7927E+00
2.6890E+03	0.0000E+00	0.0000E+00	1.7957E+00
2.6900E+03	0.0000E+00	0.0000E+00	1.7957E+00
2.6910E+03	0.0000E+00	0.0000E+00	1.7927E+00
2.6920E+03	0.0000E+00	0.0000E+00	1.7967E+00
2.6930E+03	0.0000E+00	0.0000E+00	1.7917E+00
2.6940E+03	0.0000E+00	0.0000E+00	1.7907E+00
2.6950E+03	0.0000E+00	0.0000E+00	1.7937E+00
2.6960E+03	0.0000E+00	0.0000E+00	1.7927E+00
2.6970E+03	0.0000E+00	0.0000E+00	1.7937E+00
2.6980E+03	0.0000E+00	0.0000E+00	1.7977E+00
2.6990E+03	0.0000E+00	0.0000E+00	1.8007E+00
2.7000E+03	0.0000E+00	0.0000E+00	1.8037E+00
2.7010E+03	0.0000E+00	0.0000E+00	1.8057E+00
2.7020E+03	0.0000E+00	0.0000E+00	1.8077E+00
2.7030E+03	0.0000E+00	0.0000E+00	1.7987E+00
2.7040E+03	0.0000E+00	0.0000E+00	1.8037E+00
2.7050E+03	0.0000E+00	0.0000E+00	1.8017E+00
2.7060E+03	0.0000E+00	0.0000E+00	1.8017E+00
2.7070E+03	0.0000E+00	0.0000E+00	1.7987E+00
2.7080E+03	0.0000E+00	0.0000E+00	1.7977E+00
2.7090E+03	0.0000E+00	0.0000E+00	1.7977E+00
2.7100E+03	0.0000E+00	0.0000E+00	1.7947E+00
2.7110E+03	0.0000E+00	0.0000E+00	1.8007E+00
2.7120E+03	0.0000E+00	0.0000E+00	1.8027E+00
2.7130E+03	0.0000E+00	0.0000E+00	1.7997E+00
2.7140E+03	0.0000E+00	0.0000E+00	1.7937E+00
2.7150E+03	0.0000E+00	0.0000E+00	1.7927E+00
2.7160E+03	0.0000E+00	0.0000E+00	1.7907E+00
2.7170E+03	0.0000E+00	0.0000E+00	1.7877E+00
2.7180E+03	0.0000E+00	0.0000E+00	1.7867E+00
2.7190E+03	0.0000E+00	0.0000E+00	1.7897E+00
2.7200E+03	0.0000E+00	0.0000E+00	1.7907E+00
2.7210E+03	0.0000E+00	0.0000E+00	1.7907E+00
2.7220E+03	0.0000E+00	0.0000E+00	1.7937E+00
2.7230E+03	0.0000E+00	0.0000E+00	1.7897E+00
2.7240E+03	0.0000E+00	0.0000E+00	1.7967E+00
2.7250E+03	0.0000E+00	0.0000E+00	1.7987E+00
2.7260E+03	0.0000E+00	0.0000E+00	1.7997E+00
2.7270E+03	0.0000E+00	0.0000E+00	1.8017E+00
2.7280E+03	0.0000E+00	0.0000E+00	1.7977E+00
2.7290E+03	0.0000E+00	0.0000E+00	1.7947E+00
2.7300E+03	0.0000E+00	0.0000E+00	1.7947E+00
2.7310E+03	0.0000E+00	0.0000E+00	1.7947E+00
2.7320E+03	0.0000E+00	0.0000E+00	1.7947E+00
2.7330E+03	0.0000E+00	0.0000E+00	1.7947E+00
2.7340E+03	0.0000E+00	0.0000E+00	1.7947E+00
2.7350E+03	0.0000E+00	0.0000E+00	1.7927E+00
2.7360E+03	0.0000E+00	0.0000E+00	1.7907E+00
2.7370E+03	0.0000E+00	0.0000E+00	1.7867E+00
2.7380E+03	0.0000E+00	0.0000E+00	1.7877E+00
2.7390E+03	0.0000E+00	0.0000E+00	1.7837E+00
2.7400E+03	0.0000E+00	0.0000E+00	1.7847E+00
2.7410E+03	0.0000E+00	0.0000E+00	1.7887E+00
2.7420E+03	0.0000E+00	0.0000E+00	1.7857E+00
2.7430E+03	0.0000E+00	0.0000E+00	1.7877E+00
2.7440E+03	0.0000E+00	0.0000E+00	1.7917E+00
2.7450E+03	0.0000E+00	0.0000E+00	1.7887E+00
2.7460E+03	0.0000E+00	0.0000E+00	1.7917E+00
2.7470E+03	0.0000E+00	0.0000E+00	1.7967E+00
2.7480E+03	0.0000E+00	0.0000E+00	1.7957E+00
2.7490E+03	0.0000E+00	0.0000E+00	1.7967E+00
2.7500E+03	0.0000E+00	0.0000E+00	1.7987E+00
2.7510E+03	0.0000E+00	0.0000E+00	1.7957E+00
2.7520E+03	0.0000E+00	0.0000E+00	1.7947E+00
2.7530E+03	0.0000E+00	0.0000E+00	1.7947E+00
2.7540E+03	0.0000E+00	0.0000E+00	1.7967E+00
2.7550E+03	0.0000E+00	0.0000E+00	1.7997E+00
2.7560E+03	0.0000E+00	0.0000E+00	1.7977E+00
2.7570E+03	0.0000E+00	0.0000E+00	1.7977E+00
2.7580E+03	0.0000E+00	0.0000E+00	1.7967E+00
2.7590E+03	0.0000E+00	0.0000E+00	1.7937E+00
2.7600E+03	0.0000E+00	0.0000E+00	1.7897E+00
2.7610E+03	0.0000E+00	0.0000E+00	1.7917E+00
2.7620E+03	0.0000E+00	0.0000E+00	1.7907E+00
2.7630E+03	0.0000E+00	0.0000E+00	1.7897E+00
2.7640E+03	0.0000E+00	0.0000E+00	1.7887E+00
2.7650E+03	0.0000E+00	0.0000E+00	1.7877E+00
2.7660E+03	0.0000E+00	0.0000E+00	1.7897E+00
2.7670E+03	0.0000E+00	0.0000E+00	1.7877E+00
2.7680E+03	0.0000E+00	0.0000E+00	1.7887E+00
2.7690E+03	0.0000E+00	0.0000E+00	1.7907E+00
2.7700E+03	0.0000E+00	0.0000E+00	1.7927E+00
2.7710E+03	0.0000E+00	0.0000E+00	1.7937E+00
2.7720E+03	0.0000E+00	0.0000E+00	1.7937E+00
2.7730E+03	0.0000E+00	0.0000E+00	1.7957E+00
2.7740E+03	0.0000E+00	0.0000E+00	1.7987E+00
2.7750E+03	0.0000E+00	0.0000E+00	1.7937E+00
2.7760E+03	0.0000E+00	0.0000E+00	1.7917E+00
2.7770E+03	0.0000E+00	0.0000E+00	1.7917E+00
2.7780E+03	0.0000E+00	0.0000E+00	1.7877E+00
2.7790E+03	0.0000E+00	0.0000E+00	1.7897E+00
2.7800E+03	0.0000E+00	0.0000E+00	1.7877E+00
2.7810E+03	0.0000E+00	0.0000E+00	1.7877E+00
2.7820E+03	0.0000E+00	0.0000E+00	1.7867E+00
2.7830E+03	0.0000E+00	0.0000E+00	1.7857E+00
2.7840E+03	0.0000E+00	0.0000E+00	1.7857E+00
2.7850E+03	0.0000E+00	0.0000E+00	1.7857E+00
2.7860E+03	0.0000E+00	0.0000E+00	1.7837E+00
2.7870E+03	0.0000E+00	0.0000E+00	1.7817E+00
2.7880E+03	0.0000E+00	0.0000E+00	1.7797E+00
2.7890E+03	0.0000E+00	0.0000E+00	1.7787E+00
2.7900E+03	0.0000E+00	0.0000E+00	1.7757E+00
2.7910E+03	0.0000E+00	0.0000E+00	1.7727E+00
2.7920E+03	0.0000E+00	0.0000E+00	1.7787E+00
2.7930E+03	0.0000E+00	0.0000E+00	1.7817E+00
2.7940E+03	0.0000E+00	0.0000E+00	1.7857E+00
2.7950E+03	0.0000E+00	0.0000E+00	1.7877E+00
2.7960E+03	0.0000E+00	0.0000E+00	1.7897E+00
2.7970E+03	0.0000E+00	0.0000E+00	1.7927E+00
2.7980E+03	0.0000E+00	0.0000E+00	1.7947E+00
2.7990E+03	0.0000E+00	0.0000E+00	1.7947E+00
2.8000E+03	0.0000E+00	0.0000E+00	1.7937E+00
2.8010E+03	0.0000E+00	0.0000E+00	1.7907E+00
2.8020E+03	0.0000E+00	0.0000E+00	1.7917E+00
2.8030E+03	0.0000E+00	0.0000E+00	1.7887E+00
2.8040E+03	0.0000E+00	0.0000E+00	1.7857E+00
2.8050E+03	0.0000E+00	0.0000E+00	1.7907E+00
2.8060E+03	0.0000E+00	0.0000E+00	1.7897E+00
2.8070E+03	0.0000E+00	0.0000E+00	1.7917E+00
2.8080E+03	0.0000E+00	0.0000E+00	1.7877E+00
2.8090E+03	0.0000E+00	0.0000E+00	1.7847E+00
2.8100E+03	0.0000E+00	0.0000E+00	1.7817E+00
2.8110E+03	0.0000E+00	0.0000E+00	1.7817E+00
2.8120E+03	0.0000E+00	0.0000E+00	1.7817E+00
2.8130E+03	0.0000E+00	0.0000E+00	1.7797E+00
2.8140E+03	0.0000E+00	0.0000E+00	1.7817E+00
2.8150E+03	0.0000E+00	0.0000E+00	1.7817E+00
2.8160E+03	0.0000E+00	0.0000E+00	1.7827E+00
2.8170E+03	0.0000E+00	0.0000E+00	1.7867E+00
2.8180E+03	0.0000E+00	0.0000E+00	1.7897E+00
2.8190E+03	0.0000E+00	0.0000E+00	1.7907E+00
2.8200E+03	0.0000E+00	0.0000E+00	1.7927E+00
2.8210E+03	0.0000E+00	0.0000E+00	1.7877E+00
2.8220E+03	0.0000E+00	0.0000E+00	1.7697E+00
2.8230E+03	0.0000E+00	0.0000E+00	1.7607E+00
2.8240E+03	0.0000E+00	0.0000E+00	1.7637E+00
2.8250E+03	0.0000E+00	0.0000E+00	1.7647E+00
2.8260E+03	0.0000E+00	0.0000E+00	1.7647E+00
2.8270E+03	0.0000E+00	0.0000E+00	1.7667E+00
2.8280E+03	0.0000E+00	0.0000E+00	1.7677E+00
2.8290E+03	0.0000E+00	0.0000E+00	1.7637E+00
2.8300E+03	0.0000E+00	0.0000E+00	1.7637E+00
2.8310E+03	0.0000E+00	0.0000E+00	1.7607E+00
2.8320E+03	0.0000E+00	0.0000E+00	1.7567E+00
2.8330E+03	0.0000E+00	0.0000E+00	1.7607E+00
2.8340E+03	0.0000E+00	0.0000E+00	1.7607E+00
2.8350E+03	0.0000E+00	0.0000E+00	1.7607E+00
2.8360E+03	0.0000E+00	0.0000E+00	1.7607E+00
2.8370E+03	0.0000E+00	0.0000E+00	1.7607E+00
2.8380E+03	0.0000E+00	0.0000E+00	1.7627E+00
2.8390E+03	0.0000E+00	0.0000E+00	1.7637E+00
2.8400E+03	0.0000E+00	0.0000E+00	1.7647E+00
2.8410E+03	0.0000E+00	0.0000E+00	1.7657E+00
2.8420E+03	0.0000E+00	0.0000E+00	1.7697E+00
2.8430E+03	0.0000E+00	0.0000E+00	1.7757E+00
2.8440E+03	0.0000E+00	0.0000E+00	1.7737E+00
2.8450E+03	0.0000E+00	0.0000E+00	1.7757E+00
2.8460E+03	0.0000E+00	0.0000E+00	1.7767E+00
2.8470E+03	0.0000E+00	0.0000E+00	1.7787E+00
2.8480E+03	0.0000E+00	0.0000E+00	1.7757E+00
2.8490E+03	0.0000E+00	0.0000E+00	1.7707E+00
2.8500E+03	0.0000E+00	0.0000E+00	1.7737E+00
2.8510E+03	0.0000E+00	0.0000E+00	1.7737E+00
2.8520E+03	0.0000E+00	0.0000E+00	1.7757E+00
2.8530E+03	0.0000E+00	0.0000E+00	1.7787E+00
2.8540E+03	0.0000E+00	0.0000E+00	1.7767E+00
2.8550E+03	0.0000E+00	0.0000E+00	1.7667E+00
2.8560E+03	0.0000E+00	0.0000E+00	1.7657E+00
2.8570E+03	0.0000E+00	0.0000E+00	1.7657E+00
2.8580E+03	0.0000E+00	0.0000E+00	1.7697E+00
2.8590E+03	0.0000E+00	0.0000E+00	1.7687E+00
2.8600E+03	0.0000E+00	0.0000E+00	1.7667E+00
2.8610E+03	0.0000E+00	0.0000E+00	1.7647E+00
2.8620E+03	0.0000E+00	0.0000E+00	1.7637E+00
2.8630E+03	0.0000E+00	0.0000E+00	1.7657E+00
2.8640E+03	0.0000E+00	0.0000E+00	1.7687E+00
2.8650E+03	0.0000E+00	0.0000E+00	1.7657E+00
2.8660E+03	0.0000E+00	0.0000E+00	1.7667E+00
2.8670E+03	0.0000E+00	0.0000E+00	1.7697E+00
2.8680E+03	0.0000E+00	0.0000E+00	1.7727E+00
2.8690E+03	0.0000E+00	0.0000E+00	1.7737E+00
2.8700E+03	0.0000E+00	0.0000E+00	1.7737E+00
2.8710E+03	0.0000E+00	0.0000E+00	1.7707E+00
2.8720E+03	0.0000E+00	0.0000E+00	1.7667E+00
2.8730E+03	0.0000E+00	0.0000E+00	1.7657E+00
2.8740E+03	0.0000E+00	0.0000E+00	1.7627E+00
2.8750E+03	0.0000E+00	0.0000E+00	1.7637E+00
2.8760E+03	0.0000E+00	0.0000E+00	1.7627E+00
2.8770E+03	0.0000E+00	0.0000E+00	1.7637E+00
2.8780E+03	0.0000E+00	0.0000E+00	1.7637E+00
2.8790E+03	0.0000E+00	0.0000E+00	1.7607E+00
2.8800E+03	0.0000E+00	0.0000E+00	1.7547E+00
2.8810E+03	0.0000E+00	0.0000E+00	1.7547E+00
2.8820E+03	0.0000E+00	0.0000E+00	1.7547E+00
2.8830E+03	0.0000E+00	0.0000E+00	1.7537E+00
2.8840E+03	0.0000E+00	0.0000E+00	1.7517E+00
2.8850E+03	0.0000E+00	0.0000E+00	1.7547E+00
2.8860E+03	0.0000E+00	0.0000E+00	1.7547E+00
2.8870E+03	0.0000E+00	0.0000E+00	1.7537E+00
2.8880E+03	0.0000E+00	0.0000E+00	1.7527E+00
2.8890E+03	0.0000E+00	0.0000E+00	1.7537E+00
2.8900E+03	0.0000E+00	0.0000E+00	1.7587E+00
2.8910E+03	0.0000E+00	0.0000E+00	1.7617E+00
2.8920E+03	0.0000E+00	0.0000E+00	1.7637E+00
2.8930E+03	0.0000E+00	0.0000E+00	1.7667E+00
2.8940E+03	0.0000E+00	0.0000E+00	1.7687E+00
2.8950E+03	0.0000E+00	0.0000E+00	1.7697E+00
2.8960E+03	0.0000E+00	0.0000E+00	1.7687E+00
2.8970E+03	0.0000E+00	0.0000E+00	1.7687E+00
2.8980E+03	0.0000E+00	0.0000E+00	1.7667E+00
2.8990E+03	0.0000E+00	0.0000E+00	1.7617E+00
2.9000E+03	0.0000E+00	0.0000E+00	1.7577E+00
2.9010E+03	0.0000E+00	0.0000E+00	1.7587E+00
2.9020E+03	0.0000E+00	0.0000E+00	1.7587E+00
2.9030E+03	0.0000E+00	0.0000E+00	1.7567E+00
2.9040E+03	0.0000E+00	0.0000E+00	1.7557E+00
2.9050E+03	0.0000E+00	0.0000E+00	1.7577E+00
2.9060E+03	0.0000E+00	0.0000E+00	1.7577E+00
2.9070E+03	0.0000E+00	0.0000E+00	1.7567E+00
2.9080E+03	0.0000E+00	0.0000E+00	1.7557E+00
2.9090E+03	0.0000E+00	0.0000E+00	1.7517E+00
2.9100E+03	0.0000E+00	0.0000E+00	1.7487E+00
2.9110E+03	0.0000E+00	0.0000E+00	1.7457E+00
2.9120E+03	0.0000E+00	0.0000E+00	1.7467E+00
2.9130E+03	0.0000E+00	0.0000E+00	1.7497E+00
2.9140E+03	0.0000E+00	0.0000E+00	1.7557E+00
2.9150E+03	0.0000E+00	0.0000E+00	1.7607E+00
2.9160E+03	0.0000E+00	0.0000E+00	1.7637E+00
2.9170E+03	0.0000E+00	0.0000E+00	1.7667E+00
2.9180E+03	0.0000E+00	0.0000E+00	1.7707E+00
2.9190E+03	0.0000E+00	0.0000E+00	1.7687E+00
2.9200E+03	0.0000E+00	0.0000E+00	1.7687E+00
2.9210E+03	0.0000E+00	0.0000E+00	1.7667E+00
2.9220E+03	0.0000E+00	0.0000E+00	1.7677E+00
2.9230E+03	0.0000E+00	0.0000E+00	1.7667E+00
2.9240E+03	0.0000E+00	0.0000E+00	1.7707E+00
2.9250E+03	0.0000E+00	0.0000E+00	1.7717E+00
2.9260E+03	0.0000E+00	0.0000E+00	1.7687E+00
2.9270E+03	0.0000E+00	0.0000E+00	1.7667E+00
2.9280E+03	0.0000E+00	0.0000E+00	1.7617E+00
2.9290E+03	0.0000E+00	0.0000E+00	1.7617E+00
2.9300E+03	0.0000E+00	0.0000E+00	1.7617E+00
2.9310E+03	0.0000E+00	0.0000E+00	1.7637E+00
2.9320E+03	0.0000E+00	0.0000E+00	1.7637E+00
2.9330E+03	0.0000E+00	0.0000E+00	1.7607E+00
2.9340E+03	0.0000E+00	0.0000E+00	1.7587E+00
2.9350E+03	0.0000E+00	0.0000E+00	1.7567E+00
2.9360E+03	0.0000E+00	0.0000E+00	1.7587E+00
2.9370E+03	0.0000E+00	0.0000E+00	1.7577E+00
2.9380E+03	0.0000E+00	0.0000E+00	1.7637E+00
2.9390E+03	0.0000E+00	0.0000E+00	1.7627E+00
2.9400E+03	0.0000E+00	0.0000E+00	1.7617E+00
2.9410E+03	0.0000E+00	0.0000E+00	1.7617E+00
2.9420E+03	0.0000E+00	0.0000E+00	1.7657E+00
2.9430E+03	0.0000E+00	0.0000E+00	1.7647E+00
2.9440E+03	0.0000E+00	0.0000E+00	1.7697E+00
2.9450E+03	0.0000E+00	0.0000E+00	1.7667E+00
2.9460E+03	0.0000E+00	0.0000E+00	1.7597E+00
2.9470E+03	0.0000E+00	0.0000E+00	1.7607E+00
2.9480E+03	0.0000E+00	0.0000E+00	1.7577E+00
2.9490E+03	0.0000E+00	0.0000E+00	1.7607E+00
2.9500E+03	0.0000E+00	0.0000E+00	1.7597E+00
2.9510E+03	0.0000E+00	0.0000E+00	1.7617E+00
2.9520E+03	0.0000E+00	0.0000E+00	1.7567E+00
2.9530E+03	0.0000E+00	0.0000E+00	1.7557E+00
2.9540E+03	0.0000E+00	0.0000E+00	1.7577E+00
2.9550E+03	0.0000E+00	0.0000E+00	1.7567E+00
2.9560E+03	0.0000E+00	0.0000E+00	1.7567E+00
2.9570E+03	0.0000E+00	0.0000E+00	1.7547E+00
2.9580E+03	0.0000E+00	0.0000E+00	1.7547E+00
2.9590E+03	0.0000E+00	0.0000E+00	1.7607E+00
2.9600E+03	0.0000E+00	0.0000E+00	1.7637E+00
2.9610E+03	0.0000E+00	0.0000E+00	1.7637E+00
2.9620E+03	0.0000E+00	0.0000E+00	1.7667E+00
2.9630E+03	0.0000E+00	0.0000E+00	1.7667E+00
2.9640E+03	0.0000E+00	0.0000E+00	1.7657E+00
2.9650E+03	0.0000E+00	0.0000E+00	1.7687E+00
2.9660E+03	0.0000E+00	0.0000E+00	1.7687E+00
2.9670E+03	0.0000E+00	0.0000E+00	1.7767E+00
2.9680E+03	0.0000E+00	0.0000E+00	1.7757E+00
2.9690E+03	0.0000E+00	0.0000E+00	1.7777E+00
2.9700E+03	0.0000E+00	0.0000E+00	1.7757E+00
2.9710E+03	0.0000E+00	0.0000E+00	1.7757E+00
2.9720E+03	0.0000E+00	0.0000E+00	1.7717E+00
2.9730E+03	0.0000E+00	0.0000E+00	1.7717E+00
2.9740E+03	0.0000E+00	0.0000E+00	1.7697E+00
2.9750E+03	0.0000E+00	0.0000E+00	1.7707E+00
2.9760E+03	0.0000E+00	0.0000E+00	1.7737E+00
2.9770E+03	0.0000E+00	0.0000E+00	1.7717E+00
2.9780E+03	0.0000E+00	0.0000E+00	1.7757E+00
2.9790E+03	0.0000E+00	0.0000E+00	1.7777E+00
2.9800E+03	0.0000E+00	0.0000E+00	1.7827E+00
2.9810E+03	0.0000E+00	0.0000E+00	1.7837E+00
2.9820E+03	0.0000E+00	0.0000E+00	1.7867E+00
2.9830E+03	0.0000E+00	0.0000E+00	1.7867E+00
2.9840E+03	0.0000E+00	0.0000E+00	1.7877E+00
2.9850E+03	0.0000E+00	0.0000E+00	1.7847E+00
2.9860E+03	0.0000E+00	0.0000E+00	1.7857E+00
2.9870E+03	0.0000E+00	0.0000E+00	1.7867E+00
2.9880E+03	0.0000E+00	0.0000E+00	1.7887E+00
2.9890E+03	0.0000E+00	0.0000E+00	1.7867E+00
2.9900E+03	0.0000E+00	0.0000E+00	1.7877E+00
2.9910E+03	0.0000E+00	0.0000E+00	1.7887E+00
2.9920E+03	0.0000E+00	0.0000E+00	1.7837E+00
2.9930E+03	0.0000E+00	0.0000E+00	1.7847E+00
2.9940E+03	0.0000E+00	0.0000E+00	1.7857E+00
2.9950E+03	0.0000E+00	0.0000E+00	1.7837E+00
2.9960E+03	0.0000E+00	0.0000E+00	1.7807E+00
2.9970E+03	0.0000E+00	0.0000E+00	1.7757E+00
2.9980E+03	0.0000E+00	0.0000E+00	1.7767E+00
2.9990E+03	0.0000E+00	0.0000E+00	1.7757E+00
3.0000E+03	0.0000E+00	0.0000E+00	1.7767E+00
3.0010E+03	0.0000E+00	0.0000E+00	1.7767E+00
3.0020E+03	0.0000E+00	0.0000E+00	1.7737E+00
3.0030E+03	0.0000E+00	0.0000E+00	1.7727E+00
3.0040E+03	0.0000E+00	0.0000E+00	1.7707E+00
3.0050E+03	0.0000E+00	0.0000E+00	1.7697E+00
3.0060E+03	0.0000E+00	0.0000E+00	1.7677E+00
3.0070E+03	0.0000E+00	0.0000E+00	1.7687E+00
3.0080E+03	0.0000E+00	0.0000E+00	1.7697E+00
3.0090E+03	0.0000E+00	0.0000E+00	1.7757E+00
3.0100E+03	0.0000E+00	0.0000E+00	1.7727E+00
3.0110E+03	0.0000E+00	0.0000E+00	1.7727E+00
3.0120E+03	0.0000E+00	0.0000E+00	1.7747E+00
3.0130E+03	0.0000E+00	0.0000E+00	1.7837E+00
3.0140E+03	0.0000E+00	0.0000E+00	1.7837E+00
3.0150E+03	0.0000E+00	0.0000E+00	1.7857E+00
3.0160E+03	0.0000E+00	0.0000E+00	1.7837E+00
3.0170E+03	0.0000E+00	0.0000E+00	1.7857E+00
3.0180E+03	0.0000E+00	0.0000E+00	1.7827E+00
3.0190E+03	0.0000E+00	0.0000E+00	1.7767E+00
3.0200E+03	0.0000E+00	0.0000E+00	1.7747E+00
3.0210E+03	0.0000E+00	0.0000E+00	1.7767E+00
3.0220E+03	0.0000E+00	0.0000E+00	1.7797E+00
3.0230E+03	0.0000E+00	0.0000E+00	1.7817E+00
3.0240E+03	0.0000E+00	0.0000E+00	1.7827E+00
3.0250E+03	0.0000E+00	0.0000E+00	1.7827E+00
3.0260E+03	0.0000E+00	0.0000E+00	1.7807E+00
3.0270E+03	0.0000E+00	0.0000E+00	1.7777E+00
3.0280E+03	0.0000E+00	0.0000E+00	1.7767E+00
3.0290E+03	0.0000E+00	0.0000E+00	1.7747E+00
3.0300E+03	0.0000E+00	0.0000E+00	1.7747E+00
3.0310E+03	0.0000E+00	0.0000E+00	1.7707E+00
3.0320E+03	0.0000E+00	0.0000E+00	1.7687E+00
3.0330E+03	0.0000E+00	0.0000E+00	1.7637E+00
3.0340E+03	0.0000E+00	0.0000E+00	1.7637E+00
3.0350E+03	0.0000E+00	0.0000E+00	1.7667E+00
3.0360E+03	0.0000E+00	0.0000E+00	1.7727E+00
3.0370E+03	0.0000E+00	0.0000E+00	1.7757E+00
3.0380E+03	0.0000E+00	0.0000E+00	1.7827E+00
3.0390E+03	0.0000E+00	0.0000E+00	1.7757E+00
3.0400E+03	0.0000E+00	0.0000E+00	1.7767E+00
3.0410E+03	0.0000E+00	0.0000E+00	1.7687E+00
3.0420E+03	0.0000E+00	0.0000E+00	1.7717E+00
3.0430E+03	0.0000E+00	0.0000E+00	1.7697E+00
3.0440E+03	0.0000E+00	0.0000E+00	1.7687E+00
3.0450E+03	0.0000E+00	0.0000E+00	1.7637E+00
3.0460E+03	0.0000E+00	0.0000E+00	1.7667E+00
3.0470E+03	0.0000E+00	0.0000E+00	1.7617E+00
3.0480E+03	0.0000E+00	0.0000E+00	1.7637E+00
3.0490E+03	0.0000E+00	0.0000E+00	1.7617E+00
3.0500E+03	0.0000E+00	0.0000E+00	1.7627E+00
3.0510E+03	0.0000E+00	0.0000E+00	1.7607E+00
3.0520E+03	0.0000E+00	0.0000E+00	1.7547E+00
3.0530E+03	0.0000E+00	0.0000E+00	1.7537E+00
3.0540E+03	0.0000E+00	0.0000E+00	1.7557E+00
3.0550E+03	0.0000E+00	0.0000E+00	1.7567E+00
3.0560E+03	0.0000E+00	0.0000E+00	1.7587E+00
3.0570E+03	0.0000E+00	0.0000E+00	1.7607E+00
3.0580E+03	0.0000E+00	0.0000E+00	1.7647E+00
3.0590E+03	0.0000E+00	0.0000E+00	1.7667E+00
3.0600E+03	0.0000E+00	0.0000E+00	1.7677E+00
3.0610E+03	0.0000E+00	0.0000E+00	1.7697E+00
3.0620E+03	0.0000E+00	0.0000E+00	1.7727E+00
3.0630E+03	0.0000E+00	0.0000E+00	1.7747E+00
3.0640E+03	0.0000E+00	0.0000E+00	1.7727E+00
3.0650E+03	0.0000E+00	0.0000E+00	1.7697E+00
3.0660E+03	0.0000E+00	0.0000E+00	1.7727E+00
3.0670E+03	0.0000E+00	0.0000E+00	1.7667E+00
3.0680E+03	0.0000E+00	0.0000E+00	1.7647E+00
3.0690E+03	0.0000E+00	0.0000E+00	1.7627E+00
3.0700E+03	0.0000E+00	0.0000E+00	1.7597E+00
3.0710E+03	0.0000E+00	0.0000E+00	1.7587E+00
3.0720E+03	0.0000E+00	0.0000E+00	1.7587E+00
3.0730E+03	0.0000E+00	0.0000E+00	1.7587E+00
3.0740E+03	0.0000E+00	0.0000E+00	1.7577E+00
3.0750E+03	0.0000E+00	0.0000E+00	1.7567E+00
3.0760E+03	0.0000E+00	0.0000E+00	1.7517E+00
3.0770E+03	0.0000E+00	0.0000E+00	1.7477E+00
3.0780E+03	0.0000E+00	0.0000E+00	1.7477E+00
3.0790E+03	0.0000E+00	0.0000E+00	1.7477E+00
3.0800E+03	0.0000E+00	0.0000E+00	1.7457E+00
3.0810E+03	0.0000E+00	0.0000E+00	1.7477E+00
3.0820E+03	0.0000E+00	0.0000E+00	1.7567E+00
3.0830E+03	0.0000E+00	0.0000E+00	1.7627E+00
3.0840E+03	0.0000E+00	0.0000E+00	1.7707E+00
3.0850E+03	0.0000E+00	0.0000E+00	1.7717E+00
3.0860E+03	0.0000E+00	0.0000E+00	1.7757E+00
3.0870E+03	0.0000E+00	0.0000E+00	1.7717E+00
3.0880E+03	0.0000E+00	0.0000E+00	1.7737E+00
3.0890E+03	0.0000E+00	0.0000E+00	1.7747E+00
3.0900E+03	0.0000E+00	0.0000E+00	1.7737E+00
3.0910E+03	0.0000E+00	0.0000E+00	1.7737E+00
3.0920E+03	0.0000E+00	0.0000E+00	1.7747E+00
3.0930E+03	0.0000E+00	0.0000E+00	1.7747E+00
3.0940E+03	0.0000E+00	0.0000E+00	1.7677E+00
3.0950E+03	0.0000E+00	0.0000E+00	1.7657E+00
3.0960E+03	0.0000E+00	0.0000E+00	1.7607E+00
3.0970E+03	0.0000E+00	0.0000E+00	1.7637E+00
3.0980E+03	0.0000E+00	0.0000E+00	1.7667E+00
3.0990E+03	0.0000E+00	0.0000E+00	1.7657E+00
3.1000E+03	0.0000E+00	0.0000E+00	1.7657E+00
3.1010E+03	0.0000E+00	0.0000E+00	1.7637E+00
3.1020E+03	0.0000E+00	0.0000E+00	1.7597E+00
3.1030E+03	0.0000E+00	0.0000E+00	1.7607E+00
3.1040E+03	0.0000E+00	0.0000E+00	1.7617E+00
3.1050E+03	0.0000E+00	0.0000E+00	1.7637E+00
3.1060E+03	0.0000E+00	0.0000E+00	1.7687E+00
3.1070E+03	0.0000E+00	0.0000E+00	1.7727E+00
3.1080E+03	0.0000E+00	0.0000E+00	1.7767E+00
3.1090E+03	0.0000E+00	0.0000E+00	1.7757E+00
3.1100E+03	0.0000E+00	0.0000E+00	1.7787E+00
3.1110E+03	0.0000E+00	0.0000E+00	1.7797E+00
3.1120E+03	0.0000E+00	0.0000E+00	1.7757E+00
3.1130E+03	0.0000E+00	0.0000E+00	1.7747E+00
3.1140E+03	0.0000E+00	0.0000E+00	1.7737E+00
3.1150E+03	0.0000E+00	0.0000E+00	1.7747E+00
3.1160E+03	0.0000E+00	0.0000E+00	1.7737E+00
3.1170E+03	0.0000E+00	0.0000E+00	1.7727E+00
3.1180E+03	0.0000E+00	0.0000E+00	1.7727E+00
3.1190E+03	0.0000E+00	0.0000E+00	1.7727E+00
3.1200E+03	0.0000E+00	0.0000E+00	1.7727E+00
3.1210E+03	0.0000E+00	0.0000E+00	1.7697E+00
3.1220E+03	0.0000E+00	0.0000E+00	1.7657E+00
3.1230E+03	0.0000E+00	0.0000E+00	1.7677E+00
3.1240E+03	0.0000E+00	0.0000E+00	1.7667E+00
3.1250E+03	0.0000E+00	0.0000E+00	1.7707E+00
3.1260E+03	0.0000E+00	0.0000E+00	1.7697E+00
3.1270E+03	0.0000E+00	0.0000E+00	1.7687E+00
3.1280E+03	0.0000E+00	0.0000E+00	1.7677E+00
3.1290E+03	0.0000E+00	0.0000E+00	1.7697E+00
3.1300E+03	0.0000E+00	0.0000E+00	1.7737E+00
3.1310E+03	0.0000E+00	0.0000E+00	1.7757E+00
3.1320E+03	0.0000E+00	0.0000E+00	1.7767E+00
3.1330E+03	0.0000E+00	0.0000E+00	1.7777E+00
3.1340E+03	0.0000E+00	0.0000E+00	1.7807E+00
3.1350E+03	0.0000E+00	0.0000E+00	1.7817E+00
3.1360E+03	0.0000E+00	0.0000E+00	1.7797E+00
3.1370E+03	0.0000E+00	0.0000E+00	1.7787E+00
3.1380E+03	0.0000E+00	0.0000E+00	1.7777E+00
3.1390E+03	0.0000E+00	0.0000E+00	1.7757E+00
3.1400E+03	0.0000E+00	0.0000E+00	1.7737E+00
3.1410E+03	0.0000E+00	0.0000E+00	1.7737E+00
3.1420E+03	0.0000E+00	0.0000E+00	1.7757E+00
3.1430E+03	0.0000E+00	0.0000E+00	1.7747E+00
3.1440E+03	0.0000E+00	0.0000E+00	1.7757E+00
3.1450E+03	0.0000E+00	0.0000E+00	1.7677E+00
3.1460E+03	0.0000E+00	0.0000E+00	1.7587E+00
3.1470E+03	0.0000E+00	0.0000E+00	1.7537E+00
3.1480E+03	0.0000E+00	0.0000E+00	1.7497E+00
3.1490E+03	0.0000E+00	0.0000E+00	1.7477E+00
3.1500E+03	0.0000E+00	0.0000E+00	1.7487E+00
3.1510E+03	0.0000E+00	0.0000E+00	1.7467E+00
3.1520E+03	0.0000E+00	0.0000E+00	1.7447E+00
3.1530E+03	0.0000E+00	0.0000E+00	1.7467E+00
3.1540E+03	0.0000E+00	0.0000E+00	1.7467E+00
3.1550E+03	0.0000E+00	0.0000E+00	1.7507E+00
3.1560E+03	0.0000E+00	0.0000E+00	1.7527E+00
3.1570E+03	0.0000E+00	0.0000E+00	1.7547E+00
3.1580E+03	0.0000E+00	0.0000E+00	1.7567E+00
3.1590E+03	0.0000E+00	0.0000E+00	1.7527E+00
3.1600E+03	0.0000E+00	0.0000E+00	1.7557E+00
3.1610E+03	0.0000E+00	0.0000E+00	1.7557E+00
3.1620E+03	0.0000E+00	0.0000E+00	1.7557E+00
3.1630E+03	0.0000E+00	0.0000E+00	1.7537E+00
3.1640E+03	0.0000E+00	0.0000E+00	1.7587E+00
3.1650E+03	0.0000E+00	0.0000E+00	1.7547E+00
3.1660E+03	0.0000E+00	0.0000E+00	1.7537E+00
3.1670E+03	0.0000E+00	0.0000E+00	1.7527E+00
3.1680E+03	0.0000E+00	0.0000E+00	1.7517E+00
3.1690E+03	0.0000E+00	0.0000E+00	1.7517E+00
3.1700E+03	0.0000E+00	0.0000E+00	1.7507E+00
3.1710E+03	0.0000E+00	0.0000E+00	1.7497E+00
3.1720E+03	0.0000E+00	0.0000E+00	1.7487E+00
3.1730E+03	0.0000E+00	0.0000E+00	1.7467E+00
3.1740E+03	0.0000E+00	0.0000E+00	1.7437E+00
3.1750E+03	0.0000E+00	0.0000E+00	1.7447E+00
3.1760E+03	0.0000E+00	0.0000E+00	1.7457E+00
3.1770E+03	0.0000E+00	0.0000E+00	1.7457E+00
3.1780E+03	0.0000E+00	0.0000E+00	1.7487E+00
3.1790E+03	0.0000E+00	0.0000E+00	1.7527E+00
3.1800E+03	0.0000E+00	0.0000E+00	1.7527E+00
3.1810E+03	0.0000E+00	0.0000E+00	1.7537E+00
3.1820E+03	0.0000E+00	0.0000E+00	1.7587E+00
3.1830E+03	0.0000E+00	0.0000E+00	1.7567E+00
3.1840E+03	0.0000E+00	0.0000E+00	1.7547E+00
3.1850E+03	0.0000E+00	0.0000E+00	1.7547E+00
3.1860E+03	0.0000E+00	0.0000E+00	1.7527E+00
3.1870E+03	0.0000E+00	0.0000E+00	1.7577E+00
3.1880E+03	0.0000E+00	0.0000E+00	1.7577E+00
3.1890E+03	0.0000E+00	0.0000E+00	1.7617E+00
3.1900E+03	0.0000E+00	0.0000E+00	1.7547E+00
3.1910E+03	0.0000E+00	0.0000E+00	1.7527E+00
3.1920E+03	0.0000E+00	0.0000E+00	1.7557E+00
3.1930E+03	0.0000E+00	0.0000E+00	1.7567E+00
3.1940E+03	0.0000E+00	0.0000E+00	1.7547E+00
3.1950E+03	0.0000E+00	0.0000E+00	1.7547E+00
3.1960E+03	0.0000E+00	0.0000E+00	1.7577E+00
3.1970E+03	0.0000E+00	0.0000E+00	1.7537E+00
3.1980E+03	0.0000E+00	0.0000E+00	1.7547E+00
3.1990E+03	0.0000E+00	0.0000E+00	1.7497E+00
3.2000E+03	0.0000E+00	0.0000E+00	1.7467E+00
3.2010E+03	0.0000E+00	0.0000E+00	1.7457E+00
3.2020E+03	0.0000E+00	0.0000E+00	1.7457E+00
3.2030E+03	0.0000E+00	0.0000E+00	1.7477E+00
3.2040E+03	0.0000E+00	0.0000E+00	1.7507E+00
3.2050E+03	0.0000E+00	0.0000E+00	1.7487E+00
3.2060E+03	0.0000E+00	0.0000E+00	1.7537E+00
3.2070E+03	0.0000E+00	0.0000E+00	1.7497E+00
3.2080E+03	0.0000E+00	0.0000E+00	1.7537E+00
3.2090E+03	0.0000E+00	0.0000E+00	1.7527E+00
3.2100E+03	0.0000E+00	0.0000E+00	1.7527E+00
3.2110E+03	0.0000E+00	0.0000E+00	1.7517E+00
3.2120E+03	0.0000E+00	0.0000E+00	1.7497E+00
3.2130E+03	0.0000E+00	0.0000E+00	1.7507E+00
3.2140E+03	0.0000E+00	0.0000E+00	1.7487E+00
3.2150E+03	0.0000E+00	0.0000E+00	1.7487E+00
3.2160E+03	0.0000E+00	0.0000E+00	1.7497E+00
3.2170E+03	0.0000E+00	0.0000E+00	1.7507E+00
3.2180E+03	0.0000E+00	0.0000E+00	1.7477E+00
3.2190E+03	0.0000E+00	0.0000E+00	1.7477E+00
3.2200E+03	0.0000E+00	0.0000E+00	1.7447E+00
3.2210E+03	0.0000E+00	0.0000E+00	1.7417E+00
3.2220E+03	0.0000E+00	0.0000E+00	1.7437E+00
3.2230E+03	0.0000E+00	0.0000E+00	1.7437E+00
3.2240E+03	0.0000E+00	0.0000E+00	1.7457E+00
3.2250E+03	0.0000E+00	0.0000E+00	1.7477E+00
3.2260E+03	0.0000E+00	0.0000E+00	1.7477E+00
3.2270E+03	0.0000E+00	0.0000E+00	1.7507E+00
3.2280E+03	0.0000E+00	0.0000E+00	1.7547E+00
3.2290E+03	0.0000E+00	0.0000E+00	1.7577E+00
3.2300E+03	0.0000E+00	0.0000E+00	1.7557E+00
3.2310E+03	0.0000E+00	0.0000E+00	1.7537E+00
3.2320E+03	0.0000E+00	0.0000E+00	1.7567E+00
3.2330E+03	0.0000E+00	0.0000E+00	1.7517E+00
3.2340E+03	0.0000E+00	0.0000E+00	1.7607E+00
3.2350E+03	0.0000E+00	0.0000E+00	1.7537E+00
3.2360E+03	0.0000E+00	0.0000E+00	1.7517E+00
3.2370E+03	0.0000E+00	0.0000E+00	1.7527E+00
3.2380E+03	0.0000E+00	0.0000E+00	1.7497E+00
3.2390E+03	0.0000E+00	0.0000E+00	1.7467E+00
3.2400E+03	0.0000E+00	0.0000E+00	1.7447E+00
3.2410E+03	0.0000E+00	0.0000E+00	1.7387E+00
3.2420E+03	0.0000E+00	0.0000E+00	1.7417E+00
3.2430E+03	0.0000E+00	0.0000E+00	1.7397E+00
3.2440E+03	0.0000E+00	0.0000E+00	1.7407E+00
3.2450E+03	0.0000E+00	0.0000E+00	1.7397E+00
3.2460E+03	0.0000E+00	0.0000E+00	1.7407E+00
3.2470E+03	0.0000E+00	0.0000E+00	1.7387E+00
3.2480E+03	0.0000E+00	0.0000E+00	1.7367E+00
3.2490E+03	0.0000E+00	0.0000E+00	1.7347E+00
3.2500E+03	0.0000E+00	0.0000E+00	1.7337E+00
3.2510E+03	0.0000E+00	0.0000E+00	1.7357E+00
3.2520E+03	0.0000E+00	0.0000E+00	1.7397E+00
3.2530E+03	0.0000E+00	0.0000E+00	1.7397E+00
3.2540E+03	0.0000E+00	0.0000E+00	1.7437E+00
3.2550E+03	0.0000E+00	0.0000E+00	1.7407E+00
3.2560E+03	0.0000E+00	0.0000E+00	1.7477E+00
3.2570E+03	0.0000E+00	0.0000E+00	1.7467E+00
3.2580E+03	0.0000E+00	0.0000E+00	1.7457E+00
3.2590E+03	0.0000E+00	0.0000E+00	1.7487E+00
3.2600E+03	0.0000E+00	0.0000E+00	1.7497E+00
3.2610E+03	0.0000E+00	0.0000E+00	1.7507E+00
3.2620E+03	0.0000E+00	0.0000E+00	1.7527E+00
3.2630E+03	0.0000E+00	0.0000E+00	1.7467E+00
3.2640E+03	0.0000E+00	0.0000E+00	1.7497E+00
3.2650E+03	0.0000E+00	0.0000E+00	1.7497E+00
3.2660E+03	0.0000E+00	0.0000E+00	1.7477E+00
3.2670E+03	0.0000E+00	0.0000E+00	1.7477E+00
3.2680E+03	0.0000E+00	0.0000E+00	1.7457E+00
3.2690E+03	0.0000E+00	0.0000E+00	1.7477E+00
3.2700E+03	0.0000E+00	0.0000E+00	1.7467E+00
3.2710E+03	0.0000E+00	0.0000E+00	1.7427E+00
3.2720E+03	0.0000E+00	0.0000E+00	1.7447E+00
3.2730E+03	0.0000E+00	0.0000E+00	1.7457E+00
3.2740E+03	0.0000E+00	0.0000E+00	1.7477E+00
3.2750E+03	0.0000E+00	0.0000E+00	1.7477E+00
3.2760E+03	0.0000E+00	0.0000E+00	1.7477E+00
3.2770E+03	0.0000E+00	0.0000E+00	1.7487E+00
3.2780E+03	0.0000E+00	0.0000E+00	1.7487E+00
3.2790E+03	0.0000E+00	0.0000E+00	1.7487E+00
3.2800E+03	0.0000E+00	0.0000E+00	1.7487E+00
3.2810E+03	0.0000E+00	0.0000E+00	1.7517E+00
3.2820E+03	0.0000E+00	0.0000E+00	1.7507E+00
3.2830E+03	0.0000E+00	0.0000E+00	1.7587E+00
3.2840E+03	0.0000E+00	0.0000E+00	1.7567E+00
3.2850E+03	0.0000E+00	0.0000E+00	1.7767E+00
3.2860E+03	0.0000E+00	0.0000E+00	1.7817E+00
3.2870E+03	0.0000E+00	0.0000E+00	1.7797E+00
3.2880E+03	0.0000E+00	0.0000E+00	1.7757E+00
3.2890E+03	0.0000E+00	0.0000E+00	1.7727E+00
3.2900E+03	0.0000E+00	0.0000E+00	1.7717E+00
3.2910E+03	0.0000E+00	0.0000E+00	1.7687E+00
3.2920E+03	0.0000E+00	0.0000E+00	1.7657E+00
3.2930E+03	0.0000E+00	0.0000E+00	1.7677E+00
3.2940E+03	0.0000E+00	0.0000E+00	1.7637E+00
3.2950E+03	0.0000E+00	0.0000E+00	1.7657E+00
3.2960E+03	0.0000E+00	0.0000E+00	1.7647E+00
3.2970E+03	0.0000E+00	0.0000E+00	1.7677E+00
3.2980E+03	0.0000E+00	0.0000E+00	1.7697E+00
3.2990E+03	0.0000E+00	0.0000E+00	1.7737E+00
3.3000E+03	0.0000E+00	0.0000E+00	1.7737E+00
3.3010E+03	0.0000E+00	0.0000E+00	1.7757E+00
3.3020E+03	0.0000E+00	0.0000E+00	1.7747E+00
3.3030E+03	0.0000E+00	0.0000E+00	1.7787E+00
3.3040E+03	0.0000E+00	0.0000E+00	1.7767E+00
3.3050E+03	0.0000E+00	0.0000E+00	1.7787E+00
3.3060E+03	0.0000E+00	0.0000E+00	1.7757E+00
3.3070E+03	0.0000E+00	0.0000E+00	1.7737E+00
3.3080E+03	0.0000E+00	0.0000E+00	1.7727E+00
3.3090E+03	0.0000E+00	0.0000E+00	1.7727E+00
3.3100E+03	0.0000E+00	0.0000E+00	1.7697E+00
3.3110E+03	0.0000E+00	0.0000E+00	1.7737E+00
3.3120E+03	0.0000E+00	0.0000E+00	1.7737E+00
3.3130E+03	0.0000E+00	0.0000E+00	1.7747E+00
3.3140E+03	0.0000E+00	0.0000E+00	1.7727E+00
3.3150E+03	0.0000E+00	0.0000E+00	1.7727E+00
3.3160E+03	0.0000E+00	0.0000E+00	1.7707E+00
3.3170E+03	0.0000E+00	0.0000E+00	1.7727E+00
3.3180E+03	0.0000E+00	0.0000E+00	1.7687E+00
3.3190E+03	0.0000E+00	0.0000E+00	1.7657E+00
3.3200E+03	0.0000E+00	0.0000E+00	1.7657E+00
3.3210E+03	0.0000E+00	0.0000E+00	1.7687E+00
3.3220E+03	0.0000E+00	0.0000E+00	1.7697E+00
3.3230E+03	0.0000E+00	0.0000E+00	1.7757E+00
3.3240E+03	0.0000E+00	0.0000E+00	1.7777E+00
3.3250E+03	0.0000E+00	0.0000E+00	1.7797E+00
3.3260E+03	0.0000E+00	0.0000E+00	1.7807E+00
3.3270E+03	0.0000E+00	0.0000E+00	1.7807E+00
3.3280E+03	0.0000E+00	0.0000E+00	1.7827E+00
3.3290E+03	0.0000E+00	0.0000E+00	1.7807E+00
3.3300E+03	0.0000E+00	0.0000E+00	1.7837E+00
3.3310E+03	0.0000E+00	0.0000E+00	1.7807E+00
3.3320E+03	0.0000E+00	0.0000E+00	1.7817E+00
3.3330E+03	0.0000E+00	0.0000E+00	1.7827E+00
3.3340E+03	0.0000E+00	0.0000E+00	1.7857E+00
3.3350E+03	0.0000E+00	0.0000E+00	1.7857E+00
3.3360E+03	0.0000E+00	0.0000E+00	1.7877E+00
3.3370E+03	0.0000E+00	0.0000E+00	1.7877E+00
3.3380E+03	0.0000E+00	0.0000E+00	1.7877E+00
3.3390E+03	0.0000E+00	0.0000E+00	1.7847E+00
3.3400E+03	0.0000E+00	0.0000E+00	1.7867E+00
3.3410E+03	0.0000E+00	0.0000E+00	1.7867E+00
3.3420E+03	0.0000E+00	0.0000E+00	1.7857E+00
3.3430E+03	0.0000E+00	0.0000E+00	1.7847E+00
3.3440E+03	0.0000E+00	0.0000E+00	1.7837E+00
3.3450E+03	0.0000E+00	0.0000E+00	1.7807E+00
3.3460E+03	0.0000E+00	0.0000E+00	1.7817E+00
3.3470E+03	0.0000E+00	0.0000E+00	1.7817E+00
3.3480E+03	0.0000E+00	0.0000E+00	1.7787E+00
3.3490E+03	0.0000E+00	0.0000E+00	1.7807E+00
3.3500E+03	0.0000E+00	0.0000E+00	1.7767E+00
3.3510E+03	0.0000E+00	0.0000E+00	1.7807E+00
3.3520E+03	0.0000E+00	0.0000E+00	1.7777E+00
3.3530E+03	0.0000E+00	0.0000E+00	1.7757E+00
3.3540E+03	0.0000E+00	0.0000E+00	1.7747E+00
3.3550E+03	0.0000E+00	0.0000E+00	1.7717E+00
3.3560E+03	0.0000E+00	0.0000E+00	1.7697E+00
3.3570E+03	0.0000E+00	0.0000E+00	1.7697E+00
3.3580E+03	0.0000E+00	0.0000E+00	1.7667E+00
3.3590E+03	0.0000E+00	0.0000E+00	1.7617E+00
3.3600E+03	0.0000E+00	0.0000E+00	1.7587E+00
3.3610E+03	0.0000E+00	0.0000E+00	1.7627E+00
3.3620E+03	0.0000E+00	0.0000E+00	1.7607E+00
3.3630E+03	0.0000E+00	0.0000E+00	1.7607E+00
3.3640E+03	0.0000E+00	0.0000E+00	1.7627E+00
3.3650E+03	0.0000E+00	0.0000E+00	1.7637E+00
3.3660E+03	0.0000E+00	0.0000E+00	1.7637E+00
3.3670E+03	0.0000E+00	0.0000E+00	1.7607E+00
3.3680E+03	0.0000E+00	0.0000E+00	1.7687E+00
3.3690E+03	0.0000E+00	0.0000E+00	1.7637E+00
3.3700E+03	0.0000E+00	0.0000E+00	1.7647E+00
3.3710E+03	0.0000E+00	0.0000E+00	1.7647E+00
3.3720E+03	0.0000E+00	0.0000E+00	1.7627E+00
3.3730E+03	0.0000E+00	0.0000E+00	1.7657E+00
3.3740E+03	0.0000E+00	0.0000E+00	1.7657E+00
3.3750E+03	0.0000E+00	0.0000E+00	1.7627E+00
3.3760E+03	0.0000E+00	0.0000E+00	1.7607E+00
3.3770E+03	0.0000E+00	0.0000E+00	1.7647E+00
3.3780E+03	0.0000E+00	0.0000E+00	1.7657E+00
3.3790E+03	0.0000E+00	0.0000E+00	1.7627E+00
3.3800E+03	0.0000E+00	0.0000E+00	1.7587E+00
3.3810E+03	0.0000E+00	0.0000E+00	1.7567E+00
3.3820E+03	0.0000E+00	0.0000E+00	1.7527E+00
3.3830E+03	0.0000E+00	0.0000E+00	1.7527E+00
3.3840E+03	0.0000E+00	0.0000E+00	1.7477E+00
3.3850E+03	0.0000E+00	0.0000E+00	1.7487E+00
3.3860E+03	0.0000E+00	0.0000E+00	1.7507E+00
3.3870E+03	0.0000E+00	0.0000E+00	1.7497E+00
3.3880E+03	0.0000E+00	0.0000E+00	1.7497E+00
3.3890E+03	0.0000E+00	0.0000E+00	1.7507E+00
3.3900E+03	0.0000E+00	0.0000E+00	1.7487E+00
3.3910E+03	0.0000E+00	0.0000E+00	1.7487E+00
3.3920E+03	0.0000E+00	0.0000E+00	1.7507E+00
3.3930E+03	0.0000E+00	0.0000E+00	1.7527E+00
3.3940E+03	0.0000E+00	0.0000E+00	1.7537E+00
3.3950E+03	0.0000E+00	0.0000E+00	1.7587E+00
3.3960E+03	0.0000E+00	0.0000E+00	1.7587E+00
3.3970E+03	0.0000E+00	0.0000E+00	1.7587E+00
3.3980E+03	0.0000E+00	0.0000E+00	1.7597E+00
3.3990E+03	0.0000E+00	0.0000E+00	1.7627E+00
3.4000E+03	0.0000E+00	0.0000E+00	1.7777E+00
3.4010E+03	0.0000E+00	0.0000E+00	1.7857E+00
3.4020E+03	0.0000E+00	0.0000E+00	1.7897E+00
3.4030E+03	0.0000E+00	0.0000E+00	1.7877E+00
3.4040E+03	0.0000E+00	0.0000E+00	1.7877E+00
3.4050E+03	0.0000E+00	0.0000E+00	1.7837E+00
3.4060E+03	0.0000E+00	0.0000E+00	1.7847E+00
3.4070E+03	0.0000E+00	0.0000E+00	1.7807E+00
3.4080E+03	0.0000E+00	0.0000E+00	1.7807E+00
3.4090E+03	0.0000E+00	0.0000E+00	1.7757E+00
3.4100E+03	0.0000E+00	0.0000E+00	1.7777E+00
3.4110E+03	0.0000E+00	0.0000E+00	1.7817E+00
3.4120E+03	0.0000E+00	0.0000E+00	1.7847E+00
3.4130E+03	0.0000E+00	0.0000E+00	1.7857E+00
3.4140E+03	0.0000E+00	0.0000E+00	1.7897E+00
3.4150E+03	0.0000E+00	0.0000E+00	1.7937E+00
3.4160E+03	0.0000E+00	0.0000E+00	1.7957E+00
3.4170E+03	0.0000E+00	0.0000E+00	1.7987E+00
3.4180E+03	0.0000E+00	0.0000E+00	1.8037E+00
3.4190E+03	0.0000E+00	0.0000E+00	1.8057E+00
3.4200E+03	0.0000E+00	0.0000E+00	1.8097E+00
3.4210E+03	0.0000E+00	0.0000E+00	1.8087E+00
3.4220E+03	0.0000E+00	0.0000E+00	1.8067E+00
3.4230E+03	0.0000E+00	0.0000E+00	1.8087E+00
3.4240E+03	0.0000E+00	0.0000E+00	1.8037E+00
3.4250E+03	0.0000E+00	0.0000E+00	1.8077E+00
3.4260E+03	0.0000E+00	0.0000E+00	1.8097E+00
3.4270E+03	0.0000E+00	0.0000E+00	1.8107E+00
3.4280E+03	0.0000E+00	0.0000E+00	1.8207E+00
3.4290E+03	0.0000E+00	0.0000E+00	1.8187E+00
3.4300E+03	0.0000E+00	0.0000E+00	1.8157E+00
3.4310E+03	0.0000E+00	0.0000E+00	1.8177E+00
3.4320E+03	0.0000E+00	0.0000E+00	1.8177E+00
3.4330E+03	0.0000E+00	0.0000E+00	1.8147E+00
3.4340E+03	0.0000E+00	0.0000E+00	1.8197E+00
3.4350E+03	0.0000E+00	0.0000E+00	1.8147E+00
3.4360E+03	0.0000E+00	0.0000E+00	1.8157E+00
3.4370E+03	0.0000E+00	0.0000E+00	1.8127E+00
3.4380E+03	0.0000E+00	0.0000E+00	1.8077E+00
3.4390E+03	0.0000E+00	0.0000E+00	1.8107E+00
3.4400E+03	0.0000E+00	0.0000E+00	1.8127E+00
3.4410E+03	0.0000E+00	0.0000E+00	1.8117E+00
3.4420E+03	0.0000E+00	0.0000E+00	1.8157E+00
3.4430E+03	0.0000E+00	0.0000E+00	1.8197E+00
3.4440E+03	0.0000E+00	0.0000E+00	1.8187E+00
3.4450E+03	0.0000E+00	0.0000E+00	1.8177E+00
3.4460E+03	0.0000E+00	0.0000E+00	1.8197E+00
3.4470E+03	0.0000E+00	0.0000E+00	1.8177E+00
3.4480E+03	0.0000E+00	0.0000E+00	1.8147E+00
3.4490E+03	0.0000E+00	0.0000E+00	1.8137E+00
3.4500E+03	0.0000E+00	0.0000E+00	1.8127E+00
3.4510E+03	0.0000E+00	0.0000E+00	1.8127E+00
3.4520E+03	0.0000E+00	0.0000E+00	1.8127E+00
3.4530E+03	0.0000E+00	0.0000E+00	1.8167E+00
3.4540E+03	0.0000E+00	0.0000E+00	1.8137E+00
3.4550E+03	0.0000E+00	0.0000E+00	1.8157E+00
3.4560E+03	0.0000E+00	0.0000E+00	1.8157E+00
3.4570E+03	0.0000E+00	0.0000E+00	1.8177E+00
3.4580E+03	0.0000E+00	0.0000E+00	1.8157E+00
3.4590E+03	0.0000E+00	0.0000E+00	1.8167E+00
3.4600E+03	0.0000E+00	0.0000E+00	1.8157E+00
3.4610E+03	0.0000E+00	0.0000E+00	1.8107E+00
3.4620E+03	0.0000E+00	0.0000E+00	1.8137E+00
3.4630E+03	0.0000E+00	0.0000E+00	1.8107E+00
3.4640E+03	0.0000E+00	0.0000E+00	1.8097E+00
3.4650E+03	0.0000E+00	0.0000E+00	1.8097E+00
3.4660E+03	0.0000E+00	0.0000E+00	1.8107E+00
3.4670E+03	0.0000E+00	0.0000E+00	1.8097E+00
3.4680E+03	0.0000E+00	0.0000E+00	1.8087E+00
3.4690E+03	0.0000E+00	0.0000E+00	1.8037E+00
3.4700E+03	0.0000E+00	0.0000E+00	1.8057E+00
3.4710E+03	0.0000E+00	0.0000E+00	1.8017E+00
3.4720E+03	0.0000E+00	0.0000E+00	1.8007E+00
3.4730E+03	0.0000E+00	0.0000E+00	1.7997E+00
3.4740E+03	0.0000E+00	0.0000E+00	1.7977E+00
3.4750E+03	0.0000E+00	0.0000E+00	1.7957E+00
3.4760E+03	0.0000E+00	0.0000E+00	1.7937E+00
3.4770E+03	0.0000E+00	0.0000E+00	1.7927E+00
3.4780E+03	0.0000E+00	0.0000E+00	1.7887E+00
3.4790E+03	0.0000E+00	0.0000E+00	1.7867E+00
3.4800E+03	0.0000E+00	0.0000E+00	1.7857E+00
3.4810E+03	0.0000E+00	0.0000E+00	1.7857E+00
3.4820E+03	0.0000E+00	0.0000E+00	1.7877E+00
3.4830E+03	0.0000E+00	0.0000E+00	1.7907E+00
3.4840E+03	0.0000E+00	0.0000E+00	1.7907E+00
3.4850E+03	0.0000E+00	0.0000E+00	1.7867E+00
3.4860E+03	0.0000E+00	0.0000E+00	1.7847E+00
3.4870E+03	0.0000E+00	0.0000E+00	1.7867E+00
3.4880E+03	0.0000E+00	0.0000E+00	1.7817E+00
3.4890E+03	0.0000E+00	0.0000E+00	1.7857E+00
3.4900E+03	0.0000E+00	0.0000E+00	1.7847E+00
3.4910E+03	0.0000E+00	0.0000E+00	1.7867E+00
3.4920E+03	0.0000E+00	0.0000E+00	1.7857E+00
3.4930E+03	0.0000E+00	0.0000E+00	1.7867E+00
3.4940E+03	0.0000E+00	0.0000E+00	1.7857E+00
3.4950E+03	0.0000E+00	0.0000E+00	1.7857E+00
3.4960E+03	0.0000E+00	0.0000E+00	1.7887E+00
3.4970E+03	0.0000E+00	0.0000E+00	1.7957E+00
3.4980E+03	0.0000E+00	0.0000E+00	1.7887E+00
3.4990E+03	0.0000E+00	0.0000E+00	1.7897E+00
3.5000E+03	0.0000E+00	0.0000E+00	1.7887E+00
3.5010E+03	0.0000E+00	0.0000E+00	1.7867E+00
3.5020E+03	0.0000E+00	0.0000E+00	1.7857E+00
3.5030E+03	0.0000E+00	0.0000E+00	1.7857E+00
3.5040E+03	0.0000E+00	0.0000E+00	1.7837E+00
3.5050E+03	0.0000E+00	0.0000E+00	1.7827E+00
3.5060E+03	0.0000E+00	0.0000E+00	1.7847E+00
3.5070E+03	0.0000E+00	0.0000E+00	1.7827E+00
3.5080E+03	0.0000E+00	0.0000E+00	1.7817E+00
3.5090E+03	0.0000E+00	0.0000E+00	1.7847E+00
3.5100E+03	0.0000E+00	0.0000E+00	1.7827E+00
3.5110E+03	0.0000E+00	0.0000E+00	1.7807E+00
3.5120E+03	0.0000E+00	0.0000E+00	1.7817E+00
3.5130E+03	0.0000E+00	0.0000E+00	1.7787E+00
3.5140E+03	0.0000E+00	0.0000E+00	1.7777E+00
3.5150E+03	0.0000E+00	0.0000E+00	1.7777E+00
3.5160E+03	0.0000E+00	0.0000E+00	1.7757E+00
3.5170E+03	0.0000E+00	0.0000E+00	1.7747E+00
3.5180E+03	0.0000E+00	0.0000E+00	1.7737E+00
3.5190E+03	0.0000E+00	0.0000E+00	1.7737E+00
3.5200E+03	0.0000E+00	0.0000E+00	1.7727E+00
3.5210E+03	0.0000E+00	0.0000E+00	1.7747E+00
3.5220E+03	0.0000E+00	0.0000E+00	1.7767E+00
3.5230E+03	0.0000E+00	0.0000E+00	1.7747E+00
3.5240E+03	0.0000E+00	0.0000E+00	1.7777E+00
3.5250E+03	0.0000E+00	0.0000E+00	1.7767E+00
3.5260E+03	0.0000E+00	0.0000E+00	1.7777E+00
3.5270E+03	0.0000E+00	0.0000E+00	1.7867E+00
3.5280E+03	0.0000E+00	0.0000E+00	1.7907E+00
3.5290E+03	0.0000E+00	0.0000E+00	1.7927E+00
3.5300E+03	0.0000E+00	0.0000E+00	1.7887E+00
3.5310E+03	0.0000E+00	0.0000E+00	1.7897E+00
3.5320E+03	0.0000E+00	0.0000E+00	1.7937E+00
3.5330E+03	0.0000E+00	0.0000E+00	1.7907E+00
3.5340E+03	0.0000E+00	0.0000E+00	1.7897E+00
3.5350E+03	0.0000E+00	0.0000E+00	1.7897E+00
3.5360E+03	0.0000E+00	0.0000E+00	1.7907E+00
3.5370E+03	0.0000E+00	0.0000E+00	1.7897E+00
3.5380E+03	0.0000E+00	0.0000E+00	1.7907E+00
3.5390E+03	0.0000E+00	0.0000E+00	1.7917E+00
3.5400E+03	0.0000E+00	0.0000E+00	1.7967E+00
3.5410E+03	0.0000E+00	0.0000E+00	1.8007E+00
3.5420E+03	0.0000E+00	0.0000E+00	1.7997E+00
3.5430E+03	0.0000E+00	0.0000E+00	1.7997E+00
3.5440E+03	0.0000E+00	0.0000E+00	1.7997E+00
3.5450E+03	0.0000E+00	0.0000E+00	1.7987E+00
3.5460E+03	0.0000E+00	0.0000E+00	1.7987E+00
3.5470E+03	0.0000E+00	0.0000E+00	1.7997E+00
3.5480E+03	0.0000E+00	0.0000E+00	1.7977E+00
3.5490E+03	0.0000E+00	0.0000E+00	1.7957E+00
3.5500E+03	0.0000E+00	0.0000E+00	1.7917E+00
3.5510E+03	0.0000E+00	0.0000E+00	1.7877E+00
3.5520E+03	0.0000E+00	0.0000E+00	1.7857E+00
3.5530E+03	0.0000E+00	0.0000E+00	1.7847E+00
3.5540E+03	0.0000E+00	0.0000E+00	1.7857E+00
3.5550E+03	0.0000E+00	0.0000E+00	1.7887E+00
3.5560E+03	0.0000E+00	0.0000E+00	1.7887E+00
3.5570E+03	0.0000E+00	0.0000E+00	1.7867E+00
3.5580E+03	0.0000E+00	0.0000E+00	1.7887E+00
3.5590E+03	0.0000E+00	0.0000E+00	1.7877E+00
3.5600E+03	0.0000E+00	0.0000E+00	1.7887E+00
3.5610E+03	0.0000E+00	0.0000E+00	1.7867E+00
3.5620E+03	0.0000E+00	0.0000E+00	1.7897E+00
3.5630E+03	0.0000E+00	0.0000E+00	1.7897E+00
3.5640E+03	0.0000E+00	0.0000E+00	1.7897E+00
3.5650E+03	0.0000E+00	0.0000E+00	1.7887E+00
3.5660E+03	0.0000E+00	0.0000E+00	1.7917E+00
3.5670E+03	0.0000E+00	0.0000E+00	1.7887E+00
3.5680E+03	0.0000E+00	0.0000E+00	1.7857E+00
3.5690E+03	0.0000E+00	0.0000E+00	1.7877E+00
3.5700E+03	0.0000E+00	0.0000E+00	1.7847E+00
3.5710E+03	0.0000E+00	0.0000E+00	1.7887E+00
3.5720E+03	0.0000E+00	0.0000E+00	1.7847E+00
3.5730E+03	0.0000E+00	0.0000E+00	1.7807E+00
3.5740E+03	0.0000E+00	0.0000E+00	1.7727E+00
3.5750E+03	0.0000E+00	0.0000E+00	1.7737E+00
3.5760E+03	0.0000E+00	0.0000E+00	1.7707E+00
3.5770E+03	0.0000E+00	0.0000E+00	1.7727E+00
3.5780E+03	0.0000E+00	0.0000E+00	1.7697E+00
3.5790E+03	0.0000E+00	0.0000E+00	1.7747E+00
3.5800E+03	0.0000E+00	0.0000E+00	1.7747E+00
3.5810E+03	0.0000E+00	0.0000E+00	1.7777E+00
3.5820E+03	0.0000E+00	0.0000E+00	1.7787E+00
3.5830E+03	0.0000E+00	0.0000E+00	1.7797E+00
3.5840E+03	0.0000E+00	0.0000E+00	1.7797E+00
3.5850E+03	0.0000E+00	0.0000E+00	1.7777E+00
3.5860E+03	0.0000E+00	0.0000E+00	1.7777E+00
3.5870E+03	0.0000E+00	0.0000E+00	1.7787E+00
3.5880E+03	0.0000E+00	0.0000E+00	1.7797E+00
3.5890E+03	0.0000E+00	0.0000E+00	1.7797E+00
3.5900E+03	0.0000E+00	0.0000E+00	1.7797E+00
3.5910E+03	0.0000E+00	0.0000E+00	1.7787E+00
3.5920E+03	0.0000E+00	0.0000E+00	1.7787E+00
3.5930E+03	0.0000E+00	0.0000E+00	1.7797E+00
3.5940E+03	0.0000E+00	0.0000E+00	1.7807E+00
3.5950E+03	0.0000E+00	0.0000E+00	1.7787E+00
3.5960E+03	0.0000E+00	0.0000E+00	1.7787E+00
3.5970E+03	0.0000E+00	0.0000E+00	1.7767E+00
3.5980E+03	0.0000E+00	0.0000E+00	1.7797E+00
3.5990E+03	0.0000E+00	0.0000E+00	1.7767E+00
3.6000E+03	0.0000E+00	0.0000E+00	1.7777E+00
3.6010E+03	0.0000E+00	0.0000E+00	1.7747E+00
3.6020E+03	0.0000E+00	0.0000E+00	1.7777E+00
3.6030E+03	0.0000E+00	0.0000E+00	1.7767E+00
3.6040E+03	0.0000E+00	0.0000E+00	1.7757E+00
3.6050E+03	0.0000E+00	0.0000E+00	1.7757E+00
3.6060E+03	0.0000E+00	0.0000E+00	1.7737E+00
3.6070E+03	0.0000E+00	0.0000E+00	1.7797E+00
3.6080E+03	0.0000E+00	0.0000E+00	1.7817E+00
3.6090E+03	0.0000E+00	0.0000E+00	1.7807E+00
3.6100E+03	0.0000E+00	0.0000E+00	1.7857E+00
3.6110E+03	0.0000E+00	0.0000E+00	1.7857E+00
3.6120E+03	0.0000E+00	0.0000E+00	1.7887E+00
3.6130E+03	0.0000E+00	0.0000E+00	1.7927E+00
3.6140E+03	0.0000E+00	0.0000E+00	1.7967E+00
3.6150E+03	0.0000E+00	0.0000E+00	1.7907E+00
3.6160E+03	0.0000E+00	0.0000E+00	1.7867E+00
3.6170E+03	0.0000E+00	0.0000E+00	1.7887E+00
3.6180E+03	0.0000E+00	0.0000E+00	1.7897E+00
3.6190E+03	0.0000E+00	0.0000E+00	1.7887E+00
3.6200E+03	0.0000E+00	0.0000E+00	1.7907E+00
3.6210E+03	0.0000E+00	0.0000E+00	1.7887E+00
3.6220E+03	0.0000E+00	0.0000E+00	1.7827E+00
3.6230E+03	0.0000E+00	0.0000E+00	1.7827E+00
3.6240E+03	0.0000E+00	0.0000E+00	1.7817E+00
3.6250E+03	0.0000E+00	0.0000E+00	1.7807E+00
3.6260E+03	0.0000E+00	0.0000E+00	1.7877E+00
3.6270E+03	0.0000E+00	0.0000E+00	1.7877E+00
3.6280E+03	0.0000E+00	0.0000E+00	1.7857E+00
3.6290E+03	0.0000E+00	0.0000E+00	1.7857E+00
3.6300E+03	0.0000E+00	0.0000E+00	1.7867E+00
3.6310E+03	0.0000E+00	0.0000E+00	1.7897E+00
3.6320E+03	0.0000E+00	0.0000E+00	1.7897E+00
3.6330E+03	0.0000E+00	0.0000E+00	1.7917E+00
3.6340E+03	0.0000E+00	0.0000E+00	1.7917E+00
3.6350E+03	0.0000E+00	0.0000E+00	1.7927E+00
3.6360E+03	0.0000E+00	0.0000E+00	1.7937E+00
3.6370E+03	0.0000E+00	0.0000E+00	1.7987E+00
3.6380E+03	0.0000E+00	0.0000E+00	1.7967E+00
3.6390E+03	0.0000E+00	0.0000E+00	1.7967E+00
3.6400E+03	0.0000E+00	0.0000E+00	1.7907E+00
3.6410E+03	0.0000E+00	0.0000E+00	1.7927E+00
3.6420E+03	0.0000E+00	0.0000E+00	1.7907E+00
3.6430E+03	0.0000E+00	0.0000E+00	1.7887E+00
3.6440E+03	0.0000E+00	0.0000E+00	1.7867E+00
3.6450E+03	0.0000E+00	0.0000E+00	1.7887E+00
3.6460E+03	0.0000E+00	0.0000E+00	1.7887E+00
3.6470E+03	0.0000E+00	0.0000E+00	1.7857E+00
3.6480E+03	0.0000E+00	0.0000E+00	1.7817E+00
3.6490E+03	0.0000E+00	0.0000E+00	1.7777E+00
3.6500E+03	0.0000E+00	0.0000E+00	1.7717E+00
3.6510E+03	0.0000E+00	0.0000E+00	1.7677E+00
3.6520E+03	0.0000E+00	0.0000E+00	1.7667E+00
3.6530E+03	0.0000E+00	0.0000E+00	1.7647E+00
3.6540E+03	0.0000E+00	0.0000E+00	1.7647E+00
3.6550E+03	0.0000E+00	0.0000E+00	1.7617E+00
3.6560E+03	0.0000E+00	0.0000E+00	1.7607E+00
3.6570E+03	0.0000E+00	0.0000E+00	1.7607E+00
3.6580E+03	0.0000E+00	0.0000E+00	1.7607E+00
3.6590E+03	0.0000E+00	0.0000E+00	1.7637E+00
3.6600E+03	0.0000E+00	0.0000E+00	1.7647E+00
3.6610E+03	0.0000E+00	0.0000E+00	1.7707E+00
3.6620E+03	0.0000E+00	0.0000E+00	1.7687E+00
3.6630E+03	0.0000E+00	0.0000E+00	1.7657E+00
3.6640E+03	0.0000E+00	0.0000E+00	1.7687E+00
3.6650E+03	0.0000E+00	0.0000E+00	1.7677E+00
3.6660E+03	0.0000E+00	0.0000E+00	1.7687E+00
3.6670E+03	0.0000E+00	0.0000E+00	1.7647E+00
3.6680E+03	0.0000E+00	0.0000E+00	1.7637E+00
3.6690E+03	0.0000E+00	0.0000E+00	1.7637E+00
3.6700E+03	0.0000E+00	0.0000E+00	1.7637E+00
3.6710E+03	0.0000E+00	0.0000E+00	1.7607E+00
3.6720E+03	0.0000E+00	0.0000E+00	1.7597E+00
3.6730E+03	0.0000E+00	0.0000E+00	1.7597E+00
3.6740E+03	0.0000E+00	0.0000E+00	1.7587E+00
3.6750E+03	0.0000E+00	0.0000E+00	1.7597E+00
3.6760E+03	0.0000E+00	0.0000E+00	1.7577E+00
3.6770E+03	0.0000E+00	0.0000E+00	1.7587E+00
3.6780E+03	0.0000E+00	0.0000E+00	1.7597E+00
3.6790E+03	0.0000E+00	0.0000E+00	1.7577E+00
3.6800E+03	0.0000E+00	0.0000E+00	1.7577E+00
3.6810E+03	0.0000E+00	0.0000E+00	1.7567E+00
3.6820E+03	0.0000E+00	0.0000E+00	1.7577E+00
3.6830E+03	0.0000E+00	0.0000E+00	1.7547E+00
3.6840E+03	0.0000E+00	0.0000E+00	1.7587E+00
3.6850E+03	0.0000E+00	0.0000E+00	1.7607E+00
3.6860E+03	0.0000E+00	0.0000E+00	1.7617E+00
3.6870E+03	0.0000E+00	0.0000E+00	1.7587E+00
3.6880E+03	0.0000E+00	0.0000E+00	1.7637E+00
3.6890E+03	0.0000E+00	0.0000E+00	1.7587E+00
3.6900E+03	0.0000E+00	0.0000E+00	1.7607E+00
3.6910E+03	0.0000E+00	0.0000E+00	1.7637E+00
3.6920E+03	0.0000E+00	0.0000E+00	1.7647E+00
3.6930E+03	0.0000E+00	0.0000E+00	1.7657E+00
3.6940E+03	0.0000E+00	0.0000E+00	1.7667E+00
3.6950E+03	0.0000E+00	0.0000E+00	1.7657E+00
3.6960E+03	0.0000E+00	0.0000E+00	1.7637E+00
3.6970E+03	0.0000E+00	0.0000E+00	1.7607E+00
3.6980E+03	0.0000E+00	0.0000E+00	1.7577E+00
3.6990E+03	0.0000E+00	0.0000E+00	1.7627E+00
3.7000E+03	0.0000E+00	0.0000E+00	1.7667E+00
3.7010E+03	0.0000E+00	0.0000E+00	1.7647E+00
3.7020E+03	0.0000E+00	0.0000E+00	1.7677E+00
3.7030E+03	0.0000E+00	0.0000E+00	1.7657E+00
3.7040E+03	0.0000E+00	0.0000E+00	1.7647E+00
3.7050E+03	0.0000E+00	0.0000E+00	1.7667E+00
3.7060E+03	0.0000E+00	0.0000E+00	1.7697E+00
3.7070E+03	0.0000E+00	0.0000E+00	1.7727E+00
3.7080E+03	0.0000E+00	0.0000E+00	1.7727E+00
3.7090E+03	0.0000E+00	0.0000E+00	1.7737E+00
3.7100E+03	0.0000E+00	0.0000E+00	1.7777E+00
3.7110E+03	0.0000E+00	0.0000E+00	1.7797E+00
3.7120E+03	0.0000E+00	0.0000E+00	1.7767E+00
3.7130E+03	0.0000E+00	0.0000E+00	1.7767E+00
3.7140E+03	0.0000E+00	0.0000E+00	1.7767E+00
3.7150E+03	0.0000E+00	0.0000E+00	1.7787E+00
3.7160E+03	0.0000E+00	0.0000E+00	1.7767E+00
3.7170E+03	0.0000E+00	0.0000E+00	1.7747E+00
3.7180E+03	0.0000E+00	0.0000E+00	1.7687E+00
3.7190E+03	0.0000E+00	0.0000E+00	1.7667E+00
3.7200E+03	0.0000E+00	0.0000E+00	1.7627E+00
3.7210E+03	0.0000E+00	0.0000E+00	1.7617E+00
3.7220E+03	0.0000E+00	0.0000E+00	1.7617E+00
3.7230E+03	0.0000E+00	0.0000E+00	1.7617E+00
3.7240E+03	0.0000E+00	0.0000E+00	1.7617E+00
3.7250E+03	0.0000E+00	0.0000E+00	1.7657E+00
3.7260E+03	0.0000E+00	0.0000E+00	1.7757E+00
3.7270E+03	0.0000E+00	0.0000E+00	1.7787E+00
3.7280E+03	0.0000E+00	0.0000E+00	1.7797E+00
3.7290E+03	0.0000E+00	0.0000E+00	1.7767E+00
3.7300E+03	0.0000E+00	0.0000E+00	1.7807E+00
3.7310E+03	0.0000E+00	0.0000E+00	1.7807E+00
3.7320E+03	0.0000E+00	0.0000E+00	1.7817E+00
3.7330E+03	0.0000E+00	0.0000E+00	1.7857E+00
3.7340E+03	0.0000E+00	0.0000E+00	1.7847E+00
3.7350E+03	0.0000E+00	0.0000E+00	1.7797E+00
3.7360E+03	0.0000E+00	0.0000E+00	1.7837E+00
3.7370E+03	0.0000E+00	0.0000E+00	1.7847E+00
3.7380E+03	0.0000E+00	0.0000E+00	1.7867E+00
3.7390E+03	0.0000E+00	0.0000E+00	1.7847E+00
3.7400E+03	0.0000E+00	0.0000E+00	1.7877E+00
3.7410E+03	0.0000E+00	0.0000E+00	1.7837E+00
3.7420E+03	0.0000E+00	0.0000E+00	1.7797E+00
3.7430E+03	0.0000E+00	0.0000E+00	1.7737E+00
3.7440E+03	0.0000E+00	0.0000E+00	1.7697E+00
3.7450E+03	0.0000E+00	0.0000E+00	1.7677E+00
3.7460E+03	0.0000E+00	0.0000E+00	1.7667E+00
3.7470E+03	0.0000E+00	0.0000E+00	1.7717E+00
3.7480E+03	0.0000E+00	0.0000E+00	1.7767E+00
3.7490E+03	0.0000E+00	0.0000E+00	1.7787E+00
3.7500E+03	0.0000E+00	0.0000E+00	1.7807E+00
3.7510E+03	0.0000E+00	0.0000E+00	1.7777E+00
3.7520E+03	0.0000E+00	0.0000E+00	1.7767E+00
3.7530E+03	0.0000E+00	0.0000E+00	1.7757E+00
3.7540E+03	0.0000E+00	0.0000E+00	1.7767E+00
3.7550E+03	0.0000E+00	0.0000E+00	1.7797E+00
3.7560E+03	0.0000E+00	0.0000E+00	1.7837E+00
3.7570E+03	0.0000E+00	0.0000E+00	1.7917E+00
3.7580E+03	0.0000E+00	0.0000E+00	1.7897E+00
3.7590E+03	0.0000E+00	0.0000E+00	1.7947E+00
3.7600E+03	0.0000E+00	0.0000E+00	1.7967E+00
3.7610E+03	0.0000E+00	0.0000E+00	1.7987E+00
3.7620E+03	0.0000E+00	0.0000E+00	1.8007E+00
3.7630E+03	0.0000E+00	0.0000E+00	1.8077E+00
3.7640E+03	0.0000E+00	0.0000E+00	1.8087E+00
3.7650E+03	0.0000E+00	0.0000E+00	1.8127E+00
3.7660E+03	0.0000E+00	0.0000E+00	1.8117E+00
3.7670E+03	0.0000E+00	0.0000E+00	1.8147E+00
3.7680E+03	0.0000E+00	0.0000E+00	1.8227E+00
3.7690E+03	0.0000E+00	0.0000E+00	1.8237E+00
3.7700E+03	0.0000E+00	0.0000E+00	1.8247E+00
3.7710E+03	0.0000E+00	0.0000E+00	1.8267E+00
3.7720E+03	0.0000E+00	0.0000E+00	1.8267E+00
3.7730E+03	0.0000E+00	0.0000E+00	1.8277E+00
3.7740E+03	0.0000E+00	0.0000E+00	1.8287E+00
3.7750E+03	0.0000E+00	0.0000E+00	1.8277E+00
3.7760E+03	0.0000E+00	0.0000E+00	1.8307E+00
3.7770E+03	0.0000E+00	0.0000E+00	1.8267E+00
3.7780E+03	0.0000E+00	0.0000E+00	1.8317E+00
3.7790E+03	0.0000E+00	0.0000E+00	1.8327E+00
3.7800E+03	0.0000E+00	0.0000E+00	1.8257E+00
3.7810E+03	0.0000E+00	0.0000E+00	1.8287E+00
3.7820E+03	0.0000E+00	0.0000E+00	1.8237E+00
3.7830E+03	0.0000E+00	0.0000E+00	1.8227E+00
3.7840E+03	0.0000E+00	0.0000E+00	1.8187E+00
3.7850E+03	0.0000E+00	0.0000E+00	1.8167E+00
3.7860E+03	0.0000E+00	0.0000E+00	1.8177E+00
3.7870E+03	0.0000E+00	0.0000E+00	1.8167E+00
3.7880E+03	0.0000E+00	0.0000E+00	1.8127E+00
3.7890E+03	0.0000E+00	0.0000E+00	1.8077E+00
3.7900E+03	0.0000E+00	0.0000E+00	1.8067E+00
3.7910E+03	0.0000E+00	0.0000E+00	1.8057E+00
3.7920E+03	0.0000E+00	0.0000E+00	1.8057E+00
3.7930E+03	0.0000E+00	0.0000E+00	1.8067E+00
3.7940E+03	0.0000E+00	0.0000E+00	1.8057E+00
3.7950E+03	0.0000E+00	0.0000E+00	1.8067E+00
3.7960E+03	0.0000E+00	0.0000E+00	1.8067E+00
3.7970E+03	0.0000E+00	0.0000E+00	1.8037E+00
3.7980E+03	0.0000E+00	0.0000E+00	1.8037E+00
3.7990E+03	0.0000E+00	0.0000E+00	1.8017E+00
3.8000E+03	0.0000E+00	0.0000E+00	1.8007E+00
3.8010E+03	0.0000E+00	0.0000E+00	1.7977E+00
3.8020E+03	0.0000E+00	0.0000E+00	1.7987E+00
3.8030E+03	0.0000E+00	0.0000E+00	1.8017E+00
3.8040E+03	0.0000E+00	0.0000E+00	1.8007E+00
3.8050E+03	0.0000E+00	0.0000E+00	1.7997E+00
3.8060E+03	0.0000E+00	0.0000E+00	1.7987E+00
3.8070E+03	0.0000E+00	0.0000E+00	1.7977E+00
3.8080E+03	0.0000E+00	0.0000E+00	1.8007E+00
3.8090E+03	0.0000E+00	0.0000E+00	1.7977E+00
3.8100E+03	0.0000E+00	0.0000E+00	1.7957E+00
3.8110E+03	0.0000E+00	0.0000E+00	1.7977E+00
3.8120E+03	0.0000E+00	0.0000E+00	1.7957E+00
3.8130E+03	0.0000E+00	0.0000E+00	1.7897E+00
3.8140E+03	0.0000E+00	0.0000E+00	1.7857E+00
3.8150E+03	0.0000E+00	0.0000E+00	1.7797E+00
3.8160E+03	0.0000E+00	0.0000E+00	1.7757E+00
3.8170E+03	0.0000E+00	0.0000E+00	1.7747E+00
3.8180E+03	0.0000E+00	0.0000E+00	1.7757E+00
3.8190E+03	0.0000E+00	0.0000E+00	1.7777E+00
3.8200E+03	0.0000E+00	0.0000E+00	1.7787E+00
3.8210E+03	0.0000E+00	0.0000E+00	1.7767E+00
3.8220E+03	0.0000E+00	0.0000E+00	1.7787E+00
3.8230E+03	0.0000E+00	0.0000E+00	1.7797E+00
3.8240E+03	0.0000E+00	0.0000E+00	1.7757E+00
3.8250E+03	0.0000E+00	0.0000E+00	1.7757E+00
3.8260E+03	0.0000E+00	0.0000E+00	1.7757E+00
3.8270E+03	0.0000E+00	0.0000E+00	1.7787E+00
3.8280E+03	0.0000E+00	0.0000E+00	1.7807E+00
3.8290E+03	0.0000E+00	0.0000E+00	1.7797E+00
3.8300E+03	0.0000E+00	0.0000E+00	1.7777E+00
3.8310E+03	0.0000E+00	0.0000E+00	1.7787E+00
3.8320E+03	0.0000E+00	0.0000E+00	1.7767E+00
3.8330E+03	0.0000E+00	0.0000E+00	1.7757E+00
3.8340E+03	0.0000E+00	0.0000E+00	1.7737E+00
3.8350E+03	0.0000E+00	0.0000E+00	1.7777E+00
3.8360E+03	0.0000E+00	0.0000E+00	1.7757E+00
3.8370E+03	0.0000E+00	0.0000E+00	1.7747E+00
3.8380E+03	0.0000E+00	0.0000E+00	1.7717E+00
3.8390E+03	0.0000E+00	0.0000E+00	1.7727E+00
3.8400E+03	0.0000E+00	0.0000E+00	1.7707E+00
3.8410E+03	0.0000E+00	0.0000E+00	1.7757E+00
3.8420E+03	0.0000E+00	0.0000E+00	1.7737E+00
3.8430E+03	0.0000E+00	0.0000E+00	1.7727E+00
3.8440E+03	0.0000E+00	0.0000E+00	1.7737E+00
3.8450E+03	0.0000E+00	0.0000E+00	1.7747E+00
3.8460E+03	0.0000E+00	0.0000E+00	1.7747E+00
3.8470E+03	0.0000E+00	0.0000E+00	1.7757E+00
3.8480E+03	0.0000E+00	0.0000E+00	1.7757E+00
3.8490E+03	0.0000E+00	0.0000E+00	1.7747E+00
3.8500E+03	0.0000E+00	0.0000E+00	1.7747E+00
3.8510E+03	0.0000E+00	0.0000E+00	1.7757E+00
3.8520E+03	0.0000E+00	0.0000E+00	1.7747E+00
3.8530E+03	0.0000E+00	0.0000E+00	1.7767E+00
3.8540E+03	0.0000E+00	0.0000E+00	1.7757E+00
3.8550E+03	0.0000E+00	0.0000E+00	1.7757E+00
3.8560E+03	0.0000E+00	0.0000E+00	1.7757E+00
3.8570E+03	0.0000E+00	0.0000E+00	1.7727E+00
3.8580E+03	0.0000E+00	0.0000E+00	1.7737E+00
3.8590E+03	0.0000E+00	0.0000E+00	1.7767E+00
3.8600E+03	0.0000E+00	0.0000E+00	1.7767E+00
3.8610E+03	0.0000E+00	0.0000E+00	1.7737E+00
3.8620E+03	0.0000E+00	0.0000E+00	1.7717E+00
3.8630E+03	0.0000E+00	0.0000E+00	1.7697E+00
3.8640E+03	0.0000E+00	0.0000E+00	1.7717E+00
3.8650E+03	0.0000E+00	0.0000E+00	1.7747E+00
3.8660E+03	0.0000E+00	0.0000E+00	1.7737E+00
3.8670E+03	0.0000E+00	0.0000E+00	1.7757E+00
3.8680E+03	0.0000E+00	0.0000E+00	1.7747E+00
3.8690E+03	0.0000E+00	0.0000E+00	1.7757E+00
3.8700E+03	0.0000E+00	0.0000E+00	1.7727E+00
3.8710E+03	0.0000E+00	0.0000E+00	1.7717E+00
3.8720E+03	0.0000E+00	0.0000E+00	1.7717E+00
3.8730E+03	0.0000E+00	0.0000E+00	1.7707E+00
3.8740E+03	0.0000E+00	0.0000E+00	1.7727E+00
3.8750E+03	0.0000E+00	0.0000E+00	1.7707E+00
3.8760E+03	0.0000E+00	0.0000E+00	1.7717E+00
3.8770E+03	0.0000E+00	0.0000E+00	1.7707E+00
3.8780E+03	0.0000E+00	0.0000E+00	1.7727E+00
3.8790E+03	0.0000E+00	0.0000E+00	1.7717E+00
3.8800E+03	0.0000E+00	0.0000E+00	1.7707E+00
3.8810E+03	0.0000E+00	0.0000E+00	1.7717E+00
3.8820E+03	0.0000E+00	0.0000E+00	1.7687E+00
3.8830E+03	0.0000E+00	0.0000E+00	1.7737E+00
3.8840E+03	0.0000E+00	0.0000E+00	1.7717E+00
3.8850E+03	0.0000E+00	0.0000E+00	1.7657E+00
3.8860E+03	0.0000E+00	0.0000E+00	1.7627E+00
3.8870E+03	0.0000E+00	0.0000E+00	1.7597E+00
3.8880E+03	0.0000E+00	0.0000E+00	1.7547E+00
3.8890E+03	0.0000E+00	0.0000E+00	1.7537E+00
3.8900E+03	0.0000E+00	0.0000E+00	1.7537E+00
3.8910E+03	0.0000E+00	0.0000E+00	1.7537E+00
3.8920E+03	0.0000E+00	0.0000E+00	1.7607E+00
3.8930E+03	0.0000E+00	0.0000E+00	1.7637E+00
3.8940E+03	0.0000E+00	0.0000E+00	1.7707E+00
3.8950E+03	0.0000E+00	0.0000E+00	1.7687E+00
3.8960E+03	0.0000E+00	0.0000E+00	1.7687E+00
3.8970E+03	0.0000E+00	0.0000E+00	1.7697E+00
3.8980E+03	0.0000E+00	0.0000E+00	1.7707E+00
3.8990E+03	0.0000E+00	0.0000E+00	1.7737E+00
3.9000E+03	0.0000E+00	0.0000E+00	1.7767E+00
3.9010E+03	0.0000E+00	0.0000E+00	1.7777E+00
3.9020E+03	0.0000E+00	0.0000E+00	1.7767E+00
3.9030E+03	0.0000E+00	0.0000E+00	1.7777E+00
3.9040E+03	0.0000E+00	0.0000E+00	1.7737E+00
3.9050E+03	0.0000E+00	0.0000E+00	1.7727E+00
3.9060E+03	0.0000E+00	0.0000E+00	1.7737E+00
3.9070E+03	0.0000E+00	0.0000E+00	1.7757E+00
3.9080E+03	0.0000E+00	0.0000E+00	1.7727E+00
3.9090E+03	0.0000E+00	0.0000E+00	1.7697E+00
3.9100E+03	0.0000E+00	0.0000E+00	1.7627E+00
3.9110E+03	0.0000E+00	0.0000E+00	1.7657E+00
3.9120E+03	0.0000E+00	0.0000E+00	1.7607E+00
3.9130E+03	0.0000E+00	0.0000E+00	1.7587E+00
3.9140E+03	0.0000E+00	0.0000E+00	1.7617E+00
3.9150E+03	0.0000E+00	0.0000E+00	1.7687E+00
3.9160E+03	0.0000E+00	0.0000E+00	1.7717E+00
3.9170E+03	0.0000E+00	0.0000E+00	1.7727E+00
3.9180E+03	0.0000E+00	0.0000E+00	1.7787E+00
3.9190E+03	0.0000E+00	0.0000E+00	1.7787E+00
3.9200E+03	0.0000E+00	0.0000E+00	1.7807E+00
3.9210E+03	0.0000E+00	0.0000E+00	1.7787E+00
3.9220E+03	0.0000E+00	0.0000E+00	1.7807E+00
3.9230E+03	0.0000E+00	0.0000E+00	1.7817E+00
3.9240E+03	0.0000E+00	0.0000E+00	1.7847E+00
3.9250E+03	0.0000E+00	0.0000E+00	1.7837E+00
3.9260E+03	0.0000E+00	0.0000E+00	1.7757E+00
3.9270E+03	0.0000E+00	0.0000E+00	1.7697E+00
3.9280E+03	0.0000E+00	0.0000E+00	1.7607E+00
3.9290E+03	0.0000E+00	0.0000E+00	1.7537E+00
3.9300E+03	0.0000E+00	0.0000E+00	1.7527E+00
3.9310E+03	0.0000E+00	0.0000E+00	1.7507E+00
3.9320E+03	0.0000E+00	0.0000E+00	1.7507E+00
3.9330E+03	0.0000E+00	0.0000E+00	1.7477E+00
3.9340E+03	0.0000E+00	0.0000E+00	1.7437E+00
3.9350E+03	0.0000E+00	0.0000E+00	1.7417E+00
3.9360E+03	0.0000E+00	0.0000E+00	1.7387E+00
3.9370E+03	0.0000E+00	0.0000E+00	1.7377E+00
3.9380E+03	0.0000E+00	0.0000E+00	1.7367E+00
3.9390E+03	0.0000E+00	0.0000E+00	1.7367E+00
3.9400E+03	0.0000E+00	0.0000E+00	1.7367E+00
3.9410E+03	0.0000E+00	0.0000E+00	1.7337E+00
3.9420E+03	0.0000E+00	0.0000E+00	1.7357E+00
3.9430E+03	0.0000E+00	0.0000E+00	1.7347E+00
3.9440E+03	0.0000E+00	0.0000E+00	1.7347E+00
3.9450E+03	0.0000E+00	0.0000E+00	1.7357E+00
3.9460E+03	0.0000E+00	0.0000E+00	1.7387E+00
3.9470E+03	0.0000E+00	0.0000E+00	1.7407E+00
3.9480E+03	0.0000E+00	0.0000E+00	1.7417E+00
3.9490E+03	0.0000E+00	0.0000E+00	1.7437E+00
3.9500E+03	0.0000E+00	0.0000E+00	1.7427E+00
3.9510E+03	0.0000E+00	0.0000E+00	1.7437E+00
3.9520E+03	0.0000E+00	0.0000E+00	1.7397E+00
3.9530E+03	0.0000E+00	0.0000E+00	1.7387E+00
3.9540E+03	0.0000E+00	0.0000E+00	1.7377E+00
3.9550E+03	0.0000E+00	0.0000E+00	1.7377E+00
3.9560E+03	0.0000E+00	0.0000E+00	1.7347E+00
3.9570E+03	0.0000E+00	0.0000E+00	1.7317E+00
3.9580E+03	0.0000E+00	0.0000E+00	1.7337E+00
3.9590E+03	0.0000E+00	0.0000E+00	1.7297E+00
3.9600E+03	0.0000E+00	0.0000E+00	1.7297E+00
3.9610E+03	0.0000E+00	0.0000E+00	1.7277E+00
3.9620E+03	0.0000E+00	0.0000E+00	1.7277E+00
3.9630E+03	0.0000E+00	0.0000E+00	1.7267E+00
3.9640E+03	0.0000E+00	0.0000E+00	1.7247E+00
3.9650E+03	0.0000E+00	0.0000E+00	1.7247E+00
3.9660E+03	0.0000E+00	0.0000E+00	1.7277E+00
3.9670E+03	0.0000E+00	0.0000E+00	1.7267E+00
3.9680E+03	0.0000E+00	0.0000E+00	1.7277E+00
3.9690E+03	0.0000E+00	0.0000E+00	1.7287E+00
3.9700E+03	0.0000E+00	0.0000E+00	1.7347E+00
3.9710E+03	0.0000E+00	0.0000E+00	1.7377E+00
3.9720E+03	0.0000E+00	0.0000E+00	1.7387E+00
3.9730E+03	0.0000E+00	0.0000E+00	1.7437E+00
3.9740E+03	0.0000E+00	0.0000E+00	1.7427E+00
3.9750E+03	0.0000E+00	0.0000E+00	1.7447E+00
3.9760E+03	0.0000E+00	0.0000E+00	1.7487E+00
3.9770E+03	0.0000E+00	0.0000E+00	1.7447E+00
3.9780E+03	0.0000E+00	0.0000E+00	1.7467E+00
3.9790E+03	0.0000E+00	0.0000E+00	1.7447E+00
3.9800E+03	0.0000E+00	0.0000E+00	1.7437E+00
3.9810E+03	0.0000E+00	0.0000E+00	1.7407E+00
3.9820E+03	0.0000E+00	0.0000E+00	1.7347E+00
3.9830E+03	0.0000E+00	0.0000E+00	1.7337E+00
3.9840E+03	0.0000E+00	0.0000E+00	1.7307E+00
3.9850E+03	0.0000E+00	0.0000E+00	1.7287E+00
3.9860E+03	0.0000E+00	0.0000E+00	1.7297E+00
3.9870E+03	0.0000E+00	0.0000E+00	1.7297E+00
3.9880E+03	0.0000E+00	0.0000E+00	1.7367E+00
3.9890E+03	0.0000E+00	0.0000E+00	1.7417E+00
3.9900E+03	0.0000E+00	0.0000E+00	1.7467E+00
3.9910E+03	0.0000E+00	0.0000E+00	1.7507E+00
3.9920E+03	0.0000E+00	0.0000E+00	1.7547E+00
3.9930E+03	0.0000E+00	0.0000E+00	1.7537E+00
3.9940E+03	0.0000E+00	0.0000E+00	1.7577E+00
3.9950E+03	0.0000E+00	0.0000E+00	1.7607E+00
3.9960E+03	0.0000E+00	0.0000E+00	1.7617E+00
3.9970E+03	0.0000E+00	0.0000E+00	1.7617E+00
3.9980E+03	0.0000E+00	0.0000E+00	1.7637E+00
3.9990E+03	0.0000E+00	0.0000E+00	1.7627E+00
4.0000E+03	0.0000E+00	0.0000E+00	1.7607E+00
4.0010E+03	0.0000E+00	0.0000E+00	1.7637E+00
4.0020E+03	0.0000E+00	0.0000E+00	1.7607E+00
4.0030E+03	0.0000E+00	0.0000E+00	1.7607E+00
4.0040E+03	0.0000E+00	0.0000E+00	1.7607E+00
4.0050E+03	0.0000E+00	0.0000E+00	1.7527E+00
4.0060E+03	0.0000E+00	0.0000E+00	1.7447E+00
4.0070E+03	0.0000E+00	0.0000E+00	1.7357E+00
4.0080E+03	0.0000E+00	0.0000E+00	1.7347E+00
4.0090E+03	0.0000E+00	0.0000E+00	1.7307E+00
4.0100E+03	0.0000E+00	0.0000E+00	1.7287E+00
4.0110E+03	0.0000E+00	0.0000E+00	1.7267E+00
4.0120E+03	0.0000E+00	0.0000E+00	1.7287E+00
4.0130E+03	0.0000E+00	0.0000E+00	1.7287E+00
4.0140E+03	0.0000E+00	0.0000E+00	1.7277E+00
4.0150E+03	0.0000E+00	0.0000E+00	1.7287E+00
4.0160E+03	0.0000E+00	0.0000E+00	1.7327E+00
4.0170E+03	0.0000E+00	0.0000E+00	1.7367E+00
4.0180E+03	0.0000E+00	0.0000E+00	1.7437E+00
4.0190E+03	0.0000E+00	0.0000E+00	1.7497E+00
4.0200E+03	0.0000E+00	0.0000E+00	1.7507E+00
4.0210E+03	0.0000E+00	0.0000E+00	1.7507E+00
4.0220E+03	0.0000E+00	0.0000E+00	1.7507E+00
4.0230E+03	0.0000E+00	0.0000E+00	1.7497E+00
4.0240E+03	0.0000E+00	0.0000E+00	1.7527E+00
4.0250E+03	0.0000E+00	0.0000E+00	1.7547E+00
4.0260E+03	0.0000E+00	0.0000E+00	1.7547E+00
4.0270E+03	0.0000E+00	0.0000E+00	1.7537E+00
4.0280E+03	0.0000E+00	0.0000E+00	1.7517E+00
4.0290E+03	0.0000E+00	0.0000E+00	1.7547E+00
4.0300E+03	0.0000E+00	0.0000E+00	1.7497E+00
4.0310E+03	0.0000E+00	0.0000E+00	1.7467E+00
4.0320E+03	0.0000E+00	0.0000E+00	1.7427E+00
4.0330E+03	0.0000E+00	0.0000E+00	1.7407E+00
4.0340E+03	0.0000E+00	0.0000E+00	1.7397E+00
4.0350E+03	0.0000E+00	0.0000E+00	1.7477E+00
4.0360E+03	0.0000E+00	0.0000E+00	1.7597E+00
4.0370E+03	0.0000E+00	0.0000E+00	1.7707E+00
4.0380E+03	0.0000E+00	0.0000E+00	1.7737E+00
4.0390E+03	0.0000E+00	0.0000E+00	1.7817E+00
4.0400E+03	0.0000E+00	0.0000E+00	1.7857E+00
4.0410E+03	0.0000E+00	0.0000E+00	1.7887E+00
4.0420E+03	0.0000E+00	0.0000E+00	1.7947E+00
4.0430E+03	0.0000E+00	0.0000E+00	1.7957E+00
4.0440E+03	0.0000E+00	0.0000E+00	1.7917E+00
4.0450E+03	0.0000E+00	0.0000E+00	1.7907E+00
4.0460E+03	0.0000E+00	0.0000E+00	1.7887E+00
4.0470E+03	0.0000E+00	0.0000E+00	1.7907E+00
4.0480E+03	0.0000E+00	0.0000E+00	1.7907E+00
4.0490E+03	0.0000E+00	0.0000E+00	1.7887E+00
4.0500E+03	0.0000E+00	0.0000E+00	1.7887E+00
4.0510E+03	0.0000E+00	0.0000E+00	1.7907E+00
4.0520E+03	0.0000E+00	0.0000E+00	1.7907E+00
4.0530E+03	0.0000E+00	0.0000E+00	1.7857E+00
4.0540E+03	0.0000E+00	0.0000E+00	1.7827E+00
4.0550E+03	0.0000E+00	0.0000E+00	1.7787E+00
4.0560E+03	0.0000E+00	0.0000E+00	1.7787E+00
4.0570E+03	0.0000E+00	0.0000E+00	1.7767E+00
4.0580E+03	0.0000E+00	0.0000E+00	1.7787E+00
4.0590E+03	0.0000E+00	0.0000E+00	1.7807E+00
4.0600E+03	0.0000E+00	0.0000E+00	1.7857E+00
4.0610E+03	0.0000E+00	0.0000E+00	1.7897E+00
4.0620E+03	0.0000E+00	0.0000E+00	1.7867E+00
4.0630E+03	0.0000E+00	0.0000E+00	1.7877E+00
4.0640E+03	0.0000E+00	0.0000E+00	1.7897E+00
4.0650E+03	0.0000E+00	0.0000E+00	1.7887E+00
4.0660E+03	0.0000E+00	0.0000E+00	1.7927E+00
4.0670E+03	0.0000E+00	0.0000E+00	1.7927E+00
4.0680E+03	0.0000E+00	0.0000E+00	1.7937E+00
4.0690E+03	0.0000E+00	0.0000E+00	1.7987E+00
4.0700E+03	0.0000E+00	0.0000E+00	1.7907E+00
4.0710E+03	0.0000E+00	0.0000E+00	1.7897E+00
4.0720E+03	0.0000E+00	0.0000E+00	1.7927E+00
4.0730E+03	0.0000E+00	0.0000E+00	1.7937E+00
4.0740E+03	0.0000E+00	0.0000E+00	1.7907E+00
4.0750E+03	0.0000E+00	0.0000E+00	1.7917E+00
4.0760E+03	0.0000E+00	0.0000E+00	1.7927E+00
4.0770E+03	0.0000E+00	0.0000E+00	1.7887E+00
4.0780E+03	0.0000E+00	0.0000E+00	1.7877E+00
4.0790E+03	0.0000E+00	0.0000E+00	1.7837E+00
4.0800E+03	0.0000E+00	0.0000E+00	1.7847E+00
4.0810E+03	0.0000E+00	0.0000E+00	1.7787E+00
4.0820E+03	0.0000E+00	0.0000E+00	1.7847E+00
4.0830E+03	0.0000E+00	0.0000E+00	1.7857E+00
4.0840E+03	0.0000E+00	0.0000E+00	1.7907E+00
4.0850E+03	0.0000E+00	0.0000E+00	1.7917E+00
4.0860E+03	0.0000E+00	0.0000E+00	1.7957E+00
4.0870E+03	0.0000E+00	0.0000E+00	1.7947E+00
4.0880E+03	0.0000E+00	0.0000E+00	1.7927E+00
4.0890E+03	0.0000E+00	0.0000E+00	1.7917E+00
4.0900E+03	0.0000E+00	0.0000E+00	1.7927E+00
4.0910E+03	0.0000E+00	0.0000E+00	1.7967E+00
4.0920E+03	0.0000E+00	0.0000E+00	1.7967E+00
4.0930E+03	0.0000E+00	0.0000E+00	1.7977E+00
4.0940E+03	0.0000E+00	0.0000E+00	1.7967E+00
4.0950E+03	0.0000E+00	0.0000E+00	1.7957E+00
4.0960E+03	0.0000E+00	0.0000E+00	1.7997E+00
4.0970E+03	0.0000E+00	0.0000E+00	1.8007E+00
4.0980E+03	0.0000E+00	0.0000E+00	1.8087E+00
4.0990E+03	0.0000E+00	0.0000E+00	1.8117E+00
4.1000E+03	0.0000E+00	0.0000E+00	1.8127E+00
4.1010E+03	0.0000E+00	0.0000E+00	1.8127E+00
4.1020E+03	0.0000E+00	0.0000E+00	1.8137E+00
4.1030E+03	0.0000E+00	0.0000E+00	1.8197E+00
4.1040E+03	0.0000E+00	0.0000E+00	1.8227E+00
4.1050E+03	0.0000E+00	0.0000E+00	1.8257E+00
4.1060E+03	0.0000E+00	0.0000E+00	1.8297E+00
4.1070E+03	0.0000E+00	0.0000E+00	1.8287E+00
4.1080E+03	0.0000E+00	0.0000E+00	1.8317E+00
4.1090E+03	0.0000E+00	0.0000E+00	1.8347E+00
4.1100E+03	0.0000E+00	0.0000E+00	1.8377E+00
4.1110E+03	0.0000E+00	0.0000E+00	1.8377E+00
4.1120E+03	0.0000E+00	0.0000E+00	1.8407E+00
4.1130E+03	0.0000E+00	0.0000E+00	1.8417E+00
4.1140E+03	0.0000E+00	0.0000E+00	1.8457E+00
4.1150E+03	0.0000E+00	0.0000E+00	1.8437E+00
4.1160E+03	0.0000E+00	0.0000E+00	1.8477E+00
4.1170E+03	0.0000E+00	0.0000E+00	1.8487E+00
4.1180E+03	0.0000E+00	0.0000E+00	1.8477E+00
4.1190E+03	0.0000E+00	0.0000E+00	1.8467E+00
4.1200E+03	0.0000E+00	0.0000E+00	1.8457E+00
4.1210E+03	0.0000E+00	0.0000E+00	1.8397E+00
4.1220E+03	0.0000E+00	0.0000E+00	1.8407E+00
4.1230E+03	0.0000E+00	0.0000E+00	1.8407E+00
4.1240E+03	0.0000E+00	0.0000E+00	1.8377E+00
4.1250E+03	0.0000E+00	0.0000E+00	1.8337E+00
4.1260E+03	0.0000E+00	0.0000E+00	1.8297E+00
4.1270E+03	0.0000E+00	0.0000E+00	1.8317E+00
4.1280E+03	0.0000E+00	0.0000E+00	1.8317E+00
4.1290E+03	0.0000E+00	0.0000E+00	1.8307E+00
4.1300E+03	0.0000E+00	0.0000E+00	1.8297E+00
4.1310E+03	0.0000E+00	0.0000E+00	1.8297E+00
4.1320E+03	0.0000E+00	0.0000E+00	1.8287E+00
4.1330E+03	0.0000E+00	0.0000E+00	1.8287E+00
4.1340E+03	0.0000E+00	0.0000E+00	1.8267E+00
4.1350E+03	0.0000E+00	0.0000E+00	1.8277E+00
4.1360E+03	0.0000E+00	0.0000E+00	1.8257E+00
4.1370E+03	0.0000E+00	0.0000E+00	1.8227E+00
4.1380E+03	0.0000E+00	0.0000E+00	1.8257E+00
4.1390E+03	0.0000E+00	0.0000E+00	1.8267E+00
4.1400E+03	0.0000E+00	0.0000E+00	1.8267E+00
4.1410E+03	0.0000E+00	0.0000E+00	1.8277E+00
4.1420E+03	0.0000E+00	0.0000E+00	1.8277E+00
4.1430E+03	0.0000E+00	0.0000E+00	1.8267E+00
4.1440E+03	0.0000E+00	0.0000E+00	1.8277E+00
4.1450E+03	0.0000E+00	0.0000E+00	1.8227E+00
4.1460E+03	0.0000E+00	0.0000E+00	1.8277E+00
4.1470E+03	0.0000E+00	0.0000E+00	1.8307E+00
4.1480E+03	0.0000E+00	0.0000E+00	1.8287E+00
4.1490E+03	0.0000E+00	0.0000E+00	1.8247E+00
4.1500E+03	0.0000E+00	0.0000E+00	1.8217E+00
4.1510E+03	0.0000E+00	0.0000E+00	1.8167E+00
4.1520E+03	0.0000E+00	0.0000E+00	1.8187E+00
4.1530E+03	0.0000E+00	0.0000E+00	1.8197E+00
4.1540E+03	0.0000E+00	0.0000E+00	1.8207E+00
4.1550E+03	0.0000E+00	0.0000E+00	1.8207E+00
4.1560E+03	0.0000E+00	0.0000E+00	1.8227E+00
4.1570E+03	0.0000E+00	0.0000E+00	1.8227E+00
4.1580E+03	0.0000E+00	0.0000E+00	1.8207E+00
4.1590E+03	0.0000E+00	0.0000E+00	1.8197E+00
4.1600E+03	0.0000E+00	0.0000E+00	1.8197E+00
4.1610E+03	0.0000E+00	0.0000E+00	1.8177E+00
4.1620E+03	0.0000E+00	0.0000E+00	1.8167E+00
4.1630E+03	0.0000E+00	0.0000E+00	1.8207E+00
4.1640E+03	0.0000E+00	0.0000E+00	1.8227E+00
4.1650E+03	0.0000E+00	0.0000E+00	1.8227E+00
4.1660E+03	0.0000E+00	0.0000E+00	1.8207E+00
4.1670E+03	0.0000E+00	0.0000E+00	1.8197E+00
4.1680E+03	0.0000E+00	0.0000E+00	1.8197E+00
4.1690E+03	0.0000E+00	0.0000E+00	1.8207E+00
4.1700E+03	0.0000E+00	0.0000E+00	1.8217E+00
4.1710E+03	0.0000E+00	0.0000E+00	1.8237E+00
4.1720E+03	0.0000E+00	0.0000E+00	1.8227E+00
4.1730E+03	0.0000E+00	0.0000E+00	1.8187E+00
4.1740E+03	0.0000E+00	0.0000E+00	1.8157E+00
4.1750E+03	0.0000E+00	0.0000E+00	1.8147E+00
4.1760E+03	0.0000E+00	0.0000E+00	1.8127E+00
4.1770E+03	0.0000E+00	0.0000E+00	1.8107E+00
4.1780E+03	0.0000E+00	0.0000E+00	1.8117E+00
4.1790E+03	0.0000E+00	0.0000E+00	1.8167E+00
4.1800E+03	0.0000E+00	0.0000E+00	1.8137E+00
4.1810E+03	0.0000E+00	0.0000E+00	1.8167E+00
4.1820E+03	0.0000E+00	0.0000E+00	1.8167E+00
4.1830E+03	0.0000E+00	0.0000E+00	1.8157E+00
4.1840E+03	0.0000E+00	0.0000E+00	1.8147E+00
4.1850E+03	0.0000E+00	0.0000E+00	1.8137E+00
4.1860E+03	0.0000E+00	0.0000E+00	1.8147E+00
4.1870E+03	0.0000E+00	0.0000E+00	1.8187E+00
4.1880E+03	0.0000E+00	0.0000E+00	1.8197E+00
4.1890E+03	0.0000E+00	0.0000E+00	1.8217E+00
4.1900E+03	0.0000E+00	0.0000E+00	1.8177E+00
4.1910E+03	0.0000E+00	0.0000E+00	1.8177E+00
4.1920E+03	0.0000E+00	0.0000E+00	1.8187E+00
4.1930E+03	0.0000E+00	0.0000E+00	1.8187E+00
4.1940E+03	0.0000E+00	0.0000E+00	1.8177E+00
4.1950E+03	0.0000E+00	0.0000E+00	1.8227E+00
4.1960E+03	0.0000E+00	0.0000E+00	1.8197E+00
4.1970E+03	0.0000E+00	0.0000E+00	1.8177E+00
4.1980E+03	0.0000E+00	0.0000E+00	1.8137E+00
4.1990E+03	0.0000E+00	0.0000E+00	1.8107E+00
4.2000E+03	0.0000E+00	0.0000E+00	1.8137E+00
4.2010E+03	0.0000E+00	0.0000E+00	1.8167E+00
4.2020E+03	0.0000E+00	0.0000E+00	1.8157E+00
4.2030E+03	0.0000E+00	0.0000E+00	1.8187E+00
4.2040E+03	0.0000E+00	0.0000E+00	1.8167E+00
4.2050E+03	0.0000E+00	0.0000E+00	1.8167E+00
4.2060E+03	0.0000E+00	0.0000E+00	1.8177E+00
4.2070E+03	0.0000E+00	0.0000E+00	1.8177E+00
4.2080E+03	0.0000E+00	0.0000E+00	1.8187E+00
4.2090E+03	0.0000E+00	0.0000E+00	1.8177E+00
4.2100E+03	0.0000E+00	0.0000E+00	1.8177E+00
4.2110E+03	0.0000E+00	0.0000E+00	1.8167E+00
4.2120E+03	0.0000E+00	0.0000E+00	1.8187E+00
4.2130E+03	0.0000E+00	0.0000E+00	1.8177E+00
4.2140E+03	0.0000E+00	0.0000E+00	1.8227E+00
4.2150E+03	0.0000E+00	0.0000E+00	1.8207E+00
4.2160E+03	0.0000E+00	0.0000E+00	1.8207E+00
4.2170E+03	0.0000E+00	0.0000E+00	1.8217E+00
4.2180E+03	0.0000E+00	0.0000E+00	1.8237E+00
4.2190E+03	0.0000E+00	0.0000E+00	1.8217E+00
4.2200E+03	0.0000E+00	0.0000E+00	1.8217E+00
4.2210E+03	0.0000E+00	0.0000E+00	1.8197E+00
4.2220E+03	0.0000E+00	0.0000E+00	1.8217E+00
4.2230E+03	0.0000E+00	0.0000E+00	1.8197E+00
4.2240E+03	0.0000E+00	0.0000E+00	1.8197E+00
4.2250E+03	0.0000E+00	0.0000E+00	1.8197E+00
4.2260E+03	0.0000E+00	0.0000E+00	1.8227E+00
4.2270E+03	0.0000E+00	0.0000E+00	1.8227E+00
4.2280E+03	0.0000E+00	0.0000E+00	1.8217E+00
4.2290E+03	0.0000E+00	0.0000E+00	1.8207E+00
4.2300E+03	0.0000E+00	0.0000E+00	1.8227E+00
4.2310E+03	0.0000E+00	0.0000E+00	1.8227E+00
4.2320E+03	0.0000E+00	0.0000E+00	1.8207E+00
4.2330E+03	0.0000E+00	0.0000E+00	1.8207E+00
4.2340E+03	0.0000E+00	0.0000E+00	1.8237E+00
4.2350E+03	0.0000E+00	0.0000E+00	1.8217E+00
4.2360E+03	0.0000E+00	0.0000E+00	1.8247E+00
4.2370E+03	0.0000E+00	0.0000E+00	1.8257E+00
4.2380E+03	0.0000E+00	0.0000E+00	1.8237E+00
4.2390E+03	0.0000E+00	0.0000E+00	1.8237E+00
4.2400E+03	0.0000E+00	0.0000E+00	1.8217E+00
4.2410E+03	0.0000E+00	0.0000E+00	1.8237E+00
4.2420E+03	0.0000E+00	0.0000E+00	1.8217E+00
4.2430E+03	0.0000E+00	0.0000E+00	1.8257E+00
4.2440E+03	0.0000E+00	0.0000E+00	1.8207E+00
4.2450E+03	0.0000E+00	0.0000E+00	1.8167E+00
4.2460E+03	0.0000E+00	0.0000E+00	1.8147E+00
4.2470E+03	0.0000E+00	0.0000E+00	1.8137E+00
4.2480E+03	0.0000E+00	0.0000E+00	1.8127E+00
4.2490E+03	0.0000E+00	0.0000E+00	1.8137E+00
4.2500E+03	0.0000E+00	0.0000E+00	1.8147E+00
4.2510E+03	0.0000E+00	0.0000E+00	1.8167E+00
4.2520E+03	0.0000E+00	0.0000E+00	1.8157E+00
4.2530E+03	0.0000E+00	0.0000E+00	1.8157E+00
4.2540E+03	0.0000E+00	0.0000E+00	1.8137E+00
4.2550E+03	0.0000E+00	0.0000E+00	1.8167E+00
4.2560E+03	0.0000E+00	0.0000E+00	1.8157E+00
4.2570E+03	0.0000E+00	0.0000E+00	1.8117E+00
4.2580E+03	0.0000E+00	0.0000E+00	1.8177E+00
4.2590E+03	0.0000E+00	0.0000E+00	1.8197E+00
4.2600E+03	0.0000E+00	0.0000E+00	1.8227E+00
4.2610E+03	0.0000E+00	0.0000E+00	1.8187E+00
4.2620E+03	0.0000E+00	0.0000E+00	1.8187E+00
4.2630E+03	0.0000E+00	0.0000E+00	1.8177E+00
4.2640E+03	0.0000E+00	0.0000E+00	1.8197E+00
4.2650E+03	0.0000E+00	0.0000E+00	1.8207E+00
4.2660E+03	0.0000E+00	0.0000E+00	1.8227E+00
4.2670E+03	0.0000E+00	0.0000E+00	1.8237E+00
4.2680E+03	0.0000E+00	0.0000E+00	1.8257E+00
4.2690E+03	0.0000E+00	0.0000E+00	1.8207E+00
4.2700E+03	0.0000E+00	0.0000E+00	1.8217E+00
4.2710E+03	0.0000E+00	0.0000E+00	1.8187E+00
4.2720E+03	0.0000E+00	0.0000E+00	1.8177E+00
4.2730E+03	0.0000E+00	0.0000E+00	1.8177E+00
4.2740E+03	0.0000E+00	0.0000E+00	1.8187E+00
4.2750E+03	0.0000E+00	0.0000E+00	1.8157E+00
4.2760E+03	0.0000E+00	0.0000E+00	1.8167E+00
4.2770E+03	0.0000E+00	0.0000E+00	1.8177E+00
4.2780E+03	0.0000E+00	0.0000E+00	1.8167E+00
4.2790E+03	0.0000E+00	0.0000E+00	1.8167E+00
4.2800E+03	0.0000E+00	0.0000E+00	1.8157E+00
4.2810E+03	0.0000E+00	0.0000E+00	1.8177E+00
4.2820E+03	0.0000E+00	0.0000E+00	1.8207E+00
4.2830E+03	0.0000E+00	0.0000E+00	1.8247E+00
4.2840E+03	0.0000E+00	0.0000E+00	1.8247E+00
4.2850E+03	0.0000E+00	0.0000E+00	1.8247E+00
4.2860E+03	0.0000E+00	0.0000E+00	1.8257E+00
4.2870E+03	0.0000E+00	0.0000E+00	1.8227E+00
4.2880E+03	0.0000E+00	0.0000E+00	1.8227E+00
4.2890E+03	0.0000E+00	0.0000E+00	1.8217E+00
4.2900E+03	0.0000E+00	0.0000E+00	1.8257E+00
4.2910E+03	0.0000E+00	0.0000E+00	1.8227E+00
4.2920E+03	0.0000E+00	0.0000E+00	1.8197E+00
4.2930E+03	0.0000E+00	0.0000E+00	1.8197E+00
4.2940E+03	0.0000E+00	0.0000E+00	1.8167E+00
4.2950E+03	0.0000E+00	0.0000E+00	1.8117E+00
4.2960E+03	0.0000E+00	0.0000E+00	1.8127E+00
4.2970E+03	0.0000E+00	0.0000E+00	1.8147E+00
4.2980E+03	0.0000E+00	0.0000E+00	1.8197E+00
4.2990E+03	0.0000E+00	0.0000E+00	1.8207E+00
4.3000E+03	0.0000E+00	0.0000E+00	1.8187E+00
4.3010E+03	0.0000E+00	0.0000E+00	1.8197E+00
4.3020E+03	0.0000E+00	0.0000E+00	1.8177E+00
4.3030E+03	0.0000E+00	0.0000E+00	1.8187E+00
4.3040E+03	0.0000E+00	0.0000E+00	1.8177E+00
4.3050E+03	0.0000E+00	0.0000E+00	1.8187E+00
4.3060E+03	0.0000E+00	0.0000E+00	1.8227E+00
4.3070E+03	0.0000E+00	0.0000E+00	1.8237E+00
4.3080E+03	0.0000E+00	0.0000E+00	1.8257E+00
4.3090E+03	0.0000E+00	0.0000E+00	1.8247E+00
4.3100E+03	0.0000E+00	0.0000E+00	1.8217E+00
4.3110E+03	0.0000E+00	0.0000E+00	1.8257E+00
4.3120E+03	0.0000E+00	0.0000E+00	1.8247E+00
4.3130E+03	0.0000E+00	0.0000E+00	1.8267E+00
4.3140E+03	0.0000E+00	0.0000E+00	1.8277E+00
4.3150E+03	0.0000E+00	0.0000E+00	1.8287E+00
4.3160E+03	0.0000E+00	0.0000E+00	1.8287E+00
4.3170E+03	0.0000E+00	0.0000E+00	1.8287E+00
4.3180E+03	0.0000E+00	0.0000E+00	1.8247E+00
4.3190E+03	0.0000E+00	0.0000E+00	1.8227E+00
4.3200E+03	0.0000E+00	0.0000E+00	1.8237E+00
4.3210E+03	0.0000E+00	0.0000E+00	1.8257E+00
4.3220E+03	0.0000E+00	0.0000E+00	1.8237E+00
4.3230E+03	0.0000E+00	0.0000E+00	1.8227E+00
4.3240E+03	0.0000E+00	0.0000E+00	1.8207E+00
4.3250E+03	0.0000E+00	0.0000E+00	1.8227E+00
4.3260E+03	0.0000E+00	0.0000E+00	1.8217E+00
4.3270E+03	0.0000E+00	0.0000E+00	1.8187E+00
4.3280E+03	0.0000E+00	0.0000E+00	1.8167E+00
4.3290E+03	0.0000E+00	0.0000E+00	1.8177E+00
4.3300E+03	0.0000E+00	0.0000E+00	1.8187E+00
4.3310E+03	0.0000E+00	0.0000E+00	1.8207E+00
4.3320E+03	0.0000E+00	0.0000E+00	1.8187E+00
4.3330E+03	0.0000E+00	0.0000E+00	1.8207E+00
4.3340E+03	0.0000E+00	0.0000E+00	1.8187E+00
4.3350E+03	0.0000E+00	0.0000E+00	1.8187E+00
4.3360E+03	0.0000E+00	0.0000E+00	1.8217E+00
4.3370E+03	0.0000E+00	0.0000E+00	1.8177E+00
4.3380E+03	0.0000E+00	0.0000E+00	1.8207E+00
4.3390E+03	0.0000E+00	0.0000E+00	1.8227E+00
4.3400E+03	0.0000E+00	0.0000E+00	1.8227E+00
4.3410E+03	0.0000E+00	0.0000E+00	1.8217E+00
4.3420E+03	0.0000E+00	0.0000E+00	1.8217E+00
4.3430E+03	0.0000E+00	0.0000E+00	1.8177E+00
4.3440E+03	0.0000E+00	0.0000E+00	1.8157E+00
4.3450E+03	0.0000E+00	0.0000E+00	1.8187E+00
4.3460E+03	0.0000E+00	0.0000E+00	1.8187E+00
4.3470E+03	0.0000E+00	0.0000E+00	1.8197E+00
4.3480E+03	0.0000E+00	0.0000E+00	1.8207E+00
4.3490E+03	0.0000E+00	0.0000E+00	1.8187E+00
4.3500E+03	0.0000E+00	0.0000E+00	1.8187E+00
4.3510E+03	0.0000E+00	0.0000E+00	1.8207E+00
4.3520E+03	0.0000E+00	0.0000E+00	1.8167E+00
4.3530E+03	0.0000E+00	0.0000E+00	1.8177E+00
4.3540E+03	0.0000E+00	0.0000E+00	1.8187E+00
4.3550E+03	0.0000E+00	0.0000E+00	1.8207E+00
4.3560E+03	0.0000E+00	0.0000E+00	1.8247E+00
4.3570E+03	0.0000E+00	0.0000E+00	1.8207E+00
4.3580E+03	0.0000E+00	0.0000E+00	1.8257E+00
4.3590E+03	0.0000E+00	0.0000E+00	1.8207E+00
4.3600E+03	0.0000E+00	0.0000E+00	1.8197E+00
4.3610E+03	0.0000E+00	0.0000E+00	1.8217E+00
4.3620E+03	0.0000E+00	0.0000E+00	1.8217E+00
4.3630E+03	0.0000E+00	0.0000E+00	1.8207E+00
4.3640E+03	0.0000E+00	0.0000E+00	1.8227E+00
4.3650E+03	0.0000E+00	0.0000E+00	1.8207E+00
4.3660E+03	0.0000E+00	0.0000E+00	1.7947E+00
4.3670E+03	0.0000E+00	0.0000E+00	1.7947E+00
4.3680E+03	0.0000E+00	0.0000E+00	1.7907E+00
4.3690E+03	0.0000E+00	0.0000E+00	1.7857E+00
4.3700E+03	0.0000E+00	0.0000E+00	1.7877E+00
4.3710E+03	0.0000E+00	0.0000E+00	1.7887E+00
4.3720E+03	0.0000E+00	0.0000E+00	1.7927E+00
4.3730E+03	0.0000E+00	0.0000E+00	1.7937E+00
4.3740E+03	0.0000E+00	0.0000E+00	1.7947E+00
4.3750E+03	0.0000E+00	0.0000E+00	1.7957E+00
4.3760E+03	0.0000E+00	0.0000E+00	1.7977E+00
4.3770E+03	0.0000E+00	0.0000E+00	1.7937E+00
4.3780E+03	0.0000E+00	0.0000E+00	1.7957E+00
4.3790E+03	0.0000E+00	0.0000E+00	1.7937E+00
4.3800E+03	0.0000E+00	0.0000E+00	1.7957E+00
4.3810E+03	0.0000E+00	0.0000E+00	1.7957E+00
4.3820E+03	0.0000E+00	0.0000E+00	1.7987E+00
4.3830E+03	0.0000E+00	0.0000E+00	1.8227E+00
4.3840E+03	0.0000E+00	0.0000E+00	1.8187E+00
4.3850E+03	0.0000E+00	0.0000E+00	1.8057E+00
4.3860E+03	0.0000E+00	0.0000E+00	1.8067E+00
4.3870E+03	0.0000E+00	0.0000E+00	1.8057E+00
4.3880E+03	0.0000E+00	0.0000E+00	1.8077E+00
4.3890E+03	0.0000E+00	0.0000E+00	1.8077E+00
4.3900E+03	0.0000E+00	0.0000E+00	1.8047E+00
4.3910E+03	0.0000E+00	0.0000E+00	1.8037E+00
4.3920E+03	0.0000E+00	0.0000E+00	1.8057E+00
4.3930E+03	0.0000E+00	0.0000E+00	1.8077E+00
4.3940E+03	0.0000E+00	0.0000E+00	1.8097E+00
4.3950E+03	0.0000E+00	0.0000E+00	1.8077E+00
4.3960E+03	0.0000E+00	0.0000E+00	1.8097E+00
4.3970E+03	0.0000E+00	0.0000E+00	1.8077E+00
4.3980E+03	0.0000E+00	0.0000E+00	1.8057E+00
4.3990E+03	0.0000E+00	0.0000E+00	1.8047E+00
4.4000E+03	0.0000E+00	0.0000E+00	1.8057E+00
4.4010E+03	0.0000E+00	0.0000E+00	1.8067E+00
4.4020E+03	0.0000E+00	0.0000E+00	1.8067E+00
4.4030E+03	0.0000E+00	0.0000E+00	1.8117E+00
4.4040E+03	0.0000E+00	0.0000E+00	1.8137E+00
4.4050E+03	0.0000E+00	0.0000E+00	1.8147E+00
4.4060E+03	0.0000E+00	0.0000E+00	1.8147E+00
4.4070E+03	0.0000E+00	0.0000E+00	1.8177E+00
4.4080E+03	0.0000E+00	0.0000E+00	1.8197E+00
4.4090E+03	0.0000E+00	0.0000E+00	1.8207E+00
4.4100E+03	0.0000E+00	0.0000E+00	1.8267E+00
4.4110E+03	0.0000E+00	0.0000E+00	1.8277E+00
4.4120E+03	0.0000E+00	0.0000E+00	1.8347E+00
4.4130E+03	0.0000E+00	0.0000E+00	1.8387E+00
4.4140E+03	0.0000E+00	0.0000E+00	1.8417E+00
4.4150E+03	0.0000E+00	0.0000E+00	1.8457E+00
4.4160E+03	0.0000E+00	0.0000E+00	1.8577E+00
4.4170E+03	0.0000E+00	0.0000E+00	1.8797E+00
4.4180E+03	0.0000E+00	0.0000E+00	1.8857E+00
4.4190E+03	0.0000E+00	0.0000E+00	1.8927E+00
4.4200E+03	0.0000E+00	0.0000E+00	1.8957E+00
4.4210E+03	0.0000E+00	0.0000E+00	1.8927E+00
4.4220E+03	0.0000E+00	0.0000E+00	1.8887E+00
4.4230E+03	0.0000E+00	0.0000E+00	1.8887E+00
4.4240E+03	0.0000E+00	0.0000E+00	1.8867E+00
4.4250E+03	0.0000E+00	0.0000E+00	1.8857E+00
4.4260E+03	0.0000E+00	0.0000E+00	1.8847E+00
4.4270E+03	0.0000E+00	0.0000E+00	1.8857E+00
4.4280E+03	0.0000E+00	0.0000E+00	1.8917E+00
4.4290E+03	0.0000E+00	0.0000E+00	2.0617E+00
4.4300E+03	0.0000E+00	0.0000E+00	1.9307E+00
4.4310E+03	0.0000E+00	0.0000E+00	1.9517E+00
4.4320E+03	0.0000E+00	0.0000E+00	1.9537E+00
4.4330E+03	0.0000E+00	0.0000E+00	1.9717E+00
4.4340E+03	0.0000E+00	0.0000E+00	1.9997E+00
4.4350E+03	0.0000E+00	0.0000E+00	2.0097E+00
4.4360E+03	0.0000E+00	0.0000E+00	2.0117E+00
4.4370E+03	0.0000E+00	0.0000E+00	2.0057E+00
4.4380E+03	0.0000E+00	0.0000E+00	1.9947E+00
4.4390E+03	0.0000E+00	0.0000E+00	1.9847E+00
4.4400E+03	0.0000E+00	0.0000E+00	1.9747E+00
4.4410E+03	0.0000E+00	0.0000E+00	1.9637E+00
4.4420E+03	0.0000E+00	0.0000E+00	1.9557E+00
4.4430E+03	0.0000E+00	0.0000E+00	1.9507E+00
4.4440E+03	0.0000E+00	0.0000E+00	1.9447E+00
4.4450E+03	0.0000E+00	0.0000E+00	1.9387E+00
4.4460E+03	0.0000E+00	0.0000E+00	1.9317E+00
4.4470E+03	0.0000E+00	0.0000E+00	1.9287E+00
4.4480E+03	0.0000E+00	0.0000E+00	1.9257E+00
4.4490E+03	0.0000E+00	0.0000E+00	1.9187E+00
4.4500E+03	0.0000E+00	0.0000E+00	1.9157E+00
4.4510E+03	0.0000E+00	0.0000E+00	1.9137E+00
4.4520E+03	0.0000E+00	0.0000E+00	1.9127E+00
4.4530E+03	0.0000E+00	0.0000E+00	1.9107E+00
4.4540E+03	0.0000E+00	0.0000E+00	1.9107E+00
4.4550E+03	0.0000E+00	0.0000E+00	1.9027E+00
4.4560E+03	0.0000E+00	0.0000E+00	1.9027E+00
4.4570E+03	0.0000E+00	0.0000E+00	1.9027E+00
4.4580E+03	0.0000E+00	0.0000E+00	1.8997E+00
4.4590E+03	0.0000E+00	0.0000E+00	1.8997E+00
4.4600E+03	0.0000E+00	0.0000E+00	1.8997E+00
4.4610E+03	0.0000E+00	0.0000E+00	1.8977E+00
4.4620E+03	0.0000E+00	0.0000E+00	1.8937E+00
4.4630E+03	0.0000E+00	0.0000E+00	1.8927E+00
4.4640E+03	0.0000E+00	0.0000E+00	1.8887E+00
4.4650E+03	0.0000E+00	0.0000E+00	1.8877E+00
4.4660E+03	0.0000E+00	0.0000E+00	1.8877E+00
4.4670E+03	0.0000E+00	0.0000E+00	1.8857E+00
4.4680E+03	0.0000E+00	0.0000E+00	1.8847E+00
4.4690E+03	0.0000E+00	0.0000E+00	1.8837E+00
4.4700E+03	0.0000E+00	0.0000E+00	1.8837E+00
4.4710E+03	0.0000E+00	0.0000E+00	1.8827E+00
4.4720E+03	0.0000E+00	0.0000E+00	1.8787E+00
4.4730E+03	0.0000E+00	0.0000E+00	1.8797E+00
4.4740E+03	0.0000E+00	0.0000E+00	1.8787E+00
4.4750E+03	0.0000E+00	0.0000E+00	1.8787E+00
4.4760E+03	0.0000E+00	0.0000E+00	1.8767E+00
4.4770E+03	0.0000E+00	0.0000E+00	1.8747E+00
4.4780E+03	0.0000E+00	0.0000E+00	1.8727E+00
4.4790E+03	0.0000E+00	0.0000E+00	1.8727E+00
4.4800E+03	0.0000E+00	0.0000E+00	1.8687E+00
4.4810E+03	0.0000E+00	0.0000E+00	1.8667E+00
4.4820E+03	0.0000E+00	0.0000E+00	1.8677E+00
4.4830E+03	0.0000E+00	0.0000E+00	1.8657E+00
4.4840E+03	0.0000E+00	0.0000E+00	1.8657E+00
4.4850E+03	0.0000E+00	0.0000E+00	1.8687E+00
4.4860E+03	0.0000E+00	0.0000E+00	1.8627E+00
4.4870E+03	0.0000E+00	0.0000E+00	1.8637E+00
4.4880E+03	0.0000E+00	0.0000E+00	1.8617E+00
4.4890E+03	0.0000E+00	0.0000E+00	1.8617E+00
4.4900E+03	0.0000E+00	0.0000E+00	1.8627E+00
4.4910E+03	0.0000E+00	0.0000E+00	1.8597E+00
4.4920E+03	0.0000E+00	0.0000E+00	1.8607E+00
4.4930E+03	0.0000E+00	0.0000E+00	1.8607E+00
4.4940E+03	0.0000E+00	0.0000E+00	1.8607E+00
4.4950E+03	0.0000E+00	0.0000E+00	1.8607E+00
4.4960E+03	0.0000E+00	0.0000E+00	1.8567E+00
4.4970E+03	0.0000E+00	0.0000E+00	1.8587E+00
4.4980E+03	0.0000E+00	0.0000E+00	1.8587E+00
4.4990E+03	0.0000E+00	0.0000E+00	1.8607E+00
4.5000E+03	0.0000E+00	0.0000E+00	1.8577E+00
4.5010E+03	0.0000E+00	0.0000E+00	1.8577E+00
4.5020E+03	0.0000E+00	0.0000E+00	1.8557E+00
4.5030E+03	0.0000E+00	0.0000E+00	1.8547E+00
4.5040E+03	0.0000E+00	0.0000E+00	1.8547E+00
4.5050E+03	0.0000E+00	0.0000E+00	1.8547E+00
4.5060E+03	0.0000E+00	0.0000E+00	1.8527E+00
4.5070E+03	0.0000E+00	0.0000E+00	1.8527E+00
4.5080E+03	0.0000E+00	0.0000E+00	1.8517E+00
4.5090E+03	0.0000E+00	0.0000E+00	1.8497E+00
4.5100E+03	0.0000E+00	0.0000E+00	1.8517E+00
4.5110E+03	0.0000E+00	0.0000E+00	1.8507E+00
4.5120E+03	0.0000E+00	0.0000E+00	1.8507E+00
4.5130E+03	0.0000E+00	0.0000E+00	1.8477E+00
4.5140E+03	0.0000E+00	0.0000E+00	1.8487E+00
4.5150E+03	0.0000E+00	0.0000E+00	1.8467E+00
4.5160E+03	0.0000E+00	0.0000E+00	1.8467E+00
4.5170E+03	0.0000E+00	0.0000E+00	1.8477E+00
4.5180E+03	0.0000E+00	0.0000E+00	1.8467E+00
4.5190E+03	0.0000E+00	0.0000E+00	1.8467E+00
4.5200E+03	0.0000E+00	0.0000E+00	1.8447E+00
4.5210E+03	0.0000E+00	0.0000E+00	1.8537E+00
4.5220E+03	0.0000E+00	0.0000E+00	1.8507E+00
4.5230E+03	0.0000E+00	0.0000E+00	1.8507E+00
4.5240E+03	0.0000E+00	0.0000E+00	1.8517E+00
4.5250E+03	0.0000E+00	0.0000E+00	1.8487E+00
4.5260E+03	0.0000E+00	0.0000E+00	1.8497E+00
4.5270E+03	0.0000E+00	0.0000E+00	1.8507E+00
4.5280E+03	0.0000E+00	0.0000E+00	1.8487E+00
4.5290E+03	0.0000E+00	0.0000E+00	1.8477E+00
4.5300E+03	0.0000E+00	0.0000E+00	1.8447E+00
4.5310E+03	0.0000E+00	0.0000E+00	1.8447E+00
4.5320E+03	0.0000E+00	0.0000E+00	1.8447E+00
4.5330E+03	0.0000E+00	0.0000E+00	1.8447E+00
4.5340E+03	0.0000E+00	0.0000E+00	1.8457E+00
4.5350E+03	0.0000E+00	0.0000E+00	1.8437E+00
4.5360E+03	0.0000E+00	0.0000E+00	1.8427E+00
4.5370E+03	0.0000E+00	0.0000E+00	1.8467E+00
4.5380E+03	0.0000E+00	0.0000E+00	1.8427E+00
4.5390E+03	0.0000E+00	0.0000E+00	1.8437E+00
4.5400E+03	0.0000E+00	0.0000E+00	1.8417E+00
4.5410E+03	0.0000E+00	0.0000E+00	1.8397E+00
4.5420E+03	0.0000E+00	0.0000E+00	1.8397E+00
4.5430E+03	0.0000E+00	0.0000E+00	1.8427E+00
4.5440E+03	0.0000E+00	0.0000E+00	1.8407E+00
4.5450E+03	0.0000E+00	0.0000E+00	1.8417E+00
4.5460E+03	0.0000E+00	0.0000E+00	1.8447E+00
4.5470E+03	0.0000E+00	0.0000E+00	1.8427E+00
4.5480E+03	0.0000E+00	0.0000E+00	1.8417E+00
4.5490E+03	0.0000E+00	0.0000E+00	1.8417E+00
4.5500E+03	0.0000E+00	0.0000E+00	1.8417E+00
4.5510E+03	0.0000E+00	0.0000E+00	1.8407E+00
4.5520E+03	0.0000E+00	0.0000E+00	1.8417E+00
4.5530E+03	0.0000E+00	0.0000E+00	1.8417E+00
4.5540E+03	0.0000E+00	0.0000E+00	1.8417E+00
4.5550E+03	0.0000E+00	0.0000E+00	1.8417E+00
4.5560E+03	0.0000E+00	0.0000E+00	1.8417E+00
4.5570E+03	0.0000E+00	0.0000E+00	1.8417E+00
4.5580E+03	0.0000E+00	0.0000E+00	1.8407E+00
4.5590E+03	0.0000E+00	0.0000E+00	1.8407E+00
4.5600E+03	0.0000E+00	0.0000E+00	1.8387E+00
4.5610E+03	0.0000E+00	0.0000E+00	1.8367E+00
4.5620E+03	0.0000E+00	0.0000E+00	1.8387E+00
4.5630E+03	0.0000E+00	0.0000E+00	1.8377E+00
4.5640E+03	0.0000E+00	0.0000E+00	1.8377E+00
4.5650E+03	0.0000E+00	0.0000E+00	1.8357E+00
4.5660E+03	0.0000E+00	0.0000E+00	1.8387E+00
4.5670E+03	0.0000E+00	0.0000E+00	1.8377E+00
4.5680E+03	0.0000E+00	0.0000E+00	1.8357E+00
4.5690E+03	0.0000E+00	0.0000E+00	1.8387E+00
4.5700E+03	0.0000E+00	0.0000E+00	1.8377E+00
4.5710E+03	0.0000E+00	0.0000E+00	1.8377E+00
4.5720E+03	0.0000E+00	0.0000E+00	1.8367E+00
4.5730E+03	0.0000E+00	0.0000E+00	1.8397E+00
4.5740E+03	0.0000E+00	0.0000E+00	1.8407E+00
4.5750E+03	0.0000E+00	0.0000E+00	1.8387E+00
4.5760E+03	0.0000E+00	0.0000E+00	1.8397E+00
4.5770E+03	0.0000E+00	0.0000E+00	1.8397E+00
4.5780E+03	0.0000E+00	0.0000E+00	1.8367E+00
4.5790E+03	0.0000E+00	0.0000E+00	1.8367E+00
4.5800E+03	0.0000E+00	0.0000E+00	1.8347E+00
4.5810E+03	0.0000E+00	0.0000E+00	1.8347E+00
4.5820E+03	0.0000E+00	0.0000E+00	1.8387E+00
4.5830E+03	0.0000E+00	0.0000E+00	1.8387E+00
4.5840E+03	0.0000E+00	0.0000E+00	1.8367E+00
4.5850E+03	0.0000E+00	0.0000E+00	1.8337E+00
4.5860E+03	0.0000E+00	0.0000E+00	1.8337E+00
4.5870E+03	0.0000E+00	0.0000E+00	1.8337E+00
4.5880E+03	0.0000E+00	0.0000E+00	1.8337E+00
4.5890E+03	0.0000E+00	0.0000E+00	1.8347E+00
4.5900E+03	0.0000E+00	0.0000E+00	1.8357E+00
4.5910E+03	0.0000E+00	0.0000E+00	1.8397E+00
4.5920E+03	0.0000E+00	0.0000E+00	1.8427E+00
4.5930E+03	0.0000E+00	0.0000E+00	1.8437E+00
4.5940E+03	0.0000E+00	0.0000E+00	1.8427E+00
4.5950E+03	0.0000E+00	0.0000E+00	1.8467E+00
4.5960E+03	0.0000E+00	0.0000E+00	1.8447E+00
4.5970E+03	0.0000E+00	0.0000E+00	1.8477E+00
4.5980E+03	0.0000E+00	0.0000E+00	1.8447E+00
4.5990E+03	0.0000E+00	0.0000E+00	1.8457E+00
4.6000E+03	0.0000E+00	0.0000E+00	1.8467E+00
4.6010E+03	0.0000E+00	0.0000E+00	1.8477E+00
4.6020E+03	0.0000E+00	0.0000E+00	1.8477E+00
4.6030E+03	0.0000E+00	0.0000E+00	1.8457E+00
4.6040E+03	0.0000E+00	0.0000E+00	1.8417E+00
4.6050E+03	0.0000E+00	0.0000E+00	1.8397E+00
4.6060E+03	0.0000E+00	0.0000E+00	1.8407E+00
4.6070E+03	0.0000E+00	0.0000E+00	1.8387E+00
4.6080E+03	0.0000E+00	0.0000E+00	1.8377E+00
4.6090E+03	0.0000E+00	0.0000E+00	1.8377E+00
4.6100E+03	0.0000E+00	0.0000E+00	1.8377E+00
4.6110E+03	0.0000E+00	0.0000E+00	1.8397E+00
4.6120E+03	0.0000E+00	0.0000E+00	1.8417E+00
4.6130E+03	0.0000E+00	0.0000E+00	1.8407E+00
4.6140E+03	0.0000E+00	0.0000E+00	1.8407E+00
4.6150E+03	0.0000E+00	0.0000E+00	1.8417E+00
4.6160E+03	0.0000E+00	0.0000E+00	1.8427E+00
4.6170E+03	0.0000E+00	0.0000E+00	1.8447E+00
4.6180E+03	0.0000E+00	0.0000E+00	1.8467E+00
4.6190E+03	0.0000E+00	0.0000E+00	1.8477E+00
4.6200E+03	0.0000E+00	0.0000E+00	1.8497E+00
4.6210E+03	0.0000E+00	0.0000E+00	1.8487E+00
4.6220E+03	0.0000E+00	0.0000E+00	1.8517E+00
4.6230E+03	0.0000E+00	0.0000E+00	1.8527E+00
4.6240E+03	0.0000E+00	0.0000E+00	1.8517E+00
4.6250E+03	0.0000E+00	0.0000E+00	1.8527E+00
4.6260E+03	0.0000E+00	0.0000E+00	1.8527E+00
4.6270E+03	0.0000E+00	0.0000E+00	1.8527E+00
4.6280E+03	0.0000E+00	0.0000E+00	1.8487E+00
4.6290E+03	0.0000E+00	0.0000E+00	1.8517E+00
4.6300E+03	0.0000E+00	0.0000E+00	1.8507E+00
4.6310E+03	0.0000E+00	0.0000E+00	1.8497E+00
4.6320E+03	0.0000E+00	0.0000E+00	1.8467E+00
4.6330E+03	0.0000E+00	0.0000E+00	1.8497E+00
4.6340E+03	0.0000E+00	0.0000E+00	1.8457E+00
4.6350E+03	0.0000E+00	0.0000E+00	1.8427E+00
4.6360E+03	0.0000E+00	0.0000E+00	1.8457E+00
4.6370E+03	0.0000E+00	0.0000E+00	1.8437E+00
4.6380E+03	0.0000E+00	0.0000E+00	1.8427E+00
4.6390E+03	0.0000E+00	0.0000E+00	1.8447E+00
4.6400E+03	0.0000E+00	0.0000E+00	1.8447E+00
4.6410E+03	0.0000E+00	0.0000E+00	1.8437E+00
4.6420E+03	0.0000E+00	0.0000E+00	1.8437E+00
4.6430E+03	0.0000E+00	0.0000E+00	1.8437E+00
4.6440E+03	0.0000E+00	0.0000E+00	1.8447E+00
4.6450E+03	0.0000E+00	0.0000E+00	1.8447E+00
4.6460E+03	0.0000E+00	0.0000E+00	1.8437E+00
4.6470E+03	0.0000E+00	0.0000E+00	1.8467E+00
4.6480E+03	0.0000E+00	0.0000E+00	1.8467E+00
4.6490E+03	0.0000E+00	0.0000E+00	1.8457E+00
4.6500E+03	0.0000E+00	0.0000E+00	1.8447E+00
4.6510E+03	0.0000E+00	0.0000E+00	1.8457E+00
4.6520E+03	0.0000E+00	0.0000E+00	1.8457E+00
4.6530E+03	0.0000E+00	0.0000E+00	1.8417E+00
4.6540E+03	0.0000E+00	0.0000E+00	1.8407E+00
4.6550E+03	0.0000E+00	0.0000E+00	1.8397E+00
4.6560E+03	0.0000E+00	0.0000E+00	1.8397E+00
4.6570E+03	0.0000E+00	0.0000E+00	1.8387E+00
4.6580E+03	0.0000E+00	0.0000E+00	1.8377E+00
4.6590E+03	0.0000E+00	0.0000E+00	1.8377E+00
4.6600E+03	0.0000E+00	0.0000E+00	1.8357E+00
4.6610E+03	0.0000E+00	0.0000E+00	1.8327E+00
4.6620E+03	0.0000E+00	0.0000E+00	1.8347E+00
4.6630E+03	0.0000E+00	0.0000E+00	1.8337E+00
4.6640E+03	0.0000E+00	0.0000E+00	1.8377E+00
4.6650E+03	0.0000E+00	0.0000E+00	1.8387E+00
4.6660E+03	0.0000E+00	0.0000E+00	1.8377E+00
4.6670E+03	0.0000E+00	0.0000E+00	1.8287E+00
4.6680E+03	0.0000E+00	0.0000E+00	1.8287E+00
4.6690E+03	0.0000E+00	0.0000E+00	1.8317E+00
4.6700E+03	0.0000E+00	0.0000E+00	1.8387E+00
4.6710E+03	0.0000E+00	0.0000E+00	1.8427E+00
4.6720E+03	0.0000E+00	0.0000E+00	1.8407E+00
4.6730E+03	0.0000E+00	0.0000E+00	1.8417E+00
4.6740E+03	0.0000E+00	0.0000E+00	1.8527E+00
4.6750E+03	0.0000E+00	0.0000E+00	1.8477E+00
4.6760E+03	0.0000E+00	0.0000E+00	1.8467E+00
4.6770E+03	0.0000E+00	0.0000E+00	1.8457E+00
4.6780E+03	0.0000E+00	0.0000E+00	1.8467E+00
4.6790E+03	0.0000E+00	0.0000E+00	1.8487E+00
4.6800E+03	0.0000E+00	0.0000E+00	1.8487E+00
4.6810E+03	0.0000E+00	0.0000E+00	1.8477E+00
4.6820E+03	0.0000E+00	0.0000E+00	1.8487E+00
4.6830E+03	0.0000E+00	0.0000E+00	1.8477E+00
4.6840E+03	0.0000E+00	0.0000E+00	1.8477E+00
4.6850E+03	0.0000E+00	0.0000E+00	1.8477E+00
4.6860E+03	0.0000E+00	0.0000E+00	1.8507E+00
4.6870E+03	0.0000E+00	0.0000E+00	1.8477E+00
4.6880E+03	0.0000E+00	0.0000E+00	1.8487E+00
4.6890E+03	0.0000E+00	0.0000E+00	1.8467E+00
4.6900E+03	0.0000E+00	0.0000E+00	1.8477E+00
4.6910E+03	0.0000E+00	0.0000E+00	1.8457E+00
4.6920E+03	0.0000E+00	0.0000E+00	1.8457E+00
4.6930E+03	0.0000E+00	0.0000E+00	1.8437E+00
4.6940E+03	0.0000E+00	0.0000E+00	1.8427E+00
4.6950E+03	0.0000E+00	0.0000E+00	1.8437E+00
4.6960E+03	0.0000E+00	0.0000E+00	1.8457E+00
4.6970E+03	0.0000E+00	0.0000E+00	1.8437E+00
4.6980E+03	0.0000E+00	0.0000E+00	1.8417E+00
4.6990E+03	0.0000E+00	0.0000E+00	1.8447E+00
4.7000E+03	0.0000E+00	0.0000E+00	1.8397E+00
4.7010E+03	0.0000E+00	0.0000E+00	1.8397E+00
4.7020E+03	0.0000E+00	0.0000E+00	1.8387E+00
4.7030E+03	0.0000E+00	0.0000E+00	1.8377E+00
4.7040E+03	0.0000E+00	0.0000E+00	1.8367E+00
4.7050E+03	0.0000E+00	0.0000E+00	1.8337E+00
4.7060E+03	0.0000E+00	0.0000E+00	1.8297E+00
4.7070E+03	0.0000E+00	0.0000E+00	1.8317E+00
4.7080E+03	0.0000E+00	0.0000E+00	1.8277E+00
4.7090E+03	0.0000E+00	0.0000E+00	1.8247E+00
4.7100E+03	0.0000E+00	0.0000E+00	1.8227E+00
4.7110E+03	0.0000E+00	0.0000E+00	1.8077E+00
4.7120E+03	0.0000E+00	0.0000E+00	1.7997E+00
4.7130E+03	0.0000E+00	0.0000E+00	1.7957E+00
4.7140E+03	0.0000E+00	0.0000E+00	1.7917E+00
4.7150E+03	0.0000E+00	0.0000E+00	1.7907E+00
4.7160E+03	0.0000E+00	0.0000E+00	1.8027E+00
4.7170E+03	0.0000E+00	0.0000E+00	1.8337E+00
4.7180E+03	0.0000E+00	0.0000E+00	1.8387E+00
4.7190E+03	0.0000E+00	0.0000E+00	1.8367E+00
4.7200E+03	0.0000E+00	0.0000E+00	1.8297E+00
4.7210E+03	0.0000E+00	0.0000E+00	1.8217E+00
4.7220E+03	0.0000E+00	0.0000E+00	1.8347E+00
4.7230E+03	0.0000E+00	0.0000E+00	1.8437E+00
4.7240E+03	0.0000E+00	0.0000E+00	1.8367E+00
4.7250E+03	0.0000E+00	0.0000E+00	1.8337E+00
4.7260E+03	0.0000E+00	0.0000E+00	1.8337E+00
4.7270E+03	0.0000E+00	0.0000E+00	1.8337E+00
4.7280E+03	0.0000E+00	0.0000E+00	1.8297E+00
4.7290E+03	0.0000E+00	0.0000E+00	1.8317E+00
4.7300E+03	0.0000E+00	0.0000E+00	1.8217E+00
4.7310E+03	0.0000E+00	0.0000E+00	1.8077E+00
4.7320E+03	0.0000E+00	0.0000E+00	1.7957E+00
4.7330E+03	0.0000E+00	0.0000E+00	1.7867E+00
4.7340E+03	0.0000E+00	0.0000E+00	1.7707E+00
4.7350E+03	0.0000E+00	0.0000E+00	1.7577E+00
4.7360E+03	0.0000E+00	0.0000E+00	1.7517E+00
4.7370E+03	0.0000E+00	0.0000E+00	1.7707E+00
4.7380E+03	0.0000E+00	0.0000E+00	1.7887E+00
4.7390E+03	0.0000E+00	0.0000E+00	1.8287E+00
4.7400E+03	0.0000E+00	0.0000E+00	1.8397E+00
4.7410E+03	0.0000E+00	0.0000E+00	1.8457E+00
4.7420E+03	0.0000E+00	0.0000E+00	1.8467E+00
4.7430E+03	0.0000E+00	0.0000E+00	1.8407E+00
4.7440E+03	0.0000E+00	0.0000E+00	1.8447E+00
4.7450E+03	0.0000E+00	0.0000E+00	1.8517E+00
4.7460E+03	0.0000E+00	0.0000E+00	1.8667E+00
4.7470E+03	0.0000E+00	0.0000E+00	1.8577E+00
4.7480E+03	0.0000E+00	0.0000E+00	1.8487E+00
4.7490E+03	0.0000E+00	0.0000E+00	1.8497E+00
4.7500E+03	0.0000E+00	0.0000E+00	1.8487E+00
4.7510E+03	0.0000E+00	0.0000E+00	1.8467E+00
4.7520E+03	0.0000E+00	0.0000E+00	1.8437E+00
4.7530E+03	0.0000E+00	0.0000E+00	1.8417E+00
4.7540E+03	0.0000E+00	0.0000E+00	1.8387E+00
4.7550E+03	0.0000E+00	0.0000E+00	1.8357E+00
4.7560E+03	0.0000E+00	0.0000E+00	1.8277E+00
4.7570E+03	0.0000E+00	0.0000E+00	1.8187E+00
4.7580E+03	0.0000E+00	0.0000E+00	1.8127E+00
4.7590E+03	0.0000E+00	0.0000E+00	1.8037E+00
4.7600E+03	0.0000E+00	0.0000E+00	1.7957E+00
4.7610E+03	0.0000E+00	0.0000E+00	1.7917E+00
4.7620E+03	0.0000E+00	0.0000E+00	1.7877E+00
4.7630E+03	0.0000E+00	0.0000E+00	1.7957E+00
4.7640E+03	0.0000E+00	0.0000E+00	1.8217E+00
4.7650E+03	0.0000E+00	0.0000E+00	1.8727E+00
4.7660E+03	0.0000E+00	0.0000E+00	1.8597E+00
4.7670E+03	0.0000E+00	0.0000E+00	1.8527E+00
4.7680E+03	0.0000E+00	0.0000E+00	1.8557E+00
4.7690E+03	0.0000E+00	0.0000E+00	1.8607E+00
4.7700E+03	0.0000E+00	0.0000E+00	1.8587E+00
4.7710E+03	0.0000E+00	0.0000E+00	1.8477E+00
4.7720E+03	0.0000E+00	0.0000E+00	1.8437E+00
4.7730E+03	0.0000E+00	0.0000E+00	1.8407E+00
4.7740E+03	0.0000E+00	0.0000E+00	1.8367E+00
4.7750E+03	0.0000E+00	0.0000E+00	1.8347E+00
4.7760E+03	0.0000E+00	0.0000E+00	1.8357E+00
4.7770E+03	0.0000E+00	0.0000E+00	1.8337E+00
4.7780E+03	0.0000E+00	0.0000E+00	1.8347E+00
4.7790E+03	0.0000E+00	0.0000E+00	1.8317E+00
4.7800E+03	0.0000E+00	0.0000E+00	1.8327E+00
4.7810E+03	0.0000E+00	0.0000E+00	1.8307E+00
4.7820E+03	0.0000E+00	0.0000E+00	1.8307E+00
4.7830E+03	0.0000E+00	0.0000E+00	1.8307E+00
4.7840E+03	0.0000E+00	0.0000E+00	1.8327E+00
4.7850E+03	0.0000E+00	0.0000E+00	1.8317E+00
4.7860E+03	0.0000E+00	0.0000E+00	1.8337E+00
4.7870E+03	0.0000E+00	0.0000E+00	1.8327E+00
4.7880E+03	0.0000E+00	0.0000E+00	1.8337E+00
4.7890E+03	0.0000E+00	0.0000E+00	1.8327E+00
4.7900E+03	0.0000E+00	0.0000E+00	1.8307E+00
4.7910E+03	0.0000E+00	0.0000E+00	1.8337E+00
4.7920E+03	0.0000E+00	0.0000E+00	1.8317E+00
4.7930E+03	0.0000E+00	0.0000E+00	1.8317E+00
4.7940E+03	0.0000E+00	0.0000E+00	1.8287E+00
4.7950E+03	0.0000E+00	0.0000E+00	1.8307E+00
4.7960E+03	0.0000E+00	0.0000E+00	1.8317E+00
4.7970E+03	0.0000E+00	0.0000E+00	1.8297E+00
4.7980E+03	0.0000E+00	0.0000E+00	1.8307E+00
4.7990E+03	0.0000E+00	0.0000E+00	1.8297E+00
4.8000E+03	0.0000E+00	0.0000E+00	1.8297E+00
4.8010E+03	0.0000E+00	0.0000E+00	1.8287E+00
4.8020E+03	0.0000E+00	0.0000E+00	1.8267E+00
4.8030E+03	0.0000E+00	0.0000E+00	1.8257E+00
4.8040E+03	0.0000E+00	0.0000E+00	1.8297E+00
4.8050E+03	0.0000E+00	0.0000E+00	1.8277E+00
4.8060E+03	0.0000E+00	0.0000E+00	1.8287E+00
4.8070E+03	0.0000E+00	0.0000E+00	1.8247E+00
4.8080E+03	0.0000E+00	0.0000E+00	1.8267E+00
4.8090E+03	0.0000E+00	0.0000E+00	1.8307E+00
4.8100E+03	0.0000E+00	0.0000E+00	1.8297E+00
4.8110E+03	0.0000E+00	0.0000E+00	1.8307E+00
4.8120E+03	0.0000E+00	0.0000E+00	1.8307E+00
4.8130E+03	0.0000E+00	0.0000E+00	1.8317E+00
4.8140E+03	0.0000E+00	0.0000E+00	1.8307E+00
4.8150E+03	0.0000E+00	0.0000E+00	1.8327E+00
4.8160E+03	0.0000E+00	0.0000E+00	1.8307E+00
4.8170E+03	0.0000E+00	0.0000E+00	1.8317E+00
4.8180E+03	0.0000E+00	0.0000E+00	1.8287E+00
4.8190E+03	0.0000E+00	0.0000E+00	1.8267E+00
4.8200E+03	0.0000E+00	0.0000E+00	1.8257E+00
4.8210E+03	0.0000E+00	0.0000E+00	1.8247E+00
4.8220E+03	0.0000E+00	0.0000E+00	1.8237E+00
4.8230E+03	0.0000E+00	0.0000E+00	1.8237E+00
4.8240E+03	0.0000E+00	0.0000E+00	1.8237E+00
4.8250E+03	0.0000E+00	0.0000E+00	1.8257E+00
4.8260E+03	0.0000E+00	0.0000E+00	1.8257E+00
4.8270E+03	0.0000E+00	0.0000E+00	1.8247E+00
4.8280E+03	0.0000E+00	0.0000E+00	1.8247E+00
4.8290E+03	0.0000E+00	0.0000E+00	1.8257E+00
4.8300E+03	0.0000E+00	0.0000E+00	1.8257E+00
4.8310E+03	0.0000E+00	0.0000E+00	1.8227E+00
4.8320E+03	0.0000E+00	0.0000E+00	1.8287E+00
4.8330E+03	0.0000E+00	0.0000E+00	1.8297E+00
4.8340E+03	0.0000E+00	0.0000E+00	1.8297E+00
4.8350E+03	0.0000E+00	0.0000E+00	1.8317E+00
4.8360E+03	0.0000E+00	0.0000E+00	1.8337E+00
4.8370E+03	0.0000E+00	0.0000E+00	1.8337E+00
4.8380E+03	0.0000E+00	0.0000E+00	1.8337E+00
4.8390E+03	0.0000E+00	0.0000E+00	1.8327E+00
4.8400E+03	0.0000E+00	0.0000E+00	1.8337E+00
4.8410E+03	0.0000E+00	0.0000E+00	1.8307E+00
4.8420E+03	0.0000E+00	0.0000E+00	1.8297E+00
4.8430E+03	0.0000E+00	0.0000E+00	1.8247E+00
4.8440E+03	0.0000E+00	0.0000E+00	1.8217E+00
4.8450E+03	0.0000E+00	0.0000E+00	1.8227E+00
4.8460E+03	0.0000E+00	0.0000E+00	1.8207E+00
4.8470E+03	0.0000E+00	0.0000E+00	1.8227E+00
4.8480E+03	0.0000E+00	0.0000E+00	1.8237E+00
4.8490E+03	0.0000E+00	0.0000E+00	1.8247E+00
4.8500E+03	0.0000E+00	0.0000E+00	1.8247E+00
4.8510E+03	0.0000E+00	0.0000E+00	1.8257E+00
4.8520E+03	0.0000E+00	0.0000E+00	1.8237E+00
4.8530E+03	0.0000E+00	0.0000E+00	1.8247E+00
4.8540E+03	0.0000E+00	0.0000E+00	1.8237E+00
4.8550E+03	0.0000E+00	0.0000E+00	1.8227E+00
4.8560E+03	0.0000E+00	0.0000E+00	1.8267E+00
4.8570E+03	0.0000E+00	0.0000E+00	1.8287E+00
4.8580E+03	0.0000E+00	0.0000E+00	1.8307E+00
4.8590E+03	0.0000E+00	0.0000E+00	1.8327E+00
4.8600E+03	0.0000E+00	0.0000E+00	1.8317E+00
4.8610E+03	0.0000E+00	0.0000E+00	1.8297E+00
4.8620E+03	0.0000E+00	0.0000E+00	1.8297E+00
4.8630E+03	0.0000E+00	0.0000E+00	1.8287E+00
4.8640E+03	0.0000E+00	0.0000E+00	1.8297E+00
4.8650E+03	0.0000E+00	0.0000E+00	1.8297E+00
4.8660E+03	0.0000E+00	0.0000E+00	1.8277E+00
4.8670E+03	0.0000E+00	0.0000E+00	1.8267E+00
4.8680E+03	0.0000E+00	0.0000E+00	1.8247E+00
4.8690E+03	0.0000E+00	0.0000E+00	1.8237E+00
4.8700E+03	0.0000E+00	0.0000E+00	1.8237E+00
4.8710E+03	0.0000E+00	0.0000E+00	1.8257E+00
4.8720E+03	0.0000E+00	0.0000E+00	1.8227E+00
4.8730E+03	0.0000E+00	0.0000E+00	1.8247E+00
4.8740E+03	0.0000E+00	0.0000E+00	1.8247E+00
4.8750E+03	0.0000E+00	0.0000E+00	1.8257E+00
4.8760E+03	0.0000E+00	0.0000E+00	1.8247E+00
4.8770E+03	0.0000E+00	0.0000E+00	1.8267E+00
4.8780E+03	0.0000E+00	0.0000E+00	1.8267E+00
4.8790E+03	0.0000E+00	0.0000E+00	1.8257E+00
4.8800E+03	0.0000E+00	0.0000E+00	1.8257E+00
4.8810E+03	0.0000E+00	0.0000E+00	1.8297E+00
4.8820E+03	0.0000E+00	0.0000E+00	1.8297E+00
4.8830E+03	0.0000E+00	0.0000E+00	1.8327E+00
4.8840E+03	0.0000E+00	0.0000E+00	1.8337E+00
4.8850E+03	0.0000E+00	0.0000E+00	1.8307E+00
4.8860E+03	0.0000E+00	0.0000E+00	1.8377E+00
4.8870E+03	0.0000E+00	0.0000E+00	1.8337E+00
4.8880E+03	0.0000E+00	0.0000E+00	1.8337E+00
4.8890E+03	0.0000E+00	0.0000E+00	1.8347E+00
4.8900E+03	0.0000E+00	0.0000E+00	1.8287E+00
4.8910E+03	0.0000E+00	0.0000E+00	1.8247E+00
4.8920E+03	0.0000E+00	0.0000E+00	1.8287E+00
4.8930E+03	0.0000E+00	0.0000E+00	1.8297E+00
4.8940E+03	0.0000E+00	0.0000E+00	1.8297E+00
4.8950E+03	0.0000E+00	0.0000E+00	1.8307E+00
4.8960E+03	0.0000E+00	0.0000E+00	1.8367E+00
4.8970E+03	0.0000E+00	0.0000E+00	1.8367E+00
4.8980E+03	0.0000E+00	0.0000E+00	1.8377E+00
4.8990E+03	0.0000E+00	0.0000E+00	1.8387E+00
4.9000E+03	0.0000E+00	0.0000E+00	1.8387E+00
4.9010E+03	0.0000E+00	0.0000E+00	1.8367E+00
4.9020E+03	0.0000E+00	0.0000E+00	1.8387E+00
4.9030E+03	0.0000E+00	0.0000E+00	1.8387E+00
4.9040E+03	0.0000E+00	0.0000E+00	1.8367E+00
4.9050E+03	0.0000E+00	0.0000E+00	1.8407E+00
4.9060E+03	0.0000E+00	0.0000E+00	1.8397E+00
4.9070E+03	0.0000E+00	0.0000E+00	1.8407E+00
4.9080E+03	0.0000E+00	0.0000E+00	1.8387E+00
4.9090E+03	0.0000E+00	0.0000E+00	1.8397E+00
4.9100E+03	0.0000E+00	0.0000E+00	1.8397E+00
4.9110E+03	0.0000E+00	0.0000E+00	1.8397E+00
4.9120E+03	0.0000E+00	0.0000E+00	1.8437E+00
4.9130E+03	0.0000E+00	0.0000E+00	1.8397E+00
4.9140E+03	0.0000E+00	0.0000E+00	1.8377E+00
4.9150E+03	0.0000E+00	0.0000E+00	1.8317E+00
4.9160E+03	0.0000E+00	0.0000E+00	1.8327E+00
4.9170E+03	0.0000E+00	0.0000E+00	1.8347E+00
4.9180E+03	0.0000E+00	0.0000E+00	1.8377E+00
4.9190E+03	0.0000E+00	0.0000E+00	1.8367E+00
4.9200E+03	0.0000E+00	0.0000E+00	1.8367E+00
4.9210E+03	0.0000E+00	0.0000E+00	1.8397E+00
4.9220E+03	0.0000E+00	0.0000E+00	1.8427E+00
4.9230E+03	0.0000E+00	0.0000E+00	1.8437E+00
4.9240E+03	0.0000E+00	0.0000E+00	1.8457E+00
4.9250E+03	0.0000E+00	0.0000E+00	1.8467E+00
4.9260E+03	0.0000E+00	0.0000E+00	1.8457E+00
4.9270E+03	0.0000E+00	0.0000E+00	1.8477E+00
4.9280E+03	0.0000E+00	0.0000E+00	1.8447E+00
4.9290E+03	0.0000E+00	0.0000E+00	1.8437E+00
4.9300E+03	0.0000E+00	0.0000E+00	1.8447E+00
4.9310E+03	0.0000E+00	0.0000E+00	1.8447E+00
4.9320E+03	0.0000E+00	0.0000E+00	1.8437E+00
4.9330E+03	0.0000E+00	0.0000E+00	1.8437E+00
4.9340E+03	0.0000E+00	0.0000E+00	1.8437E+00
4.9350E+03	0.0000E+00	0.0000E+00	1.8397E+00
4.9360E+03	0.0000E+00	0.0000E+00	1.8407E+00
4.9370E+03	0.0000E+00	0.0000E+00	1.8427E+00
4.9380E+03	0.0000E+00	0.0000E+00	1.8397E+00
4.9390E+03	0.0000E+00	0.0000E+00	1.8407E+00
4.9400E+03	0.0000E+00	0.0000E+00	1.8377E+00
4.9410E+03	0.0000E+00	0.0000E+00	1.8367E+00
4.9420E+03	0.0000E+00	0.0000E+00	1.8357E+00
4.9430E+03	0.0000E+00	0.0000E+00	1.8347E+00
4.9440E+03	0.0000E+00	0.0000E+00	1.8377E+00
4.9450E+03	0.0000E+00	0.0000E+00	1.8357E+00
4.9460E+03	0.0000E+00	0.0000E+00	1.8387E+00
4.9470E+03	0.0000E+00	0.0000E+00	1.8357E+00
4.9480E+03	0.0000E+00	0.0000E+00	1.8347E+00
4.9490E+03	0.0000E+00	0.0000E+00	1.8377E+00
4.9500E+03	0.0000E+00	0.0000E+00	1.8377E+00
4.9510E+03	0.0000E+00	0.0000E+00	1.8357E+00
4.9520E+03	0.0000E+00	0.0000E+00	1.8337E+00
4.9530E+03	0.0000E+00	0.0000E+00	1.8347E+00
4.9540E+03	0.0000E+00	0.0000E+00	1.8377E+00
4.9550E+03	0.0000E+00	0.0000E+00	1.8347E+00
4.9560E+03	0.0000E+00	0.0000E+00	1.8367E+00
4.9570E+03	0.0000E+00	0.0000E+00	1.8337E+00
4.9580E+03	0.0000E+00	0.0000E+00	1.8367E+00
4.9590E+03	0.0000E+00	0.0000E+00	1.8367E+00
4.9600E+03	0.0000E+00	0.0000E+00	1.8357E+00
4.9610E+03	0.0000E+00	0.0000E+00	1.8347E+00
4.9620E+03	0.0000E+00	0.0000E+00	1.8327E+00
4.9630E+03	0.0000E+00	0.0000E+00	1.8297E+00
4.9640E+03	0.0000E+00	0.0000E+00	1.8317E+00
4.9650E+03	0.0000E+00	0.0000E+00	1.8297E+00
4.9660E+03	0.0000E+00	0.0000E+00	1.8267E+00
4.9670E+03	0.0000E+00	0.0000E+00	1.8297E+00
4.9680E+03	0.0000E+00	0.0000E+00	1.8297E+00
4.9690E+03	0.0000E+00	0.0000E+00	1.8277E+00
4.9700E+03	0.0000E+00	0.0000E+00	1.8257E+00
4.9710E+03	0.0000E+00	0.0000E+00	1.8267E+00
4.9720E+03	0.0000E+00	0.0000E+00	1.8247E+00
4.9730E+03	0.0000E+00	0.0000E+00	1.8267E+00
4.9740E+03	0.0000E+00	0.0000E+00	1.8257E+00
4.9750E+03	0.0000E+00	0.0000E+00	1.8247E+00
4.9760E+03	0.0000E+00	0.0000E+00	1.8247E+00
4.9770E+03	0.0000E+00	0.0000E+00	1.8287E+00
4.9780E+03	0.0000E+00	0.0000E+00	1.8277E+00
4.9790E+03	0.0000E+00	0.0000E+00	1.8277E+00
4.9800E+03	0.0000E+00	0.0000E+00	1.8317E+00
4.9810E+03	0.0000E+00	0.0000E+00	1.8257E+00
4.9820E+03	0.0000E+00	0.0000E+00	1.8237E+00
4.9830E+03	0.0000E+00	0.0000E+00	1.8247E+00
4.9840E+03	0.0000E+00	0.0000E+00	1.8237E+00
4.9850E+03	0.0000E+00	0.0000E+00	1.8227E+00
4.9860E+03	0.0000E+00	0.0000E+00	1.8237E+00
4.9870E+03	0.0000E+00	0.0000E+00	1.8267E+00
4.9880E+03	0.0000E+00	0.0000E+00	1.8227E+00
4.9890E+03	0.0000E+00	0.0000E+00	1.8227E+00
4.9900E+03	0.0000E+00	0.0000E+00	1.8207E+00
4.9910E+03	0.0000E+00	0.0000E+00	1.8227E+00
4.9920E+03	0.0000E+00	0.0000E+00	1.8177E+00
4.9930E+03	0.0000E+00	0.0000E+00	1.8207E+00
4.9940E+03	0.0000E+00	0.0000E+00	1.8187E+00
4.9950E+03	0.0000E+00	0.0000E+00	1.8177E+00
4.9960E+03	0.0000E+00	0.0000E+00	1.8197E+00
4.9970E+03	0.0000E+00	0.0000E+00	1.8187E+00
4.9980E+03	0.0000E+00	0.0000E+00	1.8157E+00
4.9990E+03	0.0000E+00	0.0000E+00	1.8157E+00
5.0000E+03	0.0000E+00	0.0000E+00	1.8187E+00
5.0010E+03	0.0000E+00	0.0000E+00	1.8227E+00
5.0020E+03	0.0000E+00	0.0000E+00	1.8217E+00
5.0030E+03	0.0000E+00	0.0000E+00	1.8237E+00
5.0040E+03	0.0000E+00	0.0000E+00	1.8257E+00
5.0050E+03	0.0000E+00	0.0000E+00	1.8247E+00
5.0060E+03	0.0000E+00	0.0000E+00	1.8217E+00
5.0070E+03	0.0000E+00	0.0000E+00	1.8247E+00
5.0080E+03	0.0000E+00	0.0000E+00	1.8257E+00
5.0090E+03	0.0000E+00	0.0000E+00	1.8267E+00
5.0100E+03	0.0000E+00	0.0000E+00	1.8217E+00
5.0110E+03	0.0000E+00	0.0000E+00	1.8197E+00
5.0120E+03	0.0000E+00	0.0000E+00	1.8207E+00
5.0130E+03	0.0000E+00	0.0000E+00	1.8187E+00
5.0140E+03	0.0000E+00	0.0000E+00	1.8197E+00
5.0150E+03	0.0000E+00	0.0000E+00	1.8207E+00
5.0160E+03	0.0000E+00	0.0000E+00	1.8207E+00
5.0170E+03	0.0000E+00	0.0000E+00	1.8207E+00
5.0180E+03	0.0000E+00	0.0000E+00	1.8187E+00
5.0190E+03	0.0000E+00	0.0000E+00	1.8227E+00
5.0200E+03	0.0000E+00	0.0000E+00	1.8187E+00
5.0210E+03	0.0000E+00	0.0000E+00	1.8187E+00
5.0220E+03	0.0000E+00	0.0000E+00	1.8167E+00
5.0230E+03	0.0000E+00	0.0000E+00	1.8167E+00
5.0240E+03	0.0000E+00	0.0000E+00	1.8187E+00
5.0250E+03	0.0000E+00	0.0000E+00	1.8217E+00
5.0260E+03	0.0000E+00	0.0000E+00	1.8227E+00
5.0270E+03	0.0000E+00	0.0000E+00	1.8247E+00
5.0280E+03	0.0000E+00	0.0000E+00	1.8247E+00
5.0290E+03	0.0000E+00	0.0000E+00	1.8257E+00
5.0300E+03	0.0000E+00	0.0000E+00	1.8237E+00
5.0310E+03	0.0000E+00	0.0000E+00	1.8257E+00
5.0320E+03	0.0000E+00	0.0000E+00	1.8277E+00
5.0330E+03	0.0000E+00	0.0000E+00	1.8267E+00
5.0340E+03	0.0000E+00	0.0000E+00	1.8227E+00
5.0350E+03	0.0000E+00	0.0000E+00	1.8197E+00
5.0360E+03	0.0000E+00	0.0000E+00	1.8197E+00
5.0370E+03	0.0000E+00	0.0000E+00	1.8197E+00
5.0380E+03	0.0000E+00	0.0000E+00	1.8197E+00
5.0390E+03	0.0000E+00	0.0000E+00	1.8177E+00
5.0400E+03	0.0000E+00	0.0000E+00	1.8167E+00
5.0410E+03	0.0000E+00	0.0000E+00	1.8197E+00
5.0420E+03	0.0000E+00	0.0000E+00	1.8197E+00
5.0430E+03	0.0000E+00	0.0000E+00	1.8177E+00
5.0440E+03	0.0000E+00	0.0000E+00	1.8187E+00
5.0450E+03	0.0000E+00	0.0000E+00	1.8167E+00
5.0460E+03	0.0000E+00	0.0000E+00	1.8157E+00
5.0470E+03	0.0000E+00	0.0000E+00	1.8167E+00
5.0480E+03	0.0000E+00	0.0000E+00	1.8187E+00
5.0490E+03	0.0000E+00	0.0000E+00	1.8207E+00
5.0500E+03	0.0000E+00	0.0000E+00	1.8217E+00
5.0510E+03	0.0000E+00	0.0000E+00	1.8237E+00
5.0520E+03	0.0000E+00	0.0000E+00	1.8187E+00
5.0530E+03	0.0000E+00	0.0000E+00	1.8257E+00
5.0540E+03	0.0000E+00	0.0000E+00	1.8237E+00
5.0550E+03	0.0000E+00	0.0000E+00	1.8217E+00
5.0560E+03	0.0000E+00	0.0000E+00	1.8267E+00
5.0570E+03	0.0000E+00	0.0000E+00	1.8247E+00
5.0580E+03	0.0000E+00	0.0000E+00	1.8217E+00
5.0590E+03	0.0000E+00	0.0000E+00	1.8207E+00
5.0600E+03	0.0000E+00	0.0000E+00	1.8187E+00
5.0610E+03	0.0000E+00	0.0000E+00	1.8177E+00
5.0620E+03	0.0000E+00	0.0000E+00	1.8177E+00
5.0630E+03	0.0000E+00	0.0000E+00	1.8197E+00
5.0640E+03	0.0000E+00	0.0000E+00	1.8187E+00
5.0650E+03	0.0000E+00	0.0000E+00	1.8197E+00
5.0660E+03	0.0000E+00	0.0000E+00	1.8147E+00
5.0670E+03	0.0000E+00	0.0000E+00	1.8157E+00
5.0680E+03	0.0000E+00	0.0000E+00	1.8147E+00
5.0690E+03	0.0000E+00	0.0000E+00	1.8177E+00
5.0700E+03	0.0000E+00	0.0000E+00	1.8177E+00
5.0710E+03	0.0000E+00	0.0000E+00	1.8187E+00
5.0720E+03	0.0000E+00	0.0000E+00	1.8197E+00
5.0730E+03	0.0000E+00	0.0000E+00	1.8197E+00
5.0740E+03	0.0000E+00	0.0000E+00	1.8207E+00
5.0750E+03	0.0000E+00	0.0000E+00	1.8217E+00
5.0760E+03	0.0000E+00	0.0000E+00	1.8197E+00
5.0770E+03	0.0000E+00	0.0000E+00	1.8207E+00
5.0780E+03	0.0000E+00	0.0000E+00	1.8207E+00
5.0790E+03	0.0000E+00	0.0000E+00	1.8247E+00
5.0800E+03	0.0000E+00	0.0000E+00	1.8267E+00
5.0810E+03	0.0000E+00	0.0000E+00	1.8257E+00
5.0820E+03	0.0000E+00	0.0000E+00	1.8267E+00
5.0830E+03	0.0000E+00	0.0000E+00	1.8257E+00
5.0840E+03	0.0000E+00	0.0000E+00	1.8257E+00
5.0850E+03	0.0000E+00	0.0000E+00	1.8267E+00
5.0860E+03	0.0000E+00	0.0000E+00	1.8287E+00
5.0870E+03	0.0000E+00	0.0000E+00	1.8257E+00
5.0880E+03	0.0000E+00	0.0000E+00	1.8247E+00
5.0890E+03	0.0000E+00	0.0000E+00	1.8257E+00
5.0900E+03	0.0000E+00	0.0000E+00	1.8267E+00
5.0910E+03	0.0000E+00	0.0000E+00	1.8247E+00
5.0920E+03	0.0000E+00	0.0000E+00	1.8247E+00
5.0930E+03	0.0000E+00	0.0000E+00	1.8227E+00
5.0940E+03	0.0000E+00	0.0000E+00	1.8217E+00
5.0950E+03	0.0000E+00	0.0000E+00	1.8187E+00
5.0960E+03	0.0000E+00	0.0000E+00	1.8197E+00
5.0970E+03	0.0000E+00	0.0000E+00	1.8197E+00
5.0980E+03	0.0000E+00	0.0000E+00	1.8177E+00
5.0990E+03	0.0000E+00	0.0000E+00	1.8197E+00
5.1000E+03	0.0000E+00	0.0000E+00	1.8197E+00
5.1010E+03	0.0000E+00	0.0000E+00	1.8207E+00
5.1020E+03	0.0000E+00	0.0000E+00	1.8197E+00
5.1030E+03	0.0000E+00	0.0000E+00	1.8197E+00
5.1040E+03	0.0000E+00	0.0000E+00	1.8157E+00
5.1050E+03	0.0000E+00	0.0000E+00	1.8167E+00
5.1060E+03	0.0000E+00	0.0000E+00	1.8157E+00
5.1070E+03	0.0000E+00	0.0000E+00	1.8167E+00
5.1080E+03	0.0000E+00	0.0000E+00	1.8147E+00
5.1090E+03	0.0000E+00	0.0000E+00	1.8117E+00
5.1100E+03	0.0000E+00	0.0000E+00	1.8097E+00
5.1110E+03	0.0000E+00	0.0000E+00	1.8077E+00
5.1120E+03	0.0000E+00	0.0000E+00	1.8097E+00
5.1130E+03	0.0000E+00	0.0000E+00	1.8047E+00
5.1140E+03	0.0000E+00	0.0000E+00	1.7997E+00
5.1150E+03	0.0000E+00	0.0000E+00	1.7957E+00
5.1160E+03	0.0000E+00	0.0000E+00	1.7957E+00
5.1170E+03	0.0000E+00	0.0000E+00	1.7947E+00
5.1180E+03	0.0000E+00	0.0000E+00	1.7887E+00
5.1190E+03	0.0000E+00	0.0000E+00	1.7827E+00
5.1200E+03	0.0000E+00	0.0000E+00	1.7817E+00
5.1210E+03	0.0000E+00	0.0000E+00	1.7757E+00
5.1220E+03	0.0000E+00	0.0000E+00	1.7757E+00
5.1230E+03	0.0000E+00	0.0000E+00	1.7757E+00
5.1240E+03	0.0000E+00	0.0000E+00	1.7747E+00
5.1250E+03	0.0000E+00	0.0000E+00	1.7757E+00
5.1260E+03	0.0000E+00	0.0000E+00	1.7747E+00
5.1270E+03	0.0000E+00	0.0000E+00	1.7987E+00
5.1280E+03	0.0000E+00	0.0000E+00	1.8097E+00
5.1290E+03	0.0000E+00	0.0000E+00	1.8177E+00
5.1300E+03	0.0000E+00	0.0000E+00	1.8187E+00
5.1310E+03	0.0000E+00	0.0000E+00	1.8207E+00
