TIME_UNITS h
DATA_UNITS m
!h  x   y   z
0.0000E+00	0.0000E+00	0.0000E+00	9.6629E-01
1.0000E+00	0.0000E+00	0.0000E+00	9.6629E-01
2.0000E+00	0.0000E+00	0.0000E+00	9.9310E-01
3.0000E+00	0.0000E+00	0.0000E+00	1.0179E+00
4.0000E+00	0.0000E+00	0.0000E+00	1.0426E+00
5.0000E+00	0.0000E+00	0.0000E+00	1.0676E+00
6.0000E+00	0.0000E+00	0.0000E+00	1.0925E+00
7.0000E+00	0.0000E+00	0.0000E+00	1.1126E+00
8.0000E+00	0.0000E+00	0.0000E+00	1.1029E+00
9.0000E+00	0.0000E+00	0.0000E+00	9.1573E-01
1.0000E+01	0.0000E+00	0.0000E+00	9.3780E-01
1.1000E+01	0.0000E+00	0.0000E+00	9.1230E-01
1.2000E+01	0.0000E+00	0.0000E+00	9.1762E-01
1.3000E+01	0.0000E+00	0.0000E+00	9.2550E-01
1.4000E+01	0.0000E+00	0.0000E+00	9.2484E-01
1.5000E+01	0.0000E+00	0.0000E+00	9.3069E-01
1.6000E+01	0.0000E+00	0.0000E+00	9.4441E-01
1.7000E+01	0.0000E+00	0.0000E+00	9.4653E-01
1.8000E+01	0.0000E+00	0.0000E+00	9.5307E-01
1.9000E+01	0.0000E+00	0.0000E+00	9.6200E-01
2.0000E+01	0.0000E+00	0.0000E+00	9.6086E-01
2.1000E+01	0.0000E+00	0.0000E+00	9.6068E-01
2.2000E+01	0.0000E+00	0.0000E+00	9.5960E-01
2.3000E+01	0.0000E+00	0.0000E+00	9.6506E-01
2.4000E+01	0.0000E+00	0.0000E+00	9.7538E-01
2.5000E+01	0.0000E+00	0.0000E+00	9.8994E-01
2.6000E+01	0.0000E+00	0.0000E+00	1.0088E+00
2.7000E+01	0.0000E+00	0.0000E+00	1.0286E+00
2.8000E+01	0.0000E+00	0.0000E+00	1.0533E+00
2.9000E+01	0.0000E+00	0.0000E+00	1.0760E+00
3.0000E+01	0.0000E+00	0.0000E+00	1.1019E+00
3.1000E+01	0.0000E+00	0.0000E+00	1.1230E+00
3.2000E+01	0.0000E+00	0.0000E+00	1.1099E+00
3.3000E+01	0.0000E+00	0.0000E+00	9.4594E-01
3.4000E+01	0.0000E+00	0.0000E+00	9.6521E-01
3.5000E+01	0.0000E+00	0.0000E+00	9.4267E-01
3.6000E+01	0.0000E+00	0.0000E+00	9.4605E-01
3.7000E+01	0.0000E+00	0.0000E+00	9.4771E-01
3.8000E+01	0.0000E+00	0.0000E+00	9.4676E-01
3.9000E+01	0.0000E+00	0.0000E+00	9.5092E-01
4.0000E+01	0.0000E+00	0.0000E+00	9.6264E-01
4.1000E+01	0.0000E+00	0.0000E+00	9.7417E-01
4.2000E+01	0.0000E+00	0.0000E+00	9.7235E-01
4.3000E+01	0.0000E+00	0.0000E+00	9.8028E-01
4.4000E+01	0.0000E+00	0.0000E+00	9.7329E-01
4.5000E+01	0.0000E+00	0.0000E+00	9.7080E-01
4.6000E+01	0.0000E+00	0.0000E+00	9.5992E-01
4.7000E+01	0.0000E+00	0.0000E+00	9.5916E-01
4.8000E+01	0.0000E+00	0.0000E+00	9.5801E-01
4.9000E+01	0.0000E+00	0.0000E+00	9.6454E-01
5.0000E+01	0.0000E+00	0.0000E+00	9.8739E-01
5.1000E+01	0.0000E+00	0.0000E+00	1.0068E+00
5.2000E+01	0.0000E+00	0.0000E+00	1.0218E+00
5.3000E+01	0.0000E+00	0.0000E+00	1.0438E+00
5.4000E+01	0.0000E+00	0.0000E+00	1.0563E+00
5.5000E+01	0.0000E+00	0.0000E+00	1.0463E+00
5.6000E+01	0.0000E+00	0.0000E+00	9.8492E-01
5.7000E+01	0.0000E+00	0.0000E+00	9.4652E-01
5.8000E+01	0.0000E+00	0.0000E+00	9.4941E-01
5.9000E+01	0.0000E+00	0.0000E+00	9.4322E-01
6.0000E+01	0.0000E+00	0.0000E+00	9.4192E-01
6.1000E+01	0.0000E+00	0.0000E+00	9.4741E-01
6.2000E+01	0.0000E+00	0.0000E+00	9.5407E-01
6.3000E+01	0.0000E+00	0.0000E+00	9.6596E-01
6.4000E+01	0.0000E+00	0.0000E+00	9.6497E-01
6.5000E+01	0.0000E+00	0.0000E+00	9.6812E-01
6.6000E+01	0.0000E+00	0.0000E+00	9.7011E-01
6.7000E+01	0.0000E+00	0.0000E+00	9.6096E-01
6.8000E+01	0.0000E+00	0.0000E+00	9.6182E-01
6.9000E+01	0.0000E+00	0.0000E+00	9.5933E-01
7.0000E+01	0.0000E+00	0.0000E+00	9.5665E-01
7.1000E+01	0.0000E+00	0.0000E+00	9.4923E-01
7.2000E+01	0.0000E+00	0.0000E+00	9.7006E-01
7.3000E+01	0.0000E+00	0.0000E+00	9.8844E-01
7.4000E+01	0.0000E+00	0.0000E+00	1.0049E+00
7.5000E+01	0.0000E+00	0.0000E+00	1.0227E+00
7.6000E+01	0.0000E+00	0.0000E+00	1.0386E+00
7.7000E+01	0.0000E+00	0.0000E+00	1.0446E+00
7.8000E+01	0.0000E+00	0.0000E+00	1.0607E+00
7.9000E+01	0.0000E+00	0.0000E+00	1.0789E+00
8.0000E+01	0.0000E+00	0.0000E+00	1.0613E+00
8.1000E+01	0.0000E+00	0.0000E+00	9.4739E-01
8.2000E+01	0.0000E+00	0.0000E+00	9.5198E-01
8.3000E+01	0.0000E+00	0.0000E+00	9.4628E-01
8.4000E+01	0.0000E+00	0.0000E+00	9.5674E-01
8.5000E+01	0.0000E+00	0.0000E+00	9.5366E-01
8.6000E+01	0.0000E+00	0.0000E+00	9.6670E-01
8.7000E+01	0.0000E+00	0.0000E+00	9.9104E-01
8.8000E+01	0.0000E+00	0.0000E+00	9.9477E-01
8.9000E+01	0.0000E+00	0.0000E+00	9.9958E-01
9.0000E+01	0.0000E+00	0.0000E+00	1.0021E+00
9.1000E+01	0.0000E+00	0.0000E+00	1.0027E+00
9.2000E+01	0.0000E+00	0.0000E+00	9.9728E-01
9.3000E+01	0.0000E+00	0.0000E+00	9.9621E-01
9.4000E+01	0.0000E+00	0.0000E+00	9.9086E-01
9.5000E+01	0.0000E+00	0.0000E+00	9.9178E-01
9.6000E+01	0.0000E+00	0.0000E+00	9.9036E-01
9.7000E+01	0.0000E+00	0.0000E+00	9.8703E-01
9.8000E+01	0.0000E+00	0.0000E+00	9.8621E-01
9.9000E+01	0.0000E+00	0.0000E+00	9.8736E-01
1.0000E+02	0.0000E+00	0.0000E+00	9.7979E-01
1.0100E+02	0.0000E+00	0.0000E+00	9.8851E-01
1.0200E+02	0.0000E+00	0.0000E+00	1.0011E+00
1.0300E+02	0.0000E+00	0.0000E+00	1.0161E+00
1.0400E+02	0.0000E+00	0.0000E+00	9.8848E-01
1.0500E+02	0.0000E+00	0.0000E+00	9.8444E-01
1.0600E+02	0.0000E+00	0.0000E+00	9.8294E-01
1.0700E+02	0.0000E+00	0.0000E+00	9.8239E-01
1.0800E+02	0.0000E+00	0.0000E+00	9.8877E-01
1.0900E+02	0.0000E+00	0.0000E+00	9.9891E-01
1.1000E+02	0.0000E+00	0.0000E+00	1.0122E+00
1.1100E+02	0.0000E+00	0.0000E+00	1.0138E+00
1.1200E+02	0.0000E+00	0.0000E+00	1.0141E+00
1.1300E+02	0.0000E+00	0.0000E+00	1.0203E+00
1.1400E+02	0.0000E+00	0.0000E+00	1.0296E+00
1.1500E+02	0.0000E+00	0.0000E+00	1.0338E+00
1.1600E+02	0.0000E+00	0.0000E+00	1.0312E+00
1.1700E+02	0.0000E+00	0.0000E+00	1.0233E+00
1.1800E+02	0.0000E+00	0.0000E+00	1.0226E+00
1.1900E+02	0.0000E+00	0.0000E+00	1.0166E+00
1.2000E+02	0.0000E+00	0.0000E+00	1.0209E+00
1.2100E+02	0.0000E+00	0.0000E+00	1.0265E+00
1.2200E+02	0.0000E+00	0.0000E+00	1.0344E+00
1.2300E+02	0.0000E+00	0.0000E+00	1.0456E+00
1.2400E+02	0.0000E+00	0.0000E+00	1.0614E+00
1.2500E+02	0.0000E+00	0.0000E+00	1.0700E+00
1.2600E+02	0.0000E+00	0.0000E+00	1.0836E+00
1.2700E+02	0.0000E+00	0.0000E+00	1.0944E+00
1.2800E+02	0.0000E+00	0.0000E+00	1.0784E+00
1.2900E+02	0.0000E+00	0.0000E+00	1.0085E+00
1.3000E+02	0.0000E+00	0.0000E+00	1.0190E+00
1.3100E+02	0.0000E+00	0.0000E+00	1.0251E+00
1.3200E+02	0.0000E+00	0.0000E+00	1.0284E+00
1.3300E+02	0.0000E+00	0.0000E+00	1.0409E+00
1.3400E+02	0.0000E+00	0.0000E+00	1.0414E+00
1.3500E+02	0.0000E+00	0.0000E+00	1.0318E+00
1.3600E+02	0.0000E+00	0.0000E+00	1.0386E+00
1.3700E+02	0.0000E+00	0.0000E+00	1.0424E+00
1.3800E+02	0.0000E+00	0.0000E+00	1.0482E+00
1.3900E+02	0.0000E+00	0.0000E+00	1.0525E+00
1.4000E+02	0.0000E+00	0.0000E+00	1.0446E+00
1.4100E+02	0.0000E+00	0.0000E+00	1.0507E+00
1.4200E+02	0.0000E+00	0.0000E+00	1.0495E+00
1.4300E+02	0.0000E+00	0.0000E+00	1.0458E+00
1.4400E+02	0.0000E+00	0.0000E+00	1.0450E+00
1.4500E+02	0.0000E+00	0.0000E+00	1.0394E+00
1.4600E+02	0.0000E+00	0.0000E+00	1.0370E+00
1.4700E+02	0.0000E+00	0.0000E+00	1.0318E+00
1.4800E+02	0.0000E+00	0.0000E+00	1.0361E+00
1.4900E+02	0.0000E+00	0.0000E+00	1.0394E+00
1.5000E+02	0.0000E+00	0.0000E+00	1.0311E+00
1.5100E+02	0.0000E+00	0.0000E+00	1.0323E+00
1.5200E+02	0.0000E+00	0.0000E+00	1.0278E+00
1.5300E+02	0.0000E+00	0.0000E+00	1.0269E+00
1.5400E+02	0.0000E+00	0.0000E+00	1.0374E+00
1.5500E+02	0.0000E+00	0.0000E+00	1.0429E+00
1.5600E+02	0.0000E+00	0.0000E+00	1.0450E+00
1.5700E+02	0.0000E+00	0.0000E+00	1.0471E+00
1.5800E+02	0.0000E+00	0.0000E+00	1.0512E+00
1.5900E+02	0.0000E+00	0.0000E+00	1.0668E+00
1.6000E+02	0.0000E+00	0.0000E+00	1.0757E+00
1.6100E+02	0.0000E+00	0.0000E+00	1.0895E+00
1.6200E+02	0.0000E+00	0.0000E+00	1.1109E+00
1.6300E+02	0.0000E+00	0.0000E+00	1.1013E+00
1.6400E+02	0.0000E+00	0.0000E+00	1.1027E+00
1.6500E+02	0.0000E+00	0.0000E+00	1.1116E+00
1.6600E+02	0.0000E+00	0.0000E+00	1.1024E+00
1.6700E+02	0.0000E+00	0.0000E+00	1.0948E+00
1.6800E+02	0.0000E+00	0.0000E+00	1.0963E+00
1.6900E+02	0.0000E+00	0.0000E+00	1.0950E+00
1.7000E+02	0.0000E+00	0.0000E+00	1.0871E+00
1.7100E+02	0.0000E+00	0.0000E+00	1.1024E+00
1.7200E+02	0.0000E+00	0.0000E+00	1.1179E+00
1.7300E+02	0.0000E+00	0.0000E+00	1.1297E+00
1.7400E+02	0.0000E+00	0.0000E+00	1.1434E+00
1.7500E+02	0.0000E+00	0.0000E+00	1.1542E+00
1.7600E+02	0.0000E+00	0.0000E+00	1.1249E+00
1.7700E+02	0.0000E+00	0.0000E+00	1.0926E+00
1.7800E+02	0.0000E+00	0.0000E+00	1.1040E+00
1.7900E+02	0.0000E+00	0.0000E+00	1.1268E+00
1.8000E+02	0.0000E+00	0.0000E+00	1.1071E+00
1.8100E+02	0.0000E+00	0.0000E+00	1.1005E+00
1.8200E+02	0.0000E+00	0.0000E+00	1.0968E+00
1.8300E+02	0.0000E+00	0.0000E+00	1.1048E+00
1.8400E+02	0.0000E+00	0.0000E+00	1.1165E+00
1.8500E+02	0.0000E+00	0.0000E+00	1.1262E+00
1.8600E+02	0.0000E+00	0.0000E+00	1.1221E+00
1.8700E+02	0.0000E+00	0.0000E+00	1.1342E+00
1.8800E+02	0.0000E+00	0.0000E+00	1.1461E+00
1.8900E+02	0.0000E+00	0.0000E+00	1.1557E+00
1.9000E+02	0.0000E+00	0.0000E+00	1.1499E+00
1.9100E+02	0.0000E+00	0.0000E+00	1.1500E+00
1.9200E+02	0.0000E+00	0.0000E+00	1.1549E+00
1.9300E+02	0.0000E+00	0.0000E+00	1.1533E+00
1.9400E+02	0.0000E+00	0.0000E+00	1.1632E+00
1.9500E+02	0.0000E+00	0.0000E+00	1.1690E+00
1.9600E+02	0.0000E+00	0.0000E+00	1.1634E+00
1.9700E+02	0.0000E+00	0.0000E+00	1.1720E+00
1.9800E+02	0.0000E+00	0.0000E+00	1.1703E+00
1.9900E+02	0.0000E+00	0.0000E+00	1.1697E+00
2.0000E+02	0.0000E+00	0.0000E+00	1.1716E+00
2.0100E+02	0.0000E+00	0.0000E+00	1.1583E+00
2.0200E+02	0.0000E+00	0.0000E+00	1.1570E+00
2.0300E+02	0.0000E+00	0.0000E+00	1.1661E+00
2.0400E+02	0.0000E+00	0.0000E+00	1.1588E+00
2.0500E+02	0.0000E+00	0.0000E+00	1.1819E+00
2.0600E+02	0.0000E+00	0.0000E+00	1.1924E+00
2.0700E+02	0.0000E+00	0.0000E+00	1.1842E+00
2.0800E+02	0.0000E+00	0.0000E+00	1.1990E+00
2.0900E+02	0.0000E+00	0.0000E+00	1.2093E+00
2.1000E+02	0.0000E+00	0.0000E+00	1.2213E+00
2.1100E+02	0.0000E+00	0.0000E+00	1.2366E+00
2.1200E+02	0.0000E+00	0.0000E+00	1.2360E+00
2.1300E+02	0.0000E+00	0.0000E+00	1.2382E+00
2.1400E+02	0.0000E+00	0.0000E+00	1.2408E+00
2.1500E+02	0.0000E+00	0.0000E+00	1.2408E+00
2.1600E+02	0.0000E+00	0.0000E+00	1.2328E+00
2.1700E+02	0.0000E+00	0.0000E+00	1.2193E+00
2.1800E+02	0.0000E+00	0.0000E+00	1.2136E+00
2.1900E+02	0.0000E+00	0.0000E+00	1.2122E+00
2.2000E+02	0.0000E+00	0.0000E+00	1.1997E+00
2.2100E+02	0.0000E+00	0.0000E+00	1.1907E+00
2.2200E+02	0.0000E+00	0.0000E+00	1.1848E+00
2.2300E+02	0.0000E+00	0.0000E+00	1.1852E+00
2.2400E+02	0.0000E+00	0.0000E+00	1.1755E+00
2.2500E+02	0.0000E+00	0.0000E+00	1.1781E+00
2.2600E+02	0.0000E+00	0.0000E+00	1.1695E+00
2.2700E+02	0.0000E+00	0.0000E+00	1.1732E+00
2.2800E+02	0.0000E+00	0.0000E+00	1.1670E+00
2.2900E+02	0.0000E+00	0.0000E+00	1.1734E+00
2.3000E+02	0.0000E+00	0.0000E+00	1.1805E+00
2.3100E+02	0.0000E+00	0.0000E+00	1.1898E+00
2.3200E+02	0.0000E+00	0.0000E+00	1.1966E+00
2.3300E+02	0.0000E+00	0.0000E+00	1.2061E+00
2.3400E+02	0.0000E+00	0.0000E+00	1.2090E+00
2.3500E+02	0.0000E+00	0.0000E+00	1.2178E+00
2.3600E+02	0.0000E+00	0.0000E+00	1.2129E+00
2.3700E+02	0.0000E+00	0.0000E+00	1.2213E+00
2.3800E+02	0.0000E+00	0.0000E+00	1.2222E+00
2.3900E+02	0.0000E+00	0.0000E+00	1.2260E+00
2.4000E+02	0.0000E+00	0.0000E+00	1.2270E+00
2.4100E+02	0.0000E+00	0.0000E+00	1.2182E+00
2.4200E+02	0.0000E+00	0.0000E+00	1.2113E+00
2.4300E+02	0.0000E+00	0.0000E+00	1.2101E+00
2.4400E+02	0.0000E+00	0.0000E+00	1.2066E+00
2.4500E+02	0.0000E+00	0.0000E+00	1.1965E+00
2.4600E+02	0.0000E+00	0.0000E+00	1.1963E+00
2.4700E+02	0.0000E+00	0.0000E+00	1.1867E+00
2.4800E+02	0.0000E+00	0.0000E+00	1.1776E+00
2.4900E+02	0.0000E+00	0.0000E+00	1.1880E+00
2.5000E+02	0.0000E+00	0.0000E+00	1.1819E+00
2.5100E+02	0.0000E+00	0.0000E+00	1.1704E+00
2.5200E+02	0.0000E+00	0.0000E+00	1.1722E+00
2.5300E+02	0.0000E+00	0.0000E+00	1.1734E+00
2.5400E+02	0.0000E+00	0.0000E+00	1.1714E+00
2.5500E+02	0.0000E+00	0.0000E+00	1.1697E+00
2.5600E+02	0.0000E+00	0.0000E+00	1.1813E+00
2.5700E+02	0.0000E+00	0.0000E+00	1.1665E+00
2.5800E+02	0.0000E+00	0.0000E+00	1.1783E+00
2.5900E+02	0.0000E+00	0.0000E+00	1.1812E+00
2.6000E+02	0.0000E+00	0.0000E+00	1.1760E+00
2.6100E+02	0.0000E+00	0.0000E+00	1.1808E+00
2.6200E+02	0.0000E+00	0.0000E+00	1.1852E+00
2.6300E+02	0.0000E+00	0.0000E+00	1.1928E+00
2.6400E+02	0.0000E+00	0.0000E+00	1.1797E+00
2.6500E+02	0.0000E+00	0.0000E+00	1.1798E+00
2.6600E+02	0.0000E+00	0.0000E+00	1.1734E+00
2.6700E+02	0.0000E+00	0.0000E+00	1.1625E+00
2.6800E+02	0.0000E+00	0.0000E+00	1.1605E+00
2.6900E+02	0.0000E+00	0.0000E+00	1.1628E+00
2.7000E+02	0.0000E+00	0.0000E+00	1.1522E+00
2.7100E+02	0.0000E+00	0.0000E+00	1.1550E+00
2.7200E+02	0.0000E+00	0.0000E+00	1.1577E+00
2.7300E+02	0.0000E+00	0.0000E+00	1.1424E+00
2.7400E+02	0.0000E+00	0.0000E+00	1.1479E+00
2.7500E+02	0.0000E+00	0.0000E+00	1.1362E+00
2.7600E+02	0.0000E+00	0.0000E+00	1.1441E+00
2.7700E+02	0.0000E+00	0.0000E+00	1.1507E+00
2.7800E+02	0.0000E+00	0.0000E+00	1.1479E+00
2.7900E+02	0.0000E+00	0.0000E+00	1.1460E+00
2.8000E+02	0.0000E+00	0.0000E+00	1.1496E+00
2.8100E+02	0.0000E+00	0.0000E+00	1.1391E+00
2.8200E+02	0.0000E+00	0.0000E+00	1.1361E+00
2.8300E+02	0.0000E+00	0.0000E+00	1.1366E+00
2.8400E+02	0.0000E+00	0.0000E+00	1.1271E+00
2.8500E+02	0.0000E+00	0.0000E+00	1.1286E+00
2.8600E+02	0.0000E+00	0.0000E+00	1.1201E+00
2.8700E+02	0.0000E+00	0.0000E+00	1.1233E+00
2.8800E+02	0.0000E+00	0.0000E+00	1.1233E+00
2.8900E+02	0.0000E+00	0.0000E+00	1.1146E+00
2.9000E+02	0.0000E+00	0.0000E+00	1.1156E+00
2.9100E+02	0.0000E+00	0.0000E+00	1.1106E+00
2.9200E+02	0.0000E+00	0.0000E+00	1.1038E+00
2.9300E+02	0.0000E+00	0.0000E+00	1.1012E+00
2.9400E+02	0.0000E+00	0.0000E+00	1.0870E+00
2.9500E+02	0.0000E+00	0.0000E+00	1.0950E+00
2.9600E+02	0.0000E+00	0.0000E+00	1.0855E+00
2.9700E+02	0.0000E+00	0.0000E+00	1.0858E+00
2.9800E+02	0.0000E+00	0.0000E+00	1.0986E+00
2.9900E+02	0.0000E+00	0.0000E+00	1.0975E+00
3.0000E+02	0.0000E+00	0.0000E+00	1.1026E+00
3.0100E+02	0.0000E+00	0.0000E+00	1.1029E+00
3.0200E+02	0.0000E+00	0.0000E+00	1.0959E+00
3.0300E+02	0.0000E+00	0.0000E+00	1.0935E+00
3.0400E+02	0.0000E+00	0.0000E+00	1.0924E+00
3.0500E+02	0.0000E+00	0.0000E+00	1.0837E+00
3.0600E+02	0.0000E+00	0.0000E+00	1.0821E+00
3.0700E+02	0.0000E+00	0.0000E+00	1.0753E+00
3.0800E+02	0.0000E+00	0.0000E+00	1.0738E+00
3.0900E+02	0.0000E+00	0.0000E+00	1.0635E+00
3.1000E+02	0.0000E+00	0.0000E+00	1.0587E+00
3.1100E+02	0.0000E+00	0.0000E+00	1.0598E+00
3.1200E+02	0.0000E+00	0.0000E+00	1.0491E+00
3.1300E+02	0.0000E+00	0.0000E+00	1.0452E+00
3.1400E+02	0.0000E+00	0.0000E+00	1.0358E+00
3.1500E+02	0.0000E+00	0.0000E+00	1.0406E+00
3.1600E+02	0.0000E+00	0.0000E+00	1.0324E+00
3.1700E+02	0.0000E+00	0.0000E+00	1.0419E+00
3.1800E+02	0.0000E+00	0.0000E+00	1.0453E+00
3.1900E+02	0.0000E+00	0.0000E+00	1.0480E+00
3.2000E+02	0.0000E+00	0.0000E+00	1.0243E+00
3.2100E+02	0.0000E+00	0.0000E+00	1.0409E+00
3.2200E+02	0.0000E+00	0.0000E+00	1.0565E+00
3.2300E+02	0.0000E+00	0.0000E+00	1.0570E+00
3.2400E+02	0.0000E+00	0.0000E+00	1.0619E+00
3.2500E+02	0.0000E+00	0.0000E+00	1.0524E+00
3.2600E+02	0.0000E+00	0.0000E+00	1.0488E+00
3.2700E+02	0.0000E+00	0.0000E+00	1.0509E+00
3.2800E+02	0.0000E+00	0.0000E+00	1.0432E+00
3.2900E+02	0.0000E+00	0.0000E+00	1.0475E+00
3.3000E+02	0.0000E+00	0.0000E+00	1.0448E+00
3.3100E+02	0.0000E+00	0.0000E+00	1.0512E+00
3.3200E+02	0.0000E+00	0.0000E+00	1.0446E+00
3.3300E+02	0.0000E+00	0.0000E+00	1.0447E+00
3.3400E+02	0.0000E+00	0.0000E+00	1.0401E+00
3.3500E+02	0.0000E+00	0.0000E+00	1.0448E+00
3.3600E+02	0.0000E+00	0.0000E+00	1.0348E+00
3.3700E+02	0.0000E+00	0.0000E+00	1.0304E+00
3.3800E+02	0.0000E+00	0.0000E+00	1.0311E+00
3.3900E+02	0.0000E+00	0.0000E+00	1.0268E+00
3.4000E+02	0.0000E+00	0.0000E+00	1.0249E+00
3.4100E+02	0.0000E+00	0.0000E+00	1.0269E+00
3.4200E+02	0.0000E+00	0.0000E+00	1.0184E+00
3.4300E+02	0.0000E+00	0.0000E+00	1.0168E+00
3.4400E+02	0.0000E+00	0.0000E+00	1.0149E+00
3.4500E+02	0.0000E+00	0.0000E+00	1.0134E+00
3.4600E+02	0.0000E+00	0.0000E+00	1.0240E+00
3.4700E+02	0.0000E+00	0.0000E+00	1.0277E+00
3.4800E+02	0.0000E+00	0.0000E+00	1.0359E+00
3.4900E+02	0.0000E+00	0.0000E+00	1.0285E+00
3.5000E+02	0.0000E+00	0.0000E+00	1.0349E+00
3.5100E+02	0.0000E+00	0.0000E+00	1.0339E+00
3.5200E+02	0.0000E+00	0.0000E+00	1.0258E+00
3.5300E+02	0.0000E+00	0.0000E+00	1.0341E+00
3.5400E+02	0.0000E+00	0.0000E+00	1.0348E+00
3.5500E+02	0.0000E+00	0.0000E+00	1.0438E+00
3.5600E+02	0.0000E+00	0.0000E+00	1.0478E+00
3.5700E+02	0.0000E+00	0.0000E+00	1.0433E+00
3.5800E+02	0.0000E+00	0.0000E+00	1.0495E+00
3.5900E+02	0.0000E+00	0.0000E+00	1.0457E+00
3.6000E+02	0.0000E+00	0.0000E+00	1.0403E+00
3.6100E+02	0.0000E+00	0.0000E+00	1.0446E+00
3.6200E+02	0.0000E+00	0.0000E+00	1.0406E+00
3.6300E+02	0.0000E+00	0.0000E+00	1.0393E+00
3.6400E+02	0.0000E+00	0.0000E+00	1.0358E+00
3.6500E+02	0.0000E+00	0.0000E+00	1.0403E+00
3.6600E+02	0.0000E+00	0.0000E+00	1.0262E+00
3.6700E+02	0.0000E+00	0.0000E+00	1.0300E+00
3.6800E+02	0.0000E+00	0.0000E+00	1.0260E+00
3.6900E+02	0.0000E+00	0.0000E+00	1.0243E+00
3.7000E+02	0.0000E+00	0.0000E+00	1.0333E+00
3.7100E+02	0.0000E+00	0.0000E+00	1.0342E+00
3.7200E+02	0.0000E+00	0.0000E+00	1.0321E+00
3.7300E+02	0.0000E+00	0.0000E+00	1.0306E+00
3.7400E+02	0.0000E+00	0.0000E+00	1.0327E+00
3.7500E+02	0.0000E+00	0.0000E+00	1.0346E+00
3.7600E+02	0.0000E+00	0.0000E+00	1.0364E+00
3.7700E+02	0.0000E+00	0.0000E+00	1.0419E+00
3.7800E+02	0.0000E+00	0.0000E+00	1.0480E+00
3.7900E+02	0.0000E+00	0.0000E+00	1.0517E+00
3.8000E+02	0.0000E+00	0.0000E+00	1.0543E+00
3.8100E+02	0.0000E+00	0.0000E+00	1.0567E+00
3.8200E+02	0.0000E+00	0.0000E+00	1.0519E+00
3.8300E+02	0.0000E+00	0.0000E+00	1.0544E+00
3.8400E+02	0.0000E+00	0.0000E+00	1.0504E+00
3.8500E+02	0.0000E+00	0.0000E+00	1.0458E+00
3.8600E+02	0.0000E+00	0.0000E+00	1.0435E+00
3.8700E+02	0.0000E+00	0.0000E+00	1.0437E+00
3.8800E+02	0.0000E+00	0.0000E+00	1.0380E+00
3.8900E+02	0.0000E+00	0.0000E+00	1.0389E+00
3.9000E+02	0.0000E+00	0.0000E+00	1.0375E+00
3.9100E+02	0.0000E+00	0.0000E+00	1.0341E+00
3.9200E+02	0.0000E+00	0.0000E+00	1.0306E+00
3.9300E+02	0.0000E+00	0.0000E+00	1.0395E+00
3.9400E+02	0.0000E+00	0.0000E+00	1.0349E+00
3.9500E+02	0.0000E+00	0.0000E+00	1.0296E+00
3.9600E+02	0.0000E+00	0.0000E+00	1.0393E+00
3.9700E+02	0.0000E+00	0.0000E+00	1.0370E+00
3.9800E+02	0.0000E+00	0.0000E+00	1.0408E+00
3.9900E+02	0.0000E+00	0.0000E+00	1.0527E+00
4.0000E+02	0.0000E+00	0.0000E+00	1.0658E+00
4.0100E+02	0.0000E+00	0.0000E+00	1.0944E+00
4.0200E+02	0.0000E+00	0.0000E+00	1.1071E+00
4.0300E+02	0.0000E+00	0.0000E+00	1.1180E+00
4.0400E+02	0.0000E+00	0.0000E+00	1.1191E+00
4.0500E+02	0.0000E+00	0.0000E+00	1.1166E+00
4.0600E+02	0.0000E+00	0.0000E+00	1.1138E+00
4.0700E+02	0.0000E+00	0.0000E+00	1.1041E+00
4.0800E+02	0.0000E+00	0.0000E+00	1.1033E+00
4.0900E+02	0.0000E+00	0.0000E+00	1.1069E+00
4.1000E+02	0.0000E+00	0.0000E+00	1.1044E+00
4.1100E+02	0.0000E+00	0.0000E+00	1.0967E+00
4.1200E+02	0.0000E+00	0.0000E+00	1.0933E+00
4.1300E+02	0.0000E+00	0.0000E+00	1.0784E+00
4.1400E+02	0.0000E+00	0.0000E+00	1.0883E+00
4.1500E+02	0.0000E+00	0.0000E+00	1.0770E+00
4.1600E+02	0.0000E+00	0.0000E+00	1.0805E+00
4.1700E+02	0.0000E+00	0.0000E+00	1.0804E+00
4.1800E+02	0.0000E+00	0.0000E+00	1.0794E+00
4.1900E+02	0.0000E+00	0.0000E+00	1.0832E+00
4.2000E+02	0.0000E+00	0.0000E+00	1.0871E+00
4.2100E+02	0.0000E+00	0.0000E+00	1.0893E+00
4.2200E+02	0.0000E+00	0.0000E+00	1.1004E+00
4.2300E+02	0.0000E+00	0.0000E+00	1.1115E+00
4.2400E+02	0.0000E+00	0.0000E+00	1.1229E+00
4.2500E+02	0.0000E+00	0.0000E+00	1.1300E+00
4.2600E+02	0.0000E+00	0.0000E+00	1.1333E+00
4.2700E+02	0.0000E+00	0.0000E+00	1.1471E+00
4.2800E+02	0.0000E+00	0.0000E+00	1.1560E+00
4.2900E+02	0.0000E+00	0.0000E+00	1.1531E+00
4.3000E+02	0.0000E+00	0.0000E+00	1.1477E+00
4.3100E+02	0.0000E+00	0.0000E+00	1.1490E+00
4.3200E+02	0.0000E+00	0.0000E+00	1.1441E+00
4.3300E+02	0.0000E+00	0.0000E+00	1.1365E+00
4.3400E+02	0.0000E+00	0.0000E+00	1.1351E+00
4.3500E+02	0.0000E+00	0.0000E+00	1.1321E+00
4.3600E+02	0.0000E+00	0.0000E+00	1.1291E+00
4.3700E+02	0.0000E+00	0.0000E+00	1.1300E+00
4.3800E+02	0.0000E+00	0.0000E+00	1.1230E+00
4.3900E+02	0.0000E+00	0.0000E+00	1.1165E+00
4.4000E+02	0.0000E+00	0.0000E+00	1.1141E+00
4.4100E+02	0.0000E+00	0.0000E+00	1.1176E+00
4.4200E+02	0.0000E+00	0.0000E+00	1.1119E+00
4.4300E+02	0.0000E+00	0.0000E+00	1.1111E+00
4.4400E+02	0.0000E+00	0.0000E+00	1.1217E+00
4.4500E+02	0.0000E+00	0.0000E+00	1.1239E+00
4.4600E+02	0.0000E+00	0.0000E+00	1.1368E+00
4.4700E+02	0.0000E+00	0.0000E+00	1.1419E+00
4.4800E+02	0.0000E+00	0.0000E+00	1.1339E+00
4.4900E+02	0.0000E+00	0.0000E+00	1.1547E+00
4.5000E+02	0.0000E+00	0.0000E+00	1.1615E+00
4.5100E+02	0.0000E+00	0.0000E+00	1.1715E+00
4.5200E+02	0.0000E+00	0.0000E+00	1.1694E+00
4.5300E+02	0.0000E+00	0.0000E+00	1.1810E+00
4.5400E+02	0.0000E+00	0.0000E+00	1.1703E+00
4.5500E+02	0.0000E+00	0.0000E+00	1.1632E+00
4.5600E+02	0.0000E+00	0.0000E+00	1.1509E+00
4.5700E+02	0.0000E+00	0.0000E+00	1.1581E+00
4.5800E+02	0.0000E+00	0.0000E+00	1.1538E+00
4.5900E+02	0.0000E+00	0.0000E+00	1.1430E+00
4.6000E+02	0.0000E+00	0.0000E+00	1.1347E+00
4.6100E+02	0.0000E+00	0.0000E+00	1.1361E+00
4.6200E+02	0.0000E+00	0.0000E+00	1.1357E+00
4.6300E+02	0.0000E+00	0.0000E+00	1.1315E+00
4.6400E+02	0.0000E+00	0.0000E+00	1.1249E+00
4.6500E+02	0.0000E+00	0.0000E+00	1.1315E+00
4.6600E+02	0.0000E+00	0.0000E+00	1.1258E+00
4.6700E+02	0.0000E+00	0.0000E+00	1.1343E+00
4.6800E+02	0.0000E+00	0.0000E+00	1.1205E+00
4.6900E+02	0.0000E+00	0.0000E+00	1.1282E+00
4.7000E+02	0.0000E+00	0.0000E+00	1.1350E+00
4.7100E+02	0.0000E+00	0.0000E+00	1.1340E+00
4.7200E+02	0.0000E+00	0.0000E+00	1.1419E+00
4.7300E+02	0.0000E+00	0.0000E+00	1.1449E+00
4.7400E+02	0.0000E+00	0.0000E+00	1.1432E+00
4.7500E+02	0.0000E+00	0.0000E+00	1.1486E+00
4.7600E+02	0.0000E+00	0.0000E+00	1.1439E+00
4.7700E+02	0.0000E+00	0.0000E+00	1.1418E+00
4.7800E+02	0.0000E+00	0.0000E+00	1.1414E+00
4.7900E+02	0.0000E+00	0.0000E+00	1.1409E+00
4.8000E+02	0.0000E+00	0.0000E+00	1.1252E+00
4.8100E+02	0.0000E+00	0.0000E+00	1.1174E+00
4.8200E+02	0.0000E+00	0.0000E+00	1.1224E+00
4.8300E+02	0.0000E+00	0.0000E+00	1.1179E+00
4.8400E+02	0.0000E+00	0.0000E+00	1.1155E+00
4.8500E+02	0.0000E+00	0.0000E+00	1.1105E+00
4.8600E+02	0.0000E+00	0.0000E+00	1.1124E+00
4.8700E+02	0.0000E+00	0.0000E+00	1.1115E+00
4.8800E+02	0.0000E+00	0.0000E+00	1.1016E+00
4.8900E+02	0.0000E+00	0.0000E+00	1.0998E+00
4.9000E+02	0.0000E+00	0.0000E+00	1.1072E+00
4.9100E+02	0.0000E+00	0.0000E+00	1.1007E+00
4.9200E+02	0.0000E+00	0.0000E+00	1.0978E+00
4.9300E+02	0.0000E+00	0.0000E+00	1.0998E+00
4.9400E+02	0.0000E+00	0.0000E+00	1.1016E+00
4.9500E+02	0.0000E+00	0.0000E+00	1.0990E+00
4.9600E+02	0.0000E+00	0.0000E+00	1.1049E+00
4.9700E+02	0.0000E+00	0.0000E+00	1.1034E+00
4.9800E+02	0.0000E+00	0.0000E+00	1.1056E+00
4.9900E+02	0.0000E+00	0.0000E+00	1.1025E+00
5.0000E+02	0.0000E+00	0.0000E+00	1.0937E+00
5.0100E+02	0.0000E+00	0.0000E+00	1.0905E+00
5.0200E+02	0.0000E+00	0.0000E+00	1.0912E+00
5.0300E+02	0.0000E+00	0.0000E+00	1.0827E+00
5.0400E+02	0.0000E+00	0.0000E+00	1.0832E+00
5.0500E+02	0.0000E+00	0.0000E+00	1.0830E+00
5.0600E+02	0.0000E+00	0.0000E+00	1.0773E+00
5.0700E+02	0.0000E+00	0.0000E+00	1.0773E+00
5.0800E+02	0.0000E+00	0.0000E+00	1.0705E+00
5.0900E+02	0.0000E+00	0.0000E+00	1.0732E+00
5.1000E+02	0.0000E+00	0.0000E+00	1.0675E+00
5.1100E+02	0.0000E+00	0.0000E+00	1.0666E+00
5.1200E+02	0.0000E+00	0.0000E+00	1.0663E+00
5.1300E+02	0.0000E+00	0.0000E+00	1.0720E+00
5.1400E+02	0.0000E+00	0.0000E+00	1.0682E+00
5.1500E+02	0.0000E+00	0.0000E+00	1.0690E+00
5.1600E+02	0.0000E+00	0.0000E+00	1.0665E+00
5.1700E+02	0.0000E+00	0.0000E+00	1.0711E+00
5.1800E+02	0.0000E+00	0.0000E+00	1.0760E+00
5.1900E+02	0.0000E+00	0.0000E+00	1.0833E+00
5.2000E+02	0.0000E+00	0.0000E+00	1.0848E+00
5.2100E+02	0.0000E+00	0.0000E+00	1.0954E+00
5.2200E+02	0.0000E+00	0.0000E+00	1.1006E+00
5.2300E+02	0.0000E+00	0.0000E+00	1.1104E+00
5.2400E+02	0.0000E+00	0.0000E+00	1.1137E+00
5.2500E+02	0.0000E+00	0.0000E+00	1.1082E+00
5.2600E+02	0.0000E+00	0.0000E+00	1.1078E+00
5.2700E+02	0.0000E+00	0.0000E+00	1.1068E+00
5.2800E+02	0.0000E+00	0.0000E+00	1.0928E+00
5.2900E+02	0.0000E+00	0.0000E+00	1.0927E+00
5.3000E+02	0.0000E+00	0.0000E+00	1.0932E+00
5.3100E+02	0.0000E+00	0.0000E+00	1.0825E+00
5.3200E+02	0.0000E+00	0.0000E+00	1.0821E+00
5.3300E+02	0.0000E+00	0.0000E+00	1.0773E+00
5.3400E+02	0.0000E+00	0.0000E+00	1.0743E+00
5.3500E+02	0.0000E+00	0.0000E+00	1.0673E+00
5.3600E+02	0.0000E+00	0.0000E+00	1.0701E+00
5.3700E+02	0.0000E+00	0.0000E+00	1.0652E+00
5.3800E+02	0.0000E+00	0.0000E+00	1.0739E+00
5.3900E+02	0.0000E+00	0.0000E+00	1.0710E+00
5.4000E+02	0.0000E+00	0.0000E+00	1.0663E+00
5.4100E+02	0.0000E+00	0.0000E+00	1.0714E+00
5.4200E+02	0.0000E+00	0.0000E+00	1.0874E+00
5.4300E+02	0.0000E+00	0.0000E+00	1.0943E+00
5.4400E+02	0.0000E+00	0.0000E+00	1.1125E+00
5.4500E+02	0.0000E+00	0.0000E+00	1.1234E+00
5.4600E+02	0.0000E+00	0.0000E+00	1.1421E+00
5.4700E+02	0.0000E+00	0.0000E+00	1.1512E+00
5.4800E+02	0.0000E+00	0.0000E+00	1.1571E+00
5.4900E+02	0.0000E+00	0.0000E+00	1.1591E+00
5.5000E+02	0.0000E+00	0.0000E+00	1.1532E+00
5.5100E+02	0.0000E+00	0.0000E+00	1.1434E+00
5.5200E+02	0.0000E+00	0.0000E+00	1.1370E+00
5.5300E+02	0.0000E+00	0.0000E+00	1.1300E+00
5.5400E+02	0.0000E+00	0.0000E+00	1.1230E+00
5.5500E+02	0.0000E+00	0.0000E+00	1.1209E+00
5.5600E+02	0.0000E+00	0.0000E+00	1.1196E+00
5.5700E+02	0.0000E+00	0.0000E+00	1.1158E+00
5.5800E+02	0.0000E+00	0.0000E+00	1.1106E+00
5.5900E+02	0.0000E+00	0.0000E+00	1.0997E+00
5.6000E+02	0.0000E+00	0.0000E+00	1.1073E+00
5.6100E+02	0.0000E+00	0.0000E+00	1.1064E+00
5.6200E+02	0.0000E+00	0.0000E+00	1.1026E+00
5.6300E+02	0.0000E+00	0.0000E+00	1.1044E+00
5.6400E+02	0.0000E+00	0.0000E+00	1.1092E+00
5.6500E+02	0.0000E+00	0.0000E+00	1.1126E+00
5.6600E+02	0.0000E+00	0.0000E+00	1.1200E+00
5.6700E+02	0.0000E+00	0.0000E+00	1.1476E+00
5.6800E+02	0.0000E+00	0.0000E+00	1.1632E+00
5.6900E+02	0.0000E+00	0.0000E+00	1.1885E+00
5.7000E+02	0.0000E+00	0.0000E+00	1.2128E+00
5.7100E+02	0.0000E+00	0.0000E+00	1.2266E+00
5.7200E+02	0.0000E+00	0.0000E+00	1.2205E+00
5.7300E+02	0.0000E+00	0.0000E+00	1.2203E+00
5.7400E+02	0.0000E+00	0.0000E+00	1.2095E+00
5.7500E+02	0.0000E+00	0.0000E+00	1.2086E+00
5.7600E+02	0.0000E+00	0.0000E+00	1.2003E+00
5.7700E+02	0.0000E+00	0.0000E+00	1.1855E+00
5.7800E+02	0.0000E+00	0.0000E+00	1.1920E+00
5.7900E+02	0.0000E+00	0.0000E+00	1.1849E+00
5.8000E+02	0.0000E+00	0.0000E+00	1.1675E+00
5.8100E+02	0.0000E+00	0.0000E+00	1.1736E+00
5.8200E+02	0.0000E+00	0.0000E+00	1.1713E+00
5.8300E+02	0.0000E+00	0.0000E+00	1.1567E+00
5.8400E+02	0.0000E+00	0.0000E+00	1.1582E+00
5.8500E+02	0.0000E+00	0.0000E+00	1.1555E+00
5.8600E+02	0.0000E+00	0.0000E+00	1.1553E+00
5.8700E+02	0.0000E+00	0.0000E+00	1.1536E+00
5.8800E+02	0.0000E+00	0.0000E+00	1.1612E+00
5.8900E+02	0.0000E+00	0.0000E+00	1.1742E+00
5.9000E+02	0.0000E+00	0.0000E+00	1.1863E+00
5.9100E+02	0.0000E+00	0.0000E+00	1.1966E+00
5.9200E+02	0.0000E+00	0.0000E+00	1.2296E+00
5.9300E+02	0.0000E+00	0.0000E+00	1.2515E+00
5.9400E+02	0.0000E+00	0.0000E+00	1.2717E+00
5.9500E+02	0.0000E+00	0.0000E+00	1.2847E+00
5.9600E+02	0.0000E+00	0.0000E+00	1.2794E+00
5.9700E+02	0.0000E+00	0.0000E+00	1.2869E+00
5.9800E+02	0.0000E+00	0.0000E+00	1.2774E+00
5.9900E+02	0.0000E+00	0.0000E+00	1.2558E+00
6.0000E+02	0.0000E+00	0.0000E+00	1.2623E+00
6.0100E+02	0.0000E+00	0.0000E+00	1.2573E+00
6.0200E+02	0.0000E+00	0.0000E+00	1.2441E+00
6.0300E+02	0.0000E+00	0.0000E+00	1.2382E+00
6.0400E+02	0.0000E+00	0.0000E+00	1.2195E+00
6.0500E+02	0.0000E+00	0.0000E+00	1.2230E+00
6.0600E+02	0.0000E+00	0.0000E+00	1.2258E+00
6.0700E+02	0.0000E+00	0.0000E+00	1.2064E+00
6.0800E+02	0.0000E+00	0.0000E+00	1.2196E+00
6.0900E+02	0.0000E+00	0.0000E+00	1.2108E+00
6.1000E+02	0.0000E+00	0.0000E+00	1.2155E+00
6.1100E+02	0.0000E+00	0.0000E+00	1.2143E+00
6.1200E+02	0.0000E+00	0.0000E+00	1.2239E+00
6.1300E+02	0.0000E+00	0.0000E+00	1.2236E+00
6.1400E+02	0.0000E+00	0.0000E+00	1.2243E+00
6.1500E+02	0.0000E+00	0.0000E+00	1.2565E+00
6.1600E+02	0.0000E+00	0.0000E+00	1.2588E+00
6.1700E+02	0.0000E+00	0.0000E+00	1.2728E+00
6.1800E+02	0.0000E+00	0.0000E+00	1.2775E+00
6.1900E+02	0.0000E+00	0.0000E+00	1.3104E+00
6.2000E+02	0.0000E+00	0.0000E+00	1.3138E+00
6.2100E+02	0.0000E+00	0.0000E+00	1.3121E+00
6.2200E+02	0.0000E+00	0.0000E+00	1.3214E+00
6.2300E+02	0.0000E+00	0.0000E+00	1.2940E+00
6.2400E+02	0.0000E+00	0.0000E+00	1.2930E+00
6.2500E+02	0.0000E+00	0.0000E+00	1.3095E+00
6.2600E+02	0.0000E+00	0.0000E+00	1.3078E+00
6.2700E+02	0.0000E+00	0.0000E+00	1.3037E+00
6.2800E+02	0.0000E+00	0.0000E+00	1.2919E+00
6.2900E+02	0.0000E+00	0.0000E+00	1.2924E+00
6.3000E+02	0.0000E+00	0.0000E+00	1.2797E+00
6.3100E+02	0.0000E+00	0.0000E+00	1.2743E+00
6.3200E+02	0.0000E+00	0.0000E+00	1.2903E+00
6.3300E+02	0.0000E+00	0.0000E+00	1.2699E+00
6.3400E+02	0.0000E+00	0.0000E+00	1.2739E+00
6.3500E+02	0.0000E+00	0.0000E+00	1.2794E+00
6.3600E+02	0.0000E+00	0.0000E+00	1.2870E+00
6.3700E+02	0.0000E+00	0.0000E+00	1.2811E+00
6.3800E+02	0.0000E+00	0.0000E+00	1.2805E+00
6.3900E+02	0.0000E+00	0.0000E+00	1.2839E+00
6.4000E+02	0.0000E+00	0.0000E+00	1.2776E+00
6.4100E+02	0.0000E+00	0.0000E+00	1.2817E+00
6.4200E+02	0.0000E+00	0.0000E+00	1.3048E+00
6.4300E+02	0.0000E+00	0.0000E+00	1.3208E+00
6.4400E+02	0.0000E+00	0.0000E+00	1.3377E+00
6.4500E+02	0.0000E+00	0.0000E+00	1.3409E+00
6.4600E+02	0.0000E+00	0.0000E+00	1.3665E+00
6.4700E+02	0.0000E+00	0.0000E+00	1.3443E+00
6.4800E+02	0.0000E+00	0.0000E+00	1.3266E+00
6.4900E+02	0.0000E+00	0.0000E+00	1.3268E+00
6.5000E+02	0.0000E+00	0.0000E+00	1.3356E+00
6.5100E+02	0.0000E+00	0.0000E+00	1.3288E+00
6.5200E+02	0.0000E+00	0.0000E+00	1.3268E+00
6.5300E+02	0.0000E+00	0.0000E+00	1.3153E+00
6.5400E+02	0.0000E+00	0.0000E+00	1.3003E+00
6.5500E+02	0.0000E+00	0.0000E+00	1.3169E+00
6.5600E+02	0.0000E+00	0.0000E+00	1.3082E+00
6.5700E+02	0.0000E+00	0.0000E+00	1.2825E+00
6.5800E+02	0.0000E+00	0.0000E+00	1.3049E+00
6.5900E+02	0.0000E+00	0.0000E+00	1.3142E+00
6.6000E+02	0.0000E+00	0.0000E+00	1.3016E+00
6.6100E+02	0.0000E+00	0.0000E+00	1.3234E+00
6.6200E+02	0.0000E+00	0.0000E+00	1.2978E+00
6.6300E+02	0.0000E+00	0.0000E+00	1.3079E+00
6.6400E+02	0.0000E+00	0.0000E+00	1.3171E+00
6.6500E+02	0.0000E+00	0.0000E+00	1.3204E+00
6.6600E+02	0.0000E+00	0.0000E+00	1.3401E+00
6.6700E+02	0.0000E+00	0.0000E+00	1.3659E+00
6.6800E+02	0.0000E+00	0.0000E+00	1.3926E+00
6.6900E+02	0.0000E+00	0.0000E+00	1.4050E+00
6.7000E+02	0.0000E+00	0.0000E+00	1.4222E+00
6.7100E+02	0.0000E+00	0.0000E+00	1.4225E+00
6.7200E+02	0.0000E+00	0.0000E+00	1.4178E+00
6.7300E+02	0.0000E+00	0.0000E+00	1.4195E+00
6.7400E+02	0.0000E+00	0.0000E+00	1.4185E+00
6.7500E+02	0.0000E+00	0.0000E+00	1.4255E+00
6.7600E+02	0.0000E+00	0.0000E+00	1.4095E+00
6.7700E+02	0.0000E+00	0.0000E+00	1.3886E+00
6.7800E+02	0.0000E+00	0.0000E+00	1.3999E+00
6.7900E+02	0.0000E+00	0.0000E+00	1.3710E+00
6.8000E+02	0.0000E+00	0.0000E+00	1.3889E+00
6.8100E+02	0.0000E+00	0.0000E+00	1.3779E+00
6.8200E+02	0.0000E+00	0.0000E+00	1.3669E+00
6.8300E+02	0.0000E+00	0.0000E+00	1.3744E+00
6.8400E+02	0.0000E+00	0.0000E+00	1.3818E+00
6.8500E+02	0.0000E+00	0.0000E+00	1.3713E+00
6.8600E+02	0.0000E+00	0.0000E+00	1.3604E+00
6.8700E+02	0.0000E+00	0.0000E+00	1.3607E+00
6.8800E+02	0.0000E+00	0.0000E+00	1.3500E+00
6.8900E+02	0.0000E+00	0.0000E+00	1.3522E+00
6.9000E+02	0.0000E+00	0.0000E+00	1.3359E+00
6.9100E+02	0.0000E+00	0.0000E+00	1.3383E+00
6.9200E+02	0.0000E+00	0.0000E+00	1.3373E+00
6.9300E+02	0.0000E+00	0.0000E+00	1.3368E+00
6.9400E+02	0.0000E+00	0.0000E+00	1.3365E+00
6.9500E+02	0.0000E+00	0.0000E+00	1.3216E+00
6.9600E+02	0.0000E+00	0.0000E+00	1.3118E+00
6.9700E+02	0.0000E+00	0.0000E+00	1.3128E+00
6.9800E+02	0.0000E+00	0.0000E+00	1.3097E+00
6.9900E+02	0.0000E+00	0.0000E+00	1.2977E+00
7.0000E+02	0.0000E+00	0.0000E+00	1.3026E+00
7.0100E+02	0.0000E+00	0.0000E+00	1.2962E+00
7.0200E+02	0.0000E+00	0.0000E+00	1.2975E+00
7.0300E+02	0.0000E+00	0.0000E+00	1.2937E+00
7.0400E+02	0.0000E+00	0.0000E+00	1.2880E+00
7.0500E+02	0.0000E+00	0.0000E+00	1.2792E+00
7.0600E+02	0.0000E+00	0.0000E+00	1.2734E+00
7.0700E+02	0.0000E+00	0.0000E+00	1.2736E+00
7.0800E+02	0.0000E+00	0.0000E+00	1.2796E+00
7.0900E+02	0.0000E+00	0.0000E+00	1.2786E+00
7.1000E+02	0.0000E+00	0.0000E+00	1.2633E+00
7.1100E+02	0.0000E+00	0.0000E+00	1.2742E+00
7.1200E+02	0.0000E+00	0.0000E+00	1.2675E+00
7.1300E+02	0.0000E+00	0.0000E+00	1.2628E+00
7.1400E+02	0.0000E+00	0.0000E+00	1.2707E+00
7.1500E+02	0.0000E+00	0.0000E+00	1.2709E+00
7.1600E+02	0.0000E+00	0.0000E+00	1.2629E+00
7.1700E+02	0.0000E+00	0.0000E+00	1.2603E+00
7.1800E+02	0.0000E+00	0.0000E+00	1.2520E+00
7.1900E+02	0.0000E+00	0.0000E+00	1.2462E+00
7.2000E+02	0.0000E+00	0.0000E+00	1.2409E+00
7.2100E+02	0.0000E+00	0.0000E+00	1.2377E+00
7.2200E+02	0.0000E+00	0.0000E+00	1.2281E+00
7.2300E+02	0.0000E+00	0.0000E+00	1.2288E+00
7.2400E+02	0.0000E+00	0.0000E+00	1.2235E+00
7.2500E+02	0.0000E+00	0.0000E+00	1.2194E+00
7.2600E+02	0.0000E+00	0.0000E+00	1.2225E+00
7.2700E+02	0.0000E+00	0.0000E+00	1.2099E+00
7.2800E+02	0.0000E+00	0.0000E+00	1.2099E+00
7.2900E+02	0.0000E+00	0.0000E+00	1.2103E+00
7.3000E+02	0.0000E+00	0.0000E+00	1.2122E+00
7.3100E+02	0.0000E+00	0.0000E+00	1.2145E+00
7.3200E+02	0.0000E+00	0.0000E+00	1.2126E+00
7.3300E+02	0.0000E+00	0.0000E+00	1.2092E+00
7.3400E+02	0.0000E+00	0.0000E+00	1.2050E+00
7.3500E+02	0.0000E+00	0.0000E+00	1.2096E+00
7.3600E+02	0.0000E+00	0.0000E+00	1.2063E+00
7.3700E+02	0.0000E+00	0.0000E+00	1.2016E+00
7.3800E+02	0.0000E+00	0.0000E+00	1.1930E+00
7.3900E+02	0.0000E+00	0.0000E+00	1.2014E+00
7.4000E+02	0.0000E+00	0.0000E+00	1.1975E+00
7.4100E+02	0.0000E+00	0.0000E+00	1.1889E+00
7.4200E+02	0.0000E+00	0.0000E+00	1.1943E+00
7.4300E+02	0.0000E+00	0.0000E+00	1.1900E+00
7.4400E+02	0.0000E+00	0.0000E+00	1.1833E+00
7.4500E+02	0.0000E+00	0.0000E+00	1.1843E+00
7.4600E+02	0.0000E+00	0.0000E+00	1.1824E+00
7.4700E+02	0.0000E+00	0.0000E+00	1.1797E+00
7.4800E+02	0.0000E+00	0.0000E+00	1.1770E+00
7.4900E+02	0.0000E+00	0.0000E+00	1.1772E+00
7.5000E+02	0.0000E+00	0.0000E+00	1.1724E+00
7.5100E+02	0.0000E+00	0.0000E+00	1.1768E+00
7.5200E+02	0.0000E+00	0.0000E+00	1.1793E+00
7.5300E+02	0.0000E+00	0.0000E+00	1.1784E+00
7.5400E+02	0.0000E+00	0.0000E+00	1.1783E+00
7.5500E+02	0.0000E+00	0.0000E+00	1.1802E+00
7.5600E+02	0.0000E+00	0.0000E+00	1.1765E+00
7.5700E+02	0.0000E+00	0.0000E+00	1.1785E+00
7.5800E+02	0.0000E+00	0.0000E+00	1.1721E+00
7.5900E+02	0.0000E+00	0.0000E+00	1.1847E+00
7.6000E+02	0.0000E+00	0.0000E+00	1.1883E+00
7.6100E+02	0.0000E+00	0.0000E+00	1.1885E+00
7.6200E+02	0.0000E+00	0.0000E+00	1.1885E+00
7.6300E+02	0.0000E+00	0.0000E+00	1.1807E+00
7.6400E+02	0.0000E+00	0.0000E+00	1.1805E+00
7.6500E+02	0.0000E+00	0.0000E+00	1.1745E+00
7.6600E+02	0.0000E+00	0.0000E+00	1.1700E+00
7.6700E+02	0.0000E+00	0.0000E+00	1.1612E+00
7.6800E+02	0.0000E+00	0.0000E+00	1.1511E+00
7.6900E+02	0.0000E+00	0.0000E+00	1.1493E+00
7.7000E+02	0.0000E+00	0.0000E+00	1.1445E+00
7.7100E+02	0.0000E+00	0.0000E+00	1.1423E+00
7.7200E+02	0.0000E+00	0.0000E+00	1.1355E+00
7.7300E+02	0.0000E+00	0.0000E+00	1.1364E+00
7.7400E+02	0.0000E+00	0.0000E+00	1.1354E+00
7.7500E+02	0.0000E+00	0.0000E+00	1.1344E+00
7.7600E+02	0.0000E+00	0.0000E+00	1.1287E+00
7.7700E+02	0.0000E+00	0.0000E+00	1.1321E+00
7.7800E+02	0.0000E+00	0.0000E+00	1.1305E+00
7.7900E+02	0.0000E+00	0.0000E+00	1.1371E+00
7.8000E+02	0.0000E+00	0.0000E+00	1.1392E+00
7.8100E+02	0.0000E+00	0.0000E+00	1.1354E+00
7.8200E+02	0.0000E+00	0.0000E+00	1.1336E+00
7.8300E+02	0.0000E+00	0.0000E+00	1.1344E+00
7.8400E+02	0.0000E+00	0.0000E+00	1.1372E+00
7.8500E+02	0.0000E+00	0.0000E+00	1.1310E+00
7.8600E+02	0.0000E+00	0.0000E+00	1.1320E+00
7.8700E+02	0.0000E+00	0.0000E+00	1.1338E+00
7.8800E+02	0.0000E+00	0.0000E+00	1.1269E+00
7.8900E+02	0.0000E+00	0.0000E+00	1.1230E+00
7.9000E+02	0.0000E+00	0.0000E+00	1.1246E+00
7.9100E+02	0.0000E+00	0.0000E+00	1.1221E+00
7.9200E+02	0.0000E+00	0.0000E+00	1.1232E+00
7.9300E+02	0.0000E+00	0.0000E+00	1.1169E+00
7.9400E+02	0.0000E+00	0.0000E+00	1.1119E+00
7.9500E+02	0.0000E+00	0.0000E+00	1.1147E+00
7.9600E+02	0.0000E+00	0.0000E+00	1.1051E+00
7.9700E+02	0.0000E+00	0.0000E+00	1.1011E+00
7.9800E+02	0.0000E+00	0.0000E+00	1.1061E+00
7.9900E+02	0.0000E+00	0.0000E+00	1.1051E+00
8.0000E+02	0.0000E+00	0.0000E+00	1.1039E+00
8.0100E+02	0.0000E+00	0.0000E+00	1.1028E+00
8.0200E+02	0.0000E+00	0.0000E+00	1.1000E+00
8.0300E+02	0.0000E+00	0.0000E+00	1.0982E+00
8.0400E+02	0.0000E+00	0.0000E+00	1.1018E+00
8.0500E+02	0.0000E+00	0.0000E+00	1.0969E+00
8.0600E+02	0.0000E+00	0.0000E+00	1.0941E+00
8.0700E+02	0.0000E+00	0.0000E+00	1.0946E+00
8.0800E+02	0.0000E+00	0.0000E+00	1.0938E+00
8.0900E+02	0.0000E+00	0.0000E+00	1.0940E+00
8.1000E+02	0.0000E+00	0.0000E+00	1.0948E+00
8.1100E+02	0.0000E+00	0.0000E+00	1.0949E+00
8.1200E+02	0.0000E+00	0.0000E+00	1.0978E+00
8.1300E+02	0.0000E+00	0.0000E+00	1.0899E+00
8.1400E+02	0.0000E+00	0.0000E+00	1.0927E+00
8.1500E+02	0.0000E+00	0.0000E+00	1.0909E+00
8.1600E+02	0.0000E+00	0.0000E+00	1.0917E+00
8.1700E+02	0.0000E+00	0.0000E+00	1.0864E+00
8.1800E+02	0.0000E+00	0.0000E+00	1.0882E+00
8.1900E+02	0.0000E+00	0.0000E+00	1.0862E+00
8.2000E+02	0.0000E+00	0.0000E+00	1.0851E+00
8.2100E+02	0.0000E+00	0.0000E+00	1.0808E+00
8.2200E+02	0.0000E+00	0.0000E+00	1.0780E+00
8.2300E+02	0.0000E+00	0.0000E+00	1.0818E+00
8.2400E+02	0.0000E+00	0.0000E+00	1.0817E+00
8.2500E+02	0.0000E+00	0.0000E+00	1.0845E+00
8.2600E+02	0.0000E+00	0.0000E+00	1.0762E+00
8.2700E+02	0.0000E+00	0.0000E+00	1.0816E+00
8.2800E+02	0.0000E+00	0.0000E+00	1.0804E+00
8.2900E+02	0.0000E+00	0.0000E+00	1.0732E+00
8.3000E+02	0.0000E+00	0.0000E+00	1.0782E+00
8.3100E+02	0.0000E+00	0.0000E+00	1.0727E+00
8.3200E+02	0.0000E+00	0.0000E+00	1.0760E+00
8.3300E+02	0.0000E+00	0.0000E+00	1.0837E+00
8.3400E+02	0.0000E+00	0.0000E+00	1.0850E+00
8.3500E+02	0.0000E+00	0.0000E+00	1.0936E+00
8.3600E+02	0.0000E+00	0.0000E+00	1.1016E+00
8.3700E+02	0.0000E+00	0.0000E+00	1.0938E+00
8.3800E+02	0.0000E+00	0.0000E+00	1.0879E+00
8.3900E+02	0.0000E+00	0.0000E+00	1.0895E+00
8.4000E+02	0.0000E+00	0.0000E+00	1.0837E+00
8.4100E+02	0.0000E+00	0.0000E+00	1.0805E+00
8.4200E+02	0.0000E+00	0.0000E+00	1.0738E+00
8.4300E+02	0.0000E+00	0.0000E+00	1.0754E+00
8.4400E+02	0.0000E+00	0.0000E+00	1.0744E+00
8.4500E+02	0.0000E+00	0.0000E+00	1.0675E+00
8.4600E+02	0.0000E+00	0.0000E+00	1.0626E+00
8.4700E+02	0.0000E+00	0.0000E+00	1.0653E+00
8.4800E+02	0.0000E+00	0.0000E+00	1.0672E+00
8.4900E+02	0.0000E+00	0.0000E+00	1.0618E+00
8.5000E+02	0.0000E+00	0.0000E+00	1.0620E+00
8.5100E+02	0.0000E+00	0.0000E+00	1.0637E+00
8.5200E+02	0.0000E+00	0.0000E+00	1.0646E+00
8.5300E+02	0.0000E+00	0.0000E+00	1.0639E+00
8.5400E+02	0.0000E+00	0.0000E+00	1.0656E+00
8.5500E+02	0.0000E+00	0.0000E+00	1.0602E+00
8.5600E+02	0.0000E+00	0.0000E+00	1.0627E+00
8.5700E+02	0.0000E+00	0.0000E+00	1.0658E+00
8.5800E+02	0.0000E+00	0.0000E+00	1.0668E+00
8.5900E+02	0.0000E+00	0.0000E+00	1.0782E+00
8.6000E+02	0.0000E+00	0.0000E+00	1.0780E+00
8.6100E+02	0.0000E+00	0.0000E+00	1.0790E+00
8.6200E+02	0.0000E+00	0.0000E+00	1.0813E+00
8.6300E+02	0.0000E+00	0.0000E+00	1.0856E+00
8.6400E+02	0.0000E+00	0.0000E+00	1.0870E+00
8.6500E+02	0.0000E+00	0.0000E+00	1.0850E+00
8.6600E+02	0.0000E+00	0.0000E+00	1.0857E+00
8.6700E+02	0.0000E+00	0.0000E+00	1.0779E+00
8.6800E+02	0.0000E+00	0.0000E+00	1.0835E+00
8.6900E+02	0.0000E+00	0.0000E+00	1.0779E+00
8.7000E+02	0.0000E+00	0.0000E+00	1.0728E+00
8.7100E+02	0.0000E+00	0.0000E+00	1.0688E+00
8.7200E+02	0.0000E+00	0.0000E+00	1.0682E+00
8.7300E+02	0.0000E+00	0.0000E+00	1.0669E+00
8.7400E+02	0.0000E+00	0.0000E+00	1.0718E+00
8.7500E+02	0.0000E+00	0.0000E+00	1.0719E+00
8.7600E+02	0.0000E+00	0.0000E+00	1.0699E+00
8.7700E+02	0.0000E+00	0.0000E+00	1.0726E+00
8.7800E+02	0.0000E+00	0.0000E+00	1.0666E+00
8.7900E+02	0.0000E+00	0.0000E+00	1.0687E+00
8.8000E+02	0.0000E+00	0.0000E+00	1.0689E+00
8.8100E+02	0.0000E+00	0.0000E+00	1.0749E+00
8.8200E+02	0.0000E+00	0.0000E+00	1.0820E+00
8.8300E+02	0.0000E+00	0.0000E+00	1.0919E+00
8.8400E+02	0.0000E+00	0.0000E+00	1.0962E+00
8.8500E+02	0.0000E+00	0.0000E+00	1.1023E+00
8.8600E+02	0.0000E+00	0.0000E+00	1.1092E+00
8.8700E+02	0.0000E+00	0.0000E+00	1.1136E+00
8.8800E+02	0.0000E+00	0.0000E+00	1.1188E+00
8.8900E+02	0.0000E+00	0.0000E+00	1.1168E+00
8.9000E+02	0.0000E+00	0.0000E+00	1.1184E+00
8.9100E+02	0.0000E+00	0.0000E+00	1.1123E+00
8.9200E+02	0.0000E+00	0.0000E+00	1.1129E+00
8.9300E+02	0.0000E+00	0.0000E+00	1.1159E+00
8.9400E+02	0.0000E+00	0.0000E+00	1.1107E+00
8.9500E+02	0.0000E+00	0.0000E+00	1.1102E+00
8.9600E+02	0.0000E+00	0.0000E+00	1.1032E+00
8.9700E+02	0.0000E+00	0.0000E+00	1.1029E+00
8.9800E+02	0.0000E+00	0.0000E+00	1.1040E+00
8.9900E+02	0.0000E+00	0.0000E+00	1.1087E+00
9.0000E+02	0.0000E+00	0.0000E+00	1.0440E+00
9.0100E+02	0.0000E+00	0.0000E+00	1.0468E+00
9.0200E+02	0.0000E+00	0.0000E+00	1.0480E+00
9.0300E+02	0.0000E+00	0.0000E+00	1.0463E+00
9.0400E+02	0.0000E+00	0.0000E+00	1.0497E+00
9.0500E+02	0.0000E+00	0.0000E+00	1.0552E+00
9.0600E+02	0.0000E+00	0.0000E+00	1.0603E+00
9.0700E+02	0.0000E+00	0.0000E+00	1.0606E+00
9.0800E+02	0.0000E+00	0.0000E+00	1.0660E+00
9.0900E+02	0.0000E+00	0.0000E+00	1.0672E+00
9.1000E+02	0.0000E+00	0.0000E+00	1.0774E+00
9.1100E+02	0.0000E+00	0.0000E+00	1.0756E+00
9.1200E+02	0.0000E+00	0.0000E+00	1.0700E+00
9.1300E+02	0.0000E+00	0.0000E+00	1.0755E+00
9.1400E+02	0.0000E+00	0.0000E+00	1.0700E+00
9.1500E+02	0.0000E+00	0.0000E+00	1.0689E+00
9.1600E+02	0.0000E+00	0.0000E+00	1.0671E+00
9.1700E+02	0.0000E+00	0.0000E+00	1.0630E+00
9.1800E+02	0.0000E+00	0.0000E+00	1.0628E+00
9.1900E+02	0.0000E+00	0.0000E+00	1.0635E+00
9.2000E+02	0.0000E+00	0.0000E+00	1.0654E+00
9.2100E+02	0.0000E+00	0.0000E+00	1.0648E+00
9.2200E+02	0.0000E+00	0.0000E+00	1.0627E+00
9.2300E+02	0.0000E+00	0.0000E+00	1.0625E+00
9.2400E+02	0.0000E+00	0.0000E+00	1.0569E+00
9.2500E+02	0.0000E+00	0.0000E+00	1.0550E+00
9.2600E+02	0.0000E+00	0.0000E+00	1.0560E+00
9.2700E+02	0.0000E+00	0.0000E+00	1.0558E+00
9.2800E+02	0.0000E+00	0.0000E+00	1.0519E+00
9.2900E+02	0.0000E+00	0.0000E+00	1.0517E+00
9.3000E+02	0.0000E+00	0.0000E+00	1.0569E+00
9.3100E+02	0.0000E+00	0.0000E+00	1.0576E+00
9.3200E+02	0.0000E+00	0.0000E+00	1.0601E+00
9.3300E+02	0.0000E+00	0.0000E+00	1.0635E+00
9.3400E+02	0.0000E+00	0.0000E+00	1.0625E+00
9.3500E+02	0.0000E+00	0.0000E+00	1.0608E+00
9.3600E+02	0.0000E+00	0.0000E+00	1.0635E+00
9.3700E+02	0.0000E+00	0.0000E+00	1.0628E+00
9.3800E+02	0.0000E+00	0.0000E+00	1.0630E+00
9.3900E+02	0.0000E+00	0.0000E+00	1.0599E+00
9.4000E+02	0.0000E+00	0.0000E+00	1.0617E+00
9.4100E+02	0.0000E+00	0.0000E+00	1.0568E+00
9.4200E+02	0.0000E+00	0.0000E+00	1.0581E+00
9.4300E+02	0.0000E+00	0.0000E+00	1.0515E+00
9.4400E+02	0.0000E+00	0.0000E+00	1.0468E+00
9.4500E+02	0.0000E+00	0.0000E+00	1.0542E+00
9.4600E+02	0.0000E+00	0.0000E+00	1.0542E+00
9.4700E+02	0.0000E+00	0.0000E+00	1.0558E+00
9.4800E+02	0.0000E+00	0.0000E+00	1.0528E+00
9.4900E+02	0.0000E+00	0.0000E+00	1.0511E+00
9.5000E+02	0.0000E+00	0.0000E+00	1.0476E+00
9.5100E+02	0.0000E+00	0.0000E+00	1.0528E+00
9.5200E+02	0.0000E+00	0.0000E+00	1.0460E+00
9.5300E+02	0.0000E+00	0.0000E+00	1.0439E+00
9.5400E+02	0.0000E+00	0.0000E+00	1.0494E+00
9.5500E+02	0.0000E+00	0.0000E+00	1.0496E+00
9.5600E+02	0.0000E+00	0.0000E+00	1.0483E+00
9.5700E+02	0.0000E+00	0.0000E+00	1.0503E+00
9.5800E+02	0.0000E+00	0.0000E+00	1.0499E+00
9.5900E+02	0.0000E+00	0.0000E+00	1.0526E+00
9.6000E+02	0.0000E+00	0.0000E+00	1.0517E+00
9.6100E+02	0.0000E+00	0.0000E+00	1.0517E+00
9.6200E+02	0.0000E+00	0.0000E+00	1.0549E+00
9.6300E+02	0.0000E+00	0.0000E+00	1.0563E+00
9.6400E+02	0.0000E+00	0.0000E+00	1.0530E+00
9.6500E+02	0.0000E+00	0.0000E+00	1.0506E+00
9.6600E+02	0.0000E+00	0.0000E+00	1.0496E+00
9.6700E+02	0.0000E+00	0.0000E+00	1.0515E+00
9.6800E+02	0.0000E+00	0.0000E+00	1.0516E+00
9.6900E+02	0.0000E+00	0.0000E+00	1.0457E+00
9.7000E+02	0.0000E+00	0.0000E+00	1.0470E+00
9.7100E+02	0.0000E+00	0.0000E+00	1.0496E+00
9.7200E+02	0.0000E+00	0.0000E+00	1.0491E+00
9.7300E+02	0.0000E+00	0.0000E+00	1.0509E+00
9.7400E+02	0.0000E+00	0.0000E+00	1.0491E+00
9.7500E+02	0.0000E+00	0.0000E+00	1.0506E+00
9.7600E+02	0.0000E+00	0.0000E+00	1.0459E+00
9.7700E+02	0.0000E+00	0.0000E+00	1.0462E+00
9.7800E+02	0.0000E+00	0.0000E+00	1.0483E+00
9.7900E+02	0.0000E+00	0.0000E+00	1.0574E+00
9.8000E+02	0.0000E+00	0.0000E+00	1.0596E+00
9.8100E+02	0.0000E+00	0.0000E+00	1.0625E+00
9.8200E+02	0.0000E+00	0.0000E+00	1.0685E+00
9.8300E+02	0.0000E+00	0.0000E+00	1.0685E+00
9.8400E+02	0.0000E+00	0.0000E+00	1.0648E+00
9.8500E+02	0.0000E+00	0.0000E+00	1.0623E+00
9.8600E+02	0.0000E+00	0.0000E+00	1.0574E+00
9.8700E+02	0.0000E+00	0.0000E+00	1.0561E+00
9.8800E+02	0.0000E+00	0.0000E+00	1.0513E+00
9.8900E+02	0.0000E+00	0.0000E+00	1.0531E+00
9.9000E+02	0.0000E+00	0.0000E+00	1.0455E+00
9.9100E+02	0.0000E+00	0.0000E+00	1.0451E+00
9.9200E+02	0.0000E+00	0.0000E+00	1.0417E+00
9.9300E+02	0.0000E+00	0.0000E+00	1.0463E+00
9.9400E+02	0.0000E+00	0.0000E+00	1.0476E+00
9.9500E+02	0.0000E+00	0.0000E+00	1.0521E+00
9.9600E+02	0.0000E+00	0.0000E+00	1.0422E+00
9.9700E+02	0.0000E+00	0.0000E+00	1.0404E+00
9.9800E+02	0.0000E+00	0.0000E+00	1.0394E+00
9.9900E+02	0.0000E+00	0.0000E+00	1.0429E+00
1.0000E+03	0.0000E+00	0.0000E+00	1.0408E+00
1.0010E+03	0.0000E+00	0.0000E+00	1.0567E+00
1.0020E+03	0.0000E+00	0.0000E+00	1.0614E+00
1.0030E+03	0.0000E+00	0.0000E+00	1.0744E+00
1.0040E+03	0.0000E+00	0.0000E+00	1.0840E+00
1.0050E+03	0.0000E+00	0.0000E+00	1.0913E+00
1.0060E+03	0.0000E+00	0.0000E+00	1.1039E+00
1.0070E+03	0.0000E+00	0.0000E+00	1.1070E+00
1.0080E+03	0.0000E+00	0.0000E+00	1.1072E+00
1.0090E+03	0.0000E+00	0.0000E+00	1.1118E+00
1.0100E+03	0.0000E+00	0.0000E+00	1.1098E+00
1.0110E+03	0.0000E+00	0.0000E+00	1.1067E+00
1.0120E+03	0.0000E+00	0.0000E+00	1.1027E+00
1.0130E+03	0.0000E+00	0.0000E+00	1.0961E+00
1.0140E+03	0.0000E+00	0.0000E+00	1.0968E+00
1.0150E+03	0.0000E+00	0.0000E+00	1.0922E+00
1.0160E+03	0.0000E+00	0.0000E+00	1.0938E+00
1.0170E+03	0.0000E+00	0.0000E+00	1.0953E+00
1.0180E+03	0.0000E+00	0.0000E+00	1.0918E+00
1.0190E+03	0.0000E+00	0.0000E+00	1.0909E+00
1.0200E+03	0.0000E+00	0.0000E+00	1.0862E+00
1.0210E+03	0.0000E+00	0.0000E+00	1.0890E+00
1.0220E+03	0.0000E+00	0.0000E+00	1.0881E+00
1.0230E+03	0.0000E+00	0.0000E+00	1.0879E+00
1.0240E+03	0.0000E+00	0.0000E+00	1.0882E+00
1.0250E+03	0.0000E+00	0.0000E+00	1.1057E+00
1.0260E+03	0.0000E+00	0.0000E+00	1.1089E+00
1.0270E+03	0.0000E+00	0.0000E+00	1.1141E+00
1.0280E+03	0.0000E+00	0.0000E+00	1.1225E+00
1.0290E+03	0.0000E+00	0.0000E+00	1.1297E+00
1.0300E+03	0.0000E+00	0.0000E+00	1.1409E+00
1.0310E+03	0.0000E+00	0.0000E+00	1.1414E+00
1.0320E+03	0.0000E+00	0.0000E+00	1.1426E+00
1.0330E+03	0.0000E+00	0.0000E+00	1.1441E+00
1.0340E+03	0.0000E+00	0.0000E+00	1.1395E+00
1.0350E+03	0.0000E+00	0.0000E+00	1.1354E+00
1.0360E+03	0.0000E+00	0.0000E+00	1.1352E+00
1.0370E+03	0.0000E+00	0.0000E+00	1.1292E+00
1.0380E+03	0.0000E+00	0.0000E+00	1.1304E+00
1.0390E+03	0.0000E+00	0.0000E+00	1.1271E+00
1.0400E+03	0.0000E+00	0.0000E+00	1.1275E+00
1.0410E+03	0.0000E+00	0.0000E+00	1.1271E+00
1.0420E+03	0.0000E+00	0.0000E+00	1.1251E+00
1.0430E+03	0.0000E+00	0.0000E+00	1.1213E+00
1.0440E+03	0.0000E+00	0.0000E+00	1.1266E+00
1.0450E+03	0.0000E+00	0.0000E+00	1.1179E+00
1.0460E+03	0.0000E+00	0.0000E+00	1.1260E+00
1.0470E+03	0.0000E+00	0.0000E+00	1.1336E+00
1.0480E+03	0.0000E+00	0.0000E+00	1.1340E+00
1.0490E+03	0.0000E+00	0.0000E+00	1.1393E+00
1.0500E+03	0.0000E+00	0.0000E+00	1.1515E+00
1.0510E+03	0.0000E+00	0.0000E+00	1.1736E+00
1.0520E+03	0.0000E+00	0.0000E+00	1.2007E+00
1.0530E+03	0.0000E+00	0.0000E+00	1.2220E+00
1.0540E+03	0.0000E+00	0.0000E+00	1.2330E+00
1.0550E+03	0.0000E+00	0.0000E+00	1.2408E+00
1.0560E+03	0.0000E+00	0.0000E+00	1.2394E+00
1.0570E+03	0.0000E+00	0.0000E+00	1.2399E+00
1.0580E+03	0.0000E+00	0.0000E+00	1.2382E+00
1.0590E+03	0.0000E+00	0.0000E+00	1.2335E+00
1.0600E+03	0.0000E+00	0.0000E+00	1.2368E+00
1.0610E+03	0.0000E+00	0.0000E+00	1.2266E+00
1.0620E+03	0.0000E+00	0.0000E+00	1.2340E+00
1.0630E+03	0.0000E+00	0.0000E+00	1.2241E+00
1.0640E+03	0.0000E+00	0.0000E+00	1.2219E+00
1.0650E+03	0.0000E+00	0.0000E+00	1.2181E+00
1.0660E+03	0.0000E+00	0.0000E+00	1.2263E+00
1.0670E+03	0.0000E+00	0.0000E+00	1.2195E+00
1.0680E+03	0.0000E+00	0.0000E+00	1.2156E+00
1.0690E+03	0.0000E+00	0.0000E+00	1.2150E+00
1.0700E+03	0.0000E+00	0.0000E+00	1.2203E+00
1.0710E+03	0.0000E+00	0.0000E+00	1.2207E+00
1.0720E+03	0.0000E+00	0.0000E+00	1.2179E+00
1.0730E+03	0.0000E+00	0.0000E+00	1.2368E+00
1.0740E+03	0.0000E+00	0.0000E+00	1.2335E+00
1.0750E+03	0.0000E+00	0.0000E+00	1.2408E+00
1.0760E+03	0.0000E+00	0.0000E+00	1.2585E+00
1.0770E+03	0.0000E+00	0.0000E+00	1.2593E+00
1.0780E+03	0.0000E+00	0.0000E+00	1.2673E+00
1.0790E+03	0.0000E+00	0.0000E+00	1.2713E+00
1.0800E+03	0.0000E+00	0.0000E+00	1.2799E+00
1.0810E+03	0.0000E+00	0.0000E+00	1.2788E+00
1.0820E+03	0.0000E+00	0.0000E+00	1.2786E+00
1.0830E+03	0.0000E+00	0.0000E+00	1.2763E+00
1.0840E+03	0.0000E+00	0.0000E+00	1.2758E+00
1.0850E+03	0.0000E+00	0.0000E+00	1.2742E+00
1.0860E+03	0.0000E+00	0.0000E+00	1.2699E+00
1.0870E+03	0.0000E+00	0.0000E+00	1.2686E+00
1.0880E+03	0.0000E+00	0.0000E+00	1.2611E+00
1.0890E+03	0.0000E+00	0.0000E+00	1.2550E+00
1.0900E+03	0.0000E+00	0.0000E+00	1.2610E+00
1.0910E+03	0.0000E+00	0.0000E+00	1.2553E+00
1.0920E+03	0.0000E+00	0.0000E+00	1.2599E+00
1.0930E+03	0.0000E+00	0.0000E+00	1.2524E+00
1.0940E+03	0.0000E+00	0.0000E+00	1.2531E+00
1.0950E+03	0.0000E+00	0.0000E+00	1.2536E+00
1.0960E+03	0.0000E+00	0.0000E+00	1.2564E+00
1.0970E+03	0.0000E+00	0.0000E+00	1.2557E+00
1.0980E+03	0.0000E+00	0.0000E+00	1.2602E+00
1.0990E+03	0.0000E+00	0.0000E+00	1.2757E+00
1.1000E+03	0.0000E+00	0.0000E+00	1.2845E+00
1.1010E+03	0.0000E+00	0.0000E+00	1.2902E+00
1.1020E+03	0.0000E+00	0.0000E+00	1.3013E+00
1.1030E+03	0.0000E+00	0.0000E+00	1.3006E+00
1.1040E+03	0.0000E+00	0.0000E+00	1.3062E+00
1.1050E+03	0.0000E+00	0.0000E+00	1.2967E+00
1.1060E+03	0.0000E+00	0.0000E+00	1.3066E+00
1.1070E+03	0.0000E+00	0.0000E+00	1.2937E+00
1.1080E+03	0.0000E+00	0.0000E+00	1.2966E+00
1.1090E+03	0.0000E+00	0.0000E+00	1.2983E+00
1.1100E+03	0.0000E+00	0.0000E+00	1.2920E+00
1.1110E+03	0.0000E+00	0.0000E+00	1.2826E+00
1.1120E+03	0.0000E+00	0.0000E+00	1.2845E+00
1.1130E+03	0.0000E+00	0.0000E+00	1.2843E+00
1.1140E+03	0.0000E+00	0.0000E+00	1.2768E+00
1.1150E+03	0.0000E+00	0.0000E+00	1.2802E+00
1.1160E+03	0.0000E+00	0.0000E+00	1.2735E+00
1.1170E+03	0.0000E+00	0.0000E+00	1.2780E+00
1.1180E+03	0.0000E+00	0.0000E+00	1.2736E+00
1.1190E+03	0.0000E+00	0.0000E+00	1.2694E+00
1.1200E+03	0.0000E+00	0.0000E+00	1.2766E+00
1.1210E+03	0.0000E+00	0.0000E+00	1.2792E+00
1.1220E+03	0.0000E+00	0.0000E+00	1.2842E+00
1.1230E+03	0.0000E+00	0.0000E+00	1.2956E+00
1.1240E+03	0.0000E+00	0.0000E+00	1.3158E+00
1.1250E+03	0.0000E+00	0.0000E+00	1.3223E+00
1.1260E+03	0.0000E+00	0.0000E+00	1.3329E+00
1.1270E+03	0.0000E+00	0.0000E+00	1.3431E+00
1.1280E+03	0.0000E+00	0.0000E+00	1.3420E+00
1.1290E+03	0.0000E+00	0.0000E+00	1.3424E+00
1.1300E+03	0.0000E+00	0.0000E+00	1.3448E+00
1.1310E+03	0.0000E+00	0.0000E+00	1.3349E+00
1.1320E+03	0.0000E+00	0.0000E+00	1.3365E+00
1.1330E+03	0.0000E+00	0.0000E+00	1.3314E+00
1.1340E+03	0.0000E+00	0.0000E+00	1.3326E+00
1.1350E+03	0.0000E+00	0.0000E+00	1.3292E+00
1.1360E+03	0.0000E+00	0.0000E+00	1.3212E+00
1.1370E+03	0.0000E+00	0.0000E+00	1.3229E+00
1.1380E+03	0.0000E+00	0.0000E+00	1.3186E+00
1.1390E+03	0.0000E+00	0.0000E+00	1.3172E+00
1.1400E+03	0.0000E+00	0.0000E+00	1.3115E+00
1.1410E+03	0.0000E+00	0.0000E+00	1.3066E+00
1.1420E+03	0.0000E+00	0.0000E+00	1.3016E+00
1.1430E+03	0.0000E+00	0.0000E+00	1.3036E+00
1.1440E+03	0.0000E+00	0.0000E+00	1.3083E+00
1.1450E+03	0.0000E+00	0.0000E+00	1.3157E+00
1.1460E+03	0.0000E+00	0.0000E+00	1.3316E+00
1.1470E+03	0.0000E+00	0.0000E+00	1.3603E+00
1.1480E+03	0.0000E+00	0.0000E+00	1.3857E+00
1.1490E+03	0.0000E+00	0.0000E+00	1.4110E+00
1.1500E+03	0.0000E+00	0.0000E+00	1.4240E+00
1.1510E+03	0.0000E+00	0.0000E+00	1.4357E+00
1.1520E+03	0.0000E+00	0.0000E+00	1.4461E+00
1.1530E+03	0.0000E+00	0.0000E+00	1.4428E+00
1.1540E+03	0.0000E+00	0.0000E+00	1.4568E+00
1.1550E+03	0.0000E+00	0.0000E+00	1.4676E+00
1.1560E+03	0.0000E+00	0.0000E+00	1.4652E+00
1.1570E+03	0.0000E+00	0.0000E+00	1.4631E+00
1.1580E+03	0.0000E+00	0.0000E+00	1.4680E+00
1.1590E+03	0.0000E+00	0.0000E+00	1.4598E+00
1.1600E+03	0.0000E+00	0.0000E+00	1.4588E+00
1.1610E+03	0.0000E+00	0.0000E+00	1.4527E+00
1.1620E+03	0.0000E+00	0.0000E+00	1.4502E+00
1.1630E+03	0.0000E+00	0.0000E+00	1.4399E+00
1.1640E+03	0.0000E+00	0.0000E+00	1.4372E+00
1.1650E+03	0.0000E+00	0.0000E+00	1.4350E+00
1.1660E+03	0.0000E+00	0.0000E+00	1.4298E+00
1.1670E+03	0.0000E+00	0.0000E+00	1.4236E+00
1.1680E+03	0.0000E+00	0.0000E+00	1.4218E+00
1.1690E+03	0.0000E+00	0.0000E+00	1.4277E+00
1.1700E+03	0.0000E+00	0.0000E+00	1.4392E+00
1.1710E+03	0.0000E+00	0.0000E+00	1.4568E+00
1.1720E+03	0.0000E+00	0.0000E+00	1.4723E+00
1.1730E+03	0.0000E+00	0.0000E+00	1.4869E+00
1.1740E+03	0.0000E+00	0.0000E+00	1.5091E+00
1.1750E+03	0.0000E+00	0.0000E+00	1.5245E+00
1.1760E+03	0.0000E+00	0.0000E+00	1.5323E+00
1.1770E+03	0.0000E+00	0.0000E+00	1.5407E+00
1.1780E+03	0.0000E+00	0.0000E+00	1.5473E+00
1.1790E+03	0.0000E+00	0.0000E+00	1.5533E+00
1.1800E+03	0.0000E+00	0.0000E+00	1.5573E+00
1.1810E+03	0.0000E+00	0.0000E+00	1.5524E+00
1.1820E+03	0.0000E+00	0.0000E+00	1.5490E+00
1.1830E+03	0.0000E+00	0.0000E+00	1.5459E+00
1.1840E+03	0.0000E+00	0.0000E+00	1.5439E+00
1.1850E+03	0.0000E+00	0.0000E+00	1.5353E+00
1.1860E+03	0.0000E+00	0.0000E+00	1.5279E+00
1.1870E+03	0.0000E+00	0.0000E+00	1.5165E+00
1.1880E+03	0.0000E+00	0.0000E+00	1.5134E+00
1.1890E+03	0.0000E+00	0.0000E+00	1.4993E+00
1.1900E+03	0.0000E+00	0.0000E+00	1.4925E+00
1.1910E+03	0.0000E+00	0.0000E+00	1.4854E+00
1.1920E+03	0.0000E+00	0.0000E+00	1.4838E+00
1.1930E+03	0.0000E+00	0.0000E+00	1.4809E+00
1.1940E+03	0.0000E+00	0.0000E+00	1.4879E+00
1.1950E+03	0.0000E+00	0.0000E+00	1.4947E+00
1.1960E+03	0.0000E+00	0.0000E+00	1.5057E+00
1.1970E+03	0.0000E+00	0.0000E+00	1.5141E+00
1.1980E+03	0.0000E+00	0.0000E+00	1.5219E+00
1.1990E+03	0.0000E+00	0.0000E+00	1.5298E+00
1.2000E+03	0.0000E+00	0.0000E+00	1.5376E+00
1.2010E+03	0.0000E+00	0.0000E+00	1.5470E+00
1.2020E+03	0.0000E+00	0.0000E+00	1.5557E+00
1.2030E+03	0.0000E+00	0.0000E+00	1.5566E+00
1.2040E+03	0.0000E+00	0.0000E+00	1.5601E+00
1.2050E+03	0.0000E+00	0.0000E+00	1.5628E+00
1.2060E+03	0.0000E+00	0.0000E+00	1.5592E+00
1.2070E+03	0.0000E+00	0.0000E+00	1.5502E+00
1.2080E+03	0.0000E+00	0.0000E+00	1.5456E+00
1.2090E+03	0.0000E+00	0.0000E+00	1.5398E+00
1.2100E+03	0.0000E+00	0.0000E+00	1.5388E+00
1.2110E+03	0.0000E+00	0.0000E+00	1.5216E+00
1.2120E+03	0.0000E+00	0.0000E+00	1.5197E+00
1.2130E+03	0.0000E+00	0.0000E+00	1.5091E+00
1.2140E+03	0.0000E+00	0.0000E+00	1.4999E+00
1.2150E+03	0.0000E+00	0.0000E+00	1.4907E+00
1.2160E+03	0.0000E+00	0.0000E+00	1.4913E+00
1.2170E+03	0.0000E+00	0.0000E+00	1.4933E+00
1.2180E+03	0.0000E+00	0.0000E+00	1.4968E+00
1.2190E+03	0.0000E+00	0.0000E+00	1.5058E+00
1.2200E+03	0.0000E+00	0.0000E+00	1.5263E+00
1.2210E+03	0.0000E+00	0.0000E+00	1.5433E+00
1.2220E+03	0.0000E+00	0.0000E+00	1.5564E+00
1.2230E+03	0.0000E+00	0.0000E+00	1.5693E+00
1.2240E+03	0.0000E+00	0.0000E+00	1.5908E+00
1.2250E+03	0.0000E+00	0.0000E+00	1.6079E+00
1.2260E+03	0.0000E+00	0.0000E+00	1.6106E+00
1.2270E+03	0.0000E+00	0.0000E+00	1.6237E+00
1.2280E+03	0.0000E+00	0.0000E+00	1.6264E+00
1.2290E+03	0.0000E+00	0.0000E+00	1.6257E+00
1.2300E+03	0.0000E+00	0.0000E+00	1.6185E+00
1.2310E+03	0.0000E+00	0.0000E+00	1.6109E+00
1.2320E+03	0.0000E+00	0.0000E+00	1.6013E+00
1.2330E+03	0.0000E+00	0.0000E+00	1.5944E+00
1.2340E+03	0.0000E+00	0.0000E+00	1.5824E+00
1.2350E+03	0.0000E+00	0.0000E+00	1.5751E+00
1.2360E+03	0.0000E+00	0.0000E+00	1.5646E+00
1.2370E+03	0.0000E+00	0.0000E+00	1.5522E+00
1.2380E+03	0.0000E+00	0.0000E+00	1.5437E+00
1.2390E+03	0.0000E+00	0.0000E+00	1.5320E+00
1.2400E+03	0.0000E+00	0.0000E+00	1.5227E+00
1.2410E+03	0.0000E+00	0.0000E+00	1.5173E+00
1.2420E+03	0.0000E+00	0.0000E+00	1.5176E+00
1.2430E+03	0.0000E+00	0.0000E+00	1.5147E+00
1.2440E+03	0.0000E+00	0.0000E+00	1.5198E+00
1.2450E+03	0.0000E+00	0.0000E+00	1.5244E+00
1.2460E+03	0.0000E+00	0.0000E+00	1.5383E+00
1.2470E+03	0.0000E+00	0.0000E+00	1.5439E+00
1.2480E+03	0.0000E+00	0.0000E+00	1.5481E+00
1.2490E+03	0.0000E+00	0.0000E+00	1.5561E+00
1.2500E+03	0.0000E+00	0.0000E+00	1.5554E+00
1.2510E+03	0.0000E+00	0.0000E+00	1.5600E+00
1.2520E+03	0.0000E+00	0.0000E+00	1.5571E+00
1.2530E+03	0.0000E+00	0.0000E+00	1.5503E+00
1.2540E+03	0.0000E+00	0.0000E+00	1.5461E+00
1.2550E+03	0.0000E+00	0.0000E+00	1.5399E+00
1.2560E+03	0.0000E+00	0.0000E+00	1.5351E+00
1.2570E+03	0.0000E+00	0.0000E+00	1.5300E+00
1.2580E+03	0.0000E+00	0.0000E+00	1.5209E+00
1.2590E+03	0.0000E+00	0.0000E+00	1.5075E+00
1.2600E+03	0.0000E+00	0.0000E+00	1.5035E+00
1.2610E+03	0.0000E+00	0.0000E+00	1.4986E+00
1.2620E+03	0.0000E+00	0.0000E+00	1.4844E+00
1.2630E+03	0.0000E+00	0.0000E+00	1.4799E+00
1.2640E+03	0.0000E+00	0.0000E+00	1.4742E+00
1.2650E+03	0.0000E+00	0.0000E+00	1.4657E+00
1.2660E+03	0.0000E+00	0.0000E+00	1.4728E+00
1.2670E+03	0.0000E+00	0.0000E+00	1.4759E+00
1.2680E+03	0.0000E+00	0.0000E+00	1.4825E+00
1.2690E+03	0.0000E+00	0.0000E+00	1.4927E+00
1.2700E+03	0.0000E+00	0.0000E+00	1.5007E+00
1.2710E+03	0.0000E+00	0.0000E+00	1.5094E+00
1.2720E+03	0.0000E+00	0.0000E+00	1.5139E+00
1.2730E+03	0.0000E+00	0.0000E+00	1.5246E+00
1.2740E+03	0.0000E+00	0.0000E+00	1.5264E+00
1.2750E+03	0.0000E+00	0.0000E+00	1.5310E+00
1.2760E+03	0.0000E+00	0.0000E+00	1.5333E+00
1.2770E+03	0.0000E+00	0.0000E+00	1.5302E+00
1.2780E+03	0.0000E+00	0.0000E+00	1.5232E+00
1.2790E+03	0.0000E+00	0.0000E+00	1.5166E+00
1.2800E+03	0.0000E+00	0.0000E+00	1.5139E+00
1.2810E+03	0.0000E+00	0.0000E+00	1.5062E+00
1.2820E+03	0.0000E+00	0.0000E+00	1.5016E+00
1.2830E+03	0.0000E+00	0.0000E+00	1.4975E+00
1.2840E+03	0.0000E+00	0.0000E+00	1.4883E+00
1.2850E+03	0.0000E+00	0.0000E+00	1.4697E+00
1.2860E+03	0.0000E+00	0.0000E+00	1.4670E+00
1.2870E+03	0.0000E+00	0.0000E+00	1.4548E+00
1.2880E+03	0.0000E+00	0.0000E+00	1.4491E+00
1.2890E+03	0.0000E+00	0.0000E+00	1.4406E+00
1.2900E+03	0.0000E+00	0.0000E+00	1.4439E+00
1.2910E+03	0.0000E+00	0.0000E+00	1.4517E+00
1.2920E+03	0.0000E+00	0.0000E+00	1.4554E+00
1.2930E+03	0.0000E+00	0.0000E+00	1.4654E+00
1.2940E+03	0.0000E+00	0.0000E+00	1.4765E+00
1.2950E+03	0.0000E+00	0.0000E+00	1.4872E+00
1.2960E+03	0.0000E+00	0.0000E+00	1.4944E+00
1.2970E+03	0.0000E+00	0.0000E+00	1.4978E+00
1.2980E+03	0.0000E+00	0.0000E+00	1.4985E+00
1.2990E+03	0.0000E+00	0.0000E+00	1.5063E+00
1.3000E+03	0.0000E+00	0.0000E+00	1.5059E+00
1.3010E+03	0.0000E+00	0.0000E+00	1.4984E+00
1.3020E+03	0.0000E+00	0.0000E+00	1.5011E+00
1.3030E+03	0.0000E+00	0.0000E+00	1.4937E+00
1.3040E+03	0.0000E+00	0.0000E+00	1.4935E+00
1.3050E+03	0.0000E+00	0.0000E+00	1.4878E+00
1.3060E+03	0.0000E+00	0.0000E+00	1.4803E+00
1.3070E+03	0.0000E+00	0.0000E+00	1.4734E+00
1.3080E+03	0.0000E+00	0.0000E+00	1.4665E+00
1.3090E+03	0.0000E+00	0.0000E+00	1.4547E+00
1.3100E+03	0.0000E+00	0.0000E+00	1.4474E+00
1.3110E+03	0.0000E+00	0.0000E+00	1.4393E+00
1.3120E+03	0.0000E+00	0.0000E+00	1.4351E+00
1.3130E+03	0.0000E+00	0.0000E+00	1.4331E+00
1.3140E+03	0.0000E+00	0.0000E+00	1.4389E+00
1.3150E+03	0.0000E+00	0.0000E+00	1.4469E+00
1.3160E+03	0.0000E+00	0.0000E+00	1.4637E+00
1.3170E+03	0.0000E+00	0.0000E+00	1.4759E+00
1.3180E+03	0.0000E+00	0.0000E+00	1.4886E+00
1.3190E+03	0.0000E+00	0.0000E+00	1.5066E+00
1.3200E+03	0.0000E+00	0.0000E+00	1.5181E+00
1.3210E+03	0.0000E+00	0.0000E+00	1.5301E+00
1.3220E+03	0.0000E+00	0.0000E+00	1.5419E+00
1.3230E+03	0.0000E+00	0.0000E+00	1.5537E+00
1.3240E+03	0.0000E+00	0.0000E+00	1.5610E+00
1.3250E+03	0.0000E+00	0.0000E+00	1.5634E+00
1.3260E+03	0.0000E+00	0.0000E+00	1.5704E+00
1.3270E+03	0.0000E+00	0.0000E+00	1.5636E+00
1.3280E+03	0.0000E+00	0.0000E+00	1.5624E+00
1.3290E+03	0.0000E+00	0.0000E+00	1.5615E+00
1.3300E+03	0.0000E+00	0.0000E+00	1.5485E+00
1.3310E+03	0.0000E+00	0.0000E+00	1.5432E+00
1.3320E+03	0.0000E+00	0.0000E+00	1.5338E+00
1.3330E+03	0.0000E+00	0.0000E+00	1.5286E+00
1.3340E+03	0.0000E+00	0.0000E+00	1.5135E+00
1.3350E+03	0.0000E+00	0.0000E+00	1.5071E+00
1.3360E+03	0.0000E+00	0.0000E+00	1.5022E+00
1.3370E+03	0.0000E+00	0.0000E+00	1.4978E+00
1.3380E+03	0.0000E+00	0.0000E+00	1.4960E+00
1.3390E+03	0.0000E+00	0.0000E+00	1.4994E+00
1.3400E+03	0.0000E+00	0.0000E+00	1.5062E+00
1.3410E+03	0.0000E+00	0.0000E+00	1.5191E+00
1.3420E+03	0.0000E+00	0.0000E+00	1.5318E+00
1.3430E+03	0.0000E+00	0.0000E+00	1.5537E+00
1.3440E+03	0.0000E+00	0.0000E+00	1.5713E+00
1.3450E+03	0.0000E+00	0.0000E+00	1.5832E+00
1.3460E+03	0.0000E+00	0.0000E+00	1.6050E+00
1.3470E+03	0.0000E+00	0.0000E+00	1.6156E+00
1.3480E+03	0.0000E+00	0.0000E+00	1.6324E+00
1.3490E+03	0.0000E+00	0.0000E+00	1.6379E+00
1.3500E+03	0.0000E+00	0.0000E+00	1.6405E+00
1.3510E+03	0.0000E+00	0.0000E+00	1.6414E+00
1.3520E+03	0.0000E+00	0.0000E+00	1.6433E+00
1.3530E+03	0.0000E+00	0.0000E+00	1.6455E+00
1.3540E+03	0.0000E+00	0.0000E+00	1.6331E+00
1.3550E+03	0.0000E+00	0.0000E+00	1.6284E+00
1.3560E+03	0.0000E+00	0.0000E+00	1.6214E+00
1.3570E+03	0.0000E+00	0.0000E+00	1.6070E+00
1.3580E+03	0.0000E+00	0.0000E+00	1.5993E+00
1.3590E+03	0.0000E+00	0.0000E+00	1.5913E+00
1.3600E+03	0.0000E+00	0.0000E+00	1.5738E+00
1.3610E+03	0.0000E+00	0.0000E+00	1.5673E+00
1.3620E+03	0.0000E+00	0.0000E+00	1.5657E+00
1.3630E+03	0.0000E+00	0.0000E+00	1.5591E+00
1.3640E+03	0.0000E+00	0.0000E+00	1.5614E+00
1.3650E+03	0.0000E+00	0.0000E+00	1.5726E+00
1.3660E+03	0.0000E+00	0.0000E+00	1.5819E+00
1.3670E+03	0.0000E+00	0.0000E+00	1.6037E+00
1.3680E+03	0.0000E+00	0.0000E+00	1.6191E+00
1.3690E+03	0.0000E+00	0.0000E+00	1.6371E+00
1.3700E+03	0.0000E+00	0.0000E+00	1.6520E+00
1.3710E+03	0.0000E+00	0.0000E+00	1.6621E+00
1.3720E+03	0.0000E+00	0.0000E+00	1.6639E+00
1.3730E+03	0.0000E+00	0.0000E+00	1.6633E+00
1.3740E+03	0.0000E+00	0.0000E+00	1.6570E+00
1.3750E+03	0.0000E+00	0.0000E+00	1.6479E+00
1.3760E+03	0.0000E+00	0.0000E+00	1.6386E+00
1.3770E+03	0.0000E+00	0.0000E+00	1.6307E+00
1.3780E+03	0.0000E+00	0.0000E+00	1.6181E+00
1.3790E+03	0.0000E+00	0.0000E+00	1.6154E+00
1.3800E+03	0.0000E+00	0.0000E+00	1.6028E+00
1.3810E+03	0.0000E+00	0.0000E+00	1.5880E+00
1.3820E+03	0.0000E+00	0.0000E+00	1.5804E+00
1.3830E+03	0.0000E+00	0.0000E+00	1.5679E+00
1.3840E+03	0.0000E+00	0.0000E+00	1.5553E+00
1.3850E+03	0.0000E+00	0.0000E+00	1.5462E+00
1.3860E+03	0.0000E+00	0.0000E+00	1.5387E+00
1.3870E+03	0.0000E+00	0.0000E+00	1.5325E+00
1.3880E+03	0.0000E+00	0.0000E+00	1.5335E+00
1.3890E+03	0.0000E+00	0.0000E+00	1.5317E+00
1.3900E+03	0.0000E+00	0.0000E+00	1.5430E+00
1.3910E+03	0.0000E+00	0.0000E+00	1.5525E+00
1.3920E+03	0.0000E+00	0.0000E+00	1.5603E+00
1.3930E+03	0.0000E+00	0.0000E+00	1.5748E+00
1.3940E+03	0.0000E+00	0.0000E+00	1.5802E+00
1.3950E+03	0.0000E+00	0.0000E+00	1.5831E+00
1.3960E+03	0.0000E+00	0.0000E+00	1.5899E+00
1.3970E+03	0.0000E+00	0.0000E+00	1.5812E+00
1.3980E+03	0.0000E+00	0.0000E+00	1.5791E+00
1.3990E+03	0.0000E+00	0.0000E+00	1.5760E+00
1.4000E+03	0.0000E+00	0.0000E+00	1.5693E+00
1.4010E+03	0.0000E+00	0.0000E+00	1.5641E+00
1.4020E+03	0.0000E+00	0.0000E+00	1.5563E+00
1.4030E+03	0.0000E+00	0.0000E+00	1.5512E+00
1.4040E+03	0.0000E+00	0.0000E+00	1.5420E+00
1.4050E+03	0.0000E+00	0.0000E+00	1.5356E+00
1.4060E+03	0.0000E+00	0.0000E+00	1.5213E+00
1.4070E+03	0.0000E+00	0.0000E+00	1.5085E+00
1.4080E+03	0.0000E+00	0.0000E+00	1.5019E+00
1.4090E+03	0.0000E+00	0.0000E+00	1.4950E+00
1.4100E+03	0.0000E+00	0.0000E+00	1.4941E+00
1.4110E+03	0.0000E+00	0.0000E+00	1.4915E+00
1.4120E+03	0.0000E+00	0.0000E+00	1.4971E+00
1.4130E+03	0.0000E+00	0.0000E+00	1.5034E+00
1.4140E+03	0.0000E+00	0.0000E+00	1.5131E+00
1.4150E+03	0.0000E+00	0.0000E+00	1.5276E+00
1.4160E+03	0.0000E+00	0.0000E+00	1.5340E+00
1.4170E+03	0.0000E+00	0.0000E+00	1.5477E+00
1.4180E+03	0.0000E+00	0.0000E+00	1.5547E+00
1.4190E+03	0.0000E+00	0.0000E+00	1.5663E+00
1.4200E+03	0.0000E+00	0.0000E+00	1.5696E+00
1.4210E+03	0.0000E+00	0.0000E+00	1.5700E+00
1.4220E+03	0.0000E+00	0.0000E+00	1.5670E+00
1.4230E+03	0.0000E+00	0.0000E+00	1.5640E+00
1.4240E+03	0.0000E+00	0.0000E+00	1.5606E+00
1.4250E+03	0.0000E+00	0.0000E+00	1.5563E+00
1.4260E+03	0.0000E+00	0.0000E+00	1.5496E+00
1.4270E+03	0.0000E+00	0.0000E+00	1.5392E+00
1.4280E+03	0.0000E+00	0.0000E+00	1.5313E+00
1.4290E+03	0.0000E+00	0.0000E+00	1.5249E+00
1.4300E+03	0.0000E+00	0.0000E+00	1.5147E+00
1.4310E+03	0.0000E+00	0.0000E+00	1.5101E+00
1.4320E+03	0.0000E+00	0.0000E+00	1.5029E+00
1.4330E+03	0.0000E+00	0.0000E+00	1.4943E+00
1.4340E+03	0.0000E+00	0.0000E+00	1.4924E+00
1.4350E+03	0.0000E+00	0.0000E+00	1.4871E+00
1.4360E+03	0.0000E+00	0.0000E+00	1.4890E+00
1.4370E+03	0.0000E+00	0.0000E+00	1.4930E+00
1.4380E+03	0.0000E+00	0.0000E+00	1.5032E+00
1.4390E+03	0.0000E+00	0.0000E+00	1.5101E+00
1.4400E+03	0.0000E+00	0.0000E+00	1.5230E+00
1.4410E+03	0.0000E+00	0.0000E+00	1.5170E+00
1.4420E+03	0.0000E+00	0.0000E+00	1.5206E+00
1.4430E+03	0.0000E+00	0.0000E+00	1.5193E+00
1.4440E+03	0.0000E+00	0.0000E+00	1.5168E+00
1.4450E+03	0.0000E+00	0.0000E+00	1.5193E+00
1.4460E+03	0.0000E+00	0.0000E+00	1.5103E+00
1.4470E+03	0.0000E+00	0.0000E+00	1.5071E+00
1.4480E+03	0.0000E+00	0.0000E+00	1.4988E+00
1.4490E+03	0.0000E+00	0.0000E+00	1.4945E+00
1.4500E+03	0.0000E+00	0.0000E+00	1.4899E+00
1.4510E+03	0.0000E+00	0.0000E+00	1.4854E+00
1.4520E+03	0.0000E+00	0.0000E+00	1.4751E+00
1.4530E+03	0.0000E+00	0.0000E+00	1.4688E+00
1.4540E+03	0.0000E+00	0.0000E+00	1.4681E+00
1.4550E+03	0.0000E+00	0.0000E+00	1.4606E+00
1.4560E+03	0.0000E+00	0.0000E+00	1.4609E+00
1.4570E+03	0.0000E+00	0.0000E+00	1.4551E+00
1.4580E+03	0.0000E+00	0.0000E+00	1.4549E+00
1.4590E+03	0.0000E+00	0.0000E+00	1.4539E+00
1.4600E+03	0.0000E+00	0.0000E+00	1.4634E+00
1.4610E+03	0.0000E+00	0.0000E+00	1.4624E+00
1.4620E+03	0.0000E+00	0.0000E+00	1.4649E+00
1.4630E+03	0.0000E+00	0.0000E+00	1.4700E+00
1.4640E+03	0.0000E+00	0.0000E+00	1.4723E+00
1.4650E+03	0.0000E+00	0.0000E+00	1.4748E+00
1.4660E+03	0.0000E+00	0.0000E+00	1.4752E+00
1.4670E+03	0.0000E+00	0.0000E+00	1.4768E+00
1.4680E+03	0.0000E+00	0.0000E+00	1.4791E+00
1.4690E+03	0.0000E+00	0.0000E+00	1.4863E+00
1.4700E+03	0.0000E+00	0.0000E+00	1.4791E+00
1.4710E+03	0.0000E+00	0.0000E+00	1.4762E+00
1.4720E+03	0.0000E+00	0.0000E+00	1.4731E+00
1.4730E+03	0.0000E+00	0.0000E+00	1.4709E+00
1.4740E+03	0.0000E+00	0.0000E+00	1.4673E+00
1.4750E+03	0.0000E+00	0.0000E+00	1.4570E+00
1.4760E+03	0.0000E+00	0.0000E+00	1.4510E+00
1.4770E+03	0.0000E+00	0.0000E+00	1.4453E+00
1.4780E+03	0.0000E+00	0.0000E+00	1.4295E+00
1.4790E+03	0.0000E+00	0.0000E+00	1.4252E+00
1.4800E+03	0.0000E+00	0.0000E+00	1.4271E+00
1.4810E+03	0.0000E+00	0.0000E+00	1.4203E+00
1.4820E+03	0.0000E+00	0.0000E+00	1.4136E+00
1.4830E+03	0.0000E+00	0.0000E+00	1.4211E+00
1.4840E+03	0.0000E+00	0.0000E+00	1.4379E+00
1.4850E+03	0.0000E+00	0.0000E+00	1.4434E+00
1.4860E+03	0.0000E+00	0.0000E+00	1.4608E+00
1.4870E+03	0.0000E+00	0.0000E+00	1.4669E+00
1.4880E+03	0.0000E+00	0.0000E+00	1.4868E+00
1.4890E+03	0.0000E+00	0.0000E+00	1.4958E+00
1.4900E+03	0.0000E+00	0.0000E+00	1.5034E+00
1.4910E+03	0.0000E+00	0.0000E+00	1.5088E+00
1.4920E+03	0.0000E+00	0.0000E+00	1.5174E+00
1.4930E+03	0.0000E+00	0.0000E+00	1.5126E+00
1.4940E+03	0.0000E+00	0.0000E+00	1.5152E+00
1.4950E+03	0.0000E+00	0.0000E+00	1.5151E+00
1.4960E+03	0.0000E+00	0.0000E+00	1.5049E+00
1.4970E+03	0.0000E+00	0.0000E+00	1.5026E+00
1.4980E+03	0.0000E+00	0.0000E+00	1.4997E+00
1.4990E+03	0.0000E+00	0.0000E+00	1.4866E+00
1.5000E+03	0.0000E+00	0.0000E+00	1.4833E+00
1.5010E+03	0.0000E+00	0.0000E+00	1.4660E+00
1.5020E+03	0.0000E+00	0.0000E+00	1.4605E+00
1.5030E+03	0.0000E+00	0.0000E+00	1.4508E+00
1.5040E+03	0.0000E+00	0.0000E+00	1.4493E+00
1.5050E+03	0.0000E+00	0.0000E+00	1.4428E+00
1.5060E+03	0.0000E+00	0.0000E+00	1.4415E+00
1.5070E+03	0.0000E+00	0.0000E+00	1.4509E+00
1.5080E+03	0.0000E+00	0.0000E+00	1.4571E+00
1.5090E+03	0.0000E+00	0.0000E+00	1.4680E+00
1.5100E+03	0.0000E+00	0.0000E+00	1.4791E+00
1.5110E+03	0.0000E+00	0.0000E+00	1.4878E+00
1.5120E+03	0.0000E+00	0.0000E+00	1.5043E+00
1.5130E+03	0.0000E+00	0.0000E+00	1.5153E+00
1.5140E+03	0.0000E+00	0.0000E+00	1.5268E+00
1.5150E+03	0.0000E+00	0.0000E+00	1.5273E+00
1.5160E+03	0.0000E+00	0.0000E+00	1.5377E+00
1.5170E+03	0.0000E+00	0.0000E+00	1.5330E+00
1.5180E+03	0.0000E+00	0.0000E+00	1.5231E+00
1.5190E+03	0.0000E+00	0.0000E+00	1.5280E+00
1.5200E+03	0.0000E+00	0.0000E+00	1.5244E+00
1.5210E+03	0.0000E+00	0.0000E+00	1.5112E+00
1.5220E+03	0.0000E+00	0.0000E+00	1.5036E+00
1.5230E+03	0.0000E+00	0.0000E+00	1.4989E+00
1.5240E+03	0.0000E+00	0.0000E+00	1.4861E+00
1.5250E+03	0.0000E+00	0.0000E+00	1.4730E+00
1.5260E+03	0.0000E+00	0.0000E+00	1.4673E+00
1.5270E+03	0.0000E+00	0.0000E+00	1.4592E+00
1.5280E+03	0.0000E+00	0.0000E+00	1.4494E+00
1.5290E+03	0.0000E+00	0.0000E+00	1.4433E+00
1.5300E+03	0.0000E+00	0.0000E+00	1.4324E+00
1.5310E+03	0.0000E+00	0.0000E+00	1.4361E+00
1.5320E+03	0.0000E+00	0.0000E+00	1.4329E+00
1.5330E+03	0.0000E+00	0.0000E+00	1.4406E+00
1.5340E+03	0.0000E+00	0.0000E+00	1.4506E+00
1.5350E+03	0.0000E+00	0.0000E+00	1.4561E+00
1.5360E+03	0.0000E+00	0.0000E+00	1.4688E+00
1.5370E+03	0.0000E+00	0.0000E+00	1.4774E+00
1.5380E+03	0.0000E+00	0.0000E+00	1.4831E+00
1.5390E+03	0.0000E+00	0.0000E+00	1.4865E+00
1.5400E+03	0.0000E+00	0.0000E+00	1.4938E+00
1.5410E+03	0.0000E+00	0.0000E+00	1.4962E+00
1.5420E+03	0.0000E+00	0.0000E+00	1.4926E+00
1.5430E+03	0.0000E+00	0.0000E+00	1.4882E+00
1.5440E+03	0.0000E+00	0.0000E+00	1.4800E+00
1.5450E+03	0.0000E+00	0.0000E+00	1.4806E+00
1.5460E+03	0.0000E+00	0.0000E+00	1.4762E+00
1.5470E+03	0.0000E+00	0.0000E+00	1.4689E+00
1.5480E+03	0.0000E+00	0.0000E+00	1.4578E+00
1.5490E+03	0.0000E+00	0.0000E+00	1.4498E+00
1.5500E+03	0.0000E+00	0.0000E+00	1.4413E+00
1.5510E+03	0.0000E+00	0.0000E+00	1.4357E+00
1.5520E+03	0.0000E+00	0.0000E+00	1.4368E+00
1.5530E+03	0.0000E+00	0.0000E+00	1.4349E+00
1.5540E+03	0.0000E+00	0.0000E+00	1.4246E+00
1.5550E+03	0.0000E+00	0.0000E+00	1.4310E+00
1.5560E+03	0.0000E+00	0.0000E+00	1.4325E+00
1.5570E+03	0.0000E+00	0.0000E+00	1.4308E+00
1.5580E+03	0.0000E+00	0.0000E+00	1.4307E+00
1.5590E+03	0.0000E+00	0.0000E+00	1.4225E+00
1.5600E+03	0.0000E+00	0.0000E+00	1.4131E+00
1.5610E+03	0.0000E+00	0.0000E+00	1.4043E+00
1.5620E+03	0.0000E+00	0.0000E+00	1.3964E+00
1.5630E+03	0.0000E+00	0.0000E+00	1.3829E+00
1.5640E+03	0.0000E+00	0.0000E+00	1.3752E+00
1.5650E+03	0.0000E+00	0.0000E+00	1.3608E+00
1.5660E+03	0.0000E+00	0.0000E+00	1.3561E+00
1.5670E+03	0.0000E+00	0.0000E+00	1.3516E+00
1.5680E+03	0.0000E+00	0.0000E+00	1.3380E+00
1.5690E+03	0.0000E+00	0.0000E+00	1.3359E+00
1.5700E+03	0.0000E+00	0.0000E+00	1.3313E+00
1.5710E+03	0.0000E+00	0.0000E+00	1.3305E+00
1.5720E+03	0.0000E+00	0.0000E+00	1.3255E+00
1.5730E+03	0.0000E+00	0.0000E+00	1.3122E+00
1.5740E+03	0.0000E+00	0.0000E+00	1.3122E+00
1.5750E+03	0.0000E+00	0.0000E+00	1.3049E+00
1.5760E+03	0.0000E+00	0.0000E+00	1.3109E+00
1.5770E+03	0.0000E+00	0.0000E+00	1.3002E+00
1.5780E+03	0.0000E+00	0.0000E+00	1.2980E+00
1.5790E+03	0.0000E+00	0.0000E+00	1.2896E+00
1.5800E+03	0.0000E+00	0.0000E+00	1.2844E+00
1.5810E+03	0.0000E+00	0.0000E+00	1.2846E+00
1.5820E+03	0.0000E+00	0.0000E+00	1.2761E+00
1.5830E+03	0.0000E+00	0.0000E+00	1.2740E+00
1.5840E+03	0.0000E+00	0.0000E+00	1.2694E+00
1.5850E+03	0.0000E+00	0.0000E+00	1.2700E+00
1.5860E+03	0.0000E+00	0.0000E+00	1.2675E+00
1.5870E+03	0.0000E+00	0.0000E+00	1.2618E+00
1.5880E+03	0.0000E+00	0.0000E+00	1.2608E+00
1.5890E+03	0.0000E+00	0.0000E+00	1.2511E+00
1.5900E+03	0.0000E+00	0.0000E+00	1.2513E+00
1.5910E+03	0.0000E+00	0.0000E+00	1.2401E+00
1.5920E+03	0.0000E+00	0.0000E+00	1.2431E+00
1.5930E+03	0.0000E+00	0.0000E+00	1.2382E+00
1.5940E+03	0.0000E+00	0.0000E+00	1.2362E+00
1.5950E+03	0.0000E+00	0.0000E+00	1.2343E+00
1.5960E+03	0.0000E+00	0.0000E+00	1.2358E+00
1.5970E+03	0.0000E+00	0.0000E+00	1.2294E+00
1.5980E+03	0.0000E+00	0.0000E+00	1.2262E+00
1.5990E+03	0.0000E+00	0.0000E+00	1.2186E+00
1.6000E+03	0.0000E+00	0.0000E+00	1.2189E+00
1.6010E+03	0.0000E+00	0.0000E+00	1.2081E+00
1.6020E+03	0.0000E+00	0.0000E+00	1.2103E+00
1.6030E+03	0.0000E+00	0.0000E+00	1.2139E+00
1.6040E+03	0.0000E+00	0.0000E+00	1.2189E+00
1.6050E+03	0.0000E+00	0.0000E+00	1.2171E+00
1.6060E+03	0.0000E+00	0.0000E+00	1.2299E+00
1.6070E+03	0.0000E+00	0.0000E+00	1.2369E+00
1.6080E+03	0.0000E+00	0.0000E+00	1.2400E+00
1.6090E+03	0.0000E+00	0.0000E+00	1.2385E+00
1.6100E+03	0.0000E+00	0.0000E+00	1.2393E+00
1.6110E+03	0.0000E+00	0.0000E+00	1.2387E+00
1.6120E+03	0.0000E+00	0.0000E+00	1.2368E+00
1.6130E+03	0.0000E+00	0.0000E+00	1.2406E+00
1.6140E+03	0.0000E+00	0.0000E+00	1.2328E+00
1.6150E+03	0.0000E+00	0.0000E+00	1.2299E+00
1.6160E+03	0.0000E+00	0.0000E+00	1.2288E+00
1.6170E+03	0.0000E+00	0.0000E+00	1.2286E+00
1.6180E+03	0.0000E+00	0.0000E+00	1.2261E+00
1.6190E+03	0.0000E+00	0.0000E+00	1.2231E+00
1.6200E+03	0.0000E+00	0.0000E+00	1.2212E+00
1.6210E+03	0.0000E+00	0.0000E+00	1.2198E+00
1.6220E+03	0.0000E+00	0.0000E+00	1.2143E+00
1.6230E+03	0.0000E+00	0.0000E+00	1.2099E+00
1.6240E+03	0.0000E+00	0.0000E+00	1.2108E+00
1.6250E+03	0.0000E+00	0.0000E+00	1.2064E+00
1.6260E+03	0.0000E+00	0.0000E+00	1.2088E+00
1.6270E+03	0.0000E+00	0.0000E+00	1.2099E+00
1.6280E+03	0.0000E+00	0.0000E+00	1.2113E+00
1.6290E+03	0.0000E+00	0.0000E+00	1.2201E+00
1.6300E+03	0.0000E+00	0.0000E+00	1.2361E+00
1.6310E+03	0.0000E+00	0.0000E+00	1.2488E+00
1.6320E+03	0.0000E+00	0.0000E+00	1.2634E+00
1.6330E+03	0.0000E+00	0.0000E+00	1.2698E+00
1.6340E+03	0.0000E+00	0.0000E+00	1.2751E+00
1.6350E+03	0.0000E+00	0.0000E+00	1.2776E+00
1.6360E+03	0.0000E+00	0.0000E+00	1.2772E+00
1.6370E+03	0.0000E+00	0.0000E+00	1.2766E+00
1.6380E+03	0.0000E+00	0.0000E+00	1.2713E+00
1.6390E+03	0.0000E+00	0.0000E+00	1.2723E+00
1.6400E+03	0.0000E+00	0.0000E+00	1.2674E+00
1.6410E+03	0.0000E+00	0.0000E+00	1.2631E+00
1.6420E+03	0.0000E+00	0.0000E+00	1.2585E+00
1.6430E+03	0.0000E+00	0.0000E+00	1.2580E+00
1.6440E+03	0.0000E+00	0.0000E+00	1.2559E+00
1.6450E+03	0.0000E+00	0.0000E+00	1.2437E+00
1.6460E+03	0.0000E+00	0.0000E+00	1.2463E+00
1.6470E+03	0.0000E+00	0.0000E+00	1.2421E+00
1.6480E+03	0.0000E+00	0.0000E+00	1.2378E+00
1.6490E+03	0.0000E+00	0.0000E+00	1.2336E+00
1.6500E+03	0.0000E+00	0.0000E+00	1.2365E+00
1.6510E+03	0.0000E+00	0.0000E+00	1.2468E+00
1.6520E+03	0.0000E+00	0.0000E+00	1.2603E+00
1.6530E+03	0.0000E+00	0.0000E+00	1.2842E+00
1.6540E+03	0.0000E+00	0.0000E+00	1.3064E+00
1.6550E+03	0.0000E+00	0.0000E+00	1.3243E+00
1.6560E+03	0.0000E+00	0.0000E+00	1.3408E+00
1.6570E+03	0.0000E+00	0.0000E+00	1.3551E+00
1.6580E+03	0.0000E+00	0.0000E+00	1.3625E+00
1.6590E+03	0.0000E+00	0.0000E+00	1.3613E+00
1.6600E+03	0.0000E+00	0.0000E+00	1.3576E+00
1.6610E+03	0.0000E+00	0.0000E+00	1.3560E+00
1.6620E+03	0.0000E+00	0.0000E+00	1.3475E+00
1.6630E+03	0.0000E+00	0.0000E+00	1.3442E+00
1.6640E+03	0.0000E+00	0.0000E+00	1.3434E+00
1.6650E+03	0.0000E+00	0.0000E+00	1.3370E+00
1.6660E+03	0.0000E+00	0.0000E+00	1.3251E+00
1.6670E+03	0.0000E+00	0.0000E+00	1.3232E+00
1.6680E+03	0.0000E+00	0.0000E+00	1.3172E+00
1.6690E+03	0.0000E+00	0.0000E+00	1.3107E+00
1.6700E+03	0.0000E+00	0.0000E+00	1.3104E+00
1.6710E+03	0.0000E+00	0.0000E+00	1.2995E+00
1.6720E+03	0.0000E+00	0.0000E+00	1.2983E+00
1.6730E+03	0.0000E+00	0.0000E+00	1.2882E+00
1.6740E+03	0.0000E+00	0.0000E+00	1.2924E+00
1.6750E+03	0.0000E+00	0.0000E+00	1.3094E+00
1.6760E+03	0.0000E+00	0.0000E+00	1.3224E+00
1.6770E+03	0.0000E+00	0.0000E+00	1.3477E+00
1.6780E+03	0.0000E+00	0.0000E+00	1.3701E+00
1.6790E+03	0.0000E+00	0.0000E+00	1.3934E+00
1.6800E+03	0.0000E+00	0.0000E+00	1.4061E+00
1.6810E+03	0.0000E+00	0.0000E+00	1.4165E+00
1.6820E+03	0.0000E+00	0.0000E+00	1.4335E+00
1.6830E+03	0.0000E+00	0.0000E+00	1.4367E+00
1.6840E+03	0.0000E+00	0.0000E+00	1.4396E+00
1.6850E+03	0.0000E+00	0.0000E+00	1.4414E+00
1.6860E+03	0.0000E+00	0.0000E+00	1.4358E+00
1.6870E+03	0.0000E+00	0.0000E+00	1.4251E+00
1.6880E+03	0.0000E+00	0.0000E+00	1.4160E+00
1.6890E+03	0.0000E+00	0.0000E+00	1.4111E+00
1.6900E+03	0.0000E+00	0.0000E+00	1.4022E+00
1.6910E+03	0.0000E+00	0.0000E+00	1.3973E+00
1.6920E+03	0.0000E+00	0.0000E+00	1.3875E+00
1.6930E+03	0.0000E+00	0.0000E+00	1.3832E+00
1.6940E+03	0.0000E+00	0.0000E+00	1.3688E+00
1.6950E+03	0.0000E+00	0.0000E+00	1.3620E+00
1.6960E+03	0.0000E+00	0.0000E+00	1.3539E+00
1.6970E+03	0.0000E+00	0.0000E+00	1.3497E+00
1.6980E+03	0.0000E+00	0.0000E+00	1.3507E+00
1.6990E+03	0.0000E+00	0.0000E+00	1.3627E+00
1.7000E+03	0.0000E+00	0.0000E+00	1.3812E+00
1.7010E+03	0.0000E+00	0.0000E+00	1.4038E+00
1.7020E+03	0.0000E+00	0.0000E+00	1.4277E+00
1.7030E+03	0.0000E+00	0.0000E+00	1.4470E+00
1.7040E+03	0.0000E+00	0.0000E+00	1.4632E+00
1.7050E+03	0.0000E+00	0.0000E+00	1.4781E+00
1.7060E+03	0.0000E+00	0.0000E+00	1.4896E+00
1.7070E+03	0.0000E+00	0.0000E+00	1.4988E+00
1.7080E+03	0.0000E+00	0.0000E+00	1.5047E+00
1.7090E+03	0.0000E+00	0.0000E+00	1.5073E+00
1.7100E+03	0.0000E+00	0.0000E+00	1.5043E+00
1.7110E+03	0.0000E+00	0.0000E+00	1.5036E+00
1.7120E+03	0.0000E+00	0.0000E+00	1.4959E+00
1.7130E+03	0.0000E+00	0.0000E+00	1.4900E+00
1.7140E+03	0.0000E+00	0.0000E+00	1.4783E+00
1.7150E+03	0.0000E+00	0.0000E+00	1.4689E+00
1.7160E+03	0.0000E+00	0.0000E+00	1.4608E+00
1.7170E+03	0.0000E+00	0.0000E+00	1.4447E+00
1.7180E+03	0.0000E+00	0.0000E+00	1.4342E+00
1.7190E+03	0.0000E+00	0.0000E+00	1.4243E+00
1.7200E+03	0.0000E+00	0.0000E+00	1.4187E+00
1.7210E+03	0.0000E+00	0.0000E+00	1.4084E+00
1.7220E+03	0.0000E+00	0.0000E+00	1.3970E+00
1.7230E+03	0.0000E+00	0.0000E+00	1.4103E+00
1.7240E+03	0.0000E+00	0.0000E+00	1.4306E+00
1.7250E+03	0.0000E+00	0.0000E+00	1.4483E+00
1.7260E+03	0.0000E+00	0.0000E+00	1.4703E+00
1.7270E+03	0.0000E+00	0.0000E+00	1.4876E+00
1.7280E+03	0.0000E+00	0.0000E+00	1.5000E+00
1.7290E+03	0.0000E+00	0.0000E+00	1.5101E+00
1.7300E+03	0.0000E+00	0.0000E+00	1.5218E+00
1.7310E+03	0.0000E+00	0.0000E+00	1.5278E+00
1.7320E+03	0.0000E+00	0.0000E+00	1.5231E+00
1.7330E+03	0.0000E+00	0.0000E+00	1.5234E+00
1.7340E+03	0.0000E+00	0.0000E+00	1.5180E+00
1.7350E+03	0.0000E+00	0.0000E+00	1.5094E+00
1.7360E+03	0.0000E+00	0.0000E+00	1.4992E+00
1.7370E+03	0.0000E+00	0.0000E+00	1.4871E+00
1.7380E+03	0.0000E+00	0.0000E+00	1.4789E+00
1.7390E+03	0.0000E+00	0.0000E+00	1.4680E+00
1.7400E+03	0.0000E+00	0.0000E+00	1.4558E+00
1.7410E+03	0.0000E+00	0.0000E+00	1.4472E+00
1.7420E+03	0.0000E+00	0.0000E+00	1.4389E+00
1.7430E+03	0.0000E+00	0.0000E+00	1.4257E+00
1.7440E+03	0.0000E+00	0.0000E+00	1.4191E+00
1.7450E+03	0.0000E+00	0.0000E+00	1.4160E+00
1.7460E+03	0.0000E+00	0.0000E+00	1.4194E+00
1.7470E+03	0.0000E+00	0.0000E+00	1.4245E+00
1.7480E+03	0.0000E+00	0.0000E+00	1.4436E+00
1.7490E+03	0.0000E+00	0.0000E+00	1.4595E+00
1.7500E+03	0.0000E+00	0.0000E+00	1.4769E+00
1.7510E+03	0.0000E+00	0.0000E+00	1.4954E+00
1.7520E+03	0.0000E+00	0.0000E+00	1.5102E+00
1.7530E+03	0.0000E+00	0.0000E+00	1.5308E+00
1.7540E+03	0.0000E+00	0.0000E+00	1.5502E+00
1.7550E+03	0.0000E+00	0.0000E+00	1.5605E+00
1.7560E+03	0.0000E+00	0.0000E+00	1.5650E+00
1.7570E+03	0.0000E+00	0.0000E+00	1.5675E+00
1.7580E+03	0.0000E+00	0.0000E+00	1.5677E+00
1.7590E+03	0.0000E+00	0.0000E+00	1.5623E+00
1.7600E+03	0.0000E+00	0.0000E+00	1.5592E+00
1.7610E+03	0.0000E+00	0.0000E+00	1.5478E+00
1.7620E+03	0.0000E+00	0.0000E+00	1.5431E+00
1.7630E+03	0.0000E+00	0.0000E+00	1.5284E+00
1.7640E+03	0.0000E+00	0.0000E+00	1.5214E+00
1.7650E+03	0.0000E+00	0.0000E+00	1.5096E+00
1.7660E+03	0.0000E+00	0.0000E+00	1.4970E+00
1.7670E+03	0.0000E+00	0.0000E+00	1.4840E+00
1.7680E+03	0.0000E+00	0.0000E+00	1.4710E+00
1.7690E+03	0.0000E+00	0.0000E+00	1.4575E+00
1.7700E+03	0.0000E+00	0.0000E+00	1.4539E+00
1.7710E+03	0.0000E+00	0.0000E+00	1.4591E+00
1.7720E+03	0.0000E+00	0.0000E+00	1.4710E+00
1.7730E+03	0.0000E+00	0.0000E+00	1.4809E+00
1.7740E+03	0.0000E+00	0.0000E+00	1.4986E+00
1.7750E+03	0.0000E+00	0.0000E+00	1.5116E+00
1.7760E+03	0.0000E+00	0.0000E+00	1.5253E+00
1.7770E+03	0.0000E+00	0.0000E+00	1.5412E+00
1.7780E+03	0.0000E+00	0.0000E+00	1.5622E+00
1.7790E+03	0.0000E+00	0.0000E+00	1.5683E+00
1.7800E+03	0.0000E+00	0.0000E+00	1.5734E+00
1.7810E+03	0.0000E+00	0.0000E+00	1.5706E+00
1.7820E+03	0.0000E+00	0.0000E+00	1.5585E+00
1.7830E+03	0.0000E+00	0.0000E+00	1.5472E+00
1.7840E+03	0.0000E+00	0.0000E+00	1.5382E+00
1.7850E+03	0.0000E+00	0.0000E+00	1.5247E+00
1.7860E+03	0.0000E+00	0.0000E+00	1.5156E+00
1.7870E+03	0.0000E+00	0.0000E+00	1.5046E+00
1.7880E+03	0.0000E+00	0.0000E+00	1.4924E+00
1.7890E+03	0.0000E+00	0.0000E+00	1.4759E+00
1.7900E+03	0.0000E+00	0.0000E+00	1.4580E+00
1.7910E+03	0.0000E+00	0.0000E+00	1.4508E+00
1.7920E+03	0.0000E+00	0.0000E+00	1.4378E+00
1.7930E+03	0.0000E+00	0.0000E+00	1.4250E+00
1.7940E+03	0.0000E+00	0.0000E+00	1.4227E+00
1.7950E+03	0.0000E+00	0.0000E+00	1.4255E+00
1.7960E+03	0.0000E+00	0.0000E+00	1.4284E+00
1.7970E+03	0.0000E+00	0.0000E+00	1.4460E+00
1.7980E+03	0.0000E+00	0.0000E+00	1.4599E+00
1.7990E+03	0.0000E+00	0.0000E+00	1.4755E+00
1.8000E+03	0.0000E+00	0.0000E+00	1.4902E+00
1.8010E+03	0.0000E+00	0.0000E+00	1.5041E+00
1.8020E+03	0.0000E+00	0.0000E+00	1.5052E+00
1.8030E+03	0.0000E+00	0.0000E+00	1.5111E+00
1.8040E+03	0.0000E+00	0.0000E+00	1.5067E+00
1.8050E+03	0.0000E+00	0.0000E+00	1.5080E+00
1.8060E+03	0.0000E+00	0.0000E+00	1.5015E+00
1.8070E+03	0.0000E+00	0.0000E+00	1.4915E+00
1.8080E+03	0.0000E+00	0.0000E+00	1.4834E+00
1.8090E+03	0.0000E+00	0.0000E+00	1.4706E+00
1.8100E+03	0.0000E+00	0.0000E+00	1.4640E+00
1.8110E+03	0.0000E+00	0.0000E+00	1.4508E+00
1.8120E+03	0.0000E+00	0.0000E+00	1.4427E+00
1.8130E+03	0.0000E+00	0.0000E+00	1.4292E+00
1.8140E+03	0.0000E+00	0.0000E+00	1.4217E+00
1.8150E+03	0.0000E+00	0.0000E+00	1.4084E+00
1.8160E+03	0.0000E+00	0.0000E+00	1.4010E+00
1.8170E+03	0.0000E+00	0.0000E+00	1.3919E+00
1.8180E+03	0.0000E+00	0.0000E+00	1.3899E+00
1.8190E+03	0.0000E+00	0.0000E+00	1.3973E+00
1.8200E+03	0.0000E+00	0.0000E+00	1.4116E+00
1.8210E+03	0.0000E+00	0.0000E+00	1.4252E+00
1.8220E+03	0.0000E+00	0.0000E+00	1.4371E+00
1.8230E+03	0.0000E+00	0.0000E+00	1.4542E+00
1.8240E+03	0.0000E+00	0.0000E+00	1.4698E+00
1.8250E+03	0.0000E+00	0.0000E+00	1.4801E+00
1.8260E+03	0.0000E+00	0.0000E+00	1.4867E+00
1.8270E+03	0.0000E+00	0.0000E+00	1.4858E+00
1.8280E+03	0.0000E+00	0.0000E+00	1.4850E+00
1.8290E+03	0.0000E+00	0.0000E+00	1.4778E+00
1.8300E+03	0.0000E+00	0.0000E+00	1.4716E+00
1.8310E+03	0.0000E+00	0.0000E+00	1.4614E+00
1.8320E+03	0.0000E+00	0.0000E+00	1.4525E+00
1.8330E+03	0.0000E+00	0.0000E+00	1.4423E+00
1.8340E+03	0.0000E+00	0.0000E+00	1.4310E+00
1.8350E+03	0.0000E+00	0.0000E+00	1.4188E+00
1.8360E+03	0.0000E+00	0.0000E+00	1.4121E+00
1.8370E+03	0.0000E+00	0.0000E+00	1.4018E+00
1.8380E+03	0.0000E+00	0.0000E+00	1.3913E+00
1.8390E+03	0.0000E+00	0.0000E+00	1.3778E+00
1.8400E+03	0.0000E+00	0.0000E+00	1.3733E+00
1.8410E+03	0.0000E+00	0.0000E+00	1.3634E+00
1.8420E+03	0.0000E+00	0.0000E+00	1.3579E+00
1.8430E+03	0.0000E+00	0.0000E+00	1.3617E+00
1.8440E+03	0.0000E+00	0.0000E+00	1.3731E+00
1.8450E+03	0.0000E+00	0.0000E+00	1.3860E+00
1.8460E+03	0.0000E+00	0.0000E+00	1.4022E+00
1.8470E+03	0.0000E+00	0.0000E+00	1.4100E+00
1.8480E+03	0.0000E+00	0.0000E+00	1.4241E+00
1.8490E+03	0.0000E+00	0.0000E+00	1.4352E+00
1.8500E+03	0.0000E+00	0.0000E+00	1.4355E+00
1.8510E+03	0.0000E+00	0.0000E+00	1.4393E+00
1.8520E+03	0.0000E+00	0.0000E+00	1.4363E+00
1.8530E+03	0.0000E+00	0.0000E+00	1.4288E+00
1.8540E+03	0.0000E+00	0.0000E+00	1.4235E+00
1.8550E+03	0.0000E+00	0.0000E+00	1.4113E+00
1.8560E+03	0.0000E+00	0.0000E+00	1.4094E+00
1.8570E+03	0.0000E+00	0.0000E+00	1.4001E+00
1.8580E+03	0.0000E+00	0.0000E+00	1.3888E+00
1.8590E+03	0.0000E+00	0.0000E+00	1.3808E+00
1.8600E+03	0.0000E+00	0.0000E+00	1.3751E+00
1.8610E+03	0.0000E+00	0.0000E+00	1.3647E+00
1.8620E+03	0.0000E+00	0.0000E+00	1.3537E+00
1.8630E+03	0.0000E+00	0.0000E+00	1.3448E+00
1.8640E+03	0.0000E+00	0.0000E+00	1.3385E+00
1.8650E+03	0.0000E+00	0.0000E+00	1.3308E+00
1.8660E+03	0.0000E+00	0.0000E+00	1.3330E+00
1.8670E+03	0.0000E+00	0.0000E+00	1.3355E+00
1.8680E+03	0.0000E+00	0.0000E+00	1.3488E+00
1.8690E+03	0.0000E+00	0.0000E+00	1.3639E+00
1.8700E+03	0.0000E+00	0.0000E+00	1.3779E+00
1.8710E+03	0.0000E+00	0.0000E+00	1.3943E+00
1.8720E+03	0.0000E+00	0.0000E+00	1.4091E+00
1.8730E+03	0.0000E+00	0.0000E+00	1.4161E+00
1.8740E+03	0.0000E+00	0.0000E+00	1.4144E+00
1.8750E+03	0.0000E+00	0.0000E+00	1.4125E+00
1.8760E+03	0.0000E+00	0.0000E+00	1.4069E+00
1.8770E+03	0.0000E+00	0.0000E+00	1.4043E+00
1.8780E+03	0.0000E+00	0.0000E+00	1.3935E+00
1.8790E+03	0.0000E+00	0.0000E+00	1.3807E+00
1.8800E+03	0.0000E+00	0.0000E+00	1.3790E+00
1.8810E+03	0.0000E+00	0.0000E+00	1.3693E+00
1.8820E+03	0.0000E+00	0.0000E+00	1.3603E+00
1.8830E+03	0.0000E+00	0.0000E+00	1.3540E+00
1.8840E+03	0.0000E+00	0.0000E+00	1.3483E+00
1.8850E+03	0.0000E+00	0.0000E+00	1.3399E+00
1.8860E+03	0.0000E+00	0.0000E+00	1.3350E+00
1.8870E+03	0.0000E+00	0.0000E+00	1.3231E+00
1.8880E+03	0.0000E+00	0.0000E+00	1.3149E+00
1.8890E+03	0.0000E+00	0.0000E+00	1.3056E+00
1.8900E+03	0.0000E+00	0.0000E+00	1.3031E+00
1.8910E+03	0.0000E+00	0.0000E+00	1.3044E+00
1.8920E+03	0.0000E+00	0.0000E+00	1.3147E+00
1.8930E+03	0.0000E+00	0.0000E+00	1.3218E+00
1.8940E+03	0.0000E+00	0.0000E+00	1.3339E+00
1.8950E+03	0.0000E+00	0.0000E+00	1.3487E+00
1.8960E+03	0.0000E+00	0.0000E+00	1.3649E+00
1.8970E+03	0.0000E+00	0.0000E+00	1.3673E+00
1.8980E+03	0.0000E+00	0.0000E+00	1.3684E+00
1.8990E+03	0.0000E+00	0.0000E+00	1.3655E+00
1.9000E+03	0.0000E+00	0.0000E+00	1.3611E+00
1.9010E+03	0.0000E+00	0.0000E+00	1.3561E+00
1.9020E+03	0.0000E+00	0.0000E+00	1.3459E+00
1.9030E+03	0.0000E+00	0.0000E+00	1.3419E+00
1.9040E+03	0.0000E+00	0.0000E+00	1.3381E+00
1.9050E+03	0.0000E+00	0.0000E+00	1.3354E+00
1.9060E+03	0.0000E+00	0.0000E+00	1.3224E+00
1.9070E+03	0.0000E+00	0.0000E+00	1.3221E+00
1.9080E+03	0.0000E+00	0.0000E+00	1.3141E+00
1.9090E+03	0.0000E+00	0.0000E+00	1.3130E+00
1.9100E+03	0.0000E+00	0.0000E+00	1.3060E+00
1.9110E+03	0.0000E+00	0.0000E+00	1.2942E+00
1.9120E+03	0.0000E+00	0.0000E+00	1.2867E+00
1.9130E+03	0.0000E+00	0.0000E+00	1.2800E+00
1.9140E+03	0.0000E+00	0.0000E+00	1.2828E+00
1.9150E+03	0.0000E+00	0.0000E+00	1.2880E+00
1.9160E+03	0.0000E+00	0.0000E+00	1.2946E+00
1.9170E+03	0.0000E+00	0.0000E+00	1.2987E+00
1.9180E+03	0.0000E+00	0.0000E+00	1.3088E+00
1.9190E+03	0.0000E+00	0.0000E+00	1.3147E+00
1.9200E+03	0.0000E+00	0.0000E+00	1.3139E+00
1.9210E+03	0.0000E+00	0.0000E+00	1.3195E+00
1.9220E+03	0.0000E+00	0.0000E+00	1.3186E+00
1.9230E+03	0.0000E+00	0.0000E+00	1.3177E+00
1.9240E+03	0.0000E+00	0.0000E+00	1.3119E+00
1.9250E+03	0.0000E+00	0.0000E+00	1.3093E+00
1.9260E+03	0.0000E+00	0.0000E+00	1.3074E+00
1.9270E+03	0.0000E+00	0.0000E+00	1.3001E+00
1.9280E+03	0.0000E+00	0.0000E+00	1.2945E+00
1.9290E+03	0.0000E+00	0.0000E+00	1.2937E+00
1.9300E+03	0.0000E+00	0.0000E+00	1.2888E+00
1.9310E+03	0.0000E+00	0.0000E+00	1.2834E+00
1.9320E+03	0.0000E+00	0.0000E+00	1.2845E+00
1.9330E+03	0.0000E+00	0.0000E+00	1.2878E+00
1.9340E+03	0.0000E+00	0.0000E+00	1.2853E+00
1.9350E+03	0.0000E+00	0.0000E+00	1.2776E+00
1.9360E+03	0.0000E+00	0.0000E+00	1.2778E+00
1.9370E+03	0.0000E+00	0.0000E+00	1.2698E+00
1.9380E+03	0.0000E+00	0.0000E+00	1.2688E+00
1.9390E+03	0.0000E+00	0.0000E+00	1.2731E+00
1.9400E+03	0.0000E+00	0.0000E+00	1.2832E+00
1.9410E+03	0.0000E+00	0.0000E+00	1.2990E+00
1.9420E+03	0.0000E+00	0.0000E+00	1.3113E+00
1.9430E+03	0.0000E+00	0.0000E+00	1.3284E+00
1.9440E+03	0.0000E+00	0.0000E+00	1.3366E+00
1.9450E+03	0.0000E+00	0.0000E+00	1.3392E+00
1.9460E+03	0.0000E+00	0.0000E+00	1.3354E+00
1.9470E+03	0.0000E+00	0.0000E+00	1.3361E+00
1.9480E+03	0.0000E+00	0.0000E+00	1.3329E+00
1.9490E+03	0.0000E+00	0.0000E+00	1.3293E+00
1.9500E+03	0.0000E+00	0.0000E+00	1.3193E+00
1.9510E+03	0.0000E+00	0.0000E+00	1.3098E+00
1.9520E+03	0.0000E+00	0.0000E+00	1.3038E+00
1.9530E+03	0.0000E+00	0.0000E+00	1.3003E+00
1.9540E+03	0.0000E+00	0.0000E+00	1.2910E+00
1.9550E+03	0.0000E+00	0.0000E+00	1.2877E+00
1.9560E+03	0.0000E+00	0.0000E+00	1.2778E+00
1.9570E+03	0.0000E+00	0.0000E+00	1.2706E+00
1.9580E+03	0.0000E+00	0.0000E+00	1.2651E+00
1.9590E+03	0.0000E+00	0.0000E+00	1.2558E+00
1.9600E+03	0.0000E+00	0.0000E+00	1.2475E+00
1.9610E+03	0.0000E+00	0.0000E+00	1.2428E+00
1.9620E+03	0.0000E+00	0.0000E+00	1.2395E+00
1.9630E+03	0.0000E+00	0.0000E+00	1.2442E+00
1.9640E+03	0.0000E+00	0.0000E+00	1.2519E+00
1.9650E+03	0.0000E+00	0.0000E+00	1.2641E+00
1.9660E+03	0.0000E+00	0.0000E+00	1.2765E+00
1.9670E+03	0.0000E+00	0.0000E+00	1.2900E+00
1.9680E+03	0.0000E+00	0.0000E+00	1.2931E+00
1.9690E+03	0.0000E+00	0.0000E+00	1.2968E+00
1.9700E+03	0.0000E+00	0.0000E+00	1.3017E+00
1.9710E+03	0.0000E+00	0.0000E+00	1.2961E+00
1.9720E+03	0.0000E+00	0.0000E+00	1.2915E+00
1.9730E+03	0.0000E+00	0.0000E+00	1.2804E+00
1.9740E+03	0.0000E+00	0.0000E+00	1.2757E+00
1.9750E+03	0.0000E+00	0.0000E+00	1.2715E+00
1.9760E+03	0.0000E+00	0.0000E+00	1.2666E+00
1.9770E+03	0.0000E+00	0.0000E+00	1.2594E+00
1.9780E+03	0.0000E+00	0.0000E+00	1.2560E+00
1.9790E+03	0.0000E+00	0.0000E+00	1.2524E+00
1.9800E+03	0.0000E+00	0.0000E+00	1.2461E+00
1.9810E+03	0.0000E+00	0.0000E+00	1.2382E+00
1.9820E+03	0.0000E+00	0.0000E+00	1.2377E+00
1.9830E+03	0.0000E+00	0.0000E+00	1.2235E+00
1.9840E+03	0.0000E+00	0.0000E+00	1.2203E+00
1.9850E+03	0.0000E+00	0.0000E+00	1.2155E+00
1.9860E+03	0.0000E+00	0.0000E+00	1.2160E+00
1.9870E+03	0.0000E+00	0.0000E+00	1.2220E+00
1.9880E+03	0.0000E+00	0.0000E+00	1.2303E+00
1.9890E+03	0.0000E+00	0.0000E+00	1.2490E+00
1.9900E+03	0.0000E+00	0.0000E+00	1.2665E+00
1.9910E+03	0.0000E+00	0.0000E+00	1.2861E+00
1.9920E+03	0.0000E+00	0.0000E+00	1.2882E+00
1.9930E+03	0.0000E+00	0.0000E+00	1.2976E+00
1.9940E+03	0.0000E+00	0.0000E+00	1.2957E+00
1.9950E+03	0.0000E+00	0.0000E+00	1.2958E+00
1.9960E+03	0.0000E+00	0.0000E+00	1.2901E+00
1.9970E+03	0.0000E+00	0.0000E+00	1.2866E+00
1.9980E+03	0.0000E+00	0.0000E+00	1.2803E+00
1.9990E+03	0.0000E+00	0.0000E+00	1.2738E+00
2.0000E+03	0.0000E+00	0.0000E+00	1.2679E+00
2.0010E+03	0.0000E+00	0.0000E+00	1.2637E+00
2.0020E+03	0.0000E+00	0.0000E+00	1.2550E+00
2.0030E+03	0.0000E+00	0.0000E+00	1.2493E+00
2.0040E+03	0.0000E+00	0.0000E+00	1.2421E+00
2.0050E+03	0.0000E+00	0.0000E+00	1.2351E+00
2.0060E+03	0.0000E+00	0.0000E+00	1.2235E+00
2.0070E+03	0.0000E+00	0.0000E+00	1.2208E+00
2.0080E+03	0.0000E+00	0.0000E+00	1.2124E+00
2.0090E+03	0.0000E+00	0.0000E+00	1.2135E+00
2.0100E+03	0.0000E+00	0.0000E+00	1.2112E+00
2.0110E+03	0.0000E+00	0.0000E+00	1.2208E+00
2.0120E+03	0.0000E+00	0.0000E+00	1.2341E+00
2.0130E+03	0.0000E+00	0.0000E+00	1.2512E+00
2.0140E+03	0.0000E+00	0.0000E+00	1.2684E+00
2.0150E+03	0.0000E+00	0.0000E+00	1.2813E+00
2.0160E+03	0.0000E+00	0.0000E+00	1.2898E+00
2.0170E+03	0.0000E+00	0.0000E+00	1.2924E+00
2.0180E+03	0.0000E+00	0.0000E+00	1.2935E+00
2.0190E+03	0.0000E+00	0.0000E+00	1.2926E+00
2.0200E+03	0.0000E+00	0.0000E+00	1.2844E+00
2.0210E+03	0.0000E+00	0.0000E+00	1.2745E+00
2.0220E+03	0.0000E+00	0.0000E+00	1.2725E+00
2.0230E+03	0.0000E+00	0.0000E+00	1.2645E+00
2.0240E+03	0.0000E+00	0.0000E+00	1.2599E+00
2.0250E+03	0.0000E+00	0.0000E+00	1.2533E+00
2.0260E+03	0.0000E+00	0.0000E+00	1.2499E+00
2.0270E+03	0.0000E+00	0.0000E+00	1.2424E+00
2.0280E+03	0.0000E+00	0.0000E+00	1.2346E+00
2.0290E+03	0.0000E+00	0.0000E+00	1.2281E+00
2.0300E+03	0.0000E+00	0.0000E+00	1.2172E+00
2.0310E+03	0.0000E+00	0.0000E+00	1.2198E+00
2.0320E+03	0.0000E+00	0.0000E+00	1.2138E+00
2.0330E+03	0.0000E+00	0.0000E+00	1.2107E+00
2.0340E+03	0.0000E+00	0.0000E+00	1.2096E+00
2.0350E+03	0.0000E+00	0.0000E+00	1.2121E+00
2.0360E+03	0.0000E+00	0.0000E+00	1.2217E+00
2.0370E+03	0.0000E+00	0.0000E+00	1.2353E+00
2.0380E+03	0.0000E+00	0.0000E+00	1.2480E+00
2.0390E+03	0.0000E+00	0.0000E+00	1.2573E+00
2.0400E+03	0.0000E+00	0.0000E+00	1.2674E+00
2.0410E+03	0.0000E+00	0.0000E+00	1.2759E+00
2.0420E+03	0.0000E+00	0.0000E+00	1.2776E+00
2.0430E+03	0.0000E+00	0.0000E+00	1.2810E+00
2.0440E+03	0.0000E+00	0.0000E+00	1.2762E+00
2.0450E+03	0.0000E+00	0.0000E+00	1.2663E+00
2.0460E+03	0.0000E+00	0.0000E+00	1.2635E+00
2.0470E+03	0.0000E+00	0.0000E+00	1.2544E+00
2.0480E+03	0.0000E+00	0.0000E+00	1.2500E+00
2.0490E+03	0.0000E+00	0.0000E+00	1.2435E+00
2.0500E+03	0.0000E+00	0.0000E+00	1.2398E+00
2.0510E+03	0.0000E+00	0.0000E+00	1.2360E+00
2.0520E+03	0.0000E+00	0.0000E+00	1.2270E+00
2.0530E+03	0.0000E+00	0.0000E+00	1.2236E+00
2.0540E+03	0.0000E+00	0.0000E+00	1.2156E+00
2.0550E+03	0.0000E+00	0.0000E+00	1.2076E+00
2.0560E+03	0.0000E+00	0.0000E+00	1.2013E+00
2.0570E+03	0.0000E+00	0.0000E+00	1.2003E+00
2.0580E+03	0.0000E+00	0.0000E+00	1.2001E+00
2.0590E+03	0.0000E+00	0.0000E+00	1.2103E+00
2.0600E+03	0.0000E+00	0.0000E+00	1.2227E+00
2.0610E+03	0.0000E+00	0.0000E+00	1.2396E+00
2.0620E+03	0.0000E+00	0.0000E+00	1.2514E+00
2.0630E+03	0.0000E+00	0.0000E+00	1.2656E+00
2.0640E+03	0.0000E+00	0.0000E+00	1.2724E+00
2.0650E+03	0.0000E+00	0.0000E+00	1.2695E+00
2.0660E+03	0.0000E+00	0.0000E+00	1.2682E+00
2.0670E+03	0.0000E+00	0.0000E+00	1.2634E+00
2.0680E+03	0.0000E+00	0.0000E+00	1.2615E+00
2.0690E+03	0.0000E+00	0.0000E+00	1.2578E+00
2.0700E+03	0.0000E+00	0.0000E+00	1.2531E+00
2.0710E+03	0.0000E+00	0.0000E+00	1.2434E+00
2.0720E+03	0.0000E+00	0.0000E+00	1.2402E+00
2.0730E+03	0.0000E+00	0.0000E+00	1.2342E+00
2.0740E+03	0.0000E+00	0.0000E+00	1.2310E+00
2.0750E+03	0.0000E+00	0.0000E+00	1.2252E+00
2.0760E+03	0.0000E+00	0.0000E+00	1.2227E+00
2.0770E+03	0.0000E+00	0.0000E+00	1.2130E+00
2.0780E+03	0.0000E+00	0.0000E+00	1.2105E+00
2.0790E+03	0.0000E+00	0.0000E+00	1.2046E+00
2.0800E+03	0.0000E+00	0.0000E+00	1.2006E+00
2.0810E+03	0.0000E+00	0.0000E+00	1.1929E+00
2.0820E+03	0.0000E+00	0.0000E+00	1.1952E+00
2.0830E+03	0.0000E+00	0.0000E+00	1.1980E+00
2.0840E+03	0.0000E+00	0.0000E+00	1.2096E+00
2.0850E+03	0.0000E+00	0.0000E+00	1.2248E+00
2.0860E+03	0.0000E+00	0.0000E+00	1.2446E+00
2.0870E+03	0.0000E+00	0.0000E+00	1.2637E+00
2.0880E+03	0.0000E+00	0.0000E+00	1.2787E+00
2.0890E+03	0.0000E+00	0.0000E+00	1.2841E+00
2.0900E+03	0.0000E+00	0.0000E+00	1.2842E+00
2.0910E+03	0.0000E+00	0.0000E+00	1.2795E+00
2.0920E+03	0.0000E+00	0.0000E+00	1.2797E+00
2.0930E+03	0.0000E+00	0.0000E+00	1.2688E+00
2.0940E+03	0.0000E+00	0.0000E+00	1.2626E+00
2.0950E+03	0.0000E+00	0.0000E+00	1.2565E+00
2.0960E+03	0.0000E+00	0.0000E+00	1.2504E+00
2.0970E+03	0.0000E+00	0.0000E+00	1.2444E+00
2.0980E+03	0.0000E+00	0.0000E+00	1.2398E+00
2.0990E+03	0.0000E+00	0.0000E+00	1.2291E+00
2.1000E+03	0.0000E+00	0.0000E+00	1.2228E+00
2.1010E+03	0.0000E+00	0.0000E+00	1.2191E+00
2.1020E+03	0.0000E+00	0.0000E+00	1.2098E+00
2.1030E+03	0.0000E+00	0.0000E+00	1.2026E+00
2.1040E+03	0.0000E+00	0.0000E+00	1.1973E+00
2.1050E+03	0.0000E+00	0.0000E+00	1.1938E+00
2.1060E+03	0.0000E+00	0.0000E+00	1.1958E+00
2.1070E+03	0.0000E+00	0.0000E+00	1.2022E+00
2.1080E+03	0.0000E+00	0.0000E+00	1.2126E+00
2.1090E+03	0.0000E+00	0.0000E+00	1.2278E+00
2.1100E+03	0.0000E+00	0.0000E+00	1.2467E+00
2.1110E+03	0.0000E+00	0.0000E+00	1.2640E+00
2.1120E+03	0.0000E+00	0.0000E+00	1.2772E+00
2.1130E+03	0.0000E+00	0.0000E+00	1.2858E+00
2.1140E+03	0.0000E+00	0.0000E+00	1.2875E+00
2.1150E+03	0.0000E+00	0.0000E+00	1.2846E+00
2.1160E+03	0.0000E+00	0.0000E+00	1.2766E+00
2.1170E+03	0.0000E+00	0.0000E+00	1.2739E+00
2.1180E+03	0.0000E+00	0.0000E+00	1.2676E+00
2.1190E+03	0.0000E+00	0.0000E+00	1.2534E+00
2.1200E+03	0.0000E+00	0.0000E+00	1.2472E+00
2.1210E+03	0.0000E+00	0.0000E+00	1.2418E+00
2.1220E+03	0.0000E+00	0.0000E+00	1.2293E+00
2.1230E+03	0.0000E+00	0.0000E+00	1.2259E+00
2.1240E+03	0.0000E+00	0.0000E+00	1.2214E+00
2.1250E+03	0.0000E+00	0.0000E+00	1.2133E+00
2.1260E+03	0.0000E+00	0.0000E+00	1.2063E+00
2.1270E+03	0.0000E+00	0.0000E+00	1.1924E+00
2.1280E+03	0.0000E+00	0.0000E+00	1.1870E+00
2.1290E+03	0.0000E+00	0.0000E+00	1.1835E+00
2.1300E+03	0.0000E+00	0.0000E+00	1.1849E+00
2.1310E+03	0.0000E+00	0.0000E+00	1.1937E+00
2.1320E+03	0.0000E+00	0.0000E+00	1.2169E+00
2.1330E+03	0.0000E+00	0.0000E+00	1.2249E+00
2.1340E+03	0.0000E+00	0.0000E+00	1.2404E+00
2.1350E+03	0.0000E+00	0.0000E+00	1.2618E+00
2.1360E+03	0.0000E+00	0.0000E+00	1.2845E+00
2.1370E+03	0.0000E+00	0.0000E+00	1.2822E+00
2.1380E+03	0.0000E+00	0.0000E+00	1.2890E+00
2.1390E+03	0.0000E+00	0.0000E+00	1.2769E+00
2.1400E+03	0.0000E+00	0.0000E+00	1.2758E+00
2.1410E+03	0.0000E+00	0.0000E+00	1.2682E+00
2.1420E+03	0.0000E+00	0.0000E+00	1.2635E+00
2.1430E+03	0.0000E+00	0.0000E+00	1.2506E+00
2.1440E+03	0.0000E+00	0.0000E+00	1.2443E+00
2.1450E+03	0.0000E+00	0.0000E+00	1.2395E+00
2.1460E+03	0.0000E+00	0.0000E+00	1.2346E+00
2.1470E+03	0.0000E+00	0.0000E+00	1.2223E+00
2.1480E+03	0.0000E+00	0.0000E+00	1.2195E+00
2.1490E+03	0.0000E+00	0.0000E+00	1.2127E+00
2.1500E+03	0.0000E+00	0.0000E+00	1.2037E+00
2.1510E+03	0.0000E+00	0.0000E+00	1.1949E+00
2.1520E+03	0.0000E+00	0.0000E+00	1.1895E+00
2.1530E+03	0.0000E+00	0.0000E+00	1.1874E+00
2.1540E+03	0.0000E+00	0.0000E+00	1.1882E+00
2.1550E+03	0.0000E+00	0.0000E+00	1.1992E+00
2.1560E+03	0.0000E+00	0.0000E+00	1.2190E+00
2.1570E+03	0.0000E+00	0.0000E+00	1.2394E+00
2.1580E+03	0.0000E+00	0.0000E+00	1.2534E+00
2.1590E+03	0.0000E+00	0.0000E+00	1.2682E+00
2.1600E+03	0.0000E+00	0.0000E+00	1.2784E+00
2.1610E+03	0.0000E+00	0.0000E+00	1.2788E+00
2.1620E+03	0.0000E+00	0.0000E+00	1.2752E+00
2.1630E+03	0.0000E+00	0.0000E+00	1.2686E+00
2.1640E+03	0.0000E+00	0.0000E+00	1.2641E+00
2.1650E+03	0.0000E+00	0.0000E+00	1.2518E+00
2.1660E+03	0.0000E+00	0.0000E+00	1.2451E+00
2.1670E+03	0.0000E+00	0.0000E+00	1.2315E+00
2.1680E+03	0.0000E+00	0.0000E+00	1.2241E+00
2.1690E+03	0.0000E+00	0.0000E+00	1.2178E+00
2.1700E+03	0.0000E+00	0.0000E+00	1.2067E+00
2.1710E+03	0.0000E+00	0.0000E+00	1.2003E+00
2.1720E+03	0.0000E+00	0.0000E+00	1.1905E+00
2.1730E+03	0.0000E+00	0.0000E+00	1.1821E+00
2.1740E+03	0.0000E+00	0.0000E+00	1.1723E+00
2.1750E+03	0.0000E+00	0.0000E+00	1.1628E+00
2.1760E+03	0.0000E+00	0.0000E+00	1.1550E+00
2.1770E+03	0.0000E+00	0.0000E+00	1.1454E+00
2.1780E+03	0.0000E+00	0.0000E+00	1.1430E+00
2.1790E+03	0.0000E+00	0.0000E+00	1.1456E+00
2.1800E+03	0.0000E+00	0.0000E+00	1.1515E+00
2.1810E+03	0.0000E+00	0.0000E+00	1.1608E+00
2.1820E+03	0.0000E+00	0.0000E+00	1.1689E+00
2.1830E+03	0.0000E+00	0.0000E+00	1.1816E+00
2.1840E+03	0.0000E+00	0.0000E+00	1.1883E+00
2.1850E+03	0.0000E+00	0.0000E+00	1.1913E+00
2.1860E+03	0.0000E+00	0.0000E+00	1.1938E+00
2.1870E+03	0.0000E+00	0.0000E+00	1.1900E+00
2.1880E+03	0.0000E+00	0.0000E+00	1.1889E+00
2.1890E+03	0.0000E+00	0.0000E+00	1.1808E+00
2.1900E+03	0.0000E+00	0.0000E+00	1.1752E+00
2.1910E+03	0.0000E+00	0.0000E+00	1.1674E+00
2.1920E+03	0.0000E+00	0.0000E+00	1.1644E+00
2.1930E+03	0.0000E+00	0.0000E+00	1.1558E+00
2.1940E+03	0.0000E+00	0.0000E+00	1.1487E+00
2.1950E+03	0.0000E+00	0.0000E+00	1.1464E+00
2.1960E+03	0.0000E+00	0.0000E+00	1.1423E+00
2.1970E+03	0.0000E+00	0.0000E+00	1.1353E+00
2.1980E+03	0.0000E+00	0.0000E+00	1.1281E+00
2.1990E+03	0.0000E+00	0.0000E+00	1.1231E+00
2.2000E+03	0.0000E+00	0.0000E+00	1.1153E+00
2.2010E+03	0.0000E+00	0.0000E+00	1.1093E+00
2.2020E+03	0.0000E+00	0.0000E+00	1.1078E+00
2.2030E+03	0.0000E+00	0.0000E+00	1.1102E+00
2.2040E+03	0.0000E+00	0.0000E+00	1.1156E+00
2.2050E+03	0.0000E+00	0.0000E+00	1.1278E+00
2.2060E+03	0.0000E+00	0.0000E+00	1.1407E+00
2.2070E+03	0.0000E+00	0.0000E+00	1.1579E+00
2.2080E+03	0.0000E+00	0.0000E+00	1.1678E+00
2.2090E+03	0.0000E+00	0.0000E+00	1.1732E+00
2.2100E+03	0.0000E+00	0.0000E+00	1.1789E+00
2.2110E+03	0.0000E+00	0.0000E+00	1.1790E+00
2.2120E+03	0.0000E+00	0.0000E+00	1.1707E+00
2.2130E+03	0.0000E+00	0.0000E+00	1.1646E+00
2.2140E+03	0.0000E+00	0.0000E+00	1.1602E+00
2.2150E+03	0.0000E+00	0.0000E+00	1.1522E+00
2.2160E+03	0.0000E+00	0.0000E+00	1.1475E+00
2.2170E+03	0.0000E+00	0.0000E+00	1.1425E+00
2.2180E+03	0.0000E+00	0.0000E+00	1.1373E+00
2.2190E+03	0.0000E+00	0.0000E+00	1.1292E+00
2.2200E+03	0.0000E+00	0.0000E+00	1.1259E+00
2.2210E+03	0.0000E+00	0.0000E+00	1.1172E+00
2.2220E+03	0.0000E+00	0.0000E+00	1.1123E+00
2.2230E+03	0.0000E+00	0.0000E+00	1.1077E+00
2.2240E+03	0.0000E+00	0.0000E+00	1.1103E+00
2.2250E+03	0.0000E+00	0.0000E+00	1.1046E+00
2.2260E+03	0.0000E+00	0.0000E+00	1.0990E+00
2.2270E+03	0.0000E+00	0.0000E+00	1.1070E+00
2.2280E+03	0.0000E+00	0.0000E+00	1.1110E+00
2.2290E+03	0.0000E+00	0.0000E+00	1.1202E+00
2.2300E+03	0.0000E+00	0.0000E+00	1.1304E+00
2.2310E+03	0.0000E+00	0.0000E+00	1.1400E+00
2.2320E+03	0.0000E+00	0.0000E+00	1.1504E+00
2.2330E+03	0.0000E+00	0.0000E+00	1.1505E+00
2.2340E+03	0.0000E+00	0.0000E+00	1.1517E+00
2.2350E+03	0.0000E+00	0.0000E+00	1.1466E+00
2.2360E+03	0.0000E+00	0.0000E+00	1.1476E+00
2.2370E+03	0.0000E+00	0.0000E+00	1.1413E+00
2.2380E+03	0.0000E+00	0.0000E+00	1.1380E+00
2.2390E+03	0.0000E+00	0.0000E+00	1.1292E+00
2.2400E+03	0.0000E+00	0.0000E+00	1.1262E+00
2.2410E+03	0.0000E+00	0.0000E+00	1.1184E+00
2.2420E+03	0.0000E+00	0.0000E+00	1.1134E+00
2.2430E+03	0.0000E+00	0.0000E+00	1.1094E+00
2.2440E+03	0.0000E+00	0.0000E+00	1.1063E+00
2.2450E+03	0.0000E+00	0.0000E+00	1.0993E+00
2.2460E+03	0.0000E+00	0.0000E+00	1.0933E+00
2.2470E+03	0.0000E+00	0.0000E+00	1.0889E+00
2.2480E+03	0.0000E+00	0.0000E+00	1.0790E+00
2.2490E+03	0.0000E+00	0.0000E+00	1.0756E+00
2.2500E+03	0.0000E+00	0.0000E+00	1.0702E+00
2.2510E+03	0.0000E+00	0.0000E+00	1.0714E+00
2.2520E+03	0.0000E+00	0.0000E+00	1.0778E+00
2.2530E+03	0.0000E+00	0.0000E+00	1.0845E+00
2.2540E+03	0.0000E+00	0.0000E+00	1.0973E+00
2.2550E+03	0.0000E+00	0.0000E+00	1.1103E+00
2.2560E+03	0.0000E+00	0.0000E+00	1.1232E+00
2.2570E+03	0.0000E+00	0.0000E+00	1.1288E+00
2.2580E+03	0.0000E+00	0.0000E+00	1.1336E+00
2.2590E+03	0.0000E+00	0.0000E+00	1.1313E+00
2.2600E+03	0.0000E+00	0.0000E+00	1.1263E+00
2.2610E+03	0.0000E+00	0.0000E+00	1.1205E+00
2.2620E+03	0.0000E+00	0.0000E+00	1.1173E+00
2.2630E+03	0.0000E+00	0.0000E+00	1.1095E+00
2.2640E+03	0.0000E+00	0.0000E+00	1.1078E+00
2.2650E+03	0.0000E+00	0.0000E+00	1.1023E+00
2.2660E+03	0.0000E+00	0.0000E+00	1.0971E+00
2.2670E+03	0.0000E+00	0.0000E+00	1.0913E+00
2.2680E+03	0.0000E+00	0.0000E+00	1.0859E+00
2.2690E+03	0.0000E+00	0.0000E+00	1.0830E+00
2.2700E+03	0.0000E+00	0.0000E+00	1.0768E+00
2.2710E+03	0.0000E+00	0.0000E+00	1.0702E+00
2.2720E+03	0.0000E+00	0.0000E+00	1.0686E+00
2.2730E+03	0.0000E+00	0.0000E+00	1.0596E+00
2.2740E+03	0.0000E+00	0.0000E+00	1.0657E+00
2.2750E+03	0.0000E+00	0.0000E+00	1.0737E+00
2.2760E+03	0.0000E+00	0.0000E+00	1.0830E+00
2.2770E+03	0.0000E+00	0.0000E+00	1.0882E+00
2.2780E+03	0.0000E+00	0.0000E+00	1.0979E+00
2.2790E+03	0.0000E+00	0.0000E+00	1.1032E+00
2.2800E+03	0.0000E+00	0.0000E+00	1.1107E+00
2.2810E+03	0.0000E+00	0.0000E+00	1.1123E+00
2.2820E+03	0.0000E+00	0.0000E+00	1.1122E+00
2.2830E+03	0.0000E+00	0.0000E+00	1.1131E+00
2.2840E+03	0.0000E+00	0.0000E+00	1.1110E+00
2.2850E+03	0.0000E+00	0.0000E+00	1.1035E+00
2.2860E+03	0.0000E+00	0.0000E+00	1.1001E+00
2.2870E+03	0.0000E+00	0.0000E+00	1.0932E+00
2.2880E+03	0.0000E+00	0.0000E+00	1.0886E+00
2.2890E+03	0.0000E+00	0.0000E+00	1.0878E+00
2.2900E+03	0.0000E+00	0.0000E+00	1.0838E+00
2.2910E+03	0.0000E+00	0.0000E+00	1.0789E+00
2.2920E+03	0.0000E+00	0.0000E+00	1.0727E+00
2.2930E+03	0.0000E+00	0.0000E+00	1.0648E+00
2.2940E+03	0.0000E+00	0.0000E+00	1.0600E+00
2.2950E+03	0.0000E+00	0.0000E+00	1.0580E+00
2.2960E+03	0.0000E+00	0.0000E+00	1.0509E+00
2.2970E+03	0.0000E+00	0.0000E+00	1.0460E+00
2.2980E+03	0.0000E+00	0.0000E+00	1.0468E+00
2.2990E+03	0.0000E+00	0.0000E+00	1.0446E+00
2.3000E+03	0.0000E+00	0.0000E+00	1.0505E+00
2.3010E+03	0.0000E+00	0.0000E+00	1.0573E+00
2.3020E+03	0.0000E+00	0.0000E+00	1.0671E+00
2.3030E+03	0.0000E+00	0.0000E+00	1.0828E+00
2.3040E+03	0.0000E+00	0.0000E+00	1.0921E+00
2.3050E+03	0.0000E+00	0.0000E+00	1.1005E+00
2.3060E+03	0.0000E+00	0.0000E+00	1.1026E+00
2.3070E+03	0.0000E+00	0.0000E+00	1.1054E+00
2.3080E+03	0.0000E+00	0.0000E+00	1.1031E+00
2.3090E+03	0.0000E+00	0.0000E+00	1.0988E+00
2.3100E+03	0.0000E+00	0.0000E+00	1.0948E+00
2.3110E+03	0.0000E+00	0.0000E+00	1.0878E+00
2.3120E+03	0.0000E+00	0.0000E+00	1.0851E+00
2.3130E+03	0.0000E+00	0.0000E+00	1.0802E+00
2.3140E+03	0.0000E+00	0.0000E+00	1.0761E+00
2.3150E+03	0.0000E+00	0.0000E+00	1.0712E+00
2.3160E+03	0.0000E+00	0.0000E+00	1.0667E+00
2.3170E+03	0.0000E+00	0.0000E+00	1.0614E+00
2.3180E+03	0.0000E+00	0.0000E+00	1.0563E+00
2.3190E+03	0.0000E+00	0.0000E+00	1.0515E+00
2.3200E+03	0.0000E+00	0.0000E+00	1.0463E+00
2.3210E+03	0.0000E+00	0.0000E+00	1.0421E+00
2.3220E+03	0.0000E+00	0.0000E+00	1.0393E+00
2.3230E+03	0.0000E+00	0.0000E+00	1.0436E+00
2.3240E+03	0.0000E+00	0.0000E+00	1.0465E+00
2.3250E+03	0.0000E+00	0.0000E+00	1.0569E+00
2.3260E+03	0.0000E+00	0.0000E+00	1.0644E+00
2.3270E+03	0.0000E+00	0.0000E+00	1.0745E+00
2.3280E+03	0.0000E+00	0.0000E+00	1.0938E+00
2.3290E+03	0.0000E+00	0.0000E+00	1.1056E+00
2.3300E+03	0.0000E+00	0.0000E+00	1.1345E+00
2.3310E+03	0.0000E+00	0.0000E+00	1.1478E+00
2.3320E+03	0.0000E+00	0.0000E+00	1.1509E+00
2.3330E+03	0.0000E+00	0.0000E+00	1.1398E+00
2.3340E+03	0.0000E+00	0.0000E+00	1.1278E+00
2.3350E+03	0.0000E+00	0.0000E+00	1.1180E+00
2.3360E+03	0.0000E+00	0.0000E+00	1.1072E+00
2.3370E+03	0.0000E+00	0.0000E+00	1.0990E+00
2.3380E+03	0.0000E+00	0.0000E+00	1.0915E+00
2.3390E+03	0.0000E+00	0.0000E+00	1.0817E+00
2.3400E+03	0.0000E+00	0.0000E+00	1.0751E+00
2.3410E+03	0.0000E+00	0.0000E+00	1.0725E+00
2.3420E+03	0.0000E+00	0.0000E+00	1.0635E+00
2.3430E+03	0.0000E+00	0.0000E+00	1.0580E+00
2.3440E+03	0.0000E+00	0.0000E+00	1.0497E+00
2.3450E+03	0.0000E+00	0.0000E+00	1.0437E+00
2.3460E+03	0.0000E+00	0.0000E+00	1.0354E+00
2.3470E+03	0.0000E+00	0.0000E+00	1.0653E+00
2.3480E+03	0.0000E+00	0.0000E+00	1.0678E+00
2.3490E+03	0.0000E+00	0.0000E+00	1.0703E+00
2.3500E+03	0.0000E+00	0.0000E+00	1.0757E+00
2.3510E+03	0.0000E+00	0.0000E+00	1.0799E+00
2.3520E+03	0.0000E+00	0.0000E+00	1.0859E+00
2.3530E+03	0.0000E+00	0.0000E+00	1.0925E+00
2.3540E+03	0.0000E+00	0.0000E+00	1.0974E+00
2.3550E+03	0.0000E+00	0.0000E+00	1.0995E+00
2.3560E+03	0.0000E+00	0.0000E+00	1.0974E+00
2.3570E+03	0.0000E+00	0.0000E+00	1.0962E+00
2.3580E+03	0.0000E+00	0.0000E+00	1.0920E+00
2.3590E+03	0.0000E+00	0.0000E+00	1.0877E+00
2.3600E+03	0.0000E+00	0.0000E+00	1.0854E+00
2.3610E+03	0.0000E+00	0.0000E+00	1.0792E+00
2.3620E+03	0.0000E+00	0.0000E+00	1.0780E+00
2.3630E+03	0.0000E+00	0.0000E+00	1.0673E+00
2.3640E+03	0.0000E+00	0.0000E+00	1.0667E+00
2.3650E+03	0.0000E+00	0.0000E+00	1.0709E+00
2.3660E+03	0.0000E+00	0.0000E+00	1.0662E+00
2.3670E+03	0.0000E+00	0.0000E+00	1.0646E+00
2.3680E+03	0.0000E+00	0.0000E+00	1.0529E+00
2.3690E+03	0.0000E+00	0.0000E+00	1.0596E+00
2.3700E+03	0.0000E+00	0.0000E+00	1.0674E+00
2.3710E+03	0.0000E+00	0.0000E+00	1.0684E+00
2.3720E+03	0.0000E+00	0.0000E+00	1.0679E+00
2.3730E+03	0.0000E+00	0.0000E+00	1.0780E+00
2.3740E+03	0.0000E+00	0.0000E+00	1.0855E+00
2.3750E+03	0.0000E+00	0.0000E+00	1.0963E+00
2.3760E+03	0.0000E+00	0.0000E+00	1.1049E+00
2.3770E+03	0.0000E+00	0.0000E+00	1.1086E+00
2.3780E+03	0.0000E+00	0.0000E+00	1.1096E+00
2.3790E+03	0.0000E+00	0.0000E+00	1.1104E+00
2.3800E+03	0.0000E+00	0.0000E+00	1.1070E+00
2.3810E+03	0.0000E+00	0.0000E+00	1.1044E+00
2.3820E+03	0.0000E+00	0.0000E+00	1.0991E+00
2.3830E+03	0.0000E+00	0.0000E+00	1.0911E+00
2.3840E+03	0.0000E+00	0.0000E+00	1.0893E+00
2.3850E+03	0.0000E+00	0.0000E+00	1.0874E+00
2.3860E+03	0.0000E+00	0.0000E+00	1.0829E+00
2.3870E+03	0.0000E+00	0.0000E+00	1.0755E+00
2.3880E+03	0.0000E+00	0.0000E+00	1.0790E+00
2.3890E+03	0.0000E+00	0.0000E+00	1.0737E+00
2.3900E+03	0.0000E+00	0.0000E+00	1.0727E+00
2.3910E+03	0.0000E+00	0.0000E+00	1.0686E+00
2.3920E+03	0.0000E+00	0.0000E+00	1.0647E+00
2.3930E+03	0.0000E+00	0.0000E+00	1.0584E+00
2.3940E+03	0.0000E+00	0.0000E+00	1.0556E+00
2.3950E+03	0.0000E+00	0.0000E+00	1.0653E+00
2.3960E+03	0.0000E+00	0.0000E+00	1.0647E+00
2.3970E+03	0.0000E+00	0.0000E+00	1.0708E+00
2.3980E+03	0.0000E+00	0.0000E+00	1.0780E+00
2.3990E+03	0.0000E+00	0.0000E+00	1.0859E+00
2.4000E+03	0.0000E+00	0.0000E+00	1.0937E+00
2.4010E+03	0.0000E+00	0.0000E+00	1.1005E+00
2.4020E+03	0.0000E+00	0.0000E+00	1.1052E+00
2.4030E+03	0.0000E+00	0.0000E+00	1.1044E+00
2.4040E+03	0.0000E+00	0.0000E+00	1.1031E+00
2.4050E+03	0.0000E+00	0.0000E+00	1.0994E+00
2.4060E+03	0.0000E+00	0.0000E+00	1.0943E+00
2.4070E+03	0.0000E+00	0.0000E+00	1.0921E+00
2.4080E+03	0.0000E+00	0.0000E+00	1.0878E+00
2.4090E+03	0.0000E+00	0.0000E+00	1.0844E+00
2.4100E+03	0.0000E+00	0.0000E+00	1.0815E+00
2.4110E+03	0.0000E+00	0.0000E+00	1.0804E+00
2.4120E+03	0.0000E+00	0.0000E+00	1.0763E+00
2.4130E+03	0.0000E+00	0.0000E+00	1.0711E+00
2.4140E+03	0.0000E+00	0.0000E+00	1.0668E+00
2.4150E+03	0.0000E+00	0.0000E+00	1.0644E+00
2.4160E+03	0.0000E+00	0.0000E+00	1.0583E+00
2.4170E+03	0.0000E+00	0.0000E+00	1.0533E+00
2.4180E+03	0.0000E+00	0.0000E+00	1.0505E+00
2.4190E+03	0.0000E+00	0.0000E+00	1.0504E+00
2.4200E+03	0.0000E+00	0.0000E+00	1.0526E+00
2.4210E+03	0.0000E+00	0.0000E+00	1.0600E+00
2.4220E+03	0.0000E+00	0.0000E+00	1.0645E+00
2.4230E+03	0.0000E+00	0.0000E+00	1.0778E+00
2.4240E+03	0.0000E+00	0.0000E+00	1.0871E+00
2.4250E+03	0.0000E+00	0.0000E+00	1.0966E+00
2.4260E+03	0.0000E+00	0.0000E+00	1.1003E+00
2.4270E+03	0.0000E+00	0.0000E+00	1.0985E+00
2.4280E+03	0.0000E+00	0.0000E+00	1.0959E+00
2.4290E+03	0.0000E+00	0.0000E+00	1.0909E+00
2.4300E+03	0.0000E+00	0.0000E+00	1.0868E+00
2.4310E+03	0.0000E+00	0.0000E+00	1.0827E+00
2.4320E+03	0.0000E+00	0.0000E+00	1.0767E+00
2.4330E+03	0.0000E+00	0.0000E+00	1.0719E+00
2.4340E+03	0.0000E+00	0.0000E+00	1.0640E+00
2.4350E+03	0.0000E+00	0.0000E+00	1.0634E+00
2.4360E+03	0.0000E+00	0.0000E+00	1.0567E+00
2.4370E+03	0.0000E+00	0.0000E+00	1.0529E+00
2.4380E+03	0.0000E+00	0.0000E+00	1.0438E+00
2.4390E+03	0.0000E+00	0.0000E+00	1.0402E+00
2.4400E+03	0.0000E+00	0.0000E+00	1.0329E+00
2.4410E+03	0.0000E+00	0.0000E+00	1.0292E+00
2.4420E+03	0.0000E+00	0.0000E+00	1.0255E+00
2.4430E+03	0.0000E+00	0.0000E+00	1.0259E+00
2.4440E+03	0.0000E+00	0.0000E+00	1.0276E+00
2.4450E+03	0.0000E+00	0.0000E+00	1.0312E+00
2.4460E+03	0.0000E+00	0.0000E+00	1.0445E+00
2.4470E+03	0.0000E+00	0.0000E+00	1.0576E+00
2.4480E+03	0.0000E+00	0.0000E+00	1.0716E+00
2.4490E+03	0.0000E+00	0.0000E+00	1.0780E+00
2.4500E+03	0.0000E+00	0.0000E+00	1.0816E+00
2.4510E+03	0.0000E+00	0.0000E+00	1.0859E+00
2.4520E+03	0.0000E+00	0.0000E+00	1.0825E+00
2.4530E+03	0.0000E+00	0.0000E+00	1.0776E+00
2.4540E+03	0.0000E+00	0.0000E+00	1.0718E+00
2.4550E+03	0.0000E+00	0.0000E+00	1.0660E+00
2.4560E+03	0.0000E+00	0.0000E+00	1.0620E+00
2.4570E+03	0.0000E+00	0.0000E+00	1.0565E+00
2.4580E+03	0.0000E+00	0.0000E+00	1.0514E+00
2.4590E+03	0.0000E+00	0.0000E+00	1.0452E+00
2.4600E+03	0.0000E+00	0.0000E+00	1.0416E+00
2.4610E+03	0.0000E+00	0.0000E+00	1.0404E+00
2.4620E+03	0.0000E+00	0.0000E+00	1.0349E+00
2.4630E+03	0.0000E+00	0.0000E+00	1.0268E+00
2.4640E+03	0.0000E+00	0.0000E+00	1.0230E+00
2.4650E+03	0.0000E+00	0.0000E+00	1.0165E+00
2.4660E+03	0.0000E+00	0.0000E+00	1.0142E+00
2.4670E+03	0.0000E+00	0.0000E+00	1.0164E+00
2.4680E+03	0.0000E+00	0.0000E+00	1.0266E+00
2.4690E+03	0.0000E+00	0.0000E+00	1.0419E+00
2.4700E+03	0.0000E+00	0.0000E+00	1.0547E+00
2.4710E+03	0.0000E+00	0.0000E+00	1.0841E+00
2.4720E+03	0.0000E+00	0.0000E+00	1.1171E+00
2.4730E+03	0.0000E+00	0.0000E+00	1.1416E+00
2.4740E+03	0.0000E+00	0.0000E+00	1.1479E+00
2.4750E+03	0.0000E+00	0.0000E+00	1.1470E+00
2.4760E+03	0.0000E+00	0.0000E+00	1.1428E+00
2.4770E+03	0.0000E+00	0.0000E+00	1.1328E+00
2.4780E+03	0.0000E+00	0.0000E+00	1.1181E+00
2.4790E+03	0.0000E+00	0.0000E+00	1.1100E+00
2.4800E+03	0.0000E+00	0.0000E+00	1.1019E+00
2.4810E+03	0.0000E+00	0.0000E+00	1.0927E+00
2.4820E+03	0.0000E+00	0.0000E+00	1.0850E+00
2.4830E+03	0.0000E+00	0.0000E+00	1.0777E+00
2.4840E+03	0.0000E+00	0.0000E+00	1.0650E+00
2.4850E+03	0.0000E+00	0.0000E+00	1.0636E+00
2.4860E+03	0.0000E+00	0.0000E+00	1.0570E+00
2.4870E+03	0.0000E+00	0.0000E+00	1.0492E+00
2.4880E+03	0.0000E+00	0.0000E+00	1.0486E+00
2.4890E+03	0.0000E+00	0.0000E+00	1.0412E+00
2.4900E+03	0.0000E+00	0.0000E+00	1.0346E+00
2.4910E+03	0.0000E+00	0.0000E+00	1.0349E+00
2.4920E+03	0.0000E+00	0.0000E+00	1.0371E+00
2.4930E+03	0.0000E+00	0.0000E+00	1.0367E+00
2.4940E+03	0.0000E+00	0.0000E+00	1.0463E+00
2.4950E+03	0.0000E+00	0.0000E+00	1.0513E+00
2.4960E+03	0.0000E+00	0.0000E+00	1.0570E+00
2.4970E+03	0.0000E+00	0.0000E+00	1.0612E+00
2.4980E+03	0.0000E+00	0.0000E+00	1.0608E+00
2.4990E+03	0.0000E+00	0.0000E+00	1.0619E+00
2.5000E+03	0.0000E+00	0.0000E+00	1.0562E+00
2.5010E+03	0.0000E+00	0.0000E+00	1.0521E+00
2.5020E+03	0.0000E+00	0.0000E+00	1.0468E+00
2.5030E+03	0.0000E+00	0.0000E+00	1.0439E+00
2.5040E+03	0.0000E+00	0.0000E+00	1.0454E+00
2.5050E+03	0.0000E+00	0.0000E+00	1.0373E+00
2.5060E+03	0.0000E+00	0.0000E+00	1.0361E+00
2.5070E+03	0.0000E+00	0.0000E+00	1.0349E+00
2.5080E+03	0.0000E+00	0.0000E+00	1.0326E+00
2.5090E+03	0.0000E+00	0.0000E+00	1.0277E+00
2.5100E+03	0.0000E+00	0.0000E+00	1.0254E+00
2.5110E+03	0.0000E+00	0.0000E+00	1.0250E+00
2.5120E+03	0.0000E+00	0.0000E+00	1.0202E+00
2.5130E+03	0.0000E+00	0.0000E+00	1.0210E+00
2.5140E+03	0.0000E+00	0.0000E+00	1.0155E+00
2.5150E+03	0.0000E+00	0.0000E+00	1.0271E+00
2.5160E+03	0.0000E+00	0.0000E+00	1.0494E+00
2.5170E+03	0.0000E+00	0.0000E+00	1.0453E+00
2.5180E+03	0.0000E+00	0.0000E+00	1.0413E+00
2.5190E+03	0.0000E+00	0.0000E+00	1.0407E+00
2.5200E+03	0.0000E+00	0.0000E+00	1.0481E+00
2.5210E+03	0.0000E+00	0.0000E+00	1.0567E+00
2.5220E+03	0.0000E+00	0.0000E+00	1.0567E+00
2.5230E+03	0.0000E+00	0.0000E+00	1.0557E+00
2.5240E+03	0.0000E+00	0.0000E+00	1.0550E+00
2.5250E+03	0.0000E+00	0.0000E+00	1.0492E+00
2.5260E+03	0.0000E+00	0.0000E+00	1.0457E+00
2.5270E+03	0.0000E+00	0.0000E+00	1.0430E+00
2.5280E+03	0.0000E+00	0.0000E+00	1.0427E+00
2.5290E+03	0.0000E+00	0.0000E+00	1.0406E+00
2.5300E+03	0.0000E+00	0.0000E+00	1.0323E+00
2.5310E+03	0.0000E+00	0.0000E+00	1.0320E+00
2.5320E+03	0.0000E+00	0.0000E+00	1.0307E+00
2.5330E+03	0.0000E+00	0.0000E+00	1.0254E+00
2.5340E+03	0.0000E+00	0.0000E+00	1.0180E+00
2.5350E+03	0.0000E+00	0.0000E+00	1.0168E+00
2.5360E+03	0.0000E+00	0.0000E+00	1.0100E+00
2.5370E+03	0.0000E+00	0.0000E+00	1.0076E+00
2.5380E+03	0.0000E+00	0.0000E+00	1.0042E+00
2.5390E+03	0.0000E+00	0.0000E+00	9.9762E-01
2.5400E+03	0.0000E+00	0.0000E+00	9.9713E-01
2.5410E+03	0.0000E+00	0.0000E+00	1.0002E+00
2.5420E+03	0.0000E+00	0.0000E+00	1.0064E+00
2.5430E+03	0.0000E+00	0.0000E+00	1.0108E+00
2.5440E+03	0.0000E+00	0.0000E+00	1.0216E+00
2.5450E+03	0.0000E+00	0.0000E+00	1.0360E+00
2.5460E+03	0.0000E+00	0.0000E+00	1.0379E+00
2.5470E+03	0.0000E+00	0.0000E+00	1.0438E+00
2.5480E+03	0.0000E+00	0.0000E+00	1.0410E+00
2.5490E+03	0.0000E+00	0.0000E+00	1.0393E+00
2.5500E+03	0.0000E+00	0.0000E+00	1.0361E+00
2.5510E+03	0.0000E+00	0.0000E+00	1.0304E+00
2.5520E+03	0.0000E+00	0.0000E+00	1.0249E+00
2.5530E+03	0.0000E+00	0.0000E+00	1.0251E+00
2.5540E+03	0.0000E+00	0.0000E+00	1.0206E+00
2.5550E+03	0.0000E+00	0.0000E+00	1.0204E+00
2.5560E+03	0.0000E+00	0.0000E+00	1.0141E+00
2.5570E+03	0.0000E+00	0.0000E+00	1.0107E+00
2.5580E+03	0.0000E+00	0.0000E+00	1.0068E+00
2.5590E+03	0.0000E+00	0.0000E+00	9.9891E-01
2.5600E+03	0.0000E+00	0.0000E+00	9.9694E-01
2.5610E+03	0.0000E+00	0.0000E+00	9.9356E-01
2.5620E+03	0.0000E+00	0.0000E+00	9.8996E-01
2.5630E+03	0.0000E+00	0.0000E+00	9.8591E-01
2.5640E+03	0.0000E+00	0.0000E+00	9.8889E-01
2.5650E+03	0.0000E+00	0.0000E+00	9.8868E-01
2.5660E+03	0.0000E+00	0.0000E+00	9.9817E-01
2.5670E+03	0.0000E+00	0.0000E+00	1.0056E+00
2.5680E+03	0.0000E+00	0.0000E+00	1.0092E+00
2.5690E+03	0.0000E+00	0.0000E+00	1.0124E+00
2.5700E+03	0.0000E+00	0.0000E+00	1.0133E+00
2.5710E+03	0.0000E+00	0.0000E+00	1.0173E+00
2.5720E+03	0.0000E+00	0.0000E+00	1.0154E+00
2.5730E+03	0.0000E+00	0.0000E+00	1.0116E+00
2.5740E+03	0.0000E+00	0.0000E+00	1.0122E+00
2.5750E+03	0.0000E+00	0.0000E+00	1.0055E+00
2.5760E+03	0.0000E+00	0.0000E+00	1.0008E+00
2.5770E+03	0.0000E+00	0.0000E+00	1.0018E+00
2.5780E+03	0.0000E+00	0.0000E+00	9.9867E-01
2.5790E+03	0.0000E+00	0.0000E+00	9.9530E-01
2.5800E+03	0.0000E+00	0.0000E+00	9.9490E-01
2.5810E+03	0.0000E+00	0.0000E+00	9.9241E-01
2.5820E+03	0.0000E+00	0.0000E+00	9.8853E-01
2.5830E+03	0.0000E+00	0.0000E+00	9.8781E-01
2.5840E+03	0.0000E+00	0.0000E+00	9.8159E-01
2.5850E+03	0.0000E+00	0.0000E+00	9.7876E-01
2.5860E+03	0.0000E+00	0.0000E+00	9.8233E-01
2.5870E+03	0.0000E+00	0.0000E+00	1.0035E+00
2.5880E+03	0.0000E+00	0.0000E+00	1.0170E+00
2.5890E+03	0.0000E+00	0.0000E+00	1.0250E+00
2.5900E+03	0.0000E+00	0.0000E+00	1.0322E+00
2.5910E+03	0.0000E+00	0.0000E+00	1.0614E+00
2.5920E+03	0.0000E+00	0.0000E+00	1.0819E+00
2.5930E+03	0.0000E+00	0.0000E+00	1.0884E+00
2.5940E+03	0.0000E+00	0.0000E+00	1.0914E+00
2.5950E+03	0.0000E+00	0.0000E+00	1.0919E+00
2.5960E+03	0.0000E+00	0.0000E+00	1.0813E+00
2.5970E+03	0.0000E+00	0.0000E+00	1.0806E+00
2.5980E+03	0.0000E+00	0.0000E+00	1.0679E+00
2.5990E+03	0.0000E+00	0.0000E+00	1.0622E+00
2.6000E+03	0.0000E+00	0.0000E+00	1.0570E+00
2.6010E+03	0.0000E+00	0.0000E+00	1.0514E+00
2.6020E+03	0.0000E+00	0.0000E+00	1.0496E+00
2.6030E+03	0.0000E+00	0.0000E+00	1.0397E+00
2.6040E+03	0.0000E+00	0.0000E+00	1.0363E+00
2.6050E+03	0.0000E+00	0.0000E+00	1.0304E+00
2.6060E+03	0.0000E+00	0.0000E+00	1.0204E+00
2.6070E+03	0.0000E+00	0.0000E+00	1.0145E+00
2.6080E+03	0.0000E+00	0.0000E+00	1.0112E+00
2.6090E+03	0.0000E+00	0.0000E+00	1.0050E+00
2.6100E+03	0.0000E+00	0.0000E+00	1.0009E+00
2.6110E+03	0.0000E+00	0.0000E+00	9.9670E-01
2.6120E+03	0.0000E+00	0.0000E+00	9.9652E-01
2.6130E+03	0.0000E+00	0.0000E+00	1.0019E+00
2.6140E+03	0.0000E+00	0.0000E+00	1.0049E+00
2.6150E+03	0.0000E+00	0.0000E+00	1.0209E+00
2.6160E+03	0.0000E+00	0.0000E+00	1.0314E+00
2.6170E+03	0.0000E+00	0.0000E+00	1.0322E+00
2.6180E+03	0.0000E+00	0.0000E+00	1.0378E+00
2.6190E+03	0.0000E+00	0.0000E+00	1.0327E+00
2.6200E+03	0.0000E+00	0.0000E+00	1.0330E+00
2.6210E+03	0.0000E+00	0.0000E+00	1.0318E+00
2.6220E+03	0.0000E+00	0.0000E+00	1.0276E+00
2.6230E+03	0.0000E+00	0.0000E+00	1.0206E+00
2.6240E+03	0.0000E+00	0.0000E+00	1.0150E+00
2.6250E+03	0.0000E+00	0.0000E+00	1.0098E+00
2.6260E+03	0.0000E+00	0.0000E+00	1.0094E+00
2.6270E+03	0.0000E+00	0.0000E+00	1.0008E+00
2.6280E+03	0.0000E+00	0.0000E+00	9.9994E-01
2.6290E+03	0.0000E+00	0.0000E+00	9.9273E-01
2.6300E+03	0.0000E+00	0.0000E+00	9.9167E-01
2.6310E+03	0.0000E+00	0.0000E+00	9.8326E-01
2.6320E+03	0.0000E+00	0.0000E+00	9.8038E-01
2.6330E+03	0.0000E+00	0.0000E+00	9.7574E-01
2.6340E+03	0.0000E+00	0.0000E+00	9.6981E-01
2.6350E+03	0.0000E+00	0.0000E+00	9.7133E-01
2.6360E+03	0.0000E+00	0.0000E+00	9.6590E-01
2.6370E+03	0.0000E+00	0.0000E+00	9.6947E-01
2.6380E+03	0.0000E+00	0.0000E+00	9.7026E-01
2.6390E+03	0.0000E+00	0.0000E+00	9.7419E-01
2.6400E+03	0.0000E+00	0.0000E+00	9.7959E-01
2.6410E+03	0.0000E+00	0.0000E+00	9.8706E-01
2.6420E+03	0.0000E+00	0.0000E+00	9.9052E-01
2.6430E+03	0.0000E+00	0.0000E+00	9.9504E-01
2.6440E+03	0.0000E+00	0.0000E+00	9.9734E-01
2.6450E+03	0.0000E+00	0.0000E+00	9.9438E-01
2.6460E+03	0.0000E+00	0.0000E+00	9.9056E-01
2.6470E+03	0.0000E+00	0.0000E+00	9.8829E-01
2.6480E+03	0.0000E+00	0.0000E+00	9.8383E-01
2.6490E+03	0.0000E+00	0.0000E+00	9.8025E-01
2.6500E+03	0.0000E+00	0.0000E+00	9.8313E-01
2.6510E+03	0.0000E+00	0.0000E+00	9.7971E-01
2.6520E+03	0.0000E+00	0.0000E+00	9.7766E-01
2.6530E+03	0.0000E+00	0.0000E+00	9.7059E-01
2.6540E+03	0.0000E+00	0.0000E+00	9.6769E-01
2.6550E+03	0.0000E+00	0.0000E+00	9.6436E-01
2.6560E+03	0.0000E+00	0.0000E+00	9.6818E-01
2.6570E+03	0.0000E+00	0.0000E+00	9.6106E-01
2.6580E+03	0.0000E+00	0.0000E+00	9.6083E-01
2.6590E+03	0.0000E+00	0.0000E+00	9.5799E-01
2.6600E+03	0.0000E+00	0.0000E+00	9.5744E-01
2.6610E+03	0.0000E+00	0.0000E+00	9.5613E-01
2.6620E+03	0.0000E+00	0.0000E+00	9.6244E-01
2.6630E+03	0.0000E+00	0.0000E+00	9.6611E-01
2.6640E+03	0.0000E+00	0.0000E+00	9.7137E-01
2.6650E+03	0.0000E+00	0.0000E+00	9.7846E-01
2.6660E+03	0.0000E+00	0.0000E+00	9.8406E-01
2.6670E+03	0.0000E+00	0.0000E+00	9.8648E-01
2.6680E+03	0.0000E+00	0.0000E+00	9.8838E-01
2.6690E+03	0.0000E+00	0.0000E+00	9.8479E-01
2.6700E+03	0.0000E+00	0.0000E+00	9.8317E-01
2.6710E+03	0.0000E+00	0.0000E+00	9.8199E-01
2.6720E+03	0.0000E+00	0.0000E+00	9.8136E-01
2.6730E+03	0.0000E+00	0.0000E+00	9.7666E-01
2.6740E+03	0.0000E+00	0.0000E+00	9.7722E-01
2.6750E+03	0.0000E+00	0.0000E+00	9.6476E-01
2.6760E+03	0.0000E+00	0.0000E+00	9.6531E-01
2.6770E+03	0.0000E+00	0.0000E+00	9.6142E-01
2.6780E+03	0.0000E+00	0.0000E+00	9.5666E-01
2.6790E+03	0.0000E+00	0.0000E+00	9.5787E-01
2.6800E+03	0.0000E+00	0.0000E+00	9.5192E-01
2.6810E+03	0.0000E+00	0.0000E+00	9.5349E-01
2.6820E+03	0.0000E+00	0.0000E+00	9.4987E-01
2.6830E+03	0.0000E+00	0.0000E+00	9.4922E-01
2.6840E+03	0.0000E+00	0.0000E+00	9.5254E-01
2.6850E+03	0.0000E+00	0.0000E+00	9.4946E-01
2.6860E+03	0.0000E+00	0.0000E+00	9.4775E-01
2.6870E+03	0.0000E+00	0.0000E+00	9.5032E-01
2.6880E+03	0.0000E+00	0.0000E+00	9.5554E-01
2.6890E+03	0.0000E+00	0.0000E+00	9.6369E-01
2.6900E+03	0.0000E+00	0.0000E+00	9.6767E-01
2.6910E+03	0.0000E+00	0.0000E+00	9.8143E-01
2.6920E+03	0.0000E+00	0.0000E+00	9.8517E-01
2.6930E+03	0.0000E+00	0.0000E+00	9.8162E-01
2.6940E+03	0.0000E+00	0.0000E+00	9.8026E-01
2.6950E+03	0.0000E+00	0.0000E+00	9.7762E-01
2.6960E+03	0.0000E+00	0.0000E+00	9.7267E-01
2.6970E+03	0.0000E+00	0.0000E+00	9.7117E-01
2.6980E+03	0.0000E+00	0.0000E+00	9.6916E-01
2.6990E+03	0.0000E+00	0.0000E+00	9.7450E-01
2.7000E+03	0.0000E+00	0.0000E+00	9.7445E-01
2.7010E+03	0.0000E+00	0.0000E+00	9.7254E-01
2.7020E+03	0.0000E+00	0.0000E+00	9.6903E-01
2.7030E+03	0.0000E+00	0.0000E+00	9.6553E-01
2.7040E+03	0.0000E+00	0.0000E+00	9.6509E-01
2.7050E+03	0.0000E+00	0.0000E+00	9.6561E-01
2.7060E+03	0.0000E+00	0.0000E+00	9.6301E-01
2.7070E+03	0.0000E+00	0.0000E+00	9.6065E-01
2.7080E+03	0.0000E+00	0.0000E+00	9.5775E-01
2.7090E+03	0.0000E+00	0.0000E+00	9.5438E-01
2.7100E+03	0.0000E+00	0.0000E+00	9.5956E-01
2.7110E+03	0.0000E+00	0.0000E+00	9.6570E-01
2.7120E+03	0.0000E+00	0.0000E+00	9.7627E-01
2.7130E+03	0.0000E+00	0.0000E+00	9.8550E-01
2.7140E+03	0.0000E+00	0.0000E+00	9.8888E-01
2.7150E+03	0.0000E+00	0.0000E+00	9.8845E-01
2.7160E+03	0.0000E+00	0.0000E+00	9.9090E-01
2.7170E+03	0.0000E+00	0.0000E+00	9.9153E-01
2.7180E+03	0.0000E+00	0.0000E+00	9.9154E-01
2.7190E+03	0.0000E+00	0.0000E+00	9.8996E-01
2.7200E+03	0.0000E+00	0.0000E+00	9.8813E-01
2.7210E+03	0.0000E+00	0.0000E+00	9.8647E-01
2.7220E+03	0.0000E+00	0.0000E+00	9.8477E-01
2.7230E+03	0.0000E+00	0.0000E+00	9.7819E-01
2.7240E+03	0.0000E+00	0.0000E+00	9.7921E-01
2.7250E+03	0.0000E+00	0.0000E+00	9.8055E-01
2.7260E+03	0.0000E+00	0.0000E+00	9.7281E-01
2.7270E+03	0.0000E+00	0.0000E+00	9.6932E-01
2.7280E+03	0.0000E+00	0.0000E+00	9.6312E-01
2.7290E+03	0.0000E+00	0.0000E+00	9.6299E-01
2.7300E+03	0.0000E+00	0.0000E+00	9.6196E-01
2.7310E+03	0.0000E+00	0.0000E+00	9.5759E-01
2.7320E+03	0.0000E+00	0.0000E+00	9.6024E-01
2.7330E+03	0.0000E+00	0.0000E+00	9.5954E-01
2.7340E+03	0.0000E+00	0.0000E+00	9.6060E-01
2.7350E+03	0.0000E+00	0.0000E+00	9.6405E-01
2.7360E+03	0.0000E+00	0.0000E+00	9.6547E-01
2.7370E+03	0.0000E+00	0.0000E+00	9.7022E-01
2.7380E+03	0.0000E+00	0.0000E+00	9.7574E-01
2.7390E+03	0.0000E+00	0.0000E+00	9.8004E-01
2.7400E+03	0.0000E+00	0.0000E+00	9.8292E-01
2.7410E+03	0.0000E+00	0.0000E+00	9.8585E-01
2.7420E+03	0.0000E+00	0.0000E+00	9.8364E-01
2.7430E+03	0.0000E+00	0.0000E+00	9.8317E-01
2.7440E+03	0.0000E+00	0.0000E+00	9.8257E-01
2.7450E+03	0.0000E+00	0.0000E+00	9.8173E-01
2.7460E+03	0.0000E+00	0.0000E+00	9.7785E-01
2.7470E+03	0.0000E+00	0.0000E+00	9.7762E-01
2.7480E+03	0.0000E+00	0.0000E+00	9.7519E-01
2.7490E+03	0.0000E+00	0.0000E+00	9.7927E-01
2.7500E+03	0.0000E+00	0.0000E+00	9.7832E-01
2.7510E+03	0.0000E+00	0.0000E+00	9.8094E-01
2.7520E+03	0.0000E+00	0.0000E+00	9.7945E-01
2.7530E+03	0.0000E+00	0.0000E+00	9.8138E-01
2.7540E+03	0.0000E+00	0.0000E+00	9.8466E-01
2.7550E+03	0.0000E+00	0.0000E+00	9.9025E-01
2.7560E+03	0.0000E+00	0.0000E+00	9.9381E-01
2.7570E+03	0.0000E+00	0.0000E+00	9.9411E-01
2.7580E+03	0.0000E+00	0.0000E+00	9.8991E-01
2.7590E+03	0.0000E+00	0.0000E+00	9.8968E-01
2.7600E+03	0.0000E+00	0.0000E+00	9.9219E-01
2.7610E+03	0.0000E+00	0.0000E+00	9.9024E-01
2.7620E+03	0.0000E+00	0.0000E+00	9.9231E-01
2.7630E+03	0.0000E+00	0.0000E+00	9.9099E-01
2.7640E+03	0.0000E+00	0.0000E+00	9.8982E-01
2.7650E+03	0.0000E+00	0.0000E+00	9.8652E-01
2.7660E+03	0.0000E+00	0.0000E+00	9.9135E-01
2.7670E+03	0.0000E+00	0.0000E+00	9.9066E-01
2.7680E+03	0.0000E+00	0.0000E+00	9.8577E-01
2.7690E+03	0.0000E+00	0.0000E+00	9.8253E-01
2.7700E+03	0.0000E+00	0.0000E+00	9.7838E-01
2.7710E+03	0.0000E+00	0.0000E+00	9.7551E-01
2.7720E+03	0.0000E+00	0.0000E+00	9.7350E-01
2.7730E+03	0.0000E+00	0.0000E+00	9.7187E-01
2.7740E+03	0.0000E+00	0.0000E+00	9.6894E-01
2.7750E+03	0.0000E+00	0.0000E+00	9.6573E-01
2.7760E+03	0.0000E+00	0.0000E+00	9.6321E-01
2.7770E+03	0.0000E+00	0.0000E+00	9.6108E-01
2.7780E+03	0.0000E+00	0.0000E+00	9.5457E-01
2.7790E+03	0.0000E+00	0.0000E+00	9.5544E-01
2.7800E+03	0.0000E+00	0.0000E+00	9.4858E-01
2.7810E+03	0.0000E+00	0.0000E+00	9.4862E-01
2.7820E+03	0.0000E+00	0.0000E+00	9.4671E-01
2.7830E+03	0.0000E+00	0.0000E+00	9.4850E-01
2.7840E+03	0.0000E+00	0.0000E+00	9.5380E-01
2.7850E+03	0.0000E+00	0.0000E+00	9.5975E-01
2.7860E+03	0.0000E+00	0.0000E+00	9.6103E-01
2.7870E+03	0.0000E+00	0.0000E+00	9.6453E-01
2.7880E+03	0.0000E+00	0.0000E+00	9.6520E-01
2.7890E+03	0.0000E+00	0.0000E+00	9.6787E-01
2.7900E+03	0.0000E+00	0.0000E+00	9.6271E-01
2.7910E+03	0.0000E+00	0.0000E+00	9.6081E-01
2.7920E+03	0.0000E+00	0.0000E+00	9.5675E-01
2.7930E+03	0.0000E+00	0.0000E+00	9.5967E-01
2.7940E+03	0.0000E+00	0.0000E+00	9.5731E-01
2.7950E+03	0.0000E+00	0.0000E+00	9.5284E-01
2.7960E+03	0.0000E+00	0.0000E+00	9.5252E-01
2.7970E+03	0.0000E+00	0.0000E+00	9.5198E-01
2.7980E+03	0.0000E+00	0.0000E+00	9.5082E-01
2.7990E+03	0.0000E+00	0.0000E+00	9.4795E-01
2.8000E+03	0.0000E+00	0.0000E+00	9.4656E-01
2.8010E+03	0.0000E+00	0.0000E+00	9.4361E-01
2.8020E+03	0.0000E+00	0.0000E+00	9.3822E-01
2.8030E+03	0.0000E+00	0.0000E+00	9.3666E-01
2.8040E+03	0.0000E+00	0.0000E+00	9.3789E-01
2.8050E+03	0.0000E+00	0.0000E+00	9.3039E-01
2.8060E+03	0.0000E+00	0.0000E+00	9.2952E-01
2.8070E+03	0.0000E+00	0.0000E+00	9.3251E-01
2.8080E+03	0.0000E+00	0.0000E+00	9.3677E-01
2.8090E+03	0.0000E+00	0.0000E+00	9.3650E-01
2.8100E+03	0.0000E+00	0.0000E+00	9.4316E-01
2.8110E+03	0.0000E+00	0.0000E+00	9.4328E-01
2.8120E+03	0.0000E+00	0.0000E+00	9.4485E-01
2.8130E+03	0.0000E+00	0.0000E+00	9.4563E-01
2.8140E+03	0.0000E+00	0.0000E+00	9.4547E-01
2.8150E+03	0.0000E+00	0.0000E+00	9.4231E-01
2.8160E+03	0.0000E+00	0.0000E+00	9.4291E-01
2.8170E+03	0.0000E+00	0.0000E+00	9.4304E-01
2.8180E+03	0.0000E+00	0.0000E+00	9.4528E-01
2.8190E+03	0.0000E+00	0.0000E+00	9.4123E-01
2.8200E+03	0.0000E+00	0.0000E+00	9.3859E-01
2.8210E+03	0.0000E+00	0.0000E+00	9.4080E-01
2.8220E+03	0.0000E+00	0.0000E+00	9.3587E-01
2.8230E+03	0.0000E+00	0.0000E+00	9.3268E-01
2.8240E+03	0.0000E+00	0.0000E+00	9.3355E-01
2.8250E+03	0.0000E+00	0.0000E+00	9.3341E-01
2.8260E+03	0.0000E+00	0.0000E+00	9.2867E-01
2.8270E+03	0.0000E+00	0.0000E+00	9.3094E-01
2.8280E+03	0.0000E+00	0.0000E+00	9.2870E-01
2.8290E+03	0.0000E+00	0.0000E+00	9.2310E-01
2.8300E+03	0.0000E+00	0.0000E+00	9.2224E-01
2.8310E+03	0.0000E+00	0.0000E+00	9.2084E-01
2.8320E+03	0.0000E+00	0.0000E+00	9.2345E-01
2.8330E+03	0.0000E+00	0.0000E+00	9.2414E-01
2.8340E+03	0.0000E+00	0.0000E+00	9.2411E-01
2.8350E+03	0.0000E+00	0.0000E+00	9.2781E-01
2.8360E+03	0.0000E+00	0.0000E+00	9.3314E-01
2.8370E+03	0.0000E+00	0.0000E+00	9.3323E-01
2.8380E+03	0.0000E+00	0.0000E+00	9.3157E-01
2.8390E+03	0.0000E+00	0.0000E+00	9.3039E-01
2.8400E+03	0.0000E+00	0.0000E+00	9.3094E-01
2.8410E+03	0.0000E+00	0.0000E+00	9.2933E-01
2.8420E+03	0.0000E+00	0.0000E+00	9.2963E-01
2.8430E+03	0.0000E+00	0.0000E+00	9.3182E-01
2.8440E+03	0.0000E+00	0.0000E+00	9.2855E-01
2.8450E+03	0.0000E+00	0.0000E+00	9.2891E-01
2.8460E+03	0.0000E+00	0.0000E+00	9.2839E-01
2.8470E+03	0.0000E+00	0.0000E+00	9.2584E-01
2.8480E+03	0.0000E+00	0.0000E+00	9.2459E-01
2.8490E+03	0.0000E+00	0.0000E+00	9.2305E-01
2.8500E+03	0.0000E+00	0.0000E+00	9.1991E-01
2.8510E+03	0.0000E+00	0.0000E+00	9.2166E-01
2.8520E+03	0.0000E+00	0.0000E+00	9.1803E-01
2.8530E+03	0.0000E+00	0.0000E+00	9.1449E-01
2.8540E+03	0.0000E+00	0.0000E+00	9.1292E-01
2.8550E+03	0.0000E+00	0.0000E+00	9.1094E-01
2.8560E+03	0.0000E+00	0.0000E+00	9.1028E-01
2.8570E+03	0.0000E+00	0.0000E+00	9.1670E-01
2.8580E+03	0.0000E+00	0.0000E+00	9.2154E-01
2.8590E+03	0.0000E+00	0.0000E+00	9.2396E-01
2.8600E+03	0.0000E+00	0.0000E+00	9.2766E-01
2.8610E+03	0.0000E+00	0.0000E+00	9.2728E-01
2.8620E+03	0.0000E+00	0.0000E+00	9.2901E-01
2.8630E+03	0.0000E+00	0.0000E+00	9.2421E-01
2.8640E+03	0.0000E+00	0.0000E+00	9.2485E-01
2.8650E+03	0.0000E+00	0.0000E+00	9.2511E-01
2.8660E+03	0.0000E+00	0.0000E+00	9.2432E-01
2.8670E+03	0.0000E+00	0.0000E+00	9.2356E-01
2.8680E+03	0.0000E+00	0.0000E+00	9.2147E-01
2.8690E+03	0.0000E+00	0.0000E+00	9.2093E-01
2.8700E+03	0.0000E+00	0.0000E+00	9.1889E-01
2.8710E+03	0.0000E+00	0.0000E+00	9.1907E-01
2.8720E+03	0.0000E+00	0.0000E+00	9.1786E-01
2.8730E+03	0.0000E+00	0.0000E+00	9.1453E-01
2.8740E+03	0.0000E+00	0.0000E+00	9.1363E-01
2.8750E+03	0.0000E+00	0.0000E+00	9.1501E-01
2.8760E+03	0.0000E+00	0.0000E+00	9.1217E-01
2.8770E+03	0.0000E+00	0.0000E+00	9.1239E-01
2.8780E+03	0.0000E+00	0.0000E+00	9.1090E-01
2.8790E+03	0.0000E+00	0.0000E+00	9.0775E-01
2.8800E+03	0.0000E+00	0.0000E+00	9.1246E-01
2.8810E+03	0.0000E+00	0.0000E+00	9.1071E-01
2.8820E+03	0.0000E+00	0.0000E+00	9.1545E-01
2.8830E+03	0.0000E+00	0.0000E+00	9.2000E-01
2.8840E+03	0.0000E+00	0.0000E+00	9.2084E-01
2.8850E+03	0.0000E+00	0.0000E+00	9.1961E-01
2.8860E+03	0.0000E+00	0.0000E+00	9.2146E-01
2.8870E+03	0.0000E+00	0.0000E+00	9.1645E-01
2.8880E+03	0.0000E+00	0.0000E+00	9.1932E-01
2.8890E+03	0.0000E+00	0.0000E+00	9.2067E-01
2.8900E+03	0.0000E+00	0.0000E+00	9.2076E-01
2.8910E+03	0.0000E+00	0.0000E+00	9.1830E-01
2.8920E+03	0.0000E+00	0.0000E+00	9.2103E-01
2.8930E+03	0.0000E+00	0.0000E+00	9.1383E-01
2.8940E+03	0.0000E+00	0.0000E+00	9.1942E-01
2.8950E+03	0.0000E+00	0.0000E+00	9.1504E-01
2.8960E+03	0.0000E+00	0.0000E+00	9.1015E-01
2.8970E+03	0.0000E+00	0.0000E+00	9.1287E-01
2.8980E+03	0.0000E+00	0.0000E+00	9.0845E-01
2.8990E+03	0.0000E+00	0.0000E+00	9.0988E-01
2.9000E+03	0.0000E+00	0.0000E+00	9.0759E-01
2.9010E+03	0.0000E+00	0.0000E+00	9.0503E-01
2.9020E+03	0.0000E+00	0.0000E+00	9.0245E-01
2.9030E+03	0.0000E+00	0.0000E+00	9.0571E-01
2.9040E+03	0.0000E+00	0.0000E+00	9.0283E-01
2.9050E+03	0.0000E+00	0.0000E+00	9.0420E-01
2.9060E+03	0.0000E+00	0.0000E+00	9.0813E-01
2.9070E+03	0.0000E+00	0.0000E+00	9.0389E-01
2.9080E+03	0.0000E+00	0.0000E+00	9.1235E-01
2.9090E+03	0.0000E+00	0.0000E+00	9.1368E-01
2.9100E+03	0.0000E+00	0.0000E+00	9.1466E-01
2.9110E+03	0.0000E+00	0.0000E+00	9.1332E-01
2.9120E+03	0.0000E+00	0.0000E+00	9.1455E-01
2.9130E+03	0.0000E+00	0.0000E+00	9.1399E-01
2.9140E+03	0.0000E+00	0.0000E+00	9.1429E-01
2.9150E+03	0.0000E+00	0.0000E+00	9.1121E-01
2.9160E+03	0.0000E+00	0.0000E+00	9.1027E-01
2.9170E+03	0.0000E+00	0.0000E+00	9.0773E-01
2.9180E+03	0.0000E+00	0.0000E+00	9.1204E-01
2.9190E+03	0.0000E+00	0.0000E+00	9.0956E-01
2.9200E+03	0.0000E+00	0.0000E+00	9.0743E-01
2.9210E+03	0.0000E+00	0.0000E+00	9.1023E-01
2.9220E+03	0.0000E+00	0.0000E+00	8.7850E-01
2.9230E+03	0.0000E+00	0.0000E+00	8.7639E-01
2.9240E+03	0.0000E+00	0.0000E+00	8.7234E-01
2.9250E+03	0.0000E+00	0.0000E+00	8.6985E-01
2.9260E+03	0.0000E+00	0.0000E+00	8.6807E-01
2.9270E+03	0.0000E+00	0.0000E+00	8.6511E-01
2.9280E+03	0.0000E+00	0.0000E+00	8.6795E-01
2.9290E+03	0.0000E+00	0.0000E+00	8.6782E-01
2.9300E+03	0.0000E+00	0.0000E+00	8.7032E-01
2.9310E+03	0.0000E+00	0.0000E+00	8.7545E-01
2.9320E+03	0.0000E+00	0.0000E+00	8.8055E-01
2.9330E+03	0.0000E+00	0.0000E+00	8.8451E-01
2.9340E+03	0.0000E+00	0.0000E+00	8.8284E-01
2.9350E+03	0.0000E+00	0.0000E+00	8.8163E-01
2.9360E+03	0.0000E+00	0.0000E+00	8.8274E-01
2.9370E+03	0.0000E+00	0.0000E+00	8.8565E-01
2.9380E+03	0.0000E+00	0.0000E+00	8.8081E-01
2.9390E+03	0.0000E+00	0.0000E+00	8.8065E-01
2.9400E+03	0.0000E+00	0.0000E+00	8.7949E-01
2.9410E+03	0.0000E+00	0.0000E+00	8.8068E-01
2.9420E+03	0.0000E+00	0.0000E+00	8.7586E-01
2.9430E+03	0.0000E+00	0.0000E+00	8.7378E-01
2.9440E+03	0.0000E+00	0.0000E+00	8.7165E-01
2.9450E+03	0.0000E+00	0.0000E+00	8.7074E-01
2.9460E+03	0.0000E+00	0.0000E+00	8.7073E-01
2.9470E+03	0.0000E+00	0.0000E+00	8.6969E-01
2.9480E+03	0.0000E+00	0.0000E+00	8.6993E-01
2.9490E+03	0.0000E+00	0.0000E+00	8.6554E-01
2.9500E+03	0.0000E+00	0.0000E+00	8.6455E-01
2.9510E+03	0.0000E+00	0.0000E+00	8.6355E-01
2.9520E+03	0.0000E+00	0.0000E+00	8.6327E-01
2.9530E+03	0.0000E+00	0.0000E+00	8.6672E-01
2.9540E+03	0.0000E+00	0.0000E+00	8.6912E-01
2.9550E+03	0.0000E+00	0.0000E+00	8.7367E-01
2.9560E+03	0.0000E+00	0.0000E+00	8.7292E-01
2.9570E+03	0.0000E+00	0.0000E+00	8.7455E-01
2.9580E+03	0.0000E+00	0.0000E+00	8.7623E-01
2.9590E+03	0.0000E+00	0.0000E+00	8.7634E-01
2.9600E+03	0.0000E+00	0.0000E+00	8.7641E-01
2.9610E+03	0.0000E+00	0.0000E+00	8.7697E-01
2.9620E+03	0.0000E+00	0.0000E+00	8.7537E-01
2.9630E+03	0.0000E+00	0.0000E+00	8.7590E-01
2.9640E+03	0.0000E+00	0.0000E+00	8.7411E-01
2.9650E+03	0.0000E+00	0.0000E+00	8.7188E-01
2.9660E+03	0.0000E+00	0.0000E+00	8.7201E-01
2.9670E+03	0.0000E+00	0.0000E+00	8.6951E-01
2.9680E+03	0.0000E+00	0.0000E+00	8.6350E-01
2.9690E+03	0.0000E+00	0.0000E+00	8.6634E-01
2.9700E+03	0.0000E+00	0.0000E+00	8.6452E-01
2.9710E+03	0.0000E+00	0.0000E+00	8.6661E-01
2.9720E+03	0.0000E+00	0.0000E+00	8.6529E-01
2.9730E+03	0.0000E+00	0.0000E+00	8.6090E-01
2.9740E+03	0.0000E+00	0.0000E+00	8.5784E-01
2.9750E+03	0.0000E+00	0.0000E+00	8.5784E-01
2.9760E+03	0.0000E+00	0.0000E+00	8.5813E-01
2.9770E+03	0.0000E+00	0.0000E+00	8.5900E-01
2.9780E+03	0.0000E+00	0.0000E+00	8.5955E-01
2.9790E+03	0.0000E+00	0.0000E+00	8.6610E-01
2.9800E+03	0.0000E+00	0.0000E+00	8.7034E-01
2.9810E+03	0.0000E+00	0.0000E+00	8.7297E-01
2.9820E+03	0.0000E+00	0.0000E+00	8.7385E-01
2.9830E+03	0.0000E+00	0.0000E+00	8.7291E-01
2.9840E+03	0.0000E+00	0.0000E+00	8.7572E-01
2.9850E+03	0.0000E+00	0.0000E+00	8.7302E-01
2.9860E+03	0.0000E+00	0.0000E+00	8.7466E-01
2.9870E+03	0.0000E+00	0.0000E+00	8.7069E-01
2.9880E+03	0.0000E+00	0.0000E+00	8.6657E-01
2.9890E+03	0.0000E+00	0.0000E+00	8.6657E-01
2.9900E+03	0.0000E+00	0.0000E+00	8.6749E-01
2.9910E+03	0.0000E+00	0.0000E+00	8.6728E-01
2.9920E+03	0.0000E+00	0.0000E+00	8.6410E-01
2.9930E+03	0.0000E+00	0.0000E+00	8.6619E-01
2.9940E+03	0.0000E+00	0.0000E+00	8.6468E-01
2.9950E+03	0.0000E+00	0.0000E+00	8.6397E-01
2.9960E+03	0.0000E+00	0.0000E+00	8.6601E-01
2.9970E+03	0.0000E+00	0.0000E+00	8.5966E-01
2.9980E+03	0.0000E+00	0.0000E+00	8.6242E-01
2.9990E+03	0.0000E+00	0.0000E+00	8.5683E-01
3.0000E+03	0.0000E+00	0.0000E+00	8.6009E-01
3.0010E+03	0.0000E+00	0.0000E+00	8.5833E-01
3.0020E+03	0.0000E+00	0.0000E+00	8.5909E-01
3.0030E+03	0.0000E+00	0.0000E+00	8.5920E-01
3.0040E+03	0.0000E+00	0.0000E+00	8.6044E-01
3.0050E+03	0.0000E+00	0.0000E+00	8.6425E-01
3.0060E+03	0.0000E+00	0.0000E+00	8.6541E-01
3.0070E+03	0.0000E+00	0.0000E+00	8.6697E-01
3.0080E+03	0.0000E+00	0.0000E+00	8.6483E-01
3.0090E+03	0.0000E+00	0.0000E+00	8.6717E-01
3.0100E+03	0.0000E+00	0.0000E+00	8.6572E-01
3.0110E+03	0.0000E+00	0.0000E+00	8.6656E-01
3.0120E+03	0.0000E+00	0.0000E+00	8.6571E-01
3.0130E+03	0.0000E+00	0.0000E+00	8.6559E-01
3.0140E+03	0.0000E+00	0.0000E+00	8.6468E-01
3.0150E+03	0.0000E+00	0.0000E+00	8.6032E-01
3.0160E+03	0.0000E+00	0.0000E+00	8.5904E-01
3.0170E+03	0.0000E+00	0.0000E+00	8.5972E-01
3.0180E+03	0.0000E+00	0.0000E+00	8.6064E-01
3.0190E+03	0.0000E+00	0.0000E+00	8.5993E-01
3.0200E+03	0.0000E+00	0.0000E+00	8.6071E-01
3.0210E+03	0.0000E+00	0.0000E+00	8.5735E-01
3.0220E+03	0.0000E+00	0.0000E+00	8.5661E-01
3.0230E+03	0.0000E+00	0.0000E+00	8.5314E-01
3.0240E+03	0.0000E+00	0.0000E+00	8.5342E-01
3.0250E+03	0.0000E+00	0.0000E+00	8.5786E-01
3.0260E+03	0.0000E+00	0.0000E+00	8.5591E-01
3.0270E+03	0.0000E+00	0.0000E+00	8.6002E-01
3.0280E+03	0.0000E+00	0.0000E+00	8.6162E-01
3.0290E+03	0.0000E+00	0.0000E+00	8.6420E-01
3.0300E+03	0.0000E+00	0.0000E+00	8.6435E-01
3.0310E+03	0.0000E+00	0.0000E+00	8.6346E-01
3.0320E+03	0.0000E+00	0.0000E+00	8.6246E-01
3.0330E+03	0.0000E+00	0.0000E+00	8.6101E-01
3.0340E+03	0.0000E+00	0.0000E+00	8.6302E-01
3.0350E+03	0.0000E+00	0.0000E+00	8.6215E-01
3.0360E+03	0.0000E+00	0.0000E+00	8.6011E-01
3.0370E+03	0.0000E+00	0.0000E+00	8.6521E-01
3.0380E+03	0.0000E+00	0.0000E+00	8.6146E-01
3.0390E+03	0.0000E+00	0.0000E+00	8.5948E-01
3.0400E+03	0.0000E+00	0.0000E+00	8.5976E-01
3.0410E+03	0.0000E+00	0.0000E+00	8.5647E-01
3.0420E+03	0.0000E+00	0.0000E+00	8.5677E-01
3.0430E+03	0.0000E+00	0.0000E+00	8.5523E-01
3.0440E+03	0.0000E+00	0.0000E+00	8.5480E-01
3.0450E+03	0.0000E+00	0.0000E+00	8.5220E-01
3.0460E+03	0.0000E+00	0.0000E+00	8.4949E-01
3.0470E+03	0.0000E+00	0.0000E+00	8.5063E-01
3.0480E+03	0.0000E+00	0.0000E+00	8.4777E-01
3.0490E+03	0.0000E+00	0.0000E+00	8.5116E-01
3.0500E+03	0.0000E+00	0.0000E+00	8.4715E-01
3.0510E+03	0.0000E+00	0.0000E+00	8.4983E-01
3.0520E+03	0.0000E+00	0.0000E+00	8.4796E-01
3.0530E+03	0.0000E+00	0.0000E+00	8.5098E-01
3.0540E+03	0.0000E+00	0.0000E+00	8.5183E-01
3.0550E+03	0.0000E+00	0.0000E+00	8.5404E-01
3.0560E+03	0.0000E+00	0.0000E+00	8.5416E-01
3.0570E+03	0.0000E+00	0.0000E+00	8.5265E-01
3.0580E+03	0.0000E+00	0.0000E+00	8.5422E-01
3.0590E+03	0.0000E+00	0.0000E+00	8.5378E-01
3.0600E+03	0.0000E+00	0.0000E+00	8.5526E-01
3.0610E+03	0.0000E+00	0.0000E+00	8.5173E-01
3.0620E+03	0.0000E+00	0.0000E+00	8.5599E-01
3.0630E+03	0.0000E+00	0.0000E+00	8.5595E-01
3.0640E+03	0.0000E+00	0.0000E+00	8.5446E-01
3.0650E+03	0.0000E+00	0.0000E+00	8.5292E-01
3.0660E+03	0.0000E+00	0.0000E+00	8.5315E-01
3.0670E+03	0.0000E+00	0.0000E+00	8.5344E-01
3.0680E+03	0.0000E+00	0.0000E+00	8.4966E-01
3.0690E+03	0.0000E+00	0.0000E+00	8.4810E-01
3.0700E+03	0.0000E+00	0.0000E+00	8.4605E-01
3.0710E+03	0.0000E+00	0.0000E+00	8.4658E-01
3.0720E+03	0.0000E+00	0.0000E+00	8.4804E-01
3.0730E+03	0.0000E+00	0.0000E+00	8.4674E-01
3.0740E+03	0.0000E+00	0.0000E+00	8.4683E-01
3.0750E+03	0.0000E+00	0.0000E+00	8.4661E-01
3.0760E+03	0.0000E+00	0.0000E+00	8.5237E-01
3.0770E+03	0.0000E+00	0.0000E+00	8.5481E-01
3.0780E+03	0.0000E+00	0.0000E+00	8.5827E-01
3.0790E+03	0.0000E+00	0.0000E+00	8.5561E-01
3.0800E+03	0.0000E+00	0.0000E+00	8.5603E-01
3.0810E+03	0.0000E+00	0.0000E+00	8.5680E-01
3.0820E+03	0.0000E+00	0.0000E+00	8.5803E-01
3.0830E+03	0.0000E+00	0.0000E+00	8.5808E-01
3.0840E+03	0.0000E+00	0.0000E+00	8.5748E-01
3.0850E+03	0.0000E+00	0.0000E+00	8.5422E-01
3.0860E+03	0.0000E+00	0.0000E+00	8.5308E-01
3.0870E+03	0.0000E+00	0.0000E+00	8.5321E-01
3.0880E+03	0.0000E+00	0.0000E+00	8.5171E-01
3.0890E+03	0.0000E+00	0.0000E+00	8.5136E-01
3.0900E+03	0.0000E+00	0.0000E+00	8.5155E-01
3.0910E+03	0.0000E+00	0.0000E+00	8.5030E-01
3.0920E+03	0.0000E+00	0.0000E+00	8.4957E-01
3.0930E+03	0.0000E+00	0.0000E+00	8.4616E-01
3.0940E+03	0.0000E+00	0.0000E+00	8.4431E-01
3.0950E+03	0.0000E+00	0.0000E+00	8.4450E-01
3.0960E+03	0.0000E+00	0.0000E+00	8.4558E-01
3.0970E+03	0.0000E+00	0.0000E+00	8.4729E-01
3.0980E+03	0.0000E+00	0.0000E+00	8.4775E-01
3.0990E+03	0.0000E+00	0.0000E+00	8.5013E-01
3.1000E+03	0.0000E+00	0.0000E+00	8.5178E-01
3.1010E+03	0.0000E+00	0.0000E+00	8.5283E-01
3.1020E+03	0.0000E+00	0.0000E+00	8.5531E-01
3.1030E+03	0.0000E+00	0.0000E+00	8.5543E-01
3.1040E+03	0.0000E+00	0.0000E+00	8.5493E-01
3.1050E+03	0.0000E+00	0.0000E+00	8.5693E-01
3.1060E+03	0.0000E+00	0.0000E+00	8.5675E-01
3.1070E+03	0.0000E+00	0.0000E+00	8.5818E-01
3.1080E+03	0.0000E+00	0.0000E+00	8.5566E-01
3.1090E+03	0.0000E+00	0.0000E+00	8.5479E-01
3.1100E+03	0.0000E+00	0.0000E+00	8.5274E-01
3.1110E+03	0.0000E+00	0.0000E+00	8.4966E-01
3.1120E+03	0.0000E+00	0.0000E+00	8.5194E-01
3.1130E+03	0.0000E+00	0.0000E+00	8.5065E-01
3.1140E+03	0.0000E+00	0.0000E+00	8.4565E-01
3.1150E+03	0.0000E+00	0.0000E+00	8.4310E-01
3.1160E+03	0.0000E+00	0.0000E+00	8.4202E-01
3.1170E+03	0.0000E+00	0.0000E+00	8.4146E-01
3.1180E+03	0.0000E+00	0.0000E+00	8.3831E-01
3.1190E+03	0.0000E+00	0.0000E+00	8.4109E-01
3.1200E+03	0.0000E+00	0.0000E+00	8.3964E-01
3.1210E+03	0.0000E+00	0.0000E+00	8.3821E-01
3.1220E+03	0.0000E+00	0.0000E+00	8.3933E-01
3.1230E+03	0.0000E+00	0.0000E+00	8.4048E-01
3.1240E+03	0.0000E+00	0.0000E+00	8.4201E-01
3.1250E+03	0.0000E+00	0.0000E+00	8.4608E-01
3.1260E+03	0.0000E+00	0.0000E+00	8.4642E-01
3.1270E+03	0.0000E+00	0.0000E+00	8.4675E-01
3.1280E+03	0.0000E+00	0.0000E+00	8.4661E-01
3.1290E+03	0.0000E+00	0.0000E+00	8.4980E-01
3.1300E+03	0.0000E+00	0.0000E+00	8.5004E-01
3.1310E+03	0.0000E+00	0.0000E+00	8.4918E-01
3.1320E+03	0.0000E+00	0.0000E+00	8.4598E-01
3.1330E+03	0.0000E+00	0.0000E+00	8.4821E-01
3.1340E+03	0.0000E+00	0.0000E+00	8.4829E-01
3.1350E+03	0.0000E+00	0.0000E+00	8.4608E-01
3.1360E+03	0.0000E+00	0.0000E+00	8.4376E-01
3.1370E+03	0.0000E+00	0.0000E+00	8.4177E-01
3.1380E+03	0.0000E+00	0.0000E+00	8.4652E-01
3.1390E+03	0.0000E+00	0.0000E+00	8.4470E-01
3.1400E+03	0.0000E+00	0.0000E+00	8.4132E-01
3.1410E+03	0.0000E+00	0.0000E+00	8.4088E-01
3.1420E+03	0.0000E+00	0.0000E+00	8.3795E-01
3.1430E+03	0.0000E+00	0.0000E+00	8.3729E-01
3.1440E+03	0.0000E+00	0.0000E+00	8.3467E-01
3.1450E+03	0.0000E+00	0.0000E+00	8.3881E-01
3.1460E+03	0.0000E+00	0.0000E+00	8.3886E-01
3.1470E+03	0.0000E+00	0.0000E+00	8.4161E-01
3.1480E+03	0.0000E+00	0.0000E+00	8.4228E-01
3.1490E+03	0.0000E+00	0.0000E+00	8.4492E-01
3.1500E+03	0.0000E+00	0.0000E+00	8.4528E-01
3.1510E+03	0.0000E+00	0.0000E+00	8.4596E-01
3.1520E+03	0.0000E+00	0.0000E+00	8.5071E-01
3.1530E+03	0.0000E+00	0.0000E+00	8.5096E-01
3.1540E+03	0.0000E+00	0.0000E+00	8.5166E-01
3.1550E+03	0.0000E+00	0.0000E+00	8.5296E-01
3.1560E+03	0.0000E+00	0.0000E+00	8.5331E-01
3.1570E+03	0.0000E+00	0.0000E+00	8.4724E-01
3.1580E+03	0.0000E+00	0.0000E+00	8.5135E-01
3.1590E+03	0.0000E+00	0.0000E+00	8.5037E-01
3.1600E+03	0.0000E+00	0.0000E+00	8.5158E-01
3.1610E+03	0.0000E+00	0.0000E+00	8.4572E-01
3.1620E+03	0.0000E+00	0.0000E+00	8.4761E-01
3.1630E+03	0.0000E+00	0.0000E+00	8.4598E-01
3.1640E+03	0.0000E+00	0.0000E+00	8.4563E-01
3.1650E+03	0.0000E+00	0.0000E+00	8.4255E-01
3.1660E+03	0.0000E+00	0.0000E+00	8.4107E-01
3.1670E+03	0.0000E+00	0.0000E+00	8.3990E-01
3.1680E+03	0.0000E+00	0.0000E+00	8.4057E-01
3.1690E+03	0.0000E+00	0.0000E+00	8.3960E-01
3.1700E+03	0.0000E+00	0.0000E+00	8.3936E-01
3.1710E+03	0.0000E+00	0.0000E+00	8.3896E-01
3.1720E+03	0.0000E+00	0.0000E+00	8.4051E-01
3.1730E+03	0.0000E+00	0.0000E+00	8.4532E-01
3.1740E+03	0.0000E+00	0.0000E+00	8.4186E-01
3.1750E+03	0.0000E+00	0.0000E+00	8.4601E-01
3.1760E+03	0.0000E+00	0.0000E+00	8.4621E-01
3.1770E+03	0.0000E+00	0.0000E+00	8.4599E-01
3.1780E+03	0.0000E+00	0.0000E+00	8.4738E-01
3.1790E+03	0.0000E+00	0.0000E+00	8.4959E-01
3.1800E+03	0.0000E+00	0.0000E+00	8.4821E-01
3.1810E+03	0.0000E+00	0.0000E+00	8.4919E-01
3.1820E+03	0.0000E+00	0.0000E+00	8.4990E-01
3.1830E+03	0.0000E+00	0.0000E+00	8.5242E-01
3.1840E+03	0.0000E+00	0.0000E+00	8.5129E-01
3.1850E+03	0.0000E+00	0.0000E+00	8.4795E-01
3.1860E+03	0.0000E+00	0.0000E+00	8.4527E-01
3.1870E+03	0.0000E+00	0.0000E+00	8.4653E-01
3.1880E+03	0.0000E+00	0.0000E+00	8.4503E-01
3.1890E+03	0.0000E+00	0.0000E+00	8.4410E-01
3.1900E+03	0.0000E+00	0.0000E+00	8.4549E-01
3.1910E+03	0.0000E+00	0.0000E+00	8.4632E-01
3.1920E+03	0.0000E+00	0.0000E+00	8.4337E-01
3.1930E+03	0.0000E+00	0.0000E+00	8.4413E-01
3.1940E+03	0.0000E+00	0.0000E+00	8.4262E-01
3.1950E+03	0.0000E+00	0.0000E+00	8.4072E-01
3.1960E+03	0.0000E+00	0.0000E+00	8.3966E-01
3.1970E+03	0.0000E+00	0.0000E+00	8.4065E-01
3.1980E+03	0.0000E+00	0.0000E+00	8.4196E-01
3.1990E+03	0.0000E+00	0.0000E+00	8.4101E-01
3.2000E+03	0.0000E+00	0.0000E+00	8.4045E-01
3.2010E+03	0.0000E+00	0.0000E+00	8.4307E-01
3.2020E+03	0.0000E+00	0.0000E+00	8.4265E-01
3.2030E+03	0.0000E+00	0.0000E+00	8.4741E-01
3.2040E+03	0.0000E+00	0.0000E+00	8.4658E-01
3.2050E+03	0.0000E+00	0.0000E+00	8.4661E-01
3.2060E+03	0.0000E+00	0.0000E+00	8.4357E-01
3.2070E+03	0.0000E+00	0.0000E+00	8.4575E-01
3.2080E+03	0.0000E+00	0.0000E+00	8.4555E-01
3.2090E+03	0.0000E+00	0.0000E+00	8.4732E-01
3.2100E+03	0.0000E+00	0.0000E+00	8.4442E-01
3.2110E+03	0.0000E+00	0.0000E+00	8.4418E-01
3.2120E+03	0.0000E+00	0.0000E+00	8.4220E-01
3.2130E+03	0.0000E+00	0.0000E+00	8.3993E-01
3.2140E+03	0.0000E+00	0.0000E+00	8.3889E-01
3.2150E+03	0.0000E+00	0.0000E+00	8.3697E-01
3.2160E+03	0.0000E+00	0.0000E+00	8.3596E-01
3.2170E+03	0.0000E+00	0.0000E+00	8.3601E-01
3.2180E+03	0.0000E+00	0.0000E+00	8.3623E-01
3.2190E+03	0.0000E+00	0.0000E+00	8.3783E-01
3.2200E+03	0.0000E+00	0.0000E+00	8.3940E-01
3.2210E+03	0.0000E+00	0.0000E+00	8.3793E-01
3.2220E+03	0.0000E+00	0.0000E+00	8.3734E-01
3.2230E+03	0.0000E+00	0.0000E+00	8.3869E-01
3.2240E+03	0.0000E+00	0.0000E+00	8.4318E-01
3.2250E+03	0.0000E+00	0.0000E+00	8.4403E-01
3.2260E+03	0.0000E+00	0.0000E+00	8.4645E-01
3.2270E+03	0.0000E+00	0.0000E+00	8.4817E-01
3.2280E+03	0.0000E+00	0.0000E+00	8.4536E-01
3.2290E+03	0.0000E+00	0.0000E+00	8.4577E-01
3.2300E+03	0.0000E+00	0.0000E+00	8.4520E-01
3.2310E+03	0.0000E+00	0.0000E+00	8.4591E-01
3.2320E+03	0.0000E+00	0.0000E+00	8.4530E-01
3.2330E+03	0.0000E+00	0.0000E+00	8.4652E-01
3.2340E+03	0.0000E+00	0.0000E+00	8.4626E-01
3.2350E+03	0.0000E+00	0.0000E+00	8.4229E-01
3.2360E+03	0.0000E+00	0.0000E+00	8.4343E-01
3.2370E+03	0.0000E+00	0.0000E+00	8.3872E-01
3.2380E+03	0.0000E+00	0.0000E+00	8.3828E-01
3.2390E+03	0.0000E+00	0.0000E+00	8.3818E-01
3.2400E+03	0.0000E+00	0.0000E+00	8.3692E-01
3.2410E+03	0.0000E+00	0.0000E+00	8.3856E-01
3.2420E+03	0.0000E+00	0.0000E+00	8.3505E-01
3.2430E+03	0.0000E+00	0.0000E+00	8.3388E-01
3.2440E+03	0.0000E+00	0.0000E+00	8.3861E-01
3.2450E+03	0.0000E+00	0.0000E+00	8.3368E-01
3.2460E+03	0.0000E+00	0.0000E+00	8.3717E-01
3.2470E+03	0.0000E+00	0.0000E+00	8.3911E-01
3.2480E+03	0.0000E+00	0.0000E+00	8.4142E-01
3.2490E+03	0.0000E+00	0.0000E+00	8.4192E-01
3.2500E+03	0.0000E+00	0.0000E+00	8.4428E-01
3.2510E+03	0.0000E+00	0.0000E+00	8.4515E-01
3.2520E+03	0.0000E+00	0.0000E+00	8.4165E-01
3.2530E+03	0.0000E+00	0.0000E+00	8.4522E-01
3.2540E+03	0.0000E+00	0.0000E+00	8.4651E-01
3.2550E+03	0.0000E+00	0.0000E+00	8.4559E-01
3.2560E+03	0.0000E+00	0.0000E+00	8.4214E-01
3.2570E+03	0.0000E+00	0.0000E+00	8.4335E-01
3.2580E+03	0.0000E+00	0.0000E+00	8.4510E-01
3.2590E+03	0.0000E+00	0.0000E+00	8.4363E-01
3.2600E+03	0.0000E+00	0.0000E+00	8.3817E-01
3.2610E+03	0.0000E+00	0.0000E+00	8.3773E-01
3.2620E+03	0.0000E+00	0.0000E+00	8.3569E-01
3.2630E+03	0.0000E+00	0.0000E+00	8.3711E-01
3.2640E+03	0.0000E+00	0.0000E+00	8.3537E-01
3.2650E+03	0.0000E+00	0.0000E+00	8.3544E-01
3.2660E+03	0.0000E+00	0.0000E+00	8.3487E-01
3.2670E+03	0.0000E+00	0.0000E+00	8.3457E-01
3.2680E+03	0.0000E+00	0.0000E+00	8.3743E-01
3.2690E+03	0.0000E+00	0.0000E+00	8.3881E-01
3.2700E+03	0.0000E+00	0.0000E+00	8.4029E-01
3.2710E+03	0.0000E+00	0.0000E+00	8.4133E-01
3.2720E+03	0.0000E+00	0.0000E+00	8.4092E-01
3.2730E+03	0.0000E+00	0.0000E+00	8.4432E-01
3.2740E+03	0.0000E+00	0.0000E+00	8.4415E-01
3.2750E+03	0.0000E+00	0.0000E+00	8.4165E-01
3.2760E+03	0.0000E+00	0.0000E+00	8.4214E-01
3.2770E+03	0.0000E+00	0.0000E+00	8.4398E-01
3.2780E+03	0.0000E+00	0.0000E+00	8.4314E-01
3.2790E+03	0.0000E+00	0.0000E+00	8.4545E-01
3.2800E+03	0.0000E+00	0.0000E+00	8.4241E-01
3.2810E+03	0.0000E+00	0.0000E+00	8.3930E-01
3.2820E+03	0.0000E+00	0.0000E+00	8.4209E-01
3.2830E+03	0.0000E+00	0.0000E+00	8.3836E-01
3.2840E+03	0.0000E+00	0.0000E+00	8.4162E-01
3.2850E+03	0.0000E+00	0.0000E+00	8.3657E-01
3.2860E+03	0.0000E+00	0.0000E+00	8.3518E-01
3.2870E+03	0.0000E+00	0.0000E+00	8.3224E-01
3.2880E+03	0.0000E+00	0.0000E+00	8.3113E-01
3.2890E+03	0.0000E+00	0.0000E+00	8.3210E-01
3.2900E+03	0.0000E+00	0.0000E+00	8.3109E-01
3.2910E+03	0.0000E+00	0.0000E+00	8.3162E-01
3.2920E+03	0.0000E+00	0.0000E+00	8.3221E-01
3.2930E+03	0.0000E+00	0.0000E+00	8.3182E-01
3.2940E+03	0.0000E+00	0.0000E+00	8.3533E-01
3.2950E+03	0.0000E+00	0.0000E+00	8.3597E-01
3.2960E+03	0.0000E+00	0.0000E+00	8.3578E-01
3.2970E+03	0.0000E+00	0.0000E+00	8.4173E-01
3.2980E+03	0.0000E+00	0.0000E+00	8.4037E-01
3.2990E+03	0.0000E+00	0.0000E+00	8.4067E-01
3.3000E+03	0.0000E+00	0.0000E+00	8.4256E-01
3.3010E+03	0.0000E+00	0.0000E+00	8.4057E-01
3.3020E+03	0.0000E+00	0.0000E+00	8.4180E-01
3.3030E+03	0.0000E+00	0.0000E+00	8.3947E-01
3.3040E+03	0.0000E+00	0.0000E+00	8.4082E-01
3.3050E+03	0.0000E+00	0.0000E+00	8.4303E-01
3.3060E+03	0.0000E+00	0.0000E+00	8.4066E-01
3.3070E+03	0.0000E+00	0.0000E+00	8.3779E-01
3.3080E+03	0.0000E+00	0.0000E+00	8.3654E-01
3.3090E+03	0.0000E+00	0.0000E+00	8.3668E-01
3.3100E+03	0.0000E+00	0.0000E+00	8.3716E-01
3.3110E+03	0.0000E+00	0.0000E+00	8.3484E-01
3.3120E+03	0.0000E+00	0.0000E+00	8.3643E-01
3.3130E+03	0.0000E+00	0.0000E+00	8.3791E-01
3.3140E+03	0.0000E+00	0.0000E+00	8.3439E-01
3.3150E+03	0.0000E+00	0.0000E+00	8.3841E-01
3.3160E+03	0.0000E+00	0.0000E+00	8.3535E-01
3.3170E+03	0.0000E+00	0.0000E+00	8.3868E-01
3.3180E+03	0.0000E+00	0.0000E+00	8.3754E-01
3.3190E+03	0.0000E+00	0.0000E+00	8.4208E-01
3.3200E+03	0.0000E+00	0.0000E+00	8.4016E-01
3.3210E+03	0.0000E+00	0.0000E+00	8.3830E-01
3.3220E+03	0.0000E+00	0.0000E+00	8.3785E-01
3.3230E+03	0.0000E+00	0.0000E+00	8.3817E-01
3.3240E+03	0.0000E+00	0.0000E+00	8.3976E-01
3.3250E+03	0.0000E+00	0.0000E+00	8.4235E-01
3.3260E+03	0.0000E+00	0.0000E+00	8.4055E-01
3.3270E+03	0.0000E+00	0.0000E+00	8.4056E-01
3.3280E+03	0.0000E+00	0.0000E+00	8.4129E-01
3.3290E+03	0.0000E+00	0.0000E+00	8.4196E-01
3.3300E+03	0.0000E+00	0.0000E+00	8.3844E-01
3.3310E+03	0.0000E+00	0.0000E+00	8.3785E-01
3.3320E+03	0.0000E+00	0.0000E+00	8.3596E-01
3.3330E+03	0.0000E+00	0.0000E+00	8.3707E-01
3.3340E+03	0.0000E+00	0.0000E+00	8.3548E-01
3.3350E+03	0.0000E+00	0.0000E+00	8.3285E-01
3.3360E+03	0.0000E+00	0.0000E+00	8.3431E-01
3.3370E+03	0.0000E+00	0.0000E+00	8.3426E-01
3.3380E+03	0.0000E+00	0.0000E+00	8.3867E-01
3.3390E+03	0.0000E+00	0.0000E+00	8.3772E-01
3.3400E+03	0.0000E+00	0.0000E+00	8.3725E-01
3.3410E+03	0.0000E+00	0.0000E+00	8.3544E-01
3.3420E+03	0.0000E+00	0.0000E+00	8.3983E-01
3.3430E+03	0.0000E+00	0.0000E+00	8.4190E-01
3.3440E+03	0.0000E+00	0.0000E+00	8.3904E-01
3.3450E+03	0.0000E+00	0.0000E+00	8.4104E-01
3.3460E+03	0.0000E+00	0.0000E+00	8.4266E-01
3.3470E+03	0.0000E+00	0.0000E+00	8.4138E-01
3.3480E+03	0.0000E+00	0.0000E+00	8.3869E-01
3.3490E+03	0.0000E+00	0.0000E+00	8.3880E-01
3.3500E+03	0.0000E+00	0.0000E+00	8.4432E-01
3.3510E+03	0.0000E+00	0.0000E+00	8.4323E-01
3.3520E+03	0.0000E+00	0.0000E+00	8.4197E-01
3.3530E+03	0.0000E+00	0.0000E+00	8.4434E-01
3.3540E+03	0.0000E+00	0.0000E+00	8.3993E-01
3.3550E+03	0.0000E+00	0.0000E+00	8.4269E-01
3.3560E+03	0.0000E+00	0.0000E+00	8.4187E-01
3.3570E+03	0.0000E+00	0.0000E+00	8.4137E-01
3.3580E+03	0.0000E+00	0.0000E+00	8.3970E-01
3.3590E+03	0.0000E+00	0.0000E+00	8.3739E-01
3.3600E+03	0.0000E+00	0.0000E+00	8.4015E-01
3.3610E+03	0.0000E+00	0.0000E+00	8.3877E-01
3.3620E+03	0.0000E+00	0.0000E+00	8.3982E-01
3.3630E+03	0.0000E+00	0.0000E+00	8.3995E-01
3.3640E+03	0.0000E+00	0.0000E+00	8.4180E-01
3.3650E+03	0.0000E+00	0.0000E+00	8.3907E-01
3.3660E+03	0.0000E+00	0.0000E+00	8.3660E-01
3.3670E+03	0.0000E+00	0.0000E+00	8.3799E-01
3.3680E+03	0.0000E+00	0.0000E+00	8.3687E-01
3.3690E+03	0.0000E+00	0.0000E+00	8.3911E-01
3.3700E+03	0.0000E+00	0.0000E+00	8.4024E-01
3.3710E+03	0.0000E+00	0.0000E+00	8.3975E-01
3.3720E+03	0.0000E+00	0.0000E+00	8.3899E-01
3.3730E+03	0.0000E+00	0.0000E+00	8.4072E-01
3.3740E+03	0.0000E+00	0.0000E+00	8.4222E-01
3.3750E+03	0.0000E+00	0.0000E+00	8.4147E-01
3.3760E+03	0.0000E+00	0.0000E+00	8.4443E-01
3.3770E+03	0.0000E+00	0.0000E+00	8.4381E-01
3.3780E+03	0.0000E+00	0.0000E+00	8.4258E-01
3.3790E+03	0.0000E+00	0.0000E+00	8.4010E-01
3.3800E+03	0.0000E+00	0.0000E+00	8.4160E-01
3.3810E+03	0.0000E+00	0.0000E+00	8.3979E-01
3.3820E+03	0.0000E+00	0.0000E+00	8.3475E-01
3.3830E+03	0.0000E+00	0.0000E+00	8.3478E-01
3.3840E+03	0.0000E+00	0.0000E+00	8.3295E-01
3.3850E+03	0.0000E+00	0.0000E+00	8.3646E-01
3.3860E+03	0.0000E+00	0.0000E+00	8.3646E-01
3.3870E+03	0.0000E+00	0.0000E+00	8.3487E-01
3.3880E+03	0.0000E+00	0.0000E+00	8.3603E-01
3.3890E+03	0.0000E+00	0.0000E+00	8.4015E-01
3.3900E+03	0.0000E+00	0.0000E+00	8.4132E-01
3.3910E+03	0.0000E+00	0.0000E+00	8.4125E-01
3.3920E+03	0.0000E+00	0.0000E+00	8.3938E-01
3.3930E+03	0.0000E+00	0.0000E+00	8.4068E-01
3.3940E+03	0.0000E+00	0.0000E+00	8.4156E-01
3.3950E+03	0.0000E+00	0.0000E+00	8.4311E-01
3.3960E+03	0.0000E+00	0.0000E+00	8.4361E-01
3.3970E+03	0.0000E+00	0.0000E+00	8.4335E-01
3.3980E+03	0.0000E+00	0.0000E+00	8.4548E-01
3.3990E+03	0.0000E+00	0.0000E+00	8.4302E-01
3.4000E+03	0.0000E+00	0.0000E+00	8.4420E-01
3.4010E+03	0.0000E+00	0.0000E+00	8.4024E-01
3.4020E+03	0.0000E+00	0.0000E+00	8.4107E-01
3.4030E+03	0.0000E+00	0.0000E+00	8.3959E-01
3.4040E+03	0.0000E+00	0.0000E+00	8.3671E-01
3.4050E+03	0.0000E+00	0.0000E+00	8.3709E-01
3.4060E+03	0.0000E+00	0.0000E+00	8.3396E-01
3.4070E+03	0.0000E+00	0.0000E+00	8.3191E-01
3.4080E+03	0.0000E+00	0.0000E+00	8.3582E-01
3.4090E+03	0.0000E+00	0.0000E+00	8.3286E-01
3.4100E+03	0.0000E+00	0.0000E+00	8.3361E-01
3.4110E+03	0.0000E+00	0.0000E+00	8.3429E-01
3.4120E+03	0.0000E+00	0.0000E+00	8.3421E-01
3.4130E+03	0.0000E+00	0.0000E+00	8.3501E-01
3.4140E+03	0.0000E+00	0.0000E+00	8.3560E-01
3.4150E+03	0.0000E+00	0.0000E+00	8.3414E-01
3.4160E+03	0.0000E+00	0.0000E+00	8.3407E-01
3.4170E+03	0.0000E+00	0.0000E+00	8.3673E-01
3.4180E+03	0.0000E+00	0.0000E+00	8.3776E-01
3.4190E+03	0.0000E+00	0.0000E+00	8.3989E-01
3.4200E+03	0.0000E+00	0.0000E+00	8.4039E-01
3.4210E+03	0.0000E+00	0.0000E+00	8.3742E-01
3.4220E+03	0.0000E+00	0.0000E+00	8.4034E-01
3.4230E+03	0.0000E+00	0.0000E+00	8.3714E-01
3.4240E+03	0.0000E+00	0.0000E+00	8.4491E-01
3.4250E+03	0.0000E+00	0.0000E+00	8.4256E-01
3.4260E+03	0.0000E+00	0.0000E+00	8.4344E-01
3.4270E+03	0.0000E+00	0.0000E+00	8.4194E-01
3.4280E+03	0.0000E+00	0.0000E+00	8.3957E-01
3.4290E+03	0.0000E+00	0.0000E+00	8.3745E-01
3.4300E+03	0.0000E+00	0.0000E+00	8.3667E-01
3.4310E+03	0.0000E+00	0.0000E+00	8.3457E-01
3.4320E+03	0.0000E+00	0.0000E+00	8.3629E-01
3.4330E+03	0.0000E+00	0.0000E+00	8.3638E-01
3.4340E+03	0.0000E+00	0.0000E+00	8.3636E-01
3.4350E+03	0.0000E+00	0.0000E+00	8.3584E-01
3.4360E+03	0.0000E+00	0.0000E+00	8.3726E-01
3.4370E+03	0.0000E+00	0.0000E+00	8.3675E-01
3.4380E+03	0.0000E+00	0.0000E+00	8.3478E-01
3.4390E+03	0.0000E+00	0.0000E+00	8.3677E-01
3.4400E+03	0.0000E+00	0.0000E+00	8.3581E-01
3.4410E+03	0.0000E+00	0.0000E+00	8.3809E-01
3.4420E+03	0.0000E+00	0.0000E+00	8.4027E-01
3.4430E+03	0.0000E+00	0.0000E+00	8.3968E-01
3.4440E+03	0.0000E+00	0.0000E+00	8.3948E-01
3.4450E+03	0.0000E+00	0.0000E+00	8.4210E-01
3.4460E+03	0.0000E+00	0.0000E+00	8.3932E-01
3.4470E+03	0.0000E+00	0.0000E+00	8.3948E-01
3.4480E+03	0.0000E+00	0.0000E+00	8.3952E-01
3.4490E+03	0.0000E+00	0.0000E+00	8.3876E-01
3.4500E+03	0.0000E+00	0.0000E+00	8.4052E-01
3.4510E+03	0.0000E+00	0.0000E+00	8.3558E-01
3.4520E+03	0.0000E+00	0.0000E+00	8.3539E-01
3.4530E+03	0.0000E+00	0.0000E+00	8.3397E-01
3.4540E+03	0.0000E+00	0.0000E+00	8.3190E-01
3.4550E+03	0.0000E+00	0.0000E+00	8.2874E-01
3.4560E+03	0.0000E+00	0.0000E+00	8.2799E-01
3.4570E+03	0.0000E+00	0.0000E+00	8.2998E-01
3.4580E+03	0.0000E+00	0.0000E+00	8.2974E-01
3.4590E+03	0.0000E+00	0.0000E+00	8.2878E-01
3.4600E+03	0.0000E+00	0.0000E+00	8.2793E-01
3.4610E+03	0.0000E+00	0.0000E+00	8.3031E-01
3.4620E+03	0.0000E+00	0.0000E+00	8.2834E-01
3.4630E+03	0.0000E+00	0.0000E+00	8.2928E-01
3.4640E+03	0.0000E+00	0.0000E+00	8.2771E-01
3.4650E+03	0.0000E+00	0.0000E+00	8.3184E-01
3.4660E+03	0.0000E+00	0.0000E+00	8.3471E-01
3.4670E+03	0.0000E+00	0.0000E+00	8.3307E-01
3.4680E+03	0.0000E+00	0.0000E+00	8.3589E-01
3.4690E+03	0.0000E+00	0.0000E+00	8.3392E-01
3.4700E+03	0.0000E+00	0.0000E+00	8.3270E-01
3.4710E+03	0.0000E+00	0.0000E+00	8.3391E-01
3.4720E+03	0.0000E+00	0.0000E+00	8.3659E-01
3.4730E+03	0.0000E+00	0.0000E+00	8.3603E-01
3.4740E+03	0.0000E+00	0.0000E+00	8.3801E-01
3.4750E+03	0.0000E+00	0.0000E+00	8.3554E-01
3.4760E+03	0.0000E+00	0.0000E+00	8.3259E-01
3.4770E+03	0.0000E+00	0.0000E+00	8.3316E-01
3.4780E+03	0.0000E+00	0.0000E+00	8.3268E-01
3.4790E+03	0.0000E+00	0.0000E+00	8.2775E-01
3.4800E+03	0.0000E+00	0.0000E+00	8.2871E-01
3.4810E+03	0.0000E+00	0.0000E+00	8.2746E-01
3.4820E+03	0.0000E+00	0.0000E+00	8.2687E-01
3.4830E+03	0.0000E+00	0.0000E+00	8.2831E-01
3.4840E+03	0.0000E+00	0.0000E+00	8.2953E-01
3.4850E+03	0.0000E+00	0.0000E+00	8.2990E-01
3.4860E+03	0.0000E+00	0.0000E+00	8.3064E-01
3.4870E+03	0.0000E+00	0.0000E+00	8.2650E-01
3.4880E+03	0.0000E+00	0.0000E+00	8.3186E-01
3.4890E+03	0.0000E+00	0.0000E+00	8.2928E-01
3.4900E+03	0.0000E+00	0.0000E+00	8.3223E-01
3.4910E+03	0.0000E+00	0.0000E+00	8.3087E-01
3.4920E+03	0.0000E+00	0.0000E+00	8.3346E-01
3.4930E+03	0.0000E+00	0.0000E+00	8.3044E-01
3.4940E+03	0.0000E+00	0.0000E+00	8.3389E-01
3.4950E+03	0.0000E+00	0.0000E+00	8.3375E-01
3.4960E+03	0.0000E+00	0.0000E+00	8.3147E-01
3.4970E+03	0.0000E+00	0.0000E+00	8.3189E-01
3.4980E+03	0.0000E+00	0.0000E+00	8.3241E-01
3.4990E+03	0.0000E+00	0.0000E+00	8.3546E-01
3.5000E+03	0.0000E+00	0.0000E+00	8.2736E-01
3.5010E+03	0.0000E+00	0.0000E+00	8.2858E-01
3.5020E+03	0.0000E+00	0.0000E+00	8.2958E-01
3.5030E+03	0.0000E+00	0.0000E+00	8.2677E-01
3.5040E+03	0.0000E+00	0.0000E+00	8.2909E-01
3.5050E+03	0.0000E+00	0.0000E+00	8.2747E-01
3.5060E+03	0.0000E+00	0.0000E+00	8.2776E-01
3.5070E+03	0.0000E+00	0.0000E+00	8.2587E-01
3.5080E+03	0.0000E+00	0.0000E+00	8.2639E-01
3.5090E+03	0.0000E+00	0.0000E+00	8.2438E-01
3.5100E+03	0.0000E+00	0.0000E+00	8.2369E-01
3.5110E+03	0.0000E+00	0.0000E+00	8.2578E-01
3.5120E+03	0.0000E+00	0.0000E+00	8.2469E-01
3.5130E+03	0.0000E+00	0.0000E+00	8.2666E-01
3.5140E+03	0.0000E+00	0.0000E+00	8.2507E-01
3.5150E+03	0.0000E+00	0.0000E+00	8.2877E-01
3.5160E+03	0.0000E+00	0.0000E+00	8.2814E-01
3.5170E+03	0.0000E+00	0.0000E+00	8.2919E-01
3.5180E+03	0.0000E+00	0.0000E+00	8.2676E-01
3.5190E+03	0.0000E+00	0.0000E+00	8.2942E-01
3.5200E+03	0.0000E+00	0.0000E+00	8.2755E-01
3.5210E+03	0.0000E+00	0.0000E+00	8.3294E-01
3.5220E+03	0.0000E+00	0.0000E+00	8.2997E-01
3.5230E+03	0.0000E+00	0.0000E+00	8.3224E-01
3.5240E+03	0.0000E+00	0.0000E+00	8.2962E-01
3.5250E+03	0.0000E+00	0.0000E+00	8.2333E-01
3.5260E+03	0.0000E+00	0.0000E+00	8.2452E-01
3.5270E+03	0.0000E+00	0.0000E+00	8.2163E-01
3.5280E+03	0.0000E+00	0.0000E+00	8.2167E-01
3.5290E+03	0.0000E+00	0.0000E+00	8.2050E-01
3.5300E+03	0.0000E+00	0.0000E+00	8.2240E-01
3.5310E+03	0.0000E+00	0.0000E+00	8.1869E-01
3.5320E+03	0.0000E+00	0.0000E+00	8.2020E-01
3.5330E+03	0.0000E+00	0.0000E+00	8.1958E-01
3.5340E+03	0.0000E+00	0.0000E+00	8.2120E-01
3.5350E+03	0.0000E+00	0.0000E+00	8.1941E-01
3.5360E+03	0.0000E+00	0.0000E+00	8.1627E-01
3.5370E+03	0.0000E+00	0.0000E+00	8.2191E-01
3.5380E+03	0.0000E+00	0.0000E+00	8.2559E-01
3.5390E+03	0.0000E+00	0.0000E+00	8.2603E-01
3.5400E+03	0.0000E+00	0.0000E+00	8.2638E-01
3.5410E+03	0.0000E+00	0.0000E+00	8.2728E-01
3.5420E+03	0.0000E+00	0.0000E+00	8.2623E-01
3.5430E+03	0.0000E+00	0.0000E+00	8.2511E-01
3.5440E+03	0.0000E+00	0.0000E+00	8.2928E-01
3.5450E+03	0.0000E+00	0.0000E+00	8.3191E-01
3.5460E+03	0.0000E+00	0.0000E+00	8.3012E-01
3.5470E+03	0.0000E+00	0.0000E+00	8.2909E-01
3.5480E+03	0.0000E+00	0.0000E+00	8.2402E-01
3.5490E+03	0.0000E+00	0.0000E+00	8.2382E-01
3.5500E+03	0.0000E+00	0.0000E+00	8.2191E-01
3.5510E+03	0.0000E+00	0.0000E+00	8.1960E-01
3.5520E+03	0.0000E+00	0.0000E+00	8.1875E-01
3.5530E+03	0.0000E+00	0.0000E+00	8.1906E-01
3.5540E+03	0.0000E+00	0.0000E+00	8.1686E-01
3.5550E+03	0.0000E+00	0.0000E+00	8.1691E-01
3.5560E+03	0.0000E+00	0.0000E+00	8.1474E-01
3.5570E+03	0.0000E+00	0.0000E+00	8.1549E-01
3.5580E+03	0.0000E+00	0.0000E+00	8.1769E-01
3.5590E+03	0.0000E+00	0.0000E+00	8.1561E-01
3.5600E+03	0.0000E+00	0.0000E+00	8.1680E-01
3.5610E+03	0.0000E+00	0.0000E+00	8.1841E-01
3.5620E+03	0.0000E+00	0.0000E+00	8.2370E-01
3.5630E+03	0.0000E+00	0.0000E+00	8.2330E-01
3.5640E+03	0.0000E+00	0.0000E+00	8.2095E-01
3.5650E+03	0.0000E+00	0.0000E+00	8.2028E-01
3.5660E+03	0.0000E+00	0.0000E+00	8.2244E-01
3.5670E+03	0.0000E+00	0.0000E+00	8.2342E-01
3.5680E+03	0.0000E+00	0.0000E+00	8.2400E-01
3.5690E+03	0.0000E+00	0.0000E+00	8.2546E-01
3.5700E+03	0.0000E+00	0.0000E+00	8.2686E-01
3.5710E+03	0.0000E+00	0.0000E+00	8.2583E-01
3.5720E+03	0.0000E+00	0.0000E+00	8.2638E-01
3.5730E+03	0.0000E+00	0.0000E+00	8.2311E-01
3.5740E+03	0.0000E+00	0.0000E+00	8.2089E-01
3.5750E+03	0.0000E+00	0.0000E+00	8.1717E-01
3.5760E+03	0.0000E+00	0.0000E+00	8.1679E-01
3.5770E+03	0.0000E+00	0.0000E+00	8.1611E-01
3.5780E+03	0.0000E+00	0.0000E+00	8.1981E-01
3.5790E+03	0.0000E+00	0.0000E+00	8.1885E-01
3.5800E+03	0.0000E+00	0.0000E+00	8.1820E-01
3.5810E+03	0.0000E+00	0.0000E+00	8.1726E-01
3.5820E+03	0.0000E+00	0.0000E+00	8.1755E-01
3.5830E+03	0.0000E+00	0.0000E+00	8.2035E-01
3.5840E+03	0.0000E+00	0.0000E+00	8.1627E-01
3.5850E+03	0.0000E+00	0.0000E+00	8.1794E-01
3.5860E+03	0.0000E+00	0.0000E+00	8.2268E-01
3.5870E+03	0.0000E+00	0.0000E+00	8.1961E-01
3.5880E+03	0.0000E+00	0.0000E+00	8.2198E-01
3.5890E+03	0.0000E+00	0.0000E+00	8.2113E-01
3.5900E+03	0.0000E+00	0.0000E+00	8.2335E-01
3.5910E+03	0.0000E+00	0.0000E+00	8.2630E-01
3.5920E+03	0.0000E+00	0.0000E+00	8.2595E-01
3.5930E+03	0.0000E+00	0.0000E+00	8.2704E-01
3.5940E+03	0.0000E+00	0.0000E+00	8.2647E-01
3.5950E+03	0.0000E+00	0.0000E+00	8.2465E-01
3.5960E+03	0.0000E+00	0.0000E+00	8.2211E-01
3.5970E+03	0.0000E+00	0.0000E+00	8.1962E-01
3.5980E+03	0.0000E+00	0.0000E+00	8.1887E-01
3.5990E+03	0.0000E+00	0.0000E+00	8.2089E-01
3.6000E+03	0.0000E+00	0.0000E+00	8.1932E-01
3.6010E+03	0.0000E+00	0.0000E+00	8.2084E-01
3.6020E+03	0.0000E+00	0.0000E+00	8.2204E-01
3.6030E+03	0.0000E+00	0.0000E+00	8.1928E-01
3.6040E+03	0.0000E+00	0.0000E+00	8.2081E-01
3.6050E+03	0.0000E+00	0.0000E+00	8.1961E-01
3.6060E+03	0.0000E+00	0.0000E+00	8.1841E-01
3.6070E+03	0.0000E+00	0.0000E+00	8.1920E-01
3.6080E+03	0.0000E+00	0.0000E+00	8.2263E-01
3.6090E+03	0.0000E+00	0.0000E+00	8.2029E-01
3.6100E+03	0.0000E+00	0.0000E+00	8.1907E-01
3.6110E+03	0.0000E+00	0.0000E+00	8.2072E-01
3.6120E+03	0.0000E+00	0.0000E+00	8.2032E-01
3.6130E+03	0.0000E+00	0.0000E+00	8.2243E-01
3.6140E+03	0.0000E+00	0.0000E+00	8.2248E-01
3.6150E+03	0.0000E+00	0.0000E+00	8.2027E-01
3.6160E+03	0.0000E+00	0.0000E+00	8.1899E-01
3.6170E+03	0.0000E+00	0.0000E+00	8.2240E-01
3.6180E+03	0.0000E+00	0.0000E+00	8.2440E-01
3.6190E+03	0.0000E+00	0.0000E+00	8.2352E-01
3.6200E+03	0.0000E+00	0.0000E+00	8.2168E-01
3.6210E+03	0.0000E+00	0.0000E+00	8.2089E-01
3.6220E+03	0.0000E+00	0.0000E+00	8.2177E-01
3.6230E+03	0.0000E+00	0.0000E+00	8.1776E-01
3.6240E+03	0.0000E+00	0.0000E+00	8.1627E-01
3.6250E+03	0.0000E+00	0.0000E+00	8.1487E-01
3.6260E+03	0.0000E+00	0.0000E+00	8.1413E-01
3.6270E+03	0.0000E+00	0.0000E+00	8.1503E-01
3.6280E+03	0.0000E+00	0.0000E+00	8.1527E-01
3.6290E+03	0.0000E+00	0.0000E+00	8.1499E-01
3.6300E+03	0.0000E+00	0.0000E+00	8.1351E-01
3.6310E+03	0.0000E+00	0.0000E+00	8.1600E-01
3.6320E+03	0.0000E+00	0.0000E+00	8.1665E-01
3.6330E+03	0.0000E+00	0.0000E+00	8.1588E-01
3.6340E+03	0.0000E+00	0.0000E+00	8.1768E-01
3.6350E+03	0.0000E+00	0.0000E+00	8.1838E-01
3.6360E+03	0.0000E+00	0.0000E+00	8.2373E-01
3.6370E+03	0.0000E+00	0.0000E+00	8.2248E-01
3.6380E+03	0.0000E+00	0.0000E+00	8.2459E-01
3.6390E+03	0.0000E+00	0.0000E+00	8.2491E-01
3.6400E+03	0.0000E+00	0.0000E+00	8.2288E-01
3.6410E+03	0.0000E+00	0.0000E+00	8.2609E-01
3.6420E+03	0.0000E+00	0.0000E+00	8.2703E-01
3.6430E+03	0.0000E+00	0.0000E+00	8.2788E-01
3.6440E+03	0.0000E+00	0.0000E+00	8.2634E-01
3.6450E+03	0.0000E+00	0.0000E+00	8.2615E-01
3.6460E+03	0.0000E+00	0.0000E+00	8.3070E-01
3.6470E+03	0.0000E+00	0.0000E+00	8.2962E-01
3.6480E+03	0.0000E+00	0.0000E+00	8.3008E-01
3.6490E+03	0.0000E+00	0.0000E+00	8.2819E-01
3.6500E+03	0.0000E+00	0.0000E+00	8.2930E-01
3.6510E+03	0.0000E+00	0.0000E+00	8.2796E-01
3.6520E+03	0.0000E+00	0.0000E+00	8.2784E-01
3.6530E+03	0.0000E+00	0.0000E+00	8.2482E-01
3.6540E+03	0.0000E+00	0.0000E+00	8.2775E-01
3.6550E+03	0.0000E+00	0.0000E+00	8.2724E-01
3.6560E+03	0.0000E+00	0.0000E+00	8.2705E-01
3.6570E+03	0.0000E+00	0.0000E+00	8.2286E-01
3.6580E+03	0.0000E+00	0.0000E+00	8.2594E-01
3.6590E+03	0.0000E+00	0.0000E+00	8.2776E-01
3.6600E+03	0.0000E+00	0.0000E+00	8.2345E-01
3.6610E+03	0.0000E+00	0.0000E+00	8.2518E-01
3.6620E+03	0.0000E+00	0.0000E+00	8.2361E-01
3.6630E+03	0.0000E+00	0.0000E+00	8.2532E-01
3.6640E+03	0.0000E+00	0.0000E+00	8.2392E-01
3.6650E+03	0.0000E+00	0.0000E+00	8.2543E-01
3.6660E+03	0.0000E+00	0.0000E+00	8.2491E-01
3.6670E+03	0.0000E+00	0.0000E+00	8.2333E-01
3.6680E+03	0.0000E+00	0.0000E+00	8.2238E-01
3.6690E+03	0.0000E+00	0.0000E+00	8.1817E-01
3.6700E+03	0.0000E+00	0.0000E+00	8.1527E-01
3.6710E+03	0.0000E+00	0.0000E+00	8.1594E-01
3.6720E+03	0.0000E+00	0.0000E+00	8.1916E-01
3.6730E+03	0.0000E+00	0.0000E+00	8.1997E-01
3.6740E+03	0.0000E+00	0.0000E+00	8.1729E-01
3.6750E+03	0.0000E+00	0.0000E+00	8.1742E-01
3.6760E+03	0.0000E+00	0.0000E+00	8.1495E-01
3.6770E+03	0.0000E+00	0.0000E+00	8.1648E-01
3.6780E+03	0.0000E+00	0.0000E+00	8.1452E-01
3.6790E+03	0.0000E+00	0.0000E+00	8.1598E-01
3.6800E+03	0.0000E+00	0.0000E+00	8.1401E-01
3.6810E+03	0.0000E+00	0.0000E+00	8.1687E-01
3.6820E+03	0.0000E+00	0.0000E+00	8.1760E-01
3.6830E+03	0.0000E+00	0.0000E+00	8.2043E-01
3.6840E+03	0.0000E+00	0.0000E+00	8.1994E-01
3.6850E+03	0.0000E+00	0.0000E+00	8.2160E-01
3.6860E+03	0.0000E+00	0.0000E+00	8.2151E-01
3.6870E+03	0.0000E+00	0.0000E+00	8.2353E-01
3.6880E+03	0.0000E+00	0.0000E+00	8.2015E-01
3.6890E+03	0.0000E+00	0.0000E+00	8.2052E-01
3.6900E+03	0.0000E+00	0.0000E+00	8.2144E-01
3.6910E+03	0.0000E+00	0.0000E+00	8.2289E-01
3.6920E+03	0.0000E+00	0.0000E+00	8.2026E-01
3.6930E+03	0.0000E+00	0.0000E+00	8.1841E-01
3.6940E+03	0.0000E+00	0.0000E+00	8.1541E-01
3.6950E+03	0.0000E+00	0.0000E+00	8.1850E-01
3.6960E+03	0.0000E+00	0.0000E+00	8.1851E-01
3.6970E+03	0.0000E+00	0.0000E+00	8.1687E-01
3.6980E+03	0.0000E+00	0.0000E+00	8.1566E-01
3.6990E+03	0.0000E+00	0.0000E+00	8.1515E-01
3.7000E+03	0.0000E+00	0.0000E+00	8.1584E-01
3.7010E+03	0.0000E+00	0.0000E+00	8.1621E-01
3.7020E+03	0.0000E+00	0.0000E+00	8.1444E-01
3.7030E+03	0.0000E+00	0.0000E+00	8.1290E-01
3.7040E+03	0.0000E+00	0.0000E+00	8.1177E-01
3.7050E+03	0.0000E+00	0.0000E+00	8.1370E-01
3.7060E+03	0.0000E+00	0.0000E+00	8.1796E-01
3.7070E+03	0.0000E+00	0.0000E+00	8.1876E-01
3.7080E+03	0.0000E+00	0.0000E+00	8.1803E-01
3.7090E+03	0.0000E+00	0.0000E+00	8.2073E-01
3.7100E+03	0.0000E+00	0.0000E+00	8.2022E-01
3.7110E+03	0.0000E+00	0.0000E+00	8.1858E-01
3.7120E+03	0.0000E+00	0.0000E+00	8.2079E-01
3.7130E+03	0.0000E+00	0.0000E+00	8.1898E-01
3.7140E+03	0.0000E+00	0.0000E+00	8.2300E-01
3.7150E+03	0.0000E+00	0.0000E+00	8.1979E-01
3.7160E+03	0.0000E+00	0.0000E+00	8.1969E-01
3.7170E+03	0.0000E+00	0.0000E+00	8.1795E-01
3.7180E+03	0.0000E+00	0.0000E+00	8.1356E-01
3.7190E+03	0.0000E+00	0.0000E+00	8.1545E-01
3.7200E+03	0.0000E+00	0.0000E+00	8.1066E-01
3.7210E+03	0.0000E+00	0.0000E+00	8.0993E-01
3.7220E+03	0.0000E+00	0.0000E+00	8.1293E-01
3.7230E+03	0.0000E+00	0.0000E+00	8.1225E-01
3.7240E+03	0.0000E+00	0.0000E+00	8.1091E-01
3.7250E+03	0.0000E+00	0.0000E+00	8.1004E-01
3.7260E+03	0.0000E+00	0.0000E+00	8.1075E-01
3.7270E+03	0.0000E+00	0.0000E+00	8.0880E-01
3.7280E+03	0.0000E+00	0.0000E+00	8.0592E-01
3.7290E+03	0.0000E+00	0.0000E+00	8.1279E-01
3.7300E+03	0.0000E+00	0.0000E+00	8.1121E-01
3.7310E+03	0.0000E+00	0.0000E+00	8.1390E-01
3.7320E+03	0.0000E+00	0.0000E+00	8.1496E-01
3.7330E+03	0.0000E+00	0.0000E+00	8.1737E-01
3.7340E+03	0.0000E+00	0.0000E+00	8.1516E-01
3.7350E+03	0.0000E+00	0.0000E+00	8.1706E-01
3.7360E+03	0.0000E+00	0.0000E+00	8.1599E-01
3.7370E+03	0.0000E+00	0.0000E+00	8.1897E-01
3.7380E+03	0.0000E+00	0.0000E+00	8.1791E-01
3.7390E+03	0.0000E+00	0.0000E+00	8.1677E-01
3.7400E+03	0.0000E+00	0.0000E+00	8.1555E-01
3.7410E+03	0.0000E+00	0.0000E+00	8.1360E-01
3.7420E+03	0.0000E+00	0.0000E+00	8.0951E-01
3.7430E+03	0.0000E+00	0.0000E+00	8.1098E-01
3.7440E+03	0.0000E+00	0.0000E+00	8.0591E-01
3.7450E+03	0.0000E+00	0.0000E+00	8.0750E-01
3.7460E+03	0.0000E+00	0.0000E+00	8.0855E-01
3.7470E+03	0.0000E+00	0.0000E+00	8.0654E-01
3.7480E+03	0.0000E+00	0.0000E+00	8.0769E-01
3.7490E+03	0.0000E+00	0.0000E+00	8.0227E-01
3.7500E+03	0.0000E+00	0.0000E+00	8.0412E-01
3.7510E+03	0.0000E+00	0.0000E+00	8.0040E-01
3.7520E+03	0.0000E+00	0.0000E+00	8.0350E-01
3.7530E+03	0.0000E+00	0.0000E+00	8.0691E-01
3.7540E+03	0.0000E+00	0.0000E+00	8.1075E-01
3.7550E+03	0.0000E+00	0.0000E+00	8.1395E-01
3.7560E+03	0.0000E+00	0.0000E+00	8.1164E-01
3.7570E+03	0.0000E+00	0.0000E+00	8.1367E-01
3.7580E+03	0.0000E+00	0.0000E+00	8.1152E-01
3.7590E+03	0.0000E+00	0.0000E+00	8.1055E-01
3.7600E+03	0.0000E+00	0.0000E+00	8.1543E-01
3.7610E+03	0.0000E+00	0.0000E+00	8.1335E-01
3.7620E+03	0.0000E+00	0.0000E+00	8.1598E-01
3.7630E+03	0.0000E+00	0.0000E+00	8.1225E-01
3.7640E+03	0.0000E+00	0.0000E+00	8.1240E-01
3.7650E+03	0.0000E+00	0.0000E+00	8.0918E-01
3.7660E+03	0.0000E+00	0.0000E+00	8.0710E-01
3.7670E+03	0.0000E+00	0.0000E+00	8.0553E-01
3.7680E+03	0.0000E+00	0.0000E+00	8.0745E-01
3.7690E+03	0.0000E+00	0.0000E+00	8.0733E-01
3.7700E+03	0.0000E+00	0.0000E+00	8.0778E-01
3.7710E+03	0.0000E+00	0.0000E+00	8.0735E-01
3.7720E+03	0.0000E+00	0.0000E+00	8.0455E-01
3.7730E+03	0.0000E+00	0.0000E+00	8.0598E-01
3.7740E+03	0.0000E+00	0.0000E+00	8.0488E-01
3.7750E+03	0.0000E+00	0.0000E+00	8.0458E-01
3.7760E+03	0.0000E+00	0.0000E+00	8.0496E-01
3.7770E+03	0.0000E+00	0.0000E+00	8.0731E-01
3.7780E+03	0.0000E+00	0.0000E+00	8.1026E-01
3.7790E+03	0.0000E+00	0.0000E+00	8.0908E-01
3.7800E+03	0.0000E+00	0.0000E+00	8.1211E-01
3.7810E+03	0.0000E+00	0.0000E+00	8.1399E-01
3.7820E+03	0.0000E+00	0.0000E+00	8.1319E-01
3.7830E+03	0.0000E+00	0.0000E+00	8.1605E-01
3.7840E+03	0.0000E+00	0.0000E+00	8.1244E-01
3.7850E+03	0.0000E+00	0.0000E+00	8.1358E-01
3.7860E+03	0.0000E+00	0.0000E+00	8.1500E-01
3.7870E+03	0.0000E+00	0.0000E+00	8.1299E-01
3.7880E+03	0.0000E+00	0.0000E+00	8.1203E-01
3.7890E+03	0.0000E+00	0.0000E+00	8.0911E-01
3.7900E+03	0.0000E+00	0.0000E+00	8.0745E-01
3.7910E+03	0.0000E+00	0.0000E+00	8.0836E-01
3.7920E+03	0.0000E+00	0.0000E+00	8.0907E-01
3.7930E+03	0.0000E+00	0.0000E+00	8.0754E-01
3.7940E+03	0.0000E+00	0.0000E+00	8.0532E-01
3.7950E+03	0.0000E+00	0.0000E+00	8.0811E-01
3.7960E+03	0.0000E+00	0.0000E+00	8.0767E-01
3.7970E+03	0.0000E+00	0.0000E+00	8.0476E-01
3.7980E+03	0.0000E+00	0.0000E+00	8.0544E-01
3.7990E+03	0.0000E+00	0.0000E+00	8.0580E-01
3.8000E+03	0.0000E+00	0.0000E+00	8.0292E-01
3.8010E+03	0.0000E+00	0.0000E+00	8.0674E-01
3.8020E+03	0.0000E+00	0.0000E+00	8.0949E-01
3.8030E+03	0.0000E+00	0.0000E+00	8.1131E-01
3.8040E+03	0.0000E+00	0.0000E+00	8.0959E-01
3.8050E+03	0.0000E+00	0.0000E+00	8.0978E-01
3.8060E+03	0.0000E+00	0.0000E+00	8.1230E-01
3.8070E+03	0.0000E+00	0.0000E+00	8.1301E-01
3.8080E+03	0.0000E+00	0.0000E+00	8.1483E-01
3.8090E+03	0.0000E+00	0.0000E+00	8.1529E-01
3.8100E+03	0.0000E+00	0.0000E+00	8.1168E-01
3.8110E+03	0.0000E+00	0.0000E+00	8.1419E-01
3.8120E+03	0.0000E+00	0.0000E+00	8.1190E-01
3.8130E+03	0.0000E+00	0.0000E+00	8.0659E-01
3.8140E+03	0.0000E+00	0.0000E+00	8.0608E-01
3.8150E+03	0.0000E+00	0.0000E+00	8.0645E-01
3.8160E+03	0.0000E+00	0.0000E+00	8.0384E-01
3.8170E+03	0.0000E+00	0.0000E+00	8.0524E-01
3.8180E+03	0.0000E+00	0.0000E+00	8.0500E-01
3.8190E+03	0.0000E+00	0.0000E+00	8.0287E-01
3.8200E+03	0.0000E+00	0.0000E+00	8.0278E-01
3.8210E+03	0.0000E+00	0.0000E+00	8.0144E-01
3.8220E+03	0.0000E+00	0.0000E+00	8.0271E-01
3.8230E+03	0.0000E+00	0.0000E+00	8.0437E-01
3.8240E+03	0.0000E+00	0.0000E+00	7.9793E-01
3.8250E+03	0.0000E+00	0.0000E+00	8.0668E-01
3.8260E+03	0.0000E+00	0.0000E+00	8.0755E-01
3.8270E+03	0.0000E+00	0.0000E+00	8.0548E-01
3.8280E+03	0.0000E+00	0.0000E+00	8.1098E-01
3.8290E+03	0.0000E+00	0.0000E+00	8.0947E-01
3.8300E+03	0.0000E+00	0.0000E+00	8.1148E-01
3.8310E+03	0.0000E+00	0.0000E+00	8.0922E-01
3.8320E+03	0.0000E+00	0.0000E+00	8.1451E-01
3.8330E+03	0.0000E+00	0.0000E+00	8.1333E-01
3.8340E+03	0.0000E+00	0.0000E+00	8.1366E-01
3.8350E+03	0.0000E+00	0.0000E+00	8.1366E-01
3.8360E+03	0.0000E+00	0.0000E+00	8.1329E-01
3.8370E+03	0.0000E+00	0.0000E+00	8.0921E-01
3.8380E+03	0.0000E+00	0.0000E+00	8.0621E-01
3.8390E+03	0.0000E+00	0.0000E+00	8.0864E-01
3.8400E+03	0.0000E+00	0.0000E+00	8.0959E-01
3.8410E+03	0.0000E+00	0.0000E+00	8.0687E-01
3.8420E+03	0.0000E+00	0.0000E+00	8.0599E-01
3.8430E+03	0.0000E+00	0.0000E+00	8.0455E-01
3.8440E+03	0.0000E+00	0.0000E+00	8.0527E-01
3.8450E+03	0.0000E+00	0.0000E+00	8.0328E-01
3.8460E+03	0.0000E+00	0.0000E+00	8.0464E-01
3.8470E+03	0.0000E+00	0.0000E+00	8.0377E-01
3.8480E+03	0.0000E+00	0.0000E+00	8.0124E-01
3.8490E+03	0.0000E+00	0.0000E+00	8.0634E-01
3.8500E+03	0.0000E+00	0.0000E+00	8.0588E-01
3.8510E+03	0.0000E+00	0.0000E+00	8.0846E-01
3.8520E+03	0.0000E+00	0.0000E+00	8.0844E-01
3.8530E+03	0.0000E+00	0.0000E+00	8.1095E-01
3.8540E+03	0.0000E+00	0.0000E+00	8.1153E-01
3.8550E+03	0.0000E+00	0.0000E+00	8.1134E-01
3.8560E+03	0.0000E+00	0.0000E+00	8.1181E-01
3.8570E+03	0.0000E+00	0.0000E+00	8.1165E-01
3.8580E+03	0.0000E+00	0.0000E+00	8.1396E-01
3.8590E+03	0.0000E+00	0.0000E+00	8.1255E-01
3.8600E+03	0.0000E+00	0.0000E+00	8.0920E-01
3.8610E+03	0.0000E+00	0.0000E+00	8.0865E-01
3.8620E+03	0.0000E+00	0.0000E+00	8.0413E-01
3.8630E+03	0.0000E+00	0.0000E+00	8.0567E-01
3.8640E+03	0.0000E+00	0.0000E+00	8.0775E-01
3.8650E+03	0.0000E+00	0.0000E+00	8.0853E-01
3.8660E+03	0.0000E+00	0.0000E+00	8.0661E-01
3.8670E+03	0.0000E+00	0.0000E+00	8.0414E-01
3.8680E+03	0.0000E+00	0.0000E+00	8.0329E-01
3.8690E+03	0.0000E+00	0.0000E+00	8.0590E-01
3.8700E+03	0.0000E+00	0.0000E+00	8.0362E-01
3.8710E+03	0.0000E+00	0.0000E+00	8.0472E-01
3.8720E+03	0.0000E+00	0.0000E+00	8.0177E-01
3.8730E+03	0.0000E+00	0.0000E+00	8.0489E-01
3.8740E+03	0.0000E+00	0.0000E+00	8.0746E-01
3.8750E+03	0.0000E+00	0.0000E+00	8.0749E-01
3.8760E+03	0.0000E+00	0.0000E+00	8.0777E-01
3.8770E+03	0.0000E+00	0.0000E+00	8.1404E-01
3.8780E+03	0.0000E+00	0.0000E+00	8.1123E-01
3.8790E+03	0.0000E+00	0.0000E+00	8.1285E-01
3.8800E+03	0.0000E+00	0.0000E+00	8.1096E-01
3.8810E+03	0.0000E+00	0.0000E+00	8.1399E-01
3.8820E+03	0.0000E+00	0.0000E+00	8.1161E-01
3.8830E+03	0.0000E+00	0.0000E+00	8.1199E-01
3.8840E+03	0.0000E+00	0.0000E+00	8.1110E-01
3.8850E+03	0.0000E+00	0.0000E+00	8.1030E-01
3.8860E+03	0.0000E+00	0.0000E+00	8.0654E-01
3.8870E+03	0.0000E+00	0.0000E+00	8.1017E-01
3.8880E+03	0.0000E+00	0.0000E+00	8.0865E-01
3.8890E+03	0.0000E+00	0.0000E+00	8.1021E-01
3.8900E+03	0.0000E+00	0.0000E+00	8.0771E-01
3.8910E+03	0.0000E+00	0.0000E+00	8.0794E-01
3.8920E+03	0.0000E+00	0.0000E+00	8.0605E-01
3.8930E+03	0.0000E+00	0.0000E+00	8.0486E-01
3.8940E+03	0.0000E+00	0.0000E+00	8.0508E-01
3.8950E+03	0.0000E+00	0.0000E+00	8.0433E-01
3.8960E+03	0.0000E+00	0.0000E+00	8.0390E-01
3.8970E+03	0.0000E+00	0.0000E+00	8.0768E-01
3.8980E+03	0.0000E+00	0.0000E+00	8.0932E-01
3.8990E+03	0.0000E+00	0.0000E+00	8.0960E-01
3.9000E+03	0.0000E+00	0.0000E+00	8.1011E-01
3.9010E+03	0.0000E+00	0.0000E+00	8.1242E-01
3.9020E+03	0.0000E+00	0.0000E+00	8.1188E-01
3.9030E+03	0.0000E+00	0.0000E+00	8.1141E-01
3.9040E+03	0.0000E+00	0.0000E+00	8.1146E-01
3.9050E+03	0.0000E+00	0.0000E+00	8.1018E-01
3.9060E+03	0.0000E+00	0.0000E+00	8.1314E-01
3.9070E+03	0.0000E+00	0.0000E+00	8.1179E-01
3.9080E+03	0.0000E+00	0.0000E+00	8.1164E-01
3.9090E+03	0.0000E+00	0.0000E+00	8.1298E-01
3.9100E+03	0.0000E+00	0.0000E+00	8.0814E-01
3.9110E+03	0.0000E+00	0.0000E+00	8.0625E-01
3.9120E+03	0.0000E+00	0.0000E+00	8.0723E-01
3.9130E+03	0.0000E+00	0.0000E+00	8.1010E-01
3.9140E+03	0.0000E+00	0.0000E+00	8.0904E-01
3.9150E+03	0.0000E+00	0.0000E+00	8.0390E-01
3.9160E+03	0.0000E+00	0.0000E+00	8.0522E-01
3.9170E+03	0.0000E+00	0.0000E+00	8.0692E-01
3.9180E+03	0.0000E+00	0.0000E+00	8.0506E-01
3.9190E+03	0.0000E+00	0.0000E+00	8.0469E-01
3.9200E+03	0.0000E+00	0.0000E+00	8.0304E-01
3.9210E+03	0.0000E+00	0.0000E+00	8.0674E-01
3.9220E+03	0.0000E+00	0.0000E+00	8.0608E-01
3.9230E+03	0.0000E+00	0.0000E+00	8.0931E-01
3.9240E+03	0.0000E+00	0.0000E+00	8.0482E-01
3.9250E+03	0.0000E+00	0.0000E+00	8.0868E-01
3.9260E+03	0.0000E+00	0.0000E+00	8.0883E-01
3.9270E+03	0.0000E+00	0.0000E+00	8.0932E-01
3.9280E+03	0.0000E+00	0.0000E+00	8.0955E-01
3.9290E+03	0.0000E+00	0.0000E+00	8.0995E-01
3.9300E+03	0.0000E+00	0.0000E+00	8.0901E-01
3.9310E+03	0.0000E+00	0.0000E+00	8.1076E-01
3.9320E+03	0.0000E+00	0.0000E+00	8.1256E-01
3.9330E+03	0.0000E+00	0.0000E+00	8.0887E-01
3.9340E+03	0.0000E+00	0.0000E+00	8.0622E-01
3.9350E+03	0.0000E+00	0.0000E+00	8.0482E-01
3.9360E+03	0.0000E+00	0.0000E+00	8.0568E-01
3.9370E+03	0.0000E+00	0.0000E+00	8.0426E-01
3.9380E+03	0.0000E+00	0.0000E+00	7.9944E-01
3.9390E+03	0.0000E+00	0.0000E+00	8.0371E-01
3.9400E+03	0.0000E+00	0.0000E+00	8.0550E-01
3.9410E+03	0.0000E+00	0.0000E+00	8.0189E-01
3.9420E+03	0.0000E+00	0.0000E+00	8.0143E-01
3.9430E+03	0.0000E+00	0.0000E+00	8.0191E-01
3.9440E+03	0.0000E+00	0.0000E+00	7.9796E-01
3.9450E+03	0.0000E+00	0.0000E+00	8.0447E-01
3.9460E+03	0.0000E+00	0.0000E+00	8.0298E-01
3.9470E+03	0.0000E+00	0.0000E+00	8.0487E-01
3.9480E+03	0.0000E+00	0.0000E+00	8.0863E-01
3.9490E+03	0.0000E+00	0.0000E+00	8.0544E-01
3.9500E+03	0.0000E+00	0.0000E+00	8.0606E-01
3.9510E+03	0.0000E+00	0.0000E+00	8.0773E-01
3.9520E+03	0.0000E+00	0.0000E+00	8.0634E-01
3.9530E+03	0.0000E+00	0.0000E+00	8.0889E-01
3.9540E+03	0.0000E+00	0.0000E+00	8.0898E-01
3.9550E+03	0.0000E+00	0.0000E+00	8.0756E-01
3.9560E+03	0.0000E+00	0.0000E+00	8.0635E-01
3.9570E+03	0.0000E+00	0.0000E+00	8.0382E-01
3.9580E+03	0.0000E+00	0.0000E+00	8.0291E-01
3.9590E+03	0.0000E+00	0.0000E+00	8.0310E-01
3.9600E+03	0.0000E+00	0.0000E+00	8.0017E-01
3.9610E+03	0.0000E+00	0.0000E+00	8.0129E-01
3.9620E+03	0.0000E+00	0.0000E+00	8.0178E-01
3.9630E+03	0.0000E+00	0.0000E+00	8.0229E-01
3.9640E+03	0.0000E+00	0.0000E+00	8.0015E-01
3.9650E+03	0.0000E+00	0.0000E+00	8.0049E-01
3.9660E+03	0.0000E+00	0.0000E+00	7.9871E-01
3.9670E+03	0.0000E+00	0.0000E+00	7.9979E-01
3.9680E+03	0.0000E+00	0.0000E+00	7.9743E-01
3.9690E+03	0.0000E+00	0.0000E+00	8.0275E-01
3.9700E+03	0.0000E+00	0.0000E+00	8.0423E-01
3.9710E+03	0.0000E+00	0.0000E+00	8.0410E-01
3.9720E+03	0.0000E+00	0.0000E+00	8.0714E-01
3.9730E+03	0.0000E+00	0.0000E+00	8.0723E-01
3.9740E+03	0.0000E+00	0.0000E+00	8.0784E-01
3.9750E+03	0.0000E+00	0.0000E+00	8.0586E-01
3.9760E+03	0.0000E+00	0.0000E+00	8.0877E-01
3.9770E+03	0.0000E+00	0.0000E+00	8.1084E-01
3.9780E+03	0.0000E+00	0.0000E+00	8.0772E-01
3.9790E+03	0.0000E+00	0.0000E+00	8.0874E-01
3.9800E+03	0.0000E+00	0.0000E+00	8.0512E-01
3.9810E+03	0.0000E+00	0.0000E+00	8.0107E-01
3.9820E+03	0.0000E+00	0.0000E+00	8.0201E-01
3.9830E+03	0.0000E+00	0.0000E+00	8.0044E-01
3.9840E+03	0.0000E+00	0.0000E+00	7.9878E-01
3.9850E+03	0.0000E+00	0.0000E+00	7.9712E-01
3.9860E+03	0.0000E+00	0.0000E+00	7.9850E-01
3.9870E+03	0.0000E+00	0.0000E+00	7.9728E-01
3.9880E+03	0.0000E+00	0.0000E+00	7.9883E-01
3.9890E+03	0.0000E+00	0.0000E+00	8.0147E-01
3.9900E+03	0.0000E+00	0.0000E+00	8.0152E-01
3.9910E+03	0.0000E+00	0.0000E+00	8.0196E-01
3.9920E+03	0.0000E+00	0.0000E+00	7.9785E-01
3.9930E+03	0.0000E+00	0.0000E+00	8.0169E-01
3.9940E+03	0.0000E+00	0.0000E+00	7.9943E-01
