TIME_UNITS h
DATA_UNITS m
!h  x   y   z
0.0000E+00	0.0000E+00	0.0000E+00	9.5775E-01
1.0000E+00	0.0000E+00	0.0000E+00	9.5775E-01
2.0000E+00	0.0000E+00	0.0000E+00	9.8470E-01
3.0000E+00	0.0000E+00	0.0000E+00	1.0097E+00
4.0000E+00	0.0000E+00	0.0000E+00	1.0345E+00
5.0000E+00	0.0000E+00	0.0000E+00	1.0596E+00
6.0000E+00	0.0000E+00	0.0000E+00	1.0847E+00
7.0000E+00	0.0000E+00	0.0000E+00	1.1050E+00
8.0000E+00	0.0000E+00	0.0000E+00	1.0950E+00
9.0000E+00	0.0000E+00	0.0000E+00	9.0616E-01
1.0000E+01	0.0000E+00	0.0000E+00	9.2879E-01
1.1000E+01	0.0000E+00	0.0000E+00	9.0360E-01
1.2000E+01	0.0000E+00	0.0000E+00	9.0872E-01
1.3000E+01	0.0000E+00	0.0000E+00	9.1663E-01
1.4000E+01	0.0000E+00	0.0000E+00	9.1595E-01
1.5000E+01	0.0000E+00	0.0000E+00	9.2177E-01
1.6000E+01	0.0000E+00	0.0000E+00	9.3522E-01
1.7000E+01	0.0000E+00	0.0000E+00	9.3757E-01
1.8000E+01	0.0000E+00	0.0000E+00	9.4392E-01
1.9000E+01	0.0000E+00	0.0000E+00	9.5293E-01
2.0000E+01	0.0000E+00	0.0000E+00	9.5181E-01
2.1000E+01	0.0000E+00	0.0000E+00	9.5168E-01
2.2000E+01	0.0000E+00	0.0000E+00	9.5063E-01
2.3000E+01	0.0000E+00	0.0000E+00	9.5617E-01
2.4000E+01	0.0000E+00	0.0000E+00	9.6654E-01
2.5000E+01	0.0000E+00	0.0000E+00	9.8118E-01
2.6000E+01	0.0000E+00	0.0000E+00	1.0001E+00
2.7000E+01	0.0000E+00	0.0000E+00	1.0201E+00
2.8000E+01	0.0000E+00	0.0000E+00	1.0449E+00
2.9000E+01	0.0000E+00	0.0000E+00	1.0677E+00
3.0000E+01	0.0000E+00	0.0000E+00	1.0938E+00
3.1000E+01	0.0000E+00	0.0000E+00	1.1150E+00
3.2000E+01	0.0000E+00	0.0000E+00	1.1018E+00
3.3000E+01	0.0000E+00	0.0000E+00	9.3632E-01
3.4000E+01	0.0000E+00	0.0000E+00	9.5615E-01
3.5000E+01	0.0000E+00	0.0000E+00	9.3380E-01
3.6000E+01	0.0000E+00	0.0000E+00	9.3708E-01
3.7000E+01	0.0000E+00	0.0000E+00	9.3873E-01
3.8000E+01	0.0000E+00	0.0000E+00	9.3783E-01
3.9000E+01	0.0000E+00	0.0000E+00	9.4190E-01
4.0000E+01	0.0000E+00	0.0000E+00	9.5354E-01
4.1000E+01	0.0000E+00	0.0000E+00	9.6503E-01
4.2000E+01	0.0000E+00	0.0000E+00	9.6321E-01
4.3000E+01	0.0000E+00	0.0000E+00	9.7124E-01
4.4000E+01	0.0000E+00	0.0000E+00	9.6423E-01
4.5000E+01	0.0000E+00	0.0000E+00	9.6178E-01
4.6000E+01	0.0000E+00	0.0000E+00	9.5088E-01
4.7000E+01	0.0000E+00	0.0000E+00	9.5014E-01
4.8000E+01	0.0000E+00	0.0000E+00	9.4901E-01
4.9000E+01	0.0000E+00	0.0000E+00	9.5559E-01
5.0000E+01	0.0000E+00	0.0000E+00	9.7856E-01
5.1000E+01	0.0000E+00	0.0000E+00	9.9809E-01
5.2000E+01	0.0000E+00	0.0000E+00	1.0131E+00
5.3000E+01	0.0000E+00	0.0000E+00	1.0354E+00
5.4000E+01	0.0000E+00	0.0000E+00	1.0478E+00
5.5000E+01	0.0000E+00	0.0000E+00	1.0378E+00
5.6000E+01	0.0000E+00	0.0000E+00	9.7579E-01
5.7000E+01	0.0000E+00	0.0000E+00	9.3709E-01
5.8000E+01	0.0000E+00	0.0000E+00	9.4047E-01
5.9000E+01	0.0000E+00	0.0000E+00	9.3432E-01
6.0000E+01	0.0000E+00	0.0000E+00	9.3303E-01
6.1000E+01	0.0000E+00	0.0000E+00	9.3850E-01
6.2000E+01	0.0000E+00	0.0000E+00	9.4514E-01
6.3000E+01	0.0000E+00	0.0000E+00	9.5698E-01
6.4000E+01	0.0000E+00	0.0000E+00	9.5589E-01
6.5000E+01	0.0000E+00	0.0000E+00	9.5909E-01
6.6000E+01	0.0000E+00	0.0000E+00	9.6111E-01
6.7000E+01	0.0000E+00	0.0000E+00	9.5188E-01
6.8000E+01	0.0000E+00	0.0000E+00	9.5281E-01
6.9000E+01	0.0000E+00	0.0000E+00	9.5037E-01
7.0000E+01	0.0000E+00	0.0000E+00	9.4772E-01
7.1000E+01	0.0000E+00	0.0000E+00	9.4027E-01
7.2000E+01	0.0000E+00	0.0000E+00	9.6129E-01
7.3000E+01	0.0000E+00	0.0000E+00	9.7971E-01
7.4000E+01	0.0000E+00	0.0000E+00	9.9626E-01
7.5000E+01	0.0000E+00	0.0000E+00	1.0142E+00
7.6000E+01	0.0000E+00	0.0000E+00	1.0301E+00
7.7000E+01	0.0000E+00	0.0000E+00	1.0361E+00
7.8000E+01	0.0000E+00	0.0000E+00	1.0523E+00
7.9000E+01	0.0000E+00	0.0000E+00	1.0706E+00
8.0000E+01	0.0000E+00	0.0000E+00	1.0528E+00
8.1000E+01	0.0000E+00	0.0000E+00	9.3805E-01
8.2000E+01	0.0000E+00	0.0000E+00	9.4299E-01
8.3000E+01	0.0000E+00	0.0000E+00	9.3731E-01
8.4000E+01	0.0000E+00	0.0000E+00	9.4779E-01
8.5000E+01	0.0000E+00	0.0000E+00	9.4469E-01
8.6000E+01	0.0000E+00	0.0000E+00	9.5763E-01
8.7000E+01	0.0000E+00	0.0000E+00	9.8186E-01
8.8000E+01	0.0000E+00	0.0000E+00	9.8556E-01
8.9000E+01	0.0000E+00	0.0000E+00	9.9036E-01
9.0000E+01	0.0000E+00	0.0000E+00	9.9294E-01
9.1000E+01	0.0000E+00	0.0000E+00	9.9356E-01
9.2000E+01	0.0000E+00	0.0000E+00	9.8819E-01
9.3000E+01	0.0000E+00	0.0000E+00	9.8715E-01
9.4000E+01	0.0000E+00	0.0000E+00	9.8181E-01
9.5000E+01	0.0000E+00	0.0000E+00	9.8274E-01
9.6000E+01	0.0000E+00	0.0000E+00	9.8134E-01
9.7000E+01	0.0000E+00	0.0000E+00	9.7802E-01
9.8000E+01	0.0000E+00	0.0000E+00	9.7719E-01
9.9000E+01	0.0000E+00	0.0000E+00	9.7840E-01
1.0000E+02	0.0000E+00	0.0000E+00	9.7076E-01
1.0100E+02	0.0000E+00	0.0000E+00	9.7956E-01
1.0200E+02	0.0000E+00	0.0000E+00	9.9222E-01
1.0300E+02	0.0000E+00	0.0000E+00	1.0072E+00
1.0400E+02	0.0000E+00	0.0000E+00	9.7931E-01
1.0500E+02	0.0000E+00	0.0000E+00	9.7547E-01
1.0600E+02	0.0000E+00	0.0000E+00	9.7392E-01
1.0700E+02	0.0000E+00	0.0000E+00	9.7339E-01
1.0800E+02	0.0000E+00	0.0000E+00	9.7975E-01
1.0900E+02	0.0000E+00	0.0000E+00	9.8989E-01
1.1000E+02	0.0000E+00	0.0000E+00	1.0031E+00
1.1100E+02	0.0000E+00	0.0000E+00	1.0047E+00
1.1200E+02	0.0000E+00	0.0000E+00	1.0048E+00
1.1300E+02	0.0000E+00	0.0000E+00	1.0111E+00
1.1400E+02	0.0000E+00	0.0000E+00	1.0204E+00
1.1500E+02	0.0000E+00	0.0000E+00	1.0246E+00
1.1600E+02	0.0000E+00	0.0000E+00	1.0221E+00
1.1700E+02	0.0000E+00	0.0000E+00	1.0142E+00
1.1800E+02	0.0000E+00	0.0000E+00	1.0134E+00
1.1900E+02	0.0000E+00	0.0000E+00	1.0075E+00
1.2000E+02	0.0000E+00	0.0000E+00	1.0118E+00
1.2100E+02	0.0000E+00	0.0000E+00	1.0174E+00
1.2200E+02	0.0000E+00	0.0000E+00	1.0252E+00
1.2300E+02	0.0000E+00	0.0000E+00	1.0365E+00
1.2400E+02	0.0000E+00	0.0000E+00	1.0523E+00
1.2500E+02	0.0000E+00	0.0000E+00	1.0610E+00
1.2600E+02	0.0000E+00	0.0000E+00	1.0746E+00
1.2700E+02	0.0000E+00	0.0000E+00	1.0855E+00
1.2800E+02	0.0000E+00	0.0000E+00	1.0694E+00
1.2900E+02	0.0000E+00	0.0000E+00	9.9886E-01
1.3000E+02	0.0000E+00	0.0000E+00	1.0098E+00
1.3100E+02	0.0000E+00	0.0000E+00	1.0160E+00
1.3200E+02	0.0000E+00	0.0000E+00	1.0192E+00
1.3300E+02	0.0000E+00	0.0000E+00	1.0316E+00
1.3400E+02	0.0000E+00	0.0000E+00	1.0321E+00
1.3500E+02	0.0000E+00	0.0000E+00	1.0226E+00
1.3600E+02	0.0000E+00	0.0000E+00	1.0294E+00
1.3700E+02	0.0000E+00	0.0000E+00	1.0333E+00
1.3800E+02	0.0000E+00	0.0000E+00	1.0389E+00
1.3900E+02	0.0000E+00	0.0000E+00	1.0432E+00
1.4000E+02	0.0000E+00	0.0000E+00	1.0354E+00
1.4100E+02	0.0000E+00	0.0000E+00	1.0415E+00
1.4200E+02	0.0000E+00	0.0000E+00	1.0403E+00
1.4300E+02	0.0000E+00	0.0000E+00	1.0367E+00
1.4400E+02	0.0000E+00	0.0000E+00	1.0359E+00
1.4500E+02	0.0000E+00	0.0000E+00	1.0302E+00
1.4600E+02	0.0000E+00	0.0000E+00	1.0279E+00
1.4700E+02	0.0000E+00	0.0000E+00	1.0227E+00
1.4800E+02	0.0000E+00	0.0000E+00	1.0270E+00
1.4900E+02	0.0000E+00	0.0000E+00	1.0303E+00
1.5000E+02	0.0000E+00	0.0000E+00	1.0220E+00
1.5100E+02	0.0000E+00	0.0000E+00	1.0232E+00
1.5200E+02	0.0000E+00	0.0000E+00	1.0187E+00
1.5300E+02	0.0000E+00	0.0000E+00	1.0178E+00
1.5400E+02	0.0000E+00	0.0000E+00	1.0282E+00
1.5500E+02	0.0000E+00	0.0000E+00	1.0337E+00
1.5600E+02	0.0000E+00	0.0000E+00	1.0359E+00
1.5700E+02	0.0000E+00	0.0000E+00	1.0379E+00
1.5800E+02	0.0000E+00	0.0000E+00	1.0420E+00
1.5900E+02	0.0000E+00	0.0000E+00	1.0576E+00
1.6000E+02	0.0000E+00	0.0000E+00	1.0665E+00
1.6100E+02	0.0000E+00	0.0000E+00	1.0801E+00
1.6200E+02	0.0000E+00	0.0000E+00	1.1015E+00
1.6300E+02	0.0000E+00	0.0000E+00	1.0920E+00
1.6400E+02	0.0000E+00	0.0000E+00	1.0934E+00
1.6500E+02	0.0000E+00	0.0000E+00	1.1024E+00
1.6600E+02	0.0000E+00	0.0000E+00	1.0932E+00
1.6700E+02	0.0000E+00	0.0000E+00	1.0855E+00
1.6800E+02	0.0000E+00	0.0000E+00	1.0871E+00
1.6900E+02	0.0000E+00	0.0000E+00	1.0858E+00
1.7000E+02	0.0000E+00	0.0000E+00	1.0780E+00
1.7100E+02	0.0000E+00	0.0000E+00	1.0934E+00
1.7200E+02	0.0000E+00	0.0000E+00	1.1089E+00
1.7300E+02	0.0000E+00	0.0000E+00	1.1207E+00
1.7400E+02	0.0000E+00	0.0000E+00	1.1345E+00
1.7500E+02	0.0000E+00	0.0000E+00	1.1453E+00
1.7600E+02	0.0000E+00	0.0000E+00	1.1157E+00
1.7700E+02	0.0000E+00	0.0000E+00	1.0835E+00
1.7800E+02	0.0000E+00	0.0000E+00	1.0949E+00
1.7900E+02	0.0000E+00	0.0000E+00	1.1178E+00
1.8000E+02	0.0000E+00	0.0000E+00	1.0982E+00
1.8100E+02	0.0000E+00	0.0000E+00	1.0916E+00
1.8200E+02	0.0000E+00	0.0000E+00	1.0878E+00
1.8300E+02	0.0000E+00	0.0000E+00	1.0958E+00
1.8400E+02	0.0000E+00	0.0000E+00	1.1076E+00
1.8500E+02	0.0000E+00	0.0000E+00	1.1173E+00
1.8600E+02	0.0000E+00	0.0000E+00	1.1131E+00
1.8700E+02	0.0000E+00	0.0000E+00	1.1252E+00
1.8800E+02	0.0000E+00	0.0000E+00	1.1371E+00
1.8900E+02	0.0000E+00	0.0000E+00	1.1467E+00
1.9000E+02	0.0000E+00	0.0000E+00	1.1409E+00
1.9100E+02	0.0000E+00	0.0000E+00	1.1410E+00
1.9200E+02	0.0000E+00	0.0000E+00	1.1459E+00
1.9300E+02	0.0000E+00	0.0000E+00	1.1442E+00
1.9400E+02	0.0000E+00	0.0000E+00	1.1542E+00
1.9500E+02	0.0000E+00	0.0000E+00	1.1600E+00
1.9600E+02	0.0000E+00	0.0000E+00	1.1544E+00
1.9700E+02	0.0000E+00	0.0000E+00	1.1630E+00
1.9800E+02	0.0000E+00	0.0000E+00	1.1612E+00
1.9900E+02	0.0000E+00	0.0000E+00	1.1608E+00
2.0000E+02	0.0000E+00	0.0000E+00	1.1627E+00
2.0100E+02	0.0000E+00	0.0000E+00	1.1493E+00
2.0200E+02	0.0000E+00	0.0000E+00	1.1480E+00
2.0300E+02	0.0000E+00	0.0000E+00	1.1571E+00
2.0400E+02	0.0000E+00	0.0000E+00	1.1497E+00
2.0500E+02	0.0000E+00	0.0000E+00	1.1728E+00
2.0600E+02	0.0000E+00	0.0000E+00	1.1834E+00
2.0700E+02	0.0000E+00	0.0000E+00	1.1750E+00
2.0800E+02	0.0000E+00	0.0000E+00	1.1899E+00
2.0900E+02	0.0000E+00	0.0000E+00	1.2001E+00
2.1000E+02	0.0000E+00	0.0000E+00	1.2121E+00
2.1100E+02	0.0000E+00	0.0000E+00	1.2275E+00
2.1200E+02	0.0000E+00	0.0000E+00	1.2269E+00
2.1300E+02	0.0000E+00	0.0000E+00	1.2290E+00
2.1400E+02	0.0000E+00	0.0000E+00	1.2317E+00
2.1500E+02	0.0000E+00	0.0000E+00	1.2318E+00
2.1600E+02	0.0000E+00	0.0000E+00	1.2239E+00
2.1700E+02	0.0000E+00	0.0000E+00	1.2102E+00
2.1800E+02	0.0000E+00	0.0000E+00	1.2047E+00
2.1900E+02	0.0000E+00	0.0000E+00	1.2033E+00
2.2000E+02	0.0000E+00	0.0000E+00	1.1908E+00
2.2100E+02	0.0000E+00	0.0000E+00	1.1818E+00
2.2200E+02	0.0000E+00	0.0000E+00	1.1758E+00
2.2300E+02	0.0000E+00	0.0000E+00	1.1763E+00
2.2400E+02	0.0000E+00	0.0000E+00	1.1666E+00
2.2500E+02	0.0000E+00	0.0000E+00	1.1692E+00
2.2600E+02	0.0000E+00	0.0000E+00	1.1606E+00
2.2700E+02	0.0000E+00	0.0000E+00	1.1643E+00
2.2800E+02	0.0000E+00	0.0000E+00	1.1580E+00
2.2900E+02	0.0000E+00	0.0000E+00	1.1645E+00
2.3000E+02	0.0000E+00	0.0000E+00	1.1715E+00
2.3100E+02	0.0000E+00	0.0000E+00	1.1808E+00
2.3200E+02	0.0000E+00	0.0000E+00	1.1876E+00
2.3300E+02	0.0000E+00	0.0000E+00	1.1971E+00
2.3400E+02	0.0000E+00	0.0000E+00	1.2000E+00
2.3500E+02	0.0000E+00	0.0000E+00	1.2088E+00
2.3600E+02	0.0000E+00	0.0000E+00	1.2039E+00
2.3700E+02	0.0000E+00	0.0000E+00	1.2123E+00
2.3800E+02	0.0000E+00	0.0000E+00	1.2132E+00
2.3900E+02	0.0000E+00	0.0000E+00	1.2170E+00
2.4000E+02	0.0000E+00	0.0000E+00	1.2180E+00
2.4100E+02	0.0000E+00	0.0000E+00	1.2092E+00
2.4200E+02	0.0000E+00	0.0000E+00	1.2023E+00
2.4300E+02	0.0000E+00	0.0000E+00	1.2011E+00
2.4400E+02	0.0000E+00	0.0000E+00	1.1977E+00
2.4500E+02	0.0000E+00	0.0000E+00	1.1876E+00
2.4600E+02	0.0000E+00	0.0000E+00	1.1874E+00
2.4700E+02	0.0000E+00	0.0000E+00	1.1777E+00
2.4800E+02	0.0000E+00	0.0000E+00	1.1687E+00
2.4900E+02	0.0000E+00	0.0000E+00	1.1792E+00
2.5000E+02	0.0000E+00	0.0000E+00	1.1731E+00
2.5100E+02	0.0000E+00	0.0000E+00	1.1615E+00
2.5200E+02	0.0000E+00	0.0000E+00	1.1633E+00
2.5300E+02	0.0000E+00	0.0000E+00	1.1645E+00
2.5400E+02	0.0000E+00	0.0000E+00	1.1625E+00
2.5500E+02	0.0000E+00	0.0000E+00	1.1607E+00
2.5600E+02	0.0000E+00	0.0000E+00	1.1724E+00
2.5700E+02	0.0000E+00	0.0000E+00	1.1574E+00
2.5800E+02	0.0000E+00	0.0000E+00	1.1694E+00
2.5900E+02	0.0000E+00	0.0000E+00	1.1723E+00
2.6000E+02	0.0000E+00	0.0000E+00	1.1670E+00
2.6100E+02	0.0000E+00	0.0000E+00	1.1718E+00
2.6200E+02	0.0000E+00	0.0000E+00	1.1763E+00
2.6300E+02	0.0000E+00	0.0000E+00	1.1840E+00
2.6400E+02	0.0000E+00	0.0000E+00	1.1708E+00
2.6500E+02	0.0000E+00	0.0000E+00	1.1708E+00
2.6600E+02	0.0000E+00	0.0000E+00	1.1645E+00
2.6700E+02	0.0000E+00	0.0000E+00	1.1536E+00
2.6800E+02	0.0000E+00	0.0000E+00	1.1516E+00
2.6900E+02	0.0000E+00	0.0000E+00	1.1539E+00
2.7000E+02	0.0000E+00	0.0000E+00	1.1433E+00
2.7100E+02	0.0000E+00	0.0000E+00	1.1462E+00
2.7200E+02	0.0000E+00	0.0000E+00	1.1489E+00
2.7300E+02	0.0000E+00	0.0000E+00	1.1335E+00
2.7400E+02	0.0000E+00	0.0000E+00	1.1390E+00
2.7500E+02	0.0000E+00	0.0000E+00	1.1273E+00
2.7600E+02	0.0000E+00	0.0000E+00	1.1353E+00
2.7700E+02	0.0000E+00	0.0000E+00	1.1419E+00
2.7800E+02	0.0000E+00	0.0000E+00	1.1391E+00
2.7900E+02	0.0000E+00	0.0000E+00	1.1371E+00
2.8000E+02	0.0000E+00	0.0000E+00	1.1408E+00
2.8100E+02	0.0000E+00	0.0000E+00	1.1302E+00
2.8200E+02	0.0000E+00	0.0000E+00	1.1272E+00
2.8300E+02	0.0000E+00	0.0000E+00	1.1278E+00
2.8400E+02	0.0000E+00	0.0000E+00	1.1182E+00
2.8500E+02	0.0000E+00	0.0000E+00	1.1198E+00
2.8600E+02	0.0000E+00	0.0000E+00	1.1113E+00
2.8700E+02	0.0000E+00	0.0000E+00	1.1145E+00
2.8800E+02	0.0000E+00	0.0000E+00	1.1145E+00
2.8900E+02	0.0000E+00	0.0000E+00	1.1058E+00
2.9000E+02	0.0000E+00	0.0000E+00	1.1068E+00
2.9100E+02	0.0000E+00	0.0000E+00	1.1018E+00
2.9200E+02	0.0000E+00	0.0000E+00	1.0949E+00
2.9300E+02	0.0000E+00	0.0000E+00	1.0925E+00
2.9400E+02	0.0000E+00	0.0000E+00	1.0781E+00
2.9500E+02	0.0000E+00	0.0000E+00	1.0863E+00
2.9600E+02	0.0000E+00	0.0000E+00	1.0767E+00
2.9700E+02	0.0000E+00	0.0000E+00	1.0770E+00
2.9800E+02	0.0000E+00	0.0000E+00	1.0898E+00
2.9900E+02	0.0000E+00	0.0000E+00	1.0887E+00
3.0000E+02	0.0000E+00	0.0000E+00	1.0938E+00
3.0100E+02	0.0000E+00	0.0000E+00	1.0941E+00
3.0200E+02	0.0000E+00	0.0000E+00	1.0871E+00
3.0300E+02	0.0000E+00	0.0000E+00	1.0848E+00
3.0400E+02	0.0000E+00	0.0000E+00	1.0836E+00
3.0500E+02	0.0000E+00	0.0000E+00	1.0748E+00
3.0600E+02	0.0000E+00	0.0000E+00	1.0734E+00
3.0700E+02	0.0000E+00	0.0000E+00	1.0666E+00
3.0800E+02	0.0000E+00	0.0000E+00	1.0652E+00
3.0900E+02	0.0000E+00	0.0000E+00	1.0547E+00
3.1000E+02	0.0000E+00	0.0000E+00	1.0499E+00
3.1100E+02	0.0000E+00	0.0000E+00	1.0510E+00
3.1200E+02	0.0000E+00	0.0000E+00	1.0404E+00
3.1300E+02	0.0000E+00	0.0000E+00	1.0365E+00
3.1400E+02	0.0000E+00	0.0000E+00	1.0271E+00
3.1500E+02	0.0000E+00	0.0000E+00	1.0319E+00
3.1600E+02	0.0000E+00	0.0000E+00	1.0237E+00
3.1700E+02	0.0000E+00	0.0000E+00	1.0333E+00
3.1800E+02	0.0000E+00	0.0000E+00	1.0368E+00
3.1900E+02	0.0000E+00	0.0000E+00	1.0395E+00
3.2000E+02	0.0000E+00	0.0000E+00	1.0156E+00
3.2100E+02	0.0000E+00	0.0000E+00	1.0323E+00
3.2200E+02	0.0000E+00	0.0000E+00	1.0478E+00
3.2300E+02	0.0000E+00	0.0000E+00	1.0482E+00
3.2400E+02	0.0000E+00	0.0000E+00	1.0532E+00
3.2500E+02	0.0000E+00	0.0000E+00	1.0438E+00
3.2600E+02	0.0000E+00	0.0000E+00	1.0401E+00
3.2700E+02	0.0000E+00	0.0000E+00	1.0421E+00
3.2800E+02	0.0000E+00	0.0000E+00	1.0344E+00
3.2900E+02	0.0000E+00	0.0000E+00	1.0389E+00
3.3000E+02	0.0000E+00	0.0000E+00	1.0360E+00
3.3100E+02	0.0000E+00	0.0000E+00	1.0425E+00
3.3200E+02	0.0000E+00	0.0000E+00	1.0358E+00
3.3300E+02	0.0000E+00	0.0000E+00	1.0360E+00
3.3400E+02	0.0000E+00	0.0000E+00	1.0314E+00
3.3500E+02	0.0000E+00	0.0000E+00	1.0362E+00
3.3600E+02	0.0000E+00	0.0000E+00	1.0261E+00
3.3700E+02	0.0000E+00	0.0000E+00	1.0217E+00
3.3800E+02	0.0000E+00	0.0000E+00	1.0225E+00
3.3900E+02	0.0000E+00	0.0000E+00	1.0181E+00
3.4000E+02	0.0000E+00	0.0000E+00	1.0162E+00
3.4100E+02	0.0000E+00	0.0000E+00	1.0182E+00
3.4200E+02	0.0000E+00	0.0000E+00	1.0097E+00
3.4300E+02	0.0000E+00	0.0000E+00	1.0082E+00
3.4400E+02	0.0000E+00	0.0000E+00	1.0063E+00
3.4500E+02	0.0000E+00	0.0000E+00	1.0048E+00
3.4600E+02	0.0000E+00	0.0000E+00	1.0154E+00
3.4700E+02	0.0000E+00	0.0000E+00	1.0190E+00
3.4800E+02	0.0000E+00	0.0000E+00	1.0272E+00
3.4900E+02	0.0000E+00	0.0000E+00	1.0198E+00
3.5000E+02	0.0000E+00	0.0000E+00	1.0262E+00
3.5100E+02	0.0000E+00	0.0000E+00	1.0252E+00
3.5200E+02	0.0000E+00	0.0000E+00	1.0171E+00
3.5300E+02	0.0000E+00	0.0000E+00	1.0254E+00
3.5400E+02	0.0000E+00	0.0000E+00	1.0261E+00
3.5500E+02	0.0000E+00	0.0000E+00	1.0350E+00
3.5600E+02	0.0000E+00	0.0000E+00	1.0390E+00
3.5700E+02	0.0000E+00	0.0000E+00	1.0345E+00
3.5800E+02	0.0000E+00	0.0000E+00	1.0408E+00
3.5900E+02	0.0000E+00	0.0000E+00	1.0369E+00
3.6000E+02	0.0000E+00	0.0000E+00	1.0315E+00
3.6100E+02	0.0000E+00	0.0000E+00	1.0359E+00
3.6200E+02	0.0000E+00	0.0000E+00	1.0318E+00
3.6300E+02	0.0000E+00	0.0000E+00	1.0306E+00
3.6400E+02	0.0000E+00	0.0000E+00	1.0270E+00
3.6500E+02	0.0000E+00	0.0000E+00	1.0316E+00
3.6600E+02	0.0000E+00	0.0000E+00	1.0174E+00
3.6700E+02	0.0000E+00	0.0000E+00	1.0213E+00
3.6800E+02	0.0000E+00	0.0000E+00	1.0173E+00
3.6900E+02	0.0000E+00	0.0000E+00	1.0156E+00
3.7000E+02	0.0000E+00	0.0000E+00	1.0246E+00
3.7100E+02	0.0000E+00	0.0000E+00	1.0255E+00
3.7200E+02	0.0000E+00	0.0000E+00	1.0235E+00
3.7300E+02	0.0000E+00	0.0000E+00	1.0219E+00
3.7400E+02	0.0000E+00	0.0000E+00	1.0240E+00
3.7500E+02	0.0000E+00	0.0000E+00	1.0259E+00
3.7600E+02	0.0000E+00	0.0000E+00	1.0277E+00
3.7700E+02	0.0000E+00	0.0000E+00	1.0331E+00
3.7800E+02	0.0000E+00	0.0000E+00	1.0392E+00
3.7900E+02	0.0000E+00	0.0000E+00	1.0430E+00
3.8000E+02	0.0000E+00	0.0000E+00	1.0455E+00
3.8100E+02	0.0000E+00	0.0000E+00	1.0479E+00
3.8200E+02	0.0000E+00	0.0000E+00	1.0431E+00
3.8300E+02	0.0000E+00	0.0000E+00	1.0456E+00
3.8400E+02	0.0000E+00	0.0000E+00	1.0417E+00
3.8500E+02	0.0000E+00	0.0000E+00	1.0370E+00
3.8600E+02	0.0000E+00	0.0000E+00	1.0347E+00
3.8700E+02	0.0000E+00	0.0000E+00	1.0350E+00
3.8800E+02	0.0000E+00	0.0000E+00	1.0292E+00
3.8900E+02	0.0000E+00	0.0000E+00	1.0302E+00
3.9000E+02	0.0000E+00	0.0000E+00	1.0288E+00
3.9100E+02	0.0000E+00	0.0000E+00	1.0254E+00
3.9200E+02	0.0000E+00	0.0000E+00	1.0219E+00
3.9300E+02	0.0000E+00	0.0000E+00	1.0308E+00
3.9400E+02	0.0000E+00	0.0000E+00	1.0262E+00
3.9500E+02	0.0000E+00	0.0000E+00	1.0208E+00
3.9600E+02	0.0000E+00	0.0000E+00	1.0306E+00
3.9700E+02	0.0000E+00	0.0000E+00	1.0283E+00
3.9800E+02	0.0000E+00	0.0000E+00	1.0321E+00
3.9900E+02	0.0000E+00	0.0000E+00	1.0439E+00
4.0000E+02	0.0000E+00	0.0000E+00	1.0570E+00
4.0100E+02	0.0000E+00	0.0000E+00	1.0857E+00
4.0200E+02	0.0000E+00	0.0000E+00	1.0982E+00
4.0300E+02	0.0000E+00	0.0000E+00	1.1091E+00
4.0400E+02	0.0000E+00	0.0000E+00	1.1102E+00
4.0500E+02	0.0000E+00	0.0000E+00	1.1078E+00
4.0600E+02	0.0000E+00	0.0000E+00	1.1050E+00
4.0700E+02	0.0000E+00	0.0000E+00	1.0952E+00
4.0800E+02	0.0000E+00	0.0000E+00	1.0944E+00
4.0900E+02	0.0000E+00	0.0000E+00	1.0981E+00
4.1000E+02	0.0000E+00	0.0000E+00	1.0956E+00
4.1100E+02	0.0000E+00	0.0000E+00	1.0879E+00
4.1200E+02	0.0000E+00	0.0000E+00	1.0845E+00
4.1300E+02	0.0000E+00	0.0000E+00	1.0695E+00
4.1400E+02	0.0000E+00	0.0000E+00	1.0795E+00
4.1500E+02	0.0000E+00	0.0000E+00	1.0681E+00
4.1600E+02	0.0000E+00	0.0000E+00	1.0717E+00
4.1700E+02	0.0000E+00	0.0000E+00	1.0716E+00
4.1800E+02	0.0000E+00	0.0000E+00	1.0706E+00
4.1900E+02	0.0000E+00	0.0000E+00	1.0745E+00
4.2000E+02	0.0000E+00	0.0000E+00	1.0784E+00
4.2100E+02	0.0000E+00	0.0000E+00	1.0805E+00
4.2200E+02	0.0000E+00	0.0000E+00	1.0916E+00
4.2300E+02	0.0000E+00	0.0000E+00	1.1027E+00
4.2400E+02	0.0000E+00	0.0000E+00	1.1141E+00
4.2500E+02	0.0000E+00	0.0000E+00	1.1212E+00
4.2600E+02	0.0000E+00	0.0000E+00	1.1244E+00
4.2700E+02	0.0000E+00	0.0000E+00	1.1382E+00
4.2800E+02	0.0000E+00	0.0000E+00	1.1471E+00
4.2900E+02	0.0000E+00	0.0000E+00	1.1442E+00
4.3000E+02	0.0000E+00	0.0000E+00	1.1387E+00
4.3100E+02	0.0000E+00	0.0000E+00	1.1402E+00
4.3200E+02	0.0000E+00	0.0000E+00	1.1352E+00
4.3300E+02	0.0000E+00	0.0000E+00	1.1275E+00
4.3400E+02	0.0000E+00	0.0000E+00	1.1262E+00
4.3500E+02	0.0000E+00	0.0000E+00	1.1232E+00
4.3600E+02	0.0000E+00	0.0000E+00	1.1203E+00
4.3700E+02	0.0000E+00	0.0000E+00	1.1211E+00
4.3800E+02	0.0000E+00	0.0000E+00	1.1141E+00
4.3900E+02	0.0000E+00	0.0000E+00	1.1076E+00
4.4000E+02	0.0000E+00	0.0000E+00	1.1052E+00
4.4100E+02	0.0000E+00	0.0000E+00	1.1088E+00
4.4200E+02	0.0000E+00	0.0000E+00	1.1031E+00
4.4300E+02	0.0000E+00	0.0000E+00	1.1022E+00
4.4400E+02	0.0000E+00	0.0000E+00	1.1128E+00
4.4500E+02	0.0000E+00	0.0000E+00	1.1151E+00
4.4600E+02	0.0000E+00	0.0000E+00	1.1279E+00
4.4700E+02	0.0000E+00	0.0000E+00	1.1331E+00
4.4800E+02	0.0000E+00	0.0000E+00	1.1249E+00
4.4900E+02	0.0000E+00	0.0000E+00	1.1457E+00
4.5000E+02	0.0000E+00	0.0000E+00	1.1526E+00
4.5100E+02	0.0000E+00	0.0000E+00	1.1626E+00
4.5200E+02	0.0000E+00	0.0000E+00	1.1605E+00
4.5300E+02	0.0000E+00	0.0000E+00	1.1721E+00
4.5400E+02	0.0000E+00	0.0000E+00	1.1614E+00
4.5500E+02	0.0000E+00	0.0000E+00	1.1543E+00
4.5600E+02	0.0000E+00	0.0000E+00	1.1419E+00
4.5700E+02	0.0000E+00	0.0000E+00	1.1493E+00
4.5800E+02	0.0000E+00	0.0000E+00	1.1450E+00
4.5900E+02	0.0000E+00	0.0000E+00	1.1342E+00
4.6000E+02	0.0000E+00	0.0000E+00	1.1257E+00
4.6100E+02	0.0000E+00	0.0000E+00	1.1272E+00
4.6200E+02	0.0000E+00	0.0000E+00	1.1269E+00
4.6300E+02	0.0000E+00	0.0000E+00	1.1227E+00
4.6400E+02	0.0000E+00	0.0000E+00	1.1161E+00
4.6500E+02	0.0000E+00	0.0000E+00	1.1227E+00
4.6600E+02	0.0000E+00	0.0000E+00	1.1170E+00
4.6700E+02	0.0000E+00	0.0000E+00	1.1255E+00
4.6800E+02	0.0000E+00	0.0000E+00	1.1116E+00
4.6900E+02	0.0000E+00	0.0000E+00	1.1194E+00
4.7000E+02	0.0000E+00	0.0000E+00	1.1261E+00
4.7100E+02	0.0000E+00	0.0000E+00	1.1252E+00
4.7200E+02	0.0000E+00	0.0000E+00	1.1330E+00
4.7300E+02	0.0000E+00	0.0000E+00	1.1360E+00
4.7400E+02	0.0000E+00	0.0000E+00	1.1343E+00
4.7500E+02	0.0000E+00	0.0000E+00	1.1398E+00
4.7600E+02	0.0000E+00	0.0000E+00	1.1351E+00
4.7700E+02	0.0000E+00	0.0000E+00	1.1329E+00
4.7800E+02	0.0000E+00	0.0000E+00	1.1326E+00
4.7900E+02	0.0000E+00	0.0000E+00	1.1321E+00
4.8000E+02	0.0000E+00	0.0000E+00	1.1163E+00
4.8100E+02	0.0000E+00	0.0000E+00	1.1085E+00
4.8200E+02	0.0000E+00	0.0000E+00	1.1136E+00
4.8300E+02	0.0000E+00	0.0000E+00	1.1091E+00
4.8400E+02	0.0000E+00	0.0000E+00	1.1067E+00
4.8500E+02	0.0000E+00	0.0000E+00	1.1017E+00
4.8600E+02	0.0000E+00	0.0000E+00	1.1036E+00
4.8700E+02	0.0000E+00	0.0000E+00	1.1027E+00
4.8800E+02	0.0000E+00	0.0000E+00	1.0928E+00
4.8900E+02	0.0000E+00	0.0000E+00	1.0910E+00
4.9000E+02	0.0000E+00	0.0000E+00	1.0985E+00
4.9100E+02	0.0000E+00	0.0000E+00	1.0919E+00
4.9200E+02	0.0000E+00	0.0000E+00	1.0890E+00
4.9300E+02	0.0000E+00	0.0000E+00	1.0910E+00
4.9400E+02	0.0000E+00	0.0000E+00	1.0928E+00
4.9500E+02	0.0000E+00	0.0000E+00	1.0901E+00
4.9600E+02	0.0000E+00	0.0000E+00	1.0960E+00
4.9700E+02	0.0000E+00	0.0000E+00	1.0946E+00
4.9800E+02	0.0000E+00	0.0000E+00	1.0968E+00
4.9900E+02	0.0000E+00	0.0000E+00	1.0937E+00
5.0000E+02	0.0000E+00	0.0000E+00	1.0849E+00
5.0100E+02	0.0000E+00	0.0000E+00	1.0817E+00
5.0200E+02	0.0000E+00	0.0000E+00	1.0825E+00
5.0300E+02	0.0000E+00	0.0000E+00	1.0738E+00
5.0400E+02	0.0000E+00	0.0000E+00	1.0745E+00
5.0500E+02	0.0000E+00	0.0000E+00	1.0743E+00
5.0600E+02	0.0000E+00	0.0000E+00	1.0685E+00
5.0700E+02	0.0000E+00	0.0000E+00	1.0686E+00
5.0800E+02	0.0000E+00	0.0000E+00	1.0617E+00
5.0900E+02	0.0000E+00	0.0000E+00	1.0645E+00
5.1000E+02	0.0000E+00	0.0000E+00	1.0587E+00
5.1100E+02	0.0000E+00	0.0000E+00	1.0578E+00
5.1200E+02	0.0000E+00	0.0000E+00	1.0575E+00
5.1300E+02	0.0000E+00	0.0000E+00	1.0632E+00
5.1400E+02	0.0000E+00	0.0000E+00	1.0595E+00
5.1500E+02	0.0000E+00	0.0000E+00	1.0603E+00
5.1600E+02	0.0000E+00	0.0000E+00	1.0577E+00
5.1700E+02	0.0000E+00	0.0000E+00	1.0624E+00
5.1800E+02	0.0000E+00	0.0000E+00	1.0673E+00
5.1900E+02	0.0000E+00	0.0000E+00	1.0745E+00
5.2000E+02	0.0000E+00	0.0000E+00	1.0760E+00
5.2100E+02	0.0000E+00	0.0000E+00	1.0866E+00
5.2200E+02	0.0000E+00	0.0000E+00	1.0918E+00
5.2300E+02	0.0000E+00	0.0000E+00	1.1016E+00
5.2400E+02	0.0000E+00	0.0000E+00	1.1049E+00
5.2500E+02	0.0000E+00	0.0000E+00	1.0993E+00
5.2600E+02	0.0000E+00	0.0000E+00	1.0989E+00
5.2700E+02	0.0000E+00	0.0000E+00	1.0980E+00
5.2800E+02	0.0000E+00	0.0000E+00	1.0839E+00
5.2900E+02	0.0000E+00	0.0000E+00	1.0839E+00
5.3000E+02	0.0000E+00	0.0000E+00	1.0845E+00
5.3100E+02	0.0000E+00	0.0000E+00	1.0737E+00
5.3200E+02	0.0000E+00	0.0000E+00	1.0734E+00
5.3300E+02	0.0000E+00	0.0000E+00	1.0685E+00
5.3400E+02	0.0000E+00	0.0000E+00	1.0655E+00
5.3500E+02	0.0000E+00	0.0000E+00	1.0585E+00
5.3600E+02	0.0000E+00	0.0000E+00	1.0614E+00
5.3700E+02	0.0000E+00	0.0000E+00	1.0565E+00
5.3800E+02	0.0000E+00	0.0000E+00	1.0652E+00
5.3900E+02	0.0000E+00	0.0000E+00	1.0623E+00
5.4000E+02	0.0000E+00	0.0000E+00	1.0575E+00
5.4100E+02	0.0000E+00	0.0000E+00	1.0626E+00
5.4200E+02	0.0000E+00	0.0000E+00	1.0787E+00
5.4300E+02	0.0000E+00	0.0000E+00	1.0855E+00
5.4400E+02	0.0000E+00	0.0000E+00	1.1037E+00
5.4500E+02	0.0000E+00	0.0000E+00	1.1145E+00
5.4600E+02	0.0000E+00	0.0000E+00	1.1332E+00
5.4700E+02	0.0000E+00	0.0000E+00	1.1423E+00
5.4800E+02	0.0000E+00	0.0000E+00	1.1482E+00
5.4900E+02	0.0000E+00	0.0000E+00	1.1502E+00
5.5000E+02	0.0000E+00	0.0000E+00	1.1443E+00
5.5100E+02	0.0000E+00	0.0000E+00	1.1345E+00
5.5200E+02	0.0000E+00	0.0000E+00	1.1282E+00
5.5300E+02	0.0000E+00	0.0000E+00	1.1212E+00
5.5400E+02	0.0000E+00	0.0000E+00	1.1141E+00
5.5500E+02	0.0000E+00	0.0000E+00	1.1120E+00
5.5600E+02	0.0000E+00	0.0000E+00	1.1108E+00
5.5700E+02	0.0000E+00	0.0000E+00	1.1070E+00
5.5800E+02	0.0000E+00	0.0000E+00	1.1018E+00
5.5900E+02	0.0000E+00	0.0000E+00	1.0909E+00
5.6000E+02	0.0000E+00	0.0000E+00	1.0986E+00
5.6100E+02	0.0000E+00	0.0000E+00	1.0976E+00
5.6200E+02	0.0000E+00	0.0000E+00	1.0938E+00
5.6300E+02	0.0000E+00	0.0000E+00	1.0956E+00
5.6400E+02	0.0000E+00	0.0000E+00	1.1005E+00
5.6500E+02	0.0000E+00	0.0000E+00	1.1038E+00
5.6600E+02	0.0000E+00	0.0000E+00	1.1112E+00
5.6700E+02	0.0000E+00	0.0000E+00	1.1388E+00
5.6800E+02	0.0000E+00	0.0000E+00	1.1543E+00
5.6900E+02	0.0000E+00	0.0000E+00	1.1795E+00
5.7000E+02	0.0000E+00	0.0000E+00	1.2038E+00
5.7100E+02	0.0000E+00	0.0000E+00	1.2177E+00
5.7200E+02	0.0000E+00	0.0000E+00	1.2114E+00
5.7300E+02	0.0000E+00	0.0000E+00	1.2113E+00
5.7400E+02	0.0000E+00	0.0000E+00	1.2005E+00
5.7500E+02	0.0000E+00	0.0000E+00	1.1995E+00
5.7600E+02	0.0000E+00	0.0000E+00	1.1912E+00
5.7700E+02	0.0000E+00	0.0000E+00	1.1764E+00
5.7800E+02	0.0000E+00	0.0000E+00	1.1830E+00
5.7900E+02	0.0000E+00	0.0000E+00	1.1759E+00
5.8000E+02	0.0000E+00	0.0000E+00	1.1584E+00
5.8100E+02	0.0000E+00	0.0000E+00	1.1646E+00
5.8200E+02	0.0000E+00	0.0000E+00	1.1624E+00
5.8300E+02	0.0000E+00	0.0000E+00	1.1478E+00
5.8400E+02	0.0000E+00	0.0000E+00	1.1493E+00
5.8500E+02	0.0000E+00	0.0000E+00	1.1466E+00
5.8600E+02	0.0000E+00	0.0000E+00	1.1464E+00
5.8700E+02	0.0000E+00	0.0000E+00	1.1447E+00
5.8800E+02	0.0000E+00	0.0000E+00	1.1523E+00
5.8900E+02	0.0000E+00	0.0000E+00	1.1653E+00
5.9000E+02	0.0000E+00	0.0000E+00	1.1774E+00
5.9100E+02	0.0000E+00	0.0000E+00	1.1875E+00
5.9200E+02	0.0000E+00	0.0000E+00	1.2205E+00
5.9300E+02	0.0000E+00	0.0000E+00	1.2425E+00
5.9400E+02	0.0000E+00	0.0000E+00	1.2626E+00
5.9500E+02	0.0000E+00	0.0000E+00	1.2756E+00
5.9600E+02	0.0000E+00	0.0000E+00	1.2702E+00
5.9700E+02	0.0000E+00	0.0000E+00	1.2778E+00
5.9800E+02	0.0000E+00	0.0000E+00	1.2683E+00
5.9900E+02	0.0000E+00	0.0000E+00	1.2466E+00
6.0000E+02	0.0000E+00	0.0000E+00	1.2532E+00
6.0100E+02	0.0000E+00	0.0000E+00	1.2483E+00
6.0200E+02	0.0000E+00	0.0000E+00	1.2351E+00
6.0300E+02	0.0000E+00	0.0000E+00	1.2291E+00
6.0400E+02	0.0000E+00	0.0000E+00	1.2104E+00
6.0500E+02	0.0000E+00	0.0000E+00	1.2140E+00
6.0600E+02	0.0000E+00	0.0000E+00	1.2168E+00
6.0700E+02	0.0000E+00	0.0000E+00	1.1974E+00
6.0800E+02	0.0000E+00	0.0000E+00	1.2107E+00
6.0900E+02	0.0000E+00	0.0000E+00	1.2018E+00
6.1000E+02	0.0000E+00	0.0000E+00	1.2066E+00
6.1100E+02	0.0000E+00	0.0000E+00	1.2054E+00
6.1200E+02	0.0000E+00	0.0000E+00	1.2151E+00
6.1300E+02	0.0000E+00	0.0000E+00	1.2147E+00
6.1400E+02	0.0000E+00	0.0000E+00	1.2152E+00
6.1500E+02	0.0000E+00	0.0000E+00	1.2476E+00
6.1600E+02	0.0000E+00	0.0000E+00	1.2497E+00
6.1700E+02	0.0000E+00	0.0000E+00	1.2637E+00
6.1800E+02	0.0000E+00	0.0000E+00	1.2683E+00
6.1900E+02	0.0000E+00	0.0000E+00	1.3013E+00
6.2000E+02	0.0000E+00	0.0000E+00	1.3047E+00
6.2100E+02	0.0000E+00	0.0000E+00	1.3029E+00
6.2200E+02	0.0000E+00	0.0000E+00	1.3123E+00
6.2300E+02	0.0000E+00	0.0000E+00	1.2848E+00
6.2400E+02	0.0000E+00	0.0000E+00	1.2837E+00
6.2500E+02	0.0000E+00	0.0000E+00	1.3005E+00
6.2600E+02	0.0000E+00	0.0000E+00	1.2987E+00
6.2700E+02	0.0000E+00	0.0000E+00	1.2946E+00
6.2800E+02	0.0000E+00	0.0000E+00	1.2827E+00
6.2900E+02	0.0000E+00	0.0000E+00	1.2833E+00
6.3000E+02	0.0000E+00	0.0000E+00	1.2706E+00
6.3100E+02	0.0000E+00	0.0000E+00	1.2651E+00
6.3200E+02	0.0000E+00	0.0000E+00	1.2813E+00
6.3300E+02	0.0000E+00	0.0000E+00	1.2608E+00
6.3400E+02	0.0000E+00	0.0000E+00	1.2647E+00
6.3500E+02	0.0000E+00	0.0000E+00	1.2703E+00
6.3600E+02	0.0000E+00	0.0000E+00	1.2780E+00
6.3700E+02	0.0000E+00	0.0000E+00	1.2721E+00
6.3800E+02	0.0000E+00	0.0000E+00	1.2715E+00
6.3900E+02	0.0000E+00	0.0000E+00	1.2748E+00
6.4000E+02	0.0000E+00	0.0000E+00	1.2683E+00
6.4100E+02	0.0000E+00	0.0000E+00	1.2724E+00
6.4200E+02	0.0000E+00	0.0000E+00	1.2955E+00
6.4300E+02	0.0000E+00	0.0000E+00	1.3115E+00
6.4400E+02	0.0000E+00	0.0000E+00	1.3284E+00
6.4500E+02	0.0000E+00	0.0000E+00	1.3315E+00
6.4600E+02	0.0000E+00	0.0000E+00	1.3573E+00
6.4700E+02	0.0000E+00	0.0000E+00	1.3350E+00
6.4800E+02	0.0000E+00	0.0000E+00	1.3171E+00
6.4900E+02	0.0000E+00	0.0000E+00	1.3172E+00
6.5000E+02	0.0000E+00	0.0000E+00	1.3262E+00
6.5100E+02	0.0000E+00	0.0000E+00	1.3196E+00
6.5200E+02	0.0000E+00	0.0000E+00	1.3176E+00
6.5300E+02	0.0000E+00	0.0000E+00	1.3057E+00
6.5400E+02	0.0000E+00	0.0000E+00	1.2908E+00
6.5500E+02	0.0000E+00	0.0000E+00	1.3077E+00
6.5600E+02	0.0000E+00	0.0000E+00	1.2989E+00
6.5700E+02	0.0000E+00	0.0000E+00	1.2730E+00
6.5800E+02	0.0000E+00	0.0000E+00	1.2955E+00
6.5900E+02	0.0000E+00	0.0000E+00	1.3050E+00
6.6000E+02	0.0000E+00	0.0000E+00	1.2924E+00
6.6100E+02	0.0000E+00	0.0000E+00	1.3143E+00
6.6200E+02	0.0000E+00	0.0000E+00	1.2886E+00
6.6300E+02	0.0000E+00	0.0000E+00	1.2986E+00
6.6400E+02	0.0000E+00	0.0000E+00	1.3078E+00
6.6500E+02	0.0000E+00	0.0000E+00	1.3111E+00
6.6600E+02	0.0000E+00	0.0000E+00	1.3307E+00
6.6700E+02	0.0000E+00	0.0000E+00	1.3566E+00
6.6800E+02	0.0000E+00	0.0000E+00	1.3836E+00
6.6900E+02	0.0000E+00	0.0000E+00	1.3959E+00
6.7000E+02	0.0000E+00	0.0000E+00	1.4132E+00
6.7100E+02	0.0000E+00	0.0000E+00	1.4134E+00
6.7200E+02	0.0000E+00	0.0000E+00	1.4087E+00
6.7300E+02	0.0000E+00	0.0000E+00	1.4104E+00
6.7400E+02	0.0000E+00	0.0000E+00	1.4094E+00
6.7500E+02	0.0000E+00	0.0000E+00	1.4164E+00
6.7600E+02	0.0000E+00	0.0000E+00	1.4004E+00
6.7700E+02	0.0000E+00	0.0000E+00	1.3794E+00
6.7800E+02	0.0000E+00	0.0000E+00	1.3907E+00
6.7900E+02	0.0000E+00	0.0000E+00	1.3617E+00
6.8000E+02	0.0000E+00	0.0000E+00	1.3798E+00
6.8100E+02	0.0000E+00	0.0000E+00	1.3686E+00
6.8200E+02	0.0000E+00	0.0000E+00	1.3576E+00
6.8300E+02	0.0000E+00	0.0000E+00	1.3652E+00
6.8400E+02	0.0000E+00	0.0000E+00	1.3727E+00
6.8500E+02	0.0000E+00	0.0000E+00	1.3621E+00
6.8600E+02	0.0000E+00	0.0000E+00	1.3512E+00
6.8700E+02	0.0000E+00	0.0000E+00	1.3516E+00
6.8800E+02	0.0000E+00	0.0000E+00	1.3407E+00
6.8900E+02	0.0000E+00	0.0000E+00	1.3430E+00
6.9000E+02	0.0000E+00	0.0000E+00	1.3268E+00
6.9100E+02	0.0000E+00	0.0000E+00	1.3291E+00
6.9200E+02	0.0000E+00	0.0000E+00	1.3282E+00
6.9300E+02	0.0000E+00	0.0000E+00	1.3277E+00
6.9400E+02	0.0000E+00	0.0000E+00	1.3275E+00
6.9500E+02	0.0000E+00	0.0000E+00	1.3125E+00
6.9600E+02	0.0000E+00	0.0000E+00	1.3026E+00
6.9700E+02	0.0000E+00	0.0000E+00	1.3037E+00
6.9800E+02	0.0000E+00	0.0000E+00	1.3006E+00
6.9900E+02	0.0000E+00	0.0000E+00	1.2886E+00
7.0000E+02	0.0000E+00	0.0000E+00	1.2937E+00
7.0100E+02	0.0000E+00	0.0000E+00	1.2871E+00
7.0200E+02	0.0000E+00	0.0000E+00	1.2884E+00
7.0300E+02	0.0000E+00	0.0000E+00	1.2847E+00
7.0400E+02	0.0000E+00	0.0000E+00	1.2790E+00
7.0500E+02	0.0000E+00	0.0000E+00	1.2702E+00
7.0600E+02	0.0000E+00	0.0000E+00	1.2644E+00
7.0700E+02	0.0000E+00	0.0000E+00	1.2645E+00
7.0800E+02	0.0000E+00	0.0000E+00	1.2706E+00
7.0900E+02	0.0000E+00	0.0000E+00	1.2697E+00
7.1000E+02	0.0000E+00	0.0000E+00	1.2543E+00
7.1100E+02	0.0000E+00	0.0000E+00	1.2653E+00
7.1200E+02	0.0000E+00	0.0000E+00	1.2585E+00
7.1300E+02	0.0000E+00	0.0000E+00	1.2538E+00
7.1400E+02	0.0000E+00	0.0000E+00	1.2619E+00
7.1500E+02	0.0000E+00	0.0000E+00	1.2619E+00
7.1600E+02	0.0000E+00	0.0000E+00	1.2539E+00
7.1700E+02	0.0000E+00	0.0000E+00	1.2514E+00
7.1800E+02	0.0000E+00	0.0000E+00	1.2430E+00
7.1900E+02	0.0000E+00	0.0000E+00	1.2373E+00
7.2000E+02	0.0000E+00	0.0000E+00	1.2321E+00
7.2100E+02	0.0000E+00	0.0000E+00	1.2289E+00
7.2200E+02	0.0000E+00	0.0000E+00	1.2192E+00
7.2300E+02	0.0000E+00	0.0000E+00	1.2199E+00
7.2400E+02	0.0000E+00	0.0000E+00	1.2146E+00
7.2500E+02	0.0000E+00	0.0000E+00	1.2105E+00
7.2600E+02	0.0000E+00	0.0000E+00	1.2137E+00
7.2700E+02	0.0000E+00	0.0000E+00	1.2011E+00
7.2800E+02	0.0000E+00	0.0000E+00	1.2010E+00
7.2900E+02	0.0000E+00	0.0000E+00	1.2014E+00
7.3000E+02	0.0000E+00	0.0000E+00	1.2033E+00
7.3100E+02	0.0000E+00	0.0000E+00	1.2057E+00
7.3200E+02	0.0000E+00	0.0000E+00	1.2038E+00
7.3300E+02	0.0000E+00	0.0000E+00	1.2003E+00
7.3400E+02	0.0000E+00	0.0000E+00	1.1961E+00
7.3500E+02	0.0000E+00	0.0000E+00	1.2008E+00
7.3600E+02	0.0000E+00	0.0000E+00	1.1975E+00
7.3700E+02	0.0000E+00	0.0000E+00	1.1928E+00
7.3800E+02	0.0000E+00	0.0000E+00	1.1841E+00
7.3900E+02	0.0000E+00	0.0000E+00	1.1926E+00
7.4000E+02	0.0000E+00	0.0000E+00	1.1887E+00
7.4100E+02	0.0000E+00	0.0000E+00	1.1800E+00
7.4200E+02	0.0000E+00	0.0000E+00	1.1855E+00
7.4300E+02	0.0000E+00	0.0000E+00	1.1813E+00
7.4400E+02	0.0000E+00	0.0000E+00	1.1746E+00
7.4500E+02	0.0000E+00	0.0000E+00	1.1755E+00
7.4600E+02	0.0000E+00	0.0000E+00	1.1736E+00
7.4700E+02	0.0000E+00	0.0000E+00	1.1710E+00
7.4800E+02	0.0000E+00	0.0000E+00	1.1683E+00
7.4900E+02	0.0000E+00	0.0000E+00	1.1685E+00
7.5000E+02	0.0000E+00	0.0000E+00	1.1636E+00
7.5100E+02	0.0000E+00	0.0000E+00	1.1680E+00
7.5200E+02	0.0000E+00	0.0000E+00	1.1706E+00
7.5300E+02	0.0000E+00	0.0000E+00	1.1696E+00
7.5400E+02	0.0000E+00	0.0000E+00	1.1696E+00
7.5500E+02	0.0000E+00	0.0000E+00	1.1715E+00
7.5600E+02	0.0000E+00	0.0000E+00	1.1677E+00
7.5700E+02	0.0000E+00	0.0000E+00	1.1697E+00
7.5800E+02	0.0000E+00	0.0000E+00	1.1632E+00
7.5900E+02	0.0000E+00	0.0000E+00	1.1759E+00
7.6000E+02	0.0000E+00	0.0000E+00	1.1796E+00
7.6100E+02	0.0000E+00	0.0000E+00	1.1797E+00
7.6200E+02	0.0000E+00	0.0000E+00	1.1797E+00
7.6300E+02	0.0000E+00	0.0000E+00	1.1719E+00
7.6400E+02	0.0000E+00	0.0000E+00	1.1717E+00
7.6500E+02	0.0000E+00	0.0000E+00	1.1657E+00
7.6600E+02	0.0000E+00	0.0000E+00	1.1613E+00
7.6700E+02	0.0000E+00	0.0000E+00	1.1524E+00
7.6800E+02	0.0000E+00	0.0000E+00	1.1422E+00
7.6900E+02	0.0000E+00	0.0000E+00	1.1405E+00
7.7000E+02	0.0000E+00	0.0000E+00	1.1357E+00
7.7100E+02	0.0000E+00	0.0000E+00	1.1336E+00
7.7200E+02	0.0000E+00	0.0000E+00	1.1267E+00
7.7300E+02	0.0000E+00	0.0000E+00	1.1277E+00
7.7400E+02	0.0000E+00	0.0000E+00	1.1266E+00
7.7500E+02	0.0000E+00	0.0000E+00	1.1256E+00
7.7600E+02	0.0000E+00	0.0000E+00	1.1199E+00
7.7700E+02	0.0000E+00	0.0000E+00	1.1234E+00
7.7800E+02	0.0000E+00	0.0000E+00	1.1217E+00
7.7900E+02	0.0000E+00	0.0000E+00	1.1284E+00
7.8000E+02	0.0000E+00	0.0000E+00	1.1304E+00
7.8100E+02	0.0000E+00	0.0000E+00	1.1267E+00
7.8200E+02	0.0000E+00	0.0000E+00	1.1248E+00
7.8300E+02	0.0000E+00	0.0000E+00	1.1256E+00
7.8400E+02	0.0000E+00	0.0000E+00	1.1285E+00
7.8500E+02	0.0000E+00	0.0000E+00	1.1223E+00
7.8600E+02	0.0000E+00	0.0000E+00	1.1233E+00
7.8700E+02	0.0000E+00	0.0000E+00	1.1251E+00
7.8800E+02	0.0000E+00	0.0000E+00	1.1182E+00
7.8900E+02	0.0000E+00	0.0000E+00	1.1143E+00
7.9000E+02	0.0000E+00	0.0000E+00	1.1159E+00
7.9100E+02	0.0000E+00	0.0000E+00	1.1134E+00
7.9200E+02	0.0000E+00	0.0000E+00	1.1145E+00
7.9300E+02	0.0000E+00	0.0000E+00	1.1082E+00
7.9400E+02	0.0000E+00	0.0000E+00	1.1032E+00
7.9500E+02	0.0000E+00	0.0000E+00	1.1060E+00
7.9600E+02	0.0000E+00	0.0000E+00	1.0963E+00
7.9700E+02	0.0000E+00	0.0000E+00	1.0924E+00
7.9800E+02	0.0000E+00	0.0000E+00	1.0974E+00
7.9900E+02	0.0000E+00	0.0000E+00	1.0964E+00
8.0000E+02	0.0000E+00	0.0000E+00	1.0952E+00
8.0100E+02	0.0000E+00	0.0000E+00	1.0941E+00
8.0200E+02	0.0000E+00	0.0000E+00	1.0913E+00
8.0300E+02	0.0000E+00	0.0000E+00	1.0895E+00
8.0400E+02	0.0000E+00	0.0000E+00	1.0931E+00
8.0500E+02	0.0000E+00	0.0000E+00	1.0882E+00
8.0600E+02	0.0000E+00	0.0000E+00	1.0854E+00
8.0700E+02	0.0000E+00	0.0000E+00	1.0860E+00
8.0800E+02	0.0000E+00	0.0000E+00	1.0851E+00
8.0900E+02	0.0000E+00	0.0000E+00	1.0853E+00
8.1000E+02	0.0000E+00	0.0000E+00	1.0861E+00
8.1100E+02	0.0000E+00	0.0000E+00	1.0862E+00
8.1200E+02	0.0000E+00	0.0000E+00	1.0891E+00
8.1300E+02	0.0000E+00	0.0000E+00	1.0812E+00
8.1400E+02	0.0000E+00	0.0000E+00	1.0840E+00
8.1500E+02	0.0000E+00	0.0000E+00	1.0822E+00
8.1600E+02	0.0000E+00	0.0000E+00	1.0830E+00
8.1700E+02	0.0000E+00	0.0000E+00	1.0777E+00
8.1800E+02	0.0000E+00	0.0000E+00	1.0794E+00
8.1900E+02	0.0000E+00	0.0000E+00	1.0775E+00
8.2000E+02	0.0000E+00	0.0000E+00	1.0764E+00
8.2100E+02	0.0000E+00	0.0000E+00	1.0721E+00
8.2200E+02	0.0000E+00	0.0000E+00	1.0693E+00
8.2300E+02	0.0000E+00	0.0000E+00	1.0731E+00
8.2400E+02	0.0000E+00	0.0000E+00	1.0731E+00
8.2500E+02	0.0000E+00	0.0000E+00	1.0758E+00
8.2600E+02	0.0000E+00	0.0000E+00	1.0675E+00
8.2700E+02	0.0000E+00	0.0000E+00	1.0730E+00
8.2800E+02	0.0000E+00	0.0000E+00	1.0718E+00
8.2900E+02	0.0000E+00	0.0000E+00	1.0644E+00
8.3000E+02	0.0000E+00	0.0000E+00	1.0696E+00
8.3100E+02	0.0000E+00	0.0000E+00	1.0641E+00
8.3200E+02	0.0000E+00	0.0000E+00	1.0673E+00
8.3300E+02	0.0000E+00	0.0000E+00	1.0750E+00
8.3400E+02	0.0000E+00	0.0000E+00	1.0763E+00
8.3500E+02	0.0000E+00	0.0000E+00	1.0849E+00
8.3600E+02	0.0000E+00	0.0000E+00	1.0930E+00
8.3700E+02	0.0000E+00	0.0000E+00	1.0851E+00
8.3800E+02	0.0000E+00	0.0000E+00	1.0792E+00
8.3900E+02	0.0000E+00	0.0000E+00	1.0808E+00
8.4000E+02	0.0000E+00	0.0000E+00	1.0750E+00
8.4100E+02	0.0000E+00	0.0000E+00	1.0719E+00
8.4200E+02	0.0000E+00	0.0000E+00	1.0651E+00
8.4300E+02	0.0000E+00	0.0000E+00	1.0668E+00
8.4400E+02	0.0000E+00	0.0000E+00	1.0658E+00
8.4500E+02	0.0000E+00	0.0000E+00	1.0589E+00
8.4600E+02	0.0000E+00	0.0000E+00	1.0539E+00
8.4700E+02	0.0000E+00	0.0000E+00	1.0567E+00
8.4800E+02	0.0000E+00	0.0000E+00	1.0586E+00
8.4900E+02	0.0000E+00	0.0000E+00	1.0531E+00
8.5000E+02	0.0000E+00	0.0000E+00	1.0533E+00
8.5100E+02	0.0000E+00	0.0000E+00	1.0551E+00
8.5200E+02	0.0000E+00	0.0000E+00	1.0560E+00
8.5300E+02	0.0000E+00	0.0000E+00	1.0552E+00
8.5400E+02	0.0000E+00	0.0000E+00	1.0569E+00
8.5500E+02	0.0000E+00	0.0000E+00	1.0516E+00
8.5600E+02	0.0000E+00	0.0000E+00	1.0540E+00
8.5700E+02	0.0000E+00	0.0000E+00	1.0571E+00
8.5800E+02	0.0000E+00	0.0000E+00	1.0581E+00
8.5900E+02	0.0000E+00	0.0000E+00	1.0696E+00
8.6000E+02	0.0000E+00	0.0000E+00	1.0693E+00
8.6100E+02	0.0000E+00	0.0000E+00	1.0703E+00
8.6200E+02	0.0000E+00	0.0000E+00	1.0725E+00
8.6300E+02	0.0000E+00	0.0000E+00	1.0770E+00
8.6400E+02	0.0000E+00	0.0000E+00	1.0783E+00
8.6500E+02	0.0000E+00	0.0000E+00	1.0763E+00
8.6600E+02	0.0000E+00	0.0000E+00	1.0770E+00
8.6700E+02	0.0000E+00	0.0000E+00	1.0692E+00
8.6800E+02	0.0000E+00	0.0000E+00	1.0749E+00
8.6900E+02	0.0000E+00	0.0000E+00	1.0692E+00
8.7000E+02	0.0000E+00	0.0000E+00	1.0641E+00
8.7100E+02	0.0000E+00	0.0000E+00	1.0601E+00
8.7200E+02	0.0000E+00	0.0000E+00	1.0595E+00
8.7300E+02	0.0000E+00	0.0000E+00	1.0582E+00
8.7400E+02	0.0000E+00	0.0000E+00	1.0631E+00
8.7500E+02	0.0000E+00	0.0000E+00	1.0632E+00
8.7600E+02	0.0000E+00	0.0000E+00	1.0612E+00
8.7700E+02	0.0000E+00	0.0000E+00	1.0639E+00
8.7800E+02	0.0000E+00	0.0000E+00	1.0580E+00
8.7900E+02	0.0000E+00	0.0000E+00	1.0600E+00
8.8000E+02	0.0000E+00	0.0000E+00	1.0602E+00
8.8100E+02	0.0000E+00	0.0000E+00	1.0662E+00
8.8200E+02	0.0000E+00	0.0000E+00	1.0733E+00
8.8300E+02	0.0000E+00	0.0000E+00	1.0832E+00
8.8400E+02	0.0000E+00	0.0000E+00	1.0875E+00
8.8500E+02	0.0000E+00	0.0000E+00	1.0935E+00
8.8600E+02	0.0000E+00	0.0000E+00	1.1004E+00
8.8700E+02	0.0000E+00	0.0000E+00	1.1048E+00
8.8800E+02	0.0000E+00	0.0000E+00	1.1101E+00
8.8900E+02	0.0000E+00	0.0000E+00	1.1080E+00
8.9000E+02	0.0000E+00	0.0000E+00	1.1097E+00
8.9100E+02	0.0000E+00	0.0000E+00	1.1036E+00
8.9200E+02	0.0000E+00	0.0000E+00	1.1042E+00
8.9300E+02	0.0000E+00	0.0000E+00	1.1072E+00
8.9400E+02	0.0000E+00	0.0000E+00	1.1021E+00
8.9500E+02	0.0000E+00	0.0000E+00	1.1016E+00
8.9600E+02	0.0000E+00	0.0000E+00	1.0945E+00
8.9700E+02	0.0000E+00	0.0000E+00	1.0942E+00
8.9800E+02	0.0000E+00	0.0000E+00	1.0953E+00
8.9900E+02	0.0000E+00	0.0000E+00	1.1001E+00
9.0000E+02	0.0000E+00	0.0000E+00	1.0353E+00
9.0100E+02	0.0000E+00	0.0000E+00	1.0382E+00
9.0200E+02	0.0000E+00	0.0000E+00	1.0394E+00
9.0300E+02	0.0000E+00	0.0000E+00	1.0377E+00
9.0400E+02	0.0000E+00	0.0000E+00	1.0411E+00
9.0500E+02	0.0000E+00	0.0000E+00	1.0465E+00
9.0600E+02	0.0000E+00	0.0000E+00	1.0517E+00
9.0700E+02	0.0000E+00	0.0000E+00	1.0519E+00
9.0800E+02	0.0000E+00	0.0000E+00	1.0573E+00
9.0900E+02	0.0000E+00	0.0000E+00	1.0584E+00
9.1000E+02	0.0000E+00	0.0000E+00	1.0688E+00
9.1100E+02	0.0000E+00	0.0000E+00	1.0670E+00
9.1200E+02	0.0000E+00	0.0000E+00	1.0613E+00
9.1300E+02	0.0000E+00	0.0000E+00	1.0669E+00
9.1400E+02	0.0000E+00	0.0000E+00	1.0613E+00
9.1500E+02	0.0000E+00	0.0000E+00	1.0602E+00
9.1600E+02	0.0000E+00	0.0000E+00	1.0584E+00
9.1700E+02	0.0000E+00	0.0000E+00	1.0543E+00
9.1800E+02	0.0000E+00	0.0000E+00	1.0541E+00
9.1900E+02	0.0000E+00	0.0000E+00	1.0549E+00
9.2000E+02	0.0000E+00	0.0000E+00	1.0567E+00
9.2100E+02	0.0000E+00	0.0000E+00	1.0561E+00
9.2200E+02	0.0000E+00	0.0000E+00	1.0541E+00
9.2300E+02	0.0000E+00	0.0000E+00	1.0538E+00
9.2400E+02	0.0000E+00	0.0000E+00	1.0482E+00
9.2500E+02	0.0000E+00	0.0000E+00	1.0464E+00
9.2600E+02	0.0000E+00	0.0000E+00	1.0473E+00
9.2700E+02	0.0000E+00	0.0000E+00	1.0471E+00
9.2800E+02	0.0000E+00	0.0000E+00	1.0433E+00
9.2900E+02	0.0000E+00	0.0000E+00	1.0430E+00
9.3000E+02	0.0000E+00	0.0000E+00	1.0482E+00
9.3100E+02	0.0000E+00	0.0000E+00	1.0489E+00
9.3200E+02	0.0000E+00	0.0000E+00	1.0514E+00
9.3300E+02	0.0000E+00	0.0000E+00	1.0548E+00
9.3400E+02	0.0000E+00	0.0000E+00	1.0539E+00
9.3500E+02	0.0000E+00	0.0000E+00	1.0521E+00
9.3600E+02	0.0000E+00	0.0000E+00	1.0549E+00
9.3700E+02	0.0000E+00	0.0000E+00	1.0541E+00
9.3800E+02	0.0000E+00	0.0000E+00	1.0543E+00
9.3900E+02	0.0000E+00	0.0000E+00	1.0512E+00
9.4000E+02	0.0000E+00	0.0000E+00	1.0530E+00
9.4100E+02	0.0000E+00	0.0000E+00	1.0481E+00
9.4200E+02	0.0000E+00	0.0000E+00	1.0496E+00
9.4300E+02	0.0000E+00	0.0000E+00	1.0429E+00
9.4400E+02	0.0000E+00	0.0000E+00	1.0381E+00
9.4500E+02	0.0000E+00	0.0000E+00	1.0456E+00
9.4600E+02	0.0000E+00	0.0000E+00	1.0456E+00
9.4700E+02	0.0000E+00	0.0000E+00	1.0472E+00
9.4800E+02	0.0000E+00	0.0000E+00	1.0442E+00
9.4900E+02	0.0000E+00	0.0000E+00	1.0425E+00
9.5000E+02	0.0000E+00	0.0000E+00	1.0390E+00
9.5100E+02	0.0000E+00	0.0000E+00	1.0442E+00
9.5200E+02	0.0000E+00	0.0000E+00	1.0373E+00
9.5300E+02	0.0000E+00	0.0000E+00	1.0353E+00
9.5400E+02	0.0000E+00	0.0000E+00	1.0408E+00
9.5500E+02	0.0000E+00	0.0000E+00	1.0410E+00
9.5600E+02	0.0000E+00	0.0000E+00	1.0397E+00
9.5700E+02	0.0000E+00	0.0000E+00	1.0417E+00
9.5800E+02	0.0000E+00	0.0000E+00	1.0412E+00
9.5900E+02	0.0000E+00	0.0000E+00	1.0439E+00
9.6000E+02	0.0000E+00	0.0000E+00	1.0431E+00
9.6100E+02	0.0000E+00	0.0000E+00	1.0430E+00
9.6200E+02	0.0000E+00	0.0000E+00	1.0463E+00
9.6300E+02	0.0000E+00	0.0000E+00	1.0477E+00
9.6400E+02	0.0000E+00	0.0000E+00	1.0444E+00
9.6500E+02	0.0000E+00	0.0000E+00	1.0420E+00
9.6600E+02	0.0000E+00	0.0000E+00	1.0410E+00
9.6700E+02	0.0000E+00	0.0000E+00	1.0429E+00
9.6800E+02	0.0000E+00	0.0000E+00	1.0430E+00
9.6900E+02	0.0000E+00	0.0000E+00	1.0370E+00
9.7000E+02	0.0000E+00	0.0000E+00	1.0384E+00
9.7100E+02	0.0000E+00	0.0000E+00	1.0410E+00
9.7200E+02	0.0000E+00	0.0000E+00	1.0405E+00
9.7300E+02	0.0000E+00	0.0000E+00	1.0423E+00
9.7400E+02	0.0000E+00	0.0000E+00	1.0404E+00
9.7500E+02	0.0000E+00	0.0000E+00	1.0420E+00
9.7600E+02	0.0000E+00	0.0000E+00	1.0373E+00
9.7700E+02	0.0000E+00	0.0000E+00	1.0375E+00
9.7800E+02	0.0000E+00	0.0000E+00	1.0397E+00
9.7900E+02	0.0000E+00	0.0000E+00	1.0488E+00
9.8000E+02	0.0000E+00	0.0000E+00	1.0510E+00
9.8100E+02	0.0000E+00	0.0000E+00	1.0539E+00
9.8200E+02	0.0000E+00	0.0000E+00	1.0599E+00
9.8300E+02	0.0000E+00	0.0000E+00	1.0598E+00
9.8400E+02	0.0000E+00	0.0000E+00	1.0561E+00
9.8500E+02	0.0000E+00	0.0000E+00	1.0537E+00
9.8600E+02	0.0000E+00	0.0000E+00	1.0488E+00
9.8700E+02	0.0000E+00	0.0000E+00	1.0475E+00
9.8800E+02	0.0000E+00	0.0000E+00	1.0426E+00
9.8900E+02	0.0000E+00	0.0000E+00	1.0444E+00
9.9000E+02	0.0000E+00	0.0000E+00	1.0368E+00
9.9100E+02	0.0000E+00	0.0000E+00	1.0364E+00
9.9200E+02	0.0000E+00	0.0000E+00	1.0330E+00
9.9300E+02	0.0000E+00	0.0000E+00	1.0377E+00
9.9400E+02	0.0000E+00	0.0000E+00	1.0390E+00
9.9500E+02	0.0000E+00	0.0000E+00	1.0436E+00
9.9600E+02	0.0000E+00	0.0000E+00	1.0336E+00
9.9700E+02	0.0000E+00	0.0000E+00	1.0318E+00
9.9800E+02	0.0000E+00	0.0000E+00	1.0308E+00
9.9900E+02	0.0000E+00	0.0000E+00	1.0342E+00
1.0000E+03	0.0000E+00	0.0000E+00	1.0321E+00
1.0010E+03	0.0000E+00	0.0000E+00	1.0481E+00
1.0020E+03	0.0000E+00	0.0000E+00	1.0528E+00
1.0030E+03	0.0000E+00	0.0000E+00	1.0658E+00
1.0040E+03	0.0000E+00	0.0000E+00	1.0753E+00
1.0050E+03	0.0000E+00	0.0000E+00	1.0826E+00
1.0060E+03	0.0000E+00	0.0000E+00	1.0952E+00
1.0070E+03	0.0000E+00	0.0000E+00	1.0983E+00
1.0080E+03	0.0000E+00	0.0000E+00	1.0985E+00
1.0090E+03	0.0000E+00	0.0000E+00	1.1031E+00
1.0100E+03	0.0000E+00	0.0000E+00	1.1011E+00
1.0110E+03	0.0000E+00	0.0000E+00	1.0980E+00
1.0120E+03	0.0000E+00	0.0000E+00	1.0940E+00
1.0130E+03	0.0000E+00	0.0000E+00	1.0874E+00
1.0140E+03	0.0000E+00	0.0000E+00	1.0881E+00
1.0150E+03	0.0000E+00	0.0000E+00	1.0835E+00
1.0160E+03	0.0000E+00	0.0000E+00	1.0851E+00
1.0170E+03	0.0000E+00	0.0000E+00	1.0867E+00
1.0180E+03	0.0000E+00	0.0000E+00	1.0831E+00
1.0190E+03	0.0000E+00	0.0000E+00	1.0822E+00
1.0200E+03	0.0000E+00	0.0000E+00	1.0775E+00
1.0210E+03	0.0000E+00	0.0000E+00	1.0803E+00
1.0220E+03	0.0000E+00	0.0000E+00	1.0794E+00
1.0230E+03	0.0000E+00	0.0000E+00	1.0792E+00
1.0240E+03	0.0000E+00	0.0000E+00	1.0795E+00
1.0250E+03	0.0000E+00	0.0000E+00	1.0970E+00
1.0260E+03	0.0000E+00	0.0000E+00	1.1002E+00
1.0270E+03	0.0000E+00	0.0000E+00	1.1054E+00
1.0280E+03	0.0000E+00	0.0000E+00	1.1137E+00
1.0290E+03	0.0000E+00	0.0000E+00	1.1209E+00
1.0300E+03	0.0000E+00	0.0000E+00	1.1322E+00
1.0310E+03	0.0000E+00	0.0000E+00	1.1327E+00
1.0320E+03	0.0000E+00	0.0000E+00	1.1338E+00
1.0330E+03	0.0000E+00	0.0000E+00	1.1354E+00
1.0340E+03	0.0000E+00	0.0000E+00	1.1307E+00
1.0350E+03	0.0000E+00	0.0000E+00	1.1266E+00
1.0360E+03	0.0000E+00	0.0000E+00	1.1264E+00
1.0370E+03	0.0000E+00	0.0000E+00	1.1205E+00
1.0380E+03	0.0000E+00	0.0000E+00	1.1216E+00
1.0390E+03	0.0000E+00	0.0000E+00	1.1184E+00
1.0400E+03	0.0000E+00	0.0000E+00	1.1187E+00
1.0410E+03	0.0000E+00	0.0000E+00	1.1184E+00
1.0420E+03	0.0000E+00	0.0000E+00	1.1164E+00
1.0430E+03	0.0000E+00	0.0000E+00	1.1125E+00
1.0440E+03	0.0000E+00	0.0000E+00	1.1179E+00
1.0450E+03	0.0000E+00	0.0000E+00	1.1092E+00
1.0460E+03	0.0000E+00	0.0000E+00	1.1173E+00
1.0470E+03	0.0000E+00	0.0000E+00	1.1249E+00
1.0480E+03	0.0000E+00	0.0000E+00	1.1253E+00
1.0490E+03	0.0000E+00	0.0000E+00	1.1305E+00
1.0500E+03	0.0000E+00	0.0000E+00	1.1427E+00
1.0510E+03	0.0000E+00	0.0000E+00	1.1648E+00
1.0520E+03	0.0000E+00	0.0000E+00	1.1919E+00
1.0530E+03	0.0000E+00	0.0000E+00	1.2131E+00
1.0540E+03	0.0000E+00	0.0000E+00	1.2242E+00
1.0550E+03	0.0000E+00	0.0000E+00	1.2320E+00
1.0560E+03	0.0000E+00	0.0000E+00	1.2305E+00
1.0570E+03	0.0000E+00	0.0000E+00	1.2311E+00
1.0580E+03	0.0000E+00	0.0000E+00	1.2293E+00
1.0590E+03	0.0000E+00	0.0000E+00	1.2245E+00
1.0600E+03	0.0000E+00	0.0000E+00	1.2280E+00
1.0610E+03	0.0000E+00	0.0000E+00	1.2177E+00
1.0620E+03	0.0000E+00	0.0000E+00	1.2252E+00
1.0630E+03	0.0000E+00	0.0000E+00	1.2152E+00
1.0640E+03	0.0000E+00	0.0000E+00	1.2130E+00
1.0650E+03	0.0000E+00	0.0000E+00	1.2092E+00
1.0660E+03	0.0000E+00	0.0000E+00	1.2176E+00
1.0670E+03	0.0000E+00	0.0000E+00	1.2107E+00
1.0680E+03	0.0000E+00	0.0000E+00	1.2068E+00
1.0690E+03	0.0000E+00	0.0000E+00	1.2061E+00
1.0700E+03	0.0000E+00	0.0000E+00	1.2115E+00
1.0710E+03	0.0000E+00	0.0000E+00	1.2119E+00
1.0720E+03	0.0000E+00	0.0000E+00	1.2091E+00
1.0730E+03	0.0000E+00	0.0000E+00	1.2280E+00
1.0740E+03	0.0000E+00	0.0000E+00	1.2246E+00
1.0750E+03	0.0000E+00	0.0000E+00	1.2318E+00
1.0760E+03	0.0000E+00	0.0000E+00	1.2496E+00
1.0770E+03	0.0000E+00	0.0000E+00	1.2502E+00
1.0780E+03	0.0000E+00	0.0000E+00	1.2582E+00
1.0790E+03	0.0000E+00	0.0000E+00	1.2623E+00
1.0800E+03	0.0000E+00	0.0000E+00	1.2709E+00
1.0810E+03	0.0000E+00	0.0000E+00	1.2698E+00
1.0820E+03	0.0000E+00	0.0000E+00	1.2697E+00
1.0830E+03	0.0000E+00	0.0000E+00	1.2674E+00
1.0840E+03	0.0000E+00	0.0000E+00	1.2668E+00
1.0850E+03	0.0000E+00	0.0000E+00	1.2653E+00
1.0860E+03	0.0000E+00	0.0000E+00	1.2609E+00
1.0870E+03	0.0000E+00	0.0000E+00	1.2596E+00
1.0880E+03	0.0000E+00	0.0000E+00	1.2520E+00
1.0890E+03	0.0000E+00	0.0000E+00	1.2460E+00
1.0900E+03	0.0000E+00	0.0000E+00	1.2521E+00
1.0910E+03	0.0000E+00	0.0000E+00	1.2464E+00
1.0920E+03	0.0000E+00	0.0000E+00	1.2511E+00
1.0930E+03	0.0000E+00	0.0000E+00	1.2435E+00
1.0940E+03	0.0000E+00	0.0000E+00	1.2442E+00
1.0950E+03	0.0000E+00	0.0000E+00	1.2447E+00
1.0960E+03	0.0000E+00	0.0000E+00	1.2475E+00
1.0970E+03	0.0000E+00	0.0000E+00	1.2467E+00
1.0980E+03	0.0000E+00	0.0000E+00	1.2512E+00
1.0990E+03	0.0000E+00	0.0000E+00	1.2667E+00
1.1000E+03	0.0000E+00	0.0000E+00	1.2756E+00
1.1010E+03	0.0000E+00	0.0000E+00	1.2812E+00
1.1020E+03	0.0000E+00	0.0000E+00	1.2924E+00
1.1030E+03	0.0000E+00	0.0000E+00	1.2917E+00
1.1040E+03	0.0000E+00	0.0000E+00	1.2972E+00
1.1050E+03	0.0000E+00	0.0000E+00	1.2876E+00
1.1060E+03	0.0000E+00	0.0000E+00	1.2976E+00
1.1070E+03	0.0000E+00	0.0000E+00	1.2847E+00
1.1080E+03	0.0000E+00	0.0000E+00	1.2876E+00
1.1090E+03	0.0000E+00	0.0000E+00	1.2894E+00
1.1100E+03	0.0000E+00	0.0000E+00	1.2831E+00
1.1110E+03	0.0000E+00	0.0000E+00	1.2736E+00
1.1120E+03	0.0000E+00	0.0000E+00	1.2756E+00
1.1130E+03	0.0000E+00	0.0000E+00	1.2754E+00
1.1140E+03	0.0000E+00	0.0000E+00	1.2678E+00
1.1150E+03	0.0000E+00	0.0000E+00	1.2713E+00
1.1160E+03	0.0000E+00	0.0000E+00	1.2646E+00
1.1170E+03	0.0000E+00	0.0000E+00	1.2691E+00
1.1180E+03	0.0000E+00	0.0000E+00	1.2647E+00
1.1190E+03	0.0000E+00	0.0000E+00	1.2605E+00
1.1200E+03	0.0000E+00	0.0000E+00	1.2676E+00
1.1210E+03	0.0000E+00	0.0000E+00	1.2703E+00
1.1220E+03	0.0000E+00	0.0000E+00	1.2753E+00
1.1230E+03	0.0000E+00	0.0000E+00	1.2867E+00
1.1240E+03	0.0000E+00	0.0000E+00	1.3068E+00
1.1250E+03	0.0000E+00	0.0000E+00	1.3132E+00
1.1260E+03	0.0000E+00	0.0000E+00	1.3238E+00
1.1270E+03	0.0000E+00	0.0000E+00	1.3342E+00
1.1280E+03	0.0000E+00	0.0000E+00	1.3330E+00
1.1290E+03	0.0000E+00	0.0000E+00	1.3335E+00
1.1300E+03	0.0000E+00	0.0000E+00	1.3358E+00
1.1310E+03	0.0000E+00	0.0000E+00	1.3259E+00
1.1320E+03	0.0000E+00	0.0000E+00	1.3276E+00
1.1330E+03	0.0000E+00	0.0000E+00	1.3223E+00
1.1340E+03	0.0000E+00	0.0000E+00	1.3236E+00
1.1350E+03	0.0000E+00	0.0000E+00	1.3202E+00
1.1360E+03	0.0000E+00	0.0000E+00	1.3122E+00
1.1370E+03	0.0000E+00	0.0000E+00	1.3141E+00
1.1380E+03	0.0000E+00	0.0000E+00	1.3097E+00
1.1390E+03	0.0000E+00	0.0000E+00	1.3083E+00
1.1400E+03	0.0000E+00	0.0000E+00	1.3026E+00
1.1410E+03	0.0000E+00	0.0000E+00	1.2977E+00
1.1420E+03	0.0000E+00	0.0000E+00	1.2927E+00
1.1430E+03	0.0000E+00	0.0000E+00	1.2946E+00
1.1440E+03	0.0000E+00	0.0000E+00	1.2994E+00
1.1450E+03	0.0000E+00	0.0000E+00	1.3067E+00
1.1460E+03	0.0000E+00	0.0000E+00	1.3227E+00
1.1470E+03	0.0000E+00	0.0000E+00	1.3512E+00
1.1480E+03	0.0000E+00	0.0000E+00	1.3767E+00
1.1490E+03	0.0000E+00	0.0000E+00	1.4020E+00
1.1500E+03	0.0000E+00	0.0000E+00	1.4151E+00
1.1510E+03	0.0000E+00	0.0000E+00	1.4268E+00
1.1520E+03	0.0000E+00	0.0000E+00	1.4372E+00
1.1530E+03	0.0000E+00	0.0000E+00	1.4337E+00
1.1540E+03	0.0000E+00	0.0000E+00	1.4480E+00
1.1550E+03	0.0000E+00	0.0000E+00	1.4588E+00
1.1560E+03	0.0000E+00	0.0000E+00	1.4563E+00
1.1570E+03	0.0000E+00	0.0000E+00	1.4541E+00
1.1580E+03	0.0000E+00	0.0000E+00	1.4592E+00
1.1590E+03	0.0000E+00	0.0000E+00	1.4509E+00
1.1600E+03	0.0000E+00	0.0000E+00	1.4498E+00
1.1610E+03	0.0000E+00	0.0000E+00	1.4439E+00
1.1620E+03	0.0000E+00	0.0000E+00	1.4413E+00
1.1630E+03	0.0000E+00	0.0000E+00	1.4310E+00
1.1640E+03	0.0000E+00	0.0000E+00	1.4284E+00
1.1650E+03	0.0000E+00	0.0000E+00	1.4261E+00
1.1660E+03	0.0000E+00	0.0000E+00	1.4211E+00
1.1670E+03	0.0000E+00	0.0000E+00	1.4148E+00
1.1680E+03	0.0000E+00	0.0000E+00	1.4129E+00
1.1690E+03	0.0000E+00	0.0000E+00	1.4189E+00
1.1700E+03	0.0000E+00	0.0000E+00	1.4304E+00
1.1710E+03	0.0000E+00	0.0000E+00	1.4481E+00
1.1720E+03	0.0000E+00	0.0000E+00	1.4636E+00
1.1730E+03	0.0000E+00	0.0000E+00	1.4781E+00
1.1740E+03	0.0000E+00	0.0000E+00	1.5004E+00
1.1750E+03	0.0000E+00	0.0000E+00	1.5158E+00
1.1760E+03	0.0000E+00	0.0000E+00	1.5235E+00
1.1770E+03	0.0000E+00	0.0000E+00	1.5320E+00
1.1780E+03	0.0000E+00	0.0000E+00	1.5385E+00
1.1790E+03	0.0000E+00	0.0000E+00	1.5445E+00
1.1800E+03	0.0000E+00	0.0000E+00	1.5485E+00
1.1810E+03	0.0000E+00	0.0000E+00	1.5438E+00
1.1820E+03	0.0000E+00	0.0000E+00	1.5404E+00
1.1830E+03	0.0000E+00	0.0000E+00	1.5372E+00
1.1840E+03	0.0000E+00	0.0000E+00	1.5352E+00
1.1850E+03	0.0000E+00	0.0000E+00	1.5265E+00
1.1860E+03	0.0000E+00	0.0000E+00	1.5192E+00
1.1870E+03	0.0000E+00	0.0000E+00	1.5076E+00
1.1880E+03	0.0000E+00	0.0000E+00	1.5046E+00
1.1890E+03	0.0000E+00	0.0000E+00	1.4904E+00
1.1900E+03	0.0000E+00	0.0000E+00	1.4836E+00
1.1910E+03	0.0000E+00	0.0000E+00	1.4765E+00
1.1920E+03	0.0000E+00	0.0000E+00	1.4749E+00
1.1930E+03	0.0000E+00	0.0000E+00	1.4719E+00
1.1940E+03	0.0000E+00	0.0000E+00	1.4790E+00
1.1950E+03	0.0000E+00	0.0000E+00	1.4859E+00
1.1960E+03	0.0000E+00	0.0000E+00	1.4968E+00
1.1970E+03	0.0000E+00	0.0000E+00	1.5052E+00
1.1980E+03	0.0000E+00	0.0000E+00	1.5132E+00
1.1990E+03	0.0000E+00	0.0000E+00	1.5210E+00
1.2000E+03	0.0000E+00	0.0000E+00	1.5288E+00
1.2010E+03	0.0000E+00	0.0000E+00	1.5384E+00
1.2020E+03	0.0000E+00	0.0000E+00	1.5472E+00
1.2030E+03	0.0000E+00	0.0000E+00	1.5480E+00
1.2040E+03	0.0000E+00	0.0000E+00	1.5514E+00
1.2050E+03	0.0000E+00	0.0000E+00	1.5542E+00
1.2060E+03	0.0000E+00	0.0000E+00	1.5504E+00
1.2070E+03	0.0000E+00	0.0000E+00	1.5416E+00
1.2080E+03	0.0000E+00	0.0000E+00	1.5368E+00
1.2090E+03	0.0000E+00	0.0000E+00	1.5310E+00
1.2100E+03	0.0000E+00	0.0000E+00	1.5302E+00
1.2110E+03	0.0000E+00	0.0000E+00	1.5128E+00
1.2120E+03	0.0000E+00	0.0000E+00	1.5109E+00
1.2130E+03	0.0000E+00	0.0000E+00	1.5004E+00
1.2140E+03	0.0000E+00	0.0000E+00	1.4911E+00
1.2150E+03	0.0000E+00	0.0000E+00	1.4818E+00
1.2160E+03	0.0000E+00	0.0000E+00	1.4824E+00
1.2170E+03	0.0000E+00	0.0000E+00	1.4844E+00
1.2180E+03	0.0000E+00	0.0000E+00	1.4880E+00
1.2190E+03	0.0000E+00	0.0000E+00	1.4969E+00
1.2200E+03	0.0000E+00	0.0000E+00	1.5175E+00
1.2210E+03	0.0000E+00	0.0000E+00	1.5346E+00
1.2220E+03	0.0000E+00	0.0000E+00	1.5477E+00
1.2230E+03	0.0000E+00	0.0000E+00	1.5605E+00
1.2240E+03	0.0000E+00	0.0000E+00	1.5821E+00
1.2250E+03	0.0000E+00	0.0000E+00	1.5995E+00
1.2260E+03	0.0000E+00	0.0000E+00	1.6019E+00
1.2270E+03	0.0000E+00	0.0000E+00	1.6152E+00
1.2280E+03	0.0000E+00	0.0000E+00	1.6179E+00
1.2290E+03	0.0000E+00	0.0000E+00	1.6172E+00
1.2300E+03	0.0000E+00	0.0000E+00	1.6100E+00
1.2310E+03	0.0000E+00	0.0000E+00	1.6023E+00
1.2320E+03	0.0000E+00	0.0000E+00	1.5927E+00
1.2330E+03	0.0000E+00	0.0000E+00	1.5857E+00
1.2340E+03	0.0000E+00	0.0000E+00	1.5738E+00
1.2350E+03	0.0000E+00	0.0000E+00	1.5664E+00
1.2360E+03	0.0000E+00	0.0000E+00	1.5561E+00
1.2370E+03	0.0000E+00	0.0000E+00	1.5433E+00
1.2380E+03	0.0000E+00	0.0000E+00	1.5349E+00
1.2390E+03	0.0000E+00	0.0000E+00	1.5233E+00
1.2400E+03	0.0000E+00	0.0000E+00	1.5137E+00
1.2410E+03	0.0000E+00	0.0000E+00	1.5084E+00
1.2420E+03	0.0000E+00	0.0000E+00	1.5088E+00
1.2430E+03	0.0000E+00	0.0000E+00	1.5056E+00
1.2440E+03	0.0000E+00	0.0000E+00	1.5109E+00
1.2450E+03	0.0000E+00	0.0000E+00	1.5155E+00
1.2460E+03	0.0000E+00	0.0000E+00	1.5295E+00
1.2470E+03	0.0000E+00	0.0000E+00	1.5351E+00
1.2480E+03	0.0000E+00	0.0000E+00	1.5393E+00
1.2490E+03	0.0000E+00	0.0000E+00	1.5474E+00
1.2500E+03	0.0000E+00	0.0000E+00	1.5466E+00
1.2510E+03	0.0000E+00	0.0000E+00	1.5514E+00
1.2520E+03	0.0000E+00	0.0000E+00	1.5484E+00
1.2530E+03	0.0000E+00	0.0000E+00	1.5415E+00
1.2540E+03	0.0000E+00	0.0000E+00	1.5372E+00
1.2550E+03	0.0000E+00	0.0000E+00	1.5310E+00
1.2560E+03	0.0000E+00	0.0000E+00	1.5263E+00
1.2570E+03	0.0000E+00	0.0000E+00	1.5212E+00
1.2580E+03	0.0000E+00	0.0000E+00	1.5119E+00
1.2590E+03	0.0000E+00	0.0000E+00	1.4985E+00
1.2600E+03	0.0000E+00	0.0000E+00	1.4945E+00
1.2610E+03	0.0000E+00	0.0000E+00	1.4897E+00
1.2620E+03	0.0000E+00	0.0000E+00	1.4753E+00
1.2630E+03	0.0000E+00	0.0000E+00	1.4711E+00
1.2640E+03	0.0000E+00	0.0000E+00	1.4653E+00
1.2650E+03	0.0000E+00	0.0000E+00	1.4566E+00
1.2660E+03	0.0000E+00	0.0000E+00	1.4638E+00
1.2670E+03	0.0000E+00	0.0000E+00	1.4669E+00
1.2680E+03	0.0000E+00	0.0000E+00	1.4736E+00
1.2690E+03	0.0000E+00	0.0000E+00	1.4838E+00
1.2700E+03	0.0000E+00	0.0000E+00	1.4918E+00
1.2710E+03	0.0000E+00	0.0000E+00	1.5006E+00
1.2720E+03	0.0000E+00	0.0000E+00	1.5049E+00
1.2730E+03	0.0000E+00	0.0000E+00	1.5157E+00
1.2740E+03	0.0000E+00	0.0000E+00	1.5177E+00
1.2750E+03	0.0000E+00	0.0000E+00	1.5222E+00
1.2760E+03	0.0000E+00	0.0000E+00	1.5246E+00
1.2770E+03	0.0000E+00	0.0000E+00	1.5213E+00
1.2780E+03	0.0000E+00	0.0000E+00	1.5143E+00
1.2790E+03	0.0000E+00	0.0000E+00	1.5076E+00
1.2800E+03	0.0000E+00	0.0000E+00	1.5051E+00
1.2810E+03	0.0000E+00	0.0000E+00	1.4973E+00
1.2820E+03	0.0000E+00	0.0000E+00	1.4927E+00
1.2830E+03	0.0000E+00	0.0000E+00	1.4888E+00
1.2840E+03	0.0000E+00	0.0000E+00	1.4794E+00
1.2850E+03	0.0000E+00	0.0000E+00	1.4606E+00
1.2860E+03	0.0000E+00	0.0000E+00	1.4580E+00
1.2870E+03	0.0000E+00	0.0000E+00	1.4459E+00
1.2880E+03	0.0000E+00	0.0000E+00	1.4401E+00
1.2890E+03	0.0000E+00	0.0000E+00	1.4316E+00
1.2900E+03	0.0000E+00	0.0000E+00	1.4349E+00
1.2910E+03	0.0000E+00	0.0000E+00	1.4428E+00
1.2920E+03	0.0000E+00	0.0000E+00	1.4464E+00
1.2930E+03	0.0000E+00	0.0000E+00	1.4563E+00
1.2940E+03	0.0000E+00	0.0000E+00	1.4675E+00
1.2950E+03	0.0000E+00	0.0000E+00	1.4783E+00
1.2960E+03	0.0000E+00	0.0000E+00	1.4855E+00
1.2970E+03	0.0000E+00	0.0000E+00	1.4890E+00
1.2980E+03	0.0000E+00	0.0000E+00	1.4894E+00
1.2990E+03	0.0000E+00	0.0000E+00	1.4974E+00
1.3000E+03	0.0000E+00	0.0000E+00	1.4969E+00
1.3010E+03	0.0000E+00	0.0000E+00	1.4894E+00
1.3020E+03	0.0000E+00	0.0000E+00	1.4921E+00
1.3030E+03	0.0000E+00	0.0000E+00	1.4848E+00
1.3040E+03	0.0000E+00	0.0000E+00	1.4846E+00
1.3050E+03	0.0000E+00	0.0000E+00	1.4790E+00
1.3060E+03	0.0000E+00	0.0000E+00	1.4714E+00
1.3070E+03	0.0000E+00	0.0000E+00	1.4643E+00
1.3080E+03	0.0000E+00	0.0000E+00	1.4576E+00
1.3090E+03	0.0000E+00	0.0000E+00	1.4456E+00
1.3100E+03	0.0000E+00	0.0000E+00	1.4383E+00
1.3110E+03	0.0000E+00	0.0000E+00	1.4301E+00
1.3120E+03	0.0000E+00	0.0000E+00	1.4261E+00
1.3130E+03	0.0000E+00	0.0000E+00	1.4241E+00
1.3140E+03	0.0000E+00	0.0000E+00	1.4299E+00
1.3150E+03	0.0000E+00	0.0000E+00	1.4379E+00
1.3160E+03	0.0000E+00	0.0000E+00	1.4548E+00
1.3170E+03	0.0000E+00	0.0000E+00	1.4669E+00
1.3180E+03	0.0000E+00	0.0000E+00	1.4795E+00
1.3190E+03	0.0000E+00	0.0000E+00	1.4977E+00
1.3200E+03	0.0000E+00	0.0000E+00	1.5092E+00
1.3210E+03	0.0000E+00	0.0000E+00	1.5212E+00
1.3220E+03	0.0000E+00	0.0000E+00	1.5329E+00
1.3230E+03	0.0000E+00	0.0000E+00	1.5449E+00
1.3240E+03	0.0000E+00	0.0000E+00	1.5522E+00
1.3250E+03	0.0000E+00	0.0000E+00	1.5545E+00
1.3260E+03	0.0000E+00	0.0000E+00	1.5617E+00
1.3270E+03	0.0000E+00	0.0000E+00	1.5548E+00
1.3280E+03	0.0000E+00	0.0000E+00	1.5535E+00
1.3290E+03	0.0000E+00	0.0000E+00	1.5527E+00
1.3300E+03	0.0000E+00	0.0000E+00	1.5396E+00
1.3310E+03	0.0000E+00	0.0000E+00	1.5343E+00
1.3320E+03	0.0000E+00	0.0000E+00	1.5249E+00
1.3330E+03	0.0000E+00	0.0000E+00	1.5198E+00
1.3340E+03	0.0000E+00	0.0000E+00	1.5046E+00
1.3350E+03	0.0000E+00	0.0000E+00	1.4980E+00
1.3360E+03	0.0000E+00	0.0000E+00	1.4933E+00
1.3370E+03	0.0000E+00	0.0000E+00	1.4888E+00
1.3380E+03	0.0000E+00	0.0000E+00	1.4872E+00
1.3390E+03	0.0000E+00	0.0000E+00	1.4903E+00
1.3400E+03	0.0000E+00	0.0000E+00	1.4972E+00
1.3410E+03	0.0000E+00	0.0000E+00	1.5102E+00
1.3420E+03	0.0000E+00	0.0000E+00	1.5228E+00
1.3430E+03	0.0000E+00	0.0000E+00	1.5449E+00
1.3440E+03	0.0000E+00	0.0000E+00	1.5625E+00
1.3450E+03	0.0000E+00	0.0000E+00	1.5743E+00
1.3460E+03	0.0000E+00	0.0000E+00	1.5963E+00
1.3470E+03	0.0000E+00	0.0000E+00	1.6070E+00
1.3480E+03	0.0000E+00	0.0000E+00	1.6239E+00
1.3490E+03	0.0000E+00	0.0000E+00	1.6293E+00
1.3500E+03	0.0000E+00	0.0000E+00	1.6318E+00
1.3510E+03	0.0000E+00	0.0000E+00	1.6328E+00
1.3520E+03	0.0000E+00	0.0000E+00	1.6348E+00
1.3530E+03	0.0000E+00	0.0000E+00	1.6371E+00
1.3540E+03	0.0000E+00	0.0000E+00	1.6245E+00
1.3550E+03	0.0000E+00	0.0000E+00	1.6198E+00
1.3560E+03	0.0000E+00	0.0000E+00	1.6128E+00
1.3570E+03	0.0000E+00	0.0000E+00	1.5981E+00
1.3580E+03	0.0000E+00	0.0000E+00	1.5905E+00
1.3590E+03	0.0000E+00	0.0000E+00	1.5826E+00
1.3600E+03	0.0000E+00	0.0000E+00	1.5648E+00
1.3610E+03	0.0000E+00	0.0000E+00	1.5584E+00
1.3620E+03	0.0000E+00	0.0000E+00	1.5569E+00
1.3630E+03	0.0000E+00	0.0000E+00	1.5502E+00
1.3640E+03	0.0000E+00	0.0000E+00	1.5525E+00
1.3650E+03	0.0000E+00	0.0000E+00	1.5638E+00
1.3660E+03	0.0000E+00	0.0000E+00	1.5731E+00
1.3670E+03	0.0000E+00	0.0000E+00	1.5949E+00
1.3680E+03	0.0000E+00	0.0000E+00	1.6103E+00
1.3690E+03	0.0000E+00	0.0000E+00	1.6283E+00
1.3700E+03	0.0000E+00	0.0000E+00	1.6434E+00
1.3710E+03	0.0000E+00	0.0000E+00	1.6537E+00
1.3720E+03	0.0000E+00	0.0000E+00	1.6556E+00
1.3730E+03	0.0000E+00	0.0000E+00	1.6548E+00
1.3740E+03	0.0000E+00	0.0000E+00	1.6485E+00
1.3750E+03	0.0000E+00	0.0000E+00	1.6393E+00
1.3760E+03	0.0000E+00	0.0000E+00	1.6300E+00
1.3770E+03	0.0000E+00	0.0000E+00	1.6222E+00
1.3780E+03	0.0000E+00	0.0000E+00	1.6095E+00
1.3790E+03	0.0000E+00	0.0000E+00	1.6068E+00
1.3800E+03	0.0000E+00	0.0000E+00	1.5941E+00
1.3810E+03	0.0000E+00	0.0000E+00	1.5791E+00
1.3820E+03	0.0000E+00	0.0000E+00	1.5715E+00
1.3830E+03	0.0000E+00	0.0000E+00	1.5591E+00
1.3840E+03	0.0000E+00	0.0000E+00	1.5463E+00
1.3850E+03	0.0000E+00	0.0000E+00	1.5372E+00
1.3860E+03	0.0000E+00	0.0000E+00	1.5298E+00
1.3870E+03	0.0000E+00	0.0000E+00	1.5235E+00
1.3880E+03	0.0000E+00	0.0000E+00	1.5246E+00
1.3890E+03	0.0000E+00	0.0000E+00	1.5227E+00
1.3900E+03	0.0000E+00	0.0000E+00	1.5340E+00
1.3910E+03	0.0000E+00	0.0000E+00	1.5434E+00
1.3920E+03	0.0000E+00	0.0000E+00	1.5514E+00
1.3930E+03	0.0000E+00	0.0000E+00	1.5660E+00
1.3940E+03	0.0000E+00	0.0000E+00	1.5713E+00
1.3950E+03	0.0000E+00	0.0000E+00	1.5742E+00
1.3960E+03	0.0000E+00	0.0000E+00	1.5810E+00
1.3970E+03	0.0000E+00	0.0000E+00	1.5723E+00
1.3980E+03	0.0000E+00	0.0000E+00	1.5702E+00
1.3990E+03	0.0000E+00	0.0000E+00	1.5672E+00
1.4000E+03	0.0000E+00	0.0000E+00	1.5604E+00
1.4010E+03	0.0000E+00	0.0000E+00	1.5552E+00
1.4020E+03	0.0000E+00	0.0000E+00	1.5474E+00
1.4030E+03	0.0000E+00	0.0000E+00	1.5423E+00
1.4040E+03	0.0000E+00	0.0000E+00	1.5330E+00
1.4050E+03	0.0000E+00	0.0000E+00	1.5266E+00
1.4060E+03	0.0000E+00	0.0000E+00	1.5123E+00
1.4070E+03	0.0000E+00	0.0000E+00	1.4995E+00
1.4080E+03	0.0000E+00	0.0000E+00	1.4928E+00
1.4090E+03	0.0000E+00	0.0000E+00	1.4860E+00
1.4100E+03	0.0000E+00	0.0000E+00	1.4851E+00
1.4110E+03	0.0000E+00	0.0000E+00	1.4826E+00
1.4120E+03	0.0000E+00	0.0000E+00	1.4880E+00
1.4130E+03	0.0000E+00	0.0000E+00	1.4944E+00
1.4140E+03	0.0000E+00	0.0000E+00	1.5042E+00
1.4150E+03	0.0000E+00	0.0000E+00	1.5187E+00
1.4160E+03	0.0000E+00	0.0000E+00	1.5250E+00
1.4170E+03	0.0000E+00	0.0000E+00	1.5387E+00
1.4180E+03	0.0000E+00	0.0000E+00	1.5456E+00
1.4190E+03	0.0000E+00	0.0000E+00	1.5575E+00
1.4200E+03	0.0000E+00	0.0000E+00	1.5608E+00
1.4210E+03	0.0000E+00	0.0000E+00	1.5611E+00
1.4220E+03	0.0000E+00	0.0000E+00	1.5581E+00
1.4230E+03	0.0000E+00	0.0000E+00	1.5551E+00
1.4240E+03	0.0000E+00	0.0000E+00	1.5518E+00
1.4250E+03	0.0000E+00	0.0000E+00	1.5473E+00
1.4260E+03	0.0000E+00	0.0000E+00	1.5405E+00
1.4270E+03	0.0000E+00	0.0000E+00	1.5302E+00
1.4280E+03	0.0000E+00	0.0000E+00	1.5223E+00
1.4290E+03	0.0000E+00	0.0000E+00	1.5159E+00
1.4300E+03	0.0000E+00	0.0000E+00	1.5057E+00
1.4310E+03	0.0000E+00	0.0000E+00	1.5011E+00
1.4320E+03	0.0000E+00	0.0000E+00	1.4939E+00
1.4330E+03	0.0000E+00	0.0000E+00	1.4853E+00
1.4340E+03	0.0000E+00	0.0000E+00	1.4835E+00
1.4350E+03	0.0000E+00	0.0000E+00	1.4781E+00
1.4360E+03	0.0000E+00	0.0000E+00	1.4799E+00
1.4370E+03	0.0000E+00	0.0000E+00	1.4839E+00
1.4380E+03	0.0000E+00	0.0000E+00	1.4943E+00
1.4390E+03	0.0000E+00	0.0000E+00	1.5011E+00
1.4400E+03	0.0000E+00	0.0000E+00	1.5141E+00
1.4410E+03	0.0000E+00	0.0000E+00	1.5080E+00
1.4420E+03	0.0000E+00	0.0000E+00	1.5117E+00
1.4430E+03	0.0000E+00	0.0000E+00	1.5104E+00
1.4440E+03	0.0000E+00	0.0000E+00	1.5078E+00
1.4450E+03	0.0000E+00	0.0000E+00	1.5104E+00
1.4460E+03	0.0000E+00	0.0000E+00	1.5014E+00
1.4470E+03	0.0000E+00	0.0000E+00	1.4981E+00
1.4480E+03	0.0000E+00	0.0000E+00	1.4898E+00
1.4490E+03	0.0000E+00	0.0000E+00	1.4854E+00
1.4500E+03	0.0000E+00	0.0000E+00	1.4808E+00
1.4510E+03	0.0000E+00	0.0000E+00	1.4763E+00
1.4520E+03	0.0000E+00	0.0000E+00	1.4659E+00
1.4530E+03	0.0000E+00	0.0000E+00	1.4597E+00
1.4540E+03	0.0000E+00	0.0000E+00	1.4591E+00
1.4550E+03	0.0000E+00	0.0000E+00	1.4516E+00
1.4560E+03	0.0000E+00	0.0000E+00	1.4519E+00
1.4570E+03	0.0000E+00	0.0000E+00	1.4461E+00
1.4580E+03	0.0000E+00	0.0000E+00	1.4460E+00
1.4590E+03	0.0000E+00	0.0000E+00	1.4448E+00
1.4600E+03	0.0000E+00	0.0000E+00	1.4544E+00
1.4610E+03	0.0000E+00	0.0000E+00	1.4532E+00
1.4620E+03	0.0000E+00	0.0000E+00	1.4558E+00
1.4630E+03	0.0000E+00	0.0000E+00	1.4610E+00
1.4640E+03	0.0000E+00	0.0000E+00	1.4632E+00
1.4650E+03	0.0000E+00	0.0000E+00	1.4657E+00
1.4660E+03	0.0000E+00	0.0000E+00	1.4664E+00
1.4670E+03	0.0000E+00	0.0000E+00	1.4677E+00
1.4680E+03	0.0000E+00	0.0000E+00	1.4701E+00
1.4690E+03	0.0000E+00	0.0000E+00	1.4774E+00
1.4700E+03	0.0000E+00	0.0000E+00	1.4701E+00
1.4710E+03	0.0000E+00	0.0000E+00	1.4672E+00
1.4720E+03	0.0000E+00	0.0000E+00	1.4641E+00
1.4730E+03	0.0000E+00	0.0000E+00	1.4619E+00
1.4740E+03	0.0000E+00	0.0000E+00	1.4584E+00
1.4750E+03	0.0000E+00	0.0000E+00	1.4480E+00
1.4760E+03	0.0000E+00	0.0000E+00	1.4420E+00
1.4770E+03	0.0000E+00	0.0000E+00	1.4364E+00
1.4780E+03	0.0000E+00	0.0000E+00	1.4204E+00
1.4790E+03	0.0000E+00	0.0000E+00	1.4160E+00
1.4800E+03	0.0000E+00	0.0000E+00	1.4179E+00
1.4810E+03	0.0000E+00	0.0000E+00	1.4111E+00
1.4820E+03	0.0000E+00	0.0000E+00	1.4044E+00
1.4830E+03	0.0000E+00	0.0000E+00	1.4119E+00
1.4840E+03	0.0000E+00	0.0000E+00	1.4289E+00
1.4850E+03	0.0000E+00	0.0000E+00	1.4342E+00
1.4860E+03	0.0000E+00	0.0000E+00	1.4519E+00
1.4870E+03	0.0000E+00	0.0000E+00	1.4578E+00
1.4880E+03	0.0000E+00	0.0000E+00	1.4779E+00
1.4890E+03	0.0000E+00	0.0000E+00	1.4868E+00
1.4900E+03	0.0000E+00	0.0000E+00	1.4945E+00
1.4910E+03	0.0000E+00	0.0000E+00	1.4997E+00
1.4920E+03	0.0000E+00	0.0000E+00	1.5083E+00
1.4930E+03	0.0000E+00	0.0000E+00	1.5035E+00
1.4940E+03	0.0000E+00	0.0000E+00	1.5062E+00
1.4950E+03	0.0000E+00	0.0000E+00	1.5063E+00
1.4960E+03	0.0000E+00	0.0000E+00	1.4959E+00
1.4970E+03	0.0000E+00	0.0000E+00	1.4936E+00
1.4980E+03	0.0000E+00	0.0000E+00	1.4909E+00
1.4990E+03	0.0000E+00	0.0000E+00	1.4775E+00
1.5000E+03	0.0000E+00	0.0000E+00	1.4744E+00
1.5010E+03	0.0000E+00	0.0000E+00	1.4568E+00
1.5020E+03	0.0000E+00	0.0000E+00	1.4514E+00
1.5030E+03	0.0000E+00	0.0000E+00	1.4417E+00
1.5040E+03	0.0000E+00	0.0000E+00	1.4402E+00
1.5050E+03	0.0000E+00	0.0000E+00	1.4337E+00
1.5060E+03	0.0000E+00	0.0000E+00	1.4325E+00
1.5070E+03	0.0000E+00	0.0000E+00	1.4419E+00
1.5080E+03	0.0000E+00	0.0000E+00	1.4480E+00
1.5090E+03	0.0000E+00	0.0000E+00	1.4590E+00
1.5100E+03	0.0000E+00	0.0000E+00	1.4701E+00
1.5110E+03	0.0000E+00	0.0000E+00	1.4787E+00
1.5120E+03	0.0000E+00	0.0000E+00	1.4953E+00
1.5130E+03	0.0000E+00	0.0000E+00	1.5063E+00
1.5140E+03	0.0000E+00	0.0000E+00	1.5179E+00
1.5150E+03	0.0000E+00	0.0000E+00	1.5182E+00
1.5160E+03	0.0000E+00	0.0000E+00	1.5288E+00
1.5170E+03	0.0000E+00	0.0000E+00	1.5241E+00
1.5180E+03	0.0000E+00	0.0000E+00	1.5140E+00
1.5190E+03	0.0000E+00	0.0000E+00	1.5191E+00
1.5200E+03	0.0000E+00	0.0000E+00	1.5155E+00
1.5210E+03	0.0000E+00	0.0000E+00	1.5022E+00
1.5220E+03	0.0000E+00	0.0000E+00	1.4946E+00
1.5230E+03	0.0000E+00	0.0000E+00	1.4899E+00
1.5240E+03	0.0000E+00	0.0000E+00	1.4771E+00
1.5250E+03	0.0000E+00	0.0000E+00	1.4639E+00
1.5260E+03	0.0000E+00	0.0000E+00	1.4581E+00
1.5270E+03	0.0000E+00	0.0000E+00	1.4502E+00
1.5280E+03	0.0000E+00	0.0000E+00	1.4403E+00
1.5290E+03	0.0000E+00	0.0000E+00	1.4343E+00
1.5300E+03	0.0000E+00	0.0000E+00	1.4232E+00
1.5310E+03	0.0000E+00	0.0000E+00	1.4269E+00
1.5320E+03	0.0000E+00	0.0000E+00	1.4238E+00
1.5330E+03	0.0000E+00	0.0000E+00	1.4315E+00
1.5340E+03	0.0000E+00	0.0000E+00	1.4415E+00
1.5350E+03	0.0000E+00	0.0000E+00	1.4470E+00
1.5360E+03	0.0000E+00	0.0000E+00	1.4599E+00
1.5370E+03	0.0000E+00	0.0000E+00	1.4684E+00
1.5380E+03	0.0000E+00	0.0000E+00	1.4739E+00
1.5390E+03	0.0000E+00	0.0000E+00	1.4774E+00
1.5400E+03	0.0000E+00	0.0000E+00	1.4848E+00
1.5410E+03	0.0000E+00	0.0000E+00	1.4872E+00
1.5420E+03	0.0000E+00	0.0000E+00	1.4836E+00
1.5430E+03	0.0000E+00	0.0000E+00	1.4792E+00
1.5440E+03	0.0000E+00	0.0000E+00	1.4710E+00
1.5450E+03	0.0000E+00	0.0000E+00	1.4715E+00
1.5460E+03	0.0000E+00	0.0000E+00	1.4672E+00
1.5470E+03	0.0000E+00	0.0000E+00	1.4598E+00
1.5480E+03	0.0000E+00	0.0000E+00	1.4487E+00
1.5490E+03	0.0000E+00	0.0000E+00	1.4407E+00
1.5500E+03	0.0000E+00	0.0000E+00	1.4321E+00
1.5510E+03	0.0000E+00	0.0000E+00	1.4265E+00
1.5520E+03	0.0000E+00	0.0000E+00	1.4277E+00
1.5530E+03	0.0000E+00	0.0000E+00	1.4260E+00
1.5540E+03	0.0000E+00	0.0000E+00	1.4155E+00
1.5550E+03	0.0000E+00	0.0000E+00	1.4218E+00
1.5560E+03	0.0000E+00	0.0000E+00	1.4234E+00
1.5570E+03	0.0000E+00	0.0000E+00	1.4216E+00
1.5580E+03	0.0000E+00	0.0000E+00	1.4216E+00
1.5590E+03	0.0000E+00	0.0000E+00	1.4133E+00
1.5600E+03	0.0000E+00	0.0000E+00	1.4039E+00
1.5610E+03	0.0000E+00	0.0000E+00	1.3953E+00
1.5620E+03	0.0000E+00	0.0000E+00	1.3874E+00
1.5630E+03	0.0000E+00	0.0000E+00	1.3738E+00
1.5640E+03	0.0000E+00	0.0000E+00	1.3660E+00
1.5650E+03	0.0000E+00	0.0000E+00	1.3516E+00
1.5660E+03	0.0000E+00	0.0000E+00	1.3469E+00
1.5670E+03	0.0000E+00	0.0000E+00	1.3425E+00
1.5680E+03	0.0000E+00	0.0000E+00	1.3287E+00
1.5690E+03	0.0000E+00	0.0000E+00	1.3266E+00
1.5700E+03	0.0000E+00	0.0000E+00	1.3221E+00
1.5710E+03	0.0000E+00	0.0000E+00	1.3213E+00
1.5720E+03	0.0000E+00	0.0000E+00	1.3164E+00
1.5730E+03	0.0000E+00	0.0000E+00	1.3029E+00
1.5740E+03	0.0000E+00	0.0000E+00	1.3030E+00
1.5750E+03	0.0000E+00	0.0000E+00	1.2956E+00
1.5760E+03	0.0000E+00	0.0000E+00	1.3018E+00
1.5770E+03	0.0000E+00	0.0000E+00	1.2910E+00
1.5780E+03	0.0000E+00	0.0000E+00	1.2889E+00
1.5790E+03	0.0000E+00	0.0000E+00	1.2803E+00
1.5800E+03	0.0000E+00	0.0000E+00	1.2752E+00
1.5810E+03	0.0000E+00	0.0000E+00	1.2753E+00
1.5820E+03	0.0000E+00	0.0000E+00	1.2670E+00
1.5830E+03	0.0000E+00	0.0000E+00	1.2648E+00
1.5840E+03	0.0000E+00	0.0000E+00	1.2602E+00
1.5850E+03	0.0000E+00	0.0000E+00	1.2609E+00
1.5860E+03	0.0000E+00	0.0000E+00	1.2583E+00
1.5870E+03	0.0000E+00	0.0000E+00	1.2527E+00
1.5880E+03	0.0000E+00	0.0000E+00	1.2516E+00
1.5890E+03	0.0000E+00	0.0000E+00	1.2419E+00
1.5900E+03	0.0000E+00	0.0000E+00	1.2422E+00
1.5910E+03	0.0000E+00	0.0000E+00	1.2310E+00
1.5920E+03	0.0000E+00	0.0000E+00	1.2339E+00
1.5930E+03	0.0000E+00	0.0000E+00	1.2290E+00
1.5940E+03	0.0000E+00	0.0000E+00	1.2270E+00
1.5950E+03	0.0000E+00	0.0000E+00	1.2251E+00
1.5960E+03	0.0000E+00	0.0000E+00	1.2267E+00
1.5970E+03	0.0000E+00	0.0000E+00	1.2202E+00
1.5980E+03	0.0000E+00	0.0000E+00	1.2171E+00
1.5990E+03	0.0000E+00	0.0000E+00	1.2093E+00
1.6000E+03	0.0000E+00	0.0000E+00	1.2098E+00
1.6010E+03	0.0000E+00	0.0000E+00	1.1990E+00
1.6020E+03	0.0000E+00	0.0000E+00	1.2011E+00
1.6030E+03	0.0000E+00	0.0000E+00	1.2048E+00
1.6040E+03	0.0000E+00	0.0000E+00	1.2098E+00
1.6050E+03	0.0000E+00	0.0000E+00	1.2079E+00
1.6060E+03	0.0000E+00	0.0000E+00	1.2208E+00
1.6070E+03	0.0000E+00	0.0000E+00	1.2278E+00
1.6080E+03	0.0000E+00	0.0000E+00	1.2308E+00
1.6090E+03	0.0000E+00	0.0000E+00	1.2293E+00
1.6100E+03	0.0000E+00	0.0000E+00	1.2301E+00
1.6110E+03	0.0000E+00	0.0000E+00	1.2294E+00
1.6120E+03	0.0000E+00	0.0000E+00	1.2275E+00
1.6130E+03	0.0000E+00	0.0000E+00	1.2315E+00
1.6140E+03	0.0000E+00	0.0000E+00	1.2237E+00
1.6150E+03	0.0000E+00	0.0000E+00	1.2208E+00
1.6160E+03	0.0000E+00	0.0000E+00	1.2197E+00
1.6170E+03	0.0000E+00	0.0000E+00	1.2195E+00
1.6180E+03	0.0000E+00	0.0000E+00	1.2170E+00
1.6190E+03	0.0000E+00	0.0000E+00	1.2139E+00
1.6200E+03	0.0000E+00	0.0000E+00	1.2120E+00
1.6210E+03	0.0000E+00	0.0000E+00	1.2107E+00
1.6220E+03	0.0000E+00	0.0000E+00	1.2052E+00
1.6230E+03	0.0000E+00	0.0000E+00	1.2008E+00
1.6240E+03	0.0000E+00	0.0000E+00	1.2017E+00
1.6250E+03	0.0000E+00	0.0000E+00	1.1972E+00
1.6260E+03	0.0000E+00	0.0000E+00	1.1997E+00
1.6270E+03	0.0000E+00	0.0000E+00	1.2008E+00
1.6280E+03	0.0000E+00	0.0000E+00	1.2022E+00
1.6290E+03	0.0000E+00	0.0000E+00	1.2109E+00
1.6300E+03	0.0000E+00	0.0000E+00	1.2269E+00
1.6310E+03	0.0000E+00	0.0000E+00	1.2397E+00
1.6320E+03	0.0000E+00	0.0000E+00	1.2542E+00
1.6330E+03	0.0000E+00	0.0000E+00	1.2605E+00
1.6340E+03	0.0000E+00	0.0000E+00	1.2660E+00
1.6350E+03	0.0000E+00	0.0000E+00	1.2684E+00
1.6360E+03	0.0000E+00	0.0000E+00	1.2680E+00
1.6370E+03	0.0000E+00	0.0000E+00	1.2674E+00
1.6380E+03	0.0000E+00	0.0000E+00	1.2621E+00
1.6390E+03	0.0000E+00	0.0000E+00	1.2631E+00
1.6400E+03	0.0000E+00	0.0000E+00	1.2582E+00
1.6410E+03	0.0000E+00	0.0000E+00	1.2540E+00
1.6420E+03	0.0000E+00	0.0000E+00	1.2493E+00
1.6430E+03	0.0000E+00	0.0000E+00	1.2489E+00
1.6440E+03	0.0000E+00	0.0000E+00	1.2468E+00
1.6450E+03	0.0000E+00	0.0000E+00	1.2344E+00
1.6460E+03	0.0000E+00	0.0000E+00	1.2371E+00
1.6470E+03	0.0000E+00	0.0000E+00	1.2329E+00
1.6480E+03	0.0000E+00	0.0000E+00	1.2287E+00
1.6490E+03	0.0000E+00	0.0000E+00	1.2244E+00
1.6500E+03	0.0000E+00	0.0000E+00	1.2273E+00
1.6510E+03	0.0000E+00	0.0000E+00	1.2377E+00
1.6520E+03	0.0000E+00	0.0000E+00	1.2511E+00
1.6530E+03	0.0000E+00	0.0000E+00	1.2750E+00
1.6540E+03	0.0000E+00	0.0000E+00	1.2972E+00
1.6550E+03	0.0000E+00	0.0000E+00	1.3151E+00
1.6560E+03	0.0000E+00	0.0000E+00	1.3315E+00
1.6570E+03	0.0000E+00	0.0000E+00	1.3459E+00
1.6580E+03	0.0000E+00	0.0000E+00	1.3534E+00
1.6590E+03	0.0000E+00	0.0000E+00	1.3521E+00
1.6600E+03	0.0000E+00	0.0000E+00	1.3484E+00
1.6610E+03	0.0000E+00	0.0000E+00	1.3469E+00
1.6620E+03	0.0000E+00	0.0000E+00	1.3383E+00
1.6630E+03	0.0000E+00	0.0000E+00	1.3349E+00
1.6640E+03	0.0000E+00	0.0000E+00	1.3342E+00
1.6650E+03	0.0000E+00	0.0000E+00	1.3277E+00
1.6660E+03	0.0000E+00	0.0000E+00	1.3158E+00
1.6670E+03	0.0000E+00	0.0000E+00	1.3139E+00
1.6680E+03	0.0000E+00	0.0000E+00	1.3079E+00
1.6690E+03	0.0000E+00	0.0000E+00	1.3015E+00
1.6700E+03	0.0000E+00	0.0000E+00	1.3012E+00
1.6710E+03	0.0000E+00	0.0000E+00	1.2903E+00
1.6720E+03	0.0000E+00	0.0000E+00	1.2891E+00
1.6730E+03	0.0000E+00	0.0000E+00	1.2789E+00
1.6740E+03	0.0000E+00	0.0000E+00	1.2832E+00
1.6750E+03	0.0000E+00	0.0000E+00	1.3002E+00
1.6760E+03	0.0000E+00	0.0000E+00	1.3132E+00
1.6770E+03	0.0000E+00	0.0000E+00	1.3384E+00
1.6780E+03	0.0000E+00	0.0000E+00	1.3608E+00
1.6790E+03	0.0000E+00	0.0000E+00	1.3842E+00
1.6800E+03	0.0000E+00	0.0000E+00	1.3970E+00
1.6810E+03	0.0000E+00	0.0000E+00	1.4073E+00
1.6820E+03	0.0000E+00	0.0000E+00	1.4244E+00
1.6830E+03	0.0000E+00	0.0000E+00	1.4276E+00
1.6840E+03	0.0000E+00	0.0000E+00	1.4306E+00
1.6850E+03	0.0000E+00	0.0000E+00	1.4323E+00
1.6860E+03	0.0000E+00	0.0000E+00	1.4269E+00
1.6870E+03	0.0000E+00	0.0000E+00	1.4159E+00
1.6880E+03	0.0000E+00	0.0000E+00	1.4067E+00
1.6890E+03	0.0000E+00	0.0000E+00	1.4020E+00
1.6900E+03	0.0000E+00	0.0000E+00	1.3931E+00
1.6910E+03	0.0000E+00	0.0000E+00	1.3881E+00
1.6920E+03	0.0000E+00	0.0000E+00	1.3783E+00
1.6930E+03	0.0000E+00	0.0000E+00	1.3741E+00
1.6940E+03	0.0000E+00	0.0000E+00	1.3595E+00
1.6950E+03	0.0000E+00	0.0000E+00	1.3528E+00
1.6960E+03	0.0000E+00	0.0000E+00	1.3448E+00
1.6970E+03	0.0000E+00	0.0000E+00	1.3404E+00
1.6980E+03	0.0000E+00	0.0000E+00	1.3414E+00
1.6990E+03	0.0000E+00	0.0000E+00	1.3535E+00
1.7000E+03	0.0000E+00	0.0000E+00	1.3719E+00
1.7010E+03	0.0000E+00	0.0000E+00	1.3945E+00
1.7020E+03	0.0000E+00	0.0000E+00	1.4186E+00
1.7030E+03	0.0000E+00	0.0000E+00	1.4380E+00
1.7040E+03	0.0000E+00	0.0000E+00	1.4541E+00
1.7050E+03	0.0000E+00	0.0000E+00	1.4690E+00
1.7060E+03	0.0000E+00	0.0000E+00	1.4805E+00
1.7070E+03	0.0000E+00	0.0000E+00	1.4897E+00
1.7080E+03	0.0000E+00	0.0000E+00	1.4956E+00
1.7090E+03	0.0000E+00	0.0000E+00	1.4982E+00
1.7100E+03	0.0000E+00	0.0000E+00	1.4951E+00
1.7110E+03	0.0000E+00	0.0000E+00	1.4945E+00
1.7120E+03	0.0000E+00	0.0000E+00	1.4869E+00
1.7130E+03	0.0000E+00	0.0000E+00	1.4809E+00
1.7140E+03	0.0000E+00	0.0000E+00	1.4693E+00
1.7150E+03	0.0000E+00	0.0000E+00	1.4597E+00
1.7160E+03	0.0000E+00	0.0000E+00	1.4518E+00
1.7170E+03	0.0000E+00	0.0000E+00	1.4356E+00
1.7180E+03	0.0000E+00	0.0000E+00	1.4250E+00
1.7190E+03	0.0000E+00	0.0000E+00	1.4151E+00
1.7200E+03	0.0000E+00	0.0000E+00	1.4095E+00
1.7210E+03	0.0000E+00	0.0000E+00	1.3993E+00
1.7220E+03	0.0000E+00	0.0000E+00	1.3879E+00
1.7230E+03	0.0000E+00	0.0000E+00	1.4013E+00
1.7240E+03	0.0000E+00	0.0000E+00	1.4215E+00
1.7250E+03	0.0000E+00	0.0000E+00	1.4391E+00
1.7260E+03	0.0000E+00	0.0000E+00	1.4613E+00
1.7270E+03	0.0000E+00	0.0000E+00	1.4787E+00
1.7280E+03	0.0000E+00	0.0000E+00	1.4910E+00
1.7290E+03	0.0000E+00	0.0000E+00	1.5012E+00
1.7300E+03	0.0000E+00	0.0000E+00	1.5130E+00
1.7310E+03	0.0000E+00	0.0000E+00	1.5190E+00
1.7320E+03	0.0000E+00	0.0000E+00	1.5141E+00
1.7330E+03	0.0000E+00	0.0000E+00	1.5145E+00
1.7340E+03	0.0000E+00	0.0000E+00	1.5091E+00
1.7350E+03	0.0000E+00	0.0000E+00	1.5007E+00
1.7360E+03	0.0000E+00	0.0000E+00	1.4902E+00
1.7370E+03	0.0000E+00	0.0000E+00	1.4780E+00
1.7380E+03	0.0000E+00	0.0000E+00	1.4701E+00
1.7390E+03	0.0000E+00	0.0000E+00	1.4590E+00
1.7400E+03	0.0000E+00	0.0000E+00	1.4466E+00
1.7410E+03	0.0000E+00	0.0000E+00	1.4381E+00
1.7420E+03	0.0000E+00	0.0000E+00	1.4299E+00
1.7430E+03	0.0000E+00	0.0000E+00	1.4166E+00
1.7440E+03	0.0000E+00	0.0000E+00	1.4101E+00
1.7450E+03	0.0000E+00	0.0000E+00	1.4070E+00
1.7460E+03	0.0000E+00	0.0000E+00	1.4103E+00
1.7470E+03	0.0000E+00	0.0000E+00	1.4153E+00
1.7480E+03	0.0000E+00	0.0000E+00	1.4347E+00
1.7490E+03	0.0000E+00	0.0000E+00	1.4504E+00
1.7500E+03	0.0000E+00	0.0000E+00	1.4677E+00
1.7510E+03	0.0000E+00	0.0000E+00	1.4863E+00
1.7520E+03	0.0000E+00	0.0000E+00	1.5012E+00
1.7530E+03	0.0000E+00	0.0000E+00	1.5219E+00
1.7540E+03	0.0000E+00	0.0000E+00	1.5415E+00
1.7550E+03	0.0000E+00	0.0000E+00	1.5516E+00
1.7560E+03	0.0000E+00	0.0000E+00	1.5563E+00
1.7570E+03	0.0000E+00	0.0000E+00	1.5587E+00
1.7580E+03	0.0000E+00	0.0000E+00	1.5589E+00
1.7590E+03	0.0000E+00	0.0000E+00	1.5536E+00
1.7600E+03	0.0000E+00	0.0000E+00	1.5503E+00
1.7610E+03	0.0000E+00	0.0000E+00	1.5389E+00
1.7620E+03	0.0000E+00	0.0000E+00	1.5342E+00
1.7630E+03	0.0000E+00	0.0000E+00	1.5194E+00
1.7640E+03	0.0000E+00	0.0000E+00	1.5125E+00
1.7650E+03	0.0000E+00	0.0000E+00	1.5005E+00
1.7660E+03	0.0000E+00	0.0000E+00	1.4882E+00
1.7670E+03	0.0000E+00	0.0000E+00	1.4750E+00
1.7680E+03	0.0000E+00	0.0000E+00	1.4620E+00
1.7690E+03	0.0000E+00	0.0000E+00	1.4483E+00
1.7700E+03	0.0000E+00	0.0000E+00	1.4448E+00
1.7710E+03	0.0000E+00	0.0000E+00	1.4501E+00
1.7720E+03	0.0000E+00	0.0000E+00	1.4620E+00
1.7730E+03	0.0000E+00	0.0000E+00	1.4717E+00
1.7740E+03	0.0000E+00	0.0000E+00	1.4897E+00
1.7750E+03	0.0000E+00	0.0000E+00	1.5025E+00
1.7760E+03	0.0000E+00	0.0000E+00	1.5163E+00
1.7770E+03	0.0000E+00	0.0000E+00	1.5322E+00
1.7780E+03	0.0000E+00	0.0000E+00	1.5535E+00
1.7790E+03	0.0000E+00	0.0000E+00	1.5597E+00
1.7800E+03	0.0000E+00	0.0000E+00	1.5648E+00
1.7810E+03	0.0000E+00	0.0000E+00	1.5620E+00
1.7820E+03	0.0000E+00	0.0000E+00	1.5497E+00
1.7830E+03	0.0000E+00	0.0000E+00	1.5384E+00
1.7840E+03	0.0000E+00	0.0000E+00	1.5293E+00
1.7850E+03	0.0000E+00	0.0000E+00	1.5157E+00
1.7860E+03	0.0000E+00	0.0000E+00	1.5066E+00
1.7870E+03	0.0000E+00	0.0000E+00	1.4956E+00
1.7880E+03	0.0000E+00	0.0000E+00	1.4836E+00
1.7890E+03	0.0000E+00	0.0000E+00	1.4669E+00
1.7900E+03	0.0000E+00	0.0000E+00	1.4490E+00
1.7910E+03	0.0000E+00	0.0000E+00	1.4419E+00
1.7920E+03	0.0000E+00	0.0000E+00	1.4287E+00
1.7930E+03	0.0000E+00	0.0000E+00	1.4159E+00
1.7940E+03	0.0000E+00	0.0000E+00	1.4136E+00
1.7950E+03	0.0000E+00	0.0000E+00	1.4164E+00
1.7960E+03	0.0000E+00	0.0000E+00	1.4192E+00
1.7970E+03	0.0000E+00	0.0000E+00	1.4370E+00
1.7980E+03	0.0000E+00	0.0000E+00	1.4509E+00
1.7990E+03	0.0000E+00	0.0000E+00	1.4666E+00
1.8000E+03	0.0000E+00	0.0000E+00	1.4812E+00
1.8010E+03	0.0000E+00	0.0000E+00	1.4952E+00
1.8020E+03	0.0000E+00	0.0000E+00	1.4962E+00
1.8030E+03	0.0000E+00	0.0000E+00	1.5022E+00
1.8040E+03	0.0000E+00	0.0000E+00	1.4978E+00
1.8050E+03	0.0000E+00	0.0000E+00	1.4993E+00
1.8060E+03	0.0000E+00	0.0000E+00	1.4927E+00
1.8070E+03	0.0000E+00	0.0000E+00	1.4825E+00
1.8080E+03	0.0000E+00	0.0000E+00	1.4745E+00
1.8090E+03	0.0000E+00	0.0000E+00	1.4618E+00
1.8100E+03	0.0000E+00	0.0000E+00	1.4550E+00
1.8110E+03	0.0000E+00	0.0000E+00	1.4417E+00
1.8120E+03	0.0000E+00	0.0000E+00	1.4338E+00
1.8130E+03	0.0000E+00	0.0000E+00	1.4201E+00
1.8140E+03	0.0000E+00	0.0000E+00	1.4127E+00
1.8150E+03	0.0000E+00	0.0000E+00	1.3994E+00
1.8160E+03	0.0000E+00	0.0000E+00	1.3920E+00
1.8170E+03	0.0000E+00	0.0000E+00	1.3828E+00
1.8180E+03	0.0000E+00	0.0000E+00	1.3807E+00
1.8190E+03	0.0000E+00	0.0000E+00	1.3881E+00
1.8200E+03	0.0000E+00	0.0000E+00	1.4024E+00
1.8210E+03	0.0000E+00	0.0000E+00	1.4160E+00
1.8220E+03	0.0000E+00	0.0000E+00	1.4278E+00
1.8230E+03	0.0000E+00	0.0000E+00	1.4447E+00
1.8240E+03	0.0000E+00	0.0000E+00	1.4604E+00
1.8250E+03	0.0000E+00	0.0000E+00	1.4708E+00
1.8260E+03	0.0000E+00	0.0000E+00	1.4775E+00
1.8270E+03	0.0000E+00	0.0000E+00	1.4766E+00
1.8280E+03	0.0000E+00	0.0000E+00	1.4755E+00
1.8290E+03	0.0000E+00	0.0000E+00	1.4684E+00
1.8300E+03	0.0000E+00	0.0000E+00	1.4624E+00
1.8310E+03	0.0000E+00	0.0000E+00	1.4522E+00
1.8320E+03	0.0000E+00	0.0000E+00	1.4431E+00
1.8330E+03	0.0000E+00	0.0000E+00	1.4328E+00
1.8340E+03	0.0000E+00	0.0000E+00	1.4216E+00
1.8350E+03	0.0000E+00	0.0000E+00	1.4094E+00
1.8360E+03	0.0000E+00	0.0000E+00	1.4028E+00
1.8370E+03	0.0000E+00	0.0000E+00	1.3925E+00
1.8380E+03	0.0000E+00	0.0000E+00	1.3820E+00
1.8390E+03	0.0000E+00	0.0000E+00	1.3684E+00
1.8400E+03	0.0000E+00	0.0000E+00	1.3640E+00
1.8410E+03	0.0000E+00	0.0000E+00	1.3541E+00
1.8420E+03	0.0000E+00	0.0000E+00	1.3484E+00
1.8430E+03	0.0000E+00	0.0000E+00	1.3522E+00
1.8440E+03	0.0000E+00	0.0000E+00	1.3637E+00
1.8450E+03	0.0000E+00	0.0000E+00	1.3764E+00
1.8460E+03	0.0000E+00	0.0000E+00	1.3927E+00
1.8470E+03	0.0000E+00	0.0000E+00	1.4005E+00
1.8480E+03	0.0000E+00	0.0000E+00	1.4145E+00
1.8490E+03	0.0000E+00	0.0000E+00	1.4257E+00
1.8500E+03	0.0000E+00	0.0000E+00	1.4260E+00
1.8510E+03	0.0000E+00	0.0000E+00	1.4300E+00
1.8520E+03	0.0000E+00	0.0000E+00	1.4269E+00
1.8530E+03	0.0000E+00	0.0000E+00	1.4196E+00
1.8540E+03	0.0000E+00	0.0000E+00	1.4143E+00
1.8550E+03	0.0000E+00	0.0000E+00	1.4020E+00
1.8560E+03	0.0000E+00	0.0000E+00	1.4002E+00
1.8570E+03	0.0000E+00	0.0000E+00	1.3908E+00
1.8580E+03	0.0000E+00	0.0000E+00	1.3794E+00
1.8590E+03	0.0000E+00	0.0000E+00	1.3716E+00
1.8600E+03	0.0000E+00	0.0000E+00	1.3658E+00
1.8610E+03	0.0000E+00	0.0000E+00	1.3555E+00
1.8620E+03	0.0000E+00	0.0000E+00	1.3443E+00
1.8630E+03	0.0000E+00	0.0000E+00	1.3355E+00
1.8640E+03	0.0000E+00	0.0000E+00	1.3291E+00
1.8650E+03	0.0000E+00	0.0000E+00	1.3214E+00
1.8660E+03	0.0000E+00	0.0000E+00	1.3236E+00
1.8670E+03	0.0000E+00	0.0000E+00	1.3258E+00
1.8680E+03	0.0000E+00	0.0000E+00	1.3392E+00
1.8690E+03	0.0000E+00	0.0000E+00	1.3544E+00
1.8700E+03	0.0000E+00	0.0000E+00	1.3683E+00
1.8710E+03	0.0000E+00	0.0000E+00	1.3847E+00
1.8720E+03	0.0000E+00	0.0000E+00	1.3997E+00
1.8730E+03	0.0000E+00	0.0000E+00	1.4068E+00
1.8740E+03	0.0000E+00	0.0000E+00	1.4049E+00
1.8750E+03	0.0000E+00	0.0000E+00	1.4030E+00
1.8760E+03	0.0000E+00	0.0000E+00	1.3975E+00
1.8770E+03	0.0000E+00	0.0000E+00	1.3950E+00
1.8780E+03	0.0000E+00	0.0000E+00	1.3842E+00
1.8790E+03	0.0000E+00	0.0000E+00	1.3713E+00
1.8800E+03	0.0000E+00	0.0000E+00	1.3697E+00
1.8810E+03	0.0000E+00	0.0000E+00	1.3598E+00
1.8820E+03	0.0000E+00	0.0000E+00	1.3508E+00
1.8830E+03	0.0000E+00	0.0000E+00	1.3445E+00
1.8840E+03	0.0000E+00	0.0000E+00	1.3390E+00
1.8850E+03	0.0000E+00	0.0000E+00	1.3306E+00
1.8860E+03	0.0000E+00	0.0000E+00	1.3257E+00
1.8870E+03	0.0000E+00	0.0000E+00	1.3138E+00
1.8880E+03	0.0000E+00	0.0000E+00	1.3056E+00
1.8890E+03	0.0000E+00	0.0000E+00	1.2962E+00
1.8900E+03	0.0000E+00	0.0000E+00	1.2937E+00
1.8910E+03	0.0000E+00	0.0000E+00	1.2950E+00
1.8920E+03	0.0000E+00	0.0000E+00	1.3052E+00
1.8930E+03	0.0000E+00	0.0000E+00	1.3122E+00
1.8940E+03	0.0000E+00	0.0000E+00	1.3242E+00
1.8950E+03	0.0000E+00	0.0000E+00	1.3391E+00
1.8960E+03	0.0000E+00	0.0000E+00	1.3555E+00
1.8970E+03	0.0000E+00	0.0000E+00	1.3578E+00
1.8980E+03	0.0000E+00	0.0000E+00	1.3591E+00
1.8990E+03	0.0000E+00	0.0000E+00	1.3562E+00
1.9000E+03	0.0000E+00	0.0000E+00	1.3516E+00
1.9010E+03	0.0000E+00	0.0000E+00	1.3468E+00
1.9020E+03	0.0000E+00	0.0000E+00	1.3365E+00
1.9030E+03	0.0000E+00	0.0000E+00	1.3325E+00
1.9040E+03	0.0000E+00	0.0000E+00	1.3288E+00
1.9050E+03	0.0000E+00	0.0000E+00	1.3260E+00
1.9060E+03	0.0000E+00	0.0000E+00	1.3129E+00
1.9070E+03	0.0000E+00	0.0000E+00	1.3128E+00
1.9080E+03	0.0000E+00	0.0000E+00	1.3046E+00
1.9090E+03	0.0000E+00	0.0000E+00	1.3037E+00
1.9100E+03	0.0000E+00	0.0000E+00	1.2967E+00
1.9110E+03	0.0000E+00	0.0000E+00	1.2849E+00
1.9120E+03	0.0000E+00	0.0000E+00	1.2773E+00
1.9130E+03	0.0000E+00	0.0000E+00	1.2706E+00
1.9140E+03	0.0000E+00	0.0000E+00	1.2734E+00
1.9150E+03	0.0000E+00	0.0000E+00	1.2786E+00
1.9160E+03	0.0000E+00	0.0000E+00	1.2851E+00
1.9170E+03	0.0000E+00	0.0000E+00	1.2893E+00
1.9180E+03	0.0000E+00	0.0000E+00	1.2994E+00
1.9190E+03	0.0000E+00	0.0000E+00	1.3053E+00
1.9200E+03	0.0000E+00	0.0000E+00	1.3045E+00
1.9210E+03	0.0000E+00	0.0000E+00	1.3101E+00
1.9220E+03	0.0000E+00	0.0000E+00	1.3092E+00
1.9230E+03	0.0000E+00	0.0000E+00	1.3083E+00
1.9240E+03	0.0000E+00	0.0000E+00	1.3026E+00
1.9250E+03	0.0000E+00	0.0000E+00	1.3000E+00
1.9260E+03	0.0000E+00	0.0000E+00	1.2980E+00
1.9270E+03	0.0000E+00	0.0000E+00	1.2908E+00
1.9280E+03	0.0000E+00	0.0000E+00	1.2852E+00
1.9290E+03	0.0000E+00	0.0000E+00	1.2843E+00
1.9300E+03	0.0000E+00	0.0000E+00	1.2794E+00
1.9310E+03	0.0000E+00	0.0000E+00	1.2739E+00
1.9320E+03	0.0000E+00	0.0000E+00	1.2750E+00
1.9330E+03	0.0000E+00	0.0000E+00	1.2784E+00
1.9340E+03	0.0000E+00	0.0000E+00	1.2760E+00
1.9350E+03	0.0000E+00	0.0000E+00	1.2682E+00
1.9360E+03	0.0000E+00	0.0000E+00	1.2685E+00
1.9370E+03	0.0000E+00	0.0000E+00	1.2604E+00
1.9380E+03	0.0000E+00	0.0000E+00	1.2594E+00
1.9390E+03	0.0000E+00	0.0000E+00	1.2637E+00
1.9400E+03	0.0000E+00	0.0000E+00	1.2736E+00
1.9410E+03	0.0000E+00	0.0000E+00	1.2894E+00
1.9420E+03	0.0000E+00	0.0000E+00	1.3017E+00
1.9430E+03	0.0000E+00	0.0000E+00	1.3189E+00
1.9440E+03	0.0000E+00	0.0000E+00	1.3273E+00
1.9450E+03	0.0000E+00	0.0000E+00	1.3298E+00
1.9460E+03	0.0000E+00	0.0000E+00	1.3259E+00
1.9470E+03	0.0000E+00	0.0000E+00	1.3268E+00
1.9480E+03	0.0000E+00	0.0000E+00	1.3235E+00
1.9490E+03	0.0000E+00	0.0000E+00	1.3200E+00
1.9500E+03	0.0000E+00	0.0000E+00	1.3099E+00
1.9510E+03	0.0000E+00	0.0000E+00	1.3004E+00
1.9520E+03	0.0000E+00	0.0000E+00	1.2944E+00
1.9530E+03	0.0000E+00	0.0000E+00	1.2910E+00
1.9540E+03	0.0000E+00	0.0000E+00	1.2816E+00
1.9550E+03	0.0000E+00	0.0000E+00	1.2783E+00
1.9560E+03	0.0000E+00	0.0000E+00	1.2684E+00
1.9570E+03	0.0000E+00	0.0000E+00	1.2612E+00
1.9580E+03	0.0000E+00	0.0000E+00	1.2558E+00
1.9590E+03	0.0000E+00	0.0000E+00	1.2466E+00
1.9600E+03	0.0000E+00	0.0000E+00	1.2381E+00
1.9610E+03	0.0000E+00	0.0000E+00	1.2334E+00
1.9620E+03	0.0000E+00	0.0000E+00	1.2300E+00
1.9630E+03	0.0000E+00	0.0000E+00	1.2348E+00
1.9640E+03	0.0000E+00	0.0000E+00	1.2423E+00
1.9650E+03	0.0000E+00	0.0000E+00	1.2545E+00
1.9660E+03	0.0000E+00	0.0000E+00	1.2670E+00
1.9670E+03	0.0000E+00	0.0000E+00	1.2805E+00
1.9680E+03	0.0000E+00	0.0000E+00	1.2835E+00
1.9690E+03	0.0000E+00	0.0000E+00	1.2874E+00
1.9700E+03	0.0000E+00	0.0000E+00	1.2923E+00
1.9710E+03	0.0000E+00	0.0000E+00	1.2868E+00
1.9720E+03	0.0000E+00	0.0000E+00	1.2821E+00
1.9730E+03	0.0000E+00	0.0000E+00	1.2711E+00
1.9740E+03	0.0000E+00	0.0000E+00	1.2663E+00
1.9750E+03	0.0000E+00	0.0000E+00	1.2622E+00
1.9760E+03	0.0000E+00	0.0000E+00	1.2572E+00
1.9770E+03	0.0000E+00	0.0000E+00	1.2500E+00
1.9780E+03	0.0000E+00	0.0000E+00	1.2465E+00
1.9790E+03	0.0000E+00	0.0000E+00	1.2431E+00
1.9800E+03	0.0000E+00	0.0000E+00	1.2368E+00
1.9810E+03	0.0000E+00	0.0000E+00	1.2289E+00
1.9820E+03	0.0000E+00	0.0000E+00	1.2284E+00
1.9830E+03	0.0000E+00	0.0000E+00	1.2141E+00
1.9840E+03	0.0000E+00	0.0000E+00	1.2109E+00
1.9850E+03	0.0000E+00	0.0000E+00	1.2061E+00
1.9860E+03	0.0000E+00	0.0000E+00	1.2066E+00
1.9870E+03	0.0000E+00	0.0000E+00	1.2126E+00
1.9880E+03	0.0000E+00	0.0000E+00	1.2208E+00
1.9890E+03	0.0000E+00	0.0000E+00	1.2394E+00
1.9900E+03	0.0000E+00	0.0000E+00	1.2570E+00
1.9910E+03	0.0000E+00	0.0000E+00	1.2767E+00
1.9920E+03	0.0000E+00	0.0000E+00	1.2788E+00
1.9930E+03	0.0000E+00	0.0000E+00	1.2882E+00
1.9940E+03	0.0000E+00	0.0000E+00	1.2863E+00
1.9950E+03	0.0000E+00	0.0000E+00	1.2864E+00
1.9960E+03	0.0000E+00	0.0000E+00	1.2808E+00
1.9970E+03	0.0000E+00	0.0000E+00	1.2772E+00
1.9980E+03	0.0000E+00	0.0000E+00	1.2710E+00
1.9990E+03	0.0000E+00	0.0000E+00	1.2646E+00
2.0000E+03	0.0000E+00	0.0000E+00	1.2585E+00
2.0010E+03	0.0000E+00	0.0000E+00	1.2543E+00
2.0020E+03	0.0000E+00	0.0000E+00	1.2458E+00
2.0030E+03	0.0000E+00	0.0000E+00	1.2400E+00
2.0040E+03	0.0000E+00	0.0000E+00	1.2328E+00
2.0050E+03	0.0000E+00	0.0000E+00	1.2258E+00
2.0060E+03	0.0000E+00	0.0000E+00	1.2141E+00
2.0070E+03	0.0000E+00	0.0000E+00	1.2116E+00
2.0080E+03	0.0000E+00	0.0000E+00	1.2031E+00
2.0090E+03	0.0000E+00	0.0000E+00	1.2041E+00
2.0100E+03	0.0000E+00	0.0000E+00	1.2017E+00
2.0110E+03	0.0000E+00	0.0000E+00	1.2112E+00
2.0120E+03	0.0000E+00	0.0000E+00	1.2245E+00
2.0130E+03	0.0000E+00	0.0000E+00	1.2416E+00
2.0140E+03	0.0000E+00	0.0000E+00	1.2589E+00
2.0150E+03	0.0000E+00	0.0000E+00	1.2718E+00
2.0160E+03	0.0000E+00	0.0000E+00	1.2804E+00
2.0170E+03	0.0000E+00	0.0000E+00	1.2831E+00
2.0180E+03	0.0000E+00	0.0000E+00	1.2841E+00
2.0190E+03	0.0000E+00	0.0000E+00	1.2832E+00
2.0200E+03	0.0000E+00	0.0000E+00	1.2751E+00
2.0210E+03	0.0000E+00	0.0000E+00	1.2651E+00
2.0220E+03	0.0000E+00	0.0000E+00	1.2632E+00
2.0230E+03	0.0000E+00	0.0000E+00	1.2551E+00
2.0240E+03	0.0000E+00	0.0000E+00	1.2507E+00
2.0250E+03	0.0000E+00	0.0000E+00	1.2440E+00
2.0260E+03	0.0000E+00	0.0000E+00	1.2407E+00
2.0270E+03	0.0000E+00	0.0000E+00	1.2331E+00
2.0280E+03	0.0000E+00	0.0000E+00	1.2254E+00
2.0290E+03	0.0000E+00	0.0000E+00	1.2188E+00
2.0300E+03	0.0000E+00	0.0000E+00	1.2079E+00
2.0310E+03	0.0000E+00	0.0000E+00	1.2106E+00
2.0320E+03	0.0000E+00	0.0000E+00	1.2045E+00
2.0330E+03	0.0000E+00	0.0000E+00	1.2013E+00
2.0340E+03	0.0000E+00	0.0000E+00	1.2003E+00
2.0350E+03	0.0000E+00	0.0000E+00	1.2027E+00
2.0360E+03	0.0000E+00	0.0000E+00	1.2122E+00
2.0370E+03	0.0000E+00	0.0000E+00	1.2258E+00
2.0380E+03	0.0000E+00	0.0000E+00	1.2385E+00
2.0390E+03	0.0000E+00	0.0000E+00	1.2479E+00
2.0400E+03	0.0000E+00	0.0000E+00	1.2579E+00
2.0410E+03	0.0000E+00	0.0000E+00	1.2665E+00
2.0420E+03	0.0000E+00	0.0000E+00	1.2681E+00
2.0430E+03	0.0000E+00	0.0000E+00	1.2717E+00
2.0440E+03	0.0000E+00	0.0000E+00	1.2669E+00
2.0450E+03	0.0000E+00	0.0000E+00	1.2568E+00
2.0460E+03	0.0000E+00	0.0000E+00	1.2542E+00
2.0470E+03	0.0000E+00	0.0000E+00	1.2450E+00
2.0480E+03	0.0000E+00	0.0000E+00	1.2407E+00
2.0490E+03	0.0000E+00	0.0000E+00	1.2341E+00
2.0500E+03	0.0000E+00	0.0000E+00	1.2305E+00
2.0510E+03	0.0000E+00	0.0000E+00	1.2268E+00
2.0520E+03	0.0000E+00	0.0000E+00	1.2178E+00
2.0530E+03	0.0000E+00	0.0000E+00	1.2144E+00
2.0540E+03	0.0000E+00	0.0000E+00	1.2064E+00
2.0550E+03	0.0000E+00	0.0000E+00	1.1984E+00
2.0560E+03	0.0000E+00	0.0000E+00	1.1920E+00
2.0570E+03	0.0000E+00	0.0000E+00	1.1910E+00
2.0580E+03	0.0000E+00	0.0000E+00	1.1907E+00
2.0590E+03	0.0000E+00	0.0000E+00	1.2008E+00
2.0600E+03	0.0000E+00	0.0000E+00	1.2132E+00
2.0610E+03	0.0000E+00	0.0000E+00	1.2301E+00
2.0620E+03	0.0000E+00	0.0000E+00	1.2419E+00
2.0630E+03	0.0000E+00	0.0000E+00	1.2563E+00
2.0640E+03	0.0000E+00	0.0000E+00	1.2630E+00
2.0650E+03	0.0000E+00	0.0000E+00	1.2601E+00
2.0660E+03	0.0000E+00	0.0000E+00	1.2589E+00
2.0670E+03	0.0000E+00	0.0000E+00	1.2541E+00
2.0680E+03	0.0000E+00	0.0000E+00	1.2522E+00
2.0690E+03	0.0000E+00	0.0000E+00	1.2485E+00
2.0700E+03	0.0000E+00	0.0000E+00	1.2438E+00
2.0710E+03	0.0000E+00	0.0000E+00	1.2340E+00
2.0720E+03	0.0000E+00	0.0000E+00	1.2309E+00
2.0730E+03	0.0000E+00	0.0000E+00	1.2249E+00
2.0740E+03	0.0000E+00	0.0000E+00	1.2217E+00
2.0750E+03	0.0000E+00	0.0000E+00	1.2159E+00
2.0760E+03	0.0000E+00	0.0000E+00	1.2134E+00
2.0770E+03	0.0000E+00	0.0000E+00	1.2037E+00
2.0780E+03	0.0000E+00	0.0000E+00	1.2013E+00
2.0790E+03	0.0000E+00	0.0000E+00	1.1954E+00
2.0800E+03	0.0000E+00	0.0000E+00	1.1914E+00
2.0810E+03	0.0000E+00	0.0000E+00	1.1837E+00
2.0820E+03	0.0000E+00	0.0000E+00	1.1859E+00
2.0830E+03	0.0000E+00	0.0000E+00	1.1886E+00
2.0840E+03	0.0000E+00	0.0000E+00	1.2001E+00
2.0850E+03	0.0000E+00	0.0000E+00	1.2153E+00
2.0860E+03	0.0000E+00	0.0000E+00	1.2351E+00
2.0870E+03	0.0000E+00	0.0000E+00	1.2542E+00
2.0880E+03	0.0000E+00	0.0000E+00	1.2693E+00
2.0890E+03	0.0000E+00	0.0000E+00	1.2748E+00
2.0900E+03	0.0000E+00	0.0000E+00	1.2749E+00
2.0910E+03	0.0000E+00	0.0000E+00	1.2700E+00
2.0920E+03	0.0000E+00	0.0000E+00	1.2704E+00
2.0930E+03	0.0000E+00	0.0000E+00	1.2595E+00
2.0940E+03	0.0000E+00	0.0000E+00	1.2532E+00
2.0950E+03	0.0000E+00	0.0000E+00	1.2472E+00
2.0960E+03	0.0000E+00	0.0000E+00	1.2411E+00
2.0970E+03	0.0000E+00	0.0000E+00	1.2351E+00
2.0980E+03	0.0000E+00	0.0000E+00	1.2305E+00
2.0990E+03	0.0000E+00	0.0000E+00	1.2198E+00
2.1000E+03	0.0000E+00	0.0000E+00	1.2135E+00
2.1010E+03	0.0000E+00	0.0000E+00	1.2099E+00
2.1020E+03	0.0000E+00	0.0000E+00	1.2005E+00
2.1030E+03	0.0000E+00	0.0000E+00	1.1934E+00
2.1040E+03	0.0000E+00	0.0000E+00	1.1881E+00
2.1050E+03	0.0000E+00	0.0000E+00	1.1845E+00
2.1060E+03	0.0000E+00	0.0000E+00	1.1864E+00
2.1070E+03	0.0000E+00	0.0000E+00	1.1928E+00
2.1080E+03	0.0000E+00	0.0000E+00	1.2031E+00
2.1090E+03	0.0000E+00	0.0000E+00	1.2183E+00
2.1100E+03	0.0000E+00	0.0000E+00	1.2371E+00
2.1110E+03	0.0000E+00	0.0000E+00	1.2546E+00
2.1120E+03	0.0000E+00	0.0000E+00	1.2678E+00
2.1130E+03	0.0000E+00	0.0000E+00	1.2764E+00
2.1140E+03	0.0000E+00	0.0000E+00	1.2781E+00
2.1150E+03	0.0000E+00	0.0000E+00	1.2752E+00
2.1160E+03	0.0000E+00	0.0000E+00	1.2672E+00
2.1170E+03	0.0000E+00	0.0000E+00	1.2646E+00
2.1180E+03	0.0000E+00	0.0000E+00	1.2584E+00
2.1190E+03	0.0000E+00	0.0000E+00	1.2440E+00
2.1200E+03	0.0000E+00	0.0000E+00	1.2379E+00
2.1210E+03	0.0000E+00	0.0000E+00	1.2326E+00
2.1220E+03	0.0000E+00	0.0000E+00	1.2200E+00
2.1230E+03	0.0000E+00	0.0000E+00	1.2166E+00
2.1240E+03	0.0000E+00	0.0000E+00	1.2122E+00
2.1250E+03	0.0000E+00	0.0000E+00	1.2041E+00
2.1260E+03	0.0000E+00	0.0000E+00	1.1972E+00
2.1270E+03	0.0000E+00	0.0000E+00	1.1832E+00
2.1280E+03	0.0000E+00	0.0000E+00	1.1777E+00
2.1290E+03	0.0000E+00	0.0000E+00	1.1741E+00
2.1300E+03	0.0000E+00	0.0000E+00	1.1755E+00
2.1310E+03	0.0000E+00	0.0000E+00	1.1841E+00
2.1320E+03	0.0000E+00	0.0000E+00	1.2075E+00
2.1330E+03	0.0000E+00	0.0000E+00	1.2153E+00
2.1340E+03	0.0000E+00	0.0000E+00	1.2308E+00
2.1350E+03	0.0000E+00	0.0000E+00	1.2522E+00
2.1360E+03	0.0000E+00	0.0000E+00	1.2751E+00
2.1370E+03	0.0000E+00	0.0000E+00	1.2728E+00
2.1380E+03	0.0000E+00	0.0000E+00	1.2797E+00
2.1390E+03	0.0000E+00	0.0000E+00	1.2675E+00
2.1400E+03	0.0000E+00	0.0000E+00	1.2664E+00
2.1410E+03	0.0000E+00	0.0000E+00	1.2589E+00
2.1420E+03	0.0000E+00	0.0000E+00	1.2543E+00
2.1430E+03	0.0000E+00	0.0000E+00	1.2414E+00
2.1440E+03	0.0000E+00	0.0000E+00	1.2350E+00
2.1450E+03	0.0000E+00	0.0000E+00	1.2303E+00
2.1460E+03	0.0000E+00	0.0000E+00	1.2254E+00
2.1470E+03	0.0000E+00	0.0000E+00	1.2129E+00
2.1480E+03	0.0000E+00	0.0000E+00	1.2103E+00
2.1490E+03	0.0000E+00	0.0000E+00	1.2035E+00
2.1500E+03	0.0000E+00	0.0000E+00	1.1945E+00
2.1510E+03	0.0000E+00	0.0000E+00	1.1856E+00
2.1520E+03	0.0000E+00	0.0000E+00	1.1803E+00
2.1530E+03	0.0000E+00	0.0000E+00	1.1781E+00
2.1540E+03	0.0000E+00	0.0000E+00	1.1788E+00
2.1550E+03	0.0000E+00	0.0000E+00	1.1896E+00
2.1560E+03	0.0000E+00	0.0000E+00	1.2094E+00
2.1570E+03	0.0000E+00	0.0000E+00	1.2299E+00
2.1580E+03	0.0000E+00	0.0000E+00	1.2439E+00
2.1590E+03	0.0000E+00	0.0000E+00	1.2587E+00
2.1600E+03	0.0000E+00	0.0000E+00	1.2690E+00
2.1610E+03	0.0000E+00	0.0000E+00	1.2695E+00
2.1620E+03	0.0000E+00	0.0000E+00	1.2659E+00
2.1630E+03	0.0000E+00	0.0000E+00	1.2594E+00
2.1640E+03	0.0000E+00	0.0000E+00	1.2548E+00
2.1650E+03	0.0000E+00	0.0000E+00	1.2425E+00
2.1660E+03	0.0000E+00	0.0000E+00	1.2360E+00
2.1670E+03	0.0000E+00	0.0000E+00	1.2223E+00
2.1680E+03	0.0000E+00	0.0000E+00	1.2148E+00
2.1690E+03	0.0000E+00	0.0000E+00	1.2086E+00
2.1700E+03	0.0000E+00	0.0000E+00	1.1975E+00
2.1710E+03	0.0000E+00	0.0000E+00	1.1911E+00
2.1720E+03	0.0000E+00	0.0000E+00	1.1813E+00
2.1730E+03	0.0000E+00	0.0000E+00	1.1729E+00
2.1740E+03	0.0000E+00	0.0000E+00	1.1631E+00
2.1750E+03	0.0000E+00	0.0000E+00	1.1536E+00
2.1760E+03	0.0000E+00	0.0000E+00	1.1459E+00
2.1770E+03	0.0000E+00	0.0000E+00	1.1362E+00
2.1780E+03	0.0000E+00	0.0000E+00	1.1337E+00
2.1790E+03	0.0000E+00	0.0000E+00	1.1362E+00
2.1800E+03	0.0000E+00	0.0000E+00	1.1422E+00
2.1810E+03	0.0000E+00	0.0000E+00	1.1514E+00
2.1820E+03	0.0000E+00	0.0000E+00	1.1595E+00
2.1830E+03	0.0000E+00	0.0000E+00	1.1722E+00
2.1840E+03	0.0000E+00	0.0000E+00	1.1790E+00
2.1850E+03	0.0000E+00	0.0000E+00	1.1820E+00
2.1860E+03	0.0000E+00	0.0000E+00	1.1845E+00
2.1870E+03	0.0000E+00	0.0000E+00	1.1807E+00
2.1880E+03	0.0000E+00	0.0000E+00	1.1798E+00
2.1890E+03	0.0000E+00	0.0000E+00	1.1716E+00
2.1900E+03	0.0000E+00	0.0000E+00	1.1660E+00
2.1910E+03	0.0000E+00	0.0000E+00	1.1582E+00
2.1920E+03	0.0000E+00	0.0000E+00	1.1552E+00
2.1930E+03	0.0000E+00	0.0000E+00	1.1465E+00
2.1940E+03	0.0000E+00	0.0000E+00	1.1394E+00
2.1950E+03	0.0000E+00	0.0000E+00	1.1372E+00
2.1960E+03	0.0000E+00	0.0000E+00	1.1331E+00
2.1970E+03	0.0000E+00	0.0000E+00	1.1261E+00
2.1980E+03	0.0000E+00	0.0000E+00	1.1189E+00
2.1990E+03	0.0000E+00	0.0000E+00	1.1139E+00
2.2000E+03	0.0000E+00	0.0000E+00	1.1061E+00
2.2010E+03	0.0000E+00	0.0000E+00	1.1001E+00
2.2020E+03	0.0000E+00	0.0000E+00	1.0985E+00
2.2030E+03	0.0000E+00	0.0000E+00	1.1009E+00
2.2040E+03	0.0000E+00	0.0000E+00	1.1062E+00
2.2050E+03	0.0000E+00	0.0000E+00	1.1184E+00
2.2060E+03	0.0000E+00	0.0000E+00	1.1313E+00
2.2070E+03	0.0000E+00	0.0000E+00	1.1487E+00
2.2080E+03	0.0000E+00	0.0000E+00	1.1586E+00
2.2090E+03	0.0000E+00	0.0000E+00	1.1639E+00
2.2100E+03	0.0000E+00	0.0000E+00	1.1696E+00
2.2110E+03	0.0000E+00	0.0000E+00	1.1699E+00
2.2120E+03	0.0000E+00	0.0000E+00	1.1614E+00
2.2130E+03	0.0000E+00	0.0000E+00	1.1554E+00
2.2140E+03	0.0000E+00	0.0000E+00	1.1510E+00
2.2150E+03	0.0000E+00	0.0000E+00	1.1430E+00
2.2160E+03	0.0000E+00	0.0000E+00	1.1382E+00
2.2170E+03	0.0000E+00	0.0000E+00	1.1333E+00
2.2180E+03	0.0000E+00	0.0000E+00	1.1281E+00
2.2190E+03	0.0000E+00	0.0000E+00	1.1200E+00
2.2200E+03	0.0000E+00	0.0000E+00	1.1168E+00
2.2210E+03	0.0000E+00	0.0000E+00	1.1080E+00
2.2220E+03	0.0000E+00	0.0000E+00	1.1031E+00
2.2230E+03	0.0000E+00	0.0000E+00	1.0985E+00
2.2240E+03	0.0000E+00	0.0000E+00	1.1011E+00
2.2250E+03	0.0000E+00	0.0000E+00	1.0954E+00
2.2260E+03	0.0000E+00	0.0000E+00	1.0897E+00
2.2270E+03	0.0000E+00	0.0000E+00	1.0977E+00
2.2280E+03	0.0000E+00	0.0000E+00	1.1017E+00
2.2290E+03	0.0000E+00	0.0000E+00	1.1108E+00
2.2300E+03	0.0000E+00	0.0000E+00	1.1210E+00
2.2310E+03	0.0000E+00	0.0000E+00	1.1307E+00
2.2320E+03	0.0000E+00	0.0000E+00	1.1412E+00
2.2330E+03	0.0000E+00	0.0000E+00	1.1413E+00
2.2340E+03	0.0000E+00	0.0000E+00	1.1424E+00
2.2350E+03	0.0000E+00	0.0000E+00	1.1374E+00
2.2360E+03	0.0000E+00	0.0000E+00	1.1384E+00
2.2370E+03	0.0000E+00	0.0000E+00	1.1321E+00
2.2380E+03	0.0000E+00	0.0000E+00	1.1288E+00
2.2390E+03	0.0000E+00	0.0000E+00	1.1201E+00
2.2400E+03	0.0000E+00	0.0000E+00	1.1170E+00
2.2410E+03	0.0000E+00	0.0000E+00	1.1092E+00
2.2420E+03	0.0000E+00	0.0000E+00	1.1042E+00
2.2430E+03	0.0000E+00	0.0000E+00	1.1002E+00
2.2440E+03	0.0000E+00	0.0000E+00	1.0971E+00
2.2450E+03	0.0000E+00	0.0000E+00	1.0901E+00
2.2460E+03	0.0000E+00	0.0000E+00	1.0841E+00
2.2470E+03	0.0000E+00	0.0000E+00	1.0798E+00
2.2480E+03	0.0000E+00	0.0000E+00	1.0699E+00
2.2490E+03	0.0000E+00	0.0000E+00	1.0665E+00
2.2500E+03	0.0000E+00	0.0000E+00	1.0610E+00
2.2510E+03	0.0000E+00	0.0000E+00	1.0622E+00
2.2520E+03	0.0000E+00	0.0000E+00	1.0686E+00
2.2530E+03	0.0000E+00	0.0000E+00	1.0752E+00
2.2540E+03	0.0000E+00	0.0000E+00	1.0880E+00
2.2550E+03	0.0000E+00	0.0000E+00	1.1009E+00
2.2560E+03	0.0000E+00	0.0000E+00	1.1139E+00
2.2570E+03	0.0000E+00	0.0000E+00	1.1195E+00
2.2580E+03	0.0000E+00	0.0000E+00	1.1244E+00
2.2590E+03	0.0000E+00	0.0000E+00	1.1221E+00
2.2600E+03	0.0000E+00	0.0000E+00	1.1171E+00
2.2610E+03	0.0000E+00	0.0000E+00	1.1113E+00
2.2620E+03	0.0000E+00	0.0000E+00	1.1081E+00
2.2630E+03	0.0000E+00	0.0000E+00	1.1003E+00
2.2640E+03	0.0000E+00	0.0000E+00	1.0987E+00
2.2650E+03	0.0000E+00	0.0000E+00	1.0931E+00
2.2660E+03	0.0000E+00	0.0000E+00	1.0879E+00
2.2670E+03	0.0000E+00	0.0000E+00	1.0821E+00
2.2680E+03	0.0000E+00	0.0000E+00	1.0768E+00
2.2690E+03	0.0000E+00	0.0000E+00	1.0738E+00
2.2700E+03	0.0000E+00	0.0000E+00	1.0677E+00
2.2710E+03	0.0000E+00	0.0000E+00	1.0611E+00
2.2720E+03	0.0000E+00	0.0000E+00	1.0595E+00
2.2730E+03	0.0000E+00	0.0000E+00	1.0503E+00
2.2740E+03	0.0000E+00	0.0000E+00	1.0564E+00
2.2750E+03	0.0000E+00	0.0000E+00	1.0645E+00
2.2760E+03	0.0000E+00	0.0000E+00	1.0737E+00
2.2770E+03	0.0000E+00	0.0000E+00	1.0789E+00
2.2780E+03	0.0000E+00	0.0000E+00	1.0886E+00
2.2790E+03	0.0000E+00	0.0000E+00	1.0939E+00
2.2800E+03	0.0000E+00	0.0000E+00	1.1014E+00
2.2810E+03	0.0000E+00	0.0000E+00	1.1032E+00
2.2820E+03	0.0000E+00	0.0000E+00	1.1030E+00
2.2830E+03	0.0000E+00	0.0000E+00	1.1040E+00
2.2840E+03	0.0000E+00	0.0000E+00	1.1018E+00
2.2850E+03	0.0000E+00	0.0000E+00	1.0943E+00
2.2860E+03	0.0000E+00	0.0000E+00	1.0909E+00
2.2870E+03	0.0000E+00	0.0000E+00	1.0841E+00
2.2880E+03	0.0000E+00	0.0000E+00	1.0793E+00
2.2890E+03	0.0000E+00	0.0000E+00	1.0787E+00
2.2900E+03	0.0000E+00	0.0000E+00	1.0747E+00
2.2910E+03	0.0000E+00	0.0000E+00	1.0697E+00
2.2920E+03	0.0000E+00	0.0000E+00	1.0636E+00
2.2930E+03	0.0000E+00	0.0000E+00	1.0557E+00
2.2940E+03	0.0000E+00	0.0000E+00	1.0509E+00
2.2950E+03	0.0000E+00	0.0000E+00	1.0489E+00
2.2960E+03	0.0000E+00	0.0000E+00	1.0418E+00
2.2970E+03	0.0000E+00	0.0000E+00	1.0369E+00
2.2980E+03	0.0000E+00	0.0000E+00	1.0378E+00
2.2990E+03	0.0000E+00	0.0000E+00	1.0355E+00
2.3000E+03	0.0000E+00	0.0000E+00	1.0413E+00
2.3010E+03	0.0000E+00	0.0000E+00	1.0481E+00
2.3020E+03	0.0000E+00	0.0000E+00	1.0578E+00
2.3030E+03	0.0000E+00	0.0000E+00	1.0736E+00
2.3040E+03	0.0000E+00	0.0000E+00	1.0828E+00
2.3050E+03	0.0000E+00	0.0000E+00	1.0913E+00
2.3060E+03	0.0000E+00	0.0000E+00	1.0934E+00
2.3070E+03	0.0000E+00	0.0000E+00	1.0962E+00
2.3080E+03	0.0000E+00	0.0000E+00	1.0939E+00
2.3090E+03	0.0000E+00	0.0000E+00	1.0897E+00
2.3100E+03	0.0000E+00	0.0000E+00	1.0857E+00
2.3110E+03	0.0000E+00	0.0000E+00	1.0787E+00
2.3120E+03	0.0000E+00	0.0000E+00	1.0760E+00
2.3130E+03	0.0000E+00	0.0000E+00	1.0710E+00
2.3140E+03	0.0000E+00	0.0000E+00	1.0670E+00
2.3150E+03	0.0000E+00	0.0000E+00	1.0620E+00
2.3160E+03	0.0000E+00	0.0000E+00	1.0576E+00
2.3170E+03	0.0000E+00	0.0000E+00	1.0523E+00
2.3180E+03	0.0000E+00	0.0000E+00	1.0472E+00
2.3190E+03	0.0000E+00	0.0000E+00	1.0424E+00
2.3200E+03	0.0000E+00	0.0000E+00	1.0372E+00
2.3210E+03	0.0000E+00	0.0000E+00	1.0330E+00
2.3220E+03	0.0000E+00	0.0000E+00	1.0301E+00
2.3230E+03	0.0000E+00	0.0000E+00	1.0344E+00
2.3240E+03	0.0000E+00	0.0000E+00	1.0373E+00
2.3250E+03	0.0000E+00	0.0000E+00	1.0476E+00
2.3260E+03	0.0000E+00	0.0000E+00	1.0550E+00
2.3270E+03	0.0000E+00	0.0000E+00	1.0652E+00
2.3280E+03	0.0000E+00	0.0000E+00	1.0844E+00
2.3290E+03	0.0000E+00	0.0000E+00	1.0961E+00
2.3300E+03	0.0000E+00	0.0000E+00	1.1252E+00
2.3310E+03	0.0000E+00	0.0000E+00	1.1386E+00
2.3320E+03	0.0000E+00	0.0000E+00	1.1417E+00
2.3330E+03	0.0000E+00	0.0000E+00	1.1307E+00
2.3340E+03	0.0000E+00	0.0000E+00	1.1187E+00
2.3350E+03	0.0000E+00	0.0000E+00	1.1089E+00
2.3360E+03	0.0000E+00	0.0000E+00	1.0980E+00
2.3370E+03	0.0000E+00	0.0000E+00	1.0898E+00
2.3380E+03	0.0000E+00	0.0000E+00	1.0824E+00
2.3390E+03	0.0000E+00	0.0000E+00	1.0726E+00
2.3400E+03	0.0000E+00	0.0000E+00	1.0660E+00
2.3410E+03	0.0000E+00	0.0000E+00	1.0634E+00
2.3420E+03	0.0000E+00	0.0000E+00	1.0545E+00
2.3430E+03	0.0000E+00	0.0000E+00	1.0490E+00
2.3440E+03	0.0000E+00	0.0000E+00	1.0406E+00
2.3450E+03	0.0000E+00	0.0000E+00	1.0347E+00
2.3460E+03	0.0000E+00	0.0000E+00	1.0260E+00
2.3470E+03	0.0000E+00	0.0000E+00	1.0561E+00
2.3480E+03	0.0000E+00	0.0000E+00	1.0585E+00
2.3490E+03	0.0000E+00	0.0000E+00	1.0612E+00
2.3500E+03	0.0000E+00	0.0000E+00	1.0664E+00
2.3510E+03	0.0000E+00	0.0000E+00	1.0707E+00
2.3520E+03	0.0000E+00	0.0000E+00	1.0767E+00
2.3530E+03	0.0000E+00	0.0000E+00	1.0833E+00
2.3540E+03	0.0000E+00	0.0000E+00	1.0882E+00
2.3550E+03	0.0000E+00	0.0000E+00	1.0903E+00
2.3560E+03	0.0000E+00	0.0000E+00	1.0882E+00
2.3570E+03	0.0000E+00	0.0000E+00	1.0870E+00
2.3580E+03	0.0000E+00	0.0000E+00	1.0829E+00
2.3590E+03	0.0000E+00	0.0000E+00	1.0785E+00
2.3600E+03	0.0000E+00	0.0000E+00	1.0762E+00
2.3610E+03	0.0000E+00	0.0000E+00	1.0700E+00
2.3620E+03	0.0000E+00	0.0000E+00	1.0689E+00
2.3630E+03	0.0000E+00	0.0000E+00	1.0581E+00
2.3640E+03	0.0000E+00	0.0000E+00	1.0575E+00
2.3650E+03	0.0000E+00	0.0000E+00	1.0617E+00
2.3660E+03	0.0000E+00	0.0000E+00	1.0570E+00
2.3670E+03	0.0000E+00	0.0000E+00	1.0555E+00
2.3680E+03	0.0000E+00	0.0000E+00	1.0436E+00
2.3690E+03	0.0000E+00	0.0000E+00	1.0503E+00
2.3700E+03	0.0000E+00	0.0000E+00	1.0582E+00
2.3710E+03	0.0000E+00	0.0000E+00	1.0592E+00
2.3720E+03	0.0000E+00	0.0000E+00	1.0586E+00
2.3730E+03	0.0000E+00	0.0000E+00	1.0687E+00
2.3740E+03	0.0000E+00	0.0000E+00	1.0761E+00
2.3750E+03	0.0000E+00	0.0000E+00	1.0870E+00
2.3760E+03	0.0000E+00	0.0000E+00	1.0957E+00
2.3770E+03	0.0000E+00	0.0000E+00	1.0994E+00
2.3780E+03	0.0000E+00	0.0000E+00	1.1004E+00
2.3790E+03	0.0000E+00	0.0000E+00	1.1012E+00
2.3800E+03	0.0000E+00	0.0000E+00	1.0979E+00
2.3810E+03	0.0000E+00	0.0000E+00	1.0952E+00
2.3820E+03	0.0000E+00	0.0000E+00	1.0900E+00
2.3830E+03	0.0000E+00	0.0000E+00	1.0820E+00
2.3840E+03	0.0000E+00	0.0000E+00	1.0802E+00
2.3850E+03	0.0000E+00	0.0000E+00	1.0782E+00
2.3860E+03	0.0000E+00	0.0000E+00	1.0738E+00
2.3870E+03	0.0000E+00	0.0000E+00	1.0663E+00
2.3880E+03	0.0000E+00	0.0000E+00	1.0699E+00
2.3890E+03	0.0000E+00	0.0000E+00	1.0646E+00
2.3900E+03	0.0000E+00	0.0000E+00	1.0636E+00
2.3910E+03	0.0000E+00	0.0000E+00	1.0595E+00
2.3920E+03	0.0000E+00	0.0000E+00	1.0556E+00
2.3930E+03	0.0000E+00	0.0000E+00	1.0492E+00
2.3940E+03	0.0000E+00	0.0000E+00	1.0464E+00
2.3950E+03	0.0000E+00	0.0000E+00	1.0561E+00
2.3960E+03	0.0000E+00	0.0000E+00	1.0554E+00
2.3970E+03	0.0000E+00	0.0000E+00	1.0615E+00
2.3980E+03	0.0000E+00	0.0000E+00	1.0687E+00
2.3990E+03	0.0000E+00	0.0000E+00	1.0766E+00
2.4000E+03	0.0000E+00	0.0000E+00	1.0845E+00
2.4010E+03	0.0000E+00	0.0000E+00	1.0913E+00
2.4020E+03	0.0000E+00	0.0000E+00	1.0960E+00
2.4030E+03	0.0000E+00	0.0000E+00	1.0952E+00
2.4040E+03	0.0000E+00	0.0000E+00	1.0940E+00
2.4050E+03	0.0000E+00	0.0000E+00	1.0902E+00
2.4060E+03	0.0000E+00	0.0000E+00	1.0851E+00
2.4070E+03	0.0000E+00	0.0000E+00	1.0830E+00
2.4080E+03	0.0000E+00	0.0000E+00	1.0786E+00
2.4090E+03	0.0000E+00	0.0000E+00	1.0752E+00
2.4100E+03	0.0000E+00	0.0000E+00	1.0723E+00
2.4110E+03	0.0000E+00	0.0000E+00	1.0712E+00
2.4120E+03	0.0000E+00	0.0000E+00	1.0672E+00
2.4130E+03	0.0000E+00	0.0000E+00	1.0619E+00
2.4140E+03	0.0000E+00	0.0000E+00	1.0577E+00
2.4150E+03	0.0000E+00	0.0000E+00	1.0553E+00
2.4160E+03	0.0000E+00	0.0000E+00	1.0493E+00
2.4170E+03	0.0000E+00	0.0000E+00	1.0443E+00
2.4180E+03	0.0000E+00	0.0000E+00	1.0414E+00
2.4190E+03	0.0000E+00	0.0000E+00	1.0413E+00
2.4200E+03	0.0000E+00	0.0000E+00	1.0435E+00
2.4210E+03	0.0000E+00	0.0000E+00	1.0509E+00
2.4220E+03	0.0000E+00	0.0000E+00	1.0552E+00
2.4230E+03	0.0000E+00	0.0000E+00	1.0686E+00
2.4240E+03	0.0000E+00	0.0000E+00	1.0778E+00
2.4250E+03	0.0000E+00	0.0000E+00	1.0873E+00
2.4260E+03	0.0000E+00	0.0000E+00	1.0911E+00
2.4270E+03	0.0000E+00	0.0000E+00	1.0892E+00
2.4280E+03	0.0000E+00	0.0000E+00	1.0868E+00
2.4290E+03	0.0000E+00	0.0000E+00	1.0818E+00
2.4300E+03	0.0000E+00	0.0000E+00	1.0777E+00
2.4310E+03	0.0000E+00	0.0000E+00	1.0736E+00
2.4320E+03	0.0000E+00	0.0000E+00	1.0676E+00
2.4330E+03	0.0000E+00	0.0000E+00	1.0628E+00
2.4340E+03	0.0000E+00	0.0000E+00	1.0549E+00
2.4350E+03	0.0000E+00	0.0000E+00	1.0543E+00
2.4360E+03	0.0000E+00	0.0000E+00	1.0477E+00
2.4370E+03	0.0000E+00	0.0000E+00	1.0438E+00
2.4380E+03	0.0000E+00	0.0000E+00	1.0347E+00
2.4390E+03	0.0000E+00	0.0000E+00	1.0311E+00
2.4400E+03	0.0000E+00	0.0000E+00	1.0238E+00
2.4410E+03	0.0000E+00	0.0000E+00	1.0202E+00
2.4420E+03	0.0000E+00	0.0000E+00	1.0164E+00
2.4430E+03	0.0000E+00	0.0000E+00	1.0167E+00
2.4440E+03	0.0000E+00	0.0000E+00	1.0184E+00
2.4450E+03	0.0000E+00	0.0000E+00	1.0219E+00
2.4460E+03	0.0000E+00	0.0000E+00	1.0353E+00
2.4470E+03	0.0000E+00	0.0000E+00	1.0483E+00
2.4480E+03	0.0000E+00	0.0000E+00	1.0624E+00
2.4490E+03	0.0000E+00	0.0000E+00	1.0687E+00
2.4500E+03	0.0000E+00	0.0000E+00	1.0724E+00
2.4510E+03	0.0000E+00	0.0000E+00	1.0767E+00
2.4520E+03	0.0000E+00	0.0000E+00	1.0734E+00
2.4530E+03	0.0000E+00	0.0000E+00	1.0685E+00
2.4540E+03	0.0000E+00	0.0000E+00	1.0627E+00
2.4550E+03	0.0000E+00	0.0000E+00	1.0568E+00
2.4560E+03	0.0000E+00	0.0000E+00	1.0529E+00
2.4570E+03	0.0000E+00	0.0000E+00	1.0474E+00
2.4580E+03	0.0000E+00	0.0000E+00	1.0422E+00
2.4590E+03	0.0000E+00	0.0000E+00	1.0361E+00
2.4600E+03	0.0000E+00	0.0000E+00	1.0324E+00
2.4610E+03	0.0000E+00	0.0000E+00	1.0314E+00
2.4620E+03	0.0000E+00	0.0000E+00	1.0259E+00
2.4630E+03	0.0000E+00	0.0000E+00	1.0177E+00
2.4640E+03	0.0000E+00	0.0000E+00	1.0140E+00
2.4650E+03	0.0000E+00	0.0000E+00	1.0074E+00
2.4660E+03	0.0000E+00	0.0000E+00	1.0050E+00
2.4670E+03	0.0000E+00	0.0000E+00	1.0071E+00
2.4680E+03	0.0000E+00	0.0000E+00	1.0173E+00
2.4690E+03	0.0000E+00	0.0000E+00	1.0325E+00
2.4700E+03	0.0000E+00	0.0000E+00	1.0451E+00
2.4710E+03	0.0000E+00	0.0000E+00	1.0745E+00
2.4720E+03	0.0000E+00	0.0000E+00	1.1077E+00
2.4730E+03	0.0000E+00	0.0000E+00	1.1323E+00
2.4740E+03	0.0000E+00	0.0000E+00	1.1386E+00
2.4750E+03	0.0000E+00	0.0000E+00	1.1379E+00
2.4760E+03	0.0000E+00	0.0000E+00	1.1337E+00
2.4770E+03	0.0000E+00	0.0000E+00	1.1237E+00
2.4780E+03	0.0000E+00	0.0000E+00	1.1089E+00
2.4790E+03	0.0000E+00	0.0000E+00	1.1008E+00
2.4800E+03	0.0000E+00	0.0000E+00	1.0928E+00
2.4810E+03	0.0000E+00	0.0000E+00	1.0836E+00
2.4820E+03	0.0000E+00	0.0000E+00	1.0758E+00
2.4830E+03	0.0000E+00	0.0000E+00	1.0686E+00
2.4840E+03	0.0000E+00	0.0000E+00	1.0559E+00
2.4850E+03	0.0000E+00	0.0000E+00	1.0545E+00
2.4860E+03	0.0000E+00	0.0000E+00	1.0480E+00
2.4870E+03	0.0000E+00	0.0000E+00	1.0401E+00
2.4880E+03	0.0000E+00	0.0000E+00	1.0395E+00
2.4890E+03	0.0000E+00	0.0000E+00	1.0321E+00
2.4900E+03	0.0000E+00	0.0000E+00	1.0255E+00
2.4910E+03	0.0000E+00	0.0000E+00	1.0258E+00
2.4920E+03	0.0000E+00	0.0000E+00	1.0280E+00
2.4930E+03	0.0000E+00	0.0000E+00	1.0275E+00
2.4940E+03	0.0000E+00	0.0000E+00	1.0370E+00
2.4950E+03	0.0000E+00	0.0000E+00	1.0421E+00
2.4960E+03	0.0000E+00	0.0000E+00	1.0478E+00
2.4970E+03	0.0000E+00	0.0000E+00	1.0520E+00
2.4980E+03	0.0000E+00	0.0000E+00	1.0516E+00
2.4990E+03	0.0000E+00	0.0000E+00	1.0528E+00
2.5000E+03	0.0000E+00	0.0000E+00	1.0471E+00
2.5010E+03	0.0000E+00	0.0000E+00	1.0430E+00
2.5020E+03	0.0000E+00	0.0000E+00	1.0377E+00
2.5030E+03	0.0000E+00	0.0000E+00	1.0348E+00
2.5040E+03	0.0000E+00	0.0000E+00	1.0364E+00
2.5050E+03	0.0000E+00	0.0000E+00	1.0282E+00
2.5060E+03	0.0000E+00	0.0000E+00	1.0270E+00
2.5070E+03	0.0000E+00	0.0000E+00	1.0258E+00
2.5080E+03	0.0000E+00	0.0000E+00	1.0236E+00
2.5090E+03	0.0000E+00	0.0000E+00	1.0186E+00
2.5100E+03	0.0000E+00	0.0000E+00	1.0163E+00
2.5110E+03	0.0000E+00	0.0000E+00	1.0160E+00
2.5120E+03	0.0000E+00	0.0000E+00	1.0111E+00
2.5130E+03	0.0000E+00	0.0000E+00	1.0119E+00
2.5140E+03	0.0000E+00	0.0000E+00	1.0063E+00
2.5150E+03	0.0000E+00	0.0000E+00	1.0177E+00
2.5160E+03	0.0000E+00	0.0000E+00	1.0403E+00
2.5170E+03	0.0000E+00	0.0000E+00	1.0363E+00
2.5180E+03	0.0000E+00	0.0000E+00	1.0321E+00
2.5190E+03	0.0000E+00	0.0000E+00	1.0315E+00
2.5200E+03	0.0000E+00	0.0000E+00	1.0389E+00
2.5210E+03	0.0000E+00	0.0000E+00	1.0476E+00
2.5220E+03	0.0000E+00	0.0000E+00	1.0475E+00
2.5230E+03	0.0000E+00	0.0000E+00	1.0466E+00
2.5240E+03	0.0000E+00	0.0000E+00	1.0459E+00
2.5250E+03	0.0000E+00	0.0000E+00	1.0401E+00
2.5260E+03	0.0000E+00	0.0000E+00	1.0366E+00
2.5270E+03	0.0000E+00	0.0000E+00	1.0339E+00
2.5280E+03	0.0000E+00	0.0000E+00	1.0336E+00
2.5290E+03	0.0000E+00	0.0000E+00	1.0316E+00
2.5300E+03	0.0000E+00	0.0000E+00	1.0232E+00
2.5310E+03	0.0000E+00	0.0000E+00	1.0229E+00
2.5320E+03	0.0000E+00	0.0000E+00	1.0217E+00
2.5330E+03	0.0000E+00	0.0000E+00	1.0163E+00
2.5340E+03	0.0000E+00	0.0000E+00	1.0090E+00
2.5350E+03	0.0000E+00	0.0000E+00	1.0077E+00
2.5360E+03	0.0000E+00	0.0000E+00	1.0010E+00
2.5370E+03	0.0000E+00	0.0000E+00	9.9856E-01
2.5380E+03	0.0000E+00	0.0000E+00	9.9515E-01
2.5390E+03	0.0000E+00	0.0000E+00	9.8855E-01
2.5400E+03	0.0000E+00	0.0000E+00	9.8807E-01
2.5410E+03	0.0000E+00	0.0000E+00	9.9108E-01
2.5420E+03	0.0000E+00	0.0000E+00	9.9725E-01
2.5430E+03	0.0000E+00	0.0000E+00	1.0016E+00
2.5440E+03	0.0000E+00	0.0000E+00	1.0123E+00
2.5450E+03	0.0000E+00	0.0000E+00	1.0268E+00
2.5460E+03	0.0000E+00	0.0000E+00	1.0287E+00
2.5470E+03	0.0000E+00	0.0000E+00	1.0347E+00
2.5480E+03	0.0000E+00	0.0000E+00	1.0319E+00
2.5490E+03	0.0000E+00	0.0000E+00	1.0303E+00
2.5500E+03	0.0000E+00	0.0000E+00	1.0270E+00
2.5510E+03	0.0000E+00	0.0000E+00	1.0212E+00
2.5520E+03	0.0000E+00	0.0000E+00	1.0158E+00
2.5530E+03	0.0000E+00	0.0000E+00	1.0161E+00
2.5540E+03	0.0000E+00	0.0000E+00	1.0116E+00
2.5550E+03	0.0000E+00	0.0000E+00	1.0114E+00
2.5560E+03	0.0000E+00	0.0000E+00	1.0051E+00
2.5570E+03	0.0000E+00	0.0000E+00	1.0017E+00
2.5580E+03	0.0000E+00	0.0000E+00	9.9779E-01
2.5590E+03	0.0000E+00	0.0000E+00	9.8987E-01
2.5600E+03	0.0000E+00	0.0000E+00	9.8789E-01
2.5610E+03	0.0000E+00	0.0000E+00	9.8455E-01
2.5620E+03	0.0000E+00	0.0000E+00	9.8092E-01
2.5630E+03	0.0000E+00	0.0000E+00	9.7683E-01
2.5640E+03	0.0000E+00	0.0000E+00	9.7977E-01
2.5650E+03	0.0000E+00	0.0000E+00	9.7954E-01
2.5660E+03	0.0000E+00	0.0000E+00	9.8906E-01
2.5670E+03	0.0000E+00	0.0000E+00	9.9640E-01
2.5680E+03	0.0000E+00	0.0000E+00	1.0001E+00
2.5690E+03	0.0000E+00	0.0000E+00	1.0033E+00
2.5700E+03	0.0000E+00	0.0000E+00	1.0042E+00
2.5710E+03	0.0000E+00	0.0000E+00	1.0083E+00
2.5720E+03	0.0000E+00	0.0000E+00	1.0063E+00
2.5730E+03	0.0000E+00	0.0000E+00	1.0025E+00
2.5740E+03	0.0000E+00	0.0000E+00	1.0032E+00
2.5750E+03	0.0000E+00	0.0000E+00	9.9645E-01
2.5760E+03	0.0000E+00	0.0000E+00	9.9173E-01
2.5770E+03	0.0000E+00	0.0000E+00	9.9275E-01
2.5780E+03	0.0000E+00	0.0000E+00	9.8963E-01
2.5790E+03	0.0000E+00	0.0000E+00	9.8625E-01
2.5800E+03	0.0000E+00	0.0000E+00	9.8585E-01
2.5810E+03	0.0000E+00	0.0000E+00	9.8338E-01
2.5820E+03	0.0000E+00	0.0000E+00	9.7953E-01
2.5830E+03	0.0000E+00	0.0000E+00	9.7882E-01
2.5840E+03	0.0000E+00	0.0000E+00	9.7252E-01
2.5850E+03	0.0000E+00	0.0000E+00	9.6962E-01
2.5860E+03	0.0000E+00	0.0000E+00	9.7303E-01
2.5870E+03	0.0000E+00	0.0000E+00	9.9422E-01
2.5880E+03	0.0000E+00	0.0000E+00	1.0078E+00
2.5890E+03	0.0000E+00	0.0000E+00	1.0158E+00
2.5900E+03	0.0000E+00	0.0000E+00	1.0228E+00
2.5910E+03	0.0000E+00	0.0000E+00	1.0520E+00
2.5920E+03	0.0000E+00	0.0000E+00	1.0726E+00
2.5930E+03	0.0000E+00	0.0000E+00	1.0792E+00
2.5940E+03	0.0000E+00	0.0000E+00	1.0822E+00
2.5950E+03	0.0000E+00	0.0000E+00	1.0827E+00
2.5960E+03	0.0000E+00	0.0000E+00	1.0721E+00
2.5970E+03	0.0000E+00	0.0000E+00	1.0715E+00
2.5980E+03	0.0000E+00	0.0000E+00	1.0587E+00
2.5990E+03	0.0000E+00	0.0000E+00	1.0531E+00
2.6000E+03	0.0000E+00	0.0000E+00	1.0479E+00
2.6010E+03	0.0000E+00	0.0000E+00	1.0423E+00
2.6020E+03	0.0000E+00	0.0000E+00	1.0405E+00
2.6030E+03	0.0000E+00	0.0000E+00	1.0306E+00
2.6040E+03	0.0000E+00	0.0000E+00	1.0273E+00
2.6050E+03	0.0000E+00	0.0000E+00	1.0214E+00
2.6060E+03	0.0000E+00	0.0000E+00	1.0113E+00
2.6070E+03	0.0000E+00	0.0000E+00	1.0055E+00
2.6080E+03	0.0000E+00	0.0000E+00	1.0023E+00
2.6090E+03	0.0000E+00	0.0000E+00	9.9592E-01
2.6100E+03	0.0000E+00	0.0000E+00	9.9184E-01
2.6110E+03	0.0000E+00	0.0000E+00	9.8765E-01
2.6120E+03	0.0000E+00	0.0000E+00	9.8741E-01
2.6130E+03	0.0000E+00	0.0000E+00	9.9274E-01
2.6140E+03	0.0000E+00	0.0000E+00	9.9571E-01
2.6150E+03	0.0000E+00	0.0000E+00	1.0117E+00
2.6160E+03	0.0000E+00	0.0000E+00	1.0223E+00
2.6170E+03	0.0000E+00	0.0000E+00	1.0230E+00
2.6180E+03	0.0000E+00	0.0000E+00	1.0287E+00
2.6190E+03	0.0000E+00	0.0000E+00	1.0235E+00
2.6200E+03	0.0000E+00	0.0000E+00	1.0240E+00
2.6210E+03	0.0000E+00	0.0000E+00	1.0227E+00
2.6220E+03	0.0000E+00	0.0000E+00	1.0186E+00
2.6230E+03	0.0000E+00	0.0000E+00	1.0116E+00
2.6240E+03	0.0000E+00	0.0000E+00	1.0059E+00
2.6250E+03	0.0000E+00	0.0000E+00	1.0007E+00
2.6260E+03	0.0000E+00	0.0000E+00	1.0004E+00
2.6270E+03	0.0000E+00	0.0000E+00	9.9179E-01
2.6280E+03	0.0000E+00	0.0000E+00	9.9094E-01
2.6290E+03	0.0000E+00	0.0000E+00	9.8375E-01
2.6300E+03	0.0000E+00	0.0000E+00	9.8272E-01
2.6310E+03	0.0000E+00	0.0000E+00	9.7428E-01
2.6320E+03	0.0000E+00	0.0000E+00	9.7141E-01
2.6330E+03	0.0000E+00	0.0000E+00	9.6678E-01
2.6340E+03	0.0000E+00	0.0000E+00	9.6083E-01
2.6350E+03	0.0000E+00	0.0000E+00	9.6237E-01
2.6360E+03	0.0000E+00	0.0000E+00	9.5684E-01
2.6370E+03	0.0000E+00	0.0000E+00	9.6044E-01
2.6380E+03	0.0000E+00	0.0000E+00	9.6119E-01
2.6390E+03	0.0000E+00	0.0000E+00	9.6509E-01
2.6400E+03	0.0000E+00	0.0000E+00	9.7048E-01
2.6410E+03	0.0000E+00	0.0000E+00	9.7792E-01
2.6420E+03	0.0000E+00	0.0000E+00	9.8141E-01
2.6430E+03	0.0000E+00	0.0000E+00	9.8600E-01
2.6440E+03	0.0000E+00	0.0000E+00	9.8835E-01
2.6450E+03	0.0000E+00	0.0000E+00	9.8539E-01
2.6460E+03	0.0000E+00	0.0000E+00	9.8153E-01
2.6470E+03	0.0000E+00	0.0000E+00	9.7932E-01
2.6480E+03	0.0000E+00	0.0000E+00	9.7477E-01
2.6490E+03	0.0000E+00	0.0000E+00	9.7121E-01
2.6500E+03	0.0000E+00	0.0000E+00	9.7415E-01
2.6510E+03	0.0000E+00	0.0000E+00	9.7073E-01
2.6520E+03	0.0000E+00	0.0000E+00	9.6871E-01
2.6530E+03	0.0000E+00	0.0000E+00	9.6157E-01
2.6540E+03	0.0000E+00	0.0000E+00	9.5872E-01
2.6550E+03	0.0000E+00	0.0000E+00	9.5536E-01
2.6560E+03	0.0000E+00	0.0000E+00	9.5929E-01
2.6570E+03	0.0000E+00	0.0000E+00	9.5211E-01
2.6580E+03	0.0000E+00	0.0000E+00	9.5191E-01
2.6590E+03	0.0000E+00	0.0000E+00	9.4907E-01
2.6600E+03	0.0000E+00	0.0000E+00	9.4851E-01
2.6610E+03	0.0000E+00	0.0000E+00	9.4711E-01
2.6620E+03	0.0000E+00	0.0000E+00	9.5343E-01
2.6630E+03	0.0000E+00	0.0000E+00	9.5706E-01
2.6640E+03	0.0000E+00	0.0000E+00	9.6226E-01
2.6650E+03	0.0000E+00	0.0000E+00	9.6935E-01
2.6660E+03	0.0000E+00	0.0000E+00	9.7500E-01
2.6670E+03	0.0000E+00	0.0000E+00	9.7740E-01
2.6680E+03	0.0000E+00	0.0000E+00	9.7932E-01
2.6690E+03	0.0000E+00	0.0000E+00	9.7576E-01
2.6700E+03	0.0000E+00	0.0000E+00	9.7416E-01
2.6710E+03	0.0000E+00	0.0000E+00	9.7298E-01
2.6720E+03	0.0000E+00	0.0000E+00	9.7237E-01
2.6730E+03	0.0000E+00	0.0000E+00	9.6763E-01
2.6740E+03	0.0000E+00	0.0000E+00	9.6834E-01
2.6750E+03	0.0000E+00	0.0000E+00	9.5580E-01
2.6760E+03	0.0000E+00	0.0000E+00	9.5634E-01
2.6770E+03	0.0000E+00	0.0000E+00	9.5250E-01
2.6780E+03	0.0000E+00	0.0000E+00	9.4766E-01
2.6790E+03	0.0000E+00	0.0000E+00	9.4895E-01
2.6800E+03	0.0000E+00	0.0000E+00	9.4296E-01
2.6810E+03	0.0000E+00	0.0000E+00	9.4461E-01
2.6820E+03	0.0000E+00	0.0000E+00	9.4094E-01
2.6830E+03	0.0000E+00	0.0000E+00	9.4029E-01
2.6840E+03	0.0000E+00	0.0000E+00	9.4368E-01
2.6850E+03	0.0000E+00	0.0000E+00	9.4059E-01
2.6860E+03	0.0000E+00	0.0000E+00	9.3879E-01
2.6870E+03	0.0000E+00	0.0000E+00	9.4126E-01
2.6880E+03	0.0000E+00	0.0000E+00	9.4648E-01
2.6890E+03	0.0000E+00	0.0000E+00	9.5465E-01
2.6900E+03	0.0000E+00	0.0000E+00	9.5853E-01
2.6910E+03	0.0000E+00	0.0000E+00	9.7240E-01
2.6920E+03	0.0000E+00	0.0000E+00	9.7621E-01
2.6930E+03	0.0000E+00	0.0000E+00	9.7265E-01
2.6940E+03	0.0000E+00	0.0000E+00	9.7128E-01
2.6950E+03	0.0000E+00	0.0000E+00	9.6862E-01
2.6960E+03	0.0000E+00	0.0000E+00	9.6366E-01
2.6970E+03	0.0000E+00	0.0000E+00	9.6215E-01
2.6980E+03	0.0000E+00	0.0000E+00	9.6008E-01
2.6990E+03	0.0000E+00	0.0000E+00	9.6547E-01
2.7000E+03	0.0000E+00	0.0000E+00	9.6543E-01
2.7010E+03	0.0000E+00	0.0000E+00	9.6356E-01
2.7020E+03	0.0000E+00	0.0000E+00	9.6006E-01
2.7030E+03	0.0000E+00	0.0000E+00	9.5651E-01
2.7040E+03	0.0000E+00	0.0000E+00	9.5616E-01
2.7050E+03	0.0000E+00	0.0000E+00	9.5668E-01
2.7060E+03	0.0000E+00	0.0000E+00	9.5412E-01
2.7070E+03	0.0000E+00	0.0000E+00	9.5174E-01
2.7080E+03	0.0000E+00	0.0000E+00	9.4883E-01
2.7090E+03	0.0000E+00	0.0000E+00	9.4535E-01
2.7100E+03	0.0000E+00	0.0000E+00	9.5052E-01
2.7110E+03	0.0000E+00	0.0000E+00	9.5660E-01
2.7120E+03	0.0000E+00	0.0000E+00	9.6719E-01
2.7130E+03	0.0000E+00	0.0000E+00	9.7647E-01
2.7140E+03	0.0000E+00	0.0000E+00	9.7989E-01
2.7150E+03	0.0000E+00	0.0000E+00	9.7944E-01
2.7160E+03	0.0000E+00	0.0000E+00	9.8190E-01
2.7170E+03	0.0000E+00	0.0000E+00	9.8250E-01
2.7180E+03	0.0000E+00	0.0000E+00	9.8261E-01
2.7190E+03	0.0000E+00	0.0000E+00	9.8100E-01
2.7200E+03	0.0000E+00	0.0000E+00	9.7918E-01
2.7210E+03	0.0000E+00	0.0000E+00	9.7754E-01
2.7220E+03	0.0000E+00	0.0000E+00	9.7586E-01
2.7230E+03	0.0000E+00	0.0000E+00	9.6923E-01
2.7240E+03	0.0000E+00	0.0000E+00	9.7026E-01
2.7250E+03	0.0000E+00	0.0000E+00	9.7166E-01
2.7260E+03	0.0000E+00	0.0000E+00	9.6392E-01
2.7270E+03	0.0000E+00	0.0000E+00	9.6044E-01
2.7280E+03	0.0000E+00	0.0000E+00	9.5418E-01
2.7290E+03	0.0000E+00	0.0000E+00	9.5408E-01
2.7300E+03	0.0000E+00	0.0000E+00	9.5305E-01
2.7310E+03	0.0000E+00	0.0000E+00	9.4868E-01
2.7320E+03	0.0000E+00	0.0000E+00	9.5136E-01
2.7330E+03	0.0000E+00	0.0000E+00	9.5065E-01
2.7340E+03	0.0000E+00	0.0000E+00	9.5167E-01
2.7350E+03	0.0000E+00	0.0000E+00	9.5512E-01
2.7360E+03	0.0000E+00	0.0000E+00	9.5646E-01
2.7370E+03	0.0000E+00	0.0000E+00	9.6120E-01
2.7380E+03	0.0000E+00	0.0000E+00	9.6669E-01
2.7390E+03	0.0000E+00	0.0000E+00	9.7102E-01
2.7400E+03	0.0000E+00	0.0000E+00	9.7395E-01
2.7410E+03	0.0000E+00	0.0000E+00	9.7687E-01
2.7420E+03	0.0000E+00	0.0000E+00	9.7462E-01
2.7430E+03	0.0000E+00	0.0000E+00	9.7417E-01
2.7440E+03	0.0000E+00	0.0000E+00	9.7362E-01
2.7450E+03	0.0000E+00	0.0000E+00	9.7280E-01
2.7460E+03	0.0000E+00	0.0000E+00	9.6890E-01
2.7470E+03	0.0000E+00	0.0000E+00	9.6867E-01
2.7480E+03	0.0000E+00	0.0000E+00	9.6619E-01
2.7490E+03	0.0000E+00	0.0000E+00	9.7026E-01
2.7500E+03	0.0000E+00	0.0000E+00	9.6932E-01
2.7510E+03	0.0000E+00	0.0000E+00	9.7197E-01
2.7520E+03	0.0000E+00	0.0000E+00	9.7048E-01
2.7530E+03	0.0000E+00	0.0000E+00	9.7238E-01
2.7540E+03	0.0000E+00	0.0000E+00	9.7558E-01
2.7550E+03	0.0000E+00	0.0000E+00	9.8120E-01
2.7560E+03	0.0000E+00	0.0000E+00	9.8483E-01
2.7570E+03	0.0000E+00	0.0000E+00	9.8515E-01
2.7580E+03	0.0000E+00	0.0000E+00	9.8093E-01
2.7590E+03	0.0000E+00	0.0000E+00	9.8070E-01
2.7600E+03	0.0000E+00	0.0000E+00	9.8318E-01
2.7610E+03	0.0000E+00	0.0000E+00	9.8121E-01
2.7620E+03	0.0000E+00	0.0000E+00	9.8331E-01
2.7630E+03	0.0000E+00	0.0000E+00	9.8201E-01
2.7640E+03	0.0000E+00	0.0000E+00	9.8087E-01
2.7650E+03	0.0000E+00	0.0000E+00	9.7749E-01
2.7660E+03	0.0000E+00	0.0000E+00	9.8239E-01
2.7670E+03	0.0000E+00	0.0000E+00	9.8168E-01
2.7680E+03	0.0000E+00	0.0000E+00	9.7683E-01
2.7690E+03	0.0000E+00	0.0000E+00	9.7358E-01
2.7700E+03	0.0000E+00	0.0000E+00	9.6942E-01
2.7710E+03	0.0000E+00	0.0000E+00	9.6654E-01
2.7720E+03	0.0000E+00	0.0000E+00	9.6456E-01
2.7730E+03	0.0000E+00	0.0000E+00	9.6295E-01
2.7740E+03	0.0000E+00	0.0000E+00	9.6004E-01
2.7750E+03	0.0000E+00	0.0000E+00	9.5684E-01
2.7760E+03	0.0000E+00	0.0000E+00	9.5435E-01
2.7770E+03	0.0000E+00	0.0000E+00	9.5225E-01
2.7780E+03	0.0000E+00	0.0000E+00	9.4569E-01
2.7790E+03	0.0000E+00	0.0000E+00	9.4663E-01
2.7800E+03	0.0000E+00	0.0000E+00	9.3971E-01
2.7810E+03	0.0000E+00	0.0000E+00	9.3976E-01
2.7820E+03	0.0000E+00	0.0000E+00	9.3781E-01
2.7830E+03	0.0000E+00	0.0000E+00	9.3953E-01
2.7840E+03	0.0000E+00	0.0000E+00	9.4485E-01
2.7850E+03	0.0000E+00	0.0000E+00	9.5080E-01
2.7860E+03	0.0000E+00	0.0000E+00	9.5205E-01
2.7870E+03	0.0000E+00	0.0000E+00	9.5557E-01
2.7880E+03	0.0000E+00	0.0000E+00	9.5627E-01
2.7890E+03	0.0000E+00	0.0000E+00	9.5899E-01
2.7900E+03	0.0000E+00	0.0000E+00	9.5378E-01
2.7910E+03	0.0000E+00	0.0000E+00	9.5193E-01
2.7920E+03	0.0000E+00	0.0000E+00	9.4779E-01
2.7930E+03	0.0000E+00	0.0000E+00	9.5077E-01
2.7940E+03	0.0000E+00	0.0000E+00	9.4841E-01
2.7950E+03	0.0000E+00	0.0000E+00	9.4392E-01
2.7960E+03	0.0000E+00	0.0000E+00	9.4359E-01
2.7970E+03	0.0000E+00	0.0000E+00	9.4311E-01
2.7980E+03	0.0000E+00	0.0000E+00	9.4195E-01
2.7990E+03	0.0000E+00	0.0000E+00	9.3909E-01
2.8000E+03	0.0000E+00	0.0000E+00	9.3770E-01
2.8010E+03	0.0000E+00	0.0000E+00	9.3479E-01
2.8020E+03	0.0000E+00	0.0000E+00	9.2941E-01
2.8030E+03	0.0000E+00	0.0000E+00	9.2784E-01
2.8040E+03	0.0000E+00	0.0000E+00	9.2916E-01
2.8050E+03	0.0000E+00	0.0000E+00	9.2159E-01
2.8060E+03	0.0000E+00	0.0000E+00	9.2069E-01
2.8070E+03	0.0000E+00	0.0000E+00	9.2365E-01
2.8080E+03	0.0000E+00	0.0000E+00	9.2792E-01
2.8090E+03	0.0000E+00	0.0000E+00	9.2759E-01
2.8100E+03	0.0000E+00	0.0000E+00	9.3428E-01
2.8110E+03	0.0000E+00	0.0000E+00	9.3440E-01
2.8120E+03	0.0000E+00	0.0000E+00	9.3598E-01
2.8130E+03	0.0000E+00	0.0000E+00	9.3678E-01
2.8140E+03	0.0000E+00	0.0000E+00	9.3660E-01
2.8150E+03	0.0000E+00	0.0000E+00	9.3343E-01
2.8160E+03	0.0000E+00	0.0000E+00	9.3402E-01
2.8170E+03	0.0000E+00	0.0000E+00	9.3416E-01
2.8180E+03	0.0000E+00	0.0000E+00	9.3645E-01
2.8190E+03	0.0000E+00	0.0000E+00	9.3238E-01
2.8200E+03	0.0000E+00	0.0000E+00	9.2972E-01
2.8210E+03	0.0000E+00	0.0000E+00	9.3197E-01
2.8220E+03	0.0000E+00	0.0000E+00	9.2703E-01
2.8230E+03	0.0000E+00	0.0000E+00	9.2385E-01
2.8240E+03	0.0000E+00	0.0000E+00	9.2477E-01
2.8250E+03	0.0000E+00	0.0000E+00	9.2467E-01
2.8260E+03	0.0000E+00	0.0000E+00	9.1990E-01
2.8270E+03	0.0000E+00	0.0000E+00	9.2223E-01
2.8280E+03	0.0000E+00	0.0000E+00	9.2001E-01
2.8290E+03	0.0000E+00	0.0000E+00	9.1435E-01
2.8300E+03	0.0000E+00	0.0000E+00	9.1348E-01
2.8310E+03	0.0000E+00	0.0000E+00	9.1204E-01
2.8320E+03	0.0000E+00	0.0000E+00	9.1466E-01
2.8330E+03	0.0000E+00	0.0000E+00	9.1534E-01
2.8340E+03	0.0000E+00	0.0000E+00	9.1529E-01
2.8350E+03	0.0000E+00	0.0000E+00	9.1895E-01
2.8360E+03	0.0000E+00	0.0000E+00	9.2431E-01
2.8370E+03	0.0000E+00	0.0000E+00	9.2442E-01
2.8380E+03	0.0000E+00	0.0000E+00	9.2276E-01
2.8390E+03	0.0000E+00	0.0000E+00	9.2156E-01
2.8400E+03	0.0000E+00	0.0000E+00	9.2213E-01
2.8410E+03	0.0000E+00	0.0000E+00	9.2048E-01
2.8420E+03	0.0000E+00	0.0000E+00	9.2077E-01
2.8430E+03	0.0000E+00	0.0000E+00	9.2300E-01
2.8440E+03	0.0000E+00	0.0000E+00	9.1971E-01
2.8450E+03	0.0000E+00	0.0000E+00	9.2011E-01
2.8460E+03	0.0000E+00	0.0000E+00	9.1964E-01
2.8470E+03	0.0000E+00	0.0000E+00	9.1709E-01
2.8480E+03	0.0000E+00	0.0000E+00	9.1587E-01
2.8490E+03	0.0000E+00	0.0000E+00	9.1434E-01
2.8500E+03	0.0000E+00	0.0000E+00	9.1118E-01
2.8510E+03	0.0000E+00	0.0000E+00	9.1296E-01
2.8520E+03	0.0000E+00	0.0000E+00	9.0935E-01
2.8530E+03	0.0000E+00	0.0000E+00	9.0578E-01
2.8540E+03	0.0000E+00	0.0000E+00	9.0418E-01
2.8550E+03	0.0000E+00	0.0000E+00	9.0213E-01
2.8560E+03	0.0000E+00	0.0000E+00	9.0143E-01
2.8570E+03	0.0000E+00	0.0000E+00	9.0786E-01
2.8580E+03	0.0000E+00	0.0000E+00	9.1271E-01
2.8590E+03	0.0000E+00	0.0000E+00	9.1509E-01
2.8600E+03	0.0000E+00	0.0000E+00	9.1881E-01
2.8610E+03	0.0000E+00	0.0000E+00	9.1841E-01
2.8620E+03	0.0000E+00	0.0000E+00	9.2021E-01
2.8630E+03	0.0000E+00	0.0000E+00	9.1536E-01
2.8640E+03	0.0000E+00	0.0000E+00	9.1603E-01
2.8650E+03	0.0000E+00	0.0000E+00	9.1630E-01
2.8660E+03	0.0000E+00	0.0000E+00	9.1552E-01
2.8670E+03	0.0000E+00	0.0000E+00	9.1472E-01
2.8680E+03	0.0000E+00	0.0000E+00	9.1268E-01
2.8690E+03	0.0000E+00	0.0000E+00	9.1216E-01
2.8700E+03	0.0000E+00	0.0000E+00	9.1010E-01
2.8710E+03	0.0000E+00	0.0000E+00	9.1030E-01
2.8720E+03	0.0000E+00	0.0000E+00	9.0914E-01
2.8730E+03	0.0000E+00	0.0000E+00	9.0581E-01
2.8740E+03	0.0000E+00	0.0000E+00	9.0493E-01
2.8750E+03	0.0000E+00	0.0000E+00	9.0635E-01
2.8760E+03	0.0000E+00	0.0000E+00	9.0347E-01
2.8770E+03	0.0000E+00	0.0000E+00	9.0369E-01
2.8780E+03	0.0000E+00	0.0000E+00	9.0220E-01
2.8790E+03	0.0000E+00	0.0000E+00	8.9899E-01
2.8800E+03	0.0000E+00	0.0000E+00	9.0371E-01
2.8810E+03	0.0000E+00	0.0000E+00	9.0188E-01
2.8820E+03	0.0000E+00	0.0000E+00	9.0660E-01
2.8830E+03	0.0000E+00	0.0000E+00	9.1118E-01
2.8840E+03	0.0000E+00	0.0000E+00	9.1204E-01
2.8850E+03	0.0000E+00	0.0000E+00	9.1080E-01
2.8860E+03	0.0000E+00	0.0000E+00	9.1267E-01
2.8870E+03	0.0000E+00	0.0000E+00	9.0763E-01
2.8880E+03	0.0000E+00	0.0000E+00	9.1052E-01
2.8890E+03	0.0000E+00	0.0000E+00	9.1191E-01
2.8900E+03	0.0000E+00	0.0000E+00	9.1199E-01
2.8910E+03	0.0000E+00	0.0000E+00	9.0950E-01
2.8920E+03	0.0000E+00	0.0000E+00	9.1230E-01
2.8930E+03	0.0000E+00	0.0000E+00	9.0501E-01
2.8940E+03	0.0000E+00	0.0000E+00	9.1070E-01
2.8950E+03	0.0000E+00	0.0000E+00	9.0634E-01
2.8960E+03	0.0000E+00	0.0000E+00	9.0142E-01
2.8970E+03	0.0000E+00	0.0000E+00	9.0423E-01
2.8980E+03	0.0000E+00	0.0000E+00	8.9977E-01
2.8990E+03	0.0000E+00	0.0000E+00	9.0122E-01
2.9000E+03	0.0000E+00	0.0000E+00	8.9893E-01
2.9010E+03	0.0000E+00	0.0000E+00	8.9637E-01
2.9020E+03	0.0000E+00	0.0000E+00	8.9376E-01
2.9030E+03	0.0000E+00	0.0000E+00	8.9705E-01
2.9040E+03	0.0000E+00	0.0000E+00	8.9413E-01
2.9050E+03	0.0000E+00	0.0000E+00	8.9546E-01
2.9060E+03	0.0000E+00	0.0000E+00	8.9944E-01
2.9070E+03	0.0000E+00	0.0000E+00	8.9508E-01
2.9080E+03	0.0000E+00	0.0000E+00	9.0357E-01
2.9090E+03	0.0000E+00	0.0000E+00	9.0492E-01
2.9100E+03	0.0000E+00	0.0000E+00	9.0592E-01
2.9110E+03	0.0000E+00	0.0000E+00	9.0456E-01
2.9120E+03	0.0000E+00	0.0000E+00	9.0578E-01
2.9130E+03	0.0000E+00	0.0000E+00	9.0525E-01
2.9140E+03	0.0000E+00	0.0000E+00	9.0558E-01
2.9150E+03	0.0000E+00	0.0000E+00	9.0248E-01
2.9160E+03	0.0000E+00	0.0000E+00	9.0153E-01
2.9170E+03	0.0000E+00	0.0000E+00	8.9897E-01
2.9180E+03	0.0000E+00	0.0000E+00	9.0337E-01
2.9190E+03	0.0000E+00	0.0000E+00	9.0086E-01
2.9200E+03	0.0000E+00	0.0000E+00	8.9877E-01
2.9210E+03	0.0000E+00	0.0000E+00	9.0197E-01
2.9220E+03	0.0000E+00	0.0000E+00	8.6997E-01
2.9230E+03	0.0000E+00	0.0000E+00	8.6790E-01
2.9240E+03	0.0000E+00	0.0000E+00	8.6384E-01
2.9250E+03	0.0000E+00	0.0000E+00	8.6133E-01
2.9260E+03	0.0000E+00	0.0000E+00	8.5954E-01
2.9270E+03	0.0000E+00	0.0000E+00	8.5653E-01
2.9280E+03	0.0000E+00	0.0000E+00	8.5937E-01
2.9290E+03	0.0000E+00	0.0000E+00	8.5919E-01
2.9300E+03	0.0000E+00	0.0000E+00	8.6166E-01
2.9310E+03	0.0000E+00	0.0000E+00	8.6678E-01
2.9320E+03	0.0000E+00	0.0000E+00	8.7191E-01
2.9330E+03	0.0000E+00	0.0000E+00	8.7590E-01
2.9340E+03	0.0000E+00	0.0000E+00	8.7425E-01
2.9350E+03	0.0000E+00	0.0000E+00	8.7301E-01
2.9360E+03	0.0000E+00	0.0000E+00	8.7413E-01
2.9370E+03	0.0000E+00	0.0000E+00	8.7708E-01
2.9380E+03	0.0000E+00	0.0000E+00	8.7223E-01
2.9390E+03	0.0000E+00	0.0000E+00	8.7206E-01
2.9400E+03	0.0000E+00	0.0000E+00	8.7088E-01
2.9410E+03	0.0000E+00	0.0000E+00	8.7214E-01
2.9420E+03	0.0000E+00	0.0000E+00	8.6734E-01
2.9430E+03	0.0000E+00	0.0000E+00	8.6524E-01
2.9440E+03	0.0000E+00	0.0000E+00	8.6312E-01
2.9450E+03	0.0000E+00	0.0000E+00	8.6222E-01
2.9460E+03	0.0000E+00	0.0000E+00	8.6224E-01
2.9470E+03	0.0000E+00	0.0000E+00	8.6119E-01
2.9480E+03	0.0000E+00	0.0000E+00	8.6148E-01
2.9490E+03	0.0000E+00	0.0000E+00	8.5704E-01
2.9500E+03	0.0000E+00	0.0000E+00	8.5604E-01
2.9510E+03	0.0000E+00	0.0000E+00	8.5502E-01
2.9520E+03	0.0000E+00	0.0000E+00	8.5472E-01
2.9530E+03	0.0000E+00	0.0000E+00	8.5813E-01
2.9540E+03	0.0000E+00	0.0000E+00	8.6051E-01
2.9550E+03	0.0000E+00	0.0000E+00	8.6509E-01
2.9560E+03	0.0000E+00	0.0000E+00	8.6433E-01
2.9570E+03	0.0000E+00	0.0000E+00	8.6596E-01
2.9580E+03	0.0000E+00	0.0000E+00	8.6766E-01
2.9590E+03	0.0000E+00	0.0000E+00	8.6775E-01
2.9600E+03	0.0000E+00	0.0000E+00	8.6783E-01
2.9610E+03	0.0000E+00	0.0000E+00	8.6841E-01
2.9620E+03	0.0000E+00	0.0000E+00	8.6679E-01
2.9630E+03	0.0000E+00	0.0000E+00	8.6731E-01
2.9640E+03	0.0000E+00	0.0000E+00	8.6555E-01
2.9650E+03	0.0000E+00	0.0000E+00	8.6332E-01
2.9660E+03	0.0000E+00	0.0000E+00	8.6349E-01
2.9670E+03	0.0000E+00	0.0000E+00	8.6101E-01
2.9680E+03	0.0000E+00	0.0000E+00	8.5494E-01
2.9690E+03	0.0000E+00	0.0000E+00	8.5784E-01
2.9700E+03	0.0000E+00	0.0000E+00	8.5599E-01
2.9710E+03	0.0000E+00	0.0000E+00	8.5813E-01
2.9720E+03	0.0000E+00	0.0000E+00	8.5683E-01
2.9730E+03	0.0000E+00	0.0000E+00	8.5243E-01
2.9740E+03	0.0000E+00	0.0000E+00	8.4938E-01
2.9750E+03	0.0000E+00	0.0000E+00	8.4935E-01
2.9760E+03	0.0000E+00	0.0000E+00	8.4964E-01
2.9770E+03	0.0000E+00	0.0000E+00	8.5048E-01
2.9780E+03	0.0000E+00	0.0000E+00	8.5094E-01
2.9790E+03	0.0000E+00	0.0000E+00	8.5750E-01
2.9800E+03	0.0000E+00	0.0000E+00	8.6175E-01
2.9810E+03	0.0000E+00	0.0000E+00	8.6440E-01
2.9820E+03	0.0000E+00	0.0000E+00	8.6530E-01
2.9830E+03	0.0000E+00	0.0000E+00	8.6434E-01
2.9840E+03	0.0000E+00	0.0000E+00	8.6718E-01
2.9850E+03	0.0000E+00	0.0000E+00	8.6443E-01
2.9860E+03	0.0000E+00	0.0000E+00	8.6613E-01
2.9870E+03	0.0000E+00	0.0000E+00	8.6215E-01
2.9880E+03	0.0000E+00	0.0000E+00	8.5801E-01
2.9890E+03	0.0000E+00	0.0000E+00	8.5802E-01
2.9900E+03	0.0000E+00	0.0000E+00	8.5895E-01
2.9910E+03	0.0000E+00	0.0000E+00	8.5876E-01
2.9920E+03	0.0000E+00	0.0000E+00	8.5556E-01
2.9930E+03	0.0000E+00	0.0000E+00	8.5768E-01
2.9940E+03	0.0000E+00	0.0000E+00	8.5618E-01
2.9950E+03	0.0000E+00	0.0000E+00	8.5548E-01
2.9960E+03	0.0000E+00	0.0000E+00	8.5756E-01
2.9970E+03	0.0000E+00	0.0000E+00	8.5116E-01
2.9980E+03	0.0000E+00	0.0000E+00	8.5397E-01
2.9990E+03	0.0000E+00	0.0000E+00	8.4832E-01
3.0000E+03	0.0000E+00	0.0000E+00	8.5163E-01
3.0010E+03	0.0000E+00	0.0000E+00	8.4984E-01
3.0020E+03	0.0000E+00	0.0000E+00	8.5057E-01
3.0030E+03	0.0000E+00	0.0000E+00	8.5067E-01
3.0040E+03	0.0000E+00	0.0000E+00	8.5191E-01
3.0050E+03	0.0000E+00	0.0000E+00	8.5573E-01
3.0060E+03	0.0000E+00	0.0000E+00	8.5687E-01
3.0070E+03	0.0000E+00	0.0000E+00	8.5845E-01
3.0080E+03	0.0000E+00	0.0000E+00	8.5627E-01
3.0090E+03	0.0000E+00	0.0000E+00	8.5864E-01
3.0100E+03	0.0000E+00	0.0000E+00	8.5718E-01
3.0110E+03	0.0000E+00	0.0000E+00	8.5802E-01
3.0120E+03	0.0000E+00	0.0000E+00	8.5718E-01
3.0130E+03	0.0000E+00	0.0000E+00	8.5706E-01
3.0140E+03	0.0000E+00	0.0000E+00	8.5620E-01
3.0150E+03	0.0000E+00	0.0000E+00	8.5183E-01
3.0160E+03	0.0000E+00	0.0000E+00	8.5057E-01
3.0170E+03	0.0000E+00	0.0000E+00	8.5123E-01
3.0180E+03	0.0000E+00	0.0000E+00	8.5217E-01
3.0190E+03	0.0000E+00	0.0000E+00	8.5147E-01
3.0200E+03	0.0000E+00	0.0000E+00	8.5231E-01
3.0210E+03	0.0000E+00	0.0000E+00	8.4892E-01
3.0220E+03	0.0000E+00	0.0000E+00	8.4819E-01
3.0230E+03	0.0000E+00	0.0000E+00	8.4466E-01
3.0240E+03	0.0000E+00	0.0000E+00	8.4493E-01
3.0250E+03	0.0000E+00	0.0000E+00	8.4938E-01
3.0260E+03	0.0000E+00	0.0000E+00	8.4737E-01
3.0270E+03	0.0000E+00	0.0000E+00	8.5149E-01
3.0280E+03	0.0000E+00	0.0000E+00	8.5307E-01
3.0290E+03	0.0000E+00	0.0000E+00	8.5566E-01
3.0300E+03	0.0000E+00	0.0000E+00	8.5582E-01
3.0310E+03	0.0000E+00	0.0000E+00	8.5493E-01
3.0320E+03	0.0000E+00	0.0000E+00	8.5394E-01
3.0330E+03	0.0000E+00	0.0000E+00	8.5248E-01
3.0340E+03	0.0000E+00	0.0000E+00	8.5451E-01
3.0350E+03	0.0000E+00	0.0000E+00	8.5364E-01
3.0360E+03	0.0000E+00	0.0000E+00	8.5155E-01
3.0370E+03	0.0000E+00	0.0000E+00	8.5674E-01
3.0380E+03	0.0000E+00	0.0000E+00	8.5297E-01
3.0390E+03	0.0000E+00	0.0000E+00	8.5096E-01
3.0400E+03	0.0000E+00	0.0000E+00	8.5133E-01
3.0410E+03	0.0000E+00	0.0000E+00	8.4801E-01
3.0420E+03	0.0000E+00	0.0000E+00	8.4833E-01
3.0430E+03	0.0000E+00	0.0000E+00	8.4678E-01
3.0440E+03	0.0000E+00	0.0000E+00	8.4638E-01
3.0450E+03	0.0000E+00	0.0000E+00	8.4378E-01
3.0460E+03	0.0000E+00	0.0000E+00	8.4106E-01
3.0470E+03	0.0000E+00	0.0000E+00	8.4223E-01
3.0480E+03	0.0000E+00	0.0000E+00	8.3935E-01
3.0490E+03	0.0000E+00	0.0000E+00	8.4275E-01
3.0500E+03	0.0000E+00	0.0000E+00	8.3869E-01
3.0510E+03	0.0000E+00	0.0000E+00	8.4142E-01
3.0520E+03	0.0000E+00	0.0000E+00	8.3950E-01
3.0530E+03	0.0000E+00	0.0000E+00	8.4251E-01
3.0540E+03	0.0000E+00	0.0000E+00	8.4334E-01
3.0550E+03	0.0000E+00	0.0000E+00	8.4556E-01
3.0560E+03	0.0000E+00	0.0000E+00	8.4567E-01
3.0570E+03	0.0000E+00	0.0000E+00	8.4414E-01
3.0580E+03	0.0000E+00	0.0000E+00	8.4573E-01
3.0590E+03	0.0000E+00	0.0000E+00	8.4525E-01
3.0600E+03	0.0000E+00	0.0000E+00	8.4681E-01
3.0610E+03	0.0000E+00	0.0000E+00	8.4321E-01
3.0620E+03	0.0000E+00	0.0000E+00	8.4753E-01
3.0630E+03	0.0000E+00	0.0000E+00	8.4751E-01
3.0640E+03	0.0000E+00	0.0000E+00	8.4601E-01
3.0650E+03	0.0000E+00	0.0000E+00	8.4447E-01
3.0660E+03	0.0000E+00	0.0000E+00	8.4477E-01
3.0670E+03	0.0000E+00	0.0000E+00	8.4510E-01
3.0680E+03	0.0000E+00	0.0000E+00	8.4132E-01
3.0690E+03	0.0000E+00	0.0000E+00	8.3974E-01
3.0700E+03	0.0000E+00	0.0000E+00	8.3769E-01
3.0710E+03	0.0000E+00	0.0000E+00	8.3820E-01
3.0720E+03	0.0000E+00	0.0000E+00	8.3966E-01
3.0730E+03	0.0000E+00	0.0000E+00	8.3833E-01
3.0740E+03	0.0000E+00	0.0000E+00	8.3838E-01
3.0750E+03	0.0000E+00	0.0000E+00	8.3808E-01
3.0760E+03	0.0000E+00	0.0000E+00	8.4386E-01
3.0770E+03	0.0000E+00	0.0000E+00	8.4630E-01
3.0780E+03	0.0000E+00	0.0000E+00	8.4979E-01
3.0790E+03	0.0000E+00	0.0000E+00	8.4713E-01
3.0800E+03	0.0000E+00	0.0000E+00	8.4754E-01
3.0810E+03	0.0000E+00	0.0000E+00	8.4831E-01
3.0820E+03	0.0000E+00	0.0000E+00	8.4956E-01
3.0830E+03	0.0000E+00	0.0000E+00	8.4962E-01
3.0840E+03	0.0000E+00	0.0000E+00	8.4905E-01
3.0850E+03	0.0000E+00	0.0000E+00	8.4576E-01
3.0860E+03	0.0000E+00	0.0000E+00	8.4466E-01
3.0870E+03	0.0000E+00	0.0000E+00	8.4481E-01
3.0880E+03	0.0000E+00	0.0000E+00	8.4330E-01
3.0890E+03	0.0000E+00	0.0000E+00	8.4296E-01
3.0900E+03	0.0000E+00	0.0000E+00	8.4319E-01
3.0910E+03	0.0000E+00	0.0000E+00	8.4195E-01
3.0920E+03	0.0000E+00	0.0000E+00	8.4123E-01
3.0930E+03	0.0000E+00	0.0000E+00	8.3781E-01
3.0940E+03	0.0000E+00	0.0000E+00	8.3594E-01
3.0950E+03	0.0000E+00	0.0000E+00	8.3612E-01
3.0960E+03	0.0000E+00	0.0000E+00	8.3716E-01
3.0970E+03	0.0000E+00	0.0000E+00	8.3888E-01
3.0980E+03	0.0000E+00	0.0000E+00	8.3931E-01
3.0990E+03	0.0000E+00	0.0000E+00	8.4169E-01
3.1000E+03	0.0000E+00	0.0000E+00	8.4333E-01
3.1010E+03	0.0000E+00	0.0000E+00	8.4434E-01
3.1020E+03	0.0000E+00	0.0000E+00	8.4685E-01
3.1030E+03	0.0000E+00	0.0000E+00	8.4697E-01
3.1040E+03	0.0000E+00	0.0000E+00	8.4644E-01
3.1050E+03	0.0000E+00	0.0000E+00	8.4846E-01
3.1060E+03	0.0000E+00	0.0000E+00	8.4827E-01
3.1070E+03	0.0000E+00	0.0000E+00	8.4974E-01
3.1080E+03	0.0000E+00	0.0000E+00	8.4719E-01
3.1090E+03	0.0000E+00	0.0000E+00	8.4636E-01
3.1100E+03	0.0000E+00	0.0000E+00	8.4434E-01
3.1110E+03	0.0000E+00	0.0000E+00	8.4125E-01
3.1120E+03	0.0000E+00	0.0000E+00	8.4357E-01
3.1130E+03	0.0000E+00	0.0000E+00	8.4237E-01
3.1140E+03	0.0000E+00	0.0000E+00	8.3733E-01
3.1150E+03	0.0000E+00	0.0000E+00	8.3480E-01
3.1160E+03	0.0000E+00	0.0000E+00	8.3371E-01
3.1170E+03	0.0000E+00	0.0000E+00	8.3318E-01
3.1180E+03	0.0000E+00	0.0000E+00	8.3000E-01
3.1190E+03	0.0000E+00	0.0000E+00	8.3284E-01
3.1200E+03	0.0000E+00	0.0000E+00	8.3137E-01
3.1210E+03	0.0000E+00	0.0000E+00	8.2989E-01
3.1220E+03	0.0000E+00	0.0000E+00	8.3097E-01
3.1230E+03	0.0000E+00	0.0000E+00	8.3208E-01
3.1240E+03	0.0000E+00	0.0000E+00	8.3360E-01
3.1250E+03	0.0000E+00	0.0000E+00	8.3767E-01
3.1260E+03	0.0000E+00	0.0000E+00	8.3800E-01
3.1270E+03	0.0000E+00	0.0000E+00	8.3836E-01
3.1280E+03	0.0000E+00	0.0000E+00	8.3818E-01
3.1290E+03	0.0000E+00	0.0000E+00	8.4138E-01
3.1300E+03	0.0000E+00	0.0000E+00	8.4165E-01
3.1310E+03	0.0000E+00	0.0000E+00	8.4078E-01
3.1320E+03	0.0000E+00	0.0000E+00	8.3757E-01
3.1330E+03	0.0000E+00	0.0000E+00	8.3984E-01
3.1340E+03	0.0000E+00	0.0000E+00	8.3995E-01
3.1350E+03	0.0000E+00	0.0000E+00	8.3775E-01
3.1360E+03	0.0000E+00	0.0000E+00	8.3542E-01
3.1370E+03	0.0000E+00	0.0000E+00	8.3342E-01
3.1380E+03	0.0000E+00	0.0000E+00	8.3825E-01
3.1390E+03	0.0000E+00	0.0000E+00	8.3643E-01
3.1400E+03	0.0000E+00	0.0000E+00	8.3304E-01
3.1410E+03	0.0000E+00	0.0000E+00	8.3264E-01
3.1420E+03	0.0000E+00	0.0000E+00	8.2969E-01
3.1430E+03	0.0000E+00	0.0000E+00	8.2902E-01
3.1440E+03	0.0000E+00	0.0000E+00	8.2634E-01
3.1450E+03	0.0000E+00	0.0000E+00	8.3050E-01
3.1460E+03	0.0000E+00	0.0000E+00	8.3049E-01
3.1470E+03	0.0000E+00	0.0000E+00	8.3327E-01
3.1480E+03	0.0000E+00	0.0000E+00	8.3388E-01
3.1490E+03	0.0000E+00	0.0000E+00	8.3653E-01
3.1500E+03	0.0000E+00	0.0000E+00	8.3687E-01
3.1510E+03	0.0000E+00	0.0000E+00	8.3754E-01
3.1520E+03	0.0000E+00	0.0000E+00	8.4230E-01
3.1530E+03	0.0000E+00	0.0000E+00	8.4256E-01
3.1540E+03	0.0000E+00	0.0000E+00	8.4324E-01
3.1550E+03	0.0000E+00	0.0000E+00	8.4455E-01
3.1560E+03	0.0000E+00	0.0000E+00	8.4495E-01
3.1570E+03	0.0000E+00	0.0000E+00	8.3880E-01
3.1580E+03	0.0000E+00	0.0000E+00	8.4297E-01
3.1590E+03	0.0000E+00	0.0000E+00	8.4199E-01
3.1600E+03	0.0000E+00	0.0000E+00	8.4328E-01
3.1610E+03	0.0000E+00	0.0000E+00	8.3736E-01
3.1620E+03	0.0000E+00	0.0000E+00	8.3929E-01
3.1630E+03	0.0000E+00	0.0000E+00	8.3766E-01
3.1640E+03	0.0000E+00	0.0000E+00	8.3735E-01
3.1650E+03	0.0000E+00	0.0000E+00	8.3425E-01
3.1660E+03	0.0000E+00	0.0000E+00	8.3279E-01
3.1670E+03	0.0000E+00	0.0000E+00	8.3158E-01
3.1680E+03	0.0000E+00	0.0000E+00	8.3226E-01
3.1690E+03	0.0000E+00	0.0000E+00	8.3128E-01
3.1700E+03	0.0000E+00	0.0000E+00	8.3103E-01
3.1710E+03	0.0000E+00	0.0000E+00	8.3060E-01
3.1720E+03	0.0000E+00	0.0000E+00	8.3212E-01
3.1730E+03	0.0000E+00	0.0000E+00	8.3699E-01
3.1740E+03	0.0000E+00	0.0000E+00	8.3344E-01
3.1750E+03	0.0000E+00	0.0000E+00	8.3762E-01
3.1760E+03	0.0000E+00	0.0000E+00	8.3781E-01
3.1770E+03	0.0000E+00	0.0000E+00	8.3758E-01
3.1780E+03	0.0000E+00	0.0000E+00	8.3895E-01
3.1790E+03	0.0000E+00	0.0000E+00	8.4122E-01
3.1800E+03	0.0000E+00	0.0000E+00	8.3981E-01
3.1810E+03	0.0000E+00	0.0000E+00	8.4081E-01
3.1820E+03	0.0000E+00	0.0000E+00	8.4151E-01
3.1830E+03	0.0000E+00	0.0000E+00	8.4407E-01
3.1840E+03	0.0000E+00	0.0000E+00	8.4299E-01
3.1850E+03	0.0000E+00	0.0000E+00	8.3966E-01
3.1860E+03	0.0000E+00	0.0000E+00	8.3694E-01
3.1870E+03	0.0000E+00	0.0000E+00	8.3824E-01
3.1880E+03	0.0000E+00	0.0000E+00	8.3674E-01
3.1890E+03	0.0000E+00	0.0000E+00	8.3581E-01
3.1900E+03	0.0000E+00	0.0000E+00	8.3722E-01
3.1910E+03	0.0000E+00	0.0000E+00	8.3807E-01
3.1920E+03	0.0000E+00	0.0000E+00	8.3508E-01
3.1930E+03	0.0000E+00	0.0000E+00	8.3586E-01
3.1940E+03	0.0000E+00	0.0000E+00	8.3433E-01
3.1950E+03	0.0000E+00	0.0000E+00	8.3241E-01
3.1960E+03	0.0000E+00	0.0000E+00	8.3133E-01
3.1970E+03	0.0000E+00	0.0000E+00	8.3232E-01
3.1980E+03	0.0000E+00	0.0000E+00	8.3365E-01
3.1990E+03	0.0000E+00	0.0000E+00	8.3269E-01
3.2000E+03	0.0000E+00	0.0000E+00	8.3210E-01
3.2010E+03	0.0000E+00	0.0000E+00	8.3471E-01
3.2020E+03	0.0000E+00	0.0000E+00	8.3428E-01
3.2030E+03	0.0000E+00	0.0000E+00	8.3908E-01
3.2040E+03	0.0000E+00	0.0000E+00	8.3823E-01
3.2050E+03	0.0000E+00	0.0000E+00	8.3829E-01
3.2060E+03	0.0000E+00	0.0000E+00	8.3521E-01
3.2070E+03	0.0000E+00	0.0000E+00	8.3742E-01
3.2080E+03	0.0000E+00	0.0000E+00	8.3721E-01
3.2090E+03	0.0000E+00	0.0000E+00	8.3901E-01
3.2100E+03	0.0000E+00	0.0000E+00	8.3612E-01
3.2110E+03	0.0000E+00	0.0000E+00	8.3593E-01
3.2120E+03	0.0000E+00	0.0000E+00	8.3396E-01
3.2130E+03	0.0000E+00	0.0000E+00	8.3171E-01
3.2140E+03	0.0000E+00	0.0000E+00	8.3066E-01
3.2150E+03	0.0000E+00	0.0000E+00	8.2873E-01
3.2160E+03	0.0000E+00	0.0000E+00	8.2771E-01
3.2170E+03	0.0000E+00	0.0000E+00	8.2774E-01
3.2180E+03	0.0000E+00	0.0000E+00	8.2796E-01
3.2190E+03	0.0000E+00	0.0000E+00	8.2954E-01
3.2200E+03	0.0000E+00	0.0000E+00	8.3110E-01
3.2210E+03	0.0000E+00	0.0000E+00	8.2964E-01
3.2220E+03	0.0000E+00	0.0000E+00	8.2902E-01
3.2230E+03	0.0000E+00	0.0000E+00	8.3033E-01
3.2240E+03	0.0000E+00	0.0000E+00	8.3484E-01
3.2250E+03	0.0000E+00	0.0000E+00	8.3568E-01
3.2260E+03	0.0000E+00	0.0000E+00	8.3811E-01
3.2270E+03	0.0000E+00	0.0000E+00	8.3984E-01
3.2280E+03	0.0000E+00	0.0000E+00	8.3701E-01
3.2290E+03	0.0000E+00	0.0000E+00	8.3743E-01
3.2300E+03	0.0000E+00	0.0000E+00	8.3687E-01
3.2310E+03	0.0000E+00	0.0000E+00	8.3759E-01
3.2320E+03	0.0000E+00	0.0000E+00	8.3699E-01
3.2330E+03	0.0000E+00	0.0000E+00	8.3824E-01
3.2340E+03	0.0000E+00	0.0000E+00	8.3802E-01
3.2350E+03	0.0000E+00	0.0000E+00	8.3402E-01
3.2360E+03	0.0000E+00	0.0000E+00	8.3523E-01
3.2370E+03	0.0000E+00	0.0000E+00	8.3051E-01
3.2380E+03	0.0000E+00	0.0000E+00	8.3007E-01
3.2390E+03	0.0000E+00	0.0000E+00	8.2997E-01
3.2400E+03	0.0000E+00	0.0000E+00	8.2870E-01
3.2410E+03	0.0000E+00	0.0000E+00	8.3036E-01
3.2420E+03	0.0000E+00	0.0000E+00	8.2685E-01
3.2430E+03	0.0000E+00	0.0000E+00	8.2560E-01
3.2440E+03	0.0000E+00	0.0000E+00	8.3040E-01
3.2450E+03	0.0000E+00	0.0000E+00	8.2538E-01
3.2460E+03	0.0000E+00	0.0000E+00	8.2889E-01
3.2470E+03	0.0000E+00	0.0000E+00	8.3078E-01
3.2480E+03	0.0000E+00	0.0000E+00	8.3311E-01
3.2490E+03	0.0000E+00	0.0000E+00	8.3359E-01
3.2500E+03	0.0000E+00	0.0000E+00	8.3595E-01
3.2510E+03	0.0000E+00	0.0000E+00	8.3684E-01
3.2520E+03	0.0000E+00	0.0000E+00	8.3329E-01
3.2530E+03	0.0000E+00	0.0000E+00	8.3689E-01
3.2540E+03	0.0000E+00	0.0000E+00	8.3820E-01
3.2550E+03	0.0000E+00	0.0000E+00	8.3730E-01
3.2560E+03	0.0000E+00	0.0000E+00	8.3384E-01
3.2570E+03	0.0000E+00	0.0000E+00	8.3509E-01
3.2580E+03	0.0000E+00	0.0000E+00	8.3687E-01
3.2590E+03	0.0000E+00	0.0000E+00	8.3543E-01
3.2600E+03	0.0000E+00	0.0000E+00	8.2996E-01
3.2610E+03	0.0000E+00	0.0000E+00	8.2952E-01
3.2620E+03	0.0000E+00	0.0000E+00	8.2746E-01
3.2630E+03	0.0000E+00	0.0000E+00	8.2891E-01
3.2640E+03	0.0000E+00	0.0000E+00	8.2716E-01
3.2650E+03	0.0000E+00	0.0000E+00	8.2722E-01
3.2660E+03	0.0000E+00	0.0000E+00	8.2664E-01
3.2670E+03	0.0000E+00	0.0000E+00	8.2631E-01
3.2680E+03	0.0000E+00	0.0000E+00	8.2917E-01
3.2690E+03	0.0000E+00	0.0000E+00	8.3053E-01
3.2700E+03	0.0000E+00	0.0000E+00	8.3200E-01
3.2710E+03	0.0000E+00	0.0000E+00	8.3302E-01
3.2720E+03	0.0000E+00	0.0000E+00	8.3260E-01
3.2730E+03	0.0000E+00	0.0000E+00	8.3600E-01
3.2740E+03	0.0000E+00	0.0000E+00	8.3583E-01
3.2750E+03	0.0000E+00	0.0000E+00	8.3332E-01
3.2760E+03	0.0000E+00	0.0000E+00	8.3381E-01
3.2770E+03	0.0000E+00	0.0000E+00	8.3567E-01
3.2780E+03	0.0000E+00	0.0000E+00	8.3483E-01
3.2790E+03	0.0000E+00	0.0000E+00	8.3720E-01
3.2800E+03	0.0000E+00	0.0000E+00	8.3416E-01
3.2810E+03	0.0000E+00	0.0000E+00	8.3103E-01
3.2820E+03	0.0000E+00	0.0000E+00	8.3388E-01
3.2830E+03	0.0000E+00	0.0000E+00	8.3012E-01
3.2840E+03	0.0000E+00	0.0000E+00	8.3346E-01
3.2850E+03	0.0000E+00	0.0000E+00	8.2840E-01
3.2860E+03	0.0000E+00	0.0000E+00	8.2703E-01
3.2870E+03	0.0000E+00	0.0000E+00	8.2408E-01
3.2880E+03	0.0000E+00	0.0000E+00	8.2294E-01
3.2890E+03	0.0000E+00	0.0000E+00	8.2395E-01
3.2900E+03	0.0000E+00	0.0000E+00	8.2291E-01
3.2910E+03	0.0000E+00	0.0000E+00	8.2343E-01
3.2920E+03	0.0000E+00	0.0000E+00	8.2400E-01
3.2930E+03	0.0000E+00	0.0000E+00	8.2355E-01
3.2940E+03	0.0000E+00	0.0000E+00	8.2705E-01
3.2950E+03	0.0000E+00	0.0000E+00	8.2771E-01
3.2960E+03	0.0000E+00	0.0000E+00	8.2745E-01
3.2970E+03	0.0000E+00	0.0000E+00	8.3345E-01
3.2980E+03	0.0000E+00	0.0000E+00	8.3207E-01
3.2990E+03	0.0000E+00	0.0000E+00	8.3236E-01
3.3000E+03	0.0000E+00	0.0000E+00	8.3428E-01
3.3010E+03	0.0000E+00	0.0000E+00	8.3227E-01
3.3020E+03	0.0000E+00	0.0000E+00	8.3356E-01
3.3030E+03	0.0000E+00	0.0000E+00	8.3120E-01
3.3040E+03	0.0000E+00	0.0000E+00	8.3254E-01
3.3050E+03	0.0000E+00	0.0000E+00	8.3481E-01
3.3060E+03	0.0000E+00	0.0000E+00	8.3246E-01
3.3070E+03	0.0000E+00	0.0000E+00	8.2959E-01
3.3080E+03	0.0000E+00	0.0000E+00	8.2835E-01
3.3090E+03	0.0000E+00	0.0000E+00	8.2850E-01
3.3100E+03	0.0000E+00	0.0000E+00	8.2901E-01
3.3110E+03	0.0000E+00	0.0000E+00	8.2666E-01
3.3120E+03	0.0000E+00	0.0000E+00	8.2824E-01
3.3130E+03	0.0000E+00	0.0000E+00	8.2975E-01
3.3140E+03	0.0000E+00	0.0000E+00	8.2618E-01
3.3150E+03	0.0000E+00	0.0000E+00	8.3025E-01
3.3160E+03	0.0000E+00	0.0000E+00	8.2713E-01
3.3170E+03	0.0000E+00	0.0000E+00	8.3047E-01
3.3180E+03	0.0000E+00	0.0000E+00	8.2926E-01
3.3190E+03	0.0000E+00	0.0000E+00	8.3385E-01
3.3200E+03	0.0000E+00	0.0000E+00	8.3192E-01
3.3210E+03	0.0000E+00	0.0000E+00	8.3004E-01
3.3220E+03	0.0000E+00	0.0000E+00	8.2959E-01
3.3230E+03	0.0000E+00	0.0000E+00	8.2990E-01
3.3240E+03	0.0000E+00	0.0000E+00	8.3150E-01
3.3250E+03	0.0000E+00	0.0000E+00	8.3411E-01
3.3260E+03	0.0000E+00	0.0000E+00	8.3231E-01
3.3270E+03	0.0000E+00	0.0000E+00	8.3231E-01
3.3280E+03	0.0000E+00	0.0000E+00	8.3308E-01
3.3290E+03	0.0000E+00	0.0000E+00	8.3378E-01
3.3300E+03	0.0000E+00	0.0000E+00	8.3023E-01
3.3310E+03	0.0000E+00	0.0000E+00	8.2967E-01
3.3320E+03	0.0000E+00	0.0000E+00	8.2778E-01
3.3330E+03	0.0000E+00	0.0000E+00	8.2893E-01
3.3340E+03	0.0000E+00	0.0000E+00	8.2736E-01
3.3350E+03	0.0000E+00	0.0000E+00	8.2468E-01
3.3360E+03	0.0000E+00	0.0000E+00	8.2613E-01
3.3370E+03	0.0000E+00	0.0000E+00	8.2607E-01
3.3380E+03	0.0000E+00	0.0000E+00	8.3052E-01
3.3390E+03	0.0000E+00	0.0000E+00	8.2955E-01
3.3400E+03	0.0000E+00	0.0000E+00	8.2905E-01
3.3410E+03	0.0000E+00	0.0000E+00	8.2718E-01
3.3420E+03	0.0000E+00	0.0000E+00	8.3160E-01
3.3430E+03	0.0000E+00	0.0000E+00	8.3370E-01
3.3440E+03	0.0000E+00	0.0000E+00	8.3078E-01
3.3450E+03	0.0000E+00	0.0000E+00	8.3279E-01
3.3460E+03	0.0000E+00	0.0000E+00	8.3441E-01
3.3470E+03	0.0000E+00	0.0000E+00	8.3314E-01
3.3480E+03	0.0000E+00	0.0000E+00	8.3042E-01
3.3490E+03	0.0000E+00	0.0000E+00	8.3050E-01
3.3500E+03	0.0000E+00	0.0000E+00	8.3609E-01
3.3510E+03	0.0000E+00	0.0000E+00	8.3500E-01
3.3520E+03	0.0000E+00	0.0000E+00	8.3376E-01
3.3530E+03	0.0000E+00	0.0000E+00	8.3616E-01
3.3540E+03	0.0000E+00	0.0000E+00	8.3172E-01
3.3550E+03	0.0000E+00	0.0000E+00	8.3449E-01
3.3560E+03	0.0000E+00	0.0000E+00	8.3368E-01
3.3570E+03	0.0000E+00	0.0000E+00	8.3318E-01
3.3580E+03	0.0000E+00	0.0000E+00	8.3152E-01
3.3590E+03	0.0000E+00	0.0000E+00	8.2913E-01
3.3600E+03	0.0000E+00	0.0000E+00	8.3194E-01
3.3610E+03	0.0000E+00	0.0000E+00	8.3053E-01
3.3620E+03	0.0000E+00	0.0000E+00	8.3157E-01
3.3630E+03	0.0000E+00	0.0000E+00	8.3170E-01
3.3640E+03	0.0000E+00	0.0000E+00	8.3357E-01
3.3650E+03	0.0000E+00	0.0000E+00	8.3083E-01
3.3660E+03	0.0000E+00	0.0000E+00	8.2833E-01
3.3670E+03	0.0000E+00	0.0000E+00	8.2975E-01
3.3680E+03	0.0000E+00	0.0000E+00	8.2859E-01
3.3690E+03	0.0000E+00	0.0000E+00	8.3084E-01
3.3700E+03	0.0000E+00	0.0000E+00	8.3198E-01
3.3710E+03	0.0000E+00	0.0000E+00	8.3147E-01
3.3720E+03	0.0000E+00	0.0000E+00	8.3072E-01
3.3730E+03	0.0000E+00	0.0000E+00	8.3244E-01
3.3740E+03	0.0000E+00	0.0000E+00	8.3397E-01
3.3750E+03	0.0000E+00	0.0000E+00	8.3319E-01
3.3760E+03	0.0000E+00	0.0000E+00	8.3619E-01
3.3770E+03	0.0000E+00	0.0000E+00	8.3560E-01
3.3780E+03	0.0000E+00	0.0000E+00	8.3439E-01
3.3790E+03	0.0000E+00	0.0000E+00	8.3187E-01
3.3800E+03	0.0000E+00	0.0000E+00	8.3343E-01
3.3810E+03	0.0000E+00	0.0000E+00	8.3167E-01
3.3820E+03	0.0000E+00	0.0000E+00	8.2658E-01
3.3830E+03	0.0000E+00	0.0000E+00	8.2660E-01
3.3840E+03	0.0000E+00	0.0000E+00	8.2473E-01
3.3850E+03	0.0000E+00	0.0000E+00	8.2827E-01
3.3860E+03	0.0000E+00	0.0000E+00	8.2826E-01
3.3870E+03	0.0000E+00	0.0000E+00	8.2665E-01
3.3880E+03	0.0000E+00	0.0000E+00	8.2777E-01
3.3890E+03	0.0000E+00	0.0000E+00	8.3190E-01
3.3900E+03	0.0000E+00	0.0000E+00	8.3308E-01
3.3910E+03	0.0000E+00	0.0000E+00	8.3301E-01
3.3920E+03	0.0000E+00	0.0000E+00	8.3111E-01
3.3930E+03	0.0000E+00	0.0000E+00	8.3241E-01
3.3940E+03	0.0000E+00	0.0000E+00	8.3329E-01
3.3950E+03	0.0000E+00	0.0000E+00	8.3485E-01
3.3960E+03	0.0000E+00	0.0000E+00	8.3535E-01
3.3970E+03	0.0000E+00	0.0000E+00	8.3509E-01
3.3980E+03	0.0000E+00	0.0000E+00	8.3727E-01
3.3990E+03	0.0000E+00	0.0000E+00	8.3479E-01
3.4000E+03	0.0000E+00	0.0000E+00	8.3600E-01
3.4010E+03	0.0000E+00	0.0000E+00	8.3203E-01
3.4020E+03	0.0000E+00	0.0000E+00	8.3291E-01
3.4030E+03	0.0000E+00	0.0000E+00	8.3147E-01
3.4040E+03	0.0000E+00	0.0000E+00	8.2855E-01
3.4050E+03	0.0000E+00	0.0000E+00	8.2896E-01
3.4060E+03	0.0000E+00	0.0000E+00	8.2584E-01
3.4070E+03	0.0000E+00	0.0000E+00	8.2374E-01
3.4080E+03	0.0000E+00	0.0000E+00	8.2769E-01
3.4090E+03	0.0000E+00	0.0000E+00	8.2472E-01
3.4100E+03	0.0000E+00	0.0000E+00	8.2545E-01
3.4110E+03	0.0000E+00	0.0000E+00	8.2615E-01
3.4120E+03	0.0000E+00	0.0000E+00	8.2605E-01
3.4130E+03	0.0000E+00	0.0000E+00	8.2684E-01
3.4140E+03	0.0000E+00	0.0000E+00	8.2742E-01
3.4150E+03	0.0000E+00	0.0000E+00	8.2595E-01
3.4160E+03	0.0000E+00	0.0000E+00	8.2583E-01
3.4170E+03	0.0000E+00	0.0000E+00	8.2850E-01
3.4180E+03	0.0000E+00	0.0000E+00	8.2952E-01
3.4190E+03	0.0000E+00	0.0000E+00	8.3168E-01
3.4200E+03	0.0000E+00	0.0000E+00	8.3219E-01
3.4210E+03	0.0000E+00	0.0000E+00	8.2919E-01
3.4220E+03	0.0000E+00	0.0000E+00	8.3214E-01
3.4230E+03	0.0000E+00	0.0000E+00	8.2884E-01
3.4240E+03	0.0000E+00	0.0000E+00	8.3666E-01
3.4250E+03	0.0000E+00	0.0000E+00	8.3433E-01
3.4260E+03	0.0000E+00	0.0000E+00	8.3525E-01
3.4270E+03	0.0000E+00	0.0000E+00	8.3378E-01
3.4280E+03	0.0000E+00	0.0000E+00	8.3140E-01
3.4290E+03	0.0000E+00	0.0000E+00	8.2929E-01
3.4300E+03	0.0000E+00	0.0000E+00	8.2850E-01
3.4310E+03	0.0000E+00	0.0000E+00	8.2636E-01
3.4320E+03	0.0000E+00	0.0000E+00	8.2810E-01
3.4330E+03	0.0000E+00	0.0000E+00	8.2818E-01
3.4340E+03	0.0000E+00	0.0000E+00	8.2816E-01
3.4350E+03	0.0000E+00	0.0000E+00	8.2763E-01
3.4360E+03	0.0000E+00	0.0000E+00	8.2907E-01
3.4370E+03	0.0000E+00	0.0000E+00	8.2857E-01
3.4380E+03	0.0000E+00	0.0000E+00	8.2657E-01
3.4390E+03	0.0000E+00	0.0000E+00	8.2856E-01
3.4400E+03	0.0000E+00	0.0000E+00	8.2757E-01
3.4410E+03	0.0000E+00	0.0000E+00	8.2987E-01
3.4420E+03	0.0000E+00	0.0000E+00	8.3206E-01
3.4430E+03	0.0000E+00	0.0000E+00	8.3147E-01
3.4440E+03	0.0000E+00	0.0000E+00	8.3126E-01
3.4450E+03	0.0000E+00	0.0000E+00	8.3392E-01
3.4460E+03	0.0000E+00	0.0000E+00	8.3110E-01
3.4470E+03	0.0000E+00	0.0000E+00	8.3127E-01
3.4480E+03	0.0000E+00	0.0000E+00	8.3134E-01
3.4490E+03	0.0000E+00	0.0000E+00	8.3058E-01
3.4500E+03	0.0000E+00	0.0000E+00	8.3242E-01
3.4510E+03	0.0000E+00	0.0000E+00	8.2745E-01
3.4520E+03	0.0000E+00	0.0000E+00	8.2729E-01
3.4530E+03	0.0000E+00	0.0000E+00	8.2589E-01
3.4540E+03	0.0000E+00	0.0000E+00	8.2381E-01
3.4550E+03	0.0000E+00	0.0000E+00	8.2063E-01
3.4560E+03	0.0000E+00	0.0000E+00	8.1987E-01
3.4570E+03	0.0000E+00	0.0000E+00	8.2187E-01
3.4580E+03	0.0000E+00	0.0000E+00	8.2163E-01
3.4590E+03	0.0000E+00	0.0000E+00	8.2065E-01
3.4600E+03	0.0000E+00	0.0000E+00	8.1978E-01
3.4610E+03	0.0000E+00	0.0000E+00	8.2218E-01
3.4620E+03	0.0000E+00	0.0000E+00	8.2018E-01
3.4630E+03	0.0000E+00	0.0000E+00	8.2116E-01
3.4640E+03	0.0000E+00	0.0000E+00	8.1952E-01
3.4650E+03	0.0000E+00	0.0000E+00	8.2367E-01
3.4660E+03	0.0000E+00	0.0000E+00	8.2655E-01
3.4670E+03	0.0000E+00	0.0000E+00	8.2489E-01
3.4680E+03	0.0000E+00	0.0000E+00	8.2773E-01
3.4690E+03	0.0000E+00	0.0000E+00	8.2576E-01
3.4700E+03	0.0000E+00	0.0000E+00	8.2453E-01
3.4710E+03	0.0000E+00	0.0000E+00	8.2575E-01
3.4720E+03	0.0000E+00	0.0000E+00	8.2845E-01
3.4730E+03	0.0000E+00	0.0000E+00	8.2790E-01
3.4740E+03	0.0000E+00	0.0000E+00	8.2991E-01
3.4750E+03	0.0000E+00	0.0000E+00	8.2745E-01
3.4760E+03	0.0000E+00	0.0000E+00	8.2448E-01
3.4770E+03	0.0000E+00	0.0000E+00	8.2505E-01
3.4780E+03	0.0000E+00	0.0000E+00	8.2463E-01
3.4790E+03	0.0000E+00	0.0000E+00	8.1963E-01
3.4800E+03	0.0000E+00	0.0000E+00	8.2062E-01
3.4810E+03	0.0000E+00	0.0000E+00	8.1936E-01
3.4820E+03	0.0000E+00	0.0000E+00	8.1876E-01
3.4830E+03	0.0000E+00	0.0000E+00	8.2018E-01
3.4840E+03	0.0000E+00	0.0000E+00	8.2143E-01
3.4850E+03	0.0000E+00	0.0000E+00	8.2177E-01
3.4860E+03	0.0000E+00	0.0000E+00	8.2255E-01
3.4870E+03	0.0000E+00	0.0000E+00	8.1835E-01
3.4880E+03	0.0000E+00	0.0000E+00	8.2375E-01
3.4890E+03	0.0000E+00	0.0000E+00	8.2110E-01
3.4900E+03	0.0000E+00	0.0000E+00	8.2406E-01
3.4910E+03	0.0000E+00	0.0000E+00	8.2268E-01
3.4920E+03	0.0000E+00	0.0000E+00	8.2531E-01
3.4930E+03	0.0000E+00	0.0000E+00	8.2225E-01
3.4940E+03	0.0000E+00	0.0000E+00	8.2573E-01
3.4950E+03	0.0000E+00	0.0000E+00	8.2561E-01
3.4960E+03	0.0000E+00	0.0000E+00	8.2330E-01
3.4970E+03	0.0000E+00	0.0000E+00	8.2374E-01
3.4980E+03	0.0000E+00	0.0000E+00	8.2428E-01
3.4990E+03	0.0000E+00	0.0000E+00	8.2742E-01
3.5000E+03	0.0000E+00	0.0000E+00	8.1927E-01
3.5010E+03	0.0000E+00	0.0000E+00	8.2048E-01
3.5020E+03	0.0000E+00	0.0000E+00	8.2151E-01
3.5030E+03	0.0000E+00	0.0000E+00	8.1866E-01
3.5040E+03	0.0000E+00	0.0000E+00	8.2100E-01
3.5050E+03	0.0000E+00	0.0000E+00	8.1938E-01
3.5060E+03	0.0000E+00	0.0000E+00	8.1969E-01
3.5070E+03	0.0000E+00	0.0000E+00	8.1779E-01
3.5080E+03	0.0000E+00	0.0000E+00	8.1831E-01
3.5090E+03	0.0000E+00	0.0000E+00	8.1629E-01
3.5100E+03	0.0000E+00	0.0000E+00	8.1558E-01
3.5110E+03	0.0000E+00	0.0000E+00	8.1770E-01
3.5120E+03	0.0000E+00	0.0000E+00	8.1657E-01
3.5130E+03	0.0000E+00	0.0000E+00	8.1853E-01
3.5140E+03	0.0000E+00	0.0000E+00	8.1689E-01
3.5150E+03	0.0000E+00	0.0000E+00	8.2060E-01
3.5160E+03	0.0000E+00	0.0000E+00	8.1996E-01
3.5170E+03	0.0000E+00	0.0000E+00	8.2105E-01
3.5180E+03	0.0000E+00	0.0000E+00	8.1858E-01
3.5190E+03	0.0000E+00	0.0000E+00	8.2126E-01
3.5200E+03	0.0000E+00	0.0000E+00	8.1938E-01
3.5210E+03	0.0000E+00	0.0000E+00	8.2485E-01
3.5220E+03	0.0000E+00	0.0000E+00	8.2185E-01
3.5230E+03	0.0000E+00	0.0000E+00	8.2418E-01
3.5240E+03	0.0000E+00	0.0000E+00	8.2159E-01
3.5250E+03	0.0000E+00	0.0000E+00	8.1525E-01
3.5260E+03	0.0000E+00	0.0000E+00	8.1648E-01
3.5270E+03	0.0000E+00	0.0000E+00	8.1354E-01
3.5280E+03	0.0000E+00	0.0000E+00	8.1361E-01
3.5290E+03	0.0000E+00	0.0000E+00	8.1242E-01
3.5300E+03	0.0000E+00	0.0000E+00	8.1437E-01
3.5310E+03	0.0000E+00	0.0000E+00	8.1062E-01
3.5320E+03	0.0000E+00	0.0000E+00	8.1214E-01
3.5330E+03	0.0000E+00	0.0000E+00	8.1151E-01
3.5340E+03	0.0000E+00	0.0000E+00	8.1317E-01
3.5350E+03	0.0000E+00	0.0000E+00	8.1137E-01
3.5360E+03	0.0000E+00	0.0000E+00	8.0815E-01
3.5370E+03	0.0000E+00	0.0000E+00	8.1379E-01
3.5380E+03	0.0000E+00	0.0000E+00	8.1749E-01
3.5390E+03	0.0000E+00	0.0000E+00	8.1793E-01
3.5400E+03	0.0000E+00	0.0000E+00	8.1827E-01
3.5410E+03	0.0000E+00	0.0000E+00	8.1918E-01
3.5420E+03	0.0000E+00	0.0000E+00	8.1813E-01
3.5430E+03	0.0000E+00	0.0000E+00	8.1700E-01
3.5440E+03	0.0000E+00	0.0000E+00	8.2118E-01
3.5450E+03	0.0000E+00	0.0000E+00	8.2386E-01
3.5460E+03	0.0000E+00	0.0000E+00	8.2210E-01
3.5470E+03	0.0000E+00	0.0000E+00	8.2111E-01
3.5480E+03	0.0000E+00	0.0000E+00	8.1603E-01
3.5490E+03	0.0000E+00	0.0000E+00	8.1583E-01
3.5500E+03	0.0000E+00	0.0000E+00	8.1392E-01
3.5510E+03	0.0000E+00	0.0000E+00	8.1160E-01
3.5520E+03	0.0000E+00	0.0000E+00	8.1076E-01
3.5530E+03	0.0000E+00	0.0000E+00	8.1106E-01
3.5540E+03	0.0000E+00	0.0000E+00	8.0884E-01
3.5550E+03	0.0000E+00	0.0000E+00	8.0893E-01
3.5560E+03	0.0000E+00	0.0000E+00	8.0674E-01
3.5570E+03	0.0000E+00	0.0000E+00	8.0746E-01
3.5580E+03	0.0000E+00	0.0000E+00	8.0967E-01
3.5590E+03	0.0000E+00	0.0000E+00	8.0758E-01
3.5600E+03	0.0000E+00	0.0000E+00	8.0876E-01
3.5610E+03	0.0000E+00	0.0000E+00	8.1032E-01
3.5620E+03	0.0000E+00	0.0000E+00	8.1564E-01
3.5630E+03	0.0000E+00	0.0000E+00	8.1524E-01
3.5640E+03	0.0000E+00	0.0000E+00	8.1286E-01
3.5650E+03	0.0000E+00	0.0000E+00	8.1219E-01
3.5660E+03	0.0000E+00	0.0000E+00	8.1436E-01
3.5670E+03	0.0000E+00	0.0000E+00	8.1534E-01
3.5680E+03	0.0000E+00	0.0000E+00	8.1595E-01
3.5690E+03	0.0000E+00	0.0000E+00	8.1741E-01
3.5700E+03	0.0000E+00	0.0000E+00	8.1880E-01
3.5710E+03	0.0000E+00	0.0000E+00	8.1781E-01
3.5720E+03	0.0000E+00	0.0000E+00	8.1839E-01
3.5730E+03	0.0000E+00	0.0000E+00	8.1514E-01
3.5740E+03	0.0000E+00	0.0000E+00	8.1292E-01
3.5750E+03	0.0000E+00	0.0000E+00	8.0917E-01
3.5760E+03	0.0000E+00	0.0000E+00	8.0879E-01
3.5770E+03	0.0000E+00	0.0000E+00	8.0808E-01
3.5780E+03	0.0000E+00	0.0000E+00	8.1183E-01
3.5790E+03	0.0000E+00	0.0000E+00	8.1087E-01
3.5800E+03	0.0000E+00	0.0000E+00	8.1020E-01
3.5810E+03	0.0000E+00	0.0000E+00	8.0925E-01
3.5820E+03	0.0000E+00	0.0000E+00	8.0954E-01
3.5830E+03	0.0000E+00	0.0000E+00	8.1235E-01
3.5840E+03	0.0000E+00	0.0000E+00	8.0822E-01
3.5850E+03	0.0000E+00	0.0000E+00	8.0986E-01
3.5860E+03	0.0000E+00	0.0000E+00	8.1465E-01
3.5870E+03	0.0000E+00	0.0000E+00	8.1154E-01
3.5880E+03	0.0000E+00	0.0000E+00	8.1393E-01
3.5890E+03	0.0000E+00	0.0000E+00	8.1306E-01
3.5900E+03	0.0000E+00	0.0000E+00	8.1530E-01
3.5910E+03	0.0000E+00	0.0000E+00	8.1827E-01
3.5920E+03	0.0000E+00	0.0000E+00	8.1793E-01
3.5930E+03	0.0000E+00	0.0000E+00	8.1902E-01
3.5940E+03	0.0000E+00	0.0000E+00	8.1849E-01
3.5950E+03	0.0000E+00	0.0000E+00	8.1668E-01
3.5960E+03	0.0000E+00	0.0000E+00	8.1415E-01
3.5970E+03	0.0000E+00	0.0000E+00	8.1165E-01
3.5980E+03	0.0000E+00	0.0000E+00	8.1091E-01
3.5990E+03	0.0000E+00	0.0000E+00	8.1293E-01
3.6000E+03	0.0000E+00	0.0000E+00	8.1133E-01
3.6010E+03	0.0000E+00	0.0000E+00	8.1284E-01
3.6020E+03	0.0000E+00	0.0000E+00	8.1409E-01
3.6030E+03	0.0000E+00	0.0000E+00	8.1127E-01
3.6040E+03	0.0000E+00	0.0000E+00	8.1284E-01
3.6050E+03	0.0000E+00	0.0000E+00	8.1161E-01
3.6060E+03	0.0000E+00	0.0000E+00	8.1039E-01
3.6070E+03	0.0000E+00	0.0000E+00	8.1117E-01
3.6080E+03	0.0000E+00	0.0000E+00	8.1464E-01
3.6090E+03	0.0000E+00	0.0000E+00	8.1226E-01
3.6100E+03	0.0000E+00	0.0000E+00	8.1103E-01
3.6110E+03	0.0000E+00	0.0000E+00	8.1269E-01
3.6120E+03	0.0000E+00	0.0000E+00	8.1227E-01
3.6130E+03	0.0000E+00	0.0000E+00	8.1439E-01
3.6140E+03	0.0000E+00	0.0000E+00	8.1445E-01
3.6150E+03	0.0000E+00	0.0000E+00	8.1223E-01
3.6160E+03	0.0000E+00	0.0000E+00	8.1092E-01
3.6170E+03	0.0000E+00	0.0000E+00	8.1434E-01
3.6180E+03	0.0000E+00	0.0000E+00	8.1637E-01
3.6190E+03	0.0000E+00	0.0000E+00	8.1550E-01
3.6200E+03	0.0000E+00	0.0000E+00	8.1369E-01
3.6210E+03	0.0000E+00	0.0000E+00	8.1292E-01
3.6220E+03	0.0000E+00	0.0000E+00	8.1383E-01
3.6230E+03	0.0000E+00	0.0000E+00	8.0980E-01
3.6240E+03	0.0000E+00	0.0000E+00	8.0829E-01
3.6250E+03	0.0000E+00	0.0000E+00	8.0687E-01
3.6260E+03	0.0000E+00	0.0000E+00	8.0613E-01
3.6270E+03	0.0000E+00	0.0000E+00	8.0704E-01
3.6280E+03	0.0000E+00	0.0000E+00	8.0728E-01
3.6290E+03	0.0000E+00	0.0000E+00	8.0701E-01
3.6300E+03	0.0000E+00	0.0000E+00	8.0549E-01
3.6310E+03	0.0000E+00	0.0000E+00	8.0799E-01
3.6320E+03	0.0000E+00	0.0000E+00	8.0863E-01
3.6330E+03	0.0000E+00	0.0000E+00	8.0785E-01
3.6340E+03	0.0000E+00	0.0000E+00	8.0964E-01
3.6350E+03	0.0000E+00	0.0000E+00	8.1028E-01
3.6360E+03	0.0000E+00	0.0000E+00	8.1567E-01
3.6370E+03	0.0000E+00	0.0000E+00	8.1440E-01
3.6380E+03	0.0000E+00	0.0000E+00	8.1652E-01
3.6390E+03	0.0000E+00	0.0000E+00	8.1682E-01
3.6400E+03	0.0000E+00	0.0000E+00	8.1475E-01
3.6410E+03	0.0000E+00	0.0000E+00	8.1799E-01
3.6420E+03	0.0000E+00	0.0000E+00	8.1897E-01
3.6430E+03	0.0000E+00	0.0000E+00	8.1984E-01
3.6440E+03	0.0000E+00	0.0000E+00	8.1828E-01
3.6450E+03	0.0000E+00	0.0000E+00	8.1803E-01
3.6460E+03	0.0000E+00	0.0000E+00	8.2261E-01
3.6470E+03	0.0000E+00	0.0000E+00	8.2152E-01
3.6480E+03	0.0000E+00	0.0000E+00	8.2201E-01
3.6490E+03	0.0000E+00	0.0000E+00	8.2012E-01
3.6500E+03	0.0000E+00	0.0000E+00	8.2124E-01
3.6510E+03	0.0000E+00	0.0000E+00	8.1988E-01
3.6520E+03	0.0000E+00	0.0000E+00	8.1978E-01
3.6530E+03	0.0000E+00	0.0000E+00	8.1674E-01
3.6540E+03	0.0000E+00	0.0000E+00	8.1970E-01
3.6550E+03	0.0000E+00	0.0000E+00	8.1919E-01
3.6560E+03	0.0000E+00	0.0000E+00	8.1900E-01
3.6570E+03	0.0000E+00	0.0000E+00	8.1475E-01
3.6580E+03	0.0000E+00	0.0000E+00	8.1787E-01
3.6590E+03	0.0000E+00	0.0000E+00	8.1971E-01
3.6600E+03	0.0000E+00	0.0000E+00	8.1536E-01
3.6610E+03	0.0000E+00	0.0000E+00	8.1712E-01
3.6620E+03	0.0000E+00	0.0000E+00	8.1553E-01
3.6630E+03	0.0000E+00	0.0000E+00	8.1726E-01
3.6640E+03	0.0000E+00	0.0000E+00	8.1586E-01
3.6650E+03	0.0000E+00	0.0000E+00	8.1740E-01
3.6660E+03	0.0000E+00	0.0000E+00	8.1690E-01
3.6670E+03	0.0000E+00	0.0000E+00	8.1536E-01
3.6680E+03	0.0000E+00	0.0000E+00	8.1444E-01
3.6690E+03	0.0000E+00	0.0000E+00	8.1022E-01
3.6700E+03	0.0000E+00	0.0000E+00	8.0726E-01
3.6710E+03	0.0000E+00	0.0000E+00	8.0792E-01
3.6720E+03	0.0000E+00	0.0000E+00	8.1118E-01
3.6730E+03	0.0000E+00	0.0000E+00	8.1200E-01
3.6740E+03	0.0000E+00	0.0000E+00	8.0932E-01
3.6750E+03	0.0000E+00	0.0000E+00	8.0946E-01
3.6760E+03	0.0000E+00	0.0000E+00	8.0694E-01
3.6770E+03	0.0000E+00	0.0000E+00	8.0851E-01
3.6780E+03	0.0000E+00	0.0000E+00	8.0650E-01
3.6790E+03	0.0000E+00	0.0000E+00	8.0799E-01
3.6800E+03	0.0000E+00	0.0000E+00	8.0598E-01
3.6810E+03	0.0000E+00	0.0000E+00	8.0885E-01
3.6820E+03	0.0000E+00	0.0000E+00	8.0957E-01
3.6830E+03	0.0000E+00	0.0000E+00	8.1240E-01
3.6840E+03	0.0000E+00	0.0000E+00	8.1189E-01
3.6850E+03	0.0000E+00	0.0000E+00	8.1357E-01
3.6860E+03	0.0000E+00	0.0000E+00	8.1348E-01
3.6870E+03	0.0000E+00	0.0000E+00	8.1554E-01
3.6880E+03	0.0000E+00	0.0000E+00	8.1211E-01
3.6890E+03	0.0000E+00	0.0000E+00	8.1251E-01
3.6900E+03	0.0000E+00	0.0000E+00	8.1342E-01
3.6910E+03	0.0000E+00	0.0000E+00	8.1494E-01
3.6920E+03	0.0000E+00	0.0000E+00	8.1231E-01
3.6930E+03	0.0000E+00	0.0000E+00	8.1045E-01
3.6940E+03	0.0000E+00	0.0000E+00	8.0742E-01
3.6950E+03	0.0000E+00	0.0000E+00	8.1051E-01
3.6960E+03	0.0000E+00	0.0000E+00	8.1055E-01
3.6970E+03	0.0000E+00	0.0000E+00	8.0890E-01
3.6980E+03	0.0000E+00	0.0000E+00	8.0768E-01
3.6990E+03	0.0000E+00	0.0000E+00	8.0717E-01
3.7000E+03	0.0000E+00	0.0000E+00	8.0788E-01
3.7010E+03	0.0000E+00	0.0000E+00	8.0825E-01
3.7020E+03	0.0000E+00	0.0000E+00	8.0648E-01
3.7030E+03	0.0000E+00	0.0000E+00	8.0493E-01
3.7040E+03	0.0000E+00	0.0000E+00	8.0375E-01
3.7050E+03	0.0000E+00	0.0000E+00	8.0568E-01
3.7060E+03	0.0000E+00	0.0000E+00	8.0995E-01
3.7070E+03	0.0000E+00	0.0000E+00	8.1075E-01
3.7080E+03	0.0000E+00	0.0000E+00	8.1001E-01
3.7090E+03	0.0000E+00	0.0000E+00	8.1273E-01
3.7100E+03	0.0000E+00	0.0000E+00	8.1223E-01
3.7110E+03	0.0000E+00	0.0000E+00	8.1057E-01
3.7120E+03	0.0000E+00	0.0000E+00	8.1282E-01
3.7130E+03	0.0000E+00	0.0000E+00	8.1098E-01
3.7140E+03	0.0000E+00	0.0000E+00	8.1506E-01
3.7150E+03	0.0000E+00	0.0000E+00	8.1183E-01
3.7160E+03	0.0000E+00	0.0000E+00	8.1177E-01
3.7170E+03	0.0000E+00	0.0000E+00	8.1007E-01
3.7180E+03	0.0000E+00	0.0000E+00	8.0564E-01
3.7190E+03	0.0000E+00	0.0000E+00	8.0759E-01
3.7200E+03	0.0000E+00	0.0000E+00	8.0274E-01
3.7210E+03	0.0000E+00	0.0000E+00	8.0197E-01
3.7220E+03	0.0000E+00	0.0000E+00	8.0499E-01
3.7230E+03	0.0000E+00	0.0000E+00	8.0433E-01
3.7240E+03	0.0000E+00	0.0000E+00	8.0298E-01
3.7250E+03	0.0000E+00	0.0000E+00	8.0211E-01
3.7260E+03	0.0000E+00	0.0000E+00	8.0285E-01
3.7270E+03	0.0000E+00	0.0000E+00	8.0088E-01
3.7280E+03	0.0000E+00	0.0000E+00	7.9792E-01
3.7290E+03	0.0000E+00	0.0000E+00	8.0485E-01
3.7300E+03	0.0000E+00	0.0000E+00	8.0322E-01
3.7310E+03	0.0000E+00	0.0000E+00	8.0593E-01
3.7320E+03	0.0000E+00	0.0000E+00	8.0700E-01
3.7330E+03	0.0000E+00	0.0000E+00	8.0941E-01
3.7340E+03	0.0000E+00	0.0000E+00	8.0718E-01
3.7350E+03	0.0000E+00	0.0000E+00	8.0911E-01
3.7360E+03	0.0000E+00	0.0000E+00	8.0802E-01
3.7370E+03	0.0000E+00	0.0000E+00	8.1103E-01
3.7380E+03	0.0000E+00	0.0000E+00	8.0998E-01
3.7390E+03	0.0000E+00	0.0000E+00	8.0884E-01
3.7400E+03	0.0000E+00	0.0000E+00	8.0763E-01
3.7410E+03	0.0000E+00	0.0000E+00	8.0572E-01
3.7420E+03	0.0000E+00	0.0000E+00	8.0161E-01
3.7430E+03	0.0000E+00	0.0000E+00	8.0311E-01
3.7440E+03	0.0000E+00	0.0000E+00	7.9801E-01
3.7450E+03	0.0000E+00	0.0000E+00	7.9960E-01
3.7460E+03	0.0000E+00	0.0000E+00	8.0066E-01
3.7470E+03	0.0000E+00	0.0000E+00	7.9864E-01
3.7480E+03	0.0000E+00	0.0000E+00	7.9982E-01
3.7490E+03	0.0000E+00	0.0000E+00	7.9433E-01
3.7500E+03	0.0000E+00	0.0000E+00	7.9623E-01
3.7510E+03	0.0000E+00	0.0000E+00	7.9244E-01
3.7520E+03	0.0000E+00	0.0000E+00	7.9553E-01
3.7530E+03	0.0000E+00	0.0000E+00	7.9895E-01
3.7540E+03	0.0000E+00	0.0000E+00	8.0278E-01
3.7550E+03	0.0000E+00	0.0000E+00	8.0603E-01
3.7560E+03	0.0000E+00	0.0000E+00	8.0368E-01
3.7570E+03	0.0000E+00	0.0000E+00	8.0575E-01
3.7580E+03	0.0000E+00	0.0000E+00	8.0357E-01
3.7590E+03	0.0000E+00	0.0000E+00	8.0259E-01
3.7600E+03	0.0000E+00	0.0000E+00	8.0753E-01
3.7610E+03	0.0000E+00	0.0000E+00	8.0540E-01
3.7620E+03	0.0000E+00	0.0000E+00	8.0810E-01
3.7630E+03	0.0000E+00	0.0000E+00	8.0434E-01
3.7640E+03	0.0000E+00	0.0000E+00	8.0454E-01
3.7650E+03	0.0000E+00	0.0000E+00	8.0133E-01
3.7660E+03	0.0000E+00	0.0000E+00	7.9922E-01
3.7670E+03	0.0000E+00	0.0000E+00	7.9760E-01
3.7680E+03	0.0000E+00	0.0000E+00	7.9953E-01
3.7690E+03	0.0000E+00	0.0000E+00	7.9942E-01
3.7700E+03	0.0000E+00	0.0000E+00	7.9988E-01
3.7710E+03	0.0000E+00	0.0000E+00	7.9946E-01
3.7720E+03	0.0000E+00	0.0000E+00	7.9664E-01
3.7730E+03	0.0000E+00	0.0000E+00	7.9808E-01
3.7740E+03	0.0000E+00	0.0000E+00	7.9698E-01
3.7750E+03	0.0000E+00	0.0000E+00	7.9666E-01
3.7760E+03	0.0000E+00	0.0000E+00	7.9704E-01
3.7770E+03	0.0000E+00	0.0000E+00	7.9938E-01
3.7780E+03	0.0000E+00	0.0000E+00	8.0233E-01
3.7790E+03	0.0000E+00	0.0000E+00	8.0111E-01
3.7800E+03	0.0000E+00	0.0000E+00	8.0415E-01
3.7810E+03	0.0000E+00	0.0000E+00	8.0606E-01
3.7820E+03	0.0000E+00	0.0000E+00	8.0523E-01
3.7830E+03	0.0000E+00	0.0000E+00	8.0813E-01
3.7840E+03	0.0000E+00	0.0000E+00	8.0448E-01
3.7850E+03	0.0000E+00	0.0000E+00	8.0564E-01
3.7860E+03	0.0000E+00	0.0000E+00	8.0712E-01
3.7870E+03	0.0000E+00	0.0000E+00	8.0512E-01
3.7880E+03	0.0000E+00	0.0000E+00	8.0418E-01
3.7890E+03	0.0000E+00	0.0000E+00	8.0124E-01
3.7900E+03	0.0000E+00	0.0000E+00	7.9954E-01
3.7910E+03	0.0000E+00	0.0000E+00	8.0044E-01
3.7920E+03	0.0000E+00	0.0000E+00	8.0119E-01
3.7930E+03	0.0000E+00	0.0000E+00	7.9966E-01
3.7940E+03	0.0000E+00	0.0000E+00	7.9741E-01
3.7950E+03	0.0000E+00	0.0000E+00	8.0024E-01
3.7960E+03	0.0000E+00	0.0000E+00	7.9981E-01
3.7970E+03	0.0000E+00	0.0000E+00	7.9686E-01
3.7980E+03	0.0000E+00	0.0000E+00	7.9755E-01
3.7990E+03	0.0000E+00	0.0000E+00	7.9793E-01
3.8000E+03	0.0000E+00	0.0000E+00	7.9499E-01
3.8010E+03	0.0000E+00	0.0000E+00	7.9882E-01
3.8020E+03	0.0000E+00	0.0000E+00	8.0157E-01
3.8030E+03	0.0000E+00	0.0000E+00	8.0341E-01
3.8040E+03	0.0000E+00	0.0000E+00	8.0165E-01
3.8050E+03	0.0000E+00	0.0000E+00	8.0184E-01
3.8060E+03	0.0000E+00	0.0000E+00	8.0439E-01
3.8070E+03	0.0000E+00	0.0000E+00	8.0506E-01
3.8080E+03	0.0000E+00	0.0000E+00	8.0691E-01
3.8090E+03	0.0000E+00	0.0000E+00	8.0742E-01
3.8100E+03	0.0000E+00	0.0000E+00	8.0377E-01
3.8110E+03	0.0000E+00	0.0000E+00	8.0634E-01
3.8120E+03	0.0000E+00	0.0000E+00	8.0410E-01
3.8130E+03	0.0000E+00	0.0000E+00	7.9877E-01
3.8140E+03	0.0000E+00	0.0000E+00	7.9821E-01
3.8150E+03	0.0000E+00	0.0000E+00	7.9864E-01
3.8160E+03	0.0000E+00	0.0000E+00	7.9597E-01
3.8170E+03	0.0000E+00	0.0000E+00	7.9738E-01
3.8180E+03	0.0000E+00	0.0000E+00	7.9714E-01
3.8190E+03	0.0000E+00	0.0000E+00	7.9501E-01
3.8200E+03	0.0000E+00	0.0000E+00	7.9492E-01
3.8210E+03	0.0000E+00	0.0000E+00	7.9358E-01
3.8220E+03	0.0000E+00	0.0000E+00	7.9485E-01
3.8230E+03	0.0000E+00	0.0000E+00	7.9654E-01
3.8240E+03	0.0000E+00	0.0000E+00	7.8998E-01
3.8250E+03	0.0000E+00	0.0000E+00	7.9878E-01
3.8260E+03	0.0000E+00	0.0000E+00	7.9966E-01
3.8270E+03	0.0000E+00	0.0000E+00	7.9754E-01
3.8280E+03	0.0000E+00	0.0000E+00	8.0308E-01
3.8290E+03	0.0000E+00	0.0000E+00	8.0156E-01
3.8300E+03	0.0000E+00	0.0000E+00	8.0358E-01
3.8310E+03	0.0000E+00	0.0000E+00	8.0129E-01
3.8320E+03	0.0000E+00	0.0000E+00	8.0662E-01
3.8330E+03	0.0000E+00	0.0000E+00	8.0546E-01
3.8340E+03	0.0000E+00	0.0000E+00	8.0581E-01
3.8350E+03	0.0000E+00	0.0000E+00	8.0584E-01
3.8360E+03	0.0000E+00	0.0000E+00	8.0549E-01
3.8370E+03	0.0000E+00	0.0000E+00	8.0140E-01
3.8380E+03	0.0000E+00	0.0000E+00	7.9831E-01
3.8390E+03	0.0000E+00	0.0000E+00	8.0078E-01
3.8400E+03	0.0000E+00	0.0000E+00	8.0174E-01
3.8410E+03	0.0000E+00	0.0000E+00	7.9901E-01
3.8420E+03	0.0000E+00	0.0000E+00	7.9813E-01
3.8430E+03	0.0000E+00	0.0000E+00	7.9670E-01
3.8440E+03	0.0000E+00	0.0000E+00	7.9743E-01
3.8450E+03	0.0000E+00	0.0000E+00	7.9543E-01
3.8460E+03	0.0000E+00	0.0000E+00	7.9680E-01
3.8470E+03	0.0000E+00	0.0000E+00	7.9592E-01
3.8480E+03	0.0000E+00	0.0000E+00	7.9334E-01
3.8490E+03	0.0000E+00	0.0000E+00	7.9845E-01
3.8500E+03	0.0000E+00	0.0000E+00	7.9798E-01
3.8510E+03	0.0000E+00	0.0000E+00	8.0056E-01
3.8520E+03	0.0000E+00	0.0000E+00	8.0052E-01
3.8530E+03	0.0000E+00	0.0000E+00	8.0307E-01
3.8540E+03	0.0000E+00	0.0000E+00	8.0365E-01
3.8550E+03	0.0000E+00	0.0000E+00	8.0346E-01
3.8560E+03	0.0000E+00	0.0000E+00	8.0394E-01
3.8570E+03	0.0000E+00	0.0000E+00	8.0377E-01
3.8580E+03	0.0000E+00	0.0000E+00	8.0612E-01
3.8590E+03	0.0000E+00	0.0000E+00	8.0472E-01
3.8600E+03	0.0000E+00	0.0000E+00	8.0137E-01
3.8610E+03	0.0000E+00	0.0000E+00	8.0088E-01
3.8620E+03	0.0000E+00	0.0000E+00	7.9628E-01
3.8630E+03	0.0000E+00	0.0000E+00	7.9780E-01
3.8640E+03	0.0000E+00	0.0000E+00	7.9990E-01
3.8650E+03	0.0000E+00	0.0000E+00	8.0071E-01
3.8660E+03	0.0000E+00	0.0000E+00	7.9877E-01
3.8670E+03	0.0000E+00	0.0000E+00	7.9628E-01
3.8680E+03	0.0000E+00	0.0000E+00	7.9542E-01
3.8690E+03	0.0000E+00	0.0000E+00	7.9807E-01
3.8700E+03	0.0000E+00	0.0000E+00	7.9576E-01
3.8710E+03	0.0000E+00	0.0000E+00	7.9688E-01
3.8720E+03	0.0000E+00	0.0000E+00	7.9388E-01
3.8730E+03	0.0000E+00	0.0000E+00	7.9702E-01
3.8740E+03	0.0000E+00	0.0000E+00	7.9959E-01
3.8750E+03	0.0000E+00	0.0000E+00	7.9958E-01
3.8760E+03	0.0000E+00	0.0000E+00	7.9984E-01
3.8770E+03	0.0000E+00	0.0000E+00	8.0620E-01
3.8780E+03	0.0000E+00	0.0000E+00	8.0334E-01
3.8790E+03	0.0000E+00	0.0000E+00	8.0498E-01
3.8800E+03	0.0000E+00	0.0000E+00	8.0306E-01
3.8810E+03	0.0000E+00	0.0000E+00	8.0614E-01
3.8820E+03	0.0000E+00	0.0000E+00	8.0373E-01
3.8830E+03	0.0000E+00	0.0000E+00	8.0417E-01
3.8840E+03	0.0000E+00	0.0000E+00	8.0330E-01
3.8850E+03	0.0000E+00	0.0000E+00	8.0250E-01
3.8860E+03	0.0000E+00	0.0000E+00	7.9867E-01
3.8870E+03	0.0000E+00	0.0000E+00	8.0233E-01
3.8880E+03	0.0000E+00	0.0000E+00	8.0077E-01
3.8890E+03	0.0000E+00	0.0000E+00	8.0237E-01
3.8900E+03	0.0000E+00	0.0000E+00	7.9985E-01
3.8910E+03	0.0000E+00	0.0000E+00	8.0010E-01
3.8920E+03	0.0000E+00	0.0000E+00	7.9818E-01
3.8930E+03	0.0000E+00	0.0000E+00	7.9700E-01
3.8940E+03	0.0000E+00	0.0000E+00	7.9723E-01
3.8950E+03	0.0000E+00	0.0000E+00	7.9646E-01
3.8960E+03	0.0000E+00	0.0000E+00	7.9598E-01
3.8970E+03	0.0000E+00	0.0000E+00	7.9980E-01
3.8980E+03	0.0000E+00	0.0000E+00	8.0143E-01
3.8990E+03	0.0000E+00	0.0000E+00	8.0170E-01
3.9000E+03	0.0000E+00	0.0000E+00	8.0220E-01
3.9010E+03	0.0000E+00	0.0000E+00	8.0454E-01
3.9020E+03	0.0000E+00	0.0000E+00	8.0400E-01
3.9030E+03	0.0000E+00	0.0000E+00	8.0353E-01
3.9040E+03	0.0000E+00	0.0000E+00	8.0358E-01
3.9050E+03	0.0000E+00	0.0000E+00	8.0229E-01
3.9060E+03	0.0000E+00	0.0000E+00	8.0529E-01
3.9070E+03	0.0000E+00	0.0000E+00	8.0394E-01
3.9080E+03	0.0000E+00	0.0000E+00	8.0377E-01
3.9090E+03	0.0000E+00	0.0000E+00	8.0521E-01
3.9100E+03	0.0000E+00	0.0000E+00	8.0032E-01
3.9110E+03	0.0000E+00	0.0000E+00	7.9840E-01
3.9120E+03	0.0000E+00	0.0000E+00	7.9937E-01
3.9130E+03	0.0000E+00	0.0000E+00	8.0228E-01
3.9140E+03	0.0000E+00	0.0000E+00	8.0124E-01
3.9150E+03	0.0000E+00	0.0000E+00	7.9607E-01
3.9160E+03	0.0000E+00	0.0000E+00	7.9738E-01
3.9170E+03	0.0000E+00	0.0000E+00	7.9910E-01
3.9180E+03	0.0000E+00	0.0000E+00	7.9723E-01
3.9190E+03	0.0000E+00	0.0000E+00	7.9686E-01
3.9200E+03	0.0000E+00	0.0000E+00	7.9516E-01
3.9210E+03	0.0000E+00	0.0000E+00	7.9889E-01
3.9220E+03	0.0000E+00	0.0000E+00	7.9821E-01
3.9230E+03	0.0000E+00	0.0000E+00	8.0148E-01
3.9240E+03	0.0000E+00	0.0000E+00	7.9689E-01
3.9250E+03	0.0000E+00	0.0000E+00	8.0081E-01
3.9260E+03	0.0000E+00	0.0000E+00	8.0096E-01
3.9270E+03	0.0000E+00	0.0000E+00	8.0148E-01
3.9280E+03	0.0000E+00	0.0000E+00	8.0167E-01
3.9290E+03	0.0000E+00	0.0000E+00	8.0210E-01
3.9300E+03	0.0000E+00	0.0000E+00	8.0116E-01
3.9310E+03	0.0000E+00	0.0000E+00	8.0292E-01
3.9320E+03	0.0000E+00	0.0000E+00	8.0478E-01
3.9330E+03	0.0000E+00	0.0000E+00	8.0110E-01
3.9340E+03	0.0000E+00	0.0000E+00	7.9841E-01
3.9350E+03	0.0000E+00	0.0000E+00	7.9700E-01
3.9360E+03	0.0000E+00	0.0000E+00	7.9787E-01
3.9370E+03	0.0000E+00	0.0000E+00	7.9646E-01
3.9380E+03	0.0000E+00	0.0000E+00	7.9158E-01
3.9390E+03	0.0000E+00	0.0000E+00	7.9591E-01
3.9400E+03	0.0000E+00	0.0000E+00	7.9770E-01
3.9410E+03	0.0000E+00	0.0000E+00	7.9408E-01
3.9420E+03	0.0000E+00	0.0000E+00	7.9363E-01
3.9430E+03	0.0000E+00	0.0000E+00	7.9412E-01
3.9440E+03	0.0000E+00	0.0000E+00	7.9008E-01
3.9450E+03	0.0000E+00	0.0000E+00	7.9664E-01
3.9460E+03	0.0000E+00	0.0000E+00	7.9512E-01
3.9470E+03	0.0000E+00	0.0000E+00	7.9702E-01
3.9480E+03	0.0000E+00	0.0000E+00	8.0081E-01
3.9490E+03	0.0000E+00	0.0000E+00	7.9759E-01
3.9500E+03	0.0000E+00	0.0000E+00	7.9821E-01
3.9510E+03	0.0000E+00	0.0000E+00	7.9988E-01
3.9520E+03	0.0000E+00	0.0000E+00	7.9848E-01
3.9530E+03	0.0000E+00	0.0000E+00	8.0108E-01
3.9540E+03	0.0000E+00	0.0000E+00	8.0118E-01
3.9550E+03	0.0000E+00	0.0000E+00	7.9977E-01
3.9560E+03	0.0000E+00	0.0000E+00	7.9859E-01
3.9570E+03	0.0000E+00	0.0000E+00	7.9602E-01
3.9580E+03	0.0000E+00	0.0000E+00	7.9511E-01
3.9590E+03	0.0000E+00	0.0000E+00	7.9530E-01
3.9600E+03	0.0000E+00	0.0000E+00	7.9235E-01
3.9610E+03	0.0000E+00	0.0000E+00	7.9348E-01
3.9620E+03	0.0000E+00	0.0000E+00	7.9397E-01
3.9630E+03	0.0000E+00	0.0000E+00	7.9451E-01
3.9640E+03	0.0000E+00	0.0000E+00	7.9236E-01
3.9650E+03	0.0000E+00	0.0000E+00	7.9270E-01
3.9660E+03	0.0000E+00	0.0000E+00	7.9091E-01
3.9670E+03	0.0000E+00	0.0000E+00	7.9201E-01
3.9680E+03	0.0000E+00	0.0000E+00	7.8957E-01
3.9690E+03	0.0000E+00	0.0000E+00	7.9491E-01
3.9700E+03	0.0000E+00	0.0000E+00	7.9641E-01
3.9710E+03	0.0000E+00	0.0000E+00	7.9626E-01
3.9720E+03	0.0000E+00	0.0000E+00	7.9931E-01
3.9730E+03	0.0000E+00	0.0000E+00	7.9940E-01
3.9740E+03	0.0000E+00	0.0000E+00	8.0004E-01
3.9750E+03	0.0000E+00	0.0000E+00	7.9801E-01
3.9760E+03	0.0000E+00	0.0000E+00	8.0094E-01
3.9770E+03	0.0000E+00	0.0000E+00	8.0305E-01
3.9780E+03	0.0000E+00	0.0000E+00	7.9992E-01
3.9790E+03	0.0000E+00	0.0000E+00	8.0097E-01
3.9800E+03	0.0000E+00	0.0000E+00	7.9735E-01
3.9810E+03	0.0000E+00	0.0000E+00	7.9326E-01
3.9820E+03	0.0000E+00	0.0000E+00	7.9422E-01
3.9830E+03	0.0000E+00	0.0000E+00	7.9265E-01
3.9840E+03	0.0000E+00	0.0000E+00	7.9099E-01
3.9850E+03	0.0000E+00	0.0000E+00	7.8932E-01
3.9860E+03	0.0000E+00	0.0000E+00	7.9070E-01
3.9870E+03	0.0000E+00	0.0000E+00	7.8947E-01
3.9880E+03	0.0000E+00	0.0000E+00	7.9103E-01
3.9890E+03	0.0000E+00	0.0000E+00	7.9367E-01
3.9900E+03	0.0000E+00	0.0000E+00	7.9373E-01
3.9910E+03	0.0000E+00	0.0000E+00	7.9419E-01
3.9920E+03	0.0000E+00	0.0000E+00	7.9001E-01
3.9930E+03	0.0000E+00	0.0000E+00	7.9391E-01
3.9940E+03	0.0000E+00	0.0000E+00	7.9163E-01
