Well,Date,water table depth,pH,Temp,Cond,ORP,DO,TC,NPOC,TIC,NH4,Cl,NO2,SO4,NO3,Li,sd,Be,sd,B,sd,Na,sd,Mg,sd,Al,sd,Si,sd,K,sd,V,sd,Cr,sd,Mn,sd,Ca,sd,Fe,sd,Se,sd,Ti,sd,Ni,sd,Co,sd,Cu,sd,Zn,sd,Ge,sd,Rb,sd,Sr,sd,Zr,sd,Mo,sd,Ag,sd,Cd,sd,Sn,sd,Sb,sd,Cs,sd,Ba,sd,Eu,sd,Pb,sd,Th,sd,U,sd,P,sd,As,sd
MC RW up,5/31/18,,8.22,17.3,191.7,51,,,,,,0.3434,0.0196,0.1075,0.0005,,,,,,,,,,,,,,,,,,,,,,,,,,,,,,,,,,,,,,,,,,,,,,,,,,,,,,,,,,,,,,,,,,,,,,,,
MC RW up,6/7/18,,8.02,9.6,176.1,-49,,1.86,0.09,1.771,,0.0096,0.0128,0.2311,0.0009,,,,,,,3.82E-05,3.98E-07,1.67E-04,7.40E-07,,,6.00E-05,4.59E-07,1.02E-05,2.06E-07,,,,,5.40E-08,6.78E-10,7.12E-04,3.23E-06,,,,,,,1.10E-08,2.60E-09,,,,,,,,,3.77E-09,2.54E-10,1.22E-06,1.25E-08,,,5.05E-09,6.37E-10,,,,,,,,,,,2.18E-07,3.47E-09,,,,,,,9.62E-10,9.55E-11,6.39E-06,1.17E-06,,
MC RW up,6/9/18,,7.75,10.1,176.3,-15,,2.165,0.093,2.072,,0.007,0.0129,0.2369,0.0036,,,,,,,3.34E-05,7.24E-07,1.67E-04,2.15E-06,,,6.11E-05,7.94E-07,1.02E-05,1.87E-07,,,,,5.16E-08,1.28E-09,7.15E-04,1.92E-06,,,,,,,9.17E-09,1.75E-09,,,4.21E-09,1.60E-09,,,,,3.91E-09,2.61E-10,1.23E-06,7.94E-09,,,5.87E-09,4.48E-10,,,,,,,,,,,2.21E-07,4.35E-09,,,,,,,1.01E-09,7.52E-11,6.69E-06,1.29E-06,,
MC RW up,6/12/18,,8.05,11.1,226,-36,,1.642,0.06,1.582,,0.007,0.0178,0.2439,0.0035,,,,,,,4.00E-05,8.29E-07,1.94E-04,2.50E-06,,,4.42E-05,4.86E-07,1.09E-05,3.30E-07,,,,,8.23E-08,1.71E-09,7.44E-04,3.51E-06,,,,,,,1.70E-08,2.15E-09,,,4.31E-09,2.18E-10,,,,,6.48E-09,4.62E-10,1.42E-06,7.86E-09,,,1.01E-08,7.53E-10,,,,,,,,,,,2.42E-07,3.92E-09,,,,,,,1.18E-09,6.32E-11,9.92E-06,1.33E-06,2.53E-09,4.96E-10
MC RW up,6/14/18,,8.11,10.4,179.7,15,,1.57,0.27,1.3,0.0015,0.0057,0.0124,0.246,0.0033,,,,,,,3.89E-05,9.47E-07,1.74E-04,2.41E-06,,,6.13E-05,6.87E-07,1.14E-05,3.17E-07,,,6.92E-09,7.80E-10,8.05E-08,1.30E-09,7.17E-04,3.25E-06,,,,,,,1.51E-08,1.37E-09,,,6.32E-09,5.31E-10,,,,,6.92E-09,3.19E-10,1.44E-06,1.21E-08,,,1.09E-08,4.47E-10,,,,,,,,,,,2.45E-07,5.44E-09,,,,,5.37E-10,2.74E-11,1.18E-09,9.84E-11,1.17E-05,1.59E-06,2.77E-09,7.76E-10
MC RW up,6/19/18,,,14.2,193.1,234,,1.571,0.075,1.497,,0.0075,0.0081,0.2486,0.0032,,,,,,,3.89E-05,4.15E-07,1.77E-04,1.90E-06,,,6.32E-05,7.83E-07,1.07E-05,3.51E-07,,,2.95E-09,5.57E-10,1.21E-07,5.35E-10,7.20E-04,1.42E-06,,,,,,,1.42E-08,1.30E-09,,,,,,,,,6.72E-09,2.25E-10,1.44E-06,1.15E-08,,,1.13E-08,8.61E-10,,,,,,,,,,,2.56E-07,3.06E-09,,,,,2.58E-10,5.80E-11,1.26E-09,5.75E-11,1.27E-05,1.56E-06,3.26E-09,1.01E-09
MC RW up,6/21/18,,,11.6,194.4,-78,,1.637,0.14,1.497,0.0011,0.0077,0.0202,0.2614,0.0029,,,,,,,4.29E-05,3.17E-07,1.70E-04,3.27E-06,,,6.13E-05,1.04E-06,1.25E-05,3.86E-07,,,6.35E-09,5.94E-10,1.04E-07,1.76E-09,6.75E-04,2.69E-06,,,,,,,1.67E-08,1.47E-09,,,1.03E-08,8.47E-10,,,,,7.12E-09,4.17E-10,1.38E-06,4.70E-09,,,1.05E-08,1.20E-09,,,,,,,,,,,2.35E-07,3.26E-09,,,,,1.39E-10,4.13E-11,1.29E-09,3.94E-11,1.35E-05,1.69E-06,2.89E-09,4.51E-10
MC RW up,6/27/18,,7.83,11.5,250,145,,1.593,0.074,1.519,,0.0088,0.0202,0.2922,0.0024,,,,,,,3.27E-05,7.48E-07,1.37E-04,9.60E-07,,,6.31E-05,6.55E-07,8.22E-06,1.45E-07,,,,,5.82E-08,6.42E-10,6.07E-04,3.32E-06,1.65E-07,3.60E-09,,,,,8.70E-09,5.60E-10,,,3.42E-09,7.50E-10,,,,,5.01E-09,3.28E-10,1.17E-06,1.31E-08,,,1.10E-08,5.32E-10,,,,,,,,,,,1.99E-07,2.96E-09,,,,,,,1.16E-09,7.37E-11,8.34E-06,1.93E-06,2.93E-09,1.32E-09
MC RW up,6/29/18,,8.07,,210,-4,,1.574,0.091,1.483,,0.0059,0.0189,0.2988,0.0020,,,,,,,3.65E-05,6.79E-07,1.52E-04,1.33E-06,,,6.44E-05,6.05E-07,9.88E-06,1.71E-07,,,,,7.69E-08,1.92E-09,6.81E-04,3.73E-06,1.80E-07,2.55E-09,,,,,9.86E-09,1.55E-09,,,4.86E-09,1.12E-09,,,,,5.64E-09,3.43E-10,1.32E-06,1.07E-08,,,1.14E-08,8.90E-10,,,,,,,,,,,2.27E-07,3.52E-09,,,,,,,1.33E-09,8.88E-11,7.67E-06,1.48E-06,3.00E-09,1.12E-09
MC RW up,7/2/18,,7.94,14.6,220,154,,1.779,0.091,1.687,,0.0059,0.0137,0.3167,0.0018,,,,,,,3.30E-05,6.12E-07,1.43E-04,6.58E-07,,,6.51E-05,5.60E-07,8.06E-06,1.35E-07,,,,,6.03E-08,1.27E-09,6.22E-04,1.60E-06,1.73E-07,4.39E-09,,,,,9.87E-09,5.79E-10,,,6.06E-09,7.52E-10,,,,,5.15E-09,3.55E-10,1.22E-06,9.32E-09,,,1.17E-08,7.48E-10,,,,,,,,,,,2.05E-07,3.04E-09,,,,,,,1.29E-09,8.49E-11,8.71E-06,1.91E-06,3.00E-09,9.25E-10
MC RW up,7/6/18,,7.9,12.9,218,72,,1.717,0.056,1.661,,0.006,0.0234,0.3313,0.0015,,,,,,,4.41E-05,8.69E-07,1.99E-04,1.89E-06,,,6.66E-05,6.11E-07,1.16E-05,1.58E-07,,,,,1.04E-07,2.15E-09,9.04E-04,1.41E-06,1.93E-07,4.11E-09,,,,,1.43E-08,1.39E-09,,,4.37E-09,9.43E-10,,,,,7.11E-09,2.61E-10,1.80E-06,1.79E-08,,,1.27E-08,2.14E-10,,,,,,,,,,,3.10E-07,6.77E-09,,,,,,,1.73E-09,9.71E-11,7.02E-06,1.39E-06,3.07E-09,6.81E-10
MC RW up,7/10/18,,7.63,14.1,229,12,,1.737,0.049,1.688,,0.0067,0.0198,0.3425,0.0017,,,,,,,3.86E-05,8.93E-07,1.60E-04,1.38E-06,,,6.78E-05,6.06E-07,1.01E-05,1.37E-07,,,,,9.29E-08,1.09E-09,7.20E-04,2.09E-06,1.60E-07,2.79E-09,,,,,1.11E-08,6.84E-10,,,1.33E-08,1.15E-09,,,,,6.14E-09,3.54E-10,1.44E-06,7.14E-09,,,1.27E-08,4.23E-10,,,,,,,,,,,2.54E-07,5.94E-09,,,,,,,1.41E-09,7.81E-11,8.94E-06,2.04E-06,2.40E-09,7.71E-10
MC RW up,7/12/18,,7.66,14.9,226,-26,,,0.113,,0.0013,0.0082,0.013,0.3506,0.0020,,,,,,,5.44E-05,1.36E-06,1.98E-04,4.37E-06,2.31E-06,8.54E-08,6.85E-05,2.86E-06,1.36E-05,1.88E-07,,,6.77E-08,3.80E-09,1.20E-07,1.24E-09,8.60E-04,6.66E-06,,,,,,,2.11E-08,7.22E-10,1.23E-09,2.28E-10,,,3.49E-07,4.50E-09,,,8.20E-09,2.39E-10,1.85E-06,1.85E-08,,,1.36E-08,6.58E-10,,,,,,,,,,,2.99E-07,4.12E-09,7.29E-11,2.99E-11,,,,,1.55E-09,9.80E-11,1.62E-05,2.27E-06,3.67E-09,7.69E-10
MC RW up,7/17/18,,7.74,14.8,237,-8,,,0.066,,,,,,,,,,,,,7.27E-05,1.56E-06,1.99E-04,3.44E-06,2.38E-06,1.03E-07,7.05E-05,2.62E-06,2.24E-05,3.94E-07,,,7.43E-09,2.75E-10,1.84E-07,2.15E-09,8.64E-04,1.02E-05,,,1.19E-07,1.89E-07,,,3.35E-08,1.26E-09,1.29E-09,1.80E-10,2.83E-08,1.13E-09,5.00E-07,8.87E-09,,,1.08E-08,2.66E-10,1.86E-06,2.31E-08,,,1.41E-08,8.26E-10,,,,,,,,,,,3.03E-07,2.64E-09,7.92E-11,3.45E-11,8.02E-10,1.14E-10,,,1.64E-09,6.55E-11,1.70E-05,2.25E-06,1.39E-08,6.08E-09
MC RW up,7/21/18,,7.75,14.5,246,-48,,2.023,0.064,1.959,0.001,0.0055,0.0076,0.3754,0.0009,,,,,,,6.22E-05,1.86E-06,2.10E-04,7.00E-06,2.41E-06,1.44E-07,7.21E-05,3.21E-06,1.64E-05,2.34E-07,,,8.62E-09,6.02E-10,1.32E-07,2.32E-09,9.39E-04,4.52E-06,,,,,,,2.56E-08,1.32E-09,1.07E-09,2.24E-10,1.28E-08,7.10E-10,3.88E-07,4.97E-09,,,8.76E-09,2.39E-10,1.96E-06,9.50E-09,,,1.49E-08,8.40E-10,,,,,,,,,,,3.20E-07,3.32E-09,,,,,,,1.85E-09,1.26E-10,1.77E-05,2.68E-06,4.24E-09,4.09E-10
MC RW up,7/24/18,,7.68,15.8,248,-36,,2.127,0.102,2.025,0.001,0.0062,0.0178,0.3788,0.0014,,,,,,,6.10E-05,7.25E-07,2.09E-04,5.17E-06,2.06E-06,9.26E-08,7.57E-05,1.94E-06,1.60E-05,1.65E-07,,,,,1.09E-07,1.23E-09,9.24E-04,8.09E-06,,,,,,,2.18E-08,3.79E-10,,,3.70E-09,7.36E-10,2.86E-07,1.17E-08,,,9.33E-09,1.22E-10,1.94E-06,1.01E-08,,,1.49E-08,8.95E-10,,,,,,,,,,,3.14E-07,1.97E-09,1.13E-10,4.46E-11,,,,,1.81E-09,6.91E-11,1.76E-05,2.66E-06,3.95E-09,1.23E-09
MC RW up,7/27/18,,7.71,14,255,-39,,2.042,0.054,1.989,,0.0079,0.0169,0.3837,0.0011,2.88E-06,7.50E-07,1.47E-05,3.43E-06,5.61E-06,1.60E-06,7.26E-05,2.50E-06,2.27E-04,3.97E-06,2.24E-06,7.48E-08,7.49E-05,2.70E-06,1.55E-05,2.04E-07,6.94E-08,1.31E-08,6.02E-08,9.05E-09,1.56E-07,5.65E-09,1.01E-03,5.47E-06,,,3.19E-06,6.84E-07,1.19E-06,3.35E-07,2.98E-07,6.44E-08,4.78E-08,1.12E-08,9.35E-08,2.23E-08,4.56E-07,4.25E-08,1.10E-07,2.86E-08,3.39E-08,6.08E-09,2.08E-06,1.70E-08,4.01E-08,9.33E-09,1.16E-07,2.24E-08,5.65E-08,1.39E-08,2.52E-07,6.32E-08,8.52E-08,2.31E-08,8.37E-08,2.06E-08,1.52E-08,3.60E-09,4.57E-07,2.76E-08,2.25E-08,5.33E-09,4.67E-08,1.18E-08,1.74E-08,4.48E-09,1.78E-08,4.07E-09,2.13E-05,3.23E-06,4.05E-07,1.80E-07
MC RW up,7/30/18,,7.64,12.4,254,-38,,2.075,0.095,1.98,0.0011,0.0068,0.0076,0.4021,0.0010,2.40E-06,1.20E-06,1.25E-05,6.28E-06,4.43E-06,2.66E-06,6.79E-05,1.43E-06,2.15E-04,2.87E-06,2.46E-06,1.01E-07,7.08E-05,1.45E-06,1.82E-05,2.24E-07,2.26E-08,9.09E-09,1.90E-08,7.21E-09,1.50E-07,5.64E-09,9.38E-04,1.11E-05,,,2.25E-06,8.83E-07,1.07E-06,6.78E-07,2.74E-07,1.31E-07,3.95E-08,1.80E-08,8.95E-08,3.73E-08,5.34E-07,6.70E-08,9.45E-08,4.30E-08,3.22E-08,1.17E-08,1.93E-06,2.42E-08,3.78E-08,1.79E-08,1.05E-07,4.19E-08,5.14E-08,2.48E-08,2.17E-07,1.04E-07,7.52E-08,3.49E-08,7.17E-08,3.40E-08,1.30E-08,6.32E-09,4.12E-07,5.18E-08,1.87E-08,8.83E-09,3.89E-08,1.94E-08,1.37E-08,6.60E-09,1.46E-08,5.61E-09,2.04E-05,1.89E-06,9.56E-07,5.60E-07
MC RW up,8/2/18,,7.54,12.9,261,-28,,2.117,0.365,1.752,0.0014,0.0064,0.0006,0.4082,0.0010,2.04E-07,3.66E-08,,,,,7.29E-05,1.05E-06,2.53E-04,2.85E-06,2.01E-06,8.18E-08,6.53E-05,1.82E-06,1.72E-05,1.97E-07,,,6.95E-09,3.85E-10,1.36E-07,8.59E-10,1.08E-03,8.89E-06,,,,,,,3.00E-08,1.74E-09,3.16E-09,2.27E-10,1.11E-08,7.74E-10,3.39E-07,6.33E-09,,,8.19E-09,2.10E-10,2.26E-06,1.71E-08,,,1.47E-08,6.95E-10,,,,,,,,,,,3.74E-07,2.01E-09,9.01E-11,2.03E-11,,,,,2.62E-09,1.47E-10,1.87E-05,2.72E-06,3.24E-09,2.84E-10
MC RW up,8/9/18,,7.68,19.5,287,-48,,2.103,0.165,1.938,0.0015,0.0057,,0.4236,0.0008,1.67E-07,4.26E-08,,,,,7.53E-05,1.61E-06,2.55E-04,3.65E-06,1.96E-06,8.21E-08,6.60E-05,1.91E-06,1.79E-05,2.35E-07,1.73E-09,2.07E-10,1.77E-08,2.56E-10,1.34E-07,1.35E-09,1.11E-03,1.09E-05,,,,,,,3.33E-08,2.37E-09,3.13E-09,2.49E-10,1.05E-08,7.50E-10,3.52E-07,6.23E-09,,,9.43E-09,1.65E-10,2.32E-06,2.07E-08,,,1.51E-08,9.70E-10,,,,,,,,,,,3.88E-07,5.27E-09,9.09E-11,3.11E-11,,,,,2.75E-09,5.20E-11,1.88E-05,3.14E-06,3.46E-09,5.19E-10
MC RW up,8/25/18,,,,,,,2.111,,,,0.0084,0.0005,0.4573,0.0008,,,,,,,,,,,,,,,,,,,,,,,,,,,,,,,,,,,,,,,,,,,,,,,,,,,,,,,,,,,,,,,,,,,,,,,,
MC RW up,8/25/18,,,,,,,2.089,0.086,2.003,0.001,,,,0.0009,2.00E-07,2.45E-08,,,,,7.68E-05,1.55E-06,2.62E-04,7.46E-06,2.40E-06,1.96E-07,7.08E-05,3.06E-06,1.81E-05,2.55E-07,1.92E-09,1.72E-10,1.08E-08,3.68E-10,1.27E-07,1.57E-09,1.13E-03,1.12E-05,2.21E-07,1.32E-08,,,,,3.20E-08,2.01E-09,3.31E-09,2.88E-10,9.20E-09,6.84E-10,3.63E-07,5.11E-09,,,9.73E-09,4.01E-10,2.42E-06,3.81E-08,,,1.52E-08,1.01E-09,,,,,,,,,,,3.95E-07,4.37E-09,1.22E-10,4.13E-11,5.53E-10,6.38E-11,,,2.65E-09,1.17E-10,2.11E-05,3.49E-06,3.36E-09,5.90E-10
MC RW up,8/25/18,,,,,,,,0.071,,0.0021,0.008,,0.4571,,1.87E-07,5.29E-08,,,,,7.79E-05,2.52E-06,2.64E-04,7.90E-06,2.07E-06,1.02E-07,6.96E-05,2.53E-06,1.85E-05,2.72E-07,1.75E-09,6.14E-11,7.40E-08,1.10E-09,2.55E-07,3.44E-09,1.14E-03,1.25E-05,5.87E-07,1.56E-07,,,,,7.97E-08,1.55E-09,3.62E-09,2.90E-10,2.17E-08,8.43E-10,4.18E-07,3.30E-09,,,9.80E-09,2.94E-10,2.41E-06,1.22E-08,,,1.59E-08,1.11E-09,,,,,,,,,,,4.11E-07,6.62E-09,9.73E-11,1.86E-11,4.05E-10,6.28E-11,,,2.60E-09,7.12E-11,2.10E-05,3.18E-06,3.16E-09,5.09E-10
MC RW up,9/12/18,,,,,,,2.14,0.097,2.043,0.0039,,,,0.0005,1.84E-07,8.54E-08,,,,,6.90E-05,1.91E-06,2.74E-04,6.37E-06,,,8.68E-05,2.94E-06,1.62E-05,3.93E-07,3.44E-09,3.55E-10,5.15E-09,3.36E-10,1.35E-07,2.83E-09,1.15E-03,1.75E-05,4.26E-07,4.83E-09,,,,,2.61E-08,2.05E-09,,,5.88E-09,5.79E-10,2.65E-07,1.02E-08,,,9.80E-09,3.33E-10,2.47E-06,2.50E-08,,,1.45E-08,4.90E-10,,,,,,,,,,,4.22E-07,5.02E-09,9.99E-11,2.96E-11,,,,,2.74E-09,3.62E-11,2.19E-05,3.21E-06,3.37E-09,8.09E-10
MC RW up,9/12/18,,,,,,,2.103,0.035,2.068,0.0032,,,,0.0005,,,,,,,7.48E-05,1.02E-06,2.85E-04,5.43E-06,,,8.72E-05,1.99E-06,1.70E-05,5.69E-07,,,9.90E-09,4.27E-10,2.39E-07,3.75E-09,1.23E-03,1.65E-05,3.69E-07,9.69E-09,,,,,2.71E-08,1.58E-09,,,4.93E-09,5.61E-10,3.40E-07,9.35E-09,,,9.46E-09,2.52E-10,2.39E-06,2.05E-08,,,1.40E-08,5.81E-10,,,,,,,,,,,4.08E-07,4.92E-09,1.08E-10,5.33E-11,,,,,2.70E-09,5.86E-11,2.15E-05,3.13E-06,2.05E-09,6.44E-10
MC RW up,9/23/18,,,,,,,,0.052,,0.0032,,,,0.0005,,,,,,,8.06E-05,2.29E-06,2.80E-04,8.95E-06,,,8.57E-05,2.62E-06,1.85E-05,4.81E-07,,,1.58E-08,5.43E-10,2.19E-07,3.44E-09,1.20E-03,1.36E-05,8.05E-07,8.81E-09,,,,,2.93E-08,2.02E-09,1.10E-09,1.04E-10,1.52E-08,7.39E-10,3.90E-07,1.52E-08,,,8.48E-09,2.99E-10,2.34E-06,2.50E-08,,,1.34E-08,9.71E-10,,,,,,,,,,,3.94E-07,3.83E-09,8.11E-11,2.01E-11,,,,,2.53E-09,4.78E-11,2.15E-05,3.03E-06,2.33E-09,7.21E-10
MC RW up,9/23/18,,,,,,,2.179,0.06,2.12,0.0034,0.0102,0.002,0.4896,0.0005,,,,,,,7.67E-05,1.85E-06,3.00E-04,6.87E-06,,,9.15E-05,2.14E-06,1.76E-05,3.20E-07,,,8.43E-09,2.91E-10,2.25E-07,4.68E-09,1.28E-03,1.52E-05,5.68E-07,1.13E-08,,,,,2.73E-08,1.61E-09,,,4.21E-09,5.19E-10,,,,,8.19E-09,2.07E-10,2.48E-06,1.45E-08,,,1.26E-08,7.55E-10,,,,,,,,,,,4.06E-07,7.38E-09,9.00E-11,2.56E-11,,,,,2.73E-09,7.68E-11,2.28E-05,3.54E-06,,
MCP1-1D,5/27/18,,7.44,10.5,385,-56,,4.244,0.264,3.98,0.0026,0.2403,0.0126,0.3305,0.0005,4.49E-07,2.40E-08,,,4.22E-07,1.51E-08,1.44E-04,2.59E-06,3.78E-04,5.16E-06,1.40E-06,6.52E-08,1.63E-04,2.61E-06,1.27E-05,2.18E-07,,,6.23E-09,1.01E-09,2.04E-05,2.03E-07,1.56E-03,1.21E-05,7.21E-05,5.85E-07,,,,,2.39E-08,2.61E-09,1.30E-09,2.08E-10,4.79E-09,1.26E-09,7.32E-07,1.13E-08,,,2.19E-09,1.57E-10,2.34E-06,1.42E-08,,,1.63E-08,9.39E-10,7.58E-09,7.87E-10,,,,,,,,,1.47E-06,2.39E-08,2.79E-10,2.00E-11,,,,,2.81E-10,3.85E-11,1.13E-05,1.35E-06,3.12E-08,3.35E-09
MCP1-1D,5/31/18,,7.87,10.5,440,60,,4.322,0.257,4.065,0.0024,0.2383,0.0131,0.3329,,4.11E-07,2.22E-08,,,4.17E-07,2.69E-08,1.23E-04,1.01E-06,3.40E-04,3.20E-06,9.96E-07,6.41E-08,1.67E-04,9.91E-07,1.21E-05,9.82E-08,,,5.94E-09,4.81E-10,1.81E-05,1.06E-07,1.38E-03,7.28E-06,4.70E-05,3.27E-07,,,,,2.33E-08,1.65E-09,1.05E-09,2.03E-10,5.31E-09,7.62E-10,7.22E-07,1.35E-08,,,2.04E-09,1.74E-10,2.06E-06,1.22E-08,,,1.62E-08,5.97E-10,3.02E-09,5.10E-10,,,,,,,,,1.30E-06,7.36E-09,2.67E-10,5.28E-11,,,,,2.41E-10,5.62E-11,1.19E-05,1.56E-06,2.97E-08,2.57E-09
MCP1-1D,6/5/18,1.1,7.48,12.6,386,16,,4.318,0.268,4.05,0.0028,0.2366,0.0096,0.339,0.0005,4.25E-07,3.84E-08,,,3.94E-07,3.58E-08,1.28E-04,2.77E-06,3.69E-04,8.05E-06,,,1.66E-04,1.96E-06,1.28E-05,1.51E-07,,,,,2.00E-05,2.85E-07,1.52E-03,1.04E-05,6.62E-05,7.32E-07,,,,,2.44E-08,2.30E-09,1.04E-09,1.96E-10,9.47E-09,6.18E-10,5.60E-07,9.00E-09,,,2.13E-09,1.49E-10,2.25E-06,1.90E-08,,,1.55E-08,4.30E-10,,,,,,,,,,,1.39E-06,9.74E-09,2.59E-10,2.51E-11,,,,,2.51E-10,5.32E-11,1.19E-05,1.43E-06,2.88E-08,2.04E-09
MCP1-1D,6/7/18,1.1,7.61,10.9,438,-1,,4.369,0.252,4.117,0.0028,0.2321,0.0229,0.3375,0.0005,4.35E-07,6.21E-09,,,3.88E-07,9.82E-09,1.28E-04,1.12E-06,3.69E-04,3.99E-06,,,1.70E-04,1.99E-06,1.27E-05,1.47E-07,,,2.36E-09,2.45E-09,1.93E-05,2.05E-07,1.49E-03,4.91E-06,6.45E-05,3.50E-07,,,,,2.27E-08,2.11E-09,1.10E-09,1.78E-10,1.19E-08,7.98E-10,5.94E-07,9.12E-09,,,2.22E-09,1.04E-10,2.19E-06,8.74E-09,,,1.60E-08,5.43E-10,,,,,,,,,,,1.35E-06,2.02E-08,2.75E-10,5.05E-11,,,,,2.45E-10,5.36E-11,1.20E-05,1.47E-06,2.82E-08,1.26E-09
MCP1-1D,6/9/18,1.2,7.43,12.8,396,16,,,0.255,,0.0026,,,,0.0005,4.44E-07,2.47E-08,,,3.79E-07,8.20E-09,1.30E-04,6.54E-07,3.77E-04,2.47E-06,6.22E-07,7.15E-08,1.68E-04,1.78E-06,1.30E-05,2.10E-07,,,,,1.99E-05,2.03E-07,1.53E-03,9.96E-06,6.91E-05,3.71E-07,,,,,2.51E-08,8.67E-10,1.22E-09,2.16E-10,1.20E-08,1.04E-09,6.92E-07,1.23E-08,,,2.89E-09,1.90E-10,2.25E-06,1.90E-08,,,1.50E-08,6.73E-10,,,,,,,,,,,1.42E-06,1.97E-08,3.02E-10,6.82E-11,,,,,2.60E-10,2.14E-11,1.15E-05,1.50E-06,3.02E-08,2.73E-09
MCP1-1D,6/12/18,1.3,7.48,10.8,710,9,,4.137,0.259,3.878,0.001,0.2268,0.0086,0.3298,0.0005,,,,,5.08E-07,1.60E-08,1.25E-04,2.44E-06,3.99E-04,1.77E-05,,,1.59E-04,2.13E-06,7.46E-06,2.41E-07,1.81E-09,3.27E-10,,,2.18E-05,1.92E-07,1.63E-03,7.67E-06,7.93E-05,4.96E-07,,,,,1.56E-08,3.21E-09,,,5.40E-09,6.25E-10,3.88E-07,6.76E-09,,,2.44E-09,1.98E-10,2.46E-06,1.42E-08,,,1.74E-08,3.04E-10,7.62E-09,4.02E-10,,,,,,,,,1.52E-06,9.69E-09,2.93E-10,6.67E-11,,,5.25E-10,5.68E-11,3.14E-10,3.65E-11,1.45E-05,2.15E-06,2.78E-08,2.68E-09
MCP1-1D,6/14/18,1.4,7.73,11.2,376,101,,3.941,0.295,3.646,0.0016,0.2374,0.024,0.3182,0.0005,,,,,2.36E-07,1.16E-08,1.24E-04,1.49E-06,3.70E-04,1.48E-05,,,1.58E-04,3.10E-06,1.37E-05,3.67E-07,,,,,2.16E-05,2.22E-07,1.50E-03,8.86E-06,7.44E-05,4.43E-07,,,,,2.93E-08,1.61E-09,1.39E-09,2.72E-10,5.03E-09,5.74E-10,4.51E-07,8.01E-09,,,2.43E-09,1.42E-10,2.34E-06,1.38E-08,,,1.57E-08,4.60E-10,,,,,,,,,,,1.48E-06,2.46E-08,3.11E-10,6.29E-11,,,,,2.79E-10,2.97E-11,1.82E-05,1.86E-06,3.65E-08,2.51E-09
MCP1-1D,6/19/18,1.46,,13.7,440,-68,,3.971,0.278,3.693,0.0017,0.225,0.0108,0.3278,0.0005,,,,,1.98E-07,1.19E-08,1.20E-04,8.00E-07,3.67E-04,1.07E-05,,,1.60E-04,3.10E-06,1.25E-05,3.48E-07,,,,,2.17E-05,1.92E-07,1.50E-03,7.49E-06,7.17E-05,3.36E-07,,,,,2.83E-08,1.17E-09,1.15E-09,1.59E-10,,,3.58E-07,1.06E-08,,,2.19E-09,2.46E-10,2.33E-06,1.69E-08,,,1.61E-08,8.69E-10,,,,,,,,,,,1.49E-06,9.54E-09,3.45E-10,6.23E-11,,,,,2.77E-10,4.63E-11,1.94E-05,2.00E-06,3.56E-08,1.85E-09
MCP1-1D,6/21/18,,,11.6,515,-89,,3.938,0.362,3.576,0.0023,0.2273,0.0113,0.3261,0.0005,,,,,2.13E-07,1.97E-08,1.21E-04,9.20E-07,3.57E-04,8.53E-06,,,1.53E-04,2.73E-06,1.45E-05,3.40E-07,,,,,2.09E-05,2.12E-07,1.45E-03,3.32E-06,7.04E-05,2.07E-07,,,,,2.94E-08,3.09E-09,1.15E-09,7.84E-11,8.22E-09,7.86E-10,4.04E-07,8.30E-09,,,2.78E-09,1.21E-10,2.26E-06,1.64E-08,,,1.62E-08,6.00E-10,,,,,,,,,,,1.46E-06,1.16E-08,3.05E-10,3.53E-11,4.34E-10,3.69E-11,,,2.89E-10,7.83E-11,2.03E-05,1.76E-06,3.91E-08,1.53E-09
MCP1-1D,6/27/18,,7.5,11.8,369,-43,,4.007,0.257,3.75,0.0032,0.2243,0.0153,0.3194,0.0005,4.01E-07,4.15E-08,,,2.13E-07,1.89E-08,1.15E-04,2.43E-06,3.62E-04,1.82E-06,,,1.61E-04,1.28E-06,1.90E-05,2.45E-07,,,,,2.03E-05,2.06E-07,1.54E-03,2.74E-06,3.92E-05,1.13E-07,,,,,2.11E-08,2.70E-09,,,3.57E-09,7.87E-10,4.30E-07,1.26E-08,,,2.67E-09,2.60E-10,2.20E-06,1.06E-08,,,1.66E-08,1.04E-09,7.21E-09,4.81E-10,,,,,,,,,1.34E-06,1.40E-08,2.12E-10,5.48E-11,,,,,2.69E-10,3.34E-11,1.63E-05,1.19E-06,2.32E-08,1.54E-09
MCP1-1D,6/29/18,,7.33,,388,0,,4.046,0.22,3.826,0.0023,0.2218,0.0175,0.3201,0.0005,4.05E-07,5.09E-08,,,2.31E-07,3.07E-08,1.03E-04,2.17E-06,3.24E-04,2.15E-06,,,1.63E-04,1.16E-06,1.74E-05,2.55E-07,,,1.16E-08,1.63E-09,1.83E-05,1.75E-07,1.36E-03,6.51E-06,4.54E-05,1.94E-07,,,,,1.82E-08,2.98E-09,1.24E-09,2.82E-10,,,4.86E-07,1.21E-08,,,2.33E-09,2.10E-10,1.95E-06,1.02E-08,,,1.65E-08,8.31E-10,4.11E-09,3.73E-10,,,,,,,,,1.21E-06,8.61E-09,2.10E-10,2.26E-11,,,,,2.39E-10,3.24E-11,1.69E-05,1.57E-06,2.66E-08,2.72E-09
MCP1-1D,7/2/18,,7.23,12.8,391,-92,,4.081,0.242,3.838,0.0024,0.2137,0.0065,0.3281,0.0005,4.69E-07,2.05E-08,,,1.98E-07,2.46E-08,1.17E-04,2.47E-06,3.85E-04,2.13E-06,,,1.63E-04,1.21E-06,1.92E-05,2.95E-07,,,,,2.15E-05,2.37E-07,1.66E-03,2.64E-06,2.13E-05,1.05E-07,,,,,2.15E-08,2.34E-09,1.29E-09,2.63E-10,,,2.72E-07,1.42E-08,,,2.52E-09,3.52E-10,2.35E-06,1.31E-08,,,1.60E-08,9.67E-10,,,,,,,,,,,1.42E-06,1.77E-08,2.23E-10,9.57E-11,,,,,2.57E-10,2.98E-11,1.55E-05,1.28E-06,1.91E-08,1.45E-09
MCP1-1D,7/6/18,2,7.16,12.1,379,-109,,3.973,0.247,3.725,0.0023,0.2058,0.0019,0.3342,0.0005,4.73E-07,3.28E-08,,,1.79E-07,1.35E-08,1.15E-04,1.98E-06,3.79E-04,1.62E-06,,,1.64E-04,9.59E-07,1.91E-05,2.95E-07,,,,,2.11E-05,2.06E-07,1.64E-03,5.60E-06,1.53E-05,1.51E-07,,,,,2.05E-08,1.02E-09,,,,,3.36E-07,1.31E-08,,,2.47E-09,1.84E-10,2.31E-06,2.00E-08,,,1.64E-08,5.80E-10,,,,,,,,,,,1.38E-06,1.12E-08,2.61E-10,4.53E-11,,,,,2.67E-10,5.04E-11,1.54E-05,1.44E-06,1.71E-08,1.03E-09
MCP1-1D,7/10/18,2.06,7.02,13,387,-113,,3.906,0.206,3.7,0.0024,0.2045,0.0221,0.3311,0.0005,4.84E-07,2.97E-08,,,2.56E-07,2.86E-08,1.20E-04,2.36E-06,3.71E-04,2.17E-06,,,1.67E-04,1.28E-06,2.17E-05,3.19E-07,,,,,2.03E-05,2.85E-07,1.60E-03,7.61E-06,2.02E-05,1.36E-07,,,,,2.55E-08,1.20E-09,1.22E-09,2.60E-10,5.83E-09,7.88E-10,3.81E-07,6.87E-09,,,3.11E-09,3.60E-10,2.23E-06,1.54E-08,,,1.60E-08,7.95E-10,,,,,,,,,,,1.36E-06,1.05E-08,2.25E-10,4.71E-11,,,,,2.55E-10,3.47E-11,1.52E-05,1.48E-06,2.24E-08,2.47E-09
MCP1-1D,7/12/18,2.09,6.92,12.1,379,-115,,3.891,0.233,3.657,0.0027,0.1988,0.0162,0.3246,0.0005,4.34E-07,5.27E-08,,,,,1.19E-04,1.70E-06,3.02E-04,5.70E-06,1.89E-06,7.84E-08,1.56E-04,3.15E-06,1.84E-05,1.58E-07,,,2.68E-09,1.32E-10,1.74E-05,7.51E-08,1.27E-03,8.77E-06,5.47E-05,6.67E-07,,,,,,,1.50E-09,1.78E-10,1.88E-08,5.77E-10,8.73E-07,1.11E-08,,,4.23E-09,9.14E-11,2.12E-06,1.61E-08,,,1.68E-08,7.01E-10,,,,,,,,,,,1.25E-06,7.36E-09,3.43E-10,6.95E-11,,,,,2.17E-10,2.84E-11,1.71E-05,1.95E-06,3.04E-08,1.73E-09
MCP1-1D,7/17/18,2.14,7.03,13.2,381,-113,,3.876,0.239,3.637,0.0027,0.196,0.0123,0.3297,0.0005,4.27E-07,4.89E-08,,,,,1.18E-04,2.05E-06,3.30E-04,4.56E-06,2.08E-06,8.77E-08,1.67E-04,3.11E-06,1.48E-05,2.06E-07,,,4.28E-09,1.76E-10,1.87E-05,1.18E-07,1.38E-03,7.34E-06,4.83E-05,2.07E-07,,,,,,,1.42E-09,2.18E-10,3.50E-09,6.00E-10,6.73E-07,6.62E-09,,,2.75E-09,1.57E-10,2.31E-06,1.40E-08,,,1.72E-08,1.01E-09,,,,,,,,,,,1.37E-06,1.24E-08,3.99E-10,3.10E-11,,,,,2.84E-10,4.83E-11,1.81E-05,1.90E-06,3.07E-08,1.91E-09
MCP1-1D,7/21/18,2.24,7.09,14.3,381,-117,,3.952,0.211,3.741,0.0026,0.1932,0.0087,0.3331,0.0005,4.87E-07,4.02E-08,,,,,1.19E-04,2.38E-06,3.40E-04,4.56E-06,2.40E-06,8.01E-08,1.67E-04,1.47E-06,1.48E-05,1.43E-07,,,9.53E-09,2.44E-09,1.90E-05,1.05E-07,1.42E-03,8.91E-06,6.30E-05,6.34E-07,,,,,,,1.43E-09,1.57E-10,,,6.80E-07,1.36E-08,,,2.82E-09,2.04E-10,2.34E-06,1.45E-08,,,1.78E-08,9.19E-10,,,,,,,,,,,1.40E-06,1.02E-08,3.73E-10,5.17E-11,,,,,2.26E-10,2.02E-11,1.79E-05,1.84E-06,3.62E-08,2.17E-09
MCP1-1D,7/24/18,2.3,6.81,13.6,379,-114,,4.008,0.238,3.77,0.0027,0.1915,0.0131,0.3319,0.0005,4.40E-07,5.24E-08,,,,,1.22E-04,2.99E-06,3.33E-04,5.76E-06,2.32E-06,9.52E-08,1.63E-04,4.43E-06,1.69E-05,1.67E-07,,,2.49E-09,2.68E-10,1.85E-05,1.26E-07,1.38E-03,8.20E-06,6.23E-05,2.54E-07,,,,,,,1.57E-09,2.14E-10,9.72E-09,7.72E-10,6.67E-07,1.13E-08,,,3.46E-09,1.95E-10,2.32E-06,2.14E-08,,,1.74E-08,7.97E-10,,,,,,,,,,,1.37E-06,1.21E-08,3.67E-10,3.63E-11,,,,,2.56E-10,5.55E-11,1.74E-05,1.82E-06,3.29E-08,1.95E-09
MCP1-1D,7/27/18,2.33,7.03,13.8,387,-112,,3.933,0.213,3.719,0.0025,0.1929,0.0058,0.3333,0.0005,5.00E-07,5.66E-08,,,,,1.21E-04,2.18E-06,3.51E-04,6.11E-06,1.89E-06,8.63E-08,1.72E-04,5.23E-06,3.97E-05,6.46E-07,,,2.65E-09,1.86E-10,1.96E-05,2.07E-07,1.45E-03,8.78E-06,6.58E-05,6.37E-07,,,,,,,1.56E-09,2.01E-10,7.58E-09,9.10E-10,6.64E-07,7.63E-09,,,3.45E-09,1.20E-10,2.42E-06,1.61E-08,,,1.81E-08,5.51E-10,,,,,,,,,,,1.43E-06,1.03E-08,4.51E-10,2.23E-11,,,,,2.58E-10,3.08E-11,1.78E-05,1.79E-06,3.60E-08,1.22E-09
MCP1-1D,7/30/18,2.37,6.97,12.9,391,-112,,3.948,0.228,3.719,0.0026,0.188,0.0052,0.3298,0.0005,4.57E-07,4.61E-08,,,,,1.20E-04,2.60E-06,3.14E-04,5.57E-06,2.00E-06,8.02E-08,1.62E-04,3.76E-06,1.81E-05,1.96E-07,,,1.87E-09,1.80E-10,1.76E-05,1.52E-07,1.31E-03,8.45E-06,5.88E-05,4.45E-07,,,,,,,1.32E-09,2.09E-10,1.49E-08,9.80E-10,8.40E-07,1.38E-08,,,3.83E-09,2.10E-10,2.21E-06,3.68E-09,,,1.74E-08,3.43E-10,,,,,,,,,,,1.31E-06,8.59E-09,4.02E-10,6.65E-11,3.92E-10,6.07E-11,,,2.79E-10,5.00E-11,1.73E-05,1.84E-06,3.37E-08,1.24E-09
MCP1-1D,8/2/18,2.41,7,13.6,391,-88,,3.674,0.718,2.957,0.0048,0.1769,,0.3384,0.0005,1.56E-06,3.12E-07,5.90E-06,1.52E-06,1.71E-06,6.84E-07,1.34E-04,2.94E-06,3.95E-04,1.28E-05,1.97E-06,7.61E-08,1.76E-04,5.95E-06,1.90E-05,2.47E-07,3.43E-08,1.45E-08,3.48E-08,1.06E-08,2.12E-05,5.77E-08,1.63E-03,2.22E-05,7.20E-05,7.65E-07,3.07E-06,1.22E-06,4.38E-07,1.38E-07,1.60E-07,2.69E-08,2.25E-08,2.03E-09,4.40E-08,6.83E-09,7.47E-07,1.95E-08,4.81E-08,1.27E-08,1.33E-08,2.27E-09,2.58E-06,1.50E-08,1.67E-08,2.92E-09,5.80E-08,8.98E-09,2.32E-08,4.17E-09,1.01E-07,1.84E-08,3.36E-08,7.02E-09,3.50E-08,4.82E-09,6.22E-09,6.02E-10,1.48E-06,1.18E-08,9.59E-09,1.24E-09,1.86E-08,3.26E-09,7.05E-09,1.69E-09,6.68E-09,1.84E-09,2.10E-05,3.04E-06,3.76E-07,1.16E-07
MCP1-1D,8/9/18,2.45,7.04,14.9,416,-87,,3.634,0.422,3.212,0.0029,0.1723,,0.3405,0.0005,7.73E-07,1.04E-07,2.12E-06,5.91E-07,,,1.42E-04,1.49E-06,3.90E-04,7.29E-06,1.77E-06,7.37E-08,1.74E-04,4.55E-06,1.76E-05,2.04E-07,1.45E-08,4.49E-09,4.80E-08,4.11E-09,2.09E-05,1.39E-07,1.62E-03,2.40E-05,7.19E-05,7.37E-07,2.21E-06,5.20E-07,4.55E-08,6.09E-08,8.38E-08,1.45E-08,1.04E-08,1.85E-09,2.41E-08,3.64E-09,7.27E-07,1.11E-08,1.69E-08,4.25E-09,7.13E-09,1.03E-09,2.52E-06,2.01E-08,9.34E-09,1.17E-09,3.42E-08,4.88E-09,8.54E-09,2.73E-09,3.83E-08,1.32E-08,1.24E-08,4.16E-09,1.28E-08,3.62E-09,2.27E-09,6.87E-10,1.44E-06,8.84E-09,3.65E-09,1.02E-09,6.89E-09,2.23E-09,2.52E-09,7.51E-10,2.60E-09,8.79E-10,2.02E-05,2.43E-06,3.65E-07,1.10E-07
MCP1-1D,8/25/18,,,,,,,3.672,0.899,2.773,0.0155,0.1543,,0.3397,0.0005,8.84E-07,5.48E-07,2.54E-06,2.74E-06,,,1.40E-04,1.73E-06,4.00E-04,6.28E-06,1.87E-06,9.16E-08,1.77E-04,4.83E-06,1.64E-05,2.45E-07,3.45E-09,1.50E-09,7.88E-09,1.35E-09,2.07E-05,1.71E-07,1.63E-03,1.87E-05,7.17E-05,5.15E-07,1.12E-06,8.27E-07,7.83E-08,2.56E-07,8.02E-08,5.04E-08,1.20E-08,9.06E-09,2.21E-08,1.76E-08,6.82E-07,3.11E-08,2.09E-08,2.23E-08,7.84E-09,5.01E-09,2.58E-06,2.48E-08,8.69E-09,8.14E-09,3.77E-08,2.09E-08,1.04E-08,1.05E-08,4.54E-08,4.74E-08,1.51E-08,1.64E-08,1.48E-08,1.52E-08,2.74E-09,2.85E-09,1.46E-06,2.82E-08,4.35E-09,4.13E-09,8.71E-09,9.48E-09,3.07E-09,3.23E-09,3.13E-09,3.18E-09,1.88E-05,2.97E-06,5.98E-08,7.75E-09
MCP1-1D,9/12/18,,,,,,,3.505,0.212,3.293,0.0048,0.1257,0.0021,0.3258,0.0005,4.39E-07,4.22E-08,,,,,1.30E-04,3.55E-06,4.04E-04,8.08E-06,,,1.90E-04,5.62E-06,1.42E-05,3.10E-07,,,1.89E-08,5.82E-10,2.13E-05,1.22E-07,1.64E-03,3.03E-05,7.11E-05,1.06E-06,,,,,2.78E-08,1.37E-09,,,,,5.83E-07,7.10E-09,,,2.61E-09,1.43E-10,2.44E-06,2.40E-08,,,1.71E-08,2.48E-09,,,,,,,,,,,1.47E-06,1.88E-08,3.93E-10,3.67E-11,,,,,2.47E-10,2.90E-11,2.10E-05,2.03E-06,3.70E-08,2.35E-09
MCP1-1D,9/23/18,,,,,,,3.504,0.192,3.312,0.0047,0.1256,0.0012,0.3352,0.0005,3.97E-07,7.92E-08,,,,,1.28E-04,3.55E-06,3.98E-04,8.99E-06,,,1.87E-04,5.15E-06,1.41E-05,2.79E-07,,,8.10E-09,4.39E-10,2.10E-05,1.59E-07,1.64E-03,1.52E-05,6.85E-05,4.64E-07,,,,,2.88E-08,1.00E-09,,,,,4.90E-07,1.27E-08,,,2.52E-09,1.26E-10,2.42E-06,1.96E-08,,,1.62E-08,7.42E-10,,,,,,,,,,,1.47E-06,1.39E-08,3.10E-10,6.37E-11,,,,,2.72E-10,9.99E-11,1.96E-05,1.85E-06,3.43E-08,2.35E-09
MCP1-2D,5/27/18,,7.77,12.6,732,-53,,3.88,0.609,3.271,0.0115,0.4141,0.0169,0.1086,0.0005,2.64E-07,3.25E-08,,,7.27E-07,3.03E-08,2.33E-04,4.68E-06,2.91E-04,2.28E-06,1.53E-06,8.05E-08,1.47E-04,1.50E-06,1.36E-05,1.88E-07,2.98E-09,2.17E-10,1.95E-09,3.41E-10,1.98E-05,2.26E-07,1.13E-03,5.46E-06,1.19E-04,7.38E-07,,,,,2.38E-08,1.18E-09,1.15E-09,2.57E-10,6.71E-09,8.68E-10,3.26E-06,2.90E-08,,,6.34E-09,5.60E-10,1.80E-06,9.04E-09,,,1.26E-08,5.57E-10,,,,,,,,,,,1.23E-06,1.92E-08,2.83E-10,3.32E-11,,,,,1.49E-10,3.10E-11,6.45E-06,3.78E-07,5.27E-09,6.92E-10
MCP1-2D,5/31/18,,7.79,12.8,335,-8,,4.007,0.562,3.445,0.0104,0.4301,0.0139,0.0892,0.0005,2.97E-07,3.69E-08,,,8.14E-07,2.84E-08,2.45E-04,3.93E-06,2.98E-04,8.13E-07,1.03E-06,9.56E-08,1.55E-04,1.74E-06,1.44E-05,3.18E-07,2.76E-09,3.00E-10,1.65E-08,6.71E-10,2.03E-05,2.60E-07,1.16E-03,7.92E-06,1.03E-04,3.17E-07,,,,,3.01E-08,2.71E-09,1.18E-09,2.08E-10,2.25E-08,1.28E-09,2.78E-06,2.17E-08,,,6.40E-09,3.56E-10,1.82E-06,1.52E-08,,,1.38E-08,6.42E-10,,,,,,,,,,,1.24E-06,1.21E-08,2.96E-10,7.78E-11,,,,,1.51E-10,2.08E-11,6.36E-06,3.99E-07,5.22E-09,4.92E-10
MCP1-2D,6/5/18,1,7.23,15.5,354,-42,,4.503,0.577,3.926,0.011,0.4243,0.0105,0.0662,0.0005,3.50E-07,3.43E-08,,,7.87E-07,2.11E-08,2.61E-04,4.41E-06,3.41E-04,4.05E-06,1.35E-07,6.45E-08,1.62E-04,1.79E-06,1.54E-05,2.70E-07,3.01E-09,1.73E-10,,,2.30E-05,3.19E-07,1.33E-03,8.58E-06,1.24E-04,5.60E-07,,,,,2.47E-08,2.13E-09,1.15E-09,2.61E-10,9.81E-09,8.80E-10,2.65E-06,6.91E-09,,,6.80E-09,4.14E-10,2.09E-06,1.27E-08,,,1.32E-08,7.80E-10,,,,,,,,,,,1.42E-06,9.73E-09,3.20E-10,5.57E-11,,,,,2.02E-10,2.24E-11,6.31E-06,2.47E-07,4.98E-09,7.23E-10
MCP1-2D,6/7/18,0.7,7.6,12.7,385,-34,,4.695,0.552,4.144,0.0138,0.4218,0.0102,0.0595,0.0005,3.24E-07,5.77E-08,,,7.74E-07,1.95E-08,2.52E-04,2.01E-06,3.28E-04,1.77E-06,,,1.62E-04,7.12E-07,1.57E-05,2.88E-07,2.56E-09,2.88E-10,5.61E-09,4.44E-10,2.15E-05,3.46E-07,1.27E-03,2.79E-06,9.52E-05,6.10E-07,,,,,2.63E-08,2.36E-09,1.24E-09,3.31E-10,5.40E-09,6.36E-10,2.56E-06,2.00E-08,,,6.69E-09,4.93E-10,1.99E-06,5.94E-09,,,1.29E-08,6.09E-10,,,,,,,,,,,1.33E-06,9.64E-09,2.83E-10,3.72E-11,,,,,2.23E-10,3.47E-11,6.24E-06,2.13E-07,6.06E-09,8.32E-10
MCP1-2D,6/9/18,1.3,7.42,13.3,392,-50,,4.836,0.54,4.296,0.0116,0.4228,0.0149,0.0539,0.0005,3.16E-07,2.52E-08,,,7.27E-07,1.45E-08,2.50E-04,2.31E-06,3.42E-04,2.70E-06,1.55E-07,6.39E-08,1.62E-04,5.84E-07,1.55E-05,2.95E-07,1.78E-09,2.02E-10,,,2.27E-05,3.05E-07,1.32E-03,5.25E-06,7.97E-05,7.93E-07,,,,,2.53E-08,2.37E-09,1.17E-09,3.12E-10,1.34E-08,1.09E-09,2.67E-06,1.92E-08,,,6.51E-09,3.20E-10,2.06E-06,1.21E-08,,,1.27E-08,8.55E-10,,,,,,,,,,,1.36E-06,1.65E-08,2.83E-10,2.84E-11,,,,,2.42E-10,3.49E-11,6.01E-06,2.84E-07,4.08E-09,5.49E-10
MCP1-2D,6/12/18,1.42,7.47,11.9,1155,-33,,4.541,0.579,3.962,0.0118,0.4147,0.0105,0.0504,0.0005,,,,,5.60E-07,2.10E-08,2.38E-04,1.50E-06,3.46E-04,1.22E-05,,,1.51E-04,3.60E-06,1.52E-05,3.66E-07,3.00E-09,2.93E-10,,,2.64E-05,2.59E-07,1.40E-03,3.58E-06,1.53E-04,6.66E-07,,,,,3.18E-08,3.03E-09,1.48E-09,1.17E-10,5.28E-09,6.50E-10,3.62E-06,2.19E-08,,,7.02E-09,2.63E-10,2.30E-06,3.18E-09,,,1.33E-08,1.35E-09,,,,,,,,,,,1.60E-06,1.61E-08,3.30E-10,4.79E-11,,,,,3.27E-10,4.40E-11,7.56E-06,1.86E-07,1.66E-08,1.66E-09
MCP1-2D,6/14/18,1.56,7.5,12.5,377,21,,4.498,0.57,3.928,0.0117,0.4075,0.0125,0.046,0.0005,,,,,5.47E-07,1.26E-08,2.37E-04,1.53E-06,3.42E-04,1.08E-05,,,1.48E-04,2.66E-06,1.53E-05,4.16E-07,3.24E-09,1.93E-10,,,2.61E-05,2.36E-07,1.39E-03,5.73E-06,1.51E-04,8.26E-07,,,,,2.98E-08,1.49E-09,1.32E-09,2.17E-10,6.45E-09,4.62E-10,3.60E-06,3.43E-08,,,6.87E-09,1.28E-10,2.27E-06,1.26E-08,,,1.32E-08,1.12E-09,,,,,,,,,,,1.57E-06,1.06E-08,3.63E-10,3.05E-11,,,,,3.02E-10,5.82E-11,7.88E-06,1.16E-07,1.67E-08,1.02E-09
MCP1-2D,6/19/18,,,13.9,447,-99,,4.618,0.577,4.041,0.0119,0.4035,0.0077,0.0462,0.0005,,,,,5.19E-07,2.50E-08,2.39E-04,1.85E-06,3.51E-04,1.07E-05,,,1.51E-04,2.74E-06,1.54E-05,3.53E-07,3.43E-09,2.23E-10,3.38E-09,8.92E-10,2.69E-05,2.26E-07,1.44E-03,1.21E-05,1.57E-04,8.29E-07,,,,,3.09E-08,2.92E-09,1.66E-09,2.52E-10,4.27E-09,3.27E-10,4.10E-06,2.29E-08,,,6.97E-09,1.32E-10,2.36E-06,1.20E-08,,,1.38E-08,7.72E-10,,,,,,,,,,,1.63E-06,1.72E-08,3.58E-10,3.47E-11,,,4.82E-10,5.78E-11,3.14E-10,4.32E-11,9.00E-06,1.98E-07,2.03E-08,1.33E-09
MCP1-2D,6/21/18,,,14.1,627,-120,,4.637,0.591,4.046,0.0123,0.4007,0.0102,0.0451,0.0005,,,,,5.04E-07,1.54E-08,2.37E-04,1.88E-06,3.48E-04,1.25E-05,,,1.48E-04,3.15E-06,1.64E-05,3.98E-07,3.01E-09,2.26E-10,1.76E-09,2.27E-10,2.66E-05,2.23E-07,1.42E-03,9.17E-06,1.55E-04,7.24E-07,,,,,3.28E-08,2.21E-09,1.40E-09,1.37E-10,6.84E-09,9.23E-10,4.23E-06,2.15E-08,,,7.42E-09,2.38E-10,2.34E-06,7.89E-09,,,1.20E-08,4.73E-10,,,,,,,,,,,1.60E-06,8.02E-09,3.48E-10,5.54E-11,5.97E-10,9.34E-11,1.28E-10,3.84E-11,3.40E-10,2.73E-11,8.74E-06,1.99E-07,1.90E-08,1.09E-09
MCP1-2D,6/27/18,,7.45,12.6,400,-86,,4.329,0.521,3.808,0.0129,0.3974,0.019,0.0435,0.0005,2.64E-07,3.57E-08,,,5.24E-07,2.72E-08,2.16E-04,7.08E-06,3.34E-04,3.15E-06,,,1.51E-04,9.24E-07,2.03E-05,2.58E-07,1.72E-09,3.39E-10,,,2.32E-05,2.57E-07,1.39E-03,4.16E-06,5.33E-05,1.04E-07,,,,,2.17E-08,1.95E-09,1.11E-09,3.79E-10,,,2.17E-06,1.44E-08,,,6.26E-09,2.63E-10,2.06E-06,1.51E-08,,,1.29E-08,1.15E-09,,,,,,,,,,,1.31E-06,7.89E-09,2.35E-10,4.90E-11,,,,,2.65E-10,2.90E-11,7.68E-06,2.27E-07,3.31E-09,7.32E-10
MCP1-2D,6/29/18,,7.28,,374,12,,4.478,0.531,3.946,0.0131,0.3965,0.0229,0.045,0.0005,3.08E-07,1.56E-08,,,5.14E-07,1.72E-08,2.66E-04,3.49E-06,3.69E-04,1.70E-06,,,1.55E-04,4.20E-07,2.35E-05,4.13E-07,3.07E-09,3.62E-10,,,2.59E-05,2.45E-07,1.56E-03,8.07E-06,1.03E-04,4.42E-07,,,,,2.52E-08,1.98E-09,1.22E-09,2.75E-10,5.76E-09,7.71E-10,3.32E-06,4.91E-08,,,7.86E-09,1.48E-10,2.31E-06,1.44E-08,,,1.34E-08,1.03E-09,,,,,,,,,,,1.53E-06,2.23E-08,2.90E-10,5.68E-11,,,,,2.79E-10,4.35E-11,7.90E-06,4.57E-07,4.63E-09,8.18E-10
MCP1-2D,7/2/18,,7.29,13.5,399,-116,,4.644,0.513,4.131,0.0129,0.3935,0.0172,0.0545,0.0005,3.63E-07,3.78E-08,,,5.25E-07,1.00E-08,2.52E-04,4.01E-06,3.94E-04,1.89E-06,,,1.53E-04,8.96E-07,2.42E-05,4.00E-07,,,,,2.66E-05,3.47E-07,1.68E-03,3.92E-06,4.02E-05,9.10E-08,,,,,2.74E-08,1.96E-09,1.24E-09,3.23E-10,3.55E-09,5.33E-10,2.09E-06,1.94E-08,,,7.70E-09,1.84E-10,2.43E-06,1.04E-08,,,1.32E-08,7.22E-10,,,,,,,,,,,1.52E-06,1.47E-08,2.44E-10,6.13E-11,,,,,2.91E-10,1.68E-11,7.92E-06,3.33E-07,3.55E-09,8.27E-10
MCP1-2D,7/6/18,2.23,7.23,11.6,395,-122,,4.653,0.488,4.165,0.0124,0.3726,0.0083,0.079,0.0005,3.21E-07,3.44E-08,,,4.67E-07,4.49E-08,2.35E-04,4.41E-06,3.70E-04,3.09E-06,,,1.55E-04,1.14E-06,2.10E-05,3.12E-07,2.14E-09,3.70E-10,1.71E-09,2.21E-10,2.59E-05,2.48E-07,1.58E-03,4.52E-06,5.74E-05,1.70E-07,,,,,2.33E-08,3.25E-09,,,,,2.88E-06,1.92E-08,,,6.56E-09,2.85E-10,2.28E-06,1.30E-08,,,1.35E-08,6.36E-10,,,,,,,,,,,1.46E-06,1.38E-08,2.74E-10,6.48E-11,,,,,2.84E-10,3.94E-11,8.72E-06,1.79E-07,3.73E-09,6.93E-10
MCP1-2D,7/10/18,2.26,7.01,12.7,409,-135,,4.726,0.458,4.268,0.0126,0.3534,0.0125,0.0941,0.0005,2.50E-07,4.08E-08,,,4.85E-07,2.82E-08,1.89E-04,3.51E-06,2.88E-04,1.69E-06,,,1.53E-04,1.10E-06,1.84E-05,2.00E-07,,,,,2.02E-05,2.15E-07,1.19E-03,2.81E-06,1.92E-05,7.17E-08,,,,,1.84E-08,1.37E-09,,,6.92E-09,8.60E-10,1.70E-06,2.55E-08,,,5.23E-09,3.45E-10,1.74E-06,8.23E-09,,,1.29E-08,1.15E-09,,,,,,,,,,,1.07E-06,9.68E-09,1.64E-10,3.89E-11,,,,,2.43E-10,6.16E-11,9.18E-06,2.91E-07,,
MCP1-2D,7/12/18,2.27,7.02,11.8,411,-128,,4.717,0.453,4.264,0.0133,0.3441,0.0316,0.1034,0.0005,3.90E-07,3.06E-08,,,3.31E-07,2.40E-08,2.51E-04,2.34E-06,3.81E-04,5.46E-06,1.84E-06,8.97E-08,1.57E-04,3.55E-06,1.73E-05,2.50E-07,3.12E-09,1.77E-10,2.51E-09,3.67E-10,2.71E-05,2.72E-07,1.51E-03,1.67E-05,1.56E-04,1.58E-06,,,,,,,1.86E-09,1.97E-10,,,4.19E-06,6.15E-08,,,7.81E-09,1.18E-10,2.67E-06,8.16E-09,,,1.34E-08,8.10E-10,,,,,,,,,,,1.69E-06,1.38E-08,4.78E-10,6.06E-11,,,,,3.76E-10,6.35E-11,7.87E-06,3.18E-07,1.16E-08,5.83E-10
MCP1-2D,7/17/18,2.34,7.05,12.2,419,-123,,4.807,0.463,4.344,0.0135,0.3309,0.0167,0.1072,0.0005,3.57E-07,3.19E-08,,,3.13E-07,2.80E-08,2.46E-04,4.25E-06,3.68E-04,7.86E-06,2.11E-06,7.12E-08,1.57E-04,3.89E-06,1.73E-05,1.95E-07,2.90E-09,1.50E-10,1.89E-09,1.59E-10,2.63E-05,1.58E-07,1.48E-03,8.78E-06,1.49E-04,1.38E-06,,,,,,,1.58E-09,1.75E-10,3.56E-09,7.50E-10,4.47E-06,8.77E-08,,,7.66E-09,2.71E-10,2.59E-06,1.35E-08,,,1.31E-08,6.39E-10,,,,,,,,,,,1.65E-06,1.00E-08,4.58E-10,3.51E-11,,,,,3.51E-10,3.58E-11,8.47E-06,4.74E-07,1.17E-08,9.69E-10
MCP1-2D,7/21/18,2.47,6.9,12.9,407,-125,,4.853,0.478,4.375,0.0145,0.3368,0.0131,0.1082,0.0005,3.46E-07,2.65E-08,,,3.08E-07,2.14E-08,2.47E-04,2.22E-06,3.76E-04,2.50E-06,2.16E-06,7.77E-08,1.59E-04,1.68E-06,1.80E-05,1.61E-07,3.04E-09,1.81E-10,1.84E-09,1.49E-10,2.69E-05,2.39E-07,1.51E-03,9.33E-06,1.50E-04,1.39E-06,,,,,,,1.80E-09,1.73E-10,3.93E-09,6.10E-10,4.14E-06,3.33E-08,,,7.68E-09,2.32E-10,2.65E-06,1.13E-08,,,1.28E-08,5.42E-10,,,,,,,,,,,1.69E-06,1.26E-08,5.07E-10,4.29E-11,,,,,3.49E-10,3.35E-11,8.49E-06,4.25E-07,1.13E-08,1.25E-09
MCP1-2D,7/24/18,2.52,6.88,12.5,427,-124,,5.064,0.48,4.584,0.0136,0.3358,0.0122,0.1087,0.0005,3.52E-07,6.62E-08,,,3.44E-07,2.37E-08,2.41E-04,3.19E-06,3.61E-04,5.33E-06,2.31E-06,8.47E-08,1.61E-04,3.74E-06,1.76E-05,3.05E-07,2.79E-09,1.57E-10,2.81E-09,2.58E-10,2.60E-05,2.45E-07,1.46E-03,1.38E-05,1.29E-04,9.64E-07,,,,,,,1.82E-09,2.23E-10,3.97E-09,8.48E-10,3.74E-06,3.01E-08,,,7.61E-09,2.20E-10,2.56E-06,1.74E-08,,,1.34E-08,7.15E-10,,,,,,,,,,,1.63E-06,1.54E-08,4.86E-10,4.03E-11,,,,,3.18E-10,4.13E-11,9.24E-06,5.63E-07,1.02E-08,9.53E-10
MCP1-2D,7/27/18,2.61,7.05,12.6,431,-118,,4.939,0.459,4.48,0.0137,0.3405,0.0127,0.1063,0.0005,3.05E-07,5.84E-08,,,,,2.44E-04,4.19E-06,3.76E-04,3.67E-06,2.16E-06,4.23E-07,1.69E-04,2.62E-06,1.67E-05,2.45E-07,3.73E-09,6.85E-10,,,2.53E-05,3.45E-07,1.42E-03,1.37E-05,1.22E-04,2.46E-06,,,,,2.02E-08,1.95E-09,1.42E-09,1.60E-10,,,3.91E-06,4.16E-08,,,8.17E-09,5.25E-10,2.58E-06,2.18E-08,,,1.28E-08,1.24E-09,,,,,,,,,,,1.67E-06,2.44E-08,4.16E-10,5.14E-11,,,,,3.22E-10,3.26E-11,1.10E-05,2.76E-07,1.07E-08,1.18E-09
MCP1-2D,7/30/18,2.6,6.93,11.7,433,-121,,4.952,0.451,4.501,0.0136,0.3489,0.0062,0.0947,0.0005,3.45E-07,9.01E-08,,,,,2.41E-04,4.02E-06,3.84E-04,8.56E-06,1.71E-06,3.19E-07,1.66E-04,5.00E-06,1.66E-05,3.13E-07,4.82E-09,8.18E-10,,,2.67E-05,3.88E-07,1.50E-03,1.17E-05,1.39E-04,1.31E-06,,,,,2.03E-08,1.27E-09,1.42E-09,5.07E-10,,,4.06E-06,2.00E-08,,,7.65E-09,3.80E-10,2.62E-06,1.34E-08,,,1.33E-08,4.90E-10,,,,,,,,,,,1.75E-06,1.02E-08,4.38E-10,4.14E-11,,,,,2.62E-10,3.94E-11,9.75E-06,3.80E-07,1.11E-08,1.82E-09
MCP1-2D,8/2/18,2.66,6.71,11.9,432,-82,,4.609,0.462,4.146,0.0142,0.3279,,0.0845,0.0005,3.89E-06,4.85E-06,1.92E-05,2.53E-05,8.63E-06,1.21E-05,3.07E-04,5.86E-06,4.25E-04,7.04E-06,2.38E-06,4.02E-07,1.67E-04,3.45E-06,6.99E-05,1.02E-06,9.99E-09,2.84E-09,3.07E-08,2.86E-09,2.96E-05,2.87E-07,1.74E-03,2.29E-05,1.82E-04,2.99E-06,4.42E-07,1.72E-07,1.91E-06,2.76E-06,4.84E-07,5.23E-07,7.08E-08,8.92E-08,2.07E-07,1.81E-07,5.16E-06,2.65E-07,1.66E-07,2.22E-07,5.63E-08,5.61E-08,2.89E-06,1.64E-08,6.22E-08,7.86E-08,1.75E-07,2.15E-07,8.69E-08,1.15E-07,3.96E-07,5.19E-07,1.34E-07,1.77E-07,1.31E-07,1.67E-07,2.37E-08,3.07E-08,1.91E-06,2.40E-07,3.51E-08,4.50E-08,6.98E-08,8.90E-08,2.55E-08,3.28E-08,2.29E-08,2.94E-08,8.98E-06,2.12E-07,5.51E-08,5.19E-09
MCP1-2D,8/9/18,2.83,6.79,12.6,455,-102,,4.58,0.521,4.06,0.0144,0.3478,,0.0637,0.0005,2.36E-07,5.67E-08,,,,,2.71E-04,6.13E-06,4.28E-04,1.14E-05,2.16E-06,7.92E-08,1.70E-04,5.87E-06,1.91E-05,3.22E-07,3.06E-09,1.77E-10,3.38E-08,6.68E-10,3.01E-05,1.27E-07,1.72E-03,1.52E-05,1.82E-04,1.91E-06,,,,,6.35E-08,3.30E-09,3.62E-09,2.39E-10,1.17E-08,1.31E-09,3.68E-06,4.17E-08,,,8.28E-09,1.70E-10,2.90E-06,3.04E-08,8.21E-09,2.32E-09,1.34E-08,5.24E-10,,,,,,,,,,,1.75E-06,1.33E-08,4.86E-10,6.26E-11,,,,,3.21E-10,4.20E-11,6.44E-06,2.05E-07,9.74E-09,5.47E-10
MCP1-2D,8/25/18,,,,,,,4.704,0.438,4.266,0.0144,0.3177,,0.058,0.0005,2.21E-07,4.56E-08,,,,,2.69E-04,7.94E-06,4.27E-04,7.56E-06,2.09E-06,8.52E-08,1.69E-04,5.12E-06,1.88E-05,2.31E-07,3.06E-09,1.47E-10,1.13E-08,5.21E-10,3.02E-05,1.33E-07,1.70E-03,1.67E-05,1.87E-04,1.53E-06,,,,,4.82E-08,1.46E-09,3.64E-09,4.38E-10,6.15E-09,9.12E-10,5.64E-06,3.39E-08,,,8.23E-09,3.24E-10,2.86E-06,4.89E-08,,,1.26E-08,3.98E-10,,,,,,,,,,,1.76E-06,1.20E-08,4.23E-10,6.39E-11,,,,,2.63E-10,4.77E-11,6.25E-06,2.79E-07,9.87E-09,5.83E-10
MCP1-2D,9/12/18,,,,,,,4.468,0.414,4.054,0.0115,0.2769,0.0023,0.1082,0.0005,2.93E-07,6.92E-08,,,,,2.69E-04,2.18E-06,4.36E-04,9.08E-06,,,1.80E-04,3.28E-06,1.88E-05,3.89E-07,4.48E-09,1.60E-10,1.75E-08,3.92E-10,3.06E-05,3.36E-07,1.71E-03,2.13E-05,1.89E-04,2.64E-06,,,3.63E-08,2.03E-09,4.14E-08,2.35E-09,1.59E-09,1.19E-10,5.56E-09,3.33E-10,8.80E-06,5.57E-08,,,8.09E-09,3.07E-10,2.76E-06,3.18E-08,,,1.18E-08,1.07E-09,,,,,,,,,,,1.82E-06,8.23E-09,4.71E-10,4.40E-11,,,,,3.05E-10,6.71E-11,1.04E-05,4.61E-07,6.82E-09,7.77E-10
MCP1-2D,9/23/18,,,,,,,4.381,0.432,3.949,0.0118,0.229,0.0011,0.1556,0.0005,2.29E-07,5.46E-08,,,,,2.67E-04,7.47E-06,4.41E-04,6.92E-06,,,1.79E-04,3.39E-06,1.78E-05,2.17E-07,4.25E-09,1.43E-10,1.13E-08,4.52E-10,2.98E-05,1.59E-07,1.70E-03,2.91E-05,1.89E-04,2.88E-06,,,,,3.14E-08,2.84E-09,1.35E-09,1.62E-10,5.11E-09,3.22E-10,7.79E-06,4.95E-08,,,8.00E-09,3.08E-10,2.74E-06,4.26E-09,,,1.16E-08,8.18E-10,,,,,,,,,,,1.78E-06,2.11E-08,4.81E-10,4.22E-11,,,,,3.37E-10,3.16E-11,1.27E-05,7.47E-07,6.87E-09,8.29E-10
MCP1-3D,5/27/18,,7.82,10.4,411,-47,,4.371,0.489,3.881,0.0043,0.0951,0.0085,0.3252,0.0005,2.84E-07,3.45E-08,,,2.43E-07,1.65E-08,1.83E-04,1.40E-06,3.28E-04,3.85E-06,1.15E-06,6.93E-08,1.63E-04,1.54E-06,1.14E-05,2.15E-07,,,3.22E-09,2.50E-10,2.47E-05,2.36E-07,1.24E-03,6.06E-06,7.53E-05,3.43E-07,,,,,2.16E-08,1.34E-09,,,9.49E-07,1.22E-08,7.22E-07,8.38E-09,,,4.62E-09,2.67E-10,1.88E-06,2.77E-08,,,1.30E-08,9.07E-10,,,,,,,,,,,1.35E-06,2.66E-08,2.88E-10,2.41E-11,,,,,1.48E-10,1.99E-11,1.12E-05,1.64E-06,4.88E-09,4.05E-10
MCP1-3D,5/31/18,,7.72,10.5,381,-14,,4.405,0.329,4.076,0.0041,0.0871,0.0112,0.3254,,3.31E-07,2.53E-08,,,2.24E-07,2.12E-08,2.00E-04,9.08E-07,3.36E-04,3.27E-06,1.08E-06,6.69E-08,1.63E-04,9.97E-07,1.19E-05,1.67E-07,2.65E-09,1.69E-10,,,2.52E-05,2.30E-07,1.27E-03,4.64E-06,1.08E-04,5.26E-07,,,,,1.70E-08,1.35E-09,,,4.77E-09,1.17E-09,8.38E-07,8.32E-09,,,4.99E-09,3.92E-10,1.94E-06,1.04E-08,,,1.87E-08,9.76E-10,,,,,,,,,,,1.40E-06,1.30E-08,2.90E-10,5.03E-11,,,,,1.50E-10,4.18E-11,1.05E-05,1.44E-06,6.13E-09,8.01E-10
MCP1-3D,6/5/18,1.2,7.31,11.6,373,-18,,4.365,0.314,4.051,0.0041,0.0765,0.0106,0.3299,0.0005,3.26E-07,2.97E-08,,,2.34E-07,1.58E-08,1.89E-04,3.93E-06,3.41E-04,6.32E-06,,,1.63E-04,6.09E-06,1.20E-05,1.98E-07,2.36E-09,2.15E-10,1.79E-09,1.65E-10,2.60E-05,2.34E-07,1.29E-03,8.55E-06,1.16E-04,1.12E-06,,,,,1.96E-08,2.07E-09,1.06E-09,2.12E-10,8.85E-09,1.26E-09,4.84E-07,1.83E-08,,,5.13E-09,1.91E-10,2.01E-06,2.18E-08,,,1.24E-08,8.46E-10,,,,,,,,,,,1.46E-06,1.76E-08,2.71E-10,6.15E-11,,,,,,,1.06E-05,1.48E-06,6.61E-09,6.37E-10
MCP1-3D,6/7/18,1.1,7.41,12,532,-19,,4.465,0.303,4.162,0.0044,0.0782,0.0182,0.3339,0.0005,3.35E-07,6.02E-09,,,2.18E-07,7.98E-09,1.94E-04,2.56E-06,3.60E-04,3.14E-06,,,1.65E-04,1.76E-06,1.26E-05,3.00E-07,2.23E-09,2.38E-10,,,2.73E-05,3.67E-07,1.37E-03,3.52E-06,1.14E-04,7.16E-07,,,,,1.95E-08,1.00E-09,9.94E-10,2.82E-10,,,4.36E-07,4.89E-09,,,5.13E-09,3.19E-10,2.09E-06,1.37E-08,,,1.33E-08,8.75E-10,,,,,,,,,,,1.53E-06,1.63E-08,2.99E-10,5.18E-11,,,,,2.07E-10,3.40E-11,1.05E-05,1.62E-06,6.15E-09,4.65E-10
MCP1-3D,6/9/18,1.4,7.44,9.8,420,-23,,,0.339,,0.00332,,,,0.0005,3.89E-07,1.34E-08,,,2.38E-07,2.10E-08,2.02E-04,2.90E-06,3.79E-04,1.78E-06,1.18E-07,6.08E-08,1.69E-04,1.05E-06,1.31E-05,2.14E-07,2.72E-09,3.26E-10,,,2.88E-05,3.00E-07,1.45E-03,1.88E-05,1.51E-04,1.89E-06,,,,,2.19E-08,3.35E-09,,,7.99E-09,1.07E-09,5.99E-07,1.55E-08,,,5.53E-09,3.55E-10,2.21E-06,2.36E-08,,,1.38E-08,8.17E-10,,,,,,,,,,,1.61E-06,2.08E-08,3.21E-10,3.77E-11,,,,,1.88E-10,3.99E-11,9.49E-06,1.37E-06,7.61E-09,1.30E-09
MCP1-3D,6/12/18,1.6,7.09,12.3,633,-36,,3.863,0.312,3.551,0.003,0.0769,0.0173,0.3241,0.0005,,,,,1.78E-07,1.62E-08,1.83E-04,8.80E-07,3.33E-04,1.21E-05,,,1.52E-04,3.63E-06,1.48E-05,3.43E-07,2.90E-09,2.09E-10,,,2.95E-05,2.72E-07,1.34E-03,8.21E-06,1.57E-04,6.94E-07,,,,,2.58E-08,1.38E-09,1.17E-09,1.10E-10,6.31E-09,5.93E-10,3.00E-07,7.43E-09,,,5.69E-09,3.96E-10,2.13E-06,9.02E-09,,,1.42E-08,1.21E-09,,,,,,,,,,,1.65E-06,1.83E-08,3.53E-10,1.53E-11,,,,,1.92E-10,3.92E-11,1.92E-05,2.05E-06,1.90E-08,1.36E-09
MCP1-3D,6/14/18,1.83,,12.1,345,-2,,3.865,0.346,3.52,0.0032,0.0795,0.0141,0.3276,0.0005,,,,,1.85E-07,1.56E-08,1.81E-04,1.27E-06,3.29E-04,1.17E-05,,,1.48E-04,3.15E-06,1.36E-05,3.92E-07,3.16E-09,1.13E-10,1.96E-09,4.83E-10,2.88E-05,3.49E-07,1.33E-03,3.25E-06,1.55E-04,9.07E-07,,,,,2.58E-08,2.51E-09,1.16E-09,1.73E-10,8.11E-09,7.89E-10,3.01E-07,8.44E-09,,,6.14E-09,4.77E-10,2.09E-06,6.78E-09,,,1.32E-08,7.82E-10,,,,,,,,,,,1.60E-06,2.49E-08,3.65E-10,3.47E-11,,,,,1.70E-10,2.69E-11,1.86E-05,1.99E-06,1.86E-08,1.92E-09
MCP1-3D,6/19/18,1.73,,13.9,423,-52,,3.952,0.334,3.618,0.0033,0.0879,0.0132,0.3311,0.0005,,,,,1.71E-07,1.09E-08,1.87E-04,1.28E-06,3.47E-04,1.11E-05,,,1.57E-04,3.11E-06,1.19E-05,3.41E-07,3.16E-09,2.15E-10,2.87E-09,3.98E-10,3.08E-05,2.47E-07,1.41E-03,3.20E-06,1.65E-04,7.65E-07,,,,,2.58E-08,1.53E-09,1.14E-09,1.06E-10,,,2.83E-07,7.77E-09,,,5.52E-09,2.15E-10,2.20E-06,2.66E-08,,,1.43E-08,3.98E-10,,,,,,,,,,,1.72E-06,1.66E-08,3.46E-10,5.12E-11,,,,,1.86E-10,2.65E-11,1.96E-05,2.21E-06,1.82E-08,1.88E-09
MCP1-3D,6/21/18,,,11.7,388,-79,,3.923,0.333,3.591,0.0032,0.097,0.0065,0.3365,0.0005,,,,,2.24E-07,6.08E-09,1.87E-04,1.27E-06,3.50E-04,1.05E-05,,,1.58E-04,3.24E-06,1.18E-05,2.98E-07,3.04E-09,3.04E-10,,,3.08E-05,1.85E-07,1.41E-03,1.12E-05,1.65E-04,1.32E-06,,,,,2.56E-08,2.30E-09,1.28E-09,1.21E-10,,,3.50E-07,9.04E-09,,,5.72E-09,1.21E-10,2.21E-06,1.29E-08,,,1.45E-08,6.15E-10,,,,,,,,,,,1.71E-06,9.93E-09,3.78E-10,3.20E-11,,,,,2.09E-10,3.33E-11,1.99E-05,2.21E-06,2.01E-08,1.37E-09
MCP1-3D,6/27/18,,7.32,11.8,430,-42,,3.926,0.338,3.588,0.0037,0.1207,0.0145,0.3423,0.0005,4.21E-07,4.73E-08,,,,,2.14E-04,9.09E-06,4.52E-04,2.25E-06,,,1.68E-04,5.65E-07,2.34E-05,4.34E-07,3.86E-09,5.06E-10,,,3.63E-05,4.86E-07,1.95E-03,8.88E-06,1.20E-04,6.05E-07,,,,,2.53E-08,7.09E-10,9.92E-10,3.86E-10,,,4.91E-07,8.81E-09,,,7.70E-09,4.82E-10,2.73E-06,2.05E-08,,,1.51E-08,7.18E-10,,,,,,,,,,,2.04E-06,1.76E-08,3.85E-10,3.23E-11,,,,,2.03E-10,2.31E-11,1.42E-05,1.36E-06,9.16E-09,1.73E-09
MCP1-3D,6/29/18,,7.27,,373,39,,4.086,0.337,3.749,0.0037,0.1255,0.0152,0.3466,0.0005,2.81E-07,1.56E-08,,,,,1.38E-04,2.90E-06,2.71E-04,3.08E-06,,,1.60E-04,1.64E-06,1.57E-05,2.25E-07,,,,,2.18E-05,2.37E-07,1.12E-03,2.75E-06,3.37E-05,1.64E-07,,,,,1.32E-08,9.81E-10,,,,,,,,,4.34E-09,2.29E-10,1.58E-06,7.80E-09,,,1.32E-08,7.57E-10,,,,,,,,,,,1.09E-06,3.30E-09,2.06E-10,5.98E-11,,,,,1.53E-10,2.36E-11,1.51E-05,1.95E-06,2.87E-09,7.53E-10
MCP1-3D,7/2/18,,7.18,12.4,389,-84,,4.26,0.373,3.886,0.0039,0.1397,0.0211,0.346,0.0005,4.19E-07,2.03E-08,,,,,2.13E-04,8.08E-06,4.52E-04,3.01E-06,,,1.67E-04,1.06E-06,2.28E-05,3.32E-07,3.81E-09,3.59E-10,,,3.65E-05,3.60E-07,1.97E-03,9.68E-06,1.27E-04,1.04E-06,,,,,2.38E-08,2.02E-09,1.22E-09,3.29E-10,3.46E-09,4.42E-10,5.41E-07,1.40E-08,,,7.78E-09,4.11E-10,2.79E-06,2.67E-08,,,1.49E-08,7.20E-10,,,,,,,,,,,2.08E-06,2.54E-08,4.03E-10,6.64E-11,,,,,2.03E-10,2.29E-11,1.20E-05,9.85E-07,9.54E-09,6.68E-10
MCP1-3D,7/6/18,2.62,7.04,12.4,392,-86,,4.179,0.352,3.827,0.0037,0.1839,0.0416,0.3609,0.0005,3.37E-07,4.04E-08,,,,,1.62E-04,4.65E-06,3.43E-04,4.77E-06,,,1.64E-04,2.21E-06,1.85E-05,2.63E-07,2.67E-09,3.09E-10,,,2.79E-05,2.86E-07,1.45E-03,8.94E-06,9.27E-05,7.91E-07,,,,,1.74E-08,6.80E-10,,,7.13E-09,1.03E-09,3.66E-07,1.06E-08,,,5.53E-09,3.41E-10,2.04E-06,1.79E-08,,,1.42E-08,7.40E-10,,,,,,,,,,,1.50E-06,1.01E-08,2.44E-10,6.21E-11,,,,,1.95E-10,4.23E-11,1.38E-05,1.73E-06,6.27E-09,1.24E-09
MCP1-3D,7/10/18,2.62,6.87,11.2,409,-90,,4.457,0.355,4.102,0.0038,0.2107,0.0151,0.353,0.0005,3.74E-07,4.42E-08,,,,,1.66E-04,3.59E-06,3.63E-04,3.46E-06,7.54E-07,5.90E-08,1.67E-04,1.46E-06,1.79E-05,2.72E-07,2.54E-09,4.14E-10,,,2.93E-05,2.32E-07,1.56E-03,4.85E-06,4.10E-05,1.36E-07,,,,,1.82E-08,2.34E-09,,,,,3.09E-07,9.59E-09,,,5.41E-09,2.72E-10,2.15E-06,1.36E-08,,,1.35E-08,7.26E-10,,,,,,,,,,,1.51E-06,1.34E-08,2.39E-10,6.59E-11,,,,,1.95E-10,4.45E-11,1.38E-05,1.50E-06,4.51E-09,9.61E-10
MCP1-3D,7/12/18,2.56,6.9,12.7,396,-91,,4.219,0.414,3.805,0.0042,0.2239,0.0201,0.3413,0.0005,4.24E-07,3.34E-08,,,,,1.97E-04,2.53E-06,3.52E-04,4.67E-06,5.94E-07,1.93E-07,1.69E-04,3.81E-06,1.32E-05,2.36E-07,3.63E-09,2.61E-10,,,2.85E-05,1.11E-07,1.41E-03,1.38E-05,1.23E-04,1.26E-06,,,,,1.78E-08,1.77E-09,1.36E-09,2.79E-10,,,6.19E-07,1.49E-08,,,6.70E-09,3.87E-10,2.39E-06,3.65E-08,,,1.45E-08,8.51E-10,,,,,,,,,,,1.74E-06,6.96E-09,4.03E-10,4.84E-11,,,,,1.56E-10,2.33E-11,1.91E-05,2.18E-06,1.30E-08,2.14E-09
MCP1-3D,7/17/18,2.63,6.97,11.9,434,-94,,4.456,0.411,4.046,0.0042,0.2598,0.0118,0.3277,0.0005,4.26E-07,2.92E-08,,,,,2.05E-04,4.70E-06,3.82E-04,8.51E-06,,,1.70E-04,4.26E-06,1.39E-05,1.58E-07,4.98E-09,2.24E-10,,,3.23E-05,1.95E-07,1.59E-03,1.69E-05,1.69E-04,2.32E-06,,,,,2.01E-08,1.25E-09,1.60E-09,2.61E-10,,,7.04E-07,9.08E-09,,,6.85E-09,2.18E-10,2.58E-06,3.16E-08,,,1.56E-08,8.57E-10,,,,,,,,,,,1.92E-06,2.50E-08,5.04E-10,7.79E-11,,,,,2.31E-10,3.40E-11,1.76E-05,2.11E-06,1.57E-08,9.33E-10
MCP1-3D,7/21/18,2.85,6.96,12,427,-93,,4.712,0.429,4.283,0.0044,0.2892,0.017,0.2938,0.0005,4.72E-07,7.51E-08,,,,,1.97E-04,5.20E-06,3.45E-04,1.13E-05,1.18E-07,8.04E-08,1.67E-04,6.07E-06,1.41E-05,2.11E-07,2.66E-09,6.39E-10,,,2.98E-05,2.87E-07,1.49E-03,2.09E-05,1.23E-04,2.11E-06,,,,,1.72E-08,3.60E-09,1.27E-09,2.48E-10,,,5.90E-07,1.72E-08,,,6.76E-09,1.98E-10,2.35E-06,1.86E-08,,,1.41E-08,5.72E-10,,,,,,,,,,,1.75E-06,1.81E-08,4.31E-10,5.40E-11,,,,,2.17E-10,3.48E-11,1.62E-05,1.66E-06,1.36E-08,9.93E-10
MCP1-3D,7/24/18,2.95,6.81,13.9,435,-93,,5.027,0.455,4.572,0.0046,0.3086,0.0143,0.2674,0.0005,4.62E-07,7.93E-08,,,,,2.04E-04,2.96E-06,3.68E-04,6.35E-06,,,1.66E-04,3.19E-06,1.65E-05,2.10E-07,2.82E-09,2.72E-10,,,3.27E-05,3.69E-07,1.63E-03,2.05E-05,1.67E-04,1.53E-06,,,,,2.42E-08,1.35E-09,1.45E-09,2.51E-10,7.05E-09,1.03E-09,6.14E-07,1.74E-08,,,7.69E-09,2.69E-10,2.55E-06,2.48E-08,,,1.51E-08,1.24E-09,,,,,,,,,,,1.91E-06,1.11E-08,4.07E-10,4.67E-11,,,,,2.66E-10,3.82E-11,1.45E-05,1.52E-06,1.43E-08,1.48E-09
MCP1-3D,7/27/18,3.11,6.94,12.4,447,-101,,5.11,0.449,4.661,0.0045,0.3237,0.0111,0.2439,0.0005,4.96E-07,4.09E-08,,,,,2.05E-04,3.71E-06,3.91E-04,9.61E-06,,,1.72E-04,5.04E-06,1.46E-05,2.16E-07,3.04E-09,3.01E-10,,,3.40E-05,4.42E-07,1.71E-03,3.28E-05,1.88E-04,2.95E-06,,,,,1.96E-08,2.51E-09,1.42E-09,1.76E-10,,,6.08E-07,1.48E-08,,,6.91E-09,2.73E-10,2.64E-06,3.51E-08,,,1.50E-08,5.37E-10,,,,,,,,,,,1.99E-06,1.60E-08,4.53E-10,8.61E-11,,,,,2.60E-10,4.62E-11,1.38E-05,1.29E-06,1.60E-08,1.13E-09
MCP1-3D,7/30/18,2.98,6.87,11.6,447,-103,,5.221,0.454,4.767,0.0044,0.3356,0.0076,0.2168,0.0005,4.59E-07,4.90E-08,,,,,2.10E-04,4.92E-06,4.06E-04,9.36E-06,,,1.72E-04,5.53E-06,1.49E-05,2.51E-07,3.55E-09,2.67E-10,,,3.58E-05,3.90E-07,1.80E-03,3.15E-05,2.18E-04,3.51E-06,,,,,2.15E-08,2.61E-09,1.61E-09,2.86E-10,,,7.20E-07,6.82E-09,,,6.98E-09,2.38E-10,2.82E-06,4.51E-08,,,1.55E-08,1.02E-09,,,,,,,,,,,2.12E-06,2.33E-08,5.14E-10,4.90E-11,,,,,3.06E-10,4.06E-11,1.32E-05,1.14E-06,1.73E-08,2.41E-09
MCP1-3D,8/2/18,3.16,6.94,11.7,446,-94,,4.669,0.474,4.196,0.006,0.3727,,0.1961,0.0005,4.12E-07,5.91E-08,,,,,2.13E-04,5.25E-06,4.24E-04,5.37E-06,2.79E-06,8.54E-08,1.71E-04,4.74E-06,1.60E-05,2.09E-07,4.23E-09,1.22E-10,1.58E-08,2.77E-10,3.51E-05,2.68E-07,1.68E-03,2.21E-05,2.02E-04,3.00E-06,,,,,4.81E-08,8.41E-10,3.93E-09,2.19E-10,9.25E-09,7.81E-10,8.68E-07,1.24E-08,,,7.47E-09,3.05E-10,2.84E-06,2.86E-08,,,1.63E-08,7.60E-10,,,,,,,,,,,2.09E-06,1.81E-08,4.93E-10,5.82E-11,,,,,3.70E-10,5.52E-11,1.22E-05,1.25E-06,1.78E-08,1.23E-09
MCP1-3D,8/9/18,3.48,6.96,11.8,468,-88,,4.684,0.595,4.089,0.0052,0.3159,,0.1648,0.0005,4.53E-07,7.13E-08,,,,,2.14E-04,2.69E-06,4.19E-04,8.65E-06,2.16E-06,1.02E-07,1.73E-04,5.82E-06,1.66E-05,2.01E-07,4.10E-09,1.83E-10,9.86E-09,5.81E-10,3.49E-05,2.71E-07,1.71E-03,2.25E-05,2.07E-04,2.17E-06,,,,,4.08E-08,2.20E-09,3.83E-09,4.70E-10,6.86E-09,1.03E-09,7.64E-07,1.92E-08,,,7.54E-09,1.62E-10,2.79E-06,1.83E-08,,,1.57E-08,6.62E-10,,,,,,,,,,,2.08E-06,1.49E-08,5.10E-10,7.18E-11,,,,,3.49E-10,4.30E-11,1.08E-05,9.06E-07,1.72E-08,1.19E-09
MCP1-3D,8/25/18,,,,,,,4.915,0.458,4.457,0.0056,0.3188,,0.1397,0.0005,4.29E-07,3.58E-08,,,,,2.17E-04,2.77E-06,4.12E-04,1.13E-05,1.93E-06,7.62E-08,1.72E-04,5.73E-06,1.59E-05,4.58E-07,3.97E-09,2.40E-10,1.05E-08,1.24E-09,3.40E-05,3.30E-07,1.68E-03,2.13E-05,1.93E-04,2.89E-06,,,,,4.09E-08,2.37E-09,3.76E-09,1.94E-10,1.65E-08,9.43E-10,7.81E-07,8.30E-09,,,7.45E-09,1.55E-10,2.76E-06,1.86E-08,,,1.64E-08,8.17E-10,,,,,,,,,,,2.05E-06,4.00E-08,5.54E-10,1.03E-10,,,,,3.21E-10,4.77E-11,9.82E-06,7.02E-07,1.69E-08,9.81E-10
MCP1-3D,9/12/18,,,,,,,4.555,0.425,4.13,0.0057,0.3303,0.0048,0.1135,0.0005,3.30E-07,6.27E-08,,,,,2.43E-04,3.08E-06,4.65E-04,1.01E-05,,,1.98E-04,5.20E-06,1.40E-03,1.76E-05,5.39E-09,1.62E-10,8.32E-09,1.93E-10,3.60E-05,5.73E-07,1.79E-03,3.35E-05,1.92E-04,1.71E-06,,,,,3.38E-08,1.06E-09,1.55E-09,2.77E-10,1.07E-08,1.01E-09,1.85E-06,2.48E-08,,,3.60E-08,1.09E-09,2.83E-06,1.74E-08,,,1.36E-08,9.57E-10,,,,,,,,,,,2.02E-06,7.21E-09,5.02E-10,4.90E-11,,,,,2.83E-10,3.41E-11,1.14E-05,2.59E-07,1.63E-08,8.86E-10
MCP1-3D,9/23/18,,,,,,,4.58,0.423,4.156,0.0062,0.3128,0.0033,0.1086,0.0005,3.71E-07,7.98E-08,,,,,2.39E-04,6.32E-06,4.65E-04,1.07E-05,,,1.97E-04,5.16E-06,1.66E-05,2.24E-07,4.74E-09,3.31E-10,2.88E-08,3.88E-10,3.54E-05,1.86E-07,1.84E-03,2.75E-05,1.78E-04,2.86E-06,,,3.86E-08,3.62E-09,3.41E-08,2.38E-09,1.20E-09,2.04E-10,3.82E-09,4.49E-10,2.34E-06,3.47E-08,,,8.09E-09,2.77E-10,2.85E-06,3.83E-08,,,1.46E-08,5.48E-10,,,,,,,,,,,2.07E-06,1.75E-08,5.82E-10,8.06E-11,,,,,3.09E-10,3.29E-11,1.04E-05,4.73E-07,2.77E-08,9.97E-10
MCP1-4D,5/27/18,,7.83,15.9,542,30,,5.528,0.298,5.23,,0.1625,0.0132,0.1273,0.0005,5.22E-07,3.50E-08,,,2.78E-07,2.09E-08,1.86E-04,2.32E-06,4.24E-04,2.97E-06,1.44E-06,6.13E-08,1.78E-04,2.05E-06,1.24E-05,1.38E-07,1.86E-09,2.78E-10,,,1.04E-05,1.27E-07,1.79E-03,9.80E-06,2.59E-05,1.01E-07,,,,,2.56E-08,3.28E-09,1.52E-09,2.68E-10,2.65E-08,1.44E-09,1.78E-06,1.64E-08,,,1.46E-09,1.84E-10,2.67E-06,1.27E-08,,,3.13E-09,3.78E-10,,,,,4.06E-09,2.62E-10,,,,,1.45E-06,9.53E-09,2.65E-10,7.36E-11,,,,,2.66E-10,3.94E-11,6.73E-06,5.57E-07,,
MCP1-4D,5/31/18,,7.71,15.8,455,4,,5.405,0.526,4.879,,0.1639,0.0177,0.1307,0.0005,5.01E-07,2.44E-08,,,2.91E-07,2.77E-08,1.82E-04,1.23E-06,4.09E-04,3.50E-06,1.71E-06,7.59E-08,1.80E-04,9.36E-07,1.22E-05,1.55E-07,1.93E-09,2.23E-10,4.76E-09,7.02E-10,1.01E-05,1.21E-07,1.74E-03,1.47E-05,2.60E-05,1.91E-07,,,,,2.51E-08,1.47E-09,1.54E-09,2.11E-10,4.57E-09,8.70E-10,5.16E-07,5.55E-09,,,1.42E-09,1.52E-10,2.59E-06,1.15E-08,,,3.13E-09,4.12E-10,,,,,,,,,,,1.40E-06,1.73E-08,2.73E-10,5.43E-11,,,,,2.51E-10,3.30E-11,7.01E-06,7.82E-07,,
MCP1-4D,6/5/18,1.8,7.44,16,409,-7,,5.52,0.31,5.21,,0.1676,0.0147,0.1289,0.0005,5.32E-07,4.96E-08,,,3.08E-07,8.11E-09,1.88E-04,1.23E-06,4.30E-04,2.08E-06,,,1.78E-04,1.05E-06,1.27E-05,1.89E-07,2.20E-09,2.16E-10,,,1.06E-05,1.39E-07,1.84E-03,1.09E-05,3.46E-05,2.43E-07,,,,,2.99E-08,1.13E-09,1.53E-09,1.69E-10,7.59E-09,7.06E-10,5.60E-07,8.19E-09,,,1.40E-09,1.56E-10,2.73E-06,1.56E-08,,,3.43E-09,3.16E-10,,,,,,,,,,,1.49E-06,6.90E-09,2.89E-10,4.85E-11,,,,,2.60E-10,3.32E-11,7.25E-06,8.22E-07,,
MCP1-4D,6/7/18,2.1,7.84,16.3,558,16,,5.392,0.279,5.113,,0.1602,0.01,0.1209,0.0005,5.49E-07,2.45E-08,,,3.15E-07,2.12E-08,1.88E-04,3.23E-06,4.36E-04,3.52E-06,,,1.81E-04,2.30E-06,1.29E-05,2.16E-07,2.27E-09,3.54E-10,,,1.09E-05,1.23E-07,1.88E-03,5.05E-06,3.48E-05,5.23E-08,,,,,2.85E-08,1.35E-09,1.47E-09,1.49E-10,1.06E-08,6.79E-10,8.24E-07,1.89E-08,,,1.61E-09,1.68E-10,2.77E-06,1.00E-08,,,3.71E-09,6.12E-10,,,,,,,,,,,1.50E-06,5.59E-09,2.92E-10,2.29E-11,,,,,2.44E-10,4.69E-11,6.78E-06,4.99E-07,,
MCP1-4D,6/9/18,2.2,7.47,16.5,404,-20,,5.317,0.285,5.032,,0.1586,0.01,0.1135,0.0005,5.49E-07,2.78E-08,,,3.00E-07,1.78E-08,1.90E-04,2.69E-06,4.40E-04,4.26E-06,,,1.80E-04,1.38E-06,1.30E-05,2.63E-07,2.57E-09,1.53E-10,,,1.10E-05,1.50E-07,1.89E-03,1.51E-05,4.11E-05,2.57E-07,,,,,2.78E-08,2.51E-09,1.50E-09,2.34E-10,1.34E-08,7.56E-10,1.19E-06,1.48E-08,,,1.58E-09,1.50E-10,2.78E-06,9.92E-09,,,3.20E-09,4.43E-10,,,,,,,,,,,1.54E-06,1.31E-08,2.72E-10,6.59E-11,,,,,2.97E-10,4.03E-11,6.69E-06,4.74E-07,,
MCP1-4D,6/12/18,2.37,7.4,15.3,2420,-24,,4.976,0.321,4.655,0.0012,0.152,0.0104,0.0982,0.0005,,,,,2.73E-07,1.44E-08,1.84E-04,4.79E-07,3.71E-04,1.40E-05,,,1.55E-04,3.16E-06,2.22E-05,4.90E-07,2.66E-09,2.34E-10,3.64E-09,4.02E-10,1.04E-05,1.00E-07,1.66E-03,1.12E-05,4.01E-05,1.64E-07,,,,,3.98E-08,1.90E-09,1.88E-09,2.92E-10,3.16E-08,6.39E-10,1.64E-06,1.15E-08,,,5.08E-09,1.62E-10,2.55E-06,7.21E-09,,,3.82E-09,4.03E-10,,,,,,,,,,,1.46E-06,1.53E-08,3.30E-10,4.22E-11,1.27E-09,1.41E-10,,,3.09E-10,3.25E-11,1.00E-05,4.37E-07,3.97E-09,7.22E-10
MCP1-4D,6/14/18,2.49,,12.9,388,-14,,4.999,0.321,4.679,0.0011,0.1462,0.0021,0.0813,0.0005,,,,,2.67E-07,1.07E-08,1.77E-04,1.86E-06,3.90E-04,1.65E-05,,,1.67E-04,3.80E-06,1.27E-05,3.45E-07,2.73E-09,1.99E-10,5.62E-09,1.55E-09,1.12E-05,1.23E-07,1.77E-03,1.21E-05,4.18E-05,3.07E-07,,,,,3.46E-08,2.77E-09,1.75E-09,2.35E-10,4.21E-09,7.21E-10,1.88E-06,1.29E-08,,,1.62E-09,2.31E-10,2.73E-06,1.29E-08,,,4.06E-09,7.06E-10,,,,,,,,,,,1.54E-06,9.11E-09,3.20E-10,3.28E-11,,,,,2.83E-10,3.72E-11,1.02E-05,1.62E-07,3.85E-09,1.40E-09
MCP1-4D,6/19/18,,,17.8,464,-51,,4.919,0.335,4.584,0.001,0.1492,0.0168,0.0766,0.0005,,,,,2.61E-07,7.59E-09,1.75E-04,2.13E-06,3.93E-04,1.16E-05,,,1.69E-04,2.84E-06,1.19E-05,2.70E-07,2.54E-09,2.25E-10,,,1.15E-05,9.84E-08,1.77E-03,1.18E-05,4.29E-05,2.34E-07,,,,,3.62E-08,2.68E-09,1.74E-09,2.42E-10,,,2.29E-06,1.52E-08,,,1.43E-09,1.71E-10,2.73E-06,7.55E-09,,,3.86E-09,3.27E-10,,,,,,,,,,,1.55E-06,1.66E-08,3.79E-10,6.05E-11,,,,,2.86E-10,3.34E-11,9.82E-06,2.37E-07,3.96E-09,5.93E-10
MCP1-4D,6/21/18,,,20.1,442,-98,,5.136,0.327,4.808,0.0011,0.1481,0.0168,0.0689,0.0005,,,,,2.67E-07,1.34E-08,1.77E-04,1.80E-06,3.95E-04,1.57E-05,,,1.71E-04,3.40E-06,1.29E-05,3.28E-07,2.77E-09,1.57E-10,,,1.16E-05,1.06E-07,1.77E-03,9.64E-06,4.49E-05,1.59E-07,,,,,3.62E-08,1.46E-09,1.72E-09,3.07E-10,,,3.20E-06,4.37E-08,,,1.69E-09,1.81E-10,2.71E-06,2.48E-08,,,3.97E-09,4.88E-10,,,,,,,,,,,1.55E-06,1.15E-08,3.33E-10,4.29E-11,,,,,2.74E-10,5.34E-11,9.57E-06,2.21E-07,4.02E-09,6.35E-10
MCP1-4D,6/27/18,,7.56,20.6,387,-42,,5.226,0.348,4.879,0.0033,0.1443,0.0172,0.0745,0.0005,6.67E-07,3.64E-08,,,,,2.14E-04,7.57E-06,5.07E-04,4.70E-06,,,1.78E-04,1.45E-06,2.73E-05,4.58E-07,6.94E-09,5.04E-10,1.72E-09,1.56E-10,1.43E-05,1.58E-07,2.44E-03,4.60E-06,9.02E-05,1.03E-07,,,,,3.36E-08,1.26E-09,2.11E-09,2.62E-10,6.89E-09,1.12E-09,5.58E-06,5.04E-08,,,3.92E-09,2.46E-10,3.40E-06,3.16E-08,,,3.94E-09,3.12E-10,,,,,,,,,,,1.98E-06,2.34E-08,3.11E-10,3.07E-11,6.63E-10,7.39E-11,,,2.71E-10,4.60E-11,6.83E-06,2.42E-07,,
MCP1-4D,6/29/18,,7.73,,417,91,,5.121,0.312,4.808,0.0018,0.1444,0.0172,0.076,0.0005,5.25E-07,2.14E-08,,,,,1.67E-04,3.80E-06,4.16E-04,5.26E-06,,,1.79E-04,1.63E-06,1.98E-05,2.53E-07,3.29E-09,4.07E-10,,,1.15E-05,1.02E-07,1.97E-03,9.85E-06,3.81E-05,2.66E-07,,,,,2.22E-08,1.57E-09,,,,,2.62E-06,8.57E-09,,,1.99E-09,1.16E-10,2.72E-06,1.39E-08,,,3.40E-09,4.45E-10,,,,,,,,,,,1.54E-06,1.83E-08,2.74E-10,5.56E-11,,,,,2.46E-10,3.58E-11,7.48E-06,3.49E-07,,
MCP1-4D,7/2/18,,7.53,21.7,417,-62,,5.253,0.303,4.95,0.002,0.1473,0.0165,0.0747,0.0005,5.94E-07,2.26E-08,,,1.62E-07,1.97E-08,2.10E-04,7.71E-06,4.99E-04,3.11E-06,,,1.81E-04,1.82E-06,2.57E-05,4.74E-07,5.32E-09,4.29E-10,,,1.40E-05,1.66E-07,2.43E-03,1.19E-05,5.26E-05,1.45E-07,,,,,3.28E-08,1.72E-09,1.96E-09,4.08E-10,5.86E-09,7.06E-10,2.40E-06,2.41E-08,,,3.58E-09,1.56E-10,3.33E-06,2.55E-08,,,4.07E-09,7.86E-10,,,,,,,,,,,1.93E-06,1.60E-08,3.83E-10,6.34E-11,,,,,2.57E-10,4.75E-11,7.09E-06,2.07E-07,,
MCP1-4D,7/6/18,4.03,7.33,18.3,398,-84,,5.116,0.292,4.824,0.0017,0.151,0.0111,0.079,0.0005,5.09E-07,4.59E-08,,,1.21E-07,1.88E-08,1.51E-04,3.06E-06,3.66E-04,1.95E-06,,,1.81E-04,1.55E-06,1.78E-05,2.26E-07,2.43E-09,3.29E-10,3.92E-09,3.31E-10,1.02E-05,1.03E-07,1.73E-03,7.00E-06,1.59E-05,9.58E-08,,,,,1.90E-08,1.28E-09,1.09E-09,2.85E-10,,,1.33E-06,1.22E-08,,,1.69E-09,1.16E-10,2.36E-06,1.32E-08,,,4.18E-09,6.90E-10,,,,,,,,,,,1.32E-06,1.21E-08,2.13E-10,6.16E-11,,,,,2.50E-10,5.89E-11,7.87E-06,2.81E-07,,
MCP1-4D,7/10/18,4.11,7.23,19.9,411,-91,,5.172,0.317,4.854,0.0021,0.1561,0.0092,0.0786,,5.39E-07,3.73E-08,,,1.37E-07,1.80E-08,1.68E-04,2.65E-06,4.05E-04,2.61E-06,,,1.80E-04,1.07E-06,2.06E-05,3.80E-07,2.56E-09,4.24E-10,,,1.13E-05,1.58E-07,1.93E-03,7.45E-06,1.74E-05,9.33E-08,,,,,2.60E-08,2.35E-09,1.23E-09,4.34E-10,5.16E-09,9.78E-10,1.55E-06,1.45E-08,,,2.81E-09,2.87E-10,2.65E-06,2.61E-08,,,3.42E-09,4.31E-10,,,,,,,,,,,1.49E-06,1.84E-08,2.86E-10,9.30E-11,,,,,2.49E-10,5.35E-11,7.63E-06,2.70E-07,,
MCP1-4D,7/12/18,4.07,7.23,17.8,398,-95,,5.136,0.306,4.83,0.0018,0.1525,0.0095,0.0778,0.0005,5.71E-07,6.00E-08,,,,,1.74E-04,3.75E-06,3.59E-04,9.21E-06,5.28E-06,1.52E-07,1.74E-04,4.73E-06,1.29E-05,1.74E-07,2.38E-09,4.34E-10,,,1.12E-05,1.01E-07,1.74E-03,1.92E-05,3.61E-05,1.75E-07,,,,,1.92E-08,1.72E-09,1.33E-09,1.87E-10,,,2.50E-06,2.92E-08,,,1.84E-09,1.97E-10,2.66E-06,7.50E-09,,,3.99E-09,3.20E-10,,,,,,,,,,,1.50E-06,2.03E-08,3.55E-10,5.93E-11,,,,,2.38E-10,1.82E-11,8.11E-06,3.86E-07,,
MCP1-4D,7/17/18,,7.39,18.2,417,-97,,4.961,0.309,4.652,0.0019,0.1554,0.0092,0.0818,0.0005,6.14E-07,6.99E-08,,,,,1.73E-04,3.56E-06,3.50E-04,1.19E-05,,,1.78E-04,6.59E-06,1.37E-05,1.22E-07,,,,,1.09E-05,7.42E-08,1.66E-03,4.91E-06,2.92E-05,3.33E-07,,,,,1.98E-08,2.49E-09,1.46E-09,2.64E-10,,,1.46E-06,2.43E-08,,,2.13E-09,2.12E-10,2.58E-06,3.56E-08,,,4.01E-09,3.47E-10,,,,,,,,,,,1.44E-06,1.75E-08,3.51E-10,2.94E-11,,,,,1.65E-10,1.75E-11,8.43E-06,2.82E-07,,
MCP1-4D,7/21/18,4.56,7.62,21.6,403,-45,,4.998,0.302,4.696,0.0016,,,,0.0005,5.65E-07,3.14E-08,,,,,1.87E-04,3.32E-06,3.92E-04,9.64E-06,,,1.78E-04,4.97E-06,1.38E-05,1.36E-07,2.47E-09,1.12E-10,,,1.22E-05,1.24E-07,1.88E-03,1.33E-05,3.71E-05,4.28E-07,,,,,2.57E-08,1.42E-09,1.56E-09,2.00E-10,,,1.18E-06,1.77E-08,,,2.05E-09,1.92E-10,2.91E-06,2.56E-08,,,4.36E-09,6.33E-10,,,,,,,,,,,1.61E-06,1.48E-08,3.45E-10,6.58E-11,,,,,2.48E-10,4.42E-11,8.57E-06,3.96E-07,,
MCP1-4D,7/24/18,4.77,7.53,22.2,412,-80,,5.103,0.305,4.798,0.0025,0.1552,0.0094,0.0847,0.0005,5.94E-07,3.77E-08,,,,,1.77E-04,4.09E-06,3.58E-04,1.11E-05,,,1.81E-04,5.16E-06,1.41E-05,1.38E-07,2.47E-09,2.69E-10,,,1.12E-05,1.77E-07,1.69E-03,2.73E-05,3.21E-05,6.12E-07,,,,,2.08E-08,1.07E-09,1.36E-09,1.69E-10,,,1.02E-06,2.28E-08,,,2.34E-09,2.28E-10,2.66E-06,4.81E-08,,,3.64E-09,4.38E-10,,,,,,,,,,,1.47E-06,1.46E-08,3.49E-10,8.12E-11,,,,,1.93E-10,2.99E-11,8.66E-06,3.94E-07,,
MCP1-5D,5/27/18,,7.68,17,464,72,,6.077,0.212,5.865,0.0025,0.259,0.0103,0.0087,0.0005,2.39E-06,3.43E-08,,,1.76E-06,3.02E-08,6.63E-04,5.68E-06,5.00E-04,4.59E-06,1.40E-06,7.29E-08,1.70E-04,6.46E-07,2.63E-05,3.20E-07,2.01E-08,4.70E-10,,,3.14E-06,3.56E-08,1.86E-03,1.23E-05,1.34E-05,6.26E-08,,,,,2.85E-08,2.40E-09,2.45E-09,3.53E-10,5.65E-09,8.22E-10,4.88E-06,2.83E-08,2.26E-09,1.80E-10,6.24E-09,4.34E-10,4.55E-06,1.62E-08,,,,,,,,,,,,,,,5.44E-06,4.90E-08,1.06E-09,1.21E-10,,,,,5.60E-10,4.54E-11,4.30E-06,2.12E-07,,
MCP1-5D,5/31/18,,7.81,12,514,-39,,6.168,0.15,6.018,0.0024,0.2607,0.0097,0.0104,0.0005,2.32E-06,4.80E-08,,,1.78E-06,2.98E-08,6.49E-04,1.85E-06,4.99E-04,7.49E-06,1.57E-06,6.97E-08,1.76E-04,1.59E-06,2.54E-05,3.48E-07,3.95E-09,2.57E-10,,,3.16E-06,3.43E-08,1.85E-03,1.36E-05,2.28E-05,1.92E-07,,,,,2.69E-08,2.27E-09,1.44E-09,3.92E-10,5.49E-09,8.47E-10,9.12E-06,4.71E-08,2.29E-09,1.84E-10,5.07E-09,3.93E-10,4.52E-06,3.82E-08,,,,,,,,,,,,,,,5.46E-06,5.05E-08,9.76E-10,5.16E-11,6.55E-10,1.10E-10,,,1.52E-10,2.06E-11,4.81E-06,2.24E-07,,
MCP1-5D,6/5/18,0.5,7.48,11.6,444,-48,,6.167,0.158,6.01,0.0041,0.2528,0.0093,0.012,0.0005,2.40E-06,4.78E-08,,,1.82E-06,4.54E-08,6.43E-04,7.74E-06,4.82E-04,5.71E-06,1.19E-07,7.31E-08,1.77E-04,1.32E-06,2.54E-05,4.33E-07,3.51E-09,3.56E-10,,,3.09E-06,3.45E-08,1.79E-03,9.43E-06,1.88E-05,1.18E-07,,,,,2.55E-08,1.46E-09,1.37E-09,1.76E-10,4.54E-09,7.84E-10,1.21E-05,5.80E-08,2.20E-09,4.40E-10,5.07E-09,2.66E-10,4.41E-06,1.75E-08,,,,,,,,,,,,,,,5.30E-06,3.93E-08,1.03E-09,6.64E-11,9.07E-10,1.60E-10,,,,,4.59E-06,2.23E-07,,
MCP1-5D,6/7/18,0.6,7.51,13.2,892,-12,,6.251,0.138,6.113,0.0028,0.2525,0.0102,0.0121,0.0005,2.50E-06,2.76E-08,,,2.07E-06,3.12E-08,5.66E-04,6.58E-06,4.35E-04,4.23E-06,1.32E-07,7.29E-08,1.70E-04,1.78E-06,2.35E-05,3.89E-07,2.53E-09,2.07E-10,7.83E-09,5.11E-10,3.12E-06,2.90E-08,1.74E-03,1.55E-05,2.21E-05,6.97E-08,,,4.43E-08,5.73E-09,2.66E-08,2.45E-09,1.53E-09,2.79E-10,8.69E-09,8.08E-10,7.55E-06,7.65E-08,2.31E-09,1.59E-10,4.79E-09,1.73E-10,4.35E-06,3.39E-08,,,,,,,,,,,,,,,5.40E-06,6.44E-08,1.07E-09,1.19E-10,7.31E-10,9.94E-11,1.93E-10,7.39E-11,,,4.33E-06,2.63E-07,,
MCP1-5D,6/9/18,0.7,7.52,12.3,448,-25,,6.216,0.141,6.076,0.0028,0.2525,0.01,0.0131,0.0005,2.44E-06,4.92E-08,,,2.08E-06,3.65E-08,5.70E-04,7.15E-06,4.37E-04,6.99E-06,,,1.72E-04,2.67E-06,2.32E-05,3.63E-07,2.18E-09,2.83E-10,,,3.11E-06,2.69E-08,1.75E-03,7.59E-06,2.19E-05,7.49E-08,,,3.87E-08,5.90E-09,2.79E-08,1.85E-09,1.40E-09,2.48E-10,7.44E-09,1.30E-09,1.16E-05,3.70E-08,2.34E-09,2.83E-10,5.10E-09,2.14E-10,4.38E-06,3.39E-08,,,,,,,,,,,,,,,5.48E-06,6.31E-08,1.07E-09,9.73E-11,8.21E-10,8.79E-11,,,,,4.51E-06,1.80E-07,,
MCP1-5D,6/12/18,0.83,7.49,13.4,803,-68,,5.525,0.16,5.364,0.003,0.2543,0.012,0.0119,0.0005,1.13E-06,5.91E-08,,,1.83E-06,2.93E-08,6.08E-04,5.40E-06,4.44E-04,1.56E-05,,,1.67E-04,2.77E-06,2.39E-05,5.77E-07,2.36E-09,1.60E-10,,,3.17E-06,2.97E-08,1.72E-03,1.40E-05,2.30E-05,2.35E-07,,,,,3.31E-08,1.99E-09,1.20E-09,1.14E-10,3.84E-09,4.76E-10,2.78E-05,2.25E-07,2.14E-09,2.32E-10,4.71E-09,1.88E-10,4.42E-06,2.63E-08,,,,,,,,,,,,,,,5.56E-06,3.39E-08,1.13E-09,1.27E-10,1.76E-09,1.28E-10,,,,,6.60E-06,4.13E-07,,
MCP1-5D,6/14/18,0.8,,14.1,419,-54,,5.491,0.151,5.34,0.0021,0.2528,0.0123,0.013,0.0005,1.04E-06,7.58E-08,,,1.85E-06,6.46E-09,6.05E-04,6.13E-06,4.32E-04,1.52E-05,,,1.64E-04,3.07E-06,2.59E-05,4.72E-07,2.68E-09,2.56E-10,4.53E-09,3.76E-10,3.14E-06,2.95E-08,1.68E-03,1.19E-05,2.43E-05,6.35E-08,,,,,3.66E-08,1.82E-09,1.47E-09,2.17E-10,9.95E-09,7.46E-10,8.67E-06,5.27E-08,2.07E-09,3.83E-10,5.61E-09,1.57E-10,4.28E-06,2.10E-08,,,,,,,,,,,,,,,5.36E-06,4.20E-08,1.07E-09,4.12E-11,1.12E-09,6.49E-11,,,,,7.33E-06,5.23E-07,2.14E-09,6.65E-10
MCP1-5D,6/19/18,0.95,,15.2,506,-138,,5.547,0.279,5.268,0.0032,0.0193,0.0151,0.012,0.0005,1.19E-06,8.68E-08,,,1.95E-06,7.63E-09,6.24E-04,2.66E-06,4.44E-04,1.46E-05,,,1.72E-04,3.45E-06,2.42E-05,4.24E-07,3.58E-09,1.38E-10,,,3.19E-06,3.27E-08,1.73E-03,1.20E-05,3.22E-05,9.69E-08,,,,,3.32E-08,1.91E-09,1.22E-09,1.59E-10,4.37E-09,4.66E-10,1.26E-05,9.08E-08,2.74E-09,3.60E-10,4.84E-09,2.27E-10,4.42E-06,3.21E-08,,,,,,,,,,,,,,,5.60E-06,3.40E-08,1.17E-09,1.11E-10,1.25E-09,9.14E-11,,,,,6.88E-06,3.70E-07,3.00E-09,6.30E-10
MCP1-5D,6/21/18,,,15.7,539,-81,,5.652,0.235,5.417,0.0036,0.2521,0.0129,0.0128,0.0005,1.17E-06,7.42E-08,,,1.96E-06,2.49E-08,6.19E-04,4.48E-06,4.31E-04,1.58E-05,,,1.70E-04,3.25E-06,2.42E-05,4.89E-07,2.45E-09,2.31E-10,,,3.18E-06,3.58E-08,1.71E-03,1.39E-06,2.43E-05,3.02E-08,,,,,3.52E-08,2.43E-09,1.36E-09,3.11E-10,6.27E-09,4.65E-10,1.85E-05,8.11E-08,2.35E-09,3.32E-10,4.74E-09,1.11E-10,4.37E-06,2.66E-08,,,,,,,,,,,,,,,5.57E-06,1.07E-08,1.18E-09,7.07E-11,1.29E-09,7.99E-11,,,,,6.87E-06,4.64E-07,2.07E-09,3.33E-10
MCP1-5D,6/27/18,,7.41,14.7,468,-52,,5.459,0.217,5.242,0.0037,0.2496,0.0087,0.0161,0.0005,2.21E-06,2.97E-08,,,1.99E-06,4.88E-08,4.82E-04,8.80E-06,3.59E-04,2.51E-06,,,1.84E-04,1.33E-06,2.65E-05,3.84E-07,,,,,2.45E-06,2.61E-08,1.45E-03,5.27E-06,7.07E-06,5.03E-08,,,,,1.70E-08,1.54E-09,,,,,1.57E-05,1.28E-07,,,3.61E-09,2.49E-10,3.33E-06,1.59E-08,,,,,,,,,,,,,,,4.13E-06,1.54E-08,7.72E-10,1.05E-10,,,,,,,6.06E-06,3.39E-07,,
MCP1-5D,6/29/18,,7.57,,463,67,,5.83,0.174,5.656,0.0037,0.2525,0.0079,0.02,0.0005,2.96E-06,2.36E-08,,,1.93E-06,3.25E-08,6.85E-04,1.70E-05,5.59E-04,6.66E-06,,,1.82E-04,1.18E-06,3.91E-05,5.36E-07,3.28E-09,3.45E-10,,,3.94E-06,4.65E-08,2.42E-03,9.52E-06,1.77E-05,1.04E-07,,,,,2.90E-08,1.28E-09,1.10E-09,2.72E-10,,,1.06E-05,4.44E-08,,,6.40E-09,3.09E-10,5.42E-06,4.64E-08,,,,,,,,,,,,,,,6.91E-06,5.33E-08,1.16E-09,9.63E-11,6.42E-10,9.53E-11,,,,,6.03E-06,4.25E-07,,
MCP1-5D,7/2/18,,7.36,17.4,461,-60,,5.878,0.2,5.678,0.0038,0.2575,0.0178,0.025,0.0005,3.06E-06,5.34E-08,,,1.99E-06,4.14E-08,6.84E-04,1.30E-05,5.70E-04,2.60E-06,,,1.83E-04,1.12E-06,4.28E-05,6.79E-07,3.25E-09,5.28E-10,,,4.05E-06,4.58E-08,2.47E-03,1.20E-05,1.88E-05,5.00E-08,,,,,2.92E-08,2.46E-09,1.25E-09,2.50E-10,3.65E-09,7.79E-10,1.76E-05,9.28E-08,,,7.19E-09,4.41E-10,5.54E-06,2.92E-08,,,,,,,,,,,,,,,7.05E-06,4.46E-08,1.24E-09,6.20E-11,1.10E-09,6.82E-11,,,1.51E-10,5.32E-11,6.68E-06,4.06E-07,,
MCP1-5D,7/6/18,1.33,7.19,14.6,448,-220,,5.561,0.163,5.398,0.0036,0.2547,0.0156,0.0215,0.0005,3.20E-06,7.53E-08,,,2.31E-06,3.56E-08,6.58E-04,1.27E-05,5.60E-04,4.12E-06,,,1.74E-04,1.39E-06,4.41E-05,6.48E-07,4.82E-09,3.58E-10,7.50E-09,5.92E-10,4.07E-06,4.05E-08,2.22E-03,1.58E-05,5.49E-05,2.73E-07,,,,,5.59E-08,2.37E-09,1.84E-09,2.14E-10,1.88E-08,1.02E-09,4.73E-05,2.71E-07,3.73E-09,2.57E-10,7.83E-09,2.95E-10,5.88E-06,5.57E-08,,,,,4.36E-09,5.69E-10,,,,,,,,,7.34E-06,3.22E-08,1.33E-09,8.54E-11,3.33E-09,2.13E-10,2.44E-10,1.12E-10,1.66E-10,3.23E-11,5.61E-06,2.67E-07,,
MCP1-5D,7/10/18,1.35,7,16.2,467,-87,,5.629,0.15,5.48,0.0037,0.2549,0.0147,0.0225,0.0005,2.72E-06,6.33E-08,,,2.43E-06,3.82E-08,5.07E-04,6.91E-06,4.38E-04,1.44E-06,,,1.76E-04,1.34E-06,3.25E-05,4.26E-07,,,,,3.23E-06,2.27E-08,1.74E-03,1.13E-05,1.16E-05,6.62E-08,,,,,2.18E-08,1.49E-09,1.15E-09,2.93E-10,3.39E-09,6.47E-10,1.33E-05,1.36E-07,3.34E-09,4.05E-10,5.00E-09,3.42E-10,4.43E-06,1.20E-08,,,,,,,,,,,,,,,5.49E-06,4.66E-08,9.79E-10,1.00E-10,,,,,1.60E-10,2.93E-11,5.90E-06,2.98E-07,,
MCP1-5D,7/12/18,1.33,6.99,14.1,457,-107,,5.709,0.158,5.55,0.0039,0.2516,0.0096,0.0199,0.0005,2.80E-06,8.96E-08,,,,,5.24E-04,9.61E-06,4.43E-04,1.08E-05,,,1.88E-04,5.37E-06,3.02E-05,4.73E-07,1.86E-09,2.74E-10,,,3.48E-06,6.67E-08,1.79E-03,2.30E-05,2.59E-05,1.46E-07,,,,,2.16E-08,3.13E-09,1.38E-09,2.31E-10,,,1.87E-05,1.79E-07,3.61E-09,3.78E-10,5.84E-09,2.92E-10,4.73E-06,4.78E-08,,,,,,,,,,,,,,,5.67E-06,5.09E-08,1.24E-09,5.20E-11,6.82E-10,7.28E-11,,,,,5.59E-06,3.07E-07,,
MCP1-5D,7/17/18,1.4,7.17,15.4,447,-90,,5.676,0.152,5.524,0.0038,0.2543,0.0107,0.0145,0.0005,2.73E-06,9.16E-08,,,,,5.18E-04,8.51E-06,4.25E-04,1.15E-05,,,1.90E-04,7.13E-06,3.07E-05,1.84E-07,2.21E-09,2.79E-10,9.59E-09,4.20E-09,3.35E-06,2.39E-08,1.72E-03,1.15E-05,2.42E-05,4.37E-07,,,,,2.37E-08,3.70E-09,1.38E-09,2.98E-10,,,1.02E-05,7.96E-08,3.61E-09,3.25E-10,5.87E-09,2.93E-10,4.62E-06,4.90E-08,,,,,,,,,,,,,,,5.53E-06,2.58E-08,1.19E-09,9.66E-11,4.03E-10,8.08E-11,,,,,5.52E-06,2.65E-07,,
MCP1-5D,7/21/18,1.46,7.03,16.3,445,-86,,5.886,0.152,5.734,0.0038,0.2423,,0.0117,0.0005,2.87E-06,7.94E-08,,,,,5.27E-04,4.71E-06,4.38E-04,3.30E-06,,,1.90E-04,2.82E-06,3.38E-05,8.73E-07,2.20E-09,4.72E-10,,,3.39E-06,3.31E-08,1.78E-03,1.38E-05,2.65E-05,1.84E-07,,,,,2.33E-08,1.14E-09,1.24E-09,2.92E-10,4.25E-09,7.45E-10,1.10E-05,9.91E-08,3.88E-09,2.04E-10,6.87E-09,4.19E-10,4.73E-06,8.52E-08,,,,,,,,,,,,,,,5.71E-06,4.30E-08,1.31E-09,1.35E-10,4.02E-10,7.34E-11,,,,,5.53E-06,3.62E-07,,
MCP1-5D,7/24/18,2.46,7.04,16.9,432,-90,,5.55,0.179,5.372,0.0038,0.2223,0.0033,0.0424,0.0005,2.68E-06,5.54E-08,,,,,5.01E-04,9.23E-06,4.29E-04,1.03E-05,,,1.91E-04,5.18E-06,3.21E-05,3.31E-07,3.08E-09,1.90E-10,,,3.45E-06,3.39E-08,1.75E-03,1.56E-05,2.67E-05,2.84E-07,4.20E-07,2.82E-07,,,2.03E-08,8.52E-10,1.30E-09,3.61E-10,,,1.40E-05,1.54E-07,3.97E-09,3.38E-10,6.06E-09,2.59E-10,4.58E-06,4.97E-08,,,2.59E-09,3.63E-10,,,,,,,,,,,5.53E-06,4.02E-08,1.28E-09,1.10E-10,6.58E-10,9.86E-11,,,,,6.41E-06,5.22E-07,2.92E-08,2.83E-08
MCP1-5D,7/27/18,1.5,7.09,15.7,442,-89,,5.48,0.157,5.323,0.0037,0.2081,0.0148,0.0514,0.0005,2.59E-06,3.28E-08,5.94E-08,4.58E-08,1.83E-06,5.47E-08,4.86E-04,1.05E-05,4.03E-04,8.81E-06,2.27E-06,8.19E-08,1.87E-04,6.07E-06,3.17E-05,5.66E-07,3.22E-09,2.49E-10,1.37E-08,2.24E-10,3.23E-06,3.76E-08,1.60E-03,3.04E-05,2.60E-05,1.74E-07,,,,,2.67E-08,2.97E-09,1.76E-09,2.54E-10,6.25E-09,8.29E-10,1.42E-05,1.26E-07,3.96E-09,5.76E-10,6.08E-09,2.80E-10,4.42E-06,2.40E-08,,,5.26E-09,6.88E-10,,,,,,,,,9.26E-11,4.48E-11,5.30E-06,3.99E-08,1.12E-09,1.15E-10,8.78E-10,3.74E-11,,,1.89E-10,5.20E-11,7.07E-06,3.07E-07,7.35E-09,1.31E-09
MCP1-5D,7/30/18,1.51,6.88,15.3,420,-84,,5.109,0.148,4.961,0.0034,0.1875,0.003,0.0813,0.0005,2.33E-06,5.47E-08,1.01E-07,9.12E-08,1.71E-06,1.29E-07,4.30E-04,8.99E-06,3.59E-04,1.20E-05,2.29E-06,9.05E-08,1.80E-04,7.61E-06,3.15E-05,3.77E-07,3.24E-09,2.93E-10,3.87E-08,9.64E-10,3.06E-06,1.99E-08,1.44E-03,1.84E-05,2.48E-05,3.04E-07,1.52E-07,2.47E-08,,,6.35E-08,3.44E-09,2.26E-09,3.92E-10,2.10E-08,9.34E-10,1.57E-05,1.45E-07,4.10E-09,7.83E-10,6.30E-09,2.09E-10,3.87E-06,3.05E-08,,,7.79E-09,8.18E-10,,,1.36E-09,1.36E-09,,,,,1.05E-10,8.09E-11,4.66E-06,4.38E-08,1.15E-09,1.13E-10,1.15E-09,1.70E-10,,,2.19E-10,5.61E-11,8.24E-06,3.23E-07,4.43E-08,1.41E-08
MCP1-5D,8/2/18,1.57,7.07,14.3,450,-74,,5.373,0.226,5.147,0.0047,0.2204,,0.0266,0.0005,2.85E-06,5.15E-08,,,1.87E-06,1.31E-07,5.80E-04,6.20E-06,4.54E-04,8.67E-06,2.59E-06,9.96E-08,1.91E-04,6.14E-06,3.93E-05,4.25E-07,3.67E-08,6.59E-10,4.47E-07,2.08E-09,3.77E-06,3.74E-08,1.79E-03,1.83E-05,4.73E-05,5.21E-07,,,,,6.06E-08,5.32E-09,6.24E-09,1.63E-10,3.47E-08,1.23E-09,8.19E-06,3.91E-08,4.22E-09,2.38E-10,7.01E-09,1.79E-10,4.92E-06,6.92E-08,,,2.91E-08,1.30E-09,,,,,,,,,,,5.95E-06,6.68E-08,1.40E-09,1.25E-10,1.22E-09,7.10E-11,,,1.86E-10,3.24E-11,5.04E-06,3.60E-07,2.39E-09,6.02E-10
MCP1-5D,8/9/18,1.6,6.82,14.9,453,-71,,4.944,0.369,4.575,0.0049,0.1937,,0.0638,0.0005,2.70E-06,9.28E-08,,,1.63E-06,1.09E-07,5.40E-04,7.19E-06,4.35E-04,1.11E-05,1.95E-06,1.05E-07,1.83E-04,5.43E-06,3.64E-05,7.73E-07,3.52E-09,6.50E-11,1.86E-08,6.15E-10,3.62E-06,4.57E-08,1.73E-03,2.24E-05,3.52E-05,2.78E-07,,,,,4.35E-08,1.34E-09,3.71E-09,1.59E-10,1.30E-08,8.46E-10,9.40E-06,7.04E-08,3.86E-09,1.15E-10,6.49E-09,3.19E-10,4.61E-06,3.15E-08,,,4.76E-09,4.61E-10,,,,,,,,,,,5.51E-06,6.59E-08,1.53E-09,1.20E-10,6.43E-10,9.15E-11,,,1.71E-10,1.79E-11,6.75E-06,2.39E-07,1.86E-09,2.63E-10
MCP1-5D,8/25/18,,,,,,,4.326,0.154,4.171,0.0022,0.14,,0.1338,0.0005,6.84E-07,4.32E-08,,,,,1.36E-04,4.07E-06,2.56E-04,8.62E-06,2.14E-06,9.04E-08,1.25E-04,4.97E-06,1.72E-05,2.17E-07,,,1.61E-08,3.31E-10,4.72E-06,3.13E-08,1.28E-03,1.53E-05,3.70E-05,3.90E-07,,,,,4.33E-08,1.42E-09,3.35E-09,3.24E-10,1.35E-08,7.04E-10,9.12E-05,4.27E-07,1.12E-09,1.70E-10,2.74E-09,1.15E-10,2.41E-06,2.85E-08,,,1.09E-08,7.67E-10,,,,,,,,,,,2.45E-06,1.38E-08,6.13E-10,4.80E-11,1.35E-09,1.31E-10,,,,,1.52E-05,1.78E-06,2.67E-09,3.46E-10
MCP1-5D,9/12/18,,,,,,,3.4,0.123,3.278,0.0043,0.0924,0.002,0.1802,0.0011,1.70E-06,5.48E-08,,,5.85E-07,5.39E-08,4.31E-04,1.33E-05,3.92E-04,8.81E-06,,,1.65E-04,4.61E-06,3.66E-05,7.12E-07,7.14E-09,2.30E-10,9.55E-09,3.82E-10,3.61E-06,4.78E-08,1.51E-03,8.11E-06,3.25E-05,2.72E-07,,,2.35E-07,9.40E-09,4.36E-08,3.34E-09,1.85E-09,3.10E-10,2.00E-08,9.18E-10,5.31E-05,6.60E-07,2.27E-09,4.21E-10,6.61E-09,4.64E-10,3.57E-06,3.39E-08,,,2.66E-09,8.59E-10,,,,,,,,,,,3.81E-06,2.81E-08,1.09E-09,5.64E-11,3.47E-09,1.13E-10,,,2.19E-10,4.56E-11,1.02E-05,4.56E-07,,
MCP1-5D,9/23/18,,,,,,,4.643,0.16,4.482,0.0049,0.223,0.0007,0.0104,0.0009,2.76E-06,7.83E-08,,,1.49E-06,5.11E-08,7.04E-04,2.52E-05,5.00E-04,1.56E-05,,,1.97E-04,6.03E-06,3.94E-05,4.64E-07,2.28E-09,1.44E-10,2.40E-08,1.24E-09,3.28E-06,3.64E-08,1.66E-03,3.33E-05,3.14E-05,2.16E-07,,,,,3.20E-08,2.50E-09,1.13E-09,1.29E-10,4.82E-09,9.35E-10,9.44E-05,1.03E-06,2.15E-09,5.44E-10,7.17E-09,3.63E-10,4.61E-06,1.12E-07,,,,,,,,,,,,,,,5.10E-06,8.10E-08,1.30E-09,8.80E-11,2.94E-09,1.72E-10,,,,,6.60E-06,4.54E-07,,
MCT2-1D,5/27/18,,7.66,10.7,497,97,,5.358,0.374,4.984,0.0055,0.4469,0.0123,0.1332,0.0012,4.06E-07,3.69E-08,,,2.42E-07,2.69E-08,2.04E-04,3.21E-06,3.80E-04,3.36E-06,,,1.90E-04,2.54E-06,1.66E-05,2.43E-07,,,2.95E-09,1.20E-09,5.04E-05,4.38E-07,2.01E-03,5.30E-06,1.36E-04,4.82E-07,,,,,4.99E-08,2.52E-09,1.43E-08,7.61E-10,,,3.48E-07,1.35E-08,,,,,3.05E-06,1.75E-08,,,3.25E-08,1.62E-09,,,,,9.79E-09,6.50E-10,,,,,1.71E-06,2.22E-08,3.17E-10,3.93E-11,,,,,8.31E-10,7.58E-11,7.91E-06,4.12E-07,2.34E-08,1.52E-09
MCT2-1D,5/31/18,,7.57,11.8,477,-4,,5.356,0.348,5.007,0.0028,0.4742,0.0163,0.14,0.0007,3.90E-07,4.11E-08,,,1.90E-07,1.86E-08,2.03E-04,4.00E-06,3.62E-04,5.31E-06,5.12E-07,5.57E-07,1.70E-04,2.57E-06,1.50E-05,1.99E-07,,,,,4.62E-05,5.94E-07,1.97E-03,7.08E-06,8.26E-05,2.78E-07,,,,,4.94E-08,3.88E-09,1.47E-08,6.61E-10,,,4.89E-07,1.43E-08,,,,,2.95E-06,1.45E-08,,,2.50E-08,5.09E-10,4.94E-09,8.82E-10,,,5.37E-09,5.88E-10,,,,,1.58E-06,7.85E-09,3.15E-10,9.01E-11,,,,,1.06E-09,1.17E-10,6.64E-06,6.20E-07,1.68E-08,1.22E-09
MCT2-1D,6/5/18,3.5,7.21,12.4,442,2,,5.676,0.379,5.297,0.0022,0.4863,0.0176,0.1254,0.0009,3.91E-07,3.99E-08,,,2.16E-07,2.65E-08,2.13E-04,2.41E-06,3.96E-04,4.06E-06,,,1.74E-04,2.63E-06,1.54E-05,2.86E-07,,,,,5.31E-05,5.06E-07,2.13E-03,9.23E-06,1.34E-04,4.52E-07,,,,,5.44E-08,1.77E-09,1.88E-08,3.70E-10,,,,,,,,,3.22E-06,3.17E-08,,,2.57E-08,8.94E-10,,,,,,,,,,,1.90E-06,1.96E-08,3.84E-10,8.29E-11,,,,,1.25E-09,5.26E-11,6.49E-06,4.19E-07,2.06E-08,2.54E-09
MCT2-1D,6/7/18,3.5,7.47,15.9,471,14,,5.925,0.341,5.584,,0.4585,0.0236,0.1518,0.0005,4.02E-07,4.39E-08,,,2.28E-07,1.67E-08,2.16E-04,2.05E-06,3.94E-04,4.99E-06,,,1.64E-04,1.36E-06,1.41E-05,1.77E-07,,,,,4.56E-05,5.17E-07,2.21E-03,1.59E-05,8.01E-05,6.46E-07,,,,,6.19E-08,4.48E-09,2.15E-08,4.71E-10,,,,,,,,,3.25E-06,3.43E-08,,,1.64E-08,4.33E-10,,,,,,,,,,,1.82E-06,6.00E-09,3.43E-10,6.11E-11,,,,,1.52E-09,1.52E-10,6.66E-06,5.58E-07,1.06E-08,8.37E-10
MCT2-1D,6/9/18,3.6,7.35,17.3,424,-11,,5.561,0.344,5.217,0.0018,0.4615,0.025,0.1276,0.0005,3.82E-07,3.90E-08,,,2.24E-07,3.57E-08,2.08E-04,3.47E-06,3.76E-04,5.57E-06,,,1.72E-04,2.66E-06,1.53E-05,2.89E-07,,,,,4.88E-05,3.85E-07,2.05E-03,8.39E-06,9.96E-05,7.79E-07,,,,,5.17E-08,2.98E-09,1.88E-08,4.94E-10,,,,,,,,,3.05E-06,1.10E-08,,,2.16E-08,1.12E-09,,,,,,,,,,,1.80E-06,8.53E-09,2.80E-10,4.84E-11,,,,,1.11E-09,1.36E-10,6.78E-06,6.87E-07,1.67E-08,8.33E-10
MCT2-1D,6/12/18,3.8,7.67,17.8,415,-11,,4.938,0.354,4.584,0.0016,0.4396,0.0079,0.093,0.0005,,,,,5.08E-07,1.34E-08,1.83E-04,2.92E-06,3.13E-04,6.43E-06,,,1.33E-04,2.20E-06,1.84E-05,5.59E-07,,,,,4.23E-05,6.52E-07,1.73E-03,2.26E-05,7.19E-05,7.07E-07,,,,,6.82E-08,2.83E-09,2.09E-08,4.70E-10,1.54E-08,5.27E-10,,,,,3.65E-09,1.51E-10,2.98E-06,2.41E-08,,,2.23E-08,7.95E-10,5.12E-09,4.92E-10,,,,,,,,,1.72E-06,7.50E-09,3.69E-10,5.57E-11,5.66E-10,1.08E-11,1.86E-10,3.43E-11,1.35E-09,4.45E-11,1.09E-05,2.82E-07,2.59E-08,1.58E-09
MCT2-1D,6/14/18,3.81,,13.7,399,0,,5.304,0.356,4.948,0.0023,0.4307,0.0079,0.0701,0.0005,,,,,5.12E-07,1.92E-08,1.83E-04,3.88E-06,3.39E-04,6.98E-06,,,1.53E-04,1.08E-06,1.53E-05,4.25E-07,1.78E-09,1.25E-10,,,5.11E-05,5.46E-07,1.82E-03,1.24E-05,1.26E-04,7.99E-07,,,,,5.94E-08,3.18E-09,1.90E-08,3.46E-10,2.06E-08,7.37E-10,,,,,1.74E-09,1.11E-10,3.17E-06,2.50E-08,,,2.92E-08,6.71E-10,3.22E-09,3.01E-10,,,,,,,,,2.01E-06,2.30E-08,4.15E-10,3.81E-11,4.55E-10,5.07E-11,,,1.20E-09,5.80E-11,1.08E-05,1.69E-07,4.28E-08,1.49E-09
MCT2-1D,6/19/18,3.9,,14.6,448,-83,,5.172,0.502,4.669,0.005,0.4153,0.0099,0.042,0.0005,,,,,5.47E-07,1.34E-08,1.82E-04,2.30E-06,3.24E-04,7.69E-06,,,1.55E-04,2.68E-06,1.50E-05,4.44E-07,,,5.04E-09,9.49E-10,4.87E-05,5.78E-07,1.73E-03,1.23E-05,1.24E-04,7.55E-07,,,,,5.57E-08,2.35E-09,1.87E-08,3.52E-10,5.44E-09,5.51E-10,,,,,1.37E-09,1.15E-10,3.01E-06,2.65E-08,,,2.94E-08,1.29E-09,,,,,,,,,,,1.93E-06,1.70E-08,3.97E-10,2.75E-11,,,,,9.91E-10,5.07E-11,9.00E-06,4.18E-07,4.76E-08,2.59E-09
MCT2-1D,6/21/18,,,17.9,434,-98,,5.201,0.346,4.856,0.002,0.4158,0.0103,0.0482,0.0005,,,,,5.46E-07,1.38E-08,1.80E-04,3.69E-06,3.11E-04,5.07E-06,,,1.40E-04,1.41E-06,1.72E-05,4.68E-07,1.82E-09,1.44E-10,3.12E-09,3.32E-10,4.56E-05,8.31E-07,1.66E-03,7.71E-06,1.14E-04,5.47E-07,,,,,5.90E-08,1.93E-09,1.84E-08,5.51E-10,1.30E-08,9.51E-10,,,,,2.37E-09,1.61E-10,2.87E-06,1.83E-08,,,2.52E-08,1.40E-09,,,,,,,,,,,1.86E-06,6.23E-09,4.06E-10,3.86E-11,6.58E-10,7.30E-11,,,1.06E-09,9.26E-11,8.69E-06,1.47E-07,3.93E-08,2.02E-09
MCT2-1D,6/27/18,,7.2,22.7,474,-80,,5.127,0.325,4.802,0.0023,0.4107,0.0292,0.0155,0.0005,4.69E-07,6.04E-08,,,3.88E-07,2.18E-08,1.69E-04,3.81E-06,3.26E-04,4.91E-06,2.57E-07,5.38E-08,1.63E-04,1.91E-06,2.19E-05,3.26E-07,,,,,4.95E-05,6.02E-07,1.82E-03,6.94E-06,1.91E-05,4.70E-08,,,,,5.43E-08,2.79E-09,1.70E-08,6.62E-10,,,,,,,1.12E-09,1.51E-10,3.02E-06,2.19E-08,,,2.79E-08,7.82E-10,,,,,,,,,,,1.76E-06,2.29E-08,2.66E-10,6.42E-11,,,,,1.01E-09,1.06E-10,5.67E-06,2.18E-07,1.59E-08,1.33E-09
MCT2-1D,6/29/18,,7.52,,420,82,,5.107,0.336,4.771,0.0023,0.3687,0.008,0.0389,0.0005,4.78E-07,4.80E-08,,,4.33E-07,1.90E-08,1.78E-04,3.37E-06,3.31E-04,2.60E-06,,,1.67E-04,1.13E-06,2.42E-05,3.72E-07,,,,,4.98E-05,5.30E-07,1.84E-03,6.69E-06,6.66E-05,3.24E-07,,,,,5.95E-08,1.15E-09,2.04E-08,7.00E-10,7.18E-09,7.30E-10,,,,,1.72E-09,2.26E-10,3.08E-06,3.05E-08,,,2.59E-08,1.64E-09,,,,,,,,,,,1.93E-06,2.27E-08,3.19E-10,1.10E-10,,,,,9.60E-10,3.74E-11,6.10E-06,2.13E-07,2.32E-08,2.36E-09
MCT2-1D,7/2/18,,7.31,18.9,428,-100,,5.295,0.372,4.923,0.0022,0.3618,0.0205,0.0286,0.0005,5.38E-07,6.50E-08,,,4.20E-07,2.64E-08,2.05E-04,3.68E-06,3.81E-04,2.16E-06,,,1.73E-04,1.17E-06,2.57E-05,4.18E-07,,,,,5.85E-05,6.86E-07,2.13E-03,7.85E-06,8.35E-05,3.45E-07,,,,,5.99E-08,1.10E-09,2.14E-08,7.94E-10,,,,,,,1.65E-09,1.77E-10,3.59E-06,2.70E-08,,,2.79E-08,1.12E-09,,,,,,,,,,,2.29E-06,9.93E-09,4.13E-10,3.09E-11,,,,,9.97E-10,1.16E-10,6.21E-06,2.09E-07,2.78E-08,1.05E-09
MCT2-1D,7/6/18,4.41,7.27,20,399,-105,,4.975,0.326,4.649,0.0019,0.3516,0.0125,0.0219,0.0005,5.03E-07,2.50E-08,,,4.41E-07,2.82E-08,1.91E-04,7.88E-06,3.50E-04,2.42E-06,,,1.78E-04,1.87E-06,2.55E-05,3.29E-07,,,,,5.34E-05,6.11E-07,1.95E-03,1.11E-05,5.80E-05,4.73E-07,,,,,5.28E-08,3.12E-09,1.71E-08,7.33E-10,,,,,,,1.69E-09,1.42E-10,3.28E-06,2.58E-08,,,2.72E-08,1.78E-09,,,,,,,,,,,2.04E-06,1.67E-08,3.45E-10,3.06E-11,,,,,8.07E-10,4.52E-11,5.95E-06,2.59E-07,2.60E-08,2.25E-09
MCT2-1D,7/10/18,4.5,7.02,19.4,408,-104,,5.007,,,,0.341,0.0157,0.016,,4.83E-07,4.58E-08,,,4.79E-07,4.31E-08,1.76E-04,4.15E-06,3.11E-04,2.45E-06,,,1.72E-04,1.25E-06,2.48E-05,3.94E-07,,,,,4.63E-05,5.89E-07,1.70E-03,3.98E-06,3.16E-05,1.95E-07,,,,,4.81E-08,2.88E-09,1.56E-08,4.78E-10,6.56E-09,4.72E-10,,,,,1.72E-09,3.02E-10,2.84E-06,2.48E-08,,,2.67E-08,1.96E-09,,,,,,,,,,,1.75E-06,1.86E-08,3.09E-10,4.00E-11,,,,,6.81E-10,5.71E-11,5.79E-06,2.08E-07,2.02E-08,1.46E-09
MCT2-1D,7/12/18,4.43,6.97,20.3,390,-94,,4.883,,,,0.2928,0.0138,0.0437,,,,,,,,,,,,,,,,,,,,,,,,,,,,,,,,,,,,,,,,,,,,,,,,,,,,,,,,,,,,,,,,,,,,,,,,,
MCT2-1D,7/21/18,4.61,7.01,21.9,395,-116,,,,,,,,,,,,,,,,,,,,,,,,,,,,,,,,,,,,,,,,,,,,,,,,,,,,,,,,,,,,,,,,,,,,,,,,,,,,,,,,,
MCT2-1D,7/24/18,4.66,6.86,22.1,403,-106,,,,,,,,,,,,,,,,,,,,,,,,,,,,,,,,,,,,,,,,,,,,,,,,,,,,,,,,,,,,,,,,,,,,,,,,,,,,,,,,,
MCT2-1D,7/27/18,4.71,7.34,23.5,390,-107,,,,,,,,,,,,,,,,,,,,,,,,,,,,,,,,,,,,,,,,,,,,,,,,,,,,,,,,,,,,,,,,,,,,,,,,,,,,,,,,,
MCT2-1D,7/30/18,4.74,7.18,18.9,399,-118,,,,,,,,,,,,,,,,,,,,,,,,,,,,,,,,,,,,,,,,,,,,,,,,,,,,,,,,,,,,,,,,,,,,,,,,,,,,,,,,,
MCT2-1D,8/2/18,4.8,7.23,23.4,403,-104,,,,,,,,,0.0005,,,,,,,,,,,,,,,,,,,,,,,,,,,,,,,,,,,,,,,,,,,,,,,,,,,,,,,,,,,,,,,,,,,,,,,,
MCT2-1D,8/9/18,4.87,6.98,16.3,438,-89,,,,,,,,,,,,,,,,,,,,,,,,,,,,,,,,,,,,,,,,,,,,,,,,,,,,,,,,,,,,,,,,,,,,,,,,,,,,,,,,,
MCT2-1D,8/25/18,,,,,,,4.865,0.29,4.575,0.0039,0.0469,,0.0763,0.0005,4.58E-07,2.41E-08,,,,,2.09E-04,6.23E-06,3.40E-04,5.48E-06,2.44E-06,1.11E-07,1.82E-04,6.34E-06,2.43E-05,3.55E-07,2.42E-09,6.93E-11,1.28E-08,7.84E-10,4.40E-05,4.48E-07,1.76E-03,1.71E-05,9.83E-05,8.57E-07,,,,,5.64E-08,1.84E-09,1.68E-08,7.58E-10,9.49E-09,6.77E-10,6.75E-07,6.56E-09,,,2.96E-09,1.07E-10,3.26E-06,5.85E-08,,,3.95E-08,1.27E-09,,,,,1.16E-08,7.97E-10,,,,,1.96E-06,2.92E-08,5.00E-10,3.55E-11,,,,,7.14E-10,4.08E-11,6.32E-06,1.94E-07,3.28E-08,1.52E-09
MCT2-1D,9/23/18,,,,,,,,,,,,,,0.0005,2.68E-07,6.85E-08,,,,,2.19E-04,2.60E-06,3.22E-04,4.44E-06,,,1.92E-04,4.99E-06,2.48E-05,3.65E-07,3.87E-09,1.88E-10,6.56E-09,1.09E-09,3.92E-05,1.54E-07,1.57E-03,1.70E-05,1.37E-04,2.32E-06,,,,,5.09E-08,3.10E-09,1.08E-08,7.46E-10,2.01E-08,9.78E-10,9.11E-07,1.95E-08,,,3.35E-09,1.59E-10,2.78E-06,2.93E-08,,,2.94E-08,1.67E-09,,,,,5.85E-09,3.83E-10,,,,,1.73E-06,2.08E-08,4.69E-10,4.79E-11,,,,,4.85E-10,3.58E-11,8.91E-06,2.73E-07,3.46E-08,1.63E-09
MCT2-1M,5/27/18,,7.44,11.8,633,134,,7.716,0.468,7.248,,0.3971,0.0109,0.1499,0.0005,4.82E-07,2.80E-08,,,2.64E-07,2.55E-08,3.28E-04,3.84E-06,3.51E-04,2.07E-06,,,1.50E-04,1.07E-06,8.56E-06,1.47E-07,,,,,1.96E-06,2.86E-08,2.24E-03,5.52E-06,8.14E-07,1.04E-08,,,,,6.39E-08,1.45E-09,4.35E-09,4.87E-10,2.02E-08,7.68E-10,5.70E-07,6.82E-09,,,4.85E-09,2.17E-10,3.43E-06,1.95E-08,,,2.71E-08,4.75E-10,,,,,,,,,,,5.87E-07,1.15E-08,1.24E-10,1.38E-11,5.77E-10,8.17E-11,,,5.81E-09,2.36E-10,6.72E-06,7.60E-07,6.36E-09,9.75E-10
MCT2-1M,5/31/18,,7.37,13.3,544,19,,6.94,0.474,6.466,,0.4135,0.0119,0.1406,0.0006,4.65E-07,4.11E-08,,,1.46E-07,1.03E-08,2.63E-04,1.67E-06,3.64E-04,7.84E-07,5.93E-07,8.14E-08,1.44E-04,1.03E-06,6.44E-06,1.04E-07,,,2.73E-09,2.28E-10,1.64E-06,1.32E-08,2.34E-03,6.18E-06,7.02E-07,1.10E-08,,,,,6.83E-08,2.32E-09,3.60E-09,2.52E-10,2.59E-08,1.04E-09,1.50E-06,1.47E-08,,,4.01E-09,1.08E-10,3.63E-06,2.49E-08,,,2.38E-08,8.95E-10,,,,,,,,,,,6.25E-07,7.38E-09,1.30E-10,2.97E-11,,,,,5.86E-09,2.14E-10,7.74E-06,7.44E-07,5.99E-09,8.79E-10
MCT2-1M,6/5/18,5,7.2,14.1,492,28,,7.214,0.462,6.752,,0.4313,0.0112,0.154,0.0005,4.72E-07,3.96E-08,,,1.75E-07,1.66E-08,2.82E-04,3.72E-06,3.75E-04,2.41E-06,2.43E-07,6.18E-08,1.50E-04,1.17E-06,6.66E-06,1.26E-07,2.19E-09,2.58E-10,2.39E-09,3.20E-10,2.40E-06,2.97E-08,2.44E-03,8.67E-06,1.40E-06,1.74E-08,,,4.84E-08,5.08E-09,6.93E-08,2.52E-09,4.78E-09,2.92E-10,2.12E-08,8.08E-10,2.75E-07,9.87E-09,,,4.33E-09,2.30E-10,3.63E-06,2.51E-08,,,2.51E-08,1.16E-09,,,,,,,,,,,6.61E-07,8.10E-09,2.11E-10,4.14E-11,,,1.28E-10,7.76E-11,5.86E-09,9.62E-11,5.74E-06,7.12E-07,6.36E-09,1.06E-09
MCT2-1M,6/7/18,5,7.46,14.9,550,34,,7.144,0.432,6.712,,0.4435,0.0143,0.1624,,4.48E-07,4.18E-08,,,1.38E-07,2.71E-08,2.73E-04,3.17E-06,3.57E-04,4.02E-06,4.78E-07,1.24E-07,1.50E-04,1.08E-06,6.64E-06,1.16E-07,1.64E-09,2.17E-10,,,1.33E-06,2.43E-08,2.29E-03,8.93E-06,4.06E-07,1.27E-08,,,4.53E-08,6.45E-09,5.76E-08,2.67E-09,3.76E-09,4.02E-10,1.25E-08,1.06E-09,4.61E-07,6.43E-09,,,3.91E-09,2.07E-10,3.41E-06,2.52E-08,,,2.54E-08,6.83E-10,,,,,,,,,,,6.39E-07,1.11E-08,1.35E-10,2.89E-11,4.46E-10,8.39E-11,,,5.84E-09,1.56E-10,6.05E-06,8.60E-07,4.08E-09,9.61E-10
MCT2-1M,6/9/18,5.2,7.59,21.9,480,12,,7.04,0.514,6.526,,0.4558,0.0131,0.1626,,5.05E-07,2.05E-08,,,2.21E-07,3.17E-08,3.54E-04,5.45E-06,3.86E-04,3.84E-06,5.04E-07,7.42E-08,1.57E-04,2.61E-06,7.89E-06,1.30E-07,2.08E-09,2.18E-10,,,4.20E-06,5.08E-08,2.48E-03,1.08E-05,9.67E-07,1.53E-08,,,4.44E-08,5.34E-09,6.67E-08,3.45E-09,6.83E-09,2.89E-10,2.34E-08,9.09E-10,2.98E-07,9.69E-09,,,5.24E-09,2.54E-10,3.69E-06,1.71E-08,,,2.64E-08,1.68E-09,,,,,,,,,,,6.82E-07,9.26E-09,1.65E-10,2.68E-11,4.60E-10,9.75E-11,,,6.00E-09,1.69E-10,6.55E-06,9.37E-07,6.94E-09,1.78E-09
MCT2-1M,6/11/18,,,,,,,,,,,0.0074,0.021,0.2276,,,,,,,,,,,,,,,,,,,,,,,,,,,,,,,,,,,,,,,,,,,,,,,,,,,,,,,,,,,,,,,,,,,,,,,,,
MCT2-1M,6/12/18,5.3,,,,,,,,,,,,,,,,,,,,,,,,,,,,,,,,,,,,,,,,,,,,,,,,,,,,,,,,,,,,,,,,,,,,,,,,,,,,,,,,,,,,,
MCT2-1M,6/14/18,5.3,,,,,,,,,,,,,0.0005,,,,,,,,,,,,,,,,,,,,,,,,,,,,,,,,,,,,,,,,,,,,,,,,,,,,,,,,,,,,,,,,,,,,,,,,
MCT2-1M,6/19/18,5.3,,,,,,,,,,,,,0.0005,,,,,,,,,,,,,,,,,,,,,,,,,,,,,,,,,,,,,,,,,,,,,,,,,,,,,,,,,,,,,,,,,,,,,,,,
MCT2-1M,6/21/18,,,,,,,,,,,,,,0.0005,,,,,,,,,,,,,,,,,,,,,,,,,,,,,,,,,,,,,,,,,,,,,,,,,,,,,,,,,,,,,,,,,,,,,,,,
MCT2-1S,5/27/18,,7.44,11.6,537,131,,6.5,0.372,6.128,,0.4107,0.0112,0.1476,0.0005,4.08E-07,6.77E-08,,,2.93E-07,2.52E-08,1.85E-04,3.13E-06,3.52E-04,2.68E-06,,,1.37E-04,9.48E-07,7.89E-06,1.07E-07,,,5.57E-09,1.56E-09,7.32E-06,9.68E-08,2.30E-03,1.20E-05,1.20E-06,2.20E-09,,,,,7.23E-08,2.19E-09,9.50E-09,3.69E-10,1.86E-08,9.97E-10,6.43E-07,1.11E-08,,,3.12E-09,3.34E-10,3.48E-06,2.52E-08,,,1.80E-08,7.42E-10,,,,,,,,,,,1.05E-06,6.57E-09,2.42E-10,3.84E-11,,,,,2.70E-09,1.07E-10,5.91E-06,6.73E-07,3.80E-09,7.08E-10
MCT2-1S,5/31/18,,7.51,13,584,7,,6.754,0.362,6.392,,0.4262,0.0078,0.1488,0.0005,4.13E-07,4.50E-08,,,2.87E-07,2.97E-08,1.94E-04,1.36E-06,3.72E-04,3.87E-06,2.97E-07,6.39E-08,1.43E-04,8.27E-07,7.86E-06,1.24E-07,,,2.55E-09,5.96E-10,8.15E-06,7.04E-08,2.39E-03,4.71E-06,1.95E-06,1.52E-08,,,,,7.82E-08,2.49E-09,1.04E-08,4.93E-10,1.78E-08,1.29E-09,4.40E-07,3.91E-09,,,3.14E-09,1.76E-10,3.67E-06,3.00E-08,,,1.89E-08,8.17E-10,,,1.08E-09,2.19E-10,,,,,,,1.10E-06,1.67E-08,2.29E-10,3.55E-11,,,,,2.85E-09,1.05E-10,6.39E-06,6.77E-07,4.86E-09,1.25E-09
MCT2-1S,6/5/18,4.3,7.4,15.5,498,15,,6.857,0.386,6.471,,0.4393,0.0103,0.1468,0.0005,4.10E-07,3.31E-08,,,3.19E-07,2.61E-08,1.96E-04,2.18E-06,3.71E-04,1.99E-06,,,1.50E-04,1.01E-06,8.33E-06,1.24E-07,,,9.88E-09,2.73E-09,9.62E-06,1.05E-07,2.39E-03,3.52E-06,2.16E-06,9.85E-09,,,,,8.53E-08,2.92E-09,1.19E-08,6.30E-10,2.96E-08,1.09E-09,2.71E-07,6.06E-09,,,3.40E-09,1.28E-10,3.66E-06,1.21E-08,,,1.80E-08,1.17E-09,,,,,,,,,,,1.15E-06,8.43E-09,2.47E-10,5.01E-11,,,,,2.74E-09,7.78E-11,6.63E-06,7.08E-07,5.44E-09,6.21E-10
MCT2-1S,6/7/18,4.2,7.48,15.4,595,12,,6.728,0.374,6.354,,0.4634,0.0151,0.1575,,4.41E-07,2.56E-08,,,3.24E-07,1.53E-08,1.95E-04,1.28E-06,3.70E-04,4.15E-06,,,1.50E-04,1.26E-06,9.05E-06,1.77E-07,,,,,9.30E-06,9.26E-08,2.39E-03,8.66E-06,1.92E-06,2.12E-08,,,,,8.62E-08,1.92E-09,1.22E-08,4.30E-10,1.56E-08,1.59E-09,2.85E-07,3.23E-09,,,3.51E-09,3.58E-10,3.67E-06,2.82E-08,,,1.83E-08,1.22E-09,,,,,,,,,,,1.12E-06,1.58E-08,2.38E-10,2.64E-11,,,,,2.67E-09,1.95E-10,6.83E-06,7.49E-07,5.37E-09,6.84E-10
MCT2-1S,6/9/18,4.5,7.41,20.7,484,8,,6.701,0.607,6.094,,0.4595,0.0041,0.1593,,4.29E-07,3.22E-08,,,3.32E-07,8.92E-09,1.93E-04,2.98E-06,3.58E-04,2.60E-06,,,1.51E-04,9.36E-07,9.22E-06,1.73E-07,,,,,1.08E-05,7.69E-08,2.32E-03,1.20E-05,2.32E-06,2.95E-07,,,,,8.71E-08,3.93E-09,1.39E-08,4.07E-10,2.26E-08,1.18E-09,2.90E-07,6.22E-09,,,3.46E-09,1.61E-10,3.55E-06,6.04E-09,,,2.00E-08,7.76E-10,,,,,,,,,,,1.14E-06,2.06E-08,2.10E-10,4.09E-11,,,,,2.62E-09,2.14E-10,7.17E-06,9.54E-07,6.38E-09,5.95E-10
MCT2-1S,6/12/18,4.65,7.69,21.1,896,18,,5.749,0.424,5.325,0.0011,0.4525,0.0095,0.1607,,,,,,4.37E-07,9.31E-09,1.88E-04,2.79E-06,3.54E-04,7.41E-06,,,1.23E-04,1.70E-06,1.04E-05,3.39E-07,,,4.08E-09,2.47E-10,1.15E-05,1.33E-07,2.13E-03,1.81E-05,1.41E-06,1.01E-08,,,,,8.62E-08,3.74E-09,1.33E-08,5.05E-10,1.66E-08,7.74E-10,,,,,4.67E-09,1.74E-10,3.49E-06,2.49E-08,,,2.00E-08,1.02E-09,,,,,,,,,,,1.15E-06,1.29E-08,2.20E-10,5.08E-11,4.65E-10,6.73E-11,3.50E-10,6.61E-11,2.47E-09,8.13E-11,1.25E-05,5.87E-07,7.90E-09,1.31E-09
MCT2-1S,6/14/18,4.67,,,,,,,,,,,,,0.0006,,,,,,,,,,,,,,,,,,,,,,,,,,,,,,,,,,,,,,,,,,,,,,,,,,,,,,,,,,,,,,,,,,,,,,,,
MCT2-1S,6/19/18,4.7,,,,,,,,,,,,,0.0007,,,,,,,,,,,,,,,,,,,,,,,,,,,,,,,,,,,,,,,,,,,,,,,,,,,,,,,,,,,,,,,,,,,,,,,,
MCT2-1S,6/21/18,,,,,,,,,,,,,,0.0005,,,,,,,,,,,,,,,,,,,,,,,,,,,,,,,,,,,,,,,,,,,,,,,,,,,,,,,,,,,,,,,,,,,,,,,,
MCT2-2D,5/27/18,,7.38,14.1,567,-28,,5.303,0.505,4.798,0.0217,0.4871,0.0174,0.2081,0.0005,4.34E-07,3.02E-08,,,3.10E-07,2.59E-08,9.49E-04,8.59E-06,3.89E-04,3.88E-06,,,1.73E-04,2.01E-06,1.45E-05,2.99E-07,,,,,2.72E-05,4.21E-07,1.67E-03,6.30E-06,1.86E-04,7.86E-07,,,,,2.50E-08,1.39E-09,3.96E-09,4.61E-10,,,3.24E-07,1.55E-08,,,2.77E-09,3.30E-10,2.38E-06,2.67E-08,,,2.08E-08,8.90E-10,,,,,,,,,,,1.02E-06,6.39E-09,1.87E-10,3.29E-11,,,,,1.92E-10,4.93E-11,8.35E-06,9.74E-07,3.46E-08,1.71E-09
MCT2-2D,5/31/18,,7.43,14.6,456,-35,,6.128,,,0.0153,0.1929,0.017,0.0911,0.0005,4.51E-07,4.55E-08,,,3.09E-07,2.51E-08,8.34E-04,1.17E-05,3.81E-04,2.28E-06,4.64E-07,5.51E-07,1.80E-04,1.44E-06,1.28E-05,2.36E-07,,,,,2.80E-05,3.48E-07,1.69E-03,1.39E-05,1.58E-04,8.07E-07,,,,,2.48E-08,1.37E-09,3.15E-09,5.45E-10,,,3.02E-07,1.25E-08,,,1.70E-09,1.66E-10,2.35E-06,1.62E-08,,,1.87E-08,7.37E-10,,,,,,,,,,,9.61E-07,1.24E-08,1.82E-10,5.94E-11,,,,,1.63E-10,5.83E-11,8.33E-06,9.32E-07,3.20E-08,1.36E-09
MCT2-2D,6/5/18,2.2,7.11,13.4,431,-36,,5.5,,,0.0145,0.4656,0.01,0.2002,0.0005,4.74E-07,3.48E-08,,,3.54E-07,1.95E-08,7.36E-04,3.42E-06,3.97E-04,4.31E-06,,,1.84E-04,8.05E-07,1.37E-05,2.10E-07,,,,,2.98E-05,3.37E-07,1.77E-03,9.22E-06,1.77E-04,1.10E-06,,,,,2.44E-08,3.05E-09,2.84E-09,3.73E-10,,,,,,,1.97E-09,1.90E-10,2.48E-06,1.51E-08,,,1.92E-08,1.28E-09,,,,,,,,,,,1.02E-06,1.33E-08,1.78E-10,4.08E-11,,,,,1.73E-10,9.19E-11,8.48E-06,9.18E-07,3.31E-08,1.21E-09
MCT2-2D,6/7/18,1.9,7.35,14.8,513,-55,,5.669,,,0.0156,0.4586,0.0103,0.191,0.0005,4.86E-07,4.12E-08,,,3.71E-07,2.19E-08,7.62E-04,8.22E-06,4.05E-04,4.02E-06,,,1.90E-04,1.72E-06,1.39E-05,2.45E-07,,,2.74E-09,1.44E-09,3.06E-05,4.19E-07,1.80E-03,7.65E-06,1.92E-04,1.68E-06,,,,,2.61E-08,2.80E-09,2.98E-09,3.04E-10,,,,,,,2.57E-09,1.40E-10,2.51E-06,1.50E-08,,,1.84E-08,1.22E-09,,,,,,,,,,,1.04E-06,7.83E-09,1.74E-10,2.81E-11,,,,,1.92E-10,4.44E-11,7.90E-06,6.59E-07,3.45E-08,1.76E-09
MCT2-2D,6/9/18,3.5,7.25,13.8,432,-33,,5.516,,,0.0159,0.4494,0.0108,0.1907,0.0005,4.98E-07,4.15E-08,,,3.60E-07,2.01E-08,7.05E-04,1.43E-05,3.92E-04,2.03E-06,,,1.88E-04,1.58E-06,1.37E-05,2.69E-07,,,,,3.07E-05,3.05E-07,1.77E-03,9.35E-06,1.61E-04,9.16E-07,,,,,2.44E-08,1.50E-09,2.28E-09,3.88E-10,,,,,,,2.05E-09,2.58E-10,2.45E-06,2.11E-08,,,1.82E-08,5.67E-10,,,,,,,,,,,1.01E-06,9.70E-09,1.60E-10,4.65E-11,,,,,1.54E-10,4.09E-11,8.14E-06,8.27E-07,3.18E-08,1.18E-09
MCT2-2D,6/12/18,2.7,7.05,14.1,427,-35,,5.286,0.467,4.819,0.0191,0.4179,0.0116,0.1806,0.0005,,,,,5.47E-07,1.39E-08,5.29E-04,4.08E-06,3.43E-04,7.53E-06,,,1.60E-04,2.25E-06,1.24E-05,3.67E-07,4.43E-09,1.67E-10,,,2.99E-05,4.53E-07,1.55E-03,8.07E-06,1.66E-04,6.15E-07,,,,,3.25E-08,2.15E-09,3.46E-09,2.34E-10,1.13E-08,1.02E-09,,,,,4.92E-09,1.33E-10,2.48E-06,1.18E-08,,,1.94E-08,1.30E-09,,,,,,,,,,,1.09E-06,1.67E-08,2.53E-10,4.28E-11,5.26E-10,1.05E-10,,,3.40E-10,6.16E-11,1.46E-05,8.60E-07,5.57E-08,1.36E-09
MCT2-2D,6/14/18,2.8,,13.3,409,-15,,5.658,0.435,5.223,0.0198,0.4072,0.0145,0.1456,0.0005,,,,,6.01E-07,6.89E-09,5.43E-04,1.39E-05,3.63E-04,8.00E-06,,,1.70E-04,2.16E-06,1.11E-05,3.76E-07,4.67E-09,3.14E-10,4.83E-09,5.06E-10,3.18E-05,3.54E-07,1.60E-03,1.86E-05,1.77E-04,1.31E-06,,,,,3.30E-08,2.30E-09,3.15E-09,3.99E-10,7.24E-08,1.75E-09,2.80E-07,9.64E-09,,,4.54E-09,1.57E-10,2.61E-06,1.32E-08,,,2.53E-08,9.07E-10,,,,,,,,,,,1.16E-06,1.21E-08,2.43E-10,4.11E-11,8.60E-10,1.03E-10,,,3.62E-10,5.57E-11,1.41E-05,9.19E-07,5.55E-08,1.61E-09
MCT2-2D,6/19/18,2.75,,13.4,511,-100,,5.741,0.621,5.12,0.022,0.3922,0.0093,0.1677,0.0005,,,,,5.67E-07,4.85E-09,5.49E-04,9.68E-06,3.60E-04,6.30E-06,,,1.67E-04,1.98E-06,1.62E-05,3.81E-07,4.73E-09,2.22E-10,,,3.18E-05,3.02E-07,1.61E-03,1.12E-05,1.75E-04,1.07E-06,,,,,3.61E-08,2.01E-09,3.34E-09,1.58E-10,1.44E-08,7.23E-10,,,,,6.22E-09,1.92E-10,2.63E-06,1.66E-08,,,1.96E-08,5.85E-10,4.12E-09,9.92E-10,,,,,,,,,1.15E-06,1.51E-08,2.81E-10,4.64E-11,6.74E-10,3.28E-11,4.92E-10,6.71E-11,3.68E-10,5.29E-11,1.35E-05,6.63E-07,5.87E-08,1.81E-09
MCT2-2D,6/21/18,,,13.7,484,-92,,5.94,0.543,5.397,0.022,0.3983,0.007,0.1509,0.0005,5.14E-07,7.61E-08,,,6.29E-07,1.80E-08,5.94E-04,6.06E-06,4.09E-04,8.75E-06,,,1.88E-04,2.54E-06,1.36E-05,3.49E-07,4.73E-09,2.02E-10,,,3.67E-05,3.40E-07,1.85E-03,1.45E-05,1.99E-04,1.31E-06,,,,,3.40E-08,2.77E-09,3.43E-09,1.42E-10,6.19E-09,8.88E-10,,,9.18E-10,3.56E-10,4.81E-09,2.20E-10,3.00E-06,2.30E-08,,,2.24E-08,9.58E-10,,,,,,,,,,,1.31E-06,1.02E-08,3.18E-10,5.96E-11,,,,,3.84E-10,5.96E-11,1.33E-05,6.90E-07,5.93E-08,3.15E-09
MCT2-2D,6/27/18,,7.21,14.9,509,-87,,6.551,0.507,6.045,0.0292,0.4043,0.0169,0.0854,0.0005,6.28E-07,3.51E-08,,,4.01E-07,2.58E-08,6.42E-04,1.28E-05,4.52E-04,4.38E-06,,,1.84E-04,8.01E-07,2.33E-05,3.95E-07,3.28E-09,3.69E-10,,,3.74E-05,4.48E-07,2.20E-03,1.04E-05,1.10E-04,6.67E-07,,,,,3.43E-08,1.78E-09,3.11E-09,4.50E-10,5.13E-09,7.28E-10,,,,,6.22E-09,4.20E-10,3.40E-06,1.02E-08,,,1.89E-08,8.72E-10,,,,,,,,,,,1.40E-06,1.93E-08,2.67E-10,4.05E-11,,,,,4.29E-10,6.57E-11,7.70E-06,3.20E-07,3.74E-08,1.57E-09
MCT2-2D,6/29/18,,7.36,,470,74,,6.521,0.65,5.872,0.0366,0.412,0.0112,0.0712,0.0005,4.61E-07,3.67E-08,,,4.05E-07,5.38E-09,4.28E-04,9.66E-06,2.91E-04,3.16E-06,,,1.81E-04,2.02E-06,1.73E-05,2.97E-07,1.88E-09,3.26E-10,,,2.43E-05,2.97E-07,1.36E-03,5.10E-06,1.07E-04,8.05E-07,,,,,2.39E-08,2.23E-09,2.16E-09,3.35E-10,5.15E-09,7.27E-10,,,,,3.89E-09,2.32E-10,2.09E-06,1.22E-08,,,1.59E-08,1.13E-09,,,,,,,,,,,7.86E-07,7.53E-09,1.30E-10,4.52E-11,,,1.73E-10,5.90E-11,3.17E-10,6.03E-11,8.17E-06,5.40E-07,2.94E-08,2.69E-09
MCT2-2D,7/2/18,,7.1,15.9,500,-99,,6.774,0.954,5.82,0.0272,0.4364,0.0125,0.0817,0.0005,6.14E-07,3.81E-08,,,5.65E-07,3.62E-08,6.43E-04,1.23E-05,4.64E-04,2.22E-06,,,1.82E-04,1.26E-06,2.75E-05,5.42E-07,2.59E-09,3.56E-10,,,3.99E-05,5.43E-07,2.28E-03,9.57E-06,1.41E-04,1.45E-06,,,,,4.41E-08,3.86E-09,4.68E-09,4.92E-10,1.54E-08,1.06E-09,,,,,7.90E-09,3.16E-10,3.53E-06,2.21E-08,,,1.74E-08,5.26E-10,,,,,,,,,,,1.50E-06,6.46E-09,2.83E-10,8.17E-11,5.69E-10,6.92E-11,,,4.94E-10,7.27E-11,7.40E-06,3.94E-07,3.76E-08,2.13E-09
MCT2-2D,7/6/18,3.4,7.02,15.8,477,-107,,6.92,0.605,6.315,0.0305,0.4251,0.0196,0.068,0.0005,5.76E-07,3.31E-08,,,4.13E-07,2.17E-08,5.68E-04,1.18E-05,4.16E-04,2.40E-06,,,1.84E-04,5.98E-07,2.11E-05,3.16E-07,,,,,3.54E-05,4.66E-07,2.04E-03,1.16E-05,3.70E-05,1.61E-07,,,,,3.15E-08,1.67E-09,2.47E-09,3.72E-10,4.62E-09,8.83E-10,,,,,5.36E-09,4.24E-10,3.11E-06,2.11E-08,,,1.75E-08,1.04E-09,,,,,,,,,,,1.23E-06,9.65E-09,1.90E-10,9.15E-11,,,,,4.03E-10,5.21E-11,7.54E-06,2.90E-07,2.33E-08,1.42E-09
MCT2-2D,7/10/18,4.66,6.72,18.9,531,-84,,6.999,0.533,6.466,0.0256,0.4272,0.0096,0.0736,0.0005,5.98E-07,5.36E-08,,,4.61E-07,2.60E-08,5.23E-04,1.16E-05,4.10E-04,2.93E-06,,,1.85E-04,8.26E-07,2.09E-05,3.19E-07,,,,,3.53E-05,3.54E-07,2.02E-03,1.06E-05,2.37E-05,1.26E-07,,,,,3.34E-08,1.67E-09,2.60E-09,2.60E-10,,,,,,,5.16E-09,3.29E-10,3.06E-06,1.85E-08,,,1.70E-08,4.09E-10,,,,,,,,,,,1.17E-06,9.52E-09,2.23E-10,3.57E-11,,,,,3.74E-10,4.82E-11,7.57E-06,3.11E-07,1.65E-08,1.32E-09
MCT2-2D,7/12/18,4.66,6.74,18,527,-79,,6.699,0.551,6.148,0.0244,0.4291,0.0107,0.0721,0.0005,5.03E-07,4.66E-08,,,2.11E-07,1.08E-07,5.06E-04,1.90E-05,3.88E-04,1.25E-05,3.21E-06,1.50E-07,1.97E-04,1.03E-05,1.69E-05,3.90E-07,4.77E-09,3.31E-10,1.14E-08,3.99E-10,3.45E-05,2.98E-07,1.82E-03,3.07E-05,2.34E-04,3.19E-06,,,,,4.42E-08,1.08E-09,3.41E-09,2.42E-10,3.14E-08,1.59E-09,5.92E-07,7.12E-09,,,5.94E-09,2.17E-10,3.34E-06,3.03E-08,1.91E-09,3.53E-10,2.60E-08,6.88E-10,,,,,,,,,,,1.34E-06,7.75E-09,3.45E-10,4.93E-11,,,,,3.59E-10,4.20E-11,1.02E-05,3.06E-07,6.42E-08,1.91E-09
MCT2-2D,7/17/18,3.45,6.78,14.8,513,-104,,6.977,0.53,6.446,0.0241,0.4317,0.0128,0.0533,0.0005,5.38E-07,4.61E-08,,,1.39E-07,8.26E-08,5.06E-04,1.65E-05,4.08E-04,9.55E-06,2.62E-06,9.28E-08,1.97E-04,5.31E-06,1.66E-05,3.20E-07,3.82E-09,2.39E-10,1.73E-09,2.62E-10,3.59E-05,1.83E-07,1.94E-03,3.10E-05,1.92E-04,2.47E-06,,,,,4.65E-08,2.17E-09,3.24E-09,3.36E-10,5.00E-09,6.50E-10,3.91E-07,5.99E-09,,,6.08E-09,2.20E-10,3.48E-06,3.51E-08,,,2.05E-08,5.68E-10,,,,,,,,,,,1.38E-06,1.25E-08,3.45E-10,6.50E-11,,,,,3.70E-10,4.17E-11,9.25E-06,2.18E-07,5.52E-08,2.12E-09
MCT2-2D,7/21/18,3.61,6.93,16.5,508,-107,,6.911,0.569,6.342,0.0266,0.4385,0.0056,0.0583,0.0005,5.23E-07,1.04E-07,,,,,4.80E-04,8.46E-06,4.05E-04,1.16E-05,2.25E-06,1.08E-07,1.99E-04,1.00E-05,1.70E-05,2.71E-07,3.60E-09,1.31E-10,8.32E-09,5.11E-10,3.62E-05,1.84E-07,1.93E-03,2.00E-05,1.87E-04,3.09E-06,,,,,4.20E-08,1.90E-09,3.28E-09,2.09E-10,6.02E-09,6.36E-10,3.31E-07,5.52E-09,,,6.18E-09,1.30E-10,3.45E-06,3.30E-08,,,2.07E-08,8.93E-10,,,,,,,,,,,1.38E-06,1.75E-08,3.64E-10,5.31E-11,,,,,3.64E-10,4.11E-11,9.61E-06,3.31E-07,5.27E-08,1.88E-09
MCT2-2D,7/24/18,3.66,6.87,15.5,534,-106,,7.112,0.566,6.545,0.0283,0.4554,0.0123,0.062,0.0005,4.97E-07,7.22E-08,5.24E-08,5.67E-08,,,4.76E-04,7.47E-06,4.00E-04,5.59E-06,2.50E-06,9.05E-08,1.98E-04,5.07E-06,1.64E-05,3.11E-07,3.46E-09,1.94E-10,3.95E-09,6.25E-10,3.58E-05,2.01E-07,1.88E-03,2.21E-05,1.78E-04,1.51E-06,,,,,4.32E-08,1.79E-09,3.11E-09,3.45E-10,3.97E-09,1.01E-09,3.42E-07,5.41E-09,9.97E-10,4.53E-10,6.15E-09,2.02E-10,3.43E-06,5.60E-08,,,1.93E-08,8.12E-10,,,,,,,,,8.99E-11,4.40E-11,1.38E-06,5.94E-09,4.09E-10,4.61E-11,,,,,3.92E-10,6.69E-11,9.73E-06,3.88E-07,5.03E-08,2.15E-09
MCT2-2D,7/27/18,3.7,6.9,16.6,538,-103,,7.244,0.554,6.69,0.0272,0.4817,0.0179,0.0605,0.0005,4.73E-07,5.47E-08,,,,,4.81E-04,1.74E-05,4.05E-04,1.59E-05,2.28E-06,1.12E-07,2.01E-04,9.17E-06,1.87E-05,3.69E-07,3.26E-09,2.34E-10,,,3.69E-05,1.74E-07,1.91E-03,2.93E-05,1.84E-04,1.72E-06,,,,,4.19E-08,1.40E-09,3.16E-09,1.57E-10,5.81E-09,6.45E-10,3.52E-07,6.85E-09,,,6.94E-09,2.14E-10,3.47E-06,3.43E-08,,,1.94E-08,9.09E-10,,,,,,,,,,,1.40E-06,5.62E-09,3.47E-10,7.30E-11,,,,,3.60E-10,4.59E-11,1.03E-05,2.49E-07,5.09E-08,9.89E-10
MCT2-2D,7/30/18,3.69,6.75,15.4,534,-97,,7.231,0.52,6.711,0.025,0.4425,0.0082,0.0704,0.0005,4.97E-07,5.11E-08,,,,,4.66E-04,7.04E-06,3.99E-04,8.08E-06,2.55E-06,9.55E-08,2.00E-04,5.79E-06,1.76E-05,2.51E-07,2.92E-09,2.19E-10,8.78E-09,3.61E-10,3.63E-05,3.04E-07,1.89E-03,2.93E-05,1.63E-04,1.74E-06,,,,,4.55E-08,3.83E-09,2.95E-09,2.04E-10,6.65E-09,8.67E-10,3.49E-07,5.37E-09,,,6.35E-09,2.07E-10,3.37E-06,5.62E-08,,,1.92E-08,5.15E-10,,,,,,,,,,,1.36E-06,7.19E-09,3.68E-10,5.60E-11,,,,,3.30E-10,2.49E-11,1.02E-05,2.64E-07,4.52E-08,1.08E-09
MCT2-2D,8/2/18,3.77,6.98,18.2,552,-98,,6.227,0.742,5.486,0.0263,0.266,,0.0965,0.0005,5.61E-07,4.63E-08,,,,,4.57E-04,1.21E-05,4.43E-04,1.41E-05,2.33E-06,9.32E-08,2.01E-04,6.79E-06,2.14E-05,3.64E-07,5.12E-09,2.63E-10,7.30E-08,4.96E-09,3.94E-05,1.56E-07,2.06E-03,2.39E-05,2.32E-04,3.87E-06,,,,,5.76E-08,1.55E-09,5.75E-09,3.75E-10,1.29E-08,8.31E-10,3.72E-07,3.01E-09,,,6.28E-09,1.88E-10,3.49E-06,2.31E-08,,,1.95E-08,6.14E-10,,,,,,,,,,,1.47E-06,1.27E-08,4.53E-10,5.49E-11,7.01E-10,5.60E-11,1.30E-10,1.32E-11,4.25E-10,5.39E-11,9.41E-06,2.79E-07,4.75E-08,7.64E-10
MCT2-2D,8/9/18,3.93,6.72,16.3,522,-87,,6.027,0.758,5.269,0.0255,0.1078,,0.1597,0.0005,5.80E-07,6.32E-08,,,,,4.49E-04,1.07E-05,4.11E-04,1.17E-05,2.25E-06,9.17E-08,1.98E-04,5.68E-06,1.88E-05,8.27E-08,4.47E-09,1.58E-10,1.89E-08,5.76E-10,3.83E-05,1.67E-07,1.97E-03,1.19E-05,2.25E-04,2.19E-06,,,,,5.48E-08,1.93E-09,5.02E-09,2.68E-10,1.52E-08,9.20E-10,3.75E-07,4.48E-09,,,5.98E-09,1.50E-10,3.30E-06,4.59E-08,,,1.93E-08,5.13E-10,,,,,,,,,,,1.42E-06,1.27E-08,4.06E-10,5.91E-11,,,,,3.66E-10,2.99E-11,1.23E-05,1.19E-06,4.78E-08,2.60E-09
MCT2-2D,8/25/18,,,,,,,5.692,0.452,5.24,0.0275,0.0438,,0.1834,0.0005,5.25E-07,6.04E-08,,,,,4.39E-04,7.36E-06,3.81E-04,8.35E-06,2.17E-06,8.43E-08,2.01E-04,5.21E-06,1.98E-05,2.10E-07,5.20E-09,1.76E-10,1.00E-08,2.93E-10,3.56E-05,1.63E-07,1.81E-03,1.63E-05,2.10E-04,2.28E-06,,,,,4.71E-08,2.67E-09,4.65E-09,2.15E-10,1.33E-08,9.83E-10,3.43E-07,5.88E-09,,,5.36E-09,1.45E-10,3.08E-06,2.71E-08,,,1.68E-08,1.16E-09,,,,,,,,,,,1.30E-06,7.59E-09,3.58E-10,5.99E-11,,,,,2.40E-10,2.67E-11,1.26E-05,1.02E-06,6.85E-08,2.29E-09
MCT2-2D,9/12/18,,,,,,,4.868,0.387,4.481,0.02,0.0246,0.0032,0.2219,0.0005,3.94E-07,5.95E-08,,,,,5.07E-04,7.37E-06,3.81E-04,1.11E-05,,,2.14E-04,6.66E-06,1.73E-05,2.79E-07,5.96E-09,2.62E-10,,,3.61E-05,7.77E-07,1.80E-03,1.21E-05,2.00E-04,3.37E-06,,,6.88E-08,3.04E-09,3.41E-08,2.18E-09,1.96E-09,2.77E-10,8.95E-09,8.90E-10,,,,,5.48E-09,1.84E-10,2.85E-06,2.81E-08,,,1.57E-08,9.59E-10,,,,,,,,,,,1.25E-06,1.36E-08,2.89E-10,4.63E-11,,,,,2.87E-10,3.14E-11,3.51E-05,9.39E-07,4.65E-08,2.66E-09
MCT2-2D,9/23/18,,,,,,,4.888,0.361,4.528,0.0201,0.0349,0.005,0.1711,0.0005,4.69E-07,8.14E-08,,,,,5.31E-04,1.75E-05,3.68E-04,1.27E-05,,,2.11E-04,7.09E-06,1.74E-05,3.26E-07,7.54E-09,3.80E-10,3.31E-09,2.00E-10,3.56E-05,1.58E-07,1.76E-03,1.88E-05,1.92E-04,1.19E-06,,,6.21E-08,9.96E-09,3.56E-08,2.23E-09,4.76E-09,2.50E-10,1.25E-08,9.80E-10,3.08E-07,6.57E-09,,,6.52E-09,2.13E-10,2.87E-06,3.24E-08,,,1.44E-08,1.23E-09,,,,,,,,,,,1.20E-06,1.15E-08,3.57E-10,4.68E-11,4.65E-10,1.07E-10,,,2.42E-10,4.96E-11,1.63E-05,1.30E-06,4.56E-08,2.74E-09
MCT2-2M,5/27/18,,7.07,13.8,900,22,,7.697,1.265,6.432,0.0149,0.4715,0.0138,0.1765,0.0005,3.63E-07,2.24E-08,,,6.38E-07,2.39E-08,5.87E-04,2.57E-06,5.53E-04,4.90E-06,1.26E-06,6.68E-08,1.93E-04,1.06E-06,2.56E-05,3.67E-07,7.01E-09,2.21E-10,6.21E-09,1.10E-09,2.67E-05,3.13E-07,1.70E-03,5.87E-06,8.89E-05,2.32E-07,,,6.00E-08,5.25E-09,1.19E-07,2.88E-09,3.60E-08,7.25E-10,6.05E-08,1.05E-09,1.76E-06,1.60E-08,,,9.51E-09,3.08E-10,2.75E-06,1.63E-08,,,3.95E-08,1.62E-09,,,,,,,,,,,1.03E-06,1.21E-08,3.08E-10,3.75E-11,1.99E-09,1.71E-10,,,3.35E-09,1.53E-10,7.76E-06,6.44E-07,4.63E-08,2.30E-09
MCT2-2M,5/31/18,,7.22,13.8,466,-9,,7.538,1.304,6.234,0.0117,0.4743,0.0098,0.1097,0.0005,3.19E-07,2.51E-08,,,5.15E-07,9.93E-09,5.25E-04,3.44E-06,5.38E-04,4.09E-06,1.36E-06,5.99E-08,1.94E-04,9.54E-07,2.60E-05,4.00E-07,8.34E-09,4.98E-10,7.84E-09,3.36E-09,2.77E-05,2.63E-07,1.60E-03,6.76E-06,8.17E-05,4.20E-07,,,6.02E-08,1.11E-08,1.19E-07,2.46E-09,3.78E-08,6.66E-10,3.09E-08,1.64E-09,5.95E-07,5.09E-09,,,8.33E-09,3.08E-10,2.62E-06,1.97E-08,,,4.54E-08,5.30E-10,,,,,,,,,,,9.17E-07,7.43E-09,3.06E-10,5.19E-11,2.25E-09,2.02E-10,,,3.10E-09,7.61E-11,7.36E-06,4.61E-07,5.31E-08,2.14E-09
MCT2-2M,6/5/18,3.2,6.97,14,434,-19,,7.837,1.271,6.566,0.0122,0.4606,0.007,0.1511,0.0005,3.48E-07,1.76E-08,,,5.22E-07,2.09E-08,6.50E-04,6.86E-06,5.93E-04,8.04E-06,4.66E-07,6.99E-08,1.99E-04,2.00E-06,2.95E-05,5.34E-07,8.63E-09,3.19E-10,2.60E-09,3.91E-10,3.25E-05,3.11E-07,1.72E-03,1.15E-05,8.38E-05,7.20E-07,,,5.86E-08,7.32E-09,1.37E-07,5.11E-09,4.99E-08,1.28E-09,3.93E-08,1.45E-09,3.60E-07,1.14E-08,,,8.90E-09,4.25E-10,2.88E-06,1.29E-08,,,4.78E-08,1.44E-09,,,,,,,,,,,9.78E-07,9.16E-09,3.71E-10,4.38E-11,1.78E-09,1.09E-10,,,3.69E-09,1.35E-10,7.84E-06,5.96E-07,6.08E-08,8.35E-10
MCT2-2M,6/7/18,3.1,6.94,14.8,528,1,,8.893,1.225,7.668,0.0119,0.4823,0.0137,0.1862,0.0006,3.82E-07,1.84E-08,,,7.19E-07,1.70E-08,5.76E-04,5.64E-06,5.99E-04,2.01E-06,3.66E-07,5.96E-08,1.77E-04,9.50E-07,2.59E-05,3.31E-07,5.29E-09,2.09E-10,,,3.03E-05,3.53E-07,1.75E-03,8.34E-06,8.86E-05,5.36E-07,,,4.71E-08,5.57E-09,1.23E-07,5.28E-09,4.79E-08,1.44E-09,2.28E-08,9.04E-10,2.93E-07,8.41E-09,,,8.04E-09,3.39E-10,2.93E-06,1.13E-08,,,2.51E-08,7.00E-10,,,,,,,,,,,1.05E-06,8.00E-09,3.40E-10,5.10E-11,7.71E-10,8.55E-11,,,2.62E-09,7.10E-11,8.06E-06,8.35E-07,4.68E-08,2.13E-09
MCT2-2M,6/9/18,2.7,7,16.4,407,-8,,7.637,,,0.0125,0.4689,0.0122,0.1901,0.0005,4.14E-07,2.27E-08,,,7.37E-07,3.97E-08,6.14E-04,3.49E-06,7.29E-04,9.84E-06,4.45E-07,6.02E-08,1.85E-04,9.05E-07,2.62E-05,3.55E-07,5.97E-09,2.80E-10,3.36E-09,5.77E-10,3.71E-05,4.18E-07,2.14E-03,1.58E-05,1.17E-04,8.96E-07,,,5.40E-08,8.07E-09,1.49E-07,2.59E-09,6.10E-08,5.93E-10,2.42E-08,1.15E-09,3.24E-07,4.54E-09,,,8.40E-09,3.61E-10,3.60E-06,1.43E-08,,,2.12E-08,4.83E-10,,,,,,,,,,,1.30E-06,1.68E-08,4.02E-10,3.65E-11,9.71E-10,1.28E-10,,,3.46E-09,8.36E-11,8.77E-06,1.01E-06,5.50E-08,1.91E-09
MCT2-2M,6/12/18,3.9,6.84,15.7,609,-28,,9.742,1.111,8.631,0.0181,0.5228,0.0092,0.1962,0.0005,,,,,8.80E-07,2.60E-08,6.24E-04,1.15E-05,7.99E-04,1.36E-05,,,1.68E-04,2.60E-06,2.53E-05,5.57E-07,6.92E-09,3.44E-10,4.06E-09,2.49E-10,4.39E-05,6.23E-07,2.35E-03,1.33E-05,1.53E-04,1.16E-06,,,,,1.65E-07,6.43E-09,6.86E-08,9.69E-10,4.14E-08,1.06E-09,,,,,8.76E-09,3.28E-10,3.95E-06,2.37E-08,,,1.55E-08,6.57E-10,,,,,,,,,,,1.48E-06,9.38E-09,4.15E-10,4.08E-11,1.47E-09,1.09E-10,,,3.72E-09,1.11E-10,1.73E-05,7.10E-07,8.06E-08,3.18E-09
MCT2-2M,6/14/18,4.05,,14.7,716,28,,10.858,1.201,9.657,0.0196,0.5415,0.0141,0.1903,0.0005,,,,,9.39E-07,1.28E-07,6.56E-04,8.93E-06,8.80E-04,2.07E-05,,,1.96E-04,3.64E-06,2.38E-05,5.93E-07,7.12E-09,4.96E-10,2.89E-09,3.31E-10,4.97E-05,4.96E-07,2.63E-03,2.06E-05,2.12E-04,1.40E-06,,,,,1.43E-07,3.72E-09,6.36E-08,1.58E-09,2.07E-08,8.27E-10,,,,,8.76E-09,3.61E-10,4.43E-06,5.19E-08,,,1.84E-08,7.73E-10,,,,,,,,,,,1.77E-06,1.45E-08,4.29E-10,6.60E-11,8.34E-10,1.01E-10,,,3.59E-09,7.80E-11,1.69E-05,9.58E-07,8.32E-08,1.64E-09
MCT2-2M,6/19/18,4,,17.3,681,-45,,9.042,1.032,8.011,0.0192,0.5223,0.0119,0.1976,0.0005,,,,,9.44E-07,1.71E-08,6.42E-04,5.77E-06,7.34E-04,1.49E-05,,,1.82E-04,2.15E-06,2.25E-05,5.28E-07,5.65E-09,3.55E-10,,,3.97E-05,3.94E-07,2.23E-03,1.57E-05,1.83E-04,1.39E-06,,,,,1.15E-07,5.14E-09,4.25E-08,1.05E-09,1.91E-08,7.47E-10,,,,,8.99E-09,4.22E-10,3.68E-06,2.89E-08,,,1.53E-08,5.13E-10,,,,,,,,,,,1.54E-06,6.14E-09,3.70E-10,2.44E-11,6.13E-10,5.30E-11,,,2.21E-09,3.67E-11,1.62E-05,1.01E-06,7.63E-08,3.73E-09
MCT2-2M,6/21/18,,,17.9,727,-51,,9.567,1.051,8.516,0.0202,0.5256,0.0118,0.1779,0.0005,,,,,8.68E-07,2.34E-08,6.29E-04,1.71E-05,7.11E-04,9.26E-06,,,1.91E-04,1.78E-06,2.23E-05,4.93E-07,6.17E-09,4.38E-10,2.20E-09,2.22E-10,3.91E-05,4.62E-07,2.15E-03,1.30E-05,2.02E-04,1.76E-06,,,,,9.57E-08,2.49E-09,3.45E-08,9.02E-10,1.75E-08,9.57E-10,,,,,8.99E-09,2.58E-10,3.60E-06,1.40E-08,,,1.79E-08,1.19E-09,,,,,,,,,,,1.54E-06,1.52E-08,3.70E-10,2.02E-11,6.81E-10,8.00E-11,,,2.01E-09,8.99E-11,1.44E-05,8.06E-07,7.35E-08,2.67E-09
MCT2-2M,6/27/18,,7.14,18.8,565,-51,,6.932,0.757,6.175,0.0217,0.43,0.0184,0.1988,0.0005,3.80E-07,3.20E-08,,,6.34E-07,2.79E-08,4.11E-04,7.92E-06,4.18E-04,2.05E-06,,,1.89E-04,9.95E-07,2.08E-05,3.13E-07,,,,,2.49E-05,2.47E-07,1.41E-03,3.25E-06,6.70E-05,2.97E-07,,,,,3.50E-08,1.56E-09,1.30E-08,6.66E-10,4.26E-09,5.93E-10,,,,,5.23E-09,1.49E-10,2.25E-06,4.51E-09,,,2.29E-08,1.01E-09,,,,,,,,,,,8.72E-07,8.69E-09,1.54E-10,2.89E-11,,,,,1.05E-09,5.24E-11,1.10E-05,1.05E-06,2.62E-08,1.46E-09
MCT2-2M,6/29/18,,7.39,,507,78,,7.296,0.761,6.534,0.022,0.4366,0.0146,0.1856,0.0005,5.12E-07,8.09E-08,,,6.01E-07,2.31E-08,5.41E-04,1.08E-05,5.92E-04,4.23E-06,,,1.89E-04,7.68E-07,2.89E-05,4.74E-07,2.41E-09,4.98E-10,,,3.29E-05,4.53E-07,2.02E-03,4.02E-06,7.65E-05,3.76E-07,,,,,5.57E-08,3.92E-09,1.73E-08,6.92E-10,6.13E-09,7.91E-10,,,,,8.73E-09,2.48E-10,3.21E-06,2.32E-08,,,2.39E-08,1.19E-09,,,,,,,,,,,1.23E-06,1.05E-08,1.90E-10,2.38E-11,,,,,1.43E-09,7.88E-11,9.69E-06,7.50E-07,4.37E-08,3.90E-09
MCT2-2M,7/6/18,4.62,7.02,19.5,505,-88,,7.052,0.811,6.241,0.0233,0.4201,0.0153,0.1578,0.0005,4.18E-07,3.58E-08,,,5.82E-07,3.14E-08,4.33E-04,8.12E-06,4.48E-04,3.54E-06,,,1.97E-04,1.46E-06,2.21E-05,2.97E-07,,,,,2.50E-05,2.16E-07,1.49E-03,3.24E-06,4.94E-05,1.28E-07,,,,,4.40E-08,2.10E-09,1.45E-08,6.46E-10,7.07E-09,1.14E-09,,,,,6.16E-09,2.79E-10,2.36E-06,1.34E-08,,,2.44E-08,1.05E-09,,,,,,,,,,,8.80E-07,4.36E-09,1.43E-10,3.82E-11,,,,,1.57E-09,1.34E-10,9.15E-06,6.18E-07,3.00E-08,2.71E-09
MCT2-2M,7/10/18,3.46,6.83,15.5,521,-107,,7.753,0.822,6.931,0.0254,0.4266,0.0283,0.0865,0.0005,5.45E-07,4.42E-08,,,5.86E-07,2.30E-08,6.36E-04,1.60E-05,6.98E-04,4.70E-06,,,2.04E-04,1.25E-06,3.54E-05,4.67E-07,4.46E-09,5.41E-10,,,3.78E-05,4.61E-07,2.36E-03,1.04E-05,1.52E-04,4.93E-07,,,,,7.09E-08,1.25E-09,2.11E-08,1.18E-09,1.08E-08,5.57E-10,,,9.32E-10,3.36E-10,1.22E-08,7.28E-10,3.78E-06,2.04E-08,,,2.56E-08,1.07E-09,,,,,,,,,,,1.52E-06,8.67E-09,2.80E-10,6.90E-11,7.03E-10,7.02E-11,,,2.28E-09,9.51E-11,8.07E-06,1.87E-07,6.01E-08,2.65E-09
MCT2-2M,7/12/18,3.4,6.79,14,516,-103,,7.759,0.773,6.985,0.0261,0.4274,0.0079,0.0697,0.0009,5.43E-07,4.03E-08,1.49E-07,9.11E-08,,,5.81E-04,8.06E-06,6.16E-04,1.20E-05,2.60E-06,9.45E-08,2.11E-04,4.33E-06,2.31E-05,3.08E-07,6.13E-09,1.12E-10,2.04E-08,5.89E-10,3.00E-05,1.44E-07,1.98E-03,4.74E-05,1.74E-04,2.24E-06,9.60E-08,7.88E-09,,,8.31E-08,1.86E-09,2.09E-08,6.08E-10,1.54E-08,1.34E-09,2.99E-07,1.35E-08,1.25E-09,3.31E-10,1.07E-08,2.02E-10,3.53E-06,4.04E-08,2.13E-09,3.92E-10,2.61E-08,1.57E-09,,,1.56E-09,9.18E-10,,,,,1.79E-10,8.57E-11,1.32E-06,1.12E-08,4.68E-10,7.30E-11,7.38E-10,2.36E-10,1.66E-10,7.08E-11,3.14E-09,1.26E-10,9.34E-06,1.91E-07,7.33E-08,5.76E-09
MCT2-2M,7/17/18,4.65,6.9,18,529,-94,,7.458,0.794,6.664,0.0268,0.4318,0.0081,0.0645,0.0005,5.19E-07,6.50E-08,1.02E-07,3.37E-08,,,5.24E-04,4.64E-06,5.72E-04,8.42E-06,2.72E-06,8.60E-08,2.17E-04,5.88E-06,2.29E-05,4.67E-07,4.97E-09,2.56E-10,1.11E-08,3.15E-10,3.03E-05,3.31E-07,1.88E-03,1.81E-05,1.54E-04,2.46E-06,,,,,5.69E-08,1.57E-09,1.50E-08,3.54E-10,1.13E-08,9.97E-10,2.81E-07,7.78E-09,1.24E-09,2.13E-10,9.54E-09,5.27E-10,3.37E-06,6.22E-08,,,2.75E-08,9.62E-10,,,1.28E-09,4.69E-10,,,,,1.11E-10,3.37E-11,1.30E-06,1.10E-08,3.70E-10,2.98E-11,6.25E-10,7.84E-11,,,1.91E-09,1.18E-10,8.89E-06,2.11E-07,6.96E-08,1.83E-09
MCT2-2M,7/21/18,4.84,6.81,17.4,520,-91,,7.355,0.748,6.607,0.0255,0.4311,0.0074,0.0622,0.0005,,,,,,,,,,,,,,,,,,,,,,,,,,,,,,,,,,,,,,,,,,,,,,,,,,,,,,,,,,,,,,,,,,,,,,,,
MCT2-2S,5/27/18,,6.86,16.3,677,116,,9.059,0.749,8.31,0.0132,0.5007,0.0093,0.2347,0.0005,4.73E-07,3.50E-08,,,7.53E-07,2.32E-08,1.06E-03,7.84E-06,6.72E-04,8.69E-06,6.49E-07,6.85E-08,1.73E-04,1.03E-06,2.79E-05,4.20E-07,8.43E-09,2.43E-10,4.04E-09,3.14E-10,3.56E-05,4.89E-07,2.03E-03,8.57E-06,4.87E-05,1.29E-07,,,3.76E-08,6.53E-09,1.83E-07,3.81E-09,7.24E-08,1.95E-09,3.47E-08,2.58E-09,7.39E-07,1.39E-08,,,6.50E-09,1.88E-10,3.37E-06,1.04E-08,,,4.20E-08,8.45E-10,,,,,,,,,,,1.24E-06,1.51E-08,3.26E-10,3.88E-11,1.92E-09,1.27E-10,,,6.40E-09,1.66E-10,1.06E-05,1.24E-06,4.94E-08,1.94E-09
MCT2-2S,5/31/18,,7.04,16.5,491,32,,8.784,1.335,7.45,0.0128,0.4915,0.0097,0.1621,,4.34E-07,5.08E-08,,,7.47E-07,2.54E-08,8.00E-04,9.95E-06,5.88E-04,2.79E-06,1.17E-06,5.93E-08,1.78E-04,1.23E-06,2.56E-05,3.59E-07,9.66E-09,3.34E-10,3.44E-09,4.15E-10,3.12E-05,2.68E-07,1.75E-03,9.22E-06,4.75E-05,2.52E-07,,,4.54E-08,8.14E-09,1.66E-07,4.14E-09,6.43E-08,4.92E-10,3.10E-08,1.08E-09,7.33E-07,8.03E-09,,,5.64E-09,3.03E-10,2.91E-06,1.40E-08,,,4.49E-08,1.62E-09,,,,,,,,,,,1.02E-06,1.47E-08,2.74E-10,5.25E-11,2.23E-09,2.03E-10,,,4.31E-09,1.66E-10,8.51E-06,5.48E-07,5.46E-08,1.65E-09
MCT2-2S,6/5/18,2.5,6.69,18.9,494,27,,9.917,1.481,8.435,0.013,0.4908,0.0138,0.1596,0.0007,4.05E-07,2.64E-08,,,8.08E-07,3.21E-08,5.69E-04,5.76E-06,6.96E-04,4.54E-06,5.35E-07,6.65E-08,1.82E-04,1.27E-06,2.81E-05,4.09E-07,1.00E-08,5.01E-10,3.30E-09,3.39E-10,3.57E-05,4.66E-07,2.09E-03,1.11E-05,5.50E-05,2.33E-07,,,4.80E-08,7.42E-09,2.02E-07,3.97E-09,8.11E-08,1.02E-09,2.91E-08,9.03E-10,3.24E-07,5.97E-09,,,7.05E-09,6.29E-10,3.49E-06,2.00E-08,,,4.53E-08,1.14E-09,,,,,,,,,,,1.30E-06,1.26E-08,4.06E-10,2.84E-11,2.12E-09,1.42E-10,,,4.22E-09,1.32E-10,1.01E-05,1.13E-06,5.90E-08,3.15E-09
MCT2-2S,6/7/18,2.3,6.83,17.3,606,41,,8.951,1.085,7.866,0.0107,0.4837,0.0095,0.187,,4.08E-07,3.17E-08,,,1.07E-06,2.16E-08,5.04E-04,5.27E-06,6.22E-04,6.13E-06,4.82E-07,5.83E-08,1.66E-04,6.60E-07,2.57E-05,3.53E-07,6.82E-09,3.28E-10,2.32E-09,3.60E-10,2.79E-05,2.23E-07,1.80E-03,9.37E-06,3.79E-05,1.26E-07,,,4.28E-08,6.99E-09,1.58E-07,4.99E-09,6.55E-08,5.73E-10,2.94E-08,1.05E-09,3.02E-07,8.86E-09,,,5.32E-09,2.62E-10,3.05E-06,2.42E-08,,,2.27E-08,4.35E-10,,,,,,,,,,,1.06E-06,2.25E-09,2.64E-10,7.14E-11,1.04E-09,1.21E-10,,,3.57E-09,5.19E-11,8.64E-06,7.78E-07,3.07E-08,4.00E-10
MCT2-2S,6/9/18,3.9,7.1,24.6,706,0,,,1.477,,0.0097,,,,,4.53E-07,4.65E-08,,,7.24E-07,2.46E-08,6.38E-04,3.59E-06,9.31E-04,8.99E-06,3.66E-07,6.46E-08,1.63E-04,4.39E-07,2.04E-05,3.00E-07,6.03E-09,2.84E-10,5.52E-09,3.78E-10,4.34E-05,5.16E-07,2.77E-03,2.07E-05,5.85E-05,3.13E-07,,,4.88E-08,7.16E-09,2.39E-07,4.69E-09,1.06E-07,8.49E-10,5.10E-08,1.22E-09,4.26E-07,8.39E-09,,,4.92E-09,2.14E-10,4.62E-06,1.47E-08,,,1.47E-08,8.28E-10,,,9.58E-10,2.87E-10,,,,,,,1.65E-06,1.05E-08,3.87E-10,5.47E-11,1.52E-09,1.43E-10,,,6.62E-09,2.09E-10,1.68E-05,1.20E-06,3.38E-08,9.78E-10
MCT2-2S,6/12/18,3,7.19,23,795,-15,,10.808,1.45,9.358,0.0104,0.5553,0.0088,0.2289,,,,,,7.78E-07,2.24E-08,6.18E-04,7.43E-06,8.89E-04,1.74E-05,,,1.31E-04,2.06E-06,1.63E-05,3.83E-07,5.90E-09,2.96E-10,3.09E-09,2.24E-10,4.51E-05,5.99E-07,2.64E-03,2.25E-05,5.88E-05,6.12E-07,,,,,2.35E-07,8.56E-09,1.05E-07,2.34E-09,5.09E-08,1.86E-09,,,,,4.91E-09,3.27E-10,4.46E-06,6.05E-08,,,1.22E-08,9.32E-10,,,1.08E-09,3.78E-10,,,,,,,1.71E-06,2.19E-08,4.09E-10,6.54E-11,1.65E-09,1.15E-10,,,6.39E-09,1.79E-10,1.61E-05,1.23E-06,3.23E-08,3.52E-09
MCT2-2S,6/14/18,3.4,,,,,,,,,,,,,0.0005,,,,,,,,,,,,,,,,,,,,,,,,,,,,,,,,,,,,,,,,,,,,,,,,,,,,,,,,,,,,,,,,,,,,,,,,
MCT2-2S,6/19/18,3.3,,,,,,,,,,,,,0.0005,,,,,,,,,,,,,,,,,,,,,,,,,,,,,,,,,,,,,,,,,,,,,,,,,,,,,,,,,,,,,,,,,,,,,,,,
MCT2-2S,6/21/18,,,,,,,,,,,,,,0.0005,,,,,,,,,,,,,,,,,,,,,,,,,,,,,,,,,,,,,,,,,,,,,,,,,,,,,,,,,,,,,,,,,,,,,,,,
MCT2-3D,5/27/18,,7.66,9.6,426,77,,6.029,0.382,5.647,0.0013,0.1477,0.0139,0.0735,0.0005,5.10E-07,6.60E-08,,,1.39E-07,1.75E-08,2.54E-04,3.92E-06,4.67E-04,5.11E-06,,,2.17E-04,2.61E-06,1.33E-05,2.89E-07,,,,,2.05E-05,2.89E-07,2.13E-03,1.40E-05,4.03E-05,1.02E-07,,,,,2.85E-08,1.55E-09,1.67E-09,4.01E-10,,,3.43E-07,1.34E-08,,,,,2.76E-06,1.34E-08,,,1.68E-08,1.36E-09,,,,,3.14E-08,7.82E-10,,,,,1.13E-06,6.05E-09,1.86E-10,3.45E-11,,,,,1.10E-09,1.33E-10,6.73E-06,2.87E-07,4.24E-09,9.10E-10
MCT2-3D,5/31/18,,7.54,11.9,482,17,,5.411,0.35,5.062,0.0012,0.4735,0.016,0.2022,,4.87E-07,4.05E-08,,,1.45E-07,1.88E-08,2.55E-04,1.73E-06,4.59E-04,2.78E-06,4.79E-07,5.60E-07,2.08E-04,1.12E-06,1.36E-05,3.10E-07,,,,,3.21E-05,3.42E-07,2.07E-03,1.92E-05,7.90E-05,7.26E-07,,,,,2.80E-08,2.11E-09,1.50E-09,2.66E-10,,,,,,,,,2.68E-06,7.63E-08,,,1.60E-08,8.40E-10,,,,,1.81E-08,6.83E-10,,,,,1.30E-06,1.25E-08,2.48E-10,8.39E-11,,,,,1.09E-09,1.30E-10,6.58E-06,2.63E-07,6.96E-09,7.98E-10
MCT2-3D,6/5/18,2.75,7.22,10.5,431,22,,6.057,0.342,5.714,0.0013,0.1959,0.0106,0.1022,0.0005,5.27E-07,5.75E-08,,,1.84E-07,2.30E-08,2.60E-04,4.62E-06,4.37E-04,7.34E-06,,,2.00E-04,2.74E-06,1.37E-05,3.34E-07,,,1.69E-08,3.67E-09,2.83E-05,3.44E-07,1.98E-03,1.13E-05,6.37E-05,3.23E-07,,,,,2.40E-08,2.33E-09,1.53E-09,3.17E-10,,,,,,,,,2.56E-06,2.00E-08,,,1.39E-08,5.22E-10,,,,,1.52E-08,3.84E-10,,,,,1.27E-06,1.59E-08,1.87E-10,3.65E-11,,,,,8.62E-10,9.75E-11,6.16E-06,4.95E-07,3.17E-09,3.96E-10
MCT2-3D,6/7/18,2.8,7.51,11.2,470,47,,5.953,0.313,5.64,0.001,0.2345,0.0107,0.1345,0.0005,5.24E-07,3.82E-08,,,2.52E-07,1.92E-08,2.07E-04,4.88E-06,4.06E-04,7.02E-06,,,1.77E-04,3.46E-06,1.23E-05,2.10E-07,,,,,2.27E-05,3.05E-07,1.89E-03,8.73E-06,1.07E-04,7.92E-07,,,,,2.40E-08,1.78E-09,1.09E-09,4.37E-10,,,,,,,,,2.73E-06,5.58E-09,,,1.15E-08,1.11E-09,6.64E-09,8.70E-10,,,7.41E-09,2.09E-10,,,,,1.51E-06,5.73E-09,2.65E-10,6.11E-11,,,,,5.64E-10,7.56E-11,8.73E-06,6.81E-07,4.90E-09,7.02E-10
MCT2-3D,6/9/18,3.2,7.3,13.6,438,-14,,,0.326,,0.001,,,,,5.32E-07,6.47E-08,,,2.41E-07,2.26E-08,2.01E-04,3.05E-06,3.91E-04,4.74E-06,,,1.72E-04,9.14E-07,1.28E-05,2.14E-07,,,,,2.13E-05,3.17E-07,1.84E-03,7.15E-06,8.10E-05,6.00E-07,,,,,2.85E-08,1.92E-09,1.36E-09,3.03E-10,,,,,,,,,2.63E-06,9.99E-09,,,1.11E-08,8.94E-10,,,,,1.18E-08,6.62E-10,,,,,1.42E-06,1.22E-08,2.50E-10,6.33E-11,,,,,5.74E-10,7.86E-11,7.55E-06,4.87E-07,,
MCT2-3D,6/12/18,3.45,7.39,13.2,465,-70,,5.326,0.334,4.991,0.002,0.2058,0.0131,0.1211,0.0005,5.06E-07,6.18E-08,,,4.00E-07,1.38E-08,2.12E-04,2.20E-06,3.81E-04,8.94E-06,,,1.62E-04,2.23E-06,1.62E-05,4.63E-07,,,,,1.88E-05,2.50E-07,1.73E-03,1.27E-05,5.42E-05,3.35E-07,,,,,3.79E-08,1.50E-09,2.23E-09,1.06E-10,1.36E-08,8.71E-10,,,,,2.93E-09,2.30E-10,2.64E-06,1.77E-08,,,1.31E-08,4.63E-10,,,,,1.24E-08,3.83E-10,,,,,1.34E-06,8.92E-09,2.81E-10,4.23E-11,,,,,7.77E-10,9.06E-11,9.91E-06,2.11E-07,9.94E-09,1.30E-09
MCT2-3D,6/14/18,3.63,,12.8,340,22,,4.819,0.354,4.466,0.0029,0.171,0.0159,0.0984,0.0005,,,,,,,2.11E-05,2.70E-07,3.71E-05,6.98E-07,,,1.60E-05,2.65E-07,1.64E-06,4.76E-08,,,,,1.59E-06,1.29E-08,1.70E-04,1.10E-06,5.92E-06,4.24E-08,,,,,,,,,,,,,,,,,2.54E-07,3.36E-09,,,,,,,,,,,,,,,1.28E-07,1.61E-09,,,,,,,,,9.93E-07,4.98E-08,,
MCT2-3D,6/19/18,3.51,,13.1,481,-86,,5.399,0.323,5.075,0.0016,,,,0.0005,5.59E-07,6.53E-08,,,4.54E-07,1.27E-08,2.21E-04,3.79E-06,4.16E-04,9.47E-06,,,1.81E-04,3.72E-06,1.41E-05,4.23E-07,,,,,2.21E-05,2.48E-07,1.88E-03,1.20E-05,1.04E-04,4.26E-07,,,,,3.76E-08,2.41E-09,2.23E-09,8.99E-11,,,,,,,1.74E-09,2.15E-10,2.88E-06,2.13E-08,,,1.25E-08,1.19E-09,,,,,,,,,,,1.59E-06,1.79E-08,3.25E-10,2.80E-11,,,,,6.46E-10,6.20E-11,1.06E-05,4.58E-07,1.27E-08,1.23E-09
MCT2-3D,6/21/18,,,12.8,452,-92,,5.324,0.34,4.984,0.0018,0.1786,0.0154,0.1112,0.0005,5.73E-07,9.13E-08,,,4.57E-07,2.95E-08,2.19E-04,4.57E-06,4.15E-04,9.19E-06,,,1.80E-04,2.01E-06,1.36E-05,3.95E-07,,,3.77E-09,3.60E-10,1.79E-05,1.80E-07,1.85E-03,1.38E-05,1.07E-04,7.44E-07,,,,,3.07E-08,1.45E-09,1.60E-09,1.26E-10,,,,,,,1.32E-09,1.04E-10,2.83E-06,1.68E-08,,,1.04E-08,7.94E-10,,,,,,,,,,,1.60E-06,1.04E-08,3.74E-10,5.61E-11,,,,,5.22E-10,5.57E-11,9.51E-06,4.79E-07,1.05E-08,1.24E-09
MCT2-3D,6/27/18,,7.34,14.1,407,-60,,5.251,0.338,4.913,0.0025,0.1719,0.013,0.0961,0.0005,5.24E-07,4.43E-08,,,1.71E-07,1.76E-08,1.63E-04,3.36E-06,3.07E-04,2.07E-06,,,1.76E-04,1.63E-06,1.09E-05,2.10E-07,,,,,1.50E-05,1.96E-07,1.47E-03,3.34E-06,5.24E-05,3.00E-07,,,,,1.96E-08,1.18E-09,1.18E-09,4.37E-10,,,,,,,1.19E-09,9.24E-11,2.15E-06,8.77E-09,,,1.04E-08,4.64E-10,,,,,,,,,,,1.12E-06,8.08E-09,1.99E-10,6.21E-11,,,,,5.66E-10,5.46E-11,7.85E-06,3.82E-07,6.26E-09,6.87E-10
MCT2-3D,6/29/18,,7.28,,406,-5,,5.187,0.255,4.932,0.0019,0.1637,0.0148,0.094,0.0005,4.99E-07,2.84E-08,,,2.02E-07,2.13E-08,1.52E-04,3.23E-06,2.73E-04,8.13E-07,,,1.71E-04,8.11E-07,1.01E-05,1.46E-07,,,,,1.21E-05,1.18E-07,1.30E-03,4.39E-06,3.02E-05,1.40E-07,,,,,1.93E-08,3.48E-09,1.09E-09,2.78E-10,,,,,,,9.32E-10,1.26E-10,1.89E-06,1.57E-08,,,9.61E-09,4.46E-10,,,,,,,,,,,1.00E-06,1.36E-08,1.60E-10,7.23E-11,,,,,3.77E-10,7.71E-11,7.30E-06,5.06E-07,2.38E-09,6.36E-10
MCT2-3D,7/2/18,,7.17,13.1,410,-81,,5.16,0.565,4.595,0.0042,0.1707,0.0151,0.0874,0.0005,5.09E-07,3.46E-08,,,1.92E-07,1.40E-08,1.55E-04,2.95E-06,2.76E-04,2.44E-06,,,1.66E-04,1.18E-06,1.08E-05,2.08E-07,,,,,1.16E-05,1.69E-07,1.31E-03,3.23E-06,2.23E-05,5.57E-08,,,,,1.93E-08,2.02E-09,1.02E-09,2.72E-10,,,,,,,1.23E-09,1.98E-10,1.92E-06,1.91E-08,,,8.72E-09,8.57E-10,,,,,,,,,,,1.02E-06,8.39E-09,1.93E-10,3.42E-11,,,,,3.35E-10,5.74E-11,7.12E-06,6.60E-07,,
MCT2-3D,7/6/18,4.5,7.11,13.5,393,-90,,5.024,0.295,4.729,0.0023,0.1845,0.0205,0.0871,0.0005,5.29E-07,3.99E-08,,,1.85E-07,1.97E-08,1.80E-04,3.47E-06,3.40E-04,1.12E-06,,,1.64E-04,2.95E-07,1.43E-05,2.17E-07,,,,,1.30E-05,9.92E-08,1.65E-03,2.74E-06,4.10E-05,1.17E-07,,,,,2.33E-08,1.65E-09,1.49E-09,2.37E-10,,,,,,,2.02E-09,2.53E-10,2.41E-06,1.36E-08,,,8.79E-09,8.02E-10,,,,,,,,,,,1.28E-06,1.50E-08,2.11E-10,4.22E-11,,,,,4.57E-10,3.46E-11,6.73E-06,2.55E-07,2.19E-09,6.86E-10
MCT2-3D,7/10/18,4.6,6.89,13.1,410,-93,,5.028,0.285,4.743,0.0051,0.217,0.0216,0.0909,0.0005,5.80E-07,3.69E-08,,,2.13E-07,1.18E-08,1.90E-04,3.78E-06,3.50E-04,4.33E-06,,,1.89E-04,2.34E-05,1.57E-05,2.50E-07,,,,,1.33E-05,1.32E-07,1.68E-03,2.58E-06,4.41E-05,1.90E-07,,,,,2.67E-08,5.79E-10,1.46E-09,3.49E-10,5.04E-09,6.78E-10,,,,,2.49E-09,1.66E-10,2.46E-06,1.34E-08,,,9.15E-09,5.64E-10,,,,,,,,,,,1.31E-06,1.17E-08,2.47E-10,2.63E-11,,,,,4.26E-10,4.97E-11,6.46E-06,3.11E-07,,
MCT2-3D,7/12/18,4.48,6.97,13.3,375,-84,,4.77,0.331,4.439,0.018,0.2082,0.0147,0.0895,0.0005,4.25E-07,9.87E-08,,,,,1.97E-04,3.29E-06,3.21E-04,7.20E-06,2.38E-06,9.66E-08,1.61E-04,4.65E-06,2.37E-05,3.10E-07,,,,,5.24E-06,6.66E-08,1.52E-03,2.66E-05,2.77E-05,1.50E-07,,,,,4.53E-08,1.32E-09,1.64E-09,2.34E-10,1.05E-08,8.80E-10,4.73E-07,8.27E-09,,,5.01E-09,1.92E-10,2.52E-06,3.28E-08,,,1.05E-08,4.41E-10,,,,,8.83E-09,3.14E-10,,,,,1.08E-06,9.77E-09,3.18E-10,6.46E-11,,,,,4.96E-10,5.45E-11,8.55E-06,2.80E-07,7.02E-09,3.05E-09
MCT2-3D,7/17/18,4.54,6.93,13.8,410,-96,,4.873,0.322,4.551,0.0029,0.2934,0.0084,0.1156,0.0005,4.45E-07,4.08E-08,,,,,2.01E-04,4.79E-06,3.35E-04,5.63E-06,2.47E-06,8.42E-08,1.84E-04,4.86E-06,1.46E-05,2.29E-07,,,8.86E-08,2.37E-09,1.56E-05,7.47E-08,1.59E-03,1.33E-05,8.42E-05,1.04E-06,,,,,4.10E-08,2.37E-09,2.19E-09,2.81E-10,4.28E-09,8.91E-10,3.54E-07,6.40E-09,,,1.60E-09,1.52E-10,2.68E-06,4.03E-08,,,1.11E-08,7.35E-10,,,,,,,,,,,1.37E-06,1.05E-08,3.66E-10,5.79E-11,,,,,3.55E-10,5.01E-11,1.02E-05,2.31E-07,3.68E-08,4.89E-08
MCT2-3D,7/21/18,4.82,7.01,15.2,405,-97,,4.883,0.3,4.583,0.0029,0.3277,0.0343,0.1257,0.0005,4.32E-07,8.91E-08,4.99E-08,4.17E-08,,,1.90E-04,5.46E-06,3.21E-04,6.16E-06,2.55E-06,1.01E-07,1.83E-04,4.63E-06,1.54E-05,3.18E-07,,,1.32E-08,4.88E-10,1.43E-05,1.20E-07,1.51E-03,3.09E-05,6.15E-05,6.49E-07,1.87E-07,8.72E-08,,,3.67E-08,2.17E-09,1.98E-09,2.14E-10,6.30E-09,7.38E-10,3.93E-07,1.01E-08,9.19E-10,3.42E-10,2.07E-09,2.78E-10,2.55E-06,4.73E-08,,,1.04E-08,8.48E-10,,,,,4.04E-09,4.93E-10,,,9.03E-11,7.87E-11,1.30E-06,1.47E-08,4.25E-10,5.85E-11,,,,,3.99E-10,7.85E-11,1.06E-05,4.40E-07,6.03E-09,5.95E-10
MCT2-3D,7/24/18,4.87,6.9,15.9,387,-90,,4.969,0.345,4.624,0.0083,0.3561,0.0204,0.1438,,4.82E-07,3.11E-08,,,,,1.96E-04,6.04E-06,3.32E-04,1.21E-05,2.53E-06,1.42E-07,1.80E-04,6.09E-06,1.67E-05,2.21E-07,,,1.02E-08,4.70E-09,1.33E-05,7.99E-08,1.55E-03,1.66E-05,7.02E-05,8.54E-07,,,,,3.60E-08,8.07E-10,1.71E-09,1.82E-10,4.19E-09,8.51E-10,3.96E-07,6.58E-09,,,2.36E-09,2.07E-10,2.60E-06,6.46E-09,,,1.04E-08,6.74E-10,,,,,,,,,,,1.31E-06,1.24E-08,3.67E-10,5.75E-11,,,,,3.46E-10,4.12E-11,1.08E-05,5.18E-07,6.54E-09,4.04E-10
MCT2-3D,7/27/18,5.02,6.91,13.8,424,-91,,4.991,0.313,4.677,0.0029,0.3601,0.0134,0.1393,0.0005,5.02E-07,7.85E-09,,,,,2.00E-04,4.83E-06,3.44E-04,1.29E-05,2.26E-06,8.49E-08,1.83E-04,6.16E-06,1.70E-05,1.39E-07,,,2.51E-09,2.90E-10,1.47E-05,1.06E-07,1.59E-03,1.68E-05,6.86E-05,1.11E-06,,,,,3.62E-08,1.04E-09,1.71E-09,2.92E-10,4.84E-09,8.37E-10,4.13E-07,1.01E-08,,,2.25E-09,2.05E-10,2.67E-06,2.34E-08,,,1.03E-08,7.04E-10,,,,,,,,,,,1.37E-06,1.49E-08,3.44E-10,7.55E-11,,,,,3.14E-10,3.52E-11,1.11E-05,5.91E-07,4.51E-09,5.16E-10
MCT2-3D,7/30/18,4.95,6.89,13.8,416,-77,,4.857,0.319,4.538,0.0074,0.3526,0.0028,0.138,0.0005,4.80E-07,9.38E-08,,,,,2.01E-04,4.52E-06,3.32E-04,5.07E-06,2.14E-06,1.04E-07,1.76E-04,5.12E-06,1.84E-05,1.57E-07,,,6.52E-09,2.35E-10,1.26E-05,9.82E-08,1.59E-03,2.19E-05,6.26E-05,4.73E-07,,,,,3.87E-08,2.59E-09,1.80E-09,1.92E-10,4.93E-09,9.67E-10,4.80E-07,5.73E-09,,,2.71E-09,1.91E-10,2.63E-06,2.02E-08,,,1.01E-08,4.50E-10,,,,,,,,,,,1.30E-06,7.58E-09,3.52E-10,4.37E-11,,,,,3.45E-10,5.88E-11,1.14E-05,5.90E-07,5.25E-09,7.15E-10
MCT2-3D,8/2/18,5.11,6.86,13.9,435,-79,,4.427,0.665,3.762,0.0014,,,,0.0005,5.86E-07,7.33E-08,,,,,2.16E-04,4.35E-06,3.80E-04,6.51E-06,2.20E-06,9.52E-08,1.77E-04,6.91E-06,1.70E-05,2.18E-07,,,4.76E-08,5.17E-10,1.56E-05,7.50E-08,1.77E-03,1.01E-05,9.52E-05,5.83E-07,,,,,7.36E-08,1.91E-09,3.92E-09,2.70E-10,1.93E-08,6.11E-10,3.95E-07,5.38E-09,,,1.75E-09,1.69E-10,2.83E-06,3.43E-08,,,9.92E-09,9.14E-10,,,,,,,,,,,1.57E-06,1.41E-08,4.14E-10,5.17E-11,,,,,4.31E-10,5.96E-11,1.04E-05,8.66E-07,4.18E-09,5.44E-10
MCT2-3D,8/9/18,5.56,6.99,13.5,440,-64,,4.486,0.535,3.951,0.0099,0.3562,,0.1527,0.0005,5.51E-07,4.89E-08,,,,,2.26E-04,4.42E-06,3.80E-04,1.03E-05,2.09E-06,8.84E-08,1.76E-04,7.50E-06,2.02E-05,3.71E-07,2.29E-09,1.22E-10,2.49E-08,3.73E-10,1.25E-05,7.25E-08,1.78E-03,2.05E-05,7.32E-05,1.14E-06,,,,,5.08E-08,3.95E-09,3.84E-09,2.78E-10,1.16E-08,1.10E-09,4.91E-07,3.55E-09,,,2.62E-09,1.34E-10,2.87E-06,2.10E-08,,,1.23E-08,4.80E-10,,,,,,,,,,,1.49E-06,1.05E-08,4.19E-10,5.53E-11,,,,,4.17E-10,4.27E-11,1.01E-05,8.93E-07,3.61E-09,5.89E-10
MCT2-3D,8/25/18,,,,,,,4.724,0.355,4.369,0.0031,0.3469,,0.1495,0.0005,5.81E-07,3.36E-08,,,,,2.26E-04,1.89E-06,3.83E-04,4.00E-06,2.13E-06,8.14E-08,1.81E-04,3.72E-06,1.70E-05,3.08E-07,1.73E-09,8.19E-11,1.05E-08,3.97E-10,1.64E-05,9.89E-08,1.78E-03,2.73E-05,9.87E-05,1.05E-06,,,,,4.12E-08,2.82E-09,4.04E-09,2.59E-10,7.45E-07,9.04E-09,6.47E-07,5.85E-09,,,1.66E-09,1.36E-10,2.91E-06,2.61E-08,,,1.07E-08,4.10E-10,,,,,,,,,,,1.58E-06,1.57E-08,4.05E-10,8.22E-11,,,,,4.12E-10,1.23E-11,1.04E-05,9.39E-07,6.67E-09,8.55E-10
MCT2-3D,9/12/18,,,,,,,4.326,0.306,4.02,0.004,0.259,0.0079,0.1402,0.0023,4.31E-07,7.26E-08,,,,,2.31E-04,7.13E-06,3.87E-04,5.39E-06,,,1.88E-04,6.39E-06,1.61E-05,2.57E-07,,,,,1.58E-05,1.30E-07,1.75E-03,3.90E-05,9.52E-05,9.22E-07,,,,,2.84E-08,2.17E-09,1.24E-09,9.33E-11,4.42E-09,6.96E-10,,,,,1.93E-09,1.82E-10,2.69E-06,3.50E-08,,,8.09E-09,5.43E-10,,,,,,,,,,,1.46E-06,1.66E-08,4.04E-10,1.92E-11,,,,,3.61E-10,4.26E-11,1.16E-05,6.45E-07,3.80E-09,8.79E-10
MCT2-3D,9/23/18,,,,,,,4.376,0.297,4.078,0.0046,0.2459,0.0024,0.1428,0.0016,5.41E-07,8.57E-08,,,,,2.48E-04,2.30E-06,4.13E-04,8.27E-06,,,2.09E-04,4.71E-06,1.64E-05,3.16E-07,,,2.87E-09,4.11E-10,1.71E-05,1.01E-07,1.90E-03,1.78E-05,8.86E-05,9.00E-07,,,,,3.19E-08,1.37E-09,1.37E-09,3.70E-10,,,,,,,1.81E-09,1.68E-10,2.96E-06,3.08E-08,,,9.27E-09,9.64E-10,,,,,5.40E-09,4.44E-10,,,,,1.56E-06,1.86E-08,4.21E-10,4.33E-11,,,,,4.01E-10,3.73E-11,1.21E-05,7.37E-07,3.67E-09,9.70E-10
MCT2-3M,5/27/18,,7.24,13.8,426,103,,5.611,0.898,4.713,0.0041,0.4299,0.0113,0.1537,0.0067,4.37E-07,4.07E-08,,,7.32E-07,2.20E-08,8.39E-04,1.60E-05,3.88E-04,7.25E-06,,,1.80E-04,3.17E-06,1.31E-05,3.19E-07,,,,,1.39E-05,1.75E-07,1.38E-03,1.76E-05,1.57E-05,1.23E-07,,,,,7.48E-08,2.46E-09,1.78E-08,5.66E-10,,,5.64E-07,1.44E-08,,,,,2.20E-06,1.08E-08,,,1.05E-08,8.23E-10,,,,,9.59E-09,4.04E-10,,,,,6.82E-07,7.63E-09,1.15E-10,4.75E-11,,,,,2.44E-09,1.13E-10,1.06E-05,4.42E-07,9.31E-09,1.16E-09
MCT2-3M,5/31/18,,7.3,15.6,396,73,,4.593,0.692,3.901,0.003,0.4557,0.0169,0.1344,0.0005,3.81E-07,3.40E-08,,,9.98E-07,2.19E-08,6.44E-04,1.70E-05,3.55E-04,6.90E-06,,,1.67E-04,2.43E-06,1.74E-05,2.34E-07,,,,,7.08E-06,1.01E-07,1.12E-03,8.18E-06,6.37E-06,6.20E-08,,,,,7.05E-08,2.90E-09,1.15E-08,3.25E-10,1.06E-08,1.91E-09,4.15E-07,1.77E-08,,,,,1.82E-06,2.06E-08,,,1.12E-08,8.21E-10,,,,,,,,,,,5.01E-07,3.43E-09,,,,,,,1.41E-09,4.68E-11,8.68E-06,3.88E-07,6.41E-09,1.19E-09
MCT2-3M,6/5/18,1,6.8,13.7,367,84,,6.187,0.76,5.427,0.003,0.4511,0.0146,0.1115,0.0005,4.36E-07,4.15E-08,,,5.10E-07,3.05E-08,7.12E-04,1.21E-05,4.55E-04,5.99E-06,,,2.14E-04,2.99E-06,1.12E-05,2.99E-07,,,,,2.44E-05,3.74E-07,1.60E-03,6.02E-06,7.01E-05,3.80E-07,,,,,7.88E-08,2.58E-09,2.61E-08,4.38E-10,,,,,,,,,2.60E-06,3.39E-08,,,1.14E-08,6.11E-10,3.39E-09,2.55E-10,,,7.54E-09,3.94E-10,,,,,8.54E-07,6.92E-09,1.12E-10,4.22E-11,,,,,2.12E-09,6.51E-11,1.10E-05,2.91E-07,2.68E-08,1.98E-09
MCT2-3M,6/7/18,0.5,6.97,15,428,86,,6.7,0.685,6.015,0.0038,0.4757,0.0226,0.1506,,4.01E-07,4.03E-08,,,5.62E-07,2.46E-08,7.00E-04,1.04E-05,4.84E-04,7.44E-06,,,2.14E-04,2.90E-06,1.38E-05,2.86E-07,,,,,1.98E-05,2.17E-07,1.66E-03,1.13E-05,6.45E-05,4.27E-07,,,,,9.13E-08,3.29E-09,2.46E-08,6.58E-10,,,,,,,,,2.70E-06,1.43E-08,,,9.58E-09,7.29E-10,,,,,6.74E-09,2.09E-10,,,,,8.46E-07,7.07E-09,1.51E-10,4.46E-11,,,,,1.91E-09,1.05E-10,1.20E-05,2.51E-07,2.30E-08,1.03E-09
MCT2-3M,6/9/18,1.5,7.2,18.3,449,33,,7.997,0.903,7.094,0.0046,0.4662,0.0164,0.1504,,5.01E-07,4.27E-08,,,5.12E-07,3.58E-08,8.13E-04,1.59E-05,5.65E-04,7.42E-06,,,2.08E-04,2.68E-06,9.42E-06,1.82E-07,,,,,2.64E-05,2.75E-07,1.99E-03,7.38E-06,4.34E-05,2.87E-07,,,,,1.23E-07,2.35E-09,3.57E-08,1.56E-09,,,,,,,,,3.14E-06,1.78E-08,,,9.47E-09,5.29E-10,,,,,,,,,,,1.01E-06,8.18E-09,1.87E-10,4.35E-11,,,,,3.33E-09,1.21E-10,1.08E-05,4.44E-07,1.91E-08,6.65E-10
MCT2-3M,6/12/18,1.8,7.06,18.5,842,-31,,,,,,0.4032,0.02,0.1214,,,,,,,,,,,,,,,,,,,,,,,,,,,,,,,,,,,,,,,,,,,,,,,,,,,,,,,,,,,,,,,,,,,,,,,,,
MCT2-3M,6/14/18,2.09,,,,,,,,,,,,,0.0005,,,,,,,,,,,,,,,,,,,,,,,,,,,,,,,,,,,,,,,,,,,,,,,,,,,,,,,,,,,,,,,,,,,,,,,,
MCT2-3M,6/19/18,1.95,,,,,,,,,,,,,0.0005,,,,,,,,,,,,,,,,,,,,,,,,,,,,,,,,,,,,,,,,,,,,,,,,,,,,,,,,,,,,,,,,,,,,,,,,
MCT2-3M,6/21/18,,,,,,,,,,,,,,0.0005,,,,,,,,,,,,,,,,,,,,,,,,,,,,,,,,,,,,,,,,,,,,,,,,,,,,,,,,,,,,,,,,,,,,,,,,
MCT2-3S,5/27/18,,6.88,14.6,435,61,,5.357,0.753,4.604,0.0033,0.4387,0.0129,0.1213,0.0033,3.16E-07,2.00E-08,,,6.17E-07,1.99E-08,4.05E-04,6.77E-06,3.99E-04,8.37E-07,,,1.73E-04,1.68E-06,1.61E-05,2.76E-07,1.99E-09,2.05E-10,,,5.40E-06,6.72E-08,1.18E-03,5.47E-06,4.83E-06,2.74E-08,,,3.52E-08,6.28E-09,7.84E-08,3.74E-09,1.09E-08,4.98E-10,2.12E-08,1.39E-09,,,,,2.39E-09,2.36E-10,2.09E-06,1.97E-08,,,1.14E-08,3.50E-10,,,,,,,,,,,4.57E-07,5.13E-09,1.60E-10,4.56E-11,4.71E-10,9.11E-11,1.26E-10,6.51E-11,1.76E-09,4.74E-11,7.52E-06,6.84E-07,1.49E-08,1.85E-09
MCT2-3S,5/31/18,,7.37,14.5,338,107,,4.199,0.642,3.557,0.0034,0.4273,0.0171,0.113,0.0005,2.99E-07,3.35E-08,,,6.86E-07,1.64E-08,3.65E-04,6.70E-06,3.66E-04,3.35E-06,1.06E-06,6.95E-08,1.50E-04,1.08E-06,1.70E-05,2.54E-07,2.66E-09,2.71E-10,3.19E-09,2.49E-10,4.73E-06,4.10E-08,1.03E-03,1.89E-06,3.53E-06,2.08E-08,,,3.55E-08,9.07E-09,7.01E-08,1.63E-09,9.75E-09,2.30E-10,2.25E-08,1.49E-09,5.52E-07,5.01E-09,,,2.69E-09,1.73E-10,1.82E-06,1.45E-08,,,1.22E-08,7.67E-10,,,,,,,,,,,4.17E-07,7.55E-09,1.40E-10,1.63E-11,7.23E-10,1.05E-10,,,1.16E-09,6.53E-11,7.05E-06,5.51E-07,1.14E-08,9.23E-10
MCT2-3S,6/5/18,1.7,7.04,16.2,369,83,,5.615,0.867,4.749,0.0169,0.4328,0.0088,0.1049,0.0005,3.62E-07,2.26E-08,,,4.13E-07,1.24E-08,5.32E-04,7.72E-06,4.52E-04,6.35E-06,,,1.79E-04,1.38E-06,1.48E-05,2.29E-07,2.07E-09,2.03E-10,1.98E-09,3.02E-10,7.62E-06,9.58E-08,1.39E-03,5.70E-06,1.04E-05,7.91E-08,,,,,9.14E-08,3.29E-09,1.31E-08,2.38E-10,2.26E-08,7.81E-10,3.13E-07,1.22E-08,,,2.26E-09,2.62E-10,2.44E-06,1.64E-08,,,1.07E-08,1.35E-09,,,,,,,,,,,5.86E-07,3.07E-09,1.70E-10,1.96E-11,,,,,1.73E-09,6.16E-11,7.23E-06,5.63E-07,1.38E-08,2.15E-09
MCT2-3S,6/7/18,1.3,7.27,15.4,338,103,,4.768,0.733,4.035,0.003,0.4271,0.0212,0.1504,,3.91E-07,1.56E-08,,,1.28E-06,2.26E-08,4.19E-04,1.61E-06,4.32E-04,2.78E-06,1.89E-07,6.57E-08,1.95E-04,9.54E-07,2.08E-05,3.12E-07,3.51E-09,2.63E-10,1.83E-09,2.82E-10,3.82E-06,4.86E-08,1.28E-03,2.47E-06,2.37E-06,4.77E-09,,,3.75E-08,6.54E-09,8.26E-08,2.03E-09,8.66E-09,2.88E-10,3.66E-08,1.87E-09,3.07E-07,6.91E-09,,,2.67E-09,1.88E-10,2.27E-06,7.10E-09,,,1.20E-08,7.12E-10,,,,,,,,,,,5.33E-07,8.24E-09,1.75E-10,3.69E-11,5.62E-10,1.04E-10,,,1.35E-09,5.03E-11,9.08E-06,8.50E-07,9.48E-09,1.33E-09
MCT2-3S,6/9/18,2.25,7.27,23,465,54,,6.691,0.598,6.093,0.0031,0.4601,0.0156,0.1386,,4.07E-07,3.16E-08,,,5.76E-07,1.13E-08,7.33E-04,6.21E-06,5.73E-04,6.38E-06,,,1.99E-04,2.05E-06,1.54E-05,3.19E-07,,,,,9.02E-06,1.05E-07,1.84E-03,1.11E-05,6.22E-06,3.94E-08,,,3.61E-08,5.05E-09,1.04E-07,3.59E-09,1.68E-08,3.19E-10,2.64E-08,1.50E-09,3.25E-07,5.87E-09,,,2.45E-09,1.60E-10,3.24E-06,5.80E-09,,,9.57E-09,7.38E-10,,,,,,,,,,,7.87E-07,1.10E-08,2.09E-10,4.54E-11,4.13E-10,1.03E-10,,,2.92E-09,1.97E-10,8.35E-06,7.46E-07,1.13E-08,1.31E-09
MCT2-3S,6/12/18,2.55,7.44,18.4,807,19,,6.396,,,,0.4397,0.0173,0.1681,,,,,,,,,,,,,,,,,,,,,,,,,,,,,,,,,,,,,,,,,,,,,,,,,,,,,,,,,,,,,,,,,,,,,,,,,
MCT2-3S,6/14/18,2.85,,,,,,,,,,,,,0.0005,,,,,,,,,,,,,,,,,,,,,,,,,,,,,,,,,,,,,,,,,,,,,,,,,,,,,,,,,,,,,,,,,,,,,,,,
MCT2-3S,6/19/18,2.72,,,,,,,,,,,,,0.0005,,,,,,,,,,,,,,,,,,,,,,,,,,,,,,,,,,,,,,,,,,,,,,,,,,,,,,,,,,,,,,,,,,,,,,,,
MCT2-3S,6/21/18,,,,,,,,,,,,,,0.0005,,,,,,,,,,,,,,,,,,,,,,,,,,,,,,,,,,,,,,,,,,,,,,,,,,,,,,,,,,,,,,,,,,,,,,,,
MCT2-4D,5/27/18,,7.46,14.4,512,107,,5.506,0.242,5.265,,0.2098,0.0121,0.1671,0.0005,3.88E-07,4.58E-08,,,2.37E-07,3.19E-08,5.57E-04,2.85E-06,3.93E-04,3.76E-06,,,1.64E-04,1.40E-06,4.34E-06,9.17E-08,,,,,5.63E-06,6.21E-08,1.66E-03,8.45E-06,2.71E-06,3.89E-08,,,,,5.44E-08,1.96E-09,8.82E-09,3.23E-10,,,3.50E-07,1.31E-08,,,1.27E-09,1.59E-10,2.38E-06,1.50E-08,,,9.05E-09,8.22E-10,,,,,9.14E-09,4.31E-10,,,,,5.81E-07,5.77E-09,,,,,,,1.89E-09,9.29E-11,8.34E-06,7.69E-07,7.34E-09,1.23E-09
MCT2-4D,5/31/18,,7.59,12.1,472,22,,1.827,0.24,1.587,0.001,0.2908,0.0106,0.1481,0.0005,4.34E-07,3.05E-08,,,2.62E-07,3.41E-08,5.05E-04,9.26E-06,3.80E-04,2.45E-06,,,1.62E-04,1.83E-06,4.10E-06,1.01E-07,,,,,6.56E-06,7.49E-08,1.57E-03,1.20E-05,5.79E-06,5.90E-08,,,,,5.54E-08,4.35E-09,8.58E-09,4.03E-10,,,4.55E-07,1.47E-08,,,,,2.31E-06,1.30E-08,,,8.22E-09,3.18E-10,,,,,6.54E-09,2.95E-10,,,,,5.46E-07,6.90E-09,,,,,,,1.46E-09,1.48E-10,7.86E-06,6.40E-07,7.09E-09,1.38E-09
MCT2-4D,6/5/18,2.6,6.84,11.4,369,50,,5.208,0.235,4.973,,0.3308,0.0179,0.1336,0.0005,3.64E-07,4.24E-08,,,2.86E-07,2.80E-08,4.49E-04,9.26E-06,3.54E-04,4.42E-06,,,1.65E-04,1.59E-06,4.11E-06,1.24E-07,,,,,6.36E-06,4.93E-08,1.48E-03,5.86E-06,5.31E-06,5.78E-08,,,,,6.00E-08,1.96E-09,7.64E-09,4.27E-10,,,,,,,,,2.18E-06,1.59E-08,,,8.07E-09,3.71E-10,,,,,4.16E-09,2.81E-10,,,,,5.16E-07,6.50E-09,,,,,,,1.28E-09,5.81E-11,7.59E-06,6.13E-07,1.22E-08,1.72E-09
MCT2-4D,6/7/18,3.1,7.41,13,482,8,,5.038,0.242,4.797,,0.3542,0.008,0.1293,0.0005,3.91E-07,5.22E-08,,,2.88E-07,2.71E-08,3.60E-04,6.72E-06,3.72E-04,3.83E-06,,,1.51E-04,1.81E-06,5.06E-06,1.34E-07,,,,,3.91E-06,6.42E-08,1.53E-03,1.27E-05,,,,,,,6.30E-08,3.35E-09,4.35E-09,2.35E-10,,,,,,,7.00E-10,1.48E-10,2.23E-06,1.60E-08,,,3.67E-09,8.02E-10,,,,,,,,,,,5.42E-07,7.13E-09,,,,,,,8.36E-10,7.50E-11,7.18E-06,5.62E-07,2.67E-09,1.18E-09
MCT2-4D,6/9/18,3.3,7.16,13.9,378,34,,4.897,0.23,4.667,,0.389,0.0109,0.1176,0.0005,4.07E-07,4.33E-08,,,3.60E-07,2.56E-08,3.86E-04,6.16E-06,3.54E-04,1.88E-06,,,1.52E-04,1.52E-06,6.15E-06,1.61E-07,,,2.83E-09,9.20E-10,4.71E-06,5.10E-08,1.45E-03,1.05E-05,3.14E-06,5.04E-08,,,,,6.22E-08,2.90E-09,7.99E-09,3.38E-10,5.51E-09,1.63E-09,,,,,1.19E-09,1.71E-10,2.09E-06,1.94E-08,,,2.80E-09,3.80E-10,,,,,,,,,,,5.23E-07,5.37E-09,7.54E-11,3.27E-11,,,,,7.93E-10,8.41E-11,6.83E-06,5.07E-07,6.29E-09,7.45E-10
MCT2-4D,6/12/18,3.5,7.47,13.1,528,42,,4.658,0.259,4.399,0.0023,0.3856,0.0116,0.1138,0.0005,4.48E-07,6.42E-08,,,5.75E-07,9.02E-09,4.83E-04,9.69E-06,4.09E-04,8.54E-06,,,1.57E-04,2.85E-06,6.33E-06,2.90E-07,,,6.55E-09,4.17E-10,6.15E-06,5.19E-08,1.57E-03,8.43E-06,3.46E-06,4.08E-08,,,,,6.78E-08,4.24E-09,9.35E-09,5.84E-10,1.01E-08,9.22E-10,,,,,3.56E-09,2.33E-10,2.42E-06,1.75E-08,,,8.09E-09,2.88E-10,,,,,,,,,,,5.75E-07,8.92E-09,1.11E-10,2.57E-11,,,,,1.12E-09,3.75E-11,8.52E-06,5.56E-07,1.14E-08,1.30E-09
MCT2-4D,6/14/18,3.7,,13.9,363,3,,4.818,0.22,4.598,0.0015,0.3889,0.0157,0.1146,0.0005,3.90E-07,6.98E-08,,,5.62E-07,1.76E-08,4.68E-04,7.61E-06,4.04E-04,8.43E-06,,,1.63E-04,2.54E-05,8.11E-06,2.95E-07,,,2.49E-09,2.89E-10,6.91E-06,7.02E-08,1.56E-03,7.85E-06,3.52E-06,3.25E-08,,,,,6.59E-08,2.45E-09,1.26E-08,7.51E-10,1.37E-08,7.52E-10,,,,,4.40E-09,2.29E-10,2.41E-06,3.18E-08,,,6.48E-09,4.22E-10,,,,,,,,,,,5.89E-07,7.01E-09,1.20E-10,2.69E-11,,,,,1.06E-09,7.71E-11,8.19E-06,3.52E-07,9.73E-09,1.08E-09
MCT2-4D,6/19/18,3.85,,13.1,398,1,,4.896,0.288,4.608,0.0017,0.3859,0.0112,0.1107,0.0005,4.11E-07,8.00E-08,,,5.90E-07,2.25E-08,4.76E-04,6.65E-06,3.96E-04,7.57E-06,,,1.60E-04,2.18E-06,7.64E-06,2.74E-07,,,,,5.39E-06,5.60E-08,1.53E-03,5.74E-06,2.97E-06,3.06E-08,,,,,6.78E-08,3.46E-09,9.20E-09,3.52E-10,9.09E-09,4.78E-10,,,,,4.04E-09,2.01E-10,2.33E-06,1.13E-08,,,6.36E-09,5.28E-10,,,,,,,,,,,6.05E-07,9.15E-09,1.23E-10,4.08E-11,,,,,1.02E-09,6.88E-11,8.40E-06,3.13E-07,9.39E-09,7.34E-10
MCT2-4D,6/21/18,,,13.6,405,17,,4.934,0.264,4.67,0.0017,0.3727,0.0302,0.1061,0.0005,4.07E-07,6.24E-08,,,5.53E-07,8.58E-09,4.40E-04,9.34E-06,3.85E-04,4.90E-06,,,1.53E-04,2.00E-06,6.93E-06,2.65E-07,,,,,4.26E-06,4.08E-08,1.48E-03,7.19E-06,1.92E-06,7.52E-09,,,,,6.36E-08,1.59E-09,8.43E-09,3.43E-10,1.20E-08,9.80E-10,,,,,3.65E-09,1.36E-10,2.28E-06,2.07E-08,,,5.42E-09,4.04E-10,,,,,,,,,,,5.67E-07,5.93E-09,1.07E-10,1.81E-11,,,,,8.97E-10,6.56E-11,8.21E-06,5.60E-07,8.95E-09,1.11E-09
MCT2-4D,6/27/18,,7.27,14,423,53,,4.624,0.267,4.357,0.0022,0.3768,0.0109,0.1054,0.0014,4.05E-07,1.90E-08,,,3.21E-07,2.01E-08,4.17E-04,9.57E-06,2.69E-04,2.50E-06,,,1.65E-04,1.22E-06,4.77E-06,9.42E-08,,,,,3.80E-06,3.67E-08,1.07E-03,4.55E-06,4.11E-06,2.30E-08,,,,,4.31E-08,2.11E-09,6.74E-09,4.81E-10,7.72E-09,5.14E-10,,,,,2.63E-09,1.61E-10,1.61E-06,4.24E-09,,,5.95E-09,6.74E-10,,,,,,,,,,,3.86E-07,5.11E-09,,,,,,,1.00E-09,1.04E-10,7.00E-06,4.27E-07,1.40E-08,1.16E-09
MCT2-4D,6/29/18,,7.3,,417,54,,4.968,0.255,4.712,0.0015,0.3705,0.0136,0.0984,0.0005,4.61E-07,3.86E-08,,,3.16E-07,3.72E-08,4.18E-04,7.23E-06,3.54E-04,1.22E-06,,,1.64E-04,7.25E-07,4.79E-06,7.98E-08,,,,,6.33E-06,7.38E-08,1.54E-03,2.79E-06,1.65E-06,1.16E-08,,,,,4.99E-08,2.86E-09,1.15E-08,7.35E-10,7.42E-09,1.41E-09,,,,,3.05E-09,3.75E-10,2.25E-06,1.49E-08,,,7.01E-09,6.15E-10,,,,,,,,,,,5.79E-07,1.01E-08,7.49E-11,3.30E-11,,,,,1.35E-09,5.84E-11,6.67E-06,3.40E-07,1.19E-08,1.19E-09
MCT2-4D,7/2/18,,7.2,14.2,438,52,,5.124,0.233,4.891,0.0017,0.3733,0.0165,0.1098,0.0014,5.12E-07,3.76E-08,,,8.03E-07,1.44E-08,5.49E-04,9.87E-06,3.70E-04,2.56E-06,,,1.57E-04,9.93E-07,1.27E-05,1.99E-07,,,,,7.26E-06,9.11E-08,1.59E-03,3.43E-06,1.88E-06,1.10E-08,,,,,6.82E-08,3.22E-09,1.19E-08,5.07E-10,2.51E-08,1.04E-09,4.80E-07,7.97E-09,,,4.91E-09,1.40E-10,2.33E-06,1.33E-08,,,7.96E-09,3.19E-10,,,,,,,,,,,5.87E-07,3.81E-09,8.97E-11,1.91E-11,6.52E-10,5.84E-11,,,2.22E-09,7.02E-11,6.10E-06,2.98E-07,1.47E-08,1.64E-09
MCT2-4D,7/6/18,5.39,7.21,16.1,427,-43,,4.855,,,,0.3758,0.0151,0.1072,0.0011,,,,,,,,,,,,,,,,,,,,,,,,,,,,,,,,,,,,,,,,,,,,,,,,,,,,,,,,,,,,,,,,,,,,,,,,
MCT2-4D,7/10/18,5.47,7.12,19.1,450,52,,5.162,,,,0.3715,0.0119,0.1075,0.0009,4.41E-07,2.83E-08,,,2.22E-07,1.30E-08,3.06E-04,5.69E-06,3.91E-04,2.14E-06,,,1.65E-04,1.12E-06,4.56E-06,8.36E-08,,,,,4.52E-06,4.98E-08,1.74E-03,7.74E-06,1.31E-06,1.04E-08,,,,,5.02E-08,1.30E-09,4.68E-09,3.62E-10,9.58E-09,1.16E-09,5.35E-07,1.36E-08,,,3.18E-09,2.29E-10,2.59E-06,1.08E-08,,,1.07E-08,4.74E-10,,,,,,,,,,,6.85E-07,8.99E-09,1.21E-10,3.90E-11,,,1.29E-10,5.95E-11,1.33E-09,2.91E-11,6.52E-06,3.46E-07,7.14E-09,7.57E-10
MCT2-4M,5/27/18,,7.25,14.3,395,83,,4.249,0.448,3.801,0.0053,0.3246,0.0146,0.1314,0.0006,3.42E-07,3.94E-08,,,4.44E-07,2.88E-08,2.12E-04,4.00E-06,3.64E-04,5.89E-06,,,1.54E-04,2.44E-06,4.84E-06,1.10E-07,,,,,5.70E-06,6.58E-08,1.24E-03,6.79E-06,4.66E-06,3.80E-08,,,,,5.12E-08,2.33E-09,1.66E-08,2.26E-10,,,7.92E-07,1.20E-08,,,,,1.93E-06,1.76E-08,,,,,,,,,4.41E-09,3.67E-10,,,,,4.56E-07,9.73E-09,,,,,,,1.59E-10,3.30E-11,8.27E-06,6.44E-07,4.89E-09,1.30E-09
MCT2-4M,5/31/18,,7.26,12.7,318,39,,4.313,0.378,3.935,0.0044,0.3675,0.0127,0.1064,0.0007,3.44E-07,4.18E-08,,,4.77E-07,2.47E-08,2.09E-04,3.81E-06,3.60E-04,5.77E-06,,,1.60E-04,2.74E-06,5.75E-06,1.73E-07,,,,,7.12E-06,1.17E-07,1.19E-03,5.54E-06,9.14E-06,9.30E-08,,,,,5.62E-08,1.41E-09,2.15E-08,3.90E-10,4.74E-09,1.87E-09,1.69E-06,2.09E-08,,,,,1.91E-06,1.83E-08,,,,,,,,,,,,,,,5.35E-07,5.29E-09,,,,,,,,,7.98E-06,3.88E-07,7.87E-09,6.83E-10
MCT2-4M,6/5/18,3.9,6.74,12,297,26,,4.52,0.409,4.112,0.0035,0.3654,0.0145,0.1145,0.0005,3.46E-07,3.89E-08,,,4.50E-07,1.82E-08,2.12E-04,4.89E-06,3.71E-04,3.98E-06,,,1.64E-04,1.25E-06,4.83E-06,1.02E-07,,,2.19E-09,2.04E-09,8.35E-06,1.09E-07,1.24E-03,8.42E-06,9.67E-06,7.02E-08,,,,,5.84E-08,3.93E-09,2.32E-08,7.77E-10,,,3.03E-07,1.18E-08,,,,,1.95E-06,1.10E-08,,,,,,,,,,,,,,,4.56E-07,1.22E-09,,,,,,,,,7.56E-06,3.30E-07,7.00E-09,1.01E-09
MCT2-4M,6/7/18,4.3,7.29,15.4,408,39,,5.182,0.616,4.566,0.0035,0.337,0.0149,0.1055,,3.42E-07,4.07E-08,,,4.31E-07,2.48E-08,2.20E-04,2.23E-06,4.04E-04,2.99E-06,,,1.78E-04,1.31E-06,5.05E-06,1.00E-07,,,,,1.36E-05,1.54E-07,1.37E-03,7.68E-06,2.39E-05,1.15E-07,,,,,7.01E-08,1.90E-09,2.87E-08,5.86E-10,,,,,,,,,2.15E-06,1.49E-08,,,5.96E-09,8.04E-10,,,,,,,,,,,5.13E-07,9.03E-09,8.55E-11,4.77E-11,,,,,5.30E-10,6.51E-11,7.75E-06,2.06E-07,1.76E-08,6.68E-10
MCT2-4M,6/9/18,4.5,7.04,16.9,312,40,,4.189,0.351,3.838,0.0026,0.3825,0.0182,0.1142,,3.91E-07,6.74E-08,,,4.52E-07,2.79E-08,2.14E-04,1.52E-06,3.71E-04,6.23E-06,,,1.66E-04,2.24E-06,5.02E-06,1.04E-07,,,,,8.49E-06,1.11E-07,1.23E-03,8.14E-06,3.90E-06,4.26E-08,,,,,5.69E-08,2.68E-09,1.98E-08,8.40E-10,,,5.85E-07,1.38E-08,,,,,1.92E-06,1.08E-08,,,,,,,,,,,,,,,4.51E-07,3.17E-09,,,,,,,,,7.08E-06,3.45E-07,3.39E-09,1.50E-09
MCT2-4M,6/12/18,4.7,7.66,21.7,424,59,,3.804,,,,0.3648,0.02,0.1042,,2.02E-07,6.75E-08,,,5.25E-07,4.91E-09,2.00E-04,3.49E-06,2.11E-04,4.61E-06,,,7.76E-05,1.46E-06,3.05E-05,5.40E-07,3.63E-09,1.42E-10,1.56E-08,6.00E-10,5.19E-06,6.53E-08,6.53E-04,5.93E-06,4.67E-06,4.43E-08,,,4.13E-08,8.21E-09,6.22E-08,2.66E-09,1.03E-08,2.26E-10,7.44E-08,1.04E-09,6.79E-07,7.16E-09,,,1.05E-08,3.42E-10,1.26E-06,4.22E-09,,,5.68E-09,5.33E-10,,,1.02E-09,2.94E-10,,,,,,,2.82E-07,5.95E-09,9.76E-11,2.90E-11,3.11E-09,1.81E-10,,,4.50E-10,3.58E-11,1.77E-05,2.99E-07,8.49E-09,7.65E-10
MCT2-4M,6/14/18,4.91,,,,,,,,,,,,,0.0005,,,,,,,,,,,,,,,,,,,,,,,,,,,,,,,,,,,,,,,,,,,,,,,,,,,,,,,,,,,,,,,,,,,,,,,,
MCT2-4M,6/19/18,5.05,,,,,,,,,,,,,0.0006,,,,,,,,,,,,,,,,,,,,,,,,,,,,,,,,,,,,,,,,,,,,,,,,,,,,,,,,,,,,,,,,,,,,,,,,
MCT2-4M,6/21/18,,,,,,,,,,,,,,0.0005,,,,,,,,,,,,,,,,,,,,,,,,,,,,,,,,,,,,,,,,,,,,,,,,,,,,,,,,,,,,,,,,,,,,,,,,
MCT2-4S,5/27/18,,7.09,13.4,356,117,,3.818,0.538,3.28,0.0012,0.3599,0.0126,0.1155,0.0005,3.67E-07,1.54E-08,,,5.80E-07,2.49E-08,2.06E-04,1.14E-06,3.07E-04,2.22E-06,3.50E-07,6.10E-08,1.68E-04,9.27E-07,5.68E-06,9.88E-08,2.30E-09,2.16E-10,5.75E-09,6.10E-10,3.23E-06,2.68E-08,1.07E-03,6.03E-06,3.81E-06,4.85E-08,,,,,5.27E-08,3.56E-09,7.14E-09,5.62E-10,1.89E-08,8.36E-10,1.10E-06,8.85E-09,,,1.61E-09,1.26E-10,1.89E-06,1.16E-08,,,4.33E-09,2.74E-10,,,,,9.43E-09,7.66E-10,,,,,5.43E-07,5.70E-09,1.36E-10,2.67E-11,,,,,1.94E-10,3.02E-11,7.17E-06,6.33E-07,1.07E-08,5.81E-10
MCT2-4S,5/31/18,,7.39,12.9,343,50,,4.047,0.384,3.663,,0.371,0.0134,0.1112,0.0005,3.69E-07,2.18E-08,,,6.81E-07,3.03E-08,2.05E-04,2.70E-06,3.03E-04,1.36E-06,6.38E-07,6.14E-08,1.46E-04,8.19E-07,6.48E-06,1.50E-07,,,,,3.28E-07,3.55E-09,1.05E-03,4.03E-06,1.06E-07,1.02E-08,,,,,4.67E-08,1.73E-09,2.37E-09,2.56E-10,2.25E-08,1.17E-09,6.68E-07,1.56E-08,,,1.00E-09,1.02E-10,1.89E-06,1.03E-08,,,,,,,,,2.17E-08,8.52E-10,,,,,4.48E-07,3.94E-09,1.27E-10,2.15E-11,,,,,,,6.39E-06,6.11E-07,2.83E-09,7.69E-10
MCT2-4S,6/5/18,3.3,6.91,13.5,286,26,,4.387,0.325,4.062,,0.3765,0.0148,0.1129,,4.02E-07,2.50E-08,,,6.69E-07,2.72E-08,2.25E-04,2.93E-06,3.04E-04,2.09E-06,,,1.50E-04,6.21E-07,5.05E-06,1.17E-07,,,4.11E-09,1.21E-09,3.14E-07,3.20E-09,1.05E-03,2.64E-06,8.49E-08,1.48E-08,,,,,4.84E-08,1.73E-09,1.62E-09,2.32E-10,2.05E-08,1.41E-09,6.75E-07,7.57E-09,,,9.18E-10,1.16E-10,1.88E-06,1.45E-08,,,,,,,,,,,,,,,4.72E-07,7.47E-09,1.15E-10,4.68E-11,,,,,,,6.51E-06,6.56E-07,2.59E-09,6.32E-10
MCT2-4S,6/7/18,3.75,6.97,18.6,303,87,,4.119,0.283,3.836,,0.3763,0.0121,0.1093,,3.87E-07,3.43E-08,,,5.47E-07,1.21E-08,1.82E-04,1.27E-06,3.26E-04,9.64E-07,2.58E-07,6.38E-08,1.54E-04,2.72E-06,3.26E-06,7.21E-08,,,,,1.02E-06,8.60E-09,1.09E-03,4.23E-06,1.10E-06,5.82E-09,,,,,4.66E-08,2.10E-09,4.45E-09,3.21E-10,1.65E-08,5.73E-10,4.01E-07,6.57E-09,,,1.18E-09,2.65E-10,1.93E-06,1.48E-08,,,,,,,,,,,,,,,5.07E-07,4.89E-09,1.08E-10,3.84E-11,,,,,,,6.39E-06,4.53E-07,4.42E-09,1.16E-09
MCT2-4S,6/9/18,3.9,6.81,22.3,314,50,,4.177,0.275,3.902,,0.3776,0.0084,0.1095,,4.06E-07,1.94E-08,,,5.18E-07,1.26E-08,1.88E-04,2.48E-06,3.40E-04,7.33E-07,,,1.57E-04,7.72E-07,3.22E-06,7.72E-08,,,,,1.50E-06,1.88E-08,1.13E-03,3.67E-06,2.07E-06,1.56E-08,,,,,4.87E-08,1.95E-09,6.70E-09,3.34E-10,1.39E-08,1.11E-09,7.94E-07,6.08E-09,,,9.79E-10,1.62E-10,2.01E-06,6.56E-09,,,,,,,,,,,,,,,5.31E-07,2.29E-09,1.46E-10,3.78E-11,,,,,,,6.50E-06,6.41E-07,4.67E-09,8.69E-10
MCT2-4S,6/12/18,4.2,,,,,,,,,,,,,,,,,,,,,,,,,,,,,,,,,,,,,,,,,,,,,,,,,,,,,,,,,,,,,,,,,,,,,,,,,,,,,,,,,,,,,
MCT2-4S,6/14/18,4.4,,,,,,,,,,,,,,,,,,,,,,,,,,,,,,,,,,,,,,,,,,,,,,,,,,,,,,,,,,,,,,,,,,,,,,,,,,,,,,,,,,,,,
MCT2-4S,6/19/18,,,,,,,,,,,,,,,,,,,,,,,,,,,,,,,,,,,,,,,,,,,,,,,,,,,,,,,,,,,,,,,,,,,,,,,,,,,,,,,,,,,,,,
MCT2-4S,6/21/18,,,,,,,,,,,,,,,,,,,,,,,,,,,,,,,,,,,,,,,,,,,,,,,,,,,,,,,,,,,,,,,,,,,,,,,,,,,,,,,,,,,,,,