Well,Date,pH,Temp,Cond,ORP,Fe(II),DO,TC,NPOC-raw,NPOC-cor,TIC,Li,sd,Be,sd,B,sd,Na,sd,Mg,sd,Al,sd,Si,sd,K,sd,V,sd,Cr,sd,Mn,sd,Ca,sd,Fe,sd,Ti,sd,Ni,sd,Co,sd,Cu,sd,Zn,sd,Rb,sd,Sr,sd,Zr,sd,Mo,sd,Ag,sd,Cd,sd,Sn,sd,Sb,sd,Cs,sd,Ba,sd,Eu,sd,Pb,sd,Th,sd,U,sd,P,sd,As,sd
MCP1-1D,6/7/17,,,,,,,,,,,,,,,,,,,,,,,,,,,,,,,,,,,,,,,,,,,,,,,,,,,,,,,,,,,,,,,,,,,,,,,,,,,,,,
MCP1-1D,6/14/17,7.41,10.7,301,-102,72.539,0.844,3.54,0.25,0.32,3.29,4.32E-07,3.44E-08,-9.99E+02,,4.33E-07,8.88E-09,1.25E-04,8.93E-07,3.56E-04,3.99E-06,4.63E-08,1.08E-08,1.67E-04,1.27E-06,1.52E-05,1.84E-07,1.34E-09,8.87E-11,1.93E-09,1.43E-10,1.95E-05,2.63E-07,1.42E-03,6.16E-06,7.12E-05,4.22E-07,2.16E-08,1.17E-09,2.40E-08,1.54E-09,1.41E-09,1.40E-10,2.05E-09,2.16E-10,3.01E-07,4.27E-09,2.11E-09,1.18E-10,2.23E-06,7.90E-09,4.85E-10,9.64E-11,1.60E-08,3.81E-10,,,,,,,,,,,1.30E-06,1.97E-08,3.14E-10,7.66E-12,,,,,2.34E-10,2.31E-11,7.95E-06,1.28E-06,2.71E-08,5.75E-10
MCP1-1D,6/26/17,7.6,12.1,360,-69,54.525,,3.07,0.2,0.27,2.87,3.77E-07,2.48E-08,,,4.26E-07,2.03E-08,1.08E-04,8.16E-07,2.91E-04,2.43E-06,3.22E-08,1.08E-08,1.49E-04,1.15E-06,1.38E-05,1.91E-07,1.18E-09,7.18E-11,2.64E-09,1.18E-10,1.59E-05,1.97E-07,1.15E-03,9.55E-06,8.25E-05,5.74E-05,1.79E-08,1.86E-09,1.90E-08,1.27E-09,1.17E-09,9.78E-11,9.67E-09,2.64E-10,2.54E-07,2.37E-09,1.82E-09,7.05E-11,1.81E-06,2.23E-08,4.20E-10,4.67E-11,1.76E-08,5.43E-10,,,,,1.45E-09,1.08E-10,,,,,1.07E-06,1.11E-08,2.67E-10,2.57E-11,,,,,1.67E-10,1.70E-11,6.73E-06,9.69E-07,2.35E-08,1.24E-09
MCP1-1D,6/28/17,7.58,9.1,247,-52,41.99,,2.82,0.18,0.23,2.64,3.63E-07,2.29E-08,,,3.85E-07,1.03E-08,1.02E-04,6.62E-07,2.72E-04,3.07E-06,6.77E-08,1.08E-08,1.46E-04,9.50E-07,1.36E-05,2.12E-07,1.09E-09,6.96E-11,1.14E-09,3.52E-10,1.46E-05,2.35E-07,1.07E-03,3.61E-06,5.14E-05,3.79E-07,1.60E-08,1.88E-09,1.82E-08,8.07E-10,1.08E-09,1.40E-10,4.17E-09,2.72E-10,3.13E-07,4.44E-09,1.83E-09,3.83E-11,1.69E-06,1.50E-08,3.97E-10,6.17E-11,1.87E-08,7.53E-10,,,,,,,,,,,9.86E-07,8.69E-09,2.51E-10,9.53E-12,,,,,1.45E-10,1.81E-11,6.34E-06,9.83E-07,2.13E-08,8.90E-10
MCP1-1D,6/30/17,7.53,12.4,231,-42,47.434,,2.63,0.17,0.24,2.46,3.54E-07,2.57E-08,,,4.17E-07,7.61E-09,9.79E-05,1.01E-06,2.63E-04,4.92E-06,1.25E-07,1.17E-08,1.41E-04,1.04E-06,1.36E-05,2.30E-07,1.05E-09,4.54E-11,1.49E-09,8.75E-11,1.42E-05,2.35E-07,1.03E-03,9.03E-06,8.78E-05,2.96E-05,1.65E-08,2.39E-09,1.80E-08,4.58E-10,1.02E-09,5.59E-11,4.24E-09,1.71E-10,2.70E-07,4.03E-09,1.95E-09,8.93E-11,1.64E-06,1.93E-08,3.99E-10,1.16E-10,1.95E-08,5.59E-10,,,,,,,,,,,9.60E-07,7.88E-09,2.37E-10,3.48E-11,,,,,1.18E-10,1.02E-11,6.42E-06,1.04E-06,2.18E-08,6.77E-10
MCP1-1D,7/3/17,7.53,11.5,321,-21,51.66,,2.87,0.18,0.23,2.69,3.65E-07,3.15E-08,,,4.99E-07,2.17E-08,1.04E-04,1.20E-06,2.77E-04,3.51E-06,1.08E-07,1.35E-08,1.48E-04,1.84E-06,1.64E-05,2.81E-07,1.18E-09,3.77E-11,3.40E-09,3.44E-10,1.48E-05,2.41E-07,1.09E-03,5.95E-06,5.13E-05,1.99E-07,1.70E-08,1.56E-09,2.12E-08,6.88E-10,1.26E-09,9.32E-11,2.20E-08,4.05E-10,4.45E-07,6.83E-09,2.62E-09,1.47E-10,1.73E-06,4.80E-09,6.31E-10,7.62E-11,1.81E-08,1.22E-10,,,,,,,,,,,1.02E-06,7.25E-09,2.47E-10,2.27E-11,,,,,1.44E-10,2.00E-11,6.46E-06,1.05E-06,2.04E-08,8.46E-10
MCP1-1D,7/6/17,7.59,10.5,180,-19,,0.906,2.64,0.16,0.21,2.48,3.53E-07,2.62E-08,,,3.94E-07,8.66E-09,9.64E-05,1.20E-06,2.66E-04,3.08E-06,3.14E-07,1.72E-08,1.42E-04,1.25E-06,1.49E-05,2.33E-07,1.34E-09,4.37E-11,3.64E-09,7.55E-10,1.41E-05,1.61E-07,1.05E-03,8.27E-06,4.84E-05,7.13E-07,2.50E-08,1.06E-08,2.80E-08,6.47E-10,1.07E-09,8.21E-11,4.39E-09,3.22E-10,3.12E-07,2.84E-09,2.64E-09,8.07E-11,1.67E-06,1.76E-08,3.65E-10,7.50E-11,1.92E-08,3.44E-10,,,,,,,,,2.36E-11,8.54E-12,9.79E-07,5.77E-09,2.25E-10,3.70E-11,1.87E-10,2.81E-11,,,1.32E-10,6.93E-12,6.75E-06,1.08E-06,2.23E-08,8.68E-10
MCP1-1D,7/7/17,7.9,12.2,230,-48,,,2.67,0.17,0.22,2.5,3.31E-07,3.11E-08,,,4.11E-07,8.14E-09,9.93E-05,1.55E-06,2.66E-04,2.07E-06,1.27E-07,1.17E-08,1.44E-04,1.60E-06,1.50E-05,2.47E-07,1.02E-09,1.83E-10,2.64E-09,1.35E-10,1.43E-05,1.70E-07,1.05E-03,4.23E-06,4.90E-05,4.44E-07,1.74E-08,1.50E-09,1.86E-08,1.20E-09,1.18E-09,1.05E-10,4.96E-08,9.18E-10,6.94E-07,4.11E-09,2.48E-09,1.75E-10,1.67E-06,1.01E-08,2.94E-10,3.12E-11,1.98E-08,5.45E-10,,,-9.99E+02,,,,,,2.61E-11,1.05E-11,9.76E-07,9.42E-09,2.24E-10,3.05E-11,2.43E-10,3.21E-11,,,1.33E-10,8.29E-12,6.58E-06,1.13E-06,2.01E-08,6.51E-10
MCP1-1D,7/11/17,7.91,12.6,233,-46,,,2.49,0.14,0.19,2.35,3.41E-07,2.73E-08,,,3.83E-07,1.05E-08,9.23E-05,6.84E-07,2.57E-04,2.89E-06,6.31E-08,1.49E-08,1.38E-04,1.26E-06,1.50E-05,3.00E-07,9.76E-10,8.31E-11,1.31E-09,1.23E-10,1.37E-05,1.94E-07,1.01E-03,7.02E-06,4.57E-05,4.23E-07,1.45E-08,1.26E-09,1.74E-08,1.24E-09,9.67E-10,9.27E-11,8.53E-09,5.03E-10,3.86E-07,5.01E-09,2.73E-09,7.51E-11,1.59E-06,1.46E-08,3.25E-10,7.21E-11,2.01E-08,4.45E-10,,,,,,,-9.99E+02,,,,9.48E-07,1.43E-08,2.40E-10,3.71E-11,,,,,1.20E-10,1.29E-11,6.63E-06,1.26E-06,2.02E-08,7.36E-10
MCP1-1D,7/13/17,7.92,10.6,246,-63,58.017,1.75,2.96,0.18,0.24,2.78,3.72E-07,2.53E-08,,,3.92E-07,5.81E-09,1.04E-04,1.30E-06,2.96E-04,2.72E-06,5.68E-08,1.01E-08,1.54E-04,1.02E-06,1.56E-05,2.04E-07,1.13E-09,6.07E-11,1.62E-09,1.13E-10,1.60E-05,3.13E-07,1.17E-03,5.27E-06,5.57E-05,2.92E-07,1.67E-08,2.08E-09,1.95E-08,1.15E-09,1.06E-09,1.28E-10,4.10E-09,2.02E-10,4.26E-07,2.16E-09,2.64E-09,5.49E-11,1.86E-06,2.10E-08,3.33E-10,7.54E-11,1.94E-08,6.96E-10,,,,,,,,,,,1.09E-06,8.96E-09,2.75E-10,1.96E-11,,,,,1.65E-10,1.45E-11,6.89E-06,1.22E-06,2.28E-08,8.11E-10
MCP1-1D,7/17/17,7.85,19.1,216,-28,59.378,4.657,3.27,0.21,0.27,3.06,4.02E-07,2.37E-08,,,4.49E-07,9.96E-09,1.17E-04,1.76E-06,3.31E-04,4.88E-06,3.94E-08,1.27E-08,1.64E-04,2.49E-06,1.69E-05,2.89E-07,1.29E-09,3.32E-11,1.26E-09,1.96E-10,1.78E-05,2.92E-07,1.31E-03,7.19E-06,6.16E-05,1.03E-06,1.85E-08,1.96E-09,2.18E-08,8.90E-10,1.22E-09,1.61E-10,1.37E-08,2.31E-10,5.42E-07,6.19E-09,3.03E-09,2.29E-10,2.06E-06,2.37E-08,3.60E-10,2.64E-11,1.85E-08,9.23E-10,,,,,,,,,2.32E-11,1.11E-11,1.21E-06,4.57E-09,2.78E-10,1.20E-11,,,,,2.12E-10,2.04E-11,7.34E-06,1.28E-06,2.47E-08,4.77E-10
MCP1-1D,7/19/17,7.76,13,210,-15,76.926,9.001,3.11,0.18,0.24,2.93,4.08E-07,2.49E-08,,,2.52E-07,1.63E-08,1.01E-04,1.07E-06,2.95E-04,2.25E-06,7.47E-08,1.47E-08,1.41E-04,1.56E-06,1.53E-05,1.77E-07,1.42E-09,8.83E-11,2.61E-09,1.68E-10,1.65E-05,2.80E-07,1.19E-03,8.36E-06,5.76E-05,3.50E-07,2.49E-08,2.35E-09,2.08E-08,1.66E-09,1.39E-09,1.58E-10,9.23E-09,3.83E-10,4.85E-07,7.48E-09,2.51E-09,6.02E-11,1.95E-06,1.87E-08,7.68E-10,3.32E-11,1.98E-08,5.67E-10,,,,,,,,,,,1.17E-06,1.26E-08,2.42E-10,2.16E-11,1.40E-10,3.53E-11,8.72E-11,1.22E-11,1.93E-10,1.60E-11,6.82E-06,1.21E-06,2.12E-08,1.36E-09
MCP1-1D,7/20/17,7.53,13.3,181.6,71,54.632,26.97,2.88,0.17,0.22,2.7,3.88E-07,2.32E-08,,,2.49E-07,6.79E-09,9.42E-05,1.08E-06,2.78E-04,2.99E-06,,,1.34E-04,1.16E-06,1.47E-05,2.15E-07,1.15E-09,7.36E-11,1.71E-09,1.99E-10,1.56E-05,2.08E-07,1.11E-03,7.04E-06,5.37E-05,8.05E-07,2.44E-08,1.18E-09,1.77E-08,1.39E-09,1.09E-09,1.64E-10,1.21E-08,6.94E-10,5.04E-07,6.10E-09,2.29E-09,1.19E-10,1.83E-06,2.20E-08,4.64E-10,8.46E-11,2.00E-08,5.00E-10,,,,,,,,,,,1.10E-06,1.36E-08,2.53E-10,2.73E-11,,,4.08E-11,9.35E-12,1.65E-10,1.31E-11,6.63E-06,1.24E-06,1.94E-08,5.49E-10
MCP1-1D,7/24/17,8.08,13.8,358,-53,57.73,,2.77,0.18,0.23,2.59,4.07E-07,6.00E-08,,,3.22E-07,1.76E-08,1.05E-04,5.58E-07,3.10E-04,3.39E-06,,,1.66E-04,6.55E-07,1.58E-05,2.01E-07,,,,,1.70E-05,1.72E-07,1.25E-03,7.05E-06,5.78E-05,2.93E-07,,,1.69E-08,7.97E-10,7.46E-10,1.95E-10,,,4.15E-07,8.74E-09,2.42E-09,1.31E-10,2.00E-06,1.92E-08,,,1.69E-08,6.48E-10,,,,,,,,,,,1.15E-06,1.10E-08,2.30E-10,4.11E-11,,,,,1.46E-10,2.46E-11,1.53E-05,2.14E-06,2.30E-08,1.85E-09
MCP1-1D,7/26/17,7.36,13,251,9,66.128,,3.19,0.21,0.27,2.98,4.60E-07,5.32E-08,,,3.44E-07,1.48E-08,1.09E-04,1.00E-06,3.57E-04,3.36E-06,1.39E-07,5.79E-08,1.85E-04,1.64E-06,1.68E-05,2.67E-07,,,,,1.93E-05,3.06E-07,1.42E-03,1.44E-05,6.60E-05,7.78E-07,,,2.08E-08,1.21E-09,9.89E-10,2.03E-10,,,5.75E-07,1.19E-08,3.20E-09,1.02E-10,2.27E-06,1.94E-08,,,1.59E-08,8.89E-10,,,,,,,,,,,1.32E-06,2.55E-08,2.84E-10,3.56E-11,,,,,2.01E-10,4.86E-11,1.68E-05,2.46E-06,2.77E-08,1.05E-09
MCP1-1D,7/28/17,,,,,0,,,,,,,,,,,,,,,,,,,,,,,,,,,,,,,,,,,,,,,,,,,,,,,,,,,,,,,,,,,,,,,,,,,,,,,,,
MCP1-1D,7/31/17,7.52,,146.8,-25,67.811,,3.02,0.2,0.26,2.82,4.63E-07,5.52E-08,,,3.74E-07,2.29E-08,1.07E-04,1.58E-06,3.53E-04,4.42E-06,1.09E-07,5.76E-08,1.84E-04,2.24E-06,1.47E-05,1.90E-07,,,4.02E-08,1.20E-09,1.93E-05,1.41E-07,1.41E-03,1.44E-05,6.60E-05,6.85E-07,,,2.25E-08,2.08E-09,1.03E-09,2.37E-10,,,4.98E-07,9.39E-09,2.63E-09,1.86E-10,2.25E-06,1.81E-08,,,1.68E-08,6.50E-10,,,,,,,,,,,1.31E-06,1.04E-08,2.69E-10,5.79E-11,,,,,2.00E-10,3.03E-11,1.61E-05,2.28E-06,2.74E-08,1.95E-09
MCP1-1D,8/2/17,7.78,,,-56,67.095,,3.11,0.21,0.27,2.9,4.51E-07,7.96E-08,,,3.77E-07,1.74E-08,1.07E-04,9.67E-07,3.56E-04,4.06E-06,,,1.85E-04,1.18E-06,1.46E-05,1.14E-07,,,,,1.96E-05,1.29E-07,1.43E-03,9.03E-06,6.80E-05,1.07E-06,,,1.93E-08,9.93E-10,7.93E-10,2.09E-10,,,4.46E-07,7.18E-09,2.32E-09,1.44E-10,2.28E-06,1.32E-08,,,1.55E-08,6.15E-10,,,,,,,,,,,1.33E-06,9.97E-09,2.79E-10,2.66E-11,,,,,2.02E-10,6.10E-11,1.65E-05,2.32E-06,2.79E-08,5.16E-10
MCP1-1D,8/4/17,7.68,,,-62,67.006,,3.19,0.21,0.27,2.98,4.86E-07,7.39E-08,,,3.78E-07,2.29E-08,1.10E-04,1.21E-06,3.64E-04,4.36E-06,5.81E-07,5.62E-08,1.88E-04,1.80E-06,1.49E-05,2.12E-07,,,,,2.00E-05,2.21E-07,1.46E-03,7.18E-06,6.83E-05,5.12E-07,,,2.90E-08,1.85E-09,1.05E-09,1.55E-10,,,5.54E-07,7.15E-09,2.51E-09,1.22E-10,2.35E-06,1.28E-08,,,1.56E-08,9.77E-10,,,,,,,,,,,1.37E-06,1.49E-08,2.76E-10,3.09E-11,,,,,1.88E-10,2.18E-11,1.68E-05,2.40E-06,2.86E-08,2.03E-09
MCP1-1D,8/7/17,7.86,,,-44,70.426,,3.22,0.2,0.27,3.02,4.60E-07,5.55E-08,,,8.00E-07,2.76E-08,1.12E-04,1.73E-06,3.80E-04,2.90E-06,,,1.93E-04,2.42E-06,1.52E-05,2.15E-07,,,6.91E-08,2.18E-09,2.06E-05,1.80E-07,1.51E-03,1.50E-05,7.03E-05,6.45E-07,,,2.26E-08,1.03E-09,1.25E-09,2.30E-10,1.31E-08,1.47E-09,4.41E-07,8.21E-09,2.49E-09,1.77E-10,2.41E-06,2.22E-08,,,1.60E-08,6.80E-10,,,,,,,,,,,1.40E-06,1.16E-08,2.49E-10,3.07E-11,,,,,1.88E-10,4.98E-11,1.72E-05,2.59E-06,2.82E-08,1.12E-09
MCP1-1D,8/9/17,7.82,,,-43,70.945,,3.29,0.19,0.25,3.1,4.42E-07,4.45E-08,,,3.79E-07,1.79E-08,1.12E-04,9.29E-07,3.80E-04,4.21E-06,,,1.94E-04,1.70E-06,1.50E-05,2.31E-07,,,,,2.06E-05,1.95E-07,1.50E-03,8.67E-06,6.99E-05,3.46E-07,,,2.08E-08,1.68E-09,1.20E-09,1.85E-10,,,3.65E-07,6.36E-09,2.40E-09,5.72E-11,2.41E-06,1.97E-08,,,1.60E-08,9.13E-10,,,,,,,,,,,1.41E-06,8.28E-09,3.11E-10,3.14E-11,,,,,1.95E-10,2.44E-11,1.73E-05,2.52E-06,2.82E-08,1.56E-09
MCP1-1D,8/11/17,7.55,,,-25,71.536,,3.25,0.2,0.27,3.05,4.55E-07,4.45E-08,,,3.38E-07,1.10E-08,1.04E-04,1.75E-06,3.59E-04,1.13E-06,,,1.90E-04,1.37E-06,1.45E-05,1.64E-07,,,8.04E-09,1.04E-09,2.07E-05,1.99E-07,1.47E-03,6.51E-06,7.13E-05,8.25E-07,2.78E-08,4.38E-09,2.50E-08,1.27E-09,1.32E-09,1.34E-10,9.49E-09,1.53E-09,4.83E-07,5.79E-09,2.60E-09,2.52E-10,2.37E-06,2.10E-08,,,2.09E-08,9.06E-10,,,,,,,,,,,1.46E-06,1.68E-08,2.98E-10,2.02E-11,,,,,2.32E-10,3.55E-11,1.58E-05,2.33E-06,2.62E-08,7.37E-10
MCP1-1D,8/15/17,8.07,,,-78,74.813,0.813,3.4,0.19,0.26,3.21,5.65E-07,4.88E-08,,,5.78E-07,2.92E-08,1.13E-04,1.17E-06,3.76E-04,5.03E-06,,,1.93E-04,2.68E-06,1.47E-05,2.63E-07,,,,,2.08E-05,3.10E-07,1.51E-03,2.37E-05,7.23E-05,1.16E-06,2.37E-08,5.84E-09,2.23E-08,1.32E-09,1.06E-09,2.20E-10,6.26E-09,7.08E-10,2.77E-07,1.13E-08,2.66E-09,1.38E-10,2.49E-06,2.08E-08,,,1.79E-08,7.83E-10,1.06E-09,3.02E-10,,,,,,,,,1.51E-06,9.93E-09,3.06E-10,3.77E-11,,,,,2.20E-10,2.20E-11,1.44E-05,2.53E-06,2.85E-08,1.49E-09
MCP1-1D,8/18/17,7.84,,,-49,83.802,,3.42,0.18,0.25,3.24,5.44E-07,6.82E-08,,,5.42E-07,2.00E-08,1.13E-04,1.14E-06,3.84E-04,6.31E-06,,,1.93E-04,1.11E-06,1.49E-05,2.64E-07,,,,,2.11E-05,2.26E-07,1.55E-03,2.20E-05,7.45E-05,9.64E-07,2.46E-08,8.42E-09,2.33E-08,1.38E-09,1.02E-09,1.44E-10,2.59E-09,6.29E-10,2.87E-07,5.81E-09,2.82E-09,1.75E-10,2.53E-06,4.58E-08,,,1.82E-08,8.00E-10,,,,,,,,,,,1.53E-06,8.12E-09,3.08E-10,5.69E-11,,,,,2.26E-10,2.00E-11,1.55E-05,2.56E-06,2.89E-08,1.14E-09
MCP1-1D,8/22/17,7.9,,,6,77.499,28.127,3.49,0.18,0.25,3.31,5.56E-07,4.54E-08,,,5.36E-07,2.51E-08,1.16E-04,1.40E-06,3.95E-04,2.77E-06,1.42E-07,5.06E-08,2.01E-04,2.40E-06,1.49E-05,2.31E-07,,,,,2.14E-05,3.48E-07,1.55E-03,1.87E-05,7.47E-05,4.17E-07,2.24E-08,6.21E-09,2.30E-08,1.29E-09,1.11E-09,2.65E-10,4.19E-09,7.44E-10,3.25E-07,1.04E-08,2.75E-09,1.68E-10,2.57E-06,4.89E-08,,,1.73E-08,1.06E-09,,,,,,,,,,,1.54E-06,1.56E-08,3.14E-10,5.48E-11,5.60E-10,8.88E-11,,,2.26E-10,4.85E-11,1.51E-05,2.78E-06,2.92E-08,8.96E-10
MCP1-1D,8/24/17,7.94,,,-1,76.818,28.471,3.43,0.18,0.24,3.25,5.33E-07,6.75E-08,,,5.33E-07,2.91E-08,1.17E-04,1.52E-06,3.98E-04,7.47E-06,2.12E-07,4.07E-08,2.02E-04,2.69E-06,1.49E-05,2.71E-07,,,2.61E-09,2.22E-10,2.15E-05,3.17E-07,1.57E-03,2.66E-05,7.52E-05,1.52E-06,2.21E-08,7.49E-09,2.93E-08,1.34E-09,1.33E-09,1.66E-10,5.51E-09,9.44E-10,3.54E-07,1.47E-08,2.80E-09,3.53E-10,2.56E-06,3.39E-08,,,1.74E-08,7.43E-10,,,,,,,,,,,1.56E-06,2.43E-08,3.15E-10,2.66E-11,,,,,2.25E-10,2.98E-11,1.53E-05,2.57E-06,3.09E-08,1.76E-09
MCP1-1D,8/30/17,8.01,,,,74.311,,3.48,0.17,0.24,3.31,5.65E-07,6.40E-08,,,5.24E-07,3.27E-08,1.17E-04,2.91E-06,4.07E-04,3.94E-06,,,2.03E-04,3.02E-06,1.53E-05,2.85E-07,,,1.70E-08,1.49E-10,2.16E-05,3.08E-07,1.60E-03,2.76E-05,7.51E-05,8.01E-07,2.56E-08,7.43E-09,2.44E-08,1.47E-09,1.53E-09,1.79E-10,7.76E-09,1.08E-09,2.63E-07,1.13E-08,2.81E-09,2.47E-10,2.60E-06,6.22E-08,,,1.76E-08,1.58E-09,,,,,,,,,,,1.57E-06,1.51E-08,3.55E-10,3.22E-11,,,,,2.05E-10,3.70E-11,1.54E-05,2.90E-06,3.16E-08,1.08E-09
MCP1-1D,9/1/17,7.35,13.1,856,-110,72.055,9.157,3.61,0.17,0.24,3.44,5.58E-07,5.90E-08,,,5.22E-07,2.46E-08,1.19E-04,1.18E-06,4.12E-04,9.64E-06,1.80E-07,3.49E-08,2.06E-04,8.11E-07,1.57E-05,3.27E-07,,,,,2.15E-05,3.81E-07,1.62E-03,1.75E-05,6.78E-05,8.69E-07,3.03E-08,2.60E-09,2.82E-08,1.34E-09,1.28E-09,2.57E-10,5.52E-09,5.83E-10,2.12E-07,7.62E-09,3.18E-09,1.27E-10,2.63E-06,1.32E-08,,,1.75E-08,8.84E-10,,,,,,,,,2.91E-11,1.46E-11,1.64E-06,6.89E-09,3.54E-10,3.81E-11,5.17E-10,9.79E-11,,,2.27E-10,2.82E-11,1.58E-05,2.79E-06,2.91E-08,1.31E-09
MCP1-1D,9/12/17,7.27,14.8,417,-105,69.083,1.063,3.6,0.17,0.24,3.42,5.77E-07,7.34E-08,,,5.31E-07,2.06E-08,1.17E-04,1.82E-06,4.14E-04,9.68E-06,,,2.06E-04,2.97E-06,1.57E-05,3.63E-07,,,,,2.15E-05,2.28E-07,1.63E-03,8.73E-06,7.46E-05,5.61E-07,2.21E-08,2.99E-09,2.53E-08,2.10E-09,1.15E-09,2.99E-10,3.36E-09,4.46E-10,2.74E-07,1.45E-08,2.90E-09,8.00E-11,2.61E-06,3.81E-08,,,1.75E-08,6.74E-10,,,,,,,,,,,1.58E-06,9.16E-09,3.51E-10,5.82E-11,,,,,2.42E-10,1.87E-11,1.58E-05,3.12E-06,3.01E-08,1.04E-09
MCP1-1D,9/14/17,7.36,11.8,714,-105,73.47,,3.55,0.17,0.24,3.38,5.76E-07,5.18E-08,,,5.27E-07,2.33E-08,1.19E-04,1.36E-06,4.21E-04,6.55E-06,4.56E-07,4.66E-08,2.08E-04,1.81E-06,1.58E-05,2.40E-07,,,,,2.19E-05,2.42E-07,1.67E-03,1.50E-05,7.57E-05,8.79E-07,2.02E-08,1.72E-09,2.42E-08,8.20E-10,1.19E-09,2.61E-10,6.31E-07,1.31E-08,6.15E-07,6.70E-09,2.67E-09,1.64E-10,2.63E-06,3.69E-08,,,1.79E-08,6.09E-10,,,,,,,,,,,1.59E-06,1.24E-08,3.77E-10,3.13E-11,,,,,2.29E-10,2.01E-11,1.60E-05,3.23E-06,3.13E-08,1.44E-09
MCP1-1D,9/19/17,7.34,11.1,410,-61,74.455,,3.6,0.17,0.23,3.43,5.55E-07,6.52E-08,,,5.35E-07,1.62E-08,1.22E-04,2.49E-06,4.23E-04,6.27E-06,,,2.06E-04,2.25E-06,1.36E-05,4.84E-07,,,,,2.12E-05,3.42E-07,1.58E-03,3.17E-05,7.35E-05,9.15E-07,1.76E-08,4.09E-09,2.55E-08,2.19E-09,1.26E-09,2.20E-10,,,3.15E-07,5.25E-09,2.64E-09,2.37E-10,2.64E-06,3.74E-08,,,1.76E-08,7.71E-10,,,,,,,,,,,1.59E-06,8.13E-09,3.19E-10,2.64E-11,,,,,2.17E-10,2.44E-11,1.63E-05,3.19E-06,3.21E-08,1.27E-09
MCP1-1D,9/21/17,7.3,13.9,400,-53,67.776,,3.62,0.17,0.23,3.46,5.82E-07,6.68E-08,,,5.33E-07,3.26E-08,1.25E-04,2.37E-06,4.33E-04,5.78E-06,1.14E-07,2.64E-08,2.12E-04,2.46E-06,1.56E-05,3.38E-07,,,,,2.19E-05,3.68E-07,1.70E-03,1.92E-05,7.66E-05,1.19E-06,2.49E-08,3.83E-09,2.65E-08,2.80E-09,1.15E-09,2.06E-10,1.32E-08,1.05E-09,3.58E-07,6.39E-09,2.61E-09,9.70E-11,2.65E-06,2.18E-08,,,1.77E-08,7.32E-10,,,,,,,,,,,1.58E-06,1.54E-08,3.28E-10,6.00E-11,,,,,2.34E-10,3.36E-11,1.64E-05,3.11E-06,3.24E-08,7.14E-10
MCP1-1D,10/3/17,,,,,,,3.72,0.17,0.24,3.55,8.18E-07,6.86E-08,,,1.68E-05,2.56E-07,1.51E-04,3.48E-06,4.35E-04,6.10E-06,7.39E-06,7.18E-08,2.28E-04,1.94E-06,1.67E-05,3.04E-07,,,4.07E-09,2.05E-10,2.17E-05,3.62E-07,1.71E-03,3.27E-05,7.56E-05,1.26E-06,2.43E-08,2.92E-09,2.46E-08,2.74E-09,1.45E-09,2.15E-10,2.79E-09,5.35E-10,1.26E-07,5.24E-09,1.48E-08,6.12E-10,2.65E-06,3.70E-08,1.01E-08,3.00E-10,1.70E-08,5.58E-10,,,,,,,,,4.47E-09,9.71E-11,2.32E-06,2.26E-08,5.49E-10,7.86E-11,1.84E-09,1.28E-10,,,2.92E-10,3.19E-11,1.66E-05,3.32E-06,2.77E-07,4.86E-09
MCP1-2D,6/7/17,7.4,14.1,350,-128,142.356,,3.7,0.36,0.47,3.34,3.45E-07,1.30E-08,,,5.46E-07,1.53E-08,1.80E-04,3.11E-06,3.03E-04,3.70E-06,1.74E-07,8.90E-08,1.50E-04,1.22E-06,1.92E-05,4.09E-07,3.82E-09,1.40E-10,5.12E-09,5.35E-10,2.57E-05,3.11E-07,1.20E-03,6.81E-06,1.35E-04,1.07E-06,2.47E-08,2.03E-09,2.46E-08,1.05E-09,2.28E-09,2.06E-10,3.87E-09,4.35E-10,2.31E-06,1.23E-08,6.32E-09,2.03E-10,2.03E-06,1.40E-08,9.45E-10,1.71E-10,1.41E-08,3.82E-10,,,,,,,,,4.66E-11,1.46E-11,1.35E-06,1.27E-08,3.05E-10,2.40E-11,2.02E-10,4.44E-11,,,9.78E-11,2.97E-11,7.62E-06,4.26E-07,5.77E-09,2.49E-10
MCP1-2D,6/14/17,7.43,11.1,287,-108,133.761,,3.86,0.36,0.48,3.5,3.39E-07,3.23E-08,,,3.61E-07,3.48E-09,1.79E-04,3.42E-06,3.20E-04,4.13E-06,1.25E-07,1.28E-08,1.51E-04,7.94E-07,1.91E-05,2.78E-07,3.84E-09,2.00E-10,7.51E-09,1.93E-10,2.67E-05,3.20E-07,1.25E-03,6.47E-06,1.44E-04,1.37E-06,2.85E-08,1.72E-09,2.68E-08,1.22E-09,1.61E-09,7.87E-11,3.63E-09,5.04E-10,2.69E-06,1.90E-08,6.55E-09,2.30E-10,2.19E-06,2.54E-08,8.11E-10,7.53E-11,1.43E-08,4.78E-10,,,,,,,,,4.64E-11,1.15E-11,1.46E-06,1.32E-08,3.38E-10,3.52E-11,,,4.69E-11,9.45E-12,2.36E-10,1.75E-11,5.03E-06,3.72E-07,5.91E-09,5.52E-10
MCP1-2D,6/19/17,7.45,11.3,311,-96,154.89,0.938,4.04,0.36,0.47,3.69,3.53E-07,3.43E-08,,,3.81E-07,1.60E-08,1.80E-04,1.98E-06,3.26E-04,3.43E-06,6.32E-08,1.12E-08,1.53E-04,1.07E-06,1.94E-05,2.83E-07,3.71E-09,1.44E-10,5.98E-09,2.14E-09,2.72E-05,4.06E-07,1.27E-03,8.76E-06,1.43E-04,6.83E-07,2.78E-08,1.18E-09,2.56E-08,5.44E-10,1.83E-09,8.92E-11,3.89E-09,3.00E-10,2.47E-06,1.08E-08,6.44E-09,1.84E-10,2.22E-06,1.01E-08,7.29E-10,6.91E-11,1.40E-08,3.97E-10,,,,,,,,,3.82E-11,1.01E-11,1.52E-06,2.44E-08,3.77E-10,1.96E-11,,,4.64E-11,3.36E-12,2.37E-10,1.76E-11,5.20E-06,4.80E-07,5.90E-09,7.85E-10
MCP1-2D,6/22/17,6.88,11.8,456,-77,132.686,,3.98,0.36,0.48,3.61,3.64E-07,2.77E-08,,,3.90E-07,9.15E-09,1.87E-04,2.52E-06,3.37E-04,4.35E-06,3.99E-07,1.45E-08,1.55E-04,1.36E-06,2.07E-05,3.06E-07,4.21E-09,2.00E-10,1.91E-09,1.66E-10,2.76E-05,4.40E-07,1.32E-03,7.21E-06,1.53E-04,8.73E-07,3.18E-08,2.17E-09,2.80E-08,2.28E-09,2.06E-09,9.88E-11,1.68E-08,1.52E-09,2.81E-06,2.23E-08,6.81E-09,2.49E-10,2.30E-06,9.08E-09,8.55E-10,3.54E-11,1.35E-08,7.11E-10,,,,,,,,,6.28E-11,9.05E-12,1.55E-06,1.20E-08,4.01E-10,3.15E-11,2.75E-10,2.57E-11,5.83E-11,7.82E-12,2.53E-10,2.21E-11,5.33E-06,3.50E-07,6.06E-09,3.33E-10
MCP1-2D,6/23/17,7.12,13.2,546,-71,132.239,,4.24,0.38,0.5,3.87,3.40E-07,2.98E-08,,,3.98E-07,2.27E-08,1.87E-04,1.57E-06,3.41E-04,3.67E-06,1.02E-07,1.32E-08,1.59E-04,3.65E-06,1.99E-05,2.41E-07,3.91E-09,1.22E-10,2.73E-09,1.32E-09,2.78E-05,3.05E-07,1.33E-03,1.01E-05,1.51E-04,1.70E-06,2.73E-08,2.32E-09,2.56E-08,1.57E-09,1.67E-09,9.48E-11,1.23E-08,4.37E-10,2.88E-06,1.69E-08,6.86E-09,3.18E-10,2.32E-06,2.97E-08,9.27E-10,6.07E-11,1.41E-08,4.82E-10,,,,,1.22E-09,6.89E-11,,,3.95E-11,1.03E-11,1.56E-06,6.79E-09,3.64E-10,3.57E-11,,,4.05E-11,4.28E-12,2.49E-10,1.41E-11,5.29E-06,3.81E-07,6.33E-09,8.26E-10
MCP1-2D,6/26/17,7.48,12,335,-83,148.175,,4.34,0.37,0.49,3.97,3.41E-07,2.33E-08,,,3.92E-07,1.68E-08,1.90E-04,3.32E-06,3.41E-04,2.29E-06,4.10E-08,1.25E-08,1.58E-04,1.69E-06,1.97E-05,2.58E-07,3.95E-09,1.40E-10,1.48E-09,1.18E-10,2.76E-05,3.88E-07,1.33E-03,8.53E-06,1.56E-04,1.37E-06,2.70E-08,2.20E-09,2.78E-08,2.96E-10,2.14E-09,1.02E-10,6.71E-09,4.68E-10,3.64E-06,3.05E-08,6.65E-09,2.15E-10,2.34E-06,2.97E-08,7.76E-10,3.88E-11,1.41E-08,3.49E-10,,,,,,,,,4.51E-11,1.00E-11,1.55E-06,1.73E-08,4.00E-10,1.42E-11,,,3.40E-11,2.63E-12,2.71E-10,1.16E-11,4.90E-06,2.37E-07,6.32E-09,4.98E-10
MCP1-2D,6/28/17,7.74,11.7,378,-70,158.561,,4.37,0.35,0.48,4.01,3.51E-07,3.43E-08,,,3.95E-07,1.48E-08,1.93E-04,2.24E-06,3.47E-04,4.42E-06,3.00E-07,1.23E-08,1.58E-04,1.12E-06,2.01E-05,2.95E-07,4.00E-09,1.38E-10,8.53E-09,2.40E-10,2.80E-05,4.79E-07,1.35E-03,4.06E-06,1.58E-04,1.38E-06,3.55E-08,1.11E-09,6.74E-08,2.59E-09,2.80E-09,1.79E-10,1.92E-08,5.84E-10,3.68E-06,3.64E-08,6.91E-09,9.76E-11,2.35E-06,1.84E-08,6.53E-10,5.33E-11,2.76E-08,3.80E-10,,,,,,,,,3.83E-11,1.19E-11,1.60E-06,1.39E-08,3.88E-10,3.25E-11,1.95E-10,3.22E-11,3.54E-11,3.51E-12,2.63E-10,1.80E-11,4.99E-06,2.49E-07,5.77E-09,5.81E-10
MCP1-2D,6/30/17,7.59,15,346,-70,135.551,,4.38,0.36,0.49,4.02,3.54E-07,2.32E-08,,,3.95E-07,2.06E-08,1.97E-04,1.71E-06,3.49E-04,9.46E-07,6.87E-08,1.09E-08,1.58E-04,9.82E-07,2.01E-05,2.21E-07,3.89E-09,1.56E-10,2.18E-09,1.36E-10,2.77E-05,3.05E-07,1.35E-03,7.88E-06,1.61E-04,7.07E-07,2.60E-08,1.61E-09,2.69E-08,1.42E-09,1.67E-09,1.22E-10,7.86E-09,2.93E-10,4.20E-06,2.39E-08,6.90E-09,3.67E-10,2.36E-06,8.49E-09,1.86E-09,1.04E-10,1.37E-08,3.44E-10,,,,,,,,,3.79E-11,1.34E-11,1.58E-06,2.25E-08,3.75E-10,1.63E-11,,,3.64E-11,6.41E-12,2.65E-10,1.89E-11,4.82E-06,2.20E-07,5.56E-09,2.91E-10
MCP1-2D,7/3/17,7.63,10.1,338,-50,145.042,,4.38,0.38,0.51,4,3.51E-07,2.71E-08,,,3.80E-07,7.18E-09,1.96E-04,2.02E-06,3.42E-04,9.10E-07,1.40E-07,1.20E-08,1.57E-04,1.63E-06,2.01E-05,3.71E-07,3.95E-09,1.27E-10,1.52E-09,2.24E-10,2.80E-05,4.41E-07,1.32E-03,5.75E-06,1.56E-04,1.64E-06,3.03E-08,6.12E-09,2.60E-08,1.16E-09,1.60E-09,1.09E-10,1.10E-08,3.64E-10,4.20E-06,1.23E-08,7.19E-09,2.04E-10,2.30E-06,1.37E-08,7.91E-10,7.09E-11,1.36E-08,6.17E-10,,,,,,,,,4.37E-11,9.56E-12,1.58E-06,1.86E-08,3.71E-10,2.28E-11,1.72E-10,2.64E-11,3.80E-11,3.05E-12,2.51E-10,1.95E-11,4.71E-06,2.26E-07,6.24E-09,7.13E-10
MCP1-2D,7/6/17,7.41,10.6,221,5,,0.844,4.13,0.34,0.46,3.79,3.49E-07,2.46E-08,,,3.78E-07,8.69E-09,1.95E-04,1.88E-06,3.36E-04,3.00E-06,3.25E-08,1.17E-08,1.56E-04,4.46E-07,2.06E-05,3.54E-07,3.81E-09,7.83E-11,1.16E-08,1.90E-10,2.76E-05,4.09E-07,1.30E-03,7.75E-06,1.51E-04,7.42E-07,2.52E-08,1.94E-09,2.62E-08,1.53E-09,1.64E-09,1.35E-10,8.86E-09,7.88E-10,3.39E-06,2.43E-08,7.07E-09,3.12E-10,2.26E-06,2.27E-08,9.22E-10,2.91E-10,1.40E-08,4.09E-10,,,,,,,,,3.97E-11,1.44E-11,1.56E-06,1.67E-08,3.68E-10,1.61E-11,1.90E-08,3.03E-10,,,2.46E-10,1.91E-11,4.74E-06,2.47E-07,5.28E-09,3.28E-10
MCP1-2D,7/7/17,7.62,11.1,291,-41,,,4.23,0.34,0.47,3.89,3.48E-07,2.18E-08,,,3.76E-07,1.32E-08,1.95E-04,1.76E-06,3.36E-04,2.36E-06,1.76E-06,4.26E-08,1.55E-04,7.22E-07,2.13E-05,3.34E-07,6.10E-09,1.41E-10,3.72E-09,1.96E-10,2.76E-05,3.25E-07,1.29E-03,4.17E-06,1.54E-04,1.37E-06,4.64E-08,6.77E-09,2.79E-08,1.90E-09,3.14E-09,1.17E-10,6.36E-09,3.33E-10,3.82E-06,1.84E-08,8.39E-09,1.11E-10,2.27E-06,2.61E-08,7.89E-10,9.50E-11,1.37E-08,4.64E-10,,,,,,,,,1.68E-10,1.62E-11,1.54E-06,2.13E-08,4.31E-10,2.90E-11,1.16E-09,5.79E-11,1.12E-10,9.03E-12,2.65E-10,2.82E-11,5.00E-06,2.41E-07,6.74E-09,7.65E-10
MCP1-2D,7/11/17,7.73,12.3,291,-51,,,4.11,0.32,0.44,3.78,3.56E-07,2.17E-08,,,4.07E-07,7.73E-09,1.92E-04,1.90E-06,3.24E-04,2.29E-06,4.23E-08,1.16E-08,1.61E-04,1.56E-06,2.12E-05,2.53E-07,3.80E-09,7.62E-11,1.61E-09,8.48E-11,2.66E-05,3.80E-07,1.26E-03,1.10E-05,1.48E-04,1.47E-06,2.58E-08,1.12E-09,2.58E-08,7.92E-10,1.47E-09,9.61E-11,1.04E-08,6.80E-10,3.90E-06,2.53E-08,7.53E-09,2.34E-10,2.24E-06,1.07E-08,1.02E-09,7.01E-11,1.40E-08,3.85E-10,,,,,,,,,4.32E-11,1.12E-11,1.50E-06,9.24E-09,3.81E-10,2.04E-11,,,8.53E-11,8.67E-12,2.33E-10,1.52E-11,4.85E-06,2.02E-07,5.85E-09,3.00E-10
MCP1-2D,7/13/17,7.7,10,287,-61,130.269,55.628,4.14,0.32,0.46,3.82,3.35E-07,2.46E-08,,,3.87E-07,9.75E-09,1.93E-04,4.09E-06,3.25E-04,3.16E-06,3.97E-08,1.48E-08,1.65E-04,1.97E-06,1.96E-05,2.20E-07,3.84E-09,1.71E-10,1.91E-09,1.37E-10,2.63E-05,2.34E-07,1.26E-03,6.01E-06,1.82E-04,7.99E-05,2.60E-08,2.12E-09,2.49E-08,1.26E-09,1.61E-09,1.20E-10,3.82E-09,3.88E-10,4.68E-06,3.21E-08,7.16E-09,2.33E-10,2.23E-06,2.34E-08,9.67E-10,1.06E-10,1.45E-08,6.27E-10,,,,,,,,,4.10E-11,9.48E-12,1.51E-06,1.32E-08,3.55E-10,7.04E-11,,,5.43E-11,7.46E-12,2.36E-10,1.57E-11,4.73E-06,2.55E-07,5.91E-09,2.29E-10
MCP1-2D,7/17/17,7.77,22.3,238,-35,128.12,1.031,4.14,0.32,0.44,3.82,3.34E-07,3.02E-08,,,3.84E-07,7.20E-09,1.93E-04,1.62E-06,3.23E-04,1.78E-06,,,1.65E-04,1.39E-06,2.07E-05,2.95E-07,3.85E-09,1.47E-10,1.94E-09,2.50E-10,2.60E-05,3.35E-07,1.25E-03,7.14E-06,1.49E-04,4.76E-07,2.40E-08,1.57E-09,2.34E-08,1.43E-09,1.57E-09,1.34E-10,3.96E-09,2.02E-10,5.82E-06,3.26E-08,7.27E-09,1.44E-10,2.21E-06,9.98E-09,9.09E-10,7.45E-11,1.42E-08,5.51E-10,,,,,,,,,4.12E-11,1.07E-11,1.49E-06,1.19E-08,3.81E-10,3.80E-11,,,3.72E-11,7.16E-12,2.24E-10,2.32E-11,4.81E-06,2.47E-07,5.79E-09,7.91E-10
MCP1-2D,7/19/17,7.64,11.4,329,-2,146.027,9.282,4.14,0.32,0.44,3.82,3.35E-07,2.63E-08,,,4.20E-07,1.14E-08,1.93E-04,2.67E-06,3.23E-04,3.37E-06,,,1.64E-04,9.33E-07,1.94E-05,2.61E-07,3.81E-09,1.57E-10,1.47E-09,1.42E-10,2.62E-05,2.73E-07,1.26E-03,9.62E-06,1.48E-04,2.31E-06,2.44E-08,1.31E-09,2.39E-08,8.54E-10,1.52E-09,7.74E-11,7.68E-09,3.19E-10,5.08E-06,3.09E-08,6.96E-09,1.96E-10,2.20E-06,2.65E-08,8.84E-10,5.69E-11,1.44E-08,3.74E-10,,,,,,,,,4.21E-11,8.03E-12,1.51E-06,1.53E-08,3.60E-10,2.07E-11,,,4.02E-11,5.08E-12,2.29E-10,1.80E-11,4.86E-06,2.83E-07,5.58E-09,2.76E-10
MCP1-2D,7/20/17,7.74,13.9,231,32,148.981,25.345,4.14,0.32,0.44,3.82,3.32E-07,2.80E-08,,,4.19E-07,4.91E-09,1.93E-04,1.01E-06,3.20E-04,2.54E-06,1.33E-07,3.06E-08,1.62E-04,1.45E-06,2.00E-05,2.65E-07,4.05E-09,1.31E-10,4.09E-09,1.04E-09,2.63E-05,3.65E-07,1.26E-03,8.12E-06,1.50E-04,1.26E-06,2.65E-08,2.58E-09,2.49E-08,9.72E-10,1.63E-09,9.29E-11,1.32E-08,3.62E-10,4.89E-06,3.54E-08,7.07E-09,1.65E-10,2.21E-06,1.39E-08,8.51E-10,4.47E-11,1.48E-08,3.18E-10,,,,,,,,,4.52E-11,1.50E-11,1.49E-06,5.61E-09,3.39E-10,1.43E-11,1.77E-10,2.53E-11,3.78E-11,6.67E-12,2.39E-10,1.55E-11,4.78E-06,3.00E-07,5.81E-09,2.93E-10
MCP1-2D,7/24/17,7.79,12.3,353,-57,140.565,,3.65,0.3,0.43,3.35,3.50E-07,5.57E-08,,,4.89E-07,2.39E-08,1.75E-04,1.90E-06,3.32E-04,2.89E-06,,,1.86E-04,1.67E-06,1.68E-05,2.27E-07,3.53E-09,1.09E-10,,,2.73E-05,2.40E-07,1.33E-03,8.80E-06,1.52E-04,8.56E-07,2.87E-08,3.31E-09,2.20E-08,1.87E-09,1.24E-09,1.14E-10,7.78E-09,1.31E-09,4.81E-06,2.80E-08,7.27E-09,3.27E-10,2.24E-06,1.76E-08,,,1.38E-08,1.37E-09,,,,,,,,,4.57E-11,1.85E-11,1.53E-06,2.00E-08,3.23E-10,3.22E-11,,,,,2.04E-10,6.66E-11,7.44E-06,2.83E-07,8.10E-09,9.56E-10
MCP1-2D,7/26/17,7.48,13.4,283,-6,140.655,0.906,3.56,0.28,0.4,3.28,3.70E-07,5.37E-08,,,4.83E-07,1.80E-08,1.75E-04,1.86E-06,3.30E-04,4.02E-06,1.28E-07,5.33E-08,1.87E-04,2.25E-06,1.67E-05,2.03E-07,3.65E-09,1.36E-10,,,2.66E-05,2.53E-07,1.32E-03,1.61E-05,1.54E-04,9.78E-07,3.31E-08,3.01E-09,2.30E-08,1.77E-09,1.49E-09,1.19E-10,,,6.06E-06,4.82E-08,7.06E-09,2.52E-10,2.24E-06,2.09E-08,,,1.38E-08,6.52E-10,,,,,,,,,4.06E-11,1.52E-11,1.49E-06,6.70E-09,3.15E-10,5.34E-11,,,,,2.22E-10,4.27E-11,7.39E-06,2.35E-07,7.98E-09,7.73E-10
MCP1-2D,7/28/17,,,,,0,,,,,,,,,,,,,,,,,,,,,,,,,,,,,,,,,,,,,,,,,,,,,,,,,,,,,,,,,,,,,,,,,,,,,,,,,
MCP1-2D,7/31/17,7.62,12.3,210,-37,123.285,,3.62,0.29,0.41,3.33,3.56E-07,3.69E-08,,,6.15E-07,1.65E-08,1.76E-04,9.08E-07,3.33E-04,1.79E-06,1.80E-07,5.56E-08,1.87E-04,1.44E-06,3.80E-05,1.60E-06,3.87E-09,1.87E-10,,,2.65E-05,3.83E-07,1.33E-03,1.04E-05,1.54E-04,1.24E-06,3.12E-08,4.17E-09,2.25E-08,1.12E-09,1.63E-09,2.23E-10,1.06E-08,1.42E-09,6.41E-06,3.43E-08,8.16E-09,2.29E-10,2.26E-06,1.25E-08,,,1.30E-08,1.26E-09,,,,,,,,,8.08E-11,1.65E-11,1.52E-06,1.85E-08,3.21E-10,6.64E-11,,,,,2.59E-10,3.33E-11,7.83E-06,2.69E-07,8.33E-09,5.06E-10
MCP1-2D,8/2/17,8.01,,360,-79,114.959,,3.51,0.3,0.43,3.2,3.64E-07,6.71E-08,,,4.85E-07,1.80E-08,1.76E-04,1.04E-06,3.33E-04,3.03E-06,9.69E-08,6.15E-08,1.88E-04,1.07E-06,1.71E-05,1.93E-07,3.53E-09,2.03E-10,,,2.72E-05,2.24E-07,1.34E-03,7.72E-06,1.52E-04,1.23E-06,3.21E-08,3.87E-09,2.18E-08,1.24E-09,1.26E-09,1.77E-10,,,5.77E-06,1.21E-08,7.49E-09,1.56E-10,2.27E-06,2.02E-08,,,1.22E-08,6.26E-10,,,,,,,,,6.02E-11,2.38E-11,1.55E-06,2.39E-08,3.46E-10,4.48E-11,,,,,2.50E-10,4.01E-11,7.74E-06,1.94E-07,7.72E-09,7.28E-10
MCP1-2D,8/4/17,7.84,,,-59,141.998,,3.68,0.3,0.42,3.38,3.64E-07,9.25E-08,,,4.81E-07,2.53E-08,1.80E-04,3.42E-06,3.35E-04,4.46E-06,,,1.88E-04,2.10E-06,1.79E-05,2.19E-07,3.50E-09,2.97E-10,,,2.75E-05,2.23E-07,1.35E-03,7.17E-06,1.54E-04,1.11E-06,2.70E-08,2.91E-09,2.26E-08,8.03E-10,1.21E-09,2.07E-10,,,6.17E-06,2.75E-08,7.55E-09,2.63E-10,2.27E-06,8.04E-09,,,1.28E-08,1.24E-09,,,,,,,,,6.48E-11,2.16E-11,1.55E-06,6.18E-09,3.22E-10,4.96E-11,,,,,2.11E-10,3.83E-11,7.58E-06,2.09E-07,7.83E-09,8.98E-10
MCP1-2D,8/7/17,8.04,,,-52,132.597,,3.58,0.3,0.42,3.28,3.53E-07,5.67E-08,,,4.56E-07,1.31E-08,1.81E-04,1.02E-06,3.40E-04,2.62E-06,2.13E-07,5.85E-08,1.90E-04,1.67E-06,1.78E-05,1.28E-07,3.66E-09,1.80E-10,,,2.80E-05,3.46E-07,1.38E-03,1.02E-05,1.52E-04,9.78E-07,2.60E-08,2.54E-09,2.23E-08,1.27E-09,1.27E-09,1.78E-10,,,5.93E-06,5.29E-08,7.72E-09,2.25E-10,2.33E-06,2.67E-08,,,1.27E-08,7.63E-10,,,,,,,,,5.26E-11,1.57E-11,1.56E-06,2.02E-08,3.68E-10,5.72E-11,,,,,2.27E-10,2.60E-11,7.64E-06,2.12E-07,8.09E-09,7.84E-10
MCP1-2D,8/9/17,7.8,,,-52,30.047,,3.66,0.31,0.43,3.35,3.56E-07,6.58E-08,,,4.90E-07,1.13E-08,1.76E-04,4.04E-07,3.40E-04,2.66E-06,1.23E-07,5.71E-08,1.91E-04,1.72E-06,1.73E-05,1.36E-07,3.63E-09,2.34E-10,,,2.75E-05,2.15E-07,1.35E-03,9.75E-06,1.54E-04,1.49E-06,2.86E-08,2.98E-09,1.95E-08,9.91E-10,1.40E-09,2.32E-10,,,6.20E-06,5.25E-08,7.73E-09,1.62E-10,2.29E-06,2.26E-08,,,1.27E-08,7.24E-10,,,,,,,,,4.92E-11,2.06E-11,1.55E-06,1.73E-08,3.23E-10,2.02E-11,,,,,2.12E-10,2.46E-11,7.43E-06,2.51E-07,8.19E-09,7.24E-10
MCP1-2D,8/11/17,7.75,,,-41,138.595,,3.68,0.31,0.43,3.37,3.58E-07,4.83E-08,,,4.60E-07,1.29E-08,1.81E-04,3.05E-06,3.37E-04,3.81E-06,,,1.88E-04,1.80E-06,1.92E-05,1.40E-07,3.60E-09,1.26E-10,,,2.78E-05,1.94E-07,1.35E-03,1.17E-05,1.51E-04,1.26E-06,2.51E-08,2.98E-09,2.28E-08,9.41E-10,1.31E-09,2.17E-10,,,6.05E-06,2.51E-08,8.05E-09,1.76E-10,2.31E-06,2.33E-08,,,1.29E-08,8.07E-10,,,,,,,,,4.22E-11,1.34E-11,1.56E-06,1.70E-08,3.41E-10,4.18E-11,,,,,2.09E-10,2.52E-11,7.29E-06,1.72E-07,8.01E-09,1.49E-09
MCP1-2D,8/15/17,8.1,,,-100,136.984,0.781,3.9,0.27,0.4,3.63,4.06E-07,6.22E-08,,,6.77E-07,2.65E-08,2.17E-04,1.69E-06,3.66E-04,6.21E-06,1.38E-07,2.74E-08,1.97E-04,3.05E-06,1.87E-05,4.60E-07,3.62E-09,1.17E-10,,,2.76E-05,3.27E-07,1.42E-03,1.70E-05,1.54E-04,3.07E-06,2.09E-08,6.25E-09,2.38E-08,1.41E-09,1.30E-09,2.09E-10,1.64E-08,7.30E-10,6.34E-06,6.11E-08,7.88E-09,2.87E-10,2.31E-06,3.52E-08,1.15E-09,1.61E-10,1.56E-08,8.03E-10,,,,,,,,,4.58E-11,8.20E-12,1.57E-06,2.23E-08,3.72E-10,6.30E-11,,,,,1.85E-10,2.65E-11,6.59E-06,3.97E-07,6.74E-09,7.48E-10
MCP1-2D,8/18/17,8.13,,,-76,141.55,,3.94,0.28,0.41,3.66,3.74E-07,4.64E-08,,,6.72E-07,2.09E-08,2.17E-04,1.44E-06,3.72E-04,5.12E-06,1.45E-07,3.66E-08,1.99E-04,2.23E-06,1.91E-05,2.14E-07,3.92E-09,2.82E-10,8.71E-09,4.04E-10,2.74E-05,2.49E-07,1.43E-03,2.32E-05,1.56E-04,2.14E-06,1.87E-08,2.62E-09,2.20E-08,1.55E-09,1.31E-09,1.67E-10,,,6.19E-06,4.81E-08,7.62E-09,8.46E-11,2.34E-06,2.74E-08,7.91E-10,2.27E-10,1.55E-08,1.12E-09,,,,,,,,,4.83E-11,2.33E-11,1.56E-06,7.56E-09,3.30E-10,3.27E-11,,,,,1.89E-10,4.67E-11,6.59E-06,4.40E-07,6.78E-09,8.03E-10
MCP1-2D,8/22/17,7.85,,,6,163.127,,3.99,0.27,0.4,3.71,4.10E-07,5.68E-08,,,6.57E-07,2.36E-08,2.18E-04,5.57E-06,3.70E-04,6.31E-06,2.64E-07,2.98E-08,1.99E-04,2.62E-06,1.94E-05,3.19E-07,4.03E-09,9.71E-11,1.87E-09,1.93E-10,2.75E-05,2.79E-07,1.45E-03,1.98E-05,1.56E-04,1.84E-06,1.40E-08,2.19E-09,2.34E-08,1.18E-09,1.55E-09,2.44E-10,5.46E-09,6.64E-10,6.10E-06,8.07E-08,8.06E-09,3.94E-10,2.35E-06,5.15E-08,2.08E-09,2.22E-10,1.49E-08,5.66E-10,,,,,,,,,5.35E-11,2.17E-11,1.57E-06,1.46E-08,3.74E-10,8.53E-11,5.97E-09,1.62E-10,,,2.20E-10,2.59E-11,6.64E-06,3.60E-07,6.10E-09,9.30E-10
MCP1-2D,8/24/17,7.85,,,2,143.341,,3.97,0.27,0.4,3.7,4.25E-07,4.87E-08,,,6.65E-07,2.38E-08,2.19E-04,2.54E-06,3.73E-04,5.72E-06,3.05E-07,3.90E-08,1.99E-04,1.83E-06,1.90E-05,4.16E-07,3.87E-09,1.88E-10,1.59E-08,4.53E-10,2.79E-05,5.81E-07,1.46E-03,1.50E-05,1.55E-04,2.18E-06,1.23E-08,4.85E-09,2.20E-08,1.99E-09,1.65E-09,2.81E-10,5.46E-09,6.02E-10,6.38E-06,4.82E-08,7.68E-09,3.18E-10,2.34E-06,4.58E-08,6.04E-10,1.98E-10,1.52E-08,8.01E-10,,,,,,,,,4.31E-11,2.34E-11,1.56E-06,2.38E-08,4.09E-10,4.10E-11,,,,,1.96E-10,2.73E-11,6.73E-06,3.24E-07,6.28E-09,7.04E-10
MCP1-2D,8/30/17,7.74,,,,150.7,,3.97,0.27,0.39,3.7,3.80E-07,7.23E-08,,,6.56E-07,2.36E-08,2.21E-04,5.44E-06,3.75E-04,6.61E-06,3.04E-07,3.29E-08,2.00E-04,3.12E-06,1.91E-05,4.60E-07,3.60E-09,3.34E-10,,,2.81E-05,5.20E-07,1.47E-03,1.24E-05,1.58E-04,1.61E-06,1.27E-08,6.77E-09,2.55E-08,2.48E-09,1.21E-09,3.56E-10,3.62E-09,8.58E-10,6.63E-06,5.11E-08,7.71E-09,2.13E-10,2.32E-06,3.32E-08,6.62E-10,1.46E-10,1.53E-08,6.11E-10,,,,,,,,,3.87E-11,1.24E-11,1.58E-06,2.04E-08,3.50E-10,2.32E-11,,,,,2.30E-10,2.99E-11,6.61E-06,2.89E-07,6.66E-09,6.27E-10
MCP1-2D,9/1/17,7.41,11.8,769,-126,150.593,,3.91,0.27,0.39,3.64,4.35E-07,8.27E-08,,,6.36E-07,3.54E-08,2.21E-04,4.25E-06,3.81E-04,3.82E-06,2.62E-07,6.19E-08,2.02E-04,2.29E-06,1.92E-05,3.67E-07,3.49E-09,2.35E-10,6.94E-09,2.21E-10,2.87E-05,2.97E-07,1.46E-03,2.89E-05,1.51E-04,2.01E-06,,,2.37E-08,1.28E-09,1.37E-09,2.89E-10,,,4.35E-06,6.54E-08,7.92E-09,1.59E-10,2.37E-06,3.43E-08,,,1.58E-08,6.18E-10,,,,,,,,,4.08E-11,1.26E-11,1.58E-06,1.88E-08,3.31E-10,7.30E-11,,,,,2.15E-10,4.53E-11,6.35E-06,3.65E-07,5.92E-09,7.45E-10
MCP1-2D,9/12/17,7.32,13.9,388,-120,143.341,,4,0.25,0.38,3.75,4.04E-07,5.66E-08,,,6.51E-07,3.65E-08,2.17E-04,5.61E-06,3.70E-04,4.89E-06,,,2.00E-04,3.46E-06,1.99E-05,4.16E-07,3.35E-09,1.49E-10,2.19E-09,1.69E-10,2.87E-05,2.97E-07,1.45E-03,2.48E-05,1.51E-04,9.84E-07,,,2.22E-08,2.01E-09,1.12E-09,2.46E-10,2.79E-09,1.13E-09,4.66E-06,4.23E-08,7.88E-09,2.54E-10,2.32E-06,1.57E-08,4.66E-10,1.34E-10,1.51E-08,7.84E-10,,,,,,,,,3.90E-11,1.66E-11,1.59E-06,3.28E-08,3.30E-10,6.68E-11,,,,,1.98E-10,2.92E-11,6.98E-06,3.96E-07,6.44E-09,4.56E-10
MCP1-2D,9/14/17,7.34,11.7,452,-109,160.71,,3.87,0.25,0.37,3.62,3.94E-07,4.34E-08,,,6.40E-07,2.72E-08,2.19E-04,5.74E-06,3.72E-04,2.76E-06,4.15E-07,3.92E-08,1.99E-04,3.40E-06,1.91E-05,2.32E-07,3.51E-09,1.45E-10,2.98E-09,1.62E-10,2.78E-05,3.27E-07,1.45E-03,2.44E-05,1.56E-04,2.81E-06,,,2.15E-08,8.12E-10,1.05E-09,2.65E-10,3.93E-09,6.59E-10,6.57E-06,5.04E-08,7.77E-09,2.23E-10,2.31E-06,2.68E-08,,,1.62E-08,8.46E-10,,,,,,,,,3.74E-11,9.82E-12,1.54E-06,2.16E-08,3.37E-10,1.97E-11,,,,,2.15E-10,2.41E-11,6.67E-06,5.68E-07,6.45E-09,6.64E-10
MCP1-2D,9/19/17,7.31,12,359,-80,157.487,,3.97,0.25,0.38,3.72,3.82E-07,5.54E-08,,,6.42E-07,2.80E-08,2.20E-04,3.51E-06,3.74E-04,5.25E-06,2.93E-07,3.73E-08,1.99E-04,1.25E-06,1.88E-05,2.60E-07,3.26E-09,1.74E-10,1.79E-09,1.64E-10,2.74E-05,4.46E-07,1.47E-03,2.56E-05,1.55E-04,2.86E-06,,,2.25E-08,2.53E-09,1.27E-09,2.84E-10,3.99E-09,5.87E-10,6.96E-06,3.62E-08,7.74E-09,4.36E-10,2.35E-06,2.86E-08,,,1.56E-08,1.03E-09,,,,,,,,,3.93E-11,1.56E-11,1.54E-06,1.06E-08,3.19E-10,3.18E-11,,,,,1.85E-10,2.55E-11,6.56E-06,4.58E-07,6.15E-09,6.39E-10
MCP1-2D,9/21/17,7.4,13,354,-65,176.378,,3.92,0.26,0.38,3.66,3.96E-07,8.99E-08,,,6.40E-07,4.24E-08,2.20E-04,2.35E-06,3.72E-04,1.09E-05,1.49E-07,4.74E-08,1.99E-04,3.13E-06,1.87E-05,1.38E-07,3.55E-09,1.26E-10,,,2.76E-05,3.96E-07,1.46E-03,1.63E-05,1.54E-04,3.55E-06,,,2.38E-08,1.62E-09,1.12E-09,1.56E-10,3.49E-09,7.63E-10,6.67E-06,5.81E-08,7.53E-09,3.23E-10,2.29E-06,2.68E-08,,,1.57E-08,9.51E-10,,,,,,,,,4.32E-11,1.28E-11,1.54E-06,1.71E-08,3.99E-10,2.77E-11,,,,,2.03E-10,4.03E-11,6.49E-06,3.09E-07,6.24E-09,8.53E-10
MCP1-2D,10/3/17,,,,,,,4.06,0.25,0.39,3.8,3.94E-07,4.93E-08,,,6.35E-07,1.75E-08,2.27E-04,2.68E-06,3.95E-04,3.88E-06,2.63E-07,3.51E-08,1.99E-04,3.33E-06,1.90E-05,2.67E-07,3.52E-09,9.23E-11,7.69E-09,3.64E-10,2.82E-05,5.55E-07,1.54E-03,1.58E-05,1.67E-04,1.96E-06,,,2.29E-08,1.33E-09,1.40E-09,1.90E-10,5.88E-09,5.99E-10,9.15E-06,1.13E-07,7.78E-09,4.61E-10,2.41E-06,2.37E-08,,,1.50E-08,1.39E-09,,,,,,,,,4.91E-11,1.55E-11,1.61E-06,1.47E-08,3.77E-10,2.09E-11,,,,,2.25E-10,4.43E-11,7.06E-06,4.90E-07,6.62E-09,1.06E-09
MCP1-3D,6/7/17,7.54,13.4,931,-165,177.273,,4.07,0.21,0.36,3.85,4.22E-07,2.19E-08,,,3.66E-07,1.05E-08,1.89E-04,3.40E-06,3.78E-04,7.32E-06,,,1.68E-04,8.80E-07,1.66E-05,2.19E-07,3.80E-09,2.14E-10,,,3.10E-05,3.78E-07,1.48E-03,7.45E-06,1.83E-04,1.07E-06,4.31E-08,3.61E-09,2.45E-08,8.56E-10,1.81E-09,1.63E-10,6.35E-09,7.37E-10,6.85E-07,8.90E-09,5.57E-09,1.52E-10,2.43E-06,2.34E-08,7.99E-10,9.65E-11,1.27E-08,6.06E-10,6.71E-10,8.04E-11,,,,,,,,,1.75E-06,1.19E-08,3.94E-10,5.43E-11,1.67E-10,6.09E-11,,,1.34E-10,2.33E-11,1.14E-05,1.41E-06,9.68E-09,5.35E-10
MCP1-3D,6/14/17,7.33,11.1,326,-89,185.779,,3.94,0.21,0.36,3.72,4.26E-07,1.62E-08,,,4.54E-07,1.44E-08,1.87E-04,3.20E-06,3.69E-04,2.54E-06,,,1.54E-04,9.20E-07,1.63E-05,2.42E-07,4.06E-09,1.10E-10,1.19E-08,9.84E-10,3.08E-05,3.55E-07,1.47E-03,1.07E-05,1.82E-04,1.61E-06,2.62E-08,2.58E-09,1.97E-08,4.73E-09,1.82E-09,1.26E-10,4.58E-09,6.58E-10,6.75E-07,6.26E-09,5.75E-09,1.52E-10,2.77E-06,2.75E-08,,,1.41E-08,3.65E-10,,,,,,,,,,,1.73E-06,2.25E-08,4.32E-10,4.69E-11,,,,,2.30E-10,1.09E-11,8.73E-06,1.09E-06,8.18E-09,2.42E-10
MCP1-3D,6/19/17,7.46,12.2,362,-106,172.188,,4.2,0.21,0.36,3.99,4.39E-07,1.85E-08,,,4.79E-07,1.30E-08,1.89E-04,1.95E-06,3.75E-04,3.75E-06,,,1.54E-04,1.06E-06,1.63E-05,2.90E-07,3.57E-09,1.23E-10,4.34E-10,9.26E-10,3.05E-05,4.53E-07,1.47E-03,6.11E-06,1.84E-04,4.96E-07,2.54E-08,1.55E-09,1.98E-08,4.66E-09,1.67E-09,1.03E-10,6.15E-09,6.13E-10,7.34E-07,9.63E-09,5.84E-09,1.57E-10,2.77E-06,1.55E-08,,,1.38E-08,6.87E-10,,,,,,,,,,,1.77E-06,1.53E-08,4.42E-10,2.89E-11,,,,,2.38E-10,2.48E-11,8.73E-06,1.27E-06,9.27E-09,8.35E-10
MCP1-3D,6/22/17,6.93,9.4,562,-73,183.182,2.781,4.03,0.22,0.37,3.81,4.29E-07,2.78E-08,,,6.30E-07,7.83E-09,1.89E-04,2.45E-06,3.73E-04,2.33E-06,,,1.56E-04,7.84E-07,1.69E-05,1.33E-07,3.71E-09,1.17E-10,2.24E-09,1.10E-09,3.10E-05,4.31E-07,1.48E-03,1.66E-05,1.87E-04,1.07E-06,2.21E-08,2.39E-09,1.99E-08,4.55E-09,1.63E-09,9.33E-11,2.04E-08,4.89E-10,1.39E-06,1.70E-08,5.92E-09,1.57E-10,2.75E-06,2.28E-08,,,1.36E-08,3.84E-10,,,,,,,,,,,1.75E-06,1.86E-08,4.04E-10,3.41E-11,1.72E-10,4.24E-11,,,2.17E-10,1.33E-11,8.84E-06,1.20E-06,1.02E-08,3.59E-10
MCP1-3D,6/23/17,7.35,11.8,465,-81,134.656,,4.24,0.23,0.38,4.01,4.30E-07,2.96E-08,,,5.48E-07,1.41E-08,1.92E-04,1.05E-06,3.74E-04,4.05E-06,,,1.57E-04,1.10E-06,1.67E-05,2.12E-07,3.76E-09,1.24E-10,8.45E-10,9.13E-10,3.11E-05,4.28E-07,1.49E-03,1.18E-05,1.88E-04,1.62E-06,2.59E-08,1.69E-09,1.93E-08,4.47E-09,1.51E-09,1.30E-10,1.18E-08,4.94E-10,8.74E-07,1.09E-08,5.85E-09,1.56E-10,2.78E-06,2.35E-08,,,1.35E-08,7.25E-10,,,,,,,,,,,1.76E-06,1.15E-08,4.27E-10,4.44E-11,2.26E-10,1.97E-11,,,2.22E-10,2.07E-11,8.43E-06,1.38E-06,9.29E-09,4.42E-10
MCP1-3D,6/26/17,7.45,11.2,334,-73,189.36,,4.3,0.22,0.37,4.08,4.36E-07,1.57E-08,,,4.59E-07,8.89E-09,1.90E-04,2.90E-06,3.75E-04,5.13E-06,,,1.57E-04,8.68E-07,1.65E-05,1.87E-07,3.78E-09,1.50E-10,1.15E-08,1.19E-09,3.11E-05,3.36E-07,1.48E-03,1.05E-05,1.90E-04,2.19E-06,2.41E-08,3.08E-09,1.93E-08,4.70E-09,1.48E-09,1.31E-10,5.32E-09,2.60E-10,7.41E-07,4.64E-09,5.80E-09,2.20E-10,2.75E-06,4.87E-08,,,1.36E-08,3.97E-10,,,,,,,,,,,1.75E-06,9.42E-09,4.02E-10,2.72E-11,,,,,2.22E-10,2.21E-11,8.29E-06,1.23E-06,9.31E-09,3.33E-10
MCP1-3D,6/28/17,7.65,12.4,371,-51,180.317,,4.31,0.21,0.36,4.09,4.33E-07,2.32E-08,,,4.38E-07,1.04E-08,1.91E-04,3.32E-06,3.77E-04,6.76E-06,,,1.59E-04,1.15E-06,1.69E-05,2.92E-07,3.64E-09,9.56E-11,1.31E-09,9.27E-10,3.11E-05,5.10E-07,1.49E-03,1.15E-05,1.92E-04,1.79E-06,2.24E-08,3.14E-09,1.91E-08,4.54E-09,1.38E-09,1.04E-10,4.56E-09,6.34E-10,6.23E-07,7.31E-09,6.09E-09,1.35E-10,2.76E-06,3.14E-08,,,1.35E-08,3.50E-10,,,,,,,,,,,1.78E-06,2.29E-08,4.06E-10,4.65E-11,,,,,2.19E-10,2.25E-11,8.36E-06,1.28E-06,8.66E-09,3.53E-10
MCP1-3D,6/30/17,7.3,12.6,346,-59,30.692,,4.41,0.22,0.37,4.2,4.37E-07,1.37E-08,,,4.76E-07,1.24E-08,1.98E-04,3.66E-06,3.87E-04,5.78E-06,,,1.61E-04,1.54E-06,1.74E-05,2.06E-07,3.63E-09,1.33E-10,,,3.17E-05,5.05E-07,1.51E-03,1.04E-05,1.97E-04,1.86E-06,2.41E-08,2.63E-09,2.15E-08,4.66E-09,1.47E-09,9.37E-11,9.91E-09,4.01E-10,6.86E-07,7.73E-09,6.25E-09,2.41E-10,2.82E-06,2.33E-08,,,1.43E-08,4.24E-10,,,,,,,,,,,1.80E-06,8.00E-09,4.10E-10,2.35E-11,,,,,2.35E-10,2.83E-11,8.34E-06,1.43E-06,8.74E-09,2.53E-10
MCP1-3D,7/3/17,7.31,10,358,-50,146.027,,4.43,0.24,0.4,4.19,4.48E-07,5.47E-09,,,4.58E-07,1.50E-08,2.00E-04,2.14E-06,3.89E-04,4.21E-06,,,1.59E-04,1.15E-06,1.75E-05,1.73E-07,3.71E-09,1.64E-10,,,3.19E-05,4.27E-07,1.49E-03,4.30E-06,2.01E-04,1.68E-06,2.47E-08,1.62E-09,2.00E-08,4.54E-09,1.60E-09,1.19E-10,5.51E-09,6.56E-10,5.76E-07,1.09E-08,6.33E-09,2.05E-10,2.87E-06,1.72E-08,,,1.33E-08,5.35E-10,,,,,,,,,,,1.82E-06,1.36E-08,4.44E-10,5.27E-11,2.10E-10,2.35E-11,,,2.35E-10,2.07E-11,8.46E-06,1.32E-06,8.97E-09,2.92E-10
MCP1-3D,7/6/17,7.38,9.8,240,-14,,,4.45,0.24,0.4,4.21,4.46E-07,2.33E-08,,,4.77E-07,1.43E-08,2.03E-04,3.68E-06,3.95E-04,2.34E-06,,,1.56E-04,8.70E-07,1.79E-05,2.96E-07,3.64E-09,1.10E-10,7.86E-10,9.38E-10,3.23E-05,5.17E-07,1.51E-03,6.69E-06,2.01E-04,1.38E-06,2.47E-08,1.22E-09,2.16E-08,4.85E-09,1.56E-09,1.42E-10,1.64E-08,6.78E-10,8.65E-07,9.64E-09,6.58E-09,1.49E-10,2.86E-06,2.59E-08,,,1.38E-08,8.13E-10,,,,,,,,,,,1.85E-06,1.99E-08,4.44E-10,3.26E-11,3.77E-10,1.85E-11,,,2.56E-10,1.02E-11,8.38E-06,1.37E-06,9.69E-09,6.25E-10
MCP1-3D,7/7/17,7.62,10.3,332,-9,,,4.46,0.24,0.39,4.22,4.53E-07,1.49E-08,,,4.50E-07,9.21E-09,2.01E-04,2.21E-06,3.92E-04,1.81E-06,,,1.57E-04,1.54E-06,1.83E-05,1.94E-07,3.75E-09,2.43E-10,3.08E-09,9.30E-10,3.23E-05,5.22E-07,1.51E-03,1.07E-05,2.01E-04,2.44E-06,2.29E-08,1.92E-09,2.04E-08,4.57E-09,1.74E-09,8.37E-11,5.03E-09,4.27E-10,7.98E-07,1.24E-08,6.92E-09,1.74E-10,2.88E-06,1.31E-08,,,1.35E-08,5.26E-10,,,,,,,,,,,1.84E-06,1.01E-08,4.59E-10,2.84E-11,,,,,2.38E-10,1.71E-11,8.51E-06,1.45E-06,9.87E-09,4.23E-10
MCP1-3D,7/11/17,7.59,12.3,338,-39,,2.375,4.39,0.28,0.44,4.11,4.48E-07,1.50E-08,,,4.67E-07,1.06E-08,2.05E-04,4.73E-06,3.96E-04,4.49E-06,,,1.60E-04,1.06E-06,1.82E-05,1.12E-07,3.72E-09,1.39E-10,6.68E-10,9.18E-10,3.24E-05,4.76E-07,1.53E-03,8.35E-06,2.01E-04,1.38E-06,2.23E-08,2.16E-09,2.01E-08,4.59E-09,1.51E-09,9.52E-11,6.02E-09,3.27E-10,7.73E-07,7.62E-09,6.78E-09,1.89E-10,2.89E-06,3.29E-08,,,1.37E-08,5.24E-10,,,,,,,,,,,1.84E-06,2.41E-08,4.01E-10,4.64E-11,1.17E-10,2.04E-11,,,2.44E-10,9.35E-12,8.46E-06,1.49E-06,9.73E-09,3.69E-10
MCP1-3D,7/13/17,7.69,10.2,353,-57,235.379,,4.39,0.26,0.42,4.13,4.62E-07,1.83E-08,,,4.62E-07,8.64E-09,2.04E-04,2.24E-06,3.95E-04,1.68E-06,,,1.65E-04,7.15E-07,1.78E-05,1.79E-07,4.00E-09,1.14E-10,1.26E-08,6.08E-09,3.23E-05,3.59E-07,1.52E-03,1.12E-05,2.04E-04,1.49E-06,2.35E-08,2.65E-09,2.08E-08,4.56E-09,1.68E-09,1.70E-10,8.88E-09,4.42E-10,8.34E-07,8.79E-09,6.34E-09,1.75E-10,2.89E-06,1.86E-08,,,1.39E-08,5.37E-10,,,,,,,,,,,1.88E-06,2.24E-08,4.37E-10,2.04E-11,,,,,2.38E-10,2.49E-11,7.97E-06,1.26E-06,1.02E-08,8.55E-10
MCP1-3D,7/17/17,7.63,20.6,275,-19,202.879,0.844,4.27,0.3,0.45,3.98,4.59E-07,2.90E-08,,,4.79E-07,8.95E-09,2.05E-04,2.44E-06,3.94E-04,4.19E-06,,,1.66E-04,9.85E-07,1.80E-05,2.30E-07,3.81E-09,1.09E-10,2.07E-09,1.52E-09,3.18E-05,4.68E-07,1.52E-03,8.57E-06,1.96E-04,2.02E-06,2.40E-08,1.85E-09,2.10E-08,4.79E-09,1.57E-09,1.35E-10,6.41E-09,4.48E-10,7.44E-07,1.02E-08,6.76E-09,2.59E-10,2.88E-06,6.15E-08,,,1.39E-08,4.73E-10,,,,,,,,,,,1.86E-06,1.24E-08,4.13E-10,5.95E-11,,,,,2.31E-10,1.77E-11,7.75E-06,1.28E-06,1.02E-08,8.88E-10
MCP1-3D,7/19/17,7.47,11.6,253,17,178.437,24.47,4.58,0.26,0.42,4.32,4.65E-07,2.16E-08,,,4.75E-07,1.87E-08,2.02E-04,2.20E-06,3.86E-04,3.02E-06,,,1.66E-04,1.12E-06,1.77E-05,2.19E-07,3.72E-09,1.58E-10,3.18E-09,9.28E-10,3.18E-05,3.34E-07,1.51E-03,7.91E-06,1.96E-04,1.67E-06,2.30E-08,1.75E-09,2.07E-08,4.52E-09,1.56E-09,1.19E-10,5.97E-09,5.66E-10,7.18E-07,5.11E-09,6.71E-09,1.59E-10,2.85E-06,2.95E-08,,,1.42E-08,5.38E-10,,,,,,,,,,,1.83E-06,1.15E-08,4.27E-10,4.80E-11,,,,,2.27E-10,1.96E-11,7.37E-06,1.09E-06,1.02E-08,7.69E-10
MCP1-3D,7/20/17,7.77,13.4,240,18,198.85,92.787,4.62,0.27,0.42,4.35,4.48E-07,1.38E-08,,,4.86E-07,1.27E-08,2.05E-04,1.25E-06,3.84E-04,6.24E-06,,,1.67E-04,1.43E-06,1.80E-05,1.75E-07,3.80E-09,1.80E-10,3.34E-09,1.94E-09,3.19E-05,4.83E-07,1.52E-03,1.23E-05,1.97E-04,1.52E-06,2.08E-08,1.63E-09,2.13E-08,4.64E-09,1.62E-09,1.45E-10,1.31E-08,3.77E-10,6.87E-07,5.99E-09,6.81E-09,2.65E-10,2.82E-06,1.96E-08,,,1.38E-08,7.48E-10,,,,,,,,,,,1.84E-06,1.10E-08,4.73E-10,2.64E-11,,,,,2.36E-10,2.13E-11,7.27E-06,1.06E-06,1.05E-08,5.49E-10
MCP1-3D,7/24/17,7.79,12.3,433,-53,200.104,,3.91,0.26,0.42,3.65,4.38E-07,5.09E-08,,,3.25E-07,8.26E-09,1.87E-04,1.29E-06,4.00E-04,2.13E-06,1.95E-07,5.84E-08,2.11E-04,2.48E-06,1.55E-05,2.09E-07,3.81E-09,1.93E-10,2.76E-08,9.75E-10,3.29E-05,3.15E-07,1.59E-03,1.36E-05,2.00E-04,8.27E-07,2.91E-08,2.73E-09,2.42E-08,1.84E-09,1.50E-09,1.27E-10,2.33E-09,1.01E-09,9.05E-07,6.07E-09,7.26E-09,1.04E-10,2.61E-06,1.67E-08,,,1.30E-08,7.94E-10,,,,,,,,,,,1.95E-06,1.43E-08,3.76E-10,3.03E-11,,,,,2.21E-10,3.25E-11,1.33E-05,1.60E-06,1.31E-08,1.20E-09
MCP1-3D,7/26/17,7.72,14.1,423,-40,201.089,3.906,3.74,0.28,0.43,3.46,4.46E-07,7.03E-08,,,3.25E-07,2.40E-08,1.81E-04,3.13E-06,3.83E-04,4.93E-06,4.97E-07,5.65E-08,2.03E-04,1.72E-06,1.68E-05,1.24E-07,4.10E-09,3.73E-10,,,3.15E-05,3.38E-07,1.54E-03,7.24E-06,1.93E-04,1.38E-06,3.89E-08,2.04E-09,2.27E-08,7.71E-10,1.85E-09,1.05E-10,2.15E-08,1.33E-09,9.36E-07,9.71E-09,7.26E-09,3.44E-10,2.49E-06,8.99E-09,,,1.26E-08,7.76E-10,,,,,,,,,3.92E-11,2.45E-11,1.85E-06,9.99E-09,3.99E-10,7.05E-11,,,,,2.31E-10,3.06E-11,1.28E-05,1.64E-06,1.18E-08,9.10E-10
MCP1-3D,7/28/17,7.3,10,317,-29,196.791,1.281,3.91,0.26,0.42,3.65,4.41E-07,5.09E-08,,,3.29E-07,1.61E-08,1.86E-04,1.59E-06,3.97E-04,7.42E-06,,,2.11E-04,2.19E-06,1.53E-05,9.25E-08,4.02E-09,3.18E-10,,,3.23E-05,3.57E-07,1.57E-03,1.15E-05,1.96E-04,9.52E-07,3.03E-08,4.81E-09,2.23E-08,2.42E-09,1.63E-09,2.78E-10,,,6.25E-07,6.66E-09,6.88E-09,2.54E-10,2.58E-06,2.07E-08,,,1.27E-08,4.95E-10,,,,,,,,,,,1.90E-06,6.39E-09,4.21E-10,4.64E-11,,,,,2.21E-10,2.62E-11,1.29E-05,1.51E-06,1.27E-08,1.34E-09
MCP1-3D,7/31/17,7.73,12.8,253,-31,177.631,,3.64,0.28,0.44,3.35,4.66E-07,5.03E-08,,,3.54E-07,1.62E-08,1.86E-04,2.49E-06,3.93E-04,2.21E-06,,,2.11E-04,1.90E-06,1.56E-05,1.14E-07,3.58E-09,1.80E-10,,,3.20E-05,2.26E-07,1.57E-03,3.27E-06,1.92E-04,1.45E-06,2.86E-08,2.59E-09,2.32E-08,2.62E-09,1.48E-09,2.80E-10,,,5.91E-07,1.09E-08,7.15E-09,2.72E-10,2.58E-06,2.62E-08,,,1.33E-08,8.58E-10,,,,,,,,,,,1.90E-06,2.59E-08,4.09E-10,5.92E-11,,,,,2.38E-10,3.89E-11,1.19E-05,1.26E-06,1.32E-08,6.42E-10
MCP1-3D,8/2/17,7.64,,519,-54,175.214,,3.87,0.29,0.45,3.58,4.59E-07,5.83E-08,,,3.38E-07,1.88E-08,1.86E-04,2.55E-06,3.90E-04,3.75E-06,2.43E-07,5.37E-08,2.12E-04,1.18E-06,1.57E-05,1.40E-07,4.20E-09,3.46E-10,4.62E-08,2.83E-09,3.20E-05,1.15E-07,1.55E-03,9.34E-06,1.93E-04,2.19E-06,3.31E-08,2.88E-09,2.31E-08,2.81E-09,1.62E-09,1.22E-10,,,5.07E-07,7.95E-09,7.52E-09,1.28E-10,2.56E-06,1.44E-08,,,1.17E-08,4.04E-10,,,,,,,,,3.25E-11,2.32E-11,1.93E-06,1.45E-08,4.46E-10,1.87E-11,,,,,2.37E-10,1.80E-11,1.14E-05,1.22E-06,1.30E-08,8.54E-10
MCP1-3D,8/4/17,7.93,,,-52,166.888,,3.75,0.3,0.46,3.44,4.58E-07,4.07E-08,,,3.36E-07,1.70E-08,1.87E-04,1.25E-06,3.92E-04,2.67E-06,,,2.13E-04,9.34E-07,1.63E-05,1.88E-07,3.55E-09,2.56E-10,,,3.19E-05,3.49E-07,1.56E-03,1.12E-05,1.92E-04,2.05E-06,2.64E-08,5.45E-09,2.19E-08,1.36E-09,1.23E-09,2.16E-10,,,5.48E-07,6.82E-09,7.33E-09,6.17E-11,2.56E-06,1.53E-08,,,1.25E-08,6.43E-10,,,,,,,,,,,1.91E-06,6.11E-09,3.91E-10,3.25E-11,,,,,2.14E-10,3.06E-11,1.13E-05,1.10E-06,1.31E-08,5.03E-10
MCP1-3D,8/7/17,7.86,,,-46,171.275,4.25,3.73,0.3,0.45,3.43,4.67E-07,3.97E-08,,,3.55E-07,7.61E-09,1.86E-04,2.36E-06,3.93E-04,4.68E-06,,,2.15E-04,4.82E-07,2.38E-05,3.85E-07,3.76E-09,2.22E-10,,,3.20E-05,3.20E-07,1.55E-03,1.46E-05,1.92E-04,2.00E-06,2.91E-08,2.75E-09,2.32E-08,9.20E-10,1.53E-09,1.12E-10,,,5.07E-07,7.13E-09,7.52E-09,2.63E-10,2.55E-06,1.68E-08,,,1.31E-08,9.63E-10,,,,,,,,,,,1.91E-06,3.16E-08,4.30E-10,7.49E-11,,,,,2.12E-10,4.44E-11,1.12E-05,1.12E-06,1.32E-08,8.15E-10
MCP1-3D,8/9/17,7.81,,,-25,38.463,,3.73,0.3,0.45,3.43,4.63E-07,7.38E-08,,,3.45E-07,1.71E-08,1.84E-04,2.67E-06,3.88E-04,5.25E-06,,,2.15E-04,2.06E-06,1.56E-05,1.59E-07,3.81E-09,2.22E-10,,,3.19E-05,3.05E-07,1.56E-03,6.61E-06,1.93E-04,1.15E-06,2.71E-08,4.08E-09,2.34E-08,1.27E-09,1.51E-09,2.20E-10,,,6.66E-07,7.12E-09,7.21E-09,8.56E-11,2.58E-06,2.12E-08,,,1.29E-08,7.86E-10,,,,,,,,,,,1.90E-06,3.97E-08,3.93E-10,4.92E-11,,,,,1.90E-10,3.05E-11,1.09E-05,1.00E-06,1.25E-08,9.99E-10
MCP1-3D,8/11/17,7.69,,,-37,182.466,0.781,3.89,0.3,0.45,3.59,4.65E-07,3.83E-08,,,3.66E-07,1.02E-08,1.86E-04,1.49E-06,3.92E-04,3.39E-06,,,2.15E-04,1.44E-06,1.57E-05,2.40E-07,3.92E-09,9.49E-11,4.51E-08,1.97E-09,3.20E-05,3.71E-07,1.56E-03,1.51E-05,1.92E-04,1.33E-06,2.70E-08,3.59E-09,2.32E-08,1.30E-09,1.55E-09,1.49E-10,,,7.21E-07,8.09E-09,7.28E-09,1.33E-10,2.56E-06,1.48E-08,,,1.28E-08,9.19E-10,,,,,,,,,,,1.88E-06,3.88E-08,4.09E-10,6.44E-11,,,,,1.90E-10,4.14E-11,1.09E-05,9.73E-07,1.30E-08,1.03E-09
MCP1-3D,8/15/17,7.91,,,-81,188.107,0.875,4.27,0.26,0.39,4.01,3.88E-07,6.41E-08,,,6.18E-07,1.65E-08,2.30E-04,2.97E-06,4.00E-04,5.69E-06,3.03E-07,4.63E-08,2.02E-04,3.11E-06,2.06E-05,4.95E-07,3.52E-09,2.84E-10,1.92E-09,2.45E-10,2.80E-05,3.00E-07,1.55E-03,2.22E-05,1.68E-04,2.16E-06,,,2.25E-08,1.42E-09,1.51E-09,2.72E-10,5.10E-09,9.00E-10,9.28E-06,7.26E-08,7.61E-09,2.72E-10,2.44E-06,3.23E-08,,,1.57E-08,8.24E-10,,,,,,,,,3.16E-11,1.08E-11,1.61E-06,1.28E-08,4.35E-10,4.41E-11,,,,,2.17E-10,3.11E-11,7.06E-06,6.24E-07,7.36E-09,1.38E-09
MCP1-3D,8/18/17,8.03,,,-74,191.33,,4.26,0.27,0.42,3.99,4.49E-07,5.58E-08,,,5.29E-07,2.57E-08,1.82E-04,4.32E-06,3.89E-04,8.98E-06,1.30E-07,1.83E-08,2.17E-04,5.02E-06,1.55E-05,1.79E-07,3.96E-09,1.78E-10,2.83E-09,3.47E-10,3.11E-05,3.60E-07,1.53E-03,1.25E-05,1.90E-04,3.11E-06,2.55E-08,4.92E-09,2.43E-08,1.31E-09,1.71E-09,2.22E-10,9.98E-09,9.88E-10,5.79E-07,1.36E-08,7.57E-09,4.34E-10,2.55E-06,3.64E-08,,,1.59E-08,6.95E-10,,,,,,,,,,,1.87E-06,2.69E-08,4.64E-10,6.85E-11,1.33E-08,2.59E-10,,,2.18E-10,2.85E-11,9.05E-06,1.02E-06,1.23E-08,6.21E-10
MCP1-3D,8/22/17,8.19,,,6,176.826,,4.12,0.26,0.41,3.86,5.07E-07,4.34E-08,,,5.18E-07,2.93E-08,1.81E-04,2.37E-06,3.86E-04,4.95E-06,2.95E-07,3.12E-08,2.17E-04,2.23E-06,1.57E-05,1.63E-07,4.01E-09,1.57E-10,1.81E-08,5.81E-10,3.14E-05,2.57E-07,1.54E-03,2.32E-05,1.89E-04,2.05E-06,2.74E-08,4.51E-09,2.55E-08,1.59E-09,1.59E-09,1.79E-10,9.63E-09,6.25E-10,4.83E-07,9.38E-09,7.28E-09,3.54E-10,2.54E-06,2.92E-08,,,1.56E-08,5.71E-10,,,,,,,,,,,1.89E-06,8.75E-09,4.27E-10,2.06E-11,,,,,2.33E-10,3.38E-11,9.05E-06,9.57E-07,1.20E-08,9.96E-10
MCP1-3D,8/24/17,7.82,,,2,183.003,,4.2,0.26,0.41,3.93,4.76E-07,5.54E-08,,,5.10E-07,1.62E-08,1.85E-04,1.51E-06,3.89E-04,4.32E-06,3.42E-07,3.80E-08,2.18E-04,1.92E-06,1.57E-05,3.46E-07,4.11E-09,1.64E-10,5.85E-09,2.21E-10,3.12E-05,3.78E-07,1.53E-03,2.60E-05,1.89E-04,2.87E-06,2.69E-08,2.72E-09,2.32E-08,1.07E-09,1.53E-09,2.85E-10,3.27E-09,6.49E-10,5.62E-07,7.70E-09,7.38E-09,1.90E-10,2.55E-06,3.48E-08,,,1.61E-08,7.20E-10,,,,,,,,,,,1.89E-06,8.57E-09,4.28E-10,4.74E-11,8.30E-10,8.95E-11,,,2.42E-10,3.83E-11,8.98E-06,9.38E-07,1.18E-08,8.94E-10
MCP1-3D,8/30/17,7.9,,,,165.598,,4.36,0.26,0.41,4.1,4.93E-07,6.95E-08,,,5.03E-07,1.98E-08,1.82E-04,2.90E-06,3.90E-04,4.88E-06,2.50E-07,2.40E-08,2.20E-04,2.10E-06,1.58E-05,2.76E-07,3.78E-09,2.13E-10,5.22E-09,2.98E-10,3.11E-05,4.71E-07,1.54E-03,1.91E-05,1.89E-04,2.26E-06,2.65E-08,8.30E-09,2.49E-08,2.23E-09,1.62E-09,2.52E-10,2.21E-09,7.92E-10,5.48E-07,1.24E-08,7.63E-09,2.95E-10,2.54E-06,4.13E-08,,,1.53E-08,1.33E-09,,,,,,,,,,,1.90E-06,2.00E-08,4.59E-10,4.07E-11,,,,,2.13E-10,3.50E-11,8.88E-06,7.93E-07,1.19E-08,7.86E-10
MCP1-3D,9/1/17,7.24,13.3,849,-111,178.974,0.875,4.41,0.26,0.4,4.15,5.04E-07,7.44E-08,,,4.99E-07,3.08E-08,1.80E-04,3.56E-06,3.91E-04,6.70E-06,5.51E-07,4.21E-08,2.21E-04,2.30E-06,1.56E-05,2.03E-07,8.33E-09,2.09E-10,2.42E-09,1.30E-10,3.09E-05,2.36E-07,1.53E-03,1.74E-05,1.87E-04,1.95E-06,3.18E-08,7.03E-09,2.43E-08,1.63E-09,1.82E-09,2.00E-10,,,4.69E-07,1.14E-08,7.91E-09,2.06E-10,2.54E-06,3.86E-08,,,1.53E-08,8.17E-10,,,,,,,,,2.92E-11,1.60E-11,1.89E-06,2.81E-08,4.52E-10,8.30E-11,4.85E-10,9.30E-11,,,2.31E-10,2.66E-11,8.84E-06,9.19E-07,1.26E-08,9.86E-10
MCP1-3D,9/12/17,7.19,14.1,440,-112,197.185,,4.41,0.26,0.41,4.15,4.69E-07,6.26E-08,,,5.03E-07,3.26E-08,1.78E-04,5.75E-06,3.88E-04,8.14E-06,,,2.18E-04,5.81E-06,1.55E-05,2.14E-07,3.94E-09,1.53E-10,1.29E-08,1.78E-10,3.09E-05,5.16E-07,1.53E-03,1.96E-05,1.84E-04,2.66E-06,2.19E-08,4.72E-09,2.46E-08,1.81E-09,1.40E-09,1.75E-10,6.30E-09,8.30E-10,4.60E-07,7.02E-09,7.39E-09,3.69E-10,2.52E-06,1.17E-08,,,1.56E-08,7.07E-10,,,,,,,,,,,1.88E-06,1.64E-08,4.60E-10,2.70E-11,,,,,2.05E-10,3.40E-11,8.59E-06,8.82E-07,1.25E-08,8.25E-10
MCP1-3D,9/14/17,7.14,13.3,429,-102,176.557,1.313,4.52,0.25,0.4,4.26,5.06E-07,6.41E-08,,,4.82E-07,2.24E-08,1.79E-04,2.47E-06,3.91E-04,4.92E-06,3.32E-07,3.02E-08,2.21E-04,1.44E-06,1.57E-05,2.79E-07,3.80E-09,9.97E-11,,,3.11E-05,4.19E-07,1.54E-03,2.82E-05,1.83E-04,3.56E-06,2.39E-08,3.96E-09,2.28E-08,1.21E-09,1.36E-09,2.28E-10,,,5.33E-07,9.49E-09,7.35E-09,3.58E-10,2.53E-06,3.69E-08,,,1.50E-08,5.96E-10,,,,,,,,,,,1.89E-06,1.32E-08,4.30E-10,3.65E-11,,,,,2.07E-10,3.11E-11,8.55E-06,8.21E-07,1.21E-08,1.07E-09
MCP1-3D,9/19/17,7.2,12.2,403,-74,196.254,,4.48,0.26,0.4,4.22,4.87E-07,6.12E-08,,,4.79E-07,2.60E-08,1.79E-04,1.64E-06,3.91E-04,4.77E-06,3.48E-07,6.17E-08,2.21E-04,2.35E-06,1.56E-05,3.11E-07,3.79E-09,1.10E-10,5.27E-09,1.51E-10,3.09E-05,3.40E-07,1.53E-03,1.23E-05,1.79E-04,1.91E-06,1.50E-08,3.36E-09,2.40E-08,1.27E-09,1.41E-09,2.18E-10,2.23E-08,9.72E-10,6.30E-07,9.50E-09,7.35E-09,1.14E-10,2.50E-06,4.99E-08,,,1.61E-08,6.59E-10,,,,,,,,,,,1.90E-06,1.11E-08,4.45E-10,3.33E-11,4.28E-10,1.03E-10,,,2.30E-10,2.63E-11,8.56E-06,8.50E-07,1.25E-08,1.22E-09
MCP1-3D,9/21/17,7.2,12.3,394,-64,202.253,,4.41,0.26,0.4,4.15,4.94E-07,4.86E-08,,,5.00E-07,1.68E-08,1.81E-04,2.95E-06,3.89E-04,6.70E-06,1.83E-07,4.50E-08,2.21E-04,1.79E-06,1.72E-05,2.73E-07,3.59E-09,1.33E-10,,,3.07E-05,3.73E-07,1.53E-03,1.32E-05,1.82E-04,2.05E-06,1.46E-08,5.45E-09,2.86E-08,1.32E-09,1.45E-09,2.88E-10,1.70E-08,1.69E-09,8.07E-07,1.89E-08,9.10E-09,2.54E-10,2.51E-06,7.65E-08,,,1.56E-08,6.43E-10,,,,,,,,,,,1.86E-06,1.99E-08,4.48E-10,5.68E-11,,,,,2.08E-10,3.32E-11,8.52E-06,6.28E-07,1.26E-08,1.21E-09
MCP1-3D,10/3/17,,,,,,,4.49,0.26,0.4,4.23,4.65E-07,6.72E-08,,,4.38E-07,3.16E-08,1.77E-04,4.34E-06,3.90E-04,8.34E-06,6.94E-07,4.80E-08,2.09E-04,1.25E-05,1.56E-05,3.01E-07,4.06E-09,2.68E-10,2.16E-08,3.61E-10,3.06E-05,3.85E-07,1.53E-03,1.86E-05,1.72E-04,2.72E-06,1.49E-08,3.61E-09,3.25E-08,1.62E-09,1.77E-09,2.46E-10,,,8.11E-07,1.70E-08,7.40E-09,2.05E-10,2.51E-06,1.73E-08,,,1.56E-08,7.05E-10,,,,,,,,,2.93E-11,7.38E-12,1.85E-06,1.42E-08,4.79E-10,6.39E-11,5.78E-10,9.85E-11,,,2.04E-10,3.69E-11,8.13E-06,6.11E-07,1.15E-08,1.22E-09
MCP1-4D,6/7/17,7.56,13.6,393,-91,49.887,308.551,5.25,0.26,0.31,4.99,6.47E-07,2.51E-08,,,5.05E-07,1.10E-08,1.82E-04,1.94E-06,4.47E-04,1.03E-05,3.34E-07,7.94E-08,1.84E-04,2.45E-06,1.77E-05,4.29E-07,3.15E-09,2.40E-10,,,1.07E-05,2.11E-07,1.96E-03,1.14E-05,4.79E-05,4.77E-07,2.88E-08,2.59E-09,3.43E-08,1.69E-09,2.57E-09,1.75E-10,4.68E-09,2.97E-10,7.85E-07,8.16E-09,1.80E-09,6.89E-11,3.20E-06,5.29E-08,8.54E-10,8.83E-11,3.00E-09,5.74E-10,,,,,,,,,,,1.73E-06,1.35E-08,3.94E-10,1.14E-11,2.04E-10,4.71E-11,,,2.76E-10,2.20E-11,9.43E-06,6.87E-07,9.65E-10,3.20E-10
MCP1-4D,6/14/17,7.41,12.4,360,-77,50.174,8.844,5.16,0.26,0.31,4.9,6.27E-07,2.82E-08,,,5.30E-07,1.38E-08,1.86E-04,2.38E-06,4.48E-04,4.54E-06,,,1.70E-04,1.39E-06,1.69E-05,2.62E-07,2.82E-09,1.28E-10,8.09E-09,1.08E-09,1.10E-05,1.61E-07,1.96E-03,2.00E-05,5.00E-05,5.15E-07,2.06E-08,1.49E-09,3.64E-08,5.08E-09,2.26E-09,7.32E-11,7.06E-09,2.35E-10,6.70E-07,3.36E-09,1.79E-09,1.26E-10,3.65E-06,4.12E-08,,,,,,,,,,,,,,,1.72E-06,1.64E-08,4.09E-10,4.75E-11,1.33E-10,1.94E-11,,,3.25E-10,1.43E-11,6.55E-06,7.85E-07,6.34E-10,3.39E-10
MCP1-4D,6/19/17,7.54,15.8,412,-87,42.975,8.751,5.37,0.26,0.31,5.1,6.43E-07,1.96E-08,,,5.18E-07,1.15E-08,1.87E-04,1.85E-06,4.51E-04,5.66E-06,,,1.74E-04,1.91E-06,1.70E-05,2.53E-07,2.99E-09,2.06E-10,2.58E-09,9.41E-10,1.08E-05,1.44E-07,1.97E-03,1.20E-05,4.89E-05,5.54E-07,2.67E-08,1.59E-09,2.96E-08,4.67E-09,1.88E-09,1.74E-10,3.41E-09,3.12E-10,3.36E-07,4.50E-09,1.65E-09,1.51E-10,3.65E-06,3.88E-08,,,2.95E-09,6.60E-10,,,,,,,,,,,1.76E-06,1.74E-08,3.87E-10,5.51E-11,,,,,3.53E-10,2.33E-11,6.70E-06,8.73E-07,,
MCP1-4D,6/22/17,6.84,14.2,337,-19,62.153,209.826,5.37,0.25,0.3,5.12,6.43E-07,8.03E-09,,,5.34E-07,2.11E-08,1.86E-04,3.06E-06,4.41E-04,8.31E-06,,,1.76E-04,1.64E-06,1.73E-05,2.96E-07,2.63E-09,1.25E-10,7.88E-10,9.20E-10,1.08E-05,1.36E-07,1.96E-03,1.81E-05,4.99E-05,3.27E-07,1.97E-08,2.66E-09,2.85E-08,4.65E-09,1.83E-09,1.10E-10,6.24E-09,5.65E-10,7.18E-07,5.81E-09,1.73E-09,9.09E-11,3.64E-06,1.03E-08,,,,,,,,,,,,,,,1.73E-06,1.63E-08,4.00E-10,4.03E-11,,,,,3.45E-10,2.03E-11,6.81E-06,1.03E-06,6.30E-10,2.67E-10
MCP1-4D,6/23/17,7.32,16.5,444,-45,49.046,,5.52,0.25,0.29,5.28,6.49E-07,1.70E-08,,,6.47E-07,1.34E-08,1.90E-04,1.98E-06,4.46E-04,3.12E-06,,,1.77E-04,1.37E-06,1.76E-05,2.09E-07,2.91E-09,7.05E-11,5.23E-09,1.04E-09,1.08E-05,1.41E-07,1.97E-03,5.99E-06,4.85E-05,3.86E-07,1.90E-08,2.69E-09,3.23E-08,4.70E-09,1.95E-09,1.06E-10,4.37E-09,5.61E-10,6.29E-07,9.29E-09,1.88E-09,8.03E-11,3.64E-06,3.18E-08,,,,,,,,,,,,,,,1.75E-06,1.20E-08,3.98E-10,3.58E-11,1.26E-10,3.57E-11,,,3.47E-10,2.89E-11,6.70E-06,8.51E-07,6.92E-10,1.73E-10
MCP1-4D,6/26/17,7.68,18.4,419,-23,38.051,,5.43,0.25,0.29,5.18,6.37E-07,1.85E-08,,,5.34E-07,9.52E-09,1.89E-04,2.58E-06,4.44E-04,5.60E-06,,,1.78E-04,1.18E-06,1.74E-05,2.30E-07,2.85E-09,1.48E-10,3.02E-10,9.22E-10,1.04E-05,1.43E-07,,2.23E-02,4.72E-05,3.13E-07,2.01E-08,1.75E-09,2.84E-08,4.68E-09,1.98E-09,1.21E-10,1.15E-08,5.97E-10,1.17E-06,1.44E-08,1.92E-09,1.56E-10,3.63E-06,2.82E-08,,,,,,,,,,,,,3.14E-11,7.78E-12,1.74E-06,7.23E-09,4.12E-10,2.12E-11,1.75E-10,2.74E-11,,,3.46E-10,2.46E-11,6.62E-06,7.94E-07,7.16E-10,3.26E-10
MCP1-4D,6/28/17,7.47,15.8,368,7,43.638,,5.42,0.25,0.3,5.17,6.35E-07,1.23E-08,,,5.77E-07,1.73E-08,1.90E-04,1.66E-06,4.44E-04,3.12E-06,,,1.79E-04,1.76E-06,1.81E-05,3.43E-07,2.79E-09,1.95E-10,,,1.06E-05,1.13E-07,1.90E-03,1.29E-05,4.70E-05,4.22E-07,1.77E-08,1.78E-09,2.96E-08,4.84E-09,1.97E-09,1.01E-10,2.38E-08,8.70E-10,1.62E-06,1.51E-08,1.91E-09,7.03E-11,3.60E-06,3.73E-08,,,2.91E-09,3.91E-10,,,,,,,,,,,1.73E-06,6.98E-09,4.23E-10,2.87E-11,,,,,3.39E-10,3.22E-11,6.51E-06,8.11E-07,6.53E-10,2.60E-10
MCP1-4D,6/30/17,7.4,15.8,465,-11,44.927,,5.48,0.25,0.29,5.23,6.36E-07,3.47E-08,,,5.46E-07,1.79E-08,1.92E-04,2.07E-06,4.45E-04,6.13E-06,,,1.81E-04,1.77E-06,1.81E-05,3.05E-07,3.03E-09,2.13E-10,3.83E-09,9.52E-10,1.07E-05,1.56E-07,1.92E-03,1.10E-05,4.73E-05,2.26E-07,1.93E-08,1.96E-09,2.97E-08,4.51E-09,2.09E-09,1.17E-10,1.00E-08,7.09E-10,2.65E-06,1.97E-08,2.00E-09,9.95E-11,3.62E-06,2.06E-08,,,,,,,,,1.47E-09,1.88E-10,,,,,1.75E-06,1.42E-08,4.27E-10,4.83E-11,4.14E-10,2.38E-11,,,3.39E-10,2.76E-11,6.29E-06,6.45E-07,6.27E-10,2.99E-10
MCP1-4D,7/3/17,7.64,14.5,381,-11,45.787,,5.5,0.28,0.32,5.23,6.34E-07,3.40E-08,,,5.89E-07,1.62E-08,1.90E-04,2.63E-06,4.36E-04,4.25E-06,,,1.74E-04,9.19E-07,1.85E-05,2.64E-07,2.89E-09,2.19E-10,7.16E-09,1.63E-09,1.07E-05,1.38E-07,1.88E-03,1.38E-05,4.80E-05,4.78E-07,1.95E-08,1.40E-09,3.07E-08,4.79E-09,2.07E-09,1.29E-10,2.99E-08,6.81E-10,3.28E-06,3.47E-08,1.99E-09,6.06E-11,3.60E-06,4.70E-08,,,3.10E-09,3.73E-10,,,,,,,,,,,1.69E-06,9.16E-09,4.02E-10,3.67E-11,,,,,3.50E-10,4.16E-11,6.23E-06,6.76E-07,7.11E-10,1.86E-10
MCP1-4D,7/6/17,7.48,12.5,282,55,,,5.5,0.29,0.33,5.22,6.60E-07,2.18E-08,,,3.59E-07,2.01E-08,1.78E-04,1.00E-06,4.25E-04,5.01E-06,,,1.79E-04,1.66E-06,1.69E-05,2.61E-07,3.03E-09,8.84E-11,5.11E-10,9.15E-10,1.08E-05,1.21E-07,1.90E-03,9.30E-06,4.56E-05,3.90E-07,2.75E-08,1.99E-09,2.86E-08,4.96E-09,2.20E-09,7.87E-11,5.74E-09,5.61E-10,3.41E-06,3.72E-08,1.88E-09,8.73E-11,3.53E-06,1.93E-08,,,5.19E-09,4.20E-10,,,,,3.56E-09,4.09E-10,,,,,1.70E-06,1.53E-08,3.67E-10,2.85E-11,2.04E-10,1.56E-11,,,3.70E-10,3.67E-11,6.03E-06,6.05E-07,1.10E-09,2.74E-10
MCP1-4D,7/7/17,7.85,13.1,367,29,,,5.46,0.3,0.34,5.16,6.47E-07,1.17E-08,,,3.16E-07,1.67E-08,1.80E-04,1.44E-06,4.29E-04,3.17E-06,,,1.80E-04,2.17E-06,1.72E-05,2.93E-07,3.11E-09,6.40E-11,2.89E-09,9.44E-10,1.09E-05,1.56E-07,1.90E-03,1.40E-05,4.56E-05,2.80E-07,2.56E-08,2.02E-09,2.88E-08,4.67E-09,2.09E-09,1.89E-10,7.90E-09,4.03E-10,3.70E-06,3.12E-08,1.94E-09,1.66E-10,3.52E-06,4.10E-08,,,3.57E-09,3.91E-10,,,,,,,,,,,1.70E-06,9.65E-09,4.13E-10,1.21E-11,4.13E-10,3.37E-11,,,3.92E-10,2.58E-11,5.85E-06,5.87E-07,1.02E-09,2.26E-10
MCP1-4D,7/11/17,7.74,17.1,375,25,,,5.49,0.29,0.33,5.2,6.52E-07,2.55E-08,,,3.33E-07,1.40E-08,1.82E-04,2.01E-06,4.30E-04,3.25E-06,,,1.84E-04,1.90E-06,1.83E-05,2.37E-07,3.42E-09,1.71E-10,4.70E-09,9.28E-10,1.10E-05,1.24E-07,1.91E-03,8.95E-06,4.56E-05,3.28E-07,2.59E-08,1.48E-09,2.87E-08,4.57E-09,2.28E-09,1.34E-10,3.15E-08,6.38E-10,3.38E-06,3.26E-08,2.31E-09,1.14E-10,3.51E-06,3.28E-08,,,3.85E-09,3.33E-10,,,,,3.98E-08,9.28E-10,,,,,1.69E-06,2.04E-08,3.84E-10,3.91E-11,3.26E-10,3.08E-11,,,3.51E-10,3.21E-11,5.98E-06,5.42E-07,1.16E-09,2.10E-10
MCP1-4D,7/13/17,7.84,12,394,-19,47.649,,5.59,0.28,0.33,5.3,6.46E-07,1.62E-08,,,3.30E-07,1.60E-08,1.82E-04,2.19E-06,4.35E-04,2.09E-06,,,1.86E-04,1.81E-06,1.75E-05,3.83E-07,3.24E-09,5.62E-11,1.28E-09,1.10E-09,1.11E-05,1.69E-07,1.89E-03,1.73E-05,4.58E-05,4.33E-07,2.49E-08,1.45E-09,2.84E-08,4.48E-09,2.16E-09,7.64E-11,4.02E-09,4.51E-10,3.47E-06,2.79E-08,1.97E-09,5.99E-11,3.53E-06,2.86E-08,,,3.53E-09,3.91E-10,,,,,,,,,,,1.68E-06,1.67E-08,3.93E-10,3.82E-11,1.59E-10,1.84E-11,,,3.77E-10,2.74E-11,5.82E-06,5.65E-07,1.21E-09,2.96E-10
MCP1-4D,7/17/17,7.66,25.7,342,22,40.844,,5.57,0.28,0.32,5.29,6.58E-07,2.76E-08,,,3.13E-07,1.32E-08,1.84E-04,1.49E-06,4.34E-04,2.84E-06,,,1.89E-04,1.28E-06,1.72E-05,3.10E-07,3.00E-09,1.10E-10,1.10E-09,9.26E-10,1.13E-05,1.75E-07,1.91E-03,2.11E-05,4.46E-05,3.63E-07,2.50E-08,2.44E-09,2.75E-08,4.76E-09,2.15E-09,1.03E-10,5.17E-09,3.89E-10,3.39E-06,3.57E-08,1.89E-09,1.86E-10,3.54E-06,1.21E-08,,,3.28E-09,3.06E-10,,,,,,,,,,,1.66E-06,1.61E-08,3.84E-10,3.07E-11,,,,,3.62E-10,2.88E-11,5.75E-06,5.17E-07,9.81E-10,2.32E-10
MCP1-4D,7/19/17,7.63,12.6,285,21,46.968,,5.64,0.28,0.33,5.36,6.70E-07,2.17E-08,,,3.27E-07,1.76E-08,1.85E-04,1.01E-06,4.36E-04,2.60E-06,,,1.92E-04,1.85E-06,1.74E-05,2.91E-07,3.02E-09,2.10E-10,3.99E-09,9.75E-10,1.14E-05,1.40E-07,1.91E-03,8.71E-06,4.74E-05,3.57E-07,2.58E-08,1.33E-09,2.92E-08,4.78E-09,2.17E-09,1.14E-10,7.51E-09,2.14E-10,3.61E-06,4.97E-08,1.86E-09,1.27E-10,3.51E-06,3.33E-08,,,4.82E-09,3.31E-10,,,,,,,,,,,1.66E-06,1.58E-08,3.88E-10,3.18E-11,1.19E-10,2.46E-11,,,3.49E-10,2.95E-11,6.11E-06,5.25E-07,1.03E-09,1.98E-10
MCP1-4D,7/20/17,7.91,16.1,251,34,54.865,,5.61,0.27,0.32,5.34,6.52E-07,2.92E-08,,,3.23E-07,2.30E-08,1.85E-04,1.31E-06,4.32E-04,3.11E-06,,,1.94E-04,1.44E-06,1.75E-05,2.74E-07,3.63E-09,2.34E-10,1.45E-09,9.27E-10,1.14E-05,1.88E-07,1.92E-03,4.86E-06,4.81E-05,5.82E-07,2.67E-08,2.35E-09,2.81E-08,4.55E-09,2.10E-09,1.17E-10,7.87E-09,4.70E-10,3.73E-06,3.12E-08,1.79E-09,6.32E-11,3.52E-06,1.61E-08,,,3.71E-09,3.41E-10,,,,,,,,,,,1.67E-06,1.63E-08,3.74E-10,3.25E-11,,,,,3.32E-10,2.74E-11,5.98E-06,4.76E-07,6.72E-10,2.78E-10
MCP1-4D,7/24/17,7.83,16.3,451,-28,43.548,,4.48,0.3,0.34,4.18,6.59E-07,3.33E-08,,,4.37E-07,2.17E-08,1.66E-04,6.92E-07,4.51E-04,6.09E-06,,,2.23E-04,2.34E-06,1.58E-05,1.61E-07,1.96E-09,1.58E-10,,,1.30E-05,1.49E-07,2.02E-03,2.33E-05,4.67E-05,5.67E-07,2.78E-08,4.19E-09,3.50E-08,1.76E-09,1.64E-09,1.50E-10,5.16E-09,1.16E-09,3.26E-06,3.09E-08,2.21E-09,1.46E-10,3.31E-06,2.00E-08,7.89E-10,1.64E-10,,,,,,,,,,,,,1.79E-06,1.28E-08,4.02E-10,4.76E-11,,,,,3.40E-10,4.37E-11,1.01E-05,8.08E-07,1.45E-09,3.19E-10
MCP1-4D,7/26/17,7.72,16.9,493,9,47.04,,4.66,0.29,0.34,4.37,6.86E-07,4.56E-08,,,4.62E-07,1.94E-08,1.67E-04,2.73E-06,4.51E-04,6.92E-06,,,1.85E-04,1.96E-06,1.54E-05,1.53E-07,1.96E-09,1.80E-10,,,1.31E-05,1.62E-07,2.01E-03,1.43E-05,4.67E-05,5.95E-07,2.20E-08,3.26E-09,3.26E-08,2.50E-09,1.79E-09,1.25E-10,7.10E-09,8.05E-10,3.50E-06,1.87E-08,2.06E-09,1.26E-10,3.29E-06,2.84E-08,8.59E-10,2.05E-10,,,,,,,,,,,,,1.81E-06,2.25E-08,3.82E-10,6.53E-11,,,,,3.56E-10,1.64E-11,1.02E-05,6.45E-07,1.95E-09,8.82E-10
MCP1-4D,7/28/17,7.45,12.1,394,61,45.625,,4.48,0.3,0.34,4.18,6.41E-07,5.38E-08,,,4.33E-07,2.47E-08,1.68E-04,8.26E-07,4.55E-04,5.73E-06,,,1.86E-04,1.84E-06,1.57E-05,1.73E-07,2.15E-09,2.04E-10,,,1.33E-05,2.15E-07,2.02E-03,2.56E-05,4.62E-05,4.51E-07,2.03E-08,2.86E-09,3.39E-08,2.17E-09,1.68E-09,1.96E-10,4.72E-09,4.92E-09,3.27E-06,3.36E-08,2.15E-09,1.57E-10,3.30E-06,2.39E-08,7.98E-10,1.65E-10,,,,,,,,,,,,,1.78E-06,2.84E-08,3.74E-10,1.61E-11,,,,,3.24E-10,2.70E-11,1.01E-05,8.02E-07,1.47E-09,4.33E-10
MCP1-4D,7/31/17,7.83,17.3,308,25,47.828,,4.63,0.31,0.34,4.32,2.94E-06,2.53E-08,,,2.49E-06,3.32E-08,6.27E-04,8.27E-06,5.02E-04,6.82E-06,3.39E-07,1.93E-08,1.88E-04,5.43E-07,4.70E-05,4.93E-07,3.81E-09,1.81E-10,,,3.91E-06,6.11E-08,1.94E-03,1.90E-05,3.50E-05,1.83E-07,2.25E-08,3.55E-09,3.36E-08,2.31E-09,1.65E-09,1.36E-10,1.37E-08,1.07E-09,8.94E-06,7.96E-08,7.61E-09,2.42E-10,3.33E-06,5.79E-08,6.39E-10,1.87E-10,,,,,,,,,,,4.38E-11,1.41E-11,6.35E-06,6.40E-08,1.25E-09,9.72E-11,8.47E-10,4.36E-11,,,2.35E-10,2.90E-11,7.10E-06,1.77E-07,1.88E-09,7.25E-10
MCP1-4D,8/2/17,7.56,,436,10,45.84,,4.52,0.3,0.34,4.22,6.68E-07,3.35E-08,,,4.70E-07,2.18E-08,1.74E-04,1.75E-06,4.60E-04,4.33E-06,1.70E-06,3.87E-08,1.91E-04,1.37E-06,7.93E-05,9.25E-07,5.68E-09,2.59E-10,,,1.32E-05,1.62E-07,2.03E-03,1.90E-05,4.78E-05,2.89E-07,3.57E-08,3.38E-09,3.43E-08,1.94E-09,2.50E-09,2.23E-10,1.97E-08,1.03E-09,3.42E-06,1.77E-08,3.40E-09,2.26E-10,3.30E-06,2.41E-08,1.16E-09,1.78E-10,,,,,,,,,,,,,1.77E-06,3.66E-08,4.03E-10,2.11E-11,1.00E-09,6.59E-11,,,3.41E-10,3.68E-11,1.03E-05,9.74E-07,1.74E-09,4.86E-10
MCP1-4D,8/4/17,8.25,,,13,43.817,,4.54,0.29,0.34,4.25,7.73E-07,3.59E-08,,,3.96E-07,9.07E-09,1.69E-04,7.37E-07,4.54E-04,5.30E-06,1.83E-07,2.42E-08,2.24E-04,1.63E-06,1.59E-05,1.61E-07,2.90E-09,2.27E-10,,,1.31E-05,1.68E-07,1.99E-03,1.75E-05,4.51E-05,5.47E-07,3.71E-08,3.24E-09,2.98E-08,3.77E-09,1.81E-09,1.65E-10,5.12E-09,8.24E-10,2.46E-06,1.48E-08,2.30E-09,1.39E-10,3.34E-06,3.33E-08,1.12E-09,2.47E-10,9.35E-09,5.94E-10,,,,,,,,,,,1.81E-06,2.72E-08,3.88E-10,5.16E-11,2.54E-10,8.06E-11,4.74E-10,7.73E-11,3.68E-10,4.23E-11,1.03E-05,9.02E-07,2.70E-09,5.19E-10
MCP1-4D,8/7/17,7.76,,,25,43.19,,4.63,0.31,0.35,4.32,7.54E-07,4.84E-08,,,3.88E-07,1.79E-08,1.70E-04,1.33E-06,4.55E-04,4.98E-06,,,1.88E-04,2.01E-06,1.59E-05,1.47E-07,2.50E-09,2.30E-10,,,1.30E-05,1.57E-07,2.01E-03,1.94E-05,4.52E-05,4.98E-07,3.03E-08,2.64E-09,3.50E-08,2.90E-09,1.74E-09,1.70E-10,9.31E-09,1.43E-09,2.77E-06,1.91E-08,2.16E-09,1.40E-10,3.32E-06,2.83E-08,6.39E-10,1.53E-10,,,,,,,,,,,,,1.82E-06,1.88E-08,3.78E-10,2.82E-11,2.58E-10,4.87E-11,,,3.61E-10,7.96E-12,1.04E-05,8.94E-07,2.40E-09,4.14E-10
MCP1-4D,8/9/17,7.71,,,42,45.625,,4.63,0.3,0.35,4.33,7.67E-07,3.06E-08,,,3.37E-07,9.02E-09,1.67E-04,3.88E-06,4.50E-04,4.90E-06,3.12E-07,1.82E-08,2.03E-04,1.83E-05,1.58E-05,1.22E-07,2.19E-09,2.24E-10,,,1.31E-05,1.76E-07,2.01E-03,2.30E-05,4.55E-05,2.69E-07,3.17E-08,4.49E-09,3.39E-08,1.46E-09,1.78E-09,1.26E-10,1.35E-07,1.50E-09,2.79E-06,2.42E-08,2.17E-09,1.16E-10,3.33E-06,3.26E-08,7.25E-10,1.82E-10,,,,,,,,,,,3.73E-11,1.60E-11,1.82E-06,2.65E-08,3.81E-10,8.43E-11,,,,,3.56E-10,2.82E-11,1.10E-05,1.11E-06,2.56E-09,5.30E-10
MCP1-4D,8/11/17,7.73,,,44,44.086,,4.85,0.31,0.35,4.54,7.24E-07,5.03E-08,,,2.59E-07,2.74E-08,1.78E-04,2.15E-06,4.63E-04,4.40E-06,1.43E-07,2.53E-08,2.21E-04,1.71E-05,1.60E-05,2.40E-07,2.02E-09,2.33E-10,,,1.30E-05,1.06E-07,2.03E-03,1.90E-05,4.50E-05,5.43E-07,2.35E-08,3.35E-09,3.19E-08,2.70E-09,1.70E-09,2.40E-10,4.01E-09,8.13E-10,2.66E-06,2.39E-08,2.12E-09,7.98E-11,3.33E-06,1.49E-08,5.85E-10,2.32E-10,,,,,4.13E-10,2.06E-10,,,,,,,1.79E-06,1.28E-08,3.88E-10,2.53E-11,,,,,3.43E-10,2.35E-11,1.13E-05,1.11E-06,1.45E-09,2.47E-10
MCP1-4D,8/15/17,7.86,,,35,43.584,,4.92,0.27,0.32,4.65,6.69E-07,7.23E-08,,,5.52E-07,2.15E-08,1.70E-04,1.86E-06,4.61E-04,2.21E-06,1.26E-07,3.80E-08,2.33E-04,1.49E-06,1.56E-05,1.84E-07,3.04E-09,2.57E-10,,,1.28E-05,1.56E-07,2.03E-03,1.46E-05,4.70E-05,4.51E-07,1.61E-08,2.48E-09,3.17E-08,2.39E-09,1.70E-09,1.82E-10,2.51E-07,4.41E-09,2.15E-06,3.16E-08,1.98E-09,2.20E-10,3.26E-06,3.04E-08,,,,,,,,,,,,,,,1.81E-06,2.50E-09,4.14E-10,6.82E-11,1.28E-09,1.16E-10,,,3.40E-10,6.04E-11,9.71E-06,1.20E-06,,
MCP1-4D,8/18/17,7.72,,,9,35.132,,5.11,0.26,0.3,4.85,7.01E-07,6.43E-08,,,5.88E-07,2.06E-08,1.67E-04,2.55E-06,4.60E-04,9.40E-06,1.16E-07,2.57E-08,2.33E-04,2.36E-06,1.58E-05,2.53E-07,3.58E-09,1.74E-10,,,1.31E-05,2.74E-07,2.03E-03,3.96E-05,4.23E-05,4.98E-07,,,3.11E-08,1.55E-09,1.94E-09,2.17E-10,3.55E-09,1.17E-09,1.57E-06,1.96E-08,2.10E-09,1.04E-10,3.28E-06,4.51E-08,,,,,,,,,,,,,,,1.90E-06,1.85E-08,4.64E-10,5.55E-11,7.50E-10,8.10E-11,,,2.74E-10,4.42E-11,1.02E-05,1.17E-06,,
MCP1-4D,8/22/17,8.18,,,4,42.957,,4.9,0.27,0.31,4.63,6.72E-07,7.80E-08,,,5.93E-07,3.18E-08,1.66E-04,9.92E-07,4.51E-04,7.65E-06,4.54E-07,3.27E-08,2.32E-04,2.10E-06,1.60E-05,2.54E-07,3.65E-09,3.60E-10,4.59E-09,1.01E-10,1.28E-05,2.05E-07,1.99E-03,1.65E-05,4.13E-05,5.30E-07,2.07E-08,4.01E-09,3.22E-08,2.05E-09,1.98E-09,1.67E-10,,,1.79E-06,1.30E-08,2.10E-09,2.08E-10,3.28E-06,4.19E-08,,,,,,,,,,,,,,,1.85E-06,1.64E-08,4.36E-10,6.60E-11,3.52E-10,1.16E-10,,,2.82E-10,4.06E-11,1.02E-05,1.36E-06,,
MCP1-4D,8/24/17,7.92,,,3,39.161,,5.07,0.26,0.31,4.81,7.15E-07,7.27E-08,,,5.71E-07,2.22E-08,1.65E-04,2.23E-06,4.52E-04,9.16E-06,1.50E-07,4.83E-08,2.29E-04,2.16E-06,1.63E-05,1.88E-07,3.43E-09,1.38E-10,5.50E-09,2.66E-10,1.30E-05,1.88E-07,2.02E-03,1.97E-05,4.42E-05,2.48E-07,1.52E-08,2.06E-09,3.20E-08,1.54E-09,1.83E-09,3.36E-10,4.49E-09,9.62E-10,1.56E-06,2.55E-08,2.23E-09,7.47E-11,3.23E-06,5.22E-08,,,,,,,,,,,,,,,1.82E-06,1.86E-08,4.40E-10,1.87E-11,2.89E-10,8.52E-11,,,2.71E-10,3.65E-11,1.04E-05,1.20E-06,,
MCP1-4D,8/30/17,7.63,,,,40.057,,4.96,0.26,0.3,4.7,7.51E-07,6.49E-08,,,6.86E-07,3.17E-08,1.70E-04,4.32E-06,4.60E-04,7.21E-06,6.24E-07,3.78E-08,2.32E-04,2.29E-06,1.85E-05,3.53E-07,3.99E-09,1.95E-10,3.41E-08,1.61E-09,1.30E-05,1.19E-07,2.03E-03,2.80E-05,4.25E-05,3.51E-07,1.29E-08,6.19E-09,3.59E-08,2.26E-09,2.26E-09,2.87E-10,5.43E-09,5.90E-10,1.56E-06,2.41E-08,2.39E-09,3.17E-10,3.27E-06,5.44E-08,,,,,,,,,,,,,,,1.89E-06,8.77E-09,4.36E-10,3.34E-11,3.48E-09,1.16E-10,,,2.60E-10,4.07E-11,1.11E-05,1.48E-06,1.41E-09,6.57E-10
MCP1-4D,9/1/17,7.34,17.6,964,-70,39.645,,4.97,0.26,0.3,4.7,7.05E-07,6.36E-08,,,6.23E-07,1.57E-08,1.72E-04,1.32E-06,4.60E-04,6.21E-06,1.62E-07,3.63E-08,2.35E-04,1.41E-06,1.67E-05,3.72E-07,3.66E-09,3.54E-10,1.40E-08,3.29E-10,1.32E-05,1.70E-07,2.05E-03,1.29E-05,4.20E-05,1.61E-07,,,3.88E-08,2.91E-09,2.08E-09,4.04E-10,8.11E-09,6.99E-10,1.68E-06,1.59E-08,2.17E-09,1.84E-10,3.30E-06,4.30E-08,,,,,,,,,,,,,,,1.89E-06,2.17E-08,4.68E-10,9.72E-11,1.51E-09,1.15E-10,,,2.73E-10,2.85E-11,1.11E-05,1.47E-06,,
MCP1-4D,9/12/17,7.36,16.9,444,-66,34.094,,4.84,0.26,0.3,4.59,7.13E-07,6.93E-08,,,5.96E-07,1.61E-08,1.72E-04,1.73E-06,4.61E-04,5.23E-06,2.53E-07,2.60E-08,2.35E-04,1.01E-06,1.67E-05,4.13E-07,3.82E-09,2.08E-10,1.27E-08,4.88E-10,1.37E-05,2.66E-07,2.06E-03,1.38E-05,4.31E-05,4.21E-07,,,3.62E-08,1.11E-09,2.02E-09,2.52E-10,,,8.37E-07,1.28E-08,2.32E-09,2.27E-10,3.25E-06,3.56E-08,,,,,,,,,,,,,,,1.84E-06,1.53E-08,4.23E-10,4.03E-11,,,,,2.53E-10,2.94E-11,1.13E-05,1.34E-06,1.23E-09,3.45E-10
MCP1-4D,9/14/17,7.37,19.1,654,-75,41.292,,5.11,0.26,0.3,4.86,6.97E-07,6.22E-08,,,5.91E-07,2.16E-08,1.70E-04,2.91E-06,4.62E-04,9.71E-06,2.19E-07,2.22E-08,2.35E-04,5.13E-06,1.63E-05,2.63E-07,3.34E-09,1.33E-10,,,1.37E-05,1.62E-07,2.05E-03,3.52E-05,3.81E-05,6.28E-07,,,3.49E-08,9.75E-10,1.90E-09,1.95E-10,,,8.23E-07,1.45E-08,2.29E-09,2.21E-10,3.26E-06,5.09E-08,,,,,,,,,,,,,,,1.81E-06,2.37E-08,3.94E-10,5.50E-11,,,,,2.58E-10,3.79E-11,1.12E-05,1.28E-06,1.08E-09,5.74E-10
MCP1-4D,9/19/17,7.46,16.9,467,-47,25.821,,4.95,0.26,0.31,4.69,6.92E-07,5.10E-08,,,5.90E-07,1.54E-08,1.73E-04,4.21E-06,4.67E-04,6.66E-06,1.62E-07,3.71E-08,2.35E-04,3.80E-06,1.68E-05,3.35E-07,3.99E-09,2.49E-10,1.68E-08,3.90E-10,1.37E-05,1.87E-07,2.06E-03,2.87E-05,4.25E-05,6.60E-07,,,3.80E-08,3.76E-09,1.94E-09,2.43E-10,,,3.20E-07,5.23E-09,2.26E-09,1.77E-10,3.25E-06,2.23E-08,,,,,,,,,,,,,,,1.82E-06,9.46E-09,3.98E-10,3.80E-11,,,,,2.70E-10,4.63E-11,1.15E-05,1.57E-06,1.18E-09,8.76E-10
MCP1-4D,9/21/17,7.38,18.1,450,-33,32.679,,5.04,0.26,0.31,4.78,6.91E-07,5.83E-08,,,5.96E-07,3.49E-08,1.72E-04,3.08E-06,4.70E-04,6.76E-06,2.56E-07,2.04E-08,2.34E-04,4.14E-06,1.65E-05,4.86E-07,3.89E-09,1.83E-10,,,1.36E-05,2.60E-07,2.08E-03,1.74E-05,4.44E-05,6.80E-07,,,3.19E-08,1.85E-09,1.94E-09,2.01E-10,3.50E-09,5.99E-10,6.69E-07,1.17E-08,2.14E-09,2.03E-10,3.26E-06,5.46E-08,,,,,,,,,,,,,,,1.81E-06,1.76E-08,4.55E-10,4.09E-11,,,,,2.48E-10,4.70E-11,1.14E-05,1.50E-06,1.38E-09,4.71E-10
MCP1-4D,10/3/17,,,,,,,5.11,0.25,0.3,4.86,7.37E-07,3.02E-08,,,6.25E-07,2.93E-08,1.77E-04,3.75E-06,4.64E-04,7.16E-06,1.69E-07,5.63E-08,2.31E-04,3.43E-06,1.72E-05,3.25E-07,3.51E-09,1.39E-10,2.76E-09,1.51E-10,1.37E-05,2.53E-07,2.07E-03,2.28E-05,4.59E-05,7.02E-07,,,3.29E-08,1.24E-09,2.14E-09,1.42E-10,6.84E-09,2.69E-10,1.65E-06,1.17E-08,2.34E-09,1.85E-10,3.24E-06,5.12E-08,9.74E-10,2.31E-10,,,,,,,,,,,,,1.80E-06,8.04E-09,4.46E-10,4.05E-11,1.31E-09,1.05E-10,,,2.93E-10,2.46E-11,1.13E-05,1.63E-06,1.20E-09,6.29E-10
MCP1-5D,6/8/17,7.48,9.3,477,-28,30.262,34.377,,,,,,,,,,,,,,,,,,,,,,,,,,,,,,,,,,,,,,,,,,,,,,,,,,,,,,,,,,,,,,,,,,,,,,,,
MCP1-5D,6/14/17,7.36,11.2,371,-77,29.528,2.938,6.12,0.14,0.18,5.98,2.44E-06,7.62E-08,,,1.67E-06,4.25E-08,6.49E-04,6.34E-06,4.77E-04,4.67E-06,,,1.80E-04,1.10E-06,3.83E-05,5.10E-07,3.96E-09,1.24E-10,2.76E-09,9.55E-10,3.30E-06,4.62E-08,1.83E-03,1.51E-05,3.36E-05,3.51E-06,2.24E-08,2.70E-09,2.74E-08,4.89E-09,1.80E-09,1.10E-10,4.44E-09,5.81E-10,5.43E-06,2.34E-08,5.38E-09,1.73E-10,5.46E-06,5.89E-08,,,,,,,,,,,,,2.48E-11,4.78E-12,5.89E-06,5.29E-08,1.28E-09,7.92E-11,5.05E-10,4.24E-11,,,1.83E-10,2.55E-11,4.81E-06,1.44E-07,,
MCP1-5D,6/19/17,7.31,13.6,408,-75,30.083,1.25,6.46,0.14,0.18,6.32,2.48E-06,1.63E-08,,,1.76E-06,1.46E-08,6.57E-04,7.92E-06,4.75E-04,3.39E-06,,,1.85E-04,1.74E-06,3.91E-05,4.80E-07,4.02E-09,2.28E-10,,,3.31E-06,4.86E-08,1.80E-03,1.75E-05,3.02E-05,2.87E-07,1.92E-08,1.95E-09,2.84E-08,4.77E-09,1.65E-09,1.42E-10,4.85E-09,4.85E-10,3.67E-06,2.61E-08,5.37E-09,9.85E-11,5.44E-06,3.56E-08,,,,,,,,,,,,,2.92E-11,7.37E-12,5.92E-06,7.18E-08,1.34E-09,5.05E-11,2.89E-10,2.43E-11,,,1.90E-10,1.78E-11,4.88E-06,9.29E-08,6.19E-10,2.61E-10
MCP1-5D,6/22/17,7.38,10.5,350,-36,30.835,1.906,6.36,0.14,0.18,6.22,2.48E-06,3.11E-08,,,1.77E-06,2.50E-08,6.60E-04,8.56E-06,4.75E-04,6.94E-06,,,1.89E-04,1.68E-06,3.98E-05,4.45E-07,4.02E-09,9.37E-11,2.39E-09,2.48E-09,3.33E-06,3.86E-08,1.81E-03,1.79E-05,3.09E-05,1.30E-07,1.97E-08,2.67E-09,2.88E-08,4.60E-09,1.66E-09,2.16E-10,8.39E-09,3.26E-09,2.55E-06,1.41E-08,5.61E-09,1.72E-10,5.45E-06,3.99E-08,,,,,,,,,,,,,3.58E-11,9.54E-12,5.93E-06,3.76E-08,1.29E-09,1.27E-10,1.14E-09,7.55E-11,,,1.82E-10,1.01E-11,5.10E-06,7.47E-08,,
MCP1-5D,6/23/17,7.1,13.3,967,-43,31.927,2.281,6.41,0.14,0.18,6.27,2.47E-06,4.60E-08,,,1.77E-06,2.42E-08,6.72E-04,7.39E-06,4.73E-04,4.00E-06,,,1.89E-04,1.78E-06,3.92E-05,5.93E-07,4.13E-09,1.81E-10,,,3.33E-06,3.56E-08,1.81E-03,9.75E-06,3.07E-05,2.64E-07,2.18E-08,2.06E-09,2.71E-08,4.89E-09,1.86E-09,1.69E-10,1.20E-08,1.15E-09,2.76E-06,2.26E-08,5.68E-09,8.34E-11,5.48E-06,3.13E-08,,,,,,,,,,,,,2.96E-11,7.52E-12,5.95E-06,1.28E-08,1.29E-09,5.17E-11,1.96E-10,1.95E-11,,,1.90E-10,1.08E-11,5.12E-06,1.34E-07,6.46E-10,2.48E-10
MCP1-5D,6/26/17,7.6,12.4,399,-39,29.85,2.094,6.33,0.14,0.18,6.19,2.47E-06,3.42E-08,,,1.76E-06,3.64E-08,6.71E-04,5.81E-06,4.71E-04,4.56E-06,,,1.93E-04,1.47E-06,3.97E-05,4.98E-07,3.87E-09,1.20E-10,,,3.32E-06,3.01E-08,1.82E-03,6.66E-06,3.03E-05,3.26E-07,2.12E-08,2.03E-09,2.80E-08,4.59E-09,1.73E-09,9.40E-11,6.57E-09,3.33E-10,4.88E-06,2.01E-08,5.75E-09,1.38E-10,5.48E-06,2.57E-08,,,,,,,,,,,,,2.84E-11,1.00E-11,5.88E-06,2.93E-08,1.31E-09,3.51E-11,3.36E-10,2.71E-11,,,1.83E-10,2.27E-11,5.15E-06,8.27E-08,,
MCP1-5D,6/28/17,7.88,12.4,409,-13,29.008,2.813,6.42,0.15,0.18,6.27,2.52E-06,2.60E-08,,,1.84E-06,1.84E-08,6.53E-04,3.76E-06,4.64E-04,3.25E-06,,,1.81E-04,1.42E-06,3.90E-05,5.28E-07,3.86E-09,1.41E-10,6.09E-10,9.26E-10,3.32E-06,4.64E-08,1.80E-03,8.81E-06,2.94E-05,2.67E-07,2.36E-08,2.03E-09,2.79E-08,4.58E-09,1.83E-09,8.63E-11,1.24E-08,6.21E-10,9.63E-06,3.20E-08,5.78E-09,1.95E-10,5.51E-06,4.73E-08,,,,,,,,,,,,,2.80E-11,7.39E-12,5.87E-06,4.42E-08,1.27E-09,9.56E-11,6.86E-10,1.04E-10,,,2.17E-10,2.70E-11,5.15E-06,1.10E-07,8.06E-10,2.58E-10
MCP1-5D,6/30/17,7.33,14,412,-37,27.522,3.313,6.48,0.15,0.18,6.34,2.53E-06,2.75E-08,,,1.83E-06,1.45E-08,6.60E-04,6.80E-06,4.66E-04,3.71E-06,,,1.87E-04,1.16E-06,3.96E-05,4.04E-07,3.96E-09,1.41E-10,3.19E-10,9.24E-10,3.31E-06,4.43E-08,1.81E-03,9.11E-06,2.95E-05,2.94E-07,2.18E-08,1.49E-09,2.87E-08,4.60E-09,1.86E-09,1.93E-10,9.05E-09,1.29E-09,8.39E-06,3.94E-08,5.61E-09,2.20E-10,5.49E-06,5.31E-08,,,,,,,,,,,,,3.61E-11,1.54E-11,5.88E-06,3.56E-08,1.27E-09,7.11E-11,6.32E-10,1.27E-11,,,1.85E-10,1.44E-11,5.21E-06,1.60E-07,6.68E-10,2.55E-10
MCP1-5D,7/3/17,7.42,12.7,426,-38,30.405,5.5,6.55,0.15,0.19,6.4,2.52E-06,3.25E-08,,,1.84E-06,1.89E-08,6.67E-04,6.46E-06,4.65E-04,3.41E-06,,,1.96E-04,1.18E-06,4.02E-05,5.32E-07,4.13E-09,1.51E-10,5.13E-10,9.19E-10,3.27E-06,4.91E-08,1.81E-03,1.06E-05,3.04E-05,2.80E-07,2.67E-08,1.18E-08,2.72E-08,4.86E-09,1.66E-09,8.81E-11,8.66E-09,3.60E-10,3.41E-06,1.61E-08,5.95E-09,8.97E-11,5.47E-06,7.61E-08,,,,,,,,,,,,,3.20E-11,1.26E-11,5.91E-06,6.46E-08,1.36E-09,8.35E-11,5.69E-10,4.36E-11,,,1.97E-10,1.24E-11,5.42E-06,1.49E-07,6.92E-10,1.86E-10
MCP1-5D,7/6/17,7.57,14.4,356,-43,,3.594,6.5,0.15,0.18,6.35,2.58E-06,1.80E-08,,,1.88E-06,3.05E-08,6.63E-04,4.83E-06,4.66E-04,5.53E-06,,,2.00E-04,1.32E-06,4.21E-05,5.47E-07,4.10E-09,1.57E-10,6.94E-10,9.37E-10,3.31E-06,3.99E-08,1.81E-03,1.79E-05,2.88E-05,3.49E-07,1.97E-08,1.61E-09,3.15E-08,4.85E-09,1.97E-09,1.22E-10,6.15E-09,3.70E-10,1.14E-05,3.35E-08,6.42E-09,2.11E-10,5.53E-06,5.67E-08,,,,,,,,,,,,,2.55E-11,7.77E-12,5.95E-06,3.40E-08,1.36E-09,3.08E-11,9.69E-10,4.44E-11,,,2.08E-10,1.85E-11,5.50E-06,1.83E-07,1.04E-09,3.29E-10
MCP1-5D,7/7/17,8.17,15.2,396,65,,25.033,6.41,0.15,0.18,6.26,2.59E-06,1.71E-08,,,1.88E-06,2.23E-08,6.75E-04,3.54E-06,4.66E-04,1.61E-06,,,2.04E-04,1.73E-06,4.11E-05,6.95E-07,4.48E-09,1.67E-10,5.98E-09,1.15E-09,3.36E-06,4.49E-08,1.83E-03,1.84E-05,3.04E-05,2.44E-07,2.26E-08,1.66E-09,2.74E-08,4.66E-09,1.85E-09,1.55E-10,7.26E-09,4.73E-10,4.17E-06,1.87E-08,6.14E-09,2.03E-10,5.54E-06,4.49E-08,,,,,,,,,,,,,3.63E-11,1.09E-11,5.97E-06,7.72E-08,1.37E-09,6.52E-11,2.80E-10,2.66E-11,,,2.02E-10,2.09E-11,5.58E-06,1.52E-07,9.82E-10,1.69E-10
MCP1-5D,7/11/17,7.82,13.4,457,36,,37.034,6.47,0.15,0.18,6.32,2.61E-06,3.50E-08,,,1.93E-06,2.59E-08,6.59E-04,4.48E-06,4.64E-04,1.84E-06,,,2.07E-04,1.36E-06,4.42E-05,7.16E-07,4.41E-09,1.94E-10,6.34E-10,9.31E-10,3.36E-06,5.21E-08,1.82E-03,1.06E-05,2.99E-05,2.18E-07,2.10E-08,1.44E-09,3.02E-08,4.70E-09,1.83E-09,2.33E-10,1.42E-08,6.54E-10,5.33E-06,3.95E-08,6.42E-09,1.10E-10,5.57E-06,4.03E-08,,,,,,,,,,,,,3.18E-11,1.19E-11,6.00E-06,2.75E-08,1.36E-09,1.32E-10,1.67E-09,8.98E-11,,,2.25E-10,2.16E-11,5.65E-06,1.52E-07,9.42E-10,2.17E-10
MCP1-5D,7/13/17,7.76,12.5,410,-68,36.762,2.875,6.34,0.16,0.19,6.19,2.60E-06,5.25E-08,,,1.92E-06,5.15E-08,6.77E-04,4.91E-06,4.60E-04,2.36E-06,,,2.07E-04,1.15E-06,4.72E-05,7.09E-07,4.22E-09,7.02E-11,2.16E-09,9.20E-10,3.35E-06,5.27E-08,1.81E-03,9.09E-06,3.30E-05,3.52E-07,2.79E-08,7.02E-09,3.33E-08,4.56E-09,2.27E-09,1.25E-10,6.16E-09,5.14E-10,1.70E-05,8.04E-08,6.94E-09,1.47E-10,5.58E-06,2.69E-08,,,,,,,,,,,,,4.17E-11,7.76E-12,5.83E-06,2.72E-08,1.36E-09,3.36E-11,2.95E-09,1.10E-10,,,2.86E-10,1.61E-11,5.52E-06,1.38E-07,1.46E-09,2.18E-10
MCP1-5D,7/17/17,7.7,18.8,393,16,29.957,39.002,6.48,0.15,0.18,6.33,2.66E-06,3.05E-08,,,2.00E-06,2.48E-08,6.76E-04,6.13E-06,4.57E-04,2.83E-06,,,2.13E-04,1.62E-06,4.39E-05,5.80E-07,5.55E-09,1.75E-10,1.27E-09,9.92E-10,3.33E-06,3.72E-08,1.82E-03,1.55E-05,3.04E-05,2.12E-07,2.59E-08,5.76E-09,2.73E-08,4.69E-09,1.82E-09,1.55E-10,5.12E-09,8.46E-10,5.16E-06,3.02E-08,6.67E-09,1.38E-10,5.60E-06,3.59E-08,,,,,,,,,,,,,3.47E-11,8.69E-12,5.99E-06,4.62E-08,1.42E-09,6.12E-11,8.96E-10,6.96E-11,,,2.78E-10,1.54E-11,5.90E-06,1.58E-07,1.02E-09,3.49E-10
MCP1-5D,7/19/17,7.49,12.6,285,24,30.029,8.907,6.55,0.15,0.18,6.4,2.69E-06,4.48E-08,,,1.99E-06,3.03E-08,6.75E-04,5.86E-06,4.59E-04,3.55E-06,,,2.15E-04,1.36E-06,4.42E-05,5.00E-07,4.61E-09,1.21E-10,2.60E-09,9.18E-10,3.36E-06,4.55E-08,1.84E-03,8.04E-06,3.09E-05,2.68E-07,2.14E-08,1.79E-09,2.78E-08,4.81E-09,1.95E-09,1.07E-10,3.05E-09,3.25E-10,5.25E-06,2.15E-08,6.73E-09,1.33E-10,5.63E-06,4.72E-08,,,,,,,,,,,,,3.49E-11,1.32E-11,5.97E-06,5.76E-08,1.38E-09,5.85E-11,1.14E-09,6.54E-11,,,2.22E-10,1.88E-11,5.72E-06,1.08E-07,9.01E-10,1.75E-10
MCP1-5D,7/20/17,7.63,16.2,263,18,28.31,28.721,6.35,0.15,0.19,6.2,2.69E-06,3.66E-08,,,2.02E-06,2.57E-08,6.72E-04,6.07E-06,4.58E-04,3.62E-06,,,2.16E-04,1.28E-06,4.60E-05,5.27E-07,4.20E-09,1.06E-10,9.21E-10,9.30E-10,3.38E-06,3.68E-08,1.83E-03,9.41E-06,3.01E-05,2.24E-07,2.40E-08,2.27E-09,3.00E-08,4.71E-09,2.01E-09,1.53E-10,1.53E-08,6.25E-10,1.05E-05,4.86E-08,7.04E-09,9.48E-11,5.64E-06,4.59E-08,,,,,,,,,,,,,4.42E-11,7.09E-12,5.90E-06,4.34E-08,1.37E-09,7.21E-11,8.78E-10,4.67E-11,,,2.28E-10,1.32E-11,5.64E-06,8.11E-08,7.27E-10,2.10E-10
MCP1-5D,7/24/17,7.49,13.8,421,3,35.401,2.969,5.16,0.14,0.18,5.02,2.87E-06,6.04E-08,,,2.30E-06,2.25E-08,6.19E-04,6.37E-06,5.05E-04,4.77E-06,2.98E-07,1.52E-08,2.14E-04,1.53E-05,4.66E-05,2.75E-07,3.82E-09,2.15E-10,,,3.97E-06,2.83E-08,1.94E-03,2.28E-05,3.57E-05,2.50E-07,3.87E-08,3.18E-09,3.05E-08,3.17E-09,1.62E-09,2.21E-10,4.29E-09,9.68E-10,5.94E-06,1.71E-08,7.20E-09,3.84E-10,5.23E-06,4.35E-08,6.06E-10,1.63E-10,,,,,,,,,,,5.77E-11,1.56E-11,6.50E-06,7.06E-08,1.27E-09,7.69E-11,8.32E-10,7.99E-11,,,2.64E-10,4.52E-11,7.27E-06,2.53E-07,2.08E-09,1.98E-10
MCP1-5D,7/26/17,7.79,15.3,484,-18,29.187,2.469,5.26,0.14,0.18,5.12,2.90E-06,6.25E-08,,,2.29E-06,4.95E-08,6.33E-04,6.35E-06,5.06E-04,3.62E-06,1.35E-07,2.93E-08,2.16E-04,1.68E-05,4.36E-05,3.91E-07,3.47E-09,2.97E-10,,,3.92E-06,5.22E-08,1.93E-03,1.89E-05,3.53E-05,1.26E-07,2.93E-08,3.26E-09,3.16E-08,1.55E-09,1.62E-09,1.59E-10,1.48E-08,8.79E-10,5.04E-06,3.36E-08,7.29E-09,1.02E-10,5.26E-06,2.73E-08,,,,,,,,,,,,,4.69E-11,1.66E-11,6.47E-06,3.19E-08,1.31E-09,1.17E-10,1.45E-09,6.11E-11,,,2.33E-10,2.99E-11,7.75E-06,1.65E-07,2.57E-09,6.41E-10
MCP1-5D,7/28/17,7.23,12.3,403,22,29.743,21.564,5.21,0.15,0.19,5.06,2.95E-06,7.07E-08,,,2.32E-06,5.16E-08,6.30E-04,7.20E-06,5.09E-04,4.91E-06,,,2.17E-04,1.66E-05,4.54E-05,4.05E-07,3.40E-09,2.74E-10,,,3.91E-06,4.93E-08,1.94E-03,1.65E-05,3.50E-05,2.05E-07,2.63E-08,4.15E-09,3.20E-08,2.04E-09,1.36E-09,2.06E-10,,,4.59E-06,3.70E-08,6.87E-09,2.26E-10,5.26E-06,4.16E-08,4.66E-10,1.61E-10,,,,,,,,,,,3.49E-11,4.14E-12,6.51E-06,7.35E-08,1.30E-09,5.14E-11,2.83E-10,3.00E-11,,,2.45E-10,2.35E-11,7.36E-06,2.37E-07,1.79E-09,2.69E-10
MCP1-5D,7/31/17,7.51,17.7,326,-36,28.847,2.813,5.41,0.14,0.19,5.26,7.23E-07,1.83E-08,,,2.67E-07,8.18E-09,1.75E-04,3.26E-06,4.63E-04,3.14E-06,,,2.03E-04,1.85E-05,1.56E-05,1.82E-07,2.01E-09,1.85E-10,,,1.32E-05,1.62E-07,2.03E-03,1.24E-05,4.70E-05,3.94E-07,2.27E-08,3.52E-09,3.21E-08,2.64E-09,1.86E-09,1.49E-10,,,3.46E-06,2.15E-08,2.07E-09,1.33E-10,5.25E-06,2.01E-08,6.03E-10,1.34E-10,,,,,,,,,,,,,1.79E-06,2.37E-08,3.82E-10,3.14E-11,,,,,3.05E-10,3.44E-11,1.04E-05,7.75E-07,2.30E-09,6.51E-10
MCP1-5D,8/2/17,7.89,,,-48,30.781,2.125,5.53,0.14,0.18,5.39,2.95E-06,1.03E-07,,,2.33E-06,4.01E-08,6.20E-04,7.81E-06,5.09E-04,3.55E-06,1.77E-07,1.31E-08,2.13E-04,2.06E-05,4.66E-05,5.62E-07,4.50E-09,2.40E-10,,,3.98E-06,4.67E-08,1.96E-03,2.11E-05,3.62E-05,1.56E-07,2.55E-08,3.87E-09,3.12E-08,1.89E-09,6.81E-09,3.91E-10,5.60E-09,9.74E-10,6.06E-06,3.66E-08,7.27E-09,2.44E-10,5.32E-06,4.05E-08,,,,,,,,,,,,,3.26E-11,1.72E-11,6.43E-06,4.27E-08,1.26E-09,9.32E-11,6.06E-10,6.21E-11,,,2.43E-10,3.27E-11,7.30E-06,1.99E-07,2.34E-09,7.66E-10
MCP1-5D,8/4/17,7.71,,,-21,30.065,3.25,5.34,0.14,0.18,5.19,2.95E-06,6.59E-08,,,2.34E-06,4.70E-08,6.18E-04,7.92E-06,5.13E-04,3.83E-06,1.81E-07,1.26E-08,1.91E-04,1.58E-06,4.83E-05,6.19E-07,3.65E-09,3.11E-10,,,3.98E-06,4.08E-08,1.95E-03,1.51E-05,3.56E-05,1.18E-07,2.55E-08,3.22E-09,3.17E-08,2.21E-09,1.47E-09,1.33E-10,8.07E-09,7.38E-10,4.72E-06,9.93E-09,7.34E-09,2.34E-10,5.31E-06,1.90E-08,,,,,,,,,,,,,4.01E-11,8.68E-12,6.47E-06,8.55E-08,1.24E-09,1.06E-10,3.52E-10,5.79E-11,,,2.58E-10,1.39E-11,7.51E-06,2.19E-07,2.02E-09,4.04E-10
MCP1-5D,8/7/17,7.78,,,-23,30.889,2.219,5.4,0.14,0.18,5.26,2.93E-06,5.07E-08,,,2.34E-06,4.55E-08,6.11E-04,7.05E-06,5.16E-04,3.47E-06,3.33E-07,2.37E-08,1.93E-04,7.02E-07,5.00E-05,5.03E-07,3.53E-09,1.96E-10,,,4.00E-06,4.61E-08,1.96E-03,1.33E-05,3.58E-05,3.59E-07,2.55E-08,3.53E-09,3.20E-08,1.48E-09,1.48E-09,2.76E-10,7.33E-09,9.10E-10,4.79E-06,2.23E-08,7.73E-09,2.50E-10,5.33E-06,6.23E-08,,,,,,,,,,,,,4.57E-11,1.75E-11,6.48E-06,7.81E-08,1.23E-09,5.17E-11,4.97E-10,4.70E-11,,,2.67E-10,2.60E-11,7.45E-06,2.46E-07,2.10E-09,3.65E-10
MCP1-5D,8/9/17,7.68,,,3,31.927,2.719,5.56,0.14,0.18,5.41,2.99E-06,3.39E-08,,,2.34E-06,3.29E-08,6.25E-04,7.69E-06,5.19E-04,4.54E-06,2.69E-07,2.28E-08,1.94E-04,5.45E-07,4.99E-05,6.49E-07,3.98E-09,2.00E-10,,,4.00E-06,4.32E-08,1.97E-03,1.43E-05,3.62E-05,2.57E-07,2.86E-08,4.30E-09,3.37E-08,2.90E-09,1.80E-09,2.56E-10,4.62E-09,7.83E-10,4.82E-06,5.07E-08,7.73E-09,1.79E-10,5.38E-06,4.06E-08,5.21E-10,1.73E-10,,,,,,,,,,,6.08E-11,1.98E-11,6.55E-06,5.16E-08,1.32E-09,5.18E-11,5.40E-10,7.23E-11,,,2.41E-10,4.07E-11,7.31E-06,2.38E-07,2.23E-09,4.99E-10
MCP1-5D,8/11/17,7.68,,,12,32.249,2.5,5.43,0.14,0.18,5.29,2.94E-06,8.40E-08,,,2.36E-06,4.66E-08,6.20E-04,7.11E-06,5.19E-04,1.89E-06,,,2.09E-04,1.93E-05,5.00E-05,6.76E-07,3.27E-09,2.32E-10,,,4.02E-06,6.00E-08,1.97E-03,2.18E-05,3.61E-05,2.07E-07,2.40E-08,4.50E-09,3.45E-08,2.77E-09,1.60E-09,2.10E-10,4.56E-09,1.04E-09,6.67E-06,5.13E-08,7.74E-09,3.51E-10,5.37E-06,4.90E-08,,,,,,,,,,,,,3.41E-11,2.04E-11,6.50E-06,5.20E-08,1.34E-09,4.76E-11,5.99E-10,3.97E-11,,,2.56E-10,2.52E-11,7.32E-06,2.30E-07,2.07E-09,2.17E-10
MCP1-5D,8/15/17,7.72,,,-44,31.838,2.75,5.47,0.12,0.16,5.35,3.10E-06,5.98E-08,,,2.90E-06,7.54E-08,6.52E-04,1.38E-05,5.37E-04,1.04E-05,2.45E-07,8.54E-08,2.44E-04,6.05E-06,5.47E-05,7.88E-07,5.04E-09,3.38E-10,4.27E-09,1.98E-10,4.21E-06,6.93E-08,2.10E-03,2.53E-05,3.89E-05,2.63E-07,,,3.15E-08,2.70E-09,1.83E-09,2.45E-10,7.67E-09,6.86E-10,4.99E-06,3.08E-08,8.06E-09,3.14E-10,5.52E-06,6.91E-08,7.26E-10,1.69E-10,,,,,,,,,,,3.71E-11,1.76E-11,6.80E-06,4.47E-08,1.48E-09,1.25E-10,1.40E-09,1.34E-10,,,2.70E-10,3.68E-11,7.56E-06,1.08E-07,1.45E-09,3.80E-10
MCP1-5D,8/18/17,7.86,,,-23,30.19,2.438,5.67,0.13,0.17,5.54,2.97E-06,6.27E-08,,,2.83E-06,2.02E-08,6.36E-04,8.46E-06,5.26E-04,6.67E-06,7.13E-07,4.11E-08,2.37E-04,2.19E-06,5.33E-05,8.17E-07,4.79E-09,2.51E-10,1.19E-08,4.55E-10,4.09E-06,6.67E-08,2.05E-03,2.71E-05,3.78E-05,4.13E-07,,,3.61E-08,1.50E-09,2.26E-09,2.29E-10,9.13E-09,4.73E-10,6.00E-06,6.32E-08,8.10E-09,2.83E-10,5.32E-06,6.73E-08,5.95E-10,1.68E-10,,,,,,,,,,,4.37E-11,7.63E-12,6.61E-06,5.24E-08,1.53E-09,5.92E-11,5.99E-10,1.09E-10,,,2.35E-10,2.60E-11,7.16E-06,2.20E-07,1.36E-09,6.45E-10
MCP1-5D,8/22/17,7.81,,,4,28.525,3.844,5.57,0.13,0.17,5.44,3.02E-06,6.17E-08,,,2.77E-06,2.02E-08,5.76E-04,8.25E-06,5.00E-04,1.02E-05,1.43E-07,6.82E-08,2.29E-04,4.17E-06,5.44E-05,8.83E-07,4.53E-09,2.34E-10,3.50E-09,1.55E-10,3.98E-06,8.19E-08,1.88E-03,3.78E-05,3.64E-05,6.30E-07,4.40E-08,7.68E-09,3.05E-08,8.42E-10,2.15E-09,1.80E-10,2.54E-08,6.72E-10,1.46E-05,2.49E-07,8.81E-09,2.73E-10,5.27E-06,7.21E-08,1.35E-09,1.05E-10,,,9.68E-10,2.00E-10,,,,,,,5.04E-11,2.58E-11,6.59E-06,4.53E-08,1.46E-09,4.95E-11,1.03E-09,9.38E-11,,,2.97E-10,3.16E-11,6.11E-06,2.14E-07,2.02E-09,3.32E-10
MCP1-5D,8/24/17,7.77,,,5,30.853,3.406,5.58,0.12,0.16,5.45,3.06E-06,1.26E-07,,,2.69E-06,5.33E-08,5.83E-04,9.26E-06,4.99E-04,6.41E-06,,,2.29E-04,2.69E-06,5.39E-05,9.60E-07,4.48E-09,2.24E-10,2.53E-08,1.14E-09,4.04E-06,7.82E-08,1.91E-03,3.11E-05,3.76E-05,2.24E-07,4.11E-08,2.99E-09,3.05E-08,1.65E-09,2.03E-09,1.92E-10,1.06E-08,5.47E-10,1.73E-05,1.50E-07,8.10E-09,4.18E-10,5.29E-06,5.48E-08,8.93E-10,1.86E-10,,,,,,,,,,,4.02E-11,7.29E-12,6.58E-06,7.77E-08,1.46E-09,1.02E-10,7.19E-10,9.03E-11,,,2.62E-10,1.93E-11,6.23E-06,1.33E-07,1.79E-09,1.96E-10
MCP1-5D,8/30/17,7.69,,,,32.984,7.657,5.67,0.13,0.17,5.55,2.98E-06,7.72E-08,,,2.75E-06,3.36E-08,5.87E-04,4.67E-06,4.90E-04,6.57E-06,1.87E-06,7.79E-08,2.31E-04,1.80E-06,5.49E-05,9.28E-07,4.57E-09,2.45E-10,1.14E-08,1.67E-10,4.20E-06,6.55E-08,1.93E-03,1.63E-05,4.15E-05,4.53E-07,4.69E-08,8.63E-09,3.12E-08,1.12E-09,1.99E-09,2.80E-10,3.13E-07,8.26E-09,1.22E-05,1.13E-07,7.91E-09,1.65E-10,5.21E-06,1.19E-07,7.68E-10,3.04E-10,,,,,,,,,,,4.06E-11,7.52E-12,6.60E-06,5.64E-08,1.45E-09,1.10E-10,6.44E-09,3.71E-10,,,2.47E-10,3.56E-11,6.27E-06,1.23E-07,2.73E-09,4.62E-10
MCP1-5D,9/1/17,7.37,14.1,1022,-80,27.827,15.063,5.63,0.13,0.16,5.5,3.07E-06,2.86E-08,,,2.76E-06,2.73E-08,6.18E-04,1.26E-05,5.00E-04,9.75E-06,9.10E-08,3.62E-08,2.34E-04,3.61E-06,5.47E-05,1.97E-06,8.20E-09,2.61E-10,6.76E-09,5.79E-10,4.05E-06,4.84E-08,1.58E-03,5.17E-05,3.13E-05,5.86E-07,3.72E-08,4.78E-09,3.34E-08,1.14E-09,2.15E-09,1.59E-10,1.02E-08,7.73E-10,1.56E-05,1.62E-07,8.59E-09,3.25E-10,5.23E-06,8.13E-08,7.36E-10,1.43E-10,,,,,,,,,,,4.60E-11,1.68E-11,6.66E-06,4.11E-08,1.44E-09,7.92E-11,2.37E-09,1.09E-10,,,2.90E-10,2.26E-11,6.16E-06,2.64E-07,3.10E-09,1.90E-10
MCP1-5D,9/12/17,7.25,16.2,544,-117,31.873,7.188,5.7,0.12,0.16,5.57,3.08E-06,4.46E-08,,,2.79E-06,8.52E-08,6.54E-04,5.47E-06,5.06E-04,6.40E-06,,,2.36E-04,2.29E-06,5.81E-05,6.64E-07,4.44E-09,1.92E-10,4.93E-09,1.82E-10,4.02E-06,6.38E-08,1.91E-03,1.70E-05,3.78E-05,4.16E-07,3.62E-08,3.60E-09,3.28E-08,1.87E-09,2.08E-09,1.88E-10,9.52E-09,6.30E-10,1.06E-05,5.95E-08,8.32E-09,2.78E-10,5.26E-06,8.15E-08,8.27E-10,1.98E-10,,,,,,,,,,,6.13E-11,6.86E-12,6.74E-06,7.18E-08,1.48E-09,9.33E-11,9.41E-10,1.32E-10,,,2.13E-10,3.53E-11,6.29E-06,2.53E-07,2.33E-09,2.70E-10
MCP1-5D,9/14/17,7.39,12.8,721,-81,32.196,12.157,5.7,0.12,0.16,5.58,3.12E-06,6.42E-08,,,2.79E-06,2.01E-08,6.52E-04,7.88E-06,5.05E-04,6.22E-06,,,2.36E-04,1.32E-06,5.87E-05,1.01E-06,4.61E-09,1.32E-10,,,4.14E-06,6.92E-08,1.94E-03,2.43E-05,3.85E-05,3.70E-07,3.18E-08,3.48E-09,3.06E-08,1.99E-09,1.92E-09,3.44E-10,8.19E-09,5.68E-10,1.52E-05,2.39E-07,8.33E-09,3.23E-10,5.25E-06,8.31E-08,8.03E-10,2.02E-10,,,,,,,,,,,3.59E-11,2.87E-11,6.66E-06,5.88E-08,1.42E-09,5.16E-11,1.03E-09,1.21E-10,,,2.61E-10,2.27E-11,6.20E-06,2.76E-07,3.05E-09,6.06E-10
MCP1-5D,9/19/17,7.34,15.3,510,-90,32.285,13.563,5.82,0.12,0.16,5.7,3.06E-06,1.17E-07,,,2.72E-06,9.93E-08,6.50E-04,1.28E-05,5.11E-04,1.00E-05,2.98E-07,6.60E-08,2.36E-04,3.81E-06,5.57E-05,9.66E-07,5.71E-09,2.47E-10,1.19E-08,5.67E-10,4.07E-06,5.76E-08,1.97E-03,1.79E-05,3.69E-05,1.22E-07,3.07E-08,3.40E-09,3.17E-08,1.93E-09,1.85E-09,1.60E-10,1.24E-08,6.58E-10,1.13E-05,1.01E-07,8.40E-09,3.58E-10,5.36E-06,5.69E-08,7.66E-10,1.06E-10,,,,,,,,,,,4.59E-11,1.36E-11,6.66E-06,5.86E-08,1.45E-09,8.85E-11,1.25E-09,6.81E-11,,,2.61E-10,3.22E-11,6.21E-06,1.93E-07,2.04E-09,2.83E-10
MCP1-5D,9/21/17,7.22,14.5,501,-60,27.701,5.438,5.79,0.12,0.16,5.66,3.06E-06,5.12E-08,,,2.71E-06,5.02E-08,6.45E-04,9.27E-06,5.10E-04,1.33E-05,1.67E-07,5.90E-08,2.36E-04,3.31E-06,5.63E-05,9.15E-07,6.26E-09,1.91E-10,1.16E-08,3.46E-10,4.28E-06,5.57E-08,2.00E-03,2.23E-05,3.74E-05,4.13E-07,3.03E-08,4.75E-09,3.30E-08,2.82E-09,2.42E-09,2.35E-10,1.85E-08,5.45E-10,1.21E-05,1.43E-07,8.12E-09,2.53E-10,5.32E-06,3.88E-08,8.85E-10,1.18E-10,,,,,,,,,,,6.07E-11,1.07E-11,6.62E-06,6.18E-08,1.50E-09,9.05E-11,1.30E-09,1.89E-10,,,2.68E-10,1.44E-11,6.54E-06,2.47E-07,2.71E-09,7.30E-10
MCP1-5D,10/3/17,,,,,,,5.67,0.13,0.17,5.54,3.01E-06,7.54E-08,,,2.49E-06,3.44E-08,6.13E-04,3.04E-06,5.10E-04,5.67E-06,8.79E-08,5.61E-08,2.27E-04,1.99E-06,4.85E-05,2.59E-07,3.72E-09,1.23E-10,,,4.00E-06,4.80E-08,1.97E-03,3.70E-05,3.50E-05,4.72E-07,2.64E-08,6.13E-09,3.08E-08,1.65E-09,1.84E-09,1.35E-10,4.77E-09,7.20E-10,1.59E-05,2.26E-07,7.02E-09,3.10E-10,5.27E-06,7.72E-08,7.51E-10,1.35E-10,,,,,,,,,,,3.62E-11,8.57E-12,6.41E-06,7.55E-08,1.43E-09,5.44E-11,9.14E-10,9.42E-11,,,2.19E-10,2.39E-11,6.18E-06,2.21E-07,1.53E-09,5.68E-10
MCT2-1D,6/13/17,7.4,10.3,327,-25,15.417,9.907,5.04,0.87,0.89,4.18,4.64E-07,3.55E-08,,,2.19E-07,1.31E-07,1.92E-04,2.80E-06,3.39E-04,4.78E-06,1.24E-06,1.47E-07,1.81E-04,1.60E-06,1.93E-05,3.00E-07,,,5.09E-09,2.64E-10,2.42E-05,2.91E-07,1.92E-03,2.12E-05,1.58E-05,1.55E-07,3.60E-08,9.12E-09,9.64E-08,3.48E-09,2.56E-08,7.85E-10,8.42E-09,6.61E-10,2.45E-07,5.79E-09,3.21E-09,1.66E-10,3.33E-06,4.31E-08,1.16E-09,2.08E-10,4.87E-08,6.59E-10,,,,,,,,,,,1.22E-06,1.52E-08,2.73E-10,5.14E-11,,,,,2.52E-09,1.82E-10,6.07E-06,7.57E-07,1.30E-08,6.85E-10
MCT2-1D,6/19/17,7.37,14.3,406,-59,17.853,11.376,4.85,0.45,0.48,4.41,4.40E-07,3.27E-08,,,1.15E-07,9.26E-09,1.60E-04,2.74E-07,3.26E-04,5.30E-06,7.13E-07,3.25E-08,1.92E-04,2.61E-06,1.63E-05,2.19E-07,,,5.74E-09,1.38E-10,4.20E-05,5.08E-07,1.84E-03,2.91E-05,2.99E-05,1.38E-07,2.86E-08,3.78E-09,1.16E-07,1.78E-09,3.58E-08,4.30E-10,9.71E-09,5.94E-10,2.29E-07,6.75E-09,2.40E-09,1.11E-10,3.21E-06,3.34E-08,1.08E-09,1.07E-10,5.40E-08,1.48E-09,,,,,,,,,,,1.19E-06,1.47E-08,2.69E-10,5.17E-11,,,,,2.75E-09,9.48E-11,6.25E-06,7.85E-07,2.17E-08,8.97E-10
MCT2-1D,6/21/17,7.35,13.1,408,-48,30.853,3.219,3.74,0.23,0.26,3.5,3.53E-07,1.67E-08,,,1.01E-07,9.57E-08,1.44E-04,2.70E-06,2.65E-04,4.09E-06,8.88E-07,6.80E-08,1.66E-04,6.41E-07,1.33E-05,2.65E-07,,,3.73E-09,1.62E-10,3.61E-05,5.41E-07,1.53E-03,2.37E-05,2.53E-05,3.06E-07,3.05E-08,5.52E-09,9.23E-08,3.57E-09,2.82E-08,5.69E-10,2.59E-08,1.60E-09,6.05E-07,4.88E-09,1.86E-09,2.17E-10,2.65E-06,4.08E-08,8.71E-10,2.12E-10,4.82E-08,7.85E-10,,,,,,,,,,,9.71E-07,1.11E-08,2.38E-10,4.35E-11,,,,,2.01E-09,2.93E-11,6.09E-06,8.48E-07,1.81E-08,8.46E-10
MCT2-1D,6/23/17,7.17,14.1,408,-44,22.132,6.938,4.03,0.32,0.36,3.71,3.42E-07,5.84E-08,,,,,1.39E-04,2.83E-06,2.69E-04,4.90E-06,7.91E-07,3.15E-08,1.72E-04,1.43E-06,1.28E-05,1.52E-07,1.99E-09,1.76E-10,2.13E-08,3.84E-10,3.85E-05,4.56E-07,1.54E-03,2.02E-05,3.00E-05,2.10E-07,3.10E-08,2.60E-09,9.58E-08,4.76E-09,3.06E-08,1.10E-09,8.87E-09,8.27E-10,2.12E-07,6.53E-09,1.87E-09,1.04E-10,2.69E-06,1.49E-08,8.76E-10,2.19E-10,4.99E-08,1.34E-09,,,,,,,,,,,9.73E-07,5.70E-09,2.25E-10,2.73E-11,,,,,2.02E-09,5.07E-11,5.86E-06,5.98E-07,2.04E-08,1.11E-09
MCT2-1D,6/27/17,7.48,,356,-35,27.809,,4,0.29,0.33,3.71,3.65E-07,3.74E-08,,,1.41E-07,1.99E-08,1.42E-04,3.40E-06,2.78E-04,4.94E-06,1.24E-06,3.11E-08,1.77E-04,2.54E-06,1.61E-05,1.64E-07,5.37E-09,3.49E-10,8.17E-09,2.85E-10,5.07E-05,5.80E-07,1.57E-03,2.19E-05,3.54E-05,4.12E-07,3.14E-08,3.73E-09,9.94E-08,5.33E-09,3.95E-08,6.81E-10,2.57E-08,1.18E-09,1.77E-06,2.83E-08,1.72E-09,1.18E-10,2.75E-06,2.77E-08,7.16E-10,1.19E-10,5.14E-08,1.60E-09,,,,,,,,,,,1.23E-06,1.43E-08,2.76E-10,5.79E-11,,,,,2.02E-09,7.95E-11,5.98E-06,5.98E-07,2.63E-08,1.28E-09
MCT2-1D,6/29/17,7.2,14.6,340,-31,40.379,14.22,4.62,0.28,0.32,4.35,4.63E-07,7.97E-09,,,1.46E-07,1.72E-08,1.49E-04,1.18E-06,3.49E-04,8.45E-06,8.31E-07,7.21E-08,2.32E-04,4.36E-06,1.79E-05,2.15E-07,2.41E-09,1.14E-10,2.82E-09,2.44E-10,6.69E-05,7.39E-07,1.96E-03,3.24E-05,4.65E-05,4.01E-07,2.84E-08,1.21E-09,1.37E-07,5.30E-09,5.33E-08,5.64E-10,1.06E-08,5.97E-10,2.74E-07,6.58E-09,2.35E-09,4.89E-11,3.41E-06,3.63E-08,8.97E-10,1.21E-10,6.28E-08,1.06E-09,,,,,,,,,,,1.42E-06,1.98E-08,3.28E-10,1.26E-11,,,,,2.34E-09,6.45E-11,6.18E-06,3.12E-07,3.25E-08,1.49E-09
MCT2-1D,6/30/17,7.41,12.8,368,-22,31.318,3.219,4.48,0.27,0.31,4.21,3.82E-07,3.96E-08,,,9.87E-08,6.44E-09,1.47E-04,2.87E-06,3.05E-04,2.90E-06,6.89E-07,2.70E-08,2.08E-04,2.17E-06,1.73E-05,2.55E-07,,,3.55E-09,1.59E-10,5.62E-05,7.14E-07,1.75E-03,2.27E-05,3.72E-05,3.75E-07,2.73E-08,3.50E-09,1.25E-07,2.33E-09,4.35E-08,9.78E-10,1.61E-08,9.72E-10,3.46E-07,7.99E-09,2.46E-09,6.00E-11,3.01E-06,2.32E-08,9.11E-10,1.16E-10,5.94E-08,2.19E-09,,,,,,,,,,,1.18E-06,1.04E-08,2.77E-10,2.90E-11,,,,,1.95E-09,5.22E-11,6.27E-06,4.90E-07,2.48E-08,4.62E-10
MCT2-1D,7/3/17,7.48,17,385,-5,47.685,,5.38,0.45,0.5,4.93,4.38E-07,4.64E-08,,,8.95E-08,8.28E-09,1.34E-04,9.78E-06,3.47E-04,4.69E-06,6.77E-07,4.45E-08,2.30E-04,1.96E-06,1.54E-05,1.49E-07,2.48E-09,1.54E-10,7.99E-09,5.71E-10,6.98E-05,6.57E-07,2.00E-03,1.28E-05,5.05E-05,2.14E-07,3.42E-08,5.93E-09,1.39E-07,2.43E-09,5.28E-08,1.14E-09,1.27E-08,7.00E-10,1.77E-07,6.11E-09,2.25E-09,9.53E-11,3.46E-06,4.17E-08,1.12E-09,2.11E-10,6.86E-08,2.16E-09,,,,,,,,,,,1.36E-06,1.77E-08,3.35E-10,4.58E-11,,,,,2.12E-09,1.30E-10,5.97E-06,1.67E-07,3.31E-08,1.46E-09
MCT2-1D,7/6/17,7.83,16,387,-18,51.678,2.875,5.36,0.33,0.39,5.03,4.17E-07,3.35E-08,,,1.73E-07,2.68E-08,1.44E-04,1.32E-06,3.65E-04,6.18E-06,6.92E-07,4.61E-08,2.40E-04,4.59E-06,1.78E-05,3.27E-07,3.25E-09,1.58E-10,1.96E-08,5.89E-10,7.65E-05,1.11E-06,2.08E-03,2.41E-05,6.59E-05,1.00E-06,3.20E-08,4.11E-09,1.35E-07,4.28E-09,5.82E-08,1.29E-09,2.05E-08,8.32E-10,3.19E-07,1.02E-08,2.19E-09,1.50E-10,3.57E-06,4.09E-08,1.09E-09,2.57E-10,7.15E-08,2.02E-09,,,,,,,,,,,1.46E-06,2.08E-08,3.41E-10,5.98E-11,,,,,2.00E-09,1.24E-10,6.07E-06,2.05E-07,3.50E-08,1.94E-09
MCT2-1D,7/7/17,7.81,13.9,304,-51,,3.594,5.19,0.35,0.41,4.85,3.94E-07,3.79E-08,,,1.50E-07,8.70E-09,1.42E-04,2.76E-06,3.52E-04,3.88E-06,8.61E-07,4.38E-08,2.39E-04,2.59E-06,2.13E-05,3.58E-07,3.16E-09,2.01E-10,2.70E-08,5.35E-10,7.48E-05,6.94E-07,2.02E-03,1.67E-05,6.94E-05,7.52E-07,3.31E-08,3.79E-09,1.32E-07,3.40E-09,5.78E-08,1.23E-09,5.26E-08,1.54E-09,1.21E-06,9.53E-09,3.24E-09,1.85E-10,3.45E-06,4.75E-08,9.63E-10,1.47E-10,7.47E-08,9.36E-10,,,,,,,,,5.18E-11,2.18E-11,1.43E-06,1.69E-08,3.44E-10,1.12E-11,,,,,1.85E-09,1.34E-10,6.43E-06,2.84E-07,3.55E-08,1.68E-09
MCT2-1D,7/11/17,7.57,13.6,380,-34,,4,5.51,0.55,0.64,4.96,4.77E-07,5.09E-08,,,1.09E-06,3.87E-08,1.99E-04,2.90E-06,4.23E-04,6.05E-06,6.59E-07,4.04E-08,2.32E-04,2.83E-06,1.17E-05,2.09E-07,4.66E-09,1.97E-10,6.90E-09,4.44E-10,9.37E-05,1.60E-06,2.41E-03,2.02E-05,1.05E-04,1.13E-06,3.64E-08,1.73E-09,1.09E-07,3.81E-09,6.52E-08,7.42E-10,2.20E-08,1.03E-09,6.95E-07,8.86E-09,2.51E-09,9.19E-11,4.15E-06,3.59E-08,1.02E-09,1.12E-10,9.03E-08,7.65E-10,,,4.14E-10,1.58E-10,,,,,,,1.69E-06,2.64E-08,3.99E-10,4.87E-11,,,,,1.92E-09,9.09E-11,6.73E-06,1.53E-07,5.84E-08,1.77E-09
MCT2-1D,7/13/17,7.81,13.2,406,-32,84.285,2.781,5.74,0.47,0.54,5.27,4.44E-07,4.08E-08,,,1.10E-07,2.15E-08,1.40E-04,3.83E-06,3.73E-04,3.37E-06,7.10E-07,3.62E-08,2.53E-04,3.73E-06,1.73E-05,2.61E-07,3.21E-09,1.43E-10,4.55E-09,1.07E-09,8.48E-05,1.52E-06,2.15E-03,2.71E-05,8.86E-05,1.28E-06,3.25E-08,2.77E-09,1.23E-07,3.37E-09,6.24E-08,7.69E-10,1.15E-08,7.52E-10,2.19E-07,5.00E-09,1.39E-09,9.46E-11,3.73E-06,4.62E-08,1.66E-09,1.86E-10,8.23E-08,1.36E-09,,,4.56E-10,1.78E-10,,,,,,,1.63E-06,1.74E-08,4.20E-10,6.80E-11,,,,,1.82E-09,7.36E-11,6.33E-06,2.95E-07,4.17E-08,1.36E-09
MCT2-1D,7/17/17,7.63,16.2,306,-11,69.781,1.406,5.53,0.41,0.48,5.12,3.78E-07,6.64E-08,,,,,1.31E-04,9.88E-06,3.61E-04,6.57E-06,7.02E-07,5.11E-08,2.34E-04,3.44E-06,1.66E-05,3.61E-07,2.50E-09,1.76E-10,3.84E-09,1.22E-10,8.09E-05,9.19E-07,2.11E-03,2.52E-05,7.69E-05,7.81E-07,1.98E-08,3.77E-09,1.22E-07,2.83E-09,5.74E-08,1.12E-09,6.48E-09,6.90E-10,2.20E-07,5.90E-09,1.73E-09,1.41E-10,3.62E-06,1.74E-08,1.35E-09,1.42E-10,7.87E-08,1.02E-09,,,,,,,,,,,1.54E-06,1.41E-08,3.15E-10,2.95E-11,,,,,1.73E-09,1.01E-10,6.19E-06,3.63E-07,3.61E-08,9.96E-10
MCT2-1D,7/19/17,7.47,14.1,325,2,98.091,7.032,5.31,0.49,0.57,4.82,4.30E-07,6.01E-08,,,4.84E-07,2.96E-08,1.60E-04,2.74E-06,3.61E-04,3.23E-06,,,2.13E-04,1.50E-05,2.24E-05,2.96E-07,3.76E-09,2.13E-10,,,9.42E-05,8.23E-07,2.04E-03,1.72E-05,9.78E-05,8.46E-07,2.10E-08,5.71E-09,9.38E-08,3.67E-09,5.55E-08,1.18E-09,2.78E-09,1.13E-09,1.56E-07,6.85E-09,1.14E-09,1.01E-10,3.64E-06,3.37E-08,,,8.23E-08,1.45E-09,,,,,,,,,,,1.69E-06,4.48E-09,4.20E-10,4.97E-11,,,,,1.64E-09,8.82E-11,1.18E-05,2.20E-07,4.71E-08,2.10E-09
MCT2-1D,7/21/17,7.5,15.8,353,35,99.595,26.47,5.78,0.47,0.56,5.31,4.02E-07,4.40E-08,,,9.05E-08,1.86E-08,1.32E-04,2.87E-06,3.80E-04,6.98E-06,7.44E-07,5.03E-08,2.55E-04,4.13E-06,1.75E-05,2.69E-07,3.95E-09,1.86E-10,1.61E-08,5.29E-10,8.55E-05,1.06E-06,2.16E-03,8.22E-06,1.02E-04,1.00E-06,2.79E-08,1.42E-09,1.05E-07,2.33E-09,5.65E-08,1.09E-09,1.72E-08,8.70E-10,2.61E-07,5.27E-09,1.56E-09,6.88E-11,3.72E-06,3.18E-08,1.21E-09,1.14E-10,8.68E-08,1.48E-09,,,,,,,,,3.48E-11,8.68E-12,1.69E-06,1.39E-08,4.24E-10,3.99E-11,,,,,1.68E-09,8.78E-11,6.76E-06,4.02E-07,4.51E-08,9.35E-10
MCT2-1D,7/24/17,7.4,17.7,299,3,107.922,,5.46,0.45,0.53,5.01,4.32E-07,3.40E-08,,,4.63E-07,1.71E-08,1.55E-04,1.58E-06,3.62E-04,3.20E-06,4.11E-07,1.79E-08,2.25E-04,1.46E-06,1.65E-05,2.17E-07,,,,,9.18E-05,7.88E-07,1.99E-03,2.24E-05,9.39E-05,1.25E-06,2.82E-08,5.12E-09,8.58E-08,3.18E-09,4.94E-08,9.96E-10,6.86E-09,7.38E-10,1.69E-07,3.27E-09,1.15E-09,1.19E-10,3.57E-06,4.27E-08,1.48E-09,2.87E-10,8.12E-08,1.35E-09,,,,,,,,,,,1.63E-06,1.71E-08,3.57E-10,6.40E-11,,,,,1.54E-09,3.29E-11,8.04E-06,3.84E-07,4.02E-08,2.22E-09
MCT2-1D,7/26/17,7.63,14,420,34,91.412,30.971,5.46,0.41,0.49,5.05,3.92E-07,4.49E-08,,,4.43E-07,1.19E-08,1.49E-04,1.30E-06,3.64E-04,1.65E-06,1.43E-07,1.11E-08,2.32E-04,1.19E-06,2.61E-05,3.51E-07,1.93E-09,2.67E-10,,,9.51E-05,1.03E-06,2.02E-03,1.82E-05,9.04E-05,1.22E-06,2.31E-08,3.72E-09,9.12E-08,2.05E-09,5.10E-08,1.14E-09,6.69E-09,9.40E-10,2.18E-07,6.72E-09,1.35E-09,1.84E-10,3.62E-06,1.84E-08,1.48E-09,2.60E-10,8.52E-08,2.08E-09,,,,,,,,,,,1.61E-06,1.56E-08,3.38E-10,5.26E-11,,,,,1.52E-09,1.13E-10,7.99E-06,3.48E-07,4.11E-08,2.05E-09
MCT2-1D,7/28/17,7.54,16.1,521,-23,107.134,2.469,5.58,0.43,0.52,5.15,4.66E-07,6.27E-08,,,4.71E-07,2.04E-08,1.47E-04,9.25E-07,3.66E-04,4.73E-06,2.72E-07,1.75E-08,2.29E-04,2.39E-06,1.65E-05,2.81E-07,2.05E-09,2.08E-10,,,9.45E-05,1.00E-06,2.03E-03,1.74E-05,9.55E-05,9.63E-07,2.60E-08,3.36E-09,8.38E-08,3.01E-09,4.83E-08,4.11E-10,1.21E-08,4.98E-09,1.76E-07,4.73E-09,1.50E-09,8.18E-11,3.60E-06,2.85E-08,1.52E-09,1.82E-10,8.53E-08,2.17E-09,,,,,,,,,,,1.65E-06,1.63E-08,3.72E-10,2.84E-11,,,,,1.49E-09,4.06E-11,7.78E-06,3.06E-07,4.00E-08,1.41E-09
MCT2-1D,7/31/17,7.37,15.8,349,-5,81.743,,6.09,0.49,0.58,5.59,4.29E-07,5.49E-08,,,4.63E-07,1.61E-08,1.51E-04,1.11E-06,3.84E-04,3.08E-06,4.13E-07,2.46E-08,2.34E-04,9.66E-07,1.65E-05,1.95E-07,2.00E-09,2.61E-10,,,9.97E-05,1.05E-06,2.12E-03,1.27E-05,1.04E-04,1.23E-06,2.80E-08,3.20E-09,8.56E-08,2.23E-09,5.00E-08,9.92E-10,4.60E-09,8.34E-10,1.47E-07,4.44E-09,1.27E-09,9.68E-11,3.81E-06,1.86E-08,2.11E-09,2.47E-10,8.66E-08,1.54E-09,,,,,,,,,,,1.75E-06,2.19E-08,3.86E-10,6.14E-11,3.46E-10,3.68E-11,,,1.58E-09,1.01E-10,7.80E-06,2.39E-07,4.27E-08,1.14E-09
MCT2-1D,8/2/17,7.92,,,-47,108.298,,6.01,0.43,0.53,5.57,4.55E-07,6.25E-08,,,5.06E-07,1.63E-08,1.56E-04,1.26E-06,3.78E-04,3.37E-06,2.56E-07,8.19E-09,2.37E-04,2.45E-06,1.79E-05,2.30E-07,4.01E-09,1.60E-10,,,9.86E-05,1.03E-06,2.06E-03,1.07E-05,1.10E-04,1.04E-06,2.47E-08,4.47E-09,9.97E-08,3.00E-09,5.51E-08,1.15E-09,1.11E-08,8.76E-10,1.89E-07,6.53E-09,1.57E-09,1.00E-10,3.69E-06,4.21E-08,1.80E-09,2.07E-10,8.32E-08,1.98E-09,,,,,,,,,,,1.82E-06,2.30E-08,3.50E-10,1.60E-11,,,,,1.87E-09,8.51E-11,8.44E-06,4.24E-07,4.85E-08,1.32E-09
MCT2-1D,8/4/17,7.72,,,-17,117.681,5.063,5.08,0.33,0.42,4.76,4.50E-07,2.64E-08,,,9.99E-07,1.41E-08,1.53E-04,1.31E-06,3.54E-04,3.17E-06,1.89E-07,2.20E-08,2.22E-04,1.72E-06,1.76E-05,1.97E-07,,,,,8.67E-05,9.94E-07,1.91E-03,1.59E-05,1.06E-04,1.34E-06,2.42E-08,4.82E-09,7.62E-08,3.51E-09,4.25E-08,6.23E-10,4.19E-09,7.68E-10,3.04E-07,7.47E-09,1.31E-09,1.16E-10,3.44E-06,1.86E-08,1.73E-09,2.85E-10,7.26E-08,1.12E-09,,,,,,,,,,,1.81E-06,1.60E-08,3.87E-10,5.73E-11,,,,,1.37E-09,3.16E-11,9.13E-06,6.50E-07,4.53E-08,1.20E-09
MCT2-1D,8/7/17,7.49,,,151,106.006,,4.86,0.3,0.4,4.57,4.50E-07,5.02E-08,,,5.39E-07,1.55E-08,1.53E-04,1.53E-06,3.57E-04,3.25E-06,2.37E-07,2.17E-08,2.26E-04,1.56E-06,1.84E-05,1.77E-07,1.96E-09,2.95E-10,,,8.80E-05,6.90E-07,1.93E-03,1.60E-05,1.22E-04,8.66E-07,2.31E-08,3.88E-09,7.46E-08,3.65E-09,4.20E-08,5.76E-10,1.05E-08,8.17E-10,2.16E-07,8.64E-09,1.19E-09,1.39E-10,3.47E-06,1.35E-08,1.67E-09,1.70E-10,7.05E-08,7.03E-10,,,,,,,,,,,1.81E-06,2.82E-08,3.68E-10,4.51E-11,,,,,1.42E-09,2.51E-11,9.22E-06,7.13E-07,4.64E-08,2.17E-09
MCT2-1D,8/9/17,7.64,,,85,142.356,3.281,5.25,0.31,0.42,4.93,4.60E-07,1.68E-08,,,5.27E-07,2.46E-08,1.54E-04,1.86E-06,3.60E-04,1.71E-06,2.68E-07,1.62E-08,2.30E-04,2.32E-06,1.83E-05,2.01E-07,,,,,8.87E-05,8.42E-07,1.95E-03,2.11E-05,1.24E-04,1.26E-06,2.01E-08,3.50E-09,7.47E-08,1.91E-09,4.00E-08,4.36E-10,2.76E-08,7.64E-10,3.10E-07,5.80E-09,9.83E-10,1.63E-10,3.49E-06,4.84E-08,4.19E-09,2.32E-10,7.03E-08,1.36E-09,,,,,,,,,,,1.81E-06,2.40E-08,3.68E-10,3.94E-11,,,,,1.39E-09,6.62E-11,9.24E-06,6.43E-07,4.61E-08,2.08E-09
MCT2-1D,8/11/17,7.53,,,59,107.796,,4.76,0.26,0.27,4.51,,,,,,,,,,,,,,,,,,,,,,,,,,,,,,,,,,,,,,,,,,,,,,,,,,,,,,,,,,,,,,,,,,,,
MCT2-1D,8/15/17,7.64,,,50,127.852,,,,,,5.09E-07,5.01E-08,,,2.22E-07,2.17E-08,1.58E-04,2.82E-06,3.61E-04,6.71E-06,4.81E-07,7.28E-08,2.35E-04,3.19E-06,1.92E-05,3.59E-07,4.26E-09,1.43E-10,2.54E-09,1.86E-10,8.08E-05,1.00E-06,2.09E-03,2.96E-05,1.20E-04,9.39E-07,1.93E-08,6.26E-09,7.21E-08,1.73E-09,3.97E-08,5.07E-10,5.41E-09,7.22E-10,3.86E-07,4.89E-09,1.10E-09,1.79E-10,3.43E-06,2.43E-08,,,6.83E-08,4.73E-10,1.17E-09,1.53E-10,,,,,,,,,1.83E-06,1.36E-08,4.15E-10,5.20E-11,,,,,1.40E-09,8.82E-11,7.30E-06,6.48E-07,4.56E-08,1.24E-09
MCT2-1D,8/18/17,7.48,,,16,130.502,19.564,4.64,0.23,0.34,4.41,4.68E-07,3.84E-08,,,2.55E-07,3.39E-08,1.57E-04,3.02E-06,3.57E-04,3.32E-06,7.33E-07,1.17E-07,2.32E-04,1.97E-06,1.98E-05,2.73E-07,5.05E-09,3.68E-10,2.47E-09,2.33E-10,7.99E-05,1.04E-06,2.08E-03,1.51E-05,1.30E-04,8.66E-07,1.53E-08,3.67E-09,7.61E-08,3.49E-09,4.19E-08,9.43E-10,8.55E-09,8.67E-10,3.49E-07,3.08E-09,1.38E-09,1.15E-10,3.35E-06,3.24E-08,,,6.19E-08,1.16E-09,,,,,,,,,,,1.78E-06,1.26E-08,4.56E-10,6.73E-11,,,,,1.29E-09,7.11E-11,7.45E-06,7.80E-07,4.33E-08,1.71E-09
MCT2-1D,8/22/17,7.74,,,-63,147.692,9.782,4.97,0.26,0.38,4.72,5.37E-07,3.21E-08,,,2.16E-07,1.49E-08,1.83E-04,2.73E-06,3.90E-04,6.33E-06,6.25E-07,4.49E-08,2.57E-04,1.21E-06,2.87E-05,4.23E-07,5.60E-09,4.92E-10,6.61E-09,2.17E-10,8.51E-05,9.13E-07,2.28E-03,2.27E-05,1.56E-04,1.89E-06,1.71E-08,5.65E-09,6.54E-08,2.62E-09,3.76E-08,5.05E-10,7.27E-09,4.47E-10,3.08E-07,5.68E-09,1.30E-09,1.01E-10,3.60E-06,3.30E-08,,,6.81E-08,1.38E-09,,,,,,,,,,,1.94E-06,2.03E-08,4.57E-10,5.17E-11,,,,,1.12E-09,3.68E-11,6.83E-06,5.30E-07,4.88E-08,9.05E-10
MCT2-1D,8/24/17,7.59,,,5,140.673,30.783,4.79,0.21,0.33,4.58,5.28E-07,2.59E-08,,,1.91E-07,1.77E-08,1.77E-04,1.42E-06,4.03E-04,5.42E-06,1.15E-06,4.75E-08,2.68E-04,1.54E-06,2.21E-05,4.71E-07,6.67E-09,1.99E-10,,,8.37E-05,1.13E-06,2.32E-03,1.41E-05,1.42E-04,1.32E-06,1.80E-08,4.54E-09,6.43E-08,3.89E-09,3.28E-08,8.18E-10,3.99E-09,3.50E-10,3.73E-07,9.29E-09,1.30E-09,1.24E-10,3.69E-06,1.09E-08,,,7.59E-08,1.32E-09,,,,,,,,,,,1.94E-06,1.67E-08,4.16E-10,5.05E-11,,,,,9.87E-10,3.53E-11,6.68E-06,4.49E-07,4.83E-08,6.58E-10
MCT2-1D,8/30/17,7.41,,,,108.835,33.596,5.46,0.31,0.45,5.15,4.97E-07,5.69E-08,,,1.30E-07,1.86E-08,1.80E-04,3.29E-06,3.94E-04,5.11E-06,3.40E-07,6.43E-08,2.68E-04,3.02E-06,2.14E-05,4.19E-07,6.95E-09,2.70E-10,2.14E-09,1.62E-10,8.04E-05,1.55E-06,2.29E-03,7.44E-06,1.70E-04,9.13E-07,2.41E-08,5.64E-09,5.64E-08,2.23E-09,3.11E-08,5.63E-10,2.52E-09,3.38E-10,2.78E-07,4.59E-09,1.22E-09,1.25E-10,3.63E-06,1.66E-08,1.00E-09,2.09E-10,7.31E-08,1.36E-09,,,,,,,,,,,1.92E-06,1.69E-08,4.14E-10,5.10E-11,,,,,7.98E-10,3.22E-11,6.18E-06,2.15E-07,4.93E-08,1.95E-09
MCT2-1D,9/1/17,7.26,17.9,882,-107,147.549,21.845,5.13,0.24,0.36,4.89,5.00E-07,4.11E-08,,,1.62E-07,2.46E-08,1.84E-04,8.98E-06,3.72E-04,4.18E-06,4.52E-07,6.04E-08,2.43E-04,4.01E-06,2.16E-05,4.21E-07,4.83E-09,3.70E-10,3.83E-09,1.79E-10,7.21E-05,9.76E-07,2.13E-03,1.54E-05,1.49E-04,1.37E-06,2.01E-08,4.32E-09,5.64E-08,2.28E-09,2.99E-08,6.35E-10,3.44E-09,7.37E-10,3.33E-07,5.53E-09,1.23E-09,9.15E-11,3.33E-06,4.20E-08,6.09E-10,2.33E-10,5.28E-08,1.62E-09,,,,,,,,,,,1.87E-06,1.43E-08,4.24E-10,3.37E-11,,,,,9.16E-10,5.27E-11,7.57E-06,9.36E-07,3.95E-08,1.99E-09
MCT2-1D,9/12/17,7.28,15.5,631,-88,116.069,,5.17,0.28,0.38,4.89,5.29E-07,2.20E-08,,,1.94E-07,1.18E-08,1.77E-04,2.11E-06,3.67E-04,6.16E-06,3.49E-07,6.22E-08,2.41E-04,2.23E-06,2.52E-05,4.02E-07,4.39E-09,4.24E-10,1.16E-08,2.40E-10,6.74E-05,8.93E-07,2.07E-03,1.54E-05,1.22E-04,9.70E-07,1.63E-08,5.83E-09,8.94E-08,1.15E-09,3.70E-08,4.78E-10,8.22E-09,7.85E-10,7.15E-07,4.76E-09,2.58E-09,1.26E-10,3.27E-06,2.49E-08,,,5.43E-08,1.40E-09,,,,,,,,,,,1.89E-06,5.69E-09,4.20E-10,4.41E-11,,,,,1.03E-09,2.89E-11,7.57E-06,8.72E-07,3.76E-08,1.00E-09
MCT2-1D,9/14/17,7.16,13.4,648,-104,156.699,8.563,5.03,0.23,0.35,4.8,5.05E-07,5.57E-08,,,1.54E-07,3.39E-08,1.77E-04,7.95E-06,3.65E-04,4.65E-06,7.16E-07,6.32E-08,2.38E-04,3.81E-06,2.27E-05,3.92E-07,6.82E-09,2.26E-10,2.66E-09,3.15E-10,6.37E-05,7.04E-07,2.06E-03,1.89E-05,1.48E-04,1.06E-06,1.53E-08,5.04E-09,6.14E-08,2.54E-09,2.82E-08,2.28E-10,6.61E-09,4.00E-10,4.56E-07,8.12E-09,1.22E-09,1.24E-10,3.16E-06,1.95E-08,,,4.37E-08,3.37E-10,,,,,,,,,,,1.82E-06,8.94E-09,3.87E-10,5.85E-11,,,,,9.72E-10,8.80E-11,7.20E-06,1.00E-06,3.76E-08,9.38E-10
MCT2-1D,9/19/17,7.15,13.3,472,-48,164.56,,5.11,0.21,0.33,4.9,5.01E-07,5.72E-08,,,1.56E-07,2.75E-08,1.81E-04,1.08E-05,3.69E-04,8.76E-06,5.17E-07,7.69E-08,2.41E-04,3.56E-06,2.06E-05,5.63E-07,4.69E-09,1.56E-10,2.47E-09,1.73E-10,6.36E-05,1.27E-06,1.98E-03,2.09E-05,1.44E-04,1.38E-06,1.26E-08,2.59E-09,4.94E-08,1.47E-09,2.24E-08,5.06E-10,9.39E-09,6.04E-10,6.06E-07,9.08E-09,1.35E-09,5.42E-11,3.26E-06,1.43E-08,5.46E-10,1.17E-10,4.70E-08,1.51E-09,2.49E-09,6.13E-10,,,,,,,,,1.84E-06,5.94E-09,4.28E-10,3.81E-11,,,,,8.45E-10,6.75E-11,6.95E-06,8.80E-07,3.70E-08,1.51E-09
MCT2-1D,9/21/17,7.31,11.2,460,-38,120.259,,,0.18,0.33,,5.39E-07,3.37E-08,,,1.29E-07,1.77E-08,4.28E-04,8.04E-06,4.00E-04,4.26E-06,6.56E-07,7.12E-08,2.47E-04,2.25E-06,2.17E-05,4.01E-07,1.11E-08,2.94E-10,1.80E-09,8.55E-11,3.82E-05,4.24E-07,2.01E-03,9.62E-06,1.94E-04,1.66E-06,,,3.22E-08,1.58E-09,3.67E-09,3.64E-10,2.59E-09,4.65E-10,2.73E-07,3.95E-09,4.12E-09,2.64E-10,2.92E-06,2.44E-08,9.40E-10,1.82E-10,3.66E-08,6.34E-10,1.02E-09,1.21E-10,,,,,,,,,1.26E-06,7.54E-09,2.84E-10,2.31E-11,,,,,3.36E-10,3.25E-11,7.89E-06,1.26E-06,5.87E-08,1.05E-09
MCT2-1D,10/3/17,,,,,,,,0.19,0.32,,4.87E-07,1.42E-08,,,,,1.85E-04,2.15E-06,3.83E-04,4.74E-06,4.66E-07,4.73E-08,2.56E-04,3.53E-06,2.12E-05,2.64E-07,5.92E-09,5.42E-10,3.11E-09,9.23E-10,6.94E-05,7.84E-07,2.20E-03,1.54E-05,1.65E-04,1.24E-06,1.41E-08,4.81E-09,5.29E-08,2.46E-09,2.13E-08,6.24E-10,6.48E-09,2.92E-10,3.49E-07,5.64E-09,1.41E-09,1.36E-10,3.35E-06,3.26E-08,,,5.91E-08,1.41E-09,,,,,,,,,,,1.82E-06,1.77E-08,3.86E-10,7.90E-11,2.75E-10,1.23E-10,,,6.98E-10,2.65E-11,6.85E-06,8.67E-07,4.11E-08,1.49E-09
MCT2-1M,6/13/17,7.88,11.6,304,29,4.638,4.563,4.75,0.51,0.52,4.24,3.16E-07,4.55E-08,,,,,3.44E-04,3.11E-06,2.46E-04,2.45E-06,1.28E-07,5.18E-08,1.45E-04,1.48E-06,1.02E-05,1.41E-07,,,,,7.43E-06,7.90E-08,1.48E-03,9.67E-06,3.57E-07,6.73E-09,,,4.87E-08,2.08E-09,9.13E-09,2.85E-10,1.23E-08,7.90E-10,1.95E-07,4.07E-09,3.63E-09,2.50E-10,2.39E-06,2.95E-08,,,3.40E-08,1.24E-09,,,,,,,,,,,5.92E-07,5.74E-09,1.13E-10,3.15E-11,,,,,2.38E-09,1.18E-10,4.85E-06,6.11E-07,7.91E-09,7.18E-10
MCT2-1M,6/19/17,7.58,14.5,325,-32,3.814,3.344,4.6,0.37,0.38,4.23,2.64E-07,2.97E-08,,,,,3.12E-04,3.32E-06,2.44E-04,3.91E-06,2.39E-07,5.00E-08,1.57E-04,2.35E-06,9.05E-06,7.54E-08,2.26E-09,1.87E-10,,,1.51E-05,1.47E-07,1.50E-03,2.63E-05,3.95E-06,5.22E-08,,,6.22E-08,2.18E-09,1.36E-08,9.99E-10,1.06E-08,4.50E-10,1.35E-07,3.80E-09,3.75E-09,2.62E-10,2.44E-06,4.23E-08,,,4.07E-08,1.18E-09,,,,,,,,,,,6.23E-07,1.67E-09,1.41E-10,2.09E-11,,,,,2.28E-09,1.28E-10,5.30E-06,4.19E-07,1.62E-08,7.36E-10
MCT2-1M,6/21/17,7.63,16.5,294,-20,4.047,2.813,4.42,0.34,0.35,4.08,2.34E-07,2.95E-08,,,,,2.57E-04,5.68E-06,2.28E-04,3.57E-06,3.21E-07,5.68E-08,1.47E-04,2.10E-06,8.06E-06,1.14E-07,,,,,1.26E-05,2.67E-07,1.38E-03,1.79E-05,4.70E-06,5.21E-08,,,5.53E-08,2.28E-09,1.18E-08,5.57E-10,1.13E-08,9.82E-10,1.51E-07,4.86E-09,3.52E-09,2.73E-10,2.27E-06,1.27E-08,5.36E-10,2.59E-10,3.82E-08,1.22E-09,,,,,,,,,,,5.55E-07,5.42E-09,1.29E-10,3.15E-11,,,,,1.91E-09,2.12E-11,4.26E-06,6.39E-07,1.26E-08,1.10E-09
MCT2-1M,6/23/17,7.07,15.5,365,-27,4.942,2.469,4.32,0.3,0.31,4.02,2.59E-07,2.33E-08,,,,,3.12E-04,5.47E-06,2.41E-04,4.01E-06,2.78E-07,6.61E-08,1.63E-04,1.64E-06,8.20E-06,1.32E-07,,,,,1.51E-05,1.62E-07,1.49E-03,1.06E-05,7.18E-06,8.93E-08,,,6.20E-08,3.00E-09,1.33E-08,2.70E-10,1.40E-08,4.55E-10,1.92E-07,4.95E-09,3.58E-09,1.88E-10,2.42E-06,2.47E-08,4.95E-10,2.32E-10,4.04E-08,1.05E-09,,,,,,,,,,,5.93E-07,7.39E-09,1.41E-10,3.22E-11,,,,,2.23E-09,6.08E-11,4.74E-06,6.09E-07,1.75E-08,8.55E-10
MCT2-1M,6/27/17,7.36,14.1,279,-39,7.467,1.406,4.32,0.26,0.27,4.06,2.56E-07,2.85E-08,,,,,2.09E-04,3.51E-06,2.43E-04,3.44E-06,5.25E-07,5.90E-08,1.56E-04,7.17E-07,7.42E-06,1.57E-07,,,,,1.53E-05,2.30E-07,1.48E-03,7.92E-06,7.61E-06,6.12E-08,,,6.00E-08,1.58E-09,1.39E-08,3.85E-10,1.18E-08,1.27E-09,2.28E-07,4.11E-09,3.44E-09,9.41E-11,2.37E-06,1.53E-08,5.25E-10,1.94E-10,4.04E-08,1.34E-09,,,,,,,,,,,5.75E-07,6.31E-09,1.31E-10,2.90E-11,,,,,1.86E-09,6.68E-11,4.37E-06,5.05E-07,1.38E-08,7.97E-10
MCT2-1M,6/29/17,7.29,15.6,335,-26,9.311,2.813,4.91,0.31,0.33,4.6,2.56E-07,2.46E-08,,,,,2.11E-04,2.47E-06,2.60E-04,3.66E-06,3.02E-07,5.99E-08,1.71E-04,1.33E-06,8.75E-06,5.14E-08,1.99E-09,1.87E-10,,,1.80E-05,2.01E-07,1.60E-03,4.00E-05,1.10E-05,1.75E-07,,,7.21E-08,1.94E-09,1.80E-08,2.70E-10,1.44E-08,5.66E-10,1.34E-07,5.23E-09,4.17E-09,1.78E-10,2.56E-06,1.69E-08,,,4.75E-08,7.45E-10,,,,,,,,,,,6.46E-07,6.10E-09,1.47E-10,2.25E-11,,,,,2.07E-09,9.31E-11,4.56E-06,4.31E-07,1.85E-08,7.37E-10
MCT2-1M,6/30/17,7.29,13.5,351,-28,10.457,3.188,4.54,0.26,0.29,4.28,2.81E-07,4.02E-08,,,,,1.96E-04,2.64E-06,2.71E-04,5.06E-06,9.54E-07,6.49E-08,1.76E-04,2.04E-06,8.55E-06,1.40E-07,2.05E-09,1.98E-10,6.11E-09,3.19E-10,1.91E-05,3.63E-07,1.69E-03,1.92E-05,1.20E-05,1.41E-07,,,7.51E-08,3.62E-09,1.90E-08,7.48E-10,8.91E-09,5.55E-10,1.52E-07,4.83E-09,4.29E-09,2.10E-10,2.69E-06,2.60E-08,6.95E-10,3.74E-10,5.06E-08,1.39E-09,,,,,,,,,,,6.72E-07,6.90E-09,1.70E-10,1.39E-11,4.48E-10,1.10E-10,,,2.07E-09,9.35E-11,3.97E-06,4.84E-07,1.78E-08,8.10E-10
MCT2-1M,7/3/17,7.61,15.5,299,-16,13.663,,4.81,0.37,0.4,4.43,2.52E-07,2.35E-08,,,,,1.53E-04,1.09E-05,2.77E-04,4.71E-06,9.55E-07,2.37E-08,1.80E-04,2.36E-06,9.06E-06,2.57E-07,2.64E-09,4.99E-11,1.70E-08,5.64E-10,2.27E-05,3.65E-07,1.72E-03,2.45E-05,1.48E-05,1.75E-07,,,9.50E-08,6.15E-09,2.12E-08,4.17E-10,2.38E-08,5.31E-09,5.33E-07,1.58E-07,3.93E-09,5.83E-10,2.75E-06,3.33E-08,6.74E-10,1.46E-10,5.40E-08,1.60E-09,,,5.56E-10,1.99E-10,,,,,,,7.65E-07,6.24E-09,1.97E-10,2.37E-11,7.94E-10,4.71E-10,,,2.01E-09,1.08E-10,4.19E-06,4.51E-07,2.01E-08,9.42E-10
MCT2-1M,7/6/17,7.86,16,311,27,12.427,22.814,4.4,0.26,0.29,4.14,2.75E-07,5.38E-08,,,,,1.44E-04,2.29E-06,2.61E-04,4.28E-06,7.73E-07,2.99E-08,1.70E-04,1.87E-06,8.76E-06,1.14E-07,2.39E-09,4.97E-11,8.01E-09,1.23E-09,2.07E-05,1.73E-07,1.61E-03,2.04E-05,1.43E-05,1.11E-07,,,6.63E-08,2.51E-09,1.80E-08,6.79E-10,1.16E-08,7.85E-10,2.13E-07,7.39E-09,4.05E-09,1.27E-10,2.55E-06,2.25E-08,,,5.16E-08,2.00E-09,,,,,,,,,,,6.46E-07,9.01E-09,1.51E-10,3.79E-11,,,,,1.61E-09,8.39E-11,4.28E-06,8.68E-07,1.70E-08,1.02E-09
MCT2-1M,7/7/17,7.57,14.5,300,-11,,27.033,4.33,0.24,0.26,4.09,2.63E-07,4.97E-08,,,,,1.43E-04,3.09E-06,2.65E-04,4.77E-06,1.51E-06,5.85E-08,1.77E-04,1.94E-06,9.10E-06,1.74E-07,2.61E-09,1.46E-10,5.11E-09,2.34E-10,2.28E-05,4.10E-07,1.65E-03,2.12E-05,1.52E-05,1.49E-07,,,7.17E-08,2.15E-09,1.95E-08,4.57E-10,9.20E-09,6.22E-10,2.48E-07,8.93E-09,4.56E-09,1.90E-10,2.62E-06,3.95E-08,6.62E-10,9.20E-11,5.50E-08,6.40E-10,,,,,,,,,,,6.61E-07,4.40E-09,1.78E-10,2.56E-11,,,,,1.69E-09,5.98E-11,4.51E-06,7.03E-07,2.03E-08,4.31E-10
MCT2-1M,7/11/17,7.55,14.1,326,19,,19.001,4.13,0.23,0.25,3.9,2.56E-07,2.64E-08,,,,,1.25E-04,1.40E-06,2.56E-04,3.43E-06,1.64E-06,5.29E-08,1.64E-04,2.10E-06,8.25E-06,1.39E-07,1.92E-09,3.40E-11,2.16E-09,2.01E-10,2.10E-05,3.32E-07,1.60E-03,1.36E-05,1.38E-05,1.04E-07,,,6.17E-08,2.96E-09,1.71E-08,6.20E-10,1.37E-08,6.11E-10,2.13E-07,6.84E-09,4.24E-09,1.88E-10,2.52E-06,3.45E-08,5.25E-10,1.30E-10,5.10E-08,6.69E-10,,,,,,,,,,,6.51E-07,4.59E-09,1.64E-10,2.09E-11,,,,,1.60E-09,3.32E-11,4.47E-06,1.03E-06,1.75E-08,7.79E-10
MCT2-1M,7/13/17,7.75,13.9,321,30,15.543,35.783,4.77,0.25,0.28,4.52,2.61E-07,3.93E-08,,,,,1.32E-04,2.73E-06,2.90E-04,1.68E-06,1.30E-06,4.24E-08,1.85E-04,1.82E-06,8.69E-06,1.19E-07,2.78E-09,1.72E-10,8.83E-09,3.21E-10,2.42E-05,9.87E-08,1.79E-03,3.30E-05,1.63E-05,6.98E-08,,,7.16E-08,1.05E-09,1.91E-08,4.84E-10,6.86E-09,6.37E-10,2.04E-07,1.01E-08,4.82E-09,1.93E-10,2.81E-06,2.94E-08,5.28E-10,2.26E-10,5.30E-08,8.40E-10,,,,,,,,,4.59E-11,9.72E-12,7.20E-07,3.88E-09,1.69E-10,5.10E-11,,,,,1.90E-09,8.94E-11,4.42E-06,6.57E-07,2.07E-08,8.56E-10
MCT2-1M,7/17/17,7.89,16,341,71,18.408,15.595,5.09,0.23,0.26,4.86,3.28E-07,2.75E-08,,,,,1.18E-04,1.77E-06,3.09E-04,4.00E-06,9.86E-07,5.28E-08,1.86E-04,1.18E-06,9.12E-06,5.87E-08,2.46E-09,1.91E-10,2.51E-08,2.60E-09,2.77E-05,4.13E-07,1.93E-03,1.68E-05,1.77E-05,1.42E-07,,,7.15E-08,2.68E-09,2.05E-08,6.60E-10,1.22E-08,1.33E-09,1.85E-07,7.24E-09,5.04E-09,2.36E-10,3.04E-06,5.99E-08,4.84E-10,1.37E-10,5.06E-08,1.28E-09,,,,,,,,,,,7.96E-07,6.92E-09,1.75E-10,2.26E-11,,,,,2.10E-09,8.30E-11,4.53E-06,8.55E-07,2.00E-08,1.05E-09
MCT2-1M,7/19/17,7.55,15.7,295,24,14.182,23.501,4.51,0.18,0.21,4.33,2.92E-07,3.98E-08,,,,,1.06E-04,3.58E-06,2.96E-04,4.83E-06,1.33E-06,2.82E-08,1.78E-04,2.82E-06,9.07E-06,1.70E-07,2.29E-09,2.20E-10,2.07E-08,2.57E-09,2.52E-05,4.69E-07,1.87E-03,2.51E-05,1.69E-05,1.23E-07,,,6.71E-08,1.97E-09,1.94E-08,4.58E-10,4.36E-09,6.89E-10,1.96E-07,4.95E-09,4.91E-09,1.49E-10,2.93E-06,2.01E-08,6.23E-10,1.10E-10,4.68E-08,1.48E-09,,,,,,,,,,,7.66E-07,7.73E-09,1.84E-10,2.49E-11,,,,,1.96E-09,5.07E-11,4.79E-06,9.37E-07,1.84E-08,5.55E-10
MCT2-1M,7/21/17,7.4,16.3,370,116,6.858,24.533,4.48,0.17,0.2,4.31,3.43E-07,7.12E-08,,,,,8.20E-05,1.24E-06,2.66E-04,4.85E-06,6.94E-07,2.95E-08,1.64E-04,2.47E-06,7.64E-06,9.06E-08,,,,,2.25E-05,1.83E-07,1.65E-03,1.46E-05,1.54E-05,1.70E-07,2.17E-08,2.04E-09,6.39E-08,8.01E-10,1.90E-08,9.75E-10,1.01E-08,4.96E-10,1.93E-07,5.03E-09,4.53E-09,1.72E-10,2.83E-06,2.56E-08,1.19E-09,2.08E-10,4.62E-08,9.14E-10,,,,,,,,,3.81E-11,1.01E-11,7.89E-07,1.02E-08,2.07E-10,3.77E-11,,,,,1.81E-09,1.39E-10,6.50E-06,9.30E-07,1.81E-08,5.12E-10
MCT2-1M,7/24/17,7.65,17.8,343,66,13.107,38.846,3.84,0.16,0.19,3.67,3.43E-07,3.96E-08,,,3.95E-07,2.04E-08,8.36E-05,8.41E-07,2.79E-04,2.28E-06,2.28E-07,2.14E-08,1.68E-04,8.02E-07,8.65E-06,8.47E-08,,,,,3.07E-05,3.33E-07,1.70E-03,1.33E-05,1.75E-05,6.31E-08,2.26E-08,4.16E-09,6.26E-08,3.23E-09,1.95E-08,7.77E-10,7.43E-09,1.17E-09,1.87E-07,4.55E-09,4.81E-09,1.92E-10,2.91E-06,3.36E-08,1.53E-09,2.62E-10,5.17E-08,1.52E-09,,,,,9.87E-09,6.35E-10,,,4.20E-11,1.14E-11,8.40E-07,5.92E-09,1.81E-10,1.92E-11,,,4.17E-10,1.08E-10,1.94E-09,5.85E-11,1.11E-05,1.47E-06,2.34E-08,2.29E-09
MCT2-1M,7/26/17,7.52,13.6,440,134,17.53,29.346,4.64,0.16,0.18,4.48,3.87E-07,7.19E-08,,,4.09E-07,1.53E-08,8.80E-05,9.70E-07,3.04E-04,3.07E-06,2.76E-07,2.03E-07,1.76E-04,2.07E-06,8.18E-06,1.17E-07,,,,,3.15E-05,3.89E-07,1.88E-03,1.32E-05,1.74E-05,9.59E-08,2.03E-08,2.96E-09,7.27E-08,2.18E-09,2.31E-08,6.80E-10,4.88E-09,5.88E-09,1.42E-07,6.93E-09,4.83E-09,1.49E-10,3.22E-06,1.69E-08,4.83E-09,3.93E-10,4.36E-08,5.32E-10,,,,,,,,,3.59E-11,1.37E-11,9.00E-07,1.68E-08,2.19E-10,1.29E-11,,,,,2.26E-09,9.00E-11,1.07E-05,1.26E-06,2.05E-08,1.36E-09
MCT2-1M,7/28/17,7.62,16.8,527,65,14.54,48.722,4.45,0.14,0.17,4.31,3.78E-07,2.77E-08,,,4.00E-07,1.33E-08,8.20E-05,1.60E-06,3.15E-04,4.35E-06,1.84E-07,3.65E-08,1.71E-04,1.73E-06,8.24E-06,1.14E-07,,,,,2.99E-05,3.36E-07,1.94E-03,1.73E-05,1.61E-05,7.28E-08,2.17E-08,2.87E-09,7.79E-08,3.84E-09,2.16E-08,9.81E-10,1.10E-08,8.75E-10,2.11E-07,7.25E-09,4.92E-09,2.13E-10,3.29E-06,1.53E-08,1.23E-09,1.65E-10,4.07E-08,1.15E-09,,,,,,,,,,,9.30E-07,6.80E-09,1.95E-10,1.51E-11,,,,,2.31E-09,7.00E-11,1.11E-05,1.43E-06,1.83E-08,9.26E-10
MCT2-1M,7/31/17,7.23,15.9,437,171,46.467,105.569,4.76,0.18,0.21,4.58,3.94E-07,5.27E-08,,,4.07E-07,2.50E-08,8.54E-05,1.20E-06,3.24E-04,2.29E-06,2.56E-07,2.30E-08,1.76E-04,6.58E-07,9.57E-06,1.44E-07,,,,,3.12E-05,3.35E-07,1.98E-03,1.34E-05,1.77E-05,1.40E-07,2.58E-08,3.33E-09,7.51E-08,2.66E-09,2.31E-08,7.47E-10,8.60E-09,8.81E-10,1.76E-07,5.20E-09,5.19E-09,1.43E-10,3.38E-06,2.57E-08,1.45E-09,2.58E-10,4.56E-08,1.16E-09,,,,,,,,,,,9.72E-07,1.12E-08,2.05E-10,3.84E-11,,,,,2.29E-09,5.03E-11,1.12E-05,1.39E-06,2.11E-08,2.31E-09
MCT2-1M,8/2/17,7.64,,,30,9.831,40.065,4.29,0.13,0.15,4.16,3.70E-07,3.42E-08,,,3.96E-07,9.99E-09,8.09E-05,1.44E-06,3.00E-04,4.38E-06,6.23E-07,3.40E-08,1.62E-04,1.82E-06,9.26E-06,1.49E-07,4.45E-09,2.24E-10,,,3.55E-05,4.52E-07,1.85E-03,2.39E-05,1.11E-05,1.08E-07,2.12E-08,4.87E-09,7.18E-08,2.71E-09,2.12E-08,4.15E-10,5.07E-09,7.04E-10,1.74E-07,6.18E-09,4.98E-09,1.29E-10,3.15E-06,3.95E-08,1.75E-09,1.86E-10,4.28E-08,9.36E-10,,,,,,,,,4.49E-11,2.09E-11,1.01E-06,1.35E-08,2.15E-10,3.26E-11,2.95E-10,3.42E-11,,,2.27E-09,7.17E-11,1.19E-05,1.71E-06,1.82E-08,8.51E-10
MCT2-1M,8/4/17,7.71,,,55,11.693,119.351,4.1,0.13,0.15,3.97,4.30E-07,2.97E-08,,,3.90E-07,3.21E-08,7.71E-05,5.48E-07,2.91E-04,2.29E-06,3.68E-07,2.92E-08,1.61E-04,1.16E-06,1.05E-05,1.16E-07,6.76E-09,2.52E-10,,,4.28E-05,2.93E-07,1.78E-03,1.21E-05,1.20E-05,1.85E-08,1.64E-08,3.70E-09,7.35E-08,2.66E-09,2.18E-08,5.90E-10,4.74E-09,1.04E-09,1.86E-07,4.97E-09,4.70E-09,1.07E-10,3.05E-06,3.96E-08,1.32E-09,1.91E-10,4.57E-08,1.03E-09,,,,,,,,,3.84E-11,1.82E-11,1.10E-06,1.19E-08,2.07E-10,1.67E-11,,,,,1.97E-09,7.16E-11,1.26E-05,1.97E-06,2.04E-08,3.55E-10
MCT2-1M,8/7/17,7.47,,,143,14.397,219.17,3.84,0.13,0.15,3.71,3.93E-07,1.59E-08,,,4.03E-07,8.15E-09,8.28E-05,1.24E-06,2.80E-04,3.32E-06,3.39E-07,2.89E-08,1.60E-04,1.61E-06,1.04E-05,1.73E-07,6.57E-09,3.48E-10,,,4.39E-05,5.86E-07,1.70E-03,1.44E-05,1.31E-05,7.55E-08,1.78E-08,3.53E-09,6.85E-08,2.64E-09,2.07E-08,5.10E-10,1.11E-08,1.26E-09,2.12E-07,5.60E-09,3.78E-09,1.85E-10,2.93E-06,2.93E-08,1.45E-09,1.52E-10,5.04E-08,1.56E-09,,,,,,,,,,,1.15E-06,1.43E-08,2.20E-10,2.03E-11,,,,,1.87E-09,5.83E-11,1.31E-05,2.04E-06,2.00E-08,1.53E-09
MCT2-1M,8/9/17,7.51,,,143,8.022,39.69,3.75,0.12,0.13,3.63,3.87E-07,4.24E-08,,,3.71E-07,8.82E-09,8.96E-05,1.44E-06,2.76E-04,3.32E-06,4.13E-07,2.49E-08,1.56E-04,6.95E-07,9.32E-06,1.20E-07,1.95E-09,1.64E-10,,,3.45E-05,3.61E-07,1.68E-03,1.35E-05,8.80E-06,6.07E-08,1.83E-08,3.83E-09,7.15E-08,1.63E-09,2.03E-08,5.05E-10,3.75E-09,7.92E-10,3.00E-07,6.63E-09,4.48E-09,1.56E-10,2.88E-06,1.98E-08,1.03E-09,1.79E-10,4.08E-08,8.42E-10,,,,,,,,,2.97E-11,5.29E-12,9.85E-07,9.13E-09,2.03E-10,3.23E-11,,,,,1.87E-09,5.37E-11,1.34E-05,2.36E-06,1.41E-08,2.96E-10
MCT2-1M,8/11/17,7.52,,,116,10.422,114.945,3.59,0.12,0.14,3.47,3.49E-07,3.87E-08,,,3.70E-07,1.91E-08,8.21E-05,1.72E-06,2.71E-04,1.44E-06,3.15E-07,3.58E-08,1.54E-04,1.45E-06,9.31E-06,1.26E-07,4.18E-09,2.95E-10,,,3.61E-05,3.45E-07,1.64E-03,1.28E-05,9.76E-06,7.30E-08,1.93E-08,2.90E-09,6.72E-08,1.69E-09,1.79E-08,2.84E-10,1.07E-08,1.03E-09,3.17E-07,3.18E-09,3.50E-09,1.44E-10,2.81E-06,3.29E-08,9.75E-10,1.66E-10,4.40E-08,1.80E-09,,,,,,,,,,,1.08E-06,8.41E-09,2.28E-10,2.85E-11,2.92E-10,4.28E-11,,,1.69E-09,8.69E-11,1.30E-05,2.09E-06,1.44E-08,1.18E-09
MCT2-1M,8/15/17,,,,159,13.806,,,,,,3.72E-07,6.17E-08,,,1.12E-07,1.35E-08,6.48E-05,1.54E-06,2.68E-04,2.14E-06,2.28E-07,6.48E-08,1.51E-04,1.16E-05,1.11E-05,2.12E-07,5.13E-09,2.52E-10,2.55E-09,9.45E-11,4.52E-05,9.08E-07,1.70E-03,1.86E-05,1.53E-05,1.39E-07,2.04E-08,2.56E-09,7.04E-08,2.52E-09,2.16E-08,5.03E-10,1.68E-08,5.42E-10,4.30E-07,6.84E-09,3.53E-09,8.45E-11,2.90E-06,3.49E-08,7.67E-10,1.40E-10,4.73E-08,1.53E-09,,,,,,,,,2.87E-11,1.33E-11,1.21E-06,1.63E-08,2.84E-10,3.39E-11,,,,,1.77E-09,1.10E-10,1.16E-05,2.47E-06,2.11E-08,4.57E-10
MCT2-1M,8/18/17,7.4,,,129,19.858,,3.82,0.12,0.14,3.7,3.64E-07,5.18E-08,,,1.32E-07,1.90E-08,7.09E-05,1.84E-06,2.80E-04,4.67E-06,1.14E-07,4.29E-08,1.66E-04,1.83E-06,1.26E-05,1.33E-07,5.90E-09,2.64E-10,1.40E-08,5.24E-10,5.67E-05,5.20E-07,1.77E-03,2.48E-05,1.77E-05,1.82E-07,2.28E-08,1.45E-09,7.37E-08,2.77E-09,2.23E-08,6.24E-10,1.23E-08,5.06E-10,3.56E-07,7.84E-09,3.45E-09,6.55E-11,3.04E-06,3.49E-08,8.48E-10,1.74E-10,5.30E-08,1.94E-09,,,8.95E-10,1.82E-10,,,,,3.19E-11,6.06E-12,1.35E-06,1.44E-08,3.07E-10,5.45E-11,4.23E-09,1.16E-10,,,1.77E-09,7.88E-11,1.27E-05,2.71E-06,2.44E-08,2.21E-09
MCT2-1M,8/22/17,7.62,,,4,20.127,,,,,,3.91E-07,3.96E-08,,,1.54E-07,8.44E-09,7.59E-05,4.67E-07,2.87E-04,2.87E-06,3.74E-07,4.05E-08,1.77E-04,4.85E-07,1.32E-05,1.89E-07,4.55E-09,1.81E-10,1.46E-08,2.45E-10,6.02E-05,8.33E-07,1.82E-03,2.32E-05,2.09E-05,2.34E-07,2.45E-08,3.62E-09,7.27E-08,5.41E-09,2.24E-08,8.04E-10,8.33E-09,6.00E-10,5.75E-07,4.24E-09,3.20E-09,8.26E-11,3.15E-06,4.48E-08,7.92E-10,1.68E-10,5.60E-08,1.39E-09,,,7.41E-10,2.04E-10,7.23E-09,5.39E-10,,,,,1.50E-06,4.86E-09,3.51E-10,7.17E-11,1.60E-09,1.12E-10,,,1.80E-09,4.66E-11,1.36E-05,2.73E-06,2.62E-08,2.46E-09
MCT2-1M,8/24/17,7.89,,,1,66.862,,3.72,0.12,0.18,3.6,4.27E-07,2.01E-08,,,2.23E-07,1.40E-08,1.13E-04,1.99E-06,3.18E-04,4.73E-06,1.91E-07,5.57E-08,2.00E-04,3.26E-06,2.09E-05,4.56E-07,3.65E-09,1.39E-10,8.47E-09,6.68E-10,6.80E-05,1.03E-06,1.86E-03,1.91E-05,6.35E-05,5.82E-07,2.77E-08,3.89E-09,7.03E-08,1.29E-09,2.63E-08,4.48E-10,1.46E-08,7.80E-10,3.42E-07,6.22E-09,2.36E-09,1.69E-10,3.28E-06,2.85E-08,9.74E-10,1.24E-10,6.02E-08,1.68E-09,,,9.32E-10,1.96E-10,,,,,,,1.64E-06,1.72E-08,3.80E-10,8.21E-11,2.56E-09,1.18E-10,,,1.58E-09,5.94E-11,1.10E-05,1.76E-06,3.00E-08,9.00E-10
MCT2-1M,8/30/17,7.64,,,,31.999,,,,,,4.02E-07,4.56E-08,,,1.75E-07,1.47E-08,9.27E-05,1.19E-06,3.03E-04,2.65E-06,1.70E-07,5.97E-08,1.94E-04,1.35E-06,1.73E-05,3.58E-07,3.56E-09,1.23E-10,8.47E-09,1.64E-10,6.79E-05,6.01E-07,1.84E-03,3.16E-05,3.80E-05,2.67E-07,2.27E-08,2.33E-09,7.85E-08,3.97E-09,2.27E-08,4.32E-10,7.20E-09,4.94E-10,2.75E-07,4.17E-09,2.79E-09,3.01E-10,3.18E-06,4.13E-08,1.09E-09,4.35E-10,6.54E-08,1.08E-09,,,1.13E-09,4.31E-10,8.20E-09,4.41E-10,,,,,1.61E-06,1.43E-08,3.93E-10,4.50E-11,1.44E-09,6.43E-11,,,2.00E-09,9.48E-11,1.30E-05,2.50E-06,2.92E-08,2.36E-09
MCT2-1M,9/1/17,7.34,17.6,1027,-98,31.587,,,0.18,0.21,,3.91E-07,5.04E-08,,,1.68E-07,1.30E-08,8.88E-05,3.00E-06,2.89E-04,8.76E-06,1.17E-07,4.18E-08,1.88E-04,4.74E-06,1.53E-05,2.16E-07,2.18E-09,8.79E-11,5.45E-09,1.48E-10,5.99E-05,7.81E-07,1.80E-03,3.24E-05,1.84E-05,2.57E-07,2.06E-08,4.20E-09,7.15E-08,4.11E-09,1.84E-08,2.62E-10,9.59E-09,9.17E-10,2.92E-07,4.93E-09,2.50E-09,1.10E-10,3.10E-06,3.25E-08,1.01E-09,1.62E-10,6.62E-08,7.72E-10,,,4.72E-10,1.80E-10,9.50E-09,3.16E-10,,,,,1.54E-06,1.98E-08,3.40E-10,3.89E-11,2.99E-10,7.13E-11,,,1.95E-09,3.64E-11,1.35E-05,2.55E-06,2.37E-08,7.15E-10
MCT2-1M,9/12/17,7.29,17.9,697,-111,53.451,,,0.18,0.22,,4.34E-07,2.04E-08,,,2.85E-07,8.37E-09,9.32E-05,2.29E-06,3.02E-04,4.58E-06,3.45E-07,6.91E-08,2.10E-04,4.70E-06,1.54E-05,2.39E-07,4.37E-09,1.99E-10,5.99E-09,2.24E-10,5.62E-05,8.33E-07,1.96E-03,8.57E-06,3.86E-05,2.39E-07,2.32E-08,5.57E-09,7.01E-08,2.45E-09,1.92E-08,5.72E-10,1.98E-08,3.98E-10,1.01E-06,7.15E-09,2.52E-09,2.00E-10,3.33E-06,4.16E-08,,,6.38E-08,9.13E-10,3.40E-09,3.75E-10,4.55E-10,2.84E-11,1.97E-08,7.60E-10,,,,,1.67E-06,1.46E-08,3.77E-10,6.06E-11,1.12E-09,1.14E-10,,,2.21E-09,7.99E-11,1.01E-05,1.29E-06,3.20E-08,1.75E-09
MCT2-1M,9/19/17,7.11,13.6,513,-55,25.731,,,0.14,0.23,,5.03E-07,4.20E-08,,,3.82E-07,2.59E-08,1.64E-04,4.55E-06,3.44E-04,5.05E-06,2.01E-06,8.47E-08,2.37E-04,2.05E-06,1.22E-04,1.47E-06,8.23E-09,6.06E-10,3.00E-08,4.85E-10,6.54E-05,6.87E-07,1.96E-03,2.23E-05,1.08E-04,8.50E-07,3.32E-08,6.68E-09,6.28E-08,2.17E-09,2.37E-08,6.13E-10,1.60E-08,3.92E-10,6.80E-07,8.26E-09,3.27E-09,1.30E-10,3.37E-06,1.22E-08,,,5.97E-08,9.85E-10,2.43E-09,1.75E-10,4.66E-10,1.67E-10,9.77E-09,4.48E-10,,,7.66E-11,1.53E-11,1.77E-06,1.08E-08,4.23E-10,4.40E-11,1.11E-08,2.05E-10,,,1.34E-09,3.14E-11,8.14E-06,5.48E-07,4.37E-08,1.93E-09
MCT2-1M,9/21/17,7.39,12.7,448,-44,33.503,,,0.19,0.21,,4.30E-07,4.53E-08,,,1.49E-07,4.05E-08,9.47E-05,1.78E-06,3.06E-04,7.01E-06,7.16E-07,5.10E-08,1.98E-04,4.15E-06,1.60E-05,2.58E-07,3.33E-09,2.24E-10,1.46E-08,2.37E-10,6.29E-05,1.10E-06,2.00E-03,1.88E-05,2.00E-05,5.79E-08,1.95E-08,3.98E-09,6.62E-08,2.10E-09,1.69E-08,2.36E-10,1.37E-08,8.32E-10,1.17E-06,1.35E-08,2.27E-09,3.22E-10,3.20E-06,2.27E-08,,,6.45E-08,1.17E-09,8.95E-10,1.25E-10,,,1.22E-08,3.49E-10,,,,,1.61E-06,1.23E-08,3.49E-10,3.16E-11,6.79E-10,1.07E-10,,,2.10E-09,9.81E-11,1.04E-05,1.60E-06,2.03E-08,1.06E-09
MCT2-1M,10/3/17,,,,,,,,0.17,0.21,,4.26E-07,4.85E-08,,,2.49E-07,2.72E-08,1.01E-04,1.11E-06,3.29E-04,3.65E-06,1.05E-06,7.71E-08,1.89E-04,1.81E-06,2.99E-04,3.90E-06,6.29E-09,4.20E-10,7.07E-09,1.91E-10,5.76E-05,8.56E-07,2.14E-03,1.10E-05,4.41E-05,2.86E-07,2.37E-08,4.82E-09,8.68E-08,1.70E-09,1.55E-08,5.36E-10,3.80E-08,1.18E-09,1.61E-06,1.52E-08,4.52E-09,1.74E-10,3.37E-06,3.70E-08,,,5.70E-08,1.21E-09,1.29E-09,2.22E-10,1.35E-09,1.93E-10,1.81E-08,4.40E-10,,,4.46E-11,1.50E-11,1.66E-06,9.76E-09,4.05E-10,6.59E-11,4.05E-09,1.90E-10,,,2.64E-09,3.68E-11,1.00E-05,1.52E-06,2.64E-08,1.35E-09
MCT2-1S,6/7/17,7.63,12.4,280,220,0.734,157.135,,,,,,,,,,,,,,,,,,,,,,,,,,,,,,,,,,,,,,,,,,,,,,,,,,,,,,,,,,,,,,,,,,,,,,,,
MCT2-1S,6/13/17,7.54,11.1,298,124,0.233,16.876,4.32,0.33,0.35,3.99,3.99E-07,4.71E-08,,,2.39E-07,1.81E-08,6.34E-04,1.07E-05,2.00E-04,8.66E-07,4.22E-07,5.23E-08,1.39E-04,1.44E-06,2.92E-06,9.35E-08,,,,,1.85E-06,2.15E-08,1.26E-03,1.22E-05,1.09E-07,5.46E-09,,,3.82E-08,1.11E-09,4.12E-09,1.53E-10,2.04E-08,1.07E-09,2.48E-07,8.26E-09,4.28E-09,1.68E-10,2.46E-06,1.96E-08,1.16E-09,2.37E-10,3.82E-08,8.00E-10,,,,,,,,,6.72E-11,7.70E-12,3.79E-07,4.25E-09,8.79E-11,2.80E-11,,,,,5.51E-09,1.45E-10,5.54E-06,6.94E-07,8.14E-09,8.50E-10
MCT2-1S,6/19/17,7.52,15,285,81,2.507,,,,,,,,,,,,,,,,,,,,,,,,,,,,,,,,,,,,,,,,,,,,,,,,,,,,,,,,,,,,,,,,,,,,,,,,,
MCT2-1S,6/21/17,7.46,14.9,306,36,0.895,125.789,,,,,3.59E-07,4.42E-08,,,9.80E-08,2.52E-08,4.78E-04,1.03E-05,1.89E-04,3.63E-06,,,1.36E-04,2.54E-06,3.13E-06,5.74E-08,,,,,1.13E-06,1.43E-08,1.20E-03,1.83E-05,1.17E-07,2.84E-09,,,3.24E-08,1.72E-09,2.72E-09,2.20E-10,1.11E-08,7.19E-10,2.15E-07,8.84E-09,4.09E-09,2.15E-10,2.10E-06,1.62E-08,8.03E-10,1.98E-10,3.86E-08,1.08E-09,,,,,,,,,1.02E-10,1.78E-11,3.03E-07,2.66E-09,7.47E-11,2.17E-11,,,,,4.04E-09,1.05E-10,5.46E-06,5.91E-07,1.01E-08,7.22E-10
MCT2-1S,6/23/17,7.17,15.1,400,12,1.934,53.722,,0.36,0.37,,4.24E-07,5.48E-08,,,1.61E-07,1.82E-08,6.62E-04,1.30E-05,1.98E-04,3.87E-06,2.88E-07,6.71E-08,1.52E-04,3.14E-06,4.65E-06,7.92E-08,,,,,1.17E-06,1.22E-08,1.24E-03,1.22E-05,9.64E-07,1.11E-08,,,3.62E-08,2.36E-09,3.25E-09,2.02E-10,1.19E-08,4.60E-10,1.85E-07,4.67E-09,4.80E-09,1.94E-10,2.18E-06,2.80E-08,9.08E-10,2.19E-10,4.33E-08,1.34E-09,,,,,,,,,1.09E-10,1.10E-11,3.23E-07,3.09E-09,8.47E-11,1.59E-11,,,,,5.22E-09,1.50E-10,5.57E-06,5.00E-07,1.39E-08,1.18E-09
MCT2-1S,6/27/17,7.24,13.5,309,-15,1.844,126.914,,0.23,0.24,,3.54E-07,2.27E-08,,,,,4.93E-04,4.68E-06,1.97E-04,2.96E-06,1.01E-07,5.37E-08,1.45E-04,1.67E-06,5.35E-06,7.63E-08,,,,,1.18E-06,1.05E-08,1.25E-03,6.84E-06,1.59E-06,2.10E-08,,,3.46E-08,2.13E-09,3.20E-09,3.49E-10,1.52E-08,9.22E-10,2.39E-07,6.63E-09,4.43E-09,1.57E-10,2.15E-06,2.73E-08,4.88E-10,2.36E-10,3.94E-08,8.07E-10,,,,,,,,,4.28E-11,5.62E-12,3.38E-07,4.44E-09,9.03E-11,2.39E-11,,,,,3.23E-09,1.28E-10,5.41E-06,5.79E-07,1.03E-08,5.52E-10
MCT2-1S,6/29/17,7.14,14.7,323,75,1.916,44.097,,,,,3.22E-07,2.63E-08,,,,,3.71E-04,5.02E-06,1.95E-04,3.90E-06,1.61E-07,4.72E-08,1.39E-04,2.49E-06,4.32E-06,1.03E-07,,,2.71E-09,5.91E-10,7.45E-07,1.12E-08,1.24E-03,1.83E-05,1.30E-06,1.58E-08,,,4.61E-08,4.90E-09,2.82E-09,2.78E-10,1.99E-08,1.96E-09,1.99E-07,5.02E-09,3.67E-09,1.34E-10,2.13E-06,1.43E-08,,,4.00E-08,1.80E-09,,,,,,,,,3.98E-11,1.06E-11,3.54E-07,3.19E-09,7.64E-11,2.20E-11,,,,,2.55E-09,1.10E-10,5.29E-06,5.37E-07,9.24E-09,9.56E-10
MCT2-1S,6/30/17,7.29,14.6,366,42,1.558,40.909,4.28,0.31,0.32,3.97,3.40E-07,5.15E-08,,,8.73E-07,3.64E-08,4.66E-04,6.89E-06,2.02E-04,1.92E-06,3.51E-07,6.87E-08,1.49E-04,1.51E-06,7.32E-06,1.48E-07,,,,,7.17E-07,1.11E-08,1.26E-03,1.42E-05,1.50E-06,1.50E-08,,,3.67E-08,2.47E-09,2.15E-09,2.47E-10,1.08E-08,4.93E-10,7.95E-07,9.93E-09,2.58E-09,1.11E-10,2.14E-06,3.07E-08,6.61E-10,2.08E-10,3.96E-08,9.02E-10,,,,,,,,,,,5.96E-07,1.10E-08,1.19E-10,2.58E-11,,,,,3.35E-09,9.12E-11,5.22E-06,4.61E-07,1.06E-08,7.85E-10
MCT2-1S,7/3/17,,,,,,,,,0.01,,,,,,,,,,,,,,,,,,,,,,,,,,,,,,,,,,,,,,,,,,,,,,,,,,,,,,,,,,,,,,,,,,,,,
MCT2-1S,7/6/17,7.25,18.9,321,141,2.399,97.787,4.4,0.29,0.3,4.11,3.35E-07,3.02E-08,,,1.98E-06,3.07E-08,4.84E-04,1.27E-05,2.05E-04,3.98E-06,9.71E-08,5.92E-08,1.49E-04,2.49E-06,6.62E-06,1.17E-07,1.95E-09,1.19E-10,,,1.40E-06,1.96E-08,1.30E-03,1.77E-05,1.15E-06,1.04E-08,,,3.65E-08,1.91E-09,2.75E-09,1.14E-10,1.25E-08,3.68E-10,4.60E-07,3.60E-09,1.99E-09,1.79E-10,2.18E-06,2.30E-08,,,3.96E-08,8.68E-10,,,,,,,,,,,6.88E-07,3.83E-09,1.83E-10,3.37E-11,,,,,3.09E-09,7.00E-11,5.63E-06,8.80E-07,1.05E-08,3.94E-10
MCT2-1S,7/7/17,7.62,15.4,366,70,,92.787,4.34,0.25,0.26,4.09,4.00E-07,6.61E-08,,,1.93E-06,2.94E-08,6.40E-04,9.42E-06,1.99E-04,1.33E-06,1.21E-06,8.39E-08,1.54E-04,1.52E-06,1.03E-05,2.54E-07,,,,,1.53E-06,2.22E-08,1.25E-03,1.62E-05,1.72E-06,1.54E-08,,,3.55E-08,1.49E-09,2.80E-09,1.84E-10,1.08E-08,6.66E-10,3.76E-06,4.03E-08,1.92E-09,1.63E-10,2.09E-06,3.45E-08,1.54E-09,2.69E-10,4.36E-08,4.23E-10,,,,,,,,,,,4.76E-06,4.65E-08,1.02E-09,4.70E-11,3.78E-10,7.70E-11,,,3.37E-09,3.61E-11,5.78E-06,8.29E-07,1.12E-08,9.25E-10
MCT2-1S,7/11/17,7.42,13.5,328,134,,102.319,4.22,0.25,0.27,3.96,3.73E-07,3.62E-08,,,1.23E-06,3.03E-08,5.64E-04,5.70E-06,2.10E-04,3.23E-06,7.17E-07,7.22E-08,1.58E-04,1.32E-06,7.43E-06,1.59E-07,2.22E-09,2.93E-10,1.62E-09,5.67E-10,3.31E-06,5.43E-08,1.34E-03,1.32E-05,3.77E-06,4.21E-08,,,3.90E-08,3.47E-09,4.15E-09,2.10E-10,1.32E-08,5.30E-10,3.20E-06,2.48E-08,3.22E-09,1.80E-10,2.21E-06,1.56E-08,8.56E-10,2.05E-10,4.27E-08,7.20E-10,,,,,,,,,,,3.20E-06,2.18E-08,7.47E-10,6.94E-11,,,,,3.21E-09,9.19E-11,5.99E-06,8.79E-07,1.08E-08,5.83E-10
MCT2-1S,7/13/17,,,,,,,,,,,,,,,,,,,,,,,,,,,,,,,,,,,,,,,,,,,,,,,,,,,,,,,,,,,,,,,,,,,,,,,,,,,,,,
MCT2-1S,7/17/17,,,,,,,,,,,,,,,,,,,,,,,,,,,,,,,,,,,,,,,,,,,,,,,,,,,,,,,,,,,,,,,,,,,,,,,,,,,,,,
MCT2-1S,7/19/17,,,,,,,,,,,,,,,,,,,,,,,,,,,,,,,,,,,,,,,,,,,,,,,,,,,,,,,,,,,,,,,,,,,,,,,,,,,,,,
MCT2-1S,7/21/17,,,,,,,,,,,,,,,,,,,,,,,,,,,,,,,,,,,,,,,,,,,,,,,,,,,,,,,,,,,,,,,,,,,,,,,,,,,,,,
MCT2-1S,7/24/17,,,,,,,,,,,,,,,,,,,,,,,,,,,,,,,,,,,,,,,,,,,,,,,,,,,,,,,,,,,,,,,,,,,,,,,,,,,,,,
MCT2-1S,7/26/17,,,,,,,,,,,,,,,,,,,,,,,,,,,,,,,,,,,,,,,,,,,,,,,,,,,,,,,,,,,,,,,,,,,,,,,,,,,,,,
MCT2-1S,7/28/17,,,,,,,,,,,,,,,,,,,,,,,,,,,,,,,,,,,,,,,,,,,,,,,,,,,,,,,,,,,,,,,,,,,,,,,,,,,,,,
MCT2-1S,7/31/17,,,,,,,,,,,,,,,,,,,,,,,,,,,,,,,,,,,,,,,,,,,,,,,,,,,,,,,,,,,,,,,,,,,,,,,,,,,,,,
MCT2-1S,8/2/17,,,,,,,,,,,,,,,,,,,,,,,,,,,,,,,,,,,,,,,,,,,,,,,,,,,,,,,,,,,,,,,,,,,,,,,,,,,,,,
MCT2-1S,8/4/17,,,,,,,,,,,,,,,,,,,,,,,,,,,,,,,,,,,,,,,,,,,,,,,,,,,,,,,,,,,,,,,,,,,,,,,,,,,,,,
MCT2-1S,8/7/17,,,,,,,,,,,,,,,,,,,,,,,,,,,,,,,,,,,,,,,,,,,,,,,,,,,,,,,,,,,,,,,,,,,,,,,,,,,,,,
MCT2-1S,8/9/17,,,,,,,,,,,,,,,,,,,,,,,,,,,,,,,,,,,,,,,,,,,,,,,,,,,,,,,,,,,,,,,,,,,,,,,,,,,,,,
MCT2-1S,8/11/17,,,,,,,,,,,,,,,,,,,,,,,,,,,,,,,,,,,,,,,,,,,,,,,,,,,,,,,,,,,,,,,,,,,,,,,,,,,,,,
MCT2-1S,8/15/17,,,,,,,,,,,,,,,,,,,,,,,,,,,,,,,,,,,,,,,,,,,,,,,,,,,,,,,,,,,,,,,,,,,,,,,,,,,,,,
MCT2-1S,8/18/17,,,,,,,,,,,,,,,,,,,,,,,,,,,,,,,,,,,,,,,,,,,,,,,,,,,,,,,,,,,,,,,,,,,,,,,,,,,,,,
MCT2-1S,8/22/17,,,,,,,,,,,,,,,,,,,,,,,,,,,,,,,,,,,,,,,,,,,,,,,,,,,,,,,,,,,,,,,,,,,,,,,,,,,,,,
MCT2-1S,8/24/17,,,,,,,,,,,,,,,,,,,,,,,,,,,,,,,,,,,,,,,,,,,,,,,,,,,,,,,,,,,,,,,,,,,,,,,,,,,,,,
MCT2-1S,8/30/17,,,,,,,,,,,,,,,,,,,,,,,,,,,,,,,,,,,,,,,,,,,,,,,,,,,,,,,,,,,,,,,,,,,,,,,,,,,,,,
MCT2-1S,9/1/17,,,,,,,,,,,,,,,,,,,,,,,,,,,,,,,,,,,,,,,,,,,,,,,,,,,,,,,,,,,,,,,,,,,,,,,,,,,,,,
MCT2-1S,9/12/17,,,,,,,,,,,,,,,,,,,,,,,,,,,,,,,,,,,,,,,,,,,,,,,,,,,,,,,,,,,,,,,,,,,,,,,,,,,,,,
MCT2-2D,6/27/17,6.98,14,408,-11,112.004,1.969,5.2,0.53,0.64,4.67,5.34E-07,4.45E-08,,,4.37E-07,2.85E-08,4.54E-04,8.86E-06,4.19E-04,3.55E-06,3.58E-07,4.88E-08,2.39E-04,2.75E-06,1.97E-05,3.82E-07,2.75E-09,2.56E-10,,,3.57E-05,4.82E-07,1.81E-03,1.37E-05,1.29E-04,1.59E-06,3.27E-08,2.35E-09,6.26E-08,1.56E-09,2.47E-08,4.71E-10,,,2.58E-07,9.10E-09,5.44E-09,2.54E-10,3.06E-06,3.65E-08,1.88E-09,2.21E-10,2.03E-08,1.10E-09,,,,,,,,,3.56E-11,1.75E-11,1.24E-06,7.56E-09,3.19E-10,1.54E-11,2.69E-10,3.56E-11,,,2.52E-09,7.42E-11,7.50E-06,8.26E-07,1.76E-08,1.09E-09
MCT2-2D,6/29/17,7.23,13.9,387,-56,74.491,1.25,5.2,0.65,0.74,4.55,5.20E-07,4.44E-08,,,4.45E-07,1.19E-08,5.83E-04,8.64E-06,4.06E-04,6.50E-06,1.26E-07,4.64E-08,2.42E-04,2.90E-06,2.17E-05,3.57E-07,4.33E-09,2.14E-10,3.94E-08,3.80E-09,3.34E-05,3.51E-07,1.71E-03,1.28E-05,1.19E-04,8.18E-07,3.10E-08,3.13E-09,6.02E-08,1.38E-09,2.00E-08,4.77E-10,6.71E-09,1.06E-09,2.23E-07,6.08E-09,5.53E-09,2.01E-10,2.87E-06,1.68E-08,1.90E-09,1.66E-10,2.83E-08,1.29E-09,,,,,,,,,,,1.21E-06,1.17E-08,3.37E-10,4.38E-11,3.43E-10,4.41E-11,,,2.87E-09,7.52E-11,6.51E-06,4.17E-07,2.69E-08,1.82E-09
MCT2-2D,6/30/17,,,,,,,5.5,0.69,0.79,4.82,4.95E-07,2.57E-08,,,3.91E-07,2.47E-08,5.75E-04,1.09E-05,4.23E-04,3.78E-06,2.82E-07,5.22E-08,2.46E-04,2.98E-06,2.18E-05,3.44E-07,3.47E-09,2.37E-10,,,3.50E-05,3.17E-07,1.76E-03,1.41E-05,1.26E-04,3.83E-07,3.13E-08,3.85E-09,6.78E-08,3.33E-09,2.07E-08,4.67E-10,,,3.06E-07,6.66E-09,5.60E-09,2.98E-10,2.93E-06,2.39E-08,1.74E-09,2.18E-10,3.25E-08,1.48E-09,,,,,,,,,,,1.23E-06,1.17E-08,3.24E-10,1.84E-11,,,,,3.15E-09,1.00E-10,6.56E-06,3.78E-07,3.20E-08,1.73E-09
MCT2-2D,7/3/17,7.42,12.8,380,-33,113.437,,5.71,0.79,0.91,4.91,4.84E-07,3.79E-08,,,3.62E-07,1.69E-08,7.24E-04,9.15E-06,4.35E-04,3.66E-06,1.92E-07,5.86E-08,2.57E-04,9.01E-07,2.39E-05,2.54E-07,6.18E-09,3.71E-10,4.33E-08,5.70E-09,3.57E-05,2.00E-07,1.80E-03,2.06E-05,1.44E-04,1.47E-06,3.32E-08,4.00E-09,6.75E-08,2.41E-09,2.13E-08,5.73E-10,4.61E-09,7.26E-10,1.77E-07,4.67E-09,5.53E-09,2.52E-10,2.99E-06,3.57E-08,1.88E-09,2.88E-10,4.66E-08,1.35E-09,,,,,,,,,,,1.20E-06,8.75E-09,3.18E-10,4.35E-11,5.89E-10,1.39E-11,,,4.04E-09,1.98E-10,6.17E-06,3.80E-07,4.13E-08,1.19E-09
MCT2-2D,7/6/17,7.77,14.1,334,-30,,,5.45,0.77,0.89,4.68,5.00E-07,4.42E-08,,,3.49E-07,2.47E-08,6.37E-04,6.31E-06,4.08E-04,5.16E-06,2.62E-07,4.30E-08,2.49E-04,2.24E-06,2.22E-05,3.49E-07,5.09E-09,3.63E-10,,,3.41E-05,4.95E-07,1.73E-03,6.44E-06,1.53E-04,1.13E-06,3.09E-08,2.33E-09,5.45E-08,1.90E-09,1.58E-08,3.88E-10,,,1.70E-07,4.81E-09,5.02E-09,1.60E-10,2.85E-06,2.72E-08,1.89E-09,1.82E-10,5.05E-08,1.71E-09,,,,,,,,,,,1.17E-06,1.07E-08,3.48E-10,8.91E-11,,,,,2.41E-09,1.39E-10,5.90E-06,2.28E-07,3.82E-08,1.60E-09
MCT2-2D,7/7/17,7.91,13.7,351,-53,,1.094,5.72,0.83,0.96,4.89,4.33E-07,2.62E-08,,,3.35E-07,1.46E-08,6.11E-04,1.46E-05,3.94E-04,2.50E-06,2.46E-07,4.77E-08,2.48E-04,2.63E-06,2.26E-05,3.34E-07,5.59E-09,1.56E-10,,,3.34E-05,3.91E-07,1.69E-03,5.87E-06,1.55E-04,7.03E-07,3.05E-08,3.35E-09,5.37E-08,3.13E-09,1.57E-08,7.13E-10,,,1.54E-07,5.01E-09,5.29E-09,2.23E-10,2.76E-06,2.36E-08,1.95E-09,9.99E-11,5.24E-08,1.60E-09,,,4.24E-10,1.59E-10,,,,,,,1.13E-06,1.21E-08,3.28E-10,6.28E-11,3.50E-10,5.72E-11,,,2.24E-09,1.42E-10,5.87E-06,2.74E-07,4.29E-08,1.28E-09
MCT2-2D,7/11/17,7.44,13,341,-43,,0.813,5.78,0.84,0.98,4.94,4.66E-07,5.15E-08,,,3.36E-07,2.12E-08,6.09E-04,1.05E-05,4.03E-04,1.25E-06,4.58E-07,4.56E-08,2.59E-04,9.48E-07,2.31E-05,2.75E-07,6.55E-09,1.50E-10,,,3.49E-05,2.74E-07,1.72E-03,1.69E-05,1.73E-04,1.98E-06,4.26E-08,5.25E-09,5.14E-08,1.23E-09,1.71E-08,4.75E-10,,,2.10E-07,4.67E-09,5.80E-09,1.79E-10,2.83E-06,3.48E-08,2.04E-09,2.17E-10,6.47E-08,1.80E-09,,,,,,,,,,,1.14E-06,7.55E-09,3.25E-10,4.78E-11,4.50E-10,7.26E-11,,,1.95E-09,3.88E-11,5.88E-06,1.97E-07,5.77E-08,1.53E-09
MCT2-2D,7/13/17,7.54,11.1,337,-66,150.235,1.719,5.55,0.87,1.01,4.67,4.75E-07,4.40E-08,,,3.49E-07,1.36E-08,7.90E-04,9.60E-06,3.94E-04,7.16E-06,3.12E-07,4.42E-08,2.63E-04,2.18E-06,2.35E-05,2.35E-07,7.04E-09,1.83E-10,5.92E-08,4.20E-09,3.44E-05,3.00E-07,1.72E-03,9.10E-06,1.77E-04,7.73E-07,3.31E-08,3.83E-09,4.78E-08,1.67E-09,1.47E-08,5.22E-10,,,2.32E-07,3.42E-09,5.54E-09,2.97E-10,2.81E-06,1.62E-08,1.82E-09,1.64E-10,6.86E-08,2.33E-09,,,,,,,,,,,1.16E-06,8.28E-09,3.40E-10,3.42E-11,3.85E-10,7.80E-11,,,1.53E-09,3.77E-11,6.14E-06,1.54E-07,6.08E-08,1.56E-09
MCT2-2D,7/17/17,7.51,14.5,318,-48,197.776,1.625,6.28,1.09,1.24,5.19,4.82E-07,1.93E-08,,,3.67E-07,6.72E-09,8.32E-04,1.17E-05,4.18E-04,2.56E-06,4.06E-07,5.00E-08,2.70E-04,2.90E-06,2.35E-05,2.85E-07,6.64E-09,3.76E-10,,,3.67E-05,1.69E-07,1.84E-03,9.17E-06,1.96E-04,1.35E-06,3.57E-08,3.34E-09,4.98E-08,1.87E-09,1.36E-08,8.71E-10,,,1.94E-07,1.15E-08,5.59E-09,3.08E-10,3.04E-06,3.07E-08,1.85E-09,1.39E-10,7.13E-08,9.06E-10,,,,,,,,,,,1.25E-06,1.65E-08,3.70E-10,3.27E-11,3.26E-10,5.33E-11,,,1.17E-09,6.37E-11,6.26E-06,1.99E-07,6.16E-08,1.41E-09
MCT2-2D,7/19/17,7.38,11.8,271,-24,177.989,,6.1,0.95,1.11,5.15,5.12E-07,3.12E-08,,,3.76E-07,1.06E-08,7.56E-04,1.12E-05,4.20E-04,4.93E-06,2.78E-07,4.70E-08,2.70E-04,1.73E-06,2.33E-05,1.64E-07,6.00E-09,1.83E-10,,,3.68E-05,8.51E-08,1.85E-03,1.74E-05,1.94E-04,6.13E-07,3.61E-08,3.07E-09,4.67E-08,1.12E-09,1.27E-08,6.79E-10,,,1.89E-07,3.96E-09,5.53E-09,2.36E-10,3.06E-06,2.30E-08,1.74E-09,1.66E-10,6.52E-08,2.00E-09,,,,,,,,,,,1.26E-06,1.43E-08,3.27E-10,4.61E-11,,,,,9.72E-10,3.98E-11,6.34E-06,1.88E-07,6.11E-08,1.63E-09
MCT2-2D,7/21/17,7.84,14.5,363,3,177.452,,5.9,0.81,0.96,5.09,5.21E-07,2.54E-08,,,4.43E-07,1.15E-08,6.29E-04,4.97E-06,4.02E-04,3.11E-06,3.74E-07,4.34E-08,2.62E-04,3.42E-06,2.18E-05,2.59E-07,5.27E-09,3.00E-10,,,3.54E-05,2.30E-07,1.81E-03,7.12E-06,1.91E-04,1.24E-06,3.27E-08,3.07E-09,4.20E-08,1.14E-09,1.04E-08,6.69E-10,,,1.50E-07,6.00E-09,5.11E-09,1.65E-10,2.98E-06,1.59E-08,2.05E-09,1.25E-10,5.42E-08,1.23E-09,,,,,,,,,,,1.24E-06,1.22E-08,3.22E-10,3.22E-11,,,,,7.85E-10,4.36E-11,6.16E-06,1.64E-07,5.21E-08,1.77E-09
MCT2-2D,7/24/17,7.41,14.8,378,-33,171.901,0.969,5.79,0.73,0.89,5.06,5.42E-07,2.98E-08,,,3.63E-07,1.32E-08,6.32E-04,6.09E-06,3.89E-04,5.43E-06,9.92E-08,2.64E-08,2.33E-04,2.25E-06,2.19E-05,2.59E-07,6.37E-09,4.10E-10,7.54E-09,3.50E-10,4.28E-05,4.85E-07,1.76E-03,1.24E-05,1.95E-04,1.75E-06,2.68E-08,3.18E-09,3.51E-08,2.72E-09,1.05E-08,1.33E-10,1.14E-08,1.03E-09,1.31E-07,7.94E-09,5.51E-09,2.29E-10,3.02E-06,1.08E-08,1.60E-09,1.32E-10,6.06E-08,8.51E-10,,,,,,,,,,,1.26E-06,1.78E-08,2.98E-10,4.56E-11,,,,,7.21E-10,7.26E-11,7.49E-06,1.43E-07,7.04E-08,2.00E-09
MCT2-2D,7/26/17,7.52,12.7,457,-41,346.668,6.844,5.55,0.71,0.86,4.84,5.52E-07,2.31E-08,,,3.62E-07,6.35E-09,6.96E-04,5.00E-06,3.94E-04,2.77E-06,2.81E-07,2.13E-08,2.36E-04,9.59E-07,2.21E-05,2.67E-07,6.87E-09,3.19E-10,3.22E-09,2.04E-10,4.32E-05,4.25E-07,1.78E-03,1.39E-05,1.99E-04,1.75E-06,2.83E-08,4.02E-09,3.64E-08,2.07E-09,1.02E-08,4.55E-10,9.30E-09,6.37E-10,1.80E-07,6.45E-09,5.52E-09,1.94E-10,3.07E-06,2.30E-08,1.59E-09,2.26E-10,6.57E-08,1.89E-09,,,,,,,,,3.01E-11,2.34E-11,1.28E-06,1.29E-08,2.78E-10,3.08E-11,6.91E-10,9.56E-11,,,7.29E-10,6.82E-11,7.12E-06,1.54E-07,7.42E-08,4.93E-09
MCT2-2D,7/28/17,7.54,14.8,473,55,206.55,1.969,5.79,0.78,0.94,5.01,5.43E-07,2.47E-08,,,3.87E-07,1.11E-08,6.08E-04,4.66E-06,4.09E-04,3.85E-06,4.36E-07,1.89E-08,2.38E-04,2.12E-06,2.43E-05,3.26E-07,1.03E-08,3.81E-10,6.23E-08,1.32E-09,4.53E-05,4.31E-07,1.84E-03,1.50E-05,2.03E-04,1.86E-06,2.85E-08,2.90E-09,4.10E-08,2.72E-09,1.21E-08,6.39E-10,8.20E-09,1.21E-09,2.36E-07,6.09E-09,6.85E-09,3.49E-10,3.20E-06,1.63E-08,1.60E-09,1.67E-10,6.47E-08,1.25E-09,,,,,1.16E-08,8.25E-10,,,4.57E-11,1.83E-11,1.39E-06,2.42E-08,3.30E-10,5.87E-11,4.48E-10,5.31E-11,,,8.94E-10,6.07E-11,7.29E-06,1.13E-07,7.33E-08,1.69E-09
MCT2-2D,7/31/17,7.33,14,310,-32,193.389,10.563,5.81,0.87,1.03,4.94,5.59E-07,2.99E-08,,,3.61E-07,9.86E-09,6.50E-04,9.66E-06,3.99E-04,3.58E-06,4.36E-07,2.91E-08,2.38E-04,2.33E-06,2.22E-05,3.38E-07,6.52E-09,3.24E-10,,,4.38E-05,5.62E-07,1.82E-03,1.62E-05,2.06E-04,1.43E-06,2.91E-08,2.45E-09,3.33E-08,2.87E-09,8.41E-09,1.65E-10,1.69E-08,3.20E-09,1.42E-07,3.72E-09,5.69E-09,3.62E-10,3.11E-06,2.39E-08,1.40E-09,1.66E-10,6.13E-08,1.25E-09,,,,,,,,,,,1.31E-06,1.16E-08,2.88E-10,3.11E-11,,,,,5.54E-10,3.16E-11,7.32E-06,1.66E-07,7.32E-08,1.94E-09
MCT2-2D,8/2/17,7.98,,531,-75,199.119,1.125,5.75,0.84,1,4.92,5.47E-07,3.04E-08,,,3.78E-07,1.11E-08,6.38E-04,7.42E-06,3.98E-04,3.26E-06,2.37E-07,2.60E-08,2.39E-04,1.31E-06,2.23E-05,4.25E-07,5.92E-09,3.18E-10,,,4.40E-05,5.22E-07,1.83E-03,9.81E-06,2.03E-04,1.61E-06,2.94E-08,3.16E-09,3.34E-08,2.47E-09,8.22E-09,3.62E-10,1.49E-08,8.52E-10,1.56E-07,9.91E-09,5.55E-09,2.97E-10,3.10E-06,2.84E-08,1.54E-09,3.29E-10,5.86E-08,1.31E-09,,,,,,,,,,,1.31E-06,2.17E-08,2.74E-10,3.90E-11,,,,,4.89E-10,5.48E-11,7.25E-06,9.63E-08,7.06E-08,2.46E-09
MCT2-2D,8/4/17,7.8,,,-70,,9.751,5.8,0.78,0.94,5.02,5.63E-07,5.68E-08,,,3.71E-07,2.14E-08,5.78E-04,6.25E-06,4.02E-04,2.97E-06,2.62E-07,3.10E-08,2.39E-04,1.07E-06,2.33E-05,2.76E-07,5.96E-09,1.82E-10,2.72E-09,2.62E-10,4.43E-05,5.05E-07,1.84E-03,1.21E-05,2.09E-04,1.47E-06,2.86E-08,2.60E-09,3.53E-08,2.31E-09,8.19E-09,3.54E-10,1.90E-08,3.88E-10,2.21E-07,3.61E-09,5.81E-09,1.87E-10,3.16E-06,4.10E-08,1.48E-09,2.33E-10,5.74E-08,1.80E-09,,,,,,,,,,,1.32E-06,1.63E-08,2.91E-10,4.06E-11,,,,,5.11E-10,3.68E-11,7.42E-06,1.77E-07,7.54E-08,3.09E-09
MCT2-2D,8/7/17,7.67,,,-27,182.377,,5.51,0.71,0.88,4.8,5.36E-07,5.02E-08,,,3.76E-07,3.35E-08,5.03E-04,7.34E-06,4.06E-04,4.62E-06,2.18E-07,1.97E-08,2.39E-04,2.01E-06,2.25E-05,2.12E-07,5.94E-09,1.92E-10,,,4.45E-05,3.15E-07,1.87E-03,1.45E-05,2.10E-04,2.20E-06,2.53E-08,2.82E-09,3.36E-08,1.77E-09,7.53E-09,2.81E-10,1.39E-08,9.56E-10,1.63E-07,4.62E-09,5.46E-09,1.36E-10,3.19E-06,1.07E-08,1.31E-09,1.91E-10,5.38E-08,8.30E-10,,,,,,,,,4.55E-11,2.72E-11,1.32E-06,8.88E-09,2.89E-10,8.30E-11,,,,,4.94E-10,3.46E-11,7.55E-06,1.82E-07,7.30E-08,1.16E-09
MCT2-2D,8/9/17,7.6,,,-19,183.809,,5.57,0.68,0.85,4.89,5.79E-07,4.85E-08,,,3.77E-07,2.57E-08,6.16E-04,6.61E-06,4.05E-04,2.36E-06,2.80E-07,3.33E-08,2.42E-04,2.38E-06,2.24E-05,2.04E-07,5.83E-09,3.25E-10,,,4.48E-05,6.60E-07,1.86E-03,1.02E-05,2.10E-04,1.39E-06,2.28E-08,4.00E-09,3.21E-08,2.43E-09,7.39E-09,5.32E-10,6.27E-09,6.40E-10,2.31E-07,7.19E-09,5.53E-09,1.95E-10,3.20E-06,2.06E-08,1.42E-09,2.51E-10,5.66E-08,1.32E-09,,,,,,,,,,,1.34E-06,1.59E-08,2.91E-10,5.21E-11,,,,,4.09E-10,5.33E-11,7.33E-06,2.80E-07,7.56E-08,2.44E-09
MCT2-2D,8/11/17,7.56,,,-10,203.058,,5.66,0.5,0.66,5.17,5.51E-07,1.08E-08,,,3.72E-07,2.01E-08,5.26E-04,3.80E-06,4.07E-04,3.38E-06,2.09E-07,2.54E-08,2.39E-04,1.49E-06,2.17E-05,2.70E-07,5.60E-09,1.64E-10,2.87E-09,1.63E-10,4.46E-05,3.14E-07,1.87E-03,1.13E-05,2.13E-04,1.82E-06,2.49E-08,3.26E-09,3.21E-08,1.85E-09,6.78E-09,2.35E-10,9.68E-09,6.50E-10,2.43E-07,1.30E-08,5.40E-09,2.61E-10,3.22E-06,3.15E-08,1.24E-09,1.30E-10,5.20E-08,1.86E-09,,,,,,,,,,,1.35E-06,1.63E-08,3.07E-10,4.60E-11,,,,,4.31E-10,3.88E-11,7.32E-06,1.85E-07,7.10E-08,1.98E-09
MCT2-2D,8/15/17,7.8,,,-79,214.339,,5.73,0.59,0.76,5.14,5.48E-07,3.47E-08,,,5.35E-07,3.99E-08,4.96E-04,1.06E-05,4.09E-04,7.05E-06,,,2.42E-04,3.33E-06,2.25E-05,3.23E-07,6.02E-09,2.88E-10,1.65E-08,3.61E-10,3.97E-05,6.32E-07,1.88E-03,1.39E-05,2.18E-04,1.22E-06,2.78E-08,7.35E-09,3.05E-08,3.05E-09,7.11E-09,4.32E-10,2.96E-08,9.46E-10,2.67E-07,7.65E-09,5.55E-09,3.45E-10,3.30E-06,2.91E-08,1.18E-09,1.16E-10,5.50E-08,6.29E-10,,,,,,,,,,,1.46E-06,5.17E-09,3.55E-10,6.10E-11,5.11E-10,5.59E-11,,,4.53E-10,2.48E-11,8.07E-06,1.25E-07,7.06E-08,1.00E-09
MCT2-2D,8/18/17,7.8,,,-83,232.335,,5.66,0.55,0.72,5.11,5.29E-07,4.21E-08,,,5.17E-07,2.27E-08,4.52E-04,7.25E-06,4.20E-04,6.26E-06,,,2.47E-04,4.20E-06,2.22E-05,3.35E-07,5.08E-09,1.56E-10,,,4.06E-05,4.88E-07,1.93E-03,1.17E-05,2.20E-04,2.34E-06,2.18E-08,6.15E-09,3.21E-08,2.37E-09,7.14E-09,2.07E-10,7.56E-09,1.03E-09,2.15E-07,3.25E-09,5.24E-09,1.95E-10,3.36E-06,1.67E-08,9.40E-10,1.27E-10,4.96E-08,5.84E-10,,,,,,,,,,,1.50E-06,1.25E-08,3.06E-10,2.46E-11,,,,,5.15E-10,2.51E-11,8.08E-06,2.66E-07,6.70E-08,2.01E-09
MCT2-2D,8/22/17,7.89,,,4,213.265,,5.87,0.49,0.66,5.38,5.67E-07,4.33E-08,,,5.62E-07,4.39E-08,4.22E-04,6.27E-06,4.26E-04,6.58E-06,,,2.44E-04,2.95E-06,2.16E-05,3.74E-07,4.90E-09,3.29E-10,,,4.08E-05,6.29E-07,1.96E-03,1.06E-05,2.21E-04,1.35E-06,2.49E-08,6.26E-09,3.13E-08,1.50E-09,5.97E-09,3.81E-10,2.38E-08,1.04E-09,2.22E-07,4.24E-09,4.81E-09,2.83E-10,3.39E-06,3.35E-08,1.18E-09,2.49E-10,4.61E-08,7.18E-10,,,,,,,,,4.99E-11,1.75E-11,1.48E-06,7.12E-09,3.32E-10,9.27E-11,,,,,4.08E-10,3.39E-11,8.36E-06,3.57E-07,6.31E-08,1.87E-09
MCT2-2D,8/24/17,7.74,,,4,225.441,,5.66,0.44,0.61,5.23,5.70E-07,5.08E-08,,,5.20E-07,1.84E-08,4.21E-04,4.78E-06,4.24E-04,4.36E-06,,,2.45E-04,3.99E-06,2.14E-05,3.61E-07,4.67E-09,2.83E-10,,,4.06E-05,4.11E-07,1.95E-03,7.43E-06,2.20E-04,1.99E-06,2.23E-08,7.00E-09,3.06E-08,8.04E-10,5.99E-09,2.88E-10,5.74E-09,4.11E-10,1.88E-07,6.67E-09,4.91E-09,2.14E-10,3.38E-06,2.37E-08,1.05E-09,1.35E-10,4.70E-08,1.31E-09,,,,,,,,,,,1.49E-06,1.19E-08,3.41E-10,1.67E-11,,,,,4.36E-10,4.68E-11,7.89E-06,3.32E-07,6.84E-08,2.08E-09
MCT2-2D,8/30/17,7.61,,,,193.317,,5.63,0.42,0.6,5.21,5.63E-07,1.81E-08,,,5.19E-07,3.18E-08,4.09E-04,6.02E-06,4.30E-04,6.93E-06,,,2.50E-04,3.48E-06,2.15E-05,3.45E-07,5.17E-09,2.75E-10,1.13E-08,3.11E-10,4.10E-05,3.16E-07,1.97E-03,1.64E-05,2.28E-04,1.62E-06,2.04E-08,7.24E-09,3.95E-08,2.74E-09,5.31E-09,3.14E-10,1.71E-08,1.06E-09,2.00E-07,4.04E-09,4.93E-09,2.45E-10,3.40E-06,3.23E-08,1.08E-09,2.31E-10,4.56E-08,9.73E-10,,,,,,,,,,,1.48E-06,4.48E-09,2.84E-10,3.96E-11,,,,,3.72E-10,3.53E-11,8.69E-06,3.73E-07,7.20E-08,2.28E-09
MCT2-2D,9/1/17,7.21,13.3,982,-112,224.904,1.313,5.42,0.32,0.49,5.09,5.31E-07,7.35E-08,,,5.28E-07,3.26E-08,3.53E-04,2.94E-06,4.16E-04,1.78E-06,2.15E-07,3.12E-08,2.41E-04,1.47E-06,2.08E-05,3.23E-07,4.88E-09,1.70E-10,4.34E-09,2.07E-10,3.92E-05,4.29E-07,1.91E-03,1.55E-05,2.09E-04,2.18E-06,1.68E-08,7.23E-09,3.05E-08,1.67E-09,4.88E-09,3.30E-10,1.05E-08,4.07E-10,2.17E-07,3.49E-09,4.55E-09,1.27E-10,3.27E-06,2.12E-08,9.65E-10,1.83E-10,4.10E-08,5.04E-10,,,,,,,,,,,1.42E-06,7.52E-09,3.50E-10,5.55E-11,,,,,3.64E-10,3.11E-11,8.88E-06,5.52E-07,6.24E-08,1.49E-09
MCT2-2D,9/12/17,7.21,14.7,569,-122,168.23,,4.87,0.26,0.4,4.61,5.04E-07,2.97E-08,,,5.11E-07,1.24E-08,3.34E-04,7.13E-06,3.63E-04,7.50E-06,,,2.34E-04,4.05E-06,1.93E-05,3.31E-07,4.72E-09,1.89E-10,2.30E-09,6.08E-10,3.43E-05,4.76E-07,1.69E-03,5.27E-06,1.81E-04,7.10E-07,1.42E-08,6.46E-09,2.51E-08,2.43E-09,3.95E-09,4.15E-10,6.30E-09,5.27E-10,2.04E-07,4.65E-09,4.09E-09,1.75E-10,2.87E-06,1.88E-08,8.60E-10,1.32E-10,3.64E-08,1.41E-09,,,,,,,,,,,1.26E-06,1.11E-08,2.94E-10,4.38E-11,,,,,2.83E-10,4.32E-11,1.02E-05,1.01E-06,5.69E-08,1.70E-09
MCT2-2D,9/14/17,7.22,15.5,445,-43,180.854,1.406,4.87,0.27,0.41,4.59,4.98E-07,2.63E-08,,,4.89E-07,2.49E-08,3.41E-04,3.58E-06,3.57E-04,5.40E-06,,,2.31E-04,2.39E-06,2.03E-05,3.04E-07,4.74E-09,9.81E-11,2.19E-09,1.71E-10,3.41E-05,4.76E-07,1.68E-03,8.14E-06,1.76E-04,1.30E-06,1.52E-08,6.89E-09,2.52E-08,1.96E-09,3.53E-09,2.11E-10,1.34E-08,7.20E-10,2.28E-07,5.89E-09,4.31E-09,8.44E-11,2.86E-06,2.29E-08,9.97E-10,1.81E-10,3.51E-08,1.49E-09,,,,,,,,,,,1.25E-06,1.29E-08,2.45E-10,2.48E-11,,,,,2.65E-10,3.09E-11,9.88E-06,8.25E-07,6.06E-08,1.86E-09
MCT2-2D,9/19/17,7.17,13.3,710,-82,184.078,0.813,5.15,0.26,0.41,4.89,5.26E-07,1.57E-08,,,4.98E-07,1.60E-08,4.20E-04,8.56E-06,3.73E-04,5.17E-06,,,2.39E-04,2.06E-06,2.00E-05,2.90E-07,5.78E-09,1.89E-10,2.22E-08,5.23E-10,3.52E-05,5.10E-07,1.74E-03,9.64E-06,1.84E-04,1.73E-06,2.23E-08,8.11E-09,2.63E-08,1.77E-09,3.55E-09,2.04E-10,8.28E-09,4.85E-10,2.05E-07,3.75E-09,4.40E-09,2.95E-10,2.93E-06,1.35E-08,1.04E-09,1.95E-10,3.53E-08,9.58E-10,,,,,,,,,,,1.29E-06,4.38E-09,2.94E-10,4.19E-11,,,,,3.00E-10,2.69E-11,1.03E-05,9.97E-07,5.80E-08,2.17E-09
MCT2-2D,9/21/17,7.14,12.7,447,-83,175.214,1.813,4.99,0.28,0.29,4.71,,,,,,,,,,,,,,,,,,,,,,,,,,,,,,,,,,,,,,,,,,,,,,,,,,,,,,,,,,,,,,,,,,,,
MCT2-2D,10/3/17,,,,,,,5.05,0.26,0.41,4.79,4.94E-07,5.88E-08,,,4.23E-07,1.98E-08,4.21E-04,4.04E-06,3.79E-04,4.05E-06,,,2.30E-04,3.17E-06,1.89E-05,4.21E-07,4.81E-09,2.28E-10,1.67E-09,2.47E-10,3.61E-05,5.89E-07,1.79E-03,1.39E-05,1.87E-04,2.09E-06,1.62E-08,6.22E-09,2.61E-08,2.53E-09,3.39E-09,1.68E-10,4.24E-09,7.09E-10,1.75E-07,8.38E-09,4.21E-09,1.77E-10,3.02E-06,2.71E-08,1.73E-09,2.53E-10,3.13E-08,6.73E-10,,,,,,,,,,,1.32E-06,9.99E-09,3.19E-10,3.73E-11,,,,,3.40E-10,3.98E-11,1.02E-05,1.08E-06,5.37E-08,1.31E-09
MCT2-2M,6/13/17,7.19,10.5,393,-36,,,,,,,,,,,,,,,,,,,,,,,,,,,,,,,,,,,,,,,,,,,,,,,,,,,,,,,,,,,,,,,,,,,,,,,,,,
MCT2-2M,6/19/17,7.01,13.9,410,-72,92.415,18.501,5.07,0.47,0.54,4.61,5.24E-07,1.89E-08,,,5.75E-07,1.69E-08,5.82E-04,4.31E-06,3.82E-04,4.43E-06,2.63E-07,5.23E-08,2.01E-04,2.34E-05,1.12E-05,2.27E-07,3.70E-09,2.03E-10,,,3.04E-05,5.86E-07,1.60E-03,1.97E-05,8.71E-05,1.16E-06,2.33E-08,3.31E-09,8.14E-08,3.21E-09,4.72E-08,6.79E-10,4.29E-09,8.60E-10,2.65E-07,5.18E-09,9.49E-09,2.95E-10,2.77E-06,2.30E-08,1.42E-09,2.85E-10,2.37E-08,1.22E-09,,,,,,,,,1.17E-10,1.33E-11,9.20E-07,8.70E-09,2.48E-10,1.56E-11,,,,,4.14E-09,1.19E-10,8.82E-06,5.31E-07,3.24E-08,1.22E-09
MCT2-2M,6/21/17,7.33,14.1,280,-45,211.564,239.859,,,,,,,,,,,,,,,,,,,,,,,,,,,,,,,,,,,,,,,,,,,,,,,,,,,,,,,,,,,,,,,,,,,,,,,,
MCT2-2M,6/23/17,6.86,13.4,557,-51,177.721,25.72,,0.29,0.3,,,,,,,,,,,,,,,,,,,,,,,,,,,,,,,,,,,,,,,,,,,,,,,,,,,,,,,,,,,,,,,,,,,,,
MCT2-2M,6/27/17,6.78,14.7,445,-1,254.987,2.406,6.16,0.42,0.43,5.75,4.79E-07,4.53E-08,,,3.25E-07,1.66E-08,5.16E-04,8.77E-06,5.54E-04,5.60E-06,2.35E-07,4.58E-08,2.39E-04,2.51E-06,4.19E-06,1.10E-07,,,,,3.83E-06,6.46E-08,1.89E-03,1.97E-05,2.38E-06,2.75E-08,2.76E-08,4.28E-09,7.71E-08,4.48E-09,1.24E-08,3.74E-10,2.58E-08,7.22E-10,1.84E-07,5.85E-09,1.60E-09,1.32E-10,3.48E-06,1.69E-08,1.29E-09,1.78E-10,,,,,,,,,,,,,8.20E-07,1.51E-08,2.13E-10,3.57E-11,1.05E-09,4.61E-11,,,2.09E-09,8.35E-11,9.88E-06,8.94E-07,5.89E-09,5.83E-10
MCT2-2M,6/29/17,6.83,16.7,404,-61,230.008,3.188,5.93,0.4,0.62,5.52,6.45E-07,3.66E-08,,,6.82E-07,1.66E-08,5.62E-04,5.89E-06,4.45E-04,7.04E-06,1.22E-07,4.90E-08,2.50E-04,2.29E-06,8.45E-06,7.71E-08,3.90E-09,1.85E-10,,,3.21E-05,3.72E-07,1.78E-03,1.02E-05,2.83E-04,2.83E-06,3.97E-08,2.75E-09,8.64E-08,1.97E-09,3.37E-08,8.55E-10,2.84E-09,6.02E-10,3.00E-07,4.14E-09,5.32E-09,3.53E-10,2.97E-06,2.72E-08,1.95E-09,2.34E-10,2.36E-08,1.19E-09,,,,,,,,,7.08E-11,1.42E-11,1.26E-06,1.67E-08,3.36E-10,2.68E-11,,,,,2.67E-09,6.28E-11,8.96E-06,4.01E-07,5.04E-08,1.93E-09
MCT2-2M,6/30/17,6.89,12.2,434,-49,248.899,0.875,5.76,0.39,0.62,5.37,5.80E-07,2.11E-08,,,5.68E-07,2.15E-08,4.51E-04,4.57E-06,4.39E-04,5.85E-06,,,2.49E-04,3.27E-06,8.13E-06,6.38E-08,2.54E-09,1.37E-10,,,3.06E-05,3.36E-07,1.72E-03,1.74E-05,2.98E-04,7.88E-07,3.02E-08,3.92E-09,7.63E-08,3.94E-09,2.89E-08,7.03E-10,5.39E-09,6.20E-10,2.61E-07,6.68E-09,4.04E-09,2.37E-10,2.81E-06,3.17E-08,1.81E-09,1.87E-10,1.94E-08,9.56E-10,,,,,,,,,,,1.23E-06,9.42E-09,3.24E-10,3.81E-11,,,,,1.92E-09,6.55E-11,8.77E-06,5.69E-07,4.90E-08,1.70E-09
MCT2-2M,7/3/17,7.29,14.7,408,-17,243.616,,5.04,0.37,0.6,4.67,5.89E-07,5.08E-08,,,5.79E-07,3.31E-08,3.84E-04,2.86E-06,3.90E-04,2.44E-06,2.90E-07,4.87E-08,2.49E-04,2.81E-06,1.11E-05,1.95E-07,3.26E-09,2.51E-10,,,2.99E-05,2.66E-07,1.65E-03,1.86E-05,3.04E-04,2.80E-06,3.15E-08,2.71E-09,6.39E-08,4.21E-09,2.14E-08,4.32E-10,1.06E-08,1.37E-09,3.42E-07,7.33E-09,5.31E-09,3.04E-10,2.64E-06,1.88E-08,1.97E-09,2.17E-10,2.07E-08,9.38E-10,,,,,,,,,6.41E-11,1.73E-11,1.20E-06,6.01E-09,3.20E-10,4.70E-11,2.76E-10,7.48E-11,,,1.40E-09,4.69E-11,8.82E-06,3.91E-07,4.79E-08,1.28E-09
MCT2-2M,7/6/17,7.53,14.6,345,-25,229.47,1.219,4.6,0.34,0.57,4.26,5.61E-07,2.51E-08,,,5.50E-07,2.76E-08,3.21E-04,3.96E-06,3.49E-04,3.58E-06,2.79E-07,6.61E-08,2.46E-04,3.23E-06,8.30E-06,7.31E-08,2.40E-09,2.88E-10,,,2.78E-05,1.54E-07,1.51E-03,4.15E-06,3.04E-04,2.45E-06,2.93E-08,3.35E-09,5.26E-08,4.06E-09,1.75E-08,5.66E-10,,,2.45E-07,4.86E-09,3.98E-09,2.45E-10,2.41E-06,1.69E-08,1.77E-09,2.44E-10,2.10E-08,1.38E-09,,,,,,,,,3.39E-11,1.29E-11,1.12E-06,4.96E-09,2.85E-10,6.55E-11,,,,,8.81E-10,5.98E-11,8.29E-06,3.04E-07,5.12E-08,2.14E-09
MCT2-2M,7/7/17,7.55,13.9,369,-56,,1.813,,,,,5.25E-07,4.09E-08,,,5.45E-06,1.67E-07,3.69E-04,3.22E-06,3.39E-04,3.66E-06,3.78E-07,4.51E-08,2.39E-04,1.16E-06,8.58E-06,2.41E-07,3.26E-09,2.11E-10,2.23E-08,5.01E-09,2.33E-05,2.25E-07,1.29E-03,4.38E-05,2.29E-04,6.14E-06,3.64E-08,2.81E-09,5.36E-08,1.88E-09,1.57E-08,4.24E-10,,,4.26E-07,7.15E-09,4.42E-09,1.67E-10,2.38E-06,3.31E-08,1.77E-09,2.02E-10,2.02E-08,1.06E-09,,,,,,,,,3.98E-11,2.30E-11,1.06E-06,1.24E-08,2.95E-10,3.09E-11,3.64E-10,5.37E-11,,,9.05E-10,3.25E-11,7.62E-06,4.20E-07,4.33E-08,2.07E-09
MCT2-2M,7/11/17,7.5,12.8,358,-64,,1.781,4.21,0.34,0.54,3.87,5.07E-07,4.25E-08,,,9.59E-07,3.81E-08,3.01E-04,1.24E-06,3.10E-04,4.71E-06,3.45E-07,4.27E-08,2.45E-04,4.12E-06,1.54E-05,2.27E-07,2.86E-09,1.82E-10,,,2.92E-05,1.83E-07,1.41E-03,7.00E-06,2.54E-04,2.52E-06,3.36E-08,4.31E-09,4.82E-08,2.95E-09,1.74E-08,4.66E-10,3.97E-08,1.38E-09,5.47E-07,8.80E-09,3.62E-09,2.67E-10,2.29E-06,1.26E-08,1.70E-09,1.65E-10,2.50E-08,1.39E-09,,,,,,,,,3.22E-11,1.13E-11,1.07E-06,1.05E-08,3.07E-10,6.25E-11,,,,,7.16E-10,3.43E-11,7.23E-06,2.58E-07,4.69E-08,2.11E-09
MCT2-2M,7/13/17,7.3,12,343,-39,263.492,1.438,4.31,0.4,0.62,3.91,5.72E-07,5.10E-08,,,6.19E-07,2.78E-08,4.49E-04,6.78E-06,3.26E-04,4.13E-06,,,2.57E-04,2.79E-06,9.49E-06,1.45E-07,3.00E-09,1.63E-10,,,2.54E-05,1.94E-07,1.41E-03,9.89E-06,2.82E-04,1.92E-06,3.20E-08,3.37E-09,4.71E-08,1.69E-09,1.48E-08,3.41E-10,2.21E-08,8.70E-10,1.70E-07,5.32E-09,4.67E-09,1.87E-10,2.26E-06,2.21E-08,3.35E-09,2.98E-10,2.75E-08,1.62E-09,,,,,,,,,,,1.06E-06,4.90E-09,2.91E-10,5.09E-11,,,,,7.17E-10,2.68E-11,7.45E-06,2.09E-07,5.53E-08,1.56E-09
MCT2-2M,7/17/17,7.32,15.9,302,-36,266.178,1.25,4.53,0.42,0.64,4.11,5.88E-07,3.16E-08,,,6.01E-07,2.67E-08,4.20E-04,5.62E-06,3.28E-04,7.21E-06,2.89E-07,4.56E-08,2.60E-04,4.49E-06,1.07E-05,1.57E-07,3.49E-09,1.22E-10,1.67E-08,3.63E-09,2.61E-05,2.68E-07,1.43E-03,9.65E-06,2.78E-04,1.16E-06,3.34E-08,2.58E-09,4.59E-08,2.42E-09,1.52E-08,4.66E-10,,,1.88E-07,6.64E-09,5.25E-09,1.52E-10,2.28E-06,3.16E-09,1.69E-09,1.61E-10,2.67E-08,1.15E-09,,,,,,,,,4.49E-11,1.87E-11,1.07E-06,9.93E-09,3.05E-10,3.29E-11,2.65E-10,2.92E-11,,,6.42E-10,4.97E-11,7.49E-06,3.10E-07,5.35E-08,1.84E-09
MCT2-2M,7/19/17,7.31,13.3,279,1,293.486,,4.61,0.3,0.51,4.31,5.51E-07,2.35E-08,,,6.08E-07,1.43E-08,3.33E-04,4.64E-06,3.13E-04,2.38E-06,2.67E-07,5.23E-08,2.53E-04,1.51E-06,9.87E-06,1.37E-07,3.17E-09,2.27E-10,2.95E-08,4.06E-09,2.50E-05,2.72E-07,1.38E-03,5.33E-06,2.79E-04,1.96E-06,3.29E-08,2.83E-09,4.02E-08,1.01E-09,1.26E-08,4.36E-10,,,2.10E-07,6.38E-09,4.55E-09,7.21E-11,2.19E-06,1.50E-08,1.77E-09,1.90E-10,2.65E-08,1.31E-09,,,,,,,,,,,1.03E-06,1.55E-08,2.64E-10,1.78E-11,,,,,4.09E-10,2.48E-11,7.17E-06,2.45E-07,5.37E-08,2.46E-09
MCT2-2M,7/21/17,7.54,14.9,320,-13,253.465,1.656,4.47,0.34,0.55,4.13,5.35E-07,2.58E-08,,,5.76E-07,3.75E-08,2.87E-04,2.43E-06,3.14E-04,5.30E-06,1.98E-07,4.50E-08,2.41E-04,2.69E-05,9.64E-06,1.26E-07,2.99E-09,1.59E-10,,,2.58E-05,3.47E-07,1.39E-03,8.84E-06,2.78E-04,1.55E-06,3.49E-08,4.36E-09,3.52E-08,2.73E-09,1.20E-08,3.68E-10,2.27E-09,8.53E-10,1.90E-07,5.10E-09,4.28E-09,3.55E-10,2.23E-06,2.38E-08,1.90E-09,1.62E-10,2.86E-08,1.74E-09,,,,,,,,,,,1.05E-06,7.33E-09,2.87E-10,4.80E-11,,,3.63E-10,4.46E-10,4.54E-10,1.90E-11,6.53E-06,2.17E-07,5.58E-08,1.65E-09
MCT2-2M,7/24/17,7.28,16.2,385,-24,209.684,0.938,4.22,0.29,0.49,3.93,5.13E-07,3.42E-08,,,6.96E-07,1.57E-08,3.31E-04,6.23E-06,3.15E-04,4.53E-06,1.68E-06,5.14E-08,2.28E-04,2.14E-06,1.20E-05,1.82E-07,,,,,2.95E-05,3.26E-07,1.37E-03,5.73E-06,2.53E-04,1.20E-06,2.86E-08,6.59E-09,3.55E-08,1.91E-09,1.06E-08,3.97E-10,1.21E-08,9.52E-10,2.40E-07,4.54E-09,5.31E-09,1.72E-10,2.25E-06,1.27E-08,3.03E-09,9.37E-10,2.88E-08,1.10E-09,,,,,,,,,,,1.03E-06,1.13E-08,2.60E-10,5.33E-11,3.47E-10,5.75E-11,,,4.47E-10,3.94E-11,7.92E-06,3.48E-07,5.31E-08,1.69E-09
MCT2-2M,7/26/17,7.18,14.4,461,-19,366.902,231.671,5.99,0.62,0.8,5.38,5.94E-07,2.04E-08,,,8.26E-07,2.30E-08,6.57E-04,4.48E-06,4.02E-04,3.32E-06,4.07E-07,1.67E-08,2.35E-04,1.29E-06,1.48E-05,1.54E-07,3.40E-09,1.75E-10,,,3.54E-05,3.01E-07,1.63E-03,1.15E-05,2.35E-04,2.20E-06,2.61E-08,2.79E-09,6.93E-08,2.20E-09,2.24E-08,8.02E-10,1.24E-08,8.79E-10,2.74E-07,5.98E-09,7.39E-09,4.00E-10,2.68E-06,1.33E-08,2.88E-09,1.55E-10,3.75E-08,3.93E-10,,,,,,,,,3.66E-11,1.06E-11,1.20E-06,1.45E-08,2.52E-10,2.51E-11,3.98E-10,2.47E-11,,,1.40E-09,5.30E-11,8.56E-06,2.71E-07,6.72E-08,2.94E-09
MCT2-2M,7/28/17,7.62,15.9,523,-56,275.937,2.188,4.97,0.39,0.61,4.58,5.73E-07,3.26E-08,,,7.82E-07,2.35E-08,5.49E-04,6.91E-06,3.63E-04,4.29E-06,3.47E-07,4.34E-08,2.06E-04,1.86E-06,1.24E-05,1.68E-07,3.15E-09,2.01E-10,,,3.37E-05,4.21E-07,1.51E-03,6.85E-06,2.90E-04,2.16E-06,3.30E-08,3.74E-09,4.69E-08,2.91E-09,1.58E-08,7.29E-10,5.41E-09,8.43E-10,1.77E-07,5.37E-09,6.35E-09,2.21E-10,2.47E-06,2.21E-08,2.50E-09,1.90E-10,3.70E-08,7.83E-10,,,,,,,,,3.45E-11,1.07E-11,1.18E-06,1.11E-08,3.22E-10,4.21E-11,,,,,7.50E-10,8.53E-11,8.24E-06,2.18E-07,7.76E-08,1.51E-09
MCT2-2M,7/31/17,7.41,15.7,365,-15,318.196,7.5,4.65,0.38,0.61,4.27,5.95E-07,4.11E-08,,,7.54E-07,1.40E-08,5.17E-04,6.59E-06,3.69E-04,3.54E-06,3.57E-07,1.88E-08,2.10E-04,1.60E-06,1.24E-05,1.51E-07,3.32E-09,2.59E-10,,,3.52E-05,2.63E-07,1.56E-03,1.68E-05,3.10E-04,2.43E-06,2.52E-08,4.74E-09,4.31E-08,3.08E-09,1.47E-08,5.11E-10,1.09E-08,5.24E-09,2.22E-07,6.11E-09,6.40E-09,3.21E-10,2.53E-06,1.78E-08,2.26E-09,2.29E-10,3.83E-08,9.50E-10,,,,,,,,,3.30E-11,1.36E-11,1.21E-06,1.04E-08,3.25E-10,3.40E-11,4.92E-10,5.70E-10,,,6.39E-10,3.09E-11,7.93E-06,1.82E-07,8.07E-08,1.17E-09
MCT2-2M,8/2/17,7.73,,469,-61,228.127,,4.61,0.38,0.61,4.23,5.91E-07,1.56E-08,,,7.66E-07,1.60E-08,4.22E-04,4.81E-06,3.48E-04,1.52E-06,1.03E-06,1.71E-08,2.07E-04,9.10E-07,1.53E-05,2.24E-07,3.12E-09,3.04E-10,,,3.30E-05,3.67E-07,1.49E-03,1.05E-05,2.98E-04,2.25E-06,3.22E-08,2.97E-09,3.52E-08,3.04E-09,1.30E-08,2.84E-10,7.95E-09,6.82E-10,1.59E-07,6.15E-09,5.88E-09,2.73E-10,2.39E-06,2.78E-08,2.29E-09,1.70E-10,3.60E-08,1.06E-09,,,,,,,,,6.89E-11,1.19E-11,1.15E-06,9.33E-09,3.06E-10,4.18E-11,4.26E-10,5.00E-11,,,4.75E-10,6.32E-11,8.13E-06,1.64E-07,7.61E-08,2.02E-09
MCT2-2M,8/4/17,,,,,,,4.52,0.37,0.58,4.15,5.99E-07,4.42E-08,,,1.81E-06,2.51E-08,4.16E-04,2.22E-06,3.53E-04,2.08E-06,5.18E-07,1.65E-08,2.13E-04,1.40E-06,1.54E-05,2.06E-07,3.72E-09,1.69E-10,,,3.66E-05,2.87E-07,1.53E-03,1.07E-05,2.73E-04,2.43E-06,2.96E-08,5.34E-09,3.95E-08,1.89E-09,1.61E-08,3.46E-10,1.20E-08,8.66E-10,2.98E-07,5.83E-09,6.19E-09,1.24E-10,2.49E-06,1.30E-08,2.49E-09,1.98E-10,4.46E-08,1.89E-09,,,,,1.30E-08,4.46E-10,,,,,1.11E-06,6.59E-09,2.49E-10,4.63E-11,5.05E-10,4.66E-11,,,1.32E-09,7.12E-11,8.02E-06,2.35E-07,8.81E-08,2.29E-09
MCT2-2M,8/7/17,7.33,,,6,265.82,1.219,4.73,0.37,0.59,4.35,5.67E-07,2.25E-08,,,7.66E-07,1.96E-08,3.97E-04,6.05E-06,3.47E-04,6.78E-06,1.06E-06,2.48E-08,2.10E-04,2.64E-06,1.14E-05,1.42E-07,2.66E-09,2.95E-10,,,3.38E-05,2.10E-07,1.50E-03,8.18E-06,2.88E-04,2.82E-06,2.74E-08,3.67E-09,3.55E-08,1.97E-09,1.37E-08,3.30E-10,1.08E-08,1.16E-09,1.81E-07,6.12E-09,5.82E-09,1.32E-10,2.40E-06,1.33E-08,2.12E-09,2.59E-10,4.16E-08,1.18E-09,,,,,,,,,3.40E-11,1.61E-11,1.07E-06,1.04E-08,2.47E-10,2.53E-11,3.22E-10,2.82E-11,,,4.37E-10,2.72E-11,8.09E-06,1.55E-07,8.10E-08,1.51E-09
MCT2-2M,8/9/17,7.6,,,-11,286.95,3,5.03,0.45,0.77,4.58,8.47E-07,4.66E-08,,,8.32E-07,2.58E-08,5.94E-04,5.46E-06,4.71E-04,1.99E-06,4.19E-07,4.14E-08,2.80E-04,1.22E-06,1.56E-05,1.77E-07,5.90E-09,3.21E-10,2.17E-09,3.01E-10,4.90E-05,4.62E-07,2.08E-03,2.12E-05,4.25E-04,4.10E-06,3.89E-08,4.98E-09,4.88E-08,2.98E-09,1.91E-08,4.46E-10,2.44E-08,1.02E-09,3.23E-07,5.84E-09,8.44E-09,2.61E-10,3.45E-06,2.15E-08,2.48E-09,1.82E-10,5.01E-08,1.46E-09,,,,,,,,,3.55E-11,3.28E-11,1.53E-06,1.38E-08,2.98E-10,7.42E-11,3.85E-10,9.31E-11,,,8.22E-10,7.04E-11,9.38E-06,2.23E-07,9.96E-08,3.85E-09
MCT2-2M,8/11/17,7.29,,,-4,262.418,1.156,4.74,0.37,0.6,4.38,6.19E-07,4.61E-08,,,6.18E-07,3.53E-08,3.83E-04,4.62E-06,3.46E-04,3.78E-06,,,2.12E-04,1.09E-06,1.10E-05,1.64E-07,4.00E-09,3.22E-10,,,3.49E-05,2.72E-07,1.51E-03,7.70E-06,3.12E-04,2.74E-06,2.72E-08,3.23E-09,3.12E-08,1.40E-09,1.39E-08,4.70E-10,9.88E-09,4.83E-10,2.55E-07,4.45E-09,5.90E-09,2.17E-10,2.49E-06,1.23E-08,1.88E-09,1.20E-10,3.99E-08,9.06E-10,,,,,,,,,,,1.11E-06,1.63E-08,2.61E-10,4.69E-11,,,,,4.20E-10,3.67E-11,7.34E-06,1.40E-07,8.45E-08,2.30E-09
MCT2-2M,8/15/17,7.95,,,-51,325.628,0.875,5.17,0.37,0.65,4.8,6.34E-07,5.20E-08,,,3.39E-07,2.50E-08,5.20E-04,8.33E-06,4.08E-04,6.05E-06,1.03E-06,8.73E-08,2.83E-04,3.57E-06,1.35E-05,2.34E-07,9.37E-09,3.17E-10,5.59E-09,2.85E-10,3.62E-05,4.78E-07,1.93E-03,9.70E-06,3.63E-04,2.49E-06,2.46E-08,6.21E-09,4.00E-08,1.83E-09,1.62E-08,6.35E-10,1.94E-08,9.40E-10,3.60E-07,8.03E-09,6.30E-09,1.58E-10,2.59E-06,2.63E-08,1.44E-09,2.56E-10,5.14E-08,1.31E-09,,,,,,,,,3.86E-11,1.17E-11,1.18E-06,1.26E-08,3.18E-10,6.21E-11,,,,,5.45E-10,2.95E-11,6.64E-06,5.68E-07,9.54E-08,2.04E-09
MCT2-2M,8/18/17,7.41,,,-49,310.765,0.813,5.04,0.43,0.7,4.61,6.04E-07,4.10E-08,,,2.87E-07,2.56E-08,4.53E-04,4.81E-06,3.99E-04,4.16E-06,4.63E-07,5.86E-08,2.86E-04,2.96E-06,1.24E-05,2.60E-07,9.56E-09,5.49E-10,3.46E-09,3.02E-10,3.65E-05,5.37E-07,1.88E-03,2.97E-05,3.57E-04,3.60E-06,1.36E-08,4.73E-09,3.64E-08,1.65E-09,1.62E-08,3.34E-10,9.18E-09,5.97E-10,3.68E-07,4.68E-09,6.20E-09,1.31E-10,2.54E-06,2.31E-08,1.55E-09,2.15E-10,5.73E-08,1.26E-09,,,,,,,,,3.87E-11,1.95E-11,1.15E-06,2.62E-09,3.30E-10,3.91E-11,1.52E-09,9.91E-11,,,4.98E-10,4.10E-11,5.40E-06,3.48E-07,1.02E-07,1.97E-09
MCT2-2M,8/22/17,7.44,,,4,346.847,0.781,4.77,0.44,0.7,4.34,6.17E-07,3.92E-08,,,2.55E-07,2.16E-08,3.90E-04,2.39E-06,3.98E-04,5.24E-06,7.33E-07,4.49E-08,2.79E-04,1.78E-06,1.22E-05,2.11E-07,8.86E-09,2.86E-10,5.45E-09,2.57E-10,3.57E-05,4.38E-07,1.88E-03,1.12E-05,3.54E-04,2.96E-06,,,3.95E-08,1.56E-09,1.41E-08,6.74E-10,1.03E-08,7.30E-10,2.94E-07,4.68E-09,5.79E-09,1.38E-10,2.53E-06,1.29E-08,1.47E-09,1.52E-10,5.55E-08,1.30E-09,,,,,,,,,3.92E-11,1.89E-11,1.16E-06,1.25E-08,2.91E-10,6.19E-11,2.08E-09,1.05E-10,,,5.75E-10,3.92E-11,5.50E-06,3.00E-07,9.62E-08,3.55E-09
MCT2-2M,8/24/17,7.18,,,,351.055,0.969,4.8,0.44,0.71,4.36,5.98E-07,6.17E-08,,,2.39E-07,3.42E-08,3.86E-04,4.62E-06,4.08E-04,7.63E-06,4.65E-07,4.36E-08,2.88E-04,2.30E-06,1.27E-05,2.33E-07,1.01E-08,4.43E-10,1.82E-09,2.63E-10,3.67E-05,3.25E-07,1.92E-03,1.52E-05,3.57E-04,2.19E-06,,,3.89E-08,1.29E-09,1.52E-08,3.71E-10,4.77E-09,5.61E-10,3.24E-07,3.08E-09,6.35E-09,3.49E-10,2.56E-06,1.29E-08,1.49E-09,2.30E-10,6.29E-08,1.33E-09,,,,,,,,,3.98E-11,1.70E-11,1.16E-06,5.45E-09,2.74E-10,3.21E-11,,,,,6.93E-10,8.46E-11,5.33E-06,2.77E-07,1.04E-07,2.21E-09
MCT2-2M,8/30/17,7.23,,,,312.466,,5.81,0.7,0.97,5.12,5.75E-07,3.77E-08,,,1.07E-07,1.37E-08,3.63E-04,7.00E-06,4.30E-04,7.12E-06,6.10E-07,5.30E-08,3.04E-04,3.89E-06,1.54E-05,3.08E-07,9.77E-09,3.46E-10,4.68E-09,1.57E-10,4.34E-05,5.66E-07,2.14E-03,1.31E-05,3.64E-04,2.40E-06,1.38E-08,4.49E-09,3.79E-08,1.70E-09,1.35E-08,3.69E-10,3.94E-09,6.52E-10,3.28E-07,6.68E-09,6.78E-09,2.74E-10,2.89E-06,2.23E-08,1.14E-09,1.98E-10,7.93E-08,1.18E-09,,,,,9.75E-09,2.06E-10,,,3.92E-11,1.23E-11,1.25E-06,1.18E-08,3.26E-10,4.72E-11,,,,,5.43E-10,8.31E-12,5.13E-06,1.92E-07,1.15E-07,1.06E-09
MCT2-2M,9/1/17,7.04,14.3,997,-99,360.814,,4.81,0.39,0.79,4.42,9.20E-07,5.23E-08,,,2.86E-07,3.70E-08,5.21E-04,8.71E-06,6.19E-04,1.10E-05,8.48E-07,6.66E-08,4.13E-04,6.06E-06,1.93E-05,2.45E-07,1.13E-08,4.25E-10,,,5.55E-05,5.30E-07,2.96E-03,1.05E-05,5.47E-04,7.34E-06,,,5.26E-08,2.51E-09,1.74E-08,1.04E-09,9.47E-09,4.13E-10,4.24E-07,1.15E-08,8.66E-09,2.25E-10,3.97E-06,1.73E-08,1.10E-09,4.64E-10,7.78E-08,1.43E-09,,,,,,,,,5.25E-11,1.89E-11,1.86E-06,6.84E-09,4.52E-10,6.93E-11,,,,,8.14E-10,5.53E-11,7.02E-06,2.61E-07,1.33E-07,2.31E-09
MCT2-2M,9/12/17,7.03,14.9,588,-109,359.65,,,0.47,0.74,,6.03E-07,2.31E-08,,,4.38E-07,2.09E-08,3.78E-04,3.66E-06,4.24E-04,1.12E-05,1.13E-06,5.66E-08,2.97E-04,2.58E-06,2.88E-04,4.51E-06,1.04E-08,3.67E-10,1.81E-09,9.65E-11,4.02E-05,6.22E-07,2.07E-03,9.55E-06,3.60E-04,2.91E-06,2.10E-08,6.69E-09,4.43E-08,2.62E-09,1.47E-08,4.37E-10,7.64E-09,5.80E-10,5.81E-07,1.04E-08,9.52E-09,4.17E-10,2.77E-06,1.27E-08,8.79E-10,1.17E-10,5.93E-08,2.26E-09,,,,,1.65E-08,6.69E-10,,,1.02E-10,2.63E-11,1.21E-06,1.13E-08,3.31E-10,3.10E-11,1.26E-09,1.01E-10,,,1.29E-09,4.68E-11,5.40E-06,3.80E-07,9.76E-08,3.02E-09
MCT2-2M,9/14/17,6.97,17.1,531,-114,329.567,,5.13,0.38,0.67,4.76,6.02E-07,3.65E-08,,,1.55E-07,2.62E-08,3.44E-04,8.13E-06,4.24E-04,3.60E-06,1.43E-06,1.30E-07,2.58E-04,2.65E-05,1.43E-05,2.62E-07,7.33E-09,2.57E-10,2.09E-09,1.51E-10,3.99E-05,3.64E-07,2.11E-03,8.76E-06,3.82E-04,1.60E-06,,,3.60E-08,1.80E-09,1.13E-08,3.09E-10,7.90E-09,7.97E-10,5.67E-07,8.64E-09,6.58E-09,2.89E-10,2.80E-06,1.22E-08,8.35E-10,1.30E-10,5.53E-08,9.74E-10,,,,,1.38E-08,6.68E-10,,,4.60E-11,1.13E-11,1.27E-06,8.72E-09,3.36E-10,4.39E-11,,,,,5.73E-10,5.57E-11,5.41E-06,3.43E-07,9.09E-08,7.19E-10
MCT2-2M,9/19/17,7,15.2,485,-80,304.856,,4.68,0.33,0.59,4.34,6.32E-07,4.08E-08,,,2.47E-07,3.10E-08,4.87E-04,9.56E-06,4.26E-04,7.80E-06,6.74E-07,4.33E-08,2.80E-04,2.27E-06,1.55E-05,2.60E-07,7.83E-09,3.10E-10,2.28E-08,3.67E-10,3.90E-05,4.58E-07,2.07E-03,1.19E-05,3.35E-04,2.83E-06,,,4.46E-08,1.34E-09,1.30E-08,2.84E-10,7.19E-09,5.64E-10,3.81E-07,8.94E-09,7.70E-09,2.23E-10,2.76E-06,1.65E-08,5.60E-10,2.58E-10,5.26E-08,1.49E-09,,,,,,,,,6.19E-11,1.68E-11,1.25E-06,8.02E-09,3.08E-10,3.35E-11,3.14E-10,7.01E-11,,,1.03E-09,5.24E-11,6.96E-06,9.49E-07,7.70E-08,2.13E-09
MCT2-2M,9/21/17,7.04,13.1,468,-71,303.066,,4.94,0.38,0.6,4.56,5.90E-07,3.69E-08,,,6.94E-07,1.20E-08,3.88E-04,5.29E-06,3.82E-04,6.29E-06,4.38E-07,7.50E-08,2.58E-04,3.70E-06,4.24E-05,6.07E-07,5.74E-09,2.54E-10,9.99E-09,6.94E-10,3.47E-05,3.61E-07,1.56E-03,2.43E-05,2.83E-04,3.03E-06,3.76E-08,3.36E-09,4.36E-08,2.43E-09,1.28E-08,5.88E-10,1.60E-08,6.37E-10,5.21E-07,6.31E-09,7.98E-09,4.27E-10,2.77E-06,1.20E-08,1.24E-09,2.41E-10,4.83E-08,9.00E-10,3.16E-09,2.63E-10,,,9.68E-09,2.71E-10,,,7.57E-11,6.99E-12,1.24E-06,6.48E-09,2.88E-10,3.32E-11,1.36E-09,8.10E-11,,,9.62E-10,7.72E-11,9.10E-06,6.67E-07,6.46E-08,2.72E-09
MCT2-2M,10/3/17,,,,,,,5.25,0.36,0.58,4.89,6.71E-07,4.23E-08,,,7.43E-07,3.14E-08,5.34E-04,7.25E-06,3.94E-04,5.41E-06,6.49E-07,3.01E-08,2.52E-04,2.80E-06,5.24E-04,8.84E-06,4.15E-09,2.04E-10,1.43E-08,6.41E-10,3.18E-05,5.48E-07,1.69E-03,1.19E-05,2.84E-04,1.75E-06,3.82E-08,8.25E-09,4.83E-08,1.03E-09,1.31E-08,3.48E-10,1.39E-08,6.69E-10,5.28E-07,9.73E-09,1.21E-08,2.38E-10,2.79E-06,1.92E-08,1.11E-09,1.49E-10,3.50E-08,1.78E-09,1.93E-09,2.15E-10,5.58E-10,2.27E-10,,,,,9.31E-11,1.83E-11,1.25E-06,5.94E-09,2.82E-10,5.08E-11,1.60E-09,1.28E-10,,,1.27E-09,9.70E-11,1.22E-05,1.18E-06,5.92E-08,2.46E-09
MCT2-2S,6/27/17,,,,,,,,,,,,,,,,,,,,,,,,,,,,,,,,,,,,,,,,,,,,,,,,,,,,,,,,,,,,,,,,,,,,,,,,,,,,,,
MCT2-2S,6/29/17,,,,,,,,,,,,,,,,,,,,,,,,,,,,,,,,,,,,,,,,,,,,,,,,,,,,,,,,,,,,,,,,,,,,,,,,,,,,,,
MCT2-2S,6/30/17,7.21,12.9,399,-69,89.532,2.031,,,,,,,,,,,,,,,,,,,,,,,,,,,,,,,,,,,,,,,,,,,,,,,,,,,,,,,,,,,,,,,,,,,,,,,,
MCT2-2S,7/3/17,,,,,,,,,,,,,,,,,,,,,,,,,,,,,,,,,,,,,,,,,,,,,,,,,,,,,,,,,,,,,,,,,,,,,,,,,,,,,,
MCT2-2S,7/6/17,,,,,,,,,,,,,,,,,,,,,,,,,,,,,,,,,,,,,,,,,,,,,,,,,,,,,,,,,,,,,,,,,,,,,,,,,,,,,,
MCT2-2S,7/7/17,,,,,,,,,,,,,,,,,,,,,,,,,,,,,,,,,,,,,,,,,,,,,,,,,,,,,,,,,,,,,,,,,,,,,,,,,,,,,,
MCT2-2S,7/11/17,,,,,,,,,,,,,,,,,,,,,,,,,,,,,,,,,,,,,,,,,,,,,,,,,,,,,,,,,,,,,,,,,,,,,,,,,,,,,,
MCT2-2S,7/13/17,,,,,,,,,,,,,,,,,,,,,,,,,,,,,,,,,,,,,,,,,,,,,,,,,,,,,,,,,,,,,,,,,,,,,,,,,,,,,,
MCT2-2S,7/17/17,,,,,,,,,,,,,,,,,,,,,,,,,,,,,,,,,,,,,,,,,,,,,,,,,,,,,,,,,,,,,,,,,,,,,,,,,,,,,,
MCT2-2S,7/19/17,,,,,,,,,,,,,,,,,,,,,,,,,,,,,,,,,,,,,,,,,,,,,,,,,,,,,,,,,,,,,,,,,,,,,,,,,,,,,,
MCT2-2S,7/21/17,,,,,,,,,,,,,,,,,,,,,,,,,,,,,,,,,,,,,,,,,,,,,,,,,,,,,,,,,,,,,,,,,,,,,,,,,,,,,,
MCT2-2S,7/24/17,,,,,,,,,,,,,,,,,,,,,,,,,,,,,,,,,,,,,,,,,,,,,,,,,,,,,,,,,,,,,,,,,,,,,,,,,,,,,,
MCT2-2S,7/26/17,,,,,,,,,,,,,,,,,,,,,,,,,,,,,,,,,,,,,,,,,,,,,,,,,,,,,,,,,,,,,,,,,,,,,,,,,,,,,,
MCT2-2S,7/28/17,,,,,,,,,,,,,,,,,,,,,,,,,,,,,,,,,,,,,,,,,,,,,,,,,,,,,,,,,,,,,,,,,,,,,,,,,,,,,,
MCT2-2S,7/31/17,,,,,,,,,,,,,,,,,,,,,,,,,,,,,,,,,,,,,,,,,,,,,,,,,,,,,,,,,,,,,,,,,,,,,,,,,,,,,,
MCT2-2S,8/2/17,,,,,,,,,,,,,,,,,,,,,,,,,,,,,,,,,,,,,,,,,,,,,,,,,,,,,,,,,,,,,,,,,,,,,,,,,,,,,,
MCT2-2S,8/4/17,,,,,,,,,,,,,,,,,,,,,,,,,,,,,,,,,,,,,,,,,,,,,,,,,,,,,,,,,,,,,,,,,,,,,,,,,,,,,,
MCT2-2S,8/7/17,,,,,,,,,,,,,,,,,,,,,,,,,,,,,,,,,,,,,,,,,,,,,,,,,,,,,,,,,,,,,,,,,,,,,,,,,,,,,,
MCT2-2S,8/9/17,,,,,,,,,,,,,,,,,,,,,,,,,,,,,,,,,,,,,,,,,,,,,,,,,,,,,,,,,,,,,,,,,,,,,,,,,,,,,,
MCT2-2S,8/11/17,,,,,,,,,,,,,,,,,,,,,,,,,,,,,,,,,,,,,,,,,,,,,,,,,,,,,,,,,,,,,,,,,,,,,,,,,,,,,,
MCT2-2S,8/15/17,,,,,,,,,,,,,,,,,,,,,,,,,,,,,,,,,,,,,,,,,,,,,,,,,,,,,,,,,,,,,,,,,,,,,,,,,,,,,,
MCT2-2S,8/18/17,,,,,,,,,,,,,,,,,,,,,,,,,,,,,,,,,,,,,,,,,,,,,,,,,,,,,,,,,,,,,,,,,,,,,,,,,,,,,,
MCT2-2S,8/22/17,,,,,,,,,,,,,,,,,,,,,,,,,,,,,,,,,,,,,,,,,,,,,,,,,,,,,,,,,,,,,,,,,,,,,,,,,,,,,,
MCT2-2S,8/24/17,,,,,,,,,,,,,,,,,,,,,,,,,,,,,,,,,,,,,,,,,,,,,,,,,,,,,,,,,,,,,,,,,,,,,,,,,,,,,,
MCT2-2S,8/30/17,,,,,,,,,,,,,,,,,,,,,,,,,,,,,,,,,,,,,,,,,,,,,,,,,,,,,,,,,,,,,,,,,,,,,,,,,,,,,,
MCT2-2S,9/1/17,,,,,,,,,,,,,,,,,,,,,,,,,,,,,,,,,,,,,,,,,,,,,,,,,,,,,,,,,,,,,,,,,,,,,,,,,,,,,,
MCT2-2S,9/12/17,,,,,,,,,,,,,,,,,,,,,,,,,,,,,,,,,,,,,,,,,,,,,,,,,,,,,,,,,,,,,,,,,,,,,,,,,,,,,,
MCT2-3D,6/13/17,7.41,10.3,364,-51,72.575,4.157,6.46,0.8,0.87,5.66,5.80E-07,2.29E-08,,,1.71E-07,9.20E-09,3.10E-04,4.37E-06,4.10E-04,5.69E-06,7.98E-07,4.71E-08,2.15E-04,4.18E-07,1.41E-05,1.92E-07,,,1.42E-08,3.60E-09,1.84E-05,1.78E-07,1.88E-03,1.76E-05,7.79E-05,8.00E-07,3.18E-08,2.62E-09,4.23E-08,1.00E-09,9.28E-09,2.47E-10,1.80E-08,7.35E-10,7.51E-07,1.35E-08,1.88E-09,1.65E-10,3.12E-06,3.34E-08,,,1.11E-08,1.37E-09,,,,,,,,,,,3.23E-06,3.29E-08,7.52E-10,4.86E-11,1.21E-08,2.41E-10,,,1.75E-09,9.98E-11,7.24E-06,7.26E-07,2.94E-09,5.26E-10
MCT2-3D,6/19/17,7.31,13.8,405,-49,70.497,1.5,6.25,0.61,0.68,5.64,6.02E-07,5.35E-08,,,1.52E-07,3.13E-08,3.04E-04,5.21E-06,4.26E-04,1.05E-05,3.33E-07,4.39E-08,2.16E-04,2.68E-06,1.51E-05,1.89E-07,,,,,1.81E-05,2.00E-07,1.96E-03,1.66E-05,7.86E-05,5.29E-07,2.81E-08,2.73E-09,4.06E-08,1.76E-09,5.11E-09,2.90E-10,4.13E-08,6.88E-10,3.02E-07,6.27E-09,2.04E-09,1.86E-10,3.20E-06,2.27E-08,,,9.53E-09,8.64E-10,,,,,,,,,,,1.51E-06,1.70E-08,4.01E-10,4.50E-11,5.95E-10,4.59E-11,,,2.32E-09,3.77E-11,6.45E-06,6.16E-07,3.58E-09,7.95E-10
MCT2-3D,6/21/17,7.06,11.7,350,-19,74.258,2.594,5.63,0.42,0.49,5.21,6.05E-07,4.51E-08,,,1.77E-07,2.04E-08,3.08E-04,1.46E-06,4.34E-04,3.71E-06,4.20E-07,4.51E-08,2.09E-04,2.17E-05,1.52E-05,2.30E-07,,,,,1.82E-05,1.68E-07,1.97E-03,1.07E-05,7.92E-05,1.01E-06,3.00E-08,2.97E-09,4.13E-08,2.77E-09,5.09E-09,1.75E-10,3.82E-08,1.16E-09,2.86E-07,3.45E-09,2.18E-09,1.58E-10,3.21E-06,3.02E-08,,,9.22E-09,9.03E-10,,,,,,,,,,,1.52E-06,1.37E-08,3.85E-10,7.20E-11,2.53E-10,2.57E-11,,,2.35E-09,9.91E-11,6.19E-06,4.71E-07,3.07E-09,4.78E-10
MCT2-3D,6/23/17,6.91,12.1,503,-38,72.073,2.406,6.01,0.57,0.63,5.44,5.86E-07,5.33E-08,,,9.74E-08,2.07E-08,2.92E-04,3.28E-06,4.19E-04,3.76E-06,2.19E-07,4.92E-08,2.15E-04,1.26E-06,1.45E-05,2.50E-07,,,,,1.93E-05,1.58E-06,1.93E-03,1.61E-05,7.38E-05,8.95E-07,2.54E-08,4.46E-09,4.24E-08,2.49E-09,5.23E-09,3.03E-10,1.14E-08,8.38E-10,7.94E-07,1.74E-08,2.01E-09,1.55E-10,3.11E-06,2.50E-08,,,9.90E-09,9.71E-10,,,,,,,,,,,1.48E-06,1.75E-08,3.66E-10,3.90E-11,,,,,2.34E-09,7.74E-11,6.50E-06,5.00E-07,3.54E-09,4.45E-10
MCT2-3D,6/27/17,7.08,12.2,326,-18,74.061,8.188,16.82,3.54,,,5.67E-07,4.56E-08,,,1.01E-07,1.54E-08,2.73E-04,2.00E-06,3.83E-04,1.87E-06,2.27E-07,4.82E-08,2.05E-04,6.89E-07,1.52E-05,1.73E-07,,,6.01E-09,3.60E-09,1.82E-05,1.26E-07,1.74E-03,1.57E-05,5.00E-05,2.43E-07,2.53E-08,2.57E-09,5.09E-08,1.33E-09,5.84E-09,2.34E-10,1.92E-08,6.38E-10,4.02E-07,4.37E-09,2.63E-09,1.24E-10,2.84E-06,1.31E-08,,,1.35E-08,1.17E-09,,,,,,,,,,,1.19E-06,1.54E-08,2.95E-10,3.32E-11,2.59E-10,2.09E-11,,,3.33E-09,8.32E-11,6.07E-06,6.69E-07,6.07E-09,5.41E-10
MCT2-3D,6/29/17,7.01,13.1,349,-24,84.894,1.438,5.48,0.41,0.49,5.07,6.12E-07,3.23E-08,,,,,1.82E-04,2.66E-06,4.09E-04,4.77E-06,,,2.23E-04,1.88E-06,1.43E-05,1.29E-07,,,1.98E-08,3.69E-09,1.87E-05,1.35E-07,1.86E-03,1.16E-05,8.80E-05,5.27E-07,2.64E-08,4.84E-09,3.90E-08,2.37E-09,5.10E-09,3.17E-10,8.30E-09,4.82E-10,2.16E-07,4.41E-09,1.72E-09,2.21E-10,2.99E-06,3.48E-08,,,,,,,,,,,,,,,1.47E-06,1.36E-08,3.62E-10,7.58E-11,,,,,1.10E-09,2.84E-11,6.31E-06,4.72E-07,3.06E-09,7.61E-10
MCT2-3D,6/30/17,7.31,11.5,357,-45,83.533,0.875,5.15,0.36,0.44,4.79,5.87E-07,3.00E-08,,,,,1.74E-04,1.13E-06,4.04E-04,3.82E-06,1.95E-07,4.89E-08,2.20E-04,2.44E-06,1.48E-05,1.37E-07,,,,,1.79E-05,1.87E-07,1.85E-03,1.61E-05,9.18E-05,9.17E-07,2.41E-08,2.30E-09,3.66E-08,2.10E-09,3.16E-09,3.85E-10,9.67E-09,6.40E-10,1.94E-07,4.66E-09,1.59E-09,2.23E-10,2.95E-06,3.36E-08,,,,,,,,,,,,,,,1.51E-06,2.07E-08,3.68E-10,7.90E-11,,,,,8.32E-10,5.15E-11,6.14E-06,4.79E-07,2.07E-09,3.56E-10
MCT2-3D,7/3/17,7.38,12.7,347,-10,89.908,,5.37,0.43,0.51,4.94,6.14E-07,4.95E-08,,,,,1.74E-04,1.68E-06,4.00E-04,7.08E-06,2.31E-07,4.72E-08,2.23E-04,2.61E-06,,,,,,,1.72E-05,1.32E-07,1.84E-03,2.21E-05,9.20E-05,9.23E-07,2.30E-08,5.17E-09,3.57E-08,1.83E-09,3.26E-09,4.23E-10,1.99E-08,9.09E-10,2.30E-07,9.07E-09,2.20E-09,1.64E-10,2.89E-06,3.36E-08,5.07E-09,6.85E-10,,,,,,,,,,,,,1.51E-06,2.01E-08,3.75E-10,2.63E-11,,,,,7.58E-10,4.17E-11,6.24E-06,4.54E-07,1.94E-09,5.25E-10
MCT2-3D,7/6/17,7.44,10.2,318,5,,34.19,5.86,0.62,0.7,5.24,5.85E-07,4.01E-08,,,,,1.73E-04,2.21E-06,3.97E-04,4.44E-06,1.23E-07,5.03E-08,2.21E-04,2.71E-06,1.52E-05,2.14E-07,,,,,1.74E-05,2.18E-07,1.82E-03,9.58E-06,9.02E-05,7.78E-07,2.42E-08,3.18E-09,3.44E-08,1.54E-09,3.53E-09,3.36E-10,7.31E-09,6.71E-10,2.16E-07,3.62E-09,1.73E-09,1.09E-10,2.91E-06,3.30E-08,,,,,,,,,,,,,,,1.49E-06,1.63E-08,4.07E-10,5.90E-11,,,,,8.45E-10,3.85E-11,6.12E-06,4.39E-07,2.33E-09,5.12E-10
MCT2-3D,7/7/17,8.05,13.2,384,-35,,1.344,5.44,0.43,0.51,5.01,6.05E-07,5.83E-08,,,,,1.73E-04,1.84E-06,3.96E-04,5.32E-06,2.42E-07,4.99E-08,2.21E-04,3.03E-06,1.56E-05,2.05E-07,,,4.31E-08,4.43E-09,1.71E-05,2.66E-07,1.81E-03,1.25E-05,9.23E-05,7.69E-07,2.51E-08,2.65E-09,3.35E-08,2.33E-09,3.19E-09,4.38E-10,9.96E-09,8.69E-10,1.74E-07,4.22E-09,1.89E-09,1.03E-10,2.91E-06,4.09E-08,,,,,,,,,,,,,,,1.50E-06,1.17E-08,3.55E-10,2.98E-11,,,,,7.78E-10,6.91E-11,6.13E-06,3.99E-07,2.53E-09,7.69E-10
MCT2-3D,7/11/17,7.45,12.5,327,-43,,0.906,6.93,0.82,0.88,6.11,5.80E-07,2.47E-08,,,9.92E-08,1.32E-08,1.74E-04,1.94E-06,3.84E-04,5.56E-06,1.48E-07,4.25E-08,2.16E-04,3.89E-06,1.79E-05,2.03E-07,,,,,1.73E-05,1.04E-07,1.78E-03,1.06E-05,7.09E-05,8.20E-07,2.57E-08,3.47E-09,4.32E-08,2.19E-09,4.04E-09,2.13E-10,9.03E-09,3.26E-10,2.81E-07,3.36E-09,2.71E-09,9.44E-11,2.83E-06,3.92E-08,,,8.39E-09,9.43E-10,,,,,,,,,,,1.38E-06,1.44E-08,3.42E-10,4.77E-11,,,,,1.28E-09,4.72E-11,5.92E-06,5.25E-07,3.94E-09,6.32E-10
MCT2-3D,7/13/17,7.38,10.8,311,-41,82.728,4.344,4.9,0.33,0.41,4.58,6.28E-07,1.38E-08,,,1.31E-07,1.91E-08,3.71E-04,3.17E-06,4.01E-04,6.01E-06,3.95E-07,5.11E-08,2.27E-04,2.29E-06,1.89E-05,1.91E-07,,,,,1.77E-05,1.87E-07,1.81E-03,1.09E-05,9.28E-05,9.98E-07,2.67E-08,2.72E-09,4.55E-08,1.67E-09,3.39E-09,1.57E-10,5.65E-08,1.89E-09,6.94E-05,4.89E-07,5.36E-09,2.18E-10,2.90E-06,2.94E-08,,,,,,,,,,,,,1.11E-09,1.61E-11,1.50E-06,2.30E-08,3.42E-10,3.12E-11,,,,,8.34E-10,7.94E-11,8.25E-06,9.15E-07,3.55E-09,4.29E-10
MCT2-3D,7/17/17,7.56,14.9,309,-22,95.155,0.875,4.94,0.31,0.39,4.63,6.07E-07,5.87E-08,,,1.14E-07,1.47E-08,1.74E-04,2.13E-06,3.96E-04,6.02E-06,3.08E-07,5.18E-08,2.16E-04,2.18E-05,1.56E-05,2.80E-07,,,,,1.68E-05,1.58E-07,1.83E-03,2.58E-05,9.81E-05,1.06E-06,2.54E-08,2.72E-09,3.26E-08,2.61E-09,2.70E-09,2.47E-10,4.51E-09,2.73E-10,2.04E-07,6.44E-09,1.66E-09,2.29E-10,2.90E-06,1.52E-08,,,,,,,,,,,,,,,1.54E-06,1.74E-08,3.80E-10,8.39E-11,,,,,5.74E-10,3.61E-11,6.34E-06,4.43E-07,2.46E-09,6.91E-10
MCT2-3D,7/19/17,7.57,11.9,280,-12,96.408,4.532,4.95,0.34,0.43,4.61,6.20E-07,5.00E-08,,,1.13E-07,1.30E-08,1.77E-04,2.19E-06,3.95E-04,3.79E-06,4.60E-07,5.01E-08,2.27E-04,1.13E-06,1.67E-05,2.60E-07,,,,,1.65E-05,1.42E-07,1.82E-03,2.08E-05,9.72E-05,6.74E-07,2.86E-08,2.64E-09,3.54E-08,2.38E-09,3.08E-09,2.31E-10,1.39E-08,9.81E-10,3.30E-07,5.97E-09,2.01E-09,1.61E-10,2.87E-06,2.58E-08,,,,,,,,,,,,,,,1.54E-06,1.19E-08,3.73E-10,2.64E-11,5.80E-10,6.78E-11,,,5.77E-10,3.95E-11,6.59E-06,5.36E-07,1.61E-09,2.88E-10
MCT2-3D,7/21/17,7.54,11.8,293,6,71.715,21.47,5.55,0.47,0.55,5.08,6.18E-07,4.58E-08,,,1.17E-07,1.53E-08,1.76E-04,2.43E-06,3.94E-04,5.14E-06,1.91E-07,5.01E-08,2.27E-04,2.40E-06,1.58E-05,2.70E-07,,,,,1.77E-05,1.86E-07,1.83E-03,1.74E-05,9.46E-05,5.62E-07,2.48E-08,3.98E-09,3.44E-08,2.58E-09,3.07E-09,2.36E-10,1.30E-08,2.62E-10,1.64E-07,6.69E-09,1.73E-09,1.69E-10,2.90E-06,2.54E-08,,,,,,,,,,,,,,,1.50E-06,1.77E-08,3.86E-10,6.03E-11,,,,,7.67E-10,4.94E-11,6.69E-06,4.90E-07,3.93E-09,6.77E-10
MCT2-3D,7/24/17,7.64,12.5,391,-33,92.809,1.094,4.98,0.36,0.44,4.62,6.37E-07,3.98E-08,,,2.79E-07,8.98E-09,2.17E-04,2.04E-06,3.82E-04,1.09E-06,1.30E-07,1.71E-08,2.08E-04,7.04E-07,1.61E-05,1.89E-07,1.84E-09,2.34E-10,6.55E-09,3.20E-10,1.65E-05,6.02E-07,1.75E-03,2.05E-05,9.33E-05,9.99E-07,1.77E-08,3.07E-09,2.64E-08,2.17E-09,2.42E-09,1.61E-10,1.66E-08,7.48E-10,1.60E-07,8.65E-09,1.98E-09,1.17E-10,2.86E-06,2.52E-08,1.09E-09,1.47E-10,9.60E-09,4.99E-10,,,,,1.21E-08,4.85E-10,,,,,1.48E-06,1.55E-08,2.81E-10,3.57E-11,,,,,5.64E-10,2.72E-11,8.56E-06,6.37E-07,4.24E-09,7.94E-10
MCT2-3D,7/26/17,7.52,11.8,389,-28,141.908,9.094,4.87,0.32,0.4,4.55,6.43E-07,4.77E-08,,,2.84E-07,1.53E-08,2.18E-04,3.48E-06,3.83E-04,2.90E-06,2.26E-07,2.26E-08,2.09E-04,1.00E-06,1.58E-05,2.01E-07,,,,,1.69E-05,1.89E-07,1.76E-03,1.10E-05,9.41E-05,7.26E-07,2.17E-08,2.61E-09,2.59E-08,1.98E-09,2.61E-09,1.18E-10,5.79E-09,7.14E-10,1.21E-07,7.05E-09,1.97E-09,1.37E-10,2.84E-06,2.45E-08,1.36E-09,1.27E-10,1.01E-08,7.95E-10,,,,,,,,,,,1.48E-06,1.27E-08,3.16E-10,2.56E-11,,,,,6.06E-10,2.79E-11,8.41E-06,7.13E-07,4.80E-09,7.19E-10
MCT2-3D,7/28/17,7.84,17,475,38,89.98,2.156,5.07,0.42,0.5,4.65,6.07E-07,3.59E-08,,,2.88E-07,2.67E-08,2.17E-04,2.46E-06,3.79E-04,2.38E-06,1.29E-07,2.46E-08,2.07E-04,9.17E-07,1.58E-05,2.20E-07,,,2.22E-09,2.30E-10,1.68E-05,1.76E-07,1.75E-03,1.43E-05,9.35E-05,9.13E-07,1.96E-08,4.04E-09,2.59E-08,1.61E-09,2.62E-09,2.17E-10,3.32E-09,5.95E-10,1.61E-07,6.64E-09,1.74E-09,4.81E-11,2.86E-06,1.91E-08,8.34E-10,1.66E-10,8.90E-09,7.49E-10,,,,,,,,,,,1.48E-06,1.61E-08,2.86E-10,3.38E-11,,,,,6.20E-10,6.65E-11,8.21E-06,6.54E-07,4.30E-09,5.92E-10
MCT2-3D,7/31/17,7.8,14.4,303,-9,90.338,8.469,4.73,0.29,0.37,4.44,6.24E-07,5.20E-08,,,3.00E-07,1.42E-08,2.18E-04,4.53E-06,3.81E-04,2.48E-06,1.74E-07,2.56E-08,2.11E-04,9.59E-07,1.64E-05,2.21E-07,,,4.03E-09,2.59E-10,1.79E-05,2.61E-07,1.76E-03,1.16E-05,9.54E-05,7.13E-07,2.35E-08,4.77E-09,2.81E-08,2.67E-09,2.32E-09,1.92E-10,6.69E-09,8.83E-10,1.43E-07,3.67E-09,2.01E-09,2.03E-10,2.83E-06,1.59E-08,9.73E-10,1.72E-10,8.02E-09,5.71E-10,,,,,,,,,,,1.51E-06,1.51E-08,2.80E-10,5.48E-11,,,,,5.09E-10,3.77E-11,8.21E-06,7.34E-07,3.49E-09,9.25E-10
MCT2-3D,8/2/17,7.98,,461,-67,80.221,,5.32,0.45,0.53,4.87,6.17E-07,4.45E-08,,,2.96E-07,1.99E-08,2.18E-04,1.81E-06,3.79E-04,3.95E-06,,,2.10E-04,6.46E-07,1.73E-05,2.16E-07,,,1.88E-08,4.78E-10,1.78E-05,2.17E-07,1.75E-03,1.58E-05,9.22E-05,8.21E-07,2.04E-08,2.55E-09,2.75E-08,1.81E-09,2.51E-09,2.12E-10,8.79E-09,6.29E-10,2.04E-07,4.95E-09,2.29E-09,1.83E-10,2.83E-06,1.04E-08,7.31E-10,1.89E-10,8.08E-09,6.85E-10,,,,,,,,,,,1.47E-06,1.29E-08,3.13E-10,3.99E-11,,,,,5.61E-10,2.96E-11,8.36E-06,6.98E-07,3.69E-09,7.43E-10
MCT2-3D,8/4/17,7.78,,,-58,84.518,5.782,5.11,0.44,0.52,4.67,6.29E-07,3.74E-08,,,2.95E-07,1.88E-08,2.22E-04,2.10E-06,3.77E-04,1.34E-06,2.83E-07,2.70E-08,2.05E-04,1.48E-05,1.70E-05,2.81E-07,,,4.44E-09,2.69E-10,1.79E-05,2.47E-07,1.75E-03,1.52E-05,9.16E-05,9.39E-07,2.31E-08,4.78E-09,2.99E-08,1.71E-09,2.66E-09,2.54E-10,5.30E-09,8.19E-10,2.67E-07,4.90E-09,2.34E-09,1.22E-10,2.83E-06,4.75E-09,1.15E-09,1.62E-10,8.93E-09,7.73E-10,,,,,,,,,,,1.45E-06,1.28E-08,3.03E-10,6.68E-11,,,,,6.33E-10,6.48E-11,8.27E-06,5.61E-07,3.44E-09,9.29E-10
MCT2-3D,8/7/17,7.85,,,-30,89.98,2.25,5.03,0.41,0.49,4.63,6.42E-07,4.22E-08,,,2.91E-07,4.50E-09,2.20E-04,3.36E-06,3.75E-04,1.97E-06,1.56E-07,2.63E-08,2.11E-04,5.91E-07,1.71E-05,2.47E-07,1.91E-09,2.12E-10,3.01E-09,3.24E-10,1.78E-05,2.66E-07,1.75E-03,8.81E-06,9.17E-05,8.14E-07,2.50E-08,2.45E-09,2.65E-08,2.69E-09,2.59E-09,1.21E-10,1.08E-08,6.05E-10,1.74E-07,7.90E-09,2.12E-09,2.36E-10,2.81E-06,4.87E-09,1.45E-09,2.31E-10,9.03E-09,6.30E-10,,,,,,,,,,,1.45E-06,1.70E-08,2.91E-10,3.60E-11,,,,,6.35E-10,4.73E-11,8.24E-06,7.50E-07,3.86E-09,5.17E-10
MCT2-3D,8/9/17,7.75,,,-24,87.025,,4.72,0.36,0.44,4.36,6.28E-07,1.54E-08,,,2.87E-07,1.80E-08,2.21E-04,8.42E-07,3.78E-04,2.66E-06,9.27E-08,1.92E-08,2.14E-04,6.93E-07,1.65E-05,1.82E-07,,,,,1.78E-05,2.38E-07,1.75E-03,1.27E-05,9.45E-05,8.79E-07,1.92E-08,3.89E-09,2.42E-08,1.61E-09,2.31E-09,2.35E-10,5.38E-09,7.86E-10,2.25E-07,5.62E-09,1.96E-09,2.15E-10,2.82E-06,1.74E-08,1.01E-09,2.02E-10,7.90E-09,6.81E-10,,,,,,,,,,,1.47E-06,1.19E-08,2.56E-10,2.26E-11,,,,,5.01E-10,2.57E-11,8.18E-06,6.74E-07,3.68E-09,5.00E-10
MCT2-3D,8/11/17,7.42,,,-6,88.189,,5.06,0.41,0.49,4.65,6.22E-07,3.44E-08,,,3.00E-07,1.27E-08,2.23E-04,2.48E-06,3.77E-04,2.50E-06,2.03E-07,1.91E-08,2.14E-04,1.28E-06,1.76E-05,1.70E-07,,,,,1.76E-05,2.29E-07,1.74E-03,1.29E-05,9.31E-05,6.97E-07,2.62E-08,3.13E-09,2.86E-08,2.24E-09,2.31E-09,1.77E-10,6.55E-09,8.58E-10,2.47E-07,3.82E-09,2.36E-09,1.99E-10,2.82E-06,3.62E-08,8.93E-10,1.26E-10,8.29E-09,9.09E-10,,,,,,,,,,,1.46E-06,1.29E-08,2.98E-10,5.18E-11,,,,,5.37E-10,4.88E-11,8.32E-06,6.61E-07,3.17E-09,4.59E-10
MCT2-3D,8/15/17,7.74,,,-70,77.087,,5.35,0.49,0.57,4.86,6.04E-07,2.26E-08,,,3.77E-07,2.29E-08,1.83E-04,2.88E-06,3.79E-04,2.46E-06,,,2.20E-04,2.17E-06,1.64E-05,2.79E-07,1.17E-08,3.15E-10,6.64E-09,4.59E-10,1.68E-05,2.04E-07,1.73E-03,1.14E-05,9.30E-05,7.84E-07,,,2.31E-08,1.21E-09,2.49E-09,2.43E-10,3.07E-09,4.58E-10,2.25E-07,6.12E-09,1.75E-09,8.91E-11,2.78E-06,1.92E-08,8.00E-10,2.99E-10,1.15E-08,3.69E-10,,,,,,,,,,,1.51E-06,1.72E-08,3.28E-10,4.13E-11,,,,,5.88E-10,3.34E-11,8.64E-06,7.34E-07,4.30E-09,5.18E-10
MCT2-3D,8/18/17,7.67,,,-50,76.818,,4.68,0.34,0.42,4.34,6.70E-07,3.71E-08,,,3.95E-07,2.18E-08,1.86E-04,3.67E-06,3.75E-04,6.03E-06,,,2.25E-04,2.27E-06,1.71E-05,2.62E-07,,,,,1.62E-05,1.92E-07,1.74E-03,1.36E-05,9.51E-05,7.69E-07,1.36E-08,9.30E-09,2.21E-08,1.77E-09,2.17E-09,2.14E-10,4.82E-09,7.96E-10,2.15E-07,4.89E-09,2.10E-09,5.85E-11,2.79E-06,1.50E-08,8.02E-10,9.36E-11,1.19E-08,6.78E-10,,,,,,,,,,,1.52E-06,7.55E-09,3.25E-10,5.76E-11,,,,,5.21E-10,3.80E-11,8.62E-06,7.26E-07,3.69E-09,4.93E-10
MCT2-3D,8/22/17,7.95,,,4,97.948,4.875,4.69,0.38,0.46,4.3,6.38E-07,3.47E-08,,,3.89E-07,1.54E-08,1.85E-04,3.95E-06,3.72E-04,4.64E-06,1.54E-07,3.81E-08,2.21E-04,3.68E-06,1.73E-05,1.57E-07,,,1.86E-09,1.92E-10,1.58E-05,2.01E-07,1.71E-03,1.49E-05,9.17E-05,8.49E-07,,,2.43E-08,1.97E-09,2.25E-09,2.23E-10,8.60E-09,7.94E-10,2.26E-07,4.95E-09,2.07E-09,2.44E-10,2.72E-06,1.99E-08,1.00E-08,3.80E-10,1.06E-08,5.74E-10,,,,,,,,,,,1.49E-06,1.32E-08,3.36E-10,4.04E-11,2.07E-09,1.63E-10,,,5.19E-10,7.57E-11,8.17E-06,7.24E-07,3.46E-09,5.38E-10
MCT2-3D,8/24/17,7.86,,,3,93.113,4.844,4.93,0.43,0.51,4.5,6.25E-07,4.90E-08,,,3.78E-07,1.75E-08,1.88E-04,2.12E-06,3.75E-04,2.77E-06,,,2.26E-04,1.63E-06,1.69E-05,3.98E-07,,,7.80E-09,1.94E-10,1.59E-05,2.87E-07,1.73E-03,1.08E-06,9.26E-05,4.19E-07,,,2.24E-08,1.17E-09,2.16E-09,2.00E-10,8.30E-09,9.25E-10,2.07E-07,4.49E-09,1.86E-09,1.35E-10,2.72E-06,2.46E-08,7.37E-10,1.47E-10,1.13E-08,7.70E-10,,,,,,,,,,,1.47E-06,6.78E-09,3.35E-10,2.89E-11,,,,,5.27E-10,4.99E-11,8.37E-06,8.30E-07,3.95E-09,6.48E-10
MCT2-3D,8/30/17,7.76,,,,87.741,,5.02,0.44,0.51,4.59,6.32E-07,3.20E-08,,,3.96E-07,1.49E-08,1.86E-04,3.99E-06,3.65E-04,7.61E-06,,,2.22E-04,3.14E-06,1.62E-05,2.87E-07,2.17E-09,2.06E-10,6.91E-09,2.16E-10,1.54E-05,2.34E-07,1.68E-03,1.11E-05,9.05E-05,8.89E-07,,,2.02E-08,1.35E-09,2.08E-09,1.33E-10,5.54E-09,7.88E-10,2.00E-07,4.54E-09,1.72E-09,1.48E-10,2.62E-06,1.51E-08,6.31E-10,1.72E-10,1.07E-08,9.92E-10,,,,,,,,,,,1.44E-06,8.86E-09,2.67E-10,2.65E-11,,,,,4.17E-10,4.39E-11,8.43E-06,7.42E-07,3.15E-09,4.82E-10
MCT2-3D,9/1/17,7.2,11.7,851,-87,92.755,,4.56,0.35,0.43,4.2,6.06E-07,1.94E-08,,,3.80E-07,2.04E-08,1.86E-04,1.38E-06,3.66E-04,5.31E-06,,,2.17E-04,1.36E-06,1.72E-05,2.62E-07,,,,,1.57E-05,2.94E-07,1.70E-03,1.48E-05,8.99E-05,1.01E-06,,,2.44E-08,1.46E-09,2.26E-09,2.14E-10,6.29E-09,5.49E-10,2.14E-07,4.04E-09,1.94E-09,1.80E-10,2.65E-06,2.11E-08,8.58E-10,2.58E-10,1.15E-08,7.01E-10,,,,,,,,,,,1.44E-06,1.29E-08,3.20E-10,5.26E-11,,,,,4.85E-10,4.04E-11,8.57E-06,7.57E-07,4.12E-09,4.25E-10
MCT2-3D,9/12/17,7.2,15.4,413,-95,77.266,,4.08,0.24,0.32,3.84,6.16E-07,3.25E-08,,,3.84E-07,2.55E-08,1.86E-04,4.08E-06,3.63E-04,5.83E-06,,,2.22E-04,3.30E-06,4.23E-05,4.66E-07,1.86E-09,2.55E-10,1.15E-08,6.64E-09,1.55E-05,2.14E-07,1.69E-03,1.25E-05,9.10E-05,8.78E-07,,,2.19E-08,1.12E-09,2.08E-09,1.80E-10,6.06E-09,8.12E-10,2.07E-07,4.74E-09,1.91E-09,1.39E-10,2.63E-06,2.56E-08,5.97E-10,1.95E-10,1.12E-08,1.03E-09,,,,,,,,,,,1.45E-06,7.31E-09,3.04E-10,4.00E-11,,,,,4.28E-10,5.77E-11,8.53E-06,6.63E-07,3.20E-09,5.64E-10
MCT2-3D,9/14/17,7.08,12.3,426,-89,104.394,,4.43,0.29,0.37,4.14,6.85E-07,7.56E-09,,,5.06E-07,1.52E-08,2.48E-04,2.43E-06,4.09E-04,2.20E-06,6.54E-07,3.90E-08,2.53E-04,4.54E-06,1.90E-05,3.00E-07,2.18E-09,3.10E-10,6.14E-09,2.12E-10,1.72E-05,2.37E-07,1.88E-03,1.35E-05,1.00E-04,8.90E-07,2.83E-08,8.08E-09,2.58E-08,1.05E-09,2.52E-09,1.72E-10,1.63E-08,1.13E-09,6.38E-07,6.79E-09,2.14E-09,1.91E-10,2.94E-06,1.84E-08,6.56E-10,1.48E-10,1.23E-08,5.18E-10,,,,,,,,,,,1.61E-06,4.86E-09,3.63E-10,3.49E-11,,,,,4.87E-10,4.14E-11,8.51E-06,5.92E-07,3.56E-09,5.24E-10
MCT2-3D,9/19/17,7.13,13.5,412,-54,99.56,,4.29,0.27,0.35,4.02,6.26E-07,3.80E-08,,,3.83E-07,2.00E-08,2.25E-04,2.28E-06,3.69E-04,7.78E-06,,,2.28E-04,1.67E-06,1.67E-05,2.38E-07,3.67E-09,3.13E-10,1.03E-07,4.56E-09,1.58E-05,1.80E-07,1.70E-03,1.19E-05,9.18E-05,6.03E-07,,,2.32E-08,1.34E-09,2.58E-09,1.50E-10,8.75E-09,9.37E-10,2.29E-07,6.67E-09,1.85E-09,2.91E-10,2.67E-06,1.36E-08,5.55E-10,1.27E-10,1.15E-08,5.45E-10,,,,,,,,,,,1.45E-06,1.13E-08,3.50E-10,9.90E-11,,,,,4.07E-10,3.26E-11,8.67E-06,7.65E-07,4.81E-09,6.65E-10
MCT2-3D,9/21/17,7.13,14.2,393,-55,103.678,,4.73,0.33,0.41,4.4,6.26E-07,1.49E-08,,,3.60E-07,2.25E-08,2.25E-04,3.63E-06,3.74E-04,5.53E-06,,,2.30E-04,3.01E-06,1.70E-05,3.30E-07,1.91E-09,8.33E-11,3.18E-09,2.07E-10,1.61E-05,2.40E-07,1.70E-03,1.29E-05,9.01E-05,5.17E-07,,,2.53E-08,1.89E-09,2.44E-09,3.20E-10,3.89E-09,7.26E-10,1.95E-07,4.50E-09,2.08E-09,2.44E-10,2.68E-06,2.80E-08,7.22E-10,1.67E-10,1.14E-08,5.94E-10,,,,,,,,,,,1.44E-06,6.08E-09,2.93E-10,4.10E-11,,,,,4.83E-10,4.31E-11,8.45E-06,5.75E-07,4.67E-09,3.75E-10
MCT2-3D,10/3/17,,,,,,,4.5,0.3,0.38,4.19,6.04E-07,3.53E-08,,,3.59E-07,8.74E-09,2.28E-04,5.03E-06,3.80E-04,3.06E-06,,,2.32E-04,1.41E-06,1.64E-05,2.20E-07,2.10E-09,1.38E-10,1.19E-08,2.38E-10,1.66E-05,2.60E-07,1.75E-03,8.57E-06,9.35E-05,3.11E-07,,,2.12E-08,2.32E-09,2.33E-09,2.64E-10,2.46E-09,4.96E-10,1.82E-07,5.87E-09,1.82E-09,1.38E-10,2.71E-06,1.78E-08,5.22E-10,2.31E-10,1.13E-08,1.11E-09,,,,,,,,,,,1.46E-06,8.09E-09,3.54E-10,3.91E-11,2.81E-10,4.75E-11,,,4.42E-10,6.41E-11,8.59E-06,7.19E-07,4.03E-09,5.37E-10
MCT2-3M,6/27/17,,,,,,,6.21,0.37,0.58,5.84,5.74E-07,2.89E-08,,,2.66E-07,2.11E-08,5.02E-04,7.71E-06,5.04E-04,6.29E-06,4.43E-07,4.57E-08,2.46E-04,2.19E-06,8.31E-06,9.52E-08,5.64E-09,2.48E-10,1.77E-08,3.64E-09,3.24E-05,1.78E-07,1.88E-03,1.13E-05,2.78E-04,1.40E-06,3.06E-08,2.85E-09,9.28E-08,7.58E-10,3.46E-08,1.52E-09,1.50E-08,1.15E-09,2.41E-07,5.35E-09,4.39E-09,2.60E-10,3.14E-06,3.97E-08,,,1.69E-08,1.00E-09,,,,,,,,,5.26E-11,1.52E-11,1.36E-06,1.47E-08,3.46E-10,3.36E-11,,,,,2.34E-09,1.08E-10,7.09E-06,5.60E-07,4.26E-08,1.67E-09
MCT2-3M,6/29/17,,,,,,,,,,,,,,,,,,,,,,,,,,,,,,,,,,,,,,,,,,,,,,,,,,,,,,,,,,,,,,,,,,,,,,,,,,,,,,
MCT2-3M,6/30/17,,,,,,,,,,,,,,,,,,,,,,,,,,,,,,,,,,,,,,,,,,,,,,,,,,,,,,,,,,,,,,,,,,,,,,,,,,,,,,
MCT2-3M,7/3/17,,,,,,,,,,,,,,,,,,,,,,,,,,,,,,,,,,,,,,,,,,,,,,,,,,,,,,,,,,,,,,,,,,,,,,,,,,,,,,
MCT2-3M,7/6/17,,,,,,,,,,,,,,,,,,,,,,,,,,,,,,,,,,,,,,,,,,,,,,,,,,,,,,,,,,,,,,,,,,,,,,,,,,,,,,
MCT2-3M,7/7/17,,,,,,,,,,,,,,,,,,,,,,,,,,,,,,,,,,,,,,,,,,,,,,,,,,,,,,,,,,,,,,,,,,,,,,,,,,,,,,
MCT2-3M,7/11/17,,,,,,,,,,,,,,,,,,,,,,,,,,,,,,,,,,,,,,,,,,,,,,,,,,,,,,,,,,,,,,,,,,,,,,,,,,,,,,
MCT2-3M,7/13/17,,,,,,,,,,,,,,,,,,,,,,,,,,,,,,,,,,,,,,,,,,,,,,,,,,,,,,,,,,,,,,,,,,,,,,,,,,,,,,
MCT2-3M,7/17/17,,,,,,,,,,,,,,,,,,,,,,,,,,,,,,,,,,,,,,,,,,,,,,,,,,,,,,,,,,,,,,,,,,,,,,,,,,,,,,
MCT2-3M,7/19/17,,,,,,,,,,,,,,,,,,,,,,,,,,,,,,,,,,,,,,,,,,,,,,,,,,,,,,,,,,,,,,,,,,,,,,,,,,,,,,
MCT2-3M,7/21/17,,,,,,,,,,,,,,,,,,,,,,,,,,,,,,,,,,,,,,,,,,,,,,,,,,,,,,,,,,,,,,,,,,,,,,,,,,,,,,
MCT2-3M,7/24/17,,,,,,,,,,,,,,,,,,,,,,,,,,,,,,,,,,,,,,,,,,,,,,,,,,,,,,,,,,,,,,,,,,,,,,,,,,,,,,
MCT2-3M,7/26/17,,,,,,,,,,,,,,,,,,,,,,,,,,,,,,,,,,,,,,,,,,,,,,,,,,,,,,,,,,,,,,,,,,,,,,,,,,,,,,
MCT2-3M,7/28/17,,,,,,,,,,,,,,,,,,,,,,,,,,,,,,,,,,,,,,,,,,,,,,,,,,,,,,,,,,,,,,,,,,,,,,,,,,,,,,
MCT2-3M,7/31/17,,,,,,,,,,,,,,,,,,,,,,,,,,,,,,,,,,,,,,,,,,,,,,,,,,,,,,,,,,,,,,,,,,,,,,,,,,,,,,
MCT2-3M,8/2/17,,,,,,,,,,,,,,,,,,,,,,,,,,,,,,,,,,,,,,,,,,,,,,,,,,,,,,,,,,,,,,,,,,,,,,,,,,,,,,
MCT2-3M,8/4/17,7.51,,,-48,286.055,3.625,,,,,,,,,,,,,,,,,,,,,,,,,,,,,,,,,,,,,,,,,,,,,,,,,,,,,,,,,,,,,,,,,,,,,,,,
MCT2-3M,8/7/17,,,,,,,,,,,,,,,,,,,,,,,,,,,,,,,,,,,,,,,,,,,,,,,,,,,,,,,,,,,,,,,,,,,,,,,,,,,,,,
MCT2-3M,8/9/17,,,,,,,,,,,,,,,,,,,,,,,,,,,,,,,,,,,,,,,,,,,,,,,,,,,,,,,,,,,,,,,,,,,,,,,,,,,,,,
MCT2-3M,8/11/17,,,,,,,,,,,,,,,,,,,,,,,,,,,,,,,,,,,,,,,,,,,,,,,,,,,,,,,,,,,,,,,,,,,,,,,,,,,,,,
MCT2-3M,8/15/17,,,,,,,,,,,,,,,,,,,,,,,,,,,,,,,,,,,,,,,,,,,,,,,,,,,,,,,,,,,,,,,,,,,,,,,,,,,,,,
MCT2-3M,8/18/17,,,,,,,,,,,,,,,,,,,,,,,,,,,,,,,,,,,,,,,,,,,,,,,,,,,,,,,,,,,,,,,,,,,,,,,,,,,,,,
MCT2-3M,8/22/17,,,,,,,,,,,,,,,,,,,,,,,,,,,,,,,,,,,,,,,,,,,,,,,,,,,,,,,,,,,,,,,,,,,,,,,,,,,,,,
MCT2-3M,8/24/17,,,,,,,,,,,,,,,,,,,,,,,,,,,,,,,,,,,,,,,,,,,,,,,,,,,,,,,,,,,,,,,,,,,,,,,,,,,,,,
MCT2-3M,8/30/17,,,,,,,,,,,,,,,,,,,,,,,,,,,,,,,,,,,,,,,,,,,,,,,,,,,,,,,,,,,,,,,,,,,,,,,,,,,,,,
MCT2-3M,9/1/17,,,,,,,,,,,,,,,,,,,,,,,,,,,,,,,,,,,,,,,,,,,,,,,,,,,,,,,,,,,,,,,,,,,,,,,,,,,,,,
MCT2-3M,9/12/17,,,,,,,,,,,,,,,,,,,,,,,,,,,,,,,,,,,,,,,,,,,,,,,,,,,,,,,,,,,,,,,,,,,,,,,,,,,,,,
MCT2-3S,6/27/17,6.79,15.7,425,1,2.596,10.907,,,,,,,,,,,,,,,,,,,,,,,,,,,,,,,,,,,,,,,,,,,,,,,,,,,,,,,,,,,,,,,,,,,,,,,,
MCT2-3S,6/29/17,6.76,15.7,389,,6.088,,,0.43,0.44,,5.40E-07,4.19E-08,,,2.50E-06,6.68E-08,6.40E-04,4.63E-06,5.74E-04,6.11E-06,1.81E-07,6.87E-08,2.45E-04,2.75E-06,8.44E-06,1.67E-07,,,,,9.87E-06,9.13E-08,1.98E-03,1.53E-05,5.98E-06,4.94E-07,2.64E-08,2.74E-09,9.01E-08,2.07E-09,2.33E-08,8.01E-10,1.59E-08,1.01E-09,7.15E-07,6.80E-09,1.85E-09,1.44E-10,3.59E-06,2.61E-08,,,,,,,,,,,,,,,1.10E-06,1.54E-08,2.90E-10,5.50E-11,,,,,2.55E-09,1.00E-10,8.52E-06,1.09E-06,9.59E-09,6.70E-10
MCT2-3S,6/30/17,6.81,15.6,433,53,8.201,50.472,6.93,0.44,0.46,6.49,4.86E-07,3.94E-08,,,1.14E-06,2.46E-08,5.91E-04,5.53E-06,5.75E-04,2.79E-06,1.32E-07,4.40E-08,2.33E-04,2.32E-05,6.63E-06,1.18E-07,2.50E-09,2.21E-10,3.87E-08,3.82E-09,1.15E-05,1.42E-07,2.00E-03,1.75E-05,5.45E-06,5.16E-08,2.73E-08,2.54E-09,9.71E-08,3.60E-09,2.81E-08,6.51E-10,1.39E-08,1.01E-09,4.35E-07,6.05E-09,2.40E-09,1.73E-10,3.62E-06,1.94E-08,,,,,,,,,,,,,,,8.81E-07,1.29E-08,2.43E-10,3.46E-11,,,,,2.75E-09,1.07E-10,8.52E-06,1.20E-06,1.11E-08,7.40E-10
MCT2-3S,7/3/17,,,,,,,,,,,,,,,,,,,,,,,,,,,,,,,,,,,,,,,,,,,,,,,,,,,,,,,,,,,,,,,,,,,,,,,,,,,,,,
MCT2-3S,7/6/17,,,,,,,,,,,,,,,,,,,,,,,,,,,,,,,,,,,,,,,,,,,,,,,,,,,,,,,,,,,,,,,,,,,,,,,,,,,,,,
MCT2-3S,7/7/17,,,,,,,,,,,,,,,,,,,,,,,,,,,,,,,,,,,,,,,,,,,,,,,,,,,,,,,,,,,,,,,,,,,,,,,,,,,,,,
MCT2-3S,7/11/17,,,,,,,,,,,,,,,,,,,,,,,,,,,,,,,,,,,,,,,,,,,,,,,,,,,,,,,,,,,,,,,,,,,,,,,,,,,,,,
MCT2-3S,7/13/17,,,,,,,,,,,,,,,,,,,,,,,,,,,,,,,,,,,,,,,,,,,,,,,,,,,,,,,,,,,,,,,,,,,,,,,,,,,,,,
MCT2-3S,7/17/17,,,,,,,,,,,,,,,,,,,,,,,,,,,,,,,,,,,,,,,,,,,,,,,,,,,,,,,,,,,,,,,,,,,,,,,,,,,,,,
MCT2-3S,7/19/17,,,,,,,,,,,,,,,,,,,,,,,,,,,,,,,,,,,,,,,,,,,,,,,,,,,,,,,,,,,,,,,,,,,,,,,,,,,,,,
MCT2-3S,7/21/17,,,,,,,,,,,,,,,,,,,,,,,,,,,,,,,,,,,,,,,,,,,,,,,,,,,,,,,,,,,,,,,,,,,,,,,,,,,,,,
MCT2-3S,7/24/17,,,,,,,,,,,,,,,,,,,,,,,,,,,,,,,,,,,,,,,,,,,,,,,,,,,,,,,,,,,,,,,,,,,,,,,,,,,,,,
MCT2-3S,7/26/17,,,,,,,,,,,,,,,,,,,,,,,,,,,,,,,,,,,,,,,,,,,,,,,,,,,,,,,,,,,,,,,,,,,,,,,,,,,,,,
MCT2-3S,7/28/17,,,,,,,,,,,,,,,,,,,,,,,,,,,,,,,,,,,,,,,,,,,,,,,,,,,,,,,,,,,,,,,,,,,,,,,,,,,,,,
MCT2-3S,7/31/17,,,,,,,,,,,,,,,,,,,,,,,,,,,,,,,,,,,,,,,,,,,,,,,,,,,,,,,,,,,,,,,,,,,,,,,,,,,,,,
MCT2-3S,8/2/17,,,,,,,,,,,,,,,,,,,,,,,,,,,,,,,,,,,,,,,,,,,,,,,,,,,,,,,,,,,,,,,,,,,,,,,,,,,,,,
MCT2-3S,8/4/17,,,,,,,,,,,,,,,,,,,,,,,,,,,,,,,,,,,,,,,,,,,,,,,,,,,,,,,,,,,,,,,,,,,,,,,,,,,,,,
MCT2-3S,8/7/17,,,,,,,,,,,,,,,,,,,,,,,,,,,,,,,,,,,,,,,,,,,,,,,,,,,,,,,,,,,,,,,,,,,,,,,,,,,,,,
MCT2-3S,8/9/17,,,,,,,,,,,,,,,,,,,,,,,,,,,,,,,,,,,,,,,,,,,,,,,,,,,,,,,,,,,,,,,,,,,,,,,,,,,,,,
MCT2-3S,8/11/17,,,,,,,,,,,,,,,,,,,,,,,,,,,,,,,,,,,,,,,,,,,,,,,,,,,,,,,,,,,,,,,,,,,,,,,,,,,,,,
MCT2-3S,8/15/17,,,,,,,,,,,,,,,,,,,,,,,,,,,,,,,,,,,,,,,,,,,,,,,,,,,,,,,,,,,,,,,,,,,,,,,,,,,,,,
MCT2-3S,8/18/17,,,,,,,,,,,,,,,,,,,,,,,,,,,,,,,,,,,,,,,,,,,,,,,,,,,,,,,,,,,,,,,,,,,,,,,,,,,,,,
MCT2-3S,8/22/17,,,,,,,,,,,,,,,,,,,,,,,,,,,,,,,,,,,,,,,,,,,,,,,,,,,,,,,,,,,,,,,,,,,,,,,,,,,,,,
MCT2-3S,8/24/17,,,,,,,,,,,,,,,,,,,,,,,,,,,,,,,,,,,,,,,,,,,,,,,,,,,,,,,,,,,,,,,,,,,,,,,,,,,,,,
MCT2-3S,8/30/17,,,,,,,,,,,,,,,,,,,,,,,,,,,,,,,,,,,,,,,,,,,,,,,,,,,,,,,,,,,,,,,,,,,,,,,,,,,,,,
MCT2-3S,9/1/17,,,,,,,,,,,,,,,,,,,,,,,,,,,,,,,,,,,,,,,,,,,,,,,,,,,,,,,,,,,,,,,,,,,,,,,,,,,,,,
MCT2-3S,9/12/17,,,,,,,,,,,,,,,,,,,,,,,,,,,,,,,,,,,,,,,,,,,,,,,,,,,,,,,,,,,,,,,,,,,,,,,,,,,,,,
MCT2-4D,6/27/17,7.43,14.5,205,-32,,,,,,,,,,,,,,,,,,,,,,,,,,,,,,,,,,,,,,,,,,,,,,,,,,,,,,,,,,,,,,,,,,,,,,,,,,
MCT2-4D,6/29/17,,,,,,,,,,,,,,,,,,,,,,,,,,,,,,,,,,,,,,,,,,,,,,,,,,,,,,,,,,,,,,,,,,,,,,,,,,,,,,
MCT2-4D,6/30/17,,,,,,,,,,,,,,,,,,,,,,,,,,,,,,,,,,,,,,,,,,,,,,,,,,,,,,,,,,,,,,,,,,,,,,,,,,,,,,
MCT2-4D,7/3/17,,,,,,,,,,,,,,,,,,,,,,,,,,,,,,,,,,,,,,,,,,,,,,,,,,,,,,,,,,,,,,,,,,,,,,,,,,,,,,
MCT2-4D,7/6/17,7.92,13,323,-15,,111.257,,0.7,0.72,,,,,,,,,,,,,,,,,,,,,,,,,,,,,,,,,,,,,,,,,,,,,,,,,,,,,,,,,,,,,,,,,,,,,
MCT2-4D,7/7/17,7.7,15.3,350,37,,244.39,,0.31,0.32,,,,,,,,,,,,,,,,,,,,,,,,,,,,,,,,,,,,,,,,,,,,,,,,,,,,,,,,,,,,,,,,,,,,,
MCT2-4D,7/11/17,7.78,14.4,275,84,,216.482,4.37,0.47,0.49,3.89,3.15E-07,3.15E-08,,,2.43E-06,2.48E-08,5.26E-04,3.64E-06,2.42E-04,1.53E-06,3.00E-06,6.32E-08,1.32E-04,1.39E-05,1.44E-05,1.53E-07,3.58E-09,3.10E-10,2.29E-08,2.32E-09,1.62E-06,1.31E-08,1.03E-03,7.72E-06,3.44E-07,1.69E-08,3.78E-08,3.88E-09,8.55E-08,1.81E-09,7.11E-09,3.17E-10,4.92E-08,2.13E-09,4.28E-06,4.06E-08,2.85E-09,1.79E-10,1.91E-06,2.15E-08,8.71E-09,8.34E-10,1.43E-08,7.20E-10,,,,,1.18E-08,4.56E-10,,,5.00E-11,9.47E-12,5.10E-06,4.15E-08,1.21E-09,8.21E-11,2.28E-06,3.64E-08,,,3.34E-09,9.28E-11,6.35E-06,9.14E-07,8.13E-09,6.44E-10
MCT2-4D,7/13/17,8.02,11.3,360,-40,1.397,,,0.33,0.35,,,,,,,,,,,,,,,,,,,,,,,,,,,,,,,,,,,,,,,,,,,,,,,,,,,,,,,,,,,,,,,,,,,,,
MCT2-4D,7/17/17,7.86,20.5,320,38,9.455,,,0.42,0.43,,,,,,,,,,,,,,,,,,,,,,,,,,,,,,,,,,,,,,,,,,,,,,,,,,,,,,,,,,,,,,,,,,,,,
MCT2-4D,7/19/17,7.53,12.2,252,-3,3.438,,,0.58,0.6,,,,,,,,,,,,,,,,,,,,,,,,,,,,,,,,,,,,,,,,,,,,,,,,,,,,,,,,,,,,,,,,,,,,,
MCT2-4D,7/21/17,7.56,14.8,315,15,1.397,88.756,,0.33,0.34,,,,,,,,,,,,,,,,,,,,,,,,,,,,,,,,,,,,,,,,,,,,,,,,,,,,,,,,,,,,,,,,,,,,,
MCT2-4D,7/24/17,7.82,19.2,352,8,0.448,,,0.4,0.4,,4.96E-07,5.60E-08,,,2.74E-07,5.36E-09,7.19E-04,7.96E-06,3.28E-04,2.91E-06,2.11E-07,2.47E-08,1.95E-04,1.08E-06,5.40E-06,6.18E-08,2.15E-09,2.61E-10,2.16E-08,5.17E-10,4.15E-06,4.47E-08,1.42E-03,6.73E-06,,,1.73E-08,2.13E-09,4.66E-08,2.12E-09,7.54E-09,3.84E-10,9.77E-09,6.76E-10,2.48E-07,6.39E-09,3.91E-09,2.43E-10,2.34E-06,1.02E-08,8.90E-10,1.22E-10,1.23E-08,7.03E-10,,,,,1.25E-08,1.03E-09,,,,,4.59E-07,6.76E-09,9.25E-11,3.07E-11,,,,,2.91E-09,1.22E-10,8.16E-06,8.50E-07,1.17E-08,1.06E-09
MCT2-4D,7/26/17,7.58,12.5,315,14,22.58,199.075,4.1,0.2,0.21,3.91,,,,,,,,,,,,,,,,,,,,,,,,,,,,,,,,,,,,,,,,,,,,,,,,,,,,,,,,,,,,,,,,,,,,
MCT2-4D,7/28/17,7.91,14.2,381,-19,1.468,104.1,3.93,0.15,0.16,3.78,3.99E-07,4.07E-08,,,2.61E-06,3.19E-08,2.64E-04,2.86E-06,3.59E-04,3.14E-06,8.53E-07,2.91E-08,1.71E-04,1.18E-06,6.10E-06,8.31E-08,,,1.47E-08,5.42E-10,4.76E-06,5.07E-08,1.55E-03,3.64E-06,1.65E-06,2.58E-08,1.73E-08,2.71E-09,4.71E-08,2.77E-09,9.29E-09,2.01E-10,8.08E-09,3.60E-10,4.72E-06,1.70E-08,9.76E-10,4.57E-11,2.55E-06,1.17E-08,1.59E-09,2.17E-10,,,,,,,,,,,,,5.40E-06,8.15E-08,9.80E-10,5.62E-11,4.48E-10,8.67E-11,,,9.56E-10,5.45E-11,7.76E-06,8.70E-07,9.41E-09,8.81E-10
MCT2-4D,7/31/17,8.02,14.7,287,19,6.983,118.507,3.94,0.16,0.16,3.78,4.13E-07,3.66E-08,,,2.13E-07,1.39E-08,1.99E-04,1.74E-06,3.58E-04,1.88E-06,1.87E-07,2.50E-08,1.71E-04,4.20E-07,5.10E-06,8.38E-08,,,,,3.52E-06,3.35E-08,1.57E-03,7.08E-06,,,1.70E-08,3.72E-09,4.93E-08,2.53E-09,7.55E-09,3.50E-10,1.66E-08,3.61E-10,2.00E-07,7.91E-09,3.63E-09,1.63E-10,2.51E-06,1.30E-08,5.00E-10,2.03E-10,,,,,,,,,,,,,5.30E-07,5.33E-09,1.06E-10,3.40E-11,,,,,7.56E-10,5.20E-11,7.86E-06,8.61E-07,8.51E-09,7.52E-10
MCT2-4D,8/2/17,7.85,,380,-30,2.399,109.663,4.15,0.19,0.2,3.97,4.17E-07,3.82E-08,,,2.36E-07,1.49E-08,2.09E-04,3.30E-06,3.68E-04,4.26E-06,1.58E-07,2.59E-08,1.74E-04,1.23E-06,9.61E-06,2.28E-07,,,4.97E-09,2.50E-10,4.48E-06,7.12E-08,1.48E-03,4.39E-05,1.11E-06,2.62E-08,1.63E-08,2.22E-09,5.25E-08,2.74E-09,9.31E-09,1.82E-10,9.19E-09,6.01E-10,2.47E-07,3.86E-09,5.41E-09,2.29E-10,2.57E-06,1.77E-08,9.59E-10,1.97E-10,,,,,,,,,,,,,5.41E-07,9.76E-09,9.64E-11,3.33E-11,,,,,8.86E-10,4.54E-11,7.70E-06,7.99E-07,9.56E-09,1.13E-09
MCT2-4D,8/4/17,8.11,,,-9,,144.04,,,,,,,,,,,,,,,,,,,,,,,,,,,,,,,,,,,,,,,,,,,,,,,,,,,,,,,,,,,,,,,,,,,,,,,,
MCT2-4D,8/7/17,7.81,,,5,2.149,68.317,4.25,0.19,0.21,4.06,4.20E-07,2.60E-08,,,2.29E-07,2.44E-08,2.43E-04,3.54E-06,3.87E-04,2.14E-06,1.82E-07,1.93E-08,1.82E-04,4.32E-07,7.66E-06,1.22E-07,2.07E-09,2.24E-10,1.71E-08,3.94E-10,6.55E-06,1.05E-07,1.64E-03,1.33E-05,2.55E-06,3.03E-08,1.67E-08,3.70E-09,6.87E-08,3.40E-09,1.02E-08,3.73E-10,5.08E-08,1.20E-09,2.15E-07,5.07E-09,3.43E-09,1.66E-10,2.72E-06,7.74E-09,1.35E-09,2.74E-10,,,,,,,,,,,,,5.50E-07,6.84E-09,1.16E-10,2.80E-11,,,,,1.21E-09,5.41E-11,7.68E-06,7.25E-07,1.37E-08,1.40E-09
MCT2-4D,8/9/17,,,,,,,4.23,0.18,0.19,4.05,4.49E-07,2.74E-08,,,2.18E-07,1.52E-08,2.11E-04,2.67E-06,3.81E-04,1.01E-06,2.85E-07,3.04E-08,1.79E-04,1.28E-06,9.08E-06,1.28E-07,,,3.20E-09,6.18E-10,5.09E-06,3.30E-08,1.65E-03,8.59E-06,7.12E-07,5.78E-09,1.78E-08,2.49E-09,6.30E-08,4.76E-09,9.69E-09,9.65E-11,2.22E-08,1.03E-09,2.37E-07,4.97E-09,5.18E-09,2.67E-10,2.68E-06,1.52E-08,8.26E-10,1.68E-10,,,,,,,,,,,,,5.67E-07,9.72E-09,1.02E-10,3.95E-11,,,,,9.30E-10,3.65E-11,7.79E-06,8.17E-07,1.09E-08,5.96E-10
MCT2-4D,8/11/17,7.92,,,18,,81.286,4.21,0.2,0.21,4.02,4.33E-07,3.70E-08,,,6.22E-07,3.09E-08,2.40E-04,2.83E-06,3.93E-04,3.20E-06,2.43E-07,2.13E-08,1.85E-04,1.28E-06,6.27E-06,1.12E-07,2.91E-09,2.28E-10,3.72E-09,1.63E-10,6.69E-06,7.00E-08,1.68E-03,1.25E-05,2.83E-06,8.49E-09,1.54E-08,3.98E-09,5.76E-08,2.62E-09,1.02E-08,2.00E-10,2.13E-08,1.43E-09,2.93E-07,4.73E-09,3.42E-09,2.03E-10,2.76E-06,2.94E-08,8.84E-10,1.21E-10,,,,,,,,,,,,,5.83E-07,5.92E-09,1.13E-10,2.72E-11,,,,,1.26E-09,8.95E-11,7.82E-06,7.73E-07,1.41E-08,9.79E-10
MCT2-4D,8/15/17,7.77,,,-13,3.456,77.442,,,,,4.36E-07,2.69E-08,,,3.78E-07,6.12E-09,1.84E-04,2.94E-06,3.85E-04,3.89E-06,,,1.85E-04,2.68E-06,5.73E-06,1.14E-07,,,7.65E-09,5.15E-10,4.98E-06,7.46E-08,1.70E-03,1.70E-05,1.87E-06,7.73E-09,2.82E-08,6.49E-09,4.91E-08,1.80E-09,8.99E-09,4.19E-10,9.07E-09,5.31E-10,2.50E-07,6.44E-09,3.31E-09,2.20E-10,2.73E-06,1.85E-08,8.99E-10,1.25E-10,9.94E-09,5.24E-10,,,,,,,,,,,6.38E-07,7.36E-09,1.37E-10,4.27E-11,,,,,1.02E-09,6.49E-11,8.37E-06,7.56E-07,1.36E-08,1.98E-09
MCT2-4D,8/18/17,7.93,,,37,3.689,,,,,,,,,,,,,,,,,,,,,,,,,,,,,,,,,,,,,,,,,,,,,,,,,,,,,,,,,,,,,,,,,,,,,,,,,
MCT2-4D,8/22/17,7.73,,,8,1.468,,,,,,,,,,,,,,,,,,,,,,,,,,,,,,,,,,,,,,,,,,,,,,,,,,,,,,,,,,,,,,,,,,,,,,,,,
MCT2-4D,8/24/17,7.62,,,2,0,87.693,4.61,0.26,0.27,4.35,4.50E-07,3.70E-08,,,3.59E-07,1.10E-08,2.29E-04,5.00E-06,3.99E-04,1.86E-06,,,2.04E-04,2.47E-06,6.35E-06,1.54E-07,,,1.69E-08,3.56E-10,5.29E-06,7.39E-08,1.74E-03,9.24E-06,7.75E-07,9.22E-09,2.62E-08,6.35E-09,5.01E-08,2.74E-09,9.45E-09,1.86E-10,1.79E-08,1.08E-09,2.80E-07,3.01E-09,2.71E-09,2.31E-10,2.83E-06,3.04E-08,7.78E-10,1.67E-10,1.29E-08,6.76E-10,,,,,8.69E-09,3.23E-10,,,,,6.51E-07,7.29E-09,1.14E-10,2.43E-11,,,,,1.22E-09,7.21E-11,8.30E-06,6.33E-07,1.29E-08,5.05E-10
MCT2-4D,8/30/17,7.75,,,,1.253,,,,,,,,,,,,,,,,,,,,,,,,,,,,,,,,,,,,,,,,,,,,,,,,,,,,,,,,,,,,,,,,,,,,,,,,,
MCT2-4D,9/1/17,7.31,13.3,889,20,2.238,,,,,,,,,,,,,,,,,,,,,,,,,,,,,,,,,,,,,,,,,,,,,,,,,,,,,,,,,,,,,,,,,,,,,,,,,
MCT2-4D,9/12/17,7.3,20.4,485,-51,4.888,,,,,,,,,,,,,,,,,,,,,,,,,,,,,,,,,,,,,,,,,,,,,,,,,,,,,,,,,,,,,,,,,,,,,,,,,
MCT2-4D,9/19/17,7.22,14.6,513,81,6.625,,4.84,0.27,0.29,4.57,4.53E-07,2.28E-08,,,3.58E-07,2.05E-08,2.92E-04,3.44E-06,4.21E-04,5.04E-06,,,1.80E-04,2.06E-06,6.47E-06,1.24E-07,3.04E-09,2.46E-10,4.93E-09,1.29E-10,1.56E-06,2.47E-08,1.89E-03,1.51E-05,9.82E-07,7.33E-09,2.58E-08,5.87E-09,5.70E-08,1.19E-09,2.62E-09,2.06E-10,1.90E-08,8.42E-10,2.51E-07,4.59E-09,1.67E-09,9.52E-11,3.09E-06,2.25E-08,6.68E-10,1.28E-10,2.24E-08,8.72E-10,,,,,,,6.46E-09,2.90E-10,,,7.36E-07,2.70E-09,1.65E-10,3.61E-11,,,,,4.37E-09,1.34E-10,9.87E-06,1.29E-06,8.72E-09,8.37E-10
MCT2-4D,9/21/17,7.21,14.6,485,57,1.433,,4.69,0.21,0.23,4.48,4.61E-07,3.61E-08,,,3.21E-07,1.53E-08,2.73E-04,4.94E-06,4.19E-04,9.07E-06,,,1.87E-04,2.86E-06,6.23E-06,1.07E-07,2.78E-09,1.73E-10,,,2.70E-06,4.53E-08,1.89E-03,1.21E-05,1.26E-06,7.16E-09,2.65E-08,7.67E-09,5.38E-08,3.14E-09,3.10E-09,1.96E-10,1.23E-08,6.05E-10,2.39E-07,3.93E-09,1.65E-09,1.08E-10,3.09E-06,2.06E-08,7.14E-10,1.18E-10,1.95E-08,8.33E-10,,,5.56E-10,2.58E-10,,,,,,,7.24E-07,2.58E-09,1.45E-10,4.06E-11,,,,,3.49E-09,1.46E-10,9.31E-06,9.65E-07,1.31E-08,1.03E-09
MCT2-4D,10/3/17,,,,,,,5.12,0.3,0.31,4.82,4.76E-07,6.04E-08,,,3.38E-07,2.83E-08,3.65E-04,4.35E-06,4.25E-04,5.20E-06,1.13E-07,5.39E-08,2.21E-04,1.07E-06,7.73E-06,1.11E-07,5.70E-09,2.75E-10,8.61E-08,1.71E-09,7.60E-06,1.03E-07,1.91E-03,2.17E-05,7.04E-06,6.43E-08,2.77E-08,1.11E-08,6.93E-08,1.80E-09,9.73E-09,3.93E-10,1.57E-08,7.95E-10,3.21E-07,5.78E-09,2.76E-09,2.87E-10,3.05E-06,3.79E-08,7.10E-10,2.08E-10,2.33E-08,8.06E-10,,,7.19E-10,2.98E-10,1.60E-08,4.51E-10,,,6.32E-11,1.72E-11,7.49E-07,6.80E-09,1.85E-10,2.37E-11,2.49E-09,1.06E-10,,,3.39E-09,7.84E-11,9.36E-06,9.38E-07,1.60E-08,8.17E-10
MCT2-4M,6/13/17,,,,,,,,,,,,,,,,,,,,,,,,,,,,,,,,,,,,,,,,,,,,,,,,,,,,,,,,,,,,,,,,,,,,,,,,,,,,,,
MCT2-4M,6/19/17,7.28,16,244,82,1.629,,3.53,0.51,0.51,3.02,3.61E-07,4.27E-08,,,2.03E-07,2.56E-08,8.21E-04,1.23E-05,2.13E-04,2.28E-06,3.51E-07,4.95E-08,1.61E-04,1.83E-06,6.42E-06,1.32E-07,,,5.53E-08,2.54E-09,3.59E-06,4.22E-08,7.54E-04,4.86E-06,,,3.28E-08,4.05E-09,4.68E-08,1.10E-09,1.23E-08,3.73E-10,1.39E-08,8.70E-10,2.15E-07,7.23E-09,2.90E-09,7.93E-11,1.42E-06,1.69E-08,1.43E-09,1.82E-10,1.48E-08,7.63E-10,,,,,,,,,5.36E-11,1.84E-11,3.25E-07,4.32E-09,7.65E-11,2.47E-11,4.48E-10,4.77E-11,,,1.11E-09,6.06E-11,5.70E-06,7.83E-07,1.10E-08,4.11E-10
MCT2-4M,6/21/17,7.05,15.7,224,78,1.809,44.847,3.22,0.35,0.37,2.86,3.58E-07,3.93E-08,,,3.16E-07,2.21E-08,6.08E-04,4.29E-06,2.48E-04,2.20E-06,4.50E-07,4.49E-08,1.76E-04,1.47E-06,6.57E-06,1.24E-07,,,1.25E-08,2.26E-09,3.74E-06,6.60E-08,8.53E-04,3.70E-06,1.56E-06,2.27E-08,2.27E-08,2.62E-09,5.35E-08,1.82E-09,1.39E-08,3.81E-10,1.39E-08,1.24E-09,3.26E-07,1.02E-08,2.01E-09,2.24E-10,1.65E-06,9.20E-09,1.65E-09,2.12E-10,1.30E-08,3.41E-10,,,,,,,,,,,3.70E-07,8.18E-09,1.11E-10,3.01E-11,4.61E-10,3.82E-11,,,7.96E-10,7.76E-11,5.96E-06,5.94E-07,1.13E-08,9.20E-10
MCT2-4M,6/23/17,6.82,14.1,242,72,5.247,30.314,2.85,0.26,0.28,2.59,3.77E-07,1.26E-08,,,3.98E-07,2.84E-08,5.39E-04,1.12E-05,2.65E-04,3.45E-06,4.35E-07,4.24E-08,1.81E-04,2.52E-06,7.32E-06,1.38E-07,,,2.07E-09,2.25E-09,4.73E-06,7.86E-08,9.07E-04,3.72E-06,2.56E-06,2.90E-08,2.52E-08,3.12E-09,5.84E-08,1.72E-09,2.50E-08,6.35E-10,1.56E-08,1.22E-09,3.14E-07,7.81E-09,2.29E-09,2.14E-10,1.71E-06,2.60E-08,1.59E-09,2.08E-10,1.15E-08,3.73E-10,,,,,,,,,,,3.81E-07,8.19E-09,1.02E-10,3.28E-11,5.47E-10,4.10E-11,,,7.61E-10,3.84E-11,5.93E-06,5.73E-07,1.31E-08,9.85E-10
MCT2-4M,6/27/17,6.95,14.1,156.2,-3,1.719,163.198,,0.19,0.2,,3.14E-07,3.31E-08,,,2.05E-07,1.56E-08,2.77E-04,4.36E-06,2.51E-04,2.31E-06,2.48E-06,9.80E-08,1.68E-04,1.90E-06,8.26E-06,1.23E-07,3.09E-09,1.53E-10,1.26E-08,2.26E-09,6.59E-06,7.46E-08,8.77E-04,4.74E-06,1.09E-06,1.56E-08,4.30E-08,4.78E-09,5.65E-08,2.09E-09,2.12E-08,8.77E-10,2.81E-08,1.35E-09,2.84E-07,6.46E-09,3.35E-09,2.66E-10,1.64E-06,1.88E-08,6.10E-09,4.88E-10,,,,,,,,,,,7.82E-11,2.10E-11,3.73E-07,2.30E-09,1.18E-10,1.74E-11,1.26E-09,6.67E-11,,,3.92E-10,2.50E-11,7.21E-06,6.28E-07,9.31E-09,6.01E-10
MCT2-4M,6/29/17,6.66,15.9,226,81,1.54,35.221,,,,,3.66E-07,3.02E-08,,,3.12E-07,1.64E-08,3.22E-04,4.72E-06,2.92E-04,2.22E-06,3.23E-06,1.64E-07,1.90E-04,1.43E-06,1.96E-05,2.96E-07,3.83E-09,4.32E-10,1.13E-08,2.25E-09,1.12E-05,1.56E-07,1.00E-03,5.57E-06,3.48E-06,5.02E-08,5.24E-08,2.46E-09,9.33E-08,3.59E-09,3.13E-08,9.83E-10,5.23E-08,2.27E-09,1.16E-06,1.56E-08,7.46E-09,2.71E-10,1.86E-06,2.35E-08,7.20E-09,2.25E-10,8.24E-09,4.50E-10,,,,,,,,,1.20E-10,2.28E-11,5.12E-07,9.36E-09,1.82E-10,3.48E-11,1.73E-09,8.19E-11,,,3.51E-10,2.74E-11,7.01E-06,6.32E-07,1.38E-08,5.71E-10
MCT2-4M,6/30/17,6.89,15.1,243,78,3.241,60.316,,,,,3.24E-07,2.45E-08,,,2.68E-07,8.27E-09,2.15E-04,1.61E-06,3.00E-04,1.98E-06,2.11E-06,9.53E-08,1.95E-04,1.37E-06,7.82E-06,1.25E-07,2.27E-09,2.23E-10,1.20E-08,2.28E-09,9.32E-06,1.05E-07,1.02E-03,4.85E-06,2.60E-06,2.56E-08,4.23E-08,3.22E-09,6.96E-08,3.38E-09,2.77E-08,8.16E-10,2.14E-08,1.34E-09,6.83E-07,1.51E-08,2.92E-09,1.97E-10,1.90E-06,2.24E-08,7.18E-09,3.15E-10,,,,,4.29E-10,1.35E-10,,,,,4.51E-11,1.28E-11,4.26E-07,7.41E-09,1.45E-10,2.49E-11,1.07E-09,8.29E-11,,,2.37E-10,1.65E-11,6.88E-06,6.77E-07,1.16E-08,7.85E-10
MCT2-4M,7/3/17,,,,,,,,,,,,,,,,,,,,,,,,,,,,,,,,,,,,,,,,,,,,,,,,,,,,,,,,,,,,,,,,,,,,,,,,,,,,,,
MCT2-4M,7/6/17,,,,,,,,,,,,,,,,,,,,,,,,,,,,,,,,,,,,,,,,,,,,,,,,,,,,,,,,,,,,,,,,,,,,,,,,,,,,,,
MCT2-4M,7/7/17,,,,,,,,,,,,,,,,,,,,,,,,,,,,,,,,,,,,,,,,,,,,,,,,,,,,,,,,,,,,,,,,,,,,,,,,,,,,,,
MCT2-4M,7/11/17,,,,,,,,,,,,,,,,,,,,,,,,,,,,,,,,,,,,,,,,,,,,,,,,,,,,,,,,,,,,,,,,,,,,,,,,,,,,,,
MCT2-4M,7/13/17,,,,,,,,,,,,,,,,,,,,,,,,,,,,,,,,,,,,,,,,,,,,,,,,,,,,,,,,,,,,,,,,,,,,,,,,,,,,,,
MCT2-4M,7/17/17,,,,,,,,,,,,,,,,,,,,,,,,,,,,,,,,,,,,,,,,,,,,,,,,,,,,,,,,,,,,,,,,,,,,,,,,,,,,,,
MCT2-4M,7/19/17,,,,,,,,,,,,,,,,,,,,,,,,,,,,,,,,,,,,,,,,,,,,,,,,,,,,,,,,,,,,,,,,,,,,,,,,,,,,,,
MCT2-4M,7/21/17,,,,,,,,,,,,,,,,,,,,,,,,,,,,,,,,,,,,,,,,,,,,,,,,,,,,,,,,,,,,,,,,,,,,,,,,,,,,,,
MCT2-4M,7/24/17,,,,,,,,,,,,,,,,,,,,,,,,,,,,,,,,,,,,,,,,,,,,,,,,,,,,,,,,,,,,,,,,,,,,,,,,,,,,,,
MCT2-4M,7/26/17,,,,,,,,,,,,,,,,,,,,,,,,,,,,,,,,,,,,,,,,,,,,,,,,,,,,,,,,,,,,,,,,,,,,,,,,,,,,,,
MCT2-4M,7/28/17,,,,,,,,,,,,,,,,,,,,,,,,,,,,,,,,,,,,,,,,,,,,,,,,,,,,,,,,,,,,,,,,,,,,,,,,,,,,,,
MCT2-4M,7/31/17,,,,,,,,,,,,,,,,,,,,,,,,,,,,,,,,,,,,,,,,,,,,,,,,,,,,,,,,,,,,,,,,,,,,,,,,,,,,,,
MCT2-4M,8/2/17,,,,,,,,,,,,,,,,,,,,,,,,,,,,,,,,,,,,,,,,,,,,,,,,,,,,,,,,,,,,,,,,,,,,,,,,,,,,,,
MCT2-4M,8/4/17,,,,,,,,,,,,,,,,,,,,,,,,,,,,,,,,,,,,,,,,,,,,,,,,,,,,,,,,,,,,,,,,,,,,,,,,,,,,,,
MCT2-4M,8/7/17,,,,,,,,,,,,,,,,,,,,,,,,,,,,,,,,,,,,,,,,,,,,,,,,,,,,,,,,,,,,,,,,,,,,,,,,,,,,,,
MCT2-4M,8/9/17,,,,,,,,,,,,,,,,,,,,,,,,,,,,,,,,,,,,,,,,,,,,,,,,,,,,,,,,,,,,,,,,,,,,,,,,,,,,,,
MCT2-4M,8/11/17,,,,,,,,,,,,,,,,,,,,,,,,,,,,,,,,,,,,,,,,,,,,,,,,,,,,,,,,,,,,,,,,,,,,,,,,,,,,,,
MCT2-4M,8/15/17,,,,,,,,,,,,,,,,,,,,,,,,,,,,,,,,,,,,,,,,,,,,,,,,,,,,,,,,,,,,,,,,,,,,,,,,,,,,,,
MCT2-4M,8/18/17,,,,,,,,,,,,,,,,,,,,,,,,,,,,,,,,,,,,,,,,,,,,,,,,,,,,,,,,,,,,,,,,,,,,,,,,,,,,,,
MCT2-4M,8/22/17,,,,,,,,,,,,,,,,,,,,,,,,,,,,,,,,,,,,,,,,,,,,,,,,,,,,,,,,,,,,,,,,,,,,,,,,,,,,,,
MCT2-4M,8/24/17,,,,,,,,,,,,,,,,,,,,,,,,,,,,,,,,,,,,,,,,,,,,,,,,,,,,,,,,,,,,,,,,,,,,,,,,,,,,,,
MCT2-4M,8/30/17,,,,,,,,,,,,,,,,,,,,,,,,,,,,,,,,,,,,,,,,,,,,,,,,,,,,,,,,,,,,,,,,,,,,,,,,,,,,,,
MCT2-4M,9/1/17,,,,,,,,,,,,,,,,,,,,,,,,,,,,,,,,,,,,,,,,,,,,,,,,,,,,,,,,,,,,,,,,,,,,,,,,,,,,,,
MCT2-4M,9/12/17,,,,,,,,,,,,,,,,,,,,,,,,,,,,,,,,,,,,,,,,,,,,,,,,,,,,,,,,,,,,,,,,,,,,,,,,,,,,,,
MCT2-4S,6/27/17,,,,,,,,,,,,,,,,,,,,,,,,,,,,,,,,,,,,,,,,,,,,,,,,,,,,,,,,,,,,,,,,,,,,,,,,,,,,,,
MCT2-4S,6/29/17,,,,,,,3.31,0.25,0.26,,,,,,,,,,,,,,,,,,,,,,,,,,,,,,,,,,,,,,,,,,,,,,,,,,,,,,,,,,,,,,,,,,,,,
MCT2-4S,6/30/17,,,,,,,3.23,0.24,0.25,,,,,,,,,,,,,,,,,,,,,,,,,,,,,,,,,,,,,,,,,,,,,,,,,,,,,,,,,,,,,,,,,,,,,
MCT2-4S,7/3/17,,,,,,,,,,,,,,,,,,,,,,,,,,,,,,,,,,,,,,,,,,,,,,,,,,,,,,,,,,,,,,,,,,,,,,,,,,,,,,
MCT2-4S,7/6/17,,,,,,,,,,,,,,,,,,,,,,,,,,,,,,,,,,,,,,,,,,,,,,,,,,,,,,,,,,,,,,,,,,,,,,,,,,,,,,
MCT2-4S,7/7/17,,,,,,,,,,,,,,,,,,,,,,,,,,,,,,,,,,,,,,,,,,,,,,,,,,,,,,,,,,,,,,,,,,,,,,,,,,,,,,
MCT2-4S,7/11/17,,,,,,,,,,,,,,,,,,,,,,,,,,,,,,,,,,,,,,,,,,,,,,,,,,,,,,,,,,,,,,,,,,,,,,,,,,,,,,
MCT2-4S,7/13/17,,,,,,,,,,,,,,,,,,,,,,,,,,,,,,,,,,,,,,,,,,,,,,,,,,,,,,,,,,,,,,,,,,,,,,,,,,,,,,
MCT2-4S,7/17/17,,,,,,,,,,,,,,,,,,,,,,,,,,,,,,,,,,,,,,,,,,,,,,,,,,,,,,,,,,,,,,,,,,,,,,,,,,,,,,
MCT2-4S,7/19/17,,,,,,,,,,,,,,,,,,,,,,,,,,,,,,,,,,,,,,,,,,,,,,,,,,,,,,,,,,,,,,,,,,,,,,,,,,,,,,
MCT2-4S,7/21/17,,,,,,,,,,,,,,,,,,,,,,,,,,,,,,,,,,,,,,,,,,,,,,,,,,,,,,,,,,,,,,,,,,,,,,,,,,,,,,
MCT2-4S,7/24/17,,,,,,,,,,,,,,,,,,,,,,,,,,,,,,,,,,,,,,,,,,,,,,,,,,,,,,,,,,,,,,,,,,,,,,,,,,,,,,
MCT2-4S,7/26/17,,,,,,,,,,,,,,,,,,,,,,,,,,,,,,,,,,,,,,,,,,,,,,,,,,,,,,,,,,,,,,,,,,,,,,,,,,,,,,
MCT2-4S,7/28/17,,,,,,,,,,,,,,,,,,,,,,,,,,,,,,,,,,,,,,,,,,,,,,,,,,,,,,,,,,,,,,,,,,,,,,,,,,,,,,
MCT2-4S,7/31/17,,,,,,,,,,,,,,,,,,,,,,,,,,,,,,,,,,,,,,,,,,,,,,,,,,,,,,,,,,,,,,,,,,,,,,,,,,,,,,
MCT2-4S,8/2/17,,,,,,,,,,,,,,,,,,,,,,,,,,,,,,,,,,,,,,,,,,,,,,,,,,,,,,,,,,,,,,,,,,,,,,,,,,,,,,
MCT2-4S,8/4/17,,,,,,,,,,,,,,,,,,,,,,,,,,,,,,,,,,,,,,,,,,,,,,,,,,,,,,,,,,,,,,,,,,,,,,,,,,,,,,
MCT2-4S,8/7/17,,,,,,,,,,,,,,,,,,,,,,,,,,,,,,,,,,,,,,,,,,,,,,,,,,,,,,,,,,,,,,,,,,,,,,,,,,,,,,
MCT2-4S,8/9/17,7.77,,,20,,68.692,,,,,,,,,,,,,,,,,,,,,,,,,,,,,,,,,,,,,,,,,,,,,,,,,,,,,,,,,,,,,,,,,,,,,,,,
MCT2-4S,8/11/17,,,,,,,,,,,,,,,,,,,,,,,,,,,,,,,,,,,,,,,,,,,,,,,,,,,,,,,,,,,,,,,,,,,,,,,,,,,,,,
MCT2-4S,8/15/17,,,,,,,,,,,,,,,,,,,,,,,,,,,,,,,,,,,,,,,,,,,,,,,,,,,,,,,,,,,,,,,,,,,,,,,,,,,,,,
MCT2-4S,8/18/17,,,,,,,,,,,,,,,,,,,,,,,,,,,,,,,,,,,,,,,,,,,,,,,,,,,,,,,,,,,,,,,,,,,,,,,,,,,,,,
MCT2-4S,8/22/17,,,,,,,,,,,,,,,,,,,,,,,,,,,,,,,,,,,,,,,,,,,,,,,,,,,,,,,,,,,,,,,,,,,,,,,,,,,,,,
MCT2-4S,8/24/17,,,,,,,,,,,,,,,,,,,,,,,,,,,,,,,,,,,,,,,,,,,,,,,,,,,,,,,,,,,,,,,,,,,,,,,,,,,,,,
MCT2-4S,8/30/17,,,,,,,,,,,,,,,,,,,,,,,,,,,,,,,,,,,,,,,,,,,,,,,,,,,,,,,,,,,,,,,,,,,,,,,,,,,,,,
MCT2-4S,9/1/17,,,,,,,,,,,,,,,,,,,,,,,,,,,,,,,,,,,,,,,,,,,,,,,,,,,,,,,,,,,,,,,,,,,,,,,,,,,,,,
MCT2-4S,9/12/17,,,,,,,,,,,,,,,,,,,,,,,,,,,,,,,,,,,,,,,,,,,,,,,,,,,,,,,,,,,,,,,,,,,,,,,,,,,,,,