Well,Date,pH,Cond,ORP,DO,TC,NPOC,TIC,NH4,Cl,NO2,SO4,NO3,Li,sd,Be,sd,B,sd,Na,sd,Mg,sd,Al,sd,Si,sd,K,sd,V,sd,Cr,sd,Mn,sd,Ca,sd,Fe,sd,Se,sd,Ti,sd,Ni,sd,Co,sd,Cu,sd,Zn,sd,Ge,sd,Rb,sd,Sr,sd,Zr,sd,Mo,sd,Ag,sd,Cd,sd,Sn,sd,Sb,sd,Cs,sd,Ba,sd,Eu,sd,Pb,sd,Th,sd,U,sd,P,sd,As,sd
MZ RW down,7/3/18,7.87,295,134,,2.543,0.081,2.462,,0.008,0.015,0.34,0.0006,2.99E-07,2.74E-08,,,2.36E-07,2.20E-08,7.07E-05,1.17E-06,2.77E-04,7.68E-07,9.49E-07,3.99E-08,9.29E-05,3.75E-07,1.66E-05,2.75E-07,,,5.42E-09,3.96E-10,4.65E-07,6.87E-09,1.13E-03,3.93E-06,1.19E-06,5.18E-09,,,,,2.59E-08,1.10E-09,1.29E-09,3.10E-10,1.08E-08,5.71E-10,3.05E-07,8.14E-09,,,6.75E-09,1.94E-10,1.84E-06,1.78E-08,,,1.34E-08,1.01E-09,,,,,,,,,,,6.84E-07,9.41E-09,1.69E-10,3.73E-11,,,,,1.56E-09,7.59E-11,8.55E-06,1.60E-06,3.78E-09,1.05E-09
MZ RW down,7/5/18,7.9,296,142,,2.439,0.098,2.341,0.001,0.006,0.01,0.341,0.0005,2.79E-07,4.05E-09,,,2.36E-07,2.00E-08,7.12E-05,1.49E-06,2.55E-04,9.03E-07,6.25E-07,4.53E-08,8.61E-05,4.61E-07,1.58E-05,2.81E-07,,,1.77E-09,1.89E-10,3.58E-07,3.78E-09,1.06E-03,1.65E-06,5.73E-07,6.68E-09,,,,,2.36E-08,2.10E-09,1.11E-09,2.16E-10,1.21E-08,5.66E-10,3.07E-07,1.19E-08,,,6.65E-09,2.42E-10,1.80E-06,1.12E-08,,,1.26E-08,7.53E-10,,,,,,,,,,,6.11E-07,5.09E-09,1.44E-10,2.85E-11,,,,,1.69E-09,9.89E-11,8.52E-06,1.78E-06,3.26E-09,7.95E-10
MZ RW down,7/9/18,8.01,301,159,,2.888,0.131,2.757,0.0012,0.009,0.014,0.358,0.0006,2.51E-07,6.54E-08,,,2.96E-07,2.07E-08,8.36E-05,1.64E-06,3.00E-04,2.80E-06,5.81E-07,2.97E-08,1.06E-04,7.62E-07,2.41E-05,3.77E-07,1.71E-09,2.07E-10,,,7.24E-07,7.78E-09,1.25E-03,6.42E-06,9.00E-07,5.65E-09,,,,,2.30E-08,1.98E-09,2.14E-09,1.91E-10,,,,,,,1.04E-08,2.37E-10,2.00E-06,1.29E-08,,,1.36E-08,6.96E-10,,,,,,,,,,,7.65E-07,1.30E-09,2.00E-10,2.73E-11,,,,,1.52E-09,3.35E-11,7.75E-06,1.25E-06,5.17E-09,7.60E-10
MZ RW down,7/11/18,7.48,287,97,,2.895,0.165,2.73,0.0017,0.01,0.007,0.338,0.0006,2.64E-07,6.33E-08,,,2.66E-07,9.08E-09,8.42E-05,9.36E-07,2.94E-04,3.23E-06,4.36E-07,2.82E-08,1.00E-04,8.10E-07,2.16E-05,4.49E-07,1.66E-09,1.55E-10,3.87E-08,6.65E-10,5.18E-07,1.13E-08,1.18E-03,8.35E-06,1.75E-06,1.75E-08,,,,,2.55E-08,1.12E-09,1.76E-09,1.45E-10,4.93E-09,5.94E-10,,,,,1.08E-08,4.09E-10,2.08E-06,9.97E-09,,,1.29E-08,3.63E-10,,,,,,,,,,,6.97E-07,9.42E-09,1.89E-10,5.43E-11,,,,,1.55E-09,3.83E-11,7.45E-06,1.04E-06,5.71E-09,6.15E-10
MZ RW down,7/20/18,7.78,296,2,6.4,2.841,0.084,2.757,0.0052,0.009,0.019,0.356,0.0011,2.84E-07,5.33E-08,,,3.43E-07,1.56E-08,8.85E-05,1.87E-06,3.00E-04,9.01E-07,4.43E-07,2.81E-08,1.01E-04,7.96E-07,1.97E-05,3.63E-07,1.96E-09,8.78E-11,3.88E-09,3.27E-10,5.10E-07,7.48E-09,1.24E-03,4.48E-06,1.12E-06,1.37E-08,,,,,2.47E-08,1.88E-09,1.93E-09,2.14E-10,,,,,,,8.14E-09,4.29E-10,2.11E-06,1.11E-08,,,1.47E-08,3.73E-10,,,,,,,,,,,7.05E-07,3.95E-09,1.89E-10,2.36E-11,,,,,1.65E-09,4.12E-11,7.49E-06,1.08E-06,6.11E-09,2.89E-10
MZ RW down,7/24/18,7.93,,-61.9,6.2,2.934,0.074,2.861,,0.01,0.01,0.37,0.0005,3.42E-07,5.51E-08,,,3.20E-06,5.71E-08,1.29E-04,2.04E-06,2.95E-04,2.21E-06,6.84E-07,2.73E-08,1.03E-04,8.06E-07,2.47E-05,5.14E-07,3.50E-09,2.49E-10,2.37E-08,1.52E-09,4.24E-07,6.72E-09,1.21E-03,4.99E-06,5.41E-07,8.30E-09,,,,,2.78E-08,2.15E-09,1.80E-09,1.24E-10,1.47E-08,8.46E-10,2.66E-07,7.55E-09,,,1.04E-08,3.55E-10,2.01E-06,1.05E-08,2.86E-09,3.28E-09,1.46E-08,8.41E-10,-9.99E+02,,-9.99E+02,,-9.99E+02,,-999,,-999,,6.98E-07,8.06E-09,1.79E-10,3.16E-11,,,-9.99E+02,,1.52E-09,1.06E-10,7.96E-06,1.25E-06,5.57E-09,7.85E-10
MZ RW down,8/11/18,7.62,349,9,4.2,3.431,0.214,3.217,0.0022,0.006,0.001,0.377,0.0005,4.10E-07,2.63E-08,,,,,9.56E-05,9.30E-07,4.20E-04,7.09E-06,2.07E-06,8.16E-08,1.35E-04,4.87E-06,2.65E-05,3.28E-07,,,2.58E-08,1.03E-09,1.83E-06,1.98E-08,1.54E-03,1.44E-05,2.95E-07,9.17E-08,-9.99E+02,,-9.99E+02,,4.77E-08,2.00E-09,4.74E-09,4.27E-10,1.23E-08,8.11E-10,4.05E-07,4.64E-09,-9.99E+02,,6.13E-09,2.52E-10,2.09E-06,1.35E-08,,,1.60E-08,8.35E-10,,,,,,,,,,,1.22E-06,5.38E-09,3.31E-10,5.64E-11,,,,,1.23E-09,5.08E-11,1.83E-05,2.56E-06,4.31E-09,7.17E-10
MZ RW down,8/15/18,7.59,368,-2,4.5,3.531,0.038,3.494,,0.006,,0.388,0.0005,3.94E-07,1.69E-08,-999,,,,1.06E-04,2.15E-06,4.30E-04,9.86E-06,2.33E-06,1.72E-07,1.39E-04,4.20E-06,2.81E-05,4.53E-07,,,7.69E-08,7.90E-08,2.98E-06,2.80E-08,1.60E-03,8.85E-06,9.80E-07,2.38E-07,,,,,5.21E-08,1.91E-09,5.79E-09,2.27E-10,2.36E-08,9.86E-10,5.29E-07,5.96E-09,,,6.14E-09,1.46E-10,2.09E-06,1.83E-08,,,2.55E-08,1.64E-08,,,,,,,,,,,1.31E-06,1.78E-08,3.20E-10,4.29E-11,,,,,1.07E-09,2.96E-11,1.87E-05,2.49E-06,5.11E-09,8.32E-10
MZ RW down,8/20/18,7.58,,63,5.1,3.332,0.1,3.232,0.0015,0.009,,0.385,0.0009,3.66E-07,3.46E-08,,,,,1.08E-04,1.81E-06,3.60E-04,5.57E-06,2.59E-06,1.06E-07,1.03E-04,4.59E-06,3.02E-05,5.17E-07,1.78E-09,1.03E-10,2.16E-08,3.16E-10,8.09E-07,6.82E-09,1.38E-03,1.02E-05,,,,,,,5.10E-08,2.60E-09,5.12E-09,3.55E-10,3.85E-08,1.64E-09,7.31E-07,6.26E-09,,,7.79E-09,3.33E-10,2.17E-06,6.85E-09,,,1.11E-08,5.98E-10,,,,,,,,,,,1.04E-06,9.18E-09,2.73E-10,6.56E-11,6.74E-10,6.55E-11,,,1.94E-09,9.63E-11,1.67E-05,2.37E-06,3.77E-09,5.93E-10
MZ RW down,8/24/18,,,,,3.058,0.143,2.915,0.0014,0.014,0.001,0.44,0.0008,3.24E-07,5.10E-08,,,,,1.09E-04,2.61E-06,3.66E-04,8.22E-06,2.33E-06,1.18E-07,1.01E-04,3.02E-06,2.67E-05,4.45E-07,,,1.15E-08,2.21E-10,5.78E-07,6.13E-09,1.47E-03,1.42E-05,3.08E-07,1.46E-08,,,,,5.01E-08,1.50E-09,4.22E-09,3.07E-10,1.16E-08,6.42E-10,3.64E-07,5.09E-09,,,8.19E-09,1.86E-10,2.35E-06,1.15E-08,,,1.12E-08,6.93E-10,,,,,,,,,,,9.71E-07,7.46E-09,2.45E-10,3.99E-11,,,,,1.99E-09,6.71E-11,2.05E-05,2.98E-06,3.90E-09,3.28E-10
MZ RW down,8/29/18,7.48,,7,4.6,3.424,0.027,3.397,,0.009,0.001,0.389,0.0005,4.10E-07,7.17E-08,,,,,9.74E-05,1.86E-06,4.17E-04,1.07E-05,2.02E-06,9.70E-08,1.36E-04,4.58E-06,2.66E-05,2.72E-07,,,1.81E-08,1.70E-09,1.26E-06,5.94E-09,1.56E-03,1.25E-05,4.02E-08,3.26E-09,,,,,4.59E-08,3.11E-09,4.32E-09,2.53E-10,7.73E-09,8.16E-10,3.61E-07,6.21E-09,,,5.83E-09,1.14E-10,2.09E-06,2.01E-08,,,1.65E-08,9.03E-10,,,,,,,,,,,1.24E-06,1.08E-08,3.18E-10,5.30E-11,,,,,1.27E-09,9.40E-11,1.93E-05,2.78E-06,3.25E-09,6.17E-10
MZ RW down,9/6/18,7.61,,34,4.8,3.162,0.047,3.115,0.0012,0.012,,0.4,0.0005,3.82E-07,3.66E-08,,,,,1.09E-04,1.39E-06,3.79E-04,9.17E-06,2.24E-06,8.98E-08,1.14E-04,3.53E-06,2.38E-05,2.13E-07,,,4.91E-08,4.23E-09,7.94E-07,6.70E-09,1.47E-03,1.21E-05,3.86E-07,3.30E-08,,,,,4.14E-08,1.48E-09,4.35E-09,3.05E-10,1.06E-08,9.91E-10,3.64E-07,5.22E-09,,,5.83E-09,2.02E-10,2.28E-06,1.52E-08,,,1.48E-08,5.95E-10,,,,,,,,,,,9.92E-07,1.21E-08,2.27E-10,3.18E-11,,,,,1.88E-09,8.14E-11,1.90E-05,2.55E-06,3.20E-09,8.90E-10
MZ RW down,9/12/18,,,,,2.09,,,,,,,,,,,,,,,,,,,,,,,,,,,,,,,,,,,,,,,,,,,,,,,,,,,,,,,,,,,,,,,,,,,,,,,,,,,,,,,
MZ RW down,9/14/18,7.92,,133,6.1,3.391,0.031,3.36,0.0034,,,,,3.83E-07,3.82E-08,,,,,1.08E-04,2.90E-06,4.13E-04,1.20E-05,,,1.49E-04,3.06E-06,2.49E-05,4.00E-07,1.83E-09,2.44E-10,1.53E-08,4.47E-10,1.75E-06,1.32E-08,1.58E-03,2.06E-05,3.03E-07,9.06E-09,,,,,4.71E-08,2.43E-09,1.75E-09,4.16E-10,5.76E-09,4.73E-10,,,,,6.47E-09,1.85E-10,2.16E-06,2.25E-08,,,1.57E-08,9.14E-10,,,,,,,,,,,1.33E-06,1.26E-08,3.28E-10,4.37E-11,,,,,1.28E-09,1.10E-10,2.19E-05,2.44E-06,3.87E-09,1.02E-09
MZ RW down,9/27/18,,,,6.5,2.945,0.036,2.909,0.0032,,,,,3.27E-07,7.80E-08,,,,,1.16E-04,2.60E-06,3.62E-04,9.20E-06,,,1.15E-04,3.36E-06,2.06E-05,4.52E-07,,,1.96E-09,2.39E-10,5.27E-07,7.18E-09,1.46E-03,2.30E-05,4.51E-07,1.07E-08,,,,,2.78E-08,2.13E-09,1.24E-09,2.41E-10,4.24E-09,4.56E-10,2.72E-07,6.35E-09,,,6.15E-09,3.26E-10,2.43E-06,3.90E-08,,,1.19E-08,5.20E-10,,,,,,,,,,,9.34E-07,5.68E-09,2.10E-10,3.64E-11,,,,,2.07E-09,8.61E-11,2.15E-05,2.50E-06,1.88E-09,6.87E-10
MZ RW up,7/3/18,7.89,261,118,,2.148,0.115,2.033,,0.009,0.011,0.338,0.0017,3.02E-07,3.14E-08,,,2.36E-07,2.38E-08,8.36E-05,1.37E-06,2.64E-04,1.87E-06,3.39E-07,5.83E-08,7.81E-05,4.62E-07,1.72E-05,2.33E-07,,,1.00E-08,4.85E-10,5.55E-07,6.96E-09,1.11E-03,2.97E-06,5.65E-07,4.81E-09,,,,,2.74E-08,7.83E-10,1.80E-09,2.37E-10,9.18E-09,6.99E-10,,,,,8.33E-09,3.61E-10,2.10E-06,1.75E-08,,,1.46E-08,8.63E-10,,,,,6.64E-09,4.50E-10,,,,,5.56E-07,8.88E-09,1.22E-10,4.89E-11,,,,,1.88E-09,7.89E-11,7.67E-06,1.44E-06,4.01E-09,8.46E-10
MZ RW up,7/5/18,7.89,275,111,,2.255,0.12,2.135,0.0016,0.009,0.026,0.335,0.0006,2.72E-07,2.45E-08,,,2.57E-07,2.67E-08,7.09E-05,1.07E-06,2.09E-04,5.33E-07,3.56E-07,2.68E-08,8.30E-05,2.20E-07,1.31E-05,2.01E-07,,,,,3.68E-07,3.22E-09,8.51E-04,2.48E-06,9.22E-07,5.83E-09,,,,,1.95E-08,6.24E-10,,,3.53E-09,7.01E-10,,,,,5.87E-09,8.84E-11,1.61E-06,1.11E-08,,,1.41E-08,7.22E-10,,,,,,,,,,,4.37E-07,2.61E-09,1.03E-10,3.51E-11,,,,,1.50E-09,9.00E-11,9.08E-06,1.81E-06,3.45E-09,1.15E-09
MZ RW up,7/9/18,7.82,228,93,,2.49,0.101,2.389,0.0013,0.012,0.008,0.346,0.0008,3.05E-07,3.13E-08,,,5.41E-07,4.54E-09,9.61E-05,1.94E-06,2.75E-04,2.02E-06,5.34E-07,3.36E-08,8.76E-05,7.49E-07,1.72E-05,3.79E-07,1.67E-09,1.22E-10,2.04E-08,1.45E-09,5.73E-07,9.26E-09,1.13E-03,4.74E-06,8.90E-07,3.88E-08,,,,,2.26E-08,1.64E-09,1.59E-09,2.34E-10,3.68E-09,9.53E-10,,,,,7.69E-09,3.70E-10,2.16E-06,2.14E-08,,,1.37E-08,5.38E-10,,,,,,,,,,,5.51E-07,8.69E-09,1.37E-10,5.61E-11,,,,,1.61E-09,8.09E-11,7.65E-06,1.14E-06,6.12E-09,8.18E-10
MZ RW up,7/11/18,7.56,262,77,,2.427,0.11,2.317,0.0032,0.015,0.011,0.351,0.0008,3.33E-07,4.25E-08,,,3.18E-07,1.21E-08,9.66E-05,1.71E-06,2.78E-04,4.31E-06,4.98E-07,3.87E-08,8.81E-05,1.03E-06,1.62E-05,3.54E-07,,,4.51E-09,4.13E-10,4.67E-07,5.64E-09,1.12E-03,2.38E-06,1.03E-06,2.63E-08,,,,,2.73E-08,1.79E-09,1.50E-09,1.87E-10,3.68E-09,5.56E-10,2.66E-07,5.03E-09,,,7.54E-09,4.16E-10,2.21E-06,1.43E-08,,,1.42E-08,6.10E-10,,,,,,,,,,,5.23E-07,6.61E-09,1.63E-10,3.68E-11,,,,,1.63E-09,5.13E-11,7.72E-06,1.21E-06,6.34E-09,1.31E-09
MZ RW up,7/20/18,7.9,285,6,7.9,2.49,0.137,2.352,0.0036,0.008,0.01,0.358,0.0005,2.80E-07,4.47E-08,,,2.56E-07,9.31E-09,9.56E-05,2.55E-06,2.87E-04,1.92E-06,5.85E-07,2.56E-08,8.98E-05,8.96E-07,1.66E-05,3.02E-07,3.43E-09,2.35E-10,7.03E-09,4.23E-10,1.45E-06,2.73E-08,1.19E-03,4.06E-06,4.12E-07,1.23E-08,,,,,2.78E-08,2.38E-09,2.17E-09,1.59E-10,,,,,,,8.06E-09,2.97E-10,2.31E-06,7.70E-09,,,1.50E-08,5.43E-10,,,,,,,,,,,5.70E-07,4.79E-09,1.47E-10,3.74E-11,,,,,1.88E-09,6.79E-11,7.51E-06,1.19E-06,6.00E-09,6.67E-10
MZ RW up,7/24/18,7.83,,-55.7,7.4,2.554,0.091,2.463,0.0013,0.008,0.006,0.365,0.0005,2.91E-07,3.25E-08,,,1.80E-06,2.55E-08,1.20E-04,2.18E-06,2.58E-04,2.09E-06,2.94E-07,2.36E-08,8.99E-05,6.29E-07,1.92E-05,4.46E-07,2.92E-09,1.47E-10,1.08E-08,4.66E-10,3.76E-07,6.79E-09,1.07E-03,4.39E-06,1.13E-06,4.90E-09,,,,,2.64E-08,2.41E-09,1.58E-09,1.26E-10,1.01E-08,4.57E-10,,,,,8.81E-09,4.23E-10,2.12E-06,9.45E-09,,,1.54E-08,2.96E-10,,,,,,,,,,,5.17E-07,3.00E-09,1.54E-10,2.50E-11,,,,,1.68E-09,4.31E-11,6.57E-06,1.20E-06,5.09E-09,4.89E-10
MZ RW up,8/11/18,7.37,353,-15,5.7,3.142,0.145,2.997,0.0041,0.012,0.001,0.445,0.0005,4.15E-07,1.52E-08,,,,,1.62E-04,2.53E-06,3.64E-04,7.38E-06,2.61E-06,1.06E-07,1.09E-04,3.59E-06,2.49E-05,2.90E-07,4.99E-09,2.12E-10,2.52E-08,3.29E-10,7.12E-06,6.13E-08,1.46E-03,2.01E-05,7.10E-07,1.68E-08,,,,,5.87E-08,1.73E-09,9.52E-09,3.70E-10,1.69E-08,8.91E-10,5.22E-07,2.40E-09,,,1.14E-08,2.07E-10,2.95E-06,3.30E-08,,,2.74E-08,8.85E-10,,,,,,,,,,,8.64E-07,1.61E-08,2.37E-10,2.32E-11,4.53E-10,5.22E-11,,,2.67E-09,9.18E-11,2.18E-05,3.05E-06,1.08E-08,1.21E-09
MZ RW up,8/15/18,7.76,368,17,5.2,3.482,0.136,3.346,0.0017,0.01,,0.435,0.0005,7.20E-07,4.25E-08,,,,,2.55E-04,2.49E-06,4.46E-04,1.12E-05,2.31E-06,8.89E-08,1.17E-04,3.29E-06,2.39E-05,3.13E-07,,,5.41E-08,7.18E-10,1.99E-06,1.21E-08,1.51E-03,1.33E-05,1.81E-07,8.10E-09,,,,,5.00E-08,9.80E-10,4.84E-09,1.73E-10,1.75E-08,1.05E-09,4.05E-07,6.23E-09,,,7.23E-09,1.43E-10,3.47E-06,4.32E-08,,,2.04E-08,1.25E-09,,,,,,,,,,,1.21E-06,1.50E-08,3.21E-10,5.87E-11,,,,,2.39E-09,7.41E-11,2.17E-05,2.94E-06,5.95E-09,5.60E-10
MZ RW up,8/20/18,7.43,819,87,5.1,3.137,0.126,3.011,0.0016,0.017,0.001,0.409,0.0006,5.51E-07,3.43E-08,,,,,1.86E-04,1.78E-06,3.83E-04,5.04E-06,2.15E-06,1.05E-07,1.04E-04,1.88E-06,2.36E-05,4.59E-07,,,6.65E-09,2.19E-10,1.03E-06,7.78E-09,1.44E-03,1.58E-05,,,,,,,4.11E-08,1.22E-09,4.23E-09,2.66E-10,1.04E-08,8.14E-10,4.02E-07,6.63E-09,,,7.07E-09,3.21E-10,3.00E-06,2.33E-08,,,1.80E-08,7.89E-10,,,,,,,,,,,9.34E-07,1.81E-08,2.43E-10,4.16E-11,,,,,2.28E-09,1.12E-10,2.00E-05,2.89E-06,4.79E-09,4.07E-10
MZ RW up,8/24/18,,,,,2.821,0.166,2.655,0.0016,0.02,,0.431,0.0006,4.07E-07,5.05E-08,,,,,1.33E-04,1.47E-06,3.24E-04,1.60E-06,2.70E-06,7.93E-08,8.57E-05,1.97E-06,2.50E-05,3.50E-07,2.38E-09,1.02E-10,2.38E-08,5.27E-10,1.23E-06,1.43E-08,1.29E-03,9.87E-06,9.63E-08,4.07E-09,,,,,6.25E-08,2.90E-09,5.16E-09,4.40E-10,3.24E-08,1.37E-09,4.78E-07,7.07E-09,,,5.73E-09,2.17E-10,2.45E-06,1.95E-08,,,1.40E-08,9.87E-10,,,,,,,,,,,7.27E-07,1.23E-08,1.97E-10,2.47E-11,4.75E-10,5.94E-11,,,2.08E-09,7.29E-11,2.03E-05,3.03E-06,4.35E-09,7.01E-10
MZ RW up,8/29/18,7.43,,47,4.9,3.359,0.135,3.224,0.0015,0.014,,0.437,0.0005,6.04E-07,3.77E-08,,,,,2.13E-04,2.58E-06,4.15E-04,8.99E-06,2.68E-06,9.13E-08,1.10E-04,3.07E-06,2.55E-05,3.12E-07,,,2.00E-08,1.63E-10,1.35E-06,1.99E-08,1.50E-03,8.22E-06,7.32E-07,7.57E-09,,,,,5.08E-08,1.28E-09,4.41E-09,3.05E-10,1.83E-08,1.07E-09,4.02E-07,3.46E-09,,,6.96E-09,2.44E-10,3.14E-06,2.22E-08,,,1.73E-08,6.91E-10,,,,,,,,,,,1.06E-06,1.27E-08,2.42E-10,2.06E-11,,,,,2.22E-09,9.95E-11,2.23E-05,3.22E-06,6.06E-09,3.81E-10
MZ RW up,9/6/18,7.58,,15,5.4,2.59,0.074,2.516,0.0013,0.016,0.001,0.428,0.0006,3.23E-07,3.85E-08,,,,,1.20E-04,2.54E-06,3.17E-04,8.11E-06,2.79E-06,9.11E-08,7.96E-05,3.85E-06,2.03E-05,2.56E-07,,,1.37E-08,3.10E-10,3.93E-07,3.62E-09,1.27E-03,9.22E-06,4.27E-08,1.03E-08,,,,,6.06E-08,2.71E-09,3.63E-09,2.79E-10,1.12E-08,7.14E-10,3.81E-07,7.56E-09,,,5.64E-09,1.20E-10,2.59E-06,2.10E-08,,,1.43E-08,3.18E-10,,,,,,,,,,,6.21E-07,5.81E-09,1.48E-10,2.31E-11,,,,,2.45E-09,7.64E-11,2.12E-05,3.02E-06,3.26E-09,6.58E-10
MZ RW up,9/14/18,7.6,,33,6.4,3.206,0.245,2.96,0.0048,,,,,6.72E-07,1.16E-07,,,4.12E-07,1.32E-07,2.22E-04,6.24E-06,4.26E-04,6.90E-06,,,1.23E-04,3.04E-06,1.96E-05,2.08E-07,,,,,1.51E-06,2.17E-08,1.50E-03,1.98E-05,5.04E-07,6.79E-09,,,,,3.19E-08,1.71E-09,1.91E-09,3.14E-10,1.28E-08,5.69E-10,2.66E-07,8.32E-09,,,6.35E-09,2.97E-10,3.29E-06,2.26E-08,,,1.73E-08,7.72E-10,,,,,,,,,,,1.14E-06,1.81E-08,2.70E-10,7.06E-11,,,,,2.38E-09,6.30E-11,2.22E-05,3.02E-06,4.62E-09,7.30E-10
MZ RW up,9/27/18,,,,8.9,2.692,0.045,2.647,0.0029,,,,,3.13E-07,3.68E-08,,,,,1.30E-04,4.10E-06,3.38E-04,8.18E-06,,,1.01E-04,3.50E-06,1.78E-05,3.09E-07,,,,,5.17E-07,5.41E-09,1.40E-03,9.91E-06,4.41E-07,5.60E-09,,,,,2.60E-08,1.99E-09,,,7.03E-09,5.20E-10,,,,,5.93E-09,2.37E-10,2.58E-06,3.29E-08,,,1.32E-08,5.99E-10,,,,,,,,,,,7.33E-07,8.69E-09,1.36E-10,1.96E-11,,,,,2.37E-09,1.37E-10,2.20E-05,3.07E-06,2.14E-09,7.07E-10
MZ RW up,10/3/18,,,,8,2.182,0.214,1.968,0.0046,,,,,2.95E-07,4.16E-08,,,,,9.35E-05,9.50E-07,3.00E-04,6.34E-06,,,9.01E-05,2.46E-06,2.01E-05,4.68E-07,,,2.76E-09,3.35E-10,2.23E-07,2.24E-09,1.22E-03,1.70E-05,2.51E-07,6.09E-09,,,,,2.36E-08,2.19E-09,,,4.67E-09,6.17E-10,2.64E-07,2.12E-08,,,7.32E-09,4.45E-10,2.36E-06,1.15E-08,,,1.39E-08,6.94E-10,,,,,,,,,,,5.08E-07,9.54E-09,1.38E-10,2.28E-11,,,,,2.61E-09,6.05E-11,2.05E-05,2.90E-06,1.88E-09,5.71E-10
MZT1-1D,6/1/18,7.87,282,115,,,,,,,,,,2.47E-07,1.89E-08,,,1.59E-07,2.08E-08,1.04E-04,1.79E-06,2.42E-04,6.12E-06,1.34E-06,7.47E-08,9.89E-05,8.29E-07,1.69E-04,1.36E-06,5.60E-09,3.73E-10,,,1.25E-05,1.40E-07,1.21E-03,8.59E-06,1.05E-06,1.48E-08,,,,,3.57E-08,2.28E-09,4.80E-09,3.12E-10,3.14E-08,1.08E-09,1.06E-06,8.48E-09,,,4.60E-09,1.96E-10,1.69E-06,7.72E-09,,,4.16E-08,1.12E-09,,,,,,,,,,,5.43E-07,7.87E-09,1.26E-10,3.43E-11,1.07E-09,1.17E-10,,,1.49E-09,9.95E-11,4.06E-06,9.88E-07,8.04E-09,1.08E-09
MZT1-1D,6/6/18,7.56,249,57,,,,,,,,,,,,,,,,,,,,,,,,,,,,,,,,,,,,,,,,,,,,,,,,,,,,,,,,,,,,,,,,,,,,,,,,,,,,,,,,,
MZT1-1D,6/8/18,,,,,,,,,,,,,,,,,,,,,,,,,,,,,,,,,,,,,,,,,,,,,,,,,,,,,,,,,,,,,,,,,,,,,,,,,,,,,,,,,,,,
MZT1-1D,6/11/18,,,,,,,,,,,,,,,,,,,,,,,,,,,,,,,,,,,,,,,,,,,,,,,,,,,,,,,,,,,,,,,,,,,,,,,,,,,,,,,,,,,,
MZT1-1D,6/13/18,7.7,191.8,47,,2.341,0.084,2.257,0.0016,0.023,0.013,0.23,0.0005,,,,,,,6.53E-05,9.24E-07,2.08E-04,4.51E-06,1.96E-06,7.34E-08,8.24E-05,8.80E-07,1.75E-05,4.98E-07,6.84E-09,4.12E-10,7.15E-09,5.94E-10,8.29E-06,1.00E-07,9.90E-04,3.38E-06,,,,,,,3.26E-08,2.29E-09,5.91E-09,2.61E-10,1.20E-08,7.96E-10,,,,,7.52E-09,2.55E-10,1.67E-06,9.20E-09,,,3.50E-08,1.34E-09,,,,,,,,,,,6.90E-07,6.19E-09,1.36E-10,3.76E-11,,,,,1.55E-09,3.98E-11,1.21E-05,1.40E-06,1.16E-08,1.30E-09
MZT1-1D,6/15/18,,,,,2.202,0.065,2.137,,0.01,0.016,0.233,0.0005,,,,,,,7.19E-05,1.25E-06,1.97E-04,5.25E-06,,,8.43E-05,1.17E-06,1.20E-05,3.18E-07,1.64E-09,2.34E-10,2.81E-09,2.43E-10,5.60E-06,4.91E-08,9.09E-04,3.36E-06,1.37E-06,2.14E-08,,,,,2.22E-08,1.43E-09,4.47E-09,2.19E-10,7.08E-09,3.42E-10,,,,,3.98E-09,1.78E-10,1.53E-06,9.22E-09,,,2.86E-08,8.39E-10,,,,,,,,,,,6.27E-07,6.22E-09,1.44E-10,3.55E-11,,,,,1.41E-09,3.55E-11,1.21E-05,1.26E-06,6.05E-09,6.86E-10
MZT1-1D,6/20/18,,279,-29,,2.379,0.069,2.31,,0.012,0.012,0.235,0.0005,,,,,,,6.02E-05,1.17E-06,2.28E-04,3.48E-06,,,8.73E-05,8.82E-07,1.36E-05,3.32E-07,1.70E-09,1.72E-10,7.98E-09,1.27E-09,5.40E-06,5.13E-08,1.06E-03,2.07E-06,1.38E-06,1.53E-08,,,,,2.74E-08,1.48E-09,4.31E-09,4.49E-10,5.75E-09,7.86E-10,,,,,4.00E-09,3.41E-10,1.78E-06,1.26E-08,,,2.90E-08,1.57E-09,,,,,,,,,,,7.29E-07,5.47E-09,1.48E-10,2.98E-11,,,,,1.61E-09,1.21E-10,1.29E-05,1.46E-06,7.79E-09,5.52E-10
MZT1-1D,6/22/18,,276,-61,,2.398,0.068,2.33,,0.011,0.012,0.232,0.0005,,,,,,,5.23E-05,1.02E-06,1.93E-04,3.03E-06,,,8.88E-05,1.43E-06,1.17E-05,3.32E-07,,,1.19E-08,1.03E-08,3.85E-06,3.85E-08,8.78E-04,4.15E-06,2.01E-06,2.20E-08,,,,,2.04E-08,1.85E-09,3.48E-09,3.50E-10,4.53E-09,4.75E-10,,,,,3.15E-09,1.83E-10,1.47E-06,1.03E-08,,,2.70E-08,1.46E-09,,,,,,,,,,,6.12E-07,1.00E-08,1.25E-10,3.55E-11,,,,,1.24E-09,1.28E-10,1.41E-05,1.47E-06,7.48E-09,1.09E-09
MZT1-1D,6/26/18,,,,,2.437,0.105,2.332,,0.012,0.01,0.227,0.0005,,,,,,,6.00E-05,1.09E-06,2.30E-04,4.44E-06,,,9.00E-05,1.18E-06,1.37E-05,3.89E-07,,,1.09E-08,9.63E-10,4.48E-06,3.87E-08,1.06E-03,3.17E-06,2.21E-06,1.96E-08,,,,,2.65E-08,1.43E-09,3.75E-09,3.09E-10,9.87E-09,5.75E-10,,,,,3.99E-09,2.29E-10,1.79E-06,1.20E-08,,,2.74E-08,1.25E-09,,,,,,,,,,,7.56E-07,7.04E-09,1.27E-10,1.63E-11,,,,,1.60E-09,7.58E-11,1.27E-05,1.42E-06,6.99E-09,6.80E-10
MZT1-1D,6/28/18,7.75,263,27,,2.64,0.104,2.536,0.0049,0.01,0.023,0.228,0.0005,,,,,,,,,,,,,,,,,,,,,,,,,,,,,,,,,,,,,,,,,,,,,,,,,,,,,,,,,,,,,,,,,,,,,,,,
MZT1-1D,7/20/18,7.5,293,-41,6.8,2.879,0.091,2.788,0.0035,0.01,0.019,0.267,0.0005,3.11E-07,4.58E-08,,,2.69E-07,1.01E-08,7.09E-05,1.23E-06,2.53E-04,3.85E-07,2.47E-07,3.28E-08,1.00E-04,4.09E-07,1.56E-05,2.70E-07,1.75E-09,9.76E-11,1.57E-08,4.12E-10,4.60E-06,6.22E-08,1.25E-03,3.54E-06,3.43E-06,2.14E-08,,,,,3.11E-08,1.65E-09,4.80E-09,3.06E-10,5.75E-09,5.72E-10,2.80E-07,8.33E-09,,,5.14E-09,2.26E-10,1.95E-06,4.86E-09,,,2.82E-08,8.31E-10,,,,,,,,,,,8.48E-07,8.79E-09,2.13E-10,5.90E-11,,,,,1.76E-09,7.18E-11,7.68E-06,1.21E-06,1.00E-08,4.90E-10
MZT1-1D,7/24/18,7.38,,-30.2,1.41,2.9,0.062,2.838,0.0018,0.01,0.01,0.26,0.0005,2.92E-07,3.62E-08,,,1.63E-06,3.10E-08,8.73E-05,1.46E-06,2.29E-04,4.22E-07,1.34E-07,3.32E-08,9.84E-05,3.60E-07,1.69E-05,2.82E-07,,,2.62E-08,6.48E-10,3.50E-06,4.23E-08,1.11E-03,1.71E-06,3.45E-06,1.07E-08,,,,,2.49E-08,1.34E-09,3.68E-09,2.37E-10,1.03E-08,3.86E-10,2.63E-07,7.91E-09,,,5.15E-09,1.76E-10,1.76E-06,9.39E-09,,,2.50E-08,1.11E-09,,,,,,,,,,,7.76E-07,4.20E-09,1.67E-10,3.00E-11,,,,,1.54E-09,5.71E-11,7.28E-06,1.20E-06,6.64E-09,1.51E-09
MZT1-1D,8/11/18,7.44,314,-23,1.5,2.899,0.049,2.851,0.0027,0.01,0.001,0.393,0.0005,,,,,3.33E-07,1.95E-08,1.52E-04,2.29E-06,2.83E-04,5.53E-06,,,8.47E-05,1.86E-06,1.08E-05,1.29E-07,7.10E-09,5.24E-10,,,3.75E-08,4.93E-10,1.32E-03,4.20E-06,,,,,,,1.19E-08,3.75E-09,9.95E-10,2.55E-10,,,,,,,1.90E-09,2.49E-10,2.33E-06,1.46E-08,,,2.66E-08,8.68E-10,,,,,,,,,,,6.46E-07,6.30E-09,1.47E-10,1.92E-11,,,,,2.49E-09,9.03E-11,2.34E-05,2.11E-06,,
MZT1-1D,8/15/18,7.09,345,-16,1.1,3.276,0.064,3.212,0.0019,0.014,,0.4,0.0006,2.62E-07,1.61E-08,,,4.63E-07,3.26E-08,1.55E-04,1.82E-06,3.00E-04,3.84E-06,,,1.13E-04,1.92E-06,2.42E-05,2.67E-07,4.48E-09,1.96E-10,,,3.63E-06,3.55E-08,1.49E-03,1.78E-05,2.01E-06,1.32E-08,,,,,8.37E-09,3.01E-09,3.27E-09,4.26E-10,1.29E-08,1.40E-09,3.04E-07,6.26E-09,,,5.36E-09,3.27E-10,2.55E-06,1.43E-08,,,2.38E-08,8.11E-10,,,,,,,,,,,1.18E-06,1.19E-08,2.66E-10,7.68E-11,,,,,2.36E-09,5.88E-11,2.39E-05,2.01E-06,4.04E-09,9.27E-10
MZT1-1D,8/20/18,7.41,756,-14,1.3,2.978,0.139,2.839,0.002,0.013,,0.402,0.0005,1.92E-07,6.05E-08,,,5.63E-07,2.18E-08,1.52E-04,3.16E-06,2.66E-04,2.50E-06,,,9.98E-05,1.78E-06,2.00E-05,8.78E-08,4.59E-09,2.54E-10,,,3.37E-06,2.27E-08,1.28E-03,6.50E-06,7.49E-07,8.19E-09,,,,,,,3.79E-09,2.88E-10,8.14E-09,1.12E-09,3.56E-07,5.95E-09,,,3.84E-09,2.55E-10,2.24E-06,2.52E-08,,,2.28E-08,7.21E-10,,,,,,,,,,,1.02E-06,9.44E-09,2.41E-10,5.36E-11,,,,,2.01E-09,6.60E-11,2.17E-05,1.73E-06,2.87E-09,5.69E-10
MZT1-1D,8/24/18,,,,,2.982,0.062,2.92,0.0018,0.016,0.001,0.4,0.0005,2.20E-07,6.95E-08,,,4.35E-07,1.57E-08,1.44E-04,1.91E-06,2.76E-04,3.41E-06,,,1.03E-04,2.77E-06,1.79E-05,2.87E-07,4.49E-09,2.43E-10,1.46E-08,7.73E-10,2.93E-06,1.85E-08,1.35E-03,1.31E-05,1.10E-06,7.28E-09,,,,,1.14E-07,6.72E-09,1.31E-08,4.50E-10,,,2.63E-07,4.50E-09,,,3.31E-09,2.83E-10,2.32E-06,1.78E-08,,,2.52E-08,1.02E-09,,,,,,,,,,,1.04E-06,8.10E-09,2.54E-10,2.72E-11,,,,,2.10E-09,7.22E-11,2.27E-05,1.84E-06,2.48E-09,5.13E-10
MZT1-1D,8/29/18,7.39,,-2,1,3.116,0.085,3.031,0.002,0.015,,0.429,0.0005,2.13E-07,6.68E-08,,,4.28E-07,2.64E-08,1.40E-04,3.76E-06,2.99E-04,7.47E-06,,,1.06E-04,3.60E-06,1.86E-05,2.31E-07,3.68E-09,2.91E-10,,,2.62E-06,3.22E-08,1.45E-03,9.05E-06,1.11E-06,7.94E-08,,,,,4.23E-09,3.09E-09,1.47E-08,5.67E-10,,,2.54E-07,1.41E-08,,,3.19E-09,9.88E-11,2.52E-06,2.33E-08,,,2.44E-08,4.25E-10,,,,,,,,,,,1.13E-06,1.49E-08,2.85E-10,4.34E-11,,,,,2.64E-09,1.34E-10,2.38E-05,1.95E-06,2.93E-09,2.42E-10
MZT1-1D,9/6/18,7.48,,28,1.3,3.052,0.085,2.967,0.0011,0.013,0.001,0.419,0.0005,2.25E-07,7.55E-08,,,3.73E-07,1.62E-08,1.55E-04,3.33E-06,2.94E-04,8.25E-06,,,9.80E-05,2.92E-06,1.66E-05,2.57E-07,4.37E-09,7.14E-10,,,2.49E-06,9.05E-09,1.38E-03,1.09E-05,6.90E-07,8.40E-09,,,,,1.75E-08,3.45E-09,4.48E-09,3.43E-10,,,2.94E-07,6.14E-09,,,2.72E-09,1.78E-10,2.44E-06,2.13E-08,,,2.45E-08,5.96E-10,,,,,,,,,,,1.06E-06,1.19E-08,2.59E-10,2.34E-11,,,,,2.84E-09,8.26E-11,2.37E-05,2.09E-06,,
MZT1-1D,9/14/18,7.47,,194,2.2,2.955,0.042,2.913,0.0029,0.01,0.005,0.424,0.0005,,,,,,,1.43E-04,1.88E-06,3.21E-04,9.16E-06,,,1.02E-04,2.60E-06,2.74E-05,4.43E-07,1.65E-09,9.96E-11,,,1.63E-06,7.87E-09,1.28E-03,1.06E-05,5.75E-07,1.73E-08,,,,,3.38E-08,2.28E-09,2.01E-09,1.72E-10,1.06E-08,8.32E-10,2.58E-07,8.05E-09,,,5.45E-09,2.71E-10,2.49E-06,1.50E-08,,,2.10E-08,1.21E-09,,,,,,,,,,,1.07E-06,7.80E-09,2.34E-10,4.70E-11,,,,,2.77E-09,1.41E-10,2.11E-05,3.21E-06,3.12E-09,8.00E-10
MZT1-1D,9/27/18,,,,3.9,2.739,0.042,2.697,0.0028,0.012,,0.434,0.0005,1.98E-07,8.17E-08,,,,,1.24E-04,1.97E-06,3.24E-04,4.66E-06,,,9.49E-05,2.00E-06,1.65E-05,3.11E-07,,,,,1.13E-06,2.12E-08,1.26E-03,1.66E-05,5.18E-07,6.98E-09,,,,,2.96E-08,1.91E-09,1.37E-09,1.54E-10,9.64E-09,3.97E-10,2.55E-07,6.05E-09,,,4.31E-09,2.42E-10,2.40E-06,1.78E-08,,,2.28E-08,5.76E-10,,,,,,,,,,,9.78E-07,1.08E-08,2.37E-10,5.02E-11,,,,,2.63E-09,7.79E-11,2.06E-05,3.11E-06,2.49E-09,1.03E-09
MZT1-1D,10/3/18,,,,4.1,2.545,0.115,2.429,0.0036,0.012,0.003,0.435,0.0005,,,,,,,1.28E-04,3.80E-06,3.17E-04,6.20E-06,,,9.05E-05,2.24E-06,2.68E-04,6.46E-06,,,1.78E-09,2.09E-10,1.11E-06,1.43E-08,1.24E-03,5.95E-06,2.68E-07,1.28E-08,,,,,2.80E-08,1.41E-09,1.72E-09,2.86E-10,3.47E-09,5.40E-10,,,,,9.31E-09,4.03E-10,2.38E-06,2.53E-08,,,2.25E-08,1.30E-09,,,,,,,,,,,9.47E-07,1.19E-08,2.80E-10,3.42E-11,,,,,2.43E-09,1.15E-10,1.99E-05,3.09E-06,,
MZT1-1D,11/6/18,,,,,3.438,0.066,3.372,0.0028,0.015,0.002,0.317,0.0005,,,,,,,,,,,,,,,,,,,,,,,,,,,,,,,,,,,,,,,,,,,,,,,,,,,,,,,,,,,,,,,,,,,,,,,,
MZT1-1M,6/1/18,7.78,216,99,,,,,,0.008,0.006,0.227,0.0013,,,,,,,,,,,,,,,,,,,,,,,,,,,,,,,,,,,,,,,,,,,,,,,,,,,,,,,,,,,,,,,,,,,,,,,,
MZT1-1M,6/6/18,7.54,242,69,,2.077,0.126,1.951,0.0013,,,,,,,,,,,5.32E-05,1.19E-06,1.81E-04,2.69E-06,,,7.17E-05,1.07E-06,6.79E-06,1.12E-07,4.97E-09,2.56E-10,,,1.54E-08,3.07E-10,9.39E-04,6.40E-06,,,,,,,1.41E-08,1.65E-09,,,6.05E-09,9.87E-10,,,,,1.10E-09,1.16E-10,1.33E-06,1.31E-08,,,1.74E-08,8.64E-10,,,,,,,,,,,2.99E-07,3.80E-09,8.22E-11,3.21E-11,,,,,8.91E-10,4.97E-11,4.57E-06,9.21E-07,,
MZT1-1M,6/8/18,7.63,272,104,,2.086,0.092,1.994,0.0013,0.008,0.003,0.231,0.0008,,,,,,,6.61E-05,1.34E-06,1.95E-04,2.71E-06,4.68E-07,7.60E-08,7.34E-05,9.32E-07,7.38E-06,9.80E-08,5.23E-09,4.47E-10,,,1.69E-08,5.89E-10,9.90E-04,5.73E-06,,,,,,,1.56E-08,1.11E-09,,,6.62E-09,1.25E-09,,,,,1.15E-09,1.15E-10,1.38E-06,8.27E-09,,,1.73E-08,9.25E-10,,,,,,,,,,,3.23E-07,2.43E-09,,,,,,,8.43E-10,2.19E-11,4.04E-06,9.86E-07,,
MZT1-1M,6/11/18,,,,,,0.073,,0.0013,0.008,0.013,0.228,0.0005,,,,,,,5.54E-05,8.75E-07,1.85E-04,1.77E-06,,,7.59E-05,1.46E-06,7.55E-06,1.69E-07,5.00E-09,3.60E-10,,,2.10E-08,3.58E-10,9.51E-04,5.42E-06,1.11E-06,1.99E-08,,,,,1.58E-08,8.84E-10,,,9.43E-09,9.46E-10,,,,,1.32E-09,1.92E-10,1.32E-06,6.37E-09,,,1.73E-08,5.95E-10,,,,,,,,,,,3.00E-07,3.20E-09,,,,,,,8.37E-10,7.63E-11,4.21E-06,1.01E-06,,
MZT1-1M,6/13/18,7.66,193.6,41,,2.234,0.07,2.164,,0.013,0.01,0.233,0.0005,,,,,,,6.77E-05,1.13E-06,1.86E-04,2.59E-06,,,7.43E-05,7.93E-07,7.17E-06,2.15E-07,5.14E-09,4.24E-10,4.22E-09,3.26E-10,3.62E-08,6.31E-10,9.43E-04,4.22E-06,,,,,,,1.78E-08,3.39E-09,,,7.99E-09,4.28E-10,,,,,1.78E-09,2.07E-10,1.48E-06,1.07E-08,,,1.75E-08,2.54E-10,,,,,,,,,,,3.92E-07,4.87E-09,7.61E-11,2.95E-11,4.58E-09,2.52E-10,,,9.19E-10,8.13E-11,1.97E-05,1.10E-06,,
MZT1-1M,6/15/18,7.75,290,53,,2.271,0.067,2.204,,0.008,0.012,0.235,0.0005,,,,,,,5.84E-05,8.52E-07,2.01E-04,4.21E-06,,,7.64E-05,1.10E-06,7.61E-06,2.65E-07,5.15E-09,2.58E-10,2.03E-09,2.55E-10,5.04E-08,7.66E-10,1.01E-03,4.24E-06,,,,,,,2.14E-08,1.65E-09,,,6.94E-09,5.16E-10,,,,,1.91E-09,1.22E-10,1.61E-06,7.25E-09,,,1.79E-08,2.37E-10,,,,,,,,,,,4.24E-07,2.84E-09,8.84E-11,1.45E-11,,,,,1.05E-09,9.79E-11,1.16E-05,8.70E-07,,
MZT1-1M,8/11/18,7.15,326,57,0.333,3.086,0.093,2.993,0.0012,0.009,,0.403,0.0005,2.05E-07,4.24E-08,,,4.62E-07,2.53E-08,1.14E-04,2.13E-06,2.66E-04,6.39E-06,,,9.88E-05,3.07E-06,1.33E-05,2.25E-07,9.47E-09,6.48E-10,6.07E-09,1.13E-08,1.02E-07,1.09E-09,1.40E-03,1.12E-05,1.24E-07,7.77E-09,,,,,3.56E-08,3.74E-09,1.23E-09,2.69E-10,,,4.23E-07,1.54E-08,,,1.22E-09,7.87E-11,2.58E-06,1.25E-08,,,1.83E-08,4.39E-10,,,,,,,,,,,6.99E-07,4.60E-09,1.59E-10,4.24E-11,,,,,1.94E-09,1.13E-10,2.58E-05,1.67E-06,4.31E-09,8.29E-10
MZT1-1M,8/15/18,7.03,351,54,0.316,3.418,0.122,3.296,0.0013,0.009,,0.421,0.0005,2.57E-07,4.11E-08,,,4.60E-07,2.58E-08,1.54E-04,2.13E-06,2.99E-04,3.36E-06,,,1.04E-04,2.07E-06,1.41E-05,1.20E-07,7.91E-09,3.43E-10,2.01E-08,1.60E-09,4.43E-08,4.15E-10,1.51E-03,5.43E-06,9.23E-08,4.87E-09,,,,,4.02E-08,3.36E-09,3.14E-09,3.40E-10,3.38E-09,1.07E-09,3.09E-07,9.28E-09,,,1.72E-09,1.59E-10,2.76E-06,2.72E-08,,,1.79E-08,5.77E-10,,,,,,,,,,,7.85E-07,4.61E-09,1.96E-10,2.73E-11,,,,,2.24E-09,1.20E-10,2.76E-05,2.04E-06,,
MZT1-1M,8/20/18,7.05,1069,91,0.347,3.075,0.126,2.949,0.0013,0.016,0.001,0.405,0.0005,1.95E-07,4.11E-08,,,4.83E-07,2.48E-08,1.66E-04,2.96E-06,2.70E-04,5.86E-06,,,9.49E-05,2.69E-06,1.28E-05,1.48E-07,6.43E-09,2.85E-10,,,7.97E-08,8.93E-10,1.38E-03,1.27E-05,,,,,,,,,8.19E-09,3.77E-10,,,,,,,1.77E-09,3.18E-10,2.56E-06,1.50E-08,,,1.86E-08,5.55E-10,,,,,,,,,,,7.31E-07,1.39E-08,1.65E-10,3.24E-11,,,,,1.94E-09,8.43E-11,2.61E-05,2.07E-06,,
MZT1-1M,8/24/18,,,,,2.967,0.068,2.898,0.0012,0.015,0.001,0.407,0.0005,,,,,3.69E-07,1.89E-08,1.45E-04,2.90E-06,2.67E-04,4.20E-06,,,9.23E-05,2.42E-06,1.20E-05,1.88E-07,6.72E-09,4.08E-10,7.85E-09,1.34E-09,4.36E-08,6.66E-10,1.34E-03,1.15E-05,,,,,,,3.29E-08,3.22E-09,2.31E-09,4.07E-10,,,,,,,1.87E-09,2.42E-10,2.51E-06,1.67E-08,,,1.79E-08,6.88E-10,,,,,,,,,,,6.95E-07,6.75E-09,1.90E-10,2.83E-11,1.10E-09,7.11E-11,,,1.77E-09,5.66E-11,2.51E-05,1.83E-06,,
MZT1-1M,8/29/18,7.03,,44,0.415,3.159,0.068,3.091,0.0012,0.014,0.001,0.434,0.0005,1.90E-07,3.33E-08,,,3.72E-07,7.05E-09,1.39E-04,2.39E-06,2.89E-04,3.57E-06,,,9.29E-05,1.62E-06,1.25E-05,7.84E-08,5.88E-09,4.58E-10,,,6.09E-08,4.45E-10,1.43E-03,1.35E-05,,,,,,,,,,,,,,,,,2.32E-09,1.21E-10,2.59E-06,1.46E-08,,,2.05E-08,6.80E-10,,,,,,,,,,,7.39E-07,1.25E-08,1.86E-10,1.95E-11,,,,,2.10E-09,5.72E-11,2.52E-05,2.16E-06,,
MZT1-1M,9/6/18,7.34,,9,1.2,2.914,0.06,2.854,,0.011,,0.426,0.0005,1.69E-07,4.40E-08,,,3.35E-07,1.50E-08,1.50E-04,2.06E-06,2.85E-04,2.24E-06,,,8.49E-05,2.20E-06,1.10E-05,6.29E-08,4.64E-09,3.98E-10,,,3.68E-08,7.55E-10,1.33E-03,1.07E-05,,,,,,,4.47E-08,3.44E-09,2.83E-09,3.82E-10,,,2.77E-07,5.02E-09,,,1.97E-09,1.66E-10,2.34E-06,1.13E-08,,,2.70E-08,9.86E-10,,,,,,,,,,,6.45E-07,6.30E-09,1.57E-10,2.55E-11,,,,,2.62E-09,8.40E-11,2.37E-05,2.15E-06,,
MZT1-1M,9/14/18,7.2,,232,2.4,3.072,0.053,3.019,0.0027,0.011,0.006,0.418,0.0005,2.14E-07,6.00E-08,,,5.10E-07,2.33E-07,1.49E-04,5.29E-06,3.32E-04,1.34E-05,2.58E-07,7.73E-08,9.90E-05,3.59E-06,1.27E-05,3.27E-07,3.67E-09,2.76E-10,,,4.52E-08,9.92E-10,1.28E-03,1.80E-05,1.69E-07,4.51E-09,,,,,2.72E-08,2.17E-09,2.03E-09,1.66E-10,8.37E-09,1.55E-10,2.71E-07,1.65E-08,,,4.82E-09,1.93E-10,2.68E-06,2.39E-08,,,2.68E-08,8.54E-10,,,,,,,,,,,7.85E-07,4.72E-09,2.06E-10,4.61E-11,,,,,2.99E-09,2.23E-10,1.92E-05,2.87E-06,,
MZT1-1M,9/27/18,,,,3.9,2.746,0.042,2.704,0.0025,0.012,,0.433,0.0005,1.88E-07,7.19E-08,,,,,1.23E-04,3.40E-06,3.30E-04,8.34E-06,,,9.21E-05,2.66E-06,1.41E-05,3.27E-07,1.86E-09,1.67E-10,7.37E-09,1.05E-09,5.79E-08,4.10E-10,1.26E-03,9.63E-06,2.17E-07,2.98E-08,,,,,2.84E-08,1.30E-09,,,7.89E-09,1.05E-09,,,,,5.01E-09,1.59E-10,2.60E-06,2.45E-08,,,2.41E-08,7.94E-10,,,,,,,,,,,6.75E-07,5.68E-09,1.59E-10,4.01E-11,,,,,2.85E-09,1.49E-10,2.15E-05,3.23E-06,,
MZT1-1M,10/3/18,,,,3.9,2.511,0.045,2.467,0.0025,0.012,,0.446,0.0005,1.75E-07,9.83E-08,,,,,1.13E-04,6.07E-07,3.12E-04,6.89E-06,,,8.66E-05,1.29E-06,1.43E-05,3.23E-07,,,4.64E-09,5.51E-10,3.70E-08,4.60E-10,1.19E-03,9.12E-06,5.17E-08,3.72E-09,,,,,3.01E-08,1.60E-09,,,5.88E-09,4.61E-10,,,,,5.20E-09,1.87E-10,2.51E-06,1.95E-08,,,2.30E-08,1.05E-09,,,,,,,,,,,6.24E-07,7.18E-09,1.47E-10,2.32E-11,,,,,2.54E-09,1.16E-10,2.21E-05,3.24E-06,,
MZT1-1S,6/1/18,,,,,2.007,0.175,1.832,0.0014,0.017,0.008,0.22,0.0024,1.67E-07,4.17E-08,,,,,5.86E-05,2.14E-06,1.80E-04,2.07E-06,,,6.84E-05,7.31E-07,6.89E-06,1.35E-07,5.12E-09,3.69E-10,,,6.76E-09,5.79E-10,9.55E-04,6.57E-06,,,,,,,1.45E-08,6.87E-10,,,1.34E-08,1.25E-09,4.52E-07,1.31E-08,,,1.02E-09,7.96E-11,1.37E-06,1.76E-08,,,1.73E-08,4.76E-10,,,,,,,,,,,3.14E-07,2.99E-09,,,,,,,9.84E-10,5.03E-11,5.22E-06,9.27E-07,,
MZT1-1S,6/6/18,,,,,,,,,,,,,,,,,,,,,,,,,,,,,,,,,,,,,,,,,,,,,,,,,,,,,,,,,,,,,,,,,,,,,,,,,,,,,,,,,,,,
MZT1-1S,6/8/18,,,,,,,,,,,,,,,,,,,,,,,,,,,,,,,,,,,,,,,,,,,,,,,,,,,,,,,,,,,,,,,,,,,,,,,,,,,,,,,,,,,,
MZT1-1S,6/11/18,,,,,,,,,,,,,,,,,,,,,,,,,,,,,,,,,,,,,,,,,,,,,,,,,,,,,,,,,,,,,,,,,,,,,,,,,,,,,,,,,,,,
MZT1-1S,6/13/18,,,,,,,,,,,,,,,,,,,,,,,,,,,,,,,,,,,,,,,,,,,,,,,,,,,,,,,,,,,,,,,,,,,,,,,,,,,,,,,,,,,,
MZT1-1XD,9/14/18,7.58,,208,0.192,2.779,0.101,2.678,0.0038,0.011,,0.429,0.0016,2.66E-07,7.36E-08,,,,,1.47E-04,2.17E-06,3.36E-04,8.88E-06,,,1.19E-04,3.23E-06,3.07E-05,3.47E-07,1.86E-09,1.85E-10,9.21E-09,3.72E-10,3.04E-07,2.22E-09,1.31E-03,1.29E-05,1.83E-07,4.68E-09,,,,,4.16E-08,1.93E-09,2.77E-09,3.18E-10,9.14E-09,1.05E-09,1.48E-06,2.22E-08,,,7.66E-09,2.77E-10,2.57E-06,2.05E-08,,,1.49E-08,1.12E-09,,,,,,,,,,,1.21E-06,1.13E-08,3.31E-10,5.95E-11,,,,,1.64E-09,5.48E-11,2.13E-05,2.92E-06,2.48E-09,7.18E-10
MZT1-1XD,9/27/18,,,,0.896,2.689,0.079,2.609,0.0035,0.012,0.005,0.434,0.0014,2.51E-07,2.82E-08,,,1.33E-07,1.74E-07,1.42E-04,3.53E-06,3.56E-04,8.37E-06,1.43E-06,7.19E-08,1.17E-04,3.80E-06,3.02E-05,6.17E-07,5.50E-09,2.53E-10,5.09E-08,4.42E-09,2.27E-07,3.25E-09,1.34E-03,1.53E-05,1.46E-06,9.02E-09,,,,,4.01E-08,7.86E-10,3.98E-09,1.92E-10,1.97E-08,5.91E-10,1.24E-06,2.83E-08,,,7.54E-09,4.14E-10,2.67E-06,3.62E-08,,,1.59E-08,6.08E-10,,,,,,,,,,,1.26E-06,8.62E-09,3.82E-10,5.01E-11,1.22E-09,4.96E-11,,,1.73E-09,1.09E-10,2.12E-05,3.11E-06,2.61E-09,8.52E-10
MZT1-1XD,10/3/18,,,,1.131,2.659,0.034,2.624,0.0024,0.01,,0.448,0.0006,2.32E-07,5.40E-08,,,,,1.28E-04,3.95E-06,3.51E-04,1.29E-05,1.09E-06,5.60E-08,1.10E-04,4.19E-06,2.59E-05,5.04E-07,2.76E-09,2.17E-10,3.85E-09,3.03E-10,1.81E-07,2.13E-09,1.36E-03,1.21E-05,7.98E-07,2.53E-09,,,,,3.46E-08,1.70E-09,2.84E-09,2.20E-10,5.38E-09,5.30E-10,8.66E-07,1.48E-08,,,5.70E-09,2.22E-10,2.62E-06,1.52E-08,,,1.37E-08,8.19E-10,,,,,,,,,,,1.27E-06,1.61E-08,3.18E-10,2.20E-11,,,,,1.80E-09,4.44E-11,2.33E-05,3.29E-06,,
MZT1-2D,6/1/18,7.73,347,112,,3.639,0.123,3.516,0.0012,0.017,0.02,0.374,0.0005,4.34E-07,4.77E-08,,,1.57E-07,1.61E-08,2.17E-04,6.07E-06,3.65E-04,3.72E-06,4.50E-07,3.84E-08,1.22E-04,1.09E-06,2.10E-05,3.68E-07,,,,,9.05E-07,1.06E-08,1.60E-03,6.95E-06,1.09E-07,8.77E-09,,,,,2.45E-08,1.33E-09,2.08E-09,2.35E-10,7.39E-09,1.27E-09,3.42E-07,7.60E-09,,,3.17E-09,2.67E-10,1.93E-06,2.13E-08,,,1.61E-08,5.13E-10,,,,,,,,,,,1.08E-06,1.56E-08,2.11E-10,3.83E-11,,,,,1.50E-09,6.68E-11,6.02E-06,1.73E-06,,
MZT1-2D,6/6/18,7.25,390,69,,3.542,0.108,3.434,0.0012,0.015,0.01,0.348,0.0005,4.29E-07,5.99E-08,,,1.85E-07,5.72E-09,2.04E-04,3.68E-06,3.30E-04,4.03E-06,1.52E-07,5.16E-08,1.21E-04,2.26E-06,2.13E-05,1.74E-07,,,,,1.84E-06,1.45E-08,1.45E-03,5.54E-06,4.42E-08,7.41E-09,,,,,2.40E-08,9.82E-10,2.66E-09,2.96E-10,,,,,,,3.29E-09,1.74E-10,1.74E-06,1.43E-08,,,1.71E-08,1.26E-09,,,,,,,,,,,1.04E-06,1.11E-08,2.27E-10,5.83E-11,,,,,1.38E-09,1.07E-10,5.43E-06,1.49E-06,,
MZT1-2D,6/8/18,7.54,340,85,,3.482,,,0.0016,0.014,0.013,0.341,0.0005,4.29E-07,2.83E-08,,,1.89E-07,1.62E-08,2.14E-04,2.16E-06,3.60E-04,2.23E-06,2.63E-07,5.85E-08,1.24E-04,1.40E-06,2.15E-05,1.96E-07,,,4.25E-09,8.73E-10,1.86E-06,1.58E-08,1.56E-03,7.16E-06,2.09E-07,1.13E-08,,,,,2.59E-08,2.19E-09,2.79E-09,2.69E-10,,,,,,,3.26E-09,1.99E-10,1.89E-06,1.58E-08,,,1.70E-08,1.20E-09,,,,,,,,,,,1.13E-06,1.23E-08,2.40E-10,1.72E-11,,,,,1.41E-09,6.83E-11,5.05E-06,1.35E-06,,
MZT1-2D,6/11/18,,,,,3.446,0.108,3.338,0.0018,0.012,0.012,0.328,0.0005,4.71E-07,4.76E-08,,,1.30E-07,1.14E-08,2.37E-04,6.41E-06,4.93E-04,5.67E-06,1.77E-07,6.98E-08,1.31E-04,1.42E-06,2.20E-05,2.85E-07,,,,,5.49E-07,3.80E-09,2.27E-03,7.26E-06,,,,,,,3.35E-08,2.22E-09,2.24E-09,2.46E-10,6.97E-09,1.01E-09,2.74E-07,7.31E-09,,,4.23E-09,2.15E-10,2.64E-06,1.61E-08,,,1.69E-08,4.40E-10,,,,,,,,,,,1.31E-06,9.65E-09,2.69E-10,3.91E-11,,,,,2.51E-09,6.24E-11,8.80E-06,2.68E-06,,
MZT1-2D,6/13/18,7.72,271,42,,3.306,0.05,3.256,,0.016,0.01,0.319,0.0005,,,,,2.00E-07,8.83E-09,1.65E-04,3.43E-06,2.71E-04,3.60E-06,,,1.13E-04,1.13E-06,1.75E-05,3.73E-07,,,2.94E-09,3.21E-10,1.19E-06,1.27E-08,1.11E-03,6.57E-06,,,,,,,2.49E-08,2.26E-09,2.40E-09,2.78E-10,7.93E-09,3.44E-10,,,,,4.13E-09,3.33E-10,1.60E-06,1.07E-08,,,1.70E-08,8.45E-10,,,,,,,,,,,1.03E-06,6.06E-09,2.26E-10,3.95E-11,,,,,1.10E-09,2.43E-11,1.65E-05,1.82E-06,2.46E-09,4.25E-10
MZT1-2D,6/15/18,,,,,3.287,0.056,3.231,,0.01,0.009,0.313,0.0005,,,,,1.90E-07,5.89E-09,1.68E-04,3.44E-06,2.83E-04,3.48E-06,1.14E-06,6.84E-08,1.17E-04,1.22E-06,1.71E-05,3.37E-07,,,,,1.50E-06,1.64E-08,1.16E-03,5.16E-06,,,,,,,2.65E-08,1.90E-09,2.56E-09,4.47E-11,1.19E-08,1.00E-09,,,,,3.64E-09,2.47E-10,1.66E-06,8.97E-09,,,1.81E-08,5.49E-10,,,,,,,,,,,1.09E-06,5.90E-09,2.18E-10,6.28E-12,,,,,1.10E-09,7.09E-11,1.68E-05,1.91E-06,1.99E-09,3.83E-10
MZT1-2D,6/20/18,,638,18,,3.254,0.049,3.205,,0.01,0.013,0.308,0.0005,,,,,2.02E-07,1.55E-08,1.71E-04,2.66E-06,2.88E-04,6.27E-06,,,1.18E-04,1.84E-06,1.87E-05,3.98E-07,,,1.03E-08,7.41E-10,1.87E-06,1.94E-08,1.18E-03,1.01E-05,,,,,,,2.58E-08,1.34E-09,2.64E-09,1.85E-10,6.52E-09,5.73E-10,,,,,4.07E-09,2.05E-10,1.70E-06,1.28E-08,,,1.92E-08,1.17E-09,,,,,,,,,,,1.12E-06,6.53E-09,2.08E-10,5.08E-11,,,3.79E-10,4.30E-11,1.11E-09,5.05E-11,1.62E-05,2.13E-06,2.22E-09,6.70E-10
MZT1-2D,6/22/18,,301,6,,3.236,0.046,3.19,,0.012,0.011,0.306,0.0005,,,,,1.78E-07,1.62E-08,1.84E-04,3.51E-06,3.24E-04,4.91E-06,,,1.19E-04,1.71E-06,1.98E-05,4.37E-07,,,,,1.97E-06,1.45E-08,1.35E-03,7.61E-06,,,,,,,2.90E-08,3.41E-09,2.80E-09,1.90E-10,3.72E-09,3.15E-10,,,,,4.09E-09,1.78E-10,1.93E-06,1.16E-08,,,1.99E-08,1.14E-09,,,,,,,,,,,1.27E-06,1.18E-08,2.35E-10,3.75E-11,,,1.70E-10,4.61E-11,1.19E-09,3.88E-11,1.47E-05,1.62E-06,2.35E-09,4.74E-10
MZT1-2D,6/26/18,,,,,3.233,0.084,3.149,,0.01,0.013,0.308,0.0005,,,,,2.18E-07,1.29E-08,1.75E-04,2.81E-06,2.95E-04,4.78E-06,,,1.19E-04,9.59E-07,1.86E-05,4.53E-07,,,,,1.67E-06,2.21E-08,1.20E-03,4.12E-06,,,,,,,2.88E-08,1.35E-09,2.24E-09,2.63E-10,4.83E-08,1.85E-09,3.96E-07,7.07E-09,,,3.92E-09,1.80E-10,1.73E-06,1.45E-08,,,2.03E-08,4.18E-10,,,,,,,,,,,1.14E-06,1.57E-08,2.27E-10,2.82E-11,5.17E-09,2.72E-10,,,1.11E-09,8.44E-11,1.73E-05,1.91E-06,2.63E-09,6.12E-10
MZT1-2D,6/28/18,7.53,349,96,,3.449,0.107,3.341,0.0011,0.011,0.006,0.306,0.0005,3.89E-07,4.32E-08,,,5.86E-07,2.69E-08,1.42E-04,1.91E-06,2.45E-04,8.28E-07,4.50E-07,2.80E-08,1.25E-04,7.27E-07,1.67E-05,2.22E-07,,,,,1.35E-06,1.33E-08,1.06E-03,4.05E-06,3.02E-07,4.06E-09,,,,,2.27E-08,1.12E-09,1.96E-09,2.76E-10,3.78E-09,6.51E-10,,,,,3.21E-09,2.02E-10,1.43E-06,9.30E-09,,,2.04E-08,1.18E-09,,,,,,,,,,,9.51E-07,4.60E-09,2.10E-10,2.96E-11,,,,,9.81E-10,3.80E-11,1.15E-05,1.77E-06,1.95E-09,8.23E-10
MZT1-2D,7/3/18,7.42,355,12,,3.536,0.096,3.441,,0.012,0.011,0.311,0.0005,5.04E-07,3.33E-08,,,6.21E-07,3.18E-08,1.75E-04,4.21E-06,3.12E-04,2.02E-06,3.52E-07,2.59E-08,1.29E-04,1.04E-06,2.37E-05,4.12E-07,,,2.07E-08,8.13E-09,2.13E-06,2.25E-08,1.35E-03,4.12E-06,4.45E-07,5.97E-09,,,,,3.29E-08,1.83E-09,3.03E-09,4.12E-10,1.46E-08,6.02E-10,3.29E-07,7.98E-09,,,4.87E-09,1.34E-10,1.83E-06,1.10E-08,,,2.20E-08,1.01E-09,,,,,,,,,,,1.24E-06,1.09E-08,2.27E-10,2.85E-11,,,,,1.15E-09,6.13E-11,1.06E-05,1.43E-06,2.23E-09,8.66E-10
MZT1-2D,7/5/18,7.37,359,46,,3.55,0.058,3.492,,0.011,0.013,0.31,0.0005,3.96E-07,3.45E-08,,,6.15E-07,2.85E-08,1.36E-04,1.73E-06,2.39E-04,1.35E-06,3.48E-07,2.36E-08,1.31E-04,5.00E-07,1.68E-05,2.19E-07,,,,,1.48E-06,1.91E-08,1.03E-03,3.10E-06,2.68E-07,2.95E-09,,,,,2.37E-08,2.09E-09,2.09E-09,2.78E-10,7.74E-09,3.40E-10,2.82E-07,8.53E-09,,,3.26E-09,3.37E-10,1.39E-06,8.06E-09,,,2.19E-08,1.04E-09,,,,,,,,,,,9.29E-07,4.45E-09,1.93E-10,3.60E-11,,,,,8.97E-10,6.53E-11,1.15E-05,1.78E-06,2.43E-09,1.49E-09
MZT1-2D,7/9/18,7.69,336,-19,,3.533,0.059,3.474,0.0011,0.012,0.025,0.324,0.0005,5.36E-07,3.44E-08,,,4.75E-07,8.17E-09,1.89E-04,3.92E-06,3.28E-04,1.38E-06,,,1.30E-04,4.67E-07,2.25E-05,3.75E-07,,,,,2.15E-06,2.45E-08,1.44E-03,3.66E-06,4.73E-07,4.76E-09,,,,,3.27E-08,1.80E-09,3.63E-09,3.71E-10,,,,,,,4.87E-09,1.81E-10,1.92E-06,4.87E-09,,,2.41E-08,9.59E-10,,,,,,,,,,,1.35E-06,1.14E-08,3.04E-10,4.07E-11,,,,,1.17E-09,4.41E-11,9.19E-06,1.67E-06,3.16E-09,9.00E-10
MZT1-2D,7/11/18,7.08,343,-34,,3.619,0.065,3.554,0.0024,0.012,0.009,0.326,0.0005,5.34E-07,3.90E-08,,,5.87E-07,7.55E-09,1.83E-04,3.05E-06,3.12E-04,1.15E-06,,,1.30E-04,4.61E-07,2.28E-05,3.81E-07,,,8.77E-09,2.36E-10,2.18E-06,2.81E-08,1.37E-03,4.98E-06,4.75E-07,5.27E-09,,,,,2.98E-08,2.27E-09,3.31E-09,4.59E-10,5.21E-09,4.72E-10,,,,,4.79E-09,3.20E-10,1.83E-06,6.01E-09,,,2.32E-08,6.59E-10,,,,,,,,,,,1.29E-06,1.05E-08,2.99E-10,3.54E-11,,,,,1.11E-09,5.94E-11,9.37E-06,1.47E-06,3.43E-09,7.60E-10
MZT1-2D,7/20/18,7.41,358,24,0.288,3.701,0.05,3.651,,0.012,0.009,0.358,0.0005,5.59E-07,5.19E-08,,,4.52E-07,1.44E-08,1.79E-04,2.98E-06,3.33E-04,6.58E-07,,,1.34E-04,3.03E-07,2.34E-05,3.71E-07,,,,,2.16E-06,2.40E-08,1.47E-03,2.55E-06,5.39E-07,1.09E-08,,,,,3.33E-08,1.63E-09,3.28E-09,2.44E-10,,,,,,,4.77E-09,2.48E-10,1.96E-06,9.93E-09,,,2.48E-08,6.37E-10,,,,,,,,,,,1.38E-06,1.28E-08,3.54E-10,6.15E-11,,,,,1.12E-09,1.03E-10,1.07E-05,1.65E-06,3.76E-09,6.90E-10
MZT1-2D,7/24/18,7.29,,-25,0.41,3.637,0.049,3.588,,0.012,0.012,0.374,0.0005,5.76E-07,5.04E-08,,,2.68E-06,3.79E-08,2.09E-04,2.91E-06,3.14E-04,1.19E-06,1.39E-07,2.77E-08,1.30E-04,3.95E-07,2.65E-05,5.20E-07,2.04E-09,2.71E-10,1.15E-08,3.78E-10,2.17E-06,2.77E-08,1.40E-03,6.39E-06,6.36E-07,1.66E-08,,,,,3.90E-08,1.74E-09,3.80E-09,2.83E-10,1.21E-08,1.06E-09,2.54E-07,8.19E-09,,,6.68E-09,9.48E-11,1.89E-06,7.06E-09,,,2.43E-08,1.11E-09,,,,,,,,,,,1.33E-06,1.44E-08,3.02E-10,3.47E-11,,,3.28E-10,5.24E-11,1.16E-09,5.21E-11,1.22E-05,2.00E-06,4.44E-09,5.37E-10
MZT1-2D,8/11/18,7.18,347,18,0.239,3.415,0.077,3.338,0.0013,0.007,,0.382,0.0005,3.91E-07,4.60E-08,,,2.98E-07,2.18E-08,1.44E-04,2.91E-06,3.25E-04,5.63E-06,,,1.24E-04,3.73E-06,2.29E-05,1.63E-07,2.87E-09,2.23E-10,9.57E-09,9.78E-10,1.92E-06,9.99E-09,1.48E-03,1.55E-05,3.76E-07,4.90E-09,,,,,5.21E-08,3.16E-09,4.62E-09,4.57E-10,,,2.69E-07,8.65E-09,,,2.63E-09,3.73E-10,2.17E-06,1.05E-08,2.19E-09,3.98E-09,2.42E-08,1.14E-09,,,,,,,,,,,1.40E-06,1.11E-08,3.99E-10,5.98E-11,,,,,1.25E-09,5.86E-11,2.25E-05,2.13E-06,2.41E-09,8.11E-10
MZT1-2D,8/15/18,7.23,343,25,0.305,3.414,0.061,3.353,0.0011,0.01,0.001,0.375,0.0005,3.80E-07,5.58E-08,,,2.84E-07,1.14E-08,1.26E-04,2.74E-06,3.19E-04,7.29E-06,,,1.22E-04,3.36E-06,2.20E-05,2.55E-07,1.73E-09,2.12E-10,5.75E-09,3.82E-10,1.72E-06,1.06E-08,1.47E-03,9.71E-06,2.56E-07,1.92E-08,,,,,6.97E-08,3.01E-09,7.36E-09,2.45E-10,,,2.55E-07,9.73E-09,,,2.30E-09,2.18E-10,2.14E-06,3.46E-08,,,2.43E-08,2.03E-09,,,,,,,,,,,1.37E-06,1.27E-08,3.35E-10,7.67E-11,,,,,1.34E-09,5.63E-11,2.11E-05,1.72E-06,,
MZT1-2D,8/20/18,7.24,876,21,0.208,3.306,0.036,3.27,0.0012,0.012,0.001,0.392,0.0005,3.67E-07,5.46E-08,,,3.24E-07,2.30E-08,1.70E-04,3.58E-06,3.33E-04,5.52E-06,3.38E-07,7.00E-08,1.21E-04,2.23E-06,2.12E-05,3.16E-07,3.29E-09,9.86E-11,9.02E-09,5.04E-10,1.09E-07,1.81E-09,1.52E-03,9.85E-06,1.21E-07,5.09E-09,,,,,4.77E-08,6.21E-09,7.05E-09,4.83E-10,9.46E-09,1.21E-09,3.61E-07,9.92E-09,,,3.85E-09,2.39E-10,2.14E-06,1.67E-08,,,1.96E-08,1.81E-09,,,,,,,,,,,1.19E-06,9.89E-09,2.91E-10,6.74E-11,,,,,1.44E-09,7.24E-11,2.03E-05,1.86E-06,,
MZT1-2D,8/24/18,,,,,3.4,0.14,3.261,0.0016,0.013,,0.408,0.0005,3.61E-07,2.77E-08,,,2.61E-07,2.71E-08,1.12E-04,2.33E-06,3.36E-04,7.51E-06,,,1.23E-04,3.17E-06,2.13E-05,3.09E-07,,,,,1.57E-06,1.68E-08,1.52E-03,1.40E-05,1.60E-07,3.87E-09,,,,,3.48E-08,3.05E-09,2.26E-09,2.56E-10,1.59E-08,1.33E-09,2.62E-07,6.81E-09,,,2.34E-09,2.64E-10,2.25E-06,3.57E-08,,,2.20E-08,8.56E-10,,,,,,,,,,,1.37E-06,7.35E-09,3.46E-10,2.25E-11,4.14E-10,9.73E-11,,,1.40E-09,1.02E-10,2.17E-05,2.04E-06,,
MZT1-2D,8/29/18,7.2,,45,0.149,3.526,0.038,3.488,0.0011,0.013,,0.4,0.0005,3.50E-07,6.87E-08,,,2.74E-07,2.37E-08,1.09E-04,1.19E-06,3.42E-04,6.82E-06,,,1.26E-04,1.75E-06,2.11E-05,3.35E-07,,,1.67E-08,8.30E-10,1.57E-06,7.02E-09,1.55E-03,8.23E-06,3.29E-07,7.27E-09,,,,,5.38E-08,3.98E-09,1.92E-09,3.48E-10,,,,,,,2.19E-09,2.14E-10,2.32E-06,1.94E-08,,,2.25E-08,8.04E-10,,,,,,,,,,,1.40E-06,1.43E-08,3.73E-10,7.17E-11,,,,,1.47E-09,6.90E-11,2.07E-05,1.81E-06,,
MZT1-2D,9/8/18,7.4,,31,0.125,3.585,0.048,3.537,0.0011,0.012,,0.401,0.0005,3.55E-07,1.90E-08,,,3.46E-07,1.17E-08,1.19E-04,2.14E-06,3.39E-04,5.92E-06,,,1.28E-04,3.43E-06,2.13E-05,3.17E-07,,,,,1.52E-06,1.07E-08,1.56E-03,1.73E-05,3.35E-07,6.76E-09,,,,,1.73E-08,2.84E-09,1.32E-09,2.46E-10,,,2.59E-07,6.84E-09,,,2.38E-09,2.16E-10,2.32E-06,7.24E-09,,,2.24E-08,6.82E-10,,,,,,,,,,,1.41E-06,1.71E-08,3.93E-10,5.38E-11,,,,,1.35E-09,6.93E-11,2.10E-05,1.96E-06,,
MZT1-2D,9/14/18,7.45,,176,0.143,3.366,0.054,3.312,0.0032,0.011,0.004,0.393,0.0005,3.02E-07,5.92E-08,,,2.97E-07,1.63E-07,1.42E-04,1.42E-06,3.82E-04,6.76E-06,4.53E-07,1.13E-07,1.40E-04,2.06E-06,2.52E-05,3.93E-07,,,9.07E-09,2.36E-10,1.58E-06,1.62E-08,1.61E-03,1.89E-05,6.68E-07,5.22E-09,,,,,4.50E-08,1.58E-09,2.75E-09,9.29E-11,9.06E-09,7.19E-10,3.43E-07,7.25E-09,,,4.56E-09,1.62E-10,2.33E-06,1.58E-08,,,2.05E-08,8.12E-10,,,,,,,,,,,1.31E-06,1.29E-08,3.58E-10,5.43E-11,,,,,1.32E-09,1.16E-10,2.08E-05,2.87E-06,2.17E-09,9.01E-10
MZT1-2D,9/27/18,,,,0.133,3.283,0.027,3.256,0.0025,0.023,,0.421,0.0008,3.06E-07,7.25E-08,,,,,1.45E-04,4.46E-06,3.86E-04,1.22E-05,4.71E-07,5.08E-08,1.40E-04,4.68E-06,2.36E-05,3.39E-07,,,8.55E-09,1.20E-09,1.85E-06,1.05E-08,1.56E-03,1.45E-05,4.30E-07,7.13E-09,,,,,3.93E-08,2.49E-09,2.60E-09,3.21E-10,,,,,,,4.08E-09,2.55E-10,2.20E-06,1.16E-08,,,2.14E-08,1.13E-09,,,,,,,,,,,1.29E-06,8.90E-09,3.61E-10,4.91E-11,,,,,1.25E-09,6.63E-11,2.18E-05,3.18E-06,2.44E-09,9.59E-10
MZT1-2D,10/3/18,,,,0.109,3.181,0.031,3.149,0.0027,0.012,0.003,0.425,0.0005,3.40E-07,6.05E-08,,,,,1.45E-04,1.89E-06,3.86E-04,2.71E-06,1.59E-07,6.37E-08,1.40E-04,3.05E-06,2.34E-05,3.86E-07,,,,,2.07E-06,1.44E-08,1.57E-03,1.58E-05,4.18E-07,5.80E-09,,,,,3.76E-08,2.95E-09,2.67E-09,9.23E-11,,,,,,,3.96E-09,1.82E-10,2.17E-06,1.57E-08,,,2.10E-08,8.57E-10,,,,,,,,,,,1.26E-06,7.22E-09,3.48E-10,6.97E-11,,,,,1.15E-09,6.11E-11,2.24E-05,3.14E-06,2.59E-09,9.55E-10
MZT1-2D,11/6/18,,,,,3.786,0.047,3.739,0.0024,0.012,,0.426,0.0005,,,,,,,,,,,,,,,,,,,,,,,,,,,,,,,,,,,,,,,,,,,,,,,,,,,,,,,,,,,,,,,,,,,,,,,,
MZT1-2S,6/1/18,,,,,,,,,,,,,,,,,,,,,,,,,,,,,,,,,,,,,,,,,,,,,,,,,,,,,,,,,,,,,,,,,,,,,,,,,,,,,,,,,,,,
MZT1-2S,6/6/18,,,,,,,,,,,,,,,,,,,,,,,,,,,,,,,,,,,,,,,,,,,,,,,,,,,,,,,,,,,,,,,,,,,,,,,,,,,,,,,,,,,,
MZT1-2S,6/8/18,,,,,,,,,,,,,,,,,,,,,,,,,,,,,,,,,,,,,,,,,,,,,,,,,,,,,,,,,,,,,,,,,,,,,,,,,,,,,,,,,,,,
MZT1-2S,6/11/18,,,,,,,,,,,,,,,,,,,,,,,,,,,,,,,,,,,,,,,,,,,,,,,,,,,,,,,,,,,,,,,,,,,,,,,,,,,,,,,,,,,,
MZT1-2S,6/13/18,,,,,,,,,,,,,,,,,,,,,,,,,,,,,,,,,,,,,,,,,,,,,,,,,,,,,,,,,,,,,,,,,,,,,,,,,,,,,,,,,,,,
MZT1-2S,10/3/18,,,,0.484,4.141,0.04,4.1,0.0025,0.011,,0.396,0.0005,2.39E-07,6.04E-08,,,,,1.31E-04,2.12E-06,3.47E-04,1.17E-05,3.16E-07,6.96E-08,1.29E-04,3.66E-06,1.63E-05,1.56E-07,,,2.46E-08,1.66E-10,1.26E-07,7.19E-10,1.94E-03,1.47E-05,1.80E-07,3.90E-09,,,,,4.69E-08,3.02E-09,1.84E-09,2.88E-10,9.75E-09,3.96E-10,3.37E-07,7.38E-09,,,5.24E-09,1.19E-10,3.67E-06,2.31E-08,,,1.16E-08,7.93E-10,,,,,,,,,,,1.18E-06,1.07E-08,3.12E-10,3.01E-11,,,,,1.99E-09,6.53E-11,1.99E-05,2.55E-06,,
MZT1-2XD,11/6/18,,,,,3.448,0.07,3.378,0.0033,0.009,0.004,0.405,0.0005,,,,,,,,,,,,,,,,,,,,,,,,,,,,,,,,,,,,,,,,,,,,,,,,,,,,,,,,,,,,,,,,,,,,,,,,
MZT1-3D,6/1/18,7.38,458,108,,4.733,0.109,4.624,0.0011,0.023,0.012,0.639,0.0005,4.76E-07,3.47E-08,,,1.64E-07,1.25E-08,2.30E-04,2.95E-06,4.30E-04,6.73E-06,2.59E-07,4.86E-08,1.28E-04,1.44E-06,2.18E-05,2.74E-07,,,,,5.81E-07,7.08E-09,1.97E-03,9.57E-06,,,,,,,2.96E-08,1.55E-09,1.93E-09,3.56E-10,1.14E-08,1.03E-09,,,,,4.19E-09,3.03E-10,2.29E-06,1.85E-08,,,1.61E-08,9.67E-10,,,,,,,,,,,1.14E-06,1.28E-08,2.49E-10,1.89E-11,,,,,1.99E-09,7.06E-11,7.14E-06,2.05E-06,,
MZT1-3D,6/6/18,7.17,433,82,,4.515,0.083,4.432,0.0014,0.021,0.022,0.532,0.0005,4.59E-07,2.10E-08,,,1.62E-07,2.06E-08,2.41E-04,3.86E-06,4.43E-04,2.37E-06,3.93E-07,3.70E-08,1.32E-04,1.29E-06,2.15E-05,2.51E-07,,,,,6.55E-07,8.97E-09,2.01E-03,7.81E-06,5.47E-08,7.25E-09,,,,,2.86E-08,8.87E-10,1.95E-09,3.49E-10,3.56E-09,1.06E-09,,,,,4.18E-09,2.36E-10,2.33E-06,1.27E-08,,,1.64E-08,5.52E-10,,,,,,,,,,,1.15E-06,7.55E-09,2.35E-10,5.02E-11,,,,,1.93E-09,1.01E-10,7.12E-06,2.05E-06,,
MZT1-3D,6/8/18,7.32,423,86,,4.425,0.109,4.316,0.0017,0.021,0.011,0.495,0.0005,4.52E-07,2.27E-08,,,2.05E-07,2.02E-08,2.29E-04,3.84E-06,3.93E-04,4.03E-06,5.13E-07,8.31E-08,1.25E-04,9.79E-07,2.13E-05,2.14E-07,,,2.15E-09,4.65E-10,5.88E-07,6.00E-09,1.78E-03,9.79E-06,,,,,,,2.82E-08,1.45E-09,1.75E-09,2.49E-10,8.49E-09,1.05E-09,,,,,4.23E-09,2.25E-10,2.08E-06,1.60E-08,,,1.55E-08,1.12E-09,,,,,,,,,,,1.03E-06,1.40E-08,2.07E-10,5.60E-11,,,,,1.67E-09,9.37E-11,6.54E-06,1.98E-06,,
MZT1-3D,6/11/18,,,,,4.366,0.103,4.263,0.0014,0.019,0.016,0.458,0.0005,4.56E-07,2.65E-08,,,2.03E-07,1.31E-08,2.34E-04,2.84E-06,4.07E-04,2.25E-06,3.38E-07,6.79E-08,1.25E-04,1.13E-06,2.18E-05,2.58E-07,,,3.33E-09,5.99E-10,6.06E-07,6.22E-09,1.84E-03,1.43E-05,,,,,,,3.00E-08,1.26E-09,1.68E-09,1.18E-10,7.99E-09,1.38E-09,2.53E-07,5.21E-09,,,4.37E-09,3.29E-10,2.14E-06,1.62E-08,,,1.60E-08,6.90E-10,,,,,,,,,,,1.07E-06,8.44E-09,2.20E-10,4.77E-11,,,,,1.74E-09,4.79E-11,6.28E-06,1.94E-06,,
MZT1-3D,6/13/18,7.74,323,54,,4.163,0.072,4.091,,0.017,0.006,0.43,0.0005,,,,,1.81E-07,2.02E-08,1.90E-04,2.32E-06,3.38E-04,7.51E-06,,,1.24E-04,2.05E-06,1.69E-05,4.40E-07,,,,,5.26E-07,4.13E-09,1.42E-03,3.14E-06,,,,,,,2.92E-08,2.03E-09,1.81E-09,2.95E-10,1.25E-08,8.99E-10,,,,,4.48E-09,3.46E-10,1.99E-06,1.25E-08,,,1.65E-08,1.42E-09,,,,,,,,,,,1.08E-06,1.65E-08,1.97E-10,4.48E-11,,,,,1.61E-09,9.62E-11,2.29E-05,2.45E-06,,
MZT1-3D,6/15/18,,,,,4.117,0.077,4.04,,0.019,0.017,0.407,0.0005,,,,,1.92E-07,1.47E-08,1.82E-04,2.56E-06,3.10E-04,5.50E-06,,,1.25E-04,1.71E-06,1.59E-05,3.25E-07,,,9.06E-09,5.14E-10,4.89E-07,5.89E-09,1.29E-03,1.03E-05,,,,,,,2.56E-08,1.94E-09,1.57E-09,3.28E-10,3.40E-09,3.21E-10,,,,,4.51E-09,2.69E-10,1.83E-06,2.38E-08,,,1.65E-08,2.25E-10,,,,,,,,,,,9.99E-07,5.46E-09,1.94E-10,5.94E-11,,,,,1.41E-09,8.36E-11,2.10E-05,2.73E-06,,
MZT1-3D,6/20/18,,441,80,,4.122,0.079,4.043,,0.016,0.013,0.409,0.0005,,,,,2.12E-07,1.39E-08,1.93E-04,3.52E-06,3.25E-04,5.72E-06,,,1.27E-04,1.67E-06,1.68E-05,3.84E-07,,,2.90E-09,2.54E-10,5.16E-07,5.29E-09,1.35E-03,2.23E-06,,,,,,,2.79E-08,1.31E-09,1.61E-09,7.77E-11,2.53E-06,1.73E-08,,,,,4.62E-09,1.53E-10,1.92E-06,1.48E-08,,,1.68E-08,1.18E-09,,,,,,,,,,,1.05E-06,1.56E-08,1.95E-10,4.37E-11,,,,,1.47E-09,4.92E-11,1.99E-05,2.45E-06,1.81E-09,4.75E-10
MZT1-3D,6/22/18,,404,72,,4.091,0.06,4.031,,0.016,0.008,0.393,0.0005,,,,,2.43E-07,1.22E-08,2.01E-04,2.25E-06,3.30E-04,5.23E-06,,,1.28E-04,1.72E-06,1.70E-05,3.82E-07,,,4.99E-09,3.84E-10,5.16E-07,6.08E-09,1.37E-03,7.80E-06,,,,,,,3.03E-08,1.63E-09,1.79E-09,1.85E-10,8.19E-09,3.97E-10,,,,,4.82E-09,2.75E-10,1.93E-06,6.99E-09,,,1.71E-08,1.09E-09,,,,,,,,,,,1.06E-06,1.33E-08,2.42E-10,1.79E-11,,,,,1.47E-09,1.03E-10,1.97E-05,2.50E-06,,
MZT1-3D,6/26/18,,,,,4.052,0.053,3.999,,0.015,0.007,0.411,0.0005,,,,,2.11E-07,1.01E-08,2.42E-04,5.79E-06,4.38E-04,6.10E-06,,,1.26E-04,1.65E-06,2.04E-05,4.04E-07,,,4.14E-09,3.77E-10,7.22E-07,9.39E-09,1.85E-03,9.85E-06,,,,,,,3.83E-08,2.98E-09,2.36E-09,2.13E-10,4.76E-09,4.68E-10,,,,,5.52E-09,2.40E-10,2.63E-06,2.63E-08,,,1.88E-08,1.09E-09,,,,,,,,,,,1.41E-06,9.79E-09,2.96E-10,5.61E-11,,,,,1.83E-09,8.10E-11,1.68E-05,2.07E-06,,
MZT1-3D,6/28/18,7.21,407,215,,4.139,0.042,4.097,,0.012,0.009,0.413,0.0005,4.47E-07,3.50E-08,,,5.83E-07,2.49E-08,1.92E-04,3.27E-06,3.10E-04,2.63E-06,8.81E-07,2.78E-08,1.32E-04,7.40E-07,1.70E-05,2.62E-07,1.64E-09,2.18E-10,,,3.70E-07,5.71E-09,1.41E-03,1.87E-06,1.11E-07,8.04E-09,,,,,2.77E-08,2.79E-09,1.22E-09,3.52E-10,5.54E-09,9.37E-10,,,,,4.10E-09,2.23E-10,1.91E-06,1.68E-08,,,1.74E-08,3.08E-10,,,,,,,,,,,1.04E-06,1.10E-08,1.89E-10,6.07E-11,,,,,1.58E-09,6.76E-11,1.41E-05,1.92E-06,,
MZT1-3D,7/3/18,7.25,454,141,,4.061,0.07,3.991,,0.012,0.017,0.412,0.0005,4.22E-07,1.20E-08,,,5.76E-07,2.52E-08,1.99E-04,3.52E-06,3.03E-04,1.36E-06,2.01E-07,4.15E-08,1.32E-04,5.28E-07,1.68E-05,2.47E-07,,,,,1.81E-07,2.02E-09,1.39E-03,3.08E-06,8.98E-08,2.00E-09,,,,,2.75E-08,2.15E-09,1.46E-09,3.15E-10,4.04E-09,7.14E-10,4.86E-07,1.89E-08,,,4.34E-09,1.89E-10,1.87E-06,6.96E-09,,,1.70E-08,1.16E-09,,,,,,,,,,,1.04E-06,7.29E-09,2.08E-10,5.73E-11,,,,,1.52E-09,1.05E-10,1.37E-05,2.30E-06,,
MZT1-3D,7/5/18,7.46,397,197,,4.009,0.049,3.96,0.0013,0.012,0.018,0.405,0.0005,4.97E-07,2.12E-08,,,5.60E-07,2.33E-08,2.35E-04,4.44E-06,3.85E-04,2.33E-06,3.07E-07,3.10E-08,1.32E-04,6.34E-07,2.07E-05,3.49E-07,,,,,1.22E-07,2.28E-09,1.80E-03,5.14E-06,3.03E-07,3.47E-09,,,,,3.64E-08,3.12E-09,1.75E-09,4.45E-10,4.50E-09,3.45E-10,3.42E-07,1.65E-08,,,5.15E-09,9.96E-11,2.40E-06,9.46E-09,,,1.76E-08,7.51E-10,,,,,,,,,,,1.31E-06,8.98E-09,3.02E-10,4.36E-11,,,,,1.81E-09,9.56E-11,1.21E-05,1.80E-06,,
MZT1-3D,7/9/18,7.28,394,110,,3.94,0.05,3.89,,0.012,0.009,0.411,0.0005,5.29E-07,4.64E-08,,,4.36E-07,1.94E-08,2.24E-04,4.12E-06,3.32E-04,8.19E-07,,,1.29E-04,3.65E-07,1.98E-05,3.55E-07,1.81E-09,1.79E-10,1.77E-08,7.48E-10,7.89E-08,1.45E-09,1.55E-03,2.62E-06,3.41E-07,1.19E-08,,,,,3.19E-08,1.11E-09,2.16E-09,3.94E-10,4.92E-09,5.05E-10,,,,,4.83E-09,1.32E-10,2.06E-06,7.08E-09,,,1.84E-08,6.10E-10,,,,,,,,,,,1.16E-06,6.40E-09,2.76E-10,1.64E-11,,,1.32E-10,2.08E-11,1.53E-09,7.89E-11,1.25E-05,2.14E-06,,
MZT1-3D,7/11/18,6.99,389,79,,3.981,0.119,3.862,0.0035,0.012,0.014,0.402,0.0005,5.45E-07,4.61E-08,,,4.49E-07,1.44E-08,2.32E-04,3.69E-06,3.50E-04,7.63E-07,1.25E-07,2.62E-08,1.33E-04,2.54E-07,2.11E-05,3.42E-07,,,2.45E-08,5.17E-10,1.12E-07,1.78E-09,1.63E-03,4.44E-06,1.52E-07,2.58E-09,,,,,3.52E-08,2.09E-09,1.99E-09,1.33E-10,6.95E-09,4.16E-10,2.96E-07,8.73E-09,,,5.51E-09,2.93E-10,2.16E-06,1.19E-08,,,1.82E-08,9.12E-10,,,,,,,,,,,1.24E-06,8.47E-09,3.17E-10,7.53E-11,,,,,1.69E-09,7.20E-11,1.19E-05,2.28E-06,,
MZT1-3D,7/20/18,7.2,394,-18,1.5,4.132,0.04,4.091,,0.013,0.022,0.395,0.0005,5.62E-07,4.84E-08,,,4.41E-07,6.73E-09,2.35E-04,3.94E-06,3.34E-04,2.13E-06,1.68E-07,3.51E-08,1.35E-04,6.30E-07,2.05E-05,3.74E-07,1.66E-09,1.14E-10,2.38E-08,8.15E-10,8.31E-08,1.31E-09,1.55E-03,4.54E-06,2.26E-07,1.50E-09,,,,,7.20E-08,1.57E-09,1.81E-09,1.84E-10,8.25E-09,8.35E-10,2.79E-07,6.88E-09,,,5.29E-09,3.24E-10,2.05E-06,9.46E-09,,,1.78E-08,5.99E-10,,,,,,,,,,,1.18E-06,1.04E-08,2.62E-10,6.21E-11,,,,,1.51E-09,8.18E-11,1.24E-05,2.39E-06,,
MZT1-3D,7/24/18,7.15,,-17.1,0.519,4.056,0.041,4.015,,0.011,0.016,0.404,0.0005,5.71E-07,4.22E-08,,,4.71E-07,1.17E-08,2.38E-04,3.79E-06,3.62E-04,1.67E-06,,,1.34E-04,6.02E-07,2.11E-05,4.04E-07,1.77E-09,2.27E-10,,,9.20E-08,1.02E-09,1.68E-03,8.69E-06,9.99E-08,1.09E-09,,,,,3.40E-08,2.49E-09,1.67E-09,3.65E-10,,,,,,,5.62E-09,1.65E-10,2.25E-06,1.24E-08,,,1.80E-08,1.19E-09,,,,,,,,,,,1.27E-06,5.26E-09,3.05E-10,4.19E-11,,,,,1.61E-09,5.43E-11,1.21E-05,2.15E-06,,
MZT1-3D,8/11/18,7.21,378,51,0.221,,0.073,,0.0012,0.008,,0.415,0.0005,3.57E-07,3.37E-08,,,2.96E-07,2.16E-08,2.02E-04,4.32E-06,3.71E-04,4.92E-06,,,1.36E-04,3.81E-06,2.14E-05,2.51E-07,2.96E-09,1.62E-10,,,8.00E-08,9.84E-10,1.63E-03,2.44E-05,1.13E-07,6.64E-09,,,,,,,,,,,2.59E-07,5.37E-09,,,3.64E-09,3.32E-10,2.32E-06,1.82E-08,,,2.06E-08,7.23E-10,,,,,,,,,,,1.29E-06,1.80E-08,3.33E-10,4.53E-11,,,,,1.58E-09,4.75E-11,2.17E-05,1.81E-06,,
MZT1-3D,8/15/18,7.22,372,61,0.195,3.812,0.12,3.692,0.0011,0.007,0.001,0.393,0.0005,3.83E-07,3.49E-08,,,2.93E-07,6.76E-09,1.91E-04,4.73E-06,3.56E-04,5.27E-06,,,1.32E-04,3.51E-06,2.08E-05,2.56E-07,3.03E-09,1.90E-10,,,1.04E-07,5.20E-10,1.58E-03,2.18E-05,2.38E-07,1.80E-07,,,,,2.97E-08,3.37E-09,,,,,2.75E-07,5.40E-09,,,3.68E-09,2.71E-10,2.24E-06,1.04E-08,,,2.06E-08,1.06E-09,,,,,,,,,,,1.24E-06,1.21E-08,3.24E-10,5.31E-11,,,,,1.50E-09,1.95E-10,2.04E-05,2.03E-06,,
MZT1-3D,8/20/18,7.07,,86,0.275,3.743,0.046,3.697,0.001,0.009,0.001,0.384,0.0005,4.13E-07,3.83E-08,,,2.80E-07,3.09E-08,1.87E-04,1.57E-06,3.39E-04,4.95E-06,,,1.31E-04,3.75E-06,2.06E-05,2.07E-07,2.46E-09,1.97E-10,,,9.85E-08,1.15E-09,1.52E-03,2.37E-05,5.55E-08,5.80E-09,,,,,9.94E-09,3.54E-09,,,,,2.58E-07,5.49E-09,,,3.71E-09,2.51E-10,2.14E-06,1.17E-08,,,2.05E-08,4.32E-10,,,,,,,,,,,1.19E-06,1.31E-08,3.03E-10,3.74E-11,,,,,1.43E-09,9.95E-11,2.06E-05,1.78E-06,,
MZT1-3D,8/24/18,,,,,3.735,0.086,3.649,0.0015,0.008,,0.393,0.001,3.73E-07,3.63E-08,,,1.86E-07,1.30E-08,1.69E-04,2.28E-06,3.46E-04,5.39E-06,,,1.26E-04,2.84E-06,1.95E-05,1.94E-07,2.75E-09,1.17E-10,,,5.07E-08,8.65E-10,1.57E-03,2.62E-05,,,,,,,8.08E-09,3.25E-09,,,,,2.69E-07,6.20E-09,,,3.04E-09,3.28E-10,2.21E-06,1.30E-08,,,2.03E-08,1.13E-09,,,,,,,,,,,1.19E-06,1.05E-08,3.33E-10,2.18E-11,,,,,1.41E-09,6.46E-11,1.99E-05,1.70E-06,,
MZT1-3D,8/29/18,7.08,,40,0.267,3.82,0.066,3.754,0.0017,0.009,,0.388,0.0005,4.16E-07,3.78E-08,,,5.20E-07,3.05E-08,1.57E-04,2.98E-06,3.55E-04,5.86E-06,,,1.24E-04,3.58E-06,2.02E-05,2.16E-07,,,,,5.87E-08,1.10E-09,1.58E-03,1.84E-05,,,,,,,,,1.62E-09,3.36E-10,,,2.54E-07,4.28E-09,,,5.00E-09,2.14E-10,2.28E-06,1.71E-08,,,2.21E-08,1.04E-09,,,,,,,,,,,1.22E-06,1.78E-08,3.34E-10,2.45E-11,,,1.38E-10,3.76E-11,1.79E-09,1.43E-11,2.22E-05,2.34E-06,4.79E-09,4.94E-10
MZT1-3D,9/6/18,7.37,,24,0.424,4.016,0.046,3.969,0.0015,0.015,0.001,0.384,0.0005,3.96E-07,4.20E-08,,,4.82E-07,1.62E-08,1.35E-04,2.23E-06,3.67E-04,5.81E-06,,,1.26E-04,3.09E-06,1.92E-05,3.01E-07,,,,,3.60E-08,7.79E-10,1.63E-03,2.52E-05,,,,,,,,,2.23E-09,2.39E-10,,,,,,,4.65E-09,2.00E-10,2.36E-06,3.36E-08,,,2.04E-08,1.71E-09,,,,,,,,,,,1.24E-06,1.35E-08,3.61E-10,2.57E-11,,,,,1.82E-09,8.31E-11,2.19E-05,2.06E-06,2.18E-09,5.31E-10
MZT1-3D,9/14/18,7.31,,202,0.371,3.843,0.08,3.763,,0.012,0.001,0.388,0.0005,3.25E-07,3.40E-08,,,,,1.42E-04,1.12E-06,4.29E-04,6.22E-06,1.48E-07,9.11E-08,1.38E-04,2.57E-06,2.42E-05,4.06E-07,,,,,5.03E-08,6.05E-10,1.86E-03,2.25E-05,6.93E-08,3.19E-09,,,,,3.96E-08,1.58E-09,1.23E-09,1.49E-10,,,,,,,4.72E-09,1.75E-10,2.50E-06,1.00E-08,,,1.76E-08,6.64E-10,,,,,,,,,,,1.18E-06,6.22E-09,3.25E-10,3.30E-11,,,,,1.87E-09,1.44E-10,2.06E-05,3.03E-06,,
MZT1-3D,9/27/18,,,,0.098,3.916,0.033,3.883,0.0023,0.011,,0.403,0.0005,2.28E-07,5.49E-08,,,,,1.39E-04,2.55E-06,4.30E-04,1.12E-05,4.63E-07,4.98E-08,1.32E-04,3.92E-06,2.18E-05,4.49E-07,,,1.64E-08,1.27E-09,1.40E-07,1.71E-09,1.89E-03,1.62E-05,3.20E-07,2.30E-08,,,,,6.09E-08,1.18E-09,2.20E-09,2.11E-10,8.88E-09,6.22E-10,,,,,4.68E-09,1.50E-10,2.51E-06,2.01E-08,,,1.70E-08,1.15E-09,,,,,,,,,,,1.15E-06,1.34E-08,3.37E-10,9.42E-11,,,,,2.10E-09,5.86E-11,2.17E-05,3.17E-06,,
MZT1-3D,10/3/18,,,,0.121,4.236,0.053,4.184,0.0028,0.013,,0.416,0.0005,2.64E-07,6.53E-08,,,,,1.38E-04,2.32E-06,4.43E-04,6.85E-06,1.18E-07,6.23E-08,1.32E-04,4.34E-06,2.19E-05,4.02E-07,,,3.98E-09,5.11E-10,2.34E-07,2.43E-09,1.99E-03,1.82E-05,3.20E-07,4.84E-09,,,,,4.45E-08,2.82E-09,1.48E-09,1.27E-10,6.52E-09,7.27E-10,,,,,4.71E-09,1.57E-10,2.67E-06,2.66E-08,,,1.71E-08,6.91E-10,,,,,,,,,,,1.18E-06,1.08E-08,2.99E-10,5.75E-11,,,,,2.45E-09,9.81E-11,2.27E-05,3.21E-06,,
MZT1-3D,11/5/18,,,,,3.813,0.223,3.591,0.0057,0.01,,0.431,0.0005,,,,,,,,,,,,,,,,,,,,,,,,,,,,,,,,,,,,,,,,,,,,,,,,,,,,,,,,,,,,,,,,,,,,,,,,
MZT1-3M,6/1/18,7.15,494,114,,5.242,0.168,5.074,0.0013,0.025,0.017,0.728,0.0005,4.88E-07,3.44E-08,,,2.85E-07,1.79E-08,3.71E-04,6.64E-06,4.42E-04,4.75E-06,,,1.24E-04,1.28E-06,2.14E-05,3.36E-07,5.30E-09,3.48E-10,2.87E-09,2.36E-09,6.24E-07,6.03E-09,2.15E-03,1.27E-05,8.72E-08,6.84E-09,,,,,3.48E-08,2.03E-09,2.24E-09,2.06E-10,1.77E-08,9.55E-10,3.16E-07,8.73E-09,,,2.88E-09,1.76E-10,2.98E-06,3.01E-08,,,1.70E-08,8.98E-10,,,,,,,,,,,1.11E-06,8.16E-09,2.04E-10,4.80E-11,,,,,5.55E-09,1.01E-10,1.16E-05,2.85E-06,,
MZT1-3M,6/6/18,6.99,769,87,,4.943,0.136,4.807,0.0013,0.022,0.014,0.582,0.0005,4.71E-07,3.64E-08,,,1.83E-07,2.77E-08,2.63E-04,4.78E-06,4.45E-04,7.38E-06,1.27E-07,4.88E-08,1.23E-04,3.38E-06,2.14E-05,2.48E-07,5.63E-09,2.42E-10,,,5.84E-07,5.26E-09,2.13E-03,1.35E-05,1.38E-07,7.85E-09,,,,,3.46E-08,1.61E-09,2.45E-09,2.70E-10,5.81E-09,1.09E-09,,,,,2.85E-09,2.26E-10,2.81E-06,2.02E-08,,,1.63E-08,2.74E-10,,,,,,,,,,,1.08E-06,1.08E-08,2.12E-10,2.67E-11,,,,,4.14E-09,1.68E-10,9.14E-06,2.45E-06,,
MZT1-3M,6/8/18,7.22,448,96,,4.841,0.136,4.705,0.0015,0.021,0.011,0.537,0.0005,4.56E-07,5.28E-08,,,1.59E-07,2.20E-08,2.46E-04,2.44E-06,4.33E-04,3.11E-06,2.47E-07,4.68E-08,1.22E-04,6.03E-07,2.14E-05,2.54E-07,5.30E-09,2.63E-10,3.24E-09,5.03E-10,5.52E-07,8.16E-09,2.11E-03,6.79E-06,1.45E-07,3.84E-09,,,,,3.15E-08,1.64E-09,2.03E-09,2.09E-10,3.85E-09,1.20E-09,,,,,3.10E-09,1.89E-10,2.71E-06,1.46E-08,,,1.67E-08,6.68E-10,,,,,,,,,,,1.05E-06,1.73E-08,2.14E-10,5.02E-11,,,,,3.63E-09,9.18E-11,8.47E-06,2.22E-06,,
MZT1-3M,6/11/18,,,,,,,,,,,,,,,,,,,,,,,,,,,,,,,,,,,,,,,,,,,,,,,,,,,,,,,,,,,,,,,,,,,,,,,,,,,,,,,,,,,,
MZT1-3M,6/13/18,,,,,,,,,,,,,,,,,,,,,,,,,,,,,,,,,,,,,,,,,,,,,,,,,,,,,,,,,,,,,,,,,,,,,,,,,,,,,,,,,,,,
MZT1-3M,8/24/18,,,,,3.894,0.05,3.844,0.0011,0.011,0.001,0.39,0.0005,3.46E-07,2.68E-08,,,2.95E-07,1.99E-08,1.98E-04,2.80E-06,3.29E-04,4.55E-06,,,1.25E-04,2.34E-06,1.98E-05,2.37E-07,7.03E-09,2.99E-10,1.73E-09,7.20E-10,4.58E-07,3.58E-09,1.61E-03,1.57E-05,2.25E-07,4.12E-09,,,,,1.39E-08,2.89E-09,1.13E-09,2.75E-10,,,2.86E-07,5.11E-09,,,2.74E-09,4.34E-10,2.76E-06,1.48E-08,,,1.87E-08,5.65E-10,,,,,,,,,,,1.06E-06,9.66E-09,2.54E-10,4.10E-11,,,,,2.40E-09,9.33E-11,2.04E-05,1.72E-06,,
MZT1-3M,9/6/18,7.19,,32,0.165,4.152,0.055,4.096,0.0011,0.012,0.001,0.373,0.0005,3.36E-07,3.77E-08,,,1.88E-07,1.78E-08,1.55E-04,4.58E-06,3.56E-04,9.61E-06,,,1.22E-04,4.34E-06,1.88E-05,2.42E-07,4.88E-09,1.61E-10,,,3.90E-07,4.35E-09,1.73E-03,2.23E-05,6.14E-07,1.99E-07,,,,,5.54E-09,3.04E-09,,,,,2.83E-07,6.09E-09,,,2.68E-09,1.18E-10,2.89E-06,8.69E-09,,,1.93E-08,1.44E-09,,,,,,,,,,,1.14E-06,1.06E-08,2.62E-10,2.79E-11,,,,,2.49E-09,1.32E-10,1.99E-05,1.72E-06,,
MZT1-3M,9/27/18,,,,0.229,4.381,0.072,4.31,0.0032,0.01,0.003,0.369,0.0005,2.91E-07,3.12E-08,,,,,1.46E-04,3.30E-06,4.22E-04,1.20E-05,4.00E-07,6.25E-08,1.32E-04,3.49E-06,2.02E-05,2.97E-07,2.02E-09,7.56E-11,,,4.73E-07,3.75E-09,1.93E-03,9.62E-06,8.61E-07,8.83E-09,,,,,4.46E-08,2.93E-09,2.51E-09,1.82E-10,,,,,,,4.72E-09,2.78E-10,3.17E-06,2.49E-08,,,1.70E-08,1.25E-09,,,,,,,,,,,1.06E-06,9.34E-09,2.95E-10,4.88E-11,,,,,2.68E-09,7.16E-11,1.89E-05,2.90E-06,,
MZT1-3M,10/3/18,,,,0.227,4.96,0.089,4.871,0.0026,0.025,,0.455,0.0005,2.89E-07,4.22E-08,,,,,1.86E-04,4.69E-06,4.72E-04,1.12E-05,2.99E-07,4.54E-08,1.34E-04,3.80E-06,2.15E-05,2.67E-07,7.60E-09,3.64E-10,,,4.82E-07,5.11E-09,2.22E-03,1.48E-05,3.72E-07,4.73E-09,,,,,5.64E-08,4.54E-09,2.25E-09,2.43E-10,,,,,,,5.29E-09,2.53E-10,5.32E-06,2.64E-08,,,1.84E-08,8.94E-10,,,,,,,,,,,1.18E-06,1.27E-08,3.10E-10,5.01E-11,,,,,4.64E-09,1.41E-10,2.31E-05,3.30E-06,,
MZT1-3S,6/1/18,,,,,,,,,,,,,,,,,,,,,,,,,,,,,,,,,,,,,,,,,,,,,,,,,,,,,,,,,,,,,,,,,,,,,,,,,,,,,,,,,,,,
MZT1-3S,6/6/18,,,,,,,,,,,,,,,,,,,,,,,,,,,,,,,,,,,,,,,,,,,,,,,,,,,,,,,,,,,,,,,,,,,,,,,,,,,,,,,,,,,,
MZT1-3S,6/8/18,,,,,,,,,,,,,,,,,,,,,,,,,,,,,,,,,,,,,,,,,,,,,,,,,,,,,,,,,,,,,,,,,,,,,,,,,,,,,,,,,,,,
MZT1-3S,6/11/18,,,,,,,,,,,,,,,,,,,,,,,,,,,,,,,,,,,,,,,,,,,,,,,,,,,,,,,,,,,,,,,,,,,,,,,,,,,,,,,,,,,,
MZT1-3S,6/13/18,,,,,,,,,,,,,,,,,,,,,,,,,,,,,,,,,,,,,,,,,,,,,,,,,,,,,,,,,,,,,,,,,,,,,,,,,,,,,,,,,,,,
MZT1-3XD,9/14/18,7.69,,193,0.247,3.092,0.048,3.045,0.0037,0.008,,0.406,0.0005,2.28E-07,2.71E-08,,,,,9.91E-05,1.94E-06,4.95E-04,6.08E-06,3.38E-07,5.26E-08,1.63E-04,3.48E-06,3.09E-05,5.02E-07,,,,,1.23E-06,7.03E-09,1.52E-03,2.04E-05,1.39E-05,5.71E-08,,,,,3.76E-08,2.01E-09,4.04E-09,2.28E-10,,,1.23E-06,1.36E-08,,,1.87E-09,2.10E-10,1.97E-06,4.42E-09,,,1.52E-08,5.45E-10,,,,,,,,,,,1.37E-06,1.61E-08,3.67E-10,5.07E-11,,,,,3.38E-10,3.85E-11,2.37E-05,3.15E-06,5.17E-08,1.77E-09
MZT1-3XD,9/27/18,,,,0.544,3.043,0.029,3.015,0.0034,0.009,0.005,0.417,0.0005,2.31E-07,3.69E-08,,,,,1.11E-04,1.97E-06,4.77E-04,1.22E-05,6.99E-07,5.76E-08,1.58E-04,5.31E-06,3.91E-05,7.39E-07,,,,,1.30E-06,1.47E-08,1.42E-03,1.69E-05,1.29E-05,8.60E-08,,,,,3.77E-08,2.52E-09,3.58E-09,2.62E-10,9.76E-09,1.26E-09,5.81E-07,8.37E-09,,,2.38E-09,9.83E-11,1.90E-06,2.06E-08,,,1.45E-08,9.22E-10,,,,,,,,,,,1.33E-06,7.36E-09,3.62E-10,5.98E-11,,,,,2.40E-10,2.71E-11,2.24E-05,3.19E-06,5.11E-08,1.21E-09
MZT1-3XD,10/3/18,,,,0.292,3.147,0.013,3.135,0.0032,0.009,,0.431,0.0005,2.69E-07,6.03E-08,,,,,1.09E-04,1.74E-06,4.85E-04,1.18E-05,2.69E-07,4.72E-08,1.63E-04,4.38E-06,2.95E-05,5.37E-07,,,,,1.05E-06,1.52E-08,1.50E-03,7.17E-06,1.80E-05,4.37E-07,,,,,6.92E-08,2.06E-09,3.32E-09,3.23E-10,5.87E-09,4.85E-10,5.35E-07,1.40E-08,,,1.39E-09,1.49E-10,1.94E-06,2.28E-08,,,1.43E-08,1.10E-09,,,,,,,,,,,1.36E-06,1.23E-08,3.49E-10,4.09E-11,,,,,2.55E-10,2.93E-11,2.36E-05,3.18E-06,5.37E-08,2.96E-09
MZT1-3XD,11/5/18,,,,,1.384,0.251,1.133,0.0024,0.012,,0.291,0.0005,,,,,,,,,,,,,,,,,,,,,,,,,,,,,,,,,,,,,,,,,,,,,,,,,,,,,,,,,,,,,,,,,,,,,,,,
MZT1-3XXD,11/6/18,,,,,,0.044,,0.003,,,,,,,,,,,,,,,,,,,,,,,,,,,,,,,,,,,,,,,,,,,,,,,,,,,,,,,,,,,,,,,,,,,,,,,,,,,,
MZT1-4D,6/1/18,7.14,543,107,,5.576,0.086,5.49,0.0013,0.018,0.009,1.09,0.0005,5.43E-07,2.97E-08,,,1.73E-07,1.41E-08,1.92E-04,4.29E-06,6.29E-04,7.34E-06,5.34E-07,4.45E-08,1.49E-04,1.33E-06,2.57E-05,3.57E-07,,,,,7.68E-07,9.36E-09,2.77E-03,1.38E-05,4.60E-07,5.25E-09,,,,,4.91E-08,1.98E-09,5.66E-09,2.84E-10,5.85E-09,1.22E-09,2.71E-07,1.05E-08,,,5.81E-09,1.77E-10,3.04E-06,1.28E-08,,,1.03E-08,5.29E-10,,,,,,,,,,,1.51E-06,1.50E-08,3.18E-10,2.23E-11,,,,,2.37E-09,8.69E-11,1.51E-05,5.20E-06,,
MZT1-4D,6/6/18,6.97,562,95,,5.315,0.116,5.199,0.002,0.021,0.011,0.858,0.0005,5.40E-07,3.56E-08,,,1.71E-07,1.36E-08,1.98E-04,4.70E-06,6.07E-04,1.87E-06,2.38E-07,4.13E-08,1.49E-04,7.25E-07,2.55E-05,2.23E-07,,,,,7.30E-07,7.97E-09,2.65E-03,1.41E-05,6.61E-07,8.97E-09,,,,,4.35E-08,1.52E-09,5.12E-09,2.06E-10,,,,,,,5.69E-09,2.91E-10,2.94E-06,2.35E-08,,,1.19E-08,2.94E-10,,,,,,,,,,,1.43E-06,1.04E-08,2.63E-10,2.21E-11,,,,,2.22E-09,7.46E-11,1.22E-05,3.86E-06,,
MZT1-4D,6/8/18,7.23,495,92,,5.311,0.077,5.234,0.0017,0.022,0.015,0.774,0.0005,4.88E-07,3.84E-08,,,1.91E-07,4.60E-09,1.97E-04,3.68E-06,5.30E-04,6.56E-06,3.61E-07,6.41E-08,1.45E-04,1.35E-06,2.45E-05,3.94E-07,,,,,6.49E-07,8.90E-09,2.31E-03,1.17E-05,5.52E-07,6.10E-09,,,,,3.91E-08,1.73E-09,4.36E-09,3.01E-10,4.26E-09,1.16E-09,2.58E-07,6.59E-09,,,5.47E-09,2.00E-10,2.58E-06,1.36E-08,,,1.11E-08,3.62E-10,,,,,,,,,,,1.26E-06,1.51E-08,2.57E-10,2.94E-11,,,,,1.89E-09,9.30E-11,1.04E-05,3.20E-06,,
MZT1-4D,6/11/18,,,,,5.168,0.09,5.078,0.0019,0.021,0.013,0.661,0.0005,5.08E-07,5.25E-08,,,1.58E-07,2.53E-08,1.92E-04,4.46E-06,5.09E-04,4.36E-06,3.66E-07,4.92E-08,1.44E-04,1.45E-06,2.41E-05,3.60E-07,,,,,6.44E-07,6.76E-09,2.24E-03,1.20E-05,6.53E-07,1.16E-08,,,,,3.59E-08,1.38E-09,4.22E-09,2.39E-10,,,,,,,5.55E-09,3.50E-10,2.49E-06,1.23E-08,,,1.19E-08,9.23E-10,,,,,,,,,,,1.22E-06,3.24E-09,2.60E-10,3.22E-11,,,,,1.90E-09,4.75E-11,9.18E-06,2.82E-06,,
MZT1-4D,6/13/18,7.2,368,65,,4.951,0.061,4.89,,0.02,0.012,0.587,0.0005,,,,,2.22E-07,1.34E-08,1.74E-04,2.17E-06,4.86E-04,8.07E-06,,,1.28E-04,9.39E-07,2.47E-05,5.90E-07,,,1.05E-08,4.82E-10,6.77E-07,8.66E-09,2.01E-03,6.42E-06,,,,,,,5.03E-08,1.96E-09,4.80E-09,2.96E-10,2.80E-08,9.93E-10,,,,,7.53E-09,2.09E-10,2.69E-06,2.69E-08,,,1.25E-08,5.71E-10,,,,,,,,,,,1.44E-06,5.98E-09,2.39E-10,3.75E-11,,,,,1.80E-09,4.20E-11,2.42E-05,3.49E-06,2.85E-09,2.60E-10
MZT1-4D,6/15/18,,,,,4.865,0.069,4.796,,0.02,0.004,0.552,0.0005,,,,,1.70E-07,1.13E-08,1.60E-04,2.83E-06,4.00E-04,7.01E-06,,,1.33E-04,5.36E-07,1.91E-05,5.00E-07,,,,,4.92E-07,5.16E-09,1.63E-03,1.05E-05,,,,,,,3.77E-08,2.50E-09,3.60E-09,1.99E-10,4.66E-09,6.32E-10,,,,,6.01E-09,3.53E-10,2.18E-06,9.30E-09,,,1.22E-08,6.03E-10,,,,,,,,,,,1.19E-06,6.21E-09,2.33E-10,2.34E-11,,,,,1.59E-09,6.28E-11,2.62E-05,3.53E-06,2.69E-09,1.11E-10
MZT1-4D,6/20/18,,562,28,,4.674,0.06,4.614,,0.02,0.011,0.508,0.0005,,,,,1.78E-07,1.33E-08,1.88E-04,3.25E-06,4.90E-04,5.34E-06,,,1.34E-04,1.20E-06,2.18E-05,5.36E-07,,,2.10E-09,2.33E-10,5.71E-07,5.06E-09,2.02E-03,7.78E-06,7.29E-08,3.37E-09,,,,,4.65E-08,2.65E-09,4.05E-09,8.45E-11,4.87E-09,1.71E-10,,,,,6.88E-09,4.26E-10,2.72E-06,9.03E-09,,,1.40E-08,8.84E-10,,,,,,,,,,,1.47E-06,1.13E-08,2.98E-10,4.21E-11,,,,,1.82E-09,1.46E-10,2.19E-05,2.40E-06,2.69E-09,2.36E-10
MZT1-4D,6/22/18,,462,26,,4.771,0.074,4.697,,0.018,0.01,0.494,0.0005,,,,,1.85E-07,2.05E-08,1.65E-04,3.97E-06,3.73E-04,4.89E-06,,,1.34E-04,5.22E-07,1.83E-05,4.00E-07,,,9.81E-09,6.55E-10,4.36E-07,3.26E-09,1.52E-03,7.62E-06,,,,,,,3.15E-08,2.63E-09,3.04E-09,3.88E-10,4.29E-09,6.50E-10,,,,,5.95E-09,2.33E-10,2.06E-06,1.06E-08,,,1.33E-08,1.01E-09,,,,,,,,,,,1.12E-06,1.29E-08,2.09E-10,6.46E-11,,,,,1.47E-09,8.29E-11,2.40E-05,2.99E-06,3.22E-09,6.00E-10
MZT1-4D,6/26/18,,,,,4.657,0.065,4.592,0.0022,0.017,0.011,0.45,0.0005,,,,,2.02E-07,9.34E-09,1.67E-04,1.47E-06,3.59E-04,4.53E-06,,,1.30E-04,1.25E-06,1.94E-05,3.64E-07,,,,,5.58E-07,5.37E-09,1.48E-03,5.82E-06,1.67E-07,4.48E-09,,,,,3.67E-08,1.81E-09,3.54E-09,2.26E-10,4.13E-09,3.08E-10,,,,,6.24E-09,1.50E-10,2.02E-06,1.91E-08,,,1.31E-08,8.82E-10,,,,,,,,,,,1.11E-06,1.48E-08,2.01E-10,2.71E-11,,,3.97E-10,5.65E-11,1.40E-09,3.63E-11,2.01E-05,2.75E-06,2.90E-09,6.74E-10
MZT1-4D,6/28/18,7.2,447,43,,4.714,0.096,4.617,0.0036,0.016,0.01,0.432,0.0005,5.24E-07,2.26E-08,,,4.85E-07,3.00E-08,1.92E-04,3.08E-06,4.52E-04,1.29E-06,7.23E-07,2.75E-08,1.35E-04,3.93E-07,2.34E-05,3.31E-07,,,,,7.24E-07,8.60E-09,2.06E-03,4.52E-06,1.03E-06,5.63E-09,,,,,4.52E-08,2.16E-09,4.66E-09,3.59E-10,3.87E-09,8.24E-10,2.97E-07,1.07E-08,,,7.12E-09,1.32E-10,2.60E-06,1.04E-08,,,1.41E-08,1.20E-09,,,,,,,,,,,1.41E-06,9.92E-09,3.00E-10,3.76E-11,,,,,1.63E-09,8.95E-11,1.34E-05,2.08E-06,3.27E-09,9.16E-10
MZT1-4D,7/3/18,7.21,436,8,,4.549,0.081,4.468,0.0097,0.018,0.018,0.404,0.0005,4.93E-07,2.60E-08,,,5.19E-07,2.56E-08,1.80E-04,2.69E-06,3.88E-04,3.02E-06,5.95E-07,3.17E-08,1.30E-04,4.62E-07,2.91E-05,5.06E-07,,,1.94E-08,2.39E-10,6.19E-07,7.34E-09,1.77E-03,7.21E-06,9.59E-07,7.15E-09,,,,,6.98E-08,3.87E-09,4.12E-09,3.08E-10,9.63E-09,7.28E-10,3.21E-07,8.69E-09,,,8.66E-09,2.28E-10,2.23E-06,2.15E-08,,,1.44E-08,1.41E-09,,,,,,,,,,,1.21E-06,8.74E-09,2.50E-10,4.76E-11,,,,,1.47E-09,8.73E-11,1.29E-05,1.82E-06,3.23E-09,9.32E-10
MZT1-4D,7/5/18,7.19,433,13,,4.575,0.171,4.403,0.0043,0.013,0.017,0.41,0.0005,5.41E-07,2.37E-08,,,4.62E-07,2.73E-08,1.95E-04,3.48E-06,4.39E-04,6.20E-07,5.18E-07,3.12E-08,1.32E-04,7.10E-07,2.28E-05,3.59E-07,,,2.33E-09,3.46E-10,7.08E-07,7.70E-09,2.01E-03,1.02E-05,1.10E-06,2.85E-07,,,,,4.40E-08,2.13E-09,4.57E-09,2.87E-10,4.42E-09,6.20E-10,2.84E-07,1.12E-08,,,6.73E-09,3.15E-10,2.52E-06,1.63E-08,,,1.47E-08,6.75E-10,,,,,,,,,,,1.36E-06,1.48E-08,2.84E-10,4.33E-11,,,,,1.60E-09,7.72E-11,1.24E-05,1.70E-06,2.98E-09,9.12E-10
MZT1-4D,7/9/18,7.12,414,-6,,4.35,0.058,4.292,0.0032,0.013,0.012,0.428,0.0005,5.55E-07,4.39E-08,,,3.35E-07,1.38E-08,1.93E-04,2.83E-06,3.89E-04,9.69E-07,,,1.30E-04,4.15E-07,2.21E-05,3.92E-07,,,1.35E-08,5.54E-10,5.77E-07,7.00E-09,1.80E-03,5.85E-06,8.74E-07,1.33E-08,,,,,7.58E-08,3.48E-09,4.21E-09,1.93E-10,4.59E-09,9.19E-10,,,,,7.27E-09,1.99E-10,2.28E-06,1.27E-08,,,1.55E-08,7.31E-10,,,,,,,,,,,1.27E-06,1.42E-08,3.06E-10,4.26E-11,,,,,1.54E-09,6.61E-11,1.24E-05,2.17E-06,3.71E-09,3.51E-10
MZT1-4D,7/11/18,6.91,407,-13,,4.411,0.05,4.362,0.0031,0.011,0.007,0.432,0.0005,5.36E-07,3.93E-08,,,3.74E-07,1.33E-08,1.91E-04,2.13E-06,3.72E-04,2.08E-06,,,1.31E-04,6.51E-07,2.20E-05,3.40E-07,,,1.72E-09,3.75E-10,5.59E-07,5.14E-09,1.73E-03,4.15E-06,8.44E-07,1.21E-08,,,,,4.02E-08,2.43E-09,3.80E-09,8.09E-11,,,,,,,7.21E-09,3.17E-10,2.19E-06,1.10E-08,,,1.58E-08,7.76E-10,,,,,,,,,,,1.23E-06,8.49E-09,2.55E-10,5.70E-11,,,,,1.52E-09,9.88E-11,1.34E-05,2.42E-06,4.05E-09,4.92E-10
MZT1-4D,7/20/18,7.11,412,13,0.358,4.556,0.046,4.51,0.004,0.011,0.014,0.413,0.0005,5.68E-07,3.72E-08,,,3.54E-07,1.70E-08,2.02E-04,2.95E-06,3.61E-04,4.65E-07,,,1.32E-04,4.92E-07,2.31E-05,4.34E-07,,,1.11E-08,4.96E-10,5.32E-07,7.40E-09,1.69E-03,1.01E-05,8.50E-07,5.32E-09,,,,,3.96E-08,1.70E-09,3.77E-09,2.21E-10,,,,,,,7.76E-09,2.27E-10,2.15E-06,8.64E-09,,,1.58E-08,7.28E-10,,,,,,,,,,,1.20E-06,9.98E-09,3.15E-10,4.37E-11,5.99E-10,3.93E-11,,,1.38E-09,4.25E-11,1.36E-05,1.99E-06,4.74E-09,5.26E-10
MZT1-4D,7/24/18,7.06,,-12.6,0.426,4.451,0.05,4.401,0.0046,0.013,0.035,0.424,0.0005,5.13E-07,3.00E-08,,,3.97E-07,8.46E-09,2.03E-04,2.41E-06,3.56E-04,1.19E-06,,,1.32E-04,3.49E-07,2.27E-05,4.40E-07,,,7.02E-09,3.54E-10,6.26E-07,9.10E-09,1.67E-03,6.11E-06,1.17E-06,1.62E-08,,,,,4.03E-08,2.12E-09,4.24E-09,3.88E-10,,,2.84E-07,5.51E-09,,,7.35E-09,2.64E-10,2.14E-06,9.69E-09,,,1.68E-08,5.98E-10,,,,,,,,,,,1.19E-06,5.06E-09,3.23E-10,8.14E-11,,,,,1.39E-09,8.75E-11,1.37E-05,2.58E-06,4.32E-09,5.42E-10
MZT1-4D,8/11/18,7.18,389,20,0.095,4.085,0.095,3.99,0.0029,0.01,0.001,0.418,0.0005,4.27E-07,5.55E-08,,,5.29E-07,3.06E-08,2.04E-04,2.81E-06,3.88E-04,7.24E-06,,,1.32E-04,2.17E-06,2.35E-05,3.13E-07,,,,,4.72E-07,3.19E-09,1.72E-03,2.17E-05,6.17E-07,1.35E-08,,,,,1.23E-08,2.90E-09,3.31E-09,3.42E-10,,,2.66E-07,7.39E-09,,,7.18E-09,2.42E-10,2.42E-06,2.88E-08,,,1.78E-08,1.03E-09,,,,,,,,,,,1.27E-06,1.03E-08,3.53E-10,5.38E-11,,,,,1.58E-09,6.10E-11,2.33E-05,2.40E-06,3.83E-09,8.84E-10
MZT1-4D,8/15/18,7.11,391,26,0.163,4.072,0.088,3.985,0.0028,0.008,,0.409,0.0005,4.86E-07,1.08E-07,,,5.32E-07,2.27E-08,2.07E-04,1.79E-06,3.95E-04,3.64E-06,,,1.33E-04,2.32E-06,2.39E-05,3.76E-07,,,3.70E-08,6.59E-10,4.57E-07,4.11E-09,1.74E-03,9.21E-06,8.78E-07,1.57E-08,,,,,5.72E-08,3.08E-09,1.04E-08,4.27E-10,,,4.18E-07,8.88E-09,,,7.11E-09,3.10E-10,2.42E-06,1.46E-08,,,1.79E-08,8.82E-10,,,,,,,,,,,1.29E-06,8.10E-09,3.70E-10,2.63E-11,,,,,1.56E-09,1.05E-10,2.35E-05,2.13E-06,3.18E-09,3.56E-10
MZT1-4D,8/20/18,7.08,,20,0.083,3.996,0.094,3.902,0.0057,0.007,,0.398,0.0005,4.42E-07,7.86E-08,,,5.26E-07,3.47E-08,2.00E-04,2.64E-06,3.77E-04,6.13E-06,,,1.32E-04,2.67E-06,2.38E-05,3.56E-07,,,2.37E-08,7.53E-09,5.65E-07,2.47E-09,1.67E-03,2.58E-05,1.07E-06,2.31E-08,,,,,5.24E-09,3.73E-09,3.87E-09,3.36E-10,,,2.69E-07,8.47E-09,,,6.86E-09,2.58E-10,2.32E-06,1.39E-08,,,1.72E-08,1.26E-09,,,,,,,,,,,1.21E-06,1.37E-08,2.99E-10,5.14E-11,,,,,1.36E-09,8.67E-11,2.35E-05,2.36E-06,4.48E-09,6.60E-10
MZT1-4D,8/24/18,,,,,4.028,0.042,3.986,0.0031,0.009,,0.391,0.0005,4.80E-07,6.25E-08,,,5.27E-07,1.12E-08,2.04E-04,2.03E-06,3.90E-04,9.57E-06,,,1.36E-04,3.54E-06,2.35E-05,1.84E-07,,,,,4.40E-07,1.75E-09,1.69E-03,1.29E-05,6.76E-07,8.27E-09,,,,,5.77E-08,5.41E-09,3.46E-09,2.55E-10,,,,,,,6.49E-09,3.44E-10,2.34E-06,2.16E-08,,,1.71E-08,1.81E-10,,,,,,,,,,,1.23E-06,9.23E-09,3.38E-10,1.94E-11,,,,,1.50E-09,9.60E-11,2.33E-05,2.13E-06,3.51E-09,6.46E-10
MZT1-4D,8/29/18,7.02,,18,0.099,3.952,0.064,3.888,0.0025,0.01,0.001,0.391,0.0005,4.55E-07,6.82E-08,,,5.34E-07,3.95E-08,2.00E-04,3.20E-06,3.78E-04,3.70E-06,,,1.33E-04,2.52E-06,2.33E-05,3.68E-07,,,,,4.04E-07,2.94E-09,1.66E-03,1.80E-05,6.98E-07,1.34E-08,,,,,5.97E-09,3.55E-09,3.23E-09,2.54E-10,,,,,,,6.37E-09,3.13E-10,2.28E-06,1.71E-08,,,1.72E-08,4.87E-10,,,,,,,,,,,1.20E-06,1.26E-08,3.16E-10,8.03E-11,,,,,1.34E-09,4.55E-11,2.41E-05,2.32E-06,3.50E-09,5.77E-10
MZT1-4D,9/6/18,7.25,,32,0.138,4.088,0.046,4.043,0.0016,0.013,,0.391,0.0005,4.04E-07,4.37E-08,,,4.89E-07,3.48E-08,1.90E-04,3.17E-06,3.82E-04,6.45E-06,,,1.34E-04,1.68E-06,2.29E-05,3.76E-07,,,1.90E-08,1.52E-09,3.69E-07,4.28E-09,1.67E-03,2.03E-05,5.49E-07,1.96E-08,,,,,7.55E-09,2.94E-09,2.99E-09,3.07E-10,,,2.91E-07,9.99E-09,,,6.35E-09,2.57E-10,2.32E-06,2.66E-08,,,1.76E-08,5.33E-10,,,,,,,,,,,1.21E-06,1.59E-08,3.30E-10,3.59E-11,,,,,1.37E-09,1.08E-10,2.37E-05,2.45E-06,3.00E-09,4.06E-10
MZT1-4D,9/14/18,7.3,,207,0.098,3.843,0.034,3.809,0.0037,0.011,,0.39,0.0005,2.26E-07,8.49E-08,,,,,1.86E-04,2.03E-06,4.28E-04,6.70E-06,2.25E-07,5.45E-08,1.41E-04,3.19E-06,2.43E-05,4.08E-07,,,,,4.14E-07,4.01E-09,1.81E-03,2.46E-05,1.07E-06,6.97E-09,,,,,4.17E-08,5.44E-10,3.37E-09,2.31E-10,,,,,,,5.82E-09,2.26E-10,2.35E-06,2.49E-08,,,1.43E-08,5.96E-10,,,,,,,,,,,1.10E-06,1.16E-08,3.01E-10,3.02E-11,4.04E-10,1.12E-09,,,1.34E-09,8.45E-11,2.28E-05,3.58E-06,4.05E-09,6.75E-10
MZT1-4D,9/27/18,,,,0.121,3.961,0.027,3.934,0.0036,0.011,,0.399,0.0005,2.60E-07,5.77E-08,,,,,1.66E-04,2.33E-06,4.54E-04,6.21E-06,6.97E-07,5.00E-08,1.44E-04,3.56E-06,2.50E-05,2.55E-07,,,,,4.66E-07,4.25E-09,1.88E-03,2.34E-05,9.16E-07,9.27E-09,,,,,4.64E-08,3.06E-09,3.10E-09,2.29E-10,,,,,,,6.62E-09,2.03E-10,2.48E-06,1.88E-08,,,1.43E-08,7.41E-10,,,,,,,,,,,1.14E-06,1.52E-08,2.96E-10,6.09E-11,,,,,1.47E-09,4.70E-11,2.13E-05,3.08E-06,2.67E-09,8.40E-10
MZT1-4D,10/3/18,,,,0.189,4.206,0.026,4.18,0.0033,0.01,,0.405,0.0005,4.83E-07,4.29E-08,,,3.52E-07,6.67E-08,1.44E-04,2.56E-06,4.31E-04,9.50E-06,3.22E-07,4.52E-08,1.37E-04,2.88E-06,2.14E-03,4.39E-05,,,4.16E-09,1.76E-10,4.92E-07,4.92E-09,1.78E-03,2.21E-05,1.59E-06,1.44E-08,,,,,4.60E-08,2.50E-09,4.28E-09,5.25E-10,6.11E-09,5.33E-10,2.72E-07,6.58E-09,,,4.71E-08,4.54E-10,2.52E-06,1.90E-08,,,1.56E-08,7.34E-10,,,,,,,,,,,1.30E-06,1.63E-08,3.21E-10,6.35E-11,5.59E-10,8.03E-11,,,1.68E-09,6.07E-11,2.10E-05,2.98E-06,4.60E-09,8.43E-10
MZT1-4D,11/5/18,,,,,4.376,0.081,4.295,0.0028,0.009,0.001,0.43,0.0005,,,,,,,,,,,,,,,,,,,,,,,,,,,,,,,,,,,,,,,,,,,,,,,,,,,,,,,,,,,,,,,,,,,,,,,,
MZT1-4S,6/1/18,7.14,568,108,,5.68,0.106,5.574,0.0014,,,,,5.26E-07,3.71E-08,,,5.29E-07,1.95E-08,2.02E-04,4.65E-06,5.18E-04,8.67E-06,,,1.44E-04,2.13E-06,2.75E-05,4.45E-07,2.89E-09,2.40E-10,2.33E-09,4.74E-10,1.38E-06,1.51E-08,2.58E-03,1.24E-05,1.26E-07,3.17E-08,,,,,4.80E-08,2.42E-09,1.06E-08,5.21E-10,1.23E-08,1.12E-09,4.69E-07,7.74E-09,,,9.82E-09,2.92E-10,4.66E-06,2.89E-08,,,1.21E-08,7.01E-10,,,,,,,,,,,9.52E-07,1.71E-08,1.96E-10,5.02E-11,,,,,5.51E-09,2.01E-10,2.07E-05,5.53E-06,3.61E-09,5.77E-10
MZT1-4S,6/6/18,,,,,,,,,,,,,,,,,,,,,,,,,,,,,,,,,,,,,,,,,,,,,,,,,,,,,,,,,,,,,,,,,,,,,,,,,,,,,,,,,,,,
MZT1-4S,6/8/18,,,,,,,,,,,,,,,,,,,,,,,,,,,,,,,,,,,,,,,,,,,,,,,,,,,,,,,,,,,,,,,,,,,,,,,,,,,,,,,,,,,,
MZT1-4S,6/11/18,,,,,,,,,0.016,0.012,1.24,0.0005,,,,,,,,,,,,,,,,,,,,,,,,,,,,,,,,,,,,,,,,,,,,,,,,,,,,,,,,,,,,,,,,,,,,,,,,
MZT1-4S,6/13/18,,,,,,,,,,,,,,,,,,,,,,,,,,,,,,,,,,,,,,,,,,,,,,,,,,,,,,,,,,,,,,,,,,,,,,,,,,,,,,,,,,,,
MZT1-4XD,11/5/18,,,,,3.237,0.09,3.147,0.0039,0.011,0.001,0.4,0.0005,,,,,,,,,,,,,,,,,,,,,,,,,,,,,,,,,,,,,,,,,,,,,,,,,,,,,,,,,,,,,,,,,,,,,,,,
MZT1-5D,6/1/18,7.26,561,114,,5.533,0.115,5.418,0.0011,0.016,0.015,1.295,0.0005,5.31E-07,2.01E-08,,,1.52E-07,2.02E-08,1.32E-04,3.20E-06,6.59E-04,9.40E-06,3.20E-07,5.87E-08,1.55E-04,2.45E-06,2.27E-05,4.22E-07,,,,,2.78E-08,6.56E-10,2.79E-03,6.47E-06,,,,,,,3.88E-08,2.98E-09,1.71E-09,2.16E-10,7.76E-09,1.29E-09,2.51E-07,7.25E-09,,,4.27E-09,2.54E-10,3.08E-06,1.68E-08,,,1.12E-08,5.60E-10,,,,,,,,,,,1.53E-06,1.23E-08,3.14E-10,4.88E-11,,,,,2.15E-09,1.61E-10,1.78E-05,5.95E-06,,
MZT1-5D,6/6/18,6.93,561,107,,5.574,0.11,5.464,0.0013,0.018,0.013,1.233,0.0005,5.79E-07,4.10E-08,,,4.02E-07,2.07E-08,1.06E-04,1.86E-06,6.23E-04,8.07E-06,1.83E-07,5.88E-08,1.50E-04,1.48E-06,2.16E-05,2.59E-07,,,,,4.36E-08,7.34E-10,2.73E-03,9.93E-06,3.66E-07,7.99E-09,,,4.28E-08,5.04E-09,4.50E-08,1.42E-09,2.71E-09,2.60E-10,7.34E-09,1.09E-09,2.54E-07,5.93E-09,,,5.58E-09,3.16E-10,3.42E-06,1.96E-08,,,1.22E-08,3.02E-10,,,,,,,,,,,1.89E-06,1.72E-08,4.33E-10,2.95E-11,5.13E-10,1.17E-10,1.88E-10,7.28E-11,2.36E-09,8.70E-11,2.22E-05,6.37E-06,,
MZT1-5D,6/8/18,7.08,578,98,,5.592,0.107,5.485,0.0014,0.041,0.014,1.172,0.0005,6.00E-07,4.10E-08,,,3.04E-07,1.87E-08,1.08E-04,1.79E-06,6.10E-04,5.76E-06,,,1.50E-04,3.11E-07,2.12E-05,3.86E-07,,,,,2.88E-08,3.67E-10,2.67E-03,1.12E-05,,,,,4.03E-08,4.31E-09,4.34E-08,2.52E-09,1.93E-09,1.85E-10,,,,,,,5.11E-09,3.31E-10,3.36E-06,1.57E-08,,,1.20E-08,1.02E-09,,,,,,,,,,,1.85E-06,1.98E-08,3.66E-10,4.77E-11,,,,,2.22E-09,1.23E-10,2.18E-05,5.86E-06,,
MZT1-5D,6/11/18,,,,,5.531,0.13,5.401,0.0014,0.017,0.01,1.08,0.0005,5.92E-07,2.87E-08,,,2.96E-07,1.55E-08,1.12E-04,1.12E-06,6.11E-04,7.94E-06,,,1.52E-04,1.57E-06,2.15E-05,3.91E-07,,,,,2.92E-08,8.36E-10,2.66E-03,1.66E-05,,,,,4.15E-08,2.48E-09,4.36E-08,1.39E-09,2.17E-09,4.74E-10,3.64E-09,1.17E-09,2.57E-07,8.49E-09,,,5.08E-09,2.42E-10,3.35E-06,3.31E-08,,,1.20E-08,9.64E-10,,,,,,,,,,,1.83E-06,1.18E-08,3.48E-10,4.70E-11,,,,,2.16E-09,9.38E-11,2.05E-05,5.64E-06,,
MZT1-5D,6/13/18,7.18,436,43,,5.381,0.077,5.304,,0.018,0.018,0.977,0.0005,,,,,2.38E-07,9.18E-09,1.13E-04,2.50E-06,5.08E-04,1.07E-05,,,1.43E-04,1.38E-06,2.02E-05,4.90E-07,,,4.92E-09,4.26E-10,4.20E-08,1.19E-09,1.98E-03,6.32E-06,,,,,,,4.07E-08,2.78E-09,1.75E-09,2.41E-10,1.38E-08,3.63E-10,4.24E-07,1.25E-08,,,5.83E-09,1.14E-10,2.70E-06,2.44E-08,,,1.13E-08,1.12E-09,,,,,,,,,,,1.47E-06,2.09E-08,2.93E-10,6.26E-11,,,1.75E-10,4.32E-11,1.81E-09,1.03E-10,4.12E-05,6.79E-06,,
MZT1-5D,6/15/18,,,,,5.239,0.053,5.186,,0.017,0.019,0.921,0.0005,,,,,1.88E-07,1.61E-08,1.13E-04,1.35E-06,5.13E-04,1.11E-05,,,1.46E-04,2.81E-06,1.83E-05,3.26E-07,,,,,2.92E-08,4.66E-10,1.99E-03,1.09E-05,,,,,,,4.02E-08,1.96E-09,1.58E-09,2.89E-10,4.71E-09,1.19E-10,,,,,4.64E-09,4.42E-10,2.69E-06,2.13E-08,,,1.09E-08,8.83E-10,,,,,,,,,,,1.45E-06,8.85E-09,2.94E-10,2.79E-11,,,,,1.81E-09,1.36E-10,4.02E-05,4.88E-06,,
MZT1-5D,6/20/18,,539,125,,5.224,0.054,5.17,,0.019,0.011,0.522,0.0005,,,,,1.89E-07,9.22E-09,1.22E-04,2.74E-06,5.13E-04,9.06E-06,,,1.45E-04,9.89E-07,1.88E-05,2.82E-07,,,,,6.62E-08,9.91E-10,1.99E-03,6.46E-06,,,,,,,4.17E-08,2.44E-09,2.25E-09,2.88E-10,1.20E-08,4.97E-10,,,,,4.94E-09,8.23E-11,2.70E-06,1.39E-08,,,1.17E-08,6.51E-10,,,,,,,,,,,1.48E-06,1.08E-08,2.64E-10,3.32E-11,,,,,1.66E-09,7.87E-11,3.25E-05,4.82E-06,,
MZT1-5D,6/22/18,,519,102,,5.224,0.049,5.175,,0.02,0.015,0.725,0.0005,,,,,2.39E-07,1.78E-08,1.19E-04,1.44E-06,4.74E-04,9.91E-06,,,1.47E-04,1.82E-06,1.86E-05,5.18E-07,,,,,4.09E-08,1.10E-09,1.83E-03,8.12E-06,,,,,,,3.61E-08,1.86E-09,1.36E-09,1.69E-10,,,,,,,4.80E-09,2.66E-10,2.49E-06,2.09E-08,,,1.17E-08,7.07E-10,,,,,,,,,,,1.35E-06,1.29E-08,2.61E-10,3.29E-11,,,,,1.61E-09,1.21E-10,3.36E-05,4.78E-06,,
MZT1-5D,6/26/18,,,,,5.194,0.059,5.135,,0.017,0.014,0.646,0.0005,,,,,2.47E-07,1.63E-08,1.27E-04,1.63E-06,4.83E-04,8.55E-06,3.81E-07,5.53E-08,1.46E-04,1.72E-06,1.91E-05,3.95E-07,,,,,3.95E-08,4.44E-10,1.87E-03,1.02E-05,,,,,,,3.66E-08,1.67E-09,1.77E-09,2.21E-10,4.45E-09,8.22E-10,,,,,5.20E-09,4.14E-10,2.55E-06,2.42E-09,,,1.24E-08,7.93E-10,,,,,,,,,,,1.37E-06,4.18E-09,2.63E-10,2.51E-11,,,,,1.53E-09,1.35E-10,2.97E-05,3.97E-06,,
MZT1-5D,6/28/18,7.3,491,225,,5.114,0.08,5.034,,0.041,0.012,0.606,0.0155,4.87E-07,3.01E-08,,,4.94E-07,2.15E-08,1.30E-04,1.96E-06,4.94E-04,1.81E-06,4.89E-07,3.23E-08,1.45E-04,5.53E-07,2.12E-05,3.69E-07,,,,,4.05E-08,8.13E-10,2.17E-03,8.13E-06,1.06E-07,1.21E-09,,,,,4.02E-08,3.31E-09,1.78E-09,3.56E-10,,,2.73E-07,1.17E-08,,,5.00E-09,1.63E-10,2.71E-06,2.36E-08,,,1.25E-08,7.83E-10,,,,,,,,,,,1.50E-06,1.11E-08,3.55E-10,4.76E-11,,,,,1.68E-09,6.24E-11,1.69E-05,2.93E-06,,
MZT1-5D,7/3/18,7.09,471,68,,4.946,0.083,4.862,,0.013,0.019,0.529,0.0005,5.98E-07,4.19E-08,,,4.93E-07,2.97E-08,1.48E-04,2.15E-06,5.34E-04,1.96E-06,4.52E-07,3.03E-08,1.42E-04,5.68E-07,2.41E-05,3.92E-07,,,3.65E-09,9.42E-10,7.71E-08,6.43E-10,2.40E-03,8.86E-06,4.36E-07,3.54E-09,,,,,4.61E-08,9.37E-10,2.68E-09,3.23E-10,6.93E-09,5.84E-10,3.52E-07,6.41E-09,,,6.06E-09,8.34E-11,3.01E-06,1.77E-08,,,1.38E-08,1.05E-09,,,,,,,,,,,1.66E-06,2.32E-08,3.85E-10,4.88E-11,,,,,1.74E-09,1.15E-10,1.46E-05,2.37E-06,,
MZT1-5D,7/5/18,7.15,473,125,,4.898,0.05,4.848,,0.014,0.031,0.518,0.0005,4.90E-07,3.31E-08,,,4.82E-07,2.23E-08,1.21E-04,1.78E-06,3.96E-04,1.98E-06,4.06E-07,3.73E-08,1.43E-04,4.42E-07,1.86E-05,3.19E-07,,,,,3.55E-08,4.65E-10,1.73E-03,2.80E-06,9.21E-08,2.54E-09,,,,,3.41E-08,1.09E-09,1.53E-09,2.60E-10,7.62E-09,3.95E-10,,,,,4.49E-09,2.20E-10,2.18E-06,8.17E-09,,,1.27E-08,8.54E-10,,,,,,,,,,,1.19E-06,8.93E-09,2.53E-10,6.49E-11,,,,,1.37E-09,1.13E-10,1.71E-05,2.87E-06,,
MZT1-5D,7/9/18,7.26,437,45,,4.562,0.053,4.509,,0.012,0.013,0.499,0.0005,5.72E-07,3.68E-08,,,5.12E-07,1.06E-08,1.51E-04,1.82E-06,4.22E-04,1.64E-06,,,1.37E-04,4.66E-07,2.17E-05,3.63E-07,1.90E-09,1.24E-10,5.27E-09,4.32E-10,1.14E-07,2.18E-09,1.91E-03,4.81E-06,2.82E-07,3.57E-09,,,,,4.21E-08,2.33E-09,3.28E-09,2.22E-10,3.75E-09,3.99E-10,,,,,5.76E-09,3.90E-10,2.42E-06,8.49E-09,,,1.42E-08,4.54E-10,,,,,,,,,,,1.38E-06,1.05E-08,3.49E-10,6.57E-11,,,,,1.55E-09,1.08E-10,1.59E-05,2.75E-06,2.63E-09,5.89E-10
MZT1-5D,7/11/18,6.87,429,46,,4.588,0.044,4.544,,0.01,0.012,0.491,0.0005,5.86E-07,4.97E-08,,,4.00E-07,1.25E-08,1.44E-04,1.64E-06,4.03E-04,1.92E-06,,,1.37E-04,7.20E-07,2.16E-05,4.00E-07,1.73E-09,1.17E-10,2.43E-09,2.12E-09,8.58E-08,1.18E-09,1.84E-03,8.23E-06,4.19E-07,3.35E-07,,,,,3.77E-08,2.66E-09,2.87E-09,2.60E-10,1.03E-08,3.64E-10,,,,,5.38E-09,2.12E-10,2.32E-06,1.53E-08,,,1.52E-08,5.67E-10,,,,,,,,,,,1.32E-06,1.11E-08,2.97E-10,5.22E-11,,,,,1.48E-09,1.18E-10,1.66E-05,3.02E-06,2.47E-09,4.81E-10
MZT1-5D,7/20/18,7.12,421,,0.163,4.575,0.057,4.518,0.0025,0.01,0.018,0.452,0.0005,5.77E-07,3.39E-08,,,3.89E-07,7.06E-09,1.55E-04,1.54E-06,3.88E-04,3.17E-06,,,1.37E-04,7.63E-07,2.13E-05,3.76E-07,2.03E-09,2.41E-10,7.54E-08,8.93E-09,4.60E-08,8.50E-10,1.76E-03,5.09E-06,7.17E-07,2.37E-08,,,,,3.90E-08,2.56E-09,2.55E-09,2.41E-10,,,,,,,5.78E-09,2.98E-10,2.25E-06,1.50E-08,,,1.92E-08,7.08E-10,,,,,,,,,,,1.27E-06,1.30E-08,3.13E-10,4.92E-11,,,,,1.31E-09,8.76E-11,1.59E-05,2.73E-06,,
MZT1-5D,7/24/18,7.14,,-16.7,0.294,4.468,0.042,4.426,,0.009,0.015,0.447,0.0005,,,,,,,,,,,,,,,8.03E-06,4.17E-07,,,7.93E-08,8.74E-09,,,8.83E-04,5.55E-06,,,,,,,2.43E-08,2.53E-09,1.30E-09,2.93E-10,,,,,,,,,6.18E-07,1.83E-08,,,4.47E-09,9.42E-10,,,,,,,,,,,8.16E-07,1.30E-08,2.04E-10,5.59E-11,,,,,,,6.98E-06,3.20E-06,,
MZT1-5D,8/11/18,7.1,393,47,0.169,4.062,0.035,4.028,,0.007,,0.411,0.0005,,,,,,,,,,,,,,,,,,,,,,,,,,,,,,,,,,,,,,,,,,,,,,,,,,,,,,,,,,,,,,,,,,,,,,,,
MZT1-5D,8/15/18,7.21,388,39,0.183,4.177,0.08,4.096,,0.008,,0.413,0.0005,3.81E-07,4.70E-08,,,2.71E-07,1.81E-08,1.73E-04,3.24E-06,3.95E-04,1.36E-05,,,1.35E-04,3.73E-06,2.06E-05,4.08E-07,,,,,3.61E-08,5.39E-10,1.69E-03,2.14E-05,1.27E-07,8.89E-09,,,,,2.46E-08,3.26E-09,1.82E-09,2.44E-10,,,,,,,5.57E-09,2.84E-10,2.37E-06,3.97E-08,,,1.88E-08,6.66E-10,,,,,,,,,,,1.29E-06,1.90E-09,2.87E-10,6.21E-11,,,1.33E-10,3.03E-11,1.36E-09,5.94E-11,2.18E-05,2.23E-06,3.69E-09,6.79E-10
MZT1-5D,8/20/18,7.25,,53,0.128,4.261,0.048,4.213,0.0011,0.007,,0.427,0.0005,4.16E-07,2.80E-08,,,2.38E-07,1.70E-08,1.79E-04,3.47E-06,4.14E-04,9.90E-06,,,1.35E-04,3.45E-06,2.08E-05,2.16E-07,,,,,3.83E-08,8.24E-10,1.75E-03,2.12E-05,1.79E-07,5.91E-09,,,,,3.95E-08,3.61E-09,1.51E-09,2.60E-10,,,,,,,5.65E-09,3.22E-10,2.45E-06,3.03E-08,,,1.83E-08,1.07E-09,,,,,,,,,,,1.34E-06,9.26E-09,3.01E-10,5.26E-11,,,,,1.44E-09,7.92E-11,2.18E-05,2.19E-06,1.97E-09,3.94E-10
MZT1-5D,8/24/18,,,,,4.175,0.037,4.138,,0.009,,0.423,0.0005,3.76E-07,1.95E-08,,,1.71E-07,1.51E-08,1.92E-04,2.69E-06,4.08E-04,8.31E-06,,,1.38E-04,2.73E-06,2.13E-05,2.01E-07,2.00E-09,3.08E-10,2.08E-08,6.38E-10,4.46E-08,1.23E-09,1.71E-03,1.16E-05,1.54E-07,2.89E-09,,,,,3.99E-08,3.22E-09,1.66E-09,2.68E-10,,,,,,,5.85E-09,2.45E-10,2.42E-06,2.96E-08,,,1.80E-08,1.07E-09,,,,,,,,,,,1.30E-06,1.34E-08,2.82E-10,5.76E-11,,,,,1.35E-09,6.10E-11,2.16E-05,2.07E-06,,
MZT1-5D,8/29/18,6.97,,54,0.103,4.233,0.07,4.163,0.001,0.01,,0.414,0.0005,3.64E-07,5.92E-08,,,1.60E-07,2.83E-08,2.03E-04,5.46E-06,3.94E-04,9.55E-06,,,1.38E-04,2.74E-06,2.15E-05,2.50E-07,1.71E-09,2.84E-10,3.29E-08,7.97E-10,5.41E-08,7.23E-10,1.65E-03,2.36E-05,2.32E-07,2.23E-09,,,,,3.92E-08,4.03E-09,2.37E-09,1.80E-10,,,,,,,5.99E-09,4.40E-10,2.33E-06,2.58E-08,,,1.80E-08,9.84E-10,,,,,,,,,,,1.25E-06,9.75E-09,3.16E-10,3.24E-11,,,,,1.29E-09,9.51E-11,2.11E-05,1.95E-06,1.92E-09,2.20E-10
MZT1-5D,9/6/18,7.25,,29,0.153,4.237,0.046,4.191,0.0011,0.01,0.001,0.416,0.0005,3.67E-07,4.50E-08,,,1.26E-07,3.10E-08,2.04E-04,2.43E-06,4.05E-04,6.01E-06,,,1.37E-04,3.17E-06,2.13E-05,3.71E-07,2.06E-09,1.79E-10,2.61E-09,5.25E-10,4.64E-08,6.81E-10,1.72E-03,2.96E-05,2.25E-07,9.31E-09,,,,,,,2.46E-09,2.11E-10,,,,,,,5.84E-09,2.88E-10,2.38E-06,1.14E-08,,,1.75E-08,6.23E-10,,,,,,,,,,,1.29E-06,8.39E-09,3.06E-10,3.32E-11,,,,,1.38E-09,8.16E-11,2.15E-05,2.12E-06,1.96E-09,5.51E-10
MZT1-5D,9/14/18,7.34,,168,0.256,3.84,0.041,3.799,0.0031,0.01,0.005,0.414,0.0005,5.85E-07,5.98E-08,,,4.82E-07,7.92E-08,1.98E-04,1.62E-06,4.11E-04,8.87E-06,3.94E-07,4.67E-08,1.44E-04,4.16E-06,2.72E-05,2.85E-07,,,2.66E-09,1.70E-10,4.12E-08,1.03E-09,1.67E-03,2.16E-05,3.19E-07,3.82E-09,,,,,3.93E-08,1.33E-09,2.17E-09,1.80E-10,6.12E-09,3.65E-10,,,,,5.53E-09,2.46E-10,2.32E-06,1.83E-08,,,1.67E-08,7.62E-10,,,,,,,,,,,1.30E-06,1.01E-08,3.55E-10,4.90E-11,,,,,1.31E-09,5.88E-11,1.97E-05,2.79E-06,,
MZT1-5D,9/27/18,,,,0.227,3.898,0.093,3.805,,0.01,,0.428,0.0005,5.74E-07,5.67E-08,,,2.85E-07,6.89E-08,1.80E-04,5.00E-06,4.17E-04,2.48E-06,2.75E-07,4.78E-08,1.40E-04,2.74E-06,2.27E-05,3.19E-07,,,1.32E-08,2.75E-10,7.00E-08,6.24E-10,1.68E-03,8.58E-06,4.58E-07,5.66E-09,,,,,4.33E-08,2.44E-09,2.17E-09,1.13E-10,7.20E-09,3.94E-10,,,,,5.10E-09,1.87E-10,2.29E-06,1.80E-08,,,1.46E-08,6.56E-10,,,,,,,,,,,1.29E-06,8.62E-09,3.44E-10,6.07E-11,,,,,1.36E-09,4.57E-11,2.21E-05,3.06E-06,,
MZT1-5D,10/3/18,,,,0.138,3.894,0.034,3.86,0.0029,0.009,,0.428,0.0005,5.30E-07,5.37E-08,,,2.26E-07,5.79E-08,1.73E-04,2.20E-06,4.27E-04,7.99E-06,3.43E-07,5.24E-08,1.39E-04,3.93E-06,2.25E-05,2.88E-07,,,4.56E-09,2.52E-10,6.38E-08,5.62E-10,1.73E-03,6.73E-06,3.31E-07,2.86E-09,,,,,3.97E-08,1.89E-09,9.46E-08,6.84E-10,4.20E-09,6.87E-10,,,,,4.97E-09,1.44E-10,2.35E-06,1.03E-08,,,1.50E-08,6.24E-10,,,,,,,,,,,1.30E-06,1.52E-08,3.79E-10,6.07E-11,,,,,1.42E-09,4.85E-11,2.22E-05,3.43E-06,1.83E-09,6.21E-10
MZT1-5D,11/5/18,,,,,4.371,0.044,4.326,0.0024,0.009,0.003,0.449,0.0005,,,,,,,,,,,,,,,,,,,,,,,,,,,,,,,,,,,,,,,,,,,,,,,,,,,,,,,,,,,,,,,,,,,,,,,,
MZT1-5M,6/1/18,7.18,643,114,,8.676,0.349,8.327,0.0018,0.027,0.014,0.497,0.0005,4.17E-07,2.59E-08,,,4.33E-07,1.88E-08,8.34E-04,2.03E-05,4.62E-04,4.57E-06,2.39E-07,4.73E-08,1.53E-04,1.91E-06,2.03E-05,1.44E-07,9.75E-09,5.56E-10,,,3.73E-06,3.62E-08,2.74E-03,2.05E-05,8.35E-08,1.22E-08,,,,,5.88E-08,2.19E-09,4.69E-09,3.11E-10,3.29E-08,1.44E-09,4.11E-07,8.61E-09,,,3.12E-09,1.72E-10,3.72E-06,3.81E-08,,,6.69E-09,3.01E-10,,,,,,,,,,,5.74E-07,3.92E-09,1.21E-10,3.43E-11,,,,,1.04E-08,1.10E-10,9.45E-06,2.26E-06,1.80E-09,2.92E-10
MZT1-5M,6/6/18,,,,,,,,,,,,,,,,,,,,,,,,,,,,,,,,,,,,,,,,,,,,,,,,,,,,,,,,,,,,,,,,,,,,,,,,,,,,,,,,,,,,
MZT1-5M,6/8/18,,,,,,,,,,,,,,,,,,,,,,,,,,,,,,,,,,,,,,,,,,,,,,,,,,,,,,,,,,,,,,,,,,,,,,,,,,,,,,,,,,,,
MZT1-5M,6/11/18,,,,,,,,,,,,,,,,,,,,,,,,,,,,,,,,,,,,,,,,,,,,,,,,,,,,,,,,,,,,,,,,,,,,,,,,,,,,,,,,,,,,
MZT1-5M,6/13/18,,,,,,,,,,,,,,,,,,,,,,,,,,,,,,,,,,,,,,,,,,,,,,,,,,,,,,,,,,,,,,,,,,,,,,,,,,,,,,,,,,,,
MZT1-5S,6/1/18,,,,,,,,,,,,,,,,,,,,,,,,,,,,,,,,,,,,,,,,,,,,,,,,,,,,,,,,,,,,,,,,,,,,,,,,,,,,,,,,,,,,
MZT1-5S,6/6/18,,,,,,,,,,,,,,,,,,,,,,,,,,,,,,,,,,,,,,,,,,,,,,,,,,,,,,,,,,,,,,,,,,,,,,,,,,,,,,,,,,,,
MZT1-5S,6/8/18,,,,,,,,,,,,,,,,,,,,,,,,,,,,,,,,,,,,,,,,,,,,,,,,,,,,,,,,,,,,,,,,,,,,,,,,,,,,,,,,,,,,
MZT1-5S,6/11/18,,,,,,,,,,,,,,,,,,,,,,,,,,,,,,,,,,,,,,,,,,,,,,,,,,,,,,,,,,,,,,,,,,,,,,,,,,,,,,,,,,,,
MZT1-5S,6/13/18,,,,,,,,,,,,,,,,,,,,,,,,,,,,,,,,,,,,,,,,,,,,,,,,,,,,,,,,,,,,,,,,,,,,,,,,,,,,,,,,,,,,
MZT1-5XD,8/20/18,7.67,,-86,,3.617,0.196,3.421,0.0024,0.01,,0.391,0.0005,3.11E-07,4.61E-08,,,4.69E-07,3.57E-08,1.15E-04,2.17E-06,4.35E-04,9.18E-06,,,1.53E-04,4.03E-06,3.14E-05,4.27E-07,,,3.92E-08,8.37E-10,6.24E-06,4.85E-08,1.50E-03,1.95E-05,2.58E-06,3.95E-08,,,,,1.15E-08,3.55E-09,5.40E-09,4.13E-10,,,2.23E-06,2.84E-08,,,5.48E-09,2.45E-10,1.99E-06,2.72E-08,,,2.58E-08,5.94E-10,,,,,,,,,,,1.45E-06,1.07E-08,2.96E-10,4.16E-11,,,,,4.21E-10,5.59E-11,2.09E-05,1.85E-06,1.61E-08,1.20E-09
MZT1-5XD,8/24/18,,,,,3.524,0.099,3.425,0.0016,0.007,0.001,0.383,0.0005,2.74E-07,7.65E-08,,,,,9.87E-05,2.07E-06,4.35E-04,7.30E-06,,,1.54E-04,3.09E-06,2.39E-05,4.45E-07,,,1.42E-08,2.38E-09,6.06E-06,9.21E-08,1.47E-03,1.30E-05,4.48E-06,2.94E-08,,,,,8.70E-08,5.73E-09,3.28E-09,2.85E-10,,,2.52E-07,9.71E-09,,,3.78E-09,3.47E-10,1.95E-06,1.24E-08,,,1.97E-08,1.30E-09,,,,,,,,,,,1.47E-06,1.39E-08,3.02E-10,2.84E-11,,,,,3.62E-10,7.83E-11,2.09E-05,1.90E-06,1.89E-08,1.82E-09
MZT1-5XD,8/29/18,7.31,,-80,0.212,3.649,0.063,3.587,0.0027,0.007,0.001,0.386,0.0005,3.11E-07,7.05E-08,,,,,1.13E-04,3.48E-06,4.46E-04,1.02E-05,,,1.55E-04,4.82E-06,2.98E-05,4.67E-07,1.35E-08,3.78E-10,,,6.44E-06,6.84E-08,1.50E-03,1.43E-05,3.25E-06,2.40E-08,,,,,5.14E-09,3.13E-09,5.54E-09,3.67E-10,1.97E-08,1.30E-09,1.96E-06,6.50E-09,,,4.83E-09,1.54E-10,2.03E-06,1.38E-08,,,2.00E-08,7.63E-10,,,,,,,,,,,1.57E-06,1.46E-08,3.65E-10,2.63E-11,,,,,5.18E-10,7.68E-11,2.11E-05,1.66E-06,2.05E-08,1.21E-09
MZT1-5XD,9/6/18,7.54,,31,0.203,3.565,0.039,3.525,0.0013,0.007,,0.385,0.0005,3.29E-07,4.78E-08,,,,,1.12E-04,2.13E-06,4.45E-04,7.18E-06,,,1.59E-04,3.37E-06,2.38E-05,3.41E-07,,,2.15E-08,1.13E-09,5.99E-06,3.41E-08,1.49E-03,1.58E-05,7.11E-06,5.30E-08,,,,,2.27E-08,3.53E-09,3.95E-09,3.07E-10,,,1.34E-06,1.29E-08,,,3.40E-09,1.78E-10,2.02E-06,2.47E-08,,,1.86E-08,8.66E-10,,,,,,,,,,,1.52E-06,1.40E-08,3.67E-10,1.28E-11,,,,,4.30E-10,3.26E-11,2.17E-05,1.89E-06,2.38E-08,9.38E-10
MZT1-5XD,9/14/18,7.63,,-115,0.141,3.309,0.01,3.299,0.003,0.008,,0.391,0.0005,5.00E-07,4.42E-08,,,3.36E-07,4.91E-08,1.08E-04,2.40E-06,4.39E-04,1.13E-05,3.69E-07,4.63E-08,1.58E-04,5.05E-06,2.42E-05,8.39E-07,,,1.03E-08,3.39E-10,5.83E-06,4.08E-08,1.36E-03,1.70E-05,9.34E-06,5.31E-08,,,,,3.86E-08,2.20E-09,4.11E-09,2.83E-10,1.04E-08,6.27E-10,1.20E-06,1.24E-08,,,3.16E-09,2.02E-10,1.93E-06,9.91E-09,,,1.65E-08,8.59E-10,,,,,,,,,,,1.53E-06,1.85E-08,4.28E-10,3.34E-11,,,,,3.97E-10,2.50E-11,2.03E-05,2.65E-06,2.42E-08,1.70E-09
MZT1-5XD,9/27/18,,,,0.361,3.31,0.01,3.3,0.003,0.008,,0.398,0.0005,4.71E-07,4.87E-08,,,2.76E-07,7.15E-08,9.79E-05,5.16E-06,4.54E-04,8.03E-06,4.46E-07,4.35E-08,1.60E-04,5.02E-06,2.58E-05,3.73E-07,,,1.39E-08,3.88E-10,5.64E-06,6.33E-08,1.47E-03,1.23E-05,8.50E-06,2.63E-08,,,,,3.93E-08,1.96E-09,3.96E-09,2.38E-10,5.06E-09,7.60E-10,1.13E-06,1.29E-08,,,2.69E-09,2.04E-10,1.95E-06,1.13E-08,,,1.62E-08,8.17E-10,,,,,,,,,,,1.55E-06,2.11E-08,3.84E-10,6.37E-11,,,,,4.00E-10,2.43E-11,2.18E-05,2.98E-06,2.22E-08,8.49E-10
MZT1-5XD,10/3/18,,,,0.175,3.397,0.108,3.289,0.004,0.008,,0.409,0.0005,4.73E-07,1.74E-08,,,2.26E-07,6.06E-08,9.65E-05,1.17E-06,4.51E-04,4.20E-06,4.03E-07,5.50E-08,1.59E-04,3.94E-06,2.52E-05,2.95E-07,,,1.71E-08,3.02E-10,5.58E-06,6.95E-08,1.50E-03,1.17E-05,1.04E-05,4.75E-08,,,,,4.02E-08,2.64E-09,3.59E-09,3.06E-10,5.54E-09,4.79E-10,1.27E-06,8.52E-09,,,2.59E-09,1.88E-10,1.98E-06,1.04E-08,,,1.61E-08,9.18E-10,,,,,,,,,,,1.54E-06,8.48E-09,3.16E-10,1.78E-11,,,,,3.94E-10,2.80E-11,2.21E-05,2.85E-06,2.52E-08,2.32E-09
MZT1-5XXD,8/20/18,7.58,,-52,0.522,5.263,0.961,4.302,0.0034,0.026,,0.386,0.0045,2.92E-07,5.56E-08,,,5.27E-06,9.16E-08,1.30E-04,3.36E-06,4.44E-04,9.70E-06,,,1.44E-04,3.82E-06,3.62E-05,4.67E-07,2.29E-09,1.42E-10,5.61E-08,1.32E-09,3.78E-06,4.90E-08,1.43E-03,1.97E-05,2.00E-07,6.50E-09,,,,,8.82E-08,5.02E-09,9.34E-09,2.72E-10,2.68E-08,1.94E-09,8.37E-06,8.27E-08,,,7.32E-09,2.19E-10,1.96E-06,1.86E-08,,,4.09E-08,6.10E-10,,,,,,,,,9.97E-11,2.48E-11,1.22E-06,1.43E-08,3.15E-10,3.31E-11,4.06E-10,7.09E-11,,,4.05E-10,3.79E-11,2.17E-05,2.12E-06,,
MZT1-5XXD,8/24/18,,,,,3.272,0.067,3.206,0.0013,0.009,0.001,0.379,0.0012,2.02E-07,2.50E-08,,,7.65E-07,4.23E-08,8.45E-05,1.07E-06,4.42E-04,9.87E-06,,,1.47E-04,3.10E-06,2.46E-05,3.77E-07,1.85E-09,1.41E-10,2.30E-09,5.42E-10,3.69E-06,6.28E-08,1.40E-03,1.58E-05,1.17E-07,5.57E-09,,,,,2.84E-08,3.50E-09,2.15E-09,1.96E-10,9.34E-09,1.33E-09,6.63E-07,5.64E-09,,,5.49E-09,2.61E-10,1.94E-06,2.21E-08,,,2.12E-08,9.53E-10,,,,,,,,,1.04E-10,4.39E-11,1.29E-06,2.03E-08,3.30E-10,5.15E-11,,,,,3.21E-10,5.29E-11,2.11E-05,1.85E-06,1.84E-09,5.66E-10
MZT1-5XXD,8/29/18,7.68,,-81,0.13,3.381,0.051,3.331,0.0027,0.005,,0.381,0.0005,2.36E-07,6.02E-08,,,,,7.51E-05,1.54E-06,4.39E-04,7.04E-06,,,1.48E-04,3.21E-06,2.42E-05,2.25E-07,,,6.78E-09,4.84E-10,3.97E-06,4.41E-08,1.42E-03,1.09E-05,8.20E-08,3.52E-09,,,,,2.46E-08,3.48E-09,2.04E-09,1.82E-10,,,4.38E-07,1.07E-08,,,4.23E-09,2.22E-10,1.92E-06,1.28E-08,,,1.63E-08,1.06E-09,,,,,,,,,,,1.32E-06,1.58E-08,3.17E-10,4.68E-11,,,,,3.54E-10,7.74E-12,2.14E-05,1.98E-06,,
MZT1-5XXD,9/6/18,7.8,,-86,0.17,3.321,0.032,3.288,0.002,0.004,,0.382,0.0005,3.06E-07,5.11E-08,,,2.48E-07,3.63E-08,7.85E-05,1.95E-06,4.42E-04,7.55E-06,,,1.48E-04,3.80E-06,2.32E-05,3.53E-07,,,6.00E-09,4.94E-10,3.95E-06,2.40E-08,1.40E-03,1.03E-05,1.57E-07,6.45E-09,,,,,1.98E-08,4.13E-09,2.12E-09,3.63E-10,,,2.77E-07,1.13E-08,,,4.07E-09,2.29E-10,1.93E-06,2.02E-08,,,2.02E-08,9.10E-10,,,,,,,,,,,1.31E-06,1.05E-08,2.99E-10,1.60E-11,,,,,3.01E-10,3.80E-11,2.13E-05,2.30E-06,2.97E-09,3.20E-10
MZT1-5XXD,9/14/18,7.81,,139,0.143,3.061,0.015,3.046,0.0032,0.005,,0.396,0.0005,3.95E-07,3.15E-08,,,1.42E-07,5.21E-08,6.61E-05,1.03E-06,4.46E-04,5.04E-06,4.94E-07,4.64E-08,1.51E-04,1.98E-06,2.54E-05,3.35E-07,2.00E-09,2.24E-10,1.03E-08,1.49E-10,5.06E-06,5.35E-08,1.39E-03,1.32E-05,3.04E-07,3.89E-09,,,,,4.05E-08,1.28E-09,3.25E-09,3.55E-10,6.13E-09,3.23E-10,,,,,3.51E-09,1.74E-10,1.85E-06,8.55E-09,,,1.50E-08,8.46E-10,,,,,,,,,,,1.37E-06,1.71E-08,3.71E-10,7.21E-11,,,,,2.82E-10,4.27E-11,2.23E-05,2.76E-06,1.92E-09,8.21E-10
MZT1-5XXD,9/27/18,,,,0.241,2.989,0.038,2.951,0.0038,0.005,,0.391,0.0005,4.19E-07,6.42E-08,,,1.46E-07,1.01E-07,6.76E-05,1.92E-06,4.60E-04,6.53E-06,8.90E-07,5.29E-08,1.55E-04,3.62E-06,2.66E-05,4.20E-07,,,9.59E-09,2.80E-10,5.21E-06,6.69E-08,1.38E-03,7.31E-06,6.04E-07,4.00E-09,,,,,6.32E-08,2.08E-09,4.36E-09,2.04E-10,8.51E-09,4.76E-10,,,,,3.49E-09,2.17E-10,1.91E-06,1.33E-08,,,1.47E-08,1.05E-09,,,,,,,,,,,1.48E-06,1.46E-08,3.69E-10,6.99E-11,5.38E-10,1.63E-10,,,2.99E-10,6.34E-11,2.26E-05,2.80E-06,2.28E-09,6.37E-10
MZT1-5XXD,10/3/18,,,,0.115,3.09,0.006,3.084,0.0033,0.004,0.002,0.395,0.0005,4.15E-07,2.65E-08,,,1.47E-07,4.97E-08,6.71E-05,3.24E-07,4.56E-04,4.57E-06,3.90E-07,4.28E-08,1.56E-04,3.49E-06,2.54E-05,3.96E-07,,,6.82E-09,2.85E-10,4.67E-06,3.79E-08,1.43E-03,1.51E-05,3.24E-07,3.63E-09,,,,,3.60E-08,1.68E-09,3.23E-09,3.13E-10,5.01E-09,4.58E-10,,,,,3.15E-09,2.36E-10,1.88E-06,2.08E-08,,,1.38E-08,8.51E-10,,,,,,,,,,,1.40E-06,1.68E-08,3.27E-10,3.03E-11,,,,,3.23E-10,2.78E-11,2.16E-05,2.74E-06,,
MZT2-1D,6/1/18,7.29,349,29,,4.069,0.145,3.924,0.0016,0.017,0.015,0.23,0.0005,3.83E-07,4.62E-08,,,2.27E-07,2.47E-08,1.02E-04,8.77E-07,3.12E-04,2.02E-06,,,1.30E-04,1.37E-06,1.90E-05,2.01E-07,,,,,2.75E-06,1.76E-08,1.58E-03,1.19E-05,2.29E-05,1.31E-07,,,4.07E-08,5.15E-09,3.87E-08,1.71E-09,1.21E-08,3.10E-10,1.72E-08,1.07E-09,2.90E-07,6.01E-09,,,3.03E-09,2.77E-10,2.44E-06,2.36E-08,,,1.40E-08,3.75E-10,,,,,,,,,,,1.06E-06,8.47E-09,2.06E-10,2.80E-11,,,,,2.27E-09,1.38E-10,7.40E-06,1.11E-06,9.04E-09,1.34E-09
MZT2-1D,6/6/18,7.16,322,100,,3.503,0.096,3.407,0.0017,0.01,0.009,0.218,0.0005,3.48E-07,3.72E-08,,,1.70E-07,1.62E-08,9.03E-05,1.20E-06,2.74E-04,1.60E-06,,,1.08E-04,1.03E-06,1.78E-05,3.48E-07,,,,,1.50E-06,1.33E-08,1.40E-03,1.14E-05,4.25E-06,2.66E-08,,,,,3.13E-08,2.23E-09,7.43E-09,3.07E-10,,,,,,,2.71E-09,1.71E-10,2.13E-06,1.86E-08,,,1.38E-08,1.10E-09,,,,,,,,,,,9.55E-07,1.38E-08,1.96E-10,3.72E-11,,,,,1.79E-09,8.55E-11,7.15E-06,1.09E-06,5.65E-09,5.62E-10
MZT2-1D,6/8/18,7.46,313,75,,3.514,0.114,3.4,0.0016,0.012,0.01,0.217,0.0005,3.54E-07,3.52E-08,,,1.73E-07,1.51E-08,9.36E-05,1.83E-06,2.50E-04,3.58E-06,,,1.03E-04,1.20E-06,1.81E-05,3.11E-07,,,1.81E-09,3.92E-10,1.20E-06,1.49E-08,1.27E-03,6.14E-06,2.84E-06,2.08E-08,,,,,3.30E-08,1.79E-09,2.52E-08,4.22E-10,2.07E-07,1.50E-09,3.92E-07,6.76E-09,,,2.98E-09,2.36E-10,1.93E-06,1.62E-08,,,1.35E-08,9.12E-10,,,,,,,,,,,8.77E-07,9.90E-09,1.84E-10,3.37E-11,2.11E-09,1.34E-10,,,1.61E-09,5.41E-11,7.25E-06,1.06E-06,6.56E-09,1.23E-09
MZT2-1D,6/11/18,,,,,3.649,0.08,3.568,0.0015,0.011,0.013,0.207,0.0005,3.93E-07,4.53E-08,,,1.70E-07,4.12E-09,9.20E-05,1.89E-06,2.82E-04,4.08E-06,1.18E-07,8.15E-08,1.14E-04,1.47E-06,1.85E-05,2.22E-07,,,3.20E-09,4.05E-10,1.56E-06,1.58E-08,1.45E-03,5.28E-06,3.89E-06,2.06E-08,,,,,3.20E-08,9.52E-10,7.50E-09,4.43E-10,3.54E-08,1.28E-09,,,,,2.72E-09,2.32E-10,2.19E-06,1.55E-08,,,1.48E-08,8.65E-10,,,,,,,,,,,9.92E-07,1.03E-08,2.04E-10,3.43E-11,,,,,1.82E-09,1.06E-10,7.13E-06,9.47E-07,8.08E-09,2.99E-10
MZT2-1D,6/13/18,7.47,250,52,,3.502,0.133,3.369,,0.01,0.013,0.21,0.0005,,,,,4.71E-07,1.58E-08,8.51E-05,1.72E-06,2.46E-04,8.98E-06,1.62E-07,4.46E-08,1.02E-04,7.62E-07,1.72E-05,3.18E-07,,,,,1.39E-06,1.30E-08,1.27E-03,4.42E-06,4.10E-06,1.67E-08,,,,,1.70E-08,2.11E-09,,,9.41E-09,4.30E-10,,,,,2.64E-09,1.62E-10,1.90E-06,1.34E-08,,,1.36E-08,4.76E-10,,,,,,,,,,,8.63E-07,6.79E-09,2.61E-10,4.66E-11,,,,,1.61E-09,1.72E-10,9.07E-06,1.24E-06,3.83E-09,8.97E-10
MZT2-1D,6/15/18,,,,,3.485,0.098,3.387,,0.012,0.011,0.209,0.0005,,,,,4.79E-07,1.01E-08,8.29E-05,1.79E-06,2.32E-04,8.80E-06,,,1.04E-04,1.64E-06,1.70E-05,3.26E-07,,,4.27E-08,1.61E-09,1.37E-06,1.71E-08,1.18E-03,6.32E-06,8.73E-06,9.03E-08,,,,,2.17E-08,1.41E-09,,,1.98E-08,3.63E-10,,,,,3.41E-09,1.04E-10,1.79E-06,1.11E-08,,,1.47E-08,9.06E-10,,,,,,,,,,,8.17E-07,4.87E-09,1.93E-10,1.71E-11,,,,,1.56E-09,1.05E-10,9.67E-06,1.13E-06,5.29E-09,1.22E-09
MZT2-1D,6/20/18,,409,-24,,3.868,0.073,3.795,,0.012,0.016,0.138,0.0005,,,,,5.00E-07,9.99E-09,8.78E-05,1.84E-06,2.65E-04,1.17E-05,,,1.11E-04,1.35E-06,1.83E-05,3.36E-07,,,,,1.80E-06,2.24E-08,1.39E-03,9.37E-06,6.67E-06,3.88E-08,,,,,1.92E-08,2.33E-09,,,3.94E-09,2.35E-10,,,,,2.94E-09,2.05E-10,2.10E-06,1.31E-08,,,1.32E-08,9.23E-10,,,,,,,,,,,9.61E-07,7.95E-09,2.30E-10,2.69E-11,,,,,1.74E-09,1.24E-10,9.55E-06,1.21E-06,6.64E-09,1.27E-09
MZT2-1D,6/22/18,,347,-44,,3.803,0.078,3.725,0.0018,0.009,0.012,0.205,0.0005,,,,,5.03E-07,1.60E-08,8.89E-05,4.41E-07,2.73E-04,1.32E-05,,,1.11E-04,2.35E-06,1.89E-05,3.58E-07,,,3.45E-09,3.05E-10,1.99E-06,2.16E-08,1.44E-03,1.05E-05,7.74E-06,4.99E-08,,,,,1.87E-08,2.98E-09,,,3.97E-09,6.63E-10,,,,,3.36E-09,1.23E-10,2.18E-06,1.57E-08,,,1.37E-08,8.99E-10,,,,,,,,,,,9.98E-07,1.27E-08,2.42E-10,2.99E-11,,,,,1.86E-09,5.60E-11,9.18E-06,1.30E-06,5.90E-09,8.07E-10
MZT2-1D,6/26/18,,,,,4.446,0.092,4.354,0.001,0.01,0.011,0.186,0.0005,,,,,5.34E-07,3.25E-08,9.31E-05,1.21E-06,2.89E-04,1.25E-05,,,1.21E-04,1.75E-06,1.94E-05,3.45E-07,,,5.51E-09,5.26E-10,2.72E-06,3.13E-08,1.58E-03,3.96E-06,1.13E-05,6.78E-08,,,,,2.54E-08,2.99E-09,,,4.23E-09,3.46E-10,,,,,3.22E-09,1.75E-10,2.39E-06,1.74E-08,,,1.33E-08,9.79E-10,,,,,,,,,,,1.11E-06,5.18E-09,2.01E-10,5.52E-11,,,,,2.30E-09,4.83E-11,9.38E-06,1.02E-06,7.80E-09,1.37E-09
MZT2-1D,6/28/18,7.24,395,-24,,4.47,0.086,4.383,,0.009,0.016,0.183,0.0005,4.28E-07,4.06E-08,,,5.34E-07,2.86E-08,1.07E-04,1.40E-06,3.37E-04,1.61E-06,5.66E-07,2.64E-08,1.32E-04,3.53E-07,2.23E-05,4.49E-07,,,2.13E-09,2.53E-10,3.45E-06,4.48E-08,1.86E-03,7.46E-06,1.28E-05,3.19E-08,,,,,5.06E-08,1.95E-09,1.49E-08,3.72E-10,,,3.06E-07,1.23E-08,,,3.44E-09,1.53E-10,2.87E-06,1.21E-08,,,1.23E-08,4.56E-10,,,,,,,,,,,1.29E-06,7.70E-09,3.06E-10,2.36E-11,,,,,2.71E-09,8.31E-11,8.55E-06,8.63E-07,1.14E-08,1.70E-09
MZT2-1D,7/3/18,7.07,399,-63,,4.425,0.08,4.345,0.0014,0.008,0.01,0.22,0.0005,4.27E-07,4.38E-08,,,5.48E-07,2.13E-08,9.98E-05,1.52E-06,3.06E-04,1.33E-06,8.06E-07,3.61E-08,1.33E-04,5.93E-07,2.07E-05,3.48E-07,,,,,3.85E-06,5.53E-08,1.72E-03,9.47E-06,2.27E-05,9.83E-08,,,,,4.81E-08,2.18E-09,1.49E-08,6.40E-10,,,3.04E-07,1.36E-08,,,3.37E-09,2.28E-10,2.68E-06,1.88E-08,,,1.17E-08,3.76E-10,,,,,,,,,,,1.20E-06,8.22E-09,3.03E-10,8.70E-11,,,,,2.46E-09,1.80E-10,9.70E-06,1.25E-06,1.30E-08,1.95E-09
MZT2-1D,7/5/18,7.01,425,-81,,4.69,0.08,4.611,0.0031,0.008,0.02,0.196,0.0005,4.17E-07,2.24E-08,,,6.00E-07,2.32E-08,8.86E-05,1.37E-06,2.56E-04,1.24E-06,7.80E-07,2.83E-08,1.44E-04,4.38E-07,1.80E-05,3.04E-07,,,2.90E-09,1.96E-10,4.43E-06,6.56E-08,1.49E-03,6.22E-06,2.53E-05,1.06E-07,,,,,4.69E-08,1.20E-09,1.65E-08,3.81E-10,1.06E-08,8.54E-10,3.72E-07,1.64E-08,,,3.34E-09,1.35E-10,2.35E-06,1.03E-08,,,1.15E-08,5.52E-10,,,,,,,,,,,1.05E-06,6.93E-09,2.75E-10,3.78E-11,,,,,2.44E-09,8.97E-11,1.04E-05,1.25E-06,1.65E-08,2.15E-09
MZT2-1D,7/9/18,6.88,386,-93,,4.422,0.085,4.337,0.0054,0.007,0.011,0.227,0.0005,4.67E-07,6.26E-08,,,6.51E-07,2.86E-08,1.01E-04,2.56E-06,2.68E-04,4.63E-06,,,1.39E-04,2.36E-06,2.05E-05,5.02E-07,,,5.16E-09,6.15E-10,4.48E-06,7.51E-08,1.60E-03,1.89E-05,4.80E-05,2.43E-07,,,,,3.99E-08,2.00E-09,1.49E-08,1.82E-10,,,2.52E-07,4.11E-09,,,3.67E-09,1.72E-10,2.59E-06,1.60E-08,,,1.36E-08,1.84E-09,6.79E-09,5.09E-10,,,,,,,,,1.16E-06,1.29E-08,3.41E-10,6.47E-11,,,5.73E-10,9.03E-11,2.13E-09,6.98E-11,1.02E-05,7.58E-07,1.98E-08,2.12E-09
MZT2-1D,7/11/18,6.71,388,-88,,4.699,0.082,4.616,0.0037,0.008,0.01,0.212,0.0005,4.63E-07,3.14E-08,,,6.26E-07,1.35E-08,1.05E-04,1.92E-06,2.95E-04,2.89E-06,2.81E-07,3.97E-08,1.44E-04,2.08E-06,2.16E-05,4.28E-07,,,,,4.89E-06,7.74E-08,1.74E-03,1.50E-05,6.14E-05,4.33E-07,,,,,4.61E-08,3.35E-09,1.53E-08,8.20E-10,,,2.74E-07,7.90E-09,,,3.78E-09,1.94E-10,2.83E-06,1.49E-08,,,1.26E-08,8.18E-10,3.82E-09,4.32E-10,,,,,,,,,1.26E-06,2.45E-08,3.59E-10,7.95E-11,,,2.33E-10,1.64E-11,2.18E-09,5.61E-11,8.65E-06,3.21E-07,1.97E-08,1.21E-09
MZT2-1D,7/20/18,,,,,,,,,,,,,,,,,,,,,,,,,,,,,,,,,,,,,,,,,,,,,,,,,,,,,,,,,,,,,,,,,,,,,,,,,,,,,,,,,,,,
MZT2-1D,7/24/18,7.03,,-11.1,0.067,4.226,0.067,4.159,0.0023,0.007,0.009,0.276,0.0005,4.28E-07,5.47E-08,,,5.62E-07,2.51E-08,9.63E-05,1.27E-06,2.86E-04,3.31E-06,3.84E-07,5.02E-08,1.38E-04,2.10E-06,2.15E-05,3.05E-07,,,2.45E-08,5.43E-10,3.97E-06,5.17E-08,1.69E-03,1.06E-05,4.80E-05,2.47E-07,,,,,4.60E-08,1.70E-09,1.15E-08,3.22E-10,,,2.76E-07,6.74E-09,,,3.98E-09,2.36E-10,2.74E-06,1.83E-08,,,1.32E-08,6.51E-10,,,,,,,,,,,1.22E-06,9.41E-09,3.08E-10,3.99E-11,,,,,1.86E-09,9.40E-11,9.92E-06,9.02E-07,1.94E-08,1.70E-09
MZT2-1D,8/11/18,7.13,369,-47,0.221,3.441,0.076,3.366,0.0018,0.007,,0.392,0.0005,3.31E-07,5.30E-08,,,1.58E-07,3.21E-08,1.37E-04,3.73E-06,3.82E-04,2.65E-06,,,1.40E-04,2.90E-06,2.69E-05,4.49E-07,1.95E-09,1.94E-10,,,1.06E-06,3.16E-09,1.66E-03,1.45E-05,1.11E-05,1.09E-07,,,,,7.23E-09,3.19E-09,5.30E-09,2.53E-10,,,3.92E-07,1.05E-08,,,3.86E-09,1.02E-10,2.72E-06,2.39E-08,,,1.96E-08,1.88E-10,,,,,,,,,,,1.19E-06,4.90E-09,3.11E-10,2.37E-11,,,,,1.69E-09,6.84E-11,2.36E-05,2.61E-06,1.27E-08,1.49E-09
MZT2-1D,8/15/18,7.26,350,-32,0.513,4.035,0.12,3.915,0.0015,0.011,0.001,0.399,0.0006,3.96E-07,4.69E-08,,,1.37E-07,2.13E-08,1.79E-04,3.48E-06,4.21E-04,9.24E-06,,,1.42E-04,2.18E-06,2.86E-05,4.71E-07,2.32E-09,2.67E-10,,,7.66E-07,5.13E-09,1.84E-03,1.67E-05,4.69E-06,3.95E-08,,,,,1.90E-08,3.44E-09,5.11E-09,2.78E-10,,,3.95E-07,9.39E-09,,,4.29E-09,2.12E-10,3.03E-06,1.73E-08,,,1.95E-08,1.30E-09,,,,,,,,,,,1.35E-06,6.27E-09,3.34E-10,6.50E-11,,,,,2.30E-09,1.72E-10,2.45E-05,2.41E-06,1.01E-08,1.14E-09
MZT2-1D,8/20/18,7.2,,-8,0.859,4.321,0.108,4.212,0.0013,0.013,0.001,0.401,0.0005,2.98E-07,7.76E-08,,,2.05E-07,1.97E-08,1.79E-04,1.81E-06,4.02E-04,7.10E-06,,,1.31E-04,2.96E-06,2.96E-05,2.22E-07,2.99E-09,1.83E-10,1.93E-08,3.46E-10,1.01E-06,1.09E-08,1.86E-03,1.68E-05,1.93E-06,1.26E-07,,,,,2.98E-08,3.03E-09,4.99E-09,2.90E-10,1.81E-08,1.76E-09,5.16E-07,8.77E-09,,,4.93E-09,1.83E-10,3.27E-06,2.44E-08,,,1.98E-08,5.21E-10,,,,,,,,,,,1.34E-06,1.27E-08,3.27E-10,4.60E-11,,,,,3.19E-09,1.02E-10,2.37E-05,2.59E-06,8.60E-09,1.11E-09
MZT2-1D,8/24/18,,,,,3.945,0.086,3.859,0.0014,0.012,,0.447,0.0005,3.03E-07,8.02E-08,,,1.68E-07,2.22E-08,1.73E-04,2.22E-06,4.17E-04,8.74E-06,,,1.36E-04,2.84E-06,2.68E-05,3.59E-07,2.64E-09,2.84E-10,2.25E-09,4.20E-10,9.11E-07,7.32E-09,1.99E-03,2.09E-05,1.80E-06,1.60E-08,,,,,3.26E-08,3.38E-09,3.50E-09,4.61E-10,,,3.89E-07,1.53E-08,,,4.68E-09,1.69E-10,3.59E-06,4.21E-08,,,2.09E-08,7.14E-10,,,,,,,,,,,1.38E-06,1.31E-08,3.51E-10,4.35E-11,,,,,3.69E-09,2.31E-10,2.85E-05,3.29E-06,7.10E-09,6.93E-10
MZT2-1D,8/29/18,6.97,,-23,0.998,4.964,0.115,4.849,0.0014,0.013,,0.369,0.0005,3.42E-07,8.97E-08,,,,,2.18E-04,3.46E-06,4.13E-04,5.83E-06,2.14E-07,7.98E-08,1.51E-04,3.16E-06,2.35E-05,4.33E-07,3.42E-09,2.67E-10,5.94E-08,1.98E-09,3.72E-06,5.25E-08,2.21E-03,4.05E-05,7.18E-06,4.36E-08,,,,,2.97E-08,3.29E-09,1.02E-08,3.32E-10,,,4.22E-07,1.19E-08,,,4.87E-09,1.84E-10,4.25E-06,3.40E-08,,,2.25E-08,1.00E-09,,,,,,,,,,,1.43E-06,7.99E-09,3.56E-10,5.77E-11,,,,,3.89E-09,1.16E-10,2.63E-05,3.12E-06,1.37E-08,5.15E-10
MZT2-1D,9/6/18,7.21,,-13,0.998,4.139,0.101,4.038,0.0014,0.013,,0.401,0.0005,3.28E-07,6.75E-08,,,3.67E-07,2.26E-08,1.54E-04,4.25E-06,3.19E-04,7.79E-06,,,1.18E-04,4.25E-06,2.14E-05,2.28E-07,,,,,2.72E-06,2.68E-08,1.70E-03,3.07E-05,5.48E-06,7.06E-08,,,,,1.49E-08,3.83E-09,7.16E-09,2.13E-10,,,3.59E-07,9.44E-09,,,3.96E-09,2.67E-10,3.42E-06,2.72E-08,,,2.12E-08,4.46E-10,,,,,,,,,,,1.17E-06,3.72E-09,3.16E-10,5.73E-11,,,,,3.05E-09,1.54E-10,1.96E-05,2.43E-06,9.52E-09,9.30E-10
MZT2-1D,9/14/18,7.42,,66,1.4,3.624,0.068,3.556,0.0032,0.009,,0.355,0.0005,3.48E-07,6.23E-08,,,1.85E-07,3.30E-08,2.55E-04,2.51E-06,3.25E-04,4.15E-06,6.44E-07,5.00E-08,1.25E-04,2.20E-06,2.19E-05,4.23E-07,,,1.08E-08,2.02E-10,2.92E-06,3.28E-08,1.59E-03,1.38E-05,5.34E-06,3.69E-08,,,1.32E-07,2.89E-09,5.00E-08,1.22E-09,5.75E-09,3.60E-10,1.31E-08,7.57E-10,2.64E-07,6.46E-09,,,3.82E-09,1.43E-10,3.24E-06,2.23E-08,,,1.95E-08,9.34E-10,,,,,,,,,,,9.86E-07,1.28E-08,2.30E-10,2.50E-11,,,,,2.49E-09,9.75E-11,7.87E-05,2.40E-06,7.53E-09,8.34E-10
MZT2-1D,9/27/18,,,,0.207,3.433,0.087,3.346,0.0031,0.013,,0.426,0.0006,3.04E-07,3.62E-08,,,,,1.19E-04,1.64E-06,3.37E-04,3.14E-06,6.53E-07,5.17E-08,1.27E-04,2.98E-06,1.98E-05,4.49E-07,1.91E-09,1.87E-10,3.84E-08,2.58E-09,2.42E-06,2.45E-08,1.60E-03,1.40E-05,3.63E-06,4.69E-08,,,,,5.52E-08,2.00E-09,5.66E-09,1.44E-10,9.63E-09,3.81E-10,,,,,3.75E-09,2.94E-10,3.38E-06,3.65E-08,,,2.03E-08,9.80E-10,,,,,,,,,,,9.58E-07,6.46E-09,2.45E-10,6.03E-11,,,,,2.19E-09,3.55E-11,2.29E-05,3.22E-06,7.89E-09,7.65E-10
MZT2-1D,10/3/18,,,,,3.435,0.083,3.352,0.0033,0.015,0.003,0.439,0.0005,2.86E-07,2.87E-08,,,1.74E-07,5.45E-08,1.21E-04,1.41E-06,3.08E-04,5.25E-06,1.30E-06,4.31E-08,1.18E-04,3.30E-06,2.04E-05,2.55E-07,,,2.08E-08,5.32E-10,3.82E-06,2.16E-08,1.52E-03,1.82E-05,5.65E-06,2.08E-08,,,,,6.54E-08,2.48E-09,6.87E-09,3.74E-10,2.21E-08,1.27E-09,4.28E-07,1.01E-08,,,3.88E-09,1.81E-10,3.27E-06,3.56E-08,,,1.78E-08,8.82E-10,,,,,,,,,,,9.47E-07,8.13E-09,2.45E-10,2.05E-11,,,,,2.23E-09,1.23E-10,2.22E-05,3.28E-06,1.02E-08,1.38E-09
MZT2-1D,11/6/18,,,,,4.376,0.118,4.258,0.0036,0.013,0.001,0.367,0.0005,,,,,,,,,,,,,,,,,,,,,,,,,,,,,,,,,,,,,,,,,,,,,,,,,,,,,,,,,,,,,,,,,,,,,,,,
MZT2-1M,6/1/18,6.99,932,92,,,,,,,,,,,,,,,,,,,,,,,,,,,,,,,,,,,,,,,,,,,,,,,,,,,,,,,,,,,,,,,,,,,,,,,,,,,,,,,,,
MZT2-1M,6/6/18,,,,,,,,,,,,,,,,,,,,,,,,,,,,,,,,,,,,,,,,,,,,,,,,,,,,,,,,,,,,,,,,,,,,,,,,,,,,,,,,,,,,
MZT2-1M,6/8/18,,,,,,,,,,,,,,,,,,,,,,,,,,,,,,,,,,,,,,,,,,,,,,,,,,,,,,,,,,,,,,,,,,,,,,,,,,,,,,,,,,,,
MZT2-1M,6/11/18,,,,,,,,,,,,,,,,,,,,,,,,,,,,,,,,,,,,,,,,,,,,,,,,,,,,,,,,,,,,,,,,,,,,,,,,,,,,,,,,,,,,
MZT2-1M,6/13/18,,,,,,,,,,,,,,,,,,,,,,,,,,,,,,,,,,,,,,,,,,,,,,,,,,,,,,,,,,,,,,,,,,,,,,,,,,,,,,,,,,,,
MZT2-1M,8/11/18,6.98,976,-2,1.4,14.521,0.43,14.091,0.0037,0.007,0.003,0.31,0.0005,6.86E-07,6.65E-08,,,2.09E-07,2.59E-08,4.48E-04,5.91E-06,7.23E-04,1.71E-05,,,1.90E-04,4.20E-06,2.96E-05,2.36E-07,2.64E-09,2.55E-10,2.18E-08,1.04E-09,1.70E-05,1.83E-07,5.43E-03,3.94E-05,5.77E-06,4.84E-08,,,6.03E-08,5.60E-09,1.59E-07,7.08E-09,4.45E-08,1.02E-09,8.10E-09,1.65E-09,9.63E-06,9.61E-08,,,9.66E-09,2.49E-10,1.87E-05,1.20E-07,,,2.88E-08,1.21E-09,,,1.10E-09,4.56E-10,,,,,,,2.73E-06,1.71E-08,6.39E-10,7.11E-11,,,,,2.71E-08,3.63E-10,1.92E-05,1.78E-06,1.89E-08,1.26E-09
MZT2-1M,8/15/18,6.96,983,-16,1.5,15.229,0.367,14.862,0.0032,0.005,,0.312,0.0005,7.01E-07,5.03E-08,,,,,3.38E-04,6.45E-06,8.00E-04,1.81E-05,,,2.02E-04,5.11E-06,2.72E-05,8.47E-08,2.70E-09,2.84E-10,3.82E-08,6.37E-10,1.97E-05,1.78E-07,5.85E-03,7.34E-05,1.52E-05,2.23E-07,,,,,1.80E-07,5.74E-09,4.25E-08,7.35E-10,8.18E-09,1.36E-09,6.10E-07,1.70E-08,,,8.47E-09,4.27E-10,1.67E-05,2.47E-07,,,3.08E-08,6.08E-10,,,,,,,,,,,2.82E-06,1.96E-08,7.15E-10,9.88E-11,,,,,2.49E-08,2.15E-10,2.12E-05,1.85E-06,2.04E-08,1.14E-09
MZT2-1M,8/20/18,6.93,,-23,0.636,13.739,0.355,13.384,0.0025,0.003,,0.465,0.0005,5.00E-07,6.79E-08,,,,,1.96E-04,5.49E-06,7.27E-04,1.40E-05,,,1.79E-04,5.55E-06,2.50E-05,5.51E-07,1.94E-09,2.16E-10,2.12E-09,3.72E-10,1.50E-05,1.43E-07,5.05E-03,5.93E-05,8.75E-06,9.50E-08,,,,,1.21E-07,6.87E-09,2.93E-08,8.26E-10,1.75E-08,1.06E-09,6.22E-07,1.55E-08,,,8.05E-09,2.65E-10,1.20E-05,1.36E-07,,,3.22E-08,8.24E-10,,,,,,,,,,,2.21E-06,1.28E-08,5.38E-10,6.44E-11,,,,,2.11E-08,1.18E-10,2.63E-05,2.93E-06,1.50E-08,1.34E-09
MZT2-1M,8/24/18,,,,,9.634,0.335,9.299,0.0017,0.006,,0.707,0.0005,3.24E-07,3.74E-08,,,,,1.79E-04,3.45E-06,6.16E-04,1.27E-05,,,1.66E-04,3.76E-06,1.77E-05,2.35E-07,2.20E-09,1.59E-10,1.20E-08,5.73E-10,5.10E-06,2.81E-08,4.10E-03,5.83E-05,1.51E-06,1.97E-08,,,,,1.13E-07,5.62E-09,1.08E-08,3.40E-10,2.05E-08,1.01E-09,4.79E-07,5.20E-09,,,5.80E-09,3.59E-10,8.05E-06,6.22E-08,,,3.31E-08,1.01E-09,,,,,,,,,,,1.49E-06,8.97E-09,3.75E-10,3.78E-11,,,,,1.72E-08,2.48E-10,3.68E-05,4.66E-06,6.62E-09,5.65E-10
MZT2-1M,8/29/18,6.89,,-57,0.691,7.868,0.268,7.6,0.002,0.007,,0.338,0.0005,3.32E-07,3.70E-08,,,,,1.60E-04,4.20E-06,4.82E-04,1.43E-05,,,1.82E-04,2.93E-06,1.70E-05,1.73E-07,1.63E-09,1.91E-10,,,1.37E-05,1.65E-07,3.20E-03,5.41E-05,7.87E-06,3.90E-08,,,,,1.21E-07,2.90E-09,2.50E-08,1.09E-09,1.24E-08,9.92E-10,1.15E-06,1.01E-08,,,5.25E-09,1.59E-10,6.46E-06,2.28E-08,,,3.48E-08,1.33E-09,,,,,,,,,,,1.24E-06,8.50E-09,3.10E-10,5.74E-11,,,,,8.74E-09,2.78E-10,2.26E-05,2.15E-06,1.33E-08,1.39E-09
MZT2-1M,9/6/18,7.2,,54,0.7,5.842,0.253,5.589,0.0017,0.009,,0.601,0.0005,1.78E-07,4.42E-08,,,,,1.88E-04,1.62E-06,4.11E-04,8.27E-06,,,1.50E-04,2.59E-06,1.04E-05,8.62E-08,1.79E-09,2.07E-10,,,4.91E-06,4.07E-08,2.74E-03,3.97E-05,1.93E-06,1.97E-08,,,,,5.10E-08,5.25E-09,9.66E-09,5.01E-10,,,3.94E-07,8.97E-09,,,3.54E-09,2.25E-10,5.26E-06,5.16E-08,,,3.23E-08,5.34E-10,,,,,,,,,,,9.00E-07,7.09E-09,2.17E-10,2.20E-11,,,,,8.01E-09,1.62E-10,3.46E-05,4.51E-06,6.54E-09,5.97E-10
MZT2-1M,9/14/18,7.29,,79,0.477,4.695,0.165,4.53,0.0033,0.011,0.003,0.4,0.0005,2.72E-07,3.32E-08,,,,,1.33E-04,2.12E-06,3.05E-04,4.21E-06,4.84E-07,4.93E-08,1.63E-04,2.97E-06,1.06E-05,2.40E-07,,,6.94E-09,1.04E-10,1.31E-05,1.55E-07,2.05E-03,3.53E-05,5.75E-06,5.22E-08,,,,,8.52E-08,3.05E-09,1.91E-08,6.34E-10,7.79E-09,5.85E-10,,,,,2.99E-09,1.85E-10,4.11E-06,3.48E-08,,,3.37E-08,8.97E-10,,,,,,,,,,,8.31E-07,6.86E-09,2.10E-10,3.90E-11,,,,,3.93E-09,1.05E-10,2.03E-05,2.85E-06,1.10E-08,1.79E-09
MZT2-1M,9/27/18,,,,0.83,3.134,0.112,3.022,0.0027,0.012,,0.472,0.0005,2.42E-07,4.08E-08,,,,,1.21E-04,2.67E-06,2.70E-04,4.06E-06,5.14E-07,6.12E-08,1.13E-04,3.50E-06,1.51E-05,1.78E-07,,,3.15E-09,2.00E-10,5.91E-06,3.53E-08,1.52E-03,1.39E-05,2.73E-06,2.23E-08,,,,,5.39E-08,1.59E-09,8.38E-09,4.72E-10,1.41E-08,8.14E-10,,,,,3.21E-09,1.98E-10,2.97E-06,3.78E-08,,,3.29E-08,1.04E-09,,,,,,,,,,,5.55E-07,3.78E-09,1.42E-10,1.82E-11,,,,,3.38E-09,1.42E-10,2.55E-05,3.84E-06,6.88E-09,8.19E-10
MZT2-1M,10/3/18,,,,,2.918,0.153,2.765,0.0031,0.02,0.007,0.506,0.0008,3.45E-07,6.34E-08,,,,,1.04E-04,8.71E-07,2.90E-04,3.30E-06,9.79E-07,5.27E-08,1.11E-04,1.95E-06,2.69E-05,3.92E-07,,,4.47E-09,1.72E-10,2.41E-06,2.64E-08,1.45E-03,9.97E-06,1.18E-06,7.29E-09,,,,,4.74E-08,9.08E-10,4.08E-09,4.23E-10,1.54E-08,5.94E-10,,,,,5.03E-09,1.18E-10,3.01E-06,3.37E-08,,,2.68E-08,7.18E-10,,,,,,,,,,,6.07E-07,5.85E-09,1.61E-10,3.49E-11,4.72E-10,6.05E-11,,,3.07E-09,1.31E-10,2.72E-05,4.17E-06,5.17E-09,1.24E-09
MZT2-1S,6/1/18,,,,,,,,,,,,,,,,,,,,,,,,,,,,,,,,,,,,,,,,,,,,,,,,,,,,,,,,,,,,,,,,,,,,,,,,,,,,,,,,,,,,
MZT2-1S,6/6/18,,,,,,,,,,,,,,,,,,,,,,,,,,,,,,,,,,,,,,,,,,,,,,,,,,,,,,,,,,,,,,,,,,,,,,,,,,,,,,,,,,,,
MZT2-1S,6/8/18,,,,,,,,,,,,,,,,,,,,,,,,,,,,,,,,,,,,,,,,,,,,,,,,,,,,,,,,,,,,,,,,,,,,,,,,,,,,,,,,,,,,
MZT2-1S,6/11/18,,,,,,,,,,,,,,,,,,,,,,,,,,,,,,,,,,,,,,,,,,,,,,,,,,,,,,,,,,,,,,,,,,,,,,,,,,,,,,,,,,,,
MZT2-1S,6/13/18,,,,,,,,,,,,,,,,,,,,,,,,,,,,,,,,,,,,,,,,,,,,,,,,,,,,,,,,,,,,,,,,,,,,,,,,,,,,,,,,,,,,
MZT2-1S,9/27/18,,,,1.2,3.062,0.104,2.958,0.003,0.013,0.001,0.487,0.0005,2.66E-07,4.80E-08,,,,,1.22E-04,2.21E-06,2.67E-04,4.33E-06,3.59E-07,4.89E-08,1.10E-04,2.55E-06,1.60E-05,1.87E-07,2.26E-09,2.34E-10,1.82E-08,3.31E-10,8.45E-07,7.31E-09,1.54E-03,1.91E-05,6.63E-07,4.40E-09,,,,,5.29E-08,1.62E-09,2.62E-09,2.93E-10,1.29E-08,5.01E-10,,,,,3.82E-09,1.70E-10,3.78E-06,4.44E-08,,,2.90E-08,8.80E-10,,,,,,,,,,,5.37E-07,4.42E-09,1.26E-10,5.54E-11,,,,,3.59E-09,5.95E-11,2.48E-05,3.46E-06,2.94E-09,9.23E-10
MZT2-1S,10/3/18,,,,,2.896,0.154,2.742,0.003,0.02,,0.466,0.0005,3.48E-07,4.61E-08,,,,,1.05E-04,1.65E-06,2.67E-04,5.71E-06,6.25E-07,4.29E-08,1.10E-04,2.68E-06,2.51E-05,3.70E-07,,,8.04E-09,8.67E-10,1.57E-06,1.29E-08,1.40E-03,1.84E-05,8.07E-07,9.39E-09,,,,,4.68E-08,2.57E-09,3.92E-09,1.27E-10,1.49E-08,1.12E-09,2.64E-07,5.24E-09,,,5.24E-09,2.61E-10,3.38E-06,3.31E-08,,,2.75E-08,7.62E-10,,,,,,,,,,,5.40E-07,5.74E-09,1.55E-10,5.16E-11,,,,,2.84E-09,1.49E-10,2.40E-05,3.32E-06,4.89E-09,7.98E-10
MZT2-1XD,11/6/18,,,,,3.033,0.062,2.972,0.0025,0.011,,0.428,0.0005,,,,,,,,,,,,,,,,,,,,,,,,,,,,,,,,,,,,,,,,,,,,,,,,,,,,,,,,,,,,,,,,,,,,,,,,
MZT2-1XXD,11/6/18,,,,,2.986,0.075,2.911,0.0028,0.006,,0.375,0.0005,,,,,,,,,,,,,,,,,,,,,,,,,,,,,,,,,,,,,,,,,,,,,,,,,,,,,,,,,,,,,,,,,,,,,,,,
MZT2-2D,6/1/18,7.54,332,91,,3.753,0.071,3.681,0.0013,0.021,0.013,0.276,0.0005,3.44E-07,2.96E-08,,,,,8.35E-05,1.55E-06,3.13E-04,5.87E-06,,,1.11E-04,1.41E-06,1.38E-05,2.06E-07,,,1.99E-09,4.47E-10,1.12E-06,1.13E-08,1.50E-03,8.96E-06,5.71E-07,7.23E-09,,,,,3.77E-08,3.17E-09,6.34E-09,2.78E-10,1.45E-08,1.22E-09,4.62E-07,6.50E-09,,,3.03E-09,2.72E-10,2.16E-06,2.05E-08,,,1.40E-08,6.52E-10,,,,,,,,,,,9.47E-07,1.53E-08,2.04E-10,1.73E-11,,,,,1.66E-09,3.79E-11,8.68E-06,1.41E-06,3.23E-09,7.63E-10
MZT2-2D,6/6/18,7.4,376,93,,3.636,0.07,3.566,0.0017,0.018,0.014,0.254,0.0005,3.52E-07,6.09E-08,,,,,8.16E-05,1.67E-06,2.89E-04,3.47E-06,5.45E-07,4.28E-08,1.04E-04,9.17E-07,1.51E-05,2.46E-07,,,3.38E-09,5.85E-10,1.15E-06,1.34E-08,1.40E-03,6.47E-06,9.61E-07,5.30E-09,,,,,3.73E-08,1.61E-09,6.39E-09,3.41E-10,2.49E-08,9.08E-10,3.36E-07,1.20E-08,,,3.39E-09,2.34E-10,2.04E-06,5.59E-09,,,1.28E-08,9.45E-10,,,,,,,,,,,8.61E-07,6.30E-09,1.72E-10,3.43E-11,,,,,1.45E-09,8.94E-11,7.95E-06,1.32E-06,3.47E-09,4.62E-10
MZT2-2D,6/8/18,7.61,333,72,,3.62,0.078,3.542,0.0016,0.017,0.013,0.244,0.0005,3.92E-07,2.30E-08,,,,,8.51E-05,1.74E-06,3.08E-04,5.28E-06,2.87E-07,7.57E-08,1.11E-04,1.13E-06,1.41E-05,1.04E-07,,,,,1.29E-06,1.40E-08,1.51E-03,2.39E-06,1.07E-06,7.93E-09,,,,,3.57E-08,1.65E-09,6.32E-09,2.11E-10,,,,,,,3.28E-09,1.86E-10,2.18E-06,1.52E-08,,,1.42E-08,9.63E-10,,,,,,,,,,,9.38E-07,5.28E-09,1.98E-10,2.43E-11,,,,,1.55E-09,1.27E-10,8.01E-06,1.34E-06,3.79E-09,8.74E-10
MZT2-2D,6/11/18,,,,,3.487,0.096,3.391,0.0015,0.015,0.019,0.237,0.0005,3.59E-07,3.51E-08,,,,,8.59E-05,1.79E-06,2.93E-04,2.52E-06,,,1.11E-04,1.15E-06,1.40E-05,2.29E-07,,,,,1.23E-06,1.67E-08,1.42E-03,6.79E-06,7.74E-07,2.43E-08,,,,,3.42E-08,1.32E-09,5.73E-09,2.08E-10,3.55E-09,1.02E-09,,,,,3.13E-09,1.84E-10,2.07E-06,1.33E-08,,,1.47E-08,5.34E-10,,,,,,,,,,,8.92E-07,6.58E-09,1.92E-10,5.22E-11,,,,,1.50E-09,8.81E-11,7.73E-06,1.15E-06,3.34E-09,3.13E-10
MZT2-2D,6/13/18,7.66,254,55,,3.393,0.056,3.337,,0.017,0.011,0.234,0.0005,,,,,3.89E-07,1.43E-08,8.07E-05,1.84E-06,2.59E-04,9.86E-06,,,1.01E-04,8.07E-07,1.27E-05,2.77E-07,,,,,1.13E-06,1.12E-08,1.27E-03,7.46E-06,1.07E-06,8.28E-09,,,,,1.58E-08,2.37E-09,,,5.95E-09,4.07E-10,,,,,3.06E-09,2.20E-10,1.81E-06,8.04E-09,,,1.42E-08,8.47E-10,,,,,,,,,,,7.82E-07,7.95E-09,1.63E-10,4.72E-11,,,,,1.38E-09,1.44E-10,1.09E-05,1.61E-06,,
MZT2-2D,6/15/18,,,,,3.334,0.075,3.259,,0.016,0.017,0.235,0.0005,,,,,3.60E-07,1.78E-08,8.23E-05,1.51E-06,2.57E-04,9.67E-06,,,1.01E-04,1.13E-06,1.28E-05,2.85E-07,,,1.96E-09,2.40E-10,1.08E-06,1.10E-08,1.25E-03,4.12E-06,1.01E-06,8.71E-09,,,,,1.82E-08,2.79E-09,,,4.67E-09,3.64E-10,,,,,3.07E-09,1.80E-10,1.78E-06,1.72E-08,,,1.43E-08,8.19E-10,,,,,,,,,,,7.93E-07,1.15E-08,1.80E-10,4.09E-11,,,,,1.34E-09,5.39E-11,1.09E-05,1.65E-06,,
MZT2-2D,6/20/18,,337,-14,,3.275,0.044,3.231,,0.013,0.014,0.232,0.0005,,,,,3.60E-07,1.85E-08,8.87E-05,1.89E-06,2.43E-04,1.26E-05,,,1.02E-04,1.49E-06,1.28E-05,3.17E-07,,,2.58E-09,3.63E-09,1.11E-06,1.07E-08,1.20E-03,4.75E-06,1.13E-06,6.38E-09,,,,,1.28E-08,2.35E-09,,,7.22E-09,8.50E-10,,,,,2.94E-09,3.03E-10,1.71E-06,1.21E-08,,,1.52E-08,9.40E-10,,,,,,,,,,,7.51E-07,2.21E-09,1.58E-10,4.97E-11,,,,,1.29E-09,7.70E-11,1.13E-05,1.80E-06,,
MZT2-2D,6/22/18,,317,-22,,3.181,0.05,3.131,,0.016,0.016,0.243,0.0005,,,,,3.86E-07,1.71E-08,7.91E-05,8.01E-07,2.29E-04,1.14E-05,9.48E-07,5.63E-08,1.02E-04,1.92E-06,1.28E-05,3.48E-07,,,8.84E-09,3.93E-09,1.03E-06,1.38E-08,1.12E-03,1.61E-06,1.25E-06,6.39E-09,,,,,1.15E-08,1.33E-09,,,3.75E-09,6.13E-10,,,,,3.57E-09,3.16E-10,1.59E-06,5.90E-09,,,1.65E-08,2.28E-09,,,,,,,,,,,7.06E-07,1.47E-08,1.22E-10,5.28E-11,,,,,1.15E-09,9.99E-11,1.18E-05,1.75E-06,,
MZT2-2D,6/26/18,,,,,3.012,0.047,2.965,,0.011,0.02,0.293,0.0005,,,,,3.79E-07,3.20E-09,7.94E-05,2.00E-06,2.32E-04,1.01E-05,,,9.87E-05,6.47E-07,1.25E-05,3.47E-07,,,,,1.07E-06,1.55E-08,1.13E-03,5.78E-06,1.21E-06,1.24E-08,,,,,1.05E-08,2.24E-09,,,3.47E-09,2.04E-10,,,,,2.69E-09,1.56E-10,1.62E-06,6.76E-09,,,1.65E-08,5.28E-10,,,,,,,,,,,7.06E-07,1.23E-08,1.57E-10,4.18E-11,,,,,1.24E-09,3.38E-11,1.19E-05,1.80E-06,,
MZT2-2D,6/28/18,7.47,310,11,,2.913,0.076,2.837,0.0017,0.009,0.012,0.271,0.0005,3.64E-07,2.44E-08,,,3.92E-07,2.41E-08,9.55E-05,2.07E-06,2.65E-04,2.29E-06,5.48E-07,2.77E-08,1.04E-04,8.06E-07,1.92E-05,3.06E-07,,,2.36E-08,5.56E-10,1.31E-06,1.49E-08,1.35E-03,5.80E-06,1.02E-06,1.24E-09,,,,,4.25E-08,4.49E-09,4.96E-09,2.83E-10,2.85E-08,1.09E-09,3.78E-07,6.78E-09,,,4.63E-09,2.97E-10,1.96E-06,1.02E-08,,,1.79E-08,9.20E-10,,,,,,,,,,,8.26E-07,6.65E-09,1.88E-10,3.61E-11,,,,,1.40E-09,3.19E-11,9.79E-06,1.55E-06,4.18E-09,1.07E-09
MZT2-2D,7/3/18,7.36,318,-27,,3.018,0.063,2.955,0.001,0.011,0.011,0.281,0.0005,3.62E-07,2.38E-08,,,4.07E-07,2.66E-08,9.24E-05,1.59E-06,2.86E-04,1.16E-06,5.09E-07,2.83E-08,1.06E-04,6.34E-07,1.57E-05,2.50E-07,,,,,1.38E-06,2.10E-08,1.45E-03,5.34E-06,1.00E-06,3.33E-09,,,,,3.75E-08,2.22E-09,4.85E-09,5.29E-10,,,2.76E-07,9.80E-09,,,3.39E-09,1.82E-10,2.09E-06,1.39E-08,,,1.82E-08,1.06E-09,,,,,,,,,,,8.99E-07,6.59E-09,2.07E-10,3.91E-11,,,,,1.56E-09,9.51E-11,9.78E-06,1.45E-06,3.53E-09,1.09E-09
MZT2-2D,7/5/18,7.36,324,-31,,3.034,0.047,2.987,0.0013,0.009,0.007,0.293,0.0005,2.99E-07,2.14E-08,,,3.82E-07,2.81E-08,8.08E-05,1.10E-06,2.47E-04,3.49E-07,4.30E-07,2.43E-08,1.09E-04,4.71E-07,1.34E-05,2.17E-07,,,,,1.24E-06,1.54E-08,1.22E-03,1.55E-06,1.09E-06,3.47E-09,,,,,2.97E-08,1.63E-09,4.35E-09,3.97E-10,5.26E-09,4.36E-10,2.51E-07,6.22E-09,,,2.80E-09,2.67E-10,1.77E-06,6.86E-09,,,1.76E-08,7.74E-10,,,,,,,,,,,7.59E-07,3.47E-09,1.79E-10,3.11E-11,,,,,1.31E-09,6.72E-11,1.08E-05,1.83E-06,5.20E-09,9.95E-10
MZT2-2D,7/9/18,7.35,317,-66,,3.248,0.199,3.049,0.0045,0.009,0.013,0.311,0.0005,3.81E-07,3.85E-08,,,4.85E-07,2.53E-08,9.19E-05,1.80E-06,2.78E-04,4.59E-06,3.70E-07,3.17E-08,1.14E-04,2.03E-06,1.55E-05,3.98E-07,,,7.00E-08,6.28E-09,1.42E-06,2.45E-08,1.35E-03,6.00E-06,1.99E-06,4.57E-07,,,,,3.35E-08,3.35E-09,5.59E-09,1.25E-10,,,,,,,3.52E-09,1.30E-10,1.98E-06,1.45E-08,,,1.89E-08,1.28E-09,,,,,,,,,,,8.44E-07,9.33E-09,2.34E-10,5.10E-11,,,,,1.52E-09,4.51E-11,7.96E-06,9.36E-07,6.12E-09,3.23E-10
MZT2-2D,7/11/18,7.09,327,-59,,3.351,0.043,3.308,0.002,0.01,0.015,0.313,0.0005,3.72E-07,4.31E-08,,,4.66E-07,9.82E-09,9.19E-05,1.61E-06,2.80E-04,6.39E-06,1.21E-07,3.85E-08,1.15E-04,2.35E-06,1.58E-05,3.31E-07,,,3.24E-09,3.43E-10,1.44E-06,2.90E-08,1.38E-03,4.45E-06,1.48E-06,6.75E-09,,,,,2.73E-08,1.39E-09,5.27E-09,3.54E-10,,,,,,,3.75E-09,1.19E-10,2.03E-06,1.47E-08,,,1.85E-08,5.00E-10,,,,,,,,,,,8.69E-07,7.46E-09,2.47E-10,4.27E-11,,,,,1.53E-09,9.29E-11,7.77E-06,9.25E-07,4.64E-09,5.20E-10
MZT2-2D,7/20/18,7.29,353,-45,0.236,3.601,0.046,3.555,0.0019,,,,,3.88E-07,3.66E-08,,,4.24E-07,1.38E-08,9.66E-05,2.01E-06,3.13E-04,2.70E-06,,,1.20E-04,1.05E-06,1.70E-05,3.41E-07,,,2.03E-08,7.15E-10,1.72E-06,1.83E-08,1.50E-03,3.98E-06,1.57E-06,5.59E-09,,,,,3.71E-08,2.54E-09,6.54E-09,3.30E-10,1.33E-08,8.43E-10,,,,,4.19E-09,3.03E-10,2.21E-06,9.20E-09,,,1.86E-08,8.49E-10,,,,,,,,,,,9.18E-07,6.51E-09,2.55E-10,4.23E-11,,,,,1.69E-09,8.16E-11,8.15E-06,9.36E-07,6.83E-09,7.38E-10
MZT2-2D,7/24/18,7.3,,-30.2,0.318,3.715,0.05,3.665,0.0013,,,,,3.74E-07,6.75E-08,,,4.12E-07,2.30E-08,9.51E-05,1.53E-06,3.16E-04,3.86E-06,1.74E-07,2.33E-08,1.23E-04,7.55E-07,1.70E-05,3.57E-07,,,6.78E-09,3.26E-10,1.85E-06,2.92E-08,1.51E-03,5.92E-06,1.48E-06,1.36E-08,,,,,3.90E-08,2.18E-09,6.57E-09,4.64E-10,,,,,,,4.47E-09,1.45E-10,2.22E-06,1.18E-08,,,1.85E-08,5.65E-10,,,,,,,,,,,9.28E-07,6.70E-09,2.30E-10,2.87E-11,,,,,1.67E-09,3.94E-11,8.82E-06,5.44E-07,6.11E-09,9.14E-10
MZT2-2D,8/11/18,7.36,338,-19,0.34,3.57,0.104,3.466,0.0018,0.012,0.003,0.321,0.0005,3.16E-07,3.21E-08,,,3.35E-07,5.42E-08,8.84E-05,1.16E-06,3.13E-04,4.40E-06,,,1.15E-04,1.87E-06,1.98E-05,2.90E-07,,,1.68E-08,7.62E-10,1.86E-06,1.58E-08,1.48E-03,1.71E-05,2.36E-06,3.01E-08,,,,,3.82E-08,3.11E-08,7.82E-09,3.13E-10,,,4.84E-07,1.05E-08,,,5.26E-09,3.21E-10,2.46E-06,1.89E-08,,,1.78E-08,6.66E-10,,,,,,,,,,,9.78E-07,6.09E-09,2.88E-10,4.05E-11,,,,,1.73E-09,1.23E-10,1.67E-05,2.12E-06,7.52E-09,4.32E-10
MZT2-2D,8/15/18,7.26,345,-16,0.345,3.523,0.17,3.353,0.0017,0.011,0.002,0.351,0.0005,,,,,,,,,,,,,,,,,,,,,,,,,,,,,,,,,,,,,,,,,,,,,,,,,,,,,,,,,,,,,,,,,,,,,,,,
MZT2-2D,8/20/18,7.37,,-41,0.216,3.653,0.101,3.552,0.0016,0.009,,0.372,0.0005,3.46E-07,1.47E-08,,,4.17E-07,3.50E-08,1.04E-04,1.01E-06,3.24E-04,5.96E-06,,,1.24E-04,2.74E-06,1.89E-05,2.41E-07,,,,,2.36E-06,1.41E-08,1.63E-03,1.49E-05,1.52E-06,7.62E-09,,,,,9.20E-09,3.80E-09,7.44E-09,6.15E-10,,,2.58E-07,9.33E-09,,,5.18E-09,1.79E-10,2.68E-06,5.20E-08,,,1.84E-08,1.22E-09,,,,,,,,,,,1.07E-06,1.14E-08,2.73E-10,6.17E-11,,,,,2.08E-09,7.22E-11,1.90E-05,2.01E-06,6.33E-09,7.52E-10
MZT2-2D,8/24/18,,,,,3.823,0.041,3.782,0.0013,0.011,,0.371,0.0005,4.04E-07,4.51E-08,,,4.81E-07,5.99E-08,1.09E-04,9.98E-07,3.37E-04,6.84E-06,,,1.28E-04,4.33E-06,2.04E-05,1.56E-07,,,8.70E-09,3.87E-10,1.67E-06,1.66E-08,1.64E-03,2.15E-05,1.90E-06,1.16E-08,,,,,1.44E-08,8.10E-09,7.25E-09,3.22E-10,,,2.60E-07,1.15E-08,,,4.72E-09,2.47E-10,2.70E-06,1.31E-08,,,1.77E-08,3.23E-10,,,,,,,,,,,1.11E-06,1.54E-08,2.91E-10,6.03E-11,,,,,1.99E-09,1.60E-10,1.97E-05,2.48E-06,5.98E-09,5.10E-10
MZT2-2D,8/29/18,7.21,,-5,0.173,3.774,0.062,3.713,0.0013,0.012,0.001,0.373,0.0005,3.74E-07,5.29E-08,,,3.74E-07,2.23E-08,1.07E-04,2.55E-06,3.27E-04,6.12E-06,,,1.29E-04,3.51E-06,2.02E-05,1.90E-07,,,,,1.35E-06,1.09E-08,1.61E-03,1.14E-05,1.66E-06,2.30E-08,,,,,6.79E-09,4.07E-09,6.78E-09,4.01E-10,,,,,,,4.47E-09,2.62E-10,2.68E-06,2.04E-08,,,1.69E-08,6.01E-10,,,,,,,,,,,1.12E-06,2.94E-09,2.94E-10,2.03E-11,,,,,1.83E-09,6.34E-11,2.03E-05,2.22E-06,5.13E-09,6.17E-10
MZT2-2D,9/6/18,7.37,,-14,0.132,3.787,0.054,3.733,0.0017,0.01,0.003,0.387,0.0005,4.00E-07,9.18E-08,,,3.38E-07,1.49E-08,1.13E-04,8.78E-07,3.32E-04,4.49E-06,,,1.29E-04,2.48E-06,2.04E-05,3.04E-07,,,6.58E-08,1.46E-09,2.22E-06,1.23E-08,1.66E-03,2.17E-05,2.38E-06,2.51E-08,,,,,1.12E-08,4.67E-09,7.47E-09,3.08E-10,,,2.89E-07,6.10E-09,,,5.87E-09,2.43E-10,2.74E-06,2.28E-08,,,1.66E-08,4.48E-10,,,,,,,,,,,1.14E-06,1.38E-08,2.84E-10,7.20E-11,,,,,1.74E-09,5.20E-11,2.10E-05,2.48E-06,5.48E-09,3.49E-10
MZT2-2D,9/14/18,7.51,,-26,0.155,3.3755204,0.041,3.335,0.0033,0.013,,0.429,0.0005,3.85E-07,2.06E-08,,,,,1.13E-04,7.99E-07,3.47E-04,8.61E-06,4.51E-06,1.20E-07,1.36E-04,3.20E-06,2.05E-05,3.03E-07,6.61E-09,3.24E-10,9.79E-09,4.48E-10,1.05E-06,1.15E-08,1.61E-03,1.82E-05,6.28E-06,4.54E-08,,,,,5.12E-08,9.97E-10,8.66E-09,2.75E-10,6.44E-09,5.59E-10,,,,,6.03E-09,2.45E-10,2.74E-06,4.08E-08,,,1.12E-08,1.20E-09,,,,,,,,,1.86E-10,5.36E-11,1.06E-06,5.81E-09,3.03E-10,4.90E-11,2.05E-09,1.02E-10,,,1.64E-09,1.20E-10,2.45E-05,3.52E-06,6.04E-09,7.45E-10
MZT2-2D,9/27/18,,,,0.466,3.373022481,0.042,3.331,0.0047,0.014,0.007,0.449,0.0005,3.24E-07,5.74E-08,,,1.72E-07,2.44E-08,1.33E-04,1.73E-06,3.19E-04,3.32E-06,1.50E-06,5.89E-08,1.18E-04,2.40E-06,2.08E-05,3.04E-07,2.69E-09,8.71E-11,9.17E-09,2.76E-10,8.68E-07,8.91E-09,1.56E-03,1.85E-05,3.01E-06,1.56E-08,,,,,6.02E-08,3.44E-09,9.23E-09,3.56E-10,2.48E-08,1.30E-09,4.97E-06,4.00E-08,,,4.91E-09,3.73E-10,2.60E-06,2.00E-08,,,1.14E-08,7.61E-10,,,,,,,,,,,1.01E-06,1.23E-08,3.24E-10,6.91E-11,2.19E-09,5.06E-11,,,1.59E-09,5.86E-11,2.52E-05,4.01E-06,4.50E-09,1.13E-09
MZT2-2D,10/3/18,,,,,3.383014155,0.018,3.365,0.0032,0.013,0.002,0.461,0.0005,2.85E-07,4.82E-08,,,,,1.24E-04,1.82E-06,3.04E-04,5.53E-06,8.48E-07,5.40E-08,1.10E-04,2.39E-06,2.11E-05,4.08E-07,,,3.92E-09,1.85E-10,8.60E-07,8.70E-09,1.49E-03,1.91E-05,1.65E-06,1.16E-08,,,,,5.15E-08,2.41E-09,6.28E-09,4.40E-10,2.39E-08,7.07E-10,4.75E-07,7.78E-09,,,5.02E-09,1.64E-10,2.54E-06,1.70E-08,,,1.03E-08,9.63E-10,,,,,,,,,,,9.22E-07,1.02E-08,3.06E-10,3.81E-11,4.70E-10,5.57E-11,,,1.56E-09,5.90E-11,2.33E-05,3.55E-06,5.21E-09,8.28E-10
MZT2-2D,11/6/18,,,,,3.412989176,0.066,3.347,0.0028,0.018,,0.428,0.0005,,,,,,,,,,,,,,,,,,,,,,,,,,,,,,,,,,,,,,,,,,,,,,,,,,,,,,,,,,,,,,,,,,,,,,,,
MZT2-2S,6/1/18,7.34,514,112,,6.751,0.183,6.568,0.0013,0.038,0.01,0.292,0.0005,6.68E-07,5.39E-08,,,6.39E-07,2.01E-08,7.27E-04,1.34E-05,2.89E-04,2.22E-06,,,1.43E-04,5.80E-07,1.44E-05,2.24E-07,3.88E-09,2.88E-10,,,1.27E-07,1.45E-09,2.36E-03,2.31E-05,,,,,4.13E-08,1.69E-09,4.53E-08,2.69E-09,3.25E-09,1.37E-10,1.52E-08,9.53E-10,3.25E-07,5.50E-09,,,5.25E-09,3.81E-10,4.15E-06,1.71E-08,,,1.89E-08,6.42E-10,,,,,,,,,,,2.86E-07,5.99E-09,8.70E-11,2.13E-11,,,,,1.84E-08,1.78E-10,8.63E-06,1.28E-06,,
MZT2-2S,6/6/18,,,,,,,,,,,,,,,,,,,,,,,,,,,,,,,,,,,,,,,,,,,,,,,,,,,,,,,,,,,,,,,,,,,,,,,,,,,,,,,,,,,,
MZT2-2S,6/8/18,,,,,,,,,,,,,,,,,,,,,,,,,,,,,,,,,,,,,,,,,,,,,,,,,,,,,,,,,,,,,,,,,,,,,,,,,,,,,,,,,,,,
MZT2-2S,6/11/18,,,,,,,,,,,,,,,,,,,,,,,,,,,,,,,,,,,,,,,,,,,,,,,,,,,,,,,,,,,,,,,,,,,,,,,,,,,,,,,,,,,,
MZT2-2S,6/13/18,,,,,,,,,,,,,,,,,,,,,,,,,,,,,,,,,,,,,,,,,,,,,,,,,,,,,,,,,,,,,,,,,,,,,,,,,,,,,,,,,,,,
MZT2-2S,10/3/18,,,,,3.769,0.041,3.728,0.003,0.012,,0.453,0.0005,3.01E-07,4.55E-08,,,,,1.11E-04,9.98E-07,2.35E-04,2.91E-06,4.42E-07,5.23E-08,1.05E-04,2.28E-06,1.07E-05,9.16E-08,,,7.54E-09,2.67E-10,2.54E-07,1.47E-09,1.88E-03,1.97E-05,3.20E-07,3.27E-09,,,,,4.95E-08,1.79E-09,3.78E-09,4.88E-10,5.78E-09,7.28E-10,,,,,4.99E-09,1.77E-10,3.41E-06,2.09E-08,,,1.53E-08,5.71E-10,,,,,,,,,,,8.78E-07,9.59E-09,2.13E-10,3.71E-11,,,,,4.74E-09,3.18E-11,2.51E-05,3.60E-06,2.07E-09,7.19E-10
MZT2-3D,6/1/18,7.32,312,113,,3.583,,,,0.013,0.011,0.258,0.0005,3.34E-07,2.33E-08,,,,,8.49E-05,8.43E-07,2.93E-04,4.89E-06,3.90E-07,4.28E-08,1.07E-04,1.22E-06,1.53E-05,2.66E-07,,,,,1.06E-07,1.97E-09,1.43E-03,5.62E-06,,,,,,,2.57E-08,1.87E-09,1.30E-09,1.65E-10,1.95E-08,1.25E-09,,,,,3.33E-09,2.06E-10,2.03E-06,1.96E-08,,,1.19E-08,7.15E-10,,,,,,,,,,,9.53E-07,8.33E-09,1.82E-10,4.11E-11,,,,,1.49E-09,8.55E-11,7.86E-06,1.36E-06,,
MZT2-3D,6/6/18,7.33,346,104,,3.348,0.074,3.274,0.0015,0.011,0.015,0.253,0.0005,3.48E-07,3.65E-08,,,,,8.50E-05,1.57E-06,2.92E-04,4.31E-06,,,1.07E-04,1.11E-06,1.57E-05,2.36E-07,,,,,1.05E-07,1.51E-09,1.36E-03,5.17E-06,,,,,,,2.39E-08,2.22E-09,1.52E-09,2.45E-10,6.29E-09,1.10E-09,,,,,3.52E-09,1.73E-10,1.98E-06,1.07E-08,,,1.25E-08,2.79E-10,,,,,,,,,,,9.28E-07,5.18E-09,1.77E-10,4.35E-11,,,,,1.46E-09,6.57E-11,7.73E-06,1.43E-06,,
MZT2-3D,6/8/18,7.82,307,73,,3.309,0.063,3.246,0.0013,0.01,0.007,0.255,0.0005,3.44E-07,2.22E-08,,,,,8.53E-05,2.27E-06,2.97E-04,3.97E-06,,,1.05E-04,2.24E-06,1.61E-05,2.09E-07,,,,,1.13E-07,1.58E-09,1.39E-03,7.32E-06,,,,,,,2.30E-08,1.56E-09,1.43E-09,1.59E-10,4.21E-09,9.11E-10,,,,,3.70E-09,2.74E-10,2.01E-06,1.72E-08,,,1.32E-08,6.78E-10,,,,,,,,,,,9.50E-07,1.10E-08,1.95E-10,4.06E-11,,,,,1.41E-09,6.11E-11,7.85E-06,1.44E-06,,
MZT2-3D,6/11/18,,,,,3.271,0.078,3.193,0.0014,0.01,0.012,0.251,0.0005,3.43E-07,5.34E-08,,,,,8.04E-05,1.21E-06,2.70E-04,2.07E-06,,,1.06E-04,2.27E-06,1.56E-05,1.87E-07,,,,,1.04E-07,1.32E-09,1.26E-03,7.85E-06,,,,,,,2.12E-08,1.28E-09,1.54E-09,1.92E-10,6.00E-09,8.86E-10,,,,,3.59E-09,2.40E-10,1.83E-06,1.95E-08,,,1.34E-08,3.45E-10,,,,,,,,,,,8.72E-07,5.66E-09,1.95E-10,1.41E-11,,,,,1.28E-09,7.79E-11,8.16E-06,1.23E-06,,
MZT2-3D,6/13/18,7.41,239,60,,3.12,0.073,3.047,0.0011,0.009,0.01,0.28,0.0005,,,,,4.01E-07,1.13E-08,7.10E-05,1.13E-06,2.34E-04,1.04E-05,5.24E-07,4.81E-08,9.89E-05,1.55E-06,1.42E-05,3.70E-07,,,,,9.28E-08,1.02E-09,1.09E-03,1.93E-06,2.76E-07,7.63E-09,,,,,5.12E-09,2.88E-09,,,7.42E-09,5.34E-10,,,,,3.40E-09,1.83E-10,1.54E-06,1.11E-08,,,1.27E-08,1.19E-09,,,,,,,,,,,7.53E-07,5.02E-09,1.79E-10,5.52E-11,,,,,1.11E-09,7.09E-11,1.20E-05,1.76E-06,,
MZT2-3D,6/15/18,,,,,3.175,0.091,3.084,,0.011,0.012,0.282,0.0005,,,,,3.65E-07,1.73E-08,8.07E-05,1.58E-06,2.88E-04,1.18E-05,,,9.79E-05,1.10E-06,1.58E-05,2.72E-07,,,3.31E-09,3.93E-10,1.35E-07,2.06E-09,1.38E-03,3.16E-06,3.01E-07,2.74E-09,,,,,9.38E-09,3.70E-09,,,5.45E-09,7.80E-10,,,,,4.06E-09,2.82E-10,1.95E-06,1.09E-08,,,1.32E-08,1.14E-09,,,,,,,,,,,9.43E-07,5.61E-09,1.81E-10,4.54E-11,,,2.76E-10,2.81E-11,1.31E-09,8.40E-11,1.11E-05,1.42E-06,,
MZT2-3D,6/20/18,,340,87,,3.142,0.097,3.045,,0.009,0.014,0.291,0.0005,,,,,3.76E-07,1.20E-08,8.02E-05,2.16E-06,2.87E-04,8.86E-06,,,9.94E-05,6.95E-07,1.64E-05,4.04E-07,,,2.29E-09,2.54E-10,1.64E-07,2.46E-09,1.37E-03,5.22E-06,4.73E-07,3.09E-08,,,,,1.10E-08,1.57E-09,,,6.45E-09,2.31E-10,,,,,4.13E-09,3.16E-10,1.95E-06,8.20E-09,,,1.32E-08,3.05E-10,,,,,,,,,,,9.46E-07,1.24E-08,2.08E-10,5.54E-11,,,,,1.20E-09,1.33E-10,9.55E-06,1.41E-06,,
MZT2-3D,6/22/18,,311,75,,3.079,0.045,3.034,,0.008,0.012,0.3,0.0005,,,,,5.67E-07,3.06E-08,7.13E-05,1.21E-06,2.39E-04,1.10E-05,,,1.02E-04,1.66E-06,1.45E-05,4.03E-07,,,1.71E-07,2.37E-09,1.35E-07,2.12E-09,1.10E-03,2.35E-06,9.06E-07,1.41E-08,,,,,5.61E-09,2.39E-09,,,4.64E-09,5.43E-10,,,,,3.77E-09,1.35E-10,1.58E-06,1.62E-08,,,1.34E-08,6.81E-10,,,,,,,,,,,7.78E-07,7.14E-09,1.69E-10,2.66E-11,,,,,1.17E-09,1.04E-10,1.27E-05,1.78E-06,,
MZT2-3D,6/26/18,,,,,3.081,0.067,3.014,,0.012,0.012,0.304,0.0005,,,,,3.68E-07,1.03E-08,7.23E-05,1.30E-06,2.48E-04,1.03E-05,2.56E-07,5.60E-08,9.95E-05,2.52E-06,1.55E-05,3.60E-07,,,8.65E-09,1.61E-09,1.40E-07,1.61E-09,1.17E-03,6.92E-06,6.50E-07,5.46E-09,,,,,6.38E-09,2.46E-09,,,3.63E-09,5.88E-10,,,,,4.85E-09,3.66E-10,1.67E-06,1.32E-08,,,1.38E-08,6.17E-10,,,,,,,,,,,8.07E-07,1.36E-08,1.70E-10,2.50E-11,,,,,1.11E-09,9.33E-11,1.14E-05,1.83E-06,,
MZT2-3D,6/28/18,7.39,322,162,,3.052,0.063,2.99,,0.01,0.02,0.275,0.0005,3.28E-07,1.72E-08,,,3.66E-07,2.16E-08,7.64E-05,1.52E-06,2.48E-04,9.73E-07,7.38E-07,3.91E-08,1.08E-04,8.06E-06,1.58E-05,2.67E-07,,,,,1.85E-07,2.27E-09,1.23E-03,2.16E-06,1.23E-07,4.41E-09,,,,,2.60E-08,1.63E-09,1.46E-09,3.71E-10,,,2.62E-07,9.01E-09,,,3.71E-09,1.95E-10,1.78E-06,9.57E-09,,,1.45E-08,8.01E-10,,,,,,,,,,,8.21E-07,6.74E-09,1.87E-10,4.16E-11,,,,,1.20E-09,7.53E-11,1.01E-05,1.49E-06,,
MZT2-3D,7/3/18,7.29,337,69,,3.199,0.048,3.151,,0.008,0.016,0.302,0.0005,3.02E-07,3.12E-08,,,3.76E-07,2.43E-08,6.96E-05,9.49E-07,2.28E-04,1.37E-06,6.95E-07,3.66E-08,1.07E-04,5.31E-07,1.42E-05,2.18E-07,,,5.88E-09,7.01E-10,1.38E-07,1.39E-09,1.10E-03,2.24E-06,2.07E-07,6.18E-09,,,,,2.20E-08,1.75E-09,1.23E-09,2.66E-10,4.38E-09,6.18E-10,,,,,3.44E-09,2.59E-10,1.61E-06,1.17E-08,,,1.40E-08,5.34E-10,,,,,,,,,,,7.43E-07,7.02E-09,1.91E-10,5.61E-11,,,,,1.23E-09,9.14E-11,1.12E-05,1.85E-06,,
MZT2-3D,7/5/18,7.28,344,51,,3.152,0.056,3.096,0.0013,0.008,0.023,0.312,0.0005,2.79E-07,3.59E-08,,,3.71E-07,2.73E-08,6.56E-05,1.06E-06,2.13E-04,9.54E-07,6.17E-07,2.87E-08,1.08E-04,3.82E-07,1.32E-05,2.18E-07,,,2.28E-09,2.49E-10,1.16E-07,1.93E-09,1.01E-03,2.63E-06,1.77E-07,1.34E-08,,,,,2.08E-08,2.64E-09,1.07E-09,3.03E-10,6.71E-09,5.65E-10,,,,,3.21E-09,1.82E-10,1.49E-06,6.86E-09,,,1.46E-08,1.24E-09,,,,,,,,,,,6.89E-07,3.97E-09,1.41E-10,2.05E-11,,,,,1.24E-09,5.54E-11,1.17E-05,1.87E-06,,
MZT2-3D,7/9/18,7.27,334,22,,3.388,0.047,3.341,,0.006,0.003,0.32,0.0005,3.62E-07,4.74E-08,,,2.95E-07,1.64E-08,9.51E-05,1.52E-06,2.84E-04,2.12E-06,2.87E-07,7.76E-08,1.13E-04,1.35E-06,1.75E-05,3.63E-07,2.38E-09,1.76E-09,2.79E-08,5.56E-09,1.85E-07,1.98E-09,1.41E-03,6.73E-06,5.86E-07,2.69E-07,,,,,2.81E-08,1.83E-09,2.39E-09,2.98E-10,,,,,,,4.55E-09,3.57E-10,2.06E-06,1.43E-08,,,1.58E-08,8.90E-10,,,,,,,,,,,9.44E-07,9.86E-09,2.37E-10,5.29E-11,,,,,1.47E-09,9.25E-11,7.68E-06,7.39E-07,2.96E-09,7.29E-10
MZT2-3D,7/11/18,7.03,332,13,,3.412,0.046,3.367,,0.007,0.002,0.322,0.0005,3.60E-07,5.92E-08,,,4.09E-07,1.42E-08,8.39E-05,1.49E-06,2.91E-04,3.34E-06,5.37E-07,4.75E-08,1.15E-04,1.27E-06,1.82E-05,4.12E-07,,,3.54E-09,3.11E-10,1.60E-07,2.21E-09,1.43E-03,5.04E-06,1.92E-07,3.71E-09,,,,,2.61E-08,2.08E-09,1.47E-09,1.79E-10,,,3.19E-07,6.30E-09,,,4.42E-09,2.95E-10,2.08E-06,1.74E-08,,,1.50E-08,4.92E-10,,,,,,,,,,,9.60E-07,5.43E-09,2.28E-10,3.18E-11,,,,,1.59E-09,6.22E-11,8.96E-06,3.03E-07,2.86E-09,6.64E-10
MZT2-3D,7/20/18,7.25,346,-2,0.152,3.663,0.071,3.591,0.0022,0.006,0.003,0.337,0.0005,3.98E-07,4.24E-08,,,2.87E-06,5.50E-08,1.24E-04,2.67E-06,3.02E-04,4.18E-06,6.57E-07,5.35E-08,1.41E-04,2.84E-05,2.15E-05,3.74E-07,2.08E-09,1.08E-10,8.17E-09,3.21E-10,1.62E-07,2.21E-09,1.42E-03,7.69E-06,3.13E-07,5.98E-09,,,,,2.84E-08,3.57E-09,1.73E-09,2.67E-10,9.81E-09,9.39E-10,2.85E-07,8.13E-09,,,6.58E-09,3.24E-10,2.09E-06,1.17E-08,,,1.56E-08,6.85E-10,,,,,,,,,,,9.48E-07,1.03E-08,2.23E-10,4.87E-11,,,,,1.54E-09,3.75E-11,7.91E-06,9.47E-07,2.21E-09,4.47E-10
MZT2-3D,7/24/18,7.25,,-23.6,0.453,3.646,0.041,3.606,,0.006,0.002,0.342,0.0005,4.17E-07,5.13E-08,,,3.55E-07,1.72E-08,8.72E-05,1.15E-06,3.20E-04,2.44E-06,4.20E-07,3.20E-08,1.20E-04,8.00E-07,1.92E-05,4.33E-07,,,4.10E-09,7.43E-10,1.47E-07,2.15E-09,1.53E-03,6.33E-06,2.58E-07,2.00E-09,,,,,2.62E-08,1.16E-09,1.73E-09,2.52E-10,,,,,,,4.96E-09,2.10E-10,2.24E-06,1.32E-08,,,1.59E-08,5.62E-10,,,,,,,,,,,1.01E-06,9.60E-09,2.64E-10,2.03E-11,,,,,1.64E-09,1.10E-10,8.10E-06,7.27E-07,2.58E-09,5.81E-10
MZT2-3D,8/11/18,7.33,335,28,0.081,3.5,0.118,3.382,0.0013,0.008,0.002,0.352,0.0005,3.17E-07,6.32E-08,,,1.61E-07,1.76E-08,8.41E-05,2.04E-06,3.18E-04,3.83E-06,,,1.18E-04,2.91E-06,1.99E-05,3.58E-07,,,1.35E-07,1.88E-09,1.35E-07,1.52E-09,1.50E-03,1.61E-05,6.66E-07,9.70E-09,,,,,,,2.00E-09,1.87E-10,8.11E-09,1.02E-09,2.71E-07,6.40E-09,,,5.04E-09,3.44E-10,2.43E-06,4.27E-08,,,1.44E-08,5.76E-10,,,,,,,,,,,1.10E-06,7.35E-09,2.63E-10,4.40E-11,,,,,1.68E-09,1.05E-10,1.90E-05,2.20E-06,,
MZT2-3D,8/15/18,7.25,337,28,0.295,3.515,0.08,3.435,,0.008,0.001,0.381,0.0005,3.04E-07,7.06E-08,,,1.98E-07,4.33E-08,8.90E-05,8.11E-07,3.22E-04,9.14E-06,,,1.21E-04,2.22E-06,2.03E-05,3.24E-07,,,,,1.42E-07,1.85E-09,1.50E-03,1.66E-05,6.54E-08,4.39E-09,,,,,,,2.21E-09,1.75E-10,,,2.92E-07,6.06E-09,,,5.06E-09,1.39E-10,2.45E-06,2.41E-08,,,1.36E-08,7.11E-10,,,,,,,,,,,1.12E-06,1.75E-08,2.78E-10,2.91E-11,,,,,1.54E-09,8.69E-11,2.02E-05,2.04E-06,2.14E-09,9.37E-10
MZT2-3D,8/20/18,7.24,,94,0.148,3.615,0.125,3.491,0.0016,0.009,0.003,0.397,0.0005,3.53E-07,5.20E-08,,,2.61E-07,3.44E-08,9.95E-05,2.10E-06,3.26E-04,5.07E-06,,,1.23E-04,2.43E-06,2.24E-05,2.65E-07,,,,,1.64E-07,1.06E-09,1.51E-03,1.35E-05,2.07E-07,6.75E-09,,,,,,,3.16E-08,5.29E-10,,,5.14E-07,9.78E-09,,,5.65E-09,3.64E-10,2.49E-06,2.35E-08,,,1.28E-08,8.81E-10,,,,,,,,,,,1.14E-06,5.17E-09,3.09E-10,2.46E-11,,,,,1.58E-09,9.60E-11,2.09E-05,2.35E-06,2.79E-09,2.81E-10
MZT2-3D,8/24/18,,,,,3.597,0.042,3.555,,0.01,0.002,0.395,0.0005,3.67E-07,2.92E-08,,,2.43E-07,1.15E-08,1.13E-04,2.58E-06,3.33E-04,6.96E-06,,,1.29E-04,2.92E-06,2.21E-05,2.86E-07,,,,,1.45E-07,4.93E-10,1.57E-03,2.00E-05,2.23E-07,9.17E-09,,,,,,,3.07E-07,2.96E-09,,,3.17E-07,5.73E-09,,,5.52E-09,2.56E-10,2.60E-06,2.47E-08,,,1.44E-08,6.39E-10,,,,,,,,,,,1.16E-06,1.19E-08,2.82E-10,7.09E-11,,,,,1.62E-09,1.22E-10,2.16E-05,2.41E-06,3.71E-09,7.47E-10
MZT2-3D,8/29/18,7.13,,-6,0.149,3.734,0.056,3.678,0.0011,0.011,0.002,0.407,0.0005,3.84E-07,5.82E-08,,,2.91E-07,2.10E-08,1.33E-04,1.08E-06,3.37E-04,6.63E-06,9.92E-07,9.09E-08,1.30E-04,3.75E-06,2.40E-05,2.00E-07,1.75E-08,4.49E-10,3.26E-08,5.44E-10,1.72E-07,9.55E-10,1.58E-03,1.21E-05,2.94E-06,2.21E-08,,,1.83E-07,8.85E-09,3.72E-08,4.36E-09,2.98E-08,5.08E-10,1.79E-08,1.27E-09,3.60E-07,7.65E-09,,,6.21E-09,1.85E-10,2.61E-06,1.51E-08,5.00E-09,2.97E-10,1.43E-08,8.75E-10,,,,,,,,,,,1.19E-06,1.40E-08,3.64E-10,8.18E-11,5.84E-10,1.05E-10,,,1.63E-09,9.37E-11,2.28E-05,2.67E-06,4.28E-09,1.17E-09
MZT2-3D,9/6/18,7.3,,31,0.14,3.763,0.05,3.713,,0.011,0.003,0.416,0.0005,3.76E-07,2.15E-08,,,2.20E-07,1.46E-08,1.31E-04,1.90E-06,3.34E-04,2.61E-06,4.66E-07,7.99E-08,1.27E-04,3.18E-06,2.24E-05,1.81E-07,3.83E-09,1.22E-10,1.79E-08,4.21E-10,1.81E-07,2.01E-09,1.61E-03,1.39E-05,8.11E-07,1.57E-08,,,,,5.98E-08,4.41E-09,2.99E-08,8.69E-10,,,,,,,5.63E-09,2.94E-10,2.65E-06,2.81E-08,,,1.45E-08,7.71E-10,,,,,,,,,,,1.18E-06,1.08E-08,3.28E-10,3.54E-11,,,,,1.66E-09,1.29E-10,2.25E-05,2.60E-06,2.74E-09,3.83E-10
MZT2-3D,9/14/18,7.52,,129,0.201,3.412156536,0.034,3.378,0.0029,0.011,,0.425,0.0005,2.91E-07,2.67E-08,,,1.97E-07,4.41E-08,1.21E-04,9.93E-07,3.41E-04,3.61E-06,6.67E-07,4.35E-08,1.23E-04,2.75E-06,2.28E-05,3.24E-07,,,1.79E-08,2.05E-10,2.28E-07,3.24E-09,1.50E-03,1.91E-05,6.69E-07,5.48E-09,,,,,4.91E-08,1.45E-09,2.56E-09,2.28E-10,1.26E-08,8.15E-10,2.55E-07,9.79E-09,,,5.62E-09,3.39E-10,2.65E-06,1.49E-08,,,1.19E-08,8.55E-10,,,,,,,,,,,1.09E-06,1.46E-08,3.05E-10,6.10E-11,,,,,1.63E-09,5.38E-11,2.34E-05,3.29E-06,2.51E-09,1.01E-09
MZT2-3D,9/27/18,,,,0.125,3.444629475,0.047,3.397,0.0025,,,,,2.52E-07,1.74E-08,,,1.92E-07,7.09E-08,1.25E-04,2.49E-06,3.28E-04,6.90E-06,6.96E-07,5.53E-08,1.14E-04,3.84E-06,2.25E-05,4.07E-07,,,2.62E-09,1.21E-10,1.60E-07,1.95E-09,1.48E-03,1.96E-05,6.14E-07,5.97E-09,,,,,4.13E-08,2.27E-09,2.42E-09,2.31E-10,1.27E-08,3.10E-10,2.91E-07,5.93E-09,,,5.21E-09,2.50E-10,2.58E-06,2.78E-08,,,1.07E-08,6.50E-10,,,,,,,,,,,1.04E-06,7.39E-09,2.78E-10,4.96E-11,,,,,1.61E-09,6.66E-11,2.39E-05,3.55E-06,2.05E-09,7.73E-10
MZT2-3D,10/3/18,,,,,3.592839301,0.032,3.561,0.0031,,,,,2.79E-07,6.51E-08,,,,,1.17E-04,2.59E-06,3.55E-04,5.02E-06,5.40E-07,5.59E-08,1.20E-04,2.06E-06,2.11E-05,4.17E-07,,,2.57E-08,5.38E-10,1.76E-07,2.09E-09,1.63E-03,2.41E-05,1.15E-06,1.10E-08,,,,,4.90E-08,2.18E-09,2.45E-09,2.90E-10,6.45E-09,5.33E-10,,,,,4.72E-09,1.33E-10,2.78E-06,1.40E-08,,,1.13E-08,5.49E-10,,,,,,,,,,,1.08E-06,1.92E-08,2.96E-10,3.34E-11,,,,,1.85E-09,9.90E-11,2.45E-05,3.58E-06,,
MZT2-3D,11/6/18,,,,,3.96919234,0.05,3.92,0.0025,0.01,,0.422,0.0005,,,,,,,,,,,,,,,,,,,,,,,,,,,,,,,,,,,,,,,,,,,,,,,,,,,,,,,,,,,,,,,,,,,,,,,,
MZT2-3M,6/1/18,7.31,349,118,,4.044,0.22,3.824,0.0014,0.018,0.013,0.265,0.0005,3.51E-07,4.70E-08,,,,,7.66E-05,1.01E-06,2.78E-04,1.96E-06,,,1.03E-04,1.99E-07,1.35E-05,2.56E-07,,,,,7.55E-07,1.19E-08,1.65E-03,4.87E-06,,,,,,,3.22E-08,1.38E-09,3.90E-09,3.96E-10,1.19E-08,9.89E-10,3.01E-07,6.46E-09,,,3.97E-09,2.96E-10,2.23E-06,1.73E-08,,,1.08E-08,5.84E-10,,,,,,,,,,,9.15E-07,1.02E-08,2.10E-10,3.31E-11,,,,,1.70E-09,7.55E-11,7.45E-06,1.34E-06,2.09E-09,6.99E-10
MZT2-3M,6/6/18,,,,,,,,,,,,,,,,,,,,,,,,,,,,,,,,,,,,,,,,,,,,,,,,,,,,,,,,,,,,,,,,,,,,,,,,,,,,,,,,,,,,
MZT2-3M,6/8/18,,,,,,,,,,,,,,,,,,,,,,,,,,,,,,,,,,,,,,,,,,,,,,,,,,,,,,,,,,,,,,,,,,,,,,,,,,,,,,,,,,,,
MZT2-3M,6/11/18,,,,,,,,,,,,,,,,,,,,,,,,,,,,,,,,,,,,,,,,,,,,,,,,,,,,,,,,,,,,,,,,,,,,,,,,,,,,,,,,,,,,
MZT2-3M,6/13/18,,,,,,,,,,,,,,,,,,,,,,,,,,,,,,,,,,,,,,,,,,,,,,,,,,,,,,,,,,,,,,,,,,,,,,,,,,,,,,,,,,,,
MZT2-3M,8/24/18,6.93,,,,3.926,0.057,3.869,0.0012,,,,,3.74E-07,6.98E-08,,,1.53E-07,1.36E-08,9.70E-05,8.16E-07,2.89E-04,4.65E-06,,,1.12E-04,2.10E-06,1.65E-05,3.05E-07,,,,,1.06E-06,9.70E-09,1.70E-03,2.48E-05,5.66E-07,8.60E-09,,,,,7.79E-09,3.48E-09,5.01E-09,2.06E-10,,,3.17E-07,4.93E-09,,,4.72E-09,1.86E-10,2.55E-06,4.88E-09,,,1.46E-08,6.53E-10,,,,,,,,,,,1.09E-06,9.69E-09,2.59E-10,1.81E-11,,,,,1.81E-09,1.77E-10,1.92E-05,2.34E-06,3.95E-09,3.37E-10
MZT2-3M,9/6/18,7.23,,24,0.326,4.291,0.058,4.234,0.0011,0.009,,0.349,0.0005,3.93E-07,7.55E-08,,,1.87E-07,2.33E-08,1.10E-04,1.99E-06,3.16E-04,5.95E-06,,,1.20E-04,3.56E-06,1.89E-05,1.87E-07,,,,,6.00E-07,6.86E-09,1.80E-03,2.66E-05,2.32E-06,2.20E-08,,,,,6.32E-09,2.96E-09,4.19E-09,2.48E-10,8.00E-09,1.25E-09,3.07E-07,5.46E-09,,,5.20E-09,2.37E-10,2.71E-06,2.59E-08,,,1.46E-08,2.39E-10,,,,,,,,,,,1.09E-06,7.02E-09,2.84E-10,3.45E-11,,,,,2.05E-09,1.04E-10,1.96E-05,2.35E-06,3.99E-09,9.30E-10
MZT2-3M,9/27/18,,,,0.26,4.47,0.08,4.39,0.0035,0.012,,0.385,0.0005,2.92E-07,6.32E-08,,,,,1.12E-04,2.30E-06,3.52E-04,8.02E-06,4.99E-07,4.25E-08,1.25E-04,3.37E-06,1.82E-05,3.86E-07,,,1.25E-08,5.65E-09,3.98E-07,3.62E-09,1.88E-03,1.89E-05,2.51E-06,1.11E-08,,,,,5.43E-08,3.04E-09,3.86E-09,3.43E-10,1.48E-08,5.65E-10,3.61E-07,6.15E-09,,,5.19E-09,2.75E-10,2.98E-06,2.71E-08,,,1.08E-08,6.93E-10,,,,,,,,,,,1.09E-06,1.36E-08,2.92E-10,3.20E-11,8.51E-10,5.98E-11,,,2.12E-09,3.17E-11,2.22E-05,3.20E-06,3.32E-09,1.01E-09
MZT2-3M,10/3/18,,,,,5.406,0.274,5.133,0.0035,0.014,,0.363,0.0005,2.99E-07,2.54E-08,,,1.19E-07,9.25E-08,1.20E-04,2.45E-06,4.05E-04,8.37E-06,5.95E-07,4.82E-08,1.34E-04,3.58E-06,1.81E-05,3.77E-07,,,8.56E-09,2.21E-10,5.81E-07,4.70E-09,2.19E-03,3.44E-05,2.71E-06,2.37E-08,,,,,6.13E-08,3.28E-09,4.94E-09,2.69E-10,8.77E-09,6.04E-10,2.67E-07,8.46E-09,,,5.21E-09,3.05E-10,3.52E-06,3.13E-08,,,1.05E-08,6.27E-10,,,,,,,,,,,1.25E-06,2.38E-08,3.12E-10,6.58E-11,,,,,3.45E-09,1.19E-10,2.10E-05,3.28E-06,2.78E-09,1.12E-09
MZT2-3S,6/1/18,,,,,,,,,,,,,,,,,,,,,,,,,,,,,,,,,,,,,,,,,,,,,,,,,,,,,,,,,,,,,,,,,,,,,,,,,,,,,,,,,,,,
MZT2-3S,6/6/18,,,,,,,,,,,,,,,,,,,,,,,,,,,,,,,,,,,,,,,,,,,,,,,,,,,,,,,,,,,,,,,,,,,,,,,,,,,,,,,,,,,,
MZT2-3S,6/8/18,,,,,,,,,,,,,,,,,,,,,,,,,,,,,,,,,,,,,,,,,,,,,,,,,,,,,,,,,,,,,,,,,,,,,,,,,,,,,,,,,,,,
MZT2-3S,6/11/18,,,,,,,,,,,,,,,,,,,,,,,,,,,,,,,,,,,,,,,,,,,,,,,,,,,,,,,,,,,,,,,,,,,,,,,,,,,,,,,,,,,,
MZT2-3S,6/13/18,,,,,,,,,,,,,,,,,,,,,,,,,,,,,,,,,,,,,,,,,,,,,,,,,,,,,,,,,,,,,,,,,,,,,,,,,,,,,,,,,,,,
MZT2-4D,6/1/18,7.61,338,79,,3.79,0.106,3.685,0.0013,0.016,0.008,0.256,0.0005,3.61E-07,3.12E-08,,,1.20E-07,7.19E-09,9.59E-05,1.53E-06,3.10E-04,3.11E-06,3.38E-07,5.42E-08,1.14E-04,1.44E-06,1.73E-05,2.72E-07,,,,,1.27E-07,1.77E-09,1.48E-03,8.72E-06,2.08E-07,1.75E-08,,,,,2.93E-08,1.37E-09,3.70E-09,3.11E-10,3.18E-08,1.51E-09,3.15E-07,7.30E-09,,,4.04E-09,2.05E-10,2.04E-06,2.18E-08,,,1.19E-08,6.63E-10,,,,,,,,,,,1.06E-06,1.95E-08,2.17E-10,2.19E-11,7.35E-10,9.06E-11,,,1.52E-09,5.94E-11,8.30E-06,1.22E-06,2.20E-09,5.96E-10
MZT2-4D,6/6/18,7.42,329,123,,3.619,0.072,3.547,0.0014,0.013,0.008,0.244,0.0005,3.55E-07,2.65E-08,,,1.18E-07,1.61E-08,9.09E-05,6.47E-07,2.95E-04,1.40E-06,1.98E-07,4.23E-08,1.08E-04,1.96E-06,1.68E-05,2.34E-07,,,7.47E-09,2.07E-09,1.05E-07,1.26E-09,1.43E-03,4.44E-06,2.22E-07,2.28E-08,,,,,2.84E-08,8.82E-10,3.04E-09,1.85E-10,1.63E-08,1.57E-09,,,,,3.59E-09,9.81E-11,1.97E-06,1.47E-08,,,1.22E-08,6.52E-10,,,,,,,,,,,1.00E-06,1.50E-08,2.09E-10,5.47E-11,,,,,1.31E-09,4.08E-11,7.96E-06,1.27E-06,,
MZT2-4D,6/8/18,7.35,323,81,,3.587,0.099,3.488,0.0017,0.013,0.014,0.244,0.0005,3.75E-07,2.62E-08,,,,,9.29E-05,1.13E-06,3.09E-04,1.78E-06,1.85E-07,3.53E-08,1.11E-04,6.41E-07,1.70E-05,3.04E-07,,,,,9.97E-08,1.86E-09,1.49E-03,5.24E-06,,,,,,,2.78E-08,1.44E-09,3.03E-09,1.92E-10,5.07E-09,1.32E-09,,,,,4.11E-09,2.49E-10,2.07E-06,5.84E-09,,,1.29E-08,3.91E-10,,,,,,,,,,,1.05E-06,6.81E-09,2.04E-10,4.72E-11,,,,,1.36E-09,6.28E-11,8.31E-06,1.33E-06,,
MZT2-4D,6/11/18,,,,,3.563,0.104,3.459,0.0012,0.011,0.015,0.242,0.0005,3.69E-07,3.72E-08,,,,,9.00E-05,1.87E-06,2.91E-04,2.70E-06,1.90E-07,4.33E-08,1.12E-04,8.64E-07,1.65E-05,2.44E-07,,,,,5.08E-08,4.86E-10,1.41E-03,2.89E-06,,,,,,,2.59E-08,2.40E-09,2.34E-09,1.88E-10,7.33E-09,1.01E-09,,,,,3.50E-09,1.37E-10,1.95E-06,1.12E-08,,,1.30E-08,1.10E-09,,,,,,,,,,,9.84E-07,1.52E-08,2.02E-10,5.57E-11,,,,,1.31E-09,8.89E-11,8.36E-06,1.15E-06,,
MZT2-4D,6/13/18,7.62,264,44,,3.457,0.081,3.376,,0.011,0.01,0.166,0.0005,,,,,3.56E-07,9.32E-09,8.11E-05,2.04E-06,2.61E-04,8.93E-06,,,1.03E-04,6.78E-07,1.49E-05,3.88E-07,,,,,4.83E-08,7.63E-10,1.27E-03,6.09E-06,3.38E-07,2.23E-09,,,,,8.84E-09,2.28E-09,,,4.95E-09,7.93E-10,,,,,3.28E-09,1.29E-10,1.72E-06,7.91E-09,,,1.28E-08,4.14E-10,,,,,,,,,,,8.91E-07,1.67E-08,1.71E-10,5.28E-11,,,,,1.22E-09,1.36E-10,1.07E-05,1.62E-06,,
MZT2-4D,6/15/18,,,,,3.475,0.072,3.403,,0.012,0.014,0.271,0.0005,,,,,3.66E-07,2.05E-08,9.61E-05,1.30E-06,3.30E-04,1.42E-05,,,1.00E-04,1.17E-06,1.92E-05,4.11E-07,,,,,5.93E-08,1.25E-09,1.67E-03,8.13E-06,4.10E-07,7.37E-09,,,,,1.67E-08,3.08E-09,,,8.79E-09,4.38E-10,,,,,4.61E-09,2.94E-10,2.25E-06,3.09E-08,,,1.38E-08,6.26E-10,,,,,,,,,,,1.15E-06,6.46E-09,2.22E-10,7.29E-11,,,,,1.55E-09,9.50E-11,8.62E-06,9.06E-07,,
MZT2-4D,6/20/18,,373,56,,3.414,0.054,3.36,,,0.01,0.279,0.0005,,,,,3.61E-07,1.61E-08,8.59E-05,1.87E-06,2.87E-04,1.26E-05,,,1.01E-04,1.46E-06,2.03E-05,4.24E-07,,,2.60E-09,2.45E-10,4.90E-08,1.12E-09,1.47E-03,7.58E-06,4.92E-07,5.18E-09,,,,,1.24E-08,2.20E-09,,,4.98E-09,6.92E-10,,,,,3.88E-09,1.60E-10,1.97E-06,1.45E-08,,,1.38E-08,4.60E-10,,,,,,,,,,,1.03E-06,7.10E-09,2.25E-10,4.67E-11,3.93E-10,4.66E-11,,,1.33E-09,6.20E-11,1.12E-05,1.64E-06,,
MZT2-4D,6/22/18,,327,50,,3.402,0.063,3.339,,0.01,0.015,0.279,0.0005,,,,,3.69E-07,1.47E-08,8.98E-05,1.23E-06,3.04E-04,1.29E-05,,,1.01E-04,9.25E-07,1.74E-05,3.48E-07,,,2.46E-09,9.38E-10,5.32E-08,1.09E-09,1.55E-03,4.79E-06,4.56E-07,2.24E-09,,,,,1.30E-08,1.18E-09,,,5.14E-09,6.86E-10,,,,,4.03E-09,1.65E-10,2.08E-06,1.70E-08,,,1.45E-08,2.89E-10,,,,,,,,,,,1.08E-06,1.36E-08,2.73E-10,3.04E-11,,,,,1.46E-09,6.00E-11,9.06E-06,1.39E-06,,
MZT2-4D,6/26/18,,,,,3.376,0.068,3.308,,0.011,0.017,0.294,0.0005,,,,,3.81E-07,1.43E-08,7.56E-05,1.72E-06,2.38E-04,9.95E-06,,,1.02E-04,1.09E-06,1.47E-05,3.67E-07,,,,,3.97E-08,7.97E-10,1.18E-03,6.34E-06,3.89E-07,3.09E-09,,,,,7.66E-09,1.83E-09,,,6.03E-09,6.72E-10,,,,,3.44E-09,1.66E-10,1.61E-06,7.20E-09,,,1.35E-08,5.39E-10,,,,,,,,,,,8.33E-07,1.05E-08,1.96E-10,3.50E-11,,,,,1.16E-09,1.91E-10,1.15E-05,1.86E-06,,
MZT2-4D,6/28/18,7.44,328,126,,3.097,0.05,3.046,,0.008,0.024,0.281,0.0005,3.40E-07,1.68E-08,,,3.49E-07,2.26E-08,8.92E-05,1.49E-06,2.89E-04,8.78E-07,6.09E-07,3.40E-08,1.06E-04,2.97E-07,1.69E-05,2.47E-07,,,7.82E-09,2.52E-09,4.10E-08,7.96E-10,1.46E-03,3.32E-06,2.45E-07,5.38E-09,,,,,3.07E-08,2.71E-09,1.81E-09,2.80E-10,,,,,,,3.94E-09,1.28E-10,2.07E-06,9.75E-09,,,1.38E-08,4.67E-10,,,,,,,,,,,1.02E-06,7.76E-09,2.51E-10,2.28E-11,,,,,1.40E-09,1.96E-11,8.93E-06,1.23E-06,,
MZT2-4D,7/3/18,7.31,333,18,,3.088,0.049,3.039,,0.008,0.011,0.308,0.0005,3.78E-07,2.10E-08,,,3.25E-07,2.90E-08,7.89E-05,1.58E-06,2.67E-04,8.74E-07,2.41E-07,2.47E-08,1.06E-04,3.24E-07,1.57E-05,2.33E-07,,,,,4.16E-08,5.44E-10,1.32E-03,6.28E-06,3.83E-07,5.83E-09,,,,,2.76E-08,1.59E-09,1.41E-09,2.21E-10,8.20E-09,8.29E-10,2.54E-07,8.79E-09,,,3.48E-09,2.83E-10,1.83E-06,9.69E-09,,,1.59E-08,7.89E-10,,,,,,,,,,,9.44E-07,1.34E-08,2.38E-10,3.63E-11,,,,,1.32E-09,4.05E-11,8.61E-06,1.41E-06,,
MZT2-4D,7/5/18,7.45,341,37,,3.05,0.085,2.965,0.001,0.008,0.01,0.317,0.0005,3.81E-07,2.21E-08,,,3.10E-07,2.02E-08,8.07E-05,1.32E-06,2.74E-04,1.27E-06,4.26E-07,3.69E-08,1.06E-04,4.11E-07,1.64E-05,2.55E-07,,,4.42E-09,1.03E-09,4.79E-08,9.60E-10,1.37E-03,4.47E-06,3.71E-07,3.14E-09,,,,,3.22E-08,2.64E-09,1.71E-09,2.12E-10,8.10E-09,5.35E-10,2.75E-07,1.40E-08,,,3.75E-09,1.43E-10,1.89E-06,1.05E-08,,,1.57E-08,8.01E-10,,,,,,,,,,,9.83E-07,5.59E-09,2.26E-10,2.88E-11,,,,,1.37E-09,6.54E-11,8.75E-06,1.55E-06,,
MZT2-4D,7/9/18,7.39,325,-12,,3.369,0.049,3.32,,0.007,0.002,0.33,0.0005,3.45E-07,2.99E-08,,,2.85E-07,2.30E-08,8.87E-05,1.92E-06,2.87E-04,2.36E-06,3.92E-07,4.90E-08,1.12E-04,8.76E-07,1.76E-05,3.69E-07,,,,,5.25E-08,7.79E-10,1.44E-03,5.07E-06,4.09E-07,1.89E-08,,,,,3.38E-08,1.51E-09,1.79E-09,2.42E-10,,,,,,,4.05E-09,2.56E-10,2.04E-06,1.85E-08,,,1.40E-08,8.62E-10,,,,,,,,,,,9.72E-07,1.04E-08,2.61E-10,4.47E-11,,,,,1.30E-09,2.12E-11,7.84E-06,8.77E-07,2.44E-09,5.39E-10
MZT2-4D,7/11/18,7.2,336,-33,,3.416,0.042,3.374,0.0011,0.007,0.003,0.33,0.0005,3.68E-07,4.42E-08,,,2.08E-06,5.61E-08,1.18E-04,2.31E-06,2.82E-04,1.79E-06,5.81E-07,2.50E-08,1.09E-04,7.10E-07,2.02E-05,4.29E-07,,,1.02E-08,3.12E-09,6.15E-08,5.85E-10,1.43E-03,8.18E-06,5.68E-07,2.45E-07,,,,,2.87E-08,1.77E-09,1.97E-09,2.57E-10,8.71E-09,3.81E-10,2.58E-07,5.22E-09,,,5.37E-09,1.11E-10,2.03E-06,1.35E-08,,,1.72E-08,5.66E-09,,,,,,,,,,,9.58E-07,3.98E-09,2.57E-10,4.04E-11,,,3.53E-10,4.05E-11,1.28E-09,6.51E-11,7.56E-06,1.11E-06,2.16E-09,3.18E-10
MZT2-4D,7/20/18,7.37,346,-20,0.242,3.599,0.043,3.556,0.0011,0.007,0.003,0.339,0.0005,3.80E-07,3.54E-08,,,3.31E-07,1.78E-08,9.16E-05,1.14E-06,2.98E-04,5.44E-07,5.09E-07,4.07E-08,1.15E-04,8.56E-07,1.85E-05,3.53E-07,,,,,4.23E-08,6.72E-10,1.54E-03,1.14E-05,4.28E-07,9.80E-09,,,,,2.69E-08,2.04E-09,2.03E-09,2.90E-10,,,,,,,4.20E-09,1.14E-10,2.18E-06,8.40E-09,,,1.55E-08,6.45E-10,,,,,,,,,,,1.03E-06,1.53E-08,2.85E-10,5.76E-11,,,1.33E-10,2.07E-11,1.38E-09,1.17E-10,8.88E-06,1.15E-06,2.42E-09,7.65E-10
MZT2-4D,7/24/18,7.32,,-27.9,0.432,3.582,0.031,3.551,,0.007,0.003,0.347,0.0005,4.01E-07,4.24E-08,,,1.55E-06,2.81E-08,1.09E-04,7.21E-07,2.87E-04,4.68E-07,6.14E-07,3.77E-08,1.17E-04,6.87E-07,2.00E-05,3.45E-07,,,2.25E-08,9.37E-10,5.91E-08,1.11E-09,1.46E-03,9.71E-06,6.70E-07,1.86E-08,,,,,2.91E-08,2.19E-09,1.88E-09,2.43E-10,6.91E-09,3.84E-10,,,,,5.07E-09,3.27E-10,2.07E-06,1.19E-08,,,1.50E-08,4.32E-10,,,,,,,,,,,9.83E-07,9.27E-09,2.32E-10,4.43E-11,,,,,1.40E-09,8.30E-11,8.12E-06,1.26E-06,2.07E-09,9.68E-10
MZT2-4D,8/11/18,7.45,353,-9,0.101,3.697,0.038,3.659,,0.007,0.003,0.341,0.0005,3.32E-07,3.01E-08,,,,,9.01E-05,8.43E-07,3.27E-04,7.26E-06,,,1.20E-04,2.27E-06,2.03E-05,1.84E-07,,,,,4.24E-08,9.17E-10,1.60E-03,2.94E-05,2.81E-07,5.15E-09,,,,,,,2.86E-09,4.05E-10,,,2.51E-07,9.85E-09,,,4.49E-09,3.05E-10,2.49E-06,3.23E-08,,,1.49E-08,3.07E-10,,,,,,,,,,,1.20E-06,1.73E-08,3.38E-10,4.42E-11,,,,,1.58E-09,1.62E-11,1.85E-05,2.06E-06,2.29E-09,3.35E-10
MZT2-4D,8/15/18,7.37,365,10,0.262,3.705,0.039,3.666,0.0012,0.007,0.002,0.354,0.0005,3.16E-07,6.19E-08,,,,,8.76E-05,1.78E-06,3.25E-04,2.63E-06,,,1.21E-04,2.63E-06,2.02E-05,1.13E-07,,,,,9.58E-08,1.51E-09,1.60E-03,2.02E-05,2.19E-07,4.79E-09,,,,,,,2.10E-09,3.38E-10,,,2.94E-07,4.48E-09,,,4.46E-09,2.51E-10,2.55E-06,2.68E-08,,,1.43E-08,4.56E-10,,,,,,,,,,,1.21E-06,5.07E-09,3.36E-10,4.99E-11,,,,,1.60E-09,6.44E-11,1.91E-05,2.10E-06,1.84E-09,4.46E-10
MZT2-4D,8/20/18,7.39,,84,0.271,3.748,0.049,3.699,0.0018,0.008,0.003,0.383,0.0005,3.74E-07,3.69E-08,,,,,9.01E-05,1.61E-06,3.44E-04,2.48E-06,,,1.25E-04,2.58E-06,2.11E-05,3.52E-07,,,,,1.18E-07,1.92E-09,1.68E-03,1.83E-05,1.87E-07,6.65E-09,,,,,,,2.20E-09,2.21E-10,,,3.54E-07,8.61E-09,,,4.78E-09,1.79E-10,2.63E-06,2.85E-08,,,1.43E-08,7.10E-10,,,,,,,,,,,1.27E-06,8.40E-09,3.94E-10,5.46E-11,,,,,1.66E-09,1.65E-10,2.12E-05,2.27E-06,2.25E-09,2.42E-10
MZT2-4D,8/24/18,,,,,3.834,0.045,3.789,,0.009,0.002,0.397,0.0005,3.72E-07,6.41E-08,,,1.54E-07,1.65E-08,9.46E-05,1.54E-06,3.57E-04,8.48E-06,,,1.31E-04,1.71E-06,2.17E-05,3.79E-07,,,,,6.63E-08,1.74E-09,1.72E-03,2.83E-05,2.41E-07,6.49E-09,,,,,,,2.18E-09,2.07E-10,,,,,,,4.79E-09,2.22E-10,2.71E-06,4.29E-08,,,1.45E-08,9.51E-10,,,,,,,,,,,1.32E-06,1.07E-08,3.71E-10,5.93E-11,,,,,1.71E-09,1.27E-10,2.17E-05,2.63E-06,2.00E-09,7.08E-10
MZT2-4D,8/29/18,7.12,,-29,0.165,3.913,0.069,3.844,0.0016,0.011,0.002,0.404,0.0005,3.58E-07,5.20E-08,,,1.58E-07,3.65E-08,1.04E-04,2.08E-06,3.61E-04,4.50E-06,,,1.35E-04,3.32E-06,2.26E-05,2.16E-07,,,,,5.18E-08,1.20E-09,1.71E-03,2.10E-05,2.48E-07,2.94E-09,,,,,,,1.83E-09,3.50E-10,,,,,,,4.99E-09,2.87E-10,2.71E-06,3.08E-08,,,1.41E-08,8.84E-10,,,,,,,,,,,1.32E-06,9.02E-09,3.33E-10,5.71E-11,,,,,1.66E-09,1.02E-10,2.21E-05,2.39E-06,1.94E-09,3.56E-10
MZT2-4D,9/6/18,7.41,,12,0.203,3.959,0.059,3.9,0.0017,0.011,0.002,0.416,0.0005,3.86E-07,3.81E-08,,,2.05E-07,2.82E-08,1.25E-04,1.08E-06,3.72E-04,6.37E-06,,,1.33E-04,3.50E-06,3.40E-05,1.40E-07,,,,,2.19E-07,1.78E-09,1.70E-03,1.64E-05,2.89E-07,7.51E-09,,,,,8.81E-09,3.63E-09,2.68E-09,2.22E-10,4.18E-08,1.14E-09,3.49E-07,3.67E-09,,,6.98E-09,2.38E-10,2.72E-06,6.99E-09,,,1.35E-08,5.22E-10,,,,,,,,,,,1.33E-06,8.16E-09,3.46E-10,4.03E-11,,,,,1.64E-09,9.87E-11,2.33E-05,2.70E-06,2.90E-09,5.60E-10
MZT2-4D,9/14/18,7.71,,154,0.15,3.604,0.048,3.556,0.0036,0.011,0.003,0.44,0.0005,3.00E-07,3.97E-08,,,1.80E-07,6.19E-08,1.10E-04,9.26E-07,3.61E-04,5.46E-06,3.60E-07,5.24E-08,1.31E-04,2.60E-06,2.34E-05,2.37E-07,,,2.53E-09,1.60E-10,7.53E-08,7.10E-10,1.65E-03,1.68E-05,5.01E-07,7.49E-09,,,,,4.41E-08,1.17E-09,1.95E-09,2.74E-10,3.45E-09,3.45E-10,,,,,5.00E-09,8.29E-11,2.78E-06,3.62E-08,,,1.12E-08,6.12E-10,,,,,,,,,,,1.25E-06,1.75E-08,3.81E-10,4.22E-11,,,,,1.59E-09,5.55E-11,2.39E-05,3.75E-06,,
MZT2-4D,9/27/18,,,,0.256,3.684,0.039,3.645,0.0041,0.012,0.003,0.457,0.0005,2.57E-07,5.09E-08,,,,,5.12E-04,9.49E-06,3.55E-04,6.34E-06,3.94E-07,5.26E-08,1.26E-04,2.69E-06,2.24E-05,4.05E-07,,,2.12E-09,1.32E-10,7.53E-08,1.05E-09,1.69E-03,1.38E-05,5.81E-07,6.73E-09,,,1.53E-07,9.32E-09,4.44E-08,3.10E-09,2.37E-09,9.97E-11,6.80E-09,8.77E-10,,,,,5.02E-09,2.29E-10,2.78E-06,1.92E-08,,,9.71E-09,7.02E-10,,,,,,,,,,,1.29E-06,2.07E-08,3.46E-10,2.28E-11,,,,,1.50E-09,8.57E-11,1.04E-04,3.51E-06,,
MZT2-4D,10/3/18,,,,,3.683,0.049,3.633,0.0066,0.012,0.003,0.461,0.0005,2.71E-07,6.16E-08,,,,,1.19E-04,9.36E-07,3.31E-04,6.09E-06,6.23E-07,4.60E-08,1.15E-04,2.52E-06,2.27E-05,2.40E-07,2.59E-09,1.75E-10,8.90E-08,4.89E-09,7.80E-08,9.38E-10,1.62E-03,1.49E-05,9.01E-07,1.54E-08,,,,,5.01E-08,1.15E-09,2.71E-09,1.67E-10,1.51E-08,7.74E-10,2.84E-07,8.49E-09,,,8.11E-09,1.63E-10,2.66E-06,2.79E-08,,,9.11E-09,5.34E-10,,,,,,,,,,,1.19E-06,8.88E-09,3.43E-10,3.17E-11,,,,,1.43E-09,1.48E-10,2.62E-05,3.97E-06,,
MZT2-4S,6/1/18,,,,,,,,,,,,,,,,,,,,,,,,,,,,,,,,,,,,,,,,,,,,,,,,,,,,,,,,,,,,,,,,,,,,,,,,,,,,,,,,,,,,
MZT2-4S,6/6/18,,,,,,,,,,,,,,,,,,,,,,,,,,,,,,,,,,,,,,,,,,,,,,,,,,,,,,,,,,,,,,,,,,,,,,,,,,,,,,,,,,,,
MZT2-4S,6/8/18,,,,,,,,,,,,,,,,,,,,,,,,,,,,,,,,,,,,,,,,,,,,,,,,,,,,,,,,,,,,,,,,,,,,,,,,,,,,,,,,,,,,
MZT2-4S,6/11/18,,,,,,,,,,,,,,,,,,,,,,,,,,,,,,,,,,,,,,,,,,,,,,,,,,,,,,,,,,,,,,,,,,,,,,,,,,,,,,,,,,,,
MZT2-4S,6/13/18,,,,,,,,,,,,,,,,,,,,,,,,,,,,,,,,,,,,,,,,,,,,,,,,,,,,,,,,,,,,,,,,,,,,,,,,,,,,,,,,,,,,
MZT2-5D,6/1/18,7.41,372,117,,4.416,0.074,4.342,0.0013,0.015,0.014,0.299,0.0005,3.66E-07,3.77E-08,,,,,8.44E-05,1.20E-06,3.16E-04,2.80E-06,,,9.96E-05,7.70E-07,2.12E-05,2.82E-07,,,,,3.31E-07,2.61E-09,1.75E-03,1.04E-05,1.45E-07,6.49E-09,,,,,3.71E-08,8.85E-10,3.88E-09,2.00E-10,1.06E-08,1.29E-09,,,,,3.09E-09,1.90E-10,2.63E-06,2.42E-08,,,9.78E-09,6.14E-10,,,,,,,,,,,9.81E-07,1.17E-08,2.22E-10,4.41E-11,,,,,1.81E-09,5.01E-11,9.05E-06,1.76E-06,,
MZT2-5D,6/6/18,7.24,465,120,,4.503,0.071,4.432,0.0013,0.014,0.015,0.294,0.0005,3.63E-07,4.08E-08,,,,,8.59E-05,1.70E-06,3.38E-04,1.55E-06,,,1.01E-04,1.73E-06,3.08E-05,5.04E-07,,,,,5.08E-07,8.31E-09,1.90E-03,7.69E-06,4.36E-07,7.53E-09,,,,,3.94E-08,2.32E-09,4.32E-09,2.51E-10,6.32E-09,1.01E-09,,,,,3.59E-09,1.44E-10,2.84E-06,1.97E-08,,,1.04E-08,8.15E-10,,,,,,,,,,,1.08E-06,1.40E-08,1.94E-10,2.25E-11,,,,,1.88E-09,5.44E-11,8.81E-06,1.55E-06,,
MZT2-5D,6/8/18,7.37,393,85,,4.649,0.077,4.572,0.0013,0.013,0.01,0.291,0.0005,3.56E-07,3.46E-08,,,,,7.88E-05,1.72E-06,3.28E-04,1.65E-06,,,1.02E-04,1.06E-06,2.37E-05,3.60E-07,,,6.27E-09,2.57E-09,6.55E-07,6.60E-09,1.84E-03,1.30E-05,2.86E-07,5.49E-09,,,3.95E-08,1.16E-09,3.88E-08,9.27E-10,4.57E-09,2.00E-10,5.62E-09,8.73E-10,,,,,3.61E-09,1.02E-10,2.83E-06,2.40E-08,,,1.09E-08,2.68E-10,,,,,,,,,,,1.08E-06,1.28E-08,2.41E-10,3.43E-11,,,,,1.90E-09,1.20E-10,7.63E-06,1.40E-06,,
MZT2-5D,6/11/18,,,,,4.81,0.104,4.706,0.0018,0.013,0.009,0.284,0.0005,3.67E-07,3.34E-08,,,,,7.61E-05,1.39E-06,3.22E-04,3.62E-06,,,1.02E-04,1.08E-06,2.36E-05,4.08E-07,,,,,6.25E-07,7.21E-09,1.85E-03,6.76E-06,1.73E-07,4.86E-09,,,4.05E-08,1.87E-09,4.06E-08,2.02E-09,4.40E-09,2.94E-10,7.19E-09,9.70E-10,2.55E-07,6.78E-09,,,3.70E-09,1.26E-10,2.79E-06,2.55E-08,,,1.02E-08,5.56E-10,,,,,,,,,,,1.09E-06,2.47E-09,2.13E-10,1.71E-11,,,,,1.80E-09,6.05E-11,7.22E-06,1.38E-06,,
MZT2-5D,6/13/18,7.26,318,56,,4.645,0.09,4.555,,0.014,0.014,0.31,0.0005,,,,,3.74E-07,1.02E-08,7.34E-05,1.34E-06,2.98E-04,1.52E-05,,,9.61E-05,1.01E-06,2.28E-05,5.69E-07,,,2.46E-09,2.35E-10,6.79E-07,6.11E-09,1.76E-03,9.59E-06,5.19E-07,3.94E-09,,,,,2.27E-08,1.91E-09,,,5.57E-09,6.78E-10,,,,,3.44E-09,2.00E-10,2.53E-06,2.21E-08,,,1.02E-08,6.60E-10,,,,,,,,,,,9.89E-07,1.27E-08,2.36E-10,2.17E-11,,,,,1.67E-09,8.84E-11,1.13E-05,1.84E-06,,
MZT2-5D,6/15/18,,,,,4.555,0.084,4.471,,0.013,0.011,0.31,0.0005,,,,,3.81E-07,2.33E-08,7.51E-05,1.52E-06,2.94E-04,1.37E-05,,,9.61E-05,1.57E-06,2.36E-05,5.14E-07,,,,,5.96E-07,4.13E-09,1.73E-03,8.62E-06,4.73E-07,6.08E-09,,,,,2.38E-08,2.87E-09,,,7.83E-09,4.78E-10,,,,,3.75E-09,1.58E-10,2.49E-06,8.77E-09,,,1.01E-08,6.74E-10,,,,,,,,,,,9.79E-07,1.66E-08,1.96E-10,1.79E-11,,,,,1.67E-09,8.59E-11,1.05E-05,1.76E-06,,
MZT2-5D,6/20/18,,488,79,,4.47,0.068,4.402,,0.012,0.005,0.304,0.0005,,,,,3.78E-07,1.85E-08,7.88E-05,1.91E-06,3.04E-04,1.22E-05,,,9.71E-05,1.43E-06,2.48E-05,5.16E-07,,,,,5.48E-07,5.16E-09,1.84E-03,3.41E-06,6.42E-07,2.32E-09,,,,,2.91E-08,8.50E-09,,,4.82E-09,6.65E-10,,,,,3.68E-09,3.28E-10,2.62E-06,9.53E-09,,,1.07E-08,5.65E-10,,,,,,,,,,,1.03E-06,1.55E-08,2.54E-10,3.01E-11,,,,,1.72E-09,1.07E-10,1.12E-05,1.42E-06,,
MZT2-5D,6/22/18,,404,41,,4.361,0.088,4.273,,0.011,0.008,0.308,0.0005,,,,,3.00E-07,2.89E-08,8.13E-05,1.44E-06,2.99E-04,1.48E-05,1.37E-07,6.12E-08,9.60E-05,1.33E-06,2.40E-05,4.51E-07,,,,,5.04E-07,4.12E-09,1.73E-03,1.07E-05,5.69E-07,5.68E-09,,,,,3.46E-08,1.87E-09,,,5.02E-09,4.64E-10,,,,,3.78E-09,1.70E-10,2.59E-06,2.51E-08,,,1.10E-08,5.56E-10,,,,,,,,,,,9.99E-07,1.66E-08,1.78E-10,1.71E-11,,,4.78E-10,8.33E-11,1.66E-09,5.53E-11,9.47E-06,1.52E-06,,
MZT2-5D,6/26/18,,,,,4.187,0.069,4.118,,0.01,0.011,0.314,0.0005,,,,,2.37E-07,1.84E-08,7.31E-05,1.69E-06,2.42E-04,9.54E-06,,,9.67E-05,1.18E-06,2.06E-05,3.99E-07,,,8.31E-09,1.44E-09,2.53E-07,3.17E-09,1.35E-03,4.14E-06,7.09E-07,1.25E-08,,,,,2.89E-08,4.16E-09,,,4.88E-09,5.38E-10,,,,,3.41E-09,2.85E-10,2.06E-06,9.85E-09,,,1.07E-08,5.20E-10,,,,,,,,,,,7.97E-07,9.06E-09,1.25E-10,2.63E-11,,,2.27E-10,2.65E-11,1.29E-09,9.67E-11,1.10E-05,1.90E-06,,
MZT2-5D,10/3/18,,,,,4.104912573,,,,,,,,2.15E-07,2.84E-08,,,,,1.06E-04,2.28E-06,3.48E-04,3.90E-06,1.16E-07,4.87E-08,1.21E-04,1.69E-06,2.74E-05,5.37E-07,,,3.43E-09,1.94E-10,1.07E-07,9.00E-10,1.79E-03,1.53E-05,2.60E-07,2.53E-09,,,,,5.32E-08,2.67E-09,2.95E-09,2.44E-10,3.44E-09,2.99E-10,,,,,3.92E-09,2.16E-10,3.02E-06,3.74E-08,,,8.52E-09,5.45E-10,,,,,,,,,,,1.03E-06,1.08E-08,2.41E-10,3.24E-11,,,,,1.29E-09,1.00E-10,2.26E-05,3.49E-06,,
MZT2-5M,6/1/18,7.21,451,137,,5.872,0.165,5.707,0.0011,0.012,0.014,0.255,0.0005,3.72E-07,2.91E-08,,,,,8.07E-05,1.02E-06,3.02E-04,4.98E-06,,,1.04E-04,2.62E-06,1.56E-05,2.62E-07,3.16E-09,3.08E-10,5.17E-09,1.77E-09,1.93E-06,1.03E-08,2.01E-03,1.86E-05,5.55E-07,6.19E-09,,,3.48E-08,2.76E-09,4.52E-08,2.11E-09,7.19E-09,3.55E-10,1.17E-08,1.21E-09,3.26E-07,1.07E-08,,,3.76E-09,1.67E-10,3.10E-06,2.48E-08,,,4.99E-09,5.01E-10,,,,,,,,,,,6.66E-07,6.59E-09,1.49E-10,4.31E-11,,,,,7.29E-09,2.15E-10,7.77E-06,1.46E-06,2.76E-09,7.92E-10
MZT2-5M,6/6/18,,,,,,,,,,,,,,,,,,,,,,,,,,,,,,,,,,,,,,,,,,,,,,,,,,,,,,,,,,,,,,,,,,,,,,,,,,,,,,,,,,,,
MZT2-5M,6/8/18,,,,,,,,,,,,,,,,,,,,,,,,,,,,,,,,,,,,,,,,,,,,,,,,,,,,,,,,,,,,,,,,,,,,,,,,,,,,,,,,,,,,
MZT2-5M,6/11/18,,,,,,,,,,,,,,,,,,,,,,,,,,,,,,,,,,,,,,,,,,,,,,,,,,,,,,,,,,,,,,,,,,,,,,,,,,,,,,,,,,,,
MZT2-5M,6/13/18,,,,,,,,,,,,,,,,,,,,,,,,,,,,,,,,,,,,,,,,,,,,,,,,,,,,,,,,,,,,,,,,,,,,,,,,,,,,,,,,,,,,
MZT2-5S,6/1/18,,,,,,,,,,,,,,,,,,,,,,,,,,,,,,,,,,,,,,,,,,,,,,,,,,,,,,,,,,,,,,,,,,,,,,,,,,,,,,,,,,,,
MZT2-5S,6/6/18,,,,,,,,,,,,,,,,,,,,,,,,,,,,,,,,,,,,,,,,,,,,,,,,,,,,,,,,,,,,,,,,,,,,,,,,,,,,,,,,,,,,
MZT2-5S,6/8/18,,,,,,,,,,,,,,,,,,,,,,,,,,,,,,,,,,,,,,,,,,,,,,,,,,,,,,,,,,,,,,,,,,,,,,,,,,,,,,,,,,,,
MZT2-5S,6/11/18,,,,,,,,,,,,,,,,,,,,,,,,,,,,,,,,,,,,,,,,,,,,,,,,,,,,,,,,,,,,,,,,,,,,,,,,,,,,,,,,,,,,
MZT2-5S,6/13/18,,,,,,,,,,,,,,,,,,,,,,,,,,,,,,,,,,,,,,,,,,,,,,,,,,,,,,,,,,,,,,,,,,,,,,,,,,,,,,,,,,,,
MZT2-5XD,10/3/18,,,,,,0.052,,0.0035,,,,,,,,,,,,,,,,,,,,,,,,,,,,,,,,,,,,,,,,,,,,,,,,,,,,,,,,,,,,,,,,,,,,,,,,,,,,
MZT2-5XD,11/6/18,,,,,3.414,0.636,2.777,0.0061,0.018,0.001,0.38,0.0005,,,,,,,,,,,,,,,,,,,,,,,,,,,,,,,,,,,,,,,,,,,,,,,,,,,,,,,,,,,,,,,,,,,,,,,,