Well,Date,Time,pH,Cond,DO,TC,NPOC,TIC,NH4,Cl,NO2,SO4,NO3,Na,Na_sd,Mg,Mg_sd,Si,Si_sd,Si-1,Si-1_sd,K,K_sd,Mn,Mn_sd,Ca,Ca_sd,Fe,Fe_sd,Ni,Ni_sd,Cu,Cu_sd,Zn,Zn_sd,Sr,Sr_sd,Ba,Ba_sd,U,U_sd,PO,PO_sd
MZ RW down,5/15/19,,,,,2.172,0.442,1.729,0.0025,0.0301,0,0.217,0.0068,8.80E-05,3.64E-06,2.62E-04,4.94E-06,1.01E-04,3.01E-06,1.05E-04,4.67E-07,1.76E-05,3.37E-07,4.06E-07,8.21E-09,1.00E-03,7.16E-06,6.70E-07,1.91E-08,2.76E-08,2.06E-09,1.27E-08,1.21E-09,2.50E-07,2.39E-08,1.73E-06,1.75E-08,5.17E-07,4.71E-09,1.55E-09,5.19E-11,9.46E-06,1.04E-06
MZ RW down,6/4/19,14:45,8.42,382,8.5,1.959,0.227,1.733,0.0007,0.0155,0,0.179,0.0037,7.39E-05,1.45E-06,2.28E-04,3.74E-06,8.66E-05,2.00E-06,8.80E-05,4.15E-07,1.27E-05,2.76E-07,1.39E-07,2.39E-09,9.58E-04,9.58E-06,2.48E-07,3.08E-08,2.04E-08,3.19E-09,7.40E-09,1.16E-09,2.16E-07,7.27E-09,1.72E-06,2.39E-08,3.79E-07,1.91E-09,1.22E-09,7.49E-11,7.62E-06,1.04E-06
MZ RW down,6/10/19,14:05,8.4,219,8.8,1.845,0.198,1.647,0,0.0096,0,0.148,0.0044,4.89E-05,1.58E-06,1.79E-04,3.43E-06,7.50E-05,2.66E-06,7.45E-05,6.70E-07,1.28E-05,2.52E-07,2.28E-07,1.17E-09,8.29E-04,6.16E-06,2.18E-07,1.44E-08,2.13E-08,1.92E-09,9.00E-09,1.38E-09,1.67E-07,7.04E-09,1.47E-06,5.68E-09,3.96E-07,6.29E-09,1.21E-09,5.96E-11,7.70E-06,7.55E-07
MZ RW down,6/19/19,14:50,8.15,209,8.3,1.739,0.175,1.565,0.0032,0.0143,0,0.162,0.0028,4.37E-05,7.16E-07,1.78E-04,2.15E-06,7.22E-05,1.13E-06,7.28E-05,1.28E-06,1.17E-05,1.69E-07,1.97E-07,2.18E-09,7.99E-04,3.84E-06,2.97E-07,1.72E-08,0,0,0,0,1.85E-07,8.94E-09,1.33E-06,1.14E-08,3.64E-07,5.68E-09,1.19E-09,9.99E-11,5.25E-06,6.10E-07
MZ RW down,6/24/19,12:45,8.58,259,8.9,1.881,0.153,1.728,0.0019,0.0127,0,0.188,0.003,4.88E-05,1.00E-06,2.01E-04,3.60E-06,7.71E-05,1.59E-06,7.41E-05,4.75E-07,1.18E-05,2.31E-07,2.06E-07,3.76E-09,8.80E-04,6.59E-06,0,0,0,0,0,0,2.06E-07,1.43E-08,1.45E-06,9.42E-09,3.74E-07,3.33E-09,1.54E-09,1.87E-10,5.76E-06,7.88E-07
MZ RW down,7/3/19,13:35,8.39,196.4,8.7,1.487,0.128,1.359,0.0013,0.0063,0,0.164,0.0029,3.65E-05,3.33E-07,1.60E-04,1.79E-06,6.63E-05,9.15E-07,6.58E-05,3.93E-07,1.13E-05,1.63E-07,8.45E-08,1.76E-09,7.14E-04,7.16E-06,1.85E-07,1.08E-08,0,0,0,0,1.63E-07,8.90E-09,1.17E-06,1.82E-08,2.89E-07,5.71E-09,1.04E-09,1.06E-10,5.19E-06,6.71E-07
MZ RW down,7/10/19,11:00,8.3,198.6,9.2,1.542,0.101,1.441,0.0018,0.0055,0,0.186,0.0025,3.73E-05,4.35E-07,1.66E-04,2.23E-06,6.56E-05,7.32E-07,6.44E-05,8.27E-07,1.08E-05,1.83E-07,1.09E-07,2.48E-09,7.40E-04,5.84E-06,3.21E-07,7.95E-09,0,0,0,0,1.87E-07,1.17E-08,1.22E-06,1.33E-08,3.14E-07,5.14E-09,1.14E-09,1.43E-10,5.48E-06,7.51E-07
MZ RW down,7/17/19,11:35,8.37,188.4,8.6,1.545,0.075,1.469,0.002,0.0057,0,0.1923,0.0025,2.62E-05,6.95E-07,1.66E-04,2.84E-06,6.62E-05,1.11E-06,7.33E-05,7.87E-07,9.96E-06,2.38E-07,1.13E-07,3.49E-09,6.98E-04,5.06E-06,3.70E-07,2.77E-09,2.29E-08,3.30E-09,1.14E-08,6.89E-10,2.28E-07,1.07E-08,1.20E-06,8.82E-09,3.08E-07,4.14E-09,1.15E-09,3.73E-11,1.96E-06,9.81E-07
MZ RW down,7/25/19,12:30,8.29,196.2,9,1.499,0.094,1.405,0.0021,0.0047,0,0.213,0.0018,2.94E-05,8.56E-07,1.72E-04,4.48E-06,6.57E-05,1.74E-06,7.01E-05,7.87E-07,1.04E-05,1.66E-07,1.90E-07,4.00E-09,7.24E-04,9.05E-06,4.35E-07,9.29E-09,2.97E-08,1.14E-09,1.10E-08,1.35E-09,1.87E-07,9.07E-09,1.27E-06,1.24E-08,3.33E-07,4.42E-09,1.20E-09,6.67E-11,2.25E-06,1.26E-06
MZ RW down,8/5/19,11:55,8.36,224,8.6,1.571,0.12,1.451,0.0061,0.0057,0,0.2338,0.0019,3.26E-05,9.38E-07,1.81E-04,1.65E-06,6.84E-05,1.02E-06,7.50E-05,7.37E-07,1.05E-05,9.53E-08,2.58E-07,2.62E-09,7.55E-04,2.49E-06,3.17E-07,9.84E-09,1.47E-08,7.96E-10,0,0,1.80E-07,1.06E-08,1.38E-06,1.50E-08,3.71E-07,4.69E-09,1.25E-09,5.67E-11,3.07E-06,1.45E-06
MZ RW down,8/12/19,,,,,1.8,0.099,1.701,0.002,0.0065,0,0.319,0.001,4.38E-05,1.08E-06,2.32E-04,4.67E-06,7.77E-05,1.39E-06,7.91E-05,5.36E-07,1.29E-05,1.10E-07,2.08E-07,1.83E-09,9.62E-04,7.67E-06,4.18E-07,9.16E-09,2.51E-08,2.43E-09,8.33E-09,7.26E-10,1.85E-07,7.32E-09,1.79E-06,7.95E-09,4.49E-07,6.32E-09,1.74E-09,1.59E-10,5.73E-06,1.98E-06
MZ RW down,8/28/19,,,,,2.133,0.113,2.02,0,0.0072,0,0.3756,0.0008,6.63E-05,6.54E-07,2.93E-04,5.88E-06,8.52E-05,2.56E-06,9.13E-05,7.77E-07,1.60E-05,3.31E-07,2.88E-07,2.29E-09,1.21E-03,1.22E-05,5.27E-07,5.20E-09,2.38E-08,3.04E-09,0,0,1.48E-07,5.75E-09,2.01E-06,1.44E-08,6.02E-07,1.11E-08,2.05E-09,1.59E-10,1.82E-05,3.00E-06
MZ RW down,9/18/19,,,,,3.19,0.067,3.123,0.0011,0.0062,0,0.2599,0,8.04E-05,1.61E-06,4.24E-04,7.92E-06,1.28E-04,3.08E-06,1.31E-04,1.80E-06,2.34E-05,3.38E-07,3.88E-07,6.35E-09,1.70E-03,1.09E-05,1.36E-06,9.21E-09,4.10E-08,2.30E-09,5.45E-09,1.05E-09,4.12E-07,9.79E-09,2.07E-06,1.14E-08,1.06E-06,1.11E-08,1.74E-09,8.20E-11,1.90E-05,2.67E-06
MZ RW down,10/1/19,,,,,,,,0,,,,,,,,,,,,,,,,,,,,,,,,,,,,,,,,,,
MZ RW up,5/15/19,,,,,2.16,0.286,1.874,0.0017,0.0298,0,0.22,0.0074,9.40E-05,3.28E-06,2.65E-04,6.86E-06,9.80E-05,3.07E-06,9.90E-05,7.64E-07,2.07E-05,2.62E-07,1.65E-07,4.20E-09,9.92E-04,9.10E-06,4.21E-07,1.74E-08,2.88E-08,2.53E-09,3.18E-08,1.17E-09,3.94E-07,2.31E-08,1.78E-06,2.39E-08,4.38E-07,7.64E-09,1.61E-09,6.52E-11,1.16E-05,1.16E-06
MZ RW up,6/4/19,10:20,8.62,375,9.1,1.938,0.253,1.684,0.0008,,0,0.178,0.0043,7.21E-05,1.80E-06,2.26E-04,5.46E-06,8.60E-05,2.49E-06,8.13E-05,6.60E-07,1.22E-05,1.20E-07,2.05E-07,3.73E-09,9.13E-04,7.08E-06,3.78E-07,1.58E-08,2.23E-08,2.72E-09,9.31E-09,8.30E-10,5.05E-07,1.17E-08,1.72E-06,3.11E-08,3.62E-07,3.26E-09,1.25E-09,7.76E-11,7.42E-06,1.22E-06
MZ RW up,6/5/19,11:50,8.44,357,9.4,1.852,0.223,1.629,0.0011,0.0148,0,0.172,0.0037,6.82E-05,1.10E-06,2.19E-04,1.85E-06,8.48E-05,9.27E-07,7.86E-05,5.05E-07,1.11E-05,3.21E-07,9.09E-08,2.09E-09,8.20E-04,9.07E-06,2.20E-07,1.80E-08,1.72E-08,3.73E-09,7.89E-09,9.61E-10,2.77E-07,1.66E-08,1.83E-06,2.42E-08,3.45E-07,4.50E-09,1.17E-09,4.19E-11,8.09E-06,7.73E-07
MZ RW up,6/10/19,9:25,8.47,248,8.9,1.784,0.194,1.589,0.001,0.0097,0,0.153,0.0047,4.78E-05,1.83E-06,1.78E-04,6.35E-06,7.55E-05,2.69E-06,7.25E-05,4.63E-07,1.18E-05,2.29E-07,1.22E-07,2.83E-09,7.78E-04,6.12E-06,2.86E-07,1.58E-08,2.28E-08,1.92E-09,1.28E-08,1.05E-09,2.34E-07,8.21E-09,1.44E-06,2.78E-08,3.25E-07,1.78E-09,1.18E-09,5.86E-11,7.97E-06,7.57E-07
MZ RW up,6/11/19,9:35,8.44,208,9.7,1.835,0.189,1.646,0.0012,0.0109,0,0.154,0.0041,5.01E-05,2.30E-06,1.69E-04,4.39E-06,7.42E-05,2.79E-06,6.77E-05,4.53E-07,1.31E-05,2.60E-07,9.23E-08,1.33E-09,8.34E-04,4.93E-06,4.21E-07,8.90E-09,1.99E-08,2.79E-09,1.02E-08,1.11E-09,4.87E-07,2.42E-08,1.38E-06,2.35E-08,2.99E-07,2.54E-09,1.32E-09,9.49E-11,8.62E-06,6.60E-07
MZ RW up,6/18/19,8:40,8.09,228,10.5,1.629,0.173,1.456,0.0012,0.0076,0,0.158,0.0038,4.22E-05,9.73E-07,1.80E-04,5.94E-06,7.20E-05,2.23E-06,7.95E-05,8.05E-07,1.23E-05,1.57E-07,9.95E-08,1.98E-09,7.84E-04,6.09E-06,2.63E-07,9.56E-09,1.56E-08,2.07E-09,5.24E-09,9.25E-10,2.25E-07,2.42E-08,1.31E-06,2.62E-08,3.06E-07,4.98E-09,1.19E-09,9.41E-11,8.24E-06,8.45E-07
MZ RW up,6/19/19,10:45,8.07,214,9.2,1.746,0.174,1.572,0.0033,0.0178,0,0.158,0.0028,4.41E-05,5.30E-07,1.78E-04,4.20E-06,7.20E-05,1.34E-06,7.07E-05,4.86E-07,1.17E-05,1.68E-07,9.10E-08,2.47E-09,7.76E-04,5.93E-06,0,0,0,0,0,0,1.82E-07,1.04E-08,1.28E-06,2.49E-08,3.14E-07,4.82E-09,1.11E-09,1.18E-10,5.26E-06,6.47E-07
MZ RW up,6/24/19,9:15,8,228,9.2,1.868,0.14,1.728,0.0021,0.0115,0,0.186,0.0034,4.76E-05,7.22E-07,1.97E-04,2.30E-06,7.57E-05,1.33E-06,7.45E-05,3.93E-07,1.17E-05,2.59E-07,1.16E-07,2.62E-09,8.70E-04,1.48E-05,0,0,0,0,0,0,1.67E-07,8.52E-09,1.43E-06,1.79E-08,3.29E-07,2.41E-09,1.36E-09,1.03E-10,5.76E-06,8.13E-07
MZ RW up,6/25/19,9:55,8.06,227,8.8,1.808,0.147,1.66,0.0018,0.0126,0,0.186,0.0032,4.62E-05,8.00E-07,1.90E-04,2.29E-06,7.34E-05,1.10E-06,7.12E-05,4.69E-07,1.14E-05,1.04E-07,9.77E-08,1.83E-09,8.30E-04,8.85E-06,6.82E-08,6.10E-09,0,0,0,0,1.73E-07,9.43E-09,1.36E-06,1.53E-08,3.16E-07,2.89E-09,1.39E-09,1.35E-10,5.60E-06,8.33E-07
MZ RW up,7/2/19,9:30,7.84,235,8.4,1.487,0.146,1.341,0.0021,0.011,0,0.152,0.0031,3.47E-05,5.90E-07,1.53E-04,2.86E-06,6.56E-05,1.12E-06,6.42E-05,2.61E-07,1.06E-05,9.85E-08,7.37E-08,1.97E-09,6.85E-04,7.06E-06,0,0,0,0,0,0,1.97E-07,9.27E-09,1.12E-06,1.35E-08,2.57E-07,4.14E-09,9.76E-10,1.46E-10,4.83E-06,5.04E-07
MZ RW up,7/3/19,11:15,8.02,196.2,8.7,1.502,0.166,1.336,0.0018,0.0063,0,0.159,0.0029,3.64E-05,9.11E-07,1.61E-04,4.19E-06,6.74E-05,2.00E-06,6.49E-05,7.01E-07,1.09E-05,1.64E-07,8.67E-08,1.27E-09,7.03E-04,1.30E-05,0,0,0,0,0,0,2.17E-07,1.26E-08,1.15E-06,1.37E-08,2.74E-07,4.95E-09,1.04E-09,1.56E-10,4.95E-06,5.81E-07
MZ RW up,7/9/19,8:50,7.93,203,8.2,1.468,0.107,1.361,0.0017,0.0065,0,0.175,0.003,3.67E-05,4.06E-07,1.61E-04,2.98E-06,6.52E-05,1.22E-06,6.27E-05,9.35E-07,1.01E-05,2.13E-07,1.01E-07,3.09E-09,7.08E-04,6.18E-06,0,0,0,0,0,0,2.17E-07,1.72E-08,1.17E-06,1.93E-08,2.75E-07,5.21E-09,1.08E-09,1.41E-10,5.29E-06,8.26E-07
MZ RW up,7/10/19,8:50,8,235,9.1,1.487,0.102,1.385,0.002,0.0066,0,0.18,0.0029,3.73E-05,4.05E-07,1.64E-04,3.20E-06,6.58E-05,9.62E-07,6.31E-05,4.93E-07,1.08E-05,9.95E-08,9.89E-08,1.89E-09,7.19E-04,4.57E-06,9.09E-08,4.27E-09,0,0,0,0,1.74E-07,1.22E-08,1.19E-06,9.57E-09,2.80E-07,5.25E-09,1.15E-09,1.06E-10,5.34E-06,7.26E-07
MZ RW up,7/16/19,10:45,7.96,189.9,9.3,1.402,0.087,1.315,0.0018,0.0052,0,0.191,0.0026,3.52E-05,1.32E-06,1.59E-04,3.89E-06,6.32E-05,1.96E-06,6.45E-05,3.85E-07,9.53E-06,2.46E-07,1.11E-07,2.18E-09,6.71E-04,6.23E-06,1.06E-07,3.87E-09,1.38E-08,1.07E-09,0,0,2.13E-07,9.41E-09,1.21E-06,1.26E-08,2.88E-07,1.30E-09,1.06E-09,8.03E-11,8.19E-06,9.54E-07
MZ RW up,7/17/19,9:35,7.69,207,8.4,1.511,0.144,1.368,0.0034,0.0066,0,0.1896,0.0027,4.40E-05,1.26E-06,1.58E-04,3.05E-06,6.25E-05,1.39E-06,6.50E-05,4.25E-07,1.01E-05,1.85E-07,1.22E-07,1.67E-09,6.65E-04,2.93E-06,5.06E-07,4.58E-07,1.54E-08,1.83E-09,1.19E-08,1.58E-09,2.53E-07,1.13E-08,1.18E-06,1.76E-08,2.82E-07,5.07E-09,1.13E-09,4.82E-11,8.57E-06,1.11E-06
MZ RW up,7/25/19,9:20,7.69,191.3,8.9,1.47,0.092,1.378,0.0017,0.0068,0,0.2136,0.0023,2.59E-05,6.91E-07,1.58E-04,2.76E-06,6.18E-05,1.05E-06,6.38E-05,1.90E-07,9.73E-06,2.35E-07,1.17E-07,2.13E-09,6.73E-04,5.14E-06,2.92E-07,7.15E-09,2.33E-08,3.03E-09,8.34E-09,6.14E-10,2.42E-07,1.39E-08,1.24E-06,1.33E-08,2.80E-07,5.06E-09,1.15E-09,9.02E-11,2.21E-06,1.37E-06
MZ RW up,8/5/19,13:10,8.3,208,8.4,1.511,0.102,1.409,0.002,0.0053,0,0.2389,0.002,3.21E-05,8.12E-07,1.75E-04,3.90E-06,6.67E-05,1.30E-06,7.13E-05,1.10E-06,1.05E-05,1.62E-07,1.28E-07,2.74E-09,7.44E-04,2.19E-06,3.97E-07,3.09E-09,2.83E-08,3.28E-09,1.23E-08,9.53E-10,1.97E-07,7.28E-09,1.39E-06,9.90E-09,3.16E-07,2.78E-09,1.27E-09,1.32E-10,3.37E-06,1.52E-06
MZ RW up,8/12/19,14:35,7.99,261,8.8,1.715,0.097,1.618,0.0017,0.0063,0,0.3205,0.001,4.44E-05,1.58E-06,2.22E-04,4.50E-06,7.49E-05,1.36E-06,8.38E-05,6.13E-07,1.19E-05,1.76E-07,1.59E-07,2.60E-09,9.15E-04,4.68E-06,2.32E-07,2.39E-09,1.71E-08,1.55E-09,0,0,2.34E-07,1.24E-08,1.79E-06,2.95E-08,3.91E-07,8.88E-09,1.79E-09,9.85E-11,5.96E-06,2.08E-06
MZ RW up,8/28/19,9:45,7.71,291,7.9,1.972,0.178,1.794,0.0017,0.0089,0,0.3688,0.0011,6.75E-05,4.64E-07,2.79E-04,3.35E-06,8.04E-05,1.96E-06,8.40E-05,7.80E-07,1.53E-05,2.52E-07,1.36E-07,2.92E-09,1.15E-03,1.59E-05,2.55E-07,1.11E-08,2.46E-08,2.73E-09,5.27E-09,2.85E-10,2.47E-07,8.25E-09,2.02E-06,1.72E-08,4.24E-07,5.36E-09,2.10E-09,1.17E-10,1.87E-05,2.64E-06
MZ RW up,9/17/19,16:10,7.83,316,7.4,2.183,0.106,2.078,0.0011,0.0081,0,0.4478,0,9.65E-05,2.56E-06,3.08E-04,5.47E-06,7.94E-05,2.85E-06,8.15E-05,1.02E-06,1.66E-05,2.80E-07,2.56E-07,4.62E-09,1.28E-03,1.46E-05,8.64E-07,1.27E-08,2.75E-08,2.79E-09,0,0,4.17E-07,1.50E-08,2.28E-06,1.95E-08,4.83E-07,9.12E-09,2.62E-09,2.57E-10,1.95E-05,3.37E-06
MZ RW up,10/1/19,9:55,8,324,8.4,2.39,0.031,2.359,0,0.0089,0,0.4732,0,1.11E-04,1.96E-06,3.35E-04,5.97E-06,8.23E-05,2.93E-06,8.37E-05,8.04E-07,1.63E-05,5.34E-07,3.78E-07,7.33E-09,1.17E-03,6.73E-06,9.41E-07,5.34E-09,2.90E-08,2.76E-09,5.68E-09,5.78E-10,2.82E-07,1.03E-08,2.55E-06,3.11E-08,5.87E-07,7.51E-09,2.80E-09,6.70E-11,1.76E-05,3.32E-06
MZ RW up,10/2/19,,,,,,0.042,,,0.0181,0,0.4762,0,,,,,,,,,,,,,,,,,,,,,,,,,,,,,,
MZT1-1D,5/15/19,,,,,2.983,0.131,2.852,0.0018,0.0278,0,0.539,0.0024,1.65E-04,5.02E-06,4.43E-04,1.08E-05,9.98E-05,2.52E-06,8.06E-05,5.39E-07,1.45E-05,3.88E-07,2.96E-06,4.82E-08,1.81E-03,1.28E-05,2.41E-06,3.58E-08,3.09E-08,1.37E-09,0,0,5.41E-07,2.68E-08,2.75E-06,1.58E-08,1.08E-06,7.10E-09,2.49E-09,1.40E-10,2.02E-05,3.19E-06
MZT1-1D,6/4/19,10:40,8.14,479,5.3,2.213,0.147,2.067,0.0008,0.0219,0,0.214,0.0008,1.04E-04,2.00E-06,2.63E-04,4.74E-06,9.37E-05,2.19E-06,9.62E-05,8.79E-07,1.32E-05,2.77E-07,9.71E-07,1.19E-08,1.13E-03,1.19E-05,1.19E-06,2.01E-08,2.52E-08,2.81E-09,1.32E-08,1.33E-09,3.10E-07,7.84E-09,1.99E-06,2.44E-08,7.42E-07,1.18E-08,1.59E-09,4.94E-11,8.49E-06,1.21E-06
MZT1-1D,6/10/19,9:40,8,237,2.2,2.246,0.158,2.087,0.0029,0.0152,0,0.161,0.0013,6.97E-05,1.72E-06,2.14E-04,4.65E-06,8.57E-05,1.54E-06,8.51E-05,8.75E-07,1.11E-05,1.99E-07,1.40E-06,1.65E-08,9.64E-04,8.00E-06,5.48E-07,1.34E-08,1.84E-08,1.68E-09,1.06E-08,7.99E-10,2.57E-07,1.07E-08,1.76E-06,1.65E-08,6.57E-07,8.39E-09,1.23E-09,2.82E-11,7.81E-06,6.82E-07
MZT1-1D,6/19/19,11:00,7.67,211,4.7,1.868,0.112,1.757,0.0013,0.0092,0,0.161,0,5.10E-05,9.82E-07,1.84E-04,3.02E-06,7.80E-05,1.29E-06,7.85E-05,4.36E-07,1.10E-05,1.21E-07,7.78E-07,1.47E-08,8.42E-04,5.75E-06,5.34E-07,3.40E-08,1.61E-08,4.27E-09,1.07E-08,1.48E-09,2.12E-07,2.03E-08,1.43E-06,1.49E-08,5.41E-07,2.80E-09,9.86E-10,1.60E-10,6.27E-06,7.26E-07
MZT1-1D,6/24/19,9:25,7.86,218,3.8,1.923,0.105,1.818,0.0011,0.0107,0,0.158,0,4.43E-05,5.68E-07,1.62E-04,2.21E-06,7.70E-05,1.31E-06,7.69E-05,3.56E-07,9.85E-06,1.01E-07,1.11E-06,2.56E-08,7.51E-04,5.71E-06,3.25E-07,2.38E-08,0,0,8.40E-09,9.95E-10,1.66E-07,1.57E-08,1.27E-06,1.38E-08,4.66E-07,7.56E-09,8.94E-10,1.70E-10,6.27E-06,8.08E-07
MZT1-1D,7/2/19,9:40,7.91,174.7,5.3,1.736,0.081,1.655,0.001,0.0077,0,0.154,0.0009,4.21E-05,6.42E-07,1.64E-04,1.47E-06,7.20E-05,8.43E-07,6.60E-05,8.92E-07,1.12E-05,1.76E-07,7.38E-07,1.83E-08,8.06E-04,1.26E-05,3.24E-07,2.18E-08,1.77E-08,4.00E-09,7.93E-09,1.43E-09,2.25E-07,1.36E-08,1.33E-06,1.75E-08,4.87E-07,7.26E-09,7.58E-10,9.57E-11,5.90E-06,8.55E-07
MZT1-1D,7/9/19,9:10,7.93,206,5.4,1.698,0.056,1.642,0.0011,0.0074,0,0.171,0.0007,3.69E-05,7.99E-07,1.47E-04,3.36E-06,7.26E-05,2.05E-06,6.19E-04,1.01E-03,1.15E-05,3.84E-06,9.96E-07,7.56E-07,7.10E-04,8.50E-06,2.59E-07,2.38E-08,1.33E-08,4.26E-09,6.31E-09,1.42E-09,1.93E-07,1.72E-08,1.18E-06,3.15E-08,4.35E-07,6.31E-09,8.66E-10,1.27E-10,7.14E-06,1.09E-06
MZT1-1D,7/16/19,10:55,8.05,209,4.7,1.722,0.069,1.653,0.0012,0.0056,0,0.188,0.0005,4.12E-05,7.18E-07,1.64E-04,3.66E-06,7.60E-05,1.49E-06,6.97E-05,7.04E-07,1.24E-05,1.46E-07,1.21E-06,2.27E-08,8.02E-04,9.10E-06,4.58E-07,2.38E-08,1.56E-08,3.15E-09,7.12E-09,1.05E-09,9.74E-07,2.42E-08,1.32E-06,2.65E-08,4.94E-07,6.24E-09,8.32E-10,1.24E-10,6.88E-06,1.04E-06
MZT1-1D,7/25/19,9:30,7.74,222,3.9,1.821,0.06,1.761,0.0018,0.0081,0,0.2136,0.0011,3.24E-05,1.32E-06,1.88E-04,3.97E-06,8.44E-05,2.05E-06,8.94E-05,3.74E-07,1.23E-05,1.25E-07,1.38E-06,2.54E-08,8.54E-04,5.35E-06,6.95E-07,1.43E-08,2.95E-08,1.86E-09,1.28E-08,7.13E-10,2.43E-07,9.25E-09,1.54E-06,2.75E-08,5.85E-07,5.40E-09,9.80E-10,9.59E-11,3.05E-06,1.30E-06
MZT1-1D,8/5/19,9:35,7.77,239,2.5,1.837,0.043,1.794,0.0021,0.0077,0,0.2406,0.0012,3.49E-05,9.32E-07,2.01E-04,3.52E-06,8.77E-05,2.34E-06,9.46E-05,1.31E-06,1.38E-05,2.06E-07,1.16E-06,1.33E-08,9.17E-04,4.12E-06,7.81E-07,1.19E-08,3.19E-08,2.39E-09,1.46E-08,9.30E-10,3.27E-07,7.11E-09,1.63E-06,8.54E-09,6.35E-07,4.92E-09,1.06E-09,9.20E-11,3.98E-06,1.48E-06
MZT1-1D,8/12/19,14:40,7.98,273,0.486,1.946,0.12,1.826,0.0022,0.0074,0,0.2658,0.0013,4.01E-05,8.90E-07,2.23E-04,4.34E-06,9.45E-05,1.78E-06,1.00E-04,5.58E-07,1.44E-05,2.81E-07,1.66E-06,3.27E-08,1.02E-03,1.04E-05,1.02E-06,7.51E-09,4.74E-08,3.69E-09,2.47E-08,7.80E-10,2.30E-07,9.52E-09,1.84E-06,1.91E-08,7.08E-07,1.42E-08,1.12E-09,7.35E-11,5.44E-06,1.65E-06
MZT1-1D,8/28/19,10:00,7.44,364,0.627,2.169,0.193,1.976,0.0013,0.0079,0,0.2703,0,4.97E-05,1.75E-06,2.40E-04,4.33E-06,9.27E-05,2.41E-06,9.64E-05,1.04E-06,1.53E-05,2.32E-07,3.38E-06,4.61E-08,1.09E-03,1.37E-05,1.25E-06,1.52E-08,2.26E-08,1.84E-09,0,0,4.67E-07,7.12E-09,1.97E-06,2.33E-08,7.47E-07,8.62E-09,1.28E-09,9.82E-11,1.16E-05,1.54E-06
MZT1-1D,9/17/19,16:20,7.83,304,,2.488,0.135,2.353,0.0025,0.0092,0,0.3005,0,5.51E-05,9.69E-07,2.61E-04,5.74E-06,9.59E-05,3.26E-06,9.54E-05,6.70E-07,1.42E-05,2.80E-07,3.90E-06,7.84E-08,1.17E-03,7.02E-06,3.94E-06,2.21E-08,2.36E-08,1.41E-09,0,0,2.89E-07,1.48E-08,2.20E-06,2.24E-08,8.08E-07,1.62E-08,1.53E-09,7.71E-11,1.13E-05,1.31E-06
MZT1-1M,5/15/19,,,,,3.619,0.244,3.376,0.0027,0.0596,0,0.514,0,2.33E-04,4.90E-06,4.76E-04,1.18E-05,1.04E-04,2.69E-06,8.68E-05,4.09E-07,1.55E-05,2.82E-07,8.49E-09,7.92E-10,2.09E-03,1.68E-05,0,0,3.48E-08,3.89E-09,8.18E-09,1.38E-09,5.53E-07,3.34E-08,3.53E-06,3.15E-08,8.40E-07,9.51E-09,3.63E-09,1.75E-10,1.99E-05,3.23E-06
MZT1-1M,6/4/19,10:40,8.23,424,4.8,2.052,0.186,1.867,0.0012,0.0202,0,0.192,0,8.86E-05,2.24E-06,2.27E-04,4.91E-06,8.76E-05,2.54E-06,9.09E-05,9.31E-07,1.15E-05,1.70E-07,2.10E-08,5.58E-10,1.00E-03,1.67E-05,9.29E-08,1.92E-08,2.42E-08,1.80E-09,1.32E-08,1.09E-09,3.13E-07,1.08E-08,1.97E-06,1.75E-08,4.63E-07,6.90E-09,8.57E-10,5.59E-11,8.00E-06,1.16E-06
MZT1-1M,6/10/19,9:40,8.05,225,2.9,2.093,0.209,1.884,0.0011,0.0099,0,0.151,0,5.39E-05,6.61E-07,2.01E-04,1.63E-06,7.80E-05,1.35E-06,7.60E-05,1.04E-06,1.14E-05,1.85E-07,6.88E-09,5.84E-10,9.16E-04,1.03E-05,0,0,1.75E-08,1.74E-09,1.36E-08,1.61E-09,2.29E-07,5.82E-09,1.77E-06,9.56E-09,4.41E-07,5.29E-09,1.12E-09,3.67E-11,7.72E-06,5.73E-07
MZT1-1M,6/19/19,11:00,7.76,215,4.2,1.983,0.147,1.836,0.0013,0.031,0,0.159,0,3.92E-05,7.47E-07,1.47E-04,1.59E-06,7.59E-05,1.68E-06,7.47E-05,4.91E-07,1.36E-05,1.97E-07,1.09E-08,6.36E-10,7.45E-04,9.54E-06,3.94E-07,4.43E-07,1.29E-08,5.34E-09,9.22E-09,7.74E-10,1.61E-07,1.23E-08,1.32E-06,1.10E-08,3.41E-07,2.47E-09,9.54E-10,1.48E-10,6.24E-06,9.09E-07
MZT1-1M,6/24/19,9:25,7.76,218,4.5,1.881,0.12,1.761,0.0008,0.0112,0,0.169,0,3.93E-05,7.79E-07,1.51E-04,2.53E-06,7.25E-05,1.57E-06,6.98E-05,1.48E-06,1.39E-05,2.12E-07,7.37E-09,6.82E-10,7.70E-04,1.02E-05,6.47E-08,2.17E-08,0,0,5.14E-09,1.68E-09,2.06E-07,1.10E-08,1.34E-06,1.55E-08,3.56E-07,5.53E-09,8.42E-10,8.78E-11,6.24E-06,1.04E-06
MZT1-1M,7/2/19,9:40,7.95,199.5,4.7,1.67,0.096,1.575,0.0008,0.0056,0,0.148,0,3.57E-05,5.01E-07,1.34E-04,3.07E-06,7.25E-05,1.61E-06,7.15E-05,2.27E-07,1.34E-05,1.95E-07,1.02E-08,2.95E-10,6.75E-04,2.53E-06,9.61E-08,2.37E-08,0,0,8.11E-09,1.66E-09,3.18E-07,1.68E-08,1.23E-06,1.35E-08,3.23E-07,4.47E-09,6.58E-10,1.04E-10,5.92E-06,7.89E-07
MZT1-1M,7/5/19,,,,,,,,,,,,,3.50E-05,5.50E-07,2.05E-04,4.59E-06,8.27E-05,1.76E-06,8.93E-05,7.20E-07,1.36E-05,3.06E-07,6.05E-08,1.21E-09,9.14E-04,5.15E-06,0,0,1.93E-08,2.12E-09,9.59E-09,5.31E-10,5.43E-07,1.29E-08,1.75E-06,2.33E-08,4.96E-07,2.09E-09,7.20E-10,9.75E-11,3.92E-06,1.42E-06
MZT1-1M,7/9/19,9:10,7.82,207,4,1.69,0.066,1.624,0.0008,0.0048,0,0.181,0,3.88E-05,7.80E-07,1.69E-04,4.07E-06,7.10E-05,1.32E-06,7.14E-05,7.86E-07,1.42E-05,1.79E-07,1.46E-08,8.52E-10,8.31E-04,7.56E-06,1.15E-07,2.51E-08,0,0,6.39E-09,1.07E-09,2.66E-07,1.46E-08,1.48E-06,9.51E-09,3.92E-07,4.09E-09,6.90E-10,1.30E-10,5.98E-06,8.51E-07
MZT1-1M,7/16/19,10:55,7.81,211,3.3,1.673,0.042,1.631,0.0011,0.0045,0,0.197,0,3.91E-05,3.56E-07,1.69E-04,2.24E-06,7.39E-05,7.07E-07,7.35E-05,4.61E-07,1.40E-05,1.23E-07,1.92E-08,4.51E-10,8.24E-04,7.76E-06,1.35E-07,2.51E-08,0,0,5.01E-09,1.89E-09,1.87E-07,1.74E-08,1.49E-06,5.74E-09,3.94E-07,8.81E-09,0,0,6.61E-06,9.64E-07
MZT1-1M,7/25/19,9:30,7.47,225,2.2,1.811,0.078,1.733,0.0017,0.0055,0,0.2265,0,3.05E-05,8.00E-07,1.88E-04,5.27E-06,8.18E-05,1.59E-06,8.45E-05,1.14E-06,1.33E-05,3.56E-07,1.85E-08,4.52E-10,8.36E-04,4.44E-06,2.25E-07,3.20E-07,2.35E-08,3.11E-09,9.79E-09,5.99E-10,2.20E-07,9.70E-09,1.65E-06,1.63E-08,4.27E-07,3.02E-09,6.26E-10,4.74E-11,3.04E-06,1.37E-06
MZT1-1M,8/5/19,9:35,7.71,241,1.4,1.811,0.038,1.773,0.0019,0.005,0,0.2584,0,,,,,,,,,,,,,,,,,,,,,,,,,,,,,,
MZT1-1M,8/12/19,14:40,7.66,285,0.347,2.043,0.115,1.928,0.006,0.0057,0,0.289,0,4.05E-05,8.44E-07,2.36E-04,4.36E-06,8.97E-05,2.10E-06,1.02E-04,7.22E-07,1.49E-05,1.33E-07,1.47E-07,1.94E-09,1.06E-03,6.54E-06,0,0,1.92E-08,2.33E-09,5.13E-09,6.82E-10,2.24E-07,7.63E-09,2.03E-06,1.29E-08,5.66E-07,1.06E-08,9.40E-10,4.32E-11,5.06E-06,1.54E-06
MZT1-1S,6/10/19,9:40,8.1,248,3.6,2.337,0.29,2.047,0.0009,0.0092,0,0.152,0,4.87E-05,1.28E-06,1.47E-04,3.63E-06,7.47E-05,2.21E-06,7.39E-05,4.44E-07,1.18E-05,2.58E-07,8.04E-08,1.99E-09,1.07E-03,8.84E-06,4.63E-07,3.03E-07,2.65E-08,1.99E-09,1.74E-08,9.55E-10,2.96E-07,1.16E-08,1.84E-06,8.74E-09,3.94E-07,4.92E-09,1.47E-09,5.92E-11,7.65E-06,5.96E-07
MZT1-1S,6/19/19,11:00,7.61,269,1.1,2.664,0.279,2.385,0.0014,0.0094,0,0.159,0,4.48E-05,1.01E-06,1.40E-04,4.46E-06,8.49E-05,2.64E-06,9.00E-05,5.43E-07,1.58E-05,2.77E-07,4.84E-07,8.60E-09,1.09E-03,1.66E-05,2.23E-07,2.29E-08,2.81E-08,4.57E-09,1.23E-08,1.92E-09,2.50E-07,1.34E-08,1.87E-06,3.81E-08,4.00E-07,7.28E-09,2.11E-09,1.07E-10,6.34E-06,9.70E-07
MZT1-1S,7/2/19,9:40,7.49,338,0.289,3.158,0.245,2.914,0.0011,0.0085,0,0.156,0,7.04E-05,1.21E-06,1.65E-04,2.05E-06,9.32E-05,1.23E-06,9.53E-05,6.13E-07,2.43E-05,3.11E-07,4.10E-07,5.16E-09,1.27E-03,6.81E-06,2.16E-07,2.31E-08,2.69E-08,3.71E-09,5.49E-09,1.04E-09,2.28E-07,1.27E-08,2.06E-06,3.91E-08,4.86E-07,9.60E-09,2.09E-09,2.25E-10,6.75E-06,8.25E-07
MZT1-1S,7/9/19,9:10,7.53,295,0.308,2.85,0.439,2.412,0.0039,0.0072,0,0.166,0,3.61E-05,6.05E-07,1.53E-04,2.13E-06,9.59E-05,1.97E-06,9.76E-05,1.61E-06,2.17E-05,3.67E-07,4.01E-07,1.07E-08,1.16E-03,1.59E-05,3.44E-07,2.67E-08,2.50E-08,3.79E-09,4.90E-09,1.79E-09,2.14E-07,1.51E-08,1.95E-06,1.08E-08,4.44E-07,7.00E-09,1.96E-09,2.34E-10,7.00E-06,1.00E-06
MZT1-1S,7/16/19,10:55,7.66,293,0.551,2.742,0.178,2.564,0.0015,0.004,0,0.193,0,3.01E-05,1.06E-06,1.69E-04,2.31E-06,9.68E-05,1.42E-06,9.98E-05,8.61E-07,2.45E-05,3.37E-07,3.60E-07,5.67E-09,1.24E-03,7.00E-06,2.48E-07,4.84E-09,3.05E-08,1.80E-09,5.15E-09,4.81E-10,2.87E-07,1.21E-08,2.10E-06,2.16E-08,5.15E-07,4.05E-09,1.35E-09,1.07E-10,2.83E-06,8.95E-07
MZT1-1XD,5/15/19,,,,,2.941,0.135,2.806,0.0015,0.0142,0,0.469,0,1.79E-04,2.78E-06,5.41E-04,9.49E-06,1.19E-04,2.29E-06,9.88E-05,8.34E-07,2.49E-05,4.42E-07,4.97E-07,1.00E-08,1.75E-03,3.33E-05,1.14E-06,1.19E-08,2.93E-08,2.90E-09,5.89E-09,1.19E-09,4.03E-07,2.82E-08,2.71E-06,3.40E-08,1.31E-06,1.21E-08,1.87E-09,1.05E-10,1.86E-05,2.58E-06
MZT1-1XD,6/4/19,11:20,8.33,501,2.5,2.345,0.137,2.208,0,,0,0.217,0.0042,1.12E-04,1.59E-06,3.34E-04,3.27E-06,1.04E-04,1.94E-06,1.09E-04,8.31E-07,1.80E-05,2.60E-07,9.39E-08,2.41E-09,1.16E-03,1.85E-05,1.94E-07,1.60E-08,2.28E-08,1.50E-09,5.03E-09,1.03E-09,2.87E-07,1.29E-08,2.04E-06,1.04E-08,1.02E-06,1.16E-08,1.75E-09,7.08E-11,9.02E-06,1.17E-06
MZT1-1XD,6/10/19,10:15,8.12,221,2.2,2.173,0.141,2.032,0.0014,0.0116,0,0.151,0.0039,8.97E-05,8.49E-07,2.60E-04,3.80E-06,9.43E-05,1.76E-06,9.43E-05,1.42E-06,1.67E-05,7.65E-07,7.33E-08,1.32E-09,9.56E-04,7.79E-06,4.23E-07,2.74E-08,1.88E-08,2.53E-09,8.95E-09,1.83E-09,2.99E-07,2.46E-08,1.67E-06,1.89E-08,8.94E-07,8.64E-09,1.38E-09,1.08E-10,8.80E-06,7.49E-07
MZT1-1XD,6/19/19,11:00,7.82,211,3.3,1.87,0.108,1.762,0.0016,0.0064,0,0.163,0.0034,5.40E-05,1.22E-06,1.98E-04,2.92E-06,8.44E-05,1.56E-06,8.00E-05,2.71E-06,1.46E-05,2.19E-07,6.85E-08,1.04E-09,7.52E-04,1.34E-05,0,0,1.35E-08,3.78E-09,5.41E-09,1.04E-09,2.04E-07,1.74E-08,1.25E-06,2.43E-08,6.56E-07,5.56E-09,1.11E-09,1.53E-10,6.71E-06,7.91E-07
MZT1-1XD,6/24/19,9:25,8.09,223,2.9,1.913,0.084,1.829,0.0012,0.0083,0,0.163,0.0031,5.35E-05,6.87E-07,2.25E-04,3.58E-06,8.36E-05,2.23E-06,2.06E-04,1.00E-04,1.41E-05,7.05E-07,3.74E-08,3.80E-09,8.19E-04,8.02E-05,2.16E-07,2.62E-08,2.40E-08,2.46E-09,1.36E-08,1.03E-09,2.49E-07,1.30E-08,1.45E-06,2.13E-08,7.72E-07,8.24E-09,1.12E-09,9.10E-11,6.90E-06,9.60E-07
MZT1-1XD,7/2/19,9:40,8.13,211,3.7,1.726,0.068,1.658,0.0011,0.0054,0,0.161,0.003,4.73E-05,2.65E-07,2.02E-04,2.29E-06,8.01E-05,1.47E-06,8.26E-05,6.82E-07,1.47E-05,1.08E-07,3.46E-08,1.30E-09,8.05E-04,1.56E-05,5.85E-07,3.54E-08,2.03E-08,4.43E-09,7.88E-09,1.92E-09,2.06E-07,1.36E-08,1.34E-06,1.15E-08,6.96E-07,9.52E-09,1.04E-09,1.26E-10,6.77E-06,8.97E-07
MZT1-1XD,7/9/19,9:10,8.27,216,2.8,1.719,0.189,1.53,0.0042,0.0061,0,0.184,0.0025,4.32E-05,8.91E-07,1.91E-04,5.27E-06,8.07E-05,2.33E-06,8.34E-05,8.86E-07,1.39E-05,1.47E-07,4.37E-08,1.48E-09,7.57E-04,7.79E-06,0,0,0,0,0,0,2.21E-07,1.42E-08,1.27E-06,1.30E-08,6.58E-07,7.09E-09,1.00E-09,1.04E-10,7.59E-06,9.98E-07
MZT1-1XD,7/16/19,10:55,8.24,211,4,1.642,0.041,1.601,0.0011,0.0042,0,0.198,0.0023,4.02E-05,8.61E-07,1.85E-04,4.61E-06,7.85E-05,2.05E-06,8.09E-05,3.94E-07,1.38E-05,3.34E-07,3.44E-08,9.47E-10,7.47E-04,7.07E-06,6.67E-08,2.55E-08,0,0,0,0,2.48E-07,2.10E-08,1.25E-06,1.91E-08,6.56E-07,8.36E-09,8.90E-10,1.16E-10,7.87E-06,1.22E-06
MZT1-1XD,7/25/19,9:30,8.05,221,2.6,1.823,0.075,1.749,0.0021,0.0052,0,0.2269,0.0025,3.29E-05,6.24E-07,2.12E-04,5.42E-06,8.64E-05,2.30E-06,8.83E-05,4.12E-07,1.53E-05,1.92E-07,6.57E-08,9.81E-10,8.44E-04,7.74E-06,1.04E-06,5.29E-07,2.89E-08,3.56E-09,3.93E-08,2.55E-09,2.98E-07,1.08E-08,1.52E-06,2.70E-08,7.76E-07,6.46E-09,1.09E-09,4.87E-11,3.50E-06,1.31E-06
MZT1-1XD,8/5/19,9:35,8.31,240,2.1,1.779,0.051,1.728,0.0018,0.0063,0,0.2511,0.0021,3.46E-05,1.20E-06,2.20E-04,5.12E-06,9.01E-05,2.06E-06,8.98E-05,7.01E-07,1.54E-05,2.61E-07,4.28E-08,6.56E-10,8.84E-04,8.87E-06,0,0,2.32E-08,2.39E-09,7.59E-09,6.13E-10,2.40E-07,9.59E-09,1.59E-06,1.21E-08,8.11E-07,8.91E-09,9.88E-10,6.35E-11,4.19E-06,1.71E-06
MZT1-1XD,8/12/19,14:40,8.33,260,0.301,1.799,0.108,1.691,0.0021,0.0056,0,0.2679,0.0012,3.87E-05,8.33E-07,2.31E-04,6.99E-06,9.46E-05,2.10E-06,1.03E-04,8.96E-07,1.61E-05,3.34E-07,1.01E-07,2.67E-09,9.17E-04,5.49E-06,1.14E-07,2.86E-09,2.27E-08,2.16E-09,6.04E-09,9.21E-10,3.56E-07,8.34E-09,1.73E-06,1.38E-08,8.46E-07,1.08E-08,9.31E-10,8.12E-11,4.63E-06,1.67E-06
MZT1-1XD,8/28/19,10:00,7.81,320,0.205,2.556,0.061,2.495,0.0009,0.0073,0,0.3725,0,5.83E-05,2.02E-06,3.26E-04,9.54E-06,9.95E-05,2.77E-06,1.10E-04,1.24E-06,1.85E-05,3.03E-07,2.07E-07,4.37E-09,1.28E-03,1.47E-05,4.45E-07,6.51E-09,2.55E-08,2.65E-09,0,0,4.19E-07,9.67E-09,2.36E-06,1.50E-08,1.07E-06,1.20E-08,2.13E-09,1.19E-10,1.39E-05,2.21E-06
MZT1-1XD,9/17/19,16:20,7.99,362,0.262,3.043,0.03,3.014,0,0.0071,0,0.3824,0,7.26E-05,1.94E-06,3.75E-04,6.14E-06,1.04E-04,2.98E-06,1.04E-04,1.01E-06,1.91E-05,3.58E-07,3.16E-07,5.98E-09,1.40E-03,1.45E-05,8.34E-07,8.63E-09,2.70E-08,2.98E-09,0,0,3.04E-07,7.75E-09,2.78E-06,3.82E-08,1.19E-06,1.22E-08,2.14E-09,6.37E-11,1.32E-05,1.98E-06
MZT1-1XD,10/1/19,10:00,7.84,369,0.178,3.11,0.031,3.079,0,0.0081,0,0.3689,0,7.36E-05,8.53E-07,3.89E-04,4.83E-06,1.08E-04,2.65E-06,1.10E-04,6.72E-07,2.03E-05,4.62E-07,3.29E-07,7.63E-09,1.43E-03,1.16E-05,1.08E-06,1.40E-08,2.60E-08,2.89E-09,0,0,3.44E-07,1.05E-08,2.75E-06,2.73E-08,1.35E-06,1.40E-08,2.25E-09,1.03E-10,1.32E-05,2.35E-06
MZT1-1XXD,5/15/19,,,,,1.425,0.098,1.328,0.0019,0.0063,0,0.365,0,1.31E-04,3.26E-06,3.27E-04,9.91E-06,1.21E-04,4.47E-06,1.02E-04,7.62E-07,3.62E-05,8.06E-07,2.75E-08,1.59E-09,9.48E-04,5.00E-06,6.49E-08,7.40E-09,1.44E-08,2.62E-09,0,0,2.59E-07,2.31E-08,1.80E-06,2.44E-08,9.73E-07,5.15E-09,9.28E-10,4.77E-11,1.61E-05,2.14E-06
MZT1-1XXD,6/4/19,11:30,,,,2.412,0.057,2.355,0.0008,0.0005,0,0.351,0,8.46E-05,1.40E-06,4.89E-04,4.48E-06,1.35E-04,5.76E-06,1.43E-04,8.49E-07,3.65E-05,7.78E-07,1.11E-07,2.51E-09,1.34E-03,1.93E-05,1.98E-07,1.50E-08,2.14E-08,2.34E-09,5.68E-09,1.41E-09,5.45E-07,8.80E-09,2.47E-06,1.98E-08,1.84E-06,1.33E-08,1.45E-09,7.37E-11,1.46E-05,2.18E-06
MZT1-1XXD,6/10/19,10:15,8.21,280,0.226,2.446,0.067,2.38,0.0018,0.0135,0,0.211,0,6.88E-05,8.60E-07,3.74E-04,6.68E-06,1.30E-04,2.54E-06,1.35E-04,4.66E-07,2.35E-05,2.94E-07,2.24E-07,2.62E-09,1.10E-03,7.97E-06,8.34E-06,7.47E-08,1.91E-08,2.43E-09,1.71E-08,1.45E-09,3.48E-07,1.68E-08,1.45E-06,1.74E-08,1.31E-06,1.14E-08,0,0,1.17E-05,9.75E-07
MZT1-1XXD,6/19/19,11:00,7.7,255,1.1,2.282,0.047,2.235,0.0023,0.0072,0,0.224,0,6.03E-05,2.23E-06,3.13E-04,8.00E-06,1.29E-04,3.59E-06,1.33E-04,9.35E-07,1.97E-05,2.44E-07,1.77E-07,4.00E-09,9.52E-04,1.62E-05,4.78E-06,8.91E-08,0,0,0,0,2.21E-07,1.58E-08,1.14E-06,2.21E-08,1.02E-06,5.31E-09,0,0,1.01E-05,1.39E-06
MZT1-1XXD,6/24/19,9:25,8.03,319,1.5,2.716,0.021,2.695,0.0018,0.0071,0,0.334,0,6.91E-05,8.21E-07,4.27E-04,8.42E-06,1.39E-04,2.74E-06,1.43E-04,1.74E-06,2.32E-05,3.38E-07,2.08E-07,3.35E-09,1.28E-03,1.30E-05,1.32E-05,1.87E-07,0,0,0,0,2.81E-07,1.61E-08,1.52E-06,3.62E-08,1.33E-06,1.96E-08,0,0,1.24E-05,1.65E-06
MZT1-1XXD,7/2/19,9:40,8.05,299,1.6,2.405,0.045,2.359,0.0021,0.0083,0,0.275,0.0017,6.75E-05,9.39E-07,3.77E-04,4.66E-06,1.32E-04,3.54E-06,1.34E-04,1.09E-06,2.25E-05,1.79E-07,2.63E-07,5.65E-09,1.09E-03,6.03E-06,6.44E-06,4.62E-08,2.21E-08,3.34E-09,5.76E-09,1.07E-09,4.01E-06,3.42E-08,1.46E-06,1.62E-08,1.18E-06,1.03E-08,0,0,9.93E-06,1.43E-06
MZT1-1XXD,7/9/19,9:10,7.94,378,0.438,3.068,0.085,2.983,0.0058,0.0054,0,0.393,0,6.57E-05,1.20E-06,4.56E-04,9.32E-06,1.43E-04,2.92E-06,1.49E-04,1.01E-06,2.40E-05,4.06E-07,2.48E-07,7.73E-09,1.38E-03,9.13E-06,1.58E-05,1.07E-07,4.12E-08,4.34E-09,1.39E-08,1.78E-09,2.67E-07,1.71E-08,1.71E-06,2.51E-08,1.45E-06,1.75E-08,5.48E-10,9.05E-11,1.27E-05,1.73E-06
MZT1-1XXD,7/16/19,10:55,7.96,380,0.26,3.096,0.015,3.081,0.0023,0.0052,0,0.399,0,6.36E-05,1.43E-06,4.38E-04,7.22E-06,1.45E-04,3.16E-06,1.40E-04,7.23E-07,2.33E-05,3.65E-07,2.43E-07,5.14E-09,1.34E-03,7.08E-06,1.25E-05,1.16E-07,2.34E-08,2.41E-09,0,0,2.03E-07,1.35E-08,1.60E-06,2.13E-08,1.34E-06,7.96E-09,0,0,1.32E-05,2.12E-06
MZT1-1XXD,7/25/19,9:30,7.85,375,0.42,2.843,0.029,2.814,0.0031,0.0077,0,0.3908,0,5.71E-05,1.71E-06,4.83E-04,1.39E-05,1.55E-04,4.00E-06,1.65E-04,1.62E-06,2.34E-05,4.14E-07,3.43E-07,7.82E-09,1.42E-03,1.58E-05,1.67E-05,1.48E-07,3.59E-08,2.15E-09,7.34E-09,9.87E-10,2.13E-07,9.11E-09,1.73E-06,2.57E-08,1.48E-06,1.04E-08,5.85E-10,4.68E-11,1.00E-05,2.33E-06
MZT1-1XXD,8/5/19,9:35,8.04,375,0.401,2.685,0.018,2.667,0.0037,0.0058,0,0.3747,0.0008,5.95E-05,1.46E-06,4.82E-04,1.61E-05,1.58E-04,4.41E-06,1.61E-04,2.11E-06,2.47E-05,5.29E-07,2.65E-07,5.25E-09,1.39E-03,1.51E-05,1.96E-05,7.49E-08,3.02E-08,2.01E-09,8.44E-09,7.70E-10,2.49E-07,1.35E-08,1.70E-06,2.04E-08,1.37E-06,1.47E-08,0,0,9.58E-06,2.18E-06
MZT1-1XXD,8/12/19,14:40,8.34,393,0.231,2.885,0.062,2.823,0.0035,0.0061,0,0.3847,0,5.87E-05,1.88E-06,4.77E-04,1.23E-05,1.60E-04,3.44E-06,1.71E-04,3.73E-06,2.39E-05,5.28E-07,2.74E-07,2.48E-09,1.42E-03,1.46E-05,2.23E-05,2.17E-07,2.81E-08,2.78E-09,2.03E-08,8.65E-10,2.47E-07,1.00E-08,1.66E-06,2.17E-08,1.37E-06,6.88E-09,6.36E-10,9.08E-11,1.01E-05,2.13E-06
MZT1-1XXD,8/28/19,10:00,7.99,356,0.505,2.91,0.133,2.777,0.0026,0.0055,0,0.3921,0.0007,6.60E-05,1.43E-06,4.76E-04,1.18E-05,1.55E-04,3.51E-06,1.57E-04,1.89E-06,2.41E-05,3.68E-07,3.21E-07,7.39E-09,1.42E-03,9.42E-06,2.14E-05,1.98E-07,2.51E-08,2.72E-09,0,0,5.40E-07,8.02E-09,1.70E-06,1.52E-08,1.36E-06,1.94E-08,8.19E-10,1.52E-10,1.70E-05,2.22E-06
MZT1-1XXD,9/17/19,16:20,8.15,374,0.342,2.885,0.021,2.864,0.0029,0.0066,0,0.3795,0,7.08E-05,1.89E-06,4.66E-04,4.22E-06,1.46E-04,3.17E-06,1.45E-04,1.71E-06,2.34E-05,3.93E-07,3.11E-07,6.46E-09,1.37E-03,1.22E-05,2.00E-05,2.57E-07,2.21E-08,2.24E-09,0,0,4.93E-07,8.51E-09,1.68E-06,1.62E-08,1.32E-06,1.62E-08,5.82E-10,5.24E-11,1.50E-05,1.96E-06
MZT1-1XXD,10/1/19,10:10,7.82,365,0.133,2.903,0.077,2.826,0.0024,0.0054,0,0.3691,0,7.06E-05,2.06E-06,4.62E-04,8.55E-06,1.47E-04,5.24E-06,1.47E-04,9.30E-07,2.37E-05,4.48E-07,2.85E-07,5.56E-09,1.36E-03,1.01E-05,2.18E-05,1.65E-07,2.79E-08,2.75E-09,5.88E-09,8.06E-10,2.68E-07,9.70E-09,1.70E-06,1.31E-08,1.37E-06,1.31E-08,7.43E-10,6.60E-11,1.39E-05,2.01E-06
MZT1-2D,5/15/19,,,,,3.932,0.168,3.764,0.0025,0.021,0,0.571,0,1.52E-04,3.10E-06,5.68E-04,1.77E-05,1.25E-04,4.09E-06,1.11E-04,1.11E-06,2.14E-05,3.55E-07,6.74E-07,1.53E-08,2.32E-03,2.37E-05,1.17E-07,7.12E-09,4.06E-08,3.63E-09,0,0,5.06E-07,2.48E-08,2.73E-06,2.86E-08,1.56E-06,1.61E-08,2.37E-09,1.24E-10,2.08E-05,3.39E-06
MZT1-2D,6/4/19,11:40,7.89,674,0.296,3.386,0.073,3.314,0.0007,0.0178,0,0.407,0,1.26E-04,4.59E-06,4.41E-04,7.48E-06,1.18E-04,3.19E-06,1.21E-04,1.11E-06,1.86E-05,3.16E-07,1.09E-06,1.74E-08,1.80E-03,3.05E-05,3.01E-07,1.83E-08,2.96E-08,2.49E-09,0,0,2.83E-07,1.23E-08,2.53E-06,2.97E-08,1.37E-06,1.15E-08,1.69E-09,9.15E-11,1.69E-05,2.48E-06
MZT1-2D,6/10/19,10:41,7.91,365,0.154,3.07,0.064,3.006,0,0.0245,0,0.342,0,1.10E-04,3.35E-06,3.73E-04,8.21E-06,1.12E-04,2.24E-06,1.15E-04,2.04E-06,1.76E-05,2.15E-07,1.12E-06,8.02E-09,1.59E-03,8.43E-06,4.08E-07,4.44E-08,3.13E-08,1.97E-09,7.17E-09,8.87E-10,2.16E-07,8.71E-09,2.02E-06,2.39E-08,1.19E-06,9.17E-09,1.36E-09,5.74E-11,1.44E-05,1.99E-06
MZT1-2D,6/19/19,12:00,7.65,316,0.042,2.946,0.043,2.903,0.0016,0.0132,0,0.249,0,9.30E-05,1.32E-06,2.79E-04,4.64E-06,1.07E-04,2.28E-06,1.15E-04,6.80E-07,1.47E-05,2.00E-07,8.15E-07,1.04E-08,1.14E-03,1.46E-05,2.68E-07,2.29E-08,2.68E-08,2.14E-09,0,0,2.42E-07,1.22E-08,1.49E-06,2.45E-08,9.12E-07,1.35E-08,1.00E-09,5.13E-11,9.25E-06,1.12E-06
MZT1-2D,6/24/19,10:10,7.77,300,0.112,2.715,0.054,2.661,0.0015,0.0109,0,0.204,0,8.83E-05,2.16E-06,2.52E-04,2.94E-06,1.05E-04,2.32E-06,1.12E-04,9.07E-07,1.47E-05,2.02E-07,4.28E-07,9.31E-09,1.04E-03,6.71E-06,2.14E-07,2.39E-08,2.01E-08,3.16E-09,0,0,2.09E-07,1.19E-08,1.38E-06,2.06E-08,8.38E-07,1.19E-08,1.01E-09,7.50E-11,8.47E-06,1.19E-06
MZT1-2D,7/2/19,10:40,7.88,290,0.078,2.538,0.049,2.488,0.0011,0.0133,0,0.205,0,2.43E-05,6.08E-07,6.15E-05,1.28E-06,5.05E-05,1.33E-06,5.41E-05,4.16E-07,4.39E-06,5.49E-08,1.55E-07,2.24E-09,3.54E-04,4.45E-06,1.69E-07,2.22E-08,0,0,0,0,5.43E-08,1.32E-08,4.65E-07,3.92E-09,3.42E-07,4.81E-09,0,0,3.49E-06,3.63E-07
MZT1-2D,7/9/19,10:00,7.81,280,0.13,2.462,0.038,2.424,0.0014,0.0091,0,0.192,0,7.95E-05,3.64E-07,2.23E-04,2.28E-06,1.04E-04,1.71E-06,1.09E-04,8.84E-07,1.50E-05,3.44E-07,4.66E-07,9.91E-09,9.56E-04,1.51E-05,2.64E-07,2.56E-08,2.80E-08,3.92E-09,6.46E-09,1.80E-09,2.12E-07,1.37E-08,1.31E-06,3.40E-08,7.91E-07,9.29E-09,8.68E-10,5.53E-11,8.34E-06,1.11E-06
MZT1-2D,7/16/19,11:35,7.95,271,0.12,2.455,0.029,2.426,0.0011,0.0062,0,0.184,0,7.96E-05,8.47E-07,2.33E-04,1.42E-06,1.05E-04,1.06E-06,1.11E-04,8.93E-07,1.65E-05,2.27E-07,4.65E-07,1.26E-08,1.02E-03,1.31E-05,2.09E-07,2.19E-08,2.04E-08,4.22E-09,0,0,1.94E-07,1.58E-08,1.39E-06,2.73E-08,8.36E-07,8.56E-09,9.09E-10,9.67E-11,7.99E-06,9.93E-07
MZT1-2D,7/25/19,10:05,7.84,281,0.127,2.499,0.053,2.445,0.0017,0.007,0,0.1885,0,7.33E-05,1.89E-06,2.62E-04,9.52E-06,1.17E-04,3.55E-06,1.19E-04,8.32E-07,1.72E-05,2.82E-07,8.14E-07,1.49E-08,1.09E-03,1.12E-05,2.55E-07,1.05E-08,3.17E-08,2.70E-09,9.33E-09,5.31E-10,2.07E-07,7.26E-09,1.57E-06,1.31E-08,9.43E-07,9.62E-09,8.92E-10,7.37E-11,3.40E-06,1.02E-06
MZT1-2D,8/5/19,10:05,7.83,295,0.146,2.386,0.039,2.348,0.0017,0.0056,0,0.2116,0,7.06E-05,1.77E-06,2.69E-04,2.75E-06,1.20E-04,2.40E-06,1.26E-04,5.66E-07,1.75E-05,3.55E-07,1.21E-06,2.00E-08,1.10E-03,1.27E-05,2.16E-07,5.01E-09,2.87E-08,1.33E-09,8.43E-09,4.61E-10,2.18E-07,7.97E-09,1.63E-06,1.79E-08,9.58E-07,1.60E-08,8.61E-10,9.63E-11,4.21E-06,1.40E-06
MZT1-2D,8/12/19,15:10,7.39,288,0.171,2.429,0.059,2.37,0.0018,0.0071,0,0.2599,0,6.71E-05,1.92E-06,2.74E-04,5.72E-06,1.20E-04,2.63E-06,1.19E-04,1.72E-06,1.82E-05,3.53E-07,1.64E-06,2.68E-08,1.15E-03,9.63E-06,5.40E-07,9.56E-09,3.48E-08,2.45E-09,7.49E-09,3.79E-10,2.42E-07,1.84E-08,1.63E-06,1.95E-08,1.01E-06,1.19E-08,8.73E-10,3.03E-11,5.66E-06,1.46E-06
MZT1-2D,8/28/19,10:30,7.4,642,0.104,2.386,0.115,2.27,0.0011,0.0081,0,0.2791,0,7.17E-05,2.10E-06,2.82E-04,4.14E-06,1.13E-04,2.26E-06,1.13E-04,1.02E-06,1.85E-05,2.60E-07,1.94E-06,2.58E-08,1.17E-03,1.66E-05,6.04E-07,6.46E-09,2.52E-08,2.28E-09,0,0,5.44E-07,1.79E-08,1.62E-06,9.53E-09,1.01E-06,8.86E-09,1.27E-09,3.94E-10,1.20E-05,1.80E-06
MZT1-2D,9/17/19,16:50,7.3,765,0.157,2.616,0.03,2.587,0,0.0075,0,0.3111,0,7.68E-05,2.17E-06,2.94E-04,6.32E-06,1.09E-04,3.52E-06,1.09E-04,8.52E-07,1.80E-05,2.72E-07,2.32E-06,5.19E-08,1.22E-03,7.58E-06,9.94E-07,1.03E-08,2.49E-08,2.14E-09,0,0,5.19E-07,1.34E-08,1.70E-06,2.86E-08,1.06E-06,7.99E-09,9.67E-10,7.02E-11,1.17E-05,1.67E-06
MZT1-2D,10/1/19,10:20,7.74,392,0.134,2.804,0.077,2.728,0,0.0079,0,0.3317,0,7.89E-05,1.97E-06,3.13E-04,1.01E-05,1.09E-04,4.25E-06,1.11E-04,1.06E-06,1.92E-05,4.83E-07,2.79E-06,5.02E-08,1.31E-03,9.23E-06,9.55E-07,7.04E-09,2.84E-08,2.44E-09,0,0,2.54E-07,7.70E-09,1.88E-06,7.10E-09,1.20E-06,1.43E-08,1.25E-09,7.94E-11,1.24E-05,2.03E-06
MZT1-2S,5/15/19,,,,,3.234,0.123,3.111,0.0012,0.0055,0,0.229,0,1.15E-04,5.02E-06,3.06E-04,8.17E-06,9.16E-05,3.46E-06,7.15E-05,8.61E-07,1.35E-05,3.10E-07,6.31E-08,1.62E-09,1.80E-03,1.63E-05,2.36E-07,6.34E-09,3.39E-08,2.08E-09,1.59E-08,1.20E-09,3.52E-07,2.43E-08,3.79E-06,5.01E-08,8.93E-07,4.23E-09,2.58E-09,1.38E-10,9.49E-06,1.29E-06
MZT1-2S,6/4/19,11:40,7.89,682,2,3.709,0.093,3.617,0,0.0166,0,0.355,0,1.08E-04,2.22E-06,3.59E-04,4.88E-06,1.06E-04,2.46E-06,1.11E-04,5.98E-07,1.37E-05,3.18E-07,6.45E-08,1.10E-09,2.04E-03,2.19E-05,4.27E-07,1.96E-08,3.17E-08,2.43E-09,0,0,3.26E-07,8.36E-09,3.55E-06,2.78E-08,1.23E-06,1.20E-08,2.48E-09,1.18E-10,1.31E-05,2.26E-06
MZT1-2S,6/10/19,10:41,7.97,364,0.187,3.061,0.062,2.999,0,0.0197,0,0.334,0,1.08E-04,2.67E-06,3.08E-04,7.11E-06,1.01E-04,2.59E-06,1.06E-04,6.48E-07,1.30E-05,2.45E-07,2.45E-08,5.30E-10,1.63E-03,2.18E-05,2.86E-07,1.85E-08,2.47E-08,3.56E-09,0,0,2.58E-07,1.03E-08,2.36E-06,3.47E-08,9.67E-07,9.97E-09,1.61E-09,1.18E-10,1.34E-05,1.58E-06
MZT1-2S,6/19/19,12:00,7.77,299,0.126,2.708,0.051,2.656,0.0015,0.0102,0,0.207,0,8.42E-05,1.97E-06,2.07E-04,6.57E-06,9.33E-05,2.75E-06,8.90E-05,4.37E-07,1.10E-05,2.06E-07,2.56E-08,4.49E-10,1.05E-03,7.44E-06,4.18E-07,2.26E-08,3.45E-08,2.56E-09,1.05E-08,1.45E-09,2.32E-07,1.22E-08,1.57E-06,2.32E-08,6.77E-07,6.97E-09,1.08E-09,1.39E-10,8.19E-06,1.32E-06
MZT1-2S,6/24/19,10:10,7.7,334,0.131,2.656,0.054,2.602,0.0012,0.0081,0,0.183,0,8.31E-05,1.53E-06,1.95E-04,2.70E-06,8.99E-05,1.55E-06,8.34E-05,1.02E-06,1.08E-05,1.92E-07,2.35E-08,6.85E-10,1.03E-03,9.92E-06,2.45E-07,2.20E-08,2.03E-08,3.24E-09,0,0,1.70E-07,1.45E-08,1.69E-06,1.63E-08,6.51E-07,3.26E-09,1.14E-09,1.94E-10,7.24E-06,1.03E-06
MZT1-2S,7/2/19,10:40,7.66,307,0.094,2.513,0.049,2.464,0.0014,0.0119,0,0.189,0,6.89E-05,7.49E-07,1.55E-04,2.72E-06,8.85E-05,1.45E-06,8.48E-05,3.99E-07,9.55E-06,1.46E-07,2.23E-08,5.96E-10,5.36E-04,6.55E-06,1.19E-07,2.10E-08,0,0,0,0,8.13E-08,1.22E-08,8.83E-07,1.17E-08,3.05E-07,7.95E-09,6.13E-10,7.69E-11,6.75E-06,8.98E-07
MZT1-2S,7/9/19,10:00,7.6,304,0.314,2.683,0.054,2.629,0.0011,0.0104,0,0.175,0,8.24E-05,1.98E-06,1.83E-04,5.15E-06,9.38E-05,3.41E-06,9.17E-05,1.01E-06,1.09E-05,1.39E-07,1.02E-07,1.73E-09,1.05E-03,1.02E-05,4.96E-07,3.76E-07,1.59E-08,3.59E-09,0,0,2.38E-07,1.66E-08,1.67E-06,2.39E-08,6.75E-07,7.60E-09,1.06E-09,1.93E-10,7.19E-06,1.03E-06
MZT1-2S,7/16/19,11:35,7.77,326,0.177,2.981,0.05,2.93,0.0009,0.0081,0,0.152,0,8.34E-05,3.81E-07,1.84E-04,3.45E-06,1.02E-04,1.65E-06,1.04E-04,4.67E-07,1.12E-05,6.40E-08,1.28E-07,2.79E-09,1.09E-03,8.07E-06,3.59E-07,2.31E-08,2.25E-08,2.58E-09,0,0,3.26E-07,1.51E-08,1.72E-06,2.36E-08,7.12E-07,1.01E-08,1.09E-09,7.99E-11,6.96E-06,8.35E-07
MZT1-2S,7/25/19,10:05,7.42,366,0.357,3.117,0.077,3.04,0.0017,0.0074,0,0.1565,0,8.38E-05,2.49E-06,2.35E-04,6.99E-06,1.14E-04,2.91E-06,1.25E-04,7.56E-07,1.28E-05,1.75E-07,2.96E-07,4.95E-09,1.38E-03,8.27E-06,1.70E-06,3.70E-07,5.51E-08,3.14E-09,2.75E-08,1.60E-09,2.69E-07,9.43E-09,2.15E-06,3.04E-08,9.34E-07,5.22E-09,1.25E-09,1.53E-10,4.04E-06,1.05E-06
MZT1-2S,8/5/19,10:05,7.34,438,0.465,3.437,0.049,3.388,0.0018,0.0061,0,0.1845,0,8.15E-05,1.80E-06,3.02E-04,5.37E-06,1.38E-04,2.27E-06,1.49E-04,5.94E-07,1.35E-05,2.77E-07,1.05E-07,1.68E-09,1.72E-03,1.79E-05,6.27E-07,8.36E-09,4.76E-08,2.73E-09,1.08E-08,8.57E-10,2.17E-07,5.36E-09,2.80E-06,8.80E-09,1.21E-06,5.20E-09,1.82E-09,9.07E-11,3.47E-06,1.01E-06
MZT1-2XD,5/15/19,,,,,3.553,0.153,3.4,0.003,0.0169,0,0.577,0,2.01E-04,4.45E-06,6.99E-04,1.98E-05,1.43E-04,3.30E-06,1.29E-04,2.18E-06,2.34E-05,5.57E-07,2.95E-07,5.55E-09,2.29E-03,2.62E-05,4.16E-07,8.60E-09,4.08E-08,3.84E-09,0,0,5.27E-07,2.40E-08,2.61E-06,4.20E-08,1.27E-06,9.45E-09,2.20E-09,8.87E-11,2.30E-05,3.66E-06
MZT1-2XD,6/4/19,12:00,8.05,638,0.309,2.943,0.052,2.891,0.004,0.0149,0,0.382,0,1.20E-04,1.70E-06,4.76E-04,3.64E-06,1.18E-04,2.12E-06,1.20E-04,1.11E-06,1.82E-05,4.21E-07,4.79E-07,1.08E-08,1.53E-03,1.81E-05,6.34E-07,1.83E-08,2.26E-08,2.00E-09,0,0,3.94E-07,8.03E-09,2.13E-06,2.39E-08,9.23E-07,1.23E-08,1.21E-09,8.93E-11,1.74E-05,2.44E-06
MZT1-2XD,6/10/19,10:41,7.83,352,0.284,2.917,0.048,2.869,0,0.014,0,0.347,0,1.08E-04,2.34E-06,4.14E-04,1.02E-05,1.16E-04,2.79E-06,1.20E-04,8.80E-07,1.81E-05,2.63E-07,2.46E-07,3.51E-09,1.50E-03,7.92E-06,7.26E-07,1.99E-08,2.19E-08,3.49E-09,0,0,1.58E-06,2.14E-08,1.81E-06,2.69E-08,7.78E-07,8.74E-09,1.08E-09,7.97E-11,1.44E-05,1.89E-06
MZT1-2XD,6/19/19,12:00,7.69,301,0.473,2.738,0.067,2.671,0.002,0.0116,0,0.24,0,8.97E-05,1.50E-06,3.35E-04,3.84E-06,1.16E-04,2.12E-06,8.51E-05,9.22E-07,1.69E-05,2.36E-07,4.61E-07,1.12E-08,1.23E-03,9.51E-06,5.97E-07,1.43E-08,1.60E-08,3.46E-09,0,0,4.07E-07,1.98E-08,1.58E-06,2.80E-08,8.43E-07,6.22E-09,7.78E-10,1.59E-10,1.03E-05,1.07E-06
MZT1-2XD,6/24/19,10:10,7.83,304,0.397,2.54,0.061,2.479,0.0012,0.011,0,0.222,0,8.90E-05,7.63E-07,3.15E-04,3.86E-06,1.12E-04,1.47E-06,7.78E-05,8.99E-07,1.63E-05,2.82E-07,3.85E-07,6.85E-09,1.16E-03,9.50E-06,3.80E-07,8.92E-09,1.77E-08,6.15E-09,4.66E-09,1.77E-09,4.79E-07,1.36E-08,1.49E-06,1.87E-08,7.72E-07,8.23E-09,6.92E-10,1.38E-10,9.03E-06,6.15E-07
MZT1-2XD,7/2/19,10:40,7.87,296,0.379,2.488,0.064,2.424,0.0013,0.0105,0,0.239,0,8.34E-05,7.10E-07,3.16E-04,7.78E-06,1.16E-04,2.22E-06,8.02E-05,1.06E-06,1.71E-05,2.01E-07,5.37E-07,1.33E-08,1.17E-03,1.55E-05,3.57E-07,1.86E-08,1.67E-08,3.32E-09,0,0,2.78E-07,1.16E-08,1.53E-06,7.21E-09,8.73E-07,7.46E-09,8.05E-10,1.08E-10,8.93E-06,7.58E-07
MZT1-2XD,7/9/19,10:00,7.9,289,0.636,2.375,0.033,2.341,0.0009,0.0073,0,0.224,0,7.84E-05,1.10E-06,2.95E-04,7.36E-06,1.11E-04,2.01E-06,7.35E-05,5.35E-07,1.72E-05,3.31E-07,1.36E-07,4.03E-09,1.09E-03,1.08E-05,2.04E-07,4.90E-09,2.48E-08,5.18E-09,0,0,2.25E-07,1.34E-08,1.43E-06,1.71E-08,7.33E-07,8.72E-09,6.48E-10,9.67E-11,7.84E-06,8.10E-07
MZT1-2XD,7/16/19,11:35,8.03,285,0.332,2.37,0.032,2.337,0.0014,0.0072,0,0.226,0,7.46E-05,9.46E-07,2.87E-04,5.43E-06,1.12E-04,2.32E-06,7.39E-05,6.21E-07,1.70E-05,1.62E-07,7.19E-08,2.06E-09,1.12E-03,1.50E-05,2.24E-07,1.08E-08,0,0,0,0,7.38E-07,1.97E-08,1.43E-06,1.31E-08,7.37E-07,6.12E-09,6.75E-10,1.76E-10,7.85E-06,7.98E-07
MZT1-2XD,7/25/19,10:05,7.93,311,0.36,2.609,0.056,2.553,0.0019,0.0081,0,0.2555,0,6.67E-05,1.95E-06,3.26E-04,3.64E-06,1.28E-04,2.72E-06,1.29E-04,1.43E-06,1.82E-05,2.52E-07,1.32E-07,2.06E-09,1.13E-03,1.36E-05,3.73E-07,6.38E-09,2.18E-08,1.30E-09,0,0,2.22E-07,1.16E-08,1.54E-06,1.98E-08,8.56E-07,3.28E-09,7.05E-10,7.43E-11,5.65E-06,1.67E-06
MZT1-2XD,8/5/19,10:05,7.89,312,0.152,2.525,0.032,2.493,0.0017,0.0083,0,0.286,0,6.93E-05,2.29E-06,3.43E-04,8.17E-06,1.33E-04,3.34E-06,1.29E-04,1.65E-06,1.95E-05,3.23E-07,1.18E-07,3.86E-09,1.20E-03,1.78E-05,6.75E-07,7.19E-09,2.78E-08,1.09E-09,7.87E-09,1.02E-09,2.60E-07,8.06E-09,1.62E-06,2.22E-08,8.62E-07,1.18E-08,7.24E-10,9.41E-11,7.70E-06,1.98E-06
MZT1-2XD,8/12/19,15:10,7.64,321,0.227,2.572,0.056,2.516,0.0019,0.0066,0,0.3204,0,6.97E-05,2.60E-06,3.65E-04,1.36E-05,1.37E-04,4.68E-06,1.45E-04,2.11E-06,2.03E-05,3.62E-07,1.18E-07,1.64E-09,1.26E-03,8.77E-06,7.53E-07,1.13E-08,3.31E-08,2.48E-09,7.93E-09,1.05E-09,3.49E-07,5.95E-09,1.73E-06,3.13E-08,9.12E-07,4.63E-09,7.50E-10,5.15E-11,8.12E-06,1.77E-06
MZT1-2XD,8/28/19,10:30,7.79,337,0.166,2.695,0.063,2.632,0.001,0.007,0,0.3569,0,7.55E-05,1.55E-06,3.87E-04,5.42E-06,1.33E-04,4.04E-06,1.32E-04,1.07E-06,2.17E-05,3.49E-07,1.91E-07,2.36E-09,1.31E-03,1.72E-05,8.91E-07,1.11E-08,2.35E-08,1.88E-09,0,0,4.26E-07,1.43E-08,1.80E-06,2.07E-08,9.46E-07,6.59E-09,8.96E-10,1.01E-10,1.51E-05,2.13E-06
MZT1-2XD,9/17/19,16:50,7.71,379,0.324,3.059,0.13,2.929,0.0032,0.0072,0,0.3818,0,8.50E-05,1.89E-06,4.04E-04,7.98E-06,1.30E-04,4.44E-06,1.30E-04,2.14E-06,2.17E-05,2.15E-07,1.40E-07,2.88E-09,1.43E-03,2.19E-05,9.82E-07,1.45E-08,2.11E-08,2.64E-09,0,0,4.11E-07,1.36E-08,1.97E-06,1.73E-08,9.91E-07,7.50E-09,1.00E-09,1.12E-10,1.47E-05,1.87E-06
MZT1-2XD,10/1/19,10:25,7.75,371,0.202,3.059,0.051,3.008,0,0.0076,0,0.3507,0,9.38E-05,2.25E-06,4.28E-04,6.03E-06,1.33E-04,3.53E-06,1.27E-04,1.84E-06,2.27E-05,4.78E-07,1.39E-07,2.74E-09,1.44E-03,1.84E-05,1.10E-06,7.45E-09,2.62E-08,2.41E-09,0,0,3.39E-07,1.04E-08,2.06E-06,2.76E-08,1.09E-06,8.64E-09,1.25E-09,1.02E-10,1.33E-05,1.93E-06
MZT1-3D,5/15/19,,,,,2.996,0.16,2.836,0.0016,0.0073,0,0.129,0,7.64E-05,2.09E-06,2.74E-04,5.71E-06,8.94E-05,2.38E-06,9.29E-05,8.92E-07,1.24E-05,2.86E-07,2.09E-08,7.36E-10,1.25E-03,2.11E-05,4.77E-07,1.63E-08,4.45E-08,3.55E-09,1.24E-08,1.06E-09,2.92E-07,2.40E-08,1.70E-06,3.01E-08,7.95E-07,4.22E-09,1.51E-09,1.76E-10,7.40E-06,4.44E-07
MZT1-3D,6/4/19,12:25,7.82,654,0.208,3.756,0.101,3.655,0.0008,0.0103,0,0.285,0,1.12E-04,2.45E-06,4.23E-04,8.03E-06,1.21E-04,4.29E-06,1.20E-04,1.00E-06,1.58E-05,1.57E-07,4.03E-08,1.35E-09,1.86E-03,3.06E-05,2.32E-07,7.27E-08,3.49E-08,2.05E-09,0,0,2.15E-07,5.36E-09,2.65E-06,2.24E-08,1.16E-06,1.28E-08,2.26E-09,5.91E-11,1.15E-05,1.60E-06
MZT1-3D,6/10/19,11:40,7.77,287,0.805,2.706,0.15,2.556,0.0007,0.011,0,0.188,0,7.43E-05,1.47E-06,2.64E-04,5.29E-06,1.02E-04,3.38E-06,1.03E-04,5.16E-07,1.38E-05,3.24E-07,3.89E-08,1.62E-09,1.29E-03,1.46E-05,6.49E-08,1.33E-08,2.05E-08,2.79E-09,9.24E-09,1.18E-09,2.03E-07,8.90E-09,1.61E-06,2.31E-08,7.63E-07,1.10E-08,1.08E-09,5.30E-11,8.63E-06,8.38E-07
MZT1-3D,6/19/19,12:25,7.76,298,0.134,2.933,0.139,2.793,0.0023,0.0117,0,0.179,0,6.58E-05,1.54E-06,2.71E-04,4.32E-06,1.01E-04,1.94E-06,6.25E-05,3.96E-07,1.40E-05,1.70E-07,8.68E-08,1.87E-09,1.37E-03,1.62E-05,6.44E-08,4.79E-09,1.51E-08,2.16E-09,0,0,2.25E-07,1.19E-08,1.68E-06,1.79E-08,7.89E-07,1.82E-08,1.11E-09,1.20E-10,8.69E-06,5.67E-07
MZT1-3D,6/24/19,11:00,7.63,344,0.166,3.41,0.156,3.255,0.0013,0.0117,0,0.166,0,7.40E-05,1.39E-06,2.99E-04,4.53E-06,1.12E-04,2.02E-06,7.29E-05,8.51E-07,1.62E-05,1.49E-07,1.45E-07,4.59E-09,1.56E-03,2.46E-05,2.05E-07,5.84E-09,2.78E-08,3.23E-09,5.95E-09,1.68E-09,2.10E-07,8.50E-09,1.94E-06,2.33E-08,9.19E-07,1.80E-08,1.23E-09,1.17E-10,9.28E-06,2.17E-07
MZT1-3D,7/2/19,11:15,7.68,339,0.105,3.254,0.152,3.102,0.0015,0.0099,0,0.158,0,8.14E-05,1.77E-06,2.80E-04,3.94E-06,1.18E-04,1.85E-06,7.81E-05,1.50E-06,1.74E-05,2.62E-07,2.42E-07,4.57E-09,1.49E-03,2.35E-05,1.43E-07,7.15E-09,2.11E-08,3.93E-09,0,0,2.16E-07,1.24E-08,1.89E-06,1.63E-08,9.00E-07,5.14E-09,1.01E-09,1.08E-10,9.43E-06,1.63E-07
MZT1-3D,7/9/19,10:25,7.48,340,0.117,3.343,0.117,3.226,0.0015,0.011,0,0.174,0,8.52E-05,2.43E-06,2.89E-04,6.16E-06,1.22E-04,2.13E-06,8.11E-05,6.86E-07,1.94E-05,3.45E-07,2.59E-07,8.53E-09,1.59E-03,2.39E-05,3.34E-07,6.33E-09,2.14E-08,3.97E-09,0,0,2.34E-07,1.45E-08,2.02E-06,5.18E-08,9.54E-07,5.26E-09,9.42E-10,1.10E-10,9.66E-06,2.94E-07
MZT1-3D,7/16/19,12:00,7.7,334,0.101,3.197,0.108,3.089,0.0015,0.0109,0,0.17,0,9.49E-05,1.22E-06,2.77E-04,7.38E-06,1.20E-04,2.58E-06,8.05E-05,1.56E-06,1.99E-05,2.85E-07,4.22E-07,1.05E-08,1.52E-03,2.15E-05,4.33E-07,1.23E-08,2.30E-08,2.73E-09,0,0,1.59E-07,1.15E-08,1.98E-06,2.27E-08,9.31E-07,5.62E-09,7.97E-10,9.58E-11,9.48E-06,1.22E-07
MZT1-3D,7/25/19,10:55,7.5,343,0.124,3.236,0.084,3.152,0.0017,0.011,0,0.1566,0.0007,9.37E-05,2.10E-06,2.88E-04,7.60E-06,1.35E-04,3.93E-06,1.40E-04,1.21E-06,2.00E-05,5.84E-07,3.29E-07,8.17E-09,1.42E-03,1.38E-05,4.39E-07,3.45E-08,3.56E-08,2.36E-09,7.22E-09,9.13E-10,2.01E-07,8.70E-09,1.97E-06,1.52E-08,9.98E-07,1.00E-08,1.03E-09,1.38E-10,4.12E-06,7.69E-07
MZT1-3D,8/5/19,10:25,7.48,356,0.161,3.203,0.082,3.121,0.0022,0.0071,0,0.1741,0,9.83E-05,2.08E-06,3.01E-04,5.77E-06,1.38E-04,2.80E-06,1.45E-04,1.31E-06,2.03E-05,3.68E-07,3.77E-07,7.04E-09,1.50E-03,1.33E-05,4.53E-07,1.20E-08,3.61E-08,7.74E-10,9.71E-09,7.76E-10,2.50E-07,7.99E-09,2.06E-06,3.44E-08,1.05E-06,1.93E-08,1.07E-09,1.24E-10,6.26E-06,1.07E-06
MZT1-3D,8/12/19,15:25,7.11,360,0.232,3.275,0.095,3.18,0.0019,0.0067,0,0.2061,0,9.50E-05,2.29E-06,3.22E-04,9.49E-06,1.42E-04,3.95E-06,1.56E-04,2.17E-06,2.07E-05,3.65E-07,4.20E-07,9.66E-09,1.55E-03,1.33E-05,4.33E-07,2.09E-08,3.56E-08,3.51E-09,0,0,2.06E-07,1.04E-08,2.15E-06,2.14E-08,1.09E-06,1.10E-08,1.10E-09,1.35E-10,6.53E-06,1.41E-06
MZT1-3D,8/28/19,10:55,7.28,347,0.218,3.099,0.17,2.929,0.0014,0.0083,0,0.2716,0,8.79E-05,1.55E-06,2.91E-04,7.01E-06,1.23E-04,3.58E-06,1.25E-04,3.73E-07,1.91E-05,5.04E-07,4.77E-07,1.08E-08,1.48E-03,2.23E-05,5.58E-07,8.10E-09,2.95E-08,1.68E-09,0,0,3.99E-07,1.46E-08,2.03E-06,1.39E-08,1.03E-06,1.16E-08,1.16E-09,1.72E-10,1.23E-05,1.57E-06
MZT1-3D,9/17/19,17:10,7.2,433,0.201,3.117,0.08,3.037,0.0009,0.0105,0,0.3422,0,9.90E-05,1.69E-06,3.02E-04,6.76E-06,1.18E-04,2.90E-06,1.12E-04,1.26E-06,1.82E-05,5.05E-07,5.41E-07,1.27E-08,1.52E-03,1.67E-05,5.34E-07,3.37E-09,2.68E-08,2.09E-09,0,0,4.36E-07,1.06E-08,2.09E-06,1.73E-08,1.01E-06,1.47E-08,1.08E-09,1.14E-10,1.37E-05,2.04E-06
MZT1-3D,10/1/19,10:35,7.5,371,0.283,3.125,0.042,3.083,0,0.0062,0,0.3458,0,9.77E-05,2.60E-06,3.11E-04,7.50E-06,1.18E-04,4.59E-06,1.12E-04,1.18E-06,1.70E-05,2.95E-07,5.69E-07,1.46E-08,1.45E-03,6.64E-06,7.17E-07,9.01E-09,3.11E-08,1.82E-09,0,0,2.53E-07,9.00E-09,2.14E-06,1.07E-08,1.08E-06,1.77E-08,1.54E-09,9.39E-11,1.33E-05,1.98E-06
MZT1-3M,5/15/19,,,,,3.511,0.316,3.196,0.0023,0.0093,0,0.087,0,2.31E-04,4.37E-06,3.06E-04,7.98E-06,8.90E-05,2.27E-06,6.71E-05,8.20E-07,1.56E-05,1.95E-07,6.05E-08,1.81E-09,1.67E-03,1.35E-05,1.68E-07,6.35E-09,3.79E-08,2.12E-09,1.94E-08,1.55E-09,3.42E-07,2.27E-08,6.87E-06,4.46E-08,8.40E-07,8.88E-09,3.43E-09,1.49E-10,7.62E-06,5.35E-07
MZT1-3M,6/4/19,12:25,7.66,718,0.108,3.933,0.132,3.801,0.0015,0.0101,0,0.289,0,1.13E-04,2.83E-06,3.97E-04,1.13E-05,1.11E-04,3.42E-06,1.08E-04,1.17E-06,1.54E-05,2.55E-07,1.78E-07,3.81E-09,1.86E-03,2.40E-05,7.20E-07,2.17E-08,3.94E-08,2.90E-09,6.43E-09,8.92E-10,2.24E-07,1.06E-08,3.20E-06,3.93E-08,1.05E-06,8.60E-09,2.80E-09,7.02E-11,1.12E-05,2.01E-06
MZT1-3M,6/10/19,11:40,7.74,325,0.225,3.032,0.138,2.894,0,0.0121,0,0.203,0,9.06E-05,1.16E-06,2.73E-04,4.44E-06,9.67E-05,2.98E-06,9.73E-05,2.38E-07,1.45E-05,4.13E-07,1.11E-07,3.13E-09,1.43E-03,6.43E-06,1.23E-07,1.32E-08,2.66E-08,1.77E-09,8.01E-08,1.74E-09,2.77E-07,7.21E-09,2.50E-06,2.76E-08,7.69E-07,1.23E-08,1.93E-09,5.49E-11,9.10E-06,1.21E-06
MZT1-3M,6/19/19,12:25,7.71,309,0.127,2.729,0.119,2.609,0.002,0.0096,0,0.178,0,7.04E-05,6.27E-07,2.48E-04,2.03E-06,9.88E-05,1.98E-06,5.89E-05,6.97E-07,1.32E-05,2.62E-07,1.38E-07,3.65E-09,1.28E-03,4.74E-06,1.58E-07,6.52E-09,1.61E-08,4.02E-09,0,0,3.13E-07,1.18E-08,2.00E-06,1.90E-08,6.70E-07,1.19E-08,1.35E-09,1.60E-10,1.05E-05,2.46E-07
MZT1-3M,6/24/19,11:00,7.6,336,0.233,3.46,0.147,3.313,0.0014,0.012,0,0.166,0,8.51E-05,1.06E-06,2.93E-04,6.89E-06,1.11E-04,1.34E-06,7.08E-05,5.29E-07,1.49E-05,2.43E-07,3.69E-07,7.67E-09,1.56E-03,2.17E-05,3.09E-07,1.01E-08,3.13E-08,6.30E-09,1.72E-08,2.46E-09,1.94E-07,9.99E-09,3.32E-06,2.49E-08,8.39E-07,9.62E-09,2.03E-09,1.04E-10,9.57E-06,1.76E-07
MZT1-3M,7/2/19,11:15,7.56,348,0.118,3.428,0.124,3.304,0.0013,0.0095,0,0.16,0,8.28E-05,2.03E-06,2.99E-04,3.49E-06,1.13E-04,2.63E-06,7.26E-05,9.62E-07,1.54E-05,2.44E-07,1.80E-07,4.01E-09,1.56E-03,2.23E-05,2.90E-07,7.70E-09,2.33E-08,2.53E-09,1.13E-08,1.70E-09,2.42E-07,1.35E-08,2.27E-06,1.97E-08,8.45E-07,6.80E-09,1.63E-09,1.30E-10,1.02E-05,2.81E-07
MZT1-3M,7/9/19,10:25,7.5,370,0.174,3.598,0.124,3.474,0.0016,0.0113,0,0.159,0,8.19E-05,1.74E-06,3.07E-04,8.00E-06,1.21E-04,3.16E-06,8.25E-05,6.67E-07,1.63E-05,2.27E-07,2.99E-07,5.21E-09,1.57E-03,1.11E-05,8.43E-07,3.61E-08,3.89E-08,3.53E-09,1.40E-08,1.89E-09,2.07E-07,9.66E-09,2.45E-06,3.34E-08,8.92E-07,9.87E-09,1.70E-09,1.17E-10,9.63E-06,2.20E-07
MZT1-3M,7/16/19,12:00,7.45,347,0.193,3.442,0.122,3.32,0.0016,0.0103,0,0.159,0,8.98E-05,2.23E-06,2.97E-04,8.81E-06,1.23E-04,2.75E-06,8.35E-05,7.27E-07,1.67E-05,1.97E-07,3.08E-07,8.21E-09,1.53E-03,1.29E-05,8.62E-07,2.45E-08,2.40E-08,3.99E-09,0,0,1.90E-07,1.18E-08,2.18E-06,2.19E-08,8.58E-07,6.73E-09,1.45E-09,1.70E-10,9.05E-06,3.55E-07
MZT1-3M,7/25/19,10:55,7.31,358,0.186,3.586,0.114,3.472,0.0017,0.0149,0,0.1436,0,9.01E-05,2.53E-06,3.10E-04,8.22E-06,1.37E-04,4.35E-06,1.49E-04,7.25E-07,1.75E-05,2.88E-07,8.33E-07,8.91E-09,1.52E-03,6.00E-06,1.36E-06,1.22E-08,5.07E-08,2.71E-09,2.32E-08,8.28E-10,2.36E-07,7.92E-09,2.98E-06,3.78E-08,1.00E-06,1.71E-08,1.89E-09,1.29E-10,3.37E-06,7.43E-07
MZT1-3M,8/5/19,10:25,7.26,520,0.142,3.674,0.09,3.584,0.0015,0.01,0,0.1444,0,1.06E-04,1.36E-06,3.29E-04,2.93E-06,1.43E-04,2.15E-06,1.51E-04,2.23E-06,1.88E-05,2.37E-07,9.89E-07,1.96E-08,1.63E-03,1.85E-05,1.60E-06,1.12E-08,4.41E-08,3.01E-09,5.35E-09,6.33E-10,2.41E-07,1.14E-08,3.32E-06,5.89E-08,1.10E-06,1.09E-08,2.26E-09,8.56E-11,3.64E-06,8.09E-07
MZT1-3M,8/12/19,,,,,3.478,0.106,3.372,0.0023,0.0081,0,0.1912,0,9.39E-05,1.25E-06,3.29E-04,7.34E-06,1.43E-04,1.91E-06,1.60E-04,1.72E-06,1.91E-05,3.69E-07,4.11E-07,7.72E-09,1.60E-03,1.61E-05,1.11E-06,1.75E-08,7.94E-08,3.20E-09,3.39E-08,8.34E-10,2.90E-07,8.92E-09,2.32E-06,2.78E-08,1.08E-06,1.01E-08,1.51E-09,9.92E-11,5.84E-06,1.13E-06
MZT1-3S,6/10/19,11:40,7.54,517,1.9,7.072,0.447,6.625,0.0009,0.0177,0,0.125,0,3.69E-04,7.26E-06,3.84E-04,6.86E-06,1.20E-04,4.05E-06,1.24E-04,1.17E-06,3.00E-05,6.20E-07,3.44E-06,9.46E-08,2.84E-03,2.13E-05,2.90E-07,2.45E-08,7.26E-08,3.74E-09,2.38E-08,1.31E-09,3.74E-07,8.53E-09,1.08E-05,1.30E-07,7.56E-07,8.68E-09,1.38E-08,2.71E-10,8.43E-06,4.57E-07
MZT1-3S,6/19/19,12:25,7.37,496,0.652,6.704,0.442,6.263,0.0022,0.0157,0,0.145,0,2.42E-04,3.03E-06,3.26E-04,4.31E-06,1.36E-04,2.86E-06,9.93E-05,1.46E-06,2.88E-05,6.30E-07,9.79E-06,2.73E-07,2.58E-03,2.14E-05,1.59E-06,3.13E-08,6.80E-08,5.77E-09,7.34E-09,1.99E-09,3.75E-07,1.40E-08,8.52E-06,6.66E-08,7.79E-07,1.58E-08,8.92E-09,3.10E-10,7.76E-06,4.72E-07
MZT1-3S,7/2/19,11:15,7.25,561,1,7.036,0.441,6.595,0.0015,0.0212,0,0.108,0,1.76E-04,4.67E-06,3.38E-04,7.31E-06,1.40E-04,3.80E-06,1.03E-04,1.09E-06,2.49E-05,1.29E-07,1.33E-05,2.43E-07,2.60E-03,2.78E-05,5.49E-06,4.12E-08,6.99E-08,2.20E-09,4.77E-09,1.83E-09,3.03E-07,8.48E-09,8.57E-06,1.35E-07,8.03E-07,1.02E-08,9.52E-09,2.10E-10,7.10E-06,2.93E-07
MZT1-3S,7/9/19,10:25,7.19,838,0.718,11.316,0.863,10.452,0.0025,0.0475,0,0.014,0,2.91E-04,5.17E-06,5.95E-04,1.36E-05,2.14E-04,5.08E-06,1.77E-04,1.61E-06,2.69E-05,4.49E-07,2.89E-05,5.31E-07,4.30E-03,3.95E-05,1.58E-05,1.40E-07,1.19E-07,5.89E-09,7.11E-09,1.66E-09,2.53E-07,9.72E-09,9.91E-06,1.02E-07,1.12E-06,1.72E-08,1.70E-08,2.10E-10,1.38E-05,5.14E-07
MZT1-3XD,5/15/19,,,,,1.355,0.19,1.165,0.002,0.0078,0,0.208,0,1.14E-04,2.14E-06,6.19E-04,2.69E-05,1.21E-04,3.98E-06,1.25E-04,1.09E-06,4.28E-05,8.27E-07,4.82E-09,7.90E-10,2.11E-04,1.45E-06,0,0,0,0,0,0,1.90E-07,2.34E-08,1.57E-06,2.65E-08,4.34E-07,4.84E-09,0,0,1.04E-05,9.88E-07
MZT1-3XD,6/4/19,12:45,8.19,730,0.306,3.047,0.054,2.993,0.0012,0.0085,0,0.431,0,9.29E-05,1.28E-06,5.24E-04,8.34E-06,1.44E-04,2.66E-06,1.39E-04,9.19E-07,2.06E-05,2.83E-07,6.27E-07,7.14E-09,1.54E-03,2.37E-05,1.68E-05,1.33E-07,2.43E-08,3.31E-09,0,0,2.12E-07,1.17E-08,2.13E-06,3.69E-08,1.51E-06,1.06E-08,0,0,1.61E-05,2.68E-06
MZT1-3XD,6/10/19,11:40,8.08,384,0.31,3.153,0.032,3.122,0.0011,0.0082,0,0.42,0,9.19E-05,1.57E-06,5.02E-04,7.41E-06,1.41E-04,3.99E-06,1.50E-04,1.04E-06,2.26E-05,2.82E-07,6.62E-07,9.10E-09,1.66E-03,1.58E-05,1.83E-05,2.15E-07,2.68E-08,3.36E-09,0,0,1.95E-07,7.13E-09,1.95E-06,6.48E-09,1.46E-06,9.37E-09,0,0,1.69E-05,2.53E-06
MZT1-3XD,6/19/19,12:25,7.78,391,0.281,3.257,0.024,3.233,0.003,0.01,0,0.394,0,9.62E-05,2.02E-06,5.03E-04,8.10E-06,1.47E-04,2.80E-06,1.09E-04,1.09E-06,2.25E-05,3.08E-07,6.24E-07,7.91E-09,1.65E-03,1.69E-05,1.90E-05,1.54E-07,1.95E-08,2.22E-09,0,0,2.35E-07,1.08E-08,1.91E-06,1.28E-08,1.46E-06,1.52E-08,0,0,1.22E-05,8.29E-07
MZT1-3XD,6/24/19,11:00,8.03,388,0.265,3.243,0.031,3.212,0.002,0.0101,0,0.366,0,9.68E-05,2.02E-06,4.93E-04,1.06E-05,1.47E-04,3.04E-06,1.12E-04,1.92E-06,2.26E-05,3.44E-07,5.98E-07,1.31E-08,1.61E-03,1.63E-05,1.71E-05,3.23E-07,1.72E-08,3.15E-09,0,0,2.05E-07,7.46E-09,1.88E-06,1.91E-08,1.43E-06,5.58E-09,0,0,1.12E-05,5.58E-07
MZT1-3XD,7/2/19,11:15,7.96,384,0.108,3.164,0.028,3.136,0.002,0.0083,0,0.36,0,9.76E-05,5.05E-07,4.82E-04,3.36E-06,1.50E-04,2.02E-06,1.16E-04,1.60E-06,2.26E-05,4.17E-07,6.05E-07,1.07E-08,1.58E-03,2.16E-05,1.65E-05,9.98E-08,1.32E-08,4.33E-09,0,0,1.95E-07,1.13E-08,1.84E-06,1.36E-08,1.45E-06,8.51E-09,0,0,1.17E-05,5.29E-07
MZT1-3XD,7/9/19,10:25,7.77,394,0.227,3.057,0.053,3.003,0.002,0.0098,0,0.345,0,1.00E-04,1.89E-06,4.75E-04,6.53E-06,1.52E-04,3.37E-06,1.15E-04,4.60E-07,2.38E-05,2.54E-07,5.73E-07,1.02E-08,1.50E-03,2.05E-05,1.41E-05,1.48E-07,0,0,0,0,5.95E-07,1.67E-08,1.78E-06,1.26E-08,1.38E-06,1.47E-08,0,0,1.13E-05,6.09E-07
MZT1-3XD,7/16/19,12:00,8.11,365,0.216,2.944,0.03,2.914,0.0017,0.007,0,0.363,0,9.66E-05,2.22E-06,4.79E-04,7.98E-06,1.52E-04,3.09E-06,1.20E-04,1.03E-06,2.44E-05,4.00E-07,5.84E-07,1.40E-08,1.52E-03,1.04E-05,1.44E-05,1.08E-07,1.59E-08,2.81E-09,0,0,1.93E-07,9.97E-09,1.84E-06,3.39E-08,1.41E-06,6.52E-09,0,0,1.16E-05,3.73E-07
MZT1-3XD,7/25/19,10:55,7.75,361,0.381,2.822,0.026,2.796,0.0025,0.0067,0,0.3682,0,9.25E-05,2.78E-06,5.13E-04,1.27E-05,1.68E-04,4.89E-06,1.69E-04,2.26E-06,2.60E-05,3.62E-07,5.32E-07,7.10E-09,1.36E-03,1.34E-05,1.24E-05,6.68E-08,3.84E-08,1.47E-09,8.27E-09,5.74E-10,2.29E-07,9.37E-09,1.79E-06,1.62E-08,1.43E-06,1.02E-08,0,0,1.26E-05,2.49E-06
MZT1-3XD,8/5/19,10:25,7.88,396,0.202,2.904,0.056,2.849,0.0022,0.0055,0,0.3724,0,8.54E-05,1.69E-06,5.12E-04,9.82E-06,1.70E-04,3.52E-06,1.79E-04,1.84E-06,2.52E-05,5.07E-07,5.86E-07,8.88E-09,1.48E-03,1.49E-05,1.52E-05,1.26E-07,5.12E-08,4.44E-09,1.97E-08,8.54E-10,2.11E-07,6.05E-09,1.84E-06,1.02E-08,1.49E-06,1.82E-08,0,0,1.38E-05,2.72E-06
MZT1-3XD,8/12/19,15:25,7.41,374,0.222,2.945,0.045,2.9,0.0025,0.0076,0,0.3917,0,8.28E-05,2.55E-06,5.09E-04,9.78E-06,1.71E-04,5.13E-06,1.93E-04,1.61E-06,2.47E-05,4.84E-07,6.37E-07,1.59E-08,1.51E-03,1.93E-05,1.79E-05,2.17E-07,3.70E-08,1.37E-09,1.56E-08,1.04E-09,2.15E-07,1.15E-08,1.82E-06,4.17E-08,1.57E-06,1.08E-08,0,0,1.45E-05,2.78E-06
MZT1-3XD,8/28/19,10:55,7.79,365,0.192,2.779,0.045,2.733,0.0014,0.0068,0,0.3833,0,7.54E-05,1.38E-06,4.81E-04,9.22E-06,1.58E-04,3.87E-06,1.57E-04,1.14E-06,2.53E-05,7.23E-07,6.00E-07,9.27E-09,1.41E-03,9.49E-06,1.48E-05,8.90E-08,2.54E-08,1.98E-09,0,0,6.02E-07,1.95E-08,1.83E-06,3.06E-08,1.48E-06,1.98E-08,0,0,1.78E-05,2.49E-06
MZT1-3XD,9/17/19,17:20,7.64,374,0.144,2.818,0.042,2.776,0.0014,0.0058,0,0.3824,0,7.85E-05,3.32E-07,4.66E-04,6.83E-06,1.49E-04,2.61E-06,1.51E-04,5.30E-07,2.39E-05,4.63E-07,5.74E-07,7.57E-09,1.40E-03,1.39E-05,1.31E-05,1.44E-07,2.40E-08,2.18E-09,0,0,6.49E-07,1.51E-08,1.82E-06,5.70E-09,1.42E-06,7.91E-09,0,0,1.63E-05,2.20E-06
MZT1-3XD,10/1/19,10:45,7.95,366,0.255,2.881,0.006,2.875,0,0.0067,0,0.3874,0,7.63E-05,1.35E-06,4.62E-04,1.11E-05,1.49E-04,4.15E-06,2.68E-03,2.45E-03,3.02E-05,1.25E-05,1.02E-06,4.09E-07,1.24E-03,1.09E-05,1.44E-05,1.16E-07,2.44E-08,2.67E-09,0,0,1.92E-07,1.08E-08,1.82E-06,1.99E-08,1.49E-06,1.15E-08,0,0,1.37E-05,2.06E-06
MZT1-3XXD,5/15/19,,,,,1.379,0.053,1.326,0.0012,0.0181,0,0.203,0,1.08E-04,2.92E-06,5.76E-04,1.36E-05,1.33E-04,3.59E-06,1.37E-04,5.23E-07,3.13E-05,5.73E-07,1.51E-07,3.10E-09,3.54E-04,2.77E-06,3.05E-07,9.21E-09,0,0,0,0,2.01E-07,2.36E-08,1.67E-06,3.09E-08,8.40E-07,7.56E-09,0,0,9.67E-06,1.14E-06
MZT1-3XXD,6/4/19,13:00,8.22,591,0.422,2.699,0.052,2.647,0.0013,0.0084,0,0.346,0,7.14E-05,8.30E-07,5.09E-04,5.75E-06,1.40E-04,2.63E-06,1.38E-04,8.60E-07,2.05E-05,2.52E-07,2.90E-07,4.81E-09,1.34E-03,2.58E-05,9.55E-06,1.13E-07,2.35E-08,2.22E-09,0,0,2.66E-07,6.61E-09,1.98E-06,1.87E-08,1.17E-06,1.59E-08,0,0,1.42E-05,2.25E-06
MZT1-3XXD,6/10/19,11:40,8.22,344,0.868,2.825,0.029,2.796,0.0011,,,0.356,0,7.80E-05,2.62E-06,5.04E-04,7.99E-06,1.66E-04,3.35E-06,1.77E-04,1.54E-06,2.81E-05,6.97E-07,4.21E-07,6.13E-09,1.46E-03,1.77E-05,1.87E-05,1.39E-07,5.78E-08,2.98E-09,9.52E-09,6.80E-10,2.10E-07,6.78E-09,1.81E-06,4.77E-09,1.11E-06,1.67E-08,0,0,1.64E-05,1.77E-06
MZT1-3XXD,6/19/19,12:25,7.88,379,0.373,3.109,0.056,3.053,0.0038,0.0044,0,0.378,0,7.26E-05,1.21E-06,4.59E-04,7.81E-06,1.34E-04,2.50E-06,1.42E-04,7.65E-07,2.13E-05,3.35E-07,2.86E-07,8.00E-09,1.44E-03,1.54E-05,1.61E-05,1.93E-07,0,0,0,0,1.03E-06,4.35E-08,1.74E-06,2.97E-08,1.14E-06,1.31E-08,0,0,6.04E-06,4.69E-07
MZT1-3XXD,6/24/19,11:00,8.08,373,0.619,3.065,0.039,3.026,0.0019,0.0054,0,0.375,0,6.52E-05,7.78E-07,4.65E-04,2.69E-06,1.34E-04,1.28E-06,1.41E-04,9.08E-07,2.24E-05,2.39E-07,3.21E-07,5.28E-09,1.43E-03,1.88E-05,1.29E-05,1.54E-07,1.40E-08,4.02E-09,0,0,2.66E-07,1.27E-08,1.79E-06,1.43E-08,1.19E-06,8.27E-09,0,0,5.70E-06,5.23E-07
MZT1-3XXD,7/2/19,11:15,7.73,400,0.886,3.046,0.035,3.011,0.0022,0.0044,0,0.382,0,6.60E-05,1.75E-06,4.54E-04,7.58E-06,1.35E-04,2.80E-06,1.43E-04,1.71E-06,2.15E-05,3.88E-07,3.11E-07,3.70E-09,1.48E-03,1.68E-05,1.77E-05,1.02E-07,0,0,0,0,2.47E-07,1.94E-08,1.73E-06,2.09E-08,1.14E-06,1.54E-08,0,0,5.75E-06,6.28E-07
MZT1-3XXD,7/9/19,10:25,8.03,396,0.304,3.143,0.172,2.971,0.0066,0.005,0,0.385,0,6.56E-05,1.41E-06,4.57E-04,1.46E-05,1.36E-04,4.80E-06,1.43E-04,1.29E-06,2.18E-05,4.42E-07,2.82E-07,5.95E-09,1.49E-03,2.09E-05,1.86E-05,3.03E-07,0,0,0,0,2.28E-07,1.01E-08,1.74E-06,1.60E-08,1.12E-06,8.06E-09,0,0,5.84E-06,6.34E-07
MZT1-3XXD,7/16/19,12:00,8.05,379,0.328,3.158,0.019,3.14,0.0021,0.0053,0,0.383,0,6.59E-05,1.85E-06,4.59E-04,1.08E-05,1.37E-04,3.55E-06,1.44E-04,1.59E-06,2.23E-05,3.73E-07,2.85E-07,6.03E-09,1.48E-03,6.38E-06,1.82E-05,2.06E-07,0,0,0,0,1.77E-07,1.28E-08,1.71E-06,2.27E-08,1.14E-06,1.29E-08,0,0,6.06E-06,6.05E-07
MZT1-3XXD,7/25/19,10:55,7.97,382,0.341,2.66,0.02,2.64,0.0023,0.0046,0,0.3829,0,6.88E-05,1.55E-06,5.17E-04,8.80E-06,1.56E-04,3.10E-06,1.68E-04,1.11E-06,2.23E-05,4.57E-07,3.11E-07,5.58E-09,1.53E-03,1.53E-05,2.13E-05,1.29E-07,3.70E-08,1.30E-09,9.65E-09,3.79E-10,2.24E-07,9.98E-09,1.71E-06,3.09E-08,1.15E-06,1.51E-08,0,0,1.48E-05,2.69E-06
MZT1-3XXD,8/5/19,10:25,7.91,402,0.269,2.668,0.073,2.595,0.0022,0.0043,0,0.3667,0,7.23E-05,2.95E-06,5.20E-04,8.90E-06,1.60E-04,4.45E-06,1.69E-04,2.28E-06,2.24E-05,3.98E-07,2.88E-07,5.48E-09,1.52E-03,1.71E-05,2.04E-05,1.83E-07,3.51E-08,2.17E-09,6.45E-09,5.88E-10,2.31E-07,1.04E-08,1.72E-06,1.62E-08,1.10E-06,1.28E-08,0,0,1.54E-05,2.65E-06
MZT1-3XXD,8/12/19,15:25,7.47,375,0.375,2.822,0.103,2.719,0.0028,0.0072,0,0.3478,0,7.43E-05,2.90E-06,5.27E-04,1.40E-05,1.61E-04,4.11E-06,1.75E-04,4.48E-06,2.31E-05,4.23E-07,3.29E-07,4.74E-09,1.54E-03,1.14E-05,2.00E-05,1.10E-07,6.07E-08,4.10E-09,2.54E-08,9.48E-10,2.30E-07,1.06E-08,1.73E-06,2.64E-08,1.16E-06,1.16E-08,0,0,1.64E-05,2.73E-06
MZT1-3XXD,8/28/19,10:55,7.36,415,0.301,2.962,0.055,2.907,0.0012,0.0059,0,0.3796,0,6.62E-05,8.75E-07,4.64E-04,6.83E-06,1.45E-04,2.19E-06,1.49E-04,1.06E-06,2.23E-05,4.65E-07,2.73E-07,5.01E-09,1.47E-03,5.50E-06,2.25E-05,2.21E-07,3.17E-08,2.09E-09,0,0,4.65E-07,1.21E-08,1.70E-06,1.12E-08,1.08E-06,1.57E-08,0,0,1.74E-05,2.50E-06
MZT1-3XXD,9/17/19,17:30,7.9,381,0.212,2.83,0.048,2.782,0.0012,0.0063,0,0.3881,0,8.38E-05,1.51E-06,4.69E-04,1.06E-05,1.43E-04,3.55E-06,1.45E-04,1.31E-06,2.17E-05,5.74E-07,2.94E-07,4.63E-09,1.50E-03,9.64E-06,2.29E-05,4.95E-08,2.35E-08,3.07E-09,0,0,3.10E-07,1.08E-08,1.74E-06,1.96E-08,1.09E-06,1.99E-08,0,0,1.66E-05,1.85E-06
MZT1-3XXD,10/1/19,10:55,8.17,382,0.153,2.753,0.027,2.725,0.0012,0.0126,0,0.3743,0,7.71E-05,1.37E-06,4.64E-04,6.89E-06,1.44E-04,3.30E-06,1.59E-04,1.64E-06,1.96E-05,3.01E-07,2.56E-07,3.35E-09,1.25E-03,7.61E-06,2.21E-05,1.56E-07,2.39E-08,1.43E-09,0,0,2.78E-07,9.87E-09,1.71E-06,2.60E-08,1.06E-06,1.20E-08,0,0,1.43E-05,2.25E-06
MZT1-4D,5/15/19,,,,,3.745,0.144,3.602,0.0024,0.0102,0,0.27,0,8.77E-05,2.80E-06,3.70E-04,9.39E-06,9.25E-05,3.00E-06,9.43E-05,5.57E-07,1.73E-05,4.39E-07,4.42E-08,1.67E-09,1.56E-03,2.82E-05,1.86E-07,1.31E-08,3.42E-08,3.15E-09,1.56E-08,1.48E-09,3.30E-07,2.42E-08,2.41E-06,1.18E-08,1.09E-06,1.62E-08,1.55E-09,9.44E-11,1.06E-05,1.20E-06
MZT1-4D,6/4/19,13:20,7.8,716,0.118,3.507,0.111,3.396,0.0009,0.009,0,0.294,0,1.10E-04,1.54E-06,4.17E-04,3.89E-06,1.15E-04,2.33E-06,1.12E-04,1.23E-06,1.60E-05,3.18E-07,5.18E-08,1.32E-09,1.72E-03,2.33E-05,4.35E-07,1.46E-08,2.77E-08,1.73E-09,0,0,1.70E-07,6.71E-09,2.44E-06,3.39E-08,1.10E-06,6.20E-09,1.57E-09,7.34E-11,1.37E-05,1.89E-06
MZT1-4D,6/10/19,12:45,7.59,412,0.1,3.74,0.079,3.661,0.0009,0.0109,0,0.372,0,1.11E-04,7.83E-07,4.13E-04,9.19E-06,1.15E-04,2.40E-06,1.24E-04,1.14E-06,1.81E-05,4.23E-07,1.20E-07,2.51E-09,1.92E-03,1.64E-05,7.38E-07,2.29E-08,3.13E-08,2.67E-09,0,0,1.95E-07,8.21E-09,2.28E-06,8.20E-09,1.11E-06,1.72E-08,1.75E-09,8.89E-11,1.44E-05,2.28E-06
MZT1-4D,6/19/19,13:30,7.54,397,0.139,3.558,0.047,3.511,0.003,0.0101,0,0.434,0,1.04E-04,2.46E-06,3.80E-04,8.87E-06,1.12E-04,3.26E-06,1.17E-04,8.25E-07,1.76E-05,2.32E-07,1.86E-07,4.98E-09,1.75E-03,2.65E-05,7.98E-07,1.36E-08,2.06E-08,4.25E-09,0,0,2.33E-07,1.03E-08,2.14E-06,3.22E-08,1.10E-06,1.41E-08,1.42E-09,1.43E-10,6.09E-06,5.12E-07
MZT1-4D,6/24/19,11:45,7.49,391,0.186,3.482,0.044,3.438,0.0021,0.0118,0,0.412,0,1.05E-04,1.23E-06,3.69E-04,4.98E-06,1.11E-04,1.83E-06,1.17E-04,5.91E-07,1.74E-05,1.88E-07,1.84E-07,3.67E-09,1.69E-03,1.39E-05,8.22E-07,1.54E-08,1.62E-08,2.68E-09,0,0,1.73E-07,1.22E-08,2.11E-06,4.68E-08,1.07E-06,1.44E-08,1.36E-09,1.97E-10,6.07E-06,4.26E-07
MZT1-4D,7/2/19,12:30,7.67,392,0.223,3.511,0.054,3.457,0.0023,0.0145,0,0.338,0,1.02E-04,2.16E-06,3.59E-04,8.72E-06,1.14E-04,2.40E-06,1.19E-04,1.41E-06,1.86E-05,2.08E-07,2.21E-07,6.08E-09,1.63E-03,1.02E-05,1.10E-06,1.44E-08,2.28E-08,3.38E-09,0,0,2.38E-07,1.22E-08,2.03E-06,3.72E-08,1.03E-06,1.57E-08,1.18E-09,1.07E-10,5.99E-06,3.96E-07
MZT1-4D,7/9/19,11:40,7.68,366,0.15,3.483,0.065,3.418,0.0024,0.0118,0,0.246,0,1.00E-04,8.68E-07,3.43E-04,3.12E-06,1.18E-04,1.47E-06,1.25E-04,5.71E-07,1.83E-05,1.86E-07,2.28E-07,2.54E-09,1.58E-03,1.62E-05,8.90E-07,1.66E-08,1.56E-08,4.46E-09,0,0,2.23E-07,8.32E-09,1.97E-06,1.52E-08,9.98E-07,1.09E-08,1.15E-09,7.70E-11,5.41E-06,2.85E-07
MZT1-4D,7/16/19,13:00,7.51,368,0.155,3.664,0.079,3.585,0.0026,0.015,0,0.192,0,1.02E-04,2.19E-06,3.49E-04,7.33E-06,1.26E-04,2.77E-06,1.33E-04,1.33E-06,1.96E-05,4.26E-07,1.82E-07,4.40E-09,1.61E-03,1.85E-05,9.14E-07,1.52E-08,1.93E-08,4.49E-09,0,0,2.27E-07,1.00E-08,1.96E-06,3.01E-08,1.03E-06,6.18E-09,1.12E-09,8.96E-11,5.64E-06,9.23E-08
MZT1-4D,7/25/19,11:30,7.64,364,0.095,3.536,0.075,3.461,0.0043,0.011,0,0.1649,0.0019,1.09E-04,2.56E-06,3.70E-04,1.17E-05,1.44E-04,3.58E-06,1.56E-04,1.52E-06,2.05E-05,2.65E-07,2.04E-07,3.54E-09,1.62E-03,1.18E-05,9.79E-07,9.58E-09,3.77E-08,1.64E-09,6.12E-09,8.88E-10,1.95E-07,8.97E-09,1.95E-06,2.83E-08,1.03E-06,6.35E-09,1.12E-09,6.25E-11,1.27E-05,1.37E-06
MZT1-4D,8/5/19,10:55,7.56,383,0.229,3.38,0.087,3.293,0.0036,0.0103,0,0.1681,0,1.08E-04,2.25E-06,3.84E-04,5.37E-06,1.52E-04,2.76E-06,1.70E-04,1.44E-06,2.08E-05,3.68E-07,2.32E-07,4.82E-09,1.65E-03,2.33E-05,9.53E-07,1.91E-08,4.33E-08,5.74E-09,6.93E-09,8.31E-10,2.15E-07,9.81E-09,2.01E-06,2.20E-08,1.04E-06,1.89E-08,1.13E-09,8.44E-11,1.01E-05,1.45E-06
MZT1-4D,8/12/19,16:00,7,362,0.234,3.391,0.106,3.285,0.0034,0.0083,0,0.1839,0,1.10E-04,2.67E-06,3.84E-04,1.02E-05,1.52E-04,3.93E-06,1.66E-04,1.05E-06,2.17E-05,4.61E-07,2.54E-07,6.83E-09,1.67E-03,9.38E-06,1.46E-06,1.85E-08,4.28E-08,1.88E-09,1.26E-08,4.55E-10,2.26E-07,9.59E-09,1.99E-06,2.47E-08,1.08E-06,6.75E-09,1.08E-09,8.10E-11,1.06E-05,1.56E-06
MZT1-4D,8/28/19,11:25,7.23,417,0.109,3.445,0.128,3.317,0.0057,0.0088,0,0.2235,0,9.65E-05,1.04E-06,3.45E-04,5.52E-06,1.30E-04,2.16E-06,1.38E-04,7.64E-07,2.16E-05,4.04E-07,3.30E-07,7.21E-09,1.53E-03,1.51E-05,2.12E-06,3.04E-08,3.55E-08,2.93E-09,0,0,3.99E-07,7.87E-09,1.93E-06,1.43E-08,1.04E-06,1.09E-08,1.22E-09,1.06E-10,1.28E-05,1.46E-06
MZT1-4D,9/17/19,17:45,6.98,452,0.205,3.306,0.11,3.195,0.0048,0.0107,0,0.3029,0,1.04E-04,2.31E-06,3.48E-04,7.67E-06,1.23E-04,3.89E-06,1.21E-04,1.21E-06,1.91E-05,3.01E-07,3.45E-07,8.35E-09,1.57E-03,1.48E-05,2.14E-06,1.55E-08,3.13E-08,1.98E-09,0,0,6.47E-07,1.01E-08,1.95E-06,1.81E-08,1.01E-06,1.21E-08,1.24E-09,9.70E-11,1.37E-05,1.64E-06
MZT1-4D,10/1/19,,,,,3.343,0.043,3.301,0,0.0055,0,0.3395,0,9.98E-05,9.10E-07,3.51E-04,7.35E-06,1.20E-04,3.11E-06,1.31E-04,1.73E-06,1.58E-05,3.76E-07,4.21E-07,9.95E-09,1.39E-03,7.34E-06,2.23E-06,2.38E-08,3.11E-08,2.15E-09,0,0,2.16E-07,9.99E-09,2.02E-06,1.58E-08,1.06E-06,8.24E-09,1.43E-09,1.21E-10,1.27E-05,2.11E-06
MZT1-4S,5/15/19,,,,,2.452,0.414,2.038,0.003,0.0105,0,0.038,0.0006,7.34E-05,2.19E-06,1.11E-04,3.54E-06,4.30E-05,1.32E-06,4.31E-05,4.44E-07,2.46E-05,4.52E-07,4.86E-08,1.67E-09,8.60E-04,6.28E-06,1.81E-07,9.88E-09,2.37E-08,1.11E-09,3.51E-08,1.77E-09,5.68E-07,2.53E-08,8.85E-06,4.05E-08,4.60E-07,4.75E-09,3.53E-09,2.11E-10,3.36E-06,1.14E-07
MZT1-4S,6/4/19,13:20,7.52,1054,0.162,4.417,0.144,4.274,0.0007,0.0089,0,0.286,0,1.23E-04,2.41E-06,3.17E-04,8.19E-06,1.09E-04,2.94E-06,1.05E-04,1.24E-06,1.44E-05,2.72E-07,1.62E-06,3.07E-08,2.02E-03,4.25E-05,1.05E-06,2.62E-08,4.51E-08,2.14E-09,0,0,2.32E-07,1.12E-08,2.11E-05,2.47E-07,9.29E-07,6.05E-09,5.43E-09,9.18E-11,1.33E-05,1.74E-06
MZT1-4S,6/10/19,12:45,7.49,445,0.233,4.362,0.131,4.231,0.0008,0.01,0,0.304,0,1.21E-04,3.51E-06,3.39E-04,8.22E-06,1.10E-04,3.79E-06,1.18E-04,1.45E-06,1.51E-05,2.48E-07,1.59E-06,1.43E-08,2.10E-03,2.53E-05,1.47E-06,2.09E-08,4.79E-08,3.11E-09,0,0,2.33E-07,6.09E-09,1.19E-05,8.75E-08,8.43E-07,9.01E-09,4.80E-09,9.18E-11,1.26E-05,1.77E-06
MZT1-4S,6/19/19,13:30,7.4,416,0.231,3.851,0.12,3.731,0.003,0.0121,0,0.402,0,1.05E-04,1.63E-06,3.20E-04,7.07E-06,1.05E-04,1.82E-06,1.09E-04,5.94E-07,1.48E-05,2.72E-07,1.48E-06,3.02E-08,1.91E-03,3.82E-05,1.52E-06,1.94E-08,2.79E-08,5.40E-09,0,0,2.76E-07,9.03E-09,6.75E-06,1.04E-07,8.04E-07,8.37E-09,3.29E-09,1.27E-10,5.50E-06,3.62E-07
MZT1-4S,6/24/19,11:45,7.36,469,0.548,5.119,0.136,4.984,0.0015,0.0113,0,0.382,0,1.24E-04,2.50E-06,3.55E-04,9.24E-06,1.12E-04,2.79E-06,1.17E-04,8.33E-07,1.57E-05,1.54E-07,1.95E-06,3.81E-08,2.24E-03,1.80E-05,2.00E-06,1.72E-08,3.99E-08,5.96E-09,0,0,2.11E-07,1.93E-08,1.12E-05,2.59E-07,9.71E-07,1.13E-08,6.43E-09,3.20E-10,5.72E-06,5.37E-07
MZT1-4S,7/2/19,12:30,7.37,442,0.444,4.209,0.11,4.099,0.0018,0.0136,0,0.274,0,1.13E-04,2.19E-06,3.17E-04,6.77E-06,1.11E-04,3.29E-06,1.16E-04,8.61E-07,1.50E-05,2.85E-07,1.64E-06,2.94E-08,1.82E-03,2.05E-05,2.28E-06,3.05E-08,2.60E-08,3.21E-09,0,0,2.58E-07,1.51E-08,5.96E-06,5.72E-08,8.19E-07,1.16E-08,3.56E-09,1.60E-10,4.81E-06,3.75E-07
MZT1-4S,7/9/19,11:40,7.28,479,0.23,5.176,0.127,5.049,0.0018,0.0153,0,0.251,0,1.29E-04,2.09E-06,3.63E-04,6.56E-06,1.26E-04,2.42E-06,1.32E-04,7.59E-07,1.70E-05,3.23E-07,3.18E-06,7.08E-08,2.20E-03,4.20E-05,4.07E-06,5.64E-08,4.14E-08,5.47E-09,5.53E-09,1.79E-09,2.77E-07,1.34E-08,9.60E-06,1.90E-07,9.90E-07,9.22E-09,5.31E-09,3.06E-10,5.07E-06,2.08E-07
MZT1-4S,7/16/19,13:00,7.31,459,0.206,5.005,0.132,4.873,0.0018,0.0164,0,0.205,0,1.21E-04,1.32E-06,3.63E-04,8.04E-06,1.34E-04,2.92E-06,1.41E-04,1.85E-06,1.94E-05,2.19E-07,3.49E-06,4.63E-08,2.06E-03,1.70E-05,5.42E-06,5.88E-08,4.24E-08,3.85E-09,0,0,2.59E-07,1.44E-08,7.59E-06,1.27E-07,9.46E-07,1.14E-08,3.99E-09,3.10E-10,5.39E-06,3.11E-07
MZT1-4S,7/25/19,11:30,7.25,440,0.554,4.134,0.113,4.021,0.0022,0.0133,0,0.1744,0,1.22E-04,3.36E-06,3.94E-04,1.32E-05,1.50E-04,5.21E-06,1.69E-04,1.67E-06,1.90E-05,3.55E-07,2.72E-06,5.88E-08,1.94E-03,2.56E-05,5.80E-06,4.15E-08,5.76E-08,3.01E-09,1.29E-08,1.19E-09,2.12E-07,1.29E-08,4.97E-06,9.94E-08,9.30E-07,1.73E-08,2.74E-09,1.04E-10,9.65E-06,1.40E-06
MZT1-4S,8/5/19,10:55,7.08,628,0.541,5.863,0.235,5.629,0.002,0.0244,0,0.1619,0,1.47E-04,2.43E-06,4.90E-04,7.41E-06,1.83E-04,2.23E-06,1.93E-04,1.08E-06,2.18E-05,6.01E-07,3.94E-06,9.04E-08,2.39E-03,3.08E-05,7.53E-06,8.13E-08,7.93E-08,3.62E-09,1.28E-08,8.29E-10,2.81E-07,1.12E-08,1.02E-05,1.31E-07,1.34E-06,1.26E-08,6.92E-09,1.40E-10,1.16E-05,1.29E-06
MZT1-4XD,5/15/19,,,,,0.472,0.086,0.385,0.0036,0.0108,0,0.169,0,2.03E-04,4.93E-06,1.55E-04,3.30E-06,7.27E-05,2.62E-06,7.55E-05,8.04E-07,4.08E-05,5.94E-07,3.18E-07,5.90E-09,4.27E-04,2.15E-06,6.13E-07,8.54E-09,1.47E-08,1.57E-09,0,0,2.54E-07,2.38E-08,1.43E-06,1.40E-08,6.71E-07,6.11E-09,0,0,9.85E-06,1.40E-06
MZT1-4XD,6/4/19,13:45,8.07,628,,3.088,0.081,3.008,0.0016,0.0105,0,0.459,0,1.07E-04,1.70E-06,5.32E-04,8.66E-06,1.41E-04,2.45E-06,1.40E-04,8.23E-07,2.02E-05,3.47E-07,3.18E-06,6.63E-08,1.59E-03,2.78E-05,1.19E-05,1.05E-07,2.19E-08,4.88E-09,0,0,2.04E-07,1.01E-08,2.30E-06,3.65E-08,1.68E-06,3.18E-08,0,0,1.88E-05,2.76E-06
MZT1-4XD,6/10/19,12:45,7.89,388,0.634,3.165,0.04,3.125,0.0013,0.0089,0,0.442,0,1.05E-04,2.46E-06,5.19E-04,9.85E-06,1.37E-04,3.80E-06,1.48E-04,2.03E-06,2.48E-05,4.47E-07,3.97E-06,3.65E-08,1.66E-03,2.51E-05,5.43E-06,4.56E-08,3.10E-08,3.91E-09,0,0,2.31E-07,5.66E-09,2.33E-06,2.98E-08,1.82E-06,2.48E-08,0,0,1.72E-05,2.63E-06
MZT1-4XD,6/19/19,13:30,7.92,374,0.393,3.132,0.024,3.109,0.0031,0.0088,0,0.435,0,9.29E-05,1.00E-06,4.93E-04,7.19E-06,1.40E-04,1.68E-06,1.49E-04,1.11E-06,2.24E-05,4.50E-07,3.33E-06,5.71E-08,1.57E-03,3.20E-05,9.54E-06,1.41E-07,0,0,0,0,2.10E-07,1.05E-08,2.00E-06,3.02E-08,1.68E-06,1.31E-08,0,0,7.81E-06,4.52E-07
MZT1-4XD,6/24/19,11:45,7.73,376,0.501,3.127,0.025,3.102,0.0021,0.0081,0,0.416,0,9.40E-05,6.69E-07,4.84E-04,8.29E-06,1.40E-04,1.55E-06,1.49E-04,1.20E-06,2.26E-05,2.16E-07,2.98E-06,6.10E-08,1.53E-03,1.36E-05,1.04E-05,1.01E-07,1.68E-08,3.80E-09,0,0,2.41E-07,1.54E-08,1.94E-06,1.82E-08,1.60E-06,6.23E-09,0,0,7.74E-06,4.82E-07
MZT1-4XD,7/2/19,12:30,7.97,391,0.255,3.256,0.041,3.215,0.0025,0.0094,0,0.413,0,8.94E-05,1.48E-06,4.93E-04,8.03E-06,1.45E-04,1.94E-06,1.54E-04,1.56E-06,2.28E-05,3.56E-07,3.31E-06,6.25E-08,1.57E-03,1.21E-05,9.89E-06,1.32E-07,1.34E-08,3.01E-09,0,0,2.70E-07,1.01E-08,1.96E-06,2.09E-08,1.67E-06,3.03E-08,0,0,7.62E-06,7.00E-07
MZT1-4XD,7/9/19,11:40,8.09,376,0.19,3.226,0.031,3.195,0.002,0.0096,0,0.405,0,8.92E-05,2.58E-06,4.95E-04,1.19E-05,1.50E-04,3.69E-06,1.57E-04,1.52E-06,2.32E-05,1.71E-07,3.09E-06,4.65E-08,1.55E-03,1.74E-05,1.17E-05,1.50E-07,0,0,0,0,2.14E-07,1.48E-08,1.96E-06,4.80E-08,1.65E-06,2.11E-08,0,0,7.68E-06,8.12E-07
MZT1-4XD,7/16/19,13:00,7.83,374,0.162,3.082,0.035,3.048,0.0024,0.0096,0,0.351,0,9.01E-05,1.24E-06,4.91E-04,8.02E-06,1.56E-04,2.37E-06,1.62E-04,6.53E-07,2.45E-05,4.06E-07,3.15E-06,7.89E-08,1.52E-03,1.84E-05,1.03E-05,6.75E-08,1.84E-08,3.59E-09,4.29E-09,2.06E-09,2.16E-07,1.54E-08,1.98E-06,4.19E-08,1.70E-06,1.12E-08,0,0,7.41E-06,4.81E-07
MZT1-4XD,7/25/19,11:30,7.95,389,0.335,3.121,0.046,3.075,0.0028,0.009,0,0.3445,0,1.00E-04,6.61E-07,5.21E-04,8.84E-06,1.72E-04,1.76E-06,1.90E-04,1.81E-06,2.56E-05,6.15E-07,3.05E-06,6.82E-08,1.55E-03,4.42E-06,1.07E-05,1.27E-07,4.28E-08,1.06E-09,4.70E-09,3.72E-10,2.21E-07,9.14E-09,1.86E-06,2.83E-08,1.62E-06,1.26E-08,0,0,1.81E-05,2.96E-06
MZT1-4XD,8/5/19,10:55,8.06,373,0.247,2.94,0.048,2.892,0.0025,0.007,0,0.3413,0,,,,,,,,,,,,,,,,,,,,,,,,,,,,,,
MZT1-4XD,8/12/19,16:00,7.41,367,0.214,2.948,0.06,2.888,0.0028,0.0065,0,0.3421,0,1.04E-04,2.43E-06,5.06E-04,8.50E-06,1.75E-04,3.53E-06,2.04E-04,1.22E-06,2.68E-05,6.04E-07,2.92E-06,6.32E-08,1.56E-03,1.01E-05,1.10E-05,8.64E-08,3.49E-08,2.70E-09,6.05E-09,7.88E-10,2.34E-07,1.21E-08,1.84E-06,2.15E-08,1.60E-06,1.59E-08,0,0,1.78E-05,2.75E-06
MZT1-4XD,8/28/19,11:25,7.85,358,0.16,3.047,0.032,3.015,0.0016,0.0066,0,0.37,0,8.84E-05,2.18E-06,4.62E-04,9.12E-06,1.61E-04,2.88E-06,1.78E-04,1.49E-06,2.51E-05,7.59E-07,2.91E-06,5.02E-08,1.46E-03,9.85E-06,1.16E-05,8.47E-08,2.68E-08,2.21E-09,0,0,3.81E-07,1.27E-08,1.89E-06,1.64E-08,1.60E-06,3.12E-08,0,0,1.82E-05,2.76E-06
MZT1-4XD,9/17/19,17:55,7.9,383,0.214,3.128,0.145,2.983,0.0032,0.0061,0,0.388,0,9.18E-05,1.72E-06,4.60E-04,1.06E-05,1.52E-04,4.04E-06,1.48E-04,1.77E-06,2.44E-05,4.71E-07,2.95E-06,4.66E-08,1.47E-03,9.16E-06,1.06E-05,8.67E-08,2.52E-08,2.31E-09,0,0,3.97E-07,1.03E-08,1.91E-06,1.01E-08,1.56E-06,2.14E-08,0,0,1.72E-05,2.22E-06
MZT1-4XD,10/1/19,11:15,7.84,367,0.137,3.138,0.04,3.098,0,0.0059,0,0.3848,0,8.93E-05,2.37E-06,4.59E-04,9.88E-06,1.53E-04,3.36E-06,1.62E-04,1.17E-06,2.24E-05,4.59E-07,2.94E-06,5.37E-08,1.28E-03,1.22E-05,1.10E-05,1.04E-07,3.37E-08,2.86E-09,5.56E-09,1.00E-09,3.13E-07,1.26E-08,1.89E-06,1.01E-08,1.65E-06,2.51E-08,0,0,1.51E-05,2.12E-06
MZT1-5D,5/15/19,,,,,3.368,0.181,3.187,0.0018,0.0109,0,0.249,0,9.21E-05,2.37E-06,3.77E-04,8.00E-06,9.59E-05,2.72E-06,9.85E-05,7.60E-07,1.52E-05,2.29E-07,3.99E-08,1.41E-09,1.53E-03,1.94E-05,0,0,2.87E-08,4.37E-09,6.21E-09,1.04E-09,2.27E-07,2.39E-08,1.99E-06,2.08E-08,1.04E-06,1.09E-08,1.78E-09,1.09E-10,1.08E-05,1.00E-06
MZT1-5D,6/4/19,14:00,7.75,636,0.38,3.658,0.097,3.561,0.0048,0.0094,0,0.272,0,1.12E-04,2.62E-06,4.22E-04,1.05E-05,1.20E-04,3.45E-06,1.15E-04,8.24E-07,1.56E-05,2.69E-07,1.79E-08,6.54E-10,1.62E-03,2.97E-05,1.86E-07,2.26E-08,3.61E-08,1.77E-09,8.63E-09,1.35E-09,1.93E-07,4.40E-09,2.50E-06,1.22E-08,1.10E-06,1.18E-08,1.62E-09,9.57E-11,1.00E-05,1.75E-06
MZT1-5D,6/10/19,13:15,7.7,410,0.092,3.923,0.083,3.84,0,0.0106,0,0.244,0,1.17E-04,1.72E-06,4.30E-04,6.32E-06,1.27E-04,2.70E-06,1.30E-04,9.42E-07,1.85E-05,2.78E-07,4.63E-08,1.76E-09,1.85E-03,1.02E-05,1.48E-07,4.14E-08,3.35E-08,1.88E-09,0,0,2.75E-07,6.14E-09,2.28E-06,1.10E-08,1.13E-06,1.72E-08,1.39E-09,4.31E-11,1.16E-05,1.51E-06
MZT1-5D,6/19/19,14:00,7.45,355,0.157,3.609,0.127,3.482,0.0034,0.0146,0,0.163,0,8.04E-05,8.09E-07,3.54E-04,9.16E-06,1.20E-04,2.36E-06,1.23E-04,4.56E-07,1.77E-05,2.81E-07,1.10E-07,3.52E-09,1.53E-03,2.00E-05,1.91E-07,6.71E-09,1.61E-08,4.34E-09,0,0,2.88E-07,8.41E-09,1.91E-06,3.71E-08,1.01E-06,1.34E-08,1.01E-09,1.25E-10,4.92E-06,2.41E-07
MZT1-5D,6/24/19,12:10,7.59,400,0.204,4.075,0.157,3.918,0.0018,0.0155,0,0.143,0,7.37E-05,5.13E-07,3.96E-04,2.96E-06,1.23E-04,9.06E-07,1.26E-04,9.06E-07,1.95E-05,2.56E-07,1.25E-07,4.11E-09,1.72E-03,1.57E-05,2.31E-07,1.33E-08,1.95E-08,5.02E-09,0,0,2.32E-07,1.04E-08,2.13E-06,6.65E-08,1.14E-06,1.28E-08,1.48E-09,1.23E-10,5.08E-06,2.48E-07
MZT1-5D,7/2/19,12:50,7.39,431,0.254,4.155,0.112,4.043,0.0019,0.0149,0,0.234,0,8.44E-05,7.69E-07,4.16E-04,1.06E-05,1.30E-04,2.29E-06,1.34E-04,1.38E-06,2.12E-05,1.92E-07,1.20E-07,1.57E-09,1.82E-03,2.04E-05,3.99E-07,1.13E-08,1.51E-08,2.52E-09,0,0,2.03E-07,1.23E-08,2.27E-06,2.22E-08,1.23E-06,4.56E-09,1.33E-09,1.02E-10,6.03E-06,3.95E-07
MZT1-5D,7/9/19,12:00,7.45,466,0.115,4.725,0.175,4.551,0.0031,0.0163,0,0.213,0,8.48E-05,2.32E-06,4.42E-04,6.18E-06,1.40E-04,2.71E-06,1.42E-04,1.06E-06,2.26E-05,2.96E-07,1.58E-07,1.72E-09,2.06E-03,1.66E-05,5.24E-07,1.22E-08,2.76E-08,6.33E-09,0,0,1.86E-07,1.35E-08,2.58E-06,4.15E-08,1.37E-06,1.33E-08,1.75E-09,1.29E-10,6.29E-06,4.05E-07
MZT1-5D,7/16/19,13:30,7.39,448,0.17,4.411,0.122,4.289,0.0021,0.0153,0,0.25,0,8.54E-05,9.18E-07,4.22E-04,8.81E-06,1.39E-04,2.58E-06,1.43E-04,1.62E-06,2.30E-05,4.40E-07,1.68E-07,5.35E-09,1.96E-03,2.29E-05,5.72E-07,1.21E-08,2.62E-08,3.12E-09,0,0,2.23E-07,8.13E-09,2.50E-06,3.94E-08,1.33E-06,1.38E-08,1.63E-09,9.77E-11,6.50E-06,3.02E-07
MZT1-5D,7/25/19,11:55,7.45,439,0.112,3.974,0.091,3.883,0.0019,0.0154,0,0.2161,0,8.65E-05,1.18E-06,3.73E-04,5.05E-06,1.33E-04,2.87E-06,1.42E-04,9.04E-07,2.21E-05,3.74E-07,1.98E-07,2.44E-09,1.76E-03,2.13E-05,7.58E-07,1.23E-08,4.80E-08,2.04E-09,5.62E-09,4.42E-10,2.13E-07,2.02E-08,2.35E-06,1.24E-08,1.27E-06,2.41E-08,1.62E-09,6.86E-11,1.27E-05,9.58E-07
MZT1-5D,8/5/19,11:35,7.46,477,0.166,3.911,0.193,3.718,0.0022,0.0146,0,0.1924,0,9.73E-05,2.11E-06,3.72E-04,8.11E-06,1.37E-04,3.26E-06,1.52E-04,2.78E-06,2.20E-05,2.94E-07,3.60E-07,8.61E-09,1.74E-03,1.22E-05,1.13E-06,1.47E-08,4.48E-08,2.08E-09,0,0,2.54E-07,2.05E-08,2.33E-06,2.85E-08,1.24E-06,7.98E-09,1.43E-09,7.77E-11,1.29E-05,9.30E-07
MZT1-5D,8/12/19,16:15,6.87,399,0.136,3.71,0.096,3.614,0.0017,0.0115,0,0.1966,0,9.85E-05,1.42E-06,3.65E-04,6.34E-06,1.34E-04,2.94E-06,1.58E-04,1.25E-06,2.18E-05,4.56E-07,2.15E-07,4.40E-09,1.67E-03,1.74E-05,1.19E-06,8.99E-09,4.37E-08,2.26E-09,1.56E-08,8.81E-10,2.48E-07,2.38E-08,2.18E-06,7.17E-09,1.18E-06,6.54E-09,1.24E-09,4.84E-11,1.32E-05,1.11E-06
MZT1-5D,8/28/19,11:40,7.48,412,0.115,3.75,0.132,3.618,0.0018,0.0114,0,0.2343,0,1.00E-04,2.35E-06,3.81E-04,1.04E-05,1.37E-04,4.02E-06,1.59E-04,1.12E-06,2.04E-05,3.74E-07,2.12E-07,4.15E-09,1.68E-03,1.51E-05,1.14E-06,2.45E-09,3.18E-08,1.91E-09,0,0,1.67E-07,4.54E-09,2.18E-06,1.23E-08,1.16E-06,1.31E-08,1.25E-09,9.30E-11,1.31E-05,1.54E-06
MZT1-5D,9/17/19,18:00,7.56,392,0.189,3.482,0.083,3.399,0.0036,0.0066,0,0.3247,0,1.07E-04,1.76E-06,3.67E-04,8.58E-06,1.25E-04,4.03E-06,1.25E-04,1.30E-06,1.85E-05,3.17E-07,1.62E-07,4.03E-09,1.66E-03,1.85E-05,8.86E-07,8.97E-09,3.20E-08,1.76E-09,0,0,3.92E-07,1.05E-08,2.11E-06,2.90E-08,1.09E-06,1.33E-08,1.22E-09,3.87E-11,1.40E-05,1.69E-06
MZT1-5D,10/1/19,11:25,7.52,400,0.141,3.423,0.038,3.385,0,0.0062,0,0.3485,0,1.06E-04,3.90E-06,3.68E-04,4.49E-06,1.23E-04,3.02E-06,1.32E-04,1.14E-06,1.65E-05,3.64E-07,1.24E-07,2.99E-09,1.46E-03,1.10E-05,7.47E-07,1.09E-08,3.04E-08,1.48E-09,0,0,2.84E-07,1.16E-08,2.12E-06,2.23E-08,1.13E-06,1.60E-08,1.51E-09,4.91E-11,1.36E-05,2.14E-06
MZT1-5M,5/15/19,,,,,4.263,0.466,3.797,0.0029,0.0126,0,0.076,0,4.06E-04,5.13E-06,2.74E-04,5.73E-06,7.53E-05,2.05E-06,7.67E-05,4.48E-07,1.35E-05,3.28E-07,9.53E-08,1.44E-09,1.69E-03,1.33E-05,2.00E-07,9.12E-09,5.61E-08,1.39E-09,4.07E-08,3.07E-09,3.80E-07,2.45E-08,4.49E-06,4.30E-08,6.90E-07,3.78E-09,8.23E-09,1.44E-10,6.34E-06,2.93E-07
MZT1-5M,6/4/19,14:00,7.56,867,0.198,6.331,0.372,5.958,0.0013,0.0169,0,0.172,0,5.46E-04,6.52E-06,4.19E-04,5.10E-06,1.14E-04,2.91E-06,1.12E-04,1.44E-06,1.37E-05,2.19E-07,2.74E-06,4.45E-08,2.35E-03,3.56E-05,8.65E-07,2.33E-08,7.32E-08,2.17E-09,2.35E-08,8.34E-10,1.75E-07,7.77E-09,6.28E-06,4.72E-08,9.27E-07,9.77E-09,7.67E-09,1.62E-10,8.02E-06,1.25E-06
MZT1-5M,6/10/19,13:15,7.37,531,0.201,6.002,0.315,5.687,0.0011,0.0169,0,0.229,0,4.03E-04,8.16E-06,4.09E-04,9.16E-06,1.13E-04,3.46E-06,1.17E-04,1.33E-06,1.51E-05,3.36E-07,3.62E-06,6.92E-08,2.54E-03,2.77E-05,1.17E-06,3.84E-08,7.15E-08,3.90E-09,1.41E-08,1.18E-09,2.85E-07,6.53E-09,5.30E-06,8.29E-08,8.88E-07,1.19E-08,6.36E-09,2.73E-10,1.03E-05,1.11E-06
MZT1-5M,6/19/19,14:00,7.28,543,0.177,6.69,0.446,6.244,0.0032,0.0173,0,0.138,0,2.53E-04,3.20E-06,4.02E-04,4.33E-06,1.32E-04,1.33E-06,1.38E-04,3.45E-07,1.60E-05,1.75E-07,5.46E-06,8.74E-08,2.49E-03,1.93E-05,1.70E-06,2.34E-08,6.33E-08,3.77E-09,4.68E-09,2.09E-09,1.90E-07,7.37E-09,4.96E-06,8.13E-08,9.03E-07,1.57E-08,6.28E-09,2.54E-10,5.80E-06,2.91E-07
MZT1-5M,6/24/19,12:10,7.23,633,0.281,8.052,0.541,7.511,0.0021,0.0216,0,0.104,0,2.80E-04,1.63E-06,5.39E-04,5.55E-06,1.52E-04,1.58E-06,1.61E-04,7.59E-07,2.21E-05,3.89E-07,1.04E-05,2.27E-07,3.22E-03,3.87E-05,3.78E-06,5.20E-07,9.36E-08,5.22E-09,1.17E-08,1.80E-09,3.98E-07,2.46E-08,6.18E-06,8.58E-08,1.22E-06,1.18E-08,9.20E-09,2.93E-10,6.82E-06,2.43E-07
MZT1-5M,7/2/19,12:50,7.12,665,0.157,7.943,0.495,7.448,0.002,0.0242,0,0.116,0,2.17E-04,5.20E-06,3.95E-04,4.84E-06,1.52E-04,3.42E-06,1.63E-04,7.12E-07,1.80E-05,1.65E-07,9.82E-06,1.23E-07,3.16E-03,5.82E-05,4.92E-06,6.67E-08,7.99E-08,2.55E-09,0,0,2.03E-07,7.46E-09,6.26E-06,4.59E-08,1.27E-06,1.63E-08,8.14E-09,1.72E-10,6.40E-06,2.44E-07
MZT1-5M,7/9/19,12:00,7.05,772,0.242,9.6,0.561,9.04,0.0023,0.0359,0,0.077,0,2.82E-04,6.07E-06,5.64E-04,6.06E-06,1.62E-04,1.99E-06,1.70E-04,1.35E-06,2.34E-05,1.74E-07,1.52E-05,2.99E-07,3.57E-03,3.57E-05,8.28E-06,1.48E-07,9.59E-08,7.04E-09,0,0,1.73E-07,1.03E-08,7.27E-06,7.68E-08,1.50E-06,9.66E-09,1.25E-08,3.45E-10,5.91E-06,2.03E-07
MZT1-5M,7/16/19,13:30,7.01,621,0.11,8.001,0.406,7.595,0.0021,0.0298,0,0.118,0,2.27E-04,5.60E-06,4.71E-04,3.67E-06,1.56E-04,2.93E-06,1.64E-04,1.10E-06,1.99E-05,5.65E-07,1.20E-05,2.02E-07,2.91E-03,3.37E-05,9.25E-06,8.87E-08,8.31E-08,3.50E-09,8.23E-09,1.98E-09,1.86E-07,1.28E-08,5.75E-06,5.82E-08,1.29E-06,1.76E-08,7.05E-09,1.83E-10,6.06E-06,2.95E-07
MZT1-5M,7/25/19,11:55,7.1,593,0.438,6.597,0.29,6.307,0.0022,0.0282,0,0.1104,0,2.08E-04,3.24E-06,4.18E-04,4.13E-06,1.48E-04,2.72E-06,1.55E-04,1.47E-06,1.77E-05,4.76E-07,1.12E-05,1.68E-07,2.45E-03,3.89E-05,8.81E-06,1.20E-07,9.57E-08,2.61E-09,6.99E-09,6.13E-10,2.16E-07,1.73E-08,5.15E-06,7.98E-08,1.26E-06,2.20E-08,5.41E-09,1.53E-10,1.08E-05,4.71E-07
MZT1-5S,6/10/19,13:15,7.56,542,0.481,6.107,0.45,5.656,0.0009,0.0185,0,0.106,0,2.18E-04,5.66E-06,3.57E-04,8.24E-06,1.27E-04,2.32E-06,1.34E-04,1.85E-06,3.69E-05,5.18E-07,2.83E-06,4.60E-08,2.63E-03,4.42E-05,4.95E-07,1.78E-08,8.37E-08,2.71E-09,2.78E-08,6.63E-10,2.20E-07,1.36E-08,7.59E-06,4.60E-08,8.18E-07,6.09E-09,9.40E-09,2.01E-10,7.57E-06,5.67E-07
MZT1-5S,6/19/19,14:00,7.35,626,0.701,7.947,0.606,7.341,0.0033,0.0205,0,0.102,0,1.21E-04,1.03E-06,4.81E-04,6.03E-06,1.65E-04,3.62E-06,1.72E-04,1.23E-06,3.55E-05,5.10E-07,1.10E-05,2.41E-07,3.23E-03,3.27E-05,1.93E-06,1.24E-08,9.15E-08,6.05E-09,1.36E-08,1.95E-09,2.99E-07,1.07E-08,7.42E-06,1.27E-07,1.20E-06,1.11E-08,1.01E-08,1.65E-10,6.36E-06,2.64E-07
MZT1-5XD,5/15/19,,,,,2.258,0.113,2.145,0.0023,0.0063,0,0.325,0,1.08E-04,1.89E-06,4.96E-04,1.30E-05,1.07E-04,3.50E-06,1.11E-04,5.26E-07,3.24E-05,4.47E-07,1.03E-06,1.69E-08,5.12E-04,3.46E-06,1.33E-07,8.30E-09,1.35E-08,3.31E-09,4.58E-09,1.00E-09,2.55E-07,2.41E-08,1.55E-06,1.53E-08,9.16E-07,1.17E-08,0,0,9.49E-06,1.21E-06
MZT1-5XD,6/4/19,14:20,8.05,625,0.35,3.132,0.042,3.09,0.001,0.0083,0,0.39,0,1.03E-04,1.63E-06,4.89E-04,1.33E-05,1.39E-04,4.54E-06,1.32E-04,1.44E-06,1.89E-05,3.60E-07,5.01E-06,8.81E-08,1.47E-03,8.00E-06,8.08E-06,6.05E-08,2.17E-08,2.67E-09,0,0,2.21E-07,9.97E-09,2.28E-06,2.08E-08,1.44E-06,1.81E-08,0,0,1.61E-05,2.61E-06
MZT1-5XD,6/10/19,13:15,7.86,381,0.375,3.136,0.039,3.096,0.0018,0.0084,0,0.38,0,9.78E-05,1.43E-06,4.77E-04,6.66E-06,1.39E-04,3.39E-06,1.41E-04,3.21E-07,2.15E-05,3.16E-07,5.04E-06,6.18E-08,1.62E-03,1.48E-05,6.30E-06,8.13E-08,2.88E-08,3.44E-09,0,0,2.26E-07,8.26E-09,2.15E-06,3.75E-08,1.44E-06,1.47E-08,0,0,1.58E-05,2.36E-06
MZT1-5XD,6/19/19,14:00,7.58,377,0.356,3.397,0.051,3.346,0.0033,0.0108,0,0.338,0,8.97E-05,2.13E-06,4.60E-04,1.44E-05,1.38E-04,3.46E-06,1.43E-04,1.39E-06,2.13E-05,2.42E-07,5.58E-06,1.17E-07,1.57E-03,1.72E-05,9.00E-06,1.15E-07,1.49E-08,4.32E-09,0,0,2.23E-07,9.20E-09,1.91E-06,2.62E-08,1.51E-06,1.26E-08,0,0,7.26E-06,5.58E-07
MZT1-5XD,6/24/19,12:10,7.94,398,0.351,3.432,0.055,3.377,0.002,0.0122,0,0.285,0,9.54E-05,1.48E-06,4.58E-04,5.68E-06,1.45E-04,2.53E-06,1.48E-04,1.47E-06,2.20E-05,3.77E-07,5.38E-06,8.86E-08,1.56E-03,1.53E-05,9.21E-06,1.35E-07,1.58E-08,3.60E-09,0,0,2.48E-07,1.17E-08,1.92E-06,1.67E-08,1.49E-06,9.87E-09,0,0,6.75E-06,3.06E-07
MZT1-5XD,7/2/19,12:50,7.71,396,0.287,3.374,0.038,3.336,0.0013,0.0094,0,0.368,0,9.20E-05,1.57E-06,4.64E-04,6.11E-06,1.45E-04,2.28E-06,1.49E-04,8.72E-07,2.28E-05,4.66E-07,5.69E-06,1.51E-07,1.56E-03,1.85E-05,8.60E-06,1.51E-07,0,0,0,0,2.52E-07,1.06E-08,1.96E-06,3.25E-08,1.53E-06,2.53E-08,0,0,7.53E-06,5.00E-07
MZT1-5XD,7/9/19,12:00,7.91,395,0.306,3.381,0.14,3.241,0.0048,0.0099,0,0.372,0,9.29E-05,1.19E-06,4.70E-04,9.38E-06,1.46E-04,2.57E-06,1.51E-04,1.10E-06,2.32E-05,5.86E-07,5.52E-06,1.45E-07,1.59E-03,1.71E-05,8.84E-06,1.30E-07,1.41E-08,3.80E-09,0,0,2.91E-07,1.42E-08,1.98E-06,2.63E-08,1.54E-06,1.44E-08,0,0,7.78E-06,3.60E-07
MZT1-5XD,7/16/19,13:30,7.77,380,0.166,3.286,0.031,3.286,0.0018,0.0072,0,0.381,0,8.95E-05,1.26E-06,4.61E-04,6.12E-06,1.46E-04,2.77E-06,1.49E-04,9.81E-07,2.32E-05,1.93E-07,5.38E-06,6.37E-08,1.55E-03,1.91E-05,7.95E-06,7.12E-08,0,0,0,0,2.08E-07,1.29E-08,1.90E-06,1.23E-08,1.49E-06,1.44E-08,0,0,7.61E-06,5.65E-07
MZT1-5XD,7/25/19,11:55,7.84,384,0.357,3.216,0.022,3.195,0.0016,0.0091,0,0.3684,0,8.32E-05,2.11E-06,4.36E-04,5.40E-06,1.40E-04,3.75E-06,1.53E-04,8.37E-07,2.53E-05,2.50E-07,4.83E-06,9.58E-08,1.43E-03,6.20E-06,4.00E-06,5.36E-08,2.58E-08,2.09E-09,0,0,1.91E-07,2.76E-08,1.96E-06,3.03E-08,1.39E-06,1.23E-08,0,0,1.82E-05,1.78E-06
MZT1-5XD,8/5/19,11:35,8,381,0.368,2.884,0.08,2.805,0.0021,0.0063,0,0.3318,0,8.21E-05,1.51E-06,4.22E-04,7.53E-06,1.42E-04,3.93E-06,1.42E-04,5.38E-07,2.39E-05,4.55E-07,5.11E-06,5.62E-08,1.47E-03,2.03E-05,6.57E-06,6.02E-08,2.70E-08,1.96E-09,0,0,2.43E-07,2.02E-08,1.81E-06,2.17E-08,1.39E-06,2.75E-08,0,0,1.75E-05,1.69E-06
MZT1-5XD,8/12/19,16:15,7.18,370,0.195,2.991,0.05,2.941,0.0017,0.0062,0,0.352,0,7.58E-05,1.24E-06,4.22E-04,6.94E-06,1.41E-04,3.26E-06,1.37E-04,1.35E-06,2.37E-05,4.04E-07,5.22E-06,8.71E-08,1.46E-03,1.26E-05,6.37E-06,2.39E-08,2.59E-08,2.90E-09,0,0,2.47E-07,3.73E-08,1.77E-06,2.45E-08,1.39E-06,1.37E-08,0,0,1.73E-05,2.14E-06
MZT1-5XD,8/28/19,11:40,7.96,358,0.19,3.142,0.05,3.092,0,0.0075,0,0.387,0,7.49E-05,1.90E-06,4.66E-04,5.20E-06,1.53E-04,3.65E-06,1.59E-04,2.27E-06,2.31E-05,3.25E-07,5.24E-06,7.31E-08,1.51E-03,7.64E-06,6.24E-06,6.63E-08,3.18E-08,2.31E-09,0,0,4.81E-07,9.45E-09,1.80E-06,1.87E-08,1.45E-06,8.76E-09,0,0,1.84E-05,2.50E-06
MZT1-5XD,9/17/19,18:10,7.6,375,0.359,2.923,0.066,2.858,0.0013,0.006,0,0.3646,0,8.32E-05,1.58E-06,4.68E-04,7.41E-06,1.46E-04,4.34E-06,1.48E-04,1.08E-06,2.26E-05,2.33E-07,4.45E-06,9.44E-08,1.44E-03,7.37E-06,4.95E-06,3.00E-08,2.57E-08,2.07E-09,0,0,3.32E-07,9.56E-09,1.79E-06,1.51E-08,1.31E-06,6.08E-09,0,0,1.77E-05,2.71E-06
MZT1-5XD,10/1/19,11:35,7.75,374,0.163,3.1,0.039,3.061,0,0.0063,0,0.3844,0,7.84E-05,1.20E-06,4.52E-04,6.16E-06,1.45E-04,3.23E-06,1.53E-04,1.79E-06,2.02E-05,5.00E-07,5.02E-06,1.37E-07,1.31E-03,1.38E-05,5.30E-06,4.68E-08,3.04E-08,4.15E-09,0,0,4.33E-07,1.20E-08,1.75E-06,1.56E-08,1.42E-06,1.87E-08,0,0,1.58E-05,2.40E-06
MZT1-5XXD,5/15/19,,,,,2.626,0.367,2.259,0.0045,0.015,0,0.37,0,1.46E-04,4.55E-06,4.63E-04,1.48E-05,1.16E-04,4.32E-06,1.15E-04,8.27E-07,2.72E-05,4.96E-07,1.35E-06,1.79E-08,6.51E-04,6.92E-06,1.49E-06,2.18E-08,0,0,0,0,4.08E-07,2.80E-08,1.55E-06,1.47E-08,7.84E-07,7.81E-09,0,0,1.30E-05,1.88E-06
MZT1-5XXD,6/4/19,14:30,8.2,548,0.162,2.569,0.08,2.489,0.0013,0.0255,0,0.333,0.0005,7.92E-05,1.01E-06,4.96E-04,7.57E-06,1.38E-04,2.46E-06,1.32E-04,1.29E-06,2.01E-05,2.56E-07,3.89E-06,6.17E-08,1.25E-03,6.46E-06,3.25E-07,2.46E-08,2.47E-08,2.50E-09,0,0,1.74E-07,1.07E-08,2.12E-06,3.43E-08,1.35E-06,1.16E-08,0,0,1.34E-05,2.45E-06
MZT1-5XXD,6/10/19,13:15,8.07,356,0.28,2.781,0.023,2.758,0.0009,0.0051,0,0.373,0,7.68E-05,1.69E-06,4.96E-04,6.42E-06,1.38E-04,3.63E-06,1.40E-04,8.37E-07,2.17E-05,2.49E-07,4.41E-06,8.88E-08,1.47E-03,1.73E-05,4.73E-07,1.58E-08,1.92E-08,2.77E-09,0,0,1.67E-07,9.16E-09,1.94E-06,1.79E-08,1.35E-06,1.42E-08,0,0,1.52E-05,2.55E-06
MZT1-5XXD,6/19/19,14:00,7.98,342,0.261,2.845,0.012,2.833,0.0032,0.0065,0,0.374,0,6.64E-05,1.57E-06,4.61E-04,7.60E-06,1.33E-04,2.57E-06,1.35E-04,2.81E-07,1.84E-05,3.26E-07,3.89E-06,8.18E-08,1.30E-03,1.18E-05,5.97E-07,7.44E-09,2.03E-08,3.17E-09,5.51E-09,5.90E-10,2.21E-07,1.50E-08,1.88E-06,1.58E-08,1.41E-06,3.87E-08,0,0,1.24E-05,1.38E-06
MZT1-5XXD,6/24/19,12:10,8.32,384,0.334,2.98,0.036,2.944,0.002,0.0076,0,0.387,0,6.60E-05,1.48E-06,4.60E-04,4.93E-06,1.35E-04,2.49E-06,1.37E-04,9.12E-07,1.85E-05,1.15E-07,4.46E-06,9.75E-08,1.43E-03,1.31E-05,1.04E-06,1.06E-08,3.23E-08,5.45E-09,8.93E-09,5.74E-10,2.52E-07,1.28E-08,1.90E-06,1.32E-08,1.45E-06,2.13E-08,0,0,1.16E-05,1.49E-06
MZT1-5XXD,7/2/19,12:50,8.01,362,0.391,2.872,0.032,2.84,0.0026,0.0067,0,0.371,0,7.01E-05,1.02E-06,4.58E-04,1.07E-05,1.35E-04,2.12E-06,1.34E-04,1.97E-06,1.96E-05,3.12E-07,4.42E-06,1.05E-07,1.39E-03,1.34E-05,1.14E-06,1.37E-08,7.64E-08,4.70E-09,1.54E-08,8.22E-10,2.41E-07,1.10E-08,1.86E-06,3.75E-08,1.37E-06,1.87E-08,0,0,1.17E-05,1.42E-06
MZT1-5XXD,7/9/19,12:00,8.3,369,0.228,3.026,0.018,3.008,0.0022,0.0066,0,0.387,0,6.92E-05,1.37E-06,4.72E-04,9.32E-06,1.40E-04,4.07E-06,1.39E-04,7.99E-07,2.02E-05,2.66E-07,4.25E-06,8.26E-08,1.44E-03,8.34E-06,9.24E-07,2.60E-08,2.13E-08,3.35E-09,0,0,2.24E-07,1.03E-08,1.89E-06,3.37E-08,1.40E-06,1.79E-08,0,0,1.12E-05,1.14E-06
MZT1-5XXD,7/16/19,13:30,8.12,376,0.368,3.079,0.011,3.079,0.0025,0.0069,0,0.391,0,8.00E-05,2.29E-06,4.62E-04,1.00E-05,1.42E-04,7.30E-06,1.25E-04,6.98E-07,1.95E-05,2.87E-07,4.76E-06,1.15E-07,1.48E-03,9.53E-06,3.48E-07,1.18E-08,2.14E-08,4.44E-09,8.13E-09,7.82E-10,2.70E-07,1.26E-08,1.85E-06,2.37E-08,1.43E-06,1.34E-08,0,0,1.15E-05,1.30E-06
MZT1-5XXD,7/25/19,11:55,7.99,374,0.256,3.184,0.016,3.168,0.0027,0.0075,0,0.3884,0,6.82E-05,1.38E-06,4.52E-04,6.74E-06,1.35E-04,2.51E-06,1.28E-04,5.03E-07,2.33E-05,2.80E-07,4.27E-06,9.85E-08,1.46E-03,3.24E-06,4.51E-07,3.69E-09,2.49E-08,2.29E-09,0,0,2.20E-07,2.47E-08,1.82E-06,1.70E-08,1.35E-06,1.96E-08,0,0,1.70E-05,2.02E-06
MZT1-5XXD,8/5/19,11:35,8.33,363,0.211,2.604,0.067,2.537,0.0023,0.0062,0,0.3458,0,7.06E-05,1.29E-06,4.50E-04,8.87E-06,1.35E-04,3.45E-06,1.25E-04,9.91E-07,2.43E-05,3.53E-07,4.07E-06,7.45E-08,1.32E-03,7.80E-06,5.45E-07,1.00E-08,2.49E-08,2.13E-09,0,0,1.35E-07,2.28E-08,1.80E-06,9.44E-09,1.32E-06,1.17E-08,0,0,1.63E-05,1.92E-06
MZT1-5XXD,8/12/19,16:15,7.53,356,0.334,2.841,0.047,2.794,0.0034,0.0071,0,0.3539,0,6.94E-05,7.32E-07,4.46E-04,3.98E-06,1.35E-04,2.23E-06,1.25E-04,1.35E-06,2.38E-05,5.21E-07,3.69E-06,7.61E-08,1.37E-03,9.72E-06,6.53E-07,4.70E-09,2.42E-08,2.49E-09,0,0,2.04E-07,3.21E-08,1.78E-06,7.46E-09,1.29E-06,2.20E-08,0,0,1.59E-05,1.80E-06
MZT1-5XXD,8/28/19,11:40,7.09,360,0.152,3.024,0,3.024,0.0009,0.007,0,0.3826,0,7.30E-05,1.57E-06,4.84E-04,9.67E-06,1.47E-04,3.99E-06,1.50E-04,8.46E-07,2.35E-05,4.76E-07,3.93E-06,8.86E-08,1.46E-03,1.47E-05,8.18E-07,1.07E-08,2.88E-08,1.97E-09,0,0,1.94E-07,9.56E-09,1.90E-06,1.92E-08,1.40E-06,2.87E-08,0,0,1.86E-05,2.84E-06
MZT1-5XXD,9/17/19,18:20,7.93,364,0.175,,0.016,,0.0022,,,,,8.33E-05,2.00E-06,4.71E-04,6.87E-06,1.40E-04,3.60E-06,1.46E-04,1.84E-06,2.41E-05,5.39E-07,3.51E-06,5.28E-08,1.37E-03,6.54E-06,8.51E-07,7.93E-09,2.43E-08,1.07E-09,0,0,2.34E-07,1.48E-08,1.85E-06,1.69E-08,1.29E-06,2.12E-08,0,0,1.68E-05,2.30E-06
MZT1-5XXD,10/1/19,11:40,7.59,371,0.268,2.924,0.022,2.903,0,0.0076,0,0.3819,,8.00E-05,1.09E-06,4.73E-04,6.25E-06,1.44E-04,3.54E-06,1.50E-04,1.84E-06,2.11E-05,4.98E-07,3.61E-06,7.35E-08,1.32E-03,1.71E-05,1.12E-06,1.41E-08,3.20E-08,1.95E-09,0,0,2.83E-07,1.02E-08,1.87E-06,2.58E-08,1.41E-06,1.36E-08,0,0,1.54E-05,2.40E-06
MZT2-1D,5/15/19,,,,,3.591,0.122,3.469,0.0032,0.0279,0,0.4,0,1.20E-04,4.00E-06,2.97E-04,6.70E-06,8.08E-05,2.20E-06,8.21E-05,7.83E-07,1.57E-05,3.08E-07,3.52E-07,7.16E-09,1.42E-03,1.30E-05,1.08E-07,7.62E-09,2.90E-08,2.50E-09,2.25E-08,1.41E-09,3.82E-07,2.41E-08,2.54E-06,2.39E-08,7.12E-07,6.21E-09,3.02E-09,1.07E-10,1.60E-05,2.76E-06
MZT2-1D,6/5/19,11:05,7.82,571,1.5,2.985,0.103,2.882,0.001,0.0261,0,0.276,0,1.25E-04,1.69E-06,2.73E-04,3.90E-06,1.02E-04,2.53E-06,9.70E-05,1.38E-06,1.21E-05,3.14E-07,4.60E-06,9.60E-08,1.38E-03,1.22E-05,1.18E-05,8.58E-08,4.84E-08,5.11E-09,1.47E-08,1.34E-09,2.37E-07,1.36E-08,3.09E-06,5.24E-08,7.86E-07,1.41E-08,2.36E-09,1.30E-10,9.28E-06,1.62E-06
MZT2-1D,6/11/19,9:35,7.7,269,4.2,2.411,0.109,2.303,0.0011,0.0139,0,0.171,0.0005,1.13E-04,1.80E-06,2.24E-04,6.96E-06,8.33E-05,2.30E-06,6.75E-05,7.29E-07,1.50E-05,1.71E-07,5.29E-08,1.39E-09,1.17E-03,8.44E-06,5.00E-07,2.75E-07,2.75E-08,2.01E-09,9.47E-09,1.13E-09,2.92E-07,2.33E-08,1.85E-06,1.68E-08,6.10E-07,7.19E-09,1.86E-09,5.32E-11,9.31E-06,6.52E-07
MZT2-1D,6/18/19,8:50,7.84,245,4.3,1.96,0.105,1.855,0.0011,0.0076,0,0.161,0.0009,7.16E-05,2.18E-06,2.15E-04,5.31E-06,8.36E-05,1.89E-06,9.00E-05,1.26E-06,1.48E-05,2.48E-07,7.70E-08,1.09E-09,9.75E-04,8.44E-06,1.06E-07,6.91E-09,2.03E-08,3.32E-09,6.94E-09,1.10E-09,2.13E-07,2.31E-08,1.67E-06,2.45E-08,5.60E-07,3.02E-09,1.66E-09,1.38E-10,9.07E-06,8.70E-07
MZT2-1D,6/25/19,10:00,7.53,390,1.6,3.585,0.128,3.457,0.0008,0.0138,0,0.182,0,9.07E-05,2.09E-06,3.56E-04,6.88E-06,1.10E-04,3.18E-06,1.08E-04,5.60E-07,1.42E-05,1.83E-07,1.02E-07,3.40E-09,1.63E-03,1.11E-05,2.59E-07,6.24E-09,3.04E-08,4.90E-09,9.61E-09,8.27E-10,2.11E-07,8.37E-09,2.69E-06,3.69E-08,8.88E-07,1.36E-08,3.21E-09,7.01E-11,6.95E-06,6.68E-07
MZT2-1D,7/2/19,11:25,8.28,237,3.4,1.883,0.079,1.803,0.002,0.0073,0,0.161,0.0008,5.21E-05,1.20E-06,2.02E-04,1.99E-06,7.81E-05,1.42E-06,7.56E-05,5.00E-07,1.06E-05,1.64E-07,7.12E-08,1.55E-09,9.08E-04,1.09E-05,1.70E-07,5.61E-09,1.45E-08,3.47E-09,6.61E-09,8.87E-10,1.52E-07,1.08E-08,1.49E-06,1.84E-08,4.72E-07,1.02E-08,1.32E-09,1.00E-10,5.23E-06,6.51E-07
MZT2-1D,7/10/19,9:10,7.36,311,0.809,2.734,0.093,2.641,0.002,0.0077,0,0.154,0,7.24E-05,1.02E-06,2.74E-04,4.56E-06,1.11E-04,2.17E-06,1.08E-04,7.00E-07,1.22E-05,1.77E-07,4.62E-07,1.08E-08,1.25E-03,6.85E-06,5.40E-07,1.37E-08,2.64E-08,4.64E-09,9.37E-09,7.00E-10,2.25E-07,1.09E-08,2.08E-06,1.89E-08,7.28E-07,1.17E-08,2.05E-09,1.13E-10,6.01E-06,4.70E-07
MZT2-1D,7/17/19,9:45,7.3,505,0.452,4.935,0.171,4.764,0.0029,0.0083,0,0.1114,0,8.83E-05,1.72E-06,3.75E-04,8.01E-06,1.43E-04,2.88E-06,1.29E-04,1.03E-06,1.79E-05,2.38E-07,1.35E-05,2.42E-07,2.28E-03,3.53E-05,2.19E-06,1.93E-08,6.40E-08,8.72E-10,0,0,2.50E-07,1.90E-08,4.17E-06,1.22E-08,1.32E-06,1.92E-08,5.19E-09,1.36E-10,8.95E-06,5.41E-07
MZT2-1D,7/25/19,14:10,6.84,705,0.218,5.531,0.227,5.304,0.0032,0.005,0,0.0645,0,1.01E-04,9.19E-07,4.71E-04,6.24E-06,1.79E-04,3.31E-06,1.69E-04,1.17E-06,1.95E-05,2.21E-07,4.37E-05,5.73E-07,3.32E-03,5.97E-05,7.27E-06,6.49E-08,1.05E-07,3.63E-09,0,0,2.48E-07,2.74E-08,6.00E-06,5.38E-08,1.80E-06,2.19E-08,7.00E-09,2.09E-10,8.89E-06,3.45E-07
MZT2-1D,8/5/19,13:15,6.95,689,0.261,5.783,0.293,5.489,0.0032,0.0057,0,0.1082,0,9.58E-05,1.55E-06,4.32E-04,5.57E-06,1.79E-04,4.38E-06,1.70E-04,2.48E-06,1.79E-05,3.49E-07,5.00E-05,6.66E-07,3.24E-03,3.79E-05,3.30E-05,1.67E-07,1.19E-07,3.40E-09,0,0,2.28E-07,2.00E-08,5.89E-06,7.11E-08,1.78E-06,1.46E-08,6.56E-09,2.86E-10,9.49E-06,5.18E-07
MZT2-1D,8/28/19,13:25,7.28,406,0.222,2.944,0.076,2.868,0.0016,0.0075,0,0.1751,0,6.26E-05,1.06E-06,2.78E-04,6.67E-06,1.15E-04,2.87E-06,1.17E-04,1.09E-06,1.85E-05,2.38E-07,5.40E-06,1.14E-07,1.39E-03,5.82E-06,7.76E-06,5.42E-08,3.54E-08,1.59E-09,0,0,4.26E-07,1.17E-08,2.31E-06,7.39E-09,7.74E-07,1.09E-08,2.01E-09,1.14E-10,1.10E-05,1.14E-06
MZT2-1D,9/18/19,11:00,7.42,388,0.16,3.513,0.13,3.382,0.0026,0.009,0,0.2078,0,8.31E-05,8.34E-07,2.70E-04,5.19E-06,1.27E-04,3.12E-06,1.28E-04,1.37E-06,1.53E-05,3.28E-07,1.34E-05,2.09E-07,1.73E-03,1.42E-05,4.10E-05,1.74E-07,5.11E-08,1.56E-09,0,0,2.29E-07,8.56E-09,3.02E-06,2.13E-08,9.01E-07,8.13E-09,2.10E-09,1.44E-10,1.25E-05,1.01E-06
MZT2-1M,6/5/19,11:05,7.47,1081,1.3,6.823,0.404,6.419,0.0016,0.0258,0,0.825,0,2.01E-04,3.67E-06,5.35E-04,8.08E-06,1.31E-04,2.27E-06,1.28E-04,1.05E-06,1.66E-05,2.82E-07,3.92E-06,5.70E-08,3.19E-03,3.63E-05,1.26E-06,2.39E-08,9.32E-08,7.42E-09,1.66E-08,1.32E-09,2.97E-07,6.68E-09,7.42E-06,5.64E-08,9.64E-07,8.87E-09,1.38E-08,2.13E-10,2.76E-05,5.35E-06
MZT2-1M,6/11/19,9:35,7.21,635,2.3,9.101,0.251,8.849,0.0026,0.0141,0,0.508,0,1.46E-04,2.28E-06,4.92E-04,9.48E-06,1.30E-04,3.38E-06,1.20E-04,1.06E-06,2.03E-05,3.37E-07,1.97E-05,2.37E-07,3.61E-03,5.06E-05,8.30E-06,8.93E-08,1.17E-07,4.11E-09,1.10E-08,1.21E-09,3.96E-07,2.39E-08,6.42E-06,6.38E-08,1.30E-06,1.13E-08,1.17E-08,1.61E-10,1.87E-05,2.18E-06
MZT2-1M,6/18/19,8:50,7.11,682,0.815,9.076,0.276,8.8,0.0031,0.0111,0,0.392,0,1.54E-04,6.83E-06,5.71E-04,2.09E-05,1.55E-04,5.45E-06,1.66E-04,1.36E-06,2.04E-05,5.87E-07,3.28E-05,5.95E-07,3.87E-03,5.79E-05,1.44E-05,2.03E-07,1.35E-07,5.71E-09,4.42E-09,1.13E-09,2.73E-07,2.32E-08,7.08E-06,9.58E-08,1.45E-06,1.69E-08,1.33E-08,2.71E-10,1.72E-05,2.02E-06
MZT2-1M,6/25/19,10:00,7.1,697,0.534,7.618,0.323,7.295,0.0027,0.0157,0,0.265,0,1.37E-04,3.90E-06,4.72E-04,2.04E-05,1.59E-04,5.09E-06,2.56E-04,2.44E-05,1.54E-05,3.77E-07,2.18E-05,4.02E-07,2.90E-03,1.27E-04,9.01E-06,2.04E-07,1.06E-07,3.82E-09,7.06E-09,8.44E-10,2.30E-07,1.52E-08,5.84E-06,5.48E-08,1.18E-06,1.49E-08,1.04E-08,2.00E-10,1.02E-05,7.12E-07
MZT2-1M,7/3/19,11:25,7.24,784,0.198,9.026,0.37,8.656,0.0026,0.013,0,0.207,0,1.37E-04,3.47E-06,5.68E-04,1.43E-05,1.87E-04,3.73E-06,1.94E-04,1.79E-06,1.65E-05,1.69E-07,3.82E-05,1.37E-06,3.75E-03,2.63E-05,2.37E-05,2.01E-07,1.27E-07,8.80E-09,1.05E-08,8.12E-10,2.59E-07,1.25E-08,6.70E-06,7.60E-08,1.41E-06,1.54E-08,1.26E-08,3.84E-10,1.04E-05,8.02E-07
MZT2-1M,7/10/19,9:10,7.05,679,0.273,8.293,0.427,7.866,0.0019,0.0127,0,0.142,0,1.29E-04,2.54E-06,5.03E-04,1.18E-05,2.09E-04,5.20E-06,2.13E-04,1.11E-06,1.81E-05,2.84E-07,3.98E-05,1.65E-06,3.39E-03,3.87E-05,2.99E-05,2.09E-07,1.28E-07,5.38E-09,6.22E-09,9.42E-10,1.90E-07,1.04E-08,6.40E-06,5.82E-08,1.35E-06,1.09E-08,1.07E-08,2.20E-10,1.04E-05,4.53E-07
MZT2-1M,7/17/19,9:45,7.01,811,0.33,6.368,0.437,5.931,0.0047,0.0117,0,0.092,0,1.35E-04,3.22E-06,5.26E-04,1.09E-05,2.34E-04,6.74E-06,2.21E-04,1.64E-06,2.26E-05,3.98E-07,4.09E-05,8.57E-07,3.78E-03,4.06E-05,4.02E-05,2.28E-07,1.54E-07,5.08E-09,0,0,2.14E-07,2.61E-08,7.26E-06,4.56E-08,1.66E-06,1.29E-08,1.17E-08,3.33E-10,1.21E-05,4.25E-07
MZT2-1M,7/25/19,14:10,6.81,948,1.019,8.659,0.378,8.282,0.0035,0.0068,0,0.0461,0,1.64E-04,4.98E-06,6.24E-04,1.18E-05,2.17E-04,6.97E-06,2.05E-04,1.05E-06,2.13E-05,4.67E-07,6.42E-05,1.04E-06,4.76E-03,2.81E-05,4.58E-05,6.59E-07,2.03E-07,7.66E-09,0,0,2.62E-07,1.57E-08,9.15E-06,1.24E-07,2.32E-06,1.59E-08,1.28E-08,2.94E-10,1.04E-05,4.63E-07
MZT2-1S,6/11/19,9:35,7.38,604,1.5,6.823,0.311,6.513,0,0.0143,0,0.429,0,1.55E-04,2.61E-06,4.19E-04,6.17E-06,1.25E-04,2.30E-06,1.17E-04,5.72E-07,2.28E-05,2.58E-07,7.69E-06,5.46E-08,2.96E-03,4.97E-05,7.41E-07,1.75E-08,8.78E-08,4.86E-09,1.64E-08,1.06E-09,5.04E-07,2.28E-08,7.06E-06,3.01E-08,9.00E-07,9.14E-09,1.25E-08,2.95E-10,1.80E-05,1.98E-06
MZT2-1S,6/18/19,8:50,7.21,598,1.3,6.691,0.291,6.4,0.0018,0.0111,0,0.31,0,1.25E-04,2.70E-06,4.47E-04,7.73E-06,1.43E-04,4.03E-06,1.57E-04,7.50E-07,2.21E-05,2.77E-07,1.58E-05,2.74E-07,2.91E-03,3.83E-05,3.77E-06,3.01E-08,9.61E-08,4.46E-09,8.24E-09,1.11E-09,4.12E-07,2.30E-08,6.78E-06,6.37E-08,9.76E-07,1.16E-08,1.23E-08,2.99E-10,1.32E-05,1.54E-06
MZT2-1S,7/3/19,11:25,7.31,641,0.495,7.538,0.296,7.242,0.0025,0.0139,0,0.179,0,1.08E-04,1.30E-06,3.50E-04,1.15E-05,1.47E-04,4.28E-06,1.31E-04,8.53E-07,1.51E-05,2.17E-07,2.00E-05,4.13E-07,3.06E-03,1.52E-05,9.17E-06,2.26E-08,9.71E-08,4.78E-09,8.10E-09,1.30E-09,3.47E-07,7.85E-09,7.18E-06,6.12E-08,1.14E-06,1.53E-08,1.03E-08,3.06E-10,7.96E-06,3.91E-07
MZT2-1XD,5/15/19,,,,,2.609,0.099,2.51,0.0018,0.0223,0,0.403,0.0008,1.24E-04,2.28E-06,4.01E-04,9.79E-06,9.86E-05,2.36E-06,1.03E-04,1.04E-06,1.94E-05,3.24E-07,7.75E-08,2.63E-09,1.40E-03,1.10E-05,0,0,2.84E-08,2.41E-09,1.44E-08,1.17E-09,4.93E-06,3.92E-08,2.22E-06,2.08E-08,1.16E-06,1.17E-08,1.74E-09,1.03E-10,1.49E-05,2.26E-06
MZT2-1XD,6/5/19,11:10,8.26,444,4.7,2.273,0.107,2.166,0.0008,0.0199,0,0.274,0.0025,1.00E-04,1.60E-06,2.99E-04,5.30E-06,1.03E-04,2.26E-06,9.57E-05,1.20E-06,1.34E-05,3.20E-07,2.97E-08,7.28E-10,9.89E-04,7.36E-06,0,0,2.35E-08,3.83E-09,5.56E-09,1.11E-09,1.28E-06,2.18E-08,2.00E-06,3.62E-08,9.27E-07,9.89E-09,1.09E-09,1.25E-10,7.86E-06,1.43E-06
MZT2-1XD,6/11/19,9:35,8.11,230,6.4,2.083,0.11,1.974,0.0009,0.0122,0,0.162,0.0029,9.06E-05,1.79E-06,2.39E-04,5.46E-06,9.41E-05,1.87E-06,7.70E-05,1.50E-06,1.64E-05,2.28E-07,1.14E-08,5.41E-10,9.83E-04,6.84E-06,0,0,1.63E-08,2.88E-09,5.86E-09,9.42E-10,9.47E-07,2.44E-08,1.32E-06,1.82E-08,7.78E-07,1.10E-08,8.46E-10,9.24E-11,8.88E-06,9.22E-07
MZT2-1XD,6/18/19,8:50,7.9,211,6.9,1.749,0.102,1.646,0.0011,0.0071,0,0.16,0.0032,5.27E-05,1.07E-06,2.14E-04,6.43E-06,8.52E-05,2.20E-06,9.20E-05,5.73E-07,1.61E-05,3.73E-07,1.67E-08,8.20E-10,8.24E-04,8.73E-06,0,0,1.31E-08,1.58E-09,4.45E-09,1.20E-09,1.11E-06,2.77E-08,1.23E-06,1.45E-08,7.22E-07,7.07E-09,7.91E-10,8.35E-11,8.79E-06,8.54E-07
MZT2-1XD,6/25/19,10:00,7.94,222,6.7,1.809,0.108,1.701,0.0022,0.0128,0,0.176,0.0028,4.99E-05,2.42E-07,2.28E-04,4.82E-06,8.52E-05,1.67E-06,8.40E-05,7.55E-07,1.29E-05,2.51E-07,1.88E-08,6.50E-10,8.76E-04,1.05E-05,1.02E-06,6.11E-09,1.88E-08,3.45E-09,5.45E-09,4.96E-10,6.43E-07,1.78E-08,1.26E-06,6.64E-09,7.06E-07,4.73E-09,8.88E-10,1.28E-10,5.46E-06,7.45E-07
MZT2-1XD,7/3/19,11:25,8.24,202,6.2,1.65,0.077,1.573,0.0022,0.0072,0,0.16,0.0025,4.39E-05,1.14E-06,2.01E-04,3.66E-06,8.24E-05,1.63E-06,7.93E-05,6.50E-07,1.21E-05,3.91E-07,2.28E-08,1.20E-09,7.74E-04,2.44E-06,3.17E-07,6.53E-09,2.01E-08,3.86E-09,8.03E-09,7.95E-10,6.89E-07,1.30E-08,1.12E-06,1.53E-08,6.23E-07,9.32E-09,6.30E-10,1.04E-10,4.62E-06,5.24E-07
MZT2-1XD,7/10/19,9:10,8.23,216,5.9,1.692,0.07,1.622,0.002,0.0056,0,0.185,0.0018,4.36E-05,6.10E-07,2.09E-04,3.08E-06,8.21E-05,9.14E-07,7.99E-05,9.56E-07,1.27E-05,3.14E-07,2.39E-08,7.78E-10,8.30E-04,1.05E-05,1.71E-07,9.74E-09,1.69E-08,5.12E-09,5.46E-09,9.16E-10,6.43E-07,1.14E-08,1.20E-06,1.54E-08,6.61E-07,6.76E-09,7.48E-10,7.79E-11,5.07E-06,6.66E-07
MZT2-1XD,7/17/19,9:45,8.14,214,4.6,1.757,0.072,1.685,0.0018,0.0048,0,0.1986,0.0014,4.21E-05,5.10E-07,2.04E-04,3.10E-06,8.15E-05,1.65E-06,6.69E-05,3.00E-07,1.55E-05,1.45E-07,7.36E-08,1.94E-09,8.08E-04,5.44E-06,8.26E-07,7.19E-09,2.32E-08,1.32E-09,0,0,5.24E-07,2.05E-08,1.24E-06,4.66E-09,7.02E-07,6.53E-09,7.92E-10,8.47E-11,8.54E-06,1.28E-06
MZT2-1XD,7/25/19,14:10,7.88,240,2.6,1.933,0.08,1.853,0.0019,0.0061,0,0.2318,0.0011,4.57E-05,4.03E-07,2.24E-04,3.04E-06,8.39E-05,1.08E-06,8.14E-05,6.65E-07,1.63E-05,1.93E-07,2.02E-07,3.28E-09,8.94E-04,7.85E-06,9.73E-08,4.22E-09,1.72E-08,1.25E-09,0,0,6.95E-07,2.50E-08,1.41E-06,3.55E-09,7.69E-07,5.44E-09,8.70E-10,6.03E-11,9.47E-06,1.34E-06
MZT2-1XD,8/5/19,13:15,8.15,290,1.8,2.193,0.063,2.131,0.0016,0.0075,0,0.2765,0.0007,5.60E-05,1.48E-06,2.73E-04,4.54E-06,9.45E-05,1.64E-06,8.68E-05,1.28E-06,1.89E-05,3.66E-07,1.67E-07,4.16E-09,1.09E-03,1.58E-05,2.73E-07,2.50E-09,2.03E-08,1.69E-09,0,0,1.02E-06,1.86E-08,1.69E-06,1.36E-08,9.50E-07,9.48E-09,1.17E-09,3.62E-11,1.11E-05,1.68E-06
MZT2-1XD,8/12/19,17:35,7.76,344,0.178,2.823,0.079,2.744,0.0018,0.0084,0,0.3336,0,7.16E-05,9.58E-07,3.50E-04,5.44E-06,1.08E-04,2.15E-06,1.01E-04,5.84E-07,2.17E-05,5.15E-07,6.99E-08,1.34E-09,1.41E-03,1.36E-05,1.42E-07,2.89E-09,2.70E-08,1.54E-09,0,0,6.69E-07,2.66E-08,2.13E-06,1.91E-08,1.23E-06,2.23E-08,1.70E-09,6.18E-11,1.30E-05,2.00E-06
MZT2-1XD,8/28/19,13:25,7.76,360,0.092,3.14,0.049,3.091,0.0008,0.0063,0,0.3557,0,7.83E-05,1.53E-06,3.99E-04,5.97E-06,1.16E-04,2.12E-06,1.17E-04,1.57E-06,2.29E-05,2.82E-07,1.57E-07,3.80E-09,1.56E-03,1.53E-05,3.04E-07,3.13E-09,2.90E-08,3.10E-09,0,0,1.28E-06,5.64E-09,2.33E-06,2.03E-08,1.33E-06,1.56E-08,1.96E-09,1.19E-10,1.70E-05,2.28E-06
MZT2-1XD,9/18/19,11:10,7.61,383,0.14,3.142,0.09,3.053,0.0019,0.0055,0,0.3805,0,8.22E-05,2.20E-06,4.21E-04,6.35E-06,1.15E-04,3.05E-06,1.19E-04,9.59E-07,2.17E-05,4.47E-07,3.41E-07,7.81E-09,1.62E-03,1.65E-05,5.24E-06,2.08E-08,3.00E-08,1.44E-09,1.25E-07,9.67E-10,2.05E-06,2.98E-08,2.41E-06,2.34E-08,1.29E-06,1.56E-08,1.85E-09,1.10E-10,1.73E-05,2.51E-06
MZT2-1XD,10/1/19,12:00,7.74,368,,3.166,0.012,3.153,0,0.0066,0,0.3931,0,,,,,,,,,,,,,,,,,,,,,,,,,,,,,,
MZT2-2D,5/15/19,,,,,3.191,0.112,3.079,0.0017,0.0105,0,0.058,0,7.50E-05,1.80E-06,2.51E-04,9.25E-06,8.21E-05,2.48E-06,8.39E-05,6.77E-07,1.02E-05,2.22E-07,1.77E-08,9.41E-10,1.37E-03,9.64E-06,0,0,3.53E-08,1.47E-09,5.05E-09,1.35E-09,2.84E-07,2.32E-08,2.26E-06,4.62E-08,7.19E-07,1.09E-08,1.79E-09,7.20E-11,5.85E-06,2.96E-07
MZT2-2D,6/5/19,11:55,7.68,916,0.116,5.566,0.137,5.43,0,0.0908,0,0.534,0,9.63E-05,2.05E-06,5.38E-04,1.53E-05,1.21E-04,3.11E-06,1.15E-04,1.41E-06,1.35E-05,2.97E-07,6.35E-08,1.89E-09,2.51E-03,4.39E-05,0,0,6.12E-08,4.40E-09,0,0,3.05E-07,1.20E-08,4.73E-06,7.83E-08,1.57E-06,1.28E-08,3.66E-09,1.85E-10,1.90E-05,3.48E-06
MZT2-2D,6/11/19,10:40,7.87,316,3.8,2.946,0.093,2.853,0.001,0.0162,0,0.193,0,1.09E-04,2.42E-06,2.48E-04,7.23E-06,8.98E-05,2.56E-06,7.13E-05,9.51E-07,1.28E-05,2.41E-07,7.38E-09,7.43E-10,1.44E-03,1.02E-05,0,0,2.82E-08,1.97E-09,5.26E-08,2.42E-09,3.96E-07,2.38E-08,1.84E-06,2.30E-08,7.63E-07,9.22E-09,1.55E-09,1.28E-10,9.34E-06,7.84E-07
MZT2-2D,6/18/19,9:30,7.84,258,3.1,2.24,0.089,2.151,0.001,0.0103,0,0.162,0,8.75E-05,2.70E-06,2.16E-04,3.86E-06,8.46E-05,1.98E-06,9.07E-05,5.47E-07,1.28E-05,1.73E-07,1.12E-08,6.81E-10,1.10E-03,8.77E-06,6.14E-08,7.21E-09,2.25E-08,1.68E-09,0,0,2.55E-07,2.39E-08,1.58E-06,2.71E-08,6.63E-07,5.57E-09,1.29E-09,8.27E-11,9.10E-06,6.89E-07
MZT2-2D,6/25/19,10:30,7.89,291,0.949,2.618,0.087,2.531,0.0017,0.0127,0,0.167,0,9.01E-05,1.28E-06,2.48E-04,1.59E-06,9.08E-05,1.32E-06,9.02E-05,2.59E-07,1.04E-05,7.31E-08,1.00E-08,4.97E-10,1.25E-03,3.75E-06,1.10E-07,7.49E-09,2.26E-08,5.57E-09,5.15E-09,9.98E-10,2.35E-07,1.80E-08,1.69E-06,3.44E-08,6.85E-07,9.55E-09,1.20E-09,5.82E-11,4.91E-06,4.84E-07
MZT2-2D,7/3/19,12:00,8.1,274,2.2,2.307,0.072,2.235,0.0018,0.0082,0,0.174,0,8.01E-05,1.94E-06,2.25E-04,4.91E-06,8.86E-05,1.82E-06,8.59E-05,8.32E-07,1.06E-05,2.25E-07,2.15E-08,8.78E-10,1.13E-03,1.51E-05,1.79E-07,2.23E-08,2.41E-08,4.18E-09,8.96E-09,1.46E-09,2.28E-07,7.99E-09,1.53E-06,6.80E-09,6.21E-07,4.40E-09,1.02E-09,1.64E-10,5.05E-06,7.23E-07
MZT2-2D,7/10/19,9:40,7.85,311,0.181,2.793,0.076,2.717,0.002,0.0115,0,0.175,0,9.35E-05,1.32E-06,2.56E-04,4.67E-06,9.61E-05,1.51E-06,9.59E-05,3.18E-07,1.19E-05,2.27E-07,7.24E-08,1.68E-09,1.33E-03,1.25E-05,1.73E-07,9.37E-09,2.69E-08,5.86E-09,5.14E-09,6.96E-10,2.36E-07,1.10E-08,1.82E-06,2.44E-08,7.35E-07,5.63E-09,1.33E-09,1.17E-10,5.23E-06,7.23E-07
MZT2-2D,7/17/19,10:10,7.8,325,0.156,3.16,0.079,3.081,0.0016,0.0132,0,0.159,0,9.77E-05,2.75E-06,2.61E-04,6.44E-06,9.77E-05,2.49E-06,9.02E-05,8.44E-07,1.50E-05,3.18E-07,1.43E-07,1.64E-09,1.36E-03,1.16E-05,2.77E-07,3.31E-09,3.23E-08,3.09E-09,0,0,1.95E-07,2.64E-08,2.02E-06,1.75E-08,8.39E-07,1.15E-08,1.64E-09,8.72E-11,7.99E-06,8.28E-07
MZT2-2D,7/25/19,13:55,7.65,348,0.128,3.218,0.059,3.159,0.0018,0.0109,0,0.1484,0,1.01E-04,9.56E-07,2.70E-04,1.87E-06,1.02E-04,1.33E-06,9.26E-05,6.17E-07,1.54E-05,3.49E-07,1.34E-07,2.17E-09,1.43E-03,1.78E-05,3.99E-07,3.26E-09,3.43E-08,1.53E-09,0,0,3.09E-07,3.12E-08,2.17E-06,1.99E-08,8.58E-07,1.06E-08,1.70E-09,7.31E-11,7.99E-06,1.00E-06
MZT2-2D,8/5/19,12:55,7.93,389,0.258,3.403,0.092,3.311,0.0016,0.0107,0,0.1551,0,1.09E-04,2.02E-06,2.95E-04,5.00E-06,1.11E-04,2.41E-06,1.01E-04,1.14E-06,1.60E-05,3.26E-07,2.14E-07,5.20E-09,1.60E-03,1.84E-05,8.60E-07,7.34E-09,3.66E-08,1.68E-09,0,0,2.90E-07,1.71E-08,2.40E-06,2.68E-08,9.45E-07,1.12E-08,1.86E-09,9.96E-11,8.18E-06,6.59E-07
MZT2-2D,8/12/19,17:25,7.58,314,0.126,2.789,0.075,2.713,0.0019,0.0116,0,0.1893,0,1.18E-04,2.59E-06,2.47E-04,4.03E-06,1.02E-04,1.83E-06,9.17E-05,7.50E-07,1.53E-05,3.12E-07,2.00E-07,4.96E-09,1.33E-03,1.15E-05,6.10E-07,4.62E-09,3.00E-08,1.42E-09,0,0,2.03E-07,1.66E-08,1.95E-06,2.36E-08,7.88E-07,7.25E-09,1.40E-09,4.86E-11,9.05E-06,1.18E-06
MZT2-2D,8/28/19,13:15,7.21,347,0.125,2.584,0.053,2.531,0.0007,0.0089,0,0.2561,0,7.52E-05,2.45E-06,2.44E-04,8.47E-06,9.87E-05,2.69E-06,1.01E-04,4.25E-07,1.43E-05,2.65E-07,1.94E-07,4.34E-09,1.31E-03,1.10E-05,5.83E-07,6.72E-09,2.87E-08,2.89E-09,0,0,6.38E-07,6.44E-09,1.85E-06,1.87E-08,7.36E-07,1.18E-08,1.58E-09,1.03E-10,1.32E-05,1.67E-06
MZT2-2D,9/18/19,10:55,7.88,377,0.175,3.044,0.045,2.999,0.001,0.0102,0,0.3206,0,8.20E-05,1.93E-06,3.08E-04,6.70E-06,1.02E-04,3.01E-06,1.04E-04,1.17E-06,1.54E-05,2.62E-07,2.71E-07,6.40E-09,1.61E-03,7.25E-06,7.74E-07,5.68E-09,3.08E-08,2.19E-09,0,0,5.87E-07,1.81E-08,2.19E-06,3.88E-08,8.70E-07,1.57E-08,1.90E-09,2.44E-10,1.55E-05,2.51E-06
MZT2-2D,10/1/19,12:10,7.62,364,,3.177,0.044,3.133,0,0.007,0,0.3522,,,,,,,,,,,,,,,,,,,,,,,,,,,,,,,
MZT2-2S,5/15/19,,,,,2.959,0.156,2.803,0.0016,0.0064,0,0.036,0,9.92E-05,2.52E-06,1.65E-04,4.55E-06,7.92E-05,2.22E-06,8.09E-05,9.09E-07,9.24E-06,2.31E-07,3.28E-08,7.35E-10,1.44E-03,9.30E-06,0,0,2.58E-08,2.56E-09,9.70E-09,1.43E-09,2.73E-07,2.33E-08,9.29E-06,1.61E-07,6.45E-07,7.10E-09,6.91E-09,1.28E-10,5.00E-06,1.11E-07
MZT2-2S,6/5/19,11:55,7.77,740,2.8,4.802,0.147,4.655,0.001,0.0533,0,0.158,0,6.95E-05,2.25E-06,2.61E-04,5.62E-06,1.01E-04,3.63E-06,9.43E-05,3.73E-07,6.92E-06,1.71E-07,8.26E-09,8.16E-10,2.00E-03,1.64E-05,0,0,4.31E-08,3.34E-09,8.21E-09,1.20E-09,2.98E-07,1.05E-08,6.91E-06,1.60E-07,8.88E-07,9.51E-09,6.78E-09,1.72E-10,6.10E-06,7.93E-07
MZT2-2S,6/11/19,10:40,7.58,500,2.7,5.222,0.129,5.094,0.0011,0.0388,0,0.381,0,8.94E-05,2.27E-06,3.10E-04,9.19E-06,9.96E-05,1.96E-06,8.41E-05,5.78E-07,9.94E-06,1.79E-07,1.54E-08,7.16E-10,2.71E-03,2.02E-05,1.94E-07,9.17E-09,4.30E-08,1.68E-09,1.03E-08,1.41E-09,4.13E-07,2.53E-08,4.19E-06,2.11E-08,1.02E-06,5.19E-09,7.31E-09,1.99E-10,1.52E-05,2.26E-06
MZT2-2S,6/18/19,9:30,7.63,346,2,3.092,0.106,2.987,0.001,0.0141,0,0.185,0,6.65E-05,8.22E-07,2.27E-04,5.93E-06,8.98E-05,2.45E-06,9.55E-05,1.07E-06,9.33E-06,2.49E-07,1.27E-08,6.94E-10,1.69E-03,1.89E-05,0,0,3.03E-08,1.91E-09,5.98E-09,1.19E-09,3.23E-07,2.32E-08,2.71E-06,2.69E-08,7.18E-07,9.70E-09,4.01E-09,1.72E-10,9.73E-06,1.09E-06
MZT2-2S,6/25/19,10:30,7.44,386,0.313,3.91,0.124,3.786,0.002,0.0194,0,0.199,0,6.68E-05,5.52E-07,2.47E-04,4.76E-06,9.67E-05,1.63E-06,9.55E-05,1.23E-06,6.23E-06,2.03E-07,1.60E-08,1.33E-09,1.92E-03,1.70E-05,2.28E-07,1.26E-08,3.51E-08,3.49E-09,1.17E-08,1.28E-09,3.02E-07,9.52E-09,2.89E-06,2.96E-08,7.93E-07,2.85E-09,5.56E-09,1.75E-10,5.81E-06,6.64E-07
MZT2-2S,7/3/19,12:00,7.58,381,0.208,3.612,0.099,3.513,0.0019,0.0158,0,0.184,0,8.46E-05,1.37E-06,2.22E-04,4.94E-06,9.44E-05,2.03E-06,9.29E-05,8.13E-07,6.42E-06,1.48E-07,9.44E-08,2.27E-09,1.79E-03,7.36E-06,2.20E-07,9.74E-09,2.91E-08,3.48E-09,7.95E-09,1.43E-09,2.96E-07,1.08E-08,2.68E-06,4.01E-08,7.33E-07,9.45E-09,3.91E-09,2.02E-10,5.30E-06,6.81E-07
MZT2-2S,7/10/19,9:40,7.35,448,0.244,4.851,0.134,4.717,0.0022,0.0214,0,0.17,0,9.52E-05,1.80E-06,2.65E-04,1.37E-06,1.15E-04,1.56E-06,1.12E-04,7.97E-07,7.00E-06,2.01E-07,2.29E-07,7.34E-09,2.27E-03,8.65E-06,3.05E-07,1.54E-08,4.19E-08,4.95E-09,1.06E-08,1.24E-09,2.86E-07,8.49E-09,3.41E-06,2.50E-08,9.54E-07,1.03E-08,5.72E-09,1.85E-10,5.88E-06,6.64E-07
MZT2-2S,7/17/19,10:10,7.47,479,0.107,3.956,0.119,3.837,0.0018,0.0202,0,0.1511,0,9.41E-05,1.39E-06,2.54E-04,4.47E-06,1.13E-04,2.18E-06,1.06E-04,6.67E-07,9.55E-06,1.41E-07,3.57E-07,7.05E-09,2.21E-03,1.51E-05,2.61E-07,6.00E-09,4.45E-08,1.85E-09,0,0,2.11E-07,2.50E-08,3.76E-06,2.91E-08,1.02E-06,1.17E-08,5.47E-09,1.52E-10,7.88E-06,6.51E-07
MZT2-2S,7/25/19,13:55,7.2,506,0.205,4.665,0.141,4.524,0.0023,0.0239,0,0.1319,0,9.70E-05,1.13E-06,2.78E-04,3.40E-06,1.24E-04,1.89E-06,1.18E-04,8.36E-07,1.02E-05,2.25E-07,4.95E-07,1.02E-08,2.41E-03,1.24E-05,5.39E-07,3.21E-09,4.83E-08,3.89E-09,0,0,2.40E-07,4.31E-08,4.37E-06,3.95E-08,1.17E-06,1.49E-08,6.67E-09,2.03E-10,7.83E-06,3.77E-07
MZT2-2S,8/5/19,12:55,7.25,560,0.58,5.094,0.173,4.921,0.0021,0.0287,0,0.0989,0,1.02E-04,1.55E-06,3.09E-04,4.95E-06,1.44E-04,3.45E-06,1.37E-04,1.19E-06,1.10E-05,2.41E-07,8.65E-07,1.40E-08,2.72E-03,1.99E-05,1.00E-06,1.54E-08,5.49E-08,2.11E-09,0,0,1.41E-07,2.01E-08,6.43E-06,1.14E-07,1.39E-06,2.72E-08,9.03E-09,2.25E-10,8.43E-06,3.55E-07
MZT2-3D,5/15/19,,,,,2.159,0.152,2.007,0.0033,0.0065,0,0.073,0,4.39E-05,1.56E-06,1.78E-04,3.47E-06,6.23E-05,2.36E-06,6.45E-05,7.83E-07,1.09E-05,2.47E-07,1.50E-08,1.07E-09,9.36E-04,4.95E-06,2.50E-07,1.42E-08,2.13E-08,2.43E-09,1.06E-08,1.33E-09,2.28E-07,2.30E-08,1.58E-06,1.82E-08,4.89E-07,6.79E-09,1.13E-09,1.23E-10,5.75E-06,2.16E-07
MZT2-3D,6/5/19,12:20,7.92,631,1.8,3.242,0.11,3.132,0.0016,0.0285,0,0.317,0,8.90E-05,1.31E-06,3.52E-04,5.28E-06,1.01E-04,2.80E-06,9.09E-05,1.17E-06,1.33E-05,2.06E-07,1.06E-08,8.05E-10,1.43E-03,2.31E-05,4.44E-07,2.62E-08,3.84E-08,2.55E-09,1.40E-08,8.87E-10,2.04E-07,1.29E-08,2.95E-06,8.37E-08,1.05E-06,7.91E-09,1.94E-09,1.07E-10,9.78E-06,1.92E-06
MZT2-3D,6/11/19,11:55,7.75,338,,3.241,0.104,3.137,0.0018,0.0179,0,0.22,0,1.11E-04,2.08E-06,3.18E-04,8.14E-06,9.73E-05,4.13E-06,7.83E-05,6.30E-07,1.74E-05,3.29E-07,1.17E-08,6.15E-10,1.56E-03,1.28E-05,4.46E-07,1.27E-08,4.65E-08,2.89E-09,2.65E-08,1.86E-09,3.22E-07,2.37E-08,2.07E-06,2.04E-08,9.26E-07,1.18E-08,1.57E-09,6.79E-11,1.08E-05,1.26E-06
MZT2-3D,6/18/19,9:50,7.57,294,2.5,2.636,0.1,2.537,0.0012,0.0101,0,0.174,0,8.74E-05,1.92E-06,2.84E-04,5.59E-06,9.46E-05,2.54E-06,1.03E-04,6.13E-07,1.63E-05,2.11E-07,9.34E-09,7.12E-10,1.26E-03,9.05E-06,0,0,2.17E-08,2.68E-09,6.61E-09,1.65E-09,2.37E-07,2.37E-08,1.90E-06,2.26E-08,8.68E-07,5.35E-09,1.43E-09,1.71E-10,9.72E-06,1.03E-06
MZT2-3D,6/25/19,10:45,7.48,306,2.1,2.849,0.097,2.752,0.0017,0.0149,0,0.161,0,7.29E-05,8.69E-07,2.55E-04,3.74E-06,8.85E-05,1.32E-06,6.92E-05,5.18E-07,1.43E-05,2.01E-07,2.30E-08,1.05E-09,1.36E-03,1.99E-05,0,0,1.31E-08,3.46E-09,0,0,1.53E-07,1.34E-08,1.78E-06,2.37E-08,8.08E-07,1.10E-08,1.47E-09,8.45E-11,6.11E-06,5.40E-07
MZT2-3D,7/3/19,12:20,7.56,319,1.5,2.997,0.095,2.901,0.0019,0.0104,0,0.162,0,6.82E-05,8.33E-07,2.53E-04,3.99E-06,9.14E-05,1.26E-06,7.36E-05,9.52E-07,1.48E-05,2.93E-07,2.24E-08,8.90E-10,1.43E-03,1.65E-05,0,0,0,0,0,0,1.31E-07,1.25E-08,1.85E-06,2.45E-08,8.32E-07,9.05E-09,1.51E-09,7.15E-11,6.05E-06,5.93E-07
MZT2-3D,7/10/19,9:55,7.56,311,1.5,2.818,0.081,2.737,0.0018,0.0084,0,0.16,0,6.39E-05,2.08E-06,2.39E-04,4.95E-06,9.05E-05,2.93E-06,7.01E-05,5.24E-07,1.48E-05,1.90E-07,2.04E-08,4.55E-10,1.35E-03,1.21E-05,0,0,0,0,0,0,1.65E-07,9.93E-09,1.74E-06,2.97E-08,7.84E-07,1.17E-08,1.34E-09,9.99E-11,5.67E-06,5.81E-07
MZT2-3D,7/17/19,10:25,7.67,296,0.554,2.689,0.081,2.608,0.0019,0.0063,0,0.1664,0,6.28E-05,1.58E-06,2.41E-04,4.31E-06,9.01E-05,2.05E-06,8.23E-05,6.58E-07,1.55E-05,3.17E-07,3.97E-08,7.71E-10,1.19E-03,1.88E-05,1.37E-07,2.94E-09,2.55E-08,1.53E-09,0,0,2.53E-07,1.64E-08,1.76E-06,1.74E-08,7.79E-07,1.21E-08,1.16E-09,9.12E-11,8.49E-06,1.18E-06
MZT2-3D,7/25/19,13:30,7.57,297,0.535,2.531,0.048,2.483,0.0018,0.0048,0,0.1865,0,6.46E-05,1.30E-06,2.56E-04,3.72E-06,9.54E-05,2.26E-06,8.80E-05,5.62E-07,1.68E-05,3.55E-07,9.72E-08,1.24E-09,1.23E-03,1.07E-05,2.22E-07,1.17E-08,2.55E-08,2.35E-09,0,0,2.23E-07,2.10E-08,1.84E-06,3.14E-08,8.12E-07,8.81E-09,1.21E-09,1.13E-10,9.74E-06,1.26E-06
MZT2-3D,8/5/19,12:30,7.8,310,0.1,2.58,0.12,2.46,0.0018,0.0037,0,0.2071,0,6.20E-05,1.23E-06,2.62E-04,6.05E-06,9.94E-05,2.70E-06,9.14E-05,5.20E-07,1.72E-05,2.15E-07,1.44E-07,2.49E-09,1.28E-03,9.02E-06,4.13E-07,4.23E-09,3.10E-08,2.38E-09,1.07E-07,2.28E-09,2.92E-07,1.69E-08,1.89E-06,1.51E-08,8.34E-07,1.16E-08,1.17E-09,3.38E-11,1.04E-05,1.32E-06
MZT2-3D,8/28/19,13:00,7.37,341,0.117,2.71,0.048,2.663,0.0008,0.0072,0,0.296,0,6.46E-05,1.65E-06,2.79E-04,6.17E-06,1.01E-04,3.00E-06,1.10E-04,4.09E-06,1.78E-05,3.34E-07,7.76E-08,1.74E-09,1.41E-03,1.55E-05,3.75E-07,8.91E-09,2.54E-08,2.19E-09,0,0,1.90E-07,4.96E-09,1.98E-06,6.31E-09,9.02E-07,9.76E-09,1.28E-09,1.22E-10,1.47E-05,2.07E-06
MZT2-3D,9/18/19,10:40,7.63,385,0.12,3.069,0.116,2.953,0.0016,0.0067,0,0.3414,0,8.04E-05,1.98E-06,3.11E-04,4.58E-06,9.79E-05,2.95E-06,1.04E-04,8.37E-07,1.75E-05,3.16E-07,7.21E-08,2.13E-09,1.65E-03,1.42E-05,2.75E-07,7.98E-09,2.67E-08,8.72E-10,0,0,4.29E-07,1.05E-08,2.25E-06,1.46E-08,9.82E-07,1.13E-08,1.90E-09,2.54E-10,1.61E-05,2.04E-06
MZT2-3D,10/1/19,12:20,7.4,361,,3.196,0.032,3.163,0,0.0047,0,0.3554,0,,,,,,,,,,,,,,,,,,,,,,,,,,,,,,
MZT2-3M,5/15/19,,,,,1.97,0.365,1.605,0.005,0.006,0,0.03,0,4.73E-05,1.42E-06,1.18E-04,3.19E-06,5.45E-05,1.58E-06,5.43E-05,2.88E-07,1.07E-05,1.94E-07,7.37E-08,2.07E-09,9.41E-04,1.03E-05,4.53E-07,1.57E-08,2.57E-08,2.98E-09,1.62E-08,1.94E-09,2.70E-07,2.47E-08,2.46E-06,8.65E-09,4.96E-07,3.86E-09,1.77E-09,1.36E-10,4.70E-06,1.71E-07
MZT2-3M,6/5/19,12:20,7.64,592,0.111,3.495,0.115,3.38,0.0007,0.0248,0,0.242,0,5.23E-05,7.57E-07,2.71E-04,1.57E-06,9.54E-05,2.40E-06,8.63E-05,3.60E-07,1.12E-05,2.36E-07,3.04E-07,6.38E-09,1.48E-03,2.36E-05,3.93E-07,2.37E-08,3.41E-08,2.46E-09,0,0,2.54E-07,1.21E-08,2.95E-06,5.58E-08,8.60E-07,1.20E-08,1.95E-09,6.43E-11,8.03E-06,1.65E-06
MZT2-3M,6/11/19,11:50,7.61,353,1.3,3.778,0.133,3.645,0.0011,0.0182,0,0.192,0,6.82E-05,2.23E-06,2.72E-04,5.88E-06,9.24E-05,2.46E-06,7.35E-05,8.30E-07,1.44E-05,1.56E-07,3.02E-07,5.24E-09,1.79E-03,1.19E-05,5.43E-07,1.51E-08,3.48E-08,3.56E-09,7.13E-09,1.87E-09,3.47E-07,2.34E-08,2.20E-06,2.25E-08,8.01E-07,2.88E-09,2.14E-09,1.47E-10,9.89E-06,1.02E-06
MZT2-3M,6/18/19,9:50,7.49,348,0.354,3.454,0.129,3.325,0.0012,0.0139,0,0.149,0,5.37E-05,1.12E-06,2.68E-04,4.89E-06,9.35E-05,2.70E-06,1.01E-04,9.63E-07,1.36E-05,1.33E-07,2.60E-07,3.43E-09,1.59E-03,2.06E-05,7.71E-07,1.15E-08,3.51E-08,2.84E-09,5.06E-09,8.99E-10,2.46E-07,2.30E-08,2.16E-06,1.82E-08,8.27E-07,6.58E-09,1.98E-09,1.39E-10,9.16E-06,9.47E-07
MZT2-3M,6/25/19,10:45,7.34,407,0.129,4.294,0.153,4.141,0.0019,0.0204,0,0.125,0.0007,5.43E-05,2.01E-06,2.91E-04,1.58E-05,9.89E-05,3.01E-06,8.21E-05,5.82E-07,1.29E-05,1.38E-07,2.92E-07,6.06E-09,1.89E-03,2.73E-05,2.96E-07,8.69E-09,3.00E-08,4.65E-09,0,0,1.61E-07,1.12E-08,2.59E-06,3.00E-08,9.25E-07,8.50E-09,2.63E-09,8.96E-11,6.39E-06,4.77E-07
MZT2-3M,7/3/19,12:20,7.42,418,0.215,4.442,0.15,4.292,0.0017,0.0146,0,0.118,0,5.28E-05,9.57E-07,2.68E-04,4.95E-06,1.02E-04,1.12E-06,8.66E-05,5.64E-07,1.31E-05,2.93E-07,8.95E-07,2.11E-08,1.93E-03,2.49E-05,3.86E-07,1.22E-08,2.42E-08,2.20E-09,0,0,1.98E-07,1.32E-08,3.21E-06,3.37E-08,9.32E-07,1.33E-08,2.98E-09,1.67E-10,6.00E-06,4.27E-07
MZT2-3M,7/10/19,9:55,7.23,447,0.346,5.05,0.145,4.905,0.0018,0.0142,0,0.103,0,5.71E-05,8.86E-07,3.31E-04,3.98E-06,1.14E-04,1.96E-06,9.92E-05,8.13E-07,1.54E-05,2.91E-07,5.42E-07,1.30E-08,2.15E-03,1.84E-05,8.21E-07,5.13E-08,3.34E-08,2.71E-09,0,0,1.68E-07,1.66E-08,2.87E-06,2.01E-08,1.05E-06,1.51E-08,2.76E-09,1.36E-10,6.39E-06,2.71E-07
MZT2-3M,7/17/19,10:25,7.33,410,0.172,4.063,0.119,3.944,0.0018,0.01,0,0.124,0,5.56E-05,1.19E-06,2.85E-04,3.61E-06,1.11E-04,2.82E-06,1.03E-04,6.92E-07,1.54E-05,2.52E-07,4.20E-07,6.25E-09,1.76E-03,1.95E-05,1.51E-06,7.68E-09,4.04E-08,2.99E-09,0,0,1.89E-07,1.77E-08,2.49E-06,1.47E-08,9.50E-07,1.23E-08,1.90E-09,1.09E-10,7.30E-06,6.85E-07
MZT2-3M,7/25/19,13:30,7.31,364,0.248,3.489,0.094,3.395,0.0019,0.0052,0,0.1368,0,5.76E-05,1.05E-06,2.65E-04,6.30E-06,1.09E-04,2.66E-06,1.00E-04,6.31E-07,1.52E-05,3.00E-07,3.54E-07,6.34E-09,1.63E-03,1.84E-05,1.53E-06,1.57E-08,3.64E-08,2.76E-09,0,0,3.66E-07,8.86E-08,2.29E-06,2.66E-08,8.88E-07,8.08E-09,1.59E-09,1.41E-10,8.06E-06,7.73E-07
MZT2-3M,8/5/19,12:30,7.4,407,0.199,3.622,0.155,3.467,0.0019,0.0063,0,0.1325,0,6.43E-05,1.55E-06,2.85E-04,4.49E-06,1.15E-04,3.33E-06,1.08E-04,1.35E-06,1.63E-05,3.10E-07,4.06E-07,1.12E-08,1.77E-03,2.32E-05,2.31E-06,3.57E-08,3.81E-08,2.18E-09,0,0,3.27E-07,1.88E-08,2.49E-06,3.13E-08,9.89E-07,1.04E-08,1.82E-09,8.67E-11,8.48E-06,9.46E-07
MZT2-3S,5/15/19,,,,,2.968,0.185,2.784,0.0012,0.0078,0,0.027,0,1.29E-04,3.88E-06,1.50E-04,1.74E-06,7.89E-05,2.08E-06,8.41E-05,6.17E-07,1.01E-05,1.75E-07,3.51E-08,8.34E-10,1.47E-03,1.28E-05,1.85E-07,7.02E-09,4.04E-08,1.83E-09,2.92E-08,2.43E-09,3.22E-07,2.28E-08,9.14E-06,1.31E-07,5.27E-07,8.68E-09,7.21E-09,2.61E-10,3.98E-06,1.19E-07
MZT2-3S,6/5/19,12:20,7.67,675,0.165,4.295,0.169,4.126,0.0009,0.0192,0,0.193,0,7.37E-05,2.10E-06,2.52E-04,4.94E-06,1.02E-04,2.45E-06,9.35E-05,5.46E-07,1.14E-05,2.53E-07,1.14E-06,1.93E-08,1.83E-03,1.85E-05,7.24E-07,2.12E-08,4.46E-08,5.12E-09,1.06E-08,1.29E-09,4.42E-07,6.58E-09,9.77E-06,1.12E-07,7.23E-07,8.72E-09,4.15E-09,1.69E-10,7.90E-06,1.36E-06
MZT2-3S,6/11/19,11:35,7.58,377,1.3,4.167,0.164,4.002,0.0011,0.018,0,0.195,0,1.32E-04,4.23E-06,2.36E-04,7.42E-06,9.72E-05,2.76E-06,7.70E-05,1.22E-06,1.36E-05,2.34E-07,1.91E-06,2.82E-08,2.03E-03,2.00E-05,7.86E-07,1.83E-08,4.33E-08,3.63E-09,9.55E-09,1.11E-09,3.35E-07,2.38E-08,6.43E-06,4.98E-08,6.44E-07,5.15E-09,4.03E-09,2.37E-10,1.02E-05,1.07E-06
MZT2-3S,6/18/19,9:50,7.47,385,0.642,3.848,0.155,3.693,0.0013,0.0159,0,0.171,0,6.41E-05,9.77E-07,2.36E-04,6.87E-06,9.80E-05,2.74E-06,1.06E-04,6.51E-07,1.36E-05,4.46E-07,2.11E-06,3.31E-08,1.83E-03,3.37E-05,1.06E-06,9.47E-09,4.45E-08,5.34E-09,7.01E-09,1.07E-09,2.49E-07,2.42E-08,5.55E-06,1.28E-08,6.54E-07,8.60E-09,3.23E-09,1.11E-10,8.73E-06,9.28E-07
MZT2-3S,6/25/19,10:45,7.3,449,0.272,4.835,0.185,4.65,0.0018,0.0189,0,0.138,0,8.39E-05,1.69E-06,2.72E-04,5.27E-06,1.13E-04,2.17E-06,1.12E-04,9.43E-07,1.10E-05,1.58E-07,3.59E-06,9.42E-08,2.24E-03,5.20E-06,2.17E-06,2.54E-08,5.60E-08,5.66E-09,2.43E-08,1.16E-09,2.76E-07,9.08E-09,8.14E-06,9.93E-08,7.48E-07,7.81E-09,5.17E-09,9.26E-11,5.54E-06,6.45E-07
MZT2-3S,7/3/19,12:20,7.32,421,0.896,4.873,0.216,4.658,0.002,0.0133,0,0.127,0,5.16E-05,1.16E-06,1.25E-04,3.65E-06,1.04E-04,2.78E-06,1.01E-04,1.07E-06,5.19E-06,1.56E-07,3.87E-06,7.98E-08,1.79E-03,1.92E-05,2.62E-06,7.76E-09,3.97E-08,3.87E-09,6.78E-09,1.18E-09,2.60E-07,1.23E-08,6.66E-06,8.71E-08,6.62E-07,1.00E-08,4.24E-09,1.67E-10,4.17E-06,3.02E-07
MZT2-3S,7/10/19,9:55,7.15,492,0.205,5.523,0.217,5.306,0.0022,0.0164,0,0.11,0,6.61E-05,1.91E-06,2.82E-04,7.55E-06,1.24E-04,2.83E-06,1.05E-04,7.54E-07,1.49E-05,2.27E-07,3.82E-06,6.26E-08,2.30E-03,1.66E-05,3.19E-06,5.50E-08,4.20E-08,3.89E-09,0,0,2.10E-07,8.85E-09,7.33E-06,1.32E-07,8.83E-07,1.07E-08,4.53E-09,1.30E-10,7.53E-06,2.63E-07
MZT2-3S,7/17/19,10:25,7.26,457,0.292,4.736,0.167,4.569,0.0035,0.0126,0,0.1158,0,6.58E-05,7.35E-07,2.74E-04,4.87E-06,1.22E-04,2.27E-06,1.15E-04,1.32E-06,1.60E-05,3.41E-07,3.83E-06,5.55E-08,2.06E-03,3.49E-05,4.52E-06,3.80E-08,5.23E-08,3.61E-09,0,0,2.81E-07,1.39E-07,5.93E-06,3.98E-08,8.07E-07,9.74E-09,3.29E-09,9.36E-11,7.80E-06,6.04E-07
MZT2-3S,7/25/19,13:30,7.12,446,0.381,4.352,0.155,4.197,0.0021,0.0084,0,0.105,0,6.97E-05,2.02E-06,2.83E-04,7.34E-06,1.28E-04,2.93E-06,1.22E-04,3.44E-07,1.66E-05,1.87E-07,3.57E-06,5.78E-08,2.11E-03,1.67E-05,2.90E-06,2.85E-08,5.06E-08,3.40E-09,0,0,2.97E-07,2.38E-08,5.31E-06,5.39E-08,8.53E-07,8.01E-09,3.17E-09,8.88E-11,7.77E-06,4.74E-07
MZT2-3XD,5/15/19,,,,,1.266,0.079,1.187,0.0016,0.0109,0,0.249,0,1.17E-04,2.53E-06,5.10E-04,1.14E-05,1.17E-04,3.08E-06,1.18E-04,6.68E-07,2.27E-05,2.69E-07,1.13E-07,1.27E-09,1.25E-03,1.12E-05,4.75E-07,1.10E-08,2.58E-08,2.27E-09,9.43E-09,1.98E-09,4.26E-07,2.50E-08,2.30E-06,2.40E-08,9.51E-07,1.39E-08,8.78E-10,1.25E-10,1.70E-05,2.62E-06
MZT2-3XD,6/5/19,12:20,8.21,553,1.5,2.769,0.067,2.701,0.0008,0.021,0,0.328,0,1.08E-04,1.89E-06,3.91E-04,4.95E-06,1.14E-04,2.74E-06,1.06E-04,1.08E-06,1.55E-05,1.33E-07,3.84E-08,1.79E-09,1.19E-03,7.71E-06,2.20E-07,5.09E-08,2.77E-08,3.18E-09,0,0,1.94E-06,1.27E-08,2.40E-06,3.08E-08,1.03E-06,5.62E-09,1.14E-09,8.49E-11,1.03E-05,1.92E-06
MZT2-3XD,6/25/19,10:45,7.79,321,2.9,2.666,0.095,2.571,0.002,0.0106,0,0.239,0.0007,8.72E-05,1.45E-06,3.26E-04,4.36E-06,1.09E-04,2.01E-06,8.56E-05,3.36E-07,1.70E-05,2.54E-07,5.84E-08,1.38E-09,1.29E-03,1.24E-05,0,0,0,0,0,0,6.31E-07,1.74E-08,1.63E-06,1.30E-08,1.08E-06,2.16E-08,8.12E-10,1.18E-10,7.21E-06,8.08E-07
MZT2-3XD,7/10/19,9:55,7.99,323,1.5,2.717,0.06,2.657,0.0019,0.0071,0,0.274,0,8.23E-05,8.19E-07,3.67E-04,5.07E-06,1.11E-04,1.86E-06,8.97E-05,1.22E-06,1.95E-05,2.60E-07,8.69E-09,6.82E-10,1.31E-03,8.96E-06,0,0,0,0,0,0,5.52E-07,1.19E-08,1.65E-06,1.93E-08,9.56E-07,1.09E-08,8.12E-10,6.79E-11,8.03E-06,8.99E-07
MZT2-3XD,7/17/19,10:25,7.91,328,0.833,2.807,0.033,2.774,0.0016,0.0076,0,0.2813,0.0018,7.63E-05,2.42E-06,3.59E-04,4.67E-06,1.12E-04,2.61E-06,1.06E-04,5.52E-07,2.01E-05,2.17E-07,5.58E-08,1.06E-09,1.25E-03,1.41E-05,2.00E-07,3.39E-09,2.81E-08,1.29E-09,0,0,5.97E-07,2.06E-08,1.74E-06,6.58E-09,9.57E-07,1.74E-08,7.96E-10,5.47E-11,1.30E-05,1.78E-06
MZT2-3XD,7/25/19,13:30,7.76,331,0.254,2.766,0.043,2.723,0.0021,0.005,0,0.3102,0,7.69E-05,1.54E-06,3.80E-04,6.28E-06,1.20E-04,2.07E-06,1.15E-04,7.68E-07,2.06E-05,1.20E-07,2.37E-08,6.03E-10,1.32E-03,1.54E-05,1.88E-07,3.48E-09,2.74E-08,1.50E-09,1.14E-07,3.82E-09,4.20E-07,1.81E-08,1.84E-06,2.27E-08,1.01E-06,1.34E-08,7.58E-10,4.96E-11,1.55E-05,2.14E-06
MZT2-3XD,8/5/19,12:30,8.08,353,0.172,2.625,0.078,2.547,0.0024,0.0059,0,0.3036,0,8.21E-05,2.55E-06,3.99E-04,9.57E-06,1.26E-04,3.91E-06,1.20E-04,9.41E-07,2.18E-05,3.78E-07,9.28E-08,1.55E-09,1.37E-03,1.43E-05,4.63E-07,9.00E-09,2.97E-08,1.65E-09,0,0,4.65E-07,1.99E-08,1.91E-06,1.09E-08,9.94E-07,7.68E-09,7.95E-10,5.50E-11,1.53E-05,2.14E-06
MZT2-3XD,8/12/19,17:25,7.76,360,0.147,2.283,0.077,2.206,0.0018,0.0056,0,0.3688,0,7.76E-05,1.37E-06,4.20E-04,1.02E-05,1.28E-04,3.50E-06,1.24E-04,6.02E-07,2.24E-05,3.33E-07,7.62E-08,1.57E-09,1.46E-03,1.17E-05,5.09E-07,6.79E-09,3.01E-08,2.31E-09,0,0,5.38E-07,2.40E-08,1.99E-06,1.08E-08,1.09E-06,1.73E-08,7.80E-10,5.87E-11,1.62E-05,2.45E-06
MZT2-3XD,8/28/19,13:00,7.8,341,0.171,3.022,0.065,2.957,0.0014,0.006,0,0.3842,0,,,,,,,,,,,,,,,,,,,,,,,,,,,,,,
MZT2-3XD,9/18/19,10:45,7.83,376,0.299,3.077,0.07,3.007,0.0015,0.0053,0,0.3939,0,8.48E-05,1.73E-06,4.69E-04,5.28E-06,1.32E-04,3.71E-06,1.34E-04,1.56E-06,2.27E-05,3.89E-07,9.45E-08,2.48E-09,1.58E-03,1.49E-05,8.08E-07,4.59E-09,3.09E-08,1.77E-09,0,0,4.35E-07,1.41E-08,2.06E-06,1.65E-08,1.07E-06,1.23E-08,8.27E-10,6.30E-11,1.92E-05,2.83E-06
MZT2-3XD,10/1/19,12:25,7.78,366,,3.122,0.03,3.092,0,0.0072,0,0.4094,0,,,,,,,,,,,,,,,,,,,,,,,,,,,,,,
MZT2-4D,5/15/19,,,,,5.619,0.118,5.501,0.0023,0.0217,0,0.264,0,1.04E-04,1.55E-06,5.83E-04,1.12E-05,1.37E-04,3.34E-06,1.51E-04,1.04E-06,2.06E-05,3.90E-07,1.07E-07,2.14E-09,2.70E-03,4.89E-05,1.39E-07,8.12E-09,5.48E-08,2.64E-09,7.53E-09,1.26E-09,7.21E-07,2.66E-08,3.69E-06,4.99E-08,1.87E-06,1.27E-08,2.61E-09,1.19E-10,1.36E-05,1.60E-06
MZT2-4D,6/5/19,13:10,7.87,578,0.181,3.48,0.112,3.368,0.001,0.0231,0,0.269,0,8.16E-05,1.62E-06,3.43E-04,6.12E-06,1.12E-04,2.37E-06,1.00E-04,1.43E-06,1.37E-05,1.23E-07,4.94E-08,1.02E-09,1.40E-03,2.23E-05,0,0,3.82E-08,3.96E-09,0,0,2.14E-07,8.26E-09,3.05E-06,2.45E-08,1.18E-06,1.88E-08,1.49E-09,1.19E-10,8.25E-06,1.58E-06
MZT2-4D,6/11/19,12:05,7.49,473,0.25,5.283,0.087,5.196,0.0011,0.0186,0,0.183,0,9.86E-03,2.64E-04,4.88E-04,1.56E-05,1.30E-04,4.34E-06,1.19E-04,6.65E-07,2.31E-05,4.27E-07,1.03E-07,2.36E-09,2.40E-03,1.05E-05,5.82E-07,1.22E-08,4.34E-08,3.69E-09,4.64E-08,2.49E-09,2.98E-07,3.09E-08,3.00E-06,2.04E-08,1.47E-06,1.68E-08,2.18E-09,1.58E-10,1.10E-05,7.92E-07
MZT2-4D,6/18/19,10:35,7.33,435,0.369,4.541,0.095,4.446,0.0013,0.0144,0,0.167,0,8.04E-05,2.70E-06,4.68E-04,1.20E-05,1.42E-04,4.39E-06,1.54E-04,1.22E-06,2.21E-05,4.35E-07,1.09E-07,1.72E-09,2.17E-03,2.49E-05,6.29E-07,1.59E-08,4.27E-08,3.58E-09,0,0,2.52E-07,2.37E-08,3.05E-06,2.33E-08,1.58E-06,1.75E-08,1.93E-09,1.08E-10,1.10E-05,7.63E-07
MZT2-4D,6/25/19,11:20,7.47,395,0.393,4.009,0.103,3.906,0.0019,0.0171,0,0.154,0,6.84E-05,1.19E-06,3.49E-04,6.82E-06,1.14E-04,2.38E-06,9.13E-05,9.14E-07,1.75E-05,3.23E-07,9.30E-08,1.93E-09,1.85E-03,1.23E-05,5.68E-07,1.07E-08,2.95E-08,3.99E-09,0,0,1.83E-07,1.16E-08,2.32E-06,2.90E-08,1.16E-06,1.28E-08,1.53E-09,1.01E-10,5.71E-06,5.12E-07
MZT2-4D,7/3/19,12:45,7.4,425,0.145,4.202,0.093,4.109,0.0017,0.0179,0,0.14,0,6.30E-05,9.60E-07,3.54E-04,5.11E-06,1.17E-04,2.24E-06,9.62E-05,1.65E-06,1.78E-05,3.37E-07,1.19E-07,2.78E-09,1.93E-03,1.44E-05,4.12E-07,8.70E-09,1.78E-08,2.21E-09,0,0,1.81E-07,1.67E-08,2.41E-06,3.11E-08,1.22E-06,7.42E-09,1.46E-09,1.69E-10,5.12E-06,5.42E-07
MZT2-4D,7/10/19,10:30,7.47,442,0.138,4.519,0.101,4.418,0.002,0.0159,0,0.148,0,7.35E-05,1.54E-06,3.71E-04,6.48E-06,1.22E-04,2.42E-06,1.07E-04,1.21E-06,1.94E-05,2.65E-07,7.91E-08,2.90E-09,2.07E-03,8.63E-06,5.92E-07,2.52E-08,3.89E-08,2.43E-09,0,0,1.49E-07,1.03E-08,2.56E-06,3.29E-08,1.30E-06,2.33E-09,1.66E-09,1.46E-10,5.55E-06,4.76E-07
MZT2-4D,7/17/19,10:55,7.6,407,0.221,3.858,0.105,3.752,0.0028,0.0082,0,0.153,0,7.22E-05,6.15E-07,3.27E-04,4.90E-06,1.21E-04,2.79E-06,1.17E-04,1.07E-06,1.95E-05,2.21E-07,1.56E-07,3.71E-09,1.74E-03,7.28E-06,3.90E-06,2.56E-08,3.69E-08,1.80E-09,0,0,1.14E-07,1.70E-08,2.44E-06,1.99E-08,1.19E-06,1.19E-08,1.46E-09,1.08E-10,1.08E-05,8.18E-07
MZT2-4D,7/25/19,13:20,7.64,348,0.352,3.137,0.055,3.083,0.0015,0.0047,0,0.1661,0.001,6.88E-05,1.56E-06,2.83E-04,7.94E-07,1.11E-04,1.71E-06,1.04E-04,6.25E-07,1.84E-05,3.20E-07,1.20E-07,3.71E-09,1.50E-03,1.69E-05,1.50E-06,1.94E-08,3.49E-08,2.44E-09,0,0,1.07E-07,1.74E-08,2.12E-06,2.36E-08,1.01E-06,1.35E-08,1.20E-09,1.35E-10,1.14E-05,1.39E-06
MZT2-4D,8/5/19,12:25,7.91,321,0.164,2.791,0.103,2.688,0.0022,0.0046,0,0.1923,0,6.81E-05,1.30E-06,2.64E-04,3.82E-06,1.05E-04,2.70E-06,1.01E-04,1.18E-06,1.82E-05,3.25E-07,1.07E-07,2.45E-09,1.42E-03,1.68E-05,8.42E-07,1.89E-08,2.99E-08,1.87E-09,0,0,8.11E-08,1.61E-08,1.97E-06,1.67E-08,9.35E-07,1.37E-08,1.15E-09,7.28E-11,1.21E-05,1.35E-06
MZT2-4D,8/12/19,17:10,7.56,317,0.233,2.726,0.094,2.632,0.0058,0.0063,0,0.2253,0,6.20E-05,1.13E-06,2.48E-04,1.07E-06,1.02E-04,1.65E-06,1.04E-04,1.06E-06,1.67E-05,3.10E-07,8.15E-08,1.68E-09,1.31E-03,1.99E-05,1.02E-06,1.34E-08,2.57E-08,2.48E-09,0,0,1.29E-07,6.81E-09,1.91E-06,8.57E-09,9.60E-07,1.16E-08,1.49E-09,3.23E-10,1.08E-05,1.40E-06
MZT2-4D,8/28/19,12:50,7.46,317,0.146,2.694,0.059,2.635,0.0021,0.007,0,0.2913,0,6.41E-05,8.84E-07,2.69E-04,6.49E-06,1.02E-04,2.93E-06,1.14E-04,1.36E-06,1.70E-05,3.91E-07,8.73E-08,2.06E-09,1.41E-03,1.13E-05,3.43E-06,3.87E-08,2.77E-08,2.36E-09,4.57E-09,6.92E-10,3.06E-07,1.53E-08,1.92E-06,2.24E-08,9.35E-07,9.80E-09,1.27E-09,2.77E-10,1.51E-05,2.12E-06
MZT2-4D,9/18/19,10:30,7.29,639,0.198,3.056,0.044,3.012,0.0023,0.0064,0,0.3538,0,8.54E-05,8.91E-07,3.20E-04,5.28E-06,1.01E-04,2.87E-06,1.04E-04,9.63E-07,1.77E-05,3.72E-07,7.07E-08,1.77E-09,1.68E-03,3.13E-05,1.05E-06,1.86E-08,3.14E-08,1.06E-09,0,0,4.78E-07,9.21E-09,2.19E-06,1.51E-08,1.02E-06,5.93E-09,1.66E-09,1.27E-10,1.73E-05,2.89E-06
MZT2-4D,10/1/19,12:30,7.5,366,,3.2,0.017,3.182,0,0.0075,0,0.3759,0,,,,,,,,,,,,,,,,,,,,,,,,,,,,,,
MZT2-4S,5/15/19,,,,,3.186,0.438,2.748,0.0018,0.0116,0,0.047,0,5.36E-05,1.52E-06,1.59E-04,3.88E-06,6.99E-05,2.08E-06,7.04E-05,6.87E-07,1.39E-05,2.63E-07,3.29E-07,3.83E-09,1.39E-03,1.41E-05,4.82E-07,7.35E-09,5.08E-08,3.74E-09,2.73E-08,1.63E-09,2.91E-07,2.41E-08,2.91E-06,3.82E-08,6.69E-07,9.12E-09,3.37E-09,1.61E-10,5.76E-06,1.91E-07
MZT2-4S,6/5/19,13:10,7.68,742,0.31,5.008,0.149,4.859,0.0009,0.0151,0,0.147,0,6.85E-05,1.34E-06,2.92E-04,4.88E-06,1.09E-04,2.50E-06,1.01E-04,7.40E-07,1.32E-05,2.84E-07,1.71E-06,1.81E-08,1.98E-03,3.87E-05,1.17E-06,2.75E-08,6.81E-08,4.13E-09,8.85E-09,1.31E-09,3.12E-07,1.40E-08,8.52E-06,7.88E-08,9.38E-07,4.68E-09,4.32E-09,2.16E-10,5.62E-06,8.40E-07
MZT2-4S,6/11/19,12:05,7.76,330,0.202,3.667,0.362,3.305,0,0.0136,0,0.151,0,6.29E-05,2.91E-06,1.86E-04,4.79E-06,9.85E-05,4.13E-06,7.98E-05,7.29E-07,2.50E-05,5.05E-07,1.49E-06,1.67E-08,1.73E-03,8.54E-06,5.73E-07,6.36E-09,5.72E-08,2.53E-09,1.34E-08,1.31E-09,3.52E-07,2.49E-08,3.82E-06,4.28E-08,6.60E-07,1.11E-08,2.54E-09,1.11E-10,8.99E-06,7.87E-07
MZT2-4S,6/18/19,10:35,7.57,337,0.504,3.154,0.34,2.814,0.0013,0.012,0,0.153,0,5.07E-05,1.36E-06,1.87E-04,3.80E-06,1.11E-04,2.53E-06,1.20E-04,8.78E-07,2.51E-05,5.09E-07,3.64E-06,4.96E-08,1.54E-03,1.35E-05,1.20E-06,1.49E-08,6.10E-08,2.03E-09,8.23E-09,1.12E-09,3.04E-07,2.43E-08,3.35E-06,5.06E-08,6.76E-07,3.74E-09,2.14E-09,2.04E-10,9.85E-06,8.42E-07
MZT2-4S,6/25/19,11:20,7.41,396,0.22,4.157,0.276,3.881,0.002,0.0209,0,0.146,0,5.30E-05,9.52E-07,2.07E-04,4.27E-06,1.09E-04,3.27E-06,8.75E-05,8.91E-07,2.30E-05,4.99E-07,6.09E-06,1.03E-07,1.94E-03,2.00E-05,3.64E-06,3.16E-08,4.36E-08,3.70E-09,0,0,1.71E-07,9.86E-09,4.19E-06,7.15E-08,7.64E-07,9.53E-09,2.85E-09,9.51E-11,5.68E-06,5.02E-07
MZT2-4S,7/3/19,12:45,7.42,366,0.501,3.786,0.329,3.457,0.0019,0.0092,0,0.143,0,4.55E-05,7.22E-07,1.92E-04,3.68E-06,1.15E-04,1.80E-06,9.37E-05,7.05E-07,3.69E-04,4.43E-06,6.31E-06,1.07E-07,1.78E-03,1.40E-05,2.16E-06,2.58E-08,6.80E-08,2.57E-09,7.49E-09,1.66E-09,2.00E-07,1.38E-08,3.15E-06,5.60E-08,6.87E-07,6.55E-09,2.13E-09,2.09E-10,6.00E-06,5.40E-07
MZT2-4S,7/10/19,10:30,7.17,523,0.186,5.841,0.271,5.57,0.0017,0.0203,0,0.119,0,6.18E-05,1.09E-06,3.17E-04,6.69E-06,1.40E-04,3.58E-06,1.21E-04,9.83E-07,2.40E-05,3.22E-07,1.09E-05,2.04E-07,2.63E-03,2.62E-05,9.36E-06,7.52E-08,6.51E-08,2.26E-09,0,0,1.58E-07,1.08E-08,5.05E-06,2.85E-08,1.04E-06,1.95E-08,4.12E-09,1.64E-10,6.00E-06,4.74E-07
MZT2-4S,7/17/19,10:55,7.33,478,0.282,5.003,0.197,4.807,0.0029,0.0167,0,0.1049,0,6.56E-05,1.27E-06,3.00E-04,7.29E-06,1.34E-04,3.31E-06,1.30E-04,1.12E-06,2.22E-05,4.71E-07,7.70E-06,1.24E-07,2.31E-03,1.75E-05,1.07E-05,8.44E-08,8.09E-08,3.32E-09,0,0,2.10E-07,1.80E-08,4.67E-06,2.46E-08,9.62E-07,1.60E-08,3.37E-09,8.63E-11,9.12E-06,6.02E-07
MZT2-4S,7/25/19,13:20,6.93,524,0.489,5.309,0.253,5.056,0.005,0.0194,0,0.0763,0.0025,7.31E-05,9.33E-07,3.38E-04,5.68E-06,1.58E-04,2.68E-06,1.55E-04,9.90E-07,2.52E-05,4.38E-07,8.78E-06,1.79E-07,2.63E-03,2.39E-05,1.43E-05,9.47E-08,9.44E-08,2.97E-09,0,0,2.86E-07,1.72E-08,6.37E-06,6.66E-08,1.17E-06,1.75E-08,6.25E-09,1.68E-10,9.62E-06,4.01E-07
MZT2-5D,5/15/19,,,,,4.684,0.205,4.479,0.0027,0.016,0,0.292,0,9.91E-05,2.35E-06,4.64E-04,7.17E-06,1.12E-04,3.16E-06,1.14E-04,6.77E-07,2.20E-05,5.85E-07,1.26E-07,2.64E-09,2.22E-03,1.86E-05,5.11E-07,5.70E-09,4.85E-08,2.47E-09,4.62E-09,1.30E-09,3.32E-07,2.25E-08,3.03E-06,5.96E-08,1.11E-06,1.74E-08,2.22E-09,2.36E-10,1.35E-05,1.84E-06
MZT2-5D,6/5/19,13:30,7.44,585,0.12,3.565,0.089,3.476,0.0008,0.0184,0,0.316,0,,,,,,,,,,,,,,,,,,,,,,,,,,,,,,
MZT2-5D,6/11/19,12:35,7.68,294,2.4,3.025,0.168,2.857,0.0011,0.0107,0,0.152,0,7.25E-05,1.15E-06,2.63E-04,4.14E-06,9.00E-05,2.16E-06,7.27E-05,3.16E-07,1.94E-05,2.82E-07,1.49E-08,1.06E-09,1.47E-03,1.70E-05,9.80E-08,1.30E-08,3.14E-08,3.43E-09,8.35E-09,1.40E-09,3.28E-07,2.72E-08,1.78E-06,1.75E-08,6.72E-07,6.65E-09,1.33E-09,1.63E-10,8.01E-06,9.12E-07
MZT2-5D,6/18/19,11:00,7.81,283,1.7,2.683,0.14,2.543,0.0014,0.0089,0,0.144,0,5.30E-05,1.74E-06,2.53E-04,6.87E-06,8.80E-05,1.86E-06,9.63E-05,9.30E-07,1.83E-05,4.55E-07,9.37E-09,6.21E-10,1.29E-03,1.19E-05,7.66E-07,1.22E-08,1.08E-07,8.11E-09,2.53E-08,1.91E-09,2.05E-05,3.18E-07,1.76E-06,2.32E-08,6.93E-07,3.99E-09,1.22E-09,1.81E-10,7.61E-06,8.69E-07
MZT2-5D,6/25/19,11:40,7.73,280,0.172,2.528,0.124,2.404,0.0036,0.0179,0,0.155,0,4.77E-05,1.39E-06,2.05E-04,6.94E-06,7.90E-05,2.57E-06,6.52E-05,4.52E-07,1.62E-05,2.91E-07,1.18E-07,4.14E-09,1.27E-03,1.75E-05,0,0,1.55E-08,2.76E-09,0,0,1.46E-07,1.05E-08,1.59E-06,2.44E-08,5.96E-07,3.59E-09,1.05E-09,1.06E-10,3.98E-06,5.18E-07
MZT2-5D,7/3/19,13:10,7.57,352,0.154,3.49,0.16,3.33,0.0018,0.0111,0,0.125,0,5.34E-05,1.55E-06,2.50E-04,5.90E-06,9.53E-05,2.63E-06,7.37E-05,9.02E-07,1.92E-05,1.81E-07,5.90E-08,1.06E-09,1.70E-03,1.43E-05,0,0,3.09E-08,4.67E-09,0,0,1.35E-07,1.14E-08,2.16E-06,1.10E-08,8.02E-07,9.06E-09,1.78E-09,1.85E-10,3.99E-06,4.62E-07
MZT2-5D,7/10/19,10:45,7.66,350,0.135,3.433,0.13,3.303,0.0019,0.0117,0,0.159,0,5.28E-05,1.18E-06,2.68E-04,5.46E-06,9.41E-05,1.57E-06,7.39E-05,6.43E-07,2.31E-05,3.92E-07,3.55E-07,6.42E-09,1.69E-03,1.39E-05,2.39E-07,2.64E-07,2.20E-08,2.11E-09,0,0,1.27E-07,1.53E-08,2.11E-06,1.61E-08,8.37E-07,8.36E-09,1.62E-09,8.59E-11,4.49E-06,5.63E-07
MZT2-5D,7/17/19,11:15,7.8,378,0.169,3.59,0.159,3.431,0.0027,0.0105,0,0.2055,0,6.68E-05,7.68E-07,2.89E-04,3.61E-06,9.68E-05,2.06E-06,9.34E-05,9.41E-07,2.82E-05,5.13E-07,4.18E-07,1.00E-08,1.73E-03,1.46E-05,6.39E-07,5.96E-09,4.34E-08,2.24E-09,0,0,1.46E-07,1.63E-08,2.39E-06,1.89E-08,9.58E-07,2.37E-08,1.85E-09,1.40E-10,1.18E-05,1.47E-06
MZT2-5D,7/25/19,12:50,7.51,376,0.301,3.544,0.091,3.453,0.0014,0.008,0,0.1695,0,7.06E-05,1.07E-06,2.92E-04,5.50E-06,1.02E-04,2.44E-06,1.01E-04,6.66E-07,3.12E-05,6.08E-07,4.09E-07,8.14E-09,1.78E-03,2.47E-05,6.10E-07,5.87E-09,4.45E-08,2.79E-09,0,0,2.26E-07,1.70E-08,2.47E-06,2.03E-08,1.00E-06,8.47E-09,1.84E-09,6.22E-11,1.22E-05,1.48E-06
MZT2-5D,8/5/19,12:05,7.6,398,0.207,3.677,0.154,3.523,0.0018,0.0086,0,0.1627,0.0009,7.56E-05,6.82E-07,2.91E-04,2.94E-06,1.08E-04,3.01E-06,1.07E-04,8.53E-07,3.31E-05,4.45E-07,5.65E-07,1.22E-08,1.83E-03,2.43E-05,8.71E-07,1.06E-08,4.55E-08,1.80E-09,0,0,1.12E-07,1.59E-08,2.52E-06,2.11E-08,1.05E-06,1.28E-08,1.84E-09,7.86E-11,1.21E-05,1.39E-06
MZT2-5D,8/28/19,12:40,7.28,425,0.17,3.938,0.105,3.832,0.0009,0.0099,0,0.2222,0,7.44E-05,1.87E-06,3.21E-04,4.16E-06,1.20E-04,2.45E-06,1.25E-04,1.30E-06,3.31E-05,5.18E-07,6.43E-07,1.31E-08,1.94E-03,2.03E-05,7.61E-07,8.25E-09,4.54E-08,3.74E-09,0,0,7.10E-07,1.21E-08,2.63E-06,2.43E-08,1.14E-06,9.02E-09,1.72E-09,9.38E-11,1.39E-05,1.81E-06
MZT2-5D,9/18/19,10:15,7.58,504,0.288,3.714,0.154,3.56,0.002,0.0087,0,0.2848,0,8.39E-05,1.26E-06,3.20E-04,7.23E-06,1.14E-04,2.96E-06,1.17E-04,9.71E-07,3.10E-05,6.35E-07,4.96E-07,8.28E-09,1.99E-03,1.93E-05,4.32E-07,7.40E-09,4.40E-08,1.78E-09,0,0,7.61E-07,1.23E-08,2.60E-06,2.34E-08,1.08E-06,6.28E-09,2.01E-09,1.44E-10,1.55E-05,1.97E-06
MZT2-5M,5/15/19,,,,,4.576,0.267,4.31,0.0023,0.0435,0,0.282,0,1.54E-04,2.66E-06,3.63E-04,5.90E-06,9.58E-05,2.23E-06,9.91E-05,2.96E-07,1.89E-05,3.38E-07,1.10E-06,1.98E-08,2.29E-03,2.26E-05,9.07E-08,9.19E-09,5.53E-08,2.37E-09,1.66E-08,1.32E-09,3.50E-07,2.36E-08,4.80E-06,4.37E-08,1.20E-06,8.90E-09,4.62E-09,1.45E-10,1.30E-05,1.87E-06
MZT2-5M,6/5/19,13:30,7.53,649,0.142,4.727,0.156,4.57,0,0.0164,0,0.234,0,7.49E-05,6.72E-07,3.00E-04,5.49E-06,8.87E-05,1.69E-06,7.74E-05,6.24E-07,1.39E-05,3.87E-07,1.21E-06,1.44E-08,1.66E-03,1.72E-05,1.01E-06,3.27E-08,4.55E-08,4.13E-09,0,0,2.26E-07,1.38E-08,3.95E-06,6.27E-08,9.94E-07,7.60E-09,2.73E-09,1.63E-10,9.01E-06,1.37E-06
MZT2-5M,6/11/19,12:35,7.51,321,0.677,3.548,0.191,3.357,0.001,0.0127,0,0.151,0,9.66E-05,1.70E-06,2.45E-04,4.07E-06,8.67E-05,2.45E-06,6.85E-05,6.49E-07,1.93E-05,4.56E-07,5.53E-08,1.57E-09,1.72E-03,1.87E-05,1.86E-07,1.08E-08,3.87E-08,1.38E-09,1.14E-08,1.25E-09,3.25E-07,2.46E-08,2.33E-06,1.67E-08,7.95E-07,1.29E-08,2.36E-09,1.86E-10,7.83E-06,7.22E-07
MZT2-5M,6/18/19,11:00,7.61,296,0.674,2.798,0.15,2.647,0.0012,0.0091,0,0.143,0,5.98E-05,1.36E-06,2.35E-04,4.23E-06,8.23E-05,2.77E-06,9.19E-05,8.01E-07,2.04E-05,3.31E-07,5.16E-08,1.82E-09,1.34E-03,1.11E-05,1.69E-07,8.00E-09,2.89E-08,2.88E-09,5.99E-09,8.94E-10,2.16E-07,2.42E-08,1.97E-06,1.33E-08,7.34E-07,1.01E-08,1.68E-09,1.21E-10,8.72E-06,7.80E-07
MZT2-5M,6/25/19,11:40,7.42,326,0.247,3.356,0.165,3.192,0.0018,0.0144,0,0.131,0,5.86E-05,1.36E-06,2.20E-04,4.43E-06,8.78E-05,1.16E-06,6.95E-05,6.27E-07,1.69E-05,2.15E-07,9.27E-07,1.99E-08,1.57E-03,1.36E-05,1.60E-07,5.71E-09,2.81E-08,4.70E-09,0,0,1.16E-07,8.61E-09,2.07E-06,8.92E-09,7.37E-07,9.57E-09,1.97E-09,1.49E-10,3.90E-06,5.93E-07
MZT2-5M,7/3/19,13:10,7.45,358,0.142,3.858,0.193,3.664,0.002,0.013,0,0.129,0,6.52E-05,1.28E-06,2.24E-04,4.05E-06,9.06E-05,1.95E-06,7.06E-05,5.66E-07,1.42E-05,2.52E-07,1.17E-06,2.76E-08,1.80E-03,4.24E-06,2.20E-07,9.38E-09,2.66E-08,2.68E-09,0,0,1.38E-07,1.15E-08,2.44E-06,3.83E-08,8.17E-07,1.24E-08,2.95E-09,9.41E-11,3.98E-06,3.65E-07
MZT2-5M,7/10/19,10:45,7.45,335,0.205,3.533,0.149,3.384,0.0017,0.0119,0,0.114,0,5.27E-05,1.10E-06,2.33E-04,5.20E-06,9.42E-05,2.21E-06,7.42E-05,7.03E-07,1.88E-05,2.96E-07,6.86E-07,1.53E-08,1.64E-03,2.02E-05,1.22E-06,1.04E-08,1.81E-08,2.93E-09,0,0,1.39E-07,8.47E-09,2.19E-06,2.84E-08,7.51E-07,1.03E-08,1.74E-09,1.61E-10,3.68E-06,5.18E-07
MZT2-5M,7/17/19,11:15,7.44,387,0.145,3.846,0.134,3.712,0.0019,0.0132,0,0.126,0,7.09E-05,1.19E-06,2.68E-04,6.04E-06,9.56E-05,1.42E-06,9.25E-05,3.46E-07,2.07E-05,3.02E-07,8.96E-07,1.46E-08,1.75E-03,1.69E-05,3.51E-06,2.53E-08,4.88E-08,1.51E-09,0,0,1.60E-07,1.69E-08,2.61E-06,2.71E-08,8.45E-07,7.42E-09,2.16E-09,1.08E-10,1.66E-05,8.56E-07
MZT2-5XD,5/15/19,,,,,3.059,0.093,2.966,0.0025,0.0068,0,0.394,0,8.27E-05,2.01E-06,4.97E-04,1.34E-05,1.34E-04,4.35E-06,1.38E-04,2.87E-07,2.30E-05,5.71E-07,5.05E-07,8.71E-09,1.50E-03,1.93E-05,1.86E-06,1.38E-08,2.41E-08,2.09E-09,0,0,7.19E-07,2.35E-08,2.02E-06,2.28E-08,1.13E-06,1.01E-08,2.03E-09,1.50E-10,1.67E-05,2.35E-06
MZT2-5XD,6/5/19,13:30,7.7,561,0.212,3.106,0.042,3.064,0.001,0.0087,0,0.37,0,7.97E-05,2.81E-06,4.52E-04,8.80E-06,1.33E-04,3.20E-06,1.20E-04,7.63E-07,1.85E-05,3.53E-07,1.51E-07,2.41E-09,1.18E-03,1.61E-05,5.51E-07,1.56E-08,2.66E-08,2.21E-09,0,0,3.01E-07,6.69E-09,2.56E-06,3.26E-08,1.06E-06,9.45E-09,1.39E-09,1.32E-10,1.16E-05,2.25E-06
MZT2-5XD,6/11/19,12:35,7.7,318,1.7,3.118,0.107,3.012,0.0011,0.0131,0,0.182,0,4.71E-05,1.58E-06,1.67E-04,6.25E-06,1.10E-04,3.78E-06,9.09E-05,5.52E-07,9.86E-06,2.38E-07,1.11E-07,2.18E-09,1.45E-03,7.85E-06,5.80E-07,5.25E-09,2.25E-08,2.99E-09,0,0,8.38E-07,2.44E-08,1.63E-06,2.25E-08,1.00E-06,1.28E-08,1.41E-09,1.12E-10,7.83E-06,3.64E-07
MZT2-5XD,6/18/19,11:05,7.77,311,0.621,2.836,0.105,2.731,0.0012,0.01,0,0.175,,6.60E-05,1.58E-06,3.68E-04,7.44E-06,1.15E-04,2.49E-06,1.27E-04,1.14E-06,2.02E-05,4.93E-07,1.07E-07,1.34E-09,1.37E-03,1.49E-05,5.49E-07,1.26E-08,2.98E-08,4.10E-09,4.58E-09,9.33E-10,8.01E-07,2.34E-08,1.82E-06,3.35E-08,1.01E-06,6.05E-09,1.53E-09,1.43E-10,9.33E-06,9.59E-07
MZT2-5XD,6/25/19,11:40,7.72,370,0.358,3.312,0.07,3.242,0.0017,0.0143,0,0.285,0,8.38E-05,8.55E-07,4.58E-04,1.02E-05,1.34E-04,6.19E-06,1.15E-04,1.34E-06,2.20E-05,3.67E-07,1.63E-07,3.92E-09,1.67E-03,1.34E-05,3.08E-07,7.59E-09,0,0,0,0,6.37E-07,1.43E-08,1.95E-06,2.73E-08,1.07E-06,7.72E-09,1.63E-09,1.69E-10,7.41E-06,1.06E-06
MZT2-5XD,7/3/19,13:10,7.82,349,0.169,3.264,0.088,3.176,0.0017,0.0095,0,0.209,0,7.25E-05,1.47E-06,3.94E-04,4.38E-06,1.22E-04,1.69E-06,1.01E-04,1.51E-06,2.10E-05,1.89E-07,1.27E-07,3.10E-09,1.62E-03,1.95E-05,8.29E-07,3.04E-07,2.11E-08,2.47E-09,0,0,8.59E-07,1.43E-08,1.87E-06,1.21E-08,1.03E-06,7.96E-09,1.34E-09,1.33E-10,6.33E-06,9.49E-07
MZT2-5XD,7/10/19,10:45,7.82,365,0.241,3.043,0.039,3.004,0.002,0.0075,0,0.35,0,7.77E-05,7.27E-07,4.16E-04,2.74E-06,1.28E-04,1.33E-06,1.23E-04,1.01E-06,2.22E-05,3.22E-07,1.89E-07,3.81E-09,1.41E-03,1.50E-05,9.29E-07,1.33E-08,1.68E-08,3.50E-09,0,0,4.94E-07,1.55E-08,1.92E-06,2.62E-08,1.10E-06,4.79E-09,1.47E-09,6.23E-11,1.05E-05,1.59E-06
MZT2-5XD,7/17/19,11:15,8.01,375,0.263,3.258,0.009,3.249,0.0016,0.0095,0,0.3668,0,8.18E-05,1.94E-06,4.65E-04,6.36E-06,1.37E-04,3.41E-06,1.37E-04,5.19E-07,2.45E-05,4.47E-07,2.33E-07,6.33E-09,1.57E-03,1.00E-05,1.25E-06,1.43E-08,3.28E-08,2.67E-09,0,0,3.95E-07,1.63E-08,2.01E-06,2.20E-08,1.08E-06,1.83E-08,1.52E-09,7.75E-11,2.03E-05,3.08E-06
MZT2-5XD,7/25/19,12:50,7.8,372,0.236,3.062,0.021,3.041,0.0015,0.0051,0,0.2594,0,7.71E-05,1.70E-06,4.78E-04,9.97E-06,1.40E-04,3.90E-06,1.41E-04,1.24E-06,2.51E-05,5.50E-07,2.32E-07,4.96E-09,1.57E-03,1.78E-05,1.24E-06,8.00E-09,3.43E-08,8.59E-10,0,0,3.31E-07,1.75E-08,2.03E-06,1.43E-08,1.09E-06,1.15E-08,1.56E-09,6.52E-11,2.03E-05,3.18E-06
MZT2-5XD,8/5/19,12:05,8.08,383,0.179,2.833,0.076,2.757,0.0019,0.0057,0,0.3798,0,7.38E-05,1.50E-06,4.83E-04,6.51E-06,1.41E-04,2.58E-06,1.44E-04,8.17E-07,2.53E-05,2.30E-07,2.50E-07,4.51E-09,1.60E-03,1.03E-05,1.39E-06,1.59E-08,3.41E-08,8.41E-10,0,0,2.42E-07,1.60E-08,2.03E-06,1.16E-08,1.09E-06,1.62E-08,1.59E-09,7.08E-11,2.13E-05,3.38E-06
MZT2-5XD,8/12/19,17:00,7.25,374,0.24,3.057,0.043,3.014,0.0013,0.0065,0,0.3791,0,6.48E-05,9.99E-07,4.56E-04,6.53E-06,1.40E-04,2.82E-06,1.42E-04,1.50E-06,2.33E-05,3.22E-07,2.62E-07,5.90E-09,1.47E-03,5.70E-06,1.37E-06,2.71E-08,2.57E-08,3.71E-09,0,0,2.29E-07,1.69E-08,2.01E-06,1.78E-08,1.13E-06,1.49E-08,1.62E-09,1.27E-10,1.61E-05,2.48E-06
MZT2-5XD,8/28/19,12:40,7.55,492,0.241,3.122,0.039,3.082,0,0.0069,0,0.2782,0,6.95E-05,9.02E-07,4.88E-04,9.45E-06,1.46E-04,3.75E-06,1.53E-04,1.36E-06,2.51E-05,6.06E-07,2.83E-07,3.88E-09,1.58E-03,1.77E-05,1.62E-06,8.92E-09,2.71E-08,3.19E-09,0,0,7.13E-07,1.73E-08,2.00E-06,3.93E-08,1.13E-06,1.16E-08,1.56E-09,1.23E-10,2.04E-05,2.74E-06
MZT2-5XD,9/18/19,10:20,7.88,418,0.199,2.943,0.107,2.837,0.0017,0.0064,0,0.3658,0,7.78E-05,2.67E-06,4.79E-04,7.50E-06,1.40E-04,4.86E-06,1.44E-04,1.59E-06,2.43E-05,3.97E-07,2.78E-07,6.61E-09,1.62E-03,6.50E-06,1.53E-06,9.32E-09,2.79E-08,2.82E-09,0,0,5.84E-07,1.57E-08,1.93E-06,1.54E-08,1.07E-06,1.21E-08,1.70E-09,2.07E-10,1.96E-05,2.37E-06
MZT2-5XD,10/1/19,12:40,7.87,368,,3.019,0.012,3.007,0,0.0065,0,0.3761,0,,,,,,,,,,,,,,,,,,,,,,,,,,,,,,