TIME_UNITS h
DATA_UNITS m
!h  x   y   z
0.0000E+00	0.0000E+00	0.0000E+00	1.0175E+00
1.0000E+00	0.0000E+00	0.0000E+00	1.0175E+00
2.0000E+00	0.0000E+00	0.0000E+00	1.0435E+00
3.0000E+00	0.0000E+00	0.0000E+00	1.0673E+00
4.0000E+00	0.0000E+00	0.0000E+00	1.0913E+00
5.0000E+00	0.0000E+00	0.0000E+00	1.1152E+00
6.0000E+00	0.0000E+00	0.0000E+00	1.1391E+00
7.0000E+00	0.0000E+00	0.0000E+00	1.1586E+00
8.0000E+00	0.0000E+00	0.0000E+00	1.1499E+00
9.0000E+00	0.0000E+00	0.0000E+00	9.7319E-01
1.0000E+01	0.0000E+00	0.0000E+00	9.9189E-01
1.1000E+01	0.0000E+00	0.0000E+00	9.6450E-01
1.2000E+01	0.0000E+00	0.0000E+00	9.7103E-01
1.3000E+01	0.0000E+00	0.0000E+00	9.7873E-01
1.4000E+01	0.0000E+00	0.0000E+00	9.7819E-01
1.5000E+01	0.0000E+00	0.0000E+00	9.8426E-01
1.6000E+01	0.0000E+00	0.0000E+00	9.9952E-01
1.7000E+01	0.0000E+00	0.0000E+00	1.0003E+00
1.8000E+01	0.0000E+00	0.0000E+00	1.0080E+00
1.9000E+01	0.0000E+00	0.0000E+00	1.0164E+00
2.0000E+01	0.0000E+00	0.0000E+00	1.0152E+00
2.1000E+01	0.0000E+00	0.0000E+00	1.0147E+00
2.2000E+01	0.0000E+00	0.0000E+00	1.0134E+00
2.3000E+01	0.0000E+00	0.0000E+00	1.0184E+00
2.4000E+01	0.0000E+00	0.0000E+00	1.0284E+00
2.5000E+01	0.0000E+00	0.0000E+00	1.0425E+00
2.6000E+01	0.0000E+00	0.0000E+00	1.0606E+00
2.7000E+01	0.0000E+00	0.0000E+00	1.0798E+00
2.8000E+01	0.0000E+00	0.0000E+00	1.1039E+00
2.9000E+01	0.0000E+00	0.0000E+00	1.1258E+00
3.0000E+01	0.0000E+00	0.0000E+00	1.1507E+00
3.1000E+01	0.0000E+00	0.0000E+00	1.1709E+00
3.2000E+01	0.0000E+00	0.0000E+00	1.1587E+00
3.3000E+01	0.0000E+00	0.0000E+00	1.0037E+00
3.4000E+01	0.0000E+00	0.0000E+00	1.0196E+00
3.5000E+01	0.0000E+00	0.0000E+00	9.9587E-01
3.6000E+01	0.0000E+00	0.0000E+00	9.9983E-01
3.7000E+01	0.0000E+00	0.0000E+00	1.0016E+00
3.8000E+01	0.0000E+00	0.0000E+00	1.0004E+00
3.9000E+01	0.0000E+00	0.0000E+00	1.0050E+00
4.0000E+01	0.0000E+00	0.0000E+00	1.0173E+00
4.1000E+01	0.0000E+00	0.0000E+00	1.0290E+00
4.2000E+01	0.0000E+00	0.0000E+00	1.0272E+00
4.3000E+01	0.0000E+00	0.0000E+00	1.0345E+00
4.4000E+01	0.0000E+00	0.0000E+00	1.0276E+00
4.5000E+01	0.0000E+00	0.0000E+00	1.0249E+00
4.6000E+01	0.0000E+00	0.0000E+00	1.0142E+00
4.7000E+01	0.0000E+00	0.0000E+00	1.0133E+00
4.8000E+01	0.0000E+00	0.0000E+00	1.0120E+00
4.9000E+01	0.0000E+00	0.0000E+00	1.0182E+00
5.0000E+01	0.0000E+00	0.0000E+00	1.0403E+00
5.1000E+01	0.0000E+00	0.0000E+00	1.0593E+00
5.2000E+01	0.0000E+00	0.0000E+00	1.0737E+00
5.3000E+01	0.0000E+00	0.0000E+00	1.0947E+00
5.4000E+01	0.0000E+00	0.0000E+00	1.1071E+00
5.5000E+01	0.0000E+00	0.0000E+00	1.0976E+00
5.6000E+01	0.0000E+00	0.0000E+00	1.0397E+00
5.7000E+01	0.0000E+00	0.0000E+00	1.0031E+00
5.8000E+01	0.0000E+00	0.0000E+00	1.0031E+00
5.9000E+01	0.0000E+00	0.0000E+00	9.9663E-01
6.0000E+01	0.0000E+00	0.0000E+00	9.9526E-01
6.1000E+01	0.0000E+00	0.0000E+00	1.0009E+00
6.2000E+01	0.0000E+00	0.0000E+00	1.0076E+00
6.3000E+01	0.0000E+00	0.0000E+00	1.0198E+00
6.4000E+01	0.0000E+00	0.0000E+00	1.0195E+00
6.5000E+01	0.0000E+00	0.0000E+00	1.0223E+00
6.6000E+01	0.0000E+00	0.0000E+00	1.0241E+00
6.7000E+01	0.0000E+00	0.0000E+00	1.0154E+00
6.8000E+01	0.0000E+00	0.0000E+00	1.0158E+00
6.9000E+01	0.0000E+00	0.0000E+00	1.0131E+00
7.0000E+01	0.0000E+00	0.0000E+00	1.0103E+00
7.1000E+01	0.0000E+00	0.0000E+00	1.0030E+00
7.2000E+01	0.0000E+00	0.0000E+00	1.0227E+00
7.3000E+01	0.0000E+00	0.0000E+00	1.0409E+00
7.4000E+01	0.0000E+00	0.0000E+00	1.0568E+00
7.5000E+01	0.0000E+00	0.0000E+00	1.0738E+00
7.6000E+01	0.0000E+00	0.0000E+00	1.0893E+00
7.7000E+01	0.0000E+00	0.0000E+00	1.0955E+00
7.8000E+01	0.0000E+00	0.0000E+00	1.1111E+00
7.9000E+01	0.0000E+00	0.0000E+00	1.1284E+00
8.0000E+01	0.0000E+00	0.0000E+00	1.1121E+00
8.1000E+01	0.0000E+00	0.0000E+00	1.0034E+00
8.2000E+01	0.0000E+00	0.0000E+00	1.0059E+00
8.3000E+01	0.0000E+00	0.0000E+00	1.0001E+00
8.4000E+01	0.0000E+00	0.0000E+00	1.0104E+00
8.5000E+01	0.0000E+00	0.0000E+00	1.0075E+00
8.6000E+01	0.0000E+00	0.0000E+00	1.0211E+00
8.7000E+01	0.0000E+00	0.0000E+00	1.0461E+00
8.8000E+01	0.0000E+00	0.0000E+00	1.0500E+00
8.9000E+01	0.0000E+00	0.0000E+00	1.0549E+00
9.0000E+01	0.0000E+00	0.0000E+00	1.0569E+00
9.1000E+01	0.0000E+00	0.0000E+00	1.0572E+00
9.2000E+01	0.0000E+00	0.0000E+00	1.0518E+00
9.3000E+01	0.0000E+00	0.0000E+00	1.0506E+00
9.4000E+01	0.0000E+00	0.0000E+00	1.0452E+00
9.5000E+01	0.0000E+00	0.0000E+00	1.0460E+00
9.6000E+01	0.0000E+00	0.0000E+00	1.0445E+00
9.7000E+01	0.0000E+00	0.0000E+00	1.0411E+00
9.8000E+01	0.0000E+00	0.0000E+00	1.0403E+00
9.9000E+01	0.0000E+00	0.0000E+00	1.0412E+00
1.0000E+02	0.0000E+00	0.0000E+00	1.0340E+00
1.0100E+02	0.0000E+00	0.0000E+00	1.0422E+00
1.0200E+02	0.0000E+00	0.0000E+00	1.0547E+00
1.0300E+02	0.0000E+00	0.0000E+00	1.0693E+00
1.0400E+02	0.0000E+00	0.0000E+00	1.0435E+00
1.0500E+02	0.0000E+00	0.0000E+00	1.0383E+00
1.0600E+02	0.0000E+00	0.0000E+00	1.0371E+00
1.0700E+02	0.0000E+00	0.0000E+00	1.0364E+00
1.0800E+02	0.0000E+00	0.0000E+00	1.0429E+00
1.0900E+02	0.0000E+00	0.0000E+00	1.0530E+00
1.1000E+02	0.0000E+00	0.0000E+00	1.0668E+00
1.1100E+02	0.0000E+00	0.0000E+00	1.0687E+00
1.1200E+02	0.0000E+00	0.0000E+00	1.0697E+00
1.1300E+02	0.0000E+00	0.0000E+00	1.0752E+00
1.1400E+02	0.0000E+00	0.0000E+00	1.0848E+00
1.1500E+02	0.0000E+00	0.0000E+00	1.0887E+00
1.1600E+02	0.0000E+00	0.0000E+00	1.0860E+00
1.1700E+02	0.0000E+00	0.0000E+00	1.0783E+00
1.1800E+02	0.0000E+00	0.0000E+00	1.0773E+00
1.1900E+02	0.0000E+00	0.0000E+00	1.0715E+00
1.2000E+02	0.0000E+00	0.0000E+00	1.0757E+00
1.2100E+02	0.0000E+00	0.0000E+00	1.0814E+00
1.2200E+02	0.0000E+00	0.0000E+00	1.0893E+00
1.2300E+02	0.0000E+00	0.0000E+00	1.1001E+00
1.2400E+02	0.0000E+00	0.0000E+00	1.1155E+00
1.2500E+02	0.0000E+00	0.0000E+00	1.1240E+00
1.2600E+02	0.0000E+00	0.0000E+00	1.1372E+00
1.2700E+02	0.0000E+00	0.0000E+00	1.1480E+00
1.2800E+02	0.0000E+00	0.0000E+00	1.1328E+00
1.2900E+02	0.0000E+00	0.0000E+00	1.0666E+00
1.3000E+02	0.0000E+00	0.0000E+00	1.0739E+00
1.3100E+02	0.0000E+00	0.0000E+00	1.0801E+00
1.3200E+02	0.0000E+00	0.0000E+00	1.0839E+00
1.3300E+02	0.0000E+00	0.0000E+00	1.0966E+00
1.3400E+02	0.0000E+00	0.0000E+00	1.0967E+00
1.3500E+02	0.0000E+00	0.0000E+00	1.0869E+00
1.3600E+02	0.0000E+00	0.0000E+00	1.0937E+00
1.3700E+02	0.0000E+00	0.0000E+00	1.0971E+00
1.3800E+02	0.0000E+00	0.0000E+00	1.1037E+00
1.3900E+02	0.0000E+00	0.0000E+00	1.1081E+00
1.4000E+02	0.0000E+00	0.0000E+00	1.0998E+00
1.4100E+02	0.0000E+00	0.0000E+00	1.1061E+00
1.4200E+02	0.0000E+00	0.0000E+00	1.1049E+00
1.4300E+02	0.0000E+00	0.0000E+00	1.1009E+00
1.4400E+02	0.0000E+00	0.0000E+00	1.0997E+00
1.4500E+02	0.0000E+00	0.0000E+00	1.0944E+00
1.4600E+02	0.0000E+00	0.0000E+00	1.0918E+00
1.4700E+02	0.0000E+00	0.0000E+00	1.0868E+00
1.4800E+02	0.0000E+00	0.0000E+00	1.0908E+00
1.4900E+02	0.0000E+00	0.0000E+00	1.0940E+00
1.5000E+02	0.0000E+00	0.0000E+00	1.0857E+00
1.5100E+02	0.0000E+00	0.0000E+00	1.0869E+00
1.5200E+02	0.0000E+00	0.0000E+00	1.0824E+00
1.5300E+02	0.0000E+00	0.0000E+00	1.0815E+00
1.5400E+02	0.0000E+00	0.0000E+00	1.0922E+00
1.5500E+02	0.0000E+00	0.0000E+00	1.0978E+00
1.5600E+02	0.0000E+00	0.0000E+00	1.0999E+00
1.5700E+02	0.0000E+00	0.0000E+00	1.1019E+00
1.5800E+02	0.0000E+00	0.0000E+00	1.1062E+00
1.5900E+02	0.0000E+00	0.0000E+00	1.1224E+00
1.6000E+02	0.0000E+00	0.0000E+00	1.1311E+00
1.6100E+02	0.0000E+00	0.0000E+00	1.1456E+00
1.6200E+02	0.0000E+00	0.0000E+00	1.1675E+00
1.6300E+02	0.0000E+00	0.0000E+00	1.1573E+00
1.6400E+02	0.0000E+00	0.0000E+00	1.1581E+00
1.6500E+02	0.0000E+00	0.0000E+00	1.1670E+00
1.6600E+02	0.0000E+00	0.0000E+00	1.1576E+00
1.6700E+02	0.0000E+00	0.0000E+00	1.1503E+00
1.6800E+02	0.0000E+00	0.0000E+00	1.1515E+00
1.6900E+02	0.0000E+00	0.0000E+00	1.1498E+00
1.7000E+02	0.0000E+00	0.0000E+00	1.1421E+00
1.7100E+02	0.0000E+00	0.0000E+00	1.1568E+00
1.7200E+02	0.0000E+00	0.0000E+00	1.1719E+00
1.7300E+02	0.0000E+00	0.0000E+00	1.1834E+00
1.7400E+02	0.0000E+00	0.0000E+00	1.1968E+00
1.7500E+02	0.0000E+00	0.0000E+00	1.2075E+00
1.7600E+02	0.0000E+00	0.0000E+00	1.1796E+00
1.7700E+02	0.0000E+00	0.0000E+00	1.1471E+00
1.7800E+02	0.0000E+00	0.0000E+00	1.1589E+00
1.7900E+02	0.0000E+00	0.0000E+00	1.1807E+00
1.8000E+02	0.0000E+00	0.0000E+00	1.1603E+00
1.8100E+02	0.0000E+00	0.0000E+00	1.1541E+00
1.8200E+02	0.0000E+00	0.0000E+00	1.1506E+00
1.8300E+02	0.0000E+00	0.0000E+00	1.1587E+00
1.8400E+02	0.0000E+00	0.0000E+00	1.1700E+00
1.8500E+02	0.0000E+00	0.0000E+00	1.1795E+00
1.8600E+02	0.0000E+00	0.0000E+00	1.1761E+00
1.8700E+02	0.0000E+00	0.0000E+00	1.1884E+00
1.8800E+02	0.0000E+00	0.0000E+00	1.2003E+00
1.8900E+02	0.0000E+00	0.0000E+00	1.2094E+00
1.9000E+02	0.0000E+00	0.0000E+00	1.2038E+00
1.9100E+02	0.0000E+00	0.0000E+00	1.2039E+00
1.9200E+02	0.0000E+00	0.0000E+00	1.2087E+00
1.9300E+02	0.0000E+00	0.0000E+00	1.2075E+00
1.9400E+02	0.0000E+00	0.0000E+00	1.2175E+00
1.9500E+02	0.0000E+00	0.0000E+00	1.2230E+00
1.9600E+02	0.0000E+00	0.0000E+00	1.2178E+00
1.9700E+02	0.0000E+00	0.0000E+00	1.2261E+00
1.9800E+02	0.0000E+00	0.0000E+00	1.2245E+00
1.9900E+02	0.0000E+00	0.0000E+00	1.2235E+00
2.0000E+02	0.0000E+00	0.0000E+00	1.2253E+00
2.0100E+02	0.0000E+00	0.0000E+00	1.2126E+00
2.0200E+02	0.0000E+00	0.0000E+00	1.2110E+00
2.0300E+02	0.0000E+00	0.0000E+00	1.2203E+00
2.0400E+02	0.0000E+00	0.0000E+00	1.2135E+00
2.0500E+02	0.0000E+00	0.0000E+00	1.2367E+00
2.0600E+02	0.0000E+00	0.0000E+00	1.2468E+00
2.0700E+02	0.0000E+00	0.0000E+00	1.2393E+00
2.0800E+02	0.0000E+00	0.0000E+00	1.2539E+00
2.0900E+02	0.0000E+00	0.0000E+00	1.2644E+00
2.1000E+02	0.0000E+00	0.0000E+00	1.2765E+00
2.1100E+02	0.0000E+00	0.0000E+00	1.2912E+00
2.1200E+02	0.0000E+00	0.0000E+00	1.2909E+00
2.1300E+02	0.0000E+00	0.0000E+00	1.2932E+00
2.1400E+02	0.0000E+00	0.0000E+00	1.2955E+00
2.1500E+02	0.0000E+00	0.0000E+00	1.2946E+00
2.1600E+02	0.0000E+00	0.0000E+00	1.2867E+00
2.1700E+02	0.0000E+00	0.0000E+00	1.2735E+00
2.1800E+02	0.0000E+00	0.0000E+00	1.2673E+00
2.1900E+02	0.0000E+00	0.0000E+00	1.2655E+00
2.2000E+02	0.0000E+00	0.0000E+00	1.2535E+00
2.2100E+02	0.0000E+00	0.0000E+00	1.2445E+00
2.2200E+02	0.0000E+00	0.0000E+00	1.2385E+00
2.2300E+02	0.0000E+00	0.0000E+00	1.2385E+00
2.2400E+02	0.0000E+00	0.0000E+00	1.2291E+00
2.2500E+02	0.0000E+00	0.0000E+00	1.2313E+00
2.2600E+02	0.0000E+00	0.0000E+00	1.2231E+00
2.2700E+02	0.0000E+00	0.0000E+00	1.2265E+00
2.2800E+02	0.0000E+00	0.0000E+00	1.2210E+00
2.2900E+02	0.0000E+00	0.0000E+00	1.2269E+00
2.3000E+02	0.0000E+00	0.0000E+00	1.2340E+00
2.3100E+02	0.0000E+00	0.0000E+00	1.2436E+00
2.3200E+02	0.0000E+00	0.0000E+00	1.2502E+00
2.3300E+02	0.0000E+00	0.0000E+00	1.2601E+00
2.3400E+02	0.0000E+00	0.0000E+00	1.2630E+00
2.3500E+02	0.0000E+00	0.0000E+00	1.2716E+00
2.3600E+02	0.0000E+00	0.0000E+00	1.2668E+00
2.3700E+02	0.0000E+00	0.0000E+00	1.2756E+00
2.3800E+02	0.0000E+00	0.0000E+00	1.2763E+00
2.3900E+02	0.0000E+00	0.0000E+00	1.2799E+00
2.4000E+02	0.0000E+00	0.0000E+00	1.2810E+00
2.4100E+02	0.0000E+00	0.0000E+00	1.2723E+00
2.4200E+02	0.0000E+00	0.0000E+00	1.2656E+00
2.4300E+02	0.0000E+00	0.0000E+00	1.2642E+00
2.4400E+02	0.0000E+00	0.0000E+00	1.2603E+00
2.4500E+02	0.0000E+00	0.0000E+00	1.2501E+00
2.4600E+02	0.0000E+00	0.0000E+00	1.2496E+00
2.4700E+02	0.0000E+00	0.0000E+00	1.2404E+00
2.4800E+02	0.0000E+00	0.0000E+00	1.2313E+00
2.4900E+02	0.0000E+00	0.0000E+00	1.2412E+00
2.5000E+02	0.0000E+00	0.0000E+00	1.2350E+00
2.5100E+02	0.0000E+00	0.0000E+00	1.2240E+00
2.5200E+02	0.0000E+00	0.0000E+00	1.2254E+00
2.5300E+02	0.0000E+00	0.0000E+00	1.2269E+00
2.5400E+02	0.0000E+00	0.0000E+00	1.2249E+00
2.5500E+02	0.0000E+00	0.0000E+00	1.2234E+00
2.5600E+02	0.0000E+00	0.0000E+00	1.2347E+00
2.5700E+02	0.0000E+00	0.0000E+00	1.2209E+00
2.5800E+02	0.0000E+00	0.0000E+00	1.2317E+00
2.5900E+02	0.0000E+00	0.0000E+00	1.2345E+00
2.6000E+02	0.0000E+00	0.0000E+00	1.2299E+00
2.6100E+02	0.0000E+00	0.0000E+00	1.2347E+00
2.6200E+02	0.0000E+00	0.0000E+00	1.2385E+00
2.6300E+02	0.0000E+00	0.0000E+00	1.2457E+00
2.6400E+02	0.0000E+00	0.0000E+00	1.2335E+00
2.6500E+02	0.0000E+00	0.0000E+00	1.2336E+00
2.6600E+02	0.0000E+00	0.0000E+00	1.2269E+00
2.6700E+02	0.0000E+00	0.0000E+00	1.2161E+00
2.6800E+02	0.0000E+00	0.0000E+00	1.2141E+00
2.6900E+02	0.0000E+00	0.0000E+00	1.2157E+00
2.7000E+02	0.0000E+00	0.0000E+00	1.2055E+00
2.7100E+02	0.0000E+00	0.0000E+00	1.2082E+00
2.7200E+02	0.0000E+00	0.0000E+00	1.2107E+00
2.7300E+02	0.0000E+00	0.0000E+00	1.1960E+00
2.7400E+02	0.0000E+00	0.0000E+00	1.2009E+00
2.7500E+02	0.0000E+00	0.0000E+00	1.1895E+00
2.7600E+02	0.0000E+00	0.0000E+00	1.1974E+00
2.7700E+02	0.0000E+00	0.0000E+00	1.2037E+00
2.7800E+02	0.0000E+00	0.0000E+00	1.2009E+00
2.7900E+02	0.0000E+00	0.0000E+00	1.1991E+00
2.8000E+02	0.0000E+00	0.0000E+00	1.2025E+00
2.8100E+02	0.0000E+00	0.0000E+00	1.1924E+00
2.8200E+02	0.0000E+00	0.0000E+00	1.1893E+00
2.8300E+02	0.0000E+00	0.0000E+00	1.1893E+00
2.8400E+02	0.0000E+00	0.0000E+00	1.1803E+00
2.8500E+02	0.0000E+00	0.0000E+00	1.1813E+00
2.8600E+02	0.0000E+00	0.0000E+00	1.1734E+00
2.8700E+02	0.0000E+00	0.0000E+00	1.1758E+00
2.8800E+02	0.0000E+00	0.0000E+00	1.1759E+00
2.8900E+02	0.0000E+00	0.0000E+00	1.1674E+00
2.9000E+02	0.0000E+00	0.0000E+00	1.1685E+00
2.9100E+02	0.0000E+00	0.0000E+00	1.1634E+00
2.9200E+02	0.0000E+00	0.0000E+00	1.1567E+00
2.9300E+02	0.0000E+00	0.0000E+00	1.1537E+00
2.9400E+02	0.0000E+00	0.0000E+00	1.1401E+00
2.9500E+02	0.0000E+00	0.0000E+00	1.1473E+00
2.9600E+02	0.0000E+00	0.0000E+00	1.1383E+00
2.9700E+02	0.0000E+00	0.0000E+00	1.1388E+00
2.9800E+02	0.0000E+00	0.0000E+00	1.1515E+00
2.9900E+02	0.0000E+00	0.0000E+00	1.1502E+00
3.0000E+02	0.0000E+00	0.0000E+00	1.1555E+00
3.0100E+02	0.0000E+00	0.0000E+00	1.1560E+00
3.0200E+02	0.0000E+00	0.0000E+00	1.1490E+00
3.0300E+02	0.0000E+00	0.0000E+00	1.1463E+00
3.0400E+02	0.0000E+00	0.0000E+00	1.1450E+00
3.0500E+02	0.0000E+00	0.0000E+00	1.1365E+00
3.0600E+02	0.0000E+00	0.0000E+00	1.1344E+00
3.0700E+02	0.0000E+00	0.0000E+00	1.1279E+00
3.0800E+02	0.0000E+00	0.0000E+00	1.1260E+00
3.0900E+02	0.0000E+00	0.0000E+00	1.1161E+00
3.1000E+02	0.0000E+00	0.0000E+00	1.1113E+00
3.1100E+02	0.0000E+00	0.0000E+00	1.1121E+00
3.1200E+02	0.0000E+00	0.0000E+00	1.1015E+00
3.1300E+02	0.0000E+00	0.0000E+00	1.0977E+00
3.1400E+02	0.0000E+00	0.0000E+00	1.0882E+00
3.1500E+02	0.0000E+00	0.0000E+00	1.0930E+00
3.1600E+02	0.0000E+00	0.0000E+00	1.0846E+00
3.1700E+02	0.0000E+00	0.0000E+00	1.0937E+00
3.1800E+02	0.0000E+00	0.0000E+00	1.0967E+00
3.1900E+02	0.0000E+00	0.0000E+00	1.0990E+00
3.2000E+02	0.0000E+00	0.0000E+00	1.0762E+00
3.2100E+02	0.0000E+00	0.0000E+00	1.0928E+00
3.2200E+02	0.0000E+00	0.0000E+00	1.1087E+00
3.2300E+02	0.0000E+00	0.0000E+00	1.1097E+00
3.2400E+02	0.0000E+00	0.0000E+00	1.1140E+00
3.2500E+02	0.0000E+00	0.0000E+00	1.1045E+00
3.2600E+02	0.0000E+00	0.0000E+00	1.1011E+00
3.2700E+02	0.0000E+00	0.0000E+00	1.1037E+00
3.2800E+02	0.0000E+00	0.0000E+00	1.0958E+00
3.2900E+02	0.0000E+00	0.0000E+00	1.0995E+00
3.3000E+02	0.0000E+00	0.0000E+00	1.0972E+00
3.3100E+02	0.0000E+00	0.0000E+00	1.1034E+00
3.3200E+02	0.0000E+00	0.0000E+00	1.0969E+00
3.3300E+02	0.0000E+00	0.0000E+00	1.0967E+00
3.3400E+02	0.0000E+00	0.0000E+00	1.0926E+00
3.3500E+02	0.0000E+00	0.0000E+00	1.0968E+00
3.3600E+02	0.0000E+00	0.0000E+00	1.0869E+00
3.3700E+02	0.0000E+00	0.0000E+00	1.0828E+00
3.3800E+02	0.0000E+00	0.0000E+00	1.0830E+00
3.3900E+02	0.0000E+00	0.0000E+00	1.0791E+00
3.4000E+02	0.0000E+00	0.0000E+00	1.0769E+00
3.4100E+02	0.0000E+00	0.0000E+00	1.0786E+00
3.4200E+02	0.0000E+00	0.0000E+00	1.0705E+00
3.4300E+02	0.0000E+00	0.0000E+00	1.0681E+00
3.4400E+02	0.0000E+00	0.0000E+00	1.0664E+00
3.4500E+02	0.0000E+00	0.0000E+00	1.0652E+00
3.4600E+02	0.0000E+00	0.0000E+00	1.0757E+00
3.4700E+02	0.0000E+00	0.0000E+00	1.0797E+00
3.4800E+02	0.0000E+00	0.0000E+00	1.0878E+00
3.4900E+02	0.0000E+00	0.0000E+00	1.0803E+00
3.5000E+02	0.0000E+00	0.0000E+00	1.0866E+00
3.5100E+02	0.0000E+00	0.0000E+00	1.0860E+00
3.5200E+02	0.0000E+00	0.0000E+00	1.0780E+00
3.5300E+02	0.0000E+00	0.0000E+00	1.0862E+00
3.5400E+02	0.0000E+00	0.0000E+00	1.0873E+00
3.5500E+02	0.0000E+00	0.0000E+00	1.0964E+00
3.5600E+02	0.0000E+00	0.0000E+00	1.1004E+00
3.5700E+02	0.0000E+00	0.0000E+00	1.0960E+00
3.5800E+02	0.0000E+00	0.0000E+00	1.1018E+00
3.5900E+02	0.0000E+00	0.0000E+00	1.0982E+00
3.6000E+02	0.0000E+00	0.0000E+00	1.0927E+00
3.6100E+02	0.0000E+00	0.0000E+00	1.0968E+00
3.6200E+02	0.0000E+00	0.0000E+00	1.0929E+00
3.6300E+02	0.0000E+00	0.0000E+00	1.0914E+00
3.6400E+02	0.0000E+00	0.0000E+00	1.0881E+00
3.6500E+02	0.0000E+00	0.0000E+00	1.0924E+00
3.6600E+02	0.0000E+00	0.0000E+00	1.0789E+00
3.6700E+02	0.0000E+00	0.0000E+00	1.0823E+00
3.6800E+02	0.0000E+00	0.0000E+00	1.0786E+00
3.6900E+02	0.0000E+00	0.0000E+00	1.0768E+00
3.7000E+02	0.0000E+00	0.0000E+00	1.0854E+00
3.7100E+02	0.0000E+00	0.0000E+00	1.0864E+00
3.7200E+02	0.0000E+00	0.0000E+00	1.0841E+00
3.7300E+02	0.0000E+00	0.0000E+00	1.0829E+00
3.7400E+02	0.0000E+00	0.0000E+00	1.0852E+00
3.7500E+02	0.0000E+00	0.0000E+00	1.0866E+00
3.7600E+02	0.0000E+00	0.0000E+00	1.0887E+00
3.7700E+02	0.0000E+00	0.0000E+00	1.0944E+00
3.7800E+02	0.0000E+00	0.0000E+00	1.1005E+00
3.7900E+02	0.0000E+00	0.0000E+00	1.1043E+00
3.8000E+02	0.0000E+00	0.0000E+00	1.1069E+00
3.8100E+02	0.0000E+00	0.0000E+00	1.1094E+00
3.8200E+02	0.0000E+00	0.0000E+00	1.1045E+00
3.8300E+02	0.0000E+00	0.0000E+00	1.1069E+00
3.8400E+02	0.0000E+00	0.0000E+00	1.1029E+00
3.8500E+02	0.0000E+00	0.0000E+00	1.0984E+00
3.8600E+02	0.0000E+00	0.0000E+00	1.0960E+00
3.8700E+02	0.0000E+00	0.0000E+00	1.0959E+00
3.8800E+02	0.0000E+00	0.0000E+00	1.0904E+00
3.8900E+02	0.0000E+00	0.0000E+00	1.0915E+00
3.9000E+02	0.0000E+00	0.0000E+00	1.0897E+00
3.9100E+02	0.0000E+00	0.0000E+00	1.0864E+00
3.9200E+02	0.0000E+00	0.0000E+00	1.0831E+00
3.9300E+02	0.0000E+00	0.0000E+00	1.0915E+00
3.9400E+02	0.0000E+00	0.0000E+00	1.0871E+00
3.9500E+02	0.0000E+00	0.0000E+00	1.0821E+00
3.9600E+02	0.0000E+00	0.0000E+00	1.0914E+00
3.9700E+02	0.0000E+00	0.0000E+00	1.0894E+00
3.9800E+02	0.0000E+00	0.0000E+00	1.0932E+00
3.9900E+02	0.0000E+00	0.0000E+00	1.1054E+00
4.0000E+02	0.0000E+00	0.0000E+00	1.1188E+00
4.0100E+02	0.0000E+00	0.0000E+00	1.1471E+00
4.0200E+02	0.0000E+00	0.0000E+00	1.1604E+00
4.0300E+02	0.0000E+00	0.0000E+00	1.1711E+00
4.0400E+02	0.0000E+00	0.0000E+00	1.1723E+00
4.0500E+02	0.0000E+00	0.0000E+00	1.1694E+00
4.0600E+02	0.0000E+00	0.0000E+00	1.1668E+00
4.0700E+02	0.0000E+00	0.0000E+00	1.1573E+00
4.0800E+02	0.0000E+00	0.0000E+00	1.1567E+00
4.0900E+02	0.0000E+00	0.0000E+00	1.1600E+00
4.1000E+02	0.0000E+00	0.0000E+00	1.1570E+00
4.1100E+02	0.0000E+00	0.0000E+00	1.1496E+00
4.1200E+02	0.0000E+00	0.0000E+00	1.1458E+00
4.1300E+02	0.0000E+00	0.0000E+00	1.1318E+00
4.1400E+02	0.0000E+00	0.0000E+00	1.1408E+00
4.1500E+02	0.0000E+00	0.0000E+00	1.1301E+00
4.1600E+02	0.0000E+00	0.0000E+00	1.1332E+00
4.1700E+02	0.0000E+00	0.0000E+00	1.1331E+00
4.1800E+02	0.0000E+00	0.0000E+00	1.1320E+00
4.1900E+02	0.0000E+00	0.0000E+00	1.1356E+00
4.2000E+02	0.0000E+00	0.0000E+00	1.1396E+00
4.2100E+02	0.0000E+00	0.0000E+00	1.1418E+00
4.2200E+02	0.0000E+00	0.0000E+00	1.1530E+00
4.2300E+02	0.0000E+00	0.0000E+00	1.1641E+00
4.2400E+02	0.0000E+00	0.0000E+00	1.1759E+00
4.2500E+02	0.0000E+00	0.0000E+00	1.1832E+00
4.2600E+02	0.0000E+00	0.0000E+00	1.1867E+00
4.2700E+02	0.0000E+00	0.0000E+00	1.2002E+00
4.2800E+02	0.0000E+00	0.0000E+00	1.2091E+00
4.2900E+02	0.0000E+00	0.0000E+00	1.2063E+00
4.3000E+02	0.0000E+00	0.0000E+00	1.2014E+00
4.3100E+02	0.0000E+00	0.0000E+00	1.2022E+00
4.3200E+02	0.0000E+00	0.0000E+00	1.1974E+00
4.3300E+02	0.0000E+00	0.0000E+00	1.1900E+00
4.3400E+02	0.0000E+00	0.0000E+00	1.1883E+00
4.3500E+02	0.0000E+00	0.0000E+00	1.1853E+00
4.3600E+02	0.0000E+00	0.0000E+00	1.1824E+00
4.3700E+02	0.0000E+00	0.0000E+00	1.1831E+00
4.3800E+02	0.0000E+00	0.0000E+00	1.1761E+00
4.3900E+02	0.0000E+00	0.0000E+00	1.1701E+00
4.4000E+02	0.0000E+00	0.0000E+00	1.1673E+00
4.4100E+02	0.0000E+00	0.0000E+00	1.1704E+00
4.4200E+02	0.0000E+00	0.0000E+00	1.1650E+00
4.4300E+02	0.0000E+00	0.0000E+00	1.1644E+00
4.4400E+02	0.0000E+00	0.0000E+00	1.1745E+00
4.4500E+02	0.0000E+00	0.0000E+00	1.1770E+00
4.4600E+02	0.0000E+00	0.0000E+00	1.1897E+00
4.4700E+02	0.0000E+00	0.0000E+00	1.1950E+00
4.4800E+02	0.0000E+00	0.0000E+00	1.1878E+00
4.4900E+02	0.0000E+00	0.0000E+00	1.2084E+00
4.5000E+02	0.0000E+00	0.0000E+00	1.2151E+00
4.5100E+02	0.0000E+00	0.0000E+00	1.2250E+00
4.5200E+02	0.0000E+00	0.0000E+00	1.2229E+00
4.5300E+02	0.0000E+00	0.0000E+00	1.2341E+00
4.5400E+02	0.0000E+00	0.0000E+00	1.2236E+00
4.5500E+02	0.0000E+00	0.0000E+00	1.2165E+00
4.5600E+02	0.0000E+00	0.0000E+00	1.2048E+00
4.5700E+02	0.0000E+00	0.0000E+00	1.2114E+00
4.5800E+02	0.0000E+00	0.0000E+00	1.2067E+00
4.5900E+02	0.0000E+00	0.0000E+00	1.1962E+00
4.6000E+02	0.0000E+00	0.0000E+00	1.1884E+00
4.6100E+02	0.0000E+00	0.0000E+00	1.1893E+00
4.6200E+02	0.0000E+00	0.0000E+00	1.1887E+00
4.6300E+02	0.0000E+00	0.0000E+00	1.1843E+00
4.6400E+02	0.0000E+00	0.0000E+00	1.1780E+00
4.6500E+02	0.0000E+00	0.0000E+00	1.1843E+00
4.6600E+02	0.0000E+00	0.0000E+00	1.1788E+00
4.6700E+02	0.0000E+00	0.0000E+00	1.1868E+00
4.6800E+02	0.0000E+00	0.0000E+00	1.1741E+00
4.6900E+02	0.0000E+00	0.0000E+00	1.1816E+00
4.7000E+02	0.0000E+00	0.0000E+00	1.1881E+00
4.7100E+02	0.0000E+00	0.0000E+00	1.1872E+00
4.7200E+02	0.0000E+00	0.0000E+00	1.1949E+00
4.7300E+02	0.0000E+00	0.0000E+00	1.1979E+00
4.7400E+02	0.0000E+00	0.0000E+00	1.1964E+00
4.7500E+02	0.0000E+00	0.0000E+00	1.2013E+00
4.7600E+02	0.0000E+00	0.0000E+00	1.1970E+00
4.7700E+02	0.0000E+00	0.0000E+00	1.1947E+00
4.7800E+02	0.0000E+00	0.0000E+00	1.1940E+00
4.7900E+02	0.0000E+00	0.0000E+00	1.1940E+00
4.8000E+02	0.0000E+00	0.0000E+00	1.1785E+00
4.8100E+02	0.0000E+00	0.0000E+00	1.1709E+00
4.8200E+02	0.0000E+00	0.0000E+00	1.1751E+00
4.8300E+02	0.0000E+00	0.0000E+00	1.1710E+00
4.8400E+02	0.0000E+00	0.0000E+00	1.1683E+00
4.8500E+02	0.0000E+00	0.0000E+00	1.1632E+00
4.8600E+02	0.0000E+00	0.0000E+00	1.1650E+00
4.8700E+02	0.0000E+00	0.0000E+00	1.1641E+00
4.8800E+02	0.0000E+00	0.0000E+00	1.1544E+00
4.8900E+02	0.0000E+00	0.0000E+00	1.1528E+00
4.9000E+02	0.0000E+00	0.0000E+00	1.1597E+00
4.9100E+02	0.0000E+00	0.0000E+00	1.1536E+00
4.9200E+02	0.0000E+00	0.0000E+00	1.1507E+00
4.9300E+02	0.0000E+00	0.0000E+00	1.1528E+00
4.9400E+02	0.0000E+00	0.0000E+00	1.1545E+00
4.9500E+02	0.0000E+00	0.0000E+00	1.1521E+00
4.9600E+02	0.0000E+00	0.0000E+00	1.1579E+00
4.9700E+02	0.0000E+00	0.0000E+00	1.1560E+00
4.9800E+02	0.0000E+00	0.0000E+00	1.1583E+00
4.9900E+02	0.0000E+00	0.0000E+00	1.1552E+00
5.0000E+02	0.0000E+00	0.0000E+00	1.1465E+00
5.0100E+02	0.0000E+00	0.0000E+00	1.1431E+00
5.0200E+02	0.0000E+00	0.0000E+00	1.1437E+00
5.0300E+02	0.0000E+00	0.0000E+00	1.1355E+00
5.0400E+02	0.0000E+00	0.0000E+00	1.1357E+00
5.0500E+02	0.0000E+00	0.0000E+00	1.1353E+00
5.0600E+02	0.0000E+00	0.0000E+00	1.1298E+00
5.0700E+02	0.0000E+00	0.0000E+00	1.1299E+00
5.0800E+02	0.0000E+00	0.0000E+00	1.1232E+00
5.0900E+02	0.0000E+00	0.0000E+00	1.1257E+00
5.1000E+02	0.0000E+00	0.0000E+00	1.1201E+00
5.1100E+02	0.0000E+00	0.0000E+00	1.1194E+00
5.1200E+02	0.0000E+00	0.0000E+00	1.1188E+00
5.1300E+02	0.0000E+00	0.0000E+00	1.1242E+00
5.1400E+02	0.0000E+00	0.0000E+00	1.1207E+00
5.1500E+02	0.0000E+00	0.0000E+00	1.1212E+00
5.1600E+02	0.0000E+00	0.0000E+00	1.1192E+00
5.1700E+02	0.0000E+00	0.0000E+00	1.1235E+00
5.1800E+02	0.0000E+00	0.0000E+00	1.1283E+00
5.1900E+02	0.0000E+00	0.0000E+00	1.1358E+00
5.2000E+02	0.0000E+00	0.0000E+00	1.1377E+00
5.2100E+02	0.0000E+00	0.0000E+00	1.1481E+00
5.2200E+02	0.0000E+00	0.0000E+00	1.1534E+00
5.2300E+02	0.0000E+00	0.0000E+00	1.1629E+00
5.2400E+02	0.0000E+00	0.0000E+00	1.1666E+00
5.2500E+02	0.0000E+00	0.0000E+00	1.1616E+00
5.2600E+02	0.0000E+00	0.0000E+00	1.1607E+00
5.2700E+02	0.0000E+00	0.0000E+00	1.1598E+00
5.2800E+02	0.0000E+00	0.0000E+00	1.1457E+00
5.2900E+02	0.0000E+00	0.0000E+00	1.1455E+00
5.3000E+02	0.0000E+00	0.0000E+00	1.1457E+00
5.3100E+02	0.0000E+00	0.0000E+00	1.1352E+00
5.3200E+02	0.0000E+00	0.0000E+00	1.1346E+00
5.3300E+02	0.0000E+00	0.0000E+00	1.1299E+00
5.3400E+02	0.0000E+00	0.0000E+00	1.1268E+00
5.3500E+02	0.0000E+00	0.0000E+00	1.1198E+00
5.3600E+02	0.0000E+00	0.0000E+00	1.1225E+00
5.3700E+02	0.0000E+00	0.0000E+00	1.1177E+00
5.3800E+02	0.0000E+00	0.0000E+00	1.1261E+00
5.3900E+02	0.0000E+00	0.0000E+00	1.1234E+00
5.4000E+02	0.0000E+00	0.0000E+00	1.1188E+00
5.4100E+02	0.0000E+00	0.0000E+00	1.1240E+00
5.4200E+02	0.0000E+00	0.0000E+00	1.1401E+00
5.4300E+02	0.0000E+00	0.0000E+00	1.1468E+00
5.4400E+02	0.0000E+00	0.0000E+00	1.1651E+00
5.4500E+02	0.0000E+00	0.0000E+00	1.1769E+00
5.4600E+02	0.0000E+00	0.0000E+00	1.1953E+00
5.4700E+02	0.0000E+00	0.0000E+00	1.2046E+00
5.4800E+02	0.0000E+00	0.0000E+00	1.2103E+00
5.4900E+02	0.0000E+00	0.0000E+00	1.2123E+00
5.5000E+02	0.0000E+00	0.0000E+00	1.2064E+00
5.5100E+02	0.0000E+00	0.0000E+00	1.1968E+00
5.5200E+02	0.0000E+00	0.0000E+00	1.1902E+00
5.5300E+02	0.0000E+00	0.0000E+00	1.1832E+00
5.5400E+02	0.0000E+00	0.0000E+00	1.1761E+00
5.5500E+02	0.0000E+00	0.0000E+00	1.1739E+00
5.5600E+02	0.0000E+00	0.0000E+00	1.1724E+00
5.5700E+02	0.0000E+00	0.0000E+00	1.1688E+00
5.5800E+02	0.0000E+00	0.0000E+00	1.1633E+00
5.5900E+02	0.0000E+00	0.0000E+00	1.1527E+00
5.6000E+02	0.0000E+00	0.0000E+00	1.1599E+00
5.6100E+02	0.0000E+00	0.0000E+00	1.1590E+00
5.6200E+02	0.0000E+00	0.0000E+00	1.1554E+00
5.6300E+02	0.0000E+00	0.0000E+00	1.1570E+00
5.6400E+02	0.0000E+00	0.0000E+00	1.1617E+00
5.6500E+02	0.0000E+00	0.0000E+00	1.1654E+00
5.6600E+02	0.0000E+00	0.0000E+00	1.1732E+00
5.6700E+02	0.0000E+00	0.0000E+00	1.2004E+00
5.6800E+02	0.0000E+00	0.0000E+00	1.2166E+00
5.6900E+02	0.0000E+00	0.0000E+00	1.2420E+00
5.7000E+02	0.0000E+00	0.0000E+00	1.2666E+00
5.7100E+02	0.0000E+00	0.0000E+00	1.2803E+00
5.7200E+02	0.0000E+00	0.0000E+00	1.2749E+00
5.7300E+02	0.0000E+00	0.0000E+00	1.2746E+00
5.7400E+02	0.0000E+00	0.0000E+00	1.2640E+00
5.7500E+02	0.0000E+00	0.0000E+00	1.2632E+00
5.7600E+02	0.0000E+00	0.0000E+00	1.2545E+00
5.7700E+02	0.0000E+00	0.0000E+00	1.2399E+00
5.7800E+02	0.0000E+00	0.0000E+00	1.2459E+00
5.7900E+02	0.0000E+00	0.0000E+00	1.2388E+00
5.8000E+02	0.0000E+00	0.0000E+00	1.2218E+00
5.8100E+02	0.0000E+00	0.0000E+00	1.2272E+00
5.8200E+02	0.0000E+00	0.0000E+00	1.2248E+00
5.8300E+02	0.0000E+00	0.0000E+00	1.2105E+00
5.8400E+02	0.0000E+00	0.0000E+00	1.2115E+00
5.8500E+02	0.0000E+00	0.0000E+00	1.2091E+00
5.8600E+02	0.0000E+00	0.0000E+00	1.2087E+00
5.8700E+02	0.0000E+00	0.0000E+00	1.2073E+00
5.8800E+02	0.0000E+00	0.0000E+00	1.2145E+00
5.8900E+02	0.0000E+00	0.0000E+00	1.2275E+00
5.9000E+02	0.0000E+00	0.0000E+00	1.2398E+00
5.9100E+02	0.0000E+00	0.0000E+00	1.2512E+00
5.9200E+02	0.0000E+00	0.0000E+00	1.2842E+00
5.9300E+02	0.0000E+00	0.0000E+00	1.3060E+00
5.9400E+02	0.0000E+00	0.0000E+00	1.3264E+00
5.9500E+02	0.0000E+00	0.0000E+00	1.3393E+00
5.9600E+02	0.0000E+00	0.0000E+00	1.3346E+00
5.9700E+02	0.0000E+00	0.0000E+00	1.3417E+00
5.9800E+02	0.0000E+00	0.0000E+00	1.3317E+00
5.9900E+02	0.0000E+00	0.0000E+00	1.3114E+00
6.0000E+02	0.0000E+00	0.0000E+00	1.3165E+00
6.0100E+02	0.0000E+00	0.0000E+00	1.3116E+00
6.0200E+02	0.0000E+00	0.0000E+00	1.2982E+00
6.0300E+02	0.0000E+00	0.0000E+00	1.2923E+00
6.0400E+02	0.0000E+00	0.0000E+00	1.2740E+00
6.0500E+02	0.0000E+00	0.0000E+00	1.2770E+00
6.0600E+02	0.0000E+00	0.0000E+00	1.2796E+00
6.0700E+02	0.0000E+00	0.0000E+00	1.2608E+00
6.0800E+02	0.0000E+00	0.0000E+00	1.2733E+00
6.0900E+02	0.0000E+00	0.0000E+00	1.2645E+00
6.1000E+02	0.0000E+00	0.0000E+00	1.2691E+00
6.1100E+02	0.0000E+00	0.0000E+00	1.2677E+00
6.1200E+02	0.0000E+00	0.0000E+00	1.2769E+00
6.1300E+02	0.0000E+00	0.0000E+00	1.2773E+00
6.1400E+02	0.0000E+00	0.0000E+00	1.2785E+00
6.1500E+02	0.0000E+00	0.0000E+00	1.3100E+00
6.1600E+02	0.0000E+00	0.0000E+00	1.3134E+00
6.1700E+02	0.0000E+00	0.0000E+00	1.3275E+00
6.1800E+02	0.0000E+00	0.0000E+00	1.3328E+00
6.1900E+02	0.0000E+00	0.0000E+00	1.3647E+00
6.2000E+02	0.0000E+00	0.0000E+00	1.3684E+00
6.2100E+02	0.0000E+00	0.0000E+00	1.3670E+00
6.2200E+02	0.0000E+00	0.0000E+00	1.3757E+00
6.2300E+02	0.0000E+00	0.0000E+00	1.3498E+00
6.2400E+02	0.0000E+00	0.0000E+00	1.3487E+00
6.2500E+02	0.0000E+00	0.0000E+00	1.3640E+00
6.2600E+02	0.0000E+00	0.0000E+00	1.3625E+00
6.2700E+02	0.0000E+00	0.0000E+00	1.3584E+00
6.2800E+02	0.0000E+00	0.0000E+00	1.3466E+00
6.2900E+02	0.0000E+00	0.0000E+00	1.3467E+00
6.3000E+02	0.0000E+00	0.0000E+00	1.3344E+00
6.3100E+02	0.0000E+00	0.0000E+00	1.3294E+00
6.3200E+02	0.0000E+00	0.0000E+00	1.3446E+00
6.3300E+02	0.0000E+00	0.0000E+00	1.3246E+00
6.3400E+02	0.0000E+00	0.0000E+00	1.3286E+00
6.3500E+02	0.0000E+00	0.0000E+00	1.3337E+00
6.3600E+02	0.0000E+00	0.0000E+00	1.3410E+00
6.3700E+02	0.0000E+00	0.0000E+00	1.3352E+00
6.3800E+02	0.0000E+00	0.0000E+00	1.3350E+00
6.3900E+02	0.0000E+00	0.0000E+00	1.3388E+00
6.4000E+02	0.0000E+00	0.0000E+00	1.3329E+00
6.4100E+02	0.0000E+00	0.0000E+00	1.3371E+00
6.4200E+02	0.0000E+00	0.0000E+00	1.3603E+00
6.4300E+02	0.0000E+00	0.0000E+00	1.3763E+00
6.4400E+02	0.0000E+00	0.0000E+00	1.3941E+00
6.4500E+02	0.0000E+00	0.0000E+00	1.3974E+00
6.4600E+02	0.0000E+00	0.0000E+00	1.4218E+00
6.4700E+02	0.0000E+00	0.0000E+00	1.4003E+00
6.4800E+02	0.0000E+00	0.0000E+00	1.3837E+00
6.4900E+02	0.0000E+00	0.0000E+00	1.3840E+00
6.5000E+02	0.0000E+00	0.0000E+00	1.3917E+00
6.5100E+02	0.0000E+00	0.0000E+00	1.3844E+00
6.5200E+02	0.0000E+00	0.0000E+00	1.3824E+00
6.5300E+02	0.0000E+00	0.0000E+00	1.3729E+00
6.5400E+02	0.0000E+00	0.0000E+00	1.3570E+00
6.5500E+02	0.0000E+00	0.0000E+00	1.3726E+00
6.5600E+02	0.0000E+00	0.0000E+00	1.3642E+00
6.5700E+02	0.0000E+00	0.0000E+00	1.3396E+00
6.5800E+02	0.0000E+00	0.0000E+00	1.3614E+00
6.5900E+02	0.0000E+00	0.0000E+00	1.3692E+00
6.6000E+02	0.0000E+00	0.0000E+00	1.3570E+00
6.6100E+02	0.0000E+00	0.0000E+00	1.3777E+00
6.6200E+02	0.0000E+00	0.0000E+00	1.3534E+00
6.6300E+02	0.0000E+00	0.0000E+00	1.3635E+00
6.6400E+02	0.0000E+00	0.0000E+00	1.3729E+00
6.6500E+02	0.0000E+00	0.0000E+00	1.3765E+00
6.6600E+02	0.0000E+00	0.0000E+00	1.3968E+00
6.6700E+02	0.0000E+00	0.0000E+00	1.4214E+00
6.6800E+02	0.0000E+00	0.0000E+00	1.4472E+00
6.6900E+02	0.0000E+00	0.0000E+00	1.4598E+00
6.7000E+02	0.0000E+00	0.0000E+00	1.4765E+00
6.7100E+02	0.0000E+00	0.0000E+00	1.4769E+00
6.7200E+02	0.0000E+00	0.0000E+00	1.4724E+00
6.7300E+02	0.0000E+00	0.0000E+00	1.4739E+00
6.7400E+02	0.0000E+00	0.0000E+00	1.4729E+00
6.7500E+02	0.0000E+00	0.0000E+00	1.4800E+00
6.7600E+02	0.0000E+00	0.0000E+00	1.4638E+00
6.7700E+02	0.0000E+00	0.0000E+00	1.4439E+00
6.7800E+02	0.0000E+00	0.0000E+00	1.4546E+00
6.7900E+02	0.0000E+00	0.0000E+00	1.4267E+00
6.8000E+02	0.0000E+00	0.0000E+00	1.4437E+00
6.8100E+02	0.0000E+00	0.0000E+00	1.4335E+00
6.8200E+02	0.0000E+00	0.0000E+00	1.4225E+00
6.8300E+02	0.0000E+00	0.0000E+00	1.4296E+00
6.8400E+02	0.0000E+00	0.0000E+00	1.4365E+00
6.8500E+02	0.0000E+00	0.0000E+00	1.4263E+00
6.8600E+02	0.0000E+00	0.0000E+00	1.4157E+00
6.8700E+02	0.0000E+00	0.0000E+00	1.4152E+00
6.8800E+02	0.0000E+00	0.0000E+00	1.4057E+00
6.8900E+02	0.0000E+00	0.0000E+00	1.4071E+00
6.9000E+02	0.0000E+00	0.0000E+00	1.3907E+00
6.9100E+02	0.0000E+00	0.0000E+00	1.3934E+00
6.9200E+02	0.0000E+00	0.0000E+00	1.3915E+00
6.9300E+02	0.0000E+00	0.0000E+00	1.3914E+00
6.9400E+02	0.0000E+00	0.0000E+00	1.3900E+00
6.9500E+02	0.0000E+00	0.0000E+00	1.3761E+00
6.9600E+02	0.0000E+00	0.0000E+00	1.3664E+00
6.9700E+02	0.0000E+00	0.0000E+00	1.3676E+00
6.9800E+02	0.0000E+00	0.0000E+00	1.3642E+00
6.9900E+02	0.0000E+00	0.0000E+00	1.3523E+00
7.0000E+02	0.0000E+00	0.0000E+00	1.3563E+00
7.0100E+02	0.0000E+00	0.0000E+00	1.3503E+00
7.0200E+02	0.0000E+00	0.0000E+00	1.3519E+00
7.0300E+02	0.0000E+00	0.0000E+00	1.3474E+00
7.0400E+02	0.0000E+00	0.0000E+00	1.3419E+00
7.0500E+02	0.0000E+00	0.0000E+00	1.3334E+00
7.0600E+02	0.0000E+00	0.0000E+00	1.3278E+00
7.0700E+02	0.0000E+00	0.0000E+00	1.3281E+00
7.0800E+02	0.0000E+00	0.0000E+00	1.3332E+00
7.0900E+02	0.0000E+00	0.0000E+00	1.3323E+00
7.1000E+02	0.0000E+00	0.0000E+00	1.3176E+00
7.1100E+02	0.0000E+00	0.0000E+00	1.3275E+00
7.1200E+02	0.0000E+00	0.0000E+00	1.3210E+00
7.1300E+02	0.0000E+00	0.0000E+00	1.3166E+00
7.1400E+02	0.0000E+00	0.0000E+00	1.3236E+00
7.1500E+02	0.0000E+00	0.0000E+00	1.3248E+00
7.1600E+02	0.0000E+00	0.0000E+00	1.3168E+00
7.1700E+02	0.0000E+00	0.0000E+00	1.3137E+00
7.1800E+02	0.0000E+00	0.0000E+00	1.3061E+00
7.1900E+02	0.0000E+00	0.0000E+00	1.2995E+00
7.2000E+02	0.0000E+00	0.0000E+00	1.2940E+00
7.2100E+02	0.0000E+00	0.0000E+00	1.2906E+00
7.2200E+02	0.0000E+00	0.0000E+00	1.2813E+00
7.2300E+02	0.0000E+00	0.0000E+00	1.2817E+00
7.2400E+02	0.0000E+00	0.0000E+00	1.2771E+00
7.2500E+02	0.0000E+00	0.0000E+00	1.2729E+00
7.2600E+02	0.0000E+00	0.0000E+00	1.2751E+00
7.2700E+02	0.0000E+00	0.0000E+00	1.2630E+00
7.2800E+02	0.0000E+00	0.0000E+00	1.2629E+00
7.2900E+02	0.0000E+00	0.0000E+00	1.2637E+00
7.3000E+02	0.0000E+00	0.0000E+00	1.2655E+00
7.3100E+02	0.0000E+00	0.0000E+00	1.2673E+00
7.3200E+02	0.0000E+00	0.0000E+00	1.2654E+00
7.3300E+02	0.0000E+00	0.0000E+00	1.2624E+00
7.3400E+02	0.0000E+00	0.0000E+00	1.2581E+00
7.3500E+02	0.0000E+00	0.0000E+00	1.2625E+00
7.3600E+02	0.0000E+00	0.0000E+00	1.2588E+00
7.3700E+02	0.0000E+00	0.0000E+00	1.2544E+00
7.3800E+02	0.0000E+00	0.0000E+00	1.2461E+00
7.3900E+02	0.0000E+00	0.0000E+00	1.2540E+00
7.4000E+02	0.0000E+00	0.0000E+00	1.2501E+00
7.4100E+02	0.0000E+00	0.0000E+00	1.2419E+00
7.4200E+02	0.0000E+00	0.0000E+00	1.2468E+00
7.4300E+02	0.0000E+00	0.0000E+00	1.2423E+00
7.4400E+02	0.0000E+00	0.0000E+00	1.2359E+00
7.4500E+02	0.0000E+00	0.0000E+00	1.2368E+00
7.4600E+02	0.0000E+00	0.0000E+00	1.2350E+00
7.4700E+02	0.0000E+00	0.0000E+00	1.2317E+00
7.4800E+02	0.0000E+00	0.0000E+00	1.2293E+00
7.4900E+02	0.0000E+00	0.0000E+00	1.2297E+00
7.5000E+02	0.0000E+00	0.0000E+00	1.2250E+00
7.5100E+02	0.0000E+00	0.0000E+00	1.2298E+00
7.5200E+02	0.0000E+00	0.0000E+00	1.2319E+00
7.5300E+02	0.0000E+00	0.0000E+00	1.2310E+00
7.5400E+02	0.0000E+00	0.0000E+00	1.2309E+00
7.5500E+02	0.0000E+00	0.0000E+00	1.2327E+00
7.5600E+02	0.0000E+00	0.0000E+00	1.2292E+00
7.5700E+02	0.0000E+00	0.0000E+00	1.2313E+00
7.5800E+02	0.0000E+00	0.0000E+00	1.2253E+00
7.5900E+02	0.0000E+00	0.0000E+00	1.2376E+00
7.6000E+02	0.0000E+00	0.0000E+00	1.2409E+00
7.6100E+02	0.0000E+00	0.0000E+00	1.2412E+00
7.6200E+02	0.0000E+00	0.0000E+00	1.2411E+00
7.6300E+02	0.0000E+00	0.0000E+00	1.2336E+00
7.6400E+02	0.0000E+00	0.0000E+00	1.2332E+00
7.6500E+02	0.0000E+00	0.0000E+00	1.2271E+00
7.6600E+02	0.0000E+00	0.0000E+00	1.2223E+00
7.6700E+02	0.0000E+00	0.0000E+00	1.2136E+00
7.6800E+02	0.0000E+00	0.0000E+00	1.2042E+00
7.6900E+02	0.0000E+00	0.0000E+00	1.2019E+00
7.7000E+02	0.0000E+00	0.0000E+00	1.1973E+00
7.7100E+02	0.0000E+00	0.0000E+00	1.1949E+00
7.7200E+02	0.0000E+00	0.0000E+00	1.1882E+00
7.7300E+02	0.0000E+00	0.0000E+00	1.1891E+00
7.7400E+02	0.0000E+00	0.0000E+00	1.1880E+00
7.7500E+02	0.0000E+00	0.0000E+00	1.1869E+00
7.7600E+02	0.0000E+00	0.0000E+00	1.1815E+00
7.7700E+02	0.0000E+00	0.0000E+00	1.1845E+00
7.7800E+02	0.0000E+00	0.0000E+00	1.1832E+00
7.7900E+02	0.0000E+00	0.0000E+00	1.1894E+00
7.8000E+02	0.0000E+00	0.0000E+00	1.1916E+00
7.8100E+02	0.0000E+00	0.0000E+00	1.1881E+00
7.8200E+02	0.0000E+00	0.0000E+00	1.1864E+00
7.8300E+02	0.0000E+00	0.0000E+00	1.1870E+00
7.8400E+02	0.0000E+00	0.0000E+00	1.1897E+00
7.8500E+02	0.0000E+00	0.0000E+00	1.1832E+00
7.8600E+02	0.0000E+00	0.0000E+00	1.1842E+00
7.8700E+02	0.0000E+00	0.0000E+00	1.1860E+00
7.8800E+02	0.0000E+00	0.0000E+00	1.1791E+00
7.8900E+02	0.0000E+00	0.0000E+00	1.1753E+00
7.9000E+02	0.0000E+00	0.0000E+00	1.1765E+00
7.9100E+02	0.0000E+00	0.0000E+00	1.1745E+00
7.9200E+02	0.0000E+00	0.0000E+00	1.1757E+00
7.9300E+02	0.0000E+00	0.0000E+00	1.1691E+00
7.9400E+02	0.0000E+00	0.0000E+00	1.1641E+00
7.9500E+02	0.0000E+00	0.0000E+00	1.1667E+00
7.9600E+02	0.0000E+00	0.0000E+00	1.1574E+00
7.9700E+02	0.0000E+00	0.0000E+00	1.1535E+00
7.9800E+02	0.0000E+00	0.0000E+00	1.1585E+00
7.9900E+02	0.0000E+00	0.0000E+00	1.1574E+00
8.0000E+02	0.0000E+00	0.0000E+00	1.1561E+00
8.0100E+02	0.0000E+00	0.0000E+00	1.1549E+00
8.0200E+02	0.0000E+00	0.0000E+00	1.1523E+00
8.0300E+02	0.0000E+00	0.0000E+00	1.1506E+00
8.0400E+02	0.0000E+00	0.0000E+00	1.1539E+00
8.0500E+02	0.0000E+00	0.0000E+00	1.1492E+00
8.0600E+02	0.0000E+00	0.0000E+00	1.1464E+00
8.0700E+02	0.0000E+00	0.0000E+00	1.1466E+00
8.0800E+02	0.0000E+00	0.0000E+00	1.1459E+00
8.0900E+02	0.0000E+00	0.0000E+00	1.1463E+00
8.1000E+02	0.0000E+00	0.0000E+00	1.1469E+00
8.1100E+02	0.0000E+00	0.0000E+00	1.1471E+00
8.1200E+02	0.0000E+00	0.0000E+00	1.1499E+00
8.1300E+02	0.0000E+00	0.0000E+00	1.1421E+00
8.1400E+02	0.0000E+00	0.0000E+00	1.1446E+00
8.1500E+02	0.0000E+00	0.0000E+00	1.1432E+00
8.1600E+02	0.0000E+00	0.0000E+00	1.1437E+00
8.1700E+02	0.0000E+00	0.0000E+00	1.1391E+00
8.1800E+02	0.0000E+00	0.0000E+00	1.1406E+00
8.1900E+02	0.0000E+00	0.0000E+00	1.1387E+00
8.2000E+02	0.0000E+00	0.0000E+00	1.1375E+00
8.2100E+02	0.0000E+00	0.0000E+00	1.1329E+00
8.2200E+02	0.0000E+00	0.0000E+00	1.1304E+00
8.2300E+02	0.0000E+00	0.0000E+00	1.1339E+00
8.2400E+02	0.0000E+00	0.0000E+00	1.1338E+00
8.2500E+02	0.0000E+00	0.0000E+00	1.1363E+00
8.2600E+02	0.0000E+00	0.0000E+00	1.1287E+00
8.2700E+02	0.0000E+00	0.0000E+00	1.1336E+00
8.2800E+02	0.0000E+00	0.0000E+00	1.1321E+00
8.2900E+02	0.0000E+00	0.0000E+00	1.1256E+00
8.3000E+02	0.0000E+00	0.0000E+00	1.1299E+00
8.3100E+02	0.0000E+00	0.0000E+00	1.1248E+00
8.3200E+02	0.0000E+00	0.0000E+00	1.1282E+00
8.3300E+02	0.0000E+00	0.0000E+00	1.1357E+00
8.3400E+02	0.0000E+00	0.0000E+00	1.1374E+00
8.3500E+02	0.0000E+00	0.0000E+00	1.1455E+00
8.3600E+02	0.0000E+00	0.0000E+00	1.1536E+00
8.3700E+02	0.0000E+00	0.0000E+00	1.1458E+00
8.3800E+02	0.0000E+00	0.0000E+00	1.1402E+00
8.3900E+02	0.0000E+00	0.0000E+00	1.1413E+00
8.4000E+02	0.0000E+00	0.0000E+00	1.1357E+00
8.4100E+02	0.0000E+00	0.0000E+00	1.1324E+00
8.4200E+02	0.0000E+00	0.0000E+00	1.1260E+00
8.4300E+02	0.0000E+00	0.0000E+00	1.1273E+00
8.4400E+02	0.0000E+00	0.0000E+00	1.1262E+00
8.4500E+02	0.0000E+00	0.0000E+00	1.1194E+00
8.4600E+02	0.0000E+00	0.0000E+00	1.1145E+00
8.4700E+02	0.0000E+00	0.0000E+00	1.1171E+00
8.4800E+02	0.0000E+00	0.0000E+00	1.1188E+00
8.4900E+02	0.0000E+00	0.0000E+00	1.1139E+00
8.5000E+02	0.0000E+00	0.0000E+00	1.1143E+00
8.5100E+02	0.0000E+00	0.0000E+00	1.1158E+00
8.5200E+02	0.0000E+00	0.0000E+00	1.1166E+00
8.5300E+02	0.0000E+00	0.0000E+00	1.1161E+00
8.5400E+02	0.0000E+00	0.0000E+00	1.1175E+00
8.5500E+02	0.0000E+00	0.0000E+00	1.1123E+00
8.5600E+02	0.0000E+00	0.0000E+00	1.1147E+00
8.5700E+02	0.0000E+00	0.0000E+00	1.1179E+00
8.5800E+02	0.0000E+00	0.0000E+00	1.1189E+00
8.5900E+02	0.0000E+00	0.0000E+00	1.1299E+00
8.6000E+02	0.0000E+00	0.0000E+00	1.1303E+00
8.6100E+02	0.0000E+00	0.0000E+00	1.1314E+00
8.6200E+02	0.0000E+00	0.0000E+00	1.1338E+00
8.6300E+02	0.0000E+00	0.0000E+00	1.1376E+00
8.6400E+02	0.0000E+00	0.0000E+00	1.1393E+00
8.6500E+02	0.0000E+00	0.0000E+00	1.1372E+00
8.6600E+02	0.0000E+00	0.0000E+00	1.1377E+00
8.6700E+02	0.0000E+00	0.0000E+00	1.1301E+00
8.6800E+02	0.0000E+00	0.0000E+00	1.1354E+00
8.6900E+02	0.0000E+00	0.0000E+00	1.1302E+00
8.7000E+02	0.0000E+00	0.0000E+00	1.1250E+00
8.7100E+02	0.0000E+00	0.0000E+00	1.1209E+00
8.7200E+02	0.0000E+00	0.0000E+00	1.1206E+00
8.7300E+02	0.0000E+00	0.0000E+00	1.1192E+00
8.7400E+02	0.0000E+00	0.0000E+00	1.1239E+00
8.7500E+02	0.0000E+00	0.0000E+00	1.1241E+00
8.7600E+02	0.0000E+00	0.0000E+00	1.1221E+00
8.7700E+02	0.0000E+00	0.0000E+00	1.1245E+00
8.7800E+02	0.0000E+00	0.0000E+00	1.1186E+00
8.7900E+02	0.0000E+00	0.0000E+00	1.1208E+00
8.8000E+02	0.0000E+00	0.0000E+00	1.1212E+00
8.8100E+02	0.0000E+00	0.0000E+00	1.1271E+00
8.8200E+02	0.0000E+00	0.0000E+00	1.1344E+00
8.8300E+02	0.0000E+00	0.0000E+00	1.1440E+00
8.8400E+02	0.0000E+00	0.0000E+00	1.1487E+00
8.8500E+02	0.0000E+00	0.0000E+00	1.1548E+00
8.8600E+02	0.0000E+00	0.0000E+00	1.1616E+00
8.8700E+02	0.0000E+00	0.0000E+00	1.1664E+00
8.8800E+02	0.0000E+00	0.0000E+00	1.1710E+00
8.8900E+02	0.0000E+00	0.0000E+00	1.1698E+00
8.9000E+02	0.0000E+00	0.0000E+00	1.1711E+00
8.9100E+02	0.0000E+00	0.0000E+00	1.1649E+00
8.9200E+02	0.0000E+00	0.0000E+00	1.1651E+00
8.9300E+02	0.0000E+00	0.0000E+00	1.1681E+00
8.9400E+02	0.0000E+00	0.0000E+00	1.1628E+00
8.9500E+02	0.0000E+00	0.0000E+00	1.1618E+00
8.9600E+02	0.0000E+00	0.0000E+00	1.1557E+00
8.9700E+02	0.0000E+00	0.0000E+00	1.1551E+00
8.9800E+02	0.0000E+00	0.0000E+00	1.1562E+00
8.9900E+02	0.0000E+00	0.0000E+00	1.1608E+00
9.0000E+02	0.0000E+00	0.0000E+00	1.0958E+00
9.0100E+02	0.0000E+00	0.0000E+00	1.0984E+00
9.0200E+02	0.0000E+00	0.0000E+00	1.0995E+00
9.0300E+02	0.0000E+00	0.0000E+00	1.0981E+00
9.0400E+02	0.0000E+00	0.0000E+00	1.1015E+00
9.0500E+02	0.0000E+00	0.0000E+00	1.1072E+00
9.0600E+02	0.0000E+00	0.0000E+00	1.1123E+00
9.0700E+02	0.0000E+00	0.0000E+00	1.1125E+00
9.0800E+02	0.0000E+00	0.0000E+00	1.1183E+00
9.0900E+02	0.0000E+00	0.0000E+00	1.1196E+00
9.1000E+02	0.0000E+00	0.0000E+00	1.1292E+00
9.1100E+02	0.0000E+00	0.0000E+00	1.1276E+00
9.1200E+02	0.0000E+00	0.0000E+00	1.1223E+00
9.1300E+02	0.0000E+00	0.0000E+00	1.1274E+00
9.1400E+02	0.0000E+00	0.0000E+00	1.1223E+00
9.1500E+02	0.0000E+00	0.0000E+00	1.1211E+00
9.1600E+02	0.0000E+00	0.0000E+00	1.1195E+00
9.1700E+02	0.0000E+00	0.0000E+00	1.1153E+00
9.1800E+02	0.0000E+00	0.0000E+00	1.1149E+00
9.1900E+02	0.0000E+00	0.0000E+00	1.1154E+00
9.2000E+02	0.0000E+00	0.0000E+00	1.1171E+00
9.2100E+02	0.0000E+00	0.0000E+00	1.1169E+00
9.2200E+02	0.0000E+00	0.0000E+00	1.1148E+00
9.2300E+02	0.0000E+00	0.0000E+00	1.1143E+00
9.2400E+02	0.0000E+00	0.0000E+00	1.1089E+00
9.2500E+02	0.0000E+00	0.0000E+00	1.1070E+00
9.2600E+02	0.0000E+00	0.0000E+00	1.1079E+00
9.2700E+02	0.0000E+00	0.0000E+00	1.1077E+00
9.2800E+02	0.0000E+00	0.0000E+00	1.1037E+00
9.2900E+02	0.0000E+00	0.0000E+00	1.1037E+00
9.3000E+02	0.0000E+00	0.0000E+00	1.1086E+00
9.3100E+02	0.0000E+00	0.0000E+00	1.1096E+00
9.3200E+02	0.0000E+00	0.0000E+00	1.1120E+00
9.3300E+02	0.0000E+00	0.0000E+00	1.1153E+00
9.3400E+02	0.0000E+00	0.0000E+00	1.1143E+00
9.3500E+02	0.0000E+00	0.0000E+00	1.1129E+00
9.3600E+02	0.0000E+00	0.0000E+00	1.1153E+00
9.3700E+02	0.0000E+00	0.0000E+00	1.1148E+00
9.3800E+02	0.0000E+00	0.0000E+00	1.1153E+00
9.3900E+02	0.0000E+00	0.0000E+00	1.1122E+00
9.4000E+02	0.0000E+00	0.0000E+00	1.1138E+00
9.4100E+02	0.0000E+00	0.0000E+00	1.1091E+00
9.4200E+02	0.0000E+00	0.0000E+00	1.1096E+00
9.4300E+02	0.0000E+00	0.0000E+00	1.1033E+00
9.4400E+02	0.0000E+00	0.0000E+00	1.0989E+00
9.4500E+02	0.0000E+00	0.0000E+00	1.1058E+00
9.4600E+02	0.0000E+00	0.0000E+00	1.1058E+00
9.4700E+02	0.0000E+00	0.0000E+00	1.1074E+00
9.4800E+02	0.0000E+00	0.0000E+00	1.1045E+00
9.4900E+02	0.0000E+00	0.0000E+00	1.1030E+00
9.5000E+02	0.0000E+00	0.0000E+00	1.0997E+00
9.5100E+02	0.0000E+00	0.0000E+00	1.1046E+00
9.5200E+02	0.0000E+00	0.0000E+00	1.0978E+00
9.5300E+02	0.0000E+00	0.0000E+00	1.0958E+00
9.5400E+02	0.0000E+00	0.0000E+00	1.1009E+00
9.5500E+02	0.0000E+00	0.0000E+00	1.1012E+00
9.5600E+02	0.0000E+00	0.0000E+00	1.1001E+00
9.5700E+02	0.0000E+00	0.0000E+00	1.1022E+00
9.5800E+02	0.0000E+00	0.0000E+00	1.1015E+00
9.5900E+02	0.0000E+00	0.0000E+00	1.1043E+00
9.6000E+02	0.0000E+00	0.0000E+00	1.1034E+00
9.6100E+02	0.0000E+00	0.0000E+00	1.1037E+00
9.6200E+02	0.0000E+00	0.0000E+00	1.1067E+00
9.6300E+02	0.0000E+00	0.0000E+00	1.1079E+00
9.6400E+02	0.0000E+00	0.0000E+00	1.1046E+00
9.6500E+02	0.0000E+00	0.0000E+00	1.1025E+00
9.6600E+02	0.0000E+00	0.0000E+00	1.1013E+00
9.6700E+02	0.0000E+00	0.0000E+00	1.1032E+00
9.6800E+02	0.0000E+00	0.0000E+00	1.1031E+00
9.6900E+02	0.0000E+00	0.0000E+00	1.0976E+00
9.7000E+02	0.0000E+00	0.0000E+00	1.0987E+00
9.7100E+02	0.0000E+00	0.0000E+00	1.1014E+00
9.7200E+02	0.0000E+00	0.0000E+00	1.1008E+00
9.7300E+02	0.0000E+00	0.0000E+00	1.1025E+00
9.7400E+02	0.0000E+00	0.0000E+00	1.1007E+00
9.7500E+02	0.0000E+00	0.0000E+00	1.1021E+00
9.7600E+02	0.0000E+00	0.0000E+00	1.0975E+00
9.7700E+02	0.0000E+00	0.0000E+00	1.0979E+00
9.7800E+02	0.0000E+00	0.0000E+00	1.1000E+00
9.7900E+02	0.0000E+00	0.0000E+00	1.1090E+00
9.8000E+02	0.0000E+00	0.0000E+00	1.1113E+00
9.8100E+02	0.0000E+00	0.0000E+00	1.1144E+00
9.8200E+02	0.0000E+00	0.0000E+00	1.1204E+00
9.8300E+02	0.0000E+00	0.0000E+00	1.1203E+00
9.8400E+02	0.0000E+00	0.0000E+00	1.1169E+00
9.8500E+02	0.0000E+00	0.0000E+00	1.1139E+00
9.8600E+02	0.0000E+00	0.0000E+00	1.1092E+00
9.8700E+02	0.0000E+00	0.0000E+00	1.1081E+00
9.8800E+02	0.0000E+00	0.0000E+00	1.1033E+00
9.8900E+02	0.0000E+00	0.0000E+00	1.1052E+00
9.9000E+02	0.0000E+00	0.0000E+00	1.0977E+00
9.9100E+02	0.0000E+00	0.0000E+00	1.0969E+00
9.9200E+02	0.0000E+00	0.0000E+00	1.0936E+00
9.9300E+02	0.0000E+00	0.0000E+00	1.0981E+00
9.9400E+02	0.0000E+00	0.0000E+00	1.0993E+00
9.9500E+02	0.0000E+00	0.0000E+00	1.1035E+00
9.9600E+02	0.0000E+00	0.0000E+00	1.0941E+00
9.9700E+02	0.0000E+00	0.0000E+00	1.0923E+00
9.9800E+02	0.0000E+00	0.0000E+00	1.0911E+00
9.9900E+02	0.0000E+00	0.0000E+00	1.0948E+00
1.0000E+03	0.0000E+00	0.0000E+00	1.0928E+00
1.0010E+03	0.0000E+00	0.0000E+00	1.1082E+00
1.0020E+03	0.0000E+00	0.0000E+00	1.1131E+00
1.0030E+03	0.0000E+00	0.0000E+00	1.1262E+00
1.0040E+03	0.0000E+00	0.0000E+00	1.1363E+00
1.0050E+03	0.0000E+00	0.0000E+00	1.1439E+00
1.0060E+03	0.0000E+00	0.0000E+00	1.1560E+00
1.0070E+03	0.0000E+00	0.0000E+00	1.1593E+00
1.0080E+03	0.0000E+00	0.0000E+00	1.1597E+00
1.0090E+03	0.0000E+00	0.0000E+00	1.1639E+00
1.0100E+03	0.0000E+00	0.0000E+00	1.1619E+00
1.0110E+03	0.0000E+00	0.0000E+00	1.1587E+00
1.0120E+03	0.0000E+00	0.0000E+00	1.1547E+00
1.0130E+03	0.0000E+00	0.0000E+00	1.1485E+00
1.0140E+03	0.0000E+00	0.0000E+00	1.1489E+00
1.0150E+03	0.0000E+00	0.0000E+00	1.1447E+00
1.0160E+03	0.0000E+00	0.0000E+00	1.1459E+00
1.0170E+03	0.0000E+00	0.0000E+00	1.1470E+00
1.0180E+03	0.0000E+00	0.0000E+00	1.1439E+00
1.0190E+03	0.0000E+00	0.0000E+00	1.1430E+00
1.0200E+03	0.0000E+00	0.0000E+00	1.1387E+00
1.0210E+03	0.0000E+00	0.0000E+00	1.1412E+00
1.0220E+03	0.0000E+00	0.0000E+00	1.1405E+00
1.0230E+03	0.0000E+00	0.0000E+00	1.1402E+00
1.0240E+03	0.0000E+00	0.0000E+00	1.1407E+00
1.0250E+03	0.0000E+00	0.0000E+00	1.1577E+00
1.0260E+03	0.0000E+00	0.0000E+00	1.1611E+00
1.0270E+03	0.0000E+00	0.0000E+00	1.1665E+00
1.0280E+03	0.0000E+00	0.0000E+00	1.1752E+00
1.0290E+03	0.0000E+00	0.0000E+00	1.1826E+00
1.0300E+03	0.0000E+00	0.0000E+00	1.1931E+00
1.0310E+03	0.0000E+00	0.0000E+00	1.1941E+00
1.0320E+03	0.0000E+00	0.0000E+00	1.1954E+00
1.0330E+03	0.0000E+00	0.0000E+00	1.1964E+00
1.0340E+03	0.0000E+00	0.0000E+00	1.1921E+00
1.0350E+03	0.0000E+00	0.0000E+00	1.1880E+00
1.0360E+03	0.0000E+00	0.0000E+00	1.1876E+00
1.0370E+03	0.0000E+00	0.0000E+00	1.1817E+00
1.0380E+03	0.0000E+00	0.0000E+00	1.1830E+00
1.0390E+03	0.0000E+00	0.0000E+00	1.1795E+00
1.0400E+03	0.0000E+00	0.0000E+00	1.1802E+00
1.0410E+03	0.0000E+00	0.0000E+00	1.1796E+00
1.0420E+03	0.0000E+00	0.0000E+00	1.1775E+00
1.0430E+03	0.0000E+00	0.0000E+00	1.1738E+00
1.0440E+03	0.0000E+00	0.0000E+00	1.1785E+00
1.0450E+03	0.0000E+00	0.0000E+00	1.1702E+00
1.0460E+03	0.0000E+00	0.0000E+00	1.1782E+00
1.0470E+03	0.0000E+00	0.0000E+00	1.1855E+00
1.0480E+03	0.0000E+00	0.0000E+00	1.1864E+00
1.0490E+03	0.0000E+00	0.0000E+00	1.1918E+00
1.0500E+03	0.0000E+00	0.0000E+00	1.2042E+00
1.0510E+03	0.0000E+00	0.0000E+00	1.2263E+00
1.0520E+03	0.0000E+00	0.0000E+00	1.2536E+00
1.0530E+03	0.0000E+00	0.0000E+00	1.2751E+00
1.0540E+03	0.0000E+00	0.0000E+00	1.2862E+00
1.0550E+03	0.0000E+00	0.0000E+00	1.2938E+00
1.0560E+03	0.0000E+00	0.0000E+00	1.2929E+00
1.0570E+03	0.0000E+00	0.0000E+00	1.2930E+00
1.0580E+03	0.0000E+00	0.0000E+00	1.2916E+00
1.0590E+03	0.0000E+00	0.0000E+00	1.2870E+00
1.0600E+03	0.0000E+00	0.0000E+00	1.2898E+00
1.0610E+03	0.0000E+00	0.0000E+00	1.2803E+00
1.0620E+03	0.0000E+00	0.0000E+00	1.2872E+00
1.0630E+03	0.0000E+00	0.0000E+00	1.2773E+00
1.0640E+03	0.0000E+00	0.0000E+00	1.2749E+00
1.0650E+03	0.0000E+00	0.0000E+00	1.2714E+00
1.0660E+03	0.0000E+00	0.0000E+00	1.2789E+00
1.0670E+03	0.0000E+00	0.0000E+00	1.2722E+00
1.0680E+03	0.0000E+00	0.0000E+00	1.2685E+00
1.0690E+03	0.0000E+00	0.0000E+00	1.2681E+00
1.0700E+03	0.0000E+00	0.0000E+00	1.2728E+00
1.0710E+03	0.0000E+00	0.0000E+00	1.2736E+00
1.0720E+03	0.0000E+00	0.0000E+00	1.2710E+00
1.0730E+03	0.0000E+00	0.0000E+00	1.2898E+00
1.0740E+03	0.0000E+00	0.0000E+00	1.2871E+00
1.0750E+03	0.0000E+00	0.0000E+00	1.2946E+00
1.0760E+03	0.0000E+00	0.0000E+00	1.3121E+00
1.0770E+03	0.0000E+00	0.0000E+00	1.3135E+00
1.0780E+03	0.0000E+00	0.0000E+00	1.3215E+00
1.0790E+03	0.0000E+00	0.0000E+00	1.3256E+00
1.0800E+03	0.0000E+00	0.0000E+00	1.3338E+00
1.0810E+03	0.0000E+00	0.0000E+00	1.3326E+00
1.0820E+03	0.0000E+00	0.0000E+00	1.3323E+00
1.0830E+03	0.0000E+00	0.0000E+00	1.3297E+00
1.0840E+03	0.0000E+00	0.0000E+00	1.3297E+00
1.0850E+03	0.0000E+00	0.0000E+00	1.3276E+00
1.0860E+03	0.0000E+00	0.0000E+00	1.3238E+00
1.0870E+03	0.0000E+00	0.0000E+00	1.3222E+00
1.0880E+03	0.0000E+00	0.0000E+00	1.3151E+00
1.0890E+03	0.0000E+00	0.0000E+00	1.3090E+00
1.0900E+03	0.0000E+00	0.0000E+00	1.3141E+00
1.0910E+03	0.0000E+00	0.0000E+00	1.3088E+00
1.0920E+03	0.0000E+00	0.0000E+00	1.3130E+00
1.0930E+03	0.0000E+00	0.0000E+00	1.3059E+00
1.0940E+03	0.0000E+00	0.0000E+00	1.3063E+00
1.0950E+03	0.0000E+00	0.0000E+00	1.3073E+00
1.0960E+03	0.0000E+00	0.0000E+00	1.3098E+00
1.0970E+03	0.0000E+00	0.0000E+00	1.3094E+00
1.0980E+03	0.0000E+00	0.0000E+00	1.3144E+00
1.0990E+03	0.0000E+00	0.0000E+00	1.3294E+00
1.1000E+03	0.0000E+00	0.0000E+00	1.3382E+00
1.1010E+03	0.0000E+00	0.0000E+00	1.3445E+00
1.1020E+03	0.0000E+00	0.0000E+00	1.3547E+00
1.1030E+03	0.0000E+00	0.0000E+00	1.3543E+00
1.1040E+03	0.0000E+00	0.0000E+00	1.3603E+00
1.1050E+03	0.0000E+00	0.0000E+00	1.3514E+00
1.1060E+03	0.0000E+00	0.0000E+00	1.3602E+00
1.1070E+03	0.0000E+00	0.0000E+00	1.3474E+00
1.1080E+03	0.0000E+00	0.0000E+00	1.3502E+00
1.1090E+03	0.0000E+00	0.0000E+00	1.3517E+00
1.1100E+03	0.0000E+00	0.0000E+00	1.3451E+00
1.1110E+03	0.0000E+00	0.0000E+00	1.3362E+00
1.1120E+03	0.0000E+00	0.0000E+00	1.3381E+00
1.1130E+03	0.0000E+00	0.0000E+00	1.3377E+00
1.1140E+03	0.0000E+00	0.0000E+00	1.3306E+00
1.1150E+03	0.0000E+00	0.0000E+00	1.3335E+00
1.1160E+03	0.0000E+00	0.0000E+00	1.3271E+00
1.1170E+03	0.0000E+00	0.0000E+00	1.3311E+00
1.1180E+03	0.0000E+00	0.0000E+00	1.3273E+00
1.1190E+03	0.0000E+00	0.0000E+00	1.3230E+00
1.1200E+03	0.0000E+00	0.0000E+00	1.3302E+00
1.1210E+03	0.0000E+00	0.0000E+00	1.3325E+00
1.1220E+03	0.0000E+00	0.0000E+00	1.3374E+00
1.1230E+03	0.0000E+00	0.0000E+00	1.3493E+00
1.1240E+03	0.0000E+00	0.0000E+00	1.3697E+00
1.1250E+03	0.0000E+00	0.0000E+00	1.3765E+00
1.1260E+03	0.0000E+00	0.0000E+00	1.3876E+00
1.1270E+03	0.0000E+00	0.0000E+00	1.3964E+00
1.1280E+03	0.0000E+00	0.0000E+00	1.3960E+00
1.1290E+03	0.0000E+00	0.0000E+00	1.3959E+00
1.1300E+03	0.0000E+00	0.0000E+00	1.3986E+00
1.1310E+03	0.0000E+00	0.0000E+00	1.3889E+00
1.1320E+03	0.0000E+00	0.0000E+00	1.3901E+00
1.1330E+03	0.0000E+00	0.0000E+00	1.3857E+00
1.1340E+03	0.0000E+00	0.0000E+00	1.3862E+00
1.1350E+03	0.0000E+00	0.0000E+00	1.3833E+00
1.1360E+03	0.0000E+00	0.0000E+00	1.3754E+00
1.1370E+03	0.0000E+00	0.0000E+00	1.3760E+00
1.1380E+03	0.0000E+00	0.0000E+00	1.3723E+00
1.1390E+03	0.0000E+00	0.0000E+00	1.3705E+00
1.1400E+03	0.0000E+00	0.0000E+00	1.3651E+00
1.1410E+03	0.0000E+00	0.0000E+00	1.3603E+00
1.1420E+03	0.0000E+00	0.0000E+00	1.3553E+00
1.1430E+03	0.0000E+00	0.0000E+00	1.3572E+00
1.1440E+03	0.0000E+00	0.0000E+00	1.3618E+00
1.1450E+03	0.0000E+00	0.0000E+00	1.3694E+00
1.1460E+03	0.0000E+00	0.0000E+00	1.3853E+00
1.1470E+03	0.0000E+00	0.0000E+00	1.4155E+00
1.1480E+03	0.0000E+00	0.0000E+00	1.4394E+00
1.1490E+03	0.0000E+00	0.0000E+00	1.4649E+00
1.1500E+03	0.0000E+00	0.0000E+00	1.4771E+00
1.1510E+03	0.0000E+00	0.0000E+00	1.4895E+00
1.1520E+03	0.0000E+00	0.0000E+00	1.4993E+00
1.1530E+03	0.0000E+00	0.0000E+00	1.4975E+00
1.1540E+03	0.0000E+00	0.0000E+00	1.5098E+00
1.1550E+03	0.0000E+00	0.0000E+00	1.5203E+00
1.1560E+03	0.0000E+00	0.0000E+00	1.5185E+00
1.1570E+03	0.0000E+00	0.0000E+00	1.5173E+00
1.1580E+03	0.0000E+00	0.0000E+00	1.5212E+00
1.1590E+03	0.0000E+00	0.0000E+00	1.5127E+00
1.1600E+03	0.0000E+00	0.0000E+00	1.5126E+00
1.1610E+03	0.0000E+00	0.0000E+00	1.5057E+00
1.1620E+03	0.0000E+00	0.0000E+00	1.5035E+00
1.1630E+03	0.0000E+00	0.0000E+00	1.4929E+00
1.1640E+03	0.0000E+00	0.0000E+00	1.4896E+00
1.1650E+03	0.0000E+00	0.0000E+00	1.4882E+00
1.1660E+03	0.0000E+00	0.0000E+00	1.4819E+00
1.1670E+03	0.0000E+00	0.0000E+00	1.4764E+00
1.1680E+03	0.0000E+00	0.0000E+00	1.4757E+00
1.1690E+03	0.0000E+00	0.0000E+00	1.4805E+00
1.1700E+03	0.0000E+00	0.0000E+00	1.4926E+00
1.1710E+03	0.0000E+00	0.0000E+00	1.5090E+00
1.1720E+03	0.0000E+00	0.0000E+00	1.5249E+00
1.1730E+03	0.0000E+00	0.0000E+00	1.5400E+00
1.1740E+03	0.0000E+00	0.0000E+00	1.5615E+00
1.1750E+03	0.0000E+00	0.0000E+00	1.5763E+00
1.1760E+03	0.0000E+00	0.0000E+00	1.5848E+00
1.1770E+03	0.0000E+00	0.0000E+00	1.5927E+00
1.1780E+03	0.0000E+00	0.0000E+00	1.5998E+00
1.1790E+03	0.0000E+00	0.0000E+00	1.6058E+00
1.1800E+03	0.0000E+00	0.0000E+00	1.6098E+00
1.1810E+03	0.0000E+00	0.0000E+00	1.6042E+00
1.1820E+03	0.0000E+00	0.0000E+00	1.6003E+00
1.1830E+03	0.0000E+00	0.0000E+00	1.5982E+00
1.1840E+03	0.0000E+00	0.0000E+00	1.5962E+00
1.1850E+03	0.0000E+00	0.0000E+00	1.5878E+00
1.1860E+03	0.0000E+00	0.0000E+00	1.5801E+00
1.1870E+03	0.0000E+00	0.0000E+00	1.5701E+00
1.1880E+03	0.0000E+00	0.0000E+00	1.5660E+00
1.1890E+03	0.0000E+00	0.0000E+00	1.5527E+00
1.1900E+03	0.0000E+00	0.0000E+00	1.5461E+00
1.1910E+03	0.0000E+00	0.0000E+00	1.5389E+00
1.1920E+03	0.0000E+00	0.0000E+00	1.5367E+00
1.1930E+03	0.0000E+00	0.0000E+00	1.5348E+00
1.1940E+03	0.0000E+00	0.0000E+00	1.5409E+00
1.1950E+03	0.0000E+00	0.0000E+00	1.5476E+00
1.1960E+03	0.0000E+00	0.0000E+00	1.5585E+00
1.1970E+03	0.0000E+00	0.0000E+00	1.5673E+00
1.1980E+03	0.0000E+00	0.0000E+00	1.5741E+00
1.1990E+03	0.0000E+00	0.0000E+00	1.5829E+00
1.2000E+03	0.0000E+00	0.0000E+00	1.5903E+00
1.2010E+03	0.0000E+00	0.0000E+00	1.5984E+00
1.2020E+03	0.0000E+00	0.0000E+00	1.6069E+00
1.2030E+03	0.0000E+00	0.0000E+00	1.6086E+00
1.2040E+03	0.0000E+00	0.0000E+00	1.6125E+00
1.2050E+03	0.0000E+00	0.0000E+00	1.6140E+00
1.2060E+03	0.0000E+00	0.0000E+00	1.6116E+00
1.2070E+03	0.0000E+00	0.0000E+00	1.6018E+00
1.2080E+03	0.0000E+00	0.0000E+00	1.5983E+00
1.2090E+03	0.0000E+00	0.0000E+00	1.5929E+00
1.2100E+03	0.0000E+00	0.0000E+00	1.5900E+00
1.2110E+03	0.0000E+00	0.0000E+00	1.5744E+00
1.2120E+03	0.0000E+00	0.0000E+00	1.5726E+00
1.2130E+03	0.0000E+00	0.0000E+00	1.5615E+00
1.2140E+03	0.0000E+00	0.0000E+00	1.5530E+00
1.2150E+03	0.0000E+00	0.0000E+00	1.5435E+00
1.2160E+03	0.0000E+00	0.0000E+00	1.5447E+00
1.2170E+03	0.0000E+00	0.0000E+00	1.5467E+00
1.2180E+03	0.0000E+00	0.0000E+00	1.5498E+00
1.2190E+03	0.0000E+00	0.0000E+00	1.5597E+00
1.2200E+03	0.0000E+00	0.0000E+00	1.5788E+00
1.2210E+03	0.0000E+00	0.0000E+00	1.5959E+00
1.2220E+03	0.0000E+00	0.0000E+00	1.6091E+00
1.2230E+03	0.0000E+00	0.0000E+00	1.6219E+00
1.2240E+03	0.0000E+00	0.0000E+00	1.6428E+00
1.2250E+03	0.0000E+00	0.0000E+00	1.6584E+00
1.2260E+03	0.0000E+00	0.0000E+00	1.6625E+00
1.2270E+03	0.0000E+00	0.0000E+00	1.6749E+00
1.2280E+03	0.0000E+00	0.0000E+00	1.6772E+00
1.2290E+03	0.0000E+00	0.0000E+00	1.6768E+00
1.2300E+03	0.0000E+00	0.0000E+00	1.6695E+00
1.2310E+03	0.0000E+00	0.0000E+00	1.6622E+00
1.2320E+03	0.0000E+00	0.0000E+00	1.6529E+00
1.2330E+03	0.0000E+00	0.0000E+00	1.6461E+00
1.2340E+03	0.0000E+00	0.0000E+00	1.6342E+00
1.2350E+03	0.0000E+00	0.0000E+00	1.6275E+00
1.2360E+03	0.0000E+00	0.0000E+00	1.6157E+00
1.2370E+03	0.0000E+00	0.0000E+00	1.6055E+00
1.2380E+03	0.0000E+00	0.0000E+00	1.5966E+00
1.2390E+03	0.0000E+00	0.0000E+00	1.5843E+00
1.2400E+03	0.0000E+00	0.0000E+00	1.5764E+00
1.2410E+03	0.0000E+00	0.0000E+00	1.5707E+00
1.2420E+03	0.0000E+00	0.0000E+00	1.5703E+00
1.2430E+03	0.0000E+00	0.0000E+00	1.5693E+00
1.2440E+03	0.0000E+00	0.0000E+00	1.5727E+00
1.2450E+03	0.0000E+00	0.0000E+00	1.5780E+00
1.2460E+03	0.0000E+00	0.0000E+00	1.5908E+00
1.2470E+03	0.0000E+00	0.0000E+00	1.5970E+00
1.2480E+03	0.0000E+00	0.0000E+00	1.6014E+00
1.2490E+03	0.0000E+00	0.0000E+00	1.6085E+00
1.2500E+03	0.0000E+00	0.0000E+00	1.6079E+00
1.2510E+03	0.0000E+00	0.0000E+00	1.6113E+00
1.2520E+03	0.0000E+00	0.0000E+00	1.6095E+00
1.2530E+03	0.0000E+00	0.0000E+00	1.6028E+00
1.2540E+03	0.0000E+00	0.0000E+00	1.5994E+00
1.2550E+03	0.0000E+00	0.0000E+00	1.5929E+00
1.2560E+03	0.0000E+00	0.0000E+00	1.5884E+00
1.2570E+03	0.0000E+00	0.0000E+00	1.5822E+00
1.2580E+03	0.0000E+00	0.0000E+00	1.5749E+00
1.2590E+03	0.0000E+00	0.0000E+00	1.5610E+00
1.2600E+03	0.0000E+00	0.0000E+00	1.5570E+00
1.2610E+03	0.0000E+00	0.0000E+00	1.5523E+00
1.2620E+03	0.0000E+00	0.0000E+00	1.5387E+00
1.2630E+03	0.0000E+00	0.0000E+00	1.5330E+00
1.2640E+03	0.0000E+00	0.0000E+00	1.5275E+00
1.2650E+03	0.0000E+00	0.0000E+00	1.5203E+00
1.2660E+03	0.0000E+00	0.0000E+00	1.5266E+00
1.2670E+03	0.0000E+00	0.0000E+00	1.5297E+00
1.2680E+03	0.0000E+00	0.0000E+00	1.5361E+00
1.2690E+03	0.0000E+00	0.0000E+00	1.5465E+00
1.2700E+03	0.0000E+00	0.0000E+00	1.5545E+00
1.2710E+03	0.0000E+00	0.0000E+00	1.5620E+00
1.2720E+03	0.0000E+00	0.0000E+00	1.5679E+00
1.2730E+03	0.0000E+00	0.0000E+00	1.5783E+00
1.2740E+03	0.0000E+00	0.0000E+00	1.5791E+00
1.2750E+03	0.0000E+00	0.0000E+00	1.5842E+00
1.2760E+03	0.0000E+00	0.0000E+00	1.5859E+00
1.2770E+03	0.0000E+00	0.0000E+00	1.5834E+00
1.2780E+03	0.0000E+00	0.0000E+00	1.5765E+00
1.2790E+03	0.0000E+00	0.0000E+00	1.5702E+00
1.2800E+03	0.0000E+00	0.0000E+00	1.5670E+00
1.2810E+03	0.0000E+00	0.0000E+00	1.5595E+00
1.2820E+03	0.0000E+00	0.0000E+00	1.5553E+00
1.2830E+03	0.0000E+00	0.0000E+00	1.5493E+00
1.2840E+03	0.0000E+00	0.0000E+00	1.5417E+00
1.2850E+03	0.0000E+00	0.0000E+00	1.5243E+00
1.2860E+03	0.0000E+00	0.0000E+00	1.5209E+00
1.2870E+03	0.0000E+00	0.0000E+00	1.5087E+00
1.2880E+03	0.0000E+00	0.0000E+00	1.5032E+00
1.2890E+03	0.0000E+00	0.0000E+00	1.4942E+00
1.2900E+03	0.0000E+00	0.0000E+00	1.4977E+00
1.2910E+03	0.0000E+00	0.0000E+00	1.5055E+00
1.2920E+03	0.0000E+00	0.0000E+00	1.5098E+00
1.2930E+03	0.0000E+00	0.0000E+00	1.5197E+00
1.2940E+03	0.0000E+00	0.0000E+00	1.5300E+00
1.2950E+03	0.0000E+00	0.0000E+00	1.5405E+00
1.2960E+03	0.0000E+00	0.0000E+00	1.5479E+00
1.2970E+03	0.0000E+00	0.0000E+00	1.5508E+00
1.2980E+03	0.0000E+00	0.0000E+00	1.5529E+00
1.2990E+03	0.0000E+00	0.0000E+00	1.5598E+00
1.3000E+03	0.0000E+00	0.0000E+00	1.5598E+00
1.3010E+03	0.0000E+00	0.0000E+00	1.5528E+00
1.3020E+03	0.0000E+00	0.0000E+00	1.5552E+00
1.3030E+03	0.0000E+00	0.0000E+00	1.5475E+00
1.3040E+03	0.0000E+00	0.0000E+00	1.5471E+00
1.3050E+03	0.0000E+00	0.0000E+00	1.5408E+00
1.3060E+03	0.0000E+00	0.0000E+00	1.5336E+00
1.3070E+03	0.0000E+00	0.0000E+00	1.5277E+00
1.3080E+03	0.0000E+00	0.0000E+00	1.5201E+00
1.3090E+03	0.0000E+00	0.0000E+00	1.5093E+00
1.3100E+03	0.0000E+00	0.0000E+00	1.5018E+00
1.3110E+03	0.0000E+00	0.0000E+00	1.4944E+00
1.3120E+03	0.0000E+00	0.0000E+00	1.4891E+00
1.3130E+03	0.0000E+00	0.0000E+00	1.4871E+00
1.3140E+03	0.0000E+00	0.0000E+00	1.4928E+00
1.3150E+03	0.0000E+00	0.0000E+00	1.5008E+00
1.3160E+03	0.0000E+00	0.0000E+00	1.5175E+00
1.3170E+03	0.0000E+00	0.0000E+00	1.5298E+00
1.3180E+03	0.0000E+00	0.0000E+00	1.5430E+00
1.3190E+03	0.0000E+00	0.0000E+00	1.5603E+00
1.3200E+03	0.0000E+00	0.0000E+00	1.5713E+00
1.3210E+03	0.0000E+00	0.0000E+00	1.5833E+00
1.3220E+03	0.0000E+00	0.0000E+00	1.5958E+00
1.3230E+03	0.0000E+00	0.0000E+00	1.6066E+00
1.3240E+03	0.0000E+00	0.0000E+00	1.6142E+00
1.3250E+03	0.0000E+00	0.0000E+00	1.6168E+00
1.3260E+03	0.0000E+00	0.0000E+00	1.6221E+00
1.3270E+03	0.0000E+00	0.0000E+00	1.6163E+00
1.3280E+03	0.0000E+00	0.0000E+00	1.6159E+00
1.3290E+03	0.0000E+00	0.0000E+00	1.6143E+00
1.3300E+03	0.0000E+00	0.0000E+00	1.6021E+00
1.3310E+03	0.0000E+00	0.0000E+00	1.5965E+00
1.3320E+03	0.0000E+00	0.0000E+00	1.5877E+00
1.3330E+03	0.0000E+00	0.0000E+00	1.5814E+00
1.3340E+03	0.0000E+00	0.0000E+00	1.5671E+00
1.3350E+03	0.0000E+00	0.0000E+00	1.5611E+00
1.3360E+03	0.0000E+00	0.0000E+00	1.5554E+00
1.3370E+03	0.0000E+00	0.0000E+00	1.5516E+00
1.3380E+03	0.0000E+00	0.0000E+00	1.5492E+00
1.3390E+03	0.0000E+00	0.0000E+00	1.5537E+00
1.3400E+03	0.0000E+00	0.0000E+00	1.5604E+00
1.3410E+03	0.0000E+00	0.0000E+00	1.5723E+00
1.3420E+03	0.0000E+00	0.0000E+00	1.5856E+00
1.3430E+03	0.0000E+00	0.0000E+00	1.6066E+00
1.3440E+03	0.0000E+00	0.0000E+00	1.6238E+00
1.3450E+03	0.0000E+00	0.0000E+00	1.6366E+00
1.3460E+03	0.0000E+00	0.0000E+00	1.6573E+00
1.3470E+03	0.0000E+00	0.0000E+00	1.6676E+00
1.3480E+03	0.0000E+00	0.0000E+00	1.6833E+00
1.3490E+03	0.0000E+00	0.0000E+00	1.6892E+00
1.3500E+03	0.0000E+00	0.0000E+00	1.6923E+00
1.3510E+03	0.0000E+00	0.0000E+00	1.6931E+00
1.3520E+03	0.0000E+00	0.0000E+00	1.6941E+00
1.3530E+03	0.0000E+00	0.0000E+00	1.6956E+00
1.3540E+03	0.0000E+00	0.0000E+00	1.6847E+00
1.3550E+03	0.0000E+00	0.0000E+00	1.6802E+00
1.3560E+03	0.0000E+00	0.0000E+00	1.6733E+00
1.3570E+03	0.0000E+00	0.0000E+00	1.6601E+00
1.3580E+03	0.0000E+00	0.0000E+00	1.6518E+00
1.3590E+03	0.0000E+00	0.0000E+00	1.6439E+00
1.3600E+03	0.0000E+00	0.0000E+00	1.6277E+00
1.3610E+03	0.0000E+00	0.0000E+00	1.6206E+00
1.3620E+03	0.0000E+00	0.0000E+00	1.6186E+00
1.3630E+03	0.0000E+00	0.0000E+00	1.6123E+00
1.3640E+03	0.0000E+00	0.0000E+00	1.6149E+00
1.3650E+03	0.0000E+00	0.0000E+00	1.6253E+00
1.3660E+03	0.0000E+00	0.0000E+00	1.6350E+00
1.3670E+03	0.0000E+00	0.0000E+00	1.6566E+00
1.3680E+03	0.0000E+00	0.0000E+00	1.6714E+00
1.3690E+03	0.0000E+00	0.0000E+00	1.6894E+00
1.3700E+03	0.0000E+00	0.0000E+00	1.7034E+00
1.3710E+03	0.0000E+00	0.0000E+00	1.7128E+00
1.3720E+03	0.0000E+00	0.0000E+00	1.7136E+00
1.3730E+03	0.0000E+00	0.0000E+00	1.7140E+00
1.3740E+03	0.0000E+00	0.0000E+00	1.7075E+00
1.3750E+03	0.0000E+00	0.0000E+00	1.6992E+00
1.3760E+03	0.0000E+00	0.0000E+00	1.6906E+00
1.3770E+03	0.0000E+00	0.0000E+00	1.6819E+00
1.3780E+03	0.0000E+00	0.0000E+00	1.6696E+00
1.3790E+03	0.0000E+00	0.0000E+00	1.6672E+00
1.3800E+03	0.0000E+00	0.0000E+00	1.6550E+00
1.3810E+03	0.0000E+00	0.0000E+00	1.6411E+00
1.3820E+03	0.0000E+00	0.0000E+00	1.6339E+00
1.3830E+03	0.0000E+00	0.0000E+00	1.6209E+00
1.3840E+03	0.0000E+00	0.0000E+00	1.6095E+00
1.3850E+03	0.0000E+00	0.0000E+00	1.6003E+00
1.3860E+03	0.0000E+00	0.0000E+00	1.5925E+00
1.3870E+03	0.0000E+00	0.0000E+00	1.5870E+00
1.3880E+03	0.0000E+00	0.0000E+00	1.5871E+00
1.3890E+03	0.0000E+00	0.0000E+00	1.5854E+00
1.3900E+03	0.0000E+00	0.0000E+00	1.5970E+00
1.3910E+03	0.0000E+00	0.0000E+00	1.6070E+00
1.3920E+03	0.0000E+00	0.0000E+00	1.6138E+00
1.3930E+03	0.0000E+00	0.0000E+00	1.6277E+00
1.3940E+03	0.0000E+00	0.0000E+00	1.6335E+00
1.3950E+03	0.0000E+00	0.0000E+00	1.6364E+00
1.3960E+03	0.0000E+00	0.0000E+00	1.6429E+00
1.3970E+03	0.0000E+00	0.0000E+00	1.6345E+00
1.3980E+03	0.0000E+00	0.0000E+00	1.6323E+00
1.3990E+03	0.0000E+00	0.0000E+00	1.6292E+00
1.4000E+03	0.0000E+00	0.0000E+00	1.6227E+00
1.4010E+03	0.0000E+00	0.0000E+00	1.6173E+00
1.4020E+03	0.0000E+00	0.0000E+00	1.6096E+00
1.4030E+03	0.0000E+00	0.0000E+00	1.6045E+00
1.4040E+03	0.0000E+00	0.0000E+00	1.5960E+00
1.4050E+03	0.0000E+00	0.0000E+00	1.5892E+00
1.4060E+03	0.0000E+00	0.0000E+00	1.5756E+00
1.4070E+03	0.0000E+00	0.0000E+00	1.5630E+00
1.4080E+03	0.0000E+00	0.0000E+00	1.5567E+00
1.4090E+03	0.0000E+00	0.0000E+00	1.5490E+00
1.4100E+03	0.0000E+00	0.0000E+00	1.5483E+00
1.4110E+03	0.0000E+00	0.0000E+00	1.5451E+00
1.4120E+03	0.0000E+00	0.0000E+00	1.5521E+00
1.4130E+03	0.0000E+00	0.0000E+00	1.5578E+00
1.4140E+03	0.0000E+00	0.0000E+00	1.5663E+00
1.4150E+03	0.0000E+00	0.0000E+00	1.5813E+00
1.4160E+03	0.0000E+00	0.0000E+00	1.5880E+00
1.4170E+03	0.0000E+00	0.0000E+00	1.6014E+00
1.4180E+03	0.0000E+00	0.0000E+00	1.6094E+00
1.4190E+03	0.0000E+00	0.0000E+00	1.6188E+00
1.4200E+03	0.0000E+00	0.0000E+00	1.6225E+00
1.4210E+03	0.0000E+00	0.0000E+00	1.6231E+00
1.4220E+03	0.0000E+00	0.0000E+00	1.6201E+00
1.4230E+03	0.0000E+00	0.0000E+00	1.6171E+00
1.4240E+03	0.0000E+00	0.0000E+00	1.6135E+00
1.4250E+03	0.0000E+00	0.0000E+00	1.6106E+00
1.4260E+03	0.0000E+00	0.0000E+00	1.6041E+00
1.4270E+03	0.0000E+00	0.0000E+00	1.5933E+00
1.4280E+03	0.0000E+00	0.0000E+00	1.5855E+00
1.4290E+03	0.0000E+00	0.0000E+00	1.5789E+00
1.4300E+03	0.0000E+00	0.0000E+00	1.5684E+00
1.4310E+03	0.0000E+00	0.0000E+00	1.5642E+00
1.4320E+03	0.0000E+00	0.0000E+00	1.5568E+00
1.4330E+03	0.0000E+00	0.0000E+00	1.5485E+00
1.4340E+03	0.0000E+00	0.0000E+00	1.5460E+00
1.4350E+03	0.0000E+00	0.0000E+00	1.5411E+00
1.4360E+03	0.0000E+00	0.0000E+00	1.5439E+00
1.4370E+03	0.0000E+00	0.0000E+00	1.5479E+00
1.4380E+03	0.0000E+00	0.0000E+00	1.5565E+00
1.4390E+03	0.0000E+00	0.0000E+00	1.5643E+00
1.4400E+03	0.0000E+00	0.0000E+00	1.5761E+00
1.4410E+03	0.0000E+00	0.0000E+00	1.5710E+00
1.4420E+03	0.0000E+00	0.0000E+00	1.5743E+00
1.4430E+03	0.0000E+00	0.0000E+00	1.5726E+00
1.4440E+03	0.0000E+00	0.0000E+00	1.5706E+00
1.4450E+03	0.0000E+00	0.0000E+00	1.5726E+00
1.4460E+03	0.0000E+00	0.0000E+00	1.5636E+00
1.4470E+03	0.0000E+00	0.0000E+00	1.5612E+00
1.4480E+03	0.0000E+00	0.0000E+00	1.5526E+00
1.4490E+03	0.0000E+00	0.0000E+00	1.5489E+00
1.4500E+03	0.0000E+00	0.0000E+00	1.5447E+00
1.4510E+03	0.0000E+00	0.0000E+00	1.5397E+00
1.4520E+03	0.0000E+00	0.0000E+00	1.5300E+00
1.4530E+03	0.0000E+00	0.0000E+00	1.5235E+00
1.4540E+03	0.0000E+00	0.0000E+00	1.5221E+00
1.4550E+03	0.0000E+00	0.0000E+00	1.5142E+00
1.4560E+03	0.0000E+00	0.0000E+00	1.5148E+00
1.4570E+03	0.0000E+00	0.0000E+00	1.5092E+00
1.4580E+03	0.0000E+00	0.0000E+00	1.5089E+00
1.4590E+03	0.0000E+00	0.0000E+00	1.5086E+00
1.4600E+03	0.0000E+00	0.0000E+00	1.5178E+00
1.4610E+03	0.0000E+00	0.0000E+00	1.5176E+00
1.4620E+03	0.0000E+00	0.0000E+00	1.5198E+00
1.4630E+03	0.0000E+00	0.0000E+00	1.5240E+00
1.4640E+03	0.0000E+00	0.0000E+00	1.5265E+00
1.4650E+03	0.0000E+00	0.0000E+00	1.5294E+00
1.4660E+03	0.0000E+00	0.0000E+00	1.5286E+00
1.4670E+03	0.0000E+00	0.0000E+00	1.5315E+00
1.4680E+03	0.0000E+00	0.0000E+00	1.5331E+00
1.4690E+03	0.0000E+00	0.0000E+00	1.5396E+00
1.4700E+03	0.0000E+00	0.0000E+00	1.5332E+00
1.4710E+03	0.0000E+00	0.0000E+00	1.5305E+00
1.4720E+03	0.0000E+00	0.0000E+00	1.5272E+00
1.4730E+03	0.0000E+00	0.0000E+00	1.5249E+00
1.4740E+03	0.0000E+00	0.0000E+00	1.5207E+00
1.4750E+03	0.0000E+00	0.0000E+00	1.5110E+00
1.4760E+03	0.0000E+00	0.0000E+00	1.5050E+00
1.4770E+03	0.0000E+00	0.0000E+00	1.4987E+00
1.4780E+03	0.0000E+00	0.0000E+00	1.4839E+00
1.4790E+03	0.0000E+00	0.0000E+00	1.4802E+00
1.4800E+03	0.0000E+00	0.0000E+00	1.4820E+00
1.4810E+03	0.0000E+00	0.0000E+00	1.4754E+00
1.4820E+03	0.0000E+00	0.0000E+00	1.4690E+00
1.4830E+03	0.0000E+00	0.0000E+00	1.4760E+00
1.4840E+03	0.0000E+00	0.0000E+00	1.4917E+00
1.4850E+03	0.0000E+00	0.0000E+00	1.4986E+00
1.4860E+03	0.0000E+00	0.0000E+00	1.5147E+00
1.4870E+03	0.0000E+00	0.0000E+00	1.5217E+00
1.4880E+03	0.0000E+00	0.0000E+00	1.5407E+00
1.4890E+03	0.0000E+00	0.0000E+00	1.5496E+00
1.4900E+03	0.0000E+00	0.0000E+00	1.5568E+00
1.4910E+03	0.0000E+00	0.0000E+00	1.5636E+00
1.4920E+03	0.0000E+00	0.0000E+00	1.5717E+00
1.4930E+03	0.0000E+00	0.0000E+00	1.5671E+00
1.4940E+03	0.0000E+00	0.0000E+00	1.5694E+00
1.4950E+03	0.0000E+00	0.0000E+00	1.5684E+00
1.4960E+03	0.0000E+00	0.0000E+00	1.5588E+00
1.4970E+03	0.0000E+00	0.0000E+00	1.5562E+00
1.4980E+03	0.0000E+00	0.0000E+00	1.5526E+00
1.4990E+03	0.0000E+00	0.0000E+00	1.5412E+00
1.5000E+03	0.0000E+00	0.0000E+00	1.5366E+00
1.5010E+03	0.0000E+00	0.0000E+00	1.5208E+00
1.5020E+03	0.0000E+00	0.0000E+00	1.5149E+00
1.5030E+03	0.0000E+00	0.0000E+00	1.5055E+00
1.5040E+03	0.0000E+00	0.0000E+00	1.5045E+00
1.5050E+03	0.0000E+00	0.0000E+00	1.4975E+00
1.5060E+03	0.0000E+00	0.0000E+00	1.4960E+00
1.5070E+03	0.0000E+00	0.0000E+00	1.5049E+00
1.5080E+03	0.0000E+00	0.0000E+00	1.5111E+00
1.5090E+03	0.0000E+00	0.0000E+00	1.5220E+00
1.5100E+03	0.0000E+00	0.0000E+00	1.5332E+00
1.5110E+03	0.0000E+00	0.0000E+00	1.5425E+00
1.5120E+03	0.0000E+00	0.0000E+00	1.5586E+00
1.5130E+03	0.0000E+00	0.0000E+00	1.5696E+00
1.5140E+03	0.0000E+00	0.0000E+00	1.5797E+00
1.5150E+03	0.0000E+00	0.0000E+00	1.5815E+00
1.5160E+03	0.0000E+00	0.0000E+00	1.5915E+00
1.5170E+03	0.0000E+00	0.0000E+00	1.5861E+00
1.5180E+03	0.0000E+00	0.0000E+00	1.5781E+00
1.5190E+03	0.0000E+00	0.0000E+00	1.5812E+00
1.5200E+03	0.0000E+00	0.0000E+00	1.5778E+00
1.5210E+03	0.0000E+00	0.0000E+00	1.5654E+00
1.5220E+03	0.0000E+00	0.0000E+00	1.5572E+00
1.5230E+03	0.0000E+00	0.0000E+00	1.5527E+00
1.5240E+03	0.0000E+00	0.0000E+00	1.5402E+00
1.5250E+03	0.0000E+00	0.0000E+00	1.5279E+00
1.5260E+03	0.0000E+00	0.0000E+00	1.5225E+00
1.5270E+03	0.0000E+00	0.0000E+00	1.5134E+00
1.5280E+03	0.0000E+00	0.0000E+00	1.5037E+00
1.5290E+03	0.0000E+00	0.0000E+00	1.4976E+00
1.5300E+03	0.0000E+00	0.0000E+00	1.4876E+00
1.5310E+03	0.0000E+00	0.0000E+00	1.4910E+00
1.5320E+03	0.0000E+00	0.0000E+00	1.4877E+00
1.5330E+03	0.0000E+00	0.0000E+00	1.4951E+00
1.5340E+03	0.0000E+00	0.0000E+00	1.5051E+00
1.5350E+03	0.0000E+00	0.0000E+00	1.5111E+00
1.5360E+03	0.0000E+00	0.0000E+00	1.5227E+00
1.5370E+03	0.0000E+00	0.0000E+00	1.5318E+00
1.5380E+03	0.0000E+00	0.0000E+00	1.5380E+00
1.5390E+03	0.0000E+00	0.0000E+00	1.5408E+00
1.5400E+03	0.0000E+00	0.0000E+00	1.5476E+00
1.5410E+03	0.0000E+00	0.0000E+00	1.5504E+00
1.5420E+03	0.0000E+00	0.0000E+00	1.5462E+00
1.5430E+03	0.0000E+00	0.0000E+00	1.5424E+00
1.5440E+03	0.0000E+00	0.0000E+00	1.5340E+00
1.5450E+03	0.0000E+00	0.0000E+00	1.5351E+00
1.5460E+03	0.0000E+00	0.0000E+00	1.5304E+00
1.5470E+03	0.0000E+00	0.0000E+00	1.5237E+00
1.5480E+03	0.0000E+00	0.0000E+00	1.5126E+00
1.5490E+03	0.0000E+00	0.0000E+00	1.5045E+00
1.5500E+03	0.0000E+00	0.0000E+00	1.4965E+00
1.5510E+03	0.0000E+00	0.0000E+00	1.4912E+00
1.5520E+03	0.0000E+00	0.0000E+00	1.4915E+00
1.5530E+03	0.0000E+00	0.0000E+00	1.4889E+00
1.5540E+03	0.0000E+00	0.0000E+00	1.4792E+00
1.5550E+03	0.0000E+00	0.0000E+00	1.4858E+00
1.5560E+03	0.0000E+00	0.0000E+00	1.4868E+00
1.5570E+03	0.0000E+00	0.0000E+00	1.4864E+00
1.5580E+03	0.0000E+00	0.0000E+00	1.4854E+00
1.5590E+03	0.0000E+00	0.0000E+00	1.4777E+00
1.5600E+03	0.0000E+00	0.0000E+00	1.4680E+00
1.5610E+03	0.0000E+00	0.0000E+00	1.4586E+00
1.5620E+03	0.0000E+00	0.0000E+00	1.4508E+00
1.5630E+03	0.0000E+00	0.0000E+00	1.4377E+00
1.5640E+03	0.0000E+00	0.0000E+00	1.4302E+00
1.5650E+03	0.0000E+00	0.0000E+00	1.4164E+00
1.5660E+03	0.0000E+00	0.0000E+00	1.4110E+00
1.5670E+03	0.0000E+00	0.0000E+00	1.4061E+00
1.5680E+03	0.0000E+00	0.0000E+00	1.3937E+00
1.5690E+03	0.0000E+00	0.0000E+00	1.3915E+00
1.5700E+03	0.0000E+00	0.0000E+00	1.3865E+00
1.5710E+03	0.0000E+00	0.0000E+00	1.3857E+00
1.5720E+03	0.0000E+00	0.0000E+00	1.3799E+00
1.5730E+03	0.0000E+00	0.0000E+00	1.3681E+00
1.5740E+03	0.0000E+00	0.0000E+00	1.3672E+00
1.5750E+03	0.0000E+00	0.0000E+00	1.3605E+00
1.5760E+03	0.0000E+00	0.0000E+00	1.3657E+00
1.5770E+03	0.0000E+00	0.0000E+00	1.3553E+00
1.5780E+03	0.0000E+00	0.0000E+00	1.3529E+00
1.5790E+03	0.0000E+00	0.0000E+00	1.3449E+00
1.5800E+03	0.0000E+00	0.0000E+00	1.3395E+00
1.5810E+03	0.0000E+00	0.0000E+00	1.3399E+00
1.5820E+03	0.0000E+00	0.0000E+00	1.3311E+00
1.5830E+03	0.0000E+00	0.0000E+00	1.3288E+00
1.5840E+03	0.0000E+00	0.0000E+00	1.3247E+00
1.5850E+03	0.0000E+00	0.0000E+00	1.3249E+00
1.5860E+03	0.0000E+00	0.0000E+00	1.3228E+00
1.5870E+03	0.0000E+00	0.0000E+00	1.3165E+00
1.5880E+03	0.0000E+00	0.0000E+00	1.3154E+00
1.5890E+03	0.0000E+00	0.0000E+00	1.3061E+00
1.5900E+03	0.0000E+00	0.0000E+00	1.3055E+00
1.5910E+03	0.0000E+00	0.0000E+00	1.2951E+00
1.5920E+03	0.0000E+00	0.0000E+00	1.2980E+00
1.5930E+03	0.0000E+00	0.0000E+00	1.2932E+00
1.5940E+03	0.0000E+00	0.0000E+00	1.2912E+00
1.5950E+03	0.0000E+00	0.0000E+00	1.2894E+00
1.5960E+03	0.0000E+00	0.0000E+00	1.2905E+00
1.5970E+03	0.0000E+00	0.0000E+00	1.2846E+00
1.5980E+03	0.0000E+00	0.0000E+00	1.2813E+00
1.5990E+03	0.0000E+00	0.0000E+00	1.2739E+00
1.6000E+03	0.0000E+00	0.0000E+00	1.2737E+00
1.6010E+03	0.0000E+00	0.0000E+00	1.2631E+00
1.6020E+03	0.0000E+00	0.0000E+00	1.2653E+00
1.6030E+03	0.0000E+00	0.0000E+00	1.2687E+00
1.6040E+03	0.0000E+00	0.0000E+00	1.2738E+00
1.6050E+03	0.0000E+00	0.0000E+00	1.2720E+00
1.6060E+03	0.0000E+00	0.0000E+00	1.2847E+00
1.6070E+03	0.0000E+00	0.0000E+00	1.2917E+00
1.6080E+03	0.0000E+00	0.0000E+00	1.2948E+00
1.6090E+03	0.0000E+00	0.0000E+00	1.2938E+00
1.6100E+03	0.0000E+00	0.0000E+00	1.2943E+00
1.6110E+03	0.0000E+00	0.0000E+00	1.2941E+00
1.6120E+03	0.0000E+00	0.0000E+00	1.2923E+00
1.6130E+03	0.0000E+00	0.0000E+00	1.2951E+00
1.6140E+03	0.0000E+00	0.0000E+00	1.2876E+00
1.6150E+03	0.0000E+00	0.0000E+00	1.2847E+00
1.6160E+03	0.0000E+00	0.0000E+00	1.2835E+00
1.6170E+03	0.0000E+00	0.0000E+00	1.2832E+00
1.6180E+03	0.0000E+00	0.0000E+00	1.2811E+00
1.6190E+03	0.0000E+00	0.0000E+00	1.2780E+00
1.6200E+03	0.0000E+00	0.0000E+00	1.2762E+00
1.6210E+03	0.0000E+00	0.0000E+00	1.2745E+00
1.6220E+03	0.0000E+00	0.0000E+00	1.2695E+00
1.6230E+03	0.0000E+00	0.0000E+00	1.2647E+00
1.6240E+03	0.0000E+00	0.0000E+00	1.2655E+00
1.6250E+03	0.0000E+00	0.0000E+00	1.2616E+00
1.6260E+03	0.0000E+00	0.0000E+00	1.2635E+00
1.6270E+03	0.0000E+00	0.0000E+00	1.2647E+00
1.6280E+03	0.0000E+00	0.0000E+00	1.2665E+00
1.6290E+03	0.0000E+00	0.0000E+00	1.2750E+00
1.6300E+03	0.0000E+00	0.0000E+00	1.2910E+00
1.6310E+03	0.0000E+00	0.0000E+00	1.3035E+00
1.6320E+03	0.0000E+00	0.0000E+00	1.3186E+00
1.6330E+03	0.0000E+00	0.0000E+00	1.3253E+00
1.6340E+03	0.0000E+00	0.0000E+00	1.3301E+00
1.6350E+03	0.0000E+00	0.0000E+00	1.3331E+00
1.6360E+03	0.0000E+00	0.0000E+00	1.3322E+00
1.6370E+03	0.0000E+00	0.0000E+00	1.3319E+00
1.6380E+03	0.0000E+00	0.0000E+00	1.3265E+00
1.6390E+03	0.0000E+00	0.0000E+00	1.3275E+00
1.6400E+03	0.0000E+00	0.0000E+00	1.3226E+00
1.6410E+03	0.0000E+00	0.0000E+00	1.3181E+00
1.6420E+03	0.0000E+00	0.0000E+00	1.3139E+00
1.6430E+03	0.0000E+00	0.0000E+00	1.3129E+00
1.6440E+03	0.0000E+00	0.0000E+00	1.3107E+00
1.6450E+03	0.0000E+00	0.0000E+00	1.2991E+00
1.6460E+03	0.0000E+00	0.0000E+00	1.3015E+00
1.6470E+03	0.0000E+00	0.0000E+00	1.2970E+00
1.6480E+03	0.0000E+00	0.0000E+00	1.2924E+00
1.6490E+03	0.0000E+00	0.0000E+00	1.2890E+00
1.6500E+03	0.0000E+00	0.0000E+00	1.2917E+00
1.6510E+03	0.0000E+00	0.0000E+00	1.3016E+00
1.6520E+03	0.0000E+00	0.0000E+00	1.3154E+00
1.6530E+03	0.0000E+00	0.0000E+00	1.3392E+00
1.6540E+03	0.0000E+00	0.0000E+00	1.3617E+00
1.6550E+03	0.0000E+00	0.0000E+00	1.3794E+00
1.6560E+03	0.0000E+00	0.0000E+00	1.3963E+00
1.6570E+03	0.0000E+00	0.0000E+00	1.4100E+00
1.6580E+03	0.0000E+00	0.0000E+00	1.4169E+00
1.6590E+03	0.0000E+00	0.0000E+00	1.4164E+00
1.6600E+03	0.0000E+00	0.0000E+00	1.4130E+00
1.6610E+03	0.0000E+00	0.0000E+00	1.4109E+00
1.6620E+03	0.0000E+00	0.0000E+00	1.4028E+00
1.6630E+03	0.0000E+00	0.0000E+00	1.4001E+00
1.6640E+03	0.0000E+00	0.0000E+00	1.3985E+00
1.6650E+03	0.0000E+00	0.0000E+00	1.3926E+00
1.6660E+03	0.0000E+00	0.0000E+00	1.3809E+00
1.6670E+03	0.0000E+00	0.0000E+00	1.3792E+00
1.6680E+03	0.0000E+00	0.0000E+00	1.3732E+00
1.6690E+03	0.0000E+00	0.0000E+00	1.3662E+00
1.6700E+03	0.0000E+00	0.0000E+00	1.3657E+00
1.6710E+03	0.0000E+00	0.0000E+00	1.3548E+00
1.6720E+03	0.0000E+00	0.0000E+00	1.3535E+00
1.6730E+03	0.0000E+00	0.0000E+00	1.3442E+00
1.6740E+03	0.0000E+00	0.0000E+00	1.3476E+00
1.6750E+03	0.0000E+00	0.0000E+00	1.3646E+00
1.6760E+03	0.0000E+00	0.0000E+00	1.3775E+00
1.6770E+03	0.0000E+00	0.0000E+00	1.4031E+00
1.6780E+03	0.0000E+00	0.0000E+00	1.4258E+00
1.6790E+03	0.0000E+00	0.0000E+00	1.4486E+00
1.6800E+03	0.0000E+00	0.0000E+00	1.4611E+00
1.6810E+03	0.0000E+00	0.0000E+00	1.4718E+00
1.6820E+03	0.0000E+00	0.0000E+00	1.4879E+00
1.6830E+03	0.0000E+00	0.0000E+00	1.4913E+00
1.6840E+03	0.0000E+00	0.0000E+00	1.4942E+00
1.6850E+03	0.0000E+00	0.0000E+00	1.4957E+00
1.6860E+03	0.0000E+00	0.0000E+00	1.4897E+00
1.6870E+03	0.0000E+00	0.0000E+00	1.4801E+00
1.6880E+03	0.0000E+00	0.0000E+00	1.4717E+00
1.6890E+03	0.0000E+00	0.0000E+00	1.4661E+00
1.6900E+03	0.0000E+00	0.0000E+00	1.4573E+00
1.6910E+03	0.0000E+00	0.0000E+00	1.4524E+00
1.6920E+03	0.0000E+00	0.0000E+00	1.4427E+00
1.6930E+03	0.0000E+00	0.0000E+00	1.4383E+00
1.6940E+03	0.0000E+00	0.0000E+00	1.4243E+00
1.6950E+03	0.0000E+00	0.0000E+00	1.4168E+00
1.6960E+03	0.0000E+00	0.0000E+00	1.4086E+00
1.6970E+03	0.0000E+00	0.0000E+00	1.4051E+00
1.6980E+03	0.0000E+00	0.0000E+00	1.4061E+00
1.6990E+03	0.0000E+00	0.0000E+00	1.4182E+00
1.7000E+03	0.0000E+00	0.0000E+00	1.4370E+00
1.7010E+03	0.0000E+00	0.0000E+00	1.4593E+00
1.7020E+03	0.0000E+00	0.0000E+00	1.4823E+00
1.7030E+03	0.0000E+00	0.0000E+00	1.5010E+00
1.7040E+03	0.0000E+00	0.0000E+00	1.5173E+00
1.7050E+03	0.0000E+00	0.0000E+00	1.5331E+00
1.7060E+03	0.0000E+00	0.0000E+00	1.5441E+00
1.7070E+03	0.0000E+00	0.0000E+00	1.5536E+00
1.7080E+03	0.0000E+00	0.0000E+00	1.5593E+00
1.7090E+03	0.0000E+00	0.0000E+00	1.5615E+00
1.7100E+03	0.0000E+00	0.0000E+00	1.5595E+00
1.7110E+03	0.0000E+00	0.0000E+00	1.5581E+00
1.7120E+03	0.0000E+00	0.0000E+00	1.5498E+00
1.7130E+03	0.0000E+00	0.0000E+00	1.5449E+00
1.7140E+03	0.0000E+00	0.0000E+00	1.5326E+00
1.7150E+03	0.0000E+00	0.0000E+00	1.5236E+00
1.7160E+03	0.0000E+00	0.0000E+00	1.5147E+00
1.7170E+03	0.0000E+00	0.0000E+00	1.4994E+00
1.7180E+03	0.0000E+00	0.0000E+00	1.4892E+00
1.7190E+03	0.0000E+00	0.0000E+00	1.4793E+00
1.7200E+03	0.0000E+00	0.0000E+00	1.4742E+00
1.7210E+03	0.0000E+00	0.0000E+00	1.4627E+00
1.7220E+03	0.0000E+00	0.0000E+00	1.4519E+00
1.7230E+03	0.0000E+00	0.0000E+00	1.4646E+00
1.7240E+03	0.0000E+00	0.0000E+00	1.4851E+00
1.7250E+03	0.0000E+00	0.0000E+00	1.5034E+00
1.7260E+03	0.0000E+00	0.0000E+00	1.5246E+00
1.7270E+03	0.0000E+00	0.0000E+00	1.5413E+00
1.7280E+03	0.0000E+00	0.0000E+00	1.5539E+00
1.7290E+03	0.0000E+00	0.0000E+00	1.5634E+00
1.7300E+03	0.0000E+00	0.0000E+00	1.5748E+00
1.7310E+03	0.0000E+00	0.0000E+00	1.5809E+00
1.7320E+03	0.0000E+00	0.0000E+00	1.5772E+00
1.7330E+03	0.0000E+00	0.0000E+00	1.5769E+00
1.7340E+03	0.0000E+00	0.0000E+00	1.5711E+00
1.7350E+03	0.0000E+00	0.0000E+00	1.5621E+00
1.7360E+03	0.0000E+00	0.0000E+00	1.5534E+00
1.7370E+03	0.0000E+00	0.0000E+00	1.5411E+00
1.7380E+03	0.0000E+00	0.0000E+00	1.5320E+00
1.7390E+03	0.0000E+00	0.0000E+00	1.5219E+00
1.7400E+03	0.0000E+00	0.0000E+00	1.5104E+00
1.7410E+03	0.0000E+00	0.0000E+00	1.5023E+00
1.7420E+03	0.0000E+00	0.0000E+00	1.4928E+00
1.7430E+03	0.0000E+00	0.0000E+00	1.4803E+00
1.7440E+03	0.0000E+00	0.0000E+00	1.4732E+00
1.7450E+03	0.0000E+00	0.0000E+00	1.4700E+00
1.7460E+03	0.0000E+00	0.0000E+00	1.4737E+00
1.7470E+03	0.0000E+00	0.0000E+00	1.4798E+00
1.7480E+03	0.0000E+00	0.0000E+00	1.4972E+00
1.7490E+03	0.0000E+00	0.0000E+00	1.5140E+00
1.7500E+03	0.0000E+00	0.0000E+00	1.5316E+00
1.7510E+03	0.0000E+00	0.0000E+00	1.5498E+00
1.7520E+03	0.0000E+00	0.0000E+00	1.5644E+00
1.7530E+03	0.0000E+00	0.0000E+00	1.5837E+00
1.7540E+03	0.0000E+00	0.0000E+00	1.6027E+00
1.7550E+03	0.0000E+00	0.0000E+00	1.6141E+00
1.7560E+03	0.0000E+00	0.0000E+00	1.6173E+00
1.7570E+03	0.0000E+00	0.0000E+00	1.6201E+00
1.7580E+03	0.0000E+00	0.0000E+00	1.6207E+00
1.7590E+03	0.0000E+00	0.0000E+00	1.6149E+00
1.7600E+03	0.0000E+00	0.0000E+00	1.6125E+00
1.7610E+03	0.0000E+00	0.0000E+00	1.6017E+00
1.7620E+03	0.0000E+00	0.0000E+00	1.5964E+00
1.7630E+03	0.0000E+00	0.0000E+00	1.5828E+00
1.7640E+03	0.0000E+00	0.0000E+00	1.5748E+00
1.7650E+03	0.0000E+00	0.0000E+00	1.5641E+00
1.7660E+03	0.0000E+00	0.0000E+00	1.5502E+00
1.7670E+03	0.0000E+00	0.0000E+00	1.5380E+00
1.7680E+03	0.0000E+00	0.0000E+00	1.5251E+00
1.7690E+03	0.0000E+00	0.0000E+00	1.5127E+00
1.7700E+03	0.0000E+00	0.0000E+00	1.5087E+00
1.7710E+03	0.0000E+00	0.0000E+00	1.5131E+00
1.7720E+03	0.0000E+00	0.0000E+00	1.5250E+00
1.7730E+03	0.0000E+00	0.0000E+00	1.5356E+00
1.7740E+03	0.0000E+00	0.0000E+00	1.5523E+00
1.7750E+03	0.0000E+00	0.0000E+00	1.5660E+00
1.7760E+03	0.0000E+00	0.0000E+00	1.5796E+00
1.7770E+03	0.0000E+00	0.0000E+00	1.5954E+00
1.7780E+03	0.0000E+00	0.0000E+00	1.6147E+00
1.7790E+03	0.0000E+00	0.0000E+00	1.6201E+00
1.7800E+03	0.0000E+00	0.0000E+00	1.6252E+00
1.7810E+03	0.0000E+00	0.0000E+00	1.6226E+00
1.7820E+03	0.0000E+00	0.0000E+00	1.6112E+00
1.7830E+03	0.0000E+00	0.0000E+00	1.6006E+00
1.7840E+03	0.0000E+00	0.0000E+00	1.5915E+00
1.7850E+03	0.0000E+00	0.0000E+00	1.5784E+00
1.7860E+03	0.0000E+00	0.0000E+00	1.5692E+00
1.7870E+03	0.0000E+00	0.0000E+00	1.5582E+00
1.7880E+03	0.0000E+00	0.0000E+00	1.5451E+00
1.7890E+03	0.0000E+00	0.0000E+00	1.5299E+00
1.7900E+03	0.0000E+00	0.0000E+00	1.5120E+00
1.7910E+03	0.0000E+00	0.0000E+00	1.5047E+00
1.7920E+03	0.0000E+00	0.0000E+00	1.4926E+00
1.7930E+03	0.0000E+00	0.0000E+00	1.4798E+00
1.7940E+03	0.0000E+00	0.0000E+00	1.4773E+00
1.7950E+03	0.0000E+00	0.0000E+00	1.4800E+00
1.7960E+03	0.0000E+00	0.0000E+00	1.4836E+00
1.7970E+03	0.0000E+00	0.0000E+00	1.4999E+00
1.7980E+03	0.0000E+00	0.0000E+00	1.5138E+00
1.7990E+03	0.0000E+00	0.0000E+00	1.5291E+00
1.8000E+03	0.0000E+00	0.0000E+00	1.5443E+00
1.8010E+03	0.0000E+00	0.0000E+00	1.5573E+00
1.8020E+03	0.0000E+00	0.0000E+00	1.5593E+00
1.8030E+03	0.0000E+00	0.0000E+00	1.5643E+00
1.8040E+03	0.0000E+00	0.0000E+00	1.5605E+00
1.8050E+03	0.0000E+00	0.0000E+00	1.5603E+00
1.8060E+03	0.0000E+00	0.0000E+00	1.5541E+00
1.8070E+03	0.0000E+00	0.0000E+00	1.5450E+00
1.8080E+03	0.0000E+00	0.0000E+00	1.5368E+00
1.8090E+03	0.0000E+00	0.0000E+00	1.5235E+00
1.8100E+03	0.0000E+00	0.0000E+00	1.5180E+00
1.8110E+03	0.0000E+00	0.0000E+00	1.5055E+00
1.8120E+03	0.0000E+00	0.0000E+00	1.4965E+00
1.8130E+03	0.0000E+00	0.0000E+00	1.4833E+00
1.8140E+03	0.0000E+00	0.0000E+00	1.4754E+00
1.8150E+03	0.0000E+00	0.0000E+00	1.4628E+00
1.8160E+03	0.0000E+00	0.0000E+00	1.4549E+00
1.8170E+03	0.0000E+00	0.0000E+00	1.4466E+00
1.8180E+03	0.0000E+00	0.0000E+00	1.4456E+00
1.8190E+03	0.0000E+00	0.0000E+00	1.4524E+00
1.8200E+03	0.0000E+00	0.0000E+00	1.4671E+00
1.8210E+03	0.0000E+00	0.0000E+00	1.4803E+00
1.8220E+03	0.0000E+00	0.0000E+00	1.4930E+00
1.8230E+03	0.0000E+00	0.0000E+00	1.5109E+00
1.8240E+03	0.0000E+00	0.0000E+00	1.5263E+00
1.8250E+03	0.0000E+00	0.0000E+00	1.5360E+00
1.8260E+03	0.0000E+00	0.0000E+00	1.5422E+00
1.8270E+03	0.0000E+00	0.0000E+00	1.5414E+00
1.8280E+03	0.0000E+00	0.0000E+00	1.5415E+00
1.8290E+03	0.0000E+00	0.0000E+00	1.5342E+00
1.8300E+03	0.0000E+00	0.0000E+00	1.5270E+00
1.8310E+03	0.0000E+00	0.0000E+00	1.5166E+00
1.8320E+03	0.0000E+00	0.0000E+00	1.5086E+00
1.8330E+03	0.0000E+00	0.0000E+00	1.4991E+00
1.8340E+03	0.0000E+00	0.0000E+00	1.4876E+00
1.8350E+03	0.0000E+00	0.0000E+00	1.4753E+00
1.8360E+03	0.0000E+00	0.0000E+00	1.4679E+00
1.8370E+03	0.0000E+00	0.0000E+00	1.4573E+00
1.8380E+03	0.0000E+00	0.0000E+00	1.4473E+00
1.8390E+03	0.0000E+00	0.0000E+00	1.4341E+00
1.8400E+03	0.0000E+00	0.0000E+00	1.4292E+00
1.8410E+03	0.0000E+00	0.0000E+00	1.4195E+00
1.8420E+03	0.0000E+00	0.0000E+00	1.4153E+00
1.8430E+03	0.0000E+00	0.0000E+00	1.4189E+00
1.8440E+03	0.0000E+00	0.0000E+00	1.4298E+00
1.8450E+03	0.0000E+00	0.0000E+00	1.4434E+00
1.8460E+03	0.0000E+00	0.0000E+00	1.4589E+00
1.8470E+03	0.0000E+00	0.0000E+00	1.4675E+00
1.8480E+03	0.0000E+00	0.0000E+00	1.4816E+00
1.8490E+03	0.0000E+00	0.0000E+00	1.4919E+00
1.8500E+03	0.0000E+00	0.0000E+00	1.4925E+00
1.8510E+03	0.0000E+00	0.0000E+00	1.4953E+00
1.8520E+03	0.0000E+00	0.0000E+00	1.4922E+00
1.8530E+03	0.0000E+00	0.0000E+00	1.4844E+00
1.8540E+03	0.0000E+00	0.0000E+00	1.4787E+00
1.8550E+03	0.0000E+00	0.0000E+00	1.4673E+00
1.8560E+03	0.0000E+00	0.0000E+00	1.4647E+00
1.8570E+03	0.0000E+00	0.0000E+00	1.4560E+00
1.8580E+03	0.0000E+00	0.0000E+00	1.4453E+00
1.8590E+03	0.0000E+00	0.0000E+00	1.4364E+00
1.8600E+03	0.0000E+00	0.0000E+00	1.4309E+00
1.8610E+03	0.0000E+00	0.0000E+00	1.4202E+00
1.8620E+03	0.0000E+00	0.0000E+00	1.4100E+00
1.8630E+03	0.0000E+00	0.0000E+00	1.4003E+00
1.8640E+03	0.0000E+00	0.0000E+00	1.3946E+00
1.8650E+03	0.0000E+00	0.0000E+00	1.3871E+00
1.8660E+03	0.0000E+00	0.0000E+00	1.3896E+00
1.8670E+03	0.0000E+00	0.0000E+00	1.3933E+00
1.8680E+03	0.0000E+00	0.0000E+00	1.4070E+00
1.8690E+03	0.0000E+00	0.0000E+00	1.4213E+00
1.8700E+03	0.0000E+00	0.0000E+00	1.4352E+00
1.8710E+03	0.0000E+00	0.0000E+00	1.4520E+00
1.8720E+03	0.0000E+00	0.0000E+00	1.4658E+00
1.8730E+03	0.0000E+00	0.0000E+00	1.4718E+00
1.8740E+03	0.0000E+00	0.0000E+00	1.4714E+00
1.8750E+03	0.0000E+00	0.0000E+00	1.4696E+00
1.8760E+03	0.0000E+00	0.0000E+00	1.4634E+00
1.8770E+03	0.0000E+00	0.0000E+00	1.4603E+00
1.8780E+03	0.0000E+00	0.0000E+00	1.4497E+00
1.8790E+03	0.0000E+00	0.0000E+00	1.4370E+00
1.8800E+03	0.0000E+00	0.0000E+00	1.4347E+00
1.8810E+03	0.0000E+00	0.0000E+00	1.4261E+00
1.8820E+03	0.0000E+00	0.0000E+00	1.4170E+00
1.8830E+03	0.0000E+00	0.0000E+00	1.4105E+00
1.8840E+03	0.0000E+00	0.0000E+00	1.4042E+00
1.8850E+03	0.0000E+00	0.0000E+00	1.3955E+00
1.8860E+03	0.0000E+00	0.0000E+00	1.3906E+00
1.8870E+03	0.0000E+00	0.0000E+00	1.3790E+00
1.8880E+03	0.0000E+00	0.0000E+00	1.3705E+00
1.8890E+03	0.0000E+00	0.0000E+00	1.3618E+00
1.8900E+03	0.0000E+00	0.0000E+00	1.3598E+00
1.8910E+03	0.0000E+00	0.0000E+00	1.3614E+00
1.8920E+03	0.0000E+00	0.0000E+00	1.3719E+00
1.8930E+03	0.0000E+00	0.0000E+00	1.3800E+00
1.8940E+03	0.0000E+00	0.0000E+00	1.3920E+00
1.8950E+03	0.0000E+00	0.0000E+00	1.4058E+00
1.8960E+03	0.0000E+00	0.0000E+00	1.4213E+00
1.8970E+03	0.0000E+00	0.0000E+00	1.4242E+00
1.8980E+03	0.0000E+00	0.0000E+00	1.4245E+00
1.8990E+03	0.0000E+00	0.0000E+00	1.4217E+00
1.9000E+03	0.0000E+00	0.0000E+00	1.4177E+00
1.9010E+03	0.0000E+00	0.0000E+00	1.4120E+00
1.9020E+03	0.0000E+00	0.0000E+00	1.4024E+00
1.9030E+03	0.0000E+00	0.0000E+00	1.3983E+00
1.9040E+03	0.0000E+00	0.0000E+00	1.3940E+00
1.9050E+03	0.0000E+00	0.0000E+00	1.3914E+00
1.9060E+03	0.0000E+00	0.0000E+00	1.3793E+00
1.9070E+03	0.0000E+00	0.0000E+00	1.3780E+00
1.9080E+03	0.0000E+00	0.0000E+00	1.3707E+00
1.9090E+03	0.0000E+00	0.0000E+00	1.3688E+00
1.9100E+03	0.0000E+00	0.0000E+00	1.3618E+00
1.9110E+03	0.0000E+00	0.0000E+00	1.3501E+00
1.9120E+03	0.0000E+00	0.0000E+00	1.3430E+00
1.9130E+03	0.0000E+00	0.0000E+00	1.3366E+00
1.9140E+03	0.0000E+00	0.0000E+00	1.3392E+00
1.9150E+03	0.0000E+00	0.0000E+00	1.3446E+00
1.9160E+03	0.0000E+00	0.0000E+00	1.3516E+00
1.9170E+03	0.0000E+00	0.0000E+00	1.3550E+00
1.9180E+03	0.0000E+00	0.0000E+00	1.3652E+00
1.9190E+03	0.0000E+00	0.0000E+00	1.3710E+00
1.9200E+03	0.0000E+00	0.0000E+00	1.3705E+00
1.9210E+03	0.0000E+00	0.0000E+00	1.3756E+00
1.9220E+03	0.0000E+00	0.0000E+00	1.3748E+00
1.9230E+03	0.0000E+00	0.0000E+00	1.3740E+00
1.9240E+03	0.0000E+00	0.0000E+00	1.3675E+00
1.9250E+03	0.0000E+00	0.0000E+00	1.3653E+00
1.9260E+03	0.0000E+00	0.0000E+00	1.3634E+00
1.9270E+03	0.0000E+00	0.0000E+00	1.3559E+00
1.9280E+03	0.0000E+00	0.0000E+00	1.3507E+00
1.9290E+03	0.0000E+00	0.0000E+00	1.3500E+00
1.9300E+03	0.0000E+00	0.0000E+00	1.3451E+00
1.9310E+03	0.0000E+00	0.0000E+00	1.3404E+00
1.9320E+03	0.0000E+00	0.0000E+00	1.3414E+00
1.9330E+03	0.0000E+00	0.0000E+00	1.3442E+00
1.9340E+03	0.0000E+00	0.0000E+00	1.3412E+00
1.9350E+03	0.0000E+00	0.0000E+00	1.3338E+00
1.9360E+03	0.0000E+00	0.0000E+00	1.3333E+00
1.9370E+03	0.0000E+00	0.0000E+00	1.3261E+00
1.9380E+03	0.0000E+00	0.0000E+00	1.3251E+00
1.9390E+03	0.0000E+00	0.0000E+00	1.3298E+00
1.9400E+03	0.0000E+00	0.0000E+00	1.3408E+00
1.9410E+03	0.0000E+00	0.0000E+00	1.3565E+00
1.9420E+03	0.0000E+00	0.0000E+00	1.3689E+00
1.9430E+03	0.0000E+00	0.0000E+00	1.3853E+00
1.9440E+03	0.0000E+00	0.0000E+00	1.3929E+00
1.9450E+03	0.0000E+00	0.0000E+00	1.3960E+00
1.9460E+03	0.0000E+00	0.0000E+00	1.3924E+00
1.9470E+03	0.0000E+00	0.0000E+00	1.3919E+00
1.9480E+03	0.0000E+00	0.0000E+00	1.3894E+00
1.9490E+03	0.0000E+00	0.0000E+00	1.3853E+00
1.9500E+03	0.0000E+00	0.0000E+00	1.3752E+00
1.9510E+03	0.0000E+00	0.0000E+00	1.3661E+00
1.9520E+03	0.0000E+00	0.0000E+00	1.3602E+00
1.9530E+03	0.0000E+00	0.0000E+00	1.3562E+00
1.9540E+03	0.0000E+00	0.0000E+00	1.3476E+00
1.9550E+03	0.0000E+00	0.0000E+00	1.3440E+00
1.9560E+03	0.0000E+00	0.0000E+00	1.3343E+00
1.9570E+03	0.0000E+00	0.0000E+00	1.3268E+00
1.9580E+03	0.0000E+00	0.0000E+00	1.3208E+00
1.9590E+03	0.0000E+00	0.0000E+00	1.3114E+00
1.9600E+03	0.0000E+00	0.0000E+00	1.3036E+00
1.9610E+03	0.0000E+00	0.0000E+00	1.2991E+00
1.9620E+03	0.0000E+00	0.0000E+00	1.2964E+00
1.9630E+03	0.0000E+00	0.0000E+00	1.3010E+00
1.9640E+03	0.0000E+00	0.0000E+00	1.3092E+00
1.9650E+03	0.0000E+00	0.0000E+00	1.3216E+00
1.9660E+03	0.0000E+00	0.0000E+00	1.3335E+00
1.9670E+03	0.0000E+00	0.0000E+00	1.3475E+00
1.9680E+03	0.0000E+00	0.0000E+00	1.3506E+00
1.9690E+03	0.0000E+00	0.0000E+00	1.3533E+00
1.9700E+03	0.0000E+00	0.0000E+00	1.3580E+00
1.9710E+03	0.0000E+00	0.0000E+00	1.3519E+00
1.9720E+03	0.0000E+00	0.0000E+00	1.3476E+00
1.9730E+03	0.0000E+00	0.0000E+00	1.3365E+00
1.9740E+03	0.0000E+00	0.0000E+00	1.3321E+00
1.9750E+03	0.0000E+00	0.0000E+00	1.3277E+00
1.9760E+03	0.0000E+00	0.0000E+00	1.3228E+00
1.9770E+03	0.0000E+00	0.0000E+00	1.3154E+00
1.9780E+03	0.0000E+00	0.0000E+00	1.3125E+00
1.9790E+03	0.0000E+00	0.0000E+00	1.3085E+00
1.9800E+03	0.0000E+00	0.0000E+00	1.3019E+00
1.9810E+03	0.0000E+00	0.0000E+00	1.2941E+00
1.9820E+03	0.0000E+00	0.0000E+00	1.2931E+00
1.9830E+03	0.0000E+00	0.0000E+00	1.2797E+00
1.9840E+03	0.0000E+00	0.0000E+00	1.2762E+00
1.9850E+03	0.0000E+00	0.0000E+00	1.2716E+00
1.9860E+03	0.0000E+00	0.0000E+00	1.2726E+00
1.9870E+03	0.0000E+00	0.0000E+00	1.2786E+00
1.9880E+03	0.0000E+00	0.0000E+00	1.2871E+00
1.9890E+03	0.0000E+00	0.0000E+00	1.3064E+00
1.9900E+03	0.0000E+00	0.0000E+00	1.3235E+00
1.9910E+03	0.0000E+00	0.0000E+00	1.3428E+00
1.9920E+03	0.0000E+00	0.0000E+00	1.3450E+00
1.9930E+03	0.0000E+00	0.0000E+00	1.3538E+00
1.9940E+03	0.0000E+00	0.0000E+00	1.3520E+00
1.9950E+03	0.0000E+00	0.0000E+00	1.3522E+00
1.9960E+03	0.0000E+00	0.0000E+00	1.3459E+00
1.9970E+03	0.0000E+00	0.0000E+00	1.3428E+00
1.9980E+03	0.0000E+00	0.0000E+00	1.3363E+00
1.9990E+03	0.0000E+00	0.0000E+00	1.3294E+00
2.0000E+03	0.0000E+00	0.0000E+00	1.3243E+00
2.0010E+03	0.0000E+00	0.0000E+00	1.3200E+00
2.0020E+03	0.0000E+00	0.0000E+00	1.3108E+00
2.0030E+03	0.0000E+00	0.0000E+00	1.3053E+00
2.0040E+03	0.0000E+00	0.0000E+00	1.2979E+00
2.0050E+03	0.0000E+00	0.0000E+00	1.2908E+00
2.0060E+03	0.0000E+00	0.0000E+00	1.2796E+00
2.0070E+03	0.0000E+00	0.0000E+00	1.2764E+00
2.0080E+03	0.0000E+00	0.0000E+00	1.2685E+00
2.0090E+03	0.0000E+00	0.0000E+00	1.2696E+00
2.0100E+03	0.0000E+00	0.0000E+00	1.2679E+00
2.0110E+03	0.0000E+00	0.0000E+00	1.2780E+00
2.0120E+03	0.0000E+00	0.0000E+00	1.2916E+00
2.0130E+03	0.0000E+00	0.0000E+00	1.3089E+00
2.0140E+03	0.0000E+00	0.0000E+00	1.3253E+00
2.0150E+03	0.0000E+00	0.0000E+00	1.3381E+00
2.0160E+03	0.0000E+00	0.0000E+00	1.3461E+00
2.0170E+03	0.0000E+00	0.0000E+00	1.3485E+00
2.0180E+03	0.0000E+00	0.0000E+00	1.3496E+00
2.0190E+03	0.0000E+00	0.0000E+00	1.3488E+00
2.0200E+03	0.0000E+00	0.0000E+00	1.3405E+00
2.0210E+03	0.0000E+00	0.0000E+00	1.3306E+00
2.0220E+03	0.0000E+00	0.0000E+00	1.3287E+00
2.0230E+03	0.0000E+00	0.0000E+00	1.3206E+00
2.0240E+03	0.0000E+00	0.0000E+00	1.3156E+00
2.0250E+03	0.0000E+00	0.0000E+00	1.3093E+00
2.0260E+03	0.0000E+00	0.0000E+00	1.3056E+00
2.0270E+03	0.0000E+00	0.0000E+00	1.2985E+00
2.0280E+03	0.0000E+00	0.0000E+00	1.2900E+00
2.0290E+03	0.0000E+00	0.0000E+00	1.2840E+00
2.0300E+03	0.0000E+00	0.0000E+00	1.2732E+00
2.0310E+03	0.0000E+00	0.0000E+00	1.2754E+00
2.0320E+03	0.0000E+00	0.0000E+00	1.2693E+00
2.0330E+03	0.0000E+00	0.0000E+00	1.2670E+00
2.0340E+03	0.0000E+00	0.0000E+00	1.2659E+00
2.0350E+03	0.0000E+00	0.0000E+00	1.2688E+00
2.0360E+03	0.0000E+00	0.0000E+00	1.2789E+00
2.0370E+03	0.0000E+00	0.0000E+00	1.2921E+00
2.0380E+03	0.0000E+00	0.0000E+00	1.3055E+00
2.0390E+03	0.0000E+00	0.0000E+00	1.3142E+00
2.0400E+03	0.0000E+00	0.0000E+00	1.3243E+00
2.0410E+03	0.0000E+00	0.0000E+00	1.3324E+00
2.0420E+03	0.0000E+00	0.0000E+00	1.3348E+00
2.0430E+03	0.0000E+00	0.0000E+00	1.3367E+00
2.0440E+03	0.0000E+00	0.0000E+00	1.3320E+00
2.0450E+03	0.0000E+00	0.0000E+00	1.3230E+00
2.0460E+03	0.0000E+00	0.0000E+00	1.3197E+00
2.0470E+03	0.0000E+00	0.0000E+00	1.3104E+00
2.0480E+03	0.0000E+00	0.0000E+00	1.3058E+00
2.0490E+03	0.0000E+00	0.0000E+00	1.2996E+00
2.0500E+03	0.0000E+00	0.0000E+00	1.2954E+00
2.0510E+03	0.0000E+00	0.0000E+00	1.2918E+00
2.0520E+03	0.0000E+00	0.0000E+00	1.2828E+00
2.0530E+03	0.0000E+00	0.0000E+00	1.2790E+00
2.0540E+03	0.0000E+00	0.0000E+00	1.2710E+00
2.0550E+03	0.0000E+00	0.0000E+00	1.2630E+00
2.0560E+03	0.0000E+00	0.0000E+00	1.2573E+00
2.0570E+03	0.0000E+00	0.0000E+00	1.2563E+00
2.0580E+03	0.0000E+00	0.0000E+00	1.2568E+00
2.0590E+03	0.0000E+00	0.0000E+00	1.2671E+00
2.0600E+03	0.0000E+00	0.0000E+00	1.2799E+00
2.0610E+03	0.0000E+00	0.0000E+00	1.2968E+00
2.0620E+03	0.0000E+00	0.0000E+00	1.3084E+00
2.0630E+03	0.0000E+00	0.0000E+00	1.3219E+00
2.0640E+03	0.0000E+00	0.0000E+00	1.3284E+00
2.0650E+03	0.0000E+00	0.0000E+00	1.3256E+00
2.0660E+03	0.0000E+00	0.0000E+00	1.3241E+00
2.0670E+03	0.0000E+00	0.0000E+00	1.3195E+00
2.0680E+03	0.0000E+00	0.0000E+00	1.3177E+00
2.0690E+03	0.0000E+00	0.0000E+00	1.3133E+00
2.0700E+03	0.0000E+00	0.0000E+00	1.3089E+00
2.0710E+03	0.0000E+00	0.0000E+00	1.2994E+00
2.0720E+03	0.0000E+00	0.0000E+00	1.2961E+00
2.0730E+03	0.0000E+00	0.0000E+00	1.2902E+00
2.0740E+03	0.0000E+00	0.0000E+00	1.2868E+00
2.0750E+03	0.0000E+00	0.0000E+00	1.2810E+00
2.0760E+03	0.0000E+00	0.0000E+00	1.2781E+00
2.0770E+03	0.0000E+00	0.0000E+00	1.2687E+00
2.0780E+03	0.0000E+00	0.0000E+00	1.2657E+00
2.0790E+03	0.0000E+00	0.0000E+00	1.2600E+00
2.0800E+03	0.0000E+00	0.0000E+00	1.2560E+00
2.0810E+03	0.0000E+00	0.0000E+00	1.2486E+00
2.0820E+03	0.0000E+00	0.0000E+00	1.2510E+00
2.0830E+03	0.0000E+00	0.0000E+00	1.2545E+00
2.0840E+03	0.0000E+00	0.0000E+00	1.2666E+00
2.0850E+03	0.0000E+00	0.0000E+00	1.2821E+00
2.0860E+03	0.0000E+00	0.0000E+00	1.3017E+00
2.0870E+03	0.0000E+00	0.0000E+00	1.3209E+00
2.0880E+03	0.0000E+00	0.0000E+00	1.3351E+00
2.0890E+03	0.0000E+00	0.0000E+00	1.3399E+00
2.0900E+03	0.0000E+00	0.0000E+00	1.3401E+00
2.0910E+03	0.0000E+00	0.0000E+00	1.3366E+00
2.0920E+03	0.0000E+00	0.0000E+00	1.3351E+00
2.0930E+03	0.0000E+00	0.0000E+00	1.3243E+00
2.0940E+03	0.0000E+00	0.0000E+00	1.3189E+00
2.0950E+03	0.0000E+00	0.0000E+00	1.3127E+00
2.0960E+03	0.0000E+00	0.0000E+00	1.3065E+00
2.0970E+03	0.0000E+00	0.0000E+00	1.3005E+00
2.0980E+03	0.0000E+00	0.0000E+00	1.2954E+00
2.0990E+03	0.0000E+00	0.0000E+00	1.2849E+00
2.1000E+03	0.0000E+00	0.0000E+00	1.2783E+00
2.1010E+03	0.0000E+00	0.0000E+00	1.2740E+00
2.1020E+03	0.0000E+00	0.0000E+00	1.2653E+00
2.1030E+03	0.0000E+00	0.0000E+00	1.2580E+00
2.1040E+03	0.0000E+00	0.0000E+00	1.2523E+00
2.1050E+03	0.0000E+00	0.0000E+00	1.2493E+00
2.1060E+03	0.0000E+00	0.0000E+00	1.2522E+00
2.1070E+03	0.0000E+00	0.0000E+00	1.2590E+00
2.1080E+03	0.0000E+00	0.0000E+00	1.2696E+00
2.1090E+03	0.0000E+00	0.0000E+00	1.2851E+00
2.1100E+03	0.0000E+00	0.0000E+00	1.3038E+00
2.1110E+03	0.0000E+00	0.0000E+00	1.3205E+00
2.1120E+03	0.0000E+00	0.0000E+00	1.3340E+00
2.1130E+03	0.0000E+00	0.0000E+00	1.3421E+00
2.1140E+03	0.0000E+00	0.0000E+00	1.3437E+00
2.1150E+03	0.0000E+00	0.0000E+00	1.3408E+00
2.1160E+03	0.0000E+00	0.0000E+00	1.3328E+00
2.1170E+03	0.0000E+00	0.0000E+00	1.3295E+00
2.1180E+03	0.0000E+00	0.0000E+00	1.3229E+00
2.1190E+03	0.0000E+00	0.0000E+00	1.3094E+00
2.1200E+03	0.0000E+00	0.0000E+00	1.3031E+00
2.1210E+03	0.0000E+00	0.0000E+00	1.2974E+00
2.1220E+03	0.0000E+00	0.0000E+00	1.2853E+00
2.1230E+03	0.0000E+00	0.0000E+00	1.2814E+00
2.1240E+03	0.0000E+00	0.0000E+00	1.2766E+00
2.1250E+03	0.0000E+00	0.0000E+00	1.2684E+00
2.1260E+03	0.0000E+00	0.0000E+00	1.2615E+00
2.1270E+03	0.0000E+00	0.0000E+00	1.2475E+00
2.1280E+03	0.0000E+00	0.0000E+00	1.2426E+00
2.1290E+03	0.0000E+00	0.0000E+00	1.2396E+00
2.1300E+03	0.0000E+00	0.0000E+00	1.2413E+00
2.1310E+03	0.0000E+00	0.0000E+00	1.2508E+00
2.1320E+03	0.0000E+00	0.0000E+00	1.2735E+00
2.1330E+03	0.0000E+00	0.0000E+00	1.2822E+00
2.1340E+03	0.0000E+00	0.0000E+00	1.2982E+00
2.1350E+03	0.0000E+00	0.0000E+00	1.3190E+00
2.1360E+03	0.0000E+00	0.0000E+00	1.3406E+00
2.1370E+03	0.0000E+00	0.0000E+00	1.3390E+00
2.1380E+03	0.0000E+00	0.0000E+00	1.3447E+00
2.1390E+03	0.0000E+00	0.0000E+00	1.3333E+00
2.1400E+03	0.0000E+00	0.0000E+00	1.3322E+00
2.1410E+03	0.0000E+00	0.0000E+00	1.3241E+00
2.1420E+03	0.0000E+00	0.0000E+00	1.3189E+00
2.1430E+03	0.0000E+00	0.0000E+00	1.3060E+00
2.1440E+03	0.0000E+00	0.0000E+00	1.3003E+00
2.1450E+03	0.0000E+00	0.0000E+00	1.2947E+00
2.1460E+03	0.0000E+00	0.0000E+00	1.2900E+00
2.1470E+03	0.0000E+00	0.0000E+00	1.2782E+00
2.1480E+03	0.0000E+00	0.0000E+00	1.2747E+00
2.1490E+03	0.0000E+00	0.0000E+00	1.2682E+00
2.1500E+03	0.0000E+00	0.0000E+00	1.2592E+00
2.1510E+03	0.0000E+00	0.0000E+00	1.2505E+00
2.1520E+03	0.0000E+00	0.0000E+00	1.2448E+00
2.1530E+03	0.0000E+00	0.0000E+00	1.2435E+00
2.1540E+03	0.0000E+00	0.0000E+00	1.2450E+00
2.1550E+03	0.0000E+00	0.0000E+00	1.2568E+00
2.1560E+03	0.0000E+00	0.0000E+00	1.2765E+00
2.1570E+03	0.0000E+00	0.0000E+00	1.2962E+00
2.1580E+03	0.0000E+00	0.0000E+00	1.3102E+00
2.1590E+03	0.0000E+00	0.0000E+00	1.3249E+00
2.1600E+03	0.0000E+00	0.0000E+00	1.3344E+00
2.1610E+03	0.0000E+00	0.0000E+00	1.3343E+00
2.1620E+03	0.0000E+00	0.0000E+00	1.3310E+00
2.1630E+03	0.0000E+00	0.0000E+00	1.3240E+00
2.1640E+03	0.0000E+00	0.0000E+00	1.3199E+00
2.1650E+03	0.0000E+00	0.0000E+00	1.3073E+00
2.1660E+03	0.0000E+00	0.0000E+00	1.3001E+00
2.1670E+03	0.0000E+00	0.0000E+00	1.2868E+00
2.1680E+03	0.0000E+00	0.0000E+00	1.2799E+00
2.1690E+03	0.0000E+00	0.0000E+00	1.2734E+00
2.1700E+03	0.0000E+00	0.0000E+00	1.2622E+00
2.1710E+03	0.0000E+00	0.0000E+00	1.2554E+00
2.1720E+03	0.0000E+00	0.0000E+00	1.2458E+00
2.1730E+03	0.0000E+00	0.0000E+00	1.2370E+00
2.1740E+03	0.0000E+00	0.0000E+00	1.2275E+00
2.1750E+03	0.0000E+00	0.0000E+00	1.2184E+00
2.1760E+03	0.0000E+00	0.0000E+00	1.2099E+00
2.1770E+03	0.0000E+00	0.0000E+00	1.2007E+00
2.1780E+03	0.0000E+00	0.0000E+00	1.1986E+00
2.1790E+03	0.0000E+00	0.0000E+00	1.2018E+00
2.1800E+03	0.0000E+00	0.0000E+00	1.2077E+00
2.1810E+03	0.0000E+00	0.0000E+00	1.2171E+00
2.1820E+03	0.0000E+00	0.0000E+00	1.2253E+00
2.1830E+03	0.0000E+00	0.0000E+00	1.2378E+00
2.1840E+03	0.0000E+00	0.0000E+00	1.2443E+00
2.1850E+03	0.0000E+00	0.0000E+00	1.2474E+00
2.1860E+03	0.0000E+00	0.0000E+00	1.2493E+00
2.1870E+03	0.0000E+00	0.0000E+00	1.2457E+00
2.1880E+03	0.0000E+00	0.0000E+00	1.2437E+00
2.1890E+03	0.0000E+00	0.0000E+00	1.2364E+00
2.1900E+03	0.0000E+00	0.0000E+00	1.2302E+00
2.1910E+03	0.0000E+00	0.0000E+00	1.2226E+00
2.1920E+03	0.0000E+00	0.0000E+00	1.2195E+00
2.1930E+03	0.0000E+00	0.0000E+00	1.2113E+00
2.1940E+03	0.0000E+00	0.0000E+00	1.2041E+00
2.1950E+03	0.0000E+00	0.0000E+00	1.2016E+00
2.1960E+03	0.0000E+00	0.0000E+00	1.1973E+00
2.1970E+03	0.0000E+00	0.0000E+00	1.1904E+00
2.1980E+03	0.0000E+00	0.0000E+00	1.1830E+00
2.1990E+03	0.0000E+00	0.0000E+00	1.1781E+00
2.2000E+03	0.0000E+00	0.0000E+00	1.1705E+00
2.2010E+03	0.0000E+00	0.0000E+00	1.1644E+00
2.2020E+03	0.0000E+00	0.0000E+00	1.1633E+00
2.2030E+03	0.0000E+00	0.0000E+00	1.1661E+00
2.2040E+03	0.0000E+00	0.0000E+00	1.1717E+00
2.2050E+03	0.0000E+00	0.0000E+00	1.1843E+00
2.2060E+03	0.0000E+00	0.0000E+00	1.1971E+00
2.2070E+03	0.0000E+00	0.0000E+00	1.2136E+00
2.2080E+03	0.0000E+00	0.0000E+00	1.2234E+00
2.2090E+03	0.0000E+00	0.0000E+00	1.2290E+00
2.2100E+03	0.0000E+00	0.0000E+00	1.2345E+00
2.2110E+03	0.0000E+00	0.0000E+00	1.2339E+00
2.2120E+03	0.0000E+00	0.0000E+00	1.2261E+00
2.2130E+03	0.0000E+00	0.0000E+00	1.2199E+00
2.2140E+03	0.0000E+00	0.0000E+00	1.2152E+00
2.2150E+03	0.0000E+00	0.0000E+00	1.2073E+00
2.2160E+03	0.0000E+00	0.0000E+00	1.2027E+00
2.2170E+03	0.0000E+00	0.0000E+00	1.1978E+00
2.2180E+03	0.0000E+00	0.0000E+00	1.1924E+00
2.2190E+03	0.0000E+00	0.0000E+00	1.1843E+00
2.2200E+03	0.0000E+00	0.0000E+00	1.1807E+00
2.2210E+03	0.0000E+00	0.0000E+00	1.1722E+00
2.2220E+03	0.0000E+00	0.0000E+00	1.1674E+00
2.2230E+03	0.0000E+00	0.0000E+00	1.1631E+00
2.2240E+03	0.0000E+00	0.0000E+00	1.1655E+00
2.2250E+03	0.0000E+00	0.0000E+00	1.1600E+00
2.2260E+03	0.0000E+00	0.0000E+00	1.1547E+00
2.2270E+03	0.0000E+00	0.0000E+00	1.1627E+00
2.2280E+03	0.0000E+00	0.0000E+00	1.1667E+00
2.2290E+03	0.0000E+00	0.0000E+00	1.1760E+00
2.2300E+03	0.0000E+00	0.0000E+00	1.1864E+00
2.2310E+03	0.0000E+00	0.0000E+00	1.1956E+00
2.2320E+03	0.0000E+00	0.0000E+00	1.2056E+00
2.2330E+03	0.0000E+00	0.0000E+00	1.2058E+00
2.2340E+03	0.0000E+00	0.0000E+00	1.2071E+00
2.2350E+03	0.0000E+00	0.0000E+00	1.2020E+00
2.2360E+03	0.0000E+00	0.0000E+00	1.2030E+00
2.2370E+03	0.0000E+00	0.0000E+00	1.1965E+00
2.2380E+03	0.0000E+00	0.0000E+00	1.1928E+00
2.2390E+03	0.0000E+00	0.0000E+00	1.1843E+00
2.2400E+03	0.0000E+00	0.0000E+00	1.1812E+00
2.2410E+03	0.0000E+00	0.0000E+00	1.1735E+00
2.2420E+03	0.0000E+00	0.0000E+00	1.1687E+00
2.2430E+03	0.0000E+00	0.0000E+00	1.1646E+00
2.2440E+03	0.0000E+00	0.0000E+00	1.1615E+00
2.2450E+03	0.0000E+00	0.0000E+00	1.1544E+00
2.2460E+03	0.0000E+00	0.0000E+00	1.1485E+00
2.2470E+03	0.0000E+00	0.0000E+00	1.1437E+00
2.2480E+03	0.0000E+00	0.0000E+00	1.1339E+00
2.2490E+03	0.0000E+00	0.0000E+00	1.1301E+00
2.2500E+03	0.0000E+00	0.0000E+00	1.1252E+00
2.2510E+03	0.0000E+00	0.0000E+00	1.1266E+00
2.2520E+03	0.0000E+00	0.0000E+00	1.1334E+00
2.2530E+03	0.0000E+00	0.0000E+00	1.1407E+00
2.2540E+03	0.0000E+00	0.0000E+00	1.1532E+00
2.2550E+03	0.0000E+00	0.0000E+00	1.1662E+00
2.2560E+03	0.0000E+00	0.0000E+00	1.1791E+00
2.2570E+03	0.0000E+00	0.0000E+00	1.1843E+00
2.2580E+03	0.0000E+00	0.0000E+00	1.1890E+00
2.2590E+03	0.0000E+00	0.0000E+00	1.1864E+00
2.2600E+03	0.0000E+00	0.0000E+00	1.1814E+00
2.2610E+03	0.0000E+00	0.0000E+00	1.1758E+00
2.2620E+03	0.0000E+00	0.0000E+00	1.1724E+00
2.2630E+03	0.0000E+00	0.0000E+00	1.1649E+00
2.2640E+03	0.0000E+00	0.0000E+00	1.1625E+00
2.2650E+03	0.0000E+00	0.0000E+00	1.1574E+00
2.2660E+03	0.0000E+00	0.0000E+00	1.1520E+00
2.2670E+03	0.0000E+00	0.0000E+00	1.1463E+00
2.2680E+03	0.0000E+00	0.0000E+00	1.1408E+00
2.2690E+03	0.0000E+00	0.0000E+00	1.1378E+00
2.2700E+03	0.0000E+00	0.0000E+00	1.1314E+00
2.2710E+03	0.0000E+00	0.0000E+00	1.1253E+00
2.2720E+03	0.0000E+00	0.0000E+00	1.1230E+00
2.2730E+03	0.0000E+00	0.0000E+00	1.1149E+00
2.2740E+03	0.0000E+00	0.0000E+00	1.1211E+00
2.2750E+03	0.0000E+00	0.0000E+00	1.1292E+00
2.2760E+03	0.0000E+00	0.0000E+00	1.1388E+00
2.2770E+03	0.0000E+00	0.0000E+00	1.1440E+00
2.2780E+03	0.0000E+00	0.0000E+00	1.1535E+00
2.2790E+03	0.0000E+00	0.0000E+00	1.1590E+00
2.2800E+03	0.0000E+00	0.0000E+00	1.1661E+00
2.2810E+03	0.0000E+00	0.0000E+00	1.1675E+00
2.2820E+03	0.0000E+00	0.0000E+00	1.1672E+00
2.2830E+03	0.0000E+00	0.0000E+00	1.1681E+00
2.2840E+03	0.0000E+00	0.0000E+00	1.1658E+00
2.2850E+03	0.0000E+00	0.0000E+00	1.1588E+00
2.2860E+03	0.0000E+00	0.0000E+00	1.1551E+00
2.2870E+03	0.0000E+00	0.0000E+00	1.1483E+00
2.2880E+03	0.0000E+00	0.0000E+00	1.1439E+00
2.2890E+03	0.0000E+00	0.0000E+00	1.1425E+00
2.2900E+03	0.0000E+00	0.0000E+00	1.1384E+00
2.2910E+03	0.0000E+00	0.0000E+00	1.1336E+00
2.2920E+03	0.0000E+00	0.0000E+00	1.1272E+00
2.2930E+03	0.0000E+00	0.0000E+00	1.1194E+00
2.2940E+03	0.0000E+00	0.0000E+00	1.1145E+00
2.2950E+03	0.0000E+00	0.0000E+00	1.1124E+00
2.2960E+03	0.0000E+00	0.0000E+00	1.1055E+00
2.2970E+03	0.0000E+00	0.0000E+00	1.1011E+00
2.2980E+03	0.0000E+00	0.0000E+00	1.1013E+00
2.2990E+03	0.0000E+00	0.0000E+00	1.0995E+00
2.3000E+03	0.0000E+00	0.0000E+00	1.1054E+00
2.3010E+03	0.0000E+00	0.0000E+00	1.1127E+00
2.3020E+03	0.0000E+00	0.0000E+00	1.1229E+00
2.3030E+03	0.0000E+00	0.0000E+00	1.1384E+00
2.3040E+03	0.0000E+00	0.0000E+00	1.1480E+00
2.3050E+03	0.0000E+00	0.0000E+00	1.1558E+00
2.3060E+03	0.0000E+00	0.0000E+00	1.1580E+00
2.3070E+03	0.0000E+00	0.0000E+00	1.1607E+00
2.3080E+03	0.0000E+00	0.0000E+00	1.1580E+00
2.3090E+03	0.0000E+00	0.0000E+00	1.1535E+00
2.3100E+03	0.0000E+00	0.0000E+00	1.1496E+00
2.3110E+03	0.0000E+00	0.0000E+00	1.1425E+00
2.3120E+03	0.0000E+00	0.0000E+00	1.1401E+00
2.3130E+03	0.0000E+00	0.0000E+00	1.1352E+00
2.3140E+03	0.0000E+00	0.0000E+00	1.1311E+00
2.3150E+03	0.0000E+00	0.0000E+00	1.1262E+00
2.3160E+03	0.0000E+00	0.0000E+00	1.1212E+00
2.3170E+03	0.0000E+00	0.0000E+00	1.1161E+00
2.3180E+03	0.0000E+00	0.0000E+00	1.1110E+00
2.3190E+03	0.0000E+00	0.0000E+00	1.1060E+00
2.3200E+03	0.0000E+00	0.0000E+00	1.1010E+00
2.3210E+03	0.0000E+00	0.0000E+00	1.0967E+00
2.3220E+03	0.0000E+00	0.0000E+00	1.0947E+00
2.3230E+03	0.0000E+00	0.0000E+00	1.0986E+00
2.3240E+03	0.0000E+00	0.0000E+00	1.1020E+00
2.3250E+03	0.0000E+00	0.0000E+00	1.1126E+00
2.3260E+03	0.0000E+00	0.0000E+00	1.1203E+00
2.3270E+03	0.0000E+00	0.0000E+00	1.1307E+00
2.3280E+03	0.0000E+00	0.0000E+00	1.1501E+00
2.3290E+03	0.0000E+00	0.0000E+00	1.1627E+00
2.3300E+03	0.0000E+00	0.0000E+00	1.1907E+00
2.3310E+03	0.0000E+00	0.0000E+00	1.2034E+00
2.3320E+03	0.0000E+00	0.0000E+00	1.2056E+00
2.3330E+03	0.0000E+00	0.0000E+00	1.1945E+00
2.3340E+03	0.0000E+00	0.0000E+00	1.1825E+00
2.3350E+03	0.0000E+00	0.0000E+00	1.1729E+00
2.3360E+03	0.0000E+00	0.0000E+00	1.1621E+00
2.3370E+03	0.0000E+00	0.0000E+00	1.1538E+00
2.3380E+03	0.0000E+00	0.0000E+00	1.1460E+00
2.3390E+03	0.0000E+00	0.0000E+00	1.1363E+00
2.3400E+03	0.0000E+00	0.0000E+00	1.1301E+00
2.3410E+03	0.0000E+00	0.0000E+00	1.1270E+00
2.3420E+03	0.0000E+00	0.0000E+00	1.1180E+00
2.3430E+03	0.0000E+00	0.0000E+00	1.1123E+00
2.3440E+03	0.0000E+00	0.0000E+00	1.1040E+00
2.3450E+03	0.0000E+00	0.0000E+00	1.0982E+00
2.3460E+03	0.0000E+00	0.0000E+00	1.0919E+00
2.3470E+03	0.0000E+00	0.0000E+00	1.1204E+00
2.3480E+03	0.0000E+00	0.0000E+00	1.1233E+00
2.3490E+03	0.0000E+00	0.0000E+00	1.1255E+00
2.3500E+03	0.0000E+00	0.0000E+00	1.1311E+00
2.3510E+03	0.0000E+00	0.0000E+00	1.1356E+00
2.3520E+03	0.0000E+00	0.0000E+00	1.1416E+00
2.3530E+03	0.0000E+00	0.0000E+00	1.1478E+00
2.3540E+03	0.0000E+00	0.0000E+00	1.1526E+00
2.3550E+03	0.0000E+00	0.0000E+00	1.1547E+00
2.3560E+03	0.0000E+00	0.0000E+00	1.1526E+00
2.3570E+03	0.0000E+00	0.0000E+00	1.1512E+00
2.3580E+03	0.0000E+00	0.0000E+00	1.1468E+00
2.3590E+03	0.0000E+00	0.0000E+00	1.1432E+00
2.3600E+03	0.0000E+00	0.0000E+00	1.1406E+00
2.3610E+03	0.0000E+00	0.0000E+00	1.1342E+00
2.3620E+03	0.0000E+00	0.0000E+00	1.1329E+00
2.3630E+03	0.0000E+00	0.0000E+00	1.1225E+00
2.3640E+03	0.0000E+00	0.0000E+00	1.1222E+00
2.3650E+03	0.0000E+00	0.0000E+00	1.1256E+00
2.3660E+03	0.0000E+00	0.0000E+00	1.1212E+00
2.3670E+03	0.0000E+00	0.0000E+00	1.1191E+00
2.3680E+03	0.0000E+00	0.0000E+00	1.1085E+00
2.3690E+03	0.0000E+00	0.0000E+00	1.1154E+00
2.3700E+03	0.0000E+00	0.0000E+00	1.1227E+00
2.3710E+03	0.0000E+00	0.0000E+00	1.1235E+00
2.3720E+03	0.0000E+00	0.0000E+00	1.1236E+00
2.3730E+03	0.0000E+00	0.0000E+00	1.1337E+00
2.3740E+03	0.0000E+00	0.0000E+00	1.1416E+00
2.3750E+03	0.0000E+00	0.0000E+00	1.1523E+00
2.3760E+03	0.0000E+00	0.0000E+00	1.1606E+00
2.3770E+03	0.0000E+00	0.0000E+00	1.1640E+00
2.3780E+03	0.0000E+00	0.0000E+00	1.1650E+00
2.3790E+03	0.0000E+00	0.0000E+00	1.1657E+00
2.3800E+03	0.0000E+00	0.0000E+00	1.1619E+00
2.3810E+03	0.0000E+00	0.0000E+00	1.1596E+00
2.3820E+03	0.0000E+00	0.0000E+00	1.1541E+00
2.3830E+03	0.0000E+00	0.0000E+00	1.1461E+00
2.3840E+03	0.0000E+00	0.0000E+00	1.1445E+00
2.3850E+03	0.0000E+00	0.0000E+00	1.1425E+00
2.3860E+03	0.0000E+00	0.0000E+00	1.1377E+00
2.3870E+03	0.0000E+00	0.0000E+00	1.1308E+00
2.3880E+03	0.0000E+00	0.0000E+00	1.1339E+00
2.3890E+03	0.0000E+00	0.0000E+00	1.1284E+00
2.3900E+03	0.0000E+00	0.0000E+00	1.1272E+00
2.3910E+03	0.0000E+00	0.0000E+00	1.1231E+00
2.3920E+03	0.0000E+00	0.0000E+00	1.1193E+00
2.3930E+03	0.0000E+00	0.0000E+00	1.1133E+00
2.3940E+03	0.0000E+00	0.0000E+00	1.1112E+00
2.3950E+03	0.0000E+00	0.0000E+00	1.1203E+00
2.3960E+03	0.0000E+00	0.0000E+00	1.1202E+00
2.3970E+03	0.0000E+00	0.0000E+00	1.1263E+00
2.3980E+03	0.0000E+00	0.0000E+00	1.1338E+00
2.3990E+03	0.0000E+00	0.0000E+00	1.1416E+00
2.4000E+03	0.0000E+00	0.0000E+00	1.1492E+00
2.4010E+03	0.0000E+00	0.0000E+00	1.1558E+00
2.4020E+03	0.0000E+00	0.0000E+00	1.1602E+00
2.4030E+03	0.0000E+00	0.0000E+00	1.1595E+00
2.4040E+03	0.0000E+00	0.0000E+00	1.1581E+00
2.4050E+03	0.0000E+00	0.0000E+00	1.1546E+00
2.4060E+03	0.0000E+00	0.0000E+00	1.1495E+00
2.4070E+03	0.0000E+00	0.0000E+00	1.1471E+00
2.4080E+03	0.0000E+00	0.0000E+00	1.1434E+00
2.4090E+03	0.0000E+00	0.0000E+00	1.1395E+00
2.4100E+03	0.0000E+00	0.0000E+00	1.1368E+00
2.4110E+03	0.0000E+00	0.0000E+00	1.1355E+00
2.4120E+03	0.0000E+00	0.0000E+00	1.1315E+00
2.4130E+03	0.0000E+00	0.0000E+00	1.1260E+00
2.4140E+03	0.0000E+00	0.0000E+00	1.1215E+00
2.4150E+03	0.0000E+00	0.0000E+00	1.1187E+00
2.4160E+03	0.0000E+00	0.0000E+00	1.1126E+00
2.4170E+03	0.0000E+00	0.0000E+00	1.1074E+00
2.4180E+03	0.0000E+00	0.0000E+00	1.1055E+00
2.4190E+03	0.0000E+00	0.0000E+00	1.1050E+00
2.4200E+03	0.0000E+00	0.0000E+00	1.1075E+00
2.4210E+03	0.0000E+00	0.0000E+00	1.1151E+00
2.4220E+03	0.0000E+00	0.0000E+00	1.1201E+00
2.4230E+03	0.0000E+00	0.0000E+00	1.1334E+00
2.4240E+03	0.0000E+00	0.0000E+00	1.1429E+00
2.4250E+03	0.0000E+00	0.0000E+00	1.1519E+00
2.4260E+03	0.0000E+00	0.0000E+00	1.1554E+00
2.4270E+03	0.0000E+00	0.0000E+00	1.1537E+00
2.4280E+03	0.0000E+00	0.0000E+00	1.1507E+00
2.4290E+03	0.0000E+00	0.0000E+00	1.1457E+00
2.4300E+03	0.0000E+00	0.0000E+00	1.1415E+00
2.4310E+03	0.0000E+00	0.0000E+00	1.1373E+00
2.4320E+03	0.0000E+00	0.0000E+00	1.1313E+00
2.4330E+03	0.0000E+00	0.0000E+00	1.1267E+00
2.4340E+03	0.0000E+00	0.0000E+00	1.1188E+00
2.4350E+03	0.0000E+00	0.0000E+00	1.1178E+00
2.4360E+03	0.0000E+00	0.0000E+00	1.1111E+00
2.4370E+03	0.0000E+00	0.0000E+00	1.1075E+00
2.4380E+03	0.0000E+00	0.0000E+00	1.0984E+00
2.4390E+03	0.0000E+00	0.0000E+00	1.0950E+00
2.4400E+03	0.0000E+00	0.0000E+00	1.0875E+00
2.4410E+03	0.0000E+00	0.0000E+00	1.0836E+00
2.4420E+03	0.0000E+00	0.0000E+00	1.0801E+00
2.4430E+03	0.0000E+00	0.0000E+00	1.0810E+00
2.4440E+03	0.0000E+00	0.0000E+00	1.0827E+00
2.4450E+03	0.0000E+00	0.0000E+00	1.0868E+00
2.4460E+03	0.0000E+00	0.0000E+00	1.1001E+00
2.4470E+03	0.0000E+00	0.0000E+00	1.1133E+00
2.4480E+03	0.0000E+00	0.0000E+00	1.1270E+00
2.4490E+03	0.0000E+00	0.0000E+00	1.1336E+00
2.4500E+03	0.0000E+00	0.0000E+00	1.1370E+00
2.4510E+03	0.0000E+00	0.0000E+00	1.1406E+00
2.4520E+03	0.0000E+00	0.0000E+00	1.1368E+00
2.4530E+03	0.0000E+00	0.0000E+00	1.1321E+00
2.4540E+03	0.0000E+00	0.0000E+00	1.1265E+00
2.4550E+03	0.0000E+00	0.0000E+00	1.1208E+00
2.4560E+03	0.0000E+00	0.0000E+00	1.1164E+00
2.4570E+03	0.0000E+00	0.0000E+00	1.1110E+00
2.4580E+03	0.0000E+00	0.0000E+00	1.1062E+00
2.4590E+03	0.0000E+00	0.0000E+00	1.1001E+00
2.4600E+03	0.0000E+00	0.0000E+00	1.0962E+00
2.4610E+03	0.0000E+00	0.0000E+00	1.0947E+00
2.4620E+03	0.0000E+00	0.0000E+00	1.0892E+00
2.4630E+03	0.0000E+00	0.0000E+00	1.0812E+00
2.4640E+03	0.0000E+00	0.0000E+00	1.0770E+00
2.4650E+03	0.0000E+00	0.0000E+00	1.0713E+00
2.4660E+03	0.0000E+00	0.0000E+00	1.0691E+00
2.4670E+03	0.0000E+00	0.0000E+00	1.0717E+00
2.4680E+03	0.0000E+00	0.0000E+00	1.0823E+00
2.4690E+03	0.0000E+00	0.0000E+00	1.0979E+00
2.4700E+03	0.0000E+00	0.0000E+00	1.1120E+00
2.4710E+03	0.0000E+00	0.0000E+00	1.1417E+00
2.4720E+03	0.0000E+00	0.0000E+00	1.1738E+00
2.4730E+03	0.0000E+00	0.0000E+00	1.1979E+00
2.4740E+03	0.0000E+00	0.0000E+00	1.2035E+00
2.4750E+03	0.0000E+00	0.0000E+00	1.2019E+00
2.4760E+03	0.0000E+00	0.0000E+00	1.1975E+00
2.4770E+03	0.0000E+00	0.0000E+00	1.1874E+00
2.4780E+03	0.0000E+00	0.0000E+00	1.1730E+00
2.4790E+03	0.0000E+00	0.0000E+00	1.1648E+00
2.4800E+03	0.0000E+00	0.0000E+00	1.1567E+00
2.4810E+03	0.0000E+00	0.0000E+00	1.1474E+00
2.4820E+03	0.0000E+00	0.0000E+00	1.1398E+00
2.4830E+03	0.0000E+00	0.0000E+00	1.1323E+00
2.4840E+03	0.0000E+00	0.0000E+00	1.1199E+00
2.4850E+03	0.0000E+00	0.0000E+00	1.1181E+00
2.4860E+03	0.0000E+00	0.0000E+00	1.1114E+00
2.4870E+03	0.0000E+00	0.0000E+00	1.1041E+00
2.4880E+03	0.0000E+00	0.0000E+00	1.1028E+00
2.4890E+03	0.0000E+00	0.0000E+00	1.0957E+00
2.4900E+03	0.0000E+00	0.0000E+00	1.0892E+00
2.4910E+03	0.0000E+00	0.0000E+00	1.0895E+00
2.4920E+03	0.0000E+00	0.0000E+00	1.0917E+00
2.4930E+03	0.0000E+00	0.0000E+00	1.0920E+00
2.4940E+03	0.0000E+00	0.0000E+00	1.1016E+00
2.4950E+03	0.0000E+00	0.0000E+00	1.1064E+00
2.4960E+03	0.0000E+00	0.0000E+00	1.1120E+00
2.4970E+03	0.0000E+00	0.0000E+00	1.1159E+00
2.4980E+03	0.0000E+00	0.0000E+00	1.1159E+00
2.4990E+03	0.0000E+00	0.0000E+00	1.1164E+00
2.5000E+03	0.0000E+00	0.0000E+00	1.1109E+00
2.5010E+03	0.0000E+00	0.0000E+00	1.1065E+00
2.5020E+03	0.0000E+00	0.0000E+00	1.1016E+00
2.5030E+03	0.0000E+00	0.0000E+00	1.0986E+00
2.5040E+03	0.0000E+00	0.0000E+00	1.0995E+00
2.5050E+03	0.0000E+00	0.0000E+00	1.0918E+00
2.5060E+03	0.0000E+00	0.0000E+00	1.0905E+00
2.5070E+03	0.0000E+00	0.0000E+00	1.0892E+00
2.5080E+03	0.0000E+00	0.0000E+00	1.0870E+00
2.5090E+03	0.0000E+00	0.0000E+00	1.0824E+00
2.5100E+03	0.0000E+00	0.0000E+00	1.0800E+00
2.5110E+03	0.0000E+00	0.0000E+00	1.0794E+00
2.5120E+03	0.0000E+00	0.0000E+00	1.0747E+00
2.5130E+03	0.0000E+00	0.0000E+00	1.0755E+00
2.5140E+03	0.0000E+00	0.0000E+00	1.0711E+00
2.5150E+03	0.0000E+00	0.0000E+00	1.0832E+00
2.5160E+03	0.0000E+00	0.0000E+00	1.1041E+00
2.5170E+03	0.0000E+00	0.0000E+00	1.0997E+00
2.5180E+03	0.0000E+00	0.0000E+00	1.0961E+00
2.5190E+03	0.0000E+00	0.0000E+00	1.0958E+00
2.5200E+03	0.0000E+00	0.0000E+00	1.1034E+00
2.5210E+03	0.0000E+00	0.0000E+00	1.1115E+00
2.5220E+03	0.0000E+00	0.0000E+00	1.1114E+00
2.5230E+03	0.0000E+00	0.0000E+00	1.1106E+00
2.5240E+03	0.0000E+00	0.0000E+00	1.1094E+00
2.5250E+03	0.0000E+00	0.0000E+00	1.1038E+00
2.5260E+03	0.0000E+00	0.0000E+00	1.1003E+00
2.5270E+03	0.0000E+00	0.0000E+00	1.0975E+00
2.5280E+03	0.0000E+00	0.0000E+00	1.0969E+00
2.5290E+03	0.0000E+00	0.0000E+00	1.0948E+00
2.5300E+03	0.0000E+00	0.0000E+00	1.0869E+00
2.5310E+03	0.0000E+00	0.0000E+00	1.0864E+00
2.5320E+03	0.0000E+00	0.0000E+00	1.0849E+00
2.5330E+03	0.0000E+00	0.0000E+00	1.0796E+00
2.5340E+03	0.0000E+00	0.0000E+00	1.0724E+00
2.5350E+03	0.0000E+00	0.0000E+00	1.0709E+00
2.5360E+03	0.0000E+00	0.0000E+00	1.0643E+00
2.5370E+03	0.0000E+00	0.0000E+00	1.0617E+00
2.5380E+03	0.0000E+00	0.0000E+00	1.0583E+00
2.5390E+03	0.0000E+00	0.0000E+00	1.0521E+00
2.5400E+03	0.0000E+00	0.0000E+00	1.0515E+00
2.5410E+03	0.0000E+00	0.0000E+00	1.0549E+00
2.5420E+03	0.0000E+00	0.0000E+00	1.0612E+00
2.5430E+03	0.0000E+00	0.0000E+00	1.0661E+00
2.5440E+03	0.0000E+00	0.0000E+00	1.0770E+00
2.5450E+03	0.0000E+00	0.0000E+00	1.0907E+00
2.5460E+03	0.0000E+00	0.0000E+00	1.0930E+00
2.5470E+03	0.0000E+00	0.0000E+00	1.0982E+00
2.5480E+03	0.0000E+00	0.0000E+00	1.0956E+00
2.5490E+03	0.0000E+00	0.0000E+00	1.0937E+00
2.5500E+03	0.0000E+00	0.0000E+00	1.0905E+00
2.5510E+03	0.0000E+00	0.0000E+00	1.0850E+00
2.5520E+03	0.0000E+00	0.0000E+00	1.0799E+00
2.5530E+03	0.0000E+00	0.0000E+00	1.0794E+00
2.5540E+03	0.0000E+00	0.0000E+00	1.0751E+00
2.5550E+03	0.0000E+00	0.0000E+00	1.0745E+00
2.5560E+03	0.0000E+00	0.0000E+00	1.0683E+00
2.5570E+03	0.0000E+00	0.0000E+00	1.0650E+00
2.5580E+03	0.0000E+00	0.0000E+00	1.0609E+00
2.5590E+03	0.0000E+00	0.0000E+00	1.0532E+00
2.5600E+03	0.0000E+00	0.0000E+00	1.0512E+00
2.5610E+03	0.0000E+00	0.0000E+00	1.0476E+00
2.5620E+03	0.0000E+00	0.0000E+00	1.0442E+00
2.5630E+03	0.0000E+00	0.0000E+00	1.0403E+00
2.5640E+03	0.0000E+00	0.0000E+00	1.0436E+00
2.5650E+03	0.0000E+00	0.0000E+00	1.0435E+00
2.5660E+03	0.0000E+00	0.0000E+00	1.0528E+00
2.5670E+03	0.0000E+00	0.0000E+00	1.0605E+00
2.5680E+03	0.0000E+00	0.0000E+00	1.0641E+00
2.5690E+03	0.0000E+00	0.0000E+00	1.0672E+00
2.5700E+03	0.0000E+00	0.0000E+00	1.0682E+00
2.5710E+03	0.0000E+00	0.0000E+00	1.0716E+00
2.5720E+03	0.0000E+00	0.0000E+00	1.0697E+00
2.5730E+03	0.0000E+00	0.0000E+00	1.0662E+00
2.5740E+03	0.0000E+00	0.0000E+00	1.0664E+00
2.5750E+03	0.0000E+00	0.0000E+00	1.0596E+00
2.5760E+03	0.0000E+00	0.0000E+00	1.0553E+00
2.5770E+03	0.0000E+00	0.0000E+00	1.0562E+00
2.5780E+03	0.0000E+00	0.0000E+00	1.0529E+00
2.5790E+03	0.0000E+00	0.0000E+00	1.0496E+00
2.5800E+03	0.0000E+00	0.0000E+00	1.0492E+00
2.5810E+03	0.0000E+00	0.0000E+00	1.0466E+00
2.5820E+03	0.0000E+00	0.0000E+00	1.0426E+00
2.5830E+03	0.0000E+00	0.0000E+00	1.0417E+00
2.5840E+03	0.0000E+00	0.0000E+00	1.0360E+00
2.5850E+03	0.0000E+00	0.0000E+00	1.0336E+00
2.5860E+03	0.0000E+00	0.0000E+00	1.0382E+00
2.5870E+03	0.0000E+00	0.0000E+00	1.0590E+00
2.5880E+03	0.0000E+00	0.0000E+00	1.0721E+00
2.5890E+03	0.0000E+00	0.0000E+00	1.0802E+00
2.5900E+03	0.0000E+00	0.0000E+00	1.0886E+00
2.5910E+03	0.0000E+00	0.0000E+00	1.1177E+00
2.5920E+03	0.0000E+00	0.0000E+00	1.1375E+00
2.5930E+03	0.0000E+00	0.0000E+00	1.1436E+00
2.5940E+03	0.0000E+00	0.0000E+00	1.1467E+00
2.5950E+03	0.0000E+00	0.0000E+00	1.1466E+00
2.5960E+03	0.0000E+00	0.0000E+00	1.1364E+00
2.5970E+03	0.0000E+00	0.0000E+00	1.1352E+00
2.5980E+03	0.0000E+00	0.0000E+00	1.1226E+00
2.5990E+03	0.0000E+00	0.0000E+00	1.1168E+00
2.6000E+03	0.0000E+00	0.0000E+00	1.1117E+00
2.6010E+03	0.0000E+00	0.0000E+00	1.1057E+00
2.6020E+03	0.0000E+00	0.0000E+00	1.1038E+00
2.6030E+03	0.0000E+00	0.0000E+00	1.0941E+00
2.6040E+03	0.0000E+00	0.0000E+00	1.0904E+00
2.6050E+03	0.0000E+00	0.0000E+00	1.0845E+00
2.6060E+03	0.0000E+00	0.0000E+00	1.0750E+00
2.6070E+03	0.0000E+00	0.0000E+00	1.0688E+00
2.6080E+03	0.0000E+00	0.0000E+00	1.0651E+00
2.6090E+03	0.0000E+00	0.0000E+00	1.0592E+00
2.6100E+03	0.0000E+00	0.0000E+00	1.0549E+00
2.6110E+03	0.0000E+00	0.0000E+00	1.0511E+00
2.6120E+03	0.0000E+00	0.0000E+00	1.0511E+00
2.6130E+03	0.0000E+00	0.0000E+00	1.0567E+00
2.6140E+03	0.0000E+00	0.0000E+00	1.0603E+00
2.6150E+03	0.0000E+00	0.0000E+00	1.0761E+00
2.6160E+03	0.0000E+00	0.0000E+00	1.0863E+00
2.6170E+03	0.0000E+00	0.0000E+00	1.0870E+00
2.6180E+03	0.0000E+00	0.0000E+00	1.0923E+00
2.6190E+03	0.0000E+00	0.0000E+00	1.0876E+00
2.6200E+03	0.0000E+00	0.0000E+00	1.0870E+00
2.6210E+03	0.0000E+00	0.0000E+00	1.0861E+00
2.6220E+03	0.0000E+00	0.0000E+00	1.0815E+00
2.6230E+03	0.0000E+00	0.0000E+00	1.0747E+00
2.6240E+03	0.0000E+00	0.0000E+00	1.0693E+00
2.6250E+03	0.0000E+00	0.0000E+00	1.0644E+00
2.6260E+03	0.0000E+00	0.0000E+00	1.0635E+00
2.6270E+03	0.0000E+00	0.0000E+00	1.0551E+00
2.6280E+03	0.0000E+00	0.0000E+00	1.0540E+00
2.6290E+03	0.0000E+00	0.0000E+00	1.0466E+00
2.6300E+03	0.0000E+00	0.0000E+00	1.0454E+00
2.6310E+03	0.0000E+00	0.0000E+00	1.0371E+00
2.6320E+03	0.0000E+00	0.0000E+00	1.0342E+00
2.6330E+03	0.0000E+00	0.0000E+00	1.0295E+00
2.6340E+03	0.0000E+00	0.0000E+00	1.0237E+00
2.6350E+03	0.0000E+00	0.0000E+00	1.0251E+00
2.6360E+03	0.0000E+00	0.0000E+00	1.0202E+00
2.6370E+03	0.0000E+00	0.0000E+00	1.0236E+00
2.6380E+03	0.0000E+00	0.0000E+00	1.0246E+00
2.6390E+03	0.0000E+00	0.0000E+00	1.0288E+00
2.6400E+03	0.0000E+00	0.0000E+00	1.0343E+00
2.6410E+03	0.0000E+00	0.0000E+00	1.0419E+00
2.6420E+03	0.0000E+00	0.0000E+00	1.0451E+00
2.6430E+03	0.0000E+00	0.0000E+00	1.0492E+00
2.6440E+03	0.0000E+00	0.0000E+00	1.0513E+00
2.6450E+03	0.0000E+00	0.0000E+00	1.0484E+00
2.6460E+03	0.0000E+00	0.0000E+00	1.0447E+00
2.6470E+03	0.0000E+00	0.0000E+00	1.0421E+00
2.6480E+03	0.0000E+00	0.0000E+00	1.0382E+00
2.6490E+03	0.0000E+00	0.0000E+00	1.0345E+00
2.6500E+03	0.0000E+00	0.0000E+00	1.0370E+00
2.6510E+03	0.0000E+00	0.0000E+00	1.0336E+00
2.6520E+03	0.0000E+00	0.0000E+00	1.0314E+00
2.6530E+03	0.0000E+00	0.0000E+00	1.0247E+00
2.6540E+03	0.0000E+00	0.0000E+00	1.0215E+00
2.6550E+03	0.0000E+00	0.0000E+00	1.0183E+00
2.6560E+03	0.0000E+00	0.0000E+00	1.0215E+00
2.6570E+03	0.0000E+00	0.0000E+00	1.0148E+00
2.6580E+03	0.0000E+00	0.0000E+00	1.0143E+00
2.6590E+03	0.0000E+00	0.0000E+00	1.0116E+00
2.6600E+03	0.0000E+00	0.0000E+00	1.0110E+00
2.6610E+03	0.0000E+00	0.0000E+00	1.0102E+00
2.6620E+03	0.0000E+00	0.0000E+00	1.0165E+00
2.6630E+03	0.0000E+00	0.0000E+00	1.0204E+00
2.6640E+03	0.0000E+00	0.0000E+00	1.0260E+00
2.6650E+03	0.0000E+00	0.0000E+00	1.0331E+00
2.6660E+03	0.0000E+00	0.0000E+00	1.0384E+00
2.6670E+03	0.0000E+00	0.0000E+00	1.0410E+00
2.6680E+03	0.0000E+00	0.0000E+00	1.0427E+00
2.6690E+03	0.0000E+00	0.0000E+00	1.0390E+00
2.6700E+03	0.0000E+00	0.0000E+00	1.0372E+00
2.6710E+03	0.0000E+00	0.0000E+00	1.0361E+00
2.6720E+03	0.0000E+00	0.0000E+00	1.0353E+00
2.6730E+03	0.0000E+00	0.0000E+00	1.0309E+00
2.6740E+03	0.0000E+00	0.0000E+00	1.0305E+00
2.6750E+03	0.0000E+00	0.0000E+00	1.0186E+00
2.6760E+03	0.0000E+00	0.0000E+00	1.0191E+00
2.6770E+03	0.0000E+00	0.0000E+00	1.0149E+00
2.6780E+03	0.0000E+00	0.0000E+00	1.0107E+00
2.6790E+03	0.0000E+00	0.0000E+00	1.0114E+00
2.6800E+03	0.0000E+00	0.0000E+00	1.0057E+00
2.6810E+03	0.0000E+00	0.0000E+00	1.0068E+00
2.6820E+03	0.0000E+00	0.0000E+00	1.0034E+00
2.6830E+03	0.0000E+00	0.0000E+00	1.0028E+00
2.6840E+03	0.0000E+00	0.0000E+00	1.0057E+00
2.6850E+03	0.0000E+00	0.0000E+00	1.0027E+00
2.6860E+03	0.0000E+00	0.0000E+00	1.0015E+00
2.6870E+03	0.0000E+00	0.0000E+00	1.0047E+00
2.6880E+03	0.0000E+00	0.0000E+00	1.0099E+00
2.6890E+03	0.0000E+00	0.0000E+00	1.0179E+00
2.6900E+03	0.0000E+00	0.0000E+00	1.0225E+00
2.6910E+03	0.0000E+00	0.0000E+00	1.0356E+00
2.6920E+03	0.0000E+00	0.0000E+00	1.0390E+00
2.6930E+03	0.0000E+00	0.0000E+00	1.0355E+00
2.6940E+03	0.0000E+00	0.0000E+00	1.0341E+00
2.6950E+03	0.0000E+00	0.0000E+00	1.0316E+00
2.6960E+03	0.0000E+00	0.0000E+00	1.0267E+00
2.6970E+03	0.0000E+00	0.0000E+00	1.0253E+00
2.6980E+03	0.0000E+00	0.0000E+00	1.0236E+00
2.6990E+03	0.0000E+00	0.0000E+00	1.0287E+00
2.7000E+03	0.0000E+00	0.0000E+00	1.0286E+00
2.7010E+03	0.0000E+00	0.0000E+00	1.0264E+00
2.7020E+03	0.0000E+00	0.0000E+00	1.0229E+00
2.7030E+03	0.0000E+00	0.0000E+00	1.0196E+00
2.7040E+03	0.0000E+00	0.0000E+00	1.0187E+00
2.7050E+03	0.0000E+00	0.0000E+00	1.0192E+00
2.7060E+03	0.0000E+00	0.0000E+00	1.0163E+00
2.7070E+03	0.0000E+00	0.0000E+00	1.0141E+00
2.7080E+03	0.0000E+00	0.0000E+00	1.0113E+00
2.7090E+03	0.0000E+00	0.0000E+00	1.0085E+00
2.7100E+03	0.0000E+00	0.0000E+00	1.0138E+00
2.7110E+03	0.0000E+00	0.0000E+00	1.0203E+00
2.7120E+03	0.0000E+00	0.0000E+00	1.0308E+00
2.7130E+03	0.0000E+00	0.0000E+00	1.0397E+00
2.7140E+03	0.0000E+00	0.0000E+00	1.0428E+00
2.7150E+03	0.0000E+00	0.0000E+00	1.0425E+00
2.7160E+03	0.0000E+00	0.0000E+00	1.0449E+00
2.7170E+03	0.0000E+00	0.0000E+00	1.0457E+00
2.7180E+03	0.0000E+00	0.0000E+00	1.0452E+00
2.7190E+03	0.0000E+00	0.0000E+00	1.0438E+00
2.7200E+03	0.0000E+00	0.0000E+00	1.0418E+00
2.7210E+03	0.0000E+00	0.0000E+00	1.0401E+00
2.7220E+03	0.0000E+00	0.0000E+00	1.0382E+00
2.7230E+03	0.0000E+00	0.0000E+00	1.0319E+00
2.7240E+03	0.0000E+00	0.0000E+00	1.0329E+00
2.7250E+03	0.0000E+00	0.0000E+00	1.0339E+00
2.7260E+03	0.0000E+00	0.0000E+00	1.0261E+00
2.7270E+03	0.0000E+00	0.0000E+00	1.0227E+00
2.7280E+03	0.0000E+00	0.0000E+00	1.0168E+00
2.7290E+03	0.0000E+00	0.0000E+00	1.0165E+00
2.7300E+03	0.0000E+00	0.0000E+00	1.0154E+00
2.7310E+03	0.0000E+00	0.0000E+00	1.0111E+00
2.7320E+03	0.0000E+00	0.0000E+00	1.0135E+00
2.7330E+03	0.0000E+00	0.0000E+00	1.0129E+00
2.7340E+03	0.0000E+00	0.0000E+00	1.0142E+00
2.7350E+03	0.0000E+00	0.0000E+00	1.0177E+00
2.7360E+03	0.0000E+00	0.0000E+00	1.0195E+00
2.7370E+03	0.0000E+00	0.0000E+00	1.0243E+00
2.7380E+03	0.0000E+00	0.0000E+00	1.0300E+00
2.7390E+03	0.0000E+00	0.0000E+00	1.0342E+00
2.7400E+03	0.0000E+00	0.0000E+00	1.0368E+00
2.7410E+03	0.0000E+00	0.0000E+00	1.0397E+00
2.7420E+03	0.0000E+00	0.0000E+00	1.0378E+00
2.7430E+03	0.0000E+00	0.0000E+00	1.0371E+00
2.7440E+03	0.0000E+00	0.0000E+00	1.0363E+00
2.7450E+03	0.0000E+00	0.0000E+00	1.0353E+00
2.7460E+03	0.0000E+00	0.0000E+00	1.0315E+00
2.7470E+03	0.0000E+00	0.0000E+00	1.0313E+00
2.7480E+03	0.0000E+00	0.0000E+00	1.0292E+00
2.7490E+03	0.0000E+00	0.0000E+00	1.0333E+00
2.7500E+03	0.0000E+00	0.0000E+00	1.0323E+00
2.7510E+03	0.0000E+00	0.0000E+00	1.0348E+00
2.7520E+03	0.0000E+00	0.0000E+00	1.0333E+00
2.7530E+03	0.0000E+00	0.0000E+00	1.0354E+00
2.7540E+03	0.0000E+00	0.0000E+00	1.0391E+00
2.7550E+03	0.0000E+00	0.0000E+00	1.0446E+00
2.7560E+03	0.0000E+00	0.0000E+00	1.0477E+00
2.7570E+03	0.0000E+00	0.0000E+00	1.0479E+00
2.7580E+03	0.0000E+00	0.0000E+00	1.0438E+00
2.7590E+03	0.0000E+00	0.0000E+00	1.0436E+00
2.7600E+03	0.0000E+00	0.0000E+00	1.0463E+00
2.7610E+03	0.0000E+00	0.0000E+00	1.0445E+00
2.7620E+03	0.0000E+00	0.0000E+00	1.0463E+00
2.7630E+03	0.0000E+00	0.0000E+00	1.0449E+00
2.7640E+03	0.0000E+00	0.0000E+00	1.0435E+00
2.7650E+03	0.0000E+00	0.0000E+00	1.0407E+00
2.7660E+03	0.0000E+00	0.0000E+00	1.0451E+00
2.7670E+03	0.0000E+00	0.0000E+00	1.0445E+00
2.7680E+03	0.0000E+00	0.0000E+00	1.0394E+00
2.7690E+03	0.0000E+00	0.0000E+00	1.0362E+00
2.7700E+03	0.0000E+00	0.0000E+00	1.0321E+00
2.7710E+03	0.0000E+00	0.0000E+00	1.0294E+00
2.7720E+03	0.0000E+00	0.0000E+00	1.0272E+00
2.7730E+03	0.0000E+00	0.0000E+00	1.0254E+00
2.7740E+03	0.0000E+00	0.0000E+00	1.0224E+00
2.7750E+03	0.0000E+00	0.0000E+00	1.0191E+00
2.7760E+03	0.0000E+00	0.0000E+00	1.0164E+00
2.7770E+03	0.0000E+00	0.0000E+00	1.0140E+00
2.7780E+03	0.0000E+00	0.0000E+00	1.0079E+00
2.7790E+03	0.0000E+00	0.0000E+00	1.0083E+00
2.7800E+03	0.0000E+00	0.0000E+00	1.0018E+00
2.7810E+03	0.0000E+00	0.0000E+00	1.0018E+00
2.7820E+03	0.0000E+00	0.0000E+00	1.0001E+00
2.7830E+03	0.0000E+00	0.0000E+00	1.0023E+00
2.7840E+03	0.0000E+00	0.0000E+00	1.0074E+00
2.7850E+03	0.0000E+00	0.0000E+00	1.0134E+00
2.7860E+03	0.0000E+00	0.0000E+00	1.0149E+00
2.7870E+03	0.0000E+00	0.0000E+00	1.0183E+00
2.7880E+03	0.0000E+00	0.0000E+00	1.0188E+00
2.7890E+03	0.0000E+00	0.0000E+00	1.0212E+00
2.7900E+03	0.0000E+00	0.0000E+00	1.0163E+00
2.7910E+03	0.0000E+00	0.0000E+00	1.0141E+00
2.7920E+03	0.0000E+00	0.0000E+00	1.0105E+00
2.7930E+03	0.0000E+00	0.0000E+00	1.0130E+00
2.7940E+03	0.0000E+00	0.0000E+00	1.0107E+00
2.7950E+03	0.0000E+00	0.0000E+00	1.0064E+00
2.7960E+03	0.0000E+00	0.0000E+00	1.0061E+00
2.7970E+03	0.0000E+00	0.0000E+00	1.0052E+00
2.7980E+03	0.0000E+00	0.0000E+00	1.0041E+00
2.7990E+03	0.0000E+00	0.0000E+00	1.0011E+00
2.8000E+03	0.0000E+00	0.0000E+00	9.9976E-01
2.8010E+03	0.0000E+00	0.0000E+00	9.9650E-01
2.8020E+03	0.0000E+00	0.0000E+00	9.9113E-01
2.8030E+03	0.0000E+00	0.0000E+00	9.8960E-01
2.8040E+03	0.0000E+00	0.0000E+00	9.9026E-01
2.8050E+03	0.0000E+00	0.0000E+00	9.8318E-01
2.8060E+03	0.0000E+00	0.0000E+00	9.8251E-01
2.8070E+03	0.0000E+00	0.0000E+00	9.8565E-01
2.8080E+03	0.0000E+00	0.0000E+00	9.8989E-01
2.8090E+03	0.0000E+00	0.0000E+00	9.8999E-01
2.8100E+03	0.0000E+00	0.0000E+00	9.9644E-01
2.8110E+03	0.0000E+00	0.0000E+00	9.9658E-01
2.8120E+03	0.0000E+00	0.0000E+00	9.9803E-01
2.8130E+03	0.0000E+00	0.0000E+00	9.9872E-01
2.8140E+03	0.0000E+00	0.0000E+00	9.9867E-01
2.8150E+03	0.0000E+00	0.0000E+00	9.9554E-01
2.8160E+03	0.0000E+00	0.0000E+00	9.9622E-01
2.8170E+03	0.0000E+00	0.0000E+00	9.9630E-01
2.8180E+03	0.0000E+00	0.0000E+00	9.9823E-01
2.8190E+03	0.0000E+00	0.0000E+00	9.9431E-01
2.8200E+03	0.0000E+00	0.0000E+00	9.9182E-01
2.8210E+03	0.0000E+00	0.0000E+00	9.9378E-01
2.8220E+03	0.0000E+00	0.0000E+00	9.8891E-01
2.8230E+03	0.0000E+00	0.0000E+00	9.8563E-01
2.8240E+03	0.0000E+00	0.0000E+00	9.8622E-01
2.8250E+03	0.0000E+00	0.0000E+00	9.8588E-01
2.8260E+03	0.0000E+00	0.0000E+00	9.8127E-01
2.8270E+03	0.0000E+00	0.0000E+00	9.8317E-01
2.8280E+03	0.0000E+00	0.0000E+00	9.8081E-01
2.8290E+03	0.0000E+00	0.0000E+00	9.7565E-01
2.8300E+03	0.0000E+00	0.0000E+00	9.7482E-01
2.8310E+03	0.0000E+00	0.0000E+00	9.7368E-01
2.8320E+03	0.0000E+00	0.0000E+00	9.7621E-01
2.8330E+03	0.0000E+00	0.0000E+00	9.7688E-01
2.8340E+03	0.0000E+00	0.0000E+00	9.7700E-01
2.8350E+03	0.0000E+00	0.0000E+00	9.8095E-01
2.8360E+03	0.0000E+00	0.0000E+00	9.8615E-01
2.8370E+03	0.0000E+00	0.0000E+00	9.8605E-01
2.8380E+03	0.0000E+00	0.0000E+00	9.8443E-01
2.8390E+03	0.0000E+00	0.0000E+00	9.8335E-01
2.8400E+03	0.0000E+00	0.0000E+00	9.8377E-01
2.8410E+03	0.0000E+00	0.0000E+00	9.8241E-01
2.8420E+03	0.0000E+00	0.0000E+00	9.8280E-01
2.8430E+03	0.0000E+00	0.0000E+00	9.8471E-01
2.8440E+03	0.0000E+00	0.0000E+00	9.8156E-01
2.8450E+03	0.0000E+00	0.0000E+00	9.8172E-01
2.8460E+03	0.0000E+00	0.0000E+00	9.8093E-01
2.8470E+03	0.0000E+00	0.0000E+00	9.7833E-01
2.8480E+03	0.0000E+00	0.0000E+00	9.7696E-01
2.8490E+03	0.0000E+00	0.0000E+00	9.7530E-01
2.8500E+03	0.0000E+00	0.0000E+00	9.7230E-01
2.8510E+03	0.0000E+00	0.0000E+00	9.7382E-01
2.8520E+03	0.0000E+00	0.0000E+00	9.7008E-01
2.8530E+03	0.0000E+00	0.0000E+00	9.6678E-01
2.8540E+03	0.0000E+00	0.0000E+00	9.6540E-01
2.8550E+03	0.0000E+00	0.0000E+00	9.6377E-01
2.8560E+03	0.0000E+00	0.0000E+00	9.6340E-01
2.8570E+03	0.0000E+00	0.0000E+00	9.6977E-01
2.8580E+03	0.0000E+00	0.0000E+00	9.7454E-01
2.8590E+03	0.0000E+00	0.0000E+00	9.7716E-01
2.8600E+03	0.0000E+00	0.0000E+00	9.8078E-01
2.8610E+03	0.0000E+00	0.0000E+00	9.8048E-01
2.8620E+03	0.0000E+00	0.0000E+00	9.8181E-01
2.8630E+03	0.0000E+00	0.0000E+00	9.7727E-01
2.8640E+03	0.0000E+00	0.0000E+00	9.7778E-01
2.8650E+03	0.0000E+00	0.0000E+00	9.7801E-01
2.8660E+03	0.0000E+00	0.0000E+00	9.7713E-01
2.8670E+03	0.0000E+00	0.0000E+00	9.7658E-01
2.8680E+03	0.0000E+00	0.0000E+00	9.7425E-01
2.8690E+03	0.0000E+00	0.0000E+00	9.7359E-01
2.8700E+03	0.0000E+00	0.0000E+00	9.7159E-01
2.8710E+03	0.0000E+00	0.0000E+00	9.7167E-01
2.8720E+03	0.0000E+00	0.0000E+00	9.7020E-01
2.8730E+03	0.0000E+00	0.0000E+00	9.6684E-01
2.8740E+03	0.0000E+00	0.0000E+00	9.6586E-01
2.8750E+03	0.0000E+00	0.0000E+00	9.6695E-01
2.8760E+03	0.0000E+00	0.0000E+00	9.6434E-01
2.8770E+03	0.0000E+00	0.0000E+00	9.6457E-01
2.8780E+03	0.0000E+00	0.0000E+00	9.6310E-01
2.8790E+03	0.0000E+00	0.0000E+00	9.6034E-01
2.8800E+03	0.0000E+00	0.0000E+00	9.6496E-01
2.8810E+03	0.0000E+00	0.0000E+00	9.6369E-01
2.8820E+03	0.0000E+00	0.0000E+00	9.6855E-01
2.8830E+03	0.0000E+00	0.0000E+00	9.7288E-01
2.8840E+03	0.0000E+00	0.0000E+00	9.7368E-01
2.8850E+03	0.0000E+00	0.0000E+00	9.7251E-01
2.8860E+03	0.0000E+00	0.0000E+00	9.7423E-01
2.8870E+03	0.0000E+00	0.0000E+00	9.6938E-01
2.8880E+03	0.0000E+00	0.0000E+00	9.7213E-01
2.8890E+03	0.0000E+00	0.0000E+00	9.7328E-01
2.8900E+03	0.0000E+00	0.0000E+00	9.7335E-01
2.8910E+03	0.0000E+00	0.0000E+00	9.7110E-01
2.8920E+03	0.0000E+00	0.0000E+00	9.7343E-01
2.8930E+03	0.0000E+00	0.0000E+00	9.6674E-01
2.8940E+03	0.0000E+00	0.0000E+00	9.7172E-01
2.8950E+03	0.0000E+00	0.0000E+00	9.6728E-01
2.8960E+03	0.0000E+00	0.0000E+00	9.6257E-01
2.8970E+03	0.0000E+00	0.0000E+00	9.6471E-01
2.8980E+03	0.0000E+00	0.0000E+00	9.6051E-01
2.8990E+03	0.0000E+00	0.0000E+00	9.6180E-01
2.9000E+03	0.0000E+00	0.0000E+00	9.5952E-01
2.9010E+03	0.0000E+00	0.0000E+00	9.5700E-01
2.9020E+03	0.0000E+00	0.0000E+00	9.5461E-01
2.9030E+03	0.0000E+00	0.0000E+00	9.5767E-01
2.9040E+03	0.0000E+00	0.0000E+00	9.5506E-01
2.9050E+03	0.0000E+00	0.0000E+00	9.5666E-01
2.9060E+03	0.0000E+00	0.0000E+00	9.6028E-01
2.9070E+03	0.0000E+00	0.0000E+00	9.5677E-01
2.9080E+03	0.0000E+00	0.0000E+00	9.6501E-01
2.9090E+03	0.0000E+00	0.0000E+00	9.6620E-01
2.9100E+03	0.0000E+00	0.0000E+00	9.6708E-01
2.9110E+03	0.0000E+00	0.0000E+00	9.6587E-01
2.9120E+03	0.0000E+00	0.0000E+00	9.6713E-01
2.9130E+03	0.0000E+00	0.0000E+00	9.6645E-01
2.9140E+03	0.0000E+00	0.0000E+00	9.6658E-01
2.9150E+03	0.0000E+00	0.0000E+00	9.6359E-01
2.9160E+03	0.0000E+00	0.0000E+00	9.6269E-01
2.9170E+03	0.0000E+00	0.0000E+00	9.6031E-01
2.9180E+03	0.0000E+00	0.0000E+00	9.6411E-01
2.9190E+03	0.0000E+00	0.0000E+00	9.6172E-01
2.9200E+03	0.0000E+00	0.0000E+00	9.5939E-01
2.9210E+03	0.0000E+00	0.0000E+00	9.5980E-01
2.9220E+03	0.0000E+00	0.0000E+00	9.2967E-01
2.9230E+03	0.0000E+00	0.0000E+00	9.2739E-01
2.9240E+03	0.0000E+00	0.0000E+00	9.2338E-01
2.9250E+03	0.0000E+00	0.0000E+00	9.2097E-01
2.9260E+03	0.0000E+00	0.0000E+00	9.1921E-01
2.9270E+03	0.0000E+00	0.0000E+00	9.1654E-01
2.9280E+03	0.0000E+00	0.0000E+00	9.1942E-01
2.9290E+03	0.0000E+00	0.0000E+00	9.1960E-01
2.9300E+03	0.0000E+00	0.0000E+00	9.2228E-01
2.9310E+03	0.0000E+00	0.0000E+00	9.2743E-01
2.9320E+03	0.0000E+00	0.0000E+00	9.3236E-01
2.9330E+03	0.0000E+00	0.0000E+00	9.3621E-01
2.9340E+03	0.0000E+00	0.0000E+00	9.3440E-01
2.9350E+03	0.0000E+00	0.0000E+00	9.3334E-01
2.9360E+03	0.0000E+00	0.0000E+00	9.3437E-01
2.9370E+03	0.0000E+00	0.0000E+00	9.3703E-01
2.9380E+03	0.0000E+00	0.0000E+00	9.3234E-01
2.9390E+03	0.0000E+00	0.0000E+00	9.3220E-01
2.9400E+03	0.0000E+00	0.0000E+00	9.3116E-01
2.9410E+03	0.0000E+00	0.0000E+00	9.3191E-01
2.9420E+03	0.0000E+00	0.0000E+00	9.2700E-01
2.9430E+03	0.0000E+00	0.0000E+00	9.2502E-01
2.9440E+03	0.0000E+00	0.0000E+00	9.2287E-01
2.9450E+03	0.0000E+00	0.0000E+00	9.2185E-01
2.9460E+03	0.0000E+00	0.0000E+00	9.2167E-01
2.9470E+03	0.0000E+00	0.0000E+00	9.2068E-01
2.9480E+03	0.0000E+00	0.0000E+00	9.2061E-01
2.9490E+03	0.0000E+00	0.0000E+00	9.1648E-01
2.9500E+03	0.0000E+00	0.0000E+00	9.1559E-01
2.9510E+03	0.0000E+00	0.0000E+00	9.1477E-01
2.9520E+03	0.0000E+00	0.0000E+00	9.1460E-01
2.9530E+03	0.0000E+00	0.0000E+00	9.1825E-01
2.9540E+03	0.0000E+00	0.0000E+00	9.2073E-01
2.9550E+03	0.0000E+00	0.0000E+00	9.2516E-01
2.9560E+03	0.0000E+00	0.0000E+00	9.2444E-01
2.9570E+03	0.0000E+00	0.0000E+00	9.2611E-01
2.9580E+03	0.0000E+00	0.0000E+00	9.2769E-01
2.9590E+03	0.0000E+00	0.0000E+00	9.2788E-01
2.9600E+03	0.0000E+00	0.0000E+00	9.2794E-01
2.9610E+03	0.0000E+00	0.0000E+00	9.2838E-01
2.9620E+03	0.0000E+00	0.0000E+00	9.2686E-01
2.9630E+03	0.0000E+00	0.0000E+00	9.2741E-01
2.9640E+03	0.0000E+00	0.0000E+00	9.2546E-01
2.9650E+03	0.0000E+00	0.0000E+00	9.2330E-01
2.9660E+03	0.0000E+00	0.0000E+00	9.2310E-01
2.9670E+03	0.0000E+00	0.0000E+00	9.2052E-01
2.9680E+03	0.0000E+00	0.0000E+00	9.1484E-01
2.9690E+03	0.0000E+00	0.0000E+00	9.1738E-01
2.9700E+03	0.0000E+00	0.0000E+00	9.1570E-01
2.9710E+03	0.0000E+00	0.0000E+00	9.1744E-01
2.9720E+03	0.0000E+00	0.0000E+00	9.1602E-01
2.9730E+03	0.0000E+00	0.0000E+00	9.1173E-01
2.9740E+03	0.0000E+00	0.0000E+00	9.0861E-01
2.9750E+03	0.0000E+00	0.0000E+00	9.0880E-01
2.9760E+03	0.0000E+00	0.0000E+00	9.0906E-01
2.9770E+03	0.0000E+00	0.0000E+00	9.1018E-01
2.9780E+03	0.0000E+00	0.0000E+00	9.1119E-01
2.9790E+03	0.0000E+00	0.0000E+00	9.1769E-01
2.9800E+03	0.0000E+00	0.0000E+00	9.2188E-01
2.9810E+03	0.0000E+00	0.0000E+00	9.2437E-01
2.9820E+03	0.0000E+00	0.0000E+00	9.2514E-01
2.9830E+03	0.0000E+00	0.0000E+00	9.2435E-01
2.9840E+03	0.0000E+00	0.0000E+00	9.2700E-01
2.9850E+03	0.0000E+00	0.0000E+00	9.2455E-01
2.9860E+03	0.0000E+00	0.0000E+00	9.2589E-01
2.9870E+03	0.0000E+00	0.0000E+00	9.2194E-01
2.9880E+03	0.0000E+00	0.0000E+00	9.1798E-01
2.9890E+03	0.0000E+00	0.0000E+00	9.1789E-01
2.9900E+03	0.0000E+00	0.0000E+00	9.1874E-01
2.9910E+03	0.0000E+00	0.0000E+00	9.1844E-01
2.9920E+03	0.0000E+00	0.0000E+00	9.1537E-01
2.9930E+03	0.0000E+00	0.0000E+00	9.1727E-01
2.9940E+03	0.0000E+00	0.0000E+00	9.1567E-01
2.9950E+03	0.0000E+00	0.0000E+00	9.1495E-01
2.9960E+03	0.0000E+00	0.0000E+00	9.1667E-01
2.9970E+03	0.0000E+00	0.0000E+00	9.1072E-01
2.9980E+03	0.0000E+00	0.0000E+00	9.1309E-01
2.9990E+03	0.0000E+00	0.0000E+00	9.0785E-01
3.0000E+03	0.0000E+00	0.0000E+00	9.1082E-01
3.0010E+03	0.0000E+00	0.0000E+00	9.0928E-01
3.0020E+03	0.0000E+00	0.0000E+00	9.1016E-01
3.0030E+03	0.0000E+00	0.0000E+00	9.1037E-01
3.0040E+03	0.0000E+00	0.0000E+00	9.1165E-01
3.0050E+03	0.0000E+00	0.0000E+00	9.1538E-01
3.0060E+03	0.0000E+00	0.0000E+00	9.1668E-01
3.0070E+03	0.0000E+00	0.0000E+00	9.1812E-01
3.0080E+03	0.0000E+00	0.0000E+00	9.1620E-01
3.0090E+03	0.0000E+00	0.0000E+00	9.1831E-01
3.0100E+03	0.0000E+00	0.0000E+00	9.1700E-01
3.0110E+03	0.0000E+00	0.0000E+00	9.1778E-01
3.0120E+03	0.0000E+00	0.0000E+00	9.1689E-01
3.0130E+03	0.0000E+00	0.0000E+00	9.1675E-01
3.0140E+03	0.0000E+00	0.0000E+00	9.1558E-01
3.0150E+03	0.0000E+00	0.0000E+00	9.1125E-01
3.0160E+03	0.0000E+00	0.0000E+00	9.0991E-01
3.0170E+03	0.0000E+00	0.0000E+00	9.1065E-01
3.0180E+03	0.0000E+00	0.0000E+00	9.1141E-01
3.0190E+03	0.0000E+00	0.0000E+00	9.1070E-01
3.0200E+03	0.0000E+00	0.0000E+00	9.1112E-01
3.0210E+03	0.0000E+00	0.0000E+00	9.0797E-01
3.0220E+03	0.0000E+00	0.0000E+00	9.0710E-01
3.0230E+03	0.0000E+00	0.0000E+00	9.0400E-01
3.0240E+03	0.0000E+00	0.0000E+00	9.0434E-01
3.0250E+03	0.0000E+00	0.0000E+00	9.0873E-01
3.0260E+03	0.0000E+00	0.0000E+00	9.0718E-01
3.0270E+03	0.0000E+00	0.0000E+00	9.1121E-01
3.0280E+03	0.0000E+00	0.0000E+00	9.1289E-01
3.0290E+03	0.0000E+00	0.0000E+00	9.1546E-01
3.0300E+03	0.0000E+00	0.0000E+00	9.1547E-01
3.0310E+03	0.0000E+00	0.0000E+00	9.1459E-01
3.0320E+03	0.0000E+00	0.0000E+00	9.1360E-01
3.0330E+03	0.0000E+00	0.0000E+00	9.1220E-01
3.0340E+03	0.0000E+00	0.0000E+00	9.1403E-01
3.0350E+03	0.0000E+00	0.0000E+00	9.1319E-01
3.0360E+03	0.0000E+00	0.0000E+00	9.1145E-01
3.0370E+03	0.0000E+00	0.0000E+00	9.1605E-01
3.0380E+03	0.0000E+00	0.0000E+00	9.1243E-01
3.0390E+03	0.0000E+00	0.0000E+00	9.1054E-01
3.0400E+03	0.0000E+00	0.0000E+00	9.1029E-01
3.0410E+03	0.0000E+00	0.0000E+00	9.0718E-01
3.0420E+03	0.0000E+00	0.0000E+00	9.0739E-01
3.0430E+03	0.0000E+00	0.0000E+00	9.0591E-01
3.0440E+03	0.0000E+00	0.0000E+00	9.0528E-01
3.0450E+03	0.0000E+00	0.0000E+00	9.0268E-01
3.0460E+03	0.0000E+00	0.0000E+00	9.0005E-01
3.0470E+03	0.0000E+00	0.0000E+00	9.0106E-01
3.0480E+03	0.0000E+00	0.0000E+00	8.9832E-01
3.0490E+03	0.0000E+00	0.0000E+00	9.0161E-01
3.0500E+03	0.0000E+00	0.0000E+00	8.9794E-01
3.0510E+03	0.0000E+00	0.0000E+00	9.0025E-01
3.0520E+03	0.0000E+00	0.0000E+00	8.9876E-01
3.0530E+03	0.0000E+00	0.0000E+00	9.0179E-01
3.0540E+03	0.0000E+00	0.0000E+00	9.0276E-01
3.0550E+03	0.0000E+00	0.0000E+00	9.0490E-01
3.0560E+03	0.0000E+00	0.0000E+00	9.0513E-01
3.0570E+03	0.0000E+00	0.0000E+00	9.0369E-01
3.0580E+03	0.0000E+00	0.0000E+00	9.0515E-01
3.0590E+03	0.0000E+00	0.0000E+00	9.0493E-01
3.0600E+03	0.0000E+00	0.0000E+00	9.0597E-01
3.0610E+03	0.0000E+00	0.0000E+00	9.0283E-01
3.0620E+03	0.0000E+00	0.0000E+00	9.0672E-01
3.0630E+03	0.0000E+00	0.0000E+00	9.0656E-01
3.0640E+03	0.0000E+00	0.0000E+00	9.0517E-01
3.0650E+03	0.0000E+00	0.0000E+00	9.0359E-01
3.0660E+03	0.0000E+00	0.0000E+00	9.0342E-01
3.0670E+03	0.0000E+00	0.0000E+00	9.0344E-01
3.0680E+03	0.0000E+00	0.0000E+00	8.9968E-01
3.0690E+03	0.0000E+00	0.0000E+00	8.9825E-01
3.0700E+03	0.0000E+00	0.0000E+00	8.9624E-01
3.0710E+03	0.0000E+00	0.0000E+00	8.9688E-01
3.0720E+03	0.0000E+00	0.0000E+00	8.9830E-01
3.0730E+03	0.0000E+00	0.0000E+00	8.9717E-01
3.0740E+03	0.0000E+00	0.0000E+00	8.9750E-01
3.0750E+03	0.0000E+00	0.0000E+00	8.9780E-01
3.0760E+03	0.0000E+00	0.0000E+00	9.0342E-01
3.0770E+03	0.0000E+00	0.0000E+00	9.0581E-01
3.0780E+03	0.0000E+00	0.0000E+00	9.0917E-01
3.0790E+03	0.0000E+00	0.0000E+00	9.0644E-01
3.0800E+03	0.0000E+00	0.0000E+00	9.0697E-01
3.0810E+03	0.0000E+00	0.0000E+00	9.0771E-01
3.0820E+03	0.0000E+00	0.0000E+00	9.0889E-01
3.0830E+03	0.0000E+00	0.0000E+00	9.0880E-01
3.0840E+03	0.0000E+00	0.0000E+00	9.0803E-01
3.0850E+03	0.0000E+00	0.0000E+00	9.0498E-01
3.0860E+03	0.0000E+00	0.0000E+00	9.0364E-01
3.0870E+03	0.0000E+00	0.0000E+00	9.0363E-01
3.0880E+03	0.0000E+00	0.0000E+00	9.0221E-01
3.0890E+03	0.0000E+00	0.0000E+00	9.0172E-01
3.0900E+03	0.0000E+00	0.0000E+00	9.0174E-01
3.0910E+03	0.0000E+00	0.0000E+00	9.0045E-01
3.0920E+03	0.0000E+00	0.0000E+00	8.9960E-01
3.0930E+03	0.0000E+00	0.0000E+00	8.9628E-01
3.0940E+03	0.0000E+00	0.0000E+00	8.9455E-01
3.0950E+03	0.0000E+00	0.0000E+00	8.9482E-01
3.0960E+03	0.0000E+00	0.0000E+00	8.9604E-01
3.0970E+03	0.0000E+00	0.0000E+00	8.9777E-01
3.0980E+03	0.0000E+00	0.0000E+00	8.9836E-01
3.0990E+03	0.0000E+00	0.0000E+00	9.0082E-01
3.1000E+03	0.0000E+00	0.0000E+00	9.0251E-01
3.1010E+03	0.0000E+00	0.0000E+00	9.0376E-01
3.1020E+03	0.0000E+00	0.0000E+00	9.0606E-01
3.1030E+03	0.0000E+00	0.0000E+00	9.0620E-01
3.1040E+03	0.0000E+00	0.0000E+00	9.0587E-01
3.1050E+03	0.0000E+00	0.0000E+00	9.0779E-01
3.1060E+03	0.0000E+00	0.0000E+00	9.0762E-01
3.1070E+03	0.0000E+00	0.0000E+00	9.0882E-01
3.1080E+03	0.0000E+00	0.0000E+00	9.0645E-01
3.1090E+03	0.0000E+00	0.0000E+00	9.0535E-01
3.1100E+03	0.0000E+00	0.0000E+00	9.0318E-01
3.1110E+03	0.0000E+00	0.0000E+00	9.0011E-01
3.1120E+03	0.0000E+00	0.0000E+00	9.0211E-01
3.1130E+03	0.0000E+00	0.0000E+00	9.0032E-01
3.1140E+03	0.0000E+00	0.0000E+00	8.9558E-01
3.1150E+03	0.0000E+00	0.0000E+00	8.9289E-01
3.1160E+03	0.0000E+00	0.0000E+00	8.9183E-01
3.1170E+03	0.0000E+00	0.0000E+00	8.9114E-01
3.1180E+03	0.0000E+00	0.0000E+00	8.8821E-01
3.1190E+03	0.0000E+00	0.0000E+00	8.9063E-01
3.1200E+03	0.0000E+00	0.0000E+00	8.8931E-01
3.1210E+03	0.0000E+00	0.0000E+00	8.8810E-01
3.1220E+03	0.0000E+00	0.0000E+00	8.8950E-01
3.1230E+03	0.0000E+00	0.0000E+00	8.9085E-01
3.1240E+03	0.0000E+00	0.0000E+00	8.9251E-01
3.1250E+03	0.0000E+00	0.0000E+00	8.9654E-01
3.1260E+03	0.0000E+00	0.0000E+00	8.9692E-01
3.1270E+03	0.0000E+00	0.0000E+00	8.9711E-01
3.1280E+03	0.0000E+00	0.0000E+00	8.9718E-01
3.1290E+03	0.0000E+00	0.0000E+00	9.0028E-01
3.1300E+03	0.0000E+00	0.0000E+00	9.0039E-01
3.1310E+03	0.0000E+00	0.0000E+00	8.9956E-01
3.1320E+03	0.0000E+00	0.0000E+00	8.9644E-01
3.1330E+03	0.0000E+00	0.0000E+00	8.9844E-01
3.1340E+03	0.0000E+00	0.0000E+00	8.9834E-01
3.1350E+03	0.0000E+00	0.0000E+00	8.9603E-01
3.1360E+03	0.0000E+00	0.0000E+00	8.9377E-01
3.1370E+03	0.0000E+00	0.0000E+00	8.9189E-01
3.1380E+03	0.0000E+00	0.0000E+00	8.9617E-01
3.1390E+03	0.0000E+00	0.0000E+00	8.9432E-01
3.1400E+03	0.0000E+00	0.0000E+00	8.9096E-01
3.1410E+03	0.0000E+00	0.0000E+00	8.9032E-01
3.1420E+03	0.0000E+00	0.0000E+00	8.8754E-01
3.1430E+03	0.0000E+00	0.0000E+00	8.8691E-01
3.1440E+03	0.0000E+00	0.0000E+00	8.8471E-01
3.1450E+03	0.0000E+00	0.0000E+00	8.8871E-01
3.1460E+03	0.0000E+00	0.0000E+00	8.8905E-01
3.1470E+03	0.0000E+00	0.0000E+00	8.9168E-01
3.1480E+03	0.0000E+00	0.0000E+00	8.9266E-01
3.1490E+03	0.0000E+00	0.0000E+00	8.9524E-01
3.1500E+03	0.0000E+00	0.0000E+00	8.9575E-01
3.1510E+03	0.0000E+00	0.0000E+00	8.9651E-01
3.1520E+03	0.0000E+00	0.0000E+00	9.0111E-01
3.1530E+03	0.0000E+00	0.0000E+00	9.0132E-01
3.1540E+03	0.0000E+00	0.0000E+00	9.0220E-01
3.1550E+03	0.0000E+00	0.0000E+00	9.0341E-01
3.1560E+03	0.0000E+00	0.0000E+00	9.0346E-01
3.1570E+03	0.0000E+00	0.0000E+00	8.9784E-01
3.1580E+03	0.0000E+00	0.0000E+00	9.0162E-01
3.1590E+03	0.0000E+00	0.0000E+00	9.0066E-01
3.1600E+03	0.0000E+00	0.0000E+00	9.0135E-01
3.1610E+03	0.0000E+00	0.0000E+00	8.9588E-01
3.1620E+03	0.0000E+00	0.0000E+00	8.9750E-01
3.1630E+03	0.0000E+00	0.0000E+00	8.9584E-01
3.1640E+03	0.0000E+00	0.0000E+00	8.9528E-01
3.1650E+03	0.0000E+00	0.0000E+00	8.9230E-01
3.1660E+03	0.0000E+00	0.0000E+00	8.9076E-01
3.1670E+03	0.0000E+00	0.0000E+00	8.8978E-01
3.1680E+03	0.0000E+00	0.0000E+00	8.9043E-01
3.1690E+03	0.0000E+00	0.0000E+00	8.8948E-01
3.1700E+03	0.0000E+00	0.0000E+00	8.8929E-01
3.1710E+03	0.0000E+00	0.0000E+00	8.8906E-01
3.1720E+03	0.0000E+00	0.0000E+00	8.9082E-01
3.1730E+03	0.0000E+00	0.0000E+00	8.9531E-01
3.1740E+03	0.0000E+00	0.0000E+00	8.9240E-01
3.1750E+03	0.0000E+00	0.0000E+00	8.9634E-01
3.1760E+03	0.0000E+00	0.0000E+00	8.9662E-01
3.1770E+03	0.0000E+00	0.0000E+00	8.9646E-01
3.1780E+03	0.0000E+00	0.0000E+00	8.9793E-01
3.1790E+03	0.0000E+00	0.0000E+00	8.9981E-01
3.1800E+03	0.0000E+00	0.0000E+00	8.9862E-01
3.1810E+03	0.0000E+00	0.0000E+00	8.9950E-01
3.1820E+03	0.0000E+00	0.0000E+00	9.0021E-01
3.1830E+03	0.0000E+00	0.0000E+00	9.0249E-01
3.1840E+03	0.0000E+00	0.0000E+00	9.0109E-01
3.1850E+03	0.0000E+00	0.0000E+00	8.9771E-01
3.1860E+03	0.0000E+00	0.0000E+00	8.9521E-01
3.1870E+03	0.0000E+00	0.0000E+00	8.9627E-01
3.1880E+03	0.0000E+00	0.0000E+00	8.9477E-01
3.1890E+03	0.0000E+00	0.0000E+00	8.9381E-01
3.1900E+03	0.0000E+00	0.0000E+00	8.9511E-01
3.1910E+03	0.0000E+00	0.0000E+00	8.9579E-01
3.1920E+03	0.0000E+00	0.0000E+00	8.9305E-01
3.1930E+03	0.0000E+00	0.0000E+00	8.9369E-01
3.1940E+03	0.0000E+00	0.0000E+00	8.9236E-01
3.1950E+03	0.0000E+00	0.0000E+00	8.9053E-01
3.1960E+03	0.0000E+00	0.0000E+00	8.8959E-01
3.1970E+03	0.0000E+00	0.0000E+00	8.9057E-01
3.1980E+03	0.0000E+00	0.0000E+00	8.9181E-01
3.1990E+03	0.0000E+00	0.0000E+00	8.9091E-01
3.2000E+03	0.0000E+00	0.0000E+00	8.9054E-01
3.2010E+03	0.0000E+00	0.0000E+00	8.9318E-01
3.2020E+03	0.0000E+00	0.0000E+00	8.9293E-01
3.2030E+03	0.0000E+00	0.0000E+00	8.9738E-01
3.2040E+03	0.0000E+00	0.0000E+00	8.9671E-01
3.2050E+03	0.0000E+00	0.0000E+00	8.9650E-01
3.2060E+03	0.0000E+00	0.0000E+00	8.9368E-01
3.2070E+03	0.0000E+00	0.0000E+00	8.9567E-01
3.2080E+03	0.0000E+00	0.0000E+00	8.9556E-01
3.2090E+03	0.0000E+00	0.0000E+00	8.9713E-01
3.2100E+03	0.0000E+00	0.0000E+00	8.9424E-01
3.2110E+03	0.0000E+00	0.0000E+00	8.9371E-01
3.2120E+03	0.0000E+00	0.0000E+00	8.9166E-01
3.2130E+03	0.0000E+00	0.0000E+00	8.8923E-01
3.2140E+03	0.0000E+00	0.0000E+00	8.8825E-01
3.2150E+03	0.0000E+00	0.0000E+00	8.8640E-01
3.2160E+03	0.0000E+00	0.0000E+00	8.8546E-01
3.2170E+03	0.0000E+00	0.0000E+00	8.8565E-01
3.2180E+03	0.0000E+00	0.0000E+00	8.8589E-01
3.2190E+03	0.0000E+00	0.0000E+00	8.8757E-01
3.2200E+03	0.0000E+00	0.0000E+00	8.8919E-01
3.2210E+03	0.0000E+00	0.0000E+00	8.8767E-01
3.2220E+03	0.0000E+00	0.0000E+00	8.8726E-01
3.2230E+03	0.0000E+00	0.0000E+00	8.8883E-01
3.2240E+03	0.0000E+00	0.0000E+00	8.9322E-01
3.2250E+03	0.0000E+00	0.0000E+00	8.9412E-01
3.2260E+03	0.0000E+00	0.0000E+00	8.9646E-01
3.2270E+03	0.0000E+00	0.0000E+00	8.9811E-01
3.2280E+03	0.0000E+00	0.0000E+00	8.9546E-01
3.2290E+03	0.0000E+00	0.0000E+00	8.9580E-01
3.2300E+03	0.0000E+00	0.0000E+00	8.9517E-01
3.2310E+03	0.0000E+00	0.0000E+00	8.9581E-01
3.2320E+03	0.0000E+00	0.0000E+00	8.9519E-01
3.2330E+03	0.0000E+00	0.0000E+00	8.9616E-01
3.2340E+03	0.0000E+00	0.0000E+00	8.9568E-01
3.2350E+03	0.0000E+00	0.0000E+00	8.9192E-01
3.2360E+03	0.0000E+00	0.0000E+00	8.9265E-01
3.2370E+03	0.0000E+00	0.0000E+00	8.8803E-01
3.2380E+03	0.0000E+00	0.0000E+00	8.8755E-01
3.2390E+03	0.0000E+00	0.0000E+00	8.8744E-01
3.2400E+03	0.0000E+00	0.0000E+00	8.8623E-01
3.2410E+03	0.0000E+00	0.0000E+00	8.8772E-01
3.2420E+03	0.0000E+00	0.0000E+00	8.8430E-01
3.2430E+03	0.0000E+00	0.0000E+00	8.8357E-01
3.2440E+03	0.0000E+00	0.0000E+00	8.8791E-01
3.2450E+03	0.0000E+00	0.0000E+00	8.8346E-01
3.2460E+03	0.0000E+00	0.0000E+00	8.8686E-01
3.2470E+03	0.0000E+00	0.0000E+00	8.8910E-01
3.2480E+03	0.0000E+00	0.0000E+00	8.9123E-01
3.2490E+03	0.0000E+00	0.0000E+00	8.9191E-01
3.2500E+03	0.0000E+00	0.0000E+00	8.9423E-01
3.2510E+03	0.0000E+00	0.0000E+00	8.9499E-01
3.2520E+03	0.0000E+00	0.0000E+00	8.9184E-01
3.2530E+03	0.0000E+00	0.0000E+00	8.9521E-01
3.2540E+03	0.0000E+00	0.0000E+00	8.9641E-01
3.2550E+03	0.0000E+00	0.0000E+00	8.9529E-01
3.2560E+03	0.0000E+00	0.0000E+00	8.9198E-01
3.2570E+03	0.0000E+00	0.0000E+00	8.9294E-01
3.2580E+03	0.0000E+00	0.0000E+00	8.9447E-01
3.2590E+03	0.0000E+00	0.0000E+00	8.9285E-01
3.2600E+03	0.0000E+00	0.0000E+00	8.8743E-01
3.2610E+03	0.0000E+00	0.0000E+00	8.8705E-01
3.2620E+03	0.0000E+00	0.0000E+00	8.8506E-01
3.2630E+03	0.0000E+00	0.0000E+00	8.8632E-01
3.2640E+03	0.0000E+00	0.0000E+00	8.8464E-01
3.2650E+03	0.0000E+00	0.0000E+00	8.8477E-01
3.2660E+03	0.0000E+00	0.0000E+00	8.8421E-01
3.2670E+03	0.0000E+00	0.0000E+00	8.8408E-01
3.2680E+03	0.0000E+00	0.0000E+00	8.8700E-01
3.2690E+03	0.0000E+00	0.0000E+00	8.8854E-01
3.2700E+03	0.0000E+00	0.0000E+00	8.8999E-01
3.2710E+03	0.0000E+00	0.0000E+00	8.9115E-01
3.2720E+03	0.0000E+00	0.0000E+00	8.9082E-01
3.2730E+03	0.0000E+00	0.0000E+00	8.9422E-01
3.2740E+03	0.0000E+00	0.0000E+00	8.9408E-01
3.2750E+03	0.0000E+00	0.0000E+00	8.9167E-01
3.2760E+03	0.0000E+00	0.0000E+00	8.9215E-01
3.2770E+03	0.0000E+00	0.0000E+00	8.9386E-01
3.2780E+03	0.0000E+00	0.0000E+00	8.9297E-01
3.2790E+03	0.0000E+00	0.0000E+00	8.9495E-01
3.2800E+03	0.0000E+00	0.0000E+00	8.9187E-01
3.2810E+03	0.0000E+00	0.0000E+00	8.8892E-01
3.2820E+03	0.0000E+00	0.0000E+00	8.9137E-01
3.2830E+03	0.0000E+00	0.0000E+00	8.8778E-01
3.2840E+03	0.0000E+00	0.0000E+00	8.9058E-01
3.2850E+03	0.0000E+00	0.0000E+00	8.8557E-01
3.2860E+03	0.0000E+00	0.0000E+00	8.8411E-01
3.2870E+03	0.0000E+00	0.0000E+00	8.8122E-01
3.2880E+03	0.0000E+00	0.0000E+00	8.8026E-01
3.2890E+03	0.0000E+00	0.0000E+00	8.8105E-01
3.2900E+03	0.0000E+00	0.0000E+00	8.8020E-01
3.2910E+03	0.0000E+00	0.0000E+00	8.8075E-01
3.2920E+03	0.0000E+00	0.0000E+00	8.8151E-01
3.2930E+03	0.0000E+00	0.0000E+00	8.8147E-01
3.2940E+03	0.0000E+00	0.0000E+00	8.8498E-01
3.2950E+03	0.0000E+00	0.0000E+00	8.8558E-01
3.2960E+03	0.0000E+00	0.0000E+00	8.8573E-01
3.2970E+03	0.0000E+00	0.0000E+00	8.9138E-01
3.2980E+03	0.0000E+00	0.0000E+00	8.9014E-01
3.2990E+03	0.0000E+00	0.0000E+00	8.9053E-01
3.3000E+03	0.0000E+00	0.0000E+00	8.9225E-01
3.3010E+03	0.0000E+00	0.0000E+00	8.9034E-01
3.3020E+03	0.0000E+00	0.0000E+00	8.9127E-01
3.3030E+03	0.0000E+00	0.0000E+00	8.8907E-01
3.3040E+03	0.0000E+00	0.0000E+00	8.9046E-01
3.3050E+03	0.0000E+00	0.0000E+00	8.9234E-01
3.3060E+03	0.0000E+00	0.0000E+00	8.8982E-01
3.3070E+03	0.0000E+00	0.0000E+00	8.8699E-01
3.3080E+03	0.0000E+00	0.0000E+00	8.8569E-01
3.3090E+03	0.0000E+00	0.0000E+00	8.8578E-01
3.3100E+03	0.0000E+00	0.0000E+00	8.8607E-01
3.3110E+03	0.0000E+00	0.0000E+00	8.8390E-01
3.3120E+03	0.0000E+00	0.0000E+00	8.8556E-01
3.3130E+03	0.0000E+00	0.0000E+00	8.8686E-01
3.3140E+03	0.0000E+00	0.0000E+00	8.8367E-01
3.3150E+03	0.0000E+00	0.0000E+00	8.8735E-01
3.3160E+03	0.0000E+00	0.0000E+00	8.8468E-01
3.3170E+03	0.0000E+00	0.0000E+00	8.8795E-01
3.3180E+03	0.0000E+00	0.0000E+00	8.8719E-01
3.3190E+03	0.0000E+00	0.0000E+00	8.9143E-01
3.3200E+03	0.0000E+00	0.0000E+00	8.8957E-01
3.3210E+03	0.0000E+00	0.0000E+00	8.8783E-01
3.3220E+03	0.0000E+00	0.0000E+00	8.8744E-01
3.3230E+03	0.0000E+00	0.0000E+00	8.8778E-01
3.3240E+03	0.0000E+00	0.0000E+00	8.8936E-01
3.3250E+03	0.0000E+00	0.0000E+00	8.9176E-01
3.3260E+03	0.0000E+00	0.0000E+00	8.8996E-01
3.3270E+03	0.0000E+00	0.0000E+00	8.9006E-01
3.3280E+03	0.0000E+00	0.0000E+00	8.9057E-01
3.3290E+03	0.0000E+00	0.0000E+00	8.9103E-01
3.3300E+03	0.0000E+00	0.0000E+00	8.8767E-01
3.3310E+03	0.0000E+00	0.0000E+00	8.8692E-01
3.3320E+03	0.0000E+00	0.0000E+00	8.8503E-01
3.3330E+03	0.0000E+00	0.0000E+00	8.8590E-01
3.3340E+03	0.0000E+00	0.0000E+00	8.8424E-01
3.3350E+03	0.0000E+00	0.0000E+00	8.8183E-01
3.3360E+03	0.0000E+00	0.0000E+00	8.8334E-01
3.3370E+03	0.0000E+00	0.0000E+00	8.8343E-01
3.3380E+03	0.0000E+00	0.0000E+00	8.8759E-01
3.3390E+03	0.0000E+00	0.0000E+00	8.8677E-01
3.3400E+03	0.0000E+00	0.0000E+00	8.8640E-01
3.3410E+03	0.0000E+00	0.0000E+00	8.8503E-01
3.3420E+03	0.0000E+00	0.0000E+00	8.8923E-01
3.3430E+03	0.0000E+00	0.0000E+00	8.9111E-01
3.3440E+03	0.0000E+00	0.0000E+00	8.8862E-01
3.3450E+03	0.0000E+00	0.0000E+00	8.9053E-01
3.3460E+03	0.0000E+00	0.0000E+00	8.9218E-01
3.3470E+03	0.0000E+00	0.0000E+00	8.9082E-01
3.3480E+03	0.0000E+00	0.0000E+00	8.8831E-01
3.3490E+03	0.0000E+00	0.0000E+00	8.8860E-01
3.3500E+03	0.0000E+00	0.0000E+00	8.9371E-01
3.3510E+03	0.0000E+00	0.0000E+00	8.9263E-01
3.3520E+03	0.0000E+00	0.0000E+00	8.9123E-01
3.3530E+03	0.0000E+00	0.0000E+00	8.9341E-01
3.3540E+03	0.0000E+00	0.0000E+00	8.8915E-01
3.3550E+03	0.0000E+00	0.0000E+00	8.9189E-01
3.3560E+03	0.0000E+00	0.0000E+00	8.9105E-01
3.3570E+03	0.0000E+00	0.0000E+00	8.9055E-01
3.3580E+03	0.0000E+00	0.0000E+00	8.8882E-01
3.3590E+03	0.0000E+00	0.0000E+00	8.8692E-01
3.3600E+03	0.0000E+00	0.0000E+00	8.8939E-01
3.3610E+03	0.0000E+00	0.0000E+00	8.8820E-01
3.3620E+03	0.0000E+00	0.0000E+00	8.8929E-01
3.3630E+03	0.0000E+00	0.0000E+00	8.8945E-01
3.3640E+03	0.0000E+00	0.0000E+00	8.9117E-01
3.3650E+03	0.0000E+00	0.0000E+00	8.8849E-01
3.3660E+03	0.0000E+00	0.0000E+00	8.8623E-01
3.3670E+03	0.0000E+00	0.0000E+00	8.8745E-01
3.3680E+03	0.0000E+00	0.0000E+00	8.8656E-01
3.3690E+03	0.0000E+00	0.0000E+00	8.8874E-01
3.3700E+03	0.0000E+00	0.0000E+00	8.8981E-01
3.3710E+03	0.0000E+00	0.0000E+00	8.8942E-01
3.3720E+03	0.0000E+00	0.0000E+00	8.8861E-01
3.3730E+03	0.0000E+00	0.0000E+00	8.9036E-01
3.3740E+03	0.0000E+00	0.0000E+00	8.9169E-01
3.3750E+03	0.0000E+00	0.0000E+00	8.9116E-01
3.3760E+03	0.0000E+00	0.0000E+00	8.9382E-01
3.3770E+03	0.0000E+00	0.0000E+00	8.9311E-01
3.3780E+03	0.0000E+00	0.0000E+00	8.9167E-01
3.3790E+03	0.0000E+00	0.0000E+00	8.8947E-01
3.3800E+03	0.0000E+00	0.0000E+00	8.9062E-01
3.3810E+03	0.0000E+00	0.0000E+00	8.8856E-01
3.3820E+03	0.0000E+00	0.0000E+00	8.8383E-01
3.3830E+03	0.0000E+00	0.0000E+00	8.8388E-01
3.3840E+03	0.0000E+00	0.0000E+00	8.8227E-01
3.3850E+03	0.0000E+00	0.0000E+00	8.8563E-01
3.3860E+03	0.0000E+00	0.0000E+00	8.8562E-01
3.3870E+03	0.0000E+00	0.0000E+00	8.8422E-01
3.3880E+03	0.0000E+00	0.0000E+00	8.8560E-01
3.3890E+03	0.0000E+00	0.0000E+00	8.8965E-01
3.3900E+03	0.0000E+00	0.0000E+00	8.9070E-01
3.3910E+03	0.0000E+00	0.0000E+00	8.9066E-01
3.3920E+03	0.0000E+00	0.0000E+00	8.8899E-01
3.3930E+03	0.0000E+00	0.0000E+00	8.9029E-01
3.3940E+03	0.0000E+00	0.0000E+00	8.9115E-01
3.3950E+03	0.0000E+00	0.0000E+00	8.9265E-01
3.3960E+03	0.0000E+00	0.0000E+00	8.9316E-01
3.3970E+03	0.0000E+00	0.0000E+00	8.9294E-01
3.3980E+03	0.0000E+00	0.0000E+00	8.9475E-01
3.3990E+03	0.0000E+00	0.0000E+00	8.9241E-01
3.4000E+03	0.0000E+00	0.0000E+00	8.9340E-01
3.4010E+03	0.0000E+00	0.0000E+00	8.8947E-01
3.4020E+03	0.0000E+00	0.0000E+00	8.8998E-01
3.4030E+03	0.0000E+00	0.0000E+00	8.8836E-01
3.4040E+03	0.0000E+00	0.0000E+00	8.8566E-01
3.4050E+03	0.0000E+00	0.0000E+00	8.8586E-01
3.4060E+03	0.0000E+00	0.0000E+00	8.8269E-01
3.4070E+03	0.0000E+00	0.0000E+00	8.8095E-01
3.4080E+03	0.0000E+00	0.0000E+00	8.8461E-01
3.4090E+03	0.0000E+00	0.0000E+00	8.8168E-01
3.4100E+03	0.0000E+00	0.0000E+00	8.8256E-01
3.4110E+03	0.0000E+00	0.0000E+00	8.8314E-01
3.4120E+03	0.0000E+00	0.0000E+00	8.8317E-01
3.4130E+03	0.0000E+00	0.0000E+00	8.8405E-01
3.4140E+03	0.0000E+00	0.0000E+00	8.8472E-01
3.4150E+03	0.0000E+00	0.0000E+00	8.8329E-01
3.4160E+03	0.0000E+00	0.0000E+00	8.8349E-01
3.4170E+03	0.0000E+00	0.0000E+00	8.8612E-01
3.4180E+03	0.0000E+00	0.0000E+00	8.8718E-01
3.4190E+03	0.0000E+00	0.0000E+00	8.8917E-01
3.4200E+03	0.0000E+00	0.0000E+00	8.8958E-01
3.4210E+03	0.0000E+00	0.0000E+00	8.8680E-01
3.4220E+03	0.0000E+00	0.0000E+00	8.8958E-01
3.4230E+03	0.0000E+00	0.0000E+00	8.8698E-01
3.4240E+03	0.0000E+00	0.0000E+00	8.9437E-01
3.4250E+03	0.0000E+00	0.0000E+00	8.9199E-01
3.4260E+03	0.0000E+00	0.0000E+00	8.9259E-01
3.4270E+03	0.0000E+00	0.0000E+00	8.9092E-01
3.4280E+03	0.0000E+00	0.0000E+00	8.8858E-01
3.4290E+03	0.0000E+00	0.0000E+00	8.8644E-01
3.4300E+03	0.0000E+00	0.0000E+00	8.8567E-01
3.4310E+03	0.0000E+00	0.0000E+00	8.8382E-01
3.4320E+03	0.0000E+00	0.0000E+00	8.8539E-01
3.4330E+03	0.0000E+00	0.0000E+00	8.8556E-01
3.4340E+03	0.0000E+00	0.0000E+00	8.8552E-01
3.4350E+03	0.0000E+00	0.0000E+00	8.8507E-01
3.4360E+03	0.0000E+00	0.0000E+00	8.8643E-01
3.4370E+03	0.0000E+00	0.0000E+00	8.8582E-01
3.4380E+03	0.0000E+00	0.0000E+00	8.8406E-01
3.4390E+03	0.0000E+00	0.0000E+00	8.8603E-01
3.4400E+03	0.0000E+00	0.0000E+00	8.8527E-01
3.4410E+03	0.0000E+00	0.0000E+00	8.8746E-01
3.4420E+03	0.0000E+00	0.0000E+00	8.8952E-01
3.4430E+03	0.0000E+00	0.0000E+00	8.8896E-01
3.4440E+03	0.0000E+00	0.0000E+00	8.8884E-01
3.4450E+03	0.0000E+00	0.0000E+00	8.9122E-01
3.4460E+03	0.0000E+00	0.0000E+00	8.8862E-01
3.4470E+03	0.0000E+00	0.0000E+00	8.8875E-01
3.4480E+03	0.0000E+00	0.0000E+00	8.8856E-01
3.4490E+03	0.0000E+00	0.0000E+00	8.8784E-01
3.4500E+03	0.0000E+00	0.0000E+00	8.8914E-01
3.4510E+03	0.0000E+00	0.0000E+00	8.8433E-01
3.4520E+03	0.0000E+00	0.0000E+00	8.8398E-01
3.4530E+03	0.0000E+00	0.0000E+00	8.8246E-01
3.4540E+03	0.0000E+00	0.0000E+00	8.8041E-01
3.4550E+03	0.0000E+00	0.0000E+00	8.7738E-01
3.4560E+03	0.0000E+00	0.0000E+00	8.7666E-01
3.4570E+03	0.0000E+00	0.0000E+00	8.7864E-01
3.4580E+03	0.0000E+00	0.0000E+00	8.7837E-01
3.4590E+03	0.0000E+00	0.0000E+00	8.7753E-01
3.4600E+03	0.0000E+00	0.0000E+00	8.7681E-01
3.4610E+03	0.0000E+00	0.0000E+00	8.7910E-01
3.4620E+03	0.0000E+00	0.0000E+00	8.7732E-01
3.4630E+03	0.0000E+00	0.0000E+00	8.7804E-01
3.4640E+03	0.0000E+00	0.0000E+00	8.7684E-01
3.4650E+03	0.0000E+00	0.0000E+00	8.8091E-01
3.4660E+03	0.0000E+00	0.0000E+00	8.8366E-01
3.4670E+03	0.0000E+00	0.0000E+00	8.8216E-01
3.4680E+03	0.0000E+00	0.0000E+00	8.8483E-01
3.4690E+03	0.0000E+00	0.0000E+00	8.8289E-01
3.4700E+03	0.0000E+00	0.0000E+00	8.8173E-01
3.4710E+03	0.0000E+00	0.0000E+00	8.8285E-01
3.4720E+03	0.0000E+00	0.0000E+00	8.8544E-01
3.4730E+03	0.0000E+00	0.0000E+00	8.8483E-01
3.4740E+03	0.0000E+00	0.0000E+00	8.8662E-01
3.4750E+03	0.0000E+00	0.0000E+00	8.8408E-01
3.4760E+03	0.0000E+00	0.0000E+00	8.8127E-01
3.4770E+03	0.0000E+00	0.0000E+00	8.8181E-01
3.4780E+03	0.0000E+00	0.0000E+00	8.8100E-01
3.4790E+03	0.0000E+00	0.0000E+00	8.7648E-01
3.4800E+03	0.0000E+00	0.0000E+00	8.7723E-01
3.4810E+03	0.0000E+00	0.0000E+00	8.7602E-01
3.4820E+03	0.0000E+00	0.0000E+00	8.7554E-01
3.4830E+03	0.0000E+00	0.0000E+00	8.7709E-01
3.4840E+03	0.0000E+00	0.0000E+00	8.7816E-01
3.4850E+03	0.0000E+00	0.0000E+00	8.7866E-01
3.4860E+03	0.0000E+00	0.0000E+00	8.7919E-01
3.4870E+03	0.0000E+00	0.0000E+00	8.7545E-01
3.4880E+03	0.0000E+00	0.0000E+00	8.8050E-01
3.4890E+03	0.0000E+00	0.0000E+00	8.7837E-01
3.4900E+03	0.0000E+00	0.0000E+00	8.8129E-01
3.4910E+03	0.0000E+00	0.0000E+00	8.8005E-01
3.4920E+03	0.0000E+00	0.0000E+00	8.8238E-01
3.4930E+03	0.0000E+00	0.0000E+00	8.7959E-01
3.4940E+03	0.0000E+00	0.0000E+00	8.8282E-01
3.4950E+03	0.0000E+00	0.0000E+00	8.8256E-01
3.4960E+03	0.0000E+00	0.0000E+00	8.8047E-01
3.4970E+03	0.0000E+00	0.0000E+00	8.8073E-01
3.4980E+03	0.0000E+00	0.0000E+00	8.8119E-01
3.4990E+03	0.0000E+00	0.0000E+00	8.8368E-01
3.5000E+03	0.0000E+00	0.0000E+00	8.7593E-01
3.5010E+03	0.0000E+00	0.0000E+00	8.7717E-01
3.5020E+03	0.0000E+00	0.0000E+00	8.7799E-01
3.5030E+03	0.0000E+00	0.0000E+00	8.7544E-01
3.5040E+03	0.0000E+00	0.0000E+00	8.7759E-01
3.5050E+03	0.0000E+00	0.0000E+00	8.7605E-01
3.5060E+03	0.0000E+00	0.0000E+00	8.7615E-01
3.5070E+03	0.0000E+00	0.0000E+00	8.7436E-01
3.5080E+03	0.0000E+00	0.0000E+00	8.7490E-01
3.5090E+03	0.0000E+00	0.0000E+00	8.7287E-01
3.5100E+03	0.0000E+00	0.0000E+00	8.7236E-01
3.5110E+03	0.0000E+00	0.0000E+00	8.7429E-01
3.5120E+03	0.0000E+00	0.0000E+00	8.7346E-01
3.5130E+03	0.0000E+00	0.0000E+00	8.7539E-01
3.5140E+03	0.0000E+00	0.0000E+00	8.7415E-01
3.5150E+03	0.0000E+00	0.0000E+00	8.7776E-01
3.5160E+03	0.0000E+00	0.0000E+00	8.7719E-01
3.5170E+03	0.0000E+00	0.0000E+00	8.7804E-01
3.5180E+03	0.0000E+00	0.0000E+00	8.7583E-01
3.5190E+03	0.0000E+00	0.0000E+00	8.7839E-01
3.5200E+03	0.0000E+00	0.0000E+00	8.7653E-01
3.5210E+03	0.0000E+00	0.0000E+00	8.8149E-01
3.5220E+03	0.0000E+00	0.0000E+00	8.7872E-01
3.5230E+03	0.0000E+00	0.0000E+00	8.8061E-01
3.5240E+03	0.0000E+00	0.0000E+00	8.7781E-01
3.5250E+03	0.0000E+00	0.0000E+00	8.7178E-01
3.5260E+03	0.0000E+00	0.0000E+00	8.7280E-01
3.5270E+03	0.0000E+00	0.0000E+00	8.7017E-01
3.5280E+03	0.0000E+00	0.0000E+00	8.7008E-01
3.5290E+03	0.0000E+00	0.0000E+00	8.6902E-01
3.5300E+03	0.0000E+00	0.0000E+00	8.7057E-01
3.5310E+03	0.0000E+00	0.0000E+00	8.6711E-01
3.5320E+03	0.0000E+00	0.0000E+00	8.6854E-01
3.5330E+03	0.0000E+00	0.0000E+00	8.6799E-01
3.5340E+03	0.0000E+00	0.0000E+00	8.6936E-01
3.5350E+03	0.0000E+00	0.0000E+00	8.6768E-01
3.5360E+03	0.0000E+00	0.0000E+00	8.6502E-01
3.5370E+03	0.0000E+00	0.0000E+00	8.7060E-01
3.5380E+03	0.0000E+00	0.0000E+00	8.7418E-01
3.5390E+03	0.0000E+00	0.0000E+00	8.7466E-01
3.5400E+03	0.0000E+00	0.0000E+00	8.7505E-01
3.5410E+03	0.0000E+00	0.0000E+00	8.7586E-01
3.5420E+03	0.0000E+00	0.0000E+00	8.7486E-01
3.5430E+03	0.0000E+00	0.0000E+00	8.7381E-01
3.5440E+03	0.0000E+00	0.0000E+00	8.7787E-01
3.5450E+03	0.0000E+00	0.0000E+00	8.8027E-01
3.5460E+03	0.0000E+00	0.0000E+00	8.7822E-01
3.5470E+03	0.0000E+00	0.0000E+00	8.7700E-01
3.5480E+03	0.0000E+00	0.0000E+00	8.7194E-01
3.5490E+03	0.0000E+00	0.0000E+00	8.7174E-01
3.5500E+03	0.0000E+00	0.0000E+00	8.6983E-01
3.5510E+03	0.0000E+00	0.0000E+00	8.6760E-01
3.5520E+03	0.0000E+00	0.0000E+00	8.6671E-01
3.5530E+03	0.0000E+00	0.0000E+00	8.6702E-01
3.5540E+03	0.0000E+00	0.0000E+00	8.6500E-01
3.5550E+03	0.0000E+00	0.0000E+00	8.6484E-01
3.5560E+03	0.0000E+00	0.0000E+00	8.6278E-01
3.5570E+03	0.0000E+00	0.0000E+00	8.6365E-01
3.5580E+03	0.0000E+00	0.0000E+00	8.6576E-01
3.5590E+03	0.0000E+00	0.0000E+00	8.6380E-01
3.5600E+03	0.0000E+00	0.0000E+00	8.6506E-01
3.5610E+03	0.0000E+00	0.0000E+00	8.6693E-01
3.5620E+03	0.0000E+00	0.0000E+00	8.7204E-01
3.5630E+03	0.0000E+00	0.0000E+00	8.7164E-01
3.5640E+03	0.0000E+00	0.0000E+00	8.6951E-01
3.5650E+03	0.0000E+00	0.0000E+00	8.6887E-01
3.5660E+03	0.0000E+00	0.0000E+00	8.7090E-01
3.5670E+03	0.0000E+00	0.0000E+00	8.7186E-01
3.5680E+03	0.0000E+00	0.0000E+00	8.7235E-01
3.5690E+03	0.0000E+00	0.0000E+00	8.7377E-01
3.5700E+03	0.0000E+00	0.0000E+00	8.7516E-01
3.5710E+03	0.0000E+00	0.0000E+00	8.7394E-01
3.5720E+03	0.0000E+00	0.0000E+00	8.7427E-01
3.5730E+03	0.0000E+00	0.0000E+00	8.7096E-01
3.5740E+03	0.0000E+00	0.0000E+00	8.6872E-01
3.5750E+03	0.0000E+00	0.0000E+00	8.6514E-01
3.5760E+03	0.0000E+00	0.0000E+00	8.6478E-01
3.5770E+03	0.0000E+00	0.0000E+00	8.6430E-01
3.5780E+03	0.0000E+00	0.0000E+00	8.6764E-01
3.5790E+03	0.0000E+00	0.0000E+00	8.6671E-01
3.5800E+03	0.0000E+00	0.0000E+00	8.6621E-01
3.5810E+03	0.0000E+00	0.0000E+00	8.6531E-01
3.5820E+03	0.0000E+00	0.0000E+00	8.6559E-01
3.5830E+03	0.0000E+00	0.0000E+00	8.6830E-01
3.5840E+03	0.0000E+00	0.0000E+00	8.6459E-01
3.5850E+03	0.0000E+00	0.0000E+00	8.6640E-01
3.5860E+03	0.0000E+00	0.0000E+00	8.7083E-01
3.5870E+03	0.0000E+00	0.0000E+00	8.6805E-01
3.5880E+03	0.0000E+00	0.0000E+00	8.7030E-01
3.5890E+03	0.0000E+00	0.0000E+00	8.6959E-01
3.5900E+03	0.0000E+00	0.0000E+00	8.7165E-01
3.5910E+03	0.0000E+00	0.0000E+00	8.7446E-01
3.5920E+03	0.0000E+00	0.0000E+00	8.7408E-01
3.5930E+03	0.0000E+00	0.0000E+00	8.7516E-01
3.5940E+03	0.0000E+00	0.0000E+00	8.7436E-01
3.5950E+03	0.0000E+00	0.0000E+00	8.7243E-01
3.5960E+03	0.0000E+00	0.0000E+00	8.6986E-01
3.5970E+03	0.0000E+00	0.0000E+00	8.6747E-01
3.5980E+03	0.0000E+00	0.0000E+00	8.6668E-01
3.5990E+03	0.0000E+00	0.0000E+00	8.6862E-01
3.6000E+03	0.0000E+00	0.0000E+00	8.6725E-01
3.6010E+03	0.0000E+00	0.0000E+00	8.6878E-01
3.6020E+03	0.0000E+00	0.0000E+00	8.6973E-01
3.6030E+03	0.0000E+00	0.0000E+00	8.6735E-01
3.6040E+03	0.0000E+00	0.0000E+00	8.6865E-01
3.6050E+03	0.0000E+00	0.0000E+00	8.6762E-01
3.6060E+03	0.0000E+00	0.0000E+00	8.6650E-01
3.6070E+03	0.0000E+00	0.0000E+00	8.6737E-01
3.6080E+03	0.0000E+00	0.0000E+00	8.7056E-01
3.6090E+03	0.0000E+00	0.0000E+00	8.6845E-01
3.6100E+03	0.0000E+00	0.0000E+00	8.6730E-01
3.6110E+03	0.0000E+00	0.0000E+00	8.6892E-01
3.6120E+03	0.0000E+00	0.0000E+00	8.6859E-01
3.6130E+03	0.0000E+00	0.0000E+00	8.7062E-01
3.6140E+03	0.0000E+00	0.0000E+00	8.7063E-01
3.6150E+03	0.0000E+00	0.0000E+00	8.6849E-01
3.6160E+03	0.0000E+00	0.0000E+00	8.6742E-01
3.6170E+03	0.0000E+00	0.0000E+00	8.7074E-01
3.6180E+03	0.0000E+00	0.0000E+00	8.7257E-01
3.6190E+03	0.0000E+00	0.0000E+00	8.7163E-01
3.6200E+03	0.0000E+00	0.0000E+00	8.6967E-01
3.6210E+03	0.0000E+00	0.0000E+00	8.6871E-01
3.6220E+03	0.0000E+00	0.0000E+00	8.6939E-01
3.6230E+03	0.0000E+00	0.0000E+00	8.6556E-01
3.6240E+03	0.0000E+00	0.0000E+00	8.6416E-01
3.6250E+03	0.0000E+00	0.0000E+00	8.6285E-01
3.6260E+03	0.0000E+00	0.0000E+00	8.6216E-01
3.6270E+03	0.0000E+00	0.0000E+00	8.6297E-01
3.6280E+03	0.0000E+00	0.0000E+00	8.6325E-01
3.6290E+03	0.0000E+00	0.0000E+00	8.6290E-01
3.6300E+03	0.0000E+00	0.0000E+00	8.6161E-01
3.6310E+03	0.0000E+00	0.0000E+00	8.6409E-01
3.6320E+03	0.0000E+00	0.0000E+00	8.6478E-01
3.6330E+03	0.0000E+00	0.0000E+00	8.6403E-01
3.6340E+03	0.0000E+00	0.0000E+00	8.6592E-01
3.6350E+03	0.0000E+00	0.0000E+00	8.6695E-01
3.6360E+03	0.0000E+00	0.0000E+00	8.7211E-01
3.6370E+03	0.0000E+00	0.0000E+00	8.7098E-01
3.6380E+03	0.0000E+00	0.0000E+00	8.7301E-01
3.6390E+03	0.0000E+00	0.0000E+00	8.7343E-01
3.6400E+03	0.0000E+00	0.0000E+00	8.7163E-01
3.6410E+03	0.0000E+00	0.0000E+00	8.7468E-01
3.6420E+03	0.0000E+00	0.0000E+00	8.7539E-01
3.6430E+03	0.0000E+00	0.0000E+00	8.7612E-01
3.6440E+03	0.0000E+00	0.0000E+00	8.7472E-01
3.6450E+03	0.0000E+00	0.0000E+00	8.7488E-01
3.6460E+03	0.0000E+00	0.0000E+00	8.7921E-01
3.6470E+03	0.0000E+00	0.0000E+00	8.7825E-01
3.6480E+03	0.0000E+00	0.0000E+00	8.7849E-01
3.6490E+03	0.0000E+00	0.0000E+00	8.7660E-01
3.6500E+03	0.0000E+00	0.0000E+00	8.7764E-01
3.6510E+03	0.0000E+00	0.0000E+00	8.7643E-01
3.6520E+03	0.0000E+00	0.0000E+00	8.7622E-01
3.6530E+03	0.0000E+00	0.0000E+00	8.7326E-01
3.6540E+03	0.0000E+00	0.0000E+00	8.7605E-01
3.6550E+03	0.0000E+00	0.0000E+00	8.7553E-01
3.6560E+03	0.0000E+00	0.0000E+00	8.7535E-01
3.6570E+03	0.0000E+00	0.0000E+00	8.7151E-01
3.6580E+03	0.0000E+00	0.0000E+00	8.7441E-01
3.6590E+03	0.0000E+00	0.0000E+00	8.7606E-01
3.6600E+03	0.0000E+00	0.0000E+00	8.7201E-01
3.6610E+03	0.0000E+00	0.0000E+00	8.7350E-01
3.6620E+03	0.0000E+00	0.0000E+00	8.7204E-01
3.6630E+03	0.0000E+00	0.0000E+00	8.7368E-01
3.6640E+03	0.0000E+00	0.0000E+00	8.7229E-01
3.6650E+03	0.0000E+00	0.0000E+00	8.7363E-01
3.6660E+03	0.0000E+00	0.0000E+00	8.7291E-01
3.6670E+03	0.0000E+00	0.0000E+00	8.7119E-01
3.6680E+03	0.0000E+00	0.0000E+00	8.7003E-01
3.6690E+03	0.0000E+00	0.0000E+00	8.6589E-01
3.6700E+03	0.0000E+00	0.0000E+00	8.6332E-01
3.6710E+03	0.0000E+00	0.0000E+00	8.6406E-01
3.6720E+03	0.0000E+00	0.0000E+00	8.6705E-01
3.6730E+03	0.0000E+00	0.0000E+00	8.6777E-01
3.6740E+03	0.0000E+00	0.0000E+00	8.6511E-01
3.6750E+03	0.0000E+00	0.0000E+00	8.6518E-01
3.6760E+03	0.0000E+00	0.0000E+00	8.6299E-01
3.6770E+03	0.0000E+00	0.0000E+00	8.6430E-01
3.6780E+03	0.0000E+00	0.0000E+00	8.6262E-01
3.6790E+03	0.0000E+00	0.0000E+00	8.6387E-01
3.6800E+03	0.0000E+00	0.0000E+00	8.6218E-01
3.6810E+03	0.0000E+00	0.0000E+00	8.6502E-01
3.6820E+03	0.0000E+00	0.0000E+00	8.6577E-01
3.6830E+03	0.0000E+00	0.0000E+00	8.6863E-01
3.6840E+03	0.0000E+00	0.0000E+00	8.6823E-01
3.6850E+03	0.0000E+00	0.0000E+00	8.6976E-01
3.6860E+03	0.0000E+00	0.0000E+00	8.6970E-01
3.6870E+03	0.0000E+00	0.0000E+00	8.7148E-01
3.6880E+03	0.0000E+00	0.0000E+00	8.6836E-01
3.6890E+03	0.0000E+00	0.0000E+00	8.6863E-01
3.6900E+03	0.0000E+00	0.0000E+00	8.6955E-01
3.6910E+03	0.0000E+00	0.0000E+00	8.7063E-01
3.6920E+03	0.0000E+00	0.0000E+00	8.6797E-01
3.6930E+03	0.0000E+00	0.0000E+00	8.6616E-01
3.6940E+03	0.0000E+00	0.0000E+00	8.6334E-01
3.6950E+03	0.0000E+00	0.0000E+00	8.6641E-01
3.6960E+03	0.0000E+00	0.0000E+00	8.6626E-01
3.6970E+03	0.0000E+00	0.0000E+00	8.6467E-01
3.6980E+03	0.0000E+00	0.0000E+00	8.6354E-01
3.6990E+03	0.0000E+00	0.0000E+00	8.6303E-01
3.7000E+03	0.0000E+00	0.0000E+00	8.6362E-01
3.7010E+03	0.0000E+00	0.0000E+00	8.6397E-01
3.7020E+03	0.0000E+00	0.0000E+00	8.6222E-01
3.7030E+03	0.0000E+00	0.0000E+00	8.6073E-01
3.7040E+03	0.0000E+00	0.0000E+00	8.5992E-01
3.7050E+03	0.0000E+00	0.0000E+00	8.6188E-01
3.7060E+03	0.0000E+00	0.0000E+00	8.6602E-01
3.7070E+03	0.0000E+00	0.0000E+00	8.6681E-01
3.7080E+03	0.0000E+00	0.0000E+00	8.6615E-01
3.7090E+03	0.0000E+00	0.0000E+00	8.6876E-01
3.7100E+03	0.0000E+00	0.0000E+00	8.6816E-01
3.7110E+03	0.0000E+00	0.0000E+00	8.6665E-01
3.7120E+03	0.0000E+00	0.0000E+00	8.6862E-01
3.7130E+03	0.0000E+00	0.0000E+00	8.6695E-01
3.7140E+03	0.0000E+00	0.0000E+00	8.7066E-01
3.7150E+03	0.0000E+00	0.0000E+00	8.6752E-01
3.7160E+03	0.0000E+00	0.0000E+00	8.6716E-01
3.7170E+03	0.0000E+00	0.0000E+00	8.6522E-01
3.7180E+03	0.0000E+00	0.0000E+00	8.6110E-01
3.7190E+03	0.0000E+00	0.0000E+00	8.6264E-01
3.7200E+03	0.0000E+00	0.0000E+00	8.5819E-01
3.7210E+03	0.0000E+00	0.0000E+00	8.5770E-01
3.7220E+03	0.0000E+00	0.0000E+00	8.6052E-01
3.7230E+03	0.0000E+00	0.0000E+00	8.5979E-01
3.7240E+03	0.0000E+00	0.0000E+00	8.5848E-01
3.7250E+03	0.0000E+00	0.0000E+00	8.5765E-01
3.7260E+03	0.0000E+00	0.0000E+00	8.5820E-01
3.7270E+03	0.0000E+00	0.0000E+00	8.5628E-01
3.7280E+03	0.0000E+00	0.0000E+00	8.5395E-01
3.7290E+03	0.0000E+00	0.0000E+00	8.6044E-01
3.7300E+03	0.0000E+00	0.0000E+00	8.5913E-01
3.7310E+03	0.0000E+00	0.0000E+00	8.6173E-01
3.7320E+03	0.0000E+00	0.0000E+00	8.6276E-01
3.7330E+03	0.0000E+00	0.0000E+00	8.6508E-01
3.7340E+03	0.0000E+00	0.0000E+00	8.6305E-01
3.7350E+03	0.0000E+00	0.0000E+00	8.6477E-01
3.7360E+03	0.0000E+00	0.0000E+00	8.6382E-01
3.7370E+03	0.0000E+00	0.0000E+00	8.6660E-01
3.7380E+03	0.0000E+00	0.0000E+00	8.6549E-01
3.7390E+03	0.0000E+00	0.0000E+00	8.6431E-01
3.7400E+03	0.0000E+00	0.0000E+00	8.6307E-01
3.7410E+03	0.0000E+00	0.0000E+00	8.6092E-01
3.7420E+03	0.0000E+00	0.0000E+00	8.5692E-01
3.7430E+03	0.0000E+00	0.0000E+00	8.5818E-01
3.7440E+03	0.0000E+00	0.0000E+00	8.5332E-01
3.7450E+03	0.0000E+00	0.0000E+00	8.5489E-01
3.7460E+03	0.0000E+00	0.0000E+00	8.5591E-01
3.7470E+03	0.0000E+00	0.0000E+00	8.5388E-01
3.7480E+03	0.0000E+00	0.0000E+00	8.5491E-01
3.7490E+03	0.0000E+00	0.0000E+00	8.4990E-01
3.7500E+03	0.0000E+00	0.0000E+00	8.5144E-01
3.7510E+03	0.0000E+00	0.0000E+00	8.4814E-01
3.7520E+03	0.0000E+00	0.0000E+00	8.5133E-01
3.7530E+03	0.0000E+00	0.0000E+00	8.5466E-01
3.7540E+03	0.0000E+00	0.0000E+00	8.5853E-01
3.7550E+03	0.0000E+00	0.0000E+00	8.6148E-01
3.7560E+03	0.0000E+00	0.0000E+00	8.5942E-01
3.7570E+03	0.0000E+00	0.0000E+00	8.6122E-01
3.7580E+03	0.0000E+00	0.0000E+00	8.5919E-01
3.7590E+03	0.0000E+00	0.0000E+00	8.5834E-01
3.7600E+03	0.0000E+00	0.0000E+00	8.6286E-01
3.7610E+03	0.0000E+00	0.0000E+00	8.6105E-01
3.7620E+03	0.0000E+00	0.0000E+00	8.6328E-01
3.7630E+03	0.0000E+00	0.0000E+00	8.5969E-01
3.7640E+03	0.0000E+00	0.0000E+00	8.5954E-01
3.7650E+03	0.0000E+00	0.0000E+00	8.5630E-01
3.7660E+03	0.0000E+00	0.0000E+00	8.5432E-01
3.7670E+03	0.0000E+00	0.0000E+00	8.5313E-01
3.7680E+03	0.0000E+00	0.0000E+00	8.5498E-01
3.7690E+03	0.0000E+00	0.0000E+00	8.5475E-01
3.7700E+03	0.0000E+00	0.0000E+00	8.5516E-01
3.7710E+03	0.0000E+00	0.0000E+00	8.5470E-01
3.7720E+03	0.0000E+00	0.0000E+00	8.5198E-01
3.7730E+03	0.0000E+00	0.0000E+00	8.5336E-01
3.7740E+03	0.0000E+00	0.0000E+00	8.5225E-01
3.7750E+03	0.0000E+00	0.0000E+00	8.5204E-01
3.7760E+03	0.0000E+00	0.0000E+00	8.5249E-01
3.7770E+03	0.0000E+00	0.0000E+00	8.5490E-01
3.7780E+03	0.0000E+00	0.0000E+00	8.5789E-01
3.7790E+03	0.0000E+00	0.0000E+00	8.5689E-01
3.7800E+03	0.0000E+00	0.0000E+00	8.5986E-01
3.7810E+03	0.0000E+00	0.0000E+00	8.6155E-01
3.7820E+03	0.0000E+00	0.0000E+00	8.6092E-01
3.7830E+03	0.0000E+00	0.0000E+00	8.6358E-01
3.7840E+03	0.0000E+00	0.0000E+00	8.6022E-01
3.7850E+03	0.0000E+00	0.0000E+00	8.6122E-01
3.7860E+03	0.0000E+00	0.0000E+00	8.6232E-01
3.7870E+03	0.0000E+00	0.0000E+00	8.6021E-01
3.7880E+03	0.0000E+00	0.0000E+00	8.5911E-01
3.7890E+03	0.0000E+00	0.0000E+00	8.5635E-01
3.7900E+03	0.0000E+00	0.0000E+00	8.5489E-01
3.7910E+03	0.0000E+00	0.0000E+00	8.5590E-01
3.7920E+03	0.0000E+00	0.0000E+00	8.5637E-01
3.7930E+03	0.0000E+00	0.0000E+00	8.5480E-01
3.7940E+03	0.0000E+00	0.0000E+00	8.5273E-01
3.7950E+03	0.0000E+00	0.0000E+00	8.5535E-01
3.7960E+03	0.0000E+00	0.0000E+00	8.5478E-01
3.7970E+03	0.0000E+00	0.0000E+00	8.5212E-01
3.7980E+03	0.0000E+00	0.0000E+00	8.5279E-01
3.7990E+03	0.0000E+00	0.0000E+00	8.5303E-01
3.8000E+03	0.0000E+00	0.0000E+00	8.5051E-01
3.8010E+03	0.0000E+00	0.0000E+00	8.5426E-01
3.8020E+03	0.0000E+00	0.0000E+00	8.5706E-01
3.8030E+03	0.0000E+00	0.0000E+00	8.5872E-01
3.8040E+03	0.0000E+00	0.0000E+00	8.5723E-01
3.8050E+03	0.0000E+00	0.0000E+00	8.5742E-01
3.8060E+03	0.0000E+00	0.0000E+00	8.5979E-01
3.8070E+03	0.0000E+00	0.0000E+00	8.6067E-01
3.8080E+03	0.0000E+00	0.0000E+00	8.6234E-01
3.8090E+03	0.0000E+00	0.0000E+00	8.6252E-01
3.8100E+03	0.0000E+00	0.0000E+00	8.5915E-01
3.8110E+03	0.0000E+00	0.0000E+00	8.6123E-01
3.8120E+03	0.0000E+00	0.0000E+00	8.5870E-01
3.8130E+03	0.0000E+00	0.0000E+00	8.5356E-01
3.8140E+03	0.0000E+00	0.0000E+00	8.5329E-01
3.8150E+03	0.0000E+00	0.0000E+00	8.5330E-01
3.8160E+03	0.0000E+00	0.0000E+00	8.5111E-01
3.8170E+03	0.0000E+00	0.0000E+00	8.5242E-01
3.8180E+03	0.0000E+00	0.0000E+00	8.5214E-01
3.8190E+03	0.0000E+00	0.0000E+00	8.5008E-01
3.8200E+03	0.0000E+00	0.0000E+00	8.4990E-01
3.8210E+03	0.0000E+00	0.0000E+00	8.4862E-01
3.8220E+03	0.0000E+00	0.0000E+00	8.4986E-01
3.8230E+03	0.0000E+00	0.0000E+00	8.5131E-01
3.8240E+03	0.0000E+00	0.0000E+00	8.4561E-01
3.8250E+03	0.0000E+00	0.0000E+00	8.5406E-01
3.8260E+03	0.0000E+00	0.0000E+00	8.5492E-01
3.8270E+03	0.0000E+00	0.0000E+00	8.5311E-01
3.8280E+03	0.0000E+00	0.0000E+00	8.5836E-01
3.8290E+03	0.0000E+00	0.0000E+00	8.5693E-01
3.8300E+03	0.0000E+00	0.0000E+00	8.5886E-01
3.8310E+03	0.0000E+00	0.0000E+00	8.5681E-01
3.8320E+03	0.0000E+00	0.0000E+00	8.6183E-01
3.8330E+03	0.0000E+00	0.0000E+00	8.6059E-01
3.8340E+03	0.0000E+00	0.0000E+00	8.6077E-01
3.8350E+03	0.0000E+00	0.0000E+00	8.6060E-01
3.8360E+03	0.0000E+00	0.0000E+00	8.6008E-01
3.8370E+03	0.0000E+00	0.0000E+00	8.5611E-01
3.8380E+03	0.0000E+00	0.0000E+00	8.5362E-01
3.8390E+03	0.0000E+00	0.0000E+00	8.5581E-01
3.8400E+03	0.0000E+00	0.0000E+00	8.5663E-01
3.8410E+03	0.0000E+00	0.0000E+00	8.5398E-01
3.8420E+03	0.0000E+00	0.0000E+00	8.5312E-01
3.8430E+03	0.0000E+00	0.0000E+00	8.5165E-01
3.8440E+03	0.0000E+00	0.0000E+00	8.5230E-01
3.8450E+03	0.0000E+00	0.0000E+00	8.5041E-01
3.8460E+03	0.0000E+00	0.0000E+00	8.5174E-01
3.8470E+03	0.0000E+00	0.0000E+00	8.5089E-01
3.8480E+03	0.0000E+00	0.0000E+00	8.4868E-01
3.8490E+03	0.0000E+00	0.0000E+00	8.5369E-01
3.8500E+03	0.0000E+00	0.0000E+00	8.5327E-01
3.8510E+03	0.0000E+00	0.0000E+00	8.5582E-01
3.8520E+03	0.0000E+00	0.0000E+00	8.5597E-01
3.8530E+03	0.0000E+00	0.0000E+00	8.5822E-01
3.8540E+03	0.0000E+00	0.0000E+00	8.5878E-01
3.8550E+03	0.0000E+00	0.0000E+00	8.5860E-01
3.8560E+03	0.0000E+00	0.0000E+00	8.5905E-01
3.8570E+03	0.0000E+00	0.0000E+00	8.5893E-01
3.8580E+03	0.0000E+00	0.0000E+00	8.6097E-01
3.8590E+03	0.0000E+00	0.0000E+00	8.5957E-01
3.8600E+03	0.0000E+00	0.0000E+00	8.5617E-01
3.8610E+03	0.0000E+00	0.0000E+00	8.5533E-01
3.8620E+03	0.0000E+00	0.0000E+00	8.5121E-01
3.8630E+03	0.0000E+00	0.0000E+00	8.5287E-01
3.8640E+03	0.0000E+00	0.0000E+00	8.5486E-01
3.8650E+03	0.0000E+00	0.0000E+00	8.5544E-01
3.8660E+03	0.0000E+00	0.0000E+00	8.5368E-01
3.8670E+03	0.0000E+00	0.0000E+00	8.5133E-01
3.8680E+03	0.0000E+00	0.0000E+00	8.5051E-01
3.8690E+03	0.0000E+00	0.0000E+00	8.5287E-01
3.8700E+03	0.0000E+00	0.0000E+00	8.5078E-01
3.8710E+03	0.0000E+00	0.0000E+00	8.5170E-01
3.8720E+03	0.0000E+00	0.0000E+00	8.4915E-01
3.8730E+03	0.0000E+00	0.0000E+00	8.5210E-01
3.8740E+03	0.0000E+00	0.0000E+00	8.5465E-01
3.8750E+03	0.0000E+00	0.0000E+00	8.5497E-01
3.8760E+03	0.0000E+00	0.0000E+00	8.5531E-01
3.8770E+03	0.0000E+00	0.0000E+00	8.6114E-01
3.8780E+03	0.0000E+00	0.0000E+00	8.5857E-01
3.8790E+03	0.0000E+00	0.0000E+00	8.6003E-01
3.8800E+03	0.0000E+00	0.0000E+00	8.5842E-01
3.8810E+03	0.0000E+00	0.0000E+00	8.6113E-01
3.8820E+03	0.0000E+00	0.0000E+00	8.5884E-01
3.8830E+03	0.0000E+00	0.0000E+00	8.5896E-01
3.8840E+03	0.0000E+00	0.0000E+00	8.5790E-01
3.8850E+03	0.0000E+00	0.0000E+00	8.5711E-01
3.8860E+03	0.0000E+00	0.0000E+00	8.5371E-01
3.8870E+03	0.0000E+00	0.0000E+00	8.5720E-01
3.8880E+03	0.0000E+00	0.0000E+00	8.5592E-01
3.8890E+03	0.0000E+00	0.0000E+00	8.5728E-01
3.8900E+03	0.0000E+00	0.0000E+00	8.5486E-01
3.8910E+03	0.0000E+00	0.0000E+00	8.5494E-01
3.8920E+03	0.0000E+00	0.0000E+00	8.5323E-01
3.8930E+03	0.0000E+00	0.0000E+00	8.5206E-01
3.8940E+03	0.0000E+00	0.0000E+00	8.5221E-01
3.8950E+03	0.0000E+00	0.0000E+00	8.5159E-01
3.8960E+03	0.0000E+00	0.0000E+00	8.5138E-01
3.8970E+03	0.0000E+00	0.0000E+00	8.5497E-01
3.8980E+03	0.0000E+00	0.0000E+00	8.5665E-01
3.8990E+03	0.0000E+00	0.0000E+00	8.5700E-01
3.9000E+03	0.0000E+00	0.0000E+00	8.5761E-01
3.9010E+03	0.0000E+00	0.0000E+00	8.5976E-01
3.9020E+03	0.0000E+00	0.0000E+00	8.5918E-01
3.9030E+03	0.0000E+00	0.0000E+00	8.5864E-01
3.9040E+03	0.0000E+00	0.0000E+00	8.5874E-01
3.9050E+03	0.0000E+00	0.0000E+00	8.5747E-01
3.9060E+03	0.0000E+00	0.0000E+00	8.6024E-01
3.9070E+03	0.0000E+00	0.0000E+00	8.5893E-01
3.9080E+03	0.0000E+00	0.0000E+00	8.5881E-01
3.9090E+03	0.0000E+00	0.0000E+00	8.5960E-01
3.9100E+03	0.0000E+00	0.0000E+00	8.5505E-01
3.9110E+03	0.0000E+00	0.0000E+00	8.5336E-01
3.9120E+03	0.0000E+00	0.0000E+00	8.5440E-01
3.9130E+03	0.0000E+00	0.0000E+00	8.5698E-01
3.9140E+03	0.0000E+00	0.0000E+00	8.5588E-01
3.9150E+03	0.0000E+00	0.0000E+00	8.5088E-01
3.9160E+03	0.0000E+00	0.0000E+00	8.5230E-01
3.9170E+03	0.0000E+00	0.0000E+00	8.5382E-01
3.9180E+03	0.0000E+00	0.0000E+00	8.5209E-01
3.9190E+03	0.0000E+00	0.0000E+00	8.5164E-01
3.9200E+03	0.0000E+00	0.0000E+00	8.5030E-01
3.9210E+03	0.0000E+00	0.0000E+00	8.5383E-01
3.9220E+03	0.0000E+00	0.0000E+00	8.5329E-01
3.9230E+03	0.0000E+00	0.0000E+00	8.5630E-01
3.9240E+03	0.0000E+00	0.0000E+00	8.5241E-01
3.9250E+03	0.0000E+00	0.0000E+00	8.5589E-01
3.9260E+03	0.0000E+00	0.0000E+00	8.5609E-01
3.9270E+03	0.0000E+00	0.0000E+00	8.5640E-01
3.9280E+03	0.0000E+00	0.0000E+00	8.5682E-01
3.9290E+03	0.0000E+00	0.0000E+00	8.5704E-01
3.9300E+03	0.0000E+00	0.0000E+00	8.5607E-01
3.9310E+03	0.0000E+00	0.0000E+00	8.5778E-01
3.9320E+03	0.0000E+00	0.0000E+00	8.5924E-01
3.9330E+03	0.0000E+00	0.0000E+00	8.5548E-01
3.9340E+03	0.0000E+00	0.0000E+00	8.5313E-01
3.9350E+03	0.0000E+00	0.0000E+00	8.5171E-01
3.9360E+03	0.0000E+00	0.0000E+00	8.5255E-01
3.9370E+03	0.0000E+00	0.0000E+00	8.5102E-01
3.9380E+03	0.0000E+00	0.0000E+00	8.4663E-01
3.9390E+03	0.0000E+00	0.0000E+00	8.5052E-01
3.9400E+03	0.0000E+00	0.0000E+00	8.5231E-01
3.9410E+03	0.0000E+00	0.0000E+00	8.4878E-01
3.9420E+03	0.0000E+00	0.0000E+00	8.4826E-01
3.9430E+03	0.0000E+00	0.0000E+00	8.4864E-01
3.9440E+03	0.0000E+00	0.0000E+00	8.4524E-01
3.9450E+03	0.0000E+00	0.0000E+00	8.5151E-01
3.9460E+03	0.0000E+00	0.0000E+00	8.5010E-01
3.9470E+03	0.0000E+00	0.0000E+00	8.5198E-01
3.9480E+03	0.0000E+00	0.0000E+00	8.5553E-01
3.9490E+03	0.0000E+00	0.0000E+00	8.5253E-01
3.9500E+03	0.0000E+00	0.0000E+00	8.5318E-01
3.9510E+03	0.0000E+00	0.0000E+00	8.5480E-01
3.9520E+03	0.0000E+00	0.0000E+00	8.5352E-01
3.9530E+03	0.0000E+00	0.0000E+00	8.5577E-01
3.9540E+03	0.0000E+00	0.0000E+00	8.5576E-01
3.9550E+03	0.0000E+00	0.0000E+00	8.5432E-01
3.9560E+03	0.0000E+00	0.0000E+00	8.5294E-01
3.9570E+03	0.0000E+00	0.0000E+00	8.5064E-01
3.9580E+03	0.0000E+00	0.0000E+00	8.4971E-01
3.9590E+03	0.0000E+00	0.0000E+00	8.4990E-01
3.9600E+03	0.0000E+00	0.0000E+00	8.4712E-01
3.9610E+03	0.0000E+00	0.0000E+00	8.4817E-01
3.9620E+03	0.0000E+00	0.0000E+00	8.4864E-01
3.9630E+03	0.0000E+00	0.0000E+00	8.4900E-01
3.9640E+03	0.0000E+00	0.0000E+00	8.4691E-01
3.9650E+03	0.0000E+00	0.0000E+00	8.4719E-01
3.9660E+03	0.0000E+00	0.0000E+00	8.4553E-01
3.9670E+03	0.0000E+00	0.0000E+00	8.4650E-01
3.9680E+03	0.0000E+00	0.0000E+00	8.4460E-01
3.9690E+03	0.0000E+00	0.0000E+00	8.4976E-01
3.9700E+03	0.0000E+00	0.0000E+00	8.5115E-01
3.9710E+03	0.0000E+00	0.0000E+00	8.5116E-01
3.9720E+03	0.0000E+00	0.0000E+00	8.5415E-01
3.9730E+03	0.0000E+00	0.0000E+00	8.5423E-01
3.9740E+03	0.0000E+00	0.0000E+00	8.5468E-01
3.9750E+03	0.0000E+00	0.0000E+00	8.5298E-01
3.9760E+03	0.0000E+00	0.0000E+00	8.5571E-01
3.9770E+03	0.0000E+00	0.0000E+00	8.5759E-01
3.9780E+03	0.0000E+00	0.0000E+00	8.5453E-01
3.9790E+03	0.0000E+00	0.0000E+00	8.5531E-01
3.9800E+03	0.0000E+00	0.0000E+00	8.5177E-01
3.9810E+03	0.0000E+00	0.0000E+00	8.4793E-01
3.9820E+03	0.0000E+00	0.0000E+00	8.4874E-01
3.9830E+03	0.0000E+00	0.0000E+00	8.4719E-01
3.9840E+03	0.0000E+00	0.0000E+00	8.4557E-01
3.9850E+03	0.0000E+00	0.0000E+00	8.4393E-01
3.9860E+03	0.0000E+00	0.0000E+00	8.4530E-01
3.9870E+03	0.0000E+00	0.0000E+00	8.4415E-01
3.9880E+03	0.0000E+00	0.0000E+00	8.4566E-01
3.9890E+03	0.0000E+00	0.0000E+00	8.4824E-01
3.9900E+03	0.0000E+00	0.0000E+00	8.4826E-01
3.9910E+03	0.0000E+00	0.0000E+00	8.4855E-01
3.9920E+03	0.0000E+00	0.0000E+00	8.4486E-01
3.9930E+03	0.0000E+00	0.0000E+00	8.4840E-01
3.9940E+03	0.0000E+00	0.0000E+00	8.4626E-01
