TIME_UNITS h
DATA_UNITS m
!h  x   y   z
0.0000E+00	0.0000E+00	0.0000E+00	1.7667E+00
1.0000E+00	0.0000E+00	0.0000E+00	1.7667E+00
2.0000E+00	0.0000E+00	0.0000E+00	1.7863E+00
3.0000E+00	0.0000E+00	0.0000E+00	1.8028E+00
4.0000E+00	0.0000E+00	0.0000E+00	1.8214E+00
5.0000E+00	0.0000E+00	0.0000E+00	1.8380E+00
6.0000E+00	0.0000E+00	0.0000E+00	1.8542E+00
7.0000E+00	0.0000E+00	0.0000E+00	1.8688E+00
8.0000E+00	0.0000E+00	0.0000E+00	1.8678E+00
9.0000E+00	0.0000E+00	0.0000E+00	1.7682E+00
1.0000E+01	0.0000E+00	0.0000E+00	1.7620E+00
1.1000E+01	0.0000E+00	0.0000E+00	1.7206E+00
1.2000E+01	0.0000E+00	0.0000E+00	1.7362E+00
1.3000E+01	0.0000E+00	0.0000E+00	1.7425E+00
1.4000E+01	0.0000E+00	0.0000E+00	1.7428E+00
1.5000E+01	0.0000E+00	0.0000E+00	1.7505E+00
1.6000E+01	0.0000E+00	0.0000E+00	1.7773E+00
1.7000E+01	0.0000E+00	0.0000E+00	1.7681E+00
1.8000E+01	0.0000E+00	0.0000E+00	1.7842E+00
1.9000E+01	0.0000E+00	0.0000E+00	1.7891E+00
2.0000E+01	0.0000E+00	0.0000E+00	1.7870E+00
2.1000E+01	0.0000E+00	0.0000E+00	1.7840E+00
2.2000E+01	0.0000E+00	0.0000E+00	1.7817E+00
2.3000E+01	0.0000E+00	0.0000E+00	1.7832E+00
2.4000E+01	0.0000E+00	0.0000E+00	1.7908E+00
2.5000E+01	0.0000E+00	0.0000E+00	1.8015E+00
2.6000E+01	0.0000E+00	0.0000E+00	1.8140E+00
2.7000E+01	0.0000E+00	0.0000E+00	1.8280E+00
2.8000E+01	0.0000E+00	0.0000E+00	1.8476E+00
2.9000E+01	0.0000E+00	0.0000E+00	1.8634E+00
3.0000E+01	0.0000E+00	0.0000E+00	1.8820E+00
3.1000E+01	0.0000E+00	0.0000E+00	1.8960E+00
3.2000E+01	0.0000E+00	0.0000E+00	1.8897E+00
3.3000E+01	0.0000E+00	0.0000E+00	1.8007E+00
3.4000E+01	0.0000E+00	0.0000E+00	1.7916E+00
3.5000E+01	0.0000E+00	0.0000E+00	1.7595E+00
3.6000E+01	0.0000E+00	0.0000E+00	1.7677E+00
3.7000E+01	0.0000E+00	0.0000E+00	1.7706E+00
3.8000E+01	0.0000E+00	0.0000E+00	1.7671E+00
3.9000E+01	0.0000E+00	0.0000E+00	1.7752E+00
4.0000E+01	0.0000E+00	0.0000E+00	1.7915E+00
4.1000E+01	0.0000E+00	0.0000E+00	1.8046E+00
4.2000E+01	0.0000E+00	0.0000E+00	1.8026E+00
4.3000E+01	0.0000E+00	0.0000E+00	1.8058E+00
4.4000E+01	0.0000E+00	0.0000E+00	1.7996E+00
4.5000E+01	0.0000E+00	0.0000E+00	1.7950E+00
4.6000E+01	0.0000E+00	0.0000E+00	1.7857E+00
4.7000E+01	0.0000E+00	0.0000E+00	1.7838E+00
4.8000E+01	0.0000E+00	0.0000E+00	1.7815E+00
4.9000E+01	0.0000E+00	0.0000E+00	1.7855E+00
5.0000E+01	0.0000E+00	0.0000E+00	1.8021E+00
5.1000E+01	0.0000E+00	0.0000E+00	1.8176E+00
5.2000E+01	0.0000E+00	0.0000E+00	1.8279E+00
5.3000E+01	0.0000E+00	0.0000E+00	1.8409E+00
5.4000E+01	0.0000E+00	0.0000E+00	1.8525E+00
5.5000E+01	0.0000E+00	0.0000E+00	1.8470E+00
5.6000E+01	0.0000E+00	0.0000E+00	1.8150E+00
5.7000E+01	0.0000E+00	0.0000E+00	1.7917E+00
5.8000E+01	0.0000E+00	0.0000E+00	1.7701E+00
5.9000E+01	0.0000E+00	0.0000E+00	1.7618E+00
6.0000E+01	0.0000E+00	0.0000E+00	1.7598E+00
6.1000E+01	0.0000E+00	0.0000E+00	1.7666E+00
6.2000E+01	0.0000E+00	0.0000E+00	1.7737E+00
6.3000E+01	0.0000E+00	0.0000E+00	1.7884E+00
6.4000E+01	0.0000E+00	0.0000E+00	1.7925E+00
6.5000E+01	0.0000E+00	0.0000E+00	1.7932E+00
6.6000E+01	0.0000E+00	0.0000E+00	1.7937E+00
6.7000E+01	0.0000E+00	0.0000E+00	1.7885E+00
6.8000E+01	0.0000E+00	0.0000E+00	1.7854E+00
6.9000E+01	0.0000E+00	0.0000E+00	1.7809E+00
7.0000E+01	0.0000E+00	0.0000E+00	1.7769E+00
7.1000E+01	0.0000E+00	0.0000E+00	1.7708E+00
7.2000E+01	0.0000E+00	0.0000E+00	1.7817E+00
7.3000E+01	0.0000E+00	0.0000E+00	1.7985E+00
7.4000E+01	0.0000E+00	0.0000E+00	1.8104E+00
7.5000E+01	0.0000E+00	0.0000E+00	1.8213E+00
7.6000E+01	0.0000E+00	0.0000E+00	1.8344E+00
7.7000E+01	0.0000E+00	0.0000E+00	1.8416E+00
7.8000E+01	0.0000E+00	0.0000E+00	1.8537E+00
7.9000E+01	0.0000E+00	0.0000E+00	1.8654E+00
8.0000E+01	0.0000E+00	0.0000E+00	1.8582E+00
8.1000E+01	0.0000E+00	0.0000E+00	1.7880E+00
8.2000E+01	0.0000E+00	0.0000E+00	1.7746E+00
8.3000E+01	0.0000E+00	0.0000E+00	1.7682E+00
8.4000E+01	0.0000E+00	0.0000E+00	1.7776E+00
8.5000E+01	0.0000E+00	0.0000E+00	1.7754E+00
8.6000E+01	0.0000E+00	0.0000E+00	1.7938E+00
8.7000E+01	0.0000E+00	0.0000E+00	1.8234E+00
8.8000E+01	0.0000E+00	0.0000E+00	1.8288E+00
8.9000E+01	0.0000E+00	0.0000E+00	1.8345E+00
9.0000E+01	0.0000E+00	0.0000E+00	1.8326E+00
9.1000E+01	0.0000E+00	0.0000E+00	1.8308E+00
9.2000E+01	0.0000E+00	0.0000E+00	1.8249E+00
9.3000E+01	0.0000E+00	0.0000E+00	1.8226E+00
9.4000E+01	0.0000E+00	0.0000E+00	1.8170E+00
9.5000E+01	0.0000E+00	0.0000E+00	1.8173E+00
9.6000E+01	0.0000E+00	0.0000E+00	1.8150E+00
9.7000E+01	0.0000E+00	0.0000E+00	1.8107E+00
9.8000E+01	0.0000E+00	0.0000E+00	1.8105E+00
9.9000E+01	0.0000E+00	0.0000E+00	1.8091E+00
1.0000E+02	0.0000E+00	0.0000E+00	1.8047E+00
1.0100E+02	0.0000E+00	0.0000E+00	1.8091E+00
1.0200E+02	0.0000E+00	0.0000E+00	1.8206E+00
1.0300E+02	0.0000E+00	0.0000E+00	1.8335E+00
1.0400E+02	0.0000E+00	0.0000E+00	1.8205E+00
1.0500E+02	0.0000E+00	0.0000E+00	1.8068E+00
1.0600E+02	0.0000E+00	0.0000E+00	1.8075E+00
1.0700E+02	0.0000E+00	0.0000E+00	1.8058E+00
1.0800E+02	0.0000E+00	0.0000E+00	1.8135E+00
1.0900E+02	0.0000E+00	0.0000E+00	1.8232E+00
1.1000E+02	0.0000E+00	0.0000E+00	1.8402E+00
1.1100E+02	0.0000E+00	0.0000E+00	1.8447E+00
1.1200E+02	0.0000E+00	0.0000E+00	1.8509E+00
1.1300E+02	0.0000E+00	0.0000E+00	1.8521E+00
1.1400E+02	0.0000E+00	0.0000E+00	1.8636E+00
1.1500E+02	0.0000E+00	0.0000E+00	1.8651E+00
1.1600E+02	0.0000E+00	0.0000E+00	1.8613E+00
1.1700E+02	0.0000E+00	0.0000E+00	1.8550E+00
1.1800E+02	0.0000E+00	0.0000E+00	1.8523E+00
1.1900E+02	0.0000E+00	0.0000E+00	1.8473E+00
1.2000E+02	0.0000E+00	0.0000E+00	1.8508E+00
1.2100E+02	0.0000E+00	0.0000E+00	1.8573E+00
1.2200E+02	0.0000E+00	0.0000E+00	1.8657E+00
1.2300E+02	0.0000E+00	0.0000E+00	1.8733E+00
1.2400E+02	0.0000E+00	0.0000E+00	1.8860E+00
1.2500E+02	0.0000E+00	0.0000E+00	1.8936E+00
1.2600E+02	0.0000E+00	0.0000E+00	1.9041E+00
1.2700E+02	0.0000E+00	0.0000E+00	1.9139E+00
1.2800E+02	0.0000E+00	0.0000E+00	1.9052E+00
1.2900E+02	0.0000E+00	0.0000E+00	1.8661E+00
1.3000E+02	0.0000E+00	0.0000E+00	1.8502E+00
1.3100E+02	0.0000E+00	0.0000E+00	1.8566E+00
1.3200E+02	0.0000E+00	0.0000E+00	1.8638E+00
1.3300E+02	0.0000E+00	0.0000E+00	1.8787E+00
1.3400E+02	0.0000E+00	0.0000E+00	1.8761E+00
1.3500E+02	0.0000E+00	0.0000E+00	1.8645E+00
1.3600E+02	0.0000E+00	0.0000E+00	1.8714E+00
1.3700E+02	0.0000E+00	0.0000E+00	1.8723E+00
1.3800E+02	0.0000E+00	0.0000E+00	1.8844E+00
1.3900E+02	0.0000E+00	0.0000E+00	1.8895E+00
1.4000E+02	0.0000E+00	0.0000E+00	1.8783E+00
1.4100E+02	0.0000E+00	0.0000E+00	1.8854E+00
1.4200E+02	0.0000E+00	0.0000E+00	1.8847E+00
1.4300E+02	0.0000E+00	0.0000E+00	1.8783E+00
1.4400E+02	0.0000E+00	0.0000E+00	1.8744E+00
1.4500E+02	0.0000E+00	0.0000E+00	1.8719E+00
1.4600E+02	0.0000E+00	0.0000E+00	1.8665E+00
1.4700E+02	0.0000E+00	0.0000E+00	1.8634E+00
1.4800E+02	0.0000E+00	0.0000E+00	1.8655E+00
1.4900E+02	0.0000E+00	0.0000E+00	1.8685E+00
1.5000E+02	0.0000E+00	0.0000E+00	1.8595E+00
1.5100E+02	0.0000E+00	0.0000E+00	1.8603E+00
1.5200E+02	0.0000E+00	0.0000E+00	1.8562E+00
1.5300E+02	0.0000E+00	0.0000E+00	1.8554E+00
1.5400E+02	0.0000E+00	0.0000E+00	1.8679E+00
1.5500E+02	0.0000E+00	0.0000E+00	1.8739E+00
1.5600E+02	0.0000E+00	0.0000E+00	1.8757E+00
1.5700E+02	0.0000E+00	0.0000E+00	1.8774E+00
1.5800E+02	0.0000E+00	0.0000E+00	1.8833E+00
1.5900E+02	0.0000E+00	0.0000E+00	1.9034E+00
1.6000E+02	0.0000E+00	0.0000E+00	1.9113E+00
1.6100E+02	0.0000E+00	0.0000E+00	1.9310E+00
1.6200E+02	0.0000E+00	0.0000E+00	1.9555E+00
1.6300E+02	0.0000E+00	0.0000E+00	1.9413E+00
1.6400E+02	0.0000E+00	0.0000E+00	1.9380E+00
1.6500E+02	0.0000E+00	0.0000E+00	1.9468E+00
1.6600E+02	0.0000E+00	0.0000E+00	1.9361E+00
1.6700E+02	0.0000E+00	0.0000E+00	1.9310E+00
1.6800E+02	0.0000E+00	0.0000E+00	1.9294E+00
1.6900E+02	0.0000E+00	0.0000E+00	1.9253E+00
1.7000E+02	0.0000E+00	0.0000E+00	1.9185E+00
1.7100E+02	0.0000E+00	0.0000E+00	1.9293E+00
1.7200E+02	0.0000E+00	0.0000E+00	1.9407E+00
1.7300E+02	0.0000E+00	0.0000E+00	1.9504E+00
1.7400E+02	0.0000E+00	0.0000E+00	1.9620E+00
1.7500E+02	0.0000E+00	0.0000E+00	1.9719E+00
1.7600E+02	0.0000E+00	0.0000E+00	1.9547E+00
1.7700E+02	0.0000E+00	0.0000E+00	1.9200E+00
1.7800E+02	0.0000E+00	0.0000E+00	1.9349E+00
1.7900E+02	0.0000E+00	0.0000E+00	1.9491E+00
1.8000E+02	0.0000E+00	0.0000E+00	1.9240E+00
1.8100E+02	0.0000E+00	0.0000E+00	1.9206E+00
1.8200E+02	0.0000E+00	0.0000E+00	1.9183E+00
1.8300E+02	0.0000E+00	0.0000E+00	1.9273E+00
1.8400E+02	0.0000E+00	0.0000E+00	1.9361E+00
1.8500E+02	0.0000E+00	0.0000E+00	1.9436E+00
1.8600E+02	0.0000E+00	0.0000E+00	1.9461E+00
1.8700E+02	0.0000E+00	0.0000E+00	1.9589E+00
1.8800E+02	0.0000E+00	0.0000E+00	1.9709E+00
1.8900E+02	0.0000E+00	0.0000E+00	1.9767E+00
1.9000E+02	0.0000E+00	0.0000E+00	1.9728E+00
1.9100E+02	0.0000E+00	0.0000E+00	1.9730E+00
1.9200E+02	0.0000E+00	0.0000E+00	1.9772E+00
1.9300E+02	0.0000E+00	0.0000E+00	1.9788E+00
1.9400E+02	0.0000E+00	0.0000E+00	1.9886E+00
1.9500E+02	0.0000E+00	0.0000E+00	1.9922E+00
1.9600E+02	0.0000E+00	0.0000E+00	1.9899E+00
1.9700E+02	0.0000E+00	0.0000E+00	1.9956E+00
1.9800E+02	0.0000E+00	0.0000E+00	1.9957E+00
1.9900E+02	0.0000E+00	0.0000E+00	1.9912E+00
2.0000E+02	0.0000E+00	0.0000E+00	1.9923E+00
2.0100E+02	0.0000E+00	0.0000E+00	1.9842E+00
2.0200E+02	0.0000E+00	0.0000E+00	1.9805E+00
2.0300E+02	0.0000E+00	0.0000E+00	1.9909E+00
2.0400E+02	0.0000E+00	0.0000E+00	1.9883E+00
2.0500E+02	0.0000E+00	0.0000E+00	2.0117E+00
2.0600E+02	0.0000E+00	0.0000E+00	2.0193E+00
2.0700E+02	0.0000E+00	0.0000E+00	2.0164E+00
2.0800E+02	0.0000E+00	0.0000E+00	2.0296E+00
2.0900E+02	0.0000E+00	0.0000E+00	2.0423E+00
2.1000E+02	0.0000E+00	0.0000E+00	2.0546E+00
2.1100E+02	0.0000E+00	0.0000E+00	2.0647E+00
2.1200E+02	0.0000E+00	0.0000E+00	2.0669E+00
2.1300E+02	0.0000E+00	0.0000E+00	2.0698E+00
2.1400E+02	0.0000E+00	0.0000E+00	2.0703E+00
2.1500E+02	0.0000E+00	0.0000E+00	2.0632E+00
2.1600E+02	0.0000E+00	0.0000E+00	2.0551E+00
2.1700E+02	0.0000E+00	0.0000E+00	2.0449E+00
2.1800E+02	0.0000E+00	0.0000E+00	2.0344E+00
2.1900E+02	0.0000E+00	0.0000E+00	2.0298E+00
2.2000E+02	0.0000E+00	0.0000E+00	2.0213E+00
2.2100E+02	0.0000E+00	0.0000E+00	2.0121E+00
2.2200E+02	0.0000E+00	0.0000E+00	2.0067E+00
2.2300E+02	0.0000E+00	0.0000E+00	2.0028E+00
2.2400E+02	0.0000E+00	0.0000E+00	1.9954E+00
2.2500E+02	0.0000E+00	0.0000E+00	1.9947E+00
2.2600E+02	0.0000E+00	0.0000E+00	1.9895E+00
2.2700E+02	0.0000E+00	0.0000E+00	1.9910E+00
2.2800E+02	0.0000E+00	0.0000E+00	1.9908E+00
2.2900E+02	0.0000E+00	0.0000E+00	1.9929E+00
2.3000E+02	0.0000E+00	0.0000E+00	2.0003E+00
2.3100E+02	0.0000E+00	0.0000E+00	2.0114E+00
2.3200E+02	0.0000E+00	0.0000E+00	2.0169E+00
2.3300E+02	0.0000E+00	0.0000E+00	2.0298E+00
2.3400E+02	0.0000E+00	0.0000E+00	2.0323E+00
2.3500E+02	0.0000E+00	0.0000E+00	2.0396E+00
2.3600E+02	0.0000E+00	0.0000E+00	2.0355E+00
2.3700E+02	0.0000E+00	0.0000E+00	2.0473E+00
2.3800E+02	0.0000E+00	0.0000E+00	2.0467E+00
2.3900E+02	0.0000E+00	0.0000E+00	2.0492E+00
2.4000E+02	0.0000E+00	0.0000E+00	2.0505E+00
2.4100E+02	0.0000E+00	0.0000E+00	2.0429E+00
2.4200E+02	0.0000E+00	0.0000E+00	2.0369E+00
2.4300E+02	0.0000E+00	0.0000E+00	2.0344E+00
2.4400E+02	0.0000E+00	0.0000E+00	2.0274E+00
2.4500E+02	0.0000E+00	0.0000E+00	2.0167E+00
2.4600E+02	0.0000E+00	0.0000E+00	2.0143E+00
2.4700E+02	0.0000E+00	0.0000E+00	2.0078E+00
2.4800E+02	0.0000E+00	0.0000E+00	1.9984E+00
2.4900E+02	0.0000E+00	0.0000E+00	2.0043E+00
2.5000E+02	0.0000E+00	0.0000E+00	1.9977E+00
2.5100E+02	0.0000E+00	0.0000E+00	1.9899E+00
2.5200E+02	0.0000E+00	0.0000E+00	1.9896E+00
2.5300E+02	0.0000E+00	0.0000E+00	1.9926E+00
2.5400E+02	0.0000E+00	0.0000E+00	1.9910E+00
2.5500E+02	0.0000E+00	0.0000E+00	1.9907E+00
2.5600E+02	0.0000E+00	0.0000E+00	1.9994E+00
2.5700E+02	0.0000E+00	0.0000E+00	1.9935E+00
2.5800E+02	0.0000E+00	0.0000E+00	1.9968E+00
2.5900E+02	0.0000E+00	0.0000E+00	1.9988E+00
2.6000E+02	0.0000E+00	0.0000E+00	1.9991E+00
2.6100E+02	0.0000E+00	0.0000E+00	2.0032E+00
2.6200E+02	0.0000E+00	0.0000E+00	2.0026E+00
2.6300E+02	0.0000E+00	0.0000E+00	2.0076E+00
2.6400E+02	0.0000E+00	0.0000E+00	2.0014E+00
2.6500E+02	0.0000E+00	0.0000E+00	2.0020E+00
2.6600E+02	0.0000E+00	0.0000E+00	1.9923E+00
2.6700E+02	0.0000E+00	0.0000E+00	1.9825E+00
2.6800E+02	0.0000E+00	0.0000E+00	1.9803E+00
2.6900E+02	0.0000E+00	0.0000E+00	1.9774E+00
2.7000E+02	0.0000E+00	0.0000E+00	1.9702E+00
2.7100E+02	0.0000E+00	0.0000E+00	1.9715E+00
2.7200E+02	0.0000E+00	0.0000E+00	1.9723E+00
2.7300E+02	0.0000E+00	0.0000E+00	1.9616E+00
2.7400E+02	0.0000E+00	0.0000E+00	1.9634E+00
2.7500E+02	0.0000E+00	0.0000E+00	1.9539E+00
2.7600E+02	0.0000E+00	0.0000E+00	1.9614E+00
2.7700E+02	0.0000E+00	0.0000E+00	1.9652E+00
2.7800E+02	0.0000E+00	0.0000E+00	1.9632E+00
2.7900E+02	0.0000E+00	0.0000E+00	1.9625E+00
2.8000E+02	0.0000E+00	0.0000E+00	1.9631E+00
2.8100E+02	0.0000E+00	0.0000E+00	1.9564E+00
2.8200E+02	0.0000E+00	0.0000E+00	1.9531E+00
2.8300E+02	0.0000E+00	0.0000E+00	1.9496E+00
2.8400E+02	0.0000E+00	0.0000E+00	1.9443E+00
2.8500E+02	0.0000E+00	0.0000E+00	1.9418E+00
2.8600E+02	0.0000E+00	0.0000E+00	1.9373E+00
2.8700E+02	0.0000E+00	0.0000E+00	1.9342E+00
2.8800E+02	0.0000E+00	0.0000E+00	1.9345E+00
2.8900E+02	0.0000E+00	0.0000E+00	1.9279E+00
2.9000E+02	0.0000E+00	0.0000E+00	1.9294E+00
2.9100E+02	0.0000E+00	0.0000E+00	1.9239E+00
2.9200E+02	0.0000E+00	0.0000E+00	1.9186E+00
2.9300E+02	0.0000E+00	0.0000E+00	1.9116E+00
2.9400E+02	0.0000E+00	0.0000E+00	1.9031E+00
2.9500E+02	0.0000E+00	0.0000E+00	1.9042E+00
2.9600E+02	0.0000E+00	0.0000E+00	1.8986E+00
2.9700E+02	0.0000E+00	0.0000E+00	1.9010E+00
2.9800E+02	0.0000E+00	0.0000E+00	1.9125E+00
2.9900E+02	0.0000E+00	0.0000E+00	1.9105E+00
3.0000E+02	0.0000E+00	0.0000E+00	1.9163E+00
3.0100E+02	0.0000E+00	0.0000E+00	1.9188E+00
3.0200E+02	0.0000E+00	0.0000E+00	1.9115E+00
3.0300E+02	0.0000E+00	0.0000E+00	1.9063E+00
3.0400E+02	0.0000E+00	0.0000E+00	1.9044E+00
3.0500E+02	0.0000E+00	0.0000E+00	1.8973E+00
3.0600E+02	0.0000E+00	0.0000E+00	1.8917E+00
3.0700E+02	0.0000E+00	0.0000E+00	1.8870E+00
3.0800E+02	0.0000E+00	0.0000E+00	1.8815E+00
3.0900E+02	0.0000E+00	0.0000E+00	1.8758E+00
3.1000E+02	0.0000E+00	0.0000E+00	1.8700E+00
3.1100E+02	0.0000E+00	0.0000E+00	1.8693E+00
3.1200E+02	0.0000E+00	0.0000E+00	1.8591E+00
3.1300E+02	0.0000E+00	0.0000E+00	1.8558E+00
3.1400E+02	0.0000E+00	0.0000E+00	1.8462E+00
3.1500E+02	0.0000E+00	0.0000E+00	1.8501E+00
3.1600E+02	0.0000E+00	0.0000E+00	1.8409E+00
3.1700E+02	0.0000E+00	0.0000E+00	1.8463E+00
3.1800E+02	0.0000E+00	0.0000E+00	1.8466E+00
3.1900E+02	0.0000E+00	0.0000E+00	1.8468E+00
3.2000E+02	0.0000E+00	0.0000E+00	1.8305E+00
3.2100E+02	0.0000E+00	0.0000E+00	1.8465E+00
3.2200E+02	0.0000E+00	0.0000E+00	1.8654E+00
3.2300E+02	0.0000E+00	0.0000E+00	1.8701E+00
3.2400E+02	0.0000E+00	0.0000E+00	1.8698E+00
3.2500E+02	0.0000E+00	0.0000E+00	1.8597E+00
3.2600E+02	0.0000E+00	0.0000E+00	1.8579E+00
3.2700E+02	0.0000E+00	0.0000E+00	1.8645E+00
3.2800E+02	0.0000E+00	0.0000E+00	1.8545E+00
3.2900E+02	0.0000E+00	0.0000E+00	1.8540E+00
3.3000E+02	0.0000E+00	0.0000E+00	1.8551E+00
3.3100E+02	0.0000E+00	0.0000E+00	1.8590E+00
3.3200E+02	0.0000E+00	0.0000E+00	1.8540E+00
3.3300E+02	0.0000E+00	0.0000E+00	1.8513E+00
3.3400E+02	0.0000E+00	0.0000E+00	1.8503E+00
3.3500E+02	0.0000E+00	0.0000E+00	1.8511E+00
3.3600E+02	0.0000E+00	0.0000E+00	1.8426E+00
3.3700E+02	0.0000E+00	0.0000E+00	1.8402E+00
3.3800E+02	0.0000E+00	0.0000E+00	1.8367E+00
3.3900E+02	0.0000E+00	0.0000E+00	1.8361E+00
3.4000E+02	0.0000E+00	0.0000E+00	1.8316E+00
3.4100E+02	0.0000E+00	0.0000E+00	1.8314E+00
3.4200E+02	0.0000E+00	0.0000E+00	1.8261E+00
3.4300E+02	0.0000E+00	0.0000E+00	1.8178E+00
3.4400E+02	0.0000E+00	0.0000E+00	1.8176E+00
3.4500E+02	0.0000E+00	0.0000E+00	1.8183E+00
3.4600E+02	0.0000E+00	0.0000E+00	1.8283E+00
3.4700E+02	0.0000E+00	0.0000E+00	1.8344E+00
3.4800E+02	0.0000E+00	0.0000E+00	1.8424E+00
3.4900E+02	0.0000E+00	0.0000E+00	1.8338E+00
3.5000E+02	0.0000E+00	0.0000E+00	1.8394E+00
3.5100E+02	0.0000E+00	0.0000E+00	1.8414E+00
3.5200E+02	0.0000E+00	0.0000E+00	1.8343E+00
3.5300E+02	0.0000E+00	0.0000E+00	1.8419E+00
3.5400E+02	0.0000E+00	0.0000E+00	1.8457E+00
3.5500E+02	0.0000E+00	0.0000E+00	1.8558E+00
3.5600E+02	0.0000E+00	0.0000E+00	1.8602E+00
3.5700E+02	0.0000E+00	0.0000E+00	1.8560E+00
3.5800E+02	0.0000E+00	0.0000E+00	1.8592E+00
3.5900E+02	0.0000E+00	0.0000E+00	1.8566E+00
3.6000E+02	0.0000E+00	0.0000E+00	1.8505E+00
3.6100E+02	0.0000E+00	0.0000E+00	1.8534E+00
3.6200E+02	0.0000E+00	0.0000E+00	1.8500E+00
3.6300E+02	0.0000E+00	0.0000E+00	1.8473E+00
3.6400E+02	0.0000E+00	0.0000E+00	1.8453E+00
3.6500E+02	0.0000E+00	0.0000E+00	1.8480E+00
3.6600E+02	0.0000E+00	0.0000E+00	1.8387E+00
3.6700E+02	0.0000E+00	0.0000E+00	1.8392E+00
3.6800E+02	0.0000E+00	0.0000E+00	1.8376E+00
3.6900E+02	0.0000E+00	0.0000E+00	1.8344E+00
3.7000E+02	0.0000E+00	0.0000E+00	1.8403E+00
3.7100E+02	0.0000E+00	0.0000E+00	1.8427E+00
3.7200E+02	0.0000E+00	0.0000E+00	1.8386E+00
3.7300E+02	0.0000E+00	0.0000E+00	1.8395E+00
3.7400E+02	0.0000E+00	0.0000E+00	1.8433E+00
3.7500E+02	0.0000E+00	0.0000E+00	1.8416E+00
3.7600E+02	0.0000E+00	0.0000E+00	1.8450E+00
3.7700E+02	0.0000E+00	0.0000E+00	1.8530E+00
3.7800E+02	0.0000E+00	0.0000E+00	1.8591E+00
3.7900E+02	0.0000E+00	0.0000E+00	1.8630E+00
3.8000E+02	0.0000E+00	0.0000E+00	1.8663E+00
3.8100E+02	0.0000E+00	0.0000E+00	1.8691E+00
3.8200E+02	0.0000E+00	0.0000E+00	1.8643E+00
3.8300E+02	0.0000E+00	0.0000E+00	1.8656E+00
3.8400E+02	0.0000E+00	0.0000E+00	1.8613E+00
3.8500E+02	0.0000E+00	0.0000E+00	1.8575E+00
3.8600E+02	0.0000E+00	0.0000E+00	1.8548E+00
3.8700E+02	0.0000E+00	0.0000E+00	1.8520E+00
3.8800E+02	0.0000E+00	0.0000E+00	1.8482E+00
3.8900E+02	0.0000E+00	0.0000E+00	1.8503E+00
3.9000E+02	0.0000E+00	0.0000E+00	1.8460E+00
3.9100E+02	0.0000E+00	0.0000E+00	1.8437E+00
3.9200E+02	0.0000E+00	0.0000E+00	1.8413E+00
3.9300E+02	0.0000E+00	0.0000E+00	1.8461E+00
3.9400E+02	0.0000E+00	0.0000E+00	1.8432E+00
3.9500E+02	0.0000E+00	0.0000E+00	1.8405E+00
3.9600E+02	0.0000E+00	0.0000E+00	1.8468E+00
3.9700E+02	0.0000E+00	0.0000E+00	1.8469E+00
3.9800E+02	0.0000E+00	0.0000E+00	1.8503E+00
3.9900E+02	0.0000E+00	0.0000E+00	1.8657E+00
4.0000E+02	0.0000E+00	0.0000E+00	1.8805E+00
4.0100E+02	0.0000E+00	0.0000E+00	1.9064E+00
4.0200E+02	0.0000E+00	0.0000E+00	1.9243E+00
4.0300E+02	0.0000E+00	0.0000E+00	1.9341E+00
4.0400E+02	0.0000E+00	0.0000E+00	1.9358E+00
4.0500E+02	0.0000E+00	0.0000E+00	1.9302E+00
4.0600E+02	0.0000E+00	0.0000E+00	1.9290E+00
4.0700E+02	0.0000E+00	0.0000E+00	1.9209E+00
4.0800E+02	0.0000E+00	0.0000E+00	1.9217E+00
4.0900E+02	0.0000E+00	0.0000E+00	1.9226E+00
4.1000E+02	0.0000E+00	0.0000E+00	1.9165E+00
4.1100E+02	0.0000E+00	0.0000E+00	1.9105E+00
4.1200E+02	0.0000E+00	0.0000E+00	1.9043E+00
4.1300E+02	0.0000E+00	0.0000E+00	1.8975E+00
4.1400E+02	0.0000E+00	0.0000E+00	1.8995E+00
4.1500E+02	0.0000E+00	0.0000E+00	1.8931E+00
4.1600E+02	0.0000E+00	0.0000E+00	1.8931E+00
4.1700E+02	0.0000E+00	0.0000E+00	1.8923E+00
4.1800E+02	0.0000E+00	0.0000E+00	1.8910E+00
4.1900E+02	0.0000E+00	0.0000E+00	1.8937E+00
4.2000E+02	0.0000E+00	0.0000E+00	1.8970E+00
4.2100E+02	0.0000E+00	0.0000E+00	1.9002E+00
4.2200E+02	0.0000E+00	0.0000E+00	1.9119E+00
4.2300E+02	0.0000E+00	0.0000E+00	1.9238E+00
4.2400E+02	0.0000E+00	0.0000E+00	1.9385E+00
4.2500E+02	0.0000E+00	0.0000E+00	1.9466E+00
4.2600E+02	0.0000E+00	0.0000E+00	1.9516E+00
4.2700E+02	0.0000E+00	0.0000E+00	1.9636E+00
4.2800E+02	0.0000E+00	0.0000E+00	1.9720E+00
4.2900E+02	0.0000E+00	0.0000E+00	1.9701E+00
4.3000E+02	0.0000E+00	0.0000E+00	1.9688E+00
4.3100E+02	0.0000E+00	0.0000E+00	1.9655E+00
4.3200E+02	0.0000E+00	0.0000E+00	1.9611E+00
4.3300E+02	0.0000E+00	0.0000E+00	1.9560E+00
4.3400E+02	0.0000E+00	0.0000E+00	1.9524E+00
4.3500E+02	0.0000E+00	0.0000E+00	1.9490E+00
4.3600E+02	0.0000E+00	0.0000E+00	1.9467E+00
4.3700E+02	0.0000E+00	0.0000E+00	1.9458E+00
4.3800E+02	0.0000E+00	0.0000E+00	1.9394E+00
4.3900E+02	0.0000E+00	0.0000E+00	1.9367E+00
4.4000E+02	0.0000E+00	0.0000E+00	1.9308E+00
4.4100E+02	0.0000E+00	0.0000E+00	1.9308E+00
4.4200E+02	0.0000E+00	0.0000E+00	1.9278E+00
4.4300E+02	0.0000E+00	0.0000E+00	1.9282E+00
4.4400E+02	0.0000E+00	0.0000E+00	1.9354E+00
4.4500E+02	0.0000E+00	0.0000E+00	1.9396E+00
4.4600E+02	0.0000E+00	0.0000E+00	1.9513E+00
4.4700E+02	0.0000E+00	0.0000E+00	1.9576E+00
4.4800E+02	0.0000E+00	0.0000E+00	1.9563E+00
4.4900E+02	0.0000E+00	0.0000E+00	1.9759E+00
4.5000E+02	0.0000E+00	0.0000E+00	1.9814E+00
4.5100E+02	0.0000E+00	0.0000E+00	1.9912E+00
4.5200E+02	0.0000E+00	0.0000E+00	1.9890E+00
4.5300E+02	0.0000E+00	0.0000E+00	1.9970E+00
4.5400E+02	0.0000E+00	0.0000E+00	1.9882E+00
4.5500E+02	0.0000E+00	0.0000E+00	1.9811E+00
4.5600E+02	0.0000E+00	0.0000E+00	1.9736E+00
4.5700E+02	0.0000E+00	0.0000E+00	1.9757E+00
4.5800E+02	0.0000E+00	0.0000E+00	1.9687E+00
4.5900E+02	0.0000E+00	0.0000E+00	1.9594E+00
4.6000E+02	0.0000E+00	0.0000E+00	1.9557E+00
4.6100E+02	0.0000E+00	0.0000E+00	1.9530E+00
4.6200E+02	0.0000E+00	0.0000E+00	1.9501E+00
4.6300E+02	0.0000E+00	0.0000E+00	1.9445E+00
4.6400E+02	0.0000E+00	0.0000E+00	1.9405E+00
4.6500E+02	0.0000E+00	0.0000E+00	1.9446E+00
4.6600E+02	0.0000E+00	0.0000E+00	1.9409E+00
4.6700E+02	0.0000E+00	0.0000E+00	1.9454E+00
4.6800E+02	0.0000E+00	0.0000E+00	1.9404E+00
4.6900E+02	0.0000E+00	0.0000E+00	1.9462E+00
4.7000E+02	0.0000E+00	0.0000E+00	1.9510E+00
4.7100E+02	0.0000E+00	0.0000E+00	1.9506E+00
4.7200E+02	0.0000E+00	0.0000E+00	1.9570E+00
4.7300E+02	0.0000E+00	0.0000E+00	1.9603E+00
4.7400E+02	0.0000E+00	0.0000E+00	1.9607E+00
4.7500E+02	0.0000E+00	0.0000E+00	1.9618E+00
4.7600E+02	0.0000E+00	0.0000E+00	1.9597E+00
4.7700E+02	0.0000E+00	0.0000E+00	1.9563E+00
4.7800E+02	0.0000E+00	0.0000E+00	1.9528E+00
4.7900E+02	0.0000E+00	0.0000E+00	1.9565E+00
4.8000E+02	0.0000E+00	0.0000E+00	1.9429E+00
4.8100E+02	0.0000E+00	0.0000E+00	1.9364E+00
4.8200E+02	0.0000E+00	0.0000E+00	1.9348E+00
4.8300E+02	0.0000E+00	0.0000E+00	1.9338E+00
4.8400E+02	0.0000E+00	0.0000E+00	1.9286E+00
4.8500E+02	0.0000E+00	0.0000E+00	1.9233E+00
4.8600E+02	0.0000E+00	0.0000E+00	1.9242E+00
4.8700E+02	0.0000E+00	0.0000E+00	1.9240E+00
4.8800E+02	0.0000E+00	0.0000E+00	1.9152E+00
4.8900E+02	0.0000E+00	0.0000E+00	1.9147E+00
4.9000E+02	0.0000E+00	0.0000E+00	1.9175E+00
4.9100E+02	0.0000E+00	0.0000E+00	1.9150E+00
4.9200E+02	0.0000E+00	0.0000E+00	1.9125E+00
4.9300E+02	0.0000E+00	0.0000E+00	1.9148E+00
4.9400E+02	0.0000E+00	0.0000E+00	1.9152E+00
4.9500E+02	0.0000E+00	0.0000E+00	1.9153E+00
4.9600E+02	0.0000E+00	0.0000E+00	1.9204E+00
4.9700E+02	0.0000E+00	0.0000E+00	1.9151E+00
4.9800E+02	0.0000E+00	0.0000E+00	1.9186E+00
4.9900E+02	0.0000E+00	0.0000E+00	1.9151E+00
5.0000E+02	0.0000E+00	0.0000E+00	1.9075E+00
5.0100E+02	0.0000E+00	0.0000E+00	1.9027E+00
5.0200E+02	0.0000E+00	0.0000E+00	1.9018E+00
5.0300E+02	0.0000E+00	0.0000E+00	1.8965E+00
5.0400E+02	0.0000E+00	0.0000E+00	1.8937E+00
5.0500E+02	0.0000E+00	0.0000E+00	1.8920E+00
5.0600E+02	0.0000E+00	0.0000E+00	1.8885E+00
5.0700E+02	0.0000E+00	0.0000E+00	1.8887E+00
5.0800E+02	0.0000E+00	0.0000E+00	1.8830E+00
5.0900E+02	0.0000E+00	0.0000E+00	1.8840E+00
5.1000E+02	0.0000E+00	0.0000E+00	1.8799E+00
5.1100E+02	0.0000E+00	0.0000E+00	1.8802E+00
5.1200E+02	0.0000E+00	0.0000E+00	1.8778E+00
5.1300E+02	0.0000E+00	0.0000E+00	1.8807E+00
5.1400E+02	0.0000E+00	0.0000E+00	1.8793E+00
5.1500E+02	0.0000E+00	0.0000E+00	1.8775E+00
5.1600E+02	0.0000E+00	0.0000E+00	1.8793E+00
5.1700E+02	0.0000E+00	0.0000E+00	1.8814E+00
5.1800E+02	0.0000E+00	0.0000E+00	1.8850E+00
5.1900E+02	0.0000E+00	0.0000E+00	1.8944E+00
5.2000E+02	0.0000E+00	0.0000E+00	1.8995E+00
5.2100E+02	0.0000E+00	0.0000E+00	1.9076E+00
5.2200E+02	0.0000E+00	0.0000E+00	1.9142E+00
5.2300E+02	0.0000E+00	0.0000E+00	1.9219E+00
5.2400E+02	0.0000E+00	0.0000E+00	1.9281E+00
5.2500E+02	0.0000E+00	0.0000E+00	1.9260E+00
5.2600E+02	0.0000E+00	0.0000E+00	1.9222E+00
5.2700E+02	0.0000E+00	0.0000E+00	1.9214E+00
5.2800E+02	0.0000E+00	0.0000E+00	1.9076E+00
5.2900E+02	0.0000E+00	0.0000E+00	1.9065E+00
5.3000E+02	0.0000E+00	0.0000E+00	1.9036E+00
5.3100E+02	0.0000E+00	0.0000E+00	1.8947E+00
5.3200E+02	0.0000E+00	0.0000E+00	1.8923E+00
5.3300E+02	0.0000E+00	0.0000E+00	1.8883E+00
5.3400E+02	0.0000E+00	0.0000E+00	1.8856E+00
5.3500E+02	0.0000E+00	0.0000E+00	1.8786E+00
5.3600E+02	0.0000E+00	0.0000E+00	1.8802E+00
5.3700E+02	0.0000E+00	0.0000E+00	1.8758E+00
5.3800E+02	0.0000E+00	0.0000E+00	1.8827E+00
5.3900E+02	0.0000E+00	0.0000E+00	1.8804E+00
5.4000E+02	0.0000E+00	0.0000E+00	1.8774E+00
5.4100E+02	0.0000E+00	0.0000E+00	1.8835E+00
5.4200E+02	0.0000E+00	0.0000E+00	1.8995E+00
5.4300E+02	0.0000E+00	0.0000E+00	1.9056E+00
5.4400E+02	0.0000E+00	0.0000E+00	1.9249E+00
5.4500E+02	0.0000E+00	0.0000E+00	1.9422E+00
5.4600E+02	0.0000E+00	0.0000E+00	1.9590E+00
5.4700E+02	0.0000E+00	0.0000E+00	1.9691E+00
5.4800E+02	0.0000E+00	0.0000E+00	1.9742E+00
5.4900E+02	0.0000E+00	0.0000E+00	1.9758E+00
5.5000E+02	0.0000E+00	0.0000E+00	1.9704E+00
5.5100E+02	0.0000E+00	0.0000E+00	1.9622E+00
5.5200E+02	0.0000E+00	0.0000E+00	1.9532E+00
5.5300E+02	0.0000E+00	0.0000E+00	1.9468E+00
5.5400E+02	0.0000E+00	0.0000E+00	1.9393E+00
5.5500E+02	0.0000E+00	0.0000E+00	1.9363E+00
5.5600E+02	0.0000E+00	0.0000E+00	1.9329E+00
5.5700E+02	0.0000E+00	0.0000E+00	1.9309E+00
5.5800E+02	0.0000E+00	0.0000E+00	1.9238E+00
5.5900E+02	0.0000E+00	0.0000E+00	1.9140E+00
5.6000E+02	0.0000E+00	0.0000E+00	1.9187E+00
5.6100E+02	0.0000E+00	0.0000E+00	1.9183E+00
5.6200E+02	0.0000E+00	0.0000E+00	1.9157E+00
5.6300E+02	0.0000E+00	0.0000E+00	1.9163E+00
5.6400E+02	0.0000E+00	0.0000E+00	1.9200E+00
5.6500E+02	0.0000E+00	0.0000E+00	1.9261E+00
5.6600E+02	0.0000E+00	0.0000E+00	1.9365E+00
5.6700E+02	0.0000E+00	0.0000E+00	1.9612E+00
5.6800E+02	0.0000E+00	0.0000E+00	1.9810E+00
5.6900E+02	0.0000E+00	0.0000E+00	2.0082E+00
5.7000E+02	0.0000E+00	0.0000E+00	2.0350E+00
5.7100E+02	0.0000E+00	0.0000E+00	2.0477E+00
5.7200E+02	0.0000E+00	0.0000E+00	2.0479E+00
5.7300E+02	0.0000E+00	0.0000E+00	2.0464E+00
5.7400E+02	0.0000E+00	0.0000E+00	2.0367E+00
5.7500E+02	0.0000E+00	0.0000E+00	2.0364E+00
5.7600E+02	0.0000E+00	0.0000E+00	2.0258E+00
5.7700E+02	0.0000E+00	0.0000E+00	2.0124E+00
5.7800E+02	0.0000E+00	0.0000E+00	2.0151E+00
5.7900E+02	0.0000E+00	0.0000E+00	2.0075E+00
5.8000E+02	0.0000E+00	0.0000E+00	1.9942E+00
5.8100E+02	0.0000E+00	0.0000E+00	1.9936E+00
5.8200E+02	0.0000E+00	0.0000E+00	1.9899E+00
5.8300E+02	0.0000E+00	0.0000E+00	1.9783E+00
5.8400E+02	0.0000E+00	0.0000E+00	1.9760E+00
5.8500E+02	0.0000E+00	0.0000E+00	1.9753E+00
5.8600E+02	0.0000E+00	0.0000E+00	1.9738E+00
5.8700E+02	0.0000E+00	0.0000E+00	1.9747E+00
5.8800E+02	0.0000E+00	0.0000E+00	1.9789E+00
5.8900E+02	0.0000E+00	0.0000E+00	1.9919E+00
5.9000E+02	0.0000E+00	0.0000E+00	2.0049E+00
5.9100E+02	0.0000E+00	0.0000E+00	2.0248E+00
5.9200E+02	0.0000E+00	0.0000E+00	2.0577E+00
5.9300E+02	0.0000E+00	0.0000E+00	2.0789E+00
5.9400E+02	0.0000E+00	0.0000E+00	2.1005E+00
5.9500E+02	0.0000E+00	0.0000E+00	2.1132E+00
5.9600E+02	0.0000E+00	0.0000E+00	2.1129E+00
5.9700E+02	0.0000E+00	0.0000E+00	2.1171E+00
5.9800E+02	0.0000E+00	0.0000E+00	2.1038E+00
5.9900E+02	0.0000E+00	0.0000E+00	2.0924E+00
6.0000E+02	0.0000E+00	0.0000E+00	2.0876E+00
6.0100E+02	0.0000E+00	0.0000E+00	2.0832E+00
6.0200E+02	0.0000E+00	0.0000E+00	2.0687E+00
6.0300E+02	0.0000E+00	0.0000E+00	2.0627E+00
6.0400E+02	0.0000E+00	0.0000E+00	2.0469E+00
6.0500E+02	0.0000E+00	0.0000E+00	2.0466E+00
6.0600E+02	0.0000E+00	0.0000E+00	2.0476E+00
6.0700E+02	0.0000E+00	0.0000E+00	2.0327E+00
6.0800E+02	0.0000E+00	0.0000E+00	2.0405E+00
6.0900E+02	0.0000E+00	0.0000E+00	2.0323E+00
6.1000E+02	0.0000E+00	0.0000E+00	2.0354E+00
6.1100E+02	0.0000E+00	0.0000E+00	2.0324E+00
6.1200E+02	0.0000E+00	0.0000E+00	2.0394E+00
6.1300E+02	0.0000E+00	0.0000E+00	2.0444E+00
6.1400E+02	0.0000E+00	0.0000E+00	2.0494E+00
6.1500E+02	0.0000E+00	0.0000E+00	2.0761E+00
6.1600E+02	0.0000E+00	0.0000E+00	2.0877E+00
6.1700E+02	0.0000E+00	0.0000E+00	2.1023E+00
6.1800E+02	0.0000E+00	0.0000E+00	2.1119E+00
6.1900E+02	0.0000E+00	0.0000E+00	2.1369E+00
6.2000E+02	0.0000E+00	0.0000E+00	2.1426E+00
6.2100E+02	0.0000E+00	0.0000E+00	2.1430E+00
6.2200E+02	0.0000E+00	0.0000E+00	2.1476E+00
6.2300E+02	0.0000E+00	0.0000E+00	2.1320E+00
6.2400E+02	0.0000E+00	0.0000E+00	2.1306E+00
6.2500E+02	0.0000E+00	0.0000E+00	2.1368E+00
6.2600E+02	0.0000E+00	0.0000E+00	2.1372E+00
6.2700E+02	0.0000E+00	0.0000E+00	2.1324E+00
6.2800E+02	0.0000E+00	0.0000E+00	2.1217E+00
6.2900E+02	0.0000E+00	0.0000E+00	2.1187E+00
6.3000E+02	0.0000E+00	0.0000E+00	2.1085E+00
6.3100E+02	0.0000E+00	0.0000E+00	2.1069E+00
6.3200E+02	0.0000E+00	0.0000E+00	2.1166E+00
6.3300E+02	0.0000E+00	0.0000E+00	2.0997E+00
6.3400E+02	0.0000E+00	0.0000E+00	2.1034E+00
6.3500E+02	0.0000E+00	0.0000E+00	2.1058E+00
6.3600E+02	0.0000E+00	0.0000E+00	2.1106E+00
6.3700E+02	0.0000E+00	0.0000E+00	2.1056E+00
6.3800E+02	0.0000E+00	0.0000E+00	2.1078E+00
6.3900E+02	0.0000E+00	0.0000E+00	2.1143E+00
6.4000E+02	0.0000E+00	0.0000E+00	2.1126E+00
6.4100E+02	0.0000E+00	0.0000E+00	2.1172E+00
6.4200E+02	0.0000E+00	0.0000E+00	2.1409E+00
6.4300E+02	0.0000E+00	0.0000E+00	2.1567E+00
6.4400E+02	0.0000E+00	0.0000E+00	2.1811E+00
6.4500E+02	0.0000E+00	0.0000E+00	2.1853E+00
6.4600E+02	0.0000E+00	0.0000E+00	2.2007E+00
6.4700E+02	0.0000E+00	0.0000E+00	2.1845E+00
6.4800E+02	0.0000E+00	0.0000E+00	2.1759E+00
6.4900E+02	0.0000E+00	0.0000E+00	2.1774E+00
6.5000E+02	0.0000E+00	0.0000E+00	2.1776E+00
6.5100E+02	0.0000E+00	0.0000E+00	2.1652E+00
6.5200E+02	0.0000E+00	0.0000E+00	2.1636E+00
6.5300E+02	0.0000E+00	0.0000E+00	2.1697E+00
6.5400E+02	0.0000E+00	0.0000E+00	2.1469E+00
6.5500E+02	0.0000E+00	0.0000E+00	2.1542E+00
6.5600E+02	0.0000E+00	0.0000E+00	2.1476E+00
6.5700E+02	0.0000E+00	0.0000E+00	2.1316E+00
6.5800E+02	0.0000E+00	0.0000E+00	2.1496E+00
6.5900E+02	0.0000E+00	0.0000E+00	2.1458E+00
6.6000E+02	0.0000E+00	0.0000E+00	2.1366E+00
6.6100E+02	0.0000E+00	0.0000E+00	2.1496E+00
6.6200E+02	0.0000E+00	0.0000E+00	2.1347E+00
6.6300E+02	0.0000E+00	0.0000E+00	2.1450E+00
6.6400E+02	0.0000E+00	0.0000E+00	2.1560E+00
6.6500E+02	0.0000E+00	0.0000E+00	2.1614E+00
6.6600E+02	0.0000E+00	0.0000E+00	2.1863E+00
6.6700E+02	0.0000E+00	0.0000E+00	2.2028E+00
6.6800E+02	0.0000E+00	0.0000E+00	2.2207E+00
6.6900E+02	0.0000E+00	0.0000E+00	2.2359E+00
6.7000E+02	0.0000E+00	0.0000E+00	2.2477E+00
6.7100E+02	0.0000E+00	0.0000E+00	2.2496E+00
6.7200E+02	0.0000E+00	0.0000E+00	2.2469E+00
6.7300E+02	0.0000E+00	0.0000E+00	2.2464E+00
6.7400E+02	0.0000E+00	0.0000E+00	2.2456E+00
6.7500E+02	0.0000E+00	0.0000E+00	2.2527E+00
6.7600E+02	0.0000E+00	0.0000E+00	2.2363E+00
6.7700E+02	0.0000E+00	0.0000E+00	2.2233E+00
6.7800E+02	0.0000E+00	0.0000E+00	2.2294E+00
6.7900E+02	0.0000E+00	0.0000E+00	2.2091E+00
6.8000E+02	0.0000E+00	0.0000E+00	2.2187E+00
6.8100E+02	0.0000E+00	0.0000E+00	2.2149E+00
6.8200E+02	0.0000E+00	0.0000E+00	2.2042E+00
6.8300E+02	0.0000E+00	0.0000E+00	2.2082E+00
6.8400E+02	0.0000E+00	0.0000E+00	2.2112E+00
6.8500E+02	0.0000E+00	0.0000E+00	2.2039E+00
6.8600E+02	0.0000E+00	0.0000E+00	2.1944E+00
6.8700E+02	0.0000E+00	0.0000E+00	2.1891E+00
6.8800E+02	0.0000E+00	0.0000E+00	2.1878E+00
6.8900E+02	0.0000E+00	0.0000E+00	2.1840E+00
6.9000E+02	0.0000E+00	0.0000E+00	2.1660E+00
6.9100E+02	0.0000E+00	0.0000E+00	2.1711E+00
6.9200E+02	0.0000E+00	0.0000E+00	2.1625E+00
6.9300E+02	0.0000E+00	0.0000E+00	2.1658E+00
6.9400E+02	0.0000E+00	0.0000E+00	2.1560E+00
6.9500E+02	0.0000E+00	0.0000E+00	2.1493E+00
6.9600E+02	0.0000E+00	0.0000E+00	2.1408E+00
6.9700E+02	0.0000E+00	0.0000E+00	2.1425E+00
6.9800E+02	0.0000E+00	0.0000E+00	2.1379E+00
6.9900E+02	0.0000E+00	0.0000E+00	2.1262E+00
7.0000E+02	0.0000E+00	0.0000E+00	2.1229E+00
7.0100E+02	0.0000E+00	0.0000E+00	2.1207E+00
7.0200E+02	0.0000E+00	0.0000E+00	2.1244E+00
7.0300E+02	0.0000E+00	0.0000E+00	2.1148E+00
7.0400E+02	0.0000E+00	0.0000E+00	2.1111E+00
7.0500E+02	0.0000E+00	0.0000E+00	2.1043E+00
7.0600E+02	0.0000E+00	0.0000E+00	2.1002E+00
7.0700E+02	0.0000E+00	0.0000E+00	2.1015E+00
7.0800E+02	0.0000E+00	0.0000E+00	2.1001E+00
7.0900E+02	0.0000E+00	0.0000E+00	2.0994E+00
7.1000E+02	0.0000E+00	0.0000E+00	2.0894E+00
7.1100E+02	0.0000E+00	0.0000E+00	2.0919E+00
7.1200E+02	0.0000E+00	0.0000E+00	2.0873E+00
7.1300E+02	0.0000E+00	0.0000E+00	2.0849E+00
7.1400E+02	0.0000E+00	0.0000E+00	2.0853E+00
7.1500E+02	0.0000E+00	0.0000E+00	2.0936E+00
7.1600E+02	0.0000E+00	0.0000E+00	2.0856E+00
7.1700E+02	0.0000E+00	0.0000E+00	2.0784E+00
7.1800E+02	0.0000E+00	0.0000E+00	2.0757E+00
7.1900E+02	0.0000E+00	0.0000E+00	2.0641E+00
7.2000E+02	0.0000E+00	0.0000E+00	2.0564E+00
7.2100E+02	0.0000E+00	0.0000E+00	2.0521E+00
7.2200E+02	0.0000E+00	0.0000E+00	2.0448E+00
7.2300E+02	0.0000E+00	0.0000E+00	2.0433E+00
7.2400E+02	0.0000E+00	0.0000E+00	2.0434E+00
7.2500E+02	0.0000E+00	0.0000E+00	2.0386E+00
7.2600E+02	0.0000E+00	0.0000E+00	2.0346E+00
7.2700E+02	0.0000E+00	0.0000E+00	2.0256E+00
7.2800E+02	0.0000E+00	0.0000E+00	2.0254E+00
7.2900E+02	0.0000E+00	0.0000E+00	2.0287E+00
7.3000E+02	0.0000E+00	0.0000E+00	2.0296E+00
7.3100E+02	0.0000E+00	0.0000E+00	2.0276E+00
7.3200E+02	0.0000E+00	0.0000E+00	2.0260E+00
7.3300E+02	0.0000E+00	0.0000E+00	2.0268E+00
7.3400E+02	0.0000E+00	0.0000E+00	2.0212E+00
7.3500E+02	0.0000E+00	0.0000E+00	2.0232E+00
7.3600E+02	0.0000E+00	0.0000E+00	2.0172E+00
7.3700E+02	0.0000E+00	0.0000E+00	2.0151E+00
7.3800E+02	0.0000E+00	0.0000E+00	2.0092E+00
7.3900E+02	0.0000E+00	0.0000E+00	2.0130E+00
7.4000E+02	0.0000E+00	0.0000E+00	2.0100E+00
7.4100E+02	0.0000E+00	0.0000E+00	2.0039E+00
7.4200E+02	0.0000E+00	0.0000E+00	2.0055E+00
7.4300E+02	0.0000E+00	0.0000E+00	1.9990E+00
7.4400E+02	0.0000E+00	0.0000E+00	1.9947E+00
7.4500E+02	0.0000E+00	0.0000E+00	1.9954E+00
7.4600E+02	0.0000E+00	0.0000E+00	1.9940E+00
7.4700E+02	0.0000E+00	0.0000E+00	1.9865E+00
7.4800E+02	0.0000E+00	0.0000E+00	1.9866E+00
7.4900E+02	0.0000E+00	0.0000E+00	1.9879E+00
7.5000E+02	0.0000E+00	0.0000E+00	1.9842E+00
7.5100E+02	0.0000E+00	0.0000E+00	1.9917E+00
7.5200E+02	0.0000E+00	0.0000E+00	1.9906E+00
7.5300E+02	0.0000E+00	0.0000E+00	1.9902E+00
7.5400E+02	0.0000E+00	0.0000E+00	1.9896E+00
7.5500E+02	0.0000E+00	0.0000E+00	1.9911E+00
7.5600E+02	0.0000E+00	0.0000E+00	1.9890E+00
7.5700E+02	0.0000E+00	0.0000E+00	1.9913E+00
7.5800E+02	0.0000E+00	0.0000E+00	1.9893E+00
7.5900E+02	0.0000E+00	0.0000E+00	1.9993E+00
7.6000E+02	0.0000E+00	0.0000E+00	1.9999E+00
7.6100E+02	0.0000E+00	0.0000E+00	2.0009E+00
7.6200E+02	0.0000E+00	0.0000E+00	2.0011E+00
7.6300E+02	0.0000E+00	0.0000E+00	1.9949E+00
7.6400E+02	0.0000E+00	0.0000E+00	1.9932E+00
7.6500E+02	0.0000E+00	0.0000E+00	1.9870E+00
7.6600E+02	0.0000E+00	0.0000E+00	1.9794E+00
7.6700E+02	0.0000E+00	0.0000E+00	1.9714E+00
7.6800E+02	0.0000E+00	0.0000E+00	1.9678E+00
7.6900E+02	0.0000E+00	0.0000E+00	1.9606E+00
7.7000E+02	0.0000E+00	0.0000E+00	1.9576E+00
7.7100E+02	0.0000E+00	0.0000E+00	1.9540E+00
7.7200E+02	0.0000E+00	0.0000E+00	1.9481E+00
7.7300E+02	0.0000E+00	0.0000E+00	1.9486E+00
7.7400E+02	0.0000E+00	0.0000E+00	1.9470E+00
7.7500E+02	0.0000E+00	0.0000E+00	1.9459E+00
7.7600E+02	0.0000E+00	0.0000E+00	1.9426E+00
7.7700E+02	0.0000E+00	0.0000E+00	1.9422E+00
7.7800E+02	0.0000E+00	0.0000E+00	1.9430E+00
7.7900E+02	0.0000E+00	0.0000E+00	1.9468E+00
7.8000E+02	0.0000E+00	0.0000E+00	1.9497E+00
7.8100E+02	0.0000E+00	0.0000E+00	1.9477E+00
7.8200E+02	0.0000E+00	0.0000E+00	1.9470E+00
7.8300E+02	0.0000E+00	0.0000E+00	1.9465E+00
7.8400E+02	0.0000E+00	0.0000E+00	1.9483E+00
7.8500E+02	0.0000E+00	0.0000E+00	1.9400E+00
7.8600E+02	0.0000E+00	0.0000E+00	1.9408E+00
7.8700E+02	0.0000E+00	0.0000E+00	1.9419E+00
7.8800E+02	0.0000E+00	0.0000E+00	1.9353E+00
7.8900E+02	0.0000E+00	0.0000E+00	1.9322E+00
7.9000E+02	0.0000E+00	0.0000E+00	1.9304E+00
7.9100E+02	0.0000E+00	0.0000E+00	1.9321E+00
7.9200E+02	0.0000E+00	0.0000E+00	1.9338E+00
7.9300E+02	0.0000E+00	0.0000E+00	1.9252E+00
7.9400E+02	0.0000E+00	0.0000E+00	1.9203E+00
7.9500E+02	0.0000E+00	0.0000E+00	1.9219E+00
7.9600E+02	0.0000E+00	0.0000E+00	1.9148E+00
7.9700E+02	0.0000E+00	0.0000E+00	1.9113E+00
7.9800E+02	0.0000E+00	0.0000E+00	1.9162E+00
7.9900E+02	0.0000E+00	0.0000E+00	1.9145E+00
8.0000E+02	0.0000E+00	0.0000E+00	1.9127E+00
8.0100E+02	0.0000E+00	0.0000E+00	1.9100E+00
8.0200E+02	0.0000E+00	0.0000E+00	1.9093E+00
8.0300E+02	0.0000E+00	0.0000E+00	1.9087E+00
8.0400E+02	0.0000E+00	0.0000E+00	1.9090E+00
8.0500E+02	0.0000E+00	0.0000E+00	1.9056E+00
8.0600E+02	0.0000E+00	0.0000E+00	1.9039E+00
8.0700E+02	0.0000E+00	0.0000E+00	1.9009E+00
8.0800E+02	0.0000E+00	0.0000E+00	1.9015E+00
8.0900E+02	0.0000E+00	0.0000E+00	1.9034E+00
8.1000E+02	0.0000E+00	0.0000E+00	1.9027E+00
8.1100E+02	0.0000E+00	0.0000E+00	1.9034E+00
8.1200E+02	0.0000E+00	0.0000E+00	1.9055E+00
8.1300E+02	0.0000E+00	0.0000E+00	1.8985E+00
8.1400E+02	0.0000E+00	0.0000E+00	1.8990E+00
8.1500E+02	0.0000E+00	0.0000E+00	1.8997E+00
8.1600E+02	0.0000E+00	0.0000E+00	1.8985E+00
8.1700E+02	0.0000E+00	0.0000E+00	1.8985E+00
8.1800E+02	0.0000E+00	0.0000E+00	1.8982E+00
8.1900E+02	0.0000E+00	0.0000E+00	1.8965E+00
8.2000E+02	0.0000E+00	0.0000E+00	1.8951E+00
8.2100E+02	0.0000E+00	0.0000E+00	1.8885E+00
8.2200E+02	0.0000E+00	0.0000E+00	1.8873E+00
8.2300E+02	0.0000E+00	0.0000E+00	1.8894E+00
8.2400E+02	0.0000E+00	0.0000E+00	1.8892E+00
8.2500E+02	0.0000E+00	0.0000E+00	1.8897E+00
8.2600E+02	0.0000E+00	0.0000E+00	1.8870E+00
8.2700E+02	0.0000E+00	0.0000E+00	1.8879E+00
8.2800E+02	0.0000E+00	0.0000E+00	1.8850E+00
8.2900E+02	0.0000E+00	0.0000E+00	1.8836E+00
8.3000E+02	0.0000E+00	0.0000E+00	1.8819E+00
8.3100E+02	0.0000E+00	0.0000E+00	1.8797E+00
8.3200E+02	0.0000E+00	0.0000E+00	1.8848E+00
8.3300E+02	0.0000E+00	0.0000E+00	1.8908E+00
8.3400E+02	0.0000E+00	0.0000E+00	1.8947E+00
8.3500E+02	0.0000E+00	0.0000E+00	1.8994E+00
8.3600E+02	0.0000E+00	0.0000E+00	1.9082E+00
8.3700E+02	0.0000E+00	0.0000E+00	1.9010E+00
8.3800E+02	0.0000E+00	0.0000E+00	1.8964E+00
8.3900E+02	0.0000E+00	0.0000E+00	1.8947E+00
8.4000E+02	0.0000E+00	0.0000E+00	1.8908E+00
8.4100E+02	0.0000E+00	0.0000E+00	1.8862E+00
8.4200E+02	0.0000E+00	0.0000E+00	1.8817E+00
8.4300E+02	0.0000E+00	0.0000E+00	1.8803E+00
8.4400E+02	0.0000E+00	0.0000E+00	1.8789E+00
8.4500E+02	0.0000E+00	0.0000E+00	1.8734E+00
8.4600E+02	0.0000E+00	0.0000E+00	1.8686E+00
8.4700E+02	0.0000E+00	0.0000E+00	1.8698E+00
8.4800E+02	0.0000E+00	0.0000E+00	1.8706E+00
8.4900E+02	0.0000E+00	0.0000E+00	1.8695E+00
8.5000E+02	0.0000E+00	0.0000E+00	1.8711E+00
8.5100E+02	0.0000E+00	0.0000E+00	1.8710E+00
8.5200E+02	0.0000E+00	0.0000E+00	1.8711E+00
8.5300E+02	0.0000E+00	0.0000E+00	1.8719E+00
8.5400E+02	0.0000E+00	0.0000E+00	1.8716E+00
8.5500E+02	0.0000E+00	0.0000E+00	1.8674E+00
8.5600E+02	0.0000E+00	0.0000E+00	1.8691E+00
8.5700E+02	0.0000E+00	0.0000E+00	1.8733E+00
8.5800E+02	0.0000E+00	0.0000E+00	1.8744E+00
8.5900E+02	0.0000E+00	0.0000E+00	1.8819E+00
8.6000E+02	0.0000E+00	0.0000E+00	1.8872E+00
8.6100E+02	0.0000E+00	0.0000E+00	1.8887E+00
8.6200E+02	0.0000E+00	0.0000E+00	1.8924E+00
8.6300E+02	0.0000E+00	0.0000E+00	1.8921E+00
8.6400E+02	0.0000E+00	0.0000E+00	1.8960E+00
8.6500E+02	0.0000E+00	0.0000E+00	1.8940E+00
8.6600E+02	0.0000E+00	0.0000E+00	1.8924E+00
8.6700E+02	0.0000E+00	0.0000E+00	1.8865E+00
8.6800E+02	0.0000E+00	0.0000E+00	1.8891E+00
8.6900E+02	0.0000E+00	0.0000E+00	1.8867E+00
8.7000E+02	0.0000E+00	0.0000E+00	1.8807E+00
8.7100E+02	0.0000E+00	0.0000E+00	1.8765E+00
8.7200E+02	0.0000E+00	0.0000E+00	1.8786E+00
8.7300E+02	0.0000E+00	0.0000E+00	1.8755E+00
8.7400E+02	0.0000E+00	0.0000E+00	1.8793E+00
8.7500E+02	0.0000E+00	0.0000E+00	1.8799E+00
8.7600E+02	0.0000E+00	0.0000E+00	1.8784E+00
8.7700E+02	0.0000E+00	0.0000E+00	1.8787E+00
8.7800E+02	0.0000E+00	0.0000E+00	1.8730E+00
8.7900E+02	0.0000E+00	0.0000E+00	1.8756E+00
8.8000E+02	0.0000E+00	0.0000E+00	1.8779E+00
8.8100E+02	0.0000E+00	0.0000E+00	1.8832E+00
8.8200E+02	0.0000E+00	0.0000E+00	1.8912E+00
8.8300E+02	0.0000E+00	0.0000E+00	1.8999E+00
8.8400E+02	0.0000E+00	0.0000E+00	1.9070E+00
8.8500E+02	0.0000E+00	0.0000E+00	1.9134E+00
8.8600E+02	0.0000E+00	0.0000E+00	1.9192E+00
8.8700E+02	0.0000E+00	0.0000E+00	1.9271E+00
8.8800E+02	0.0000E+00	0.0000E+00	1.9267E+00
8.8900E+02	0.0000E+00	0.0000E+00	1.9321E+00
8.9000E+02	0.0000E+00	0.0000E+00	1.9305E+00
8.9100E+02	0.0000E+00	0.0000E+00	1.9240E+00
8.9200E+02	0.0000E+00	0.0000E+00	1.9216E+00
8.9300E+02	0.0000E+00	0.0000E+00	1.9242E+00
8.9400E+02	0.0000E+00	0.0000E+00	1.9180E+00
8.9500E+02	0.0000E+00	0.0000E+00	1.9133E+00
8.9600E+02	0.0000E+00	0.0000E+00	1.9139E+00
8.9700E+02	0.0000E+00	0.0000E+00	1.9109E+00
8.9800E+02	0.0000E+00	0.0000E+00	1.9129E+00
8.9900E+02	0.0000E+00	0.0000E+00	1.9162E+00
9.0000E+02	0.0000E+00	0.0000E+00	1.8491E+00
9.0100E+02	0.0000E+00	0.0000E+00	1.8506E+00
9.0200E+02	0.0000E+00	0.0000E+00	1.8510E+00
9.0300E+02	0.0000E+00	0.0000E+00	1.8511E+00
9.0400E+02	0.0000E+00	0.0000E+00	1.8546E+00
9.0500E+02	0.0000E+00	0.0000E+00	1.8621E+00
9.0600E+02	0.0000E+00	0.0000E+00	1.8666E+00
9.0700E+02	0.0000E+00	0.0000E+00	1.8669E+00
9.0800E+02	0.0000E+00	0.0000E+00	1.8748E+00
9.0900E+02	0.0000E+00	0.0000E+00	1.8776E+00
9.1000E+02	0.0000E+00	0.0000E+00	1.8822E+00
9.1100E+02	0.0000E+00	0.0000E+00	1.8820E+00
9.1200E+02	0.0000E+00	0.0000E+00	1.8793E+00
9.1300E+02	0.0000E+00	0.0000E+00	1.8811E+00
9.1400E+02	0.0000E+00	0.0000E+00	1.8790E+00
9.1500E+02	0.0000E+00	0.0000E+00	1.8771E+00
9.1600E+02	0.0000E+00	0.0000E+00	1.8771E+00
9.1700E+02	0.0000E+00	0.0000E+00	1.8720E+00
9.1800E+02	0.0000E+00	0.0000E+00	1.8704E+00
9.1900E+02	0.0000E+00	0.0000E+00	1.8690E+00
9.2000E+02	0.0000E+00	0.0000E+00	1.8699E+00
9.2100E+02	0.0000E+00	0.0000E+00	1.8720E+00
9.2200E+02	0.0000E+00	0.0000E+00	1.8699E+00
9.2300E+02	0.0000E+00	0.0000E+00	1.8678E+00
9.2400E+02	0.0000E+00	0.0000E+00	1.8636E+00
9.2500E+02	0.0000E+00	0.0000E+00	1.8614E+00
9.2600E+02	0.0000E+00	0.0000E+00	1.8623E+00
9.2700E+02	0.0000E+00	0.0000E+00	1.8616E+00
9.2800E+02	0.0000E+00	0.0000E+00	1.8567E+00
9.2900E+02	0.0000E+00	0.0000E+00	1.8587E+00
9.3000E+02	0.0000E+00	0.0000E+00	1.8615E+00
9.3100E+02	0.0000E+00	0.0000E+00	1.8646E+00
9.3200E+02	0.0000E+00	0.0000E+00	1.8660E+00
9.3300E+02	0.0000E+00	0.0000E+00	1.8686E+00
9.3400E+02	0.0000E+00	0.0000E+00	1.8681E+00
9.3500E+02	0.0000E+00	0.0000E+00	1.8683E+00
9.3600E+02	0.0000E+00	0.0000E+00	1.8688E+00
9.3700E+02	0.0000E+00	0.0000E+00	1.8702E+00
9.3800E+02	0.0000E+00	0.0000E+00	1.8720E+00
9.3900E+02	0.0000E+00	0.0000E+00	1.8686E+00
9.4000E+02	0.0000E+00	0.0000E+00	1.8690E+00
9.4100E+02	0.0000E+00	0.0000E+00	1.8661E+00
9.4200E+02	0.0000E+00	0.0000E+00	1.8603E+00
9.4300E+02	0.0000E+00	0.0000E+00	1.8569E+00
9.4400E+02	0.0000E+00	0.0000E+00	1.8543E+00
9.4500E+02	0.0000E+00	0.0000E+00	1.8579E+00
9.4600E+02	0.0000E+00	0.0000E+00	1.8579E+00
9.4700E+02	0.0000E+00	0.0000E+00	1.8590E+00
9.4800E+02	0.0000E+00	0.0000E+00	1.8564E+00
9.4900E+02	0.0000E+00	0.0000E+00	1.8566E+00
9.5000E+02	0.0000E+00	0.0000E+00	1.8549E+00
9.5100E+02	0.0000E+00	0.0000E+00	1.8572E+00
9.5200E+02	0.0000E+00	0.0000E+00	1.8514E+00
9.5300E+02	0.0000E+00	0.0000E+00	1.8496E+00
9.5400E+02	0.0000E+00	0.0000E+00	1.8522E+00
9.5500E+02	0.0000E+00	0.0000E+00	1.8533E+00
9.5600E+02	0.0000E+00	0.0000E+00	1.8532E+00
9.5700E+02	0.0000E+00	0.0000E+00	1.8558E+00
9.5800E+02	0.0000E+00	0.0000E+00	1.8536E+00
9.5900E+02	0.0000E+00	0.0000E+00	1.8571E+00
9.6000E+02	0.0000E+00	0.0000E+00	1.8557E+00
9.6100E+02	0.0000E+00	0.0000E+00	1.8583E+00
9.6200E+02	0.0000E+00	0.0000E+00	1.8599E+00
9.6300E+02	0.0000E+00	0.0000E+00	1.8596E+00
9.6400E+02	0.0000E+00	0.0000E+00	1.8568E+00
9.6500E+02	0.0000E+00	0.0000E+00	1.8562E+00
9.6600E+02	0.0000E+00	0.0000E+00	1.8533E+00
9.6700E+02	0.0000E+00	0.0000E+00	1.8556E+00
9.6800E+02	0.0000E+00	0.0000E+00	1.8543E+00
9.6900E+02	0.0000E+00	0.0000E+00	1.8520E+00
9.7000E+02	0.0000E+00	0.0000E+00	1.8511E+00
9.7100E+02	0.0000E+00	0.0000E+00	1.8545E+00
9.7200E+02	0.0000E+00	0.0000E+00	1.8534E+00
9.7300E+02	0.0000E+00	0.0000E+00	1.8541E+00
9.7400E+02	0.0000E+00	0.0000E+00	1.8528E+00
9.7500E+02	0.0000E+00	0.0000E+00	1.8533E+00
9.7600E+02	0.0000E+00	0.0000E+00	1.8497E+00
9.7700E+02	0.0000E+00	0.0000E+00	1.8508E+00
9.7800E+02	0.0000E+00	0.0000E+00	1.8529E+00
9.7900E+02	0.0000E+00	0.0000E+00	1.8606E+00
9.8000E+02	0.0000E+00	0.0000E+00	1.8638E+00
9.8100E+02	0.0000E+00	0.0000E+00	1.8682E+00
9.8200E+02	0.0000E+00	0.0000E+00	1.8742E+00
9.8300E+02	0.0000E+00	0.0000E+00	1.8736E+00
9.8400E+02	0.0000E+00	0.0000E+00	1.8724E+00
9.8500E+02	0.0000E+00	0.0000E+00	1.8659E+00
9.8600E+02	0.0000E+00	0.0000E+00	1.8621E+00
9.8700E+02	0.0000E+00	0.0000E+00	1.8625E+00
9.8800E+02	0.0000E+00	0.0000E+00	1.8579E+00
9.8900E+02	0.0000E+00	0.0000E+00	1.8607E+00
9.9000E+02	0.0000E+00	0.0000E+00	1.8533E+00
9.9100E+02	0.0000E+00	0.0000E+00	1.8505E+00
9.9200E+02	0.0000E+00	0.0000E+00	1.8483E+00
9.9300E+02	0.0000E+00	0.0000E+00	1.8511E+00
9.9400E+02	0.0000E+00	0.0000E+00	1.8512E+00
9.9500E+02	0.0000E+00	0.0000E+00	1.8537E+00
9.9600E+02	0.0000E+00	0.0000E+00	1.8477E+00
9.9700E+02	0.0000E+00	0.0000E+00	1.8459E+00
9.9800E+02	0.0000E+00	0.0000E+00	1.8440E+00
9.9900E+02	0.0000E+00	0.0000E+00	1.8488E+00
1.0000E+03	0.0000E+00	0.0000E+00	1.8477E+00
1.0010E+03	0.0000E+00	0.0000E+00	1.8593E+00
1.0020E+03	0.0000E+00	0.0000E+00	1.8658E+00
1.0030E+03	0.0000E+00	0.0000E+00	1.8796E+00
1.0040E+03	0.0000E+00	0.0000E+00	1.8928E+00
1.0050E+03	0.0000E+00	0.0000E+00	1.9027E+00
1.0060E+03	0.0000E+00	0.0000E+00	1.9117E+00
1.0070E+03	0.0000E+00	0.0000E+00	1.9161E+00
1.0080E+03	0.0000E+00	0.0000E+00	1.9183E+00
1.0090E+03	0.0000E+00	0.0000E+00	1.9193E+00
1.0100E+03	0.0000E+00	0.0000E+00	1.9176E+00
1.0110E+03	0.0000E+00	0.0000E+00	1.9134E+00
1.0120E+03	0.0000E+00	0.0000E+00	1.9093E+00
1.0130E+03	0.0000E+00	0.0000E+00	1.9058E+00
1.0140E+03	0.0000E+00	0.0000E+00	1.9040E+00
1.0150E+03	0.0000E+00	0.0000E+00	1.9030E+00
1.0160E+03	0.0000E+00	0.0000E+00	1.9014E+00
1.0170E+03	0.0000E+00	0.0000E+00	1.8992E+00
1.0180E+03	0.0000E+00	0.0000E+00	1.8998E+00
1.0190E+03	0.0000E+00	0.0000E+00	1.8989E+00
1.0200E+03	0.0000E+00	0.0000E+00	1.8970E+00
1.0210E+03	0.0000E+00	0.0000E+00	1.8978E+00
1.0220E+03	0.0000E+00	0.0000E+00	1.8982E+00
1.0230E+03	0.0000E+00	0.0000E+00	1.8964E+00
1.0240E+03	0.0000E+00	0.0000E+00	1.8986E+00
1.0250E+03	0.0000E+00	0.0000E+00	1.9121E+00
1.0260E+03	0.0000E+00	0.0000E+00	1.9175E+00
1.0270E+03	0.0000E+00	0.0000E+00	1.9239E+00
1.0280E+03	0.0000E+00	0.0000E+00	1.9351E+00
1.0290E+03	0.0000E+00	0.0000E+00	1.9436E+00
1.0300E+03	0.0000E+00	0.0000E+00	1.9492E+00
1.0310E+03	0.0000E+00	0.0000E+00	1.9535E+00
1.0320E+03	0.0000E+00	0.0000E+00	1.9561E+00
1.0330E+03	0.0000E+00	0.0000E+00	1.9538E+00
1.0340E+03	0.0000E+00	0.0000E+00	1.9517E+00
1.0350E+03	0.0000E+00	0.0000E+00	1.9474E+00
1.0360E+03	0.0000E+00	0.0000E+00	1.9457E+00
1.0370E+03	0.0000E+00	0.0000E+00	1.9401E+00
1.0380E+03	0.0000E+00	0.0000E+00	1.9425E+00
1.0390E+03	0.0000E+00	0.0000E+00	1.9371E+00
1.0400E+03	0.0000E+00	0.0000E+00	1.9405E+00
1.0410E+03	0.0000E+00	0.0000E+00	1.9374E+00
1.0420E+03	0.0000E+00	0.0000E+00	1.9353E+00
1.0430E+03	0.0000E+00	0.0000E+00	1.9324E+00
1.0440E+03	0.0000E+00	0.0000E+00	1.9330E+00
1.0450E+03	0.0000E+00	0.0000E+00	1.9264E+00
1.0460E+03	0.0000E+00	0.0000E+00	1.9346E+00
1.0470E+03	0.0000E+00	0.0000E+00	1.9397E+00
1.0480E+03	0.0000E+00	0.0000E+00	1.9434E+00
1.0490E+03	0.0000E+00	0.0000E+00	1.9504E+00
1.0500E+03	0.0000E+00	0.0000E+00	1.9640E+00
1.0510E+03	0.0000E+00	0.0000E+00	1.9870E+00
1.0520E+03	0.0000E+00	0.0000E+00	2.0152E+00
1.0530E+03	0.0000E+00	0.0000E+00	2.0383E+00
1.0540E+03	0.0000E+00	0.0000E+00	2.0493E+00
1.0550E+03	0.0000E+00	0.0000E+00	2.0555E+00
1.0560E+03	0.0000E+00	0.0000E+00	2.0586E+00
1.0570E+03	0.0000E+00	0.0000E+00	2.0554E+00
1.0580E+03	0.0000E+00	0.0000E+00	2.0560E+00
1.0590E+03	0.0000E+00	0.0000E+00	2.0534E+00
1.0600E+03	0.0000E+00	0.0000E+00	2.0516E+00
1.0610E+03	0.0000E+00	0.0000E+00	2.0475E+00
1.0620E+03	0.0000E+00	0.0000E+00	2.0505E+00
1.0630E+03	0.0000E+00	0.0000E+00	2.0408E+00
1.0640E+03	0.0000E+00	0.0000E+00	2.0374E+00
1.0650E+03	0.0000E+00	0.0000E+00	2.0352E+00
1.0660E+03	0.0000E+00	0.0000E+00	2.0379E+00
1.0670E+03	0.0000E+00	0.0000E+00	2.0324E+00
1.0680E+03	0.0000E+00	0.0000E+00	2.0292E+00
1.0690E+03	0.0000E+00	0.0000E+00	2.0314E+00
1.0700E+03	0.0000E+00	0.0000E+00	2.0317E+00
1.0710E+03	0.0000E+00	0.0000E+00	2.0345E+00
1.0720E+03	0.0000E+00	0.0000E+00	2.0333E+00
1.0730E+03	0.0000E+00	0.0000E+00	2.0517E+00
1.0740E+03	0.0000E+00	0.0000E+00	2.0534E+00
1.0750E+03	0.0000E+00	0.0000E+00	2.0623E+00
1.0760E+03	0.0000E+00	0.0000E+00	2.0786E+00
1.0770E+03	0.0000E+00	0.0000E+00	2.0849E+00
1.0780E+03	0.0000E+00	0.0000E+00	2.0926E+00
1.0790E+03	0.0000E+00	0.0000E+00	2.0970E+00
1.0800E+03	0.0000E+00	0.0000E+00	2.1029E+00
1.0810E+03	0.0000E+00	0.0000E+00	2.1004E+00
1.0820E+03	0.0000E+00	0.0000E+00	2.0994E+00
1.0830E+03	0.0000E+00	0.0000E+00	2.0946E+00
1.0840E+03	0.0000E+00	0.0000E+00	2.0980E+00
1.0850E+03	0.0000E+00	0.0000E+00	2.0924E+00
1.0860E+03	0.0000E+00	0.0000E+00	2.0926E+00
1.0870E+03	0.0000E+00	0.0000E+00	2.0890E+00
1.0880E+03	0.0000E+00	0.0000E+00	2.0849E+00
1.0890E+03	0.0000E+00	0.0000E+00	2.0785E+00
1.0900E+03	0.0000E+00	0.0000E+00	2.0772E+00
1.0910E+03	0.0000E+00	0.0000E+00	2.0740E+00
1.0920E+03	0.0000E+00	0.0000E+00	2.0755E+00
1.0930E+03	0.0000E+00	0.0000E+00	2.0715E+00
1.0940E+03	0.0000E+00	0.0000E+00	2.0701E+00
1.0950E+03	0.0000E+00	0.0000E+00	2.0746E+00
1.0960E+03	0.0000E+00	0.0000E+00	2.0751E+00
1.0970E+03	0.0000E+00	0.0000E+00	2.0771E+00
1.0980E+03	0.0000E+00	0.0000E+00	2.0849E+00
1.0990E+03	0.0000E+00	0.0000E+00	2.0970E+00
1.1000E+03	0.0000E+00	0.0000E+00	2.1046E+00
1.1010E+03	0.0000E+00	0.0000E+00	2.1154E+00
1.1020E+03	0.0000E+00	0.0000E+00	2.1199E+00
1.1030E+03	0.0000E+00	0.0000E+00	2.1212E+00
1.1040E+03	0.0000E+00	0.0000E+00	2.1307E+00
1.1050E+03	0.0000E+00	0.0000E+00	2.1255E+00
1.1060E+03	0.0000E+00	0.0000E+00	2.1269E+00
1.1070E+03	0.0000E+00	0.0000E+00	2.1146E+00
1.1080E+03	0.0000E+00	0.0000E+00	2.1171E+00
1.1090E+03	0.0000E+00	0.0000E+00	2.1168E+00
1.1100E+03	0.0000E+00	0.0000E+00	2.1079E+00
1.1110E+03	0.0000E+00	0.0000E+00	2.1033E+00
1.1120E+03	0.0000E+00	0.0000E+00	2.1046E+00
1.1130E+03	0.0000E+00	0.0000E+00	2.1028E+00
1.1140E+03	0.0000E+00	0.0000E+00	2.0989E+00
1.1150E+03	0.0000E+00	0.0000E+00	2.0980E+00
1.1160E+03	0.0000E+00	0.0000E+00	2.0936E+00
1.1170E+03	0.0000E+00	0.0000E+00	2.0940E+00
1.1180E+03	0.0000E+00	0.0000E+00	2.0944E+00
1.1190E+03	0.0000E+00	0.0000E+00	2.0889E+00
1.1200E+03	0.0000E+00	0.0000E+00	2.0970E+00
1.1210E+03	0.0000E+00	0.0000E+00	2.0972E+00
1.1220E+03	0.0000E+00	0.0000E+00	2.1015E+00
1.1230E+03	0.0000E+00	0.0000E+00	2.1166E+00
1.1240E+03	0.0000E+00	0.0000E+00	2.1379E+00
1.1250E+03	0.0000E+00	0.0000E+00	2.1476E+00
1.1260E+03	0.0000E+00	0.0000E+00	2.1628E+00
1.1270E+03	0.0000E+00	0.0000E+00	2.1600E+00
1.1280E+03	0.0000E+00	0.0000E+00	2.1653E+00
1.1290E+03	0.0000E+00	0.0000E+00	2.1614E+00
1.1300E+03	0.0000E+00	0.0000E+00	2.1666E+00
1.1310E+03	0.0000E+00	0.0000E+00	2.1582E+00
1.1320E+03	0.0000E+00	0.0000E+00	2.1565E+00
1.1330E+03	0.0000E+00	0.0000E+00	2.1576E+00
1.1340E+03	0.0000E+00	0.0000E+00	2.1532E+00
1.1350E+03	0.0000E+00	0.0000E+00	2.1540E+00
1.1360E+03	0.0000E+00	0.0000E+00	2.1465E+00
1.1370E+03	0.0000E+00	0.0000E+00	2.1388E+00
1.1380E+03	0.0000E+00	0.0000E+00	2.1397E+00
1.1390E+03	0.0000E+00	0.0000E+00	2.1347E+00
1.1400E+03	0.0000E+00	0.0000E+00	2.1317E+00
1.1410E+03	0.0000E+00	0.0000E+00	2.1274E+00
1.1420E+03	0.0000E+00	0.0000E+00	2.1225E+00
1.1430E+03	0.0000E+00	0.0000E+00	2.1239E+00
1.1440E+03	0.0000E+00	0.0000E+00	2.1270E+00
1.1450E+03	0.0000E+00	0.0000E+00	2.1369E+00
1.1460E+03	0.0000E+00	0.0000E+00	2.1524E+00
1.1470E+03	0.0000E+00	0.0000E+00	2.1937E+00
1.1480E+03	0.0000E+00	0.0000E+00	2.2065E+00
1.1490E+03	0.0000E+00	0.0000E+00	2.2340E+00
1.1500E+03	0.0000E+00	0.0000E+00	2.2402E+00
1.1510E+03	0.0000E+00	0.0000E+00	2.2571E+00
1.1520E+03	0.0000E+00	0.0000E+00	2.2630E+00
1.1530E+03	0.0000E+00	0.0000E+00	2.2720E+00
1.1540E+03	0.0000E+00	0.0000E+00	2.2717E+00
1.1550E+03	0.0000E+00	0.0000E+00	2.2809E+00
1.1560E+03	0.0000E+00	0.0000E+00	2.2830E+00
1.1570E+03	0.0000E+00	0.0000E+00	2.2878E+00
1.1580E+03	0.0000E+00	0.0000E+00	2.2845E+00
1.1590E+03	0.0000E+00	0.0000E+00	2.2745E+00
1.1600E+03	0.0000E+00	0.0000E+00	2.2805E+00
1.1610E+03	0.0000E+00	0.0000E+00	2.2673E+00
1.1620E+03	0.0000E+00	0.0000E+00	2.2680E+00
1.1630E+03	0.0000E+00	0.0000E+00	2.2550E+00
1.1640E+03	0.0000E+00	0.0000E+00	2.2479E+00
1.1650E+03	0.0000E+00	0.0000E+00	2.2513E+00
1.1660E+03	0.0000E+00	0.0000E+00	2.2374E+00
1.1670E+03	0.0000E+00	0.0000E+00	2.2369E+00
1.1680E+03	0.0000E+00	0.0000E+00	2.2439E+00
1.1690E+03	0.0000E+00	0.0000E+00	2.2416E+00
1.1700E+03	0.0000E+00	0.0000E+00	2.2572E+00
1.1710E+03	0.0000E+00	0.0000E+00	2.2649E+00
1.1720E+03	0.0000E+00	0.0000E+00	2.2840E+00
1.1730E+03	0.0000E+00	0.0000E+00	2.3027E+00
1.1740E+03	0.0000E+00	0.0000E+00	2.3189E+00
1.1750E+03	0.0000E+00	0.0000E+00	2.3300E+00
1.1760E+03	0.0000E+00	0.0000E+00	2.3435E+00
1.1770E+03	0.0000E+00	0.0000E+00	2.3473E+00
1.1780E+03	0.0000E+00	0.0000E+00	2.3582E+00
1.1790E+03	0.0000E+00	0.0000E+00	2.3645E+00
1.1800E+03	0.0000E+00	0.0000E+00	2.3682E+00
1.1810E+03	0.0000E+00	0.0000E+00	2.3571E+00
1.1820E+03	0.0000E+00	0.0000E+00	2.3504E+00
1.1830E+03	0.0000E+00	0.0000E+00	2.3548E+00
1.1840E+03	0.0000E+00	0.0000E+00	2.3524E+00
1.1850E+03	0.0000E+00	0.0000E+00	2.3461E+00
1.1860E+03	0.0000E+00	0.0000E+00	2.3363E+00
1.1870E+03	0.0000E+00	0.0000E+00	2.3362E+00
1.1880E+03	0.0000E+00	0.0000E+00	2.3253E+00
1.1890E+03	0.0000E+00	0.0000E+00	2.3176E+00
1.1900E+03	0.0000E+00	0.0000E+00	2.3122E+00
1.1910E+03	0.0000E+00	0.0000E+00	2.3044E+00
1.1920E+03	0.0000E+00	0.0000E+00	2.2983E+00
1.1930E+03	0.0000E+00	0.0000E+00	2.3032E+00
1.1940E+03	0.0000E+00	0.0000E+00	2.3033E+00
1.1950E+03	0.0000E+00	0.0000E+00	2.3089E+00
1.1960E+03	0.0000E+00	0.0000E+00	2.3196E+00
1.1970E+03	0.0000E+00	0.0000E+00	2.3311E+00
1.1980E+03	0.0000E+00	0.0000E+00	2.3303E+00
1.1990E+03	0.0000E+00	0.0000E+00	2.3449E+00
1.2000E+03	0.0000E+00	0.0000E+00	2.3508E+00
1.2010E+03	0.0000E+00	0.0000E+00	2.3488E+00
1.2020E+03	0.0000E+00	0.0000E+00	2.3559E+00
1.2030E+03	0.0000E+00	0.0000E+00	2.3630E+00
1.2040E+03	0.0000E+00	0.0000E+00	2.3701E+00
1.2050E+03	0.0000E+00	0.0000E+00	2.3631E+00
1.2060E+03	0.0000E+00	0.0000E+00	2.3696E+00
1.2070E+03	0.0000E+00	0.0000E+00	2.3537E+00
1.2080E+03	0.0000E+00	0.0000E+00	2.3588E+00
1.2090E+03	0.0000E+00	0.0000E+00	2.3548E+00
1.2100E+03	0.0000E+00	0.0000E+00	2.3393E+00
1.2110E+03	0.0000E+00	0.0000E+00	2.3349E+00
1.2120E+03	0.0000E+00	0.0000E+00	2.3341E+00
1.2130E+03	0.0000E+00	0.0000E+00	2.3189E+00
1.2140E+03	0.0000E+00	0.0000E+00	2.3159E+00
1.2150E+03	0.0000E+00	0.0000E+00	2.3046E+00
1.2160E+03	0.0000E+00	0.0000E+00	2.3100E+00
1.2170E+03	0.0000E+00	0.0000E+00	2.3115E+00
1.2180E+03	0.0000E+00	0.0000E+00	2.3120E+00
1.2190E+03	0.0000E+00	0.0000E+00	2.3284E+00
1.2200E+03	0.0000E+00	0.0000E+00	2.3376E+00
1.2210E+03	0.0000E+00	0.0000E+00	2.3546E+00
1.2220E+03	0.0000E+00	0.0000E+00	2.3690E+00
1.2230E+03	0.0000E+00	0.0000E+00	2.3803E+00
1.2240E+03	0.0000E+00	0.0000E+00	2.3979E+00
1.2250E+03	0.0000E+00	0.0000E+00	2.4021E+00
1.2260E+03	0.0000E+00	0.0000E+00	2.4165E+00
1.2270E+03	0.0000E+00	0.0000E+00	2.4236E+00
1.2280E+03	0.0000E+00	0.0000E+00	2.4235E+00
1.2290E+03	0.0000E+00	0.0000E+00	2.4250E+00
1.2300E+03	0.0000E+00	0.0000E+00	2.4165E+00
1.2310E+03	0.0000E+00	0.0000E+00	2.4118E+00
1.2320E+03	0.0000E+00	0.0000E+00	2.4051E+00
1.2330E+03	0.0000E+00	0.0000E+00	2.3989E+00
1.2340E+03	0.0000E+00	0.0000E+00	2.3871E+00
1.2350E+03	0.0000E+00	0.0000E+00	2.3849E+00
1.2360E+03	0.0000E+00	0.0000E+00	2.3639E+00
1.2370E+03	0.0000E+00	0.0000E+00	2.3701E+00
1.2380E+03	0.0000E+00	0.0000E+00	2.3579E+00
1.2390E+03	0.0000E+00	0.0000E+00	2.3413E+00
1.2400E+03	0.0000E+00	0.0000E+00	2.3437E+00
1.2410E+03	0.0000E+00	0.0000E+00	2.3358E+00
1.2420E+03	0.0000E+00	0.0000E+00	2.3307E+00
1.2430E+03	0.0000E+00	0.0000E+00	2.3430E+00
1.2440E+03	0.0000E+00	0.0000E+00	2.3340E+00
1.2450E+03	0.0000E+00	0.0000E+00	2.3438E+00
1.2460E+03	0.0000E+00	0.0000E+00	2.3495E+00
1.2470E+03	0.0000E+00	0.0000E+00	2.3596E+00
1.2480E+03	0.0000E+00	0.0000E+00	2.3652E+00
1.2490E+03	0.0000E+00	0.0000E+00	2.3659E+00
1.2500E+03	0.0000E+00	0.0000E+00	2.3670E+00
1.2510E+03	0.0000E+00	0.0000E+00	2.3613E+00
1.2520E+03	0.0000E+00	0.0000E+00	2.3670E+00
1.2530E+03	0.0000E+00	0.0000E+00	2.3613E+00
1.2540E+03	0.0000E+00	0.0000E+00	2.3632E+00
1.2550E+03	0.0000E+00	0.0000E+00	2.3554E+00
1.2560E+03	0.0000E+00	0.0000E+00	2.3523E+00
1.2570E+03	0.0000E+00	0.0000E+00	2.3390E+00
1.2580E+03	0.0000E+00	0.0000E+00	2.3441E+00
1.2590E+03	0.0000E+00	0.0000E+00	2.3273E+00
1.2600E+03	0.0000E+00	0.0000E+00	2.3233E+00
1.2610E+03	0.0000E+00	0.0000E+00	2.3193E+00
1.2620E+03	0.0000E+00	0.0000E+00	2.3109E+00
1.2630E+03	0.0000E+00	0.0000E+00	2.2957E+00
1.2640E+03	0.0000E+00	0.0000E+00	2.2919E+00
1.2650E+03	0.0000E+00	0.0000E+00	2.2940E+00
1.2660E+03	0.0000E+00	0.0000E+00	2.2949E+00
1.2670E+03	0.0000E+00	0.0000E+00	2.2985E+00
1.2680E+03	0.0000E+00	0.0000E+00	2.3026E+00
1.2690E+03	0.0000E+00	0.0000E+00	2.3139E+00
1.2700E+03	0.0000E+00	0.0000E+00	2.3225E+00
1.2710E+03	0.0000E+00	0.0000E+00	2.3213E+00
1.2720E+03	0.0000E+00	0.0000E+00	2.3369E+00
1.2730E+03	0.0000E+00	0.0000E+00	2.3452E+00
1.2740E+03	0.0000E+00	0.0000E+00	2.3385E+00
1.2750E+03	0.0000E+00	0.0000E+00	2.3477E+00
1.2760E+03	0.0000E+00	0.0000E+00	2.3450E+00
1.2770E+03	0.0000E+00	0.0000E+00	2.3478E+00
1.2780E+03	0.0000E+00	0.0000E+00	2.3410E+00
1.2790E+03	0.0000E+00	0.0000E+00	2.3370E+00
1.2800E+03	0.0000E+00	0.0000E+00	2.3296E+00
1.2810E+03	0.0000E+00	0.0000E+00	2.3239E+00
1.2820E+03	0.0000E+00	0.0000E+00	2.3220E+00
1.2830E+03	0.0000E+00	0.0000E+00	2.3027E+00
1.2840E+03	0.0000E+00	0.0000E+00	2.3068E+00
1.2850E+03	0.0000E+00	0.0000E+00	2.2983E+00
1.2860E+03	0.0000E+00	0.0000E+00	2.2900E+00
1.2870E+03	0.0000E+00	0.0000E+00	2.2770E+00
1.2880E+03	0.0000E+00	0.0000E+00	2.2736E+00
1.2890E+03	0.0000E+00	0.0000E+00	2.2607E+00
1.2900E+03	0.0000E+00	0.0000E+00	2.2666E+00
1.2910E+03	0.0000E+00	0.0000E+00	2.2735E+00
1.2920E+03	0.0000E+00	0.0000E+00	2.2819E+00
1.2930E+03	0.0000E+00	0.0000E+00	2.2917E+00
1.2940E+03	0.0000E+00	0.0000E+00	2.2962E+00
1.2950E+03	0.0000E+00	0.0000E+00	2.3045E+00
1.2960E+03	0.0000E+00	0.0000E+00	2.3134E+00
1.2970E+03	0.0000E+00	0.0000E+00	2.3124E+00
1.2980E+03	0.0000E+00	0.0000E+00	2.3258E+00
1.2990E+03	0.0000E+00	0.0000E+00	2.3248E+00
1.3000E+03	0.0000E+00	0.0000E+00	2.3286E+00
1.3010E+03	0.0000E+00	0.0000E+00	2.3252E+00
1.3020E+03	0.0000E+00	0.0000E+00	2.3251E+00
1.3030E+03	0.0000E+00	0.0000E+00	2.3153E+00
1.3040E+03	0.0000E+00	0.0000E+00	2.3131E+00
1.3050E+03	0.0000E+00	0.0000E+00	2.3025E+00
1.3060E+03	0.0000E+00	0.0000E+00	2.2985E+00
1.3070E+03	0.0000E+00	0.0000E+00	2.2998E+00
1.3080E+03	0.0000E+00	0.0000E+00	2.2864E+00
1.3090E+03	0.0000E+00	0.0000E+00	2.2832E+00
1.3100E+03	0.0000E+00	0.0000E+00	2.2740E+00
1.3110E+03	0.0000E+00	0.0000E+00	2.2719E+00
1.3120E+03	0.0000E+00	0.0000E+00	2.2591E+00
1.3130E+03	0.0000E+00	0.0000E+00	2.2572E+00
1.3140E+03	0.0000E+00	0.0000E+00	2.2618E+00
1.3150E+03	0.0000E+00	0.0000E+00	2.2694E+00
1.3160E+03	0.0000E+00	0.0000E+00	2.2855E+00
1.3170E+03	0.0000E+00	0.0000E+00	2.2987E+00
1.3180E+03	0.0000E+00	0.0000E+00	2.3163E+00
1.3190E+03	0.0000E+00	0.0000E+00	2.3273E+00
1.3200E+03	0.0000E+00	0.0000E+00	2.3348E+00
1.3210E+03	0.0000E+00	0.0000E+00	2.3469E+00
1.3220E+03	0.0000E+00	0.0000E+00	2.3650E+00
1.3230E+03	0.0000E+00	0.0000E+00	2.3679E+00
1.3240E+03	0.0000E+00	0.0000E+00	2.3774E+00
1.3250E+03	0.0000E+00	0.0000E+00	2.3824E+00
1.3260E+03	0.0000E+00	0.0000E+00	2.3747E+00
1.3270E+03	0.0000E+00	0.0000E+00	2.3769E+00
1.3280E+03	0.0000E+00	0.0000E+00	2.3814E+00
1.3290E+03	0.0000E+00	0.0000E+00	2.3741E+00
1.3300E+03	0.0000E+00	0.0000E+00	2.3684E+00
1.3310E+03	0.0000E+00	0.0000E+00	2.3610E+00
1.3320E+03	0.0000E+00	0.0000E+00	2.3559E+00
1.3330E+03	0.0000E+00	0.0000E+00	2.3418E+00
1.3340E+03	0.0000E+00	0.0000E+00	2.3336E+00
1.3350E+03	0.0000E+00	0.0000E+00	2.3310E+00
1.3360E+03	0.0000E+00	0.0000E+00	2.3196E+00
1.3370E+03	0.0000E+00	0.0000E+00	2.3197E+00
1.3380E+03	0.0000E+00	0.0000E+00	2.3126E+00
1.3390E+03	0.0000E+00	0.0000E+00	2.3255E+00
1.3400E+03	0.0000E+00	0.0000E+00	2.3316E+00
1.3410E+03	0.0000E+00	0.0000E+00	2.3360E+00
1.3420E+03	0.0000E+00	0.0000E+00	2.3539E+00
1.3430E+03	0.0000E+00	0.0000E+00	2.3677E+00
1.3440E+03	0.0000E+00	0.0000E+00	2.3824E+00
1.3450E+03	0.0000E+00	0.0000E+00	2.4014E+00
1.3460E+03	0.0000E+00	0.0000E+00	2.4144E+00
1.3470E+03	0.0000E+00	0.0000E+00	2.4223E+00
1.3480E+03	0.0000E+00	0.0000E+00	2.4296E+00
1.3490E+03	0.0000E+00	0.0000E+00	2.4387E+00
1.3500E+03	0.0000E+00	0.0000E+00	2.4458E+00
1.3510E+03	0.0000E+00	0.0000E+00	2.4463E+00
1.3520E+03	0.0000E+00	0.0000E+00	2.4398E+00
1.3530E+03	0.0000E+00	0.0000E+00	2.4363E+00
1.3540E+03	0.0000E+00	0.0000E+00	2.4361E+00
1.3550E+03	0.0000E+00	0.0000E+00	2.4334E+00
1.3560E+03	0.0000E+00	0.0000E+00	2.4267E+00
1.3570E+03	0.0000E+00	0.0000E+00	2.4230E+00
1.3580E+03	0.0000E+00	0.0000E+00	2.4105E+00
1.3590E+03	0.0000E+00	0.0000E+00	2.4024E+00
1.3600E+03	0.0000E+00	0.0000E+00	2.3957E+00
1.3610E+03	0.0000E+00	0.0000E+00	2.3857E+00
1.3620E+03	0.0000E+00	0.0000E+00	2.3799E+00
1.3630E+03	0.0000E+00	0.0000E+00	2.3758E+00
1.3640E+03	0.0000E+00	0.0000E+00	2.3806E+00
1.3650E+03	0.0000E+00	0.0000E+00	2.3857E+00
1.3660E+03	0.0000E+00	0.0000E+00	2.3973E+00
1.3670E+03	0.0000E+00	0.0000E+00	2.4177E+00
1.3680E+03	0.0000E+00	0.0000E+00	2.4286E+00
1.3690E+03	0.0000E+00	0.0000E+00	2.4463E+00
1.3700E+03	0.0000E+00	0.0000E+00	2.4541E+00
1.3710E+03	0.0000E+00	0.0000E+00	2.4576E+00
1.3720E+03	0.0000E+00	0.0000E+00	2.4507E+00
1.3730E+03	0.0000E+00	0.0000E+00	2.4596E+00
1.3740E+03	0.0000E+00	0.0000E+00	2.4513E+00
1.3750E+03	0.0000E+00	0.0000E+00	2.4488E+00
1.3760E+03	0.0000E+00	0.0000E+00	2.4449E+00
1.3770E+03	0.0000E+00	0.0000E+00	2.4306E+00
1.3780E+03	0.0000E+00	0.0000E+00	2.4205E+00
1.3790E+03	0.0000E+00	0.0000E+00	2.4202E+00
1.3800E+03	0.0000E+00	0.0000E+00	2.4108E+00
1.3810E+03	0.0000E+00	0.0000E+00	2.4040E+00
1.3820E+03	0.0000E+00	0.0000E+00	2.3999E+00
1.3830E+03	0.0000E+00	0.0000E+00	2.3832E+00
1.3840E+03	0.0000E+00	0.0000E+00	2.3809E+00
1.3850E+03	0.0000E+00	0.0000E+00	2.3708E+00
1.3860E+03	0.0000E+00	0.0000E+00	2.3602E+00
1.3870E+03	0.0000E+00	0.0000E+00	2.3597E+00
1.3880E+03	0.0000E+00	0.0000E+00	2.3533E+00
1.3890E+03	0.0000E+00	0.0000E+00	2.3531E+00
1.3900E+03	0.0000E+00	0.0000E+00	2.3665E+00
1.3910E+03	0.0000E+00	0.0000E+00	2.3799E+00
1.3920E+03	0.0000E+00	0.0000E+00	2.3788E+00
1.3930E+03	0.0000E+00	0.0000E+00	2.3893E+00
1.3940E+03	0.0000E+00	0.0000E+00	2.3978E+00
1.3950E+03	0.0000E+00	0.0000E+00	2.4002E+00
1.3960E+03	0.0000E+00	0.0000E+00	2.4053E+00
1.3970E+03	0.0000E+00	0.0000E+00	2.3986E+00
1.3980E+03	0.0000E+00	0.0000E+00	2.3956E+00
1.3990E+03	0.0000E+00	0.0000E+00	2.3928E+00
1.4000E+03	0.0000E+00	0.0000E+00	2.3875E+00
1.4010E+03	0.0000E+00	0.0000E+00	2.3810E+00
1.4020E+03	0.0000E+00	0.0000E+00	2.3743E+00
1.4030E+03	0.0000E+00	0.0000E+00	2.3686E+00
1.4040E+03	0.0000E+00	0.0000E+00	2.3654E+00
1.4050E+03	0.0000E+00	0.0000E+00	2.3559E+00
1.4060E+03	0.0000E+00	0.0000E+00	2.3470E+00
1.4070E+03	0.0000E+00	0.0000E+00	2.3360E+00
1.4080E+03	0.0000E+00	0.0000E+00	2.3320E+00
1.4090E+03	0.0000E+00	0.0000E+00	2.3183E+00
1.4100E+03	0.0000E+00	0.0000E+00	2.3184E+00
1.4110E+03	0.0000E+00	0.0000E+00	2.3113E+00
1.4120E+03	0.0000E+00	0.0000E+00	2.3288E+00
1.4130E+03	0.0000E+00	0.0000E+00	2.3302E+00
1.4140E+03	0.0000E+00	0.0000E+00	2.3301E+00
1.4150E+03	0.0000E+00	0.0000E+00	2.3483E+00
1.4160E+03	0.0000E+00	0.0000E+00	2.3576E+00
1.4170E+03	0.0000E+00	0.0000E+00	2.3688E+00
1.4180E+03	0.0000E+00	0.0000E+00	2.3836E+00
1.4190E+03	0.0000E+00	0.0000E+00	2.3774E+00
1.4200E+03	0.0000E+00	0.0000E+00	2.3832E+00
1.4210E+03	0.0000E+00	0.0000E+00	2.3860E+00
1.4220E+03	0.0000E+00	0.0000E+00	2.3832E+00
1.4230E+03	0.0000E+00	0.0000E+00	2.3803E+00
1.4240E+03	0.0000E+00	0.0000E+00	2.3740E+00
1.4250E+03	0.0000E+00	0.0000E+00	2.3822E+00
1.4260E+03	0.0000E+00	0.0000E+00	2.3774E+00
1.4270E+03	0.0000E+00	0.0000E+00	2.3640E+00
1.4280E+03	0.0000E+00	0.0000E+00	2.3569E+00
1.4290E+03	0.0000E+00	0.0000E+00	2.3481E+00
1.4300E+03	0.0000E+00	0.0000E+00	2.3361E+00
1.4310E+03	0.0000E+00	0.0000E+00	2.3342E+00
1.4320E+03	0.0000E+00	0.0000E+00	2.3253E+00
1.4330E+03	0.0000E+00	0.0000E+00	2.3198E+00
1.4340E+03	0.0000E+00	0.0000E+00	2.3117E+00
1.4350E+03	0.0000E+00	0.0000E+00	2.3108E+00
1.4360E+03	0.0000E+00	0.0000E+00	2.3196E+00
1.4370E+03	0.0000E+00	0.0000E+00	2.3239E+00
1.4380E+03	0.0000E+00	0.0000E+00	2.3210E+00
1.4390E+03	0.0000E+00	0.0000E+00	2.3347E+00
1.4400E+03	0.0000E+00	0.0000E+00	2.3388E+00
1.4410E+03	0.0000E+00	0.0000E+00	2.3408E+00
1.4420E+03	0.0000E+00	0.0000E+00	2.3414E+00
1.4430E+03	0.0000E+00	0.0000E+00	2.3373E+00
1.4440E+03	0.0000E+00	0.0000E+00	2.3388E+00
1.4450E+03	0.0000E+00	0.0000E+00	2.3373E+00
1.4460E+03	0.0000E+00	0.0000E+00	2.3283E+00
1.4470E+03	0.0000E+00	0.0000E+00	2.3317E+00
1.4480E+03	0.0000E+00	0.0000E+00	2.3208E+00
1.4490E+03	0.0000E+00	0.0000E+00	2.3215E+00
1.4500E+03	0.0000E+00	0.0000E+00	2.3202E+00
1.4510E+03	0.0000E+00	0.0000E+00	2.3116E+00
1.4520E+03	0.0000E+00	0.0000E+00	2.3064E+00
1.4530E+03	0.0000E+00	0.0000E+00	2.2981E+00
1.4540E+03	0.0000E+00	0.0000E+00	2.2923E+00
1.4550E+03	0.0000E+00	0.0000E+00	2.2810E+00
1.4560E+03	0.0000E+00	0.0000E+00	2.2835E+00
1.4570E+03	0.0000E+00	0.0000E+00	2.2792E+00
1.4580E+03	0.0000E+00	0.0000E+00	2.2780E+00
1.4590E+03	0.0000E+00	0.0000E+00	2.2839E+00
1.4600E+03	0.0000E+00	0.0000E+00	2.2898E+00
1.4610E+03	0.0000E+00	0.0000E+00	2.2959E+00
1.4620E+03	0.0000E+00	0.0000E+00	2.2951E+00
1.4630E+03	0.0000E+00	0.0000E+00	2.2938E+00
1.4640E+03	0.0000E+00	0.0000E+00	2.2976E+00
1.4650E+03	0.0000E+00	0.0000E+00	2.3040E+00
1.4660E+03	0.0000E+00	0.0000E+00	2.2936E+00
1.4670E+03	0.0000E+00	0.0000E+00	2.3064E+00
1.4680E+03	0.0000E+00	0.0000E+00	2.3031E+00
1.4690E+03	0.0000E+00	0.0000E+00	2.3044E+00
1.4700E+03	0.0000E+00	0.0000E+00	2.3036E+00
1.4710E+03	0.0000E+00	0.0000E+00	2.3016E+00
1.4720E+03	0.0000E+00	0.0000E+00	2.2976E+00
1.4730E+03	0.0000E+00	0.0000E+00	2.2938E+00
1.4740E+03	0.0000E+00	0.0000E+00	2.2856E+00
1.4750E+03	0.0000E+00	0.0000E+00	2.2802E+00
1.4760E+03	0.0000E+00	0.0000E+00	2.2744E+00
1.4770E+03	0.0000E+00	0.0000E+00	2.2639E+00
1.4780E+03	0.0000E+00	0.0000E+00	2.2564E+00
1.4790E+03	0.0000E+00	0.0000E+00	2.2572E+00
1.4800E+03	0.0000E+00	0.0000E+00	2.2583E+00
1.4810E+03	0.0000E+00	0.0000E+00	2.2532E+00
1.4820E+03	0.0000E+00	0.0000E+00	2.2488E+00
1.4830E+03	0.0000E+00	0.0000E+00	2.2526E+00
1.4840E+03	0.0000E+00	0.0000E+00	2.2601E+00
1.4850E+03	0.0000E+00	0.0000E+00	2.2765E+00
1.4860E+03	0.0000E+00	0.0000E+00	2.2830E+00
1.4870E+03	0.0000E+00	0.0000E+00	2.2970E+00
1.4880E+03	0.0000E+00	0.0000E+00	2.3091E+00
1.4890E+03	0.0000E+00	0.0000E+00	2.3173E+00
1.4900E+03	0.0000E+00	0.0000E+00	2.3224E+00
1.4910E+03	0.0000E+00	0.0000E+00	2.3386E+00
1.4920E+03	0.0000E+00	0.0000E+00	2.3435E+00
1.4930E+03	0.0000E+00	0.0000E+00	2.3407E+00
1.4940E+03	0.0000E+00	0.0000E+00	2.3402E+00
1.4950E+03	0.0000E+00	0.0000E+00	2.3325E+00
1.4960E+03	0.0000E+00	0.0000E+00	2.3276E+00
1.4970E+03	0.0000E+00	0.0000E+00	2.3229E+00
1.4980E+03	0.0000E+00	0.0000E+00	2.3141E+00
1.4990E+03	0.0000E+00	0.0000E+00	2.3145E+00
1.5000E+03	0.0000E+00	0.0000E+00	2.3015E+00
1.5010E+03	0.0000E+00	0.0000E+00	2.2966E+00
1.5020E+03	0.0000E+00	0.0000E+00	2.2874E+00
1.5030E+03	0.0000E+00	0.0000E+00	2.2799E+00
1.5040E+03	0.0000E+00	0.0000E+00	2.2824E+00
1.5050E+03	0.0000E+00	0.0000E+00	2.2720E+00
1.5060E+03	0.0000E+00	0.0000E+00	2.2686E+00
1.5070E+03	0.0000E+00	0.0000E+00	2.2740E+00
1.5080E+03	0.0000E+00	0.0000E+00	2.2810E+00
1.5090E+03	0.0000E+00	0.0000E+00	2.2918E+00
1.5100E+03	0.0000E+00	0.0000E+00	2.3032E+00
1.5110E+03	0.0000E+00	0.0000E+00	2.3172E+00
1.5120E+03	0.0000E+00	0.0000E+00	2.3301E+00
1.5130E+03	0.0000E+00	0.0000E+00	2.3411E+00
1.5140E+03	0.0000E+00	0.0000E+00	2.3414E+00
1.5150E+03	0.0000E+00	0.0000E+00	2.3530E+00
1.5160E+03	0.0000E+00	0.0000E+00	2.3592E+00
1.5170E+03	0.0000E+00	0.0000E+00	2.3489E+00
1.5180E+03	0.0000E+00	0.0000E+00	2.3551E+00
1.5190E+03	0.0000E+00	0.0000E+00	2.3444E+00
1.5200E+03	0.0000E+00	0.0000E+00	2.3433E+00
1.5210E+03	0.0000E+00	0.0000E+00	2.3363E+00
1.5220E+03	0.0000E+00	0.0000E+00	2.3240E+00
1.5230E+03	0.0000E+00	0.0000E+00	2.3214E+00
1.5240E+03	0.0000E+00	0.0000E+00	2.3104E+00
1.5250E+03	0.0000E+00	0.0000E+00	2.3038E+00
1.5260E+03	0.0000E+00	0.0000E+00	2.3003E+00
1.5270E+03	0.0000E+00	0.0000E+00	2.2846E+00
1.5280E+03	0.0000E+00	0.0000E+00	2.2751E+00
1.5290E+03	0.0000E+00	0.0000E+00	2.2691E+00
1.5300E+03	0.0000E+00	0.0000E+00	2.2662E+00
1.5310E+03	0.0000E+00	0.0000E+00	2.2670E+00
1.5320E+03	0.0000E+00	0.0000E+00	2.2631E+00
1.5330E+03	0.0000E+00	0.0000E+00	2.2682E+00
1.5340E+03	0.0000E+00	0.0000E+00	2.2784E+00
1.5350E+03	0.0000E+00	0.0000E+00	2.2876E+00
1.5360E+03	0.0000E+00	0.0000E+00	2.2912E+00
1.5370E+03	0.0000E+00	0.0000E+00	2.3042E+00
1.5380E+03	0.0000E+00	0.0000E+00	2.3144E+00
1.5390E+03	0.0000E+00	0.0000E+00	2.3131E+00
1.5400E+03	0.0000E+00	0.0000E+00	2.3156E+00
1.5410E+03	0.0000E+00	0.0000E+00	2.3213E+00
1.5420E+03	0.0000E+00	0.0000E+00	2.3131E+00
1.5430E+03	0.0000E+00	0.0000E+00	2.3131E+00
1.5440E+03	0.0000E+00	0.0000E+00	2.3035E+00
1.5450E+03	0.0000E+00	0.0000E+00	2.3082E+00
1.5460E+03	0.0000E+00	0.0000E+00	2.3011E+00
1.5470E+03	0.0000E+00	0.0000E+00	2.2989E+00
1.5480E+03	0.0000E+00	0.0000E+00	2.2876E+00
1.5490E+03	0.0000E+00	0.0000E+00	2.2790E+00
1.5500E+03	0.0000E+00	0.0000E+00	2.2745E+00
1.5510E+03	0.0000E+00	0.0000E+00	2.2712E+00
1.5520E+03	0.0000E+00	0.0000E+00	2.2661E+00
1.5530E+03	0.0000E+00	0.0000E+00	2.2581E+00
1.5540E+03	0.0000E+00	0.0000E+00	2.2527E+00
1.5550E+03	0.0000E+00	0.0000E+00	2.2611E+00
1.5560E+03	0.0000E+00	0.0000E+00	2.2593E+00
1.5570E+03	0.0000E+00	0.0000E+00	2.2676E+00
1.5580E+03	0.0000E+00	0.0000E+00	2.2596E+00
1.5590E+03	0.0000E+00	0.0000E+00	2.2567E+00
1.5600E+03	0.0000E+00	0.0000E+00	2.2444E+00
1.5610E+03	0.0000E+00	0.0000E+00	2.2297E+00
1.5620E+03	0.0000E+00	0.0000E+00	2.2227E+00
1.5630E+03	0.0000E+00	0.0000E+00	2.2126E+00
1.5640E+03	0.0000E+00	0.0000E+00	2.2072E+00
1.5650E+03	0.0000E+00	0.0000E+00	2.1974E+00
1.5660E+03	0.0000E+00	0.0000E+00	2.1874E+00
1.5670E+03	0.0000E+00	0.0000E+00	2.1796E+00
1.5680E+03	0.0000E+00	0.0000E+00	2.1755E+00
1.5690E+03	0.0000E+00	0.0000E+00	2.1728E+00
1.5700E+03	0.0000E+00	0.0000E+00	2.1647E+00
1.5710E+03	0.0000E+00	0.0000E+00	2.1646E+00
1.5720E+03	0.0000E+00	0.0000E+00	2.1523E+00
1.5730E+03	0.0000E+00	0.0000E+00	2.1517E+00
1.5740E+03	0.0000E+00	0.0000E+00	2.1443E+00
1.5750E+03	0.0000E+00	0.0000E+00	2.1418E+00
1.5760E+03	0.0000E+00	0.0000E+00	2.1411E+00
1.5770E+03	0.0000E+00	0.0000E+00	2.1324E+00
1.5780E+03	0.0000E+00	0.0000E+00	2.1287E+00
1.5790E+03	0.0000E+00	0.0000E+00	2.1245E+00
1.5800E+03	0.0000E+00	0.0000E+00	2.1175E+00
1.5810E+03	0.0000E+00	0.0000E+00	2.1193E+00
1.5820E+03	0.0000E+00	0.0000E+00	2.1080E+00
1.5830E+03	0.0000E+00	0.0000E+00	2.1048E+00
1.5840E+03	0.0000E+00	0.0000E+00	2.1035E+00
1.5850E+03	0.0000E+00	0.0000E+00	2.1011E+00
1.5860E+03	0.0000E+00	0.0000E+00	2.1020E+00
1.5870E+03	0.0000E+00	0.0000E+00	2.0912E+00
1.5880E+03	0.0000E+00	0.0000E+00	2.0894E+00
1.5890E+03	0.0000E+00	0.0000E+00	2.0825E+00
1.5900E+03	0.0000E+00	0.0000E+00	2.0767E+00
1.5910E+03	0.0000E+00	0.0000E+00	2.0719E+00
1.5920E+03	0.0000E+00	0.0000E+00	2.0745E+00
1.5930E+03	0.0000E+00	0.0000E+00	2.0701E+00
1.5940E+03	0.0000E+00	0.0000E+00	2.0679E+00
1.5950E+03	0.0000E+00	0.0000E+00	2.0668E+00
1.5960E+03	0.0000E+00	0.0000E+00	2.0653E+00
1.5970E+03	0.0000E+00	0.0000E+00	2.0629E+00
1.5980E+03	0.0000E+00	0.0000E+00	2.0588E+00
1.5990E+03	0.0000E+00	0.0000E+00	2.0530E+00
1.6000E+03	0.0000E+00	0.0000E+00	2.0489E+00
1.6010E+03	0.0000E+00	0.0000E+00	2.0395E+00
1.6020E+03	0.0000E+00	0.0000E+00	2.0426E+00
1.6030E+03	0.0000E+00	0.0000E+00	2.0442E+00
1.6040E+03	0.0000E+00	0.0000E+00	2.0494E+00
1.6050E+03	0.0000E+00	0.0000E+00	2.0485E+00
1.6060E+03	0.0000E+00	0.0000E+00	2.0596E+00
1.6070E+03	0.0000E+00	0.0000E+00	2.0670E+00
1.6080E+03	0.0000E+00	0.0000E+00	2.0703E+00
1.6090E+03	0.0000E+00	0.0000E+00	2.0727E+00
1.6100E+03	0.0000E+00	0.0000E+00	2.0720E+00
1.6110E+03	0.0000E+00	0.0000E+00	2.0742E+00
1.6120E+03	0.0000E+00	0.0000E+00	2.0729E+00
1.6130E+03	0.0000E+00	0.0000E+00	2.0681E+00
1.6140E+03	0.0000E+00	0.0000E+00	2.0624E+00
1.6150E+03	0.0000E+00	0.0000E+00	2.0600E+00
1.6160E+03	0.0000E+00	0.0000E+00	2.0582E+00
1.6170E+03	0.0000E+00	0.0000E+00	2.0565E+00
1.6180E+03	0.0000E+00	0.0000E+00	2.0578E+00
1.6190E+03	0.0000E+00	0.0000E+00	2.0545E+00
1.6200E+03	0.0000E+00	0.0000E+00	2.0532E+00
1.6210E+03	0.0000E+00	0.0000E+00	2.0491E+00
1.6220E+03	0.0000E+00	0.0000E+00	2.0473E+00
1.6230E+03	0.0000E+00	0.0000E+00	2.0398E+00
1.6240E+03	0.0000E+00	0.0000E+00	2.0404E+00
1.6250E+03	0.0000E+00	0.0000E+00	2.0398E+00
1.6260E+03	0.0000E+00	0.0000E+00	2.0378E+00
1.6270E+03	0.0000E+00	0.0000E+00	2.0397E+00
1.6280E+03	0.0000E+00	0.0000E+00	2.0443E+00
1.6290E+03	0.0000E+00	0.0000E+00	2.0517E+00
1.6300E+03	0.0000E+00	0.0000E+00	2.0672E+00
1.6310E+03	0.0000E+00	0.0000E+00	2.0779E+00
1.6320E+03	0.0000E+00	0.0000E+00	2.0970E+00
1.6330E+03	0.0000E+00	0.0000E+00	2.1059E+00
1.6340E+03	0.0000E+00	0.0000E+00	2.1067E+00
1.6350E+03	0.0000E+00	0.0000E+00	2.1132E+00
1.6360E+03	0.0000E+00	0.0000E+00	2.1093E+00
1.6370E+03	0.0000E+00	0.0000E+00	2.1115E+00
1.6380E+03	0.0000E+00	0.0000E+00	2.1042E+00
1.6390E+03	0.0000E+00	0.0000E+00	2.1057E+00
1.6400E+03	0.0000E+00	0.0000E+00	2.1006E+00
1.6410E+03	0.0000E+00	0.0000E+00	2.0951E+00
1.6420E+03	0.0000E+00	0.0000E+00	2.0928E+00
1.6430E+03	0.0000E+00	0.0000E+00	2.0886E+00
1.6440E+03	0.0000E+00	0.0000E+00	2.0862E+00
1.6450E+03	0.0000E+00	0.0000E+00	2.0795E+00
1.6460E+03	0.0000E+00	0.0000E+00	2.0794E+00
1.6470E+03	0.0000E+00	0.0000E+00	2.0735E+00
1.6480E+03	0.0000E+00	0.0000E+00	2.0668E+00
1.6490E+03	0.0000E+00	0.0000E+00	2.0684E+00
1.6500E+03	0.0000E+00	0.0000E+00	2.0708E+00
1.6510E+03	0.0000E+00	0.0000E+00	2.0765E+00
1.6520E+03	0.0000E+00	0.0000E+00	2.0929E+00
1.6530E+03	0.0000E+00	0.0000E+00	2.1163E+00
1.6540E+03	0.0000E+00	0.0000E+00	2.1403E+00
1.6550E+03	0.0000E+00	0.0000E+00	2.1567E+00
1.6560E+03	0.0000E+00	0.0000E+00	2.1771E+00
1.6570E+03	0.0000E+00	0.0000E+00	2.1863E+00
1.6580E+03	0.0000E+00	0.0000E+00	2.1896E+00
1.6590E+03	0.0000E+00	0.0000E+00	2.1943E+00
1.6600E+03	0.0000E+00	0.0000E+00	2.1928E+00
1.6610E+03	0.0000E+00	0.0000E+00	2.1867E+00
1.6620E+03	0.0000E+00	0.0000E+00	2.1816E+00
1.6630E+03	0.0000E+00	0.0000E+00	2.1836E+00
1.6640E+03	0.0000E+00	0.0000E+00	2.1769E+00
1.6650E+03	0.0000E+00	0.0000E+00	2.1744E+00
1.6660E+03	0.0000E+00	0.0000E+00	2.1637E+00
1.6670E+03	0.0000E+00	0.0000E+00	2.1628E+00
1.6680E+03	0.0000E+00	0.0000E+00	2.1569E+00
1.6690E+03	0.0000E+00	0.0000E+00	2.1470E+00
1.6700E+03	0.0000E+00	0.0000E+00	2.1442E+00
1.6710E+03	0.0000E+00	0.0000E+00	2.1338E+00
1.6720E+03	0.0000E+00	0.0000E+00	2.1315E+00
1.6730E+03	0.0000E+00	0.0000E+00	2.1281E+00
1.6740E+03	0.0000E+00	0.0000E+00	2.1262E+00
1.6750E+03	0.0000E+00	0.0000E+00	2.1431E+00
1.6760E+03	0.0000E+00	0.0000E+00	2.1559E+00
1.6770E+03	0.0000E+00	0.0000E+00	2.1832E+00
1.6780E+03	0.0000E+00	0.0000E+00	2.2085E+00
1.6790E+03	0.0000E+00	0.0000E+00	2.2269E+00
1.6800E+03	0.0000E+00	0.0000E+00	2.2380E+00
1.6810E+03	0.0000E+00	0.0000E+00	2.2509E+00
1.6820E+03	0.0000E+00	0.0000E+00	2.2603E+00
1.6830E+03	0.0000E+00	0.0000E+00	2.2650E+00
1.6840E+03	0.0000E+00	0.0000E+00	2.2680E+00
1.6850E+03	0.0000E+00	0.0000E+00	2.2676E+00
1.6860E+03	0.0000E+00	0.0000E+00	2.2581E+00
1.6870E+03	0.0000E+00	0.0000E+00	2.2566E+00
1.6880E+03	0.0000E+00	0.0000E+00	2.2537E+00
1.6890E+03	0.0000E+00	0.0000E+00	2.2427E+00
1.6900E+03	0.0000E+00	0.0000E+00	2.2348E+00
1.6910E+03	0.0000E+00	0.0000E+00	2.2303E+00
1.6920E+03	0.0000E+00	0.0000E+00	2.2215E+00
1.6930E+03	0.0000E+00	0.0000E+00	2.2155E+00
1.6940E+03	0.0000E+00	0.0000E+00	2.2051E+00
1.6950E+03	0.0000E+00	0.0000E+00	2.1927E+00
1.6960E+03	0.0000E+00	0.0000E+00	2.1840E+00
1.6970E+03	0.0000E+00	0.0000E+00	2.1850E+00
1.6980E+03	0.0000E+00	0.0000E+00	2.1864E+00
1.6990E+03	0.0000E+00	0.0000E+00	2.1987E+00
1.7000E+03	0.0000E+00	0.0000E+00	2.2201E+00
1.7010E+03	0.0000E+00	0.0000E+00	2.2400E+00
1.7020E+03	0.0000E+00	0.0000E+00	2.2563E+00
1.7030E+03	0.0000E+00	0.0000E+00	2.2704E+00
1.7040E+03	0.0000E+00	0.0000E+00	2.2880E+00
1.7050E+03	0.0000E+00	0.0000E+00	2.3094E+00
1.7060E+03	0.0000E+00	0.0000E+00	2.3171E+00
1.7070E+03	0.0000E+00	0.0000E+00	2.3284E+00
1.7080E+03	0.0000E+00	0.0000E+00	2.3331E+00
1.7090E+03	0.0000E+00	0.0000E+00	2.3325E+00
1.7100E+03	0.0000E+00	0.0000E+00	2.3372E+00
1.7110E+03	0.0000E+00	0.0000E+00	2.3310E+00
1.7120E+03	0.0000E+00	0.0000E+00	2.3189E+00
1.7130E+03	0.0000E+00	0.0000E+00	2.3212E+00
1.7140E+03	0.0000E+00	0.0000E+00	2.3041E+00
1.7150E+03	0.0000E+00	0.0000E+00	2.2987E+00
1.7160E+03	0.0000E+00	0.0000E+00	2.2828E+00
1.7170E+03	0.0000E+00	0.0000E+00	2.2734E+00
1.7180E+03	0.0000E+00	0.0000E+00	2.2665E+00
1.7190E+03	0.0000E+00	0.0000E+00	2.2566E+00
1.7200E+03	0.0000E+00	0.0000E+00	2.2548E+00
1.7210E+03	0.0000E+00	0.0000E+00	2.2346E+00
1.7220E+03	0.0000E+00	0.0000E+00	2.2280E+00
1.7230E+03	0.0000E+00	0.0000E+00	2.2358E+00
1.7240E+03	0.0000E+00	0.0000E+00	2.2586E+00
1.7250E+03	0.0000E+00	0.0000E+00	2.2811E+00
1.7260E+03	0.0000E+00	0.0000E+00	2.2959E+00
1.7270E+03	0.0000E+00	0.0000E+00	2.3083E+00
1.7280E+03	0.0000E+00	0.0000E+00	2.3231E+00
1.7290E+03	0.0000E+00	0.0000E+00	2.3273E+00
1.7300E+03	0.0000E+00	0.0000E+00	2.3368E+00
1.7310E+03	0.0000E+00	0.0000E+00	2.3430E+00
1.7320E+03	0.0000E+00	0.0000E+00	2.3470E+00
1.7330E+03	0.0000E+00	0.0000E+00	2.3424E+00
1.7340E+03	0.0000E+00	0.0000E+00	2.3342E+00
1.7350E+03	0.0000E+00	0.0000E+00	2.3215E+00
1.7360E+03	0.0000E+00	0.0000E+00	2.3240E+00
1.7370E+03	0.0000E+00	0.0000E+00	2.3106E+00
1.7380E+03	0.0000E+00	0.0000E+00	2.2950E+00
1.7390E+03	0.0000E+00	0.0000E+00	2.2911E+00
1.7400E+03	0.0000E+00	0.0000E+00	2.2849E+00
1.7410E+03	0.0000E+00	0.0000E+00	2.2793E+00
1.7420E+03	0.0000E+00	0.0000E+00	2.2619E+00
1.7430E+03	0.0000E+00	0.0000E+00	2.2543E+00
1.7440E+03	0.0000E+00	0.0000E+00	2.2435E+00
1.7450E+03	0.0000E+00	0.0000E+00	2.2397E+00
1.7460E+03	0.0000E+00	0.0000E+00	2.2456E+00
1.7470E+03	0.0000E+00	0.0000E+00	2.2591E+00
1.7480E+03	0.0000E+00	0.0000E+00	2.2640E+00
1.7490E+03	0.0000E+00	0.0000E+00	2.2869E+00
1.7500E+03	0.0000E+00	0.0000E+00	2.3068E+00
1.7510E+03	0.0000E+00	0.0000E+00	2.3220E+00
1.7520E+03	0.0000E+00	0.0000E+00	2.3356E+00
1.7530E+03	0.0000E+00	0.0000E+00	2.3454E+00
1.7540E+03	0.0000E+00	0.0000E+00	2.3609E+00
1.7550E+03	0.0000E+00	0.0000E+00	2.3804E+00
1.7560E+03	0.0000E+00	0.0000E+00	2.3739E+00
1.7570E+03	0.0000E+00	0.0000E+00	2.3799E+00
1.7580E+03	0.0000E+00	0.0000E+00	2.3822E+00
1.7590E+03	0.0000E+00	0.0000E+00	2.3739E+00
1.7600E+03	0.0000E+00	0.0000E+00	2.3767E+00
1.7610E+03	0.0000E+00	0.0000E+00	2.3703E+00
1.7620E+03	0.0000E+00	0.0000E+00	2.3602E+00
1.7630E+03	0.0000E+00	0.0000E+00	2.3552E+00
1.7640E+03	0.0000E+00	0.0000E+00	2.3404E+00
1.7650E+03	0.0000E+00	0.0000E+00	2.3373E+00
1.7660E+03	0.0000E+00	0.0000E+00	2.3133E+00
1.7670E+03	0.0000E+00	0.0000E+00	2.3076E+00
1.7680E+03	0.0000E+00	0.0000E+00	2.2948E+00
1.7690E+03	0.0000E+00	0.0000E+00	2.2914E+00
1.7700E+03	0.0000E+00	0.0000E+00	2.2840E+00
1.7710E+03	0.0000E+00	0.0000E+00	2.2833E+00
1.7720E+03	0.0000E+00	0.0000E+00	2.2946E+00
1.7730E+03	0.0000E+00	0.0000E+00	2.3105E+00
1.7740E+03	0.0000E+00	0.0000E+00	2.3192E+00
1.7750E+03	0.0000E+00	0.0000E+00	2.3390E+00
1.7760E+03	0.0000E+00	0.0000E+00	2.3515E+00
1.7770E+03	0.0000E+00	0.0000E+00	2.3664E+00
1.7780E+03	0.0000E+00	0.0000E+00	2.3728E+00
1.7790E+03	0.0000E+00	0.0000E+00	2.3726E+00
1.7800E+03	0.0000E+00	0.0000E+00	2.3784E+00
1.7810E+03	0.0000E+00	0.0000E+00	2.3768E+00
1.7820E+03	0.0000E+00	0.0000E+00	2.3711E+00
1.7830E+03	0.0000E+00	0.0000E+00	2.3655E+00
1.7840E+03	0.0000E+00	0.0000E+00	2.3557E+00
1.7850E+03	0.0000E+00	0.0000E+00	2.3461E+00
1.7860E+03	0.0000E+00	0.0000E+00	2.3357E+00
1.7870E+03	0.0000E+00	0.0000E+00	2.3248E+00
1.7880E+03	0.0000E+00	0.0000E+00	2.3045E+00
1.7890E+03	0.0000E+00	0.0000E+00	2.2989E+00
1.7900E+03	0.0000E+00	0.0000E+00	2.2814E+00
1.7910E+03	0.0000E+00	0.0000E+00	2.2730E+00
1.7920E+03	0.0000E+00	0.0000E+00	2.2676E+00
1.7930E+03	0.0000E+00	0.0000E+00	2.2559E+00
1.7940E+03	0.0000E+00	0.0000E+00	2.2513E+00
1.7950E+03	0.0000E+00	0.0000E+00	2.2527E+00
1.7960E+03	0.0000E+00	0.0000E+00	2.2624E+00
1.7970E+03	0.0000E+00	0.0000E+00	2.2690E+00
1.7980E+03	0.0000E+00	0.0000E+00	2.2825E+00
1.7990E+03	0.0000E+00	0.0000E+00	2.2955E+00
1.8000E+03	0.0000E+00	0.0000E+00	2.3149E+00
1.8010E+03	0.0000E+00	0.0000E+00	2.3209E+00
1.8020E+03	0.0000E+00	0.0000E+00	2.3300E+00
1.8030E+03	0.0000E+00	0.0000E+00	2.3279E+00
1.8040E+03	0.0000E+00	0.0000E+00	2.3282E+00
1.8050E+03	0.0000E+00	0.0000E+00	2.3175E+00
1.8060E+03	0.0000E+00	0.0000E+00	2.3140E+00
1.8070E+03	0.0000E+00	0.0000E+00	2.3109E+00
1.8080E+03	0.0000E+00	0.0000E+00	2.3023E+00
1.8090E+03	0.0000E+00	0.0000E+00	2.2841E+00
1.8100E+03	0.0000E+00	0.0000E+00	2.2878E+00
1.8110E+03	0.0000E+00	0.0000E+00	2.2801E+00
1.8120E+03	0.0000E+00	0.0000E+00	2.2643E+00
1.8130E+03	0.0000E+00	0.0000E+00	2.2540E+00
1.8140E+03	0.0000E+00	0.0000E+00	2.2428E+00
1.8150E+03	0.0000E+00	0.0000E+00	2.2350E+00
1.8160E+03	0.0000E+00	0.0000E+00	2.2240E+00
1.8170E+03	0.0000E+00	0.0000E+00	2.2216E+00
1.8180E+03	0.0000E+00	0.0000E+00	2.2275E+00
1.8190E+03	0.0000E+00	0.0000E+00	2.2300E+00
1.8200E+03	0.0000E+00	0.0000E+00	2.2470E+00
1.8210E+03	0.0000E+00	0.0000E+00	2.2573E+00
1.8220E+03	0.0000E+00	0.0000E+00	2.2761E+00
1.8230E+03	0.0000E+00	0.0000E+00	2.3005E+00
1.8240E+03	0.0000E+00	0.0000E+00	2.3137E+00
1.8250E+03	0.0000E+00	0.0000E+00	2.3189E+00
1.8260E+03	0.0000E+00	0.0000E+00	2.3225E+00
1.8270E+03	0.0000E+00	0.0000E+00	2.3226E+00
1.8280E+03	0.0000E+00	0.0000E+00	2.3299E+00
1.8290E+03	0.0000E+00	0.0000E+00	2.3215E+00
1.8300E+03	0.0000E+00	0.0000E+00	2.3065E+00
1.8310E+03	0.0000E+00	0.0000E+00	2.2949E+00
1.8320E+03	0.0000E+00	0.0000E+00	2.2936E+00
1.8330E+03	0.0000E+00	0.0000E+00	2.2893E+00
1.8340E+03	0.0000E+00	0.0000E+00	2.2762E+00
1.8350E+03	0.0000E+00	0.0000E+00	2.2630E+00
1.8360E+03	0.0000E+00	0.0000E+00	2.2508E+00
1.8370E+03	0.0000E+00	0.0000E+00	2.2381E+00
1.8380E+03	0.0000E+00	0.0000E+00	2.2317E+00
1.8390E+03	0.0000E+00	0.0000E+00	2.2213E+00
1.8400E+03	0.0000E+00	0.0000E+00	2.2130E+00
1.8410E+03	0.0000E+00	0.0000E+00	2.2044E+00
1.8420E+03	0.0000E+00	0.0000E+00	2.2097E+00
1.8430E+03	0.0000E+00	0.0000E+00	2.2122E+00
1.8440E+03	0.0000E+00	0.0000E+00	2.2192E+00
1.8450E+03	0.0000E+00	0.0000E+00	2.2380E+00
1.8460E+03	0.0000E+00	0.0000E+00	2.2481E+00
1.8470E+03	0.0000E+00	0.0000E+00	2.2627E+00
1.8480E+03	0.0000E+00	0.0000E+00	2.2772E+00
1.8490E+03	0.0000E+00	0.0000E+00	2.2816E+00
1.8500E+03	0.0000E+00	0.0000E+00	2.2843E+00
1.8510E+03	0.0000E+00	0.0000E+00	2.2792E+00
1.8520E+03	0.0000E+00	0.0000E+00	2.2758E+00
1.8530E+03	0.0000E+00	0.0000E+00	2.2657E+00
1.8540E+03	0.0000E+00	0.0000E+00	2.2574E+00
1.8550E+03	0.0000E+00	0.0000E+00	2.2515E+00
1.8560E+03	0.0000E+00	0.0000E+00	2.2431E+00
1.8570E+03	0.0000E+00	0.0000E+00	2.2388E+00
1.8580E+03	0.0000E+00	0.0000E+00	2.2328E+00
1.8590E+03	0.0000E+00	0.0000E+00	2.2177E+00
1.8600E+03	0.0000E+00	0.0000E+00	2.2134E+00
1.8610E+03	0.0000E+00	0.0000E+00	2.2002E+00
1.8620E+03	0.0000E+00	0.0000E+00	2.1963E+00
1.8630E+03	0.0000E+00	0.0000E+00	2.1809E+00
1.8640E+03	0.0000E+00	0.0000E+00	2.1798E+00
1.8650E+03	0.0000E+00	0.0000E+00	2.1740E+00
1.8660E+03	0.0000E+00	0.0000E+00	2.1782E+00
1.8670E+03	0.0000E+00	0.0000E+00	2.1914E+00
1.8680E+03	0.0000E+00	0.0000E+00	2.2071E+00
1.8690E+03	0.0000E+00	0.0000E+00	2.2157E+00
1.8700E+03	0.0000E+00	0.0000E+00	2.2296E+00
1.8710E+03	0.0000E+00	0.0000E+00	2.2487E+00
1.8720E+03	0.0000E+00	0.0000E+00	2.2551E+00
1.8730E+03	0.0000E+00	0.0000E+00	2.2544E+00
1.8740E+03	0.0000E+00	0.0000E+00	2.2626E+00
1.8750E+03	0.0000E+00	0.0000E+00	2.2617E+00
1.8760E+03	0.0000E+00	0.0000E+00	2.2510E+00
1.8770E+03	0.0000E+00	0.0000E+00	2.2447E+00
1.8780E+03	0.0000E+00	0.0000E+00	2.2352E+00
1.8790E+03	0.0000E+00	0.0000E+00	2.2238E+00
1.8800E+03	0.0000E+00	0.0000E+00	2.2170E+00
1.8810E+03	0.0000E+00	0.0000E+00	2.2164E+00
1.8820E+03	0.0000E+00	0.0000E+00	2.2072E+00
1.8830E+03	0.0000E+00	0.0000E+00	2.1987E+00
1.8840E+03	0.0000E+00	0.0000E+00	2.1881E+00
1.8850E+03	0.0000E+00	0.0000E+00	2.1766E+00
1.8860E+03	0.0000E+00	0.0000E+00	2.1726E+00
1.8870E+03	0.0000E+00	0.0000E+00	2.1620E+00
1.8880E+03	0.0000E+00	0.0000E+00	2.1520E+00
1.8890E+03	0.0000E+00	0.0000E+00	2.1472E+00
1.8900E+03	0.0000E+00	0.0000E+00	2.1490E+00
1.8910E+03	0.0000E+00	0.0000E+00	2.1527E+00
1.8920E+03	0.0000E+00	0.0000E+00	2.1650E+00
1.8930E+03	0.0000E+00	0.0000E+00	2.1801E+00
1.8940E+03	0.0000E+00	0.0000E+00	2.1924E+00
1.8950E+03	0.0000E+00	0.0000E+00	2.1985E+00
1.8960E+03	0.0000E+00	0.0000E+00	2.2092E+00
1.8970E+03	0.0000E+00	0.0000E+00	2.2149E+00
1.8980E+03	0.0000E+00	0.0000E+00	2.2093E+00
1.8990E+03	0.0000E+00	0.0000E+00	2.2071E+00
1.9000E+03	0.0000E+00	0.0000E+00	2.2067E+00
1.9010E+03	0.0000E+00	0.0000E+00	2.1950E+00
1.9020E+03	0.0000E+00	0.0000E+00	2.1905E+00
1.9030E+03	0.0000E+00	0.0000E+00	2.1858E+00
1.9040E+03	0.0000E+00	0.0000E+00	2.1769E+00
1.9050E+03	0.0000E+00	0.0000E+00	2.1762E+00
1.9060E+03	0.0000E+00	0.0000E+00	2.1704E+00
1.9070E+03	0.0000E+00	0.0000E+00	2.1607E+00
1.9080E+03	0.0000E+00	0.0000E+00	2.1596E+00
1.9090E+03	0.0000E+00	0.0000E+00	2.1514E+00
1.9100E+03	0.0000E+00	0.0000E+00	2.1442E+00
1.9110E+03	0.0000E+00	0.0000E+00	2.1340E+00
1.9120E+03	0.0000E+00	0.0000E+00	2.1297E+00
1.9130E+03	0.0000E+00	0.0000E+00	2.1252E+00
1.9140E+03	0.0000E+00	0.0000E+00	2.1266E+00
1.9150E+03	0.0000E+00	0.0000E+00	2.1333E+00
1.9160E+03	0.0000E+00	0.0000E+00	2.1437E+00
1.9170E+03	0.0000E+00	0.0000E+00	2.1416E+00
1.9180E+03	0.0000E+00	0.0000E+00	2.1523E+00
1.9190E+03	0.0000E+00	0.0000E+00	2.1575E+00
1.9200E+03	0.0000E+00	0.0000E+00	2.1587E+00
1.9210E+03	0.0000E+00	0.0000E+00	2.1609E+00
1.9220E+03	0.0000E+00	0.0000E+00	2.1607E+00
1.9230E+03	0.0000E+00	0.0000E+00	2.1606E+00
1.9240E+03	0.0000E+00	0.0000E+00	2.1491E+00
1.9250E+03	0.0000E+00	0.0000E+00	2.1497E+00
1.9260E+03	0.0000E+00	0.0000E+00	2.1478E+00
1.9270E+03	0.0000E+00	0.0000E+00	2.1385E+00
1.9280E+03	0.0000E+00	0.0000E+00	2.1362E+00
1.9290E+03	0.0000E+00	0.0000E+00	2.1368E+00
1.9300E+03	0.0000E+00	0.0000E+00	2.1324E+00
1.9310E+03	0.0000E+00	0.0000E+00	2.1316E+00
1.9320E+03	0.0000E+00	0.0000E+00	2.1331E+00
1.9330E+03	0.0000E+00	0.0000E+00	2.1313E+00
1.9340E+03	0.0000E+00	0.0000E+00	2.1251E+00
1.9350E+03	0.0000E+00	0.0000E+00	2.1195E+00
1.9360E+03	0.0000E+00	0.0000E+00	2.1140E+00
1.9370E+03	0.0000E+00	0.0000E+00	2.1129E+00
1.9380E+03	0.0000E+00	0.0000E+00	2.1120E+00
1.9390E+03	0.0000E+00	0.0000E+00	2.1190E+00
1.9400E+03	0.0000E+00	0.0000E+00	2.1370E+00
1.9410E+03	0.0000E+00	0.0000E+00	2.1513E+00
1.9420E+03	0.0000E+00	0.0000E+00	2.1654E+00
1.9430E+03	0.0000E+00	0.0000E+00	2.1763E+00
1.9440E+03	0.0000E+00	0.0000E+00	2.1789E+00
1.9450E+03	0.0000E+00	0.0000E+00	2.1857E+00
1.9460E+03	0.0000E+00	0.0000E+00	2.1838E+00
1.9470E+03	0.0000E+00	0.0000E+00	2.1744E+00
1.9480E+03	0.0000E+00	0.0000E+00	2.1772E+00
1.9490E+03	0.0000E+00	0.0000E+00	2.1698E+00
1.9500E+03	0.0000E+00	0.0000E+00	2.1588E+00
1.9510E+03	0.0000E+00	0.0000E+00	2.1529E+00
1.9520E+03	0.0000E+00	0.0000E+00	2.1471E+00
1.9530E+03	0.0000E+00	0.0000E+00	2.1400E+00
1.9540E+03	0.0000E+00	0.0000E+00	2.1362E+00
1.9550E+03	0.0000E+00	0.0000E+00	2.1304E+00
1.9560E+03	0.0000E+00	0.0000E+00	2.1214E+00
1.9570E+03	0.0000E+00	0.0000E+00	2.1127E+00
1.9580E+03	0.0000E+00	0.0000E+00	2.1031E+00
1.9590E+03	0.0000E+00	0.0000E+00	2.0928E+00
1.9600E+03	0.0000E+00	0.0000E+00	2.0890E+00
1.9610E+03	0.0000E+00	0.0000E+00	2.0863E+00
1.9620E+03	0.0000E+00	0.0000E+00	2.0878E+00
1.9630E+03	0.0000E+00	0.0000E+00	2.0910E+00
1.9640E+03	0.0000E+00	0.0000E+00	2.1029E+00
1.9650E+03	0.0000E+00	0.0000E+00	2.1173E+00
1.9660E+03	0.0000E+00	0.0000E+00	2.1253E+00
1.9670E+03	0.0000E+00	0.0000E+00	2.1428E+00
1.9680E+03	0.0000E+00	0.0000E+00	2.1459E+00
1.9690E+03	0.0000E+00	0.0000E+00	2.1410E+00
1.9700E+03	0.0000E+00	0.0000E+00	2.1446E+00
1.9710E+03	0.0000E+00	0.0000E+00	2.1351E+00
1.9720E+03	0.0000E+00	0.0000E+00	2.1325E+00
1.9730E+03	0.0000E+00	0.0000E+00	2.1215E+00
1.9740E+03	0.0000E+00	0.0000E+00	2.1187E+00
1.9750E+03	0.0000E+00	0.0000E+00	2.1130E+00
1.9760E+03	0.0000E+00	0.0000E+00	2.1086E+00
1.9770E+03	0.0000E+00	0.0000E+00	2.0995E+00
1.9780E+03	0.0000E+00	0.0000E+00	2.1007E+00
1.9790E+03	0.0000E+00	0.0000E+00	2.0933E+00
1.9800E+03	0.0000E+00	0.0000E+00	2.0846E+00
1.9810E+03	0.0000E+00	0.0000E+00	2.0777E+00
1.9820E+03	0.0000E+00	0.0000E+00	2.0732E+00
1.9830E+03	0.0000E+00	0.0000E+00	2.0651E+00
1.9840E+03	0.0000E+00	0.0000E+00	2.0602E+00
1.9850E+03	0.0000E+00	0.0000E+00	2.0569E+00
1.9860E+03	0.0000E+00	0.0000E+00	2.0612E+00
1.9870E+03	0.0000E+00	0.0000E+00	2.0668E+00
1.9880E+03	0.0000E+00	0.0000E+00	2.0775E+00
1.9890E+03	0.0000E+00	0.0000E+00	2.1010E+00
1.9900E+03	0.0000E+00	0.0000E+00	2.1151E+00
1.9910E+03	0.0000E+00	0.0000E+00	2.1319E+00
1.9920E+03	0.0000E+00	0.0000E+00	2.1351E+00
1.9930E+03	0.0000E+00	0.0000E+00	2.1395E+00
1.9940E+03	0.0000E+00	0.0000E+00	2.1385E+00
1.9950E+03	0.0000E+00	0.0000E+00	2.1398E+00
1.9960E+03	0.0000E+00	0.0000E+00	2.1288E+00
1.9970E+03	0.0000E+00	0.0000E+00	2.1286E+00
1.9980E+03	0.0000E+00	0.0000E+00	2.1204E+00
1.9990E+03	0.0000E+00	0.0000E+00	2.1106E+00
2.0000E+03	0.0000E+00	0.0000E+00	2.1119E+00
2.0010E+03	0.0000E+00	0.0000E+00	2.1064E+00
2.0020E+03	0.0000E+00	0.0000E+00	2.0933E+00
2.0030E+03	0.0000E+00	0.0000E+00	2.0894E+00
2.0040E+03	0.0000E+00	0.0000E+00	2.0804E+00
2.0050E+03	0.0000E+00	0.0000E+00	2.0733E+00
2.0060E+03	0.0000E+00	0.0000E+00	2.0649E+00
2.0070E+03	0.0000E+00	0.0000E+00	2.0578E+00
2.0080E+03	0.0000E+00	0.0000E+00	2.0534E+00
2.0090E+03	0.0000E+00	0.0000E+00	2.0549E+00
2.0100E+03	0.0000E+00	0.0000E+00	2.0576E+00
2.0110E+03	0.0000E+00	0.0000E+00	2.0713E+00
2.0120E+03	0.0000E+00	0.0000E+00	2.0871E+00
2.0130E+03	0.0000E+00	0.0000E+00	2.1055E+00
2.0140E+03	0.0000E+00	0.0000E+00	2.1159E+00
2.0150E+03	0.0000E+00	0.0000E+00	2.1286E+00
2.0160E+03	0.0000E+00	0.0000E+00	2.1330E+00
2.0170E+03	0.0000E+00	0.0000E+00	2.1333E+00
2.0180E+03	0.0000E+00	0.0000E+00	2.1348E+00
2.0190E+03	0.0000E+00	0.0000E+00	2.1345E+00
2.0200E+03	0.0000E+00	0.0000E+00	2.1254E+00
2.0210E+03	0.0000E+00	0.0000E+00	2.1158E+00
2.0220E+03	0.0000E+00	0.0000E+00	2.1140E+00
2.0230E+03	0.0000E+00	0.0000E+00	2.1054E+00
2.0240E+03	0.0000E+00	0.0000E+00	2.0974E+00
2.0250E+03	0.0000E+00	0.0000E+00	2.0933E+00
2.0260E+03	0.0000E+00	0.0000E+00	2.0872E+00
2.0270E+03	0.0000E+00	0.0000E+00	2.0836E+00
2.0280E+03	0.0000E+00	0.0000E+00	2.0701E+00
2.0290E+03	0.0000E+00	0.0000E+00	2.0671E+00
2.0300E+03	0.0000E+00	0.0000E+00	2.0568E+00
2.0310E+03	0.0000E+00	0.0000E+00	2.0566E+00
2.0320E+03	0.0000E+00	0.0000E+00	2.0499E+00
2.0330E+03	0.0000E+00	0.0000E+00	2.0535E+00
2.0340E+03	0.0000E+00	0.0000E+00	2.0522E+00
2.0350E+03	0.0000E+00	0.0000E+00	2.0581E+00
2.0360E+03	0.0000E+00	0.0000E+00	2.0720E+00
2.0370E+03	0.0000E+00	0.0000E+00	2.0823E+00
2.0380E+03	0.0000E+00	0.0000E+00	2.1009E+00
2.0390E+03	0.0000E+00	0.0000E+00	2.1051E+00
2.0400E+03	0.0000E+00	0.0000E+00	2.1155E+00
2.0410E+03	0.0000E+00	0.0000E+00	2.1207E+00
2.0420E+03	0.0000E+00	0.0000E+00	2.1275E+00
2.0430E+03	0.0000E+00	0.0000E+00	2.1186E+00
2.0440E+03	0.0000E+00	0.0000E+00	2.1154E+00
2.0450E+03	0.0000E+00	0.0000E+00	2.1132E+00
2.0460E+03	0.0000E+00	0.0000E+00	2.1053E+00
2.0470E+03	0.0000E+00	0.0000E+00	2.0953E+00
2.0480E+03	0.0000E+00	0.0000E+00	2.0882E+00
2.0490E+03	0.0000E+00	0.0000E+00	2.0850E+00
2.0500E+03	0.0000E+00	0.0000E+00	2.0765E+00
2.0510E+03	0.0000E+00	0.0000E+00	2.0745E+00
2.0520E+03	0.0000E+00	0.0000E+00	2.0653E+00
2.0530E+03	0.0000E+00	0.0000E+00	2.0586E+00
2.0540E+03	0.0000E+00	0.0000E+00	2.0508E+00
2.0550E+03	0.0000E+00	0.0000E+00	2.0427E+00
2.0560E+03	0.0000E+00	0.0000E+00	2.0416E+00
2.0570E+03	0.0000E+00	0.0000E+00	2.0407E+00
2.0580E+03	0.0000E+00	0.0000E+00	2.0459E+00
2.0590E+03	0.0000E+00	0.0000E+00	2.0575E+00
2.0600E+03	0.0000E+00	0.0000E+00	2.0729E+00
2.0610E+03	0.0000E+00	0.0000E+00	2.0895E+00
2.0620E+03	0.0000E+00	0.0000E+00	2.0998E+00
2.0630E+03	0.0000E+00	0.0000E+00	2.1082E+00
2.0640E+03	0.0000E+00	0.0000E+00	2.1130E+00
2.0650E+03	0.0000E+00	0.0000E+00	2.1109E+00
2.0660E+03	0.0000E+00	0.0000E+00	2.1075E+00
2.0670E+03	0.0000E+00	0.0000E+00	2.1039E+00
2.0680E+03	0.0000E+00	0.0000E+00	2.1036E+00
2.0690E+03	0.0000E+00	0.0000E+00	2.0941E+00
2.0700E+03	0.0000E+00	0.0000E+00	2.0918E+00
2.0710E+03	0.0000E+00	0.0000E+00	2.0836E+00
2.0720E+03	0.0000E+00	0.0000E+00	2.0798E+00
2.0730E+03	0.0000E+00	0.0000E+00	2.0739E+00
2.0740E+03	0.0000E+00	0.0000E+00	2.0691E+00
2.0750E+03	0.0000E+00	0.0000E+00	2.0640E+00
2.0760E+03	0.0000E+00	0.0000E+00	2.0581E+00
2.0770E+03	0.0000E+00	0.0000E+00	2.0507E+00
2.0780E+03	0.0000E+00	0.0000E+00	2.0445E+00
2.0790E+03	0.0000E+00	0.0000E+00	2.0397E+00
2.0800E+03	0.0000E+00	0.0000E+00	2.0358E+00
2.0810E+03	0.0000E+00	0.0000E+00	2.0303E+00
2.0820E+03	0.0000E+00	0.0000E+00	2.0344E+00
2.0830E+03	0.0000E+00	0.0000E+00	2.0431E+00
2.0840E+03	0.0000E+00	0.0000E+00	2.0587E+00
2.0850E+03	0.0000E+00	0.0000E+00	2.0755E+00
2.0860E+03	0.0000E+00	0.0000E+00	2.0941E+00
2.0870E+03	0.0000E+00	0.0000E+00	2.1139E+00
2.0880E+03	0.0000E+00	0.0000E+00	2.1217E+00
2.0890E+03	0.0000E+00	0.0000E+00	2.1225E+00
2.0900E+03	0.0000E+00	0.0000E+00	2.1238E+00
2.0910E+03	0.0000E+00	0.0000E+00	2.1282E+00
2.0920E+03	0.0000E+00	0.0000E+00	2.1155E+00
2.0930E+03	0.0000E+00	0.0000E+00	2.1052E+00
2.0940E+03	0.0000E+00	0.0000E+00	2.1048E+00
2.0950E+03	0.0000E+00	0.0000E+00	2.0982E+00
2.0960E+03	0.0000E+00	0.0000E+00	2.0912E+00
2.0970E+03	0.0000E+00	0.0000E+00	2.0855E+00
2.0980E+03	0.0000E+00	0.0000E+00	2.0762E+00
2.0990E+03	0.0000E+00	0.0000E+00	2.0677E+00
2.1000E+03	0.0000E+00	0.0000E+00	2.0588E+00
2.1010E+03	0.0000E+00	0.0000E+00	2.0503E+00
2.1020E+03	0.0000E+00	0.0000E+00	2.0459E+00
2.1030E+03	0.0000E+00	0.0000E+00	2.0376E+00
2.1040E+03	0.0000E+00	0.0000E+00	2.0301E+00
2.1050E+03	0.0000E+00	0.0000E+00	2.0303E+00
2.1060E+03	0.0000E+00	0.0000E+00	2.0395E+00
2.1070E+03	0.0000E+00	0.0000E+00	2.0488E+00
2.1080E+03	0.0000E+00	0.0000E+00	2.0619E+00
2.1090E+03	0.0000E+00	0.0000E+00	2.0785E+00
2.1100E+03	0.0000E+00	0.0000E+00	2.0965E+00
2.1110E+03	0.0000E+00	0.0000E+00	2.1092E+00
2.1120E+03	0.0000E+00	0.0000E+00	2.1241E+00
2.1130E+03	0.0000E+00	0.0000E+00	2.1292E+00
2.1140E+03	0.0000E+00	0.0000E+00	2.1288E+00
2.1150E+03	0.0000E+00	0.0000E+00	2.1270E+00
2.1160E+03	0.0000E+00	0.0000E+00	2.1186E+00
2.1170E+03	0.0000E+00	0.0000E+00	2.1109E+00
2.1180E+03	0.0000E+00	0.0000E+00	2.1025E+00
2.1190E+03	0.0000E+00	0.0000E+00	2.0937E+00
2.1200E+03	0.0000E+00	0.0000E+00	2.0867E+00
2.1210E+03	0.0000E+00	0.0000E+00	2.0786E+00
2.1220E+03	0.0000E+00	0.0000E+00	2.0693E+00
2.1230E+03	0.0000E+00	0.0000E+00	2.0628E+00
2.1240E+03	0.0000E+00	0.0000E+00	2.0549E+00
2.1250E+03	0.0000E+00	0.0000E+00	2.0460E+00
2.1260E+03	0.0000E+00	0.0000E+00	2.0396E+00
2.1270E+03	0.0000E+00	0.0000E+00	2.0257E+00
2.1280E+03	0.0000E+00	0.0000E+00	2.0245E+00
2.1290E+03	0.0000E+00	0.0000E+00	2.0247E+00
2.1300E+03	0.0000E+00	0.0000E+00	2.0289E+00
2.1310E+03	0.0000E+00	0.0000E+00	2.0436E+00
2.1320E+03	0.0000E+00	0.0000E+00	2.0617E+00
2.1330E+03	0.0000E+00	0.0000E+00	2.0761E+00
2.1340E+03	0.0000E+00	0.0000E+00	2.0960E+00
2.1350E+03	0.0000E+00	0.0000E+00	2.1121E+00
2.1360E+03	0.0000E+00	0.0000E+00	2.1256E+00
2.1370E+03	0.0000E+00	0.0000E+00	2.1289E+00
2.1380E+03	0.0000E+00	0.0000E+00	2.1272E+00
2.1390E+03	0.0000E+00	0.0000E+00	2.1212E+00
2.1400E+03	0.0000E+00	0.0000E+00	2.1192E+00
2.1410E+03	0.0000E+00	0.0000E+00	2.1074E+00
2.1420E+03	0.0000E+00	0.0000E+00	2.0983E+00
2.1430E+03	0.0000E+00	0.0000E+00	2.0860E+00
2.1440E+03	0.0000E+00	0.0000E+00	2.0845E+00
2.1450E+03	0.0000E+00	0.0000E+00	2.0738E+00
2.1460E+03	0.0000E+00	0.0000E+00	2.0698E+00
2.1470E+03	0.0000E+00	0.0000E+00	2.0617E+00
2.1480E+03	0.0000E+00	0.0000E+00	2.0533E+00
2.1490E+03	0.0000E+00	0.0000E+00	2.0484E+00
2.1500E+03	0.0000E+00	0.0000E+00	2.0393E+00
2.1510E+03	0.0000E+00	0.0000E+00	2.0321E+00
2.1520E+03	0.0000E+00	0.0000E+00	2.0236E+00
2.1530E+03	0.0000E+00	0.0000E+00	2.0282E+00
2.1540E+03	0.0000E+00	0.0000E+00	2.0348E+00
2.1550E+03	0.0000E+00	0.0000E+00	2.0533E+00
2.1560E+03	0.0000E+00	0.0000E+00	2.0712E+00
2.1570E+03	0.0000E+00	0.0000E+00	2.0868E+00
2.1580E+03	0.0000E+00	0.0000E+00	2.1012E+00
2.1590E+03	0.0000E+00	0.0000E+00	2.1148E+00
2.1600E+03	0.0000E+00	0.0000E+00	2.1188E+00
2.1610E+03	0.0000E+00	0.0000E+00	2.1147E+00
2.1620E+03	0.0000E+00	0.0000E+00	2.1143E+00
2.1630E+03	0.0000E+00	0.0000E+00	2.1037E+00
2.1640E+03	0.0000E+00	0.0000E+00	2.1027E+00
2.1650E+03	0.0000E+00	0.0000E+00	2.0878E+00
2.1660E+03	0.0000E+00	0.0000E+00	2.0768E+00
2.1670E+03	0.0000E+00	0.0000E+00	2.0661E+00
2.1680E+03	0.0000E+00	0.0000E+00	2.0626E+00
2.1690E+03	0.0000E+00	0.0000E+00	2.0544E+00
2.1700E+03	0.0000E+00	0.0000E+00	2.0425E+00
2.1710E+03	0.0000E+00	0.0000E+00	2.0331E+00
2.1720E+03	0.0000E+00	0.0000E+00	2.0246E+00
2.1730E+03	0.0000E+00	0.0000E+00	2.0134E+00
2.1740E+03	0.0000E+00	0.0000E+00	2.0054E+00
2.1750E+03	0.0000E+00	0.0000E+00	1.9995E+00
2.1760E+03	0.0000E+00	0.0000E+00	1.9857E+00
2.1770E+03	0.0000E+00	0.0000E+00	1.9793E+00
2.1780E+03	0.0000E+00	0.0000E+00	1.9803E+00
2.1790E+03	0.0000E+00	0.0000E+00	1.9877E+00
2.1800E+03	0.0000E+00	0.0000E+00	1.9931E+00
2.1810E+03	0.0000E+00	0.0000E+00	2.0040E+00
2.1820E+03	0.0000E+00	0.0000E+00	2.0130E+00
2.1830E+03	0.0000E+00	0.0000E+00	2.0238E+00
2.1840E+03	0.0000E+00	0.0000E+00	2.0283E+00
2.1850E+03	0.0000E+00	0.0000E+00	2.0317E+00
2.1860E+03	0.0000E+00	0.0000E+00	2.0304E+00
2.1870E+03	0.0000E+00	0.0000E+00	2.0275E+00
2.1880E+03	0.0000E+00	0.0000E+00	2.0189E+00
2.1890E+03	0.0000E+00	0.0000E+00	2.0175E+00
2.1900E+03	0.0000E+00	0.0000E+00	2.0075E+00
2.1910E+03	0.0000E+00	0.0000E+00	2.0011E+00
2.1920E+03	0.0000E+00	0.0000E+00	1.9976E+00
2.1930E+03	0.0000E+00	0.0000E+00	1.9918E+00
2.1940E+03	0.0000E+00	0.0000E+00	1.9843E+00
2.1950E+03	0.0000E+00	0.0000E+00	1.9798E+00
2.1960E+03	0.0000E+00	0.0000E+00	1.9748E+00
2.1970E+03	0.0000E+00	0.0000E+00	1.9678E+00
2.1980E+03	0.0000E+00	0.0000E+00	1.9593E+00
2.1990E+03	0.0000E+00	0.0000E+00	1.9546E+00
2.2000E+03	0.0000E+00	0.0000E+00	1.9482E+00
2.2010E+03	0.0000E+00	0.0000E+00	1.9417E+00
2.2020E+03	0.0000E+00	0.0000E+00	1.9438E+00
2.2030E+03	0.0000E+00	0.0000E+00	1.9495E+00
2.2040E+03	0.0000E+00	0.0000E+00	1.9575E+00
2.2050E+03	0.0000E+00	0.0000E+00	1.9717E+00
2.2060E+03	0.0000E+00	0.0000E+00	1.9840E+00
2.2070E+03	0.0000E+00	0.0000E+00	1.9952E+00
2.2080E+03	0.0000E+00	0.0000E+00	2.0046E+00
2.2090E+03	0.0000E+00	0.0000E+00	2.0125E+00
2.2100E+03	0.0000E+00	0.0000E+00	2.0158E+00
2.2110E+03	0.0000E+00	0.0000E+00	2.0097E+00
2.2120E+03	0.0000E+00	0.0000E+00	2.0064E+00
2.2130E+03	0.0000E+00	0.0000E+00	1.9993E+00
2.2140E+03	0.0000E+00	0.0000E+00	1.9924E+00
2.2150E+03	0.0000E+00	0.0000E+00	1.9847E+00
2.2160E+03	0.0000E+00	0.0000E+00	1.9814E+00
2.2170E+03	0.0000E+00	0.0000E+00	1.9771E+00
2.2180E+03	0.0000E+00	0.0000E+00	1.9699E+00
2.2190E+03	0.0000E+00	0.0000E+00	1.9617E+00
2.2200E+03	0.0000E+00	0.0000E+00	1.9561E+00
2.2210E+03	0.0000E+00	0.0000E+00	1.9492E+00
2.2220E+03	0.0000E+00	0.0000E+00	1.9449E+00
2.2230E+03	0.0000E+00	0.0000E+00	1.9432E+00
2.2240E+03	0.0000E+00	0.0000E+00	1.9436E+00
2.2250E+03	0.0000E+00	0.0000E+00	1.9395E+00
2.2260E+03	0.0000E+00	0.0000E+00	1.9365E+00
2.2270E+03	0.0000E+00	0.0000E+00	1.9450E+00
2.2280E+03	0.0000E+00	0.0000E+00	1.9489E+00
2.2290E+03	0.0000E+00	0.0000E+00	1.9589E+00
2.2300E+03	0.0000E+00	0.0000E+00	1.9706E+00
2.2310E+03	0.0000E+00	0.0000E+00	1.9775E+00
2.2320E+03	0.0000E+00	0.0000E+00	1.9838E+00
2.2330E+03	0.0000E+00	0.0000E+00	1.9850E+00
2.2340E+03	0.0000E+00	0.0000E+00	1.9871E+00
2.2350E+03	0.0000E+00	0.0000E+00	1.9820E+00
2.2360E+03	0.0000E+00	0.0000E+00	1.9825E+00
2.2370E+03	0.0000E+00	0.0000E+00	1.9744E+00
2.2380E+03	0.0000E+00	0.0000E+00	1.9684E+00
2.2390E+03	0.0000E+00	0.0000E+00	1.9617E+00
2.2400E+03	0.0000E+00	0.0000E+00	1.9579E+00
2.2410E+03	0.0000E+00	0.0000E+00	1.9517E+00
2.2420E+03	0.0000E+00	0.0000E+00	1.9471E+00
2.2430E+03	0.0000E+00	0.0000E+00	1.9431E+00
2.2440E+03	0.0000E+00	0.0000E+00	1.9391E+00
2.2450E+03	0.0000E+00	0.0000E+00	1.9321E+00
2.2460E+03	0.0000E+00	0.0000E+00	1.9266E+00
2.2470E+03	0.0000E+00	0.0000E+00	1.9190E+00
2.2480E+03	0.0000E+00	0.0000E+00	1.9097E+00
2.2490E+03	0.0000E+00	0.0000E+00	1.9031E+00
2.2500E+03	0.0000E+00	0.0000E+00	1.9018E+00
2.2510E+03	0.0000E+00	0.0000E+00	1.9049E+00
2.2520E+03	0.0000E+00	0.0000E+00	1.9143E+00
2.2530E+03	0.0000E+00	0.0000E+00	1.9261E+00
2.2540E+03	0.0000E+00	0.0000E+00	1.9374E+00
2.2550E+03	0.0000E+00	0.0000E+00	1.9501E+00
2.2560E+03	0.0000E+00	0.0000E+00	1.9622E+00
2.2570E+03	0.0000E+00	0.0000E+00	1.9652E+00
2.2580E+03	0.0000E+00	0.0000E+00	1.9691E+00
2.2590E+03	0.0000E+00	0.0000E+00	1.9638E+00
2.2600E+03	0.0000E+00	0.0000E+00	1.9592E+00
2.2610E+03	0.0000E+00	0.0000E+00	1.9544E+00
2.2620E+03	0.0000E+00	0.0000E+00	1.9502E+00
2.2630E+03	0.0000E+00	0.0000E+00	1.9444E+00
2.2640E+03	0.0000E+00	0.0000E+00	1.9373E+00
2.2650E+03	0.0000E+00	0.0000E+00	1.9349E+00
2.2660E+03	0.0000E+00	0.0000E+00	1.9285E+00
2.2670E+03	0.0000E+00	0.0000E+00	1.9236E+00
2.2680E+03	0.0000E+00	0.0000E+00	1.9163E+00
2.2690E+03	0.0000E+00	0.0000E+00	1.9135E+00
2.2700E+03	0.0000E+00	0.0000E+00	1.9056E+00
2.2710E+03	0.0000E+00	0.0000E+00	1.9024E+00
2.2720E+03	0.0000E+00	0.0000E+00	1.8962E+00
2.2730E+03	0.0000E+00	0.0000E+00	1.8943E+00
2.2740E+03	0.0000E+00	0.0000E+00	1.9013E+00
2.2750E+03	0.0000E+00	0.0000E+00	1.9094E+00
2.2760E+03	0.0000E+00	0.0000E+00	1.9214E+00
2.2770E+03	0.0000E+00	0.0000E+00	1.9274E+00
2.2780E+03	0.0000E+00	0.0000E+00	1.9347E+00
2.2790E+03	0.0000E+00	0.0000E+00	1.9421E+00
2.2800E+03	0.0000E+00	0.0000E+00	1.9461E+00
2.2810E+03	0.0000E+00	0.0000E+00	1.9455E+00
2.2820E+03	0.0000E+00	0.0000E+00	1.9444E+00
2.2830E+03	0.0000E+00	0.0000E+00	1.9446E+00
2.2840E+03	0.0000E+00	0.0000E+00	1.9412E+00
2.2850E+03	0.0000E+00	0.0000E+00	1.9374E+00
2.2860E+03	0.0000E+00	0.0000E+00	1.9315E+00
2.2870E+03	0.0000E+00	0.0000E+00	1.9254E+00
2.2880E+03	0.0000E+00	0.0000E+00	1.9231E+00
2.2890E+03	0.0000E+00	0.0000E+00	1.9167E+00
2.2900E+03	0.0000E+00	0.0000E+00	1.9128E+00
2.2910E+03	0.0000E+00	0.0000E+00	1.9083E+00
2.2920E+03	0.0000E+00	0.0000E+00	1.9011E+00
2.2930E+03	0.0000E+00	0.0000E+00	1.8935E+00
2.2940E+03	0.0000E+00	0.0000E+00	1.8877E+00
2.2950E+03	0.0000E+00	0.0000E+00	1.8848E+00
2.2960E+03	0.0000E+00	0.0000E+00	1.8795E+00
2.2970E+03	0.0000E+00	0.0000E+00	1.8784E+00
2.2980E+03	0.0000E+00	0.0000E+00	1.8741E+00
2.2990E+03	0.0000E+00	0.0000E+00	1.8750E+00
2.3000E+03	0.0000E+00	0.0000E+00	1.8819E+00
2.3010E+03	0.0000E+00	0.0000E+00	1.8918E+00
2.3020E+03	0.0000E+00	0.0000E+00	1.9059E+00
2.3030E+03	0.0000E+00	0.0000E+00	1.9194E+00
2.3040E+03	0.0000E+00	0.0000E+00	1.9313E+00
2.3050E+03	0.0000E+00	0.0000E+00	1.9349E+00
2.3060E+03	0.0000E+00	0.0000E+00	1.9378E+00
2.3070E+03	0.0000E+00	0.0000E+00	1.9392E+00
2.3080E+03	0.0000E+00	0.0000E+00	1.9343E+00
2.3090E+03	0.0000E+00	0.0000E+00	1.9281E+00
2.3100E+03	0.0000E+00	0.0000E+00	1.9245E+00
2.3110E+03	0.0000E+00	0.0000E+00	1.9173E+00
2.3120E+03	0.0000E+00	0.0000E+00	1.9167E+00
2.3130E+03	0.0000E+00	0.0000E+00	1.9122E+00
2.3140E+03	0.0000E+00	0.0000E+00	1.9077E+00
2.3150E+03	0.0000E+00	0.0000E+00	1.9029E+00
2.3160E+03	0.0000E+00	0.0000E+00	1.8948E+00
2.3170E+03	0.0000E+00	0.0000E+00	1.8903E+00
2.3180E+03	0.0000E+00	0.0000E+00	1.8861E+00
2.3190E+03	0.0000E+00	0.0000E+00	1.8796E+00
2.3200E+03	0.0000E+00	0.0000E+00	1.8755E+00
2.3210E+03	0.0000E+00	0.0000E+00	1.8705E+00
2.3220E+03	0.0000E+00	0.0000E+00	1.8743E+00
2.3230E+03	0.0000E+00	0.0000E+00	1.8756E+00
2.3240E+03	0.0000E+00	0.0000E+00	1.8822E+00
2.3250E+03	0.0000E+00	0.0000E+00	1.8942E+00
2.3260E+03	0.0000E+00	0.0000E+00	1.9041E+00
2.3270E+03	0.0000E+00	0.0000E+00	1.9164E+00
2.3280E+03	0.0000E+00	0.0000E+00	1.9370E+00
2.3290E+03	0.0000E+00	0.0000E+00	1.9554E+00
2.3300E+03	0.0000E+00	0.0000E+00	1.9759E+00
2.3310E+03	0.0000E+00	0.0000E+00	1.9846E+00
2.3320E+03	0.0000E+00	0.0000E+00	1.9807E+00
2.3330E+03	0.0000E+00	0.0000E+00	1.9691E+00
2.3340E+03	0.0000E+00	0.0000E+00	1.9573E+00
2.3350E+03	0.0000E+00	0.0000E+00	1.9490E+00
2.3360E+03	0.0000E+00	0.0000E+00	1.9389E+00
2.3370E+03	0.0000E+00	0.0000E+00	1.9295E+00
2.3380E+03	0.0000E+00	0.0000E+00	1.9188E+00
2.3390E+03	0.0000E+00	0.0000E+00	1.9102E+00
2.3400E+03	0.0000E+00	0.0000E+00	1.9067E+00
2.3410E+03	0.0000E+00	0.0000E+00	1.9000E+00
2.3420E+03	0.0000E+00	0.0000E+00	1.8912E+00
2.3430E+03	0.0000E+00	0.0000E+00	1.8838E+00
2.3440E+03	0.0000E+00	0.0000E+00	1.8760E+00
2.3450E+03	0.0000E+00	0.0000E+00	1.8711E+00
2.3460E+03	0.0000E+00	0.0000E+00	1.8797E+00
2.3470E+03	0.0000E+00	0.0000E+00	1.8982E+00
2.3480E+03	0.0000E+00	0.0000E+00	1.9039E+00
2.3490E+03	0.0000E+00	0.0000E+00	1.9036E+00
2.3500E+03	0.0000E+00	0.0000E+00	1.9111E+00
2.3510E+03	0.0000E+00	0.0000E+00	1.9173E+00
2.3520E+03	0.0000E+00	0.0000E+00	1.9235E+00
2.3530E+03	0.0000E+00	0.0000E+00	1.9268E+00
2.3540E+03	0.0000E+00	0.0000E+00	1.9311E+00
2.3550E+03	0.0000E+00	0.0000E+00	1.9332E+00
2.3560E+03	0.0000E+00	0.0000E+00	1.9310E+00
2.3570E+03	0.0000E+00	0.0000E+00	1.9281E+00
2.3580E+03	0.0000E+00	0.0000E+00	1.9229E+00
2.3590E+03	0.0000E+00	0.0000E+00	1.9236E+00
2.3600E+03	0.0000E+00	0.0000E+00	1.9187E+00
2.3610E+03	0.0000E+00	0.0000E+00	1.9114E+00
2.3620E+03	0.0000E+00	0.0000E+00	1.9090E+00
2.3630E+03	0.0000E+00	0.0000E+00	1.9002E+00
2.3640E+03	0.0000E+00	0.0000E+00	1.9027E+00
2.3650E+03	0.0000E+00	0.0000E+00	1.9004E+00
2.3660E+03	0.0000E+00	0.0000E+00	1.8981E+00
2.3670E+03	0.0000E+00	0.0000E+00	1.8921E+00
2.3680E+03	0.0000E+00	0.0000E+00	1.8898E+00
2.3690E+03	0.0000E+00	0.0000E+00	1.8978E+00
2.3700E+03	0.0000E+00	0.0000E+00	1.9012E+00
2.3710E+03	0.0000E+00	0.0000E+00	1.9016E+00
2.3720E+03	0.0000E+00	0.0000E+00	1.9054E+00
2.3730E+03	0.0000E+00	0.0000E+00	1.9158E+00
2.3740E+03	0.0000E+00	0.0000E+00	1.9269E+00
2.3750E+03	0.0000E+00	0.0000E+00	1.9365E+00
2.3760E+03	0.0000E+00	0.0000E+00	1.9425E+00
2.3770E+03	0.0000E+00	0.0000E+00	1.9439E+00
2.3780E+03	0.0000E+00	0.0000E+00	1.9446E+00
2.3790E+03	0.0000E+00	0.0000E+00	1.9441E+00
2.3800E+03	0.0000E+00	0.0000E+00	1.9378E+00
2.3810E+03	0.0000E+00	0.0000E+00	1.9379E+00
2.3820E+03	0.0000E+00	0.0000E+00	1.9306E+00
2.3830E+03	0.0000E+00	0.0000E+00	1.9225E+00
2.3840E+03	0.0000E+00	0.0000E+00	1.9225E+00
2.3850E+03	0.0000E+00	0.0000E+00	1.9204E+00
2.3860E+03	0.0000E+00	0.0000E+00	1.9131E+00
2.3870E+03	0.0000E+00	0.0000E+00	1.9099E+00
2.3880E+03	0.0000E+00	0.0000E+00	1.9100E+00
2.3890E+03	0.0000E+00	0.0000E+00	1.9025E+00
2.3900E+03	0.0000E+00	0.0000E+00	1.9007E+00
2.3910E+03	0.0000E+00	0.0000E+00	1.8963E+00
2.3920E+03	0.0000E+00	0.0000E+00	1.8935E+00
2.3930E+03	0.0000E+00	0.0000E+00	1.8897E+00
2.3940E+03	0.0000E+00	0.0000E+00	1.8922E+00
2.3950E+03	0.0000E+00	0.0000E+00	1.8978E+00
2.3960E+03	0.0000E+00	0.0000E+00	1.9010E+00
2.3970E+03	0.0000E+00	0.0000E+00	1.9073E+00
2.3980E+03	0.0000E+00	0.0000E+00	1.9161E+00
2.3990E+03	0.0000E+00	0.0000E+00	1.9235E+00
2.4000E+03	0.0000E+00	0.0000E+00	1.9295E+00
2.4010E+03	0.0000E+00	0.0000E+00	1.9353E+00
2.4020E+03	0.0000E+00	0.0000E+00	1.9374E+00
2.4030E+03	0.0000E+00	0.0000E+00	1.9377E+00
2.4040E+03	0.0000E+00	0.0000E+00	1.9346E+00
2.4050E+03	0.0000E+00	0.0000E+00	1.9327E+00
2.4060E+03	0.0000E+00	0.0000E+00	1.9272E+00
2.4070E+03	0.0000E+00	0.0000E+00	1.9241E+00
2.4080E+03	0.0000E+00	0.0000E+00	1.9243E+00
2.4090E+03	0.0000E+00	0.0000E+00	1.9178E+00
2.4100E+03	0.0000E+00	0.0000E+00	1.9156E+00
2.4110E+03	0.0000E+00	0.0000E+00	1.9138E+00
2.4120E+03	0.0000E+00	0.0000E+00	1.9097E+00
2.4130E+03	0.0000E+00	0.0000E+00	1.9023E+00
2.4140E+03	0.0000E+00	0.0000E+00	1.8966E+00
2.4150E+03	0.0000E+00	0.0000E+00	1.8907E+00
2.4160E+03	0.0000E+00	0.0000E+00	1.8841E+00
2.4170E+03	0.0000E+00	0.0000E+00	1.8776E+00
2.4180E+03	0.0000E+00	0.0000E+00	1.8821E+00
2.4190E+03	0.0000E+00	0.0000E+00	1.8789E+00
2.4200E+03	0.0000E+00	0.0000E+00	1.8835E+00
2.4210E+03	0.0000E+00	0.0000E+00	1.8924E+00
2.4220E+03	0.0000E+00	0.0000E+00	1.9014E+00
2.4230E+03	0.0000E+00	0.0000E+00	1.9146E+00
2.4240E+03	0.0000E+00	0.0000E+00	1.9255E+00
2.4250E+03	0.0000E+00	0.0000E+00	1.9313E+00
2.4260E+03	0.0000E+00	0.0000E+00	1.9334E+00
2.4270E+03	0.0000E+00	0.0000E+00	1.9324E+00
2.4280E+03	0.0000E+00	0.0000E+00	1.9256E+00
2.4290E+03	0.0000E+00	0.0000E+00	1.9211E+00
2.4300E+03	0.0000E+00	0.0000E+00	1.9159E+00
2.4310E+03	0.0000E+00	0.0000E+00	1.9116E+00
2.4320E+03	0.0000E+00	0.0000E+00	1.9052E+00
2.4330E+03	0.0000E+00	0.0000E+00	1.9019E+00
2.4340E+03	0.0000E+00	0.0000E+00	1.8947E+00
2.4350E+03	0.0000E+00	0.0000E+00	1.8904E+00
2.4360E+03	0.0000E+00	0.0000E+00	1.8833E+00
2.4370E+03	0.0000E+00	0.0000E+00	1.8814E+00
2.4380E+03	0.0000E+00	0.0000E+00	1.8725E+00
2.4390E+03	0.0000E+00	0.0000E+00	1.8697E+00
2.4400E+03	0.0000E+00	0.0000E+00	1.8613E+00
2.4410E+03	0.0000E+00	0.0000E+00	1.8559E+00
2.4420E+03	0.0000E+00	0.0000E+00	1.8542E+00
2.4430E+03	0.0000E+00	0.0000E+00	1.8591E+00
2.4440E+03	0.0000E+00	0.0000E+00	1.8599E+00
2.4450E+03	0.0000E+00	0.0000E+00	1.8681E+00
2.4460E+03	0.0000E+00	0.0000E+00	1.8811E+00
2.4470E+03	0.0000E+00	0.0000E+00	1.8949E+00
2.4480E+03	0.0000E+00	0.0000E+00	1.9066E+00
2.4490E+03	0.0000E+00	0.0000E+00	1.9154E+00
2.4500E+03	0.0000E+00	0.0000E+00	1.9167E+00
2.4510E+03	0.0000E+00	0.0000E+00	1.9157E+00
2.4520E+03	0.0000E+00	0.0000E+00	1.9093E+00
2.4530E+03	0.0000E+00	0.0000E+00	1.9055E+00
2.4540E+03	0.0000E+00	0.0000E+00	1.9009E+00
2.4550E+03	0.0000E+00	0.0000E+00	1.8966E+00
2.4560E+03	0.0000E+00	0.0000E+00	1.8895E+00
2.4570E+03	0.0000E+00	0.0000E+00	1.8837E+00
2.4580E+03	0.0000E+00	0.0000E+00	1.8817E+00
2.4590E+03	0.0000E+00	0.0000E+00	1.8758E+00
2.4600E+03	0.0000E+00	0.0000E+00	1.8705E+00
2.4610E+03	0.0000E+00	0.0000E+00	1.8664E+00
2.4620E+03	0.0000E+00	0.0000E+00	1.8606E+00
2.4630E+03	0.0000E+00	0.0000E+00	1.8536E+00
2.4640E+03	0.0000E+00	0.0000E+00	1.8469E+00
2.4650E+03	0.0000E+00	0.0000E+00	1.8460E+00
2.4660E+03	0.0000E+00	0.0000E+00	1.8452E+00
2.4670E+03	0.0000E+00	0.0000E+00	1.8511E+00
2.4680E+03	0.0000E+00	0.0000E+00	1.8644E+00
2.4690E+03	0.0000E+00	0.0000E+00	1.8824E+00
2.4700E+03	0.0000E+00	0.0000E+00	1.9061E+00
2.4710E+03	0.0000E+00	0.0000E+00	1.9374E+00
2.4720E+03	0.0000E+00	0.0000E+00	1.9628E+00
2.4730E+03	0.0000E+00	0.0000E+00	1.9840E+00
2.4740E+03	0.0000E+00	0.0000E+00	1.9850E+00
2.4750E+03	0.0000E+00	0.0000E+00	1.9780E+00
2.4760E+03	0.0000E+00	0.0000E+00	1.9723E+00
2.4770E+03	0.0000E+00	0.0000E+00	1.9615E+00
2.4780E+03	0.0000E+00	0.0000E+00	1.9493E+00
2.4790E+03	0.0000E+00	0.0000E+00	1.9405E+00
2.4800E+03	0.0000E+00	0.0000E+00	1.9319E+00
2.4810E+03	0.0000E+00	0.0000E+00	1.9215E+00
2.4820E+03	0.0000E+00	0.0000E+00	1.9155E+00
2.4830E+03	0.0000E+00	0.0000E+00	1.9063E+00
2.4840E+03	0.0000E+00	0.0000E+00	1.8958E+00
2.4850E+03	0.0000E+00	0.0000E+00	1.8914E+00
2.4860E+03	0.0000E+00	0.0000E+00	1.8837E+00
2.4870E+03	0.0000E+00	0.0000E+00	1.8801E+00
2.4880E+03	0.0000E+00	0.0000E+00	1.8739E+00
2.4890E+03	0.0000E+00	0.0000E+00	1.8685E+00
2.4900E+03	0.0000E+00	0.0000E+00	1.8629E+00
2.4910E+03	0.0000E+00	0.0000E+00	1.8636E+00
2.4920E+03	0.0000E+00	0.0000E+00	1.8655E+00
2.4930E+03	0.0000E+00	0.0000E+00	1.8710E+00
2.4940E+03	0.0000E+00	0.0000E+00	1.8809E+00
2.4950E+03	0.0000E+00	0.0000E+00	1.8839E+00
2.4960E+03	0.0000E+00	0.0000E+00	1.8885E+00
2.4970E+03	0.0000E+00	0.0000E+00	1.8907E+00
2.4980E+03	0.0000E+00	0.0000E+00	1.8934E+00
2.4990E+03	0.0000E+00	0.0000E+00	1.8897E+00
2.5000E+03	0.0000E+00	0.0000E+00	1.8850E+00
2.5010E+03	0.0000E+00	0.0000E+00	1.8796E+00
2.5020E+03	0.0000E+00	0.0000E+00	1.8770E+00
2.5030E+03	0.0000E+00	0.0000E+00	1.8728E+00
2.5040E+03	0.0000E+00	0.0000E+00	1.8693E+00
2.5050E+03	0.0000E+00	0.0000E+00	1.8649E+00
2.5060E+03	0.0000E+00	0.0000E+00	1.8630E+00
2.5070E+03	0.0000E+00	0.0000E+00	1.8612E+00
2.5080E+03	0.0000E+00	0.0000E+00	1.8592E+00
2.5090E+03	0.0000E+00	0.0000E+00	1.8566E+00
2.5100E+03	0.0000E+00	0.0000E+00	1.8537E+00
2.5110E+03	0.0000E+00	0.0000E+00	1.8515E+00
2.5120E+03	0.0000E+00	0.0000E+00	1.8474E+00
2.5130E+03	0.0000E+00	0.0000E+00	1.8486E+00
2.5140E+03	0.0000E+00	0.0000E+00	1.8523E+00
2.5150E+03	0.0000E+00	0.0000E+00	1.8684E+00
2.5160E+03	0.0000E+00	0.0000E+00	1.8785E+00
2.5170E+03	0.0000E+00	0.0000E+00	1.8718E+00
2.5180E+03	0.0000E+00	0.0000E+00	1.8717E+00
2.5190E+03	0.0000E+00	0.0000E+00	1.8737E+00
2.5200E+03	0.0000E+00	0.0000E+00	1.8820E+00
2.5210E+03	0.0000E+00	0.0000E+00	1.8869E+00
2.5220E+03	0.0000E+00	0.0000E+00	1.8862E+00
2.5230E+03	0.0000E+00	0.0000E+00	1.8867E+00
2.5240E+03	0.0000E+00	0.0000E+00	1.8821E+00
2.5250E+03	0.0000E+00	0.0000E+00	1.8772E+00
2.5260E+03	0.0000E+00	0.0000E+00	1.8744E+00
2.5270E+03	0.0000E+00	0.0000E+00	1.8712E+00
2.5280E+03	0.0000E+00	0.0000E+00	1.8680E+00
2.5290E+03	0.0000E+00	0.0000E+00	1.8655E+00
2.5300E+03	0.0000E+00	0.0000E+00	1.8603E+00
2.5310E+03	0.0000E+00	0.0000E+00	1.8588E+00
2.5320E+03	0.0000E+00	0.0000E+00	1.8559E+00
2.5330E+03	0.0000E+00	0.0000E+00	1.8509E+00
2.5340E+03	0.0000E+00	0.0000E+00	1.8445E+00
2.5350E+03	0.0000E+00	0.0000E+00	1.8415E+00
2.5360E+03	0.0000E+00	0.0000E+00	1.8358E+00
2.5370E+03	0.0000E+00	0.0000E+00	1.8324E+00
2.5380E+03	0.0000E+00	0.0000E+00	1.8289E+00
2.5390E+03	0.0000E+00	0.0000E+00	1.8249E+00
2.5400E+03	0.0000E+00	0.0000E+00	1.8237E+00
2.5410E+03	0.0000E+00	0.0000E+00	1.8294E+00
2.5420E+03	0.0000E+00	0.0000E+00	1.8370E+00
2.5430E+03	0.0000E+00	0.0000E+00	1.8453E+00
2.5440E+03	0.0000E+00	0.0000E+00	1.8572E+00
2.5450E+03	0.0000E+00	0.0000E+00	1.8655E+00
2.5460E+03	0.0000E+00	0.0000E+00	1.8711E+00
2.5470E+03	0.0000E+00	0.0000E+00	1.8709E+00
2.5480E+03	0.0000E+00	0.0000E+00	1.8694E+00
2.5490E+03	0.0000E+00	0.0000E+00	1.8660E+00
2.5500E+03	0.0000E+00	0.0000E+00	1.8629E+00
2.5510E+03	0.0000E+00	0.0000E+00	1.8592E+00
2.5520E+03	0.0000E+00	0.0000E+00	1.8565E+00
2.5530E+03	0.0000E+00	0.0000E+00	1.8512E+00
2.5540E+03	0.0000E+00	0.0000E+00	1.8479E+00
2.5550E+03	0.0000E+00	0.0000E+00	1.8447E+00
2.5560E+03	0.0000E+00	0.0000E+00	1.8393E+00
2.5570E+03	0.0000E+00	0.0000E+00	1.8360E+00
2.5580E+03	0.0000E+00	0.0000E+00	1.8310E+00
2.5590E+03	0.0000E+00	0.0000E+00	1.8246E+00
2.5600E+03	0.0000E+00	0.0000E+00	1.8229E+00
2.5610E+03	0.0000E+00	0.0000E+00	1.8175E+00
2.5620E+03	0.0000E+00	0.0000E+00	1.8153E+00
2.5630E+03	0.0000E+00	0.0000E+00	1.8130E+00
2.5640E+03	0.0000E+00	0.0000E+00	1.8180E+00
2.5650E+03	0.0000E+00	0.0000E+00	1.8192E+00
2.5660E+03	0.0000E+00	0.0000E+00	1.8272E+00
2.5670E+03	0.0000E+00	0.0000E+00	1.8366E+00
2.5680E+03	0.0000E+00	0.0000E+00	1.8399E+00
2.5690E+03	0.0000E+00	0.0000E+00	1.8427E+00
2.5700E+03	0.0000E+00	0.0000E+00	1.8436E+00
2.5710E+03	0.0000E+00	0.0000E+00	1.8432E+00
2.5720E+03	0.0000E+00	0.0000E+00	1.8421E+00
2.5730E+03	0.0000E+00	0.0000E+00	1.8396E+00
2.5740E+03	0.0000E+00	0.0000E+00	1.8372E+00
2.5750E+03	0.0000E+00	0.0000E+00	1.8302E+00
2.5760E+03	0.0000E+00	0.0000E+00	1.8287E+00
2.5770E+03	0.0000E+00	0.0000E+00	1.8282E+00
2.5780E+03	0.0000E+00	0.0000E+00	1.8241E+00
2.5790E+03	0.0000E+00	0.0000E+00	1.8217E+00
2.5800E+03	0.0000E+00	0.0000E+00	1.8205E+00
2.5810E+03	0.0000E+00	0.0000E+00	1.8174E+00
2.5820E+03	0.0000E+00	0.0000E+00	1.8122E+00
2.5830E+03	0.0000E+00	0.0000E+00	1.8106E+00
2.5840E+03	0.0000E+00	0.0000E+00	1.8086E+00
2.5850E+03	0.0000E+00	0.0000E+00	1.8091E+00
2.5860E+03	0.0000E+00	0.0000E+00	1.8212E+00
2.5870E+03	0.0000E+00	0.0000E+00	1.8397E+00
2.5880E+03	0.0000E+00	0.0000E+00	1.8492E+00
2.5890E+03	0.0000E+00	0.0000E+00	1.8584E+00
2.5900E+03	0.0000E+00	0.0000E+00	1.8763E+00
2.5910E+03	0.0000E+00	0.0000E+00	1.9041E+00
2.5920E+03	0.0000E+00	0.0000E+00	1.9188E+00
2.5930E+03	0.0000E+00	0.0000E+00	1.9217E+00
2.5940E+03	0.0000E+00	0.0000E+00	1.9251E+00
2.5950E+03	0.0000E+00	0.0000E+00	1.9215E+00
2.5960E+03	0.0000E+00	0.0000E+00	1.9140E+00
2.5970E+03	0.0000E+00	0.0000E+00	1.9086E+00
2.5980E+03	0.0000E+00	0.0000E+00	1.8977E+00
2.5990E+03	0.0000E+00	0.0000E+00	1.8912E+00
2.6000E+03	0.0000E+00	0.0000E+00	1.8863E+00
2.6010E+03	0.0000E+00	0.0000E+00	1.8781E+00
2.6020E+03	0.0000E+00	0.0000E+00	1.8749E+00
2.6030E+03	0.0000E+00	0.0000E+00	1.8666E+00
2.6040E+03	0.0000E+00	0.0000E+00	1.8610E+00
2.6050E+03	0.0000E+00	0.0000E+00	1.8545E+00
2.6060E+03	0.0000E+00	0.0000E+00	1.8488E+00
2.6070E+03	0.0000E+00	0.0000E+00	1.8398E+00
2.6080E+03	0.0000E+00	0.0000E+00	1.8334E+00
2.6090E+03	0.0000E+00	0.0000E+00	1.8303E+00
2.6100E+03	0.0000E+00	0.0000E+00	1.8247E+00
2.6110E+03	0.0000E+00	0.0000E+00	1.8231E+00
2.6120E+03	0.0000E+00	0.0000E+00	1.8252E+00
2.6130E+03	0.0000E+00	0.0000E+00	1.8324E+00
2.6140E+03	0.0000E+00	0.0000E+00	1.8402E+00
2.6150E+03	0.0000E+00	0.0000E+00	1.8539E+00
2.6160E+03	0.0000E+00	0.0000E+00	1.8621E+00
2.6170E+03	0.0000E+00	0.0000E+00	1.8626E+00
2.6180E+03	0.0000E+00	0.0000E+00	1.8654E+00
2.6190E+03	0.0000E+00	0.0000E+00	1.8640E+00
2.6200E+03	0.0000E+00	0.0000E+00	1.8566E+00
2.6210E+03	0.0000E+00	0.0000E+00	1.8579E+00
2.6220E+03	0.0000E+00	0.0000E+00	1.8501E+00
2.6230E+03	0.0000E+00	0.0000E+00	1.8450E+00
2.6240E+03	0.0000E+00	0.0000E+00	1.8413E+00
2.6250E+03	0.0000E+00	0.0000E+00	1.8381E+00
2.6260E+03	0.0000E+00	0.0000E+00	1.8338E+00
2.6270E+03	0.0000E+00	0.0000E+00	1.8267E+00
2.6280E+03	0.0000E+00	0.0000E+00	1.8237E+00
2.6290E+03	0.0000E+00	0.0000E+00	1.8150E+00
2.6300E+03	0.0000E+00	0.0000E+00	1.8128E+00
2.6310E+03	0.0000E+00	0.0000E+00	1.8058E+00
2.6320E+03	0.0000E+00	0.0000E+00	1.8023E+00
2.6330E+03	0.0000E+00	0.0000E+00	1.7973E+00
2.6340E+03	0.0000E+00	0.0000E+00	1.7927E+00
2.6350E+03	0.0000E+00	0.0000E+00	1.7929E+00
2.6360E+03	0.0000E+00	0.0000E+00	1.7923E+00
2.6370E+03	0.0000E+00	0.0000E+00	1.7941E+00
2.6380E+03	0.0000E+00	0.0000E+00	1.7970E+00
2.6390E+03	0.0000E+00	0.0000E+00	1.8026E+00
2.6400E+03	0.0000E+00	0.0000E+00	1.8088E+00
2.6410E+03	0.0000E+00	0.0000E+00	1.8175E+00
2.6420E+03	0.0000E+00	0.0000E+00	1.8192E+00
2.6430E+03	0.0000E+00	0.0000E+00	1.8202E+00
2.6440E+03	0.0000E+00	0.0000E+00	1.8204E+00
2.6450E+03	0.0000E+00	0.0000E+00	1.8178E+00
2.6460E+03	0.0000E+00	0.0000E+00	1.8152E+00
2.6470E+03	0.0000E+00	0.0000E+00	1.8103E+00
2.6480E+03	0.0000E+00	0.0000E+00	1.8104E+00
2.6490E+03	0.0000E+00	0.0000E+00	1.8055E+00
2.6500E+03	0.0000E+00	0.0000E+00	1.8054E+00
2.6510E+03	0.0000E+00	0.0000E+00	1.8026E+00
2.6520E+03	0.0000E+00	0.0000E+00	1.7987E+00
2.6530E+03	0.0000E+00	0.0000E+00	1.7947E+00
2.6540E+03	0.0000E+00	0.0000E+00	1.7897E+00
2.6550E+03	0.0000E+00	0.0000E+00	1.7875E+00
2.6560E+03	0.0000E+00	0.0000E+00	1.7857E+00
2.6570E+03	0.0000E+00	0.0000E+00	1.7821E+00
2.6580E+03	0.0000E+00	0.0000E+00	1.7802E+00
2.6590E+03	0.0000E+00	0.0000E+00	1.7778E+00
2.6600E+03	0.0000E+00	0.0000E+00	1.7776E+00
2.6610E+03	0.0000E+00	0.0000E+00	1.7806E+00
2.6620E+03	0.0000E+00	0.0000E+00	1.7862E+00
2.6630E+03	0.0000E+00	0.0000E+00	1.7918E+00
2.6640E+03	0.0000E+00	0.0000E+00	1.8004E+00
2.6650E+03	0.0000E+00	0.0000E+00	1.8074E+00
2.6660E+03	0.0000E+00	0.0000E+00	1.8101E+00
2.6670E+03	0.0000E+00	0.0000E+00	1.8141E+00
2.6680E+03	0.0000E+00	0.0000E+00	1.8146E+00
2.6690E+03	0.0000E+00	0.0000E+00	1.8097E+00
2.6700E+03	0.0000E+00	0.0000E+00	1.8071E+00
2.6710E+03	0.0000E+00	0.0000E+00	1.8062E+00
2.6720E+03	0.0000E+00	0.0000E+00	1.8046E+00
2.6730E+03	0.0000E+00	0.0000E+00	1.8020E+00
2.6740E+03	0.0000E+00	0.0000E+00	1.7943E+00
2.6750E+03	0.0000E+00	0.0000E+00	1.7865E+00
2.6760E+03	0.0000E+00	0.0000E+00	1.7874E+00
2.6770E+03	0.0000E+00	0.0000E+00	1.7807E+00
2.6780E+03	0.0000E+00	0.0000E+00	1.7806E+00
2.6790E+03	0.0000E+00	0.0000E+00	1.7776E+00
2.6800E+03	0.0000E+00	0.0000E+00	1.7733E+00
2.6810E+03	0.0000E+00	0.0000E+00	1.7712E+00
2.6820E+03	0.0000E+00	0.0000E+00	1.7695E+00
2.6830E+03	0.0000E+00	0.0000E+00	1.7693E+00
2.6840E+03	0.0000E+00	0.0000E+00	1.7691E+00
2.6850E+03	0.0000E+00	0.0000E+00	1.7662E+00
2.6860E+03	0.0000E+00	0.0000E+00	1.7695E+00
2.6870E+03	0.0000E+00	0.0000E+00	1.7768E+00
2.6880E+03	0.0000E+00	0.0000E+00	1.7822E+00
2.6890E+03	0.0000E+00	0.0000E+00	1.7892E+00
2.6900E+03	0.0000E+00	0.0000E+00	1.7982E+00
2.6910E+03	0.0000E+00	0.0000E+00	1.8066E+00
2.6920E+03	0.0000E+00	0.0000E+00	1.8070E+00
2.6930E+03	0.0000E+00	0.0000E+00	1.8038E+00
2.6940E+03	0.0000E+00	0.0000E+00	1.8027E+00
2.6950E+03	0.0000E+00	0.0000E+00	1.8013E+00
2.6960E+03	0.0000E+00	0.0000E+00	1.7966E+00
2.6970E+03	0.0000E+00	0.0000E+00	1.7959E+00
2.6980E+03	0.0000E+00	0.0000E+00	1.7967E+00
2.6990E+03	0.0000E+00	0.0000E+00	1.7994E+00
2.7000E+03	0.0000E+00	0.0000E+00	1.7990E+00
2.7010E+03	0.0000E+00	0.0000E+00	1.7948E+00
2.7020E+03	0.0000E+00	0.0000E+00	1.7913E+00
2.7030E+03	0.0000E+00	0.0000E+00	1.7900E+00
2.7040E+03	0.0000E+00	0.0000E+00	1.7849E+00
2.7050E+03	0.0000E+00	0.0000E+00	1.7856E+00
2.7060E+03	0.0000E+00	0.0000E+00	1.7808E+00
2.7070E+03	0.0000E+00	0.0000E+00	1.7794E+00
2.7080E+03	0.0000E+00	0.0000E+00	1.7773E+00
2.7090E+03	0.0000E+00	0.0000E+00	1.7791E+00
2.7100E+03	0.0000E+00	0.0000E+00	1.7849E+00
2.7110E+03	0.0000E+00	0.0000E+00	1.7942E+00
2.7120E+03	0.0000E+00	0.0000E+00	1.8039E+00
2.7130E+03	0.0000E+00	0.0000E+00	1.8105E+00
2.7140E+03	0.0000E+00	0.0000E+00	1.8115E+00
2.7150E+03	0.0000E+00	0.0000E+00	1.8123E+00
2.7160E+03	0.0000E+00	0.0000E+00	1.8144E+00
2.7170E+03	0.0000E+00	0.0000E+00	1.8166E+00
2.7180E+03	0.0000E+00	0.0000E+00	1.8117E+00
2.7190E+03	0.0000E+00	0.0000E+00	1.8117E+00
2.7200E+03	0.0000E+00	0.0000E+00	1.8089E+00
2.7210E+03	0.0000E+00	0.0000E+00	1.8069E+00
2.7220E+03	0.0000E+00	0.0000E+00	1.8037E+00
2.7230E+03	0.0000E+00	0.0000E+00	1.7994E+00
2.7240E+03	0.0000E+00	0.0000E+00	1.7999E+00
2.7250E+03	0.0000E+00	0.0000E+00	1.7986E+00
2.7260E+03	0.0000E+00	0.0000E+00	1.7906E+00
2.7270E+03	0.0000E+00	0.0000E+00	1.7872E+00
2.7280E+03	0.0000E+00	0.0000E+00	1.7839E+00
2.7290E+03	0.0000E+00	0.0000E+00	1.7821E+00
2.7300E+03	0.0000E+00	0.0000E+00	1.7808E+00
2.7310E+03	0.0000E+00	0.0000E+00	1.7767E+00
2.7320E+03	0.0000E+00	0.0000E+00	1.7775E+00
2.7330E+03	0.0000E+00	0.0000E+00	1.7776E+00
2.7340E+03	0.0000E+00	0.0000E+00	1.7805E+00
2.7350E+03	0.0000E+00	0.0000E+00	1.7843E+00
2.7360E+03	0.0000E+00	0.0000E+00	1.7894E+00
2.7370E+03	0.0000E+00	0.0000E+00	1.7946E+00
2.7380E+03	0.0000E+00	0.0000E+00	1.8017E+00
2.7390E+03	0.0000E+00	0.0000E+00	1.8045E+00
2.7400E+03	0.0000E+00	0.0000E+00	1.8051E+00
2.7410E+03	0.0000E+00	0.0000E+00	1.8083E+00
2.7420E+03	0.0000E+00	0.0000E+00	1.8082E+00
2.7430E+03	0.0000E+00	0.0000E+00	1.8064E+00
2.7440E+03	0.0000E+00	0.0000E+00	1.8037E+00
2.7450E+03	0.0000E+00	0.0000E+00	1.8019E+00
2.7460E+03	0.0000E+00	0.0000E+00	1.7988E+00
2.7470E+03	0.0000E+00	0.0000E+00	1.7984E+00
2.7480E+03	0.0000E+00	0.0000E+00	1.7985E+00
2.7490E+03	0.0000E+00	0.0000E+00	1.8033E+00
2.7500E+03	0.0000E+00	0.0000E+00	1.8020E+00
2.7510E+03	0.0000E+00	0.0000E+00	1.8033E+00
2.7520E+03	0.0000E+00	0.0000E+00	1.8019E+00
2.7530E+03	0.0000E+00	0.0000E+00	1.8047E+00
2.7540E+03	0.0000E+00	0.0000E+00	1.8122E+00
2.7550E+03	0.0000E+00	0.0000E+00	1.8163E+00
2.7560E+03	0.0000E+00	0.0000E+00	1.8167E+00
2.7570E+03	0.0000E+00	0.0000E+00	1.8155E+00
2.7580E+03	0.0000E+00	0.0000E+00	1.8128E+00
2.7590E+03	0.0000E+00	0.0000E+00	1.8123E+00
2.7600E+03	0.0000E+00	0.0000E+00	1.8163E+00
2.7610E+03	0.0000E+00	0.0000E+00	1.8155E+00
2.7620E+03	0.0000E+00	0.0000E+00	1.8159E+00
2.7630E+03	0.0000E+00	0.0000E+00	1.8137E+00
2.7640E+03	0.0000E+00	0.0000E+00	1.8105E+00
2.7650E+03	0.0000E+00	0.0000E+00	1.8116E+00
2.7660E+03	0.0000E+00	0.0000E+00	1.8130E+00
2.7670E+03	0.0000E+00	0.0000E+00	1.8131E+00
2.7680E+03	0.0000E+00	0.0000E+00	1.8062E+00
2.7690E+03	0.0000E+00	0.0000E+00	1.8033E+00
2.7700E+03	0.0000E+00	0.0000E+00	1.7995E+00
2.7710E+03	0.0000E+00	0.0000E+00	1.7977E+00
2.7720E+03	0.0000E+00	0.0000E+00	1.7941E+00
2.7730E+03	0.0000E+00	0.0000E+00	1.7916E+00
2.7740E+03	0.0000E+00	0.0000E+00	1.7877E+00
2.7750E+03	0.0000E+00	0.0000E+00	1.7837E+00
2.7760E+03	0.0000E+00	0.0000E+00	1.7795E+00
2.7770E+03	0.0000E+00	0.0000E+00	1.7758E+00
2.7780E+03	0.0000E+00	0.0000E+00	1.7721E+00
2.7790E+03	0.0000E+00	0.0000E+00	1.7691E+00
2.7800E+03	0.0000E+00	0.0000E+00	1.7654E+00
2.7810E+03	0.0000E+00	0.0000E+00	1.7650E+00
2.7820E+03	0.0000E+00	0.0000E+00	1.7652E+00
2.7830E+03	0.0000E+00	0.0000E+00	1.7706E+00
2.7840E+03	0.0000E+00	0.0000E+00	1.7744E+00
2.7850E+03	0.0000E+00	0.0000E+00	1.7807E+00
2.7860E+03	0.0000E+00	0.0000E+00	1.7833E+00
2.7870E+03	0.0000E+00	0.0000E+00	1.7861E+00
2.7880E+03	0.0000E+00	0.0000E+00	1.7851E+00
2.7890E+03	0.0000E+00	0.0000E+00	1.7854E+00
2.7900E+03	0.0000E+00	0.0000E+00	1.7827E+00
2.7910E+03	0.0000E+00	0.0000E+00	1.7787E+00
2.7920E+03	0.0000E+00	0.0000E+00	1.7784E+00
2.7930E+03	0.0000E+00	0.0000E+00	1.7778E+00
2.7940E+03	0.0000E+00	0.0000E+00	1.7758E+00
2.7950E+03	0.0000E+00	0.0000E+00	1.7723E+00
2.7960E+03	0.0000E+00	0.0000E+00	1.7725E+00
2.7970E+03	0.0000E+00	0.0000E+00	1.7688E+00
2.7980E+03	0.0000E+00	0.0000E+00	1.7679E+00
2.7990E+03	0.0000E+00	0.0000E+00	1.7646E+00
2.8000E+03	0.0000E+00	0.0000E+00	1.7633E+00
2.8010E+03	0.0000E+00	0.0000E+00	1.7578E+00
2.8020E+03	0.0000E+00	0.0000E+00	1.7525E+00
2.8030E+03	0.0000E+00	0.0000E+00	1.7512E+00
2.8040E+03	0.0000E+00	0.0000E+00	1.7476E+00
2.8050E+03	0.0000E+00	0.0000E+00	1.7437E+00
2.8060E+03	0.0000E+00	0.0000E+00	1.7445E+00
2.8070E+03	0.0000E+00	0.0000E+00	1.7488E+00
2.8080E+03	0.0000E+00	0.0000E+00	1.7528E+00
2.8090E+03	0.0000E+00	0.0000E+00	1.7557E+00
2.8100E+03	0.0000E+00	0.0000E+00	1.7606E+00
2.8110E+03	0.0000E+00	0.0000E+00	1.7609E+00
2.8120E+03	0.0000E+00	0.0000E+00	1.7615E+00
2.8130E+03	0.0000E+00	0.0000E+00	1.7615E+00
2.8140E+03	0.0000E+00	0.0000E+00	1.7622E+00
2.8150E+03	0.0000E+00	0.0000E+00	1.7594E+00
2.8160E+03	0.0000E+00	0.0000E+00	1.7607E+00
2.8170E+03	0.0000E+00	0.0000E+00	1.7603E+00
2.8180E+03	0.0000E+00	0.0000E+00	1.7600E+00
2.8190E+03	0.0000E+00	0.0000E+00	1.7570E+00
2.8200E+03	0.0000E+00	0.0000E+00	1.7556E+00
2.8210E+03	0.0000E+00	0.0000E+00	1.7556E+00
2.8220E+03	0.0000E+00	0.0000E+00	1.7512E+00
2.8230E+03	0.0000E+00	0.0000E+00	1.7473E+00
2.8240E+03	0.0000E+00	0.0000E+00	1.7459E+00
2.8250E+03	0.0000E+00	0.0000E+00	1.7440E+00
2.8260E+03	0.0000E+00	0.0000E+00	1.7404E+00
2.8270E+03	0.0000E+00	0.0000E+00	1.7395E+00
2.8280E+03	0.0000E+00	0.0000E+00	1.7363E+00
2.8290E+03	0.0000E+00	0.0000E+00	1.7344E+00
2.8300E+03	0.0000E+00	0.0000E+00	1.7338E+00
2.8310E+03	0.0000E+00	0.0000E+00	1.7346E+00
2.8320E+03	0.0000E+00	0.0000E+00	1.7365E+00
2.8330E+03	0.0000E+00	0.0000E+00	1.7371E+00
2.8340E+03	0.0000E+00	0.0000E+00	1.7383E+00
2.8350E+03	0.0000E+00	0.0000E+00	1.7441E+00
2.8360E+03	0.0000E+00	0.0000E+00	1.7483E+00
2.8370E+03	0.0000E+00	0.0000E+00	1.7468E+00
2.8380E+03	0.0000E+00	0.0000E+00	1.7455E+00
2.8390E+03	0.0000E+00	0.0000E+00	1.7452E+00
2.8400E+03	0.0000E+00	0.0000E+00	1.7446E+00
2.8410E+03	0.0000E+00	0.0000E+00	1.7451E+00
2.8420E+03	0.0000E+00	0.0000E+00	1.7461E+00
2.8430E+03	0.0000E+00	0.0000E+00	1.7461E+00
2.8440E+03	0.0000E+00	0.0000E+00	1.7437E+00
2.8450E+03	0.0000E+00	0.0000E+00	1.7424E+00
2.8460E+03	0.0000E+00	0.0000E+00	1.7396E+00
2.8470E+03	0.0000E+00	0.0000E+00	1.7366E+00
2.8480E+03	0.0000E+00	0.0000E+00	1.7344E+00
2.8490E+03	0.0000E+00	0.0000E+00	1.7318E+00
2.8500E+03	0.0000E+00	0.0000E+00	1.7298E+00
2.8510E+03	0.0000E+00	0.0000E+00	1.7297E+00
2.8520E+03	0.0000E+00	0.0000E+00	1.7252E+00
2.8530E+03	0.0000E+00	0.0000E+00	1.7235E+00
2.8540E+03	0.0000E+00	0.0000E+00	1.7236E+00
2.8550E+03	0.0000E+00	0.0000E+00	1.7246E+00
2.8560E+03	0.0000E+00	0.0000E+00	1.7264E+00
2.8570E+03	0.0000E+00	0.0000E+00	1.7323E+00
2.8580E+03	0.0000E+00	0.0000E+00	1.7367E+00
2.8590E+03	0.0000E+00	0.0000E+00	1.7407E+00
2.8600E+03	0.0000E+00	0.0000E+00	1.7437E+00
2.8610E+03	0.0000E+00	0.0000E+00	1.7441E+00
2.8620E+03	0.0000E+00	0.0000E+00	1.7425E+00
2.8630E+03	0.0000E+00	0.0000E+00	1.7398E+00
2.8640E+03	0.0000E+00	0.0000E+00	1.7393E+00
2.8650E+03	0.0000E+00	0.0000E+00	1.7393E+00
2.8660E+03	0.0000E+00	0.0000E+00	1.7379E+00
2.8670E+03	0.0000E+00	0.0000E+00	1.7388E+00
2.8680E+03	0.0000E+00	0.0000E+00	1.7347E+00
2.8690E+03	0.0000E+00	0.0000E+00	1.7331E+00
2.8700E+03	0.0000E+00	0.0000E+00	1.7315E+00
2.8710E+03	0.0000E+00	0.0000E+00	1.7308E+00
2.8720E+03	0.0000E+00	0.0000E+00	1.7274E+00
2.8730E+03	0.0000E+00	0.0000E+00	1.7238E+00
2.8740E+03	0.0000E+00	0.0000E+00	1.7223E+00
2.8750E+03	0.0000E+00	0.0000E+00	1.7212E+00
2.8760E+03	0.0000E+00	0.0000E+00	1.7203E+00
2.8770E+03	0.0000E+00	0.0000E+00	1.7207E+00
2.8780E+03	0.0000E+00	0.0000E+00	1.7193E+00
2.8790E+03	0.0000E+00	0.0000E+00	1.7193E+00
2.8800E+03	0.0000E+00	0.0000E+00	1.7234E+00
2.8810E+03	0.0000E+00	0.0000E+00	1.7256E+00
2.8820E+03	0.0000E+00	0.0000E+00	1.7314E+00
2.8830E+03	0.0000E+00	0.0000E+00	1.7341E+00
2.8840E+03	0.0000E+00	0.0000E+00	1.7346E+00
2.8850E+03	0.0000E+00	0.0000E+00	1.7338E+00
2.8860E+03	0.0000E+00	0.0000E+00	1.7346E+00
2.8870E+03	0.0000E+00	0.0000E+00	1.7310E+00
2.8880E+03	0.0000E+00	0.0000E+00	1.7329E+00
2.8890E+03	0.0000E+00	0.0000E+00	1.7324E+00
2.8900E+03	0.0000E+00	0.0000E+00	1.7324E+00
2.8910E+03	0.0000E+00	0.0000E+00	1.7317E+00
2.8920E+03	0.0000E+00	0.0000E+00	1.7310E+00
2.8930E+03	0.0000E+00	0.0000E+00	1.7282E+00
2.8940E+03	0.0000E+00	0.0000E+00	1.7287E+00
2.8950E+03	0.0000E+00	0.0000E+00	1.7237E+00
2.8960E+03	0.0000E+00	0.0000E+00	1.7204E+00
2.8970E+03	0.0000E+00	0.0000E+00	1.7182E+00
2.8980E+03	0.0000E+00	0.0000E+00	1.7157E+00
2.8990E+03	0.0000E+00	0.0000E+00	1.7159E+00
2.9000E+03	0.0000E+00	0.0000E+00	1.7137E+00
2.9010E+03	0.0000E+00	0.0000E+00	1.7115E+00
2.9020E+03	0.0000E+00	0.0000E+00	1.7105E+00
2.9030E+03	0.0000E+00	0.0000E+00	1.7120E+00
2.9040E+03	0.0000E+00	0.0000E+00	1.7115E+00
2.9050E+03	0.0000E+00	0.0000E+00	1.7147E+00
2.9060E+03	0.0000E+00	0.0000E+00	1.7160E+00
2.9070E+03	0.0000E+00	0.0000E+00	1.7180E+00
2.9080E+03	0.0000E+00	0.0000E+00	1.7246E+00
2.9090E+03	0.0000E+00	0.0000E+00	1.7247E+00
2.9100E+03	0.0000E+00	0.0000E+00	1.7249E+00
2.9110E+03	0.0000E+00	0.0000E+00	1.7247E+00
2.9120E+03	0.0000E+00	0.0000E+00	1.7261E+00
2.9130E+03	0.0000E+00	0.0000E+00	1.7245E+00
2.9140E+03	0.0000E+00	0.0000E+00	1.7233E+00
2.9150E+03	0.0000E+00	0.0000E+00	1.7211E+00
2.9160E+03	0.0000E+00	0.0000E+00	1.7205E+00
2.9170E+03	0.0000E+00	0.0000E+00	1.7192E+00
2.9180E+03	0.0000E+00	0.0000E+00	1.7193E+00
2.9190E+03	0.0000E+00	0.0000E+00	1.7177E+00
2.9200E+03	0.0000E+00	0.0000E+00	1.7138E+00
2.9210E+03	0.0000E+00	0.0000E+00	1.6965E+00
2.9220E+03	0.0000E+00	0.0000E+00	1.6782E+00
2.9230E+03	0.0000E+00	0.0000E+00	1.6747E+00
2.9240E+03	0.0000E+00	0.0000E+00	1.6710E+00
2.9250E+03	0.0000E+00	0.0000E+00	1.6692E+00
2.9260E+03	0.0000E+00	0.0000E+00	1.6676E+00
2.9270E+03	0.0000E+00	0.0000E+00	1.6671E+00
2.9280E+03	0.0000E+00	0.0000E+00	1.6702E+00
2.9290E+03	0.0000E+00	0.0000E+00	1.6727E+00
2.9300E+03	0.0000E+00	0.0000E+00	1.6767E+00
2.9310E+03	0.0000E+00	0.0000E+00	1.6820E+00
2.9320E+03	0.0000E+00	0.0000E+00	1.6857E+00
2.9330E+03	0.0000E+00	0.0000E+00	1.6887E+00
2.9340E+03	0.0000E+00	0.0000E+00	1.6858E+00
2.9350E+03	0.0000E+00	0.0000E+00	1.6859E+00
2.9360E+03	0.0000E+00	0.0000E+00	1.6863E+00
2.9370E+03	0.0000E+00	0.0000E+00	1.6871E+00
2.9380E+03	0.0000E+00	0.0000E+00	1.6835E+00
2.9390E+03	0.0000E+00	0.0000E+00	1.6836E+00
2.9400E+03	0.0000E+00	0.0000E+00	1.6834E+00
2.9410E+03	0.0000E+00	0.0000E+00	1.6810E+00
2.9420E+03	0.0000E+00	0.0000E+00	1.6753E+00
2.9430E+03	0.0000E+00	0.0000E+00	1.6741E+00
2.9440E+03	0.0000E+00	0.0000E+00	1.6718E+00
2.9450E+03	0.0000E+00	0.0000E+00	1.6700E+00
2.9460E+03	0.0000E+00	0.0000E+00	1.6685E+00
2.9470E+03	0.0000E+00	0.0000E+00	1.6679E+00
2.9480E+03	0.0000E+00	0.0000E+00	1.6656E+00
2.9490E+03	0.0000E+00	0.0000E+00	1.6633E+00
2.9500E+03	0.0000E+00	0.0000E+00	1.6632E+00
2.9510E+03	0.0000E+00	0.0000E+00	1.6637E+00
2.9520E+03	0.0000E+00	0.0000E+00	1.6643E+00
2.9530E+03	0.0000E+00	0.0000E+00	1.6695E+00
2.9540E+03	0.0000E+00	0.0000E+00	1.6725E+00
2.9550E+03	0.0000E+00	0.0000E+00	1.6761E+00
2.9560E+03	0.0000E+00	0.0000E+00	1.6756E+00
2.9570E+03	0.0000E+00	0.0000E+00	1.6776E+00
2.9580E+03	0.0000E+00	0.0000E+00	1.6783E+00
2.9590E+03	0.0000E+00	0.0000E+00	1.6792E+00
2.9600E+03	0.0000E+00	0.0000E+00	1.6791E+00
2.9610E+03	0.0000E+00	0.0000E+00	1.6787E+00
2.9620E+03	0.0000E+00	0.0000E+00	1.6777E+00
2.9630E+03	0.0000E+00	0.0000E+00	1.6785E+00
2.9640E+03	0.0000E+00	0.0000E+00	1.6754E+00
2.9650E+03	0.0000E+00	0.0000E+00	1.6737E+00
2.9660E+03	0.0000E+00	0.0000E+00	1.6710E+00
2.9670E+03	0.0000E+00	0.0000E+00	1.6679E+00
2.9680E+03	0.0000E+00	0.0000E+00	1.6646E+00
2.9690E+03	0.0000E+00	0.0000E+00	1.6649E+00
2.9700E+03	0.0000E+00	0.0000E+00	1.6644E+00
2.9710E+03	0.0000E+00	0.0000E+00	1.6635E+00
2.9720E+03	0.0000E+00	0.0000E+00	1.6613E+00
2.9730E+03	0.0000E+00	0.0000E+00	1.6578E+00
2.9740E+03	0.0000E+00	0.0000E+00	1.6543E+00
2.9750E+03	0.0000E+00	0.0000E+00	1.6557E+00
2.9760E+03	0.0000E+00	0.0000E+00	1.6559E+00
2.9770E+03	0.0000E+00	0.0000E+00	1.6587E+00
2.9780E+03	0.0000E+00	0.0000E+00	1.6632E+00
2.9790E+03	0.0000E+00	0.0000E+00	1.6694E+00
2.9800E+03	0.0000E+00	0.0000E+00	1.6732E+00
2.9810E+03	0.0000E+00	0.0000E+00	1.6746E+00
2.9820E+03	0.0000E+00	0.0000E+00	1.6746E+00
2.9830E+03	0.0000E+00	0.0000E+00	1.6748E+00
2.9840E+03	0.0000E+00	0.0000E+00	1.6763E+00
2.9850E+03	0.0000E+00	0.0000E+00	1.6758E+00
2.9860E+03	0.0000E+00	0.0000E+00	1.6749E+00
2.9870E+03	0.0000E+00	0.0000E+00	1.6710E+00
2.9880E+03	0.0000E+00	0.0000E+00	1.6683E+00
2.9890E+03	0.0000E+00	0.0000E+00	1.6675E+00
2.9900E+03	0.0000E+00	0.0000E+00	1.6679E+00
2.9910E+03	0.0000E+00	0.0000E+00	1.6669E+00
2.9920E+03	0.0000E+00	0.0000E+00	1.6646E+00
2.9930E+03	0.0000E+00	0.0000E+00	1.6651E+00
2.9940E+03	0.0000E+00	0.0000E+00	1.6629E+00
2.9950E+03	0.0000E+00	0.0000E+00	1.6621E+00
2.9960E+03	0.0000E+00	0.0000E+00	1.6615E+00
2.9970E+03	0.0000E+00	0.0000E+00	1.6584E+00
2.9980E+03	0.0000E+00	0.0000E+00	1.6580E+00
2.9990E+03	0.0000E+00	0.0000E+00	1.6553E+00
3.0000E+03	0.0000E+00	0.0000E+00	1.6561E+00
3.0010E+03	0.0000E+00	0.0000E+00	1.6562E+00
3.0020E+03	0.0000E+00	0.0000E+00	1.6580E+00
3.0030E+03	0.0000E+00	0.0000E+00	1.6589E+00
3.0040E+03	0.0000E+00	0.0000E+00	1.6605E+00
3.0050E+03	0.0000E+00	0.0000E+00	1.6636E+00
3.0060E+03	0.0000E+00	0.0000E+00	1.6660E+00
3.0070E+03	0.0000E+00	0.0000E+00	1.6665E+00
3.0080E+03	0.0000E+00	0.0000E+00	1.6662E+00
3.0090E+03	0.0000E+00	0.0000E+00	1.6667E+00
3.0100E+03	0.0000E+00	0.0000E+00	1.6663E+00
3.0110E+03	0.0000E+00	0.0000E+00	1.6667E+00
3.0120E+03	0.0000E+00	0.0000E+00	1.6655E+00
3.0130E+03	0.0000E+00	0.0000E+00	1.6653E+00
3.0140E+03	0.0000E+00	0.0000E+00	1.6621E+00
3.0150E+03	0.0000E+00	0.0000E+00	1.6580E+00
3.0160E+03	0.0000E+00	0.0000E+00	1.6562E+00
3.0170E+03	0.0000E+00	0.0000E+00	1.6574E+00
3.0180E+03	0.0000E+00	0.0000E+00	1.6570E+00
3.0190E+03	0.0000E+00	0.0000E+00	1.6562E+00
3.0200E+03	0.0000E+00	0.0000E+00	1.6541E+00
3.0210E+03	0.0000E+00	0.0000E+00	1.6524E+00
3.0220E+03	0.0000E+00	0.0000E+00	1.6506E+00
3.0230E+03	0.0000E+00	0.0000E+00	1.6502E+00
3.0240E+03	0.0000E+00	0.0000E+00	1.6511E+00
3.0250E+03	0.0000E+00	0.0000E+00	1.6551E+00
3.0260E+03	0.0000E+00	0.0000E+00	1.6565E+00
3.0270E+03	0.0000E+00	0.0000E+00	1.6599E+00
3.0280E+03	0.0000E+00	0.0000E+00	1.6622E+00
3.0290E+03	0.0000E+00	0.0000E+00	1.6647E+00
3.0300E+03	0.0000E+00	0.0000E+00	1.6637E+00
3.0310E+03	0.0000E+00	0.0000E+00	1.6629E+00
3.0320E+03	0.0000E+00	0.0000E+00	1.6619E+00
3.0330E+03	0.0000E+00	0.0000E+00	1.6608E+00
3.0340E+03	0.0000E+00	0.0000E+00	1.6614E+00
3.0350E+03	0.0000E+00	0.0000E+00	1.6608E+00
3.0360E+03	0.0000E+00	0.0000E+00	1.6613E+00
3.0370E+03	0.0000E+00	0.0000E+00	1.6621E+00
3.0380E+03	0.0000E+00	0.0000E+00	1.6595E+00
3.0390E+03	0.0000E+00	0.0000E+00	1.6583E+00
3.0400E+03	0.0000E+00	0.0000E+00	1.6541E+00
3.0410E+03	0.0000E+00	0.0000E+00	1.6523E+00
3.0420E+03	0.0000E+00	0.0000E+00	1.6520E+00
3.0430E+03	0.0000E+00	0.0000E+00	1.6509E+00
3.0440E+03	0.0000E+00	0.0000E+00	1.6488E+00
3.0450E+03	0.0000E+00	0.0000E+00	1.6461E+00
3.0460E+03	0.0000E+00	0.0000E+00	1.6441E+00
3.0470E+03	0.0000E+00	0.0000E+00	1.6441E+00
3.0480E+03	0.0000E+00	0.0000E+00	1.6423E+00
3.0490E+03	0.0000E+00	0.0000E+00	1.6449E+00
3.0500E+03	0.0000E+00	0.0000E+00	1.6437E+00
3.0510E+03	0.0000E+00	0.0000E+00	1.6433E+00
3.0520E+03	0.0000E+00	0.0000E+00	1.6445E+00
3.0530E+03	0.0000E+00	0.0000E+00	1.6477E+00
3.0540E+03	0.0000E+00	0.0000E+00	1.6496E+00
3.0550E+03	0.0000E+00	0.0000E+00	1.6512E+00
3.0560E+03	0.0000E+00	0.0000E+00	1.6522E+00
3.0570E+03	0.0000E+00	0.0000E+00	1.6513E+00
3.0580E+03	0.0000E+00	0.0000E+00	1.6519E+00
3.0590E+03	0.0000E+00	0.0000E+00	1.6534E+00
3.0600E+03	0.0000E+00	0.0000E+00	1.6511E+00
3.0610E+03	0.0000E+00	0.0000E+00	1.6509E+00
3.0620E+03	0.0000E+00	0.0000E+00	1.6520E+00
3.0630E+03	0.0000E+00	0.0000E+00	1.6510E+00
3.0640E+03	0.0000E+00	0.0000E+00	1.6504E+00
3.0650E+03	0.0000E+00	0.0000E+00	1.6485E+00
3.0660E+03	0.0000E+00	0.0000E+00	1.6453E+00
3.0670E+03	0.0000E+00	0.0000E+00	1.6434E+00
3.0680E+03	0.0000E+00	0.0000E+00	1.6397E+00
3.0690E+03	0.0000E+00	0.0000E+00	1.6392E+00
3.0700E+03	0.0000E+00	0.0000E+00	1.6375E+00
3.0710E+03	0.0000E+00	0.0000E+00	1.6390E+00
3.0720E+03	0.0000E+00	0.0000E+00	1.6401E+00
3.0730E+03	0.0000E+00	0.0000E+00	1.6403E+00
3.0740E+03	0.0000E+00	0.0000E+00	1.6424E+00
3.0750E+03	0.0000E+00	0.0000E+00	1.6464E+00
3.0760E+03	0.0000E+00	0.0000E+00	1.6511E+00
3.0770E+03	0.0000E+00	0.0000E+00	1.6531E+00
3.0780E+03	0.0000E+00	0.0000E+00	1.6556E+00
3.0790E+03	0.0000E+00	0.0000E+00	1.6525E+00
3.0800E+03	0.0000E+00	0.0000E+00	1.6538E+00
3.0810E+03	0.0000E+00	0.0000E+00	1.6543E+00
3.0820E+03	0.0000E+00	0.0000E+00	1.6551E+00
3.0830E+03	0.0000E+00	0.0000E+00	1.6540E+00
3.0840E+03	0.0000E+00	0.0000E+00	1.6520E+00
3.0850E+03	0.0000E+00	0.0000E+00	1.6505E+00
3.0860E+03	0.0000E+00	0.0000E+00	1.6476E+00
3.0870E+03	0.0000E+00	0.0000E+00	1.6466E+00
3.0880E+03	0.0000E+00	0.0000E+00	1.6458E+00
3.0890E+03	0.0000E+00	0.0000E+00	1.6443E+00
3.0900E+03	0.0000E+00	0.0000E+00	1.6430E+00
3.0910E+03	0.0000E+00	0.0000E+00	1.6414E+00
3.0920E+03	0.0000E+00	0.0000E+00	1.6397E+00
3.0930E+03	0.0000E+00	0.0000E+00	1.6370E+00
3.0940E+03	0.0000E+00	0.0000E+00	1.6362E+00
3.0950E+03	0.0000E+00	0.0000E+00	1.6371E+00
3.0960E+03	0.0000E+00	0.0000E+00	1.6394E+00
3.0970E+03	0.0000E+00	0.0000E+00	1.6412E+00
3.0980E+03	0.0000E+00	0.0000E+00	1.6428E+00
3.0990E+03	0.0000E+00	0.0000E+00	1.6458E+00
3.1000E+03	0.0000E+00	0.0000E+00	1.6478E+00
3.1010E+03	0.0000E+00	0.0000E+00	1.6506E+00
3.1020E+03	0.0000E+00	0.0000E+00	1.6515E+00
3.1030E+03	0.0000E+00	0.0000E+00	1.6518E+00
3.1040E+03	0.0000E+00	0.0000E+00	1.6527E+00
3.1050E+03	0.0000E+00	0.0000E+00	1.6540E+00
3.1060E+03	0.0000E+00	0.0000E+00	1.6540E+00
3.1070E+03	0.0000E+00	0.0000E+00	1.6535E+00
3.1080E+03	0.0000E+00	0.0000E+00	1.6522E+00
3.1090E+03	0.0000E+00	0.0000E+00	1.6494E+00
3.1100E+03	0.0000E+00	0.0000E+00	1.6463E+00
3.1110E+03	0.0000E+00	0.0000E+00	1.6433E+00
3.1120E+03	0.0000E+00	0.0000E+00	1.6433E+00
3.1130E+03	0.0000E+00	0.0000E+00	1.6378E+00
3.1140E+03	0.0000E+00	0.0000E+00	1.6349E+00
3.1150E+03	0.0000E+00	0.0000E+00	1.6313E+00
3.1160E+03	0.0000E+00	0.0000E+00	1.6304E+00
3.1170E+03	0.0000E+00	0.0000E+00	1.6287E+00
3.1180E+03	0.0000E+00	0.0000E+00	1.6274E+00
3.1190E+03	0.0000E+00	0.0000E+00	1.6271E+00
3.1200E+03	0.0000E+00	0.0000E+00	1.6268E+00
3.1210E+03	0.0000E+00	0.0000E+00	1.6272E+00
3.1220E+03	0.0000E+00	0.0000E+00	1.6307E+00
3.1230E+03	0.0000E+00	0.0000E+00	1.6336E+00
3.1240E+03	0.0000E+00	0.0000E+00	1.6361E+00
3.1250E+03	0.0000E+00	0.0000E+00	1.6399E+00
3.1260E+03	0.0000E+00	0.0000E+00	1.6405E+00
3.1270E+03	0.0000E+00	0.0000E+00	1.6397E+00
3.1280E+03	0.0000E+00	0.0000E+00	1.6413E+00
3.1290E+03	0.0000E+00	0.0000E+00	1.6438E+00
3.1300E+03	0.0000E+00	0.0000E+00	1.6429E+00
3.1310E+03	0.0000E+00	0.0000E+00	1.6423E+00
3.1320E+03	0.0000E+00	0.0000E+00	1.6398E+00
3.1330E+03	0.0000E+00	0.0000E+00	1.6401E+00
3.1340E+03	0.0000E+00	0.0000E+00	1.6386E+00
3.1350E+03	0.0000E+00	0.0000E+00	1.6356E+00
3.1360E+03	0.0000E+00	0.0000E+00	1.6338E+00
3.1370E+03	0.0000E+00	0.0000E+00	1.6327E+00
3.1380E+03	0.0000E+00	0.0000E+00	1.6335E+00
3.1390E+03	0.0000E+00	0.0000E+00	1.6315E+00
3.1400E+03	0.0000E+00	0.0000E+00	1.6282E+00
3.1410E+03	0.0000E+00	0.0000E+00	1.6261E+00
3.1420E+03	0.0000E+00	0.0000E+00	1.6244E+00
3.1430E+03	0.0000E+00	0.0000E+00	1.6240E+00
3.1440E+03	0.0000E+00	0.0000E+00	1.6249E+00
3.1450E+03	0.0000E+00	0.0000E+00	1.6279E+00
3.1460E+03	0.0000E+00	0.0000E+00	1.6303E+00
3.1470E+03	0.0000E+00	0.0000E+00	1.6321E+00
3.1480E+03	0.0000E+00	0.0000E+00	1.6354E+00
3.1490E+03	0.0000E+00	0.0000E+00	1.6376E+00
3.1500E+03	0.0000E+00	0.0000E+00	1.6391E+00
3.1510E+03	0.0000E+00	0.0000E+00	1.6404E+00
3.1520E+03	0.0000E+00	0.0000E+00	1.6440E+00
3.1530E+03	0.0000E+00	0.0000E+00	1.6439E+00
3.1540E+03	0.0000E+00	0.0000E+00	1.6461E+00
3.1550E+03	0.0000E+00	0.0000E+00	1.6466E+00
3.1560E+03	0.0000E+00	0.0000E+00	1.6444E+00
3.1570E+03	0.0000E+00	0.0000E+00	1.6422E+00
3.1580E+03	0.0000E+00	0.0000E+00	1.6435E+00
3.1590E+03	0.0000E+00	0.0000E+00	1.6427E+00
3.1600E+03	0.0000E+00	0.0000E+00	1.6396E+00
3.1610E+03	0.0000E+00	0.0000E+00	1.6370E+00
3.1620E+03	0.0000E+00	0.0000E+00	1.6366E+00
3.1630E+03	0.0000E+00	0.0000E+00	1.6347E+00
3.1640E+03	0.0000E+00	0.0000E+00	1.6326E+00
3.1650E+03	0.0000E+00	0.0000E+00	1.6304E+00
3.1660E+03	0.0000E+00	0.0000E+00	1.6283E+00
3.1670E+03	0.0000E+00	0.0000E+00	1.6288E+00
3.1680E+03	0.0000E+00	0.0000E+00	1.6293E+00
3.1690E+03	0.0000E+00	0.0000E+00	1.6285E+00
3.1700E+03	0.0000E+00	0.0000E+00	1.6287E+00
3.1710E+03	0.0000E+00	0.0000E+00	1.6297E+00
3.1720E+03	0.0000E+00	0.0000E+00	1.6331E+00
3.1730E+03	0.0000E+00	0.0000E+00	1.6351E+00
3.1740E+03	0.0000E+00	0.0000E+00	1.6363E+00
3.1750E+03	0.0000E+00	0.0000E+00	1.6386E+00
3.1760E+03	0.0000E+00	0.0000E+00	1.6395E+00
3.1770E+03	0.0000E+00	0.0000E+00	1.6399E+00
3.1780E+03	0.0000E+00	0.0000E+00	1.6419E+00
3.1790E+03	0.0000E+00	0.0000E+00	1.6413E+00
3.1800E+03	0.0000E+00	0.0000E+00	1.6415E+00
3.1810E+03	0.0000E+00	0.0000E+00	1.6417E+00
3.1820E+03	0.0000E+00	0.0000E+00	1.6424E+00
3.1830E+03	0.0000E+00	0.0000E+00	1.6429E+00
3.1840E+03	0.0000E+00	0.0000E+00	1.6394E+00
3.1850E+03	0.0000E+00	0.0000E+00	1.6358E+00
3.1860E+03	0.0000E+00	0.0000E+00	1.6347E+00
3.1870E+03	0.0000E+00	0.0000E+00	1.6343E+00
3.1880E+03	0.0000E+00	0.0000E+00	1.6328E+00
3.1890E+03	0.0000E+00	0.0000E+00	1.6316E+00
3.1900E+03	0.0000E+00	0.0000E+00	1.6322E+00
3.1910E+03	0.0000E+00	0.0000E+00	1.6318E+00
3.1920E+03	0.0000E+00	0.0000E+00	1.6306E+00
3.1930E+03	0.0000E+00	0.0000E+00	1.6304E+00
3.1940E+03	0.0000E+00	0.0000E+00	1.6303E+00
3.1950E+03	0.0000E+00	0.0000E+00	1.6291E+00
3.1960E+03	0.0000E+00	0.0000E+00	1.6290E+00
3.1970E+03	0.0000E+00	0.0000E+00	1.6299E+00
3.1980E+03	0.0000E+00	0.0000E+00	1.6306E+00
3.1990E+03	0.0000E+00	0.0000E+00	1.6300E+00
3.2000E+03	0.0000E+00	0.0000E+00	1.6311E+00
3.2010E+03	0.0000E+00	0.0000E+00	1.6339E+00
3.2020E+03	0.0000E+00	0.0000E+00	1.6349E+00
3.2030E+03	0.0000E+00	0.0000E+00	1.6371E+00
3.2040E+03	0.0000E+00	0.0000E+00	1.6376E+00
3.2050E+03	0.0000E+00	0.0000E+00	1.6356E+00
3.2060E+03	0.0000E+00	0.0000E+00	1.6344E+00
3.2070E+03	0.0000E+00	0.0000E+00	1.6350E+00
3.2080E+03	0.0000E+00	0.0000E+00	1.6355E+00
3.2090E+03	0.0000E+00	0.0000E+00	1.6357E+00
3.2100E+03	0.0000E+00	0.0000E+00	1.6328E+00
3.2110E+03	0.0000E+00	0.0000E+00	1.6301E+00
3.2120E+03	0.0000E+00	0.0000E+00	1.6275E+00
3.2130E+03	0.0000E+00	0.0000E+00	1.6240E+00
3.2140E+03	0.0000E+00	0.0000E+00	1.6234E+00
3.2150E+03	0.0000E+00	0.0000E+00	1.6221E+00
3.2160E+03	0.0000E+00	0.0000E+00	1.6217E+00
3.2170E+03	0.0000E+00	0.0000E+00	1.6229E+00
3.2180E+03	0.0000E+00	0.0000E+00	1.6232E+00
3.2190E+03	0.0000E+00	0.0000E+00	1.6255E+00
3.2200E+03	0.0000E+00	0.0000E+00	1.6276E+00
3.2210E+03	0.0000E+00	0.0000E+00	1.6256E+00
3.2220E+03	0.0000E+00	0.0000E+00	1.6266E+00
3.2230E+03	0.0000E+00	0.0000E+00	1.6297E+00
3.2240E+03	0.0000E+00	0.0000E+00	1.6334E+00
3.2250E+03	0.0000E+00	0.0000E+00	1.6346E+00
3.2260E+03	0.0000E+00	0.0000E+00	1.6365E+00
3.2270E+03	0.0000E+00	0.0000E+00	1.6376E+00
3.2280E+03	0.0000E+00	0.0000E+00	1.6362E+00
3.2290E+03	0.0000E+00	0.0000E+00	1.6359E+00
3.2300E+03	0.0000E+00	0.0000E+00	1.6349E+00
3.2310E+03	0.0000E+00	0.0000E+00	1.6349E+00
3.2320E+03	0.0000E+00	0.0000E+00	1.6342E+00
3.2330E+03	0.0000E+00	0.0000E+00	1.6334E+00
3.2340E+03	0.0000E+00	0.0000E+00	1.6313E+00
3.2350E+03	0.0000E+00	0.0000E+00	1.6290E+00
3.2360E+03	0.0000E+00	0.0000E+00	1.6268E+00
3.2370E+03	0.0000E+00	0.0000E+00	1.6228E+00
3.2380E+03	0.0000E+00	0.0000E+00	1.6220E+00
3.2390E+03	0.0000E+00	0.0000E+00	1.6219E+00
3.2400E+03	0.0000E+00	0.0000E+00	1.6210E+00
3.2410E+03	0.0000E+00	0.0000E+00	1.6214E+00
3.2420E+03	0.0000E+00	0.0000E+00	1.6186E+00
3.2430E+03	0.0000E+00	0.0000E+00	1.6212E+00
3.2440E+03	0.0000E+00	0.0000E+00	1.6226E+00
3.2450E+03	0.0000E+00	0.0000E+00	1.6217E+00
3.2460E+03	0.0000E+00	0.0000E+00	1.6245E+00
3.2470E+03	0.0000E+00	0.0000E+00	1.6289E+00
3.2480E+03	0.0000E+00	0.0000E+00	1.6298E+00
3.2490E+03	0.0000E+00	0.0000E+00	1.6318E+00
3.2500E+03	0.0000E+00	0.0000E+00	1.6338E+00
3.2510E+03	0.0000E+00	0.0000E+00	1.6337E+00
3.2520E+03	0.0000E+00	0.0000E+00	1.6331E+00
3.2530E+03	0.0000E+00	0.0000E+00	1.6350E+00
3.2540E+03	0.0000E+00	0.0000E+00	1.6355E+00
3.2550E+03	0.0000E+00	0.0000E+00	1.6330E+00
3.2560E+03	0.0000E+00	0.0000E+00	1.6306E+00
3.2570E+03	0.0000E+00	0.0000E+00	1.6298E+00
3.2580E+03	0.0000E+00	0.0000E+00	1.6297E+00
3.2590E+03	0.0000E+00	0.0000E+00	1.6270E+00
3.2600E+03	0.0000E+00	0.0000E+00	1.6218E+00
3.2610E+03	0.0000E+00	0.0000E+00	1.6219E+00
3.2620E+03	0.0000E+00	0.0000E+00	1.6203E+00
3.2630E+03	0.0000E+00	0.0000E+00	1.6204E+00
3.2640E+03	0.0000E+00	0.0000E+00	1.6191E+00
3.2650E+03	0.0000E+00	0.0000E+00	1.6197E+00
3.2660E+03	0.0000E+00	0.0000E+00	1.6192E+00
3.2670E+03	0.0000E+00	0.0000E+00	1.6204E+00
3.2680E+03	0.0000E+00	0.0000E+00	1.6237E+00
3.2690E+03	0.0000E+00	0.0000E+00	1.6264E+00
3.2700E+03	0.0000E+00	0.0000E+00	1.6277E+00
3.2710E+03	0.0000E+00	0.0000E+00	1.6297E+00
3.2720E+03	0.0000E+00	0.0000E+00	1.6299E+00
3.2730E+03	0.0000E+00	0.0000E+00	1.6334E+00
3.2740E+03	0.0000E+00	0.0000E+00	1.6335E+00
3.2750E+03	0.0000E+00	0.0000E+00	1.6317E+00
3.2760E+03	0.0000E+00	0.0000E+00	1.6321E+00
3.2770E+03	0.0000E+00	0.0000E+00	1.6328E+00
3.2780E+03	0.0000E+00	0.0000E+00	1.6316E+00
3.2790E+03	0.0000E+00	0.0000E+00	1.6312E+00
3.2800E+03	0.0000E+00	0.0000E+00	1.6278E+00
3.2810E+03	0.0000E+00	0.0000E+00	1.6261E+00
3.2820E+03	0.0000E+00	0.0000E+00	1.6259E+00
3.2830E+03	0.0000E+00	0.0000E+00	1.6234E+00
3.2840E+03	0.0000E+00	0.0000E+00	1.6228E+00
3.2850E+03	0.0000E+00	0.0000E+00	1.6181E+00
3.2860E+03	0.0000E+00	0.0000E+00	1.6161E+00
3.2870E+03	0.0000E+00	0.0000E+00	1.6135E+00
3.2880E+03	0.0000E+00	0.0000E+00	1.6138E+00
3.2890E+03	0.0000E+00	0.0000E+00	1.6131E+00
3.2900E+03	0.0000E+00	0.0000E+00	1.6135E+00
3.2910E+03	0.0000E+00	0.0000E+00	1.6143E+00
3.2920E+03	0.0000E+00	0.0000E+00	1.6162E+00
3.2930E+03	0.0000E+00	0.0000E+00	1.6188E+00
3.2940E+03	0.0000E+00	0.0000E+00	1.6223E+00
3.2950E+03	0.0000E+00	0.0000E+00	1.6226E+00
3.2960E+03	0.0000E+00	0.0000E+00	1.6253E+00
3.2970E+03	0.0000E+00	0.0000E+00	1.6287E+00
3.2980E+03	0.0000E+00	0.0000E+00	1.6284E+00
3.2990E+03	0.0000E+00	0.0000E+00	1.6294E+00
3.3000E+03	0.0000E+00	0.0000E+00	1.6298E+00
3.3010E+03	0.0000E+00	0.0000E+00	1.6286E+00
3.3020E+03	0.0000E+00	0.0000E+00	1.6272E+00
3.3030E+03	0.0000E+00	0.0000E+00	1.6260E+00
3.3040E+03	0.0000E+00	0.0000E+00	1.6277E+00
3.3050E+03	0.0000E+00	0.0000E+00	1.6272E+00
3.3060E+03	0.0000E+00	0.0000E+00	1.6235E+00
3.3070E+03	0.0000E+00	0.0000E+00	1.6209E+00
3.3080E+03	0.0000E+00	0.0000E+00	1.6193E+00
3.3090E+03	0.0000E+00	0.0000E+00	1.6190E+00
3.3100E+03	0.0000E+00	0.0000E+00	1.6179E+00
3.3110E+03	0.0000E+00	0.0000E+00	1.6168E+00
3.3120E+03	0.0000E+00	0.0000E+00	1.6191E+00
3.3130E+03	0.0000E+00	0.0000E+00	1.6190E+00
3.3140E+03	0.0000E+00	0.0000E+00	1.6182E+00
3.3150E+03	0.0000E+00	0.0000E+00	1.6195E+00
3.3160E+03	0.0000E+00	0.0000E+00	1.6196E+00
3.3170E+03	0.0000E+00	0.0000E+00	1.6224E+00
3.3180E+03	0.0000E+00	0.0000E+00	1.6246E+00
3.3190E+03	0.0000E+00	0.0000E+00	1.6265E+00
3.3200E+03	0.0000E+00	0.0000E+00	1.6251E+00
3.3210E+03	0.0000E+00	0.0000E+00	1.6243E+00
3.3220E+03	0.0000E+00	0.0000E+00	1.6243E+00
3.3230E+03	0.0000E+00	0.0000E+00	1.6247E+00
3.3240E+03	0.0000E+00	0.0000E+00	1.6263E+00
3.3250E+03	0.0000E+00	0.0000E+00	1.6273E+00
3.3260E+03	0.0000E+00	0.0000E+00	1.6255E+00
3.3270E+03	0.0000E+00	0.0000E+00	1.6263E+00
3.3280E+03	0.0000E+00	0.0000E+00	1.6251E+00
3.3290E+03	0.0000E+00	0.0000E+00	1.6241E+00
3.3300E+03	0.0000E+00	0.0000E+00	1.6219E+00
3.3310E+03	0.0000E+00	0.0000E+00	1.6200E+00
3.3320E+03	0.0000E+00	0.0000E+00	1.6181E+00
3.3330E+03	0.0000E+00	0.0000E+00	1.6172E+00
3.3340E+03	0.0000E+00	0.0000E+00	1.6150E+00
3.3350E+03	0.0000E+00	0.0000E+00	1.6142E+00
3.3360E+03	0.0000E+00	0.0000E+00	1.6161E+00
3.3370E+03	0.0000E+00	0.0000E+00	1.6171E+00
3.3380E+03	0.0000E+00	0.0000E+00	1.6195E+00
3.3390E+03	0.0000E+00	0.0000E+00	1.6196E+00
3.3400E+03	0.0000E+00	0.0000E+00	1.6200E+00
3.3410E+03	0.0000E+00	0.0000E+00	1.6218E+00
3.3420E+03	0.0000E+00	0.0000E+00	1.6247E+00
3.3430E+03	0.0000E+00	0.0000E+00	1.6251E+00
3.3440E+03	0.0000E+00	0.0000E+00	1.6254E+00
3.3450E+03	0.0000E+00	0.0000E+00	1.6266E+00
3.3460E+03	0.0000E+00	0.0000E+00	1.6285E+00
3.3470E+03	0.0000E+00	0.0000E+00	1.6266E+00
3.3480E+03	0.0000E+00	0.0000E+00	1.6254E+00
3.3490E+03	0.0000E+00	0.0000E+00	1.6270E+00
3.3500E+03	0.0000E+00	0.0000E+00	1.6291E+00
3.3510E+03	0.0000E+00	0.0000E+00	1.6281E+00
3.3520E+03	0.0000E+00	0.0000E+00	1.6256E+00
3.3530E+03	0.0000E+00	0.0000E+00	1.6264E+00
3.3540E+03	0.0000E+00	0.0000E+00	1.6233E+00
3.3550E+03	0.0000E+00	0.0000E+00	1.6258E+00
3.3560E+03	0.0000E+00	0.0000E+00	1.6249E+00
3.3570E+03	0.0000E+00	0.0000E+00	1.6244E+00
3.3580E+03	0.0000E+00	0.0000E+00	1.6222E+00
3.3590E+03	0.0000E+00	0.0000E+00	1.6233E+00
3.3600E+03	0.0000E+00	0.0000E+00	1.6237E+00
3.3610E+03	0.0000E+00	0.0000E+00	1.6239E+00
3.3620E+03	0.0000E+00	0.0000E+00	1.6253E+00
3.3630E+03	0.0000E+00	0.0000E+00	1.6257E+00
3.3640E+03	0.0000E+00	0.0000E+00	1.6264E+00
3.3650E+03	0.0000E+00	0.0000E+00	1.6242E+00
3.3660E+03	0.0000E+00	0.0000E+00	1.6234E+00
3.3670E+03	0.0000E+00	0.0000E+00	1.6233E+00
3.3680E+03	0.0000E+00	0.0000E+00	1.6241E+00
3.3690E+03	0.0000E+00	0.0000E+00	1.6259E+00
3.3700E+03	0.0000E+00	0.0000E+00	1.6266E+00
3.3710E+03	0.0000E+00	0.0000E+00	1.6269E+00
3.3720E+03	0.0000E+00	0.0000E+00	1.6257E+00
3.3730E+03	0.0000E+00	0.0000E+00	1.6276E+00
3.3740E+03	0.0000E+00	0.0000E+00	1.6277E+00
3.3750E+03	0.0000E+00	0.0000E+00	1.6287E+00
3.3760E+03	0.0000E+00	0.0000E+00	1.6292E+00
3.3770E+03	0.0000E+00	0.0000E+00	1.6278E+00
3.3780E+03	0.0000E+00	0.0000E+00	1.6248E+00
3.3790E+03	0.0000E+00	0.0000E+00	1.6247E+00
3.3800E+03	0.0000E+00	0.0000E+00	1.6233E+00
3.3810E+03	0.0000E+00	0.0000E+00	1.6193E+00
3.3820E+03	0.0000E+00	0.0000E+00	1.6169E+00
3.3830E+03	0.0000E+00	0.0000E+00	1.6171E+00
3.3840E+03	0.0000E+00	0.0000E+00	1.6172E+00
3.3850E+03	0.0000E+00	0.0000E+00	1.6194E+00
3.3860E+03	0.0000E+00	0.0000E+00	1.6193E+00
3.3870E+03	0.0000E+00	0.0000E+00	1.6193E+00
3.3880E+03	0.0000E+00	0.0000E+00	1.6223E+00
3.3890E+03	0.0000E+00	0.0000E+00	1.6259E+00
3.3900E+03	0.0000E+00	0.0000E+00	1.6260E+00
3.3910E+03	0.0000E+00	0.0000E+00	1.6262E+00
3.3920E+03	0.0000E+00	0.0000E+00	1.6260E+00
3.3930E+03	0.0000E+00	0.0000E+00	1.6273E+00
3.3940E+03	0.0000E+00	0.0000E+00	1.6280E+00
3.3950E+03	0.0000E+00	0.0000E+00	1.6292E+00
3.3960E+03	0.0000E+00	0.0000E+00	1.6297E+00
3.3970E+03	0.0000E+00	0.0000E+00	1.6298E+00
3.3980E+03	0.0000E+00	0.0000E+00	1.6292E+00
3.3990E+03	0.0000E+00	0.0000E+00	1.6278E+00
3.4000E+03	0.0000E+00	0.0000E+00	1.6274E+00
3.4010E+03	0.0000E+00	0.0000E+00	1.6237E+00
3.4020E+03	0.0000E+00	0.0000E+00	1.6218E+00
3.4030E+03	0.0000E+00	0.0000E+00	1.6191E+00
3.4040E+03	0.0000E+00	0.0000E+00	1.6178E+00
3.4050E+03	0.0000E+00	0.0000E+00	1.6166E+00
3.4060E+03	0.0000E+00	0.0000E+00	1.6133E+00
3.4070E+03	0.0000E+00	0.0000E+00	1.6137E+00
3.4080E+03	0.0000E+00	0.0000E+00	1.6156E+00
3.4090E+03	0.0000E+00	0.0000E+00	1.6128E+00
3.4100E+03	0.0000E+00	0.0000E+00	1.6147E+00
3.4110E+03	0.0000E+00	0.0000E+00	1.6145E+00
3.4120E+03	0.0000E+00	0.0000E+00	1.6153E+00
3.4130E+03	0.0000E+00	0.0000E+00	1.6168E+00
3.4140E+03	0.0000E+00	0.0000E+00	1.6181E+00
3.4150E+03	0.0000E+00	0.0000E+00	1.6169E+00
3.4160E+03	0.0000E+00	0.0000E+00	1.6192E+00
3.4170E+03	0.0000E+00	0.0000E+00	1.6215E+00
3.4180E+03	0.0000E+00	0.0000E+00	1.6228E+00
3.4190E+03	0.0000E+00	0.0000E+00	1.6237E+00
3.4200E+03	0.0000E+00	0.0000E+00	1.6235E+00
3.4210E+03	0.0000E+00	0.0000E+00	1.6222E+00
3.4220E+03	0.0000E+00	0.0000E+00	1.6238E+00
3.4230E+03	0.0000E+00	0.0000E+00	1.6256E+00
3.4240E+03	0.0000E+00	0.0000E+00	1.6303E+00
3.4250E+03	0.0000E+00	0.0000E+00	1.6276E+00
3.4260E+03	0.0000E+00	0.0000E+00	1.6262E+00
3.4270E+03	0.0000E+00	0.0000E+00	1.6232E+00
3.4280E+03	0.0000E+00	0.0000E+00	1.6211E+00
3.4290E+03	0.0000E+00	0.0000E+00	1.6188E+00
3.4300E+03	0.0000E+00	0.0000E+00	1.6182E+00
3.4310E+03	0.0000E+00	0.0000E+00	1.6182E+00
3.4320E+03	0.0000E+00	0.0000E+00	1.6186E+00
3.4330E+03	0.0000E+00	0.0000E+00	1.6194E+00
3.4340E+03	0.0000E+00	0.0000E+00	1.6192E+00
3.4350E+03	0.0000E+00	0.0000E+00	1.6193E+00
3.4360E+03	0.0000E+00	0.0000E+00	1.6202E+00
3.4370E+03	0.0000E+00	0.0000E+00	1.6189E+00
3.4380E+03	0.0000E+00	0.0000E+00	1.6186E+00
3.4390E+03	0.0000E+00	0.0000E+00	1.6204E+00
3.4400E+03	0.0000E+00	0.0000E+00	1.6212E+00
3.4410E+03	0.0000E+00	0.0000E+00	1.6227E+00
3.4420E+03	0.0000E+00	0.0000E+00	1.6240E+00
3.4430E+03	0.0000E+00	0.0000E+00	1.6235E+00
3.4440E+03	0.0000E+00	0.0000E+00	1.6240E+00
3.4450E+03	0.0000E+00	0.0000E+00	1.6246E+00
3.4460E+03	0.0000E+00	0.0000E+00	1.6233E+00
3.4470E+03	0.0000E+00	0.0000E+00	1.6232E+00
3.4480E+03	0.0000E+00	0.0000E+00	1.6214E+00
3.4490E+03	0.0000E+00	0.0000E+00	1.6209E+00
3.4500E+03	0.0000E+00	0.0000E+00	1.6188E+00
3.4510E+03	0.0000E+00	0.0000E+00	1.6150E+00
3.4520E+03	0.0000E+00	0.0000E+00	1.6135E+00
3.4530E+03	0.0000E+00	0.0000E+00	1.6112E+00
3.4540E+03	0.0000E+00	0.0000E+00	1.6093E+00
3.4550E+03	0.0000E+00	0.0000E+00	1.6072E+00
3.4560E+03	0.0000E+00	0.0000E+00	1.6068E+00
3.4570E+03	0.0000E+00	0.0000E+00	1.6087E+00
3.4580E+03	0.0000E+00	0.0000E+00	1.6081E+00
3.4590E+03	0.0000E+00	0.0000E+00	1.6082E+00
3.4600E+03	0.0000E+00	0.0000E+00	1.6084E+00
3.4610E+03	0.0000E+00	0.0000E+00	1.6100E+00
3.4620E+03	0.0000E+00	0.0000E+00	1.6097E+00
3.4630E+03	0.0000E+00	0.0000E+00	1.6087E+00
3.4640E+03	0.0000E+00	0.0000E+00	1.6102E+00
3.4650E+03	0.0000E+00	0.0000E+00	1.6139E+00
3.4660E+03	0.0000E+00	0.0000E+00	1.6158E+00
3.4670E+03	0.0000E+00	0.0000E+00	1.6153E+00
3.4680E+03	0.0000E+00	0.0000E+00	1.6168E+00
3.4690E+03	0.0000E+00	0.0000E+00	1.6151E+00
3.4700E+03	0.0000E+00	0.0000E+00	1.6144E+00
3.4710E+03	0.0000E+00	0.0000E+00	1.6150E+00
3.4720E+03	0.0000E+00	0.0000E+00	1.6168E+00
3.4730E+03	0.0000E+00	0.0000E+00	1.6158E+00
3.4740E+03	0.0000E+00	0.0000E+00	1.6162E+00
3.4750E+03	0.0000E+00	0.0000E+00	1.6132E+00
3.4760E+03	0.0000E+00	0.0000E+00	1.6114E+00
3.4770E+03	0.0000E+00	0.0000E+00	1.6117E+00
3.4780E+03	0.0000E+00	0.0000E+00	1.6085E+00
3.4790E+03	0.0000E+00	0.0000E+00	1.6070E+00
3.4800E+03	0.0000E+00	0.0000E+00	1.6062E+00
3.4810E+03	0.0000E+00	0.0000E+00	1.6053E+00
3.4820E+03	0.0000E+00	0.0000E+00	1.6056E+00
3.4830E+03	0.0000E+00	0.0000E+00	1.6080E+00
3.4840E+03	0.0000E+00	0.0000E+00	1.6079E+00
3.4850E+03	0.0000E+00	0.0000E+00	1.6094E+00
3.4860E+03	0.0000E+00	0.0000E+00	1.6084E+00
3.4870E+03	0.0000E+00	0.0000E+00	1.6075E+00
3.4880E+03	0.0000E+00	0.0000E+00	1.6104E+00
3.4890E+03	0.0000E+00	0.0000E+00	1.6116E+00
3.4900E+03	0.0000E+00	0.0000E+00	1.6142E+00
3.4910E+03	0.0000E+00	0.0000E+00	1.6139E+00
3.4920E+03	0.0000E+00	0.0000E+00	1.6142E+00
3.4930E+03	0.0000E+00	0.0000E+00	1.6132E+00
3.4940E+03	0.0000E+00	0.0000E+00	1.6148E+00
3.4950E+03	0.0000E+00	0.0000E+00	1.6137E+00
3.4960E+03	0.0000E+00	0.0000E+00	1.6130E+00
3.4970E+03	0.0000E+00	0.0000E+00	1.6121E+00
3.4980E+03	0.0000E+00	0.0000E+00	1.6120E+00
3.4990E+03	0.0000E+00	0.0000E+00	1.6104E+00
3.5000E+03	0.0000E+00	0.0000E+00	1.6052E+00
3.5010E+03	0.0000E+00	0.0000E+00	1.6066E+00
3.5020E+03	0.0000E+00	0.0000E+00	1.6061E+00
3.5030E+03	0.0000E+00	0.0000E+00	1.6055E+00
3.5040E+03	0.0000E+00	0.0000E+00	1.6064E+00
3.5050E+03	0.0000E+00	0.0000E+00	1.6054E+00
3.5060E+03	0.0000E+00	0.0000E+00	1.6042E+00
3.5070E+03	0.0000E+00	0.0000E+00	1.6031E+00
3.5080E+03	0.0000E+00	0.0000E+00	1.6037E+00
3.5090E+03	0.0000E+00	0.0000E+00	1.6016E+00
3.5100E+03	0.0000E+00	0.0000E+00	1.6025E+00
3.5110E+03	0.0000E+00	0.0000E+00	1.6031E+00
3.5120E+03	0.0000E+00	0.0000E+00	1.6042E+00
3.5130E+03	0.0000E+00	0.0000E+00	1.6059E+00
3.5140E+03	0.0000E+00	0.0000E+00	1.6073E+00
3.5150E+03	0.0000E+00	0.0000E+00	1.6102E+00
3.5160E+03	0.0000E+00	0.0000E+00	1.6101E+00
3.5170E+03	0.0000E+00	0.0000E+00	1.6094E+00
3.5180E+03	0.0000E+00	0.0000E+00	1.6089E+00
3.5190E+03	0.0000E+00	0.0000E+00	1.6106E+00
3.5200E+03	0.0000E+00	0.0000E+00	1.6089E+00
3.5210E+03	0.0000E+00	0.0000E+00	1.6106E+00
3.5220E+03	0.0000E+00	0.0000E+00	1.6094E+00
3.5230E+03	0.0000E+00	0.0000E+00	1.6085E+00
3.5240E+03	0.0000E+00	0.0000E+00	1.6043E+00
3.5250E+03	0.0000E+00	0.0000E+00	1.6002E+00
3.5260E+03	0.0000E+00	0.0000E+00	1.6000E+00
3.5270E+03	0.0000E+00	0.0000E+00	1.5993E+00
3.5280E+03	0.0000E+00	0.0000E+00	1.5982E+00
3.5290E+03	0.0000E+00	0.0000E+00	1.5980E+00
3.5300E+03	0.0000E+00	0.0000E+00	1.5969E+00
3.5310E+03	0.0000E+00	0.0000E+00	1.5953E+00
3.5320E+03	0.0000E+00	0.0000E+00	1.5962E+00
3.5330E+03	0.0000E+00	0.0000E+00	1.5961E+00
3.5340E+03	0.0000E+00	0.0000E+00	1.5957E+00
3.5350E+03	0.0000E+00	0.0000E+00	1.5948E+00
3.5360E+03	0.0000E+00	0.0000E+00	1.5956E+00
3.5370E+03	0.0000E+00	0.0000E+00	1.6009E+00
3.5380E+03	0.0000E+00	0.0000E+00	1.6037E+00
3.5390E+03	0.0000E+00	0.0000E+00	1.6044E+00
3.5400E+03	0.0000E+00	0.0000E+00	1.6051E+00
3.5410E+03	0.0000E+00	0.0000E+00	1.6053E+00
3.5420E+03	0.0000E+00	0.0000E+00	1.6046E+00
3.5430E+03	0.0000E+00	0.0000E+00	1.6041E+00
3.5440E+03	0.0000E+00	0.0000E+00	1.6073E+00
3.5450E+03	0.0000E+00	0.0000E+00	1.6080E+00
3.5460E+03	0.0000E+00	0.0000E+00	1.6041E+00
3.5470E+03	0.0000E+00	0.0000E+00	1.6014E+00
3.5480E+03	0.0000E+00	0.0000E+00	1.5965E+00
3.5490E+03	0.0000E+00	0.0000E+00	1.5963E+00
3.5500E+03	0.0000E+00	0.0000E+00	1.5944E+00
3.5510E+03	0.0000E+00	0.0000E+00	1.5927E+00
3.5520E+03	0.0000E+00	0.0000E+00	1.5915E+00
3.5530E+03	0.0000E+00	0.0000E+00	1.5919E+00
3.5540E+03	0.0000E+00	0.0000E+00	1.5911E+00
3.5550E+03	0.0000E+00	0.0000E+00	1.5894E+00
3.5560E+03	0.0000E+00	0.0000E+00	1.5882E+00
3.5570E+03	0.0000E+00	0.0000E+00	1.5899E+00
3.5580E+03	0.0000E+00	0.0000E+00	1.5914E+00
3.5590E+03	0.0000E+00	0.0000E+00	1.5903E+00
3.5600E+03	0.0000E+00	0.0000E+00	1.5921E+00
3.5610E+03	0.0000E+00	0.0000E+00	1.5959E+00
3.5620E+03	0.0000E+00	0.0000E+00	1.5997E+00
3.5630E+03	0.0000E+00	0.0000E+00	1.5993E+00
3.5640E+03	0.0000E+00	0.0000E+00	1.5987E+00
3.5650E+03	0.0000E+00	0.0000E+00	1.5983E+00
3.5660E+03	0.0000E+00	0.0000E+00	1.5994E+00
3.5670E+03	0.0000E+00	0.0000E+00	1.6002E+00
3.5680E+03	0.0000E+00	0.0000E+00	1.6000E+00
3.5690E+03	0.0000E+00	0.0000E+00	1.6012E+00
3.5700E+03	0.0000E+00	0.0000E+00	1.6025E+00
3.5710E+03	0.0000E+00	0.0000E+00	1.5999E+00
3.5720E+03	0.0000E+00	0.0000E+00	1.5986E+00
3.5730E+03	0.0000E+00	0.0000E+00	1.5949E+00
3.5740E+03	0.0000E+00	0.0000E+00	1.5925E+00
3.5750E+03	0.0000E+00	0.0000E+00	1.5900E+00
3.5760E+03	0.0000E+00	0.0000E+00	1.5898E+00
3.5770E+03	0.0000E+00	0.0000E+00	1.5908E+00
3.5780E+03	0.0000E+00	0.0000E+00	1.5915E+00
3.5790E+03	0.0000E+00	0.0000E+00	1.5908E+00
3.5800E+03	0.0000E+00	0.0000E+00	1.5913E+00
3.5810E+03	0.0000E+00	0.0000E+00	1.5908E+00
3.5820E+03	0.0000E+00	0.0000E+00	1.5910E+00
3.5830E+03	0.0000E+00	0.0000E+00	1.5931E+00
3.5840E+03	0.0000E+00	0.0000E+00	1.5921E+00
3.5850E+03	0.0000E+00	0.0000E+00	1.5949E+00
3.5860E+03	0.0000E+00	0.0000E+00	1.5971E+00
3.5870E+03	0.0000E+00	0.0000E+00	1.5964E+00
3.5880E+03	0.0000E+00	0.0000E+00	1.5978E+00
3.5890E+03	0.0000E+00	0.0000E+00	1.5981E+00
3.5900E+03	0.0000E+00	0.0000E+00	1.5990E+00
3.5910E+03	0.0000E+00	0.0000E+00	1.6008E+00
3.5920E+03	0.0000E+00	0.0000E+00	1.6001E+00
3.5930E+03	0.0000E+00	0.0000E+00	1.6012E+00
3.5940E+03	0.0000E+00	0.0000E+00	1.5986E+00
3.5950E+03	0.0000E+00	0.0000E+00	1.5959E+00
3.5960E+03	0.0000E+00	0.0000E+00	1.5931E+00
3.5970E+03	0.0000E+00	0.0000E+00	1.5914E+00
3.5980E+03	0.0000E+00	0.0000E+00	1.5903E+00
3.5990E+03	0.0000E+00	0.0000E+00	1.5918E+00
3.6000E+03	0.0000E+00	0.0000E+00	1.5918E+00
3.6010E+03	0.0000E+00	0.0000E+00	1.5935E+00
3.6020E+03	0.0000E+00	0.0000E+00	1.5925E+00
3.6030E+03	0.0000E+00	0.0000E+00	1.5930E+00
3.6040E+03	0.0000E+00	0.0000E+00	1.5926E+00
3.6050E+03	0.0000E+00	0.0000E+00	1.5928E+00
3.6060E+03	0.0000E+00	0.0000E+00	1.5923E+00
3.6070E+03	0.0000E+00	0.0000E+00	1.5938E+00
3.6080E+03	0.0000E+00	0.0000E+00	1.5952E+00
3.6090E+03	0.0000E+00	0.0000E+00	1.5947E+00
3.6100E+03	0.0000E+00	0.0000E+00	1.5941E+00
3.6110E+03	0.0000E+00	0.0000E+00	1.5954E+00
3.6120E+03	0.0000E+00	0.0000E+00	1.5957E+00
3.6130E+03	0.0000E+00	0.0000E+00	1.5972E+00
3.6140E+03	0.0000E+00	0.0000E+00	1.5969E+00
3.6150E+03	0.0000E+00	0.0000E+00	1.5953E+00
3.6160E+03	0.0000E+00	0.0000E+00	1.5956E+00
3.6170E+03	0.0000E+00	0.0000E+00	1.5983E+00
3.6180E+03	0.0000E+00	0.0000E+00	1.5990E+00
3.6190E+03	0.0000E+00	0.0000E+00	1.5975E+00
3.6200E+03	0.0000E+00	0.0000E+00	1.5947E+00
3.6210E+03	0.0000E+00	0.0000E+00	1.5925E+00
3.6220E+03	0.0000E+00	0.0000E+00	1.5917E+00
3.6230E+03	0.0000E+00	0.0000E+00	1.5891E+00
3.6240E+03	0.0000E+00	0.0000E+00	1.5884E+00
3.6250E+03	0.0000E+00	0.0000E+00	1.5878E+00
3.6260E+03	0.0000E+00	0.0000E+00	1.5875E+00
3.6270E+03	0.0000E+00	0.0000E+00	1.5876E+00
3.6280E+03	0.0000E+00	0.0000E+00	1.5882E+00
3.6290E+03	0.0000E+00	0.0000E+00	1.5873E+00
3.6300E+03	0.0000E+00	0.0000E+00	1.5874E+00
3.6310E+03	0.0000E+00	0.0000E+00	1.5898E+00
3.6320E+03	0.0000E+00	0.0000E+00	1.5908E+00
3.6330E+03	0.0000E+00	0.0000E+00	1.5903E+00
3.6340E+03	0.0000E+00	0.0000E+00	1.5928E+00
3.6350E+03	0.0000E+00	0.0000E+00	1.5963E+00
3.6360E+03	0.0000E+00	0.0000E+00	1.6000E+00
3.6370E+03	0.0000E+00	0.0000E+00	1.5998E+00
3.6380E+03	0.0000E+00	0.0000E+00	1.6012E+00
3.6390E+03	0.0000E+00	0.0000E+00	1.6024E+00
3.6400E+03	0.0000E+00	0.0000E+00	1.6023E+00
3.6410E+03	0.0000E+00	0.0000E+00	1.6042E+00
3.6420E+03	0.0000E+00	0.0000E+00	1.6032E+00
3.6430E+03	0.0000E+00	0.0000E+00	1.6030E+00
3.6440E+03	0.0000E+00	0.0000E+00	1.6027E+00
3.6450E+03	0.0000E+00	0.0000E+00	1.6054E+00
3.6460E+03	0.0000E+00	0.0000E+00	1.6081E+00
3.6470E+03	0.0000E+00	0.0000E+00	1.6079E+00
3.6480E+03	0.0000E+00	0.0000E+00	1.6066E+00
3.6490E+03	0.0000E+00	0.0000E+00	1.6048E+00
3.6500E+03	0.0000E+00	0.0000E+00	1.6053E+00
3.6510E+03	0.0000E+00	0.0000E+00	1.6051E+00
3.6520E+03	0.0000E+00	0.0000E+00	1.6041E+00
3.6530E+03	0.0000E+00	0.0000E+00	1.6017E+00
3.6540E+03	0.0000E+00	0.0000E+00	1.6034E+00
3.6550E+03	0.0000E+00	0.0000E+00	1.6028E+00
3.6560E+03	0.0000E+00	0.0000E+00	1.6027E+00
3.6570E+03	0.0000E+00	0.0000E+00	1.6014E+00
3.6580E+03	0.0000E+00	0.0000E+00	1.6029E+00
3.6590E+03	0.0000E+00	0.0000E+00	1.6034E+00
3.6600E+03	0.0000E+00	0.0000E+00	1.6012E+00
3.6610E+03	0.0000E+00	0.0000E+00	1.6010E+00
3.6620E+03	0.0000E+00	0.0000E+00	1.6004E+00
3.6630E+03	0.0000E+00	0.0000E+00	1.6014E+00
3.6640E+03	0.0000E+00	0.0000E+00	1.6001E+00
3.6650E+03	0.0000E+00	0.0000E+00	1.6002E+00
3.6660E+03	0.0000E+00	0.0000E+00	1.5981E+00
3.6670E+03	0.0000E+00	0.0000E+00	1.5952E+00
3.6680E+03	0.0000E+00	0.0000E+00	1.5925E+00
3.6690E+03	0.0000E+00	0.0000E+00	1.5889E+00
3.6700E+03	0.0000E+00	0.0000E+00	1.5888E+00
3.6710E+03	0.0000E+00	0.0000E+00	1.5901E+00
3.6720E+03	0.0000E+00	0.0000E+00	1.5913E+00
3.6730E+03	0.0000E+00	0.0000E+00	1.5914E+00
3.6740E+03	0.0000E+00	0.0000E+00	1.5889E+00
3.6750E+03	0.0000E+00	0.0000E+00	1.5885E+00
3.6760E+03	0.0000E+00	0.0000E+00	1.5884E+00
3.6770E+03	0.0000E+00	0.0000E+00	1.5880E+00
3.6780E+03	0.0000E+00	0.0000E+00	1.5885E+00
3.6790E+03	0.0000E+00	0.0000E+00	1.5882E+00
3.6800E+03	0.0000E+00	0.0000E+00	1.5886E+00
3.6810E+03	0.0000E+00	0.0000E+00	1.5912E+00
3.6820E+03	0.0000E+00	0.0000E+00	1.5921E+00
3.6830E+03	0.0000E+00	0.0000E+00	1.5952E+00
3.6840E+03	0.0000E+00	0.0000E+00	1.5955E+00
3.6850E+03	0.0000E+00	0.0000E+00	1.5961E+00
3.6860E+03	0.0000E+00	0.0000E+00	1.5962E+00
3.6870E+03	0.0000E+00	0.0000E+00	1.5961E+00
3.6880E+03	0.0000E+00	0.0000E+00	1.5950E+00
3.6890E+03	0.0000E+00	0.0000E+00	1.5945E+00
3.6900E+03	0.0000E+00	0.0000E+00	1.5955E+00
3.6910E+03	0.0000E+00	0.0000E+00	1.5938E+00
3.6920E+03	0.0000E+00	0.0000E+00	1.5909E+00
3.6930E+03	0.0000E+00	0.0000E+00	1.5894E+00
3.6940E+03	0.0000E+00	0.0000E+00	1.5879E+00
3.6950E+03	0.0000E+00	0.0000E+00	1.5908E+00
3.6960E+03	0.0000E+00	0.0000E+00	1.5895E+00
3.6970E+03	0.0000E+00	0.0000E+00	1.5883E+00
3.6980E+03	0.0000E+00	0.0000E+00	1.5878E+00
3.6990E+03	0.0000E+00	0.0000E+00	1.5872E+00
3.7000E+03	0.0000E+00	0.0000E+00	1.5871E+00
3.7010E+03	0.0000E+00	0.0000E+00	1.5872E+00
3.7020E+03	0.0000E+00	0.0000E+00	1.5857E+00
3.7030E+03	0.0000E+00	0.0000E+00	1.5846E+00
3.7040E+03	0.0000E+00	0.0000E+00	1.5861E+00
3.7050E+03	0.0000E+00	0.0000E+00	1.5883E+00
3.7060E+03	0.0000E+00	0.0000E+00	1.5915E+00
3.7070E+03	0.0000E+00	0.0000E+00	1.5923E+00
3.7080E+03	0.0000E+00	0.0000E+00	1.5921E+00
3.7090E+03	0.0000E+00	0.0000E+00	1.5940E+00
3.7100E+03	0.0000E+00	0.0000E+00	1.5928E+00
3.7110E+03	0.0000E+00	0.0000E+00	1.5923E+00
3.7120E+03	0.0000E+00	0.0000E+00	1.5924E+00
3.7130E+03	0.0000E+00	0.0000E+00	1.5919E+00
3.7140E+03	0.0000E+00	0.0000E+00	1.5932E+00
3.7150E+03	0.0000E+00	0.0000E+00	1.5906E+00
3.7160E+03	0.0000E+00	0.0000E+00	1.5884E+00
3.7170E+03	0.0000E+00	0.0000E+00	1.5850E+00
3.7180E+03	0.0000E+00	0.0000E+00	1.5828E+00
3.7190E+03	0.0000E+00	0.0000E+00	1.5818E+00
3.7200E+03	0.0000E+00	0.0000E+00	1.5799E+00
3.7210E+03	0.0000E+00	0.0000E+00	1.5811E+00
3.7220E+03	0.0000E+00	0.0000E+00	1.5826E+00
3.7230E+03	0.0000E+00	0.0000E+00	1.5814E+00
3.7240E+03	0.0000E+00	0.0000E+00	1.5805E+00
3.7250E+03	0.0000E+00	0.0000E+00	1.5798E+00
3.7260E+03	0.0000E+00	0.0000E+00	1.5792E+00
3.7270E+03	0.0000E+00	0.0000E+00	1.5776E+00
3.7280E+03	0.0000E+00	0.0000E+00	1.5792E+00
3.7290E+03	0.0000E+00	0.0000E+00	1.5830E+00
3.7300E+03	0.0000E+00	0.0000E+00	1.5836E+00
3.7310E+03	0.0000E+00	0.0000E+00	1.5856E+00
3.7320E+03	0.0000E+00	0.0000E+00	1.5864E+00
3.7330E+03	0.0000E+00	0.0000E+00	1.5881E+00
3.7340E+03	0.0000E+00	0.0000E+00	1.5873E+00
3.7350E+03	0.0000E+00	0.0000E+00	1.5877E+00
3.7360E+03	0.0000E+00	0.0000E+00	1.5876E+00
3.7370E+03	0.0000E+00	0.0000E+00	1.5890E+00
3.7380E+03	0.0000E+00	0.0000E+00	1.5875E+00
3.7390E+03	0.0000E+00	0.0000E+00	1.5860E+00
3.7400E+03	0.0000E+00	0.0000E+00	1.5847E+00
3.7410E+03	0.0000E+00	0.0000E+00	1.5810E+00
3.7420E+03	0.0000E+00	0.0000E+00	1.5776E+00
3.7430E+03	0.0000E+00	0.0000E+00	1.5774E+00
3.7440E+03	0.0000E+00	0.0000E+00	1.5741E+00
3.7450E+03	0.0000E+00	0.0000E+00	1.5755E+00
3.7460E+03	0.0000E+00	0.0000E+00	1.5763E+00
3.7470E+03	0.0000E+00	0.0000E+00	1.5741E+00
3.7480E+03	0.0000E+00	0.0000E+00	1.5742E+00
3.7490E+03	0.0000E+00	0.0000E+00	1.5722E+00
3.7500E+03	0.0000E+00	0.0000E+00	1.5716E+00
3.7510E+03	0.0000E+00	0.0000E+00	1.5714E+00
3.7520E+03	0.0000E+00	0.0000E+00	1.5752E+00
3.7530E+03	0.0000E+00	0.0000E+00	1.5779E+00
3.7540E+03	0.0000E+00	0.0000E+00	1.5820E+00
3.7550E+03	0.0000E+00	0.0000E+00	1.5831E+00
3.7560E+03	0.0000E+00	0.0000E+00	1.5829E+00
3.7570E+03	0.0000E+00	0.0000E+00	1.5830E+00
3.7580E+03	0.0000E+00	0.0000E+00	1.5819E+00
3.7590E+03	0.0000E+00	0.0000E+00	1.5819E+00
3.7600E+03	0.0000E+00	0.0000E+00	1.5838E+00
3.7610E+03	0.0000E+00	0.0000E+00	1.5839E+00
3.7620E+03	0.0000E+00	0.0000E+00	1.5832E+00
3.7630E+03	0.0000E+00	0.0000E+00	1.5807E+00
3.7640E+03	0.0000E+00	0.0000E+00	1.5783E+00
3.7650E+03	0.0000E+00	0.0000E+00	1.5749E+00
3.7660E+03	0.0000E+00	0.0000E+00	1.5737E+00
3.7670E+03	0.0000E+00	0.0000E+00	1.5753E+00
3.7680E+03	0.0000E+00	0.0000E+00	1.5766E+00
3.7690E+03	0.0000E+00	0.0000E+00	1.5756E+00
3.7700E+03	0.0000E+00	0.0000E+00	1.5757E+00
3.7710E+03	0.0000E+00	0.0000E+00	1.5750E+00
3.7720E+03	0.0000E+00	0.0000E+00	1.5729E+00
3.7730E+03	0.0000E+00	0.0000E+00	1.5739E+00
3.7740E+03	0.0000E+00	0.0000E+00	1.5727E+00
3.7750E+03	0.0000E+00	0.0000E+00	1.5732E+00
3.7760E+03	0.0000E+00	0.0000E+00	1.5742E+00
3.7770E+03	0.0000E+00	0.0000E+00	1.5769E+00
3.7780E+03	0.0000E+00	0.0000E+00	1.5803E+00
3.7790E+03	0.0000E+00	0.0000E+00	1.5806E+00
3.7800E+03	0.0000E+00	0.0000E+00	1.5831E+00
3.7810E+03	0.0000E+00	0.0000E+00	1.5834E+00
3.7820E+03	0.0000E+00	0.0000E+00	1.5840E+00
3.7830E+03	0.0000E+00	0.0000E+00	1.5852E+00
3.7840E+03	0.0000E+00	0.0000E+00	1.5837E+00
3.7850E+03	0.0000E+00	0.0000E+00	1.5836E+00
3.7860E+03	0.0000E+00	0.0000E+00	1.5824E+00
3.7870E+03	0.0000E+00	0.0000E+00	1.5795E+00
3.7880E+03	0.0000E+00	0.0000E+00	1.5774E+00
3.7890E+03	0.0000E+00	0.0000E+00	1.5758E+00
3.7900E+03	0.0000E+00	0.0000E+00	1.5759E+00
3.7910E+03	0.0000E+00	0.0000E+00	1.5776E+00
3.7920E+03	0.0000E+00	0.0000E+00	1.5762E+00
3.7930E+03	0.0000E+00	0.0000E+00	1.5744E+00
3.7940E+03	0.0000E+00	0.0000E+00	1.5735E+00
3.7950E+03	0.0000E+00	0.0000E+00	1.5749E+00
3.7960E+03	0.0000E+00	0.0000E+00	1.5733E+00
3.7970E+03	0.0000E+00	0.0000E+00	1.5725E+00
3.7980E+03	0.0000E+00	0.0000E+00	1.5731E+00
3.7990E+03	0.0000E+00	0.0000E+00	1.5724E+00
3.8000E+03	0.0000E+00	0.0000E+00	1.5726E+00
3.8010E+03	0.0000E+00	0.0000E+00	1.5758E+00
3.8020E+03	0.0000E+00	0.0000E+00	1.5789E+00
3.8030E+03	0.0000E+00	0.0000E+00	1.5795E+00
3.8040E+03	0.0000E+00	0.0000E+00	1.5797E+00
3.8050E+03	0.0000E+00	0.0000E+00	1.5799E+00
3.8060E+03	0.0000E+00	0.0000E+00	1.5811E+00
3.8070E+03	0.0000E+00	0.0000E+00	1.5833E+00
3.8080E+03	0.0000E+00	0.0000E+00	1.5838E+00
3.8090E+03	0.0000E+00	0.0000E+00	1.5819E+00
3.8100E+03	0.0000E+00	0.0000E+00	1.5804E+00
3.8110E+03	0.0000E+00	0.0000E+00	1.5793E+00
3.8120E+03	0.0000E+00	0.0000E+00	1.5749E+00
3.8130E+03	0.0000E+00	0.0000E+00	1.5710E+00
3.8140E+03	0.0000E+00	0.0000E+00	1.5726E+00
3.8150E+03	0.0000E+00	0.0000E+00	1.5698E+00
3.8160E+03	0.0000E+00	0.0000E+00	1.5708E+00
3.8170E+03	0.0000E+00	0.0000E+00	1.5714E+00
3.8180E+03	0.0000E+00	0.0000E+00	1.5709E+00
3.8190E+03	0.0000E+00	0.0000E+00	1.5693E+00
3.8200E+03	0.0000E+00	0.0000E+00	1.5685E+00
3.8210E+03	0.0000E+00	0.0000E+00	1.5676E+00
3.8220E+03	0.0000E+00	0.0000E+00	1.5687E+00
3.8230E+03	0.0000E+00	0.0000E+00	1.5686E+00
3.8240E+03	0.0000E+00	0.0000E+00	1.5684E+00
3.8250E+03	0.0000E+00	0.0000E+00	1.5746E+00
3.8260E+03	0.0000E+00	0.0000E+00	1.5753E+00
3.8270E+03	0.0000E+00	0.0000E+00	1.5755E+00
3.8280E+03	0.0000E+00	0.0000E+00	1.5789E+00
3.8290E+03	0.0000E+00	0.0000E+00	1.5780E+00
3.8300E+03	0.0000E+00	0.0000E+00	1.5794E+00
3.8310E+03	0.0000E+00	0.0000E+00	1.5789E+00
3.8320E+03	0.0000E+00	0.0000E+00	1.5819E+00
3.8330E+03	0.0000E+00	0.0000E+00	1.5802E+00
3.8340E+03	0.0000E+00	0.0000E+00	1.5793E+00
3.8350E+03	0.0000E+00	0.0000E+00	1.5779E+00
3.8360E+03	0.0000E+00	0.0000E+00	1.5762E+00
3.8370E+03	0.0000E+00	0.0000E+00	1.5730E+00
3.8380E+03	0.0000E+00	0.0000E+00	1.5744E+00
3.8390E+03	0.0000E+00	0.0000E+00	1.5748E+00
3.8400E+03	0.0000E+00	0.0000E+00	1.5747E+00
3.8410E+03	0.0000E+00	0.0000E+00	1.5725E+00
3.8420E+03	0.0000E+00	0.0000E+00	1.5718E+00
3.8430E+03	0.0000E+00	0.0000E+00	1.5701E+00
3.8440E+03	0.0000E+00	0.0000E+00	1.5702E+00
3.8450E+03	0.0000E+00	0.0000E+00	1.5691E+00
3.8460E+03	0.0000E+00	0.0000E+00	1.5701E+00
3.8470E+03	0.0000E+00	0.0000E+00	1.5695E+00
3.8480E+03	0.0000E+00	0.0000E+00	1.5696E+00
3.8490E+03	0.0000E+00	0.0000E+00	1.5740E+00
3.8500E+03	0.0000E+00	0.0000E+00	1.5738E+00
3.8510E+03	0.0000E+00	0.0000E+00	1.5762E+00
3.8520E+03	0.0000E+00	0.0000E+00	1.5776E+00
3.8530E+03	0.0000E+00	0.0000E+00	1.5779E+00
3.8540E+03	0.0000E+00	0.0000E+00	1.5783E+00
3.8550E+03	0.0000E+00	0.0000E+00	1.5783E+00
3.8560E+03	0.0000E+00	0.0000E+00	1.5785E+00
3.8570E+03	0.0000E+00	0.0000E+00	1.5787E+00
3.8580E+03	0.0000E+00	0.0000E+00	1.5788E+00
3.8590E+03	0.0000E+00	0.0000E+00	1.5774E+00
3.8600E+03	0.0000E+00	0.0000E+00	1.5736E+00
3.8610E+03	0.0000E+00	0.0000E+00	1.5706E+00
3.8620E+03	0.0000E+00	0.0000E+00	1.5695E+00
3.8630E+03	0.0000E+00	0.0000E+00	1.5721E+00
3.8640E+03	0.0000E+00	0.0000E+00	1.5734E+00
3.8650E+03	0.0000E+00	0.0000E+00	1.5725E+00
3.8660E+03	0.0000E+00	0.0000E+00	1.5719E+00
3.8670E+03	0.0000E+00	0.0000E+00	1.5704E+00
3.8680E+03	0.0000E+00	0.0000E+00	1.5698E+00
3.8690E+03	0.0000E+00	0.0000E+00	1.5703E+00
3.8700E+03	0.0000E+00	0.0000E+00	1.5697E+00
3.8710E+03	0.0000E+00	0.0000E+00	1.5693E+00
3.8720E+03	0.0000E+00	0.0000E+00	1.5696E+00
3.8730E+03	0.0000E+00	0.0000E+00	1.5714E+00
3.8740E+03	0.0000E+00	0.0000E+00	1.5738E+00
3.8750E+03	0.0000E+00	0.0000E+00	1.5762E+00
3.8760E+03	0.0000E+00	0.0000E+00	1.5771E+00
3.8770E+03	0.0000E+00	0.0000E+00	1.5795E+00
3.8780E+03	0.0000E+00	0.0000E+00	1.5788E+00
3.8790E+03	0.0000E+00	0.0000E+00	1.5791E+00
3.8800E+03	0.0000E+00	0.0000E+00	1.5795E+00
3.8810E+03	0.0000E+00	0.0000E+00	1.5798E+00
3.8820E+03	0.0000E+00	0.0000E+00	1.5783E+00
3.8830E+03	0.0000E+00	0.0000E+00	1.5764E+00
3.8840E+03	0.0000E+00	0.0000E+00	1.5741E+00
3.8850E+03	0.0000E+00	0.0000E+00	1.5733E+00
3.8860E+03	0.0000E+00	0.0000E+00	1.5727E+00
3.8870E+03	0.0000E+00	0.0000E+00	1.5751E+00
3.8880E+03	0.0000E+00	0.0000E+00	1.5756E+00
3.8890E+03	0.0000E+00	0.0000E+00	1.5755E+00
3.8900E+03	0.0000E+00	0.0000E+00	1.5737E+00
3.8910E+03	0.0000E+00	0.0000E+00	1.5727E+00
3.8920E+03	0.0000E+00	0.0000E+00	1.5723E+00
3.8930E+03	0.0000E+00	0.0000E+00	1.5712E+00
3.8940E+03	0.0000E+00	0.0000E+00	1.5709E+00
3.8950E+03	0.0000E+00	0.0000E+00	1.5712E+00
3.8960E+03	0.0000E+00	0.0000E+00	1.5727E+00
3.8970E+03	0.0000E+00	0.0000E+00	1.5748E+00
3.8980E+03	0.0000E+00	0.0000E+00	1.5768E+00
3.8990E+03	0.0000E+00	0.0000E+00	1.5777E+00
3.9000E+03	0.0000E+00	0.0000E+00	1.5790E+00
3.9010E+03	0.0000E+00	0.0000E+00	1.5800E+00
3.9020E+03	0.0000E+00	0.0000E+00	1.5791E+00
3.9030E+03	0.0000E+00	0.0000E+00	1.5781E+00
3.9040E+03	0.0000E+00	0.0000E+00	1.5785E+00
3.9050E+03	0.0000E+00	0.0000E+00	1.5774E+00
3.9060E+03	0.0000E+00	0.0000E+00	1.5786E+00
3.9070E+03	0.0000E+00	0.0000E+00	1.5777E+00
3.9080E+03	0.0000E+00	0.0000E+00	1.5778E+00
3.9090E+03	0.0000E+00	0.0000E+00	1.5744E+00
3.9100E+03	0.0000E+00	0.0000E+00	1.5721E+00
3.9110E+03	0.0000E+00	0.0000E+00	1.5718E+00
3.9120E+03	0.0000E+00	0.0000E+00	1.5734E+00
3.9130E+03	0.0000E+00	0.0000E+00	1.5738E+00
3.9140E+03	0.0000E+00	0.0000E+00	1.5724E+00
3.9150E+03	0.0000E+00	0.0000E+00	1.5684E+00
3.9160E+03	0.0000E+00	0.0000E+00	1.5705E+00
3.9170E+03	0.0000E+00	0.0000E+00	1.5708E+00
3.9180E+03	0.0000E+00	0.0000E+00	1.5700E+00
3.9190E+03	0.0000E+00	0.0000E+00	1.5690E+00
3.9200E+03	0.0000E+00	0.0000E+00	1.5699E+00
3.9210E+03	0.0000E+00	0.0000E+00	1.5723E+00
3.9220E+03	0.0000E+00	0.0000E+00	1.5726E+00
3.9230E+03	0.0000E+00	0.0000E+00	1.5739E+00
3.9240E+03	0.0000E+00	0.0000E+00	1.5745E+00
3.9250E+03	0.0000E+00	0.0000E+00	1.5752E+00
3.9260E+03	0.0000E+00	0.0000E+00	1.5757E+00
3.9270E+03	0.0000E+00	0.0000E+00	1.5747E+00
3.9280E+03	0.0000E+00	0.0000E+00	1.5765E+00
3.9290E+03	0.0000E+00	0.0000E+00	1.5755E+00
3.9300E+03	0.0000E+00	0.0000E+00	1.5742E+00
3.9310E+03	0.0000E+00	0.0000E+00	1.5757E+00
3.9320E+03	0.0000E+00	0.0000E+00	1.5746E+00
3.9330E+03	0.0000E+00	0.0000E+00	1.5703E+00
3.9340E+03	0.0000E+00	0.0000E+00	1.5701E+00
3.9350E+03	0.0000E+00	0.0000E+00	1.5687E+00
3.9360E+03	0.0000E+00	0.0000E+00	1.5693E+00
3.9370E+03	0.0000E+00	0.0000E+00	1.5669E+00
3.9380E+03	0.0000E+00	0.0000E+00	1.5657E+00
3.9390E+03	0.0000E+00	0.0000E+00	1.5668E+00
3.9400E+03	0.0000E+00	0.0000E+00	1.5685E+00
3.9410E+03	0.0000E+00	0.0000E+00	1.5656E+00
3.9420E+03	0.0000E+00	0.0000E+00	1.5647E+00
3.9430E+03	0.0000E+00	0.0000E+00	1.5643E+00
3.9440E+03	0.0000E+00	0.0000E+00	1.5650E+00
3.9450E+03	0.0000E+00	0.0000E+00	1.5695E+00
3.9460E+03	0.0000E+00	0.0000E+00	1.5687E+00
3.9470E+03	0.0000E+00	0.0000E+00	1.5706E+00
3.9480E+03	0.0000E+00	0.0000E+00	1.5726E+00
3.9490E+03	0.0000E+00	0.0000E+00	1.5709E+00
3.9500E+03	0.0000E+00	0.0000E+00	1.5717E+00
3.9510E+03	0.0000E+00	0.0000E+00	1.5731E+00
3.9520E+03	0.0000E+00	0.0000E+00	1.5725E+00
3.9530E+03	0.0000E+00	0.0000E+00	1.5726E+00
3.9540E+03	0.0000E+00	0.0000E+00	1.5719E+00
3.9550E+03	0.0000E+00	0.0000E+00	1.5703E+00
3.9560E+03	0.0000E+00	0.0000E+00	1.5676E+00
3.9570E+03	0.0000E+00	0.0000E+00	1.5670E+00
3.9580E+03	0.0000E+00	0.0000E+00	1.5660E+00
3.9590E+03	0.0000E+00	0.0000E+00	1.5662E+00
3.9600E+03	0.0000E+00	0.0000E+00	1.5645E+00
3.9610E+03	0.0000E+00	0.0000E+00	1.5650E+00
3.9620E+03	0.0000E+00	0.0000E+00	1.5654E+00
3.9630E+03	0.0000E+00	0.0000E+00	1.5645E+00
3.9640E+03	0.0000E+00	0.0000E+00	1.5628E+00
3.9650E+03	0.0000E+00	0.0000E+00	1.5627E+00
3.9660E+03	0.0000E+00	0.0000E+00	1.5619E+00
3.9670E+03	0.0000E+00	0.0000E+00	1.5621E+00
3.9680E+03	0.0000E+00	0.0000E+00	1.5636E+00
3.9690E+03	0.0000E+00	0.0000E+00	1.5676E+00
3.9700E+03	0.0000E+00	0.0000E+00	1.5682E+00
3.9710E+03	0.0000E+00	0.0000E+00	1.5693E+00
3.9720E+03	0.0000E+00	0.0000E+00	1.5719E+00
3.9730E+03	0.0000E+00	0.0000E+00	1.5719E+00
3.9740E+03	0.0000E+00	0.0000E+00	1.5712E+00
3.9750E+03	0.0000E+00	0.0000E+00	1.5715E+00
3.9760E+03	0.0000E+00	0.0000E+00	1.5730E+00
3.9770E+03	0.0000E+00	0.0000E+00	1.5735E+00
3.9780E+03	0.0000E+00	0.0000E+00	1.5709E+00
3.9790E+03	0.0000E+00	0.0000E+00	1.5699E+00
3.9800E+03	0.0000E+00	0.0000E+00	1.5669E+00
3.9810E+03	0.0000E+00	0.0000E+00	1.5646E+00
3.9820E+03	0.0000E+00	0.0000E+00	1.5644E+00
3.9830E+03	0.0000E+00	0.0000E+00	1.5631E+00
3.9840E+03	0.0000E+00	0.0000E+00	1.5617E+00
3.9850E+03	0.0000E+00	0.0000E+00	1.5603E+00
3.9860E+03	0.0000E+00	0.0000E+00	1.5616E+00
3.9870E+03	0.0000E+00	0.0000E+00	1.5609E+00
3.9880E+03	0.0000E+00	0.0000E+00	1.5621E+00
3.9890E+03	0.0000E+00	0.0000E+00	1.5643E+00
3.9900E+03	0.0000E+00	0.0000E+00	1.5640E+00
3.9910E+03	0.0000E+00	0.0000E+00	1.5633E+00
3.9920E+03	0.0000E+00	0.0000E+00	1.5627E+00
3.9930E+03	0.0000E+00	0.0000E+00	1.5639E+00
3.9940E+03	0.0000E+00	0.0000E+00	1.5627E+00
