TIME_UNITS h
DATA_UNITS m
!h  x   y   z
0.0000E+00	0.0000E+00	0.0000E+00	1.7536E+00
1.0000E+00	0.0000E+00	0.0000E+00	1.7536E+00
2.0000E+00	0.0000E+00	0.0000E+00	1.7739E+00
3.0000E+00	0.0000E+00	0.0000E+00	1.7911E+00
4.0000E+00	0.0000E+00	0.0000E+00	1.8103E+00
5.0000E+00	0.0000E+00	0.0000E+00	1.8278E+00
6.0000E+00	0.0000E+00	0.0000E+00	1.8447E+00
7.0000E+00	0.0000E+00	0.0000E+00	1.8600E+00
8.0000E+00	0.0000E+00	0.0000E+00	1.8581E+00
9.0000E+00	0.0000E+00	0.0000E+00	1.7501E+00
1.0000E+01	0.0000E+00	0.0000E+00	1.7466E+00
1.1000E+01	0.0000E+00	0.0000E+00	1.7068E+00
1.2000E+01	0.0000E+00	0.0000E+00	1.7213E+00
1.3000E+01	0.0000E+00	0.0000E+00	1.7278E+00
1.4000E+01	0.0000E+00	0.0000E+00	1.7280E+00
1.5000E+01	0.0000E+00	0.0000E+00	1.7355E+00
1.6000E+01	0.0000E+00	0.0000E+00	1.7611E+00
1.7000E+01	0.0000E+00	0.0000E+00	1.7530E+00
1.8000E+01	0.0000E+00	0.0000E+00	1.7682E+00
1.9000E+01	0.0000E+00	0.0000E+00	1.7734E+00
2.0000E+01	0.0000E+00	0.0000E+00	1.7714E+00
2.1000E+01	0.0000E+00	0.0000E+00	1.7687E+00
2.2000E+01	0.0000E+00	0.0000E+00	1.7665E+00
2.3000E+01	0.0000E+00	0.0000E+00	1.7684E+00
2.4000E+01	0.0000E+00	0.0000E+00	1.7762E+00
2.5000E+01	0.0000E+00	0.0000E+00	1.7873E+00
2.6000E+01	0.0000E+00	0.0000E+00	1.8004E+00
2.7000E+01	0.0000E+00	0.0000E+00	1.8150E+00
2.8000E+01	0.0000E+00	0.0000E+00	1.8350E+00
2.9000E+01	0.0000E+00	0.0000E+00	1.8515E+00
3.0000E+01	0.0000E+00	0.0000E+00	1.8708E+00
3.1000E+01	0.0000E+00	0.0000E+00	1.8855E+00
3.2000E+01	0.0000E+00	0.0000E+00	1.8785E+00
3.3000E+01	0.0000E+00	0.0000E+00	1.7824E+00
3.4000E+01	0.0000E+00	0.0000E+00	1.7760E+00
3.5000E+01	0.0000E+00	0.0000E+00	1.7448E+00
3.6000E+01	0.0000E+00	0.0000E+00	1.7525E+00
3.7000E+01	0.0000E+00	0.0000E+00	1.7553E+00
3.8000E+01	0.0000E+00	0.0000E+00	1.7520E+00
3.9000E+01	0.0000E+00	0.0000E+00	1.7598E+00
4.0000E+01	0.0000E+00	0.0000E+00	1.7756E+00
4.1000E+01	0.0000E+00	0.0000E+00	1.7886E+00
4.2000E+01	0.0000E+00	0.0000E+00	1.7866E+00
4.3000E+01	0.0000E+00	0.0000E+00	1.7903E+00
4.4000E+01	0.0000E+00	0.0000E+00	1.7840E+00
4.5000E+01	0.0000E+00	0.0000E+00	1.7796E+00
4.6000E+01	0.0000E+00	0.0000E+00	1.7702E+00
4.7000E+01	0.0000E+00	0.0000E+00	1.7684E+00
4.8000E+01	0.0000E+00	0.0000E+00	1.7662E+00
4.9000E+01	0.0000E+00	0.0000E+00	1.7704E+00
5.0000E+01	0.0000E+00	0.0000E+00	1.7876E+00
5.1000E+01	0.0000E+00	0.0000E+00	1.8035E+00
5.2000E+01	0.0000E+00	0.0000E+00	1.8142E+00
5.3000E+01	0.0000E+00	0.0000E+00	1.8281E+00
5.4000E+01	0.0000E+00	0.0000E+00	1.8397E+00
5.5000E+01	0.0000E+00	0.0000E+00	1.8338E+00
5.6000E+01	0.0000E+00	0.0000E+00	1.7991E+00
5.7000E+01	0.0000E+00	0.0000E+00	1.7743E+00
5.8000E+01	0.0000E+00	0.0000E+00	1.7550E+00
5.9000E+01	0.0000E+00	0.0000E+00	1.7469E+00
6.0000E+01	0.0000E+00	0.0000E+00	1.7450E+00
6.1000E+01	0.0000E+00	0.0000E+00	1.7517E+00
6.2000E+01	0.0000E+00	0.0000E+00	1.7587E+00
6.3000E+01	0.0000E+00	0.0000E+00	1.7732E+00
6.4000E+01	0.0000E+00	0.0000E+00	1.7768E+00
6.5000E+01	0.0000E+00	0.0000E+00	1.7777E+00
6.6000E+01	0.0000E+00	0.0000E+00	1.7783E+00
6.7000E+01	0.0000E+00	0.0000E+00	1.7728E+00
6.8000E+01	0.0000E+00	0.0000E+00	1.7701E+00
6.9000E+01	0.0000E+00	0.0000E+00	1.7657E+00
7.0000E+01	0.0000E+00	0.0000E+00	1.7619E+00
7.1000E+01	0.0000E+00	0.0000E+00	1.7556E+00
7.2000E+01	0.0000E+00	0.0000E+00	1.7675E+00
7.3000E+01	0.0000E+00	0.0000E+00	1.7845E+00
7.4000E+01	0.0000E+00	0.0000E+00	1.7968E+00
7.5000E+01	0.0000E+00	0.0000E+00	1.8084E+00
7.6000E+01	0.0000E+00	0.0000E+00	1.8217E+00
7.7000E+01	0.0000E+00	0.0000E+00	1.8288E+00
7.8000E+01	0.0000E+00	0.0000E+00	1.8413E+00
7.9000E+01	0.0000E+00	0.0000E+00	1.8536E+00
8.0000E+01	0.0000E+00	0.0000E+00	1.8454E+00
8.1000E+01	0.0000E+00	0.0000E+00	1.7710E+00
8.2000E+01	0.0000E+00	0.0000E+00	1.7593E+00
8.3000E+01	0.0000E+00	0.0000E+00	1.7530E+00
8.4000E+01	0.0000E+00	0.0000E+00	1.7625E+00
8.5000E+01	0.0000E+00	0.0000E+00	1.7602E+00
8.6000E+01	0.0000E+00	0.0000E+00	1.7781E+00
8.7000E+01	0.0000E+00	0.0000E+00	1.8072E+00
8.8000E+01	0.0000E+00	0.0000E+00	1.8125E+00
8.9000E+01	0.0000E+00	0.0000E+00	1.8180E+00
9.0000E+01	0.0000E+00	0.0000E+00	1.8166E+00
9.1000E+01	0.0000E+00	0.0000E+00	1.8151E+00
9.2000E+01	0.0000E+00	0.0000E+00	1.8092E+00
9.3000E+01	0.0000E+00	0.0000E+00	1.8070E+00
9.4000E+01	0.0000E+00	0.0000E+00	1.8014E+00
9.5000E+01	0.0000E+00	0.0000E+00	1.8018E+00
9.6000E+01	0.0000E+00	0.0000E+00	1.7996E+00
9.7000E+01	0.0000E+00	0.0000E+00	1.7953E+00
9.8000E+01	0.0000E+00	0.0000E+00	1.7950E+00
9.9000E+01	0.0000E+00	0.0000E+00	1.7939E+00
1.0000E+02	0.0000E+00	0.0000E+00	1.7892E+00
1.0100E+02	0.0000E+00	0.0000E+00	1.7941E+00
1.0200E+02	0.0000E+00	0.0000E+00	1.8057E+00
1.0300E+02	0.0000E+00	0.0000E+00	1.8188E+00
1.0400E+02	0.0000E+00	0.0000E+00	1.8043E+00
1.0500E+02	0.0000E+00	0.0000E+00	1.7916E+00
1.0600E+02	0.0000E+00	0.0000E+00	1.7920E+00
1.0700E+02	0.0000E+00	0.0000E+00	1.7904E+00
1.0800E+02	0.0000E+00	0.0000E+00	1.7980E+00
1.0900E+02	0.0000E+00	0.0000E+00	1.8078E+00
1.1000E+02	0.0000E+00	0.0000E+00	1.8244E+00
1.1100E+02	0.0000E+00	0.0000E+00	1.8286E+00
1.1200E+02	0.0000E+00	0.0000E+00	1.8343E+00
1.1300E+02	0.0000E+00	0.0000E+00	1.8359E+00
1.1400E+02	0.0000E+00	0.0000E+00	1.8473E+00
1.1500E+02	0.0000E+00	0.0000E+00	1.8490E+00
1.1600E+02	0.0000E+00	0.0000E+00	1.8454E+00
1.1700E+02	0.0000E+00	0.0000E+00	1.8389E+00
1.1800E+02	0.0000E+00	0.0000E+00	1.8363E+00
1.1900E+02	0.0000E+00	0.0000E+00	1.8313E+00
1.2000E+02	0.0000E+00	0.0000E+00	1.8348E+00
1.2100E+02	0.0000E+00	0.0000E+00	1.8412E+00
1.2200E+02	0.0000E+00	0.0000E+00	1.8497E+00
1.2300E+02	0.0000E+00	0.0000E+00	1.8575E+00
1.2400E+02	0.0000E+00	0.0000E+00	1.8706E+00
1.2500E+02	0.0000E+00	0.0000E+00	1.8783E+00
1.2600E+02	0.0000E+00	0.0000E+00	1.8891E+00
1.2700E+02	0.0000E+00	0.0000E+00	1.8989E+00
1.2800E+02	0.0000E+00	0.0000E+00	1.8896E+00
1.2900E+02	0.0000E+00	0.0000E+00	1.8475E+00
1.3000E+02	0.0000E+00	0.0000E+00	1.8341E+00
1.3100E+02	0.0000E+00	0.0000E+00	1.8405E+00
1.3200E+02	0.0000E+00	0.0000E+00	1.8473E+00
1.3300E+02	0.0000E+00	0.0000E+00	1.8620E+00
1.3400E+02	0.0000E+00	0.0000E+00	1.8597E+00
1.3500E+02	0.0000E+00	0.0000E+00	1.8482E+00
1.3600E+02	0.0000E+00	0.0000E+00	1.8552E+00
1.3700E+02	0.0000E+00	0.0000E+00	1.8563E+00
1.3800E+02	0.0000E+00	0.0000E+00	1.8679E+00
1.3900E+02	0.0000E+00	0.0000E+00	1.8729E+00
1.4000E+02	0.0000E+00	0.0000E+00	1.8620E+00
1.4100E+02	0.0000E+00	0.0000E+00	1.8689E+00
1.4200E+02	0.0000E+00	0.0000E+00	1.8682E+00
1.4300E+02	0.0000E+00	0.0000E+00	1.8621E+00
1.4400E+02	0.0000E+00	0.0000E+00	1.8585E+00
1.4500E+02	0.0000E+00	0.0000E+00	1.8557E+00
1.4600E+02	0.0000E+00	0.0000E+00	1.8506E+00
1.4700E+02	0.0000E+00	0.0000E+00	1.8472E+00
1.4800E+02	0.0000E+00	0.0000E+00	1.8496E+00
1.4900E+02	0.0000E+00	0.0000E+00	1.8526E+00
1.5000E+02	0.0000E+00	0.0000E+00	1.8437E+00
1.5100E+02	0.0000E+00	0.0000E+00	1.8445E+00
1.5200E+02	0.0000E+00	0.0000E+00	1.8404E+00
1.5300E+02	0.0000E+00	0.0000E+00	1.8396E+00
1.5400E+02	0.0000E+00	0.0000E+00	1.8519E+00
1.5500E+02	0.0000E+00	0.0000E+00	1.8578E+00
1.5600E+02	0.0000E+00	0.0000E+00	1.8596E+00
1.5700E+02	0.0000E+00	0.0000E+00	1.8614E+00
1.5800E+02	0.0000E+00	0.0000E+00	1.8671E+00
1.5900E+02	0.0000E+00	0.0000E+00	1.8868E+00
1.6000E+02	0.0000E+00	0.0000E+00	1.8948E+00
1.6100E+02	0.0000E+00	0.0000E+00	1.9139E+00
1.6200E+02	0.0000E+00	0.0000E+00	1.9381E+00
1.6300E+02	0.0000E+00	0.0000E+00	1.9243E+00
1.6400E+02	0.0000E+00	0.0000E+00	1.9215E+00
1.6500E+02	0.0000E+00	0.0000E+00	1.9304E+00
1.6600E+02	0.0000E+00	0.0000E+00	1.9198E+00
1.6700E+02	0.0000E+00	0.0000E+00	1.9144E+00
1.6800E+02	0.0000E+00	0.0000E+00	1.9132E+00
1.6900E+02	0.0000E+00	0.0000E+00	1.9092E+00
1.7000E+02	0.0000E+00	0.0000E+00	1.9024E+00
1.7100E+02	0.0000E+00	0.0000E+00	1.9136E+00
1.7200E+02	0.0000E+00	0.0000E+00	1.9254E+00
1.7300E+02	0.0000E+00	0.0000E+00	1.9353E+00
1.7400E+02	0.0000E+00	0.0000E+00	1.9471E+00
1.7500E+02	0.0000E+00	0.0000E+00	1.9572E+00
1.7600E+02	0.0000E+00	0.0000E+00	1.9387E+00
1.7700E+02	0.0000E+00	0.0000E+00	1.9043E+00
1.7800E+02	0.0000E+00	0.0000E+00	1.9189E+00
1.7900E+02	0.0000E+00	0.0000E+00	1.9338E+00
1.8000E+02	0.0000E+00	0.0000E+00	1.9093E+00
1.8100E+02	0.0000E+00	0.0000E+00	1.9056E+00
1.8200E+02	0.0000E+00	0.0000E+00	1.9031E+00
1.8300E+02	0.0000E+00	0.0000E+00	1.9121E+00
1.8400E+02	0.0000E+00	0.0000E+00	1.9211E+00
1.8500E+02	0.0000E+00	0.0000E+00	1.9288E+00
1.8600E+02	0.0000E+00	0.0000E+00	1.9307E+00
1.8700E+02	0.0000E+00	0.0000E+00	1.9434E+00
1.8800E+02	0.0000E+00	0.0000E+00	1.9555E+00
1.8900E+02	0.0000E+00	0.0000E+00	1.9615E+00
1.9000E+02	0.0000E+00	0.0000E+00	1.9576E+00
1.9100E+02	0.0000E+00	0.0000E+00	1.9577E+00
1.9200E+02	0.0000E+00	0.0000E+00	1.9620E+00
1.9300E+02	0.0000E+00	0.0000E+00	1.9633E+00
1.9400E+02	0.0000E+00	0.0000E+00	1.9731E+00
1.9500E+02	0.0000E+00	0.0000E+00	1.9769E+00
1.9600E+02	0.0000E+00	0.0000E+00	1.9743E+00
1.9700E+02	0.0000E+00	0.0000E+00	1.9803E+00
1.9800E+02	0.0000E+00	0.0000E+00	1.9801E+00
1.9900E+02	0.0000E+00	0.0000E+00	1.9760E+00
2.0000E+02	0.0000E+00	0.0000E+00	1.9772E+00
2.0100E+02	0.0000E+00	0.0000E+00	1.9686E+00
2.0200E+02	0.0000E+00	0.0000E+00	1.9652E+00
2.0300E+02	0.0000E+00	0.0000E+00	1.9755E+00
2.0400E+02	0.0000E+00	0.0000E+00	1.9724E+00
2.0500E+02	0.0000E+00	0.0000E+00	1.9957E+00
2.0600E+02	0.0000E+00	0.0000E+00	2.0037E+00
2.0700E+02	0.0000E+00	0.0000E+00	2.0002E+00
2.0800E+02	0.0000E+00	0.0000E+00	2.0136E+00
2.0900E+02	0.0000E+00	0.0000E+00	2.0260E+00
2.1000E+02	0.0000E+00	0.0000E+00	2.0383E+00
2.1100E+02	0.0000E+00	0.0000E+00	2.0489E+00
2.1200E+02	0.0000E+00	0.0000E+00	2.0508E+00
2.1300E+02	0.0000E+00	0.0000E+00	2.0537E+00
2.1400E+02	0.0000E+00	0.0000E+00	2.0544E+00
2.1500E+02	0.0000E+00	0.0000E+00	2.0480E+00
2.1600E+02	0.0000E+00	0.0000E+00	2.0399E+00
2.1700E+02	0.0000E+00	0.0000E+00	2.0294E+00
2.1800E+02	0.0000E+00	0.0000E+00	2.0193E+00
2.1900E+02	0.0000E+00	0.0000E+00	2.0150E+00
2.2000E+02	0.0000E+00	0.0000E+00	2.0061E+00
2.2100E+02	0.0000E+00	0.0000E+00	1.9970E+00
2.2200E+02	0.0000E+00	0.0000E+00	1.9915E+00
2.2300E+02	0.0000E+00	0.0000E+00	1.9881E+00
2.2400E+02	0.0000E+00	0.0000E+00	1.9804E+00
2.2500E+02	0.0000E+00	0.0000E+00	1.9800E+00
2.2600E+02	0.0000E+00	0.0000E+00	1.9745E+00
2.2700E+02	0.0000E+00	0.0000E+00	1.9762E+00
2.2800E+02	0.0000E+00	0.0000E+00	1.9755E+00
2.2900E+02	0.0000E+00	0.0000E+00	1.9779E+00
2.3000E+02	0.0000E+00	0.0000E+00	1.9854E+00
2.3100E+02	0.0000E+00	0.0000E+00	1.9962E+00
2.3200E+02	0.0000E+00	0.0000E+00	2.0019E+00
2.3300E+02	0.0000E+00	0.0000E+00	2.0144E+00
2.3400E+02	0.0000E+00	0.0000E+00	2.0170E+00
2.3500E+02	0.0000E+00	0.0000E+00	2.0244E+00
2.3600E+02	0.0000E+00	0.0000E+00	2.0202E+00
2.3700E+02	0.0000E+00	0.0000E+00	2.0317E+00
2.3800E+02	0.0000E+00	0.0000E+00	2.0312E+00
2.3900E+02	0.0000E+00	0.0000E+00	2.0339E+00
2.4000E+02	0.0000E+00	0.0000E+00	2.0352E+00
2.4100E+02	0.0000E+00	0.0000E+00	2.0275E+00
2.4200E+02	0.0000E+00	0.0000E+00	2.0213E+00
2.4300E+02	0.0000E+00	0.0000E+00	2.0190E+00
2.4400E+02	0.0000E+00	0.0000E+00	2.0124E+00
2.4500E+02	0.0000E+00	0.0000E+00	2.0017E+00
2.4600E+02	0.0000E+00	0.0000E+00	1.9994E+00
2.4700E+02	0.0000E+00	0.0000E+00	1.9927E+00
2.4800E+02	0.0000E+00	0.0000E+00	1.9833E+00
2.4900E+02	0.0000E+00	0.0000E+00	1.9896E+00
2.5000E+02	0.0000E+00	0.0000E+00	1.9831E+00
2.5100E+02	0.0000E+00	0.0000E+00	1.9750E+00
2.5200E+02	0.0000E+00	0.0000E+00	1.9748E+00
2.5300E+02	0.0000E+00	0.0000E+00	1.9777E+00
2.5400E+02	0.0000E+00	0.0000E+00	1.9761E+00
2.5500E+02	0.0000E+00	0.0000E+00	1.9755E+00
2.5600E+02	0.0000E+00	0.0000E+00	1.9845E+00
2.5700E+02	0.0000E+00	0.0000E+00	1.9779E+00
2.5800E+02	0.0000E+00	0.0000E+00	1.9820E+00
2.5900E+02	0.0000E+00	0.0000E+00	1.9840E+00
2.6000E+02	0.0000E+00	0.0000E+00	1.9838E+00
2.6100E+02	0.0000E+00	0.0000E+00	1.9880E+00
2.6200E+02	0.0000E+00	0.0000E+00	1.9878E+00
2.6300E+02	0.0000E+00	0.0000E+00	1.9932E+00
2.6400E+02	0.0000E+00	0.0000E+00	1.9863E+00
2.6500E+02	0.0000E+00	0.0000E+00	1.9868E+00
2.6600E+02	0.0000E+00	0.0000E+00	1.9774E+00
2.6700E+02	0.0000E+00	0.0000E+00	1.9675E+00
2.6800E+02	0.0000E+00	0.0000E+00	1.9653E+00
2.6900E+02	0.0000E+00	0.0000E+00	1.9629E+00
2.7000E+02	0.0000E+00	0.0000E+00	1.9554E+00
2.7100E+02	0.0000E+00	0.0000E+00	1.9568E+00
2.7200E+02	0.0000E+00	0.0000E+00	1.9578E+00
2.7300E+02	0.0000E+00	0.0000E+00	1.9467E+00
2.7400E+02	0.0000E+00	0.0000E+00	1.9489E+00
2.7500E+02	0.0000E+00	0.0000E+00	1.9391E+00
2.7600E+02	0.0000E+00	0.0000E+00	1.9466E+00
2.7700E+02	0.0000E+00	0.0000E+00	1.9507E+00
2.7800E+02	0.0000E+00	0.0000E+00	1.9486E+00
2.7900E+02	0.0000E+00	0.0000E+00	1.9478E+00
2.8000E+02	0.0000E+00	0.0000E+00	1.9487E+00
2.8100E+02	0.0000E+00	0.0000E+00	1.9417E+00
2.8200E+02	0.0000E+00	0.0000E+00	1.9383E+00
2.8300E+02	0.0000E+00	0.0000E+00	1.9353E+00
2.8400E+02	0.0000E+00	0.0000E+00	1.9296E+00
2.8500E+02	0.0000E+00	0.0000E+00	1.9275E+00
2.8600E+02	0.0000E+00	0.0000E+00	1.9225E+00
2.8700E+02	0.0000E+00	0.0000E+00	1.9200E+00
2.8800E+02	0.0000E+00	0.0000E+00	1.9203E+00
2.8900E+02	0.0000E+00	0.0000E+00	1.9135E+00
2.9000E+02	0.0000E+00	0.0000E+00	1.9150E+00
2.9100E+02	0.0000E+00	0.0000E+00	1.9095E+00
2.9200E+02	0.0000E+00	0.0000E+00	1.9041E+00
2.9300E+02	0.0000E+00	0.0000E+00	1.8974E+00
2.9400E+02	0.0000E+00	0.0000E+00	1.8884E+00
2.9500E+02	0.0000E+00	0.0000E+00	1.8902E+00
2.9600E+02	0.0000E+00	0.0000E+00	1.8843E+00
2.9700E+02	0.0000E+00	0.0000E+00	1.8865E+00
2.9800E+02	0.0000E+00	0.0000E+00	1.8981E+00
2.9900E+02	0.0000E+00	0.0000E+00	1.8962E+00
3.0000E+02	0.0000E+00	0.0000E+00	1.9019E+00
3.0100E+02	0.0000E+00	0.0000E+00	1.9042E+00
3.0200E+02	0.0000E+00	0.0000E+00	1.8969E+00
3.0300E+02	0.0000E+00	0.0000E+00	1.8919E+00
3.0400E+02	0.0000E+00	0.0000E+00	1.8901E+00
3.0500E+02	0.0000E+00	0.0000E+00	1.8829E+00
3.0600E+02	0.0000E+00	0.0000E+00	1.8777E+00
3.0700E+02	0.0000E+00	0.0000E+00	1.8728E+00
3.0800E+02	0.0000E+00	0.0000E+00	1.8677E+00
3.0900E+02	0.0000E+00	0.0000E+00	1.8615E+00
3.1000E+02	0.0000E+00	0.0000E+00	1.8558E+00
3.1100E+02	0.0000E+00	0.0000E+00	1.8553E+00
3.1200E+02	0.0000E+00	0.0000E+00	1.8451E+00
3.1300E+02	0.0000E+00	0.0000E+00	1.8417E+00
3.1400E+02	0.0000E+00	0.0000E+00	1.8321E+00
3.1500E+02	0.0000E+00	0.0000E+00	1.8361E+00
3.1600E+02	0.0000E+00	0.0000E+00	1.8270E+00
3.1700E+02	0.0000E+00	0.0000E+00	1.8328E+00
3.1800E+02	0.0000E+00	0.0000E+00	1.8333E+00
3.1900E+02	0.0000E+00	0.0000E+00	1.8338E+00
3.2000E+02	0.0000E+00	0.0000E+00	1.8169E+00
3.2100E+02	0.0000E+00	0.0000E+00	1.8328E+00
3.2200E+02	0.0000E+00	0.0000E+00	1.8514E+00
3.2300E+02	0.0000E+00	0.0000E+00	1.8558E+00
3.2400E+02	0.0000E+00	0.0000E+00	1.8559E+00
3.2500E+02	0.0000E+00	0.0000E+00	1.8459E+00
3.2600E+02	0.0000E+00	0.0000E+00	1.8439E+00
3.2700E+02	0.0000E+00	0.0000E+00	1.8501E+00
3.2800E+02	0.0000E+00	0.0000E+00	1.8403E+00
3.2900E+02	0.0000E+00	0.0000E+00	1.8403E+00
3.3000E+02	0.0000E+00	0.0000E+00	1.8411E+00
3.3100E+02	0.0000E+00	0.0000E+00	1.8452E+00
3.3200E+02	0.0000E+00	0.0000E+00	1.8400E+00
3.3300E+02	0.0000E+00	0.0000E+00	1.8376E+00
3.3400E+02	0.0000E+00	0.0000E+00	1.8362E+00
3.3500E+02	0.0000E+00	0.0000E+00	1.8374E+00
3.3600E+02	0.0000E+00	0.0000E+00	1.8287E+00
3.3700E+02	0.0000E+00	0.0000E+00	1.8262E+00
3.3800E+02	0.0000E+00	0.0000E+00	1.8230E+00
3.3900E+02	0.0000E+00	0.0000E+00	1.8221E+00
3.4000E+02	0.0000E+00	0.0000E+00	1.8178E+00
3.4100E+02	0.0000E+00	0.0000E+00	1.8179E+00
3.4200E+02	0.0000E+00	0.0000E+00	1.8123E+00
3.4300E+02	0.0000E+00	0.0000E+00	1.8046E+00
3.4400E+02	0.0000E+00	0.0000E+00	1.8042E+00
3.4500E+02	0.0000E+00	0.0000E+00	1.8048E+00
3.4600E+02	0.0000E+00	0.0000E+00	1.8148E+00
3.4700E+02	0.0000E+00	0.0000E+00	1.8206E+00
3.4800E+02	0.0000E+00	0.0000E+00	1.8287E+00
3.4900E+02	0.0000E+00	0.0000E+00	1.8202E+00
3.5000E+02	0.0000E+00	0.0000E+00	1.8259E+00
3.5100E+02	0.0000E+00	0.0000E+00	1.8275E+00
3.5200E+02	0.0000E+00	0.0000E+00	1.8204E+00
3.5300E+02	0.0000E+00	0.0000E+00	1.8280E+00
3.5400E+02	0.0000E+00	0.0000E+00	1.8315E+00
3.5500E+02	0.0000E+00	0.0000E+00	1.8416E+00
3.5600E+02	0.0000E+00	0.0000E+00	1.8459E+00
3.5700E+02	0.0000E+00	0.0000E+00	1.8417E+00
3.5800E+02	0.0000E+00	0.0000E+00	1.8452E+00
3.5900E+02	0.0000E+00	0.0000E+00	1.8424E+00
3.6000E+02	0.0000E+00	0.0000E+00	1.8364E+00
3.6100E+02	0.0000E+00	0.0000E+00	1.8394E+00
3.6200E+02	0.0000E+00	0.0000E+00	1.8360E+00
3.6300E+02	0.0000E+00	0.0000E+00	1.8335E+00
3.6400E+02	0.0000E+00	0.0000E+00	1.8313E+00
3.6500E+02	0.0000E+00	0.0000E+00	1.8342E+00
3.6600E+02	0.0000E+00	0.0000E+00	1.8244E+00
3.6700E+02	0.0000E+00	0.0000E+00	1.8252E+00
3.6800E+02	0.0000E+00	0.0000E+00	1.8234E+00
3.6900E+02	0.0000E+00	0.0000E+00	1.8204E+00
3.7000E+02	0.0000E+00	0.0000E+00	1.8266E+00
3.7100E+02	0.0000E+00	0.0000E+00	1.8288E+00
3.7200E+02	0.0000E+00	0.0000E+00	1.8248E+00
3.7300E+02	0.0000E+00	0.0000E+00	1.8256E+00
3.7400E+02	0.0000E+00	0.0000E+00	1.8292E+00
3.7500E+02	0.0000E+00	0.0000E+00	1.8278E+00
3.7600E+02	0.0000E+00	0.0000E+00	1.8311E+00
3.7700E+02	0.0000E+00	0.0000E+00	1.8388E+00
3.7800E+02	0.0000E+00	0.0000E+00	1.8450E+00
3.7900E+02	0.0000E+00	0.0000E+00	1.8488E+00
3.8000E+02	0.0000E+00	0.0000E+00	1.8521E+00
3.8100E+02	0.0000E+00	0.0000E+00	1.8548E+00
3.8200E+02	0.0000E+00	0.0000E+00	1.8500E+00
3.8300E+02	0.0000E+00	0.0000E+00	1.8514E+00
3.8400E+02	0.0000E+00	0.0000E+00	1.8471E+00
3.8500E+02	0.0000E+00	0.0000E+00	1.8433E+00
3.8600E+02	0.0000E+00	0.0000E+00	1.8406E+00
3.8700E+02	0.0000E+00	0.0000E+00	1.8381E+00
3.8800E+02	0.0000E+00	0.0000E+00	1.8341E+00
3.8900E+02	0.0000E+00	0.0000E+00	1.8361E+00
3.9000E+02	0.0000E+00	0.0000E+00	1.8321E+00
3.9100E+02	0.0000E+00	0.0000E+00	1.8297E+00
3.9200E+02	0.0000E+00	0.0000E+00	1.8272E+00
3.9300E+02	0.0000E+00	0.0000E+00	1.8324E+00
3.9400E+02	0.0000E+00	0.0000E+00	1.8293E+00
3.9500E+02	0.0000E+00	0.0000E+00	1.8264E+00
3.9600E+02	0.0000E+00	0.0000E+00	1.8330E+00
3.9700E+02	0.0000E+00	0.0000E+00	1.8329E+00
3.9800E+02	0.0000E+00	0.0000E+00	1.8363E+00
3.9900E+02	0.0000E+00	0.0000E+00	1.8514E+00
4.0000E+02	0.0000E+00	0.0000E+00	1.8660E+00
4.0100E+02	0.0000E+00	0.0000E+00	1.8922E+00
4.0200E+02	0.0000E+00	0.0000E+00	1.9096E+00
4.0300E+02	0.0000E+00	0.0000E+00	1.9194E+00
4.0400E+02	0.0000E+00	0.0000E+00	1.9211E+00
4.0500E+02	0.0000E+00	0.0000E+00	1.9158E+00
4.0600E+02	0.0000E+00	0.0000E+00	1.9145E+00
4.0700E+02	0.0000E+00	0.0000E+00	1.9061E+00
4.0800E+02	0.0000E+00	0.0000E+00	1.9069E+00
4.0900E+02	0.0000E+00	0.0000E+00	1.9080E+00
4.1000E+02	0.0000E+00	0.0000E+00	1.9023E+00
4.1100E+02	0.0000E+00	0.0000E+00	1.8960E+00
4.1200E+02	0.0000E+00	0.0000E+00	1.8902E+00
4.1300E+02	0.0000E+00	0.0000E+00	1.8826E+00
4.1400E+02	0.0000E+00	0.0000E+00	1.8853E+00
4.1500E+02	0.0000E+00	0.0000E+00	1.8784E+00
4.1600E+02	0.0000E+00	0.0000E+00	1.8788E+00
4.1700E+02	0.0000E+00	0.0000E+00	1.8781E+00
4.1800E+02	0.0000E+00	0.0000E+00	1.8767E+00
4.1900E+02	0.0000E+00	0.0000E+00	1.8796E+00
4.2000E+02	0.0000E+00	0.0000E+00	1.8829E+00
4.2100E+02	0.0000E+00	0.0000E+00	1.8861E+00
4.2200E+02	0.0000E+00	0.0000E+00	1.8977E+00
4.2300E+02	0.0000E+00	0.0000E+00	1.9095E+00
4.2400E+02	0.0000E+00	0.0000E+00	1.9240E+00
4.2500E+02	0.0000E+00	0.0000E+00	1.9319E+00
4.2600E+02	0.0000E+00	0.0000E+00	1.9367E+00
4.2700E+02	0.0000E+00	0.0000E+00	1.9489E+00
4.2800E+02	0.0000E+00	0.0000E+00	1.9573E+00
4.2900E+02	0.0000E+00	0.0000E+00	1.9554E+00
4.3000E+02	0.0000E+00	0.0000E+00	1.9537E+00
4.3100E+02	0.0000E+00	0.0000E+00	1.9508E+00
4.3200E+02	0.0000E+00	0.0000E+00	1.9464E+00
4.3300E+02	0.0000E+00	0.0000E+00	1.9410E+00
4.3400E+02	0.0000E+00	0.0000E+00	1.9377E+00
4.3500E+02	0.0000E+00	0.0000E+00	1.9342E+00
4.3600E+02	0.0000E+00	0.0000E+00	1.9319E+00
4.3700E+02	0.0000E+00	0.0000E+00	1.9312E+00
4.3800E+02	0.0000E+00	0.0000E+00	1.9248E+00
4.3900E+02	0.0000E+00	0.0000E+00	1.9217E+00
4.4000E+02	0.0000E+00	0.0000E+00	1.9161E+00
4.4100E+02	0.0000E+00	0.0000E+00	1.9164E+00
4.4200E+02	0.0000E+00	0.0000E+00	1.9132E+00
4.4300E+02	0.0000E+00	0.0000E+00	1.9134E+00
4.4400E+02	0.0000E+00	0.0000E+00	1.9209E+00
4.4500E+02	0.0000E+00	0.0000E+00	1.9250E+00
4.4600E+02	0.0000E+00	0.0000E+00	1.9368E+00
4.4700E+02	0.0000E+00	0.0000E+00	1.9429E+00
4.4800E+02	0.0000E+00	0.0000E+00	1.9410E+00
4.4900E+02	0.0000E+00	0.0000E+00	1.9608E+00
4.5000E+02	0.0000E+00	0.0000E+00	1.9664E+00
4.5100E+02	0.0000E+00	0.0000E+00	1.9762E+00
4.5200E+02	0.0000E+00	0.0000E+00	1.9740E+00
4.5300E+02	0.0000E+00	0.0000E+00	1.9823E+00
4.5400E+02	0.0000E+00	0.0000E+00	1.9733E+00
4.5500E+02	0.0000E+00	0.0000E+00	1.9663E+00
4.5600E+02	0.0000E+00	0.0000E+00	1.9583E+00
4.5700E+02	0.0000E+00	0.0000E+00	1.9610E+00
4.5800E+02	0.0000E+00	0.0000E+00	1.9543E+00
4.5900E+02	0.0000E+00	0.0000E+00	1.9447E+00
4.6000E+02	0.0000E+00	0.0000E+00	1.9406E+00
4.6100E+02	0.0000E+00	0.0000E+00	1.9383E+00
4.6200E+02	0.0000E+00	0.0000E+00	1.9356E+00
4.6300E+02	0.0000E+00	0.0000E+00	1.9302E+00
4.6400E+02	0.0000E+00	0.0000E+00	1.9259E+00
4.6500E+02	0.0000E+00	0.0000E+00	1.9303E+00
4.6600E+02	0.0000E+00	0.0000E+00	1.9264E+00
4.6700E+02	0.0000E+00	0.0000E+00	1.9313E+00
4.6800E+02	0.0000E+00	0.0000E+00	1.9253E+00
4.6900E+02	0.0000E+00	0.0000E+00	1.9313E+00
4.7000E+02	0.0000E+00	0.0000E+00	1.9364E+00
4.7100E+02	0.0000E+00	0.0000E+00	1.9359E+00
4.7200E+02	0.0000E+00	0.0000E+00	1.9424E+00
4.7300E+02	0.0000E+00	0.0000E+00	1.9458E+00
4.7400E+02	0.0000E+00	0.0000E+00	1.9459E+00
4.7500E+02	0.0000E+00	0.0000E+00	1.9475E+00
4.7600E+02	0.0000E+00	0.0000E+00	1.9451E+00
4.7700E+02	0.0000E+00	0.0000E+00	1.9418E+00
4.7800E+02	0.0000E+00	0.0000E+00	1.9386E+00
4.7900E+02	0.0000E+00	0.0000E+00	1.9419E+00
4.8000E+02	0.0000E+00	0.0000E+00	1.9281E+00
4.8100E+02	0.0000E+00	0.0000E+00	1.9214E+00
4.8200E+02	0.0000E+00	0.0000E+00	1.9205E+00
4.8300E+02	0.0000E+00	0.0000E+00	1.9192E+00
4.8400E+02	0.0000E+00	0.0000E+00	1.9142E+00
4.8500E+02	0.0000E+00	0.0000E+00	1.9090E+00
4.8600E+02	0.0000E+00	0.0000E+00	1.9099E+00
4.8700E+02	0.0000E+00	0.0000E+00	1.9097E+00
4.8800E+02	0.0000E+00	0.0000E+00	1.9008E+00
4.8900E+02	0.0000E+00	0.0000E+00	1.9002E+00
4.9000E+02	0.0000E+00	0.0000E+00	1.9034E+00
4.9100E+02	0.0000E+00	0.0000E+00	1.9006E+00
4.9200E+02	0.0000E+00	0.0000E+00	1.8980E+00
4.9300E+02	0.0000E+00	0.0000E+00	1.9003E+00
4.9400E+02	0.0000E+00	0.0000E+00	1.9007E+00
4.9500E+02	0.0000E+00	0.0000E+00	1.9007E+00
4.9600E+02	0.0000E+00	0.0000E+00	1.9058E+00
4.9700E+02	0.0000E+00	0.0000E+00	1.9009E+00
4.9800E+02	0.0000E+00	0.0000E+00	1.9042E+00
4.9900E+02	0.0000E+00	0.0000E+00	1.9008E+00
5.0000E+02	0.0000E+00	0.0000E+00	1.8931E+00
5.0100E+02	0.0000E+00	0.0000E+00	1.8884E+00
5.0200E+02	0.0000E+00	0.0000E+00	1.8877E+00
5.0300E+02	0.0000E+00	0.0000E+00	1.8820E+00
5.0400E+02	0.0000E+00	0.0000E+00	1.8796E+00
5.0500E+02	0.0000E+00	0.0000E+00	1.8780E+00
5.0600E+02	0.0000E+00	0.0000E+00	1.8744E+00
5.0700E+02	0.0000E+00	0.0000E+00	1.8745E+00
5.0800E+02	0.0000E+00	0.0000E+00	1.8687E+00
5.0900E+02	0.0000E+00	0.0000E+00	1.8699E+00
5.1000E+02	0.0000E+00	0.0000E+00	1.8656E+00
5.1100E+02	0.0000E+00	0.0000E+00	1.8658E+00
5.1200E+02	0.0000E+00	0.0000E+00	1.8636E+00
5.1300E+02	0.0000E+00	0.0000E+00	1.8667E+00
5.1400E+02	0.0000E+00	0.0000E+00	1.8652E+00
5.1500E+02	0.0000E+00	0.0000E+00	1.8636E+00
5.1600E+02	0.0000E+00	0.0000E+00	1.8650E+00
5.1700E+02	0.0000E+00	0.0000E+00	1.8674E+00
5.1800E+02	0.0000E+00	0.0000E+00	1.8710E+00
5.1900E+02	0.0000E+00	0.0000E+00	1.8802E+00
5.2000E+02	0.0000E+00	0.0000E+00	1.8850E+00
5.2100E+02	0.0000E+00	0.0000E+00	1.8934E+00
5.2200E+02	0.0000E+00	0.0000E+00	1.8998E+00
5.2300E+02	0.0000E+00	0.0000E+00	1.9077E+00
5.2400E+02	0.0000E+00	0.0000E+00	1.9137E+00
5.2500E+02	0.0000E+00	0.0000E+00	1.9112E+00
5.2600E+02	0.0000E+00	0.0000E+00	1.9077E+00
5.2700E+02	0.0000E+00	0.0000E+00	1.9069E+00
5.2800E+02	0.0000E+00	0.0000E+00	1.8931E+00
5.2900E+02	0.0000E+00	0.0000E+00	1.8921E+00
5.3000E+02	0.0000E+00	0.0000E+00	1.8895E+00
5.3100E+02	0.0000E+00	0.0000E+00	1.8804E+00
5.3200E+02	0.0000E+00	0.0000E+00	1.8783E+00
5.3300E+02	0.0000E+00	0.0000E+00	1.8741E+00
5.3400E+02	0.0000E+00	0.0000E+00	1.8714E+00
5.3500E+02	0.0000E+00	0.0000E+00	1.8644E+00
5.3600E+02	0.0000E+00	0.0000E+00	1.8661E+00
5.3700E+02	0.0000E+00	0.0000E+00	1.8617E+00
5.3800E+02	0.0000E+00	0.0000E+00	1.8688E+00
5.3900E+02	0.0000E+00	0.0000E+00	1.8664E+00
5.4000E+02	0.0000E+00	0.0000E+00	1.8633E+00
5.4100E+02	0.0000E+00	0.0000E+00	1.8693E+00
5.4200E+02	0.0000E+00	0.0000E+00	1.8852E+00
5.4300E+02	0.0000E+00	0.0000E+00	1.8914E+00
5.4400E+02	0.0000E+00	0.0000E+00	1.9106E+00
5.4500E+02	0.0000E+00	0.0000E+00	1.9273E+00
5.4600E+02	0.0000E+00	0.0000E+00	1.9443E+00
5.4700E+02	0.0000E+00	0.0000E+00	1.9542E+00
5.4800E+02	0.0000E+00	0.0000E+00	1.9595E+00
5.4900E+02	0.0000E+00	0.0000E+00	1.9611E+00
5.5000E+02	0.0000E+00	0.0000E+00	1.9556E+00
5.5100E+02	0.0000E+00	0.0000E+00	1.9472E+00
5.5200E+02	0.0000E+00	0.0000E+00	1.9385E+00
5.5300E+02	0.0000E+00	0.0000E+00	1.9321E+00
5.5400E+02	0.0000E+00	0.0000E+00	1.9246E+00
5.5500E+02	0.0000E+00	0.0000E+00	1.9218E+00
5.5600E+02	0.0000E+00	0.0000E+00	1.9185E+00
5.5700E+02	0.0000E+00	0.0000E+00	1.9164E+00
5.5800E+02	0.0000E+00	0.0000E+00	1.9094E+00
5.5900E+02	0.0000E+00	0.0000E+00	1.8995E+00
5.6000E+02	0.0000E+00	0.0000E+00	1.9045E+00
5.6100E+02	0.0000E+00	0.0000E+00	1.9041E+00
5.6200E+02	0.0000E+00	0.0000E+00	1.9014E+00
5.6300E+02	0.0000E+00	0.0000E+00	1.9021E+00
5.6400E+02	0.0000E+00	0.0000E+00	1.9059E+00
5.6500E+02	0.0000E+00	0.0000E+00	1.9117E+00
5.6600E+02	0.0000E+00	0.0000E+00	1.9218E+00
5.6700E+02	0.0000E+00	0.0000E+00	1.9469E+00
5.6800E+02	0.0000E+00	0.0000E+00	1.9661E+00
5.6900E+02	0.0000E+00	0.0000E+00	1.9933E+00
5.7000E+02	0.0000E+00	0.0000E+00	2.0199E+00
5.7100E+02	0.0000E+00	0.0000E+00	2.0326E+00
5.7200E+02	0.0000E+00	0.0000E+00	2.0322E+00
5.7300E+02	0.0000E+00	0.0000E+00	2.0308E+00
5.7400E+02	0.0000E+00	0.0000E+00	2.0209E+00
5.7500E+02	0.0000E+00	0.0000E+00	2.0206E+00
5.7600E+02	0.0000E+00	0.0000E+00	2.0103E+00
5.7700E+02	0.0000E+00	0.0000E+00	1.9967E+00
5.7800E+02	0.0000E+00	0.0000E+00	1.9998E+00
5.7900E+02	0.0000E+00	0.0000E+00	1.9922E+00
5.8000E+02	0.0000E+00	0.0000E+00	1.9785E+00
5.8100E+02	0.0000E+00	0.0000E+00	1.9786E+00
5.8200E+02	0.0000E+00	0.0000E+00	1.9750E+00
5.8300E+02	0.0000E+00	0.0000E+00	1.9631E+00
5.8400E+02	0.0000E+00	0.0000E+00	1.9612E+00
5.8500E+02	0.0000E+00	0.0000E+00	1.9603E+00
5.8600E+02	0.0000E+00	0.0000E+00	1.9590E+00
5.8700E+02	0.0000E+00	0.0000E+00	1.9596E+00
5.8800E+02	0.0000E+00	0.0000E+00	1.9641E+00
5.8900E+02	0.0000E+00	0.0000E+00	1.9772E+00
5.9000E+02	0.0000E+00	0.0000E+00	1.9900E+00
5.9100E+02	0.0000E+00	0.0000E+00	2.0090E+00
5.9200E+02	0.0000E+00	0.0000E+00	2.0419E+00
5.9300E+02	0.0000E+00	0.0000E+00	2.0632E+00
5.9400E+02	0.0000E+00	0.0000E+00	2.0847E+00
5.9500E+02	0.0000E+00	0.0000E+00	2.0974E+00
5.9600E+02	0.0000E+00	0.0000E+00	2.0966E+00
5.9700E+02	0.0000E+00	0.0000E+00	2.1011E+00
5.9800E+02	0.0000E+00	0.0000E+00	2.0881E+00
5.9900E+02	0.0000E+00	0.0000E+00	2.0758E+00
6.0000E+02	0.0000E+00	0.0000E+00	2.0720E+00
6.0100E+02	0.0000E+00	0.0000E+00	2.0676E+00
6.0200E+02	0.0000E+00	0.0000E+00	2.0533E+00
6.0300E+02	0.0000E+00	0.0000E+00	2.0472E+00
6.0400E+02	0.0000E+00	0.0000E+00	2.0312E+00
6.0500E+02	0.0000E+00	0.0000E+00	2.0313E+00
6.0600E+02	0.0000E+00	0.0000E+00	2.0324E+00
6.0700E+02	0.0000E+00	0.0000E+00	2.0170E+00
6.0800E+02	0.0000E+00	0.0000E+00	2.0254E+00
6.0900E+02	0.0000E+00	0.0000E+00	2.0172E+00
6.1000E+02	0.0000E+00	0.0000E+00	2.0204E+00
6.1100E+02	0.0000E+00	0.0000E+00	2.0176E+00
6.1200E+02	0.0000E+00	0.0000E+00	2.0248E+00
6.1300E+02	0.0000E+00	0.0000E+00	2.0293E+00
6.1400E+02	0.0000E+00	0.0000E+00	2.0339E+00
6.1500E+02	0.0000E+00	0.0000E+00	2.0611E+00
6.1600E+02	0.0000E+00	0.0000E+00	2.0718E+00
6.1700E+02	0.0000E+00	0.0000E+00	2.0864E+00
6.1800E+02	0.0000E+00	0.0000E+00	2.0955E+00
6.1900E+02	0.0000E+00	0.0000E+00	2.1213E+00
6.2000E+02	0.0000E+00	0.0000E+00	2.1268E+00
6.2100E+02	0.0000E+00	0.0000E+00	2.1269E+00
6.2200E+02	0.0000E+00	0.0000E+00	2.1320E+00
6.2300E+02	0.0000E+00	0.0000E+00	2.1153E+00
6.2400E+02	0.0000E+00	0.0000E+00	2.1139E+00
6.2500E+02	0.0000E+00	0.0000E+00	2.1211E+00
6.2600E+02	0.0000E+00	0.0000E+00	2.1213E+00
6.2700E+02	0.0000E+00	0.0000E+00	2.1166E+00
6.2800E+02	0.0000E+00	0.0000E+00	2.1057E+00
6.2900E+02	0.0000E+00	0.0000E+00	2.1031E+00
6.3000E+02	0.0000E+00	0.0000E+00	2.0927E+00
6.3100E+02	0.0000E+00	0.0000E+00	2.0906E+00
6.3200E+02	0.0000E+00	0.0000E+00	2.1010E+00
6.3300E+02	0.0000E+00	0.0000E+00	2.0837E+00
6.3400E+02	0.0000E+00	0.0000E+00	2.0874E+00
6.3500E+02	0.0000E+00	0.0000E+00	2.0901E+00
6.3600E+02	0.0000E+00	0.0000E+00	2.0952E+00
6.3700E+02	0.0000E+00	0.0000E+00	2.0901E+00
6.3800E+02	0.0000E+00	0.0000E+00	2.0921E+00
6.3900E+02	0.0000E+00	0.0000E+00	2.0983E+00
6.4000E+02	0.0000E+00	0.0000E+00	2.0962E+00
6.4100E+02	0.0000E+00	0.0000E+00	2.1007E+00
6.4200E+02	0.0000E+00	0.0000E+00	2.1243E+00
6.4300E+02	0.0000E+00	0.0000E+00	2.1401E+00
6.4400E+02	0.0000E+00	0.0000E+00	2.1639E+00
6.4500E+02	0.0000E+00	0.0000E+00	2.1680E+00
6.4600E+02	0.0000E+00	0.0000E+00	2.1844E+00
6.4700E+02	0.0000E+00	0.0000E+00	2.1676E+00
6.4800E+02	0.0000E+00	0.0000E+00	2.1581E+00
6.4900E+02	0.0000E+00	0.0000E+00	2.1594E+00
6.5000E+02	0.0000E+00	0.0000E+00	2.1605E+00
6.5100E+02	0.0000E+00	0.0000E+00	2.1486E+00
6.5200E+02	0.0000E+00	0.0000E+00	2.1470E+00
6.5300E+02	0.0000E+00	0.0000E+00	2.1514E+00
6.5400E+02	0.0000E+00	0.0000E+00	2.1293E+00
6.5500E+02	0.0000E+00	0.0000E+00	2.1375E+00
6.5600E+02	0.0000E+00	0.0000E+00	2.1307E+00
6.5700E+02	0.0000E+00	0.0000E+00	2.1138E+00
6.5800E+02	0.0000E+00	0.0000E+00	2.1323E+00
6.5900E+02	0.0000E+00	0.0000E+00	2.1297E+00
6.6000E+02	0.0000E+00	0.0000E+00	2.1201E+00
6.6100E+02	0.0000E+00	0.0000E+00	2.1340E+00
6.6200E+02	0.0000E+00	0.0000E+00	2.1181E+00
6.6300E+02	0.0000E+00	0.0000E+00	2.1283E+00
6.6400E+02	0.0000E+00	0.0000E+00	2.1392E+00
6.6500E+02	0.0000E+00	0.0000E+00	2.1444E+00
6.6600E+02	0.0000E+00	0.0000E+00	2.1688E+00
6.6700E+02	0.0000E+00	0.0000E+00	2.1862E+00
6.6800E+02	0.0000E+00	0.0000E+00	2.2049E+00
6.6900E+02	0.0000E+00	0.0000E+00	2.2199E+00
6.7000E+02	0.0000E+00	0.0000E+00	2.2322E+00
6.7100E+02	0.0000E+00	0.0000E+00	2.2340E+00
6.7200E+02	0.0000E+00	0.0000E+00	2.2310E+00
6.7300E+02	0.0000E+00	0.0000E+00	2.2307E+00
6.7400E+02	0.0000E+00	0.0000E+00	2.2299E+00
6.7500E+02	0.0000E+00	0.0000E+00	2.2370E+00
6.7600E+02	0.0000E+00	0.0000E+00	2.2207E+00
6.7700E+02	0.0000E+00	0.0000E+00	2.2068E+00
6.7800E+02	0.0000E+00	0.0000E+00	2.2134E+00
6.7900E+02	0.0000E+00	0.0000E+00	2.1924E+00
6.8000E+02	0.0000E+00	0.0000E+00	2.2027E+00
6.8100E+02	0.0000E+00	0.0000E+00	2.1982E+00
6.8200E+02	0.0000E+00	0.0000E+00	2.1876E+00
6.8300E+02	0.0000E+00	0.0000E+00	2.1918E+00
6.8400E+02	0.0000E+00	0.0000E+00	2.1953E+00
6.8500E+02	0.0000E+00	0.0000E+00	2.1877E+00
6.8600E+02	0.0000E+00	0.0000E+00	2.1780E+00
6.8700E+02	0.0000E+00	0.0000E+00	2.1733E+00
6.8800E+02	0.0000E+00	0.0000E+00	2.1711E+00
6.8900E+02	0.0000E+00	0.0000E+00	2.1679E+00
6.9000E+02	0.0000E+00	0.0000E+00	2.1500E+00
6.9100E+02	0.0000E+00	0.0000E+00	2.1549E+00
6.9200E+02	0.0000E+00	0.0000E+00	2.1470E+00
6.9300E+02	0.0000E+00	0.0000E+00	2.1499E+00
6.9400E+02	0.0000E+00	0.0000E+00	2.1411E+00
6.9500E+02	0.0000E+00	0.0000E+00	2.1336E+00
6.9600E+02	0.0000E+00	0.0000E+00	2.1249E+00
6.9700E+02	0.0000E+00	0.0000E+00	2.1266E+00
6.9800E+02	0.0000E+00	0.0000E+00	2.1221E+00
6.9900E+02	0.0000E+00	0.0000E+00	2.1104E+00
7.0000E+02	0.0000E+00	0.0000E+00	2.1079E+00
7.0100E+02	0.0000E+00	0.0000E+00	2.1052E+00
7.0200E+02	0.0000E+00	0.0000E+00	2.1088E+00
7.0300E+02	0.0000E+00	0.0000E+00	2.0997E+00
7.0400E+02	0.0000E+00	0.0000E+00	2.0958E+00
7.0500E+02	0.0000E+00	0.0000E+00	2.0888E+00
7.0600E+02	0.0000E+00	0.0000E+00	2.0845E+00
7.0700E+02	0.0000E+00	0.0000E+00	2.0858E+00
7.0800E+02	0.0000E+00	0.0000E+00	2.0851E+00
7.0900E+02	0.0000E+00	0.0000E+00	2.0843E+00
7.1000E+02	0.0000E+00	0.0000E+00	2.0739E+00
7.1100E+02	0.0000E+00	0.0000E+00	2.0771E+00
7.1200E+02	0.0000E+00	0.0000E+00	2.0723E+00
7.1300E+02	0.0000E+00	0.0000E+00	2.0697E+00
7.1400E+02	0.0000E+00	0.0000E+00	2.0708E+00
7.1500E+02	0.0000E+00	0.0000E+00	2.0784E+00
7.1600E+02	0.0000E+00	0.0000E+00	2.0703E+00
7.1700E+02	0.0000E+00	0.0000E+00	2.0635E+00
7.1800E+02	0.0000E+00	0.0000E+00	2.0604E+00
7.1900E+02	0.0000E+00	0.0000E+00	2.0494E+00
7.2000E+02	0.0000E+00	0.0000E+00	2.0418E+00
7.2100E+02	0.0000E+00	0.0000E+00	2.0377E+00
7.2200E+02	0.0000E+00	0.0000E+00	2.0300E+00
7.2300E+02	0.0000E+00	0.0000E+00	2.0288E+00
7.2400E+02	0.0000E+00	0.0000E+00	2.0284E+00
7.2500E+02	0.0000E+00	0.0000E+00	2.0237E+00
7.2600E+02	0.0000E+00	0.0000E+00	2.0203E+00
7.2700E+02	0.0000E+00	0.0000E+00	2.0110E+00
7.2800E+02	0.0000E+00	0.0000E+00	2.0109E+00
7.2900E+02	0.0000E+00	0.0000E+00	2.0138E+00
7.3000E+02	0.0000E+00	0.0000E+00	2.0148E+00
7.3100E+02	0.0000E+00	0.0000E+00	2.0133E+00
7.3200E+02	0.0000E+00	0.0000E+00	2.0116E+00
7.3300E+02	0.0000E+00	0.0000E+00	2.0120E+00
7.3400E+02	0.0000E+00	0.0000E+00	2.0066E+00
7.3500E+02	0.0000E+00	0.0000E+00	2.0088E+00
7.3600E+02	0.0000E+00	0.0000E+00	2.0031E+00
7.3700E+02	0.0000E+00	0.0000E+00	2.0008E+00
7.3800E+02	0.0000E+00	0.0000E+00	1.9945E+00
7.3900E+02	0.0000E+00	0.0000E+00	1.9988E+00
7.4000E+02	0.0000E+00	0.0000E+00	1.9958E+00
7.4100E+02	0.0000E+00	0.0000E+00	1.9893E+00
7.4200E+02	0.0000E+00	0.0000E+00	1.9913E+00
7.4300E+02	0.0000E+00	0.0000E+00	1.9850E+00
7.4400E+02	0.0000E+00	0.0000E+00	1.9805E+00
7.4500E+02	0.0000E+00	0.0000E+00	1.9813E+00
7.4600E+02	0.0000E+00	0.0000E+00	1.9798E+00
7.4700E+02	0.0000E+00	0.0000E+00	1.9728E+00
7.4800E+02	0.0000E+00	0.0000E+00	1.9726E+00
7.4900E+02	0.0000E+00	0.0000E+00	1.9738E+00
7.5000E+02	0.0000E+00	0.0000E+00	1.9700E+00
7.5100E+02	0.0000E+00	0.0000E+00	1.9772E+00
7.5200E+02	0.0000E+00	0.0000E+00	1.9764E+00
7.5300E+02	0.0000E+00	0.0000E+00	1.9760E+00
7.5400E+02	0.0000E+00	0.0000E+00	1.9754E+00
7.5500E+02	0.0000E+00	0.0000E+00	1.9770E+00
7.5600E+02	0.0000E+00	0.0000E+00	1.9747E+00
7.5700E+02	0.0000E+00	0.0000E+00	1.9769E+00
7.5800E+02	0.0000E+00	0.0000E+00	1.9745E+00
7.5900E+02	0.0000E+00	0.0000E+00	1.9848E+00
7.6000E+02	0.0000E+00	0.0000E+00	1.9857E+00
7.6100E+02	0.0000E+00	0.0000E+00	1.9866E+00
7.6200E+02	0.0000E+00	0.0000E+00	1.9868E+00
7.6300E+02	0.0000E+00	0.0000E+00	1.9805E+00
7.6400E+02	0.0000E+00	0.0000E+00	1.9789E+00
7.6500E+02	0.0000E+00	0.0000E+00	1.9727E+00
7.6600E+02	0.0000E+00	0.0000E+00	1.9654E+00
7.6700E+02	0.0000E+00	0.0000E+00	1.9573E+00
7.6800E+02	0.0000E+00	0.0000E+00	1.9531E+00
7.6900E+02	0.0000E+00	0.0000E+00	1.9464E+00
7.7000E+02	0.0000E+00	0.0000E+00	1.9432E+00
7.7100E+02	0.0000E+00	0.0000E+00	1.9399E+00
7.7200E+02	0.0000E+00	0.0000E+00	1.9338E+00
7.7300E+02	0.0000E+00	0.0000E+00	1.9343E+00
7.7400E+02	0.0000E+00	0.0000E+00	1.9328E+00
7.7500E+02	0.0000E+00	0.0000E+00	1.9317E+00
7.7600E+02	0.0000E+00	0.0000E+00	1.9281E+00
7.7700E+02	0.0000E+00	0.0000E+00	1.9281E+00
7.7800E+02	0.0000E+00	0.0000E+00	1.9287E+00
7.7900E+02	0.0000E+00	0.0000E+00	1.9328E+00
7.8000E+02	0.0000E+00	0.0000E+00	1.9356E+00
7.8100E+02	0.0000E+00	0.0000E+00	1.9335E+00
7.8200E+02	0.0000E+00	0.0000E+00	1.9326E+00
7.8300E+02	0.0000E+00	0.0000E+00	1.9323E+00
7.8400E+02	0.0000E+00	0.0000E+00	1.9342E+00
7.8500E+02	0.0000E+00	0.0000E+00	1.9260E+00
7.8600E+02	0.0000E+00	0.0000E+00	1.9268E+00
7.8700E+02	0.0000E+00	0.0000E+00	1.9280E+00
7.8800E+02	0.0000E+00	0.0000E+00	1.9214E+00
7.8900E+02	0.0000E+00	0.0000E+00	1.9182E+00
7.9000E+02	0.0000E+00	0.0000E+00	1.9167E+00
7.9100E+02	0.0000E+00	0.0000E+00	1.9181E+00
7.9200E+02	0.0000E+00	0.0000E+00	1.9197E+00
7.9300E+02	0.0000E+00	0.0000E+00	1.9113E+00
7.9400E+02	0.0000E+00	0.0000E+00	1.9064E+00
7.9500E+02	0.0000E+00	0.0000E+00	1.9081E+00
7.9600E+02	0.0000E+00	0.0000E+00	1.9008E+00
7.9700E+02	0.0000E+00	0.0000E+00	1.8972E+00
7.9800E+02	0.0000E+00	0.0000E+00	1.9022E+00
7.9900E+02	0.0000E+00	0.0000E+00	1.9004E+00
8.0000E+02	0.0000E+00	0.0000E+00	1.8988E+00
8.0100E+02	0.0000E+00	0.0000E+00	1.8962E+00
8.0200E+02	0.0000E+00	0.0000E+00	1.8953E+00
8.0300E+02	0.0000E+00	0.0000E+00	1.8946E+00
8.0400E+02	0.0000E+00	0.0000E+00	1.8952E+00
8.0500E+02	0.0000E+00	0.0000E+00	1.8916E+00
8.0600E+02	0.0000E+00	0.0000E+00	1.8899E+00
8.0700E+02	0.0000E+00	0.0000E+00	1.8872E+00
8.0800E+02	0.0000E+00	0.0000E+00	1.8877E+00
8.0900E+02	0.0000E+00	0.0000E+00	1.8894E+00
8.1000E+02	0.0000E+00	0.0000E+00	1.8888E+00
8.1100E+02	0.0000E+00	0.0000E+00	1.8896E+00
8.1200E+02	0.0000E+00	0.0000E+00	1.8917E+00
8.1300E+02	0.0000E+00	0.0000E+00	1.8847E+00
8.1400E+02	0.0000E+00	0.0000E+00	1.8853E+00
8.1500E+02	0.0000E+00	0.0000E+00	1.8858E+00
8.1600E+02	0.0000E+00	0.0000E+00	1.8847E+00
8.1700E+02	0.0000E+00	0.0000E+00	1.8842E+00
8.1800E+02	0.0000E+00	0.0000E+00	1.8841E+00
8.1900E+02	0.0000E+00	0.0000E+00	1.8824E+00
8.2000E+02	0.0000E+00	0.0000E+00	1.8811E+00
8.2100E+02	0.0000E+00	0.0000E+00	1.8747E+00
8.2200E+02	0.0000E+00	0.0000E+00	1.8733E+00
8.2300E+02	0.0000E+00	0.0000E+00	1.8756E+00
8.2400E+02	0.0000E+00	0.0000E+00	1.8754E+00
8.2500E+02	0.0000E+00	0.0000E+00	1.8760E+00
8.2600E+02	0.0000E+00	0.0000E+00	1.8729E+00
8.2700E+02	0.0000E+00	0.0000E+00	1.8742E+00
8.2800E+02	0.0000E+00	0.0000E+00	1.8715E+00
8.2900E+02	0.0000E+00	0.0000E+00	1.8695E+00
8.3000E+02	0.0000E+00	0.0000E+00	1.8684E+00
8.3100E+02	0.0000E+00	0.0000E+00	1.8660E+00
8.3200E+02	0.0000E+00	0.0000E+00	1.8709E+00
8.3300E+02	0.0000E+00	0.0000E+00	1.8771E+00
8.3400E+02	0.0000E+00	0.0000E+00	1.8807E+00
8.3500E+02	0.0000E+00	0.0000E+00	1.8857E+00
8.3600E+02	0.0000E+00	0.0000E+00	1.8945E+00
8.3700E+02	0.0000E+00	0.0000E+00	1.8872E+00
8.3800E+02	0.0000E+00	0.0000E+00	1.8824E+00
8.3900E+02	0.0000E+00	0.0000E+00	1.8811E+00
8.4000E+02	0.0000E+00	0.0000E+00	1.8770E+00
8.4100E+02	0.0000E+00	0.0000E+00	1.8725E+00
8.4200E+02	0.0000E+00	0.0000E+00	1.8678E+00
8.4300E+02	0.0000E+00	0.0000E+00	1.8668E+00
8.4400E+02	0.0000E+00	0.0000E+00	1.8653E+00
8.4500E+02	0.0000E+00	0.0000E+00	1.8597E+00
8.4600E+02	0.0000E+00	0.0000E+00	1.8549E+00
8.4700E+02	0.0000E+00	0.0000E+00	1.8563E+00
8.4800E+02	0.0000E+00	0.0000E+00	1.8572E+00
8.4900E+02	0.0000E+00	0.0000E+00	1.8557E+00
8.5000E+02	0.0000E+00	0.0000E+00	1.8571E+00
8.5100E+02	0.0000E+00	0.0000E+00	1.8572E+00
8.5200E+02	0.0000E+00	0.0000E+00	1.8574E+00
8.5300E+02	0.0000E+00	0.0000E+00	1.8580E+00
8.5400E+02	0.0000E+00	0.0000E+00	1.8579E+00
8.5500E+02	0.0000E+00	0.0000E+00	1.8536E+00
8.5600E+02	0.0000E+00	0.0000E+00	1.8553E+00
8.5700E+02	0.0000E+00	0.0000E+00	1.8595E+00
8.5800E+02	0.0000E+00	0.0000E+00	1.8606E+00
8.5900E+02	0.0000E+00	0.0000E+00	1.8684E+00
8.6000E+02	0.0000E+00	0.0000E+00	1.8733E+00
8.6100E+02	0.0000E+00	0.0000E+00	1.8747E+00
8.6200E+02	0.0000E+00	0.0000E+00	1.8783E+00
8.6300E+02	0.0000E+00	0.0000E+00	1.8784E+00
8.6400E+02	0.0000E+00	0.0000E+00	1.8820E+00
8.6500E+02	0.0000E+00	0.0000E+00	1.8800E+00
8.6600E+02	0.0000E+00	0.0000E+00	1.8786E+00
8.6700E+02	0.0000E+00	0.0000E+00	1.8726E+00
8.6800E+02	0.0000E+00	0.0000E+00	1.8754E+00
8.6900E+02	0.0000E+00	0.0000E+00	1.8728E+00
8.7000E+02	0.0000E+00	0.0000E+00	1.8668E+00
8.7100E+02	0.0000E+00	0.0000E+00	1.8627E+00
8.7200E+02	0.0000E+00	0.0000E+00	1.8645E+00
8.7300E+02	0.0000E+00	0.0000E+00	1.8615E+00
8.7400E+02	0.0000E+00	0.0000E+00	1.8655E+00
8.7500E+02	0.0000E+00	0.0000E+00	1.8660E+00
8.7600E+02	0.0000E+00	0.0000E+00	1.8645E+00
8.7700E+02	0.0000E+00	0.0000E+00	1.8650E+00
8.7800E+02	0.0000E+00	0.0000E+00	1.8593E+00
8.7900E+02	0.0000E+00	0.0000E+00	1.8618E+00
8.8000E+02	0.0000E+00	0.0000E+00	1.8640E+00
8.8100E+02	0.0000E+00	0.0000E+00	1.8693E+00
8.8200E+02	0.0000E+00	0.0000E+00	1.8772E+00
8.8300E+02	0.0000E+00	0.0000E+00	1.8861E+00
8.8400E+02	0.0000E+00	0.0000E+00	1.8929E+00
8.8500E+02	0.0000E+00	0.0000E+00	1.8993E+00
8.8600E+02	0.0000E+00	0.0000E+00	1.9051E+00
8.8700E+02	0.0000E+00	0.0000E+00	1.9127E+00
8.8800E+02	0.0000E+00	0.0000E+00	1.9129E+00
8.8900E+02	0.0000E+00	0.0000E+00	1.9176E+00
8.9000E+02	0.0000E+00	0.0000E+00	1.9163E+00
8.9100E+02	0.0000E+00	0.0000E+00	1.9099E+00
8.9200E+02	0.0000E+00	0.0000E+00	1.9077E+00
8.9300E+02	0.0000E+00	0.0000E+00	1.9104E+00
8.9400E+02	0.0000E+00	0.0000E+00	1.9042E+00
8.9500E+02	0.0000E+00	0.0000E+00	1.8999E+00
8.9600E+02	0.0000E+00	0.0000E+00	1.8998E+00
8.9700E+02	0.0000E+00	0.0000E+00	1.8970E+00
8.9800E+02	0.0000E+00	0.0000E+00	1.8990E+00
8.9900E+02	0.0000E+00	0.0000E+00	1.9024E+00
9.0000E+02	0.0000E+00	0.0000E+00	1.8355E+00
9.0100E+02	0.0000E+00	0.0000E+00	1.8371E+00
9.0200E+02	0.0000E+00	0.0000E+00	1.8376E+00
9.0300E+02	0.0000E+00	0.0000E+00	1.8375E+00
9.0400E+02	0.0000E+00	0.0000E+00	1.8411E+00
9.0500E+02	0.0000E+00	0.0000E+00	1.8484E+00
9.0600E+02	0.0000E+00	0.0000E+00	1.8529E+00
9.0700E+02	0.0000E+00	0.0000E+00	1.8532E+00
9.0800E+02	0.0000E+00	0.0000E+00	1.8608E+00
9.0900E+02	0.0000E+00	0.0000E+00	1.8635E+00
9.1000E+02	0.0000E+00	0.0000E+00	1.8686E+00
9.1100E+02	0.0000E+00	0.0000E+00	1.8683E+00
9.1200E+02	0.0000E+00	0.0000E+00	1.8653E+00
9.1300E+02	0.0000E+00	0.0000E+00	1.8675E+00
9.1400E+02	0.0000E+00	0.0000E+00	1.8650E+00
9.1500E+02	0.0000E+00	0.0000E+00	1.8632E+00
9.1600E+02	0.0000E+00	0.0000E+00	1.8631E+00
9.1700E+02	0.0000E+00	0.0000E+00	1.8580E+00
9.1800E+02	0.0000E+00	0.0000E+00	1.8565E+00
9.1900E+02	0.0000E+00	0.0000E+00	1.8554E+00
9.2000E+02	0.0000E+00	0.0000E+00	1.8564E+00
9.2100E+02	0.0000E+00	0.0000E+00	1.8582E+00
9.2200E+02	0.0000E+00	0.0000E+00	1.8561E+00
9.2300E+02	0.0000E+00	0.0000E+00	1.8542E+00
9.2400E+02	0.0000E+00	0.0000E+00	1.8498E+00
9.2500E+02	0.0000E+00	0.0000E+00	1.8477E+00
9.2600E+02	0.0000E+00	0.0000E+00	1.8486E+00
9.2700E+02	0.0000E+00	0.0000E+00	1.8479E+00
9.2800E+02	0.0000E+00	0.0000E+00	1.8431E+00
9.2900E+02	0.0000E+00	0.0000E+00	1.8449E+00
9.3000E+02	0.0000E+00	0.0000E+00	1.8479E+00
9.3100E+02	0.0000E+00	0.0000E+00	1.8509E+00
9.3200E+02	0.0000E+00	0.0000E+00	1.8524E+00
9.3300E+02	0.0000E+00	0.0000E+00	1.8550E+00
9.3400E+02	0.0000E+00	0.0000E+00	1.8545E+00
9.3500E+02	0.0000E+00	0.0000E+00	1.8545E+00
9.3600E+02	0.0000E+00	0.0000E+00	1.8552E+00
9.3700E+02	0.0000E+00	0.0000E+00	1.8564E+00
9.3800E+02	0.0000E+00	0.0000E+00	1.8581E+00
9.3900E+02	0.0000E+00	0.0000E+00	1.8547E+00
9.4000E+02	0.0000E+00	0.0000E+00	1.8553E+00
9.4100E+02	0.0000E+00	0.0000E+00	1.8521E+00
9.4200E+02	0.0000E+00	0.0000E+00	1.8470E+00
9.4300E+02	0.0000E+00	0.0000E+00	1.8433E+00
9.4400E+02	0.0000E+00	0.0000E+00	1.8405E+00
9.4500E+02	0.0000E+00	0.0000E+00	1.8444E+00
9.4600E+02	0.0000E+00	0.0000E+00	1.8445E+00
9.4700E+02	0.0000E+00	0.0000E+00	1.8456E+00
9.4800E+02	0.0000E+00	0.0000E+00	1.8430E+00
9.4900E+02	0.0000E+00	0.0000E+00	1.8430E+00
9.5000E+02	0.0000E+00	0.0000E+00	1.8411E+00
9.5100E+02	0.0000E+00	0.0000E+00	1.8437E+00
9.5200E+02	0.0000E+00	0.0000E+00	1.8378E+00
9.5300E+02	0.0000E+00	0.0000E+00	1.8359E+00
9.5400E+02	0.0000E+00	0.0000E+00	1.8388E+00
9.5500E+02	0.0000E+00	0.0000E+00	1.8399E+00
9.5600E+02	0.0000E+00	0.0000E+00	1.8396E+00
9.5700E+02	0.0000E+00	0.0000E+00	1.8421E+00
9.5800E+02	0.0000E+00	0.0000E+00	1.8401E+00
9.5900E+02	0.0000E+00	0.0000E+00	1.8435E+00
9.6000E+02	0.0000E+00	0.0000E+00	1.8423E+00
9.6100E+02	0.0000E+00	0.0000E+00	1.8446E+00
9.6200E+02	0.0000E+00	0.0000E+00	1.8463E+00
9.6300E+02	0.0000E+00	0.0000E+00	1.8462E+00
9.6400E+02	0.0000E+00	0.0000E+00	1.8433E+00
9.6500E+02	0.0000E+00	0.0000E+00	1.8426E+00
9.6600E+02	0.0000E+00	0.0000E+00	1.8399E+00
9.6700E+02	0.0000E+00	0.0000E+00	1.8421E+00
9.6800E+02	0.0000E+00	0.0000E+00	1.8410E+00
9.6900E+02	0.0000E+00	0.0000E+00	1.8383E+00
9.7000E+02	0.0000E+00	0.0000E+00	1.8376E+00
9.7100E+02	0.0000E+00	0.0000E+00	1.8409E+00
9.7200E+02	0.0000E+00	0.0000E+00	1.8399E+00
9.7300E+02	0.0000E+00	0.0000E+00	1.8407E+00
9.7400E+02	0.0000E+00	0.0000E+00	1.8393E+00
9.7500E+02	0.0000E+00	0.0000E+00	1.8399E+00
9.7600E+02	0.0000E+00	0.0000E+00	1.8363E+00
9.7700E+02	0.0000E+00	0.0000E+00	1.8372E+00
9.7800E+02	0.0000E+00	0.0000E+00	1.8393E+00
9.7900E+02	0.0000E+00	0.0000E+00	1.8472E+00
9.8000E+02	0.0000E+00	0.0000E+00	1.8503E+00
9.8100E+02	0.0000E+00	0.0000E+00	1.8546E+00
9.8200E+02	0.0000E+00	0.0000E+00	1.8606E+00
9.8300E+02	0.0000E+00	0.0000E+00	1.8600E+00
9.8400E+02	0.0000E+00	0.0000E+00	1.8586E+00
9.8500E+02	0.0000E+00	0.0000E+00	1.8524E+00
9.8600E+02	0.0000E+00	0.0000E+00	1.8486E+00
9.8700E+02	0.0000E+00	0.0000E+00	1.8488E+00
9.8800E+02	0.0000E+00	0.0000E+00	1.8442E+00
9.8900E+02	0.0000E+00	0.0000E+00	1.8469E+00
9.9000E+02	0.0000E+00	0.0000E+00	1.8395E+00
9.9100E+02	0.0000E+00	0.0000E+00	1.8369E+00
9.9200E+02	0.0000E+00	0.0000E+00	1.8346E+00
9.9300E+02	0.0000E+00	0.0000E+00	1.8375E+00
9.9400E+02	0.0000E+00	0.0000E+00	1.8377E+00
9.9500E+02	0.0000E+00	0.0000E+00	1.8404E+00
9.9600E+02	0.0000E+00	0.0000E+00	1.8341E+00
9.9700E+02	0.0000E+00	0.0000E+00	1.8323E+00
9.9800E+02	0.0000E+00	0.0000E+00	1.8305E+00
9.9900E+02	0.0000E+00	0.0000E+00	1.8351E+00
1.0000E+03	0.0000E+00	0.0000E+00	1.8340E+00
1.0010E+03	0.0000E+00	0.0000E+00	1.8460E+00
1.0020E+03	0.0000E+00	0.0000E+00	1.8522E+00
1.0030E+03	0.0000E+00	0.0000E+00	1.8660E+00
1.0040E+03	0.0000E+00	0.0000E+00	1.8789E+00
1.0050E+03	0.0000E+00	0.0000E+00	1.8885E+00
1.0060E+03	0.0000E+00	0.0000E+00	1.8978E+00
1.0070E+03	0.0000E+00	0.0000E+00	1.9021E+00
1.0080E+03	0.0000E+00	0.0000E+00	1.9042E+00
1.0090E+03	0.0000E+00	0.0000E+00	1.9055E+00
1.0100E+03	0.0000E+00	0.0000E+00	1.9038E+00
1.0110E+03	0.0000E+00	0.0000E+00	1.8996E+00
1.0120E+03	0.0000E+00	0.0000E+00	1.8956E+00
1.0130E+03	0.0000E+00	0.0000E+00	1.8917E+00
1.0140E+03	0.0000E+00	0.0000E+00	1.8902E+00
1.0150E+03	0.0000E+00	0.0000E+00	1.8889E+00
1.0160E+03	0.0000E+00	0.0000E+00	1.8876E+00
1.0170E+03	0.0000E+00	0.0000E+00	1.8857E+00
1.0180E+03	0.0000E+00	0.0000E+00	1.8860E+00
1.0190E+03	0.0000E+00	0.0000E+00	1.8851E+00
1.0200E+03	0.0000E+00	0.0000E+00	1.8829E+00
1.0210E+03	0.0000E+00	0.0000E+00	1.8838E+00
1.0220E+03	0.0000E+00	0.0000E+00	1.8842E+00
1.0230E+03	0.0000E+00	0.0000E+00	1.8825E+00
1.0240E+03	0.0000E+00	0.0000E+00	1.8845E+00
1.0250E+03	0.0000E+00	0.0000E+00	1.8983E+00
1.0260E+03	0.0000E+00	0.0000E+00	1.9036E+00
1.0270E+03	0.0000E+00	0.0000E+00	1.9098E+00
1.0280E+03	0.0000E+00	0.0000E+00	1.9208E+00
1.0290E+03	0.0000E+00	0.0000E+00	1.9291E+00
1.0300E+03	0.0000E+00	0.0000E+00	1.9353E+00
1.0310E+03	0.0000E+00	0.0000E+00	1.9392E+00
1.0320E+03	0.0000E+00	0.0000E+00	1.9417E+00
1.0330E+03	0.0000E+00	0.0000E+00	1.9398E+00
1.0340E+03	0.0000E+00	0.0000E+00	1.9374E+00
1.0350E+03	0.0000E+00	0.0000E+00	1.9332E+00
1.0360E+03	0.0000E+00	0.0000E+00	1.9316E+00
1.0370E+03	0.0000E+00	0.0000E+00	1.9259E+00
1.0380E+03	0.0000E+00	0.0000E+00	1.9282E+00
1.0390E+03	0.0000E+00	0.0000E+00	1.9230E+00
1.0400E+03	0.0000E+00	0.0000E+00	1.9262E+00
1.0410E+03	0.0000E+00	0.0000E+00	1.9234E+00
1.0420E+03	0.0000E+00	0.0000E+00	1.9212E+00
1.0430E+03	0.0000E+00	0.0000E+00	1.9182E+00
1.0440E+03	0.0000E+00	0.0000E+00	1.9194E+00
1.0450E+03	0.0000E+00	0.0000E+00	1.9125E+00
1.0460E+03	0.0000E+00	0.0000E+00	1.9206E+00
1.0470E+03	0.0000E+00	0.0000E+00	1.9260E+00
1.0480E+03	0.0000E+00	0.0000E+00	1.9294E+00
1.0490E+03	0.0000E+00	0.0000E+00	1.9362E+00
1.0500E+03	0.0000E+00	0.0000E+00	1.9497E+00
1.0510E+03	0.0000E+00	0.0000E+00	1.9727E+00
1.0520E+03	0.0000E+00	0.0000E+00	2.0007E+00
1.0530E+03	0.0000E+00	0.0000E+00	2.0236E+00
1.0540E+03	0.0000E+00	0.0000E+00	2.0346E+00
1.0550E+03	0.0000E+00	0.0000E+00	2.0410E+00
1.0560E+03	0.0000E+00	0.0000E+00	2.0437E+00
1.0570E+03	0.0000E+00	0.0000E+00	2.0408E+00
1.0580E+03	0.0000E+00	0.0000E+00	2.0411E+00
1.0590E+03	0.0000E+00	0.0000E+00	2.0384E+00
1.0600E+03	0.0000E+00	0.0000E+00	2.0371E+00
1.0610E+03	0.0000E+00	0.0000E+00	2.0324E+00
1.0620E+03	0.0000E+00	0.0000E+00	2.0358E+00
1.0630E+03	0.0000E+00	0.0000E+00	2.0261E+00
1.0640E+03	0.0000E+00	0.0000E+00	2.0228E+00
1.0650E+03	0.0000E+00	0.0000E+00	2.0205E+00
1.0660E+03	0.0000E+00	0.0000E+00	2.0237E+00
1.0670E+03	0.0000E+00	0.0000E+00	2.0181E+00
1.0680E+03	0.0000E+00	0.0000E+00	2.0148E+00
1.0690E+03	0.0000E+00	0.0000E+00	2.0167E+00
1.0700E+03	0.0000E+00	0.0000E+00	2.0175E+00
1.0710E+03	0.0000E+00	0.0000E+00	2.0200E+00
1.0720E+03	0.0000E+00	0.0000E+00	2.0187E+00
1.0730E+03	0.0000E+00	0.0000E+00	2.0372E+00
1.0740E+03	0.0000E+00	0.0000E+00	2.0384E+00
1.0750E+03	0.0000E+00	0.0000E+00	2.0471E+00
1.0760E+03	0.0000E+00	0.0000E+00	2.0635E+00
1.0770E+03	0.0000E+00	0.0000E+00	2.0694E+00
1.0780E+03	0.0000E+00	0.0000E+00	2.0770E+00
1.0790E+03	0.0000E+00	0.0000E+00	2.0815E+00
1.0800E+03	0.0000E+00	0.0000E+00	2.0877E+00
1.0810E+03	0.0000E+00	0.0000E+00	2.0852E+00
1.0820E+03	0.0000E+00	0.0000E+00	2.0843E+00
1.0830E+03	0.0000E+00	0.0000E+00	2.0797E+00
1.0840E+03	0.0000E+00	0.0000E+00	2.0828E+00
1.0850E+03	0.0000E+00	0.0000E+00	2.0776E+00
1.0860E+03	0.0000E+00	0.0000E+00	2.0774E+00
1.0870E+03	0.0000E+00	0.0000E+00	2.0739E+00
1.0880E+03	0.0000E+00	0.0000E+00	2.0695E+00
1.0890E+03	0.0000E+00	0.0000E+00	2.0632E+00
1.0900E+03	0.0000E+00	0.0000E+00	2.0625E+00
1.0910E+03	0.0000E+00	0.0000E+00	2.0592E+00
1.0920E+03	0.0000E+00	0.0000E+00	2.0609E+00
1.0930E+03	0.0000E+00	0.0000E+00	2.0566E+00
1.0940E+03	0.0000E+00	0.0000E+00	2.0553E+00
1.0950E+03	0.0000E+00	0.0000E+00	2.0595E+00
1.0960E+03	0.0000E+00	0.0000E+00	2.0602E+00
1.0970E+03	0.0000E+00	0.0000E+00	2.0620E+00
1.0980E+03	0.0000E+00	0.0000E+00	2.0694E+00
1.0990E+03	0.0000E+00	0.0000E+00	2.0818E+00
1.1000E+03	0.0000E+00	0.0000E+00	2.0896E+00
1.1010E+03	0.0000E+00	0.0000E+00	2.0999E+00
1.1020E+03	0.0000E+00	0.0000E+00	2.1051E+00
1.1030E+03	0.0000E+00	0.0000E+00	2.1061E+00
1.1040E+03	0.0000E+00	0.0000E+00	2.1152E+00
1.1050E+03	0.0000E+00	0.0000E+00	2.1097E+00
1.1060E+03	0.0000E+00	0.0000E+00	2.1118E+00
1.1070E+03	0.0000E+00	0.0000E+00	2.0995E+00
1.1080E+03	0.0000E+00	0.0000E+00	2.1021E+00
1.1090E+03	0.0000E+00	0.0000E+00	2.1019E+00
1.1100E+03	0.0000E+00	0.0000E+00	2.0933E+00
1.1110E+03	0.0000E+00	0.0000E+00	2.0882E+00
1.1120E+03	0.0000E+00	0.0000E+00	2.0896E+00
1.1130E+03	0.0000E+00	0.0000E+00	2.0880E+00
1.1140E+03	0.0000E+00	0.0000E+00	2.0837E+00
1.1150E+03	0.0000E+00	0.0000E+00	2.0832E+00
1.1160E+03	0.0000E+00	0.0000E+00	2.0786E+00
1.1170E+03	0.0000E+00	0.0000E+00	2.0794E+00
1.1180E+03	0.0000E+00	0.0000E+00	2.0793E+00
1.1190E+03	0.0000E+00	0.0000E+00	2.0739E+00
1.1200E+03	0.0000E+00	0.0000E+00	2.0820E+00
1.1210E+03	0.0000E+00	0.0000E+00	2.0824E+00
1.1220E+03	0.0000E+00	0.0000E+00	2.0868E+00
1.1230E+03	0.0000E+00	0.0000E+00	2.1015E+00
1.1240E+03	0.0000E+00	0.0000E+00	2.1227E+00
1.1250E+03	0.0000E+00	0.0000E+00	2.1321E+00
1.1260E+03	0.0000E+00	0.0000E+00	2.1469E+00
1.1270E+03	0.0000E+00	0.0000E+00	2.1452E+00
1.1280E+03	0.0000E+00	0.0000E+00	2.1499E+00
1.1290E+03	0.0000E+00	0.0000E+00	2.1465E+00
1.1300E+03	0.0000E+00	0.0000E+00	2.1514E+00
1.1310E+03	0.0000E+00	0.0000E+00	2.1430E+00
1.1320E+03	0.0000E+00	0.0000E+00	2.1415E+00
1.1330E+03	0.0000E+00	0.0000E+00	2.1420E+00
1.1340E+03	0.0000E+00	0.0000E+00	2.1382E+00
1.1350E+03	0.0000E+00	0.0000E+00	2.1386E+00
1.1360E+03	0.0000E+00	0.0000E+00	2.1310E+00
1.1370E+03	0.0000E+00	0.0000E+00	2.1242E+00
1.1380E+03	0.0000E+00	0.0000E+00	2.1247E+00
1.1390E+03	0.0000E+00	0.0000E+00	2.1199E+00
1.1400E+03	0.0000E+00	0.0000E+00	2.1167E+00
1.1410E+03	0.0000E+00	0.0000E+00	2.1123E+00
1.1420E+03	0.0000E+00	0.0000E+00	2.1075E+00
1.1430E+03	0.0000E+00	0.0000E+00	2.1089E+00
1.1440E+03	0.0000E+00	0.0000E+00	2.1121E+00
1.1450E+03	0.0000E+00	0.0000E+00	2.1218E+00
1.1460E+03	0.0000E+00	0.0000E+00	2.1373E+00
1.1470E+03	0.0000E+00	0.0000E+00	2.1774E+00
1.1480E+03	0.0000E+00	0.0000E+00	2.1914E+00
1.1490E+03	0.0000E+00	0.0000E+00	2.2187E+00
1.1500E+03	0.0000E+00	0.0000E+00	2.2256E+00
1.1510E+03	0.0000E+00	0.0000E+00	2.2419E+00
1.1520E+03	0.0000E+00	0.0000E+00	2.2482E+00
1.1530E+03	0.0000E+00	0.0000E+00	2.2561E+00
1.1540E+03	0.0000E+00	0.0000E+00	2.2572E+00
1.1550E+03	0.0000E+00	0.0000E+00	2.2665E+00
1.1560E+03	0.0000E+00	0.0000E+00	2.2682E+00
1.1570E+03	0.0000E+00	0.0000E+00	2.2724E+00
1.1580E+03	0.0000E+00	0.0000E+00	2.2698E+00
1.1590E+03	0.0000E+00	0.0000E+00	2.2600E+00
1.1600E+03	0.0000E+00	0.0000E+00	2.2653E+00
1.1610E+03	0.0000E+00	0.0000E+00	2.2529E+00
1.1620E+03	0.0000E+00	0.0000E+00	2.2532E+00
1.1630E+03	0.0000E+00	0.0000E+00	2.2405E+00
1.1640E+03	0.0000E+00	0.0000E+00	2.2338E+00
1.1650E+03	0.0000E+00	0.0000E+00	2.2367E+00
1.1660E+03	0.0000E+00	0.0000E+00	2.2235E+00
1.1670E+03	0.0000E+00	0.0000E+00	2.2225E+00
1.1680E+03	0.0000E+00	0.0000E+00	2.2287E+00
1.1690E+03	0.0000E+00	0.0000E+00	2.2272E+00
1.1700E+03	0.0000E+00	0.0000E+00	2.2424E+00
1.1710E+03	0.0000E+00	0.0000E+00	2.2510E+00
1.1720E+03	0.0000E+00	0.0000E+00	2.2698E+00
1.1730E+03	0.0000E+00	0.0000E+00	2.2881E+00
1.1740E+03	0.0000E+00	0.0000E+00	2.3049E+00
1.1750E+03	0.0000E+00	0.0000E+00	2.3164E+00
1.1760E+03	0.0000E+00	0.0000E+00	2.3293E+00
1.1770E+03	0.0000E+00	0.0000E+00	2.3335E+00
1.1780E+03	0.0000E+00	0.0000E+00	2.3441E+00
1.1790E+03	0.0000E+00	0.0000E+00	2.3504E+00
1.1800E+03	0.0000E+00	0.0000E+00	2.3540E+00
1.1810E+03	0.0000E+00	0.0000E+00	2.3435E+00
1.1820E+03	0.0000E+00	0.0000E+00	2.3372E+00
1.1830E+03	0.0000E+00	0.0000E+00	2.3408E+00
1.1840E+03	0.0000E+00	0.0000E+00	2.3385E+00
1.1850E+03	0.0000E+00	0.0000E+00	2.3319E+00
1.1860E+03	0.0000E+00	0.0000E+00	2.3224E+00
1.1870E+03	0.0000E+00	0.0000E+00	2.3212E+00
1.1880E+03	0.0000E+00	0.0000E+00	2.3110E+00
1.1890E+03	0.0000E+00	0.0000E+00	2.3028E+00
1.1900E+03	0.0000E+00	0.0000E+00	2.2972E+00
1.1910E+03	0.0000E+00	0.0000E+00	2.2895E+00
1.1920E+03	0.0000E+00	0.0000E+00	2.2838E+00
1.1930E+03	0.0000E+00	0.0000E+00	2.2880E+00
1.1940E+03	0.0000E+00	0.0000E+00	2.2887E+00
1.1950E+03	0.0000E+00	0.0000E+00	2.2945E+00
1.1960E+03	0.0000E+00	0.0000E+00	2.3052E+00
1.1970E+03	0.0000E+00	0.0000E+00	2.3164E+00
1.1980E+03	0.0000E+00	0.0000E+00	2.3164E+00
1.1990E+03	0.0000E+00	0.0000E+00	2.3304E+00
1.2000E+03	0.0000E+00	0.0000E+00	2.3365E+00
1.2010E+03	0.0000E+00	0.0000E+00	2.3355E+00
1.2020E+03	0.0000E+00	0.0000E+00	2.3429E+00
1.2030E+03	0.0000E+00	0.0000E+00	2.3493E+00
1.2040E+03	0.0000E+00	0.0000E+00	2.3560E+00
1.2050E+03	0.0000E+00	0.0000E+00	2.3500E+00
1.2060E+03	0.0000E+00	0.0000E+00	2.3556E+00
1.2070E+03	0.0000E+00	0.0000E+00	2.3403E+00
1.2080E+03	0.0000E+00	0.0000E+00	2.3444E+00
1.2090E+03	0.0000E+00	0.0000E+00	2.3403E+00
1.2100E+03	0.0000E+00	0.0000E+00	2.3262E+00
1.2110E+03	0.0000E+00	0.0000E+00	2.3205E+00
1.2120E+03	0.0000E+00	0.0000E+00	2.3196E+00
1.2130E+03	0.0000E+00	0.0000E+00	2.3048E+00
1.2140E+03	0.0000E+00	0.0000E+00	2.3013E+00
1.2150E+03	0.0000E+00	0.0000E+00	2.2901E+00
1.2160E+03	0.0000E+00	0.0000E+00	2.2951E+00
1.2170E+03	0.0000E+00	0.0000E+00	2.2966E+00
1.2180E+03	0.0000E+00	0.0000E+00	2.2975E+00
1.2190E+03	0.0000E+00	0.0000E+00	2.3131E+00
1.2200E+03	0.0000E+00	0.0000E+00	2.3234E+00
1.2210E+03	0.0000E+00	0.0000E+00	2.3404E+00
1.2220E+03	0.0000E+00	0.0000E+00	2.3547E+00
1.2230E+03	0.0000E+00	0.0000E+00	2.3661E+00
1.2240E+03	0.0000E+00	0.0000E+00	2.3841E+00
1.2250E+03	0.0000E+00	0.0000E+00	2.3895E+00
1.2260E+03	0.0000E+00	0.0000E+00	2.4028E+00
1.2270E+03	0.0000E+00	0.0000E+00	2.4105E+00
1.2280E+03	0.0000E+00	0.0000E+00	2.4107E+00
1.2290E+03	0.0000E+00	0.0000E+00	2.4119E+00
1.2300E+03	0.0000E+00	0.0000E+00	2.4036E+00
1.2310E+03	0.0000E+00	0.0000E+00	2.3986E+00
1.2320E+03	0.0000E+00	0.0000E+00	2.3916E+00
1.2330E+03	0.0000E+00	0.0000E+00	2.3853E+00
1.2340E+03	0.0000E+00	0.0000E+00	2.3736E+00
1.2350E+03	0.0000E+00	0.0000E+00	2.3708E+00
1.2360E+03	0.0000E+00	0.0000E+00	2.3509E+00
1.2370E+03	0.0000E+00	0.0000E+00	2.3553E+00
1.2380E+03	0.0000E+00	0.0000E+00	2.3434E+00
1.2390E+03	0.0000E+00	0.0000E+00	2.3273E+00
1.2400E+03	0.0000E+00	0.0000E+00	2.3286E+00
1.2410E+03	0.0000E+00	0.0000E+00	2.3209E+00
1.2420E+03	0.0000E+00	0.0000E+00	2.3164E+00
1.2430E+03	0.0000E+00	0.0000E+00	2.3272E+00
1.2440E+03	0.0000E+00	0.0000E+00	2.3195E+00
1.2450E+03	0.0000E+00	0.0000E+00	2.3288E+00
1.2460E+03	0.0000E+00	0.0000E+00	2.3354E+00
1.2470E+03	0.0000E+00	0.0000E+00	2.3450E+00
1.2480E+03	0.0000E+00	0.0000E+00	2.3505E+00
1.2490E+03	0.0000E+00	0.0000E+00	2.3519E+00
1.2500E+03	0.0000E+00	0.0000E+00	2.3528E+00
1.2510E+03	0.0000E+00	0.0000E+00	2.3480E+00
1.2520E+03	0.0000E+00	0.0000E+00	2.3529E+00
1.2530E+03	0.0000E+00	0.0000E+00	2.3471E+00
1.2540E+03	0.0000E+00	0.0000E+00	2.3484E+00
1.2550E+03	0.0000E+00	0.0000E+00	2.3409E+00
1.2560E+03	0.0000E+00	0.0000E+00	2.3376E+00
1.2570E+03	0.0000E+00	0.0000E+00	2.3251E+00
1.2580E+03	0.0000E+00	0.0000E+00	2.3288E+00
1.2590E+03	0.0000E+00	0.0000E+00	2.3123E+00
1.2600E+03	0.0000E+00	0.0000E+00	2.3084E+00
1.2610E+03	0.0000E+00	0.0000E+00	2.3042E+00
1.2620E+03	0.0000E+00	0.0000E+00	2.2953E+00
1.2630E+03	0.0000E+00	0.0000E+00	2.2810E+00
1.2640E+03	0.0000E+00	0.0000E+00	2.2771E+00
1.2650E+03	0.0000E+00	0.0000E+00	2.2782E+00
1.2660E+03	0.0000E+00	0.0000E+00	2.2797E+00
1.2670E+03	0.0000E+00	0.0000E+00	2.2833E+00
1.2680E+03	0.0000E+00	0.0000E+00	2.2876E+00
1.2690E+03	0.0000E+00	0.0000E+00	2.2987E+00
1.2700E+03	0.0000E+00	0.0000E+00	2.3073E+00
1.2710E+03	0.0000E+00	0.0000E+00	2.3071E+00
1.2720E+03	0.0000E+00	0.0000E+00	2.3216E+00
1.2730E+03	0.0000E+00	0.0000E+00	2.3302E+00
1.2740E+03	0.0000E+00	0.0000E+00	2.3242E+00
1.2750E+03	0.0000E+00	0.0000E+00	2.3331E+00
1.2760E+03	0.0000E+00	0.0000E+00	2.3308E+00
1.2770E+03	0.0000E+00	0.0000E+00	2.3330E+00
1.2780E+03	0.0000E+00	0.0000E+00	2.3262E+00
1.2790E+03	0.0000E+00	0.0000E+00	2.3219E+00
1.2800E+03	0.0000E+00	0.0000E+00	2.3150E+00
1.2810E+03	0.0000E+00	0.0000E+00	2.3091E+00
1.2820E+03	0.0000E+00	0.0000E+00	2.3069E+00
1.2830E+03	0.0000E+00	0.0000E+00	2.2891E+00
1.2840E+03	0.0000E+00	0.0000E+00	2.2919E+00
1.2850E+03	0.0000E+00	0.0000E+00	2.2825E+00
1.2860E+03	0.0000E+00	0.0000E+00	2.2747E+00
1.2870E+03	0.0000E+00	0.0000E+00	2.2617E+00
1.2880E+03	0.0000E+00	0.0000E+00	2.2582E+00
1.2890E+03	0.0000E+00	0.0000E+00	2.2456E+00
1.2900E+03	0.0000E+00	0.0000E+00	2.2513E+00
1.2910E+03	0.0000E+00	0.0000E+00	2.2584E+00
1.2920E+03	0.0000E+00	0.0000E+00	2.2663E+00
1.2930E+03	0.0000E+00	0.0000E+00	2.2761E+00
1.2940E+03	0.0000E+00	0.0000E+00	2.2812E+00
1.2950E+03	0.0000E+00	0.0000E+00	2.2897E+00
1.2960E+03	0.0000E+00	0.0000E+00	2.2985E+00
1.2970E+03	0.0000E+00	0.0000E+00	2.2978E+00
1.2980E+03	0.0000E+00	0.0000E+00	2.3101E+00
1.2990E+03	0.0000E+00	0.0000E+00	2.3099E+00
1.3000E+03	0.0000E+00	0.0000E+00	2.3133E+00
1.3010E+03	0.0000E+00	0.0000E+00	2.3095E+00
1.3020E+03	0.0000E+00	0.0000E+00	2.3097E+00
1.3030E+03	0.0000E+00	0.0000E+00	2.3002E+00
1.3040E+03	0.0000E+00	0.0000E+00	2.2981E+00
1.3050E+03	0.0000E+00	0.0000E+00	2.2880E+00
1.3060E+03	0.0000E+00	0.0000E+00	2.2837E+00
1.3070E+03	0.0000E+00	0.0000E+00	2.2842E+00
1.3080E+03	0.0000E+00	0.0000E+00	2.2714E+00
1.3090E+03	0.0000E+00	0.0000E+00	2.2674E+00
1.3100E+03	0.0000E+00	0.0000E+00	2.2584E+00
1.3110E+03	0.0000E+00	0.0000E+00	2.2556E+00
1.3120E+03	0.0000E+00	0.0000E+00	2.2437E+00
1.3130E+03	0.0000E+00	0.0000E+00	2.2419E+00
1.3140E+03	0.0000E+00	0.0000E+00	2.2465E+00
1.3150E+03	0.0000E+00	0.0000E+00	2.2542E+00
1.3160E+03	0.0000E+00	0.0000E+00	2.2703E+00
1.3170E+03	0.0000E+00	0.0000E+00	2.2834E+00
1.3180E+03	0.0000E+00	0.0000E+00	2.3006E+00
1.3190E+03	0.0000E+00	0.0000E+00	2.3123E+00
1.3200E+03	0.0000E+00	0.0000E+00	2.3201E+00
1.3210E+03	0.0000E+00	0.0000E+00	2.3322E+00
1.3220E+03	0.0000E+00	0.0000E+00	2.3497E+00
1.3230E+03	0.0000E+00	0.0000E+00	2.3534E+00
1.3240E+03	0.0000E+00	0.0000E+00	2.3627E+00
1.3250E+03	0.0000E+00	0.0000E+00	2.3676E+00
1.3260E+03	0.0000E+00	0.0000E+00	2.3612E+00
1.3270E+03	0.0000E+00	0.0000E+00	2.3626E+00
1.3280E+03	0.0000E+00	0.0000E+00	2.3665E+00
1.3290E+03	0.0000E+00	0.0000E+00	2.3598E+00
1.3300E+03	0.0000E+00	0.0000E+00	2.3534E+00
1.3310E+03	0.0000E+00	0.0000E+00	2.3462E+00
1.3320E+03	0.0000E+00	0.0000E+00	2.3407E+00
1.3330E+03	0.0000E+00	0.0000E+00	2.3274E+00
1.3340E+03	0.0000E+00	0.0000E+00	2.3186E+00
1.3350E+03	0.0000E+00	0.0000E+00	2.3156E+00
1.3360E+03	0.0000E+00	0.0000E+00	2.3049E+00
1.3370E+03	0.0000E+00	0.0000E+00	2.3045E+00
1.3380E+03	0.0000E+00	0.0000E+00	2.2979E+00
1.3390E+03	0.0000E+00	0.0000E+00	2.3099E+00
1.3400E+03	0.0000E+00	0.0000E+00	2.3161E+00
1.3410E+03	0.0000E+00	0.0000E+00	2.3213E+00
1.3420E+03	0.0000E+00	0.0000E+00	2.3387E+00
1.3430E+03	0.0000E+00	0.0000E+00	2.3532E+00
1.3440E+03	0.0000E+00	0.0000E+00	2.3682E+00
1.3450E+03	0.0000E+00	0.0000E+00	2.3866E+00
1.3460E+03	0.0000E+00	0.0000E+00	2.4004E+00
1.3470E+03	0.0000E+00	0.0000E+00	2.4086E+00
1.3480E+03	0.0000E+00	0.0000E+00	2.4167E+00
1.3490E+03	0.0000E+00	0.0000E+00	2.4254E+00
1.3500E+03	0.0000E+00	0.0000E+00	2.4322E+00
1.3510E+03	0.0000E+00	0.0000E+00	2.4327E+00
1.3520E+03	0.0000E+00	0.0000E+00	2.4270E+00
1.3530E+03	0.0000E+00	0.0000E+00	2.4241E+00
1.3540E+03	0.0000E+00	0.0000E+00	2.4227E+00
1.3550E+03	0.0000E+00	0.0000E+00	2.4198E+00
1.3560E+03	0.0000E+00	0.0000E+00	2.4131E+00
1.3570E+03	0.0000E+00	0.0000E+00	2.4084E+00
1.3580E+03	0.0000E+00	0.0000E+00	2.3963E+00
1.3590E+03	0.0000E+00	0.0000E+00	2.3882E+00
1.3600E+03	0.0000E+00	0.0000E+00	2.3805E+00
1.3610E+03	0.0000E+00	0.0000E+00	2.3709E+00
1.3620E+03	0.0000E+00	0.0000E+00	2.3654E+00
1.3630E+03	0.0000E+00	0.0000E+00	2.3611E+00
1.3640E+03	0.0000E+00	0.0000E+00	2.3656E+00
1.3650E+03	0.0000E+00	0.0000E+00	2.3714E+00
1.3660E+03	0.0000E+00	0.0000E+00	2.3827E+00
1.3670E+03	0.0000E+00	0.0000E+00	2.4032E+00
1.3680E+03	0.0000E+00	0.0000E+00	2.4146E+00
1.3690E+03	0.0000E+00	0.0000E+00	2.4323E+00
1.3700E+03	0.0000E+00	0.0000E+00	2.4408E+00
1.3710E+03	0.0000E+00	0.0000E+00	2.4450E+00
1.3720E+03	0.0000E+00	0.0000E+00	2.4388E+00
1.3730E+03	0.0000E+00	0.0000E+00	2.4468E+00
1.3740E+03	0.0000E+00	0.0000E+00	2.4388E+00
1.3750E+03	0.0000E+00	0.0000E+00	2.4356E+00
1.3760E+03	0.0000E+00	0.0000E+00	2.4312E+00
1.3770E+03	0.0000E+00	0.0000E+00	2.4175E+00
1.3780E+03	0.0000E+00	0.0000E+00	2.4071E+00
1.3790E+03	0.0000E+00	0.0000E+00	2.4066E+00
1.3800E+03	0.0000E+00	0.0000E+00	2.3970E+00
1.3810E+03	0.0000E+00	0.0000E+00	2.3894E+00
1.3820E+03	0.0000E+00	0.0000E+00	2.3849E+00
1.3830E+03	0.0000E+00	0.0000E+00	2.3686E+00
1.3840E+03	0.0000E+00	0.0000E+00	2.3654E+00
1.3850E+03	0.0000E+00	0.0000E+00	2.3553E+00
1.3860E+03	0.0000E+00	0.0000E+00	2.3450E+00
1.3870E+03	0.0000E+00	0.0000E+00	2.3440E+00
1.3880E+03	0.0000E+00	0.0000E+00	2.3383E+00
1.3890E+03	0.0000E+00	0.0000E+00	2.3380E+00
1.3900E+03	0.0000E+00	0.0000E+00	2.3511E+00
1.3910E+03	0.0000E+00	0.0000E+00	2.3642E+00
1.3920E+03	0.0000E+00	0.0000E+00	2.3639E+00
1.3930E+03	0.0000E+00	0.0000E+00	2.3747E+00
1.3940E+03	0.0000E+00	0.0000E+00	2.3830E+00
1.3950E+03	0.0000E+00	0.0000E+00	2.3854E+00
1.3960E+03	0.0000E+00	0.0000E+00	2.3908E+00
1.3970E+03	0.0000E+00	0.0000E+00	2.3838E+00
1.3980E+03	0.0000E+00	0.0000E+00	2.3809E+00
1.3990E+03	0.0000E+00	0.0000E+00	2.3781E+00
1.4000E+03	0.0000E+00	0.0000E+00	2.3727E+00
1.4010E+03	0.0000E+00	0.0000E+00	2.3663E+00
1.4020E+03	0.0000E+00	0.0000E+00	2.3595E+00
1.4030E+03	0.0000E+00	0.0000E+00	2.3538E+00
1.4040E+03	0.0000E+00	0.0000E+00	2.3500E+00
1.4050E+03	0.0000E+00	0.0000E+00	2.3408E+00
1.4060E+03	0.0000E+00	0.0000E+00	2.3314E+00
1.4070E+03	0.0000E+00	0.0000E+00	2.3203E+00
1.4080E+03	0.0000E+00	0.0000E+00	2.3160E+00
1.4090E+03	0.0000E+00	0.0000E+00	2.3030E+00
1.4100E+03	0.0000E+00	0.0000E+00	2.3029E+00
1.4110E+03	0.0000E+00	0.0000E+00	2.2963E+00
1.4120E+03	0.0000E+00	0.0000E+00	2.3127E+00
1.4130E+03	0.0000E+00	0.0000E+00	2.3146E+00
1.4140E+03	0.0000E+00	0.0000E+00	2.3154E+00
1.4150E+03	0.0000E+00	0.0000E+00	2.3332E+00
1.4160E+03	0.0000E+00	0.0000E+00	2.3423E+00
1.4170E+03	0.0000E+00	0.0000E+00	2.3536E+00
1.4180E+03	0.0000E+00	0.0000E+00	2.3678E+00
1.4190E+03	0.0000E+00	0.0000E+00	2.3632E+00
1.4200E+03	0.0000E+00	0.0000E+00	2.3689E+00
1.4210E+03	0.0000E+00	0.0000E+00	2.3714E+00
1.4220E+03	0.0000E+00	0.0000E+00	2.3685E+00
1.4230E+03	0.0000E+00	0.0000E+00	2.3657E+00
1.4240E+03	0.0000E+00	0.0000E+00	2.3596E+00
1.4250E+03	0.0000E+00	0.0000E+00	2.3666E+00
1.4260E+03	0.0000E+00	0.0000E+00	2.3617E+00
1.4270E+03	0.0000E+00	0.0000E+00	2.3486E+00
1.4280E+03	0.0000E+00	0.0000E+00	2.3413E+00
1.4290E+03	0.0000E+00	0.0000E+00	2.3328E+00
1.4300E+03	0.0000E+00	0.0000E+00	2.3210E+00
1.4310E+03	0.0000E+00	0.0000E+00	2.3187E+00
1.4320E+03	0.0000E+00	0.0000E+00	2.3101E+00
1.4330E+03	0.0000E+00	0.0000E+00	2.3043E+00
1.4340E+03	0.0000E+00	0.0000E+00	2.2967E+00
1.4350E+03	0.0000E+00	0.0000E+00	2.2954E+00
1.4360E+03	0.0000E+00	0.0000E+00	2.3036E+00
1.4370E+03	0.0000E+00	0.0000E+00	2.3079E+00
1.4380E+03	0.0000E+00	0.0000E+00	2.3062E+00
1.4390E+03	0.0000E+00	0.0000E+00	2.3192E+00
1.4400E+03	0.0000E+00	0.0000E+00	2.3242E+00
1.4410E+03	0.0000E+00	0.0000E+00	2.3254E+00
1.4420E+03	0.0000E+00	0.0000E+00	2.3263E+00
1.4430E+03	0.0000E+00	0.0000E+00	2.3224E+00
1.4440E+03	0.0000E+00	0.0000E+00	2.3237E+00
1.4450E+03	0.0000E+00	0.0000E+00	2.3225E+00
1.4460E+03	0.0000E+00	0.0000E+00	2.3135E+00
1.4470E+03	0.0000E+00	0.0000E+00	2.3163E+00
1.4480E+03	0.0000E+00	0.0000E+00	2.3056E+00
1.4490E+03	0.0000E+00	0.0000E+00	2.3058E+00
1.4500E+03	0.0000E+00	0.0000E+00	2.3042E+00
1.4510E+03	0.0000E+00	0.0000E+00	2.2959E+00
1.4520E+03	0.0000E+00	0.0000E+00	2.2903E+00
1.4530E+03	0.0000E+00	0.0000E+00	2.2822E+00
1.4540E+03	0.0000E+00	0.0000E+00	2.2769E+00
1.4550E+03	0.0000E+00	0.0000E+00	2.2660E+00
1.4560E+03	0.0000E+00	0.0000E+00	2.2682E+00
1.4570E+03	0.0000E+00	0.0000E+00	2.2638E+00
1.4580E+03	0.0000E+00	0.0000E+00	2.2627E+00
1.4590E+03	0.0000E+00	0.0000E+00	2.2679E+00
1.4600E+03	0.0000E+00	0.0000E+00	2.2741E+00
1.4610E+03	0.0000E+00	0.0000E+00	2.2796E+00
1.4620E+03	0.0000E+00	0.0000E+00	2.2791E+00
1.4630E+03	0.0000E+00	0.0000E+00	2.2784E+00
1.4640E+03	0.0000E+00	0.0000E+00	2.2821E+00
1.4650E+03	0.0000E+00	0.0000E+00	2.2881E+00
1.4660E+03	0.0000E+00	0.0000E+00	2.2787E+00
1.4670E+03	0.0000E+00	0.0000E+00	2.2906E+00
1.4680E+03	0.0000E+00	0.0000E+00	2.2877E+00
1.4690E+03	0.0000E+00	0.0000E+00	2.2896E+00
1.4700E+03	0.0000E+00	0.0000E+00	2.2882E+00
1.4710E+03	0.0000E+00	0.0000E+00	2.2861E+00
1.4720E+03	0.0000E+00	0.0000E+00	2.2822E+00
1.4730E+03	0.0000E+00	0.0000E+00	2.2785E+00
1.4740E+03	0.0000E+00	0.0000E+00	2.2708E+00
1.4750E+03	0.0000E+00	0.0000E+00	2.2648E+00
1.4760E+03	0.0000E+00	0.0000E+00	2.2591E+00
1.4770E+03	0.0000E+00	0.0000E+00	2.2490E+00
1.4780E+03	0.0000E+00	0.0000E+00	2.2408E+00
1.4790E+03	0.0000E+00	0.0000E+00	2.2410E+00
1.4800E+03	0.0000E+00	0.0000E+00	2.2422E+00
1.4810E+03	0.0000E+00	0.0000E+00	2.2370E+00
1.4820E+03	0.0000E+00	0.0000E+00	2.2324E+00
1.4830E+03	0.0000E+00	0.0000E+00	2.2365E+00
1.4840E+03	0.0000E+00	0.0000E+00	2.2449E+00
1.4850E+03	0.0000E+00	0.0000E+00	2.2602E+00
1.4860E+03	0.0000E+00	0.0000E+00	2.2678E+00
1.4870E+03	0.0000E+00	0.0000E+00	2.2811E+00
1.4880E+03	0.0000E+00	0.0000E+00	2.2938E+00
1.4890E+03	0.0000E+00	0.0000E+00	2.3021E+00
1.4900E+03	0.0000E+00	0.0000E+00	2.3075E+00
1.4910E+03	0.0000E+00	0.0000E+00	2.3227E+00
1.4920E+03	0.0000E+00	0.0000E+00	2.3280E+00
1.4930E+03	0.0000E+00	0.0000E+00	2.3249E+00
1.4940E+03	0.0000E+00	0.0000E+00	2.3246E+00
1.4950E+03	0.0000E+00	0.0000E+00	2.3177E+00
1.4960E+03	0.0000E+00	0.0000E+00	2.3124E+00
1.4970E+03	0.0000E+00	0.0000E+00	2.3078E+00
1.4980E+03	0.0000E+00	0.0000E+00	2.2997E+00
1.4990E+03	0.0000E+00	0.0000E+00	2.2987E+00
1.5000E+03	0.0000E+00	0.0000E+00	2.2867E+00
1.5010E+03	0.0000E+00	0.0000E+00	2.2806E+00
1.5020E+03	0.0000E+00	0.0000E+00	2.2717E+00
1.5030E+03	0.0000E+00	0.0000E+00	2.2640E+00
1.5040E+03	0.0000E+00	0.0000E+00	2.2661E+00
1.5050E+03	0.0000E+00	0.0000E+00	2.2561E+00
1.5060E+03	0.0000E+00	0.0000E+00	2.2529E+00
1.5070E+03	0.0000E+00	0.0000E+00	2.2587E+00
1.5080E+03	0.0000E+00	0.0000E+00	2.2657E+00
1.5090E+03	0.0000E+00	0.0000E+00	2.2765E+00
1.5100E+03	0.0000E+00	0.0000E+00	2.2878E+00
1.5110E+03	0.0000E+00	0.0000E+00	2.3013E+00
1.5120E+03	0.0000E+00	0.0000E+00	2.3145E+00
1.5130E+03	0.0000E+00	0.0000E+00	2.3255E+00
1.5140E+03	0.0000E+00	0.0000E+00	2.3269E+00
1.5150E+03	0.0000E+00	0.0000E+00	2.3375E+00
1.5160E+03	0.0000E+00	0.0000E+00	2.3441E+00
1.5170E+03	0.0000E+00	0.0000E+00	2.3343E+00
1.5180E+03	0.0000E+00	0.0000E+00	2.3390E+00
1.5190E+03	0.0000E+00	0.0000E+00	2.3298E+00
1.5200E+03	0.0000E+00	0.0000E+00	2.3284E+00
1.5210E+03	0.0000E+00	0.0000E+00	2.3208E+00
1.5220E+03	0.0000E+00	0.0000E+00	2.3089E+00
1.5230E+03	0.0000E+00	0.0000E+00	2.3062E+00
1.5240E+03	0.0000E+00	0.0000E+00	2.2950E+00
1.5250E+03	0.0000E+00	0.0000E+00	2.2878E+00
1.5260E+03	0.0000E+00	0.0000E+00	2.2840E+00
1.5270E+03	0.0000E+00	0.0000E+00	2.2691E+00
1.5280E+03	0.0000E+00	0.0000E+00	2.2595E+00
1.5290E+03	0.0000E+00	0.0000E+00	2.2535E+00
1.5300E+03	0.0000E+00	0.0000E+00	2.2499E+00
1.5310E+03	0.0000E+00	0.0000E+00	2.2509E+00
1.5320E+03	0.0000E+00	0.0000E+00	2.2471E+00
1.5330E+03	0.0000E+00	0.0000E+00	2.2525E+00
1.5340E+03	0.0000E+00	0.0000E+00	2.2626E+00
1.5350E+03	0.0000E+00	0.0000E+00	2.2714E+00
1.5360E+03	0.0000E+00	0.0000E+00	2.2760E+00
1.5370E+03	0.0000E+00	0.0000E+00	2.2885E+00
1.5380E+03	0.0000E+00	0.0000E+00	2.2983E+00
1.5390E+03	0.0000E+00	0.0000E+00	2.2974E+00
1.5400E+03	0.0000E+00	0.0000E+00	2.3004E+00
1.5410E+03	0.0000E+00	0.0000E+00	2.3059E+00
1.5420E+03	0.0000E+00	0.0000E+00	2.2980E+00
1.5430E+03	0.0000E+00	0.0000E+00	2.2976E+00
1.5440E+03	0.0000E+00	0.0000E+00	2.2882E+00
1.5450E+03	0.0000E+00	0.0000E+00	2.2925E+00
1.5460E+03	0.0000E+00	0.0000E+00	2.2856E+00
1.5470E+03	0.0000E+00	0.0000E+00	2.2829E+00
1.5480E+03	0.0000E+00	0.0000E+00	2.2717E+00
1.5490E+03	0.0000E+00	0.0000E+00	2.2631E+00
1.5500E+03	0.0000E+00	0.0000E+00	2.2582E+00
1.5510E+03	0.0000E+00	0.0000E+00	2.2547E+00
1.5520E+03	0.0000E+00	0.0000E+00	2.2502E+00
1.5530E+03	0.0000E+00	0.0000E+00	2.2428E+00
1.5540E+03	0.0000E+00	0.0000E+00	2.2370E+00
1.5550E+03	0.0000E+00	0.0000E+00	2.2450E+00
1.5560E+03	0.0000E+00	0.0000E+00	2.2436E+00
1.5570E+03	0.0000E+00	0.0000E+00	2.2510E+00
1.5580E+03	0.0000E+00	0.0000E+00	2.2438E+00
1.5590E+03	0.0000E+00	0.0000E+00	2.2404E+00
1.5600E+03	0.0000E+00	0.0000E+00	2.2283E+00
1.5610E+03	0.0000E+00	0.0000E+00	2.2141E+00
1.5620E+03	0.0000E+00	0.0000E+00	2.2070E+00
1.5630E+03	0.0000E+00	0.0000E+00	2.1967E+00
1.5640E+03	0.0000E+00	0.0000E+00	2.1910E+00
1.5650E+03	0.0000E+00	0.0000E+00	2.1808E+00
1.5660E+03	0.0000E+00	0.0000E+00	2.1713E+00
1.5670E+03	0.0000E+00	0.0000E+00	2.1639E+00
1.5680E+03	0.0000E+00	0.0000E+00	2.1588E+00
1.5690E+03	0.0000E+00	0.0000E+00	2.1561E+00
1.5700E+03	0.0000E+00	0.0000E+00	2.1485E+00
1.5710E+03	0.0000E+00	0.0000E+00	2.1482E+00
1.5720E+03	0.0000E+00	0.0000E+00	2.1366E+00
1.5730E+03	0.0000E+00	0.0000E+00	2.1349E+00
1.5740E+03	0.0000E+00	0.0000E+00	2.1281E+00
1.5750E+03	0.0000E+00	0.0000E+00	2.1252E+00
1.5760E+03	0.0000E+00	0.0000E+00	2.1251E+00
1.5770E+03	0.0000E+00	0.0000E+00	2.1162E+00
1.5780E+03	0.0000E+00	0.0000E+00	2.1127E+00
1.5790E+03	0.0000E+00	0.0000E+00	2.1081E+00
1.5800E+03	0.0000E+00	0.0000E+00	2.1012E+00
1.5810E+03	0.0000E+00	0.0000E+00	2.1029E+00
1.5820E+03	0.0000E+00	0.0000E+00	2.0919E+00
1.5830E+03	0.0000E+00	0.0000E+00	2.0888E+00
1.5840E+03	0.0000E+00	0.0000E+00	2.0871E+00
1.5850E+03	0.0000E+00	0.0000E+00	2.0851E+00
1.5860E+03	0.0000E+00	0.0000E+00	2.0856E+00
1.5870E+03	0.0000E+00	0.0000E+00	2.0753E+00
1.5880E+03	0.0000E+00	0.0000E+00	2.0735E+00
1.5890E+03	0.0000E+00	0.0000E+00	2.0664E+00
1.5900E+03	0.0000E+00	0.0000E+00	2.0612E+00
1.5910E+03	0.0000E+00	0.0000E+00	2.0558E+00
1.5920E+03	0.0000E+00	0.0000E+00	2.0584E+00
1.5930E+03	0.0000E+00	0.0000E+00	2.0539E+00
1.5940E+03	0.0000E+00	0.0000E+00	2.0518E+00
1.5950E+03	0.0000E+00	0.0000E+00	2.0506E+00
1.5960E+03	0.0000E+00	0.0000E+00	2.0494E+00
1.5970E+03	0.0000E+00	0.0000E+00	2.0466E+00
1.5980E+03	0.0000E+00	0.0000E+00	2.0427E+00
1.5990E+03	0.0000E+00	0.0000E+00	2.0366E+00
1.6000E+03	0.0000E+00	0.0000E+00	2.0329E+00
1.6010E+03	0.0000E+00	0.0000E+00	2.0234E+00
1.6020E+03	0.0000E+00	0.0000E+00	2.0264E+00
1.6030E+03	0.0000E+00	0.0000E+00	2.0282E+00
1.6040E+03	0.0000E+00	0.0000E+00	2.0334E+00
1.6050E+03	0.0000E+00	0.0000E+00	2.0324E+00
1.6060E+03	0.0000E+00	0.0000E+00	2.0437E+00
1.6070E+03	0.0000E+00	0.0000E+00	2.0510E+00
1.6080E+03	0.0000E+00	0.0000E+00	2.0543E+00
1.6090E+03	0.0000E+00	0.0000E+00	2.0563E+00
1.6100E+03	0.0000E+00	0.0000E+00	2.0558E+00
1.6110E+03	0.0000E+00	0.0000E+00	2.0577E+00
1.6120E+03	0.0000E+00	0.0000E+00	2.0564E+00
1.6130E+03	0.0000E+00	0.0000E+00	2.0524E+00
1.6140E+03	0.0000E+00	0.0000E+00	2.0465E+00
1.6150E+03	0.0000E+00	0.0000E+00	2.0441E+00
1.6160E+03	0.0000E+00	0.0000E+00	2.0423E+00
1.6170E+03	0.0000E+00	0.0000E+00	2.0407E+00
1.6180E+03	0.0000E+00	0.0000E+00	2.0417E+00
1.6190E+03	0.0000E+00	0.0000E+00	2.0384E+00
1.6200E+03	0.0000E+00	0.0000E+00	2.0370E+00
1.6210E+03	0.0000E+00	0.0000E+00	2.0332E+00
1.6220E+03	0.0000E+00	0.0000E+00	2.0310E+00
1.6230E+03	0.0000E+00	0.0000E+00	2.0238E+00
1.6240E+03	0.0000E+00	0.0000E+00	2.0245E+00
1.6250E+03	0.0000E+00	0.0000E+00	2.0234E+00
1.6260E+03	0.0000E+00	0.0000E+00	2.0219E+00
1.6270E+03	0.0000E+00	0.0000E+00	2.0237E+00
1.6280E+03	0.0000E+00	0.0000E+00	2.0281E+00
1.6290E+03	0.0000E+00	0.0000E+00	2.0356E+00
1.6300E+03	0.0000E+00	0.0000E+00	2.0511E+00
1.6310E+03	0.0000E+00	0.0000E+00	2.0620E+00
1.6320E+03	0.0000E+00	0.0000E+00	2.0807E+00
1.6330E+03	0.0000E+00	0.0000E+00	2.0894E+00
1.6340E+03	0.0000E+00	0.0000E+00	2.0906E+00
1.6350E+03	0.0000E+00	0.0000E+00	2.0968E+00
1.6360E+03	0.0000E+00	0.0000E+00	2.0931E+00
1.6370E+03	0.0000E+00	0.0000E+00	2.0951E+00
1.6380E+03	0.0000E+00	0.0000E+00	2.0879E+00
1.6390E+03	0.0000E+00	0.0000E+00	2.0894E+00
1.6400E+03	0.0000E+00	0.0000E+00	2.0842E+00
1.6410E+03	0.0000E+00	0.0000E+00	2.0790E+00
1.6420E+03	0.0000E+00	0.0000E+00	2.0764E+00
1.6430E+03	0.0000E+00	0.0000E+00	2.0726E+00
1.6440E+03	0.0000E+00	0.0000E+00	2.0702E+00
1.6450E+03	0.0000E+00	0.0000E+00	2.0630E+00
1.6460E+03	0.0000E+00	0.0000E+00	2.0631E+00
1.6470E+03	0.0000E+00	0.0000E+00	2.0574E+00
1.6480E+03	0.0000E+00	0.0000E+00	2.0509E+00
1.6490E+03	0.0000E+00	0.0000E+00	2.0519E+00
1.6500E+03	0.0000E+00	0.0000E+00	2.0544E+00
1.6510E+03	0.0000E+00	0.0000E+00	2.0606E+00
1.6520E+03	0.0000E+00	0.0000E+00	2.0766E+00
1.6530E+03	0.0000E+00	0.0000E+00	2.1002E+00
1.6540E+03	0.0000E+00	0.0000E+00	2.1239E+00
1.6550E+03	0.0000E+00	0.0000E+00	2.1405E+00
1.6560E+03	0.0000E+00	0.0000E+00	2.1606E+00
1.6570E+03	0.0000E+00	0.0000E+00	2.1702E+00
1.6580E+03	0.0000E+00	0.0000E+00	2.1739E+00
1.6590E+03	0.0000E+00	0.0000E+00	2.1780E+00
1.6600E+03	0.0000E+00	0.0000E+00	2.1763E+00
1.6610E+03	0.0000E+00	0.0000E+00	2.1707E+00
1.6620E+03	0.0000E+00	0.0000E+00	2.1652E+00
1.6630E+03	0.0000E+00	0.0000E+00	2.1667E+00
1.6640E+03	0.0000E+00	0.0000E+00	2.1606E+00
1.6650E+03	0.0000E+00	0.0000E+00	2.1577E+00
1.6660E+03	0.0000E+00	0.0000E+00	2.1469E+00
1.6670E+03	0.0000E+00	0.0000E+00	2.1460E+00
1.6680E+03	0.0000E+00	0.0000E+00	2.1400E+00
1.6690E+03	0.0000E+00	0.0000E+00	2.1305E+00
1.6700E+03	0.0000E+00	0.0000E+00	2.1279E+00
1.6710E+03	0.0000E+00	0.0000E+00	2.1174E+00
1.6720E+03	0.0000E+00	0.0000E+00	2.1152E+00
1.6730E+03	0.0000E+00	0.0000E+00	2.1112E+00
1.6740E+03	0.0000E+00	0.0000E+00	2.1099E+00
1.6750E+03	0.0000E+00	0.0000E+00	2.1268E+00
1.6760E+03	0.0000E+00	0.0000E+00	2.1397E+00
1.6770E+03	0.0000E+00	0.0000E+00	2.1667E+00
1.6780E+03	0.0000E+00	0.0000E+00	2.1917E+00
1.6790E+03	0.0000E+00	0.0000E+00	2.2106E+00
1.6800E+03	0.0000E+00	0.0000E+00	2.2219E+00
1.6810E+03	0.0000E+00	0.0000E+00	2.2346E+00
1.6820E+03	0.0000E+00	0.0000E+00	2.2446E+00
1.6830E+03	0.0000E+00	0.0000E+00	2.2492E+00
1.6840E+03	0.0000E+00	0.0000E+00	2.2522E+00
1.6850E+03	0.0000E+00	0.0000E+00	2.2520E+00
1.6860E+03	0.0000E+00	0.0000E+00	2.2429E+00
1.6870E+03	0.0000E+00	0.0000E+00	2.2405E+00
1.6880E+03	0.0000E+00	0.0000E+00	2.2370E+00
1.6890E+03	0.0000E+00	0.0000E+00	2.2265E+00
1.6900E+03	0.0000E+00	0.0000E+00	2.2186E+00
1.6910E+03	0.0000E+00	0.0000E+00	2.2141E+00
1.6920E+03	0.0000E+00	0.0000E+00	2.2052E+00
1.6930E+03	0.0000E+00	0.0000E+00	2.1993E+00
1.6940E+03	0.0000E+00	0.0000E+00	2.1885E+00
1.6950E+03	0.0000E+00	0.0000E+00	2.1767E+00
1.6960E+03	0.0000E+00	0.0000E+00	2.1680E+00
1.6970E+03	0.0000E+00	0.0000E+00	2.1685E+00
1.6980E+03	0.0000E+00	0.0000E+00	2.1699E+00
1.6990E+03	0.0000E+00	0.0000E+00	2.1822E+00
1.7000E+03	0.0000E+00	0.0000E+00	2.2033E+00
1.7010E+03	0.0000E+00	0.0000E+00	2.2234E+00
1.7020E+03	0.0000E+00	0.0000E+00	2.2405E+00
1.7030E+03	0.0000E+00	0.0000E+00	2.2551E+00
1.7040E+03	0.0000E+00	0.0000E+00	2.2726E+00
1.7050E+03	0.0000E+00	0.0000E+00	2.2933E+00
1.7060E+03	0.0000E+00	0.0000E+00	2.3013E+00
1.7070E+03	0.0000E+00	0.0000E+00	2.3125E+00
1.7080E+03	0.0000E+00	0.0000E+00	2.3173E+00
1.7090E+03	0.0000E+00	0.0000E+00	2.3170E+00
1.7100E+03	0.0000E+00	0.0000E+00	2.3209E+00
1.7110E+03	0.0000E+00	0.0000E+00	2.3153E+00
1.7120E+03	0.0000E+00	0.0000E+00	2.3037E+00
1.7130E+03	0.0000E+00	0.0000E+00	2.3051E+00
1.7140E+03	0.0000E+00	0.0000E+00	2.2885E+00
1.7150E+03	0.0000E+00	0.0000E+00	2.2828E+00
1.7160E+03	0.0000E+00	0.0000E+00	2.2676E+00
1.7170E+03	0.0000E+00	0.0000E+00	2.2576E+00
1.7180E+03	0.0000E+00	0.0000E+00	2.2503E+00
1.7190E+03	0.0000E+00	0.0000E+00	2.2404E+00
1.7200E+03	0.0000E+00	0.0000E+00	2.2383E+00
1.7210E+03	0.0000E+00	0.0000E+00	2.2190E+00
1.7220E+03	0.0000E+00	0.0000E+00	2.2119E+00
1.7230E+03	0.0000E+00	0.0000E+00	2.2203E+00
1.7240E+03	0.0000E+00	0.0000E+00	2.2428E+00
1.7250E+03	0.0000E+00	0.0000E+00	2.2649E+00
1.7260E+03	0.0000E+00	0.0000E+00	2.2803E+00
1.7270E+03	0.0000E+00	0.0000E+00	2.2932E+00
1.7280E+03	0.0000E+00	0.0000E+00	2.3077E+00
1.7290E+03	0.0000E+00	0.0000E+00	2.3126E+00
1.7300E+03	0.0000E+00	0.0000E+00	2.3223E+00
1.7310E+03	0.0000E+00	0.0000E+00	2.3284E+00
1.7320E+03	0.0000E+00	0.0000E+00	2.3316E+00
1.7330E+03	0.0000E+00	0.0000E+00	2.3275E+00
1.7340E+03	0.0000E+00	0.0000E+00	2.3195E+00
1.7350E+03	0.0000E+00	0.0000E+00	2.3072E+00
1.7360E+03	0.0000E+00	0.0000E+00	2.3085E+00
1.7370E+03	0.0000E+00	0.0000E+00	2.2952E+00
1.7380E+03	0.0000E+00	0.0000E+00	2.2804E+00
1.7390E+03	0.0000E+00	0.0000E+00	2.2758E+00
1.7400E+03	0.0000E+00	0.0000E+00	2.2691E+00
1.7410E+03	0.0000E+00	0.0000E+00	2.2631E+00
1.7420E+03	0.0000E+00	0.0000E+00	2.2466E+00
1.7430E+03	0.0000E+00	0.0000E+00	2.2385E+00
1.7440E+03	0.0000E+00	0.0000E+00	2.2281E+00
1.7450E+03	0.0000E+00	0.0000E+00	2.2243E+00
1.7460E+03	0.0000E+00	0.0000E+00	2.2300E+00
1.7470E+03	0.0000E+00	0.0000E+00	2.2427E+00
1.7480E+03	0.0000E+00	0.0000E+00	2.2489E+00
1.7490E+03	0.0000E+00	0.0000E+00	2.2712E+00
1.7500E+03	0.0000E+00	0.0000E+00	2.2909E+00
1.7510E+03	0.0000E+00	0.0000E+00	2.3064E+00
1.7520E+03	0.0000E+00	0.0000E+00	2.3201E+00
1.7530E+03	0.0000E+00	0.0000E+00	2.3309E+00
1.7540E+03	0.0000E+00	0.0000E+00	2.3468E+00
1.7550E+03	0.0000E+00	0.0000E+00	2.3654E+00
1.7560E+03	0.0000E+00	0.0000E+00	2.3599E+00
1.7570E+03	0.0000E+00	0.0000E+00	2.3656E+00
1.7580E+03	0.0000E+00	0.0000E+00	2.3677E+00
1.7590E+03	0.0000E+00	0.0000E+00	2.3597E+00
1.7600E+03	0.0000E+00	0.0000E+00	2.3619E+00
1.7610E+03	0.0000E+00	0.0000E+00	2.3550E+00
1.7620E+03	0.0000E+00	0.0000E+00	2.3454E+00
1.7630E+03	0.0000E+00	0.0000E+00	2.3396E+00
1.7640E+03	0.0000E+00	0.0000E+00	2.3255E+00
1.7650E+03	0.0000E+00	0.0000E+00	2.3216E+00
1.7660E+03	0.0000E+00	0.0000E+00	2.2987E+00
1.7670E+03	0.0000E+00	0.0000E+00	2.2923E+00
1.7680E+03	0.0000E+00	0.0000E+00	2.2794E+00
1.7690E+03	0.0000E+00	0.0000E+00	2.2751E+00
1.7700E+03	0.0000E+00	0.0000E+00	2.2680E+00
1.7710E+03	0.0000E+00	0.0000E+00	2.2679E+00
1.7720E+03	0.0000E+00	0.0000E+00	2.2792E+00
1.7730E+03	0.0000E+00	0.0000E+00	2.2946E+00
1.7740E+03	0.0000E+00	0.0000E+00	2.3041E+00
1.7750E+03	0.0000E+00	0.0000E+00	2.3232E+00
1.7760E+03	0.0000E+00	0.0000E+00	2.3359E+00
1.7770E+03	0.0000E+00	0.0000E+00	2.3509E+00
1.7780E+03	0.0000E+00	0.0000E+00	2.3587E+00
1.7790E+03	0.0000E+00	0.0000E+00	2.3591E+00
1.7800E+03	0.0000E+00	0.0000E+00	2.3648E+00
1.7810E+03	0.0000E+00	0.0000E+00	2.3631E+00
1.7820E+03	0.0000E+00	0.0000E+00	2.3568E+00
1.7830E+03	0.0000E+00	0.0000E+00	2.3507E+00
1.7840E+03	0.0000E+00	0.0000E+00	2.3410E+00
1.7850E+03	0.0000E+00	0.0000E+00	2.3310E+00
1.7860E+03	0.0000E+00	0.0000E+00	2.3207E+00
1.7870E+03	0.0000E+00	0.0000E+00	2.3097E+00
1.7880E+03	0.0000E+00	0.0000E+00	2.2902E+00
1.7890E+03	0.0000E+00	0.0000E+00	2.2836E+00
1.7900E+03	0.0000E+00	0.0000E+00	2.2660E+00
1.7910E+03	0.0000E+00	0.0000E+00	2.2577E+00
1.7920E+03	0.0000E+00	0.0000E+00	2.2517E+00
1.7930E+03	0.0000E+00	0.0000E+00	2.2399E+00
1.7940E+03	0.0000E+00	0.0000E+00	2.2355E+00
1.7950E+03	0.0000E+00	0.0000E+00	2.2370E+00
1.7960E+03	0.0000E+00	0.0000E+00	2.2461E+00
1.7970E+03	0.0000E+00	0.0000E+00	2.2536E+00
1.7980E+03	0.0000E+00	0.0000E+00	2.2673E+00
1.7990E+03	0.0000E+00	0.0000E+00	2.2805E+00
1.8000E+03	0.0000E+00	0.0000E+00	2.2994E+00
1.8010E+03	0.0000E+00	0.0000E+00	2.3062E+00
1.8020E+03	0.0000E+00	0.0000E+00	2.3145E+00
1.8030E+03	0.0000E+00	0.0000E+00	2.3132E+00
1.8040E+03	0.0000E+00	0.0000E+00	2.3130E+00
1.8050E+03	0.0000E+00	0.0000E+00	2.3036E+00
1.8060E+03	0.0000E+00	0.0000E+00	2.2997E+00
1.8070E+03	0.0000E+00	0.0000E+00	2.2960E+00
1.8080E+03	0.0000E+00	0.0000E+00	2.2874E+00
1.8090E+03	0.0000E+00	0.0000E+00	2.2696E+00
1.8100E+03	0.0000E+00	0.0000E+00	2.2725E+00
1.8110E+03	0.0000E+00	0.0000E+00	2.2642E+00
1.8120E+03	0.0000E+00	0.0000E+00	2.2491E+00
1.8130E+03	0.0000E+00	0.0000E+00	2.2386E+00
1.8140E+03	0.0000E+00	0.0000E+00	2.2276E+00
1.8150E+03	0.0000E+00	0.0000E+00	2.2193E+00
1.8160E+03	0.0000E+00	0.0000E+00	2.2087E+00
1.8170E+03	0.0000E+00	0.0000E+00	2.2057E+00
1.8180E+03	0.0000E+00	0.0000E+00	2.2109E+00
1.8190E+03	0.0000E+00	0.0000E+00	2.2138E+00
1.8200E+03	0.0000E+00	0.0000E+00	2.2305E+00
1.8210E+03	0.0000E+00	0.0000E+00	2.2411E+00
1.8220E+03	0.0000E+00	0.0000E+00	2.2593E+00
1.8230E+03	0.0000E+00	0.0000E+00	2.2830E+00
1.8240E+03	0.0000E+00	0.0000E+00	2.2964E+00
1.8250E+03	0.0000E+00	0.0000E+00	2.3021E+00
1.8260E+03	0.0000E+00	0.0000E+00	2.3059E+00
1.8270E+03	0.0000E+00	0.0000E+00	2.3060E+00
1.8280E+03	0.0000E+00	0.0000E+00	2.3125E+00
1.8290E+03	0.0000E+00	0.0000E+00	2.3042E+00
1.8300E+03	0.0000E+00	0.0000E+00	2.2901E+00
1.8310E+03	0.0000E+00	0.0000E+00	2.2786E+00
1.8320E+03	0.0000E+00	0.0000E+00	2.2766E+00
1.8330E+03	0.0000E+00	0.0000E+00	2.2716E+00
1.8340E+03	0.0000E+00	0.0000E+00	2.2589E+00
1.8350E+03	0.0000E+00	0.0000E+00	2.2457E+00
1.8360E+03	0.0000E+00	0.0000E+00	2.2340E+00
1.8370E+03	0.0000E+00	0.0000E+00	2.2215E+00
1.8380E+03	0.0000E+00	0.0000E+00	2.2148E+00
1.8390E+03	0.0000E+00	0.0000E+00	2.2040E+00
1.8400E+03	0.0000E+00	0.0000E+00	2.1961E+00
1.8410E+03	0.0000E+00	0.0000E+00	2.1874E+00
1.8420E+03	0.0000E+00	0.0000E+00	2.1916E+00
1.8430E+03	0.0000E+00	0.0000E+00	2.1943E+00
1.8440E+03	0.0000E+00	0.0000E+00	2.2017E+00
1.8450E+03	0.0000E+00	0.0000E+00	2.2199E+00
1.8460E+03	0.0000E+00	0.0000E+00	2.2306E+00
1.8470E+03	0.0000E+00	0.0000E+00	2.2446E+00
1.8480E+03	0.0000E+00	0.0000E+00	2.2591E+00
1.8490E+03	0.0000E+00	0.0000E+00	2.2641E+00
1.8500E+03	0.0000E+00	0.0000E+00	2.2665E+00
1.8510E+03	0.0000E+00	0.0000E+00	2.2622E+00
1.8520E+03	0.0000E+00	0.0000E+00	2.2589E+00
1.8530E+03	0.0000E+00	0.0000E+00	2.2491E+00
1.8540E+03	0.0000E+00	0.0000E+00	2.2411E+00
1.8550E+03	0.0000E+00	0.0000E+00	2.2346E+00
1.8560E+03	0.0000E+00	0.0000E+00	2.2268E+00
1.8570E+03	0.0000E+00	0.0000E+00	2.2220E+00
1.8580E+03	0.0000E+00	0.0000E+00	2.2155E+00
1.8590E+03	0.0000E+00	0.0000E+00	2.2011E+00
1.8600E+03	0.0000E+00	0.0000E+00	2.1966E+00
1.8610E+03	0.0000E+00	0.0000E+00	2.1837E+00
1.8620E+03	0.0000E+00	0.0000E+00	2.1791E+00
1.8630E+03	0.0000E+00	0.0000E+00	2.1644E+00
1.8640E+03	0.0000E+00	0.0000E+00	2.1628E+00
1.8650E+03	0.0000E+00	0.0000E+00	2.1568E+00
1.8660E+03	0.0000E+00	0.0000E+00	2.1608E+00
1.8670E+03	0.0000E+00	0.0000E+00	2.1729E+00
1.8680E+03	0.0000E+00	0.0000E+00	2.1884E+00
1.8690E+03	0.0000E+00	0.0000E+00	2.1976E+00
1.8700E+03	0.0000E+00	0.0000E+00	2.2115E+00
1.8710E+03	0.0000E+00	0.0000E+00	2.2304E+00
1.8720E+03	0.0000E+00	0.0000E+00	2.2376E+00
1.8730E+03	0.0000E+00	0.0000E+00	2.2377E+00
1.8740E+03	0.0000E+00	0.0000E+00	2.2449E+00
1.8750E+03	0.0000E+00	0.0000E+00	2.2439E+00
1.8760E+03	0.0000E+00	0.0000E+00	2.2337E+00
1.8770E+03	0.0000E+00	0.0000E+00	2.2278E+00
1.8780E+03	0.0000E+00	0.0000E+00	2.2181E+00
1.8790E+03	0.0000E+00	0.0000E+00	2.2066E+00
1.8800E+03	0.0000E+00	0.0000E+00	2.2003E+00
1.8810E+03	0.0000E+00	0.0000E+00	2.1988E+00
1.8820E+03	0.0000E+00	0.0000E+00	2.1896E+00
1.8830E+03	0.0000E+00	0.0000E+00	2.1813E+00
1.8840E+03	0.0000E+00	0.0000E+00	2.1712E+00
1.8850E+03	0.0000E+00	0.0000E+00	2.1599E+00
1.8860E+03	0.0000E+00	0.0000E+00	2.1559E+00
1.8870E+03	0.0000E+00	0.0000E+00	2.1452E+00
1.8880E+03	0.0000E+00	0.0000E+00	2.1354E+00
1.8890E+03	0.0000E+00	0.0000E+00	2.1301E+00
1.8900E+03	0.0000E+00	0.0000E+00	2.1315E+00
1.8910E+03	0.0000E+00	0.0000E+00	2.1349E+00
1.8920E+03	0.0000E+00	0.0000E+00	2.1471E+00
1.8930E+03	0.0000E+00	0.0000E+00	2.1614E+00
1.8940E+03	0.0000E+00	0.0000E+00	2.1737E+00
1.8950E+03	0.0000E+00	0.0000E+00	2.1806E+00
1.8960E+03	0.0000E+00	0.0000E+00	2.1919E+00
1.8970E+03	0.0000E+00	0.0000E+00	2.1972E+00
1.8980E+03	0.0000E+00	0.0000E+00	2.1923E+00
1.8990E+03	0.0000E+00	0.0000E+00	2.1900E+00
1.9000E+03	0.0000E+00	0.0000E+00	2.1893E+00
1.9010E+03	0.0000E+00	0.0000E+00	2.1782E+00
1.9020E+03	0.0000E+00	0.0000E+00	2.1731E+00
1.9030E+03	0.0000E+00	0.0000E+00	2.1685E+00
1.9040E+03	0.0000E+00	0.0000E+00	2.1601E+00
1.9050E+03	0.0000E+00	0.0000E+00	2.1593E+00
1.9060E+03	0.0000E+00	0.0000E+00	2.1527E+00
1.9070E+03	0.0000E+00	0.0000E+00	2.1439E+00
1.9080E+03	0.0000E+00	0.0000E+00	2.1422E+00
1.9090E+03	0.0000E+00	0.0000E+00	2.1346E+00
1.9100E+03	0.0000E+00	0.0000E+00	2.1275E+00
1.9110E+03	0.0000E+00	0.0000E+00	2.1171E+00
1.9120E+03	0.0000E+00	0.0000E+00	2.1126E+00
1.9130E+03	0.0000E+00	0.0000E+00	2.1078E+00
1.9140E+03	0.0000E+00	0.0000E+00	2.1093E+00
1.9150E+03	0.0000E+00	0.0000E+00	2.1158E+00
1.9160E+03	0.0000E+00	0.0000E+00	2.1259E+00
1.9170E+03	0.0000E+00	0.0000E+00	2.1245E+00
1.9180E+03	0.0000E+00	0.0000E+00	2.1350E+00
1.9190E+03	0.0000E+00	0.0000E+00	2.1403E+00
1.9200E+03	0.0000E+00	0.0000E+00	2.1413E+00
1.9210E+03	0.0000E+00	0.0000E+00	2.1439E+00
1.9220E+03	0.0000E+00	0.0000E+00	2.1436E+00
1.9230E+03	0.0000E+00	0.0000E+00	2.1434E+00
1.9240E+03	0.0000E+00	0.0000E+00	2.1325E+00
1.9250E+03	0.0000E+00	0.0000E+00	2.1328E+00
1.9260E+03	0.0000E+00	0.0000E+00	2.1308E+00
1.9270E+03	0.0000E+00	0.0000E+00	2.1217E+00
1.9280E+03	0.0000E+00	0.0000E+00	2.1191E+00
1.9290E+03	0.0000E+00	0.0000E+00	2.1196E+00
1.9300E+03	0.0000E+00	0.0000E+00	2.1151E+00
1.9310E+03	0.0000E+00	0.0000E+00	2.1139E+00
1.9320E+03	0.0000E+00	0.0000E+00	2.1154E+00
1.9330E+03	0.0000E+00	0.0000E+00	2.1140E+00
1.9340E+03	0.0000E+00	0.0000E+00	2.1082E+00
1.9350E+03	0.0000E+00	0.0000E+00	2.1024E+00
1.9360E+03	0.0000E+00	0.0000E+00	2.0975E+00
1.9370E+03	0.0000E+00	0.0000E+00	2.0956E+00
1.9380E+03	0.0000E+00	0.0000E+00	2.0947E+00
1.9390E+03	0.0000E+00	0.0000E+00	2.1015E+00
1.9400E+03	0.0000E+00	0.0000E+00	2.1187E+00
1.9410E+03	0.0000E+00	0.0000E+00	2.1332E+00
1.9420E+03	0.0000E+00	0.0000E+00	2.1471E+00
1.9430E+03	0.0000E+00	0.0000E+00	2.1586E+00
1.9440E+03	0.0000E+00	0.0000E+00	2.1617E+00
1.9450E+03	0.0000E+00	0.0000E+00	2.1681E+00
1.9460E+03	0.0000E+00	0.0000E+00	2.1661E+00
1.9470E+03	0.0000E+00	0.0000E+00	2.1576E+00
1.9480E+03	0.0000E+00	0.0000E+00	2.1599E+00
1.9490E+03	0.0000E+00	0.0000E+00	2.1529E+00
1.9500E+03	0.0000E+00	0.0000E+00	2.1419E+00
1.9510E+03	0.0000E+00	0.0000E+00	2.1356E+00
1.9520E+03	0.0000E+00	0.0000E+00	2.1299E+00
1.9530E+03	0.0000E+00	0.0000E+00	2.1231E+00
1.9540E+03	0.0000E+00	0.0000E+00	2.1188E+00
1.9550E+03	0.0000E+00	0.0000E+00	2.1132E+00
1.9560E+03	0.0000E+00	0.0000E+00	2.1041E+00
1.9570E+03	0.0000E+00	0.0000E+00	2.0956E+00
1.9580E+03	0.0000E+00	0.0000E+00	2.0863E+00
1.9590E+03	0.0000E+00	0.0000E+00	2.0762E+00
1.9600E+03	0.0000E+00	0.0000E+00	2.0719E+00
1.9610E+03	0.0000E+00	0.0000E+00	2.0691E+00
1.9620E+03	0.0000E+00	0.0000E+00	2.0701E+00
1.9630E+03	0.0000E+00	0.0000E+00	2.0734E+00
1.9640E+03	0.0000E+00	0.0000E+00	2.0849E+00
1.9650E+03	0.0000E+00	0.0000E+00	2.0991E+00
1.9660E+03	0.0000E+00	0.0000E+00	2.1076E+00
1.9670E+03	0.0000E+00	0.0000E+00	2.1247E+00
1.9680E+03	0.0000E+00	0.0000E+00	2.1277E+00
1.9690E+03	0.0000E+00	0.0000E+00	2.1237E+00
1.9700E+03	0.0000E+00	0.0000E+00	2.1274E+00
1.9710E+03	0.0000E+00	0.0000E+00	2.1183E+00
1.9720E+03	0.0000E+00	0.0000E+00	2.1155E+00
1.9730E+03	0.0000E+00	0.0000E+00	2.1045E+00
1.9740E+03	0.0000E+00	0.0000E+00	2.1015E+00
1.9750E+03	0.0000E+00	0.0000E+00	2.0960E+00
1.9760E+03	0.0000E+00	0.0000E+00	2.0914E+00
1.9770E+03	0.0000E+00	0.0000E+00	2.0826E+00
1.9780E+03	0.0000E+00	0.0000E+00	2.0833E+00
1.9790E+03	0.0000E+00	0.0000E+00	2.0762E+00
1.9800E+03	0.0000E+00	0.0000E+00	2.0678E+00
1.9810E+03	0.0000E+00	0.0000E+00	2.0609E+00
1.9820E+03	0.0000E+00	0.0000E+00	2.0567E+00
1.9830E+03	0.0000E+00	0.0000E+00	2.0481E+00
1.9840E+03	0.0000E+00	0.0000E+00	2.0433E+00
1.9850E+03	0.0000E+00	0.0000E+00	2.0399E+00
1.9860E+03	0.0000E+00	0.0000E+00	2.0439E+00
1.9870E+03	0.0000E+00	0.0000E+00	2.0493E+00
1.9880E+03	0.0000E+00	0.0000E+00	2.0599E+00
1.9890E+03	0.0000E+00	0.0000E+00	2.0829E+00
1.9900E+03	0.0000E+00	0.0000E+00	2.0974E+00
1.9910E+03	0.0000E+00	0.0000E+00	2.1144E+00
1.9920E+03	0.0000E+00	0.0000E+00	2.1175E+00
1.9930E+03	0.0000E+00	0.0000E+00	2.1223E+00
1.9940E+03	0.0000E+00	0.0000E+00	2.1213E+00
1.9950E+03	0.0000E+00	0.0000E+00	2.1225E+00
1.9960E+03	0.0000E+00	0.0000E+00	2.1120E+00
1.9970E+03	0.0000E+00	0.0000E+00	2.1115E+00
1.9980E+03	0.0000E+00	0.0000E+00	2.1035E+00
1.9990E+03	0.0000E+00	0.0000E+00	2.0940E+00
2.0000E+03	0.0000E+00	0.0000E+00	2.0946E+00
2.0010E+03	0.0000E+00	0.0000E+00	2.0892E+00
2.0020E+03	0.0000E+00	0.0000E+00	2.0766E+00
2.0030E+03	0.0000E+00	0.0000E+00	2.0725E+00
2.0040E+03	0.0000E+00	0.0000E+00	2.0636E+00
2.0050E+03	0.0000E+00	0.0000E+00	2.0565E+00
2.0060E+03	0.0000E+00	0.0000E+00	2.0478E+00
2.0070E+03	0.0000E+00	0.0000E+00	2.0412E+00
2.0080E+03	0.0000E+00	0.0000E+00	2.0364E+00
2.0090E+03	0.0000E+00	0.0000E+00	2.0378E+00
2.0100E+03	0.0000E+00	0.0000E+00	2.0400E+00
2.0110E+03	0.0000E+00	0.0000E+00	2.0534E+00
2.0120E+03	0.0000E+00	0.0000E+00	2.0689E+00
2.0130E+03	0.0000E+00	0.0000E+00	2.0872E+00
2.0140E+03	0.0000E+00	0.0000E+00	2.0982E+00
2.0150E+03	0.0000E+00	0.0000E+00	2.1110E+00
2.0160E+03	0.0000E+00	0.0000E+00	2.1158E+00
2.0170E+03	0.0000E+00	0.0000E+00	2.1163E+00
2.0180E+03	0.0000E+00	0.0000E+00	2.1177E+00
2.0190E+03	0.0000E+00	0.0000E+00	2.1174E+00
2.0200E+03	0.0000E+00	0.0000E+00	2.1084E+00
2.0210E+03	0.0000E+00	0.0000E+00	2.0987E+00
2.0220E+03	0.0000E+00	0.0000E+00	2.0969E+00
2.0230E+03	0.0000E+00	0.0000E+00	2.0883E+00
2.0240E+03	0.0000E+00	0.0000E+00	2.0807E+00
2.0250E+03	0.0000E+00	0.0000E+00	2.0763E+00
2.0260E+03	0.0000E+00	0.0000E+00	2.0705E+00
2.0270E+03	0.0000E+00	0.0000E+00	2.0666E+00
2.0280E+03	0.0000E+00	0.0000E+00	2.0537E+00
2.0290E+03	0.0000E+00	0.0000E+00	2.0502E+00
2.0300E+03	0.0000E+00	0.0000E+00	2.0400E+00
2.0310E+03	0.0000E+00	0.0000E+00	2.0400E+00
2.0320E+03	0.0000E+00	0.0000E+00	2.0334E+00
2.0330E+03	0.0000E+00	0.0000E+00	2.0363E+00
2.0340E+03	0.0000E+00	0.0000E+00	2.0350E+00
2.0350E+03	0.0000E+00	0.0000E+00	2.0407E+00
2.0360E+03	0.0000E+00	0.0000E+00	2.0542E+00
2.0370E+03	0.0000E+00	0.0000E+00	2.0647E+00
2.0380E+03	0.0000E+00	0.0000E+00	2.0828E+00
2.0390E+03	0.0000E+00	0.0000E+00	2.0874E+00
2.0400E+03	0.0000E+00	0.0000E+00	2.0978E+00
2.0410E+03	0.0000E+00	0.0000E+00	2.1033E+00
2.0420E+03	0.0000E+00	0.0000E+00	2.1096E+00
2.0430E+03	0.0000E+00	0.0000E+00	2.1019E+00
2.0440E+03	0.0000E+00	0.0000E+00	2.0986E+00
2.0450E+03	0.0000E+00	0.0000E+00	2.0957E+00
2.0460E+03	0.0000E+00	0.0000E+00	2.0883E+00
2.0470E+03	0.0000E+00	0.0000E+00	2.0783E+00
2.0480E+03	0.0000E+00	0.0000E+00	2.0715E+00
2.0490E+03	0.0000E+00	0.0000E+00	2.0679E+00
2.0500E+03	0.0000E+00	0.0000E+00	2.0599E+00
2.0510E+03	0.0000E+00	0.0000E+00	2.0577E+00
2.0520E+03	0.0000E+00	0.0000E+00	2.0485E+00
2.0530E+03	0.0000E+00	0.0000E+00	2.0421E+00
2.0540E+03	0.0000E+00	0.0000E+00	2.0343E+00
2.0550E+03	0.0000E+00	0.0000E+00	2.0263E+00
2.0560E+03	0.0000E+00	0.0000E+00	2.0247E+00
2.0570E+03	0.0000E+00	0.0000E+00	2.0237E+00
2.0580E+03	0.0000E+00	0.0000E+00	2.0284E+00
2.0590E+03	0.0000E+00	0.0000E+00	2.0399E+00
2.0600E+03	0.0000E+00	0.0000E+00	2.0551E+00
2.0610E+03	0.0000E+00	0.0000E+00	2.0716E+00
2.0620E+03	0.0000E+00	0.0000E+00	2.0821E+00
2.0630E+03	0.0000E+00	0.0000E+00	2.0910E+00
2.0640E+03	0.0000E+00	0.0000E+00	2.0960E+00
2.0650E+03	0.0000E+00	0.0000E+00	2.0939E+00
2.0660E+03	0.0000E+00	0.0000E+00	2.0906E+00
2.0670E+03	0.0000E+00	0.0000E+00	2.0869E+00
2.0680E+03	0.0000E+00	0.0000E+00	2.0865E+00
2.0690E+03	0.0000E+00	0.0000E+00	2.0775E+00
2.0700E+03	0.0000E+00	0.0000E+00	2.0750E+00
2.0710E+03	0.0000E+00	0.0000E+00	2.0666E+00
2.0720E+03	0.0000E+00	0.0000E+00	2.0629E+00
2.0730E+03	0.0000E+00	0.0000E+00	2.0570E+00
2.0740E+03	0.0000E+00	0.0000E+00	2.0524E+00
2.0750E+03	0.0000E+00	0.0000E+00	2.0471E+00
2.0760E+03	0.0000E+00	0.0000E+00	2.0416E+00
2.0770E+03	0.0000E+00	0.0000E+00	2.0339E+00
2.0780E+03	0.0000E+00	0.0000E+00	2.0282E+00
2.0790E+03	0.0000E+00	0.0000E+00	2.0233E+00
2.0800E+03	0.0000E+00	0.0000E+00	2.0194E+00
2.0810E+03	0.0000E+00	0.0000E+00	2.0136E+00
2.0820E+03	0.0000E+00	0.0000E+00	2.0175E+00
2.0830E+03	0.0000E+00	0.0000E+00	2.0257E+00
2.0840E+03	0.0000E+00	0.0000E+00	2.0409E+00
2.0850E+03	0.0000E+00	0.0000E+00	2.0575E+00
2.0860E+03	0.0000E+00	0.0000E+00	2.0763E+00
2.0870E+03	0.0000E+00	0.0000E+00	2.0959E+00
2.0880E+03	0.0000E+00	0.0000E+00	2.1045E+00
2.0890E+03	0.0000E+00	0.0000E+00	2.1057E+00
2.0900E+03	0.0000E+00	0.0000E+00	2.1069E+00
2.0910E+03	0.0000E+00	0.0000E+00	2.1104E+00
2.0920E+03	0.0000E+00	0.0000E+00	2.0990E+00
2.0930E+03	0.0000E+00	0.0000E+00	2.0886E+00
2.0940E+03	0.0000E+00	0.0000E+00	2.0877E+00
2.0950E+03	0.0000E+00	0.0000E+00	2.0811E+00
2.0960E+03	0.0000E+00	0.0000E+00	2.0742E+00
2.0970E+03	0.0000E+00	0.0000E+00	2.0686E+00
2.0980E+03	0.0000E+00	0.0000E+00	2.0596E+00
2.0990E+03	0.0000E+00	0.0000E+00	2.0509E+00
2.1000E+03	0.0000E+00	0.0000E+00	2.0423E+00
2.1010E+03	0.0000E+00	0.0000E+00	2.0342E+00
2.1020E+03	0.0000E+00	0.0000E+00	2.0293E+00
2.1030E+03	0.0000E+00	0.0000E+00	2.0211E+00
2.1040E+03	0.0000E+00	0.0000E+00	2.0139E+00
2.1050E+03	0.0000E+00	0.0000E+00	2.0137E+00
2.1060E+03	0.0000E+00	0.0000E+00	2.0222E+00
2.1070E+03	0.0000E+00	0.0000E+00	2.0313E+00
2.1080E+03	0.0000E+00	0.0000E+00	2.0441E+00
2.1090E+03	0.0000E+00	0.0000E+00	2.0605E+00
2.1100E+03	0.0000E+00	0.0000E+00	2.0787E+00
2.1110E+03	0.0000E+00	0.0000E+00	2.0918E+00
2.1120E+03	0.0000E+00	0.0000E+00	2.1066E+00
2.1130E+03	0.0000E+00	0.0000E+00	2.1120E+00
2.1140E+03	0.0000E+00	0.0000E+00	2.1117E+00
2.1150E+03	0.0000E+00	0.0000E+00	2.1099E+00
2.1160E+03	0.0000E+00	0.0000E+00	2.1015E+00
2.1170E+03	0.0000E+00	0.0000E+00	2.0943E+00
2.1180E+03	0.0000E+00	0.0000E+00	2.0860E+00
2.1190E+03	0.0000E+00	0.0000E+00	2.0767E+00
2.1200E+03	0.0000E+00	0.0000E+00	2.0698E+00
2.1210E+03	0.0000E+00	0.0000E+00	2.0620E+00
2.1220E+03	0.0000E+00	0.0000E+00	2.0524E+00
2.1230E+03	0.0000E+00	0.0000E+00	2.0462E+00
2.1240E+03	0.0000E+00	0.0000E+00	2.0386E+00
2.1250E+03	0.0000E+00	0.0000E+00	2.0297E+00
2.1260E+03	0.0000E+00	0.0000E+00	2.0233E+00
2.1270E+03	0.0000E+00	0.0000E+00	2.0094E+00
2.1280E+03	0.0000E+00	0.0000E+00	2.0078E+00
2.1290E+03	0.0000E+00	0.0000E+00	2.0077E+00
2.1300E+03	0.0000E+00	0.0000E+00	2.0116E+00
2.1310E+03	0.0000E+00	0.0000E+00	2.0258E+00
2.1320E+03	0.0000E+00	0.0000E+00	2.0443E+00
2.1330E+03	0.0000E+00	0.0000E+00	2.0581E+00
2.1340E+03	0.0000E+00	0.0000E+00	2.0777E+00
2.1350E+03	0.0000E+00	0.0000E+00	2.0941E+00
2.1360E+03	0.0000E+00	0.0000E+00	2.1085E+00
2.1370E+03	0.0000E+00	0.0000E+00	2.1113E+00
2.1380E+03	0.0000E+00	0.0000E+00	2.1105E+00
2.1390E+03	0.0000E+00	0.0000E+00	2.1039E+00
2.1400E+03	0.0000E+00	0.0000E+00	2.1019E+00
2.1410E+03	0.0000E+00	0.0000E+00	2.0905E+00
2.1420E+03	0.0000E+00	0.0000E+00	2.0819E+00
2.1430E+03	0.0000E+00	0.0000E+00	2.0695E+00
2.1440E+03	0.0000E+00	0.0000E+00	2.0676E+00
2.1450E+03	0.0000E+00	0.0000E+00	2.0575E+00
2.1460E+03	0.0000E+00	0.0000E+00	2.0534E+00
2.1470E+03	0.0000E+00	0.0000E+00	2.0448E+00
2.1480E+03	0.0000E+00	0.0000E+00	2.0370E+00
2.1490E+03	0.0000E+00	0.0000E+00	2.0318E+00
2.1500E+03	0.0000E+00	0.0000E+00	2.0228E+00
2.1510E+03	0.0000E+00	0.0000E+00	2.0155E+00
2.1520E+03	0.0000E+00	0.0000E+00	2.0072E+00
2.1530E+03	0.0000E+00	0.0000E+00	2.0112E+00
2.1540E+03	0.0000E+00	0.0000E+00	2.0172E+00
2.1550E+03	0.0000E+00	0.0000E+00	2.0351E+00
2.1560E+03	0.0000E+00	0.0000E+00	2.0531E+00
2.1570E+03	0.0000E+00	0.0000E+00	2.0691E+00
2.1580E+03	0.0000E+00	0.0000E+00	2.0835E+00
2.1590E+03	0.0000E+00	0.0000E+00	2.0972E+00
2.1600E+03	0.0000E+00	0.0000E+00	2.1018E+00
2.1610E+03	0.0000E+00	0.0000E+00	2.0981E+00
2.1620E+03	0.0000E+00	0.0000E+00	2.0975E+00
2.1630E+03	0.0000E+00	0.0000E+00	2.0872E+00
2.1640E+03	0.0000E+00	0.0000E+00	2.0858E+00
2.1650E+03	0.0000E+00	0.0000E+00	2.0712E+00
2.1660E+03	0.0000E+00	0.0000E+00	2.0607E+00
2.1670E+03	0.0000E+00	0.0000E+00	2.0497E+00
2.1680E+03	0.0000E+00	0.0000E+00	2.0458E+00
2.1690E+03	0.0000E+00	0.0000E+00	2.0378E+00
2.1700E+03	0.0000E+00	0.0000E+00	2.0260E+00
2.1710E+03	0.0000E+00	0.0000E+00	2.0169E+00
2.1720E+03	0.0000E+00	0.0000E+00	2.0083E+00
2.1730E+03	0.0000E+00	0.0000E+00	1.9973E+00
2.1740E+03	0.0000E+00	0.0000E+00	1.9891E+00
2.1750E+03	0.0000E+00	0.0000E+00	1.9829E+00
2.1760E+03	0.0000E+00	0.0000E+00	1.9697E+00
2.1770E+03	0.0000E+00	0.0000E+00	1.9629E+00
2.1780E+03	0.0000E+00	0.0000E+00	1.9636E+00
2.1790E+03	0.0000E+00	0.0000E+00	1.9706E+00
2.1800E+03	0.0000E+00	0.0000E+00	1.9760E+00
2.1810E+03	0.0000E+00	0.0000E+00	1.9867E+00
2.1820E+03	0.0000E+00	0.0000E+00	1.9957E+00
2.1830E+03	0.0000E+00	0.0000E+00	2.0067E+00
2.1840E+03	0.0000E+00	0.0000E+00	2.0114E+00
2.1850E+03	0.0000E+00	0.0000E+00	2.0148E+00
2.1860E+03	0.0000E+00	0.0000E+00	2.0139E+00
2.1870E+03	0.0000E+00	0.0000E+00	2.0107E+00
2.1880E+03	0.0000E+00	0.0000E+00	2.0030E+00
2.1890E+03	0.0000E+00	0.0000E+00	2.0009E+00
2.1900E+03	0.0000E+00	0.0000E+00	1.9913E+00
2.1910E+03	0.0000E+00	0.0000E+00	1.9848E+00
2.1920E+03	0.0000E+00	0.0000E+00	1.9814E+00
2.1930E+03	0.0000E+00	0.0000E+00	1.9752E+00
2.1940E+03	0.0000E+00	0.0000E+00	1.9678E+00
2.1950E+03	0.0000E+00	0.0000E+00	1.9635E+00
2.1960E+03	0.0000E+00	0.0000E+00	1.9586E+00
2.1970E+03	0.0000E+00	0.0000E+00	1.9515E+00
2.1980E+03	0.0000E+00	0.0000E+00	1.9432E+00
2.1990E+03	0.0000E+00	0.0000E+00	1.9385E+00
2.2000E+03	0.0000E+00	0.0000E+00	1.9319E+00
2.2010E+03	0.0000E+00	0.0000E+00	1.9255E+00
2.2020E+03	0.0000E+00	0.0000E+00	1.9273E+00
2.2030E+03	0.0000E+00	0.0000E+00	1.9327E+00
2.2040E+03	0.0000E+00	0.0000E+00	1.9405E+00
2.2050E+03	0.0000E+00	0.0000E+00	1.9544E+00
2.2060E+03	0.0000E+00	0.0000E+00	1.9668E+00
2.2070E+03	0.0000E+00	0.0000E+00	1.9785E+00
2.2080E+03	0.0000E+00	0.0000E+00	1.9880E+00
2.2090E+03	0.0000E+00	0.0000E+00	1.9957E+00
2.2100E+03	0.0000E+00	0.0000E+00	1.9992E+00
2.2110E+03	0.0000E+00	0.0000E+00	1.9937E+00
2.2120E+03	0.0000E+00	0.0000E+00	1.9899E+00
2.2130E+03	0.0000E+00	0.0000E+00	1.9829E+00
2.2140E+03	0.0000E+00	0.0000E+00	1.9763E+00
2.2150E+03	0.0000E+00	0.0000E+00	1.9686E+00
2.2160E+03	0.0000E+00	0.0000E+00	1.9650E+00
2.2170E+03	0.0000E+00	0.0000E+00	1.9607E+00
2.2180E+03	0.0000E+00	0.0000E+00	1.9537E+00
2.2190E+03	0.0000E+00	0.0000E+00	1.9455E+00
2.2200E+03	0.0000E+00	0.0000E+00	1.9401E+00
2.2210E+03	0.0000E+00	0.0000E+00	1.9330E+00
2.2220E+03	0.0000E+00	0.0000E+00	1.9286E+00
2.2230E+03	0.0000E+00	0.0000E+00	1.9267E+00
2.2240E+03	0.0000E+00	0.0000E+00	1.9274E+00
2.2250E+03	0.0000E+00	0.0000E+00	1.9230E+00
2.2260E+03	0.0000E+00	0.0000E+00	1.9198E+00
2.2270E+03	0.0000E+00	0.0000E+00	1.9283E+00
2.2280E+03	0.0000E+00	0.0000E+00	1.9322E+00
2.2290E+03	0.0000E+00	0.0000E+00	1.9421E+00
2.2300E+03	0.0000E+00	0.0000E+00	1.9536E+00
2.2310E+03	0.0000E+00	0.0000E+00	1.9608E+00
2.2320E+03	0.0000E+00	0.0000E+00	1.9675E+00
2.2330E+03	0.0000E+00	0.0000E+00	1.9686E+00
2.2340E+03	0.0000E+00	0.0000E+00	1.9706E+00
2.2350E+03	0.0000E+00	0.0000E+00	1.9655E+00
2.2360E+03	0.0000E+00	0.0000E+00	1.9661E+00
2.2370E+03	0.0000E+00	0.0000E+00	1.9582E+00
2.2380E+03	0.0000E+00	0.0000E+00	1.9524E+00
2.2390E+03	0.0000E+00	0.0000E+00	1.9455E+00
2.2400E+03	0.0000E+00	0.0000E+00	1.9417E+00
2.2410E+03	0.0000E+00	0.0000E+00	1.9354E+00
2.2420E+03	0.0000E+00	0.0000E+00	1.9308E+00
2.2430E+03	0.0000E+00	0.0000E+00	1.9267E+00
2.2440E+03	0.0000E+00	0.0000E+00	1.9229E+00
2.2450E+03	0.0000E+00	0.0000E+00	1.9158E+00
2.2460E+03	0.0000E+00	0.0000E+00	1.9103E+00
2.2470E+03	0.0000E+00	0.0000E+00	1.9030E+00
2.2480E+03	0.0000E+00	0.0000E+00	1.8936E+00
2.2490E+03	0.0000E+00	0.0000E+00	1.8874E+00
2.2500E+03	0.0000E+00	0.0000E+00	1.8857E+00
2.2510E+03	0.0000E+00	0.0000E+00	1.8886E+00
2.2520E+03	0.0000E+00	0.0000E+00	1.8977E+00
2.2530E+03	0.0000E+00	0.0000E+00	1.9090E+00
2.2540E+03	0.0000E+00	0.0000E+00	1.9205E+00
2.2550E+03	0.0000E+00	0.0000E+00	1.9332E+00
2.2560E+03	0.0000E+00	0.0000E+00	1.9453E+00
2.2570E+03	0.0000E+00	0.0000E+00	1.9486E+00
2.2580E+03	0.0000E+00	0.0000E+00	1.9526E+00
2.2590E+03	0.0000E+00	0.0000E+00	1.9475E+00
2.2600E+03	0.0000E+00	0.0000E+00	1.9430E+00
2.2610E+03	0.0000E+00	0.0000E+00	1.9380E+00
2.2620E+03	0.0000E+00	0.0000E+00	1.9340E+00
2.2630E+03	0.0000E+00	0.0000E+00	1.9280E+00
2.2640E+03	0.0000E+00	0.0000E+00	1.9214E+00
2.2650E+03	0.0000E+00	0.0000E+00	1.9187E+00
2.2660E+03	0.0000E+00	0.0000E+00	1.9124E+00
2.2670E+03	0.0000E+00	0.0000E+00	1.9074E+00
2.2680E+03	0.0000E+00	0.0000E+00	1.9003E+00
2.2690E+03	0.0000E+00	0.0000E+00	1.8974E+00
2.2700E+03	0.0000E+00	0.0000E+00	1.8897E+00
2.2710E+03	0.0000E+00	0.0000E+00	1.8862E+00
2.2720E+03	0.0000E+00	0.0000E+00	1.8805E+00
2.2730E+03	0.0000E+00	0.0000E+00	1.8779E+00
2.2740E+03	0.0000E+00	0.0000E+00	1.8848E+00
2.2750E+03	0.0000E+00	0.0000E+00	1.8928E+00
2.2760E+03	0.0000E+00	0.0000E+00	1.9046E+00
2.2770E+03	0.0000E+00	0.0000E+00	1.9106E+00
2.2780E+03	0.0000E+00	0.0000E+00	1.9181E+00
2.2790E+03	0.0000E+00	0.0000E+00	1.9252E+00
2.2800E+03	0.0000E+00	0.0000E+00	1.9296E+00
2.2810E+03	0.0000E+00	0.0000E+00	1.9293E+00
2.2820E+03	0.0000E+00	0.0000E+00	1.9282E+00
2.2830E+03	0.0000E+00	0.0000E+00	1.9285E+00
2.2840E+03	0.0000E+00	0.0000E+00	1.9252E+00
2.2850E+03	0.0000E+00	0.0000E+00	1.9211E+00
2.2860E+03	0.0000E+00	0.0000E+00	1.9154E+00
2.2870E+03	0.0000E+00	0.0000E+00	1.9092E+00
2.2880E+03	0.0000E+00	0.0000E+00	1.9067E+00
2.2890E+03	0.0000E+00	0.0000E+00	1.9008E+00
2.2900E+03	0.0000E+00	0.0000E+00	1.8970E+00
2.2910E+03	0.0000E+00	0.0000E+00	1.8924E+00
2.2920E+03	0.0000E+00	0.0000E+00	1.8853E+00
2.2930E+03	0.0000E+00	0.0000E+00	1.8776E+00
2.2940E+03	0.0000E+00	0.0000E+00	1.8719E+00
2.2950E+03	0.0000E+00	0.0000E+00	1.8691E+00
2.2960E+03	0.0000E+00	0.0000E+00	1.8637E+00
2.2970E+03	0.0000E+00	0.0000E+00	1.8622E+00
2.2980E+03	0.0000E+00	0.0000E+00	1.8584E+00
2.2990E+03	0.0000E+00	0.0000E+00	1.8590E+00
2.3000E+03	0.0000E+00	0.0000E+00	1.8658E+00
2.3010E+03	0.0000E+00	0.0000E+00	1.8754E+00
2.3020E+03	0.0000E+00	0.0000E+00	1.8891E+00
2.3030E+03	0.0000E+00	0.0000E+00	1.9028E+00
2.3040E+03	0.0000E+00	0.0000E+00	1.9145E+00
2.3050E+03	0.0000E+00	0.0000E+00	1.9185E+00
2.3060E+03	0.0000E+00	0.0000E+00	1.9214E+00
2.3070E+03	0.0000E+00	0.0000E+00	1.9228E+00
2.3080E+03	0.0000E+00	0.0000E+00	1.9182E+00
2.3090E+03	0.0000E+00	0.0000E+00	1.9122E+00
2.3100E+03	0.0000E+00	0.0000E+00	1.9086E+00
2.3110E+03	0.0000E+00	0.0000E+00	1.9014E+00
2.3120E+03	0.0000E+00	0.0000E+00	1.9005E+00
2.3130E+03	0.0000E+00	0.0000E+00	1.8961E+00
2.3140E+03	0.0000E+00	0.0000E+00	1.8915E+00
2.3150E+03	0.0000E+00	0.0000E+00	1.8867E+00
2.3160E+03	0.0000E+00	0.0000E+00	1.8790E+00
2.3170E+03	0.0000E+00	0.0000E+00	1.8745E+00
2.3180E+03	0.0000E+00	0.0000E+00	1.8701E+00
2.3190E+03	0.0000E+00	0.0000E+00	1.8638E+00
2.3200E+03	0.0000E+00	0.0000E+00	1.8596E+00
2.3210E+03	0.0000E+00	0.0000E+00	1.8547E+00
2.3220E+03	0.0000E+00	0.0000E+00	1.8579E+00
2.3230E+03	0.0000E+00	0.0000E+00	1.8594E+00
2.3240E+03	0.0000E+00	0.0000E+00	1.8657E+00
2.3250E+03	0.0000E+00	0.0000E+00	1.8775E+00
2.3260E+03	0.0000E+00	0.0000E+00	1.8872E+00
2.3270E+03	0.0000E+00	0.0000E+00	1.8993E+00
2.3280E+03	0.0000E+00	0.0000E+00	1.9197E+00
2.3290E+03	0.0000E+00	0.0000E+00	1.9375E+00
2.3300E+03	0.0000E+00	0.0000E+00	1.9588E+00
2.3310E+03	0.0000E+00	0.0000E+00	1.9680E+00
2.3320E+03	0.0000E+00	0.0000E+00	1.9648E+00
2.3330E+03	0.0000E+00	0.0000E+00	1.9533E+00
2.3340E+03	0.0000E+00	0.0000E+00	1.9414E+00
2.3350E+03	0.0000E+00	0.0000E+00	1.9329E+00
2.3360E+03	0.0000E+00	0.0000E+00	1.9227E+00
2.3370E+03	0.0000E+00	0.0000E+00	1.9135E+00
2.3380E+03	0.0000E+00	0.0000E+00	1.9031E+00
2.3390E+03	0.0000E+00	0.0000E+00	1.8943E+00
2.3400E+03	0.0000E+00	0.0000E+00	1.8906E+00
2.3410E+03	0.0000E+00	0.0000E+00	1.8843E+00
2.3420E+03	0.0000E+00	0.0000E+00	1.8755E+00
2.3430E+03	0.0000E+00	0.0000E+00	1.8683E+00
2.3440E+03	0.0000E+00	0.0000E+00	1.8604E+00
2.3450E+03	0.0000E+00	0.0000E+00	1.8554E+00
2.3460E+03	0.0000E+00	0.0000E+00	1.8623E+00
2.3470E+03	0.0000E+00	0.0000E+00	1.8820E+00
2.3480E+03	0.0000E+00	0.0000E+00	1.8873E+00
2.3490E+03	0.0000E+00	0.0000E+00	1.8873E+00
2.3500E+03	0.0000E+00	0.0000E+00	1.8946E+00
2.3510E+03	0.0000E+00	0.0000E+00	1.9007E+00
2.3520E+03	0.0000E+00	0.0000E+00	1.9068E+00
2.3530E+03	0.0000E+00	0.0000E+00	1.9105E+00
2.3540E+03	0.0000E+00	0.0000E+00	1.9148E+00
2.3550E+03	0.0000E+00	0.0000E+00	1.9169E+00
2.3560E+03	0.0000E+00	0.0000E+00	1.9148E+00
2.3570E+03	0.0000E+00	0.0000E+00	1.9120E+00
2.3580E+03	0.0000E+00	0.0000E+00	1.9069E+00
2.3590E+03	0.0000E+00	0.0000E+00	1.9070E+00
2.3600E+03	0.0000E+00	0.0000E+00	1.9024E+00
2.3610E+03	0.0000E+00	0.0000E+00	1.8952E+00
2.3620E+03	0.0000E+00	0.0000E+00	1.8929E+00
2.3630E+03	0.0000E+00	0.0000E+00	1.8839E+00
2.3640E+03	0.0000E+00	0.0000E+00	1.8862E+00
2.3650E+03	0.0000E+00	0.0000E+00	1.8844E+00
2.3660E+03	0.0000E+00	0.0000E+00	1.8819E+00
2.3670E+03	0.0000E+00	0.0000E+00	1.8764E+00
2.3680E+03	0.0000E+00	0.0000E+00	1.8732E+00
2.3690E+03	0.0000E+00	0.0000E+00	1.8811E+00
2.3700E+03	0.0000E+00	0.0000E+00	1.8849E+00
2.3710E+03	0.0000E+00	0.0000E+00	1.8853E+00
2.3720E+03	0.0000E+00	0.0000E+00	1.8887E+00
2.3730E+03	0.0000E+00	0.0000E+00	1.8991E+00
2.3740E+03	0.0000E+00	0.0000E+00	1.9099E+00
2.3750E+03	0.0000E+00	0.0000E+00	1.9196E+00
2.3760E+03	0.0000E+00	0.0000E+00	1.9259E+00
2.3770E+03	0.0000E+00	0.0000E+00	1.9275E+00
2.3780E+03	0.0000E+00	0.0000E+00	1.9282E+00
2.3790E+03	0.0000E+00	0.0000E+00	1.9278E+00
2.3800E+03	0.0000E+00	0.0000E+00	1.9218E+00
2.3810E+03	0.0000E+00	0.0000E+00	1.9216E+00
2.3820E+03	0.0000E+00	0.0000E+00	1.9145E+00
2.3830E+03	0.0000E+00	0.0000E+00	1.9064E+00
2.3840E+03	0.0000E+00	0.0000E+00	1.9062E+00
2.3850E+03	0.0000E+00	0.0000E+00	1.9041E+00
2.3860E+03	0.0000E+00	0.0000E+00	1.8971E+00
2.3870E+03	0.0000E+00	0.0000E+00	1.8935E+00
2.3880E+03	0.0000E+00	0.0000E+00	1.8940E+00
2.3890E+03	0.0000E+00	0.0000E+00	1.8867E+00
2.3900E+03	0.0000E+00	0.0000E+00	1.8849E+00
2.3910E+03	0.0000E+00	0.0000E+00	1.8806E+00
2.3920E+03	0.0000E+00	0.0000E+00	1.8777E+00
2.3930E+03	0.0000E+00	0.0000E+00	1.8736E+00
2.3940E+03	0.0000E+00	0.0000E+00	1.8756E+00
2.3950E+03	0.0000E+00	0.0000E+00	1.8816E+00
2.3960E+03	0.0000E+00	0.0000E+00	1.8845E+00
2.3970E+03	0.0000E+00	0.0000E+00	1.8908E+00
2.3980E+03	0.0000E+00	0.0000E+00	1.8993E+00
2.3990E+03	0.0000E+00	0.0000E+00	1.9068E+00
2.4000E+03	0.0000E+00	0.0000E+00	1.9129E+00
2.4010E+03	0.0000E+00	0.0000E+00	1.9189E+00
2.4020E+03	0.0000E+00	0.0000E+00	1.9212E+00
2.4030E+03	0.0000E+00	0.0000E+00	1.9214E+00
2.4040E+03	0.0000E+00	0.0000E+00	1.9185E+00
2.4050E+03	0.0000E+00	0.0000E+00	1.9164E+00
2.4060E+03	0.0000E+00	0.0000E+00	1.9109E+00
2.4070E+03	0.0000E+00	0.0000E+00	1.9080E+00
2.4080E+03	0.0000E+00	0.0000E+00	1.9077E+00
2.4090E+03	0.0000E+00	0.0000E+00	1.9015E+00
2.4100E+03	0.0000E+00	0.0000E+00	1.8992E+00
2.4110E+03	0.0000E+00	0.0000E+00	1.8976E+00
2.4120E+03	0.0000E+00	0.0000E+00	1.8935E+00
2.4130E+03	0.0000E+00	0.0000E+00	1.8862E+00
2.4140E+03	0.0000E+00	0.0000E+00	1.8807E+00
2.4150E+03	0.0000E+00	0.0000E+00	1.8750E+00
2.4160E+03	0.0000E+00	0.0000E+00	1.8686E+00
2.4170E+03	0.0000E+00	0.0000E+00	1.8622E+00
2.4180E+03	0.0000E+00	0.0000E+00	1.8659E+00
2.4190E+03	0.0000E+00	0.0000E+00	1.8631E+00
2.4200E+03	0.0000E+00	0.0000E+00	1.8675E+00
2.4210E+03	0.0000E+00	0.0000E+00	1.8762E+00
2.4220E+03	0.0000E+00	0.0000E+00	1.8847E+00
2.4230E+03	0.0000E+00	0.0000E+00	1.8980E+00
2.4240E+03	0.0000E+00	0.0000E+00	1.9087E+00
2.4250E+03	0.0000E+00	0.0000E+00	1.9148E+00
2.4260E+03	0.0000E+00	0.0000E+00	1.9171E+00
2.4270E+03	0.0000E+00	0.0000E+00	1.9160E+00
2.4280E+03	0.0000E+00	0.0000E+00	1.9097E+00
2.4290E+03	0.0000E+00	0.0000E+00	1.9051E+00
2.4300E+03	0.0000E+00	0.0000E+00	1.9000E+00
2.4310E+03	0.0000E+00	0.0000E+00	1.8958E+00
2.4320E+03	0.0000E+00	0.0000E+00	1.8893E+00
2.4330E+03	0.0000E+00	0.0000E+00	1.8859E+00
2.4340E+03	0.0000E+00	0.0000E+00	1.8786E+00
2.4350E+03	0.0000E+00	0.0000E+00	1.8747E+00
2.4360E+03	0.0000E+00	0.0000E+00	1.8677E+00
2.4370E+03	0.0000E+00	0.0000E+00	1.8656E+00
2.4380E+03	0.0000E+00	0.0000E+00	1.8567E+00
2.4390E+03	0.0000E+00	0.0000E+00	1.8538E+00
2.4400E+03	0.0000E+00	0.0000E+00	1.8455E+00
2.4410E+03	0.0000E+00	0.0000E+00	1.8402E+00
2.4420E+03	0.0000E+00	0.0000E+00	1.8383E+00
2.4430E+03	0.0000E+00	0.0000E+00	1.8428E+00
2.4440E+03	0.0000E+00	0.0000E+00	1.8437E+00
2.4450E+03	0.0000E+00	0.0000E+00	1.8515E+00
2.4460E+03	0.0000E+00	0.0000E+00	1.8645E+00
2.4470E+03	0.0000E+00	0.0000E+00	1.8783E+00
2.4480E+03	0.0000E+00	0.0000E+00	1.8901E+00
2.4490E+03	0.0000E+00	0.0000E+00	1.8987E+00
2.4500E+03	0.0000E+00	0.0000E+00	1.9003E+00
2.4510E+03	0.0000E+00	0.0000E+00	1.8998E+00
2.4520E+03	0.0000E+00	0.0000E+00	1.8936E+00
2.4530E+03	0.0000E+00	0.0000E+00	1.8897E+00
2.4540E+03	0.0000E+00	0.0000E+00	1.8850E+00
2.4550E+03	0.0000E+00	0.0000E+00	1.8806E+00
2.4560E+03	0.0000E+00	0.0000E+00	1.8738E+00
2.4570E+03	0.0000E+00	0.0000E+00	1.8680E+00
2.4580E+03	0.0000E+00	0.0000E+00	1.8657E+00
2.4590E+03	0.0000E+00	0.0000E+00	1.8598E+00
2.4600E+03	0.0000E+00	0.0000E+00	1.8546E+00
2.4610E+03	0.0000E+00	0.0000E+00	1.8508E+00
2.4620E+03	0.0000E+00	0.0000E+00	1.8450E+00
2.4630E+03	0.0000E+00	0.0000E+00	1.8379E+00
2.4640E+03	0.0000E+00	0.0000E+00	1.8315E+00
2.4650E+03	0.0000E+00	0.0000E+00	1.8301E+00
2.4660E+03	0.0000E+00	0.0000E+00	1.8292E+00
2.4670E+03	0.0000E+00	0.0000E+00	1.8347E+00
2.4680E+03	0.0000E+00	0.0000E+00	1.8477E+00
2.4690E+03	0.0000E+00	0.0000E+00	1.8654E+00
2.4700E+03	0.0000E+00	0.0000E+00	1.8881E+00
2.4710E+03	0.0000E+00	0.0000E+00	1.9192E+00
2.4720E+03	0.0000E+00	0.0000E+00	1.9453E+00
2.4730E+03	0.0000E+00	0.0000E+00	1.9668E+00
2.4740E+03	0.0000E+00	0.0000E+00	1.9683E+00
2.4750E+03	0.0000E+00	0.0000E+00	1.9619E+00
2.4760E+03	0.0000E+00	0.0000E+00	1.9564E+00
2.4770E+03	0.0000E+00	0.0000E+00	1.9456E+00
2.4780E+03	0.0000E+00	0.0000E+00	1.9332E+00
2.4790E+03	0.0000E+00	0.0000E+00	1.9245E+00
2.4800E+03	0.0000E+00	0.0000E+00	1.9159E+00
2.4810E+03	0.0000E+00	0.0000E+00	1.9057E+00
2.4820E+03	0.0000E+00	0.0000E+00	1.8995E+00
2.4830E+03	0.0000E+00	0.0000E+00	1.8905E+00
2.4840E+03	0.0000E+00	0.0000E+00	1.8797E+00
2.4850E+03	0.0000E+00	0.0000E+00	1.8757E+00
2.4860E+03	0.0000E+00	0.0000E+00	1.8680E+00
2.4870E+03	0.0000E+00	0.0000E+00	1.8640E+00
2.4880E+03	0.0000E+00	0.0000E+00	1.8584E+00
2.4890E+03	0.0000E+00	0.0000E+00	1.8528E+00
2.4900E+03	0.0000E+00	0.0000E+00	1.8471E+00
2.4910E+03	0.0000E+00	0.0000E+00	1.8477E+00
2.4920E+03	0.0000E+00	0.0000E+00	1.8497E+00
2.4930E+03	0.0000E+00	0.0000E+00	1.8547E+00
2.4940E+03	0.0000E+00	0.0000E+00	1.8645E+00
2.4950E+03	0.0000E+00	0.0000E+00	1.8677E+00
2.4960E+03	0.0000E+00	0.0000E+00	1.8724E+00
2.4970E+03	0.0000E+00	0.0000E+00	1.8748E+00
2.4980E+03	0.0000E+00	0.0000E+00	1.8772E+00
2.4990E+03	0.0000E+00	0.0000E+00	1.8739E+00
2.5000E+03	0.0000E+00	0.0000E+00	1.8691E+00
2.5010E+03	0.0000E+00	0.0000E+00	1.8638E+00
2.5020E+03	0.0000E+00	0.0000E+00	1.8610E+00
2.5030E+03	0.0000E+00	0.0000E+00	1.8569E+00
2.5040E+03	0.0000E+00	0.0000E+00	1.8539E+00
2.5050E+03	0.0000E+00	0.0000E+00	1.8492E+00
2.5060E+03	0.0000E+00	0.0000E+00	1.8473E+00
2.5070E+03	0.0000E+00	0.0000E+00	1.8456E+00
2.5080E+03	0.0000E+00	0.0000E+00	1.8435E+00
2.5090E+03	0.0000E+00	0.0000E+00	1.8407E+00
2.5100E+03	0.0000E+00	0.0000E+00	1.8379E+00
2.5110E+03	0.0000E+00	0.0000E+00	1.8359E+00
2.5120E+03	0.0000E+00	0.0000E+00	1.8317E+00
2.5130E+03	0.0000E+00	0.0000E+00	1.8328E+00
2.5140E+03	0.0000E+00	0.0000E+00	1.8356E+00
2.5150E+03	0.0000E+00	0.0000E+00	1.8513E+00
2.5160E+03	0.0000E+00	0.0000E+00	1.8626E+00
2.5170E+03	0.0000E+00	0.0000E+00	1.8562E+00
2.5180E+03	0.0000E+00	0.0000E+00	1.8557E+00
2.5190E+03	0.0000E+00	0.0000E+00	1.8574E+00
2.5200E+03	0.0000E+00	0.0000E+00	1.8656E+00
2.5210E+03	0.0000E+00	0.0000E+00	1.8709E+00
2.5220E+03	0.0000E+00	0.0000E+00	1.8703E+00
2.5230E+03	0.0000E+00	0.0000E+00	1.8706E+00
2.5240E+03	0.0000E+00	0.0000E+00	1.8665E+00
2.5250E+03	0.0000E+00	0.0000E+00	1.8614E+00
2.5260E+03	0.0000E+00	0.0000E+00	1.8585E+00
2.5270E+03	0.0000E+00	0.0000E+00	1.8554E+00
2.5280E+03	0.0000E+00	0.0000E+00	1.8525E+00
2.5290E+03	0.0000E+00	0.0000E+00	1.8500E+00
2.5300E+03	0.0000E+00	0.0000E+00	1.8445E+00
2.5310E+03	0.0000E+00	0.0000E+00	1.8431E+00
2.5320E+03	0.0000E+00	0.0000E+00	1.8404E+00
2.5330E+03	0.0000E+00	0.0000E+00	1.8353E+00
2.5340E+03	0.0000E+00	0.0000E+00	1.8289E+00
2.5350E+03	0.0000E+00	0.0000E+00	1.8261E+00
2.5360E+03	0.0000E+00	0.0000E+00	1.8203E+00
2.5370E+03	0.0000E+00	0.0000E+00	1.8169E+00
2.5380E+03	0.0000E+00	0.0000E+00	1.8134E+00
2.5390E+03	0.0000E+00	0.0000E+00	1.8092E+00
2.5400E+03	0.0000E+00	0.0000E+00	1.8080E+00
2.5410E+03	0.0000E+00	0.0000E+00	1.8135E+00
2.5420E+03	0.0000E+00	0.0000E+00	1.8210E+00
2.5430E+03	0.0000E+00	0.0000E+00	1.8289E+00
2.5440E+03	0.0000E+00	0.0000E+00	1.8407E+00
2.5450E+03	0.0000E+00	0.0000E+00	1.8496E+00
2.5460E+03	0.0000E+00	0.0000E+00	1.8548E+00
2.5470E+03	0.0000E+00	0.0000E+00	1.8552E+00
2.5480E+03	0.0000E+00	0.0000E+00	1.8535E+00
2.5490E+03	0.0000E+00	0.0000E+00	1.8503E+00
2.5500E+03	0.0000E+00	0.0000E+00	1.8473E+00
2.5510E+03	0.0000E+00	0.0000E+00	1.8434E+00
2.5520E+03	0.0000E+00	0.0000E+00	1.8403E+00
2.5530E+03	0.0000E+00	0.0000E+00	1.8356E+00
2.5540E+03	0.0000E+00	0.0000E+00	1.8322E+00
2.5550E+03	0.0000E+00	0.0000E+00	1.8293E+00
2.5560E+03	0.0000E+00	0.0000E+00	1.8238E+00
2.5570E+03	0.0000E+00	0.0000E+00	1.8205E+00
2.5580E+03	0.0000E+00	0.0000E+00	1.8156E+00
2.5590E+03	0.0000E+00	0.0000E+00	1.8091E+00
2.5600E+03	0.0000E+00	0.0000E+00	1.8073E+00
2.5610E+03	0.0000E+00	0.0000E+00	1.8021E+00
2.5620E+03	0.0000E+00	0.0000E+00	1.7997E+00
2.5630E+03	0.0000E+00	0.0000E+00	1.7973E+00
2.5640E+03	0.0000E+00	0.0000E+00	1.8021E+00
2.5650E+03	0.0000E+00	0.0000E+00	1.8032E+00
2.5660E+03	0.0000E+00	0.0000E+00	1.8114E+00
2.5670E+03	0.0000E+00	0.0000E+00	1.8205E+00
2.5680E+03	0.0000E+00	0.0000E+00	1.8238E+00
2.5690E+03	0.0000E+00	0.0000E+00	1.8267E+00
2.5700E+03	0.0000E+00	0.0000E+00	1.8276E+00
2.5710E+03	0.0000E+00	0.0000E+00	1.8276E+00
2.5720E+03	0.0000E+00	0.0000E+00	1.8264E+00
2.5730E+03	0.0000E+00	0.0000E+00	1.8238E+00
2.5740E+03	0.0000E+00	0.0000E+00	1.8217E+00
2.5750E+03	0.0000E+00	0.0000E+00	1.8147E+00
2.5760E+03	0.0000E+00	0.0000E+00	1.8129E+00
2.5770E+03	0.0000E+00	0.0000E+00	1.8126E+00
2.5780E+03	0.0000E+00	0.0000E+00	1.8086E+00
2.5790E+03	0.0000E+00	0.0000E+00	1.8061E+00
2.5800E+03	0.0000E+00	0.0000E+00	1.8049E+00
2.5810E+03	0.0000E+00	0.0000E+00	1.8019E+00
2.5820E+03	0.0000E+00	0.0000E+00	1.7969E+00
2.5830E+03	0.0000E+00	0.0000E+00	1.7953E+00
2.5840E+03	0.0000E+00	0.0000E+00	1.7930E+00
2.5850E+03	0.0000E+00	0.0000E+00	1.7931E+00
2.5860E+03	0.0000E+00	0.0000E+00	1.8043E+00
2.5870E+03	0.0000E+00	0.0000E+00	1.8231E+00
2.5880E+03	0.0000E+00	0.0000E+00	1.8331E+00
2.5890E+03	0.0000E+00	0.0000E+00	1.8421E+00
2.5900E+03	0.0000E+00	0.0000E+00	1.8590E+00
2.5910E+03	0.0000E+00	0.0000E+00	1.8869E+00
2.5920E+03	0.0000E+00	0.0000E+00	1.9022E+00
2.5930E+03	0.0000E+00	0.0000E+00	1.9054E+00
2.5940E+03	0.0000E+00	0.0000E+00	1.9088E+00
2.5950E+03	0.0000E+00	0.0000E+00	1.9056E+00
2.5960E+03	0.0000E+00	0.0000E+00	1.8978E+00
2.5970E+03	0.0000E+00	0.0000E+00	1.8929E+00
2.5980E+03	0.0000E+00	0.0000E+00	1.8818E+00
2.5990E+03	0.0000E+00	0.0000E+00	1.8753E+00
2.6000E+03	0.0000E+00	0.0000E+00	1.8704E+00
2.6010E+03	0.0000E+00	0.0000E+00	1.8624E+00
2.6020E+03	0.0000E+00	0.0000E+00	1.8594E+00
2.6030E+03	0.0000E+00	0.0000E+00	1.8509E+00
2.6040E+03	0.0000E+00	0.0000E+00	1.8456E+00
2.6050E+03	0.0000E+00	0.0000E+00	1.8391E+00
2.6060E+03	0.0000E+00	0.0000E+00	1.8330E+00
2.6070E+03	0.0000E+00	0.0000E+00	1.8242E+00
2.6080E+03	0.0000E+00	0.0000E+00	1.8182E+00
2.6090E+03	0.0000E+00	0.0000E+00	1.8147E+00
2.6100E+03	0.0000E+00	0.0000E+00	1.8093E+00
2.6110E+03	0.0000E+00	0.0000E+00	1.8075E+00
2.6120E+03	0.0000E+00	0.0000E+00	1.8093E+00
2.6130E+03	0.0000E+00	0.0000E+00	1.8164E+00
2.6140E+03	0.0000E+00	0.0000E+00	1.8237E+00
2.6150E+03	0.0000E+00	0.0000E+00	1.8377E+00
2.6160E+03	0.0000E+00	0.0000E+00	1.8460E+00
2.6170E+03	0.0000E+00	0.0000E+00	1.8466E+00
2.6180E+03	0.0000E+00	0.0000E+00	1.8496E+00
2.6190E+03	0.0000E+00	0.0000E+00	1.8479E+00
2.6200E+03	0.0000E+00	0.0000E+00	1.8413E+00
2.6210E+03	0.0000E+00	0.0000E+00	1.8423E+00
2.6220E+03	0.0000E+00	0.0000E+00	1.8349E+00
2.6230E+03	0.0000E+00	0.0000E+00	1.8296E+00
2.6240E+03	0.0000E+00	0.0000E+00	1.8257E+00
2.6250E+03	0.0000E+00	0.0000E+00	1.8223E+00
2.6260E+03	0.0000E+00	0.0000E+00	1.8184E+00
2.6270E+03	0.0000E+00	0.0000E+00	1.8111E+00
2.6280E+03	0.0000E+00	0.0000E+00	1.8084E+00
2.6290E+03	0.0000E+00	0.0000E+00	1.7998E+00
2.6300E+03	0.0000E+00	0.0000E+00	1.7976E+00
2.6310E+03	0.0000E+00	0.0000E+00	1.7905E+00
2.6320E+03	0.0000E+00	0.0000E+00	1.7871E+00
2.6330E+03	0.0000E+00	0.0000E+00	1.7822E+00
2.6340E+03	0.0000E+00	0.0000E+00	1.7774E+00
2.6350E+03	0.0000E+00	0.0000E+00	1.7778E+00
2.6360E+03	0.0000E+00	0.0000E+00	1.7767E+00
2.6370E+03	0.0000E+00	0.0000E+00	1.7787E+00
2.6380E+03	0.0000E+00	0.0000E+00	1.7814E+00
2.6390E+03	0.0000E+00	0.0000E+00	1.7868E+00
2.6400E+03	0.0000E+00	0.0000E+00	1.7929E+00
2.6410E+03	0.0000E+00	0.0000E+00	1.8015E+00
2.6420E+03	0.0000E+00	0.0000E+00	1.8033E+00
2.6430E+03	0.0000E+00	0.0000E+00	1.8047E+00
2.6440E+03	0.0000E+00	0.0000E+00	1.8051E+00
2.6450E+03	0.0000E+00	0.0000E+00	1.8024E+00
2.6460E+03	0.0000E+00	0.0000E+00	1.7997E+00
2.6470E+03	0.0000E+00	0.0000E+00	1.7951E+00
2.6480E+03	0.0000E+00	0.0000E+00	1.7948E+00
2.6490E+03	0.0000E+00	0.0000E+00	1.7900E+00
2.6500E+03	0.0000E+00	0.0000E+00	1.7902E+00
2.6510E+03	0.0000E+00	0.0000E+00	1.7873E+00
2.6520E+03	0.0000E+00	0.0000E+00	1.7836E+00
2.6530E+03	0.0000E+00	0.0000E+00	1.7793E+00
2.6540E+03	0.0000E+00	0.0000E+00	1.7745E+00
2.6550E+03	0.0000E+00	0.0000E+00	1.7722E+00
2.6560E+03	0.0000E+00	0.0000E+00	1.7709E+00
2.6570E+03	0.0000E+00	0.0000E+00	1.7670E+00
2.6580E+03	0.0000E+00	0.0000E+00	1.7653E+00
2.6590E+03	0.0000E+00	0.0000E+00	1.7628E+00
2.6600E+03	0.0000E+00	0.0000E+00	1.7626E+00
2.6610E+03	0.0000E+00	0.0000E+00	1.7651E+00
2.6620E+03	0.0000E+00	0.0000E+00	1.7708E+00
2.6630E+03	0.0000E+00	0.0000E+00	1.7762E+00
2.6640E+03	0.0000E+00	0.0000E+00	1.7845E+00
2.6650E+03	0.0000E+00	0.0000E+00	1.7915E+00
2.6660E+03	0.0000E+00	0.0000E+00	1.7945E+00
2.6670E+03	0.0000E+00	0.0000E+00	1.7984E+00
2.6680E+03	0.0000E+00	0.0000E+00	1.7990E+00
2.6690E+03	0.0000E+00	0.0000E+00	1.7942E+00
2.6700E+03	0.0000E+00	0.0000E+00	1.7917E+00
2.6710E+03	0.0000E+00	0.0000E+00	1.7908E+00
2.6720E+03	0.0000E+00	0.0000E+00	1.7893E+00
2.6730E+03	0.0000E+00	0.0000E+00	1.7865E+00
2.6740E+03	0.0000E+00	0.0000E+00	1.7796E+00
2.6750E+03	0.0000E+00	0.0000E+00	1.7714E+00
2.6760E+03	0.0000E+00	0.0000E+00	1.7722E+00
2.6770E+03	0.0000E+00	0.0000E+00	1.7658E+00
2.6780E+03	0.0000E+00	0.0000E+00	1.7652E+00
2.6790E+03	0.0000E+00	0.0000E+00	1.7626E+00
2.6800E+03	0.0000E+00	0.0000E+00	1.7582E+00
2.6810E+03	0.0000E+00	0.0000E+00	1.7564E+00
2.6820E+03	0.0000E+00	0.0000E+00	1.7545E+00
2.6830E+03	0.0000E+00	0.0000E+00	1.7543E+00
2.6840E+03	0.0000E+00	0.0000E+00	1.7544E+00
2.6850E+03	0.0000E+00	0.0000E+00	1.7515E+00
2.6860E+03	0.0000E+00	0.0000E+00	1.7543E+00
2.6870E+03	0.0000E+00	0.0000E+00	1.7612E+00
2.6880E+03	0.0000E+00	0.0000E+00	1.7666E+00
2.6890E+03	0.0000E+00	0.0000E+00	1.7737E+00
2.6900E+03	0.0000E+00	0.0000E+00	1.7822E+00
2.6910E+03	0.0000E+00	0.0000E+00	1.7911E+00
2.6920E+03	0.0000E+00	0.0000E+00	1.7918E+00
2.6930E+03	0.0000E+00	0.0000E+00	1.7886E+00
2.6940E+03	0.0000E+00	0.0000E+00	1.7874E+00
2.6950E+03	0.0000E+00	0.0000E+00	1.7859E+00
2.6960E+03	0.0000E+00	0.0000E+00	1.7812E+00
2.6970E+03	0.0000E+00	0.0000E+00	1.7804E+00
2.6980E+03	0.0000E+00	0.0000E+00	1.7810E+00
2.6990E+03	0.0000E+00	0.0000E+00	1.7840E+00
2.7000E+03	0.0000E+00	0.0000E+00	1.7836E+00
2.7010E+03	0.0000E+00	0.0000E+00	1.7796E+00
2.7020E+03	0.0000E+00	0.0000E+00	1.7761E+00
2.7030E+03	0.0000E+00	0.0000E+00	1.7745E+00
2.7040E+03	0.0000E+00	0.0000E+00	1.7699E+00
2.7050E+03	0.0000E+00	0.0000E+00	1.7706E+00
2.7060E+03	0.0000E+00	0.0000E+00	1.7660E+00
2.7070E+03	0.0000E+00	0.0000E+00	1.7645E+00
2.7080E+03	0.0000E+00	0.0000E+00	1.7623E+00
2.7090E+03	0.0000E+00	0.0000E+00	1.7637E+00
2.7100E+03	0.0000E+00	0.0000E+00	1.7693E+00
2.7110E+03	0.0000E+00	0.0000E+00	1.7784E+00
2.7120E+03	0.0000E+00	0.0000E+00	1.7881E+00
2.7130E+03	0.0000E+00	0.0000E+00	1.7950E+00
2.7140E+03	0.0000E+00	0.0000E+00	1.7962E+00
2.7150E+03	0.0000E+00	0.0000E+00	1.7969E+00
2.7160E+03	0.0000E+00	0.0000E+00	1.7991E+00
2.7170E+03	0.0000E+00	0.0000E+00	1.8011E+00
2.7180E+03	0.0000E+00	0.0000E+00	1.7967E+00
2.7190E+03	0.0000E+00	0.0000E+00	1.7966E+00
2.7200E+03	0.0000E+00	0.0000E+00	1.7939E+00
2.7210E+03	0.0000E+00	0.0000E+00	1.7918E+00
2.7220E+03	0.0000E+00	0.0000E+00	1.7888E+00
2.7230E+03	0.0000E+00	0.0000E+00	1.7843E+00
2.7240E+03	0.0000E+00	0.0000E+00	1.7848E+00
2.7250E+03	0.0000E+00	0.0000E+00	1.7838E+00
2.7260E+03	0.0000E+00	0.0000E+00	1.7758E+00
2.7270E+03	0.0000E+00	0.0000E+00	1.7724E+00
2.7280E+03	0.0000E+00	0.0000E+00	1.7688E+00
2.7290E+03	0.0000E+00	0.0000E+00	1.7672E+00
2.7300E+03	0.0000E+00	0.0000E+00	1.7659E+00
2.7310E+03	0.0000E+00	0.0000E+00	1.7618E+00
2.7320E+03	0.0000E+00	0.0000E+00	1.7628E+00
2.7330E+03	0.0000E+00	0.0000E+00	1.7628E+00
2.7340E+03	0.0000E+00	0.0000E+00	1.7655E+00
2.7350E+03	0.0000E+00	0.0000E+00	1.7693E+00
2.7360E+03	0.0000E+00	0.0000E+00	1.7740E+00
2.7370E+03	0.0000E+00	0.0000E+00	1.7792E+00
2.7380E+03	0.0000E+00	0.0000E+00	1.7861E+00
2.7390E+03	0.0000E+00	0.0000E+00	1.7891E+00
2.7400E+03	0.0000E+00	0.0000E+00	1.7899E+00
2.7410E+03	0.0000E+00	0.0000E+00	1.7930E+00
2.7420E+03	0.0000E+00	0.0000E+00	1.7927E+00
2.7430E+03	0.0000E+00	0.0000E+00	1.7911E+00
2.7440E+03	0.0000E+00	0.0000E+00	1.7886E+00
2.7450E+03	0.0000E+00	0.0000E+00	1.7869E+00
2.7460E+03	0.0000E+00	0.0000E+00	1.7837E+00
2.7470E+03	0.0000E+00	0.0000E+00	1.7833E+00
2.7480E+03	0.0000E+00	0.0000E+00	1.7832E+00
2.7490E+03	0.0000E+00	0.0000E+00	1.7879E+00
2.7500E+03	0.0000E+00	0.0000E+00	1.7866E+00
2.7510E+03	0.0000E+00	0.0000E+00	1.7881E+00
2.7520E+03	0.0000E+00	0.0000E+00	1.7866E+00
2.7530E+03	0.0000E+00	0.0000E+00	1.7894E+00
2.7540E+03	0.0000E+00	0.0000E+00	1.7965E+00
2.7550E+03	0.0000E+00	0.0000E+00	1.8007E+00
2.7560E+03	0.0000E+00	0.0000E+00	1.8014E+00
2.7570E+03	0.0000E+00	0.0000E+00	1.8004E+00
2.7580E+03	0.0000E+00	0.0000E+00	1.7975E+00
2.7590E+03	0.0000E+00	0.0000E+00	1.7971E+00
2.7600E+03	0.0000E+00	0.0000E+00	1.8009E+00
2.7610E+03	0.0000E+00	0.0000E+00	1.8000E+00
2.7620E+03	0.0000E+00	0.0000E+00	1.8005E+00
2.7630E+03	0.0000E+00	0.0000E+00	1.7984E+00
2.7640E+03	0.0000E+00	0.0000E+00	1.7955E+00
2.7650E+03	0.0000E+00	0.0000E+00	1.7961E+00
2.7660E+03	0.0000E+00	0.0000E+00	1.7978E+00
2.7670E+03	0.0000E+00	0.0000E+00	1.7978E+00
2.7680E+03	0.0000E+00	0.0000E+00	1.7911E+00
2.7690E+03	0.0000E+00	0.0000E+00	1.7883E+00
2.7700E+03	0.0000E+00	0.0000E+00	1.7844E+00
2.7710E+03	0.0000E+00	0.0000E+00	1.7824E+00
2.7720E+03	0.0000E+00	0.0000E+00	1.7790E+00
2.7730E+03	0.0000E+00	0.0000E+00	1.7766E+00
2.7740E+03	0.0000E+00	0.0000E+00	1.7728E+00
2.7750E+03	0.0000E+00	0.0000E+00	1.7689E+00
2.7760E+03	0.0000E+00	0.0000E+00	1.7649E+00
2.7770E+03	0.0000E+00	0.0000E+00	1.7613E+00
2.7780E+03	0.0000E+00	0.0000E+00	1.7573E+00
2.7790E+03	0.0000E+00	0.0000E+00	1.7547E+00
2.7800E+03	0.0000E+00	0.0000E+00	1.7507E+00
2.7810E+03	0.0000E+00	0.0000E+00	1.7504E+00
2.7820E+03	0.0000E+00	0.0000E+00	1.7504E+00
2.7830E+03	0.0000E+00	0.0000E+00	1.7554E+00
2.7840E+03	0.0000E+00	0.0000E+00	1.7593E+00
2.7850E+03	0.0000E+00	0.0000E+00	1.7656E+00
2.7860E+03	0.0000E+00	0.0000E+00	1.7680E+00
2.7870E+03	0.0000E+00	0.0000E+00	1.7709E+00
2.7880E+03	0.0000E+00	0.0000E+00	1.7701E+00
2.7890E+03	0.0000E+00	0.0000E+00	1.7706E+00
2.7900E+03	0.0000E+00	0.0000E+00	1.7677E+00
2.7910E+03	0.0000E+00	0.0000E+00	1.7639E+00
2.7920E+03	0.0000E+00	0.0000E+00	1.7633E+00
2.7930E+03	0.0000E+00	0.0000E+00	1.7630E+00
2.7940E+03	0.0000E+00	0.0000E+00	1.7610E+00
2.7950E+03	0.0000E+00	0.0000E+00	1.7573E+00
2.7960E+03	0.0000E+00	0.0000E+00	1.7575E+00
2.7970E+03	0.0000E+00	0.0000E+00	1.7541E+00
2.7980E+03	0.0000E+00	0.0000E+00	1.7532E+00
2.7990E+03	0.0000E+00	0.0000E+00	1.7499E+00
2.8000E+03	0.0000E+00	0.0000E+00	1.7486E+00
2.8010E+03	0.0000E+00	0.0000E+00	1.7433E+00
2.8020E+03	0.0000E+00	0.0000E+00	1.7381E+00
2.8030E+03	0.0000E+00	0.0000E+00	1.7367E+00
2.8040E+03	0.0000E+00	0.0000E+00	1.7336E+00
2.8050E+03	0.0000E+00	0.0000E+00	1.7294E+00
2.8060E+03	0.0000E+00	0.0000E+00	1.7300E+00
2.8070E+03	0.0000E+00	0.0000E+00	1.7342E+00
2.8080E+03	0.0000E+00	0.0000E+00	1.7382E+00
2.8090E+03	0.0000E+00	0.0000E+00	1.7407E+00
2.8100E+03	0.0000E+00	0.0000E+00	1.7458E+00
2.8110E+03	0.0000E+00	0.0000E+00	1.7461E+00
2.8120E+03	0.0000E+00	0.0000E+00	1.7468E+00
2.8130E+03	0.0000E+00	0.0000E+00	1.7468E+00
2.8140E+03	0.0000E+00	0.0000E+00	1.7475E+00
2.8150E+03	0.0000E+00	0.0000E+00	1.7446E+00
2.8160E+03	0.0000E+00	0.0000E+00	1.7459E+00
2.8170E+03	0.0000E+00	0.0000E+00	1.7456E+00
2.8180E+03	0.0000E+00	0.0000E+00	1.7455E+00
2.8190E+03	0.0000E+00	0.0000E+00	1.7424E+00
2.8200E+03	0.0000E+00	0.0000E+00	1.7408E+00
2.8210E+03	0.0000E+00	0.0000E+00	1.7411E+00
2.8220E+03	0.0000E+00	0.0000E+00	1.7367E+00
2.8230E+03	0.0000E+00	0.0000E+00	1.7328E+00
2.8240E+03	0.0000E+00	0.0000E+00	1.7316E+00
2.8250E+03	0.0000E+00	0.0000E+00	1.7299E+00
2.8260E+03	0.0000E+00	0.0000E+00	1.7262E+00
2.8270E+03	0.0000E+00	0.0000E+00	1.7256E+00
2.8280E+03	0.0000E+00	0.0000E+00	1.7225E+00
2.8290E+03	0.0000E+00	0.0000E+00	1.7202E+00
2.8300E+03	0.0000E+00	0.0000E+00	1.7195E+00
2.8310E+03	0.0000E+00	0.0000E+00	1.7201E+00
2.8320E+03	0.0000E+00	0.0000E+00	1.7221E+00
2.8330E+03	0.0000E+00	0.0000E+00	1.7228E+00
2.8340E+03	0.0000E+00	0.0000E+00	1.7238E+00
2.8350E+03	0.0000E+00	0.0000E+00	1.7295E+00
2.8360E+03	0.0000E+00	0.0000E+00	1.7338E+00
2.8370E+03	0.0000E+00	0.0000E+00	1.7324E+00
2.8380E+03	0.0000E+00	0.0000E+00	1.7311E+00
2.8390E+03	0.0000E+00	0.0000E+00	1.7307E+00
2.8400E+03	0.0000E+00	0.0000E+00	1.7302E+00
2.8410E+03	0.0000E+00	0.0000E+00	1.7305E+00
2.8420E+03	0.0000E+00	0.0000E+00	1.7315E+00
2.8430E+03	0.0000E+00	0.0000E+00	1.7316E+00
2.8440E+03	0.0000E+00	0.0000E+00	1.7292E+00
2.8450E+03	0.0000E+00	0.0000E+00	1.7280E+00
2.8460E+03	0.0000E+00	0.0000E+00	1.7254E+00
2.8470E+03	0.0000E+00	0.0000E+00	1.7225E+00
2.8480E+03	0.0000E+00	0.0000E+00	1.7204E+00
2.8490E+03	0.0000E+00	0.0000E+00	1.7178E+00
2.8500E+03	0.0000E+00	0.0000E+00	1.7158E+00
2.8510E+03	0.0000E+00	0.0000E+00	1.7158E+00
2.8520E+03	0.0000E+00	0.0000E+00	1.7114E+00
2.8530E+03	0.0000E+00	0.0000E+00	1.7096E+00
2.8540E+03	0.0000E+00	0.0000E+00	1.7095E+00
2.8550E+03	0.0000E+00	0.0000E+00	1.7102E+00
2.8560E+03	0.0000E+00	0.0000E+00	1.7118E+00
2.8570E+03	0.0000E+00	0.0000E+00	1.7177E+00
2.8580E+03	0.0000E+00	0.0000E+00	1.7221E+00
2.8590E+03	0.0000E+00	0.0000E+00	1.7260E+00
2.8600E+03	0.0000E+00	0.0000E+00	1.7291E+00
2.8610E+03	0.0000E+00	0.0000E+00	1.7294E+00
2.8620E+03	0.0000E+00	0.0000E+00	1.7281E+00
2.8630E+03	0.0000E+00	0.0000E+00	1.7252E+00
2.8640E+03	0.0000E+00	0.0000E+00	1.7248E+00
2.8650E+03	0.0000E+00	0.0000E+00	1.7249E+00
2.8660E+03	0.0000E+00	0.0000E+00	1.7235E+00
2.8670E+03	0.0000E+00	0.0000E+00	1.7243E+00
2.8680E+03	0.0000E+00	0.0000E+00	1.7203E+00
2.8690E+03	0.0000E+00	0.0000E+00	1.7189E+00
2.8700E+03	0.0000E+00	0.0000E+00	1.7172E+00
2.8710E+03	0.0000E+00	0.0000E+00	1.7166E+00
2.8720E+03	0.0000E+00	0.0000E+00	1.7134E+00
2.8730E+03	0.0000E+00	0.0000E+00	1.7098E+00
2.8740E+03	0.0000E+00	0.0000E+00	1.7083E+00
2.8750E+03	0.0000E+00	0.0000E+00	1.7076E+00
2.8760E+03	0.0000E+00	0.0000E+00	1.7064E+00
2.8770E+03	0.0000E+00	0.0000E+00	1.7068E+00
2.8780E+03	0.0000E+00	0.0000E+00	1.7054E+00
2.8790E+03	0.0000E+00	0.0000E+00	1.7051E+00
2.8800E+03	0.0000E+00	0.0000E+00	1.7092E+00
2.8810E+03	0.0000E+00	0.0000E+00	1.7111E+00
2.8820E+03	0.0000E+00	0.0000E+00	1.7168E+00
2.8830E+03	0.0000E+00	0.0000E+00	1.7197E+00
2.8840E+03	0.0000E+00	0.0000E+00	1.7201E+00
2.8850E+03	0.0000E+00	0.0000E+00	1.7194E+00
2.8860E+03	0.0000E+00	0.0000E+00	1.7202E+00
2.8870E+03	0.0000E+00	0.0000E+00	1.7165E+00
2.8880E+03	0.0000E+00	0.0000E+00	1.7185E+00
2.8890E+03	0.0000E+00	0.0000E+00	1.7182E+00
2.8900E+03	0.0000E+00	0.0000E+00	1.7182E+00
2.8910E+03	0.0000E+00	0.0000E+00	1.7174E+00
2.8920E+03	0.0000E+00	0.0000E+00	1.7170E+00
2.8930E+03	0.0000E+00	0.0000E+00	1.7137E+00
2.8940E+03	0.0000E+00	0.0000E+00	1.7147E+00
2.8950E+03	0.0000E+00	0.0000E+00	1.7098E+00
2.8960E+03	0.0000E+00	0.0000E+00	1.7063E+00
2.8970E+03	0.0000E+00	0.0000E+00	1.7046E+00
2.8980E+03	0.0000E+00	0.0000E+00	1.7019E+00
2.8990E+03	0.0000E+00	0.0000E+00	1.7022E+00
2.9000E+03	0.0000E+00	0.0000E+00	1.7000E+00
2.9010E+03	0.0000E+00	0.0000E+00	1.6978E+00
2.9020E+03	0.0000E+00	0.0000E+00	1.6966E+00
2.9030E+03	0.0000E+00	0.0000E+00	1.6983E+00
2.9040E+03	0.0000E+00	0.0000E+00	1.6975E+00
2.9050E+03	0.0000E+00	0.0000E+00	1.7006E+00
2.9060E+03	0.0000E+00	0.0000E+00	1.7022E+00
2.9070E+03	0.0000E+00	0.0000E+00	1.7035E+00
2.9080E+03	0.0000E+00	0.0000E+00	1.7104E+00
2.9090E+03	0.0000E+00	0.0000E+00	1.7106E+00
2.9100E+03	0.0000E+00	0.0000E+00	1.7108E+00
2.9110E+03	0.0000E+00	0.0000E+00	1.7105E+00
2.9120E+03	0.0000E+00	0.0000E+00	1.7119E+00
2.9130E+03	0.0000E+00	0.0000E+00	1.7104E+00
2.9140E+03	0.0000E+00	0.0000E+00	1.7094E+00
2.9150E+03	0.0000E+00	0.0000E+00	1.7071E+00
2.9160E+03	0.0000E+00	0.0000E+00	1.7065E+00
2.9170E+03	0.0000E+00	0.0000E+00	1.7050E+00
2.9180E+03	0.0000E+00	0.0000E+00	1.7055E+00
2.9190E+03	0.0000E+00	0.0000E+00	1.7038E+00
2.9200E+03	0.0000E+00	0.0000E+00	1.7001E+00
2.9210E+03	0.0000E+00	0.0000E+00	1.6847E+00
2.9220E+03	0.0000E+00	0.0000E+00	1.6651E+00
2.9230E+03	0.0000E+00	0.0000E+00	1.6617E+00
2.9240E+03	0.0000E+00	0.0000E+00	1.6580E+00
2.9250E+03	0.0000E+00	0.0000E+00	1.6562E+00
2.9260E+03	0.0000E+00	0.0000E+00	1.6545E+00
2.9270E+03	0.0000E+00	0.0000E+00	1.6538E+00
2.9280E+03	0.0000E+00	0.0000E+00	1.6569E+00
2.9290E+03	0.0000E+00	0.0000E+00	1.6592E+00
2.9300E+03	0.0000E+00	0.0000E+00	1.6630E+00
2.9310E+03	0.0000E+00	0.0000E+00	1.6683E+00
2.9320E+03	0.0000E+00	0.0000E+00	1.6721E+00
2.9330E+03	0.0000E+00	0.0000E+00	1.6752E+00
2.9340E+03	0.0000E+00	0.0000E+00	1.6724E+00
2.9350E+03	0.0000E+00	0.0000E+00	1.6724E+00
2.9360E+03	0.0000E+00	0.0000E+00	1.6729E+00
2.9370E+03	0.0000E+00	0.0000E+00	1.6739E+00
2.9380E+03	0.0000E+00	0.0000E+00	1.6701E+00
2.9390E+03	0.0000E+00	0.0000E+00	1.6702E+00
2.9400E+03	0.0000E+00	0.0000E+00	1.6700E+00
2.9410E+03	0.0000E+00	0.0000E+00	1.6678E+00
2.9420E+03	0.0000E+00	0.0000E+00	1.6623E+00
2.9430E+03	0.0000E+00	0.0000E+00	1.6609E+00
2.9440E+03	0.0000E+00	0.0000E+00	1.6587E+00
2.9450E+03	0.0000E+00	0.0000E+00	1.6570E+00
2.9460E+03	0.0000E+00	0.0000E+00	1.6556E+00
2.9470E+03	0.0000E+00	0.0000E+00	1.6550E+00
2.9480E+03	0.0000E+00	0.0000E+00	1.6529E+00
2.9490E+03	0.0000E+00	0.0000E+00	1.6505E+00
2.9500E+03	0.0000E+00	0.0000E+00	1.6502E+00
2.9510E+03	0.0000E+00	0.0000E+00	1.6506E+00
2.9520E+03	0.0000E+00	0.0000E+00	1.6511E+00
2.9530E+03	0.0000E+00	0.0000E+00	1.6561E+00
2.9540E+03	0.0000E+00	0.0000E+00	1.6591E+00
2.9550E+03	0.0000E+00	0.0000E+00	1.6628E+00
2.9560E+03	0.0000E+00	0.0000E+00	1.6623E+00
2.9570E+03	0.0000E+00	0.0000E+00	1.6642E+00
2.9580E+03	0.0000E+00	0.0000E+00	1.6650E+00
2.9590E+03	0.0000E+00	0.0000E+00	1.6658E+00
2.9600E+03	0.0000E+00	0.0000E+00	1.6657E+00
2.9610E+03	0.0000E+00	0.0000E+00	1.6654E+00
2.9620E+03	0.0000E+00	0.0000E+00	1.6644E+00
2.9630E+03	0.0000E+00	0.0000E+00	1.6651E+00
2.9640E+03	0.0000E+00	0.0000E+00	1.6622E+00
2.9650E+03	0.0000E+00	0.0000E+00	1.6604E+00
2.9660E+03	0.0000E+00	0.0000E+00	1.6580E+00
2.9670E+03	0.0000E+00	0.0000E+00	1.6549E+00
2.9680E+03	0.0000E+00	0.0000E+00	1.6514E+00
2.9690E+03	0.0000E+00	0.0000E+00	1.6520E+00
2.9700E+03	0.0000E+00	0.0000E+00	1.6513E+00
2.9710E+03	0.0000E+00	0.0000E+00	1.6507E+00
2.9720E+03	0.0000E+00	0.0000E+00	1.6486E+00
2.9730E+03	0.0000E+00	0.0000E+00	1.6450E+00
2.9740E+03	0.0000E+00	0.0000E+00	1.6415E+00
2.9750E+03	0.0000E+00	0.0000E+00	1.6428E+00
2.9760E+03	0.0000E+00	0.0000E+00	1.6430E+00
2.9770E+03	0.0000E+00	0.0000E+00	1.6457E+00
2.9780E+03	0.0000E+00	0.0000E+00	1.6498E+00
2.9790E+03	0.0000E+00	0.0000E+00	1.6560E+00
2.9800E+03	0.0000E+00	0.0000E+00	1.6598E+00
2.9810E+03	0.0000E+00	0.0000E+00	1.6614E+00
2.9820E+03	0.0000E+00	0.0000E+00	1.6614E+00
2.9830E+03	0.0000E+00	0.0000E+00	1.6616E+00
2.9840E+03	0.0000E+00	0.0000E+00	1.6632E+00
2.9850E+03	0.0000E+00	0.0000E+00	1.6624E+00
2.9860E+03	0.0000E+00	0.0000E+00	1.6618E+00
2.9870E+03	0.0000E+00	0.0000E+00	1.6579E+00
2.9880E+03	0.0000E+00	0.0000E+00	1.6550E+00
2.9890E+03	0.0000E+00	0.0000E+00	1.6543E+00
2.9900E+03	0.0000E+00	0.0000E+00	1.6548E+00
2.9910E+03	0.0000E+00	0.0000E+00	1.6538E+00
2.9920E+03	0.0000E+00	0.0000E+00	1.6515E+00
2.9930E+03	0.0000E+00	0.0000E+00	1.6521E+00
2.9940E+03	0.0000E+00	0.0000E+00	1.6499E+00
2.9950E+03	0.0000E+00	0.0000E+00	1.6492E+00
2.9960E+03	0.0000E+00	0.0000E+00	1.6488E+00
2.9970E+03	0.0000E+00	0.0000E+00	1.6455E+00
2.9980E+03	0.0000E+00	0.0000E+00	1.6453E+00
2.9990E+03	0.0000E+00	0.0000E+00	1.6423E+00
3.0000E+03	0.0000E+00	0.0000E+00	1.6434E+00
3.0010E+03	0.0000E+00	0.0000E+00	1.6433E+00
3.0020E+03	0.0000E+00	0.0000E+00	1.6450E+00
3.0030E+03	0.0000E+00	0.0000E+00	1.6458E+00
3.0040E+03	0.0000E+00	0.0000E+00	1.6474E+00
3.0050E+03	0.0000E+00	0.0000E+00	1.6506E+00
3.0060E+03	0.0000E+00	0.0000E+00	1.6528E+00
3.0070E+03	0.0000E+00	0.0000E+00	1.6535E+00
3.0080E+03	0.0000E+00	0.0000E+00	1.6530E+00
3.0090E+03	0.0000E+00	0.0000E+00	1.6536E+00
3.0100E+03	0.0000E+00	0.0000E+00	1.6532E+00
3.0110E+03	0.0000E+00	0.0000E+00	1.6536E+00
3.0120E+03	0.0000E+00	0.0000E+00	1.6524E+00
3.0130E+03	0.0000E+00	0.0000E+00	1.6522E+00
3.0140E+03	0.0000E+00	0.0000E+00	1.6493E+00
3.0150E+03	0.0000E+00	0.0000E+00	1.6451E+00
3.0160E+03	0.0000E+00	0.0000E+00	1.6434E+00
3.0170E+03	0.0000E+00	0.0000E+00	1.6445E+00
3.0180E+03	0.0000E+00	0.0000E+00	1.6443E+00
3.0190E+03	0.0000E+00	0.0000E+00	1.6435E+00
3.0200E+03	0.0000E+00	0.0000E+00	1.6416E+00
3.0210E+03	0.0000E+00	0.0000E+00	1.6398E+00
3.0220E+03	0.0000E+00	0.0000E+00	1.6381E+00
3.0230E+03	0.0000E+00	0.0000E+00	1.6374E+00
3.0240E+03	0.0000E+00	0.0000E+00	1.6382E+00
3.0250E+03	0.0000E+00	0.0000E+00	1.6423E+00
3.0260E+03	0.0000E+00	0.0000E+00	1.6433E+00
3.0270E+03	0.0000E+00	0.0000E+00	1.6469E+00
3.0280E+03	0.0000E+00	0.0000E+00	1.6491E+00
3.0290E+03	0.0000E+00	0.0000E+00	1.6515E+00
3.0300E+03	0.0000E+00	0.0000E+00	1.6507E+00
3.0310E+03	0.0000E+00	0.0000E+00	1.6498E+00
3.0320E+03	0.0000E+00	0.0000E+00	1.6489E+00
3.0330E+03	0.0000E+00	0.0000E+00	1.6477E+00
3.0340E+03	0.0000E+00	0.0000E+00	1.6485E+00
3.0350E+03	0.0000E+00	0.0000E+00	1.6478E+00
3.0360E+03	0.0000E+00	0.0000E+00	1.6481E+00
3.0370E+03	0.0000E+00	0.0000E+00	1.6493E+00
3.0380E+03	0.0000E+00	0.0000E+00	1.6466E+00
3.0390E+03	0.0000E+00	0.0000E+00	1.6453E+00
3.0400E+03	0.0000E+00	0.0000E+00	1.6416E+00
3.0410E+03	0.0000E+00	0.0000E+00	1.6396E+00
3.0420E+03	0.0000E+00	0.0000E+00	1.6393E+00
3.0430E+03	0.0000E+00	0.0000E+00	1.6382E+00
3.0440E+03	0.0000E+00	0.0000E+00	1.6362E+00
3.0450E+03	0.0000E+00	0.0000E+00	1.6336E+00
3.0460E+03	0.0000E+00	0.0000E+00	1.6315E+00
3.0470E+03	0.0000E+00	0.0000E+00	1.6317E+00
3.0480E+03	0.0000E+00	0.0000E+00	1.6297E+00
3.0490E+03	0.0000E+00	0.0000E+00	1.6324E+00
3.0500E+03	0.0000E+00	0.0000E+00	1.6309E+00
3.0510E+03	0.0000E+00	0.0000E+00	1.6308E+00
3.0520E+03	0.0000E+00	0.0000E+00	1.6317E+00
3.0530E+03	0.0000E+00	0.0000E+00	1.6349E+00
3.0540E+03	0.0000E+00	0.0000E+00	1.6367E+00
3.0550E+03	0.0000E+00	0.0000E+00	1.6383E+00
3.0560E+03	0.0000E+00	0.0000E+00	1.6393E+00
3.0570E+03	0.0000E+00	0.0000E+00	1.6384E+00
3.0580E+03	0.0000E+00	0.0000E+00	1.6391E+00
3.0590E+03	0.0000E+00	0.0000E+00	1.6403E+00
3.0600E+03	0.0000E+00	0.0000E+00	1.6384E+00
3.0610E+03	0.0000E+00	0.0000E+00	1.6379E+00
3.0620E+03	0.0000E+00	0.0000E+00	1.6393E+00
3.0630E+03	0.0000E+00	0.0000E+00	1.6383E+00
3.0640E+03	0.0000E+00	0.0000E+00	1.6377E+00
3.0650E+03	0.0000E+00	0.0000E+00	1.6358E+00
3.0660E+03	0.0000E+00	0.0000E+00	1.6330E+00
3.0670E+03	0.0000E+00	0.0000E+00	1.6312E+00
3.0680E+03	0.0000E+00	0.0000E+00	1.6276E+00
3.0690E+03	0.0000E+00	0.0000E+00	1.6269E+00
3.0700E+03	0.0000E+00	0.0000E+00	1.6253E+00
3.0710E+03	0.0000E+00	0.0000E+00	1.6266E+00
3.0720E+03	0.0000E+00	0.0000E+00	1.6278E+00
3.0730E+03	0.0000E+00	0.0000E+00	1.6278E+00
3.0740E+03	0.0000E+00	0.0000E+00	1.6297E+00
3.0750E+03	0.0000E+00	0.0000E+00	1.6334E+00
3.0760E+03	0.0000E+00	0.0000E+00	1.6381E+00
3.0770E+03	0.0000E+00	0.0000E+00	1.6402E+00
3.0780E+03	0.0000E+00	0.0000E+00	1.6428E+00
3.0790E+03	0.0000E+00	0.0000E+00	1.6397E+00
3.0800E+03	0.0000E+00	0.0000E+00	1.6409E+00
3.0810E+03	0.0000E+00	0.0000E+00	1.6415E+00
3.0820E+03	0.0000E+00	0.0000E+00	1.6423E+00
3.0830E+03	0.0000E+00	0.0000E+00	1.6413E+00
3.0840E+03	0.0000E+00	0.0000E+00	1.6394E+00
3.0850E+03	0.0000E+00	0.0000E+00	1.6378E+00
3.0860E+03	0.0000E+00	0.0000E+00	1.6351E+00
3.0870E+03	0.0000E+00	0.0000E+00	1.6341E+00
3.0880E+03	0.0000E+00	0.0000E+00	1.6333E+00
3.0890E+03	0.0000E+00	0.0000E+00	1.6319E+00
3.0900E+03	0.0000E+00	0.0000E+00	1.6308E+00
3.0910E+03	0.0000E+00	0.0000E+00	1.6292E+00
3.0920E+03	0.0000E+00	0.0000E+00	1.6276E+00
3.0930E+03	0.0000E+00	0.0000E+00	1.6248E+00
3.0940E+03	0.0000E+00	0.0000E+00	1.6239E+00
3.0950E+03	0.0000E+00	0.0000E+00	1.6247E+00
3.0960E+03	0.0000E+00	0.0000E+00	1.6269E+00
3.0970E+03	0.0000E+00	0.0000E+00	1.6287E+00
3.0980E+03	0.0000E+00	0.0000E+00	1.6302E+00
3.0990E+03	0.0000E+00	0.0000E+00	1.6331E+00
3.1000E+03	0.0000E+00	0.0000E+00	1.6351E+00
3.1010E+03	0.0000E+00	0.0000E+00	1.6377E+00
3.1020E+03	0.0000E+00	0.0000E+00	1.6388E+00
3.1030E+03	0.0000E+00	0.0000E+00	1.6390E+00
3.1040E+03	0.0000E+00	0.0000E+00	1.6398E+00
3.1050E+03	0.0000E+00	0.0000E+00	1.6412E+00
3.1060E+03	0.0000E+00	0.0000E+00	1.6411E+00
3.1070E+03	0.0000E+00	0.0000E+00	1.6408E+00
3.1080E+03	0.0000E+00	0.0000E+00	1.6395E+00
3.1090E+03	0.0000E+00	0.0000E+00	1.6368E+00
3.1100E+03	0.0000E+00	0.0000E+00	1.6338E+00
3.1110E+03	0.0000E+00	0.0000E+00	1.6308E+00
3.1120E+03	0.0000E+00	0.0000E+00	1.6310E+00
3.1130E+03	0.0000E+00	0.0000E+00	1.6259E+00
3.1140E+03	0.0000E+00	0.0000E+00	1.6229E+00
3.1150E+03	0.0000E+00	0.0000E+00	1.6193E+00
3.1160E+03	0.0000E+00	0.0000E+00	1.6184E+00
3.1170E+03	0.0000E+00	0.0000E+00	1.6168E+00
3.1180E+03	0.0000E+00	0.0000E+00	1.6153E+00
3.1190E+03	0.0000E+00	0.0000E+00	1.6154E+00
3.1200E+03	0.0000E+00	0.0000E+00	1.6149E+00
3.1210E+03	0.0000E+00	0.0000E+00	1.6152E+00
3.1220E+03	0.0000E+00	0.0000E+00	1.6184E+00
3.1230E+03	0.0000E+00	0.0000E+00	1.6211E+00
3.1240E+03	0.0000E+00	0.0000E+00	1.6236E+00
3.1250E+03	0.0000E+00	0.0000E+00	1.6274E+00
3.1260E+03	0.0000E+00	0.0000E+00	1.6280E+00
3.1270E+03	0.0000E+00	0.0000E+00	1.6273E+00
3.1280E+03	0.0000E+00	0.0000E+00	1.6287E+00
3.1290E+03	0.0000E+00	0.0000E+00	1.6312E+00
3.1300E+03	0.0000E+00	0.0000E+00	1.6305E+00
3.1310E+03	0.0000E+00	0.0000E+00	1.6299E+00
3.1320E+03	0.0000E+00	0.0000E+00	1.6273E+00
3.1330E+03	0.0000E+00	0.0000E+00	1.6278E+00
3.1340E+03	0.0000E+00	0.0000E+00	1.6264E+00
3.1350E+03	0.0000E+00	0.0000E+00	1.6235E+00
3.1360E+03	0.0000E+00	0.0000E+00	1.6216E+00
3.1370E+03	0.0000E+00	0.0000E+00	1.6205E+00
3.1380E+03	0.0000E+00	0.0000E+00	1.6216E+00
3.1390E+03	0.0000E+00	0.0000E+00	1.6196E+00
3.1400E+03	0.0000E+00	0.0000E+00	1.6164E+00
3.1410E+03	0.0000E+00	0.0000E+00	1.6144E+00
3.1420E+03	0.0000E+00	0.0000E+00	1.6126E+00
3.1430E+03	0.0000E+00	0.0000E+00	1.6122E+00
3.1440E+03	0.0000E+00	0.0000E+00	1.6127E+00
3.1450E+03	0.0000E+00	0.0000E+00	1.6158E+00
3.1460E+03	0.0000E+00	0.0000E+00	1.6180E+00
3.1470E+03	0.0000E+00	0.0000E+00	1.6199E+00
3.1480E+03	0.0000E+00	0.0000E+00	1.6229E+00
3.1490E+03	0.0000E+00	0.0000E+00	1.6252E+00
3.1500E+03	0.0000E+00	0.0000E+00	1.6266E+00
3.1510E+03	0.0000E+00	0.0000E+00	1.6278E+00
3.1520E+03	0.0000E+00	0.0000E+00	1.6315E+00
3.1530E+03	0.0000E+00	0.0000E+00	1.6315E+00
3.1540E+03	0.0000E+00	0.0000E+00	1.6335E+00
3.1550E+03	0.0000E+00	0.0000E+00	1.6341E+00
3.1560E+03	0.0000E+00	0.0000E+00	1.6322E+00
3.1570E+03	0.0000E+00	0.0000E+00	1.6296E+00
3.1580E+03	0.0000E+00	0.0000E+00	1.6311E+00
3.1590E+03	0.0000E+00	0.0000E+00	1.6303E+00
3.1600E+03	0.0000E+00	0.0000E+00	1.6277E+00
3.1610E+03	0.0000E+00	0.0000E+00	1.6247E+00
3.1620E+03	0.0000E+00	0.0000E+00	1.6246E+00
3.1630E+03	0.0000E+00	0.0000E+00	1.6227E+00
3.1640E+03	0.0000E+00	0.0000E+00	1.6207E+00
3.1650E+03	0.0000E+00	0.0000E+00	1.6185E+00
3.1660E+03	0.0000E+00	0.0000E+00	1.6165E+00
3.1670E+03	0.0000E+00	0.0000E+00	1.6168E+00
3.1680E+03	0.0000E+00	0.0000E+00	1.6172E+00
3.1690E+03	0.0000E+00	0.0000E+00	1.6165E+00
3.1700E+03	0.0000E+00	0.0000E+00	1.6166E+00
3.1710E+03	0.0000E+00	0.0000E+00	1.6175E+00
3.1720E+03	0.0000E+00	0.0000E+00	1.6207E+00
3.1730E+03	0.0000E+00	0.0000E+00	1.6230E+00
3.1740E+03	0.0000E+00	0.0000E+00	1.6237E+00
3.1750E+03	0.0000E+00	0.0000E+00	1.6262E+00
3.1760E+03	0.0000E+00	0.0000E+00	1.6271E+00
3.1770E+03	0.0000E+00	0.0000E+00	1.6273E+00
3.1780E+03	0.0000E+00	0.0000E+00	1.6293E+00
3.1790E+03	0.0000E+00	0.0000E+00	1.6290E+00
3.1800E+03	0.0000E+00	0.0000E+00	1.6291E+00
3.1810E+03	0.0000E+00	0.0000E+00	1.6293E+00
3.1820E+03	0.0000E+00	0.0000E+00	1.6301E+00
3.1830E+03	0.0000E+00	0.0000E+00	1.6307E+00
3.1840E+03	0.0000E+00	0.0000E+00	1.6275E+00
3.1850E+03	0.0000E+00	0.0000E+00	1.6239E+00
3.1860E+03	0.0000E+00	0.0000E+00	1.6226E+00
3.1870E+03	0.0000E+00	0.0000E+00	1.6223E+00
3.1880E+03	0.0000E+00	0.0000E+00	1.6208E+00
3.1890E+03	0.0000E+00	0.0000E+00	1.6197E+00
3.1900E+03	0.0000E+00	0.0000E+00	1.6204E+00
3.1910E+03	0.0000E+00	0.0000E+00	1.6201E+00
3.1920E+03	0.0000E+00	0.0000E+00	1.6188E+00
3.1930E+03	0.0000E+00	0.0000E+00	1.6186E+00
3.1940E+03	0.0000E+00	0.0000E+00	1.6184E+00
3.1950E+03	0.0000E+00	0.0000E+00	1.6171E+00
3.1960E+03	0.0000E+00	0.0000E+00	1.6169E+00
3.1970E+03	0.0000E+00	0.0000E+00	1.6178E+00
3.1980E+03	0.0000E+00	0.0000E+00	1.6186E+00
3.1990E+03	0.0000E+00	0.0000E+00	1.6180E+00
3.2000E+03	0.0000E+00	0.0000E+00	1.6189E+00
3.2010E+03	0.0000E+00	0.0000E+00	1.6217E+00
3.2020E+03	0.0000E+00	0.0000E+00	1.6225E+00
3.2030E+03	0.0000E+00	0.0000E+00	1.6250E+00
3.2040E+03	0.0000E+00	0.0000E+00	1.6253E+00
3.2050E+03	0.0000E+00	0.0000E+00	1.6235E+00
3.2060E+03	0.0000E+00	0.0000E+00	1.6222E+00
3.2070E+03	0.0000E+00	0.0000E+00	1.6229E+00
3.2080E+03	0.0000E+00	0.0000E+00	1.6234E+00
3.2090E+03	0.0000E+00	0.0000E+00	1.6237E+00
3.2100E+03	0.0000E+00	0.0000E+00	1.6208E+00
3.2110E+03	0.0000E+00	0.0000E+00	1.6184E+00
3.2120E+03	0.0000E+00	0.0000E+00	1.6158E+00
3.2130E+03	0.0000E+00	0.0000E+00	1.6124E+00
3.2140E+03	0.0000E+00	0.0000E+00	1.6118E+00
3.2150E+03	0.0000E+00	0.0000E+00	1.6104E+00
3.2160E+03	0.0000E+00	0.0000E+00	1.6100E+00
3.2170E+03	0.0000E+00	0.0000E+00	1.6110E+00
3.2180E+03	0.0000E+00	0.0000E+00	1.6114E+00
3.2190E+03	0.0000E+00	0.0000E+00	1.6136E+00
3.2200E+03	0.0000E+00	0.0000E+00	1.6156E+00
3.2210E+03	0.0000E+00	0.0000E+00	1.6137E+00
3.2220E+03	0.0000E+00	0.0000E+00	1.6145E+00
3.2230E+03	0.0000E+00	0.0000E+00	1.6175E+00
3.2240E+03	0.0000E+00	0.0000E+00	1.6212E+00
3.2250E+03	0.0000E+00	0.0000E+00	1.6224E+00
3.2260E+03	0.0000E+00	0.0000E+00	1.6243E+00
3.2270E+03	0.0000E+00	0.0000E+00	1.6255E+00
3.2280E+03	0.0000E+00	0.0000E+00	1.6240E+00
3.2290E+03	0.0000E+00	0.0000E+00	1.6237E+00
3.2300E+03	0.0000E+00	0.0000E+00	1.6228E+00
3.2310E+03	0.0000E+00	0.0000E+00	1.6229E+00
3.2320E+03	0.0000E+00	0.0000E+00	1.6222E+00
3.2330E+03	0.0000E+00	0.0000E+00	1.6216E+00
3.2340E+03	0.0000E+00	0.0000E+00	1.6196E+00
3.2350E+03	0.0000E+00	0.0000E+00	1.6172E+00
3.2360E+03	0.0000E+00	0.0000E+00	1.6153E+00
3.2370E+03	0.0000E+00	0.0000E+00	1.6112E+00
3.2380E+03	0.0000E+00	0.0000E+00	1.6105E+00
3.2390E+03	0.0000E+00	0.0000E+00	1.6103E+00
3.2400E+03	0.0000E+00	0.0000E+00	1.6094E+00
3.2410E+03	0.0000E+00	0.0000E+00	1.6100E+00
3.2420E+03	0.0000E+00	0.0000E+00	1.6071E+00
3.2430E+03	0.0000E+00	0.0000E+00	1.6094E+00
3.2440E+03	0.0000E+00	0.0000E+00	1.6110E+00
3.2450E+03	0.0000E+00	0.0000E+00	1.6098E+00
3.2460E+03	0.0000E+00	0.0000E+00	1.6126E+00
3.2470E+03	0.0000E+00	0.0000E+00	1.6167E+00
3.2480E+03	0.0000E+00	0.0000E+00	1.6178E+00
3.2490E+03	0.0000E+00	0.0000E+00	1.6196E+00
3.2500E+03	0.0000E+00	0.0000E+00	1.6217E+00
3.2510E+03	0.0000E+00	0.0000E+00	1.6217E+00
3.2520E+03	0.0000E+00	0.0000E+00	1.6209E+00
3.2530E+03	0.0000E+00	0.0000E+00	1.6229E+00
3.2540E+03	0.0000E+00	0.0000E+00	1.6235E+00
3.2550E+03	0.0000E+00	0.0000E+00	1.6211E+00
3.2560E+03	0.0000E+00	0.0000E+00	1.6186E+00
3.2570E+03	0.0000E+00	0.0000E+00	1.6180E+00
3.2580E+03	0.0000E+00	0.0000E+00	1.6181E+00
3.2590E+03	0.0000E+00	0.0000E+00	1.6155E+00
3.2600E+03	0.0000E+00	0.0000E+00	1.6103E+00
3.2610E+03	0.0000E+00	0.0000E+00	1.6103E+00
3.2620E+03	0.0000E+00	0.0000E+00	1.6087E+00
3.2630E+03	0.0000E+00	0.0000E+00	1.6089E+00
3.2640E+03	0.0000E+00	0.0000E+00	1.6076E+00
3.2650E+03	0.0000E+00	0.0000E+00	1.6081E+00
3.2660E+03	0.0000E+00	0.0000E+00	1.6076E+00
3.2670E+03	0.0000E+00	0.0000E+00	1.6086E+00
3.2680E+03	0.0000E+00	0.0000E+00	1.6119E+00
3.2690E+03	0.0000E+00	0.0000E+00	1.6145E+00
3.2700E+03	0.0000E+00	0.0000E+00	1.6158E+00
3.2710E+03	0.0000E+00	0.0000E+00	1.6178E+00
3.2720E+03	0.0000E+00	0.0000E+00	1.6179E+00
3.2730E+03	0.0000E+00	0.0000E+00	1.6214E+00
3.2740E+03	0.0000E+00	0.0000E+00	1.6214E+00
3.2750E+03	0.0000E+00	0.0000E+00	1.6196E+00
3.2760E+03	0.0000E+00	0.0000E+00	1.6199E+00
3.2770E+03	0.0000E+00	0.0000E+00	1.6208E+00
3.2780E+03	0.0000E+00	0.0000E+00	1.6196E+00
3.2790E+03	0.0000E+00	0.0000E+00	1.6194E+00
3.2800E+03	0.0000E+00	0.0000E+00	1.6161E+00
3.2810E+03	0.0000E+00	0.0000E+00	1.6142E+00
3.2820E+03	0.0000E+00	0.0000E+00	1.6144E+00
3.2830E+03	0.0000E+00	0.0000E+00	1.6117E+00
3.2840E+03	0.0000E+00	0.0000E+00	1.6115E+00
3.2850E+03	0.0000E+00	0.0000E+00	1.6068E+00
3.2860E+03	0.0000E+00	0.0000E+00	1.6048E+00
3.2870E+03	0.0000E+00	0.0000E+00	1.6022E+00
3.2880E+03	0.0000E+00	0.0000E+00	1.6023E+00
3.2890E+03	0.0000E+00	0.0000E+00	1.6019E+00
3.2900E+03	0.0000E+00	0.0000E+00	1.6021E+00
3.2910E+03	0.0000E+00	0.0000E+00	1.6028E+00
3.2920E+03	0.0000E+00	0.0000E+00	1.6046E+00
3.2930E+03	0.0000E+00	0.0000E+00	1.6069E+00
3.2940E+03	0.0000E+00	0.0000E+00	1.6104E+00
3.2950E+03	0.0000E+00	0.0000E+00	1.6108E+00
3.2960E+03	0.0000E+00	0.0000E+00	1.6132E+00
3.2970E+03	0.0000E+00	0.0000E+00	1.6169E+00
3.2980E+03	0.0000E+00	0.0000E+00	1.6164E+00
3.2990E+03	0.0000E+00	0.0000E+00	1.6173E+00
3.3000E+03	0.0000E+00	0.0000E+00	1.6180E+00
3.3010E+03	0.0000E+00	0.0000E+00	1.6166E+00
3.3020E+03	0.0000E+00	0.0000E+00	1.6155E+00
3.3030E+03	0.0000E+00	0.0000E+00	1.6142E+00
3.3040E+03	0.0000E+00	0.0000E+00	1.6159E+00
3.3050E+03	0.0000E+00	0.0000E+00	1.6156E+00
3.3060E+03	0.0000E+00	0.0000E+00	1.6121E+00
3.3070E+03	0.0000E+00	0.0000E+00	1.6094E+00
3.3080E+03	0.0000E+00	0.0000E+00	1.6078E+00
3.3090E+03	0.0000E+00	0.0000E+00	1.6076E+00
3.3100E+03	0.0000E+00	0.0000E+00	1.6067E+00
3.3110E+03	0.0000E+00	0.0000E+00	1.6055E+00
3.3120E+03	0.0000E+00	0.0000E+00	1.6077E+00
3.3130E+03	0.0000E+00	0.0000E+00	1.6077E+00
3.3140E+03	0.0000E+00	0.0000E+00	1.6066E+00
3.3150E+03	0.0000E+00	0.0000E+00	1.6082E+00
3.3160E+03	0.0000E+00	0.0000E+00	1.6080E+00
3.3170E+03	0.0000E+00	0.0000E+00	1.6109E+00
3.3180E+03	0.0000E+00	0.0000E+00	1.6127E+00
3.3190E+03	0.0000E+00	0.0000E+00	1.6149E+00
3.3200E+03	0.0000E+00	0.0000E+00	1.6135E+00
3.3210E+03	0.0000E+00	0.0000E+00	1.6125E+00
3.3220E+03	0.0000E+00	0.0000E+00	1.6125E+00
3.3230E+03	0.0000E+00	0.0000E+00	1.6129E+00
3.3240E+03	0.0000E+00	0.0000E+00	1.6145E+00
3.3250E+03	0.0000E+00	0.0000E+00	1.6157E+00
3.3260E+03	0.0000E+00	0.0000E+00	1.6139E+00
3.3270E+03	0.0000E+00	0.0000E+00	1.6146E+00
3.3280E+03	0.0000E+00	0.0000E+00	1.6136E+00
3.3290E+03	0.0000E+00	0.0000E+00	1.6127E+00
3.3300E+03	0.0000E+00	0.0000E+00	1.6103E+00
3.3310E+03	0.0000E+00	0.0000E+00	1.6086E+00
3.3320E+03	0.0000E+00	0.0000E+00	1.6067E+00
3.3330E+03	0.0000E+00	0.0000E+00	1.6060E+00
3.3340E+03	0.0000E+00	0.0000E+00	1.6038E+00
3.3350E+03	0.0000E+00	0.0000E+00	1.6029E+00
3.3360E+03	0.0000E+00	0.0000E+00	1.6047E+00
3.3370E+03	0.0000E+00	0.0000E+00	1.6057E+00
3.3380E+03	0.0000E+00	0.0000E+00	1.6082E+00
3.3390E+03	0.0000E+00	0.0000E+00	1.6083E+00
3.3400E+03	0.0000E+00	0.0000E+00	1.6086E+00
3.3410E+03	0.0000E+00	0.0000E+00	1.6100E+00
3.3420E+03	0.0000E+00	0.0000E+00	1.6130E+00
3.3430E+03	0.0000E+00	0.0000E+00	1.6136E+00
3.3440E+03	0.0000E+00	0.0000E+00	1.6136E+00
3.3450E+03	0.0000E+00	0.0000E+00	1.6149E+00
3.3460E+03	0.0000E+00	0.0000E+00	1.6167E+00
3.3470E+03	0.0000E+00	0.0000E+00	1.6149E+00
3.3480E+03	0.0000E+00	0.0000E+00	1.6136E+00
3.3490E+03	0.0000E+00	0.0000E+00	1.6151E+00
3.3500E+03	0.0000E+00	0.0000E+00	1.6175E+00
3.3510E+03	0.0000E+00	0.0000E+00	1.6164E+00
3.3520E+03	0.0000E+00	0.0000E+00	1.6141E+00
3.3530E+03	0.0000E+00	0.0000E+00	1.6150E+00
3.3540E+03	0.0000E+00	0.0000E+00	1.6118E+00
3.3550E+03	0.0000E+00	0.0000E+00	1.6143E+00
3.3560E+03	0.0000E+00	0.0000E+00	1.6134E+00
3.3570E+03	0.0000E+00	0.0000E+00	1.6129E+00
3.3580E+03	0.0000E+00	0.0000E+00	1.6108E+00
3.3590E+03	0.0000E+00	0.0000E+00	1.6116E+00
3.3600E+03	0.0000E+00	0.0000E+00	1.6121E+00
3.3610E+03	0.0000E+00	0.0000E+00	1.6122E+00
3.3620E+03	0.0000E+00	0.0000E+00	1.6136E+00
3.3630E+03	0.0000E+00	0.0000E+00	1.6139E+00
3.3640E+03	0.0000E+00	0.0000E+00	1.6148E+00
3.3650E+03	0.0000E+00	0.0000E+00	1.6125E+00
3.3660E+03	0.0000E+00	0.0000E+00	1.6115E+00
3.3670E+03	0.0000E+00	0.0000E+00	1.6116E+00
3.3680E+03	0.0000E+00	0.0000E+00	1.6123E+00
3.3690E+03	0.0000E+00	0.0000E+00	1.6141E+00
3.3700E+03	0.0000E+00	0.0000E+00	1.6148E+00
3.3710E+03	0.0000E+00	0.0000E+00	1.6150E+00
3.3720E+03	0.0000E+00	0.0000E+00	1.6139E+00
3.3730E+03	0.0000E+00	0.0000E+00	1.6158E+00
3.3740E+03	0.0000E+00	0.0000E+00	1.6160E+00
3.3750E+03	0.0000E+00	0.0000E+00	1.6169E+00
3.3760E+03	0.0000E+00	0.0000E+00	1.6176E+00
3.3770E+03	0.0000E+00	0.0000E+00	1.6162E+00
3.3780E+03	0.0000E+00	0.0000E+00	1.6134E+00
3.3790E+03	0.0000E+00	0.0000E+00	1.6131E+00
3.3800E+03	0.0000E+00	0.0000E+00	1.6120E+00
3.3810E+03	0.0000E+00	0.0000E+00	1.6082E+00
3.3820E+03	0.0000E+00	0.0000E+00	1.6055E+00
3.3830E+03	0.0000E+00	0.0000E+00	1.6057E+00
3.3840E+03	0.0000E+00	0.0000E+00	1.6056E+00
3.3850E+03	0.0000E+00	0.0000E+00	1.6079E+00
3.3860E+03	0.0000E+00	0.0000E+00	1.6079E+00
3.3870E+03	0.0000E+00	0.0000E+00	1.6077E+00
3.3880E+03	0.0000E+00	0.0000E+00	1.6106E+00
3.3890E+03	0.0000E+00	0.0000E+00	1.6141E+00
3.3900E+03	0.0000E+00	0.0000E+00	1.6144E+00
3.3910E+03	0.0000E+00	0.0000E+00	1.6145E+00
3.3920E+03	0.0000E+00	0.0000E+00	1.6142E+00
3.3930E+03	0.0000E+00	0.0000E+00	1.6155E+00
3.3940E+03	0.0000E+00	0.0000E+00	1.6162E+00
3.3950E+03	0.0000E+00	0.0000E+00	1.6175E+00
3.3960E+03	0.0000E+00	0.0000E+00	1.6180E+00
3.3970E+03	0.0000E+00	0.0000E+00	1.6180E+00
3.3980E+03	0.0000E+00	0.0000E+00	1.6177E+00
3.3990E+03	0.0000E+00	0.0000E+00	1.6162E+00
3.4000E+03	0.0000E+00	0.0000E+00	1.6159E+00
3.4010E+03	0.0000E+00	0.0000E+00	1.6122E+00
3.4020E+03	0.0000E+00	0.0000E+00	1.6106E+00
3.4030E+03	0.0000E+00	0.0000E+00	1.6080E+00
3.4040E+03	0.0000E+00	0.0000E+00	1.6065E+00
3.4050E+03	0.0000E+00	0.0000E+00	1.6055E+00
3.4060E+03	0.0000E+00	0.0000E+00	1.6022E+00
3.4070E+03	0.0000E+00	0.0000E+00	1.6024E+00
3.4080E+03	0.0000E+00	0.0000E+00	1.6044E+00
3.4090E+03	0.0000E+00	0.0000E+00	1.6016E+00
3.4100E+03	0.0000E+00	0.0000E+00	1.6034E+00
3.4110E+03	0.0000E+00	0.0000E+00	1.6033E+00
3.4120E+03	0.0000E+00	0.0000E+00	1.6040E+00
3.4130E+03	0.0000E+00	0.0000E+00	1.6055E+00
3.4140E+03	0.0000E+00	0.0000E+00	1.6066E+00
3.4150E+03	0.0000E+00	0.0000E+00	1.6055E+00
3.4160E+03	0.0000E+00	0.0000E+00	1.6075E+00
3.4170E+03	0.0000E+00	0.0000E+00	1.6099E+00
3.4180E+03	0.0000E+00	0.0000E+00	1.6111E+00
3.4190E+03	0.0000E+00	0.0000E+00	1.6121E+00
3.4200E+03	0.0000E+00	0.0000E+00	1.6120E+00
3.4210E+03	0.0000E+00	0.0000E+00	1.6105E+00
3.4220E+03	0.0000E+00	0.0000E+00	1.6123E+00
3.4230E+03	0.0000E+00	0.0000E+00	1.6136E+00
3.4240E+03	0.0000E+00	0.0000E+00	1.6186E+00
3.4250E+03	0.0000E+00	0.0000E+00	1.6160E+00
3.4260E+03	0.0000E+00	0.0000E+00	1.6148E+00
3.4270E+03	0.0000E+00	0.0000E+00	1.6119E+00
3.4280E+03	0.0000E+00	0.0000E+00	1.6098E+00
3.4290E+03	0.0000E+00	0.0000E+00	1.6075E+00
3.4300E+03	0.0000E+00	0.0000E+00	1.6069E+00
3.4310E+03	0.0000E+00	0.0000E+00	1.6067E+00
3.4320E+03	0.0000E+00	0.0000E+00	1.6072E+00
3.4330E+03	0.0000E+00	0.0000E+00	1.6079E+00
3.4340E+03	0.0000E+00	0.0000E+00	1.6078E+00
3.4350E+03	0.0000E+00	0.0000E+00	1.6078E+00
3.4360E+03	0.0000E+00	0.0000E+00	1.6087E+00
3.4370E+03	0.0000E+00	0.0000E+00	1.6075E+00
3.4380E+03	0.0000E+00	0.0000E+00	1.6070E+00
3.4390E+03	0.0000E+00	0.0000E+00	1.6089E+00
3.4400E+03	0.0000E+00	0.0000E+00	1.6095E+00
3.4410E+03	0.0000E+00	0.0000E+00	1.6110E+00
3.4420E+03	0.0000E+00	0.0000E+00	1.6124E+00
3.4430E+03	0.0000E+00	0.0000E+00	1.6119E+00
3.4440E+03	0.0000E+00	0.0000E+00	1.6124E+00
3.4450E+03	0.0000E+00	0.0000E+00	1.6132E+00
3.4460E+03	0.0000E+00	0.0000E+00	1.6118E+00
3.4470E+03	0.0000E+00	0.0000E+00	1.6117E+00
3.4480E+03	0.0000E+00	0.0000E+00	1.6101E+00
3.4490E+03	0.0000E+00	0.0000E+00	1.6096E+00
3.4500E+03	0.0000E+00	0.0000E+00	1.6078E+00
3.4510E+03	0.0000E+00	0.0000E+00	1.6039E+00
3.4520E+03	0.0000E+00	0.0000E+00	1.6025E+00
3.4530E+03	0.0000E+00	0.0000E+00	1.6002E+00
3.4540E+03	0.0000E+00	0.0000E+00	1.5983E+00
3.4550E+03	0.0000E+00	0.0000E+00	1.5962E+00
3.4560E+03	0.0000E+00	0.0000E+00	1.5957E+00
3.4570E+03	0.0000E+00	0.0000E+00	1.5976E+00
3.4580E+03	0.0000E+00	0.0000E+00	1.5971E+00
3.4590E+03	0.0000E+00	0.0000E+00	1.5971E+00
3.4600E+03	0.0000E+00	0.0000E+00	1.5972E+00
3.4610E+03	0.0000E+00	0.0000E+00	1.5989E+00
3.4620E+03	0.0000E+00	0.0000E+00	1.5984E+00
3.4630E+03	0.0000E+00	0.0000E+00	1.5976E+00
3.4640E+03	0.0000E+00	0.0000E+00	1.5988E+00
3.4650E+03	0.0000E+00	0.0000E+00	1.6025E+00
3.4660E+03	0.0000E+00	0.0000E+00	1.6045E+00
3.4670E+03	0.0000E+00	0.0000E+00	1.6039E+00
3.4680E+03	0.0000E+00	0.0000E+00	1.6056E+00
3.4690E+03	0.0000E+00	0.0000E+00	1.6038E+00
3.4700E+03	0.0000E+00	0.0000E+00	1.6031E+00
3.4710E+03	0.0000E+00	0.0000E+00	1.6037E+00
3.4720E+03	0.0000E+00	0.0000E+00	1.6056E+00
3.4730E+03	0.0000E+00	0.0000E+00	1.6047E+00
3.4740E+03	0.0000E+00	0.0000E+00	1.6052E+00
3.4750E+03	0.0000E+00	0.0000E+00	1.6023E+00
3.4760E+03	0.0000E+00	0.0000E+00	1.6003E+00
3.4770E+03	0.0000E+00	0.0000E+00	1.6007E+00
3.4780E+03	0.0000E+00	0.0000E+00	1.5977E+00
3.4790E+03	0.0000E+00	0.0000E+00	1.5959E+00
3.4800E+03	0.0000E+00	0.0000E+00	1.5952E+00
3.4810E+03	0.0000E+00	0.0000E+00	1.5943E+00
3.4820E+03	0.0000E+00	0.0000E+00	1.5945E+00
3.4830E+03	0.0000E+00	0.0000E+00	1.5968E+00
3.4840E+03	0.0000E+00	0.0000E+00	1.5968E+00
3.4850E+03	0.0000E+00	0.0000E+00	1.5983E+00
3.4860E+03	0.0000E+00	0.0000E+00	1.5974E+00
3.4870E+03	0.0000E+00	0.0000E+00	1.5963E+00
3.4880E+03	0.0000E+00	0.0000E+00	1.5993E+00
3.4890E+03	0.0000E+00	0.0000E+00	1.6002E+00
3.4900E+03	0.0000E+00	0.0000E+00	1.6028E+00
3.4910E+03	0.0000E+00	0.0000E+00	1.6024E+00
3.4920E+03	0.0000E+00	0.0000E+00	1.6030E+00
3.4930E+03	0.0000E+00	0.0000E+00	1.6017E+00
3.4940E+03	0.0000E+00	0.0000E+00	1.6035E+00
3.4950E+03	0.0000E+00	0.0000E+00	1.6025E+00
3.4960E+03	0.0000E+00	0.0000E+00	1.6017E+00
3.4970E+03	0.0000E+00	0.0000E+00	1.6009E+00
3.4980E+03	0.0000E+00	0.0000E+00	1.6009E+00
3.4990E+03	0.0000E+00	0.0000E+00	1.5997E+00
3.5000E+03	0.0000E+00	0.0000E+00	1.5943E+00
3.5010E+03	0.0000E+00	0.0000E+00	1.5956E+00
3.5020E+03	0.0000E+00	0.0000E+00	1.5953E+00
3.5030E+03	0.0000E+00	0.0000E+00	1.5944E+00
3.5040E+03	0.0000E+00	0.0000E+00	1.5955E+00
3.5050E+03	0.0000E+00	0.0000E+00	1.5944E+00
3.5060E+03	0.0000E+00	0.0000E+00	1.5933E+00
3.5070E+03	0.0000E+00	0.0000E+00	1.5922E+00
3.5080E+03	0.0000E+00	0.0000E+00	1.5928E+00
3.5090E+03	0.0000E+00	0.0000E+00	1.5907E+00
3.5100E+03	0.0000E+00	0.0000E+00	1.5914E+00
3.5110E+03	0.0000E+00	0.0000E+00	1.5921E+00
3.5120E+03	0.0000E+00	0.0000E+00	1.5931E+00
3.5130E+03	0.0000E+00	0.0000E+00	1.5948E+00
3.5140E+03	0.0000E+00	0.0000E+00	1.5959E+00
3.5150E+03	0.0000E+00	0.0000E+00	1.5989E+00
3.5160E+03	0.0000E+00	0.0000E+00	1.5987E+00
3.5170E+03	0.0000E+00	0.0000E+00	1.5982E+00
3.5180E+03	0.0000E+00	0.0000E+00	1.5975E+00
3.5190E+03	0.0000E+00	0.0000E+00	1.5993E+00
3.5200E+03	0.0000E+00	0.0000E+00	1.5976E+00
3.5210E+03	0.0000E+00	0.0000E+00	1.5997E+00
3.5220E+03	0.0000E+00	0.0000E+00	1.5983E+00
3.5230E+03	0.0000E+00	0.0000E+00	1.5977E+00
3.5240E+03	0.0000E+00	0.0000E+00	1.5936E+00
3.5250E+03	0.0000E+00	0.0000E+00	1.5893E+00
3.5260E+03	0.0000E+00	0.0000E+00	1.5892E+00
3.5270E+03	0.0000E+00	0.0000E+00	1.5883E+00
3.5280E+03	0.0000E+00	0.0000E+00	1.5873E+00
3.5290E+03	0.0000E+00	0.0000E+00	1.5870E+00
3.5300E+03	0.0000E+00	0.0000E+00	1.5863E+00
3.5310E+03	0.0000E+00	0.0000E+00	1.5844E+00
3.5320E+03	0.0000E+00	0.0000E+00	1.5854E+00
3.5330E+03	0.0000E+00	0.0000E+00	1.5853E+00
3.5340E+03	0.0000E+00	0.0000E+00	1.5850E+00
3.5350E+03	0.0000E+00	0.0000E+00	1.5840E+00
3.5360E+03	0.0000E+00	0.0000E+00	1.5845E+00
3.5370E+03	0.0000E+00	0.0000E+00	1.5898E+00
3.5380E+03	0.0000E+00	0.0000E+00	1.5927E+00
3.5390E+03	0.0000E+00	0.0000E+00	1.5934E+00
3.5400E+03	0.0000E+00	0.0000E+00	1.5940E+00
3.5410E+03	0.0000E+00	0.0000E+00	1.5943E+00
3.5420E+03	0.0000E+00	0.0000E+00	1.5936E+00
3.5430E+03	0.0000E+00	0.0000E+00	1.5930E+00
3.5440E+03	0.0000E+00	0.0000E+00	1.5963E+00
3.5450E+03	0.0000E+00	0.0000E+00	1.5972E+00
3.5460E+03	0.0000E+00	0.0000E+00	1.5935E+00
3.5470E+03	0.0000E+00	0.0000E+00	1.5910E+00
3.5480E+03	0.0000E+00	0.0000E+00	1.5861E+00
3.5490E+03	0.0000E+00	0.0000E+00	1.5859E+00
3.5500E+03	0.0000E+00	0.0000E+00	1.5839E+00
3.5510E+03	0.0000E+00	0.0000E+00	1.5822E+00
3.5520E+03	0.0000E+00	0.0000E+00	1.5810E+00
3.5530E+03	0.0000E+00	0.0000E+00	1.5814E+00
3.5540E+03	0.0000E+00	0.0000E+00	1.5805E+00
3.5550E+03	0.0000E+00	0.0000E+00	1.5789E+00
3.5560E+03	0.0000E+00	0.0000E+00	1.5776E+00
3.5570E+03	0.0000E+00	0.0000E+00	1.5793E+00
3.5580E+03	0.0000E+00	0.0000E+00	1.5808E+00
3.5590E+03	0.0000E+00	0.0000E+00	1.5796E+00
3.5600E+03	0.0000E+00	0.0000E+00	1.5814E+00
3.5610E+03	0.0000E+00	0.0000E+00	1.5849E+00
3.5620E+03	0.0000E+00	0.0000E+00	1.5889E+00
3.5630E+03	0.0000E+00	0.0000E+00	1.5885E+00
3.5640E+03	0.0000E+00	0.0000E+00	1.5878E+00
3.5650E+03	0.0000E+00	0.0000E+00	1.5873E+00
3.5660E+03	0.0000E+00	0.0000E+00	1.5885E+00
3.5670E+03	0.0000E+00	0.0000E+00	1.5894E+00
3.5680E+03	0.0000E+00	0.0000E+00	1.5892E+00
3.5690E+03	0.0000E+00	0.0000E+00	1.5904E+00
3.5700E+03	0.0000E+00	0.0000E+00	1.5917E+00
3.5710E+03	0.0000E+00	0.0000E+00	1.5893E+00
3.5720E+03	0.0000E+00	0.0000E+00	1.5881E+00
3.5730E+03	0.0000E+00	0.0000E+00	1.5845E+00
3.5740E+03	0.0000E+00	0.0000E+00	1.5821E+00
3.5750E+03	0.0000E+00	0.0000E+00	1.5795E+00
3.5760E+03	0.0000E+00	0.0000E+00	1.5793E+00
3.5770E+03	0.0000E+00	0.0000E+00	1.5801E+00
3.5780E+03	0.0000E+00	0.0000E+00	1.5811E+00
3.5790E+03	0.0000E+00	0.0000E+00	1.5804E+00
3.5800E+03	0.0000E+00	0.0000E+00	1.5808E+00
3.5810E+03	0.0000E+00	0.0000E+00	1.5803E+00
3.5820E+03	0.0000E+00	0.0000E+00	1.5804E+00
3.5830E+03	0.0000E+00	0.0000E+00	1.5826E+00
3.5840E+03	0.0000E+00	0.0000E+00	1.5813E+00
3.5850E+03	0.0000E+00	0.0000E+00	1.5841E+00
3.5860E+03	0.0000E+00	0.0000E+00	1.5865E+00
3.5870E+03	0.0000E+00	0.0000E+00	1.5855E+00
3.5880E+03	0.0000E+00	0.0000E+00	1.5870E+00
3.5890E+03	0.0000E+00	0.0000E+00	1.5872E+00
3.5900E+03	0.0000E+00	0.0000E+00	1.5882E+00
3.5910E+03	0.0000E+00	0.0000E+00	1.5901E+00
3.5920E+03	0.0000E+00	0.0000E+00	1.5895E+00
3.5930E+03	0.0000E+00	0.0000E+00	1.5905E+00
3.5940E+03	0.0000E+00	0.0000E+00	1.5882E+00
3.5950E+03	0.0000E+00	0.0000E+00	1.5856E+00
3.5960E+03	0.0000E+00	0.0000E+00	1.5828E+00
3.5970E+03	0.0000E+00	0.0000E+00	1.5810E+00
3.5980E+03	0.0000E+00	0.0000E+00	1.5800E+00
3.5990E+03	0.0000E+00	0.0000E+00	1.5815E+00
3.6000E+03	0.0000E+00	0.0000E+00	1.5814E+00
3.6010E+03	0.0000E+00	0.0000E+00	1.5830E+00
3.6020E+03	0.0000E+00	0.0000E+00	1.5822E+00
3.6030E+03	0.0000E+00	0.0000E+00	1.5824E+00
3.6040E+03	0.0000E+00	0.0000E+00	1.5822E+00
3.6050E+03	0.0000E+00	0.0000E+00	1.5823E+00
3.6060E+03	0.0000E+00	0.0000E+00	1.5817E+00
3.6070E+03	0.0000E+00	0.0000E+00	1.5831E+00
3.6080E+03	0.0000E+00	0.0000E+00	1.5847E+00
3.6090E+03	0.0000E+00	0.0000E+00	1.5841E+00
3.6100E+03	0.0000E+00	0.0000E+00	1.5834E+00
3.6110E+03	0.0000E+00	0.0000E+00	1.5848E+00
3.6120E+03	0.0000E+00	0.0000E+00	1.5850E+00
3.6130E+03	0.0000E+00	0.0000E+00	1.5865E+00
3.6140E+03	0.0000E+00	0.0000E+00	1.5862E+00
3.6150E+03	0.0000E+00	0.0000E+00	1.5846E+00
3.6160E+03	0.0000E+00	0.0000E+00	1.5848E+00
3.6170E+03	0.0000E+00	0.0000E+00	1.5875E+00
3.6180E+03	0.0000E+00	0.0000E+00	1.5883E+00
3.6190E+03	0.0000E+00	0.0000E+00	1.5869E+00
3.6200E+03	0.0000E+00	0.0000E+00	1.5842E+00
3.6210E+03	0.0000E+00	0.0000E+00	1.5821E+00
3.6220E+03	0.0000E+00	0.0000E+00	1.5815E+00
3.6230E+03	0.0000E+00	0.0000E+00	1.5788E+00
3.6240E+03	0.0000E+00	0.0000E+00	1.5780E+00
3.6250E+03	0.0000E+00	0.0000E+00	1.5773E+00
3.6260E+03	0.0000E+00	0.0000E+00	1.5770E+00
3.6270E+03	0.0000E+00	0.0000E+00	1.5772E+00
3.6280E+03	0.0000E+00	0.0000E+00	1.5777E+00
3.6290E+03	0.0000E+00	0.0000E+00	1.5769E+00
3.6300E+03	0.0000E+00	0.0000E+00	1.5768E+00
3.6310E+03	0.0000E+00	0.0000E+00	1.5792E+00
3.6320E+03	0.0000E+00	0.0000E+00	1.5802E+00
3.6330E+03	0.0000E+00	0.0000E+00	1.5796E+00
3.6340E+03	0.0000E+00	0.0000E+00	1.5821E+00
3.6350E+03	0.0000E+00	0.0000E+00	1.5854E+00
3.6360E+03	0.0000E+00	0.0000E+00	1.5892E+00
3.6370E+03	0.0000E+00	0.0000E+00	1.5889E+00
3.6380E+03	0.0000E+00	0.0000E+00	1.5903E+00
3.6390E+03	0.0000E+00	0.0000E+00	1.5914E+00
3.6400E+03	0.0000E+00	0.0000E+00	1.5911E+00
3.6410E+03	0.0000E+00	0.0000E+00	1.5932E+00
3.6420E+03	0.0000E+00	0.0000E+00	1.5924E+00
3.6430E+03	0.0000E+00	0.0000E+00	1.5923E+00
3.6440E+03	0.0000E+00	0.0000E+00	1.5918E+00
3.6450E+03	0.0000E+00	0.0000E+00	1.5943E+00
3.6460E+03	0.0000E+00	0.0000E+00	1.5972E+00
3.6470E+03	0.0000E+00	0.0000E+00	1.5969E+00
3.6480E+03	0.0000E+00	0.0000E+00	1.5958E+00
3.6490E+03	0.0000E+00	0.0000E+00	1.5939E+00
3.6500E+03	0.0000E+00	0.0000E+00	1.5945E+00
3.6510E+03	0.0000E+00	0.0000E+00	1.5942E+00
3.6520E+03	0.0000E+00	0.0000E+00	1.5933E+00
3.6530E+03	0.0000E+00	0.0000E+00	1.5908E+00
3.6540E+03	0.0000E+00	0.0000E+00	1.5926E+00
3.6550E+03	0.0000E+00	0.0000E+00	1.5920E+00
3.6560E+03	0.0000E+00	0.0000E+00	1.5919E+00
3.6570E+03	0.0000E+00	0.0000E+00	1.5904E+00
3.6580E+03	0.0000E+00	0.0000E+00	1.5920E+00
3.6590E+03	0.0000E+00	0.0000E+00	1.5927E+00
3.6600E+03	0.0000E+00	0.0000E+00	1.5902E+00
3.6610E+03	0.0000E+00	0.0000E+00	1.5902E+00
3.6620E+03	0.0000E+00	0.0000E+00	1.5895E+00
3.6630E+03	0.0000E+00	0.0000E+00	1.5906E+00
3.6640E+03	0.0000E+00	0.0000E+00	1.5893E+00
3.6650E+03	0.0000E+00	0.0000E+00	1.5895E+00
3.6660E+03	0.0000E+00	0.0000E+00	1.5875E+00
3.6670E+03	0.0000E+00	0.0000E+00	1.5848E+00
3.6680E+03	0.0000E+00	0.0000E+00	1.5823E+00
3.6690E+03	0.0000E+00	0.0000E+00	1.5786E+00
3.6700E+03	0.0000E+00	0.0000E+00	1.5783E+00
3.6710E+03	0.0000E+00	0.0000E+00	1.5794E+00
3.6720E+03	0.0000E+00	0.0000E+00	1.5808E+00
3.6730E+03	0.0000E+00	0.0000E+00	1.5811E+00
3.6740E+03	0.0000E+00	0.0000E+00	1.5785E+00
3.6750E+03	0.0000E+00	0.0000E+00	1.5782E+00
3.6760E+03	0.0000E+00	0.0000E+00	1.5778E+00
3.6770E+03	0.0000E+00	0.0000E+00	1.5777E+00
3.6780E+03	0.0000E+00	0.0000E+00	1.5779E+00
3.6790E+03	0.0000E+00	0.0000E+00	1.5777E+00
3.6800E+03	0.0000E+00	0.0000E+00	1.5779E+00
3.6810E+03	0.0000E+00	0.0000E+00	1.5806E+00
3.6820E+03	0.0000E+00	0.0000E+00	1.5815E+00
3.6830E+03	0.0000E+00	0.0000E+00	1.5845E+00
3.6840E+03	0.0000E+00	0.0000E+00	1.5847E+00
3.6850E+03	0.0000E+00	0.0000E+00	1.5854E+00
3.6860E+03	0.0000E+00	0.0000E+00	1.5855E+00
3.6870E+03	0.0000E+00	0.0000E+00	1.5857E+00
3.6880E+03	0.0000E+00	0.0000E+00	1.5844E+00
3.6890E+03	0.0000E+00	0.0000E+00	1.5839E+00
3.6900E+03	0.0000E+00	0.0000E+00	1.5849E+00
3.6910E+03	0.0000E+00	0.0000E+00	1.5834E+00
3.6920E+03	0.0000E+00	0.0000E+00	1.5806E+00
3.6930E+03	0.0000E+00	0.0000E+00	1.5791E+00
3.6940E+03	0.0000E+00	0.0000E+00	1.5774E+00
3.6950E+03	0.0000E+00	0.0000E+00	1.5804E+00
3.6960E+03	0.0000E+00	0.0000E+00	1.5792E+00
3.6970E+03	0.0000E+00	0.0000E+00	1.5779E+00
3.6980E+03	0.0000E+00	0.0000E+00	1.5773E+00
3.6990E+03	0.0000E+00	0.0000E+00	1.5768E+00
3.7000E+03	0.0000E+00	0.0000E+00	1.5767E+00
3.7010E+03	0.0000E+00	0.0000E+00	1.5769E+00
3.7020E+03	0.0000E+00	0.0000E+00	1.5753E+00
3.7030E+03	0.0000E+00	0.0000E+00	1.5742E+00
3.7040E+03	0.0000E+00	0.0000E+00	1.5755E+00
3.7050E+03	0.0000E+00	0.0000E+00	1.5776E+00
3.7060E+03	0.0000E+00	0.0000E+00	1.5810E+00
3.7070E+03	0.0000E+00	0.0000E+00	1.5817E+00
3.7080E+03	0.0000E+00	0.0000E+00	1.5815E+00
3.7090E+03	0.0000E+00	0.0000E+00	1.5835E+00
3.7100E+03	0.0000E+00	0.0000E+00	1.5823E+00
3.7110E+03	0.0000E+00	0.0000E+00	1.5817E+00
3.7120E+03	0.0000E+00	0.0000E+00	1.5820E+00
3.7130E+03	0.0000E+00	0.0000E+00	1.5814E+00
3.7140E+03	0.0000E+00	0.0000E+00	1.5830E+00
3.7150E+03	0.0000E+00	0.0000E+00	1.5803E+00
3.7160E+03	0.0000E+00	0.0000E+00	1.5783E+00
3.7170E+03	0.0000E+00	0.0000E+00	1.5750E+00
3.7180E+03	0.0000E+00	0.0000E+00	1.5726E+00
3.7190E+03	0.0000E+00	0.0000E+00	1.5719E+00
3.7200E+03	0.0000E+00	0.0000E+00	1.5697E+00
3.7210E+03	0.0000E+00	0.0000E+00	1.5708E+00
3.7220E+03	0.0000E+00	0.0000E+00	1.5724E+00
3.7230E+03	0.0000E+00	0.0000E+00	1.5713E+00
3.7240E+03	0.0000E+00	0.0000E+00	1.5703E+00
3.7250E+03	0.0000E+00	0.0000E+00	1.5696E+00
3.7260E+03	0.0000E+00	0.0000E+00	1.5691E+00
3.7270E+03	0.0000E+00	0.0000E+00	1.5675E+00
3.7280E+03	0.0000E+00	0.0000E+00	1.5687E+00
3.7290E+03	0.0000E+00	0.0000E+00	1.5727E+00
3.7300E+03	0.0000E+00	0.0000E+00	1.5732E+00
3.7310E+03	0.0000E+00	0.0000E+00	1.5752E+00
3.7320E+03	0.0000E+00	0.0000E+00	1.5760E+00
3.7330E+03	0.0000E+00	0.0000E+00	1.5778E+00
3.7340E+03	0.0000E+00	0.0000E+00	1.5769E+00
3.7350E+03	0.0000E+00	0.0000E+00	1.5775E+00
3.7360E+03	0.0000E+00	0.0000E+00	1.5772E+00
3.7370E+03	0.0000E+00	0.0000E+00	1.5787E+00
3.7380E+03	0.0000E+00	0.0000E+00	1.5773E+00
3.7390E+03	0.0000E+00	0.0000E+00	1.5759E+00
3.7400E+03	0.0000E+00	0.0000E+00	1.5746E+00
3.7410E+03	0.0000E+00	0.0000E+00	1.5710E+00
3.7420E+03	0.0000E+00	0.0000E+00	1.5676E+00
3.7430E+03	0.0000E+00	0.0000E+00	1.5675E+00
3.7440E+03	0.0000E+00	0.0000E+00	1.5640E+00
3.7450E+03	0.0000E+00	0.0000E+00	1.5655E+00
3.7460E+03	0.0000E+00	0.0000E+00	1.5663E+00
3.7470E+03	0.0000E+00	0.0000E+00	1.5641E+00
3.7480E+03	0.0000E+00	0.0000E+00	1.5643E+00
3.7490E+03	0.0000E+00	0.0000E+00	1.5620E+00
3.7500E+03	0.0000E+00	0.0000E+00	1.5616E+00
3.7510E+03	0.0000E+00	0.0000E+00	1.5610E+00
3.7520E+03	0.0000E+00	0.0000E+00	1.5648E+00
3.7530E+03	0.0000E+00	0.0000E+00	1.5676E+00
3.7540E+03	0.0000E+00	0.0000E+00	1.5717E+00
3.7550E+03	0.0000E+00	0.0000E+00	1.5730E+00
3.7560E+03	0.0000E+00	0.0000E+00	1.5726E+00
3.7570E+03	0.0000E+00	0.0000E+00	1.5729E+00
3.7580E+03	0.0000E+00	0.0000E+00	1.5716E+00
3.7590E+03	0.0000E+00	0.0000E+00	1.5715E+00
3.7600E+03	0.0000E+00	0.0000E+00	1.5737E+00
3.7610E+03	0.0000E+00	0.0000E+00	1.5736E+00
3.7620E+03	0.0000E+00	0.0000E+00	1.5733E+00
3.7630E+03	0.0000E+00	0.0000E+00	1.5706E+00
3.7640E+03	0.0000E+00	0.0000E+00	1.5685E+00
3.7650E+03	0.0000E+00	0.0000E+00	1.5651E+00
3.7660E+03	0.0000E+00	0.0000E+00	1.5638E+00
3.7670E+03	0.0000E+00	0.0000E+00	1.5651E+00
3.7680E+03	0.0000E+00	0.0000E+00	1.5664E+00
3.7690E+03	0.0000E+00	0.0000E+00	1.5655E+00
3.7700E+03	0.0000E+00	0.0000E+00	1.5657E+00
3.7710E+03	0.0000E+00	0.0000E+00	1.5650E+00
3.7720E+03	0.0000E+00	0.0000E+00	1.5629E+00
3.7730E+03	0.0000E+00	0.0000E+00	1.5638E+00
3.7740E+03	0.0000E+00	0.0000E+00	1.5627E+00
3.7750E+03	0.0000E+00	0.0000E+00	1.5631E+00
3.7760E+03	0.0000E+00	0.0000E+00	1.5640E+00
3.7770E+03	0.0000E+00	0.0000E+00	1.5667E+00
3.7780E+03	0.0000E+00	0.0000E+00	1.5700E+00
3.7790E+03	0.0000E+00	0.0000E+00	1.5702E+00
3.7800E+03	0.0000E+00	0.0000E+00	1.5728E+00
3.7810E+03	0.0000E+00	0.0000E+00	1.5732E+00
3.7820E+03	0.0000E+00	0.0000E+00	1.5737E+00
3.7830E+03	0.0000E+00	0.0000E+00	1.5751E+00
3.7840E+03	0.0000E+00	0.0000E+00	1.5734E+00
3.7850E+03	0.0000E+00	0.0000E+00	1.5734E+00
3.7860E+03	0.0000E+00	0.0000E+00	1.5724E+00
3.7870E+03	0.0000E+00	0.0000E+00	1.5696E+00
3.7880E+03	0.0000E+00	0.0000E+00	1.5676E+00
3.7890E+03	0.0000E+00	0.0000E+00	1.5659E+00
3.7900E+03	0.0000E+00	0.0000E+00	1.5658E+00
3.7910E+03	0.0000E+00	0.0000E+00	1.5674E+00
3.7920E+03	0.0000E+00	0.0000E+00	1.5663E+00
3.7930E+03	0.0000E+00	0.0000E+00	1.5645E+00
3.7940E+03	0.0000E+00	0.0000E+00	1.5634E+00
3.7950E+03	0.0000E+00	0.0000E+00	1.5650E+00
3.7960E+03	0.0000E+00	0.0000E+00	1.5635E+00
3.7970E+03	0.0000E+00	0.0000E+00	1.5625E+00
3.7980E+03	0.0000E+00	0.0000E+00	1.5631E+00
3.7990E+03	0.0000E+00	0.0000E+00	1.5625E+00
3.8000E+03	0.0000E+00	0.0000E+00	1.5624E+00
3.8010E+03	0.0000E+00	0.0000E+00	1.5657E+00
3.8020E+03	0.0000E+00	0.0000E+00	1.5688E+00
3.8030E+03	0.0000E+00	0.0000E+00	1.5694E+00
3.8040E+03	0.0000E+00	0.0000E+00	1.5695E+00
3.8050E+03	0.0000E+00	0.0000E+00	1.5696E+00
3.8060E+03	0.0000E+00	0.0000E+00	1.5710E+00
3.8070E+03	0.0000E+00	0.0000E+00	1.5730E+00
3.8080E+03	0.0000E+00	0.0000E+00	1.5737E+00
3.8090E+03	0.0000E+00	0.0000E+00	1.5720E+00
3.8100E+03	0.0000E+00	0.0000E+00	1.5703E+00
3.8110E+03	0.0000E+00	0.0000E+00	1.5695E+00
3.8120E+03	0.0000E+00	0.0000E+00	1.5654E+00
3.8130E+03	0.0000E+00	0.0000E+00	1.5613E+00
3.8140E+03	0.0000E+00	0.0000E+00	1.5627E+00
3.8150E+03	0.0000E+00	0.0000E+00	1.5602E+00
3.8160E+03	0.0000E+00	0.0000E+00	1.5608E+00
3.8170E+03	0.0000E+00	0.0000E+00	1.5616E+00
3.8180E+03	0.0000E+00	0.0000E+00	1.5610E+00
3.8190E+03	0.0000E+00	0.0000E+00	1.5594E+00
3.8200E+03	0.0000E+00	0.0000E+00	1.5587E+00
3.8210E+03	0.0000E+00	0.0000E+00	1.5578E+00
3.8220E+03	0.0000E+00	0.0000E+00	1.5588E+00
3.8230E+03	0.0000E+00	0.0000E+00	1.5590E+00
3.8240E+03	0.0000E+00	0.0000E+00	1.5581E+00
3.8250E+03	0.0000E+00	0.0000E+00	1.5646E+00
3.8260E+03	0.0000E+00	0.0000E+00	1.5653E+00
3.8270E+03	0.0000E+00	0.0000E+00	1.5653E+00
3.8280E+03	0.0000E+00	0.0000E+00	1.5688E+00
3.8290E+03	0.0000E+00	0.0000E+00	1.5680E+00
3.8300E+03	0.0000E+00	0.0000E+00	1.5693E+00
3.8310E+03	0.0000E+00	0.0000E+00	1.5687E+00
3.8320E+03	0.0000E+00	0.0000E+00	1.5720E+00
3.8330E+03	0.0000E+00	0.0000E+00	1.5703E+00
3.8340E+03	0.0000E+00	0.0000E+00	1.5695E+00
3.8350E+03	0.0000E+00	0.0000E+00	1.5682E+00
3.8360E+03	0.0000E+00	0.0000E+00	1.5667E+00
3.8370E+03	0.0000E+00	0.0000E+00	1.5634E+00
3.8380E+03	0.0000E+00	0.0000E+00	1.5643E+00
3.8390E+03	0.0000E+00	0.0000E+00	1.5650E+00
3.8400E+03	0.0000E+00	0.0000E+00	1.5649E+00
3.8410E+03	0.0000E+00	0.0000E+00	1.5627E+00
3.8420E+03	0.0000E+00	0.0000E+00	1.5620E+00
3.8430E+03	0.0000E+00	0.0000E+00	1.5603E+00
3.8440E+03	0.0000E+00	0.0000E+00	1.5605E+00
3.8450E+03	0.0000E+00	0.0000E+00	1.5592E+00
3.8460E+03	0.0000E+00	0.0000E+00	1.5604E+00
3.8470E+03	0.0000E+00	0.0000E+00	1.5597E+00
3.8480E+03	0.0000E+00	0.0000E+00	1.5596E+00
3.8490E+03	0.0000E+00	0.0000E+00	1.5640E+00
3.8500E+03	0.0000E+00	0.0000E+00	1.5638E+00
3.8510E+03	0.0000E+00	0.0000E+00	1.5662E+00
3.8520E+03	0.0000E+00	0.0000E+00	1.5674E+00
3.8530E+03	0.0000E+00	0.0000E+00	1.5680E+00
3.8540E+03	0.0000E+00	0.0000E+00	1.5684E+00
3.8550E+03	0.0000E+00	0.0000E+00	1.5684E+00
3.8560E+03	0.0000E+00	0.0000E+00	1.5686E+00
3.8570E+03	0.0000E+00	0.0000E+00	1.5687E+00
3.8580E+03	0.0000E+00	0.0000E+00	1.5691E+00
3.8590E+03	0.0000E+00	0.0000E+00	1.5677E+00
3.8600E+03	0.0000E+00	0.0000E+00	1.5639E+00
3.8610E+03	0.0000E+00	0.0000E+00	1.5612E+00
3.8620E+03	0.0000E+00	0.0000E+00	1.5597E+00
3.8630E+03	0.0000E+00	0.0000E+00	1.5622E+00
3.8640E+03	0.0000E+00	0.0000E+00	1.5636E+00
3.8650E+03	0.0000E+00	0.0000E+00	1.5629E+00
3.8660E+03	0.0000E+00	0.0000E+00	1.5621E+00
3.8670E+03	0.0000E+00	0.0000E+00	1.5605E+00
3.8680E+03	0.0000E+00	0.0000E+00	1.5600E+00
3.8690E+03	0.0000E+00	0.0000E+00	1.5607E+00
3.8700E+03	0.0000E+00	0.0000E+00	1.5598E+00
3.8710E+03	0.0000E+00	0.0000E+00	1.5596E+00
3.8720E+03	0.0000E+00	0.0000E+00	1.5596E+00
3.8730E+03	0.0000E+00	0.0000E+00	1.5615E+00
3.8740E+03	0.0000E+00	0.0000E+00	1.5639E+00
3.8750E+03	0.0000E+00	0.0000E+00	1.5661E+00
3.8760E+03	0.0000E+00	0.0000E+00	1.5669E+00
3.8770E+03	0.0000E+00	0.0000E+00	1.5697E+00
3.8780E+03	0.0000E+00	0.0000E+00	1.5688E+00
3.8790E+03	0.0000E+00	0.0000E+00	1.5692E+00
3.8800E+03	0.0000E+00	0.0000E+00	1.5694E+00
3.8810E+03	0.0000E+00	0.0000E+00	1.5700E+00
3.8820E+03	0.0000E+00	0.0000E+00	1.5684E+00
3.8830E+03	0.0000E+00	0.0000E+00	1.5667E+00
3.8840E+03	0.0000E+00	0.0000E+00	1.5646E+00
3.8850E+03	0.0000E+00	0.0000E+00	1.5638E+00
3.8860E+03	0.0000E+00	0.0000E+00	1.5628E+00
3.8870E+03	0.0000E+00	0.0000E+00	1.5654E+00
3.8880E+03	0.0000E+00	0.0000E+00	1.5657E+00
3.8890E+03	0.0000E+00	0.0000E+00	1.5657E+00
3.8900E+03	0.0000E+00	0.0000E+00	1.5638E+00
3.8910E+03	0.0000E+00	0.0000E+00	1.5630E+00
3.8920E+03	0.0000E+00	0.0000E+00	1.5624E+00
3.8930E+03	0.0000E+00	0.0000E+00	1.5613E+00
3.8940E+03	0.0000E+00	0.0000E+00	1.5610E+00
3.8950E+03	0.0000E+00	0.0000E+00	1.5613E+00
3.8960E+03	0.0000E+00	0.0000E+00	1.5626E+00
3.8970E+03	0.0000E+00	0.0000E+00	1.5649E+00
3.8980E+03	0.0000E+00	0.0000E+00	1.5668E+00
3.8990E+03	0.0000E+00	0.0000E+00	1.5676E+00
3.9000E+03	0.0000E+00	0.0000E+00	1.5689E+00
3.9010E+03	0.0000E+00	0.0000E+00	1.5700E+00
3.9020E+03	0.0000E+00	0.0000E+00	1.5692E+00
3.9030E+03	0.0000E+00	0.0000E+00	1.5682E+00
3.9040E+03	0.0000E+00	0.0000E+00	1.5686E+00
3.9050E+03	0.0000E+00	0.0000E+00	1.5674E+00
3.9060E+03	0.0000E+00	0.0000E+00	1.5688E+00
3.9070E+03	0.0000E+00	0.0000E+00	1.5678E+00
3.9080E+03	0.0000E+00	0.0000E+00	1.5679E+00
3.9090E+03	0.0000E+00	0.0000E+00	1.5650E+00
3.9100E+03	0.0000E+00	0.0000E+00	1.5625E+00
3.9110E+03	0.0000E+00	0.0000E+00	1.5620E+00
3.9120E+03	0.0000E+00	0.0000E+00	1.5635E+00
3.9130E+03	0.0000E+00	0.0000E+00	1.5642E+00
3.9140E+03	0.0000E+00	0.0000E+00	1.5628E+00
3.9150E+03	0.0000E+00	0.0000E+00	1.5587E+00
3.9160E+03	0.0000E+00	0.0000E+00	1.5608E+00
3.9170E+03	0.0000E+00	0.0000E+00	1.5612E+00
3.9180E+03	0.0000E+00	0.0000E+00	1.5602E+00
3.9190E+03	0.0000E+00	0.0000E+00	1.5594E+00
3.9200E+03	0.0000E+00	0.0000E+00	1.5600E+00
3.9210E+03	0.0000E+00	0.0000E+00	1.5625E+00
3.9220E+03	0.0000E+00	0.0000E+00	1.5627E+00
3.9230E+03	0.0000E+00	0.0000E+00	1.5642E+00
3.9240E+03	0.0000E+00	0.0000E+00	1.5643E+00
3.9250E+03	0.0000E+00	0.0000E+00	1.5653E+00
3.9260E+03	0.0000E+00	0.0000E+00	1.5658E+00
3.9270E+03	0.0000E+00	0.0000E+00	1.5649E+00
3.9280E+03	0.0000E+00	0.0000E+00	1.5666E+00
3.9290E+03	0.0000E+00	0.0000E+00	1.5657E+00
3.9300E+03	0.0000E+00	0.0000E+00	1.5645E+00
3.9310E+03	0.0000E+00	0.0000E+00	1.5659E+00
3.9320E+03	0.0000E+00	0.0000E+00	1.5651E+00
3.9330E+03	0.0000E+00	0.0000E+00	1.5609E+00
3.9340E+03	0.0000E+00	0.0000E+00	1.5605E+00
3.9350E+03	0.0000E+00	0.0000E+00	1.5590E+00
3.9360E+03	0.0000E+00	0.0000E+00	1.5597E+00
3.9370E+03	0.0000E+00	0.0000E+00	1.5574E+00
3.9380E+03	0.0000E+00	0.0000E+00	1.5558E+00
3.9390E+03	0.0000E+00	0.0000E+00	1.5572E+00
3.9400E+03	0.0000E+00	0.0000E+00	1.5590E+00
3.9410E+03	0.0000E+00	0.0000E+00	1.5560E+00
3.9420E+03	0.0000E+00	0.0000E+00	1.5551E+00
3.9430E+03	0.0000E+00	0.0000E+00	1.5548E+00
3.9440E+03	0.0000E+00	0.0000E+00	1.5551E+00
3.9450E+03	0.0000E+00	0.0000E+00	1.5597E+00
3.9460E+03	0.0000E+00	0.0000E+00	1.5589E+00
3.9470E+03	0.0000E+00	0.0000E+00	1.5608E+00
3.9480E+03	0.0000E+00	0.0000E+00	1.5629E+00
3.9490E+03	0.0000E+00	0.0000E+00	1.5611E+00
3.9500E+03	0.0000E+00	0.0000E+00	1.5619E+00
3.9510E+03	0.0000E+00	0.0000E+00	1.5633E+00
3.9520E+03	0.0000E+00	0.0000E+00	1.5627E+00
3.9530E+03	0.0000E+00	0.0000E+00	1.5630E+00
3.9540E+03	0.0000E+00	0.0000E+00	1.5623E+00
3.9550E+03	0.0000E+00	0.0000E+00	1.5608E+00
3.9560E+03	0.0000E+00	0.0000E+00	1.5582E+00
3.9570E+03	0.0000E+00	0.0000E+00	1.5574E+00
3.9580E+03	0.0000E+00	0.0000E+00	1.5564E+00
3.9590E+03	0.0000E+00	0.0000E+00	1.5566E+00
3.9600E+03	0.0000E+00	0.0000E+00	1.5548E+00
3.9610E+03	0.0000E+00	0.0000E+00	1.5553E+00
3.9620E+03	0.0000E+00	0.0000E+00	1.5558E+00
3.9630E+03	0.0000E+00	0.0000E+00	1.5551E+00
3.9640E+03	0.0000E+00	0.0000E+00	1.5533E+00
3.9650E+03	0.0000E+00	0.0000E+00	1.5532E+00
3.9660E+03	0.0000E+00	0.0000E+00	1.5523E+00
3.9670E+03	0.0000E+00	0.0000E+00	1.5526E+00
3.9680E+03	0.0000E+00	0.0000E+00	1.5537E+00
3.9690E+03	0.0000E+00	0.0000E+00	1.5578E+00
3.9700E+03	0.0000E+00	0.0000E+00	1.5586E+00
3.9710E+03	0.0000E+00	0.0000E+00	1.5595E+00
3.9720E+03	0.0000E+00	0.0000E+00	1.5622E+00
3.9730E+03	0.0000E+00	0.0000E+00	1.5622E+00
3.9740E+03	0.0000E+00	0.0000E+00	1.5616E+00
3.9750E+03	0.0000E+00	0.0000E+00	1.5617E+00
3.9760E+03	0.0000E+00	0.0000E+00	1.5633E+00
3.9770E+03	0.0000E+00	0.0000E+00	1.5639E+00
3.9780E+03	0.0000E+00	0.0000E+00	1.5613E+00
3.9790E+03	0.0000E+00	0.0000E+00	1.5605E+00
3.9800E+03	0.0000E+00	0.0000E+00	1.5574E+00
3.9810E+03	0.0000E+00	0.0000E+00	1.5550E+00
3.9820E+03	0.0000E+00	0.0000E+00	1.5549E+00
3.9830E+03	0.0000E+00	0.0000E+00	1.5535E+00
3.9840E+03	0.0000E+00	0.0000E+00	1.5521E+00
3.9850E+03	0.0000E+00	0.0000E+00	1.5507E+00
3.9860E+03	0.0000E+00	0.0000E+00	1.5520E+00
3.9870E+03	0.0000E+00	0.0000E+00	1.5513E+00
3.9880E+03	0.0000E+00	0.0000E+00	1.5525E+00
3.9890E+03	0.0000E+00	0.0000E+00	1.5547E+00
3.9900E+03	0.0000E+00	0.0000E+00	1.5545E+00
3.9910E+03	0.0000E+00	0.0000E+00	1.5539E+00
3.9920E+03	0.0000E+00	0.0000E+00	1.5529E+00
3.9930E+03	0.0000E+00	0.0000E+00	1.5545E+00
3.9940E+03	0.0000E+00	0.0000E+00	1.5531E+00
